chiplets,cores_per_chiplet,total_cores,scope,name,mapping_count,candidate_mapping_count,availability,baseline1_Bpc,baseline2_Bpc,rotation_only_Bpc,rotation_reflection_Bpc,B2_normalized_B1,B2_normalized_B2,B2_normalized_rotation,B2_normalized_reflection,rotation_reduction_vs_B2_pct,reflection_reduction_vs_B2_pct,rotation_source,reflection_source
16,4,64,group,RNN,2,10,complete,32768,24576,19456,17920,1.3333333333333333,1.0,0.7916666666666666,0.7291666666666666,20.833333333333336,27.083333333333336,/home/yj3616/workspace/phd-research/research-notes/max-resource-sweep-20260928/bandwidth-allow01-audit-20261005/cases/c16-core4/RNN/rotation/design.json,/home/yj3616/workspace/phd-research/research-notes/max-resource-sweep-20260928/bandwidth-allow01-audit-20261005/cases/c16-core4/RNN/reflection/design.json
4,1,4,all,ALL17,17,20,complete,4096,2048,2048,2048,2.0,1.0,1.0,1.0,0.0,0.0,/home/yj3616/workspace/phd-research/research-notes/max-resource-sweep-20260928/bandwidth-allow01-audit-20261005/cases/c4-core1/ALL17/rotation/design.json,/home/yj3616/workspace/phd-research/research-notes/max-resource-sweep-20260928/bandwidth-allow01-audit-20261005/cases/c4-core1/ALL17/reflection/design.json
4,1,4,group,CNN,10,10,complete,4096,2048,2048,2048,2.0,1.0,1.0,1.0,0.0,0.0,/home/yj3616/workspace/phd-research/research-notes/max-resource-sweep-20260928/bandwidth-allow01-audit-20261005/cases/c4-core1/CNN/rotation/design.json,/home/yj3616/workspace/phd-research/research-notes/max-resource-sweep-20260928/bandwidth-allow01-audit-20261005/cases/c4-core1/CNN/reflection/design.json
4,1,4,group,RNN,2,2,complete,4096,2048,2048,2048,2.0,1.0,1.0,1.0,0.0,0.0,/home/yj3616/workspace/phd-research/research-notes/max-resource-sweep-20260928/bandwidth-allow01-audit-20261005/cases/c4-core1/RNN/rotation/design.json,/home/yj3616/workspace/phd-research/research-notes/max-resource-sweep-20260928/bandwidth-allow01-audit-20261005/cases/c4-core1/RNN/reflection/design.json
4,1,4,group,Transformer,5,8,complete,4096,2048,2048,2048,2.0,1.0,1.0,1.0,0.0,0.0,/home/yj3616/workspace/phd-research/research-notes/max-resource-sweep-20260928/bandwidth-allow01-audit-20261005/cases/c4-core1/Transformer/rotation/design.json,/home/yj3616/workspace/phd-research/research-notes/max-resource-sweep-20260928/bandwidth-allow01-audit-20261005/cases/c4-core1/Transformer/reflection/design.json
4,1,4,workload,bert_block,1,1,complete,2048,1024,1024,1024,2.0,1.0,1.0,1.0,0.0,0.0,/home/yj3616/workspace/phd-research/research-notes/max-resource-sweep-20260928/bandwidth-allow01-audit-20261005/cases/c4-core1/bert_block/rotation/design.json,/home/yj3616/workspace/phd-research/research-notes/max-resource-sweep-20260928/bandwidth-allow01-audit-20261005/cases/c4-core1/bert_block/reflection/design.json
4,1,4,workload,darknet19,1,1,complete,2048,1024,1024,1024,2.0,1.0,1.0,1.0,0.0,0.0,/home/yj3616/workspace/phd-research/research-notes/max-resource-sweep-20260928/bandwidth-allow01-audit-20261005/cases/c4-core1/darknet19/rotation/design.json,/home/yj3616/workspace/phd-research/research-notes/max-resource-sweep-20260928/bandwidth-allow01-audit-20261005/cases/c4-core1/darknet19/reflection/design.json
4,1,4,workload,densenet,1,1,complete,2048,1024,1024,1024,2.0,1.0,1.0,1.0,0.0,0.0,/home/yj3616/workspace/phd-research/research-notes/max-resource-sweep-20260928/bandwidth-allow01-audit-20261005/cases/c4-core1/densenet/rotation/design.json,/home/yj3616/workspace/phd-research/research-notes/max-resource-sweep-20260928/bandwidth-allow01-audit-20261005/cases/c4-core1/densenet/reflection/design.json
4,1,4,workload,gnmt,1,1,complete,4096,2048,2048,2048,2.0,1.0,1.0,1.0,0.0,0.0,/home/yj3616/workspace/phd-research/research-notes/max-resource-sweep-20260928/bandwidth-allow01-audit-20261005/cases/c4-core1/gnmt/rotation/design.json,/home/yj3616/workspace/phd-research/research-notes/max-resource-sweep-20260928/bandwidth-allow01-audit-20261005/cases/c4-core1/gnmt/reflection/design.json
4,1,4,workload,googlenet,1,1,complete,4096,2048,2048,2048,2.0,1.0,1.0,1.0,0.0,0.0,/home/yj3616/workspace/phd-research/research-notes/max-resource-sweep-20260928/bandwidth-allow01-audit-20261005/cases/c4-core1/googlenet/rotation/design.json,/home/yj3616/workspace/phd-research/research-notes/max-resource-sweep-20260928/bandwidth-allow01-audit-20261005/cases/c4-core1/googlenet/reflection/design.json
4,1,4,workload,gpt_decode_block,1,2,complete,4096,2048,2048,2048,2.0,1.0,1.0,1.0,0.0,0.0,/home/yj3616/workspace/phd-research/research-notes/max-resource-sweep-20260928/bandwidth-allow01-audit-20261005/cases/c4-core1/gpt_decode_block/rotation/design.json,/home/yj3616/workspace/phd-research/research-notes/max-resource-sweep-20260928/bandwidth-allow01-audit-20261005/cases/c4-core1/gpt_decode_block/reflection/design.json
4,1,4,workload,gpt_prefill_block,1,1,complete,2048,1024,1024,1024,2.0,1.0,1.0,1.0,0.0,0.0,/home/yj3616/workspace/phd-research/research-notes/max-resource-sweep-20260928/bandwidth-allow01-audit-20261005/cases/c4-core1/gpt_prefill_block/rotation/design.json,/home/yj3616/workspace/phd-research/research-notes/max-resource-sweep-20260928/bandwidth-allow01-audit-20261005/cases/c4-core1/gpt_prefill_block/reflection/design.json
4,1,4,workload,inception_resnet_v1,1,1,complete,4096,2048,2048,2048,2.0,1.0,1.0,1.0,0.0,0.0,/home/yj3616/workspace/phd-research/research-notes/max-resource-sweep-20260928/bandwidth-allow01-audit-20261005/cases/c4-core1/inception_resnet_v1/rotation/design.json,/home/yj3616/workspace/phd-research/research-notes/max-resource-sweep-20260928/bandwidth-allow01-audit-20261005/cases/c4-core1/inception_resnet_v1/reflection/design.json
4,1,4,workload,lstm,1,1,complete,4096,2048,2048,2048,2.0,1.0,1.0,1.0,0.0,0.0,/home/yj3616/workspace/phd-research/research-notes/max-resource-sweep-20260928/bandwidth-allow01-audit-20261005/cases/c4-core1/lstm/rotation/design.json,/home/yj3616/workspace/phd-research/research-notes/max-resource-sweep-20260928/bandwidth-allow01-audit-20261005/cases/c4-core1/lstm/reflection/design.json
4,1,4,workload,pnasnet,1,1,complete,2048,1024,1024,1024,2.0,1.0,1.0,1.0,0.0,0.0,/home/yj3616/workspace/phd-research/research-notes/max-resource-sweep-20260928/bandwidth-allow01-audit-20261005/cases/c4-core1/pnasnet/rotation/design.json,/home/yj3616/workspace/phd-research/research-notes/max-resource-sweep-20260928/bandwidth-allow01-audit-20261005/cases/c4-core1/pnasnet/reflection/design.json
4,1,4,workload,resnet101,1,1,complete,2048,1024,1024,1024,2.0,1.0,1.0,1.0,0.0,0.0,/home/yj3616/workspace/phd-research/research-notes/max-resource-sweep-20260928/bandwidth-allow01-audit-20261005/cases/c4-core1/resnet101/rotation/design.json,/home/yj3616/workspace/phd-research/research-notes/max-resource-sweep-20260928/bandwidth-allow01-audit-20261005/cases/c4-core1/resnet101/reflection/design.json
4,1,4,workload,resnet152,1,1,complete,2048,1024,1024,1024,2.0,1.0,1.0,1.0,0.0,0.0,/home/yj3616/workspace/phd-research/research-notes/max-resource-sweep-20260928/bandwidth-allow01-audit-20261005/cases/c4-core1/resnet152/rotation/design.json,/home/yj3616/workspace/phd-research/research-notes/max-resource-sweep-20260928/bandwidth-allow01-audit-20261005/cases/c4-core1/resnet152/reflection/design.json
4,1,4,workload,resnet50,1,1,complete,2048,1024,1024,1024,2.0,1.0,1.0,1.0,0.0,0.0,/home/yj3616/workspace/phd-research/research-notes/max-resource-sweep-20260928/bandwidth-allow01-audit-20261005/cases/c4-core1/resnet50/rotation/design.json,/home/yj3616/workspace/phd-research/research-notes/max-resource-sweep-20260928/bandwidth-allow01-audit-20261005/cases/c4-core1/resnet50/reflection/design.json
4,1,4,workload,resnext50,1,1,complete,4096,2048,2048,2048,2.0,1.0,1.0,1.0,0.0,0.0,/home/yj3616/workspace/phd-research/research-notes/max-resource-sweep-20260928/bandwidth-allow01-audit-20261005/cases/c4-core1/resnext50/rotation/design.json,/home/yj3616/workspace/phd-research/research-notes/max-resource-sweep-20260928/bandwidth-allow01-audit-20261005/cases/c4-core1/resnext50/reflection/design.json
4,1,4,workload,transformer,1,3,complete,2048,1024,1024,1024,2.0,1.0,1.0,1.0,0.0,0.0,/home/yj3616/workspace/phd-research/research-notes/max-resource-sweep-20260928/bandwidth-allow01-audit-20261005/cases/c4-core1/transformer/rotation/design.json,/home/yj3616/workspace/phd-research/research-notes/max-resource-sweep-20260928/bandwidth-allow01-audit-20261005/cases/c4-core1/transformer/reflection/design.json
4,1,4,workload,transformer_cell,1,1,complete,2048,1024,1024,1024,2.0,1.0,1.0,1.0,0.0,0.0,/home/yj3616/workspace/phd-research/research-notes/max-resource-sweep-20260928/bandwidth-allow01-audit-20261005/cases/c4-core1/transformer_cell/rotation/design.json,/home/yj3616/workspace/phd-research/research-notes/max-resource-sweep-20260928/bandwidth-allow01-audit-20261005/cases/c4-core1/transformer_cell/reflection/design.json
4,1,4,workload,vgg19,1,1,complete,2048,1024,1024,1024,2.0,1.0,1.0,1.0,0.0,0.0,/home/yj3616/workspace/phd-research/research-notes/max-resource-sweep-20260928/bandwidth-allow01-audit-20261005/cases/c4-core1/vgg19/rotation/design.json,/home/yj3616/workspace/phd-research/research-notes/max-resource-sweep-20260928/bandwidth-allow01-audit-20261005/cases/c4-core1/vgg19/reflection/design.json
4,4,16,all,ALL17,17,39,complete,10240,5120,5120,4608,2.0,1.0,1.0,0.9,0.0,9.999999999999998,/home/yj3616/workspace/phd-research/research-notes/max-resource-sweep-20260928/bandwidth-allow01-audit-20261005/cases/c4-core4/ALL17/rotation/design.json,/home/yj3616/workspace/phd-research/research-notes/max-resource-sweep-20260928/bandwidth-allow01-audit-20261005/cases/c4-core4/ALL17/reflection/design.json
4,4,16,group,CNN,10,17,complete,6144,3072,3072,3072,2.0,1.0,1.0,1.0,0.0,0.0,/home/yj3616/workspace/phd-research/research-notes/max-resource-sweep-20260928/bandwidth-allow01-audit-20261005/cases/c4-core4/CNN/rotation/design.json,/home/yj3616/workspace/phd-research/research-notes/max-resource-sweep-20260928/bandwidth-allow01-audit-20261005/cases/c4-core4/CNN/reflection/design.json
4,4,16,group,RNN,2,10,complete,10240,5120,4096,3584,2.0,1.0,0.8,0.7,19.999999999999996,30.000000000000004,/home/yj3616/workspace/phd-research/research-notes/max-resource-sweep-20260928/bandwidth-allow01-audit-20261005/cases/c4-core4/RNN/rotation/design.json,/home/yj3616/workspace/phd-research/research-notes/max-resource-sweep-20260928/bandwidth-allow01-audit-20261005/cases/c4-core4/RNN/reflection/design.json
4,4,16,group,Transformer,5,12,complete,10240,5120,5120,4608,2.0,1.0,1.0,0.9,0.0,9.999999999999998,/home/yj3616/workspace/phd-research/research-notes/max-resource-sweep-20260928/bandwidth-allow01-audit-20261005/cases/c4-core4/Transformer/rotation/design.json,/home/yj3616/workspace/phd-research/research-notes/max-resource-sweep-20260928/bandwidth-allow01-audit-20261005/cases/c4-core4/Transformer/reflection/design.json
4,4,16,workload,bert_block,1,2,complete,4096,2048,2048,1536,2.0,1.0,1.0,0.75,0.0,25.0,/home/yj3616/workspace/phd-research/research-notes/max-resource-sweep-20260928/bandwidth-allow01-audit-20261005/cases/c4-core4/bert_block/rotation/design.json,/home/yj3616/workspace/phd-research/research-notes/max-resource-sweep-20260928/bandwidth-allow01-audit-20261005/cases/c4-core4/bert_block/reflection/design.json
4,4,16,workload,darknet19,1,3,complete,4096,2048,2048,1536,2.0,1.0,1.0,0.75,0.0,25.0,/home/yj3616/workspace/phd-research/research-notes/max-resource-sweep-20260928/bandwidth-allow01-audit-20261005/cases/c4-core4/darknet19/rotation/design.json,/home/yj3616/workspace/phd-research/research-notes/max-resource-sweep-20260928/bandwidth-allow01-audit-20261005/cases/c4-core4/darknet19/reflection/design.json
4,4,16,workload,densenet,1,2,complete,4096,2048,2048,2048,2.0,1.0,1.0,1.0,0.0,0.0,/home/yj3616/workspace/phd-research/research-notes/max-resource-sweep-20260928/bandwidth-allow01-audit-20261005/cases/c4-core4/densenet/rotation/design.json,/home/yj3616/workspace/phd-research/research-notes/max-resource-sweep-20260928/bandwidth-allow01-audit-20261005/cases/c4-core4/densenet/reflection/design.json
4,4,16,workload,gnmt,1,5,complete,10240,5120,3840,3584,2.0,1.0,0.75,0.7,25.0,30.000000000000004,/home/yj3616/workspace/phd-research/research-notes/max-resource-sweep-20260928/bandwidth-allow01-audit-20261005/cases/c4-core4/gnmt/rotation/design.json,/home/yj3616/workspace/phd-research/research-notes/max-resource-sweep-20260928/bandwidth-allow01-audit-20261005/cases/c4-core4/gnmt/reflection/design.json
4,4,16,workload,googlenet,1,2,complete,6144,3072,3072,3072,2.0,1.0,1.0,1.0,0.0,0.0,/home/yj3616/workspace/phd-research/research-notes/max-resource-sweep-20260928/bandwidth-allow01-audit-20261005/cases/c4-core4/googlenet/rotation/design.json,/home/yj3616/workspace/phd-research/research-notes/max-resource-sweep-20260928/bandwidth-allow01-audit-20261005/cases/c4-core4/googlenet/reflection/design.json
4,4,16,workload,gpt_decode_block,1,5,complete,10240,5120,5120,4608,2.0,1.0,1.0,0.9,0.0,9.999999999999998,/home/yj3616/workspace/phd-research/research-notes/max-resource-sweep-20260928/bandwidth-allow01-audit-20261005/cases/c4-core4/gpt_decode_block/rotation/design.json,/home/yj3616/workspace/phd-research/research-notes/max-resource-sweep-20260928/bandwidth-allow01-audit-20261005/cases/c4-core4/gpt_decode_block/reflection/design.json
4,4,16,workload,gpt_prefill_block,1,1,complete,4096,2048,2048,1536,2.0,1.0,1.0,0.75,0.0,25.0,/home/yj3616/workspace/phd-research/research-notes/max-resource-sweep-20260928/bandwidth-allow01-audit-20261005/cases/c4-core4/gpt_prefill_block/rotation/design.json,/home/yj3616/workspace/phd-research/research-notes/max-resource-sweep-20260928/bandwidth-allow01-audit-20261005/cases/c4-core4/gpt_prefill_block/reflection/design.json
4,4,16,workload,inception_resnet_v1,1,2,complete,6144,3072,3072,3072,2.0,1.0,1.0,1.0,0.0,0.0,/home/yj3616/workspace/phd-research/research-notes/max-resource-sweep-20260928/bandwidth-allow01-audit-20261005/cases/c4-core4/inception_resnet_v1/rotation/design.json,/home/yj3616/workspace/phd-research/research-notes/max-resource-sweep-20260928/bandwidth-allow01-audit-20261005/cases/c4-core4/inception_resnet_v1/reflection/design.json
4,4,16,workload,lstm,1,5,complete,10240,5120,4096,3584,2.0,1.0,0.8,0.7,19.999999999999996,30.000000000000004,/home/yj3616/workspace/phd-research/research-notes/max-resource-sweep-20260928/bandwidth-allow01-audit-20261005/cases/c4-core4/lstm/rotation/design.json,/home/yj3616/workspace/phd-research/research-notes/max-resource-sweep-20260928/bandwidth-allow01-audit-20261005/cases/c4-core4/lstm/reflection/design.json
4,4,16,workload,pnasnet,1,3,complete,4096,2048,2048,2048,2.0,1.0,1.0,1.0,0.0,0.0,/home/yj3616/workspace/phd-research/research-notes/max-resource-sweep-20260928/bandwidth-allow01-audit-20261005/cases/c4-core4/pnasnet/rotation/design.json,/home/yj3616/workspace/phd-research/research-notes/max-resource-sweep-20260928/bandwidth-allow01-audit-20261005/cases/c4-core4/pnasnet/reflection/design.json
4,4,16,workload,resnet101,1,1,complete,4096,2048,2048,2048,2.0,1.0,1.0,1.0,0.0,0.0,/home/yj3616/workspace/phd-research/research-notes/max-resource-sweep-20260928/bandwidth-allow01-audit-20261005/cases/c4-core4/resnet101/rotation/design.json,/home/yj3616/workspace/phd-research/research-notes/max-resource-sweep-20260928/bandwidth-allow01-audit-20261005/cases/c4-core4/resnet101/reflection/design.json
4,4,16,workload,resnet152,1,1,complete,4096,2048,2048,2048,2.0,1.0,1.0,1.0,0.0,0.0,/home/yj3616/workspace/phd-research/research-notes/max-resource-sweep-20260928/bandwidth-allow01-audit-20261005/cases/c4-core4/resnet152/rotation/design.json,/home/yj3616/workspace/phd-research/research-notes/max-resource-sweep-20260928/bandwidth-allow01-audit-20261005/cases/c4-core4/resnet152/reflection/design.json
4,4,16,workload,resnet50,1,1,complete,6144,3072,3072,2560,2.0,1.0,1.0,0.8333333333333334,0.0,16.666666666666664,/home/yj3616/workspace/phd-research/research-notes/max-resource-sweep-20260928/bandwidth-allow01-audit-20261005/cases/c4-core4/resnet50/rotation/design.json,/home/yj3616/workspace/phd-research/research-notes/max-resource-sweep-20260928/bandwidth-allow01-audit-20261005/cases/c4-core4/resnet50/reflection/design.json
4,4,16,workload,resnext50,1,1,complete,6144,3072,3072,3072,2.0,1.0,1.0,1.0,0.0,0.0,/home/yj3616/workspace/phd-research/research-notes/max-resource-sweep-20260928/bandwidth-allow01-audit-20261005/cases/c4-core4/resnext50/rotation/design.json,/home/yj3616/workspace/phd-research/research-notes/max-resource-sweep-20260928/bandwidth-allow01-audit-20261005/cases/c4-core4/resnext50/reflection/design.json
4,4,16,workload,transformer,1,1,complete,4096,2048,2048,1536,2.0,1.0,1.0,0.75,0.0,25.0,/home/yj3616/workspace/phd-research/research-notes/max-resource-sweep-20260928/bandwidth-allow01-audit-20261005/cases/c4-core4/transformer/rotation/design.json,/home/yj3616/workspace/phd-research/research-notes/max-resource-sweep-20260928/bandwidth-allow01-audit-20261005/cases/c4-core4/transformer/reflection/design.json
4,4,16,workload,transformer_cell,1,3,complete,4096,2048,2048,1536,2.0,1.0,1.0,0.75,0.0,25.0,/home/yj3616/workspace/phd-research/research-notes/max-resource-sweep-20260928/bandwidth-allow01-audit-20261005/cases/c4-core4/transformer_cell/rotation/design.json,/home/yj3616/workspace/phd-research/research-notes/max-resource-sweep-20260928/bandwidth-allow01-audit-20261005/cases/c4-core4/transformer_cell/reflection/design.json
4,4,16,workload,vgg19,1,1,complete,4096,2048,2048,1536,2.0,1.0,1.0,0.75,0.0,25.0,/home/yj3616/workspace/phd-research/research-notes/max-resource-sweep-20260928/bandwidth-allow01-audit-20261005/cases/c4-core4/vgg19/rotation/design.json,/home/yj3616/workspace/phd-research/research-notes/max-resource-sweep-20260928/bandwidth-allow01-audit-20261005/cases/c4-core4/vgg19/reflection/design.json
4,16,64,all,ALL17,17,52,complete,16384,8192,8192,7168,2.0,1.0,1.0,0.875,0.0,12.5,/home/yj3616/workspace/phd-research/research-notes/max-resource-sweep-20260928/bandwidth-allow01-audit-20261005/cases/c4-core16/ALL17/rotation/design.json,/home/yj3616/workspace/phd-research/research-notes/max-resource-sweep-20260928/bandwidth-allow01-audit-20261005/cases/c4-core16/ALL17/reflection/design.json
4,16,64,group,CNN,10,26,complete,16384,8192,8192,7168,2.0,1.0,1.0,0.875,0.0,12.5,/home/yj3616/workspace/phd-research/research-notes/max-resource-sweep-20260928/bandwidth-allow01-audit-20261005/cases/c4-core16/CNN/rotation/design.json,/home/yj3616/workspace/phd-research/research-notes/max-resource-sweep-20260928/bandwidth-allow01-audit-20261005/cases/c4-core16/CNN/reflection/design.json
4,16,64,group,RNN,2,10,complete,10240,5120,5120,5120,2.0,1.0,1.0,1.0,0.0,0.0,/home/yj3616/workspace/phd-research/research-notes/max-resource-sweep-20260928/bandwidth-allow01-audit-20261005/cases/c4-core16/RNN/rotation/design.json,/home/yj3616/workspace/phd-research/research-notes/max-resource-sweep-20260928/bandwidth-allow01-audit-20261005/cases/c4-core16/RNN/reflection/design.json
4,16,64,group,Transformer,5,16,complete,12288,6144,6144,5888,2.0,1.0,1.0,0.9583333333333334,0.0,4.1666666666666625,/home/yj3616/workspace/phd-research/research-notes/max-resource-sweep-20260928/bandwidth-allow01-audit-20261005/cases/c4-core16/Transformer/rotation/design.json,/home/yj3616/workspace/phd-research/research-notes/max-resource-sweep-20260928/bandwidth-allow01-audit-20261005/cases/c4-core16/Transformer/reflection/design.json
4,16,64,workload,bert_block,1,2,complete,12288,6144,6144,5120,2.0,1.0,1.0,0.8333333333333334,0.0,16.666666666666664,/home/yj3616/workspace/phd-research/research-notes/max-resource-sweep-20260928/bandwidth-allow01-audit-20261005/cases/c4-core16/bert_block/rotation/design.json,/home/yj3616/workspace/phd-research/research-notes/max-resource-sweep-20260928/bandwidth-allow01-audit-20261005/cases/c4-core16/bert_block/reflection/design.json
4,16,64,workload,darknet19,1,4,complete,10240,5120,5120,4608,2.0,1.0,1.0,0.9,0.0,9.999999999999998,/home/yj3616/workspace/phd-research/research-notes/max-resource-sweep-20260928/bandwidth-allow01-audit-20261005/cases/c4-core16/darknet19/rotation/design.json,/home/yj3616/workspace/phd-research/research-notes/max-resource-sweep-20260928/bandwidth-allow01-audit-20261005/cases/c4-core16/darknet19/reflection/design.json
4,16,64,workload,densenet,1,3,complete,12288,6144,6144,5632,2.0,1.0,1.0,0.9166666666666666,0.0,8.333333333333337,/home/yj3616/workspace/phd-research/research-notes/max-resource-sweep-20260928/bandwidth-allow01-audit-20261005/cases/c4-core16/densenet/rotation/design.json,/home/yj3616/workspace/phd-research/research-notes/max-resource-sweep-20260928/bandwidth-allow01-audit-20261005/cases/c4-core16/densenet/reflection/design.json
4,16,64,workload,gnmt,1,5,complete,10240,5120,5120,5120,2.0,1.0,1.0,1.0,0.0,0.0,/home/yj3616/workspace/phd-research/research-notes/max-resource-sweep-20260928/bandwidth-allow01-audit-20261005/cases/c4-core16/gnmt/rotation/design.json,/home/yj3616/workspace/phd-research/research-notes/max-resource-sweep-20260928/bandwidth-allow01-audit-20261005/cases/c4-core16/gnmt/reflection/design.json
4,16,64,workload,googlenet,1,5,complete,16384,8192,7680,6144,2.0,1.0,0.9375,0.75,6.25,25.0,/home/yj3616/workspace/phd-research/research-notes/max-resource-sweep-20260928/bandwidth-allow01-audit-20261005/cases/c4-core16/googlenet/rotation/design.json,/home/yj3616/workspace/phd-research/research-notes/max-resource-sweep-20260928/bandwidth-allow01-audit-20261005/cases/c4-core16/googlenet/reflection/design.json
4,16,64,workload,gpt_decode_block,1,5,complete,12288,6144,5376,5376,2.0,1.0,0.875,0.875,12.5,12.5,/home/yj3616/workspace/phd-research/research-notes/max-resource-sweep-20260928/bandwidth-allow01-audit-20261005/cases/c4-core16/gpt_decode_block/rotation/design.json,/home/yj3616/workspace/phd-research/research-notes/max-resource-sweep-20260928/bandwidth-allow01-audit-20261005/cases/c4-core16/gpt_decode_block/reflection/design.json
4,16,64,workload,gpt_prefill_block,1,4,complete,10240,5120,5120,4608,2.0,1.0,1.0,0.9,0.0,9.999999999999998,/home/yj3616/workspace/phd-research/research-notes/max-resource-sweep-20260928/bandwidth-allow01-audit-20261005/cases/c4-core16/gpt_prefill_block/rotation/design.json,/home/yj3616/workspace/phd-research/research-notes/max-resource-sweep-20260928/bandwidth-allow01-audit-20261005/cases/c4-core16/gpt_prefill_block/reflection/design.json
4,16,64,workload,inception_resnet_v1,1,2,complete,14336,7168,7168,6656,2.0,1.0,1.0,0.9285714285714286,0.0,7.14285714285714,/home/yj3616/workspace/phd-research/research-notes/max-resource-sweep-20260928/bandwidth-allow01-audit-20261005/cases/c4-core16/inception_resnet_v1/rotation/design.json,/home/yj3616/workspace/phd-research/research-notes/max-resource-sweep-20260928/bandwidth-allow01-audit-20261005/cases/c4-core16/inception_resnet_v1/reflection/design.json
4,16,64,workload,lstm,1,5,complete,10240,5120,5120,5120,2.0,1.0,1.0,1.0,0.0,0.0,/home/yj3616/workspace/phd-research/research-notes/max-resource-sweep-20260928/bandwidth-allow01-audit-20261005/cases/c4-core16/lstm/rotation/design.json,/home/yj3616/workspace/phd-research/research-notes/max-resource-sweep-20260928/bandwidth-allow01-audit-20261005/cases/c4-core16/lstm/reflection/design.json
4,16,64,workload,pnasnet,1,3,complete,14336,7168,7168,7168,2.0,1.0,1.0,1.0,0.0,0.0,/home/yj3616/workspace/phd-research/research-notes/max-resource-sweep-20260928/bandwidth-allow01-audit-20261005/cases/c4-core16/pnasnet/rotation/design.json,/home/yj3616/workspace/phd-research/research-notes/max-resource-sweep-20260928/bandwidth-allow01-audit-20261005/cases/c4-core16/pnasnet/reflection/design.json
4,16,64,workload,resnet101,1,2,complete,16384,8192,8192,7168,2.0,1.0,1.0,0.875,0.0,12.5,/home/yj3616/workspace/phd-research/research-notes/max-resource-sweep-20260928/bandwidth-allow01-audit-20261005/cases/c4-core16/resnet101/rotation/design.json,/home/yj3616/workspace/phd-research/research-notes/max-resource-sweep-20260928/bandwidth-allow01-audit-20261005/cases/c4-core16/resnet101/reflection/design.json
4,16,64,workload,resnet152,1,2,complete,14336,7168,7168,6656,2.0,1.0,1.0,0.9285714285714286,0.0,7.14285714285714,/home/yj3616/workspace/phd-research/research-notes/max-resource-sweep-20260928/bandwidth-allow01-audit-20261005/cases/c4-core16/resnet152/rotation/design.json,/home/yj3616/workspace/phd-research/research-notes/max-resource-sweep-20260928/bandwidth-allow01-audit-20261005/cases/c4-core16/resnet152/reflection/design.json
4,16,64,workload,resnet50,1,2,complete,16384,8192,8192,7168,2.0,1.0,1.0,0.875,0.0,12.5,/home/yj3616/workspace/phd-research/research-notes/max-resource-sweep-20260928/bandwidth-allow01-audit-20261005/cases/c4-core16/resnet50/rotation/design.json,/home/yj3616/workspace/phd-research/research-notes/max-resource-sweep-20260928/bandwidth-allow01-audit-20261005/cases/c4-core16/resnet50/reflection/design.json
4,16,64,workload,resnext50,1,2,complete,16384,8192,8192,7168,2.0,1.0,1.0,0.875,0.0,12.5,/home/yj3616/workspace/phd-research/research-notes/max-resource-sweep-20260928/bandwidth-allow01-audit-20261005/cases/c4-core16/resnext50/rotation/design.json,/home/yj3616/workspace/phd-research/research-notes/max-resource-sweep-20260928/bandwidth-allow01-audit-20261005/cases/c4-core16/resnext50/reflection/design.json
4,16,64,workload,transformer,1,3,complete,12288,6144,6144,5120,2.0,1.0,1.0,0.8333333333333334,0.0,16.666666666666664,/home/yj3616/workspace/phd-research/research-notes/max-resource-sweep-20260928/bandwidth-allow01-audit-20261005/cases/c4-core16/transformer/rotation/design.json,/home/yj3616/workspace/phd-research/research-notes/max-resource-sweep-20260928/bandwidth-allow01-audit-20261005/cases/c4-core16/transformer/reflection/design.json
4,16,64,workload,transformer_cell,1,2,complete,12288,6144,6144,5120,2.0,1.0,1.0,0.8333333333333334,0.0,16.666666666666664,/home/yj3616/workspace/phd-research/research-notes/max-resource-sweep-20260928/bandwidth-allow01-audit-20261005/cases/c4-core16/transformer_cell/rotation/design.json,/home/yj3616/workspace/phd-research/research-notes/max-resource-sweep-20260928/bandwidth-allow01-audit-20261005/cases/c4-core16/transformer_cell/reflection/design.json
4,16,64,workload,vgg19,1,1,complete,10240,5120,5120,4608,2.0,1.0,1.0,0.9,0.0,9.999999999999998,/home/yj3616/workspace/phd-research/research-notes/max-resource-sweep-20260928/bandwidth-allow01-audit-20261005/cases/c4-core16/vgg19/rotation/design.json,/home/yj3616/workspace/phd-research/research-notes/max-resource-sweep-20260928/bandwidth-allow01-audit-20261005/cases/c4-core16/vgg19/reflection/design.json
8,1,8,all,ALL17,17,33,complete,16384,10240,8192,7168,1.6,1.0,0.8,0.7,19.999999999999996,30.000000000000004,/home/yj3616/workspace/phd-research/research-notes/max-resource-sweep-20260928/bandwidth-allow01-audit-20261005/cases/c8-core1/ALL17/rotation/design.json,/home/yj3616/workspace/phd-research/research-notes/max-resource-sweep-20260928/bandwidth-allow01-audit-20261005/cases/c8-core1/ALL17/reflection/design.json
8,1,8,group,CNN,10,22,complete,12288,7680,6144,5632,1.6,1.0,0.8,0.7333333333333333,19.999999999999996,26.66666666666667,/home/yj3616/workspace/phd-research/research-notes/max-resource-sweep-20260928/bandwidth-allow01-audit-20261005/cases/c8-core1/CNN/rotation/design.json,/home/yj3616/workspace/phd-research/research-notes/max-resource-sweep-20260928/bandwidth-allow01-audit-20261005/cases/c8-core1/CNN/reflection/design.json
8,1,8,group,RNN,2,5,complete,16384,10240,8192,7168,1.6,1.0,0.8,0.7,19.999999999999996,30.000000000000004,/home/yj3616/workspace/phd-research/research-notes/max-resource-sweep-20260928/bandwidth-allow01-audit-20261005/cases/c8-core1/RNN/rotation/design.json,/home/yj3616/workspace/phd-research/research-notes/max-resource-sweep-20260928/bandwidth-allow01-audit-20261005/cases/c8-core1/RNN/reflection/design.json
8,1,8,group,Transformer,5,6,complete,16384,10240,8192,7168,1.6,1.0,0.8,0.7,19.999999999999996,30.000000000000004,/home/yj3616/workspace/phd-research/research-notes/max-resource-sweep-20260928/bandwidth-allow01-audit-20261005/cases/c8-core1/Transformer/rotation/design.json,/home/yj3616/workspace/phd-research/research-notes/max-resource-sweep-20260928/bandwidth-allow01-audit-20261005/cases/c8-core1/Transformer/reflection/design.json
8,1,8,workload,bert_block,1,1,complete,4096,2560,2560,2560,1.6,1.0,1.0,1.0,0.0,0.0,/home/yj3616/workspace/phd-research/research-notes/max-resource-sweep-20260928/bandwidth-allow01-audit-20261005/cases/c8-core1/bert_block/rotation/design.json,/home/yj3616/workspace/phd-research/research-notes/max-resource-sweep-20260928/bandwidth-allow01-audit-20261005/cases/c8-core1/bert_block/reflection/design.json
8,1,8,workload,darknet19,1,1,complete,4096,2560,2560,2560,1.6,1.0,1.0,1.0,0.0,0.0,/home/yj3616/workspace/phd-research/research-notes/max-resource-sweep-20260928/bandwidth-allow01-audit-20261005/cases/c8-core1/darknet19/rotation/design.json,/home/yj3616/workspace/phd-research/research-notes/max-resource-sweep-20260928/bandwidth-allow01-audit-20261005/cases/c8-core1/darknet19/reflection/design.json
8,1,8,workload,densenet,1,3,complete,8192,5120,4608,4096,1.6,1.0,0.9,0.8,9.999999999999998,19.999999999999996,/home/yj3616/workspace/phd-research/research-notes/max-resource-sweep-20260928/bandwidth-allow01-audit-20261005/cases/c8-core1/densenet/rotation/design.json,/home/yj3616/workspace/phd-research/research-notes/max-resource-sweep-20260928/bandwidth-allow01-audit-20261005/cases/c8-core1/densenet/reflection/design.json
8,1,8,workload,gnmt,1,2,complete,16384,10240,8192,7168,1.6,1.0,0.8,0.7,19.999999999999996,30.000000000000004,/home/yj3616/workspace/phd-research/research-notes/max-resource-sweep-20260928/bandwidth-allow01-audit-20261005/cases/c8-core1/gnmt/rotation/design.json,/home/yj3616/workspace/phd-research/research-notes/max-resource-sweep-20260928/bandwidth-allow01-audit-20261005/cases/c8-core1/gnmt/reflection/design.json
8,1,8,workload,googlenet,1,2,complete,12288,7680,6144,5632,1.6,1.0,0.8,0.7333333333333333,19.999999999999996,26.66666666666667,/home/yj3616/workspace/phd-research/research-notes/max-resource-sweep-20260928/bandwidth-allow01-audit-20261005/cases/c8-core1/googlenet/rotation/design.json,/home/yj3616/workspace/phd-research/research-notes/max-resource-sweep-20260928/bandwidth-allow01-audit-20261005/cases/c8-core1/googlenet/reflection/design.json
8,1,8,workload,gpt_decode_block,1,1,complete,16384,10240,8192,7168,1.6,1.0,0.8,0.7,19.999999999999996,30.000000000000004,/home/yj3616/workspace/phd-research/research-notes/max-resource-sweep-20260928/bandwidth-allow01-audit-20261005/cases/c8-core1/gpt_decode_block/rotation/design.json,/home/yj3616/workspace/phd-research/research-notes/max-resource-sweep-20260928/bandwidth-allow01-audit-20261005/cases/c8-core1/gpt_decode_block/reflection/design.json
8,1,8,workload,gpt_prefill_block,1,1,complete,4096,2560,2560,2560,1.6,1.0,1.0,1.0,0.0,0.0,/home/yj3616/workspace/phd-research/research-notes/max-resource-sweep-20260928/bandwidth-allow01-audit-20261005/cases/c8-core1/gpt_prefill_block/rotation/design.json,/home/yj3616/workspace/phd-research/research-notes/max-resource-sweep-20260928/bandwidth-allow01-audit-20261005/cases/c8-core1/gpt_prefill_block/reflection/design.json
8,1,8,workload,inception_resnet_v1,1,2,complete,12288,7680,6144,5632,1.6,1.0,0.8,0.7333333333333333,19.999999999999996,26.66666666666667,/home/yj3616/workspace/phd-research/research-notes/max-resource-sweep-20260928/bandwidth-allow01-audit-20261005/cases/c8-core1/inception_resnet_v1/rotation/design.json,/home/yj3616/workspace/phd-research/research-notes/max-resource-sweep-20260928/bandwidth-allow01-audit-20261005/cases/c8-core1/inception_resnet_v1/reflection/design.json
8,1,8,workload,lstm,1,3,complete,16384,10240,8192,7168,1.6,1.0,0.8,0.7,19.999999999999996,30.000000000000004,/home/yj3616/workspace/phd-research/research-notes/max-resource-sweep-20260928/bandwidth-allow01-audit-20261005/cases/c8-core1/lstm/rotation/design.json,/home/yj3616/workspace/phd-research/research-notes/max-resource-sweep-20260928/bandwidth-allow01-audit-20261005/cases/c8-core1/lstm/reflection/design.json
8,1,8,workload,pnasnet,1,4,complete,4096,2560,2560,2560,1.6,1.0,1.0,1.0,0.0,0.0,/home/yj3616/workspace/phd-research/research-notes/max-resource-sweep-20260928/bandwidth-allow01-audit-20261005/cases/c8-core1/pnasnet/rotation/design.json,/home/yj3616/workspace/phd-research/research-notes/max-resource-sweep-20260928/bandwidth-allow01-audit-20261005/cases/c8-core1/pnasnet/reflection/design.json
8,1,8,workload,resnet101,1,2,complete,8192,5120,4608,4096,1.6,1.0,0.9,0.8,9.999999999999998,19.999999999999996,/home/yj3616/workspace/phd-research/research-notes/max-resource-sweep-20260928/bandwidth-allow01-audit-20261005/cases/c8-core1/resnet101/rotation/design.json,/home/yj3616/workspace/phd-research/research-notes/max-resource-sweep-20260928/bandwidth-allow01-audit-20261005/cases/c8-core1/resnet101/reflection/design.json
8,1,8,workload,resnet152,1,2,complete,8192,5120,3584,3072,1.6,1.0,0.7,0.6,30.000000000000004,40.0,/home/yj3616/workspace/phd-research/research-notes/max-resource-sweep-20260928/bandwidth-allow01-audit-20261005/cases/c8-core1/resnet152/rotation/design.json,/home/yj3616/workspace/phd-research/research-notes/max-resource-sweep-20260928/bandwidth-allow01-audit-20261005/cases/c8-core1/resnet152/reflection/design.json
8,1,8,workload,resnet50,1,3,complete,8192,5120,4608,4096,1.6,1.0,0.9,0.8,9.999999999999998,19.999999999999996,/home/yj3616/workspace/phd-research/research-notes/max-resource-sweep-20260928/bandwidth-allow01-audit-20261005/cases/c8-core1/resnet50/rotation/design.json,/home/yj3616/workspace/phd-research/research-notes/max-resource-sweep-20260928/bandwidth-allow01-audit-20261005/cases/c8-core1/resnet50/reflection/design.json
8,1,8,workload,resnext50,1,2,complete,12288,7680,6144,5632,1.6,1.0,0.8,0.7333333333333333,19.999999999999996,26.66666666666667,/home/yj3616/workspace/phd-research/research-notes/max-resource-sweep-20260928/bandwidth-allow01-audit-20261005/cases/c8-core1/resnext50/rotation/design.json,/home/yj3616/workspace/phd-research/research-notes/max-resource-sweep-20260928/bandwidth-allow01-audit-20261005/cases/c8-core1/resnext50/reflection/design.json
8,1,8,workload,transformer,1,1,complete,4096,2560,2560,2560,1.6,1.0,1.0,1.0,0.0,0.0,/home/yj3616/workspace/phd-research/research-notes/max-resource-sweep-20260928/bandwidth-allow01-audit-20261005/cases/c8-core1/transformer/rotation/design.json,/home/yj3616/workspace/phd-research/research-notes/max-resource-sweep-20260928/bandwidth-allow01-audit-20261005/cases/c8-core1/transformer/reflection/design.json
8,1,8,workload,transformer_cell,1,2,complete,4096,2560,2560,2560,1.6,1.0,1.0,1.0,0.0,0.0,/home/yj3616/workspace/phd-research/research-notes/max-resource-sweep-20260928/bandwidth-allow01-audit-20261005/cases/c8-core1/transformer_cell/rotation/design.json,/home/yj3616/workspace/phd-research/research-notes/max-resource-sweep-20260928/bandwidth-allow01-audit-20261005/cases/c8-core1/transformer_cell/reflection/design.json
8,1,8,workload,vgg19,1,1,complete,4096,2560,2560,2560,1.6,1.0,1.0,1.0,0.0,0.0,/home/yj3616/workspace/phd-research/research-notes/max-resource-sweep-20260928/bandwidth-allow01-audit-20261005/cases/c8-core1/vgg19/rotation/design.json,/home/yj3616/workspace/phd-research/research-notes/max-resource-sweep-20260928/bandwidth-allow01-audit-20261005/cases/c8-core1/vgg19/reflection/design.json
8,4,32,all,ALL17,17,47,complete,20480,12800,10752,9728,1.6,1.0,0.84,0.76,16.000000000000004,24.0,/home/yj3616/workspace/phd-research/research-notes/max-resource-sweep-20260928/bandwidth-allow01-audit-20261005/cases/c8-core4/ALL17/rotation/design.json,/home/yj3616/workspace/phd-research/research-notes/max-resource-sweep-20260928/bandwidth-allow01-audit-20261005/cases/c8-core4/ALL17/reflection/design.json
8,4,32,group,CNN,10,31,complete,16384,10240,8192,7168,1.6,1.0,0.8,0.7,19.999999999999996,30.000000000000004,/home/yj3616/workspace/phd-research/research-notes/max-resource-sweep-20260928/bandwidth-allow01-audit-20261005/cases/c8-core4/CNN/rotation/design.json,/home/yj3616/workspace/phd-research/research-notes/max-resource-sweep-20260928/bandwidth-allow01-audit-20261005/cases/c8-core4/CNN/reflection/design.json
8,4,32,group,RNN,2,4,complete,20480,12800,10752,9728,1.6,1.0,0.84,0.76,16.000000000000004,24.0,/home/yj3616/workspace/phd-research/research-notes/max-resource-sweep-20260928/bandwidth-allow01-audit-20261005/cases/c8-core4/RNN/rotation/design.json,/home/yj3616/workspace/phd-research/research-notes/max-resource-sweep-20260928/bandwidth-allow01-audit-20261005/cases/c8-core4/RNN/reflection/design.json
8,4,32,group,Transformer,5,12,complete,16384,10240,8704,8448,1.6,1.0,0.85,0.825,15.000000000000002,17.500000000000004,/home/yj3616/workspace/phd-research/research-notes/max-resource-sweep-20260928/bandwidth-allow01-audit-20261005/cases/c8-core4/Transformer/rotation/design.json,/home/yj3616/workspace/phd-research/research-notes/max-resource-sweep-20260928/bandwidth-allow01-audit-20261005/cases/c8-core4/Transformer/reflection/design.json
8,4,32,workload,bert_block,1,1,complete,8192,5120,5120,5120,1.6,1.0,1.0,1.0,0.0,0.0,/home/yj3616/workspace/phd-research/research-notes/max-resource-sweep-20260928/bandwidth-allow01-audit-20261005/cases/c8-core4/bert_block/rotation/design.json,/home/yj3616/workspace/phd-research/research-notes/max-resource-sweep-20260928/bandwidth-allow01-audit-20261005/cases/c8-core4/bert_block/reflection/design.json
8,4,32,workload,darknet19,1,4,complete,8192,5120,5120,5120,1.6,1.0,1.0,1.0,0.0,0.0,/home/yj3616/workspace/phd-research/research-notes/max-resource-sweep-20260928/bandwidth-allow01-audit-20261005/cases/c8-core4/darknet19/rotation/design.json,/home/yj3616/workspace/phd-research/research-notes/max-resource-sweep-20260928/bandwidth-allow01-audit-20261005/cases/c8-core4/darknet19/reflection/design.json
8,4,32,workload,densenet,1,3,complete,16384,10240,8192,7168,1.6,1.0,0.8,0.7,19.999999999999996,30.000000000000004,/home/yj3616/workspace/phd-research/research-notes/max-resource-sweep-20260928/bandwidth-allow01-audit-20261005/cases/c8-core4/densenet/rotation/design.json,/home/yj3616/workspace/phd-research/research-notes/max-resource-sweep-20260928/bandwidth-allow01-audit-20261005/cases/c8-core4/densenet/reflection/design.json
8,4,32,workload,gnmt,1,2,complete,20480,12800,10752,9728,1.6,1.0,0.84,0.76,16.000000000000004,24.0,/home/yj3616/workspace/phd-research/research-notes/max-resource-sweep-20260928/bandwidth-allow01-audit-20261005/cases/c8-core4/gnmt/rotation/design.json,/home/yj3616/workspace/phd-research/research-notes/max-resource-sweep-20260928/bandwidth-allow01-audit-20261005/cases/c8-core4/gnmt/reflection/design.json
8,4,32,workload,googlenet,1,2,complete,16384,10240,8192,7168,1.6,1.0,0.8,0.7,19.999999999999996,30.000000000000004,/home/yj3616/workspace/phd-research/research-notes/max-resource-sweep-20260928/bandwidth-allow01-audit-20261005/cases/c8-core4/googlenet/rotation/design.json,/home/yj3616/workspace/phd-research/research-notes/max-resource-sweep-20260928/bandwidth-allow01-audit-20261005/cases/c8-core4/googlenet/reflection/design.json
8,4,32,workload,gpt_decode_block,1,5,complete,16384,10240,8704,8448,1.6,1.0,0.85,0.825,15.000000000000002,17.500000000000004,/home/yj3616/workspace/phd-research/research-notes/max-resource-sweep-20260928/bandwidth-allow01-audit-20261005/cases/c8-core4/gpt_decode_block/rotation/design.json,/home/yj3616/workspace/phd-research/research-notes/max-resource-sweep-20260928/bandwidth-allow01-audit-20261005/cases/c8-core4/gpt_decode_block/reflection/design.json
8,4,32,workload,gpt_prefill_block,1,2,complete,8192,5120,5120,5120,1.6,1.0,1.0,1.0,0.0,0.0,/home/yj3616/workspace/phd-research/research-notes/max-resource-sweep-20260928/bandwidth-allow01-audit-20261005/cases/c8-core4/gpt_prefill_block/rotation/design.json,/home/yj3616/workspace/phd-research/research-notes/max-resource-sweep-20260928/bandwidth-allow01-audit-20261005/cases/c8-core4/gpt_prefill_block/reflection/design.json
8,4,32,workload,inception_resnet_v1,1,2,complete,16384,10240,8192,7168,1.6,1.0,0.8,0.7,19.999999999999996,30.000000000000004,/home/yj3616/workspace/phd-research/research-notes/max-resource-sweep-20260928/bandwidth-allow01-audit-20261005/cases/c8-core4/inception_resnet_v1/rotation/design.json,/home/yj3616/workspace/phd-research/research-notes/max-resource-sweep-20260928/bandwidth-allow01-audit-20261005/cases/c8-core4/inception_resnet_v1/reflection/design.json
8,4,32,workload,lstm,1,2,complete,20480,12800,10752,9728,1.6,1.0,0.84,0.76,16.000000000000004,24.0,/home/yj3616/workspace/phd-research/research-notes/max-resource-sweep-20260928/bandwidth-allow01-audit-20261005/cases/c8-core4/lstm/rotation/design.json,/home/yj3616/workspace/phd-research/research-notes/max-resource-sweep-20260928/bandwidth-allow01-audit-20261005/cases/c8-core4/lstm/reflection/design.json
8,4,32,workload,pnasnet,1,5,complete,12288,7680,6656,6144,1.6,1.0,0.8666666666666667,0.8,13.33333333333333,19.999999999999996,/home/yj3616/workspace/phd-research/research-notes/max-resource-sweep-20260928/bandwidth-allow01-audit-20261005/cases/c8-core4/pnasnet/rotation/design.json,/home/yj3616/workspace/phd-research/research-notes/max-resource-sweep-20260928/bandwidth-allow01-audit-20261005/cases/c8-core4/pnasnet/reflection/design.json
8,4,32,workload,resnet101,1,4,complete,16384,10240,8192,7168,1.6,1.0,0.8,0.7,19.999999999999996,30.000000000000004,/home/yj3616/workspace/phd-research/research-notes/max-resource-sweep-20260928/bandwidth-allow01-audit-20261005/cases/c8-core4/resnet101/rotation/design.json,/home/yj3616/workspace/phd-research/research-notes/max-resource-sweep-20260928/bandwidth-allow01-audit-20261005/cases/c8-core4/resnet101/reflection/design.json
8,4,32,workload,resnet152,1,2,complete,16384,10240,7680,6656,1.6,1.0,0.75,0.65,25.0,35.0,/home/yj3616/workspace/phd-research/research-notes/max-resource-sweep-20260928/bandwidth-allow01-audit-20261005/cases/c8-core4/resnet152/rotation/design.json,/home/yj3616/workspace/phd-research/research-notes/max-resource-sweep-20260928/bandwidth-allow01-audit-20261005/cases/c8-core4/resnet152/reflection/design.json
8,4,32,workload,resnet50,1,4,complete,16384,10240,8192,7168,1.6,1.0,0.8,0.7,19.999999999999996,30.000000000000004,/home/yj3616/workspace/phd-research/research-notes/max-resource-sweep-20260928/bandwidth-allow01-audit-20261005/cases/c8-core4/resnet50/rotation/design.json,/home/yj3616/workspace/phd-research/research-notes/max-resource-sweep-20260928/bandwidth-allow01-audit-20261005/cases/c8-core4/resnet50/reflection/design.json
8,4,32,workload,resnext50,1,4,complete,16384,10240,8192,7168,1.6,1.0,0.8,0.7,19.999999999999996,30.000000000000004,/home/yj3616/workspace/phd-research/research-notes/max-resource-sweep-20260928/bandwidth-allow01-audit-20261005/cases/c8-core4/resnext50/rotation/design.json,/home/yj3616/workspace/phd-research/research-notes/max-resource-sweep-20260928/bandwidth-allow01-audit-20261005/cases/c8-core4/resnext50/reflection/design.json
8,4,32,workload,transformer,1,1,complete,8192,5120,5120,5120,1.6,1.0,1.0,1.0,0.0,0.0,/home/yj3616/workspace/phd-research/research-notes/max-resource-sweep-20260928/bandwidth-allow01-audit-20261005/cases/c8-core4/transformer/rotation/design.json,/home/yj3616/workspace/phd-research/research-notes/max-resource-sweep-20260928/bandwidth-allow01-audit-20261005/cases/c8-core4/transformer/reflection/design.json
8,4,32,workload,transformer_cell,1,3,complete,8192,5120,5120,5120,1.6,1.0,1.0,1.0,0.0,0.0,/home/yj3616/workspace/phd-research/research-notes/max-resource-sweep-20260928/bandwidth-allow01-audit-20261005/cases/c8-core4/transformer_cell/rotation/design.json,/home/yj3616/workspace/phd-research/research-notes/max-resource-sweep-20260928/bandwidth-allow01-audit-20261005/cases/c8-core4/transformer_cell/reflection/design.json
8,4,32,workload,vgg19,1,1,complete,8192,5120,5120,5120,1.6,1.0,1.0,1.0,0.0,0.0,/home/yj3616/workspace/phd-research/research-notes/max-resource-sweep-20260928/bandwidth-allow01-audit-20261005/cases/c8-core4/vgg19/rotation/design.json,/home/yj3616/workspace/phd-research/research-notes/max-resource-sweep-20260928/bandwidth-allow01-audit-20261005/cases/c8-core4/vgg19/reflection/design.json
8,16,128,all,ALL17,17,61,complete,32768,20480,17408,15360,1.6,1.0,0.85,0.75,15.000000000000002,25.0,/home/yj3616/workspace/phd-research/research-notes/max-resource-sweep-20260928/bandwidth-allow01-audit-20261005/cases/c8-core16/ALL17/rotation/design.json,/home/yj3616/workspace/phd-research/research-notes/max-resource-sweep-20260928/bandwidth-allow01-audit-20261005/cases/c8-core16/ALL17/reflection/design.json
8,16,128,group,CNN,10,27,complete,32768,20480,17408,15360,1.6,1.0,0.85,0.75,15.000000000000002,25.0,/home/yj3616/workspace/phd-research/research-notes/max-resource-sweep-20260928/bandwidth-allow01-audit-20261005/cases/c8-core16/CNN/rotation/design.json,/home/yj3616/workspace/phd-research/research-notes/max-resource-sweep-20260928/bandwidth-allow01-audit-20261005/cases/c8-core16/CNN/reflection/design.json
8,16,128,group,RNN,2,10,complete,16384,10240,8192,7168,1.6,1.0,0.8,0.7,19.999999999999996,30.000000000000004,/home/yj3616/workspace/phd-research/research-notes/max-resource-sweep-20260928/bandwidth-allow01-audit-20261005/cases/c8-core16/RNN/rotation/design.json,/home/yj3616/workspace/phd-research/research-notes/max-resource-sweep-20260928/bandwidth-allow01-audit-20261005/cases/c8-core16/RNN/reflection/design.json
8,16,128,group,Transformer,5,24,complete,32768,20480,17408,15360,1.6,1.0,0.85,0.75,15.000000000000002,25.0,/home/yj3616/workspace/phd-research/research-notes/max-resource-sweep-20260928/bandwidth-allow01-audit-20261005/cases/c8-core16/Transformer/rotation/design.json,/home/yj3616/workspace/phd-research/research-notes/max-resource-sweep-20260928/bandwidth-allow01-audit-20261005/cases/c8-core16/Transformer/reflection/design.json
8,16,128,workload,bert_block,1,5,complete,24576,15360,12800,11264,1.6,1.0,0.8333333333333334,0.7333333333333333,16.666666666666664,26.66666666666667,/home/yj3616/workspace/phd-research/research-notes/max-resource-sweep-20260928/bandwidth-allow01-audit-20261005/cases/c8-core16/bert_block/rotation/design.json,/home/yj3616/workspace/phd-research/research-notes/max-resource-sweep-20260928/bandwidth-allow01-audit-20261005/cases/c8-core16/bert_block/reflection/design.json
8,16,128,workload,darknet19,1,4,complete,28672,17920,14912,13440,1.6,1.0,0.8321428571428572,0.75,16.78571428571428,25.0,/home/yj3616/workspace/phd-research/research-notes/max-resource-sweep-20260928/bandwidth-allow01-audit-20261005/cases/c8-core16/darknet19/rotation/design.json,/home/yj3616/workspace/phd-research/research-notes/max-resource-sweep-20260928/bandwidth-allow01-audit-20261005/cases/c8-core16/darknet19/reflection/design.json
8,16,128,workload,densenet,1,3,complete,32768,20480,17152,15360,1.6,1.0,0.8375,0.75,16.249999999999996,25.0,/home/yj3616/workspace/phd-research/research-notes/max-resource-sweep-20260928/bandwidth-allow01-audit-20261005/cases/c8-core16/densenet/rotation/design.json,/home/yj3616/workspace/phd-research/research-notes/max-resource-sweep-20260928/bandwidth-allow01-audit-20261005/cases/c8-core16/densenet/reflection/design.json
8,16,128,workload,gnmt,1,5,complete,16384,10240,8192,7168,1.6,1.0,0.8,0.7,19.999999999999996,30.000000000000004,/home/yj3616/workspace/phd-research/research-notes/max-resource-sweep-20260928/bandwidth-allow01-audit-20261005/cases/c8-core16/gnmt/rotation/design.json,/home/yj3616/workspace/phd-research/research-notes/max-resource-sweep-20260928/bandwidth-allow01-audit-20261005/cases/c8-core16/gnmt/reflection/design.json
8,16,128,workload,googlenet,1,2,complete,32768,20480,17408,15360,1.6,1.0,0.85,0.75,15.000000000000002,25.0,/home/yj3616/workspace/phd-research/research-notes/max-resource-sweep-20260928/bandwidth-allow01-audit-20261005/cases/c8-core16/googlenet/rotation/design.json,/home/yj3616/workspace/phd-research/research-notes/max-resource-sweep-20260928/bandwidth-allow01-audit-20261005/cases/c8-core16/googlenet/reflection/design.json
8,16,128,workload,gpt_decode_block,1,5,complete,32768,20480,16320,14336,1.6,1.0,0.796875,0.7,20.3125,30.000000000000004,/home/yj3616/workspace/phd-research/research-notes/max-resource-sweep-20260928/bandwidth-allow01-audit-20261005/cases/c8-core16/gpt_decode_block/rotation/design.json,/home/yj3616/workspace/phd-research/research-notes/max-resource-sweep-20260928/bandwidth-allow01-audit-20261005/cases/c8-core16/gpt_decode_block/reflection/design.json
8,16,128,workload,gpt_prefill_block,1,4,complete,32768,20480,14848,12288,1.6,1.0,0.725,0.6,27.500000000000004,40.0,/home/yj3616/workspace/phd-research/research-notes/max-resource-sweep-20260928/bandwidth-allow01-audit-20261005/cases/c8-core16/gpt_prefill_block/rotation/design.json,/home/yj3616/workspace/phd-research/research-notes/max-resource-sweep-20260928/bandwidth-allow01-audit-20261005/cases/c8-core16/gpt_prefill_block/reflection/design.json
8,16,128,workload,inception_resnet_v1,1,3,complete,32768,20480,16896,14848,1.6,1.0,0.825,0.725,17.500000000000004,27.500000000000004,/home/yj3616/workspace/phd-research/research-notes/max-resource-sweep-20260928/bandwidth-allow01-audit-20261005/cases/c8-core16/inception_resnet_v1/rotation/design.json,/home/yj3616/workspace/phd-research/research-notes/max-resource-sweep-20260928/bandwidth-allow01-audit-20261005/cases/c8-core16/inception_resnet_v1/reflection/design.json
8,16,128,workload,lstm,1,5,complete,16384,10240,8192,7168,1.6,1.0,0.8,0.7,19.999999999999996,30.000000000000004,/home/yj3616/workspace/phd-research/research-notes/max-resource-sweep-20260928/bandwidth-allow01-audit-20261005/cases/c8-core16/lstm/rotation/design.json,/home/yj3616/workspace/phd-research/research-notes/max-resource-sweep-20260928/bandwidth-allow01-audit-20261005/cases/c8-core16/lstm/reflection/design.json
8,16,128,workload,pnasnet,1,3,complete,28672,17920,15168,14400,1.6,1.0,0.8464285714285714,0.8035714285714286,15.357142857142858,19.64285714285714,/home/yj3616/workspace/phd-research/research-notes/max-resource-sweep-20260928/bandwidth-allow01-audit-20261005/cases/c8-core16/pnasnet/rotation/design.json,/home/yj3616/workspace/phd-research/research-notes/max-resource-sweep-20260928/bandwidth-allow01-audit-20261005/cases/c8-core16/pnasnet/reflection/design.json
8,16,128,workload,resnet101,1,3,complete,28672,17920,15872,14592,1.6,1.0,0.8857142857142857,0.8142857142857143,11.428571428571432,18.571428571428573,/home/yj3616/workspace/phd-research/research-notes/max-resource-sweep-20260928/bandwidth-allow01-audit-20261005/cases/c8-core16/resnet101/rotation/design.json,/home/yj3616/workspace/phd-research/research-notes/max-resource-sweep-20260928/bandwidth-allow01-audit-20261005/cases/c8-core16/resnet101/reflection/design.json
8,16,128,workload,resnet152,1,2,complete,32768,20480,15872,13312,1.6,1.0,0.775,0.65,22.499999999999996,35.0,/home/yj3616/workspace/phd-research/research-notes/max-resource-sweep-20260928/bandwidth-allow01-audit-20261005/cases/c8-core16/resnet152/rotation/design.json,/home/yj3616/workspace/phd-research/research-notes/max-resource-sweep-20260928/bandwidth-allow01-audit-20261005/cases/c8-core16/resnet152/reflection/design.json
8,16,128,workload,resnet50,1,2,complete,32768,20480,16896,14848,1.6,1.0,0.825,0.725,17.500000000000004,27.500000000000004,/home/yj3616/workspace/phd-research/research-notes/max-resource-sweep-20260928/bandwidth-allow01-audit-20261005/cases/c8-core16/resnet50/rotation/design.json,/home/yj3616/workspace/phd-research/research-notes/max-resource-sweep-20260928/bandwidth-allow01-audit-20261005/cases/c8-core16/resnet50/reflection/design.json
8,16,128,workload,resnext50,1,3,complete,28672,17920,15872,13312,1.6,1.0,0.8857142857142857,0.7428571428571429,11.428571428571432,25.71428571428571,/home/yj3616/workspace/phd-research/research-notes/max-resource-sweep-20260928/bandwidth-allow01-audit-20261005/cases/c8-core16/resnext50/rotation/design.json,/home/yj3616/workspace/phd-research/research-notes/max-resource-sweep-20260928/bandwidth-allow01-audit-20261005/cases/c8-core16/resnext50/reflection/design.json
8,16,128,workload,transformer,1,5,complete,24576,15360,12800,11264,1.6,1.0,0.8333333333333334,0.7333333333333333,16.666666666666664,26.66666666666667,/home/yj3616/workspace/phd-research/research-notes/max-resource-sweep-20260928/bandwidth-allow01-audit-20261005/cases/c8-core16/transformer/rotation/design.json,/home/yj3616/workspace/phd-research/research-notes/max-resource-sweep-20260928/bandwidth-allow01-audit-20261005/cases/c8-core16/transformer/reflection/design.json
8,16,128,workload,transformer_cell,1,5,complete,24576,15360,12800,11264,1.6,1.0,0.8333333333333334,0.7333333333333333,16.666666666666664,26.66666666666667,/home/yj3616/workspace/phd-research/research-notes/max-resource-sweep-20260928/bandwidth-allow01-audit-20261005/cases/c8-core16/transformer_cell/rotation/design.json,/home/yj3616/workspace/phd-research/research-notes/max-resource-sweep-20260928/bandwidth-allow01-audit-20261005/cases/c8-core16/transformer_cell/reflection/design.json
8,16,128,workload,vgg19,1,2,complete,24576,15360,13312,12288,1.6,1.0,0.8666666666666667,0.8,13.33333333333333,19.999999999999996,/home/yj3616/workspace/phd-research/research-notes/max-resource-sweep-20260928/bandwidth-allow01-audit-20261005/cases/c8-core16/vgg19/rotation/design.json,/home/yj3616/workspace/phd-research/research-notes/max-resource-sweep-20260928/bandwidth-allow01-audit-20261005/cases/c8-core16/vgg19/reflection/design.json
16,1,16,all,ALL17,17,85,complete,32768,24576,22016,20480,1.3333333333333333,1.0,0.8958333333333334,0.8333333333333334,10.416666666666663,16.666666666666664,/home/yj3616/workspace/phd-research/research-notes/max-resource-sweep-20260928/bandwidth-allow01-audit-20261005/cases/c16-core1/ALL17/rotation/design.json,/home/yj3616/workspace/phd-research/research-notes/max-resource-sweep-20260928/bandwidth-allow01-audit-20261005/cases/c16-core1/ALL17/reflection/design.json
16,1,16,group,CNN,10,50,complete,24576,18432,14336,13312,1.3333333333333333,1.0,0.7777777777777778,0.7222222222222222,22.22222222222222,27.77777777777778,/home/yj3616/workspace/phd-research/research-notes/max-resource-sweep-20260928/bandwidth-allow01-audit-20261005/cases/c16-core1/CNN/rotation/design.json,/home/yj3616/workspace/phd-research/research-notes/max-resource-sweep-20260928/bandwidth-allow01-audit-20261005/cases/c16-core1/CNN/reflection/design.json
16,1,16,group,RNN,2,10,complete,24576,18432,16384,15872,1.3333333333333333,1.0,0.8888888888888888,0.8611111111111112,11.111111111111116,13.888888888888884,/home/yj3616/workspace/phd-research/research-notes/max-resource-sweep-20260928/bandwidth-allow01-audit-20261005/cases/c16-core1/RNN/rotation/design.json,/home/yj3616/workspace/phd-research/research-notes/max-resource-sweep-20260928/bandwidth-allow01-audit-20261005/cases/c16-core1/RNN/reflection/design.json
16,1,16,group,Transformer,5,25,complete,32768,24576,22016,20480,1.3333333333333333,1.0,0.8958333333333334,0.8333333333333334,10.416666666666663,16.666666666666664,/home/yj3616/workspace/phd-research/research-notes/max-resource-sweep-20260928/bandwidth-allow01-audit-20261005/cases/c16-core1/Transformer/rotation/design.json,/home/yj3616/workspace/phd-research/research-notes/max-resource-sweep-20260928/bandwidth-allow01-audit-20261005/cases/c16-core1/Transformer/reflection/design.json
16,1,16,workload,bert_block,1,5,complete,8192,6144,6144,6144,1.3333333333333333,1.0,1.0,1.0,0.0,0.0,/home/yj3616/workspace/phd-research/research-notes/max-resource-sweep-20260928/bandwidth-allow01-audit-20261005/cases/c16-core1/bert_block/rotation/design.json,/home/yj3616/workspace/phd-research/research-notes/max-resource-sweep-20260928/bandwidth-allow01-audit-20261005/cases/c16-core1/bert_block/reflection/design.json
16,1,16,workload,darknet19,1,5,complete,8192,6144,6144,6144,1.3333333333333333,1.0,1.0,1.0,0.0,0.0,/home/yj3616/workspace/phd-research/research-notes/max-resource-sweep-20260928/bandwidth-allow01-audit-20261005/cases/c16-core1/darknet19/rotation/design.json,/home/yj3616/workspace/phd-research/research-notes/max-resource-sweep-20260928/bandwidth-allow01-audit-20261005/cases/c16-core1/darknet19/reflection/design.json
16,1,16,workload,densenet,1,5,complete,16384,12288,10752,10240,1.3333333333333333,1.0,0.875,0.8333333333333334,12.5,16.666666666666664,/home/yj3616/workspace/phd-research/research-notes/max-resource-sweep-20260928/bandwidth-allow01-audit-20261005/cases/c16-core1/densenet/rotation/design.json,/home/yj3616/workspace/phd-research/research-notes/max-resource-sweep-20260928/bandwidth-allow01-audit-20261005/cases/c16-core1/densenet/reflection/design.json
16,1,16,workload,gnmt,1,5,complete,24576,18432,16384,15872,1.3333333333333333,1.0,0.8888888888888888,0.8611111111111112,11.111111111111116,13.888888888888884,/home/yj3616/workspace/phd-research/research-notes/max-resource-sweep-20260928/bandwidth-allow01-audit-20261005/cases/c16-core1/gnmt/rotation/design.json,/home/yj3616/workspace/phd-research/research-notes/max-resource-sweep-20260928/bandwidth-allow01-audit-20261005/cases/c16-core1/gnmt/reflection/design.json
16,1,16,workload,googlenet,1,5,complete,24576,18432,14336,13312,1.3333333333333333,1.0,0.7777777777777778,0.7222222222222222,22.22222222222222,27.77777777777778,/home/yj3616/workspace/phd-research/research-notes/max-resource-sweep-20260928/bandwidth-allow01-audit-20261005/cases/c16-core1/googlenet/rotation/design.json,/home/yj3616/workspace/phd-research/research-notes/max-resource-sweep-20260928/bandwidth-allow01-audit-20261005/cases/c16-core1/googlenet/reflection/design.json
16,1,16,workload,gpt_decode_block,1,5,complete,32768,24576,22016,20480,1.3333333333333333,1.0,0.8958333333333334,0.8333333333333334,10.416666666666663,16.666666666666664,/home/yj3616/workspace/phd-research/research-notes/max-resource-sweep-20260928/bandwidth-allow01-audit-20261005/cases/c16-core1/gpt_decode_block/rotation/design.json,/home/yj3616/workspace/phd-research/research-notes/max-resource-sweep-20260928/bandwidth-allow01-audit-20261005/cases/c16-core1/gpt_decode_block/reflection/design.json
16,1,16,workload,gpt_prefill_block,1,5,complete,8192,6144,6144,6144,1.3333333333333333,1.0,1.0,1.0,0.0,0.0,/home/yj3616/workspace/phd-research/research-notes/max-resource-sweep-20260928/bandwidth-allow01-audit-20261005/cases/c16-core1/gpt_prefill_block/rotation/design.json,/home/yj3616/workspace/phd-research/research-notes/max-resource-sweep-20260928/bandwidth-allow01-audit-20261005/cases/c16-core1/gpt_prefill_block/reflection/design.json
16,1,16,workload,inception_resnet_v1,1,5,complete,24576,18432,14336,13312,1.3333333333333333,1.0,0.7777777777777778,0.7222222222222222,22.22222222222222,27.77777777777778,/home/yj3616/workspace/phd-research/research-notes/max-resource-sweep-20260928/bandwidth-allow01-audit-20261005/cases/c16-core1/inception_resnet_v1/rotation/design.json,/home/yj3616/workspace/phd-research/research-notes/max-resource-sweep-20260928/bandwidth-allow01-audit-20261005/cases/c16-core1/inception_resnet_v1/reflection/design.json
16,1,16,workload,lstm,1,5,complete,24576,18432,16384,15872,1.3333333333333333,1.0,0.8888888888888888,0.8611111111111112,11.111111111111116,13.888888888888884,/home/yj3616/workspace/phd-research/research-notes/max-resource-sweep-20260928/bandwidth-allow01-audit-20261005/cases/c16-core1/lstm/rotation/design.json,/home/yj3616/workspace/phd-research/research-notes/max-resource-sweep-20260928/bandwidth-allow01-audit-20261005/cases/c16-core1/lstm/reflection/design.json
16,1,16,workload,pnasnet,1,5,complete,8192,6144,6144,6144,1.3333333333333333,1.0,1.0,1.0,0.0,0.0,/home/yj3616/workspace/phd-research/research-notes/max-resource-sweep-20260928/bandwidth-allow01-audit-20261005/cases/c16-core1/pnasnet/rotation/design.json,/home/yj3616/workspace/phd-research/research-notes/max-resource-sweep-20260928/bandwidth-allow01-audit-20261005/cases/c16-core1/pnasnet/reflection/design.json
16,1,16,workload,resnet101,1,5,complete,16384,12288,10752,10240,1.3333333333333333,1.0,0.875,0.8333333333333334,12.5,16.666666666666664,/home/yj3616/workspace/phd-research/research-notes/max-resource-sweep-20260928/bandwidth-allow01-audit-20261005/cases/c16-core1/resnet101/rotation/design.json,/home/yj3616/workspace/phd-research/research-notes/max-resource-sweep-20260928/bandwidth-allow01-audit-20261005/cases/c16-core1/resnet101/reflection/design.json
16,1,16,workload,resnet152,1,5,complete,16384,12288,8448,7680,1.3333333333333333,1.0,0.6875,0.625,31.25,37.5,/home/yj3616/workspace/phd-research/research-notes/max-resource-sweep-20260928/bandwidth-allow01-audit-20261005/cases/c16-core1/resnet152/rotation/design.json,/home/yj3616/workspace/phd-research/research-notes/max-resource-sweep-20260928/bandwidth-allow01-audit-20261005/cases/c16-core1/resnet152/reflection/design.json
16,1,16,workload,resnet50,1,5,complete,16384,12288,12032,11776,1.3333333333333333,1.0,0.9791666666666666,0.9583333333333334,2.083333333333337,4.1666666666666625,/home/yj3616/workspace/phd-research/research-notes/max-resource-sweep-20260928/bandwidth-allow01-audit-20261005/cases/c16-core1/resnet50/rotation/design.json,/home/yj3616/workspace/phd-research/research-notes/max-resource-sweep-20260928/bandwidth-allow01-audit-20261005/cases/c16-core1/resnet50/reflection/design.json
16,1,16,workload,resnext50,1,5,complete,24576,18432,14336,13312,1.3333333333333333,1.0,0.7777777777777778,0.7222222222222222,22.22222222222222,27.77777777777778,/home/yj3616/workspace/phd-research/research-notes/max-resource-sweep-20260928/bandwidth-allow01-audit-20261005/cases/c16-core1/resnext50/rotation/design.json,/home/yj3616/workspace/phd-research/research-notes/max-resource-sweep-20260928/bandwidth-allow01-audit-20261005/cases/c16-core1/resnext50/reflection/design.json
16,1,16,workload,transformer,1,5,complete,8192,6144,6144,6144,1.3333333333333333,1.0,1.0,1.0,0.0,0.0,/home/yj3616/workspace/phd-research/research-notes/max-resource-sweep-20260928/bandwidth-allow01-audit-20261005/cases/c16-core1/transformer/rotation/design.json,/home/yj3616/workspace/phd-research/research-notes/max-resource-sweep-20260928/bandwidth-allow01-audit-20261005/cases/c16-core1/transformer/reflection/design.json
16,1,16,workload,transformer_cell,1,5,complete,8192,6144,6144,6144,1.3333333333333333,1.0,1.0,1.0,0.0,0.0,/home/yj3616/workspace/phd-research/research-notes/max-resource-sweep-20260928/bandwidth-allow01-audit-20261005/cases/c16-core1/transformer_cell/rotation/design.json,/home/yj3616/workspace/phd-research/research-notes/max-resource-sweep-20260928/bandwidth-allow01-audit-20261005/cases/c16-core1/transformer_cell/reflection/design.json
16,1,16,workload,vgg19,1,5,complete,8192,6144,6144,6144,1.3333333333333333,1.0,1.0,1.0,0.0,0.0,/home/yj3616/workspace/phd-research/research-notes/max-resource-sweep-20260928/bandwidth-allow01-audit-20261005/cases/c16-core1/vgg19/rotation/design.json,/home/yj3616/workspace/phd-research/research-notes/max-resource-sweep-20260928/bandwidth-allow01-audit-20261005/cases/c16-core1/vgg19/reflection/design.json
16,4,64,all,ALL17,17,59,complete,32768,24576,23808,23040,1.3333333333333333,1.0,0.96875,0.9375,3.125,6.25,/home/yj3616/workspace/phd-research/research-notes/max-resource-sweep-20260928/bandwidth-allow01-audit-20261005/cases/c16-core4/ALL17/rotation/design.json,/home/yj3616/workspace/phd-research/research-notes/max-resource-sweep-20260928/bandwidth-allow01-audit-20261005/cases/c16-core4/ALL17/reflection/design.json
16,4,64,group,CNN,10,32,complete,32768,24576,23808,23040,1.3333333333333333,1.0,0.96875,0.9375,3.125,6.25,/home/yj3616/workspace/phd-research/research-notes/max-resource-sweep-20260928/bandwidth-allow01-audit-20261005/cases/c16-core4/CNN/rotation/design.json,/home/yj3616/workspace/phd-research/research-notes/max-resource-sweep-20260928/bandwidth-allow01-audit-20261005/cases/c16-core4/CNN/reflection/design.json
16,4,64,group,Transformer,5,17,complete,32768,24576,20736,19456,1.3333333333333333,1.0,0.84375,0.7916666666666666,15.625,20.833333333333336,/home/yj3616/workspace/phd-research/research-notes/max-resource-sweep-20260928/bandwidth-allow01-audit-20261005/cases/c16-core4/Transformer/rotation/design.json,/home/yj3616/workspace/phd-research/research-notes/max-resource-sweep-20260928/bandwidth-allow01-audit-20261005/cases/c16-core4/Transformer/reflection/design.json
16,4,64,workload,bert_block,1,2,complete,32768,24576,19712,18432,1.3333333333333333,1.0,0.8020833333333334,0.75,19.791666666666664,25.0,/home/yj3616/workspace/phd-research/research-notes/max-resource-sweep-20260928/bandwidth-allow01-audit-20261005/cases/c16-core4/bert_block/rotation/design.json,/home/yj3616/workspace/phd-research/research-notes/max-resource-sweep-20260928/bandwidth-allow01-audit-20261005/cases/c16-core4/bert_block/reflection/design.json
16,4,64,workload,darknet19,1,5,complete,32768,24576,18432,16896,1.3333333333333333,1.0,0.75,0.6875,25.0,31.25,/home/yj3616/workspace/phd-research/research-notes/max-resource-sweep-20260928/bandwidth-allow01-audit-20261005/cases/c16-core4/darknet19/rotation/design.json,/home/yj3616/workspace/phd-research/research-notes/max-resource-sweep-20260928/bandwidth-allow01-audit-20261005/cases/c16-core4/darknet19/reflection/design.json
16,4,64,workload,densenet,1,3,complete,24576,18432,18176,17408,1.3333333333333333,1.0,0.9861111111111112,0.9444444444444444,1.388888888888884,5.555555555555558,/home/yj3616/workspace/phd-research/research-notes/max-resource-sweep-20260928/bandwidth-allow01-audit-20261005/cases/c16-core4/densenet/rotation/design.json,/home/yj3616/workspace/phd-research/research-notes/max-resource-sweep-20260928/bandwidth-allow01-audit-20261005/cases/c16-core4/densenet/reflection/design.json
16,4,64,workload,gnmt,1,5,complete,32768,24576,19456,17920,1.3333333333333333,1.0,0.7916666666666666,0.7291666666666666,20.833333333333336,27.083333333333336,/home/yj3616/workspace/phd-research/research-notes/max-resource-sweep-20260928/bandwidth-allow01-audit-20261005/cases/c16-core4/gnmt/rotation/design.json,/home/yj3616/workspace/phd-research/research-notes/max-resource-sweep-20260928/bandwidth-allow01-audit-20261005/cases/c16-core4/gnmt/reflection/design.json
16,4,64,workload,googlenet,1,5,complete,32768,24576,23552,22528,1.3333333333333333,1.0,0.9583333333333334,0.9166666666666666,4.1666666666666625,8.333333333333337,/home/yj3616/workspace/phd-research/research-notes/max-resource-sweep-20260928/bandwidth-allow01-audit-20261005/cases/c16-core4/googlenet/rotation/design.json,/home/yj3616/workspace/phd-research/research-notes/max-resource-sweep-20260928/bandwidth-allow01-audit-20261005/cases/c16-core4/googlenet/reflection/design.json
16,4,64,workload,gpt_decode_block,1,5,complete,32768,24576,20224,19200,1.3333333333333333,1.0,0.8229166666666666,0.78125,17.708333333333336,21.875,/home/yj3616/workspace/phd-research/research-notes/max-resource-sweep-20260928/bandwidth-allow01-audit-20261005/cases/c16-core4/gpt_decode_block/rotation/design.json,/home/yj3616/workspace/phd-research/research-notes/max-resource-sweep-20260928/bandwidth-allow01-audit-20261005/cases/c16-core4/gpt_decode_block/reflection/design.json
16,4,64,workload,gpt_prefill_block,1,4,complete,24576,18432,17408,16896,1.3333333333333333,1.0,0.9444444444444444,0.9166666666666666,5.555555555555558,8.333333333333337,/home/yj3616/workspace/phd-research/research-notes/max-resource-sweep-20260928/bandwidth-allow01-audit-20261005/cases/c16-core4/gpt_prefill_block/rotation/design.json,/home/yj3616/workspace/phd-research/research-notes/max-resource-sweep-20260928/bandwidth-allow01-audit-20261005/cases/c16-core4/gpt_prefill_block/reflection/design.json
16,4,64,workload,inception_resnet_v1,1,3,complete,32768,24576,22528,21504,1.3333333333333333,1.0,0.9166666666666666,0.875,8.333333333333337,12.5,/home/yj3616/workspace/phd-research/research-notes/max-resource-sweep-20260928/bandwidth-allow01-audit-20261005/cases/c16-core4/inception_resnet_v1/rotation/design.json,/home/yj3616/workspace/phd-research/research-notes/max-resource-sweep-20260928/bandwidth-allow01-audit-20261005/cases/c16-core4/inception_resnet_v1/reflection/design.json
16,4,64,workload,lstm,1,5,complete,32768,24576,19456,17920,1.3333333333333333,1.0,0.7916666666666666,0.7291666666666666,20.833333333333336,27.083333333333336,/home/yj3616/workspace/phd-research/research-notes/max-resource-sweep-20260928/bandwidth-allow01-audit-20261005/cases/c16-core4/lstm/rotation/design.json,/home/yj3616/workspace/phd-research/research-notes/max-resource-sweep-20260928/bandwidth-allow01-audit-20261005/cases/c16-core4/lstm/reflection/design.json
16,4,64,workload,pnasnet,1,5,complete,32768,24576,22528,21760,1.3333333333333333,1.0,0.9166666666666666,0.8854166666666666,8.333333333333337,11.458333333333337,/home/yj3616/workspace/phd-research/research-notes/max-resource-sweep-20260928/bandwidth-allow01-audit-20261005/cases/c16-core4/pnasnet/rotation/design.json,/home/yj3616/workspace/phd-research/research-notes/max-resource-sweep-20260928/bandwidth-allow01-audit-20261005/cases/c16-core4/pnasnet/reflection/design.json
16,4,64,workload,resnet101,1,2,complete,32768,24576,22528,22272,1.3333333333333333,1.0,0.9166666666666666,0.90625,8.333333333333337,9.375,/home/yj3616/workspace/phd-research/research-notes/max-resource-sweep-20260928/bandwidth-allow01-audit-20261005/cases/c16-core4/resnet101/rotation/design.json,/home/yj3616/workspace/phd-research/research-notes/max-resource-sweep-20260928/bandwidth-allow01-audit-20261005/cases/c16-core4/resnet101/reflection/design.json
16,4,64,workload,resnet152,1,1,complete,32768,24576,22272,21760,1.3333333333333333,1.0,0.90625,0.8854166666666666,9.375,11.458333333333337,/home/yj3616/workspace/phd-research/research-notes/max-resource-sweep-20260928/bandwidth-allow01-audit-20261005/cases/c16-core4/resnet152/rotation/design.json,/home/yj3616/workspace/phd-research/research-notes/max-resource-sweep-20260928/bandwidth-allow01-audit-20261005/cases/c16-core4/resnet152/reflection/design.json
16,4,64,workload,resnet50,1,3,complete,32768,24576,22528,22272,1.3333333333333333,1.0,0.9166666666666666,0.90625,8.333333333333337,9.375,/home/yj3616/workspace/phd-research/research-notes/max-resource-sweep-20260928/bandwidth-allow01-audit-20261005/cases/c16-core4/resnet50/rotation/design.json,/home/yj3616/workspace/phd-research/research-notes/max-resource-sweep-20260928/bandwidth-allow01-audit-20261005/cases/c16-core4/resnet50/reflection/design.json
16,4,64,workload,resnext50,1,3,complete,32768,24576,22528,21504,1.3333333333333333,1.0,0.9166666666666666,0.875,8.333333333333337,12.5,/home/yj3616/workspace/phd-research/research-notes/max-resource-sweep-20260928/bandwidth-allow01-audit-20261005/cases/c16-core4/resnext50/rotation/design.json,/home/yj3616/workspace/phd-research/research-notes/max-resource-sweep-20260928/bandwidth-allow01-audit-20261005/cases/c16-core4/resnext50/reflection/design.json
16,4,64,workload,transformer,1,4,complete,32768,24576,19712,18432,1.3333333333333333,1.0,0.8020833333333334,0.75,19.791666666666664,25.0,/home/yj3616/workspace/phd-research/research-notes/max-resource-sweep-20260928/bandwidth-allow01-audit-20261005/cases/c16-core4/transformer/rotation/design.json,/home/yj3616/workspace/phd-research/research-notes/max-resource-sweep-20260928/bandwidth-allow01-audit-20261005/cases/c16-core4/transformer/reflection/design.json
16,4,64,workload,transformer_cell,1,2,complete,32768,24576,19712,18432,1.3333333333333333,1.0,0.8020833333333334,0.75,19.791666666666664,25.0,/home/yj3616/workspace/phd-research/research-notes/max-resource-sweep-20260928/bandwidth-allow01-audit-20261005/cases/c16-core4/transformer_cell/rotation/design.json,/home/yj3616/workspace/phd-research/research-notes/max-resource-sweep-20260928/bandwidth-allow01-audit-20261005/cases/c16-core4/transformer_cell/reflection/design.json
16,4,64,workload,vgg19,1,2,complete,24576,18432,16128,15360,1.3333333333333333,1.0,0.875,0.8333333333333334,12.5,16.666666666666664,/home/yj3616/workspace/phd-research/research-notes/max-resource-sweep-20260928/bandwidth-allow01-audit-20261005/cases/c16-core4/vgg19/rotation/design.json,/home/yj3616/workspace/phd-research/research-notes/max-resource-sweep-20260928/bandwidth-allow01-audit-20261005/cases/c16-core4/vgg19/reflection/design.json
16,16,256,all,ALL17,17,74,complete,65536,49152,43648,41216,1.3333333333333333,1.0,0.8880208333333334,0.8385416666666666,11.197916666666663,16.145833333333336,/home/yj3616/workspace/phd-research/research-notes/max-resource-sweep-20260928/bandwidth-allow01-audit-20261005/cases/c16-core16/ALL17/rotation/design.json,/home/yj3616/workspace/phd-research/research-notes/max-resource-sweep-20260928/bandwidth-allow01-audit-20261005/cases/c16-core16/ALL17/reflection/design.json
16,16,256,group,CNN,10,44,complete,65536,49152,43648,41216,1.3333333333333333,1.0,0.8880208333333334,0.8385416666666666,11.197916666666663,16.145833333333336,/home/yj3616/workspace/phd-research/research-notes/max-resource-sweep-20260928/bandwidth-allow01-audit-20261005/cases/c16-core16/CNN/rotation/design.json,/home/yj3616/workspace/phd-research/research-notes/max-resource-sweep-20260928/bandwidth-allow01-audit-20261005/cases/c16-core16/CNN/reflection/design.json
16,16,256,group,RNN,2,10,complete,24576,18432,14336,13312,1.3333333333333333,1.0,0.7777777777777778,0.7222222222222222,22.22222222222222,27.77777777777778,/home/yj3616/workspace/phd-research/research-notes/max-resource-sweep-20260928/bandwidth-allow01-audit-20261005/cases/c16-core16/RNN/rotation/design.json,/home/yj3616/workspace/phd-research/research-notes/max-resource-sweep-20260928/bandwidth-allow01-audit-20261005/cases/c16-core16/RNN/reflection/design.json
16,16,256,group,Transformer,5,20,complete,65536,49152,41792,38720,1.3333333333333333,1.0,0.8502604166666666,0.7877604166666666,14.973958333333337,21.223958333333336,/home/yj3616/workspace/phd-research/research-notes/max-resource-sweep-20260928/bandwidth-allow01-audit-20261005/cases/c16-core16/Transformer/rotation/design.json,/home/yj3616/workspace/phd-research/research-notes/max-resource-sweep-20260928/bandwidth-allow01-audit-20261005/cases/c16-core16/Transformer/reflection/design.json
16,16,256,workload,bert_block,1,5,complete,49152,36864,31808,29824,1.3333333333333333,1.0,0.8628472222222222,0.8090277777777778,13.715277777777779,19.09722222222222,/home/yj3616/workspace/phd-research/research-notes/max-resource-sweep-20260928/bandwidth-allow01-audit-20261005/cases/c16-core16/bert_block/rotation/design.json,/home/yj3616/workspace/phd-research/research-notes/max-resource-sweep-20260928/bandwidth-allow01-audit-20261005/cases/c16-core16/bert_block/reflection/design.json
16,16,256,workload,darknet19,1,5,complete,65536,49152,40960,37376,1.3333333333333333,1.0,0.8333333333333334,0.7604166666666666,16.666666666666664,23.958333333333336,/home/yj3616/workspace/phd-research/research-notes/max-resource-sweep-20260928/bandwidth-allow01-audit-20261005/cases/c16-core16/darknet19/rotation/design.json,/home/yj3616/workspace/phd-research/research-notes/max-resource-sweep-20260928/bandwidth-allow01-audit-20261005/cases/c16-core16/darknet19/reflection/design.json
16,16,256,workload,densenet,1,4,complete,65536,49152,43520,40960,1.3333333333333333,1.0,0.8854166666666666,0.8333333333333334,11.458333333333337,16.666666666666664,/home/yj3616/workspace/phd-research/research-notes/max-resource-sweep-20260928/bandwidth-allow01-audit-20261005/cases/c16-core16/densenet/rotation/design.json,/home/yj3616/workspace/phd-research/research-notes/max-resource-sweep-20260928/bandwidth-allow01-audit-20261005/cases/c16-core16/densenet/reflection/design.json
16,16,256,workload,gnmt,1,5,complete,24576,18432,14336,13312,1.3333333333333333,1.0,0.7777777777777778,0.7222222222222222,22.22222222222222,27.77777777777778,/home/yj3616/workspace/phd-research/research-notes/max-resource-sweep-20260928/bandwidth-allow01-audit-20261005/cases/c16-core16/gnmt/rotation/design.json,/home/yj3616/workspace/phd-research/research-notes/max-resource-sweep-20260928/bandwidth-allow01-audit-20261005/cases/c16-core16/gnmt/reflection/design.json
16,16,256,workload,googlenet,1,5,complete,65536,49152,43520,40960,1.3333333333333333,1.0,0.8854166666666666,0.8333333333333334,11.458333333333337,16.666666666666664,/home/yj3616/workspace/phd-research/research-notes/max-resource-sweep-20260928/bandwidth-allow01-audit-20261005/cases/c16-core16/googlenet/rotation/design.json,/home/yj3616/workspace/phd-research/research-notes/max-resource-sweep-20260928/bandwidth-allow01-audit-20261005/cases/c16-core16/googlenet/reflection/design.json
16,16,256,workload,gpt_decode_block,1,5,complete,49152,36864,32384,31424,1.3333333333333333,1.0,0.8784722222222222,0.8524305555555556,12.152777777777779,14.756944444444443,/home/yj3616/workspace/phd-research/research-notes/max-resource-sweep-20260928/bandwidth-allow01-audit-20261005/cases/c16-core16/gpt_decode_block/rotation/design.json,/home/yj3616/workspace/phd-research/research-notes/max-resource-sweep-20260928/bandwidth-allow01-audit-20261005/cases/c16-core16/gpt_decode_block/reflection/design.json
16,16,256,workload,gpt_prefill_block,1,3,complete,65536,49152,41728,38400,1.3333333333333333,1.0,0.8489583333333334,0.78125,15.104166666666663,21.875,/home/yj3616/workspace/phd-research/research-notes/max-resource-sweep-20260928/bandwidth-allow01-audit-20261005/cases/c16-core16/gpt_prefill_block/rotation/design.json,/home/yj3616/workspace/phd-research/research-notes/max-resource-sweep-20260928/bandwidth-allow01-audit-20261005/cases/c16-core16/gpt_prefill_block/reflection/design.json
16,16,256,workload,inception_resnet_v1,1,5,complete,65536,49152,43200,41216,1.3333333333333333,1.0,0.87890625,0.8385416666666666,12.109375,16.145833333333336,/home/yj3616/workspace/phd-research/research-notes/max-resource-sweep-20260928/bandwidth-allow01-audit-20261005/cases/c16-core16/inception_resnet_v1/rotation/design.json,/home/yj3616/workspace/phd-research/research-notes/max-resource-sweep-20260928/bandwidth-allow01-audit-20261005/cases/c16-core16/inception_resnet_v1/reflection/design.json
16,16,256,workload,lstm,1,5,complete,16384,12288,12032,11776,1.3333333333333333,1.0,0.9791666666666666,0.9583333333333334,2.083333333333337,4.1666666666666625,/home/yj3616/workspace/phd-research/research-notes/max-resource-sweep-20260928/bandwidth-allow01-audit-20261005/cases/c16-core16/lstm/rotation/design.json,/home/yj3616/workspace/phd-research/research-notes/max-resource-sweep-20260928/bandwidth-allow01-audit-20261005/cases/c16-core16/lstm/reflection/design.json
16,16,256,workload,pnasnet,1,3,complete,49152,36864.0,36096,35840,1.3333333333333333,1.0,0.9791666666666666,0.9722222222222222,2.083333333333337,2.777777777777779,/home/yj3616/workspace/phd-research/research-notes/max-resource-sweep-20260928/bandwidth-allow01-audit-20261005/cases/c16-core16/pnasnet/rotation/design.json,/home/yj3616/workspace/phd-research/research-notes/max-resource-sweep-20260928/bandwidth-allow01-audit-20261005/cases/c16-core16/pnasnet/reflection/design.json
16,16,256,workload,resnet101,1,5,complete,65536,49152,43264,40960,1.3333333333333333,1.0,0.8802083333333334,0.8333333333333334,11.979166666666663,16.666666666666664,/home/yj3616/workspace/phd-research/research-notes/max-resource-sweep-20260928/bandwidth-allow01-audit-20261005/cases/c16-core16/resnet101/rotation/design.json,/home/yj3616/workspace/phd-research/research-notes/max-resource-sweep-20260928/bandwidth-allow01-audit-20261005/cases/c16-core16/resnet101/reflection/design.json
16,16,256,workload,resnet152,1,5,complete,65536,49152,43520,41216,1.3333333333333333,1.0,0.8854166666666666,0.8385416666666666,11.458333333333337,16.145833333333336,/home/yj3616/workspace/phd-research/research-notes/max-resource-sweep-20260928/bandwidth-allow01-audit-20261005/cases/c16-core16/resnet152/rotation/design.json,/home/yj3616/workspace/phd-research/research-notes/max-resource-sweep-20260928/bandwidth-allow01-audit-20261005/cases/c16-core16/resnet152/reflection/design.json
16,16,256,workload,resnet50,1,5,complete,65536,49152,43264,40960,1.3333333333333333,1.0,0.8802083333333334,0.8333333333333334,11.979166666666663,16.666666666666664,/home/yj3616/workspace/phd-research/research-notes/max-resource-sweep-20260928/bandwidth-allow01-audit-20261005/cases/c16-core16/resnet50/rotation/design.json,/home/yj3616/workspace/phd-research/research-notes/max-resource-sweep-20260928/bandwidth-allow01-audit-20261005/cases/c16-core16/resnet50/reflection/design.json
16,16,256,workload,resnext50,1,5,complete,65536,49152,43264,41216,1.3333333333333333,1.0,0.8802083333333334,0.8385416666666666,11.979166666666663,16.145833333333336,/home/yj3616/workspace/phd-research/research-notes/max-resource-sweep-20260928/bandwidth-allow01-audit-20261005/cases/c16-core16/resnext50/rotation/design.json,/home/yj3616/workspace/phd-research/research-notes/max-resource-sweep-20260928/bandwidth-allow01-audit-20261005/cases/c16-core16/resnext50/reflection/design.json
16,16,256,workload,transformer,1,2,complete,65536,49152,41728,38400,1.3333333333333333,1.0,0.8489583333333334,0.78125,15.104166666666663,21.875,/home/yj3616/workspace/phd-research/research-notes/max-resource-sweep-20260928/bandwidth-allow01-audit-20261005/cases/c16-core16/transformer/rotation/design.json,/home/yj3616/workspace/phd-research/research-notes/max-resource-sweep-20260928/bandwidth-allow01-audit-20261005/cases/c16-core16/transformer/reflection/design.json
16,16,256,workload,transformer_cell,1,5,complete,65536,49152,41216,38400,1.3333333333333333,1.0,0.8385416666666666,0.78125,16.145833333333336,21.875,/home/yj3616/workspace/phd-research/research-notes/max-resource-sweep-20260928/bandwidth-allow01-audit-20261005/cases/c16-core16/transformer_cell/rotation/design.json,/home/yj3616/workspace/phd-research/research-notes/max-resource-sweep-20260928/bandwidth-allow01-audit-20261005/cases/c16-core16/transformer_cell/reflection/design.json
16,16,256,workload,vgg19,1,2,complete,40960,30720,24576,23040,1.3333333333333333,1.0,0.8,0.75,19.999999999999996,25.0,/home/yj3616/workspace/phd-research/research-notes/max-resource-sweep-20260928/bandwidth-allow01-audit-20261005/cases/c16-core16/vgg19/rotation/design.json,/home/yj3616/workspace/phd-research/research-notes/max-resource-sweep-20260928/bandwidth-allow01-audit-20261005/cases/c16-core16/vgg19/reflection/design.json
32,1,32,all,ALL17,17,76,complete,81920,66560,56576,52224,1.2307692307692308,1.0,0.85,0.7846153846153846,15.000000000000002,21.53846153846154,/home/yj3616/workspace/phd-research/research-notes/max-resource-sweep-20260928/bandwidth-allow01-audit-20261005/cases/c32-core1/ALL17/rotation/design.json,/home/yj3616/workspace/phd-research/research-notes/max-resource-sweep-20260928/bandwidth-allow01-audit-20261005/cases/c32-core1/ALL17/reflection/design.json
32,1,32,group,CNN,10,41,complete,65536,53248,44032,41472,1.2307692307692308,1.0,0.8269230769230769,0.7788461538461539,17.307692307692314,22.115384615384613,/home/yj3616/workspace/phd-research/research-notes/max-resource-sweep-20260928/bandwidth-allow01-audit-20261005/cases/c32-core1/CNN/rotation/design.json,/home/yj3616/workspace/phd-research/research-notes/max-resource-sweep-20260928/bandwidth-allow01-audit-20261005/cases/c32-core1/CNN/reflection/design.json
32,1,32,group,RNN,2,10,complete,81920,66560,54272,50944,1.2307692307692308,1.0,0.8153846153846154,0.7653846153846153,18.461538461538463,23.461538461538467,/home/yj3616/workspace/phd-research/research-notes/max-resource-sweep-20260928/bandwidth-allow01-audit-20261005/cases/c32-core1/RNN/rotation/design.json,/home/yj3616/workspace/phd-research/research-notes/max-resource-sweep-20260928/bandwidth-allow01-audit-20261005/cases/c32-core1/RNN/reflection/design.json
32,1,32,group,Transformer,5,25,complete,65536,53248,46592,44800,1.2307692307692308,1.0,0.875,0.8413461538461539,12.5,15.865384615384615,/home/yj3616/workspace/phd-research/research-notes/max-resource-sweep-20260928/bandwidth-allow01-audit-20261005/cases/c32-core1/Transformer/rotation/design.json,/home/yj3616/workspace/phd-research/research-notes/max-resource-sweep-20260928/bandwidth-allow01-audit-20261005/cases/c32-core1/Transformer/reflection/design.json
32,1,32,workload,bert_block,1,5,complete,16384,13312,13312,13312,1.2307692307692308,1.0,1.0,1.0,0.0,0.0,/home/yj3616/workspace/phd-research/research-notes/max-resource-sweep-20260928/bandwidth-allow01-audit-20261005/cases/c32-core1/bert_block/rotation/design.json,/home/yj3616/workspace/phd-research/research-notes/max-resource-sweep-20260928/bandwidth-allow01-audit-20261005/cases/c32-core1/bert_block/reflection/design.json
32,1,32,workload,darknet19,1,5,complete,16384,13312,13312,13312,1.2307692307692308,1.0,1.0,1.0,0.0,0.0,/home/yj3616/workspace/phd-research/research-notes/max-resource-sweep-20260928/bandwidth-allow01-audit-20261005/cases/c32-core1/darknet19/rotation/design.json,/home/yj3616/workspace/phd-research/research-notes/max-resource-sweep-20260928/bandwidth-allow01-audit-20261005/cases/c32-core1/darknet19/reflection/design.json
32,1,32,workload,densenet,1,5,complete,49152,39936,33792,33536,1.2307692307692308,1.0,0.8461538461538461,0.8397435897435898,15.384615384615385,16.025641025641026,/home/yj3616/workspace/phd-research/research-notes/max-resource-sweep-20260928/bandwidth-allow01-audit-20261005/cases/c32-core1/densenet/rotation/design.json,/home/yj3616/workspace/phd-research/research-notes/max-resource-sweep-20260928/bandwidth-allow01-audit-20261005/cases/c32-core1/densenet/reflection/design.json
32,1,32,workload,gnmt,1,5,complete,81920,66560,54272,50944,1.2307692307692308,1.0,0.8153846153846154,0.7653846153846153,18.461538461538463,23.461538461538467,/home/yj3616/workspace/phd-research/research-notes/max-resource-sweep-20260928/bandwidth-allow01-audit-20261005/cases/c32-core1/gnmt/rotation/design.json,/home/yj3616/workspace/phd-research/research-notes/max-resource-sweep-20260928/bandwidth-allow01-audit-20261005/cases/c32-core1/gnmt/reflection/design.json
32,1,32,workload,googlenet,1,5,complete,49152,39936,36864,36352,1.2307692307692308,1.0,0.9230769230769231,0.9102564102564102,7.692307692307687,8.974358974358976,/home/yj3616/workspace/phd-research/research-notes/max-resource-sweep-20260928/bandwidth-allow01-audit-20261005/cases/c32-core1/googlenet/rotation/design.json,/home/yj3616/workspace/phd-research/research-notes/max-resource-sweep-20260928/bandwidth-allow01-audit-20261005/cases/c32-core1/googlenet/reflection/design.json
32,1,32,workload,gpt_decode_block,1,5,complete,65536,53248,46592,44800,1.2307692307692308,1.0,0.875,0.8413461538461539,12.5,15.865384615384615,/home/yj3616/workspace/phd-research/research-notes/max-resource-sweep-20260928/bandwidth-allow01-audit-20261005/cases/c32-core1/gpt_decode_block/rotation/design.json,/home/yj3616/workspace/phd-research/research-notes/max-resource-sweep-20260928/bandwidth-allow01-audit-20261005/cases/c32-core1/gpt_decode_block/reflection/design.json
32,1,32,workload,gpt_prefill_block,1,5,complete,16384,13312,13312,13312,1.2307692307692308,1.0,1.0,1.0,0.0,0.0,/home/yj3616/workspace/phd-research/research-notes/max-resource-sweep-20260928/bandwidth-allow01-audit-20261005/cases/c32-core1/gpt_prefill_block/rotation/design.json,/home/yj3616/workspace/phd-research/research-notes/max-resource-sweep-20260928/bandwidth-allow01-audit-20261005/cases/c32-core1/gpt_prefill_block/reflection/design.json
32,1,32,workload,inception_resnet_v1,1,5,complete,49152,39936,36864,36352,1.2307692307692308,1.0,0.9230769230769231,0.9102564102564102,7.692307692307687,8.974358974358976,/home/yj3616/workspace/phd-research/research-notes/max-resource-sweep-20260928/bandwidth-allow01-audit-20261005/cases/c32-core1/inception_resnet_v1/rotation/design.json,/home/yj3616/workspace/phd-research/research-notes/max-resource-sweep-20260928/bandwidth-allow01-audit-20261005/cases/c32-core1/inception_resnet_v1/reflection/design.json
32,1,32,workload,lstm,1,5,complete,81920,66560,54272,50944,1.2307692307692308,1.0,0.8153846153846154,0.7653846153846153,18.461538461538463,23.461538461538467,/home/yj3616/workspace/phd-research/research-notes/max-resource-sweep-20260928/bandwidth-allow01-audit-20261005/cases/c32-core1/lstm/rotation/design.json,/home/yj3616/workspace/phd-research/research-notes/max-resource-sweep-20260928/bandwidth-allow01-audit-20261005/cases/c32-core1/lstm/reflection/design.json
32,1,32,workload,pnasnet,1,5,complete,49152,39936,32256,32256,1.2307692307692308,1.0,0.8076923076923077,0.8076923076923077,19.23076923076923,19.23076923076923,/home/yj3616/workspace/phd-research/research-notes/max-resource-sweep-20260928/bandwidth-allow01-audit-20261005/cases/c32-core1/pnasnet/rotation/design.json,/home/yj3616/workspace/phd-research/research-notes/max-resource-sweep-20260928/bandwidth-allow01-audit-20261005/cases/c32-core1/pnasnet/reflection/design.json
32,1,32,workload,resnet101,1,3,complete,49152,39936.0,30720,28416,1.2307692307692308,1.0,0.7692307692307693,0.7115384615384616,23.076923076923073,28.846153846153843,/home/yj3616/workspace/phd-research/research-notes/max-resource-sweep-20260928/bandwidth-allow01-audit-20261005/cases/c32-core1/resnet101/rotation/design.json,/home/yj3616/workspace/phd-research/research-notes/max-resource-sweep-20260928/bandwidth-allow01-audit-20261005/cases/c32-core1/resnet101/reflection/design.json
32,1,32,workload,resnet152,1,4,complete,32768,26624,23552,23296,1.2307692307692308,1.0,0.8846153846153846,0.875,11.538461538461542,12.5,/home/yj3616/workspace/phd-research/research-notes/max-resource-sweep-20260928/bandwidth-allow01-audit-20261005/cases/c32-core1/resnet152/rotation/design.json,/home/yj3616/workspace/phd-research/research-notes/max-resource-sweep-20260928/bandwidth-allow01-audit-20261005/cases/c32-core1/resnet152/reflection/design.json
32,1,32,workload,resnet50,1,3,complete,49152,39936,33792,33536,1.2307692307692308,1.0,0.8461538461538461,0.8397435897435898,15.384615384615385,16.025641025641026,/home/yj3616/workspace/phd-research/research-notes/max-resource-sweep-20260928/bandwidth-allow01-audit-20261005/cases/c32-core1/resnet50/rotation/design.json,/home/yj3616/workspace/phd-research/research-notes/max-resource-sweep-20260928/bandwidth-allow01-audit-20261005/cases/c32-core1/resnet50/reflection/design.json
32,1,32,workload,resnext50,1,1,complete,65536,53248,44032,39936,1.2307692307692308,1.0,0.8269230769230769,0.75,17.307692307692314,25.0,/home/yj3616/workspace/phd-research/research-notes/max-resource-sweep-20260928/bandwidth-allow01-audit-20261005/cases/c32-core1/resnext50/rotation/design.json,/home/yj3616/workspace/phd-research/research-notes/max-resource-sweep-20260928/bandwidth-allow01-audit-20261005/cases/c32-core1/resnext50/reflection/design.json
32,1,32,workload,transformer,1,5,complete,16384,13312,13312,13312,1.2307692307692308,1.0,1.0,1.0,0.0,0.0,/home/yj3616/workspace/phd-research/research-notes/max-resource-sweep-20260928/bandwidth-allow01-audit-20261005/cases/c32-core1/transformer/rotation/design.json,/home/yj3616/workspace/phd-research/research-notes/max-resource-sweep-20260928/bandwidth-allow01-audit-20261005/cases/c32-core1/transformer/reflection/design.json
32,1,32,workload,transformer_cell,1,5,complete,16384,13312,13312,13312,1.2307692307692308,1.0,1.0,1.0,0.0,0.0,/home/yj3616/workspace/phd-research/research-notes/max-resource-sweep-20260928/bandwidth-allow01-audit-20261005/cases/c32-core1/transformer_cell/rotation/design.json,/home/yj3616/workspace/phd-research/research-notes/max-resource-sweep-20260928/bandwidth-allow01-audit-20261005/cases/c32-core1/transformer_cell/reflection/design.json
32,1,32,workload,vgg19,1,5,complete,16384,13312,13312,13312,1.2307692307692308,1.0,1.0,1.0,0.0,0.0,/home/yj3616/workspace/phd-research/research-notes/max-resource-sweep-20260928/bandwidth-allow01-audit-20261005/cases/c32-core1/vgg19/rotation/design.json,/home/yj3616/workspace/phd-research/research-notes/max-resource-sweep-20260928/bandwidth-allow01-audit-20261005/cases/c32-core1/vgg19/reflection/design.json
32,4,128,all,ALL17,17,72,complete,65536,53248,47104,46336,1.2307692307692308,1.0,0.8846153846153846,0.8701923076923077,11.538461538461542,12.98076923076923,/home/yj3616/workspace/phd-research/research-notes/max-resource-sweep-20260928/bandwidth-allow01-audit-20261005/cases/c32-core4/ALL17/rotation/design.json,/home/yj3616/workspace/phd-research/research-notes/max-resource-sweep-20260928/bandwidth-allow01-audit-20261005/cases/c32-core4/ALL17/reflection/design.json
32,4,128,group,CNN,10,37,complete,65536,53248,47104,46336,1.2307692307692308,1.0,0.8846153846153846,0.8701923076923077,11.538461538461542,12.98076923076923,/home/yj3616/workspace/phd-research/research-notes/max-resource-sweep-20260928/bandwidth-allow01-audit-20261005/cases/c32-core4/CNN/rotation/design.json,/home/yj3616/workspace/phd-research/research-notes/max-resource-sweep-20260928/bandwidth-allow01-audit-20261005/cases/c32-core4/CNN/reflection/design.json
32,4,128,group,RNN,2,10,complete,32768,26624,23552,23552,1.2307692307692308,1.0,0.8846153846153846,0.8846153846153846,11.538461538461542,11.538461538461542,/home/yj3616/workspace/phd-research/research-notes/max-resource-sweep-20260928/bandwidth-allow01-audit-20261005/cases/c32-core4/RNN/rotation/design.json,/home/yj3616/workspace/phd-research/research-notes/max-resource-sweep-20260928/bandwidth-allow01-audit-20261005/cases/c32-core4/RNN/reflection/design.json
32,4,128,group,Transformer,5,25,complete,65536,53248,47104,46336,1.2307692307692308,1.0,0.8846153846153846,0.8701923076923077,11.538461538461542,12.98076923076923,/home/yj3616/workspace/phd-research/research-notes/max-resource-sweep-20260928/bandwidth-allow01-audit-20261005/cases/c32-core4/Transformer/rotation/design.json,/home/yj3616/workspace/phd-research/research-notes/max-resource-sweep-20260928/bandwidth-allow01-audit-20261005/cases/c32-core4/Transformer/reflection/design.json
32,4,128,workload,bert_block,1,5,complete,65536,53248,41728,38656,1.2307692307692308,1.0,0.7836538461538461,0.7259615384615384,21.634615384615387,27.403846153846157,/home/yj3616/workspace/phd-research/research-notes/max-resource-sweep-20260928/bandwidth-allow01-audit-20261005/cases/c32-core4/bert_block/rotation/design.json,/home/yj3616/workspace/phd-research/research-notes/max-resource-sweep-20260928/bandwidth-allow01-audit-20261005/cases/c32-core4/bert_block/reflection/design.json
32,4,128,workload,darknet19,1,3,complete,65536,53248,45568,45056,1.2307692307692308,1.0,0.8557692307692307,0.8461538461538461,14.423076923076927,15.384615384615385,/home/yj3616/workspace/phd-research/research-notes/max-resource-sweep-20260928/bandwidth-allow01-audit-20261005/cases/c32-core4/darknet19/rotation/design.json,/home/yj3616/workspace/phd-research/research-notes/max-resource-sweep-20260928/bandwidth-allow01-audit-20261005/cases/c32-core4/darknet19/reflection/design.json
32,4,128,workload,densenet,1,4,complete,65536,53248,47104,46336,1.2307692307692308,1.0,0.8846153846153846,0.8701923076923077,11.538461538461542,12.98076923076923,/home/yj3616/workspace/phd-research/research-notes/max-resource-sweep-20260928/bandwidth-allow01-audit-20261005/cases/c32-core4/densenet/rotation/design.json,/home/yj3616/workspace/phd-research/research-notes/max-resource-sweep-20260928/bandwidth-allow01-audit-20261005/cases/c32-core4/densenet/reflection/design.json
32,4,128,workload,gnmt,1,5,complete,32768,26624,23552,23552,1.2307692307692308,1.0,0.8846153846153846,0.8846153846153846,11.538461538461542,11.538461538461542,/home/yj3616/workspace/phd-research/research-notes/max-resource-sweep-20260928/bandwidth-allow01-audit-20261005/cases/c32-core4/gnmt/rotation/design.json,/home/yj3616/workspace/phd-research/research-notes/max-resource-sweep-20260928/bandwidth-allow01-audit-20261005/cases/c32-core4/gnmt/reflection/design.json
32,4,128,workload,googlenet,1,5,complete,65536,53248,47104,46080,1.2307692307692308,1.0,0.8846153846153846,0.8653846153846154,11.538461538461542,13.461538461538458,/home/yj3616/workspace/phd-research/research-notes/max-resource-sweep-20260928/bandwidth-allow01-audit-20261005/cases/c32-core4/googlenet/rotation/design.json,/home/yj3616/workspace/phd-research/research-notes/max-resource-sweep-20260928/bandwidth-allow01-audit-20261005/cases/c32-core4/googlenet/reflection/design.json
32,4,128,workload,gpt_decode_block,1,5,complete,65536,53248,45568,44928,1.2307692307692308,1.0,0.8557692307692307,0.84375,14.423076923076927,15.625,/home/yj3616/workspace/phd-research/research-notes/max-resource-sweep-20260928/bandwidth-allow01-audit-20261005/cases/c32-core4/gpt_decode_block/rotation/design.json,/home/yj3616/workspace/phd-research/research-notes/max-resource-sweep-20260928/bandwidth-allow01-audit-20261005/cases/c32-core4/gpt_decode_block/reflection/design.json
32,4,128,workload,gpt_prefill_block,1,5,complete,65536,53248,44032,43520,1.2307692307692308,1.0,0.8269230769230769,0.8173076923076923,17.307692307692314,18.26923076923077,/home/yj3616/workspace/phd-research/research-notes/max-resource-sweep-20260928/bandwidth-allow01-audit-20261005/cases/c32-core4/gpt_prefill_block/rotation/design.json,/home/yj3616/workspace/phd-research/research-notes/max-resource-sweep-20260928/bandwidth-allow01-audit-20261005/cases/c32-core4/gpt_prefill_block/reflection/design.json
32,4,128,workload,inception_resnet_v1,1,5,complete,49152,39936,38400,37888,1.2307692307692308,1.0,0.9615384615384616,0.9487179487179487,3.8461538461538436,5.128205128205132,/home/yj3616/workspace/phd-research/research-notes/max-resource-sweep-20260928/bandwidth-allow01-audit-20261005/cases/c32-core4/inception_resnet_v1/rotation/design.json,/home/yj3616/workspace/phd-research/research-notes/max-resource-sweep-20260928/bandwidth-allow01-audit-20261005/cases/c32-core4/inception_resnet_v1/reflection/design.json
32,4,128,workload,lstm,1,5,complete,32768,26624,23552,23552,1.2307692307692308,1.0,0.8846153846153846,0.8846153846153846,11.538461538461542,11.538461538461542,/home/yj3616/workspace/phd-research/research-notes/max-resource-sweep-20260928/bandwidth-allow01-audit-20261005/cases/c32-core4/lstm/rotation/design.json,/home/yj3616/workspace/phd-research/research-notes/max-resource-sweep-20260928/bandwidth-allow01-audit-20261005/cases/c32-core4/lstm/reflection/design.json
32,4,128,workload,pnasnet,1,5,complete,65536,53248,45568,45568,1.2307692307692308,1.0,0.8557692307692307,0.8557692307692307,14.423076923076927,14.423076923076927,/home/yj3616/workspace/phd-research/research-notes/max-resource-sweep-20260928/bandwidth-allow01-audit-20261005/cases/c32-core4/pnasnet/rotation/design.json,/home/yj3616/workspace/phd-research/research-notes/max-resource-sweep-20260928/bandwidth-allow01-audit-20261005/cases/c32-core4/pnasnet/reflection/design.json
32,4,128,workload,resnet101,1,3,complete,65536,53248,47104,46336,1.2307692307692308,1.0,0.8846153846153846,0.8701923076923077,11.538461538461542,12.98076923076923,/home/yj3616/workspace/phd-research/research-notes/max-resource-sweep-20260928/bandwidth-allow01-audit-20261005/cases/c32-core4/resnet101/rotation/design.json,/home/yj3616/workspace/phd-research/research-notes/max-resource-sweep-20260928/bandwidth-allow01-audit-20261005/cases/c32-core4/resnet101/reflection/design.json
32,4,128,workload,resnet152,1,3,complete,65536,53248,47104,46336,1.2307692307692308,1.0,0.8846153846153846,0.8701923076923077,11.538461538461542,12.98076923076923,/home/yj3616/workspace/phd-research/research-notes/max-resource-sweep-20260928/bandwidth-allow01-audit-20261005/cases/c32-core4/resnet152/rotation/design.json,/home/yj3616/workspace/phd-research/research-notes/max-resource-sweep-20260928/bandwidth-allow01-audit-20261005/cases/c32-core4/resnet152/reflection/design.json
32,4,128,workload,resnet50,1,3,complete,65536,53248,47104,46336,1.2307692307692308,1.0,0.8846153846153846,0.8701923076923077,11.538461538461542,12.98076923076923,/home/yj3616/workspace/phd-research/research-notes/max-resource-sweep-20260928/bandwidth-allow01-audit-20261005/cases/c32-core4/resnet50/rotation/design.json,/home/yj3616/workspace/phd-research/research-notes/max-resource-sweep-20260928/bandwidth-allow01-audit-20261005/cases/c32-core4/resnet50/reflection/design.json
32,4,128,workload,resnext50,1,3,complete,65536,53248,47104,46336,1.2307692307692308,1.0,0.8846153846153846,0.8701923076923077,11.538461538461542,12.98076923076923,/home/yj3616/workspace/phd-research/research-notes/max-resource-sweep-20260928/bandwidth-allow01-audit-20261005/cases/c32-core4/resnext50/rotation/design.json,/home/yj3616/workspace/phd-research/research-notes/max-resource-sweep-20260928/bandwidth-allow01-audit-20261005/cases/c32-core4/resnext50/reflection/design.json
32,4,128,workload,transformer,1,5,complete,65536,53248,41728,38656,1.2307692307692308,1.0,0.7836538461538461,0.7259615384615384,21.634615384615387,27.403846153846157,/home/yj3616/workspace/phd-research/research-notes/max-resource-sweep-20260928/bandwidth-allow01-audit-20261005/cases/c32-core4/transformer/rotation/design.json,/home/yj3616/workspace/phd-research/research-notes/max-resource-sweep-20260928/bandwidth-allow01-audit-20261005/cases/c32-core4/transformer/reflection/design.json
32,4,128,workload,transformer_cell,1,5,complete,65536,53248,41728,38656,1.2307692307692308,1.0,0.7836538461538461,0.7259615384615384,21.634615384615387,27.403846153846157,/home/yj3616/workspace/phd-research/research-notes/max-resource-sweep-20260928/bandwidth-allow01-audit-20261005/cases/c32-core4/transformer_cell/rotation/design.json,/home/yj3616/workspace/phd-research/research-notes/max-resource-sweep-20260928/bandwidth-allow01-audit-20261005/cases/c32-core4/transformer_cell/reflection/design.json
32,4,128,workload,vgg19,1,3,complete,49152,39936,36864,36608,1.2307692307692308,1.0,0.9230769230769231,0.9166666666666666,7.692307692307687,8.333333333333337,/home/yj3616/workspace/phd-research/research-notes/max-resource-sweep-20260928/bandwidth-allow01-audit-20261005/cases/c32-core4/vgg19/rotation/design.json,/home/yj3616/workspace/phd-research/research-notes/max-resource-sweep-20260928/bandwidth-allow01-audit-20261005/cases/c32-core4/vgg19/reflection/design.json
32,16,512,all,ALL17,17,62,complete,131072,106496,87488,87488,1.2307692307692308,1.0,0.8215144230769231,0.8215144230769231,17.848557692307686,17.848557692307686,/home/yj3616/workspace/phd-research/research-notes/max-resource-sweep-20260928/bandwidth-allow01-audit-20261005/cases/c32-core16/ALL17/rotation/design.json,/home/yj3616/workspace/phd-research/research-notes/max-resource-sweep-20260928/bandwidth-allow01-audit-20261005/cases/c32-core16/ALL17/reflection/design.json
32,16,512,group,CNN,10,32,complete,131072,106496,87488,87488,1.2307692307692308,1.0,0.8215144230769231,0.8215144230769231,17.848557692307686,17.848557692307686,/home/yj3616/workspace/phd-research/research-notes/max-resource-sweep-20260928/bandwidth-allow01-audit-20261005/cases/c32-core16/CNN/rotation/design.json,/home/yj3616/workspace/phd-research/research-notes/max-resource-sweep-20260928/bandwidth-allow01-audit-20261005/cases/c32-core16/CNN/reflection/design.json
32,16,512,group,RNN,2,10,complete,49152,39936,33792,32512,1.2307692307692308,1.0,0.8461538461538461,0.8141025641025641,15.384615384615385,18.58974358974359,/home/yj3616/workspace/phd-research/research-notes/max-resource-sweep-20260928/bandwidth-allow01-audit-20261005/cases/c32-core16/RNN/rotation/design.json,/home/yj3616/workspace/phd-research/research-notes/max-resource-sweep-20260928/bandwidth-allow01-audit-20261005/cases/c32-core16/RNN/reflection/design.json
32,16,512,group,Transformer,5,20,complete,131072,106496,83840,82368,1.2307692307692308,1.0,0.7872596153846154,0.7734375,21.27403846153846,22.65625,/home/yj3616/workspace/phd-research/research-notes/max-resource-sweep-20260928/bandwidth-allow01-audit-20261005/cases/c32-core16/Transformer/rotation/design.json,/home/yj3616/workspace/phd-research/research-notes/max-resource-sweep-20260928/bandwidth-allow01-audit-20261005/cases/c32-core16/Transformer/reflection/design.json
32,16,512,workload,bert_block,1,3,complete,131072,106496,81920,80384,1.2307692307692308,1.0,0.7692307692307693,0.7548076923076923,23.076923076923073,24.51923076923077,/home/yj3616/workspace/phd-research/research-notes/max-resource-sweep-20260928/bandwidth-allow01-audit-20261005/cases/c32-core16/bert_block/rotation/design.json,/home/yj3616/workspace/phd-research/research-notes/max-resource-sweep-20260928/bandwidth-allow01-audit-20261005/cases/c32-core16/bert_block/reflection/design.json
32,16,512,workload,darknet19,1,5,complete,114688,93184,72064,71680,1.2307692307692308,1.0,0.7733516483516484,0.7692307692307693,22.66483516483516,23.076923076923073,/home/yj3616/workspace/phd-research/research-notes/max-resource-sweep-20260928/bandwidth-allow01-audit-20261005/cases/c32-core16/darknet19/rotation/design.json,/home/yj3616/workspace/phd-research/research-notes/max-resource-sweep-20260928/bandwidth-allow01-audit-20261005/cases/c32-core16/darknet19/reflection/design.json
32,16,512,workload,densenet,1,1,complete,131072,106496,84992,83456,1.2307692307692308,1.0,0.7980769230769231,0.7836538461538461,20.192307692307686,21.634615384615387,/home/yj3616/workspace/phd-research/research-notes/max-resource-sweep-20260928/bandwidth-allow01-audit-20261005/cases/c32-core16/densenet/rotation/design.json,/home/yj3616/workspace/phd-research/research-notes/max-resource-sweep-20260928/bandwidth-allow01-audit-20261005/cases/c32-core16/densenet/reflection/design.json
32,16,512,workload,gnmt,1,5,complete,49152,39936,33792,32512,1.2307692307692308,1.0,0.8461538461538461,0.8141025641025641,15.384615384615385,18.58974358974359,/home/yj3616/workspace/phd-research/research-notes/max-resource-sweep-20260928/bandwidth-allow01-audit-20261005/cases/c32-core16/gnmt/rotation/design.json,/home/yj3616/workspace/phd-research/research-notes/max-resource-sweep-20260928/bandwidth-allow01-audit-20261005/cases/c32-core16/gnmt/reflection/design.json
32,16,512,workload,googlenet,1,4,complete,131072,106496,80384,80384,1.2307692307692308,1.0,0.7548076923076923,0.7548076923076923,24.51923076923077,24.51923076923077,/home/yj3616/workspace/phd-research/research-notes/max-resource-sweep-20260928/bandwidth-allow01-audit-20261005/cases/c32-core16/googlenet/rotation/design.json,/home/yj3616/workspace/phd-research/research-notes/max-resource-sweep-20260928/bandwidth-allow01-audit-20261005/cases/c32-core16/googlenet/reflection/design.json
32,16,512,workload,gpt_decode_block,1,5,complete,131072,106496,71680,67584,1.2307692307692308,1.0,0.6730769230769231,0.6346153846153846,32.692307692307686,36.53846153846154,/home/yj3616/workspace/phd-research/research-notes/max-resource-sweep-20260928/bandwidth-allow01-audit-20261005/cases/c32-core16/gpt_decode_block/rotation/design.json,/home/yj3616/workspace/phd-research/research-notes/max-resource-sweep-20260928/bandwidth-allow01-audit-20261005/cases/c32-core16/gpt_decode_block/reflection/design.json
32,16,512,workload,gpt_prefill_block,1,2,complete,131072,106496,81920,80384,1.2307692307692308,1.0,0.7692307692307693,0.7548076923076923,23.076923076923073,24.51923076923077,/home/yj3616/workspace/phd-research/research-notes/max-resource-sweep-20260928/bandwidth-allow01-audit-20261005/cases/c32-core16/gpt_prefill_block/rotation/design.json,/home/yj3616/workspace/phd-research/research-notes/max-resource-sweep-20260928/bandwidth-allow01-audit-20261005/cases/c32-core16/gpt_prefill_block/reflection/design.json
32,16,512,workload,inception_resnet_v1,1,3,complete,131072,106496,81856,81856,1.2307692307692308,1.0,0.7686298076923077,0.7686298076923077,23.13701923076923,23.13701923076923,/home/yj3616/workspace/phd-research/research-notes/max-resource-sweep-20260928/bandwidth-allow01-audit-20261005/cases/c32-core16/inception_resnet_v1/rotation/design.json,/home/yj3616/workspace/phd-research/research-notes/max-resource-sweep-20260928/bandwidth-allow01-audit-20261005/cases/c32-core16/inception_resnet_v1/reflection/design.json
32,16,512,workload,lstm,1,5,complete,32768,26624,20480,20480,1.2307692307692308,1.0,0.7692307692307693,0.7692307692307693,23.076923076923073,23.076923076923073,/home/yj3616/workspace/phd-research/research-notes/max-resource-sweep-20260928/bandwidth-allow01-audit-20261005/cases/c32-core16/lstm/rotation/design.json,/home/yj3616/workspace/phd-research/research-notes/max-resource-sweep-20260928/bandwidth-allow01-audit-20261005/cases/c32-core16/lstm/reflection/design.json
32,16,512,workload,pnasnet,1,4,complete,114688,93184,81920,81792,1.2307692307692308,1.0,0.8791208791208791,0.8777472527472527,12.08791208791209,12.225274725274726,/home/yj3616/workspace/phd-research/research-notes/max-resource-sweep-20260928/bandwidth-allow01-audit-20261005/cases/c32-core16/pnasnet/rotation/design.json,/home/yj3616/workspace/phd-research/research-notes/max-resource-sweep-20260928/bandwidth-allow01-audit-20261005/cases/c32-core16/pnasnet/reflection/design.json
32,16,512,workload,resnet101,1,2,complete,131072,106496,82688,82688,1.2307692307692308,1.0,0.7764423076923077,0.7764423076923077,22.35576923076923,22.35576923076923,/home/yj3616/workspace/phd-research/research-notes/max-resource-sweep-20260928/bandwidth-allow01-audit-20261005/cases/c32-core16/resnet101/rotation/design.json,/home/yj3616/workspace/phd-research/research-notes/max-resource-sweep-20260928/bandwidth-allow01-audit-20261005/cases/c32-core16/resnet101/reflection/design.json
32,16,512,workload,resnet152,1,2,complete,131072,106496,87488,86720,1.2307692307692308,1.0,0.8215144230769231,0.8143028846153846,17.848557692307686,18.56971153846154,/home/yj3616/workspace/phd-research/research-notes/max-resource-sweep-20260928/bandwidth-allow01-audit-20261005/cases/c32-core16/resnet152/rotation/design.json,/home/yj3616/workspace/phd-research/research-notes/max-resource-sweep-20260928/bandwidth-allow01-audit-20261005/cases/c32-core16/resnet152/reflection/design.json
32,16,512,workload,resnet50,1,4,complete,131072,106496,80384,80384,1.2307692307692308,1.0,0.7548076923076923,0.7548076923076923,24.51923076923077,24.51923076923077,/home/yj3616/workspace/phd-research/research-notes/max-resource-sweep-20260928/bandwidth-allow01-audit-20261005/cases/c32-core16/resnet50/rotation/design.json,/home/yj3616/workspace/phd-research/research-notes/max-resource-sweep-20260928/bandwidth-allow01-audit-20261005/cases/c32-core16/resnet50/reflection/design.json
32,16,512,workload,resnext50,1,3,complete,131072,106496,82688,82688,1.2307692307692308,1.0,0.7764423076923077,0.7764423076923077,22.35576923076923,22.35576923076923,/home/yj3616/workspace/phd-research/research-notes/max-resource-sweep-20260928/bandwidth-allow01-audit-20261005/cases/c32-core16/resnext50/rotation/design.json,/home/yj3616/workspace/phd-research/research-notes/max-resource-sweep-20260928/bandwidth-allow01-audit-20261005/cases/c32-core16/resnext50/reflection/design.json
32,16,512,workload,transformer,1,5,complete,114688,93184,81920,80384,1.2307692307692308,1.0,0.8791208791208791,0.8626373626373627,12.08791208791209,13.736263736263732,/home/yj3616/workspace/phd-research/research-notes/max-resource-sweep-20260928/bandwidth-allow01-audit-20261005/cases/c32-core16/transformer/rotation/design.json,/home/yj3616/workspace/phd-research/research-notes/max-resource-sweep-20260928/bandwidth-allow01-audit-20261005/cases/c32-core16/transformer/reflection/design.json
32,16,512,workload,transformer_cell,1,5,complete,114688,93184,76864,76480,1.2307692307692308,1.0,0.8248626373626373,0.8207417582417582,17.51373626373627,17.92582417582418,/home/yj3616/workspace/phd-research/research-notes/max-resource-sweep-20260928/bandwidth-allow01-audit-20261005/cases/c32-core16/transformer_cell/rotation/design.json,/home/yj3616/workspace/phd-research/research-notes/max-resource-sweep-20260928/bandwidth-allow01-audit-20261005/cases/c32-core16/transformer_cell/reflection/design.json
32,16,512,workload,vgg19,1,4,complete,65536,53248,47104,46336,1.2307692307692308,1.0,0.8846153846153846,0.8701923076923077,11.538461538461542,12.98076923076923,/home/yj3616/workspace/phd-research/research-notes/max-resource-sweep-20260928/bandwidth-allow01-audit-20261005/cases/c32-core16/vgg19/rotation/design.json,/home/yj3616/workspace/phd-research/research-notes/max-resource-sweep-20260928/bandwidth-allow01-audit-20261005/cases/c32-core16/vgg19/reflection/design.json
64,1,64,all,ALL17,17,81,complete,229376,200704,137216,133120,1.1428571428571428,1.0,0.6836734693877551,0.6632653061224489,31.63265306122449,33.673469387755105,/home/yj3616/workspace/phd-research/research-notes/max-resource-sweep-20260928/bandwidth-allow01-audit-20261005/cases/c64-core1/ALL17/rotation/design.json,/home/yj3616/workspace/phd-research/research-notes/max-resource-sweep-20260928/bandwidth-allow01-audit-20261005/cases/c64-core1/ALL17/reflection/design.json
64,1,64,group,CNN,10,46,complete,131072,114688,95488,93184,1.1428571428571428,1.0,0.8325892857142857,0.8125,16.74107142857143,18.75,/home/yj3616/workspace/phd-research/research-notes/max-resource-sweep-20260928/bandwidth-allow01-audit-20261005/cases/c64-core1/CNN/rotation/design.json,/home/yj3616/workspace/phd-research/research-notes/max-resource-sweep-20260928/bandwidth-allow01-audit-20261005/cases/c64-core1/CNN/reflection/design.json
64,1,64,group,RNN,2,10,complete,229376,200704,137216,133056,1.1428571428571428,1.0,0.6836734693877551,0.6629464285714286,31.63265306122449,33.70535714285714,/home/yj3616/workspace/phd-research/research-notes/max-resource-sweep-20260928/bandwidth-allow01-audit-20261005/cases/c64-core1/RNN/rotation/design.json,/home/yj3616/workspace/phd-research/research-notes/max-resource-sweep-20260928/bandwidth-allow01-audit-20261005/cases/c64-core1/RNN/reflection/design.json
64,1,64,group,Transformer,5,25,complete,98304,86016,83968,83712,1.1428571428571428,1.0,0.9761904761904762,0.9732142857142857,2.3809523809523836,2.67857142857143,/home/yj3616/workspace/phd-research/research-notes/max-resource-sweep-20260928/bandwidth-allow01-audit-20261005/cases/c64-core1/Transformer/rotation/design.json,/home/yj3616/workspace/phd-research/research-notes/max-resource-sweep-20260928/bandwidth-allow01-audit-20261005/cases/c64-core1/Transformer/reflection/design.json
64,1,64,workload,bert_block,1,5,complete,65536,57344,46080,46080,1.1428571428571428,1.0,0.8035714285714286,0.8035714285714286,19.64285714285714,19.64285714285714,/home/yj3616/workspace/phd-research/research-notes/max-resource-sweep-20260928/bandwidth-allow01-audit-20261005/cases/c64-core1/bert_block/rotation/design.json,/home/yj3616/workspace/phd-research/research-notes/max-resource-sweep-20260928/bandwidth-allow01-audit-20261005/cases/c64-core1/bert_block/reflection/design.json
64,1,64,workload,darknet19,1,5,complete,65536,57344,46080,46080,1.1428571428571428,1.0,0.8035714285714286,0.8035714285714286,19.64285714285714,19.64285714285714,/home/yj3616/workspace/phd-research/research-notes/max-resource-sweep-20260928/bandwidth-allow01-audit-20261005/cases/c64-core1/darknet19/rotation/design.json,/home/yj3616/workspace/phd-research/research-notes/max-resource-sweep-20260928/bandwidth-allow01-audit-20261005/cases/c64-core1/darknet19/reflection/design.json
64,1,64,workload,densenet,1,4,complete,98304,86016,74752,73984,1.1428571428571428,1.0,0.8690476190476191,0.8601190476190477,13.095238095238093,13.988095238095234,/home/yj3616/workspace/phd-research/research-notes/max-resource-sweep-20260928/bandwidth-allow01-audit-20261005/cases/c64-core1/densenet/rotation/design.json,/home/yj3616/workspace/phd-research/research-notes/max-resource-sweep-20260928/bandwidth-allow01-audit-20261005/cases/c64-core1/densenet/reflection/design.json
64,1,64,workload,gnmt,1,5,complete,229376,200704,137216,133056,1.1428571428571428,1.0,0.6836734693877551,0.6629464285714286,31.63265306122449,33.70535714285714,/home/yj3616/workspace/phd-research/research-notes/max-resource-sweep-20260928/bandwidth-allow01-audit-20261005/cases/c64-core1/gnmt/rotation/design.json,/home/yj3616/workspace/phd-research/research-notes/max-resource-sweep-20260928/bandwidth-allow01-audit-20261005/cases/c64-core1/gnmt/reflection/design.json
64,1,64,workload,googlenet,1,5,complete,98304,86016,71680,67072,1.1428571428571428,1.0,0.8333333333333334,0.7797619047619048,16.666666666666664,22.023809523809522,/home/yj3616/workspace/phd-research/research-notes/max-resource-sweep-20260928/bandwidth-allow01-audit-20261005/cases/c64-core1/googlenet/rotation/design.json,/home/yj3616/workspace/phd-research/research-notes/max-resource-sweep-20260928/bandwidth-allow01-audit-20261005/cases/c64-core1/googlenet/reflection/design.json
64,1,64,workload,gpt_decode_block,1,5,complete,98304,86016,83968,83456,1.1428571428571428,1.0,0.9761904761904762,0.9702380952380952,2.3809523809523836,2.9761904761904767,/home/yj3616/workspace/phd-research/research-notes/max-resource-sweep-20260928/bandwidth-allow01-audit-20261005/cases/c64-core1/gpt_decode_block/rotation/design.json,/home/yj3616/workspace/phd-research/research-notes/max-resource-sweep-20260928/bandwidth-allow01-audit-20261005/cases/c64-core1/gpt_decode_block/reflection/design.json
64,1,64,workload,gpt_prefill_block,1,5,complete,65536,57344,46080,46080,1.1428571428571428,1.0,0.8035714285714286,0.8035714285714286,19.64285714285714,19.64285714285714,/home/yj3616/workspace/phd-research/research-notes/max-resource-sweep-20260928/bandwidth-allow01-audit-20261005/cases/c64-core1/gpt_prefill_block/rotation/design.json,/home/yj3616/workspace/phd-research/research-notes/max-resource-sweep-20260928/bandwidth-allow01-audit-20261005/cases/c64-core1/gpt_prefill_block/reflection/design.json
64,1,64,workload,inception_resnet_v1,1,5,complete,98304,86016,74752,74240,1.1428571428571428,1.0,0.8690476190476191,0.8630952380952381,13.095238095238093,13.690476190476186,/home/yj3616/workspace/phd-research/research-notes/max-resource-sweep-20260928/bandwidth-allow01-audit-20261005/cases/c64-core1/inception_resnet_v1/rotation/design.json,/home/yj3616/workspace/phd-research/research-notes/max-resource-sweep-20260928/bandwidth-allow01-audit-20261005/cases/c64-core1/inception_resnet_v1/reflection/design.json
64,1,64,workload,lstm,1,5,complete,229376,200704,137216,132864,1.1428571428571428,1.0,0.6836734693877551,0.6619897959183674,31.63265306122449,33.80102040816326,/home/yj3616/workspace/phd-research/research-notes/max-resource-sweep-20260928/bandwidth-allow01-audit-20261005/cases/c64-core1/lstm/rotation/design.json,/home/yj3616/workspace/phd-research/research-notes/max-resource-sweep-20260928/bandwidth-allow01-audit-20261005/cases/c64-core1/lstm/reflection/design.json
64,1,64,workload,pnasnet,1,5,complete,98304,86016,85760,85248,1.1428571428571428,1.0,0.9970238095238095,0.9910714285714286,0.29761904761904656,0.8928571428571397,/home/yj3616/workspace/phd-research/research-notes/max-resource-sweep-20260928/bandwidth-allow01-audit-20261005/cases/c64-core1/pnasnet/rotation/design.json,/home/yj3616/workspace/phd-research/research-notes/max-resource-sweep-20260928/bandwidth-allow01-audit-20261005/cases/c64-core1/pnasnet/reflection/design.json
64,1,64,workload,resnet101,1,5,complete,98304,86016,79360,77824,1.1428571428571428,1.0,0.9226190476190477,0.9047619047619048,7.738095238095233,9.523809523809524,/home/yj3616/workspace/phd-research/research-notes/max-resource-sweep-20260928/bandwidth-allow01-audit-20261005/cases/c64-core1/resnet101/rotation/design.json,/home/yj3616/workspace/phd-research/research-notes/max-resource-sweep-20260928/bandwidth-allow01-audit-20261005/cases/c64-core1/resnet101/reflection/design.json
64,1,64,workload,resnet152,1,4,complete,65536,57344,57344,57088,1.1428571428571428,1.0,1.0,0.9955357142857143,0.0,0.44642857142856984,/home/yj3616/workspace/phd-research/research-notes/max-resource-sweep-20260928/bandwidth-allow01-audit-20261005/cases/c64-core1/resnet152/rotation/design.json,/home/yj3616/workspace/phd-research/research-notes/max-resource-sweep-20260928/bandwidth-allow01-audit-20261005/cases/c64-core1/resnet152/reflection/design.json
64,1,64,workload,resnet50,1,5,complete,98304,86016,74752,74752,1.1428571428571428,1.0,0.8690476190476191,0.8690476190476191,13.095238095238093,13.095238095238093,/home/yj3616/workspace/phd-research/research-notes/max-resource-sweep-20260928/bandwidth-allow01-audit-20261005/cases/c64-core1/resnet50/rotation/design.json,/home/yj3616/workspace/phd-research/research-notes/max-resource-sweep-20260928/bandwidth-allow01-audit-20261005/cases/c64-core1/resnet50/reflection/design.json
64,1,64,workload,resnext50,1,5,complete,131072,114688,84480,83712,1.1428571428571428,1.0,0.7366071428571429,0.7299107142857143,26.339285714285708,27.00892857142857,/home/yj3616/workspace/phd-research/research-notes/max-resource-sweep-20260928/bandwidth-allow01-audit-20261005/cases/c64-core1/resnext50/rotation/design.json,/home/yj3616/workspace/phd-research/research-notes/max-resource-sweep-20260928/bandwidth-allow01-audit-20261005/cases/c64-core1/resnext50/reflection/design.json
64,1,64,workload,transformer,1,5,complete,65536,57344,48128,47616,1.1428571428571428,1.0,0.8392857142857143,0.8303571428571429,16.07142857142857,16.964285714285708,/home/yj3616/workspace/phd-research/research-notes/max-resource-sweep-20260928/bandwidth-allow01-audit-20261005/cases/c64-core1/transformer/rotation/design.json,/home/yj3616/workspace/phd-research/research-notes/max-resource-sweep-20260928/bandwidth-allow01-audit-20261005/cases/c64-core1/transformer/reflection/design.json
64,1,64,workload,transformer_cell,1,5,complete,65536,57344,48128,47616,1.1428571428571428,1.0,0.8392857142857143,0.8303571428571429,16.07142857142857,16.964285714285708,/home/yj3616/workspace/phd-research/research-notes/max-resource-sweep-20260928/bandwidth-allow01-audit-20261005/cases/c64-core1/transformer_cell/rotation/design.json,/home/yj3616/workspace/phd-research/research-notes/max-resource-sweep-20260928/bandwidth-allow01-audit-20261005/cases/c64-core1/transformer_cell/reflection/design.json
64,1,64,workload,vgg19,1,3,complete,65536,57344,46080,45824,1.1428571428571428,1.0,0.8035714285714286,0.7991071428571429,19.64285714285714,20.089285714285708,/home/yj3616/workspace/phd-research/research-notes/max-resource-sweep-20260928/bandwidth-allow01-audit-20261005/cases/c64-core1/vgg19/rotation/design.json,/home/yj3616/workspace/phd-research/research-notes/max-resource-sweep-20260928/bandwidth-allow01-audit-20261005/cases/c64-core1/vgg19/reflection/design.json
64,4,256,all,ALL17,17,70,complete,131072,114688,110080,110080,1.1428571428571428,1.0,0.9598214285714286,0.9598214285714286,4.01785714285714,4.01785714285714,/home/yj3616/workspace/phd-research/research-notes/max-resource-sweep-20260928/bandwidth-allow01-audit-20261005/cases/c64-core4/ALL17/rotation/design.json,/home/yj3616/workspace/phd-research/research-notes/max-resource-sweep-20260928/bandwidth-allow01-audit-20261005/cases/c64-core4/ALL17/reflection/design.json
64,4,256,group,CNN,10,43,complete,131072,114688,110080,110080,1.1428571428571428,1.0,0.9598214285714286,0.9598214285714286,4.01785714285714,4.01785714285714,/home/yj3616/workspace/phd-research/research-notes/max-resource-sweep-20260928/bandwidth-allow01-audit-20261005/cases/c64-core4/CNN/rotation/design.json,/home/yj3616/workspace/phd-research/research-notes/max-resource-sweep-20260928/bandwidth-allow01-audit-20261005/cases/c64-core4/CNN/reflection/design.json
64,4,256,group,RNN,2,10,complete,65536,57344,55296,55040,1.1428571428571428,1.0,0.9642857142857143,0.9598214285714286,3.57142857142857,4.01785714285714,/home/yj3616/workspace/phd-research/research-notes/max-resource-sweep-20260928/bandwidth-allow01-audit-20261005/cases/c64-core4/RNN/rotation/design.json,/home/yj3616/workspace/phd-research/research-notes/max-resource-sweep-20260928/bandwidth-allow01-audit-20261005/cases/c64-core4/RNN/reflection/design.json
64,4,256,group,Transformer,5,17,complete,131072,114688,109568,109568,1.1428571428571428,1.0,0.9553571428571429,0.9553571428571429,4.46428571428571,4.46428571428571,/home/yj3616/workspace/phd-research/research-notes/max-resource-sweep-20260928/bandwidth-allow01-audit-20261005/cases/c64-core4/Transformer/rotation/design.json,/home/yj3616/workspace/phd-research/research-notes/max-resource-sweep-20260928/bandwidth-allow01-audit-20261005/cases/c64-core4/Transformer/reflection/design.json
64,4,256,workload,bert_block,1,5,complete,98304,86016,74752,74752,1.1428571428571428,1.0,0.8690476190476191,0.8690476190476191,13.095238095238093,13.095238095238093,/home/yj3616/workspace/phd-research/research-notes/max-resource-sweep-20260928/bandwidth-allow01-audit-20261005/cases/c64-core4/bert_block/rotation/design.json,/home/yj3616/workspace/phd-research/research-notes/max-resource-sweep-20260928/bandwidth-allow01-audit-20261005/cases/c64-core4/bert_block/reflection/design.json
64,4,256,workload,darknet19,1,3,complete,131072,114688,103424,103424,1.1428571428571428,1.0,0.9017857142857143,0.9017857142857143,9.82142857142857,9.82142857142857,/home/yj3616/workspace/phd-research/research-notes/max-resource-sweep-20260928/bandwidth-allow01-audit-20261005/cases/c64-core4/darknet19/rotation/design.json,/home/yj3616/workspace/phd-research/research-notes/max-resource-sweep-20260928/bandwidth-allow01-audit-20261005/cases/c64-core4/darknet19/reflection/design.json
64,4,256,workload,densenet,1,3,complete,131072,114688,110080,110080,1.1428571428571428,1.0,0.9598214285714286,0.9598214285714286,4.01785714285714,4.01785714285714,/home/yj3616/workspace/phd-research/research-notes/max-resource-sweep-20260928/bandwidth-allow01-audit-20261005/cases/c64-core4/densenet/rotation/design.json,/home/yj3616/workspace/phd-research/research-notes/max-resource-sweep-20260928/bandwidth-allow01-audit-20261005/cases/c64-core4/densenet/reflection/design.json
64,4,256,workload,gnmt,1,5,complete,65536,57344,55296,55040,1.1428571428571428,1.0,0.9642857142857143,0.9598214285714286,3.57142857142857,4.01785714285714,/home/yj3616/workspace/phd-research/research-notes/max-resource-sweep-20260928/bandwidth-allow01-audit-20261005/cases/c64-core4/gnmt/rotation/design.json,/home/yj3616/workspace/phd-research/research-notes/max-resource-sweep-20260928/bandwidth-allow01-audit-20261005/cases/c64-core4/gnmt/reflection/design.json
64,4,256,workload,googlenet,1,5,complete,131072,114688,103424,103424,1.1428571428571428,1.0,0.9017857142857143,0.9017857142857143,9.82142857142857,9.82142857142857,/home/yj3616/workspace/phd-research/research-notes/max-resource-sweep-20260928/bandwidth-allow01-audit-20261005/cases/c64-core4/googlenet/rotation/design.json,/home/yj3616/workspace/phd-research/research-notes/max-resource-sweep-20260928/bandwidth-allow01-audit-20261005/cases/c64-core4/googlenet/reflection/design.json
64,4,256,workload,gpt_decode_block,1,5,complete,131072,114688,99712,98432,1.1428571428571428,1.0,0.8694196428571429,0.8582589285714286,13.05803571428571,14.174107142857139,/home/yj3616/workspace/phd-research/research-notes/max-resource-sweep-20260928/bandwidth-allow01-audit-20261005/cases/c64-core4/gpt_decode_block/rotation/design.json,/home/yj3616/workspace/phd-research/research-notes/max-resource-sweep-20260928/bandwidth-allow01-audit-20261005/cases/c64-core4/gpt_decode_block/reflection/design.json
64,4,256,workload,gpt_prefill_block,1,2,complete,131072,114688,103424,102656,1.1428571428571428,1.0,0.9017857142857143,0.8950892857142857,9.82142857142857,10.49107142857143,/home/yj3616/workspace/phd-research/research-notes/max-resource-sweep-20260928/bandwidth-allow01-audit-20261005/cases/c64-core4/gpt_prefill_block/rotation/design.json,/home/yj3616/workspace/phd-research/research-notes/max-resource-sweep-20260928/bandwidth-allow01-audit-20261005/cases/c64-core4/gpt_prefill_block/reflection/design.json
64,4,256,workload,inception_resnet_v1,1,5,complete,131072,114688,110080,110080,1.1428571428571428,1.0,0.9598214285714286,0.9598214285714286,4.01785714285714,4.01785714285714,/home/yj3616/workspace/phd-research/research-notes/max-resource-sweep-20260928/bandwidth-allow01-audit-20261005/cases/c64-core4/inception_resnet_v1/rotation/design.json,/home/yj3616/workspace/phd-research/research-notes/max-resource-sweep-20260928/bandwidth-allow01-audit-20261005/cases/c64-core4/inception_resnet_v1/reflection/design.json
64,4,256,workload,lstm,1,5,complete,65536,57344,42240,40320,1.1428571428571428,1.0,0.7366071428571429,0.703125,26.339285714285708,29.6875,/home/yj3616/workspace/phd-research/research-notes/max-resource-sweep-20260928/bandwidth-allow01-audit-20261005/cases/c64-core4/lstm/rotation/design.json,/home/yj3616/workspace/phd-research/research-notes/max-resource-sweep-20260928/bandwidth-allow01-audit-20261005/cases/c64-core4/lstm/reflection/design.json
64,4,256,workload,pnasnet,1,4,complete,98304,86016,86016,85632,1.1428571428571428,1.0,1.0,0.9955357142857143,0.0,0.44642857142856984,/home/yj3616/workspace/phd-research/research-notes/max-resource-sweep-20260928/bandwidth-allow01-audit-20261005/cases/c64-core4/pnasnet/rotation/design.json,/home/yj3616/workspace/phd-research/research-notes/max-resource-sweep-20260928/bandwidth-allow01-audit-20261005/cases/c64-core4/pnasnet/reflection/design.json
64,4,256,workload,resnet101,1,5,complete,131072,114688,103424,103424,1.1428571428571428,1.0,0.9017857142857143,0.9017857142857143,9.82142857142857,9.82142857142857,/home/yj3616/workspace/phd-research/research-notes/max-resource-sweep-20260928/bandwidth-allow01-audit-20261005/cases/c64-core4/resnet101/rotation/design.json,/home/yj3616/workspace/phd-research/research-notes/max-resource-sweep-20260928/bandwidth-allow01-audit-20261005/cases/c64-core4/resnet101/reflection/design.json
64,4,256,workload,resnet152,1,5,complete,131072,114688,103424,103424,1.1428571428571428,1.0,0.9017857142857143,0.9017857142857143,9.82142857142857,9.82142857142857,/home/yj3616/workspace/phd-research/research-notes/max-resource-sweep-20260928/bandwidth-allow01-audit-20261005/cases/c64-core4/resnet152/rotation/design.json,/home/yj3616/workspace/phd-research/research-notes/max-resource-sweep-20260928/bandwidth-allow01-audit-20261005/cases/c64-core4/resnet152/reflection/design.json
64,4,256,workload,resnet50,1,5,complete,131072,114688,110080,110080,1.1428571428571428,1.0,0.9598214285714286,0.9598214285714286,4.01785714285714,4.01785714285714,/home/yj3616/workspace/phd-research/research-notes/max-resource-sweep-20260928/bandwidth-allow01-audit-20261005/cases/c64-core4/resnet50/rotation/design.json,/home/yj3616/workspace/phd-research/research-notes/max-resource-sweep-20260928/bandwidth-allow01-audit-20261005/cases/c64-core4/resnet50/reflection/design.json
64,4,256,workload,resnext50,1,5,complete,131072,114688,103424,103424,1.1428571428571428,1.0,0.9017857142857143,0.9017857142857143,9.82142857142857,9.82142857142857,/home/yj3616/workspace/phd-research/research-notes/max-resource-sweep-20260928/bandwidth-allow01-audit-20261005/cases/c64-core4/resnext50/rotation/design.json,/home/yj3616/workspace/phd-research/research-notes/max-resource-sweep-20260928/bandwidth-allow01-audit-20261005/cases/c64-core4/resnext50/reflection/design.json
64,4,256,workload,transformer,1,2,complete,131072,114688,103424,102656,1.1428571428571428,1.0,0.9017857142857143,0.8950892857142857,9.82142857142857,10.49107142857143,/home/yj3616/workspace/phd-research/research-notes/max-resource-sweep-20260928/bandwidth-allow01-audit-20261005/cases/c64-core4/transformer/rotation/design.json,/home/yj3616/workspace/phd-research/research-notes/max-resource-sweep-20260928/bandwidth-allow01-audit-20261005/cases/c64-core4/transformer/reflection/design.json
64,4,256,workload,transformer_cell,1,3,complete,131072,114688,103424,102656,1.1428571428571428,1.0,0.9017857142857143,0.8950892857142857,9.82142857142857,10.49107142857143,/home/yj3616/workspace/phd-research/research-notes/max-resource-sweep-20260928/bandwidth-allow01-audit-20261005/cases/c64-core4/transformer_cell/rotation/design.json,/home/yj3616/workspace/phd-research/research-notes/max-resource-sweep-20260928/bandwidth-allow01-audit-20261005/cases/c64-core4/transformer_cell/reflection/design.json
64,4,256,workload,vgg19,1,3,complete,98304,86016,74752,74240,1.1428571428571428,1.0,0.8690476190476191,0.8630952380952381,13.095238095238093,13.690476190476186,/home/yj3616/workspace/phd-research/research-notes/max-resource-sweep-20260928/bandwidth-allow01-audit-20261005/cases/c64-core4/vgg19/rotation/design.json,/home/yj3616/workspace/phd-research/research-notes/max-resource-sweep-20260928/bandwidth-allow01-audit-20261005/cases/c64-core4/vgg19/reflection/design.json
64,16,1024,all,ALL17,17,55,complete,294912,258048,221568,220736,1.1428571428571428,1.0,0.8586309523809523,0.855406746031746,14.136904761904766,14.459325396825395,/home/yj3616/workspace/phd-research/research-notes/max-resource-sweep-20260928/bandwidth-allow01-audit-20261005/cases/c64-core16/ALL17/rotation/design.json,/home/yj3616/workspace/phd-research/research-notes/max-resource-sweep-20260928/bandwidth-allow01-audit-20261005/cases/c64-core16/ALL17/reflection/design.json
64,16,1024,group,CNN,10,27,complete,294912,258048,221568,219968,1.1428571428571428,1.0,0.8586309523809523,0.8524305555555556,14.136904761904766,14.756944444444443,/home/yj3616/workspace/phd-research/research-notes/max-resource-sweep-20260928/bandwidth-allow01-audit-20261005/cases/c64-core16/CNN/rotation/design.json,/home/yj3616/workspace/phd-research/research-notes/max-resource-sweep-20260928/bandwidth-allow01-audit-20261005/cases/c64-core16/CNN/reflection/design.json
64,16,1024,group,RNN,2,10,complete,294912,258048,179072,176128,1.1428571428571428,1.0,0.6939484126984127,0.6825396825396826,30.60515873015873,31.746031746031743,/home/yj3616/workspace/phd-research/research-notes/max-resource-sweep-20260928/bandwidth-allow01-audit-20261005/cases/c64-core16/RNN/rotation/design.json,/home/yj3616/workspace/phd-research/research-notes/max-resource-sweep-20260928/bandwidth-allow01-audit-20261005/cases/c64-core16/RNN/reflection/design.json
64,16,1024,group,Transformer,5,18,complete,294912,258048,211008,208320,1.1428571428571428,1.0,0.8177083333333334,0.8072916666666666,18.229166666666664,19.270833333333336,/home/yj3616/workspace/phd-research/research-notes/max-resource-sweep-20260928/bandwidth-allow01-audit-20261005/cases/c64-core16/Transformer/rotation/design.json,/home/yj3616/workspace/phd-research/research-notes/max-resource-sweep-20260928/bandwidth-allow01-audit-20261005/cases/c64-core16/Transformer/reflection/design.json
64,16,1024,workload,bert_block,1,5,complete,262144,229376,198592,195776,1.1428571428571428,1.0,0.8657924107142857,0.853515625,13.42075892857143,14.6484375,/home/yj3616/workspace/phd-research/research-notes/max-resource-sweep-20260928/bandwidth-allow01-audit-20261005/cases/c64-core16/bert_block/rotation/design.json,/home/yj3616/workspace/phd-research/research-notes/max-resource-sweep-20260928/bandwidth-allow01-audit-20261005/cases/c64-core16/bert_block/reflection/design.json
64,16,1024,workload,darknet19,1,5,complete,262144,229376,185728,185728,1.1428571428571428,1.0,0.8097098214285714,0.8097098214285714,19.02901785714286,19.02901785714286,/home/yj3616/workspace/phd-research/research-notes/max-resource-sweep-20260928/bandwidth-allow01-audit-20261005/cases/c64-core16/darknet19/rotation/design.json,/home/yj3616/workspace/phd-research/research-notes/max-resource-sweep-20260928/bandwidth-allow01-audit-20261005/cases/c64-core16/darknet19/reflection/design.json
64,16,1024,workload,densenet,1,1,complete,294912,258048,186880,186048,1.1428571428571428,1.0,0.7242063492063492,0.7209821428571429,27.579365079365083,27.901785714285708,/home/yj3616/workspace/phd-research/research-notes/max-resource-sweep-20260928/bandwidth-allow01-audit-20261005/cases/c64-core16/densenet/rotation/design.json,/home/yj3616/workspace/phd-research/research-notes/max-resource-sweep-20260928/bandwidth-allow01-audit-20261005/cases/c64-core16/densenet/reflection/design.json
64,16,1024,workload,gnmt,1,5,complete,262144,229376,174656,172928,1.1428571428571428,1.0,0.7614397321428571,0.75390625,23.856026785714292,24.609375,/home/yj3616/workspace/phd-research/research-notes/max-resource-sweep-20260928/bandwidth-allow01-audit-20261005/cases/c64-core16/gnmt/rotation/design.json,/home/yj3616/workspace/phd-research/research-notes/max-resource-sweep-20260928/bandwidth-allow01-audit-20261005/cases/c64-core16/gnmt/reflection/design.json
64,16,1024,workload,googlenet,1,1,complete,294912,258048,187904,186752,1.1428571428571428,1.0,0.7281746031746031,0.7237103174603174,27.182539682539687,27.628968253968257,/home/yj3616/workspace/phd-research/research-notes/max-resource-sweep-20260928/bandwidth-allow01-audit-20261005/cases/c64-core16/googlenet/rotation/design.json,/home/yj3616/workspace/phd-research/research-notes/max-resource-sweep-20260928/bandwidth-allow01-audit-20261005/cases/c64-core16/googlenet/reflection/design.json
64,16,1024,workload,gpt_decode_block,1,5,complete,262144,229376,147264,140992,1.1428571428571428,1.0,0.6420200892857143,0.6146763392857143,35.79799107142857,38.53236607142857,/home/yj3616/workspace/phd-research/research-notes/max-resource-sweep-20260928/bandwidth-allow01-audit-20261005/cases/c64-core16/gpt_decode_block/rotation/design.json,/home/yj3616/workspace/phd-research/research-notes/max-resource-sweep-20260928/bandwidth-allow01-audit-20261005/cases/c64-core16/gpt_decode_block/reflection/design.json
64,16,1024,workload,gpt_prefill_block,1,5,complete,262144,229376,201536,199680,1.1428571428571428,1.0,0.8786272321428571,0.8705357142857143,12.13727678571429,12.94642857142857,/home/yj3616/workspace/phd-research/research-notes/max-resource-sweep-20260928/bandwidth-allow01-audit-20261005/cases/c64-core16/gpt_prefill_block/rotation/design.json,/home/yj3616/workspace/phd-research/research-notes/max-resource-sweep-20260928/bandwidth-allow01-audit-20261005/cases/c64-core16/gpt_prefill_block/reflection/design.json
64,16,1024,workload,inception_resnet_v1,1,5,complete,262144,229376,175424,175040,1.1428571428571428,1.0,0.7647879464285714,0.7631138392857143,23.52120535714286,23.68861607142857,/home/yj3616/workspace/phd-research/research-notes/max-resource-sweep-20260928/bandwidth-allow01-audit-20261005/cases/c64-core16/inception_resnet_v1/rotation/design.json,/home/yj3616/workspace/phd-research/research-notes/max-resource-sweep-20260928/bandwidth-allow01-audit-20261005/cases/c64-core16/inception_resnet_v1/reflection/design.json
64,16,1024,workload,lstm,1,5,complete,294912,258048,173760,170752,1.1428571428571428,1.0,0.6733630952380952,0.6617063492063492,32.663690476190474,33.82936507936508,/home/yj3616/workspace/phd-research/research-notes/max-resource-sweep-20260928/bandwidth-allow01-audit-20261005/cases/c64-core16/lstm/rotation/design.json,/home/yj3616/workspace/phd-research/research-notes/max-resource-sweep-20260928/bandwidth-allow01-audit-20261005/cases/c64-core16/lstm/reflection/design.json
64,16,1024,workload,pnasnet,1,1,complete,294912,258048,221568,219968,1.1428571428571428,1.0,0.8586309523809523,0.8524305555555556,14.136904761904766,14.756944444444443,/home/yj3616/workspace/phd-research/research-notes/max-resource-sweep-20260928/bandwidth-allow01-audit-20261005/cases/c64-core16/pnasnet/rotation/design.json,/home/yj3616/workspace/phd-research/research-notes/max-resource-sweep-20260928/bandwidth-allow01-audit-20261005/cases/c64-core16/pnasnet/reflection/design.json
64,16,1024,workload,resnet101,1,3,complete,262144,229376,168960,168960,1.1428571428571428,1.0,0.7366071428571429,0.7366071428571429,26.339285714285708,26.339285714285708,/home/yj3616/workspace/phd-research/research-notes/max-resource-sweep-20260928/bandwidth-allow01-audit-20261005/cases/c64-core16/resnet101/rotation/design.json,/home/yj3616/workspace/phd-research/research-notes/max-resource-sweep-20260928/bandwidth-allow01-audit-20261005/cases/c64-core16/resnet101/reflection/design.json
64,16,1024,workload,resnet152,1,3,complete,262144,229376,168960,168960,1.1428571428571428,1.0,0.7366071428571429,0.7366071428571429,26.339285714285708,26.339285714285708,/home/yj3616/workspace/phd-research/research-notes/max-resource-sweep-20260928/bandwidth-allow01-audit-20261005/cases/c64-core16/resnet152/rotation/design.json,/home/yj3616/workspace/phd-research/research-notes/max-resource-sweep-20260928/bandwidth-allow01-audit-20261005/cases/c64-core16/resnet152/reflection/design.json
64,16,1024,workload,resnet50,1,2,complete,262144,229376,185984,185088,1.1428571428571428,1.0,0.8108258928571429,0.8069196428571429,18.917410714285708,19.308035714285708,/home/yj3616/workspace/phd-research/research-notes/max-resource-sweep-20260928/bandwidth-allow01-audit-20261005/cases/c64-core16/resnet50/rotation/design.json,/home/yj3616/workspace/phd-research/research-notes/max-resource-sweep-20260928/bandwidth-allow01-audit-20261005/cases/c64-core16/resnet50/reflection/design.json
64,16,1024,workload,resnext50,1,4,complete,262144,229376,183424,183424,1.1428571428571428,1.0,0.7996651785714286,0.7996651785714286,20.03348214285714,20.03348214285714,/home/yj3616/workspace/phd-research/research-notes/max-resource-sweep-20260928/bandwidth-allow01-audit-20261005/cases/c64-core16/resnext50/rotation/design.json,/home/yj3616/workspace/phd-research/research-notes/max-resource-sweep-20260928/bandwidth-allow01-audit-20261005/cases/c64-core16/resnext50/reflection/design.json
64,16,1024,workload,transformer,1,1,complete,294912,258048,193536,192384,1.1428571428571428,1.0,0.75,0.7455357142857143,25.0,25.44642857142857,/home/yj3616/workspace/phd-research/research-notes/max-resource-sweep-20260928/bandwidth-allow01-audit-20261005/cases/c64-core16/transformer/rotation/design.json,/home/yj3616/workspace/phd-research/research-notes/max-resource-sweep-20260928/bandwidth-allow01-audit-20261005/cases/c64-core16/transformer/reflection/design.json
64,16,1024,workload,transformer_cell,1,2,complete,262144,229376,183744,183744,1.1428571428571428,1.0,0.8010602678571429,0.8010602678571429,19.893973214285708,19.893973214285708,/home/yj3616/workspace/phd-research/research-notes/max-resource-sweep-20260928/bandwidth-allow01-audit-20261005/cases/c64-core16/transformer_cell/rotation/design.json,/home/yj3616/workspace/phd-research/research-notes/max-resource-sweep-20260928/bandwidth-allow01-audit-20261005/cases/c64-core16/transformer_cell/reflection/design.json
64,16,1024,workload,vgg19,1,2,complete,229376,200704,148992,147968,1.1428571428571428,1.0,0.7423469387755102,0.7372448979591837,25.765306122448983,26.27551020408163,/home/yj3616/workspace/phd-research/research-notes/max-resource-sweep-20260928/bandwidth-allow01-audit-20261005/cases/c64-core16/vgg19/rotation/design.json,/home/yj3616/workspace/phd-research/research-notes/max-resource-sweep-20260928/bandwidth-allow01-audit-20261005/cases/c64-core16/vgg19/reflection/design.json
