segment,layer_id,layer,batch,chiplet,core,x,y,partition_id,partition_b,partition_c,partition_h,partition_w,B,C,H,W
0,0,word_embed_enc,1,0,0,0,0,0,0,0,0,0,1,8,8,1
0,0,word_embed_enc,1,0,1,1,0,1,0,0,1,0,1,8,8,1
0,0,word_embed_enc,1,0,2,0,1,2,0,0,2,0,1,8,8,1
0,0,word_embed_enc,1,0,3,1,1,3,0,0,3,0,1,8,8,1
0,0,word_embed_enc,1,1,4,0,2,4,0,0,4,0,1,8,8,1
0,0,word_embed_enc,1,1,5,1,2,5,0,0,5,0,1,8,8,1
0,0,word_embed_enc,1,1,6,0,3,6,0,0,6,0,1,8,8,1
0,0,word_embed_enc,1,1,7,1,3,7,0,0,7,0,1,8,8,1
0,0,word_embed_enc,1,2,8,0,4,8,0,1,0,0,1,8,8,1
0,0,word_embed_enc,1,2,9,1,4,9,0,1,1,0,1,8,8,1
0,0,word_embed_enc,1,2,10,0,5,10,0,1,2,0,1,8,8,1
0,0,word_embed_enc,1,2,11,1,5,11,0,1,3,0,1,8,8,1
0,0,word_embed_enc,1,3,12,0,6,12,0,1,4,0,1,8,8,1
0,0,word_embed_enc,1,3,13,1,6,13,0,1,5,0,1,8,8,1
0,0,word_embed_enc,1,3,14,0,7,14,0,1,6,0,1,8,8,1
0,0,word_embed_enc,1,3,15,1,7,15,0,1,7,0,1,8,8,1
0,0,word_embed_enc,1,7,16,2,7,16,0,2,0,0,1,8,8,1
0,0,word_embed_enc,1,7,17,3,7,17,0,2,1,0,1,8,8,1
0,0,word_embed_enc,1,7,18,2,6,18,0,2,2,0,1,8,8,1
0,0,word_embed_enc,1,7,19,3,6,19,0,2,3,0,1,8,8,1
0,0,word_embed_enc,1,6,20,2,5,20,0,2,4,0,1,8,8,1
0,0,word_embed_enc,1,6,21,3,5,21,0,2,5,0,1,8,8,1
0,0,word_embed_enc,1,6,22,2,4,22,0,2,6,0,1,8,8,1
0,0,word_embed_enc,1,6,23,3,4,23,0,2,7,0,1,8,8,1
0,0,word_embed_enc,1,5,24,2,3,24,0,3,0,0,1,8,8,1
0,0,word_embed_enc,1,5,25,3,3,25,0,3,1,0,1,8,8,1
0,0,word_embed_enc,1,5,26,2,2,26,0,3,2,0,1,8,8,1
0,0,word_embed_enc,1,5,27,3,2,27,0,3,3,0,1,8,8,1
0,0,word_embed_enc,1,4,28,2,1,28,0,3,4,0,1,8,8,1
0,0,word_embed_enc,1,4,29,3,1,29,0,3,5,0,1,8,8,1
0,0,word_embed_enc,1,4,30,2,0,30,0,3,6,0,1,8,8,1
0,0,word_embed_enc,1,4,31,3,0,31,0,3,7,0,1,8,8,1
0,0,word_embed_enc,1,8,32,4,0,32,0,4,0,0,1,8,8,1
0,0,word_embed_enc,1,8,33,5,0,33,0,4,1,0,1,8,8,1
0,0,word_embed_enc,1,8,34,4,1,34,0,4,2,0,1,8,8,1
0,0,word_embed_enc,1,8,35,5,1,35,0,4,3,0,1,8,8,1
0,0,word_embed_enc,1,9,36,4,2,36,0,4,4,0,1,8,8,1
0,0,word_embed_enc,1,9,37,5,2,37,0,4,5,0,1,8,8,1
0,0,word_embed_enc,1,9,38,4,3,38,0,4,6,0,1,8,8,1
0,0,word_embed_enc,1,9,39,5,3,39,0,4,7,0,1,8,8,1
0,0,word_embed_enc,1,10,40,4,4,40,0,5,0,0,1,8,8,1
0,0,word_embed_enc,1,10,41,5,4,41,0,5,1,0,1,8,8,1
0,0,word_embed_enc,1,10,42,4,5,42,0,5,2,0,1,8,8,1
0,0,word_embed_enc,1,10,43,5,5,43,0,5,3,0,1,8,8,1
0,0,word_embed_enc,1,11,44,4,6,44,0,5,4,0,1,8,8,1
0,0,word_embed_enc,1,11,45,5,6,45,0,5,5,0,1,8,8,1
0,0,word_embed_enc,1,11,46,4,7,46,0,5,6,0,1,8,8,1
0,0,word_embed_enc,1,11,47,5,7,47,0,5,7,0,1,8,8,1
0,0,word_embed_enc,1,15,48,6,7,48,0,6,0,0,1,8,8,1
0,0,word_embed_enc,1,15,49,7,7,49,0,6,1,0,1,8,8,1
0,0,word_embed_enc,1,15,50,6,6,50,0,6,2,0,1,8,8,1
0,0,word_embed_enc,1,15,51,7,6,51,0,6,3,0,1,8,8,1
0,0,word_embed_enc,1,14,52,6,5,52,0,6,4,0,1,8,8,1
0,0,word_embed_enc,1,14,53,7,5,53,0,6,5,0,1,8,8,1
0,0,word_embed_enc,1,14,54,6,4,54,0,6,6,0,1,8,8,1
0,0,word_embed_enc,1,14,55,7,4,55,0,6,7,0,1,8,8,1
0,0,word_embed_enc,1,13,56,6,3,56,0,7,0,0,1,8,8,1
0,0,word_embed_enc,1,13,57,7,3,57,0,7,1,0,1,8,8,1
0,0,word_embed_enc,1,13,58,6,2,58,0,7,2,0,1,8,8,1
0,0,word_embed_enc,1,13,59,7,2,59,0,7,3,0,1,8,8,1
0,0,word_embed_enc,1,12,60,6,1,60,0,7,4,0,1,8,8,1
0,0,word_embed_enc,1,12,61,7,1,61,0,7,5,0,1,8,8,1
0,0,word_embed_enc,1,12,62,6,0,62,0,7,6,0,1,8,8,1
0,0,word_embed_enc,1,12,63,7,0,63,0,7,7,0,1,8,8,1
1,1,encoder_Q,1,0,0,0,0,0,0,0,0,0,1,8,8,1
1,1,encoder_Q,1,0,1,1,0,1,0,0,1,0,1,8,8,1
1,1,encoder_Q,1,0,2,0,1,2,0,0,2,0,1,8,8,1
1,1,encoder_Q,1,0,3,1,1,3,0,0,3,0,1,8,8,1
1,1,encoder_Q,1,1,4,0,2,4,0,0,4,0,1,8,8,1
1,1,encoder_Q,1,1,5,1,2,5,0,0,5,0,1,8,8,1
1,1,encoder_Q,1,1,6,0,3,6,0,0,6,0,1,8,8,1
1,1,encoder_Q,1,1,7,1,3,7,0,0,7,0,1,8,8,1
1,1,encoder_Q,1,2,8,0,4,8,0,1,0,0,1,8,8,1
1,1,encoder_Q,1,2,9,1,4,9,0,1,1,0,1,8,8,1
1,1,encoder_Q,1,2,10,0,5,10,0,1,2,0,1,8,8,1
1,1,encoder_Q,1,2,11,1,5,11,0,1,3,0,1,8,8,1
1,1,encoder_Q,1,3,12,0,6,12,0,1,4,0,1,8,8,1
1,1,encoder_Q,1,3,13,1,6,13,0,1,5,0,1,8,8,1
1,1,encoder_Q,1,3,14,0,7,14,0,1,6,0,1,8,8,1
1,1,encoder_Q,1,3,15,1,7,15,0,1,7,0,1,8,8,1
1,1,encoder_Q,1,7,16,2,7,16,0,2,0,0,1,8,8,1
1,1,encoder_Q,1,7,17,3,7,17,0,2,1,0,1,8,8,1
1,1,encoder_Q,1,7,18,2,6,18,0,2,2,0,1,8,8,1
1,1,encoder_Q,1,7,19,3,6,19,0,2,3,0,1,8,8,1
1,1,encoder_Q,1,6,20,2,5,20,0,2,4,0,1,8,8,1
1,1,encoder_Q,1,6,21,3,5,21,0,2,5,0,1,8,8,1
1,1,encoder_Q,1,6,22,2,4,22,0,2,6,0,1,8,8,1
1,1,encoder_Q,1,6,23,3,4,23,0,2,7,0,1,8,8,1
1,1,encoder_Q,1,5,24,2,3,24,0,3,0,0,1,8,8,1
1,1,encoder_Q,1,5,25,3,3,25,0,3,1,0,1,8,8,1
1,1,encoder_Q,1,5,26,2,2,26,0,3,2,0,1,8,8,1
1,1,encoder_Q,1,5,27,3,2,27,0,3,3,0,1,8,8,1
1,1,encoder_Q,1,4,28,2,1,28,0,3,4,0,1,8,8,1
1,1,encoder_Q,1,4,29,3,1,29,0,3,5,0,1,8,8,1
1,1,encoder_Q,1,4,30,2,0,30,0,3,6,0,1,8,8,1
1,1,encoder_Q,1,4,31,3,0,31,0,3,7,0,1,8,8,1
1,1,encoder_Q,1,8,32,4,0,32,0,4,0,0,1,8,8,1
1,1,encoder_Q,1,8,33,5,0,33,0,4,1,0,1,8,8,1
1,1,encoder_Q,1,8,34,4,1,34,0,4,2,0,1,8,8,1
1,1,encoder_Q,1,8,35,5,1,35,0,4,3,0,1,8,8,1
1,1,encoder_Q,1,9,36,4,2,36,0,4,4,0,1,8,8,1
1,1,encoder_Q,1,9,37,5,2,37,0,4,5,0,1,8,8,1
1,1,encoder_Q,1,9,38,4,3,38,0,4,6,0,1,8,8,1
1,1,encoder_Q,1,9,39,5,3,39,0,4,7,0,1,8,8,1
1,1,encoder_Q,1,10,40,4,4,40,0,5,0,0,1,8,8,1
1,1,encoder_Q,1,10,41,5,4,41,0,5,1,0,1,8,8,1
1,1,encoder_Q,1,10,42,4,5,42,0,5,2,0,1,8,8,1
1,1,encoder_Q,1,10,43,5,5,43,0,5,3,0,1,8,8,1
1,1,encoder_Q,1,11,44,4,6,44,0,5,4,0,1,8,8,1
1,1,encoder_Q,1,11,45,5,6,45,0,5,5,0,1,8,8,1
1,1,encoder_Q,1,11,46,4,7,46,0,5,6,0,1,8,8,1
1,1,encoder_Q,1,11,47,5,7,47,0,5,7,0,1,8,8,1
1,1,encoder_Q,1,15,48,6,7,48,0,6,0,0,1,8,8,1
1,1,encoder_Q,1,15,49,7,7,49,0,6,1,0,1,8,8,1
1,1,encoder_Q,1,15,50,6,6,50,0,6,2,0,1,8,8,1
1,1,encoder_Q,1,15,51,7,6,51,0,6,3,0,1,8,8,1
1,1,encoder_Q,1,14,52,6,5,52,0,6,4,0,1,8,8,1
1,1,encoder_Q,1,14,53,7,5,53,0,6,5,0,1,8,8,1
1,1,encoder_Q,1,14,54,6,4,54,0,6,6,0,1,8,8,1
1,1,encoder_Q,1,14,55,7,4,55,0,6,7,0,1,8,8,1
1,1,encoder_Q,1,13,56,6,3,56,0,7,0,0,1,8,8,1
1,1,encoder_Q,1,13,57,7,3,57,0,7,1,0,1,8,8,1
1,1,encoder_Q,1,13,58,6,2,58,0,7,2,0,1,8,8,1
1,1,encoder_Q,1,13,59,7,2,59,0,7,3,0,1,8,8,1
1,1,encoder_Q,1,12,60,6,1,60,0,7,4,0,1,8,8,1
1,1,encoder_Q,1,12,61,7,1,61,0,7,5,0,1,8,8,1
1,1,encoder_Q,1,12,62,6,0,62,0,7,6,0,1,8,8,1
1,1,encoder_Q,1,12,63,7,0,63,0,7,7,0,1,8,8,1
2,2,encoder_K0,1,0,0,0,0,0,0,0,0,0,1,1,64,1
2,2,encoder_K0,1,0,1,1,0,1,0,0,1,0,1,1,64,1
2,2,encoder_K0,1,0,2,0,1,2,0,0,2,0,1,1,64,1
2,2,encoder_K0,1,0,3,1,1,3,0,0,3,0,1,1,64,1
2,2,encoder_K0,1,1,4,0,2,4,0,0,4,0,1,1,64,1
2,2,encoder_K0,1,1,5,1,2,5,0,0,5,0,1,1,64,1
2,2,encoder_K0,1,1,6,0,3,6,0,0,6,0,1,1,64,1
2,2,encoder_K0,1,1,7,1,3,7,0,0,7,0,1,1,64,1
2,2,encoder_K0,1,2,8,0,4,27,0,0,27,0,1,1,64,1
2,2,encoder_K0,1,2,9,1,4,9,0,0,9,0,1,1,64,1
2,2,encoder_K0,1,2,10,0,5,10,0,0,10,0,1,1,64,1
2,2,encoder_K0,1,2,11,1,5,11,0,0,11,0,1,1,64,1
2,2,encoder_K0,1,3,12,0,6,12,0,0,12,0,1,1,64,1
2,2,encoder_K0,1,3,13,1,6,13,0,0,13,0,1,1,64,1
2,2,encoder_K0,1,3,14,0,7,14,0,0,14,0,1,1,64,1
2,2,encoder_K0,1,3,15,1,7,15,0,0,15,0,1,1,64,1
2,2,encoder_K0,1,7,16,2,7,16,0,0,16,0,1,1,64,1
2,2,encoder_K0,1,7,17,3,7,17,0,0,17,0,1,1,64,1
2,2,encoder_K0,1,7,18,2,6,18,0,0,18,0,1,1,64,1
2,2,encoder_K0,1,7,19,3,6,22,0,0,22,0,1,1,64,1
2,2,encoder_K0,1,6,20,2,5,20,0,0,20,0,1,1,64,1
2,2,encoder_K0,1,6,21,3,5,36,0,0,36,0,1,1,64,1
2,2,encoder_K0,1,6,22,2,4,19,0,0,19,0,1,1,64,1
2,2,encoder_K0,1,6,23,3,4,46,0,0,46,0,1,1,64,1
2,2,encoder_K0,1,5,24,2,3,21,0,0,21,0,1,1,64,1
2,2,encoder_K0,1,5,25,3,3,25,0,0,25,0,1,1,64,1
2,2,encoder_K0,1,5,26,2,2,26,0,0,26,0,1,1,64,1
2,2,encoder_K0,1,5,27,3,2,8,0,0,8,0,1,1,64,1
2,2,encoder_K0,1,4,28,2,1,60,0,0,60,0,1,1,64,1
2,2,encoder_K0,1,4,29,3,1,29,0,0,29,0,1,1,64,1
2,2,encoder_K0,1,4,30,2,0,30,0,0,30,0,1,1,64,1
2,2,encoder_K0,1,4,31,3,0,33,0,0,33,0,1,1,64,1
2,2,encoder_K0,1,8,32,4,0,32,0,0,32,0,1,1,64,1
2,2,encoder_K0,1,8,33,5,0,38,0,0,38,0,1,1,64,1
2,2,encoder_K0,1,8,34,4,1,34,0,0,34,0,1,1,64,1
2,2,encoder_K0,1,8,35,5,1,35,0,0,35,0,1,1,64,1
2,2,encoder_K0,1,9,36,4,2,24,0,0,24,0,1,1,64,1
2,2,encoder_K0,1,9,37,5,2,37,0,0,37,0,1,1,64,1
2,2,encoder_K0,1,9,38,4,3,31,0,0,31,0,1,1,64,1
2,2,encoder_K0,1,9,39,5,3,39,0,0,39,0,1,1,64,1
2,2,encoder_K0,1,10,40,4,4,40,0,0,40,0,1,1,64,1
2,2,encoder_K0,1,10,41,5,4,41,0,0,41,0,1,1,64,1
2,2,encoder_K0,1,10,42,4,5,42,0,0,42,0,1,1,64,1
2,2,encoder_K0,1,10,43,5,5,43,0,0,43,0,1,1,64,1
2,2,encoder_K0,1,11,44,4,6,44,0,0,44,0,1,1,64,1
2,2,encoder_K0,1,11,45,5,6,45,0,0,45,0,1,1,64,1
2,2,encoder_K0,1,11,46,4,7,23,0,0,23,0,1,1,64,1
2,2,encoder_K0,1,11,47,5,7,47,0,0,47,0,1,1,64,1
2,2,encoder_K0,1,15,48,6,7,48,0,0,48,0,1,1,64,1
2,2,encoder_K0,1,15,49,7,7,49,0,0,49,0,1,1,64,1
2,2,encoder_K0,1,15,50,6,6,50,0,0,50,0,1,1,64,1
2,2,encoder_K0,1,15,51,7,6,51,0,0,51,0,1,1,64,1
2,2,encoder_K0,1,14,52,6,5,52,0,0,52,0,1,1,64,1
2,2,encoder_K0,1,14,53,7,5,53,0,0,53,0,1,1,64,1
2,2,encoder_K0,1,14,54,6,4,54,0,0,54,0,1,1,64,1
2,2,encoder_K0,1,14,55,7,4,55,0,0,55,0,1,1,64,1
2,2,encoder_K0,1,13,56,6,3,56,0,0,56,0,1,1,64,1
2,2,encoder_K0,1,13,57,7,3,57,0,0,57,0,1,1,64,1
2,2,encoder_K0,1,13,58,6,2,58,0,0,58,0,1,1,64,1
2,2,encoder_K0,1,13,59,7,2,59,0,0,59,0,1,1,64,1
2,2,encoder_K0,1,12,60,6,1,28,0,0,28,0,1,1,64,1
2,2,encoder_K0,1,12,61,7,1,61,0,0,61,0,1,1,64,1
2,2,encoder_K0,1,12,62,6,0,62,0,0,62,0,1,1,64,1
2,2,encoder_K0,1,12,63,7,0,63,0,0,63,0,1,1,64,1
3,3,encoder_Kt0,1,0,0,0,0,0,0,0,0,0,1,8,8,1
3,3,encoder_Kt0,1,0,1,1,0,1,0,0,1,0,1,8,8,1
3,3,encoder_Kt0,1,0,2,0,1,2,0,0,2,0,1,8,8,1
3,3,encoder_Kt0,1,0,3,1,1,3,0,0,3,0,1,8,8,1
3,3,encoder_Kt0,1,1,4,0,2,4,0,0,4,0,1,8,8,1
3,3,encoder_Kt0,1,1,5,1,2,5,0,0,5,0,1,8,8,1
3,3,encoder_Kt0,1,1,6,0,3,6,0,0,6,0,1,8,8,1
3,3,encoder_Kt0,1,1,7,1,3,7,0,0,7,0,1,8,8,1
3,3,encoder_Kt0,1,2,8,0,4,8,0,1,0,0,1,8,8,1
3,3,encoder_Kt0,1,2,9,1,4,9,0,1,1,0,1,8,8,1
3,3,encoder_Kt0,1,2,10,0,5,10,0,1,2,0,1,8,8,1
3,3,encoder_Kt0,1,2,11,1,5,11,0,1,3,0,1,8,8,1
3,3,encoder_Kt0,1,3,12,0,6,12,0,1,4,0,1,8,8,1
3,3,encoder_Kt0,1,3,13,1,6,13,0,1,5,0,1,8,8,1
3,3,encoder_Kt0,1,3,14,0,7,14,0,1,6,0,1,8,8,1
3,3,encoder_Kt0,1,3,15,1,7,15,0,1,7,0,1,8,8,1
3,3,encoder_Kt0,1,7,16,2,7,16,0,2,0,0,1,8,8,1
3,3,encoder_Kt0,1,7,17,3,7,17,0,2,1,0,1,8,8,1
3,3,encoder_Kt0,1,7,18,2,6,18,0,2,2,0,1,8,8,1
3,3,encoder_Kt0,1,7,19,3,6,19,0,2,3,0,1,8,8,1
3,3,encoder_Kt0,1,6,20,2,5,20,0,2,4,0,1,8,8,1
3,3,encoder_Kt0,1,6,21,3,5,21,0,2,5,0,1,8,8,1
3,3,encoder_Kt0,1,6,22,2,4,22,0,2,6,0,1,8,8,1
3,3,encoder_Kt0,1,6,23,3,4,23,0,2,7,0,1,8,8,1
3,3,encoder_Kt0,1,5,24,2,3,24,0,3,0,0,1,8,8,1
3,3,encoder_Kt0,1,5,25,3,3,25,0,3,1,0,1,8,8,1
3,3,encoder_Kt0,1,5,26,2,2,26,0,3,2,0,1,8,8,1
3,3,encoder_Kt0,1,5,27,3,2,27,0,3,3,0,1,8,8,1
3,3,encoder_Kt0,1,4,28,2,1,28,0,3,4,0,1,8,8,1
3,3,encoder_Kt0,1,4,29,3,1,29,0,3,5,0,1,8,8,1
3,3,encoder_Kt0,1,4,30,2,0,30,0,3,6,0,1,8,8,1
3,3,encoder_Kt0,1,4,31,3,0,31,0,3,7,0,1,8,8,1
3,3,encoder_Kt0,1,8,32,4,0,32,0,4,0,0,1,8,8,1
3,3,encoder_Kt0,1,8,33,5,0,33,0,4,1,0,1,8,8,1
3,3,encoder_Kt0,1,8,34,4,1,34,0,4,2,0,1,8,8,1
3,3,encoder_Kt0,1,8,35,5,1,35,0,4,3,0,1,8,8,1
3,3,encoder_Kt0,1,9,36,4,2,36,0,4,4,0,1,8,8,1
3,3,encoder_Kt0,1,9,37,5,2,37,0,4,5,0,1,8,8,1
3,3,encoder_Kt0,1,9,38,4,3,38,0,4,6,0,1,8,8,1
3,3,encoder_Kt0,1,9,39,5,3,39,0,4,7,0,1,8,8,1
3,3,encoder_Kt0,1,10,40,4,4,40,0,5,0,0,1,8,8,1
3,3,encoder_Kt0,1,10,41,5,4,41,0,5,1,0,1,8,8,1
3,3,encoder_Kt0,1,10,42,4,5,42,0,5,2,0,1,8,8,1
3,3,encoder_Kt0,1,10,43,5,5,43,0,5,3,0,1,8,8,1
3,3,encoder_Kt0,1,11,44,4,6,44,0,5,4,0,1,8,8,1
3,3,encoder_Kt0,1,11,45,5,6,45,0,5,5,0,1,8,8,1
3,3,encoder_Kt0,1,11,46,4,7,46,0,5,6,0,1,8,8,1
3,3,encoder_Kt0,1,11,47,5,7,47,0,5,7,0,1,8,8,1
3,3,encoder_Kt0,1,15,48,6,7,48,0,6,0,0,1,8,8,1
3,3,encoder_Kt0,1,15,49,7,7,49,0,6,1,0,1,8,8,1
3,3,encoder_Kt0,1,15,50,6,6,50,0,6,2,0,1,8,8,1
3,3,encoder_Kt0,1,15,51,7,6,51,0,6,3,0,1,8,8,1
3,3,encoder_Kt0,1,14,52,6,5,52,0,6,4,0,1,8,8,1
3,3,encoder_Kt0,1,14,53,7,5,53,0,6,5,0,1,8,8,1
3,3,encoder_Kt0,1,14,54,6,4,54,0,6,6,0,1,8,8,1
3,3,encoder_Kt0,1,14,55,7,4,55,0,6,7,0,1,8,8,1
3,3,encoder_Kt0,1,13,56,6,3,56,0,7,0,0,1,8,8,1
3,3,encoder_Kt0,1,13,57,7,3,57,0,7,1,0,1,8,8,1
3,3,encoder_Kt0,1,13,58,6,2,58,0,7,2,0,1,8,8,1
3,3,encoder_Kt0,1,13,59,7,2,59,0,7,3,0,1,8,8,1
3,3,encoder_Kt0,1,12,60,6,1,60,0,7,4,0,1,8,8,1
3,3,encoder_Kt0,1,12,61,7,1,61,0,7,5,0,1,8,8,1
3,3,encoder_Kt0,1,12,62,6,0,62,0,7,6,0,1,8,8,1
3,3,encoder_Kt0,1,12,63,7,0,63,0,7,7,0,1,8,8,1
4,4,encoder_K1,1,0,0,0,0,0,0,0,0,0,1,1,64,1
4,4,encoder_K1,1,0,1,1,0,1,0,0,1,0,1,1,64,1
4,4,encoder_K1,1,0,2,0,1,2,0,0,2,0,1,1,64,1
4,4,encoder_K1,1,0,3,1,1,3,0,0,3,0,1,1,64,1
4,4,encoder_K1,1,1,4,0,2,4,0,0,4,0,1,1,64,1
4,4,encoder_K1,1,1,5,1,2,5,0,0,5,0,1,1,64,1
4,4,encoder_K1,1,1,6,0,3,6,0,0,6,0,1,1,64,1
4,4,encoder_K1,1,1,7,1,3,36,0,0,36,0,1,1,64,1
4,4,encoder_K1,1,2,8,0,4,8,0,0,8,0,1,1,64,1
4,4,encoder_K1,1,2,9,1,4,9,0,0,9,0,1,1,64,1
4,4,encoder_K1,1,2,10,0,5,12,0,0,12,0,1,1,64,1
4,4,encoder_K1,1,2,11,1,5,11,0,0,11,0,1,1,64,1
4,4,encoder_K1,1,3,12,0,6,10,0,0,10,0,1,1,64,1
4,4,encoder_K1,1,3,13,1,6,13,0,0,13,0,1,1,64,1
4,4,encoder_K1,1,3,14,0,7,14,0,0,14,0,1,1,64,1
4,4,encoder_K1,1,3,15,1,7,15,0,0,15,0,1,1,64,1
4,4,encoder_K1,1,7,16,2,7,16,0,0,16,0,1,1,64,1
4,4,encoder_K1,1,7,17,3,7,17,0,0,17,0,1,1,64,1
4,4,encoder_K1,1,7,18,2,6,18,0,0,18,0,1,1,64,1
4,4,encoder_K1,1,7,19,3,6,19,0,0,19,0,1,1,64,1
4,4,encoder_K1,1,6,20,2,5,39,0,0,39,0,1,1,64,1
4,4,encoder_K1,1,6,21,3,5,21,0,0,21,0,1,1,64,1
4,4,encoder_K1,1,6,22,2,4,22,0,0,22,0,1,1,64,1
4,4,encoder_K1,1,6,23,3,4,23,0,0,23,0,1,1,64,1
4,4,encoder_K1,1,5,24,2,3,24,0,0,24,0,1,1,64,1
4,4,encoder_K1,1,5,25,3,3,25,0,0,25,0,1,1,64,1
4,4,encoder_K1,1,5,26,2,2,26,0,0,26,0,1,1,64,1
4,4,encoder_K1,1,5,27,3,2,54,0,0,54,0,1,1,64,1
4,4,encoder_K1,1,4,28,2,1,28,0,0,28,0,1,1,64,1
4,4,encoder_K1,1,4,29,3,1,29,0,0,29,0,1,1,64,1
4,4,encoder_K1,1,4,30,2,0,30,0,0,30,0,1,1,64,1
4,4,encoder_K1,1,4,31,3,0,31,0,0,31,0,1,1,64,1
4,4,encoder_K1,1,8,32,4,0,32,0,0,32,0,1,1,64,1
4,4,encoder_K1,1,8,33,5,0,33,0,0,33,0,1,1,64,1
4,4,encoder_K1,1,8,34,4,1,34,0,0,34,0,1,1,64,1
4,4,encoder_K1,1,8,35,5,1,35,0,0,35,0,1,1,64,1
4,4,encoder_K1,1,9,36,4,2,7,0,0,7,0,1,1,64,1
4,4,encoder_K1,1,9,37,5,2,37,0,0,37,0,1,1,64,1
4,4,encoder_K1,1,9,38,4,3,38,0,0,38,0,1,1,64,1
4,4,encoder_K1,1,9,39,5,3,20,0,0,20,0,1,1,64,1
4,4,encoder_K1,1,10,40,4,4,40,0,0,40,0,1,1,64,1
4,4,encoder_K1,1,10,41,5,4,41,0,0,41,0,1,1,64,1
4,4,encoder_K1,1,10,42,4,5,42,0,0,42,0,1,1,64,1
4,4,encoder_K1,1,10,43,5,5,43,0,0,43,0,1,1,64,1
4,4,encoder_K1,1,11,44,4,6,44,0,0,44,0,1,1,64,1
4,4,encoder_K1,1,11,45,5,6,45,0,0,45,0,1,1,64,1
4,4,encoder_K1,1,11,46,4,7,46,0,0,46,0,1,1,64,1
4,4,encoder_K1,1,11,47,5,7,47,0,0,47,0,1,1,64,1
4,4,encoder_K1,1,15,48,6,7,48,0,0,48,0,1,1,64,1
4,4,encoder_K1,1,15,49,7,7,49,0,0,49,0,1,1,64,1
4,4,encoder_K1,1,15,50,6,6,50,0,0,50,0,1,1,64,1
4,4,encoder_K1,1,15,51,7,6,51,0,0,51,0,1,1,64,1
4,4,encoder_K1,1,14,52,6,5,52,0,0,52,0,1,1,64,1
4,4,encoder_K1,1,14,53,7,5,53,0,0,53,0,1,1,64,1
4,4,encoder_K1,1,14,54,6,4,27,0,0,27,0,1,1,64,1
4,4,encoder_K1,1,14,55,7,4,55,0,0,55,0,1,1,64,1
4,4,encoder_K1,1,13,56,6,3,56,0,0,56,0,1,1,64,1
4,4,encoder_K1,1,13,57,7,3,57,0,0,57,0,1,1,64,1
4,4,encoder_K1,1,13,58,6,2,58,0,0,58,0,1,1,64,1
4,4,encoder_K1,1,13,59,7,2,59,0,0,59,0,1,1,64,1
4,4,encoder_K1,1,12,60,6,1,60,0,0,60,0,1,1,64,1
4,4,encoder_K1,1,12,61,7,1,61,0,0,61,0,1,1,64,1
4,4,encoder_K1,1,12,62,6,0,62,0,0,62,0,1,1,64,1
4,4,encoder_K1,1,12,63,7,0,63,0,0,63,0,1,1,64,1
5,5,encoder_Kt1,1,0,0,0,0,0,0,0,0,0,1,8,8,1
5,5,encoder_Kt1,1,0,1,1,0,1,0,0,1,0,1,8,8,1
5,5,encoder_Kt1,1,0,2,0,1,2,0,0,2,0,1,8,8,1
5,5,encoder_Kt1,1,0,3,1,1,3,0,0,3,0,1,8,8,1
5,5,encoder_Kt1,1,1,4,0,2,4,0,0,4,0,1,8,8,1
5,5,encoder_Kt1,1,1,5,1,2,5,0,0,5,0,1,8,8,1
5,5,encoder_Kt1,1,1,6,0,3,6,0,0,6,0,1,8,8,1
5,5,encoder_Kt1,1,1,7,1,3,7,0,0,7,0,1,8,8,1
5,5,encoder_Kt1,1,2,8,0,4,8,0,1,0,0,1,8,8,1
5,5,encoder_Kt1,1,2,9,1,4,9,0,1,1,0,1,8,8,1
5,5,encoder_Kt1,1,2,10,0,5,10,0,1,2,0,1,8,8,1
5,5,encoder_Kt1,1,2,11,1,5,11,0,1,3,0,1,8,8,1
5,5,encoder_Kt1,1,3,12,0,6,12,0,1,4,0,1,8,8,1
5,5,encoder_Kt1,1,3,13,1,6,13,0,1,5,0,1,8,8,1
5,5,encoder_Kt1,1,3,14,0,7,14,0,1,6,0,1,8,8,1
5,5,encoder_Kt1,1,3,15,1,7,15,0,1,7,0,1,8,8,1
5,5,encoder_Kt1,1,7,16,2,7,16,0,2,0,0,1,8,8,1
5,5,encoder_Kt1,1,7,17,3,7,17,0,2,1,0,1,8,8,1
5,5,encoder_Kt1,1,7,18,2,6,18,0,2,2,0,1,8,8,1
5,5,encoder_Kt1,1,7,19,3,6,19,0,2,3,0,1,8,8,1
5,5,encoder_Kt1,1,6,20,2,5,20,0,2,4,0,1,8,8,1
5,5,encoder_Kt1,1,6,21,3,5,21,0,2,5,0,1,8,8,1
5,5,encoder_Kt1,1,6,22,2,4,22,0,2,6,0,1,8,8,1
5,5,encoder_Kt1,1,6,23,3,4,23,0,2,7,0,1,8,8,1
5,5,encoder_Kt1,1,5,24,2,3,24,0,3,0,0,1,8,8,1
5,5,encoder_Kt1,1,5,25,3,3,25,0,3,1,0,1,8,8,1
5,5,encoder_Kt1,1,5,26,2,2,26,0,3,2,0,1,8,8,1
5,5,encoder_Kt1,1,5,27,3,2,27,0,3,3,0,1,8,8,1
5,5,encoder_Kt1,1,4,28,2,1,28,0,3,4,0,1,8,8,1
5,5,encoder_Kt1,1,4,29,3,1,29,0,3,5,0,1,8,8,1
5,5,encoder_Kt1,1,4,30,2,0,30,0,3,6,0,1,8,8,1
5,5,encoder_Kt1,1,4,31,3,0,31,0,3,7,0,1,8,8,1
5,5,encoder_Kt1,1,8,32,4,0,32,0,4,0,0,1,8,8,1
5,5,encoder_Kt1,1,8,33,5,0,33,0,4,1,0,1,8,8,1
5,5,encoder_Kt1,1,8,34,4,1,34,0,4,2,0,1,8,8,1
5,5,encoder_Kt1,1,8,35,5,1,35,0,4,3,0,1,8,8,1
5,5,encoder_Kt1,1,9,36,4,2,36,0,4,4,0,1,8,8,1
5,5,encoder_Kt1,1,9,37,5,2,37,0,4,5,0,1,8,8,1
5,5,encoder_Kt1,1,9,38,4,3,38,0,4,6,0,1,8,8,1
5,5,encoder_Kt1,1,9,39,5,3,39,0,4,7,0,1,8,8,1
5,5,encoder_Kt1,1,10,40,4,4,40,0,5,0,0,1,8,8,1
5,5,encoder_Kt1,1,10,41,5,4,41,0,5,1,0,1,8,8,1
5,5,encoder_Kt1,1,10,42,4,5,42,0,5,2,0,1,8,8,1
5,5,encoder_Kt1,1,10,43,5,5,43,0,5,3,0,1,8,8,1
5,5,encoder_Kt1,1,11,44,4,6,44,0,5,4,0,1,8,8,1
5,5,encoder_Kt1,1,11,45,5,6,45,0,5,5,0,1,8,8,1
5,5,encoder_Kt1,1,11,46,4,7,46,0,5,6,0,1,8,8,1
5,5,encoder_Kt1,1,11,47,5,7,47,0,5,7,0,1,8,8,1
5,5,encoder_Kt1,1,15,48,6,7,48,0,6,0,0,1,8,8,1
5,5,encoder_Kt1,1,15,49,7,7,49,0,6,1,0,1,8,8,1
5,5,encoder_Kt1,1,15,50,6,6,50,0,6,2,0,1,8,8,1
5,5,encoder_Kt1,1,15,51,7,6,51,0,6,3,0,1,8,8,1
5,5,encoder_Kt1,1,14,52,6,5,52,0,6,4,0,1,8,8,1
5,5,encoder_Kt1,1,14,53,7,5,53,0,6,5,0,1,8,8,1
5,5,encoder_Kt1,1,14,54,6,4,54,0,6,6,0,1,8,8,1
5,5,encoder_Kt1,1,14,55,7,4,55,0,6,7,0,1,8,8,1
5,5,encoder_Kt1,1,13,56,6,3,56,0,7,0,0,1,8,8,1
5,5,encoder_Kt1,1,13,57,7,3,57,0,7,1,0,1,8,8,1
5,5,encoder_Kt1,1,13,58,6,2,58,0,7,2,0,1,8,8,1
5,5,encoder_Kt1,1,13,59,7,2,59,0,7,3,0,1,8,8,1
5,5,encoder_Kt1,1,12,60,6,1,60,0,7,4,0,1,8,8,1
5,5,encoder_Kt1,1,12,61,7,1,61,0,7,5,0,1,8,8,1
5,5,encoder_Kt1,1,12,62,6,0,62,0,7,6,0,1,8,8,1
5,5,encoder_Kt1,1,12,63,7,0,63,0,7,7,0,1,8,8,1
6,6,encoder_K2,1,0,0,0,0,0,0,0,0,0,1,1,64,1
6,6,encoder_K2,1,0,1,1,0,1,0,0,1,0,1,1,64,1
6,6,encoder_K2,1,0,2,0,1,2,0,0,2,0,1,1,64,1
6,6,encoder_K2,1,0,3,1,1,3,0,0,3,0,1,1,64,1
6,6,encoder_K2,1,1,4,0,2,6,0,0,6,0,1,1,64,1
6,6,encoder_K2,1,1,5,1,2,5,0,0,5,0,1,1,64,1
6,6,encoder_K2,1,1,6,0,3,4,0,0,4,0,1,1,64,1
6,6,encoder_K2,1,1,7,1,3,7,0,0,7,0,1,1,64,1
6,6,encoder_K2,1,2,8,0,4,8,0,0,8,0,1,1,64,1
6,6,encoder_K2,1,2,9,1,4,9,0,0,9,0,1,1,64,1
6,6,encoder_K2,1,2,10,0,5,10,0,0,10,0,1,1,64,1
6,6,encoder_K2,1,2,11,1,5,11,0,0,11,0,1,1,64,1
6,6,encoder_K2,1,3,12,0,6,12,0,0,12,0,1,1,64,1
6,6,encoder_K2,1,3,13,1,6,13,0,0,13,0,1,1,64,1
6,6,encoder_K2,1,3,14,0,7,14,0,0,14,0,1,1,64,1
6,6,encoder_K2,1,3,15,1,7,15,0,0,15,0,1,1,64,1
6,6,encoder_K2,1,7,16,2,7,16,0,0,16,0,1,1,64,1
6,6,encoder_K2,1,7,17,3,7,17,0,0,17,0,1,1,64,1
6,6,encoder_K2,1,7,18,2,6,18,0,0,18,0,1,1,64,1
6,6,encoder_K2,1,7,19,3,6,19,0,0,19,0,1,1,64,1
6,6,encoder_K2,1,6,20,2,5,20,0,0,20,0,1,1,64,1
6,6,encoder_K2,1,6,21,3,5,21,0,0,21,0,1,1,64,1
6,6,encoder_K2,1,6,22,2,4,22,0,0,22,0,1,1,64,1
6,6,encoder_K2,1,6,23,3,4,23,0,0,23,0,1,1,64,1
6,6,encoder_K2,1,5,24,2,3,24,0,0,24,0,1,1,64,1
6,6,encoder_K2,1,5,25,3,3,25,0,0,25,0,1,1,64,1
6,6,encoder_K2,1,5,26,2,2,26,0,0,26,0,1,1,64,1
6,6,encoder_K2,1,5,27,3,2,27,0,0,27,0,1,1,64,1
6,6,encoder_K2,1,4,28,2,1,28,0,0,28,0,1,1,64,1
6,6,encoder_K2,1,4,29,3,1,29,0,0,29,0,1,1,64,1
6,6,encoder_K2,1,4,30,2,0,30,0,0,30,0,1,1,64,1
6,6,encoder_K2,1,4,31,3,0,31,0,0,31,0,1,1,64,1
6,6,encoder_K2,1,8,32,4,0,32,0,0,32,0,1,1,64,1
6,6,encoder_K2,1,8,33,5,0,59,0,0,59,0,1,1,64,1
6,6,encoder_K2,1,8,34,4,1,34,0,0,34,0,1,1,64,1
6,6,encoder_K2,1,8,35,5,1,35,0,0,35,0,1,1,64,1
6,6,encoder_K2,1,9,36,4,2,36,0,0,36,0,1,1,64,1
6,6,encoder_K2,1,9,37,5,2,40,0,0,40,0,1,1,64,1
6,6,encoder_K2,1,9,38,4,3,38,0,0,38,0,1,1,64,1
6,6,encoder_K2,1,9,39,5,3,39,0,0,39,0,1,1,64,1
6,6,encoder_K2,1,10,40,4,4,37,0,0,37,0,1,1,64,1
6,6,encoder_K2,1,10,41,5,4,41,0,0,41,0,1,1,64,1
6,6,encoder_K2,1,10,42,4,5,42,0,0,42,0,1,1,64,1
6,6,encoder_K2,1,10,43,5,5,43,0,0,43,0,1,1,64,1
6,6,encoder_K2,1,11,44,4,6,44,0,0,44,0,1,1,64,1
6,6,encoder_K2,1,11,45,5,6,45,0,0,45,0,1,1,64,1
6,6,encoder_K2,1,11,46,4,7,46,0,0,46,0,1,1,64,1
6,6,encoder_K2,1,11,47,5,7,47,0,0,47,0,1,1,64,1
6,6,encoder_K2,1,15,48,6,7,48,0,0,48,0,1,1,64,1
6,6,encoder_K2,1,15,49,7,7,49,0,0,49,0,1,1,64,1
6,6,encoder_K2,1,15,50,6,6,50,0,0,50,0,1,1,64,1
6,6,encoder_K2,1,15,51,7,6,53,0,0,53,0,1,1,64,1
6,6,encoder_K2,1,14,52,6,5,52,0,0,52,0,1,1,64,1
6,6,encoder_K2,1,14,53,7,5,51,0,0,51,0,1,1,64,1
6,6,encoder_K2,1,14,54,6,4,33,0,0,33,0,1,1,64,1
6,6,encoder_K2,1,14,55,7,4,55,0,0,55,0,1,1,64,1
6,6,encoder_K2,1,13,56,6,3,56,0,0,56,0,1,1,64,1
6,6,encoder_K2,1,13,57,7,3,57,0,0,57,0,1,1,64,1
6,6,encoder_K2,1,13,58,6,2,58,0,0,58,0,1,1,64,1
6,6,encoder_K2,1,13,59,7,2,54,0,0,54,0,1,1,64,1
6,6,encoder_K2,1,12,60,6,1,60,0,0,60,0,1,1,64,1
6,6,encoder_K2,1,12,61,7,1,61,0,0,61,0,1,1,64,1
6,6,encoder_K2,1,12,62,6,0,62,0,0,62,0,1,1,64,1
6,6,encoder_K2,1,12,63,7,0,63,0,0,63,0,1,1,64,1
7,7,encoder_Kt2,1,0,0,0,0,0,0,0,0,0,1,8,8,1
7,7,encoder_Kt2,1,0,1,1,0,1,0,0,1,0,1,8,8,1
7,7,encoder_Kt2,1,0,2,0,1,2,0,0,2,0,1,8,8,1
7,7,encoder_Kt2,1,0,3,1,1,3,0,0,3,0,1,8,8,1
7,7,encoder_Kt2,1,1,4,0,2,4,0,0,4,0,1,8,8,1
7,7,encoder_Kt2,1,1,5,1,2,5,0,0,5,0,1,8,8,1
7,7,encoder_Kt2,1,1,6,0,3,6,0,0,6,0,1,8,8,1
7,7,encoder_Kt2,1,1,7,1,3,7,0,0,7,0,1,8,8,1
7,7,encoder_Kt2,1,2,8,0,4,8,0,1,0,0,1,8,8,1
7,7,encoder_Kt2,1,2,9,1,4,9,0,1,1,0,1,8,8,1
7,7,encoder_Kt2,1,2,10,0,5,10,0,1,2,0,1,8,8,1
7,7,encoder_Kt2,1,2,11,1,5,11,0,1,3,0,1,8,8,1
7,7,encoder_Kt2,1,3,12,0,6,12,0,1,4,0,1,8,8,1
7,7,encoder_Kt2,1,3,13,1,6,13,0,1,5,0,1,8,8,1
7,7,encoder_Kt2,1,3,14,0,7,14,0,1,6,0,1,8,8,1
7,7,encoder_Kt2,1,3,15,1,7,15,0,1,7,0,1,8,8,1
7,7,encoder_Kt2,1,7,16,2,7,16,0,2,0,0,1,8,8,1
7,7,encoder_Kt2,1,7,17,3,7,17,0,2,1,0,1,8,8,1
7,7,encoder_Kt2,1,7,18,2,6,18,0,2,2,0,1,8,8,1
7,7,encoder_Kt2,1,7,19,3,6,19,0,2,3,0,1,8,8,1
7,7,encoder_Kt2,1,6,20,2,5,20,0,2,4,0,1,8,8,1
7,7,encoder_Kt2,1,6,21,3,5,21,0,2,5,0,1,8,8,1
7,7,encoder_Kt2,1,6,22,2,4,22,0,2,6,0,1,8,8,1
7,7,encoder_Kt2,1,6,23,3,4,23,0,2,7,0,1,8,8,1
7,7,encoder_Kt2,1,5,24,2,3,24,0,3,0,0,1,8,8,1
7,7,encoder_Kt2,1,5,25,3,3,25,0,3,1,0,1,8,8,1
7,7,encoder_Kt2,1,5,26,2,2,26,0,3,2,0,1,8,8,1
7,7,encoder_Kt2,1,5,27,3,2,27,0,3,3,0,1,8,8,1
7,7,encoder_Kt2,1,4,28,2,1,28,0,3,4,0,1,8,8,1
7,7,encoder_Kt2,1,4,29,3,1,29,0,3,5,0,1,8,8,1
7,7,encoder_Kt2,1,4,30,2,0,30,0,3,6,0,1,8,8,1
7,7,encoder_Kt2,1,4,31,3,0,31,0,3,7,0,1,8,8,1
7,7,encoder_Kt2,1,8,32,4,0,32,0,4,0,0,1,8,8,1
7,7,encoder_Kt2,1,8,33,5,0,33,0,4,1,0,1,8,8,1
7,7,encoder_Kt2,1,8,34,4,1,34,0,4,2,0,1,8,8,1
7,7,encoder_Kt2,1,8,35,5,1,35,0,4,3,0,1,8,8,1
7,7,encoder_Kt2,1,9,36,4,2,36,0,4,4,0,1,8,8,1
7,7,encoder_Kt2,1,9,37,5,2,37,0,4,5,0,1,8,8,1
7,7,encoder_Kt2,1,9,38,4,3,38,0,4,6,0,1,8,8,1
7,7,encoder_Kt2,1,9,39,5,3,39,0,4,7,0,1,8,8,1
7,7,encoder_Kt2,1,10,40,4,4,40,0,5,0,0,1,8,8,1
7,7,encoder_Kt2,1,10,41,5,4,41,0,5,1,0,1,8,8,1
7,7,encoder_Kt2,1,10,42,4,5,42,0,5,2,0,1,8,8,1
7,7,encoder_Kt2,1,10,43,5,5,43,0,5,3,0,1,8,8,1
7,7,encoder_Kt2,1,11,44,4,6,44,0,5,4,0,1,8,8,1
7,7,encoder_Kt2,1,11,45,5,6,45,0,5,5,0,1,8,8,1
7,7,encoder_Kt2,1,11,46,4,7,46,0,5,6,0,1,8,8,1
7,7,encoder_Kt2,1,11,47,5,7,47,0,5,7,0,1,8,8,1
7,7,encoder_Kt2,1,15,48,6,7,48,0,6,0,0,1,8,8,1
7,7,encoder_Kt2,1,15,49,7,7,49,0,6,1,0,1,8,8,1
7,7,encoder_Kt2,1,15,50,6,6,50,0,6,2,0,1,8,8,1
7,7,encoder_Kt2,1,15,51,7,6,51,0,6,3,0,1,8,8,1
7,7,encoder_Kt2,1,14,52,6,5,52,0,6,4,0,1,8,8,1
7,7,encoder_Kt2,1,14,53,7,5,53,0,6,5,0,1,8,8,1
7,7,encoder_Kt2,1,14,54,6,4,54,0,6,6,0,1,8,8,1
7,7,encoder_Kt2,1,14,55,7,4,55,0,6,7,0,1,8,8,1
7,7,encoder_Kt2,1,13,56,6,3,56,0,7,0,0,1,8,8,1
7,7,encoder_Kt2,1,13,57,7,3,57,0,7,1,0,1,8,8,1
7,7,encoder_Kt2,1,13,58,6,2,58,0,7,2,0,1,8,8,1
7,7,encoder_Kt2,1,13,59,7,2,59,0,7,3,0,1,8,8,1
7,7,encoder_Kt2,1,12,60,6,1,60,0,7,4,0,1,8,8,1
7,7,encoder_Kt2,1,12,61,7,1,61,0,7,5,0,1,8,8,1
7,7,encoder_Kt2,1,12,62,6,0,62,0,7,6,0,1,8,8,1
7,7,encoder_Kt2,1,12,63,7,0,63,0,7,7,0,1,8,8,1
8,8,encoder_K3,1,0,0,0,0,12,0,0,12,0,1,1,64,1
8,8,encoder_K3,1,0,1,1,0,23,0,0,23,0,1,1,64,1
8,8,encoder_K3,1,0,2,0,1,4,0,0,4,0,1,1,64,1
8,8,encoder_K3,1,0,3,1,1,58,0,0,58,0,1,1,64,1
8,8,encoder_K3,1,1,4,0,2,26,0,0,26,0,1,1,64,1
8,8,encoder_K3,1,1,5,1,2,5,0,0,5,0,1,1,64,1
8,8,encoder_K3,1,1,6,0,3,6,0,0,6,0,1,1,64,1
8,8,encoder_K3,1,1,7,1,3,20,0,0,20,0,1,1,64,1
8,8,encoder_K3,1,2,8,0,4,8,0,0,8,0,1,1,64,1
8,8,encoder_K3,1,2,9,1,4,33,0,0,33,0,1,1,64,1
8,8,encoder_K3,1,2,10,0,5,10,0,0,10,0,1,1,64,1
8,8,encoder_K3,1,2,11,1,5,1,0,0,1,0,1,1,64,1
8,8,encoder_K3,1,3,12,0,6,15,0,0,15,0,1,1,64,1
8,8,encoder_K3,1,3,13,1,6,14,0,0,14,0,1,1,64,1
8,8,encoder_K3,1,3,14,0,7,13,0,0,13,0,1,1,64,1
8,8,encoder_K3,1,3,15,1,7,22,0,0,22,0,1,1,64,1
8,8,encoder_K3,1,7,16,2,7,42,0,0,42,0,1,1,64,1
8,8,encoder_K3,1,7,17,3,7,7,0,0,7,0,1,1,64,1
8,8,encoder_K3,1,7,18,2,6,52,0,0,52,0,1,1,64,1
8,8,encoder_K3,1,7,19,3,6,18,0,0,18,0,1,1,64,1
8,8,encoder_K3,1,6,20,2,5,19,0,0,19,0,1,1,64,1
8,8,encoder_K3,1,6,21,3,5,21,0,0,21,0,1,1,64,1
8,8,encoder_K3,1,6,22,2,4,9,0,0,9,0,1,1,64,1
8,8,encoder_K3,1,6,23,3,4,11,0,0,11,0,1,1,64,1
8,8,encoder_K3,1,5,24,2,3,24,0,0,24,0,1,1,64,1
8,8,encoder_K3,1,5,25,3,3,3,0,0,3,0,1,1,64,1
8,8,encoder_K3,1,5,26,2,2,35,0,0,35,0,1,1,64,1
8,8,encoder_K3,1,5,27,3,2,57,0,0,57,0,1,1,64,1
8,8,encoder_K3,1,4,28,2,1,28,0,0,28,0,1,1,64,1
8,8,encoder_K3,1,4,29,3,1,2,0,0,2,0,1,1,64,1
8,8,encoder_K3,1,4,30,2,0,30,0,0,30,0,1,1,64,1
8,8,encoder_K3,1,4,31,3,0,63,0,0,63,0,1,1,64,1
8,8,encoder_K3,1,8,32,4,0,32,0,0,32,0,1,1,64,1
8,8,encoder_K3,1,8,33,5,0,36,0,0,36,0,1,1,64,1
8,8,encoder_K3,1,8,34,4,1,31,0,0,31,0,1,1,64,1
8,8,encoder_K3,1,8,35,5,1,37,0,0,37,0,1,1,64,1
8,8,encoder_K3,1,9,36,4,2,40,0,0,40,0,1,1,64,1
8,8,encoder_K3,1,9,37,5,2,41,0,0,41,0,1,1,64,1
8,8,encoder_K3,1,9,38,4,3,38,0,0,38,0,1,1,64,1
8,8,encoder_K3,1,9,39,5,3,39,0,0,39,0,1,1,64,1
8,8,encoder_K3,1,10,40,4,4,29,0,0,29,0,1,1,64,1
8,8,encoder_K3,1,10,41,5,4,25,0,0,25,0,1,1,64,1
8,8,encoder_K3,1,10,42,4,5,47,0,0,47,0,1,1,64,1
8,8,encoder_K3,1,10,43,5,5,43,0,0,43,0,1,1,64,1
8,8,encoder_K3,1,11,44,4,6,44,0,0,44,0,1,1,64,1
8,8,encoder_K3,1,11,45,5,6,45,0,0,45,0,1,1,64,1
8,8,encoder_K3,1,11,46,4,7,53,0,0,53,0,1,1,64,1
8,8,encoder_K3,1,11,47,5,7,16,0,0,16,0,1,1,64,1
8,8,encoder_K3,1,15,48,6,7,50,0,0,50,0,1,1,64,1
8,8,encoder_K3,1,15,49,7,7,49,0,0,49,0,1,1,64,1
8,8,encoder_K3,1,15,50,6,6,54,0,0,54,0,1,1,64,1
8,8,encoder_K3,1,15,51,7,6,51,0,0,51,0,1,1,64,1
8,8,encoder_K3,1,14,52,6,5,27,0,0,27,0,1,1,64,1
8,8,encoder_K3,1,14,53,7,5,46,0,0,46,0,1,1,64,1
8,8,encoder_K3,1,14,54,6,4,17,0,0,17,0,1,1,64,1
8,8,encoder_K3,1,14,55,7,4,55,0,0,55,0,1,1,64,1
8,8,encoder_K3,1,13,56,6,3,56,0,0,56,0,1,1,64,1
8,8,encoder_K3,1,13,57,7,3,0,0,0,0,0,1,1,64,1
8,8,encoder_K3,1,13,58,6,2,48,0,0,48,0,1,1,64,1
8,8,encoder_K3,1,13,59,7,2,59,0,0,59,0,1,1,64,1
8,8,encoder_K3,1,12,60,6,1,60,0,0,60,0,1,1,64,1
8,8,encoder_K3,1,12,61,7,1,61,0,0,61,0,1,1,64,1
8,8,encoder_K3,1,12,62,6,0,62,0,0,62,0,1,1,64,1
8,8,encoder_K3,1,12,63,7,0,34,0,0,34,0,1,1,64,1
9,9,encoder_Kt3,1,0,0,0,0,0,0,0,0,0,1,8,8,1
9,9,encoder_Kt3,1,0,1,1,0,1,0,0,1,0,1,8,8,1
9,9,encoder_Kt3,1,0,2,0,1,2,0,0,2,0,1,8,8,1
9,9,encoder_Kt3,1,0,3,1,1,3,0,0,3,0,1,8,8,1
9,9,encoder_Kt3,1,1,4,0,2,4,0,0,4,0,1,8,8,1
9,9,encoder_Kt3,1,1,5,1,2,5,0,0,5,0,1,8,8,1
9,9,encoder_Kt3,1,1,6,0,3,6,0,0,6,0,1,8,8,1
9,9,encoder_Kt3,1,1,7,1,3,7,0,0,7,0,1,8,8,1
9,9,encoder_Kt3,1,2,8,0,4,8,0,1,0,0,1,8,8,1
9,9,encoder_Kt3,1,2,9,1,4,9,0,1,1,0,1,8,8,1
9,9,encoder_Kt3,1,2,10,0,5,10,0,1,2,0,1,8,8,1
9,9,encoder_Kt3,1,2,11,1,5,11,0,1,3,0,1,8,8,1
9,9,encoder_Kt3,1,3,12,0,6,12,0,1,4,0,1,8,8,1
9,9,encoder_Kt3,1,3,13,1,6,13,0,1,5,0,1,8,8,1
9,9,encoder_Kt3,1,3,14,0,7,14,0,1,6,0,1,8,8,1
9,9,encoder_Kt3,1,3,15,1,7,15,0,1,7,0,1,8,8,1
9,9,encoder_Kt3,1,7,16,2,7,16,0,2,0,0,1,8,8,1
9,9,encoder_Kt3,1,7,17,3,7,17,0,2,1,0,1,8,8,1
9,9,encoder_Kt3,1,7,18,2,6,18,0,2,2,0,1,8,8,1
9,9,encoder_Kt3,1,7,19,3,6,19,0,2,3,0,1,8,8,1
9,9,encoder_Kt3,1,6,20,2,5,20,0,2,4,0,1,8,8,1
9,9,encoder_Kt3,1,6,21,3,5,21,0,2,5,0,1,8,8,1
9,9,encoder_Kt3,1,6,22,2,4,22,0,2,6,0,1,8,8,1
9,9,encoder_Kt3,1,6,23,3,4,23,0,2,7,0,1,8,8,1
9,9,encoder_Kt3,1,5,24,2,3,24,0,3,0,0,1,8,8,1
9,9,encoder_Kt3,1,5,25,3,3,25,0,3,1,0,1,8,8,1
9,9,encoder_Kt3,1,5,26,2,2,26,0,3,2,0,1,8,8,1
9,9,encoder_Kt3,1,5,27,3,2,27,0,3,3,0,1,8,8,1
9,9,encoder_Kt3,1,4,28,2,1,28,0,3,4,0,1,8,8,1
9,9,encoder_Kt3,1,4,29,3,1,29,0,3,5,0,1,8,8,1
9,9,encoder_Kt3,1,4,30,2,0,30,0,3,6,0,1,8,8,1
9,9,encoder_Kt3,1,4,31,3,0,31,0,3,7,0,1,8,8,1
9,9,encoder_Kt3,1,8,32,4,0,32,0,4,0,0,1,8,8,1
9,9,encoder_Kt3,1,8,33,5,0,33,0,4,1,0,1,8,8,1
9,9,encoder_Kt3,1,8,34,4,1,34,0,4,2,0,1,8,8,1
9,9,encoder_Kt3,1,8,35,5,1,35,0,4,3,0,1,8,8,1
9,9,encoder_Kt3,1,9,36,4,2,36,0,4,4,0,1,8,8,1
9,9,encoder_Kt3,1,9,37,5,2,37,0,4,5,0,1,8,8,1
9,9,encoder_Kt3,1,9,38,4,3,38,0,4,6,0,1,8,8,1
9,9,encoder_Kt3,1,9,39,5,3,39,0,4,7,0,1,8,8,1
9,9,encoder_Kt3,1,10,40,4,4,40,0,5,0,0,1,8,8,1
9,9,encoder_Kt3,1,10,41,5,4,41,0,5,1,0,1,8,8,1
9,9,encoder_Kt3,1,10,42,4,5,42,0,5,2,0,1,8,8,1
9,9,encoder_Kt3,1,10,43,5,5,43,0,5,3,0,1,8,8,1
9,9,encoder_Kt3,1,11,44,4,6,44,0,5,4,0,1,8,8,1
9,9,encoder_Kt3,1,11,45,5,6,45,0,5,5,0,1,8,8,1
9,9,encoder_Kt3,1,11,46,4,7,46,0,5,6,0,1,8,8,1
9,9,encoder_Kt3,1,11,47,5,7,47,0,5,7,0,1,8,8,1
9,9,encoder_Kt3,1,15,48,6,7,48,0,6,0,0,1,8,8,1
9,9,encoder_Kt3,1,15,49,7,7,49,0,6,1,0,1,8,8,1
9,9,encoder_Kt3,1,15,50,6,6,50,0,6,2,0,1,8,8,1
9,9,encoder_Kt3,1,15,51,7,6,51,0,6,3,0,1,8,8,1
9,9,encoder_Kt3,1,14,52,6,5,52,0,6,4,0,1,8,8,1
9,9,encoder_Kt3,1,14,53,7,5,53,0,6,5,0,1,8,8,1
9,9,encoder_Kt3,1,14,54,6,4,54,0,6,6,0,1,8,8,1
9,9,encoder_Kt3,1,14,55,7,4,55,0,6,7,0,1,8,8,1
9,9,encoder_Kt3,1,13,56,6,3,56,0,7,0,0,1,8,8,1
9,9,encoder_Kt3,1,13,57,7,3,57,0,7,1,0,1,8,8,1
9,9,encoder_Kt3,1,13,58,6,2,58,0,7,2,0,1,8,8,1
9,9,encoder_Kt3,1,13,59,7,2,59,0,7,3,0,1,8,8,1
9,9,encoder_Kt3,1,12,60,6,1,60,0,7,4,0,1,8,8,1
9,9,encoder_Kt3,1,12,61,7,1,61,0,7,5,0,1,8,8,1
9,9,encoder_Kt3,1,12,62,6,0,62,0,7,6,0,1,8,8,1
9,9,encoder_Kt3,1,12,63,7,0,63,0,7,7,0,1,8,8,1
10,10,encoder_K4,1,0,0,0,0,0,0,0,0,0,1,1,64,1
10,10,encoder_K4,1,0,1,1,0,4,0,0,4,0,1,1,64,1
10,10,encoder_K4,1,0,2,0,1,34,0,0,34,0,1,1,64,1
10,10,encoder_K4,1,0,3,1,1,63,0,0,63,0,1,1,64,1
10,10,encoder_K4,1,1,4,0,2,1,0,0,1,0,1,1,64,1
10,10,encoder_K4,1,1,5,1,2,8,0,0,8,0,1,1,64,1
10,10,encoder_K4,1,1,6,0,3,6,0,0,6,0,1,1,64,1
10,10,encoder_K4,1,1,7,1,3,27,0,0,27,0,1,1,64,1
10,10,encoder_K4,1,2,8,0,4,12,0,0,12,0,1,1,64,1
10,10,encoder_K4,1,2,9,1,4,24,0,0,24,0,1,1,64,1
10,10,encoder_K4,1,2,10,0,5,18,0,0,18,0,1,1,64,1
10,10,encoder_K4,1,2,11,1,5,5,0,0,5,0,1,1,64,1
10,10,encoder_K4,1,3,12,0,6,23,0,0,23,0,1,1,64,1
10,10,encoder_K4,1,3,13,1,6,13,0,0,13,0,1,1,64,1
10,10,encoder_K4,1,3,14,0,7,20,0,0,20,0,1,1,64,1
10,10,encoder_K4,1,3,15,1,7,56,0,0,56,0,1,1,64,1
10,10,encoder_K4,1,7,16,2,7,11,0,0,11,0,1,1,64,1
10,10,encoder_K4,1,7,17,3,7,17,0,0,17,0,1,1,64,1
10,10,encoder_K4,1,7,18,2,6,10,0,0,10,0,1,1,64,1
10,10,encoder_K4,1,7,19,3,6,19,0,0,19,0,1,1,64,1
10,10,encoder_K4,1,6,20,2,5,14,0,0,14,0,1,1,64,1
10,10,encoder_K4,1,6,21,3,5,16,0,0,16,0,1,1,64,1
10,10,encoder_K4,1,6,22,2,4,29,0,0,29,0,1,1,64,1
10,10,encoder_K4,1,6,23,3,4,21,0,0,21,0,1,1,64,1
10,10,encoder_K4,1,5,24,2,3,9,0,0,9,0,1,1,64,1
10,10,encoder_K4,1,5,25,3,3,52,0,0,52,0,1,1,64,1
10,10,encoder_K4,1,5,26,2,2,26,0,0,26,0,1,1,64,1
10,10,encoder_K4,1,5,27,3,2,41,0,0,41,0,1,1,64,1
10,10,encoder_K4,1,4,28,2,1,58,0,0,58,0,1,1,64,1
10,10,encoder_K4,1,4,29,3,1,37,0,0,37,0,1,1,64,1
10,10,encoder_K4,1,4,30,2,0,22,0,0,22,0,1,1,64,1
10,10,encoder_K4,1,4,31,3,0,31,0,0,31,0,1,1,64,1
10,10,encoder_K4,1,8,32,4,0,3,0,0,3,0,1,1,64,1
10,10,encoder_K4,1,8,33,5,0,33,0,0,33,0,1,1,64,1
10,10,encoder_K4,1,8,34,4,1,2,0,0,2,0,1,1,64,1
10,10,encoder_K4,1,8,35,5,1,35,0,0,35,0,1,1,64,1
10,10,encoder_K4,1,9,36,4,2,25,0,0,25,0,1,1,64,1
10,10,encoder_K4,1,9,37,5,2,32,0,0,32,0,1,1,64,1
10,10,encoder_K4,1,9,38,4,3,38,0,0,38,0,1,1,64,1
10,10,encoder_K4,1,9,39,5,3,53,0,0,53,0,1,1,64,1
10,10,encoder_K4,1,10,40,4,4,40,0,0,40,0,1,1,64,1
10,10,encoder_K4,1,10,41,5,4,45,0,0,45,0,1,1,64,1
10,10,encoder_K4,1,10,42,4,5,48,0,0,48,0,1,1,64,1
10,10,encoder_K4,1,10,43,5,5,47,0,0,47,0,1,1,64,1
10,10,encoder_K4,1,11,44,4,6,36,0,0,36,0,1,1,64,1
10,10,encoder_K4,1,11,45,5,6,15,0,0,15,0,1,1,64,1
10,10,encoder_K4,1,11,46,4,7,46,0,0,46,0,1,1,64,1
10,10,encoder_K4,1,11,47,5,7,43,0,0,43,0,1,1,64,1
10,10,encoder_K4,1,15,48,6,7,54,0,0,54,0,1,1,64,1
10,10,encoder_K4,1,15,49,7,7,49,0,0,49,0,1,1,64,1
10,10,encoder_K4,1,15,50,6,6,50,0,0,50,0,1,1,64,1
10,10,encoder_K4,1,15,51,7,6,44,0,0,44,0,1,1,64,1
10,10,encoder_K4,1,14,52,6,5,61,0,0,61,0,1,1,64,1
10,10,encoder_K4,1,14,53,7,5,59,0,0,59,0,1,1,64,1
10,10,encoder_K4,1,14,54,6,4,42,0,0,42,0,1,1,64,1
10,10,encoder_K4,1,14,55,7,4,55,0,0,55,0,1,1,64,1
10,10,encoder_K4,1,13,56,6,3,51,0,0,51,0,1,1,64,1
10,10,encoder_K4,1,13,57,7,3,57,0,0,57,0,1,1,64,1
10,10,encoder_K4,1,13,58,6,2,28,0,0,28,0,1,1,64,1
10,10,encoder_K4,1,13,59,7,2,39,0,0,39,0,1,1,64,1
10,10,encoder_K4,1,12,60,6,1,7,0,0,7,0,1,1,64,1
10,10,encoder_K4,1,12,61,7,1,60,0,0,60,0,1,1,64,1
10,10,encoder_K4,1,12,62,6,0,62,0,0,62,0,1,1,64,1
10,10,encoder_K4,1,12,63,7,0,30,0,0,30,0,1,1,64,1
11,11,encoder_Kt4,1,0,0,0,0,0,0,0,0,0,1,8,8,1
11,11,encoder_Kt4,1,0,1,1,0,1,0,0,1,0,1,8,8,1
11,11,encoder_Kt4,1,0,2,0,1,2,0,0,2,0,1,8,8,1
11,11,encoder_Kt4,1,0,3,1,1,3,0,0,3,0,1,8,8,1
11,11,encoder_Kt4,1,1,4,0,2,4,0,0,4,0,1,8,8,1
11,11,encoder_Kt4,1,1,5,1,2,5,0,0,5,0,1,8,8,1
11,11,encoder_Kt4,1,1,6,0,3,6,0,0,6,0,1,8,8,1
11,11,encoder_Kt4,1,1,7,1,3,7,0,0,7,0,1,8,8,1
11,11,encoder_Kt4,1,2,8,0,4,8,0,1,0,0,1,8,8,1
11,11,encoder_Kt4,1,2,9,1,4,9,0,1,1,0,1,8,8,1
11,11,encoder_Kt4,1,2,10,0,5,10,0,1,2,0,1,8,8,1
11,11,encoder_Kt4,1,2,11,1,5,11,0,1,3,0,1,8,8,1
11,11,encoder_Kt4,1,3,12,0,6,12,0,1,4,0,1,8,8,1
11,11,encoder_Kt4,1,3,13,1,6,13,0,1,5,0,1,8,8,1
11,11,encoder_Kt4,1,3,14,0,7,14,0,1,6,0,1,8,8,1
11,11,encoder_Kt4,1,3,15,1,7,15,0,1,7,0,1,8,8,1
11,11,encoder_Kt4,1,7,16,2,7,16,0,2,0,0,1,8,8,1
11,11,encoder_Kt4,1,7,17,3,7,17,0,2,1,0,1,8,8,1
11,11,encoder_Kt4,1,7,18,2,6,18,0,2,2,0,1,8,8,1
11,11,encoder_Kt4,1,7,19,3,6,19,0,2,3,0,1,8,8,1
11,11,encoder_Kt4,1,6,20,2,5,20,0,2,4,0,1,8,8,1
11,11,encoder_Kt4,1,6,21,3,5,21,0,2,5,0,1,8,8,1
11,11,encoder_Kt4,1,6,22,2,4,22,0,2,6,0,1,8,8,1
11,11,encoder_Kt4,1,6,23,3,4,23,0,2,7,0,1,8,8,1
11,11,encoder_Kt4,1,5,24,2,3,24,0,3,0,0,1,8,8,1
11,11,encoder_Kt4,1,5,25,3,3,25,0,3,1,0,1,8,8,1
11,11,encoder_Kt4,1,5,26,2,2,26,0,3,2,0,1,8,8,1
11,11,encoder_Kt4,1,5,27,3,2,27,0,3,3,0,1,8,8,1
11,11,encoder_Kt4,1,4,28,2,1,28,0,3,4,0,1,8,8,1
11,11,encoder_Kt4,1,4,29,3,1,29,0,3,5,0,1,8,8,1
11,11,encoder_Kt4,1,4,30,2,0,30,0,3,6,0,1,8,8,1
11,11,encoder_Kt4,1,4,31,3,0,31,0,3,7,0,1,8,8,1
11,11,encoder_Kt4,1,8,32,4,0,32,0,4,0,0,1,8,8,1
11,11,encoder_Kt4,1,8,33,5,0,33,0,4,1,0,1,8,8,1
11,11,encoder_Kt4,1,8,34,4,1,34,0,4,2,0,1,8,8,1
11,11,encoder_Kt4,1,8,35,5,1,35,0,4,3,0,1,8,8,1
11,11,encoder_Kt4,1,9,36,4,2,36,0,4,4,0,1,8,8,1
11,11,encoder_Kt4,1,9,37,5,2,37,0,4,5,0,1,8,8,1
11,11,encoder_Kt4,1,9,38,4,3,38,0,4,6,0,1,8,8,1
11,11,encoder_Kt4,1,9,39,5,3,39,0,4,7,0,1,8,8,1
11,11,encoder_Kt4,1,10,40,4,4,40,0,5,0,0,1,8,8,1
11,11,encoder_Kt4,1,10,41,5,4,41,0,5,1,0,1,8,8,1
11,11,encoder_Kt4,1,10,42,4,5,42,0,5,2,0,1,8,8,1
11,11,encoder_Kt4,1,10,43,5,5,43,0,5,3,0,1,8,8,1
11,11,encoder_Kt4,1,11,44,4,6,44,0,5,4,0,1,8,8,1
11,11,encoder_Kt4,1,11,45,5,6,45,0,5,5,0,1,8,8,1
11,11,encoder_Kt4,1,11,46,4,7,46,0,5,6,0,1,8,8,1
11,11,encoder_Kt4,1,11,47,5,7,47,0,5,7,0,1,8,8,1
11,11,encoder_Kt4,1,15,48,6,7,48,0,6,0,0,1,8,8,1
11,11,encoder_Kt4,1,15,49,7,7,49,0,6,1,0,1,8,8,1
11,11,encoder_Kt4,1,15,50,6,6,50,0,6,2,0,1,8,8,1
11,11,encoder_Kt4,1,15,51,7,6,51,0,6,3,0,1,8,8,1
11,11,encoder_Kt4,1,14,52,6,5,52,0,6,4,0,1,8,8,1
11,11,encoder_Kt4,1,14,53,7,5,53,0,6,5,0,1,8,8,1
11,11,encoder_Kt4,1,14,54,6,4,54,0,6,6,0,1,8,8,1
11,11,encoder_Kt4,1,14,55,7,4,55,0,6,7,0,1,8,8,1
11,11,encoder_Kt4,1,13,56,6,3,56,0,7,0,0,1,8,8,1
11,11,encoder_Kt4,1,13,57,7,3,57,0,7,1,0,1,8,8,1
11,11,encoder_Kt4,1,13,58,6,2,58,0,7,2,0,1,8,8,1
11,11,encoder_Kt4,1,13,59,7,2,59,0,7,3,0,1,8,8,1
11,11,encoder_Kt4,1,12,60,6,1,60,0,7,4,0,1,8,8,1
11,11,encoder_Kt4,1,12,61,7,1,61,0,7,5,0,1,8,8,1
11,11,encoder_Kt4,1,12,62,6,0,62,0,7,6,0,1,8,8,1
11,11,encoder_Kt4,1,12,63,7,0,63,0,7,7,0,1,8,8,1
12,12,encoder_K5,1,0,0,0,0,0,0,0,0,0,1,1,64,1
12,12,encoder_K5,1,0,1,1,0,1,0,0,1,0,1,1,64,1
12,12,encoder_K5,1,0,2,0,1,30,0,0,30,0,1,1,64,1
12,12,encoder_K5,1,0,3,1,1,3,0,0,3,0,1,1,64,1
12,12,encoder_K5,1,1,4,0,2,4,0,0,4,0,1,1,64,1
12,12,encoder_K5,1,1,5,1,2,5,0,0,5,0,1,1,64,1
12,12,encoder_K5,1,1,6,0,3,6,0,0,6,0,1,1,64,1
12,12,encoder_K5,1,1,7,1,3,7,0,0,7,0,1,1,64,1
12,12,encoder_K5,1,2,8,0,4,8,0,0,8,0,1,1,64,1
12,12,encoder_K5,1,2,9,1,4,23,0,0,23,0,1,1,64,1
12,12,encoder_K5,1,2,10,0,5,14,0,0,14,0,1,1,64,1
12,12,encoder_K5,1,2,11,1,5,11,0,0,11,0,1,1,64,1
12,12,encoder_K5,1,3,12,0,6,12,0,0,12,0,1,1,64,1
12,12,encoder_K5,1,3,13,1,6,37,0,0,37,0,1,1,64,1
12,12,encoder_K5,1,3,14,0,7,10,0,0,10,0,1,1,64,1
12,12,encoder_K5,1,3,15,1,7,46,0,0,46,0,1,1,64,1
12,12,encoder_K5,1,7,16,2,7,16,0,0,16,0,1,1,64,1
12,12,encoder_K5,1,7,17,3,7,17,0,0,17,0,1,1,64,1
12,12,encoder_K5,1,7,18,2,6,45,0,0,45,0,1,1,64,1
12,12,encoder_K5,1,7,19,3,6,19,0,0,19,0,1,1,64,1
12,12,encoder_K5,1,6,20,2,5,20,0,0,20,0,1,1,64,1
12,12,encoder_K5,1,6,21,3,5,50,0,0,50,0,1,1,64,1
12,12,encoder_K5,1,6,22,2,4,22,0,0,22,0,1,1,64,1
12,12,encoder_K5,1,6,23,3,4,36,0,0,36,0,1,1,64,1
12,12,encoder_K5,1,5,24,2,3,24,0,0,24,0,1,1,64,1
12,12,encoder_K5,1,5,25,3,3,13,0,0,13,0,1,1,64,1
12,12,encoder_K5,1,5,26,2,2,26,0,0,26,0,1,1,64,1
12,12,encoder_K5,1,5,27,3,2,27,0,0,27,0,1,1,64,1
12,12,encoder_K5,1,4,28,2,1,31,0,0,31,0,1,1,64,1
12,12,encoder_K5,1,4,29,3,1,34,0,0,34,0,1,1,64,1
12,12,encoder_K5,1,4,30,2,0,2,0,0,2,0,1,1,64,1
12,12,encoder_K5,1,4,31,3,0,28,0,0,28,0,1,1,64,1
12,12,encoder_K5,1,8,32,4,0,32,0,0,32,0,1,1,64,1
12,12,encoder_K5,1,8,33,5,0,33,0,0,33,0,1,1,64,1
12,12,encoder_K5,1,8,34,4,1,29,0,0,29,0,1,1,64,1
12,12,encoder_K5,1,8,35,5,1,35,0,0,35,0,1,1,64,1
12,12,encoder_K5,1,9,36,4,2,44,0,0,44,0,1,1,64,1
12,12,encoder_K5,1,9,37,5,2,25,0,0,25,0,1,1,64,1
12,12,encoder_K5,1,9,38,4,3,38,0,0,38,0,1,1,64,1
12,12,encoder_K5,1,9,39,5,3,39,0,0,39,0,1,1,64,1
12,12,encoder_K5,1,10,40,4,4,18,0,0,18,0,1,1,64,1
12,12,encoder_K5,1,10,41,5,4,41,0,0,41,0,1,1,64,1
12,12,encoder_K5,1,10,42,4,5,58,0,0,58,0,1,1,64,1
12,12,encoder_K5,1,10,43,5,5,51,0,0,51,0,1,1,64,1
12,12,encoder_K5,1,11,44,4,6,55,0,0,55,0,1,1,64,1
12,12,encoder_K5,1,11,45,5,6,52,0,0,52,0,1,1,64,1
12,12,encoder_K5,1,11,46,4,7,15,0,0,15,0,1,1,64,1
12,12,encoder_K5,1,11,47,5,7,47,0,0,47,0,1,1,64,1
12,12,encoder_K5,1,15,48,6,7,9,0,0,9,0,1,1,64,1
12,12,encoder_K5,1,15,49,7,7,21,0,0,21,0,1,1,64,1
12,12,encoder_K5,1,15,50,6,6,49,0,0,49,0,1,1,64,1
12,12,encoder_K5,1,15,51,7,6,43,0,0,43,0,1,1,64,1
12,12,encoder_K5,1,14,52,6,5,40,0,0,40,0,1,1,64,1
12,12,encoder_K5,1,14,53,7,5,53,0,0,53,0,1,1,64,1
12,12,encoder_K5,1,14,54,6,4,54,0,0,54,0,1,1,64,1
12,12,encoder_K5,1,14,55,7,4,48,0,0,48,0,1,1,64,1
12,12,encoder_K5,1,13,56,6,3,56,0,0,56,0,1,1,64,1
12,12,encoder_K5,1,13,57,7,3,57,0,0,57,0,1,1,64,1
12,12,encoder_K5,1,13,58,6,2,42,0,0,42,0,1,1,64,1
12,12,encoder_K5,1,13,59,7,2,59,0,0,59,0,1,1,64,1
12,12,encoder_K5,1,12,60,6,1,60,0,0,60,0,1,1,64,1
12,12,encoder_K5,1,12,61,7,1,61,0,0,61,0,1,1,64,1
12,12,encoder_K5,1,12,62,6,0,62,0,0,62,0,1,1,64,1
12,12,encoder_K5,1,12,63,7,0,63,0,0,63,0,1,1,64,1
13,13,encoder_Kt5,1,0,0,0,0,0,0,0,0,0,1,8,8,1
13,13,encoder_Kt5,1,0,1,1,0,1,0,0,1,0,1,8,8,1
13,13,encoder_Kt5,1,0,2,0,1,2,0,0,2,0,1,8,8,1
13,13,encoder_Kt5,1,0,3,1,1,3,0,0,3,0,1,8,8,1
13,13,encoder_Kt5,1,1,4,0,2,4,0,0,4,0,1,8,8,1
13,13,encoder_Kt5,1,1,5,1,2,5,0,0,5,0,1,8,8,1
13,13,encoder_Kt5,1,1,6,0,3,6,0,0,6,0,1,8,8,1
13,13,encoder_Kt5,1,1,7,1,3,7,0,0,7,0,1,8,8,1
13,13,encoder_Kt5,1,2,8,0,4,8,0,1,0,0,1,8,8,1
13,13,encoder_Kt5,1,2,9,1,4,9,0,1,1,0,1,8,8,1
13,13,encoder_Kt5,1,2,10,0,5,10,0,1,2,0,1,8,8,1
13,13,encoder_Kt5,1,2,11,1,5,11,0,1,3,0,1,8,8,1
13,13,encoder_Kt5,1,3,12,0,6,12,0,1,4,0,1,8,8,1
13,13,encoder_Kt5,1,3,13,1,6,13,0,1,5,0,1,8,8,1
13,13,encoder_Kt5,1,3,14,0,7,14,0,1,6,0,1,8,8,1
13,13,encoder_Kt5,1,3,15,1,7,15,0,1,7,0,1,8,8,1
13,13,encoder_Kt5,1,7,16,2,7,16,0,2,0,0,1,8,8,1
13,13,encoder_Kt5,1,7,17,3,7,17,0,2,1,0,1,8,8,1
13,13,encoder_Kt5,1,7,18,2,6,18,0,2,2,0,1,8,8,1
13,13,encoder_Kt5,1,7,19,3,6,19,0,2,3,0,1,8,8,1
13,13,encoder_Kt5,1,6,20,2,5,20,0,2,4,0,1,8,8,1
13,13,encoder_Kt5,1,6,21,3,5,21,0,2,5,0,1,8,8,1
13,13,encoder_Kt5,1,6,22,2,4,22,0,2,6,0,1,8,8,1
13,13,encoder_Kt5,1,6,23,3,4,23,0,2,7,0,1,8,8,1
13,13,encoder_Kt5,1,5,24,2,3,24,0,3,0,0,1,8,8,1
13,13,encoder_Kt5,1,5,25,3,3,25,0,3,1,0,1,8,8,1
13,13,encoder_Kt5,1,5,26,2,2,26,0,3,2,0,1,8,8,1
13,13,encoder_Kt5,1,5,27,3,2,27,0,3,3,0,1,8,8,1
13,13,encoder_Kt5,1,4,28,2,1,28,0,3,4,0,1,8,8,1
13,13,encoder_Kt5,1,4,29,3,1,29,0,3,5,0,1,8,8,1
13,13,encoder_Kt5,1,4,30,2,0,30,0,3,6,0,1,8,8,1
13,13,encoder_Kt5,1,4,31,3,0,31,0,3,7,0,1,8,8,1
13,13,encoder_Kt5,1,8,32,4,0,32,0,4,0,0,1,8,8,1
13,13,encoder_Kt5,1,8,33,5,0,33,0,4,1,0,1,8,8,1
13,13,encoder_Kt5,1,8,34,4,1,34,0,4,2,0,1,8,8,1
13,13,encoder_Kt5,1,8,35,5,1,35,0,4,3,0,1,8,8,1
13,13,encoder_Kt5,1,9,36,4,2,36,0,4,4,0,1,8,8,1
13,13,encoder_Kt5,1,9,37,5,2,37,0,4,5,0,1,8,8,1
13,13,encoder_Kt5,1,9,38,4,3,38,0,4,6,0,1,8,8,1
13,13,encoder_Kt5,1,9,39,5,3,39,0,4,7,0,1,8,8,1
13,13,encoder_Kt5,1,10,40,4,4,40,0,5,0,0,1,8,8,1
13,13,encoder_Kt5,1,10,41,5,4,41,0,5,1,0,1,8,8,1
13,13,encoder_Kt5,1,10,42,4,5,42,0,5,2,0,1,8,8,1
13,13,encoder_Kt5,1,10,43,5,5,43,0,5,3,0,1,8,8,1
13,13,encoder_Kt5,1,11,44,4,6,44,0,5,4,0,1,8,8,1
13,13,encoder_Kt5,1,11,45,5,6,45,0,5,5,0,1,8,8,1
13,13,encoder_Kt5,1,11,46,4,7,46,0,5,6,0,1,8,8,1
13,13,encoder_Kt5,1,11,47,5,7,47,0,5,7,0,1,8,8,1
13,13,encoder_Kt5,1,15,48,6,7,48,0,6,0,0,1,8,8,1
13,13,encoder_Kt5,1,15,49,7,7,49,0,6,1,0,1,8,8,1
13,13,encoder_Kt5,1,15,50,6,6,50,0,6,2,0,1,8,8,1
13,13,encoder_Kt5,1,15,51,7,6,51,0,6,3,0,1,8,8,1
13,13,encoder_Kt5,1,14,52,6,5,52,0,6,4,0,1,8,8,1
13,13,encoder_Kt5,1,14,53,7,5,53,0,6,5,0,1,8,8,1
13,13,encoder_Kt5,1,14,54,6,4,54,0,6,6,0,1,8,8,1
13,13,encoder_Kt5,1,14,55,7,4,55,0,6,7,0,1,8,8,1
13,13,encoder_Kt5,1,13,56,6,3,56,0,7,0,0,1,8,8,1
13,13,encoder_Kt5,1,13,57,7,3,57,0,7,1,0,1,8,8,1
13,13,encoder_Kt5,1,13,58,6,2,58,0,7,2,0,1,8,8,1
13,13,encoder_Kt5,1,13,59,7,2,59,0,7,3,0,1,8,8,1
13,13,encoder_Kt5,1,12,60,6,1,60,0,7,4,0,1,8,8,1
13,13,encoder_Kt5,1,12,61,7,1,61,0,7,5,0,1,8,8,1
13,13,encoder_Kt5,1,12,62,6,0,62,0,7,6,0,1,8,8,1
13,13,encoder_Kt5,1,12,63,7,0,63,0,7,7,0,1,8,8,1
14,14,encoder_K6,1,0,0,0,0,0,0,0,0,0,1,1,64,1
14,14,encoder_K6,1,0,1,1,0,1,0,0,1,0,1,1,64,1
14,14,encoder_K6,1,0,2,0,1,2,0,0,2,0,1,1,64,1
14,14,encoder_K6,1,0,3,1,1,29,0,0,29,0,1,1,64,1
14,14,encoder_K6,1,1,4,0,2,4,0,0,4,0,1,1,64,1
14,14,encoder_K6,1,1,5,1,2,5,0,0,5,0,1,1,64,1
14,14,encoder_K6,1,1,6,0,3,6,0,0,6,0,1,1,64,1
14,14,encoder_K6,1,1,7,1,3,22,0,0,22,0,1,1,64,1
14,14,encoder_K6,1,2,8,0,4,8,0,0,8,0,1,1,64,1
14,14,encoder_K6,1,2,9,1,4,9,0,0,9,0,1,1,64,1
14,14,encoder_K6,1,2,10,0,5,10,0,0,10,0,1,1,64,1
14,14,encoder_K6,1,2,11,1,5,11,0,0,11,0,1,1,64,1
14,14,encoder_K6,1,3,12,0,6,12,0,0,12,0,1,1,64,1
14,14,encoder_K6,1,3,13,1,6,13,0,0,13,0,1,1,64,1
14,14,encoder_K6,1,3,14,0,7,14,0,0,14,0,1,1,64,1
14,14,encoder_K6,1,3,15,1,7,15,0,0,15,0,1,1,64,1
14,14,encoder_K6,1,7,16,2,7,16,0,0,16,0,1,1,64,1
14,14,encoder_K6,1,7,17,3,7,17,0,0,17,0,1,1,64,1
14,14,encoder_K6,1,7,18,2,6,18,0,0,18,0,1,1,64,1
14,14,encoder_K6,1,7,19,3,6,19,0,0,19,0,1,1,64,1
14,14,encoder_K6,1,6,20,2,5,20,0,0,20,0,1,1,64,1
14,14,encoder_K6,1,6,21,3,5,44,0,0,44,0,1,1,64,1
14,14,encoder_K6,1,6,22,2,4,7,0,0,7,0,1,1,64,1
14,14,encoder_K6,1,6,23,3,4,47,0,0,47,0,1,1,64,1
14,14,encoder_K6,1,5,24,2,3,34,0,0,34,0,1,1,64,1
14,14,encoder_K6,1,5,25,3,3,25,0,0,25,0,1,1,64,1
14,14,encoder_K6,1,5,26,2,2,26,0,0,26,0,1,1,64,1
14,14,encoder_K6,1,5,27,3,2,27,0,0,27,0,1,1,64,1
14,14,encoder_K6,1,4,28,2,1,40,0,0,40,0,1,1,64,1
14,14,encoder_K6,1,4,29,3,1,3,0,0,3,0,1,1,64,1
14,14,encoder_K6,1,4,30,2,0,30,0,0,30,0,1,1,64,1
14,14,encoder_K6,1,4,31,3,0,31,0,0,31,0,1,1,64,1
14,14,encoder_K6,1,8,32,4,0,32,0,0,32,0,1,1,64,1
14,14,encoder_K6,1,8,33,5,0,33,0,0,33,0,1,1,64,1
14,14,encoder_K6,1,8,34,4,1,24,0,0,24,0,1,1,64,1
14,14,encoder_K6,1,8,35,5,1,35,0,0,35,0,1,1,64,1
14,14,encoder_K6,1,9,36,4,2,36,0,0,36,0,1,1,64,1
14,14,encoder_K6,1,9,37,5,2,23,0,0,23,0,1,1,64,1
14,14,encoder_K6,1,9,38,4,3,38,0,0,38,0,1,1,64,1
14,14,encoder_K6,1,9,39,5,3,39,0,0,39,0,1,1,64,1
14,14,encoder_K6,1,10,40,4,4,28,0,0,28,0,1,1,64,1
14,14,encoder_K6,1,10,41,5,4,41,0,0,41,0,1,1,64,1
14,14,encoder_K6,1,10,42,4,5,42,0,0,42,0,1,1,64,1
14,14,encoder_K6,1,10,43,5,5,43,0,0,43,0,1,1,64,1
14,14,encoder_K6,1,11,44,4,6,21,0,0,21,0,1,1,64,1
14,14,encoder_K6,1,11,45,5,6,45,0,0,45,0,1,1,64,1
14,14,encoder_K6,1,11,46,4,7,46,0,0,46,0,1,1,64,1
14,14,encoder_K6,1,11,47,5,7,57,0,0,57,0,1,1,64,1
14,14,encoder_K6,1,15,48,6,7,48,0,0,48,0,1,1,64,1
14,14,encoder_K6,1,15,49,7,7,49,0,0,49,0,1,1,64,1
14,14,encoder_K6,1,15,50,6,6,50,0,0,50,0,1,1,64,1
14,14,encoder_K6,1,15,51,7,6,51,0,0,51,0,1,1,64,1
14,14,encoder_K6,1,14,52,6,5,52,0,0,52,0,1,1,64,1
14,14,encoder_K6,1,14,53,7,5,53,0,0,53,0,1,1,64,1
14,14,encoder_K6,1,14,54,6,4,54,0,0,54,0,1,1,64,1
14,14,encoder_K6,1,14,55,7,4,55,0,0,55,0,1,1,64,1
14,14,encoder_K6,1,13,56,6,3,56,0,0,56,0,1,1,64,1
14,14,encoder_K6,1,13,57,7,3,37,0,0,37,0,1,1,64,1
14,14,encoder_K6,1,13,58,6,2,58,0,0,58,0,1,1,64,1
14,14,encoder_K6,1,13,59,7,2,59,0,0,59,0,1,1,64,1
14,14,encoder_K6,1,12,60,6,1,60,0,0,60,0,1,1,64,1
14,14,encoder_K6,1,12,61,7,1,61,0,0,61,0,1,1,64,1
14,14,encoder_K6,1,12,62,6,0,62,0,0,62,0,1,1,64,1
14,14,encoder_K6,1,12,63,7,0,63,0,0,63,0,1,1,64,1
15,15,encoder_Kt6,1,0,0,0,0,0,0,0,0,0,1,8,8,1
15,15,encoder_Kt6,1,0,1,1,0,1,0,0,1,0,1,8,8,1
15,15,encoder_Kt6,1,0,2,0,1,2,0,0,2,0,1,8,8,1
15,15,encoder_Kt6,1,0,3,1,1,3,0,0,3,0,1,8,8,1
15,15,encoder_Kt6,1,1,4,0,2,4,0,0,4,0,1,8,8,1
15,15,encoder_Kt6,1,1,5,1,2,5,0,0,5,0,1,8,8,1
15,15,encoder_Kt6,1,1,6,0,3,6,0,0,6,0,1,8,8,1
15,15,encoder_Kt6,1,1,7,1,3,7,0,0,7,0,1,8,8,1
15,15,encoder_Kt6,1,2,8,0,4,8,0,1,0,0,1,8,8,1
15,15,encoder_Kt6,1,2,9,1,4,9,0,1,1,0,1,8,8,1
15,15,encoder_Kt6,1,2,10,0,5,10,0,1,2,0,1,8,8,1
15,15,encoder_Kt6,1,2,11,1,5,11,0,1,3,0,1,8,8,1
15,15,encoder_Kt6,1,3,12,0,6,12,0,1,4,0,1,8,8,1
15,15,encoder_Kt6,1,3,13,1,6,13,0,1,5,0,1,8,8,1
15,15,encoder_Kt6,1,3,14,0,7,14,0,1,6,0,1,8,8,1
15,15,encoder_Kt6,1,3,15,1,7,15,0,1,7,0,1,8,8,1
15,15,encoder_Kt6,1,7,16,2,7,16,0,2,0,0,1,8,8,1
15,15,encoder_Kt6,1,7,17,3,7,17,0,2,1,0,1,8,8,1
15,15,encoder_Kt6,1,7,18,2,6,18,0,2,2,0,1,8,8,1
15,15,encoder_Kt6,1,7,19,3,6,19,0,2,3,0,1,8,8,1
15,15,encoder_Kt6,1,6,20,2,5,20,0,2,4,0,1,8,8,1
15,15,encoder_Kt6,1,6,21,3,5,21,0,2,5,0,1,8,8,1
15,15,encoder_Kt6,1,6,22,2,4,22,0,2,6,0,1,8,8,1
15,15,encoder_Kt6,1,6,23,3,4,23,0,2,7,0,1,8,8,1
15,15,encoder_Kt6,1,5,24,2,3,24,0,3,0,0,1,8,8,1
15,15,encoder_Kt6,1,5,25,3,3,25,0,3,1,0,1,8,8,1
15,15,encoder_Kt6,1,5,26,2,2,26,0,3,2,0,1,8,8,1
15,15,encoder_Kt6,1,5,27,3,2,27,0,3,3,0,1,8,8,1
15,15,encoder_Kt6,1,4,28,2,1,28,0,3,4,0,1,8,8,1
15,15,encoder_Kt6,1,4,29,3,1,29,0,3,5,0,1,8,8,1
15,15,encoder_Kt6,1,4,30,2,0,30,0,3,6,0,1,8,8,1
15,15,encoder_Kt6,1,4,31,3,0,31,0,3,7,0,1,8,8,1
15,15,encoder_Kt6,1,8,32,4,0,32,0,4,0,0,1,8,8,1
15,15,encoder_Kt6,1,8,33,5,0,33,0,4,1,0,1,8,8,1
15,15,encoder_Kt6,1,8,34,4,1,34,0,4,2,0,1,8,8,1
15,15,encoder_Kt6,1,8,35,5,1,35,0,4,3,0,1,8,8,1
15,15,encoder_Kt6,1,9,36,4,2,36,0,4,4,0,1,8,8,1
15,15,encoder_Kt6,1,9,37,5,2,37,0,4,5,0,1,8,8,1
15,15,encoder_Kt6,1,9,38,4,3,38,0,4,6,0,1,8,8,1
15,15,encoder_Kt6,1,9,39,5,3,39,0,4,7,0,1,8,8,1
15,15,encoder_Kt6,1,10,40,4,4,40,0,5,0,0,1,8,8,1
15,15,encoder_Kt6,1,10,41,5,4,41,0,5,1,0,1,8,8,1
15,15,encoder_Kt6,1,10,42,4,5,42,0,5,2,0,1,8,8,1
15,15,encoder_Kt6,1,10,43,5,5,43,0,5,3,0,1,8,8,1
15,15,encoder_Kt6,1,11,44,4,6,44,0,5,4,0,1,8,8,1
15,15,encoder_Kt6,1,11,45,5,6,45,0,5,5,0,1,8,8,1
15,15,encoder_Kt6,1,11,46,4,7,46,0,5,6,0,1,8,8,1
15,15,encoder_Kt6,1,11,47,5,7,47,0,5,7,0,1,8,8,1
15,15,encoder_Kt6,1,15,48,6,7,48,0,6,0,0,1,8,8,1
15,15,encoder_Kt6,1,15,49,7,7,49,0,6,1,0,1,8,8,1
15,15,encoder_Kt6,1,15,50,6,6,50,0,6,2,0,1,8,8,1
15,15,encoder_Kt6,1,15,51,7,6,51,0,6,3,0,1,8,8,1
15,15,encoder_Kt6,1,14,52,6,5,52,0,6,4,0,1,8,8,1
15,15,encoder_Kt6,1,14,53,7,5,53,0,6,5,0,1,8,8,1
15,15,encoder_Kt6,1,14,54,6,4,54,0,6,6,0,1,8,8,1
15,15,encoder_Kt6,1,14,55,7,4,55,0,6,7,0,1,8,8,1
15,15,encoder_Kt6,1,13,56,6,3,56,0,7,0,0,1,8,8,1
15,15,encoder_Kt6,1,13,57,7,3,57,0,7,1,0,1,8,8,1
15,15,encoder_Kt6,1,13,58,6,2,58,0,7,2,0,1,8,8,1
15,15,encoder_Kt6,1,13,59,7,2,59,0,7,3,0,1,8,8,1
15,15,encoder_Kt6,1,12,60,6,1,60,0,7,4,0,1,8,8,1
15,15,encoder_Kt6,1,12,61,7,1,61,0,7,5,0,1,8,8,1
15,15,encoder_Kt6,1,12,62,6,0,62,0,7,6,0,1,8,8,1
15,15,encoder_Kt6,1,12,63,7,0,63,0,7,7,0,1,8,8,1
16,16,encoder_K7,1,0,0,0,0,0,0,0,0,0,1,1,64,1
16,16,encoder_K7,1,0,1,1,0,6,0,0,6,0,1,1,64,1
16,16,encoder_K7,1,0,2,0,1,2,0,0,2,0,1,1,64,1
16,16,encoder_K7,1,0,3,1,1,29,0,0,29,0,1,1,64,1
16,16,encoder_K7,1,1,4,0,2,4,0,0,4,0,1,1,64,1
16,16,encoder_K7,1,1,5,1,2,5,0,0,5,0,1,1,64,1
16,16,encoder_K7,1,1,6,0,3,1,0,0,1,0,1,1,64,1
16,16,encoder_K7,1,1,7,1,3,7,0,0,7,0,1,1,64,1
16,16,encoder_K7,1,2,8,0,4,21,0,0,21,0,1,1,64,1
16,16,encoder_K7,1,2,9,1,4,9,0,0,9,0,1,1,64,1
16,16,encoder_K7,1,2,10,0,5,10,0,0,10,0,1,1,64,1
16,16,encoder_K7,1,2,11,1,5,11,0,0,11,0,1,1,64,1
16,16,encoder_K7,1,3,12,0,6,12,0,0,12,0,1,1,64,1
16,16,encoder_K7,1,3,13,1,6,18,0,0,18,0,1,1,64,1
16,16,encoder_K7,1,3,14,0,7,14,0,0,14,0,1,1,64,1
16,16,encoder_K7,1,3,15,1,7,15,0,0,15,0,1,1,64,1
16,16,encoder_K7,1,7,16,2,7,22,0,0,22,0,1,1,64,1
16,16,encoder_K7,1,7,17,3,7,17,0,0,17,0,1,1,64,1
16,16,encoder_K7,1,7,18,2,6,50,0,0,50,0,1,1,64,1
16,16,encoder_K7,1,7,19,3,6,19,0,0,19,0,1,1,64,1
16,16,encoder_K7,1,6,20,2,5,3,0,0,3,0,1,1,64,1
16,16,encoder_K7,1,6,21,3,5,8,0,0,8,0,1,1,64,1
16,16,encoder_K7,1,6,22,2,4,43,0,0,43,0,1,1,64,1
16,16,encoder_K7,1,6,23,3,4,23,0,0,23,0,1,1,64,1
16,16,encoder_K7,1,5,24,2,3,24,0,0,24,0,1,1,64,1
16,16,encoder_K7,1,5,25,3,3,45,0,0,45,0,1,1,64,1
16,16,encoder_K7,1,5,26,2,2,26,0,0,26,0,1,1,64,1
16,16,encoder_K7,1,5,27,3,2,39,0,0,39,0,1,1,64,1
16,16,encoder_K7,1,4,28,2,1,28,0,0,28,0,1,1,64,1
16,16,encoder_K7,1,4,29,3,1,58,0,0,58,0,1,1,64,1
16,16,encoder_K7,1,4,30,2,0,30,0,0,30,0,1,1,64,1
16,16,encoder_K7,1,4,31,3,0,31,0,0,31,0,1,1,64,1
16,16,encoder_K7,1,8,32,4,0,33,0,0,33,0,1,1,64,1
16,16,encoder_K7,1,8,33,5,0,32,0,0,32,0,1,1,64,1
16,16,encoder_K7,1,8,34,4,1,59,0,0,59,0,1,1,64,1
16,16,encoder_K7,1,8,35,5,1,54,0,0,54,0,1,1,64,1
16,16,encoder_K7,1,9,36,4,2,36,0,0,36,0,1,1,64,1
16,16,encoder_K7,1,9,37,5,2,44,0,0,44,0,1,1,64,1
16,16,encoder_K7,1,9,38,4,3,34,0,0,34,0,1,1,64,1
16,16,encoder_K7,1,9,39,5,3,53,0,0,53,0,1,1,64,1
16,16,encoder_K7,1,10,40,4,4,40,0,0,40,0,1,1,64,1
16,16,encoder_K7,1,10,41,5,4,41,0,0,41,0,1,1,64,1
16,16,encoder_K7,1,10,42,4,5,42,0,0,42,0,1,1,64,1
16,16,encoder_K7,1,10,43,5,5,13,0,0,13,0,1,1,64,1
16,16,encoder_K7,1,11,44,4,6,20,0,0,20,0,1,1,64,1
16,16,encoder_K7,1,11,45,5,6,46,0,0,46,0,1,1,64,1
16,16,encoder_K7,1,11,46,4,7,52,0,0,52,0,1,1,64,1
16,16,encoder_K7,1,11,47,5,7,47,0,0,47,0,1,1,64,1
16,16,encoder_K7,1,15,48,6,7,48,0,0,48,0,1,1,64,1
16,16,encoder_K7,1,15,49,7,7,49,0,0,49,0,1,1,64,1
16,16,encoder_K7,1,15,50,6,6,16,0,0,16,0,1,1,64,1
16,16,encoder_K7,1,15,51,7,6,51,0,0,51,0,1,1,64,1
16,16,encoder_K7,1,14,52,6,5,35,0,0,35,0,1,1,64,1
16,16,encoder_K7,1,14,53,7,5,56,0,0,56,0,1,1,64,1
16,16,encoder_K7,1,14,54,6,4,60,0,0,60,0,1,1,64,1
16,16,encoder_K7,1,14,55,7,4,55,0,0,55,0,1,1,64,1
16,16,encoder_K7,1,13,56,6,3,27,0,0,27,0,1,1,64,1
16,16,encoder_K7,1,13,57,7,3,57,0,0,57,0,1,1,64,1
16,16,encoder_K7,1,13,58,6,2,37,0,0,37,0,1,1,64,1
16,16,encoder_K7,1,13,59,7,2,38,0,0,38,0,1,1,64,1
16,16,encoder_K7,1,12,60,6,1,25,0,0,25,0,1,1,64,1
16,16,encoder_K7,1,12,61,7,1,61,0,0,61,0,1,1,64,1
16,16,encoder_K7,1,12,62,6,0,62,0,0,62,0,1,1,64,1
16,16,encoder_K7,1,12,63,7,0,63,0,0,63,0,1,1,64,1
17,17,encoder_Kt7,1,0,0,0,0,0,0,0,0,0,1,8,8,1
17,17,encoder_Kt7,1,0,1,1,0,1,0,0,1,0,1,8,8,1
17,17,encoder_Kt7,1,0,2,0,1,2,0,0,2,0,1,8,8,1
17,17,encoder_Kt7,1,0,3,1,1,3,0,0,3,0,1,8,8,1
17,17,encoder_Kt7,1,1,4,0,2,4,0,0,4,0,1,8,8,1
17,17,encoder_Kt7,1,1,5,1,2,5,0,0,5,0,1,8,8,1
17,17,encoder_Kt7,1,1,6,0,3,6,0,0,6,0,1,8,8,1
17,17,encoder_Kt7,1,1,7,1,3,7,0,0,7,0,1,8,8,1
17,17,encoder_Kt7,1,2,8,0,4,8,0,1,0,0,1,8,8,1
17,17,encoder_Kt7,1,2,9,1,4,9,0,1,1,0,1,8,8,1
17,17,encoder_Kt7,1,2,10,0,5,10,0,1,2,0,1,8,8,1
17,17,encoder_Kt7,1,2,11,1,5,11,0,1,3,0,1,8,8,1
17,17,encoder_Kt7,1,3,12,0,6,12,0,1,4,0,1,8,8,1
17,17,encoder_Kt7,1,3,13,1,6,13,0,1,5,0,1,8,8,1
17,17,encoder_Kt7,1,3,14,0,7,14,0,1,6,0,1,8,8,1
17,17,encoder_Kt7,1,3,15,1,7,15,0,1,7,0,1,8,8,1
17,17,encoder_Kt7,1,7,16,2,7,16,0,2,0,0,1,8,8,1
17,17,encoder_Kt7,1,7,17,3,7,17,0,2,1,0,1,8,8,1
17,17,encoder_Kt7,1,7,18,2,6,18,0,2,2,0,1,8,8,1
17,17,encoder_Kt7,1,7,19,3,6,19,0,2,3,0,1,8,8,1
17,17,encoder_Kt7,1,6,20,2,5,20,0,2,4,0,1,8,8,1
17,17,encoder_Kt7,1,6,21,3,5,21,0,2,5,0,1,8,8,1
17,17,encoder_Kt7,1,6,22,2,4,22,0,2,6,0,1,8,8,1
17,17,encoder_Kt7,1,6,23,3,4,23,0,2,7,0,1,8,8,1
17,17,encoder_Kt7,1,5,24,2,3,24,0,3,0,0,1,8,8,1
17,17,encoder_Kt7,1,5,25,3,3,25,0,3,1,0,1,8,8,1
17,17,encoder_Kt7,1,5,26,2,2,26,0,3,2,0,1,8,8,1
17,17,encoder_Kt7,1,5,27,3,2,27,0,3,3,0,1,8,8,1
17,17,encoder_Kt7,1,4,28,2,1,28,0,3,4,0,1,8,8,1
17,17,encoder_Kt7,1,4,29,3,1,29,0,3,5,0,1,8,8,1
17,17,encoder_Kt7,1,4,30,2,0,30,0,3,6,0,1,8,8,1
17,17,encoder_Kt7,1,4,31,3,0,31,0,3,7,0,1,8,8,1
17,17,encoder_Kt7,1,8,32,4,0,32,0,4,0,0,1,8,8,1
17,17,encoder_Kt7,1,8,33,5,0,33,0,4,1,0,1,8,8,1
17,17,encoder_Kt7,1,8,34,4,1,34,0,4,2,0,1,8,8,1
17,17,encoder_Kt7,1,8,35,5,1,35,0,4,3,0,1,8,8,1
17,17,encoder_Kt7,1,9,36,4,2,36,0,4,4,0,1,8,8,1
17,17,encoder_Kt7,1,9,37,5,2,37,0,4,5,0,1,8,8,1
17,17,encoder_Kt7,1,9,38,4,3,38,0,4,6,0,1,8,8,1
17,17,encoder_Kt7,1,9,39,5,3,39,0,4,7,0,1,8,8,1
17,17,encoder_Kt7,1,10,40,4,4,40,0,5,0,0,1,8,8,1
17,17,encoder_Kt7,1,10,41,5,4,41,0,5,1,0,1,8,8,1
17,17,encoder_Kt7,1,10,42,4,5,42,0,5,2,0,1,8,8,1
17,17,encoder_Kt7,1,10,43,5,5,43,0,5,3,0,1,8,8,1
17,17,encoder_Kt7,1,11,44,4,6,44,0,5,4,0,1,8,8,1
17,17,encoder_Kt7,1,11,45,5,6,45,0,5,5,0,1,8,8,1
17,17,encoder_Kt7,1,11,46,4,7,46,0,5,6,0,1,8,8,1
17,17,encoder_Kt7,1,11,47,5,7,47,0,5,7,0,1,8,8,1
17,17,encoder_Kt7,1,15,48,6,7,48,0,6,0,0,1,8,8,1
17,17,encoder_Kt7,1,15,49,7,7,49,0,6,1,0,1,8,8,1
17,17,encoder_Kt7,1,15,50,6,6,50,0,6,2,0,1,8,8,1
17,17,encoder_Kt7,1,15,51,7,6,51,0,6,3,0,1,8,8,1
17,17,encoder_Kt7,1,14,52,6,5,52,0,6,4,0,1,8,8,1
17,17,encoder_Kt7,1,14,53,7,5,53,0,6,5,0,1,8,8,1
17,17,encoder_Kt7,1,14,54,6,4,54,0,6,6,0,1,8,8,1
17,17,encoder_Kt7,1,14,55,7,4,55,0,6,7,0,1,8,8,1
17,17,encoder_Kt7,1,13,56,6,3,56,0,7,0,0,1,8,8,1
17,17,encoder_Kt7,1,13,57,7,3,57,0,7,1,0,1,8,8,1
17,17,encoder_Kt7,1,13,58,6,2,58,0,7,2,0,1,8,8,1
17,17,encoder_Kt7,1,13,59,7,2,59,0,7,3,0,1,8,8,1
17,17,encoder_Kt7,1,12,60,6,1,60,0,7,4,0,1,8,8,1
17,17,encoder_Kt7,1,12,61,7,1,61,0,7,5,0,1,8,8,1
17,17,encoder_Kt7,1,12,62,6,0,62,0,7,6,0,1,8,8,1
17,17,encoder_Kt7,1,12,63,7,0,63,0,7,7,0,1,8,8,1
18,18,encoder_K,1,0,0,0,0,0,0,0,0,0,1,8,8,1
18,18,encoder_K,1,0,1,1,0,1,0,0,1,0,1,8,8,1
18,18,encoder_K,1,0,2,0,1,2,0,0,2,0,1,8,8,1
18,18,encoder_K,1,0,3,1,1,3,0,0,3,0,1,8,8,1
18,18,encoder_K,1,1,4,0,2,4,0,0,4,0,1,8,8,1
18,18,encoder_K,1,1,5,1,2,5,0,0,5,0,1,8,8,1
18,18,encoder_K,1,1,6,0,3,6,0,0,6,0,1,8,8,1
18,18,encoder_K,1,1,7,1,3,7,0,0,7,0,1,8,8,1
18,18,encoder_K,1,2,8,0,4,8,0,1,0,0,1,8,8,1
18,18,encoder_K,1,2,9,1,4,9,0,1,1,0,1,8,8,1
18,18,encoder_K,1,2,10,0,5,10,0,1,2,0,1,8,8,1
18,18,encoder_K,1,2,11,1,5,11,0,1,3,0,1,8,8,1
18,18,encoder_K,1,3,12,0,6,12,0,1,4,0,1,8,8,1
18,18,encoder_K,1,3,13,1,6,13,0,1,5,0,1,8,8,1
18,18,encoder_K,1,3,14,0,7,14,0,1,6,0,1,8,8,1
18,18,encoder_K,1,3,15,1,7,15,0,1,7,0,1,8,8,1
18,18,encoder_K,1,7,16,2,7,16,0,2,0,0,1,8,8,1
18,18,encoder_K,1,7,17,3,7,17,0,2,1,0,1,8,8,1
18,18,encoder_K,1,7,18,2,6,18,0,2,2,0,1,8,8,1
18,18,encoder_K,1,7,19,3,6,19,0,2,3,0,1,8,8,1
18,18,encoder_K,1,6,20,2,5,20,0,2,4,0,1,8,8,1
18,18,encoder_K,1,6,21,3,5,21,0,2,5,0,1,8,8,1
18,18,encoder_K,1,6,22,2,4,22,0,2,6,0,1,8,8,1
18,18,encoder_K,1,6,23,3,4,23,0,2,7,0,1,8,8,1
18,18,encoder_K,1,5,24,2,3,24,0,3,0,0,1,8,8,1
18,18,encoder_K,1,5,25,3,3,25,0,3,1,0,1,8,8,1
18,18,encoder_K,1,5,26,2,2,26,0,3,2,0,1,8,8,1
18,18,encoder_K,1,5,27,3,2,27,0,3,3,0,1,8,8,1
18,18,encoder_K,1,4,28,2,1,28,0,3,4,0,1,8,8,1
18,18,encoder_K,1,4,29,3,1,29,0,3,5,0,1,8,8,1
18,18,encoder_K,1,4,30,2,0,30,0,3,6,0,1,8,8,1
18,18,encoder_K,1,4,31,3,0,31,0,3,7,0,1,8,8,1
18,18,encoder_K,1,8,32,4,0,32,0,4,0,0,1,8,8,1
18,18,encoder_K,1,8,33,5,0,33,0,4,1,0,1,8,8,1
18,18,encoder_K,1,8,34,4,1,34,0,4,2,0,1,8,8,1
18,18,encoder_K,1,8,35,5,1,35,0,4,3,0,1,8,8,1
18,18,encoder_K,1,9,36,4,2,36,0,4,4,0,1,8,8,1
18,18,encoder_K,1,9,37,5,2,37,0,4,5,0,1,8,8,1
18,18,encoder_K,1,9,38,4,3,38,0,4,6,0,1,8,8,1
18,18,encoder_K,1,9,39,5,3,39,0,4,7,0,1,8,8,1
18,18,encoder_K,1,10,40,4,4,40,0,5,0,0,1,8,8,1
18,18,encoder_K,1,10,41,5,4,41,0,5,1,0,1,8,8,1
18,18,encoder_K,1,10,42,4,5,42,0,5,2,0,1,8,8,1
18,18,encoder_K,1,10,43,5,5,43,0,5,3,0,1,8,8,1
18,18,encoder_K,1,11,44,4,6,44,0,5,4,0,1,8,8,1
18,18,encoder_K,1,11,45,5,6,45,0,5,5,0,1,8,8,1
18,18,encoder_K,1,11,46,4,7,46,0,5,6,0,1,8,8,1
18,18,encoder_K,1,11,47,5,7,47,0,5,7,0,1,8,8,1
18,18,encoder_K,1,15,48,6,7,48,0,6,0,0,1,8,8,1
18,18,encoder_K,1,15,49,7,7,49,0,6,1,0,1,8,8,1
18,18,encoder_K,1,15,50,6,6,50,0,6,2,0,1,8,8,1
18,18,encoder_K,1,15,51,7,6,51,0,6,3,0,1,8,8,1
18,18,encoder_K,1,14,52,6,5,52,0,6,4,0,1,8,8,1
18,18,encoder_K,1,14,53,7,5,53,0,6,5,0,1,8,8,1
18,18,encoder_K,1,14,54,6,4,54,0,6,6,0,1,8,8,1
18,18,encoder_K,1,14,55,7,4,55,0,6,7,0,1,8,8,1
18,18,encoder_K,1,13,56,6,3,56,0,7,0,0,1,8,8,1
18,18,encoder_K,1,13,57,7,3,57,0,7,1,0,1,8,8,1
18,18,encoder_K,1,13,58,6,2,58,0,7,2,0,1,8,8,1
18,18,encoder_K,1,13,59,7,2,59,0,7,3,0,1,8,8,1
18,18,encoder_K,1,12,60,6,1,60,0,7,4,0,1,8,8,1
18,18,encoder_K,1,12,61,7,1,61,0,7,5,0,1,8,8,1
18,18,encoder_K,1,12,62,6,0,62,0,7,6,0,1,8,8,1
18,18,encoder_K,1,12,63,7,0,63,0,7,7,0,1,8,8,1
19,19,encoder_V,1,0,0,0,0,0,0,0,0,0,1,8,8,1
19,19,encoder_V,1,0,1,1,0,1,0,0,1,0,1,8,8,1
19,19,encoder_V,1,0,2,0,1,2,0,0,2,0,1,8,8,1
19,19,encoder_V,1,0,3,1,1,3,0,0,3,0,1,8,8,1
19,19,encoder_V,1,1,4,0,2,4,0,0,4,0,1,8,8,1
19,19,encoder_V,1,1,5,1,2,5,0,0,5,0,1,8,8,1
19,19,encoder_V,1,1,6,0,3,6,0,0,6,0,1,8,8,1
19,19,encoder_V,1,1,7,1,3,7,0,0,7,0,1,8,8,1
19,19,encoder_V,1,2,8,0,4,8,0,1,0,0,1,8,8,1
19,19,encoder_V,1,2,9,1,4,9,0,1,1,0,1,8,8,1
19,19,encoder_V,1,2,10,0,5,10,0,1,2,0,1,8,8,1
19,19,encoder_V,1,2,11,1,5,11,0,1,3,0,1,8,8,1
19,19,encoder_V,1,3,12,0,6,12,0,1,4,0,1,8,8,1
19,19,encoder_V,1,3,13,1,6,13,0,1,5,0,1,8,8,1
19,19,encoder_V,1,3,14,0,7,14,0,1,6,0,1,8,8,1
19,19,encoder_V,1,3,15,1,7,15,0,1,7,0,1,8,8,1
19,19,encoder_V,1,7,16,2,7,16,0,2,0,0,1,8,8,1
19,19,encoder_V,1,7,17,3,7,17,0,2,1,0,1,8,8,1
19,19,encoder_V,1,7,18,2,6,18,0,2,2,0,1,8,8,1
19,19,encoder_V,1,7,19,3,6,19,0,2,3,0,1,8,8,1
19,19,encoder_V,1,6,20,2,5,20,0,2,4,0,1,8,8,1
19,19,encoder_V,1,6,21,3,5,21,0,2,5,0,1,8,8,1
19,19,encoder_V,1,6,22,2,4,22,0,2,6,0,1,8,8,1
19,19,encoder_V,1,6,23,3,4,23,0,2,7,0,1,8,8,1
19,19,encoder_V,1,5,24,2,3,24,0,3,0,0,1,8,8,1
19,19,encoder_V,1,5,25,3,3,25,0,3,1,0,1,8,8,1
19,19,encoder_V,1,5,26,2,2,26,0,3,2,0,1,8,8,1
19,19,encoder_V,1,5,27,3,2,27,0,3,3,0,1,8,8,1
19,19,encoder_V,1,4,28,2,1,28,0,3,4,0,1,8,8,1
19,19,encoder_V,1,4,29,3,1,29,0,3,5,0,1,8,8,1
19,19,encoder_V,1,4,30,2,0,30,0,3,6,0,1,8,8,1
19,19,encoder_V,1,4,31,3,0,31,0,3,7,0,1,8,8,1
19,19,encoder_V,1,8,32,4,0,32,0,4,0,0,1,8,8,1
19,19,encoder_V,1,8,33,5,0,33,0,4,1,0,1,8,8,1
19,19,encoder_V,1,8,34,4,1,34,0,4,2,0,1,8,8,1
19,19,encoder_V,1,8,35,5,1,35,0,4,3,0,1,8,8,1
19,19,encoder_V,1,9,36,4,2,36,0,4,4,0,1,8,8,1
19,19,encoder_V,1,9,37,5,2,37,0,4,5,0,1,8,8,1
19,19,encoder_V,1,9,38,4,3,38,0,4,6,0,1,8,8,1
19,19,encoder_V,1,9,39,5,3,39,0,4,7,0,1,8,8,1
19,19,encoder_V,1,10,40,4,4,40,0,5,0,0,1,8,8,1
19,19,encoder_V,1,10,41,5,4,41,0,5,1,0,1,8,8,1
19,19,encoder_V,1,10,42,4,5,42,0,5,2,0,1,8,8,1
19,19,encoder_V,1,10,43,5,5,43,0,5,3,0,1,8,8,1
19,19,encoder_V,1,11,44,4,6,44,0,5,4,0,1,8,8,1
19,19,encoder_V,1,11,45,5,6,45,0,5,5,0,1,8,8,1
19,19,encoder_V,1,11,46,4,7,46,0,5,6,0,1,8,8,1
19,19,encoder_V,1,11,47,5,7,47,0,5,7,0,1,8,8,1
19,19,encoder_V,1,15,48,6,7,48,0,6,0,0,1,8,8,1
19,19,encoder_V,1,15,49,7,7,49,0,6,1,0,1,8,8,1
19,19,encoder_V,1,15,50,6,6,50,0,6,2,0,1,8,8,1
19,19,encoder_V,1,15,51,7,6,51,0,6,3,0,1,8,8,1
19,19,encoder_V,1,14,52,6,5,52,0,6,4,0,1,8,8,1
19,19,encoder_V,1,14,53,7,5,53,0,6,5,0,1,8,8,1
19,19,encoder_V,1,14,54,6,4,54,0,6,6,0,1,8,8,1
19,19,encoder_V,1,14,55,7,4,55,0,6,7,0,1,8,8,1
19,19,encoder_V,1,13,56,6,3,56,0,7,0,0,1,8,8,1
19,19,encoder_V,1,13,57,7,3,57,0,7,1,0,1,8,8,1
19,19,encoder_V,1,13,58,6,2,58,0,7,2,0,1,8,8,1
19,19,encoder_V,1,13,59,7,2,59,0,7,3,0,1,8,8,1
19,19,encoder_V,1,12,60,6,1,60,0,7,4,0,1,8,8,1
19,19,encoder_V,1,12,61,7,1,61,0,7,5,0,1,8,8,1
19,19,encoder_V,1,12,62,6,0,62,0,7,6,0,1,8,8,1
19,19,encoder_V,1,12,63,7,0,63,0,7,7,0,1,8,8,1
20,20,encoder_QK,1,0,0,0,0,0,0,0,0,0,1,8,8,1
20,20,encoder_QK,1,0,1,1,0,1,0,0,1,0,1,8,8,1
20,20,encoder_QK,1,0,2,0,1,2,0,0,2,0,1,8,8,1
20,20,encoder_QK,1,0,3,1,1,3,0,0,3,0,1,8,8,1
20,20,encoder_QK,1,1,4,0,2,4,0,0,4,0,1,8,8,1
20,20,encoder_QK,1,1,5,1,2,5,0,0,5,0,1,8,8,1
20,20,encoder_QK,1,1,6,0,3,6,0,0,6,0,1,8,8,1
20,20,encoder_QK,1,1,7,1,3,7,0,0,7,0,1,8,8,1
20,20,encoder_QK,1,2,8,0,4,8,0,1,0,0,1,8,8,1
20,20,encoder_QK,1,2,9,1,4,9,0,1,1,0,1,8,8,1
20,20,encoder_QK,1,2,10,0,5,10,0,1,2,0,1,8,8,1
20,20,encoder_QK,1,2,11,1,5,11,0,1,3,0,1,8,8,1
20,20,encoder_QK,1,3,12,0,6,12,0,1,4,0,1,8,8,1
20,20,encoder_QK,1,3,13,1,6,13,0,1,5,0,1,8,8,1
20,20,encoder_QK,1,3,14,0,7,14,0,1,6,0,1,8,8,1
20,20,encoder_QK,1,3,15,1,7,15,0,1,7,0,1,8,8,1
20,20,encoder_QK,1,7,16,2,7,16,0,2,0,0,1,8,8,1
20,20,encoder_QK,1,7,17,3,7,17,0,2,1,0,1,8,8,1
20,20,encoder_QK,1,7,18,2,6,18,0,2,2,0,1,8,8,1
20,20,encoder_QK,1,7,19,3,6,19,0,2,3,0,1,8,8,1
20,20,encoder_QK,1,6,20,2,5,20,0,2,4,0,1,8,8,1
20,20,encoder_QK,1,6,21,3,5,21,0,2,5,0,1,8,8,1
20,20,encoder_QK,1,6,22,2,4,22,0,2,6,0,1,8,8,1
20,20,encoder_QK,1,6,23,3,4,23,0,2,7,0,1,8,8,1
20,20,encoder_QK,1,5,24,2,3,24,0,3,0,0,1,8,8,1
20,20,encoder_QK,1,5,25,3,3,25,0,3,1,0,1,8,8,1
20,20,encoder_QK,1,5,26,2,2,26,0,3,2,0,1,8,8,1
20,20,encoder_QK,1,5,27,3,2,27,0,3,3,0,1,8,8,1
20,20,encoder_QK,1,4,28,2,1,28,0,3,4,0,1,8,8,1
20,20,encoder_QK,1,4,29,3,1,29,0,3,5,0,1,8,8,1
20,20,encoder_QK,1,4,30,2,0,30,0,3,6,0,1,8,8,1
20,20,encoder_QK,1,4,31,3,0,31,0,3,7,0,1,8,8,1
20,20,encoder_QK,1,8,32,4,0,32,0,4,0,0,1,8,8,1
20,20,encoder_QK,1,8,33,5,0,33,0,4,1,0,1,8,8,1
20,20,encoder_QK,1,8,34,4,1,34,0,4,2,0,1,8,8,1
20,20,encoder_QK,1,8,35,5,1,35,0,4,3,0,1,8,8,1
20,20,encoder_QK,1,9,36,4,2,36,0,4,4,0,1,8,8,1
20,20,encoder_QK,1,9,37,5,2,37,0,4,5,0,1,8,8,1
20,20,encoder_QK,1,9,38,4,3,38,0,4,6,0,1,8,8,1
20,20,encoder_QK,1,9,39,5,3,39,0,4,7,0,1,8,8,1
20,20,encoder_QK,1,10,40,4,4,40,0,5,0,0,1,8,8,1
20,20,encoder_QK,1,10,41,5,4,41,0,5,1,0,1,8,8,1
20,20,encoder_QK,1,10,42,4,5,42,0,5,2,0,1,8,8,1
20,20,encoder_QK,1,10,43,5,5,43,0,5,3,0,1,8,8,1
20,20,encoder_QK,1,11,44,4,6,44,0,5,4,0,1,8,8,1
20,20,encoder_QK,1,11,45,5,6,45,0,5,5,0,1,8,8,1
20,20,encoder_QK,1,11,46,4,7,46,0,5,6,0,1,8,8,1
20,20,encoder_QK,1,11,47,5,7,47,0,5,7,0,1,8,8,1
20,20,encoder_QK,1,15,48,6,7,48,0,6,0,0,1,8,8,1
20,20,encoder_QK,1,15,49,7,7,49,0,6,1,0,1,8,8,1
20,20,encoder_QK,1,15,50,6,6,50,0,6,2,0,1,8,8,1
20,20,encoder_QK,1,15,51,7,6,51,0,6,3,0,1,8,8,1
20,20,encoder_QK,1,14,52,6,5,52,0,6,4,0,1,8,8,1
20,20,encoder_QK,1,14,53,7,5,53,0,6,5,0,1,8,8,1
20,20,encoder_QK,1,14,54,6,4,54,0,6,6,0,1,8,8,1
20,20,encoder_QK,1,14,55,7,4,55,0,6,7,0,1,8,8,1
20,20,encoder_QK,1,13,56,6,3,56,0,7,0,0,1,8,8,1
20,20,encoder_QK,1,13,57,7,3,57,0,7,1,0,1,8,8,1
20,20,encoder_QK,1,13,58,6,2,58,0,7,2,0,1,8,8,1
20,20,encoder_QK,1,13,59,7,2,59,0,7,3,0,1,8,8,1
20,20,encoder_QK,1,12,60,6,1,60,0,7,4,0,1,8,8,1
20,20,encoder_QK,1,12,61,7,1,61,0,7,5,0,1,8,8,1
20,20,encoder_QK,1,12,62,6,0,62,0,7,6,0,1,8,8,1
20,20,encoder_QK,1,12,63,7,0,63,0,7,7,0,1,8,8,1
21,21,encoder_QK_elt,1,0,0,0,0,0,0,0,0,0,1,8,8,1
21,21,encoder_QK_elt,1,0,1,1,0,1,0,0,1,0,1,8,8,1
21,21,encoder_QK_elt,1,0,2,0,1,2,0,0,2,0,1,8,8,1
21,21,encoder_QK_elt,1,0,3,1,1,3,0,0,3,0,1,8,8,1
21,21,encoder_QK_elt,1,1,4,0,2,4,0,0,4,0,1,8,8,1
21,21,encoder_QK_elt,1,1,5,1,2,5,0,0,5,0,1,8,8,1
21,21,encoder_QK_elt,1,1,6,0,3,6,0,0,6,0,1,8,8,1
21,21,encoder_QK_elt,1,1,7,1,3,7,0,0,7,0,1,8,8,1
21,21,encoder_QK_elt,1,2,8,0,4,8,0,1,0,0,1,8,8,1
21,21,encoder_QK_elt,1,2,9,1,4,9,0,1,1,0,1,8,8,1
21,21,encoder_QK_elt,1,2,10,0,5,10,0,1,2,0,1,8,8,1
21,21,encoder_QK_elt,1,2,11,1,5,11,0,1,3,0,1,8,8,1
21,21,encoder_QK_elt,1,3,12,0,6,12,0,1,4,0,1,8,8,1
21,21,encoder_QK_elt,1,3,13,1,6,13,0,1,5,0,1,8,8,1
21,21,encoder_QK_elt,1,3,14,0,7,14,0,1,6,0,1,8,8,1
21,21,encoder_QK_elt,1,3,15,1,7,15,0,1,7,0,1,8,8,1
21,21,encoder_QK_elt,1,7,16,2,7,16,0,2,0,0,1,8,8,1
21,21,encoder_QK_elt,1,7,17,3,7,17,0,2,1,0,1,8,8,1
21,21,encoder_QK_elt,1,7,18,2,6,18,0,2,2,0,1,8,8,1
21,21,encoder_QK_elt,1,7,19,3,6,19,0,2,3,0,1,8,8,1
21,21,encoder_QK_elt,1,6,20,2,5,20,0,2,4,0,1,8,8,1
21,21,encoder_QK_elt,1,6,21,3,5,21,0,2,5,0,1,8,8,1
21,21,encoder_QK_elt,1,6,22,2,4,22,0,2,6,0,1,8,8,1
21,21,encoder_QK_elt,1,6,23,3,4,23,0,2,7,0,1,8,8,1
21,21,encoder_QK_elt,1,5,24,2,3,24,0,3,0,0,1,8,8,1
21,21,encoder_QK_elt,1,5,25,3,3,25,0,3,1,0,1,8,8,1
21,21,encoder_QK_elt,1,5,26,2,2,26,0,3,2,0,1,8,8,1
21,21,encoder_QK_elt,1,5,27,3,2,27,0,3,3,0,1,8,8,1
21,21,encoder_QK_elt,1,4,28,2,1,28,0,3,4,0,1,8,8,1
21,21,encoder_QK_elt,1,4,29,3,1,29,0,3,5,0,1,8,8,1
21,21,encoder_QK_elt,1,4,30,2,0,30,0,3,6,0,1,8,8,1
21,21,encoder_QK_elt,1,4,31,3,0,31,0,3,7,0,1,8,8,1
21,21,encoder_QK_elt,1,8,32,4,0,32,0,4,0,0,1,8,8,1
21,21,encoder_QK_elt,1,8,33,5,0,33,0,4,1,0,1,8,8,1
21,21,encoder_QK_elt,1,8,34,4,1,34,0,4,2,0,1,8,8,1
21,21,encoder_QK_elt,1,8,35,5,1,35,0,4,3,0,1,8,8,1
21,21,encoder_QK_elt,1,9,36,4,2,36,0,4,4,0,1,8,8,1
21,21,encoder_QK_elt,1,9,37,5,2,37,0,4,5,0,1,8,8,1
21,21,encoder_QK_elt,1,9,38,4,3,38,0,4,6,0,1,8,8,1
21,21,encoder_QK_elt,1,9,39,5,3,39,0,4,7,0,1,8,8,1
21,21,encoder_QK_elt,1,10,40,4,4,40,0,5,0,0,1,8,8,1
21,21,encoder_QK_elt,1,10,41,5,4,41,0,5,1,0,1,8,8,1
21,21,encoder_QK_elt,1,10,42,4,5,42,0,5,2,0,1,8,8,1
21,21,encoder_QK_elt,1,10,43,5,5,43,0,5,3,0,1,8,8,1
21,21,encoder_QK_elt,1,11,44,4,6,44,0,5,4,0,1,8,8,1
21,21,encoder_QK_elt,1,11,45,5,6,45,0,5,5,0,1,8,8,1
21,21,encoder_QK_elt,1,11,46,4,7,46,0,5,6,0,1,8,8,1
21,21,encoder_QK_elt,1,11,47,5,7,47,0,5,7,0,1,8,8,1
21,21,encoder_QK_elt,1,15,48,6,7,48,0,6,0,0,1,8,8,1
21,21,encoder_QK_elt,1,15,49,7,7,49,0,6,1,0,1,8,8,1
21,21,encoder_QK_elt,1,15,50,6,6,50,0,6,2,0,1,8,8,1
21,21,encoder_QK_elt,1,15,51,7,6,51,0,6,3,0,1,8,8,1
21,21,encoder_QK_elt,1,14,52,6,5,52,0,6,4,0,1,8,8,1
21,21,encoder_QK_elt,1,14,53,7,5,53,0,6,5,0,1,8,8,1
21,21,encoder_QK_elt,1,14,54,6,4,54,0,6,6,0,1,8,8,1
21,21,encoder_QK_elt,1,14,55,7,4,55,0,6,7,0,1,8,8,1
21,21,encoder_QK_elt,1,13,56,6,3,56,0,7,0,0,1,8,8,1
21,21,encoder_QK_elt,1,13,57,7,3,57,0,7,1,0,1,8,8,1
21,21,encoder_QK_elt,1,13,58,6,2,58,0,7,2,0,1,8,8,1
21,21,encoder_QK_elt,1,13,59,7,2,59,0,7,3,0,1,8,8,1
21,21,encoder_QK_elt,1,12,60,6,1,60,0,7,4,0,1,8,8,1
21,21,encoder_QK_elt,1,12,61,7,1,61,0,7,5,0,1,8,8,1
21,21,encoder_QK_elt,1,12,62,6,0,62,0,7,6,0,1,8,8,1
21,21,encoder_QK_elt,1,12,63,7,0,63,0,7,7,0,1,8,8,1
22,22,encoder_QKV,1,0,0,0,0,0,0,0,0,0,1,8,8,1
22,22,encoder_QKV,1,0,1,1,0,1,0,0,1,0,1,8,8,1
22,22,encoder_QKV,1,0,2,0,1,2,0,0,2,0,1,8,8,1
22,22,encoder_QKV,1,0,3,1,1,3,0,0,3,0,1,8,8,1
22,22,encoder_QKV,1,1,4,0,2,4,0,0,4,0,1,8,8,1
22,22,encoder_QKV,1,1,5,1,2,5,0,0,5,0,1,8,8,1
22,22,encoder_QKV,1,1,6,0,3,6,0,0,6,0,1,8,8,1
22,22,encoder_QKV,1,1,7,1,3,7,0,0,7,0,1,8,8,1
22,22,encoder_QKV,1,2,8,0,4,8,0,1,0,0,1,8,8,1
22,22,encoder_QKV,1,2,9,1,4,9,0,1,1,0,1,8,8,1
22,22,encoder_QKV,1,2,10,0,5,10,0,1,2,0,1,8,8,1
22,22,encoder_QKV,1,2,11,1,5,11,0,1,3,0,1,8,8,1
22,22,encoder_QKV,1,3,12,0,6,12,0,1,4,0,1,8,8,1
22,22,encoder_QKV,1,3,13,1,6,13,0,1,5,0,1,8,8,1
22,22,encoder_QKV,1,3,14,0,7,14,0,1,6,0,1,8,8,1
22,22,encoder_QKV,1,3,15,1,7,15,0,1,7,0,1,8,8,1
22,22,encoder_QKV,1,7,16,2,7,16,0,2,0,0,1,8,8,1
22,22,encoder_QKV,1,7,17,3,7,17,0,2,1,0,1,8,8,1
22,22,encoder_QKV,1,7,18,2,6,18,0,2,2,0,1,8,8,1
22,22,encoder_QKV,1,7,19,3,6,19,0,2,3,0,1,8,8,1
22,22,encoder_QKV,1,6,20,2,5,20,0,2,4,0,1,8,8,1
22,22,encoder_QKV,1,6,21,3,5,21,0,2,5,0,1,8,8,1
22,22,encoder_QKV,1,6,22,2,4,22,0,2,6,0,1,8,8,1
22,22,encoder_QKV,1,6,23,3,4,23,0,2,7,0,1,8,8,1
22,22,encoder_QKV,1,5,24,2,3,24,0,3,0,0,1,8,8,1
22,22,encoder_QKV,1,5,25,3,3,25,0,3,1,0,1,8,8,1
22,22,encoder_QKV,1,5,26,2,2,26,0,3,2,0,1,8,8,1
22,22,encoder_QKV,1,5,27,3,2,27,0,3,3,0,1,8,8,1
22,22,encoder_QKV,1,4,28,2,1,28,0,3,4,0,1,8,8,1
22,22,encoder_QKV,1,4,29,3,1,29,0,3,5,0,1,8,8,1
22,22,encoder_QKV,1,4,30,2,0,30,0,3,6,0,1,8,8,1
22,22,encoder_QKV,1,4,31,3,0,31,0,3,7,0,1,8,8,1
22,22,encoder_QKV,1,8,32,4,0,32,0,4,0,0,1,8,8,1
22,22,encoder_QKV,1,8,33,5,0,33,0,4,1,0,1,8,8,1
22,22,encoder_QKV,1,8,34,4,1,34,0,4,2,0,1,8,8,1
22,22,encoder_QKV,1,8,35,5,1,35,0,4,3,0,1,8,8,1
22,22,encoder_QKV,1,9,36,4,2,36,0,4,4,0,1,8,8,1
22,22,encoder_QKV,1,9,37,5,2,37,0,4,5,0,1,8,8,1
22,22,encoder_QKV,1,9,38,4,3,38,0,4,6,0,1,8,8,1
22,22,encoder_QKV,1,9,39,5,3,39,0,4,7,0,1,8,8,1
22,22,encoder_QKV,1,10,40,4,4,40,0,5,0,0,1,8,8,1
22,22,encoder_QKV,1,10,41,5,4,41,0,5,1,0,1,8,8,1
22,22,encoder_QKV,1,10,42,4,5,42,0,5,2,0,1,8,8,1
22,22,encoder_QKV,1,10,43,5,5,43,0,5,3,0,1,8,8,1
22,22,encoder_QKV,1,11,44,4,6,44,0,5,4,0,1,8,8,1
22,22,encoder_QKV,1,11,45,5,6,45,0,5,5,0,1,8,8,1
22,22,encoder_QKV,1,11,46,4,7,46,0,5,6,0,1,8,8,1
22,22,encoder_QKV,1,11,47,5,7,47,0,5,7,0,1,8,8,1
22,22,encoder_QKV,1,15,48,6,7,48,0,6,0,0,1,8,8,1
22,22,encoder_QKV,1,15,49,7,7,49,0,6,1,0,1,8,8,1
22,22,encoder_QKV,1,15,50,6,6,50,0,6,2,0,1,8,8,1
22,22,encoder_QKV,1,15,51,7,6,51,0,6,3,0,1,8,8,1
22,22,encoder_QKV,1,14,52,6,5,52,0,6,4,0,1,8,8,1
22,22,encoder_QKV,1,14,53,7,5,53,0,6,5,0,1,8,8,1
22,22,encoder_QKV,1,14,54,6,4,54,0,6,6,0,1,8,8,1
22,22,encoder_QKV,1,14,55,7,4,55,0,6,7,0,1,8,8,1
22,22,encoder_QKV,1,13,56,6,3,56,0,7,0,0,1,8,8,1
22,22,encoder_QKV,1,13,57,7,3,57,0,7,1,0,1,8,8,1
22,22,encoder_QKV,1,13,58,6,2,58,0,7,2,0,1,8,8,1
22,22,encoder_QKV,1,13,59,7,2,59,0,7,3,0,1,8,8,1
22,22,encoder_QKV,1,12,60,6,1,60,0,7,4,0,1,8,8,1
22,22,encoder_QKV,1,12,61,7,1,61,0,7,5,0,1,8,8,1
22,22,encoder_QKV,1,12,62,6,0,62,0,7,6,0,1,8,8,1
22,22,encoder_QKV,1,12,63,7,0,63,0,7,7,0,1,8,8,1
23,23,encoder_FC,1,0,0,0,0,0,0,0,0,0,1,8,8,1
23,23,encoder_FC,1,0,1,1,0,1,0,0,1,0,1,8,8,1
23,23,encoder_FC,1,0,2,0,1,2,0,0,2,0,1,8,8,1
23,23,encoder_FC,1,0,3,1,1,3,0,0,3,0,1,8,8,1
23,23,encoder_FC,1,1,4,0,2,4,0,0,4,0,1,8,8,1
23,23,encoder_FC,1,1,5,1,2,5,0,0,5,0,1,8,8,1
23,23,encoder_FC,1,1,6,0,3,6,0,0,6,0,1,8,8,1
23,23,encoder_FC,1,1,7,1,3,7,0,0,7,0,1,8,8,1
23,23,encoder_FC,1,2,8,0,4,8,0,1,0,0,1,8,8,1
23,23,encoder_FC,1,2,9,1,4,9,0,1,1,0,1,8,8,1
23,23,encoder_FC,1,2,10,0,5,10,0,1,2,0,1,8,8,1
23,23,encoder_FC,1,2,11,1,5,11,0,1,3,0,1,8,8,1
23,23,encoder_FC,1,3,12,0,6,12,0,1,4,0,1,8,8,1
23,23,encoder_FC,1,3,13,1,6,13,0,1,5,0,1,8,8,1
23,23,encoder_FC,1,3,14,0,7,14,0,1,6,0,1,8,8,1
23,23,encoder_FC,1,3,15,1,7,15,0,1,7,0,1,8,8,1
23,23,encoder_FC,1,7,16,2,7,16,0,2,0,0,1,8,8,1
23,23,encoder_FC,1,7,17,3,7,17,0,2,1,0,1,8,8,1
23,23,encoder_FC,1,7,18,2,6,18,0,2,2,0,1,8,8,1
23,23,encoder_FC,1,7,19,3,6,19,0,2,3,0,1,8,8,1
23,23,encoder_FC,1,6,20,2,5,20,0,2,4,0,1,8,8,1
23,23,encoder_FC,1,6,21,3,5,21,0,2,5,0,1,8,8,1
23,23,encoder_FC,1,6,22,2,4,22,0,2,6,0,1,8,8,1
23,23,encoder_FC,1,6,23,3,4,23,0,2,7,0,1,8,8,1
23,23,encoder_FC,1,5,24,2,3,24,0,3,0,0,1,8,8,1
23,23,encoder_FC,1,5,25,3,3,25,0,3,1,0,1,8,8,1
23,23,encoder_FC,1,5,26,2,2,26,0,3,2,0,1,8,8,1
23,23,encoder_FC,1,5,27,3,2,27,0,3,3,0,1,8,8,1
23,23,encoder_FC,1,4,28,2,1,28,0,3,4,0,1,8,8,1
23,23,encoder_FC,1,4,29,3,1,29,0,3,5,0,1,8,8,1
23,23,encoder_FC,1,4,30,2,0,30,0,3,6,0,1,8,8,1
23,23,encoder_FC,1,4,31,3,0,31,0,3,7,0,1,8,8,1
23,23,encoder_FC,1,8,32,4,0,32,0,4,0,0,1,8,8,1
23,23,encoder_FC,1,8,33,5,0,33,0,4,1,0,1,8,8,1
23,23,encoder_FC,1,8,34,4,1,34,0,4,2,0,1,8,8,1
23,23,encoder_FC,1,8,35,5,1,35,0,4,3,0,1,8,8,1
23,23,encoder_FC,1,9,36,4,2,36,0,4,4,0,1,8,8,1
23,23,encoder_FC,1,9,37,5,2,37,0,4,5,0,1,8,8,1
23,23,encoder_FC,1,9,38,4,3,38,0,4,6,0,1,8,8,1
23,23,encoder_FC,1,9,39,5,3,39,0,4,7,0,1,8,8,1
23,23,encoder_FC,1,10,40,4,4,40,0,5,0,0,1,8,8,1
23,23,encoder_FC,1,10,41,5,4,41,0,5,1,0,1,8,8,1
23,23,encoder_FC,1,10,42,4,5,42,0,5,2,0,1,8,8,1
23,23,encoder_FC,1,10,43,5,5,43,0,5,3,0,1,8,8,1
23,23,encoder_FC,1,11,44,4,6,44,0,5,4,0,1,8,8,1
23,23,encoder_FC,1,11,45,5,6,45,0,5,5,0,1,8,8,1
23,23,encoder_FC,1,11,46,4,7,46,0,5,6,0,1,8,8,1
23,23,encoder_FC,1,11,47,5,7,47,0,5,7,0,1,8,8,1
23,23,encoder_FC,1,15,48,6,7,48,0,6,0,0,1,8,8,1
23,23,encoder_FC,1,15,49,7,7,49,0,6,1,0,1,8,8,1
23,23,encoder_FC,1,15,50,6,6,50,0,6,2,0,1,8,8,1
23,23,encoder_FC,1,15,51,7,6,51,0,6,3,0,1,8,8,1
23,23,encoder_FC,1,14,52,6,5,52,0,6,4,0,1,8,8,1
23,23,encoder_FC,1,14,53,7,5,53,0,6,5,0,1,8,8,1
23,23,encoder_FC,1,14,54,6,4,54,0,6,6,0,1,8,8,1
23,23,encoder_FC,1,14,55,7,4,55,0,6,7,0,1,8,8,1
23,23,encoder_FC,1,13,56,6,3,56,0,7,0,0,1,8,8,1
23,23,encoder_FC,1,13,57,7,3,57,0,7,1,0,1,8,8,1
23,23,encoder_FC,1,13,58,6,2,58,0,7,2,0,1,8,8,1
23,23,encoder_FC,1,13,59,7,2,59,0,7,3,0,1,8,8,1
23,23,encoder_FC,1,12,60,6,1,60,0,7,4,0,1,8,8,1
23,23,encoder_FC,1,12,61,7,1,61,0,7,5,0,1,8,8,1
23,23,encoder_FC,1,12,62,6,0,62,0,7,6,0,1,8,8,1
23,23,encoder_FC,1,12,63,7,0,63,0,7,7,0,1,8,8,1
24,24,encoder_elt1,1,0,0,0,0,0,0,0,0,0,1,8,8,1
24,24,encoder_elt1,1,0,1,1,0,1,0,0,1,0,1,8,8,1
24,24,encoder_elt1,1,0,2,0,1,2,0,0,2,0,1,8,8,1
24,24,encoder_elt1,1,0,3,1,1,3,0,0,3,0,1,8,8,1
24,24,encoder_elt1,1,1,4,0,2,4,0,0,4,0,1,8,8,1
24,24,encoder_elt1,1,1,5,1,2,5,0,0,5,0,1,8,8,1
24,24,encoder_elt1,1,1,6,0,3,6,0,0,6,0,1,8,8,1
24,24,encoder_elt1,1,1,7,1,3,7,0,0,7,0,1,8,8,1
24,24,encoder_elt1,1,2,8,0,4,8,0,1,0,0,1,8,8,1
24,24,encoder_elt1,1,2,9,1,4,9,0,1,1,0,1,8,8,1
24,24,encoder_elt1,1,2,10,0,5,10,0,1,2,0,1,8,8,1
24,24,encoder_elt1,1,2,11,1,5,11,0,1,3,0,1,8,8,1
24,24,encoder_elt1,1,3,12,0,6,12,0,1,4,0,1,8,8,1
24,24,encoder_elt1,1,3,13,1,6,13,0,1,5,0,1,8,8,1
24,24,encoder_elt1,1,3,14,0,7,14,0,1,6,0,1,8,8,1
24,24,encoder_elt1,1,3,15,1,7,15,0,1,7,0,1,8,8,1
24,24,encoder_elt1,1,7,16,2,7,16,0,2,0,0,1,8,8,1
24,24,encoder_elt1,1,7,17,3,7,17,0,2,1,0,1,8,8,1
24,24,encoder_elt1,1,7,18,2,6,18,0,2,2,0,1,8,8,1
24,24,encoder_elt1,1,7,19,3,6,19,0,2,3,0,1,8,8,1
24,24,encoder_elt1,1,6,20,2,5,20,0,2,4,0,1,8,8,1
24,24,encoder_elt1,1,6,21,3,5,21,0,2,5,0,1,8,8,1
24,24,encoder_elt1,1,6,22,2,4,22,0,2,6,0,1,8,8,1
24,24,encoder_elt1,1,6,23,3,4,23,0,2,7,0,1,8,8,1
24,24,encoder_elt1,1,5,24,2,3,24,0,3,0,0,1,8,8,1
24,24,encoder_elt1,1,5,25,3,3,25,0,3,1,0,1,8,8,1
24,24,encoder_elt1,1,5,26,2,2,26,0,3,2,0,1,8,8,1
24,24,encoder_elt1,1,5,27,3,2,27,0,3,3,0,1,8,8,1
24,24,encoder_elt1,1,4,28,2,1,28,0,3,4,0,1,8,8,1
24,24,encoder_elt1,1,4,29,3,1,29,0,3,5,0,1,8,8,1
24,24,encoder_elt1,1,4,30,2,0,30,0,3,6,0,1,8,8,1
24,24,encoder_elt1,1,4,31,3,0,31,0,3,7,0,1,8,8,1
24,24,encoder_elt1,1,8,32,4,0,32,0,4,0,0,1,8,8,1
24,24,encoder_elt1,1,8,33,5,0,33,0,4,1,0,1,8,8,1
24,24,encoder_elt1,1,8,34,4,1,34,0,4,2,0,1,8,8,1
24,24,encoder_elt1,1,8,35,5,1,35,0,4,3,0,1,8,8,1
24,24,encoder_elt1,1,9,36,4,2,36,0,4,4,0,1,8,8,1
24,24,encoder_elt1,1,9,37,5,2,37,0,4,5,0,1,8,8,1
24,24,encoder_elt1,1,9,38,4,3,38,0,4,6,0,1,8,8,1
24,24,encoder_elt1,1,9,39,5,3,39,0,4,7,0,1,8,8,1
24,24,encoder_elt1,1,10,40,4,4,40,0,5,0,0,1,8,8,1
24,24,encoder_elt1,1,10,41,5,4,41,0,5,1,0,1,8,8,1
24,24,encoder_elt1,1,10,42,4,5,42,0,5,2,0,1,8,8,1
24,24,encoder_elt1,1,10,43,5,5,43,0,5,3,0,1,8,8,1
24,24,encoder_elt1,1,11,44,4,6,44,0,5,4,0,1,8,8,1
24,24,encoder_elt1,1,11,45,5,6,45,0,5,5,0,1,8,8,1
24,24,encoder_elt1,1,11,46,4,7,46,0,5,6,0,1,8,8,1
24,24,encoder_elt1,1,11,47,5,7,47,0,5,7,0,1,8,8,1
24,24,encoder_elt1,1,15,48,6,7,48,0,6,0,0,1,8,8,1
24,24,encoder_elt1,1,15,49,7,7,49,0,6,1,0,1,8,8,1
24,24,encoder_elt1,1,15,50,6,6,50,0,6,2,0,1,8,8,1
24,24,encoder_elt1,1,15,51,7,6,51,0,6,3,0,1,8,8,1
24,24,encoder_elt1,1,14,52,6,5,52,0,6,4,0,1,8,8,1
24,24,encoder_elt1,1,14,53,7,5,53,0,6,5,0,1,8,8,1
24,24,encoder_elt1,1,14,54,6,4,54,0,6,6,0,1,8,8,1
24,24,encoder_elt1,1,14,55,7,4,55,0,6,7,0,1,8,8,1
24,24,encoder_elt1,1,13,56,6,3,56,0,7,0,0,1,8,8,1
24,24,encoder_elt1,1,13,57,7,3,57,0,7,1,0,1,8,8,1
24,24,encoder_elt1,1,13,58,6,2,58,0,7,2,0,1,8,8,1
24,24,encoder_elt1,1,13,59,7,2,59,0,7,3,0,1,8,8,1
24,24,encoder_elt1,1,12,60,6,1,60,0,7,4,0,1,8,8,1
24,24,encoder_elt1,1,12,61,7,1,61,0,7,5,0,1,8,8,1
24,24,encoder_elt1,1,12,62,6,0,62,0,7,6,0,1,8,8,1
24,24,encoder_elt1,1,12,63,7,0,63,0,7,7,0,1,8,8,1
25,25,encoder_feedfwd1,1,0,0,0,0,0,0,0,0,0,1,8,8,1
25,25,encoder_feedfwd1,1,0,1,1,0,1,0,0,1,0,1,8,8,1
25,25,encoder_feedfwd1,1,0,2,0,1,2,0,0,2,0,1,8,8,1
25,25,encoder_feedfwd1,1,0,3,1,1,3,0,0,3,0,1,8,8,1
25,25,encoder_feedfwd1,1,1,4,0,2,4,0,0,4,0,1,8,8,1
25,25,encoder_feedfwd1,1,1,5,1,2,5,0,0,5,0,1,8,8,1
25,25,encoder_feedfwd1,1,1,6,0,3,6,0,0,6,0,1,8,8,1
25,25,encoder_feedfwd1,1,1,7,1,3,7,0,0,7,0,1,8,8,1
25,25,encoder_feedfwd1,1,2,8,0,4,8,0,1,0,0,1,8,8,1
25,25,encoder_feedfwd1,1,2,9,1,4,9,0,1,1,0,1,8,8,1
25,25,encoder_feedfwd1,1,2,10,0,5,10,0,1,2,0,1,8,8,1
25,25,encoder_feedfwd1,1,2,11,1,5,11,0,1,3,0,1,8,8,1
25,25,encoder_feedfwd1,1,3,12,0,6,12,0,1,4,0,1,8,8,1
25,25,encoder_feedfwd1,1,3,13,1,6,13,0,1,5,0,1,8,8,1
25,25,encoder_feedfwd1,1,3,14,0,7,14,0,1,6,0,1,8,8,1
25,25,encoder_feedfwd1,1,3,15,1,7,15,0,1,7,0,1,8,8,1
25,25,encoder_feedfwd1,1,7,16,2,7,16,0,2,0,0,1,8,8,1
25,25,encoder_feedfwd1,1,7,17,3,7,17,0,2,1,0,1,8,8,1
25,25,encoder_feedfwd1,1,7,18,2,6,18,0,2,2,0,1,8,8,1
25,25,encoder_feedfwd1,1,7,19,3,6,19,0,2,3,0,1,8,8,1
25,25,encoder_feedfwd1,1,6,20,2,5,20,0,2,4,0,1,8,8,1
25,25,encoder_feedfwd1,1,6,21,3,5,21,0,2,5,0,1,8,8,1
25,25,encoder_feedfwd1,1,6,22,2,4,22,0,2,6,0,1,8,8,1
25,25,encoder_feedfwd1,1,6,23,3,4,23,0,2,7,0,1,8,8,1
25,25,encoder_feedfwd1,1,5,24,2,3,24,0,3,0,0,1,8,8,1
25,25,encoder_feedfwd1,1,5,25,3,3,25,0,3,1,0,1,8,8,1
25,25,encoder_feedfwd1,1,5,26,2,2,26,0,3,2,0,1,8,8,1
25,25,encoder_feedfwd1,1,5,27,3,2,27,0,3,3,0,1,8,8,1
25,25,encoder_feedfwd1,1,4,28,2,1,28,0,3,4,0,1,8,8,1
25,25,encoder_feedfwd1,1,4,29,3,1,29,0,3,5,0,1,8,8,1
25,25,encoder_feedfwd1,1,4,30,2,0,30,0,3,6,0,1,8,8,1
25,25,encoder_feedfwd1,1,4,31,3,0,31,0,3,7,0,1,8,8,1
25,25,encoder_feedfwd1,1,8,32,4,0,32,0,4,0,0,1,8,8,1
25,25,encoder_feedfwd1,1,8,33,5,0,33,0,4,1,0,1,8,8,1
25,25,encoder_feedfwd1,1,8,34,4,1,34,0,4,2,0,1,8,8,1
25,25,encoder_feedfwd1,1,8,35,5,1,35,0,4,3,0,1,8,8,1
25,25,encoder_feedfwd1,1,9,36,4,2,36,0,4,4,0,1,8,8,1
25,25,encoder_feedfwd1,1,9,37,5,2,37,0,4,5,0,1,8,8,1
25,25,encoder_feedfwd1,1,9,38,4,3,38,0,4,6,0,1,8,8,1
25,25,encoder_feedfwd1,1,9,39,5,3,39,0,4,7,0,1,8,8,1
25,25,encoder_feedfwd1,1,10,40,4,4,40,0,5,0,0,1,8,8,1
25,25,encoder_feedfwd1,1,10,41,5,4,41,0,5,1,0,1,8,8,1
25,25,encoder_feedfwd1,1,10,42,4,5,42,0,5,2,0,1,8,8,1
25,25,encoder_feedfwd1,1,10,43,5,5,43,0,5,3,0,1,8,8,1
25,25,encoder_feedfwd1,1,11,44,4,6,44,0,5,4,0,1,8,8,1
25,25,encoder_feedfwd1,1,11,45,5,6,45,0,5,5,0,1,8,8,1
25,25,encoder_feedfwd1,1,11,46,4,7,46,0,5,6,0,1,8,8,1
25,25,encoder_feedfwd1,1,11,47,5,7,47,0,5,7,0,1,8,8,1
25,25,encoder_feedfwd1,1,15,48,6,7,48,0,6,0,0,1,8,8,1
25,25,encoder_feedfwd1,1,15,49,7,7,49,0,6,1,0,1,8,8,1
25,25,encoder_feedfwd1,1,15,50,6,6,50,0,6,2,0,1,8,8,1
25,25,encoder_feedfwd1,1,15,51,7,6,51,0,6,3,0,1,8,8,1
25,25,encoder_feedfwd1,1,14,52,6,5,52,0,6,4,0,1,8,8,1
25,25,encoder_feedfwd1,1,14,53,7,5,53,0,6,5,0,1,8,8,1
25,25,encoder_feedfwd1,1,14,54,6,4,54,0,6,6,0,1,8,8,1
25,25,encoder_feedfwd1,1,14,55,7,4,55,0,6,7,0,1,8,8,1
25,25,encoder_feedfwd1,1,13,56,6,3,56,0,7,0,0,1,8,8,1
25,25,encoder_feedfwd1,1,13,57,7,3,57,0,7,1,0,1,8,8,1
25,25,encoder_feedfwd1,1,13,58,6,2,58,0,7,2,0,1,8,8,1
25,25,encoder_feedfwd1,1,13,59,7,2,59,0,7,3,0,1,8,8,1
25,25,encoder_feedfwd1,1,12,60,6,1,60,0,7,4,0,1,8,8,1
25,25,encoder_feedfwd1,1,12,61,7,1,61,0,7,5,0,1,8,8,1
25,25,encoder_feedfwd1,1,12,62,6,0,62,0,7,6,0,1,8,8,1
25,25,encoder_feedfwd1,1,12,63,7,0,63,0,7,7,0,1,8,8,1
26,26,encoder_feedfwd2,1,0,0,0,0,0,0,0,0,0,1,8,8,1
26,26,encoder_feedfwd2,1,0,1,1,0,1,0,0,1,0,1,8,8,1
26,26,encoder_feedfwd2,1,0,2,0,1,2,0,0,2,0,1,8,8,1
26,26,encoder_feedfwd2,1,0,3,1,1,3,0,0,3,0,1,8,8,1
26,26,encoder_feedfwd2,1,1,4,0,2,4,0,0,4,0,1,8,8,1
26,26,encoder_feedfwd2,1,1,5,1,2,5,0,0,5,0,1,8,8,1
26,26,encoder_feedfwd2,1,1,6,0,3,6,0,0,6,0,1,8,8,1
26,26,encoder_feedfwd2,1,1,7,1,3,7,0,0,7,0,1,8,8,1
26,26,encoder_feedfwd2,1,2,8,0,4,8,0,1,0,0,1,8,8,1
26,26,encoder_feedfwd2,1,2,9,1,4,9,0,1,1,0,1,8,8,1
26,26,encoder_feedfwd2,1,2,10,0,5,10,0,1,2,0,1,8,8,1
26,26,encoder_feedfwd2,1,2,11,1,5,11,0,1,3,0,1,8,8,1
26,26,encoder_feedfwd2,1,3,12,0,6,12,0,1,4,0,1,8,8,1
26,26,encoder_feedfwd2,1,3,13,1,6,13,0,1,5,0,1,8,8,1
26,26,encoder_feedfwd2,1,3,14,0,7,14,0,1,6,0,1,8,8,1
26,26,encoder_feedfwd2,1,3,15,1,7,15,0,1,7,0,1,8,8,1
26,26,encoder_feedfwd2,1,7,16,2,7,16,0,2,0,0,1,8,8,1
26,26,encoder_feedfwd2,1,7,17,3,7,17,0,2,1,0,1,8,8,1
26,26,encoder_feedfwd2,1,7,18,2,6,18,0,2,2,0,1,8,8,1
26,26,encoder_feedfwd2,1,7,19,3,6,19,0,2,3,0,1,8,8,1
26,26,encoder_feedfwd2,1,6,20,2,5,20,0,2,4,0,1,8,8,1
26,26,encoder_feedfwd2,1,6,21,3,5,21,0,2,5,0,1,8,8,1
26,26,encoder_feedfwd2,1,6,22,2,4,22,0,2,6,0,1,8,8,1
26,26,encoder_feedfwd2,1,6,23,3,4,23,0,2,7,0,1,8,8,1
26,26,encoder_feedfwd2,1,5,24,2,3,24,0,3,0,0,1,8,8,1
26,26,encoder_feedfwd2,1,5,25,3,3,25,0,3,1,0,1,8,8,1
26,26,encoder_feedfwd2,1,5,26,2,2,26,0,3,2,0,1,8,8,1
26,26,encoder_feedfwd2,1,5,27,3,2,27,0,3,3,0,1,8,8,1
26,26,encoder_feedfwd2,1,4,28,2,1,28,0,3,4,0,1,8,8,1
26,26,encoder_feedfwd2,1,4,29,3,1,29,0,3,5,0,1,8,8,1
26,26,encoder_feedfwd2,1,4,30,2,0,30,0,3,6,0,1,8,8,1
26,26,encoder_feedfwd2,1,4,31,3,0,31,0,3,7,0,1,8,8,1
26,26,encoder_feedfwd2,1,8,32,4,0,32,0,4,0,0,1,8,8,1
26,26,encoder_feedfwd2,1,8,33,5,0,33,0,4,1,0,1,8,8,1
26,26,encoder_feedfwd2,1,8,34,4,1,34,0,4,2,0,1,8,8,1
26,26,encoder_feedfwd2,1,8,35,5,1,35,0,4,3,0,1,8,8,1
26,26,encoder_feedfwd2,1,9,36,4,2,36,0,4,4,0,1,8,8,1
26,26,encoder_feedfwd2,1,9,37,5,2,37,0,4,5,0,1,8,8,1
26,26,encoder_feedfwd2,1,9,38,4,3,38,0,4,6,0,1,8,8,1
26,26,encoder_feedfwd2,1,9,39,5,3,39,0,4,7,0,1,8,8,1
26,26,encoder_feedfwd2,1,10,40,4,4,40,0,5,0,0,1,8,8,1
26,26,encoder_feedfwd2,1,10,41,5,4,41,0,5,1,0,1,8,8,1
26,26,encoder_feedfwd2,1,10,42,4,5,42,0,5,2,0,1,8,8,1
26,26,encoder_feedfwd2,1,10,43,5,5,43,0,5,3,0,1,8,8,1
26,26,encoder_feedfwd2,1,11,44,4,6,44,0,5,4,0,1,8,8,1
26,26,encoder_feedfwd2,1,11,45,5,6,45,0,5,5,0,1,8,8,1
26,26,encoder_feedfwd2,1,11,46,4,7,46,0,5,6,0,1,8,8,1
26,26,encoder_feedfwd2,1,11,47,5,7,47,0,5,7,0,1,8,8,1
26,26,encoder_feedfwd2,1,15,48,6,7,48,0,6,0,0,1,8,8,1
26,26,encoder_feedfwd2,1,15,49,7,7,49,0,6,1,0,1,8,8,1
26,26,encoder_feedfwd2,1,15,50,6,6,50,0,6,2,0,1,8,8,1
26,26,encoder_feedfwd2,1,15,51,7,6,51,0,6,3,0,1,8,8,1
26,26,encoder_feedfwd2,1,14,52,6,5,52,0,6,4,0,1,8,8,1
26,26,encoder_feedfwd2,1,14,53,7,5,53,0,6,5,0,1,8,8,1
26,26,encoder_feedfwd2,1,14,54,6,4,54,0,6,6,0,1,8,8,1
26,26,encoder_feedfwd2,1,14,55,7,4,55,0,6,7,0,1,8,8,1
26,26,encoder_feedfwd2,1,13,56,6,3,56,0,7,0,0,1,8,8,1
26,26,encoder_feedfwd2,1,13,57,7,3,57,0,7,1,0,1,8,8,1
26,26,encoder_feedfwd2,1,13,58,6,2,58,0,7,2,0,1,8,8,1
26,26,encoder_feedfwd2,1,13,59,7,2,59,0,7,3,0,1,8,8,1
26,26,encoder_feedfwd2,1,12,60,6,1,60,0,7,4,0,1,8,8,1
26,26,encoder_feedfwd2,1,12,61,7,1,61,0,7,5,0,1,8,8,1
26,26,encoder_feedfwd2,1,12,62,6,0,62,0,7,6,0,1,8,8,1
26,26,encoder_feedfwd2,1,12,63,7,0,63,0,7,7,0,1,8,8,1
27,27,encoder_elt2,1,0,0,0,0,0,0,0,0,0,1,8,8,1
27,27,encoder_elt2,1,0,1,1,0,1,0,0,1,0,1,8,8,1
27,27,encoder_elt2,1,0,2,0,1,2,0,0,2,0,1,8,8,1
27,27,encoder_elt2,1,0,3,1,1,3,0,0,3,0,1,8,8,1
27,27,encoder_elt2,1,1,4,0,2,4,0,0,4,0,1,8,8,1
27,27,encoder_elt2,1,1,5,1,2,5,0,0,5,0,1,8,8,1
27,27,encoder_elt2,1,1,6,0,3,6,0,0,6,0,1,8,8,1
27,27,encoder_elt2,1,1,7,1,3,7,0,0,7,0,1,8,8,1
27,27,encoder_elt2,1,2,8,0,4,8,0,1,0,0,1,8,8,1
27,27,encoder_elt2,1,2,9,1,4,9,0,1,1,0,1,8,8,1
27,27,encoder_elt2,1,2,10,0,5,10,0,1,2,0,1,8,8,1
27,27,encoder_elt2,1,2,11,1,5,11,0,1,3,0,1,8,8,1
27,27,encoder_elt2,1,3,12,0,6,12,0,1,4,0,1,8,8,1
27,27,encoder_elt2,1,3,13,1,6,13,0,1,5,0,1,8,8,1
27,27,encoder_elt2,1,3,14,0,7,14,0,1,6,0,1,8,8,1
27,27,encoder_elt2,1,3,15,1,7,15,0,1,7,0,1,8,8,1
27,27,encoder_elt2,1,7,16,2,7,16,0,2,0,0,1,8,8,1
27,27,encoder_elt2,1,7,17,3,7,17,0,2,1,0,1,8,8,1
27,27,encoder_elt2,1,7,18,2,6,18,0,2,2,0,1,8,8,1
27,27,encoder_elt2,1,7,19,3,6,19,0,2,3,0,1,8,8,1
27,27,encoder_elt2,1,6,20,2,5,20,0,2,4,0,1,8,8,1
27,27,encoder_elt2,1,6,21,3,5,21,0,2,5,0,1,8,8,1
27,27,encoder_elt2,1,6,22,2,4,22,0,2,6,0,1,8,8,1
27,27,encoder_elt2,1,6,23,3,4,23,0,2,7,0,1,8,8,1
27,27,encoder_elt2,1,5,24,2,3,24,0,3,0,0,1,8,8,1
27,27,encoder_elt2,1,5,25,3,3,25,0,3,1,0,1,8,8,1
27,27,encoder_elt2,1,5,26,2,2,26,0,3,2,0,1,8,8,1
27,27,encoder_elt2,1,5,27,3,2,27,0,3,3,0,1,8,8,1
27,27,encoder_elt2,1,4,28,2,1,28,0,3,4,0,1,8,8,1
27,27,encoder_elt2,1,4,29,3,1,29,0,3,5,0,1,8,8,1
27,27,encoder_elt2,1,4,30,2,0,30,0,3,6,0,1,8,8,1
27,27,encoder_elt2,1,4,31,3,0,31,0,3,7,0,1,8,8,1
27,27,encoder_elt2,1,8,32,4,0,32,0,4,0,0,1,8,8,1
27,27,encoder_elt2,1,8,33,5,0,33,0,4,1,0,1,8,8,1
27,27,encoder_elt2,1,8,34,4,1,34,0,4,2,0,1,8,8,1
27,27,encoder_elt2,1,8,35,5,1,35,0,4,3,0,1,8,8,1
27,27,encoder_elt2,1,9,36,4,2,36,0,4,4,0,1,8,8,1
27,27,encoder_elt2,1,9,37,5,2,37,0,4,5,0,1,8,8,1
27,27,encoder_elt2,1,9,38,4,3,38,0,4,6,0,1,8,8,1
27,27,encoder_elt2,1,9,39,5,3,39,0,4,7,0,1,8,8,1
27,27,encoder_elt2,1,10,40,4,4,40,0,5,0,0,1,8,8,1
27,27,encoder_elt2,1,10,41,5,4,41,0,5,1,0,1,8,8,1
27,27,encoder_elt2,1,10,42,4,5,42,0,5,2,0,1,8,8,1
27,27,encoder_elt2,1,10,43,5,5,43,0,5,3,0,1,8,8,1
27,27,encoder_elt2,1,11,44,4,6,44,0,5,4,0,1,8,8,1
27,27,encoder_elt2,1,11,45,5,6,45,0,5,5,0,1,8,8,1
27,27,encoder_elt2,1,11,46,4,7,46,0,5,6,0,1,8,8,1
27,27,encoder_elt2,1,11,47,5,7,47,0,5,7,0,1,8,8,1
27,27,encoder_elt2,1,15,48,6,7,48,0,6,0,0,1,8,8,1
27,27,encoder_elt2,1,15,49,7,7,49,0,6,1,0,1,8,8,1
27,27,encoder_elt2,1,15,50,6,6,50,0,6,2,0,1,8,8,1
27,27,encoder_elt2,1,15,51,7,6,51,0,6,3,0,1,8,8,1
27,27,encoder_elt2,1,14,52,6,5,52,0,6,4,0,1,8,8,1
27,27,encoder_elt2,1,14,53,7,5,53,0,6,5,0,1,8,8,1
27,27,encoder_elt2,1,14,54,6,4,54,0,6,6,0,1,8,8,1
27,27,encoder_elt2,1,14,55,7,4,55,0,6,7,0,1,8,8,1
27,27,encoder_elt2,1,13,56,6,3,56,0,7,0,0,1,8,8,1
27,27,encoder_elt2,1,13,57,7,3,57,0,7,1,0,1,8,8,1
27,27,encoder_elt2,1,13,58,6,2,58,0,7,2,0,1,8,8,1
27,27,encoder_elt2,1,13,59,7,2,59,0,7,3,0,1,8,8,1
27,27,encoder_elt2,1,12,60,6,1,60,0,7,4,0,1,8,8,1
27,27,encoder_elt2,1,12,61,7,1,61,0,7,5,0,1,8,8,1
27,27,encoder_elt2,1,12,62,6,0,62,0,7,6,0,1,8,8,1
27,27,encoder_elt2,1,12,63,7,0,63,0,7,7,0,1,8,8,1
28,28,word_embed_dec,1,0,0,0,0,0,0,0,0,0,1,8,8,1
28,28,word_embed_dec,1,0,1,1,0,1,0,0,1,0,1,8,8,1
28,28,word_embed_dec,1,0,2,0,1,2,0,0,2,0,1,8,8,1
28,28,word_embed_dec,1,0,3,1,1,3,0,0,3,0,1,8,8,1
28,28,word_embed_dec,1,1,4,0,2,4,0,0,4,0,1,8,8,1
28,28,word_embed_dec,1,1,5,1,2,5,0,0,5,0,1,8,8,1
28,28,word_embed_dec,1,1,6,0,3,6,0,0,6,0,1,8,8,1
28,28,word_embed_dec,1,1,7,1,3,7,0,0,7,0,1,8,8,1
28,28,word_embed_dec,1,2,8,0,4,8,0,1,0,0,1,8,8,1
28,28,word_embed_dec,1,2,9,1,4,9,0,1,1,0,1,8,8,1
28,28,word_embed_dec,1,2,10,0,5,10,0,1,2,0,1,8,8,1
28,28,word_embed_dec,1,2,11,1,5,11,0,1,3,0,1,8,8,1
28,28,word_embed_dec,1,3,12,0,6,12,0,1,4,0,1,8,8,1
28,28,word_embed_dec,1,3,13,1,6,13,0,1,5,0,1,8,8,1
28,28,word_embed_dec,1,3,14,0,7,14,0,1,6,0,1,8,8,1
28,28,word_embed_dec,1,3,15,1,7,15,0,1,7,0,1,8,8,1
28,28,word_embed_dec,1,7,16,2,7,16,0,2,0,0,1,8,8,1
28,28,word_embed_dec,1,7,17,3,7,17,0,2,1,0,1,8,8,1
28,28,word_embed_dec,1,7,18,2,6,18,0,2,2,0,1,8,8,1
28,28,word_embed_dec,1,7,19,3,6,19,0,2,3,0,1,8,8,1
28,28,word_embed_dec,1,6,20,2,5,20,0,2,4,0,1,8,8,1
28,28,word_embed_dec,1,6,21,3,5,21,0,2,5,0,1,8,8,1
28,28,word_embed_dec,1,6,22,2,4,22,0,2,6,0,1,8,8,1
28,28,word_embed_dec,1,6,23,3,4,23,0,2,7,0,1,8,8,1
28,28,word_embed_dec,1,5,24,2,3,24,0,3,0,0,1,8,8,1
28,28,word_embed_dec,1,5,25,3,3,25,0,3,1,0,1,8,8,1
28,28,word_embed_dec,1,5,26,2,2,26,0,3,2,0,1,8,8,1
28,28,word_embed_dec,1,5,27,3,2,27,0,3,3,0,1,8,8,1
28,28,word_embed_dec,1,4,28,2,1,28,0,3,4,0,1,8,8,1
28,28,word_embed_dec,1,4,29,3,1,29,0,3,5,0,1,8,8,1
28,28,word_embed_dec,1,4,30,2,0,30,0,3,6,0,1,8,8,1
28,28,word_embed_dec,1,4,31,3,0,31,0,3,7,0,1,8,8,1
28,28,word_embed_dec,1,8,32,4,0,32,0,4,0,0,1,8,8,1
28,28,word_embed_dec,1,8,33,5,0,33,0,4,1,0,1,8,8,1
28,28,word_embed_dec,1,8,34,4,1,34,0,4,2,0,1,8,8,1
28,28,word_embed_dec,1,8,35,5,1,35,0,4,3,0,1,8,8,1
28,28,word_embed_dec,1,9,36,4,2,36,0,4,4,0,1,8,8,1
28,28,word_embed_dec,1,9,37,5,2,37,0,4,5,0,1,8,8,1
28,28,word_embed_dec,1,9,38,4,3,38,0,4,6,0,1,8,8,1
28,28,word_embed_dec,1,9,39,5,3,39,0,4,7,0,1,8,8,1
28,28,word_embed_dec,1,10,40,4,4,40,0,5,0,0,1,8,8,1
28,28,word_embed_dec,1,10,41,5,4,41,0,5,1,0,1,8,8,1
28,28,word_embed_dec,1,10,42,4,5,42,0,5,2,0,1,8,8,1
28,28,word_embed_dec,1,10,43,5,5,43,0,5,3,0,1,8,8,1
28,28,word_embed_dec,1,11,44,4,6,44,0,5,4,0,1,8,8,1
28,28,word_embed_dec,1,11,45,5,6,45,0,5,5,0,1,8,8,1
28,28,word_embed_dec,1,11,46,4,7,46,0,5,6,0,1,8,8,1
28,28,word_embed_dec,1,11,47,5,7,47,0,5,7,0,1,8,8,1
28,28,word_embed_dec,1,15,48,6,7,48,0,6,0,0,1,8,8,1
28,28,word_embed_dec,1,15,49,7,7,49,0,6,1,0,1,8,8,1
28,28,word_embed_dec,1,15,50,6,6,50,0,6,2,0,1,8,8,1
28,28,word_embed_dec,1,15,51,7,6,51,0,6,3,0,1,8,8,1
28,28,word_embed_dec,1,14,52,6,5,52,0,6,4,0,1,8,8,1
28,28,word_embed_dec,1,14,53,7,5,53,0,6,5,0,1,8,8,1
28,28,word_embed_dec,1,14,54,6,4,54,0,6,6,0,1,8,8,1
28,28,word_embed_dec,1,14,55,7,4,55,0,6,7,0,1,8,8,1
28,28,word_embed_dec,1,13,56,6,3,56,0,7,0,0,1,8,8,1
28,28,word_embed_dec,1,13,57,7,3,57,0,7,1,0,1,8,8,1
28,28,word_embed_dec,1,13,58,6,2,58,0,7,2,0,1,8,8,1
28,28,word_embed_dec,1,13,59,7,2,59,0,7,3,0,1,8,8,1
28,28,word_embed_dec,1,12,60,6,1,60,0,7,4,0,1,8,8,1
28,28,word_embed_dec,1,12,61,7,1,61,0,7,5,0,1,8,8,1
28,28,word_embed_dec,1,12,62,6,0,62,0,7,6,0,1,8,8,1
28,28,word_embed_dec,1,12,63,7,0,63,0,7,7,0,1,8,8,1
29,29,decoder_1_Q,1,0,0,0,0,0,0,0,0,0,1,8,8,1
29,29,decoder_1_Q,1,0,1,1,0,1,0,0,1,0,1,8,8,1
29,29,decoder_1_Q,1,0,2,0,1,2,0,0,2,0,1,8,8,1
29,29,decoder_1_Q,1,0,3,1,1,3,0,0,3,0,1,8,8,1
29,29,decoder_1_Q,1,1,4,0,2,4,0,0,4,0,1,8,8,1
29,29,decoder_1_Q,1,1,5,1,2,5,0,0,5,0,1,8,8,1
29,29,decoder_1_Q,1,1,6,0,3,6,0,0,6,0,1,8,8,1
29,29,decoder_1_Q,1,1,7,1,3,7,0,0,7,0,1,8,8,1
29,29,decoder_1_Q,1,2,8,0,4,8,0,1,0,0,1,8,8,1
29,29,decoder_1_Q,1,2,9,1,4,9,0,1,1,0,1,8,8,1
29,29,decoder_1_Q,1,2,10,0,5,10,0,1,2,0,1,8,8,1
29,29,decoder_1_Q,1,2,11,1,5,11,0,1,3,0,1,8,8,1
29,29,decoder_1_Q,1,3,12,0,6,12,0,1,4,0,1,8,8,1
29,29,decoder_1_Q,1,3,13,1,6,13,0,1,5,0,1,8,8,1
29,29,decoder_1_Q,1,3,14,0,7,14,0,1,6,0,1,8,8,1
29,29,decoder_1_Q,1,3,15,1,7,15,0,1,7,0,1,8,8,1
29,29,decoder_1_Q,1,7,16,2,7,16,0,2,0,0,1,8,8,1
29,29,decoder_1_Q,1,7,17,3,7,17,0,2,1,0,1,8,8,1
29,29,decoder_1_Q,1,7,18,2,6,18,0,2,2,0,1,8,8,1
29,29,decoder_1_Q,1,7,19,3,6,19,0,2,3,0,1,8,8,1
29,29,decoder_1_Q,1,6,20,2,5,20,0,2,4,0,1,8,8,1
29,29,decoder_1_Q,1,6,21,3,5,21,0,2,5,0,1,8,8,1
29,29,decoder_1_Q,1,6,22,2,4,22,0,2,6,0,1,8,8,1
29,29,decoder_1_Q,1,6,23,3,4,23,0,2,7,0,1,8,8,1
29,29,decoder_1_Q,1,5,24,2,3,24,0,3,0,0,1,8,8,1
29,29,decoder_1_Q,1,5,25,3,3,25,0,3,1,0,1,8,8,1
29,29,decoder_1_Q,1,5,26,2,2,26,0,3,2,0,1,8,8,1
29,29,decoder_1_Q,1,5,27,3,2,27,0,3,3,0,1,8,8,1
29,29,decoder_1_Q,1,4,28,2,1,28,0,3,4,0,1,8,8,1
29,29,decoder_1_Q,1,4,29,3,1,29,0,3,5,0,1,8,8,1
29,29,decoder_1_Q,1,4,30,2,0,30,0,3,6,0,1,8,8,1
29,29,decoder_1_Q,1,4,31,3,0,31,0,3,7,0,1,8,8,1
29,29,decoder_1_Q,1,8,32,4,0,32,0,4,0,0,1,8,8,1
29,29,decoder_1_Q,1,8,33,5,0,33,0,4,1,0,1,8,8,1
29,29,decoder_1_Q,1,8,34,4,1,34,0,4,2,0,1,8,8,1
29,29,decoder_1_Q,1,8,35,5,1,35,0,4,3,0,1,8,8,1
29,29,decoder_1_Q,1,9,36,4,2,36,0,4,4,0,1,8,8,1
29,29,decoder_1_Q,1,9,37,5,2,37,0,4,5,0,1,8,8,1
29,29,decoder_1_Q,1,9,38,4,3,38,0,4,6,0,1,8,8,1
29,29,decoder_1_Q,1,9,39,5,3,39,0,4,7,0,1,8,8,1
29,29,decoder_1_Q,1,10,40,4,4,40,0,5,0,0,1,8,8,1
29,29,decoder_1_Q,1,10,41,5,4,41,0,5,1,0,1,8,8,1
29,29,decoder_1_Q,1,10,42,4,5,42,0,5,2,0,1,8,8,1
29,29,decoder_1_Q,1,10,43,5,5,43,0,5,3,0,1,8,8,1
29,29,decoder_1_Q,1,11,44,4,6,44,0,5,4,0,1,8,8,1
29,29,decoder_1_Q,1,11,45,5,6,45,0,5,5,0,1,8,8,1
29,29,decoder_1_Q,1,11,46,4,7,46,0,5,6,0,1,8,8,1
29,29,decoder_1_Q,1,11,47,5,7,47,0,5,7,0,1,8,8,1
29,29,decoder_1_Q,1,15,48,6,7,48,0,6,0,0,1,8,8,1
29,29,decoder_1_Q,1,15,49,7,7,49,0,6,1,0,1,8,8,1
29,29,decoder_1_Q,1,15,50,6,6,50,0,6,2,0,1,8,8,1
29,29,decoder_1_Q,1,15,51,7,6,51,0,6,3,0,1,8,8,1
29,29,decoder_1_Q,1,14,52,6,5,52,0,6,4,0,1,8,8,1
29,29,decoder_1_Q,1,14,53,7,5,53,0,6,5,0,1,8,8,1
29,29,decoder_1_Q,1,14,54,6,4,54,0,6,6,0,1,8,8,1
29,29,decoder_1_Q,1,14,55,7,4,55,0,6,7,0,1,8,8,1
29,29,decoder_1_Q,1,13,56,6,3,56,0,7,0,0,1,8,8,1
29,29,decoder_1_Q,1,13,57,7,3,57,0,7,1,0,1,8,8,1
29,29,decoder_1_Q,1,13,58,6,2,58,0,7,2,0,1,8,8,1
29,29,decoder_1_Q,1,13,59,7,2,59,0,7,3,0,1,8,8,1
29,29,decoder_1_Q,1,12,60,6,1,60,0,7,4,0,1,8,8,1
29,29,decoder_1_Q,1,12,61,7,1,61,0,7,5,0,1,8,8,1
29,29,decoder_1_Q,1,12,62,6,0,62,0,7,6,0,1,8,8,1
29,29,decoder_1_Q,1,12,63,7,0,63,0,7,7,0,1,8,8,1
30,30,decoder_1_K0,1,0,0,0,0,0,0,0,0,0,1,1,64,1
30,30,decoder_1_K0,1,0,1,1,0,1,0,0,1,0,1,1,64,1
30,30,decoder_1_K0,1,0,2,0,1,31,0,0,31,0,1,1,64,1
30,30,decoder_1_K0,1,0,3,1,1,3,0,0,3,0,1,1,64,1
30,30,decoder_1_K0,1,1,4,0,2,4,0,0,4,0,1,1,64,1
30,30,decoder_1_K0,1,1,5,1,2,5,0,0,5,0,1,1,64,1
30,30,decoder_1_K0,1,1,6,0,3,6,0,0,6,0,1,1,64,1
30,30,decoder_1_K0,1,1,7,1,3,7,0,0,7,0,1,1,64,1
30,30,decoder_1_K0,1,2,8,0,4,8,0,0,8,0,1,1,64,1
30,30,decoder_1_K0,1,2,9,1,4,9,0,0,9,0,1,1,64,1
30,30,decoder_1_K0,1,2,10,0,5,10,0,0,10,0,1,1,64,1
30,30,decoder_1_K0,1,2,11,1,5,11,0,0,11,0,1,1,64,1
30,30,decoder_1_K0,1,3,12,0,6,12,0,0,12,0,1,1,64,1
30,30,decoder_1_K0,1,3,13,1,6,13,0,0,13,0,1,1,64,1
30,30,decoder_1_K0,1,3,14,0,7,14,0,0,14,0,1,1,64,1
30,30,decoder_1_K0,1,3,15,1,7,15,0,0,15,0,1,1,64,1
30,30,decoder_1_K0,1,7,16,2,7,16,0,0,16,0,1,1,64,1
30,30,decoder_1_K0,1,7,17,3,7,17,0,0,17,0,1,1,64,1
30,30,decoder_1_K0,1,7,18,2,6,18,0,0,18,0,1,1,64,1
30,30,decoder_1_K0,1,7,19,3,6,19,0,0,19,0,1,1,64,1
30,30,decoder_1_K0,1,6,20,2,5,20,0,0,20,0,1,1,64,1
30,30,decoder_1_K0,1,6,21,3,5,21,0,0,21,0,1,1,64,1
30,30,decoder_1_K0,1,6,22,2,4,22,0,0,22,0,1,1,64,1
30,30,decoder_1_K0,1,6,23,3,4,23,0,0,23,0,1,1,64,1
30,30,decoder_1_K0,1,5,24,2,3,24,0,0,24,0,1,1,64,1
30,30,decoder_1_K0,1,5,25,3,3,58,0,0,58,0,1,1,64,1
30,30,decoder_1_K0,1,5,26,2,2,26,0,0,26,0,1,1,64,1
30,30,decoder_1_K0,1,5,27,3,2,27,0,0,27,0,1,1,64,1
30,30,decoder_1_K0,1,4,28,2,1,28,0,0,28,0,1,1,64,1
30,30,decoder_1_K0,1,4,29,3,1,29,0,0,29,0,1,1,64,1
30,30,decoder_1_K0,1,4,30,2,0,30,0,0,30,0,1,1,64,1
30,30,decoder_1_K0,1,4,31,3,0,2,0,0,2,0,1,1,64,1
30,30,decoder_1_K0,1,8,32,4,0,32,0,0,32,0,1,1,64,1
30,30,decoder_1_K0,1,8,33,5,0,33,0,0,33,0,1,1,64,1
30,30,decoder_1_K0,1,8,34,4,1,34,0,0,34,0,1,1,64,1
30,30,decoder_1_K0,1,8,35,5,1,35,0,0,35,0,1,1,64,1
30,30,decoder_1_K0,1,9,36,4,2,36,0,0,36,0,1,1,64,1
30,30,decoder_1_K0,1,9,37,5,2,37,0,0,37,0,1,1,64,1
30,30,decoder_1_K0,1,9,38,4,3,38,0,0,38,0,1,1,64,1
30,30,decoder_1_K0,1,9,39,5,3,39,0,0,39,0,1,1,64,1
30,30,decoder_1_K0,1,10,40,4,4,40,0,0,40,0,1,1,64,1
30,30,decoder_1_K0,1,10,41,5,4,41,0,0,41,0,1,1,64,1
30,30,decoder_1_K0,1,10,42,4,5,42,0,0,42,0,1,1,64,1
30,30,decoder_1_K0,1,10,43,5,5,43,0,0,43,0,1,1,64,1
30,30,decoder_1_K0,1,11,44,4,6,44,0,0,44,0,1,1,64,1
30,30,decoder_1_K0,1,11,45,5,6,45,0,0,45,0,1,1,64,1
30,30,decoder_1_K0,1,11,46,4,7,46,0,0,46,0,1,1,64,1
30,30,decoder_1_K0,1,11,47,5,7,47,0,0,47,0,1,1,64,1
30,30,decoder_1_K0,1,15,48,6,7,48,0,0,48,0,1,1,64,1
30,30,decoder_1_K0,1,15,49,7,7,49,0,0,49,0,1,1,64,1
30,30,decoder_1_K0,1,15,50,6,6,50,0,0,50,0,1,1,64,1
30,30,decoder_1_K0,1,15,51,7,6,51,0,0,51,0,1,1,64,1
30,30,decoder_1_K0,1,14,52,6,5,52,0,0,52,0,1,1,64,1
30,30,decoder_1_K0,1,14,53,7,5,53,0,0,53,0,1,1,64,1
30,30,decoder_1_K0,1,14,54,6,4,54,0,0,54,0,1,1,64,1
30,30,decoder_1_K0,1,14,55,7,4,55,0,0,55,0,1,1,64,1
30,30,decoder_1_K0,1,13,56,6,3,56,0,0,56,0,1,1,64,1
30,30,decoder_1_K0,1,13,57,7,3,57,0,0,57,0,1,1,64,1
30,30,decoder_1_K0,1,13,58,6,2,25,0,0,25,0,1,1,64,1
30,30,decoder_1_K0,1,13,59,7,2,59,0,0,59,0,1,1,64,1
30,30,decoder_1_K0,1,12,60,6,1,60,0,0,60,0,1,1,64,1
30,30,decoder_1_K0,1,12,61,7,1,61,0,0,61,0,1,1,64,1
30,30,decoder_1_K0,1,12,62,6,0,62,0,0,62,0,1,1,64,1
30,30,decoder_1_K0,1,12,63,7,0,63,0,0,63,0,1,1,64,1
31,31,decoder_1_Kt0,1,0,0,0,0,0,0,0,0,0,1,8,8,1
31,31,decoder_1_Kt0,1,0,1,1,0,1,0,0,1,0,1,8,8,1
31,31,decoder_1_Kt0,1,0,2,0,1,2,0,0,2,0,1,8,8,1
31,31,decoder_1_Kt0,1,0,3,1,1,3,0,0,3,0,1,8,8,1
31,31,decoder_1_Kt0,1,1,4,0,2,4,0,0,4,0,1,8,8,1
31,31,decoder_1_Kt0,1,1,5,1,2,5,0,0,5,0,1,8,8,1
31,31,decoder_1_Kt0,1,1,6,0,3,6,0,0,6,0,1,8,8,1
31,31,decoder_1_Kt0,1,1,7,1,3,7,0,0,7,0,1,8,8,1
31,31,decoder_1_Kt0,1,2,8,0,4,8,0,1,0,0,1,8,8,1
31,31,decoder_1_Kt0,1,2,9,1,4,9,0,1,1,0,1,8,8,1
31,31,decoder_1_Kt0,1,2,10,0,5,10,0,1,2,0,1,8,8,1
31,31,decoder_1_Kt0,1,2,11,1,5,11,0,1,3,0,1,8,8,1
31,31,decoder_1_Kt0,1,3,12,0,6,12,0,1,4,0,1,8,8,1
31,31,decoder_1_Kt0,1,3,13,1,6,13,0,1,5,0,1,8,8,1
31,31,decoder_1_Kt0,1,3,14,0,7,14,0,1,6,0,1,8,8,1
31,31,decoder_1_Kt0,1,3,15,1,7,15,0,1,7,0,1,8,8,1
31,31,decoder_1_Kt0,1,7,16,2,7,16,0,2,0,0,1,8,8,1
31,31,decoder_1_Kt0,1,7,17,3,7,17,0,2,1,0,1,8,8,1
31,31,decoder_1_Kt0,1,7,18,2,6,18,0,2,2,0,1,8,8,1
31,31,decoder_1_Kt0,1,7,19,3,6,19,0,2,3,0,1,8,8,1
31,31,decoder_1_Kt0,1,6,20,2,5,20,0,2,4,0,1,8,8,1
31,31,decoder_1_Kt0,1,6,21,3,5,21,0,2,5,0,1,8,8,1
31,31,decoder_1_Kt0,1,6,22,2,4,22,0,2,6,0,1,8,8,1
31,31,decoder_1_Kt0,1,6,23,3,4,23,0,2,7,0,1,8,8,1
31,31,decoder_1_Kt0,1,5,24,2,3,24,0,3,0,0,1,8,8,1
31,31,decoder_1_Kt0,1,5,25,3,3,25,0,3,1,0,1,8,8,1
31,31,decoder_1_Kt0,1,5,26,2,2,26,0,3,2,0,1,8,8,1
31,31,decoder_1_Kt0,1,5,27,3,2,27,0,3,3,0,1,8,8,1
31,31,decoder_1_Kt0,1,4,28,2,1,28,0,3,4,0,1,8,8,1
31,31,decoder_1_Kt0,1,4,29,3,1,29,0,3,5,0,1,8,8,1
31,31,decoder_1_Kt0,1,4,30,2,0,30,0,3,6,0,1,8,8,1
31,31,decoder_1_Kt0,1,4,31,3,0,31,0,3,7,0,1,8,8,1
31,31,decoder_1_Kt0,1,8,32,4,0,32,0,4,0,0,1,8,8,1
31,31,decoder_1_Kt0,1,8,33,5,0,33,0,4,1,0,1,8,8,1
31,31,decoder_1_Kt0,1,8,34,4,1,34,0,4,2,0,1,8,8,1
31,31,decoder_1_Kt0,1,8,35,5,1,35,0,4,3,0,1,8,8,1
31,31,decoder_1_Kt0,1,9,36,4,2,36,0,4,4,0,1,8,8,1
31,31,decoder_1_Kt0,1,9,37,5,2,37,0,4,5,0,1,8,8,1
31,31,decoder_1_Kt0,1,9,38,4,3,38,0,4,6,0,1,8,8,1
31,31,decoder_1_Kt0,1,9,39,5,3,39,0,4,7,0,1,8,8,1
31,31,decoder_1_Kt0,1,10,40,4,4,40,0,5,0,0,1,8,8,1
31,31,decoder_1_Kt0,1,10,41,5,4,41,0,5,1,0,1,8,8,1
31,31,decoder_1_Kt0,1,10,42,4,5,42,0,5,2,0,1,8,8,1
31,31,decoder_1_Kt0,1,10,43,5,5,43,0,5,3,0,1,8,8,1
31,31,decoder_1_Kt0,1,11,44,4,6,44,0,5,4,0,1,8,8,1
31,31,decoder_1_Kt0,1,11,45,5,6,45,0,5,5,0,1,8,8,1
31,31,decoder_1_Kt0,1,11,46,4,7,46,0,5,6,0,1,8,8,1
31,31,decoder_1_Kt0,1,11,47,5,7,47,0,5,7,0,1,8,8,1
31,31,decoder_1_Kt0,1,15,48,6,7,48,0,6,0,0,1,8,8,1
31,31,decoder_1_Kt0,1,15,49,7,7,49,0,6,1,0,1,8,8,1
31,31,decoder_1_Kt0,1,15,50,6,6,50,0,6,2,0,1,8,8,1
31,31,decoder_1_Kt0,1,15,51,7,6,51,0,6,3,0,1,8,8,1
31,31,decoder_1_Kt0,1,14,52,6,5,52,0,6,4,0,1,8,8,1
31,31,decoder_1_Kt0,1,14,53,7,5,53,0,6,5,0,1,8,8,1
31,31,decoder_1_Kt0,1,14,54,6,4,54,0,6,6,0,1,8,8,1
31,31,decoder_1_Kt0,1,14,55,7,4,55,0,6,7,0,1,8,8,1
31,31,decoder_1_Kt0,1,13,56,6,3,56,0,7,0,0,1,8,8,1
31,31,decoder_1_Kt0,1,13,57,7,3,57,0,7,1,0,1,8,8,1
31,31,decoder_1_Kt0,1,13,58,6,2,58,0,7,2,0,1,8,8,1
31,31,decoder_1_Kt0,1,13,59,7,2,59,0,7,3,0,1,8,8,1
31,31,decoder_1_Kt0,1,12,60,6,1,60,0,7,4,0,1,8,8,1
31,31,decoder_1_Kt0,1,12,61,7,1,61,0,7,5,0,1,8,8,1
31,31,decoder_1_Kt0,1,12,62,6,0,62,0,7,6,0,1,8,8,1
31,31,decoder_1_Kt0,1,12,63,7,0,63,0,7,7,0,1,8,8,1
32,32,decoder_1_K1,1,0,0,0,0,0,0,0,0,0,1,1,64,1
32,32,decoder_1_K1,1,0,1,1,0,1,0,0,1,0,1,1,64,1
32,32,decoder_1_K1,1,0,2,0,1,2,0,0,2,0,1,1,64,1
32,32,decoder_1_K1,1,0,3,1,1,3,0,0,3,0,1,1,64,1
32,32,decoder_1_K1,1,1,4,0,2,22,0,0,22,0,1,1,64,1
32,32,decoder_1_K1,1,1,5,1,2,29,0,0,29,0,1,1,64,1
32,32,decoder_1_K1,1,1,6,0,3,28,0,0,28,0,1,1,64,1
32,32,decoder_1_K1,1,1,7,1,3,40,0,0,40,0,1,1,64,1
32,32,decoder_1_K1,1,2,8,0,4,25,0,0,25,0,1,1,64,1
32,32,decoder_1_K1,1,2,9,1,4,9,0,0,9,0,1,1,64,1
32,32,decoder_1_K1,1,2,10,0,5,20,0,0,20,0,1,1,64,1
32,32,decoder_1_K1,1,2,11,1,5,36,0,0,36,0,1,1,64,1
32,32,decoder_1_K1,1,3,12,0,6,4,0,0,4,0,1,1,64,1
32,32,decoder_1_K1,1,3,13,1,6,13,0,0,13,0,1,1,64,1
32,32,decoder_1_K1,1,3,14,0,7,44,0,0,44,0,1,1,64,1
32,32,decoder_1_K1,1,3,15,1,7,15,0,0,15,0,1,1,64,1
32,32,decoder_1_K1,1,7,16,2,7,57,0,0,57,0,1,1,64,1
32,32,decoder_1_K1,1,7,17,3,7,41,0,0,41,0,1,1,64,1
32,32,decoder_1_K1,1,7,18,2,6,38,0,0,38,0,1,1,64,1
32,32,decoder_1_K1,1,7,19,3,6,27,0,0,27,0,1,1,64,1
32,32,decoder_1_K1,1,6,20,2,5,12,0,0,12,0,1,1,64,1
32,32,decoder_1_K1,1,6,21,3,5,21,0,0,21,0,1,1,64,1
32,32,decoder_1_K1,1,6,22,2,4,26,0,0,26,0,1,1,64,1
32,32,decoder_1_K1,1,6,23,3,4,23,0,0,23,0,1,1,64,1
32,32,decoder_1_K1,1,5,24,2,3,24,0,0,24,0,1,1,64,1
32,32,decoder_1_K1,1,5,25,3,3,10,0,0,10,0,1,1,64,1
32,32,decoder_1_K1,1,5,26,2,2,32,0,0,32,0,1,1,64,1
32,32,decoder_1_K1,1,5,27,3,2,11,0,0,11,0,1,1,64,1
32,32,decoder_1_K1,1,4,28,2,1,5,0,0,5,0,1,1,64,1
32,32,decoder_1_K1,1,4,29,3,1,37,0,0,37,0,1,1,64,1
32,32,decoder_1_K1,1,4,30,2,0,30,0,0,30,0,1,1,64,1
32,32,decoder_1_K1,1,4,31,3,0,31,0,0,31,0,1,1,64,1
32,32,decoder_1_K1,1,8,32,4,0,18,0,0,18,0,1,1,64,1
32,32,decoder_1_K1,1,8,33,5,0,33,0,0,33,0,1,1,64,1
32,32,decoder_1_K1,1,8,34,4,1,54,0,0,54,0,1,1,64,1
32,32,decoder_1_K1,1,8,35,5,1,35,0,0,35,0,1,1,64,1
32,32,decoder_1_K1,1,9,36,4,2,19,0,0,19,0,1,1,64,1
32,32,decoder_1_K1,1,9,37,5,2,53,0,0,53,0,1,1,64,1
32,32,decoder_1_K1,1,9,38,4,3,8,0,0,8,0,1,1,64,1
32,32,decoder_1_K1,1,9,39,5,3,7,0,0,7,0,1,1,64,1
32,32,decoder_1_K1,1,10,40,4,4,14,0,0,14,0,1,1,64,1
32,32,decoder_1_K1,1,10,41,5,4,17,0,0,17,0,1,1,64,1
32,32,decoder_1_K1,1,10,42,4,5,16,0,0,16,0,1,1,64,1
32,32,decoder_1_K1,1,10,43,5,5,47,0,0,47,0,1,1,64,1
32,32,decoder_1_K1,1,11,44,4,6,39,0,0,39,0,1,1,64,1
32,32,decoder_1_K1,1,11,45,5,6,45,0,0,45,0,1,1,64,1
32,32,decoder_1_K1,1,11,46,4,7,46,0,0,46,0,1,1,64,1
32,32,decoder_1_K1,1,11,47,5,7,43,0,0,43,0,1,1,64,1
32,32,decoder_1_K1,1,15,48,6,7,48,0,0,48,0,1,1,64,1
32,32,decoder_1_K1,1,15,49,7,7,49,0,0,49,0,1,1,64,1
32,32,decoder_1_K1,1,15,50,6,6,42,0,0,42,0,1,1,64,1
32,32,decoder_1_K1,1,15,51,7,6,50,0,0,50,0,1,1,64,1
32,32,decoder_1_K1,1,14,52,6,5,52,0,0,52,0,1,1,64,1
32,32,decoder_1_K1,1,14,53,7,5,6,0,0,6,0,1,1,64,1
32,32,decoder_1_K1,1,14,54,6,4,34,0,0,34,0,1,1,64,1
32,32,decoder_1_K1,1,14,55,7,4,55,0,0,55,0,1,1,64,1
32,32,decoder_1_K1,1,13,56,6,3,56,0,0,56,0,1,1,64,1
32,32,decoder_1_K1,1,13,57,7,3,51,0,0,51,0,1,1,64,1
32,32,decoder_1_K1,1,13,58,6,2,58,0,0,58,0,1,1,64,1
32,32,decoder_1_K1,1,13,59,7,2,59,0,0,59,0,1,1,64,1
32,32,decoder_1_K1,1,12,60,6,1,60,0,0,60,0,1,1,64,1
32,32,decoder_1_K1,1,12,61,7,1,61,0,0,61,0,1,1,64,1
32,32,decoder_1_K1,1,12,62,6,0,62,0,0,62,0,1,1,64,1
32,32,decoder_1_K1,1,12,63,7,0,63,0,0,63,0,1,1,64,1
33,33,decoder_1_Kt1,1,0,0,0,0,0,0,0,0,0,1,8,8,1
33,33,decoder_1_Kt1,1,0,1,1,0,1,0,0,1,0,1,8,8,1
33,33,decoder_1_Kt1,1,0,2,0,1,2,0,0,2,0,1,8,8,1
33,33,decoder_1_Kt1,1,0,3,1,1,3,0,0,3,0,1,8,8,1
33,33,decoder_1_Kt1,1,1,4,0,2,4,0,0,4,0,1,8,8,1
33,33,decoder_1_Kt1,1,1,5,1,2,5,0,0,5,0,1,8,8,1
33,33,decoder_1_Kt1,1,1,6,0,3,6,0,0,6,0,1,8,8,1
33,33,decoder_1_Kt1,1,1,7,1,3,7,0,0,7,0,1,8,8,1
33,33,decoder_1_Kt1,1,2,8,0,4,8,0,1,0,0,1,8,8,1
33,33,decoder_1_Kt1,1,2,9,1,4,9,0,1,1,0,1,8,8,1
33,33,decoder_1_Kt1,1,2,10,0,5,10,0,1,2,0,1,8,8,1
33,33,decoder_1_Kt1,1,2,11,1,5,11,0,1,3,0,1,8,8,1
33,33,decoder_1_Kt1,1,3,12,0,6,12,0,1,4,0,1,8,8,1
33,33,decoder_1_Kt1,1,3,13,1,6,13,0,1,5,0,1,8,8,1
33,33,decoder_1_Kt1,1,3,14,0,7,14,0,1,6,0,1,8,8,1
33,33,decoder_1_Kt1,1,3,15,1,7,15,0,1,7,0,1,8,8,1
33,33,decoder_1_Kt1,1,7,16,2,7,16,0,2,0,0,1,8,8,1
33,33,decoder_1_Kt1,1,7,17,3,7,17,0,2,1,0,1,8,8,1
33,33,decoder_1_Kt1,1,7,18,2,6,18,0,2,2,0,1,8,8,1
33,33,decoder_1_Kt1,1,7,19,3,6,19,0,2,3,0,1,8,8,1
33,33,decoder_1_Kt1,1,6,20,2,5,20,0,2,4,0,1,8,8,1
33,33,decoder_1_Kt1,1,6,21,3,5,21,0,2,5,0,1,8,8,1
33,33,decoder_1_Kt1,1,6,22,2,4,22,0,2,6,0,1,8,8,1
33,33,decoder_1_Kt1,1,6,23,3,4,23,0,2,7,0,1,8,8,1
33,33,decoder_1_Kt1,1,5,24,2,3,24,0,3,0,0,1,8,8,1
33,33,decoder_1_Kt1,1,5,25,3,3,25,0,3,1,0,1,8,8,1
33,33,decoder_1_Kt1,1,5,26,2,2,26,0,3,2,0,1,8,8,1
33,33,decoder_1_Kt1,1,5,27,3,2,27,0,3,3,0,1,8,8,1
33,33,decoder_1_Kt1,1,4,28,2,1,28,0,3,4,0,1,8,8,1
33,33,decoder_1_Kt1,1,4,29,3,1,29,0,3,5,0,1,8,8,1
33,33,decoder_1_Kt1,1,4,30,2,0,30,0,3,6,0,1,8,8,1
33,33,decoder_1_Kt1,1,4,31,3,0,31,0,3,7,0,1,8,8,1
33,33,decoder_1_Kt1,1,8,32,4,0,32,0,4,0,0,1,8,8,1
33,33,decoder_1_Kt1,1,8,33,5,0,33,0,4,1,0,1,8,8,1
33,33,decoder_1_Kt1,1,8,34,4,1,34,0,4,2,0,1,8,8,1
33,33,decoder_1_Kt1,1,8,35,5,1,35,0,4,3,0,1,8,8,1
33,33,decoder_1_Kt1,1,9,36,4,2,36,0,4,4,0,1,8,8,1
33,33,decoder_1_Kt1,1,9,37,5,2,37,0,4,5,0,1,8,8,1
33,33,decoder_1_Kt1,1,9,38,4,3,38,0,4,6,0,1,8,8,1
33,33,decoder_1_Kt1,1,9,39,5,3,39,0,4,7,0,1,8,8,1
33,33,decoder_1_Kt1,1,10,40,4,4,40,0,5,0,0,1,8,8,1
33,33,decoder_1_Kt1,1,10,41,5,4,41,0,5,1,0,1,8,8,1
33,33,decoder_1_Kt1,1,10,42,4,5,42,0,5,2,0,1,8,8,1
33,33,decoder_1_Kt1,1,10,43,5,5,43,0,5,3,0,1,8,8,1
33,33,decoder_1_Kt1,1,11,44,4,6,44,0,5,4,0,1,8,8,1
33,33,decoder_1_Kt1,1,11,45,5,6,45,0,5,5,0,1,8,8,1
33,33,decoder_1_Kt1,1,11,46,4,7,46,0,5,6,0,1,8,8,1
33,33,decoder_1_Kt1,1,11,47,5,7,47,0,5,7,0,1,8,8,1
33,33,decoder_1_Kt1,1,15,48,6,7,48,0,6,0,0,1,8,8,1
33,33,decoder_1_Kt1,1,15,49,7,7,49,0,6,1,0,1,8,8,1
33,33,decoder_1_Kt1,1,15,50,6,6,50,0,6,2,0,1,8,8,1
33,33,decoder_1_Kt1,1,15,51,7,6,51,0,6,3,0,1,8,8,1
33,33,decoder_1_Kt1,1,14,52,6,5,52,0,6,4,0,1,8,8,1
33,33,decoder_1_Kt1,1,14,53,7,5,53,0,6,5,0,1,8,8,1
33,33,decoder_1_Kt1,1,14,54,6,4,54,0,6,6,0,1,8,8,1
33,33,decoder_1_Kt1,1,14,55,7,4,55,0,6,7,0,1,8,8,1
33,33,decoder_1_Kt1,1,13,56,6,3,56,0,7,0,0,1,8,8,1
33,33,decoder_1_Kt1,1,13,57,7,3,57,0,7,1,0,1,8,8,1
33,33,decoder_1_Kt1,1,13,58,6,2,58,0,7,2,0,1,8,8,1
33,33,decoder_1_Kt1,1,13,59,7,2,59,0,7,3,0,1,8,8,1
33,33,decoder_1_Kt1,1,12,60,6,1,60,0,7,4,0,1,8,8,1
33,33,decoder_1_Kt1,1,12,61,7,1,61,0,7,5,0,1,8,8,1
33,33,decoder_1_Kt1,1,12,62,6,0,62,0,7,6,0,1,8,8,1
33,33,decoder_1_Kt1,1,12,63,7,0,63,0,7,7,0,1,8,8,1
34,34,decoder_1_K2,1,0,0,0,0,0,0,0,0,0,1,1,64,1
34,34,decoder_1_K2,1,0,1,1,0,1,0,0,1,0,1,1,64,1
34,34,decoder_1_K2,1,0,2,0,1,2,0,0,2,0,1,1,64,1
34,34,decoder_1_K2,1,0,3,1,1,3,0,0,3,0,1,1,64,1
34,34,decoder_1_K2,1,1,4,0,2,4,0,0,4,0,1,1,64,1
34,34,decoder_1_K2,1,1,5,1,2,5,0,0,5,0,1,1,64,1
34,34,decoder_1_K2,1,1,6,0,3,6,0,0,6,0,1,1,64,1
34,34,decoder_1_K2,1,1,7,1,3,7,0,0,7,0,1,1,64,1
34,34,decoder_1_K2,1,2,8,0,4,8,0,0,8,0,1,1,64,1
34,34,decoder_1_K2,1,2,9,1,4,9,0,0,9,0,1,1,64,1
34,34,decoder_1_K2,1,2,10,0,5,10,0,0,10,0,1,1,64,1
34,34,decoder_1_K2,1,2,11,1,5,11,0,0,11,0,1,1,64,1
34,34,decoder_1_K2,1,3,12,0,6,12,0,0,12,0,1,1,64,1
34,34,decoder_1_K2,1,3,13,1,6,13,0,0,13,0,1,1,64,1
34,34,decoder_1_K2,1,3,14,0,7,14,0,0,14,0,1,1,64,1
34,34,decoder_1_K2,1,3,15,1,7,15,0,0,15,0,1,1,64,1
34,34,decoder_1_K2,1,7,16,2,7,16,0,0,16,0,1,1,64,1
34,34,decoder_1_K2,1,7,17,3,7,27,0,0,27,0,1,1,64,1
34,34,decoder_1_K2,1,7,18,2,6,22,0,0,22,0,1,1,64,1
34,34,decoder_1_K2,1,7,19,3,6,19,0,0,19,0,1,1,64,1
34,34,decoder_1_K2,1,6,20,2,5,20,0,0,20,0,1,1,64,1
34,34,decoder_1_K2,1,6,21,3,5,21,0,0,21,0,1,1,64,1
34,34,decoder_1_K2,1,6,22,2,4,18,0,0,18,0,1,1,64,1
34,34,decoder_1_K2,1,6,23,3,4,23,0,0,23,0,1,1,64,1
34,34,decoder_1_K2,1,5,24,2,3,24,0,0,24,0,1,1,64,1
34,34,decoder_1_K2,1,5,25,3,3,25,0,0,25,0,1,1,64,1
34,34,decoder_1_K2,1,5,26,2,2,26,0,0,26,0,1,1,64,1
34,34,decoder_1_K2,1,5,27,3,2,17,0,0,17,0,1,1,64,1
34,34,decoder_1_K2,1,4,28,2,1,28,0,0,28,0,1,1,64,1
34,34,decoder_1_K2,1,4,29,3,1,29,0,0,29,0,1,1,64,1
34,34,decoder_1_K2,1,4,30,2,0,30,0,0,30,0,1,1,64,1
34,34,decoder_1_K2,1,4,31,3,0,31,0,0,31,0,1,1,64,1
34,34,decoder_1_K2,1,8,32,4,0,32,0,0,32,0,1,1,64,1
34,34,decoder_1_K2,1,8,33,5,0,33,0,0,33,0,1,1,64,1
34,34,decoder_1_K2,1,8,34,4,1,34,0,0,34,0,1,1,64,1
34,34,decoder_1_K2,1,8,35,5,1,35,0,0,35,0,1,1,64,1
34,34,decoder_1_K2,1,9,36,4,2,61,0,0,61,0,1,1,64,1
34,34,decoder_1_K2,1,9,37,5,2,37,0,0,37,0,1,1,64,1
34,34,decoder_1_K2,1,9,38,4,3,38,0,0,38,0,1,1,64,1
34,34,decoder_1_K2,1,9,39,5,3,39,0,0,39,0,1,1,64,1
34,34,decoder_1_K2,1,10,40,4,4,40,0,0,40,0,1,1,64,1
34,34,decoder_1_K2,1,10,41,5,4,41,0,0,41,0,1,1,64,1
34,34,decoder_1_K2,1,10,42,4,5,42,0,0,42,0,1,1,64,1
34,34,decoder_1_K2,1,10,43,5,5,43,0,0,43,0,1,1,64,1
34,34,decoder_1_K2,1,11,44,4,6,44,0,0,44,0,1,1,64,1
34,34,decoder_1_K2,1,11,45,5,6,45,0,0,45,0,1,1,64,1
34,34,decoder_1_K2,1,11,46,4,7,46,0,0,46,0,1,1,64,1
34,34,decoder_1_K2,1,11,47,5,7,47,0,0,47,0,1,1,64,1
34,34,decoder_1_K2,1,15,48,6,7,48,0,0,48,0,1,1,64,1
34,34,decoder_1_K2,1,15,49,7,7,49,0,0,49,0,1,1,64,1
34,34,decoder_1_K2,1,15,50,6,6,50,0,0,50,0,1,1,64,1
34,34,decoder_1_K2,1,15,51,7,6,51,0,0,51,0,1,1,64,1
34,34,decoder_1_K2,1,14,52,6,5,52,0,0,52,0,1,1,64,1
34,34,decoder_1_K2,1,14,53,7,5,53,0,0,53,0,1,1,64,1
34,34,decoder_1_K2,1,14,54,6,4,54,0,0,54,0,1,1,64,1
34,34,decoder_1_K2,1,14,55,7,4,55,0,0,55,0,1,1,64,1
34,34,decoder_1_K2,1,13,56,6,3,56,0,0,56,0,1,1,64,1
34,34,decoder_1_K2,1,13,57,7,3,57,0,0,57,0,1,1,64,1
34,34,decoder_1_K2,1,13,58,6,2,58,0,0,58,0,1,1,64,1
34,34,decoder_1_K2,1,13,59,7,2,59,0,0,59,0,1,1,64,1
34,34,decoder_1_K2,1,12,60,6,1,60,0,0,60,0,1,1,64,1
34,34,decoder_1_K2,1,12,61,7,1,36,0,0,36,0,1,1,64,1
34,34,decoder_1_K2,1,12,62,6,0,62,0,0,62,0,1,1,64,1
34,34,decoder_1_K2,1,12,63,7,0,63,0,0,63,0,1,1,64,1
35,35,decoder_1_Kt2,1,0,0,0,0,0,0,0,0,0,1,8,8,1
35,35,decoder_1_Kt2,1,0,1,1,0,1,0,0,1,0,1,8,8,1
35,35,decoder_1_Kt2,1,0,2,0,1,2,0,0,2,0,1,8,8,1
35,35,decoder_1_Kt2,1,0,3,1,1,3,0,0,3,0,1,8,8,1
35,35,decoder_1_Kt2,1,1,4,0,2,4,0,0,4,0,1,8,8,1
35,35,decoder_1_Kt2,1,1,5,1,2,5,0,0,5,0,1,8,8,1
35,35,decoder_1_Kt2,1,1,6,0,3,6,0,0,6,0,1,8,8,1
35,35,decoder_1_Kt2,1,1,7,1,3,7,0,0,7,0,1,8,8,1
35,35,decoder_1_Kt2,1,2,8,0,4,8,0,1,0,0,1,8,8,1
35,35,decoder_1_Kt2,1,2,9,1,4,9,0,1,1,0,1,8,8,1
35,35,decoder_1_Kt2,1,2,10,0,5,10,0,1,2,0,1,8,8,1
35,35,decoder_1_Kt2,1,2,11,1,5,11,0,1,3,0,1,8,8,1
35,35,decoder_1_Kt2,1,3,12,0,6,12,0,1,4,0,1,8,8,1
35,35,decoder_1_Kt2,1,3,13,1,6,13,0,1,5,0,1,8,8,1
35,35,decoder_1_Kt2,1,3,14,0,7,14,0,1,6,0,1,8,8,1
35,35,decoder_1_Kt2,1,3,15,1,7,15,0,1,7,0,1,8,8,1
35,35,decoder_1_Kt2,1,7,16,2,7,16,0,2,0,0,1,8,8,1
35,35,decoder_1_Kt2,1,7,17,3,7,17,0,2,1,0,1,8,8,1
35,35,decoder_1_Kt2,1,7,18,2,6,18,0,2,2,0,1,8,8,1
35,35,decoder_1_Kt2,1,7,19,3,6,19,0,2,3,0,1,8,8,1
35,35,decoder_1_Kt2,1,6,20,2,5,20,0,2,4,0,1,8,8,1
35,35,decoder_1_Kt2,1,6,21,3,5,21,0,2,5,0,1,8,8,1
35,35,decoder_1_Kt2,1,6,22,2,4,22,0,2,6,0,1,8,8,1
35,35,decoder_1_Kt2,1,6,23,3,4,23,0,2,7,0,1,8,8,1
35,35,decoder_1_Kt2,1,5,24,2,3,24,0,3,0,0,1,8,8,1
35,35,decoder_1_Kt2,1,5,25,3,3,25,0,3,1,0,1,8,8,1
35,35,decoder_1_Kt2,1,5,26,2,2,26,0,3,2,0,1,8,8,1
35,35,decoder_1_Kt2,1,5,27,3,2,27,0,3,3,0,1,8,8,1
35,35,decoder_1_Kt2,1,4,28,2,1,28,0,3,4,0,1,8,8,1
35,35,decoder_1_Kt2,1,4,29,3,1,29,0,3,5,0,1,8,8,1
35,35,decoder_1_Kt2,1,4,30,2,0,30,0,3,6,0,1,8,8,1
35,35,decoder_1_Kt2,1,4,31,3,0,31,0,3,7,0,1,8,8,1
35,35,decoder_1_Kt2,1,8,32,4,0,32,0,4,0,0,1,8,8,1
35,35,decoder_1_Kt2,1,8,33,5,0,33,0,4,1,0,1,8,8,1
35,35,decoder_1_Kt2,1,8,34,4,1,34,0,4,2,0,1,8,8,1
35,35,decoder_1_Kt2,1,8,35,5,1,35,0,4,3,0,1,8,8,1
35,35,decoder_1_Kt2,1,9,36,4,2,36,0,4,4,0,1,8,8,1
35,35,decoder_1_Kt2,1,9,37,5,2,37,0,4,5,0,1,8,8,1
35,35,decoder_1_Kt2,1,9,38,4,3,38,0,4,6,0,1,8,8,1
35,35,decoder_1_Kt2,1,9,39,5,3,39,0,4,7,0,1,8,8,1
35,35,decoder_1_Kt2,1,10,40,4,4,40,0,5,0,0,1,8,8,1
35,35,decoder_1_Kt2,1,10,41,5,4,41,0,5,1,0,1,8,8,1
35,35,decoder_1_Kt2,1,10,42,4,5,42,0,5,2,0,1,8,8,1
35,35,decoder_1_Kt2,1,10,43,5,5,43,0,5,3,0,1,8,8,1
35,35,decoder_1_Kt2,1,11,44,4,6,44,0,5,4,0,1,8,8,1
35,35,decoder_1_Kt2,1,11,45,5,6,45,0,5,5,0,1,8,8,1
35,35,decoder_1_Kt2,1,11,46,4,7,46,0,5,6,0,1,8,8,1
35,35,decoder_1_Kt2,1,11,47,5,7,47,0,5,7,0,1,8,8,1
35,35,decoder_1_Kt2,1,15,48,6,7,48,0,6,0,0,1,8,8,1
35,35,decoder_1_Kt2,1,15,49,7,7,49,0,6,1,0,1,8,8,1
35,35,decoder_1_Kt2,1,15,50,6,6,50,0,6,2,0,1,8,8,1
35,35,decoder_1_Kt2,1,15,51,7,6,51,0,6,3,0,1,8,8,1
35,35,decoder_1_Kt2,1,14,52,6,5,52,0,6,4,0,1,8,8,1
35,35,decoder_1_Kt2,1,14,53,7,5,53,0,6,5,0,1,8,8,1
35,35,decoder_1_Kt2,1,14,54,6,4,54,0,6,6,0,1,8,8,1
35,35,decoder_1_Kt2,1,14,55,7,4,55,0,6,7,0,1,8,8,1
35,35,decoder_1_Kt2,1,13,56,6,3,56,0,7,0,0,1,8,8,1
35,35,decoder_1_Kt2,1,13,57,7,3,57,0,7,1,0,1,8,8,1
35,35,decoder_1_Kt2,1,13,58,6,2,58,0,7,2,0,1,8,8,1
35,35,decoder_1_Kt2,1,13,59,7,2,59,0,7,3,0,1,8,8,1
35,35,decoder_1_Kt2,1,12,60,6,1,60,0,7,4,0,1,8,8,1
35,35,decoder_1_Kt2,1,12,61,7,1,61,0,7,5,0,1,8,8,1
35,35,decoder_1_Kt2,1,12,62,6,0,62,0,7,6,0,1,8,8,1
35,35,decoder_1_Kt2,1,12,63,7,0,63,0,7,7,0,1,8,8,1
36,36,decoder_1_K3,1,0,0,0,0,0,0,0,0,0,1,1,64,1
36,36,decoder_1_K3,1,0,1,1,0,1,0,0,1,0,1,1,64,1
36,36,decoder_1_K3,1,0,2,0,1,2,0,0,2,0,1,1,64,1
36,36,decoder_1_K3,1,0,3,1,1,3,0,0,3,0,1,1,64,1
36,36,decoder_1_K3,1,1,4,0,2,4,0,0,4,0,1,1,64,1
36,36,decoder_1_K3,1,1,5,1,2,33,0,0,33,0,1,1,64,1
36,36,decoder_1_K3,1,1,6,0,3,6,0,0,6,0,1,1,64,1
36,36,decoder_1_K3,1,1,7,1,3,7,0,0,7,0,1,1,64,1
36,36,decoder_1_K3,1,2,8,0,4,8,0,0,8,0,1,1,64,1
36,36,decoder_1_K3,1,2,9,1,4,12,0,0,12,0,1,1,64,1
36,36,decoder_1_K3,1,2,10,0,5,15,0,0,15,0,1,1,64,1
36,36,decoder_1_K3,1,2,11,1,5,11,0,0,11,0,1,1,64,1
36,36,decoder_1_K3,1,3,12,0,6,9,0,0,9,0,1,1,64,1
36,36,decoder_1_K3,1,3,13,1,6,13,0,0,13,0,1,1,64,1
36,36,decoder_1_K3,1,3,14,0,7,14,0,0,14,0,1,1,64,1
36,36,decoder_1_K3,1,3,15,1,7,10,0,0,10,0,1,1,64,1
36,36,decoder_1_K3,1,7,16,2,7,16,0,0,16,0,1,1,64,1
36,36,decoder_1_K3,1,7,17,3,7,17,0,0,17,0,1,1,64,1
36,36,decoder_1_K3,1,7,18,2,6,49,0,0,49,0,1,1,64,1
36,36,decoder_1_K3,1,7,19,3,6,19,0,0,19,0,1,1,64,1
36,36,decoder_1_K3,1,6,20,2,5,20,0,0,20,0,1,1,64,1
36,36,decoder_1_K3,1,6,21,3,5,21,0,0,21,0,1,1,64,1
36,36,decoder_1_K3,1,6,22,2,4,46,0,0,46,0,1,1,64,1
36,36,decoder_1_K3,1,6,23,3,4,23,0,0,23,0,1,1,64,1
36,36,decoder_1_K3,1,5,24,2,3,24,0,0,24,0,1,1,64,1
36,36,decoder_1_K3,1,5,25,3,3,25,0,0,25,0,1,1,64,1
36,36,decoder_1_K3,1,5,26,2,2,26,0,0,26,0,1,1,64,1
36,36,decoder_1_K3,1,5,27,3,2,27,0,0,27,0,1,1,64,1
36,36,decoder_1_K3,1,4,28,2,1,5,0,0,5,0,1,1,64,1
36,36,decoder_1_K3,1,4,29,3,1,29,0,0,29,0,1,1,64,1
36,36,decoder_1_K3,1,4,30,2,0,30,0,0,30,0,1,1,64,1
36,36,decoder_1_K3,1,4,31,3,0,31,0,0,31,0,1,1,64,1
36,36,decoder_1_K3,1,8,32,4,0,32,0,0,32,0,1,1,64,1
36,36,decoder_1_K3,1,8,33,5,0,28,0,0,28,0,1,1,64,1
36,36,decoder_1_K3,1,8,34,4,1,34,0,0,34,0,1,1,64,1
36,36,decoder_1_K3,1,8,35,5,1,35,0,0,35,0,1,1,64,1
36,36,decoder_1_K3,1,9,36,4,2,36,0,0,36,0,1,1,64,1
36,36,decoder_1_K3,1,9,37,5,2,37,0,0,37,0,1,1,64,1
36,36,decoder_1_K3,1,9,38,4,3,38,0,0,38,0,1,1,64,1
36,36,decoder_1_K3,1,9,39,5,3,39,0,0,39,0,1,1,64,1
36,36,decoder_1_K3,1,10,40,4,4,40,0,0,40,0,1,1,64,1
36,36,decoder_1_K3,1,10,41,5,4,41,0,0,41,0,1,1,64,1
36,36,decoder_1_K3,1,10,42,4,5,42,0,0,42,0,1,1,64,1
36,36,decoder_1_K3,1,10,43,5,5,43,0,0,43,0,1,1,64,1
36,36,decoder_1_K3,1,11,44,4,6,44,0,0,44,0,1,1,64,1
36,36,decoder_1_K3,1,11,45,5,6,45,0,0,45,0,1,1,64,1
36,36,decoder_1_K3,1,11,46,4,7,22,0,0,22,0,1,1,64,1
36,36,decoder_1_K3,1,11,47,5,7,51,0,0,51,0,1,1,64,1
36,36,decoder_1_K3,1,15,48,6,7,48,0,0,48,0,1,1,64,1
36,36,decoder_1_K3,1,15,49,7,7,47,0,0,47,0,1,1,64,1
36,36,decoder_1_K3,1,15,50,6,6,50,0,0,50,0,1,1,64,1
36,36,decoder_1_K3,1,15,51,7,6,18,0,0,18,0,1,1,64,1
36,36,decoder_1_K3,1,14,52,6,5,52,0,0,52,0,1,1,64,1
36,36,decoder_1_K3,1,14,53,7,5,53,0,0,53,0,1,1,64,1
36,36,decoder_1_K3,1,14,54,6,4,54,0,0,54,0,1,1,64,1
36,36,decoder_1_K3,1,14,55,7,4,55,0,0,55,0,1,1,64,1
36,36,decoder_1_K3,1,13,56,6,3,56,0,0,56,0,1,1,64,1
36,36,decoder_1_K3,1,13,57,7,3,57,0,0,57,0,1,1,64,1
36,36,decoder_1_K3,1,13,58,6,2,58,0,0,58,0,1,1,64,1
36,36,decoder_1_K3,1,13,59,7,2,59,0,0,59,0,1,1,64,1
36,36,decoder_1_K3,1,12,60,6,1,60,0,0,60,0,1,1,64,1
36,36,decoder_1_K3,1,12,61,7,1,61,0,0,61,0,1,1,64,1
36,36,decoder_1_K3,1,12,62,6,0,62,0,0,62,0,1,1,64,1
36,36,decoder_1_K3,1,12,63,7,0,63,0,0,63,0,1,1,64,1
37,37,decoder_1_Kt3,1,0,0,0,0,0,0,0,0,0,1,8,8,1
37,37,decoder_1_Kt3,1,0,1,1,0,1,0,0,1,0,1,8,8,1
37,37,decoder_1_Kt3,1,0,2,0,1,2,0,0,2,0,1,8,8,1
37,37,decoder_1_Kt3,1,0,3,1,1,3,0,0,3,0,1,8,8,1
37,37,decoder_1_Kt3,1,1,4,0,2,4,0,0,4,0,1,8,8,1
37,37,decoder_1_Kt3,1,1,5,1,2,5,0,0,5,0,1,8,8,1
37,37,decoder_1_Kt3,1,1,6,0,3,6,0,0,6,0,1,8,8,1
37,37,decoder_1_Kt3,1,1,7,1,3,7,0,0,7,0,1,8,8,1
37,37,decoder_1_Kt3,1,2,8,0,4,8,0,1,0,0,1,8,8,1
37,37,decoder_1_Kt3,1,2,9,1,4,9,0,1,1,0,1,8,8,1
37,37,decoder_1_Kt3,1,2,10,0,5,10,0,1,2,0,1,8,8,1
37,37,decoder_1_Kt3,1,2,11,1,5,11,0,1,3,0,1,8,8,1
37,37,decoder_1_Kt3,1,3,12,0,6,12,0,1,4,0,1,8,8,1
37,37,decoder_1_Kt3,1,3,13,1,6,13,0,1,5,0,1,8,8,1
37,37,decoder_1_Kt3,1,3,14,0,7,14,0,1,6,0,1,8,8,1
37,37,decoder_1_Kt3,1,3,15,1,7,15,0,1,7,0,1,8,8,1
37,37,decoder_1_Kt3,1,7,16,2,7,16,0,2,0,0,1,8,8,1
37,37,decoder_1_Kt3,1,7,17,3,7,17,0,2,1,0,1,8,8,1
37,37,decoder_1_Kt3,1,7,18,2,6,18,0,2,2,0,1,8,8,1
37,37,decoder_1_Kt3,1,7,19,3,6,19,0,2,3,0,1,8,8,1
37,37,decoder_1_Kt3,1,6,20,2,5,20,0,2,4,0,1,8,8,1
37,37,decoder_1_Kt3,1,6,21,3,5,21,0,2,5,0,1,8,8,1
37,37,decoder_1_Kt3,1,6,22,2,4,22,0,2,6,0,1,8,8,1
37,37,decoder_1_Kt3,1,6,23,3,4,23,0,2,7,0,1,8,8,1
37,37,decoder_1_Kt3,1,5,24,2,3,24,0,3,0,0,1,8,8,1
37,37,decoder_1_Kt3,1,5,25,3,3,25,0,3,1,0,1,8,8,1
37,37,decoder_1_Kt3,1,5,26,2,2,26,0,3,2,0,1,8,8,1
37,37,decoder_1_Kt3,1,5,27,3,2,27,0,3,3,0,1,8,8,1
37,37,decoder_1_Kt3,1,4,28,2,1,28,0,3,4,0,1,8,8,1
37,37,decoder_1_Kt3,1,4,29,3,1,29,0,3,5,0,1,8,8,1
37,37,decoder_1_Kt3,1,4,30,2,0,30,0,3,6,0,1,8,8,1
37,37,decoder_1_Kt3,1,4,31,3,0,31,0,3,7,0,1,8,8,1
37,37,decoder_1_Kt3,1,8,32,4,0,32,0,4,0,0,1,8,8,1
37,37,decoder_1_Kt3,1,8,33,5,0,33,0,4,1,0,1,8,8,1
37,37,decoder_1_Kt3,1,8,34,4,1,34,0,4,2,0,1,8,8,1
37,37,decoder_1_Kt3,1,8,35,5,1,35,0,4,3,0,1,8,8,1
37,37,decoder_1_Kt3,1,9,36,4,2,36,0,4,4,0,1,8,8,1
37,37,decoder_1_Kt3,1,9,37,5,2,37,0,4,5,0,1,8,8,1
37,37,decoder_1_Kt3,1,9,38,4,3,38,0,4,6,0,1,8,8,1
37,37,decoder_1_Kt3,1,9,39,5,3,39,0,4,7,0,1,8,8,1
37,37,decoder_1_Kt3,1,10,40,4,4,40,0,5,0,0,1,8,8,1
37,37,decoder_1_Kt3,1,10,41,5,4,41,0,5,1,0,1,8,8,1
37,37,decoder_1_Kt3,1,10,42,4,5,42,0,5,2,0,1,8,8,1
37,37,decoder_1_Kt3,1,10,43,5,5,43,0,5,3,0,1,8,8,1
37,37,decoder_1_Kt3,1,11,44,4,6,44,0,5,4,0,1,8,8,1
37,37,decoder_1_Kt3,1,11,45,5,6,45,0,5,5,0,1,8,8,1
37,37,decoder_1_Kt3,1,11,46,4,7,46,0,5,6,0,1,8,8,1
37,37,decoder_1_Kt3,1,11,47,5,7,47,0,5,7,0,1,8,8,1
37,37,decoder_1_Kt3,1,15,48,6,7,48,0,6,0,0,1,8,8,1
37,37,decoder_1_Kt3,1,15,49,7,7,49,0,6,1,0,1,8,8,1
37,37,decoder_1_Kt3,1,15,50,6,6,50,0,6,2,0,1,8,8,1
37,37,decoder_1_Kt3,1,15,51,7,6,51,0,6,3,0,1,8,8,1
37,37,decoder_1_Kt3,1,14,52,6,5,52,0,6,4,0,1,8,8,1
37,37,decoder_1_Kt3,1,14,53,7,5,53,0,6,5,0,1,8,8,1
37,37,decoder_1_Kt3,1,14,54,6,4,54,0,6,6,0,1,8,8,1
37,37,decoder_1_Kt3,1,14,55,7,4,55,0,6,7,0,1,8,8,1
37,37,decoder_1_Kt3,1,13,56,6,3,56,0,7,0,0,1,8,8,1
37,37,decoder_1_Kt3,1,13,57,7,3,57,0,7,1,0,1,8,8,1
37,37,decoder_1_Kt3,1,13,58,6,2,58,0,7,2,0,1,8,8,1
37,37,decoder_1_Kt3,1,13,59,7,2,59,0,7,3,0,1,8,8,1
37,37,decoder_1_Kt3,1,12,60,6,1,60,0,7,4,0,1,8,8,1
37,37,decoder_1_Kt3,1,12,61,7,1,61,0,7,5,0,1,8,8,1
37,37,decoder_1_Kt3,1,12,62,6,0,62,0,7,6,0,1,8,8,1
37,37,decoder_1_Kt3,1,12,63,7,0,63,0,7,7,0,1,8,8,1
38,38,decoder_1_K4,1,0,0,0,0,0,0,0,0,0,1,1,64,1
38,38,decoder_1_K4,1,0,1,1,0,1,0,0,1,0,1,1,64,1
38,38,decoder_1_K4,1,0,2,0,1,2,0,0,2,0,1,1,64,1
38,38,decoder_1_K4,1,0,3,1,1,3,0,0,3,0,1,1,64,1
38,38,decoder_1_K4,1,1,4,0,2,4,0,0,4,0,1,1,64,1
38,38,decoder_1_K4,1,1,5,1,2,5,0,0,5,0,1,1,64,1
38,38,decoder_1_K4,1,1,6,0,3,6,0,0,6,0,1,1,64,1
38,38,decoder_1_K4,1,1,7,1,3,7,0,0,7,0,1,1,64,1
38,38,decoder_1_K4,1,2,8,0,4,8,0,0,8,0,1,1,64,1
38,38,decoder_1_K4,1,2,9,1,4,9,0,0,9,0,1,1,64,1
38,38,decoder_1_K4,1,2,10,0,5,10,0,0,10,0,1,1,64,1
38,38,decoder_1_K4,1,2,11,1,5,16,0,0,16,0,1,1,64,1
38,38,decoder_1_K4,1,3,12,0,6,12,0,0,12,0,1,1,64,1
38,38,decoder_1_K4,1,3,13,1,6,13,0,0,13,0,1,1,64,1
38,38,decoder_1_K4,1,3,14,0,7,14,0,0,14,0,1,1,64,1
38,38,decoder_1_K4,1,3,15,1,7,15,0,0,15,0,1,1,64,1
38,38,decoder_1_K4,1,7,16,2,7,11,0,0,11,0,1,1,64,1
38,38,decoder_1_K4,1,7,17,3,7,17,0,0,17,0,1,1,64,1
38,38,decoder_1_K4,1,7,18,2,6,18,0,0,18,0,1,1,64,1
38,38,decoder_1_K4,1,7,19,3,6,19,0,0,19,0,1,1,64,1
38,38,decoder_1_K4,1,6,20,2,5,45,0,0,45,0,1,1,64,1
38,38,decoder_1_K4,1,6,21,3,5,21,0,0,21,0,1,1,64,1
38,38,decoder_1_K4,1,6,22,2,4,22,0,0,22,0,1,1,64,1
38,38,decoder_1_K4,1,6,23,3,4,23,0,0,23,0,1,1,64,1
38,38,decoder_1_K4,1,5,24,2,3,24,0,0,24,0,1,1,64,1
38,38,decoder_1_K4,1,5,25,3,3,25,0,0,25,0,1,1,64,1
38,38,decoder_1_K4,1,5,26,2,2,59,0,0,59,0,1,1,64,1
38,38,decoder_1_K4,1,5,27,3,2,27,0,0,27,0,1,1,64,1
38,38,decoder_1_K4,1,4,28,2,1,28,0,0,28,0,1,1,64,1
38,38,decoder_1_K4,1,4,29,3,1,29,0,0,29,0,1,1,64,1
38,38,decoder_1_K4,1,4,30,2,0,30,0,0,30,0,1,1,64,1
38,38,decoder_1_K4,1,4,31,3,0,31,0,0,31,0,1,1,64,1
38,38,decoder_1_K4,1,8,32,4,0,32,0,0,32,0,1,1,64,1
38,38,decoder_1_K4,1,8,33,5,0,57,0,0,57,0,1,1,64,1
38,38,decoder_1_K4,1,8,34,4,1,34,0,0,34,0,1,1,64,1
38,38,decoder_1_K4,1,8,35,5,1,43,0,0,43,0,1,1,64,1
38,38,decoder_1_K4,1,9,36,4,2,36,0,0,36,0,1,1,64,1
38,38,decoder_1_K4,1,9,37,5,2,37,0,0,37,0,1,1,64,1
38,38,decoder_1_K4,1,9,38,4,3,38,0,0,38,0,1,1,64,1
38,38,decoder_1_K4,1,9,39,5,3,39,0,0,39,0,1,1,64,1
38,38,decoder_1_K4,1,10,40,4,4,40,0,0,40,0,1,1,64,1
38,38,decoder_1_K4,1,10,41,5,4,41,0,0,41,0,1,1,64,1
38,38,decoder_1_K4,1,10,42,4,5,42,0,0,42,0,1,1,64,1
38,38,decoder_1_K4,1,10,43,5,5,60,0,0,60,0,1,1,64,1
38,38,decoder_1_K4,1,11,44,4,6,44,0,0,44,0,1,1,64,1
38,38,decoder_1_K4,1,11,45,5,6,20,0,0,20,0,1,1,64,1
38,38,decoder_1_K4,1,11,46,4,7,46,0,0,46,0,1,1,64,1
38,38,decoder_1_K4,1,11,47,5,7,47,0,0,47,0,1,1,64,1
38,38,decoder_1_K4,1,15,48,6,7,48,0,0,48,0,1,1,64,1
38,38,decoder_1_K4,1,15,49,7,7,49,0,0,49,0,1,1,64,1
38,38,decoder_1_K4,1,15,50,6,6,50,0,0,50,0,1,1,64,1
38,38,decoder_1_K4,1,15,51,7,6,51,0,0,51,0,1,1,64,1
38,38,decoder_1_K4,1,14,52,6,5,52,0,0,52,0,1,1,64,1
38,38,decoder_1_K4,1,14,53,7,5,53,0,0,53,0,1,1,64,1
38,38,decoder_1_K4,1,14,54,6,4,54,0,0,54,0,1,1,64,1
38,38,decoder_1_K4,1,14,55,7,4,55,0,0,55,0,1,1,64,1
38,38,decoder_1_K4,1,13,56,6,3,56,0,0,56,0,1,1,64,1
38,38,decoder_1_K4,1,13,57,7,3,33,0,0,33,0,1,1,64,1
38,38,decoder_1_K4,1,13,58,6,2,58,0,0,58,0,1,1,64,1
38,38,decoder_1_K4,1,13,59,7,2,26,0,0,26,0,1,1,64,1
38,38,decoder_1_K4,1,12,60,6,1,35,0,0,35,0,1,1,64,1
38,38,decoder_1_K4,1,12,61,7,1,61,0,0,61,0,1,1,64,1
38,38,decoder_1_K4,1,12,62,6,0,62,0,0,62,0,1,1,64,1
38,38,decoder_1_K4,1,12,63,7,0,63,0,0,63,0,1,1,64,1
39,39,decoder_1_Kt4,1,0,0,0,0,0,0,0,0,0,1,8,8,1
39,39,decoder_1_Kt4,1,0,1,1,0,1,0,0,1,0,1,8,8,1
39,39,decoder_1_Kt4,1,0,2,0,1,2,0,0,2,0,1,8,8,1
39,39,decoder_1_Kt4,1,0,3,1,1,3,0,0,3,0,1,8,8,1
39,39,decoder_1_Kt4,1,1,4,0,2,4,0,0,4,0,1,8,8,1
39,39,decoder_1_Kt4,1,1,5,1,2,5,0,0,5,0,1,8,8,1
39,39,decoder_1_Kt4,1,1,6,0,3,6,0,0,6,0,1,8,8,1
39,39,decoder_1_Kt4,1,1,7,1,3,7,0,0,7,0,1,8,8,1
39,39,decoder_1_Kt4,1,2,8,0,4,8,0,1,0,0,1,8,8,1
39,39,decoder_1_Kt4,1,2,9,1,4,9,0,1,1,0,1,8,8,1
39,39,decoder_1_Kt4,1,2,10,0,5,10,0,1,2,0,1,8,8,1
39,39,decoder_1_Kt4,1,2,11,1,5,11,0,1,3,0,1,8,8,1
39,39,decoder_1_Kt4,1,3,12,0,6,12,0,1,4,0,1,8,8,1
39,39,decoder_1_Kt4,1,3,13,1,6,13,0,1,5,0,1,8,8,1
39,39,decoder_1_Kt4,1,3,14,0,7,14,0,1,6,0,1,8,8,1
39,39,decoder_1_Kt4,1,3,15,1,7,15,0,1,7,0,1,8,8,1
39,39,decoder_1_Kt4,1,7,16,2,7,16,0,2,0,0,1,8,8,1
39,39,decoder_1_Kt4,1,7,17,3,7,17,0,2,1,0,1,8,8,1
39,39,decoder_1_Kt4,1,7,18,2,6,18,0,2,2,0,1,8,8,1
39,39,decoder_1_Kt4,1,7,19,3,6,19,0,2,3,0,1,8,8,1
39,39,decoder_1_Kt4,1,6,20,2,5,20,0,2,4,0,1,8,8,1
39,39,decoder_1_Kt4,1,6,21,3,5,21,0,2,5,0,1,8,8,1
39,39,decoder_1_Kt4,1,6,22,2,4,22,0,2,6,0,1,8,8,1
39,39,decoder_1_Kt4,1,6,23,3,4,23,0,2,7,0,1,8,8,1
39,39,decoder_1_Kt4,1,5,24,2,3,24,0,3,0,0,1,8,8,1
39,39,decoder_1_Kt4,1,5,25,3,3,25,0,3,1,0,1,8,8,1
39,39,decoder_1_Kt4,1,5,26,2,2,26,0,3,2,0,1,8,8,1
39,39,decoder_1_Kt4,1,5,27,3,2,27,0,3,3,0,1,8,8,1
39,39,decoder_1_Kt4,1,4,28,2,1,28,0,3,4,0,1,8,8,1
39,39,decoder_1_Kt4,1,4,29,3,1,29,0,3,5,0,1,8,8,1
39,39,decoder_1_Kt4,1,4,30,2,0,30,0,3,6,0,1,8,8,1
39,39,decoder_1_Kt4,1,4,31,3,0,31,0,3,7,0,1,8,8,1
39,39,decoder_1_Kt4,1,8,32,4,0,32,0,4,0,0,1,8,8,1
39,39,decoder_1_Kt4,1,8,33,5,0,33,0,4,1,0,1,8,8,1
39,39,decoder_1_Kt4,1,8,34,4,1,34,0,4,2,0,1,8,8,1
39,39,decoder_1_Kt4,1,8,35,5,1,35,0,4,3,0,1,8,8,1
39,39,decoder_1_Kt4,1,9,36,4,2,36,0,4,4,0,1,8,8,1
39,39,decoder_1_Kt4,1,9,37,5,2,37,0,4,5,0,1,8,8,1
39,39,decoder_1_Kt4,1,9,38,4,3,38,0,4,6,0,1,8,8,1
39,39,decoder_1_Kt4,1,9,39,5,3,39,0,4,7,0,1,8,8,1
39,39,decoder_1_Kt4,1,10,40,4,4,40,0,5,0,0,1,8,8,1
39,39,decoder_1_Kt4,1,10,41,5,4,41,0,5,1,0,1,8,8,1
39,39,decoder_1_Kt4,1,10,42,4,5,42,0,5,2,0,1,8,8,1
39,39,decoder_1_Kt4,1,10,43,5,5,43,0,5,3,0,1,8,8,1
39,39,decoder_1_Kt4,1,11,44,4,6,44,0,5,4,0,1,8,8,1
39,39,decoder_1_Kt4,1,11,45,5,6,45,0,5,5,0,1,8,8,1
39,39,decoder_1_Kt4,1,11,46,4,7,46,0,5,6,0,1,8,8,1
39,39,decoder_1_Kt4,1,11,47,5,7,47,0,5,7,0,1,8,8,1
39,39,decoder_1_Kt4,1,15,48,6,7,48,0,6,0,0,1,8,8,1
39,39,decoder_1_Kt4,1,15,49,7,7,49,0,6,1,0,1,8,8,1
39,39,decoder_1_Kt4,1,15,50,6,6,50,0,6,2,0,1,8,8,1
39,39,decoder_1_Kt4,1,15,51,7,6,51,0,6,3,0,1,8,8,1
39,39,decoder_1_Kt4,1,14,52,6,5,52,0,6,4,0,1,8,8,1
39,39,decoder_1_Kt4,1,14,53,7,5,53,0,6,5,0,1,8,8,1
39,39,decoder_1_Kt4,1,14,54,6,4,54,0,6,6,0,1,8,8,1
39,39,decoder_1_Kt4,1,14,55,7,4,55,0,6,7,0,1,8,8,1
39,39,decoder_1_Kt4,1,13,56,6,3,56,0,7,0,0,1,8,8,1
39,39,decoder_1_Kt4,1,13,57,7,3,57,0,7,1,0,1,8,8,1
39,39,decoder_1_Kt4,1,13,58,6,2,58,0,7,2,0,1,8,8,1
39,39,decoder_1_Kt4,1,13,59,7,2,59,0,7,3,0,1,8,8,1
39,39,decoder_1_Kt4,1,12,60,6,1,60,0,7,4,0,1,8,8,1
39,39,decoder_1_Kt4,1,12,61,7,1,61,0,7,5,0,1,8,8,1
39,39,decoder_1_Kt4,1,12,62,6,0,62,0,7,6,0,1,8,8,1
39,39,decoder_1_Kt4,1,12,63,7,0,63,0,7,7,0,1,8,8,1
40,40,decoder_1_K5,1,0,0,0,0,0,0,0,0,0,1,1,64,1
40,40,decoder_1_K5,1,0,1,1,0,1,0,0,1,0,1,1,64,1
40,40,decoder_1_K5,1,0,2,0,1,2,0,0,2,0,1,1,64,1
40,40,decoder_1_K5,1,0,3,1,1,3,0,0,3,0,1,1,64,1
40,40,decoder_1_K5,1,1,4,0,2,6,0,0,6,0,1,1,64,1
40,40,decoder_1_K5,1,1,5,1,2,5,0,0,5,0,1,1,64,1
40,40,decoder_1_K5,1,1,6,0,3,4,0,0,4,0,1,1,64,1
40,40,decoder_1_K5,1,1,7,1,3,7,0,0,7,0,1,1,64,1
40,40,decoder_1_K5,1,2,8,0,4,8,0,0,8,0,1,1,64,1
40,40,decoder_1_K5,1,2,9,1,4,9,0,0,9,0,1,1,64,1
40,40,decoder_1_K5,1,2,10,0,5,10,0,0,10,0,1,1,64,1
40,40,decoder_1_K5,1,2,11,1,5,11,0,0,11,0,1,1,64,1
40,40,decoder_1_K5,1,3,12,0,6,12,0,0,12,0,1,1,64,1
40,40,decoder_1_K5,1,3,13,1,6,13,0,0,13,0,1,1,64,1
40,40,decoder_1_K5,1,3,14,0,7,14,0,0,14,0,1,1,64,1
40,40,decoder_1_K5,1,3,15,1,7,15,0,0,15,0,1,1,64,1
40,40,decoder_1_K5,1,7,16,2,7,16,0,0,16,0,1,1,64,1
40,40,decoder_1_K5,1,7,17,3,7,19,0,0,19,0,1,1,64,1
40,40,decoder_1_K5,1,7,18,2,6,18,0,0,18,0,1,1,64,1
40,40,decoder_1_K5,1,7,19,3,6,17,0,0,17,0,1,1,64,1
40,40,decoder_1_K5,1,6,20,2,5,24,0,0,24,0,1,1,64,1
40,40,decoder_1_K5,1,6,21,3,5,21,0,0,21,0,1,1,64,1
40,40,decoder_1_K5,1,6,22,2,4,44,0,0,44,0,1,1,64,1
40,40,decoder_1_K5,1,6,23,3,4,23,0,0,23,0,1,1,64,1
40,40,decoder_1_K5,1,5,24,2,3,25,0,0,25,0,1,1,64,1
40,40,decoder_1_K5,1,5,25,3,3,20,0,0,20,0,1,1,64,1
40,40,decoder_1_K5,1,5,26,2,2,26,0,0,26,0,1,1,64,1
40,40,decoder_1_K5,1,5,27,3,2,27,0,0,27,0,1,1,64,1
40,40,decoder_1_K5,1,4,28,2,1,28,0,0,28,0,1,1,64,1
40,40,decoder_1_K5,1,4,29,3,1,29,0,0,29,0,1,1,64,1
40,40,decoder_1_K5,1,4,30,2,0,35,0,0,35,0,1,1,64,1
40,40,decoder_1_K5,1,4,31,3,0,31,0,0,31,0,1,1,64,1
40,40,decoder_1_K5,1,8,32,4,0,32,0,0,32,0,1,1,64,1
40,40,decoder_1_K5,1,8,33,5,0,33,0,0,33,0,1,1,64,1
40,40,decoder_1_K5,1,8,34,4,1,59,0,0,59,0,1,1,64,1
40,40,decoder_1_K5,1,8,35,5,1,30,0,0,30,0,1,1,64,1
40,40,decoder_1_K5,1,9,36,4,2,36,0,0,36,0,1,1,64,1
40,40,decoder_1_K5,1,9,37,5,2,37,0,0,37,0,1,1,64,1
40,40,decoder_1_K5,1,9,38,4,3,53,0,0,53,0,1,1,64,1
40,40,decoder_1_K5,1,9,39,5,3,39,0,0,39,0,1,1,64,1
40,40,decoder_1_K5,1,10,40,4,4,40,0,0,40,0,1,1,64,1
40,40,decoder_1_K5,1,10,41,5,4,41,0,0,41,0,1,1,64,1
40,40,decoder_1_K5,1,10,42,4,5,42,0,0,42,0,1,1,64,1
40,40,decoder_1_K5,1,10,43,5,5,43,0,0,43,0,1,1,64,1
40,40,decoder_1_K5,1,11,44,4,6,22,0,0,22,0,1,1,64,1
40,40,decoder_1_K5,1,11,45,5,6,45,0,0,45,0,1,1,64,1
40,40,decoder_1_K5,1,11,46,4,7,46,0,0,46,0,1,1,64,1
40,40,decoder_1_K5,1,11,47,5,7,47,0,0,47,0,1,1,64,1
40,40,decoder_1_K5,1,15,48,6,7,48,0,0,48,0,1,1,64,1
40,40,decoder_1_K5,1,15,49,7,7,49,0,0,49,0,1,1,64,1
40,40,decoder_1_K5,1,15,50,6,6,50,0,0,50,0,1,1,64,1
40,40,decoder_1_K5,1,15,51,7,6,51,0,0,51,0,1,1,64,1
40,40,decoder_1_K5,1,14,52,6,5,52,0,0,52,0,1,1,64,1
40,40,decoder_1_K5,1,14,53,7,5,38,0,0,38,0,1,1,64,1
40,40,decoder_1_K5,1,14,54,6,4,56,0,0,56,0,1,1,64,1
40,40,decoder_1_K5,1,14,55,7,4,55,0,0,55,0,1,1,64,1
40,40,decoder_1_K5,1,13,56,6,3,54,0,0,54,0,1,1,64,1
40,40,decoder_1_K5,1,13,57,7,3,57,0,0,57,0,1,1,64,1
40,40,decoder_1_K5,1,13,58,6,2,58,0,0,58,0,1,1,64,1
40,40,decoder_1_K5,1,13,59,7,2,34,0,0,34,0,1,1,64,1
40,40,decoder_1_K5,1,12,60,6,1,60,0,0,60,0,1,1,64,1
40,40,decoder_1_K5,1,12,61,7,1,61,0,0,61,0,1,1,64,1
40,40,decoder_1_K5,1,12,62,6,0,62,0,0,62,0,1,1,64,1
40,40,decoder_1_K5,1,12,63,7,0,63,0,0,63,0,1,1,64,1
41,41,decoder_1_Kt5,1,0,0,0,0,0,0,0,0,0,1,8,8,1
41,41,decoder_1_Kt5,1,0,1,1,0,1,0,0,1,0,1,8,8,1
41,41,decoder_1_Kt5,1,0,2,0,1,2,0,0,2,0,1,8,8,1
41,41,decoder_1_Kt5,1,0,3,1,1,3,0,0,3,0,1,8,8,1
41,41,decoder_1_Kt5,1,1,4,0,2,4,0,0,4,0,1,8,8,1
41,41,decoder_1_Kt5,1,1,5,1,2,5,0,0,5,0,1,8,8,1
41,41,decoder_1_Kt5,1,1,6,0,3,6,0,0,6,0,1,8,8,1
41,41,decoder_1_Kt5,1,1,7,1,3,7,0,0,7,0,1,8,8,1
41,41,decoder_1_Kt5,1,2,8,0,4,8,0,1,0,0,1,8,8,1
41,41,decoder_1_Kt5,1,2,9,1,4,9,0,1,1,0,1,8,8,1
41,41,decoder_1_Kt5,1,2,10,0,5,10,0,1,2,0,1,8,8,1
41,41,decoder_1_Kt5,1,2,11,1,5,11,0,1,3,0,1,8,8,1
41,41,decoder_1_Kt5,1,3,12,0,6,12,0,1,4,0,1,8,8,1
41,41,decoder_1_Kt5,1,3,13,1,6,13,0,1,5,0,1,8,8,1
41,41,decoder_1_Kt5,1,3,14,0,7,14,0,1,6,0,1,8,8,1
41,41,decoder_1_Kt5,1,3,15,1,7,15,0,1,7,0,1,8,8,1
41,41,decoder_1_Kt5,1,7,16,2,7,16,0,2,0,0,1,8,8,1
41,41,decoder_1_Kt5,1,7,17,3,7,17,0,2,1,0,1,8,8,1
41,41,decoder_1_Kt5,1,7,18,2,6,18,0,2,2,0,1,8,8,1
41,41,decoder_1_Kt5,1,7,19,3,6,19,0,2,3,0,1,8,8,1
41,41,decoder_1_Kt5,1,6,20,2,5,20,0,2,4,0,1,8,8,1
41,41,decoder_1_Kt5,1,6,21,3,5,21,0,2,5,0,1,8,8,1
41,41,decoder_1_Kt5,1,6,22,2,4,22,0,2,6,0,1,8,8,1
41,41,decoder_1_Kt5,1,6,23,3,4,23,0,2,7,0,1,8,8,1
41,41,decoder_1_Kt5,1,5,24,2,3,24,0,3,0,0,1,8,8,1
41,41,decoder_1_Kt5,1,5,25,3,3,25,0,3,1,0,1,8,8,1
41,41,decoder_1_Kt5,1,5,26,2,2,26,0,3,2,0,1,8,8,1
41,41,decoder_1_Kt5,1,5,27,3,2,27,0,3,3,0,1,8,8,1
41,41,decoder_1_Kt5,1,4,28,2,1,28,0,3,4,0,1,8,8,1
41,41,decoder_1_Kt5,1,4,29,3,1,29,0,3,5,0,1,8,8,1
41,41,decoder_1_Kt5,1,4,30,2,0,30,0,3,6,0,1,8,8,1
41,41,decoder_1_Kt5,1,4,31,3,0,31,0,3,7,0,1,8,8,1
41,41,decoder_1_Kt5,1,8,32,4,0,32,0,4,0,0,1,8,8,1
41,41,decoder_1_Kt5,1,8,33,5,0,33,0,4,1,0,1,8,8,1
41,41,decoder_1_Kt5,1,8,34,4,1,34,0,4,2,0,1,8,8,1
41,41,decoder_1_Kt5,1,8,35,5,1,35,0,4,3,0,1,8,8,1
41,41,decoder_1_Kt5,1,9,36,4,2,36,0,4,4,0,1,8,8,1
41,41,decoder_1_Kt5,1,9,37,5,2,37,0,4,5,0,1,8,8,1
41,41,decoder_1_Kt5,1,9,38,4,3,38,0,4,6,0,1,8,8,1
41,41,decoder_1_Kt5,1,9,39,5,3,39,0,4,7,0,1,8,8,1
41,41,decoder_1_Kt5,1,10,40,4,4,40,0,5,0,0,1,8,8,1
41,41,decoder_1_Kt5,1,10,41,5,4,41,0,5,1,0,1,8,8,1
41,41,decoder_1_Kt5,1,10,42,4,5,42,0,5,2,0,1,8,8,1
41,41,decoder_1_Kt5,1,10,43,5,5,43,0,5,3,0,1,8,8,1
41,41,decoder_1_Kt5,1,11,44,4,6,44,0,5,4,0,1,8,8,1
41,41,decoder_1_Kt5,1,11,45,5,6,45,0,5,5,0,1,8,8,1
41,41,decoder_1_Kt5,1,11,46,4,7,46,0,5,6,0,1,8,8,1
41,41,decoder_1_Kt5,1,11,47,5,7,47,0,5,7,0,1,8,8,1
41,41,decoder_1_Kt5,1,15,48,6,7,48,0,6,0,0,1,8,8,1
41,41,decoder_1_Kt5,1,15,49,7,7,49,0,6,1,0,1,8,8,1
41,41,decoder_1_Kt5,1,15,50,6,6,50,0,6,2,0,1,8,8,1
41,41,decoder_1_Kt5,1,15,51,7,6,51,0,6,3,0,1,8,8,1
41,41,decoder_1_Kt5,1,14,52,6,5,52,0,6,4,0,1,8,8,1
41,41,decoder_1_Kt5,1,14,53,7,5,53,0,6,5,0,1,8,8,1
41,41,decoder_1_Kt5,1,14,54,6,4,54,0,6,6,0,1,8,8,1
41,41,decoder_1_Kt5,1,14,55,7,4,55,0,6,7,0,1,8,8,1
41,41,decoder_1_Kt5,1,13,56,6,3,56,0,7,0,0,1,8,8,1
41,41,decoder_1_Kt5,1,13,57,7,3,57,0,7,1,0,1,8,8,1
41,41,decoder_1_Kt5,1,13,58,6,2,58,0,7,2,0,1,8,8,1
41,41,decoder_1_Kt5,1,13,59,7,2,59,0,7,3,0,1,8,8,1
41,41,decoder_1_Kt5,1,12,60,6,1,60,0,7,4,0,1,8,8,1
41,41,decoder_1_Kt5,1,12,61,7,1,61,0,7,5,0,1,8,8,1
41,41,decoder_1_Kt5,1,12,62,6,0,62,0,7,6,0,1,8,8,1
41,41,decoder_1_Kt5,1,12,63,7,0,63,0,7,7,0,1,8,8,1
42,42,decoder_1_K6,1,0,0,0,0,0,0,0,0,0,1,1,64,1
42,42,decoder_1_K6,1,0,1,1,0,1,0,0,1,0,1,1,64,1
42,42,decoder_1_K6,1,0,2,0,1,2,0,0,2,0,1,1,64,1
42,42,decoder_1_K6,1,0,3,1,1,3,0,0,3,0,1,1,64,1
42,42,decoder_1_K6,1,1,4,0,2,4,0,0,4,0,1,1,64,1
42,42,decoder_1_K6,1,1,5,1,2,40,0,0,40,0,1,1,64,1
42,42,decoder_1_K6,1,1,6,0,3,11,0,0,11,0,1,1,64,1
42,42,decoder_1_K6,1,1,7,1,3,7,0,0,7,0,1,1,64,1
42,42,decoder_1_K6,1,2,8,0,4,8,0,0,8,0,1,1,64,1
42,42,decoder_1_K6,1,2,9,1,4,25,0,0,25,0,1,1,64,1
42,42,decoder_1_K6,1,2,10,0,5,13,0,0,13,0,1,1,64,1
42,42,decoder_1_K6,1,2,11,1,5,6,0,0,6,0,1,1,64,1
42,42,decoder_1_K6,1,3,12,0,6,12,0,0,12,0,1,1,64,1
42,42,decoder_1_K6,1,3,13,1,6,10,0,0,10,0,1,1,64,1
42,42,decoder_1_K6,1,3,14,0,7,14,0,0,14,0,1,1,64,1
42,42,decoder_1_K6,1,3,15,1,7,15,0,0,15,0,1,1,64,1
42,42,decoder_1_K6,1,7,16,2,7,9,0,0,9,0,1,1,64,1
42,42,decoder_1_K6,1,7,17,3,7,17,0,0,17,0,1,1,64,1
42,42,decoder_1_K6,1,7,18,2,6,16,0,0,16,0,1,1,64,1
42,42,decoder_1_K6,1,7,19,3,6,19,0,0,19,0,1,1,64,1
42,42,decoder_1_K6,1,6,20,2,5,42,0,0,42,0,1,1,64,1
42,42,decoder_1_K6,1,6,21,3,5,46,0,0,46,0,1,1,64,1
42,42,decoder_1_K6,1,6,22,2,4,22,0,0,22,0,1,1,64,1
42,42,decoder_1_K6,1,6,23,3,4,23,0,0,23,0,1,1,64,1
42,42,decoder_1_K6,1,5,24,2,3,24,0,0,24,0,1,1,64,1
42,42,decoder_1_K6,1,5,25,3,3,18,0,0,18,0,1,1,64,1
42,42,decoder_1_K6,1,5,26,2,2,26,0,0,26,0,1,1,64,1
42,42,decoder_1_K6,1,5,27,3,2,27,0,0,27,0,1,1,64,1
42,42,decoder_1_K6,1,4,28,2,1,28,0,0,28,0,1,1,64,1
42,42,decoder_1_K6,1,4,29,3,1,29,0,0,29,0,1,1,64,1
42,42,decoder_1_K6,1,4,30,2,0,30,0,0,30,0,1,1,64,1
42,42,decoder_1_K6,1,4,31,3,0,31,0,0,31,0,1,1,64,1
42,42,decoder_1_K6,1,8,32,4,0,32,0,0,32,0,1,1,64,1
42,42,decoder_1_K6,1,8,33,5,0,33,0,0,33,0,1,1,64,1
42,42,decoder_1_K6,1,8,34,4,1,60,0,0,60,0,1,1,64,1
42,42,decoder_1_K6,1,8,35,5,1,35,0,0,35,0,1,1,64,1
42,42,decoder_1_K6,1,9,36,4,2,36,0,0,36,0,1,1,64,1
42,42,decoder_1_K6,1,9,37,5,2,37,0,0,37,0,1,1,64,1
42,42,decoder_1_K6,1,9,38,4,3,38,0,0,38,0,1,1,64,1
42,42,decoder_1_K6,1,9,39,5,3,59,0,0,59,0,1,1,64,1
42,42,decoder_1_K6,1,10,40,4,4,5,0,0,5,0,1,1,64,1
42,42,decoder_1_K6,1,10,41,5,4,54,0,0,54,0,1,1,64,1
42,42,decoder_1_K6,1,10,42,4,5,20,0,0,20,0,1,1,64,1
42,42,decoder_1_K6,1,10,43,5,5,43,0,0,43,0,1,1,64,1
42,42,decoder_1_K6,1,11,44,4,6,44,0,0,44,0,1,1,64,1
42,42,decoder_1_K6,1,11,45,5,6,45,0,0,45,0,1,1,64,1
42,42,decoder_1_K6,1,11,46,4,7,21,0,0,21,0,1,1,64,1
42,42,decoder_1_K6,1,11,47,5,7,47,0,0,47,0,1,1,64,1
42,42,decoder_1_K6,1,15,48,6,7,48,0,0,48,0,1,1,64,1
42,42,decoder_1_K6,1,15,49,7,7,49,0,0,49,0,1,1,64,1
42,42,decoder_1_K6,1,15,50,6,6,50,0,0,50,0,1,1,64,1
42,42,decoder_1_K6,1,15,51,7,6,51,0,0,51,0,1,1,64,1
42,42,decoder_1_K6,1,14,52,6,5,52,0,0,52,0,1,1,64,1
42,42,decoder_1_K6,1,14,53,7,5,53,0,0,53,0,1,1,64,1
42,42,decoder_1_K6,1,14,54,6,4,41,0,0,41,0,1,1,64,1
42,42,decoder_1_K6,1,14,55,7,4,55,0,0,55,0,1,1,64,1
42,42,decoder_1_K6,1,13,56,6,3,56,0,0,56,0,1,1,64,1
42,42,decoder_1_K6,1,13,57,7,3,61,0,0,61,0,1,1,64,1
42,42,decoder_1_K6,1,13,58,6,2,58,0,0,58,0,1,1,64,1
42,42,decoder_1_K6,1,13,59,7,2,39,0,0,39,0,1,1,64,1
42,42,decoder_1_K6,1,12,60,6,1,34,0,0,34,0,1,1,64,1
42,42,decoder_1_K6,1,12,61,7,1,57,0,0,57,0,1,1,64,1
42,42,decoder_1_K6,1,12,62,6,0,62,0,0,62,0,1,1,64,1
42,42,decoder_1_K6,1,12,63,7,0,63,0,0,63,0,1,1,64,1
43,43,decoder_1_Kt6,1,0,0,0,0,0,0,0,0,0,1,8,8,1
43,43,decoder_1_Kt6,1,0,1,1,0,1,0,0,1,0,1,8,8,1
43,43,decoder_1_Kt6,1,0,2,0,1,2,0,0,2,0,1,8,8,1
43,43,decoder_1_Kt6,1,0,3,1,1,3,0,0,3,0,1,8,8,1
43,43,decoder_1_Kt6,1,1,4,0,2,4,0,0,4,0,1,8,8,1
43,43,decoder_1_Kt6,1,1,5,1,2,5,0,0,5,0,1,8,8,1
43,43,decoder_1_Kt6,1,1,6,0,3,6,0,0,6,0,1,8,8,1
43,43,decoder_1_Kt6,1,1,7,1,3,7,0,0,7,0,1,8,8,1
43,43,decoder_1_Kt6,1,2,8,0,4,8,0,1,0,0,1,8,8,1
43,43,decoder_1_Kt6,1,2,9,1,4,9,0,1,1,0,1,8,8,1
43,43,decoder_1_Kt6,1,2,10,0,5,10,0,1,2,0,1,8,8,1
43,43,decoder_1_Kt6,1,2,11,1,5,11,0,1,3,0,1,8,8,1
43,43,decoder_1_Kt6,1,3,12,0,6,12,0,1,4,0,1,8,8,1
43,43,decoder_1_Kt6,1,3,13,1,6,13,0,1,5,0,1,8,8,1
43,43,decoder_1_Kt6,1,3,14,0,7,14,0,1,6,0,1,8,8,1
43,43,decoder_1_Kt6,1,3,15,1,7,15,0,1,7,0,1,8,8,1
43,43,decoder_1_Kt6,1,7,16,2,7,16,0,2,0,0,1,8,8,1
43,43,decoder_1_Kt6,1,7,17,3,7,17,0,2,1,0,1,8,8,1
43,43,decoder_1_Kt6,1,7,18,2,6,18,0,2,2,0,1,8,8,1
43,43,decoder_1_Kt6,1,7,19,3,6,19,0,2,3,0,1,8,8,1
43,43,decoder_1_Kt6,1,6,20,2,5,20,0,2,4,0,1,8,8,1
43,43,decoder_1_Kt6,1,6,21,3,5,21,0,2,5,0,1,8,8,1
43,43,decoder_1_Kt6,1,6,22,2,4,22,0,2,6,0,1,8,8,1
43,43,decoder_1_Kt6,1,6,23,3,4,23,0,2,7,0,1,8,8,1
43,43,decoder_1_Kt6,1,5,24,2,3,24,0,3,0,0,1,8,8,1
43,43,decoder_1_Kt6,1,5,25,3,3,25,0,3,1,0,1,8,8,1
43,43,decoder_1_Kt6,1,5,26,2,2,26,0,3,2,0,1,8,8,1
43,43,decoder_1_Kt6,1,5,27,3,2,27,0,3,3,0,1,8,8,1
43,43,decoder_1_Kt6,1,4,28,2,1,28,0,3,4,0,1,8,8,1
43,43,decoder_1_Kt6,1,4,29,3,1,29,0,3,5,0,1,8,8,1
43,43,decoder_1_Kt6,1,4,30,2,0,30,0,3,6,0,1,8,8,1
43,43,decoder_1_Kt6,1,4,31,3,0,31,0,3,7,0,1,8,8,1
43,43,decoder_1_Kt6,1,8,32,4,0,32,0,4,0,0,1,8,8,1
43,43,decoder_1_Kt6,1,8,33,5,0,33,0,4,1,0,1,8,8,1
43,43,decoder_1_Kt6,1,8,34,4,1,34,0,4,2,0,1,8,8,1
43,43,decoder_1_Kt6,1,8,35,5,1,35,0,4,3,0,1,8,8,1
43,43,decoder_1_Kt6,1,9,36,4,2,36,0,4,4,0,1,8,8,1
43,43,decoder_1_Kt6,1,9,37,5,2,37,0,4,5,0,1,8,8,1
43,43,decoder_1_Kt6,1,9,38,4,3,38,0,4,6,0,1,8,8,1
43,43,decoder_1_Kt6,1,9,39,5,3,39,0,4,7,0,1,8,8,1
43,43,decoder_1_Kt6,1,10,40,4,4,40,0,5,0,0,1,8,8,1
43,43,decoder_1_Kt6,1,10,41,5,4,41,0,5,1,0,1,8,8,1
43,43,decoder_1_Kt6,1,10,42,4,5,42,0,5,2,0,1,8,8,1
43,43,decoder_1_Kt6,1,10,43,5,5,43,0,5,3,0,1,8,8,1
43,43,decoder_1_Kt6,1,11,44,4,6,44,0,5,4,0,1,8,8,1
43,43,decoder_1_Kt6,1,11,45,5,6,45,0,5,5,0,1,8,8,1
43,43,decoder_1_Kt6,1,11,46,4,7,46,0,5,6,0,1,8,8,1
43,43,decoder_1_Kt6,1,11,47,5,7,47,0,5,7,0,1,8,8,1
43,43,decoder_1_Kt6,1,15,48,6,7,48,0,6,0,0,1,8,8,1
43,43,decoder_1_Kt6,1,15,49,7,7,49,0,6,1,0,1,8,8,1
43,43,decoder_1_Kt6,1,15,50,6,6,50,0,6,2,0,1,8,8,1
43,43,decoder_1_Kt6,1,15,51,7,6,51,0,6,3,0,1,8,8,1
43,43,decoder_1_Kt6,1,14,52,6,5,52,0,6,4,0,1,8,8,1
43,43,decoder_1_Kt6,1,14,53,7,5,53,0,6,5,0,1,8,8,1
43,43,decoder_1_Kt6,1,14,54,6,4,54,0,6,6,0,1,8,8,1
43,43,decoder_1_Kt6,1,14,55,7,4,55,0,6,7,0,1,8,8,1
43,43,decoder_1_Kt6,1,13,56,6,3,56,0,7,0,0,1,8,8,1
43,43,decoder_1_Kt6,1,13,57,7,3,57,0,7,1,0,1,8,8,1
43,43,decoder_1_Kt6,1,13,58,6,2,58,0,7,2,0,1,8,8,1
43,43,decoder_1_Kt6,1,13,59,7,2,59,0,7,3,0,1,8,8,1
43,43,decoder_1_Kt6,1,12,60,6,1,60,0,7,4,0,1,8,8,1
43,43,decoder_1_Kt6,1,12,61,7,1,61,0,7,5,0,1,8,8,1
43,43,decoder_1_Kt6,1,12,62,6,0,62,0,7,6,0,1,8,8,1
43,43,decoder_1_Kt6,1,12,63,7,0,63,0,7,7,0,1,8,8,1
44,44,decoder_1_K7,1,0,0,0,0,0,0,0,0,0,1,1,64,1
44,44,decoder_1_K7,1,0,1,1,0,1,0,0,1,0,1,1,64,1
44,44,decoder_1_K7,1,0,2,0,1,2,0,0,2,0,1,1,64,1
44,44,decoder_1_K7,1,0,3,1,1,3,0,0,3,0,1,1,64,1
44,44,decoder_1_K7,1,1,4,0,2,4,0,0,4,0,1,1,64,1
44,44,decoder_1_K7,1,1,5,1,2,5,0,0,5,0,1,1,64,1
44,44,decoder_1_K7,1,1,6,0,3,6,0,0,6,0,1,1,64,1
44,44,decoder_1_K7,1,1,7,1,3,7,0,0,7,0,1,1,64,1
44,44,decoder_1_K7,1,2,8,0,4,8,0,0,8,0,1,1,64,1
44,44,decoder_1_K7,1,2,9,1,4,13,0,0,13,0,1,1,64,1
44,44,decoder_1_K7,1,2,10,0,5,10,0,0,10,0,1,1,64,1
44,44,decoder_1_K7,1,2,11,1,5,17,0,0,17,0,1,1,64,1
44,44,decoder_1_K7,1,3,12,0,6,12,0,0,12,0,1,1,64,1
44,44,decoder_1_K7,1,3,13,1,6,9,0,0,9,0,1,1,64,1
44,44,decoder_1_K7,1,3,14,0,7,14,0,0,14,0,1,1,64,1
44,44,decoder_1_K7,1,3,15,1,7,15,0,0,15,0,1,1,64,1
44,44,decoder_1_K7,1,7,16,2,7,16,0,0,16,0,1,1,64,1
44,44,decoder_1_K7,1,7,17,3,7,18,0,0,18,0,1,1,64,1
44,44,decoder_1_K7,1,7,18,2,6,11,0,0,11,0,1,1,64,1
44,44,decoder_1_K7,1,7,19,3,6,19,0,0,19,0,1,1,64,1
44,44,decoder_1_K7,1,6,20,2,5,20,0,0,20,0,1,1,64,1
44,44,decoder_1_K7,1,6,21,3,5,21,0,0,21,0,1,1,64,1
44,44,decoder_1_K7,1,6,22,2,4,22,0,0,22,0,1,1,64,1
44,44,decoder_1_K7,1,6,23,3,4,23,0,0,23,0,1,1,64,1
44,44,decoder_1_K7,1,5,24,2,3,24,0,0,24,0,1,1,64,1
44,44,decoder_1_K7,1,5,25,3,3,25,0,0,25,0,1,1,64,1
44,44,decoder_1_K7,1,5,26,2,2,26,0,0,26,0,1,1,64,1
44,44,decoder_1_K7,1,5,27,3,2,40,0,0,40,0,1,1,64,1
44,44,decoder_1_K7,1,4,28,2,1,28,0,0,28,0,1,1,64,1
44,44,decoder_1_K7,1,4,29,3,1,29,0,0,29,0,1,1,64,1
44,44,decoder_1_K7,1,4,30,2,0,30,0,0,30,0,1,1,64,1
44,44,decoder_1_K7,1,4,31,3,0,31,0,0,31,0,1,1,64,1
44,44,decoder_1_K7,1,8,32,4,0,32,0,0,32,0,1,1,64,1
44,44,decoder_1_K7,1,8,33,5,0,33,0,0,33,0,1,1,64,1
44,44,decoder_1_K7,1,8,34,4,1,44,0,0,44,0,1,1,64,1
44,44,decoder_1_K7,1,8,35,5,1,35,0,0,35,0,1,1,64,1
44,44,decoder_1_K7,1,9,36,4,2,36,0,0,36,0,1,1,64,1
44,44,decoder_1_K7,1,9,37,5,2,59,0,0,59,0,1,1,64,1
44,44,decoder_1_K7,1,9,38,4,3,38,0,0,38,0,1,1,64,1
44,44,decoder_1_K7,1,9,39,5,3,39,0,0,39,0,1,1,64,1
44,44,decoder_1_K7,1,10,40,4,4,27,0,0,27,0,1,1,64,1
44,44,decoder_1_K7,1,10,41,5,4,41,0,0,41,0,1,1,64,1
44,44,decoder_1_K7,1,10,42,4,5,42,0,0,42,0,1,1,64,1
44,44,decoder_1_K7,1,10,43,5,5,57,0,0,57,0,1,1,64,1
44,44,decoder_1_K7,1,11,44,4,6,34,0,0,34,0,1,1,64,1
44,44,decoder_1_K7,1,11,45,5,6,45,0,0,45,0,1,1,64,1
44,44,decoder_1_K7,1,11,46,4,7,46,0,0,46,0,1,1,64,1
44,44,decoder_1_K7,1,11,47,5,7,47,0,0,47,0,1,1,64,1
44,44,decoder_1_K7,1,15,48,6,7,48,0,0,48,0,1,1,64,1
44,44,decoder_1_K7,1,15,49,7,7,49,0,0,49,0,1,1,64,1
44,44,decoder_1_K7,1,15,50,6,6,50,0,0,50,0,1,1,64,1
44,44,decoder_1_K7,1,15,51,7,6,51,0,0,51,0,1,1,64,1
44,44,decoder_1_K7,1,14,52,6,5,52,0,0,52,0,1,1,64,1
44,44,decoder_1_K7,1,14,53,7,5,53,0,0,53,0,1,1,64,1
44,44,decoder_1_K7,1,14,54,6,4,54,0,0,54,0,1,1,64,1
44,44,decoder_1_K7,1,14,55,7,4,55,0,0,55,0,1,1,64,1
44,44,decoder_1_K7,1,13,56,6,3,56,0,0,56,0,1,1,64,1
44,44,decoder_1_K7,1,13,57,7,3,43,0,0,43,0,1,1,64,1
44,44,decoder_1_K7,1,13,58,6,2,58,0,0,58,0,1,1,64,1
44,44,decoder_1_K7,1,13,59,7,2,37,0,0,37,0,1,1,64,1
44,44,decoder_1_K7,1,12,60,6,1,60,0,0,60,0,1,1,64,1
44,44,decoder_1_K7,1,12,61,7,1,61,0,0,61,0,1,1,64,1
44,44,decoder_1_K7,1,12,62,6,0,62,0,0,62,0,1,1,64,1
44,44,decoder_1_K7,1,12,63,7,0,63,0,0,63,0,1,1,64,1
45,45,decoder_1_Kt7,1,0,0,0,0,0,0,0,0,0,1,8,8,1
45,45,decoder_1_Kt7,1,0,1,1,0,1,0,0,1,0,1,8,8,1
45,45,decoder_1_Kt7,1,0,2,0,1,2,0,0,2,0,1,8,8,1
45,45,decoder_1_Kt7,1,0,3,1,1,3,0,0,3,0,1,8,8,1
45,45,decoder_1_Kt7,1,1,4,0,2,4,0,0,4,0,1,8,8,1
45,45,decoder_1_Kt7,1,1,5,1,2,5,0,0,5,0,1,8,8,1
45,45,decoder_1_Kt7,1,1,6,0,3,6,0,0,6,0,1,8,8,1
45,45,decoder_1_Kt7,1,1,7,1,3,7,0,0,7,0,1,8,8,1
45,45,decoder_1_Kt7,1,2,8,0,4,8,0,1,0,0,1,8,8,1
45,45,decoder_1_Kt7,1,2,9,1,4,9,0,1,1,0,1,8,8,1
45,45,decoder_1_Kt7,1,2,10,0,5,10,0,1,2,0,1,8,8,1
45,45,decoder_1_Kt7,1,2,11,1,5,11,0,1,3,0,1,8,8,1
45,45,decoder_1_Kt7,1,3,12,0,6,12,0,1,4,0,1,8,8,1
45,45,decoder_1_Kt7,1,3,13,1,6,13,0,1,5,0,1,8,8,1
45,45,decoder_1_Kt7,1,3,14,0,7,14,0,1,6,0,1,8,8,1
45,45,decoder_1_Kt7,1,3,15,1,7,15,0,1,7,0,1,8,8,1
45,45,decoder_1_Kt7,1,7,16,2,7,16,0,2,0,0,1,8,8,1
45,45,decoder_1_Kt7,1,7,17,3,7,17,0,2,1,0,1,8,8,1
45,45,decoder_1_Kt7,1,7,18,2,6,18,0,2,2,0,1,8,8,1
45,45,decoder_1_Kt7,1,7,19,3,6,19,0,2,3,0,1,8,8,1
45,45,decoder_1_Kt7,1,6,20,2,5,20,0,2,4,0,1,8,8,1
45,45,decoder_1_Kt7,1,6,21,3,5,21,0,2,5,0,1,8,8,1
45,45,decoder_1_Kt7,1,6,22,2,4,22,0,2,6,0,1,8,8,1
45,45,decoder_1_Kt7,1,6,23,3,4,23,0,2,7,0,1,8,8,1
45,45,decoder_1_Kt7,1,5,24,2,3,24,0,3,0,0,1,8,8,1
45,45,decoder_1_Kt7,1,5,25,3,3,25,0,3,1,0,1,8,8,1
45,45,decoder_1_Kt7,1,5,26,2,2,26,0,3,2,0,1,8,8,1
45,45,decoder_1_Kt7,1,5,27,3,2,27,0,3,3,0,1,8,8,1
45,45,decoder_1_Kt7,1,4,28,2,1,28,0,3,4,0,1,8,8,1
45,45,decoder_1_Kt7,1,4,29,3,1,29,0,3,5,0,1,8,8,1
45,45,decoder_1_Kt7,1,4,30,2,0,30,0,3,6,0,1,8,8,1
45,45,decoder_1_Kt7,1,4,31,3,0,31,0,3,7,0,1,8,8,1
45,45,decoder_1_Kt7,1,8,32,4,0,32,0,4,0,0,1,8,8,1
45,45,decoder_1_Kt7,1,8,33,5,0,33,0,4,1,0,1,8,8,1
45,45,decoder_1_Kt7,1,8,34,4,1,34,0,4,2,0,1,8,8,1
45,45,decoder_1_Kt7,1,8,35,5,1,35,0,4,3,0,1,8,8,1
45,45,decoder_1_Kt7,1,9,36,4,2,36,0,4,4,0,1,8,8,1
45,45,decoder_1_Kt7,1,9,37,5,2,37,0,4,5,0,1,8,8,1
45,45,decoder_1_Kt7,1,9,38,4,3,38,0,4,6,0,1,8,8,1
45,45,decoder_1_Kt7,1,9,39,5,3,39,0,4,7,0,1,8,8,1
45,45,decoder_1_Kt7,1,10,40,4,4,40,0,5,0,0,1,8,8,1
45,45,decoder_1_Kt7,1,10,41,5,4,41,0,5,1,0,1,8,8,1
45,45,decoder_1_Kt7,1,10,42,4,5,42,0,5,2,0,1,8,8,1
45,45,decoder_1_Kt7,1,10,43,5,5,43,0,5,3,0,1,8,8,1
45,45,decoder_1_Kt7,1,11,44,4,6,44,0,5,4,0,1,8,8,1
45,45,decoder_1_Kt7,1,11,45,5,6,45,0,5,5,0,1,8,8,1
45,45,decoder_1_Kt7,1,11,46,4,7,46,0,5,6,0,1,8,8,1
45,45,decoder_1_Kt7,1,11,47,5,7,47,0,5,7,0,1,8,8,1
45,45,decoder_1_Kt7,1,15,48,6,7,48,0,6,0,0,1,8,8,1
45,45,decoder_1_Kt7,1,15,49,7,7,49,0,6,1,0,1,8,8,1
45,45,decoder_1_Kt7,1,15,50,6,6,50,0,6,2,0,1,8,8,1
45,45,decoder_1_Kt7,1,15,51,7,6,51,0,6,3,0,1,8,8,1
45,45,decoder_1_Kt7,1,14,52,6,5,52,0,6,4,0,1,8,8,1
45,45,decoder_1_Kt7,1,14,53,7,5,53,0,6,5,0,1,8,8,1
45,45,decoder_1_Kt7,1,14,54,6,4,54,0,6,6,0,1,8,8,1
45,45,decoder_1_Kt7,1,14,55,7,4,55,0,6,7,0,1,8,8,1
45,45,decoder_1_Kt7,1,13,56,6,3,56,0,7,0,0,1,8,8,1
45,45,decoder_1_Kt7,1,13,57,7,3,57,0,7,1,0,1,8,8,1
45,45,decoder_1_Kt7,1,13,58,6,2,58,0,7,2,0,1,8,8,1
45,45,decoder_1_Kt7,1,13,59,7,2,59,0,7,3,0,1,8,8,1
45,45,decoder_1_Kt7,1,12,60,6,1,60,0,7,4,0,1,8,8,1
45,45,decoder_1_Kt7,1,12,61,7,1,61,0,7,5,0,1,8,8,1
45,45,decoder_1_Kt7,1,12,62,6,0,62,0,7,6,0,1,8,8,1
45,45,decoder_1_Kt7,1,12,63,7,0,63,0,7,7,0,1,8,8,1
46,46,decoder_1_K,1,0,0,0,0,0,0,0,0,0,1,8,8,1
46,46,decoder_1_K,1,0,1,1,0,1,0,0,1,0,1,8,8,1
46,46,decoder_1_K,1,0,2,0,1,2,0,0,2,0,1,8,8,1
46,46,decoder_1_K,1,0,3,1,1,3,0,0,3,0,1,8,8,1
46,46,decoder_1_K,1,1,4,0,2,4,0,0,4,0,1,8,8,1
46,46,decoder_1_K,1,1,5,1,2,5,0,0,5,0,1,8,8,1
46,46,decoder_1_K,1,1,6,0,3,6,0,0,6,0,1,8,8,1
46,46,decoder_1_K,1,1,7,1,3,7,0,0,7,0,1,8,8,1
46,46,decoder_1_K,1,2,8,0,4,8,0,1,0,0,1,8,8,1
46,46,decoder_1_K,1,2,9,1,4,9,0,1,1,0,1,8,8,1
46,46,decoder_1_K,1,2,10,0,5,10,0,1,2,0,1,8,8,1
46,46,decoder_1_K,1,2,11,1,5,11,0,1,3,0,1,8,8,1
46,46,decoder_1_K,1,3,12,0,6,12,0,1,4,0,1,8,8,1
46,46,decoder_1_K,1,3,13,1,6,13,0,1,5,0,1,8,8,1
46,46,decoder_1_K,1,3,14,0,7,14,0,1,6,0,1,8,8,1
46,46,decoder_1_K,1,3,15,1,7,15,0,1,7,0,1,8,8,1
46,46,decoder_1_K,1,7,16,2,7,16,0,2,0,0,1,8,8,1
46,46,decoder_1_K,1,7,17,3,7,17,0,2,1,0,1,8,8,1
46,46,decoder_1_K,1,7,18,2,6,18,0,2,2,0,1,8,8,1
46,46,decoder_1_K,1,7,19,3,6,19,0,2,3,0,1,8,8,1
46,46,decoder_1_K,1,6,20,2,5,20,0,2,4,0,1,8,8,1
46,46,decoder_1_K,1,6,21,3,5,21,0,2,5,0,1,8,8,1
46,46,decoder_1_K,1,6,22,2,4,22,0,2,6,0,1,8,8,1
46,46,decoder_1_K,1,6,23,3,4,23,0,2,7,0,1,8,8,1
46,46,decoder_1_K,1,5,24,2,3,24,0,3,0,0,1,8,8,1
46,46,decoder_1_K,1,5,25,3,3,25,0,3,1,0,1,8,8,1
46,46,decoder_1_K,1,5,26,2,2,26,0,3,2,0,1,8,8,1
46,46,decoder_1_K,1,5,27,3,2,27,0,3,3,0,1,8,8,1
46,46,decoder_1_K,1,4,28,2,1,28,0,3,4,0,1,8,8,1
46,46,decoder_1_K,1,4,29,3,1,29,0,3,5,0,1,8,8,1
46,46,decoder_1_K,1,4,30,2,0,30,0,3,6,0,1,8,8,1
46,46,decoder_1_K,1,4,31,3,0,31,0,3,7,0,1,8,8,1
46,46,decoder_1_K,1,8,32,4,0,32,0,4,0,0,1,8,8,1
46,46,decoder_1_K,1,8,33,5,0,33,0,4,1,0,1,8,8,1
46,46,decoder_1_K,1,8,34,4,1,34,0,4,2,0,1,8,8,1
46,46,decoder_1_K,1,8,35,5,1,35,0,4,3,0,1,8,8,1
46,46,decoder_1_K,1,9,36,4,2,36,0,4,4,0,1,8,8,1
46,46,decoder_1_K,1,9,37,5,2,37,0,4,5,0,1,8,8,1
46,46,decoder_1_K,1,9,38,4,3,38,0,4,6,0,1,8,8,1
46,46,decoder_1_K,1,9,39,5,3,39,0,4,7,0,1,8,8,1
46,46,decoder_1_K,1,10,40,4,4,40,0,5,0,0,1,8,8,1
46,46,decoder_1_K,1,10,41,5,4,41,0,5,1,0,1,8,8,1
46,46,decoder_1_K,1,10,42,4,5,42,0,5,2,0,1,8,8,1
46,46,decoder_1_K,1,10,43,5,5,43,0,5,3,0,1,8,8,1
46,46,decoder_1_K,1,11,44,4,6,44,0,5,4,0,1,8,8,1
46,46,decoder_1_K,1,11,45,5,6,45,0,5,5,0,1,8,8,1
46,46,decoder_1_K,1,11,46,4,7,46,0,5,6,0,1,8,8,1
46,46,decoder_1_K,1,11,47,5,7,47,0,5,7,0,1,8,8,1
46,46,decoder_1_K,1,15,48,6,7,48,0,6,0,0,1,8,8,1
46,46,decoder_1_K,1,15,49,7,7,49,0,6,1,0,1,8,8,1
46,46,decoder_1_K,1,15,50,6,6,50,0,6,2,0,1,8,8,1
46,46,decoder_1_K,1,15,51,7,6,51,0,6,3,0,1,8,8,1
46,46,decoder_1_K,1,14,52,6,5,52,0,6,4,0,1,8,8,1
46,46,decoder_1_K,1,14,53,7,5,53,0,6,5,0,1,8,8,1
46,46,decoder_1_K,1,14,54,6,4,54,0,6,6,0,1,8,8,1
46,46,decoder_1_K,1,14,55,7,4,55,0,6,7,0,1,8,8,1
46,46,decoder_1_K,1,13,56,6,3,56,0,7,0,0,1,8,8,1
46,46,decoder_1_K,1,13,57,7,3,57,0,7,1,0,1,8,8,1
46,46,decoder_1_K,1,13,58,6,2,58,0,7,2,0,1,8,8,1
46,46,decoder_1_K,1,13,59,7,2,59,0,7,3,0,1,8,8,1
46,46,decoder_1_K,1,12,60,6,1,60,0,7,4,0,1,8,8,1
46,46,decoder_1_K,1,12,61,7,1,61,0,7,5,0,1,8,8,1
46,46,decoder_1_K,1,12,62,6,0,62,0,7,6,0,1,8,8,1
46,46,decoder_1_K,1,12,63,7,0,63,0,7,7,0,1,8,8,1
47,47,decoder_1_V,1,0,0,0,0,0,0,0,0,0,1,8,8,1
47,47,decoder_1_V,1,0,1,1,0,1,0,0,1,0,1,8,8,1
47,47,decoder_1_V,1,0,2,0,1,2,0,0,2,0,1,8,8,1
47,47,decoder_1_V,1,0,3,1,1,3,0,0,3,0,1,8,8,1
47,47,decoder_1_V,1,1,4,0,2,4,0,0,4,0,1,8,8,1
47,47,decoder_1_V,1,1,5,1,2,5,0,0,5,0,1,8,8,1
47,47,decoder_1_V,1,1,6,0,3,6,0,0,6,0,1,8,8,1
47,47,decoder_1_V,1,1,7,1,3,7,0,0,7,0,1,8,8,1
47,47,decoder_1_V,1,2,8,0,4,8,0,1,0,0,1,8,8,1
47,47,decoder_1_V,1,2,9,1,4,9,0,1,1,0,1,8,8,1
47,47,decoder_1_V,1,2,10,0,5,10,0,1,2,0,1,8,8,1
47,47,decoder_1_V,1,2,11,1,5,11,0,1,3,0,1,8,8,1
47,47,decoder_1_V,1,3,12,0,6,12,0,1,4,0,1,8,8,1
47,47,decoder_1_V,1,3,13,1,6,13,0,1,5,0,1,8,8,1
47,47,decoder_1_V,1,3,14,0,7,14,0,1,6,0,1,8,8,1
47,47,decoder_1_V,1,3,15,1,7,15,0,1,7,0,1,8,8,1
47,47,decoder_1_V,1,7,16,2,7,16,0,2,0,0,1,8,8,1
47,47,decoder_1_V,1,7,17,3,7,17,0,2,1,0,1,8,8,1
47,47,decoder_1_V,1,7,18,2,6,18,0,2,2,0,1,8,8,1
47,47,decoder_1_V,1,7,19,3,6,19,0,2,3,0,1,8,8,1
47,47,decoder_1_V,1,6,20,2,5,20,0,2,4,0,1,8,8,1
47,47,decoder_1_V,1,6,21,3,5,21,0,2,5,0,1,8,8,1
47,47,decoder_1_V,1,6,22,2,4,22,0,2,6,0,1,8,8,1
47,47,decoder_1_V,1,6,23,3,4,23,0,2,7,0,1,8,8,1
47,47,decoder_1_V,1,5,24,2,3,24,0,3,0,0,1,8,8,1
47,47,decoder_1_V,1,5,25,3,3,25,0,3,1,0,1,8,8,1
47,47,decoder_1_V,1,5,26,2,2,26,0,3,2,0,1,8,8,1
47,47,decoder_1_V,1,5,27,3,2,27,0,3,3,0,1,8,8,1
47,47,decoder_1_V,1,4,28,2,1,28,0,3,4,0,1,8,8,1
47,47,decoder_1_V,1,4,29,3,1,29,0,3,5,0,1,8,8,1
47,47,decoder_1_V,1,4,30,2,0,30,0,3,6,0,1,8,8,1
47,47,decoder_1_V,1,4,31,3,0,31,0,3,7,0,1,8,8,1
47,47,decoder_1_V,1,8,32,4,0,32,0,4,0,0,1,8,8,1
47,47,decoder_1_V,1,8,33,5,0,33,0,4,1,0,1,8,8,1
47,47,decoder_1_V,1,8,34,4,1,34,0,4,2,0,1,8,8,1
47,47,decoder_1_V,1,8,35,5,1,35,0,4,3,0,1,8,8,1
47,47,decoder_1_V,1,9,36,4,2,36,0,4,4,0,1,8,8,1
47,47,decoder_1_V,1,9,37,5,2,37,0,4,5,0,1,8,8,1
47,47,decoder_1_V,1,9,38,4,3,38,0,4,6,0,1,8,8,1
47,47,decoder_1_V,1,9,39,5,3,39,0,4,7,0,1,8,8,1
47,47,decoder_1_V,1,10,40,4,4,40,0,5,0,0,1,8,8,1
47,47,decoder_1_V,1,10,41,5,4,41,0,5,1,0,1,8,8,1
47,47,decoder_1_V,1,10,42,4,5,42,0,5,2,0,1,8,8,1
47,47,decoder_1_V,1,10,43,5,5,43,0,5,3,0,1,8,8,1
47,47,decoder_1_V,1,11,44,4,6,44,0,5,4,0,1,8,8,1
47,47,decoder_1_V,1,11,45,5,6,45,0,5,5,0,1,8,8,1
47,47,decoder_1_V,1,11,46,4,7,46,0,5,6,0,1,8,8,1
47,47,decoder_1_V,1,11,47,5,7,47,0,5,7,0,1,8,8,1
47,47,decoder_1_V,1,15,48,6,7,48,0,6,0,0,1,8,8,1
47,47,decoder_1_V,1,15,49,7,7,49,0,6,1,0,1,8,8,1
47,47,decoder_1_V,1,15,50,6,6,50,0,6,2,0,1,8,8,1
47,47,decoder_1_V,1,15,51,7,6,51,0,6,3,0,1,8,8,1
47,47,decoder_1_V,1,14,52,6,5,52,0,6,4,0,1,8,8,1
47,47,decoder_1_V,1,14,53,7,5,53,0,6,5,0,1,8,8,1
47,47,decoder_1_V,1,14,54,6,4,54,0,6,6,0,1,8,8,1
47,47,decoder_1_V,1,14,55,7,4,55,0,6,7,0,1,8,8,1
47,47,decoder_1_V,1,13,56,6,3,56,0,7,0,0,1,8,8,1
47,47,decoder_1_V,1,13,57,7,3,57,0,7,1,0,1,8,8,1
47,47,decoder_1_V,1,13,58,6,2,58,0,7,2,0,1,8,8,1
47,47,decoder_1_V,1,13,59,7,2,59,0,7,3,0,1,8,8,1
47,47,decoder_1_V,1,12,60,6,1,60,0,7,4,0,1,8,8,1
47,47,decoder_1_V,1,12,61,7,1,61,0,7,5,0,1,8,8,1
47,47,decoder_1_V,1,12,62,6,0,62,0,7,6,0,1,8,8,1
47,47,decoder_1_V,1,12,63,7,0,63,0,7,7,0,1,8,8,1
48,48,decoder_1_QK,1,0,0,0,0,0,0,0,0,0,1,8,8,1
48,48,decoder_1_QK,1,0,1,1,0,1,0,0,1,0,1,8,8,1
48,48,decoder_1_QK,1,0,2,0,1,2,0,0,2,0,1,8,8,1
48,48,decoder_1_QK,1,0,3,1,1,3,0,0,3,0,1,8,8,1
48,48,decoder_1_QK,1,1,4,0,2,4,0,0,4,0,1,8,8,1
48,48,decoder_1_QK,1,1,5,1,2,5,0,0,5,0,1,8,8,1
48,48,decoder_1_QK,1,1,6,0,3,6,0,0,6,0,1,8,8,1
48,48,decoder_1_QK,1,1,7,1,3,7,0,0,7,0,1,8,8,1
48,48,decoder_1_QK,1,2,8,0,4,8,0,1,0,0,1,8,8,1
48,48,decoder_1_QK,1,2,9,1,4,9,0,1,1,0,1,8,8,1
48,48,decoder_1_QK,1,2,10,0,5,10,0,1,2,0,1,8,8,1
48,48,decoder_1_QK,1,2,11,1,5,11,0,1,3,0,1,8,8,1
48,48,decoder_1_QK,1,3,12,0,6,12,0,1,4,0,1,8,8,1
48,48,decoder_1_QK,1,3,13,1,6,13,0,1,5,0,1,8,8,1
48,48,decoder_1_QK,1,3,14,0,7,14,0,1,6,0,1,8,8,1
48,48,decoder_1_QK,1,3,15,1,7,15,0,1,7,0,1,8,8,1
48,48,decoder_1_QK,1,7,16,2,7,16,0,2,0,0,1,8,8,1
48,48,decoder_1_QK,1,7,17,3,7,17,0,2,1,0,1,8,8,1
48,48,decoder_1_QK,1,7,18,2,6,18,0,2,2,0,1,8,8,1
48,48,decoder_1_QK,1,7,19,3,6,19,0,2,3,0,1,8,8,1
48,48,decoder_1_QK,1,6,20,2,5,20,0,2,4,0,1,8,8,1
48,48,decoder_1_QK,1,6,21,3,5,21,0,2,5,0,1,8,8,1
48,48,decoder_1_QK,1,6,22,2,4,22,0,2,6,0,1,8,8,1
48,48,decoder_1_QK,1,6,23,3,4,23,0,2,7,0,1,8,8,1
48,48,decoder_1_QK,1,5,24,2,3,24,0,3,0,0,1,8,8,1
48,48,decoder_1_QK,1,5,25,3,3,25,0,3,1,0,1,8,8,1
48,48,decoder_1_QK,1,5,26,2,2,26,0,3,2,0,1,8,8,1
48,48,decoder_1_QK,1,5,27,3,2,27,0,3,3,0,1,8,8,1
48,48,decoder_1_QK,1,4,28,2,1,28,0,3,4,0,1,8,8,1
48,48,decoder_1_QK,1,4,29,3,1,29,0,3,5,0,1,8,8,1
48,48,decoder_1_QK,1,4,30,2,0,30,0,3,6,0,1,8,8,1
48,48,decoder_1_QK,1,4,31,3,0,31,0,3,7,0,1,8,8,1
48,48,decoder_1_QK,1,8,32,4,0,32,0,4,0,0,1,8,8,1
48,48,decoder_1_QK,1,8,33,5,0,33,0,4,1,0,1,8,8,1
48,48,decoder_1_QK,1,8,34,4,1,34,0,4,2,0,1,8,8,1
48,48,decoder_1_QK,1,8,35,5,1,35,0,4,3,0,1,8,8,1
48,48,decoder_1_QK,1,9,36,4,2,36,0,4,4,0,1,8,8,1
48,48,decoder_1_QK,1,9,37,5,2,37,0,4,5,0,1,8,8,1
48,48,decoder_1_QK,1,9,38,4,3,38,0,4,6,0,1,8,8,1
48,48,decoder_1_QK,1,9,39,5,3,39,0,4,7,0,1,8,8,1
48,48,decoder_1_QK,1,10,40,4,4,40,0,5,0,0,1,8,8,1
48,48,decoder_1_QK,1,10,41,5,4,41,0,5,1,0,1,8,8,1
48,48,decoder_1_QK,1,10,42,4,5,42,0,5,2,0,1,8,8,1
48,48,decoder_1_QK,1,10,43,5,5,43,0,5,3,0,1,8,8,1
48,48,decoder_1_QK,1,11,44,4,6,44,0,5,4,0,1,8,8,1
48,48,decoder_1_QK,1,11,45,5,6,45,0,5,5,0,1,8,8,1
48,48,decoder_1_QK,1,11,46,4,7,46,0,5,6,0,1,8,8,1
48,48,decoder_1_QK,1,11,47,5,7,47,0,5,7,0,1,8,8,1
48,48,decoder_1_QK,1,15,48,6,7,48,0,6,0,0,1,8,8,1
48,48,decoder_1_QK,1,15,49,7,7,49,0,6,1,0,1,8,8,1
48,48,decoder_1_QK,1,15,50,6,6,50,0,6,2,0,1,8,8,1
48,48,decoder_1_QK,1,15,51,7,6,51,0,6,3,0,1,8,8,1
48,48,decoder_1_QK,1,14,52,6,5,52,0,6,4,0,1,8,8,1
48,48,decoder_1_QK,1,14,53,7,5,53,0,6,5,0,1,8,8,1
48,48,decoder_1_QK,1,14,54,6,4,54,0,6,6,0,1,8,8,1
48,48,decoder_1_QK,1,14,55,7,4,55,0,6,7,0,1,8,8,1
48,48,decoder_1_QK,1,13,56,6,3,56,0,7,0,0,1,8,8,1
48,48,decoder_1_QK,1,13,57,7,3,57,0,7,1,0,1,8,8,1
48,48,decoder_1_QK,1,13,58,6,2,58,0,7,2,0,1,8,8,1
48,48,decoder_1_QK,1,13,59,7,2,59,0,7,3,0,1,8,8,1
48,48,decoder_1_QK,1,12,60,6,1,60,0,7,4,0,1,8,8,1
48,48,decoder_1_QK,1,12,61,7,1,61,0,7,5,0,1,8,8,1
48,48,decoder_1_QK,1,12,62,6,0,62,0,7,6,0,1,8,8,1
48,48,decoder_1_QK,1,12,63,7,0,63,0,7,7,0,1,8,8,1
49,49,decoder_1_QK_elt,1,0,0,0,0,0,0,0,0,0,1,8,8,1
49,49,decoder_1_QK_elt,1,0,1,1,0,1,0,0,1,0,1,8,8,1
49,49,decoder_1_QK_elt,1,0,2,0,1,2,0,0,2,0,1,8,8,1
49,49,decoder_1_QK_elt,1,0,3,1,1,3,0,0,3,0,1,8,8,1
49,49,decoder_1_QK_elt,1,1,4,0,2,4,0,0,4,0,1,8,8,1
49,49,decoder_1_QK_elt,1,1,5,1,2,5,0,0,5,0,1,8,8,1
49,49,decoder_1_QK_elt,1,1,6,0,3,6,0,0,6,0,1,8,8,1
49,49,decoder_1_QK_elt,1,1,7,1,3,7,0,0,7,0,1,8,8,1
49,49,decoder_1_QK_elt,1,2,8,0,4,8,0,1,0,0,1,8,8,1
49,49,decoder_1_QK_elt,1,2,9,1,4,9,0,1,1,0,1,8,8,1
49,49,decoder_1_QK_elt,1,2,10,0,5,10,0,1,2,0,1,8,8,1
49,49,decoder_1_QK_elt,1,2,11,1,5,11,0,1,3,0,1,8,8,1
49,49,decoder_1_QK_elt,1,3,12,0,6,12,0,1,4,0,1,8,8,1
49,49,decoder_1_QK_elt,1,3,13,1,6,13,0,1,5,0,1,8,8,1
49,49,decoder_1_QK_elt,1,3,14,0,7,14,0,1,6,0,1,8,8,1
49,49,decoder_1_QK_elt,1,3,15,1,7,15,0,1,7,0,1,8,8,1
49,49,decoder_1_QK_elt,1,7,16,2,7,16,0,2,0,0,1,8,8,1
49,49,decoder_1_QK_elt,1,7,17,3,7,17,0,2,1,0,1,8,8,1
49,49,decoder_1_QK_elt,1,7,18,2,6,18,0,2,2,0,1,8,8,1
49,49,decoder_1_QK_elt,1,7,19,3,6,19,0,2,3,0,1,8,8,1
49,49,decoder_1_QK_elt,1,6,20,2,5,20,0,2,4,0,1,8,8,1
49,49,decoder_1_QK_elt,1,6,21,3,5,21,0,2,5,0,1,8,8,1
49,49,decoder_1_QK_elt,1,6,22,2,4,22,0,2,6,0,1,8,8,1
49,49,decoder_1_QK_elt,1,6,23,3,4,23,0,2,7,0,1,8,8,1
49,49,decoder_1_QK_elt,1,5,24,2,3,24,0,3,0,0,1,8,8,1
49,49,decoder_1_QK_elt,1,5,25,3,3,25,0,3,1,0,1,8,8,1
49,49,decoder_1_QK_elt,1,5,26,2,2,26,0,3,2,0,1,8,8,1
49,49,decoder_1_QK_elt,1,5,27,3,2,27,0,3,3,0,1,8,8,1
49,49,decoder_1_QK_elt,1,4,28,2,1,28,0,3,4,0,1,8,8,1
49,49,decoder_1_QK_elt,1,4,29,3,1,29,0,3,5,0,1,8,8,1
49,49,decoder_1_QK_elt,1,4,30,2,0,30,0,3,6,0,1,8,8,1
49,49,decoder_1_QK_elt,1,4,31,3,0,31,0,3,7,0,1,8,8,1
49,49,decoder_1_QK_elt,1,8,32,4,0,32,0,4,0,0,1,8,8,1
49,49,decoder_1_QK_elt,1,8,33,5,0,33,0,4,1,0,1,8,8,1
49,49,decoder_1_QK_elt,1,8,34,4,1,34,0,4,2,0,1,8,8,1
49,49,decoder_1_QK_elt,1,8,35,5,1,35,0,4,3,0,1,8,8,1
49,49,decoder_1_QK_elt,1,9,36,4,2,36,0,4,4,0,1,8,8,1
49,49,decoder_1_QK_elt,1,9,37,5,2,37,0,4,5,0,1,8,8,1
49,49,decoder_1_QK_elt,1,9,38,4,3,38,0,4,6,0,1,8,8,1
49,49,decoder_1_QK_elt,1,9,39,5,3,39,0,4,7,0,1,8,8,1
49,49,decoder_1_QK_elt,1,10,40,4,4,40,0,5,0,0,1,8,8,1
49,49,decoder_1_QK_elt,1,10,41,5,4,41,0,5,1,0,1,8,8,1
49,49,decoder_1_QK_elt,1,10,42,4,5,42,0,5,2,0,1,8,8,1
49,49,decoder_1_QK_elt,1,10,43,5,5,43,0,5,3,0,1,8,8,1
49,49,decoder_1_QK_elt,1,11,44,4,6,44,0,5,4,0,1,8,8,1
49,49,decoder_1_QK_elt,1,11,45,5,6,45,0,5,5,0,1,8,8,1
49,49,decoder_1_QK_elt,1,11,46,4,7,46,0,5,6,0,1,8,8,1
49,49,decoder_1_QK_elt,1,11,47,5,7,47,0,5,7,0,1,8,8,1
49,49,decoder_1_QK_elt,1,15,48,6,7,48,0,6,0,0,1,8,8,1
49,49,decoder_1_QK_elt,1,15,49,7,7,49,0,6,1,0,1,8,8,1
49,49,decoder_1_QK_elt,1,15,50,6,6,50,0,6,2,0,1,8,8,1
49,49,decoder_1_QK_elt,1,15,51,7,6,51,0,6,3,0,1,8,8,1
49,49,decoder_1_QK_elt,1,14,52,6,5,52,0,6,4,0,1,8,8,1
49,49,decoder_1_QK_elt,1,14,53,7,5,53,0,6,5,0,1,8,8,1
49,49,decoder_1_QK_elt,1,14,54,6,4,54,0,6,6,0,1,8,8,1
49,49,decoder_1_QK_elt,1,14,55,7,4,55,0,6,7,0,1,8,8,1
49,49,decoder_1_QK_elt,1,13,56,6,3,56,0,7,0,0,1,8,8,1
49,49,decoder_1_QK_elt,1,13,57,7,3,57,0,7,1,0,1,8,8,1
49,49,decoder_1_QK_elt,1,13,58,6,2,58,0,7,2,0,1,8,8,1
49,49,decoder_1_QK_elt,1,13,59,7,2,59,0,7,3,0,1,8,8,1
49,49,decoder_1_QK_elt,1,12,60,6,1,60,0,7,4,0,1,8,8,1
49,49,decoder_1_QK_elt,1,12,61,7,1,61,0,7,5,0,1,8,8,1
49,49,decoder_1_QK_elt,1,12,62,6,0,62,0,7,6,0,1,8,8,1
49,49,decoder_1_QK_elt,1,12,63,7,0,63,0,7,7,0,1,8,8,1
50,50,decoder_1_QKV,1,0,0,0,0,0,0,0,0,0,1,8,8,1
50,50,decoder_1_QKV,1,0,1,1,0,1,0,0,1,0,1,8,8,1
50,50,decoder_1_QKV,1,0,2,0,1,2,0,0,2,0,1,8,8,1
50,50,decoder_1_QKV,1,0,3,1,1,3,0,0,3,0,1,8,8,1
50,50,decoder_1_QKV,1,1,4,0,2,4,0,0,4,0,1,8,8,1
50,50,decoder_1_QKV,1,1,5,1,2,5,0,0,5,0,1,8,8,1
50,50,decoder_1_QKV,1,1,6,0,3,6,0,0,6,0,1,8,8,1
50,50,decoder_1_QKV,1,1,7,1,3,7,0,0,7,0,1,8,8,1
50,50,decoder_1_QKV,1,2,8,0,4,8,0,1,0,0,1,8,8,1
50,50,decoder_1_QKV,1,2,9,1,4,9,0,1,1,0,1,8,8,1
50,50,decoder_1_QKV,1,2,10,0,5,10,0,1,2,0,1,8,8,1
50,50,decoder_1_QKV,1,2,11,1,5,11,0,1,3,0,1,8,8,1
50,50,decoder_1_QKV,1,3,12,0,6,12,0,1,4,0,1,8,8,1
50,50,decoder_1_QKV,1,3,13,1,6,13,0,1,5,0,1,8,8,1
50,50,decoder_1_QKV,1,3,14,0,7,14,0,1,6,0,1,8,8,1
50,50,decoder_1_QKV,1,3,15,1,7,15,0,1,7,0,1,8,8,1
50,50,decoder_1_QKV,1,7,16,2,7,16,0,2,0,0,1,8,8,1
50,50,decoder_1_QKV,1,7,17,3,7,17,0,2,1,0,1,8,8,1
50,50,decoder_1_QKV,1,7,18,2,6,18,0,2,2,0,1,8,8,1
50,50,decoder_1_QKV,1,7,19,3,6,19,0,2,3,0,1,8,8,1
50,50,decoder_1_QKV,1,6,20,2,5,20,0,2,4,0,1,8,8,1
50,50,decoder_1_QKV,1,6,21,3,5,21,0,2,5,0,1,8,8,1
50,50,decoder_1_QKV,1,6,22,2,4,22,0,2,6,0,1,8,8,1
50,50,decoder_1_QKV,1,6,23,3,4,23,0,2,7,0,1,8,8,1
50,50,decoder_1_QKV,1,5,24,2,3,24,0,3,0,0,1,8,8,1
50,50,decoder_1_QKV,1,5,25,3,3,25,0,3,1,0,1,8,8,1
50,50,decoder_1_QKV,1,5,26,2,2,26,0,3,2,0,1,8,8,1
50,50,decoder_1_QKV,1,5,27,3,2,27,0,3,3,0,1,8,8,1
50,50,decoder_1_QKV,1,4,28,2,1,28,0,3,4,0,1,8,8,1
50,50,decoder_1_QKV,1,4,29,3,1,29,0,3,5,0,1,8,8,1
50,50,decoder_1_QKV,1,4,30,2,0,30,0,3,6,0,1,8,8,1
50,50,decoder_1_QKV,1,4,31,3,0,31,0,3,7,0,1,8,8,1
50,50,decoder_1_QKV,1,8,32,4,0,32,0,4,0,0,1,8,8,1
50,50,decoder_1_QKV,1,8,33,5,0,33,0,4,1,0,1,8,8,1
50,50,decoder_1_QKV,1,8,34,4,1,34,0,4,2,0,1,8,8,1
50,50,decoder_1_QKV,1,8,35,5,1,35,0,4,3,0,1,8,8,1
50,50,decoder_1_QKV,1,9,36,4,2,36,0,4,4,0,1,8,8,1
50,50,decoder_1_QKV,1,9,37,5,2,37,0,4,5,0,1,8,8,1
50,50,decoder_1_QKV,1,9,38,4,3,38,0,4,6,0,1,8,8,1
50,50,decoder_1_QKV,1,9,39,5,3,39,0,4,7,0,1,8,8,1
50,50,decoder_1_QKV,1,10,40,4,4,40,0,5,0,0,1,8,8,1
50,50,decoder_1_QKV,1,10,41,5,4,41,0,5,1,0,1,8,8,1
50,50,decoder_1_QKV,1,10,42,4,5,42,0,5,2,0,1,8,8,1
50,50,decoder_1_QKV,1,10,43,5,5,43,0,5,3,0,1,8,8,1
50,50,decoder_1_QKV,1,11,44,4,6,44,0,5,4,0,1,8,8,1
50,50,decoder_1_QKV,1,11,45,5,6,45,0,5,5,0,1,8,8,1
50,50,decoder_1_QKV,1,11,46,4,7,46,0,5,6,0,1,8,8,1
50,50,decoder_1_QKV,1,11,47,5,7,47,0,5,7,0,1,8,8,1
50,50,decoder_1_QKV,1,15,48,6,7,48,0,6,0,0,1,8,8,1
50,50,decoder_1_QKV,1,15,49,7,7,49,0,6,1,0,1,8,8,1
50,50,decoder_1_QKV,1,15,50,6,6,50,0,6,2,0,1,8,8,1
50,50,decoder_1_QKV,1,15,51,7,6,51,0,6,3,0,1,8,8,1
50,50,decoder_1_QKV,1,14,52,6,5,52,0,6,4,0,1,8,8,1
50,50,decoder_1_QKV,1,14,53,7,5,53,0,6,5,0,1,8,8,1
50,50,decoder_1_QKV,1,14,54,6,4,54,0,6,6,0,1,8,8,1
50,50,decoder_1_QKV,1,14,55,7,4,55,0,6,7,0,1,8,8,1
50,50,decoder_1_QKV,1,13,56,6,3,56,0,7,0,0,1,8,8,1
50,50,decoder_1_QKV,1,13,57,7,3,57,0,7,1,0,1,8,8,1
50,50,decoder_1_QKV,1,13,58,6,2,58,0,7,2,0,1,8,8,1
50,50,decoder_1_QKV,1,13,59,7,2,59,0,7,3,0,1,8,8,1
50,50,decoder_1_QKV,1,12,60,6,1,60,0,7,4,0,1,8,8,1
50,50,decoder_1_QKV,1,12,61,7,1,61,0,7,5,0,1,8,8,1
50,50,decoder_1_QKV,1,12,62,6,0,62,0,7,6,0,1,8,8,1
50,50,decoder_1_QKV,1,12,63,7,0,63,0,7,7,0,1,8,8,1
51,51,decoder_1_FC,1,0,0,0,0,0,0,0,0,0,1,8,8,1
51,51,decoder_1_FC,1,0,1,1,0,1,0,0,1,0,1,8,8,1
51,51,decoder_1_FC,1,0,2,0,1,2,0,0,2,0,1,8,8,1
51,51,decoder_1_FC,1,0,3,1,1,3,0,0,3,0,1,8,8,1
51,51,decoder_1_FC,1,1,4,0,2,4,0,0,4,0,1,8,8,1
51,51,decoder_1_FC,1,1,5,1,2,5,0,0,5,0,1,8,8,1
51,51,decoder_1_FC,1,1,6,0,3,6,0,0,6,0,1,8,8,1
51,51,decoder_1_FC,1,1,7,1,3,7,0,0,7,0,1,8,8,1
51,51,decoder_1_FC,1,2,8,0,4,8,0,1,0,0,1,8,8,1
51,51,decoder_1_FC,1,2,9,1,4,9,0,1,1,0,1,8,8,1
51,51,decoder_1_FC,1,2,10,0,5,10,0,1,2,0,1,8,8,1
51,51,decoder_1_FC,1,2,11,1,5,11,0,1,3,0,1,8,8,1
51,51,decoder_1_FC,1,3,12,0,6,12,0,1,4,0,1,8,8,1
51,51,decoder_1_FC,1,3,13,1,6,13,0,1,5,0,1,8,8,1
51,51,decoder_1_FC,1,3,14,0,7,14,0,1,6,0,1,8,8,1
51,51,decoder_1_FC,1,3,15,1,7,15,0,1,7,0,1,8,8,1
51,51,decoder_1_FC,1,7,16,2,7,16,0,2,0,0,1,8,8,1
51,51,decoder_1_FC,1,7,17,3,7,17,0,2,1,0,1,8,8,1
51,51,decoder_1_FC,1,7,18,2,6,18,0,2,2,0,1,8,8,1
51,51,decoder_1_FC,1,7,19,3,6,19,0,2,3,0,1,8,8,1
51,51,decoder_1_FC,1,6,20,2,5,20,0,2,4,0,1,8,8,1
51,51,decoder_1_FC,1,6,21,3,5,21,0,2,5,0,1,8,8,1
51,51,decoder_1_FC,1,6,22,2,4,22,0,2,6,0,1,8,8,1
51,51,decoder_1_FC,1,6,23,3,4,23,0,2,7,0,1,8,8,1
51,51,decoder_1_FC,1,5,24,2,3,24,0,3,0,0,1,8,8,1
51,51,decoder_1_FC,1,5,25,3,3,25,0,3,1,0,1,8,8,1
51,51,decoder_1_FC,1,5,26,2,2,26,0,3,2,0,1,8,8,1
51,51,decoder_1_FC,1,5,27,3,2,27,0,3,3,0,1,8,8,1
51,51,decoder_1_FC,1,4,28,2,1,28,0,3,4,0,1,8,8,1
51,51,decoder_1_FC,1,4,29,3,1,29,0,3,5,0,1,8,8,1
51,51,decoder_1_FC,1,4,30,2,0,30,0,3,6,0,1,8,8,1
51,51,decoder_1_FC,1,4,31,3,0,31,0,3,7,0,1,8,8,1
51,51,decoder_1_FC,1,8,32,4,0,32,0,4,0,0,1,8,8,1
51,51,decoder_1_FC,1,8,33,5,0,33,0,4,1,0,1,8,8,1
51,51,decoder_1_FC,1,8,34,4,1,34,0,4,2,0,1,8,8,1
51,51,decoder_1_FC,1,8,35,5,1,35,0,4,3,0,1,8,8,1
51,51,decoder_1_FC,1,9,36,4,2,36,0,4,4,0,1,8,8,1
51,51,decoder_1_FC,1,9,37,5,2,37,0,4,5,0,1,8,8,1
51,51,decoder_1_FC,1,9,38,4,3,38,0,4,6,0,1,8,8,1
51,51,decoder_1_FC,1,9,39,5,3,39,0,4,7,0,1,8,8,1
51,51,decoder_1_FC,1,10,40,4,4,40,0,5,0,0,1,8,8,1
51,51,decoder_1_FC,1,10,41,5,4,41,0,5,1,0,1,8,8,1
51,51,decoder_1_FC,1,10,42,4,5,42,0,5,2,0,1,8,8,1
51,51,decoder_1_FC,1,10,43,5,5,43,0,5,3,0,1,8,8,1
51,51,decoder_1_FC,1,11,44,4,6,44,0,5,4,0,1,8,8,1
51,51,decoder_1_FC,1,11,45,5,6,45,0,5,5,0,1,8,8,1
51,51,decoder_1_FC,1,11,46,4,7,46,0,5,6,0,1,8,8,1
51,51,decoder_1_FC,1,11,47,5,7,47,0,5,7,0,1,8,8,1
51,51,decoder_1_FC,1,15,48,6,7,48,0,6,0,0,1,8,8,1
51,51,decoder_1_FC,1,15,49,7,7,49,0,6,1,0,1,8,8,1
51,51,decoder_1_FC,1,15,50,6,6,50,0,6,2,0,1,8,8,1
51,51,decoder_1_FC,1,15,51,7,6,51,0,6,3,0,1,8,8,1
51,51,decoder_1_FC,1,14,52,6,5,52,0,6,4,0,1,8,8,1
51,51,decoder_1_FC,1,14,53,7,5,53,0,6,5,0,1,8,8,1
51,51,decoder_1_FC,1,14,54,6,4,54,0,6,6,0,1,8,8,1
51,51,decoder_1_FC,1,14,55,7,4,55,0,6,7,0,1,8,8,1
51,51,decoder_1_FC,1,13,56,6,3,56,0,7,0,0,1,8,8,1
51,51,decoder_1_FC,1,13,57,7,3,57,0,7,1,0,1,8,8,1
51,51,decoder_1_FC,1,13,58,6,2,58,0,7,2,0,1,8,8,1
51,51,decoder_1_FC,1,13,59,7,2,59,0,7,3,0,1,8,8,1
51,51,decoder_1_FC,1,12,60,6,1,60,0,7,4,0,1,8,8,1
51,51,decoder_1_FC,1,12,61,7,1,61,0,7,5,0,1,8,8,1
51,51,decoder_1_FC,1,12,62,6,0,62,0,7,6,0,1,8,8,1
51,51,decoder_1_FC,1,12,63,7,0,63,0,7,7,0,1,8,8,1
52,52,decoder_elt1,1,0,0,0,0,0,0,0,0,0,1,8,8,1
52,52,decoder_elt1,1,0,1,1,0,1,0,0,1,0,1,8,8,1
52,52,decoder_elt1,1,0,2,0,1,2,0,0,2,0,1,8,8,1
52,52,decoder_elt1,1,0,3,1,1,3,0,0,3,0,1,8,8,1
52,52,decoder_elt1,1,1,4,0,2,4,0,0,4,0,1,8,8,1
52,52,decoder_elt1,1,1,5,1,2,5,0,0,5,0,1,8,8,1
52,52,decoder_elt1,1,1,6,0,3,6,0,0,6,0,1,8,8,1
52,52,decoder_elt1,1,1,7,1,3,7,0,0,7,0,1,8,8,1
52,52,decoder_elt1,1,2,8,0,4,8,0,1,0,0,1,8,8,1
52,52,decoder_elt1,1,2,9,1,4,9,0,1,1,0,1,8,8,1
52,52,decoder_elt1,1,2,10,0,5,10,0,1,2,0,1,8,8,1
52,52,decoder_elt1,1,2,11,1,5,11,0,1,3,0,1,8,8,1
52,52,decoder_elt1,1,3,12,0,6,12,0,1,4,0,1,8,8,1
52,52,decoder_elt1,1,3,13,1,6,13,0,1,5,0,1,8,8,1
52,52,decoder_elt1,1,3,14,0,7,14,0,1,6,0,1,8,8,1
52,52,decoder_elt1,1,3,15,1,7,15,0,1,7,0,1,8,8,1
52,52,decoder_elt1,1,7,16,2,7,16,0,2,0,0,1,8,8,1
52,52,decoder_elt1,1,7,17,3,7,17,0,2,1,0,1,8,8,1
52,52,decoder_elt1,1,7,18,2,6,18,0,2,2,0,1,8,8,1
52,52,decoder_elt1,1,7,19,3,6,19,0,2,3,0,1,8,8,1
52,52,decoder_elt1,1,6,20,2,5,20,0,2,4,0,1,8,8,1
52,52,decoder_elt1,1,6,21,3,5,21,0,2,5,0,1,8,8,1
52,52,decoder_elt1,1,6,22,2,4,22,0,2,6,0,1,8,8,1
52,52,decoder_elt1,1,6,23,3,4,23,0,2,7,0,1,8,8,1
52,52,decoder_elt1,1,5,24,2,3,24,0,3,0,0,1,8,8,1
52,52,decoder_elt1,1,5,25,3,3,25,0,3,1,0,1,8,8,1
52,52,decoder_elt1,1,5,26,2,2,26,0,3,2,0,1,8,8,1
52,52,decoder_elt1,1,5,27,3,2,27,0,3,3,0,1,8,8,1
52,52,decoder_elt1,1,4,28,2,1,28,0,3,4,0,1,8,8,1
52,52,decoder_elt1,1,4,29,3,1,29,0,3,5,0,1,8,8,1
52,52,decoder_elt1,1,4,30,2,0,30,0,3,6,0,1,8,8,1
52,52,decoder_elt1,1,4,31,3,0,31,0,3,7,0,1,8,8,1
52,52,decoder_elt1,1,8,32,4,0,32,0,4,0,0,1,8,8,1
52,52,decoder_elt1,1,8,33,5,0,33,0,4,1,0,1,8,8,1
52,52,decoder_elt1,1,8,34,4,1,34,0,4,2,0,1,8,8,1
52,52,decoder_elt1,1,8,35,5,1,35,0,4,3,0,1,8,8,1
52,52,decoder_elt1,1,9,36,4,2,36,0,4,4,0,1,8,8,1
52,52,decoder_elt1,1,9,37,5,2,37,0,4,5,0,1,8,8,1
52,52,decoder_elt1,1,9,38,4,3,38,0,4,6,0,1,8,8,1
52,52,decoder_elt1,1,9,39,5,3,39,0,4,7,0,1,8,8,1
52,52,decoder_elt1,1,10,40,4,4,40,0,5,0,0,1,8,8,1
52,52,decoder_elt1,1,10,41,5,4,41,0,5,1,0,1,8,8,1
52,52,decoder_elt1,1,10,42,4,5,42,0,5,2,0,1,8,8,1
52,52,decoder_elt1,1,10,43,5,5,43,0,5,3,0,1,8,8,1
52,52,decoder_elt1,1,11,44,4,6,44,0,5,4,0,1,8,8,1
52,52,decoder_elt1,1,11,45,5,6,45,0,5,5,0,1,8,8,1
52,52,decoder_elt1,1,11,46,4,7,46,0,5,6,0,1,8,8,1
52,52,decoder_elt1,1,11,47,5,7,47,0,5,7,0,1,8,8,1
52,52,decoder_elt1,1,15,48,6,7,48,0,6,0,0,1,8,8,1
52,52,decoder_elt1,1,15,49,7,7,49,0,6,1,0,1,8,8,1
52,52,decoder_elt1,1,15,50,6,6,50,0,6,2,0,1,8,8,1
52,52,decoder_elt1,1,15,51,7,6,51,0,6,3,0,1,8,8,1
52,52,decoder_elt1,1,14,52,6,5,52,0,6,4,0,1,8,8,1
52,52,decoder_elt1,1,14,53,7,5,53,0,6,5,0,1,8,8,1
52,52,decoder_elt1,1,14,54,6,4,54,0,6,6,0,1,8,8,1
52,52,decoder_elt1,1,14,55,7,4,55,0,6,7,0,1,8,8,1
52,52,decoder_elt1,1,13,56,6,3,56,0,7,0,0,1,8,8,1
52,52,decoder_elt1,1,13,57,7,3,57,0,7,1,0,1,8,8,1
52,52,decoder_elt1,1,13,58,6,2,58,0,7,2,0,1,8,8,1
52,52,decoder_elt1,1,13,59,7,2,59,0,7,3,0,1,8,8,1
52,52,decoder_elt1,1,12,60,6,1,60,0,7,4,0,1,8,8,1
52,52,decoder_elt1,1,12,61,7,1,61,0,7,5,0,1,8,8,1
52,52,decoder_elt1,1,12,62,6,0,62,0,7,6,0,1,8,8,1
52,52,decoder_elt1,1,12,63,7,0,63,0,7,7,0,1,8,8,1
53,53,decoder_2_Q,1,0,0,0,0,0,0,0,0,0,1,8,8,1
53,53,decoder_2_Q,1,0,1,1,0,1,0,0,1,0,1,8,8,1
53,53,decoder_2_Q,1,0,2,0,1,2,0,0,2,0,1,8,8,1
53,53,decoder_2_Q,1,0,3,1,1,3,0,0,3,0,1,8,8,1
53,53,decoder_2_Q,1,1,4,0,2,4,0,0,4,0,1,8,8,1
53,53,decoder_2_Q,1,1,5,1,2,5,0,0,5,0,1,8,8,1
53,53,decoder_2_Q,1,1,6,0,3,6,0,0,6,0,1,8,8,1
53,53,decoder_2_Q,1,1,7,1,3,7,0,0,7,0,1,8,8,1
53,53,decoder_2_Q,1,2,8,0,4,8,0,1,0,0,1,8,8,1
53,53,decoder_2_Q,1,2,9,1,4,9,0,1,1,0,1,8,8,1
53,53,decoder_2_Q,1,2,10,0,5,10,0,1,2,0,1,8,8,1
53,53,decoder_2_Q,1,2,11,1,5,11,0,1,3,0,1,8,8,1
53,53,decoder_2_Q,1,3,12,0,6,12,0,1,4,0,1,8,8,1
53,53,decoder_2_Q,1,3,13,1,6,13,0,1,5,0,1,8,8,1
53,53,decoder_2_Q,1,3,14,0,7,14,0,1,6,0,1,8,8,1
53,53,decoder_2_Q,1,3,15,1,7,15,0,1,7,0,1,8,8,1
53,53,decoder_2_Q,1,7,16,2,7,16,0,2,0,0,1,8,8,1
53,53,decoder_2_Q,1,7,17,3,7,17,0,2,1,0,1,8,8,1
53,53,decoder_2_Q,1,7,18,2,6,18,0,2,2,0,1,8,8,1
53,53,decoder_2_Q,1,7,19,3,6,19,0,2,3,0,1,8,8,1
53,53,decoder_2_Q,1,6,20,2,5,20,0,2,4,0,1,8,8,1
53,53,decoder_2_Q,1,6,21,3,5,21,0,2,5,0,1,8,8,1
53,53,decoder_2_Q,1,6,22,2,4,22,0,2,6,0,1,8,8,1
53,53,decoder_2_Q,1,6,23,3,4,23,0,2,7,0,1,8,8,1
53,53,decoder_2_Q,1,5,24,2,3,24,0,3,0,0,1,8,8,1
53,53,decoder_2_Q,1,5,25,3,3,25,0,3,1,0,1,8,8,1
53,53,decoder_2_Q,1,5,26,2,2,26,0,3,2,0,1,8,8,1
53,53,decoder_2_Q,1,5,27,3,2,27,0,3,3,0,1,8,8,1
53,53,decoder_2_Q,1,4,28,2,1,28,0,3,4,0,1,8,8,1
53,53,decoder_2_Q,1,4,29,3,1,29,0,3,5,0,1,8,8,1
53,53,decoder_2_Q,1,4,30,2,0,30,0,3,6,0,1,8,8,1
53,53,decoder_2_Q,1,4,31,3,0,31,0,3,7,0,1,8,8,1
53,53,decoder_2_Q,1,8,32,4,0,32,0,4,0,0,1,8,8,1
53,53,decoder_2_Q,1,8,33,5,0,33,0,4,1,0,1,8,8,1
53,53,decoder_2_Q,1,8,34,4,1,34,0,4,2,0,1,8,8,1
53,53,decoder_2_Q,1,8,35,5,1,35,0,4,3,0,1,8,8,1
53,53,decoder_2_Q,1,9,36,4,2,36,0,4,4,0,1,8,8,1
53,53,decoder_2_Q,1,9,37,5,2,37,0,4,5,0,1,8,8,1
53,53,decoder_2_Q,1,9,38,4,3,38,0,4,6,0,1,8,8,1
53,53,decoder_2_Q,1,9,39,5,3,39,0,4,7,0,1,8,8,1
53,53,decoder_2_Q,1,10,40,4,4,40,0,5,0,0,1,8,8,1
53,53,decoder_2_Q,1,10,41,5,4,41,0,5,1,0,1,8,8,1
53,53,decoder_2_Q,1,10,42,4,5,42,0,5,2,0,1,8,8,1
53,53,decoder_2_Q,1,10,43,5,5,43,0,5,3,0,1,8,8,1
53,53,decoder_2_Q,1,11,44,4,6,44,0,5,4,0,1,8,8,1
53,53,decoder_2_Q,1,11,45,5,6,45,0,5,5,0,1,8,8,1
53,53,decoder_2_Q,1,11,46,4,7,46,0,5,6,0,1,8,8,1
53,53,decoder_2_Q,1,11,47,5,7,47,0,5,7,0,1,8,8,1
53,53,decoder_2_Q,1,15,48,6,7,48,0,6,0,0,1,8,8,1
53,53,decoder_2_Q,1,15,49,7,7,49,0,6,1,0,1,8,8,1
53,53,decoder_2_Q,1,15,50,6,6,50,0,6,2,0,1,8,8,1
53,53,decoder_2_Q,1,15,51,7,6,51,0,6,3,0,1,8,8,1
53,53,decoder_2_Q,1,14,52,6,5,52,0,6,4,0,1,8,8,1
53,53,decoder_2_Q,1,14,53,7,5,53,0,6,5,0,1,8,8,1
53,53,decoder_2_Q,1,14,54,6,4,54,0,6,6,0,1,8,8,1
53,53,decoder_2_Q,1,14,55,7,4,55,0,6,7,0,1,8,8,1
53,53,decoder_2_Q,1,13,56,6,3,56,0,7,0,0,1,8,8,1
53,53,decoder_2_Q,1,13,57,7,3,57,0,7,1,0,1,8,8,1
53,53,decoder_2_Q,1,13,58,6,2,58,0,7,2,0,1,8,8,1
53,53,decoder_2_Q,1,13,59,7,2,59,0,7,3,0,1,8,8,1
53,53,decoder_2_Q,1,12,60,6,1,60,0,7,4,0,1,8,8,1
53,53,decoder_2_Q,1,12,61,7,1,61,0,7,5,0,1,8,8,1
53,53,decoder_2_Q,1,12,62,6,0,62,0,7,6,0,1,8,8,1
53,53,decoder_2_Q,1,12,63,7,0,63,0,7,7,0,1,8,8,1
54,54,decoder_2_K0,1,0,0,0,0,0,0,0,0,0,1,1,64,1
54,54,decoder_2_K0,1,0,1,1,0,1,0,0,1,0,1,1,64,1
54,54,decoder_2_K0,1,0,2,0,1,2,0,0,2,0,1,1,64,1
54,54,decoder_2_K0,1,0,3,1,1,3,0,0,3,0,1,1,64,1
54,54,decoder_2_K0,1,1,4,0,2,4,0,0,4,0,1,1,64,1
54,54,decoder_2_K0,1,1,5,1,2,5,0,0,5,0,1,1,64,1
54,54,decoder_2_K0,1,1,6,0,3,6,0,0,6,0,1,1,64,1
54,54,decoder_2_K0,1,1,7,1,3,25,0,0,25,0,1,1,64,1
54,54,decoder_2_K0,1,2,8,0,4,8,0,0,8,0,1,1,64,1
54,54,decoder_2_K0,1,2,9,1,4,9,0,0,9,0,1,1,64,1
54,54,decoder_2_K0,1,2,10,0,5,10,0,0,10,0,1,1,64,1
54,54,decoder_2_K0,1,2,11,1,5,11,0,0,11,0,1,1,64,1
54,54,decoder_2_K0,1,3,12,0,6,17,0,0,17,0,1,1,64,1
54,54,decoder_2_K0,1,3,13,1,6,47,0,0,47,0,1,1,64,1
54,54,decoder_2_K0,1,3,14,0,7,14,0,0,14,0,1,1,64,1
54,54,decoder_2_K0,1,3,15,1,7,15,0,0,15,0,1,1,64,1
54,54,decoder_2_K0,1,7,16,2,7,16,0,0,16,0,1,1,64,1
54,54,decoder_2_K0,1,7,17,3,7,13,0,0,13,0,1,1,64,1
54,54,decoder_2_K0,1,7,18,2,6,18,0,0,18,0,1,1,64,1
54,54,decoder_2_K0,1,7,19,3,6,19,0,0,19,0,1,1,64,1
54,54,decoder_2_K0,1,6,20,2,5,7,0,0,7,0,1,1,64,1
54,54,decoder_2_K0,1,6,21,3,5,21,0,0,21,0,1,1,64,1
54,54,decoder_2_K0,1,6,22,2,4,54,0,0,54,0,1,1,64,1
54,54,decoder_2_K0,1,6,23,3,4,23,0,0,23,0,1,1,64,1
54,54,decoder_2_K0,1,5,24,2,3,24,0,0,24,0,1,1,64,1
54,54,decoder_2_K0,1,5,25,3,3,20,0,0,20,0,1,1,64,1
54,54,decoder_2_K0,1,5,26,2,2,26,0,0,26,0,1,1,64,1
54,54,decoder_2_K0,1,5,27,3,2,27,0,0,27,0,1,1,64,1
54,54,decoder_2_K0,1,4,28,2,1,28,0,0,28,0,1,1,64,1
54,54,decoder_2_K0,1,4,29,3,1,29,0,0,29,0,1,1,64,1
54,54,decoder_2_K0,1,4,30,2,0,30,0,0,30,0,1,1,64,1
54,54,decoder_2_K0,1,4,31,3,0,31,0,0,31,0,1,1,64,1
54,54,decoder_2_K0,1,8,32,4,0,32,0,0,32,0,1,1,64,1
54,54,decoder_2_K0,1,8,33,5,0,33,0,0,33,0,1,1,64,1
54,54,decoder_2_K0,1,8,34,4,1,34,0,0,34,0,1,1,64,1
54,54,decoder_2_K0,1,8,35,5,1,40,0,0,40,0,1,1,64,1
54,54,decoder_2_K0,1,9,36,4,2,36,0,0,36,0,1,1,64,1
54,54,decoder_2_K0,1,9,37,5,2,37,0,0,37,0,1,1,64,1
54,54,decoder_2_K0,1,9,38,4,3,38,0,0,38,0,1,1,64,1
54,54,decoder_2_K0,1,9,39,5,3,52,0,0,52,0,1,1,64,1
54,54,decoder_2_K0,1,10,40,4,4,35,0,0,35,0,1,1,64,1
54,54,decoder_2_K0,1,10,41,5,4,41,0,0,41,0,1,1,64,1
54,54,decoder_2_K0,1,10,42,4,5,50,0,0,50,0,1,1,64,1
54,54,decoder_2_K0,1,10,43,5,5,43,0,0,43,0,1,1,64,1
54,54,decoder_2_K0,1,11,44,4,6,44,0,0,44,0,1,1,64,1
54,54,decoder_2_K0,1,11,45,5,6,45,0,0,45,0,1,1,64,1
54,54,decoder_2_K0,1,11,46,4,7,46,0,0,46,0,1,1,64,1
54,54,decoder_2_K0,1,11,47,5,7,12,0,0,12,0,1,1,64,1
54,54,decoder_2_K0,1,15,48,6,7,48,0,0,48,0,1,1,64,1
54,54,decoder_2_K0,1,15,49,7,7,49,0,0,49,0,1,1,64,1
54,54,decoder_2_K0,1,15,50,6,6,42,0,0,42,0,1,1,64,1
54,54,decoder_2_K0,1,15,51,7,6,51,0,0,51,0,1,1,64,1
54,54,decoder_2_K0,1,14,52,6,5,39,0,0,39,0,1,1,64,1
54,54,decoder_2_K0,1,14,53,7,5,53,0,0,53,0,1,1,64,1
54,54,decoder_2_K0,1,14,54,6,4,22,0,0,22,0,1,1,64,1
54,54,decoder_2_K0,1,14,55,7,4,55,0,0,55,0,1,1,64,1
54,54,decoder_2_K0,1,13,56,6,3,58,0,0,58,0,1,1,64,1
54,54,decoder_2_K0,1,13,57,7,3,57,0,0,57,0,1,1,64,1
54,54,decoder_2_K0,1,13,58,6,2,56,0,0,56,0,1,1,64,1
54,54,decoder_2_K0,1,13,59,7,2,59,0,0,59,0,1,1,64,1
54,54,decoder_2_K0,1,12,60,6,1,60,0,0,60,0,1,1,64,1
54,54,decoder_2_K0,1,12,61,7,1,61,0,0,61,0,1,1,64,1
54,54,decoder_2_K0,1,12,62,6,0,62,0,0,62,0,1,1,64,1
54,54,decoder_2_K0,1,12,63,7,0,63,0,0,63,0,1,1,64,1
55,55,decoder_2_Kt0,1,0,0,0,0,0,0,0,0,0,1,8,8,1
55,55,decoder_2_Kt0,1,0,1,1,0,1,0,0,1,0,1,8,8,1
55,55,decoder_2_Kt0,1,0,2,0,1,2,0,0,2,0,1,8,8,1
55,55,decoder_2_Kt0,1,0,3,1,1,3,0,0,3,0,1,8,8,1
55,55,decoder_2_Kt0,1,1,4,0,2,4,0,0,4,0,1,8,8,1
55,55,decoder_2_Kt0,1,1,5,1,2,5,0,0,5,0,1,8,8,1
55,55,decoder_2_Kt0,1,1,6,0,3,6,0,0,6,0,1,8,8,1
55,55,decoder_2_Kt0,1,1,7,1,3,7,0,0,7,0,1,8,8,1
55,55,decoder_2_Kt0,1,2,8,0,4,8,0,1,0,0,1,8,8,1
55,55,decoder_2_Kt0,1,2,9,1,4,9,0,1,1,0,1,8,8,1
55,55,decoder_2_Kt0,1,2,10,0,5,10,0,1,2,0,1,8,8,1
55,55,decoder_2_Kt0,1,2,11,1,5,11,0,1,3,0,1,8,8,1
55,55,decoder_2_Kt0,1,3,12,0,6,12,0,1,4,0,1,8,8,1
55,55,decoder_2_Kt0,1,3,13,1,6,13,0,1,5,0,1,8,8,1
55,55,decoder_2_Kt0,1,3,14,0,7,14,0,1,6,0,1,8,8,1
55,55,decoder_2_Kt0,1,3,15,1,7,15,0,1,7,0,1,8,8,1
55,55,decoder_2_Kt0,1,7,16,2,7,16,0,2,0,0,1,8,8,1
55,55,decoder_2_Kt0,1,7,17,3,7,17,0,2,1,0,1,8,8,1
55,55,decoder_2_Kt0,1,7,18,2,6,18,0,2,2,0,1,8,8,1
55,55,decoder_2_Kt0,1,7,19,3,6,19,0,2,3,0,1,8,8,1
55,55,decoder_2_Kt0,1,6,20,2,5,20,0,2,4,0,1,8,8,1
55,55,decoder_2_Kt0,1,6,21,3,5,21,0,2,5,0,1,8,8,1
55,55,decoder_2_Kt0,1,6,22,2,4,22,0,2,6,0,1,8,8,1
55,55,decoder_2_Kt0,1,6,23,3,4,23,0,2,7,0,1,8,8,1
55,55,decoder_2_Kt0,1,5,24,2,3,24,0,3,0,0,1,8,8,1
55,55,decoder_2_Kt0,1,5,25,3,3,25,0,3,1,0,1,8,8,1
55,55,decoder_2_Kt0,1,5,26,2,2,26,0,3,2,0,1,8,8,1
55,55,decoder_2_Kt0,1,5,27,3,2,27,0,3,3,0,1,8,8,1
55,55,decoder_2_Kt0,1,4,28,2,1,28,0,3,4,0,1,8,8,1
55,55,decoder_2_Kt0,1,4,29,3,1,29,0,3,5,0,1,8,8,1
55,55,decoder_2_Kt0,1,4,30,2,0,30,0,3,6,0,1,8,8,1
55,55,decoder_2_Kt0,1,4,31,3,0,31,0,3,7,0,1,8,8,1
55,55,decoder_2_Kt0,1,8,32,4,0,32,0,4,0,0,1,8,8,1
55,55,decoder_2_Kt0,1,8,33,5,0,33,0,4,1,0,1,8,8,1
55,55,decoder_2_Kt0,1,8,34,4,1,34,0,4,2,0,1,8,8,1
55,55,decoder_2_Kt0,1,8,35,5,1,35,0,4,3,0,1,8,8,1
55,55,decoder_2_Kt0,1,9,36,4,2,36,0,4,4,0,1,8,8,1
55,55,decoder_2_Kt0,1,9,37,5,2,37,0,4,5,0,1,8,8,1
55,55,decoder_2_Kt0,1,9,38,4,3,38,0,4,6,0,1,8,8,1
55,55,decoder_2_Kt0,1,9,39,5,3,39,0,4,7,0,1,8,8,1
55,55,decoder_2_Kt0,1,10,40,4,4,40,0,5,0,0,1,8,8,1
55,55,decoder_2_Kt0,1,10,41,5,4,41,0,5,1,0,1,8,8,1
55,55,decoder_2_Kt0,1,10,42,4,5,42,0,5,2,0,1,8,8,1
55,55,decoder_2_Kt0,1,10,43,5,5,43,0,5,3,0,1,8,8,1
55,55,decoder_2_Kt0,1,11,44,4,6,44,0,5,4,0,1,8,8,1
55,55,decoder_2_Kt0,1,11,45,5,6,45,0,5,5,0,1,8,8,1
55,55,decoder_2_Kt0,1,11,46,4,7,46,0,5,6,0,1,8,8,1
55,55,decoder_2_Kt0,1,11,47,5,7,47,0,5,7,0,1,8,8,1
55,55,decoder_2_Kt0,1,15,48,6,7,48,0,6,0,0,1,8,8,1
55,55,decoder_2_Kt0,1,15,49,7,7,49,0,6,1,0,1,8,8,1
55,55,decoder_2_Kt0,1,15,50,6,6,50,0,6,2,0,1,8,8,1
55,55,decoder_2_Kt0,1,15,51,7,6,51,0,6,3,0,1,8,8,1
55,55,decoder_2_Kt0,1,14,52,6,5,52,0,6,4,0,1,8,8,1
55,55,decoder_2_Kt0,1,14,53,7,5,53,0,6,5,0,1,8,8,1
55,55,decoder_2_Kt0,1,14,54,6,4,54,0,6,6,0,1,8,8,1
55,55,decoder_2_Kt0,1,14,55,7,4,55,0,6,7,0,1,8,8,1
55,55,decoder_2_Kt0,1,13,56,6,3,56,0,7,0,0,1,8,8,1
55,55,decoder_2_Kt0,1,13,57,7,3,57,0,7,1,0,1,8,8,1
55,55,decoder_2_Kt0,1,13,58,6,2,58,0,7,2,0,1,8,8,1
55,55,decoder_2_Kt0,1,13,59,7,2,59,0,7,3,0,1,8,8,1
55,55,decoder_2_Kt0,1,12,60,6,1,60,0,7,4,0,1,8,8,1
55,55,decoder_2_Kt0,1,12,61,7,1,61,0,7,5,0,1,8,8,1
55,55,decoder_2_Kt0,1,12,62,6,0,62,0,7,6,0,1,8,8,1
55,55,decoder_2_Kt0,1,12,63,7,0,63,0,7,7,0,1,8,8,1
56,56,decoder_2_K1,1,0,0,0,0,7,0,0,7,0,1,1,64,1
56,56,decoder_2_K1,1,0,1,1,0,1,0,0,1,0,1,1,64,1
56,56,decoder_2_K1,1,0,2,0,1,2,0,0,2,0,1,1,64,1
56,56,decoder_2_K1,1,0,3,1,1,30,0,0,30,0,1,1,64,1
56,56,decoder_2_K1,1,1,4,0,2,4,0,0,4,0,1,1,64,1
56,56,decoder_2_K1,1,1,5,1,2,5,0,0,5,0,1,1,64,1
56,56,decoder_2_K1,1,1,6,0,3,6,0,0,6,0,1,1,64,1
56,56,decoder_2_K1,1,1,7,1,3,19,0,0,19,0,1,1,64,1
56,56,decoder_2_K1,1,2,8,0,4,44,0,0,44,0,1,1,64,1
56,56,decoder_2_K1,1,2,9,1,4,9,0,0,9,0,1,1,64,1
56,56,decoder_2_K1,1,2,10,0,5,10,0,0,10,0,1,1,64,1
56,56,decoder_2_K1,1,2,11,1,5,11,0,0,11,0,1,1,64,1
56,56,decoder_2_K1,1,3,12,0,6,12,0,0,12,0,1,1,64,1
56,56,decoder_2_K1,1,3,13,1,6,13,0,0,13,0,1,1,64,1
56,56,decoder_2_K1,1,3,14,0,7,14,0,0,14,0,1,1,64,1
56,56,decoder_2_K1,1,3,15,1,7,8,0,0,8,0,1,1,64,1
56,56,decoder_2_K1,1,7,16,2,7,16,0,0,16,0,1,1,64,1
56,56,decoder_2_K1,1,7,17,3,7,17,0,0,17,0,1,1,64,1
56,56,decoder_2_K1,1,7,18,2,6,21,0,0,21,0,1,1,64,1
56,56,decoder_2_K1,1,7,19,3,6,26,0,0,26,0,1,1,64,1
56,56,decoder_2_K1,1,6,20,2,5,51,0,0,51,0,1,1,64,1
56,56,decoder_2_K1,1,6,21,3,5,20,0,0,20,0,1,1,64,1
56,56,decoder_2_K1,1,6,22,2,4,22,0,0,22,0,1,1,64,1
56,56,decoder_2_K1,1,6,23,3,4,23,0,0,23,0,1,1,64,1
56,56,decoder_2_K1,1,5,24,2,3,0,0,0,0,0,1,1,64,1
56,56,decoder_2_K1,1,5,25,3,3,37,0,0,37,0,1,1,64,1
56,56,decoder_2_K1,1,5,26,2,2,24,0,0,24,0,1,1,64,1
56,56,decoder_2_K1,1,5,27,3,2,27,0,0,27,0,1,1,64,1
56,56,decoder_2_K1,1,4,28,2,1,28,0,0,28,0,1,1,64,1
56,56,decoder_2_K1,1,4,29,3,1,41,0,0,41,0,1,1,64,1
56,56,decoder_2_K1,1,4,30,2,0,3,0,0,3,0,1,1,64,1
56,56,decoder_2_K1,1,4,31,3,0,35,0,0,35,0,1,1,64,1
56,56,decoder_2_K1,1,8,32,4,0,32,0,0,32,0,1,1,64,1
56,56,decoder_2_K1,1,8,33,5,0,33,0,0,33,0,1,1,64,1
56,56,decoder_2_K1,1,8,34,4,1,25,0,0,25,0,1,1,64,1
56,56,decoder_2_K1,1,8,35,5,1,31,0,0,31,0,1,1,64,1
56,56,decoder_2_K1,1,9,36,4,2,36,0,0,36,0,1,1,64,1
56,56,decoder_2_K1,1,9,37,5,2,34,0,0,34,0,1,1,64,1
56,56,decoder_2_K1,1,9,38,4,3,15,0,0,15,0,1,1,64,1
56,56,decoder_2_K1,1,9,39,5,3,39,0,0,39,0,1,1,64,1
56,56,decoder_2_K1,1,10,40,4,4,52,0,0,52,0,1,1,64,1
56,56,decoder_2_K1,1,10,41,5,4,29,0,0,29,0,1,1,64,1
56,56,decoder_2_K1,1,10,42,4,5,42,0,0,42,0,1,1,64,1
56,56,decoder_2_K1,1,10,43,5,5,40,0,0,40,0,1,1,64,1
56,56,decoder_2_K1,1,11,44,4,6,38,0,0,38,0,1,1,64,1
56,56,decoder_2_K1,1,11,45,5,6,45,0,0,45,0,1,1,64,1
56,56,decoder_2_K1,1,11,46,4,7,46,0,0,46,0,1,1,64,1
56,56,decoder_2_K1,1,11,47,5,7,47,0,0,47,0,1,1,64,1
56,56,decoder_2_K1,1,15,48,6,7,49,0,0,49,0,1,1,64,1
56,56,decoder_2_K1,1,15,49,7,7,48,0,0,48,0,1,1,64,1
56,56,decoder_2_K1,1,15,50,6,6,50,0,0,50,0,1,1,64,1
56,56,decoder_2_K1,1,15,51,7,6,18,0,0,18,0,1,1,64,1
56,56,decoder_2_K1,1,14,52,6,5,43,0,0,43,0,1,1,64,1
56,56,decoder_2_K1,1,14,53,7,5,53,0,0,53,0,1,1,64,1
56,56,decoder_2_K1,1,14,54,6,4,54,0,0,54,0,1,1,64,1
56,56,decoder_2_K1,1,14,55,7,4,55,0,0,55,0,1,1,64,1
56,56,decoder_2_K1,1,13,56,6,3,56,0,0,56,0,1,1,64,1
56,56,decoder_2_K1,1,13,57,7,3,57,0,0,57,0,1,1,64,1
56,56,decoder_2_K1,1,13,58,6,2,58,0,0,58,0,1,1,64,1
56,56,decoder_2_K1,1,13,59,7,2,59,0,0,59,0,1,1,64,1
56,56,decoder_2_K1,1,12,60,6,1,62,0,0,62,0,1,1,64,1
56,56,decoder_2_K1,1,12,61,7,1,61,0,0,61,0,1,1,64,1
56,56,decoder_2_K1,1,12,62,6,0,60,0,0,60,0,1,1,64,1
56,56,decoder_2_K1,1,12,63,7,0,63,0,0,63,0,1,1,64,1
57,57,decoder_2_Kt1,1,0,0,0,0,0,0,0,0,0,1,8,8,1
57,57,decoder_2_Kt1,1,0,1,1,0,1,0,0,1,0,1,8,8,1
57,57,decoder_2_Kt1,1,0,2,0,1,2,0,0,2,0,1,8,8,1
57,57,decoder_2_Kt1,1,0,3,1,1,3,0,0,3,0,1,8,8,1
57,57,decoder_2_Kt1,1,1,4,0,2,4,0,0,4,0,1,8,8,1
57,57,decoder_2_Kt1,1,1,5,1,2,5,0,0,5,0,1,8,8,1
57,57,decoder_2_Kt1,1,1,6,0,3,6,0,0,6,0,1,8,8,1
57,57,decoder_2_Kt1,1,1,7,1,3,7,0,0,7,0,1,8,8,1
57,57,decoder_2_Kt1,1,2,8,0,4,8,0,1,0,0,1,8,8,1
57,57,decoder_2_Kt1,1,2,9,1,4,9,0,1,1,0,1,8,8,1
57,57,decoder_2_Kt1,1,2,10,0,5,10,0,1,2,0,1,8,8,1
57,57,decoder_2_Kt1,1,2,11,1,5,11,0,1,3,0,1,8,8,1
57,57,decoder_2_Kt1,1,3,12,0,6,12,0,1,4,0,1,8,8,1
57,57,decoder_2_Kt1,1,3,13,1,6,13,0,1,5,0,1,8,8,1
57,57,decoder_2_Kt1,1,3,14,0,7,14,0,1,6,0,1,8,8,1
57,57,decoder_2_Kt1,1,3,15,1,7,15,0,1,7,0,1,8,8,1
57,57,decoder_2_Kt1,1,7,16,2,7,16,0,2,0,0,1,8,8,1
57,57,decoder_2_Kt1,1,7,17,3,7,17,0,2,1,0,1,8,8,1
57,57,decoder_2_Kt1,1,7,18,2,6,18,0,2,2,0,1,8,8,1
57,57,decoder_2_Kt1,1,7,19,3,6,19,0,2,3,0,1,8,8,1
57,57,decoder_2_Kt1,1,6,20,2,5,20,0,2,4,0,1,8,8,1
57,57,decoder_2_Kt1,1,6,21,3,5,21,0,2,5,0,1,8,8,1
57,57,decoder_2_Kt1,1,6,22,2,4,22,0,2,6,0,1,8,8,1
57,57,decoder_2_Kt1,1,6,23,3,4,23,0,2,7,0,1,8,8,1
57,57,decoder_2_Kt1,1,5,24,2,3,24,0,3,0,0,1,8,8,1
57,57,decoder_2_Kt1,1,5,25,3,3,25,0,3,1,0,1,8,8,1
57,57,decoder_2_Kt1,1,5,26,2,2,26,0,3,2,0,1,8,8,1
57,57,decoder_2_Kt1,1,5,27,3,2,27,0,3,3,0,1,8,8,1
57,57,decoder_2_Kt1,1,4,28,2,1,28,0,3,4,0,1,8,8,1
57,57,decoder_2_Kt1,1,4,29,3,1,29,0,3,5,0,1,8,8,1
57,57,decoder_2_Kt1,1,4,30,2,0,30,0,3,6,0,1,8,8,1
57,57,decoder_2_Kt1,1,4,31,3,0,31,0,3,7,0,1,8,8,1
57,57,decoder_2_Kt1,1,8,32,4,0,32,0,4,0,0,1,8,8,1
57,57,decoder_2_Kt1,1,8,33,5,0,33,0,4,1,0,1,8,8,1
57,57,decoder_2_Kt1,1,8,34,4,1,34,0,4,2,0,1,8,8,1
57,57,decoder_2_Kt1,1,8,35,5,1,35,0,4,3,0,1,8,8,1
57,57,decoder_2_Kt1,1,9,36,4,2,36,0,4,4,0,1,8,8,1
57,57,decoder_2_Kt1,1,9,37,5,2,37,0,4,5,0,1,8,8,1
57,57,decoder_2_Kt1,1,9,38,4,3,38,0,4,6,0,1,8,8,1
57,57,decoder_2_Kt1,1,9,39,5,3,39,0,4,7,0,1,8,8,1
57,57,decoder_2_Kt1,1,10,40,4,4,40,0,5,0,0,1,8,8,1
57,57,decoder_2_Kt1,1,10,41,5,4,41,0,5,1,0,1,8,8,1
57,57,decoder_2_Kt1,1,10,42,4,5,42,0,5,2,0,1,8,8,1
57,57,decoder_2_Kt1,1,10,43,5,5,43,0,5,3,0,1,8,8,1
57,57,decoder_2_Kt1,1,11,44,4,6,44,0,5,4,0,1,8,8,1
57,57,decoder_2_Kt1,1,11,45,5,6,45,0,5,5,0,1,8,8,1
57,57,decoder_2_Kt1,1,11,46,4,7,46,0,5,6,0,1,8,8,1
57,57,decoder_2_Kt1,1,11,47,5,7,47,0,5,7,0,1,8,8,1
57,57,decoder_2_Kt1,1,15,48,6,7,48,0,6,0,0,1,8,8,1
57,57,decoder_2_Kt1,1,15,49,7,7,49,0,6,1,0,1,8,8,1
57,57,decoder_2_Kt1,1,15,50,6,6,50,0,6,2,0,1,8,8,1
57,57,decoder_2_Kt1,1,15,51,7,6,51,0,6,3,0,1,8,8,1
57,57,decoder_2_Kt1,1,14,52,6,5,52,0,6,4,0,1,8,8,1
57,57,decoder_2_Kt1,1,14,53,7,5,53,0,6,5,0,1,8,8,1
57,57,decoder_2_Kt1,1,14,54,6,4,54,0,6,6,0,1,8,8,1
57,57,decoder_2_Kt1,1,14,55,7,4,55,0,6,7,0,1,8,8,1
57,57,decoder_2_Kt1,1,13,56,6,3,56,0,7,0,0,1,8,8,1
57,57,decoder_2_Kt1,1,13,57,7,3,57,0,7,1,0,1,8,8,1
57,57,decoder_2_Kt1,1,13,58,6,2,58,0,7,2,0,1,8,8,1
57,57,decoder_2_Kt1,1,13,59,7,2,59,0,7,3,0,1,8,8,1
57,57,decoder_2_Kt1,1,12,60,6,1,60,0,7,4,0,1,8,8,1
57,57,decoder_2_Kt1,1,12,61,7,1,61,0,7,5,0,1,8,8,1
57,57,decoder_2_Kt1,1,12,62,6,0,62,0,7,6,0,1,8,8,1
57,57,decoder_2_Kt1,1,12,63,7,0,63,0,7,7,0,1,8,8,1
58,58,decoder_2_K2,1,0,0,0,0,0,0,0,0,0,1,1,64,1
58,58,decoder_2_K2,1,0,1,1,0,1,0,0,1,0,1,1,64,1
58,58,decoder_2_K2,1,0,2,0,1,11,0,0,11,0,1,1,64,1
58,58,decoder_2_K2,1,0,3,1,1,9,0,0,9,0,1,1,64,1
58,58,decoder_2_K2,1,1,4,0,2,20,0,0,20,0,1,1,64,1
58,58,decoder_2_K2,1,1,5,1,2,5,0,0,5,0,1,1,64,1
58,58,decoder_2_K2,1,1,6,0,3,4,0,0,4,0,1,1,64,1
58,58,decoder_2_K2,1,1,7,1,3,7,0,0,7,0,1,1,64,1
58,58,decoder_2_K2,1,2,8,0,4,8,0,0,8,0,1,1,64,1
58,58,decoder_2_K2,1,2,9,1,4,17,0,0,17,0,1,1,64,1
58,58,decoder_2_K2,1,2,10,0,5,10,0,0,10,0,1,1,64,1
58,58,decoder_2_K2,1,2,11,1,5,39,0,0,39,0,1,1,64,1
58,58,decoder_2_K2,1,3,12,0,6,12,0,0,12,0,1,1,64,1
58,58,decoder_2_K2,1,3,13,1,6,13,0,0,13,0,1,1,64,1
58,58,decoder_2_K2,1,3,14,0,7,14,0,0,14,0,1,1,64,1
58,58,decoder_2_K2,1,3,15,1,7,19,0,0,19,0,1,1,64,1
58,58,decoder_2_K2,1,7,16,2,7,43,0,0,43,0,1,1,64,1
58,58,decoder_2_K2,1,7,17,3,7,3,0,0,3,0,1,1,64,1
58,58,decoder_2_K2,1,7,18,2,6,18,0,0,18,0,1,1,64,1
58,58,decoder_2_K2,1,7,19,3,6,27,0,0,27,0,1,1,64,1
58,58,decoder_2_K2,1,6,20,2,5,6,0,0,6,0,1,1,64,1
58,58,decoder_2_K2,1,6,21,3,5,21,0,0,21,0,1,1,64,1
58,58,decoder_2_K2,1,6,22,2,4,22,0,0,22,0,1,1,64,1
58,58,decoder_2_K2,1,6,23,3,4,23,0,0,23,0,1,1,64,1
58,58,decoder_2_K2,1,5,24,2,3,25,0,0,25,0,1,1,64,1
58,58,decoder_2_K2,1,5,25,3,3,24,0,0,24,0,1,1,64,1
58,58,decoder_2_K2,1,5,26,2,2,26,0,0,26,0,1,1,64,1
58,58,decoder_2_K2,1,5,27,3,2,15,0,0,15,0,1,1,64,1
58,58,decoder_2_K2,1,4,28,2,1,28,0,0,28,0,1,1,64,1
58,58,decoder_2_K2,1,4,29,3,1,35,0,0,35,0,1,1,64,1
58,58,decoder_2_K2,1,4,30,2,0,30,0,0,30,0,1,1,64,1
58,58,decoder_2_K2,1,4,31,3,0,60,0,0,60,0,1,1,64,1
58,58,decoder_2_K2,1,8,32,4,0,37,0,0,37,0,1,1,64,1
58,58,decoder_2_K2,1,8,33,5,0,33,0,0,33,0,1,1,64,1
58,58,decoder_2_K2,1,8,34,4,1,34,0,0,34,0,1,1,64,1
58,58,decoder_2_K2,1,8,35,5,1,29,0,0,29,0,1,1,64,1
58,58,decoder_2_K2,1,9,36,4,2,36,0,0,36,0,1,1,64,1
58,58,decoder_2_K2,1,9,37,5,2,59,0,0,59,0,1,1,64,1
58,58,decoder_2_K2,1,9,38,4,3,46,0,0,46,0,1,1,64,1
58,58,decoder_2_K2,1,9,39,5,3,16,0,0,16,0,1,1,64,1
58,58,decoder_2_K2,1,10,40,4,4,57,0,0,57,0,1,1,64,1
58,58,decoder_2_K2,1,10,41,5,4,41,0,0,41,0,1,1,64,1
58,58,decoder_2_K2,1,10,42,4,5,42,0,0,42,0,1,1,64,1
58,58,decoder_2_K2,1,10,43,5,5,31,0,0,31,0,1,1,64,1
58,58,decoder_2_K2,1,11,44,4,6,44,0,0,44,0,1,1,64,1
58,58,decoder_2_K2,1,11,45,5,6,45,0,0,45,0,1,1,64,1
58,58,decoder_2_K2,1,11,46,4,7,38,0,0,38,0,1,1,64,1
58,58,decoder_2_K2,1,11,47,5,7,50,0,0,50,0,1,1,64,1
58,58,decoder_2_K2,1,15,48,6,7,48,0,0,48,0,1,1,64,1
58,58,decoder_2_K2,1,15,49,7,7,49,0,0,49,0,1,1,64,1
58,58,decoder_2_K2,1,15,50,6,6,54,0,0,54,0,1,1,64,1
58,58,decoder_2_K2,1,15,51,7,6,51,0,0,51,0,1,1,64,1
58,58,decoder_2_K2,1,14,52,6,5,52,0,0,52,0,1,1,64,1
58,58,decoder_2_K2,1,14,53,7,5,53,0,0,53,0,1,1,64,1
58,58,decoder_2_K2,1,14,54,6,4,47,0,0,47,0,1,1,64,1
58,58,decoder_2_K2,1,14,55,7,4,55,0,0,55,0,1,1,64,1
58,58,decoder_2_K2,1,13,56,6,3,40,0,0,40,0,1,1,64,1
58,58,decoder_2_K2,1,13,57,7,3,56,0,0,56,0,1,1,64,1
58,58,decoder_2_K2,1,13,58,6,2,58,0,0,58,0,1,1,64,1
58,58,decoder_2_K2,1,13,59,7,2,32,0,0,32,0,1,1,64,1
58,58,decoder_2_K2,1,12,60,6,1,2,0,0,2,0,1,1,64,1
58,58,decoder_2_K2,1,12,61,7,1,61,0,0,61,0,1,1,64,1
58,58,decoder_2_K2,1,12,62,6,0,62,0,0,62,0,1,1,64,1
58,58,decoder_2_K2,1,12,63,7,0,63,0,0,63,0,1,1,64,1
59,59,decoder_2_Kt2,1,0,0,0,0,0,0,0,0,0,1,8,8,1
59,59,decoder_2_Kt2,1,0,1,1,0,1,0,0,1,0,1,8,8,1
59,59,decoder_2_Kt2,1,0,2,0,1,2,0,0,2,0,1,8,8,1
59,59,decoder_2_Kt2,1,0,3,1,1,3,0,0,3,0,1,8,8,1
59,59,decoder_2_Kt2,1,1,4,0,2,4,0,0,4,0,1,8,8,1
59,59,decoder_2_Kt2,1,1,5,1,2,5,0,0,5,0,1,8,8,1
59,59,decoder_2_Kt2,1,1,6,0,3,6,0,0,6,0,1,8,8,1
59,59,decoder_2_Kt2,1,1,7,1,3,7,0,0,7,0,1,8,8,1
59,59,decoder_2_Kt2,1,2,8,0,4,8,0,1,0,0,1,8,8,1
59,59,decoder_2_Kt2,1,2,9,1,4,9,0,1,1,0,1,8,8,1
59,59,decoder_2_Kt2,1,2,10,0,5,10,0,1,2,0,1,8,8,1
59,59,decoder_2_Kt2,1,2,11,1,5,11,0,1,3,0,1,8,8,1
59,59,decoder_2_Kt2,1,3,12,0,6,12,0,1,4,0,1,8,8,1
59,59,decoder_2_Kt2,1,3,13,1,6,13,0,1,5,0,1,8,8,1
59,59,decoder_2_Kt2,1,3,14,0,7,14,0,1,6,0,1,8,8,1
59,59,decoder_2_Kt2,1,3,15,1,7,15,0,1,7,0,1,8,8,1
59,59,decoder_2_Kt2,1,7,16,2,7,16,0,2,0,0,1,8,8,1
59,59,decoder_2_Kt2,1,7,17,3,7,17,0,2,1,0,1,8,8,1
59,59,decoder_2_Kt2,1,7,18,2,6,18,0,2,2,0,1,8,8,1
59,59,decoder_2_Kt2,1,7,19,3,6,19,0,2,3,0,1,8,8,1
59,59,decoder_2_Kt2,1,6,20,2,5,20,0,2,4,0,1,8,8,1
59,59,decoder_2_Kt2,1,6,21,3,5,21,0,2,5,0,1,8,8,1
59,59,decoder_2_Kt2,1,6,22,2,4,22,0,2,6,0,1,8,8,1
59,59,decoder_2_Kt2,1,6,23,3,4,23,0,2,7,0,1,8,8,1
59,59,decoder_2_Kt2,1,5,24,2,3,24,0,3,0,0,1,8,8,1
59,59,decoder_2_Kt2,1,5,25,3,3,25,0,3,1,0,1,8,8,1
59,59,decoder_2_Kt2,1,5,26,2,2,26,0,3,2,0,1,8,8,1
59,59,decoder_2_Kt2,1,5,27,3,2,27,0,3,3,0,1,8,8,1
59,59,decoder_2_Kt2,1,4,28,2,1,28,0,3,4,0,1,8,8,1
59,59,decoder_2_Kt2,1,4,29,3,1,29,0,3,5,0,1,8,8,1
59,59,decoder_2_Kt2,1,4,30,2,0,30,0,3,6,0,1,8,8,1
59,59,decoder_2_Kt2,1,4,31,3,0,31,0,3,7,0,1,8,8,1
59,59,decoder_2_Kt2,1,8,32,4,0,32,0,4,0,0,1,8,8,1
59,59,decoder_2_Kt2,1,8,33,5,0,33,0,4,1,0,1,8,8,1
59,59,decoder_2_Kt2,1,8,34,4,1,34,0,4,2,0,1,8,8,1
59,59,decoder_2_Kt2,1,8,35,5,1,35,0,4,3,0,1,8,8,1
59,59,decoder_2_Kt2,1,9,36,4,2,36,0,4,4,0,1,8,8,1
59,59,decoder_2_Kt2,1,9,37,5,2,37,0,4,5,0,1,8,8,1
59,59,decoder_2_Kt2,1,9,38,4,3,38,0,4,6,0,1,8,8,1
59,59,decoder_2_Kt2,1,9,39,5,3,39,0,4,7,0,1,8,8,1
59,59,decoder_2_Kt2,1,10,40,4,4,40,0,5,0,0,1,8,8,1
59,59,decoder_2_Kt2,1,10,41,5,4,41,0,5,1,0,1,8,8,1
59,59,decoder_2_Kt2,1,10,42,4,5,42,0,5,2,0,1,8,8,1
59,59,decoder_2_Kt2,1,10,43,5,5,43,0,5,3,0,1,8,8,1
59,59,decoder_2_Kt2,1,11,44,4,6,44,0,5,4,0,1,8,8,1
59,59,decoder_2_Kt2,1,11,45,5,6,45,0,5,5,0,1,8,8,1
59,59,decoder_2_Kt2,1,11,46,4,7,46,0,5,6,0,1,8,8,1
59,59,decoder_2_Kt2,1,11,47,5,7,47,0,5,7,0,1,8,8,1
59,59,decoder_2_Kt2,1,15,48,6,7,48,0,6,0,0,1,8,8,1
59,59,decoder_2_Kt2,1,15,49,7,7,49,0,6,1,0,1,8,8,1
59,59,decoder_2_Kt2,1,15,50,6,6,50,0,6,2,0,1,8,8,1
59,59,decoder_2_Kt2,1,15,51,7,6,51,0,6,3,0,1,8,8,1
59,59,decoder_2_Kt2,1,14,52,6,5,52,0,6,4,0,1,8,8,1
59,59,decoder_2_Kt2,1,14,53,7,5,53,0,6,5,0,1,8,8,1
59,59,decoder_2_Kt2,1,14,54,6,4,54,0,6,6,0,1,8,8,1
59,59,decoder_2_Kt2,1,14,55,7,4,55,0,6,7,0,1,8,8,1
59,59,decoder_2_Kt2,1,13,56,6,3,56,0,7,0,0,1,8,8,1
59,59,decoder_2_Kt2,1,13,57,7,3,57,0,7,1,0,1,8,8,1
59,59,decoder_2_Kt2,1,13,58,6,2,58,0,7,2,0,1,8,8,1
59,59,decoder_2_Kt2,1,13,59,7,2,59,0,7,3,0,1,8,8,1
59,59,decoder_2_Kt2,1,12,60,6,1,60,0,7,4,0,1,8,8,1
59,59,decoder_2_Kt2,1,12,61,7,1,61,0,7,5,0,1,8,8,1
59,59,decoder_2_Kt2,1,12,62,6,0,62,0,7,6,0,1,8,8,1
59,59,decoder_2_Kt2,1,12,63,7,0,63,0,7,7,0,1,8,8,1
60,60,decoder_2_K3,1,0,0,0,0,26,0,0,26,0,1,1,64,1
60,60,decoder_2_K3,1,0,1,1,0,31,0,0,31,0,1,1,64,1
60,60,decoder_2_K3,1,0,2,0,1,2,0,0,2,0,1,1,64,1
60,60,decoder_2_K3,1,0,3,1,1,3,0,0,3,0,1,1,64,1
60,60,decoder_2_K3,1,1,4,0,2,4,0,0,4,0,1,1,64,1
60,60,decoder_2_K3,1,1,5,1,2,5,0,0,5,0,1,1,64,1
60,60,decoder_2_K3,1,1,6,0,3,6,0,0,6,0,1,1,64,1
60,60,decoder_2_K3,1,1,7,1,3,7,0,0,7,0,1,1,64,1
60,60,decoder_2_K3,1,2,8,0,4,28,0,0,28,0,1,1,64,1
60,60,decoder_2_K3,1,2,9,1,4,9,0,0,9,0,1,1,64,1
60,60,decoder_2_K3,1,2,10,0,5,14,0,0,14,0,1,1,64,1
60,60,decoder_2_K3,1,2,11,1,5,11,0,0,11,0,1,1,64,1
60,60,decoder_2_K3,1,3,12,0,6,22,0,0,22,0,1,1,64,1
60,60,decoder_2_K3,1,3,13,1,6,0,0,0,0,0,1,1,64,1
60,60,decoder_2_K3,1,3,14,0,7,12,0,0,12,0,1,1,64,1
60,60,decoder_2_K3,1,3,15,1,7,15,0,0,15,0,1,1,64,1
60,60,decoder_2_K3,1,7,16,2,7,16,0,0,16,0,1,1,64,1
60,60,decoder_2_K3,1,7,17,3,7,17,0,0,17,0,1,1,64,1
60,60,decoder_2_K3,1,7,18,2,6,18,0,0,18,0,1,1,64,1
60,60,decoder_2_K3,1,7,19,3,6,23,0,0,23,0,1,1,64,1
60,60,decoder_2_K3,1,6,20,2,5,20,0,0,20,0,1,1,64,1
60,60,decoder_2_K3,1,6,21,3,5,24,0,0,24,0,1,1,64,1
60,60,decoder_2_K3,1,6,22,2,4,10,0,0,10,0,1,1,64,1
60,60,decoder_2_K3,1,6,23,3,4,19,0,0,19,0,1,1,64,1
60,60,decoder_2_K3,1,5,24,2,3,21,0,0,21,0,1,1,64,1
60,60,decoder_2_K3,1,5,25,3,3,13,0,0,13,0,1,1,64,1
60,60,decoder_2_K3,1,5,26,2,2,29,0,0,29,0,1,1,64,1
60,60,decoder_2_K3,1,5,27,3,2,39,0,0,39,0,1,1,64,1
60,60,decoder_2_K3,1,4,28,2,1,8,0,0,8,0,1,1,64,1
60,60,decoder_2_K3,1,4,29,3,1,63,0,0,63,0,1,1,64,1
60,60,decoder_2_K3,1,4,30,2,0,30,0,0,30,0,1,1,64,1
60,60,decoder_2_K3,1,4,31,3,0,1,0,0,1,0,1,1,64,1
60,60,decoder_2_K3,1,8,32,4,0,32,0,0,32,0,1,1,64,1
60,60,decoder_2_K3,1,8,33,5,0,33,0,0,33,0,1,1,64,1
60,60,decoder_2_K3,1,8,34,4,1,34,0,0,34,0,1,1,64,1
60,60,decoder_2_K3,1,8,35,5,1,36,0,0,36,0,1,1,64,1
60,60,decoder_2_K3,1,9,36,4,2,27,0,0,27,0,1,1,64,1
60,60,decoder_2_K3,1,9,37,5,2,37,0,0,37,0,1,1,64,1
60,60,decoder_2_K3,1,9,38,4,3,38,0,0,38,0,1,1,64,1
60,60,decoder_2_K3,1,9,39,5,3,40,0,0,40,0,1,1,64,1
60,60,decoder_2_K3,1,10,40,4,4,35,0,0,35,0,1,1,64,1
60,60,decoder_2_K3,1,10,41,5,4,41,0,0,41,0,1,1,64,1
60,60,decoder_2_K3,1,10,42,4,5,42,0,0,42,0,1,1,64,1
60,60,decoder_2_K3,1,10,43,5,5,44,0,0,44,0,1,1,64,1
60,60,decoder_2_K3,1,11,44,4,6,43,0,0,43,0,1,1,64,1
60,60,decoder_2_K3,1,11,45,5,6,53,0,0,53,0,1,1,64,1
60,60,decoder_2_K3,1,11,46,4,7,47,0,0,47,0,1,1,64,1
60,60,decoder_2_K3,1,11,47,5,7,62,0,0,62,0,1,1,64,1
60,60,decoder_2_K3,1,15,48,6,7,48,0,0,48,0,1,1,64,1
60,60,decoder_2_K3,1,15,49,7,7,49,0,0,49,0,1,1,64,1
60,60,decoder_2_K3,1,15,50,6,6,50,0,0,50,0,1,1,64,1
60,60,decoder_2_K3,1,15,51,7,6,54,0,0,54,0,1,1,64,1
60,60,decoder_2_K3,1,14,52,6,5,46,0,0,46,0,1,1,64,1
60,60,decoder_2_K3,1,14,53,7,5,45,0,0,45,0,1,1,64,1
60,60,decoder_2_K3,1,14,54,6,4,51,0,0,51,0,1,1,64,1
60,60,decoder_2_K3,1,14,55,7,4,55,0,0,55,0,1,1,64,1
60,60,decoder_2_K3,1,13,56,6,3,56,0,0,56,0,1,1,64,1
60,60,decoder_2_K3,1,13,57,7,3,57,0,0,57,0,1,1,64,1
60,60,decoder_2_K3,1,13,58,6,2,58,0,0,58,0,1,1,64,1
60,60,decoder_2_K3,1,13,59,7,2,59,0,0,59,0,1,1,64,1
60,60,decoder_2_K3,1,12,60,6,1,60,0,0,60,0,1,1,64,1
60,60,decoder_2_K3,1,12,61,7,1,61,0,0,61,0,1,1,64,1
60,60,decoder_2_K3,1,12,62,6,0,52,0,0,52,0,1,1,64,1
60,60,decoder_2_K3,1,12,63,7,0,25,0,0,25,0,1,1,64,1
61,61,decoder_2_Kt3,1,0,0,0,0,0,0,0,0,0,1,8,8,1
61,61,decoder_2_Kt3,1,0,1,1,0,1,0,0,1,0,1,8,8,1
61,61,decoder_2_Kt3,1,0,2,0,1,2,0,0,2,0,1,8,8,1
61,61,decoder_2_Kt3,1,0,3,1,1,3,0,0,3,0,1,8,8,1
61,61,decoder_2_Kt3,1,1,4,0,2,4,0,0,4,0,1,8,8,1
61,61,decoder_2_Kt3,1,1,5,1,2,5,0,0,5,0,1,8,8,1
61,61,decoder_2_Kt3,1,1,6,0,3,6,0,0,6,0,1,8,8,1
61,61,decoder_2_Kt3,1,1,7,1,3,7,0,0,7,0,1,8,8,1
61,61,decoder_2_Kt3,1,2,8,0,4,8,0,1,0,0,1,8,8,1
61,61,decoder_2_Kt3,1,2,9,1,4,9,0,1,1,0,1,8,8,1
61,61,decoder_2_Kt3,1,2,10,0,5,10,0,1,2,0,1,8,8,1
61,61,decoder_2_Kt3,1,2,11,1,5,11,0,1,3,0,1,8,8,1
61,61,decoder_2_Kt3,1,3,12,0,6,12,0,1,4,0,1,8,8,1
61,61,decoder_2_Kt3,1,3,13,1,6,13,0,1,5,0,1,8,8,1
61,61,decoder_2_Kt3,1,3,14,0,7,14,0,1,6,0,1,8,8,1
61,61,decoder_2_Kt3,1,3,15,1,7,15,0,1,7,0,1,8,8,1
61,61,decoder_2_Kt3,1,7,16,2,7,16,0,2,0,0,1,8,8,1
61,61,decoder_2_Kt3,1,7,17,3,7,17,0,2,1,0,1,8,8,1
61,61,decoder_2_Kt3,1,7,18,2,6,18,0,2,2,0,1,8,8,1
61,61,decoder_2_Kt3,1,7,19,3,6,19,0,2,3,0,1,8,8,1
61,61,decoder_2_Kt3,1,6,20,2,5,20,0,2,4,0,1,8,8,1
61,61,decoder_2_Kt3,1,6,21,3,5,21,0,2,5,0,1,8,8,1
61,61,decoder_2_Kt3,1,6,22,2,4,22,0,2,6,0,1,8,8,1
61,61,decoder_2_Kt3,1,6,23,3,4,23,0,2,7,0,1,8,8,1
61,61,decoder_2_Kt3,1,5,24,2,3,24,0,3,0,0,1,8,8,1
61,61,decoder_2_Kt3,1,5,25,3,3,25,0,3,1,0,1,8,8,1
61,61,decoder_2_Kt3,1,5,26,2,2,26,0,3,2,0,1,8,8,1
61,61,decoder_2_Kt3,1,5,27,3,2,27,0,3,3,0,1,8,8,1
61,61,decoder_2_Kt3,1,4,28,2,1,28,0,3,4,0,1,8,8,1
61,61,decoder_2_Kt3,1,4,29,3,1,29,0,3,5,0,1,8,8,1
61,61,decoder_2_Kt3,1,4,30,2,0,30,0,3,6,0,1,8,8,1
61,61,decoder_2_Kt3,1,4,31,3,0,31,0,3,7,0,1,8,8,1
61,61,decoder_2_Kt3,1,8,32,4,0,32,0,4,0,0,1,8,8,1
61,61,decoder_2_Kt3,1,8,33,5,0,33,0,4,1,0,1,8,8,1
61,61,decoder_2_Kt3,1,8,34,4,1,34,0,4,2,0,1,8,8,1
61,61,decoder_2_Kt3,1,8,35,5,1,35,0,4,3,0,1,8,8,1
61,61,decoder_2_Kt3,1,9,36,4,2,36,0,4,4,0,1,8,8,1
61,61,decoder_2_Kt3,1,9,37,5,2,37,0,4,5,0,1,8,8,1
61,61,decoder_2_Kt3,1,9,38,4,3,38,0,4,6,0,1,8,8,1
61,61,decoder_2_Kt3,1,9,39,5,3,39,0,4,7,0,1,8,8,1
61,61,decoder_2_Kt3,1,10,40,4,4,40,0,5,0,0,1,8,8,1
61,61,decoder_2_Kt3,1,10,41,5,4,41,0,5,1,0,1,8,8,1
61,61,decoder_2_Kt3,1,10,42,4,5,42,0,5,2,0,1,8,8,1
61,61,decoder_2_Kt3,1,10,43,5,5,43,0,5,3,0,1,8,8,1
61,61,decoder_2_Kt3,1,11,44,4,6,44,0,5,4,0,1,8,8,1
61,61,decoder_2_Kt3,1,11,45,5,6,45,0,5,5,0,1,8,8,1
61,61,decoder_2_Kt3,1,11,46,4,7,46,0,5,6,0,1,8,8,1
61,61,decoder_2_Kt3,1,11,47,5,7,47,0,5,7,0,1,8,8,1
61,61,decoder_2_Kt3,1,15,48,6,7,48,0,6,0,0,1,8,8,1
61,61,decoder_2_Kt3,1,15,49,7,7,49,0,6,1,0,1,8,8,1
61,61,decoder_2_Kt3,1,15,50,6,6,50,0,6,2,0,1,8,8,1
61,61,decoder_2_Kt3,1,15,51,7,6,51,0,6,3,0,1,8,8,1
61,61,decoder_2_Kt3,1,14,52,6,5,52,0,6,4,0,1,8,8,1
61,61,decoder_2_Kt3,1,14,53,7,5,53,0,6,5,0,1,8,8,1
61,61,decoder_2_Kt3,1,14,54,6,4,54,0,6,6,0,1,8,8,1
61,61,decoder_2_Kt3,1,14,55,7,4,55,0,6,7,0,1,8,8,1
61,61,decoder_2_Kt3,1,13,56,6,3,56,0,7,0,0,1,8,8,1
61,61,decoder_2_Kt3,1,13,57,7,3,57,0,7,1,0,1,8,8,1
61,61,decoder_2_Kt3,1,13,58,6,2,58,0,7,2,0,1,8,8,1
61,61,decoder_2_Kt3,1,13,59,7,2,59,0,7,3,0,1,8,8,1
61,61,decoder_2_Kt3,1,12,60,6,1,60,0,7,4,0,1,8,8,1
61,61,decoder_2_Kt3,1,12,61,7,1,61,0,7,5,0,1,8,8,1
61,61,decoder_2_Kt3,1,12,62,6,0,62,0,7,6,0,1,8,8,1
61,61,decoder_2_Kt3,1,12,63,7,0,63,0,7,7,0,1,8,8,1
62,62,decoder_2_K4,1,0,0,0,0,0,0,0,0,0,1,1,64,1
62,62,decoder_2_K4,1,0,1,1,0,1,0,0,1,0,1,1,64,1
62,62,decoder_2_K4,1,0,2,0,1,2,0,0,2,0,1,1,64,1
62,62,decoder_2_K4,1,0,3,1,1,3,0,0,3,0,1,1,64,1
62,62,decoder_2_K4,1,1,4,0,2,4,0,0,4,0,1,1,64,1
62,62,decoder_2_K4,1,1,5,1,2,58,0,0,58,0,1,1,64,1
62,62,decoder_2_K4,1,1,6,0,3,6,0,0,6,0,1,1,64,1
62,62,decoder_2_K4,1,1,7,1,3,7,0,0,7,0,1,1,64,1
62,62,decoder_2_K4,1,2,8,0,4,28,0,0,28,0,1,1,64,1
62,62,decoder_2_K4,1,2,9,1,4,9,0,0,9,0,1,1,64,1
62,62,decoder_2_K4,1,2,10,0,5,10,0,0,10,0,1,1,64,1
62,62,decoder_2_K4,1,2,11,1,5,11,0,0,11,0,1,1,64,1
62,62,decoder_2_K4,1,3,12,0,6,12,0,0,12,0,1,1,64,1
62,62,decoder_2_K4,1,3,13,1,6,42,0,0,42,0,1,1,64,1
62,62,decoder_2_K4,1,3,14,0,7,14,0,0,14,0,1,1,64,1
62,62,decoder_2_K4,1,3,15,1,7,15,0,0,15,0,1,1,64,1
62,62,decoder_2_K4,1,7,16,2,7,48,0,0,48,0,1,1,64,1
62,62,decoder_2_K4,1,7,17,3,7,17,0,0,17,0,1,1,64,1
62,62,decoder_2_K4,1,7,18,2,6,18,0,0,18,0,1,1,64,1
62,62,decoder_2_K4,1,7,19,3,6,19,0,0,19,0,1,1,64,1
62,62,decoder_2_K4,1,6,20,2,5,20,0,0,20,0,1,1,64,1
62,62,decoder_2_K4,1,6,21,3,5,55,0,0,55,0,1,1,64,1
62,62,decoder_2_K4,1,6,22,2,4,22,0,0,22,0,1,1,64,1
62,62,decoder_2_K4,1,6,23,3,4,23,0,0,23,0,1,1,64,1
62,62,decoder_2_K4,1,5,24,2,3,24,0,0,24,0,1,1,64,1
62,62,decoder_2_K4,1,5,25,3,3,25,0,0,25,0,1,1,64,1
62,62,decoder_2_K4,1,5,26,2,2,37,0,0,37,0,1,1,64,1
62,62,decoder_2_K4,1,5,27,3,2,27,0,0,27,0,1,1,64,1
62,62,decoder_2_K4,1,4,28,2,1,8,0,0,8,0,1,1,64,1
62,62,decoder_2_K4,1,4,29,3,1,29,0,0,29,0,1,1,64,1
62,62,decoder_2_K4,1,4,30,2,0,30,0,0,30,0,1,1,64,1
62,62,decoder_2_K4,1,4,31,3,0,31,0,0,31,0,1,1,64,1
62,62,decoder_2_K4,1,8,32,4,0,32,0,0,32,0,1,1,64,1
62,62,decoder_2_K4,1,8,33,5,0,33,0,0,33,0,1,1,64,1
62,62,decoder_2_K4,1,8,34,4,1,56,0,0,56,0,1,1,64,1
62,62,decoder_2_K4,1,8,35,5,1,35,0,0,35,0,1,1,64,1
62,62,decoder_2_K4,1,9,36,4,2,36,0,0,36,0,1,1,64,1
62,62,decoder_2_K4,1,9,37,5,2,26,0,0,26,0,1,1,64,1
62,62,decoder_2_K4,1,9,38,4,3,38,0,0,38,0,1,1,64,1
62,62,decoder_2_K4,1,9,39,5,3,54,0,0,54,0,1,1,64,1
62,62,decoder_2_K4,1,10,40,4,4,40,0,0,40,0,1,1,64,1
62,62,decoder_2_K4,1,10,41,5,4,41,0,0,41,0,1,1,64,1
62,62,decoder_2_K4,1,10,42,4,5,13,0,0,13,0,1,1,64,1
62,62,decoder_2_K4,1,10,43,5,5,43,0,0,43,0,1,1,64,1
62,62,decoder_2_K4,1,11,44,4,6,44,0,0,44,0,1,1,64,1
62,62,decoder_2_K4,1,11,45,5,6,21,0,0,21,0,1,1,64,1
62,62,decoder_2_K4,1,11,46,4,7,46,0,0,46,0,1,1,64,1
62,62,decoder_2_K4,1,11,47,5,7,47,0,0,47,0,1,1,64,1
62,62,decoder_2_K4,1,15,48,6,7,16,0,0,16,0,1,1,64,1
62,62,decoder_2_K4,1,15,49,7,7,49,0,0,49,0,1,1,64,1
62,62,decoder_2_K4,1,15,50,6,6,50,0,0,50,0,1,1,64,1
62,62,decoder_2_K4,1,15,51,7,6,51,0,0,51,0,1,1,64,1
62,62,decoder_2_K4,1,14,52,6,5,52,0,0,52,0,1,1,64,1
62,62,decoder_2_K4,1,14,53,7,5,53,0,0,53,0,1,1,64,1
62,62,decoder_2_K4,1,14,54,6,4,39,0,0,39,0,1,1,64,1
62,62,decoder_2_K4,1,14,55,7,4,45,0,0,45,0,1,1,64,1
62,62,decoder_2_K4,1,13,56,6,3,34,0,0,34,0,1,1,64,1
62,62,decoder_2_K4,1,13,57,7,3,57,0,0,57,0,1,1,64,1
62,62,decoder_2_K4,1,13,58,6,2,5,0,0,5,0,1,1,64,1
62,62,decoder_2_K4,1,13,59,7,2,59,0,0,59,0,1,1,64,1
62,62,decoder_2_K4,1,12,60,6,1,60,0,0,60,0,1,1,64,1
62,62,decoder_2_K4,1,12,61,7,1,61,0,0,61,0,1,1,64,1
62,62,decoder_2_K4,1,12,62,6,0,62,0,0,62,0,1,1,64,1
62,62,decoder_2_K4,1,12,63,7,0,63,0,0,63,0,1,1,64,1
63,63,decoder_2_Kt4,1,0,0,0,0,0,0,0,0,0,1,8,8,1
63,63,decoder_2_Kt4,1,0,1,1,0,1,0,0,1,0,1,8,8,1
63,63,decoder_2_Kt4,1,0,2,0,1,2,0,0,2,0,1,8,8,1
63,63,decoder_2_Kt4,1,0,3,1,1,3,0,0,3,0,1,8,8,1
63,63,decoder_2_Kt4,1,1,4,0,2,4,0,0,4,0,1,8,8,1
63,63,decoder_2_Kt4,1,1,5,1,2,5,0,0,5,0,1,8,8,1
63,63,decoder_2_Kt4,1,1,6,0,3,6,0,0,6,0,1,8,8,1
63,63,decoder_2_Kt4,1,1,7,1,3,7,0,0,7,0,1,8,8,1
63,63,decoder_2_Kt4,1,2,8,0,4,8,0,1,0,0,1,8,8,1
63,63,decoder_2_Kt4,1,2,9,1,4,9,0,1,1,0,1,8,8,1
63,63,decoder_2_Kt4,1,2,10,0,5,10,0,1,2,0,1,8,8,1
63,63,decoder_2_Kt4,1,2,11,1,5,11,0,1,3,0,1,8,8,1
63,63,decoder_2_Kt4,1,3,12,0,6,12,0,1,4,0,1,8,8,1
63,63,decoder_2_Kt4,1,3,13,1,6,13,0,1,5,0,1,8,8,1
63,63,decoder_2_Kt4,1,3,14,0,7,14,0,1,6,0,1,8,8,1
63,63,decoder_2_Kt4,1,3,15,1,7,15,0,1,7,0,1,8,8,1
63,63,decoder_2_Kt4,1,7,16,2,7,16,0,2,0,0,1,8,8,1
63,63,decoder_2_Kt4,1,7,17,3,7,17,0,2,1,0,1,8,8,1
63,63,decoder_2_Kt4,1,7,18,2,6,18,0,2,2,0,1,8,8,1
63,63,decoder_2_Kt4,1,7,19,3,6,19,0,2,3,0,1,8,8,1
63,63,decoder_2_Kt4,1,6,20,2,5,20,0,2,4,0,1,8,8,1
63,63,decoder_2_Kt4,1,6,21,3,5,21,0,2,5,0,1,8,8,1
63,63,decoder_2_Kt4,1,6,22,2,4,22,0,2,6,0,1,8,8,1
63,63,decoder_2_Kt4,1,6,23,3,4,23,0,2,7,0,1,8,8,1
63,63,decoder_2_Kt4,1,5,24,2,3,24,0,3,0,0,1,8,8,1
63,63,decoder_2_Kt4,1,5,25,3,3,25,0,3,1,0,1,8,8,1
63,63,decoder_2_Kt4,1,5,26,2,2,26,0,3,2,0,1,8,8,1
63,63,decoder_2_Kt4,1,5,27,3,2,27,0,3,3,0,1,8,8,1
63,63,decoder_2_Kt4,1,4,28,2,1,28,0,3,4,0,1,8,8,1
63,63,decoder_2_Kt4,1,4,29,3,1,29,0,3,5,0,1,8,8,1
63,63,decoder_2_Kt4,1,4,30,2,0,30,0,3,6,0,1,8,8,1
63,63,decoder_2_Kt4,1,4,31,3,0,31,0,3,7,0,1,8,8,1
63,63,decoder_2_Kt4,1,8,32,4,0,32,0,4,0,0,1,8,8,1
63,63,decoder_2_Kt4,1,8,33,5,0,33,0,4,1,0,1,8,8,1
63,63,decoder_2_Kt4,1,8,34,4,1,34,0,4,2,0,1,8,8,1
63,63,decoder_2_Kt4,1,8,35,5,1,35,0,4,3,0,1,8,8,1
63,63,decoder_2_Kt4,1,9,36,4,2,36,0,4,4,0,1,8,8,1
63,63,decoder_2_Kt4,1,9,37,5,2,37,0,4,5,0,1,8,8,1
63,63,decoder_2_Kt4,1,9,38,4,3,38,0,4,6,0,1,8,8,1
63,63,decoder_2_Kt4,1,9,39,5,3,39,0,4,7,0,1,8,8,1
63,63,decoder_2_Kt4,1,10,40,4,4,40,0,5,0,0,1,8,8,1
63,63,decoder_2_Kt4,1,10,41,5,4,41,0,5,1,0,1,8,8,1
63,63,decoder_2_Kt4,1,10,42,4,5,42,0,5,2,0,1,8,8,1
63,63,decoder_2_Kt4,1,10,43,5,5,43,0,5,3,0,1,8,8,1
63,63,decoder_2_Kt4,1,11,44,4,6,44,0,5,4,0,1,8,8,1
63,63,decoder_2_Kt4,1,11,45,5,6,45,0,5,5,0,1,8,8,1
63,63,decoder_2_Kt4,1,11,46,4,7,46,0,5,6,0,1,8,8,1
63,63,decoder_2_Kt4,1,11,47,5,7,47,0,5,7,0,1,8,8,1
63,63,decoder_2_Kt4,1,15,48,6,7,48,0,6,0,0,1,8,8,1
63,63,decoder_2_Kt4,1,15,49,7,7,49,0,6,1,0,1,8,8,1
63,63,decoder_2_Kt4,1,15,50,6,6,50,0,6,2,0,1,8,8,1
63,63,decoder_2_Kt4,1,15,51,7,6,51,0,6,3,0,1,8,8,1
63,63,decoder_2_Kt4,1,14,52,6,5,52,0,6,4,0,1,8,8,1
63,63,decoder_2_Kt4,1,14,53,7,5,53,0,6,5,0,1,8,8,1
63,63,decoder_2_Kt4,1,14,54,6,4,54,0,6,6,0,1,8,8,1
63,63,decoder_2_Kt4,1,14,55,7,4,55,0,6,7,0,1,8,8,1
63,63,decoder_2_Kt4,1,13,56,6,3,56,0,7,0,0,1,8,8,1
63,63,decoder_2_Kt4,1,13,57,7,3,57,0,7,1,0,1,8,8,1
63,63,decoder_2_Kt4,1,13,58,6,2,58,0,7,2,0,1,8,8,1
63,63,decoder_2_Kt4,1,13,59,7,2,59,0,7,3,0,1,8,8,1
63,63,decoder_2_Kt4,1,12,60,6,1,60,0,7,4,0,1,8,8,1
63,63,decoder_2_Kt4,1,12,61,7,1,61,0,7,5,0,1,8,8,1
63,63,decoder_2_Kt4,1,12,62,6,0,62,0,7,6,0,1,8,8,1
63,63,decoder_2_Kt4,1,12,63,7,0,63,0,7,7,0,1,8,8,1
64,64,decoder_2_K5,1,0,0,0,0,0,0,0,0,0,1,1,64,1
64,64,decoder_2_K5,1,0,1,1,0,1,0,0,1,0,1,1,64,1
64,64,decoder_2_K5,1,0,2,0,1,35,0,0,35,0,1,1,64,1
64,64,decoder_2_K5,1,0,3,1,1,18,0,0,18,0,1,1,64,1
64,64,decoder_2_K5,1,1,4,0,2,22,0,0,22,0,1,1,64,1
64,64,decoder_2_K5,1,1,5,1,2,3,0,0,3,0,1,1,64,1
64,64,decoder_2_K5,1,1,6,0,3,8,0,0,8,0,1,1,64,1
64,64,decoder_2_K5,1,1,7,1,3,7,0,0,7,0,1,1,64,1
64,64,decoder_2_K5,1,2,8,0,4,42,0,0,42,0,1,1,64,1
64,64,decoder_2_K5,1,2,9,1,4,23,0,0,23,0,1,1,64,1
64,64,decoder_2_K5,1,2,10,0,5,10,0,0,10,0,1,1,64,1
64,64,decoder_2_K5,1,2,11,1,5,11,0,0,11,0,1,1,64,1
64,64,decoder_2_K5,1,3,12,0,6,9,0,0,9,0,1,1,64,1
64,64,decoder_2_K5,1,3,13,1,6,5,0,0,5,0,1,1,64,1
64,64,decoder_2_K5,1,3,14,0,7,13,0,0,13,0,1,1,64,1
64,64,decoder_2_K5,1,3,15,1,7,12,0,0,12,0,1,1,64,1
64,64,decoder_2_K5,1,7,16,2,7,28,0,0,28,0,1,1,64,1
64,64,decoder_2_K5,1,7,17,3,7,17,0,0,17,0,1,1,64,1
64,64,decoder_2_K5,1,7,18,2,6,14,0,0,14,0,1,1,64,1
64,64,decoder_2_K5,1,7,19,3,6,19,0,0,19,0,1,1,64,1
64,64,decoder_2_K5,1,6,20,2,5,26,0,0,26,0,1,1,64,1
64,64,decoder_2_K5,1,6,21,3,5,20,0,0,20,0,1,1,64,1
64,64,decoder_2_K5,1,6,22,2,4,4,0,0,4,0,1,1,64,1
64,64,decoder_2_K5,1,6,23,3,4,43,0,0,43,0,1,1,64,1
64,64,decoder_2_K5,1,5,24,2,3,24,0,0,24,0,1,1,64,1
64,64,decoder_2_K5,1,5,25,3,3,63,0,0,63,0,1,1,64,1
64,64,decoder_2_K5,1,5,26,2,2,21,0,0,21,0,1,1,64,1
64,64,decoder_2_K5,1,5,27,3,2,54,0,0,54,0,1,1,64,1
64,64,decoder_2_K5,1,4,28,2,1,15,0,0,15,0,1,1,64,1
64,64,decoder_2_K5,1,4,29,3,1,38,0,0,38,0,1,1,64,1
64,64,decoder_2_K5,1,4,30,2,0,30,0,0,30,0,1,1,64,1
64,64,decoder_2_K5,1,4,31,3,0,56,0,0,56,0,1,1,64,1
64,64,decoder_2_K5,1,8,32,4,0,25,0,0,25,0,1,1,64,1
64,64,decoder_2_K5,1,8,33,5,0,60,0,0,60,0,1,1,64,1
64,64,decoder_2_K5,1,8,34,4,1,40,0,0,40,0,1,1,64,1
64,64,decoder_2_K5,1,8,35,5,1,2,0,0,2,0,1,1,64,1
64,64,decoder_2_K5,1,9,36,4,2,6,0,0,6,0,1,1,64,1
64,64,decoder_2_K5,1,9,37,5,2,37,0,0,37,0,1,1,64,1
64,64,decoder_2_K5,1,9,38,4,3,29,0,0,29,0,1,1,64,1
64,64,decoder_2_K5,1,9,39,5,3,39,0,0,39,0,1,1,64,1
64,64,decoder_2_K5,1,10,40,4,4,59,0,0,59,0,1,1,64,1
64,64,decoder_2_K5,1,10,41,5,4,41,0,0,41,0,1,1,64,1
64,64,decoder_2_K5,1,10,42,4,5,16,0,0,16,0,1,1,64,1
64,64,decoder_2_K5,1,10,43,5,5,53,0,0,53,0,1,1,64,1
64,64,decoder_2_K5,1,11,44,4,6,44,0,0,44,0,1,1,64,1
64,64,decoder_2_K5,1,11,45,5,6,45,0,0,45,0,1,1,64,1
64,64,decoder_2_K5,1,11,46,4,7,46,0,0,46,0,1,1,64,1
64,64,decoder_2_K5,1,11,47,5,7,47,0,0,47,0,1,1,64,1
64,64,decoder_2_K5,1,15,48,6,7,48,0,0,48,0,1,1,64,1
64,64,decoder_2_K5,1,15,49,7,7,49,0,0,49,0,1,1,64,1
64,64,decoder_2_K5,1,15,50,6,6,58,0,0,58,0,1,1,64,1
64,64,decoder_2_K5,1,15,51,7,6,51,0,0,51,0,1,1,64,1
64,64,decoder_2_K5,1,14,52,6,5,52,0,0,52,0,1,1,64,1
64,64,decoder_2_K5,1,14,53,7,5,36,0,0,36,0,1,1,64,1
64,64,decoder_2_K5,1,14,54,6,4,27,0,0,27,0,1,1,64,1
64,64,decoder_2_K5,1,14,55,7,4,55,0,0,55,0,1,1,64,1
64,64,decoder_2_K5,1,13,56,6,3,33,0,0,33,0,1,1,64,1
64,64,decoder_2_K5,1,13,57,7,3,57,0,0,57,0,1,1,64,1
64,64,decoder_2_K5,1,13,58,6,2,50,0,0,50,0,1,1,64,1
64,64,decoder_2_K5,1,13,59,7,2,34,0,0,34,0,1,1,64,1
64,64,decoder_2_K5,1,12,60,6,1,32,0,0,32,0,1,1,64,1
64,64,decoder_2_K5,1,12,61,7,1,61,0,0,61,0,1,1,64,1
64,64,decoder_2_K5,1,12,62,6,0,62,0,0,62,0,1,1,64,1
64,64,decoder_2_K5,1,12,63,7,0,31,0,0,31,0,1,1,64,1
65,65,decoder_2_Kt5,1,0,0,0,0,0,0,0,0,0,1,8,8,1
65,65,decoder_2_Kt5,1,0,1,1,0,1,0,0,1,0,1,8,8,1
65,65,decoder_2_Kt5,1,0,2,0,1,2,0,0,2,0,1,8,8,1
65,65,decoder_2_Kt5,1,0,3,1,1,3,0,0,3,0,1,8,8,1
65,65,decoder_2_Kt5,1,1,4,0,2,4,0,0,4,0,1,8,8,1
65,65,decoder_2_Kt5,1,1,5,1,2,5,0,0,5,0,1,8,8,1
65,65,decoder_2_Kt5,1,1,6,0,3,6,0,0,6,0,1,8,8,1
65,65,decoder_2_Kt5,1,1,7,1,3,7,0,0,7,0,1,8,8,1
65,65,decoder_2_Kt5,1,2,8,0,4,8,0,1,0,0,1,8,8,1
65,65,decoder_2_Kt5,1,2,9,1,4,9,0,1,1,0,1,8,8,1
65,65,decoder_2_Kt5,1,2,10,0,5,10,0,1,2,0,1,8,8,1
65,65,decoder_2_Kt5,1,2,11,1,5,11,0,1,3,0,1,8,8,1
65,65,decoder_2_Kt5,1,3,12,0,6,12,0,1,4,0,1,8,8,1
65,65,decoder_2_Kt5,1,3,13,1,6,13,0,1,5,0,1,8,8,1
65,65,decoder_2_Kt5,1,3,14,0,7,14,0,1,6,0,1,8,8,1
65,65,decoder_2_Kt5,1,3,15,1,7,15,0,1,7,0,1,8,8,1
65,65,decoder_2_Kt5,1,7,16,2,7,16,0,2,0,0,1,8,8,1
65,65,decoder_2_Kt5,1,7,17,3,7,17,0,2,1,0,1,8,8,1
65,65,decoder_2_Kt5,1,7,18,2,6,18,0,2,2,0,1,8,8,1
65,65,decoder_2_Kt5,1,7,19,3,6,19,0,2,3,0,1,8,8,1
65,65,decoder_2_Kt5,1,6,20,2,5,20,0,2,4,0,1,8,8,1
65,65,decoder_2_Kt5,1,6,21,3,5,21,0,2,5,0,1,8,8,1
65,65,decoder_2_Kt5,1,6,22,2,4,22,0,2,6,0,1,8,8,1
65,65,decoder_2_Kt5,1,6,23,3,4,23,0,2,7,0,1,8,8,1
65,65,decoder_2_Kt5,1,5,24,2,3,24,0,3,0,0,1,8,8,1
65,65,decoder_2_Kt5,1,5,25,3,3,25,0,3,1,0,1,8,8,1
65,65,decoder_2_Kt5,1,5,26,2,2,26,0,3,2,0,1,8,8,1
65,65,decoder_2_Kt5,1,5,27,3,2,27,0,3,3,0,1,8,8,1
65,65,decoder_2_Kt5,1,4,28,2,1,28,0,3,4,0,1,8,8,1
65,65,decoder_2_Kt5,1,4,29,3,1,29,0,3,5,0,1,8,8,1
65,65,decoder_2_Kt5,1,4,30,2,0,30,0,3,6,0,1,8,8,1
65,65,decoder_2_Kt5,1,4,31,3,0,31,0,3,7,0,1,8,8,1
65,65,decoder_2_Kt5,1,8,32,4,0,32,0,4,0,0,1,8,8,1
65,65,decoder_2_Kt5,1,8,33,5,0,33,0,4,1,0,1,8,8,1
65,65,decoder_2_Kt5,1,8,34,4,1,34,0,4,2,0,1,8,8,1
65,65,decoder_2_Kt5,1,8,35,5,1,35,0,4,3,0,1,8,8,1
65,65,decoder_2_Kt5,1,9,36,4,2,36,0,4,4,0,1,8,8,1
65,65,decoder_2_Kt5,1,9,37,5,2,37,0,4,5,0,1,8,8,1
65,65,decoder_2_Kt5,1,9,38,4,3,38,0,4,6,0,1,8,8,1
65,65,decoder_2_Kt5,1,9,39,5,3,39,0,4,7,0,1,8,8,1
65,65,decoder_2_Kt5,1,10,40,4,4,40,0,5,0,0,1,8,8,1
65,65,decoder_2_Kt5,1,10,41,5,4,41,0,5,1,0,1,8,8,1
65,65,decoder_2_Kt5,1,10,42,4,5,42,0,5,2,0,1,8,8,1
65,65,decoder_2_Kt5,1,10,43,5,5,43,0,5,3,0,1,8,8,1
65,65,decoder_2_Kt5,1,11,44,4,6,44,0,5,4,0,1,8,8,1
65,65,decoder_2_Kt5,1,11,45,5,6,45,0,5,5,0,1,8,8,1
65,65,decoder_2_Kt5,1,11,46,4,7,46,0,5,6,0,1,8,8,1
65,65,decoder_2_Kt5,1,11,47,5,7,47,0,5,7,0,1,8,8,1
65,65,decoder_2_Kt5,1,15,48,6,7,48,0,6,0,0,1,8,8,1
65,65,decoder_2_Kt5,1,15,49,7,7,49,0,6,1,0,1,8,8,1
65,65,decoder_2_Kt5,1,15,50,6,6,50,0,6,2,0,1,8,8,1
65,65,decoder_2_Kt5,1,15,51,7,6,51,0,6,3,0,1,8,8,1
65,65,decoder_2_Kt5,1,14,52,6,5,52,0,6,4,0,1,8,8,1
65,65,decoder_2_Kt5,1,14,53,7,5,53,0,6,5,0,1,8,8,1
65,65,decoder_2_Kt5,1,14,54,6,4,54,0,6,6,0,1,8,8,1
65,65,decoder_2_Kt5,1,14,55,7,4,55,0,6,7,0,1,8,8,1
65,65,decoder_2_Kt5,1,13,56,6,3,56,0,7,0,0,1,8,8,1
65,65,decoder_2_Kt5,1,13,57,7,3,57,0,7,1,0,1,8,8,1
65,65,decoder_2_Kt5,1,13,58,6,2,58,0,7,2,0,1,8,8,1
65,65,decoder_2_Kt5,1,13,59,7,2,59,0,7,3,0,1,8,8,1
65,65,decoder_2_Kt5,1,12,60,6,1,60,0,7,4,0,1,8,8,1
65,65,decoder_2_Kt5,1,12,61,7,1,61,0,7,5,0,1,8,8,1
65,65,decoder_2_Kt5,1,12,62,6,0,62,0,7,6,0,1,8,8,1
65,65,decoder_2_Kt5,1,12,63,7,0,63,0,7,7,0,1,8,8,1
66,66,decoder_2_K6,1,0,0,0,0,0,0,0,0,0,1,1,64,1
66,66,decoder_2_K6,1,0,1,1,0,1,0,0,1,0,1,1,64,1
66,66,decoder_2_K6,1,0,2,0,1,24,0,0,24,0,1,1,64,1
66,66,decoder_2_K6,1,0,3,1,1,30,0,0,30,0,1,1,64,1
66,66,decoder_2_K6,1,1,4,0,2,4,0,0,4,0,1,1,64,1
66,66,decoder_2_K6,1,1,5,1,2,29,0,0,29,0,1,1,64,1
66,66,decoder_2_K6,1,1,6,0,3,6,0,0,6,0,1,1,64,1
66,66,decoder_2_K6,1,1,7,1,3,7,0,0,7,0,1,1,64,1
66,66,decoder_2_K6,1,2,8,0,4,8,0,0,8,0,1,1,64,1
66,66,decoder_2_K6,1,2,9,1,4,12,0,0,12,0,1,1,64,1
66,66,decoder_2_K6,1,2,10,0,5,10,0,0,10,0,1,1,64,1
66,66,decoder_2_K6,1,2,11,1,5,11,0,0,11,0,1,1,64,1
66,66,decoder_2_K6,1,3,12,0,6,9,0,0,9,0,1,1,64,1
66,66,decoder_2_K6,1,3,13,1,6,13,0,0,13,0,1,1,64,1
66,66,decoder_2_K6,1,3,14,0,7,14,0,0,14,0,1,1,64,1
66,66,decoder_2_K6,1,3,15,1,7,15,0,0,15,0,1,1,64,1
66,66,decoder_2_K6,1,7,16,2,7,40,0,0,40,0,1,1,64,1
66,66,decoder_2_K6,1,7,17,3,7,17,0,0,17,0,1,1,64,1
66,66,decoder_2_K6,1,7,18,2,6,18,0,0,18,0,1,1,64,1
66,66,decoder_2_K6,1,7,19,3,6,19,0,0,19,0,1,1,64,1
66,66,decoder_2_K6,1,6,20,2,5,21,0,0,21,0,1,1,64,1
66,66,decoder_2_K6,1,6,21,3,5,20,0,0,20,0,1,1,64,1
66,66,decoder_2_K6,1,6,22,2,4,22,0,0,22,0,1,1,64,1
66,66,decoder_2_K6,1,6,23,3,4,23,0,0,23,0,1,1,64,1
66,66,decoder_2_K6,1,5,24,2,3,2,0,0,2,0,1,1,64,1
66,66,decoder_2_K6,1,5,25,3,3,25,0,0,25,0,1,1,64,1
66,66,decoder_2_K6,1,5,26,2,2,26,0,0,26,0,1,1,64,1
66,66,decoder_2_K6,1,5,27,3,2,27,0,0,27,0,1,1,64,1
66,66,decoder_2_K6,1,4,28,2,1,28,0,0,28,0,1,1,64,1
66,66,decoder_2_K6,1,4,29,3,1,5,0,0,5,0,1,1,64,1
66,66,decoder_2_K6,1,4,30,2,0,3,0,0,3,0,1,1,64,1
66,66,decoder_2_K6,1,4,31,3,0,31,0,0,31,0,1,1,64,1
66,66,decoder_2_K6,1,8,32,4,0,60,0,0,60,0,1,1,64,1
66,66,decoder_2_K6,1,8,33,5,0,33,0,0,33,0,1,1,64,1
66,66,decoder_2_K6,1,8,34,4,1,59,0,0,59,0,1,1,64,1
66,66,decoder_2_K6,1,8,35,5,1,63,0,0,63,0,1,1,64,1
66,66,decoder_2_K6,1,9,36,4,2,36,0,0,36,0,1,1,64,1
66,66,decoder_2_K6,1,9,37,5,2,37,0,0,37,0,1,1,64,1
66,66,decoder_2_K6,1,9,38,4,3,53,0,0,53,0,1,1,64,1
66,66,decoder_2_K6,1,9,39,5,3,39,0,0,39,0,1,1,64,1
66,66,decoder_2_K6,1,10,40,4,4,43,0,0,43,0,1,1,64,1
66,66,decoder_2_K6,1,10,41,5,4,41,0,0,41,0,1,1,64,1
66,66,decoder_2_K6,1,10,42,4,5,42,0,0,42,0,1,1,64,1
66,66,decoder_2_K6,1,10,43,5,5,16,0,0,16,0,1,1,64,1
66,66,decoder_2_K6,1,11,44,4,6,44,0,0,44,0,1,1,64,1
66,66,decoder_2_K6,1,11,45,5,6,51,0,0,51,0,1,1,64,1
66,66,decoder_2_K6,1,11,46,4,7,46,0,0,46,0,1,1,64,1
66,66,decoder_2_K6,1,11,47,5,7,47,0,0,47,0,1,1,64,1
66,66,decoder_2_K6,1,15,48,6,7,48,0,0,48,0,1,1,64,1
66,66,decoder_2_K6,1,15,49,7,7,49,0,0,49,0,1,1,64,1
66,66,decoder_2_K6,1,15,50,6,6,50,0,0,50,0,1,1,64,1
66,66,decoder_2_K6,1,15,51,7,6,45,0,0,45,0,1,1,64,1
66,66,decoder_2_K6,1,14,52,6,5,52,0,0,52,0,1,1,64,1
66,66,decoder_2_K6,1,14,53,7,5,38,0,0,38,0,1,1,64,1
66,66,decoder_2_K6,1,14,54,6,4,54,0,0,54,0,1,1,64,1
66,66,decoder_2_K6,1,14,55,7,4,55,0,0,55,0,1,1,64,1
66,66,decoder_2_K6,1,13,56,6,3,56,0,0,56,0,1,1,64,1
66,66,decoder_2_K6,1,13,57,7,3,57,0,0,57,0,1,1,64,1
66,66,decoder_2_K6,1,13,58,6,2,58,0,0,58,0,1,1,64,1
66,66,decoder_2_K6,1,13,59,7,2,34,0,0,34,0,1,1,64,1
66,66,decoder_2_K6,1,12,60,6,1,32,0,0,32,0,1,1,64,1
66,66,decoder_2_K6,1,12,61,7,1,61,0,0,61,0,1,1,64,1
66,66,decoder_2_K6,1,12,62,6,0,62,0,0,62,0,1,1,64,1
66,66,decoder_2_K6,1,12,63,7,0,35,0,0,35,0,1,1,64,1
67,67,decoder_2_Kt6,1,0,0,0,0,0,0,0,0,0,1,8,8,1
67,67,decoder_2_Kt6,1,0,1,1,0,1,0,0,1,0,1,8,8,1
67,67,decoder_2_Kt6,1,0,2,0,1,2,0,0,2,0,1,8,8,1
67,67,decoder_2_Kt6,1,0,3,1,1,3,0,0,3,0,1,8,8,1
67,67,decoder_2_Kt6,1,1,4,0,2,4,0,0,4,0,1,8,8,1
67,67,decoder_2_Kt6,1,1,5,1,2,5,0,0,5,0,1,8,8,1
67,67,decoder_2_Kt6,1,1,6,0,3,6,0,0,6,0,1,8,8,1
67,67,decoder_2_Kt6,1,1,7,1,3,7,0,0,7,0,1,8,8,1
67,67,decoder_2_Kt6,1,2,8,0,4,8,0,1,0,0,1,8,8,1
67,67,decoder_2_Kt6,1,2,9,1,4,9,0,1,1,0,1,8,8,1
67,67,decoder_2_Kt6,1,2,10,0,5,10,0,1,2,0,1,8,8,1
67,67,decoder_2_Kt6,1,2,11,1,5,11,0,1,3,0,1,8,8,1
67,67,decoder_2_Kt6,1,3,12,0,6,12,0,1,4,0,1,8,8,1
67,67,decoder_2_Kt6,1,3,13,1,6,13,0,1,5,0,1,8,8,1
67,67,decoder_2_Kt6,1,3,14,0,7,14,0,1,6,0,1,8,8,1
67,67,decoder_2_Kt6,1,3,15,1,7,15,0,1,7,0,1,8,8,1
67,67,decoder_2_Kt6,1,7,16,2,7,16,0,2,0,0,1,8,8,1
67,67,decoder_2_Kt6,1,7,17,3,7,17,0,2,1,0,1,8,8,1
67,67,decoder_2_Kt6,1,7,18,2,6,18,0,2,2,0,1,8,8,1
67,67,decoder_2_Kt6,1,7,19,3,6,19,0,2,3,0,1,8,8,1
67,67,decoder_2_Kt6,1,6,20,2,5,20,0,2,4,0,1,8,8,1
67,67,decoder_2_Kt6,1,6,21,3,5,21,0,2,5,0,1,8,8,1
67,67,decoder_2_Kt6,1,6,22,2,4,22,0,2,6,0,1,8,8,1
67,67,decoder_2_Kt6,1,6,23,3,4,23,0,2,7,0,1,8,8,1
67,67,decoder_2_Kt6,1,5,24,2,3,24,0,3,0,0,1,8,8,1
67,67,decoder_2_Kt6,1,5,25,3,3,25,0,3,1,0,1,8,8,1
67,67,decoder_2_Kt6,1,5,26,2,2,26,0,3,2,0,1,8,8,1
67,67,decoder_2_Kt6,1,5,27,3,2,27,0,3,3,0,1,8,8,1
67,67,decoder_2_Kt6,1,4,28,2,1,28,0,3,4,0,1,8,8,1
67,67,decoder_2_Kt6,1,4,29,3,1,29,0,3,5,0,1,8,8,1
67,67,decoder_2_Kt6,1,4,30,2,0,30,0,3,6,0,1,8,8,1
67,67,decoder_2_Kt6,1,4,31,3,0,31,0,3,7,0,1,8,8,1
67,67,decoder_2_Kt6,1,8,32,4,0,32,0,4,0,0,1,8,8,1
67,67,decoder_2_Kt6,1,8,33,5,0,33,0,4,1,0,1,8,8,1
67,67,decoder_2_Kt6,1,8,34,4,1,34,0,4,2,0,1,8,8,1
67,67,decoder_2_Kt6,1,8,35,5,1,35,0,4,3,0,1,8,8,1
67,67,decoder_2_Kt6,1,9,36,4,2,36,0,4,4,0,1,8,8,1
67,67,decoder_2_Kt6,1,9,37,5,2,37,0,4,5,0,1,8,8,1
67,67,decoder_2_Kt6,1,9,38,4,3,38,0,4,6,0,1,8,8,1
67,67,decoder_2_Kt6,1,9,39,5,3,39,0,4,7,0,1,8,8,1
67,67,decoder_2_Kt6,1,10,40,4,4,40,0,5,0,0,1,8,8,1
67,67,decoder_2_Kt6,1,10,41,5,4,41,0,5,1,0,1,8,8,1
67,67,decoder_2_Kt6,1,10,42,4,5,42,0,5,2,0,1,8,8,1
67,67,decoder_2_Kt6,1,10,43,5,5,43,0,5,3,0,1,8,8,1
67,67,decoder_2_Kt6,1,11,44,4,6,44,0,5,4,0,1,8,8,1
67,67,decoder_2_Kt6,1,11,45,5,6,45,0,5,5,0,1,8,8,1
67,67,decoder_2_Kt6,1,11,46,4,7,46,0,5,6,0,1,8,8,1
67,67,decoder_2_Kt6,1,11,47,5,7,47,0,5,7,0,1,8,8,1
67,67,decoder_2_Kt6,1,15,48,6,7,48,0,6,0,0,1,8,8,1
67,67,decoder_2_Kt6,1,15,49,7,7,49,0,6,1,0,1,8,8,1
67,67,decoder_2_Kt6,1,15,50,6,6,50,0,6,2,0,1,8,8,1
67,67,decoder_2_Kt6,1,15,51,7,6,51,0,6,3,0,1,8,8,1
67,67,decoder_2_Kt6,1,14,52,6,5,52,0,6,4,0,1,8,8,1
67,67,decoder_2_Kt6,1,14,53,7,5,53,0,6,5,0,1,8,8,1
67,67,decoder_2_Kt6,1,14,54,6,4,54,0,6,6,0,1,8,8,1
67,67,decoder_2_Kt6,1,14,55,7,4,55,0,6,7,0,1,8,8,1
67,67,decoder_2_Kt6,1,13,56,6,3,56,0,7,0,0,1,8,8,1
67,67,decoder_2_Kt6,1,13,57,7,3,57,0,7,1,0,1,8,8,1
67,67,decoder_2_Kt6,1,13,58,6,2,58,0,7,2,0,1,8,8,1
67,67,decoder_2_Kt6,1,13,59,7,2,59,0,7,3,0,1,8,8,1
67,67,decoder_2_Kt6,1,12,60,6,1,60,0,7,4,0,1,8,8,1
67,67,decoder_2_Kt6,1,12,61,7,1,61,0,7,5,0,1,8,8,1
67,67,decoder_2_Kt6,1,12,62,6,0,62,0,7,6,0,1,8,8,1
67,67,decoder_2_Kt6,1,12,63,7,0,63,0,7,7,0,1,8,8,1
68,68,decoder_2_K7,1,0,0,0,0,43,0,0,43,0,1,1,64,1
68,68,decoder_2_K7,1,0,1,1,0,25,0,0,25,0,1,1,64,1
68,68,decoder_2_K7,1,0,2,0,1,11,0,0,11,0,1,1,64,1
68,68,decoder_2_K7,1,0,3,1,1,7,0,0,7,0,1,1,64,1
68,68,decoder_2_K7,1,1,4,0,2,28,0,0,28,0,1,1,64,1
68,68,decoder_2_K7,1,1,5,1,2,3,0,0,3,0,1,1,64,1
68,68,decoder_2_K7,1,1,6,0,3,12,0,0,12,0,1,1,64,1
68,68,decoder_2_K7,1,1,7,1,3,47,0,0,47,0,1,1,64,1
68,68,decoder_2_K7,1,2,8,0,4,1,0,0,1,0,1,1,64,1
68,68,decoder_2_K7,1,2,9,1,4,51,0,0,51,0,1,1,64,1
68,68,decoder_2_K7,1,2,10,0,5,10,0,0,10,0,1,1,64,1
68,68,decoder_2_K7,1,2,11,1,5,26,0,0,26,0,1,1,64,1
68,68,decoder_2_K7,1,3,12,0,6,21,0,0,21,0,1,1,64,1
68,68,decoder_2_K7,1,3,13,1,6,55,0,0,55,0,1,1,64,1
68,68,decoder_2_K7,1,3,14,0,7,6,0,0,6,0,1,1,64,1
68,68,decoder_2_K7,1,3,15,1,7,9,0,0,9,0,1,1,64,1
68,68,decoder_2_K7,1,7,16,2,7,24,0,0,24,0,1,1,64,1
68,68,decoder_2_K7,1,7,17,3,7,58,0,0,58,0,1,1,64,1
68,68,decoder_2_K7,1,7,18,2,6,18,0,0,18,0,1,1,64,1
68,68,decoder_2_K7,1,7,19,3,6,49,0,0,49,0,1,1,64,1
68,68,decoder_2_K7,1,6,20,2,5,4,0,0,4,0,1,1,64,1
68,68,decoder_2_K7,1,6,21,3,5,46,0,0,46,0,1,1,64,1
68,68,decoder_2_K7,1,6,22,2,4,44,0,0,44,0,1,1,64,1
68,68,decoder_2_K7,1,6,23,3,4,38,0,0,38,0,1,1,64,1
68,68,decoder_2_K7,1,5,24,2,3,62,0,0,62,0,1,1,64,1
68,68,decoder_2_K7,1,5,25,3,3,16,0,0,16,0,1,1,64,1
68,68,decoder_2_K7,1,5,26,2,2,2,0,0,2,0,1,1,64,1
68,68,decoder_2_K7,1,5,27,3,2,17,0,0,17,0,1,1,64,1
68,68,decoder_2_K7,1,4,28,2,1,14,0,0,14,0,1,1,64,1
68,68,decoder_2_K7,1,4,29,3,1,37,0,0,37,0,1,1,64,1
68,68,decoder_2_K7,1,4,30,2,0,5,0,0,5,0,1,1,64,1
68,68,decoder_2_K7,1,4,31,3,0,0,0,0,0,0,1,1,64,1
68,68,decoder_2_K7,1,8,32,4,0,32,0,0,32,0,1,1,64,1
68,68,decoder_2_K7,1,8,33,5,0,8,0,0,8,0,1,1,64,1
68,68,decoder_2_K7,1,8,34,4,1,41,0,0,41,0,1,1,64,1
68,68,decoder_2_K7,1,8,35,5,1,34,0,0,34,0,1,1,64,1
68,68,decoder_2_K7,1,9,36,4,2,56,0,0,56,0,1,1,64,1
68,68,decoder_2_K7,1,9,37,5,2,48,0,0,48,0,1,1,64,1
68,68,decoder_2_K7,1,9,38,4,3,30,0,0,30,0,1,1,64,1
68,68,decoder_2_K7,1,9,39,5,3,50,0,0,50,0,1,1,64,1
68,68,decoder_2_K7,1,10,40,4,4,19,0,0,19,0,1,1,64,1
68,68,decoder_2_K7,1,10,41,5,4,42,0,0,42,0,1,1,64,1
68,68,decoder_2_K7,1,10,42,4,5,29,0,0,29,0,1,1,64,1
68,68,decoder_2_K7,1,10,43,5,5,31,0,0,31,0,1,1,64,1
68,68,decoder_2_K7,1,11,44,4,6,22,0,0,22,0,1,1,64,1
68,68,decoder_2_K7,1,11,45,5,6,54,0,0,54,0,1,1,64,1
68,68,decoder_2_K7,1,11,46,4,7,40,0,0,40,0,1,1,64,1
68,68,decoder_2_K7,1,11,47,5,7,53,0,0,53,0,1,1,64,1
68,68,decoder_2_K7,1,15,48,6,7,39,0,0,39,0,1,1,64,1
68,68,decoder_2_K7,1,15,49,7,7,23,0,0,23,0,1,1,64,1
68,68,decoder_2_K7,1,15,50,6,6,35,0,0,35,0,1,1,64,1
68,68,decoder_2_K7,1,15,51,7,6,13,0,0,13,0,1,1,64,1
68,68,decoder_2_K7,1,14,52,6,5,52,0,0,52,0,1,1,64,1
68,68,decoder_2_K7,1,14,53,7,5,57,0,0,57,0,1,1,64,1
68,68,decoder_2_K7,1,14,54,6,4,59,0,0,59,0,1,1,64,1
68,68,decoder_2_K7,1,14,55,7,4,15,0,0,15,0,1,1,64,1
68,68,decoder_2_K7,1,13,56,6,3,61,0,0,61,0,1,1,64,1
68,68,decoder_2_K7,1,13,57,7,3,45,0,0,45,0,1,1,64,1
68,68,decoder_2_K7,1,13,58,6,2,27,0,0,27,0,1,1,64,1
68,68,decoder_2_K7,1,13,59,7,2,20,0,0,20,0,1,1,64,1
68,68,decoder_2_K7,1,12,60,6,1,60,0,0,60,0,1,1,64,1
68,68,decoder_2_K7,1,12,61,7,1,33,0,0,33,0,1,1,64,1
68,68,decoder_2_K7,1,12,62,6,0,36,0,0,36,0,1,1,64,1
68,68,decoder_2_K7,1,12,63,7,0,63,0,0,63,0,1,1,64,1
69,69,decoder_2_Kt7,1,0,0,0,0,0,0,0,0,0,1,8,8,1
69,69,decoder_2_Kt7,1,0,1,1,0,1,0,0,1,0,1,8,8,1
69,69,decoder_2_Kt7,1,0,2,0,1,2,0,0,2,0,1,8,8,1
69,69,decoder_2_Kt7,1,0,3,1,1,3,0,0,3,0,1,8,8,1
69,69,decoder_2_Kt7,1,1,4,0,2,4,0,0,4,0,1,8,8,1
69,69,decoder_2_Kt7,1,1,5,1,2,5,0,0,5,0,1,8,8,1
69,69,decoder_2_Kt7,1,1,6,0,3,6,0,0,6,0,1,8,8,1
69,69,decoder_2_Kt7,1,1,7,1,3,7,0,0,7,0,1,8,8,1
69,69,decoder_2_Kt7,1,2,8,0,4,8,0,1,0,0,1,8,8,1
69,69,decoder_2_Kt7,1,2,9,1,4,9,0,1,1,0,1,8,8,1
69,69,decoder_2_Kt7,1,2,10,0,5,10,0,1,2,0,1,8,8,1
69,69,decoder_2_Kt7,1,2,11,1,5,11,0,1,3,0,1,8,8,1
69,69,decoder_2_Kt7,1,3,12,0,6,12,0,1,4,0,1,8,8,1
69,69,decoder_2_Kt7,1,3,13,1,6,13,0,1,5,0,1,8,8,1
69,69,decoder_2_Kt7,1,3,14,0,7,14,0,1,6,0,1,8,8,1
69,69,decoder_2_Kt7,1,3,15,1,7,15,0,1,7,0,1,8,8,1
69,69,decoder_2_Kt7,1,7,16,2,7,16,0,2,0,0,1,8,8,1
69,69,decoder_2_Kt7,1,7,17,3,7,17,0,2,1,0,1,8,8,1
69,69,decoder_2_Kt7,1,7,18,2,6,18,0,2,2,0,1,8,8,1
69,69,decoder_2_Kt7,1,7,19,3,6,19,0,2,3,0,1,8,8,1
69,69,decoder_2_Kt7,1,6,20,2,5,20,0,2,4,0,1,8,8,1
69,69,decoder_2_Kt7,1,6,21,3,5,21,0,2,5,0,1,8,8,1
69,69,decoder_2_Kt7,1,6,22,2,4,22,0,2,6,0,1,8,8,1
69,69,decoder_2_Kt7,1,6,23,3,4,23,0,2,7,0,1,8,8,1
69,69,decoder_2_Kt7,1,5,24,2,3,24,0,3,0,0,1,8,8,1
69,69,decoder_2_Kt7,1,5,25,3,3,25,0,3,1,0,1,8,8,1
69,69,decoder_2_Kt7,1,5,26,2,2,26,0,3,2,0,1,8,8,1
69,69,decoder_2_Kt7,1,5,27,3,2,27,0,3,3,0,1,8,8,1
69,69,decoder_2_Kt7,1,4,28,2,1,28,0,3,4,0,1,8,8,1
69,69,decoder_2_Kt7,1,4,29,3,1,29,0,3,5,0,1,8,8,1
69,69,decoder_2_Kt7,1,4,30,2,0,30,0,3,6,0,1,8,8,1
69,69,decoder_2_Kt7,1,4,31,3,0,31,0,3,7,0,1,8,8,1
69,69,decoder_2_Kt7,1,8,32,4,0,32,0,4,0,0,1,8,8,1
69,69,decoder_2_Kt7,1,8,33,5,0,33,0,4,1,0,1,8,8,1
69,69,decoder_2_Kt7,1,8,34,4,1,34,0,4,2,0,1,8,8,1
69,69,decoder_2_Kt7,1,8,35,5,1,35,0,4,3,0,1,8,8,1
69,69,decoder_2_Kt7,1,9,36,4,2,36,0,4,4,0,1,8,8,1
69,69,decoder_2_Kt7,1,9,37,5,2,37,0,4,5,0,1,8,8,1
69,69,decoder_2_Kt7,1,9,38,4,3,38,0,4,6,0,1,8,8,1
69,69,decoder_2_Kt7,1,9,39,5,3,39,0,4,7,0,1,8,8,1
69,69,decoder_2_Kt7,1,10,40,4,4,40,0,5,0,0,1,8,8,1
69,69,decoder_2_Kt7,1,10,41,5,4,41,0,5,1,0,1,8,8,1
69,69,decoder_2_Kt7,1,10,42,4,5,42,0,5,2,0,1,8,8,1
69,69,decoder_2_Kt7,1,10,43,5,5,43,0,5,3,0,1,8,8,1
69,69,decoder_2_Kt7,1,11,44,4,6,44,0,5,4,0,1,8,8,1
69,69,decoder_2_Kt7,1,11,45,5,6,45,0,5,5,0,1,8,8,1
69,69,decoder_2_Kt7,1,11,46,4,7,46,0,5,6,0,1,8,8,1
69,69,decoder_2_Kt7,1,11,47,5,7,47,0,5,7,0,1,8,8,1
69,69,decoder_2_Kt7,1,15,48,6,7,48,0,6,0,0,1,8,8,1
69,69,decoder_2_Kt7,1,15,49,7,7,49,0,6,1,0,1,8,8,1
69,69,decoder_2_Kt7,1,15,50,6,6,50,0,6,2,0,1,8,8,1
69,69,decoder_2_Kt7,1,15,51,7,6,51,0,6,3,0,1,8,8,1
69,69,decoder_2_Kt7,1,14,52,6,5,52,0,6,4,0,1,8,8,1
69,69,decoder_2_Kt7,1,14,53,7,5,53,0,6,5,0,1,8,8,1
69,69,decoder_2_Kt7,1,14,54,6,4,54,0,6,6,0,1,8,8,1
69,69,decoder_2_Kt7,1,14,55,7,4,55,0,6,7,0,1,8,8,1
69,69,decoder_2_Kt7,1,13,56,6,3,56,0,7,0,0,1,8,8,1
69,69,decoder_2_Kt7,1,13,57,7,3,57,0,7,1,0,1,8,8,1
69,69,decoder_2_Kt7,1,13,58,6,2,58,0,7,2,0,1,8,8,1
69,69,decoder_2_Kt7,1,13,59,7,2,59,0,7,3,0,1,8,8,1
69,69,decoder_2_Kt7,1,12,60,6,1,60,0,7,4,0,1,8,8,1
69,69,decoder_2_Kt7,1,12,61,7,1,61,0,7,5,0,1,8,8,1
69,69,decoder_2_Kt7,1,12,62,6,0,62,0,7,6,0,1,8,8,1
69,69,decoder_2_Kt7,1,12,63,7,0,63,0,7,7,0,1,8,8,1
70,70,decoder_2_K,1,0,0,0,0,0,0,0,0,0,1,8,8,1
70,70,decoder_2_K,1,0,1,1,0,1,0,0,1,0,1,8,8,1
70,70,decoder_2_K,1,0,2,0,1,2,0,0,2,0,1,8,8,1
70,70,decoder_2_K,1,0,3,1,1,3,0,0,3,0,1,8,8,1
70,70,decoder_2_K,1,1,4,0,2,4,0,0,4,0,1,8,8,1
70,70,decoder_2_K,1,1,5,1,2,5,0,0,5,0,1,8,8,1
70,70,decoder_2_K,1,1,6,0,3,6,0,0,6,0,1,8,8,1
70,70,decoder_2_K,1,1,7,1,3,7,0,0,7,0,1,8,8,1
70,70,decoder_2_K,1,2,8,0,4,8,0,1,0,0,1,8,8,1
70,70,decoder_2_K,1,2,9,1,4,9,0,1,1,0,1,8,8,1
70,70,decoder_2_K,1,2,10,0,5,10,0,1,2,0,1,8,8,1
70,70,decoder_2_K,1,2,11,1,5,11,0,1,3,0,1,8,8,1
70,70,decoder_2_K,1,3,12,0,6,12,0,1,4,0,1,8,8,1
70,70,decoder_2_K,1,3,13,1,6,13,0,1,5,0,1,8,8,1
70,70,decoder_2_K,1,3,14,0,7,14,0,1,6,0,1,8,8,1
70,70,decoder_2_K,1,3,15,1,7,15,0,1,7,0,1,8,8,1
70,70,decoder_2_K,1,7,16,2,7,16,0,2,0,0,1,8,8,1
70,70,decoder_2_K,1,7,17,3,7,17,0,2,1,0,1,8,8,1
70,70,decoder_2_K,1,7,18,2,6,18,0,2,2,0,1,8,8,1
70,70,decoder_2_K,1,7,19,3,6,19,0,2,3,0,1,8,8,1
70,70,decoder_2_K,1,6,20,2,5,20,0,2,4,0,1,8,8,1
70,70,decoder_2_K,1,6,21,3,5,21,0,2,5,0,1,8,8,1
70,70,decoder_2_K,1,6,22,2,4,22,0,2,6,0,1,8,8,1
70,70,decoder_2_K,1,6,23,3,4,23,0,2,7,0,1,8,8,1
70,70,decoder_2_K,1,5,24,2,3,24,0,3,0,0,1,8,8,1
70,70,decoder_2_K,1,5,25,3,3,25,0,3,1,0,1,8,8,1
70,70,decoder_2_K,1,5,26,2,2,26,0,3,2,0,1,8,8,1
70,70,decoder_2_K,1,5,27,3,2,27,0,3,3,0,1,8,8,1
70,70,decoder_2_K,1,4,28,2,1,28,0,3,4,0,1,8,8,1
70,70,decoder_2_K,1,4,29,3,1,29,0,3,5,0,1,8,8,1
70,70,decoder_2_K,1,4,30,2,0,30,0,3,6,0,1,8,8,1
70,70,decoder_2_K,1,4,31,3,0,31,0,3,7,0,1,8,8,1
70,70,decoder_2_K,1,8,32,4,0,32,0,4,0,0,1,8,8,1
70,70,decoder_2_K,1,8,33,5,0,33,0,4,1,0,1,8,8,1
70,70,decoder_2_K,1,8,34,4,1,34,0,4,2,0,1,8,8,1
70,70,decoder_2_K,1,8,35,5,1,35,0,4,3,0,1,8,8,1
70,70,decoder_2_K,1,9,36,4,2,36,0,4,4,0,1,8,8,1
70,70,decoder_2_K,1,9,37,5,2,37,0,4,5,0,1,8,8,1
70,70,decoder_2_K,1,9,38,4,3,38,0,4,6,0,1,8,8,1
70,70,decoder_2_K,1,9,39,5,3,39,0,4,7,0,1,8,8,1
70,70,decoder_2_K,1,10,40,4,4,40,0,5,0,0,1,8,8,1
70,70,decoder_2_K,1,10,41,5,4,41,0,5,1,0,1,8,8,1
70,70,decoder_2_K,1,10,42,4,5,42,0,5,2,0,1,8,8,1
70,70,decoder_2_K,1,10,43,5,5,43,0,5,3,0,1,8,8,1
70,70,decoder_2_K,1,11,44,4,6,44,0,5,4,0,1,8,8,1
70,70,decoder_2_K,1,11,45,5,6,45,0,5,5,0,1,8,8,1
70,70,decoder_2_K,1,11,46,4,7,46,0,5,6,0,1,8,8,1
70,70,decoder_2_K,1,11,47,5,7,47,0,5,7,0,1,8,8,1
70,70,decoder_2_K,1,15,48,6,7,48,0,6,0,0,1,8,8,1
70,70,decoder_2_K,1,15,49,7,7,49,0,6,1,0,1,8,8,1
70,70,decoder_2_K,1,15,50,6,6,50,0,6,2,0,1,8,8,1
70,70,decoder_2_K,1,15,51,7,6,51,0,6,3,0,1,8,8,1
70,70,decoder_2_K,1,14,52,6,5,52,0,6,4,0,1,8,8,1
70,70,decoder_2_K,1,14,53,7,5,53,0,6,5,0,1,8,8,1
70,70,decoder_2_K,1,14,54,6,4,54,0,6,6,0,1,8,8,1
70,70,decoder_2_K,1,14,55,7,4,55,0,6,7,0,1,8,8,1
70,70,decoder_2_K,1,13,56,6,3,56,0,7,0,0,1,8,8,1
70,70,decoder_2_K,1,13,57,7,3,57,0,7,1,0,1,8,8,1
70,70,decoder_2_K,1,13,58,6,2,58,0,7,2,0,1,8,8,1
70,70,decoder_2_K,1,13,59,7,2,59,0,7,3,0,1,8,8,1
70,70,decoder_2_K,1,12,60,6,1,60,0,7,4,0,1,8,8,1
70,70,decoder_2_K,1,12,61,7,1,61,0,7,5,0,1,8,8,1
70,70,decoder_2_K,1,12,62,6,0,62,0,7,6,0,1,8,8,1
70,70,decoder_2_K,1,12,63,7,0,63,0,7,7,0,1,8,8,1
71,71,decoder_2_V,1,0,0,0,0,0,0,0,0,0,1,8,8,1
71,71,decoder_2_V,1,0,1,1,0,1,0,0,1,0,1,8,8,1
71,71,decoder_2_V,1,0,2,0,1,2,0,0,2,0,1,8,8,1
71,71,decoder_2_V,1,0,3,1,1,3,0,0,3,0,1,8,8,1
71,71,decoder_2_V,1,1,4,0,2,4,0,0,4,0,1,8,8,1
71,71,decoder_2_V,1,1,5,1,2,5,0,0,5,0,1,8,8,1
71,71,decoder_2_V,1,1,6,0,3,6,0,0,6,0,1,8,8,1
71,71,decoder_2_V,1,1,7,1,3,7,0,0,7,0,1,8,8,1
71,71,decoder_2_V,1,2,8,0,4,8,0,1,0,0,1,8,8,1
71,71,decoder_2_V,1,2,9,1,4,9,0,1,1,0,1,8,8,1
71,71,decoder_2_V,1,2,10,0,5,10,0,1,2,0,1,8,8,1
71,71,decoder_2_V,1,2,11,1,5,11,0,1,3,0,1,8,8,1
71,71,decoder_2_V,1,3,12,0,6,12,0,1,4,0,1,8,8,1
71,71,decoder_2_V,1,3,13,1,6,13,0,1,5,0,1,8,8,1
71,71,decoder_2_V,1,3,14,0,7,14,0,1,6,0,1,8,8,1
71,71,decoder_2_V,1,3,15,1,7,15,0,1,7,0,1,8,8,1
71,71,decoder_2_V,1,7,16,2,7,16,0,2,0,0,1,8,8,1
71,71,decoder_2_V,1,7,17,3,7,17,0,2,1,0,1,8,8,1
71,71,decoder_2_V,1,7,18,2,6,18,0,2,2,0,1,8,8,1
71,71,decoder_2_V,1,7,19,3,6,19,0,2,3,0,1,8,8,1
71,71,decoder_2_V,1,6,20,2,5,20,0,2,4,0,1,8,8,1
71,71,decoder_2_V,1,6,21,3,5,21,0,2,5,0,1,8,8,1
71,71,decoder_2_V,1,6,22,2,4,22,0,2,6,0,1,8,8,1
71,71,decoder_2_V,1,6,23,3,4,23,0,2,7,0,1,8,8,1
71,71,decoder_2_V,1,5,24,2,3,24,0,3,0,0,1,8,8,1
71,71,decoder_2_V,1,5,25,3,3,25,0,3,1,0,1,8,8,1
71,71,decoder_2_V,1,5,26,2,2,26,0,3,2,0,1,8,8,1
71,71,decoder_2_V,1,5,27,3,2,27,0,3,3,0,1,8,8,1
71,71,decoder_2_V,1,4,28,2,1,28,0,3,4,0,1,8,8,1
71,71,decoder_2_V,1,4,29,3,1,29,0,3,5,0,1,8,8,1
71,71,decoder_2_V,1,4,30,2,0,30,0,3,6,0,1,8,8,1
71,71,decoder_2_V,1,4,31,3,0,31,0,3,7,0,1,8,8,1
71,71,decoder_2_V,1,8,32,4,0,32,0,4,0,0,1,8,8,1
71,71,decoder_2_V,1,8,33,5,0,33,0,4,1,0,1,8,8,1
71,71,decoder_2_V,1,8,34,4,1,34,0,4,2,0,1,8,8,1
71,71,decoder_2_V,1,8,35,5,1,35,0,4,3,0,1,8,8,1
71,71,decoder_2_V,1,9,36,4,2,36,0,4,4,0,1,8,8,1
71,71,decoder_2_V,1,9,37,5,2,37,0,4,5,0,1,8,8,1
71,71,decoder_2_V,1,9,38,4,3,38,0,4,6,0,1,8,8,1
71,71,decoder_2_V,1,9,39,5,3,39,0,4,7,0,1,8,8,1
71,71,decoder_2_V,1,10,40,4,4,40,0,5,0,0,1,8,8,1
71,71,decoder_2_V,1,10,41,5,4,41,0,5,1,0,1,8,8,1
71,71,decoder_2_V,1,10,42,4,5,42,0,5,2,0,1,8,8,1
71,71,decoder_2_V,1,10,43,5,5,43,0,5,3,0,1,8,8,1
71,71,decoder_2_V,1,11,44,4,6,44,0,5,4,0,1,8,8,1
71,71,decoder_2_V,1,11,45,5,6,45,0,5,5,0,1,8,8,1
71,71,decoder_2_V,1,11,46,4,7,46,0,5,6,0,1,8,8,1
71,71,decoder_2_V,1,11,47,5,7,47,0,5,7,0,1,8,8,1
71,71,decoder_2_V,1,15,48,6,7,48,0,6,0,0,1,8,8,1
71,71,decoder_2_V,1,15,49,7,7,49,0,6,1,0,1,8,8,1
71,71,decoder_2_V,1,15,50,6,6,50,0,6,2,0,1,8,8,1
71,71,decoder_2_V,1,15,51,7,6,51,0,6,3,0,1,8,8,1
71,71,decoder_2_V,1,14,52,6,5,52,0,6,4,0,1,8,8,1
71,71,decoder_2_V,1,14,53,7,5,53,0,6,5,0,1,8,8,1
71,71,decoder_2_V,1,14,54,6,4,54,0,6,6,0,1,8,8,1
71,71,decoder_2_V,1,14,55,7,4,55,0,6,7,0,1,8,8,1
71,71,decoder_2_V,1,13,56,6,3,56,0,7,0,0,1,8,8,1
71,71,decoder_2_V,1,13,57,7,3,57,0,7,1,0,1,8,8,1
71,71,decoder_2_V,1,13,58,6,2,58,0,7,2,0,1,8,8,1
71,71,decoder_2_V,1,13,59,7,2,59,0,7,3,0,1,8,8,1
71,71,decoder_2_V,1,12,60,6,1,60,0,7,4,0,1,8,8,1
71,71,decoder_2_V,1,12,61,7,1,61,0,7,5,0,1,8,8,1
71,71,decoder_2_V,1,12,62,6,0,62,0,7,6,0,1,8,8,1
71,71,decoder_2_V,1,12,63,7,0,63,0,7,7,0,1,8,8,1
72,72,decoder_2_QK,1,0,0,0,0,0,0,0,0,0,1,8,8,1
72,72,decoder_2_QK,1,0,1,1,0,1,0,0,1,0,1,8,8,1
72,72,decoder_2_QK,1,0,2,0,1,2,0,0,2,0,1,8,8,1
72,72,decoder_2_QK,1,0,3,1,1,3,0,0,3,0,1,8,8,1
72,72,decoder_2_QK,1,1,4,0,2,4,0,0,4,0,1,8,8,1
72,72,decoder_2_QK,1,1,5,1,2,5,0,0,5,0,1,8,8,1
72,72,decoder_2_QK,1,1,6,0,3,6,0,0,6,0,1,8,8,1
72,72,decoder_2_QK,1,1,7,1,3,7,0,0,7,0,1,8,8,1
72,72,decoder_2_QK,1,2,8,0,4,8,0,1,0,0,1,8,8,1
72,72,decoder_2_QK,1,2,9,1,4,9,0,1,1,0,1,8,8,1
72,72,decoder_2_QK,1,2,10,0,5,10,0,1,2,0,1,8,8,1
72,72,decoder_2_QK,1,2,11,1,5,11,0,1,3,0,1,8,8,1
72,72,decoder_2_QK,1,3,12,0,6,12,0,1,4,0,1,8,8,1
72,72,decoder_2_QK,1,3,13,1,6,13,0,1,5,0,1,8,8,1
72,72,decoder_2_QK,1,3,14,0,7,14,0,1,6,0,1,8,8,1
72,72,decoder_2_QK,1,3,15,1,7,15,0,1,7,0,1,8,8,1
72,72,decoder_2_QK,1,7,16,2,7,16,0,2,0,0,1,8,8,1
72,72,decoder_2_QK,1,7,17,3,7,17,0,2,1,0,1,8,8,1
72,72,decoder_2_QK,1,7,18,2,6,18,0,2,2,0,1,8,8,1
72,72,decoder_2_QK,1,7,19,3,6,19,0,2,3,0,1,8,8,1
72,72,decoder_2_QK,1,6,20,2,5,20,0,2,4,0,1,8,8,1
72,72,decoder_2_QK,1,6,21,3,5,21,0,2,5,0,1,8,8,1
72,72,decoder_2_QK,1,6,22,2,4,22,0,2,6,0,1,8,8,1
72,72,decoder_2_QK,1,6,23,3,4,23,0,2,7,0,1,8,8,1
72,72,decoder_2_QK,1,5,24,2,3,24,0,3,0,0,1,8,8,1
72,72,decoder_2_QK,1,5,25,3,3,25,0,3,1,0,1,8,8,1
72,72,decoder_2_QK,1,5,26,2,2,26,0,3,2,0,1,8,8,1
72,72,decoder_2_QK,1,5,27,3,2,27,0,3,3,0,1,8,8,1
72,72,decoder_2_QK,1,4,28,2,1,28,0,3,4,0,1,8,8,1
72,72,decoder_2_QK,1,4,29,3,1,29,0,3,5,0,1,8,8,1
72,72,decoder_2_QK,1,4,30,2,0,30,0,3,6,0,1,8,8,1
72,72,decoder_2_QK,1,4,31,3,0,31,0,3,7,0,1,8,8,1
72,72,decoder_2_QK,1,8,32,4,0,32,0,4,0,0,1,8,8,1
72,72,decoder_2_QK,1,8,33,5,0,33,0,4,1,0,1,8,8,1
72,72,decoder_2_QK,1,8,34,4,1,34,0,4,2,0,1,8,8,1
72,72,decoder_2_QK,1,8,35,5,1,35,0,4,3,0,1,8,8,1
72,72,decoder_2_QK,1,9,36,4,2,36,0,4,4,0,1,8,8,1
72,72,decoder_2_QK,1,9,37,5,2,37,0,4,5,0,1,8,8,1
72,72,decoder_2_QK,1,9,38,4,3,38,0,4,6,0,1,8,8,1
72,72,decoder_2_QK,1,9,39,5,3,39,0,4,7,0,1,8,8,1
72,72,decoder_2_QK,1,10,40,4,4,40,0,5,0,0,1,8,8,1
72,72,decoder_2_QK,1,10,41,5,4,41,0,5,1,0,1,8,8,1
72,72,decoder_2_QK,1,10,42,4,5,42,0,5,2,0,1,8,8,1
72,72,decoder_2_QK,1,10,43,5,5,43,0,5,3,0,1,8,8,1
72,72,decoder_2_QK,1,11,44,4,6,44,0,5,4,0,1,8,8,1
72,72,decoder_2_QK,1,11,45,5,6,45,0,5,5,0,1,8,8,1
72,72,decoder_2_QK,1,11,46,4,7,46,0,5,6,0,1,8,8,1
72,72,decoder_2_QK,1,11,47,5,7,47,0,5,7,0,1,8,8,1
72,72,decoder_2_QK,1,15,48,6,7,48,0,6,0,0,1,8,8,1
72,72,decoder_2_QK,1,15,49,7,7,49,0,6,1,0,1,8,8,1
72,72,decoder_2_QK,1,15,50,6,6,50,0,6,2,0,1,8,8,1
72,72,decoder_2_QK,1,15,51,7,6,51,0,6,3,0,1,8,8,1
72,72,decoder_2_QK,1,14,52,6,5,52,0,6,4,0,1,8,8,1
72,72,decoder_2_QK,1,14,53,7,5,53,0,6,5,0,1,8,8,1
72,72,decoder_2_QK,1,14,54,6,4,54,0,6,6,0,1,8,8,1
72,72,decoder_2_QK,1,14,55,7,4,55,0,6,7,0,1,8,8,1
72,72,decoder_2_QK,1,13,56,6,3,56,0,7,0,0,1,8,8,1
72,72,decoder_2_QK,1,13,57,7,3,57,0,7,1,0,1,8,8,1
72,72,decoder_2_QK,1,13,58,6,2,58,0,7,2,0,1,8,8,1
72,72,decoder_2_QK,1,13,59,7,2,59,0,7,3,0,1,8,8,1
72,72,decoder_2_QK,1,12,60,6,1,60,0,7,4,0,1,8,8,1
72,72,decoder_2_QK,1,12,61,7,1,61,0,7,5,0,1,8,8,1
72,72,decoder_2_QK,1,12,62,6,0,62,0,7,6,0,1,8,8,1
72,72,decoder_2_QK,1,12,63,7,0,63,0,7,7,0,1,8,8,1
73,73,decoder_2_QK_elt,1,0,0,0,0,0,0,0,0,0,1,8,8,1
73,73,decoder_2_QK_elt,1,0,1,1,0,1,0,0,1,0,1,8,8,1
73,73,decoder_2_QK_elt,1,0,2,0,1,2,0,0,2,0,1,8,8,1
73,73,decoder_2_QK_elt,1,0,3,1,1,3,0,0,3,0,1,8,8,1
73,73,decoder_2_QK_elt,1,1,4,0,2,4,0,0,4,0,1,8,8,1
73,73,decoder_2_QK_elt,1,1,5,1,2,5,0,0,5,0,1,8,8,1
73,73,decoder_2_QK_elt,1,1,6,0,3,6,0,0,6,0,1,8,8,1
73,73,decoder_2_QK_elt,1,1,7,1,3,7,0,0,7,0,1,8,8,1
73,73,decoder_2_QK_elt,1,2,8,0,4,8,0,1,0,0,1,8,8,1
73,73,decoder_2_QK_elt,1,2,9,1,4,9,0,1,1,0,1,8,8,1
73,73,decoder_2_QK_elt,1,2,10,0,5,10,0,1,2,0,1,8,8,1
73,73,decoder_2_QK_elt,1,2,11,1,5,11,0,1,3,0,1,8,8,1
73,73,decoder_2_QK_elt,1,3,12,0,6,12,0,1,4,0,1,8,8,1
73,73,decoder_2_QK_elt,1,3,13,1,6,13,0,1,5,0,1,8,8,1
73,73,decoder_2_QK_elt,1,3,14,0,7,14,0,1,6,0,1,8,8,1
73,73,decoder_2_QK_elt,1,3,15,1,7,15,0,1,7,0,1,8,8,1
73,73,decoder_2_QK_elt,1,7,16,2,7,16,0,2,0,0,1,8,8,1
73,73,decoder_2_QK_elt,1,7,17,3,7,17,0,2,1,0,1,8,8,1
73,73,decoder_2_QK_elt,1,7,18,2,6,18,0,2,2,0,1,8,8,1
73,73,decoder_2_QK_elt,1,7,19,3,6,19,0,2,3,0,1,8,8,1
73,73,decoder_2_QK_elt,1,6,20,2,5,20,0,2,4,0,1,8,8,1
73,73,decoder_2_QK_elt,1,6,21,3,5,21,0,2,5,0,1,8,8,1
73,73,decoder_2_QK_elt,1,6,22,2,4,22,0,2,6,0,1,8,8,1
73,73,decoder_2_QK_elt,1,6,23,3,4,23,0,2,7,0,1,8,8,1
73,73,decoder_2_QK_elt,1,5,24,2,3,24,0,3,0,0,1,8,8,1
73,73,decoder_2_QK_elt,1,5,25,3,3,25,0,3,1,0,1,8,8,1
73,73,decoder_2_QK_elt,1,5,26,2,2,26,0,3,2,0,1,8,8,1
73,73,decoder_2_QK_elt,1,5,27,3,2,27,0,3,3,0,1,8,8,1
73,73,decoder_2_QK_elt,1,4,28,2,1,28,0,3,4,0,1,8,8,1
73,73,decoder_2_QK_elt,1,4,29,3,1,29,0,3,5,0,1,8,8,1
73,73,decoder_2_QK_elt,1,4,30,2,0,30,0,3,6,0,1,8,8,1
73,73,decoder_2_QK_elt,1,4,31,3,0,31,0,3,7,0,1,8,8,1
73,73,decoder_2_QK_elt,1,8,32,4,0,32,0,4,0,0,1,8,8,1
73,73,decoder_2_QK_elt,1,8,33,5,0,33,0,4,1,0,1,8,8,1
73,73,decoder_2_QK_elt,1,8,34,4,1,34,0,4,2,0,1,8,8,1
73,73,decoder_2_QK_elt,1,8,35,5,1,35,0,4,3,0,1,8,8,1
73,73,decoder_2_QK_elt,1,9,36,4,2,36,0,4,4,0,1,8,8,1
73,73,decoder_2_QK_elt,1,9,37,5,2,37,0,4,5,0,1,8,8,1
73,73,decoder_2_QK_elt,1,9,38,4,3,38,0,4,6,0,1,8,8,1
73,73,decoder_2_QK_elt,1,9,39,5,3,39,0,4,7,0,1,8,8,1
73,73,decoder_2_QK_elt,1,10,40,4,4,40,0,5,0,0,1,8,8,1
73,73,decoder_2_QK_elt,1,10,41,5,4,41,0,5,1,0,1,8,8,1
73,73,decoder_2_QK_elt,1,10,42,4,5,42,0,5,2,0,1,8,8,1
73,73,decoder_2_QK_elt,1,10,43,5,5,43,0,5,3,0,1,8,8,1
73,73,decoder_2_QK_elt,1,11,44,4,6,44,0,5,4,0,1,8,8,1
73,73,decoder_2_QK_elt,1,11,45,5,6,45,0,5,5,0,1,8,8,1
73,73,decoder_2_QK_elt,1,11,46,4,7,46,0,5,6,0,1,8,8,1
73,73,decoder_2_QK_elt,1,11,47,5,7,47,0,5,7,0,1,8,8,1
73,73,decoder_2_QK_elt,1,15,48,6,7,48,0,6,0,0,1,8,8,1
73,73,decoder_2_QK_elt,1,15,49,7,7,49,0,6,1,0,1,8,8,1
73,73,decoder_2_QK_elt,1,15,50,6,6,50,0,6,2,0,1,8,8,1
73,73,decoder_2_QK_elt,1,15,51,7,6,51,0,6,3,0,1,8,8,1
73,73,decoder_2_QK_elt,1,14,52,6,5,52,0,6,4,0,1,8,8,1
73,73,decoder_2_QK_elt,1,14,53,7,5,53,0,6,5,0,1,8,8,1
73,73,decoder_2_QK_elt,1,14,54,6,4,54,0,6,6,0,1,8,8,1
73,73,decoder_2_QK_elt,1,14,55,7,4,55,0,6,7,0,1,8,8,1
73,73,decoder_2_QK_elt,1,13,56,6,3,56,0,7,0,0,1,8,8,1
73,73,decoder_2_QK_elt,1,13,57,7,3,57,0,7,1,0,1,8,8,1
73,73,decoder_2_QK_elt,1,13,58,6,2,58,0,7,2,0,1,8,8,1
73,73,decoder_2_QK_elt,1,13,59,7,2,59,0,7,3,0,1,8,8,1
73,73,decoder_2_QK_elt,1,12,60,6,1,60,0,7,4,0,1,8,8,1
73,73,decoder_2_QK_elt,1,12,61,7,1,61,0,7,5,0,1,8,8,1
73,73,decoder_2_QK_elt,1,12,62,6,0,62,0,7,6,0,1,8,8,1
73,73,decoder_2_QK_elt,1,12,63,7,0,63,0,7,7,0,1,8,8,1
74,74,decoder_2_QKV,1,0,0,0,0,0,0,0,0,0,1,8,8,1
74,74,decoder_2_QKV,1,0,1,1,0,1,0,0,1,0,1,8,8,1
74,74,decoder_2_QKV,1,0,2,0,1,2,0,0,2,0,1,8,8,1
74,74,decoder_2_QKV,1,0,3,1,1,3,0,0,3,0,1,8,8,1
74,74,decoder_2_QKV,1,1,4,0,2,4,0,0,4,0,1,8,8,1
74,74,decoder_2_QKV,1,1,5,1,2,5,0,0,5,0,1,8,8,1
74,74,decoder_2_QKV,1,1,6,0,3,6,0,0,6,0,1,8,8,1
74,74,decoder_2_QKV,1,1,7,1,3,7,0,0,7,0,1,8,8,1
74,74,decoder_2_QKV,1,2,8,0,4,8,0,1,0,0,1,8,8,1
74,74,decoder_2_QKV,1,2,9,1,4,9,0,1,1,0,1,8,8,1
74,74,decoder_2_QKV,1,2,10,0,5,10,0,1,2,0,1,8,8,1
74,74,decoder_2_QKV,1,2,11,1,5,11,0,1,3,0,1,8,8,1
74,74,decoder_2_QKV,1,3,12,0,6,12,0,1,4,0,1,8,8,1
74,74,decoder_2_QKV,1,3,13,1,6,13,0,1,5,0,1,8,8,1
74,74,decoder_2_QKV,1,3,14,0,7,14,0,1,6,0,1,8,8,1
74,74,decoder_2_QKV,1,3,15,1,7,15,0,1,7,0,1,8,8,1
74,74,decoder_2_QKV,1,7,16,2,7,16,0,2,0,0,1,8,8,1
74,74,decoder_2_QKV,1,7,17,3,7,17,0,2,1,0,1,8,8,1
74,74,decoder_2_QKV,1,7,18,2,6,18,0,2,2,0,1,8,8,1
74,74,decoder_2_QKV,1,7,19,3,6,19,0,2,3,0,1,8,8,1
74,74,decoder_2_QKV,1,6,20,2,5,20,0,2,4,0,1,8,8,1
74,74,decoder_2_QKV,1,6,21,3,5,21,0,2,5,0,1,8,8,1
74,74,decoder_2_QKV,1,6,22,2,4,22,0,2,6,0,1,8,8,1
74,74,decoder_2_QKV,1,6,23,3,4,23,0,2,7,0,1,8,8,1
74,74,decoder_2_QKV,1,5,24,2,3,24,0,3,0,0,1,8,8,1
74,74,decoder_2_QKV,1,5,25,3,3,25,0,3,1,0,1,8,8,1
74,74,decoder_2_QKV,1,5,26,2,2,26,0,3,2,0,1,8,8,1
74,74,decoder_2_QKV,1,5,27,3,2,27,0,3,3,0,1,8,8,1
74,74,decoder_2_QKV,1,4,28,2,1,28,0,3,4,0,1,8,8,1
74,74,decoder_2_QKV,1,4,29,3,1,29,0,3,5,0,1,8,8,1
74,74,decoder_2_QKV,1,4,30,2,0,30,0,3,6,0,1,8,8,1
74,74,decoder_2_QKV,1,4,31,3,0,31,0,3,7,0,1,8,8,1
74,74,decoder_2_QKV,1,8,32,4,0,32,0,4,0,0,1,8,8,1
74,74,decoder_2_QKV,1,8,33,5,0,33,0,4,1,0,1,8,8,1
74,74,decoder_2_QKV,1,8,34,4,1,34,0,4,2,0,1,8,8,1
74,74,decoder_2_QKV,1,8,35,5,1,35,0,4,3,0,1,8,8,1
74,74,decoder_2_QKV,1,9,36,4,2,36,0,4,4,0,1,8,8,1
74,74,decoder_2_QKV,1,9,37,5,2,37,0,4,5,0,1,8,8,1
74,74,decoder_2_QKV,1,9,38,4,3,38,0,4,6,0,1,8,8,1
74,74,decoder_2_QKV,1,9,39,5,3,39,0,4,7,0,1,8,8,1
74,74,decoder_2_QKV,1,10,40,4,4,40,0,5,0,0,1,8,8,1
74,74,decoder_2_QKV,1,10,41,5,4,41,0,5,1,0,1,8,8,1
74,74,decoder_2_QKV,1,10,42,4,5,42,0,5,2,0,1,8,8,1
74,74,decoder_2_QKV,1,10,43,5,5,43,0,5,3,0,1,8,8,1
74,74,decoder_2_QKV,1,11,44,4,6,44,0,5,4,0,1,8,8,1
74,74,decoder_2_QKV,1,11,45,5,6,45,0,5,5,0,1,8,8,1
74,74,decoder_2_QKV,1,11,46,4,7,46,0,5,6,0,1,8,8,1
74,74,decoder_2_QKV,1,11,47,5,7,47,0,5,7,0,1,8,8,1
74,74,decoder_2_QKV,1,15,48,6,7,48,0,6,0,0,1,8,8,1
74,74,decoder_2_QKV,1,15,49,7,7,49,0,6,1,0,1,8,8,1
74,74,decoder_2_QKV,1,15,50,6,6,50,0,6,2,0,1,8,8,1
74,74,decoder_2_QKV,1,15,51,7,6,51,0,6,3,0,1,8,8,1
74,74,decoder_2_QKV,1,14,52,6,5,52,0,6,4,0,1,8,8,1
74,74,decoder_2_QKV,1,14,53,7,5,53,0,6,5,0,1,8,8,1
74,74,decoder_2_QKV,1,14,54,6,4,54,0,6,6,0,1,8,8,1
74,74,decoder_2_QKV,1,14,55,7,4,55,0,6,7,0,1,8,8,1
74,74,decoder_2_QKV,1,13,56,6,3,56,0,7,0,0,1,8,8,1
74,74,decoder_2_QKV,1,13,57,7,3,57,0,7,1,0,1,8,8,1
74,74,decoder_2_QKV,1,13,58,6,2,58,0,7,2,0,1,8,8,1
74,74,decoder_2_QKV,1,13,59,7,2,59,0,7,3,0,1,8,8,1
74,74,decoder_2_QKV,1,12,60,6,1,60,0,7,4,0,1,8,8,1
74,74,decoder_2_QKV,1,12,61,7,1,61,0,7,5,0,1,8,8,1
74,74,decoder_2_QKV,1,12,62,6,0,62,0,7,6,0,1,8,8,1
74,74,decoder_2_QKV,1,12,63,7,0,63,0,7,7,0,1,8,8,1
75,75,decoder_2_FC,1,0,0,0,0,0,0,0,0,0,1,8,8,1
75,75,decoder_2_FC,1,0,1,1,0,1,0,0,1,0,1,8,8,1
75,75,decoder_2_FC,1,0,2,0,1,2,0,0,2,0,1,8,8,1
75,75,decoder_2_FC,1,0,3,1,1,3,0,0,3,0,1,8,8,1
75,75,decoder_2_FC,1,1,4,0,2,4,0,0,4,0,1,8,8,1
75,75,decoder_2_FC,1,1,5,1,2,5,0,0,5,0,1,8,8,1
75,75,decoder_2_FC,1,1,6,0,3,6,0,0,6,0,1,8,8,1
75,75,decoder_2_FC,1,1,7,1,3,7,0,0,7,0,1,8,8,1
75,75,decoder_2_FC,1,2,8,0,4,8,0,1,0,0,1,8,8,1
75,75,decoder_2_FC,1,2,9,1,4,9,0,1,1,0,1,8,8,1
75,75,decoder_2_FC,1,2,10,0,5,10,0,1,2,0,1,8,8,1
75,75,decoder_2_FC,1,2,11,1,5,11,0,1,3,0,1,8,8,1
75,75,decoder_2_FC,1,3,12,0,6,12,0,1,4,0,1,8,8,1
75,75,decoder_2_FC,1,3,13,1,6,13,0,1,5,0,1,8,8,1
75,75,decoder_2_FC,1,3,14,0,7,14,0,1,6,0,1,8,8,1
75,75,decoder_2_FC,1,3,15,1,7,15,0,1,7,0,1,8,8,1
75,75,decoder_2_FC,1,7,16,2,7,16,0,2,0,0,1,8,8,1
75,75,decoder_2_FC,1,7,17,3,7,17,0,2,1,0,1,8,8,1
75,75,decoder_2_FC,1,7,18,2,6,18,0,2,2,0,1,8,8,1
75,75,decoder_2_FC,1,7,19,3,6,19,0,2,3,0,1,8,8,1
75,75,decoder_2_FC,1,6,20,2,5,20,0,2,4,0,1,8,8,1
75,75,decoder_2_FC,1,6,21,3,5,21,0,2,5,0,1,8,8,1
75,75,decoder_2_FC,1,6,22,2,4,22,0,2,6,0,1,8,8,1
75,75,decoder_2_FC,1,6,23,3,4,23,0,2,7,0,1,8,8,1
75,75,decoder_2_FC,1,5,24,2,3,24,0,3,0,0,1,8,8,1
75,75,decoder_2_FC,1,5,25,3,3,25,0,3,1,0,1,8,8,1
75,75,decoder_2_FC,1,5,26,2,2,26,0,3,2,0,1,8,8,1
75,75,decoder_2_FC,1,5,27,3,2,27,0,3,3,0,1,8,8,1
75,75,decoder_2_FC,1,4,28,2,1,28,0,3,4,0,1,8,8,1
75,75,decoder_2_FC,1,4,29,3,1,29,0,3,5,0,1,8,8,1
75,75,decoder_2_FC,1,4,30,2,0,30,0,3,6,0,1,8,8,1
75,75,decoder_2_FC,1,4,31,3,0,31,0,3,7,0,1,8,8,1
75,75,decoder_2_FC,1,8,32,4,0,32,0,4,0,0,1,8,8,1
75,75,decoder_2_FC,1,8,33,5,0,33,0,4,1,0,1,8,8,1
75,75,decoder_2_FC,1,8,34,4,1,34,0,4,2,0,1,8,8,1
75,75,decoder_2_FC,1,8,35,5,1,35,0,4,3,0,1,8,8,1
75,75,decoder_2_FC,1,9,36,4,2,36,0,4,4,0,1,8,8,1
75,75,decoder_2_FC,1,9,37,5,2,37,0,4,5,0,1,8,8,1
75,75,decoder_2_FC,1,9,38,4,3,38,0,4,6,0,1,8,8,1
75,75,decoder_2_FC,1,9,39,5,3,39,0,4,7,0,1,8,8,1
75,75,decoder_2_FC,1,10,40,4,4,40,0,5,0,0,1,8,8,1
75,75,decoder_2_FC,1,10,41,5,4,41,0,5,1,0,1,8,8,1
75,75,decoder_2_FC,1,10,42,4,5,42,0,5,2,0,1,8,8,1
75,75,decoder_2_FC,1,10,43,5,5,43,0,5,3,0,1,8,8,1
75,75,decoder_2_FC,1,11,44,4,6,44,0,5,4,0,1,8,8,1
75,75,decoder_2_FC,1,11,45,5,6,45,0,5,5,0,1,8,8,1
75,75,decoder_2_FC,1,11,46,4,7,46,0,5,6,0,1,8,8,1
75,75,decoder_2_FC,1,11,47,5,7,47,0,5,7,0,1,8,8,1
75,75,decoder_2_FC,1,15,48,6,7,48,0,6,0,0,1,8,8,1
75,75,decoder_2_FC,1,15,49,7,7,49,0,6,1,0,1,8,8,1
75,75,decoder_2_FC,1,15,50,6,6,50,0,6,2,0,1,8,8,1
75,75,decoder_2_FC,1,15,51,7,6,51,0,6,3,0,1,8,8,1
75,75,decoder_2_FC,1,14,52,6,5,52,0,6,4,0,1,8,8,1
75,75,decoder_2_FC,1,14,53,7,5,53,0,6,5,0,1,8,8,1
75,75,decoder_2_FC,1,14,54,6,4,54,0,6,6,0,1,8,8,1
75,75,decoder_2_FC,1,14,55,7,4,55,0,6,7,0,1,8,8,1
75,75,decoder_2_FC,1,13,56,6,3,56,0,7,0,0,1,8,8,1
75,75,decoder_2_FC,1,13,57,7,3,57,0,7,1,0,1,8,8,1
75,75,decoder_2_FC,1,13,58,6,2,58,0,7,2,0,1,8,8,1
75,75,decoder_2_FC,1,13,59,7,2,59,0,7,3,0,1,8,8,1
75,75,decoder_2_FC,1,12,60,6,1,60,0,7,4,0,1,8,8,1
75,75,decoder_2_FC,1,12,61,7,1,61,0,7,5,0,1,8,8,1
75,75,decoder_2_FC,1,12,62,6,0,62,0,7,6,0,1,8,8,1
75,75,decoder_2_FC,1,12,63,7,0,63,0,7,7,0,1,8,8,1
76,76,decoder_elt2,1,0,0,0,0,0,0,0,0,0,1,8,8,1
76,76,decoder_elt2,1,0,1,1,0,1,0,0,1,0,1,8,8,1
76,76,decoder_elt2,1,0,2,0,1,2,0,0,2,0,1,8,8,1
76,76,decoder_elt2,1,0,3,1,1,3,0,0,3,0,1,8,8,1
76,76,decoder_elt2,1,1,4,0,2,4,0,0,4,0,1,8,8,1
76,76,decoder_elt2,1,1,5,1,2,5,0,0,5,0,1,8,8,1
76,76,decoder_elt2,1,1,6,0,3,6,0,0,6,0,1,8,8,1
76,76,decoder_elt2,1,1,7,1,3,7,0,0,7,0,1,8,8,1
76,76,decoder_elt2,1,2,8,0,4,8,0,1,0,0,1,8,8,1
76,76,decoder_elt2,1,2,9,1,4,9,0,1,1,0,1,8,8,1
76,76,decoder_elt2,1,2,10,0,5,10,0,1,2,0,1,8,8,1
76,76,decoder_elt2,1,2,11,1,5,11,0,1,3,0,1,8,8,1
76,76,decoder_elt2,1,3,12,0,6,12,0,1,4,0,1,8,8,1
76,76,decoder_elt2,1,3,13,1,6,13,0,1,5,0,1,8,8,1
76,76,decoder_elt2,1,3,14,0,7,14,0,1,6,0,1,8,8,1
76,76,decoder_elt2,1,3,15,1,7,15,0,1,7,0,1,8,8,1
76,76,decoder_elt2,1,7,16,2,7,16,0,2,0,0,1,8,8,1
76,76,decoder_elt2,1,7,17,3,7,17,0,2,1,0,1,8,8,1
76,76,decoder_elt2,1,7,18,2,6,18,0,2,2,0,1,8,8,1
76,76,decoder_elt2,1,7,19,3,6,19,0,2,3,0,1,8,8,1
76,76,decoder_elt2,1,6,20,2,5,20,0,2,4,0,1,8,8,1
76,76,decoder_elt2,1,6,21,3,5,21,0,2,5,0,1,8,8,1
76,76,decoder_elt2,1,6,22,2,4,22,0,2,6,0,1,8,8,1
76,76,decoder_elt2,1,6,23,3,4,23,0,2,7,0,1,8,8,1
76,76,decoder_elt2,1,5,24,2,3,24,0,3,0,0,1,8,8,1
76,76,decoder_elt2,1,5,25,3,3,25,0,3,1,0,1,8,8,1
76,76,decoder_elt2,1,5,26,2,2,26,0,3,2,0,1,8,8,1
76,76,decoder_elt2,1,5,27,3,2,27,0,3,3,0,1,8,8,1
76,76,decoder_elt2,1,4,28,2,1,28,0,3,4,0,1,8,8,1
76,76,decoder_elt2,1,4,29,3,1,29,0,3,5,0,1,8,8,1
76,76,decoder_elt2,1,4,30,2,0,30,0,3,6,0,1,8,8,1
76,76,decoder_elt2,1,4,31,3,0,31,0,3,7,0,1,8,8,1
76,76,decoder_elt2,1,8,32,4,0,32,0,4,0,0,1,8,8,1
76,76,decoder_elt2,1,8,33,5,0,33,0,4,1,0,1,8,8,1
76,76,decoder_elt2,1,8,34,4,1,34,0,4,2,0,1,8,8,1
76,76,decoder_elt2,1,8,35,5,1,35,0,4,3,0,1,8,8,1
76,76,decoder_elt2,1,9,36,4,2,36,0,4,4,0,1,8,8,1
76,76,decoder_elt2,1,9,37,5,2,37,0,4,5,0,1,8,8,1
76,76,decoder_elt2,1,9,38,4,3,38,0,4,6,0,1,8,8,1
76,76,decoder_elt2,1,9,39,5,3,39,0,4,7,0,1,8,8,1
76,76,decoder_elt2,1,10,40,4,4,40,0,5,0,0,1,8,8,1
76,76,decoder_elt2,1,10,41,5,4,41,0,5,1,0,1,8,8,1
76,76,decoder_elt2,1,10,42,4,5,42,0,5,2,0,1,8,8,1
76,76,decoder_elt2,1,10,43,5,5,43,0,5,3,0,1,8,8,1
76,76,decoder_elt2,1,11,44,4,6,44,0,5,4,0,1,8,8,1
76,76,decoder_elt2,1,11,45,5,6,45,0,5,5,0,1,8,8,1
76,76,decoder_elt2,1,11,46,4,7,46,0,5,6,0,1,8,8,1
76,76,decoder_elt2,1,11,47,5,7,47,0,5,7,0,1,8,8,1
76,76,decoder_elt2,1,15,48,6,7,48,0,6,0,0,1,8,8,1
76,76,decoder_elt2,1,15,49,7,7,49,0,6,1,0,1,8,8,1
76,76,decoder_elt2,1,15,50,6,6,50,0,6,2,0,1,8,8,1
76,76,decoder_elt2,1,15,51,7,6,51,0,6,3,0,1,8,8,1
76,76,decoder_elt2,1,14,52,6,5,52,0,6,4,0,1,8,8,1
76,76,decoder_elt2,1,14,53,7,5,53,0,6,5,0,1,8,8,1
76,76,decoder_elt2,1,14,54,6,4,54,0,6,6,0,1,8,8,1
76,76,decoder_elt2,1,14,55,7,4,55,0,6,7,0,1,8,8,1
76,76,decoder_elt2,1,13,56,6,3,56,0,7,0,0,1,8,8,1
76,76,decoder_elt2,1,13,57,7,3,57,0,7,1,0,1,8,8,1
76,76,decoder_elt2,1,13,58,6,2,58,0,7,2,0,1,8,8,1
76,76,decoder_elt2,1,13,59,7,2,59,0,7,3,0,1,8,8,1
76,76,decoder_elt2,1,12,60,6,1,60,0,7,4,0,1,8,8,1
76,76,decoder_elt2,1,12,61,7,1,61,0,7,5,0,1,8,8,1
76,76,decoder_elt2,1,12,62,6,0,62,0,7,6,0,1,8,8,1
76,76,decoder_elt2,1,12,63,7,0,63,0,7,7,0,1,8,8,1
77,77,decoder_feedfwd1,1,0,0,0,0,0,0,0,0,0,1,8,8,1
77,77,decoder_feedfwd1,1,0,1,1,0,1,0,0,1,0,1,8,8,1
77,77,decoder_feedfwd1,1,0,2,0,1,2,0,0,2,0,1,8,8,1
77,77,decoder_feedfwd1,1,0,3,1,1,3,0,0,3,0,1,8,8,1
77,77,decoder_feedfwd1,1,1,4,0,2,4,0,0,4,0,1,8,8,1
77,77,decoder_feedfwd1,1,1,5,1,2,5,0,0,5,0,1,8,8,1
77,77,decoder_feedfwd1,1,1,6,0,3,6,0,0,6,0,1,8,8,1
77,77,decoder_feedfwd1,1,1,7,1,3,7,0,0,7,0,1,8,8,1
77,77,decoder_feedfwd1,1,2,8,0,4,8,0,1,0,0,1,8,8,1
77,77,decoder_feedfwd1,1,2,9,1,4,9,0,1,1,0,1,8,8,1
77,77,decoder_feedfwd1,1,2,10,0,5,10,0,1,2,0,1,8,8,1
77,77,decoder_feedfwd1,1,2,11,1,5,11,0,1,3,0,1,8,8,1
77,77,decoder_feedfwd1,1,3,12,0,6,12,0,1,4,0,1,8,8,1
77,77,decoder_feedfwd1,1,3,13,1,6,13,0,1,5,0,1,8,8,1
77,77,decoder_feedfwd1,1,3,14,0,7,14,0,1,6,0,1,8,8,1
77,77,decoder_feedfwd1,1,3,15,1,7,15,0,1,7,0,1,8,8,1
77,77,decoder_feedfwd1,1,7,16,2,7,16,0,2,0,0,1,8,8,1
77,77,decoder_feedfwd1,1,7,17,3,7,17,0,2,1,0,1,8,8,1
77,77,decoder_feedfwd1,1,7,18,2,6,18,0,2,2,0,1,8,8,1
77,77,decoder_feedfwd1,1,7,19,3,6,19,0,2,3,0,1,8,8,1
77,77,decoder_feedfwd1,1,6,20,2,5,20,0,2,4,0,1,8,8,1
77,77,decoder_feedfwd1,1,6,21,3,5,21,0,2,5,0,1,8,8,1
77,77,decoder_feedfwd1,1,6,22,2,4,22,0,2,6,0,1,8,8,1
77,77,decoder_feedfwd1,1,6,23,3,4,23,0,2,7,0,1,8,8,1
77,77,decoder_feedfwd1,1,5,24,2,3,24,0,3,0,0,1,8,8,1
77,77,decoder_feedfwd1,1,5,25,3,3,25,0,3,1,0,1,8,8,1
77,77,decoder_feedfwd1,1,5,26,2,2,26,0,3,2,0,1,8,8,1
77,77,decoder_feedfwd1,1,5,27,3,2,27,0,3,3,0,1,8,8,1
77,77,decoder_feedfwd1,1,4,28,2,1,28,0,3,4,0,1,8,8,1
77,77,decoder_feedfwd1,1,4,29,3,1,29,0,3,5,0,1,8,8,1
77,77,decoder_feedfwd1,1,4,30,2,0,30,0,3,6,0,1,8,8,1
77,77,decoder_feedfwd1,1,4,31,3,0,31,0,3,7,0,1,8,8,1
77,77,decoder_feedfwd1,1,8,32,4,0,32,0,4,0,0,1,8,8,1
77,77,decoder_feedfwd1,1,8,33,5,0,33,0,4,1,0,1,8,8,1
77,77,decoder_feedfwd1,1,8,34,4,1,34,0,4,2,0,1,8,8,1
77,77,decoder_feedfwd1,1,8,35,5,1,35,0,4,3,0,1,8,8,1
77,77,decoder_feedfwd1,1,9,36,4,2,36,0,4,4,0,1,8,8,1
77,77,decoder_feedfwd1,1,9,37,5,2,37,0,4,5,0,1,8,8,1
77,77,decoder_feedfwd1,1,9,38,4,3,38,0,4,6,0,1,8,8,1
77,77,decoder_feedfwd1,1,9,39,5,3,39,0,4,7,0,1,8,8,1
77,77,decoder_feedfwd1,1,10,40,4,4,40,0,5,0,0,1,8,8,1
77,77,decoder_feedfwd1,1,10,41,5,4,41,0,5,1,0,1,8,8,1
77,77,decoder_feedfwd1,1,10,42,4,5,42,0,5,2,0,1,8,8,1
77,77,decoder_feedfwd1,1,10,43,5,5,43,0,5,3,0,1,8,8,1
77,77,decoder_feedfwd1,1,11,44,4,6,44,0,5,4,0,1,8,8,1
77,77,decoder_feedfwd1,1,11,45,5,6,45,0,5,5,0,1,8,8,1
77,77,decoder_feedfwd1,1,11,46,4,7,46,0,5,6,0,1,8,8,1
77,77,decoder_feedfwd1,1,11,47,5,7,47,0,5,7,0,1,8,8,1
77,77,decoder_feedfwd1,1,15,48,6,7,48,0,6,0,0,1,8,8,1
77,77,decoder_feedfwd1,1,15,49,7,7,49,0,6,1,0,1,8,8,1
77,77,decoder_feedfwd1,1,15,50,6,6,50,0,6,2,0,1,8,8,1
77,77,decoder_feedfwd1,1,15,51,7,6,51,0,6,3,0,1,8,8,1
77,77,decoder_feedfwd1,1,14,52,6,5,52,0,6,4,0,1,8,8,1
77,77,decoder_feedfwd1,1,14,53,7,5,53,0,6,5,0,1,8,8,1
77,77,decoder_feedfwd1,1,14,54,6,4,54,0,6,6,0,1,8,8,1
77,77,decoder_feedfwd1,1,14,55,7,4,55,0,6,7,0,1,8,8,1
77,77,decoder_feedfwd1,1,13,56,6,3,56,0,7,0,0,1,8,8,1
77,77,decoder_feedfwd1,1,13,57,7,3,57,0,7,1,0,1,8,8,1
77,77,decoder_feedfwd1,1,13,58,6,2,58,0,7,2,0,1,8,8,1
77,77,decoder_feedfwd1,1,13,59,7,2,59,0,7,3,0,1,8,8,1
77,77,decoder_feedfwd1,1,12,60,6,1,60,0,7,4,0,1,8,8,1
77,77,decoder_feedfwd1,1,12,61,7,1,61,0,7,5,0,1,8,8,1
77,77,decoder_feedfwd1,1,12,62,6,0,62,0,7,6,0,1,8,8,1
77,77,decoder_feedfwd1,1,12,63,7,0,63,0,7,7,0,1,8,8,1
78,78,decoder_feedfwd2,1,0,0,0,0,0,0,0,0,0,1,8,8,1
78,78,decoder_feedfwd2,1,0,1,1,0,1,0,0,1,0,1,8,8,1
78,78,decoder_feedfwd2,1,0,2,0,1,2,0,0,2,0,1,8,8,1
78,78,decoder_feedfwd2,1,0,3,1,1,3,0,0,3,0,1,8,8,1
78,78,decoder_feedfwd2,1,1,4,0,2,4,0,0,4,0,1,8,8,1
78,78,decoder_feedfwd2,1,1,5,1,2,5,0,0,5,0,1,8,8,1
78,78,decoder_feedfwd2,1,1,6,0,3,6,0,0,6,0,1,8,8,1
78,78,decoder_feedfwd2,1,1,7,1,3,7,0,0,7,0,1,8,8,1
78,78,decoder_feedfwd2,1,2,8,0,4,8,0,1,0,0,1,8,8,1
78,78,decoder_feedfwd2,1,2,9,1,4,9,0,1,1,0,1,8,8,1
78,78,decoder_feedfwd2,1,2,10,0,5,10,0,1,2,0,1,8,8,1
78,78,decoder_feedfwd2,1,2,11,1,5,11,0,1,3,0,1,8,8,1
78,78,decoder_feedfwd2,1,3,12,0,6,12,0,1,4,0,1,8,8,1
78,78,decoder_feedfwd2,1,3,13,1,6,13,0,1,5,0,1,8,8,1
78,78,decoder_feedfwd2,1,3,14,0,7,14,0,1,6,0,1,8,8,1
78,78,decoder_feedfwd2,1,3,15,1,7,15,0,1,7,0,1,8,8,1
78,78,decoder_feedfwd2,1,7,16,2,7,16,0,2,0,0,1,8,8,1
78,78,decoder_feedfwd2,1,7,17,3,7,17,0,2,1,0,1,8,8,1
78,78,decoder_feedfwd2,1,7,18,2,6,18,0,2,2,0,1,8,8,1
78,78,decoder_feedfwd2,1,7,19,3,6,19,0,2,3,0,1,8,8,1
78,78,decoder_feedfwd2,1,6,20,2,5,20,0,2,4,0,1,8,8,1
78,78,decoder_feedfwd2,1,6,21,3,5,21,0,2,5,0,1,8,8,1
78,78,decoder_feedfwd2,1,6,22,2,4,22,0,2,6,0,1,8,8,1
78,78,decoder_feedfwd2,1,6,23,3,4,23,0,2,7,0,1,8,8,1
78,78,decoder_feedfwd2,1,5,24,2,3,24,0,3,0,0,1,8,8,1
78,78,decoder_feedfwd2,1,5,25,3,3,25,0,3,1,0,1,8,8,1
78,78,decoder_feedfwd2,1,5,26,2,2,26,0,3,2,0,1,8,8,1
78,78,decoder_feedfwd2,1,5,27,3,2,27,0,3,3,0,1,8,8,1
78,78,decoder_feedfwd2,1,4,28,2,1,28,0,3,4,0,1,8,8,1
78,78,decoder_feedfwd2,1,4,29,3,1,29,0,3,5,0,1,8,8,1
78,78,decoder_feedfwd2,1,4,30,2,0,30,0,3,6,0,1,8,8,1
78,78,decoder_feedfwd2,1,4,31,3,0,31,0,3,7,0,1,8,8,1
78,78,decoder_feedfwd2,1,8,32,4,0,32,0,4,0,0,1,8,8,1
78,78,decoder_feedfwd2,1,8,33,5,0,33,0,4,1,0,1,8,8,1
78,78,decoder_feedfwd2,1,8,34,4,1,34,0,4,2,0,1,8,8,1
78,78,decoder_feedfwd2,1,8,35,5,1,35,0,4,3,0,1,8,8,1
78,78,decoder_feedfwd2,1,9,36,4,2,36,0,4,4,0,1,8,8,1
78,78,decoder_feedfwd2,1,9,37,5,2,37,0,4,5,0,1,8,8,1
78,78,decoder_feedfwd2,1,9,38,4,3,38,0,4,6,0,1,8,8,1
78,78,decoder_feedfwd2,1,9,39,5,3,39,0,4,7,0,1,8,8,1
78,78,decoder_feedfwd2,1,10,40,4,4,40,0,5,0,0,1,8,8,1
78,78,decoder_feedfwd2,1,10,41,5,4,41,0,5,1,0,1,8,8,1
78,78,decoder_feedfwd2,1,10,42,4,5,42,0,5,2,0,1,8,8,1
78,78,decoder_feedfwd2,1,10,43,5,5,43,0,5,3,0,1,8,8,1
78,78,decoder_feedfwd2,1,11,44,4,6,44,0,5,4,0,1,8,8,1
78,78,decoder_feedfwd2,1,11,45,5,6,45,0,5,5,0,1,8,8,1
78,78,decoder_feedfwd2,1,11,46,4,7,46,0,5,6,0,1,8,8,1
78,78,decoder_feedfwd2,1,11,47,5,7,47,0,5,7,0,1,8,8,1
78,78,decoder_feedfwd2,1,15,48,6,7,48,0,6,0,0,1,8,8,1
78,78,decoder_feedfwd2,1,15,49,7,7,49,0,6,1,0,1,8,8,1
78,78,decoder_feedfwd2,1,15,50,6,6,50,0,6,2,0,1,8,8,1
78,78,decoder_feedfwd2,1,15,51,7,6,51,0,6,3,0,1,8,8,1
78,78,decoder_feedfwd2,1,14,52,6,5,52,0,6,4,0,1,8,8,1
78,78,decoder_feedfwd2,1,14,53,7,5,53,0,6,5,0,1,8,8,1
78,78,decoder_feedfwd2,1,14,54,6,4,54,0,6,6,0,1,8,8,1
78,78,decoder_feedfwd2,1,14,55,7,4,55,0,6,7,0,1,8,8,1
78,78,decoder_feedfwd2,1,13,56,6,3,56,0,7,0,0,1,8,8,1
78,78,decoder_feedfwd2,1,13,57,7,3,57,0,7,1,0,1,8,8,1
78,78,decoder_feedfwd2,1,13,58,6,2,58,0,7,2,0,1,8,8,1
78,78,decoder_feedfwd2,1,13,59,7,2,59,0,7,3,0,1,8,8,1
78,78,decoder_feedfwd2,1,12,60,6,1,60,0,7,4,0,1,8,8,1
78,78,decoder_feedfwd2,1,12,61,7,1,61,0,7,5,0,1,8,8,1
78,78,decoder_feedfwd2,1,12,62,6,0,62,0,7,6,0,1,8,8,1
78,78,decoder_feedfwd2,1,12,63,7,0,63,0,7,7,0,1,8,8,1
79,79,decoder_elt3,1,0,0,0,0,0,0,0,0,0,1,8,8,1
79,79,decoder_elt3,1,0,1,1,0,1,0,0,1,0,1,8,8,1
79,79,decoder_elt3,1,0,2,0,1,2,0,0,2,0,1,8,8,1
79,79,decoder_elt3,1,0,3,1,1,3,0,0,3,0,1,8,8,1
79,79,decoder_elt3,1,1,4,0,2,4,0,0,4,0,1,8,8,1
79,79,decoder_elt3,1,1,5,1,2,5,0,0,5,0,1,8,8,1
79,79,decoder_elt3,1,1,6,0,3,6,0,0,6,0,1,8,8,1
79,79,decoder_elt3,1,1,7,1,3,7,0,0,7,0,1,8,8,1
79,79,decoder_elt3,1,2,8,0,4,8,0,1,0,0,1,8,8,1
79,79,decoder_elt3,1,2,9,1,4,9,0,1,1,0,1,8,8,1
79,79,decoder_elt3,1,2,10,0,5,10,0,1,2,0,1,8,8,1
79,79,decoder_elt3,1,2,11,1,5,11,0,1,3,0,1,8,8,1
79,79,decoder_elt3,1,3,12,0,6,12,0,1,4,0,1,8,8,1
79,79,decoder_elt3,1,3,13,1,6,13,0,1,5,0,1,8,8,1
79,79,decoder_elt3,1,3,14,0,7,14,0,1,6,0,1,8,8,1
79,79,decoder_elt3,1,3,15,1,7,15,0,1,7,0,1,8,8,1
79,79,decoder_elt3,1,7,16,2,7,16,0,2,0,0,1,8,8,1
79,79,decoder_elt3,1,7,17,3,7,17,0,2,1,0,1,8,8,1
79,79,decoder_elt3,1,7,18,2,6,18,0,2,2,0,1,8,8,1
79,79,decoder_elt3,1,7,19,3,6,19,0,2,3,0,1,8,8,1
79,79,decoder_elt3,1,6,20,2,5,20,0,2,4,0,1,8,8,1
79,79,decoder_elt3,1,6,21,3,5,21,0,2,5,0,1,8,8,1
79,79,decoder_elt3,1,6,22,2,4,22,0,2,6,0,1,8,8,1
79,79,decoder_elt3,1,6,23,3,4,23,0,2,7,0,1,8,8,1
79,79,decoder_elt3,1,5,24,2,3,24,0,3,0,0,1,8,8,1
79,79,decoder_elt3,1,5,25,3,3,25,0,3,1,0,1,8,8,1
79,79,decoder_elt3,1,5,26,2,2,26,0,3,2,0,1,8,8,1
79,79,decoder_elt3,1,5,27,3,2,27,0,3,3,0,1,8,8,1
79,79,decoder_elt3,1,4,28,2,1,28,0,3,4,0,1,8,8,1
79,79,decoder_elt3,1,4,29,3,1,29,0,3,5,0,1,8,8,1
79,79,decoder_elt3,1,4,30,2,0,30,0,3,6,0,1,8,8,1
79,79,decoder_elt3,1,4,31,3,0,31,0,3,7,0,1,8,8,1
79,79,decoder_elt3,1,8,32,4,0,32,0,4,0,0,1,8,8,1
79,79,decoder_elt3,1,8,33,5,0,33,0,4,1,0,1,8,8,1
79,79,decoder_elt3,1,8,34,4,1,34,0,4,2,0,1,8,8,1
79,79,decoder_elt3,1,8,35,5,1,35,0,4,3,0,1,8,8,1
79,79,decoder_elt3,1,9,36,4,2,36,0,4,4,0,1,8,8,1
79,79,decoder_elt3,1,9,37,5,2,37,0,4,5,0,1,8,8,1
79,79,decoder_elt3,1,9,38,4,3,38,0,4,6,0,1,8,8,1
79,79,decoder_elt3,1,9,39,5,3,39,0,4,7,0,1,8,8,1
79,79,decoder_elt3,1,10,40,4,4,40,0,5,0,0,1,8,8,1
79,79,decoder_elt3,1,10,41,5,4,41,0,5,1,0,1,8,8,1
79,79,decoder_elt3,1,10,42,4,5,42,0,5,2,0,1,8,8,1
79,79,decoder_elt3,1,10,43,5,5,43,0,5,3,0,1,8,8,1
79,79,decoder_elt3,1,11,44,4,6,44,0,5,4,0,1,8,8,1
79,79,decoder_elt3,1,11,45,5,6,45,0,5,5,0,1,8,8,1
79,79,decoder_elt3,1,11,46,4,7,46,0,5,6,0,1,8,8,1
79,79,decoder_elt3,1,11,47,5,7,47,0,5,7,0,1,8,8,1
79,79,decoder_elt3,1,15,48,6,7,48,0,6,0,0,1,8,8,1
79,79,decoder_elt3,1,15,49,7,7,49,0,6,1,0,1,8,8,1
79,79,decoder_elt3,1,15,50,6,6,50,0,6,2,0,1,8,8,1
79,79,decoder_elt3,1,15,51,7,6,51,0,6,3,0,1,8,8,1
79,79,decoder_elt3,1,14,52,6,5,52,0,6,4,0,1,8,8,1
79,79,decoder_elt3,1,14,53,7,5,53,0,6,5,0,1,8,8,1
79,79,decoder_elt3,1,14,54,6,4,54,0,6,6,0,1,8,8,1
79,79,decoder_elt3,1,14,55,7,4,55,0,6,7,0,1,8,8,1
79,79,decoder_elt3,1,13,56,6,3,56,0,7,0,0,1,8,8,1
79,79,decoder_elt3,1,13,57,7,3,57,0,7,1,0,1,8,8,1
79,79,decoder_elt3,1,13,58,6,2,58,0,7,2,0,1,8,8,1
79,79,decoder_elt3,1,13,59,7,2,59,0,7,3,0,1,8,8,1
79,79,decoder_elt3,1,12,60,6,1,60,0,7,4,0,1,8,8,1
79,79,decoder_elt3,1,12,61,7,1,61,0,7,5,0,1,8,8,1
79,79,decoder_elt3,1,12,62,6,0,62,0,7,6,0,1,8,8,1
79,79,decoder_elt3,1,12,63,7,0,63,0,7,7,0,1,8,8,1
80,80,proj,1,0,0,0,0,0,0,0,0,0,1,8,8,1
80,80,proj,1,0,1,1,0,1,0,0,1,0,1,8,8,1
80,80,proj,1,0,2,0,1,2,0,0,2,0,1,8,8,1
80,80,proj,1,0,3,1,1,3,0,0,3,0,1,8,8,1
80,80,proj,1,1,4,0,2,4,0,0,4,0,1,8,8,1
80,80,proj,1,1,5,1,2,5,0,0,5,0,1,8,8,1
80,80,proj,1,1,6,0,3,6,0,0,6,0,1,8,8,1
80,80,proj,1,1,7,1,3,7,0,0,7,0,1,8,8,1
80,80,proj,1,2,8,0,4,8,0,1,0,0,1,8,8,1
80,80,proj,1,2,9,1,4,9,0,1,1,0,1,8,8,1
80,80,proj,1,2,10,0,5,10,0,1,2,0,1,8,8,1
80,80,proj,1,2,11,1,5,11,0,1,3,0,1,8,8,1
80,80,proj,1,3,12,0,6,12,0,1,4,0,1,8,8,1
80,80,proj,1,3,13,1,6,13,0,1,5,0,1,8,8,1
80,80,proj,1,3,14,0,7,14,0,1,6,0,1,8,8,1
80,80,proj,1,3,15,1,7,15,0,1,7,0,1,8,8,1
80,80,proj,1,7,16,2,7,16,0,2,0,0,1,8,8,1
80,80,proj,1,7,17,3,7,17,0,2,1,0,1,8,8,1
80,80,proj,1,7,18,2,6,18,0,2,2,0,1,8,8,1
80,80,proj,1,7,19,3,6,19,0,2,3,0,1,8,8,1
80,80,proj,1,6,20,2,5,20,0,2,4,0,1,8,8,1
80,80,proj,1,6,21,3,5,21,0,2,5,0,1,8,8,1
80,80,proj,1,6,22,2,4,22,0,2,6,0,1,8,8,1
80,80,proj,1,6,23,3,4,23,0,2,7,0,1,8,8,1
80,80,proj,1,5,24,2,3,24,0,3,0,0,1,8,8,1
80,80,proj,1,5,25,3,3,25,0,3,1,0,1,8,8,1
80,80,proj,1,5,26,2,2,26,0,3,2,0,1,8,8,1
80,80,proj,1,5,27,3,2,27,0,3,3,0,1,8,8,1
80,80,proj,1,4,28,2,1,28,0,3,4,0,1,8,8,1
80,80,proj,1,4,29,3,1,29,0,3,5,0,1,8,8,1
80,80,proj,1,4,30,2,0,30,0,3,6,0,1,8,8,1
80,80,proj,1,4,31,3,0,31,0,3,7,0,1,8,8,1
80,80,proj,1,8,32,4,0,32,0,4,0,0,1,8,8,1
80,80,proj,1,8,33,5,0,33,0,4,1,0,1,8,8,1
80,80,proj,1,8,34,4,1,34,0,4,2,0,1,8,8,1
80,80,proj,1,8,35,5,1,35,0,4,3,0,1,8,8,1
80,80,proj,1,9,36,4,2,36,0,4,4,0,1,8,8,1
80,80,proj,1,9,37,5,2,37,0,4,5,0,1,8,8,1
80,80,proj,1,9,38,4,3,38,0,4,6,0,1,8,8,1
80,80,proj,1,9,39,5,3,39,0,4,7,0,1,8,8,1
80,80,proj,1,10,40,4,4,40,0,5,0,0,1,8,8,1
80,80,proj,1,10,41,5,4,41,0,5,1,0,1,8,8,1
80,80,proj,1,10,42,4,5,42,0,5,2,0,1,8,8,1
80,80,proj,1,10,43,5,5,43,0,5,3,0,1,8,8,1
80,80,proj,1,11,44,4,6,44,0,5,4,0,1,8,8,1
80,80,proj,1,11,45,5,6,45,0,5,5,0,1,8,8,1
80,80,proj,1,11,46,4,7,46,0,5,6,0,1,8,8,1
80,80,proj,1,11,47,5,7,47,0,5,7,0,1,8,8,1
80,80,proj,1,15,48,6,7,48,0,6,0,0,1,8,8,1
80,80,proj,1,15,49,7,7,49,0,6,1,0,1,8,8,1
80,80,proj,1,15,50,6,6,50,0,6,2,0,1,8,8,1
80,80,proj,1,15,51,7,6,51,0,6,3,0,1,8,8,1
80,80,proj,1,14,52,6,5,52,0,6,4,0,1,8,8,1
80,80,proj,1,14,53,7,5,53,0,6,5,0,1,8,8,1
80,80,proj,1,14,54,6,4,54,0,6,6,0,1,8,8,1
80,80,proj,1,14,55,7,4,55,0,6,7,0,1,8,8,1
80,80,proj,1,13,56,6,3,56,0,7,0,0,1,8,8,1
80,80,proj,1,13,57,7,3,57,0,7,1,0,1,8,8,1
80,80,proj,1,13,58,6,2,58,0,7,2,0,1,8,8,1
80,80,proj,1,13,59,7,2,59,0,7,3,0,1,8,8,1
80,80,proj,1,12,60,6,1,60,0,7,4,0,1,8,8,1
80,80,proj,1,12,61,7,1,61,0,7,5,0,1,8,8,1
80,80,proj,1,12,62,6,0,62,0,7,6,0,1,8,8,1
80,80,proj,1,12,63,7,0,63,0,7,7,0,1,8,8,1
