segment,layer_id,layer,batch,chiplet,core,x,y,partition_id,partition_b,partition_c,partition_h,partition_w,B,C,H,W
0,0,word_embed,1,0,0,0,0,0,0,0,0,0,1,64,1,1
0,0,word_embed,1,0,1,1,0,1,0,1,0,0,1,64,1,1
0,0,word_embed,1,0,2,0,1,2,0,2,0,0,1,64,1,1
0,0,word_embed,1,0,3,1,1,3,0,3,0,0,1,64,1,1
0,0,word_embed,1,1,4,0,2,4,0,4,0,0,1,64,1,1
0,0,word_embed,1,1,5,1,2,5,0,5,0,0,1,64,1,1
0,0,word_embed,1,1,6,0,3,6,0,6,0,0,1,64,1,1
0,0,word_embed,1,1,7,1,3,7,0,7,0,0,1,64,1,1
0,0,word_embed,1,2,8,0,4,8,0,8,0,0,1,64,1,1
0,0,word_embed,1,2,9,1,4,9,0,9,0,0,1,64,1,1
0,0,word_embed,1,2,10,0,5,10,0,10,0,0,1,64,1,1
0,0,word_embed,1,2,11,1,5,11,0,11,0,0,1,64,1,1
0,0,word_embed,1,3,12,0,6,12,0,12,0,0,1,64,1,1
0,0,word_embed,1,3,13,1,6,13,0,13,0,0,1,64,1,1
0,0,word_embed,1,3,14,0,7,14,0,14,0,0,1,64,1,1
0,0,word_embed,1,3,15,1,7,15,0,15,0,0,1,64,1,1
0,0,word_embed,1,7,16,2,7,16,0,16,0,0,1,64,1,1
0,0,word_embed,1,7,17,3,7,17,0,17,0,0,1,64,1,1
0,0,word_embed,1,7,18,2,6,18,0,18,0,0,1,64,1,1
0,0,word_embed,1,7,19,3,6,19,0,19,0,0,1,64,1,1
0,0,word_embed,1,6,20,2,5,20,0,20,0,0,1,64,1,1
0,0,word_embed,1,6,21,3,5,21,0,21,0,0,1,64,1,1
0,0,word_embed,1,6,22,2,4,22,0,22,0,0,1,64,1,1
0,0,word_embed,1,6,23,3,4,23,0,23,0,0,1,64,1,1
0,0,word_embed,1,5,24,2,3,24,0,24,0,0,1,64,1,1
0,0,word_embed,1,5,25,3,3,25,0,25,0,0,1,64,1,1
0,0,word_embed,1,5,26,2,2,26,0,26,0,0,1,64,1,1
0,0,word_embed,1,5,27,3,2,27,0,27,0,0,1,64,1,1
0,0,word_embed,1,4,28,2,1,28,0,28,0,0,1,64,1,1
0,0,word_embed,1,4,29,3,1,29,0,29,0,0,1,64,1,1
0,0,word_embed,1,4,30,2,0,30,0,30,0,0,1,64,1,1
0,0,word_embed,1,4,31,3,0,31,0,31,0,0,1,64,1,1
0,0,word_embed,1,8,32,4,0,32,0,32,0,0,1,64,1,1
0,0,word_embed,1,8,33,5,0,33,0,33,0,0,1,64,1,1
0,0,word_embed,1,8,34,4,1,34,0,34,0,0,1,64,1,1
0,0,word_embed,1,8,35,5,1,35,0,35,0,0,1,64,1,1
0,0,word_embed,1,9,36,4,2,36,0,36,0,0,1,64,1,1
0,0,word_embed,1,9,37,5,2,37,0,37,0,0,1,64,1,1
0,0,word_embed,1,9,38,4,3,38,0,38,0,0,1,64,1,1
0,0,word_embed,1,9,39,5,3,39,0,39,0,0,1,64,1,1
0,0,word_embed,1,10,40,4,4,40,0,40,0,0,1,64,1,1
0,0,word_embed,1,10,41,5,4,41,0,41,0,0,1,64,1,1
0,0,word_embed,1,10,42,4,5,42,0,42,0,0,1,64,1,1
0,0,word_embed,1,10,43,5,5,43,0,43,0,0,1,64,1,1
0,0,word_embed,1,11,44,4,6,44,0,44,0,0,1,64,1,1
0,0,word_embed,1,11,45,5,6,45,0,45,0,0,1,64,1,1
0,0,word_embed,1,11,46,4,7,46,0,46,0,0,1,64,1,1
0,0,word_embed,1,11,47,5,7,47,0,47,0,0,1,64,1,1
0,0,word_embed,1,15,48,6,7,48,0,48,0,0,1,64,1,1
0,0,word_embed,1,15,49,7,7,49,0,49,0,0,1,64,1,1
0,0,word_embed,1,15,50,6,6,50,0,50,0,0,1,64,1,1
0,0,word_embed,1,15,51,7,6,51,0,51,0,0,1,64,1,1
0,0,word_embed,1,14,52,6,5,52,0,52,0,0,1,64,1,1
0,0,word_embed,1,14,53,7,5,53,0,53,0,0,1,64,1,1
0,0,word_embed,1,14,54,6,4,54,0,54,0,0,1,64,1,1
0,0,word_embed,1,14,55,7,4,55,0,55,0,0,1,64,1,1
0,0,word_embed,1,13,56,6,3,56,0,56,0,0,1,64,1,1
0,0,word_embed,1,13,57,7,3,57,0,57,0,0,1,64,1,1
0,0,word_embed,1,13,58,6,2,58,0,58,0,0,1,64,1,1
0,0,word_embed,1,13,59,7,2,59,0,59,0,0,1,64,1,1
0,0,word_embed,1,12,60,6,1,60,0,60,0,0,1,64,1,1
0,0,word_embed,1,12,61,7,1,61,0,61,0,0,1,64,1,1
0,0,word_embed,1,12,62,6,0,62,0,62,0,0,1,64,1,1
0,0,word_embed,1,12,63,7,0,63,0,63,0,0,1,64,1,1
1,1,block1_Q,2,0,0,0,0,0,0,0,0,0,1,61,1,1
1,1,block1_Q,2,0,1,1,0,1,0,1,0,0,1,61,1,1
1,1,block1_Q,2,0,2,0,1,2,0,2,0,0,1,61,1,1
1,1,block1_Q,2,0,3,1,1,3,0,3,0,0,1,61,1,1
1,1,block1_Q,2,1,4,0,2,4,0,4,0,0,1,61,1,1
1,1,block1_Q,2,1,5,1,2,5,0,5,0,0,1,61,1,1
1,1,block1_Q,2,1,6,0,3,6,0,6,0,0,1,61,1,1
1,1,block1_Q,2,1,7,1,3,7,0,7,0,0,1,61,1,1
1,1,block1_Q,2,2,8,0,4,8,0,8,0,0,1,61,1,1
1,1,block1_Q,2,2,9,1,4,9,0,9,0,0,1,61,1,1
1,1,block1_Q,2,2,10,0,5,10,0,10,0,0,1,61,1,1
1,1,block1_Q,2,2,11,1,5,11,0,11,0,0,1,61,1,1
1,1,block1_Q,2,3,12,0,6,12,0,12,0,0,1,61,1,1
1,1,block1_Q,2,3,13,1,6,13,0,13,0,0,1,61,1,1
1,1,block1_Q,2,3,14,0,7,14,0,14,0,0,1,61,1,1
1,1,block1_Q,2,3,15,1,7,15,0,15,0,0,1,61,1,1
1,1,block1_Q,2,7,16,2,7,16,0,16,0,0,1,61,1,1
1,1,block1_Q,2,7,17,3,7,17,0,17,0,0,1,61,1,1
1,1,block1_Q,2,7,18,2,6,18,0,18,0,0,1,61,1,1
1,1,block1_Q,2,7,19,3,6,19,0,19,0,0,1,61,1,1
1,1,block1_Q,2,6,20,2,5,20,0,20,0,0,1,61,1,1
1,1,block1_Q,2,6,21,3,5,21,0,21,0,0,1,61,1,1
1,1,block1_Q,2,6,22,2,4,22,0,22,0,0,1,61,1,1
1,1,block1_Q,2,6,23,3,4,23,0,23,0,0,1,61,1,1
1,1,block1_Q,2,5,24,2,3,24,0,24,0,0,1,61,1,1
1,1,block1_Q,2,5,25,3,3,25,0,25,0,0,1,61,1,1
1,1,block1_Q,2,5,26,2,2,26,0,26,0,0,1,61,1,1
1,1,block1_Q,2,5,27,3,2,27,0,27,0,0,1,61,1,1
1,1,block1_Q,2,4,28,2,1,28,0,28,0,0,1,61,1,1
1,1,block1_Q,2,4,29,3,1,29,0,29,0,0,1,61,1,1
1,1,block1_Q,2,4,30,2,0,30,0,30,0,0,1,61,1,1
1,1,block1_Q,2,4,31,3,0,31,0,31,0,0,1,61,1,1
1,1,block1_Q,2,8,32,4,0,32,0,32,0,0,1,61,1,1
1,1,block1_Q,2,8,33,5,0,33,0,33,0,0,1,61,1,1
1,1,block1_Q,2,8,34,4,1,34,0,34,0,0,1,61,1,1
1,1,block1_Q,2,8,35,5,1,35,0,35,0,0,1,61,1,1
1,1,block1_Q,2,9,36,4,2,36,0,36,0,0,1,61,1,1
1,1,block1_Q,2,9,37,5,2,37,0,37,0,0,1,61,1,1
1,1,block1_Q,2,9,38,4,3,38,0,38,0,0,1,61,1,1
1,1,block1_Q,2,9,39,5,3,39,0,39,0,0,1,61,1,1
1,1,block1_Q,2,10,40,4,4,40,0,40,0,0,1,61,1,1
1,1,block1_Q,2,10,41,5,4,41,0,41,0,0,1,61,1,1
1,1,block1_Q,2,10,42,4,5,42,0,42,0,0,1,61,1,1
1,1,block1_Q,2,10,43,5,5,43,0,43,0,0,1,61,1,1
1,1,block1_Q,2,11,44,4,6,44,0,44,0,0,1,61,1,1
1,1,block1_Q,2,11,45,5,6,45,0,45,0,0,1,61,1,1
1,1,block1_Q,2,11,46,4,7,46,0,46,0,0,1,61,1,1
1,1,block1_Q,2,11,47,5,7,47,0,47,0,0,1,61,1,1
1,1,block1_Q,2,15,48,6,7,48,0,48,0,0,1,61,1,1
1,1,block1_Q,2,15,49,7,7,49,0,49,0,0,1,61,1,1
1,1,block1_Q,2,15,50,6,6,50,0,50,0,0,1,61,1,1
1,1,block1_Q,2,15,51,7,6,51,0,51,0,0,1,61,1,1
1,1,block1_Q,2,14,52,6,5,52,0,52,0,0,1,61,1,1
1,1,block1_Q,2,14,53,7,5,53,0,53,0,0,1,61,1,1
1,1,block1_Q,2,14,54,6,4,54,0,54,0,0,1,61,1,1
1,1,block1_Q,2,14,55,7,4,55,0,55,0,0,1,61,1,1
1,1,block1_Q,2,13,56,6,3,56,0,56,0,0,1,61,1,1
1,1,block1_Q,2,13,57,7,3,57,0,57,0,0,1,61,1,1
1,1,block1_Q,2,13,58,6,2,58,0,58,0,0,1,61,1,1
1,1,block1_Q,2,13,59,7,2,59,0,59,0,0,1,61,1,1
1,1,block1_Q,2,12,60,6,1,60,0,60,0,0,1,61,1,1
1,2,block1_K0,2,12,61,7,1,0,0,0,0,0,1,3,1,1
1,2,block1_K0,2,12,62,6,0,1,0,1,0,0,1,3,1,1
1,2,block1_K0,2,12,63,7,0,2,0,2,0,0,1,3,1,1
2,3,block1_Kt0,2,0,0,0,0,0,0,0,0,0,2,1,32,1
2,3,block1_Kt0,2,0,1,1,0,1,0,0,1,0,2,1,32,1
2,3,block1_Kt0,2,0,2,0,1,2,0,0,2,0,2,1,32,1
2,3,block1_Kt0,2,0,3,1,1,3,0,0,3,0,2,1,32,1
2,3,block1_Kt0,2,1,4,0,2,4,0,0,4,0,2,1,32,1
2,3,block1_Kt0,2,1,5,1,2,5,0,0,5,0,2,1,32,1
2,3,block1_Kt0,2,1,6,0,3,6,0,0,6,0,2,1,32,1
2,3,block1_Kt0,2,1,7,1,3,7,0,0,7,0,2,1,32,1
2,3,block1_Kt0,2,2,8,0,4,8,0,0,8,0,2,1,32,1
2,3,block1_Kt0,2,2,9,1,4,9,0,0,9,0,2,1,32,1
2,3,block1_Kt0,2,2,10,0,5,10,0,0,10,0,2,1,32,1
2,3,block1_Kt0,2,2,11,1,5,11,0,0,11,0,2,1,32,1
2,3,block1_Kt0,2,3,12,0,6,12,0,0,12,0,2,1,32,1
2,3,block1_Kt0,2,3,13,1,6,13,0,0,13,0,2,1,32,1
2,3,block1_Kt0,2,3,14,0,7,14,0,0,14,0,2,1,32,1
2,3,block1_Kt0,2,3,15,1,7,15,0,0,15,0,2,1,32,1
2,3,block1_Kt0,2,7,16,2,7,16,0,0,16,0,2,1,32,1
2,3,block1_Kt0,2,7,17,3,7,17,0,0,17,0,2,1,32,1
2,3,block1_Kt0,2,7,18,2,6,18,0,0,18,0,2,1,32,1
2,3,block1_Kt0,2,7,19,3,6,19,0,0,19,0,2,1,32,1
2,3,block1_Kt0,2,6,20,2,5,20,0,0,20,0,2,1,32,1
2,3,block1_Kt0,2,6,21,3,5,21,0,0,21,0,2,1,32,1
2,3,block1_Kt0,2,6,22,2,4,22,0,0,22,0,2,1,32,1
2,3,block1_Kt0,2,6,23,3,4,23,0,0,23,0,2,1,32,1
2,3,block1_Kt0,2,5,24,2,3,24,0,0,24,0,2,1,32,1
2,3,block1_Kt0,2,5,25,3,3,25,0,0,25,0,2,1,32,1
2,3,block1_Kt0,2,5,26,2,2,26,0,0,26,0,2,1,32,1
2,3,block1_Kt0,2,5,27,3,2,27,0,0,27,0,2,1,32,1
2,3,block1_Kt0,2,4,28,2,1,28,0,0,28,0,2,1,32,1
2,3,block1_Kt0,2,4,29,3,1,29,0,0,29,0,2,1,32,1
2,3,block1_Kt0,2,4,30,2,0,30,0,0,30,0,2,1,32,1
2,3,block1_Kt0,2,4,31,3,0,31,0,0,31,0,2,1,32,1
2,3,block1_Kt0,2,8,32,4,0,32,1,0,0,0,2,1,32,1
2,3,block1_Kt0,2,8,33,5,0,33,1,0,1,0,2,1,32,1
2,3,block1_Kt0,2,8,34,4,1,34,1,0,2,0,2,1,32,1
2,3,block1_Kt0,2,8,35,5,1,35,1,0,3,0,2,1,32,1
2,3,block1_Kt0,2,9,36,4,2,36,1,0,4,0,2,1,32,1
2,3,block1_Kt0,2,9,37,5,2,37,1,0,5,0,2,1,32,1
2,3,block1_Kt0,2,9,38,4,3,38,1,0,6,0,2,1,32,1
2,3,block1_Kt0,2,9,39,5,3,39,1,0,7,0,2,1,32,1
2,3,block1_Kt0,2,10,40,4,4,40,1,0,8,0,2,1,32,1
2,3,block1_Kt0,2,10,41,5,4,41,1,0,9,0,2,1,32,1
2,3,block1_Kt0,2,10,42,4,5,42,1,0,10,0,2,1,32,1
2,3,block1_Kt0,2,10,43,5,5,43,1,0,11,0,2,1,32,1
2,3,block1_Kt0,2,11,44,4,6,44,1,0,12,0,2,1,32,1
2,3,block1_Kt0,2,11,45,5,6,45,1,0,13,0,2,1,32,1
2,3,block1_Kt0,2,11,46,4,7,46,1,0,14,0,2,1,32,1
2,3,block1_Kt0,2,11,47,5,7,47,1,0,15,0,2,1,32,1
2,3,block1_Kt0,2,15,48,6,7,48,1,0,16,0,2,1,32,1
2,3,block1_Kt0,2,15,49,7,7,49,1,0,17,0,2,1,32,1
2,3,block1_Kt0,2,15,50,6,6,50,1,0,18,0,2,1,32,1
2,3,block1_Kt0,2,15,51,7,6,51,1,0,19,0,2,1,32,1
2,3,block1_Kt0,2,14,52,6,5,52,1,0,20,0,2,1,32,1
2,3,block1_Kt0,2,14,53,7,5,53,1,0,21,0,2,1,32,1
2,3,block1_Kt0,2,14,54,6,4,54,1,0,22,0,2,1,32,1
2,3,block1_Kt0,2,14,55,7,4,55,1,0,23,0,2,1,32,1
2,3,block1_Kt0,2,13,56,6,3,56,1,0,24,0,2,1,32,1
2,3,block1_Kt0,2,13,57,7,3,57,1,0,25,0,2,1,32,1
2,3,block1_Kt0,2,13,58,6,2,58,1,0,26,0,2,1,32,1
2,3,block1_Kt0,2,13,59,7,2,59,1,0,27,0,2,1,32,1
2,3,block1_Kt0,2,12,60,6,1,60,1,0,28,0,2,1,32,1
2,3,block1_Kt0,2,12,61,7,1,61,1,0,29,0,2,1,32,1
2,3,block1_Kt0,2,12,62,6,0,62,1,0,30,0,2,1,32,1
2,3,block1_Kt0,2,12,63,7,0,63,1,0,31,0,2,1,32,1
3,4,block1_K1,2,0,0,0,0,0,0,0,0,0,2,32,1,1
3,4,block1_K1,2,0,1,1,0,32,1,0,0,0,2,32,1,1
3,4,block1_K1,2,0,2,0,1,1,0,1,0,0,2,32,1,1
3,4,block1_K1,2,0,3,1,1,33,1,1,0,0,2,32,1,1
3,4,block1_K1,2,1,4,0,2,2,0,2,0,0,2,32,1,1
3,4,block1_K1,2,1,5,1,2,34,1,2,0,0,2,32,1,1
3,4,block1_K1,2,1,6,0,3,3,0,3,0,0,2,32,1,1
3,4,block1_K1,2,1,7,1,3,35,1,3,0,0,2,32,1,1
3,4,block1_K1,2,2,8,0,4,4,0,4,0,0,2,32,1,1
3,4,block1_K1,2,2,9,1,4,36,1,4,0,0,2,32,1,1
3,4,block1_K1,2,2,10,0,5,5,0,5,0,0,2,32,1,1
3,4,block1_K1,2,2,11,1,5,37,1,5,0,0,2,32,1,1
3,4,block1_K1,2,3,12,0,6,6,0,6,0,0,2,32,1,1
3,4,block1_K1,2,3,13,1,6,38,1,6,0,0,2,32,1,1
3,4,block1_K1,2,3,14,0,7,7,0,7,0,0,2,32,1,1
3,4,block1_K1,2,3,15,1,7,39,1,7,0,0,2,32,1,1
3,4,block1_K1,2,7,16,2,7,8,0,8,0,0,2,32,1,1
3,4,block1_K1,2,7,17,3,7,40,1,8,0,0,2,32,1,1
3,4,block1_K1,2,7,18,2,6,9,0,9,0,0,2,32,1,1
3,4,block1_K1,2,7,19,3,6,41,1,9,0,0,2,32,1,1
3,4,block1_K1,2,6,20,2,5,10,0,10,0,0,2,32,1,1
3,4,block1_K1,2,6,21,3,5,42,1,10,0,0,2,32,1,1
3,4,block1_K1,2,6,22,2,4,11,0,11,0,0,2,32,1,1
3,4,block1_K1,2,6,23,3,4,43,1,11,0,0,2,32,1,1
3,4,block1_K1,2,5,24,2,3,12,0,12,0,0,2,32,1,1
3,4,block1_K1,2,5,25,3,3,44,1,12,0,0,2,32,1,1
3,4,block1_K1,2,5,26,2,2,13,0,13,0,0,2,32,1,1
3,4,block1_K1,2,5,27,3,2,45,1,13,0,0,2,32,1,1
3,4,block1_K1,2,4,28,2,1,14,0,14,0,0,2,32,1,1
3,4,block1_K1,2,4,29,3,1,46,1,14,0,0,2,32,1,1
3,4,block1_K1,2,4,30,2,0,15,0,15,0,0,2,32,1,1
3,4,block1_K1,2,4,31,3,0,47,1,15,0,0,2,32,1,1
3,4,block1_K1,2,8,32,4,0,16,0,16,0,0,2,32,1,1
3,4,block1_K1,2,8,33,5,0,48,1,16,0,0,2,32,1,1
3,4,block1_K1,2,8,34,4,1,17,0,17,0,0,2,32,1,1
3,4,block1_K1,2,8,35,5,1,49,1,17,0,0,2,32,1,1
3,4,block1_K1,2,9,36,4,2,18,0,18,0,0,2,32,1,1
3,4,block1_K1,2,9,37,5,2,50,1,18,0,0,2,32,1,1
3,4,block1_K1,2,9,38,4,3,19,0,19,0,0,2,32,1,1
3,4,block1_K1,2,9,39,5,3,51,1,19,0,0,2,32,1,1
3,4,block1_K1,2,10,40,4,4,20,0,20,0,0,2,32,1,1
3,4,block1_K1,2,10,41,5,4,52,1,20,0,0,2,32,1,1
3,4,block1_K1,2,10,42,4,5,21,0,21,0,0,2,32,1,1
3,4,block1_K1,2,10,43,5,5,53,1,21,0,0,2,32,1,1
3,4,block1_K1,2,11,44,4,6,22,0,22,0,0,2,32,1,1
3,4,block1_K1,2,11,45,5,6,54,1,22,0,0,2,32,1,1
3,4,block1_K1,2,11,46,4,7,23,0,23,0,0,2,32,1,1
3,4,block1_K1,2,11,47,5,7,55,1,23,0,0,2,32,1,1
3,4,block1_K1,2,15,48,6,7,24,0,24,0,0,2,32,1,1
3,4,block1_K1,2,15,49,7,7,56,1,24,0,0,2,32,1,1
3,4,block1_K1,2,15,50,6,6,25,0,25,0,0,2,32,1,1
3,4,block1_K1,2,15,51,7,6,57,1,25,0,0,2,32,1,1
3,4,block1_K1,2,14,52,6,5,26,0,26,0,0,2,32,1,1
3,4,block1_K1,2,14,53,7,5,58,1,26,0,0,2,32,1,1
3,4,block1_K1,2,14,54,6,4,27,0,27,0,0,2,32,1,1
3,4,block1_K1,2,14,55,7,4,59,1,27,0,0,2,32,1,1
3,4,block1_K1,2,13,56,6,3,28,0,28,0,0,2,32,1,1
3,4,block1_K1,2,13,57,7,3,60,1,28,0,0,2,32,1,1
3,4,block1_K1,2,13,58,6,2,29,0,29,0,0,2,32,1,1
3,4,block1_K1,2,13,59,7,2,61,1,29,0,0,2,32,1,1
3,4,block1_K1,2,12,60,6,1,30,0,30,0,0,2,32,1,1
3,4,block1_K1,2,12,61,7,1,62,1,30,0,0,2,32,1,1
3,4,block1_K1,2,12,62,6,0,31,0,31,0,0,2,32,1,1
3,4,block1_K1,2,12,63,7,0,63,1,31,0,0,2,32,1,1
4,5,block1_Kt1,32,0,0,0,0,0,0,0,0,0,8,1,8,1
4,5,block1_Kt1,32,0,1,1,0,1,0,0,1,0,8,1,8,1
4,5,block1_Kt1,32,0,2,0,1,2,0,0,2,0,8,1,8,1
4,5,block1_Kt1,32,0,3,1,1,3,0,0,3,0,8,1,8,1
4,5,block1_Kt1,32,1,4,0,2,4,0,0,4,0,8,1,8,1
4,5,block1_Kt1,32,1,5,1,2,5,0,0,5,0,8,1,8,1
4,5,block1_Kt1,32,1,6,0,3,6,0,0,6,0,8,1,8,1
4,5,block1_Kt1,32,1,7,1,3,7,0,0,7,0,8,1,8,1
4,5,block1_Kt1,32,2,8,0,4,8,1,0,0,0,8,1,8,1
4,5,block1_Kt1,32,2,9,1,4,9,1,0,1,0,8,1,8,1
4,5,block1_Kt1,32,2,10,0,5,10,1,0,2,0,8,1,8,1
4,5,block1_Kt1,32,2,11,1,5,11,1,0,3,0,8,1,8,1
4,5,block1_Kt1,32,3,12,0,6,12,1,0,4,0,8,1,8,1
4,5,block1_Kt1,32,3,13,1,6,13,1,0,5,0,8,1,8,1
4,5,block1_Kt1,32,3,14,0,7,14,1,0,6,0,8,1,8,1
4,5,block1_Kt1,32,3,15,1,7,15,1,0,7,0,8,1,8,1
4,5,block1_Kt1,32,7,16,2,7,16,2,0,0,0,8,1,8,1
4,5,block1_Kt1,32,7,17,3,7,17,2,0,1,0,8,1,8,1
4,5,block1_Kt1,32,7,18,2,6,18,2,0,2,0,8,1,8,1
4,5,block1_Kt1,32,7,19,3,6,19,2,0,3,0,8,1,8,1
4,5,block1_Kt1,32,6,20,2,5,20,2,0,4,0,8,1,8,1
4,5,block1_Kt1,32,6,21,3,5,21,2,0,5,0,8,1,8,1
4,5,block1_Kt1,32,6,22,2,4,22,2,0,6,0,8,1,8,1
4,5,block1_Kt1,32,6,23,3,4,23,2,0,7,0,8,1,8,1
4,5,block1_Kt1,32,5,24,2,3,24,3,0,0,0,8,1,8,1
4,5,block1_Kt1,32,5,25,3,3,25,3,0,1,0,8,1,8,1
4,5,block1_Kt1,32,5,26,2,2,26,3,0,2,0,8,1,8,1
4,5,block1_Kt1,32,5,27,3,2,27,3,0,3,0,8,1,8,1
4,5,block1_Kt1,32,4,28,2,1,28,3,0,4,0,8,1,8,1
4,5,block1_Kt1,32,4,29,3,1,29,3,0,5,0,8,1,8,1
4,5,block1_Kt1,32,4,30,2,0,30,3,0,6,0,8,1,8,1
4,5,block1_Kt1,32,4,31,3,0,31,3,0,7,0,8,1,8,1
4,5,block1_Kt1,32,8,32,4,0,32,4,0,0,0,8,1,8,1
4,5,block1_Kt1,32,8,33,5,0,33,4,0,1,0,8,1,8,1
4,5,block1_Kt1,32,8,34,4,1,34,4,0,2,0,8,1,8,1
4,5,block1_Kt1,32,8,35,5,1,35,4,0,3,0,8,1,8,1
4,5,block1_Kt1,32,9,36,4,2,36,4,0,4,0,8,1,8,1
4,5,block1_Kt1,32,9,37,5,2,37,4,0,5,0,8,1,8,1
4,5,block1_Kt1,32,9,38,4,3,38,4,0,6,0,8,1,8,1
4,5,block1_Kt1,32,9,39,5,3,39,4,0,7,0,8,1,8,1
4,5,block1_Kt1,32,10,40,4,4,40,5,0,0,0,8,1,8,1
4,5,block1_Kt1,32,10,41,5,4,41,5,0,1,0,8,1,8,1
4,5,block1_Kt1,32,10,42,4,5,42,5,0,2,0,8,1,8,1
4,5,block1_Kt1,32,10,43,5,5,43,5,0,3,0,8,1,8,1
4,5,block1_Kt1,32,11,44,4,6,44,5,0,4,0,8,1,8,1
4,5,block1_Kt1,32,11,45,5,6,45,5,0,5,0,8,1,8,1
4,5,block1_Kt1,32,11,46,4,7,46,5,0,6,0,8,1,8,1
4,5,block1_Kt1,32,11,47,5,7,47,5,0,7,0,8,1,8,1
4,5,block1_Kt1,32,15,48,6,7,48,6,0,0,0,8,1,8,1
4,5,block1_Kt1,32,15,49,7,7,49,6,0,1,0,8,1,8,1
4,5,block1_Kt1,32,15,50,6,6,50,6,0,2,0,8,1,8,1
4,5,block1_Kt1,32,15,51,7,6,51,6,0,3,0,8,1,8,1
4,5,block1_Kt1,32,14,52,6,5,52,6,0,4,0,8,1,8,1
4,5,block1_Kt1,32,14,53,7,5,53,6,0,5,0,8,1,8,1
4,5,block1_Kt1,32,14,54,6,4,54,6,0,6,0,8,1,8,1
4,5,block1_Kt1,32,14,55,7,4,55,6,0,7,0,8,1,8,1
4,5,block1_Kt1,32,13,56,6,3,56,7,0,0,0,8,1,8,1
4,5,block1_Kt1,32,13,57,7,3,57,7,0,1,0,8,1,8,1
4,5,block1_Kt1,32,13,58,6,2,58,7,0,2,0,8,1,8,1
4,5,block1_Kt1,32,13,59,7,2,59,7,0,3,0,8,1,8,1
4,5,block1_Kt1,32,12,60,6,1,60,7,0,4,0,8,1,8,1
4,5,block1_Kt1,32,12,61,7,1,61,7,0,5,0,8,1,8,1
4,5,block1_Kt1,32,12,62,6,0,62,7,0,6,0,8,1,8,1
4,5,block1_Kt1,32,12,63,7,0,63,7,0,7,0,8,1,8,1
5,6,block1_K2,32,0,0,0,0,0,0,0,0,0,8,8,1,1
5,6,block1_K2,32,0,1,1,0,8,1,0,0,0,8,8,1,1
5,6,block1_K2,32,0,2,0,1,16,2,0,0,0,8,8,1,1
5,6,block1_K2,32,0,3,1,1,24,3,0,0,0,8,8,1,1
5,6,block1_K2,32,1,4,0,2,32,4,0,0,0,8,8,1,1
5,6,block1_K2,32,1,5,1,2,40,5,0,0,0,8,8,1,1
5,6,block1_K2,32,1,6,0,3,48,6,0,0,0,8,8,1,1
5,6,block1_K2,32,1,7,1,3,56,7,0,0,0,8,8,1,1
5,6,block1_K2,32,2,8,0,4,1,0,1,0,0,8,8,1,1
5,6,block1_K2,32,2,9,1,4,9,1,1,0,0,8,8,1,1
5,6,block1_K2,32,2,10,0,5,17,2,1,0,0,8,8,1,1
5,6,block1_K2,32,2,11,1,5,25,3,1,0,0,8,8,1,1
5,6,block1_K2,32,3,12,0,6,33,4,1,0,0,8,8,1,1
5,6,block1_K2,32,3,13,1,6,41,5,1,0,0,8,8,1,1
5,6,block1_K2,32,3,14,0,7,49,6,1,0,0,8,8,1,1
5,6,block1_K2,32,3,15,1,7,57,7,1,0,0,8,8,1,1
5,6,block1_K2,32,7,16,2,7,2,0,2,0,0,8,8,1,1
5,6,block1_K2,32,7,17,3,7,10,1,2,0,0,8,8,1,1
5,6,block1_K2,32,7,18,2,6,18,2,2,0,0,8,8,1,1
5,6,block1_K2,32,7,19,3,6,26,3,2,0,0,8,8,1,1
5,6,block1_K2,32,6,20,2,5,34,4,2,0,0,8,8,1,1
5,6,block1_K2,32,6,21,3,5,42,5,2,0,0,8,8,1,1
5,6,block1_K2,32,6,22,2,4,50,6,2,0,0,8,8,1,1
5,6,block1_K2,32,6,23,3,4,58,7,2,0,0,8,8,1,1
5,6,block1_K2,32,5,24,2,3,3,0,3,0,0,8,8,1,1
5,6,block1_K2,32,5,25,3,3,11,1,3,0,0,8,8,1,1
5,6,block1_K2,32,5,26,2,2,19,2,3,0,0,8,8,1,1
5,6,block1_K2,32,5,27,3,2,27,3,3,0,0,8,8,1,1
5,6,block1_K2,32,4,28,2,1,35,4,3,0,0,8,8,1,1
5,6,block1_K2,32,4,29,3,1,43,5,3,0,0,8,8,1,1
5,6,block1_K2,32,4,30,2,0,51,6,3,0,0,8,8,1,1
5,6,block1_K2,32,4,31,3,0,59,7,3,0,0,8,8,1,1
5,6,block1_K2,32,8,32,4,0,4,0,4,0,0,8,8,1,1
5,6,block1_K2,32,8,33,5,0,12,1,4,0,0,8,8,1,1
5,6,block1_K2,32,8,34,4,1,20,2,4,0,0,8,8,1,1
5,6,block1_K2,32,8,35,5,1,28,3,4,0,0,8,8,1,1
5,6,block1_K2,32,9,36,4,2,36,4,4,0,0,8,8,1,1
5,6,block1_K2,32,9,37,5,2,44,5,4,0,0,8,8,1,1
5,6,block1_K2,32,9,38,4,3,52,6,4,0,0,8,8,1,1
5,6,block1_K2,32,9,39,5,3,60,7,4,0,0,8,8,1,1
5,6,block1_K2,32,10,40,4,4,5,0,5,0,0,8,8,1,1
5,6,block1_K2,32,10,41,5,4,13,1,5,0,0,8,8,1,1
5,6,block1_K2,32,10,42,4,5,21,2,5,0,0,8,8,1,1
5,6,block1_K2,32,10,43,5,5,29,3,5,0,0,8,8,1,1
5,6,block1_K2,32,11,44,4,6,37,4,5,0,0,8,8,1,1
5,6,block1_K2,32,11,45,5,6,45,5,5,0,0,8,8,1,1
5,6,block1_K2,32,11,46,4,7,53,6,5,0,0,8,8,1,1
5,6,block1_K2,32,11,47,5,7,61,7,5,0,0,8,8,1,1
5,6,block1_K2,32,15,48,6,7,6,0,6,0,0,8,8,1,1
5,6,block1_K2,32,15,49,7,7,14,1,6,0,0,8,8,1,1
5,6,block1_K2,32,15,50,6,6,22,2,6,0,0,8,8,1,1
5,6,block1_K2,32,15,51,7,6,30,3,6,0,0,8,8,1,1
5,6,block1_K2,32,14,52,6,5,38,4,6,0,0,8,8,1,1
5,6,block1_K2,32,14,53,7,5,46,5,6,0,0,8,8,1,1
5,6,block1_K2,32,14,54,6,4,54,6,6,0,0,8,8,1,1
5,6,block1_K2,32,14,55,7,4,62,7,6,0,0,8,8,1,1
5,6,block1_K2,32,13,56,6,3,7,0,7,0,0,8,8,1,1
5,6,block1_K2,32,13,57,7,3,15,1,7,0,0,8,8,1,1
5,6,block1_K2,32,13,58,6,2,23,2,7,0,0,8,8,1,1
5,6,block1_K2,32,13,59,7,2,31,3,7,0,0,8,8,1,1
5,6,block1_K2,32,12,60,6,1,39,4,7,0,0,8,8,1,1
5,6,block1_K2,32,12,61,7,1,47,5,7,0,0,8,8,1,1
5,6,block1_K2,32,12,62,6,0,55,6,7,0,0,8,8,1,1
5,6,block1_K2,32,12,63,7,0,63,7,7,0,0,8,8,1,1
6,7,block1_Kt2,32,0,0,0,0,0,0,0,0,0,8,1,8,1
6,7,block1_Kt2,32,0,1,1,0,1,0,0,1,0,8,1,8,1
6,7,block1_Kt2,32,0,2,0,1,2,0,0,2,0,8,1,8,1
6,7,block1_Kt2,32,0,3,1,1,3,0,0,3,0,8,1,8,1
6,7,block1_Kt2,32,1,4,0,2,4,0,0,4,0,8,1,8,1
6,7,block1_Kt2,32,1,5,1,2,5,0,0,5,0,8,1,8,1
6,7,block1_Kt2,32,1,6,0,3,6,0,0,6,0,8,1,8,1
6,7,block1_Kt2,32,1,7,1,3,7,0,0,7,0,8,1,8,1
6,7,block1_Kt2,32,2,8,0,4,8,1,0,0,0,8,1,8,1
6,7,block1_Kt2,32,2,9,1,4,9,1,0,1,0,8,1,8,1
6,7,block1_Kt2,32,2,10,0,5,10,1,0,2,0,8,1,8,1
6,7,block1_Kt2,32,2,11,1,5,11,1,0,3,0,8,1,8,1
6,7,block1_Kt2,32,3,12,0,6,12,1,0,4,0,8,1,8,1
6,7,block1_Kt2,32,3,13,1,6,13,1,0,5,0,8,1,8,1
6,7,block1_Kt2,32,3,14,0,7,14,1,0,6,0,8,1,8,1
6,7,block1_Kt2,32,3,15,1,7,15,1,0,7,0,8,1,8,1
6,7,block1_Kt2,32,7,16,2,7,16,2,0,0,0,8,1,8,1
6,7,block1_Kt2,32,7,17,3,7,17,2,0,1,0,8,1,8,1
6,7,block1_Kt2,32,7,18,2,6,18,2,0,2,0,8,1,8,1
6,7,block1_Kt2,32,7,19,3,6,19,2,0,3,0,8,1,8,1
6,7,block1_Kt2,32,6,20,2,5,20,2,0,4,0,8,1,8,1
6,7,block1_Kt2,32,6,21,3,5,21,2,0,5,0,8,1,8,1
6,7,block1_Kt2,32,6,22,2,4,22,2,0,6,0,8,1,8,1
6,7,block1_Kt2,32,6,23,3,4,23,2,0,7,0,8,1,8,1
6,7,block1_Kt2,32,5,24,2,3,24,3,0,0,0,8,1,8,1
6,7,block1_Kt2,32,5,25,3,3,25,3,0,1,0,8,1,8,1
6,7,block1_Kt2,32,5,26,2,2,26,3,0,2,0,8,1,8,1
6,7,block1_Kt2,32,5,27,3,2,27,3,0,3,0,8,1,8,1
6,7,block1_Kt2,32,4,28,2,1,28,3,0,4,0,8,1,8,1
6,7,block1_Kt2,32,4,29,3,1,29,3,0,5,0,8,1,8,1
6,7,block1_Kt2,32,4,30,2,0,30,3,0,6,0,8,1,8,1
6,7,block1_Kt2,32,4,31,3,0,31,3,0,7,0,8,1,8,1
6,7,block1_Kt2,32,8,32,4,0,32,4,0,0,0,8,1,8,1
6,7,block1_Kt2,32,8,33,5,0,33,4,0,1,0,8,1,8,1
6,7,block1_Kt2,32,8,34,4,1,34,4,0,2,0,8,1,8,1
6,7,block1_Kt2,32,8,35,5,1,35,4,0,3,0,8,1,8,1
6,7,block1_Kt2,32,9,36,4,2,36,4,0,4,0,8,1,8,1
6,7,block1_Kt2,32,9,37,5,2,37,4,0,5,0,8,1,8,1
6,7,block1_Kt2,32,9,38,4,3,38,4,0,6,0,8,1,8,1
6,7,block1_Kt2,32,9,39,5,3,39,4,0,7,0,8,1,8,1
6,7,block1_Kt2,32,10,40,4,4,40,5,0,0,0,8,1,8,1
6,7,block1_Kt2,32,10,41,5,4,41,5,0,1,0,8,1,8,1
6,7,block1_Kt2,32,10,42,4,5,42,5,0,2,0,8,1,8,1
6,7,block1_Kt2,32,10,43,5,5,43,5,0,3,0,8,1,8,1
6,7,block1_Kt2,32,11,44,4,6,44,5,0,4,0,8,1,8,1
6,7,block1_Kt2,32,11,45,5,6,45,5,0,5,0,8,1,8,1
6,7,block1_Kt2,32,11,46,4,7,46,5,0,6,0,8,1,8,1
6,7,block1_Kt2,32,11,47,5,7,47,5,0,7,0,8,1,8,1
6,7,block1_Kt2,32,15,48,6,7,48,6,0,0,0,8,1,8,1
6,7,block1_Kt2,32,15,49,7,7,49,6,0,1,0,8,1,8,1
6,7,block1_Kt2,32,15,50,6,6,50,6,0,2,0,8,1,8,1
6,7,block1_Kt2,32,15,51,7,6,51,6,0,3,0,8,1,8,1
6,7,block1_Kt2,32,14,52,6,5,52,6,0,4,0,8,1,8,1
6,7,block1_Kt2,32,14,53,7,5,53,6,0,5,0,8,1,8,1
6,7,block1_Kt2,32,14,54,6,4,54,6,0,6,0,8,1,8,1
6,7,block1_Kt2,32,14,55,7,4,55,6,0,7,0,8,1,8,1
6,7,block1_Kt2,32,13,56,6,3,56,7,0,0,0,8,1,8,1
6,7,block1_Kt2,32,13,57,7,3,57,7,0,1,0,8,1,8,1
6,7,block1_Kt2,32,13,58,6,2,58,7,0,2,0,8,1,8,1
6,7,block1_Kt2,32,13,59,7,2,59,7,0,3,0,8,1,8,1
6,7,block1_Kt2,32,12,60,6,1,60,7,0,4,0,8,1,8,1
6,7,block1_Kt2,32,12,61,7,1,61,7,0,5,0,8,1,8,1
6,7,block1_Kt2,32,12,62,6,0,62,7,0,6,0,8,1,8,1
6,7,block1_Kt2,32,12,63,7,0,63,7,0,7,0,8,1,8,1
7,8,block1_K3,32,0,0,0,0,0,0,0,0,0,8,8,1,1
7,8,block1_K3,32,0,1,1,0,8,1,0,0,0,8,8,1,1
7,8,block1_K3,32,0,2,0,1,16,2,0,0,0,8,8,1,1
7,8,block1_K3,32,0,3,1,1,24,3,0,0,0,8,8,1,1
7,8,block1_K3,32,1,4,0,2,32,4,0,0,0,8,8,1,1
7,8,block1_K3,32,1,5,1,2,40,5,0,0,0,8,8,1,1
7,8,block1_K3,32,1,6,0,3,48,6,0,0,0,8,8,1,1
7,8,block1_K3,32,1,7,1,3,56,7,0,0,0,8,8,1,1
7,8,block1_K3,32,2,8,0,4,1,0,1,0,0,8,8,1,1
7,8,block1_K3,32,2,9,1,4,9,1,1,0,0,8,8,1,1
7,8,block1_K3,32,2,10,0,5,17,2,1,0,0,8,8,1,1
7,8,block1_K3,32,2,11,1,5,25,3,1,0,0,8,8,1,1
7,8,block1_K3,32,3,12,0,6,33,4,1,0,0,8,8,1,1
7,8,block1_K3,32,3,13,1,6,41,5,1,0,0,8,8,1,1
7,8,block1_K3,32,3,14,0,7,49,6,1,0,0,8,8,1,1
7,8,block1_K3,32,3,15,1,7,57,7,1,0,0,8,8,1,1
7,8,block1_K3,32,7,16,2,7,2,0,2,0,0,8,8,1,1
7,8,block1_K3,32,7,17,3,7,10,1,2,0,0,8,8,1,1
7,8,block1_K3,32,7,18,2,6,18,2,2,0,0,8,8,1,1
7,8,block1_K3,32,7,19,3,6,26,3,2,0,0,8,8,1,1
7,8,block1_K3,32,6,20,2,5,34,4,2,0,0,8,8,1,1
7,8,block1_K3,32,6,21,3,5,42,5,2,0,0,8,8,1,1
7,8,block1_K3,32,6,22,2,4,50,6,2,0,0,8,8,1,1
7,8,block1_K3,32,6,23,3,4,58,7,2,0,0,8,8,1,1
7,8,block1_K3,32,5,24,2,3,3,0,3,0,0,8,8,1,1
7,8,block1_K3,32,5,25,3,3,11,1,3,0,0,8,8,1,1
7,8,block1_K3,32,5,26,2,2,19,2,3,0,0,8,8,1,1
7,8,block1_K3,32,5,27,3,2,27,3,3,0,0,8,8,1,1
7,8,block1_K3,32,4,28,2,1,35,4,3,0,0,8,8,1,1
7,8,block1_K3,32,4,29,3,1,43,5,3,0,0,8,8,1,1
7,8,block1_K3,32,4,30,2,0,51,6,3,0,0,8,8,1,1
7,8,block1_K3,32,4,31,3,0,59,7,3,0,0,8,8,1,1
7,8,block1_K3,32,8,32,4,0,4,0,4,0,0,8,8,1,1
7,8,block1_K3,32,8,33,5,0,12,1,4,0,0,8,8,1,1
7,8,block1_K3,32,8,34,4,1,20,2,4,0,0,8,8,1,1
7,8,block1_K3,32,8,35,5,1,28,3,4,0,0,8,8,1,1
7,8,block1_K3,32,9,36,4,2,36,4,4,0,0,8,8,1,1
7,8,block1_K3,32,9,37,5,2,44,5,4,0,0,8,8,1,1
7,8,block1_K3,32,9,38,4,3,52,6,4,0,0,8,8,1,1
7,8,block1_K3,32,9,39,5,3,60,7,4,0,0,8,8,1,1
7,8,block1_K3,32,10,40,4,4,5,0,5,0,0,8,8,1,1
7,8,block1_K3,32,10,41,5,4,13,1,5,0,0,8,8,1,1
7,8,block1_K3,32,10,42,4,5,21,2,5,0,0,8,8,1,1
7,8,block1_K3,32,10,43,5,5,29,3,5,0,0,8,8,1,1
7,8,block1_K3,32,11,44,4,6,37,4,5,0,0,8,8,1,1
7,8,block1_K3,32,11,45,5,6,45,5,5,0,0,8,8,1,1
7,8,block1_K3,32,11,46,4,7,53,6,5,0,0,8,8,1,1
7,8,block1_K3,32,11,47,5,7,61,7,5,0,0,8,8,1,1
7,8,block1_K3,32,15,48,6,7,6,0,6,0,0,8,8,1,1
7,8,block1_K3,32,15,49,7,7,14,1,6,0,0,8,8,1,1
7,8,block1_K3,32,15,50,6,6,22,2,6,0,0,8,8,1,1
7,8,block1_K3,32,15,51,7,6,30,3,6,0,0,8,8,1,1
7,8,block1_K3,32,14,52,6,5,38,4,6,0,0,8,8,1,1
7,8,block1_K3,32,14,53,7,5,46,5,6,0,0,8,8,1,1
7,8,block1_K3,32,14,54,6,4,54,6,6,0,0,8,8,1,1
7,8,block1_K3,32,14,55,7,4,62,7,6,0,0,8,8,1,1
7,8,block1_K3,32,13,56,6,3,7,0,7,0,0,8,8,1,1
7,8,block1_K3,32,13,57,7,3,15,1,7,0,0,8,8,1,1
7,8,block1_K3,32,13,58,6,2,23,2,7,0,0,8,8,1,1
7,8,block1_K3,32,13,59,7,2,31,3,7,0,0,8,8,1,1
7,8,block1_K3,32,12,60,6,1,39,4,7,0,0,8,8,1,1
7,8,block1_K3,32,12,61,7,1,47,5,7,0,0,8,8,1,1
7,8,block1_K3,32,12,62,6,0,55,6,7,0,0,8,8,1,1
7,8,block1_K3,32,12,63,7,0,63,7,7,0,0,8,8,1,1
8,9,block1_Kt3,32,0,0,0,0,0,0,0,0,0,8,1,8,1
8,9,block1_Kt3,32,0,1,1,0,1,0,0,1,0,8,1,8,1
8,9,block1_Kt3,32,0,2,0,1,2,0,0,2,0,8,1,8,1
8,9,block1_Kt3,32,0,3,1,1,3,0,0,3,0,8,1,8,1
8,9,block1_Kt3,32,1,4,0,2,4,0,0,4,0,8,1,8,1
8,9,block1_Kt3,32,1,5,1,2,5,0,0,5,0,8,1,8,1
8,9,block1_Kt3,32,1,6,0,3,6,0,0,6,0,8,1,8,1
8,9,block1_Kt3,32,1,7,1,3,7,0,0,7,0,8,1,8,1
8,9,block1_Kt3,32,2,8,0,4,8,1,0,0,0,8,1,8,1
8,9,block1_Kt3,32,2,9,1,4,9,1,0,1,0,8,1,8,1
8,9,block1_Kt3,32,2,10,0,5,10,1,0,2,0,8,1,8,1
8,9,block1_Kt3,32,2,11,1,5,11,1,0,3,0,8,1,8,1
8,9,block1_Kt3,32,3,12,0,6,12,1,0,4,0,8,1,8,1
8,9,block1_Kt3,32,3,13,1,6,13,1,0,5,0,8,1,8,1
8,9,block1_Kt3,32,3,14,0,7,14,1,0,6,0,8,1,8,1
8,9,block1_Kt3,32,3,15,1,7,15,1,0,7,0,8,1,8,1
8,9,block1_Kt3,32,7,16,2,7,16,2,0,0,0,8,1,8,1
8,9,block1_Kt3,32,7,17,3,7,17,2,0,1,0,8,1,8,1
8,9,block1_Kt3,32,7,18,2,6,18,2,0,2,0,8,1,8,1
8,9,block1_Kt3,32,7,19,3,6,19,2,0,3,0,8,1,8,1
8,9,block1_Kt3,32,6,20,2,5,20,2,0,4,0,8,1,8,1
8,9,block1_Kt3,32,6,21,3,5,21,2,0,5,0,8,1,8,1
8,9,block1_Kt3,32,6,22,2,4,22,2,0,6,0,8,1,8,1
8,9,block1_Kt3,32,6,23,3,4,23,2,0,7,0,8,1,8,1
8,9,block1_Kt3,32,5,24,2,3,24,3,0,0,0,8,1,8,1
8,9,block1_Kt3,32,5,25,3,3,25,3,0,1,0,8,1,8,1
8,9,block1_Kt3,32,5,26,2,2,26,3,0,2,0,8,1,8,1
8,9,block1_Kt3,32,5,27,3,2,27,3,0,3,0,8,1,8,1
8,9,block1_Kt3,32,4,28,2,1,28,3,0,4,0,8,1,8,1
8,9,block1_Kt3,32,4,29,3,1,29,3,0,5,0,8,1,8,1
8,9,block1_Kt3,32,4,30,2,0,30,3,0,6,0,8,1,8,1
8,9,block1_Kt3,32,4,31,3,0,31,3,0,7,0,8,1,8,1
8,9,block1_Kt3,32,8,32,4,0,32,4,0,0,0,8,1,8,1
8,9,block1_Kt3,32,8,33,5,0,33,4,0,1,0,8,1,8,1
8,9,block1_Kt3,32,8,34,4,1,34,4,0,2,0,8,1,8,1
8,9,block1_Kt3,32,8,35,5,1,35,4,0,3,0,8,1,8,1
8,9,block1_Kt3,32,9,36,4,2,36,4,0,4,0,8,1,8,1
8,9,block1_Kt3,32,9,37,5,2,37,4,0,5,0,8,1,8,1
8,9,block1_Kt3,32,9,38,4,3,38,4,0,6,0,8,1,8,1
8,9,block1_Kt3,32,9,39,5,3,39,4,0,7,0,8,1,8,1
8,9,block1_Kt3,32,10,40,4,4,40,5,0,0,0,8,1,8,1
8,9,block1_Kt3,32,10,41,5,4,41,5,0,1,0,8,1,8,1
8,9,block1_Kt3,32,10,42,4,5,42,5,0,2,0,8,1,8,1
8,9,block1_Kt3,32,10,43,5,5,43,5,0,3,0,8,1,8,1
8,9,block1_Kt3,32,11,44,4,6,44,5,0,4,0,8,1,8,1
8,9,block1_Kt3,32,11,45,5,6,45,5,0,5,0,8,1,8,1
8,9,block1_Kt3,32,11,46,4,7,46,5,0,6,0,8,1,8,1
8,9,block1_Kt3,32,11,47,5,7,47,5,0,7,0,8,1,8,1
8,9,block1_Kt3,32,15,48,6,7,48,6,0,0,0,8,1,8,1
8,9,block1_Kt3,32,15,49,7,7,49,6,0,1,0,8,1,8,1
8,9,block1_Kt3,32,15,50,6,6,50,6,0,2,0,8,1,8,1
8,9,block1_Kt3,32,15,51,7,6,51,6,0,3,0,8,1,8,1
8,9,block1_Kt3,32,14,52,6,5,52,6,0,4,0,8,1,8,1
8,9,block1_Kt3,32,14,53,7,5,53,6,0,5,0,8,1,8,1
8,9,block1_Kt3,32,14,54,6,4,54,6,0,6,0,8,1,8,1
8,9,block1_Kt3,32,14,55,7,4,55,6,0,7,0,8,1,8,1
8,9,block1_Kt3,32,13,56,6,3,56,7,0,0,0,8,1,8,1
8,9,block1_Kt3,32,13,57,7,3,57,7,0,1,0,8,1,8,1
8,9,block1_Kt3,32,13,58,6,2,58,7,0,2,0,8,1,8,1
8,9,block1_Kt3,32,13,59,7,2,59,7,0,3,0,8,1,8,1
8,9,block1_Kt3,32,12,60,6,1,60,7,0,4,0,8,1,8,1
8,9,block1_Kt3,32,12,61,7,1,61,7,0,5,0,8,1,8,1
8,9,block1_Kt3,32,12,62,6,0,62,7,0,6,0,8,1,8,1
8,9,block1_Kt3,32,12,63,7,0,63,7,0,7,0,8,1,8,1
9,10,block1_K4,32,0,0,0,0,0,0,0,0,0,8,8,1,1
9,10,block1_K4,32,0,1,1,0,8,1,0,0,0,8,8,1,1
9,10,block1_K4,32,0,2,0,1,16,2,0,0,0,8,8,1,1
9,10,block1_K4,32,0,3,1,1,24,3,0,0,0,8,8,1,1
9,10,block1_K4,32,1,4,0,2,32,4,0,0,0,8,8,1,1
9,10,block1_K4,32,1,5,1,2,40,5,0,0,0,8,8,1,1
9,10,block1_K4,32,1,6,0,3,48,6,0,0,0,8,8,1,1
9,10,block1_K4,32,1,7,1,3,56,7,0,0,0,8,8,1,1
9,10,block1_K4,32,2,8,0,4,1,0,1,0,0,8,8,1,1
9,10,block1_K4,32,2,9,1,4,9,1,1,0,0,8,8,1,1
9,10,block1_K4,32,2,10,0,5,17,2,1,0,0,8,8,1,1
9,10,block1_K4,32,2,11,1,5,25,3,1,0,0,8,8,1,1
9,10,block1_K4,32,3,12,0,6,33,4,1,0,0,8,8,1,1
9,10,block1_K4,32,3,13,1,6,41,5,1,0,0,8,8,1,1
9,10,block1_K4,32,3,14,0,7,49,6,1,0,0,8,8,1,1
9,10,block1_K4,32,3,15,1,7,57,7,1,0,0,8,8,1,1
9,10,block1_K4,32,7,16,2,7,2,0,2,0,0,8,8,1,1
9,10,block1_K4,32,7,17,3,7,10,1,2,0,0,8,8,1,1
9,10,block1_K4,32,7,18,2,6,18,2,2,0,0,8,8,1,1
9,10,block1_K4,32,7,19,3,6,26,3,2,0,0,8,8,1,1
9,10,block1_K4,32,6,20,2,5,34,4,2,0,0,8,8,1,1
9,10,block1_K4,32,6,21,3,5,42,5,2,0,0,8,8,1,1
9,10,block1_K4,32,6,22,2,4,50,6,2,0,0,8,8,1,1
9,10,block1_K4,32,6,23,3,4,58,7,2,0,0,8,8,1,1
9,10,block1_K4,32,5,24,2,3,3,0,3,0,0,8,8,1,1
9,10,block1_K4,32,5,25,3,3,11,1,3,0,0,8,8,1,1
9,10,block1_K4,32,5,26,2,2,19,2,3,0,0,8,8,1,1
9,10,block1_K4,32,5,27,3,2,27,3,3,0,0,8,8,1,1
9,10,block1_K4,32,4,28,2,1,35,4,3,0,0,8,8,1,1
9,10,block1_K4,32,4,29,3,1,43,5,3,0,0,8,8,1,1
9,10,block1_K4,32,4,30,2,0,51,6,3,0,0,8,8,1,1
9,10,block1_K4,32,4,31,3,0,59,7,3,0,0,8,8,1,1
9,10,block1_K4,32,8,32,4,0,4,0,4,0,0,8,8,1,1
9,10,block1_K4,32,8,33,5,0,12,1,4,0,0,8,8,1,1
9,10,block1_K4,32,8,34,4,1,20,2,4,0,0,8,8,1,1
9,10,block1_K4,32,8,35,5,1,28,3,4,0,0,8,8,1,1
9,10,block1_K4,32,9,36,4,2,36,4,4,0,0,8,8,1,1
9,10,block1_K4,32,9,37,5,2,44,5,4,0,0,8,8,1,1
9,10,block1_K4,32,9,38,4,3,52,6,4,0,0,8,8,1,1
9,10,block1_K4,32,9,39,5,3,60,7,4,0,0,8,8,1,1
9,10,block1_K4,32,10,40,4,4,5,0,5,0,0,8,8,1,1
9,10,block1_K4,32,10,41,5,4,13,1,5,0,0,8,8,1,1
9,10,block1_K4,32,10,42,4,5,21,2,5,0,0,8,8,1,1
9,10,block1_K4,32,10,43,5,5,29,3,5,0,0,8,8,1,1
9,10,block1_K4,32,11,44,4,6,37,4,5,0,0,8,8,1,1
9,10,block1_K4,32,11,45,5,6,45,5,5,0,0,8,8,1,1
9,10,block1_K4,32,11,46,4,7,53,6,5,0,0,8,8,1,1
9,10,block1_K4,32,11,47,5,7,61,7,5,0,0,8,8,1,1
9,10,block1_K4,32,15,48,6,7,6,0,6,0,0,8,8,1,1
9,10,block1_K4,32,15,49,7,7,14,1,6,0,0,8,8,1,1
9,10,block1_K4,32,15,50,6,6,22,2,6,0,0,8,8,1,1
9,10,block1_K4,32,15,51,7,6,30,3,6,0,0,8,8,1,1
9,10,block1_K4,32,14,52,6,5,38,4,6,0,0,8,8,1,1
9,10,block1_K4,32,14,53,7,5,46,5,6,0,0,8,8,1,1
9,10,block1_K4,32,14,54,6,4,54,6,6,0,0,8,8,1,1
9,10,block1_K4,32,14,55,7,4,62,7,6,0,0,8,8,1,1
9,10,block1_K4,32,13,56,6,3,7,0,7,0,0,8,8,1,1
9,10,block1_K4,32,13,57,7,3,15,1,7,0,0,8,8,1,1
9,10,block1_K4,32,13,58,6,2,23,2,7,0,0,8,8,1,1
9,10,block1_K4,32,13,59,7,2,31,3,7,0,0,8,8,1,1
9,10,block1_K4,32,12,60,6,1,39,4,7,0,0,8,8,1,1
9,10,block1_K4,32,12,61,7,1,47,5,7,0,0,8,8,1,1
9,10,block1_K4,32,12,62,6,0,55,6,7,0,0,8,8,1,1
9,10,block1_K4,32,12,63,7,0,63,7,7,0,0,8,8,1,1
10,11,block1_Kt4,32,0,0,0,0,0,0,0,0,0,8,1,8,1
10,11,block1_Kt4,32,0,1,1,0,1,0,0,1,0,8,1,8,1
10,11,block1_Kt4,32,0,2,0,1,2,0,0,2,0,8,1,8,1
10,11,block1_Kt4,32,0,3,1,1,3,0,0,3,0,8,1,8,1
10,11,block1_Kt4,32,1,4,0,2,4,0,0,4,0,8,1,8,1
10,11,block1_Kt4,32,1,5,1,2,5,0,0,5,0,8,1,8,1
10,11,block1_Kt4,32,1,6,0,3,6,0,0,6,0,8,1,8,1
10,11,block1_Kt4,32,1,7,1,3,7,0,0,7,0,8,1,8,1
10,11,block1_Kt4,32,2,8,0,4,8,1,0,0,0,8,1,8,1
10,11,block1_Kt4,32,2,9,1,4,9,1,0,1,0,8,1,8,1
10,11,block1_Kt4,32,2,10,0,5,10,1,0,2,0,8,1,8,1
10,11,block1_Kt4,32,2,11,1,5,11,1,0,3,0,8,1,8,1
10,11,block1_Kt4,32,3,12,0,6,12,1,0,4,0,8,1,8,1
10,11,block1_Kt4,32,3,13,1,6,13,1,0,5,0,8,1,8,1
10,11,block1_Kt4,32,3,14,0,7,14,1,0,6,0,8,1,8,1
10,11,block1_Kt4,32,3,15,1,7,15,1,0,7,0,8,1,8,1
10,11,block1_Kt4,32,7,16,2,7,16,2,0,0,0,8,1,8,1
10,11,block1_Kt4,32,7,17,3,7,17,2,0,1,0,8,1,8,1
10,11,block1_Kt4,32,7,18,2,6,18,2,0,2,0,8,1,8,1
10,11,block1_Kt4,32,7,19,3,6,19,2,0,3,0,8,1,8,1
10,11,block1_Kt4,32,6,20,2,5,20,2,0,4,0,8,1,8,1
10,11,block1_Kt4,32,6,21,3,5,21,2,0,5,0,8,1,8,1
10,11,block1_Kt4,32,6,22,2,4,22,2,0,6,0,8,1,8,1
10,11,block1_Kt4,32,6,23,3,4,23,2,0,7,0,8,1,8,1
10,11,block1_Kt4,32,5,24,2,3,24,3,0,0,0,8,1,8,1
10,11,block1_Kt4,32,5,25,3,3,25,3,0,1,0,8,1,8,1
10,11,block1_Kt4,32,5,26,2,2,26,3,0,2,0,8,1,8,1
10,11,block1_Kt4,32,5,27,3,2,27,3,0,3,0,8,1,8,1
10,11,block1_Kt4,32,4,28,2,1,28,3,0,4,0,8,1,8,1
10,11,block1_Kt4,32,4,29,3,1,29,3,0,5,0,8,1,8,1
10,11,block1_Kt4,32,4,30,2,0,30,3,0,6,0,8,1,8,1
10,11,block1_Kt4,32,4,31,3,0,31,3,0,7,0,8,1,8,1
10,11,block1_Kt4,32,8,32,4,0,32,4,0,0,0,8,1,8,1
10,11,block1_Kt4,32,8,33,5,0,33,4,0,1,0,8,1,8,1
10,11,block1_Kt4,32,8,34,4,1,34,4,0,2,0,8,1,8,1
10,11,block1_Kt4,32,8,35,5,1,35,4,0,3,0,8,1,8,1
10,11,block1_Kt4,32,9,36,4,2,36,4,0,4,0,8,1,8,1
10,11,block1_Kt4,32,9,37,5,2,37,4,0,5,0,8,1,8,1
10,11,block1_Kt4,32,9,38,4,3,38,4,0,6,0,8,1,8,1
10,11,block1_Kt4,32,9,39,5,3,39,4,0,7,0,8,1,8,1
10,11,block1_Kt4,32,10,40,4,4,40,5,0,0,0,8,1,8,1
10,11,block1_Kt4,32,10,41,5,4,41,5,0,1,0,8,1,8,1
10,11,block1_Kt4,32,10,42,4,5,42,5,0,2,0,8,1,8,1
10,11,block1_Kt4,32,10,43,5,5,43,5,0,3,0,8,1,8,1
10,11,block1_Kt4,32,11,44,4,6,44,5,0,4,0,8,1,8,1
10,11,block1_Kt4,32,11,45,5,6,45,5,0,5,0,8,1,8,1
10,11,block1_Kt4,32,11,46,4,7,46,5,0,6,0,8,1,8,1
10,11,block1_Kt4,32,11,47,5,7,47,5,0,7,0,8,1,8,1
10,11,block1_Kt4,32,15,48,6,7,48,6,0,0,0,8,1,8,1
10,11,block1_Kt4,32,15,49,7,7,49,6,0,1,0,8,1,8,1
10,11,block1_Kt4,32,15,50,6,6,50,6,0,2,0,8,1,8,1
10,11,block1_Kt4,32,15,51,7,6,51,6,0,3,0,8,1,8,1
10,11,block1_Kt4,32,14,52,6,5,52,6,0,4,0,8,1,8,1
10,11,block1_Kt4,32,14,53,7,5,53,6,0,5,0,8,1,8,1
10,11,block1_Kt4,32,14,54,6,4,54,6,0,6,0,8,1,8,1
10,11,block1_Kt4,32,14,55,7,4,55,6,0,7,0,8,1,8,1
10,11,block1_Kt4,32,13,56,6,3,56,7,0,0,0,8,1,8,1
10,11,block1_Kt4,32,13,57,7,3,57,7,0,1,0,8,1,8,1
10,11,block1_Kt4,32,13,58,6,2,58,7,0,2,0,8,1,8,1
10,11,block1_Kt4,32,13,59,7,2,59,7,0,3,0,8,1,8,1
10,11,block1_Kt4,32,12,60,6,1,60,7,0,4,0,8,1,8,1
10,11,block1_Kt4,32,12,61,7,1,61,7,0,5,0,8,1,8,1
10,11,block1_Kt4,32,12,62,6,0,62,7,0,6,0,8,1,8,1
10,11,block1_Kt4,32,12,63,7,0,63,7,0,7,0,8,1,8,1
11,12,block1_K5,32,0,0,0,0,0,0,0,0,0,8,8,1,1
11,12,block1_K5,32,0,1,1,0,8,1,0,0,0,8,8,1,1
11,12,block1_K5,32,0,2,0,1,16,2,0,0,0,8,8,1,1
11,12,block1_K5,32,0,3,1,1,24,3,0,0,0,8,8,1,1
11,12,block1_K5,32,1,4,0,2,32,4,0,0,0,8,8,1,1
11,12,block1_K5,32,1,5,1,2,40,5,0,0,0,8,8,1,1
11,12,block1_K5,32,1,6,0,3,48,6,0,0,0,8,8,1,1
11,12,block1_K5,32,1,7,1,3,56,7,0,0,0,8,8,1,1
11,12,block1_K5,32,2,8,0,4,1,0,1,0,0,8,8,1,1
11,12,block1_K5,32,2,9,1,4,9,1,1,0,0,8,8,1,1
11,12,block1_K5,32,2,10,0,5,17,2,1,0,0,8,8,1,1
11,12,block1_K5,32,2,11,1,5,25,3,1,0,0,8,8,1,1
11,12,block1_K5,32,3,12,0,6,33,4,1,0,0,8,8,1,1
11,12,block1_K5,32,3,13,1,6,41,5,1,0,0,8,8,1,1
11,12,block1_K5,32,3,14,0,7,49,6,1,0,0,8,8,1,1
11,12,block1_K5,32,3,15,1,7,57,7,1,0,0,8,8,1,1
11,12,block1_K5,32,7,16,2,7,2,0,2,0,0,8,8,1,1
11,12,block1_K5,32,7,17,3,7,10,1,2,0,0,8,8,1,1
11,12,block1_K5,32,7,18,2,6,18,2,2,0,0,8,8,1,1
11,12,block1_K5,32,7,19,3,6,26,3,2,0,0,8,8,1,1
11,12,block1_K5,32,6,20,2,5,34,4,2,0,0,8,8,1,1
11,12,block1_K5,32,6,21,3,5,42,5,2,0,0,8,8,1,1
11,12,block1_K5,32,6,22,2,4,50,6,2,0,0,8,8,1,1
11,12,block1_K5,32,6,23,3,4,58,7,2,0,0,8,8,1,1
11,12,block1_K5,32,5,24,2,3,3,0,3,0,0,8,8,1,1
11,12,block1_K5,32,5,25,3,3,11,1,3,0,0,8,8,1,1
11,12,block1_K5,32,5,26,2,2,19,2,3,0,0,8,8,1,1
11,12,block1_K5,32,5,27,3,2,27,3,3,0,0,8,8,1,1
11,12,block1_K5,32,4,28,2,1,35,4,3,0,0,8,8,1,1
11,12,block1_K5,32,4,29,3,1,43,5,3,0,0,8,8,1,1
11,12,block1_K5,32,4,30,2,0,51,6,3,0,0,8,8,1,1
11,12,block1_K5,32,4,31,3,0,59,7,3,0,0,8,8,1,1
11,12,block1_K5,32,8,32,4,0,4,0,4,0,0,8,8,1,1
11,12,block1_K5,32,8,33,5,0,12,1,4,0,0,8,8,1,1
11,12,block1_K5,32,8,34,4,1,20,2,4,0,0,8,8,1,1
11,12,block1_K5,32,8,35,5,1,28,3,4,0,0,8,8,1,1
11,12,block1_K5,32,9,36,4,2,36,4,4,0,0,8,8,1,1
11,12,block1_K5,32,9,37,5,2,44,5,4,0,0,8,8,1,1
11,12,block1_K5,32,9,38,4,3,52,6,4,0,0,8,8,1,1
11,12,block1_K5,32,9,39,5,3,60,7,4,0,0,8,8,1,1
11,12,block1_K5,32,10,40,4,4,5,0,5,0,0,8,8,1,1
11,12,block1_K5,32,10,41,5,4,13,1,5,0,0,8,8,1,1
11,12,block1_K5,32,10,42,4,5,21,2,5,0,0,8,8,1,1
11,12,block1_K5,32,10,43,5,5,29,3,5,0,0,8,8,1,1
11,12,block1_K5,32,11,44,4,6,37,4,5,0,0,8,8,1,1
11,12,block1_K5,32,11,45,5,6,45,5,5,0,0,8,8,1,1
11,12,block1_K5,32,11,46,4,7,53,6,5,0,0,8,8,1,1
11,12,block1_K5,32,11,47,5,7,61,7,5,0,0,8,8,1,1
11,12,block1_K5,32,15,48,6,7,6,0,6,0,0,8,8,1,1
11,12,block1_K5,32,15,49,7,7,14,1,6,0,0,8,8,1,1
11,12,block1_K5,32,15,50,6,6,22,2,6,0,0,8,8,1,1
11,12,block1_K5,32,15,51,7,6,30,3,6,0,0,8,8,1,1
11,12,block1_K5,32,14,52,6,5,38,4,6,0,0,8,8,1,1
11,12,block1_K5,32,14,53,7,5,46,5,6,0,0,8,8,1,1
11,12,block1_K5,32,14,54,6,4,54,6,6,0,0,8,8,1,1
11,12,block1_K5,32,14,55,7,4,62,7,6,0,0,8,8,1,1
11,12,block1_K5,32,13,56,6,3,7,0,7,0,0,8,8,1,1
11,12,block1_K5,32,13,57,7,3,15,1,7,0,0,8,8,1,1
11,12,block1_K5,32,13,58,6,2,23,2,7,0,0,8,8,1,1
11,12,block1_K5,32,13,59,7,2,31,3,7,0,0,8,8,1,1
11,12,block1_K5,32,12,60,6,1,39,4,7,0,0,8,8,1,1
11,12,block1_K5,32,12,61,7,1,47,5,7,0,0,8,8,1,1
11,12,block1_K5,32,12,62,6,0,55,6,7,0,0,8,8,1,1
11,12,block1_K5,32,12,63,7,0,63,7,7,0,0,8,8,1,1
12,13,block1_Kt5,32,0,0,0,0,0,0,0,0,0,8,1,8,1
12,13,block1_Kt5,32,0,1,1,0,1,0,0,1,0,8,1,8,1
12,13,block1_Kt5,32,0,2,0,1,2,0,0,2,0,8,1,8,1
12,13,block1_Kt5,32,0,3,1,1,3,0,0,3,0,8,1,8,1
12,13,block1_Kt5,32,1,4,0,2,4,0,0,4,0,8,1,8,1
12,13,block1_Kt5,32,1,5,1,2,5,0,0,5,0,8,1,8,1
12,13,block1_Kt5,32,1,6,0,3,6,0,0,6,0,8,1,8,1
12,13,block1_Kt5,32,1,7,1,3,7,0,0,7,0,8,1,8,1
12,13,block1_Kt5,32,2,8,0,4,8,1,0,0,0,8,1,8,1
12,13,block1_Kt5,32,2,9,1,4,9,1,0,1,0,8,1,8,1
12,13,block1_Kt5,32,2,10,0,5,10,1,0,2,0,8,1,8,1
12,13,block1_Kt5,32,2,11,1,5,11,1,0,3,0,8,1,8,1
12,13,block1_Kt5,32,3,12,0,6,12,1,0,4,0,8,1,8,1
12,13,block1_Kt5,32,3,13,1,6,13,1,0,5,0,8,1,8,1
12,13,block1_Kt5,32,3,14,0,7,14,1,0,6,0,8,1,8,1
12,13,block1_Kt5,32,3,15,1,7,15,1,0,7,0,8,1,8,1
12,13,block1_Kt5,32,7,16,2,7,16,2,0,0,0,8,1,8,1
12,13,block1_Kt5,32,7,17,3,7,17,2,0,1,0,8,1,8,1
12,13,block1_Kt5,32,7,18,2,6,18,2,0,2,0,8,1,8,1
12,13,block1_Kt5,32,7,19,3,6,19,2,0,3,0,8,1,8,1
12,13,block1_Kt5,32,6,20,2,5,20,2,0,4,0,8,1,8,1
12,13,block1_Kt5,32,6,21,3,5,21,2,0,5,0,8,1,8,1
12,13,block1_Kt5,32,6,22,2,4,22,2,0,6,0,8,1,8,1
12,13,block1_Kt5,32,6,23,3,4,23,2,0,7,0,8,1,8,1
12,13,block1_Kt5,32,5,24,2,3,24,3,0,0,0,8,1,8,1
12,13,block1_Kt5,32,5,25,3,3,25,3,0,1,0,8,1,8,1
12,13,block1_Kt5,32,5,26,2,2,26,3,0,2,0,8,1,8,1
12,13,block1_Kt5,32,5,27,3,2,27,3,0,3,0,8,1,8,1
12,13,block1_Kt5,32,4,28,2,1,28,3,0,4,0,8,1,8,1
12,13,block1_Kt5,32,4,29,3,1,29,3,0,5,0,8,1,8,1
12,13,block1_Kt5,32,4,30,2,0,30,3,0,6,0,8,1,8,1
12,13,block1_Kt5,32,4,31,3,0,31,3,0,7,0,8,1,8,1
12,13,block1_Kt5,32,8,32,4,0,32,4,0,0,0,8,1,8,1
12,13,block1_Kt5,32,8,33,5,0,33,4,0,1,0,8,1,8,1
12,13,block1_Kt5,32,8,34,4,1,34,4,0,2,0,8,1,8,1
12,13,block1_Kt5,32,8,35,5,1,35,4,0,3,0,8,1,8,1
12,13,block1_Kt5,32,9,36,4,2,36,4,0,4,0,8,1,8,1
12,13,block1_Kt5,32,9,37,5,2,37,4,0,5,0,8,1,8,1
12,13,block1_Kt5,32,9,38,4,3,38,4,0,6,0,8,1,8,1
12,13,block1_Kt5,32,9,39,5,3,39,4,0,7,0,8,1,8,1
12,13,block1_Kt5,32,10,40,4,4,40,5,0,0,0,8,1,8,1
12,13,block1_Kt5,32,10,41,5,4,41,5,0,1,0,8,1,8,1
12,13,block1_Kt5,32,10,42,4,5,42,5,0,2,0,8,1,8,1
12,13,block1_Kt5,32,10,43,5,5,43,5,0,3,0,8,1,8,1
12,13,block1_Kt5,32,11,44,4,6,44,5,0,4,0,8,1,8,1
12,13,block1_Kt5,32,11,45,5,6,45,5,0,5,0,8,1,8,1
12,13,block1_Kt5,32,11,46,4,7,46,5,0,6,0,8,1,8,1
12,13,block1_Kt5,32,11,47,5,7,47,5,0,7,0,8,1,8,1
12,13,block1_Kt5,32,15,48,6,7,48,6,0,0,0,8,1,8,1
12,13,block1_Kt5,32,15,49,7,7,49,6,0,1,0,8,1,8,1
12,13,block1_Kt5,32,15,50,6,6,50,6,0,2,0,8,1,8,1
12,13,block1_Kt5,32,15,51,7,6,51,6,0,3,0,8,1,8,1
12,13,block1_Kt5,32,14,52,6,5,52,6,0,4,0,8,1,8,1
12,13,block1_Kt5,32,14,53,7,5,53,6,0,5,0,8,1,8,1
12,13,block1_Kt5,32,14,54,6,4,54,6,0,6,0,8,1,8,1
12,13,block1_Kt5,32,14,55,7,4,55,6,0,7,0,8,1,8,1
12,13,block1_Kt5,32,13,56,6,3,56,7,0,0,0,8,1,8,1
12,13,block1_Kt5,32,13,57,7,3,57,7,0,1,0,8,1,8,1
12,13,block1_Kt5,32,13,58,6,2,58,7,0,2,0,8,1,8,1
12,13,block1_Kt5,32,13,59,7,2,59,7,0,3,0,8,1,8,1
12,13,block1_Kt5,32,12,60,6,1,60,7,0,4,0,8,1,8,1
12,13,block1_Kt5,32,12,61,7,1,61,7,0,5,0,8,1,8,1
12,13,block1_Kt5,32,12,62,6,0,62,7,0,6,0,8,1,8,1
12,13,block1_Kt5,32,12,63,7,0,63,7,0,7,0,8,1,8,1
13,14,block1_K6,32,0,0,0,0,0,0,0,0,0,8,8,1,1
13,14,block1_K6,32,0,1,1,0,8,1,0,0,0,8,8,1,1
13,14,block1_K6,32,0,2,0,1,16,2,0,0,0,8,8,1,1
13,14,block1_K6,32,0,3,1,1,24,3,0,0,0,8,8,1,1
13,14,block1_K6,32,1,4,0,2,32,4,0,0,0,8,8,1,1
13,14,block1_K6,32,1,5,1,2,40,5,0,0,0,8,8,1,1
13,14,block1_K6,32,1,6,0,3,48,6,0,0,0,8,8,1,1
13,14,block1_K6,32,1,7,1,3,56,7,0,0,0,8,8,1,1
13,14,block1_K6,32,2,8,0,4,1,0,1,0,0,8,8,1,1
13,14,block1_K6,32,2,9,1,4,9,1,1,0,0,8,8,1,1
13,14,block1_K6,32,2,10,0,5,17,2,1,0,0,8,8,1,1
13,14,block1_K6,32,2,11,1,5,25,3,1,0,0,8,8,1,1
13,14,block1_K6,32,3,12,0,6,33,4,1,0,0,8,8,1,1
13,14,block1_K6,32,3,13,1,6,41,5,1,0,0,8,8,1,1
13,14,block1_K6,32,3,14,0,7,49,6,1,0,0,8,8,1,1
13,14,block1_K6,32,3,15,1,7,57,7,1,0,0,8,8,1,1
13,14,block1_K6,32,7,16,2,7,2,0,2,0,0,8,8,1,1
13,14,block1_K6,32,7,17,3,7,10,1,2,0,0,8,8,1,1
13,14,block1_K6,32,7,18,2,6,18,2,2,0,0,8,8,1,1
13,14,block1_K6,32,7,19,3,6,26,3,2,0,0,8,8,1,1
13,14,block1_K6,32,6,20,2,5,34,4,2,0,0,8,8,1,1
13,14,block1_K6,32,6,21,3,5,42,5,2,0,0,8,8,1,1
13,14,block1_K6,32,6,22,2,4,50,6,2,0,0,8,8,1,1
13,14,block1_K6,32,6,23,3,4,58,7,2,0,0,8,8,1,1
13,14,block1_K6,32,5,24,2,3,3,0,3,0,0,8,8,1,1
13,14,block1_K6,32,5,25,3,3,11,1,3,0,0,8,8,1,1
13,14,block1_K6,32,5,26,2,2,19,2,3,0,0,8,8,1,1
13,14,block1_K6,32,5,27,3,2,27,3,3,0,0,8,8,1,1
13,14,block1_K6,32,4,28,2,1,35,4,3,0,0,8,8,1,1
13,14,block1_K6,32,4,29,3,1,43,5,3,0,0,8,8,1,1
13,14,block1_K6,32,4,30,2,0,51,6,3,0,0,8,8,1,1
13,14,block1_K6,32,4,31,3,0,59,7,3,0,0,8,8,1,1
13,14,block1_K6,32,8,32,4,0,4,0,4,0,0,8,8,1,1
13,14,block1_K6,32,8,33,5,0,12,1,4,0,0,8,8,1,1
13,14,block1_K6,32,8,34,4,1,20,2,4,0,0,8,8,1,1
13,14,block1_K6,32,8,35,5,1,28,3,4,0,0,8,8,1,1
13,14,block1_K6,32,9,36,4,2,36,4,4,0,0,8,8,1,1
13,14,block1_K6,32,9,37,5,2,44,5,4,0,0,8,8,1,1
13,14,block1_K6,32,9,38,4,3,52,6,4,0,0,8,8,1,1
13,14,block1_K6,32,9,39,5,3,60,7,4,0,0,8,8,1,1
13,14,block1_K6,32,10,40,4,4,5,0,5,0,0,8,8,1,1
13,14,block1_K6,32,10,41,5,4,13,1,5,0,0,8,8,1,1
13,14,block1_K6,32,10,42,4,5,21,2,5,0,0,8,8,1,1
13,14,block1_K6,32,10,43,5,5,29,3,5,0,0,8,8,1,1
13,14,block1_K6,32,11,44,4,6,37,4,5,0,0,8,8,1,1
13,14,block1_K6,32,11,45,5,6,45,5,5,0,0,8,8,1,1
13,14,block1_K6,32,11,46,4,7,53,6,5,0,0,8,8,1,1
13,14,block1_K6,32,11,47,5,7,61,7,5,0,0,8,8,1,1
13,14,block1_K6,32,15,48,6,7,6,0,6,0,0,8,8,1,1
13,14,block1_K6,32,15,49,7,7,14,1,6,0,0,8,8,1,1
13,14,block1_K6,32,15,50,6,6,22,2,6,0,0,8,8,1,1
13,14,block1_K6,32,15,51,7,6,30,3,6,0,0,8,8,1,1
13,14,block1_K6,32,14,52,6,5,38,4,6,0,0,8,8,1,1
13,14,block1_K6,32,14,53,7,5,46,5,6,0,0,8,8,1,1
13,14,block1_K6,32,14,54,6,4,54,6,6,0,0,8,8,1,1
13,14,block1_K6,32,14,55,7,4,62,7,6,0,0,8,8,1,1
13,14,block1_K6,32,13,56,6,3,7,0,7,0,0,8,8,1,1
13,14,block1_K6,32,13,57,7,3,15,1,7,0,0,8,8,1,1
13,14,block1_K6,32,13,58,6,2,23,2,7,0,0,8,8,1,1
13,14,block1_K6,32,13,59,7,2,31,3,7,0,0,8,8,1,1
13,14,block1_K6,32,12,60,6,1,39,4,7,0,0,8,8,1,1
13,14,block1_K6,32,12,61,7,1,47,5,7,0,0,8,8,1,1
13,14,block1_K6,32,12,62,6,0,55,6,7,0,0,8,8,1,1
13,14,block1_K6,32,12,63,7,0,63,7,7,0,0,8,8,1,1
14,15,block1_Kt6,32,0,0,0,0,0,0,0,0,0,8,1,8,1
14,15,block1_Kt6,32,0,1,1,0,1,0,0,1,0,8,1,8,1
14,15,block1_Kt6,32,0,2,0,1,2,0,0,2,0,8,1,8,1
14,15,block1_Kt6,32,0,3,1,1,3,0,0,3,0,8,1,8,1
14,15,block1_Kt6,32,1,4,0,2,4,0,0,4,0,8,1,8,1
14,15,block1_Kt6,32,1,5,1,2,5,0,0,5,0,8,1,8,1
14,15,block1_Kt6,32,1,6,0,3,6,0,0,6,0,8,1,8,1
14,15,block1_Kt6,32,1,7,1,3,7,0,0,7,0,8,1,8,1
14,15,block1_Kt6,32,2,8,0,4,8,1,0,0,0,8,1,8,1
14,15,block1_Kt6,32,2,9,1,4,9,1,0,1,0,8,1,8,1
14,15,block1_Kt6,32,2,10,0,5,10,1,0,2,0,8,1,8,1
14,15,block1_Kt6,32,2,11,1,5,11,1,0,3,0,8,1,8,1
14,15,block1_Kt6,32,3,12,0,6,12,1,0,4,0,8,1,8,1
14,15,block1_Kt6,32,3,13,1,6,13,1,0,5,0,8,1,8,1
14,15,block1_Kt6,32,3,14,0,7,14,1,0,6,0,8,1,8,1
14,15,block1_Kt6,32,3,15,1,7,15,1,0,7,0,8,1,8,1
14,15,block1_Kt6,32,7,16,2,7,16,2,0,0,0,8,1,8,1
14,15,block1_Kt6,32,7,17,3,7,17,2,0,1,0,8,1,8,1
14,15,block1_Kt6,32,7,18,2,6,18,2,0,2,0,8,1,8,1
14,15,block1_Kt6,32,7,19,3,6,19,2,0,3,0,8,1,8,1
14,15,block1_Kt6,32,6,20,2,5,20,2,0,4,0,8,1,8,1
14,15,block1_Kt6,32,6,21,3,5,21,2,0,5,0,8,1,8,1
14,15,block1_Kt6,32,6,22,2,4,22,2,0,6,0,8,1,8,1
14,15,block1_Kt6,32,6,23,3,4,23,2,0,7,0,8,1,8,1
14,15,block1_Kt6,32,5,24,2,3,24,3,0,0,0,8,1,8,1
14,15,block1_Kt6,32,5,25,3,3,25,3,0,1,0,8,1,8,1
14,15,block1_Kt6,32,5,26,2,2,26,3,0,2,0,8,1,8,1
14,15,block1_Kt6,32,5,27,3,2,27,3,0,3,0,8,1,8,1
14,15,block1_Kt6,32,4,28,2,1,28,3,0,4,0,8,1,8,1
14,15,block1_Kt6,32,4,29,3,1,29,3,0,5,0,8,1,8,1
14,15,block1_Kt6,32,4,30,2,0,30,3,0,6,0,8,1,8,1
14,15,block1_Kt6,32,4,31,3,0,31,3,0,7,0,8,1,8,1
14,15,block1_Kt6,32,8,32,4,0,32,4,0,0,0,8,1,8,1
14,15,block1_Kt6,32,8,33,5,0,33,4,0,1,0,8,1,8,1
14,15,block1_Kt6,32,8,34,4,1,34,4,0,2,0,8,1,8,1
14,15,block1_Kt6,32,8,35,5,1,35,4,0,3,0,8,1,8,1
14,15,block1_Kt6,32,9,36,4,2,36,4,0,4,0,8,1,8,1
14,15,block1_Kt6,32,9,37,5,2,37,4,0,5,0,8,1,8,1
14,15,block1_Kt6,32,9,38,4,3,38,4,0,6,0,8,1,8,1
14,15,block1_Kt6,32,9,39,5,3,39,4,0,7,0,8,1,8,1
14,15,block1_Kt6,32,10,40,4,4,40,5,0,0,0,8,1,8,1
14,15,block1_Kt6,32,10,41,5,4,41,5,0,1,0,8,1,8,1
14,15,block1_Kt6,32,10,42,4,5,42,5,0,2,0,8,1,8,1
14,15,block1_Kt6,32,10,43,5,5,43,5,0,3,0,8,1,8,1
14,15,block1_Kt6,32,11,44,4,6,44,5,0,4,0,8,1,8,1
14,15,block1_Kt6,32,11,45,5,6,45,5,0,5,0,8,1,8,1
14,15,block1_Kt6,32,11,46,4,7,46,5,0,6,0,8,1,8,1
14,15,block1_Kt6,32,11,47,5,7,47,5,0,7,0,8,1,8,1
14,15,block1_Kt6,32,15,48,6,7,48,6,0,0,0,8,1,8,1
14,15,block1_Kt6,32,15,49,7,7,49,6,0,1,0,8,1,8,1
14,15,block1_Kt6,32,15,50,6,6,50,6,0,2,0,8,1,8,1
14,15,block1_Kt6,32,15,51,7,6,51,6,0,3,0,8,1,8,1
14,15,block1_Kt6,32,14,52,6,5,52,6,0,4,0,8,1,8,1
14,15,block1_Kt6,32,14,53,7,5,53,6,0,5,0,8,1,8,1
14,15,block1_Kt6,32,14,54,6,4,54,6,0,6,0,8,1,8,1
14,15,block1_Kt6,32,14,55,7,4,55,6,0,7,0,8,1,8,1
14,15,block1_Kt6,32,13,56,6,3,56,7,0,0,0,8,1,8,1
14,15,block1_Kt6,32,13,57,7,3,57,7,0,1,0,8,1,8,1
14,15,block1_Kt6,32,13,58,6,2,58,7,0,2,0,8,1,8,1
14,15,block1_Kt6,32,13,59,7,2,59,7,0,3,0,8,1,8,1
14,15,block1_Kt6,32,12,60,6,1,60,7,0,4,0,8,1,8,1
14,15,block1_Kt6,32,12,61,7,1,61,7,0,5,0,8,1,8,1
14,15,block1_Kt6,32,12,62,6,0,62,7,0,6,0,8,1,8,1
14,15,block1_Kt6,32,12,63,7,0,63,7,0,7,0,8,1,8,1
15,16,block1_K7,32,0,0,0,0,0,0,0,0,0,8,8,1,1
15,16,block1_K7,32,0,1,1,0,8,1,0,0,0,8,8,1,1
15,16,block1_K7,32,0,2,0,1,16,2,0,0,0,8,8,1,1
15,16,block1_K7,32,0,3,1,1,24,3,0,0,0,8,8,1,1
15,16,block1_K7,32,1,4,0,2,32,4,0,0,0,8,8,1,1
15,16,block1_K7,32,1,5,1,2,40,5,0,0,0,8,8,1,1
15,16,block1_K7,32,1,6,0,3,48,6,0,0,0,8,8,1,1
15,16,block1_K7,32,1,7,1,3,56,7,0,0,0,8,8,1,1
15,16,block1_K7,32,2,8,0,4,1,0,1,0,0,8,8,1,1
15,16,block1_K7,32,2,9,1,4,9,1,1,0,0,8,8,1,1
15,16,block1_K7,32,2,10,0,5,17,2,1,0,0,8,8,1,1
15,16,block1_K7,32,2,11,1,5,25,3,1,0,0,8,8,1,1
15,16,block1_K7,32,3,12,0,6,33,4,1,0,0,8,8,1,1
15,16,block1_K7,32,3,13,1,6,41,5,1,0,0,8,8,1,1
15,16,block1_K7,32,3,14,0,7,49,6,1,0,0,8,8,1,1
15,16,block1_K7,32,3,15,1,7,57,7,1,0,0,8,8,1,1
15,16,block1_K7,32,7,16,2,7,2,0,2,0,0,8,8,1,1
15,16,block1_K7,32,7,17,3,7,10,1,2,0,0,8,8,1,1
15,16,block1_K7,32,7,18,2,6,18,2,2,0,0,8,8,1,1
15,16,block1_K7,32,7,19,3,6,26,3,2,0,0,8,8,1,1
15,16,block1_K7,32,6,20,2,5,34,4,2,0,0,8,8,1,1
15,16,block1_K7,32,6,21,3,5,42,5,2,0,0,8,8,1,1
15,16,block1_K7,32,6,22,2,4,50,6,2,0,0,8,8,1,1
15,16,block1_K7,32,6,23,3,4,58,7,2,0,0,8,8,1,1
15,16,block1_K7,32,5,24,2,3,3,0,3,0,0,8,8,1,1
15,16,block1_K7,32,5,25,3,3,11,1,3,0,0,8,8,1,1
15,16,block1_K7,32,5,26,2,2,19,2,3,0,0,8,8,1,1
15,16,block1_K7,32,5,27,3,2,27,3,3,0,0,8,8,1,1
15,16,block1_K7,32,4,28,2,1,35,4,3,0,0,8,8,1,1
15,16,block1_K7,32,4,29,3,1,43,5,3,0,0,8,8,1,1
15,16,block1_K7,32,4,30,2,0,51,6,3,0,0,8,8,1,1
15,16,block1_K7,32,4,31,3,0,59,7,3,0,0,8,8,1,1
15,16,block1_K7,32,8,32,4,0,4,0,4,0,0,8,8,1,1
15,16,block1_K7,32,8,33,5,0,12,1,4,0,0,8,8,1,1
15,16,block1_K7,32,8,34,4,1,20,2,4,0,0,8,8,1,1
15,16,block1_K7,32,8,35,5,1,28,3,4,0,0,8,8,1,1
15,16,block1_K7,32,9,36,4,2,36,4,4,0,0,8,8,1,1
15,16,block1_K7,32,9,37,5,2,44,5,4,0,0,8,8,1,1
15,16,block1_K7,32,9,38,4,3,52,6,4,0,0,8,8,1,1
15,16,block1_K7,32,9,39,5,3,60,7,4,0,0,8,8,1,1
15,16,block1_K7,32,10,40,4,4,5,0,5,0,0,8,8,1,1
15,16,block1_K7,32,10,41,5,4,13,1,5,0,0,8,8,1,1
15,16,block1_K7,32,10,42,4,5,21,2,5,0,0,8,8,1,1
15,16,block1_K7,32,10,43,5,5,29,3,5,0,0,8,8,1,1
15,16,block1_K7,32,11,44,4,6,37,4,5,0,0,8,8,1,1
15,16,block1_K7,32,11,45,5,6,45,5,5,0,0,8,8,1,1
15,16,block1_K7,32,11,46,4,7,53,6,5,0,0,8,8,1,1
15,16,block1_K7,32,11,47,5,7,61,7,5,0,0,8,8,1,1
15,16,block1_K7,32,15,48,6,7,6,0,6,0,0,8,8,1,1
15,16,block1_K7,32,15,49,7,7,14,1,6,0,0,8,8,1,1
15,16,block1_K7,32,15,50,6,6,22,2,6,0,0,8,8,1,1
15,16,block1_K7,32,15,51,7,6,30,3,6,0,0,8,8,1,1
15,16,block1_K7,32,14,52,6,5,38,4,6,0,0,8,8,1,1
15,16,block1_K7,32,14,53,7,5,46,5,6,0,0,8,8,1,1
15,16,block1_K7,32,14,54,6,4,54,6,6,0,0,8,8,1,1
15,16,block1_K7,32,14,55,7,4,62,7,6,0,0,8,8,1,1
15,16,block1_K7,32,13,56,6,3,7,0,7,0,0,8,8,1,1
15,16,block1_K7,32,13,57,7,3,15,1,7,0,0,8,8,1,1
15,16,block1_K7,32,13,58,6,2,23,2,7,0,0,8,8,1,1
15,16,block1_K7,32,13,59,7,2,31,3,7,0,0,8,8,1,1
15,16,block1_K7,32,12,60,6,1,39,4,7,0,0,8,8,1,1
15,16,block1_K7,32,12,61,7,1,47,5,7,0,0,8,8,1,1
15,16,block1_K7,32,12,62,6,0,55,6,7,0,0,8,8,1,1
15,16,block1_K7,32,12,63,7,0,63,7,7,0,0,8,8,1,1
16,17,block1_Kt7,32,0,0,0,0,0,0,0,0,0,8,1,8,1
16,17,block1_Kt7,32,0,1,1,0,1,0,0,1,0,8,1,8,1
16,17,block1_Kt7,32,0,2,0,1,2,0,0,2,0,8,1,8,1
16,17,block1_Kt7,32,0,3,1,1,3,0,0,3,0,8,1,8,1
16,17,block1_Kt7,32,1,4,0,2,4,0,0,4,0,8,1,8,1
16,17,block1_Kt7,32,1,5,1,2,5,0,0,5,0,8,1,8,1
16,17,block1_Kt7,32,1,6,0,3,6,0,0,6,0,8,1,8,1
16,17,block1_Kt7,32,1,7,1,3,7,0,0,7,0,8,1,8,1
16,17,block1_Kt7,32,2,8,0,4,8,1,0,0,0,8,1,8,1
16,17,block1_Kt7,32,2,9,1,4,9,1,0,1,0,8,1,8,1
16,17,block1_Kt7,32,2,10,0,5,10,1,0,2,0,8,1,8,1
16,17,block1_Kt7,32,2,11,1,5,11,1,0,3,0,8,1,8,1
16,17,block1_Kt7,32,3,12,0,6,12,1,0,4,0,8,1,8,1
16,17,block1_Kt7,32,3,13,1,6,13,1,0,5,0,8,1,8,1
16,17,block1_Kt7,32,3,14,0,7,14,1,0,6,0,8,1,8,1
16,17,block1_Kt7,32,3,15,1,7,15,1,0,7,0,8,1,8,1
16,17,block1_Kt7,32,7,16,2,7,16,2,0,0,0,8,1,8,1
16,17,block1_Kt7,32,7,17,3,7,17,2,0,1,0,8,1,8,1
16,17,block1_Kt7,32,7,18,2,6,18,2,0,2,0,8,1,8,1
16,17,block1_Kt7,32,7,19,3,6,19,2,0,3,0,8,1,8,1
16,17,block1_Kt7,32,6,20,2,5,20,2,0,4,0,8,1,8,1
16,17,block1_Kt7,32,6,21,3,5,21,2,0,5,0,8,1,8,1
16,17,block1_Kt7,32,6,22,2,4,22,2,0,6,0,8,1,8,1
16,17,block1_Kt7,32,6,23,3,4,23,2,0,7,0,8,1,8,1
16,17,block1_Kt7,32,5,24,2,3,24,3,0,0,0,8,1,8,1
16,17,block1_Kt7,32,5,25,3,3,25,3,0,1,0,8,1,8,1
16,17,block1_Kt7,32,5,26,2,2,26,3,0,2,0,8,1,8,1
16,17,block1_Kt7,32,5,27,3,2,27,3,0,3,0,8,1,8,1
16,17,block1_Kt7,32,4,28,2,1,28,3,0,4,0,8,1,8,1
16,17,block1_Kt7,32,4,29,3,1,29,3,0,5,0,8,1,8,1
16,17,block1_Kt7,32,4,30,2,0,30,3,0,6,0,8,1,8,1
16,17,block1_Kt7,32,4,31,3,0,31,3,0,7,0,8,1,8,1
16,17,block1_Kt7,32,8,32,4,0,32,4,0,0,0,8,1,8,1
16,17,block1_Kt7,32,8,33,5,0,33,4,0,1,0,8,1,8,1
16,17,block1_Kt7,32,8,34,4,1,34,4,0,2,0,8,1,8,1
16,17,block1_Kt7,32,8,35,5,1,35,4,0,3,0,8,1,8,1
16,17,block1_Kt7,32,9,36,4,2,36,4,0,4,0,8,1,8,1
16,17,block1_Kt7,32,9,37,5,2,37,4,0,5,0,8,1,8,1
16,17,block1_Kt7,32,9,38,4,3,38,4,0,6,0,8,1,8,1
16,17,block1_Kt7,32,9,39,5,3,39,4,0,7,0,8,1,8,1
16,17,block1_Kt7,32,10,40,4,4,40,5,0,0,0,8,1,8,1
16,17,block1_Kt7,32,10,41,5,4,41,5,0,1,0,8,1,8,1
16,17,block1_Kt7,32,10,42,4,5,42,5,0,2,0,8,1,8,1
16,17,block1_Kt7,32,10,43,5,5,43,5,0,3,0,8,1,8,1
16,17,block1_Kt7,32,11,44,4,6,44,5,0,4,0,8,1,8,1
16,17,block1_Kt7,32,11,45,5,6,45,5,0,5,0,8,1,8,1
16,17,block1_Kt7,32,11,46,4,7,46,5,0,6,0,8,1,8,1
16,17,block1_Kt7,32,11,47,5,7,47,5,0,7,0,8,1,8,1
16,17,block1_Kt7,32,15,48,6,7,48,6,0,0,0,8,1,8,1
16,17,block1_Kt7,32,15,49,7,7,49,6,0,1,0,8,1,8,1
16,17,block1_Kt7,32,15,50,6,6,50,6,0,2,0,8,1,8,1
16,17,block1_Kt7,32,15,51,7,6,51,6,0,3,0,8,1,8,1
16,17,block1_Kt7,32,14,52,6,5,52,6,0,4,0,8,1,8,1
16,17,block1_Kt7,32,14,53,7,5,53,6,0,5,0,8,1,8,1
16,17,block1_Kt7,32,14,54,6,4,54,6,0,6,0,8,1,8,1
16,17,block1_Kt7,32,14,55,7,4,55,6,0,7,0,8,1,8,1
16,17,block1_Kt7,32,13,56,6,3,56,7,0,0,0,8,1,8,1
16,17,block1_Kt7,32,13,57,7,3,57,7,0,1,0,8,1,8,1
16,17,block1_Kt7,32,13,58,6,2,58,7,0,2,0,8,1,8,1
16,17,block1_Kt7,32,13,59,7,2,59,7,0,3,0,8,1,8,1
16,17,block1_Kt7,32,12,60,6,1,60,7,0,4,0,8,1,8,1
16,17,block1_Kt7,32,12,61,7,1,61,7,0,5,0,8,1,8,1
16,17,block1_Kt7,32,12,62,6,0,62,7,0,6,0,8,1,8,1
16,17,block1_Kt7,32,12,63,7,0,63,7,0,7,0,8,1,8,1
17,18,block1_K8,32,0,0,0,0,0,0,0,0,0,8,8,1,1
17,18,block1_K8,32,0,1,1,0,8,1,0,0,0,8,8,1,1
17,18,block1_K8,32,0,2,0,1,16,2,0,0,0,8,8,1,1
17,18,block1_K8,32,0,3,1,1,24,3,0,0,0,8,8,1,1
17,18,block1_K8,32,1,4,0,2,32,4,0,0,0,8,8,1,1
17,18,block1_K8,32,1,5,1,2,40,5,0,0,0,8,8,1,1
17,18,block1_K8,32,1,6,0,3,48,6,0,0,0,8,8,1,1
17,18,block1_K8,32,1,7,1,3,56,7,0,0,0,8,8,1,1
17,18,block1_K8,32,2,8,0,4,1,0,1,0,0,8,8,1,1
17,18,block1_K8,32,2,9,1,4,9,1,1,0,0,8,8,1,1
17,18,block1_K8,32,2,10,0,5,17,2,1,0,0,8,8,1,1
17,18,block1_K8,32,2,11,1,5,25,3,1,0,0,8,8,1,1
17,18,block1_K8,32,3,12,0,6,33,4,1,0,0,8,8,1,1
17,18,block1_K8,32,3,13,1,6,41,5,1,0,0,8,8,1,1
17,18,block1_K8,32,3,14,0,7,49,6,1,0,0,8,8,1,1
17,18,block1_K8,32,3,15,1,7,57,7,1,0,0,8,8,1,1
17,18,block1_K8,32,7,16,2,7,2,0,2,0,0,8,8,1,1
17,18,block1_K8,32,7,17,3,7,10,1,2,0,0,8,8,1,1
17,18,block1_K8,32,7,18,2,6,18,2,2,0,0,8,8,1,1
17,18,block1_K8,32,7,19,3,6,26,3,2,0,0,8,8,1,1
17,18,block1_K8,32,6,20,2,5,34,4,2,0,0,8,8,1,1
17,18,block1_K8,32,6,21,3,5,42,5,2,0,0,8,8,1,1
17,18,block1_K8,32,6,22,2,4,50,6,2,0,0,8,8,1,1
17,18,block1_K8,32,6,23,3,4,58,7,2,0,0,8,8,1,1
17,18,block1_K8,32,5,24,2,3,3,0,3,0,0,8,8,1,1
17,18,block1_K8,32,5,25,3,3,11,1,3,0,0,8,8,1,1
17,18,block1_K8,32,5,26,2,2,19,2,3,0,0,8,8,1,1
17,18,block1_K8,32,5,27,3,2,27,3,3,0,0,8,8,1,1
17,18,block1_K8,32,4,28,2,1,35,4,3,0,0,8,8,1,1
17,18,block1_K8,32,4,29,3,1,43,5,3,0,0,8,8,1,1
17,18,block1_K8,32,4,30,2,0,51,6,3,0,0,8,8,1,1
17,18,block1_K8,32,4,31,3,0,59,7,3,0,0,8,8,1,1
17,18,block1_K8,32,8,32,4,0,4,0,4,0,0,8,8,1,1
17,18,block1_K8,32,8,33,5,0,12,1,4,0,0,8,8,1,1
17,18,block1_K8,32,8,34,4,1,20,2,4,0,0,8,8,1,1
17,18,block1_K8,32,8,35,5,1,28,3,4,0,0,8,8,1,1
17,18,block1_K8,32,9,36,4,2,36,4,4,0,0,8,8,1,1
17,18,block1_K8,32,9,37,5,2,44,5,4,0,0,8,8,1,1
17,18,block1_K8,32,9,38,4,3,52,6,4,0,0,8,8,1,1
17,18,block1_K8,32,9,39,5,3,60,7,4,0,0,8,8,1,1
17,18,block1_K8,32,10,40,4,4,5,0,5,0,0,8,8,1,1
17,18,block1_K8,32,10,41,5,4,13,1,5,0,0,8,8,1,1
17,18,block1_K8,32,10,42,4,5,21,2,5,0,0,8,8,1,1
17,18,block1_K8,32,10,43,5,5,29,3,5,0,0,8,8,1,1
17,18,block1_K8,32,11,44,4,6,37,4,5,0,0,8,8,1,1
17,18,block1_K8,32,11,45,5,6,45,5,5,0,0,8,8,1,1
17,18,block1_K8,32,11,46,4,7,53,6,5,0,0,8,8,1,1
17,18,block1_K8,32,11,47,5,7,61,7,5,0,0,8,8,1,1
17,18,block1_K8,32,15,48,6,7,6,0,6,0,0,8,8,1,1
17,18,block1_K8,32,15,49,7,7,14,1,6,0,0,8,8,1,1
17,18,block1_K8,32,15,50,6,6,22,2,6,0,0,8,8,1,1
17,18,block1_K8,32,15,51,7,6,30,3,6,0,0,8,8,1,1
17,18,block1_K8,32,14,52,6,5,38,4,6,0,0,8,8,1,1
17,18,block1_K8,32,14,53,7,5,46,5,6,0,0,8,8,1,1
17,18,block1_K8,32,14,54,6,4,54,6,6,0,0,8,8,1,1
17,18,block1_K8,32,14,55,7,4,62,7,6,0,0,8,8,1,1
17,18,block1_K8,32,13,56,6,3,7,0,7,0,0,8,8,1,1
17,18,block1_K8,32,13,57,7,3,15,1,7,0,0,8,8,1,1
17,18,block1_K8,32,13,58,6,2,23,2,7,0,0,8,8,1,1
17,18,block1_K8,32,13,59,7,2,31,3,7,0,0,8,8,1,1
17,18,block1_K8,32,12,60,6,1,39,4,7,0,0,8,8,1,1
17,18,block1_K8,32,12,61,7,1,47,5,7,0,0,8,8,1,1
17,18,block1_K8,32,12,62,6,0,55,6,7,0,0,8,8,1,1
17,18,block1_K8,32,12,63,7,0,63,7,7,0,0,8,8,1,1
18,19,block1_Kt8,32,0,0,0,0,0,0,0,0,0,8,1,8,1
18,19,block1_Kt8,32,0,1,1,0,1,0,0,1,0,8,1,8,1
18,19,block1_Kt8,32,0,2,0,1,2,0,0,2,0,8,1,8,1
18,19,block1_Kt8,32,0,3,1,1,3,0,0,3,0,8,1,8,1
18,19,block1_Kt8,32,1,4,0,2,4,0,0,4,0,8,1,8,1
18,19,block1_Kt8,32,1,5,1,2,5,0,0,5,0,8,1,8,1
18,19,block1_Kt8,32,1,6,0,3,6,0,0,6,0,8,1,8,1
18,19,block1_Kt8,32,1,7,1,3,7,0,0,7,0,8,1,8,1
18,19,block1_Kt8,32,2,8,0,4,8,1,0,0,0,8,1,8,1
18,19,block1_Kt8,32,2,9,1,4,9,1,0,1,0,8,1,8,1
18,19,block1_Kt8,32,2,10,0,5,10,1,0,2,0,8,1,8,1
18,19,block1_Kt8,32,2,11,1,5,11,1,0,3,0,8,1,8,1
18,19,block1_Kt8,32,3,12,0,6,12,1,0,4,0,8,1,8,1
18,19,block1_Kt8,32,3,13,1,6,13,1,0,5,0,8,1,8,1
18,19,block1_Kt8,32,3,14,0,7,14,1,0,6,0,8,1,8,1
18,19,block1_Kt8,32,3,15,1,7,15,1,0,7,0,8,1,8,1
18,19,block1_Kt8,32,7,16,2,7,16,2,0,0,0,8,1,8,1
18,19,block1_Kt8,32,7,17,3,7,17,2,0,1,0,8,1,8,1
18,19,block1_Kt8,32,7,18,2,6,18,2,0,2,0,8,1,8,1
18,19,block1_Kt8,32,7,19,3,6,19,2,0,3,0,8,1,8,1
18,19,block1_Kt8,32,6,20,2,5,20,2,0,4,0,8,1,8,1
18,19,block1_Kt8,32,6,21,3,5,21,2,0,5,0,8,1,8,1
18,19,block1_Kt8,32,6,22,2,4,22,2,0,6,0,8,1,8,1
18,19,block1_Kt8,32,6,23,3,4,23,2,0,7,0,8,1,8,1
18,19,block1_Kt8,32,5,24,2,3,24,3,0,0,0,8,1,8,1
18,19,block1_Kt8,32,5,25,3,3,25,3,0,1,0,8,1,8,1
18,19,block1_Kt8,32,5,26,2,2,26,3,0,2,0,8,1,8,1
18,19,block1_Kt8,32,5,27,3,2,27,3,0,3,0,8,1,8,1
18,19,block1_Kt8,32,4,28,2,1,28,3,0,4,0,8,1,8,1
18,19,block1_Kt8,32,4,29,3,1,29,3,0,5,0,8,1,8,1
18,19,block1_Kt8,32,4,30,2,0,30,3,0,6,0,8,1,8,1
18,19,block1_Kt8,32,4,31,3,0,31,3,0,7,0,8,1,8,1
18,19,block1_Kt8,32,8,32,4,0,32,4,0,0,0,8,1,8,1
18,19,block1_Kt8,32,8,33,5,0,33,4,0,1,0,8,1,8,1
18,19,block1_Kt8,32,8,34,4,1,34,4,0,2,0,8,1,8,1
18,19,block1_Kt8,32,8,35,5,1,35,4,0,3,0,8,1,8,1
18,19,block1_Kt8,32,9,36,4,2,36,4,0,4,0,8,1,8,1
18,19,block1_Kt8,32,9,37,5,2,37,4,0,5,0,8,1,8,1
18,19,block1_Kt8,32,9,38,4,3,38,4,0,6,0,8,1,8,1
18,19,block1_Kt8,32,9,39,5,3,39,4,0,7,0,8,1,8,1
18,19,block1_Kt8,32,10,40,4,4,40,5,0,0,0,8,1,8,1
18,19,block1_Kt8,32,10,41,5,4,41,5,0,1,0,8,1,8,1
18,19,block1_Kt8,32,10,42,4,5,42,5,0,2,0,8,1,8,1
18,19,block1_Kt8,32,10,43,5,5,43,5,0,3,0,8,1,8,1
18,19,block1_Kt8,32,11,44,4,6,44,5,0,4,0,8,1,8,1
18,19,block1_Kt8,32,11,45,5,6,45,5,0,5,0,8,1,8,1
18,19,block1_Kt8,32,11,46,4,7,46,5,0,6,0,8,1,8,1
18,19,block1_Kt8,32,11,47,5,7,47,5,0,7,0,8,1,8,1
18,19,block1_Kt8,32,15,48,6,7,48,6,0,0,0,8,1,8,1
18,19,block1_Kt8,32,15,49,7,7,49,6,0,1,0,8,1,8,1
18,19,block1_Kt8,32,15,50,6,6,50,6,0,2,0,8,1,8,1
18,19,block1_Kt8,32,15,51,7,6,51,6,0,3,0,8,1,8,1
18,19,block1_Kt8,32,14,52,6,5,52,6,0,4,0,8,1,8,1
18,19,block1_Kt8,32,14,53,7,5,53,6,0,5,0,8,1,8,1
18,19,block1_Kt8,32,14,54,6,4,54,6,0,6,0,8,1,8,1
18,19,block1_Kt8,32,14,55,7,4,55,6,0,7,0,8,1,8,1
18,19,block1_Kt8,32,13,56,6,3,56,7,0,0,0,8,1,8,1
18,19,block1_Kt8,32,13,57,7,3,57,7,0,1,0,8,1,8,1
18,19,block1_Kt8,32,13,58,6,2,58,7,0,2,0,8,1,8,1
18,19,block1_Kt8,32,13,59,7,2,59,7,0,3,0,8,1,8,1
18,19,block1_Kt8,32,12,60,6,1,60,7,0,4,0,8,1,8,1
18,19,block1_Kt8,32,12,61,7,1,61,7,0,5,0,8,1,8,1
18,19,block1_Kt8,32,12,62,6,0,62,7,0,6,0,8,1,8,1
18,19,block1_Kt8,32,12,63,7,0,63,7,0,7,0,8,1,8,1
19,20,block1_K9,32,0,0,0,0,0,0,0,0,0,8,8,1,1
19,20,block1_K9,32,0,1,1,0,8,1,0,0,0,8,8,1,1
19,20,block1_K9,32,0,2,0,1,16,2,0,0,0,8,8,1,1
19,20,block1_K9,32,0,3,1,1,24,3,0,0,0,8,8,1,1
19,20,block1_K9,32,1,4,0,2,32,4,0,0,0,8,8,1,1
19,20,block1_K9,32,1,5,1,2,40,5,0,0,0,8,8,1,1
19,20,block1_K9,32,1,6,0,3,48,6,0,0,0,8,8,1,1
19,20,block1_K9,32,1,7,1,3,56,7,0,0,0,8,8,1,1
19,20,block1_K9,32,2,8,0,4,1,0,1,0,0,8,8,1,1
19,20,block1_K9,32,2,9,1,4,9,1,1,0,0,8,8,1,1
19,20,block1_K9,32,2,10,0,5,17,2,1,0,0,8,8,1,1
19,20,block1_K9,32,2,11,1,5,25,3,1,0,0,8,8,1,1
19,20,block1_K9,32,3,12,0,6,33,4,1,0,0,8,8,1,1
19,20,block1_K9,32,3,13,1,6,41,5,1,0,0,8,8,1,1
19,20,block1_K9,32,3,14,0,7,49,6,1,0,0,8,8,1,1
19,20,block1_K9,32,3,15,1,7,57,7,1,0,0,8,8,1,1
19,20,block1_K9,32,7,16,2,7,2,0,2,0,0,8,8,1,1
19,20,block1_K9,32,7,17,3,7,10,1,2,0,0,8,8,1,1
19,20,block1_K9,32,7,18,2,6,18,2,2,0,0,8,8,1,1
19,20,block1_K9,32,7,19,3,6,26,3,2,0,0,8,8,1,1
19,20,block1_K9,32,6,20,2,5,34,4,2,0,0,8,8,1,1
19,20,block1_K9,32,6,21,3,5,42,5,2,0,0,8,8,1,1
19,20,block1_K9,32,6,22,2,4,50,6,2,0,0,8,8,1,1
19,20,block1_K9,32,6,23,3,4,58,7,2,0,0,8,8,1,1
19,20,block1_K9,32,5,24,2,3,3,0,3,0,0,8,8,1,1
19,20,block1_K9,32,5,25,3,3,11,1,3,0,0,8,8,1,1
19,20,block1_K9,32,5,26,2,2,19,2,3,0,0,8,8,1,1
19,20,block1_K9,32,5,27,3,2,27,3,3,0,0,8,8,1,1
19,20,block1_K9,32,4,28,2,1,35,4,3,0,0,8,8,1,1
19,20,block1_K9,32,4,29,3,1,43,5,3,0,0,8,8,1,1
19,20,block1_K9,32,4,30,2,0,51,6,3,0,0,8,8,1,1
19,20,block1_K9,32,4,31,3,0,59,7,3,0,0,8,8,1,1
19,20,block1_K9,32,8,32,4,0,4,0,4,0,0,8,8,1,1
19,20,block1_K9,32,8,33,5,0,12,1,4,0,0,8,8,1,1
19,20,block1_K9,32,8,34,4,1,20,2,4,0,0,8,8,1,1
19,20,block1_K9,32,8,35,5,1,28,3,4,0,0,8,8,1,1
19,20,block1_K9,32,9,36,4,2,36,4,4,0,0,8,8,1,1
19,20,block1_K9,32,9,37,5,2,44,5,4,0,0,8,8,1,1
19,20,block1_K9,32,9,38,4,3,52,6,4,0,0,8,8,1,1
19,20,block1_K9,32,9,39,5,3,60,7,4,0,0,8,8,1,1
19,20,block1_K9,32,10,40,4,4,5,0,5,0,0,8,8,1,1
19,20,block1_K9,32,10,41,5,4,13,1,5,0,0,8,8,1,1
19,20,block1_K9,32,10,42,4,5,21,2,5,0,0,8,8,1,1
19,20,block1_K9,32,10,43,5,5,29,3,5,0,0,8,8,1,1
19,20,block1_K9,32,11,44,4,6,37,4,5,0,0,8,8,1,1
19,20,block1_K9,32,11,45,5,6,45,5,5,0,0,8,8,1,1
19,20,block1_K9,32,11,46,4,7,53,6,5,0,0,8,8,1,1
19,20,block1_K9,32,11,47,5,7,61,7,5,0,0,8,8,1,1
19,20,block1_K9,32,15,48,6,7,6,0,6,0,0,8,8,1,1
19,20,block1_K9,32,15,49,7,7,14,1,6,0,0,8,8,1,1
19,20,block1_K9,32,15,50,6,6,22,2,6,0,0,8,8,1,1
19,20,block1_K9,32,15,51,7,6,30,3,6,0,0,8,8,1,1
19,20,block1_K9,32,14,52,6,5,38,4,6,0,0,8,8,1,1
19,20,block1_K9,32,14,53,7,5,46,5,6,0,0,8,8,1,1
19,20,block1_K9,32,14,54,6,4,54,6,6,0,0,8,8,1,1
19,20,block1_K9,32,14,55,7,4,62,7,6,0,0,8,8,1,1
19,20,block1_K9,32,13,56,6,3,7,0,7,0,0,8,8,1,1
19,20,block1_K9,32,13,57,7,3,15,1,7,0,0,8,8,1,1
19,20,block1_K9,32,13,58,6,2,23,2,7,0,0,8,8,1,1
19,20,block1_K9,32,13,59,7,2,31,3,7,0,0,8,8,1,1
19,20,block1_K9,32,12,60,6,1,39,4,7,0,0,8,8,1,1
19,20,block1_K9,32,12,61,7,1,47,5,7,0,0,8,8,1,1
19,20,block1_K9,32,12,62,6,0,55,6,7,0,0,8,8,1,1
19,20,block1_K9,32,12,63,7,0,63,7,7,0,0,8,8,1,1
20,21,block1_Kt9,32,0,0,0,0,0,0,0,0,0,8,1,8,1
20,21,block1_Kt9,32,0,1,1,0,1,0,0,1,0,8,1,8,1
20,21,block1_Kt9,32,0,2,0,1,2,0,0,2,0,8,1,8,1
20,21,block1_Kt9,32,0,3,1,1,3,0,0,3,0,8,1,8,1
20,21,block1_Kt9,32,1,4,0,2,4,0,0,4,0,8,1,8,1
20,21,block1_Kt9,32,1,5,1,2,5,0,0,5,0,8,1,8,1
20,21,block1_Kt9,32,1,6,0,3,6,0,0,6,0,8,1,8,1
20,21,block1_Kt9,32,1,7,1,3,7,0,0,7,0,8,1,8,1
20,21,block1_Kt9,32,2,8,0,4,8,1,0,0,0,8,1,8,1
20,21,block1_Kt9,32,2,9,1,4,9,1,0,1,0,8,1,8,1
20,21,block1_Kt9,32,2,10,0,5,10,1,0,2,0,8,1,8,1
20,21,block1_Kt9,32,2,11,1,5,11,1,0,3,0,8,1,8,1
20,21,block1_Kt9,32,3,12,0,6,12,1,0,4,0,8,1,8,1
20,21,block1_Kt9,32,3,13,1,6,13,1,0,5,0,8,1,8,1
20,21,block1_Kt9,32,3,14,0,7,14,1,0,6,0,8,1,8,1
20,21,block1_Kt9,32,3,15,1,7,15,1,0,7,0,8,1,8,1
20,21,block1_Kt9,32,7,16,2,7,16,2,0,0,0,8,1,8,1
20,21,block1_Kt9,32,7,17,3,7,17,2,0,1,0,8,1,8,1
20,21,block1_Kt9,32,7,18,2,6,18,2,0,2,0,8,1,8,1
20,21,block1_Kt9,32,7,19,3,6,19,2,0,3,0,8,1,8,1
20,21,block1_Kt9,32,6,20,2,5,20,2,0,4,0,8,1,8,1
20,21,block1_Kt9,32,6,21,3,5,21,2,0,5,0,8,1,8,1
20,21,block1_Kt9,32,6,22,2,4,22,2,0,6,0,8,1,8,1
20,21,block1_Kt9,32,6,23,3,4,23,2,0,7,0,8,1,8,1
20,21,block1_Kt9,32,5,24,2,3,24,3,0,0,0,8,1,8,1
20,21,block1_Kt9,32,5,25,3,3,25,3,0,1,0,8,1,8,1
20,21,block1_Kt9,32,5,26,2,2,26,3,0,2,0,8,1,8,1
20,21,block1_Kt9,32,5,27,3,2,27,3,0,3,0,8,1,8,1
20,21,block1_Kt9,32,4,28,2,1,28,3,0,4,0,8,1,8,1
20,21,block1_Kt9,32,4,29,3,1,29,3,0,5,0,8,1,8,1
20,21,block1_Kt9,32,4,30,2,0,30,3,0,6,0,8,1,8,1
20,21,block1_Kt9,32,4,31,3,0,31,3,0,7,0,8,1,8,1
20,21,block1_Kt9,32,8,32,4,0,32,4,0,0,0,8,1,8,1
20,21,block1_Kt9,32,8,33,5,0,33,4,0,1,0,8,1,8,1
20,21,block1_Kt9,32,8,34,4,1,34,4,0,2,0,8,1,8,1
20,21,block1_Kt9,32,8,35,5,1,35,4,0,3,0,8,1,8,1
20,21,block1_Kt9,32,9,36,4,2,36,4,0,4,0,8,1,8,1
20,21,block1_Kt9,32,9,37,5,2,37,4,0,5,0,8,1,8,1
20,21,block1_Kt9,32,9,38,4,3,38,4,0,6,0,8,1,8,1
20,21,block1_Kt9,32,9,39,5,3,39,4,0,7,0,8,1,8,1
20,21,block1_Kt9,32,10,40,4,4,40,5,0,0,0,8,1,8,1
20,21,block1_Kt9,32,10,41,5,4,41,5,0,1,0,8,1,8,1
20,21,block1_Kt9,32,10,42,4,5,42,5,0,2,0,8,1,8,1
20,21,block1_Kt9,32,10,43,5,5,43,5,0,3,0,8,1,8,1
20,21,block1_Kt9,32,11,44,4,6,44,5,0,4,0,8,1,8,1
20,21,block1_Kt9,32,11,45,5,6,45,5,0,5,0,8,1,8,1
20,21,block1_Kt9,32,11,46,4,7,46,5,0,6,0,8,1,8,1
20,21,block1_Kt9,32,11,47,5,7,47,5,0,7,0,8,1,8,1
20,21,block1_Kt9,32,15,48,6,7,48,6,0,0,0,8,1,8,1
20,21,block1_Kt9,32,15,49,7,7,49,6,0,1,0,8,1,8,1
20,21,block1_Kt9,32,15,50,6,6,50,6,0,2,0,8,1,8,1
20,21,block1_Kt9,32,15,51,7,6,51,6,0,3,0,8,1,8,1
20,21,block1_Kt9,32,14,52,6,5,52,6,0,4,0,8,1,8,1
20,21,block1_Kt9,32,14,53,7,5,53,6,0,5,0,8,1,8,1
20,21,block1_Kt9,32,14,54,6,4,54,6,0,6,0,8,1,8,1
20,21,block1_Kt9,32,14,55,7,4,55,6,0,7,0,8,1,8,1
20,21,block1_Kt9,32,13,56,6,3,56,7,0,0,0,8,1,8,1
20,21,block1_Kt9,32,13,57,7,3,57,7,0,1,0,8,1,8,1
20,21,block1_Kt9,32,13,58,6,2,58,7,0,2,0,8,1,8,1
20,21,block1_Kt9,32,13,59,7,2,59,7,0,3,0,8,1,8,1
20,21,block1_Kt9,32,12,60,6,1,60,7,0,4,0,8,1,8,1
20,21,block1_Kt9,32,12,61,7,1,61,7,0,5,0,8,1,8,1
20,21,block1_Kt9,32,12,62,6,0,62,7,0,6,0,8,1,8,1
20,21,block1_Kt9,32,12,63,7,0,63,7,0,7,0,8,1,8,1
21,22,block1_K10,32,0,0,0,0,0,0,0,0,0,8,8,1,1
21,22,block1_K10,32,0,1,1,0,8,1,0,0,0,8,8,1,1
21,22,block1_K10,32,0,2,0,1,16,2,0,0,0,8,8,1,1
21,22,block1_K10,32,0,3,1,1,24,3,0,0,0,8,8,1,1
21,22,block1_K10,32,1,4,0,2,32,4,0,0,0,8,8,1,1
21,22,block1_K10,32,1,5,1,2,40,5,0,0,0,8,8,1,1
21,22,block1_K10,32,1,6,0,3,48,6,0,0,0,8,8,1,1
21,22,block1_K10,32,1,7,1,3,56,7,0,0,0,8,8,1,1
21,22,block1_K10,32,2,8,0,4,1,0,1,0,0,8,8,1,1
21,22,block1_K10,32,2,9,1,4,9,1,1,0,0,8,8,1,1
21,22,block1_K10,32,2,10,0,5,17,2,1,0,0,8,8,1,1
21,22,block1_K10,32,2,11,1,5,25,3,1,0,0,8,8,1,1
21,22,block1_K10,32,3,12,0,6,33,4,1,0,0,8,8,1,1
21,22,block1_K10,32,3,13,1,6,41,5,1,0,0,8,8,1,1
21,22,block1_K10,32,3,14,0,7,49,6,1,0,0,8,8,1,1
21,22,block1_K10,32,3,15,1,7,57,7,1,0,0,8,8,1,1
21,22,block1_K10,32,7,16,2,7,2,0,2,0,0,8,8,1,1
21,22,block1_K10,32,7,17,3,7,10,1,2,0,0,8,8,1,1
21,22,block1_K10,32,7,18,2,6,18,2,2,0,0,8,8,1,1
21,22,block1_K10,32,7,19,3,6,26,3,2,0,0,8,8,1,1
21,22,block1_K10,32,6,20,2,5,34,4,2,0,0,8,8,1,1
21,22,block1_K10,32,6,21,3,5,42,5,2,0,0,8,8,1,1
21,22,block1_K10,32,6,22,2,4,50,6,2,0,0,8,8,1,1
21,22,block1_K10,32,6,23,3,4,58,7,2,0,0,8,8,1,1
21,22,block1_K10,32,5,24,2,3,3,0,3,0,0,8,8,1,1
21,22,block1_K10,32,5,25,3,3,11,1,3,0,0,8,8,1,1
21,22,block1_K10,32,5,26,2,2,19,2,3,0,0,8,8,1,1
21,22,block1_K10,32,5,27,3,2,27,3,3,0,0,8,8,1,1
21,22,block1_K10,32,4,28,2,1,35,4,3,0,0,8,8,1,1
21,22,block1_K10,32,4,29,3,1,43,5,3,0,0,8,8,1,1
21,22,block1_K10,32,4,30,2,0,51,6,3,0,0,8,8,1,1
21,22,block1_K10,32,4,31,3,0,59,7,3,0,0,8,8,1,1
21,22,block1_K10,32,8,32,4,0,4,0,4,0,0,8,8,1,1
21,22,block1_K10,32,8,33,5,0,12,1,4,0,0,8,8,1,1
21,22,block1_K10,32,8,34,4,1,20,2,4,0,0,8,8,1,1
21,22,block1_K10,32,8,35,5,1,28,3,4,0,0,8,8,1,1
21,22,block1_K10,32,9,36,4,2,36,4,4,0,0,8,8,1,1
21,22,block1_K10,32,9,37,5,2,44,5,4,0,0,8,8,1,1
21,22,block1_K10,32,9,38,4,3,52,6,4,0,0,8,8,1,1
21,22,block1_K10,32,9,39,5,3,60,7,4,0,0,8,8,1,1
21,22,block1_K10,32,10,40,4,4,5,0,5,0,0,8,8,1,1
21,22,block1_K10,32,10,41,5,4,13,1,5,0,0,8,8,1,1
21,22,block1_K10,32,10,42,4,5,21,2,5,0,0,8,8,1,1
21,22,block1_K10,32,10,43,5,5,29,3,5,0,0,8,8,1,1
21,22,block1_K10,32,11,44,4,6,37,4,5,0,0,8,8,1,1
21,22,block1_K10,32,11,45,5,6,45,5,5,0,0,8,8,1,1
21,22,block1_K10,32,11,46,4,7,53,6,5,0,0,8,8,1,1
21,22,block1_K10,32,11,47,5,7,61,7,5,0,0,8,8,1,1
21,22,block1_K10,32,15,48,6,7,6,0,6,0,0,8,8,1,1
21,22,block1_K10,32,15,49,7,7,14,1,6,0,0,8,8,1,1
21,22,block1_K10,32,15,50,6,6,22,2,6,0,0,8,8,1,1
21,22,block1_K10,32,15,51,7,6,30,3,6,0,0,8,8,1,1
21,22,block1_K10,32,14,52,6,5,38,4,6,0,0,8,8,1,1
21,22,block1_K10,32,14,53,7,5,46,5,6,0,0,8,8,1,1
21,22,block1_K10,32,14,54,6,4,54,6,6,0,0,8,8,1,1
21,22,block1_K10,32,14,55,7,4,62,7,6,0,0,8,8,1,1
21,22,block1_K10,32,13,56,6,3,7,0,7,0,0,8,8,1,1
21,22,block1_K10,32,13,57,7,3,15,1,7,0,0,8,8,1,1
21,22,block1_K10,32,13,58,6,2,23,2,7,0,0,8,8,1,1
21,22,block1_K10,32,13,59,7,2,31,3,7,0,0,8,8,1,1
21,22,block1_K10,32,12,60,6,1,39,4,7,0,0,8,8,1,1
21,22,block1_K10,32,12,61,7,1,47,5,7,0,0,8,8,1,1
21,22,block1_K10,32,12,62,6,0,55,6,7,0,0,8,8,1,1
21,22,block1_K10,32,12,63,7,0,63,7,7,0,0,8,8,1,1
22,23,block1_Kt10,32,0,0,0,0,0,0,0,0,0,8,1,8,1
22,23,block1_Kt10,32,0,1,1,0,1,0,0,1,0,8,1,8,1
22,23,block1_Kt10,32,0,2,0,1,2,0,0,2,0,8,1,8,1
22,23,block1_Kt10,32,0,3,1,1,3,0,0,3,0,8,1,8,1
22,23,block1_Kt10,32,1,4,0,2,4,0,0,4,0,8,1,8,1
22,23,block1_Kt10,32,1,5,1,2,5,0,0,5,0,8,1,8,1
22,23,block1_Kt10,32,1,6,0,3,6,0,0,6,0,8,1,8,1
22,23,block1_Kt10,32,1,7,1,3,7,0,0,7,0,8,1,8,1
22,23,block1_Kt10,32,2,8,0,4,8,1,0,0,0,8,1,8,1
22,23,block1_Kt10,32,2,9,1,4,9,1,0,1,0,8,1,8,1
22,23,block1_Kt10,32,2,10,0,5,10,1,0,2,0,8,1,8,1
22,23,block1_Kt10,32,2,11,1,5,11,1,0,3,0,8,1,8,1
22,23,block1_Kt10,32,3,12,0,6,12,1,0,4,0,8,1,8,1
22,23,block1_Kt10,32,3,13,1,6,13,1,0,5,0,8,1,8,1
22,23,block1_Kt10,32,3,14,0,7,14,1,0,6,0,8,1,8,1
22,23,block1_Kt10,32,3,15,1,7,15,1,0,7,0,8,1,8,1
22,23,block1_Kt10,32,7,16,2,7,16,2,0,0,0,8,1,8,1
22,23,block1_Kt10,32,7,17,3,7,17,2,0,1,0,8,1,8,1
22,23,block1_Kt10,32,7,18,2,6,18,2,0,2,0,8,1,8,1
22,23,block1_Kt10,32,7,19,3,6,19,2,0,3,0,8,1,8,1
22,23,block1_Kt10,32,6,20,2,5,20,2,0,4,0,8,1,8,1
22,23,block1_Kt10,32,6,21,3,5,21,2,0,5,0,8,1,8,1
22,23,block1_Kt10,32,6,22,2,4,22,2,0,6,0,8,1,8,1
22,23,block1_Kt10,32,6,23,3,4,23,2,0,7,0,8,1,8,1
22,23,block1_Kt10,32,5,24,2,3,24,3,0,0,0,8,1,8,1
22,23,block1_Kt10,32,5,25,3,3,25,3,0,1,0,8,1,8,1
22,23,block1_Kt10,32,5,26,2,2,26,3,0,2,0,8,1,8,1
22,23,block1_Kt10,32,5,27,3,2,27,3,0,3,0,8,1,8,1
22,23,block1_Kt10,32,4,28,2,1,28,3,0,4,0,8,1,8,1
22,23,block1_Kt10,32,4,29,3,1,29,3,0,5,0,8,1,8,1
22,23,block1_Kt10,32,4,30,2,0,30,3,0,6,0,8,1,8,1
22,23,block1_Kt10,32,4,31,3,0,31,3,0,7,0,8,1,8,1
22,23,block1_Kt10,32,8,32,4,0,32,4,0,0,0,8,1,8,1
22,23,block1_Kt10,32,8,33,5,0,33,4,0,1,0,8,1,8,1
22,23,block1_Kt10,32,8,34,4,1,34,4,0,2,0,8,1,8,1
22,23,block1_Kt10,32,8,35,5,1,35,4,0,3,0,8,1,8,1
22,23,block1_Kt10,32,9,36,4,2,36,4,0,4,0,8,1,8,1
22,23,block1_Kt10,32,9,37,5,2,37,4,0,5,0,8,1,8,1
22,23,block1_Kt10,32,9,38,4,3,38,4,0,6,0,8,1,8,1
22,23,block1_Kt10,32,9,39,5,3,39,4,0,7,0,8,1,8,1
22,23,block1_Kt10,32,10,40,4,4,40,5,0,0,0,8,1,8,1
22,23,block1_Kt10,32,10,41,5,4,41,5,0,1,0,8,1,8,1
22,23,block1_Kt10,32,10,42,4,5,42,5,0,2,0,8,1,8,1
22,23,block1_Kt10,32,10,43,5,5,43,5,0,3,0,8,1,8,1
22,23,block1_Kt10,32,11,44,4,6,44,5,0,4,0,8,1,8,1
22,23,block1_Kt10,32,11,45,5,6,45,5,0,5,0,8,1,8,1
22,23,block1_Kt10,32,11,46,4,7,46,5,0,6,0,8,1,8,1
22,23,block1_Kt10,32,11,47,5,7,47,5,0,7,0,8,1,8,1
22,23,block1_Kt10,32,15,48,6,7,48,6,0,0,0,8,1,8,1
22,23,block1_Kt10,32,15,49,7,7,49,6,0,1,0,8,1,8,1
22,23,block1_Kt10,32,15,50,6,6,50,6,0,2,0,8,1,8,1
22,23,block1_Kt10,32,15,51,7,6,51,6,0,3,0,8,1,8,1
22,23,block1_Kt10,32,14,52,6,5,52,6,0,4,0,8,1,8,1
22,23,block1_Kt10,32,14,53,7,5,53,6,0,5,0,8,1,8,1
22,23,block1_Kt10,32,14,54,6,4,54,6,0,6,0,8,1,8,1
22,23,block1_Kt10,32,14,55,7,4,55,6,0,7,0,8,1,8,1
22,23,block1_Kt10,32,13,56,6,3,56,7,0,0,0,8,1,8,1
22,23,block1_Kt10,32,13,57,7,3,57,7,0,1,0,8,1,8,1
22,23,block1_Kt10,32,13,58,6,2,58,7,0,2,0,8,1,8,1
22,23,block1_Kt10,32,13,59,7,2,59,7,0,3,0,8,1,8,1
22,23,block1_Kt10,32,12,60,6,1,60,7,0,4,0,8,1,8,1
22,23,block1_Kt10,32,12,61,7,1,61,7,0,5,0,8,1,8,1
22,23,block1_Kt10,32,12,62,6,0,62,7,0,6,0,8,1,8,1
22,23,block1_Kt10,32,12,63,7,0,63,7,0,7,0,8,1,8,1
23,24,block1_K11,32,0,0,0,0,0,0,0,0,0,8,8,1,1
23,24,block1_K11,32,0,1,1,0,8,1,0,0,0,8,8,1,1
23,24,block1_K11,32,0,2,0,1,16,2,0,0,0,8,8,1,1
23,24,block1_K11,32,0,3,1,1,24,3,0,0,0,8,8,1,1
23,24,block1_K11,32,1,4,0,2,32,4,0,0,0,8,8,1,1
23,24,block1_K11,32,1,5,1,2,40,5,0,0,0,8,8,1,1
23,24,block1_K11,32,1,6,0,3,48,6,0,0,0,8,8,1,1
23,24,block1_K11,32,1,7,1,3,56,7,0,0,0,8,8,1,1
23,24,block1_K11,32,2,8,0,4,1,0,1,0,0,8,8,1,1
23,24,block1_K11,32,2,9,1,4,9,1,1,0,0,8,8,1,1
23,24,block1_K11,32,2,10,0,5,17,2,1,0,0,8,8,1,1
23,24,block1_K11,32,2,11,1,5,25,3,1,0,0,8,8,1,1
23,24,block1_K11,32,3,12,0,6,33,4,1,0,0,8,8,1,1
23,24,block1_K11,32,3,13,1,6,41,5,1,0,0,8,8,1,1
23,24,block1_K11,32,3,14,0,7,49,6,1,0,0,8,8,1,1
23,24,block1_K11,32,3,15,1,7,57,7,1,0,0,8,8,1,1
23,24,block1_K11,32,7,16,2,7,2,0,2,0,0,8,8,1,1
23,24,block1_K11,32,7,17,3,7,10,1,2,0,0,8,8,1,1
23,24,block1_K11,32,7,18,2,6,18,2,2,0,0,8,8,1,1
23,24,block1_K11,32,7,19,3,6,26,3,2,0,0,8,8,1,1
23,24,block1_K11,32,6,20,2,5,34,4,2,0,0,8,8,1,1
23,24,block1_K11,32,6,21,3,5,42,5,2,0,0,8,8,1,1
23,24,block1_K11,32,6,22,2,4,50,6,2,0,0,8,8,1,1
23,24,block1_K11,32,6,23,3,4,58,7,2,0,0,8,8,1,1
23,24,block1_K11,32,5,24,2,3,3,0,3,0,0,8,8,1,1
23,24,block1_K11,32,5,25,3,3,11,1,3,0,0,8,8,1,1
23,24,block1_K11,32,5,26,2,2,19,2,3,0,0,8,8,1,1
23,24,block1_K11,32,5,27,3,2,27,3,3,0,0,8,8,1,1
23,24,block1_K11,32,4,28,2,1,35,4,3,0,0,8,8,1,1
23,24,block1_K11,32,4,29,3,1,43,5,3,0,0,8,8,1,1
23,24,block1_K11,32,4,30,2,0,51,6,3,0,0,8,8,1,1
23,24,block1_K11,32,4,31,3,0,59,7,3,0,0,8,8,1,1
23,24,block1_K11,32,8,32,4,0,4,0,4,0,0,8,8,1,1
23,24,block1_K11,32,8,33,5,0,12,1,4,0,0,8,8,1,1
23,24,block1_K11,32,8,34,4,1,20,2,4,0,0,8,8,1,1
23,24,block1_K11,32,8,35,5,1,28,3,4,0,0,8,8,1,1
23,24,block1_K11,32,9,36,4,2,36,4,4,0,0,8,8,1,1
23,24,block1_K11,32,9,37,5,2,44,5,4,0,0,8,8,1,1
23,24,block1_K11,32,9,38,4,3,52,6,4,0,0,8,8,1,1
23,24,block1_K11,32,9,39,5,3,60,7,4,0,0,8,8,1,1
23,24,block1_K11,32,10,40,4,4,5,0,5,0,0,8,8,1,1
23,24,block1_K11,32,10,41,5,4,13,1,5,0,0,8,8,1,1
23,24,block1_K11,32,10,42,4,5,21,2,5,0,0,8,8,1,1
23,24,block1_K11,32,10,43,5,5,29,3,5,0,0,8,8,1,1
23,24,block1_K11,32,11,44,4,6,37,4,5,0,0,8,8,1,1
23,24,block1_K11,32,11,45,5,6,45,5,5,0,0,8,8,1,1
23,24,block1_K11,32,11,46,4,7,53,6,5,0,0,8,8,1,1
23,24,block1_K11,32,11,47,5,7,61,7,5,0,0,8,8,1,1
23,24,block1_K11,32,15,48,6,7,6,0,6,0,0,8,8,1,1
23,24,block1_K11,32,15,49,7,7,14,1,6,0,0,8,8,1,1
23,24,block1_K11,32,15,50,6,6,22,2,6,0,0,8,8,1,1
23,24,block1_K11,32,15,51,7,6,30,3,6,0,0,8,8,1,1
23,24,block1_K11,32,14,52,6,5,38,4,6,0,0,8,8,1,1
23,24,block1_K11,32,14,53,7,5,46,5,6,0,0,8,8,1,1
23,24,block1_K11,32,14,54,6,4,54,6,6,0,0,8,8,1,1
23,24,block1_K11,32,14,55,7,4,62,7,6,0,0,8,8,1,1
23,24,block1_K11,32,13,56,6,3,7,0,7,0,0,8,8,1,1
23,24,block1_K11,32,13,57,7,3,15,1,7,0,0,8,8,1,1
23,24,block1_K11,32,13,58,6,2,23,2,7,0,0,8,8,1,1
23,24,block1_K11,32,13,59,7,2,31,3,7,0,0,8,8,1,1
23,24,block1_K11,32,12,60,6,1,39,4,7,0,0,8,8,1,1
23,24,block1_K11,32,12,61,7,1,47,5,7,0,0,8,8,1,1
23,24,block1_K11,32,12,62,6,0,55,6,7,0,0,8,8,1,1
23,24,block1_K11,32,12,63,7,0,63,7,7,0,0,8,8,1,1
24,25,block1_Kt11,32,0,0,0,0,0,0,0,0,0,8,1,8,1
24,25,block1_Kt11,32,0,1,1,0,1,0,0,1,0,8,1,8,1
24,25,block1_Kt11,32,0,2,0,1,2,0,0,2,0,8,1,8,1
24,25,block1_Kt11,32,0,3,1,1,3,0,0,3,0,8,1,8,1
24,25,block1_Kt11,32,1,4,0,2,4,0,0,4,0,8,1,8,1
24,25,block1_Kt11,32,1,5,1,2,5,0,0,5,0,8,1,8,1
24,25,block1_Kt11,32,1,6,0,3,6,0,0,6,0,8,1,8,1
24,25,block1_Kt11,32,1,7,1,3,7,0,0,7,0,8,1,8,1
24,25,block1_Kt11,32,2,8,0,4,8,1,0,0,0,8,1,8,1
24,25,block1_Kt11,32,2,9,1,4,9,1,0,1,0,8,1,8,1
24,25,block1_Kt11,32,2,10,0,5,10,1,0,2,0,8,1,8,1
24,25,block1_Kt11,32,2,11,1,5,11,1,0,3,0,8,1,8,1
24,25,block1_Kt11,32,3,12,0,6,12,1,0,4,0,8,1,8,1
24,25,block1_Kt11,32,3,13,1,6,13,1,0,5,0,8,1,8,1
24,25,block1_Kt11,32,3,14,0,7,14,1,0,6,0,8,1,8,1
24,25,block1_Kt11,32,3,15,1,7,15,1,0,7,0,8,1,8,1
24,25,block1_Kt11,32,7,16,2,7,16,2,0,0,0,8,1,8,1
24,25,block1_Kt11,32,7,17,3,7,17,2,0,1,0,8,1,8,1
24,25,block1_Kt11,32,7,18,2,6,18,2,0,2,0,8,1,8,1
24,25,block1_Kt11,32,7,19,3,6,19,2,0,3,0,8,1,8,1
24,25,block1_Kt11,32,6,20,2,5,20,2,0,4,0,8,1,8,1
24,25,block1_Kt11,32,6,21,3,5,21,2,0,5,0,8,1,8,1
24,25,block1_Kt11,32,6,22,2,4,22,2,0,6,0,8,1,8,1
24,25,block1_Kt11,32,6,23,3,4,23,2,0,7,0,8,1,8,1
24,25,block1_Kt11,32,5,24,2,3,24,3,0,0,0,8,1,8,1
24,25,block1_Kt11,32,5,25,3,3,25,3,0,1,0,8,1,8,1
24,25,block1_Kt11,32,5,26,2,2,26,3,0,2,0,8,1,8,1
24,25,block1_Kt11,32,5,27,3,2,27,3,0,3,0,8,1,8,1
24,25,block1_Kt11,32,4,28,2,1,28,3,0,4,0,8,1,8,1
24,25,block1_Kt11,32,4,29,3,1,29,3,0,5,0,8,1,8,1
24,25,block1_Kt11,32,4,30,2,0,30,3,0,6,0,8,1,8,1
24,25,block1_Kt11,32,4,31,3,0,31,3,0,7,0,8,1,8,1
24,25,block1_Kt11,32,8,32,4,0,32,4,0,0,0,8,1,8,1
24,25,block1_Kt11,32,8,33,5,0,33,4,0,1,0,8,1,8,1
24,25,block1_Kt11,32,8,34,4,1,34,4,0,2,0,8,1,8,1
24,25,block1_Kt11,32,8,35,5,1,35,4,0,3,0,8,1,8,1
24,25,block1_Kt11,32,9,36,4,2,36,4,0,4,0,8,1,8,1
24,25,block1_Kt11,32,9,37,5,2,37,4,0,5,0,8,1,8,1
24,25,block1_Kt11,32,9,38,4,3,38,4,0,6,0,8,1,8,1
24,25,block1_Kt11,32,9,39,5,3,39,4,0,7,0,8,1,8,1
24,25,block1_Kt11,32,10,40,4,4,40,5,0,0,0,8,1,8,1
24,25,block1_Kt11,32,10,41,5,4,41,5,0,1,0,8,1,8,1
24,25,block1_Kt11,32,10,42,4,5,42,5,0,2,0,8,1,8,1
24,25,block1_Kt11,32,10,43,5,5,43,5,0,3,0,8,1,8,1
24,25,block1_Kt11,32,11,44,4,6,44,5,0,4,0,8,1,8,1
24,25,block1_Kt11,32,11,45,5,6,45,5,0,5,0,8,1,8,1
24,25,block1_Kt11,32,11,46,4,7,46,5,0,6,0,8,1,8,1
24,25,block1_Kt11,32,11,47,5,7,47,5,0,7,0,8,1,8,1
24,25,block1_Kt11,32,15,48,6,7,48,6,0,0,0,8,1,8,1
24,25,block1_Kt11,32,15,49,7,7,49,6,0,1,0,8,1,8,1
24,25,block1_Kt11,32,15,50,6,6,50,6,0,2,0,8,1,8,1
24,25,block1_Kt11,32,15,51,7,6,51,6,0,3,0,8,1,8,1
24,25,block1_Kt11,32,14,52,6,5,52,6,0,4,0,8,1,8,1
24,25,block1_Kt11,32,14,53,7,5,53,6,0,5,0,8,1,8,1
24,25,block1_Kt11,32,14,54,6,4,54,6,0,6,0,8,1,8,1
24,25,block1_Kt11,32,14,55,7,4,55,6,0,7,0,8,1,8,1
24,25,block1_Kt11,32,13,56,6,3,56,7,0,0,0,8,1,8,1
24,25,block1_Kt11,32,13,57,7,3,57,7,0,1,0,8,1,8,1
24,25,block1_Kt11,32,13,58,6,2,58,7,0,2,0,8,1,8,1
24,25,block1_Kt11,32,13,59,7,2,59,7,0,3,0,8,1,8,1
24,25,block1_Kt11,32,12,60,6,1,60,7,0,4,0,8,1,8,1
24,25,block1_Kt11,32,12,61,7,1,61,7,0,5,0,8,1,8,1
24,25,block1_Kt11,32,12,62,6,0,62,7,0,6,0,8,1,8,1
24,25,block1_Kt11,32,12,63,7,0,63,7,0,7,0,8,1,8,1
25,26,block1_K12,32,0,0,0,0,0,0,0,0,0,8,8,1,1
25,26,block1_K12,32,0,1,1,0,8,1,0,0,0,8,8,1,1
25,26,block1_K12,32,0,2,0,1,16,2,0,0,0,8,8,1,1
25,26,block1_K12,32,0,3,1,1,24,3,0,0,0,8,8,1,1
25,26,block1_K12,32,1,4,0,2,32,4,0,0,0,8,8,1,1
25,26,block1_K12,32,1,5,1,2,40,5,0,0,0,8,8,1,1
25,26,block1_K12,32,1,6,0,3,48,6,0,0,0,8,8,1,1
25,26,block1_K12,32,1,7,1,3,56,7,0,0,0,8,8,1,1
25,26,block1_K12,32,2,8,0,4,1,0,1,0,0,8,8,1,1
25,26,block1_K12,32,2,9,1,4,9,1,1,0,0,8,8,1,1
25,26,block1_K12,32,2,10,0,5,17,2,1,0,0,8,8,1,1
25,26,block1_K12,32,2,11,1,5,25,3,1,0,0,8,8,1,1
25,26,block1_K12,32,3,12,0,6,33,4,1,0,0,8,8,1,1
25,26,block1_K12,32,3,13,1,6,41,5,1,0,0,8,8,1,1
25,26,block1_K12,32,3,14,0,7,49,6,1,0,0,8,8,1,1
25,26,block1_K12,32,3,15,1,7,57,7,1,0,0,8,8,1,1
25,26,block1_K12,32,7,16,2,7,2,0,2,0,0,8,8,1,1
25,26,block1_K12,32,7,17,3,7,10,1,2,0,0,8,8,1,1
25,26,block1_K12,32,7,18,2,6,18,2,2,0,0,8,8,1,1
25,26,block1_K12,32,7,19,3,6,26,3,2,0,0,8,8,1,1
25,26,block1_K12,32,6,20,2,5,34,4,2,0,0,8,8,1,1
25,26,block1_K12,32,6,21,3,5,42,5,2,0,0,8,8,1,1
25,26,block1_K12,32,6,22,2,4,50,6,2,0,0,8,8,1,1
25,26,block1_K12,32,6,23,3,4,58,7,2,0,0,8,8,1,1
25,26,block1_K12,32,5,24,2,3,3,0,3,0,0,8,8,1,1
25,26,block1_K12,32,5,25,3,3,11,1,3,0,0,8,8,1,1
25,26,block1_K12,32,5,26,2,2,19,2,3,0,0,8,8,1,1
25,26,block1_K12,32,5,27,3,2,27,3,3,0,0,8,8,1,1
25,26,block1_K12,32,4,28,2,1,35,4,3,0,0,8,8,1,1
25,26,block1_K12,32,4,29,3,1,43,5,3,0,0,8,8,1,1
25,26,block1_K12,32,4,30,2,0,51,6,3,0,0,8,8,1,1
25,26,block1_K12,32,4,31,3,0,59,7,3,0,0,8,8,1,1
25,26,block1_K12,32,8,32,4,0,4,0,4,0,0,8,8,1,1
25,26,block1_K12,32,8,33,5,0,12,1,4,0,0,8,8,1,1
25,26,block1_K12,32,8,34,4,1,20,2,4,0,0,8,8,1,1
25,26,block1_K12,32,8,35,5,1,28,3,4,0,0,8,8,1,1
25,26,block1_K12,32,9,36,4,2,36,4,4,0,0,8,8,1,1
25,26,block1_K12,32,9,37,5,2,44,5,4,0,0,8,8,1,1
25,26,block1_K12,32,9,38,4,3,52,6,4,0,0,8,8,1,1
25,26,block1_K12,32,9,39,5,3,60,7,4,0,0,8,8,1,1
25,26,block1_K12,32,10,40,4,4,5,0,5,0,0,8,8,1,1
25,26,block1_K12,32,10,41,5,4,13,1,5,0,0,8,8,1,1
25,26,block1_K12,32,10,42,4,5,21,2,5,0,0,8,8,1,1
25,26,block1_K12,32,10,43,5,5,29,3,5,0,0,8,8,1,1
25,26,block1_K12,32,11,44,4,6,37,4,5,0,0,8,8,1,1
25,26,block1_K12,32,11,45,5,6,45,5,5,0,0,8,8,1,1
25,26,block1_K12,32,11,46,4,7,53,6,5,0,0,8,8,1,1
25,26,block1_K12,32,11,47,5,7,61,7,5,0,0,8,8,1,1
25,26,block1_K12,32,15,48,6,7,6,0,6,0,0,8,8,1,1
25,26,block1_K12,32,15,49,7,7,14,1,6,0,0,8,8,1,1
25,26,block1_K12,32,15,50,6,6,22,2,6,0,0,8,8,1,1
25,26,block1_K12,32,15,51,7,6,30,3,6,0,0,8,8,1,1
25,26,block1_K12,32,14,52,6,5,38,4,6,0,0,8,8,1,1
25,26,block1_K12,32,14,53,7,5,46,5,6,0,0,8,8,1,1
25,26,block1_K12,32,14,54,6,4,54,6,6,0,0,8,8,1,1
25,26,block1_K12,32,14,55,7,4,62,7,6,0,0,8,8,1,1
25,26,block1_K12,32,13,56,6,3,7,0,7,0,0,8,8,1,1
25,26,block1_K12,32,13,57,7,3,15,1,7,0,0,8,8,1,1
25,26,block1_K12,32,13,58,6,2,23,2,7,0,0,8,8,1,1
25,26,block1_K12,32,13,59,7,2,31,3,7,0,0,8,8,1,1
25,26,block1_K12,32,12,60,6,1,39,4,7,0,0,8,8,1,1
25,26,block1_K12,32,12,61,7,1,47,5,7,0,0,8,8,1,1
25,26,block1_K12,32,12,62,6,0,55,6,7,0,0,8,8,1,1
25,26,block1_K12,32,12,63,7,0,63,7,7,0,0,8,8,1,1
26,27,block1_Kt12,32,0,0,0,0,0,0,0,0,0,8,1,8,1
26,27,block1_Kt12,32,0,1,1,0,1,0,0,1,0,8,1,8,1
26,27,block1_Kt12,32,0,2,0,1,2,0,0,2,0,8,1,8,1
26,27,block1_Kt12,32,0,3,1,1,3,0,0,3,0,8,1,8,1
26,27,block1_Kt12,32,1,4,0,2,4,0,0,4,0,8,1,8,1
26,27,block1_Kt12,32,1,5,1,2,5,0,0,5,0,8,1,8,1
26,27,block1_Kt12,32,1,6,0,3,6,0,0,6,0,8,1,8,1
26,27,block1_Kt12,32,1,7,1,3,7,0,0,7,0,8,1,8,1
26,27,block1_Kt12,32,2,8,0,4,8,1,0,0,0,8,1,8,1
26,27,block1_Kt12,32,2,9,1,4,9,1,0,1,0,8,1,8,1
26,27,block1_Kt12,32,2,10,0,5,10,1,0,2,0,8,1,8,1
26,27,block1_Kt12,32,2,11,1,5,11,1,0,3,0,8,1,8,1
26,27,block1_Kt12,32,3,12,0,6,12,1,0,4,0,8,1,8,1
26,27,block1_Kt12,32,3,13,1,6,13,1,0,5,0,8,1,8,1
26,27,block1_Kt12,32,3,14,0,7,14,1,0,6,0,8,1,8,1
26,27,block1_Kt12,32,3,15,1,7,15,1,0,7,0,8,1,8,1
26,27,block1_Kt12,32,7,16,2,7,16,2,0,0,0,8,1,8,1
26,27,block1_Kt12,32,7,17,3,7,17,2,0,1,0,8,1,8,1
26,27,block1_Kt12,32,7,18,2,6,18,2,0,2,0,8,1,8,1
26,27,block1_Kt12,32,7,19,3,6,19,2,0,3,0,8,1,8,1
26,27,block1_Kt12,32,6,20,2,5,20,2,0,4,0,8,1,8,1
26,27,block1_Kt12,32,6,21,3,5,21,2,0,5,0,8,1,8,1
26,27,block1_Kt12,32,6,22,2,4,22,2,0,6,0,8,1,8,1
26,27,block1_Kt12,32,6,23,3,4,23,2,0,7,0,8,1,8,1
26,27,block1_Kt12,32,5,24,2,3,24,3,0,0,0,8,1,8,1
26,27,block1_Kt12,32,5,25,3,3,25,3,0,1,0,8,1,8,1
26,27,block1_Kt12,32,5,26,2,2,26,3,0,2,0,8,1,8,1
26,27,block1_Kt12,32,5,27,3,2,27,3,0,3,0,8,1,8,1
26,27,block1_Kt12,32,4,28,2,1,28,3,0,4,0,8,1,8,1
26,27,block1_Kt12,32,4,29,3,1,29,3,0,5,0,8,1,8,1
26,27,block1_Kt12,32,4,30,2,0,30,3,0,6,0,8,1,8,1
26,27,block1_Kt12,32,4,31,3,0,31,3,0,7,0,8,1,8,1
26,27,block1_Kt12,32,8,32,4,0,32,4,0,0,0,8,1,8,1
26,27,block1_Kt12,32,8,33,5,0,33,4,0,1,0,8,1,8,1
26,27,block1_Kt12,32,8,34,4,1,34,4,0,2,0,8,1,8,1
26,27,block1_Kt12,32,8,35,5,1,35,4,0,3,0,8,1,8,1
26,27,block1_Kt12,32,9,36,4,2,36,4,0,4,0,8,1,8,1
26,27,block1_Kt12,32,9,37,5,2,37,4,0,5,0,8,1,8,1
26,27,block1_Kt12,32,9,38,4,3,38,4,0,6,0,8,1,8,1
26,27,block1_Kt12,32,9,39,5,3,39,4,0,7,0,8,1,8,1
26,27,block1_Kt12,32,10,40,4,4,40,5,0,0,0,8,1,8,1
26,27,block1_Kt12,32,10,41,5,4,41,5,0,1,0,8,1,8,1
26,27,block1_Kt12,32,10,42,4,5,42,5,0,2,0,8,1,8,1
26,27,block1_Kt12,32,10,43,5,5,43,5,0,3,0,8,1,8,1
26,27,block1_Kt12,32,11,44,4,6,44,5,0,4,0,8,1,8,1
26,27,block1_Kt12,32,11,45,5,6,45,5,0,5,0,8,1,8,1
26,27,block1_Kt12,32,11,46,4,7,46,5,0,6,0,8,1,8,1
26,27,block1_Kt12,32,11,47,5,7,47,5,0,7,0,8,1,8,1
26,27,block1_Kt12,32,15,48,6,7,48,6,0,0,0,8,1,8,1
26,27,block1_Kt12,32,15,49,7,7,49,6,0,1,0,8,1,8,1
26,27,block1_Kt12,32,15,50,6,6,50,6,0,2,0,8,1,8,1
26,27,block1_Kt12,32,15,51,7,6,51,6,0,3,0,8,1,8,1
26,27,block1_Kt12,32,14,52,6,5,52,6,0,4,0,8,1,8,1
26,27,block1_Kt12,32,14,53,7,5,53,6,0,5,0,8,1,8,1
26,27,block1_Kt12,32,14,54,6,4,54,6,0,6,0,8,1,8,1
26,27,block1_Kt12,32,14,55,7,4,55,6,0,7,0,8,1,8,1
26,27,block1_Kt12,32,13,56,6,3,56,7,0,0,0,8,1,8,1
26,27,block1_Kt12,32,13,57,7,3,57,7,0,1,0,8,1,8,1
26,27,block1_Kt12,32,13,58,6,2,58,7,0,2,0,8,1,8,1
26,27,block1_Kt12,32,13,59,7,2,59,7,0,3,0,8,1,8,1
26,27,block1_Kt12,32,12,60,6,1,60,7,0,4,0,8,1,8,1
26,27,block1_Kt12,32,12,61,7,1,61,7,0,5,0,8,1,8,1
26,27,block1_Kt12,32,12,62,6,0,62,7,0,6,0,8,1,8,1
26,27,block1_Kt12,32,12,63,7,0,63,7,0,7,0,8,1,8,1
27,28,block1_K13,32,0,0,0,0,0,0,0,0,0,8,8,1,1
27,28,block1_K13,32,0,1,1,0,8,1,0,0,0,8,8,1,1
27,28,block1_K13,32,0,2,0,1,16,2,0,0,0,8,8,1,1
27,28,block1_K13,32,0,3,1,1,24,3,0,0,0,8,8,1,1
27,28,block1_K13,32,1,4,0,2,32,4,0,0,0,8,8,1,1
27,28,block1_K13,32,1,5,1,2,40,5,0,0,0,8,8,1,1
27,28,block1_K13,32,1,6,0,3,48,6,0,0,0,8,8,1,1
27,28,block1_K13,32,1,7,1,3,56,7,0,0,0,8,8,1,1
27,28,block1_K13,32,2,8,0,4,1,0,1,0,0,8,8,1,1
27,28,block1_K13,32,2,9,1,4,9,1,1,0,0,8,8,1,1
27,28,block1_K13,32,2,10,0,5,17,2,1,0,0,8,8,1,1
27,28,block1_K13,32,2,11,1,5,25,3,1,0,0,8,8,1,1
27,28,block1_K13,32,3,12,0,6,33,4,1,0,0,8,8,1,1
27,28,block1_K13,32,3,13,1,6,41,5,1,0,0,8,8,1,1
27,28,block1_K13,32,3,14,0,7,49,6,1,0,0,8,8,1,1
27,28,block1_K13,32,3,15,1,7,57,7,1,0,0,8,8,1,1
27,28,block1_K13,32,7,16,2,7,2,0,2,0,0,8,8,1,1
27,28,block1_K13,32,7,17,3,7,10,1,2,0,0,8,8,1,1
27,28,block1_K13,32,7,18,2,6,18,2,2,0,0,8,8,1,1
27,28,block1_K13,32,7,19,3,6,26,3,2,0,0,8,8,1,1
27,28,block1_K13,32,6,20,2,5,34,4,2,0,0,8,8,1,1
27,28,block1_K13,32,6,21,3,5,42,5,2,0,0,8,8,1,1
27,28,block1_K13,32,6,22,2,4,50,6,2,0,0,8,8,1,1
27,28,block1_K13,32,6,23,3,4,58,7,2,0,0,8,8,1,1
27,28,block1_K13,32,5,24,2,3,3,0,3,0,0,8,8,1,1
27,28,block1_K13,32,5,25,3,3,11,1,3,0,0,8,8,1,1
27,28,block1_K13,32,5,26,2,2,19,2,3,0,0,8,8,1,1
27,28,block1_K13,32,5,27,3,2,27,3,3,0,0,8,8,1,1
27,28,block1_K13,32,4,28,2,1,35,4,3,0,0,8,8,1,1
27,28,block1_K13,32,4,29,3,1,43,5,3,0,0,8,8,1,1
27,28,block1_K13,32,4,30,2,0,51,6,3,0,0,8,8,1,1
27,28,block1_K13,32,4,31,3,0,59,7,3,0,0,8,8,1,1
27,28,block1_K13,32,8,32,4,0,4,0,4,0,0,8,8,1,1
27,28,block1_K13,32,8,33,5,0,12,1,4,0,0,8,8,1,1
27,28,block1_K13,32,8,34,4,1,20,2,4,0,0,8,8,1,1
27,28,block1_K13,32,8,35,5,1,28,3,4,0,0,8,8,1,1
27,28,block1_K13,32,9,36,4,2,36,4,4,0,0,8,8,1,1
27,28,block1_K13,32,9,37,5,2,44,5,4,0,0,8,8,1,1
27,28,block1_K13,32,9,38,4,3,52,6,4,0,0,8,8,1,1
27,28,block1_K13,32,9,39,5,3,60,7,4,0,0,8,8,1,1
27,28,block1_K13,32,10,40,4,4,5,0,5,0,0,8,8,1,1
27,28,block1_K13,32,10,41,5,4,13,1,5,0,0,8,8,1,1
27,28,block1_K13,32,10,42,4,5,21,2,5,0,0,8,8,1,1
27,28,block1_K13,32,10,43,5,5,29,3,5,0,0,8,8,1,1
27,28,block1_K13,32,11,44,4,6,37,4,5,0,0,8,8,1,1
27,28,block1_K13,32,11,45,5,6,45,5,5,0,0,8,8,1,1
27,28,block1_K13,32,11,46,4,7,53,6,5,0,0,8,8,1,1
27,28,block1_K13,32,11,47,5,7,61,7,5,0,0,8,8,1,1
27,28,block1_K13,32,15,48,6,7,6,0,6,0,0,8,8,1,1
27,28,block1_K13,32,15,49,7,7,14,1,6,0,0,8,8,1,1
27,28,block1_K13,32,15,50,6,6,22,2,6,0,0,8,8,1,1
27,28,block1_K13,32,15,51,7,6,30,3,6,0,0,8,8,1,1
27,28,block1_K13,32,14,52,6,5,38,4,6,0,0,8,8,1,1
27,28,block1_K13,32,14,53,7,5,46,5,6,0,0,8,8,1,1
27,28,block1_K13,32,14,54,6,4,54,6,6,0,0,8,8,1,1
27,28,block1_K13,32,14,55,7,4,62,7,6,0,0,8,8,1,1
27,28,block1_K13,32,13,56,6,3,7,0,7,0,0,8,8,1,1
27,28,block1_K13,32,13,57,7,3,15,1,7,0,0,8,8,1,1
27,28,block1_K13,32,13,58,6,2,23,2,7,0,0,8,8,1,1
27,28,block1_K13,32,13,59,7,2,31,3,7,0,0,8,8,1,1
27,28,block1_K13,32,12,60,6,1,39,4,7,0,0,8,8,1,1
27,28,block1_K13,32,12,61,7,1,47,5,7,0,0,8,8,1,1
27,28,block1_K13,32,12,62,6,0,55,6,7,0,0,8,8,1,1
27,28,block1_K13,32,12,63,7,0,63,7,7,0,0,8,8,1,1
28,29,block1_Kt13,32,0,0,0,0,0,0,0,0,0,8,1,8,1
28,29,block1_Kt13,32,0,1,1,0,1,0,0,1,0,8,1,8,1
28,29,block1_Kt13,32,0,2,0,1,2,0,0,2,0,8,1,8,1
28,29,block1_Kt13,32,0,3,1,1,3,0,0,3,0,8,1,8,1
28,29,block1_Kt13,32,1,4,0,2,4,0,0,4,0,8,1,8,1
28,29,block1_Kt13,32,1,5,1,2,5,0,0,5,0,8,1,8,1
28,29,block1_Kt13,32,1,6,0,3,6,0,0,6,0,8,1,8,1
28,29,block1_Kt13,32,1,7,1,3,7,0,0,7,0,8,1,8,1
28,29,block1_Kt13,32,2,8,0,4,8,1,0,0,0,8,1,8,1
28,29,block1_Kt13,32,2,9,1,4,9,1,0,1,0,8,1,8,1
28,29,block1_Kt13,32,2,10,0,5,10,1,0,2,0,8,1,8,1
28,29,block1_Kt13,32,2,11,1,5,11,1,0,3,0,8,1,8,1
28,29,block1_Kt13,32,3,12,0,6,12,1,0,4,0,8,1,8,1
28,29,block1_Kt13,32,3,13,1,6,13,1,0,5,0,8,1,8,1
28,29,block1_Kt13,32,3,14,0,7,14,1,0,6,0,8,1,8,1
28,29,block1_Kt13,32,3,15,1,7,15,1,0,7,0,8,1,8,1
28,29,block1_Kt13,32,7,16,2,7,16,2,0,0,0,8,1,8,1
28,29,block1_Kt13,32,7,17,3,7,17,2,0,1,0,8,1,8,1
28,29,block1_Kt13,32,7,18,2,6,18,2,0,2,0,8,1,8,1
28,29,block1_Kt13,32,7,19,3,6,19,2,0,3,0,8,1,8,1
28,29,block1_Kt13,32,6,20,2,5,20,2,0,4,0,8,1,8,1
28,29,block1_Kt13,32,6,21,3,5,21,2,0,5,0,8,1,8,1
28,29,block1_Kt13,32,6,22,2,4,22,2,0,6,0,8,1,8,1
28,29,block1_Kt13,32,6,23,3,4,23,2,0,7,0,8,1,8,1
28,29,block1_Kt13,32,5,24,2,3,24,3,0,0,0,8,1,8,1
28,29,block1_Kt13,32,5,25,3,3,25,3,0,1,0,8,1,8,1
28,29,block1_Kt13,32,5,26,2,2,26,3,0,2,0,8,1,8,1
28,29,block1_Kt13,32,5,27,3,2,27,3,0,3,0,8,1,8,1
28,29,block1_Kt13,32,4,28,2,1,28,3,0,4,0,8,1,8,1
28,29,block1_Kt13,32,4,29,3,1,29,3,0,5,0,8,1,8,1
28,29,block1_Kt13,32,4,30,2,0,30,3,0,6,0,8,1,8,1
28,29,block1_Kt13,32,4,31,3,0,31,3,0,7,0,8,1,8,1
28,29,block1_Kt13,32,8,32,4,0,32,4,0,0,0,8,1,8,1
28,29,block1_Kt13,32,8,33,5,0,33,4,0,1,0,8,1,8,1
28,29,block1_Kt13,32,8,34,4,1,34,4,0,2,0,8,1,8,1
28,29,block1_Kt13,32,8,35,5,1,35,4,0,3,0,8,1,8,1
28,29,block1_Kt13,32,9,36,4,2,36,4,0,4,0,8,1,8,1
28,29,block1_Kt13,32,9,37,5,2,37,4,0,5,0,8,1,8,1
28,29,block1_Kt13,32,9,38,4,3,38,4,0,6,0,8,1,8,1
28,29,block1_Kt13,32,9,39,5,3,39,4,0,7,0,8,1,8,1
28,29,block1_Kt13,32,10,40,4,4,40,5,0,0,0,8,1,8,1
28,29,block1_Kt13,32,10,41,5,4,41,5,0,1,0,8,1,8,1
28,29,block1_Kt13,32,10,42,4,5,42,5,0,2,0,8,1,8,1
28,29,block1_Kt13,32,10,43,5,5,43,5,0,3,0,8,1,8,1
28,29,block1_Kt13,32,11,44,4,6,44,5,0,4,0,8,1,8,1
28,29,block1_Kt13,32,11,45,5,6,45,5,0,5,0,8,1,8,1
28,29,block1_Kt13,32,11,46,4,7,46,5,0,6,0,8,1,8,1
28,29,block1_Kt13,32,11,47,5,7,47,5,0,7,0,8,1,8,1
28,29,block1_Kt13,32,15,48,6,7,48,6,0,0,0,8,1,8,1
28,29,block1_Kt13,32,15,49,7,7,49,6,0,1,0,8,1,8,1
28,29,block1_Kt13,32,15,50,6,6,50,6,0,2,0,8,1,8,1
28,29,block1_Kt13,32,15,51,7,6,51,6,0,3,0,8,1,8,1
28,29,block1_Kt13,32,14,52,6,5,52,6,0,4,0,8,1,8,1
28,29,block1_Kt13,32,14,53,7,5,53,6,0,5,0,8,1,8,1
28,29,block1_Kt13,32,14,54,6,4,54,6,0,6,0,8,1,8,1
28,29,block1_Kt13,32,14,55,7,4,55,6,0,7,0,8,1,8,1
28,29,block1_Kt13,32,13,56,6,3,56,7,0,0,0,8,1,8,1
28,29,block1_Kt13,32,13,57,7,3,57,7,0,1,0,8,1,8,1
28,29,block1_Kt13,32,13,58,6,2,58,7,0,2,0,8,1,8,1
28,29,block1_Kt13,32,13,59,7,2,59,7,0,3,0,8,1,8,1
28,29,block1_Kt13,32,12,60,6,1,60,7,0,4,0,8,1,8,1
28,29,block1_Kt13,32,12,61,7,1,61,7,0,5,0,8,1,8,1
28,29,block1_Kt13,32,12,62,6,0,62,7,0,6,0,8,1,8,1
28,29,block1_Kt13,32,12,63,7,0,63,7,0,7,0,8,1,8,1
29,30,block1_K14,32,0,0,0,0,0,0,0,0,0,8,8,1,1
29,30,block1_K14,32,0,1,1,0,8,1,0,0,0,8,8,1,1
29,30,block1_K14,32,0,2,0,1,16,2,0,0,0,8,8,1,1
29,30,block1_K14,32,0,3,1,1,24,3,0,0,0,8,8,1,1
29,30,block1_K14,32,1,4,0,2,32,4,0,0,0,8,8,1,1
29,30,block1_K14,32,1,5,1,2,40,5,0,0,0,8,8,1,1
29,30,block1_K14,32,1,6,0,3,48,6,0,0,0,8,8,1,1
29,30,block1_K14,32,1,7,1,3,56,7,0,0,0,8,8,1,1
29,30,block1_K14,32,2,8,0,4,1,0,1,0,0,8,8,1,1
29,30,block1_K14,32,2,9,1,4,9,1,1,0,0,8,8,1,1
29,30,block1_K14,32,2,10,0,5,17,2,1,0,0,8,8,1,1
29,30,block1_K14,32,2,11,1,5,25,3,1,0,0,8,8,1,1
29,30,block1_K14,32,3,12,0,6,33,4,1,0,0,8,8,1,1
29,30,block1_K14,32,3,13,1,6,41,5,1,0,0,8,8,1,1
29,30,block1_K14,32,3,14,0,7,49,6,1,0,0,8,8,1,1
29,30,block1_K14,32,3,15,1,7,57,7,1,0,0,8,8,1,1
29,30,block1_K14,32,7,16,2,7,2,0,2,0,0,8,8,1,1
29,30,block1_K14,32,7,17,3,7,10,1,2,0,0,8,8,1,1
29,30,block1_K14,32,7,18,2,6,18,2,2,0,0,8,8,1,1
29,30,block1_K14,32,7,19,3,6,26,3,2,0,0,8,8,1,1
29,30,block1_K14,32,6,20,2,5,34,4,2,0,0,8,8,1,1
29,30,block1_K14,32,6,21,3,5,42,5,2,0,0,8,8,1,1
29,30,block1_K14,32,6,22,2,4,50,6,2,0,0,8,8,1,1
29,30,block1_K14,32,6,23,3,4,58,7,2,0,0,8,8,1,1
29,30,block1_K14,32,5,24,2,3,3,0,3,0,0,8,8,1,1
29,30,block1_K14,32,5,25,3,3,11,1,3,0,0,8,8,1,1
29,30,block1_K14,32,5,26,2,2,19,2,3,0,0,8,8,1,1
29,30,block1_K14,32,5,27,3,2,27,3,3,0,0,8,8,1,1
29,30,block1_K14,32,4,28,2,1,35,4,3,0,0,8,8,1,1
29,30,block1_K14,32,4,29,3,1,43,5,3,0,0,8,8,1,1
29,30,block1_K14,32,4,30,2,0,51,6,3,0,0,8,8,1,1
29,30,block1_K14,32,4,31,3,0,59,7,3,0,0,8,8,1,1
29,30,block1_K14,32,8,32,4,0,4,0,4,0,0,8,8,1,1
29,30,block1_K14,32,8,33,5,0,12,1,4,0,0,8,8,1,1
29,30,block1_K14,32,8,34,4,1,20,2,4,0,0,8,8,1,1
29,30,block1_K14,32,8,35,5,1,28,3,4,0,0,8,8,1,1
29,30,block1_K14,32,9,36,4,2,36,4,4,0,0,8,8,1,1
29,30,block1_K14,32,9,37,5,2,44,5,4,0,0,8,8,1,1
29,30,block1_K14,32,9,38,4,3,52,6,4,0,0,8,8,1,1
29,30,block1_K14,32,9,39,5,3,60,7,4,0,0,8,8,1,1
29,30,block1_K14,32,10,40,4,4,5,0,5,0,0,8,8,1,1
29,30,block1_K14,32,10,41,5,4,13,1,5,0,0,8,8,1,1
29,30,block1_K14,32,10,42,4,5,21,2,5,0,0,8,8,1,1
29,30,block1_K14,32,10,43,5,5,29,3,5,0,0,8,8,1,1
29,30,block1_K14,32,11,44,4,6,37,4,5,0,0,8,8,1,1
29,30,block1_K14,32,11,45,5,6,45,5,5,0,0,8,8,1,1
29,30,block1_K14,32,11,46,4,7,53,6,5,0,0,8,8,1,1
29,30,block1_K14,32,11,47,5,7,61,7,5,0,0,8,8,1,1
29,30,block1_K14,32,15,48,6,7,6,0,6,0,0,8,8,1,1
29,30,block1_K14,32,15,49,7,7,14,1,6,0,0,8,8,1,1
29,30,block1_K14,32,15,50,6,6,22,2,6,0,0,8,8,1,1
29,30,block1_K14,32,15,51,7,6,30,3,6,0,0,8,8,1,1
29,30,block1_K14,32,14,52,6,5,38,4,6,0,0,8,8,1,1
29,30,block1_K14,32,14,53,7,5,46,5,6,0,0,8,8,1,1
29,30,block1_K14,32,14,54,6,4,54,6,6,0,0,8,8,1,1
29,30,block1_K14,32,14,55,7,4,62,7,6,0,0,8,8,1,1
29,30,block1_K14,32,13,56,6,3,7,0,7,0,0,8,8,1,1
29,30,block1_K14,32,13,57,7,3,15,1,7,0,0,8,8,1,1
29,30,block1_K14,32,13,58,6,2,23,2,7,0,0,8,8,1,1
29,30,block1_K14,32,13,59,7,2,31,3,7,0,0,8,8,1,1
29,30,block1_K14,32,12,60,6,1,39,4,7,0,0,8,8,1,1
29,30,block1_K14,32,12,61,7,1,47,5,7,0,0,8,8,1,1
29,30,block1_K14,32,12,62,6,0,55,6,7,0,0,8,8,1,1
29,30,block1_K14,32,12,63,7,0,63,7,7,0,0,8,8,1,1
30,31,block1_Kt14,32,0,0,0,0,0,0,0,0,0,8,1,8,1
30,31,block1_Kt14,32,0,1,1,0,1,0,0,1,0,8,1,8,1
30,31,block1_Kt14,32,0,2,0,1,2,0,0,2,0,8,1,8,1
30,31,block1_Kt14,32,0,3,1,1,3,0,0,3,0,8,1,8,1
30,31,block1_Kt14,32,1,4,0,2,4,0,0,4,0,8,1,8,1
30,31,block1_Kt14,32,1,5,1,2,5,0,0,5,0,8,1,8,1
30,31,block1_Kt14,32,1,6,0,3,6,0,0,6,0,8,1,8,1
30,31,block1_Kt14,32,1,7,1,3,7,0,0,7,0,8,1,8,1
30,31,block1_Kt14,32,2,8,0,4,8,1,0,0,0,8,1,8,1
30,31,block1_Kt14,32,2,9,1,4,9,1,0,1,0,8,1,8,1
30,31,block1_Kt14,32,2,10,0,5,10,1,0,2,0,8,1,8,1
30,31,block1_Kt14,32,2,11,1,5,11,1,0,3,0,8,1,8,1
30,31,block1_Kt14,32,3,12,0,6,12,1,0,4,0,8,1,8,1
30,31,block1_Kt14,32,3,13,1,6,13,1,0,5,0,8,1,8,1
30,31,block1_Kt14,32,3,14,0,7,14,1,0,6,0,8,1,8,1
30,31,block1_Kt14,32,3,15,1,7,15,1,0,7,0,8,1,8,1
30,31,block1_Kt14,32,7,16,2,7,16,2,0,0,0,8,1,8,1
30,31,block1_Kt14,32,7,17,3,7,17,2,0,1,0,8,1,8,1
30,31,block1_Kt14,32,7,18,2,6,18,2,0,2,0,8,1,8,1
30,31,block1_Kt14,32,7,19,3,6,19,2,0,3,0,8,1,8,1
30,31,block1_Kt14,32,6,20,2,5,20,2,0,4,0,8,1,8,1
30,31,block1_Kt14,32,6,21,3,5,21,2,0,5,0,8,1,8,1
30,31,block1_Kt14,32,6,22,2,4,22,2,0,6,0,8,1,8,1
30,31,block1_Kt14,32,6,23,3,4,23,2,0,7,0,8,1,8,1
30,31,block1_Kt14,32,5,24,2,3,24,3,0,0,0,8,1,8,1
30,31,block1_Kt14,32,5,25,3,3,25,3,0,1,0,8,1,8,1
30,31,block1_Kt14,32,5,26,2,2,26,3,0,2,0,8,1,8,1
30,31,block1_Kt14,32,5,27,3,2,27,3,0,3,0,8,1,8,1
30,31,block1_Kt14,32,4,28,2,1,28,3,0,4,0,8,1,8,1
30,31,block1_Kt14,32,4,29,3,1,29,3,0,5,0,8,1,8,1
30,31,block1_Kt14,32,4,30,2,0,30,3,0,6,0,8,1,8,1
30,31,block1_Kt14,32,4,31,3,0,31,3,0,7,0,8,1,8,1
30,31,block1_Kt14,32,8,32,4,0,32,4,0,0,0,8,1,8,1
30,31,block1_Kt14,32,8,33,5,0,33,4,0,1,0,8,1,8,1
30,31,block1_Kt14,32,8,34,4,1,34,4,0,2,0,8,1,8,1
30,31,block1_Kt14,32,8,35,5,1,35,4,0,3,0,8,1,8,1
30,31,block1_Kt14,32,9,36,4,2,36,4,0,4,0,8,1,8,1
30,31,block1_Kt14,32,9,37,5,2,37,4,0,5,0,8,1,8,1
30,31,block1_Kt14,32,9,38,4,3,38,4,0,6,0,8,1,8,1
30,31,block1_Kt14,32,9,39,5,3,39,4,0,7,0,8,1,8,1
30,31,block1_Kt14,32,10,40,4,4,40,5,0,0,0,8,1,8,1
30,31,block1_Kt14,32,10,41,5,4,41,5,0,1,0,8,1,8,1
30,31,block1_Kt14,32,10,42,4,5,42,5,0,2,0,8,1,8,1
30,31,block1_Kt14,32,10,43,5,5,43,5,0,3,0,8,1,8,1
30,31,block1_Kt14,32,11,44,4,6,44,5,0,4,0,8,1,8,1
30,31,block1_Kt14,32,11,45,5,6,45,5,0,5,0,8,1,8,1
30,31,block1_Kt14,32,11,46,4,7,46,5,0,6,0,8,1,8,1
30,31,block1_Kt14,32,11,47,5,7,47,5,0,7,0,8,1,8,1
30,31,block1_Kt14,32,15,48,6,7,48,6,0,0,0,8,1,8,1
30,31,block1_Kt14,32,15,49,7,7,49,6,0,1,0,8,1,8,1
30,31,block1_Kt14,32,15,50,6,6,50,6,0,2,0,8,1,8,1
30,31,block1_Kt14,32,15,51,7,6,51,6,0,3,0,8,1,8,1
30,31,block1_Kt14,32,14,52,6,5,52,6,0,4,0,8,1,8,1
30,31,block1_Kt14,32,14,53,7,5,53,6,0,5,0,8,1,8,1
30,31,block1_Kt14,32,14,54,6,4,54,6,0,6,0,8,1,8,1
30,31,block1_Kt14,32,14,55,7,4,55,6,0,7,0,8,1,8,1
30,31,block1_Kt14,32,13,56,6,3,56,7,0,0,0,8,1,8,1
30,31,block1_Kt14,32,13,57,7,3,57,7,0,1,0,8,1,8,1
30,31,block1_Kt14,32,13,58,6,2,58,7,0,2,0,8,1,8,1
30,31,block1_Kt14,32,13,59,7,2,59,7,0,3,0,8,1,8,1
30,31,block1_Kt14,32,12,60,6,1,60,7,0,4,0,8,1,8,1
30,31,block1_Kt14,32,12,61,7,1,61,7,0,5,0,8,1,8,1
30,31,block1_Kt14,32,12,62,6,0,62,7,0,6,0,8,1,8,1
30,31,block1_Kt14,32,12,63,7,0,63,7,0,7,0,8,1,8,1
31,32,block1_K15,32,0,0,0,0,0,0,0,0,0,8,8,1,1
31,32,block1_K15,32,0,1,1,0,8,1,0,0,0,8,8,1,1
31,32,block1_K15,32,0,2,0,1,16,2,0,0,0,8,8,1,1
31,32,block1_K15,32,0,3,1,1,24,3,0,0,0,8,8,1,1
31,32,block1_K15,32,1,4,0,2,32,4,0,0,0,8,8,1,1
31,32,block1_K15,32,1,5,1,2,40,5,0,0,0,8,8,1,1
31,32,block1_K15,32,1,6,0,3,48,6,0,0,0,8,8,1,1
31,32,block1_K15,32,1,7,1,3,56,7,0,0,0,8,8,1,1
31,32,block1_K15,32,2,8,0,4,1,0,1,0,0,8,8,1,1
31,32,block1_K15,32,2,9,1,4,9,1,1,0,0,8,8,1,1
31,32,block1_K15,32,2,10,0,5,17,2,1,0,0,8,8,1,1
31,32,block1_K15,32,2,11,1,5,25,3,1,0,0,8,8,1,1
31,32,block1_K15,32,3,12,0,6,33,4,1,0,0,8,8,1,1
31,32,block1_K15,32,3,13,1,6,41,5,1,0,0,8,8,1,1
31,32,block1_K15,32,3,14,0,7,49,6,1,0,0,8,8,1,1
31,32,block1_K15,32,3,15,1,7,57,7,1,0,0,8,8,1,1
31,32,block1_K15,32,7,16,2,7,2,0,2,0,0,8,8,1,1
31,32,block1_K15,32,7,17,3,7,10,1,2,0,0,8,8,1,1
31,32,block1_K15,32,7,18,2,6,18,2,2,0,0,8,8,1,1
31,32,block1_K15,32,7,19,3,6,26,3,2,0,0,8,8,1,1
31,32,block1_K15,32,6,20,2,5,34,4,2,0,0,8,8,1,1
31,32,block1_K15,32,6,21,3,5,42,5,2,0,0,8,8,1,1
31,32,block1_K15,32,6,22,2,4,50,6,2,0,0,8,8,1,1
31,32,block1_K15,32,6,23,3,4,58,7,2,0,0,8,8,1,1
31,32,block1_K15,32,5,24,2,3,3,0,3,0,0,8,8,1,1
31,32,block1_K15,32,5,25,3,3,11,1,3,0,0,8,8,1,1
31,32,block1_K15,32,5,26,2,2,19,2,3,0,0,8,8,1,1
31,32,block1_K15,32,5,27,3,2,27,3,3,0,0,8,8,1,1
31,32,block1_K15,32,4,28,2,1,35,4,3,0,0,8,8,1,1
31,32,block1_K15,32,4,29,3,1,43,5,3,0,0,8,8,1,1
31,32,block1_K15,32,4,30,2,0,51,6,3,0,0,8,8,1,1
31,32,block1_K15,32,4,31,3,0,59,7,3,0,0,8,8,1,1
31,32,block1_K15,32,8,32,4,0,4,0,4,0,0,8,8,1,1
31,32,block1_K15,32,8,33,5,0,12,1,4,0,0,8,8,1,1
31,32,block1_K15,32,8,34,4,1,20,2,4,0,0,8,8,1,1
31,32,block1_K15,32,8,35,5,1,28,3,4,0,0,8,8,1,1
31,32,block1_K15,32,9,36,4,2,36,4,4,0,0,8,8,1,1
31,32,block1_K15,32,9,37,5,2,44,5,4,0,0,8,8,1,1
31,32,block1_K15,32,9,38,4,3,52,6,4,0,0,8,8,1,1
31,32,block1_K15,32,9,39,5,3,60,7,4,0,0,8,8,1,1
31,32,block1_K15,32,10,40,4,4,5,0,5,0,0,8,8,1,1
31,32,block1_K15,32,10,41,5,4,13,1,5,0,0,8,8,1,1
31,32,block1_K15,32,10,42,4,5,21,2,5,0,0,8,8,1,1
31,32,block1_K15,32,10,43,5,5,29,3,5,0,0,8,8,1,1
31,32,block1_K15,32,11,44,4,6,37,4,5,0,0,8,8,1,1
31,32,block1_K15,32,11,45,5,6,45,5,5,0,0,8,8,1,1
31,32,block1_K15,32,11,46,4,7,53,6,5,0,0,8,8,1,1
31,32,block1_K15,32,11,47,5,7,61,7,5,0,0,8,8,1,1
31,32,block1_K15,32,15,48,6,7,6,0,6,0,0,8,8,1,1
31,32,block1_K15,32,15,49,7,7,14,1,6,0,0,8,8,1,1
31,32,block1_K15,32,15,50,6,6,22,2,6,0,0,8,8,1,1
31,32,block1_K15,32,15,51,7,6,30,3,6,0,0,8,8,1,1
31,32,block1_K15,32,14,52,6,5,38,4,6,0,0,8,8,1,1
31,32,block1_K15,32,14,53,7,5,46,5,6,0,0,8,8,1,1
31,32,block1_K15,32,14,54,6,4,54,6,6,0,0,8,8,1,1
31,32,block1_K15,32,14,55,7,4,62,7,6,0,0,8,8,1,1
31,32,block1_K15,32,13,56,6,3,7,0,7,0,0,8,8,1,1
31,32,block1_K15,32,13,57,7,3,15,1,7,0,0,8,8,1,1
31,32,block1_K15,32,13,58,6,2,23,2,7,0,0,8,8,1,1
31,32,block1_K15,32,13,59,7,2,31,3,7,0,0,8,8,1,1
31,32,block1_K15,32,12,60,6,1,39,4,7,0,0,8,8,1,1
31,32,block1_K15,32,12,61,7,1,47,5,7,0,0,8,8,1,1
31,32,block1_K15,32,12,62,6,0,55,6,7,0,0,8,8,1,1
31,32,block1_K15,32,12,63,7,0,63,7,7,0,0,8,8,1,1
32,33,block1_Kt15,32,0,0,0,0,0,0,0,0,0,8,1,8,1
32,33,block1_Kt15,32,0,1,1,0,1,0,0,1,0,8,1,8,1
32,33,block1_Kt15,32,0,2,0,1,2,0,0,2,0,8,1,8,1
32,33,block1_Kt15,32,0,3,1,1,3,0,0,3,0,8,1,8,1
32,33,block1_Kt15,32,1,4,0,2,4,0,0,4,0,8,1,8,1
32,33,block1_Kt15,32,1,5,1,2,5,0,0,5,0,8,1,8,1
32,33,block1_Kt15,32,1,6,0,3,6,0,0,6,0,8,1,8,1
32,33,block1_Kt15,32,1,7,1,3,7,0,0,7,0,8,1,8,1
32,33,block1_Kt15,32,2,8,0,4,8,1,0,0,0,8,1,8,1
32,33,block1_Kt15,32,2,9,1,4,9,1,0,1,0,8,1,8,1
32,33,block1_Kt15,32,2,10,0,5,10,1,0,2,0,8,1,8,1
32,33,block1_Kt15,32,2,11,1,5,11,1,0,3,0,8,1,8,1
32,33,block1_Kt15,32,3,12,0,6,12,1,0,4,0,8,1,8,1
32,33,block1_Kt15,32,3,13,1,6,13,1,0,5,0,8,1,8,1
32,33,block1_Kt15,32,3,14,0,7,14,1,0,6,0,8,1,8,1
32,33,block1_Kt15,32,3,15,1,7,15,1,0,7,0,8,1,8,1
32,33,block1_Kt15,32,7,16,2,7,16,2,0,0,0,8,1,8,1
32,33,block1_Kt15,32,7,17,3,7,17,2,0,1,0,8,1,8,1
32,33,block1_Kt15,32,7,18,2,6,18,2,0,2,0,8,1,8,1
32,33,block1_Kt15,32,7,19,3,6,19,2,0,3,0,8,1,8,1
32,33,block1_Kt15,32,6,20,2,5,20,2,0,4,0,8,1,8,1
32,33,block1_Kt15,32,6,21,3,5,21,2,0,5,0,8,1,8,1
32,33,block1_Kt15,32,6,22,2,4,22,2,0,6,0,8,1,8,1
32,33,block1_Kt15,32,6,23,3,4,23,2,0,7,0,8,1,8,1
32,33,block1_Kt15,32,5,24,2,3,24,3,0,0,0,8,1,8,1
32,33,block1_Kt15,32,5,25,3,3,25,3,0,1,0,8,1,8,1
32,33,block1_Kt15,32,5,26,2,2,26,3,0,2,0,8,1,8,1
32,33,block1_Kt15,32,5,27,3,2,27,3,0,3,0,8,1,8,1
32,33,block1_Kt15,32,4,28,2,1,28,3,0,4,0,8,1,8,1
32,33,block1_Kt15,32,4,29,3,1,29,3,0,5,0,8,1,8,1
32,33,block1_Kt15,32,4,30,2,0,30,3,0,6,0,8,1,8,1
32,33,block1_Kt15,32,4,31,3,0,31,3,0,7,0,8,1,8,1
32,33,block1_Kt15,32,8,32,4,0,32,4,0,0,0,8,1,8,1
32,33,block1_Kt15,32,8,33,5,0,33,4,0,1,0,8,1,8,1
32,33,block1_Kt15,32,8,34,4,1,34,4,0,2,0,8,1,8,1
32,33,block1_Kt15,32,8,35,5,1,35,4,0,3,0,8,1,8,1
32,33,block1_Kt15,32,9,36,4,2,36,4,0,4,0,8,1,8,1
32,33,block1_Kt15,32,9,37,5,2,37,4,0,5,0,8,1,8,1
32,33,block1_Kt15,32,9,38,4,3,38,4,0,6,0,8,1,8,1
32,33,block1_Kt15,32,9,39,5,3,39,4,0,7,0,8,1,8,1
32,33,block1_Kt15,32,10,40,4,4,40,5,0,0,0,8,1,8,1
32,33,block1_Kt15,32,10,41,5,4,41,5,0,1,0,8,1,8,1
32,33,block1_Kt15,32,10,42,4,5,42,5,0,2,0,8,1,8,1
32,33,block1_Kt15,32,10,43,5,5,43,5,0,3,0,8,1,8,1
32,33,block1_Kt15,32,11,44,4,6,44,5,0,4,0,8,1,8,1
32,33,block1_Kt15,32,11,45,5,6,45,5,0,5,0,8,1,8,1
32,33,block1_Kt15,32,11,46,4,7,46,5,0,6,0,8,1,8,1
32,33,block1_Kt15,32,11,47,5,7,47,5,0,7,0,8,1,8,1
32,33,block1_Kt15,32,15,48,6,7,48,6,0,0,0,8,1,8,1
32,33,block1_Kt15,32,15,49,7,7,49,6,0,1,0,8,1,8,1
32,33,block1_Kt15,32,15,50,6,6,50,6,0,2,0,8,1,8,1
32,33,block1_Kt15,32,15,51,7,6,51,6,0,3,0,8,1,8,1
32,33,block1_Kt15,32,14,52,6,5,52,6,0,4,0,8,1,8,1
32,33,block1_Kt15,32,14,53,7,5,53,6,0,5,0,8,1,8,1
32,33,block1_Kt15,32,14,54,6,4,54,6,0,6,0,8,1,8,1
32,33,block1_Kt15,32,14,55,7,4,55,6,0,7,0,8,1,8,1
32,33,block1_Kt15,32,13,56,6,3,56,7,0,0,0,8,1,8,1
32,33,block1_Kt15,32,13,57,7,3,57,7,0,1,0,8,1,8,1
32,33,block1_Kt15,32,13,58,6,2,58,7,0,2,0,8,1,8,1
32,33,block1_Kt15,32,13,59,7,2,59,7,0,3,0,8,1,8,1
32,33,block1_Kt15,32,12,60,6,1,60,7,0,4,0,8,1,8,1
32,33,block1_Kt15,32,12,61,7,1,61,7,0,5,0,8,1,8,1
32,33,block1_Kt15,32,12,62,6,0,62,7,0,6,0,8,1,8,1
32,33,block1_Kt15,32,12,63,7,0,63,7,0,7,0,8,1,8,1
33,34,block1_K16,32,0,0,0,0,0,0,0,0,0,8,8,1,1
33,34,block1_K16,32,0,1,1,0,8,1,0,0,0,8,8,1,1
33,34,block1_K16,32,0,2,0,1,16,2,0,0,0,8,8,1,1
33,34,block1_K16,32,0,3,1,1,24,3,0,0,0,8,8,1,1
33,34,block1_K16,32,1,4,0,2,32,4,0,0,0,8,8,1,1
33,34,block1_K16,32,1,5,1,2,40,5,0,0,0,8,8,1,1
33,34,block1_K16,32,1,6,0,3,48,6,0,0,0,8,8,1,1
33,34,block1_K16,32,1,7,1,3,56,7,0,0,0,8,8,1,1
33,34,block1_K16,32,2,8,0,4,1,0,1,0,0,8,8,1,1
33,34,block1_K16,32,2,9,1,4,9,1,1,0,0,8,8,1,1
33,34,block1_K16,32,2,10,0,5,17,2,1,0,0,8,8,1,1
33,34,block1_K16,32,2,11,1,5,25,3,1,0,0,8,8,1,1
33,34,block1_K16,32,3,12,0,6,33,4,1,0,0,8,8,1,1
33,34,block1_K16,32,3,13,1,6,41,5,1,0,0,8,8,1,1
33,34,block1_K16,32,3,14,0,7,49,6,1,0,0,8,8,1,1
33,34,block1_K16,32,3,15,1,7,57,7,1,0,0,8,8,1,1
33,34,block1_K16,32,7,16,2,7,2,0,2,0,0,8,8,1,1
33,34,block1_K16,32,7,17,3,7,10,1,2,0,0,8,8,1,1
33,34,block1_K16,32,7,18,2,6,18,2,2,0,0,8,8,1,1
33,34,block1_K16,32,7,19,3,6,26,3,2,0,0,8,8,1,1
33,34,block1_K16,32,6,20,2,5,34,4,2,0,0,8,8,1,1
33,34,block1_K16,32,6,21,3,5,42,5,2,0,0,8,8,1,1
33,34,block1_K16,32,6,22,2,4,50,6,2,0,0,8,8,1,1
33,34,block1_K16,32,6,23,3,4,58,7,2,0,0,8,8,1,1
33,34,block1_K16,32,5,24,2,3,3,0,3,0,0,8,8,1,1
33,34,block1_K16,32,5,25,3,3,11,1,3,0,0,8,8,1,1
33,34,block1_K16,32,5,26,2,2,19,2,3,0,0,8,8,1,1
33,34,block1_K16,32,5,27,3,2,27,3,3,0,0,8,8,1,1
33,34,block1_K16,32,4,28,2,1,35,4,3,0,0,8,8,1,1
33,34,block1_K16,32,4,29,3,1,43,5,3,0,0,8,8,1,1
33,34,block1_K16,32,4,30,2,0,51,6,3,0,0,8,8,1,1
33,34,block1_K16,32,4,31,3,0,59,7,3,0,0,8,8,1,1
33,34,block1_K16,32,8,32,4,0,4,0,4,0,0,8,8,1,1
33,34,block1_K16,32,8,33,5,0,12,1,4,0,0,8,8,1,1
33,34,block1_K16,32,8,34,4,1,20,2,4,0,0,8,8,1,1
33,34,block1_K16,32,8,35,5,1,28,3,4,0,0,8,8,1,1
33,34,block1_K16,32,9,36,4,2,36,4,4,0,0,8,8,1,1
33,34,block1_K16,32,9,37,5,2,44,5,4,0,0,8,8,1,1
33,34,block1_K16,32,9,38,4,3,52,6,4,0,0,8,8,1,1
33,34,block1_K16,32,9,39,5,3,60,7,4,0,0,8,8,1,1
33,34,block1_K16,32,10,40,4,4,5,0,5,0,0,8,8,1,1
33,34,block1_K16,32,10,41,5,4,13,1,5,0,0,8,8,1,1
33,34,block1_K16,32,10,42,4,5,21,2,5,0,0,8,8,1,1
33,34,block1_K16,32,10,43,5,5,29,3,5,0,0,8,8,1,1
33,34,block1_K16,32,11,44,4,6,37,4,5,0,0,8,8,1,1
33,34,block1_K16,32,11,45,5,6,45,5,5,0,0,8,8,1,1
33,34,block1_K16,32,11,46,4,7,53,6,5,0,0,8,8,1,1
33,34,block1_K16,32,11,47,5,7,61,7,5,0,0,8,8,1,1
33,34,block1_K16,32,15,48,6,7,6,0,6,0,0,8,8,1,1
33,34,block1_K16,32,15,49,7,7,14,1,6,0,0,8,8,1,1
33,34,block1_K16,32,15,50,6,6,22,2,6,0,0,8,8,1,1
33,34,block1_K16,32,15,51,7,6,30,3,6,0,0,8,8,1,1
33,34,block1_K16,32,14,52,6,5,38,4,6,0,0,8,8,1,1
33,34,block1_K16,32,14,53,7,5,46,5,6,0,0,8,8,1,1
33,34,block1_K16,32,14,54,6,4,54,6,6,0,0,8,8,1,1
33,34,block1_K16,32,14,55,7,4,62,7,6,0,0,8,8,1,1
33,34,block1_K16,32,13,56,6,3,7,0,7,0,0,8,8,1,1
33,34,block1_K16,32,13,57,7,3,15,1,7,0,0,8,8,1,1
33,34,block1_K16,32,13,58,6,2,23,2,7,0,0,8,8,1,1
33,34,block1_K16,32,13,59,7,2,31,3,7,0,0,8,8,1,1
33,34,block1_K16,32,12,60,6,1,39,4,7,0,0,8,8,1,1
33,34,block1_K16,32,12,61,7,1,47,5,7,0,0,8,8,1,1
33,34,block1_K16,32,12,62,6,0,55,6,7,0,0,8,8,1,1
33,34,block1_K16,32,12,63,7,0,63,7,7,0,0,8,8,1,1
34,35,block1_Kt16,32,0,0,0,0,0,0,0,0,0,8,1,8,1
34,35,block1_Kt16,32,0,1,1,0,1,0,0,1,0,8,1,8,1
34,35,block1_Kt16,32,0,2,0,1,2,0,0,2,0,8,1,8,1
34,35,block1_Kt16,32,0,3,1,1,3,0,0,3,0,8,1,8,1
34,35,block1_Kt16,32,1,4,0,2,4,0,0,4,0,8,1,8,1
34,35,block1_Kt16,32,1,5,1,2,5,0,0,5,0,8,1,8,1
34,35,block1_Kt16,32,1,6,0,3,6,0,0,6,0,8,1,8,1
34,35,block1_Kt16,32,1,7,1,3,7,0,0,7,0,8,1,8,1
34,35,block1_Kt16,32,2,8,0,4,8,1,0,0,0,8,1,8,1
34,35,block1_Kt16,32,2,9,1,4,9,1,0,1,0,8,1,8,1
34,35,block1_Kt16,32,2,10,0,5,10,1,0,2,0,8,1,8,1
34,35,block1_Kt16,32,2,11,1,5,11,1,0,3,0,8,1,8,1
34,35,block1_Kt16,32,3,12,0,6,12,1,0,4,0,8,1,8,1
34,35,block1_Kt16,32,3,13,1,6,13,1,0,5,0,8,1,8,1
34,35,block1_Kt16,32,3,14,0,7,14,1,0,6,0,8,1,8,1
34,35,block1_Kt16,32,3,15,1,7,15,1,0,7,0,8,1,8,1
34,35,block1_Kt16,32,7,16,2,7,16,2,0,0,0,8,1,8,1
34,35,block1_Kt16,32,7,17,3,7,17,2,0,1,0,8,1,8,1
34,35,block1_Kt16,32,7,18,2,6,18,2,0,2,0,8,1,8,1
34,35,block1_Kt16,32,7,19,3,6,19,2,0,3,0,8,1,8,1
34,35,block1_Kt16,32,6,20,2,5,20,2,0,4,0,8,1,8,1
34,35,block1_Kt16,32,6,21,3,5,21,2,0,5,0,8,1,8,1
34,35,block1_Kt16,32,6,22,2,4,22,2,0,6,0,8,1,8,1
34,35,block1_Kt16,32,6,23,3,4,23,2,0,7,0,8,1,8,1
34,35,block1_Kt16,32,5,24,2,3,24,3,0,0,0,8,1,8,1
34,35,block1_Kt16,32,5,25,3,3,25,3,0,1,0,8,1,8,1
34,35,block1_Kt16,32,5,26,2,2,26,3,0,2,0,8,1,8,1
34,35,block1_Kt16,32,5,27,3,2,27,3,0,3,0,8,1,8,1
34,35,block1_Kt16,32,4,28,2,1,28,3,0,4,0,8,1,8,1
34,35,block1_Kt16,32,4,29,3,1,29,3,0,5,0,8,1,8,1
34,35,block1_Kt16,32,4,30,2,0,30,3,0,6,0,8,1,8,1
34,35,block1_Kt16,32,4,31,3,0,31,3,0,7,0,8,1,8,1
34,35,block1_Kt16,32,8,32,4,0,32,4,0,0,0,8,1,8,1
34,35,block1_Kt16,32,8,33,5,0,33,4,0,1,0,8,1,8,1
34,35,block1_Kt16,32,8,34,4,1,34,4,0,2,0,8,1,8,1
34,35,block1_Kt16,32,8,35,5,1,35,4,0,3,0,8,1,8,1
34,35,block1_Kt16,32,9,36,4,2,36,4,0,4,0,8,1,8,1
34,35,block1_Kt16,32,9,37,5,2,37,4,0,5,0,8,1,8,1
34,35,block1_Kt16,32,9,38,4,3,38,4,0,6,0,8,1,8,1
34,35,block1_Kt16,32,9,39,5,3,39,4,0,7,0,8,1,8,1
34,35,block1_Kt16,32,10,40,4,4,40,5,0,0,0,8,1,8,1
34,35,block1_Kt16,32,10,41,5,4,41,5,0,1,0,8,1,8,1
34,35,block1_Kt16,32,10,42,4,5,42,5,0,2,0,8,1,8,1
34,35,block1_Kt16,32,10,43,5,5,43,5,0,3,0,8,1,8,1
34,35,block1_Kt16,32,11,44,4,6,44,5,0,4,0,8,1,8,1
34,35,block1_Kt16,32,11,45,5,6,45,5,0,5,0,8,1,8,1
34,35,block1_Kt16,32,11,46,4,7,46,5,0,6,0,8,1,8,1
34,35,block1_Kt16,32,11,47,5,7,47,5,0,7,0,8,1,8,1
34,35,block1_Kt16,32,15,48,6,7,48,6,0,0,0,8,1,8,1
34,35,block1_Kt16,32,15,49,7,7,49,6,0,1,0,8,1,8,1
34,35,block1_Kt16,32,15,50,6,6,50,6,0,2,0,8,1,8,1
34,35,block1_Kt16,32,15,51,7,6,51,6,0,3,0,8,1,8,1
34,35,block1_Kt16,32,14,52,6,5,52,6,0,4,0,8,1,8,1
34,35,block1_Kt16,32,14,53,7,5,53,6,0,5,0,8,1,8,1
34,35,block1_Kt16,32,14,54,6,4,54,6,0,6,0,8,1,8,1
34,35,block1_Kt16,32,14,55,7,4,55,6,0,7,0,8,1,8,1
34,35,block1_Kt16,32,13,56,6,3,56,7,0,0,0,8,1,8,1
34,35,block1_Kt16,32,13,57,7,3,57,7,0,1,0,8,1,8,1
34,35,block1_Kt16,32,13,58,6,2,58,7,0,2,0,8,1,8,1
34,35,block1_Kt16,32,13,59,7,2,59,7,0,3,0,8,1,8,1
34,35,block1_Kt16,32,12,60,6,1,60,7,0,4,0,8,1,8,1
34,35,block1_Kt16,32,12,61,7,1,61,7,0,5,0,8,1,8,1
34,35,block1_Kt16,32,12,62,6,0,62,7,0,6,0,8,1,8,1
34,35,block1_Kt16,32,12,63,7,0,63,7,0,7,0,8,1,8,1
35,36,block1_K17,32,0,0,0,0,0,0,0,0,0,8,8,1,1
35,36,block1_K17,32,0,1,1,0,8,1,0,0,0,8,8,1,1
35,36,block1_K17,32,0,2,0,1,16,2,0,0,0,8,8,1,1
35,36,block1_K17,32,0,3,1,1,24,3,0,0,0,8,8,1,1
35,36,block1_K17,32,1,4,0,2,32,4,0,0,0,8,8,1,1
35,36,block1_K17,32,1,5,1,2,40,5,0,0,0,8,8,1,1
35,36,block1_K17,32,1,6,0,3,48,6,0,0,0,8,8,1,1
35,36,block1_K17,32,1,7,1,3,56,7,0,0,0,8,8,1,1
35,36,block1_K17,32,2,8,0,4,1,0,1,0,0,8,8,1,1
35,36,block1_K17,32,2,9,1,4,9,1,1,0,0,8,8,1,1
35,36,block1_K17,32,2,10,0,5,17,2,1,0,0,8,8,1,1
35,36,block1_K17,32,2,11,1,5,25,3,1,0,0,8,8,1,1
35,36,block1_K17,32,3,12,0,6,33,4,1,0,0,8,8,1,1
35,36,block1_K17,32,3,13,1,6,41,5,1,0,0,8,8,1,1
35,36,block1_K17,32,3,14,0,7,49,6,1,0,0,8,8,1,1
35,36,block1_K17,32,3,15,1,7,57,7,1,0,0,8,8,1,1
35,36,block1_K17,32,7,16,2,7,2,0,2,0,0,8,8,1,1
35,36,block1_K17,32,7,17,3,7,10,1,2,0,0,8,8,1,1
35,36,block1_K17,32,7,18,2,6,18,2,2,0,0,8,8,1,1
35,36,block1_K17,32,7,19,3,6,26,3,2,0,0,8,8,1,1
35,36,block1_K17,32,6,20,2,5,34,4,2,0,0,8,8,1,1
35,36,block1_K17,32,6,21,3,5,42,5,2,0,0,8,8,1,1
35,36,block1_K17,32,6,22,2,4,50,6,2,0,0,8,8,1,1
35,36,block1_K17,32,6,23,3,4,58,7,2,0,0,8,8,1,1
35,36,block1_K17,32,5,24,2,3,3,0,3,0,0,8,8,1,1
35,36,block1_K17,32,5,25,3,3,11,1,3,0,0,8,8,1,1
35,36,block1_K17,32,5,26,2,2,19,2,3,0,0,8,8,1,1
35,36,block1_K17,32,5,27,3,2,27,3,3,0,0,8,8,1,1
35,36,block1_K17,32,4,28,2,1,35,4,3,0,0,8,8,1,1
35,36,block1_K17,32,4,29,3,1,43,5,3,0,0,8,8,1,1
35,36,block1_K17,32,4,30,2,0,51,6,3,0,0,8,8,1,1
35,36,block1_K17,32,4,31,3,0,59,7,3,0,0,8,8,1,1
35,36,block1_K17,32,8,32,4,0,4,0,4,0,0,8,8,1,1
35,36,block1_K17,32,8,33,5,0,12,1,4,0,0,8,8,1,1
35,36,block1_K17,32,8,34,4,1,20,2,4,0,0,8,8,1,1
35,36,block1_K17,32,8,35,5,1,28,3,4,0,0,8,8,1,1
35,36,block1_K17,32,9,36,4,2,36,4,4,0,0,8,8,1,1
35,36,block1_K17,32,9,37,5,2,44,5,4,0,0,8,8,1,1
35,36,block1_K17,32,9,38,4,3,52,6,4,0,0,8,8,1,1
35,36,block1_K17,32,9,39,5,3,60,7,4,0,0,8,8,1,1
35,36,block1_K17,32,10,40,4,4,5,0,5,0,0,8,8,1,1
35,36,block1_K17,32,10,41,5,4,13,1,5,0,0,8,8,1,1
35,36,block1_K17,32,10,42,4,5,21,2,5,0,0,8,8,1,1
35,36,block1_K17,32,10,43,5,5,29,3,5,0,0,8,8,1,1
35,36,block1_K17,32,11,44,4,6,37,4,5,0,0,8,8,1,1
35,36,block1_K17,32,11,45,5,6,45,5,5,0,0,8,8,1,1
35,36,block1_K17,32,11,46,4,7,53,6,5,0,0,8,8,1,1
35,36,block1_K17,32,11,47,5,7,61,7,5,0,0,8,8,1,1
35,36,block1_K17,32,15,48,6,7,6,0,6,0,0,8,8,1,1
35,36,block1_K17,32,15,49,7,7,14,1,6,0,0,8,8,1,1
35,36,block1_K17,32,15,50,6,6,22,2,6,0,0,8,8,1,1
35,36,block1_K17,32,15,51,7,6,30,3,6,0,0,8,8,1,1
35,36,block1_K17,32,14,52,6,5,38,4,6,0,0,8,8,1,1
35,36,block1_K17,32,14,53,7,5,46,5,6,0,0,8,8,1,1
35,36,block1_K17,32,14,54,6,4,54,6,6,0,0,8,8,1,1
35,36,block1_K17,32,14,55,7,4,62,7,6,0,0,8,8,1,1
35,36,block1_K17,32,13,56,6,3,7,0,7,0,0,8,8,1,1
35,36,block1_K17,32,13,57,7,3,15,1,7,0,0,8,8,1,1
35,36,block1_K17,32,13,58,6,2,23,2,7,0,0,8,8,1,1
35,36,block1_K17,32,13,59,7,2,31,3,7,0,0,8,8,1,1
35,36,block1_K17,32,12,60,6,1,39,4,7,0,0,8,8,1,1
35,36,block1_K17,32,12,61,7,1,47,5,7,0,0,8,8,1,1
35,36,block1_K17,32,12,62,6,0,55,6,7,0,0,8,8,1,1
35,36,block1_K17,32,12,63,7,0,63,7,7,0,0,8,8,1,1
36,37,block1_Kt17,32,0,0,0,0,0,0,0,0,0,8,1,8,1
36,37,block1_Kt17,32,0,1,1,0,1,0,0,1,0,8,1,8,1
36,37,block1_Kt17,32,0,2,0,1,2,0,0,2,0,8,1,8,1
36,37,block1_Kt17,32,0,3,1,1,3,0,0,3,0,8,1,8,1
36,37,block1_Kt17,32,1,4,0,2,4,0,0,4,0,8,1,8,1
36,37,block1_Kt17,32,1,5,1,2,5,0,0,5,0,8,1,8,1
36,37,block1_Kt17,32,1,6,0,3,6,0,0,6,0,8,1,8,1
36,37,block1_Kt17,32,1,7,1,3,7,0,0,7,0,8,1,8,1
36,37,block1_Kt17,32,2,8,0,4,8,1,0,0,0,8,1,8,1
36,37,block1_Kt17,32,2,9,1,4,9,1,0,1,0,8,1,8,1
36,37,block1_Kt17,32,2,10,0,5,10,1,0,2,0,8,1,8,1
36,37,block1_Kt17,32,2,11,1,5,11,1,0,3,0,8,1,8,1
36,37,block1_Kt17,32,3,12,0,6,12,1,0,4,0,8,1,8,1
36,37,block1_Kt17,32,3,13,1,6,13,1,0,5,0,8,1,8,1
36,37,block1_Kt17,32,3,14,0,7,14,1,0,6,0,8,1,8,1
36,37,block1_Kt17,32,3,15,1,7,15,1,0,7,0,8,1,8,1
36,37,block1_Kt17,32,7,16,2,7,16,2,0,0,0,8,1,8,1
36,37,block1_Kt17,32,7,17,3,7,17,2,0,1,0,8,1,8,1
36,37,block1_Kt17,32,7,18,2,6,18,2,0,2,0,8,1,8,1
36,37,block1_Kt17,32,7,19,3,6,19,2,0,3,0,8,1,8,1
36,37,block1_Kt17,32,6,20,2,5,20,2,0,4,0,8,1,8,1
36,37,block1_Kt17,32,6,21,3,5,21,2,0,5,0,8,1,8,1
36,37,block1_Kt17,32,6,22,2,4,22,2,0,6,0,8,1,8,1
36,37,block1_Kt17,32,6,23,3,4,23,2,0,7,0,8,1,8,1
36,37,block1_Kt17,32,5,24,2,3,24,3,0,0,0,8,1,8,1
36,37,block1_Kt17,32,5,25,3,3,25,3,0,1,0,8,1,8,1
36,37,block1_Kt17,32,5,26,2,2,26,3,0,2,0,8,1,8,1
36,37,block1_Kt17,32,5,27,3,2,27,3,0,3,0,8,1,8,1
36,37,block1_Kt17,32,4,28,2,1,28,3,0,4,0,8,1,8,1
36,37,block1_Kt17,32,4,29,3,1,29,3,0,5,0,8,1,8,1
36,37,block1_Kt17,32,4,30,2,0,30,3,0,6,0,8,1,8,1
36,37,block1_Kt17,32,4,31,3,0,31,3,0,7,0,8,1,8,1
36,37,block1_Kt17,32,8,32,4,0,32,4,0,0,0,8,1,8,1
36,37,block1_Kt17,32,8,33,5,0,33,4,0,1,0,8,1,8,1
36,37,block1_Kt17,32,8,34,4,1,34,4,0,2,0,8,1,8,1
36,37,block1_Kt17,32,8,35,5,1,35,4,0,3,0,8,1,8,1
36,37,block1_Kt17,32,9,36,4,2,36,4,0,4,0,8,1,8,1
36,37,block1_Kt17,32,9,37,5,2,37,4,0,5,0,8,1,8,1
36,37,block1_Kt17,32,9,38,4,3,38,4,0,6,0,8,1,8,1
36,37,block1_Kt17,32,9,39,5,3,39,4,0,7,0,8,1,8,1
36,37,block1_Kt17,32,10,40,4,4,40,5,0,0,0,8,1,8,1
36,37,block1_Kt17,32,10,41,5,4,41,5,0,1,0,8,1,8,1
36,37,block1_Kt17,32,10,42,4,5,42,5,0,2,0,8,1,8,1
36,37,block1_Kt17,32,10,43,5,5,43,5,0,3,0,8,1,8,1
36,37,block1_Kt17,32,11,44,4,6,44,5,0,4,0,8,1,8,1
36,37,block1_Kt17,32,11,45,5,6,45,5,0,5,0,8,1,8,1
36,37,block1_Kt17,32,11,46,4,7,46,5,0,6,0,8,1,8,1
36,37,block1_Kt17,32,11,47,5,7,47,5,0,7,0,8,1,8,1
36,37,block1_Kt17,32,15,48,6,7,48,6,0,0,0,8,1,8,1
36,37,block1_Kt17,32,15,49,7,7,49,6,0,1,0,8,1,8,1
36,37,block1_Kt17,32,15,50,6,6,50,6,0,2,0,8,1,8,1
36,37,block1_Kt17,32,15,51,7,6,51,6,0,3,0,8,1,8,1
36,37,block1_Kt17,32,14,52,6,5,52,6,0,4,0,8,1,8,1
36,37,block1_Kt17,32,14,53,7,5,53,6,0,5,0,8,1,8,1
36,37,block1_Kt17,32,14,54,6,4,54,6,0,6,0,8,1,8,1
36,37,block1_Kt17,32,14,55,7,4,55,6,0,7,0,8,1,8,1
36,37,block1_Kt17,32,13,56,6,3,56,7,0,0,0,8,1,8,1
36,37,block1_Kt17,32,13,57,7,3,57,7,0,1,0,8,1,8,1
36,37,block1_Kt17,32,13,58,6,2,58,7,0,2,0,8,1,8,1
36,37,block1_Kt17,32,13,59,7,2,59,7,0,3,0,8,1,8,1
36,37,block1_Kt17,32,12,60,6,1,60,7,0,4,0,8,1,8,1
36,37,block1_Kt17,32,12,61,7,1,61,7,0,5,0,8,1,8,1
36,37,block1_Kt17,32,12,62,6,0,62,7,0,6,0,8,1,8,1
36,37,block1_Kt17,32,12,63,7,0,63,7,0,7,0,8,1,8,1
37,38,block1_K18,32,0,0,0,0,0,0,0,0,0,8,8,1,1
37,38,block1_K18,32,0,1,1,0,8,1,0,0,0,8,8,1,1
37,38,block1_K18,32,0,2,0,1,16,2,0,0,0,8,8,1,1
37,38,block1_K18,32,0,3,1,1,24,3,0,0,0,8,8,1,1
37,38,block1_K18,32,1,4,0,2,32,4,0,0,0,8,8,1,1
37,38,block1_K18,32,1,5,1,2,40,5,0,0,0,8,8,1,1
37,38,block1_K18,32,1,6,0,3,48,6,0,0,0,8,8,1,1
37,38,block1_K18,32,1,7,1,3,56,7,0,0,0,8,8,1,1
37,38,block1_K18,32,2,8,0,4,1,0,1,0,0,8,8,1,1
37,38,block1_K18,32,2,9,1,4,9,1,1,0,0,8,8,1,1
37,38,block1_K18,32,2,10,0,5,17,2,1,0,0,8,8,1,1
37,38,block1_K18,32,2,11,1,5,25,3,1,0,0,8,8,1,1
37,38,block1_K18,32,3,12,0,6,33,4,1,0,0,8,8,1,1
37,38,block1_K18,32,3,13,1,6,41,5,1,0,0,8,8,1,1
37,38,block1_K18,32,3,14,0,7,49,6,1,0,0,8,8,1,1
37,38,block1_K18,32,3,15,1,7,57,7,1,0,0,8,8,1,1
37,38,block1_K18,32,7,16,2,7,2,0,2,0,0,8,8,1,1
37,38,block1_K18,32,7,17,3,7,10,1,2,0,0,8,8,1,1
37,38,block1_K18,32,7,18,2,6,18,2,2,0,0,8,8,1,1
37,38,block1_K18,32,7,19,3,6,26,3,2,0,0,8,8,1,1
37,38,block1_K18,32,6,20,2,5,34,4,2,0,0,8,8,1,1
37,38,block1_K18,32,6,21,3,5,42,5,2,0,0,8,8,1,1
37,38,block1_K18,32,6,22,2,4,50,6,2,0,0,8,8,1,1
37,38,block1_K18,32,6,23,3,4,58,7,2,0,0,8,8,1,1
37,38,block1_K18,32,5,24,2,3,3,0,3,0,0,8,8,1,1
37,38,block1_K18,32,5,25,3,3,11,1,3,0,0,8,8,1,1
37,38,block1_K18,32,5,26,2,2,19,2,3,0,0,8,8,1,1
37,38,block1_K18,32,5,27,3,2,27,3,3,0,0,8,8,1,1
37,38,block1_K18,32,4,28,2,1,35,4,3,0,0,8,8,1,1
37,38,block1_K18,32,4,29,3,1,43,5,3,0,0,8,8,1,1
37,38,block1_K18,32,4,30,2,0,51,6,3,0,0,8,8,1,1
37,38,block1_K18,32,4,31,3,0,59,7,3,0,0,8,8,1,1
37,38,block1_K18,32,8,32,4,0,4,0,4,0,0,8,8,1,1
37,38,block1_K18,32,8,33,5,0,12,1,4,0,0,8,8,1,1
37,38,block1_K18,32,8,34,4,1,20,2,4,0,0,8,8,1,1
37,38,block1_K18,32,8,35,5,1,28,3,4,0,0,8,8,1,1
37,38,block1_K18,32,9,36,4,2,36,4,4,0,0,8,8,1,1
37,38,block1_K18,32,9,37,5,2,44,5,4,0,0,8,8,1,1
37,38,block1_K18,32,9,38,4,3,52,6,4,0,0,8,8,1,1
37,38,block1_K18,32,9,39,5,3,60,7,4,0,0,8,8,1,1
37,38,block1_K18,32,10,40,4,4,5,0,5,0,0,8,8,1,1
37,38,block1_K18,32,10,41,5,4,13,1,5,0,0,8,8,1,1
37,38,block1_K18,32,10,42,4,5,21,2,5,0,0,8,8,1,1
37,38,block1_K18,32,10,43,5,5,29,3,5,0,0,8,8,1,1
37,38,block1_K18,32,11,44,4,6,37,4,5,0,0,8,8,1,1
37,38,block1_K18,32,11,45,5,6,45,5,5,0,0,8,8,1,1
37,38,block1_K18,32,11,46,4,7,53,6,5,0,0,8,8,1,1
37,38,block1_K18,32,11,47,5,7,61,7,5,0,0,8,8,1,1
37,38,block1_K18,32,15,48,6,7,6,0,6,0,0,8,8,1,1
37,38,block1_K18,32,15,49,7,7,14,1,6,0,0,8,8,1,1
37,38,block1_K18,32,15,50,6,6,22,2,6,0,0,8,8,1,1
37,38,block1_K18,32,15,51,7,6,30,3,6,0,0,8,8,1,1
37,38,block1_K18,32,14,52,6,5,38,4,6,0,0,8,8,1,1
37,38,block1_K18,32,14,53,7,5,46,5,6,0,0,8,8,1,1
37,38,block1_K18,32,14,54,6,4,54,6,6,0,0,8,8,1,1
37,38,block1_K18,32,14,55,7,4,62,7,6,0,0,8,8,1,1
37,38,block1_K18,32,13,56,6,3,7,0,7,0,0,8,8,1,1
37,38,block1_K18,32,13,57,7,3,15,1,7,0,0,8,8,1,1
37,38,block1_K18,32,13,58,6,2,23,2,7,0,0,8,8,1,1
37,38,block1_K18,32,13,59,7,2,31,3,7,0,0,8,8,1,1
37,38,block1_K18,32,12,60,6,1,39,4,7,0,0,8,8,1,1
37,38,block1_K18,32,12,61,7,1,47,5,7,0,0,8,8,1,1
37,38,block1_K18,32,12,62,6,0,55,6,7,0,0,8,8,1,1
37,38,block1_K18,32,12,63,7,0,63,7,7,0,0,8,8,1,1
38,39,block1_Kt18,32,0,0,0,0,0,0,0,0,0,8,1,8,1
38,39,block1_Kt18,32,0,1,1,0,1,0,0,1,0,8,1,8,1
38,39,block1_Kt18,32,0,2,0,1,2,0,0,2,0,8,1,8,1
38,39,block1_Kt18,32,0,3,1,1,3,0,0,3,0,8,1,8,1
38,39,block1_Kt18,32,1,4,0,2,4,0,0,4,0,8,1,8,1
38,39,block1_Kt18,32,1,5,1,2,5,0,0,5,0,8,1,8,1
38,39,block1_Kt18,32,1,6,0,3,6,0,0,6,0,8,1,8,1
38,39,block1_Kt18,32,1,7,1,3,7,0,0,7,0,8,1,8,1
38,39,block1_Kt18,32,2,8,0,4,8,1,0,0,0,8,1,8,1
38,39,block1_Kt18,32,2,9,1,4,9,1,0,1,0,8,1,8,1
38,39,block1_Kt18,32,2,10,0,5,10,1,0,2,0,8,1,8,1
38,39,block1_Kt18,32,2,11,1,5,11,1,0,3,0,8,1,8,1
38,39,block1_Kt18,32,3,12,0,6,12,1,0,4,0,8,1,8,1
38,39,block1_Kt18,32,3,13,1,6,13,1,0,5,0,8,1,8,1
38,39,block1_Kt18,32,3,14,0,7,14,1,0,6,0,8,1,8,1
38,39,block1_Kt18,32,3,15,1,7,15,1,0,7,0,8,1,8,1
38,39,block1_Kt18,32,7,16,2,7,16,2,0,0,0,8,1,8,1
38,39,block1_Kt18,32,7,17,3,7,17,2,0,1,0,8,1,8,1
38,39,block1_Kt18,32,7,18,2,6,18,2,0,2,0,8,1,8,1
38,39,block1_Kt18,32,7,19,3,6,19,2,0,3,0,8,1,8,1
38,39,block1_Kt18,32,6,20,2,5,20,2,0,4,0,8,1,8,1
38,39,block1_Kt18,32,6,21,3,5,21,2,0,5,0,8,1,8,1
38,39,block1_Kt18,32,6,22,2,4,22,2,0,6,0,8,1,8,1
38,39,block1_Kt18,32,6,23,3,4,23,2,0,7,0,8,1,8,1
38,39,block1_Kt18,32,5,24,2,3,24,3,0,0,0,8,1,8,1
38,39,block1_Kt18,32,5,25,3,3,25,3,0,1,0,8,1,8,1
38,39,block1_Kt18,32,5,26,2,2,26,3,0,2,0,8,1,8,1
38,39,block1_Kt18,32,5,27,3,2,27,3,0,3,0,8,1,8,1
38,39,block1_Kt18,32,4,28,2,1,28,3,0,4,0,8,1,8,1
38,39,block1_Kt18,32,4,29,3,1,29,3,0,5,0,8,1,8,1
38,39,block1_Kt18,32,4,30,2,0,30,3,0,6,0,8,1,8,1
38,39,block1_Kt18,32,4,31,3,0,31,3,0,7,0,8,1,8,1
38,39,block1_Kt18,32,8,32,4,0,32,4,0,0,0,8,1,8,1
38,39,block1_Kt18,32,8,33,5,0,33,4,0,1,0,8,1,8,1
38,39,block1_Kt18,32,8,34,4,1,34,4,0,2,0,8,1,8,1
38,39,block1_Kt18,32,8,35,5,1,35,4,0,3,0,8,1,8,1
38,39,block1_Kt18,32,9,36,4,2,36,4,0,4,0,8,1,8,1
38,39,block1_Kt18,32,9,37,5,2,37,4,0,5,0,8,1,8,1
38,39,block1_Kt18,32,9,38,4,3,38,4,0,6,0,8,1,8,1
38,39,block1_Kt18,32,9,39,5,3,39,4,0,7,0,8,1,8,1
38,39,block1_Kt18,32,10,40,4,4,40,5,0,0,0,8,1,8,1
38,39,block1_Kt18,32,10,41,5,4,41,5,0,1,0,8,1,8,1
38,39,block1_Kt18,32,10,42,4,5,42,5,0,2,0,8,1,8,1
38,39,block1_Kt18,32,10,43,5,5,43,5,0,3,0,8,1,8,1
38,39,block1_Kt18,32,11,44,4,6,44,5,0,4,0,8,1,8,1
38,39,block1_Kt18,32,11,45,5,6,45,5,0,5,0,8,1,8,1
38,39,block1_Kt18,32,11,46,4,7,46,5,0,6,0,8,1,8,1
38,39,block1_Kt18,32,11,47,5,7,47,5,0,7,0,8,1,8,1
38,39,block1_Kt18,32,15,48,6,7,48,6,0,0,0,8,1,8,1
38,39,block1_Kt18,32,15,49,7,7,49,6,0,1,0,8,1,8,1
38,39,block1_Kt18,32,15,50,6,6,50,6,0,2,0,8,1,8,1
38,39,block1_Kt18,32,15,51,7,6,51,6,0,3,0,8,1,8,1
38,39,block1_Kt18,32,14,52,6,5,52,6,0,4,0,8,1,8,1
38,39,block1_Kt18,32,14,53,7,5,53,6,0,5,0,8,1,8,1
38,39,block1_Kt18,32,14,54,6,4,54,6,0,6,0,8,1,8,1
38,39,block1_Kt18,32,14,55,7,4,55,6,0,7,0,8,1,8,1
38,39,block1_Kt18,32,13,56,6,3,56,7,0,0,0,8,1,8,1
38,39,block1_Kt18,32,13,57,7,3,57,7,0,1,0,8,1,8,1
38,39,block1_Kt18,32,13,58,6,2,58,7,0,2,0,8,1,8,1
38,39,block1_Kt18,32,13,59,7,2,59,7,0,3,0,8,1,8,1
38,39,block1_Kt18,32,12,60,6,1,60,7,0,4,0,8,1,8,1
38,39,block1_Kt18,32,12,61,7,1,61,7,0,5,0,8,1,8,1
38,39,block1_Kt18,32,12,62,6,0,62,7,0,6,0,8,1,8,1
38,39,block1_Kt18,32,12,63,7,0,63,7,0,7,0,8,1,8,1
39,40,block1_K19,32,0,0,0,0,0,0,0,0,0,8,8,1,1
39,40,block1_K19,32,0,1,1,0,8,1,0,0,0,8,8,1,1
39,40,block1_K19,32,0,2,0,1,16,2,0,0,0,8,8,1,1
39,40,block1_K19,32,0,3,1,1,24,3,0,0,0,8,8,1,1
39,40,block1_K19,32,1,4,0,2,32,4,0,0,0,8,8,1,1
39,40,block1_K19,32,1,5,1,2,40,5,0,0,0,8,8,1,1
39,40,block1_K19,32,1,6,0,3,48,6,0,0,0,8,8,1,1
39,40,block1_K19,32,1,7,1,3,56,7,0,0,0,8,8,1,1
39,40,block1_K19,32,2,8,0,4,1,0,1,0,0,8,8,1,1
39,40,block1_K19,32,2,9,1,4,9,1,1,0,0,8,8,1,1
39,40,block1_K19,32,2,10,0,5,17,2,1,0,0,8,8,1,1
39,40,block1_K19,32,2,11,1,5,25,3,1,0,0,8,8,1,1
39,40,block1_K19,32,3,12,0,6,33,4,1,0,0,8,8,1,1
39,40,block1_K19,32,3,13,1,6,41,5,1,0,0,8,8,1,1
39,40,block1_K19,32,3,14,0,7,49,6,1,0,0,8,8,1,1
39,40,block1_K19,32,3,15,1,7,57,7,1,0,0,8,8,1,1
39,40,block1_K19,32,7,16,2,7,2,0,2,0,0,8,8,1,1
39,40,block1_K19,32,7,17,3,7,10,1,2,0,0,8,8,1,1
39,40,block1_K19,32,7,18,2,6,18,2,2,0,0,8,8,1,1
39,40,block1_K19,32,7,19,3,6,26,3,2,0,0,8,8,1,1
39,40,block1_K19,32,6,20,2,5,34,4,2,0,0,8,8,1,1
39,40,block1_K19,32,6,21,3,5,42,5,2,0,0,8,8,1,1
39,40,block1_K19,32,6,22,2,4,50,6,2,0,0,8,8,1,1
39,40,block1_K19,32,6,23,3,4,58,7,2,0,0,8,8,1,1
39,40,block1_K19,32,5,24,2,3,3,0,3,0,0,8,8,1,1
39,40,block1_K19,32,5,25,3,3,11,1,3,0,0,8,8,1,1
39,40,block1_K19,32,5,26,2,2,19,2,3,0,0,8,8,1,1
39,40,block1_K19,32,5,27,3,2,27,3,3,0,0,8,8,1,1
39,40,block1_K19,32,4,28,2,1,35,4,3,0,0,8,8,1,1
39,40,block1_K19,32,4,29,3,1,43,5,3,0,0,8,8,1,1
39,40,block1_K19,32,4,30,2,0,51,6,3,0,0,8,8,1,1
39,40,block1_K19,32,4,31,3,0,59,7,3,0,0,8,8,1,1
39,40,block1_K19,32,8,32,4,0,4,0,4,0,0,8,8,1,1
39,40,block1_K19,32,8,33,5,0,12,1,4,0,0,8,8,1,1
39,40,block1_K19,32,8,34,4,1,20,2,4,0,0,8,8,1,1
39,40,block1_K19,32,8,35,5,1,28,3,4,0,0,8,8,1,1
39,40,block1_K19,32,9,36,4,2,36,4,4,0,0,8,8,1,1
39,40,block1_K19,32,9,37,5,2,44,5,4,0,0,8,8,1,1
39,40,block1_K19,32,9,38,4,3,52,6,4,0,0,8,8,1,1
39,40,block1_K19,32,9,39,5,3,60,7,4,0,0,8,8,1,1
39,40,block1_K19,32,10,40,4,4,5,0,5,0,0,8,8,1,1
39,40,block1_K19,32,10,41,5,4,13,1,5,0,0,8,8,1,1
39,40,block1_K19,32,10,42,4,5,21,2,5,0,0,8,8,1,1
39,40,block1_K19,32,10,43,5,5,29,3,5,0,0,8,8,1,1
39,40,block1_K19,32,11,44,4,6,37,4,5,0,0,8,8,1,1
39,40,block1_K19,32,11,45,5,6,45,5,5,0,0,8,8,1,1
39,40,block1_K19,32,11,46,4,7,53,6,5,0,0,8,8,1,1
39,40,block1_K19,32,11,47,5,7,61,7,5,0,0,8,8,1,1
39,40,block1_K19,32,15,48,6,7,6,0,6,0,0,8,8,1,1
39,40,block1_K19,32,15,49,7,7,14,1,6,0,0,8,8,1,1
39,40,block1_K19,32,15,50,6,6,22,2,6,0,0,8,8,1,1
39,40,block1_K19,32,15,51,7,6,30,3,6,0,0,8,8,1,1
39,40,block1_K19,32,14,52,6,5,38,4,6,0,0,8,8,1,1
39,40,block1_K19,32,14,53,7,5,46,5,6,0,0,8,8,1,1
39,40,block1_K19,32,14,54,6,4,54,6,6,0,0,8,8,1,1
39,40,block1_K19,32,14,55,7,4,62,7,6,0,0,8,8,1,1
39,40,block1_K19,32,13,56,6,3,7,0,7,0,0,8,8,1,1
39,40,block1_K19,32,13,57,7,3,15,1,7,0,0,8,8,1,1
39,40,block1_K19,32,13,58,6,2,23,2,7,0,0,8,8,1,1
39,40,block1_K19,32,13,59,7,2,31,3,7,0,0,8,8,1,1
39,40,block1_K19,32,12,60,6,1,39,4,7,0,0,8,8,1,1
39,40,block1_K19,32,12,61,7,1,47,5,7,0,0,8,8,1,1
39,40,block1_K19,32,12,62,6,0,55,6,7,0,0,8,8,1,1
39,40,block1_K19,32,12,63,7,0,63,7,7,0,0,8,8,1,1
40,41,block1_Kt19,32,0,0,0,0,0,0,0,0,0,8,1,8,1
40,41,block1_Kt19,32,0,1,1,0,1,0,0,1,0,8,1,8,1
40,41,block1_Kt19,32,0,2,0,1,2,0,0,2,0,8,1,8,1
40,41,block1_Kt19,32,0,3,1,1,3,0,0,3,0,8,1,8,1
40,41,block1_Kt19,32,1,4,0,2,4,0,0,4,0,8,1,8,1
40,41,block1_Kt19,32,1,5,1,2,5,0,0,5,0,8,1,8,1
40,41,block1_Kt19,32,1,6,0,3,6,0,0,6,0,8,1,8,1
40,41,block1_Kt19,32,1,7,1,3,7,0,0,7,0,8,1,8,1
40,41,block1_Kt19,32,2,8,0,4,8,1,0,0,0,8,1,8,1
40,41,block1_Kt19,32,2,9,1,4,9,1,0,1,0,8,1,8,1
40,41,block1_Kt19,32,2,10,0,5,10,1,0,2,0,8,1,8,1
40,41,block1_Kt19,32,2,11,1,5,11,1,0,3,0,8,1,8,1
40,41,block1_Kt19,32,3,12,0,6,12,1,0,4,0,8,1,8,1
40,41,block1_Kt19,32,3,13,1,6,13,1,0,5,0,8,1,8,1
40,41,block1_Kt19,32,3,14,0,7,14,1,0,6,0,8,1,8,1
40,41,block1_Kt19,32,3,15,1,7,15,1,0,7,0,8,1,8,1
40,41,block1_Kt19,32,7,16,2,7,16,2,0,0,0,8,1,8,1
40,41,block1_Kt19,32,7,17,3,7,17,2,0,1,0,8,1,8,1
40,41,block1_Kt19,32,7,18,2,6,18,2,0,2,0,8,1,8,1
40,41,block1_Kt19,32,7,19,3,6,19,2,0,3,0,8,1,8,1
40,41,block1_Kt19,32,6,20,2,5,20,2,0,4,0,8,1,8,1
40,41,block1_Kt19,32,6,21,3,5,21,2,0,5,0,8,1,8,1
40,41,block1_Kt19,32,6,22,2,4,22,2,0,6,0,8,1,8,1
40,41,block1_Kt19,32,6,23,3,4,23,2,0,7,0,8,1,8,1
40,41,block1_Kt19,32,5,24,2,3,24,3,0,0,0,8,1,8,1
40,41,block1_Kt19,32,5,25,3,3,25,3,0,1,0,8,1,8,1
40,41,block1_Kt19,32,5,26,2,2,26,3,0,2,0,8,1,8,1
40,41,block1_Kt19,32,5,27,3,2,27,3,0,3,0,8,1,8,1
40,41,block1_Kt19,32,4,28,2,1,28,3,0,4,0,8,1,8,1
40,41,block1_Kt19,32,4,29,3,1,29,3,0,5,0,8,1,8,1
40,41,block1_Kt19,32,4,30,2,0,30,3,0,6,0,8,1,8,1
40,41,block1_Kt19,32,4,31,3,0,31,3,0,7,0,8,1,8,1
40,41,block1_Kt19,32,8,32,4,0,32,4,0,0,0,8,1,8,1
40,41,block1_Kt19,32,8,33,5,0,33,4,0,1,0,8,1,8,1
40,41,block1_Kt19,32,8,34,4,1,34,4,0,2,0,8,1,8,1
40,41,block1_Kt19,32,8,35,5,1,35,4,0,3,0,8,1,8,1
40,41,block1_Kt19,32,9,36,4,2,36,4,0,4,0,8,1,8,1
40,41,block1_Kt19,32,9,37,5,2,37,4,0,5,0,8,1,8,1
40,41,block1_Kt19,32,9,38,4,3,38,4,0,6,0,8,1,8,1
40,41,block1_Kt19,32,9,39,5,3,39,4,0,7,0,8,1,8,1
40,41,block1_Kt19,32,10,40,4,4,40,5,0,0,0,8,1,8,1
40,41,block1_Kt19,32,10,41,5,4,41,5,0,1,0,8,1,8,1
40,41,block1_Kt19,32,10,42,4,5,42,5,0,2,0,8,1,8,1
40,41,block1_Kt19,32,10,43,5,5,43,5,0,3,0,8,1,8,1
40,41,block1_Kt19,32,11,44,4,6,44,5,0,4,0,8,1,8,1
40,41,block1_Kt19,32,11,45,5,6,45,5,0,5,0,8,1,8,1
40,41,block1_Kt19,32,11,46,4,7,46,5,0,6,0,8,1,8,1
40,41,block1_Kt19,32,11,47,5,7,47,5,0,7,0,8,1,8,1
40,41,block1_Kt19,32,15,48,6,7,48,6,0,0,0,8,1,8,1
40,41,block1_Kt19,32,15,49,7,7,49,6,0,1,0,8,1,8,1
40,41,block1_Kt19,32,15,50,6,6,50,6,0,2,0,8,1,8,1
40,41,block1_Kt19,32,15,51,7,6,51,6,0,3,0,8,1,8,1
40,41,block1_Kt19,32,14,52,6,5,52,6,0,4,0,8,1,8,1
40,41,block1_Kt19,32,14,53,7,5,53,6,0,5,0,8,1,8,1
40,41,block1_Kt19,32,14,54,6,4,54,6,0,6,0,8,1,8,1
40,41,block1_Kt19,32,14,55,7,4,55,6,0,7,0,8,1,8,1
40,41,block1_Kt19,32,13,56,6,3,56,7,0,0,0,8,1,8,1
40,41,block1_Kt19,32,13,57,7,3,57,7,0,1,0,8,1,8,1
40,41,block1_Kt19,32,13,58,6,2,58,7,0,2,0,8,1,8,1
40,41,block1_Kt19,32,13,59,7,2,59,7,0,3,0,8,1,8,1
40,41,block1_Kt19,32,12,60,6,1,60,7,0,4,0,8,1,8,1
40,41,block1_Kt19,32,12,61,7,1,61,7,0,5,0,8,1,8,1
40,41,block1_Kt19,32,12,62,6,0,62,7,0,6,0,8,1,8,1
40,41,block1_Kt19,32,12,63,7,0,63,7,0,7,0,8,1,8,1
41,42,block1_K20,32,0,0,0,0,0,0,0,0,0,8,8,1,1
41,42,block1_K20,32,0,1,1,0,8,1,0,0,0,8,8,1,1
41,42,block1_K20,32,0,2,0,1,16,2,0,0,0,8,8,1,1
41,42,block1_K20,32,0,3,1,1,24,3,0,0,0,8,8,1,1
41,42,block1_K20,32,1,4,0,2,32,4,0,0,0,8,8,1,1
41,42,block1_K20,32,1,5,1,2,40,5,0,0,0,8,8,1,1
41,42,block1_K20,32,1,6,0,3,48,6,0,0,0,8,8,1,1
41,42,block1_K20,32,1,7,1,3,56,7,0,0,0,8,8,1,1
41,42,block1_K20,32,2,8,0,4,1,0,1,0,0,8,8,1,1
41,42,block1_K20,32,2,9,1,4,9,1,1,0,0,8,8,1,1
41,42,block1_K20,32,2,10,0,5,17,2,1,0,0,8,8,1,1
41,42,block1_K20,32,2,11,1,5,25,3,1,0,0,8,8,1,1
41,42,block1_K20,32,3,12,0,6,33,4,1,0,0,8,8,1,1
41,42,block1_K20,32,3,13,1,6,41,5,1,0,0,8,8,1,1
41,42,block1_K20,32,3,14,0,7,49,6,1,0,0,8,8,1,1
41,42,block1_K20,32,3,15,1,7,57,7,1,0,0,8,8,1,1
41,42,block1_K20,32,7,16,2,7,2,0,2,0,0,8,8,1,1
41,42,block1_K20,32,7,17,3,7,10,1,2,0,0,8,8,1,1
41,42,block1_K20,32,7,18,2,6,18,2,2,0,0,8,8,1,1
41,42,block1_K20,32,7,19,3,6,26,3,2,0,0,8,8,1,1
41,42,block1_K20,32,6,20,2,5,34,4,2,0,0,8,8,1,1
41,42,block1_K20,32,6,21,3,5,42,5,2,0,0,8,8,1,1
41,42,block1_K20,32,6,22,2,4,50,6,2,0,0,8,8,1,1
41,42,block1_K20,32,6,23,3,4,58,7,2,0,0,8,8,1,1
41,42,block1_K20,32,5,24,2,3,3,0,3,0,0,8,8,1,1
41,42,block1_K20,32,5,25,3,3,11,1,3,0,0,8,8,1,1
41,42,block1_K20,32,5,26,2,2,19,2,3,0,0,8,8,1,1
41,42,block1_K20,32,5,27,3,2,27,3,3,0,0,8,8,1,1
41,42,block1_K20,32,4,28,2,1,35,4,3,0,0,8,8,1,1
41,42,block1_K20,32,4,29,3,1,43,5,3,0,0,8,8,1,1
41,42,block1_K20,32,4,30,2,0,51,6,3,0,0,8,8,1,1
41,42,block1_K20,32,4,31,3,0,59,7,3,0,0,8,8,1,1
41,42,block1_K20,32,8,32,4,0,4,0,4,0,0,8,8,1,1
41,42,block1_K20,32,8,33,5,0,12,1,4,0,0,8,8,1,1
41,42,block1_K20,32,8,34,4,1,20,2,4,0,0,8,8,1,1
41,42,block1_K20,32,8,35,5,1,28,3,4,0,0,8,8,1,1
41,42,block1_K20,32,9,36,4,2,36,4,4,0,0,8,8,1,1
41,42,block1_K20,32,9,37,5,2,44,5,4,0,0,8,8,1,1
41,42,block1_K20,32,9,38,4,3,52,6,4,0,0,8,8,1,1
41,42,block1_K20,32,9,39,5,3,60,7,4,0,0,8,8,1,1
41,42,block1_K20,32,10,40,4,4,5,0,5,0,0,8,8,1,1
41,42,block1_K20,32,10,41,5,4,13,1,5,0,0,8,8,1,1
41,42,block1_K20,32,10,42,4,5,21,2,5,0,0,8,8,1,1
41,42,block1_K20,32,10,43,5,5,29,3,5,0,0,8,8,1,1
41,42,block1_K20,32,11,44,4,6,37,4,5,0,0,8,8,1,1
41,42,block1_K20,32,11,45,5,6,45,5,5,0,0,8,8,1,1
41,42,block1_K20,32,11,46,4,7,53,6,5,0,0,8,8,1,1
41,42,block1_K20,32,11,47,5,7,61,7,5,0,0,8,8,1,1
41,42,block1_K20,32,15,48,6,7,6,0,6,0,0,8,8,1,1
41,42,block1_K20,32,15,49,7,7,14,1,6,0,0,8,8,1,1
41,42,block1_K20,32,15,50,6,6,22,2,6,0,0,8,8,1,1
41,42,block1_K20,32,15,51,7,6,30,3,6,0,0,8,8,1,1
41,42,block1_K20,32,14,52,6,5,38,4,6,0,0,8,8,1,1
41,42,block1_K20,32,14,53,7,5,46,5,6,0,0,8,8,1,1
41,42,block1_K20,32,14,54,6,4,54,6,6,0,0,8,8,1,1
41,42,block1_K20,32,14,55,7,4,62,7,6,0,0,8,8,1,1
41,42,block1_K20,32,13,56,6,3,7,0,7,0,0,8,8,1,1
41,42,block1_K20,32,13,57,7,3,15,1,7,0,0,8,8,1,1
41,42,block1_K20,32,13,58,6,2,23,2,7,0,0,8,8,1,1
41,42,block1_K20,32,13,59,7,2,31,3,7,0,0,8,8,1,1
41,42,block1_K20,32,12,60,6,1,39,4,7,0,0,8,8,1,1
41,42,block1_K20,32,12,61,7,1,47,5,7,0,0,8,8,1,1
41,42,block1_K20,32,12,62,6,0,55,6,7,0,0,8,8,1,1
41,42,block1_K20,32,12,63,7,0,63,7,7,0,0,8,8,1,1
42,43,block1_Kt20,32,0,0,0,0,0,0,0,0,0,8,1,8,1
42,43,block1_Kt20,32,0,1,1,0,1,0,0,1,0,8,1,8,1
42,43,block1_Kt20,32,0,2,0,1,2,0,0,2,0,8,1,8,1
42,43,block1_Kt20,32,0,3,1,1,3,0,0,3,0,8,1,8,1
42,43,block1_Kt20,32,1,4,0,2,4,0,0,4,0,8,1,8,1
42,43,block1_Kt20,32,1,5,1,2,5,0,0,5,0,8,1,8,1
42,43,block1_Kt20,32,1,6,0,3,6,0,0,6,0,8,1,8,1
42,43,block1_Kt20,32,1,7,1,3,7,0,0,7,0,8,1,8,1
42,43,block1_Kt20,32,2,8,0,4,8,1,0,0,0,8,1,8,1
42,43,block1_Kt20,32,2,9,1,4,9,1,0,1,0,8,1,8,1
42,43,block1_Kt20,32,2,10,0,5,10,1,0,2,0,8,1,8,1
42,43,block1_Kt20,32,2,11,1,5,11,1,0,3,0,8,1,8,1
42,43,block1_Kt20,32,3,12,0,6,12,1,0,4,0,8,1,8,1
42,43,block1_Kt20,32,3,13,1,6,13,1,0,5,0,8,1,8,1
42,43,block1_Kt20,32,3,14,0,7,14,1,0,6,0,8,1,8,1
42,43,block1_Kt20,32,3,15,1,7,15,1,0,7,0,8,1,8,1
42,43,block1_Kt20,32,7,16,2,7,16,2,0,0,0,8,1,8,1
42,43,block1_Kt20,32,7,17,3,7,17,2,0,1,0,8,1,8,1
42,43,block1_Kt20,32,7,18,2,6,18,2,0,2,0,8,1,8,1
42,43,block1_Kt20,32,7,19,3,6,19,2,0,3,0,8,1,8,1
42,43,block1_Kt20,32,6,20,2,5,20,2,0,4,0,8,1,8,1
42,43,block1_Kt20,32,6,21,3,5,21,2,0,5,0,8,1,8,1
42,43,block1_Kt20,32,6,22,2,4,22,2,0,6,0,8,1,8,1
42,43,block1_Kt20,32,6,23,3,4,23,2,0,7,0,8,1,8,1
42,43,block1_Kt20,32,5,24,2,3,24,3,0,0,0,8,1,8,1
42,43,block1_Kt20,32,5,25,3,3,25,3,0,1,0,8,1,8,1
42,43,block1_Kt20,32,5,26,2,2,26,3,0,2,0,8,1,8,1
42,43,block1_Kt20,32,5,27,3,2,27,3,0,3,0,8,1,8,1
42,43,block1_Kt20,32,4,28,2,1,28,3,0,4,0,8,1,8,1
42,43,block1_Kt20,32,4,29,3,1,29,3,0,5,0,8,1,8,1
42,43,block1_Kt20,32,4,30,2,0,30,3,0,6,0,8,1,8,1
42,43,block1_Kt20,32,4,31,3,0,31,3,0,7,0,8,1,8,1
42,43,block1_Kt20,32,8,32,4,0,32,4,0,0,0,8,1,8,1
42,43,block1_Kt20,32,8,33,5,0,33,4,0,1,0,8,1,8,1
42,43,block1_Kt20,32,8,34,4,1,34,4,0,2,0,8,1,8,1
42,43,block1_Kt20,32,8,35,5,1,35,4,0,3,0,8,1,8,1
42,43,block1_Kt20,32,9,36,4,2,36,4,0,4,0,8,1,8,1
42,43,block1_Kt20,32,9,37,5,2,37,4,0,5,0,8,1,8,1
42,43,block1_Kt20,32,9,38,4,3,38,4,0,6,0,8,1,8,1
42,43,block1_Kt20,32,9,39,5,3,39,4,0,7,0,8,1,8,1
42,43,block1_Kt20,32,10,40,4,4,40,5,0,0,0,8,1,8,1
42,43,block1_Kt20,32,10,41,5,4,41,5,0,1,0,8,1,8,1
42,43,block1_Kt20,32,10,42,4,5,42,5,0,2,0,8,1,8,1
42,43,block1_Kt20,32,10,43,5,5,43,5,0,3,0,8,1,8,1
42,43,block1_Kt20,32,11,44,4,6,44,5,0,4,0,8,1,8,1
42,43,block1_Kt20,32,11,45,5,6,45,5,0,5,0,8,1,8,1
42,43,block1_Kt20,32,11,46,4,7,46,5,0,6,0,8,1,8,1
42,43,block1_Kt20,32,11,47,5,7,47,5,0,7,0,8,1,8,1
42,43,block1_Kt20,32,15,48,6,7,48,6,0,0,0,8,1,8,1
42,43,block1_Kt20,32,15,49,7,7,49,6,0,1,0,8,1,8,1
42,43,block1_Kt20,32,15,50,6,6,50,6,0,2,0,8,1,8,1
42,43,block1_Kt20,32,15,51,7,6,51,6,0,3,0,8,1,8,1
42,43,block1_Kt20,32,14,52,6,5,52,6,0,4,0,8,1,8,1
42,43,block1_Kt20,32,14,53,7,5,53,6,0,5,0,8,1,8,1
42,43,block1_Kt20,32,14,54,6,4,54,6,0,6,0,8,1,8,1
42,43,block1_Kt20,32,14,55,7,4,55,6,0,7,0,8,1,8,1
42,43,block1_Kt20,32,13,56,6,3,56,7,0,0,0,8,1,8,1
42,43,block1_Kt20,32,13,57,7,3,57,7,0,1,0,8,1,8,1
42,43,block1_Kt20,32,13,58,6,2,58,7,0,2,0,8,1,8,1
42,43,block1_Kt20,32,13,59,7,2,59,7,0,3,0,8,1,8,1
42,43,block1_Kt20,32,12,60,6,1,60,7,0,4,0,8,1,8,1
42,43,block1_Kt20,32,12,61,7,1,61,7,0,5,0,8,1,8,1
42,43,block1_Kt20,32,12,62,6,0,62,7,0,6,0,8,1,8,1
42,43,block1_Kt20,32,12,63,7,0,63,7,0,7,0,8,1,8,1
43,44,block1_K21,32,0,0,0,0,0,0,0,0,0,8,8,1,1
43,44,block1_K21,32,0,1,1,0,8,1,0,0,0,8,8,1,1
43,44,block1_K21,32,0,2,0,1,16,2,0,0,0,8,8,1,1
43,44,block1_K21,32,0,3,1,1,24,3,0,0,0,8,8,1,1
43,44,block1_K21,32,1,4,0,2,32,4,0,0,0,8,8,1,1
43,44,block1_K21,32,1,5,1,2,40,5,0,0,0,8,8,1,1
43,44,block1_K21,32,1,6,0,3,48,6,0,0,0,8,8,1,1
43,44,block1_K21,32,1,7,1,3,56,7,0,0,0,8,8,1,1
43,44,block1_K21,32,2,8,0,4,1,0,1,0,0,8,8,1,1
43,44,block1_K21,32,2,9,1,4,9,1,1,0,0,8,8,1,1
43,44,block1_K21,32,2,10,0,5,17,2,1,0,0,8,8,1,1
43,44,block1_K21,32,2,11,1,5,25,3,1,0,0,8,8,1,1
43,44,block1_K21,32,3,12,0,6,33,4,1,0,0,8,8,1,1
43,44,block1_K21,32,3,13,1,6,41,5,1,0,0,8,8,1,1
43,44,block1_K21,32,3,14,0,7,49,6,1,0,0,8,8,1,1
43,44,block1_K21,32,3,15,1,7,57,7,1,0,0,8,8,1,1
43,44,block1_K21,32,7,16,2,7,2,0,2,0,0,8,8,1,1
43,44,block1_K21,32,7,17,3,7,10,1,2,0,0,8,8,1,1
43,44,block1_K21,32,7,18,2,6,18,2,2,0,0,8,8,1,1
43,44,block1_K21,32,7,19,3,6,26,3,2,0,0,8,8,1,1
43,44,block1_K21,32,6,20,2,5,34,4,2,0,0,8,8,1,1
43,44,block1_K21,32,6,21,3,5,42,5,2,0,0,8,8,1,1
43,44,block1_K21,32,6,22,2,4,50,6,2,0,0,8,8,1,1
43,44,block1_K21,32,6,23,3,4,58,7,2,0,0,8,8,1,1
43,44,block1_K21,32,5,24,2,3,3,0,3,0,0,8,8,1,1
43,44,block1_K21,32,5,25,3,3,11,1,3,0,0,8,8,1,1
43,44,block1_K21,32,5,26,2,2,19,2,3,0,0,8,8,1,1
43,44,block1_K21,32,5,27,3,2,27,3,3,0,0,8,8,1,1
43,44,block1_K21,32,4,28,2,1,35,4,3,0,0,8,8,1,1
43,44,block1_K21,32,4,29,3,1,43,5,3,0,0,8,8,1,1
43,44,block1_K21,32,4,30,2,0,51,6,3,0,0,8,8,1,1
43,44,block1_K21,32,4,31,3,0,59,7,3,0,0,8,8,1,1
43,44,block1_K21,32,8,32,4,0,4,0,4,0,0,8,8,1,1
43,44,block1_K21,32,8,33,5,0,12,1,4,0,0,8,8,1,1
43,44,block1_K21,32,8,34,4,1,20,2,4,0,0,8,8,1,1
43,44,block1_K21,32,8,35,5,1,28,3,4,0,0,8,8,1,1
43,44,block1_K21,32,9,36,4,2,36,4,4,0,0,8,8,1,1
43,44,block1_K21,32,9,37,5,2,44,5,4,0,0,8,8,1,1
43,44,block1_K21,32,9,38,4,3,52,6,4,0,0,8,8,1,1
43,44,block1_K21,32,9,39,5,3,60,7,4,0,0,8,8,1,1
43,44,block1_K21,32,10,40,4,4,5,0,5,0,0,8,8,1,1
43,44,block1_K21,32,10,41,5,4,13,1,5,0,0,8,8,1,1
43,44,block1_K21,32,10,42,4,5,21,2,5,0,0,8,8,1,1
43,44,block1_K21,32,10,43,5,5,29,3,5,0,0,8,8,1,1
43,44,block1_K21,32,11,44,4,6,37,4,5,0,0,8,8,1,1
43,44,block1_K21,32,11,45,5,6,45,5,5,0,0,8,8,1,1
43,44,block1_K21,32,11,46,4,7,53,6,5,0,0,8,8,1,1
43,44,block1_K21,32,11,47,5,7,61,7,5,0,0,8,8,1,1
43,44,block1_K21,32,15,48,6,7,6,0,6,0,0,8,8,1,1
43,44,block1_K21,32,15,49,7,7,14,1,6,0,0,8,8,1,1
43,44,block1_K21,32,15,50,6,6,22,2,6,0,0,8,8,1,1
43,44,block1_K21,32,15,51,7,6,30,3,6,0,0,8,8,1,1
43,44,block1_K21,32,14,52,6,5,38,4,6,0,0,8,8,1,1
43,44,block1_K21,32,14,53,7,5,46,5,6,0,0,8,8,1,1
43,44,block1_K21,32,14,54,6,4,54,6,6,0,0,8,8,1,1
43,44,block1_K21,32,14,55,7,4,62,7,6,0,0,8,8,1,1
43,44,block1_K21,32,13,56,6,3,7,0,7,0,0,8,8,1,1
43,44,block1_K21,32,13,57,7,3,15,1,7,0,0,8,8,1,1
43,44,block1_K21,32,13,58,6,2,23,2,7,0,0,8,8,1,1
43,44,block1_K21,32,13,59,7,2,31,3,7,0,0,8,8,1,1
43,44,block1_K21,32,12,60,6,1,39,4,7,0,0,8,8,1,1
43,44,block1_K21,32,12,61,7,1,47,5,7,0,0,8,8,1,1
43,44,block1_K21,32,12,62,6,0,55,6,7,0,0,8,8,1,1
43,44,block1_K21,32,12,63,7,0,63,7,7,0,0,8,8,1,1
44,45,block1_Kt21,32,0,0,0,0,0,0,0,0,0,8,1,8,1
44,45,block1_Kt21,32,0,1,1,0,1,0,0,1,0,8,1,8,1
44,45,block1_Kt21,32,0,2,0,1,2,0,0,2,0,8,1,8,1
44,45,block1_Kt21,32,0,3,1,1,3,0,0,3,0,8,1,8,1
44,45,block1_Kt21,32,1,4,0,2,4,0,0,4,0,8,1,8,1
44,45,block1_Kt21,32,1,5,1,2,5,0,0,5,0,8,1,8,1
44,45,block1_Kt21,32,1,6,0,3,6,0,0,6,0,8,1,8,1
44,45,block1_Kt21,32,1,7,1,3,7,0,0,7,0,8,1,8,1
44,45,block1_Kt21,32,2,8,0,4,8,1,0,0,0,8,1,8,1
44,45,block1_Kt21,32,2,9,1,4,9,1,0,1,0,8,1,8,1
44,45,block1_Kt21,32,2,10,0,5,10,1,0,2,0,8,1,8,1
44,45,block1_Kt21,32,2,11,1,5,11,1,0,3,0,8,1,8,1
44,45,block1_Kt21,32,3,12,0,6,12,1,0,4,0,8,1,8,1
44,45,block1_Kt21,32,3,13,1,6,13,1,0,5,0,8,1,8,1
44,45,block1_Kt21,32,3,14,0,7,14,1,0,6,0,8,1,8,1
44,45,block1_Kt21,32,3,15,1,7,15,1,0,7,0,8,1,8,1
44,45,block1_Kt21,32,7,16,2,7,16,2,0,0,0,8,1,8,1
44,45,block1_Kt21,32,7,17,3,7,17,2,0,1,0,8,1,8,1
44,45,block1_Kt21,32,7,18,2,6,18,2,0,2,0,8,1,8,1
44,45,block1_Kt21,32,7,19,3,6,19,2,0,3,0,8,1,8,1
44,45,block1_Kt21,32,6,20,2,5,20,2,0,4,0,8,1,8,1
44,45,block1_Kt21,32,6,21,3,5,21,2,0,5,0,8,1,8,1
44,45,block1_Kt21,32,6,22,2,4,22,2,0,6,0,8,1,8,1
44,45,block1_Kt21,32,6,23,3,4,23,2,0,7,0,8,1,8,1
44,45,block1_Kt21,32,5,24,2,3,24,3,0,0,0,8,1,8,1
44,45,block1_Kt21,32,5,25,3,3,25,3,0,1,0,8,1,8,1
44,45,block1_Kt21,32,5,26,2,2,26,3,0,2,0,8,1,8,1
44,45,block1_Kt21,32,5,27,3,2,27,3,0,3,0,8,1,8,1
44,45,block1_Kt21,32,4,28,2,1,28,3,0,4,0,8,1,8,1
44,45,block1_Kt21,32,4,29,3,1,29,3,0,5,0,8,1,8,1
44,45,block1_Kt21,32,4,30,2,0,30,3,0,6,0,8,1,8,1
44,45,block1_Kt21,32,4,31,3,0,31,3,0,7,0,8,1,8,1
44,45,block1_Kt21,32,8,32,4,0,32,4,0,0,0,8,1,8,1
44,45,block1_Kt21,32,8,33,5,0,33,4,0,1,0,8,1,8,1
44,45,block1_Kt21,32,8,34,4,1,34,4,0,2,0,8,1,8,1
44,45,block1_Kt21,32,8,35,5,1,35,4,0,3,0,8,1,8,1
44,45,block1_Kt21,32,9,36,4,2,36,4,0,4,0,8,1,8,1
44,45,block1_Kt21,32,9,37,5,2,37,4,0,5,0,8,1,8,1
44,45,block1_Kt21,32,9,38,4,3,38,4,0,6,0,8,1,8,1
44,45,block1_Kt21,32,9,39,5,3,39,4,0,7,0,8,1,8,1
44,45,block1_Kt21,32,10,40,4,4,40,5,0,0,0,8,1,8,1
44,45,block1_Kt21,32,10,41,5,4,41,5,0,1,0,8,1,8,1
44,45,block1_Kt21,32,10,42,4,5,42,5,0,2,0,8,1,8,1
44,45,block1_Kt21,32,10,43,5,5,43,5,0,3,0,8,1,8,1
44,45,block1_Kt21,32,11,44,4,6,44,5,0,4,0,8,1,8,1
44,45,block1_Kt21,32,11,45,5,6,45,5,0,5,0,8,1,8,1
44,45,block1_Kt21,32,11,46,4,7,46,5,0,6,0,8,1,8,1
44,45,block1_Kt21,32,11,47,5,7,47,5,0,7,0,8,1,8,1
44,45,block1_Kt21,32,15,48,6,7,48,6,0,0,0,8,1,8,1
44,45,block1_Kt21,32,15,49,7,7,49,6,0,1,0,8,1,8,1
44,45,block1_Kt21,32,15,50,6,6,50,6,0,2,0,8,1,8,1
44,45,block1_Kt21,32,15,51,7,6,51,6,0,3,0,8,1,8,1
44,45,block1_Kt21,32,14,52,6,5,52,6,0,4,0,8,1,8,1
44,45,block1_Kt21,32,14,53,7,5,53,6,0,5,0,8,1,8,1
44,45,block1_Kt21,32,14,54,6,4,54,6,0,6,0,8,1,8,1
44,45,block1_Kt21,32,14,55,7,4,55,6,0,7,0,8,1,8,1
44,45,block1_Kt21,32,13,56,6,3,56,7,0,0,0,8,1,8,1
44,45,block1_Kt21,32,13,57,7,3,57,7,0,1,0,8,1,8,1
44,45,block1_Kt21,32,13,58,6,2,58,7,0,2,0,8,1,8,1
44,45,block1_Kt21,32,13,59,7,2,59,7,0,3,0,8,1,8,1
44,45,block1_Kt21,32,12,60,6,1,60,7,0,4,0,8,1,8,1
44,45,block1_Kt21,32,12,61,7,1,61,7,0,5,0,8,1,8,1
44,45,block1_Kt21,32,12,62,6,0,62,7,0,6,0,8,1,8,1
44,45,block1_Kt21,32,12,63,7,0,63,7,0,7,0,8,1,8,1
45,46,block1_K22,32,0,0,0,0,0,0,0,0,0,8,8,1,1
45,46,block1_K22,32,0,1,1,0,8,1,0,0,0,8,8,1,1
45,46,block1_K22,32,0,2,0,1,16,2,0,0,0,8,8,1,1
45,46,block1_K22,32,0,3,1,1,24,3,0,0,0,8,8,1,1
45,46,block1_K22,32,1,4,0,2,32,4,0,0,0,8,8,1,1
45,46,block1_K22,32,1,5,1,2,40,5,0,0,0,8,8,1,1
45,46,block1_K22,32,1,6,0,3,48,6,0,0,0,8,8,1,1
45,46,block1_K22,32,1,7,1,3,56,7,0,0,0,8,8,1,1
45,46,block1_K22,32,2,8,0,4,1,0,1,0,0,8,8,1,1
45,46,block1_K22,32,2,9,1,4,9,1,1,0,0,8,8,1,1
45,46,block1_K22,32,2,10,0,5,17,2,1,0,0,8,8,1,1
45,46,block1_K22,32,2,11,1,5,25,3,1,0,0,8,8,1,1
45,46,block1_K22,32,3,12,0,6,33,4,1,0,0,8,8,1,1
45,46,block1_K22,32,3,13,1,6,41,5,1,0,0,8,8,1,1
45,46,block1_K22,32,3,14,0,7,49,6,1,0,0,8,8,1,1
45,46,block1_K22,32,3,15,1,7,57,7,1,0,0,8,8,1,1
45,46,block1_K22,32,7,16,2,7,2,0,2,0,0,8,8,1,1
45,46,block1_K22,32,7,17,3,7,10,1,2,0,0,8,8,1,1
45,46,block1_K22,32,7,18,2,6,18,2,2,0,0,8,8,1,1
45,46,block1_K22,32,7,19,3,6,26,3,2,0,0,8,8,1,1
45,46,block1_K22,32,6,20,2,5,34,4,2,0,0,8,8,1,1
45,46,block1_K22,32,6,21,3,5,42,5,2,0,0,8,8,1,1
45,46,block1_K22,32,6,22,2,4,50,6,2,0,0,8,8,1,1
45,46,block1_K22,32,6,23,3,4,58,7,2,0,0,8,8,1,1
45,46,block1_K22,32,5,24,2,3,3,0,3,0,0,8,8,1,1
45,46,block1_K22,32,5,25,3,3,11,1,3,0,0,8,8,1,1
45,46,block1_K22,32,5,26,2,2,19,2,3,0,0,8,8,1,1
45,46,block1_K22,32,5,27,3,2,27,3,3,0,0,8,8,1,1
45,46,block1_K22,32,4,28,2,1,35,4,3,0,0,8,8,1,1
45,46,block1_K22,32,4,29,3,1,43,5,3,0,0,8,8,1,1
45,46,block1_K22,32,4,30,2,0,51,6,3,0,0,8,8,1,1
45,46,block1_K22,32,4,31,3,0,59,7,3,0,0,8,8,1,1
45,46,block1_K22,32,8,32,4,0,4,0,4,0,0,8,8,1,1
45,46,block1_K22,32,8,33,5,0,12,1,4,0,0,8,8,1,1
45,46,block1_K22,32,8,34,4,1,20,2,4,0,0,8,8,1,1
45,46,block1_K22,32,8,35,5,1,28,3,4,0,0,8,8,1,1
45,46,block1_K22,32,9,36,4,2,36,4,4,0,0,8,8,1,1
45,46,block1_K22,32,9,37,5,2,44,5,4,0,0,8,8,1,1
45,46,block1_K22,32,9,38,4,3,52,6,4,0,0,8,8,1,1
45,46,block1_K22,32,9,39,5,3,60,7,4,0,0,8,8,1,1
45,46,block1_K22,32,10,40,4,4,5,0,5,0,0,8,8,1,1
45,46,block1_K22,32,10,41,5,4,13,1,5,0,0,8,8,1,1
45,46,block1_K22,32,10,42,4,5,21,2,5,0,0,8,8,1,1
45,46,block1_K22,32,10,43,5,5,29,3,5,0,0,8,8,1,1
45,46,block1_K22,32,11,44,4,6,37,4,5,0,0,8,8,1,1
45,46,block1_K22,32,11,45,5,6,45,5,5,0,0,8,8,1,1
45,46,block1_K22,32,11,46,4,7,53,6,5,0,0,8,8,1,1
45,46,block1_K22,32,11,47,5,7,61,7,5,0,0,8,8,1,1
45,46,block1_K22,32,15,48,6,7,6,0,6,0,0,8,8,1,1
45,46,block1_K22,32,15,49,7,7,14,1,6,0,0,8,8,1,1
45,46,block1_K22,32,15,50,6,6,22,2,6,0,0,8,8,1,1
45,46,block1_K22,32,15,51,7,6,30,3,6,0,0,8,8,1,1
45,46,block1_K22,32,14,52,6,5,38,4,6,0,0,8,8,1,1
45,46,block1_K22,32,14,53,7,5,46,5,6,0,0,8,8,1,1
45,46,block1_K22,32,14,54,6,4,54,6,6,0,0,8,8,1,1
45,46,block1_K22,32,14,55,7,4,62,7,6,0,0,8,8,1,1
45,46,block1_K22,32,13,56,6,3,7,0,7,0,0,8,8,1,1
45,46,block1_K22,32,13,57,7,3,15,1,7,0,0,8,8,1,1
45,46,block1_K22,32,13,58,6,2,23,2,7,0,0,8,8,1,1
45,46,block1_K22,32,13,59,7,2,31,3,7,0,0,8,8,1,1
45,46,block1_K22,32,12,60,6,1,39,4,7,0,0,8,8,1,1
45,46,block1_K22,32,12,61,7,1,47,5,7,0,0,8,8,1,1
45,46,block1_K22,32,12,62,6,0,55,6,7,0,0,8,8,1,1
45,46,block1_K22,32,12,63,7,0,63,7,7,0,0,8,8,1,1
46,47,block1_Kt22,32,0,0,0,0,0,0,0,0,0,8,1,8,1
46,47,block1_Kt22,32,0,1,1,0,1,0,0,1,0,8,1,8,1
46,47,block1_Kt22,32,0,2,0,1,2,0,0,2,0,8,1,8,1
46,47,block1_Kt22,32,0,3,1,1,3,0,0,3,0,8,1,8,1
46,47,block1_Kt22,32,1,4,0,2,4,0,0,4,0,8,1,8,1
46,47,block1_Kt22,32,1,5,1,2,5,0,0,5,0,8,1,8,1
46,47,block1_Kt22,32,1,6,0,3,6,0,0,6,0,8,1,8,1
46,47,block1_Kt22,32,1,7,1,3,7,0,0,7,0,8,1,8,1
46,47,block1_Kt22,32,2,8,0,4,8,1,0,0,0,8,1,8,1
46,47,block1_Kt22,32,2,9,1,4,9,1,0,1,0,8,1,8,1
46,47,block1_Kt22,32,2,10,0,5,10,1,0,2,0,8,1,8,1
46,47,block1_Kt22,32,2,11,1,5,11,1,0,3,0,8,1,8,1
46,47,block1_Kt22,32,3,12,0,6,12,1,0,4,0,8,1,8,1
46,47,block1_Kt22,32,3,13,1,6,13,1,0,5,0,8,1,8,1
46,47,block1_Kt22,32,3,14,0,7,14,1,0,6,0,8,1,8,1
46,47,block1_Kt22,32,3,15,1,7,15,1,0,7,0,8,1,8,1
46,47,block1_Kt22,32,7,16,2,7,16,2,0,0,0,8,1,8,1
46,47,block1_Kt22,32,7,17,3,7,17,2,0,1,0,8,1,8,1
46,47,block1_Kt22,32,7,18,2,6,18,2,0,2,0,8,1,8,1
46,47,block1_Kt22,32,7,19,3,6,19,2,0,3,0,8,1,8,1
46,47,block1_Kt22,32,6,20,2,5,20,2,0,4,0,8,1,8,1
46,47,block1_Kt22,32,6,21,3,5,21,2,0,5,0,8,1,8,1
46,47,block1_Kt22,32,6,22,2,4,22,2,0,6,0,8,1,8,1
46,47,block1_Kt22,32,6,23,3,4,23,2,0,7,0,8,1,8,1
46,47,block1_Kt22,32,5,24,2,3,24,3,0,0,0,8,1,8,1
46,47,block1_Kt22,32,5,25,3,3,25,3,0,1,0,8,1,8,1
46,47,block1_Kt22,32,5,26,2,2,26,3,0,2,0,8,1,8,1
46,47,block1_Kt22,32,5,27,3,2,27,3,0,3,0,8,1,8,1
46,47,block1_Kt22,32,4,28,2,1,28,3,0,4,0,8,1,8,1
46,47,block1_Kt22,32,4,29,3,1,29,3,0,5,0,8,1,8,1
46,47,block1_Kt22,32,4,30,2,0,30,3,0,6,0,8,1,8,1
46,47,block1_Kt22,32,4,31,3,0,31,3,0,7,0,8,1,8,1
46,47,block1_Kt22,32,8,32,4,0,32,4,0,0,0,8,1,8,1
46,47,block1_Kt22,32,8,33,5,0,33,4,0,1,0,8,1,8,1
46,47,block1_Kt22,32,8,34,4,1,34,4,0,2,0,8,1,8,1
46,47,block1_Kt22,32,8,35,5,1,35,4,0,3,0,8,1,8,1
46,47,block1_Kt22,32,9,36,4,2,36,4,0,4,0,8,1,8,1
46,47,block1_Kt22,32,9,37,5,2,37,4,0,5,0,8,1,8,1
46,47,block1_Kt22,32,9,38,4,3,38,4,0,6,0,8,1,8,1
46,47,block1_Kt22,32,9,39,5,3,39,4,0,7,0,8,1,8,1
46,47,block1_Kt22,32,10,40,4,4,40,5,0,0,0,8,1,8,1
46,47,block1_Kt22,32,10,41,5,4,41,5,0,1,0,8,1,8,1
46,47,block1_Kt22,32,10,42,4,5,42,5,0,2,0,8,1,8,1
46,47,block1_Kt22,32,10,43,5,5,43,5,0,3,0,8,1,8,1
46,47,block1_Kt22,32,11,44,4,6,44,5,0,4,0,8,1,8,1
46,47,block1_Kt22,32,11,45,5,6,45,5,0,5,0,8,1,8,1
46,47,block1_Kt22,32,11,46,4,7,46,5,0,6,0,8,1,8,1
46,47,block1_Kt22,32,11,47,5,7,47,5,0,7,0,8,1,8,1
46,47,block1_Kt22,32,15,48,6,7,48,6,0,0,0,8,1,8,1
46,47,block1_Kt22,32,15,49,7,7,49,6,0,1,0,8,1,8,1
46,47,block1_Kt22,32,15,50,6,6,50,6,0,2,0,8,1,8,1
46,47,block1_Kt22,32,15,51,7,6,51,6,0,3,0,8,1,8,1
46,47,block1_Kt22,32,14,52,6,5,52,6,0,4,0,8,1,8,1
46,47,block1_Kt22,32,14,53,7,5,53,6,0,5,0,8,1,8,1
46,47,block1_Kt22,32,14,54,6,4,54,6,0,6,0,8,1,8,1
46,47,block1_Kt22,32,14,55,7,4,55,6,0,7,0,8,1,8,1
46,47,block1_Kt22,32,13,56,6,3,56,7,0,0,0,8,1,8,1
46,47,block1_Kt22,32,13,57,7,3,57,7,0,1,0,8,1,8,1
46,47,block1_Kt22,32,13,58,6,2,58,7,0,2,0,8,1,8,1
46,47,block1_Kt22,32,13,59,7,2,59,7,0,3,0,8,1,8,1
46,47,block1_Kt22,32,12,60,6,1,60,7,0,4,0,8,1,8,1
46,47,block1_Kt22,32,12,61,7,1,61,7,0,5,0,8,1,8,1
46,47,block1_Kt22,32,12,62,6,0,62,7,0,6,0,8,1,8,1
46,47,block1_Kt22,32,12,63,7,0,63,7,0,7,0,8,1,8,1
47,48,block1_K23,32,0,0,0,0,0,0,0,0,0,8,8,1,1
47,48,block1_K23,32,0,1,1,0,8,1,0,0,0,8,8,1,1
47,48,block1_K23,32,0,2,0,1,16,2,0,0,0,8,8,1,1
47,48,block1_K23,32,0,3,1,1,24,3,0,0,0,8,8,1,1
47,48,block1_K23,32,1,4,0,2,32,4,0,0,0,8,8,1,1
47,48,block1_K23,32,1,5,1,2,40,5,0,0,0,8,8,1,1
47,48,block1_K23,32,1,6,0,3,48,6,0,0,0,8,8,1,1
47,48,block1_K23,32,1,7,1,3,56,7,0,0,0,8,8,1,1
47,48,block1_K23,32,2,8,0,4,1,0,1,0,0,8,8,1,1
47,48,block1_K23,32,2,9,1,4,9,1,1,0,0,8,8,1,1
47,48,block1_K23,32,2,10,0,5,17,2,1,0,0,8,8,1,1
47,48,block1_K23,32,2,11,1,5,25,3,1,0,0,8,8,1,1
47,48,block1_K23,32,3,12,0,6,33,4,1,0,0,8,8,1,1
47,48,block1_K23,32,3,13,1,6,41,5,1,0,0,8,8,1,1
47,48,block1_K23,32,3,14,0,7,49,6,1,0,0,8,8,1,1
47,48,block1_K23,32,3,15,1,7,57,7,1,0,0,8,8,1,1
47,48,block1_K23,32,7,16,2,7,2,0,2,0,0,8,8,1,1
47,48,block1_K23,32,7,17,3,7,10,1,2,0,0,8,8,1,1
47,48,block1_K23,32,7,18,2,6,18,2,2,0,0,8,8,1,1
47,48,block1_K23,32,7,19,3,6,26,3,2,0,0,8,8,1,1
47,48,block1_K23,32,6,20,2,5,34,4,2,0,0,8,8,1,1
47,48,block1_K23,32,6,21,3,5,42,5,2,0,0,8,8,1,1
47,48,block1_K23,32,6,22,2,4,50,6,2,0,0,8,8,1,1
47,48,block1_K23,32,6,23,3,4,58,7,2,0,0,8,8,1,1
47,48,block1_K23,32,5,24,2,3,3,0,3,0,0,8,8,1,1
47,48,block1_K23,32,5,25,3,3,11,1,3,0,0,8,8,1,1
47,48,block1_K23,32,5,26,2,2,19,2,3,0,0,8,8,1,1
47,48,block1_K23,32,5,27,3,2,27,3,3,0,0,8,8,1,1
47,48,block1_K23,32,4,28,2,1,35,4,3,0,0,8,8,1,1
47,48,block1_K23,32,4,29,3,1,43,5,3,0,0,8,8,1,1
47,48,block1_K23,32,4,30,2,0,51,6,3,0,0,8,8,1,1
47,48,block1_K23,32,4,31,3,0,59,7,3,0,0,8,8,1,1
47,48,block1_K23,32,8,32,4,0,4,0,4,0,0,8,8,1,1
47,48,block1_K23,32,8,33,5,0,12,1,4,0,0,8,8,1,1
47,48,block1_K23,32,8,34,4,1,20,2,4,0,0,8,8,1,1
47,48,block1_K23,32,8,35,5,1,28,3,4,0,0,8,8,1,1
47,48,block1_K23,32,9,36,4,2,36,4,4,0,0,8,8,1,1
47,48,block1_K23,32,9,37,5,2,44,5,4,0,0,8,8,1,1
47,48,block1_K23,32,9,38,4,3,52,6,4,0,0,8,8,1,1
47,48,block1_K23,32,9,39,5,3,60,7,4,0,0,8,8,1,1
47,48,block1_K23,32,10,40,4,4,5,0,5,0,0,8,8,1,1
47,48,block1_K23,32,10,41,5,4,13,1,5,0,0,8,8,1,1
47,48,block1_K23,32,10,42,4,5,21,2,5,0,0,8,8,1,1
47,48,block1_K23,32,10,43,5,5,29,3,5,0,0,8,8,1,1
47,48,block1_K23,32,11,44,4,6,37,4,5,0,0,8,8,1,1
47,48,block1_K23,32,11,45,5,6,45,5,5,0,0,8,8,1,1
47,48,block1_K23,32,11,46,4,7,53,6,5,0,0,8,8,1,1
47,48,block1_K23,32,11,47,5,7,61,7,5,0,0,8,8,1,1
47,48,block1_K23,32,15,48,6,7,6,0,6,0,0,8,8,1,1
47,48,block1_K23,32,15,49,7,7,14,1,6,0,0,8,8,1,1
47,48,block1_K23,32,15,50,6,6,22,2,6,0,0,8,8,1,1
47,48,block1_K23,32,15,51,7,6,30,3,6,0,0,8,8,1,1
47,48,block1_K23,32,14,52,6,5,38,4,6,0,0,8,8,1,1
47,48,block1_K23,32,14,53,7,5,46,5,6,0,0,8,8,1,1
47,48,block1_K23,32,14,54,6,4,54,6,6,0,0,8,8,1,1
47,48,block1_K23,32,14,55,7,4,62,7,6,0,0,8,8,1,1
47,48,block1_K23,32,13,56,6,3,7,0,7,0,0,8,8,1,1
47,48,block1_K23,32,13,57,7,3,15,1,7,0,0,8,8,1,1
47,48,block1_K23,32,13,58,6,2,23,2,7,0,0,8,8,1,1
47,48,block1_K23,32,13,59,7,2,31,3,7,0,0,8,8,1,1
47,48,block1_K23,32,12,60,6,1,39,4,7,0,0,8,8,1,1
47,48,block1_K23,32,12,61,7,1,47,5,7,0,0,8,8,1,1
47,48,block1_K23,32,12,62,6,0,55,6,7,0,0,8,8,1,1
47,48,block1_K23,32,12,63,7,0,63,7,7,0,0,8,8,1,1
48,49,block1_Kt23,32,0,0,0,0,0,0,0,0,0,8,1,8,1
48,49,block1_Kt23,32,0,1,1,0,1,0,0,1,0,8,1,8,1
48,49,block1_Kt23,32,0,2,0,1,2,0,0,2,0,8,1,8,1
48,49,block1_Kt23,32,0,3,1,1,3,0,0,3,0,8,1,8,1
48,49,block1_Kt23,32,1,4,0,2,4,0,0,4,0,8,1,8,1
48,49,block1_Kt23,32,1,5,1,2,5,0,0,5,0,8,1,8,1
48,49,block1_Kt23,32,1,6,0,3,6,0,0,6,0,8,1,8,1
48,49,block1_Kt23,32,1,7,1,3,7,0,0,7,0,8,1,8,1
48,49,block1_Kt23,32,2,8,0,4,8,1,0,0,0,8,1,8,1
48,49,block1_Kt23,32,2,9,1,4,9,1,0,1,0,8,1,8,1
48,49,block1_Kt23,32,2,10,0,5,10,1,0,2,0,8,1,8,1
48,49,block1_Kt23,32,2,11,1,5,11,1,0,3,0,8,1,8,1
48,49,block1_Kt23,32,3,12,0,6,12,1,0,4,0,8,1,8,1
48,49,block1_Kt23,32,3,13,1,6,13,1,0,5,0,8,1,8,1
48,49,block1_Kt23,32,3,14,0,7,14,1,0,6,0,8,1,8,1
48,49,block1_Kt23,32,3,15,1,7,15,1,0,7,0,8,1,8,1
48,49,block1_Kt23,32,7,16,2,7,16,2,0,0,0,8,1,8,1
48,49,block1_Kt23,32,7,17,3,7,17,2,0,1,0,8,1,8,1
48,49,block1_Kt23,32,7,18,2,6,18,2,0,2,0,8,1,8,1
48,49,block1_Kt23,32,7,19,3,6,19,2,0,3,0,8,1,8,1
48,49,block1_Kt23,32,6,20,2,5,20,2,0,4,0,8,1,8,1
48,49,block1_Kt23,32,6,21,3,5,21,2,0,5,0,8,1,8,1
48,49,block1_Kt23,32,6,22,2,4,22,2,0,6,0,8,1,8,1
48,49,block1_Kt23,32,6,23,3,4,23,2,0,7,0,8,1,8,1
48,49,block1_Kt23,32,5,24,2,3,24,3,0,0,0,8,1,8,1
48,49,block1_Kt23,32,5,25,3,3,25,3,0,1,0,8,1,8,1
48,49,block1_Kt23,32,5,26,2,2,26,3,0,2,0,8,1,8,1
48,49,block1_Kt23,32,5,27,3,2,27,3,0,3,0,8,1,8,1
48,49,block1_Kt23,32,4,28,2,1,28,3,0,4,0,8,1,8,1
48,49,block1_Kt23,32,4,29,3,1,29,3,0,5,0,8,1,8,1
48,49,block1_Kt23,32,4,30,2,0,30,3,0,6,0,8,1,8,1
48,49,block1_Kt23,32,4,31,3,0,31,3,0,7,0,8,1,8,1
48,49,block1_Kt23,32,8,32,4,0,32,4,0,0,0,8,1,8,1
48,49,block1_Kt23,32,8,33,5,0,33,4,0,1,0,8,1,8,1
48,49,block1_Kt23,32,8,34,4,1,34,4,0,2,0,8,1,8,1
48,49,block1_Kt23,32,8,35,5,1,35,4,0,3,0,8,1,8,1
48,49,block1_Kt23,32,9,36,4,2,36,4,0,4,0,8,1,8,1
48,49,block1_Kt23,32,9,37,5,2,37,4,0,5,0,8,1,8,1
48,49,block1_Kt23,32,9,38,4,3,38,4,0,6,0,8,1,8,1
48,49,block1_Kt23,32,9,39,5,3,39,4,0,7,0,8,1,8,1
48,49,block1_Kt23,32,10,40,4,4,40,5,0,0,0,8,1,8,1
48,49,block1_Kt23,32,10,41,5,4,41,5,0,1,0,8,1,8,1
48,49,block1_Kt23,32,10,42,4,5,42,5,0,2,0,8,1,8,1
48,49,block1_Kt23,32,10,43,5,5,43,5,0,3,0,8,1,8,1
48,49,block1_Kt23,32,11,44,4,6,44,5,0,4,0,8,1,8,1
48,49,block1_Kt23,32,11,45,5,6,45,5,0,5,0,8,1,8,1
48,49,block1_Kt23,32,11,46,4,7,46,5,0,6,0,8,1,8,1
48,49,block1_Kt23,32,11,47,5,7,47,5,0,7,0,8,1,8,1
48,49,block1_Kt23,32,15,48,6,7,48,6,0,0,0,8,1,8,1
48,49,block1_Kt23,32,15,49,7,7,49,6,0,1,0,8,1,8,1
48,49,block1_Kt23,32,15,50,6,6,50,6,0,2,0,8,1,8,1
48,49,block1_Kt23,32,15,51,7,6,51,6,0,3,0,8,1,8,1
48,49,block1_Kt23,32,14,52,6,5,52,6,0,4,0,8,1,8,1
48,49,block1_Kt23,32,14,53,7,5,53,6,0,5,0,8,1,8,1
48,49,block1_Kt23,32,14,54,6,4,54,6,0,6,0,8,1,8,1
48,49,block1_Kt23,32,14,55,7,4,55,6,0,7,0,8,1,8,1
48,49,block1_Kt23,32,13,56,6,3,56,7,0,0,0,8,1,8,1
48,49,block1_Kt23,32,13,57,7,3,57,7,0,1,0,8,1,8,1
48,49,block1_Kt23,32,13,58,6,2,58,7,0,2,0,8,1,8,1
48,49,block1_Kt23,32,13,59,7,2,59,7,0,3,0,8,1,8,1
48,49,block1_Kt23,32,12,60,6,1,60,7,0,4,0,8,1,8,1
48,49,block1_Kt23,32,12,61,7,1,61,7,0,5,0,8,1,8,1
48,49,block1_Kt23,32,12,62,6,0,62,7,0,6,0,8,1,8,1
48,49,block1_Kt23,32,12,63,7,0,63,7,0,7,0,8,1,8,1
49,50,block1_K24,32,0,0,0,0,0,0,0,0,0,8,8,1,1
49,50,block1_K24,32,0,1,1,0,8,1,0,0,0,8,8,1,1
49,50,block1_K24,32,0,2,0,1,16,2,0,0,0,8,8,1,1
49,50,block1_K24,32,0,3,1,1,24,3,0,0,0,8,8,1,1
49,50,block1_K24,32,1,4,0,2,32,4,0,0,0,8,8,1,1
49,50,block1_K24,32,1,5,1,2,40,5,0,0,0,8,8,1,1
49,50,block1_K24,32,1,6,0,3,48,6,0,0,0,8,8,1,1
49,50,block1_K24,32,1,7,1,3,56,7,0,0,0,8,8,1,1
49,50,block1_K24,32,2,8,0,4,1,0,1,0,0,8,8,1,1
49,50,block1_K24,32,2,9,1,4,9,1,1,0,0,8,8,1,1
49,50,block1_K24,32,2,10,0,5,17,2,1,0,0,8,8,1,1
49,50,block1_K24,32,2,11,1,5,25,3,1,0,0,8,8,1,1
49,50,block1_K24,32,3,12,0,6,33,4,1,0,0,8,8,1,1
49,50,block1_K24,32,3,13,1,6,41,5,1,0,0,8,8,1,1
49,50,block1_K24,32,3,14,0,7,49,6,1,0,0,8,8,1,1
49,50,block1_K24,32,3,15,1,7,57,7,1,0,0,8,8,1,1
49,50,block1_K24,32,7,16,2,7,2,0,2,0,0,8,8,1,1
49,50,block1_K24,32,7,17,3,7,10,1,2,0,0,8,8,1,1
49,50,block1_K24,32,7,18,2,6,18,2,2,0,0,8,8,1,1
49,50,block1_K24,32,7,19,3,6,26,3,2,0,0,8,8,1,1
49,50,block1_K24,32,6,20,2,5,34,4,2,0,0,8,8,1,1
49,50,block1_K24,32,6,21,3,5,42,5,2,0,0,8,8,1,1
49,50,block1_K24,32,6,22,2,4,50,6,2,0,0,8,8,1,1
49,50,block1_K24,32,6,23,3,4,58,7,2,0,0,8,8,1,1
49,50,block1_K24,32,5,24,2,3,3,0,3,0,0,8,8,1,1
49,50,block1_K24,32,5,25,3,3,11,1,3,0,0,8,8,1,1
49,50,block1_K24,32,5,26,2,2,19,2,3,0,0,8,8,1,1
49,50,block1_K24,32,5,27,3,2,27,3,3,0,0,8,8,1,1
49,50,block1_K24,32,4,28,2,1,35,4,3,0,0,8,8,1,1
49,50,block1_K24,32,4,29,3,1,43,5,3,0,0,8,8,1,1
49,50,block1_K24,32,4,30,2,0,51,6,3,0,0,8,8,1,1
49,50,block1_K24,32,4,31,3,0,59,7,3,0,0,8,8,1,1
49,50,block1_K24,32,8,32,4,0,4,0,4,0,0,8,8,1,1
49,50,block1_K24,32,8,33,5,0,12,1,4,0,0,8,8,1,1
49,50,block1_K24,32,8,34,4,1,20,2,4,0,0,8,8,1,1
49,50,block1_K24,32,8,35,5,1,28,3,4,0,0,8,8,1,1
49,50,block1_K24,32,9,36,4,2,36,4,4,0,0,8,8,1,1
49,50,block1_K24,32,9,37,5,2,44,5,4,0,0,8,8,1,1
49,50,block1_K24,32,9,38,4,3,52,6,4,0,0,8,8,1,1
49,50,block1_K24,32,9,39,5,3,60,7,4,0,0,8,8,1,1
49,50,block1_K24,32,10,40,4,4,5,0,5,0,0,8,8,1,1
49,50,block1_K24,32,10,41,5,4,13,1,5,0,0,8,8,1,1
49,50,block1_K24,32,10,42,4,5,21,2,5,0,0,8,8,1,1
49,50,block1_K24,32,10,43,5,5,29,3,5,0,0,8,8,1,1
49,50,block1_K24,32,11,44,4,6,37,4,5,0,0,8,8,1,1
49,50,block1_K24,32,11,45,5,6,45,5,5,0,0,8,8,1,1
49,50,block1_K24,32,11,46,4,7,53,6,5,0,0,8,8,1,1
49,50,block1_K24,32,11,47,5,7,61,7,5,0,0,8,8,1,1
49,50,block1_K24,32,15,48,6,7,6,0,6,0,0,8,8,1,1
49,50,block1_K24,32,15,49,7,7,14,1,6,0,0,8,8,1,1
49,50,block1_K24,32,15,50,6,6,22,2,6,0,0,8,8,1,1
49,50,block1_K24,32,15,51,7,6,30,3,6,0,0,8,8,1,1
49,50,block1_K24,32,14,52,6,5,38,4,6,0,0,8,8,1,1
49,50,block1_K24,32,14,53,7,5,46,5,6,0,0,8,8,1,1
49,50,block1_K24,32,14,54,6,4,54,6,6,0,0,8,8,1,1
49,50,block1_K24,32,14,55,7,4,62,7,6,0,0,8,8,1,1
49,50,block1_K24,32,13,56,6,3,7,0,7,0,0,8,8,1,1
49,50,block1_K24,32,13,57,7,3,15,1,7,0,0,8,8,1,1
49,50,block1_K24,32,13,58,6,2,23,2,7,0,0,8,8,1,1
49,50,block1_K24,32,13,59,7,2,31,3,7,0,0,8,8,1,1
49,50,block1_K24,32,12,60,6,1,39,4,7,0,0,8,8,1,1
49,50,block1_K24,32,12,61,7,1,47,5,7,0,0,8,8,1,1
49,50,block1_K24,32,12,62,6,0,55,6,7,0,0,8,8,1,1
49,50,block1_K24,32,12,63,7,0,63,7,7,0,0,8,8,1,1
50,51,block1_Kt24,32,0,0,0,0,0,0,0,0,0,8,1,8,1
50,51,block1_Kt24,32,0,1,1,0,1,0,0,1,0,8,1,8,1
50,51,block1_Kt24,32,0,2,0,1,2,0,0,2,0,8,1,8,1
50,51,block1_Kt24,32,0,3,1,1,3,0,0,3,0,8,1,8,1
50,51,block1_Kt24,32,1,4,0,2,4,0,0,4,0,8,1,8,1
50,51,block1_Kt24,32,1,5,1,2,5,0,0,5,0,8,1,8,1
50,51,block1_Kt24,32,1,6,0,3,6,0,0,6,0,8,1,8,1
50,51,block1_Kt24,32,1,7,1,3,7,0,0,7,0,8,1,8,1
50,51,block1_Kt24,32,2,8,0,4,8,1,0,0,0,8,1,8,1
50,51,block1_Kt24,32,2,9,1,4,9,1,0,1,0,8,1,8,1
50,51,block1_Kt24,32,2,10,0,5,10,1,0,2,0,8,1,8,1
50,51,block1_Kt24,32,2,11,1,5,11,1,0,3,0,8,1,8,1
50,51,block1_Kt24,32,3,12,0,6,12,1,0,4,0,8,1,8,1
50,51,block1_Kt24,32,3,13,1,6,13,1,0,5,0,8,1,8,1
50,51,block1_Kt24,32,3,14,0,7,14,1,0,6,0,8,1,8,1
50,51,block1_Kt24,32,3,15,1,7,15,1,0,7,0,8,1,8,1
50,51,block1_Kt24,32,7,16,2,7,16,2,0,0,0,8,1,8,1
50,51,block1_Kt24,32,7,17,3,7,17,2,0,1,0,8,1,8,1
50,51,block1_Kt24,32,7,18,2,6,18,2,0,2,0,8,1,8,1
50,51,block1_Kt24,32,7,19,3,6,19,2,0,3,0,8,1,8,1
50,51,block1_Kt24,32,6,20,2,5,20,2,0,4,0,8,1,8,1
50,51,block1_Kt24,32,6,21,3,5,21,2,0,5,0,8,1,8,1
50,51,block1_Kt24,32,6,22,2,4,22,2,0,6,0,8,1,8,1
50,51,block1_Kt24,32,6,23,3,4,23,2,0,7,0,8,1,8,1
50,51,block1_Kt24,32,5,24,2,3,24,3,0,0,0,8,1,8,1
50,51,block1_Kt24,32,5,25,3,3,25,3,0,1,0,8,1,8,1
50,51,block1_Kt24,32,5,26,2,2,26,3,0,2,0,8,1,8,1
50,51,block1_Kt24,32,5,27,3,2,27,3,0,3,0,8,1,8,1
50,51,block1_Kt24,32,4,28,2,1,28,3,0,4,0,8,1,8,1
50,51,block1_Kt24,32,4,29,3,1,29,3,0,5,0,8,1,8,1
50,51,block1_Kt24,32,4,30,2,0,30,3,0,6,0,8,1,8,1
50,51,block1_Kt24,32,4,31,3,0,31,3,0,7,0,8,1,8,1
50,51,block1_Kt24,32,8,32,4,0,32,4,0,0,0,8,1,8,1
50,51,block1_Kt24,32,8,33,5,0,33,4,0,1,0,8,1,8,1
50,51,block1_Kt24,32,8,34,4,1,34,4,0,2,0,8,1,8,1
50,51,block1_Kt24,32,8,35,5,1,35,4,0,3,0,8,1,8,1
50,51,block1_Kt24,32,9,36,4,2,36,4,0,4,0,8,1,8,1
50,51,block1_Kt24,32,9,37,5,2,37,4,0,5,0,8,1,8,1
50,51,block1_Kt24,32,9,38,4,3,38,4,0,6,0,8,1,8,1
50,51,block1_Kt24,32,9,39,5,3,39,4,0,7,0,8,1,8,1
50,51,block1_Kt24,32,10,40,4,4,40,5,0,0,0,8,1,8,1
50,51,block1_Kt24,32,10,41,5,4,41,5,0,1,0,8,1,8,1
50,51,block1_Kt24,32,10,42,4,5,42,5,0,2,0,8,1,8,1
50,51,block1_Kt24,32,10,43,5,5,43,5,0,3,0,8,1,8,1
50,51,block1_Kt24,32,11,44,4,6,44,5,0,4,0,8,1,8,1
50,51,block1_Kt24,32,11,45,5,6,45,5,0,5,0,8,1,8,1
50,51,block1_Kt24,32,11,46,4,7,46,5,0,6,0,8,1,8,1
50,51,block1_Kt24,32,11,47,5,7,47,5,0,7,0,8,1,8,1
50,51,block1_Kt24,32,15,48,6,7,48,6,0,0,0,8,1,8,1
50,51,block1_Kt24,32,15,49,7,7,49,6,0,1,0,8,1,8,1
50,51,block1_Kt24,32,15,50,6,6,50,6,0,2,0,8,1,8,1
50,51,block1_Kt24,32,15,51,7,6,51,6,0,3,0,8,1,8,1
50,51,block1_Kt24,32,14,52,6,5,52,6,0,4,0,8,1,8,1
50,51,block1_Kt24,32,14,53,7,5,53,6,0,5,0,8,1,8,1
50,51,block1_Kt24,32,14,54,6,4,54,6,0,6,0,8,1,8,1
50,51,block1_Kt24,32,14,55,7,4,55,6,0,7,0,8,1,8,1
50,51,block1_Kt24,32,13,56,6,3,56,7,0,0,0,8,1,8,1
50,51,block1_Kt24,32,13,57,7,3,57,7,0,1,0,8,1,8,1
50,51,block1_Kt24,32,13,58,6,2,58,7,0,2,0,8,1,8,1
50,51,block1_Kt24,32,13,59,7,2,59,7,0,3,0,8,1,8,1
50,51,block1_Kt24,32,12,60,6,1,60,7,0,4,0,8,1,8,1
50,51,block1_Kt24,32,12,61,7,1,61,7,0,5,0,8,1,8,1
50,51,block1_Kt24,32,12,62,6,0,62,7,0,6,0,8,1,8,1
50,51,block1_Kt24,32,12,63,7,0,63,7,0,7,0,8,1,8,1
51,53,block1_V,4,0,0,0,0,2,0,2,0,0,1,10,1,1
51,52,block1_K,4,0,1,1,0,37,1,1,1,0,2,3,9,1
51,52,block1_K,4,0,2,0,1,22,0,2,4,0,2,3,9,1
51,52,block1_K,4,0,3,1,1,38,1,1,2,0,2,3,9,1
51,52,block1_K,4,1,4,0,2,1,0,0,1,0,2,3,9,1
51,53,block1_V,4,1,5,1,2,8,0,8,0,0,1,10,1,1
51,52,block1_K,4,1,6,0,3,6,0,0,6,0,2,3,9,1
51,52,block1_K,4,1,7,1,3,30,1,0,3,0,2,3,9,1
51,53,block1_V,4,2,8,0,4,0,0,0,0,0,1,10,1,1
51,52,block1_K,4,2,9,1,4,4,0,0,4,0,2,3,9,1
51,52,block1_K,4,2,10,0,5,46,1,2,1,0,2,3,9,1
51,52,block1_K,4,2,11,1,5,23,0,2,5,0,2,3,9,1
51,52,block1_K,4,3,12,0,6,0,0,0,0,0,2,3,9,1
51,52,block1_K,4,3,13,1,6,27,1,0,0,0,2,3,9,1
51,53,block1_V,4,3,14,0,7,3,0,3,0,0,1,10,1,1
51,52,block1_K,4,3,15,1,7,15,0,1,6,0,2,3,9,1
51,52,block1_K,4,7,16,2,7,26,0,2,8,0,2,3,9,1
51,52,block1_K,4,7,17,3,7,49,1,2,4,0,2,3,9,1
51,52,block1_K,4,7,18,2,6,21,0,2,3,0,2,3,9,1
51,52,block1_K,4,7,19,3,6,44,1,1,8,0,2,3,9,1
51,52,block1_K,4,6,20,2,5,24,0,2,6,0,2,3,9,1
51,53,block1_V,4,6,21,3,5,4,0,4,0,0,1,10,1,1
51,52,block1_K,4,6,22,2,4,48,1,2,3,0,2,3,9,1
51,52,block1_K,4,6,23,3,4,42,1,1,6,0,2,3,9,1
51,52,block1_K,4,5,24,2,3,7,0,0,7,0,2,3,9,1
51,52,block1_K,4,5,25,3,3,11,0,1,2,0,2,3,9,1
51,52,block1_K,4,5,26,2,2,45,1,2,0,0,2,3,9,1
51,52,block1_K,4,5,27,3,2,3,0,0,3,0,2,3,9,1
51,52,block1_K,4,4,28,2,1,28,1,0,1,0,2,3,9,1
51,52,block1_K,4,4,29,3,1,14,0,1,5,0,2,3,9,1
51,52,block1_K,4,4,30,2,0,9,0,1,0,0,2,3,9,1
51,52,block1_K,4,4,31,3,0,25,0,2,7,0,2,3,9,1
51,52,block1_K,4,8,32,4,0,52,1,2,7,0,2,3,9,1
51,52,block1_K,4,8,33,5,0,12,0,1,3,0,2,3,9,1
51,52,block1_K,4,8,34,4,1,13,0,1,4,0,2,3,9,1
51,52,block1_K,4,8,35,5,1,29,1,0,2,0,2,3,9,1
51,53,block1_V,4,9,36,4,2,5,0,5,0,0,1,10,1,1
51,52,block1_K,4,9,37,5,2,31,1,0,4,0,2,3,9,1
51,52,block1_K,4,9,38,4,3,16,0,1,7,0,2,3,9,1
51,52,block1_K,4,9,39,5,3,51,1,2,6,0,2,3,9,1
51,52,block1_K,4,10,40,4,4,20,0,2,2,0,2,3,9,1
51,52,block1_K,4,10,41,5,4,8,0,0,8,0,2,3,9,1
51,52,block1_K,4,10,42,4,5,41,1,1,5,0,2,3,9,1
51,52,block1_K,4,10,43,5,5,33,1,0,6,0,2,3,9,1
51,52,block1_K,4,11,44,4,6,47,1,2,2,0,2,3,9,1
51,52,block1_K,4,11,45,5,6,5,0,0,5,0,2,3,9,1
51,52,block1_K,4,11,46,4,7,43,1,1,7,0,2,3,9,1
51,52,block1_K,4,11,47,5,7,53,1,2,8,0,2,3,9,1
51,53,block1_V,4,15,48,6,7,1,0,1,0,0,1,10,1,1
51,52,block1_K,4,15,49,7,7,35,1,0,8,0,2,3,9,1
51,53,block1_V,4,15,50,6,6,9,0,9,0,0,1,10,1,1
51,52,block1_K,4,15,51,7,6,18,0,2,0,0,2,3,9,1
51,52,block1_K,4,14,52,6,5,39,1,1,3,0,2,3,9,1
51,52,block1_K,4,14,53,7,5,34,1,0,7,0,2,3,9,1
51,52,block1_K,4,14,54,6,4,32,1,0,5,0,2,3,9,1
51,52,block1_K,4,14,55,7,4,17,0,1,8,0,2,3,9,1
51,52,block1_K,4,13,56,6,3,40,1,1,4,0,2,3,9,1
51,52,block1_K,4,13,57,7,3,36,1,1,0,0,2,3,9,1
51,53,block1_V,4,13,58,6,2,6,0,6,0,0,1,10,1,1
51,53,block1_V,4,13,59,7,2,7,0,7,0,0,1,10,1,1
51,52,block1_K,4,12,60,6,1,10,0,1,1,0,2,3,9,1
51,52,block1_K,4,12,61,7,1,50,1,2,5,0,2,3,9,1
51,52,block1_K,4,12,62,6,0,19,0,2,1,0,2,3,9,1
51,52,block1_K,4,12,63,7,0,2,0,0,2,0,2,3,9,1
52,55,block1_Vt2,1,0,0,0,0,11,0,11,0,0,1,41,1,1
52,55,block1_Vt2,1,0,1,1,0,32,0,32,0,0,1,41,1,1
52,56,block1_QK,1,0,2,0,1,7,0,7,0,0,1,8,1,1
52,58,block1_QKV,1,0,3,1,1,3,0,3,0,0,1,10,1,1
52,55,block1_Vt2,1,1,4,0,2,25,0,25,0,0,1,41,1,1
52,55,block1_Vt2,1,1,5,1,2,34,0,34,0,0,1,41,1,1
52,55,block1_Vt2,1,1,6,0,3,2,0,2,0,0,1,41,1,1
52,55,block1_Vt2,1,1,7,1,3,26,0,26,0,0,1,41,1,1
52,55,block1_Vt2,1,2,8,0,4,20,0,20,0,0,1,41,1,1
52,55,block1_Vt2,1,2,9,1,4,23,0,23,0,0,1,41,1,1
52,55,block1_Vt2,1,2,10,0,5,16,0,16,0,0,1,41,1,1
52,55,block1_Vt2,1,2,11,1,5,13,0,13,0,0,1,41,1,1
52,55,block1_Vt2,1,3,12,0,6,35,0,35,0,0,1,41,1,1
52,56,block1_QK,1,3,13,1,6,4,0,4,0,0,1,8,1,1
52,56,block1_QK,1,3,14,0,7,3,0,3,0,0,1,8,1,1
52,55,block1_Vt2,1,3,15,1,7,27,0,27,0,0,1,41,1,1
52,58,block1_QKV,1,7,16,2,7,8,0,8,0,0,1,10,1,1
52,58,block1_QKV,1,7,17,3,7,2,0,2,0,0,1,10,1,1
52,58,block1_QKV,1,7,18,2,6,7,0,7,0,0,1,10,1,1
52,55,block1_Vt2,1,7,19,3,6,36,0,36,0,0,1,41,1,1
52,55,block1_Vt2,1,6,20,2,5,40,0,40,0,0,1,41,1,1
52,58,block1_QKV,1,6,21,3,5,9,0,9,0,0,1,10,1,1
52,58,block1_QKV,1,6,22,2,4,0,0,0,0,0,1,10,1,1
52,55,block1_Vt2,1,6,23,3,4,1,0,1,0,0,1,41,1,1
52,55,block1_Vt2,1,5,24,2,3,28,0,28,0,0,1,41,1,1
52,55,block1_Vt2,1,5,25,3,3,39,0,39,0,0,1,41,1,1
52,55,block1_Vt2,1,5,26,2,2,17,0,17,0,0,1,41,1,1
52,55,block1_Vt2,1,5,27,3,2,38,0,38,0,0,1,41,1,1
52,58,block1_QKV,1,4,28,2,1,4,0,4,0,0,1,10,1,1
52,55,block1_Vt2,1,4,29,3,1,9,0,9,0,0,1,41,1,1
52,55,block1_Vt2,1,4,30,2,0,4,0,4,0,0,1,41,1,1
52,55,block1_Vt2,1,4,31,3,0,12,0,12,0,0,1,41,1,1
52,55,block1_Vt2,1,8,32,4,0,7,0,7,0,0,1,41,1,1
52,54,block1_Vt1,1,8,33,5,0,0,0,0,0,0,1,1,2,1
52,55,block1_Vt2,1,8,34,4,1,0,0,0,0,0,1,41,1,1
52,57,block1_QK_elt,1,8,35,5,1,0,0,0,0,0,1,3,1,1
52,56,block1_QK,1,9,36,4,2,5,0,5,0,0,1,8,1,1
52,55,block1_Vt2,1,9,37,5,2,31,0,31,0,0,1,41,1,1
52,55,block1_Vt2,1,9,38,4,3,29,0,29,0,0,1,41,1,1
52,58,block1_QKV,1,9,39,5,3,6,0,6,0,0,1,10,1,1
52,58,block1_QKV,1,10,40,4,4,5,0,5,0,0,1,10,1,1
52,56,block1_QK,1,10,41,5,4,0,0,0,0,0,1,8,1,1
52,55,block1_Vt2,1,10,42,4,5,33,0,33,0,0,1,41,1,1
52,54,block1_Vt1,1,10,43,5,5,1,0,0,1,0,1,1,2,1
52,55,block1_Vt2,1,11,44,4,6,24,0,24,0,0,1,41,1,1
52,55,block1_Vt2,1,11,45,5,6,37,0,37,0,0,1,41,1,1
52,55,block1_Vt2,1,11,46,4,7,19,0,19,0,0,1,41,1,1
52,57,block1_QK_elt,1,11,47,5,7,2,0,2,0,0,1,3,1,1
52,55,block1_Vt2,1,15,48,6,7,6,0,6,0,0,1,41,1,1
52,55,block1_Vt2,1,15,49,7,7,3,0,3,0,0,1,41,1,1
52,58,block1_QKV,1,15,50,6,6,1,0,1,0,0,1,10,1,1
52,55,block1_Vt2,1,15,51,7,6,30,0,30,0,0,1,41,1,1
52,55,block1_Vt2,1,14,52,6,5,8,0,8,0,0,1,41,1,1
52,55,block1_Vt2,1,14,53,7,5,10,0,10,0,0,1,41,1,1
52,57,block1_QK_elt,1,14,54,6,4,1,0,1,0,0,1,3,1,1
52,56,block1_QK,1,14,55,7,4,1,0,1,0,0,1,8,1,1
52,55,block1_Vt2,1,13,56,6,3,14,0,14,0,0,1,41,1,1
52,55,block1_Vt2,1,13,57,7,3,22,0,22,0,0,1,41,1,1
52,55,block1_Vt2,1,13,58,6,2,18,0,18,0,0,1,41,1,1
52,56,block1_QK,1,13,59,7,2,2,0,2,0,0,1,8,1,1
52,56,block1_QK,1,12,60,6,1,6,0,6,0,0,1,8,1,1
52,55,block1_Vt2,1,12,61,7,1,5,0,5,0,0,1,41,1,1
52,55,block1_Vt2,1,12,62,6,0,15,0,15,0,0,1,41,1,1
52,55,block1_Vt2,1,12,63,7,0,21,0,21,0,0,1,41,1,1
53,59,block1_FC,2,0,0,0,0,0,0,0,0,0,1,64,1,1
53,59,block1_FC,2,0,1,1,0,1,0,1,0,0,1,64,1,1
53,59,block1_FC,2,0,2,0,1,2,0,2,0,0,1,64,1,1
53,59,block1_FC,2,0,3,1,1,3,0,3,0,0,1,64,1,1
53,59,block1_FC,2,1,4,0,2,4,0,4,0,0,1,64,1,1
53,59,block1_FC,2,1,5,1,2,5,0,5,0,0,1,64,1,1
53,59,block1_FC,2,1,6,0,3,6,0,6,0,0,1,64,1,1
53,59,block1_FC,2,1,7,1,3,7,0,7,0,0,1,64,1,1
53,59,block1_FC,2,2,8,0,4,8,0,8,0,0,1,64,1,1
53,59,block1_FC,2,2,9,1,4,9,0,9,0,0,1,64,1,1
53,59,block1_FC,2,2,10,0,5,10,0,10,0,0,1,64,1,1
53,59,block1_FC,2,2,11,1,5,11,0,11,0,0,1,64,1,1
53,59,block1_FC,2,3,12,0,6,12,0,12,0,0,1,64,1,1
53,59,block1_FC,2,3,13,1,6,13,0,13,0,0,1,64,1,1
53,59,block1_FC,2,3,14,0,7,14,0,14,0,0,1,64,1,1
53,59,block1_FC,2,3,15,1,7,15,0,15,0,0,1,64,1,1
53,59,block1_FC,2,7,16,2,7,16,0,16,0,0,1,64,1,1
53,59,block1_FC,2,7,17,3,7,17,0,17,0,0,1,64,1,1
53,59,block1_FC,2,7,18,2,6,18,0,18,0,0,1,64,1,1
53,59,block1_FC,2,7,19,3,6,19,0,19,0,0,1,64,1,1
53,59,block1_FC,2,6,20,2,5,20,0,20,0,0,1,64,1,1
53,59,block1_FC,2,6,21,3,5,21,0,21,0,0,1,64,1,1
53,59,block1_FC,2,6,22,2,4,22,0,22,0,0,1,64,1,1
53,59,block1_FC,2,6,23,3,4,23,0,23,0,0,1,64,1,1
53,59,block1_FC,2,5,24,2,3,24,0,24,0,0,1,64,1,1
53,59,block1_FC,2,5,25,3,3,25,0,25,0,0,1,64,1,1
53,59,block1_FC,2,5,26,2,2,26,0,26,0,0,1,64,1,1
53,59,block1_FC,2,5,27,3,2,27,0,27,0,0,1,64,1,1
53,59,block1_FC,2,4,28,2,1,28,0,28,0,0,1,64,1,1
53,59,block1_FC,2,4,29,3,1,29,0,29,0,0,1,64,1,1
53,59,block1_FC,2,4,30,2,0,30,0,30,0,0,1,64,1,1
53,59,block1_FC,2,4,31,3,0,31,0,31,0,0,1,64,1,1
53,59,block1_FC,2,8,32,4,0,32,0,32,0,0,1,64,1,1
53,59,block1_FC,2,8,33,5,0,33,0,33,0,0,1,64,1,1
53,59,block1_FC,2,8,34,4,1,34,0,34,0,0,1,64,1,1
53,59,block1_FC,2,8,35,5,1,35,0,35,0,0,1,64,1,1
53,59,block1_FC,2,9,36,4,2,36,0,36,0,0,1,64,1,1
53,59,block1_FC,2,9,37,5,2,37,0,37,0,0,1,64,1,1
53,59,block1_FC,2,9,38,4,3,38,0,38,0,0,1,64,1,1
53,59,block1_FC,2,9,39,5,3,39,0,39,0,0,1,64,1,1
53,59,block1_FC,2,10,40,4,4,40,0,40,0,0,1,64,1,1
53,59,block1_FC,2,10,41,5,4,41,0,41,0,0,1,64,1,1
53,59,block1_FC,2,10,42,4,5,42,0,42,0,0,1,64,1,1
53,59,block1_FC,2,10,43,5,5,43,0,43,0,0,1,64,1,1
53,59,block1_FC,2,11,44,4,6,44,0,44,0,0,1,64,1,1
53,59,block1_FC,2,11,45,5,6,45,0,45,0,0,1,64,1,1
53,59,block1_FC,2,11,46,4,7,46,0,46,0,0,1,64,1,1
53,59,block1_FC,2,11,47,5,7,47,0,47,0,0,1,64,1,1
53,59,block1_FC,2,15,48,6,7,48,0,48,0,0,1,64,1,1
53,59,block1_FC,2,15,49,7,7,49,0,49,0,0,1,64,1,1
53,59,block1_FC,2,15,50,6,6,50,0,50,0,0,1,64,1,1
53,59,block1_FC,2,15,51,7,6,51,0,51,0,0,1,64,1,1
53,59,block1_FC,2,14,52,6,5,52,0,52,0,0,1,64,1,1
53,59,block1_FC,2,14,53,7,5,53,0,53,0,0,1,64,1,1
53,59,block1_FC,2,14,54,6,4,54,0,54,0,0,1,64,1,1
53,59,block1_FC,2,14,55,7,4,55,0,55,0,0,1,64,1,1
53,59,block1_FC,2,13,56,6,3,56,0,56,0,0,1,64,1,1
53,59,block1_FC,2,13,57,7,3,57,0,57,0,0,1,64,1,1
53,59,block1_FC,2,13,58,6,2,58,0,58,0,0,1,64,1,1
53,59,block1_FC,2,13,59,7,2,59,0,59,0,0,1,64,1,1
53,59,block1_FC,2,12,60,6,1,60,0,60,0,0,1,64,1,1
53,59,block1_FC,2,12,61,7,1,61,0,61,0,0,1,64,1,1
53,59,block1_FC,2,12,62,6,0,62,0,62,0,0,1,64,1,1
53,59,block1_FC,2,12,63,7,0,63,0,63,0,0,1,64,1,1
54,60,block1_elt1,1,0,0,0,0,0,0,0,0,0,1,64,1,1
54,60,block1_elt1,1,0,1,1,0,1,0,1,0,0,1,64,1,1
54,60,block1_elt1,1,0,2,0,1,2,0,2,0,0,1,64,1,1
54,60,block1_elt1,1,0,3,1,1,3,0,3,0,0,1,64,1,1
54,60,block1_elt1,1,1,4,0,2,4,0,4,0,0,1,64,1,1
54,60,block1_elt1,1,1,5,1,2,5,0,5,0,0,1,64,1,1
54,60,block1_elt1,1,1,6,0,3,6,0,6,0,0,1,64,1,1
54,60,block1_elt1,1,1,7,1,3,7,0,7,0,0,1,64,1,1
54,60,block1_elt1,1,2,8,0,4,8,0,8,0,0,1,64,1,1
54,60,block1_elt1,1,2,9,1,4,9,0,9,0,0,1,64,1,1
54,60,block1_elt1,1,2,10,0,5,10,0,10,0,0,1,64,1,1
54,60,block1_elt1,1,2,11,1,5,11,0,11,0,0,1,64,1,1
54,60,block1_elt1,1,3,12,0,6,12,0,12,0,0,1,64,1,1
54,60,block1_elt1,1,3,13,1,6,13,0,13,0,0,1,64,1,1
54,60,block1_elt1,1,3,14,0,7,14,0,14,0,0,1,64,1,1
54,60,block1_elt1,1,3,15,1,7,15,0,15,0,0,1,64,1,1
54,60,block1_elt1,1,7,16,2,7,16,0,16,0,0,1,64,1,1
54,60,block1_elt1,1,7,17,3,7,17,0,17,0,0,1,64,1,1
54,60,block1_elt1,1,7,18,2,6,18,0,18,0,0,1,64,1,1
54,60,block1_elt1,1,7,19,3,6,19,0,19,0,0,1,64,1,1
54,60,block1_elt1,1,6,20,2,5,20,0,20,0,0,1,64,1,1
54,60,block1_elt1,1,6,21,3,5,21,0,21,0,0,1,64,1,1
54,60,block1_elt1,1,6,22,2,4,22,0,22,0,0,1,64,1,1
54,60,block1_elt1,1,6,23,3,4,23,0,23,0,0,1,64,1,1
54,60,block1_elt1,1,5,24,2,3,24,0,24,0,0,1,64,1,1
54,60,block1_elt1,1,5,25,3,3,25,0,25,0,0,1,64,1,1
54,60,block1_elt1,1,5,26,2,2,26,0,26,0,0,1,64,1,1
54,60,block1_elt1,1,5,27,3,2,27,0,27,0,0,1,64,1,1
54,60,block1_elt1,1,4,28,2,1,28,0,28,0,0,1,64,1,1
54,60,block1_elt1,1,4,29,3,1,29,0,29,0,0,1,64,1,1
54,60,block1_elt1,1,4,30,2,0,30,0,30,0,0,1,64,1,1
54,60,block1_elt1,1,4,31,3,0,31,0,31,0,0,1,64,1,1
54,60,block1_elt1,1,8,32,4,0,32,0,32,0,0,1,64,1,1
54,60,block1_elt1,1,8,33,5,0,33,0,33,0,0,1,64,1,1
54,60,block1_elt1,1,8,34,4,1,34,0,34,0,0,1,64,1,1
54,60,block1_elt1,1,8,35,5,1,35,0,35,0,0,1,64,1,1
54,60,block1_elt1,1,9,36,4,2,36,0,36,0,0,1,64,1,1
54,60,block1_elt1,1,9,37,5,2,37,0,37,0,0,1,64,1,1
54,60,block1_elt1,1,9,38,4,3,38,0,38,0,0,1,64,1,1
54,60,block1_elt1,1,9,39,5,3,39,0,39,0,0,1,64,1,1
54,60,block1_elt1,1,10,40,4,4,40,0,40,0,0,1,64,1,1
54,60,block1_elt1,1,10,41,5,4,41,0,41,0,0,1,64,1,1
54,60,block1_elt1,1,10,42,4,5,42,0,42,0,0,1,64,1,1
54,60,block1_elt1,1,10,43,5,5,43,0,43,0,0,1,64,1,1
54,60,block1_elt1,1,11,44,4,6,44,0,44,0,0,1,64,1,1
54,60,block1_elt1,1,11,45,5,6,45,0,45,0,0,1,64,1,1
54,60,block1_elt1,1,11,46,4,7,46,0,46,0,0,1,64,1,1
54,60,block1_elt1,1,11,47,5,7,47,0,47,0,0,1,64,1,1
54,60,block1_elt1,1,15,48,6,7,48,0,48,0,0,1,64,1,1
54,60,block1_elt1,1,15,49,7,7,49,0,49,0,0,1,64,1,1
54,60,block1_elt1,1,15,50,6,6,50,0,50,0,0,1,64,1,1
54,60,block1_elt1,1,15,51,7,6,51,0,51,0,0,1,64,1,1
54,60,block1_elt1,1,14,52,6,5,52,0,52,0,0,1,64,1,1
54,60,block1_elt1,1,14,53,7,5,53,0,53,0,0,1,64,1,1
54,60,block1_elt1,1,14,54,6,4,54,0,54,0,0,1,64,1,1
54,60,block1_elt1,1,14,55,7,4,55,0,55,0,0,1,64,1,1
54,60,block1_elt1,1,13,56,6,3,56,0,56,0,0,1,64,1,1
54,60,block1_elt1,1,13,57,7,3,57,0,57,0,0,1,64,1,1
54,60,block1_elt1,1,13,58,6,2,58,0,58,0,0,1,64,1,1
54,60,block1_elt1,1,13,59,7,2,59,0,59,0,0,1,64,1,1
54,60,block1_elt1,1,12,60,6,1,60,0,60,0,0,1,64,1,1
54,60,block1_elt1,1,12,61,7,1,61,0,61,0,0,1,64,1,1
54,60,block1_elt1,1,12,62,6,0,62,0,62,0,0,1,64,1,1
54,60,block1_elt1,1,12,63,7,0,63,0,63,0,0,1,64,1,1
55,61,block1_feedfwd1,4,0,0,0,0,0,0,0,0,0,1,64,1,1
55,61,block1_feedfwd1,4,0,1,1,0,1,0,1,0,0,1,64,1,1
55,61,block1_feedfwd1,4,0,2,0,1,2,0,2,0,0,1,64,1,1
55,61,block1_feedfwd1,4,0,3,1,1,3,0,3,0,0,1,64,1,1
55,61,block1_feedfwd1,4,1,4,0,2,4,0,4,0,0,1,64,1,1
55,61,block1_feedfwd1,4,1,5,1,2,5,0,5,0,0,1,64,1,1
55,61,block1_feedfwd1,4,1,6,0,3,6,0,6,0,0,1,64,1,1
55,61,block1_feedfwd1,4,1,7,1,3,7,0,7,0,0,1,64,1,1
55,61,block1_feedfwd1,4,2,8,0,4,8,0,8,0,0,1,64,1,1
55,61,block1_feedfwd1,4,2,9,1,4,9,0,9,0,0,1,64,1,1
55,61,block1_feedfwd1,4,2,10,0,5,10,0,10,0,0,1,64,1,1
55,61,block1_feedfwd1,4,2,11,1,5,11,0,11,0,0,1,64,1,1
55,61,block1_feedfwd1,4,3,12,0,6,12,0,12,0,0,1,64,1,1
55,61,block1_feedfwd1,4,3,13,1,6,13,0,13,0,0,1,64,1,1
55,61,block1_feedfwd1,4,3,14,0,7,14,0,14,0,0,1,64,1,1
55,61,block1_feedfwd1,4,3,15,1,7,15,0,15,0,0,1,64,1,1
55,61,block1_feedfwd1,4,7,16,2,7,16,0,16,0,0,1,64,1,1
55,61,block1_feedfwd1,4,7,17,3,7,17,0,17,0,0,1,64,1,1
55,61,block1_feedfwd1,4,7,18,2,6,18,0,18,0,0,1,64,1,1
55,61,block1_feedfwd1,4,7,19,3,6,19,0,19,0,0,1,64,1,1
55,61,block1_feedfwd1,4,6,20,2,5,20,0,20,0,0,1,64,1,1
55,61,block1_feedfwd1,4,6,21,3,5,21,0,21,0,0,1,64,1,1
55,61,block1_feedfwd1,4,6,22,2,4,22,0,22,0,0,1,64,1,1
55,61,block1_feedfwd1,4,6,23,3,4,23,0,23,0,0,1,64,1,1
55,61,block1_feedfwd1,4,5,24,2,3,24,0,24,0,0,1,64,1,1
55,61,block1_feedfwd1,4,5,25,3,3,25,0,25,0,0,1,64,1,1
55,61,block1_feedfwd1,4,5,26,2,2,26,0,26,0,0,1,64,1,1
55,61,block1_feedfwd1,4,5,27,3,2,27,0,27,0,0,1,64,1,1
55,61,block1_feedfwd1,4,4,28,2,1,28,0,28,0,0,1,64,1,1
55,61,block1_feedfwd1,4,4,29,3,1,29,0,29,0,0,1,64,1,1
55,61,block1_feedfwd1,4,4,30,2,0,30,0,30,0,0,1,64,1,1
55,61,block1_feedfwd1,4,4,31,3,0,31,0,31,0,0,1,64,1,1
55,61,block1_feedfwd1,4,8,32,4,0,32,0,32,0,0,1,64,1,1
55,61,block1_feedfwd1,4,8,33,5,0,33,0,33,0,0,1,64,1,1
55,61,block1_feedfwd1,4,8,34,4,1,34,0,34,0,0,1,64,1,1
55,61,block1_feedfwd1,4,8,35,5,1,35,0,35,0,0,1,64,1,1
55,61,block1_feedfwd1,4,9,36,4,2,36,0,36,0,0,1,64,1,1
55,61,block1_feedfwd1,4,9,37,5,2,37,0,37,0,0,1,64,1,1
55,61,block1_feedfwd1,4,9,38,4,3,38,0,38,0,0,1,64,1,1
55,61,block1_feedfwd1,4,9,39,5,3,39,0,39,0,0,1,64,1,1
55,61,block1_feedfwd1,4,10,40,4,4,40,0,40,0,0,1,64,1,1
55,61,block1_feedfwd1,4,10,41,5,4,41,0,41,0,0,1,64,1,1
55,61,block1_feedfwd1,4,10,42,4,5,42,0,42,0,0,1,64,1,1
55,61,block1_feedfwd1,4,10,43,5,5,43,0,43,0,0,1,64,1,1
55,61,block1_feedfwd1,4,11,44,4,6,44,0,44,0,0,1,64,1,1
55,61,block1_feedfwd1,4,11,45,5,6,45,0,45,0,0,1,64,1,1
55,61,block1_feedfwd1,4,11,46,4,7,46,0,46,0,0,1,64,1,1
55,61,block1_feedfwd1,4,11,47,5,7,47,0,47,0,0,1,64,1,1
55,61,block1_feedfwd1,4,15,48,6,7,48,0,48,0,0,1,64,1,1
55,61,block1_feedfwd1,4,15,49,7,7,49,0,49,0,0,1,64,1,1
55,61,block1_feedfwd1,4,15,50,6,6,50,0,50,0,0,1,64,1,1
55,61,block1_feedfwd1,4,15,51,7,6,51,0,51,0,0,1,64,1,1
55,61,block1_feedfwd1,4,14,52,6,5,52,0,52,0,0,1,64,1,1
55,61,block1_feedfwd1,4,14,53,7,5,53,0,53,0,0,1,64,1,1
55,61,block1_feedfwd1,4,14,54,6,4,54,0,54,0,0,1,64,1,1
55,61,block1_feedfwd1,4,14,55,7,4,55,0,55,0,0,1,64,1,1
55,61,block1_feedfwd1,4,13,56,6,3,56,0,56,0,0,1,64,1,1
55,61,block1_feedfwd1,4,13,57,7,3,57,0,57,0,0,1,64,1,1
55,61,block1_feedfwd1,4,13,58,6,2,58,0,58,0,0,1,64,1,1
55,61,block1_feedfwd1,4,13,59,7,2,59,0,59,0,0,1,64,1,1
55,61,block1_feedfwd1,4,12,60,6,1,60,0,60,0,0,1,64,1,1
55,61,block1_feedfwd1,4,12,61,7,1,61,0,61,0,0,1,64,1,1
55,61,block1_feedfwd1,4,12,62,6,0,62,0,62,0,0,1,64,1,1
55,61,block1_feedfwd1,4,12,63,7,0,63,0,63,0,0,1,64,1,1
56,62,block1_feedfwd2,2,0,0,0,0,0,0,0,0,0,1,64,1,1
56,62,block1_feedfwd2,2,0,1,1,0,1,0,1,0,0,1,64,1,1
56,62,block1_feedfwd2,2,0,2,0,1,2,0,2,0,0,1,64,1,1
56,62,block1_feedfwd2,2,0,3,1,1,3,0,3,0,0,1,64,1,1
56,62,block1_feedfwd2,2,1,4,0,2,4,0,4,0,0,1,64,1,1
56,62,block1_feedfwd2,2,1,5,1,2,5,0,5,0,0,1,64,1,1
56,62,block1_feedfwd2,2,1,6,0,3,6,0,6,0,0,1,64,1,1
56,62,block1_feedfwd2,2,1,7,1,3,7,0,7,0,0,1,64,1,1
56,62,block1_feedfwd2,2,2,8,0,4,8,0,8,0,0,1,64,1,1
56,62,block1_feedfwd2,2,2,9,1,4,9,0,9,0,0,1,64,1,1
56,62,block1_feedfwd2,2,2,10,0,5,10,0,10,0,0,1,64,1,1
56,62,block1_feedfwd2,2,2,11,1,5,11,0,11,0,0,1,64,1,1
56,62,block1_feedfwd2,2,3,12,0,6,12,0,12,0,0,1,64,1,1
56,62,block1_feedfwd2,2,3,13,1,6,13,0,13,0,0,1,64,1,1
56,62,block1_feedfwd2,2,3,14,0,7,14,0,14,0,0,1,64,1,1
56,62,block1_feedfwd2,2,3,15,1,7,15,0,15,0,0,1,64,1,1
56,62,block1_feedfwd2,2,7,16,2,7,16,0,16,0,0,1,64,1,1
56,62,block1_feedfwd2,2,7,17,3,7,17,0,17,0,0,1,64,1,1
56,62,block1_feedfwd2,2,7,18,2,6,18,0,18,0,0,1,64,1,1
56,62,block1_feedfwd2,2,7,19,3,6,19,0,19,0,0,1,64,1,1
56,62,block1_feedfwd2,2,6,20,2,5,20,0,20,0,0,1,64,1,1
56,62,block1_feedfwd2,2,6,21,3,5,21,0,21,0,0,1,64,1,1
56,62,block1_feedfwd2,2,6,22,2,4,22,0,22,0,0,1,64,1,1
56,62,block1_feedfwd2,2,6,23,3,4,23,0,23,0,0,1,64,1,1
56,62,block1_feedfwd2,2,5,24,2,3,24,0,24,0,0,1,64,1,1
56,62,block1_feedfwd2,2,5,25,3,3,25,0,25,0,0,1,64,1,1
56,62,block1_feedfwd2,2,5,26,2,2,26,0,26,0,0,1,64,1,1
56,62,block1_feedfwd2,2,5,27,3,2,27,0,27,0,0,1,64,1,1
56,62,block1_feedfwd2,2,4,28,2,1,28,0,28,0,0,1,64,1,1
56,62,block1_feedfwd2,2,4,29,3,1,29,0,29,0,0,1,64,1,1
56,62,block1_feedfwd2,2,4,30,2,0,30,0,30,0,0,1,64,1,1
56,62,block1_feedfwd2,2,4,31,3,0,31,0,31,0,0,1,64,1,1
56,62,block1_feedfwd2,2,8,32,4,0,32,0,32,0,0,1,64,1,1
56,62,block1_feedfwd2,2,8,33,5,0,33,0,33,0,0,1,64,1,1
56,62,block1_feedfwd2,2,8,34,4,1,34,0,34,0,0,1,64,1,1
56,62,block1_feedfwd2,2,8,35,5,1,35,0,35,0,0,1,64,1,1
56,62,block1_feedfwd2,2,9,36,4,2,36,0,36,0,0,1,64,1,1
56,62,block1_feedfwd2,2,9,37,5,2,37,0,37,0,0,1,64,1,1
56,62,block1_feedfwd2,2,9,38,4,3,38,0,38,0,0,1,64,1,1
56,62,block1_feedfwd2,2,9,39,5,3,39,0,39,0,0,1,64,1,1
56,62,block1_feedfwd2,2,10,40,4,4,40,0,40,0,0,1,64,1,1
56,62,block1_feedfwd2,2,10,41,5,4,41,0,41,0,0,1,64,1,1
56,62,block1_feedfwd2,2,10,42,4,5,42,0,42,0,0,1,64,1,1
56,62,block1_feedfwd2,2,10,43,5,5,43,0,43,0,0,1,64,1,1
56,62,block1_feedfwd2,2,11,44,4,6,44,0,44,0,0,1,64,1,1
56,62,block1_feedfwd2,2,11,45,5,6,45,0,45,0,0,1,64,1,1
56,62,block1_feedfwd2,2,11,46,4,7,46,0,46,0,0,1,64,1,1
56,62,block1_feedfwd2,2,11,47,5,7,47,0,47,0,0,1,64,1,1
56,62,block1_feedfwd2,2,15,48,6,7,48,0,48,0,0,1,64,1,1
56,62,block1_feedfwd2,2,15,49,7,7,49,0,49,0,0,1,64,1,1
56,62,block1_feedfwd2,2,15,50,6,6,50,0,50,0,0,1,64,1,1
56,62,block1_feedfwd2,2,15,51,7,6,51,0,51,0,0,1,64,1,1
56,62,block1_feedfwd2,2,14,52,6,5,52,0,52,0,0,1,64,1,1
56,62,block1_feedfwd2,2,14,53,7,5,53,0,53,0,0,1,64,1,1
56,62,block1_feedfwd2,2,14,54,6,4,54,0,54,0,0,1,64,1,1
56,62,block1_feedfwd2,2,14,55,7,4,55,0,55,0,0,1,64,1,1
56,62,block1_feedfwd2,2,13,56,6,3,56,0,56,0,0,1,64,1,1
56,62,block1_feedfwd2,2,13,57,7,3,57,0,57,0,0,1,64,1,1
56,62,block1_feedfwd2,2,13,58,6,2,58,0,58,0,0,1,64,1,1
56,62,block1_feedfwd2,2,13,59,7,2,59,0,59,0,0,1,64,1,1
56,62,block1_feedfwd2,2,12,60,6,1,60,0,60,0,0,1,64,1,1
56,62,block1_feedfwd2,2,12,61,7,1,61,0,61,0,0,1,64,1,1
56,62,block1_feedfwd2,2,12,62,6,0,62,0,62,0,0,1,64,1,1
56,62,block1_feedfwd2,2,12,63,7,0,63,0,63,0,0,1,64,1,1
57,63,block1_elt2,1,0,0,0,0,0,0,0,0,0,1,64,1,1
57,63,block1_elt2,1,0,1,1,0,1,0,1,0,0,1,64,1,1
57,63,block1_elt2,1,0,2,0,1,2,0,2,0,0,1,64,1,1
57,63,block1_elt2,1,0,3,1,1,3,0,3,0,0,1,64,1,1
57,63,block1_elt2,1,1,4,0,2,4,0,4,0,0,1,64,1,1
57,63,block1_elt2,1,1,5,1,2,5,0,5,0,0,1,64,1,1
57,63,block1_elt2,1,1,6,0,3,6,0,6,0,0,1,64,1,1
57,63,block1_elt2,1,1,7,1,3,7,0,7,0,0,1,64,1,1
57,63,block1_elt2,1,2,8,0,4,8,0,8,0,0,1,64,1,1
57,63,block1_elt2,1,2,9,1,4,9,0,9,0,0,1,64,1,1
57,63,block1_elt2,1,2,10,0,5,10,0,10,0,0,1,64,1,1
57,63,block1_elt2,1,2,11,1,5,11,0,11,0,0,1,64,1,1
57,63,block1_elt2,1,3,12,0,6,12,0,12,0,0,1,64,1,1
57,63,block1_elt2,1,3,13,1,6,13,0,13,0,0,1,64,1,1
57,63,block1_elt2,1,3,14,0,7,14,0,14,0,0,1,64,1,1
57,63,block1_elt2,1,3,15,1,7,15,0,15,0,0,1,64,1,1
57,63,block1_elt2,1,7,16,2,7,16,0,16,0,0,1,64,1,1
57,63,block1_elt2,1,7,17,3,7,17,0,17,0,0,1,64,1,1
57,63,block1_elt2,1,7,18,2,6,18,0,18,0,0,1,64,1,1
57,63,block1_elt2,1,7,19,3,6,19,0,19,0,0,1,64,1,1
57,63,block1_elt2,1,6,20,2,5,20,0,20,0,0,1,64,1,1
57,63,block1_elt2,1,6,21,3,5,21,0,21,0,0,1,64,1,1
57,63,block1_elt2,1,6,22,2,4,22,0,22,0,0,1,64,1,1
57,63,block1_elt2,1,6,23,3,4,23,0,23,0,0,1,64,1,1
57,63,block1_elt2,1,5,24,2,3,24,0,24,0,0,1,64,1,1
57,63,block1_elt2,1,5,25,3,3,25,0,25,0,0,1,64,1,1
57,63,block1_elt2,1,5,26,2,2,26,0,26,0,0,1,64,1,1
57,63,block1_elt2,1,5,27,3,2,27,0,27,0,0,1,64,1,1
57,63,block1_elt2,1,4,28,2,1,28,0,28,0,0,1,64,1,1
57,63,block1_elt2,1,4,29,3,1,29,0,29,0,0,1,64,1,1
57,63,block1_elt2,1,4,30,2,0,30,0,30,0,0,1,64,1,1
57,63,block1_elt2,1,4,31,3,0,31,0,31,0,0,1,64,1,1
57,63,block1_elt2,1,8,32,4,0,32,0,32,0,0,1,64,1,1
57,63,block1_elt2,1,8,33,5,0,33,0,33,0,0,1,64,1,1
57,63,block1_elt2,1,8,34,4,1,34,0,34,0,0,1,64,1,1
57,63,block1_elt2,1,8,35,5,1,35,0,35,0,0,1,64,1,1
57,63,block1_elt2,1,9,36,4,2,36,0,36,0,0,1,64,1,1
57,63,block1_elt2,1,9,37,5,2,37,0,37,0,0,1,64,1,1
57,63,block1_elt2,1,9,38,4,3,38,0,38,0,0,1,64,1,1
57,63,block1_elt2,1,9,39,5,3,39,0,39,0,0,1,64,1,1
57,63,block1_elt2,1,10,40,4,4,40,0,40,0,0,1,64,1,1
57,63,block1_elt2,1,10,41,5,4,41,0,41,0,0,1,64,1,1
57,63,block1_elt2,1,10,42,4,5,42,0,42,0,0,1,64,1,1
57,63,block1_elt2,1,10,43,5,5,43,0,43,0,0,1,64,1,1
57,63,block1_elt2,1,11,44,4,6,44,0,44,0,0,1,64,1,1
57,63,block1_elt2,1,11,45,5,6,45,0,45,0,0,1,64,1,1
57,63,block1_elt2,1,11,46,4,7,46,0,46,0,0,1,64,1,1
57,63,block1_elt2,1,11,47,5,7,47,0,47,0,0,1,64,1,1
57,63,block1_elt2,1,15,48,6,7,48,0,48,0,0,1,64,1,1
57,63,block1_elt2,1,15,49,7,7,49,0,49,0,0,1,64,1,1
57,63,block1_elt2,1,15,50,6,6,50,0,50,0,0,1,64,1,1
57,63,block1_elt2,1,15,51,7,6,51,0,51,0,0,1,64,1,1
57,63,block1_elt2,1,14,52,6,5,52,0,52,0,0,1,64,1,1
57,63,block1_elt2,1,14,53,7,5,53,0,53,0,0,1,64,1,1
57,63,block1_elt2,1,14,54,6,4,54,0,54,0,0,1,64,1,1
57,63,block1_elt2,1,14,55,7,4,55,0,55,0,0,1,64,1,1
57,63,block1_elt2,1,13,56,6,3,56,0,56,0,0,1,64,1,1
57,63,block1_elt2,1,13,57,7,3,57,0,57,0,0,1,64,1,1
57,63,block1_elt2,1,13,58,6,2,58,0,58,0,0,1,64,1,1
57,63,block1_elt2,1,13,59,7,2,59,0,59,0,0,1,64,1,1
57,63,block1_elt2,1,12,60,6,1,60,0,60,0,0,1,64,1,1
57,63,block1_elt2,1,12,61,7,1,61,0,61,0,0,1,64,1,1
57,63,block1_elt2,1,12,62,6,0,62,0,62,0,0,1,64,1,1
57,63,block1_elt2,1,12,63,7,0,63,0,63,0,0,1,64,1,1
58,64,proj,4,0,0,0,0,0,0,0,0,0,1,64,1,1
58,64,proj,4,0,1,1,0,1,0,1,0,0,1,64,1,1
58,64,proj,4,0,2,0,1,2,0,2,0,0,1,64,1,1
58,64,proj,4,0,3,1,1,3,0,3,0,0,1,64,1,1
58,64,proj,4,1,4,0,2,4,0,4,0,0,1,64,1,1
58,64,proj,4,1,5,1,2,5,0,5,0,0,1,64,1,1
58,64,proj,4,1,6,0,3,6,0,6,0,0,1,64,1,1
58,64,proj,4,1,7,1,3,7,0,7,0,0,1,64,1,1
58,64,proj,4,2,8,0,4,8,0,8,0,0,1,64,1,1
58,64,proj,4,2,9,1,4,9,0,9,0,0,1,64,1,1
58,64,proj,4,2,10,0,5,10,0,10,0,0,1,64,1,1
58,64,proj,4,2,11,1,5,11,0,11,0,0,1,64,1,1
58,64,proj,4,3,12,0,6,12,0,12,0,0,1,64,1,1
58,64,proj,4,3,13,1,6,13,0,13,0,0,1,64,1,1
58,64,proj,4,3,14,0,7,14,0,14,0,0,1,64,1,1
58,64,proj,4,3,15,1,7,15,0,15,0,0,1,64,1,1
58,64,proj,4,7,16,2,7,16,0,16,0,0,1,64,1,1
58,64,proj,4,7,17,3,7,17,0,17,0,0,1,64,1,1
58,64,proj,4,7,18,2,6,18,0,18,0,0,1,64,1,1
58,64,proj,4,7,19,3,6,19,0,19,0,0,1,64,1,1
58,64,proj,4,6,20,2,5,20,0,20,0,0,1,64,1,1
58,64,proj,4,6,21,3,5,21,0,21,0,0,1,64,1,1
58,64,proj,4,6,22,2,4,22,0,22,0,0,1,64,1,1
58,64,proj,4,6,23,3,4,23,0,23,0,0,1,64,1,1
58,64,proj,4,5,24,2,3,24,0,24,0,0,1,64,1,1
58,64,proj,4,5,25,3,3,25,0,25,0,0,1,64,1,1
58,64,proj,4,5,26,2,2,26,0,26,0,0,1,64,1,1
58,64,proj,4,5,27,3,2,27,0,27,0,0,1,64,1,1
58,64,proj,4,4,28,2,1,28,0,28,0,0,1,64,1,1
58,64,proj,4,4,29,3,1,29,0,29,0,0,1,64,1,1
58,64,proj,4,4,30,2,0,30,0,30,0,0,1,64,1,1
58,64,proj,4,4,31,3,0,31,0,31,0,0,1,64,1,1
58,64,proj,4,8,32,4,0,32,0,32,0,0,1,64,1,1
58,64,proj,4,8,33,5,0,33,0,33,0,0,1,64,1,1
58,64,proj,4,8,34,4,1,34,0,34,0,0,1,64,1,1
58,64,proj,4,8,35,5,1,35,0,35,0,0,1,64,1,1
58,64,proj,4,9,36,4,2,36,0,36,0,0,1,64,1,1
58,64,proj,4,9,37,5,2,37,0,37,0,0,1,64,1,1
58,64,proj,4,9,38,4,3,38,0,38,0,0,1,64,1,1
58,64,proj,4,9,39,5,3,39,0,39,0,0,1,64,1,1
58,64,proj,4,10,40,4,4,40,0,40,0,0,1,64,1,1
58,64,proj,4,10,41,5,4,41,0,41,0,0,1,64,1,1
58,64,proj,4,10,42,4,5,42,0,42,0,0,1,64,1,1
58,64,proj,4,10,43,5,5,43,0,43,0,0,1,64,1,1
58,64,proj,4,11,44,4,6,44,0,44,0,0,1,64,1,1
58,64,proj,4,11,45,5,6,45,0,45,0,0,1,64,1,1
58,64,proj,4,11,46,4,7,46,0,46,0,0,1,64,1,1
58,64,proj,4,11,47,5,7,47,0,47,0,0,1,64,1,1
58,64,proj,4,15,48,6,7,48,0,48,0,0,1,64,1,1
58,64,proj,4,15,49,7,7,49,0,49,0,0,1,64,1,1
58,64,proj,4,15,50,6,6,50,0,50,0,0,1,64,1,1
58,64,proj,4,15,51,7,6,51,0,51,0,0,1,64,1,1
58,64,proj,4,14,52,6,5,52,0,52,0,0,1,64,1,1
58,64,proj,4,14,53,7,5,53,0,53,0,0,1,64,1,1
58,64,proj,4,14,54,6,4,54,0,54,0,0,1,64,1,1
58,64,proj,4,14,55,7,4,55,0,55,0,0,1,64,1,1
58,64,proj,4,13,56,6,3,56,0,56,0,0,1,64,1,1
58,64,proj,4,13,57,7,3,57,0,57,0,0,1,64,1,1
58,64,proj,4,13,58,6,2,58,0,58,0,0,1,64,1,1
58,64,proj,4,13,59,7,2,59,0,59,0,0,1,64,1,1
58,64,proj,4,12,60,6,1,60,0,60,0,0,1,64,1,1
58,64,proj,4,12,61,7,1,61,0,61,0,0,1,64,1,1
58,64,proj,4,12,62,6,0,62,0,62,0,0,1,64,1,1
58,64,proj,4,12,63,7,0,63,0,63,0,0,1,64,1,1
