segment,layer_id,layer,batch,chiplet,core,x,y,partition_id,partition_b,partition_c,partition_h,partition_w,B,C,H,W
0,0,conv0,1,0,0,0,0,0,0,0,0,0,1,8,2,4
0,0,conv0,1,0,1,1,0,1,0,0,0,1,1,8,2,4
0,0,conv0,1,0,2,0,1,2,0,0,0,2,1,8,2,4
0,0,conv0,1,0,3,1,1,3,0,0,0,3,1,8,2,4
0,0,conv0,1,1,4,0,2,4,0,0,1,0,1,8,2,4
0,0,conv0,1,1,5,1,2,5,0,0,1,1,1,8,2,4
0,0,conv0,1,1,6,0,3,6,0,0,1,2,1,8,2,4
0,0,conv0,1,1,7,1,3,7,0,0,1,3,1,8,2,4
0,0,conv0,1,2,8,0,4,8,0,1,0,0,1,8,2,4
0,0,conv0,1,2,9,1,4,9,0,1,0,1,1,8,2,4
0,0,conv0,1,2,10,0,5,10,0,1,0,2,1,8,2,4
0,0,conv0,1,2,11,1,5,11,0,1,0,3,1,8,2,4
0,0,conv0,1,3,12,0,6,12,0,1,1,0,1,8,2,4
0,0,conv0,1,3,13,1,6,13,0,1,1,1,1,8,2,4
0,0,conv0,1,3,14,0,7,14,0,1,1,2,1,8,2,4
0,0,conv0,1,3,15,1,7,15,0,1,1,3,1,8,2,4
0,0,conv0,1,7,16,2,7,16,0,2,0,0,1,8,2,4
0,0,conv0,1,7,17,3,7,17,0,2,0,1,1,8,2,4
0,0,conv0,1,7,18,2,6,18,0,2,0,2,1,8,2,4
0,0,conv0,1,7,19,3,6,19,0,2,0,3,1,8,2,4
0,0,conv0,1,6,20,2,5,20,0,2,1,0,1,8,2,4
0,0,conv0,1,6,21,3,5,21,0,2,1,1,1,8,2,4
0,0,conv0,1,6,22,2,4,22,0,2,1,2,1,8,2,4
0,0,conv0,1,6,23,3,4,23,0,2,1,3,1,8,2,4
0,0,conv0,1,5,24,2,3,24,0,3,0,0,1,8,2,4
0,0,conv0,1,5,25,3,3,25,0,3,0,1,1,8,2,4
0,0,conv0,1,5,26,2,2,26,0,3,0,2,1,8,2,4
0,0,conv0,1,5,27,3,2,27,0,3,0,3,1,8,2,4
0,0,conv0,1,4,28,2,1,28,0,3,1,0,1,8,2,4
0,0,conv0,1,4,29,3,1,29,0,3,1,1,1,8,2,4
0,0,conv0,1,4,30,2,0,30,0,3,1,2,1,8,2,4
0,0,conv0,1,4,31,3,0,31,0,3,1,3,1,8,2,4
0,0,conv0,1,8,32,4,0,32,0,4,0,0,1,8,2,4
0,0,conv0,1,8,33,5,0,33,0,4,0,1,1,8,2,4
0,0,conv0,1,8,34,4,1,34,0,4,0,2,1,8,2,4
0,0,conv0,1,8,35,5,1,35,0,4,0,3,1,8,2,4
0,0,conv0,1,9,36,4,2,36,0,4,1,0,1,8,2,4
0,0,conv0,1,9,37,5,2,37,0,4,1,1,1,8,2,4
0,0,conv0,1,9,38,4,3,38,0,4,1,2,1,8,2,4
0,0,conv0,1,9,39,5,3,39,0,4,1,3,1,8,2,4
0,0,conv0,1,10,40,4,4,40,0,5,0,0,1,8,2,4
0,0,conv0,1,10,41,5,4,41,0,5,0,1,1,8,2,4
0,0,conv0,1,10,42,4,5,42,0,5,0,2,1,8,2,4
0,0,conv0,1,10,43,5,5,43,0,5,0,3,1,8,2,4
0,0,conv0,1,11,44,4,6,44,0,5,1,0,1,8,2,4
0,0,conv0,1,11,45,5,6,45,0,5,1,1,1,8,2,4
0,0,conv0,1,11,46,4,7,46,0,5,1,2,1,8,2,4
0,0,conv0,1,11,47,5,7,47,0,5,1,3,1,8,2,4
0,0,conv0,1,15,48,6,7,48,0,6,0,0,1,8,2,4
0,0,conv0,1,15,49,7,7,49,0,6,0,1,1,8,2,4
0,0,conv0,1,15,50,6,6,50,0,6,0,2,1,8,2,4
0,0,conv0,1,15,51,7,6,51,0,6,0,3,1,8,2,4
0,0,conv0,1,14,52,6,5,52,0,6,1,0,1,8,2,4
0,0,conv0,1,14,53,7,5,53,0,6,1,1,1,8,2,4
0,0,conv0,1,14,54,6,4,54,0,6,1,2,1,8,2,4
0,0,conv0,1,14,55,7,4,55,0,6,1,3,1,8,2,4
0,0,conv0,1,13,56,6,3,56,0,7,0,0,1,8,2,4
0,0,conv0,1,13,57,7,3,57,0,7,0,1,1,8,2,4
0,0,conv0,1,13,58,6,2,58,0,7,0,2,1,8,2,4
0,0,conv0,1,13,59,7,2,59,0,7,0,3,1,8,2,4
0,0,conv0,1,12,60,6,1,60,0,7,1,0,1,8,2,4
0,0,conv0,1,12,61,7,1,61,0,7,1,1,1,8,2,4
0,0,conv0,1,12,62,6,0,62,0,7,1,2,1,8,2,4
0,0,conv0,1,12,63,7,0,63,0,7,1,3,1,8,2,4
1,1,pool0,1,0,0,0,0,0,0,0,0,0,1,8,2,4
1,1,pool0,1,0,1,1,0,1,0,0,0,1,1,8,2,4
1,1,pool0,1,0,2,0,1,2,0,0,0,2,1,8,2,4
1,1,pool0,1,0,3,1,1,3,0,0,0,3,1,8,2,4
1,1,pool0,1,1,4,0,2,4,0,0,1,0,1,8,2,4
1,1,pool0,1,1,5,1,2,5,0,0,1,1,1,8,2,4
1,1,pool0,1,1,6,0,3,6,0,0,1,2,1,8,2,4
1,1,pool0,1,1,7,1,3,7,0,0,1,3,1,8,2,4
1,1,pool0,1,2,8,0,4,8,0,1,0,0,1,8,2,4
1,1,pool0,1,2,9,1,4,9,0,1,0,1,1,8,2,4
1,1,pool0,1,2,10,0,5,10,0,1,0,2,1,8,2,4
1,1,pool0,1,2,11,1,5,11,0,1,0,3,1,8,2,4
1,1,pool0,1,3,12,0,6,12,0,1,1,0,1,8,2,4
1,1,pool0,1,3,13,1,6,13,0,1,1,1,1,8,2,4
1,1,pool0,1,3,14,0,7,14,0,1,1,2,1,8,2,4
1,1,pool0,1,3,15,1,7,15,0,1,1,3,1,8,2,4
1,1,pool0,1,7,16,2,7,16,0,2,0,0,1,8,2,4
1,1,pool0,1,7,17,3,7,17,0,2,0,1,1,8,2,4
1,1,pool0,1,7,18,2,6,18,0,2,0,2,1,8,2,4
1,1,pool0,1,7,19,3,6,19,0,2,0,3,1,8,2,4
1,1,pool0,1,6,20,2,5,20,0,2,1,0,1,8,2,4
1,1,pool0,1,6,21,3,5,21,0,2,1,1,1,8,2,4
1,1,pool0,1,6,22,2,4,22,0,2,1,2,1,8,2,4
1,1,pool0,1,6,23,3,4,23,0,2,1,3,1,8,2,4
1,1,pool0,1,5,24,2,3,24,0,3,0,0,1,8,2,4
1,1,pool0,1,5,25,3,3,25,0,3,0,1,1,8,2,4
1,1,pool0,1,5,26,2,2,26,0,3,0,2,1,8,2,4
1,1,pool0,1,5,27,3,2,27,0,3,0,3,1,8,2,4
1,1,pool0,1,4,28,2,1,28,0,3,1,0,1,8,2,4
1,1,pool0,1,4,29,3,1,29,0,3,1,1,1,8,2,4
1,1,pool0,1,4,30,2,0,30,0,3,1,2,1,8,2,4
1,1,pool0,1,4,31,3,0,31,0,3,1,3,1,8,2,4
1,1,pool0,1,8,32,4,0,32,0,4,0,0,1,8,2,4
1,1,pool0,1,8,33,5,0,33,0,4,0,1,1,8,2,4
1,1,pool0,1,8,34,4,1,34,0,4,0,2,1,8,2,4
1,1,pool0,1,8,35,5,1,35,0,4,0,3,1,8,2,4
1,1,pool0,1,9,36,4,2,36,0,4,1,0,1,8,2,4
1,1,pool0,1,9,37,5,2,37,0,4,1,1,1,8,2,4
1,1,pool0,1,9,38,4,3,38,0,4,1,2,1,8,2,4
1,1,pool0,1,9,39,5,3,39,0,4,1,3,1,8,2,4
1,1,pool0,1,10,40,4,4,40,0,5,0,0,1,8,2,4
1,1,pool0,1,10,41,5,4,41,0,5,0,1,1,8,2,4
1,1,pool0,1,10,42,4,5,42,0,5,0,2,1,8,2,4
1,1,pool0,1,10,43,5,5,43,0,5,0,3,1,8,2,4
1,1,pool0,1,11,44,4,6,44,0,5,1,0,1,8,2,4
1,1,pool0,1,11,45,5,6,45,0,5,1,1,1,8,2,4
1,1,pool0,1,11,46,4,7,46,0,5,1,2,1,8,2,4
1,1,pool0,1,11,47,5,7,47,0,5,1,3,1,8,2,4
1,1,pool0,1,15,48,6,7,48,0,6,0,0,1,8,2,4
1,1,pool0,1,15,49,7,7,49,0,6,0,1,1,8,2,4
1,1,pool0,1,15,50,6,6,50,0,6,0,2,1,8,2,4
1,1,pool0,1,15,51,7,6,51,0,6,0,3,1,8,2,4
1,1,pool0,1,14,52,6,5,52,0,6,1,0,1,8,2,4
1,1,pool0,1,14,53,7,5,53,0,6,1,1,1,8,2,4
1,1,pool0,1,14,54,6,4,54,0,6,1,2,1,8,2,4
1,1,pool0,1,14,55,7,4,55,0,6,1,3,1,8,2,4
1,1,pool0,1,13,56,6,3,56,0,7,0,0,1,8,2,4
1,1,pool0,1,13,57,7,3,57,0,7,0,1,1,8,2,4
1,1,pool0,1,13,58,6,2,58,0,7,0,2,1,8,2,4
1,1,pool0,1,13,59,7,2,59,0,7,0,3,1,8,2,4
1,1,pool0,1,12,60,6,1,60,0,7,1,0,1,8,2,4
1,1,pool0,1,12,61,7,1,61,0,7,1,1,1,8,2,4
1,1,pool0,1,12,62,6,0,62,0,7,1,2,1,8,2,4
1,1,pool0,1,12,63,7,0,63,0,7,1,3,1,8,2,4
2,2,block_1_0_1x1,1,0,0,0,0,0,0,0,0,0,1,8,4,2
2,2,block_1_0_1x1,1,0,1,1,0,1,0,0,0,1,1,8,4,2
2,2,block_1_0_1x1,1,0,2,0,1,2,0,0,1,0,1,8,4,2
2,2,block_1_0_1x1,1,0,3,1,1,3,0,0,1,1,1,8,4,2
2,2,block_1_0_1x1,1,1,4,0,2,4,0,0,2,0,1,8,4,2
2,2,block_1_0_1x1,1,1,5,1,2,5,0,0,2,1,1,8,4,2
2,2,block_1_0_1x1,1,1,6,0,3,6,0,0,3,0,1,8,4,2
2,2,block_1_0_1x1,1,1,7,1,3,7,0,0,3,1,1,8,4,2
2,2,block_1_0_1x1,1,2,8,0,4,8,0,1,0,0,1,8,4,2
2,2,block_1_0_1x1,1,2,9,1,4,9,0,1,0,1,1,8,4,2
2,2,block_1_0_1x1,1,2,10,0,5,10,0,1,1,0,1,8,4,2
2,2,block_1_0_1x1,1,2,11,1,5,11,0,1,1,1,1,8,4,2
2,2,block_1_0_1x1,1,3,12,0,6,12,0,1,2,0,1,8,4,2
2,2,block_1_0_1x1,1,3,13,1,6,13,0,1,2,1,1,8,4,2
2,2,block_1_0_1x1,1,3,14,0,7,14,0,1,3,0,1,8,4,2
2,2,block_1_0_1x1,1,3,15,1,7,15,0,1,3,1,1,8,4,2
2,2,block_1_0_1x1,1,7,16,2,7,16,0,2,0,0,1,8,4,2
2,2,block_1_0_1x1,1,7,17,3,7,17,0,2,0,1,1,8,4,2
2,2,block_1_0_1x1,1,7,18,2,6,18,0,2,1,0,1,8,4,2
2,2,block_1_0_1x1,1,7,19,3,6,19,0,2,1,1,1,8,4,2
2,2,block_1_0_1x1,1,6,20,2,5,20,0,2,2,0,1,8,4,2
2,2,block_1_0_1x1,1,6,21,3,5,21,0,2,2,1,1,8,4,2
2,2,block_1_0_1x1,1,6,22,2,4,22,0,2,3,0,1,8,4,2
2,2,block_1_0_1x1,1,6,23,3,4,23,0,2,3,1,1,8,4,2
2,2,block_1_0_1x1,1,5,24,2,3,24,0,3,0,0,1,8,4,2
2,2,block_1_0_1x1,1,5,25,3,3,25,0,3,0,1,1,8,4,2
2,2,block_1_0_1x1,1,5,26,2,2,26,0,3,1,0,1,8,4,2
2,2,block_1_0_1x1,1,5,27,3,2,27,0,3,1,1,1,8,4,2
2,2,block_1_0_1x1,1,4,28,2,1,28,0,3,2,0,1,8,4,2
2,2,block_1_0_1x1,1,4,29,3,1,29,0,3,2,1,1,8,4,2
2,2,block_1_0_1x1,1,4,30,2,0,30,0,3,3,0,1,8,4,2
2,2,block_1_0_1x1,1,4,31,3,0,31,0,3,3,1,1,8,4,2
2,2,block_1_0_1x1,1,8,32,4,0,32,0,4,0,0,1,8,4,2
2,2,block_1_0_1x1,1,8,33,5,0,33,0,4,0,1,1,8,4,2
2,2,block_1_0_1x1,1,8,34,4,1,34,0,4,1,0,1,8,4,2
2,2,block_1_0_1x1,1,8,35,5,1,35,0,4,1,1,1,8,4,2
2,2,block_1_0_1x1,1,9,36,4,2,36,0,4,2,0,1,8,4,2
2,2,block_1_0_1x1,1,9,37,5,2,37,0,4,2,1,1,8,4,2
2,2,block_1_0_1x1,1,9,38,4,3,38,0,4,3,0,1,8,4,2
2,2,block_1_0_1x1,1,9,39,5,3,39,0,4,3,1,1,8,4,2
2,2,block_1_0_1x1,1,10,40,4,4,40,0,5,0,0,1,8,4,2
2,2,block_1_0_1x1,1,10,41,5,4,41,0,5,0,1,1,8,4,2
2,2,block_1_0_1x1,1,10,42,4,5,42,0,5,1,0,1,8,4,2
2,2,block_1_0_1x1,1,10,43,5,5,43,0,5,1,1,1,8,4,2
2,2,block_1_0_1x1,1,11,44,4,6,44,0,5,2,0,1,8,4,2
2,2,block_1_0_1x1,1,11,45,5,6,45,0,5,2,1,1,8,4,2
2,2,block_1_0_1x1,1,11,46,4,7,46,0,5,3,0,1,8,4,2
2,2,block_1_0_1x1,1,11,47,5,7,47,0,5,3,1,1,8,4,2
2,2,block_1_0_1x1,1,15,48,6,7,48,0,6,0,0,1,8,4,2
2,2,block_1_0_1x1,1,15,49,7,7,49,0,6,0,1,1,8,4,2
2,2,block_1_0_1x1,1,15,50,6,6,50,0,6,1,0,1,8,4,2
2,2,block_1_0_1x1,1,15,51,7,6,51,0,6,1,1,1,8,4,2
2,2,block_1_0_1x1,1,14,52,6,5,52,0,6,2,0,1,8,4,2
2,2,block_1_0_1x1,1,14,53,7,5,53,0,6,2,1,1,8,4,2
2,2,block_1_0_1x1,1,14,54,6,4,54,0,6,3,0,1,8,4,2
2,2,block_1_0_1x1,1,14,55,7,4,55,0,6,3,1,1,8,4,2
2,2,block_1_0_1x1,1,13,56,6,3,56,0,7,0,0,1,8,4,2
2,2,block_1_0_1x1,1,13,57,7,3,57,0,7,0,1,1,8,4,2
2,2,block_1_0_1x1,1,13,58,6,2,58,0,7,1,0,1,8,4,2
2,2,block_1_0_1x1,1,13,59,7,2,59,0,7,1,1,1,8,4,2
2,2,block_1_0_1x1,1,12,60,6,1,60,0,7,2,0,1,8,4,2
2,2,block_1_0_1x1,1,12,61,7,1,61,0,7,2,1,1,8,4,2
2,2,block_1_0_1x1,1,12,62,6,0,62,0,7,3,0,1,8,4,2
2,2,block_1_0_1x1,1,12,63,7,0,63,0,7,3,1,1,8,4,2
3,3,block_1_0_3x3,1,0,0,0,0,0,0,0,0,0,1,4,8,2
3,3,block_1_0_3x3,1,0,1,1,0,1,0,0,0,1,1,4,8,2
3,3,block_1_0_3x3,1,0,2,0,1,2,0,0,1,0,1,4,8,2
3,3,block_1_0_3x3,1,0,3,1,1,3,0,0,1,1,1,4,8,2
3,3,block_1_0_3x3,1,1,4,0,2,4,0,0,2,0,1,4,8,2
3,3,block_1_0_3x3,1,1,5,1,2,5,0,0,2,1,1,4,8,2
3,3,block_1_0_3x3,1,1,6,0,3,6,0,0,3,0,1,4,8,2
3,3,block_1_0_3x3,1,1,7,1,3,7,0,0,3,1,1,4,8,2
3,3,block_1_0_3x3,1,2,8,0,4,8,0,0,4,0,1,4,8,2
3,3,block_1_0_3x3,1,2,9,1,4,9,0,0,4,1,1,4,8,2
3,3,block_1_0_3x3,1,2,10,0,5,10,0,0,5,0,1,4,8,2
3,3,block_1_0_3x3,1,2,11,1,5,11,0,0,5,1,1,4,8,2
3,3,block_1_0_3x3,1,3,12,0,6,12,0,0,6,0,1,4,8,2
3,3,block_1_0_3x3,1,3,13,1,6,13,0,0,6,1,1,4,8,2
3,3,block_1_0_3x3,1,3,14,0,7,14,0,0,7,0,1,4,8,2
3,3,block_1_0_3x3,1,3,15,1,7,15,0,0,7,1,1,4,8,2
3,3,block_1_0_3x3,1,7,16,2,7,16,0,1,0,0,1,4,8,2
3,3,block_1_0_3x3,1,7,17,3,7,17,0,1,0,1,1,4,8,2
3,3,block_1_0_3x3,1,7,18,2,6,18,0,1,1,0,1,4,8,2
3,3,block_1_0_3x3,1,7,19,3,6,19,0,1,1,1,1,4,8,2
3,3,block_1_0_3x3,1,6,20,2,5,20,0,1,2,0,1,4,8,2
3,3,block_1_0_3x3,1,6,21,3,5,21,0,1,2,1,1,4,8,2
3,3,block_1_0_3x3,1,6,22,2,4,22,0,1,3,0,1,4,8,2
3,3,block_1_0_3x3,1,6,23,3,4,23,0,1,3,1,1,4,8,2
3,3,block_1_0_3x3,1,5,24,2,3,24,0,1,4,0,1,4,8,2
3,3,block_1_0_3x3,1,5,25,3,3,25,0,1,4,1,1,4,8,2
3,3,block_1_0_3x3,1,5,26,2,2,26,0,1,5,0,1,4,8,2
3,3,block_1_0_3x3,1,5,27,3,2,27,0,1,5,1,1,4,8,2
3,3,block_1_0_3x3,1,4,28,2,1,28,0,1,6,0,1,4,8,2
3,3,block_1_0_3x3,1,4,29,3,1,29,0,1,6,1,1,4,8,2
3,3,block_1_0_3x3,1,4,30,2,0,30,0,1,7,0,1,4,8,2
3,3,block_1_0_3x3,1,4,31,3,0,31,0,1,7,1,1,4,8,2
3,3,block_1_0_3x3,1,8,32,4,0,32,0,2,0,0,1,4,8,2
3,3,block_1_0_3x3,1,8,33,5,0,33,0,2,0,1,1,4,8,2
3,3,block_1_0_3x3,1,8,34,4,1,34,0,2,1,0,1,4,8,2
3,3,block_1_0_3x3,1,8,35,5,1,35,0,2,1,1,1,4,8,2
3,3,block_1_0_3x3,1,9,36,4,2,36,0,2,2,0,1,4,8,2
3,3,block_1_0_3x3,1,9,37,5,2,37,0,2,2,1,1,4,8,2
3,3,block_1_0_3x3,1,9,38,4,3,38,0,2,3,0,1,4,8,2
3,3,block_1_0_3x3,1,9,39,5,3,39,0,2,3,1,1,4,8,2
3,3,block_1_0_3x3,1,10,40,4,4,40,0,2,4,0,1,4,8,2
3,3,block_1_0_3x3,1,10,41,5,4,41,0,2,4,1,1,4,8,2
3,3,block_1_0_3x3,1,10,42,4,5,42,0,2,5,0,1,4,8,2
3,3,block_1_0_3x3,1,10,43,5,5,43,0,2,5,1,1,4,8,2
3,3,block_1_0_3x3,1,11,44,4,6,44,0,2,6,0,1,4,8,2
3,3,block_1_0_3x3,1,11,45,5,6,45,0,2,6,1,1,4,8,2
3,3,block_1_0_3x3,1,11,46,4,7,46,0,2,7,0,1,4,8,2
3,3,block_1_0_3x3,1,11,47,5,7,47,0,2,7,1,1,4,8,2
3,3,block_1_0_3x3,1,15,48,6,7,48,0,3,0,0,1,4,8,2
3,3,block_1_0_3x3,1,15,49,7,7,49,0,3,0,1,1,4,8,2
3,3,block_1_0_3x3,1,15,50,6,6,50,0,3,1,0,1,4,8,2
3,3,block_1_0_3x3,1,15,51,7,6,51,0,3,1,1,1,4,8,2
3,3,block_1_0_3x3,1,14,52,6,5,52,0,3,2,0,1,4,8,2
3,3,block_1_0_3x3,1,14,53,7,5,53,0,3,2,1,1,4,8,2
3,3,block_1_0_3x3,1,14,54,6,4,54,0,3,3,0,1,4,8,2
3,3,block_1_0_3x3,1,14,55,7,4,55,0,3,3,1,1,4,8,2
3,3,block_1_0_3x3,1,13,56,6,3,56,0,3,4,0,1,4,8,2
3,3,block_1_0_3x3,1,13,57,7,3,57,0,3,4,1,1,4,8,2
3,3,block_1_0_3x3,1,13,58,6,2,58,0,3,5,0,1,4,8,2
3,3,block_1_0_3x3,1,13,59,7,2,59,0,3,5,1,1,4,8,2
3,3,block_1_0_3x3,1,12,60,6,1,60,0,3,6,0,1,4,8,2
3,3,block_1_0_3x3,1,12,61,7,1,61,0,3,6,1,1,4,8,2
3,3,block_1_0_3x3,1,12,62,6,0,62,0,3,7,0,1,4,8,2
3,3,block_1_0_3x3,1,12,63,7,0,63,0,3,7,1,1,4,8,2
4,4,block_1_1_1x1,1,0,0,0,0,0,0,0,0,0,1,8,4,2
4,4,block_1_1_1x1,1,0,1,1,0,1,0,0,0,1,1,8,4,2
4,4,block_1_1_1x1,1,0,2,0,1,2,0,0,1,0,1,8,4,2
4,4,block_1_1_1x1,1,0,3,1,1,3,0,0,1,1,1,8,4,2
4,4,block_1_1_1x1,1,1,4,0,2,4,0,0,2,0,1,8,4,2
4,4,block_1_1_1x1,1,1,5,1,2,5,0,0,2,1,1,8,4,2
4,4,block_1_1_1x1,1,1,6,0,3,6,0,0,3,0,1,8,4,2
4,4,block_1_1_1x1,1,1,7,1,3,7,0,0,3,1,1,8,4,2
4,4,block_1_1_1x1,1,2,8,0,4,8,0,1,0,0,1,8,4,2
4,4,block_1_1_1x1,1,2,9,1,4,9,0,1,0,1,1,8,4,2
4,4,block_1_1_1x1,1,2,10,0,5,10,0,1,1,0,1,8,4,2
4,4,block_1_1_1x1,1,2,11,1,5,11,0,1,1,1,1,8,4,2
4,4,block_1_1_1x1,1,3,12,0,6,12,0,1,2,0,1,8,4,2
4,4,block_1_1_1x1,1,3,13,1,6,13,0,1,2,1,1,8,4,2
4,4,block_1_1_1x1,1,3,14,0,7,14,0,1,3,0,1,8,4,2
4,4,block_1_1_1x1,1,3,15,1,7,15,0,1,3,1,1,8,4,2
4,4,block_1_1_1x1,1,7,16,2,7,16,0,2,0,0,1,8,4,2
4,4,block_1_1_1x1,1,7,17,3,7,17,0,2,0,1,1,8,4,2
4,4,block_1_1_1x1,1,7,18,2,6,18,0,2,1,0,1,8,4,2
4,4,block_1_1_1x1,1,7,19,3,6,19,0,2,1,1,1,8,4,2
4,4,block_1_1_1x1,1,6,20,2,5,20,0,2,2,0,1,8,4,2
4,4,block_1_1_1x1,1,6,21,3,5,21,0,2,2,1,1,8,4,2
4,4,block_1_1_1x1,1,6,22,2,4,22,0,2,3,0,1,8,4,2
4,4,block_1_1_1x1,1,6,23,3,4,23,0,2,3,1,1,8,4,2
4,4,block_1_1_1x1,1,5,24,2,3,24,0,3,0,0,1,8,4,2
4,4,block_1_1_1x1,1,5,25,3,3,25,0,3,0,1,1,8,4,2
4,4,block_1_1_1x1,1,5,26,2,2,26,0,3,1,0,1,8,4,2
4,4,block_1_1_1x1,1,5,27,3,2,27,0,3,1,1,1,8,4,2
4,4,block_1_1_1x1,1,4,28,2,1,28,0,3,2,0,1,8,4,2
4,4,block_1_1_1x1,1,4,29,3,1,29,0,3,2,1,1,8,4,2
4,4,block_1_1_1x1,1,4,30,2,0,30,0,3,3,0,1,8,4,2
4,4,block_1_1_1x1,1,4,31,3,0,31,0,3,3,1,1,8,4,2
4,4,block_1_1_1x1,1,8,32,4,0,32,0,4,0,0,1,8,4,2
4,4,block_1_1_1x1,1,8,33,5,0,33,0,4,0,1,1,8,4,2
4,4,block_1_1_1x1,1,8,34,4,1,34,0,4,1,0,1,8,4,2
4,4,block_1_1_1x1,1,8,35,5,1,35,0,4,1,1,1,8,4,2
4,4,block_1_1_1x1,1,9,36,4,2,36,0,4,2,0,1,8,4,2
4,4,block_1_1_1x1,1,9,37,5,2,37,0,4,2,1,1,8,4,2
4,4,block_1_1_1x1,1,9,38,4,3,38,0,4,3,0,1,8,4,2
4,4,block_1_1_1x1,1,9,39,5,3,39,0,4,3,1,1,8,4,2
4,4,block_1_1_1x1,1,10,40,4,4,40,0,5,0,0,1,8,4,2
4,4,block_1_1_1x1,1,10,41,5,4,41,0,5,0,1,1,8,4,2
4,4,block_1_1_1x1,1,10,42,4,5,42,0,5,1,0,1,8,4,2
4,4,block_1_1_1x1,1,10,43,5,5,43,0,5,1,1,1,8,4,2
4,4,block_1_1_1x1,1,11,44,4,6,44,0,5,2,0,1,8,4,2
4,4,block_1_1_1x1,1,11,45,5,6,45,0,5,2,1,1,8,4,2
4,4,block_1_1_1x1,1,11,46,4,7,46,0,5,3,0,1,8,4,2
4,4,block_1_1_1x1,1,11,47,5,7,47,0,5,3,1,1,8,4,2
4,4,block_1_1_1x1,1,15,48,6,7,48,0,6,0,0,1,8,4,2
4,4,block_1_1_1x1,1,15,49,7,7,49,0,6,0,1,1,8,4,2
4,4,block_1_1_1x1,1,15,50,6,6,50,0,6,1,0,1,8,4,2
4,4,block_1_1_1x1,1,15,51,7,6,51,0,6,1,1,1,8,4,2
4,4,block_1_1_1x1,1,14,52,6,5,52,0,6,2,0,1,8,4,2
4,4,block_1_1_1x1,1,14,53,7,5,53,0,6,2,1,1,8,4,2
4,4,block_1_1_1x1,1,14,54,6,4,54,0,6,3,0,1,8,4,2
4,4,block_1_1_1x1,1,14,55,7,4,55,0,6,3,1,1,8,4,2
4,4,block_1_1_1x1,1,13,56,6,3,56,0,7,0,0,1,8,4,2
4,4,block_1_1_1x1,1,13,57,7,3,57,0,7,0,1,1,8,4,2
4,4,block_1_1_1x1,1,13,58,6,2,58,0,7,1,0,1,8,4,2
4,4,block_1_1_1x1,1,13,59,7,2,59,0,7,1,1,1,8,4,2
4,4,block_1_1_1x1,1,12,60,6,1,60,0,7,2,0,1,8,4,2
4,4,block_1_1_1x1,1,12,61,7,1,61,0,7,2,1,1,8,4,2
4,4,block_1_1_1x1,1,12,62,6,0,62,0,7,3,0,1,8,4,2
4,4,block_1_1_1x1,1,12,63,7,0,63,0,7,3,1,1,8,4,2
5,5,block_1_1_3x3,1,0,0,0,0,0,0,0,0,0,1,4,8,2
5,5,block_1_1_3x3,1,0,1,1,0,1,0,0,0,1,1,4,8,2
5,5,block_1_1_3x3,1,0,2,0,1,2,0,0,1,0,1,4,8,2
5,5,block_1_1_3x3,1,0,3,1,1,3,0,0,1,1,1,4,8,2
5,5,block_1_1_3x3,1,1,4,0,2,4,0,0,2,0,1,4,8,2
5,5,block_1_1_3x3,1,1,5,1,2,5,0,0,2,1,1,4,8,2
5,5,block_1_1_3x3,1,1,6,0,3,6,0,0,3,0,1,4,8,2
5,5,block_1_1_3x3,1,1,7,1,3,7,0,0,3,1,1,4,8,2
5,5,block_1_1_3x3,1,2,8,0,4,8,0,0,4,0,1,4,8,2
5,5,block_1_1_3x3,1,2,9,1,4,9,0,0,4,1,1,4,8,2
5,5,block_1_1_3x3,1,2,10,0,5,10,0,0,5,0,1,4,8,2
5,5,block_1_1_3x3,1,2,11,1,5,11,0,0,5,1,1,4,8,2
5,5,block_1_1_3x3,1,3,12,0,6,12,0,0,6,0,1,4,8,2
5,5,block_1_1_3x3,1,3,13,1,6,13,0,0,6,1,1,4,8,2
5,5,block_1_1_3x3,1,3,14,0,7,14,0,0,7,0,1,4,8,2
5,5,block_1_1_3x3,1,3,15,1,7,15,0,0,7,1,1,4,8,2
5,5,block_1_1_3x3,1,7,16,2,7,16,0,1,0,0,1,4,8,2
5,5,block_1_1_3x3,1,7,17,3,7,17,0,1,0,1,1,4,8,2
5,5,block_1_1_3x3,1,7,18,2,6,18,0,1,1,0,1,4,8,2
5,5,block_1_1_3x3,1,7,19,3,6,19,0,1,1,1,1,4,8,2
5,5,block_1_1_3x3,1,6,20,2,5,20,0,1,2,0,1,4,8,2
5,5,block_1_1_3x3,1,6,21,3,5,21,0,1,2,1,1,4,8,2
5,5,block_1_1_3x3,1,6,22,2,4,22,0,1,3,0,1,4,8,2
5,5,block_1_1_3x3,1,6,23,3,4,23,0,1,3,1,1,4,8,2
5,5,block_1_1_3x3,1,5,24,2,3,24,0,1,4,0,1,4,8,2
5,5,block_1_1_3x3,1,5,25,3,3,25,0,1,4,1,1,4,8,2
5,5,block_1_1_3x3,1,5,26,2,2,26,0,1,5,0,1,4,8,2
5,5,block_1_1_3x3,1,5,27,3,2,27,0,1,5,1,1,4,8,2
5,5,block_1_1_3x3,1,4,28,2,1,28,0,1,6,0,1,4,8,2
5,5,block_1_1_3x3,1,4,29,3,1,29,0,1,6,1,1,4,8,2
5,5,block_1_1_3x3,1,4,30,2,0,30,0,1,7,0,1,4,8,2
5,5,block_1_1_3x3,1,4,31,3,0,31,0,1,7,1,1,4,8,2
5,5,block_1_1_3x3,1,8,32,4,0,32,0,2,0,0,1,4,8,2
5,5,block_1_1_3x3,1,8,33,5,0,33,0,2,0,1,1,4,8,2
5,5,block_1_1_3x3,1,8,34,4,1,34,0,2,1,0,1,4,8,2
5,5,block_1_1_3x3,1,8,35,5,1,35,0,2,1,1,1,4,8,2
5,5,block_1_1_3x3,1,9,36,4,2,36,0,2,2,0,1,4,8,2
5,5,block_1_1_3x3,1,9,37,5,2,37,0,2,2,1,1,4,8,2
5,5,block_1_1_3x3,1,9,38,4,3,38,0,2,3,0,1,4,8,2
5,5,block_1_1_3x3,1,9,39,5,3,39,0,2,3,1,1,4,8,2
5,5,block_1_1_3x3,1,10,40,4,4,40,0,2,4,0,1,4,8,2
5,5,block_1_1_3x3,1,10,41,5,4,41,0,2,4,1,1,4,8,2
5,5,block_1_1_3x3,1,10,42,4,5,42,0,2,5,0,1,4,8,2
5,5,block_1_1_3x3,1,10,43,5,5,43,0,2,5,1,1,4,8,2
5,5,block_1_1_3x3,1,11,44,4,6,44,0,2,6,0,1,4,8,2
5,5,block_1_1_3x3,1,11,45,5,6,45,0,2,6,1,1,4,8,2
5,5,block_1_1_3x3,1,11,46,4,7,46,0,2,7,0,1,4,8,2
5,5,block_1_1_3x3,1,11,47,5,7,47,0,2,7,1,1,4,8,2
5,5,block_1_1_3x3,1,15,48,6,7,48,0,3,0,0,1,4,8,2
5,5,block_1_1_3x3,1,15,49,7,7,49,0,3,0,1,1,4,8,2
5,5,block_1_1_3x3,1,15,50,6,6,50,0,3,1,0,1,4,8,2
5,5,block_1_1_3x3,1,15,51,7,6,51,0,3,1,1,1,4,8,2
5,5,block_1_1_3x3,1,14,52,6,5,52,0,3,2,0,1,4,8,2
5,5,block_1_1_3x3,1,14,53,7,5,53,0,3,2,1,1,4,8,2
5,5,block_1_1_3x3,1,14,54,6,4,54,0,3,3,0,1,4,8,2
5,5,block_1_1_3x3,1,14,55,7,4,55,0,3,3,1,1,4,8,2
5,5,block_1_1_3x3,1,13,56,6,3,56,0,3,4,0,1,4,8,2
5,5,block_1_1_3x3,1,13,57,7,3,57,0,3,4,1,1,4,8,2
5,5,block_1_1_3x3,1,13,58,6,2,58,0,3,5,0,1,4,8,2
5,5,block_1_1_3x3,1,13,59,7,2,59,0,3,5,1,1,4,8,2
5,5,block_1_1_3x3,1,12,60,6,1,60,0,3,6,0,1,4,8,2
5,5,block_1_1_3x3,1,12,61,7,1,61,0,3,6,1,1,4,8,2
5,5,block_1_1_3x3,1,12,62,6,0,62,0,3,7,0,1,4,8,2
5,5,block_1_1_3x3,1,12,63,7,0,63,0,3,7,1,1,4,8,2
6,6,block_1_2_1x1,1,0,0,0,0,0,0,0,0,0,1,8,4,2
6,6,block_1_2_1x1,1,0,1,1,0,1,0,0,0,1,1,8,4,2
6,6,block_1_2_1x1,1,0,2,0,1,2,0,0,1,0,1,8,4,2
6,6,block_1_2_1x1,1,0,3,1,1,3,0,0,1,1,1,8,4,2
6,6,block_1_2_1x1,1,1,4,0,2,4,0,0,2,0,1,8,4,2
6,6,block_1_2_1x1,1,1,5,1,2,5,0,0,2,1,1,8,4,2
6,6,block_1_2_1x1,1,1,6,0,3,6,0,0,3,0,1,8,4,2
6,6,block_1_2_1x1,1,1,7,1,3,7,0,0,3,1,1,8,4,2
6,6,block_1_2_1x1,1,2,8,0,4,8,0,1,0,0,1,8,4,2
6,6,block_1_2_1x1,1,2,9,1,4,9,0,1,0,1,1,8,4,2
6,6,block_1_2_1x1,1,2,10,0,5,10,0,1,1,0,1,8,4,2
6,6,block_1_2_1x1,1,2,11,1,5,11,0,1,1,1,1,8,4,2
6,6,block_1_2_1x1,1,3,12,0,6,12,0,1,2,0,1,8,4,2
6,6,block_1_2_1x1,1,3,13,1,6,13,0,1,2,1,1,8,4,2
6,6,block_1_2_1x1,1,3,14,0,7,14,0,1,3,0,1,8,4,2
6,6,block_1_2_1x1,1,3,15,1,7,15,0,1,3,1,1,8,4,2
6,6,block_1_2_1x1,1,7,16,2,7,16,0,2,0,0,1,8,4,2
6,6,block_1_2_1x1,1,7,17,3,7,17,0,2,0,1,1,8,4,2
6,6,block_1_2_1x1,1,7,18,2,6,18,0,2,1,0,1,8,4,2
6,6,block_1_2_1x1,1,7,19,3,6,19,0,2,1,1,1,8,4,2
6,6,block_1_2_1x1,1,6,20,2,5,20,0,2,2,0,1,8,4,2
6,6,block_1_2_1x1,1,6,21,3,5,21,0,2,2,1,1,8,4,2
6,6,block_1_2_1x1,1,6,22,2,4,22,0,2,3,0,1,8,4,2
6,6,block_1_2_1x1,1,6,23,3,4,23,0,2,3,1,1,8,4,2
6,6,block_1_2_1x1,1,5,24,2,3,24,0,3,0,0,1,8,4,2
6,6,block_1_2_1x1,1,5,25,3,3,25,0,3,0,1,1,8,4,2
6,6,block_1_2_1x1,1,5,26,2,2,26,0,3,1,0,1,8,4,2
6,6,block_1_2_1x1,1,5,27,3,2,27,0,3,1,1,1,8,4,2
6,6,block_1_2_1x1,1,4,28,2,1,28,0,3,2,0,1,8,4,2
6,6,block_1_2_1x1,1,4,29,3,1,29,0,3,2,1,1,8,4,2
6,6,block_1_2_1x1,1,4,30,2,0,30,0,3,3,0,1,8,4,2
6,6,block_1_2_1x1,1,4,31,3,0,31,0,3,3,1,1,8,4,2
6,6,block_1_2_1x1,1,8,32,4,0,32,0,4,0,0,1,8,4,2
6,6,block_1_2_1x1,1,8,33,5,0,33,0,4,0,1,1,8,4,2
6,6,block_1_2_1x1,1,8,34,4,1,34,0,4,1,0,1,8,4,2
6,6,block_1_2_1x1,1,8,35,5,1,35,0,4,1,1,1,8,4,2
6,6,block_1_2_1x1,1,9,36,4,2,36,0,4,2,0,1,8,4,2
6,6,block_1_2_1x1,1,9,37,5,2,37,0,4,2,1,1,8,4,2
6,6,block_1_2_1x1,1,9,38,4,3,38,0,4,3,0,1,8,4,2
6,6,block_1_2_1x1,1,9,39,5,3,39,0,4,3,1,1,8,4,2
6,6,block_1_2_1x1,1,10,40,4,4,40,0,5,0,0,1,8,4,2
6,6,block_1_2_1x1,1,10,41,5,4,41,0,5,0,1,1,8,4,2
6,6,block_1_2_1x1,1,10,42,4,5,42,0,5,1,0,1,8,4,2
6,6,block_1_2_1x1,1,10,43,5,5,43,0,5,1,1,1,8,4,2
6,6,block_1_2_1x1,1,11,44,4,6,44,0,5,2,0,1,8,4,2
6,6,block_1_2_1x1,1,11,45,5,6,45,0,5,2,1,1,8,4,2
6,6,block_1_2_1x1,1,11,46,4,7,46,0,5,3,0,1,8,4,2
6,6,block_1_2_1x1,1,11,47,5,7,47,0,5,3,1,1,8,4,2
6,6,block_1_2_1x1,1,15,48,6,7,48,0,6,0,0,1,8,4,2
6,6,block_1_2_1x1,1,15,49,7,7,49,0,6,0,1,1,8,4,2
6,6,block_1_2_1x1,1,15,50,6,6,50,0,6,1,0,1,8,4,2
6,6,block_1_2_1x1,1,15,51,7,6,51,0,6,1,1,1,8,4,2
6,6,block_1_2_1x1,1,14,52,6,5,52,0,6,2,0,1,8,4,2
6,6,block_1_2_1x1,1,14,53,7,5,53,0,6,2,1,1,8,4,2
6,6,block_1_2_1x1,1,14,54,6,4,54,0,6,3,0,1,8,4,2
6,6,block_1_2_1x1,1,14,55,7,4,55,0,6,3,1,1,8,4,2
6,6,block_1_2_1x1,1,13,56,6,3,56,0,7,0,0,1,8,4,2
6,6,block_1_2_1x1,1,13,57,7,3,57,0,7,0,1,1,8,4,2
6,6,block_1_2_1x1,1,13,58,6,2,58,0,7,1,0,1,8,4,2
6,6,block_1_2_1x1,1,13,59,7,2,59,0,7,1,1,1,8,4,2
6,6,block_1_2_1x1,1,12,60,6,1,60,0,7,2,0,1,8,4,2
6,6,block_1_2_1x1,1,12,61,7,1,61,0,7,2,1,1,8,4,2
6,6,block_1_2_1x1,1,12,62,6,0,62,0,7,3,0,1,8,4,2
6,6,block_1_2_1x1,1,12,63,7,0,63,0,7,3,1,1,8,4,2
7,7,block_1_2_3x3,1,0,0,0,0,0,0,0,0,0,1,4,8,2
7,7,block_1_2_3x3,1,0,1,1,0,1,0,0,0,1,1,4,8,2
7,7,block_1_2_3x3,1,0,2,0,1,2,0,0,1,0,1,4,8,2
7,7,block_1_2_3x3,1,0,3,1,1,3,0,0,1,1,1,4,8,2
7,7,block_1_2_3x3,1,1,4,0,2,4,0,0,2,0,1,4,8,2
7,7,block_1_2_3x3,1,1,5,1,2,5,0,0,2,1,1,4,8,2
7,7,block_1_2_3x3,1,1,6,0,3,6,0,0,3,0,1,4,8,2
7,7,block_1_2_3x3,1,1,7,1,3,7,0,0,3,1,1,4,8,2
7,7,block_1_2_3x3,1,2,8,0,4,8,0,0,4,0,1,4,8,2
7,7,block_1_2_3x3,1,2,9,1,4,9,0,0,4,1,1,4,8,2
7,7,block_1_2_3x3,1,2,10,0,5,10,0,0,5,0,1,4,8,2
7,7,block_1_2_3x3,1,2,11,1,5,11,0,0,5,1,1,4,8,2
7,7,block_1_2_3x3,1,3,12,0,6,12,0,0,6,0,1,4,8,2
7,7,block_1_2_3x3,1,3,13,1,6,13,0,0,6,1,1,4,8,2
7,7,block_1_2_3x3,1,3,14,0,7,14,0,0,7,0,1,4,8,2
7,7,block_1_2_3x3,1,3,15,1,7,15,0,0,7,1,1,4,8,2
7,7,block_1_2_3x3,1,7,16,2,7,16,0,1,0,0,1,4,8,2
7,7,block_1_2_3x3,1,7,17,3,7,17,0,1,0,1,1,4,8,2
7,7,block_1_2_3x3,1,7,18,2,6,18,0,1,1,0,1,4,8,2
7,7,block_1_2_3x3,1,7,19,3,6,19,0,1,1,1,1,4,8,2
7,7,block_1_2_3x3,1,6,20,2,5,20,0,1,2,0,1,4,8,2
7,7,block_1_2_3x3,1,6,21,3,5,21,0,1,2,1,1,4,8,2
7,7,block_1_2_3x3,1,6,22,2,4,22,0,1,3,0,1,4,8,2
7,7,block_1_2_3x3,1,6,23,3,4,23,0,1,3,1,1,4,8,2
7,7,block_1_2_3x3,1,5,24,2,3,24,0,1,4,0,1,4,8,2
7,7,block_1_2_3x3,1,5,25,3,3,25,0,1,4,1,1,4,8,2
7,7,block_1_2_3x3,1,5,26,2,2,26,0,1,5,0,1,4,8,2
7,7,block_1_2_3x3,1,5,27,3,2,27,0,1,5,1,1,4,8,2
7,7,block_1_2_3x3,1,4,28,2,1,28,0,1,6,0,1,4,8,2
7,7,block_1_2_3x3,1,4,29,3,1,29,0,1,6,1,1,4,8,2
7,7,block_1_2_3x3,1,4,30,2,0,30,0,1,7,0,1,4,8,2
7,7,block_1_2_3x3,1,4,31,3,0,31,0,1,7,1,1,4,8,2
7,7,block_1_2_3x3,1,8,32,4,0,32,0,2,0,0,1,4,8,2
7,7,block_1_2_3x3,1,8,33,5,0,33,0,2,0,1,1,4,8,2
7,7,block_1_2_3x3,1,8,34,4,1,34,0,2,1,0,1,4,8,2
7,7,block_1_2_3x3,1,8,35,5,1,35,0,2,1,1,1,4,8,2
7,7,block_1_2_3x3,1,9,36,4,2,36,0,2,2,0,1,4,8,2
7,7,block_1_2_3x3,1,9,37,5,2,37,0,2,2,1,1,4,8,2
7,7,block_1_2_3x3,1,9,38,4,3,38,0,2,3,0,1,4,8,2
7,7,block_1_2_3x3,1,9,39,5,3,39,0,2,3,1,1,4,8,2
7,7,block_1_2_3x3,1,10,40,4,4,40,0,2,4,0,1,4,8,2
7,7,block_1_2_3x3,1,10,41,5,4,41,0,2,4,1,1,4,8,2
7,7,block_1_2_3x3,1,10,42,4,5,42,0,2,5,0,1,4,8,2
7,7,block_1_2_3x3,1,10,43,5,5,43,0,2,5,1,1,4,8,2
7,7,block_1_2_3x3,1,11,44,4,6,44,0,2,6,0,1,4,8,2
7,7,block_1_2_3x3,1,11,45,5,6,45,0,2,6,1,1,4,8,2
7,7,block_1_2_3x3,1,11,46,4,7,46,0,2,7,0,1,4,8,2
7,7,block_1_2_3x3,1,11,47,5,7,47,0,2,7,1,1,4,8,2
7,7,block_1_2_3x3,1,15,48,6,7,48,0,3,0,0,1,4,8,2
7,7,block_1_2_3x3,1,15,49,7,7,49,0,3,0,1,1,4,8,2
7,7,block_1_2_3x3,1,15,50,6,6,50,0,3,1,0,1,4,8,2
7,7,block_1_2_3x3,1,15,51,7,6,51,0,3,1,1,1,4,8,2
7,7,block_1_2_3x3,1,14,52,6,5,52,0,3,2,0,1,4,8,2
7,7,block_1_2_3x3,1,14,53,7,5,53,0,3,2,1,1,4,8,2
7,7,block_1_2_3x3,1,14,54,6,4,54,0,3,3,0,1,4,8,2
7,7,block_1_2_3x3,1,14,55,7,4,55,0,3,3,1,1,4,8,2
7,7,block_1_2_3x3,1,13,56,6,3,56,0,3,4,0,1,4,8,2
7,7,block_1_2_3x3,1,13,57,7,3,57,0,3,4,1,1,4,8,2
7,7,block_1_2_3x3,1,13,58,6,2,58,0,3,5,0,1,4,8,2
7,7,block_1_2_3x3,1,13,59,7,2,59,0,3,5,1,1,4,8,2
7,7,block_1_2_3x3,1,12,60,6,1,60,0,3,6,0,1,4,8,2
7,7,block_1_2_3x3,1,12,61,7,1,61,0,3,6,1,1,4,8,2
7,7,block_1_2_3x3,1,12,62,6,0,62,0,3,7,0,1,4,8,2
7,7,block_1_2_3x3,1,12,63,7,0,63,0,3,7,1,1,4,8,2
8,8,block_1_3_1x1,1,0,0,0,0,0,0,0,0,0,1,8,4,2
8,8,block_1_3_1x1,1,0,1,1,0,1,0,0,0,1,1,8,4,2
8,8,block_1_3_1x1,1,0,2,0,1,2,0,0,1,0,1,8,4,2
8,8,block_1_3_1x1,1,0,3,1,1,3,0,0,1,1,1,8,4,2
8,8,block_1_3_1x1,1,1,4,0,2,4,0,0,2,0,1,8,4,2
8,8,block_1_3_1x1,1,1,5,1,2,5,0,0,2,1,1,8,4,2
8,8,block_1_3_1x1,1,1,6,0,3,6,0,0,3,0,1,8,4,2
8,8,block_1_3_1x1,1,1,7,1,3,7,0,0,3,1,1,8,4,2
8,8,block_1_3_1x1,1,2,8,0,4,8,0,1,0,0,1,8,4,2
8,8,block_1_3_1x1,1,2,9,1,4,9,0,1,0,1,1,8,4,2
8,8,block_1_3_1x1,1,2,10,0,5,10,0,1,1,0,1,8,4,2
8,8,block_1_3_1x1,1,2,11,1,5,11,0,1,1,1,1,8,4,2
8,8,block_1_3_1x1,1,3,12,0,6,12,0,1,2,0,1,8,4,2
8,8,block_1_3_1x1,1,3,13,1,6,13,0,1,2,1,1,8,4,2
8,8,block_1_3_1x1,1,3,14,0,7,14,0,1,3,0,1,8,4,2
8,8,block_1_3_1x1,1,3,15,1,7,15,0,1,3,1,1,8,4,2
8,8,block_1_3_1x1,1,7,16,2,7,16,0,2,0,0,1,8,4,2
8,8,block_1_3_1x1,1,7,17,3,7,17,0,2,0,1,1,8,4,2
8,8,block_1_3_1x1,1,7,18,2,6,18,0,2,1,0,1,8,4,2
8,8,block_1_3_1x1,1,7,19,3,6,19,0,2,1,1,1,8,4,2
8,8,block_1_3_1x1,1,6,20,2,5,20,0,2,2,0,1,8,4,2
8,8,block_1_3_1x1,1,6,21,3,5,21,0,2,2,1,1,8,4,2
8,8,block_1_3_1x1,1,6,22,2,4,22,0,2,3,0,1,8,4,2
8,8,block_1_3_1x1,1,6,23,3,4,23,0,2,3,1,1,8,4,2
8,8,block_1_3_1x1,1,5,24,2,3,24,0,3,0,0,1,8,4,2
8,8,block_1_3_1x1,1,5,25,3,3,25,0,3,0,1,1,8,4,2
8,8,block_1_3_1x1,1,5,26,2,2,26,0,3,1,0,1,8,4,2
8,8,block_1_3_1x1,1,5,27,3,2,27,0,3,1,1,1,8,4,2
8,8,block_1_3_1x1,1,4,28,2,1,28,0,3,2,0,1,8,4,2
8,8,block_1_3_1x1,1,4,29,3,1,29,0,3,2,1,1,8,4,2
8,8,block_1_3_1x1,1,4,30,2,0,30,0,3,3,0,1,8,4,2
8,8,block_1_3_1x1,1,4,31,3,0,31,0,3,3,1,1,8,4,2
8,8,block_1_3_1x1,1,8,32,4,0,32,0,4,0,0,1,8,4,2
8,8,block_1_3_1x1,1,8,33,5,0,33,0,4,0,1,1,8,4,2
8,8,block_1_3_1x1,1,8,34,4,1,34,0,4,1,0,1,8,4,2
8,8,block_1_3_1x1,1,8,35,5,1,35,0,4,1,1,1,8,4,2
8,8,block_1_3_1x1,1,9,36,4,2,36,0,4,2,0,1,8,4,2
8,8,block_1_3_1x1,1,9,37,5,2,37,0,4,2,1,1,8,4,2
8,8,block_1_3_1x1,1,9,38,4,3,38,0,4,3,0,1,8,4,2
8,8,block_1_3_1x1,1,9,39,5,3,39,0,4,3,1,1,8,4,2
8,8,block_1_3_1x1,1,10,40,4,4,40,0,5,0,0,1,8,4,2
8,8,block_1_3_1x1,1,10,41,5,4,41,0,5,0,1,1,8,4,2
8,8,block_1_3_1x1,1,10,42,4,5,42,0,5,1,0,1,8,4,2
8,8,block_1_3_1x1,1,10,43,5,5,43,0,5,1,1,1,8,4,2
8,8,block_1_3_1x1,1,11,44,4,6,44,0,5,2,0,1,8,4,2
8,8,block_1_3_1x1,1,11,45,5,6,45,0,5,2,1,1,8,4,2
8,8,block_1_3_1x1,1,11,46,4,7,46,0,5,3,0,1,8,4,2
8,8,block_1_3_1x1,1,11,47,5,7,47,0,5,3,1,1,8,4,2
8,8,block_1_3_1x1,1,15,48,6,7,48,0,6,0,0,1,8,4,2
8,8,block_1_3_1x1,1,15,49,7,7,49,0,6,0,1,1,8,4,2
8,8,block_1_3_1x1,1,15,50,6,6,50,0,6,1,0,1,8,4,2
8,8,block_1_3_1x1,1,15,51,7,6,51,0,6,1,1,1,8,4,2
8,8,block_1_3_1x1,1,14,52,6,5,52,0,6,2,0,1,8,4,2
8,8,block_1_3_1x1,1,14,53,7,5,53,0,6,2,1,1,8,4,2
8,8,block_1_3_1x1,1,14,54,6,4,54,0,6,3,0,1,8,4,2
8,8,block_1_3_1x1,1,14,55,7,4,55,0,6,3,1,1,8,4,2
8,8,block_1_3_1x1,1,13,56,6,3,56,0,7,0,0,1,8,4,2
8,8,block_1_3_1x1,1,13,57,7,3,57,0,7,0,1,1,8,4,2
8,8,block_1_3_1x1,1,13,58,6,2,58,0,7,1,0,1,8,4,2
8,8,block_1_3_1x1,1,13,59,7,2,59,0,7,1,1,1,8,4,2
8,8,block_1_3_1x1,1,12,60,6,1,60,0,7,2,0,1,8,4,2
8,8,block_1_3_1x1,1,12,61,7,1,61,0,7,2,1,1,8,4,2
8,8,block_1_3_1x1,1,12,62,6,0,62,0,7,3,0,1,8,4,2
8,8,block_1_3_1x1,1,12,63,7,0,63,0,7,3,1,1,8,4,2
9,9,block_1_3_3x3,1,0,0,0,0,0,0,0,0,0,1,4,8,2
9,9,block_1_3_3x3,1,0,1,1,0,1,0,0,0,1,1,4,8,2
9,9,block_1_3_3x3,1,0,2,0,1,2,0,0,1,0,1,4,8,2
9,9,block_1_3_3x3,1,0,3,1,1,3,0,0,1,1,1,4,8,2
9,9,block_1_3_3x3,1,1,4,0,2,4,0,0,2,0,1,4,8,2
9,9,block_1_3_3x3,1,1,5,1,2,5,0,0,2,1,1,4,8,2
9,9,block_1_3_3x3,1,1,6,0,3,6,0,0,3,0,1,4,8,2
9,9,block_1_3_3x3,1,1,7,1,3,7,0,0,3,1,1,4,8,2
9,9,block_1_3_3x3,1,2,8,0,4,8,0,0,4,0,1,4,8,2
9,9,block_1_3_3x3,1,2,9,1,4,9,0,0,4,1,1,4,8,2
9,9,block_1_3_3x3,1,2,10,0,5,10,0,0,5,0,1,4,8,2
9,9,block_1_3_3x3,1,2,11,1,5,11,0,0,5,1,1,4,8,2
9,9,block_1_3_3x3,1,3,12,0,6,12,0,0,6,0,1,4,8,2
9,9,block_1_3_3x3,1,3,13,1,6,13,0,0,6,1,1,4,8,2
9,9,block_1_3_3x3,1,3,14,0,7,14,0,0,7,0,1,4,8,2
9,9,block_1_3_3x3,1,3,15,1,7,15,0,0,7,1,1,4,8,2
9,9,block_1_3_3x3,1,7,16,2,7,16,0,1,0,0,1,4,8,2
9,9,block_1_3_3x3,1,7,17,3,7,17,0,1,0,1,1,4,8,2
9,9,block_1_3_3x3,1,7,18,2,6,18,0,1,1,0,1,4,8,2
9,9,block_1_3_3x3,1,7,19,3,6,19,0,1,1,1,1,4,8,2
9,9,block_1_3_3x3,1,6,20,2,5,20,0,1,2,0,1,4,8,2
9,9,block_1_3_3x3,1,6,21,3,5,21,0,1,2,1,1,4,8,2
9,9,block_1_3_3x3,1,6,22,2,4,22,0,1,3,0,1,4,8,2
9,9,block_1_3_3x3,1,6,23,3,4,23,0,1,3,1,1,4,8,2
9,9,block_1_3_3x3,1,5,24,2,3,24,0,1,4,0,1,4,8,2
9,9,block_1_3_3x3,1,5,25,3,3,25,0,1,4,1,1,4,8,2
9,9,block_1_3_3x3,1,5,26,2,2,26,0,1,5,0,1,4,8,2
9,9,block_1_3_3x3,1,5,27,3,2,27,0,1,5,1,1,4,8,2
9,9,block_1_3_3x3,1,4,28,2,1,28,0,1,6,0,1,4,8,2
9,9,block_1_3_3x3,1,4,29,3,1,29,0,1,6,1,1,4,8,2
9,9,block_1_3_3x3,1,4,30,2,0,30,0,1,7,0,1,4,8,2
9,9,block_1_3_3x3,1,4,31,3,0,31,0,1,7,1,1,4,8,2
9,9,block_1_3_3x3,1,8,32,4,0,32,0,2,0,0,1,4,8,2
9,9,block_1_3_3x3,1,8,33,5,0,33,0,2,0,1,1,4,8,2
9,9,block_1_3_3x3,1,8,34,4,1,34,0,2,1,0,1,4,8,2
9,9,block_1_3_3x3,1,8,35,5,1,35,0,2,1,1,1,4,8,2
9,9,block_1_3_3x3,1,9,36,4,2,36,0,2,2,0,1,4,8,2
9,9,block_1_3_3x3,1,9,37,5,2,37,0,2,2,1,1,4,8,2
9,9,block_1_3_3x3,1,9,38,4,3,38,0,2,3,0,1,4,8,2
9,9,block_1_3_3x3,1,9,39,5,3,39,0,2,3,1,1,4,8,2
9,9,block_1_3_3x3,1,10,40,4,4,40,0,2,4,0,1,4,8,2
9,9,block_1_3_3x3,1,10,41,5,4,41,0,2,4,1,1,4,8,2
9,9,block_1_3_3x3,1,10,42,4,5,42,0,2,5,0,1,4,8,2
9,9,block_1_3_3x3,1,10,43,5,5,43,0,2,5,1,1,4,8,2
9,9,block_1_3_3x3,1,11,44,4,6,44,0,2,6,0,1,4,8,2
9,9,block_1_3_3x3,1,11,45,5,6,45,0,2,6,1,1,4,8,2
9,9,block_1_3_3x3,1,11,46,4,7,46,0,2,7,0,1,4,8,2
9,9,block_1_3_3x3,1,11,47,5,7,47,0,2,7,1,1,4,8,2
9,9,block_1_3_3x3,1,15,48,6,7,48,0,3,0,0,1,4,8,2
9,9,block_1_3_3x3,1,15,49,7,7,49,0,3,0,1,1,4,8,2
9,9,block_1_3_3x3,1,15,50,6,6,50,0,3,1,0,1,4,8,2
9,9,block_1_3_3x3,1,15,51,7,6,51,0,3,1,1,1,4,8,2
9,9,block_1_3_3x3,1,14,52,6,5,52,0,3,2,0,1,4,8,2
9,9,block_1_3_3x3,1,14,53,7,5,53,0,3,2,1,1,4,8,2
9,9,block_1_3_3x3,1,14,54,6,4,54,0,3,3,0,1,4,8,2
9,9,block_1_3_3x3,1,14,55,7,4,55,0,3,3,1,1,4,8,2
9,9,block_1_3_3x3,1,13,56,6,3,56,0,3,4,0,1,4,8,2
9,9,block_1_3_3x3,1,13,57,7,3,57,0,3,4,1,1,4,8,2
9,9,block_1_3_3x3,1,13,58,6,2,58,0,3,5,0,1,4,8,2
9,9,block_1_3_3x3,1,13,59,7,2,59,0,3,5,1,1,4,8,2
9,9,block_1_3_3x3,1,12,60,6,1,60,0,3,6,0,1,4,8,2
9,9,block_1_3_3x3,1,12,61,7,1,61,0,3,6,1,1,4,8,2
9,9,block_1_3_3x3,1,12,62,6,0,62,0,3,7,0,1,4,8,2
9,9,block_1_3_3x3,1,12,63,7,0,63,0,3,7,1,1,4,8,2
10,10,block_1_4_1x1,1,0,0,0,0,0,0,0,0,0,1,8,4,2
10,10,block_1_4_1x1,1,0,1,1,0,1,0,0,0,1,1,8,4,2
10,10,block_1_4_1x1,1,0,2,0,1,2,0,0,1,0,1,8,4,2
10,10,block_1_4_1x1,1,0,3,1,1,3,0,0,1,1,1,8,4,2
10,10,block_1_4_1x1,1,1,4,0,2,4,0,0,2,0,1,8,4,2
10,10,block_1_4_1x1,1,1,5,1,2,5,0,0,2,1,1,8,4,2
10,10,block_1_4_1x1,1,1,6,0,3,6,0,0,3,0,1,8,4,2
10,10,block_1_4_1x1,1,1,7,1,3,7,0,0,3,1,1,8,4,2
10,10,block_1_4_1x1,1,2,8,0,4,8,0,1,0,0,1,8,4,2
10,10,block_1_4_1x1,1,2,9,1,4,9,0,1,0,1,1,8,4,2
10,10,block_1_4_1x1,1,2,10,0,5,10,0,1,1,0,1,8,4,2
10,10,block_1_4_1x1,1,2,11,1,5,11,0,1,1,1,1,8,4,2
10,10,block_1_4_1x1,1,3,12,0,6,12,0,1,2,0,1,8,4,2
10,10,block_1_4_1x1,1,3,13,1,6,13,0,1,2,1,1,8,4,2
10,10,block_1_4_1x1,1,3,14,0,7,14,0,1,3,0,1,8,4,2
10,10,block_1_4_1x1,1,3,15,1,7,15,0,1,3,1,1,8,4,2
10,10,block_1_4_1x1,1,7,16,2,7,16,0,2,0,0,1,8,4,2
10,10,block_1_4_1x1,1,7,17,3,7,17,0,2,0,1,1,8,4,2
10,10,block_1_4_1x1,1,7,18,2,6,18,0,2,1,0,1,8,4,2
10,10,block_1_4_1x1,1,7,19,3,6,19,0,2,1,1,1,8,4,2
10,10,block_1_4_1x1,1,6,20,2,5,20,0,2,2,0,1,8,4,2
10,10,block_1_4_1x1,1,6,21,3,5,21,0,2,2,1,1,8,4,2
10,10,block_1_4_1x1,1,6,22,2,4,22,0,2,3,0,1,8,4,2
10,10,block_1_4_1x1,1,6,23,3,4,23,0,2,3,1,1,8,4,2
10,10,block_1_4_1x1,1,5,24,2,3,24,0,3,0,0,1,8,4,2
10,10,block_1_4_1x1,1,5,25,3,3,25,0,3,0,1,1,8,4,2
10,10,block_1_4_1x1,1,5,26,2,2,26,0,3,1,0,1,8,4,2
10,10,block_1_4_1x1,1,5,27,3,2,27,0,3,1,1,1,8,4,2
10,10,block_1_4_1x1,1,4,28,2,1,28,0,3,2,0,1,8,4,2
10,10,block_1_4_1x1,1,4,29,3,1,29,0,3,2,1,1,8,4,2
10,10,block_1_4_1x1,1,4,30,2,0,30,0,3,3,0,1,8,4,2
10,10,block_1_4_1x1,1,4,31,3,0,31,0,3,3,1,1,8,4,2
10,10,block_1_4_1x1,1,8,32,4,0,32,0,4,0,0,1,8,4,2
10,10,block_1_4_1x1,1,8,33,5,0,33,0,4,0,1,1,8,4,2
10,10,block_1_4_1x1,1,8,34,4,1,34,0,4,1,0,1,8,4,2
10,10,block_1_4_1x1,1,8,35,5,1,35,0,4,1,1,1,8,4,2
10,10,block_1_4_1x1,1,9,36,4,2,36,0,4,2,0,1,8,4,2
10,10,block_1_4_1x1,1,9,37,5,2,37,0,4,2,1,1,8,4,2
10,10,block_1_4_1x1,1,9,38,4,3,38,0,4,3,0,1,8,4,2
10,10,block_1_4_1x1,1,9,39,5,3,39,0,4,3,1,1,8,4,2
10,10,block_1_4_1x1,1,10,40,4,4,40,0,5,0,0,1,8,4,2
10,10,block_1_4_1x1,1,10,41,5,4,41,0,5,0,1,1,8,4,2
10,10,block_1_4_1x1,1,10,42,4,5,42,0,5,1,0,1,8,4,2
10,10,block_1_4_1x1,1,10,43,5,5,43,0,5,1,1,1,8,4,2
10,10,block_1_4_1x1,1,11,44,4,6,44,0,5,2,0,1,8,4,2
10,10,block_1_4_1x1,1,11,45,5,6,45,0,5,2,1,1,8,4,2
10,10,block_1_4_1x1,1,11,46,4,7,46,0,5,3,0,1,8,4,2
10,10,block_1_4_1x1,1,11,47,5,7,47,0,5,3,1,1,8,4,2
10,10,block_1_4_1x1,1,15,48,6,7,48,0,6,0,0,1,8,4,2
10,10,block_1_4_1x1,1,15,49,7,7,49,0,6,0,1,1,8,4,2
10,10,block_1_4_1x1,1,15,50,6,6,50,0,6,1,0,1,8,4,2
10,10,block_1_4_1x1,1,15,51,7,6,51,0,6,1,1,1,8,4,2
10,10,block_1_4_1x1,1,14,52,6,5,52,0,6,2,0,1,8,4,2
10,10,block_1_4_1x1,1,14,53,7,5,53,0,6,2,1,1,8,4,2
10,10,block_1_4_1x1,1,14,54,6,4,54,0,6,3,0,1,8,4,2
10,10,block_1_4_1x1,1,14,55,7,4,55,0,6,3,1,1,8,4,2
10,10,block_1_4_1x1,1,13,56,6,3,56,0,7,0,0,1,8,4,2
10,10,block_1_4_1x1,1,13,57,7,3,57,0,7,0,1,1,8,4,2
10,10,block_1_4_1x1,1,13,58,6,2,58,0,7,1,0,1,8,4,2
10,10,block_1_4_1x1,1,13,59,7,2,59,0,7,1,1,1,8,4,2
10,10,block_1_4_1x1,1,12,60,6,1,60,0,7,2,0,1,8,4,2
10,10,block_1_4_1x1,1,12,61,7,1,61,0,7,2,1,1,8,4,2
10,10,block_1_4_1x1,1,12,62,6,0,62,0,7,3,0,1,8,4,2
10,10,block_1_4_1x1,1,12,63,7,0,63,0,7,3,1,1,8,4,2
11,11,block_1_4_3x3,1,0,0,0,0,0,0,0,0,0,1,4,8,2
11,11,block_1_4_3x3,1,0,1,1,0,1,0,0,0,1,1,4,8,2
11,11,block_1_4_3x3,1,0,2,0,1,2,0,0,1,0,1,4,8,2
11,11,block_1_4_3x3,1,0,3,1,1,3,0,0,1,1,1,4,8,2
11,11,block_1_4_3x3,1,1,4,0,2,4,0,0,2,0,1,4,8,2
11,11,block_1_4_3x3,1,1,5,1,2,5,0,0,2,1,1,4,8,2
11,11,block_1_4_3x3,1,1,6,0,3,6,0,0,3,0,1,4,8,2
11,11,block_1_4_3x3,1,1,7,1,3,7,0,0,3,1,1,4,8,2
11,11,block_1_4_3x3,1,2,8,0,4,8,0,0,4,0,1,4,8,2
11,11,block_1_4_3x3,1,2,9,1,4,9,0,0,4,1,1,4,8,2
11,11,block_1_4_3x3,1,2,10,0,5,10,0,0,5,0,1,4,8,2
11,11,block_1_4_3x3,1,2,11,1,5,11,0,0,5,1,1,4,8,2
11,11,block_1_4_3x3,1,3,12,0,6,12,0,0,6,0,1,4,8,2
11,11,block_1_4_3x3,1,3,13,1,6,13,0,0,6,1,1,4,8,2
11,11,block_1_4_3x3,1,3,14,0,7,14,0,0,7,0,1,4,8,2
11,11,block_1_4_3x3,1,3,15,1,7,15,0,0,7,1,1,4,8,2
11,11,block_1_4_3x3,1,7,16,2,7,16,0,1,0,0,1,4,8,2
11,11,block_1_4_3x3,1,7,17,3,7,17,0,1,0,1,1,4,8,2
11,11,block_1_4_3x3,1,7,18,2,6,18,0,1,1,0,1,4,8,2
11,11,block_1_4_3x3,1,7,19,3,6,19,0,1,1,1,1,4,8,2
11,11,block_1_4_3x3,1,6,20,2,5,20,0,1,2,0,1,4,8,2
11,11,block_1_4_3x3,1,6,21,3,5,21,0,1,2,1,1,4,8,2
11,11,block_1_4_3x3,1,6,22,2,4,22,0,1,3,0,1,4,8,2
11,11,block_1_4_3x3,1,6,23,3,4,23,0,1,3,1,1,4,8,2
11,11,block_1_4_3x3,1,5,24,2,3,24,0,1,4,0,1,4,8,2
11,11,block_1_4_3x3,1,5,25,3,3,25,0,1,4,1,1,4,8,2
11,11,block_1_4_3x3,1,5,26,2,2,26,0,1,5,0,1,4,8,2
11,11,block_1_4_3x3,1,5,27,3,2,27,0,1,5,1,1,4,8,2
11,11,block_1_4_3x3,1,4,28,2,1,28,0,1,6,0,1,4,8,2
11,11,block_1_4_3x3,1,4,29,3,1,29,0,1,6,1,1,4,8,2
11,11,block_1_4_3x3,1,4,30,2,0,30,0,1,7,0,1,4,8,2
11,11,block_1_4_3x3,1,4,31,3,0,31,0,1,7,1,1,4,8,2
11,11,block_1_4_3x3,1,8,32,4,0,32,0,2,0,0,1,4,8,2
11,11,block_1_4_3x3,1,8,33,5,0,33,0,2,0,1,1,4,8,2
11,11,block_1_4_3x3,1,8,34,4,1,34,0,2,1,0,1,4,8,2
11,11,block_1_4_3x3,1,8,35,5,1,35,0,2,1,1,1,4,8,2
11,11,block_1_4_3x3,1,9,36,4,2,36,0,2,2,0,1,4,8,2
11,11,block_1_4_3x3,1,9,37,5,2,37,0,2,2,1,1,4,8,2
11,11,block_1_4_3x3,1,9,38,4,3,38,0,2,3,0,1,4,8,2
11,11,block_1_4_3x3,1,9,39,5,3,39,0,2,3,1,1,4,8,2
11,11,block_1_4_3x3,1,10,40,4,4,40,0,2,4,0,1,4,8,2
11,11,block_1_4_3x3,1,10,41,5,4,41,0,2,4,1,1,4,8,2
11,11,block_1_4_3x3,1,10,42,4,5,42,0,2,5,0,1,4,8,2
11,11,block_1_4_3x3,1,10,43,5,5,43,0,2,5,1,1,4,8,2
11,11,block_1_4_3x3,1,11,44,4,6,44,0,2,6,0,1,4,8,2
11,11,block_1_4_3x3,1,11,45,5,6,45,0,2,6,1,1,4,8,2
11,11,block_1_4_3x3,1,11,46,4,7,46,0,2,7,0,1,4,8,2
11,11,block_1_4_3x3,1,11,47,5,7,47,0,2,7,1,1,4,8,2
11,11,block_1_4_3x3,1,15,48,6,7,48,0,3,0,0,1,4,8,2
11,11,block_1_4_3x3,1,15,49,7,7,49,0,3,0,1,1,4,8,2
11,11,block_1_4_3x3,1,15,50,6,6,50,0,3,1,0,1,4,8,2
11,11,block_1_4_3x3,1,15,51,7,6,51,0,3,1,1,1,4,8,2
11,11,block_1_4_3x3,1,14,52,6,5,52,0,3,2,0,1,4,8,2
11,11,block_1_4_3x3,1,14,53,7,5,53,0,3,2,1,1,4,8,2
11,11,block_1_4_3x3,1,14,54,6,4,54,0,3,3,0,1,4,8,2
11,11,block_1_4_3x3,1,14,55,7,4,55,0,3,3,1,1,4,8,2
11,11,block_1_4_3x3,1,13,56,6,3,56,0,3,4,0,1,4,8,2
11,11,block_1_4_3x3,1,13,57,7,3,57,0,3,4,1,1,4,8,2
11,11,block_1_4_3x3,1,13,58,6,2,58,0,3,5,0,1,4,8,2
11,11,block_1_4_3x3,1,13,59,7,2,59,0,3,5,1,1,4,8,2
11,11,block_1_4_3x3,1,12,60,6,1,60,0,3,6,0,1,4,8,2
11,11,block_1_4_3x3,1,12,61,7,1,61,0,3,6,1,1,4,8,2
11,11,block_1_4_3x3,1,12,62,6,0,62,0,3,7,0,1,4,8,2
11,11,block_1_4_3x3,1,12,63,7,0,63,0,3,7,1,1,4,8,2
12,12,block_1_5_1x1,1,0,0,0,0,0,0,0,0,0,1,8,4,2
12,12,block_1_5_1x1,1,0,1,1,0,1,0,0,0,1,1,8,4,2
12,12,block_1_5_1x1,1,0,2,0,1,2,0,0,1,0,1,8,4,2
12,12,block_1_5_1x1,1,0,3,1,1,3,0,0,1,1,1,8,4,2
12,12,block_1_5_1x1,1,1,4,0,2,4,0,0,2,0,1,8,4,2
12,12,block_1_5_1x1,1,1,5,1,2,5,0,0,2,1,1,8,4,2
12,12,block_1_5_1x1,1,1,6,0,3,6,0,0,3,0,1,8,4,2
12,12,block_1_5_1x1,1,1,7,1,3,7,0,0,3,1,1,8,4,2
12,12,block_1_5_1x1,1,2,8,0,4,8,0,1,0,0,1,8,4,2
12,12,block_1_5_1x1,1,2,9,1,4,9,0,1,0,1,1,8,4,2
12,12,block_1_5_1x1,1,2,10,0,5,10,0,1,1,0,1,8,4,2
12,12,block_1_5_1x1,1,2,11,1,5,11,0,1,1,1,1,8,4,2
12,12,block_1_5_1x1,1,3,12,0,6,12,0,1,2,0,1,8,4,2
12,12,block_1_5_1x1,1,3,13,1,6,13,0,1,2,1,1,8,4,2
12,12,block_1_5_1x1,1,3,14,0,7,14,0,1,3,0,1,8,4,2
12,12,block_1_5_1x1,1,3,15,1,7,15,0,1,3,1,1,8,4,2
12,12,block_1_5_1x1,1,7,16,2,7,16,0,2,0,0,1,8,4,2
12,12,block_1_5_1x1,1,7,17,3,7,17,0,2,0,1,1,8,4,2
12,12,block_1_5_1x1,1,7,18,2,6,18,0,2,1,0,1,8,4,2
12,12,block_1_5_1x1,1,7,19,3,6,19,0,2,1,1,1,8,4,2
12,12,block_1_5_1x1,1,6,20,2,5,20,0,2,2,0,1,8,4,2
12,12,block_1_5_1x1,1,6,21,3,5,21,0,2,2,1,1,8,4,2
12,12,block_1_5_1x1,1,6,22,2,4,22,0,2,3,0,1,8,4,2
12,12,block_1_5_1x1,1,6,23,3,4,23,0,2,3,1,1,8,4,2
12,12,block_1_5_1x1,1,5,24,2,3,24,0,3,0,0,1,8,4,2
12,12,block_1_5_1x1,1,5,25,3,3,25,0,3,0,1,1,8,4,2
12,12,block_1_5_1x1,1,5,26,2,2,26,0,3,1,0,1,8,4,2
12,12,block_1_5_1x1,1,5,27,3,2,27,0,3,1,1,1,8,4,2
12,12,block_1_5_1x1,1,4,28,2,1,28,0,3,2,0,1,8,4,2
12,12,block_1_5_1x1,1,4,29,3,1,29,0,3,2,1,1,8,4,2
12,12,block_1_5_1x1,1,4,30,2,0,30,0,3,3,0,1,8,4,2
12,12,block_1_5_1x1,1,4,31,3,0,31,0,3,3,1,1,8,4,2
12,12,block_1_5_1x1,1,8,32,4,0,32,0,4,0,0,1,8,4,2
12,12,block_1_5_1x1,1,8,33,5,0,33,0,4,0,1,1,8,4,2
12,12,block_1_5_1x1,1,8,34,4,1,34,0,4,1,0,1,8,4,2
12,12,block_1_5_1x1,1,8,35,5,1,35,0,4,1,1,1,8,4,2
12,12,block_1_5_1x1,1,9,36,4,2,36,0,4,2,0,1,8,4,2
12,12,block_1_5_1x1,1,9,37,5,2,37,0,4,2,1,1,8,4,2
12,12,block_1_5_1x1,1,9,38,4,3,38,0,4,3,0,1,8,4,2
12,12,block_1_5_1x1,1,9,39,5,3,39,0,4,3,1,1,8,4,2
12,12,block_1_5_1x1,1,10,40,4,4,40,0,5,0,0,1,8,4,2
12,12,block_1_5_1x1,1,10,41,5,4,41,0,5,0,1,1,8,4,2
12,12,block_1_5_1x1,1,10,42,4,5,42,0,5,1,0,1,8,4,2
12,12,block_1_5_1x1,1,10,43,5,5,43,0,5,1,1,1,8,4,2
12,12,block_1_5_1x1,1,11,44,4,6,44,0,5,2,0,1,8,4,2
12,12,block_1_5_1x1,1,11,45,5,6,45,0,5,2,1,1,8,4,2
12,12,block_1_5_1x1,1,11,46,4,7,46,0,5,3,0,1,8,4,2
12,12,block_1_5_1x1,1,11,47,5,7,47,0,5,3,1,1,8,4,2
12,12,block_1_5_1x1,1,15,48,6,7,48,0,6,0,0,1,8,4,2
12,12,block_1_5_1x1,1,15,49,7,7,49,0,6,0,1,1,8,4,2
12,12,block_1_5_1x1,1,15,50,6,6,50,0,6,1,0,1,8,4,2
12,12,block_1_5_1x1,1,15,51,7,6,51,0,6,1,1,1,8,4,2
12,12,block_1_5_1x1,1,14,52,6,5,52,0,6,2,0,1,8,4,2
12,12,block_1_5_1x1,1,14,53,7,5,53,0,6,2,1,1,8,4,2
12,12,block_1_5_1x1,1,14,54,6,4,54,0,6,3,0,1,8,4,2
12,12,block_1_5_1x1,1,14,55,7,4,55,0,6,3,1,1,8,4,2
12,12,block_1_5_1x1,1,13,56,6,3,56,0,7,0,0,1,8,4,2
12,12,block_1_5_1x1,1,13,57,7,3,57,0,7,0,1,1,8,4,2
12,12,block_1_5_1x1,1,13,58,6,2,58,0,7,1,0,1,8,4,2
12,12,block_1_5_1x1,1,13,59,7,2,59,0,7,1,1,1,8,4,2
12,12,block_1_5_1x1,1,12,60,6,1,60,0,7,2,0,1,8,4,2
12,12,block_1_5_1x1,1,12,61,7,1,61,0,7,2,1,1,8,4,2
12,12,block_1_5_1x1,1,12,62,6,0,62,0,7,3,0,1,8,4,2
12,12,block_1_5_1x1,1,12,63,7,0,63,0,7,3,1,1,8,4,2
13,13,block_1_5_3x3,1,0,0,0,0,0,0,0,0,0,1,4,8,2
13,13,block_1_5_3x3,1,0,1,1,0,1,0,0,0,1,1,4,8,2
13,13,block_1_5_3x3,1,0,2,0,1,2,0,0,1,0,1,4,8,2
13,13,block_1_5_3x3,1,0,3,1,1,3,0,0,1,1,1,4,8,2
13,13,block_1_5_3x3,1,1,4,0,2,4,0,0,2,0,1,4,8,2
13,13,block_1_5_3x3,1,1,5,1,2,5,0,0,2,1,1,4,8,2
13,13,block_1_5_3x3,1,1,6,0,3,6,0,0,3,0,1,4,8,2
13,13,block_1_5_3x3,1,1,7,1,3,7,0,0,3,1,1,4,8,2
13,13,block_1_5_3x3,1,2,8,0,4,8,0,0,4,0,1,4,8,2
13,13,block_1_5_3x3,1,2,9,1,4,9,0,0,4,1,1,4,8,2
13,13,block_1_5_3x3,1,2,10,0,5,10,0,0,5,0,1,4,8,2
13,13,block_1_5_3x3,1,2,11,1,5,11,0,0,5,1,1,4,8,2
13,13,block_1_5_3x3,1,3,12,0,6,12,0,0,6,0,1,4,8,2
13,13,block_1_5_3x3,1,3,13,1,6,13,0,0,6,1,1,4,8,2
13,13,block_1_5_3x3,1,3,14,0,7,14,0,0,7,0,1,4,8,2
13,13,block_1_5_3x3,1,3,15,1,7,15,0,0,7,1,1,4,8,2
13,13,block_1_5_3x3,1,7,16,2,7,16,0,1,0,0,1,4,8,2
13,13,block_1_5_3x3,1,7,17,3,7,17,0,1,0,1,1,4,8,2
13,13,block_1_5_3x3,1,7,18,2,6,18,0,1,1,0,1,4,8,2
13,13,block_1_5_3x3,1,7,19,3,6,19,0,1,1,1,1,4,8,2
13,13,block_1_5_3x3,1,6,20,2,5,20,0,1,2,0,1,4,8,2
13,13,block_1_5_3x3,1,6,21,3,5,21,0,1,2,1,1,4,8,2
13,13,block_1_5_3x3,1,6,22,2,4,22,0,1,3,0,1,4,8,2
13,13,block_1_5_3x3,1,6,23,3,4,23,0,1,3,1,1,4,8,2
13,13,block_1_5_3x3,1,5,24,2,3,24,0,1,4,0,1,4,8,2
13,13,block_1_5_3x3,1,5,25,3,3,25,0,1,4,1,1,4,8,2
13,13,block_1_5_3x3,1,5,26,2,2,26,0,1,5,0,1,4,8,2
13,13,block_1_5_3x3,1,5,27,3,2,27,0,1,5,1,1,4,8,2
13,13,block_1_5_3x3,1,4,28,2,1,28,0,1,6,0,1,4,8,2
13,13,block_1_5_3x3,1,4,29,3,1,29,0,1,6,1,1,4,8,2
13,13,block_1_5_3x3,1,4,30,2,0,30,0,1,7,0,1,4,8,2
13,13,block_1_5_3x3,1,4,31,3,0,31,0,1,7,1,1,4,8,2
13,13,block_1_5_3x3,1,8,32,4,0,32,0,2,0,0,1,4,8,2
13,13,block_1_5_3x3,1,8,33,5,0,33,0,2,0,1,1,4,8,2
13,13,block_1_5_3x3,1,8,34,4,1,34,0,2,1,0,1,4,8,2
13,13,block_1_5_3x3,1,8,35,5,1,35,0,2,1,1,1,4,8,2
13,13,block_1_5_3x3,1,9,36,4,2,36,0,2,2,0,1,4,8,2
13,13,block_1_5_3x3,1,9,37,5,2,37,0,2,2,1,1,4,8,2
13,13,block_1_5_3x3,1,9,38,4,3,38,0,2,3,0,1,4,8,2
13,13,block_1_5_3x3,1,9,39,5,3,39,0,2,3,1,1,4,8,2
13,13,block_1_5_3x3,1,10,40,4,4,40,0,2,4,0,1,4,8,2
13,13,block_1_5_3x3,1,10,41,5,4,41,0,2,4,1,1,4,8,2
13,13,block_1_5_3x3,1,10,42,4,5,42,0,2,5,0,1,4,8,2
13,13,block_1_5_3x3,1,10,43,5,5,43,0,2,5,1,1,4,8,2
13,13,block_1_5_3x3,1,11,44,4,6,44,0,2,6,0,1,4,8,2
13,13,block_1_5_3x3,1,11,45,5,6,45,0,2,6,1,1,4,8,2
13,13,block_1_5_3x3,1,11,46,4,7,46,0,2,7,0,1,4,8,2
13,13,block_1_5_3x3,1,11,47,5,7,47,0,2,7,1,1,4,8,2
13,13,block_1_5_3x3,1,15,48,6,7,48,0,3,0,0,1,4,8,2
13,13,block_1_5_3x3,1,15,49,7,7,49,0,3,0,1,1,4,8,2
13,13,block_1_5_3x3,1,15,50,6,6,50,0,3,1,0,1,4,8,2
13,13,block_1_5_3x3,1,15,51,7,6,51,0,3,1,1,1,4,8,2
13,13,block_1_5_3x3,1,14,52,6,5,52,0,3,2,0,1,4,8,2
13,13,block_1_5_3x3,1,14,53,7,5,53,0,3,2,1,1,4,8,2
13,13,block_1_5_3x3,1,14,54,6,4,54,0,3,3,0,1,4,8,2
13,13,block_1_5_3x3,1,14,55,7,4,55,0,3,3,1,1,4,8,2
13,13,block_1_5_3x3,1,13,56,6,3,56,0,3,4,0,1,4,8,2
13,13,block_1_5_3x3,1,13,57,7,3,57,0,3,4,1,1,4,8,2
13,13,block_1_5_3x3,1,13,58,6,2,58,0,3,5,0,1,4,8,2
13,13,block_1_5_3x3,1,13,59,7,2,59,0,3,5,1,1,4,8,2
13,13,block_1_5_3x3,1,12,60,6,1,60,0,3,6,0,1,4,8,2
13,13,block_1_5_3x3,1,12,61,7,1,61,0,3,6,1,1,4,8,2
13,13,block_1_5_3x3,1,12,62,6,0,62,0,3,7,0,1,4,8,2
13,13,block_1_5_3x3,1,12,63,7,0,63,0,3,7,1,1,4,8,2
14,14,trans_1_1x1,1,0,0,0,0,0,0,0,0,0,1,8,4,2
14,14,trans_1_1x1,1,0,1,1,0,1,0,0,0,1,1,8,4,2
14,14,trans_1_1x1,1,0,2,0,1,2,0,0,1,0,1,8,4,2
14,14,trans_1_1x1,1,0,3,1,1,3,0,0,1,1,1,8,4,2
14,14,trans_1_1x1,1,1,4,0,2,4,0,0,2,0,1,8,4,2
14,14,trans_1_1x1,1,1,5,1,2,5,0,0,2,1,1,8,4,2
14,14,trans_1_1x1,1,1,6,0,3,6,0,0,3,0,1,8,4,2
14,14,trans_1_1x1,1,1,7,1,3,7,0,0,3,1,1,8,4,2
14,14,trans_1_1x1,1,2,8,0,4,8,0,1,0,0,1,8,4,2
14,14,trans_1_1x1,1,2,9,1,4,9,0,1,0,1,1,8,4,2
14,14,trans_1_1x1,1,2,10,0,5,10,0,1,1,0,1,8,4,2
14,14,trans_1_1x1,1,2,11,1,5,11,0,1,1,1,1,8,4,2
14,14,trans_1_1x1,1,3,12,0,6,12,0,1,2,0,1,8,4,2
14,14,trans_1_1x1,1,3,13,1,6,13,0,1,2,1,1,8,4,2
14,14,trans_1_1x1,1,3,14,0,7,14,0,1,3,0,1,8,4,2
14,14,trans_1_1x1,1,3,15,1,7,15,0,1,3,1,1,8,4,2
14,14,trans_1_1x1,1,7,16,2,7,16,0,2,0,0,1,8,4,2
14,14,trans_1_1x1,1,7,17,3,7,17,0,2,0,1,1,8,4,2
14,14,trans_1_1x1,1,7,18,2,6,18,0,2,1,0,1,8,4,2
14,14,trans_1_1x1,1,7,19,3,6,19,0,2,1,1,1,8,4,2
14,14,trans_1_1x1,1,6,20,2,5,20,0,2,2,0,1,8,4,2
14,14,trans_1_1x1,1,6,21,3,5,21,0,2,2,1,1,8,4,2
14,14,trans_1_1x1,1,6,22,2,4,22,0,2,3,0,1,8,4,2
14,14,trans_1_1x1,1,6,23,3,4,23,0,2,3,1,1,8,4,2
14,14,trans_1_1x1,1,5,24,2,3,24,0,3,0,0,1,8,4,2
14,14,trans_1_1x1,1,5,25,3,3,25,0,3,0,1,1,8,4,2
14,14,trans_1_1x1,1,5,26,2,2,26,0,3,1,0,1,8,4,2
14,14,trans_1_1x1,1,5,27,3,2,27,0,3,1,1,1,8,4,2
14,14,trans_1_1x1,1,4,28,2,1,28,0,3,2,0,1,8,4,2
14,14,trans_1_1x1,1,4,29,3,1,29,0,3,2,1,1,8,4,2
14,14,trans_1_1x1,1,4,30,2,0,30,0,3,3,0,1,8,4,2
14,14,trans_1_1x1,1,4,31,3,0,31,0,3,3,1,1,8,4,2
14,14,trans_1_1x1,1,8,32,4,0,32,0,4,0,0,1,8,4,2
14,14,trans_1_1x1,1,8,33,5,0,33,0,4,0,1,1,8,4,2
14,14,trans_1_1x1,1,8,34,4,1,34,0,4,1,0,1,8,4,2
14,14,trans_1_1x1,1,8,35,5,1,35,0,4,1,1,1,8,4,2
14,14,trans_1_1x1,1,9,36,4,2,36,0,4,2,0,1,8,4,2
14,14,trans_1_1x1,1,9,37,5,2,37,0,4,2,1,1,8,4,2
14,14,trans_1_1x1,1,9,38,4,3,38,0,4,3,0,1,8,4,2
14,14,trans_1_1x1,1,9,39,5,3,39,0,4,3,1,1,8,4,2
14,14,trans_1_1x1,1,10,40,4,4,40,0,5,0,0,1,8,4,2
14,14,trans_1_1x1,1,10,41,5,4,41,0,5,0,1,1,8,4,2
14,14,trans_1_1x1,1,10,42,4,5,42,0,5,1,0,1,8,4,2
14,14,trans_1_1x1,1,10,43,5,5,43,0,5,1,1,1,8,4,2
14,14,trans_1_1x1,1,11,44,4,6,44,0,5,2,0,1,8,4,2
14,14,trans_1_1x1,1,11,45,5,6,45,0,5,2,1,1,8,4,2
14,14,trans_1_1x1,1,11,46,4,7,46,0,5,3,0,1,8,4,2
14,14,trans_1_1x1,1,11,47,5,7,47,0,5,3,1,1,8,4,2
14,14,trans_1_1x1,1,15,48,6,7,48,0,6,0,0,1,8,4,2
14,14,trans_1_1x1,1,15,49,7,7,49,0,6,0,1,1,8,4,2
14,14,trans_1_1x1,1,15,50,6,6,50,0,6,1,0,1,8,4,2
14,14,trans_1_1x1,1,15,51,7,6,51,0,6,1,1,1,8,4,2
14,14,trans_1_1x1,1,14,52,6,5,52,0,6,2,0,1,8,4,2
14,14,trans_1_1x1,1,14,53,7,5,53,0,6,2,1,1,8,4,2
14,14,trans_1_1x1,1,14,54,6,4,54,0,6,3,0,1,8,4,2
14,14,trans_1_1x1,1,14,55,7,4,55,0,6,3,1,1,8,4,2
14,14,trans_1_1x1,1,13,56,6,3,56,0,7,0,0,1,8,4,2
14,14,trans_1_1x1,1,13,57,7,3,57,0,7,0,1,1,8,4,2
14,14,trans_1_1x1,1,13,58,6,2,58,0,7,1,0,1,8,4,2
14,14,trans_1_1x1,1,13,59,7,2,59,0,7,1,1,1,8,4,2
14,14,trans_1_1x1,1,12,60,6,1,60,0,7,2,0,1,8,4,2
14,14,trans_1_1x1,1,12,61,7,1,61,0,7,2,1,1,8,4,2
14,14,trans_1_1x1,1,12,62,6,0,62,0,7,3,0,1,8,4,2
14,14,trans_1_1x1,1,12,63,7,0,63,0,7,3,1,1,8,4,2
15,15,trans_1_pool,1,0,0,0,0,0,0,0,0,0,1,8,2,4
15,15,trans_1_pool,1,0,1,1,0,1,0,0,0,1,1,8,2,4
15,15,trans_1_pool,1,0,2,0,1,2,0,0,0,2,1,8,2,4
15,15,trans_1_pool,1,0,3,1,1,3,0,0,0,3,1,8,2,4
15,15,trans_1_pool,1,1,4,0,2,4,0,0,1,0,1,8,2,4
15,15,trans_1_pool,1,1,5,1,2,5,0,0,1,1,1,8,2,4
15,15,trans_1_pool,1,1,6,0,3,6,0,0,1,2,1,8,2,4
15,15,trans_1_pool,1,1,7,1,3,7,0,0,1,3,1,8,2,4
15,15,trans_1_pool,1,2,8,0,4,8,0,1,0,0,1,8,2,4
15,15,trans_1_pool,1,2,9,1,4,9,0,1,0,1,1,8,2,4
15,15,trans_1_pool,1,2,10,0,5,10,0,1,0,2,1,8,2,4
15,15,trans_1_pool,1,2,11,1,5,11,0,1,0,3,1,8,2,4
15,15,trans_1_pool,1,3,12,0,6,12,0,1,1,0,1,8,2,4
15,15,trans_1_pool,1,3,13,1,6,13,0,1,1,1,1,8,2,4
15,15,trans_1_pool,1,3,14,0,7,14,0,1,1,2,1,8,2,4
15,15,trans_1_pool,1,3,15,1,7,15,0,1,1,3,1,8,2,4
15,15,trans_1_pool,1,7,16,2,7,16,0,2,0,0,1,8,2,4
15,15,trans_1_pool,1,7,17,3,7,17,0,2,0,1,1,8,2,4
15,15,trans_1_pool,1,7,18,2,6,18,0,2,0,2,1,8,2,4
15,15,trans_1_pool,1,7,19,3,6,19,0,2,0,3,1,8,2,4
15,15,trans_1_pool,1,6,20,2,5,20,0,2,1,0,1,8,2,4
15,15,trans_1_pool,1,6,21,3,5,21,0,2,1,1,1,8,2,4
15,15,trans_1_pool,1,6,22,2,4,22,0,2,1,2,1,8,2,4
15,15,trans_1_pool,1,6,23,3,4,23,0,2,1,3,1,8,2,4
15,15,trans_1_pool,1,5,24,2,3,24,0,3,0,0,1,8,2,4
15,15,trans_1_pool,1,5,25,3,3,25,0,3,0,1,1,8,2,4
15,15,trans_1_pool,1,5,26,2,2,26,0,3,0,2,1,8,2,4
15,15,trans_1_pool,1,5,27,3,2,27,0,3,0,3,1,8,2,4
15,15,trans_1_pool,1,4,28,2,1,28,0,3,1,0,1,8,2,4
15,15,trans_1_pool,1,4,29,3,1,29,0,3,1,1,1,8,2,4
15,15,trans_1_pool,1,4,30,2,0,30,0,3,1,2,1,8,2,4
15,15,trans_1_pool,1,4,31,3,0,31,0,3,1,3,1,8,2,4
15,15,trans_1_pool,1,8,32,4,0,32,0,4,0,0,1,8,2,4
15,15,trans_1_pool,1,8,33,5,0,33,0,4,0,1,1,8,2,4
15,15,trans_1_pool,1,8,34,4,1,34,0,4,0,2,1,8,2,4
15,15,trans_1_pool,1,8,35,5,1,35,0,4,0,3,1,8,2,4
15,15,trans_1_pool,1,9,36,4,2,36,0,4,1,0,1,8,2,4
15,15,trans_1_pool,1,9,37,5,2,37,0,4,1,1,1,8,2,4
15,15,trans_1_pool,1,9,38,4,3,38,0,4,1,2,1,8,2,4
15,15,trans_1_pool,1,9,39,5,3,39,0,4,1,3,1,8,2,4
15,15,trans_1_pool,1,10,40,4,4,40,0,5,0,0,1,8,2,4
15,15,trans_1_pool,1,10,41,5,4,41,0,5,0,1,1,8,2,4
15,15,trans_1_pool,1,10,42,4,5,42,0,5,0,2,1,8,2,4
15,15,trans_1_pool,1,10,43,5,5,43,0,5,0,3,1,8,2,4
15,15,trans_1_pool,1,11,44,4,6,44,0,5,1,0,1,8,2,4
15,15,trans_1_pool,1,11,45,5,6,45,0,5,1,1,1,8,2,4
15,15,trans_1_pool,1,11,46,4,7,46,0,5,1,2,1,8,2,4
15,15,trans_1_pool,1,11,47,5,7,47,0,5,1,3,1,8,2,4
15,15,trans_1_pool,1,15,48,6,7,48,0,6,0,0,1,8,2,4
15,15,trans_1_pool,1,15,49,7,7,49,0,6,0,1,1,8,2,4
15,15,trans_1_pool,1,15,50,6,6,50,0,6,0,2,1,8,2,4
15,15,trans_1_pool,1,15,51,7,6,51,0,6,0,3,1,8,2,4
15,15,trans_1_pool,1,14,52,6,5,52,0,6,1,0,1,8,2,4
15,15,trans_1_pool,1,14,53,7,5,53,0,6,1,1,1,8,2,4
15,15,trans_1_pool,1,14,54,6,4,54,0,6,1,2,1,8,2,4
15,15,trans_1_pool,1,14,55,7,4,55,0,6,1,3,1,8,2,4
15,15,trans_1_pool,1,13,56,6,3,56,0,7,0,0,1,8,2,4
15,15,trans_1_pool,1,13,57,7,3,57,0,7,0,1,1,8,2,4
15,15,trans_1_pool,1,13,58,6,2,58,0,7,0,2,1,8,2,4
15,15,trans_1_pool,1,13,59,7,2,59,0,7,0,3,1,8,2,4
15,15,trans_1_pool,1,12,60,6,1,60,0,7,1,0,1,8,2,4
15,15,trans_1_pool,1,12,61,7,1,61,0,7,1,1,1,8,2,4
15,15,trans_1_pool,1,12,62,6,0,62,0,7,1,2,1,8,2,4
15,15,trans_1_pool,1,12,63,7,0,63,0,7,1,3,1,8,2,4
16,16,block_2_0_1x1,1,0,0,0,0,0,0,0,0,0,1,4,4,4
16,16,block_2_0_1x1,1,0,1,1,0,1,0,0,0,1,1,4,4,4
16,16,block_2_0_1x1,1,0,2,0,1,2,0,0,0,2,1,4,4,4
16,16,block_2_0_1x1,1,0,3,1,1,3,0,0,0,3,1,4,4,4
16,16,block_2_0_1x1,1,1,4,0,2,4,0,0,1,0,1,4,4,4
16,16,block_2_0_1x1,1,1,5,1,2,5,0,0,1,1,1,4,4,4
16,16,block_2_0_1x1,1,1,6,0,3,6,0,0,1,2,1,4,4,4
16,16,block_2_0_1x1,1,1,7,1,3,7,0,0,1,3,1,4,4,4
16,16,block_2_0_1x1,1,2,8,0,4,8,0,0,2,0,1,4,4,4
16,16,block_2_0_1x1,1,2,9,1,4,9,0,0,2,1,1,4,4,4
16,16,block_2_0_1x1,1,2,10,0,5,10,0,0,2,2,1,4,4,4
16,16,block_2_0_1x1,1,2,11,1,5,11,0,0,2,3,1,4,4,4
16,16,block_2_0_1x1,1,3,12,0,6,12,0,0,3,0,1,4,4,4
16,16,block_2_0_1x1,1,3,13,1,6,13,0,0,3,1,1,4,4,4
16,16,block_2_0_1x1,1,3,14,0,7,14,0,0,3,2,1,4,4,4
16,16,block_2_0_1x1,1,3,15,1,7,15,0,0,3,3,1,4,4,4
16,16,block_2_0_1x1,1,7,16,2,7,16,0,1,0,0,1,4,4,4
16,16,block_2_0_1x1,1,7,17,3,7,17,0,1,0,1,1,4,4,4
16,16,block_2_0_1x1,1,7,18,2,6,18,0,1,0,2,1,4,4,4
16,16,block_2_0_1x1,1,7,19,3,6,19,0,1,0,3,1,4,4,4
16,16,block_2_0_1x1,1,6,20,2,5,20,0,1,1,0,1,4,4,4
16,16,block_2_0_1x1,1,6,21,3,5,21,0,1,1,1,1,4,4,4
16,16,block_2_0_1x1,1,6,22,2,4,22,0,1,1,2,1,4,4,4
16,16,block_2_0_1x1,1,6,23,3,4,23,0,1,1,3,1,4,4,4
16,16,block_2_0_1x1,1,5,24,2,3,24,0,1,2,0,1,4,4,4
16,16,block_2_0_1x1,1,5,25,3,3,25,0,1,2,1,1,4,4,4
16,16,block_2_0_1x1,1,5,26,2,2,26,0,1,2,2,1,4,4,4
16,16,block_2_0_1x1,1,5,27,3,2,27,0,1,2,3,1,4,4,4
16,16,block_2_0_1x1,1,4,28,2,1,28,0,1,3,0,1,4,4,4
16,16,block_2_0_1x1,1,4,29,3,1,29,0,1,3,1,1,4,4,4
16,16,block_2_0_1x1,1,4,30,2,0,30,0,1,3,2,1,4,4,4
16,16,block_2_0_1x1,1,4,31,3,0,31,0,1,3,3,1,4,4,4
16,16,block_2_0_1x1,1,8,32,4,0,32,0,2,0,0,1,4,4,4
16,16,block_2_0_1x1,1,8,33,5,0,33,0,2,0,1,1,4,4,4
16,16,block_2_0_1x1,1,8,34,4,1,34,0,2,0,2,1,4,4,4
16,16,block_2_0_1x1,1,8,35,5,1,35,0,2,0,3,1,4,4,4
16,16,block_2_0_1x1,1,9,36,4,2,36,0,2,1,0,1,4,4,4
16,16,block_2_0_1x1,1,9,37,5,2,37,0,2,1,1,1,4,4,4
16,16,block_2_0_1x1,1,9,38,4,3,38,0,2,1,2,1,4,4,4
16,16,block_2_0_1x1,1,9,39,5,3,39,0,2,1,3,1,4,4,4
16,16,block_2_0_1x1,1,10,40,4,4,40,0,2,2,0,1,4,4,4
16,16,block_2_0_1x1,1,10,41,5,4,41,0,2,2,1,1,4,4,4
16,16,block_2_0_1x1,1,10,42,4,5,42,0,2,2,2,1,4,4,4
16,16,block_2_0_1x1,1,10,43,5,5,43,0,2,2,3,1,4,4,4
16,16,block_2_0_1x1,1,11,44,4,6,44,0,2,3,0,1,4,4,4
16,16,block_2_0_1x1,1,11,45,5,6,45,0,2,3,1,1,4,4,4
16,16,block_2_0_1x1,1,11,46,4,7,46,0,2,3,2,1,4,4,4
16,16,block_2_0_1x1,1,11,47,5,7,47,0,2,3,3,1,4,4,4
16,16,block_2_0_1x1,1,15,48,6,7,48,0,3,0,0,1,4,4,4
16,16,block_2_0_1x1,1,15,49,7,7,49,0,3,0,1,1,4,4,4
16,16,block_2_0_1x1,1,15,50,6,6,50,0,3,0,2,1,4,4,4
16,16,block_2_0_1x1,1,15,51,7,6,51,0,3,0,3,1,4,4,4
16,16,block_2_0_1x1,1,14,52,6,5,52,0,3,1,0,1,4,4,4
16,16,block_2_0_1x1,1,14,53,7,5,53,0,3,1,1,1,4,4,4
16,16,block_2_0_1x1,1,14,54,6,4,54,0,3,1,2,1,4,4,4
16,16,block_2_0_1x1,1,14,55,7,4,55,0,3,1,3,1,4,4,4
16,16,block_2_0_1x1,1,13,56,6,3,56,0,3,2,0,1,4,4,4
16,16,block_2_0_1x1,1,13,57,7,3,57,0,3,2,1,1,4,4,4
16,16,block_2_0_1x1,1,13,58,6,2,58,0,3,2,2,1,4,4,4
16,16,block_2_0_1x1,1,13,59,7,2,59,0,3,2,3,1,4,4,4
16,16,block_2_0_1x1,1,12,60,6,1,60,0,3,3,0,1,4,4,4
16,16,block_2_0_1x1,1,12,61,7,1,61,0,3,3,1,1,4,4,4
16,16,block_2_0_1x1,1,12,62,6,0,62,0,3,3,2,1,4,4,4
16,16,block_2_0_1x1,1,12,63,7,0,63,0,3,3,3,1,4,4,4
17,17,block_2_0_3x3,1,0,0,0,0,0,0,0,0,0,1,4,4,4
17,17,block_2_0_3x3,1,0,1,1,0,1,0,0,0,1,1,4,4,4
17,17,block_2_0_3x3,1,0,2,0,1,2,0,0,0,2,1,4,4,4
17,17,block_2_0_3x3,1,0,3,1,1,3,0,0,0,3,1,4,4,4
17,17,block_2_0_3x3,1,1,4,0,2,4,0,0,1,0,1,4,4,4
17,17,block_2_0_3x3,1,1,5,1,2,5,0,0,1,1,1,4,4,4
17,17,block_2_0_3x3,1,1,6,0,3,6,0,0,1,2,1,4,4,4
17,17,block_2_0_3x3,1,1,7,1,3,7,0,0,1,3,1,4,4,4
17,17,block_2_0_3x3,1,2,8,0,4,8,0,0,2,0,1,4,4,4
17,17,block_2_0_3x3,1,2,9,1,4,9,0,0,2,1,1,4,4,4
17,17,block_2_0_3x3,1,2,10,0,5,10,0,0,2,2,1,4,4,4
17,17,block_2_0_3x3,1,2,11,1,5,11,0,0,2,3,1,4,4,4
17,17,block_2_0_3x3,1,3,12,0,6,12,0,0,3,0,1,4,4,4
17,17,block_2_0_3x3,1,3,13,1,6,13,0,0,3,1,1,4,4,4
17,17,block_2_0_3x3,1,3,14,0,7,14,0,0,3,2,1,4,4,4
17,17,block_2_0_3x3,1,3,15,1,7,15,0,0,3,3,1,4,4,4
17,17,block_2_0_3x3,1,7,16,2,7,16,0,1,0,0,1,4,4,4
17,17,block_2_0_3x3,1,7,17,3,7,17,0,1,0,1,1,4,4,4
17,17,block_2_0_3x3,1,7,18,2,6,18,0,1,0,2,1,4,4,4
17,17,block_2_0_3x3,1,7,19,3,6,19,0,1,0,3,1,4,4,4
17,17,block_2_0_3x3,1,6,20,2,5,20,0,1,1,0,1,4,4,4
17,17,block_2_0_3x3,1,6,21,3,5,21,0,1,1,1,1,4,4,4
17,17,block_2_0_3x3,1,6,22,2,4,22,0,1,1,2,1,4,4,4
17,17,block_2_0_3x3,1,6,23,3,4,23,0,1,1,3,1,4,4,4
17,17,block_2_0_3x3,1,5,24,2,3,24,0,1,2,0,1,4,4,4
17,17,block_2_0_3x3,1,5,25,3,3,25,0,1,2,1,1,4,4,4
17,17,block_2_0_3x3,1,5,26,2,2,26,0,1,2,2,1,4,4,4
17,17,block_2_0_3x3,1,5,27,3,2,27,0,1,2,3,1,4,4,4
17,17,block_2_0_3x3,1,4,28,2,1,28,0,1,3,0,1,4,4,4
17,17,block_2_0_3x3,1,4,29,3,1,29,0,1,3,1,1,4,4,4
17,17,block_2_0_3x3,1,4,30,2,0,30,0,1,3,2,1,4,4,4
17,17,block_2_0_3x3,1,4,31,3,0,31,0,1,3,3,1,4,4,4
17,17,block_2_0_3x3,1,8,32,4,0,32,0,2,0,0,1,4,4,4
17,17,block_2_0_3x3,1,8,33,5,0,33,0,2,0,1,1,4,4,4
17,17,block_2_0_3x3,1,8,34,4,1,34,0,2,0,2,1,4,4,4
17,17,block_2_0_3x3,1,8,35,5,1,35,0,2,0,3,1,4,4,4
17,17,block_2_0_3x3,1,9,36,4,2,36,0,2,1,0,1,4,4,4
17,17,block_2_0_3x3,1,9,37,5,2,37,0,2,1,1,1,4,4,4
17,17,block_2_0_3x3,1,9,38,4,3,38,0,2,1,2,1,4,4,4
17,17,block_2_0_3x3,1,9,39,5,3,39,0,2,1,3,1,4,4,4
17,17,block_2_0_3x3,1,10,40,4,4,40,0,2,2,0,1,4,4,4
17,17,block_2_0_3x3,1,10,41,5,4,41,0,2,2,1,1,4,4,4
17,17,block_2_0_3x3,1,10,42,4,5,42,0,2,2,2,1,4,4,4
17,17,block_2_0_3x3,1,10,43,5,5,43,0,2,2,3,1,4,4,4
17,17,block_2_0_3x3,1,11,44,4,6,44,0,2,3,0,1,4,4,4
17,17,block_2_0_3x3,1,11,45,5,6,45,0,2,3,1,1,4,4,4
17,17,block_2_0_3x3,1,11,46,4,7,46,0,2,3,2,1,4,4,4
17,17,block_2_0_3x3,1,11,47,5,7,47,0,2,3,3,1,4,4,4
17,17,block_2_0_3x3,1,15,48,6,7,48,0,3,0,0,1,4,4,4
17,17,block_2_0_3x3,1,15,49,7,7,49,0,3,0,1,1,4,4,4
17,17,block_2_0_3x3,1,15,50,6,6,50,0,3,0,2,1,4,4,4
17,17,block_2_0_3x3,1,15,51,7,6,51,0,3,0,3,1,4,4,4
17,17,block_2_0_3x3,1,14,52,6,5,52,0,3,1,0,1,4,4,4
17,17,block_2_0_3x3,1,14,53,7,5,53,0,3,1,1,1,4,4,4
17,17,block_2_0_3x3,1,14,54,6,4,54,0,3,1,2,1,4,4,4
17,17,block_2_0_3x3,1,14,55,7,4,55,0,3,1,3,1,4,4,4
17,17,block_2_0_3x3,1,13,56,6,3,56,0,3,2,0,1,4,4,4
17,17,block_2_0_3x3,1,13,57,7,3,57,0,3,2,1,1,4,4,4
17,17,block_2_0_3x3,1,13,58,6,2,58,0,3,2,2,1,4,4,4
17,17,block_2_0_3x3,1,13,59,7,2,59,0,3,2,3,1,4,4,4
17,17,block_2_0_3x3,1,12,60,6,1,60,0,3,3,0,1,4,4,4
17,17,block_2_0_3x3,1,12,61,7,1,61,0,3,3,1,1,4,4,4
17,17,block_2_0_3x3,1,12,62,6,0,62,0,3,3,2,1,4,4,4
17,17,block_2_0_3x3,1,12,63,7,0,63,0,3,3,3,1,4,4,4
18,18,block_2_1_1x1,1,0,0,0,0,0,0,0,0,0,1,4,4,4
18,18,block_2_1_1x1,1,0,1,1,0,1,0,0,0,1,1,4,4,4
18,18,block_2_1_1x1,1,0,2,0,1,2,0,0,0,2,1,4,4,4
18,18,block_2_1_1x1,1,0,3,1,1,3,0,0,0,3,1,4,4,4
18,18,block_2_1_1x1,1,1,4,0,2,4,0,0,1,0,1,4,4,4
18,18,block_2_1_1x1,1,1,5,1,2,5,0,0,1,1,1,4,4,4
18,18,block_2_1_1x1,1,1,6,0,3,6,0,0,1,2,1,4,4,4
18,18,block_2_1_1x1,1,1,7,1,3,7,0,0,1,3,1,4,4,4
18,18,block_2_1_1x1,1,2,8,0,4,8,0,0,2,0,1,4,4,4
18,18,block_2_1_1x1,1,2,9,1,4,9,0,0,2,1,1,4,4,4
18,18,block_2_1_1x1,1,2,10,0,5,10,0,0,2,2,1,4,4,4
18,18,block_2_1_1x1,1,2,11,1,5,11,0,0,2,3,1,4,4,4
18,18,block_2_1_1x1,1,3,12,0,6,12,0,0,3,0,1,4,4,4
18,18,block_2_1_1x1,1,3,13,1,6,13,0,0,3,1,1,4,4,4
18,18,block_2_1_1x1,1,3,14,0,7,14,0,0,3,2,1,4,4,4
18,18,block_2_1_1x1,1,3,15,1,7,15,0,0,3,3,1,4,4,4
18,18,block_2_1_1x1,1,7,16,2,7,16,0,1,0,0,1,4,4,4
18,18,block_2_1_1x1,1,7,17,3,7,17,0,1,0,1,1,4,4,4
18,18,block_2_1_1x1,1,7,18,2,6,18,0,1,0,2,1,4,4,4
18,18,block_2_1_1x1,1,7,19,3,6,19,0,1,0,3,1,4,4,4
18,18,block_2_1_1x1,1,6,20,2,5,20,0,1,1,0,1,4,4,4
18,18,block_2_1_1x1,1,6,21,3,5,21,0,1,1,1,1,4,4,4
18,18,block_2_1_1x1,1,6,22,2,4,22,0,1,1,2,1,4,4,4
18,18,block_2_1_1x1,1,6,23,3,4,23,0,1,1,3,1,4,4,4
18,18,block_2_1_1x1,1,5,24,2,3,24,0,1,2,0,1,4,4,4
18,18,block_2_1_1x1,1,5,25,3,3,25,0,1,2,1,1,4,4,4
18,18,block_2_1_1x1,1,5,26,2,2,26,0,1,2,2,1,4,4,4
18,18,block_2_1_1x1,1,5,27,3,2,27,0,1,2,3,1,4,4,4
18,18,block_2_1_1x1,1,4,28,2,1,28,0,1,3,0,1,4,4,4
18,18,block_2_1_1x1,1,4,29,3,1,29,0,1,3,1,1,4,4,4
18,18,block_2_1_1x1,1,4,30,2,0,30,0,1,3,2,1,4,4,4
18,18,block_2_1_1x1,1,4,31,3,0,31,0,1,3,3,1,4,4,4
18,18,block_2_1_1x1,1,8,32,4,0,32,0,2,0,0,1,4,4,4
18,18,block_2_1_1x1,1,8,33,5,0,33,0,2,0,1,1,4,4,4
18,18,block_2_1_1x1,1,8,34,4,1,34,0,2,0,2,1,4,4,4
18,18,block_2_1_1x1,1,8,35,5,1,35,0,2,0,3,1,4,4,4
18,18,block_2_1_1x1,1,9,36,4,2,36,0,2,1,0,1,4,4,4
18,18,block_2_1_1x1,1,9,37,5,2,37,0,2,1,1,1,4,4,4
18,18,block_2_1_1x1,1,9,38,4,3,38,0,2,1,2,1,4,4,4
18,18,block_2_1_1x1,1,9,39,5,3,39,0,2,1,3,1,4,4,4
18,18,block_2_1_1x1,1,10,40,4,4,40,0,2,2,0,1,4,4,4
18,18,block_2_1_1x1,1,10,41,5,4,41,0,2,2,1,1,4,4,4
18,18,block_2_1_1x1,1,10,42,4,5,42,0,2,2,2,1,4,4,4
18,18,block_2_1_1x1,1,10,43,5,5,43,0,2,2,3,1,4,4,4
18,18,block_2_1_1x1,1,11,44,4,6,44,0,2,3,0,1,4,4,4
18,18,block_2_1_1x1,1,11,45,5,6,45,0,2,3,1,1,4,4,4
18,18,block_2_1_1x1,1,11,46,4,7,46,0,2,3,2,1,4,4,4
18,18,block_2_1_1x1,1,11,47,5,7,47,0,2,3,3,1,4,4,4
18,18,block_2_1_1x1,1,15,48,6,7,48,0,3,0,0,1,4,4,4
18,18,block_2_1_1x1,1,15,49,7,7,49,0,3,0,1,1,4,4,4
18,18,block_2_1_1x1,1,15,50,6,6,50,0,3,0,2,1,4,4,4
18,18,block_2_1_1x1,1,15,51,7,6,51,0,3,0,3,1,4,4,4
18,18,block_2_1_1x1,1,14,52,6,5,52,0,3,1,0,1,4,4,4
18,18,block_2_1_1x1,1,14,53,7,5,53,0,3,1,1,1,4,4,4
18,18,block_2_1_1x1,1,14,54,6,4,54,0,3,1,2,1,4,4,4
18,18,block_2_1_1x1,1,14,55,7,4,55,0,3,1,3,1,4,4,4
18,18,block_2_1_1x1,1,13,56,6,3,56,0,3,2,0,1,4,4,4
18,18,block_2_1_1x1,1,13,57,7,3,57,0,3,2,1,1,4,4,4
18,18,block_2_1_1x1,1,13,58,6,2,58,0,3,2,2,1,4,4,4
18,18,block_2_1_1x1,1,13,59,7,2,59,0,3,2,3,1,4,4,4
18,18,block_2_1_1x1,1,12,60,6,1,60,0,3,3,0,1,4,4,4
18,18,block_2_1_1x1,1,12,61,7,1,61,0,3,3,1,1,4,4,4
18,18,block_2_1_1x1,1,12,62,6,0,62,0,3,3,2,1,4,4,4
18,18,block_2_1_1x1,1,12,63,7,0,63,0,3,3,3,1,4,4,4
19,19,block_2_1_3x3,1,0,0,0,0,0,0,0,0,0,1,4,6,1
19,19,block_2_1_3x3,1,0,1,1,0,1,0,0,1,0,1,4,6,1
19,19,block_2_1_3x3,1,0,2,0,1,2,0,0,2,0,1,4,6,1
19,19,block_2_1_3x3,1,0,3,1,1,3,0,0,3,0,1,4,6,1
19,19,block_2_1_3x3,1,1,4,0,2,4,0,0,4,0,1,4,6,1
19,19,block_2_1_3x3,1,1,5,1,2,5,0,0,5,0,1,4,6,1
19,19,block_2_1_3x3,1,1,6,0,3,6,0,1,0,0,1,4,6,1
19,19,block_2_1_3x3,1,1,7,1,3,7,0,1,1,0,1,4,6,1
19,19,block_2_1_3x3,1,2,8,0,4,8,0,1,2,0,1,4,6,1
19,19,block_2_1_3x3,1,2,9,1,4,9,0,1,3,0,1,4,6,1
19,19,block_2_1_3x3,1,2,10,0,5,10,0,1,4,0,1,4,6,1
19,19,block_2_1_3x3,1,2,11,1,5,11,0,1,5,0,1,4,6,1
19,19,block_2_1_3x3,1,3,12,0,6,12,0,2,0,0,1,4,6,1
19,19,block_2_1_3x3,1,3,13,1,6,13,0,2,1,0,1,4,6,1
19,19,block_2_1_3x3,1,3,14,0,7,14,0,2,2,0,1,4,6,1
19,19,block_2_1_3x3,1,3,15,1,7,15,0,2,3,0,1,4,6,1
19,19,block_2_1_3x3,1,7,16,2,7,16,0,2,4,0,1,4,6,1
19,19,block_2_1_3x3,1,7,17,3,7,17,0,2,5,0,1,4,6,1
19,19,block_2_1_3x3,1,7,18,2,6,18,0,3,0,0,1,4,6,1
19,19,block_2_1_3x3,1,7,19,3,6,19,0,3,1,0,1,4,6,1
19,19,block_2_1_3x3,1,6,20,2,5,20,0,3,2,0,1,4,6,1
19,19,block_2_1_3x3,1,6,21,3,5,21,0,3,3,0,1,4,6,1
19,19,block_2_1_3x3,1,6,22,2,4,22,0,3,4,0,1,4,6,1
19,19,block_2_1_3x3,1,6,23,3,4,23,0,3,5,0,1,4,6,1
19,20,block_2_2_1x1,1,5,24,2,3,0,0,0,0,0,1,4,2,2
19,20,block_2_2_1x1,1,5,25,3,3,1,0,0,0,1,1,4,2,2
19,20,block_2_2_1x1,1,5,26,2,2,2,0,0,1,0,1,4,2,2
19,20,block_2_2_1x1,1,5,27,3,2,3,0,0,1,1,1,4,2,2
19,20,block_2_2_1x1,1,4,28,2,1,4,0,1,0,0,1,4,2,2
19,20,block_2_2_1x1,1,4,29,3,1,5,0,1,0,1,1,4,2,2
19,20,block_2_2_1x1,1,4,30,2,0,6,0,1,1,0,1,4,2,2
19,20,block_2_2_1x1,1,4,31,3,0,7,0,1,1,1,1,4,2,2
19,20,block_2_2_1x1,1,8,32,4,0,8,0,2,0,0,1,4,2,2
19,20,block_2_2_1x1,1,8,33,5,0,9,0,2,0,1,1,4,2,2
19,20,block_2_2_1x1,1,8,34,4,1,10,0,2,1,0,1,4,2,2
19,20,block_2_2_1x1,1,8,35,5,1,11,0,2,1,1,1,4,2,2
19,20,block_2_2_1x1,1,9,36,4,2,12,0,3,0,0,1,4,2,2
19,20,block_2_2_1x1,1,9,37,5,2,13,0,3,0,1,1,4,2,2
19,20,block_2_2_1x1,1,9,38,4,3,14,0,3,1,0,1,4,2,2
19,20,block_2_2_1x1,1,9,39,5,3,15,0,3,1,1,1,4,2,2
19,21,block_2_2_3x3,1,10,40,4,4,0,0,0,0,0,1,4,6,1
19,21,block_2_2_3x3,1,10,41,5,4,1,0,0,1,0,1,4,6,1
19,21,block_2_2_3x3,1,10,42,4,5,2,0,0,2,0,1,4,6,1
19,21,block_2_2_3x3,1,10,43,5,5,3,0,0,3,0,1,4,6,1
19,21,block_2_2_3x3,1,11,44,4,6,4,0,0,4,0,1,4,6,1
19,21,block_2_2_3x3,1,11,45,5,6,5,0,0,5,0,1,4,6,1
19,21,block_2_2_3x3,1,11,46,4,7,6,0,1,0,0,1,4,6,1
19,21,block_2_2_3x3,1,11,47,5,7,7,0,1,1,0,1,4,6,1
19,21,block_2_2_3x3,1,15,48,6,7,8,0,1,2,0,1,4,6,1
19,21,block_2_2_3x3,1,15,49,7,7,9,0,1,3,0,1,4,6,1
19,21,block_2_2_3x3,1,15,50,6,6,10,0,1,4,0,1,4,6,1
19,21,block_2_2_3x3,1,15,51,7,6,11,0,1,5,0,1,4,6,1
19,21,block_2_2_3x3,1,14,52,6,5,12,0,2,0,0,1,4,6,1
19,21,block_2_2_3x3,1,14,53,7,5,13,0,2,1,0,1,4,6,1
19,21,block_2_2_3x3,1,14,54,6,4,14,0,2,2,0,1,4,6,1
19,21,block_2_2_3x3,1,14,55,7,4,15,0,2,3,0,1,4,6,1
19,21,block_2_2_3x3,1,13,56,6,3,16,0,2,4,0,1,4,6,1
19,21,block_2_2_3x3,1,13,57,7,3,17,0,2,5,0,1,4,6,1
19,21,block_2_2_3x3,1,13,58,6,2,18,0,3,0,0,1,4,6,1
19,21,block_2_2_3x3,1,13,59,7,2,19,0,3,1,0,1,4,6,1
19,21,block_2_2_3x3,1,12,60,6,1,20,0,3,2,0,1,4,6,1
19,21,block_2_2_3x3,1,12,61,7,1,21,0,3,3,0,1,4,6,1
19,21,block_2_2_3x3,1,12,62,6,0,22,0,3,4,0,1,4,6,1
19,21,block_2_2_3x3,1,12,63,7,0,23,0,3,5,0,1,4,6,1
20,22,block_2_3_1x1,1,0,0,0,0,0,0,0,0,0,1,4,4,4
20,22,block_2_3_1x1,1,0,1,1,0,1,0,0,0,1,1,4,4,4
20,22,block_2_3_1x1,1,0,2,0,1,2,0,0,0,2,1,4,4,4
20,22,block_2_3_1x1,1,0,3,1,1,3,0,0,0,3,1,4,4,4
20,22,block_2_3_1x1,1,1,4,0,2,4,0,0,1,0,1,4,4,4
20,22,block_2_3_1x1,1,1,5,1,2,5,0,0,1,1,1,4,4,4
20,22,block_2_3_1x1,1,1,6,0,3,6,0,0,1,2,1,4,4,4
20,22,block_2_3_1x1,1,1,7,1,3,7,0,0,1,3,1,4,4,4
20,22,block_2_3_1x1,1,2,8,0,4,8,0,0,2,0,1,4,4,4
20,22,block_2_3_1x1,1,2,9,1,4,9,0,0,2,1,1,4,4,4
20,22,block_2_3_1x1,1,2,10,0,5,10,0,0,2,2,1,4,4,4
20,22,block_2_3_1x1,1,2,11,1,5,11,0,0,2,3,1,4,4,4
20,22,block_2_3_1x1,1,3,12,0,6,12,0,0,3,0,1,4,4,4
20,22,block_2_3_1x1,1,3,13,1,6,13,0,0,3,1,1,4,4,4
20,22,block_2_3_1x1,1,3,14,0,7,14,0,0,3,2,1,4,4,4
20,22,block_2_3_1x1,1,3,15,1,7,15,0,0,3,3,1,4,4,4
20,22,block_2_3_1x1,1,7,16,2,7,16,0,1,0,0,1,4,4,4
20,22,block_2_3_1x1,1,7,17,3,7,17,0,1,0,1,1,4,4,4
20,22,block_2_3_1x1,1,7,18,2,6,18,0,1,0,2,1,4,4,4
20,22,block_2_3_1x1,1,7,19,3,6,19,0,1,0,3,1,4,4,4
20,22,block_2_3_1x1,1,6,20,2,5,20,0,1,1,0,1,4,4,4
20,22,block_2_3_1x1,1,6,21,3,5,21,0,1,1,1,1,4,4,4
20,22,block_2_3_1x1,1,6,22,2,4,22,0,1,1,2,1,4,4,4
20,22,block_2_3_1x1,1,6,23,3,4,23,0,1,1,3,1,4,4,4
20,22,block_2_3_1x1,1,5,24,2,3,24,0,1,2,0,1,4,4,4
20,22,block_2_3_1x1,1,5,25,3,3,25,0,1,2,1,1,4,4,4
20,22,block_2_3_1x1,1,5,26,2,2,26,0,1,2,2,1,4,4,4
20,22,block_2_3_1x1,1,5,27,3,2,27,0,1,2,3,1,4,4,4
20,22,block_2_3_1x1,1,4,28,2,1,28,0,1,3,0,1,4,4,4
20,22,block_2_3_1x1,1,4,29,3,1,29,0,1,3,1,1,4,4,4
20,22,block_2_3_1x1,1,4,30,2,0,30,0,1,3,2,1,4,4,4
20,22,block_2_3_1x1,1,4,31,3,0,31,0,1,3,3,1,4,4,4
20,22,block_2_3_1x1,1,8,32,4,0,32,0,2,0,0,1,4,4,4
20,22,block_2_3_1x1,1,8,33,5,0,33,0,2,0,1,1,4,4,4
20,22,block_2_3_1x1,1,8,34,4,1,34,0,2,0,2,1,4,4,4
20,22,block_2_3_1x1,1,8,35,5,1,35,0,2,0,3,1,4,4,4
20,22,block_2_3_1x1,1,9,36,4,2,36,0,2,1,0,1,4,4,4
20,22,block_2_3_1x1,1,9,37,5,2,37,0,2,1,1,1,4,4,4
20,22,block_2_3_1x1,1,9,38,4,3,38,0,2,1,2,1,4,4,4
20,22,block_2_3_1x1,1,9,39,5,3,39,0,2,1,3,1,4,4,4
20,22,block_2_3_1x1,1,10,40,4,4,40,0,2,2,0,1,4,4,4
20,22,block_2_3_1x1,1,10,41,5,4,41,0,2,2,1,1,4,4,4
20,22,block_2_3_1x1,1,10,42,4,5,42,0,2,2,2,1,4,4,4
20,22,block_2_3_1x1,1,10,43,5,5,43,0,2,2,3,1,4,4,4
20,22,block_2_3_1x1,1,11,44,4,6,44,0,2,3,0,1,4,4,4
20,22,block_2_3_1x1,1,11,45,5,6,45,0,2,3,1,1,4,4,4
20,22,block_2_3_1x1,1,11,46,4,7,46,0,2,3,2,1,4,4,4
20,22,block_2_3_1x1,1,11,47,5,7,47,0,2,3,3,1,4,4,4
20,22,block_2_3_1x1,1,15,48,6,7,48,0,3,0,0,1,4,4,4
20,22,block_2_3_1x1,1,15,49,7,7,49,0,3,0,1,1,4,4,4
20,22,block_2_3_1x1,1,15,50,6,6,50,0,3,0,2,1,4,4,4
20,22,block_2_3_1x1,1,15,51,7,6,51,0,3,0,3,1,4,4,4
20,22,block_2_3_1x1,1,14,52,6,5,52,0,3,1,0,1,4,4,4
20,22,block_2_3_1x1,1,14,53,7,5,53,0,3,1,1,1,4,4,4
20,22,block_2_3_1x1,1,14,54,6,4,54,0,3,1,2,1,4,4,4
20,22,block_2_3_1x1,1,14,55,7,4,55,0,3,1,3,1,4,4,4
20,22,block_2_3_1x1,1,13,56,6,3,56,0,3,2,0,1,4,4,4
20,22,block_2_3_1x1,1,13,57,7,3,57,0,3,2,1,1,4,4,4
20,22,block_2_3_1x1,1,13,58,6,2,58,0,3,2,2,1,4,4,4
20,22,block_2_3_1x1,1,13,59,7,2,59,0,3,2,3,1,4,4,4
20,22,block_2_3_1x1,1,12,60,6,1,60,0,3,3,0,1,4,4,4
20,22,block_2_3_1x1,1,12,61,7,1,61,0,3,3,1,1,4,4,4
20,22,block_2_3_1x1,1,12,62,6,0,62,0,3,3,2,1,4,4,4
20,22,block_2_3_1x1,1,12,63,7,0,63,0,3,3,3,1,4,4,4
21,23,block_2_3_3x3,1,0,0,0,0,0,0,0,0,0,1,4,4,4
21,23,block_2_3_3x3,1,0,1,1,0,1,0,0,0,1,1,4,4,4
21,23,block_2_3_3x3,1,0,2,0,1,2,0,0,0,2,1,4,4,4
21,23,block_2_3_3x3,1,0,3,1,1,3,0,0,0,3,1,4,4,4
21,23,block_2_3_3x3,1,1,4,0,2,4,0,0,1,0,1,4,4,4
21,23,block_2_3_3x3,1,1,5,1,2,5,0,0,1,1,1,4,4,4
21,23,block_2_3_3x3,1,1,6,0,3,6,0,0,1,2,1,4,4,4
21,23,block_2_3_3x3,1,1,7,1,3,7,0,0,1,3,1,4,4,4
21,23,block_2_3_3x3,1,2,8,0,4,8,0,0,2,0,1,4,4,4
21,23,block_2_3_3x3,1,2,9,1,4,9,0,0,2,1,1,4,4,4
21,23,block_2_3_3x3,1,2,10,0,5,10,0,0,2,2,1,4,4,4
21,23,block_2_3_3x3,1,2,11,1,5,11,0,0,2,3,1,4,4,4
21,23,block_2_3_3x3,1,3,12,0,6,12,0,0,3,0,1,4,4,4
21,23,block_2_3_3x3,1,3,13,1,6,13,0,0,3,1,1,4,4,4
21,23,block_2_3_3x3,1,3,14,0,7,14,0,0,3,2,1,4,4,4
21,23,block_2_3_3x3,1,3,15,1,7,15,0,0,3,3,1,4,4,4
21,23,block_2_3_3x3,1,7,16,2,7,16,0,1,0,0,1,4,4,4
21,23,block_2_3_3x3,1,7,17,3,7,17,0,1,0,1,1,4,4,4
21,23,block_2_3_3x3,1,7,18,2,6,18,0,1,0,2,1,4,4,4
21,23,block_2_3_3x3,1,7,19,3,6,19,0,1,0,3,1,4,4,4
21,23,block_2_3_3x3,1,6,20,2,5,20,0,1,1,0,1,4,4,4
21,23,block_2_3_3x3,1,6,21,3,5,21,0,1,1,1,1,4,4,4
21,23,block_2_3_3x3,1,6,22,2,4,22,0,1,1,2,1,4,4,4
21,23,block_2_3_3x3,1,6,23,3,4,23,0,1,1,3,1,4,4,4
21,23,block_2_3_3x3,1,5,24,2,3,24,0,1,2,0,1,4,4,4
21,23,block_2_3_3x3,1,5,25,3,3,25,0,1,2,1,1,4,4,4
21,23,block_2_3_3x3,1,5,26,2,2,26,0,1,2,2,1,4,4,4
21,23,block_2_3_3x3,1,5,27,3,2,27,0,1,2,3,1,4,4,4
21,23,block_2_3_3x3,1,4,28,2,1,28,0,1,3,0,1,4,4,4
21,23,block_2_3_3x3,1,4,29,3,1,29,0,1,3,1,1,4,4,4
21,23,block_2_3_3x3,1,4,30,2,0,30,0,1,3,2,1,4,4,4
21,23,block_2_3_3x3,1,4,31,3,0,31,0,1,3,3,1,4,4,4
21,23,block_2_3_3x3,1,8,32,4,0,32,0,2,0,0,1,4,4,4
21,23,block_2_3_3x3,1,8,33,5,0,33,0,2,0,1,1,4,4,4
21,23,block_2_3_3x3,1,8,34,4,1,34,0,2,0,2,1,4,4,4
21,23,block_2_3_3x3,1,8,35,5,1,35,0,2,0,3,1,4,4,4
21,23,block_2_3_3x3,1,9,36,4,2,36,0,2,1,0,1,4,4,4
21,23,block_2_3_3x3,1,9,37,5,2,37,0,2,1,1,1,4,4,4
21,23,block_2_3_3x3,1,9,38,4,3,38,0,2,1,2,1,4,4,4
21,23,block_2_3_3x3,1,9,39,5,3,39,0,2,1,3,1,4,4,4
21,23,block_2_3_3x3,1,10,40,4,4,40,0,2,2,0,1,4,4,4
21,23,block_2_3_3x3,1,10,41,5,4,41,0,2,2,1,1,4,4,4
21,23,block_2_3_3x3,1,10,42,4,5,42,0,2,2,2,1,4,4,4
21,23,block_2_3_3x3,1,10,43,5,5,43,0,2,2,3,1,4,4,4
21,23,block_2_3_3x3,1,11,44,4,6,44,0,2,3,0,1,4,4,4
21,23,block_2_3_3x3,1,11,45,5,6,45,0,2,3,1,1,4,4,4
21,23,block_2_3_3x3,1,11,46,4,7,46,0,2,3,2,1,4,4,4
21,23,block_2_3_3x3,1,11,47,5,7,47,0,2,3,3,1,4,4,4
21,23,block_2_3_3x3,1,15,48,6,7,48,0,3,0,0,1,4,4,4
21,23,block_2_3_3x3,1,15,49,7,7,49,0,3,0,1,1,4,4,4
21,23,block_2_3_3x3,1,15,50,6,6,50,0,3,0,2,1,4,4,4
21,23,block_2_3_3x3,1,15,51,7,6,51,0,3,0,3,1,4,4,4
21,23,block_2_3_3x3,1,14,52,6,5,52,0,3,1,0,1,4,4,4
21,23,block_2_3_3x3,1,14,53,7,5,53,0,3,1,1,1,4,4,4
21,23,block_2_3_3x3,1,14,54,6,4,54,0,3,1,2,1,4,4,4
21,23,block_2_3_3x3,1,14,55,7,4,55,0,3,1,3,1,4,4,4
21,23,block_2_3_3x3,1,13,56,6,3,56,0,3,2,0,1,4,4,4
21,23,block_2_3_3x3,1,13,57,7,3,57,0,3,2,1,1,4,4,4
21,23,block_2_3_3x3,1,13,58,6,2,58,0,3,2,2,1,4,4,4
21,23,block_2_3_3x3,1,13,59,7,2,59,0,3,2,3,1,4,4,4
21,23,block_2_3_3x3,1,12,60,6,1,60,0,3,3,0,1,4,4,4
21,23,block_2_3_3x3,1,12,61,7,1,61,0,3,3,1,1,4,4,4
21,23,block_2_3_3x3,1,12,62,6,0,62,0,3,3,2,1,4,4,4
21,23,block_2_3_3x3,1,12,63,7,0,63,0,3,3,3,1,4,4,4
22,24,block_2_4_1x1,1,0,0,0,0,0,0,0,0,0,1,4,4,4
22,24,block_2_4_1x1,1,0,1,1,0,1,0,0,0,1,1,4,4,4
22,24,block_2_4_1x1,1,0,2,0,1,2,0,0,0,2,1,4,4,4
22,24,block_2_4_1x1,1,0,3,1,1,3,0,0,0,3,1,4,4,4
22,24,block_2_4_1x1,1,1,4,0,2,4,0,0,1,0,1,4,4,4
22,24,block_2_4_1x1,1,1,5,1,2,5,0,0,1,1,1,4,4,4
22,24,block_2_4_1x1,1,1,6,0,3,6,0,0,1,2,1,4,4,4
22,24,block_2_4_1x1,1,1,7,1,3,7,0,0,1,3,1,4,4,4
22,24,block_2_4_1x1,1,2,8,0,4,8,0,0,2,0,1,4,4,4
22,24,block_2_4_1x1,1,2,9,1,4,9,0,0,2,1,1,4,4,4
22,24,block_2_4_1x1,1,2,10,0,5,10,0,0,2,2,1,4,4,4
22,24,block_2_4_1x1,1,2,11,1,5,11,0,0,2,3,1,4,4,4
22,24,block_2_4_1x1,1,3,12,0,6,12,0,0,3,0,1,4,4,4
22,24,block_2_4_1x1,1,3,13,1,6,13,0,0,3,1,1,4,4,4
22,24,block_2_4_1x1,1,3,14,0,7,14,0,0,3,2,1,4,4,4
22,24,block_2_4_1x1,1,3,15,1,7,15,0,0,3,3,1,4,4,4
22,24,block_2_4_1x1,1,7,16,2,7,16,0,1,0,0,1,4,4,4
22,24,block_2_4_1x1,1,7,17,3,7,17,0,1,0,1,1,4,4,4
22,24,block_2_4_1x1,1,7,18,2,6,18,0,1,0,2,1,4,4,4
22,24,block_2_4_1x1,1,7,19,3,6,19,0,1,0,3,1,4,4,4
22,24,block_2_4_1x1,1,6,20,2,5,20,0,1,1,0,1,4,4,4
22,24,block_2_4_1x1,1,6,21,3,5,21,0,1,1,1,1,4,4,4
22,24,block_2_4_1x1,1,6,22,2,4,22,0,1,1,2,1,4,4,4
22,24,block_2_4_1x1,1,6,23,3,4,23,0,1,1,3,1,4,4,4
22,24,block_2_4_1x1,1,5,24,2,3,24,0,1,2,0,1,4,4,4
22,24,block_2_4_1x1,1,5,25,3,3,25,0,1,2,1,1,4,4,4
22,24,block_2_4_1x1,1,5,26,2,2,26,0,1,2,2,1,4,4,4
22,24,block_2_4_1x1,1,5,27,3,2,27,0,1,2,3,1,4,4,4
22,24,block_2_4_1x1,1,4,28,2,1,28,0,1,3,0,1,4,4,4
22,24,block_2_4_1x1,1,4,29,3,1,29,0,1,3,1,1,4,4,4
22,24,block_2_4_1x1,1,4,30,2,0,30,0,1,3,2,1,4,4,4
22,24,block_2_4_1x1,1,4,31,3,0,31,0,1,3,3,1,4,4,4
22,24,block_2_4_1x1,1,8,32,4,0,32,0,2,0,0,1,4,4,4
22,24,block_2_4_1x1,1,8,33,5,0,33,0,2,0,1,1,4,4,4
22,24,block_2_4_1x1,1,8,34,4,1,34,0,2,0,2,1,4,4,4
22,24,block_2_4_1x1,1,8,35,5,1,35,0,2,0,3,1,4,4,4
22,24,block_2_4_1x1,1,9,36,4,2,36,0,2,1,0,1,4,4,4
22,24,block_2_4_1x1,1,9,37,5,2,37,0,2,1,1,1,4,4,4
22,24,block_2_4_1x1,1,9,38,4,3,38,0,2,1,2,1,4,4,4
22,24,block_2_4_1x1,1,9,39,5,3,39,0,2,1,3,1,4,4,4
22,24,block_2_4_1x1,1,10,40,4,4,40,0,2,2,0,1,4,4,4
22,24,block_2_4_1x1,1,10,41,5,4,41,0,2,2,1,1,4,4,4
22,24,block_2_4_1x1,1,10,42,4,5,42,0,2,2,2,1,4,4,4
22,24,block_2_4_1x1,1,10,43,5,5,43,0,2,2,3,1,4,4,4
22,24,block_2_4_1x1,1,11,44,4,6,44,0,2,3,0,1,4,4,4
22,24,block_2_4_1x1,1,11,45,5,6,45,0,2,3,1,1,4,4,4
22,24,block_2_4_1x1,1,11,46,4,7,46,0,2,3,2,1,4,4,4
22,24,block_2_4_1x1,1,11,47,5,7,47,0,2,3,3,1,4,4,4
22,24,block_2_4_1x1,1,15,48,6,7,48,0,3,0,0,1,4,4,4
22,24,block_2_4_1x1,1,15,49,7,7,49,0,3,0,1,1,4,4,4
22,24,block_2_4_1x1,1,15,50,6,6,50,0,3,0,2,1,4,4,4
22,24,block_2_4_1x1,1,15,51,7,6,51,0,3,0,3,1,4,4,4
22,24,block_2_4_1x1,1,14,52,6,5,52,0,3,1,0,1,4,4,4
22,24,block_2_4_1x1,1,14,53,7,5,53,0,3,1,1,1,4,4,4
22,24,block_2_4_1x1,1,14,54,6,4,54,0,3,1,2,1,4,4,4
22,24,block_2_4_1x1,1,14,55,7,4,55,0,3,1,3,1,4,4,4
22,24,block_2_4_1x1,1,13,56,6,3,56,0,3,2,0,1,4,4,4
22,24,block_2_4_1x1,1,13,57,7,3,57,0,3,2,1,1,4,4,4
22,24,block_2_4_1x1,1,13,58,6,2,58,0,3,2,2,1,4,4,4
22,24,block_2_4_1x1,1,13,59,7,2,59,0,3,2,3,1,4,4,4
22,24,block_2_4_1x1,1,12,60,6,1,60,0,3,3,0,1,4,4,4
22,24,block_2_4_1x1,1,12,61,7,1,61,0,3,3,1,1,4,4,4
22,24,block_2_4_1x1,1,12,62,6,0,62,0,3,3,2,1,4,4,4
22,24,block_2_4_1x1,1,12,63,7,0,63,0,3,3,3,1,4,4,4
23,25,block_2_4_3x3,2,0,0,0,0,0,0,0,0,0,2,4,4,1
23,25,block_2_4_3x3,2,0,1,1,0,1,0,0,1,0,2,4,4,1
23,25,block_2_4_3x3,2,0,2,0,1,2,0,0,2,0,2,4,4,1
23,25,block_2_4_3x3,2,0,3,1,1,3,0,0,3,0,2,4,4,1
23,25,block_2_4_3x3,2,1,4,0,2,16,1,0,0,0,2,4,4,1
23,25,block_2_4_3x3,2,1,5,1,2,17,1,0,1,0,2,4,4,1
23,25,block_2_4_3x3,2,1,6,0,3,18,1,0,2,0,2,4,4,1
23,25,block_2_4_3x3,2,1,7,1,3,19,1,0,3,0,2,4,4,1
23,25,block_2_4_3x3,2,2,8,0,4,4,0,1,0,0,2,4,4,1
23,25,block_2_4_3x3,2,2,9,1,4,5,0,1,1,0,2,4,4,1
23,25,block_2_4_3x3,2,2,10,0,5,6,0,1,2,0,2,4,4,1
23,25,block_2_4_3x3,2,2,11,1,5,7,0,1,3,0,2,4,4,1
23,25,block_2_4_3x3,2,3,12,0,6,20,1,1,0,0,2,4,4,1
23,25,block_2_4_3x3,2,3,13,1,6,21,1,1,1,0,2,4,4,1
23,25,block_2_4_3x3,2,3,14,0,7,22,1,1,2,0,2,4,4,1
23,25,block_2_4_3x3,2,3,15,1,7,23,1,1,3,0,2,4,4,1
23,25,block_2_4_3x3,2,7,16,2,7,8,0,2,0,0,2,4,4,1
23,25,block_2_4_3x3,2,7,17,3,7,9,0,2,1,0,2,4,4,1
23,25,block_2_4_3x3,2,7,18,2,6,10,0,2,2,0,2,4,4,1
23,25,block_2_4_3x3,2,7,19,3,6,11,0,2,3,0,2,4,4,1
23,25,block_2_4_3x3,2,6,20,2,5,24,1,2,0,0,2,4,4,1
23,25,block_2_4_3x3,2,6,21,3,5,25,1,2,1,0,2,4,4,1
23,25,block_2_4_3x3,2,6,22,2,4,26,1,2,2,0,2,4,4,1
23,25,block_2_4_3x3,2,6,23,3,4,27,1,2,3,0,2,4,4,1
23,25,block_2_4_3x3,2,5,24,2,3,12,0,3,0,0,2,4,4,1
23,25,block_2_4_3x3,2,5,25,3,3,13,0,3,1,0,2,4,4,1
23,25,block_2_4_3x3,2,5,26,2,2,14,0,3,2,0,2,4,4,1
23,25,block_2_4_3x3,2,5,27,3,2,15,0,3,3,0,2,4,4,1
23,25,block_2_4_3x3,2,4,28,2,1,28,1,3,0,0,2,4,4,1
23,25,block_2_4_3x3,2,4,29,3,1,29,1,3,1,0,2,4,4,1
23,25,block_2_4_3x3,2,4,30,2,0,30,1,3,2,0,2,4,4,1
23,25,block_2_4_3x3,2,4,31,3,0,31,1,3,3,0,2,4,4,1
23,26,block_2_5_1x1,2,8,32,4,0,0,0,0,0,0,2,2,2,4
23,26,block_2_5_1x1,2,8,33,5,0,1,0,0,0,1,2,2,2,4
23,26,block_2_5_1x1,2,8,34,4,1,2,0,0,0,2,2,2,2,4
23,26,block_2_5_1x1,2,8,35,5,1,3,0,0,0,3,2,2,2,4
23,26,block_2_5_1x1,2,9,36,4,2,4,0,0,1,0,2,2,2,4
23,26,block_2_5_1x1,2,9,37,5,2,5,0,0,1,1,2,2,2,4
23,26,block_2_5_1x1,2,9,38,4,3,6,0,0,1,2,2,2,2,4
23,26,block_2_5_1x1,2,9,39,5,3,7,0,0,1,3,2,2,2,4
23,26,block_2_5_1x1,2,10,40,4,4,16,1,0,0,0,2,2,2,4
23,26,block_2_5_1x1,2,10,41,5,4,17,1,0,0,1,2,2,2,4
23,26,block_2_5_1x1,2,10,42,4,5,18,1,0,0,2,2,2,2,4
23,26,block_2_5_1x1,2,10,43,5,5,19,1,0,0,3,2,2,2,4
23,26,block_2_5_1x1,2,11,44,4,6,20,1,0,1,0,2,2,2,4
23,26,block_2_5_1x1,2,11,45,5,6,21,1,0,1,1,2,2,2,4
23,26,block_2_5_1x1,2,11,46,4,7,22,1,0,1,2,2,2,2,4
23,26,block_2_5_1x1,2,11,47,5,7,23,1,0,1,3,2,2,2,4
23,26,block_2_5_1x1,2,15,48,6,7,8,0,1,0,0,2,2,2,4
23,26,block_2_5_1x1,2,15,49,7,7,9,0,1,0,1,2,2,2,4
23,26,block_2_5_1x1,2,15,50,6,6,10,0,1,0,2,2,2,2,4
23,26,block_2_5_1x1,2,15,51,7,6,11,0,1,0,3,2,2,2,4
23,26,block_2_5_1x1,2,14,52,6,5,12,0,1,1,0,2,2,2,4
23,26,block_2_5_1x1,2,14,53,7,5,13,0,1,1,1,2,2,2,4
23,26,block_2_5_1x1,2,14,54,6,4,14,0,1,1,2,2,2,2,4
23,26,block_2_5_1x1,2,14,55,7,4,15,0,1,1,3,2,2,2,4
23,26,block_2_5_1x1,2,13,56,6,3,24,1,1,0,0,2,2,2,4
23,26,block_2_5_1x1,2,13,57,7,3,25,1,1,0,1,2,2,2,4
23,26,block_2_5_1x1,2,13,58,6,2,26,1,1,0,2,2,2,2,4
23,26,block_2_5_1x1,2,13,59,7,2,27,1,1,0,3,2,2,2,4
23,26,block_2_5_1x1,2,12,60,6,1,28,1,1,1,0,2,2,2,4
23,26,block_2_5_1x1,2,12,61,7,1,29,1,1,1,1,2,2,2,4
23,26,block_2_5_1x1,2,12,62,6,0,30,1,1,1,2,2,2,2,4
23,26,block_2_5_1x1,2,12,63,7,0,31,1,1,1,3,2,2,2,4
24,27,block_2_5_3x3,1,0,0,0,0,0,0,0,0,0,1,4,4,4
24,27,block_2_5_3x3,1,0,1,1,0,1,0,0,0,1,1,4,4,4
24,27,block_2_5_3x3,1,0,2,0,1,2,0,0,0,2,1,4,4,4
24,27,block_2_5_3x3,1,0,3,1,1,3,0,0,0,3,1,4,4,4
24,27,block_2_5_3x3,1,1,4,0,2,4,0,0,1,0,1,4,4,4
24,27,block_2_5_3x3,1,1,5,1,2,5,0,0,1,1,1,4,4,4
24,27,block_2_5_3x3,1,1,6,0,3,6,0,0,1,2,1,4,4,4
24,27,block_2_5_3x3,1,1,7,1,3,7,0,0,1,3,1,4,4,4
24,27,block_2_5_3x3,1,2,8,0,4,8,0,0,2,0,1,4,4,4
24,27,block_2_5_3x3,1,2,9,1,4,9,0,0,2,1,1,4,4,4
24,27,block_2_5_3x3,1,2,10,0,5,10,0,0,2,2,1,4,4,4
24,27,block_2_5_3x3,1,2,11,1,5,11,0,0,2,3,1,4,4,4
24,27,block_2_5_3x3,1,3,12,0,6,12,0,0,3,0,1,4,4,4
24,27,block_2_5_3x3,1,3,13,1,6,13,0,0,3,1,1,4,4,4
24,27,block_2_5_3x3,1,3,14,0,7,14,0,0,3,2,1,4,4,4
24,27,block_2_5_3x3,1,3,15,1,7,15,0,0,3,3,1,4,4,4
24,27,block_2_5_3x3,1,7,16,2,7,16,0,1,0,0,1,4,4,4
24,27,block_2_5_3x3,1,7,17,3,7,17,0,1,0,1,1,4,4,4
24,27,block_2_5_3x3,1,7,18,2,6,18,0,1,0,2,1,4,4,4
24,27,block_2_5_3x3,1,7,19,3,6,19,0,1,0,3,1,4,4,4
24,27,block_2_5_3x3,1,6,20,2,5,20,0,1,1,0,1,4,4,4
24,27,block_2_5_3x3,1,6,21,3,5,21,0,1,1,1,1,4,4,4
24,27,block_2_5_3x3,1,6,22,2,4,22,0,1,1,2,1,4,4,4
24,27,block_2_5_3x3,1,6,23,3,4,23,0,1,1,3,1,4,4,4
24,27,block_2_5_3x3,1,5,24,2,3,24,0,1,2,0,1,4,4,4
24,27,block_2_5_3x3,1,5,25,3,3,25,0,1,2,1,1,4,4,4
24,27,block_2_5_3x3,1,5,26,2,2,26,0,1,2,2,1,4,4,4
24,27,block_2_5_3x3,1,5,27,3,2,27,0,1,2,3,1,4,4,4
24,27,block_2_5_3x3,1,4,28,2,1,28,0,1,3,0,1,4,4,4
24,27,block_2_5_3x3,1,4,29,3,1,29,0,1,3,1,1,4,4,4
24,27,block_2_5_3x3,1,4,30,2,0,30,0,1,3,2,1,4,4,4
24,27,block_2_5_3x3,1,4,31,3,0,31,0,1,3,3,1,4,4,4
24,27,block_2_5_3x3,1,8,32,4,0,32,0,2,0,0,1,4,4,4
24,27,block_2_5_3x3,1,8,33,5,0,33,0,2,0,1,1,4,4,4
24,27,block_2_5_3x3,1,8,34,4,1,34,0,2,0,2,1,4,4,4
24,27,block_2_5_3x3,1,8,35,5,1,35,0,2,0,3,1,4,4,4
24,27,block_2_5_3x3,1,9,36,4,2,36,0,2,1,0,1,4,4,4
24,27,block_2_5_3x3,1,9,37,5,2,37,0,2,1,1,1,4,4,4
24,27,block_2_5_3x3,1,9,38,4,3,38,0,2,1,2,1,4,4,4
24,27,block_2_5_3x3,1,9,39,5,3,39,0,2,1,3,1,4,4,4
24,27,block_2_5_3x3,1,10,40,4,4,40,0,2,2,0,1,4,4,4
24,27,block_2_5_3x3,1,10,41,5,4,41,0,2,2,1,1,4,4,4
24,27,block_2_5_3x3,1,10,42,4,5,42,0,2,2,2,1,4,4,4
24,27,block_2_5_3x3,1,10,43,5,5,43,0,2,2,3,1,4,4,4
24,27,block_2_5_3x3,1,11,44,4,6,44,0,2,3,0,1,4,4,4
24,27,block_2_5_3x3,1,11,45,5,6,45,0,2,3,1,1,4,4,4
24,27,block_2_5_3x3,1,11,46,4,7,46,0,2,3,2,1,4,4,4
24,27,block_2_5_3x3,1,11,47,5,7,47,0,2,3,3,1,4,4,4
24,27,block_2_5_3x3,1,15,48,6,7,48,0,3,0,0,1,4,4,4
24,27,block_2_5_3x3,1,15,49,7,7,49,0,3,0,1,1,4,4,4
24,27,block_2_5_3x3,1,15,50,6,6,50,0,3,0,2,1,4,4,4
24,27,block_2_5_3x3,1,15,51,7,6,51,0,3,0,3,1,4,4,4
24,27,block_2_5_3x3,1,14,52,6,5,52,0,3,1,0,1,4,4,4
24,27,block_2_5_3x3,1,14,53,7,5,53,0,3,1,1,1,4,4,4
24,27,block_2_5_3x3,1,14,54,6,4,54,0,3,1,2,1,4,4,4
24,27,block_2_5_3x3,1,14,55,7,4,55,0,3,1,3,1,4,4,4
24,27,block_2_5_3x3,1,13,56,6,3,56,0,3,2,0,1,4,4,4
24,27,block_2_5_3x3,1,13,57,7,3,57,0,3,2,1,1,4,4,4
24,27,block_2_5_3x3,1,13,58,6,2,58,0,3,2,2,1,4,4,4
24,27,block_2_5_3x3,1,13,59,7,2,59,0,3,2,3,1,4,4,4
24,27,block_2_5_3x3,1,12,60,6,1,60,0,3,3,0,1,4,4,4
24,27,block_2_5_3x3,1,12,61,7,1,61,0,3,3,1,1,4,4,4
24,27,block_2_5_3x3,1,12,62,6,0,62,0,3,3,2,1,4,4,4
24,27,block_2_5_3x3,1,12,63,7,0,63,0,3,3,3,1,4,4,4
25,28,block_2_6_1x1,1,0,0,0,0,0,0,0,0,0,1,4,4,4
25,28,block_2_6_1x1,1,0,1,1,0,1,0,0,0,1,1,4,4,4
25,28,block_2_6_1x1,1,0,2,0,1,2,0,0,0,2,1,4,4,4
25,28,block_2_6_1x1,1,0,3,1,1,3,0,0,0,3,1,4,4,4
25,28,block_2_6_1x1,1,1,4,0,2,4,0,0,1,0,1,4,4,4
25,28,block_2_6_1x1,1,1,5,1,2,5,0,0,1,1,1,4,4,4
25,28,block_2_6_1x1,1,1,6,0,3,6,0,0,1,2,1,4,4,4
25,28,block_2_6_1x1,1,1,7,1,3,7,0,0,1,3,1,4,4,4
25,28,block_2_6_1x1,1,2,8,0,4,8,0,0,2,0,1,4,4,4
25,28,block_2_6_1x1,1,2,9,1,4,9,0,0,2,1,1,4,4,4
25,28,block_2_6_1x1,1,2,10,0,5,10,0,0,2,2,1,4,4,4
25,28,block_2_6_1x1,1,2,11,1,5,11,0,0,2,3,1,4,4,4
25,28,block_2_6_1x1,1,3,12,0,6,12,0,0,3,0,1,4,4,4
25,28,block_2_6_1x1,1,3,13,1,6,13,0,0,3,1,1,4,4,4
25,28,block_2_6_1x1,1,3,14,0,7,14,0,0,3,2,1,4,4,4
25,28,block_2_6_1x1,1,3,15,1,7,15,0,0,3,3,1,4,4,4
25,28,block_2_6_1x1,1,7,16,2,7,16,0,1,0,0,1,4,4,4
25,28,block_2_6_1x1,1,7,17,3,7,17,0,1,0,1,1,4,4,4
25,28,block_2_6_1x1,1,7,18,2,6,18,0,1,0,2,1,4,4,4
25,28,block_2_6_1x1,1,7,19,3,6,19,0,1,0,3,1,4,4,4
25,28,block_2_6_1x1,1,6,20,2,5,20,0,1,1,0,1,4,4,4
25,28,block_2_6_1x1,1,6,21,3,5,21,0,1,1,1,1,4,4,4
25,28,block_2_6_1x1,1,6,22,2,4,22,0,1,1,2,1,4,4,4
25,28,block_2_6_1x1,1,6,23,3,4,23,0,1,1,3,1,4,4,4
25,28,block_2_6_1x1,1,5,24,2,3,24,0,1,2,0,1,4,4,4
25,28,block_2_6_1x1,1,5,25,3,3,25,0,1,2,1,1,4,4,4
25,28,block_2_6_1x1,1,5,26,2,2,26,0,1,2,2,1,4,4,4
25,28,block_2_6_1x1,1,5,27,3,2,27,0,1,2,3,1,4,4,4
25,28,block_2_6_1x1,1,4,28,2,1,28,0,1,3,0,1,4,4,4
25,28,block_2_6_1x1,1,4,29,3,1,29,0,1,3,1,1,4,4,4
25,28,block_2_6_1x1,1,4,30,2,0,30,0,1,3,2,1,4,4,4
25,28,block_2_6_1x1,1,4,31,3,0,31,0,1,3,3,1,4,4,4
25,28,block_2_6_1x1,1,8,32,4,0,32,0,2,0,0,1,4,4,4
25,28,block_2_6_1x1,1,8,33,5,0,33,0,2,0,1,1,4,4,4
25,28,block_2_6_1x1,1,8,34,4,1,34,0,2,0,2,1,4,4,4
25,28,block_2_6_1x1,1,8,35,5,1,35,0,2,0,3,1,4,4,4
25,28,block_2_6_1x1,1,9,36,4,2,36,0,2,1,0,1,4,4,4
25,28,block_2_6_1x1,1,9,37,5,2,37,0,2,1,1,1,4,4,4
25,28,block_2_6_1x1,1,9,38,4,3,38,0,2,1,2,1,4,4,4
25,28,block_2_6_1x1,1,9,39,5,3,39,0,2,1,3,1,4,4,4
25,28,block_2_6_1x1,1,10,40,4,4,40,0,2,2,0,1,4,4,4
25,28,block_2_6_1x1,1,10,41,5,4,41,0,2,2,1,1,4,4,4
25,28,block_2_6_1x1,1,10,42,4,5,42,0,2,2,2,1,4,4,4
25,28,block_2_6_1x1,1,10,43,5,5,43,0,2,2,3,1,4,4,4
25,28,block_2_6_1x1,1,11,44,4,6,44,0,2,3,0,1,4,4,4
25,28,block_2_6_1x1,1,11,45,5,6,45,0,2,3,1,1,4,4,4
25,28,block_2_6_1x1,1,11,46,4,7,46,0,2,3,2,1,4,4,4
25,28,block_2_6_1x1,1,11,47,5,7,47,0,2,3,3,1,4,4,4
25,28,block_2_6_1x1,1,15,48,6,7,48,0,3,0,0,1,4,4,4
25,28,block_2_6_1x1,1,15,49,7,7,49,0,3,0,1,1,4,4,4
25,28,block_2_6_1x1,1,15,50,6,6,50,0,3,0,2,1,4,4,4
25,28,block_2_6_1x1,1,15,51,7,6,51,0,3,0,3,1,4,4,4
25,28,block_2_6_1x1,1,14,52,6,5,52,0,3,1,0,1,4,4,4
25,28,block_2_6_1x1,1,14,53,7,5,53,0,3,1,1,1,4,4,4
25,28,block_2_6_1x1,1,14,54,6,4,54,0,3,1,2,1,4,4,4
25,28,block_2_6_1x1,1,14,55,7,4,55,0,3,1,3,1,4,4,4
25,28,block_2_6_1x1,1,13,56,6,3,56,0,3,2,0,1,4,4,4
25,28,block_2_6_1x1,1,13,57,7,3,57,0,3,2,1,1,4,4,4
25,28,block_2_6_1x1,1,13,58,6,2,58,0,3,2,2,1,4,4,4
25,28,block_2_6_1x1,1,13,59,7,2,59,0,3,2,3,1,4,4,4
25,28,block_2_6_1x1,1,12,60,6,1,60,0,3,3,0,1,4,4,4
25,28,block_2_6_1x1,1,12,61,7,1,61,0,3,3,1,1,4,4,4
25,28,block_2_6_1x1,1,12,62,6,0,62,0,3,3,2,1,4,4,4
25,28,block_2_6_1x1,1,12,63,7,0,63,0,3,3,3,1,4,4,4
26,29,block_2_6_3x3,1,0,0,0,0,0,0,0,0,0,1,4,4,4
26,29,block_2_6_3x3,1,0,1,1,0,1,0,0,0,1,1,4,4,4
26,29,block_2_6_3x3,1,0,2,0,1,2,0,0,0,2,1,4,4,4
26,29,block_2_6_3x3,1,0,3,1,1,3,0,0,0,3,1,4,4,4
26,29,block_2_6_3x3,1,1,4,0,2,4,0,0,1,0,1,4,4,4
26,29,block_2_6_3x3,1,1,5,1,2,5,0,0,1,1,1,4,4,4
26,29,block_2_6_3x3,1,1,6,0,3,6,0,0,1,2,1,4,4,4
26,29,block_2_6_3x3,1,1,7,1,3,7,0,0,1,3,1,4,4,4
26,29,block_2_6_3x3,1,2,8,0,4,8,0,0,2,0,1,4,4,4
26,29,block_2_6_3x3,1,2,9,1,4,9,0,0,2,1,1,4,4,4
26,29,block_2_6_3x3,1,2,10,0,5,10,0,0,2,2,1,4,4,4
26,29,block_2_6_3x3,1,2,11,1,5,11,0,0,2,3,1,4,4,4
26,29,block_2_6_3x3,1,3,12,0,6,12,0,0,3,0,1,4,4,4
26,29,block_2_6_3x3,1,3,13,1,6,13,0,0,3,1,1,4,4,4
26,29,block_2_6_3x3,1,3,14,0,7,14,0,0,3,2,1,4,4,4
26,29,block_2_6_3x3,1,3,15,1,7,15,0,0,3,3,1,4,4,4
26,29,block_2_6_3x3,1,7,16,2,7,16,0,1,0,0,1,4,4,4
26,29,block_2_6_3x3,1,7,17,3,7,17,0,1,0,1,1,4,4,4
26,29,block_2_6_3x3,1,7,18,2,6,18,0,1,0,2,1,4,4,4
26,29,block_2_6_3x3,1,7,19,3,6,19,0,1,0,3,1,4,4,4
26,29,block_2_6_3x3,1,6,20,2,5,20,0,1,1,0,1,4,4,4
26,29,block_2_6_3x3,1,6,21,3,5,21,0,1,1,1,1,4,4,4
26,29,block_2_6_3x3,1,6,22,2,4,22,0,1,1,2,1,4,4,4
26,29,block_2_6_3x3,1,6,23,3,4,23,0,1,1,3,1,4,4,4
26,29,block_2_6_3x3,1,5,24,2,3,24,0,1,2,0,1,4,4,4
26,29,block_2_6_3x3,1,5,25,3,3,25,0,1,2,1,1,4,4,4
26,29,block_2_6_3x3,1,5,26,2,2,26,0,1,2,2,1,4,4,4
26,29,block_2_6_3x3,1,5,27,3,2,27,0,1,2,3,1,4,4,4
26,29,block_2_6_3x3,1,4,28,2,1,28,0,1,3,0,1,4,4,4
26,29,block_2_6_3x3,1,4,29,3,1,29,0,1,3,1,1,4,4,4
26,29,block_2_6_3x3,1,4,30,2,0,30,0,1,3,2,1,4,4,4
26,29,block_2_6_3x3,1,4,31,3,0,31,0,1,3,3,1,4,4,4
26,29,block_2_6_3x3,1,8,32,4,0,32,0,2,0,0,1,4,4,4
26,29,block_2_6_3x3,1,8,33,5,0,33,0,2,0,1,1,4,4,4
26,29,block_2_6_3x3,1,8,34,4,1,34,0,2,0,2,1,4,4,4
26,29,block_2_6_3x3,1,8,35,5,1,35,0,2,0,3,1,4,4,4
26,29,block_2_6_3x3,1,9,36,4,2,36,0,2,1,0,1,4,4,4
26,29,block_2_6_3x3,1,9,37,5,2,37,0,2,1,1,1,4,4,4
26,29,block_2_6_3x3,1,9,38,4,3,38,0,2,1,2,1,4,4,4
26,29,block_2_6_3x3,1,9,39,5,3,39,0,2,1,3,1,4,4,4
26,29,block_2_6_3x3,1,10,40,4,4,40,0,2,2,0,1,4,4,4
26,29,block_2_6_3x3,1,10,41,5,4,41,0,2,2,1,1,4,4,4
26,29,block_2_6_3x3,1,10,42,4,5,42,0,2,2,2,1,4,4,4
26,29,block_2_6_3x3,1,10,43,5,5,43,0,2,2,3,1,4,4,4
26,29,block_2_6_3x3,1,11,44,4,6,44,0,2,3,0,1,4,4,4
26,29,block_2_6_3x3,1,11,45,5,6,45,0,2,3,1,1,4,4,4
26,29,block_2_6_3x3,1,11,46,4,7,46,0,2,3,2,1,4,4,4
26,29,block_2_6_3x3,1,11,47,5,7,47,0,2,3,3,1,4,4,4
26,29,block_2_6_3x3,1,15,48,6,7,48,0,3,0,0,1,4,4,4
26,29,block_2_6_3x3,1,15,49,7,7,49,0,3,0,1,1,4,4,4
26,29,block_2_6_3x3,1,15,50,6,6,50,0,3,0,2,1,4,4,4
26,29,block_2_6_3x3,1,15,51,7,6,51,0,3,0,3,1,4,4,4
26,29,block_2_6_3x3,1,14,52,6,5,52,0,3,1,0,1,4,4,4
26,29,block_2_6_3x3,1,14,53,7,5,53,0,3,1,1,1,4,4,4
26,29,block_2_6_3x3,1,14,54,6,4,54,0,3,1,2,1,4,4,4
26,29,block_2_6_3x3,1,14,55,7,4,55,0,3,1,3,1,4,4,4
26,29,block_2_6_3x3,1,13,56,6,3,56,0,3,2,0,1,4,4,4
26,29,block_2_6_3x3,1,13,57,7,3,57,0,3,2,1,1,4,4,4
26,29,block_2_6_3x3,1,13,58,6,2,58,0,3,2,2,1,4,4,4
26,29,block_2_6_3x3,1,13,59,7,2,59,0,3,2,3,1,4,4,4
26,29,block_2_6_3x3,1,12,60,6,1,60,0,3,3,0,1,4,4,4
26,29,block_2_6_3x3,1,12,61,7,1,61,0,3,3,1,1,4,4,4
26,29,block_2_6_3x3,1,12,62,6,0,62,0,3,3,2,1,4,4,4
26,29,block_2_6_3x3,1,12,63,7,0,63,0,3,3,3,1,4,4,4
27,30,block_2_7_1x1,1,0,0,0,0,0,0,0,0,0,1,4,4,4
27,30,block_2_7_1x1,1,0,1,1,0,1,0,0,0,1,1,4,4,4
27,30,block_2_7_1x1,1,0,2,0,1,2,0,0,0,2,1,4,4,4
27,30,block_2_7_1x1,1,0,3,1,1,3,0,0,0,3,1,4,4,4
27,30,block_2_7_1x1,1,1,4,0,2,4,0,0,1,0,1,4,4,4
27,30,block_2_7_1x1,1,1,5,1,2,5,0,0,1,1,1,4,4,4
27,30,block_2_7_1x1,1,1,6,0,3,6,0,0,1,2,1,4,4,4
27,30,block_2_7_1x1,1,1,7,1,3,7,0,0,1,3,1,4,4,4
27,30,block_2_7_1x1,1,2,8,0,4,8,0,0,2,0,1,4,4,4
27,30,block_2_7_1x1,1,2,9,1,4,9,0,0,2,1,1,4,4,4
27,30,block_2_7_1x1,1,2,10,0,5,10,0,0,2,2,1,4,4,4
27,30,block_2_7_1x1,1,2,11,1,5,11,0,0,2,3,1,4,4,4
27,30,block_2_7_1x1,1,3,12,0,6,12,0,0,3,0,1,4,4,4
27,30,block_2_7_1x1,1,3,13,1,6,13,0,0,3,1,1,4,4,4
27,30,block_2_7_1x1,1,3,14,0,7,14,0,0,3,2,1,4,4,4
27,30,block_2_7_1x1,1,3,15,1,7,15,0,0,3,3,1,4,4,4
27,30,block_2_7_1x1,1,7,16,2,7,16,0,1,0,0,1,4,4,4
27,30,block_2_7_1x1,1,7,17,3,7,17,0,1,0,1,1,4,4,4
27,30,block_2_7_1x1,1,7,18,2,6,18,0,1,0,2,1,4,4,4
27,30,block_2_7_1x1,1,7,19,3,6,19,0,1,0,3,1,4,4,4
27,30,block_2_7_1x1,1,6,20,2,5,20,0,1,1,0,1,4,4,4
27,30,block_2_7_1x1,1,6,21,3,5,21,0,1,1,1,1,4,4,4
27,30,block_2_7_1x1,1,6,22,2,4,22,0,1,1,2,1,4,4,4
27,30,block_2_7_1x1,1,6,23,3,4,23,0,1,1,3,1,4,4,4
27,30,block_2_7_1x1,1,5,24,2,3,24,0,1,2,0,1,4,4,4
27,30,block_2_7_1x1,1,5,25,3,3,25,0,1,2,1,1,4,4,4
27,30,block_2_7_1x1,1,5,26,2,2,26,0,1,2,2,1,4,4,4
27,30,block_2_7_1x1,1,5,27,3,2,27,0,1,2,3,1,4,4,4
27,30,block_2_7_1x1,1,4,28,2,1,28,0,1,3,0,1,4,4,4
27,30,block_2_7_1x1,1,4,29,3,1,29,0,1,3,1,1,4,4,4
27,30,block_2_7_1x1,1,4,30,2,0,30,0,1,3,2,1,4,4,4
27,30,block_2_7_1x1,1,4,31,3,0,31,0,1,3,3,1,4,4,4
27,30,block_2_7_1x1,1,8,32,4,0,32,0,2,0,0,1,4,4,4
27,30,block_2_7_1x1,1,8,33,5,0,33,0,2,0,1,1,4,4,4
27,30,block_2_7_1x1,1,8,34,4,1,34,0,2,0,2,1,4,4,4
27,30,block_2_7_1x1,1,8,35,5,1,35,0,2,0,3,1,4,4,4
27,30,block_2_7_1x1,1,9,36,4,2,36,0,2,1,0,1,4,4,4
27,30,block_2_7_1x1,1,9,37,5,2,37,0,2,1,1,1,4,4,4
27,30,block_2_7_1x1,1,9,38,4,3,38,0,2,1,2,1,4,4,4
27,30,block_2_7_1x1,1,9,39,5,3,39,0,2,1,3,1,4,4,4
27,30,block_2_7_1x1,1,10,40,4,4,40,0,2,2,0,1,4,4,4
27,30,block_2_7_1x1,1,10,41,5,4,41,0,2,2,1,1,4,4,4
27,30,block_2_7_1x1,1,10,42,4,5,42,0,2,2,2,1,4,4,4
27,30,block_2_7_1x1,1,10,43,5,5,43,0,2,2,3,1,4,4,4
27,30,block_2_7_1x1,1,11,44,4,6,44,0,2,3,0,1,4,4,4
27,30,block_2_7_1x1,1,11,45,5,6,45,0,2,3,1,1,4,4,4
27,30,block_2_7_1x1,1,11,46,4,7,46,0,2,3,2,1,4,4,4
27,30,block_2_7_1x1,1,11,47,5,7,47,0,2,3,3,1,4,4,4
27,30,block_2_7_1x1,1,15,48,6,7,48,0,3,0,0,1,4,4,4
27,30,block_2_7_1x1,1,15,49,7,7,49,0,3,0,1,1,4,4,4
27,30,block_2_7_1x1,1,15,50,6,6,50,0,3,0,2,1,4,4,4
27,30,block_2_7_1x1,1,15,51,7,6,51,0,3,0,3,1,4,4,4
27,30,block_2_7_1x1,1,14,52,6,5,52,0,3,1,0,1,4,4,4
27,30,block_2_7_1x1,1,14,53,7,5,53,0,3,1,1,1,4,4,4
27,30,block_2_7_1x1,1,14,54,6,4,54,0,3,1,2,1,4,4,4
27,30,block_2_7_1x1,1,14,55,7,4,55,0,3,1,3,1,4,4,4
27,30,block_2_7_1x1,1,13,56,6,3,56,0,3,2,0,1,4,4,4
27,30,block_2_7_1x1,1,13,57,7,3,57,0,3,2,1,1,4,4,4
27,30,block_2_7_1x1,1,13,58,6,2,58,0,3,2,2,1,4,4,4
27,30,block_2_7_1x1,1,13,59,7,2,59,0,3,2,3,1,4,4,4
27,30,block_2_7_1x1,1,12,60,6,1,60,0,3,3,0,1,4,4,4
27,30,block_2_7_1x1,1,12,61,7,1,61,0,3,3,1,1,4,4,4
27,30,block_2_7_1x1,1,12,62,6,0,62,0,3,3,2,1,4,4,4
27,30,block_2_7_1x1,1,12,63,7,0,63,0,3,3,3,1,4,4,4
28,31,block_2_7_3x3,1,0,0,0,0,0,0,0,0,0,1,4,4,4
28,31,block_2_7_3x3,1,0,1,1,0,1,0,0,0,1,1,4,4,4
28,31,block_2_7_3x3,1,0,2,0,1,2,0,0,0,2,1,4,4,4
28,31,block_2_7_3x3,1,0,3,1,1,3,0,0,0,3,1,4,4,4
28,31,block_2_7_3x3,1,1,4,0,2,4,0,0,1,0,1,4,4,4
28,31,block_2_7_3x3,1,1,5,1,2,5,0,0,1,1,1,4,4,4
28,31,block_2_7_3x3,1,1,6,0,3,6,0,0,1,2,1,4,4,4
28,31,block_2_7_3x3,1,1,7,1,3,7,0,0,1,3,1,4,4,4
28,31,block_2_7_3x3,1,2,8,0,4,8,0,0,2,0,1,4,4,4
28,31,block_2_7_3x3,1,2,9,1,4,9,0,0,2,1,1,4,4,4
28,31,block_2_7_3x3,1,2,10,0,5,10,0,0,2,2,1,4,4,4
28,31,block_2_7_3x3,1,2,11,1,5,11,0,0,2,3,1,4,4,4
28,31,block_2_7_3x3,1,3,12,0,6,12,0,0,3,0,1,4,4,4
28,31,block_2_7_3x3,1,3,13,1,6,13,0,0,3,1,1,4,4,4
28,31,block_2_7_3x3,1,3,14,0,7,14,0,0,3,2,1,4,4,4
28,31,block_2_7_3x3,1,3,15,1,7,15,0,0,3,3,1,4,4,4
28,31,block_2_7_3x3,1,7,16,2,7,16,0,1,0,0,1,4,4,4
28,31,block_2_7_3x3,1,7,17,3,7,17,0,1,0,1,1,4,4,4
28,31,block_2_7_3x3,1,7,18,2,6,18,0,1,0,2,1,4,4,4
28,31,block_2_7_3x3,1,7,19,3,6,19,0,1,0,3,1,4,4,4
28,31,block_2_7_3x3,1,6,20,2,5,20,0,1,1,0,1,4,4,4
28,31,block_2_7_3x3,1,6,21,3,5,21,0,1,1,1,1,4,4,4
28,31,block_2_7_3x3,1,6,22,2,4,22,0,1,1,2,1,4,4,4
28,31,block_2_7_3x3,1,6,23,3,4,23,0,1,1,3,1,4,4,4
28,31,block_2_7_3x3,1,5,24,2,3,24,0,1,2,0,1,4,4,4
28,31,block_2_7_3x3,1,5,25,3,3,25,0,1,2,1,1,4,4,4
28,31,block_2_7_3x3,1,5,26,2,2,26,0,1,2,2,1,4,4,4
28,31,block_2_7_3x3,1,5,27,3,2,27,0,1,2,3,1,4,4,4
28,31,block_2_7_3x3,1,4,28,2,1,28,0,1,3,0,1,4,4,4
28,31,block_2_7_3x3,1,4,29,3,1,29,0,1,3,1,1,4,4,4
28,31,block_2_7_3x3,1,4,30,2,0,30,0,1,3,2,1,4,4,4
28,31,block_2_7_3x3,1,4,31,3,0,31,0,1,3,3,1,4,4,4
28,31,block_2_7_3x3,1,8,32,4,0,32,0,2,0,0,1,4,4,4
28,31,block_2_7_3x3,1,8,33,5,0,33,0,2,0,1,1,4,4,4
28,31,block_2_7_3x3,1,8,34,4,1,34,0,2,0,2,1,4,4,4
28,31,block_2_7_3x3,1,8,35,5,1,35,0,2,0,3,1,4,4,4
28,31,block_2_7_3x3,1,9,36,4,2,36,0,2,1,0,1,4,4,4
28,31,block_2_7_3x3,1,9,37,5,2,37,0,2,1,1,1,4,4,4
28,31,block_2_7_3x3,1,9,38,4,3,38,0,2,1,2,1,4,4,4
28,31,block_2_7_3x3,1,9,39,5,3,39,0,2,1,3,1,4,4,4
28,31,block_2_7_3x3,1,10,40,4,4,40,0,2,2,0,1,4,4,4
28,31,block_2_7_3x3,1,10,41,5,4,41,0,2,2,1,1,4,4,4
28,31,block_2_7_3x3,1,10,42,4,5,42,0,2,2,2,1,4,4,4
28,31,block_2_7_3x3,1,10,43,5,5,43,0,2,2,3,1,4,4,4
28,31,block_2_7_3x3,1,11,44,4,6,44,0,2,3,0,1,4,4,4
28,31,block_2_7_3x3,1,11,45,5,6,45,0,2,3,1,1,4,4,4
28,31,block_2_7_3x3,1,11,46,4,7,46,0,2,3,2,1,4,4,4
28,31,block_2_7_3x3,1,11,47,5,7,47,0,2,3,3,1,4,4,4
28,31,block_2_7_3x3,1,15,48,6,7,48,0,3,0,0,1,4,4,4
28,31,block_2_7_3x3,1,15,49,7,7,49,0,3,0,1,1,4,4,4
28,31,block_2_7_3x3,1,15,50,6,6,50,0,3,0,2,1,4,4,4
28,31,block_2_7_3x3,1,15,51,7,6,51,0,3,0,3,1,4,4,4
28,31,block_2_7_3x3,1,14,52,6,5,52,0,3,1,0,1,4,4,4
28,31,block_2_7_3x3,1,14,53,7,5,53,0,3,1,1,1,4,4,4
28,31,block_2_7_3x3,1,14,54,6,4,54,0,3,1,2,1,4,4,4
28,31,block_2_7_3x3,1,14,55,7,4,55,0,3,1,3,1,4,4,4
28,31,block_2_7_3x3,1,13,56,6,3,56,0,3,2,0,1,4,4,4
28,31,block_2_7_3x3,1,13,57,7,3,57,0,3,2,1,1,4,4,4
28,31,block_2_7_3x3,1,13,58,6,2,58,0,3,2,2,1,4,4,4
28,31,block_2_7_3x3,1,13,59,7,2,59,0,3,2,3,1,4,4,4
28,31,block_2_7_3x3,1,12,60,6,1,60,0,3,3,0,1,4,4,4
28,31,block_2_7_3x3,1,12,61,7,1,61,0,3,3,1,1,4,4,4
28,31,block_2_7_3x3,1,12,62,6,0,62,0,3,3,2,1,4,4,4
28,31,block_2_7_3x3,1,12,63,7,0,63,0,3,3,3,1,4,4,4
29,32,block_2_8_1x1,1,0,0,0,0,0,0,0,0,0,1,4,4,4
29,32,block_2_8_1x1,1,0,1,1,0,1,0,0,0,1,1,4,4,4
29,32,block_2_8_1x1,1,0,2,0,1,2,0,0,0,2,1,4,4,4
29,32,block_2_8_1x1,1,0,3,1,1,3,0,0,0,3,1,4,4,4
29,32,block_2_8_1x1,1,1,4,0,2,4,0,0,1,0,1,4,4,4
29,32,block_2_8_1x1,1,1,5,1,2,5,0,0,1,1,1,4,4,4
29,32,block_2_8_1x1,1,1,6,0,3,6,0,0,1,2,1,4,4,4
29,32,block_2_8_1x1,1,1,7,1,3,7,0,0,1,3,1,4,4,4
29,32,block_2_8_1x1,1,2,8,0,4,8,0,0,2,0,1,4,4,4
29,32,block_2_8_1x1,1,2,9,1,4,9,0,0,2,1,1,4,4,4
29,32,block_2_8_1x1,1,2,10,0,5,10,0,0,2,2,1,4,4,4
29,32,block_2_8_1x1,1,2,11,1,5,11,0,0,2,3,1,4,4,4
29,32,block_2_8_1x1,1,3,12,0,6,12,0,0,3,0,1,4,4,4
29,32,block_2_8_1x1,1,3,13,1,6,13,0,0,3,1,1,4,4,4
29,32,block_2_8_1x1,1,3,14,0,7,14,0,0,3,2,1,4,4,4
29,32,block_2_8_1x1,1,3,15,1,7,15,0,0,3,3,1,4,4,4
29,32,block_2_8_1x1,1,7,16,2,7,16,0,1,0,0,1,4,4,4
29,32,block_2_8_1x1,1,7,17,3,7,17,0,1,0,1,1,4,4,4
29,32,block_2_8_1x1,1,7,18,2,6,18,0,1,0,2,1,4,4,4
29,32,block_2_8_1x1,1,7,19,3,6,19,0,1,0,3,1,4,4,4
29,32,block_2_8_1x1,1,6,20,2,5,20,0,1,1,0,1,4,4,4
29,32,block_2_8_1x1,1,6,21,3,5,21,0,1,1,1,1,4,4,4
29,32,block_2_8_1x1,1,6,22,2,4,22,0,1,1,2,1,4,4,4
29,32,block_2_8_1x1,1,6,23,3,4,23,0,1,1,3,1,4,4,4
29,32,block_2_8_1x1,1,5,24,2,3,24,0,1,2,0,1,4,4,4
29,32,block_2_8_1x1,1,5,25,3,3,25,0,1,2,1,1,4,4,4
29,32,block_2_8_1x1,1,5,26,2,2,26,0,1,2,2,1,4,4,4
29,32,block_2_8_1x1,1,5,27,3,2,27,0,1,2,3,1,4,4,4
29,32,block_2_8_1x1,1,4,28,2,1,28,0,1,3,0,1,4,4,4
29,32,block_2_8_1x1,1,4,29,3,1,29,0,1,3,1,1,4,4,4
29,32,block_2_8_1x1,1,4,30,2,0,30,0,1,3,2,1,4,4,4
29,32,block_2_8_1x1,1,4,31,3,0,31,0,1,3,3,1,4,4,4
29,32,block_2_8_1x1,1,8,32,4,0,32,0,2,0,0,1,4,4,4
29,32,block_2_8_1x1,1,8,33,5,0,33,0,2,0,1,1,4,4,4
29,32,block_2_8_1x1,1,8,34,4,1,34,0,2,0,2,1,4,4,4
29,32,block_2_8_1x1,1,8,35,5,1,35,0,2,0,3,1,4,4,4
29,32,block_2_8_1x1,1,9,36,4,2,36,0,2,1,0,1,4,4,4
29,32,block_2_8_1x1,1,9,37,5,2,37,0,2,1,1,1,4,4,4
29,32,block_2_8_1x1,1,9,38,4,3,38,0,2,1,2,1,4,4,4
29,32,block_2_8_1x1,1,9,39,5,3,39,0,2,1,3,1,4,4,4
29,32,block_2_8_1x1,1,10,40,4,4,40,0,2,2,0,1,4,4,4
29,32,block_2_8_1x1,1,10,41,5,4,41,0,2,2,1,1,4,4,4
29,32,block_2_8_1x1,1,10,42,4,5,42,0,2,2,2,1,4,4,4
29,32,block_2_8_1x1,1,10,43,5,5,43,0,2,2,3,1,4,4,4
29,32,block_2_8_1x1,1,11,44,4,6,44,0,2,3,0,1,4,4,4
29,32,block_2_8_1x1,1,11,45,5,6,45,0,2,3,1,1,4,4,4
29,32,block_2_8_1x1,1,11,46,4,7,46,0,2,3,2,1,4,4,4
29,32,block_2_8_1x1,1,11,47,5,7,47,0,2,3,3,1,4,4,4
29,32,block_2_8_1x1,1,15,48,6,7,48,0,3,0,0,1,4,4,4
29,32,block_2_8_1x1,1,15,49,7,7,49,0,3,0,1,1,4,4,4
29,32,block_2_8_1x1,1,15,50,6,6,50,0,3,0,2,1,4,4,4
29,32,block_2_8_1x1,1,15,51,7,6,51,0,3,0,3,1,4,4,4
29,32,block_2_8_1x1,1,14,52,6,5,52,0,3,1,0,1,4,4,4
29,32,block_2_8_1x1,1,14,53,7,5,53,0,3,1,1,1,4,4,4
29,32,block_2_8_1x1,1,14,54,6,4,54,0,3,1,2,1,4,4,4
29,32,block_2_8_1x1,1,14,55,7,4,55,0,3,1,3,1,4,4,4
29,32,block_2_8_1x1,1,13,56,6,3,56,0,3,2,0,1,4,4,4
29,32,block_2_8_1x1,1,13,57,7,3,57,0,3,2,1,1,4,4,4
29,32,block_2_8_1x1,1,13,58,6,2,58,0,3,2,2,1,4,4,4
29,32,block_2_8_1x1,1,13,59,7,2,59,0,3,2,3,1,4,4,4
29,32,block_2_8_1x1,1,12,60,6,1,60,0,3,3,0,1,4,4,4
29,32,block_2_8_1x1,1,12,61,7,1,61,0,3,3,1,1,4,4,4
29,32,block_2_8_1x1,1,12,62,6,0,62,0,3,3,2,1,4,4,4
29,32,block_2_8_1x1,1,12,63,7,0,63,0,3,3,3,1,4,4,4
30,33,block_2_8_3x3,1,0,0,0,0,0,0,0,0,0,1,4,4,4
30,33,block_2_8_3x3,1,0,1,1,0,1,0,0,0,1,1,4,4,4
30,33,block_2_8_3x3,1,0,2,0,1,2,0,0,0,2,1,4,4,4
30,33,block_2_8_3x3,1,0,3,1,1,3,0,0,0,3,1,4,4,4
30,33,block_2_8_3x3,1,1,4,0,2,4,0,0,1,0,1,4,4,4
30,33,block_2_8_3x3,1,1,5,1,2,5,0,0,1,1,1,4,4,4
30,33,block_2_8_3x3,1,1,6,0,3,6,0,0,1,2,1,4,4,4
30,33,block_2_8_3x3,1,1,7,1,3,7,0,0,1,3,1,4,4,4
30,33,block_2_8_3x3,1,2,8,0,4,8,0,0,2,0,1,4,4,4
30,33,block_2_8_3x3,1,2,9,1,4,9,0,0,2,1,1,4,4,4
30,33,block_2_8_3x3,1,2,10,0,5,10,0,0,2,2,1,4,4,4
30,33,block_2_8_3x3,1,2,11,1,5,11,0,0,2,3,1,4,4,4
30,33,block_2_8_3x3,1,3,12,0,6,12,0,0,3,0,1,4,4,4
30,33,block_2_8_3x3,1,3,13,1,6,13,0,0,3,1,1,4,4,4
30,33,block_2_8_3x3,1,3,14,0,7,14,0,0,3,2,1,4,4,4
30,33,block_2_8_3x3,1,3,15,1,7,15,0,0,3,3,1,4,4,4
30,33,block_2_8_3x3,1,7,16,2,7,16,0,1,0,0,1,4,4,4
30,33,block_2_8_3x3,1,7,17,3,7,17,0,1,0,1,1,4,4,4
30,33,block_2_8_3x3,1,7,18,2,6,18,0,1,0,2,1,4,4,4
30,33,block_2_8_3x3,1,7,19,3,6,19,0,1,0,3,1,4,4,4
30,33,block_2_8_3x3,1,6,20,2,5,20,0,1,1,0,1,4,4,4
30,33,block_2_8_3x3,1,6,21,3,5,21,0,1,1,1,1,4,4,4
30,33,block_2_8_3x3,1,6,22,2,4,22,0,1,1,2,1,4,4,4
30,33,block_2_8_3x3,1,6,23,3,4,23,0,1,1,3,1,4,4,4
30,33,block_2_8_3x3,1,5,24,2,3,24,0,1,2,0,1,4,4,4
30,33,block_2_8_3x3,1,5,25,3,3,25,0,1,2,1,1,4,4,4
30,33,block_2_8_3x3,1,5,26,2,2,26,0,1,2,2,1,4,4,4
30,33,block_2_8_3x3,1,5,27,3,2,27,0,1,2,3,1,4,4,4
30,33,block_2_8_3x3,1,4,28,2,1,28,0,1,3,0,1,4,4,4
30,33,block_2_8_3x3,1,4,29,3,1,29,0,1,3,1,1,4,4,4
30,33,block_2_8_3x3,1,4,30,2,0,30,0,1,3,2,1,4,4,4
30,33,block_2_8_3x3,1,4,31,3,0,31,0,1,3,3,1,4,4,4
30,33,block_2_8_3x3,1,8,32,4,0,32,0,2,0,0,1,4,4,4
30,33,block_2_8_3x3,1,8,33,5,0,33,0,2,0,1,1,4,4,4
30,33,block_2_8_3x3,1,8,34,4,1,34,0,2,0,2,1,4,4,4
30,33,block_2_8_3x3,1,8,35,5,1,35,0,2,0,3,1,4,4,4
30,33,block_2_8_3x3,1,9,36,4,2,36,0,2,1,0,1,4,4,4
30,33,block_2_8_3x3,1,9,37,5,2,37,0,2,1,1,1,4,4,4
30,33,block_2_8_3x3,1,9,38,4,3,38,0,2,1,2,1,4,4,4
30,33,block_2_8_3x3,1,9,39,5,3,39,0,2,1,3,1,4,4,4
30,33,block_2_8_3x3,1,10,40,4,4,40,0,2,2,0,1,4,4,4
30,33,block_2_8_3x3,1,10,41,5,4,41,0,2,2,1,1,4,4,4
30,33,block_2_8_3x3,1,10,42,4,5,42,0,2,2,2,1,4,4,4
30,33,block_2_8_3x3,1,10,43,5,5,43,0,2,2,3,1,4,4,4
30,33,block_2_8_3x3,1,11,44,4,6,44,0,2,3,0,1,4,4,4
30,33,block_2_8_3x3,1,11,45,5,6,45,0,2,3,1,1,4,4,4
30,33,block_2_8_3x3,1,11,46,4,7,46,0,2,3,2,1,4,4,4
30,33,block_2_8_3x3,1,11,47,5,7,47,0,2,3,3,1,4,4,4
30,33,block_2_8_3x3,1,15,48,6,7,48,0,3,0,0,1,4,4,4
30,33,block_2_8_3x3,1,15,49,7,7,49,0,3,0,1,1,4,4,4
30,33,block_2_8_3x3,1,15,50,6,6,50,0,3,0,2,1,4,4,4
30,33,block_2_8_3x3,1,15,51,7,6,51,0,3,0,3,1,4,4,4
30,33,block_2_8_3x3,1,14,52,6,5,52,0,3,1,0,1,4,4,4
30,33,block_2_8_3x3,1,14,53,7,5,53,0,3,1,1,1,4,4,4
30,33,block_2_8_3x3,1,14,54,6,4,54,0,3,1,2,1,4,4,4
30,33,block_2_8_3x3,1,14,55,7,4,55,0,3,1,3,1,4,4,4
30,33,block_2_8_3x3,1,13,56,6,3,56,0,3,2,0,1,4,4,4
30,33,block_2_8_3x3,1,13,57,7,3,57,0,3,2,1,1,4,4,4
30,33,block_2_8_3x3,1,13,58,6,2,58,0,3,2,2,1,4,4,4
30,33,block_2_8_3x3,1,13,59,7,2,59,0,3,2,3,1,4,4,4
30,33,block_2_8_3x3,1,12,60,6,1,60,0,3,3,0,1,4,4,4
30,33,block_2_8_3x3,1,12,61,7,1,61,0,3,3,1,1,4,4,4
30,33,block_2_8_3x3,1,12,62,6,0,62,0,3,3,2,1,4,4,4
30,33,block_2_8_3x3,1,12,63,7,0,63,0,3,3,3,1,4,4,4
31,34,block_2_9_1x1,1,0,0,0,0,0,0,0,0,0,1,4,4,4
31,34,block_2_9_1x1,1,0,1,1,0,1,0,0,0,1,1,4,4,4
31,34,block_2_9_1x1,1,0,2,0,1,2,0,0,0,2,1,4,4,4
31,34,block_2_9_1x1,1,0,3,1,1,3,0,0,0,3,1,4,4,4
31,34,block_2_9_1x1,1,1,4,0,2,4,0,0,1,0,1,4,4,4
31,34,block_2_9_1x1,1,1,5,1,2,5,0,0,1,1,1,4,4,4
31,34,block_2_9_1x1,1,1,6,0,3,6,0,0,1,2,1,4,4,4
31,34,block_2_9_1x1,1,1,7,1,3,7,0,0,1,3,1,4,4,4
31,34,block_2_9_1x1,1,2,8,0,4,8,0,0,2,0,1,4,4,4
31,34,block_2_9_1x1,1,2,9,1,4,9,0,0,2,1,1,4,4,4
31,34,block_2_9_1x1,1,2,10,0,5,10,0,0,2,2,1,4,4,4
31,34,block_2_9_1x1,1,2,11,1,5,11,0,0,2,3,1,4,4,4
31,34,block_2_9_1x1,1,3,12,0,6,12,0,0,3,0,1,4,4,4
31,34,block_2_9_1x1,1,3,13,1,6,13,0,0,3,1,1,4,4,4
31,34,block_2_9_1x1,1,3,14,0,7,14,0,0,3,2,1,4,4,4
31,34,block_2_9_1x1,1,3,15,1,7,15,0,0,3,3,1,4,4,4
31,34,block_2_9_1x1,1,7,16,2,7,16,0,1,0,0,1,4,4,4
31,34,block_2_9_1x1,1,7,17,3,7,17,0,1,0,1,1,4,4,4
31,34,block_2_9_1x1,1,7,18,2,6,18,0,1,0,2,1,4,4,4
31,34,block_2_9_1x1,1,7,19,3,6,19,0,1,0,3,1,4,4,4
31,34,block_2_9_1x1,1,6,20,2,5,20,0,1,1,0,1,4,4,4
31,34,block_2_9_1x1,1,6,21,3,5,21,0,1,1,1,1,4,4,4
31,34,block_2_9_1x1,1,6,22,2,4,22,0,1,1,2,1,4,4,4
31,34,block_2_9_1x1,1,6,23,3,4,23,0,1,1,3,1,4,4,4
31,34,block_2_9_1x1,1,5,24,2,3,24,0,1,2,0,1,4,4,4
31,34,block_2_9_1x1,1,5,25,3,3,25,0,1,2,1,1,4,4,4
31,34,block_2_9_1x1,1,5,26,2,2,26,0,1,2,2,1,4,4,4
31,34,block_2_9_1x1,1,5,27,3,2,27,0,1,2,3,1,4,4,4
31,34,block_2_9_1x1,1,4,28,2,1,28,0,1,3,0,1,4,4,4
31,34,block_2_9_1x1,1,4,29,3,1,29,0,1,3,1,1,4,4,4
31,34,block_2_9_1x1,1,4,30,2,0,30,0,1,3,2,1,4,4,4
31,34,block_2_9_1x1,1,4,31,3,0,31,0,1,3,3,1,4,4,4
31,34,block_2_9_1x1,1,8,32,4,0,32,0,2,0,0,1,4,4,4
31,34,block_2_9_1x1,1,8,33,5,0,33,0,2,0,1,1,4,4,4
31,34,block_2_9_1x1,1,8,34,4,1,34,0,2,0,2,1,4,4,4
31,34,block_2_9_1x1,1,8,35,5,1,35,0,2,0,3,1,4,4,4
31,34,block_2_9_1x1,1,9,36,4,2,36,0,2,1,0,1,4,4,4
31,34,block_2_9_1x1,1,9,37,5,2,37,0,2,1,1,1,4,4,4
31,34,block_2_9_1x1,1,9,38,4,3,38,0,2,1,2,1,4,4,4
31,34,block_2_9_1x1,1,9,39,5,3,39,0,2,1,3,1,4,4,4
31,34,block_2_9_1x1,1,10,40,4,4,40,0,2,2,0,1,4,4,4
31,34,block_2_9_1x1,1,10,41,5,4,41,0,2,2,1,1,4,4,4
31,34,block_2_9_1x1,1,10,42,4,5,42,0,2,2,2,1,4,4,4
31,34,block_2_9_1x1,1,10,43,5,5,43,0,2,2,3,1,4,4,4
31,34,block_2_9_1x1,1,11,44,4,6,44,0,2,3,0,1,4,4,4
31,34,block_2_9_1x1,1,11,45,5,6,45,0,2,3,1,1,4,4,4
31,34,block_2_9_1x1,1,11,46,4,7,46,0,2,3,2,1,4,4,4
31,34,block_2_9_1x1,1,11,47,5,7,47,0,2,3,3,1,4,4,4
31,34,block_2_9_1x1,1,15,48,6,7,48,0,3,0,0,1,4,4,4
31,34,block_2_9_1x1,1,15,49,7,7,49,0,3,0,1,1,4,4,4
31,34,block_2_9_1x1,1,15,50,6,6,50,0,3,0,2,1,4,4,4
31,34,block_2_9_1x1,1,15,51,7,6,51,0,3,0,3,1,4,4,4
31,34,block_2_9_1x1,1,14,52,6,5,52,0,3,1,0,1,4,4,4
31,34,block_2_9_1x1,1,14,53,7,5,53,0,3,1,1,1,4,4,4
31,34,block_2_9_1x1,1,14,54,6,4,54,0,3,1,2,1,4,4,4
31,34,block_2_9_1x1,1,14,55,7,4,55,0,3,1,3,1,4,4,4
31,34,block_2_9_1x1,1,13,56,6,3,56,0,3,2,0,1,4,4,4
31,34,block_2_9_1x1,1,13,57,7,3,57,0,3,2,1,1,4,4,4
31,34,block_2_9_1x1,1,13,58,6,2,58,0,3,2,2,1,4,4,4
31,34,block_2_9_1x1,1,13,59,7,2,59,0,3,2,3,1,4,4,4
31,34,block_2_9_1x1,1,12,60,6,1,60,0,3,3,0,1,4,4,4
31,34,block_2_9_1x1,1,12,61,7,1,61,0,3,3,1,1,4,4,4
31,34,block_2_9_1x1,1,12,62,6,0,62,0,3,3,2,1,4,4,4
31,34,block_2_9_1x1,1,12,63,7,0,63,0,3,3,3,1,4,4,4
32,35,block_2_9_3x3,1,0,0,0,0,0,0,0,0,0,1,4,4,4
32,35,block_2_9_3x3,1,0,1,1,0,1,0,0,0,1,1,4,4,4
32,35,block_2_9_3x3,1,0,2,0,1,2,0,0,0,2,1,4,4,4
32,35,block_2_9_3x3,1,0,3,1,1,3,0,0,0,3,1,4,4,4
32,35,block_2_9_3x3,1,1,4,0,2,4,0,0,1,0,1,4,4,4
32,35,block_2_9_3x3,1,1,5,1,2,5,0,0,1,1,1,4,4,4
32,35,block_2_9_3x3,1,1,6,0,3,6,0,0,1,2,1,4,4,4
32,35,block_2_9_3x3,1,1,7,1,3,7,0,0,1,3,1,4,4,4
32,35,block_2_9_3x3,1,2,8,0,4,8,0,0,2,0,1,4,4,4
32,35,block_2_9_3x3,1,2,9,1,4,9,0,0,2,1,1,4,4,4
32,35,block_2_9_3x3,1,2,10,0,5,10,0,0,2,2,1,4,4,4
32,35,block_2_9_3x3,1,2,11,1,5,11,0,0,2,3,1,4,4,4
32,35,block_2_9_3x3,1,3,12,0,6,12,0,0,3,0,1,4,4,4
32,35,block_2_9_3x3,1,3,13,1,6,13,0,0,3,1,1,4,4,4
32,35,block_2_9_3x3,1,3,14,0,7,14,0,0,3,2,1,4,4,4
32,35,block_2_9_3x3,1,3,15,1,7,15,0,0,3,3,1,4,4,4
32,35,block_2_9_3x3,1,7,16,2,7,16,0,1,0,0,1,4,4,4
32,35,block_2_9_3x3,1,7,17,3,7,17,0,1,0,1,1,4,4,4
32,35,block_2_9_3x3,1,7,18,2,6,18,0,1,0,2,1,4,4,4
32,35,block_2_9_3x3,1,7,19,3,6,19,0,1,0,3,1,4,4,4
32,35,block_2_9_3x3,1,6,20,2,5,20,0,1,1,0,1,4,4,4
32,35,block_2_9_3x3,1,6,21,3,5,21,0,1,1,1,1,4,4,4
32,35,block_2_9_3x3,1,6,22,2,4,22,0,1,1,2,1,4,4,4
32,35,block_2_9_3x3,1,6,23,3,4,23,0,1,1,3,1,4,4,4
32,35,block_2_9_3x3,1,5,24,2,3,24,0,1,2,0,1,4,4,4
32,35,block_2_9_3x3,1,5,25,3,3,25,0,1,2,1,1,4,4,4
32,35,block_2_9_3x3,1,5,26,2,2,26,0,1,2,2,1,4,4,4
32,35,block_2_9_3x3,1,5,27,3,2,27,0,1,2,3,1,4,4,4
32,35,block_2_9_3x3,1,4,28,2,1,28,0,1,3,0,1,4,4,4
32,35,block_2_9_3x3,1,4,29,3,1,29,0,1,3,1,1,4,4,4
32,35,block_2_9_3x3,1,4,30,2,0,30,0,1,3,2,1,4,4,4
32,35,block_2_9_3x3,1,4,31,3,0,31,0,1,3,3,1,4,4,4
32,35,block_2_9_3x3,1,8,32,4,0,32,0,2,0,0,1,4,4,4
32,35,block_2_9_3x3,1,8,33,5,0,33,0,2,0,1,1,4,4,4
32,35,block_2_9_3x3,1,8,34,4,1,34,0,2,0,2,1,4,4,4
32,35,block_2_9_3x3,1,8,35,5,1,35,0,2,0,3,1,4,4,4
32,35,block_2_9_3x3,1,9,36,4,2,36,0,2,1,0,1,4,4,4
32,35,block_2_9_3x3,1,9,37,5,2,37,0,2,1,1,1,4,4,4
32,35,block_2_9_3x3,1,9,38,4,3,38,0,2,1,2,1,4,4,4
32,35,block_2_9_3x3,1,9,39,5,3,39,0,2,1,3,1,4,4,4
32,35,block_2_9_3x3,1,10,40,4,4,40,0,2,2,0,1,4,4,4
32,35,block_2_9_3x3,1,10,41,5,4,41,0,2,2,1,1,4,4,4
32,35,block_2_9_3x3,1,10,42,4,5,42,0,2,2,2,1,4,4,4
32,35,block_2_9_3x3,1,10,43,5,5,43,0,2,2,3,1,4,4,4
32,35,block_2_9_3x3,1,11,44,4,6,44,0,2,3,0,1,4,4,4
32,35,block_2_9_3x3,1,11,45,5,6,45,0,2,3,1,1,4,4,4
32,35,block_2_9_3x3,1,11,46,4,7,46,0,2,3,2,1,4,4,4
32,35,block_2_9_3x3,1,11,47,5,7,47,0,2,3,3,1,4,4,4
32,35,block_2_9_3x3,1,15,48,6,7,48,0,3,0,0,1,4,4,4
32,35,block_2_9_3x3,1,15,49,7,7,49,0,3,0,1,1,4,4,4
32,35,block_2_9_3x3,1,15,50,6,6,50,0,3,0,2,1,4,4,4
32,35,block_2_9_3x3,1,15,51,7,6,51,0,3,0,3,1,4,4,4
32,35,block_2_9_3x3,1,14,52,6,5,52,0,3,1,0,1,4,4,4
32,35,block_2_9_3x3,1,14,53,7,5,53,0,3,1,1,1,4,4,4
32,35,block_2_9_3x3,1,14,54,6,4,54,0,3,1,2,1,4,4,4
32,35,block_2_9_3x3,1,14,55,7,4,55,0,3,1,3,1,4,4,4
32,35,block_2_9_3x3,1,13,56,6,3,56,0,3,2,0,1,4,4,4
32,35,block_2_9_3x3,1,13,57,7,3,57,0,3,2,1,1,4,4,4
32,35,block_2_9_3x3,1,13,58,6,2,58,0,3,2,2,1,4,4,4
32,35,block_2_9_3x3,1,13,59,7,2,59,0,3,2,3,1,4,4,4
32,35,block_2_9_3x3,1,12,60,6,1,60,0,3,3,0,1,4,4,4
32,35,block_2_9_3x3,1,12,61,7,1,61,0,3,3,1,1,4,4,4
32,35,block_2_9_3x3,1,12,62,6,0,62,0,3,3,2,1,4,4,4
32,35,block_2_9_3x3,1,12,63,7,0,63,0,3,3,3,1,4,4,4
33,36,block_2_10_1x1,1,0,0,0,0,0,0,0,0,0,1,4,4,4
33,36,block_2_10_1x1,1,0,1,1,0,1,0,0,0,1,1,4,4,4
33,36,block_2_10_1x1,1,0,2,0,1,2,0,0,0,2,1,4,4,4
33,36,block_2_10_1x1,1,0,3,1,1,3,0,0,0,3,1,4,4,4
33,36,block_2_10_1x1,1,1,4,0,2,4,0,0,1,0,1,4,4,4
33,36,block_2_10_1x1,1,1,5,1,2,5,0,0,1,1,1,4,4,4
33,36,block_2_10_1x1,1,1,6,0,3,6,0,0,1,2,1,4,4,4
33,36,block_2_10_1x1,1,1,7,1,3,7,0,0,1,3,1,4,4,4
33,36,block_2_10_1x1,1,2,8,0,4,8,0,0,2,0,1,4,4,4
33,36,block_2_10_1x1,1,2,9,1,4,9,0,0,2,1,1,4,4,4
33,36,block_2_10_1x1,1,2,10,0,5,10,0,0,2,2,1,4,4,4
33,36,block_2_10_1x1,1,2,11,1,5,11,0,0,2,3,1,4,4,4
33,36,block_2_10_1x1,1,3,12,0,6,12,0,0,3,0,1,4,4,4
33,36,block_2_10_1x1,1,3,13,1,6,13,0,0,3,1,1,4,4,4
33,36,block_2_10_1x1,1,3,14,0,7,14,0,0,3,2,1,4,4,4
33,36,block_2_10_1x1,1,3,15,1,7,15,0,0,3,3,1,4,4,4
33,36,block_2_10_1x1,1,7,16,2,7,16,0,1,0,0,1,4,4,4
33,36,block_2_10_1x1,1,7,17,3,7,17,0,1,0,1,1,4,4,4
33,36,block_2_10_1x1,1,7,18,2,6,18,0,1,0,2,1,4,4,4
33,36,block_2_10_1x1,1,7,19,3,6,19,0,1,0,3,1,4,4,4
33,36,block_2_10_1x1,1,6,20,2,5,20,0,1,1,0,1,4,4,4
33,36,block_2_10_1x1,1,6,21,3,5,21,0,1,1,1,1,4,4,4
33,36,block_2_10_1x1,1,6,22,2,4,22,0,1,1,2,1,4,4,4
33,36,block_2_10_1x1,1,6,23,3,4,23,0,1,1,3,1,4,4,4
33,36,block_2_10_1x1,1,5,24,2,3,24,0,1,2,0,1,4,4,4
33,36,block_2_10_1x1,1,5,25,3,3,25,0,1,2,1,1,4,4,4
33,36,block_2_10_1x1,1,5,26,2,2,26,0,1,2,2,1,4,4,4
33,36,block_2_10_1x1,1,5,27,3,2,27,0,1,2,3,1,4,4,4
33,36,block_2_10_1x1,1,4,28,2,1,28,0,1,3,0,1,4,4,4
33,36,block_2_10_1x1,1,4,29,3,1,29,0,1,3,1,1,4,4,4
33,36,block_2_10_1x1,1,4,30,2,0,30,0,1,3,2,1,4,4,4
33,36,block_2_10_1x1,1,4,31,3,0,31,0,1,3,3,1,4,4,4
33,36,block_2_10_1x1,1,8,32,4,0,32,0,2,0,0,1,4,4,4
33,36,block_2_10_1x1,1,8,33,5,0,33,0,2,0,1,1,4,4,4
33,36,block_2_10_1x1,1,8,34,4,1,34,0,2,0,2,1,4,4,4
33,36,block_2_10_1x1,1,8,35,5,1,35,0,2,0,3,1,4,4,4
33,36,block_2_10_1x1,1,9,36,4,2,36,0,2,1,0,1,4,4,4
33,36,block_2_10_1x1,1,9,37,5,2,37,0,2,1,1,1,4,4,4
33,36,block_2_10_1x1,1,9,38,4,3,38,0,2,1,2,1,4,4,4
33,36,block_2_10_1x1,1,9,39,5,3,39,0,2,1,3,1,4,4,4
33,36,block_2_10_1x1,1,10,40,4,4,40,0,2,2,0,1,4,4,4
33,36,block_2_10_1x1,1,10,41,5,4,41,0,2,2,1,1,4,4,4
33,36,block_2_10_1x1,1,10,42,4,5,42,0,2,2,2,1,4,4,4
33,36,block_2_10_1x1,1,10,43,5,5,43,0,2,2,3,1,4,4,4
33,36,block_2_10_1x1,1,11,44,4,6,44,0,2,3,0,1,4,4,4
33,36,block_2_10_1x1,1,11,45,5,6,45,0,2,3,1,1,4,4,4
33,36,block_2_10_1x1,1,11,46,4,7,46,0,2,3,2,1,4,4,4
33,36,block_2_10_1x1,1,11,47,5,7,47,0,2,3,3,1,4,4,4
33,36,block_2_10_1x1,1,15,48,6,7,48,0,3,0,0,1,4,4,4
33,36,block_2_10_1x1,1,15,49,7,7,49,0,3,0,1,1,4,4,4
33,36,block_2_10_1x1,1,15,50,6,6,50,0,3,0,2,1,4,4,4
33,36,block_2_10_1x1,1,15,51,7,6,51,0,3,0,3,1,4,4,4
33,36,block_2_10_1x1,1,14,52,6,5,52,0,3,1,0,1,4,4,4
33,36,block_2_10_1x1,1,14,53,7,5,53,0,3,1,1,1,4,4,4
33,36,block_2_10_1x1,1,14,54,6,4,54,0,3,1,2,1,4,4,4
33,36,block_2_10_1x1,1,14,55,7,4,55,0,3,1,3,1,4,4,4
33,36,block_2_10_1x1,1,13,56,6,3,56,0,3,2,0,1,4,4,4
33,36,block_2_10_1x1,1,13,57,7,3,57,0,3,2,1,1,4,4,4
33,36,block_2_10_1x1,1,13,58,6,2,58,0,3,2,2,1,4,4,4
33,36,block_2_10_1x1,1,13,59,7,2,59,0,3,2,3,1,4,4,4
33,36,block_2_10_1x1,1,12,60,6,1,60,0,3,3,0,1,4,4,4
33,36,block_2_10_1x1,1,12,61,7,1,61,0,3,3,1,1,4,4,4
33,36,block_2_10_1x1,1,12,62,6,0,62,0,3,3,2,1,4,4,4
33,36,block_2_10_1x1,1,12,63,7,0,63,0,3,3,3,1,4,4,4
34,37,block_2_10_3x3,1,0,0,0,0,0,0,0,0,0,1,4,4,4
34,37,block_2_10_3x3,1,0,1,1,0,1,0,0,0,1,1,4,4,4
34,37,block_2_10_3x3,1,0,2,0,1,2,0,0,0,2,1,4,4,4
34,37,block_2_10_3x3,1,0,3,1,1,3,0,0,0,3,1,4,4,4
34,37,block_2_10_3x3,1,1,4,0,2,4,0,0,1,0,1,4,4,4
34,37,block_2_10_3x3,1,1,5,1,2,5,0,0,1,1,1,4,4,4
34,37,block_2_10_3x3,1,1,6,0,3,6,0,0,1,2,1,4,4,4
34,37,block_2_10_3x3,1,1,7,1,3,7,0,0,1,3,1,4,4,4
34,37,block_2_10_3x3,1,2,8,0,4,8,0,0,2,0,1,4,4,4
34,37,block_2_10_3x3,1,2,9,1,4,9,0,0,2,1,1,4,4,4
34,37,block_2_10_3x3,1,2,10,0,5,10,0,0,2,2,1,4,4,4
34,37,block_2_10_3x3,1,2,11,1,5,11,0,0,2,3,1,4,4,4
34,37,block_2_10_3x3,1,3,12,0,6,12,0,0,3,0,1,4,4,4
34,37,block_2_10_3x3,1,3,13,1,6,13,0,0,3,1,1,4,4,4
34,37,block_2_10_3x3,1,3,14,0,7,14,0,0,3,2,1,4,4,4
34,37,block_2_10_3x3,1,3,15,1,7,15,0,0,3,3,1,4,4,4
34,37,block_2_10_3x3,1,7,16,2,7,16,0,1,0,0,1,4,4,4
34,37,block_2_10_3x3,1,7,17,3,7,17,0,1,0,1,1,4,4,4
34,37,block_2_10_3x3,1,7,18,2,6,18,0,1,0,2,1,4,4,4
34,37,block_2_10_3x3,1,7,19,3,6,19,0,1,0,3,1,4,4,4
34,37,block_2_10_3x3,1,6,20,2,5,20,0,1,1,0,1,4,4,4
34,37,block_2_10_3x3,1,6,21,3,5,21,0,1,1,1,1,4,4,4
34,37,block_2_10_3x3,1,6,22,2,4,22,0,1,1,2,1,4,4,4
34,37,block_2_10_3x3,1,6,23,3,4,23,0,1,1,3,1,4,4,4
34,37,block_2_10_3x3,1,5,24,2,3,24,0,1,2,0,1,4,4,4
34,37,block_2_10_3x3,1,5,25,3,3,25,0,1,2,1,1,4,4,4
34,37,block_2_10_3x3,1,5,26,2,2,26,0,1,2,2,1,4,4,4
34,37,block_2_10_3x3,1,5,27,3,2,27,0,1,2,3,1,4,4,4
34,37,block_2_10_3x3,1,4,28,2,1,28,0,1,3,0,1,4,4,4
34,37,block_2_10_3x3,1,4,29,3,1,29,0,1,3,1,1,4,4,4
34,37,block_2_10_3x3,1,4,30,2,0,30,0,1,3,2,1,4,4,4
34,37,block_2_10_3x3,1,4,31,3,0,31,0,1,3,3,1,4,4,4
34,37,block_2_10_3x3,1,8,32,4,0,32,0,2,0,0,1,4,4,4
34,37,block_2_10_3x3,1,8,33,5,0,33,0,2,0,1,1,4,4,4
34,37,block_2_10_3x3,1,8,34,4,1,34,0,2,0,2,1,4,4,4
34,37,block_2_10_3x3,1,8,35,5,1,35,0,2,0,3,1,4,4,4
34,37,block_2_10_3x3,1,9,36,4,2,36,0,2,1,0,1,4,4,4
34,37,block_2_10_3x3,1,9,37,5,2,37,0,2,1,1,1,4,4,4
34,37,block_2_10_3x3,1,9,38,4,3,38,0,2,1,2,1,4,4,4
34,37,block_2_10_3x3,1,9,39,5,3,39,0,2,1,3,1,4,4,4
34,37,block_2_10_3x3,1,10,40,4,4,40,0,2,2,0,1,4,4,4
34,37,block_2_10_3x3,1,10,41,5,4,41,0,2,2,1,1,4,4,4
34,37,block_2_10_3x3,1,10,42,4,5,42,0,2,2,2,1,4,4,4
34,37,block_2_10_3x3,1,10,43,5,5,43,0,2,2,3,1,4,4,4
34,37,block_2_10_3x3,1,11,44,4,6,44,0,2,3,0,1,4,4,4
34,37,block_2_10_3x3,1,11,45,5,6,45,0,2,3,1,1,4,4,4
34,37,block_2_10_3x3,1,11,46,4,7,46,0,2,3,2,1,4,4,4
34,37,block_2_10_3x3,1,11,47,5,7,47,0,2,3,3,1,4,4,4
34,37,block_2_10_3x3,1,15,48,6,7,48,0,3,0,0,1,4,4,4
34,37,block_2_10_3x3,1,15,49,7,7,49,0,3,0,1,1,4,4,4
34,37,block_2_10_3x3,1,15,50,6,6,50,0,3,0,2,1,4,4,4
34,37,block_2_10_3x3,1,15,51,7,6,51,0,3,0,3,1,4,4,4
34,37,block_2_10_3x3,1,14,52,6,5,52,0,3,1,0,1,4,4,4
34,37,block_2_10_3x3,1,14,53,7,5,53,0,3,1,1,1,4,4,4
34,37,block_2_10_3x3,1,14,54,6,4,54,0,3,1,2,1,4,4,4
34,37,block_2_10_3x3,1,14,55,7,4,55,0,3,1,3,1,4,4,4
34,37,block_2_10_3x3,1,13,56,6,3,56,0,3,2,0,1,4,4,4
34,37,block_2_10_3x3,1,13,57,7,3,57,0,3,2,1,1,4,4,4
34,37,block_2_10_3x3,1,13,58,6,2,58,0,3,2,2,1,4,4,4
34,37,block_2_10_3x3,1,13,59,7,2,59,0,3,2,3,1,4,4,4
34,37,block_2_10_3x3,1,12,60,6,1,60,0,3,3,0,1,4,4,4
34,37,block_2_10_3x3,1,12,61,7,1,61,0,3,3,1,1,4,4,4
34,37,block_2_10_3x3,1,12,62,6,0,62,0,3,3,2,1,4,4,4
34,37,block_2_10_3x3,1,12,63,7,0,63,0,3,3,3,1,4,4,4
35,38,block_2_11_1x1,1,0,0,0,0,0,0,0,0,0,1,4,4,4
35,38,block_2_11_1x1,1,0,1,1,0,1,0,0,0,1,1,4,4,4
35,38,block_2_11_1x1,1,0,2,0,1,2,0,0,0,2,1,4,4,4
35,38,block_2_11_1x1,1,0,3,1,1,3,0,0,0,3,1,4,4,4
35,38,block_2_11_1x1,1,1,4,0,2,4,0,0,1,0,1,4,4,4
35,38,block_2_11_1x1,1,1,5,1,2,5,0,0,1,1,1,4,4,4
35,38,block_2_11_1x1,1,1,6,0,3,6,0,0,1,2,1,4,4,4
35,38,block_2_11_1x1,1,1,7,1,3,7,0,0,1,3,1,4,4,4
35,38,block_2_11_1x1,1,2,8,0,4,8,0,0,2,0,1,4,4,4
35,38,block_2_11_1x1,1,2,9,1,4,9,0,0,2,1,1,4,4,4
35,38,block_2_11_1x1,1,2,10,0,5,10,0,0,2,2,1,4,4,4
35,38,block_2_11_1x1,1,2,11,1,5,11,0,0,2,3,1,4,4,4
35,38,block_2_11_1x1,1,3,12,0,6,12,0,0,3,0,1,4,4,4
35,38,block_2_11_1x1,1,3,13,1,6,13,0,0,3,1,1,4,4,4
35,38,block_2_11_1x1,1,3,14,0,7,14,0,0,3,2,1,4,4,4
35,38,block_2_11_1x1,1,3,15,1,7,15,0,0,3,3,1,4,4,4
35,38,block_2_11_1x1,1,7,16,2,7,16,0,1,0,0,1,4,4,4
35,38,block_2_11_1x1,1,7,17,3,7,17,0,1,0,1,1,4,4,4
35,38,block_2_11_1x1,1,7,18,2,6,18,0,1,0,2,1,4,4,4
35,38,block_2_11_1x1,1,7,19,3,6,19,0,1,0,3,1,4,4,4
35,38,block_2_11_1x1,1,6,20,2,5,20,0,1,1,0,1,4,4,4
35,38,block_2_11_1x1,1,6,21,3,5,21,0,1,1,1,1,4,4,4
35,38,block_2_11_1x1,1,6,22,2,4,22,0,1,1,2,1,4,4,4
35,38,block_2_11_1x1,1,6,23,3,4,23,0,1,1,3,1,4,4,4
35,38,block_2_11_1x1,1,5,24,2,3,24,0,1,2,0,1,4,4,4
35,38,block_2_11_1x1,1,5,25,3,3,25,0,1,2,1,1,4,4,4
35,38,block_2_11_1x1,1,5,26,2,2,26,0,1,2,2,1,4,4,4
35,38,block_2_11_1x1,1,5,27,3,2,27,0,1,2,3,1,4,4,4
35,38,block_2_11_1x1,1,4,28,2,1,28,0,1,3,0,1,4,4,4
35,38,block_2_11_1x1,1,4,29,3,1,29,0,1,3,1,1,4,4,4
35,38,block_2_11_1x1,1,4,30,2,0,30,0,1,3,2,1,4,4,4
35,38,block_2_11_1x1,1,4,31,3,0,31,0,1,3,3,1,4,4,4
35,38,block_2_11_1x1,1,8,32,4,0,32,0,2,0,0,1,4,4,4
35,38,block_2_11_1x1,1,8,33,5,0,33,0,2,0,1,1,4,4,4
35,38,block_2_11_1x1,1,8,34,4,1,34,0,2,0,2,1,4,4,4
35,38,block_2_11_1x1,1,8,35,5,1,35,0,2,0,3,1,4,4,4
35,38,block_2_11_1x1,1,9,36,4,2,36,0,2,1,0,1,4,4,4
35,38,block_2_11_1x1,1,9,37,5,2,37,0,2,1,1,1,4,4,4
35,38,block_2_11_1x1,1,9,38,4,3,38,0,2,1,2,1,4,4,4
35,38,block_2_11_1x1,1,9,39,5,3,39,0,2,1,3,1,4,4,4
35,38,block_2_11_1x1,1,10,40,4,4,40,0,2,2,0,1,4,4,4
35,38,block_2_11_1x1,1,10,41,5,4,41,0,2,2,1,1,4,4,4
35,38,block_2_11_1x1,1,10,42,4,5,42,0,2,2,2,1,4,4,4
35,38,block_2_11_1x1,1,10,43,5,5,43,0,2,2,3,1,4,4,4
35,38,block_2_11_1x1,1,11,44,4,6,44,0,2,3,0,1,4,4,4
35,38,block_2_11_1x1,1,11,45,5,6,45,0,2,3,1,1,4,4,4
35,38,block_2_11_1x1,1,11,46,4,7,46,0,2,3,2,1,4,4,4
35,38,block_2_11_1x1,1,11,47,5,7,47,0,2,3,3,1,4,4,4
35,38,block_2_11_1x1,1,15,48,6,7,48,0,3,0,0,1,4,4,4
35,38,block_2_11_1x1,1,15,49,7,7,49,0,3,0,1,1,4,4,4
35,38,block_2_11_1x1,1,15,50,6,6,50,0,3,0,2,1,4,4,4
35,38,block_2_11_1x1,1,15,51,7,6,51,0,3,0,3,1,4,4,4
35,38,block_2_11_1x1,1,14,52,6,5,52,0,3,1,0,1,4,4,4
35,38,block_2_11_1x1,1,14,53,7,5,53,0,3,1,1,1,4,4,4
35,38,block_2_11_1x1,1,14,54,6,4,54,0,3,1,2,1,4,4,4
35,38,block_2_11_1x1,1,14,55,7,4,55,0,3,1,3,1,4,4,4
35,38,block_2_11_1x1,1,13,56,6,3,56,0,3,2,0,1,4,4,4
35,38,block_2_11_1x1,1,13,57,7,3,57,0,3,2,1,1,4,4,4
35,38,block_2_11_1x1,1,13,58,6,2,58,0,3,2,2,1,4,4,4
35,38,block_2_11_1x1,1,13,59,7,2,59,0,3,2,3,1,4,4,4
35,38,block_2_11_1x1,1,12,60,6,1,60,0,3,3,0,1,4,4,4
35,38,block_2_11_1x1,1,12,61,7,1,61,0,3,3,1,1,4,4,4
35,38,block_2_11_1x1,1,12,62,6,0,62,0,3,3,2,1,4,4,4
35,38,block_2_11_1x1,1,12,63,7,0,63,0,3,3,3,1,4,4,4
36,39,block_2_11_3x3,1,0,0,0,0,0,0,0,0,0,1,4,4,4
36,39,block_2_11_3x3,1,0,1,1,0,1,0,0,0,1,1,4,4,4
36,39,block_2_11_3x3,1,0,2,0,1,2,0,0,0,2,1,4,4,4
36,39,block_2_11_3x3,1,0,3,1,1,3,0,0,0,3,1,4,4,4
36,39,block_2_11_3x3,1,1,4,0,2,4,0,0,1,0,1,4,4,4
36,39,block_2_11_3x3,1,1,5,1,2,5,0,0,1,1,1,4,4,4
36,39,block_2_11_3x3,1,1,6,0,3,6,0,0,1,2,1,4,4,4
36,39,block_2_11_3x3,1,1,7,1,3,7,0,0,1,3,1,4,4,4
36,39,block_2_11_3x3,1,2,8,0,4,8,0,0,2,0,1,4,4,4
36,39,block_2_11_3x3,1,2,9,1,4,9,0,0,2,1,1,4,4,4
36,39,block_2_11_3x3,1,2,10,0,5,10,0,0,2,2,1,4,4,4
36,39,block_2_11_3x3,1,2,11,1,5,11,0,0,2,3,1,4,4,4
36,39,block_2_11_3x3,1,3,12,0,6,12,0,0,3,0,1,4,4,4
36,39,block_2_11_3x3,1,3,13,1,6,13,0,0,3,1,1,4,4,4
36,39,block_2_11_3x3,1,3,14,0,7,14,0,0,3,2,1,4,4,4
36,39,block_2_11_3x3,1,3,15,1,7,15,0,0,3,3,1,4,4,4
36,39,block_2_11_3x3,1,7,16,2,7,16,0,1,0,0,1,4,4,4
36,39,block_2_11_3x3,1,7,17,3,7,17,0,1,0,1,1,4,4,4
36,39,block_2_11_3x3,1,7,18,2,6,18,0,1,0,2,1,4,4,4
36,39,block_2_11_3x3,1,7,19,3,6,19,0,1,0,3,1,4,4,4
36,39,block_2_11_3x3,1,6,20,2,5,20,0,1,1,0,1,4,4,4
36,39,block_2_11_3x3,1,6,21,3,5,21,0,1,1,1,1,4,4,4
36,39,block_2_11_3x3,1,6,22,2,4,22,0,1,1,2,1,4,4,4
36,39,block_2_11_3x3,1,6,23,3,4,23,0,1,1,3,1,4,4,4
36,39,block_2_11_3x3,1,5,24,2,3,24,0,1,2,0,1,4,4,4
36,39,block_2_11_3x3,1,5,25,3,3,25,0,1,2,1,1,4,4,4
36,39,block_2_11_3x3,1,5,26,2,2,26,0,1,2,2,1,4,4,4
36,39,block_2_11_3x3,1,5,27,3,2,27,0,1,2,3,1,4,4,4
36,39,block_2_11_3x3,1,4,28,2,1,28,0,1,3,0,1,4,4,4
36,39,block_2_11_3x3,1,4,29,3,1,29,0,1,3,1,1,4,4,4
36,39,block_2_11_3x3,1,4,30,2,0,30,0,1,3,2,1,4,4,4
36,39,block_2_11_3x3,1,4,31,3,0,31,0,1,3,3,1,4,4,4
36,39,block_2_11_3x3,1,8,32,4,0,32,0,2,0,0,1,4,4,4
36,39,block_2_11_3x3,1,8,33,5,0,33,0,2,0,1,1,4,4,4
36,39,block_2_11_3x3,1,8,34,4,1,34,0,2,0,2,1,4,4,4
36,39,block_2_11_3x3,1,8,35,5,1,35,0,2,0,3,1,4,4,4
36,39,block_2_11_3x3,1,9,36,4,2,36,0,2,1,0,1,4,4,4
36,39,block_2_11_3x3,1,9,37,5,2,37,0,2,1,1,1,4,4,4
36,39,block_2_11_3x3,1,9,38,4,3,38,0,2,1,2,1,4,4,4
36,39,block_2_11_3x3,1,9,39,5,3,39,0,2,1,3,1,4,4,4
36,39,block_2_11_3x3,1,10,40,4,4,40,0,2,2,0,1,4,4,4
36,39,block_2_11_3x3,1,10,41,5,4,41,0,2,2,1,1,4,4,4
36,39,block_2_11_3x3,1,10,42,4,5,42,0,2,2,2,1,4,4,4
36,39,block_2_11_3x3,1,10,43,5,5,43,0,2,2,3,1,4,4,4
36,39,block_2_11_3x3,1,11,44,4,6,44,0,2,3,0,1,4,4,4
36,39,block_2_11_3x3,1,11,45,5,6,45,0,2,3,1,1,4,4,4
36,39,block_2_11_3x3,1,11,46,4,7,46,0,2,3,2,1,4,4,4
36,39,block_2_11_3x3,1,11,47,5,7,47,0,2,3,3,1,4,4,4
36,39,block_2_11_3x3,1,15,48,6,7,48,0,3,0,0,1,4,4,4
36,39,block_2_11_3x3,1,15,49,7,7,49,0,3,0,1,1,4,4,4
36,39,block_2_11_3x3,1,15,50,6,6,50,0,3,0,2,1,4,4,4
36,39,block_2_11_3x3,1,15,51,7,6,51,0,3,0,3,1,4,4,4
36,39,block_2_11_3x3,1,14,52,6,5,52,0,3,1,0,1,4,4,4
36,39,block_2_11_3x3,1,14,53,7,5,53,0,3,1,1,1,4,4,4
36,39,block_2_11_3x3,1,14,54,6,4,54,0,3,1,2,1,4,4,4
36,39,block_2_11_3x3,1,14,55,7,4,55,0,3,1,3,1,4,4,4
36,39,block_2_11_3x3,1,13,56,6,3,56,0,3,2,0,1,4,4,4
36,39,block_2_11_3x3,1,13,57,7,3,57,0,3,2,1,1,4,4,4
36,39,block_2_11_3x3,1,13,58,6,2,58,0,3,2,2,1,4,4,4
36,39,block_2_11_3x3,1,13,59,7,2,59,0,3,2,3,1,4,4,4
36,39,block_2_11_3x3,1,12,60,6,1,60,0,3,3,0,1,4,4,4
36,39,block_2_11_3x3,1,12,61,7,1,61,0,3,3,1,1,4,4,4
36,39,block_2_11_3x3,1,12,62,6,0,62,0,3,3,2,1,4,4,4
36,39,block_2_11_3x3,1,12,63,7,0,63,0,3,3,3,1,4,4,4
37,40,trans_2_1x1,1,0,0,0,0,0,0,0,0,0,1,8,2,4
37,40,trans_2_1x1,1,0,1,1,0,1,0,0,0,1,1,8,2,4
37,40,trans_2_1x1,1,0,2,0,1,2,0,0,0,2,1,8,2,4
37,40,trans_2_1x1,1,0,3,1,1,3,0,0,0,3,1,8,2,4
37,40,trans_2_1x1,1,1,4,0,2,4,0,0,1,0,1,8,2,4
37,40,trans_2_1x1,1,1,5,1,2,5,0,0,1,1,1,8,2,4
37,40,trans_2_1x1,1,1,6,0,3,6,0,0,1,2,1,8,2,4
37,40,trans_2_1x1,1,1,7,1,3,7,0,0,1,3,1,8,2,4
37,40,trans_2_1x1,1,2,8,0,4,8,0,1,0,0,1,8,2,4
37,40,trans_2_1x1,1,2,9,1,4,9,0,1,0,1,1,8,2,4
37,40,trans_2_1x1,1,2,10,0,5,10,0,1,0,2,1,8,2,4
37,40,trans_2_1x1,1,2,11,1,5,11,0,1,0,3,1,8,2,4
37,40,trans_2_1x1,1,3,12,0,6,12,0,1,1,0,1,8,2,4
37,40,trans_2_1x1,1,3,13,1,6,13,0,1,1,1,1,8,2,4
37,40,trans_2_1x1,1,3,14,0,7,14,0,1,1,2,1,8,2,4
37,40,trans_2_1x1,1,3,15,1,7,15,0,1,1,3,1,8,2,4
37,40,trans_2_1x1,1,7,16,2,7,16,0,2,0,0,1,8,2,4
37,40,trans_2_1x1,1,7,17,3,7,17,0,2,0,1,1,8,2,4
37,40,trans_2_1x1,1,7,18,2,6,18,0,2,0,2,1,8,2,4
37,40,trans_2_1x1,1,7,19,3,6,19,0,2,0,3,1,8,2,4
37,40,trans_2_1x1,1,6,20,2,5,20,0,2,1,0,1,8,2,4
37,40,trans_2_1x1,1,6,21,3,5,21,0,2,1,1,1,8,2,4
37,40,trans_2_1x1,1,6,22,2,4,22,0,2,1,2,1,8,2,4
37,40,trans_2_1x1,1,6,23,3,4,23,0,2,1,3,1,8,2,4
37,40,trans_2_1x1,1,5,24,2,3,24,0,3,0,0,1,8,2,4
37,40,trans_2_1x1,1,5,25,3,3,25,0,3,0,1,1,8,2,4
37,40,trans_2_1x1,1,5,26,2,2,26,0,3,0,2,1,8,2,4
37,40,trans_2_1x1,1,5,27,3,2,27,0,3,0,3,1,8,2,4
37,40,trans_2_1x1,1,4,28,2,1,28,0,3,1,0,1,8,2,4
37,40,trans_2_1x1,1,4,29,3,1,29,0,3,1,1,1,8,2,4
37,40,trans_2_1x1,1,4,30,2,0,30,0,3,1,2,1,8,2,4
37,40,trans_2_1x1,1,4,31,3,0,31,0,3,1,3,1,8,2,4
37,40,trans_2_1x1,1,8,32,4,0,32,0,4,0,0,1,8,2,4
37,40,trans_2_1x1,1,8,33,5,0,33,0,4,0,1,1,8,2,4
37,40,trans_2_1x1,1,8,34,4,1,34,0,4,0,2,1,8,2,4
37,40,trans_2_1x1,1,8,35,5,1,35,0,4,0,3,1,8,2,4
37,40,trans_2_1x1,1,9,36,4,2,36,0,4,1,0,1,8,2,4
37,40,trans_2_1x1,1,9,37,5,2,37,0,4,1,1,1,8,2,4
37,40,trans_2_1x1,1,9,38,4,3,38,0,4,1,2,1,8,2,4
37,40,trans_2_1x1,1,9,39,5,3,39,0,4,1,3,1,8,2,4
37,40,trans_2_1x1,1,10,40,4,4,40,0,5,0,0,1,8,2,4
37,40,trans_2_1x1,1,10,41,5,4,41,0,5,0,1,1,8,2,4
37,40,trans_2_1x1,1,10,42,4,5,42,0,5,0,2,1,8,2,4
37,40,trans_2_1x1,1,10,43,5,5,43,0,5,0,3,1,8,2,4
37,40,trans_2_1x1,1,11,44,4,6,44,0,5,1,0,1,8,2,4
37,40,trans_2_1x1,1,11,45,5,6,45,0,5,1,1,1,8,2,4
37,40,trans_2_1x1,1,11,46,4,7,46,0,5,1,2,1,8,2,4
37,40,trans_2_1x1,1,11,47,5,7,47,0,5,1,3,1,8,2,4
37,40,trans_2_1x1,1,15,48,6,7,48,0,6,0,0,1,8,2,4
37,40,trans_2_1x1,1,15,49,7,7,49,0,6,0,1,1,8,2,4
37,40,trans_2_1x1,1,15,50,6,6,50,0,6,0,2,1,8,2,4
37,40,trans_2_1x1,1,15,51,7,6,51,0,6,0,3,1,8,2,4
37,40,trans_2_1x1,1,14,52,6,5,52,0,6,1,0,1,8,2,4
37,40,trans_2_1x1,1,14,53,7,5,53,0,6,1,1,1,8,2,4
37,40,trans_2_1x1,1,14,54,6,4,54,0,6,1,2,1,8,2,4
37,40,trans_2_1x1,1,14,55,7,4,55,0,6,1,3,1,8,2,4
37,40,trans_2_1x1,1,13,56,6,3,56,0,7,0,0,1,8,2,4
37,40,trans_2_1x1,1,13,57,7,3,57,0,7,0,1,1,8,2,4
37,40,trans_2_1x1,1,13,58,6,2,58,0,7,0,2,1,8,2,4
37,40,trans_2_1x1,1,13,59,7,2,59,0,7,0,3,1,8,2,4
37,40,trans_2_1x1,1,12,60,6,1,60,0,7,1,0,1,8,2,4
37,40,trans_2_1x1,1,12,61,7,1,61,0,7,1,1,1,8,2,4
37,40,trans_2_1x1,1,12,62,6,0,62,0,7,1,2,1,8,2,4
37,40,trans_2_1x1,1,12,63,7,0,63,0,7,1,3,1,8,2,4
38,41,trans_2_pool,1,0,0,0,0,0,0,0,0,0,1,16,2,2
38,41,trans_2_pool,1,0,1,1,0,1,0,0,0,1,1,16,2,2
38,41,trans_2_pool,1,0,2,0,1,2,0,0,1,0,1,16,2,2
38,41,trans_2_pool,1,0,3,1,1,3,0,0,1,1,1,16,2,2
38,41,trans_2_pool,1,1,4,0,2,4,0,1,0,0,1,16,2,2
38,41,trans_2_pool,1,1,5,1,2,5,0,1,0,1,1,16,2,2
38,41,trans_2_pool,1,1,6,0,3,6,0,1,1,0,1,16,2,2
38,41,trans_2_pool,1,1,7,1,3,7,0,1,1,1,1,16,2,2
38,41,trans_2_pool,1,2,8,0,4,8,0,2,0,0,1,16,2,2
38,41,trans_2_pool,1,2,9,1,4,9,0,2,0,1,1,16,2,2
38,41,trans_2_pool,1,2,10,0,5,10,0,2,1,0,1,16,2,2
38,41,trans_2_pool,1,2,11,1,5,11,0,2,1,1,1,16,2,2
38,41,trans_2_pool,1,3,12,0,6,12,0,3,0,0,1,16,2,2
38,41,trans_2_pool,1,3,13,1,6,13,0,3,0,1,1,16,2,2
38,41,trans_2_pool,1,3,14,0,7,14,0,3,1,0,1,16,2,2
38,41,trans_2_pool,1,3,15,1,7,15,0,3,1,1,1,16,2,2
38,41,trans_2_pool,1,7,16,2,7,16,0,4,0,0,1,16,2,2
38,41,trans_2_pool,1,7,17,3,7,17,0,4,0,1,1,16,2,2
38,41,trans_2_pool,1,7,18,2,6,18,0,4,1,0,1,16,2,2
38,41,trans_2_pool,1,7,19,3,6,19,0,4,1,1,1,16,2,2
38,41,trans_2_pool,1,6,20,2,5,20,0,5,0,0,1,16,2,2
38,41,trans_2_pool,1,6,21,3,5,21,0,5,0,1,1,16,2,2
38,41,trans_2_pool,1,6,22,2,4,22,0,5,1,0,1,16,2,2
38,41,trans_2_pool,1,6,23,3,4,23,0,5,1,1,1,16,2,2
38,41,trans_2_pool,1,5,24,2,3,24,0,6,0,0,1,16,2,2
38,41,trans_2_pool,1,5,25,3,3,25,0,6,0,1,1,16,2,2
38,41,trans_2_pool,1,5,26,2,2,26,0,6,1,0,1,16,2,2
38,41,trans_2_pool,1,5,27,3,2,27,0,6,1,1,1,16,2,2
38,41,trans_2_pool,1,4,28,2,1,28,0,7,0,0,1,16,2,2
38,41,trans_2_pool,1,4,29,3,1,29,0,7,0,1,1,16,2,2
38,41,trans_2_pool,1,4,30,2,0,30,0,7,1,0,1,16,2,2
38,41,trans_2_pool,1,4,31,3,0,31,0,7,1,1,1,16,2,2
38,41,trans_2_pool,1,8,32,4,0,32,0,8,0,0,1,16,2,2
38,41,trans_2_pool,1,8,33,5,0,33,0,8,0,1,1,16,2,2
38,41,trans_2_pool,1,8,34,4,1,34,0,8,1,0,1,16,2,2
38,41,trans_2_pool,1,8,35,5,1,35,0,8,1,1,1,16,2,2
38,41,trans_2_pool,1,9,36,4,2,36,0,9,0,0,1,16,2,2
38,41,trans_2_pool,1,9,37,5,2,37,0,9,0,1,1,16,2,2
38,41,trans_2_pool,1,9,38,4,3,38,0,9,1,0,1,16,2,2
38,41,trans_2_pool,1,9,39,5,3,39,0,9,1,1,1,16,2,2
38,41,trans_2_pool,1,10,40,4,4,40,0,10,0,0,1,16,2,2
38,41,trans_2_pool,1,10,41,5,4,41,0,10,0,1,1,16,2,2
38,41,trans_2_pool,1,10,42,4,5,42,0,10,1,0,1,16,2,2
38,41,trans_2_pool,1,10,43,5,5,43,0,10,1,1,1,16,2,2
38,41,trans_2_pool,1,11,44,4,6,44,0,11,0,0,1,16,2,2
38,41,trans_2_pool,1,11,45,5,6,45,0,11,0,1,1,16,2,2
38,41,trans_2_pool,1,11,46,4,7,46,0,11,1,0,1,16,2,2
38,41,trans_2_pool,1,11,47,5,7,47,0,11,1,1,1,16,2,2
38,41,trans_2_pool,1,15,48,6,7,48,0,12,0,0,1,16,2,2
38,41,trans_2_pool,1,15,49,7,7,49,0,12,0,1,1,16,2,2
38,41,trans_2_pool,1,15,50,6,6,50,0,12,1,0,1,16,2,2
38,41,trans_2_pool,1,15,51,7,6,51,0,12,1,1,1,16,2,2
38,41,trans_2_pool,1,14,52,6,5,52,0,13,0,0,1,16,2,2
38,41,trans_2_pool,1,14,53,7,5,53,0,13,0,1,1,16,2,2
38,41,trans_2_pool,1,14,54,6,4,54,0,13,1,0,1,16,2,2
38,41,trans_2_pool,1,14,55,7,4,55,0,13,1,1,1,16,2,2
38,41,trans_2_pool,1,13,56,6,3,56,0,14,0,0,1,16,2,2
38,41,trans_2_pool,1,13,57,7,3,57,0,14,0,1,1,16,2,2
38,41,trans_2_pool,1,13,58,6,2,58,0,14,1,0,1,16,2,2
38,41,trans_2_pool,1,13,59,7,2,59,0,14,1,1,1,16,2,2
38,41,trans_2_pool,1,12,60,6,1,60,0,15,0,0,1,16,2,2
38,41,trans_2_pool,1,12,61,7,1,61,0,15,0,1,1,16,2,2
38,41,trans_2_pool,1,12,62,6,0,62,0,15,1,0,1,16,2,2
38,41,trans_2_pool,1,12,63,7,0,63,0,15,1,1,1,16,2,2
39,42,block_3_0_1x1,1,0,0,0,0,0,0,0,0,0,1,8,2,4
39,42,block_3_0_1x1,1,0,1,1,0,1,0,0,0,1,1,8,2,4
39,42,block_3_0_1x1,1,0,2,0,1,2,0,0,0,2,1,8,2,4
39,42,block_3_0_1x1,1,0,3,1,1,3,0,0,0,3,1,8,2,4
39,42,block_3_0_1x1,1,1,4,0,2,4,0,0,1,0,1,8,2,4
39,42,block_3_0_1x1,1,1,5,1,2,5,0,0,1,1,1,8,2,4
39,42,block_3_0_1x1,1,1,6,0,3,6,0,0,1,2,1,8,2,4
39,42,block_3_0_1x1,1,1,7,1,3,7,0,0,1,3,1,8,2,4
39,42,block_3_0_1x1,1,2,8,0,4,8,0,1,0,0,1,8,2,4
39,42,block_3_0_1x1,1,2,9,1,4,9,0,1,0,1,1,8,2,4
39,42,block_3_0_1x1,1,2,10,0,5,10,0,1,0,2,1,8,2,4
39,42,block_3_0_1x1,1,2,11,1,5,11,0,1,0,3,1,8,2,4
39,42,block_3_0_1x1,1,3,12,0,6,12,0,1,1,0,1,8,2,4
39,42,block_3_0_1x1,1,3,13,1,6,13,0,1,1,1,1,8,2,4
39,42,block_3_0_1x1,1,3,14,0,7,14,0,1,1,2,1,8,2,4
39,42,block_3_0_1x1,1,3,15,1,7,15,0,1,1,3,1,8,2,4
39,42,block_3_0_1x1,1,7,16,2,7,16,0,2,0,0,1,8,2,4
39,42,block_3_0_1x1,1,7,17,3,7,17,0,2,0,1,1,8,2,4
39,42,block_3_0_1x1,1,7,18,2,6,18,0,2,0,2,1,8,2,4
39,42,block_3_0_1x1,1,7,19,3,6,19,0,2,0,3,1,8,2,4
39,42,block_3_0_1x1,1,6,20,2,5,20,0,2,1,0,1,8,2,4
39,42,block_3_0_1x1,1,6,21,3,5,21,0,2,1,1,1,8,2,4
39,42,block_3_0_1x1,1,6,22,2,4,22,0,2,1,2,1,8,2,4
39,42,block_3_0_1x1,1,6,23,3,4,23,0,2,1,3,1,8,2,4
39,42,block_3_0_1x1,1,5,24,2,3,24,0,3,0,0,1,8,2,4
39,42,block_3_0_1x1,1,5,25,3,3,25,0,3,0,1,1,8,2,4
39,42,block_3_0_1x1,1,5,26,2,2,26,0,3,0,2,1,8,2,4
39,42,block_3_0_1x1,1,5,27,3,2,27,0,3,0,3,1,8,2,4
39,42,block_3_0_1x1,1,4,28,2,1,28,0,3,1,0,1,8,2,4
39,42,block_3_0_1x1,1,4,29,3,1,29,0,3,1,1,1,8,2,4
39,42,block_3_0_1x1,1,4,30,2,0,30,0,3,1,2,1,8,2,4
39,42,block_3_0_1x1,1,4,31,3,0,31,0,3,1,3,1,8,2,4
39,42,block_3_0_1x1,1,8,32,4,0,32,0,4,0,0,1,8,2,4
39,42,block_3_0_1x1,1,8,33,5,0,33,0,4,0,1,1,8,2,4
39,42,block_3_0_1x1,1,8,34,4,1,34,0,4,0,2,1,8,2,4
39,42,block_3_0_1x1,1,8,35,5,1,35,0,4,0,3,1,8,2,4
39,42,block_3_0_1x1,1,9,36,4,2,36,0,4,1,0,1,8,2,4
39,42,block_3_0_1x1,1,9,37,5,2,37,0,4,1,1,1,8,2,4
39,42,block_3_0_1x1,1,9,38,4,3,38,0,4,1,2,1,8,2,4
39,42,block_3_0_1x1,1,9,39,5,3,39,0,4,1,3,1,8,2,4
39,42,block_3_0_1x1,1,10,40,4,4,40,0,5,0,0,1,8,2,4
39,42,block_3_0_1x1,1,10,41,5,4,41,0,5,0,1,1,8,2,4
39,42,block_3_0_1x1,1,10,42,4,5,42,0,5,0,2,1,8,2,4
39,42,block_3_0_1x1,1,10,43,5,5,43,0,5,0,3,1,8,2,4
39,42,block_3_0_1x1,1,11,44,4,6,44,0,5,1,0,1,8,2,4
39,42,block_3_0_1x1,1,11,45,5,6,45,0,5,1,1,1,8,2,4
39,42,block_3_0_1x1,1,11,46,4,7,46,0,5,1,2,1,8,2,4
39,42,block_3_0_1x1,1,11,47,5,7,47,0,5,1,3,1,8,2,4
39,42,block_3_0_1x1,1,15,48,6,7,48,0,6,0,0,1,8,2,4
39,42,block_3_0_1x1,1,15,49,7,7,49,0,6,0,1,1,8,2,4
39,42,block_3_0_1x1,1,15,50,6,6,50,0,6,0,2,1,8,2,4
39,42,block_3_0_1x1,1,15,51,7,6,51,0,6,0,3,1,8,2,4
39,42,block_3_0_1x1,1,14,52,6,5,52,0,6,1,0,1,8,2,4
39,42,block_3_0_1x1,1,14,53,7,5,53,0,6,1,1,1,8,2,4
39,42,block_3_0_1x1,1,14,54,6,4,54,0,6,1,2,1,8,2,4
39,42,block_3_0_1x1,1,14,55,7,4,55,0,6,1,3,1,8,2,4
39,42,block_3_0_1x1,1,13,56,6,3,56,0,7,0,0,1,8,2,4
39,42,block_3_0_1x1,1,13,57,7,3,57,0,7,0,1,1,8,2,4
39,42,block_3_0_1x1,1,13,58,6,2,58,0,7,0,2,1,8,2,4
39,42,block_3_0_1x1,1,13,59,7,2,59,0,7,0,3,1,8,2,4
39,42,block_3_0_1x1,1,12,60,6,1,60,0,7,1,0,1,8,2,4
39,42,block_3_0_1x1,1,12,61,7,1,61,0,7,1,1,1,8,2,4
39,42,block_3_0_1x1,1,12,62,6,0,62,0,7,1,2,1,8,2,4
39,42,block_3_0_1x1,1,12,63,7,0,63,0,7,1,3,1,8,2,4
40,43,block_3_0_3x3,2,0,0,0,0,0,0,0,0,0,2,4,2,4
40,43,block_3_0_3x3,2,0,1,1,0,1,0,0,0,1,2,4,2,4
40,43,block_3_0_3x3,2,0,2,0,1,2,0,0,0,2,2,4,2,4
40,43,block_3_0_3x3,2,0,3,1,1,3,0,0,0,3,2,4,2,4
40,43,block_3_0_3x3,2,1,4,0,2,4,0,0,1,0,2,4,2,4
40,43,block_3_0_3x3,2,1,5,1,2,5,0,0,1,1,2,4,2,4
40,43,block_3_0_3x3,2,1,6,0,3,6,0,0,1,2,2,4,2,4
40,43,block_3_0_3x3,2,1,7,1,3,7,0,0,1,3,2,4,2,4
40,43,block_3_0_3x3,2,2,8,0,4,32,1,0,0,0,2,4,2,4
40,43,block_3_0_3x3,2,2,9,1,4,33,1,0,0,1,2,4,2,4
40,43,block_3_0_3x3,2,2,10,0,5,34,1,0,0,2,2,4,2,4
40,43,block_3_0_3x3,2,2,11,1,5,35,1,0,0,3,2,4,2,4
40,43,block_3_0_3x3,2,3,12,0,6,36,1,0,1,0,2,4,2,4
40,43,block_3_0_3x3,2,3,13,1,6,37,1,0,1,1,2,4,2,4
40,43,block_3_0_3x3,2,3,14,0,7,38,1,0,1,2,2,4,2,4
40,43,block_3_0_3x3,2,3,15,1,7,39,1,0,1,3,2,4,2,4
40,43,block_3_0_3x3,2,7,16,2,7,8,0,1,0,0,2,4,2,4
40,43,block_3_0_3x3,2,7,17,3,7,9,0,1,0,1,2,4,2,4
40,43,block_3_0_3x3,2,7,18,2,6,10,0,1,0,2,2,4,2,4
40,43,block_3_0_3x3,2,7,19,3,6,11,0,1,0,3,2,4,2,4
40,43,block_3_0_3x3,2,6,20,2,5,12,0,1,1,0,2,4,2,4
40,43,block_3_0_3x3,2,6,21,3,5,13,0,1,1,1,2,4,2,4
40,43,block_3_0_3x3,2,6,22,2,4,14,0,1,1,2,2,4,2,4
40,43,block_3_0_3x3,2,6,23,3,4,15,0,1,1,3,2,4,2,4
40,43,block_3_0_3x3,2,5,24,2,3,40,1,1,0,0,2,4,2,4
40,43,block_3_0_3x3,2,5,25,3,3,41,1,1,0,1,2,4,2,4
40,43,block_3_0_3x3,2,5,26,2,2,42,1,1,0,2,2,4,2,4
40,43,block_3_0_3x3,2,5,27,3,2,43,1,1,0,3,2,4,2,4
40,43,block_3_0_3x3,2,4,28,2,1,44,1,1,1,0,2,4,2,4
40,43,block_3_0_3x3,2,4,29,3,1,45,1,1,1,1,2,4,2,4
40,43,block_3_0_3x3,2,4,30,2,0,46,1,1,1,2,2,4,2,4
40,43,block_3_0_3x3,2,4,31,3,0,47,1,1,1,3,2,4,2,4
40,43,block_3_0_3x3,2,8,32,4,0,16,0,2,0,0,2,4,2,4
40,43,block_3_0_3x3,2,8,33,5,0,17,0,2,0,1,2,4,2,4
40,43,block_3_0_3x3,2,8,34,4,1,18,0,2,0,2,2,4,2,4
40,43,block_3_0_3x3,2,8,35,5,1,19,0,2,0,3,2,4,2,4
40,43,block_3_0_3x3,2,9,36,4,2,20,0,2,1,0,2,4,2,4
40,43,block_3_0_3x3,2,9,37,5,2,21,0,2,1,1,2,4,2,4
40,43,block_3_0_3x3,2,9,38,4,3,22,0,2,1,2,2,4,2,4
40,43,block_3_0_3x3,2,9,39,5,3,23,0,2,1,3,2,4,2,4
40,43,block_3_0_3x3,2,10,40,4,4,48,1,2,0,0,2,4,2,4
40,43,block_3_0_3x3,2,10,41,5,4,49,1,2,0,1,2,4,2,4
40,43,block_3_0_3x3,2,10,42,4,5,50,1,2,0,2,2,4,2,4
40,43,block_3_0_3x3,2,10,43,5,5,51,1,2,0,3,2,4,2,4
40,43,block_3_0_3x3,2,11,44,4,6,52,1,2,1,0,2,4,2,4
40,43,block_3_0_3x3,2,11,45,5,6,53,1,2,1,1,2,4,2,4
40,43,block_3_0_3x3,2,11,46,4,7,54,1,2,1,2,2,4,2,4
40,43,block_3_0_3x3,2,11,47,5,7,55,1,2,1,3,2,4,2,4
40,43,block_3_0_3x3,2,15,48,6,7,24,0,3,0,0,2,4,2,4
40,43,block_3_0_3x3,2,15,49,7,7,25,0,3,0,1,2,4,2,4
40,43,block_3_0_3x3,2,15,50,6,6,26,0,3,0,2,2,4,2,4
40,43,block_3_0_3x3,2,15,51,7,6,27,0,3,0,3,2,4,2,4
40,43,block_3_0_3x3,2,14,52,6,5,28,0,3,1,0,2,4,2,4
40,43,block_3_0_3x3,2,14,53,7,5,29,0,3,1,1,2,4,2,4
40,43,block_3_0_3x3,2,14,54,6,4,30,0,3,1,2,2,4,2,4
40,43,block_3_0_3x3,2,14,55,7,4,31,0,3,1,3,2,4,2,4
40,43,block_3_0_3x3,2,13,56,6,3,56,1,3,0,0,2,4,2,4
40,43,block_3_0_3x3,2,13,57,7,3,57,1,3,0,1,2,4,2,4
40,43,block_3_0_3x3,2,13,58,6,2,58,1,3,0,2,2,4,2,4
40,43,block_3_0_3x3,2,13,59,7,2,59,1,3,0,3,2,4,2,4
40,43,block_3_0_3x3,2,12,60,6,1,60,1,3,1,0,2,4,2,4
40,43,block_3_0_3x3,2,12,61,7,1,61,1,3,1,1,2,4,2,4
40,43,block_3_0_3x3,2,12,62,6,0,62,1,3,1,2,2,4,2,4
40,43,block_3_0_3x3,2,12,63,7,0,63,1,3,1,3,2,4,2,4
41,44,block_3_1_1x1,1,0,0,0,0,0,0,0,0,0,1,8,2,4
41,44,block_3_1_1x1,1,0,1,1,0,1,0,0,0,1,1,8,2,4
41,44,block_3_1_1x1,1,0,2,0,1,2,0,0,0,2,1,8,2,4
41,44,block_3_1_1x1,1,0,3,1,1,3,0,0,0,3,1,8,2,4
41,44,block_3_1_1x1,1,1,4,0,2,4,0,0,1,0,1,8,2,4
41,44,block_3_1_1x1,1,1,5,1,2,5,0,0,1,1,1,8,2,4
41,44,block_3_1_1x1,1,1,6,0,3,6,0,0,1,2,1,8,2,4
41,44,block_3_1_1x1,1,1,7,1,3,7,0,0,1,3,1,8,2,4
41,44,block_3_1_1x1,1,2,8,0,4,8,0,1,0,0,1,8,2,4
41,44,block_3_1_1x1,1,2,9,1,4,9,0,1,0,1,1,8,2,4
41,44,block_3_1_1x1,1,2,10,0,5,10,0,1,0,2,1,8,2,4
41,44,block_3_1_1x1,1,2,11,1,5,11,0,1,0,3,1,8,2,4
41,44,block_3_1_1x1,1,3,12,0,6,12,0,1,1,0,1,8,2,4
41,44,block_3_1_1x1,1,3,13,1,6,13,0,1,1,1,1,8,2,4
41,44,block_3_1_1x1,1,3,14,0,7,14,0,1,1,2,1,8,2,4
41,44,block_3_1_1x1,1,3,15,1,7,15,0,1,1,3,1,8,2,4
41,44,block_3_1_1x1,1,7,16,2,7,16,0,2,0,0,1,8,2,4
41,44,block_3_1_1x1,1,7,17,3,7,17,0,2,0,1,1,8,2,4
41,44,block_3_1_1x1,1,7,18,2,6,18,0,2,0,2,1,8,2,4
41,44,block_3_1_1x1,1,7,19,3,6,19,0,2,0,3,1,8,2,4
41,44,block_3_1_1x1,1,6,20,2,5,20,0,2,1,0,1,8,2,4
41,44,block_3_1_1x1,1,6,21,3,5,21,0,2,1,1,1,8,2,4
41,44,block_3_1_1x1,1,6,22,2,4,22,0,2,1,2,1,8,2,4
41,44,block_3_1_1x1,1,6,23,3,4,23,0,2,1,3,1,8,2,4
41,44,block_3_1_1x1,1,5,24,2,3,24,0,3,0,0,1,8,2,4
41,44,block_3_1_1x1,1,5,25,3,3,25,0,3,0,1,1,8,2,4
41,44,block_3_1_1x1,1,5,26,2,2,26,0,3,0,2,1,8,2,4
41,44,block_3_1_1x1,1,5,27,3,2,27,0,3,0,3,1,8,2,4
41,44,block_3_1_1x1,1,4,28,2,1,28,0,3,1,0,1,8,2,4
41,44,block_3_1_1x1,1,4,29,3,1,29,0,3,1,1,1,8,2,4
41,44,block_3_1_1x1,1,4,30,2,0,30,0,3,1,2,1,8,2,4
41,44,block_3_1_1x1,1,4,31,3,0,31,0,3,1,3,1,8,2,4
41,44,block_3_1_1x1,1,8,32,4,0,32,0,4,0,0,1,8,2,4
41,44,block_3_1_1x1,1,8,33,5,0,33,0,4,0,1,1,8,2,4
41,44,block_3_1_1x1,1,8,34,4,1,34,0,4,0,2,1,8,2,4
41,44,block_3_1_1x1,1,8,35,5,1,35,0,4,0,3,1,8,2,4
41,44,block_3_1_1x1,1,9,36,4,2,36,0,4,1,0,1,8,2,4
41,44,block_3_1_1x1,1,9,37,5,2,37,0,4,1,1,1,8,2,4
41,44,block_3_1_1x1,1,9,38,4,3,38,0,4,1,2,1,8,2,4
41,44,block_3_1_1x1,1,9,39,5,3,39,0,4,1,3,1,8,2,4
41,44,block_3_1_1x1,1,10,40,4,4,40,0,5,0,0,1,8,2,4
41,44,block_3_1_1x1,1,10,41,5,4,41,0,5,0,1,1,8,2,4
41,44,block_3_1_1x1,1,10,42,4,5,42,0,5,0,2,1,8,2,4
41,44,block_3_1_1x1,1,10,43,5,5,43,0,5,0,3,1,8,2,4
41,44,block_3_1_1x1,1,11,44,4,6,44,0,5,1,0,1,8,2,4
41,44,block_3_1_1x1,1,11,45,5,6,45,0,5,1,1,1,8,2,4
41,44,block_3_1_1x1,1,11,46,4,7,46,0,5,1,2,1,8,2,4
41,44,block_3_1_1x1,1,11,47,5,7,47,0,5,1,3,1,8,2,4
41,44,block_3_1_1x1,1,15,48,6,7,48,0,6,0,0,1,8,2,4
41,44,block_3_1_1x1,1,15,49,7,7,49,0,6,0,1,1,8,2,4
41,44,block_3_1_1x1,1,15,50,6,6,50,0,6,0,2,1,8,2,4
41,44,block_3_1_1x1,1,15,51,7,6,51,0,6,0,3,1,8,2,4
41,44,block_3_1_1x1,1,14,52,6,5,52,0,6,1,0,1,8,2,4
41,44,block_3_1_1x1,1,14,53,7,5,53,0,6,1,1,1,8,2,4
41,44,block_3_1_1x1,1,14,54,6,4,54,0,6,1,2,1,8,2,4
41,44,block_3_1_1x1,1,14,55,7,4,55,0,6,1,3,1,8,2,4
41,44,block_3_1_1x1,1,13,56,6,3,56,0,7,0,0,1,8,2,4
41,44,block_3_1_1x1,1,13,57,7,3,57,0,7,0,1,1,8,2,4
41,44,block_3_1_1x1,1,13,58,6,2,58,0,7,0,2,1,8,2,4
41,44,block_3_1_1x1,1,13,59,7,2,59,0,7,0,3,1,8,2,4
41,44,block_3_1_1x1,1,12,60,6,1,60,0,7,1,0,1,8,2,4
41,44,block_3_1_1x1,1,12,61,7,1,61,0,7,1,1,1,8,2,4
41,44,block_3_1_1x1,1,12,62,6,0,62,0,7,1,2,1,8,2,4
41,44,block_3_1_1x1,1,12,63,7,0,63,0,7,1,3,1,8,2,4
42,45,block_3_1_3x3,2,0,0,0,0,0,0,0,0,0,2,4,2,4
42,45,block_3_1_3x3,2,0,1,1,0,1,0,0,0,1,2,4,2,4
42,45,block_3_1_3x3,2,0,2,0,1,2,0,0,0,2,2,4,2,4
42,45,block_3_1_3x3,2,0,3,1,1,3,0,0,0,3,2,4,2,4
42,45,block_3_1_3x3,2,1,4,0,2,4,0,0,1,0,2,4,2,4
42,45,block_3_1_3x3,2,1,5,1,2,5,0,0,1,1,2,4,2,4
42,45,block_3_1_3x3,2,1,6,0,3,6,0,0,1,2,2,4,2,4
42,45,block_3_1_3x3,2,1,7,1,3,7,0,0,1,3,2,4,2,4
42,45,block_3_1_3x3,2,2,8,0,4,32,1,0,0,0,2,4,2,4
42,45,block_3_1_3x3,2,2,9,1,4,33,1,0,0,1,2,4,2,4
42,45,block_3_1_3x3,2,2,10,0,5,34,1,0,0,2,2,4,2,4
42,45,block_3_1_3x3,2,2,11,1,5,35,1,0,0,3,2,4,2,4
42,45,block_3_1_3x3,2,3,12,0,6,36,1,0,1,0,2,4,2,4
42,45,block_3_1_3x3,2,3,13,1,6,37,1,0,1,1,2,4,2,4
42,45,block_3_1_3x3,2,3,14,0,7,38,1,0,1,2,2,4,2,4
42,45,block_3_1_3x3,2,3,15,1,7,39,1,0,1,3,2,4,2,4
42,45,block_3_1_3x3,2,7,16,2,7,8,0,1,0,0,2,4,2,4
42,45,block_3_1_3x3,2,7,17,3,7,9,0,1,0,1,2,4,2,4
42,45,block_3_1_3x3,2,7,18,2,6,10,0,1,0,2,2,4,2,4
42,45,block_3_1_3x3,2,7,19,3,6,11,0,1,0,3,2,4,2,4
42,45,block_3_1_3x3,2,6,20,2,5,12,0,1,1,0,2,4,2,4
42,45,block_3_1_3x3,2,6,21,3,5,13,0,1,1,1,2,4,2,4
42,45,block_3_1_3x3,2,6,22,2,4,14,0,1,1,2,2,4,2,4
42,45,block_3_1_3x3,2,6,23,3,4,15,0,1,1,3,2,4,2,4
42,45,block_3_1_3x3,2,5,24,2,3,40,1,1,0,0,2,4,2,4
42,45,block_3_1_3x3,2,5,25,3,3,41,1,1,0,1,2,4,2,4
42,45,block_3_1_3x3,2,5,26,2,2,42,1,1,0,2,2,4,2,4
42,45,block_3_1_3x3,2,5,27,3,2,43,1,1,0,3,2,4,2,4
42,45,block_3_1_3x3,2,4,28,2,1,44,1,1,1,0,2,4,2,4
42,45,block_3_1_3x3,2,4,29,3,1,45,1,1,1,1,2,4,2,4
42,45,block_3_1_3x3,2,4,30,2,0,46,1,1,1,2,2,4,2,4
42,45,block_3_1_3x3,2,4,31,3,0,47,1,1,1,3,2,4,2,4
42,45,block_3_1_3x3,2,8,32,4,0,16,0,2,0,0,2,4,2,4
42,45,block_3_1_3x3,2,8,33,5,0,17,0,2,0,1,2,4,2,4
42,45,block_3_1_3x3,2,8,34,4,1,18,0,2,0,2,2,4,2,4
42,45,block_3_1_3x3,2,8,35,5,1,19,0,2,0,3,2,4,2,4
42,45,block_3_1_3x3,2,9,36,4,2,20,0,2,1,0,2,4,2,4
42,45,block_3_1_3x3,2,9,37,5,2,21,0,2,1,1,2,4,2,4
42,45,block_3_1_3x3,2,9,38,4,3,22,0,2,1,2,2,4,2,4
42,45,block_3_1_3x3,2,9,39,5,3,23,0,2,1,3,2,4,2,4
42,45,block_3_1_3x3,2,10,40,4,4,48,1,2,0,0,2,4,2,4
42,45,block_3_1_3x3,2,10,41,5,4,49,1,2,0,1,2,4,2,4
42,45,block_3_1_3x3,2,10,42,4,5,50,1,2,0,2,2,4,2,4
42,45,block_3_1_3x3,2,10,43,5,5,51,1,2,0,3,2,4,2,4
42,45,block_3_1_3x3,2,11,44,4,6,52,1,2,1,0,2,4,2,4
42,45,block_3_1_3x3,2,11,45,5,6,53,1,2,1,1,2,4,2,4
42,45,block_3_1_3x3,2,11,46,4,7,54,1,2,1,2,2,4,2,4
42,45,block_3_1_3x3,2,11,47,5,7,55,1,2,1,3,2,4,2,4
42,45,block_3_1_3x3,2,15,48,6,7,24,0,3,0,0,2,4,2,4
42,45,block_3_1_3x3,2,15,49,7,7,25,0,3,0,1,2,4,2,4
42,45,block_3_1_3x3,2,15,50,6,6,26,0,3,0,2,2,4,2,4
42,45,block_3_1_3x3,2,15,51,7,6,27,0,3,0,3,2,4,2,4
42,45,block_3_1_3x3,2,14,52,6,5,28,0,3,1,0,2,4,2,4
42,45,block_3_1_3x3,2,14,53,7,5,29,0,3,1,1,2,4,2,4
42,45,block_3_1_3x3,2,14,54,6,4,30,0,3,1,2,2,4,2,4
42,45,block_3_1_3x3,2,14,55,7,4,31,0,3,1,3,2,4,2,4
42,45,block_3_1_3x3,2,13,56,6,3,56,1,3,0,0,2,4,2,4
42,45,block_3_1_3x3,2,13,57,7,3,57,1,3,0,1,2,4,2,4
42,45,block_3_1_3x3,2,13,58,6,2,58,1,3,0,2,2,4,2,4
42,45,block_3_1_3x3,2,13,59,7,2,59,1,3,0,3,2,4,2,4
42,45,block_3_1_3x3,2,12,60,6,1,60,1,3,1,0,2,4,2,4
42,45,block_3_1_3x3,2,12,61,7,1,61,1,3,1,1,2,4,2,4
42,45,block_3_1_3x3,2,12,62,6,0,62,1,3,1,2,2,4,2,4
42,45,block_3_1_3x3,2,12,63,7,0,63,1,3,1,3,2,4,2,4
43,46,block_3_2_1x1,1,0,0,0,0,0,0,0,0,0,1,8,2,4
43,46,block_3_2_1x1,1,0,1,1,0,1,0,0,0,1,1,8,2,4
43,46,block_3_2_1x1,1,0,2,0,1,2,0,0,0,2,1,8,2,4
43,46,block_3_2_1x1,1,0,3,1,1,3,0,0,0,3,1,8,2,4
43,46,block_3_2_1x1,1,1,4,0,2,4,0,0,1,0,1,8,2,4
43,46,block_3_2_1x1,1,1,5,1,2,5,0,0,1,1,1,8,2,4
43,46,block_3_2_1x1,1,1,6,0,3,6,0,0,1,2,1,8,2,4
43,46,block_3_2_1x1,1,1,7,1,3,7,0,0,1,3,1,8,2,4
43,46,block_3_2_1x1,1,2,8,0,4,8,0,1,0,0,1,8,2,4
43,46,block_3_2_1x1,1,2,9,1,4,9,0,1,0,1,1,8,2,4
43,46,block_3_2_1x1,1,2,10,0,5,10,0,1,0,2,1,8,2,4
43,46,block_3_2_1x1,1,2,11,1,5,11,0,1,0,3,1,8,2,4
43,46,block_3_2_1x1,1,3,12,0,6,12,0,1,1,0,1,8,2,4
43,46,block_3_2_1x1,1,3,13,1,6,13,0,1,1,1,1,8,2,4
43,46,block_3_2_1x1,1,3,14,0,7,14,0,1,1,2,1,8,2,4
43,46,block_3_2_1x1,1,3,15,1,7,15,0,1,1,3,1,8,2,4
43,46,block_3_2_1x1,1,7,16,2,7,16,0,2,0,0,1,8,2,4
43,46,block_3_2_1x1,1,7,17,3,7,17,0,2,0,1,1,8,2,4
43,46,block_3_2_1x1,1,7,18,2,6,18,0,2,0,2,1,8,2,4
43,46,block_3_2_1x1,1,7,19,3,6,19,0,2,0,3,1,8,2,4
43,46,block_3_2_1x1,1,6,20,2,5,20,0,2,1,0,1,8,2,4
43,46,block_3_2_1x1,1,6,21,3,5,21,0,2,1,1,1,8,2,4
43,46,block_3_2_1x1,1,6,22,2,4,22,0,2,1,2,1,8,2,4
43,46,block_3_2_1x1,1,6,23,3,4,23,0,2,1,3,1,8,2,4
43,46,block_3_2_1x1,1,5,24,2,3,24,0,3,0,0,1,8,2,4
43,46,block_3_2_1x1,1,5,25,3,3,25,0,3,0,1,1,8,2,4
43,46,block_3_2_1x1,1,5,26,2,2,26,0,3,0,2,1,8,2,4
43,46,block_3_2_1x1,1,5,27,3,2,27,0,3,0,3,1,8,2,4
43,46,block_3_2_1x1,1,4,28,2,1,28,0,3,1,0,1,8,2,4
43,46,block_3_2_1x1,1,4,29,3,1,29,0,3,1,1,1,8,2,4
43,46,block_3_2_1x1,1,4,30,2,0,30,0,3,1,2,1,8,2,4
43,46,block_3_2_1x1,1,4,31,3,0,31,0,3,1,3,1,8,2,4
43,46,block_3_2_1x1,1,8,32,4,0,32,0,4,0,0,1,8,2,4
43,46,block_3_2_1x1,1,8,33,5,0,33,0,4,0,1,1,8,2,4
43,46,block_3_2_1x1,1,8,34,4,1,34,0,4,0,2,1,8,2,4
43,46,block_3_2_1x1,1,8,35,5,1,35,0,4,0,3,1,8,2,4
43,46,block_3_2_1x1,1,9,36,4,2,36,0,4,1,0,1,8,2,4
43,46,block_3_2_1x1,1,9,37,5,2,37,0,4,1,1,1,8,2,4
43,46,block_3_2_1x1,1,9,38,4,3,38,0,4,1,2,1,8,2,4
43,46,block_3_2_1x1,1,9,39,5,3,39,0,4,1,3,1,8,2,4
43,46,block_3_2_1x1,1,10,40,4,4,40,0,5,0,0,1,8,2,4
43,46,block_3_2_1x1,1,10,41,5,4,41,0,5,0,1,1,8,2,4
43,46,block_3_2_1x1,1,10,42,4,5,42,0,5,0,2,1,8,2,4
43,46,block_3_2_1x1,1,10,43,5,5,43,0,5,0,3,1,8,2,4
43,46,block_3_2_1x1,1,11,44,4,6,44,0,5,1,0,1,8,2,4
43,46,block_3_2_1x1,1,11,45,5,6,45,0,5,1,1,1,8,2,4
43,46,block_3_2_1x1,1,11,46,4,7,46,0,5,1,2,1,8,2,4
43,46,block_3_2_1x1,1,11,47,5,7,47,0,5,1,3,1,8,2,4
43,46,block_3_2_1x1,1,15,48,6,7,48,0,6,0,0,1,8,2,4
43,46,block_3_2_1x1,1,15,49,7,7,49,0,6,0,1,1,8,2,4
43,46,block_3_2_1x1,1,15,50,6,6,50,0,6,0,2,1,8,2,4
43,46,block_3_2_1x1,1,15,51,7,6,51,0,6,0,3,1,8,2,4
43,46,block_3_2_1x1,1,14,52,6,5,52,0,6,1,0,1,8,2,4
43,46,block_3_2_1x1,1,14,53,7,5,53,0,6,1,1,1,8,2,4
43,46,block_3_2_1x1,1,14,54,6,4,54,0,6,1,2,1,8,2,4
43,46,block_3_2_1x1,1,14,55,7,4,55,0,6,1,3,1,8,2,4
43,46,block_3_2_1x1,1,13,56,6,3,56,0,7,0,0,1,8,2,4
43,46,block_3_2_1x1,1,13,57,7,3,57,0,7,0,1,1,8,2,4
43,46,block_3_2_1x1,1,13,58,6,2,58,0,7,0,2,1,8,2,4
43,46,block_3_2_1x1,1,13,59,7,2,59,0,7,0,3,1,8,2,4
43,46,block_3_2_1x1,1,12,60,6,1,60,0,7,1,0,1,8,2,4
43,46,block_3_2_1x1,1,12,61,7,1,61,0,7,1,1,1,8,2,4
43,46,block_3_2_1x1,1,12,62,6,0,62,0,7,1,2,1,8,2,4
43,46,block_3_2_1x1,1,12,63,7,0,63,0,7,1,3,1,8,2,4
44,47,block_3_2_3x3,2,0,0,0,0,0,0,0,0,0,2,4,2,4
44,47,block_3_2_3x3,2,0,1,1,0,1,0,0,0,1,2,4,2,4
44,47,block_3_2_3x3,2,0,2,0,1,2,0,0,0,2,2,4,2,4
44,47,block_3_2_3x3,2,0,3,1,1,3,0,0,0,3,2,4,2,4
44,47,block_3_2_3x3,2,1,4,0,2,4,0,0,1,0,2,4,2,4
44,47,block_3_2_3x3,2,1,5,1,2,5,0,0,1,1,2,4,2,4
44,47,block_3_2_3x3,2,1,6,0,3,6,0,0,1,2,2,4,2,4
44,47,block_3_2_3x3,2,1,7,1,3,7,0,0,1,3,2,4,2,4
44,47,block_3_2_3x3,2,2,8,0,4,32,1,0,0,0,2,4,2,4
44,47,block_3_2_3x3,2,2,9,1,4,33,1,0,0,1,2,4,2,4
44,47,block_3_2_3x3,2,2,10,0,5,34,1,0,0,2,2,4,2,4
44,47,block_3_2_3x3,2,2,11,1,5,35,1,0,0,3,2,4,2,4
44,47,block_3_2_3x3,2,3,12,0,6,36,1,0,1,0,2,4,2,4
44,47,block_3_2_3x3,2,3,13,1,6,37,1,0,1,1,2,4,2,4
44,47,block_3_2_3x3,2,3,14,0,7,38,1,0,1,2,2,4,2,4
44,47,block_3_2_3x3,2,3,15,1,7,39,1,0,1,3,2,4,2,4
44,47,block_3_2_3x3,2,7,16,2,7,8,0,1,0,0,2,4,2,4
44,47,block_3_2_3x3,2,7,17,3,7,9,0,1,0,1,2,4,2,4
44,47,block_3_2_3x3,2,7,18,2,6,10,0,1,0,2,2,4,2,4
44,47,block_3_2_3x3,2,7,19,3,6,11,0,1,0,3,2,4,2,4
44,47,block_3_2_3x3,2,6,20,2,5,12,0,1,1,0,2,4,2,4
44,47,block_3_2_3x3,2,6,21,3,5,13,0,1,1,1,2,4,2,4
44,47,block_3_2_3x3,2,6,22,2,4,14,0,1,1,2,2,4,2,4
44,47,block_3_2_3x3,2,6,23,3,4,15,0,1,1,3,2,4,2,4
44,47,block_3_2_3x3,2,5,24,2,3,40,1,1,0,0,2,4,2,4
44,47,block_3_2_3x3,2,5,25,3,3,41,1,1,0,1,2,4,2,4
44,47,block_3_2_3x3,2,5,26,2,2,42,1,1,0,2,2,4,2,4
44,47,block_3_2_3x3,2,5,27,3,2,43,1,1,0,3,2,4,2,4
44,47,block_3_2_3x3,2,4,28,2,1,44,1,1,1,0,2,4,2,4
44,47,block_3_2_3x3,2,4,29,3,1,45,1,1,1,1,2,4,2,4
44,47,block_3_2_3x3,2,4,30,2,0,46,1,1,1,2,2,4,2,4
44,47,block_3_2_3x3,2,4,31,3,0,47,1,1,1,3,2,4,2,4
44,47,block_3_2_3x3,2,8,32,4,0,16,0,2,0,0,2,4,2,4
44,47,block_3_2_3x3,2,8,33,5,0,17,0,2,0,1,2,4,2,4
44,47,block_3_2_3x3,2,8,34,4,1,18,0,2,0,2,2,4,2,4
44,47,block_3_2_3x3,2,8,35,5,1,19,0,2,0,3,2,4,2,4
44,47,block_3_2_3x3,2,9,36,4,2,20,0,2,1,0,2,4,2,4
44,47,block_3_2_3x3,2,9,37,5,2,21,0,2,1,1,2,4,2,4
44,47,block_3_2_3x3,2,9,38,4,3,22,0,2,1,2,2,4,2,4
44,47,block_3_2_3x3,2,9,39,5,3,23,0,2,1,3,2,4,2,4
44,47,block_3_2_3x3,2,10,40,4,4,48,1,2,0,0,2,4,2,4
44,47,block_3_2_3x3,2,10,41,5,4,49,1,2,0,1,2,4,2,4
44,47,block_3_2_3x3,2,10,42,4,5,50,1,2,0,2,2,4,2,4
44,47,block_3_2_3x3,2,10,43,5,5,51,1,2,0,3,2,4,2,4
44,47,block_3_2_3x3,2,11,44,4,6,52,1,2,1,0,2,4,2,4
44,47,block_3_2_3x3,2,11,45,5,6,53,1,2,1,1,2,4,2,4
44,47,block_3_2_3x3,2,11,46,4,7,54,1,2,1,2,2,4,2,4
44,47,block_3_2_3x3,2,11,47,5,7,55,1,2,1,3,2,4,2,4
44,47,block_3_2_3x3,2,15,48,6,7,24,0,3,0,0,2,4,2,4
44,47,block_3_2_3x3,2,15,49,7,7,25,0,3,0,1,2,4,2,4
44,47,block_3_2_3x3,2,15,50,6,6,26,0,3,0,2,2,4,2,4
44,47,block_3_2_3x3,2,15,51,7,6,27,0,3,0,3,2,4,2,4
44,47,block_3_2_3x3,2,14,52,6,5,28,0,3,1,0,2,4,2,4
44,47,block_3_2_3x3,2,14,53,7,5,29,0,3,1,1,2,4,2,4
44,47,block_3_2_3x3,2,14,54,6,4,30,0,3,1,2,2,4,2,4
44,47,block_3_2_3x3,2,14,55,7,4,31,0,3,1,3,2,4,2,4
44,47,block_3_2_3x3,2,13,56,6,3,56,1,3,0,0,2,4,2,4
44,47,block_3_2_3x3,2,13,57,7,3,57,1,3,0,1,2,4,2,4
44,47,block_3_2_3x3,2,13,58,6,2,58,1,3,0,2,2,4,2,4
44,47,block_3_2_3x3,2,13,59,7,2,59,1,3,0,3,2,4,2,4
44,47,block_3_2_3x3,2,12,60,6,1,60,1,3,1,0,2,4,2,4
44,47,block_3_2_3x3,2,12,61,7,1,61,1,3,1,1,2,4,2,4
44,47,block_3_2_3x3,2,12,62,6,0,62,1,3,1,2,2,4,2,4
44,47,block_3_2_3x3,2,12,63,7,0,63,1,3,1,3,2,4,2,4
45,48,block_3_3_1x1,1,0,0,0,0,0,0,0,0,0,1,8,2,4
45,48,block_3_3_1x1,1,0,1,1,0,1,0,0,0,1,1,8,2,4
45,48,block_3_3_1x1,1,0,2,0,1,2,0,0,0,2,1,8,2,4
45,48,block_3_3_1x1,1,0,3,1,1,3,0,0,0,3,1,8,2,4
45,48,block_3_3_1x1,1,1,4,0,2,4,0,0,1,0,1,8,2,4
45,48,block_3_3_1x1,1,1,5,1,2,5,0,0,1,1,1,8,2,4
45,48,block_3_3_1x1,1,1,6,0,3,6,0,0,1,2,1,8,2,4
45,48,block_3_3_1x1,1,1,7,1,3,7,0,0,1,3,1,8,2,4
45,48,block_3_3_1x1,1,2,8,0,4,8,0,1,0,0,1,8,2,4
45,48,block_3_3_1x1,1,2,9,1,4,9,0,1,0,1,1,8,2,4
45,48,block_3_3_1x1,1,2,10,0,5,10,0,1,0,2,1,8,2,4
45,48,block_3_3_1x1,1,2,11,1,5,11,0,1,0,3,1,8,2,4
45,48,block_3_3_1x1,1,3,12,0,6,12,0,1,1,0,1,8,2,4
45,48,block_3_3_1x1,1,3,13,1,6,13,0,1,1,1,1,8,2,4
45,48,block_3_3_1x1,1,3,14,0,7,14,0,1,1,2,1,8,2,4
45,48,block_3_3_1x1,1,3,15,1,7,15,0,1,1,3,1,8,2,4
45,48,block_3_3_1x1,1,7,16,2,7,16,0,2,0,0,1,8,2,4
45,48,block_3_3_1x1,1,7,17,3,7,17,0,2,0,1,1,8,2,4
45,48,block_3_3_1x1,1,7,18,2,6,18,0,2,0,2,1,8,2,4
45,48,block_3_3_1x1,1,7,19,3,6,19,0,2,0,3,1,8,2,4
45,48,block_3_3_1x1,1,6,20,2,5,20,0,2,1,0,1,8,2,4
45,48,block_3_3_1x1,1,6,21,3,5,21,0,2,1,1,1,8,2,4
45,48,block_3_3_1x1,1,6,22,2,4,22,0,2,1,2,1,8,2,4
45,48,block_3_3_1x1,1,6,23,3,4,23,0,2,1,3,1,8,2,4
45,48,block_3_3_1x1,1,5,24,2,3,24,0,3,0,0,1,8,2,4
45,48,block_3_3_1x1,1,5,25,3,3,25,0,3,0,1,1,8,2,4
45,48,block_3_3_1x1,1,5,26,2,2,26,0,3,0,2,1,8,2,4
45,48,block_3_3_1x1,1,5,27,3,2,27,0,3,0,3,1,8,2,4
45,48,block_3_3_1x1,1,4,28,2,1,28,0,3,1,0,1,8,2,4
45,48,block_3_3_1x1,1,4,29,3,1,29,0,3,1,1,1,8,2,4
45,48,block_3_3_1x1,1,4,30,2,0,30,0,3,1,2,1,8,2,4
45,48,block_3_3_1x1,1,4,31,3,0,31,0,3,1,3,1,8,2,4
45,48,block_3_3_1x1,1,8,32,4,0,32,0,4,0,0,1,8,2,4
45,48,block_3_3_1x1,1,8,33,5,0,33,0,4,0,1,1,8,2,4
45,48,block_3_3_1x1,1,8,34,4,1,34,0,4,0,2,1,8,2,4
45,48,block_3_3_1x1,1,8,35,5,1,35,0,4,0,3,1,8,2,4
45,48,block_3_3_1x1,1,9,36,4,2,36,0,4,1,0,1,8,2,4
45,48,block_3_3_1x1,1,9,37,5,2,37,0,4,1,1,1,8,2,4
45,48,block_3_3_1x1,1,9,38,4,3,38,0,4,1,2,1,8,2,4
45,48,block_3_3_1x1,1,9,39,5,3,39,0,4,1,3,1,8,2,4
45,48,block_3_3_1x1,1,10,40,4,4,40,0,5,0,0,1,8,2,4
45,48,block_3_3_1x1,1,10,41,5,4,41,0,5,0,1,1,8,2,4
45,48,block_3_3_1x1,1,10,42,4,5,42,0,5,0,2,1,8,2,4
45,48,block_3_3_1x1,1,10,43,5,5,43,0,5,0,3,1,8,2,4
45,48,block_3_3_1x1,1,11,44,4,6,44,0,5,1,0,1,8,2,4
45,48,block_3_3_1x1,1,11,45,5,6,45,0,5,1,1,1,8,2,4
45,48,block_3_3_1x1,1,11,46,4,7,46,0,5,1,2,1,8,2,4
45,48,block_3_3_1x1,1,11,47,5,7,47,0,5,1,3,1,8,2,4
45,48,block_3_3_1x1,1,15,48,6,7,48,0,6,0,0,1,8,2,4
45,48,block_3_3_1x1,1,15,49,7,7,49,0,6,0,1,1,8,2,4
45,48,block_3_3_1x1,1,15,50,6,6,50,0,6,0,2,1,8,2,4
45,48,block_3_3_1x1,1,15,51,7,6,51,0,6,0,3,1,8,2,4
45,48,block_3_3_1x1,1,14,52,6,5,52,0,6,1,0,1,8,2,4
45,48,block_3_3_1x1,1,14,53,7,5,53,0,6,1,1,1,8,2,4
45,48,block_3_3_1x1,1,14,54,6,4,54,0,6,1,2,1,8,2,4
45,48,block_3_3_1x1,1,14,55,7,4,55,0,6,1,3,1,8,2,4
45,48,block_3_3_1x1,1,13,56,6,3,56,0,7,0,0,1,8,2,4
45,48,block_3_3_1x1,1,13,57,7,3,57,0,7,0,1,1,8,2,4
45,48,block_3_3_1x1,1,13,58,6,2,58,0,7,0,2,1,8,2,4
45,48,block_3_3_1x1,1,13,59,7,2,59,0,7,0,3,1,8,2,4
45,48,block_3_3_1x1,1,12,60,6,1,60,0,7,1,0,1,8,2,4
45,48,block_3_3_1x1,1,12,61,7,1,61,0,7,1,1,1,8,2,4
45,48,block_3_3_1x1,1,12,62,6,0,62,0,7,1,2,1,8,2,4
45,48,block_3_3_1x1,1,12,63,7,0,63,0,7,1,3,1,8,2,4
46,49,block_3_3_3x3,2,0,0,0,0,0,0,0,0,0,2,4,2,4
46,49,block_3_3_3x3,2,0,1,1,0,1,0,0,0,1,2,4,2,4
46,49,block_3_3_3x3,2,0,2,0,1,2,0,0,0,2,2,4,2,4
46,49,block_3_3_3x3,2,0,3,1,1,3,0,0,0,3,2,4,2,4
46,49,block_3_3_3x3,2,1,4,0,2,4,0,0,1,0,2,4,2,4
46,49,block_3_3_3x3,2,1,5,1,2,5,0,0,1,1,2,4,2,4
46,49,block_3_3_3x3,2,1,6,0,3,6,0,0,1,2,2,4,2,4
46,49,block_3_3_3x3,2,1,7,1,3,7,0,0,1,3,2,4,2,4
46,49,block_3_3_3x3,2,2,8,0,4,32,1,0,0,0,2,4,2,4
46,49,block_3_3_3x3,2,2,9,1,4,33,1,0,0,1,2,4,2,4
46,49,block_3_3_3x3,2,2,10,0,5,34,1,0,0,2,2,4,2,4
46,49,block_3_3_3x3,2,2,11,1,5,35,1,0,0,3,2,4,2,4
46,49,block_3_3_3x3,2,3,12,0,6,36,1,0,1,0,2,4,2,4
46,49,block_3_3_3x3,2,3,13,1,6,37,1,0,1,1,2,4,2,4
46,49,block_3_3_3x3,2,3,14,0,7,38,1,0,1,2,2,4,2,4
46,49,block_3_3_3x3,2,3,15,1,7,39,1,0,1,3,2,4,2,4
46,49,block_3_3_3x3,2,7,16,2,7,8,0,1,0,0,2,4,2,4
46,49,block_3_3_3x3,2,7,17,3,7,9,0,1,0,1,2,4,2,4
46,49,block_3_3_3x3,2,7,18,2,6,10,0,1,0,2,2,4,2,4
46,49,block_3_3_3x3,2,7,19,3,6,11,0,1,0,3,2,4,2,4
46,49,block_3_3_3x3,2,6,20,2,5,12,0,1,1,0,2,4,2,4
46,49,block_3_3_3x3,2,6,21,3,5,13,0,1,1,1,2,4,2,4
46,49,block_3_3_3x3,2,6,22,2,4,14,0,1,1,2,2,4,2,4
46,49,block_3_3_3x3,2,6,23,3,4,15,0,1,1,3,2,4,2,4
46,49,block_3_3_3x3,2,5,24,2,3,40,1,1,0,0,2,4,2,4
46,49,block_3_3_3x3,2,5,25,3,3,41,1,1,0,1,2,4,2,4
46,49,block_3_3_3x3,2,5,26,2,2,42,1,1,0,2,2,4,2,4
46,49,block_3_3_3x3,2,5,27,3,2,43,1,1,0,3,2,4,2,4
46,49,block_3_3_3x3,2,4,28,2,1,44,1,1,1,0,2,4,2,4
46,49,block_3_3_3x3,2,4,29,3,1,45,1,1,1,1,2,4,2,4
46,49,block_3_3_3x3,2,4,30,2,0,46,1,1,1,2,2,4,2,4
46,49,block_3_3_3x3,2,4,31,3,0,47,1,1,1,3,2,4,2,4
46,49,block_3_3_3x3,2,8,32,4,0,16,0,2,0,0,2,4,2,4
46,49,block_3_3_3x3,2,8,33,5,0,17,0,2,0,1,2,4,2,4
46,49,block_3_3_3x3,2,8,34,4,1,18,0,2,0,2,2,4,2,4
46,49,block_3_3_3x3,2,8,35,5,1,19,0,2,0,3,2,4,2,4
46,49,block_3_3_3x3,2,9,36,4,2,20,0,2,1,0,2,4,2,4
46,49,block_3_3_3x3,2,9,37,5,2,21,0,2,1,1,2,4,2,4
46,49,block_3_3_3x3,2,9,38,4,3,22,0,2,1,2,2,4,2,4
46,49,block_3_3_3x3,2,9,39,5,3,23,0,2,1,3,2,4,2,4
46,49,block_3_3_3x3,2,10,40,4,4,48,1,2,0,0,2,4,2,4
46,49,block_3_3_3x3,2,10,41,5,4,49,1,2,0,1,2,4,2,4
46,49,block_3_3_3x3,2,10,42,4,5,50,1,2,0,2,2,4,2,4
46,49,block_3_3_3x3,2,10,43,5,5,51,1,2,0,3,2,4,2,4
46,49,block_3_3_3x3,2,11,44,4,6,52,1,2,1,0,2,4,2,4
46,49,block_3_3_3x3,2,11,45,5,6,53,1,2,1,1,2,4,2,4
46,49,block_3_3_3x3,2,11,46,4,7,54,1,2,1,2,2,4,2,4
46,49,block_3_3_3x3,2,11,47,5,7,55,1,2,1,3,2,4,2,4
46,49,block_3_3_3x3,2,15,48,6,7,24,0,3,0,0,2,4,2,4
46,49,block_3_3_3x3,2,15,49,7,7,25,0,3,0,1,2,4,2,4
46,49,block_3_3_3x3,2,15,50,6,6,26,0,3,0,2,2,4,2,4
46,49,block_3_3_3x3,2,15,51,7,6,27,0,3,0,3,2,4,2,4
46,49,block_3_3_3x3,2,14,52,6,5,28,0,3,1,0,2,4,2,4
46,49,block_3_3_3x3,2,14,53,7,5,29,0,3,1,1,2,4,2,4
46,49,block_3_3_3x3,2,14,54,6,4,30,0,3,1,2,2,4,2,4
46,49,block_3_3_3x3,2,14,55,7,4,31,0,3,1,3,2,4,2,4
46,49,block_3_3_3x3,2,13,56,6,3,56,1,3,0,0,2,4,2,4
46,49,block_3_3_3x3,2,13,57,7,3,57,1,3,0,1,2,4,2,4
46,49,block_3_3_3x3,2,13,58,6,2,58,1,3,0,2,2,4,2,4
46,49,block_3_3_3x3,2,13,59,7,2,59,1,3,0,3,2,4,2,4
46,49,block_3_3_3x3,2,12,60,6,1,60,1,3,1,0,2,4,2,4
46,49,block_3_3_3x3,2,12,61,7,1,61,1,3,1,1,2,4,2,4
46,49,block_3_3_3x3,2,12,62,6,0,62,1,3,1,2,2,4,2,4
46,49,block_3_3_3x3,2,12,63,7,0,63,1,3,1,3,2,4,2,4
47,50,block_3_4_1x1,1,0,0,0,0,0,0,0,0,0,1,8,2,4
47,50,block_3_4_1x1,1,0,1,1,0,1,0,0,0,1,1,8,2,4
47,50,block_3_4_1x1,1,0,2,0,1,2,0,0,0,2,1,8,2,4
47,50,block_3_4_1x1,1,0,3,1,1,3,0,0,0,3,1,8,2,4
47,50,block_3_4_1x1,1,1,4,0,2,4,0,0,1,0,1,8,2,4
47,50,block_3_4_1x1,1,1,5,1,2,5,0,0,1,1,1,8,2,4
47,50,block_3_4_1x1,1,1,6,0,3,6,0,0,1,2,1,8,2,4
47,50,block_3_4_1x1,1,1,7,1,3,7,0,0,1,3,1,8,2,4
47,50,block_3_4_1x1,1,2,8,0,4,8,0,1,0,0,1,8,2,4
47,50,block_3_4_1x1,1,2,9,1,4,9,0,1,0,1,1,8,2,4
47,50,block_3_4_1x1,1,2,10,0,5,10,0,1,0,2,1,8,2,4
47,50,block_3_4_1x1,1,2,11,1,5,11,0,1,0,3,1,8,2,4
47,50,block_3_4_1x1,1,3,12,0,6,12,0,1,1,0,1,8,2,4
47,50,block_3_4_1x1,1,3,13,1,6,13,0,1,1,1,1,8,2,4
47,50,block_3_4_1x1,1,3,14,0,7,14,0,1,1,2,1,8,2,4
47,50,block_3_4_1x1,1,3,15,1,7,15,0,1,1,3,1,8,2,4
47,50,block_3_4_1x1,1,7,16,2,7,16,0,2,0,0,1,8,2,4
47,50,block_3_4_1x1,1,7,17,3,7,17,0,2,0,1,1,8,2,4
47,50,block_3_4_1x1,1,7,18,2,6,18,0,2,0,2,1,8,2,4
47,50,block_3_4_1x1,1,7,19,3,6,19,0,2,0,3,1,8,2,4
47,50,block_3_4_1x1,1,6,20,2,5,20,0,2,1,0,1,8,2,4
47,50,block_3_4_1x1,1,6,21,3,5,21,0,2,1,1,1,8,2,4
47,50,block_3_4_1x1,1,6,22,2,4,22,0,2,1,2,1,8,2,4
47,50,block_3_4_1x1,1,6,23,3,4,23,0,2,1,3,1,8,2,4
47,50,block_3_4_1x1,1,5,24,2,3,24,0,3,0,0,1,8,2,4
47,50,block_3_4_1x1,1,5,25,3,3,25,0,3,0,1,1,8,2,4
47,50,block_3_4_1x1,1,5,26,2,2,26,0,3,0,2,1,8,2,4
47,50,block_3_4_1x1,1,5,27,3,2,27,0,3,0,3,1,8,2,4
47,50,block_3_4_1x1,1,4,28,2,1,28,0,3,1,0,1,8,2,4
47,50,block_3_4_1x1,1,4,29,3,1,29,0,3,1,1,1,8,2,4
47,50,block_3_4_1x1,1,4,30,2,0,30,0,3,1,2,1,8,2,4
47,50,block_3_4_1x1,1,4,31,3,0,31,0,3,1,3,1,8,2,4
47,50,block_3_4_1x1,1,8,32,4,0,32,0,4,0,0,1,8,2,4
47,50,block_3_4_1x1,1,8,33,5,0,33,0,4,0,1,1,8,2,4
47,50,block_3_4_1x1,1,8,34,4,1,34,0,4,0,2,1,8,2,4
47,50,block_3_4_1x1,1,8,35,5,1,35,0,4,0,3,1,8,2,4
47,50,block_3_4_1x1,1,9,36,4,2,36,0,4,1,0,1,8,2,4
47,50,block_3_4_1x1,1,9,37,5,2,37,0,4,1,1,1,8,2,4
47,50,block_3_4_1x1,1,9,38,4,3,38,0,4,1,2,1,8,2,4
47,50,block_3_4_1x1,1,9,39,5,3,39,0,4,1,3,1,8,2,4
47,50,block_3_4_1x1,1,10,40,4,4,40,0,5,0,0,1,8,2,4
47,50,block_3_4_1x1,1,10,41,5,4,41,0,5,0,1,1,8,2,4
47,50,block_3_4_1x1,1,10,42,4,5,42,0,5,0,2,1,8,2,4
47,50,block_3_4_1x1,1,10,43,5,5,43,0,5,0,3,1,8,2,4
47,50,block_3_4_1x1,1,11,44,4,6,44,0,5,1,0,1,8,2,4
47,50,block_3_4_1x1,1,11,45,5,6,45,0,5,1,1,1,8,2,4
47,50,block_3_4_1x1,1,11,46,4,7,46,0,5,1,2,1,8,2,4
47,50,block_3_4_1x1,1,11,47,5,7,47,0,5,1,3,1,8,2,4
47,50,block_3_4_1x1,1,15,48,6,7,48,0,6,0,0,1,8,2,4
47,50,block_3_4_1x1,1,15,49,7,7,49,0,6,0,1,1,8,2,4
47,50,block_3_4_1x1,1,15,50,6,6,50,0,6,0,2,1,8,2,4
47,50,block_3_4_1x1,1,15,51,7,6,51,0,6,0,3,1,8,2,4
47,50,block_3_4_1x1,1,14,52,6,5,52,0,6,1,0,1,8,2,4
47,50,block_3_4_1x1,1,14,53,7,5,53,0,6,1,1,1,8,2,4
47,50,block_3_4_1x1,1,14,54,6,4,54,0,6,1,2,1,8,2,4
47,50,block_3_4_1x1,1,14,55,7,4,55,0,6,1,3,1,8,2,4
47,50,block_3_4_1x1,1,13,56,6,3,56,0,7,0,0,1,8,2,4
47,50,block_3_4_1x1,1,13,57,7,3,57,0,7,0,1,1,8,2,4
47,50,block_3_4_1x1,1,13,58,6,2,58,0,7,0,2,1,8,2,4
47,50,block_3_4_1x1,1,13,59,7,2,59,0,7,0,3,1,8,2,4
47,50,block_3_4_1x1,1,12,60,6,1,60,0,7,1,0,1,8,2,4
47,50,block_3_4_1x1,1,12,61,7,1,61,0,7,1,1,1,8,2,4
47,50,block_3_4_1x1,1,12,62,6,0,62,0,7,1,2,1,8,2,4
47,50,block_3_4_1x1,1,12,63,7,0,63,0,7,1,3,1,8,2,4
48,51,block_3_4_3x3,2,0,0,0,0,0,0,0,0,0,2,4,2,4
48,51,block_3_4_3x3,2,0,1,1,0,1,0,0,0,1,2,4,2,4
48,51,block_3_4_3x3,2,0,2,0,1,2,0,0,0,2,2,4,2,4
48,51,block_3_4_3x3,2,0,3,1,1,3,0,0,0,3,2,4,2,4
48,51,block_3_4_3x3,2,1,4,0,2,4,0,0,1,0,2,4,2,4
48,51,block_3_4_3x3,2,1,5,1,2,5,0,0,1,1,2,4,2,4
48,51,block_3_4_3x3,2,1,6,0,3,6,0,0,1,2,2,4,2,4
48,51,block_3_4_3x3,2,1,7,1,3,7,0,0,1,3,2,4,2,4
48,51,block_3_4_3x3,2,2,8,0,4,32,1,0,0,0,2,4,2,4
48,51,block_3_4_3x3,2,2,9,1,4,33,1,0,0,1,2,4,2,4
48,51,block_3_4_3x3,2,2,10,0,5,34,1,0,0,2,2,4,2,4
48,51,block_3_4_3x3,2,2,11,1,5,35,1,0,0,3,2,4,2,4
48,51,block_3_4_3x3,2,3,12,0,6,36,1,0,1,0,2,4,2,4
48,51,block_3_4_3x3,2,3,13,1,6,37,1,0,1,1,2,4,2,4
48,51,block_3_4_3x3,2,3,14,0,7,38,1,0,1,2,2,4,2,4
48,51,block_3_4_3x3,2,3,15,1,7,39,1,0,1,3,2,4,2,4
48,51,block_3_4_3x3,2,7,16,2,7,8,0,1,0,0,2,4,2,4
48,51,block_3_4_3x3,2,7,17,3,7,9,0,1,0,1,2,4,2,4
48,51,block_3_4_3x3,2,7,18,2,6,10,0,1,0,2,2,4,2,4
48,51,block_3_4_3x3,2,7,19,3,6,11,0,1,0,3,2,4,2,4
48,51,block_3_4_3x3,2,6,20,2,5,12,0,1,1,0,2,4,2,4
48,51,block_3_4_3x3,2,6,21,3,5,13,0,1,1,1,2,4,2,4
48,51,block_3_4_3x3,2,6,22,2,4,14,0,1,1,2,2,4,2,4
48,51,block_3_4_3x3,2,6,23,3,4,15,0,1,1,3,2,4,2,4
48,51,block_3_4_3x3,2,5,24,2,3,40,1,1,0,0,2,4,2,4
48,51,block_3_4_3x3,2,5,25,3,3,41,1,1,0,1,2,4,2,4
48,51,block_3_4_3x3,2,5,26,2,2,42,1,1,0,2,2,4,2,4
48,51,block_3_4_3x3,2,5,27,3,2,43,1,1,0,3,2,4,2,4
48,51,block_3_4_3x3,2,4,28,2,1,44,1,1,1,0,2,4,2,4
48,51,block_3_4_3x3,2,4,29,3,1,45,1,1,1,1,2,4,2,4
48,51,block_3_4_3x3,2,4,30,2,0,46,1,1,1,2,2,4,2,4
48,51,block_3_4_3x3,2,4,31,3,0,47,1,1,1,3,2,4,2,4
48,51,block_3_4_3x3,2,8,32,4,0,16,0,2,0,0,2,4,2,4
48,51,block_3_4_3x3,2,8,33,5,0,17,0,2,0,1,2,4,2,4
48,51,block_3_4_3x3,2,8,34,4,1,18,0,2,0,2,2,4,2,4
48,51,block_3_4_3x3,2,8,35,5,1,19,0,2,0,3,2,4,2,4
48,51,block_3_4_3x3,2,9,36,4,2,20,0,2,1,0,2,4,2,4
48,51,block_3_4_3x3,2,9,37,5,2,21,0,2,1,1,2,4,2,4
48,51,block_3_4_3x3,2,9,38,4,3,22,0,2,1,2,2,4,2,4
48,51,block_3_4_3x3,2,9,39,5,3,23,0,2,1,3,2,4,2,4
48,51,block_3_4_3x3,2,10,40,4,4,48,1,2,0,0,2,4,2,4
48,51,block_3_4_3x3,2,10,41,5,4,49,1,2,0,1,2,4,2,4
48,51,block_3_4_3x3,2,10,42,4,5,50,1,2,0,2,2,4,2,4
48,51,block_3_4_3x3,2,10,43,5,5,51,1,2,0,3,2,4,2,4
48,51,block_3_4_3x3,2,11,44,4,6,52,1,2,1,0,2,4,2,4
48,51,block_3_4_3x3,2,11,45,5,6,53,1,2,1,1,2,4,2,4
48,51,block_3_4_3x3,2,11,46,4,7,54,1,2,1,2,2,4,2,4
48,51,block_3_4_3x3,2,11,47,5,7,55,1,2,1,3,2,4,2,4
48,51,block_3_4_3x3,2,15,48,6,7,24,0,3,0,0,2,4,2,4
48,51,block_3_4_3x3,2,15,49,7,7,25,0,3,0,1,2,4,2,4
48,51,block_3_4_3x3,2,15,50,6,6,26,0,3,0,2,2,4,2,4
48,51,block_3_4_3x3,2,15,51,7,6,27,0,3,0,3,2,4,2,4
48,51,block_3_4_3x3,2,14,52,6,5,28,0,3,1,0,2,4,2,4
48,51,block_3_4_3x3,2,14,53,7,5,29,0,3,1,1,2,4,2,4
48,51,block_3_4_3x3,2,14,54,6,4,30,0,3,1,2,2,4,2,4
48,51,block_3_4_3x3,2,14,55,7,4,31,0,3,1,3,2,4,2,4
48,51,block_3_4_3x3,2,13,56,6,3,56,1,3,0,0,2,4,2,4
48,51,block_3_4_3x3,2,13,57,7,3,57,1,3,0,1,2,4,2,4
48,51,block_3_4_3x3,2,13,58,6,2,58,1,3,0,2,2,4,2,4
48,51,block_3_4_3x3,2,13,59,7,2,59,1,3,0,3,2,4,2,4
48,51,block_3_4_3x3,2,12,60,6,1,60,1,3,1,0,2,4,2,4
48,51,block_3_4_3x3,2,12,61,7,1,61,1,3,1,1,2,4,2,4
48,51,block_3_4_3x3,2,12,62,6,0,62,1,3,1,2,2,4,2,4
48,51,block_3_4_3x3,2,12,63,7,0,63,1,3,1,3,2,4,2,4
49,52,block_3_5_1x1,1,0,0,0,0,0,0,0,0,0,1,8,2,4
49,52,block_3_5_1x1,1,0,1,1,0,1,0,0,0,1,1,8,2,4
49,52,block_3_5_1x1,1,0,2,0,1,2,0,0,0,2,1,8,2,4
49,52,block_3_5_1x1,1,0,3,1,1,3,0,0,0,3,1,8,2,4
49,52,block_3_5_1x1,1,1,4,0,2,4,0,0,1,0,1,8,2,4
49,52,block_3_5_1x1,1,1,5,1,2,5,0,0,1,1,1,8,2,4
49,52,block_3_5_1x1,1,1,6,0,3,6,0,0,1,2,1,8,2,4
49,52,block_3_5_1x1,1,1,7,1,3,7,0,0,1,3,1,8,2,4
49,52,block_3_5_1x1,1,2,8,0,4,8,0,1,0,0,1,8,2,4
49,52,block_3_5_1x1,1,2,9,1,4,9,0,1,0,1,1,8,2,4
49,52,block_3_5_1x1,1,2,10,0,5,10,0,1,0,2,1,8,2,4
49,52,block_3_5_1x1,1,2,11,1,5,11,0,1,0,3,1,8,2,4
49,52,block_3_5_1x1,1,3,12,0,6,12,0,1,1,0,1,8,2,4
49,52,block_3_5_1x1,1,3,13,1,6,13,0,1,1,1,1,8,2,4
49,52,block_3_5_1x1,1,3,14,0,7,14,0,1,1,2,1,8,2,4
49,52,block_3_5_1x1,1,3,15,1,7,15,0,1,1,3,1,8,2,4
49,52,block_3_5_1x1,1,7,16,2,7,16,0,2,0,0,1,8,2,4
49,52,block_3_5_1x1,1,7,17,3,7,17,0,2,0,1,1,8,2,4
49,52,block_3_5_1x1,1,7,18,2,6,18,0,2,0,2,1,8,2,4
49,52,block_3_5_1x1,1,7,19,3,6,19,0,2,0,3,1,8,2,4
49,52,block_3_5_1x1,1,6,20,2,5,20,0,2,1,0,1,8,2,4
49,52,block_3_5_1x1,1,6,21,3,5,21,0,2,1,1,1,8,2,4
49,52,block_3_5_1x1,1,6,22,2,4,22,0,2,1,2,1,8,2,4
49,52,block_3_5_1x1,1,6,23,3,4,23,0,2,1,3,1,8,2,4
49,52,block_3_5_1x1,1,5,24,2,3,24,0,3,0,0,1,8,2,4
49,52,block_3_5_1x1,1,5,25,3,3,25,0,3,0,1,1,8,2,4
49,52,block_3_5_1x1,1,5,26,2,2,26,0,3,0,2,1,8,2,4
49,52,block_3_5_1x1,1,5,27,3,2,27,0,3,0,3,1,8,2,4
49,52,block_3_5_1x1,1,4,28,2,1,28,0,3,1,0,1,8,2,4
49,52,block_3_5_1x1,1,4,29,3,1,29,0,3,1,1,1,8,2,4
49,52,block_3_5_1x1,1,4,30,2,0,30,0,3,1,2,1,8,2,4
49,52,block_3_5_1x1,1,4,31,3,0,31,0,3,1,3,1,8,2,4
49,52,block_3_5_1x1,1,8,32,4,0,32,0,4,0,0,1,8,2,4
49,52,block_3_5_1x1,1,8,33,5,0,33,0,4,0,1,1,8,2,4
49,52,block_3_5_1x1,1,8,34,4,1,34,0,4,0,2,1,8,2,4
49,52,block_3_5_1x1,1,8,35,5,1,35,0,4,0,3,1,8,2,4
49,52,block_3_5_1x1,1,9,36,4,2,36,0,4,1,0,1,8,2,4
49,52,block_3_5_1x1,1,9,37,5,2,37,0,4,1,1,1,8,2,4
49,52,block_3_5_1x1,1,9,38,4,3,38,0,4,1,2,1,8,2,4
49,52,block_3_5_1x1,1,9,39,5,3,39,0,4,1,3,1,8,2,4
49,52,block_3_5_1x1,1,10,40,4,4,40,0,5,0,0,1,8,2,4
49,52,block_3_5_1x1,1,10,41,5,4,41,0,5,0,1,1,8,2,4
49,52,block_3_5_1x1,1,10,42,4,5,42,0,5,0,2,1,8,2,4
49,52,block_3_5_1x1,1,10,43,5,5,43,0,5,0,3,1,8,2,4
49,52,block_3_5_1x1,1,11,44,4,6,44,0,5,1,0,1,8,2,4
49,52,block_3_5_1x1,1,11,45,5,6,45,0,5,1,1,1,8,2,4
49,52,block_3_5_1x1,1,11,46,4,7,46,0,5,1,2,1,8,2,4
49,52,block_3_5_1x1,1,11,47,5,7,47,0,5,1,3,1,8,2,4
49,52,block_3_5_1x1,1,15,48,6,7,48,0,6,0,0,1,8,2,4
49,52,block_3_5_1x1,1,15,49,7,7,49,0,6,0,1,1,8,2,4
49,52,block_3_5_1x1,1,15,50,6,6,50,0,6,0,2,1,8,2,4
49,52,block_3_5_1x1,1,15,51,7,6,51,0,6,0,3,1,8,2,4
49,52,block_3_5_1x1,1,14,52,6,5,52,0,6,1,0,1,8,2,4
49,52,block_3_5_1x1,1,14,53,7,5,53,0,6,1,1,1,8,2,4
49,52,block_3_5_1x1,1,14,54,6,4,54,0,6,1,2,1,8,2,4
49,52,block_3_5_1x1,1,14,55,7,4,55,0,6,1,3,1,8,2,4
49,52,block_3_5_1x1,1,13,56,6,3,56,0,7,0,0,1,8,2,4
49,52,block_3_5_1x1,1,13,57,7,3,57,0,7,0,1,1,8,2,4
49,52,block_3_5_1x1,1,13,58,6,2,58,0,7,0,2,1,8,2,4
49,52,block_3_5_1x1,1,13,59,7,2,59,0,7,0,3,1,8,2,4
49,52,block_3_5_1x1,1,12,60,6,1,60,0,7,1,0,1,8,2,4
49,52,block_3_5_1x1,1,12,61,7,1,61,0,7,1,1,1,8,2,4
49,52,block_3_5_1x1,1,12,62,6,0,62,0,7,1,2,1,8,2,4
49,52,block_3_5_1x1,1,12,63,7,0,63,0,7,1,3,1,8,2,4
50,53,block_3_5_3x3,2,0,0,0,0,0,0,0,0,0,2,4,2,4
50,53,block_3_5_3x3,2,0,1,1,0,1,0,0,0,1,2,4,2,4
50,53,block_3_5_3x3,2,0,2,0,1,2,0,0,0,2,2,4,2,4
50,53,block_3_5_3x3,2,0,3,1,1,3,0,0,0,3,2,4,2,4
50,53,block_3_5_3x3,2,1,4,0,2,4,0,0,1,0,2,4,2,4
50,53,block_3_5_3x3,2,1,5,1,2,5,0,0,1,1,2,4,2,4
50,53,block_3_5_3x3,2,1,6,0,3,6,0,0,1,2,2,4,2,4
50,53,block_3_5_3x3,2,1,7,1,3,7,0,0,1,3,2,4,2,4
50,53,block_3_5_3x3,2,2,8,0,4,32,1,0,0,0,2,4,2,4
50,53,block_3_5_3x3,2,2,9,1,4,33,1,0,0,1,2,4,2,4
50,53,block_3_5_3x3,2,2,10,0,5,34,1,0,0,2,2,4,2,4
50,53,block_3_5_3x3,2,2,11,1,5,35,1,0,0,3,2,4,2,4
50,53,block_3_5_3x3,2,3,12,0,6,36,1,0,1,0,2,4,2,4
50,53,block_3_5_3x3,2,3,13,1,6,37,1,0,1,1,2,4,2,4
50,53,block_3_5_3x3,2,3,14,0,7,38,1,0,1,2,2,4,2,4
50,53,block_3_5_3x3,2,3,15,1,7,39,1,0,1,3,2,4,2,4
50,53,block_3_5_3x3,2,7,16,2,7,8,0,1,0,0,2,4,2,4
50,53,block_3_5_3x3,2,7,17,3,7,9,0,1,0,1,2,4,2,4
50,53,block_3_5_3x3,2,7,18,2,6,10,0,1,0,2,2,4,2,4
50,53,block_3_5_3x3,2,7,19,3,6,11,0,1,0,3,2,4,2,4
50,53,block_3_5_3x3,2,6,20,2,5,12,0,1,1,0,2,4,2,4
50,53,block_3_5_3x3,2,6,21,3,5,13,0,1,1,1,2,4,2,4
50,53,block_3_5_3x3,2,6,22,2,4,14,0,1,1,2,2,4,2,4
50,53,block_3_5_3x3,2,6,23,3,4,15,0,1,1,3,2,4,2,4
50,53,block_3_5_3x3,2,5,24,2,3,40,1,1,0,0,2,4,2,4
50,53,block_3_5_3x3,2,5,25,3,3,41,1,1,0,1,2,4,2,4
50,53,block_3_5_3x3,2,5,26,2,2,42,1,1,0,2,2,4,2,4
50,53,block_3_5_3x3,2,5,27,3,2,43,1,1,0,3,2,4,2,4
50,53,block_3_5_3x3,2,4,28,2,1,44,1,1,1,0,2,4,2,4
50,53,block_3_5_3x3,2,4,29,3,1,45,1,1,1,1,2,4,2,4
50,53,block_3_5_3x3,2,4,30,2,0,46,1,1,1,2,2,4,2,4
50,53,block_3_5_3x3,2,4,31,3,0,47,1,1,1,3,2,4,2,4
50,53,block_3_5_3x3,2,8,32,4,0,16,0,2,0,0,2,4,2,4
50,53,block_3_5_3x3,2,8,33,5,0,17,0,2,0,1,2,4,2,4
50,53,block_3_5_3x3,2,8,34,4,1,18,0,2,0,2,2,4,2,4
50,53,block_3_5_3x3,2,8,35,5,1,19,0,2,0,3,2,4,2,4
50,53,block_3_5_3x3,2,9,36,4,2,20,0,2,1,0,2,4,2,4
50,53,block_3_5_3x3,2,9,37,5,2,21,0,2,1,1,2,4,2,4
50,53,block_3_5_3x3,2,9,38,4,3,22,0,2,1,2,2,4,2,4
50,53,block_3_5_3x3,2,9,39,5,3,23,0,2,1,3,2,4,2,4
50,53,block_3_5_3x3,2,10,40,4,4,48,1,2,0,0,2,4,2,4
50,53,block_3_5_3x3,2,10,41,5,4,49,1,2,0,1,2,4,2,4
50,53,block_3_5_3x3,2,10,42,4,5,50,1,2,0,2,2,4,2,4
50,53,block_3_5_3x3,2,10,43,5,5,51,1,2,0,3,2,4,2,4
50,53,block_3_5_3x3,2,11,44,4,6,52,1,2,1,0,2,4,2,4
50,53,block_3_5_3x3,2,11,45,5,6,53,1,2,1,1,2,4,2,4
50,53,block_3_5_3x3,2,11,46,4,7,54,1,2,1,2,2,4,2,4
50,53,block_3_5_3x3,2,11,47,5,7,55,1,2,1,3,2,4,2,4
50,53,block_3_5_3x3,2,15,48,6,7,24,0,3,0,0,2,4,2,4
50,53,block_3_5_3x3,2,15,49,7,7,25,0,3,0,1,2,4,2,4
50,53,block_3_5_3x3,2,15,50,6,6,26,0,3,0,2,2,4,2,4
50,53,block_3_5_3x3,2,15,51,7,6,27,0,3,0,3,2,4,2,4
50,53,block_3_5_3x3,2,14,52,6,5,28,0,3,1,0,2,4,2,4
50,53,block_3_5_3x3,2,14,53,7,5,29,0,3,1,1,2,4,2,4
50,53,block_3_5_3x3,2,14,54,6,4,30,0,3,1,2,2,4,2,4
50,53,block_3_5_3x3,2,14,55,7,4,31,0,3,1,3,2,4,2,4
50,53,block_3_5_3x3,2,13,56,6,3,56,1,3,0,0,2,4,2,4
50,53,block_3_5_3x3,2,13,57,7,3,57,1,3,0,1,2,4,2,4
50,53,block_3_5_3x3,2,13,58,6,2,58,1,3,0,2,2,4,2,4
50,53,block_3_5_3x3,2,13,59,7,2,59,1,3,0,3,2,4,2,4
50,53,block_3_5_3x3,2,12,60,6,1,60,1,3,1,0,2,4,2,4
50,53,block_3_5_3x3,2,12,61,7,1,61,1,3,1,1,2,4,2,4
50,53,block_3_5_3x3,2,12,62,6,0,62,1,3,1,2,2,4,2,4
50,53,block_3_5_3x3,2,12,63,7,0,63,1,3,1,3,2,4,2,4
51,54,block_3_6_1x1,1,0,0,0,0,0,0,0,0,0,1,8,2,4
51,54,block_3_6_1x1,1,0,1,1,0,1,0,0,0,1,1,8,2,4
51,54,block_3_6_1x1,1,0,2,0,1,2,0,0,0,2,1,8,2,4
51,54,block_3_6_1x1,1,0,3,1,1,3,0,0,0,3,1,8,2,4
51,54,block_3_6_1x1,1,1,4,0,2,4,0,0,1,0,1,8,2,4
51,54,block_3_6_1x1,1,1,5,1,2,5,0,0,1,1,1,8,2,4
51,54,block_3_6_1x1,1,1,6,0,3,6,0,0,1,2,1,8,2,4
51,54,block_3_6_1x1,1,1,7,1,3,7,0,0,1,3,1,8,2,4
51,54,block_3_6_1x1,1,2,8,0,4,8,0,1,0,0,1,8,2,4
51,54,block_3_6_1x1,1,2,9,1,4,9,0,1,0,1,1,8,2,4
51,54,block_3_6_1x1,1,2,10,0,5,10,0,1,0,2,1,8,2,4
51,54,block_3_6_1x1,1,2,11,1,5,11,0,1,0,3,1,8,2,4
51,54,block_3_6_1x1,1,3,12,0,6,12,0,1,1,0,1,8,2,4
51,54,block_3_6_1x1,1,3,13,1,6,13,0,1,1,1,1,8,2,4
51,54,block_3_6_1x1,1,3,14,0,7,14,0,1,1,2,1,8,2,4
51,54,block_3_6_1x1,1,3,15,1,7,15,0,1,1,3,1,8,2,4
51,54,block_3_6_1x1,1,7,16,2,7,16,0,2,0,0,1,8,2,4
51,54,block_3_6_1x1,1,7,17,3,7,17,0,2,0,1,1,8,2,4
51,54,block_3_6_1x1,1,7,18,2,6,18,0,2,0,2,1,8,2,4
51,54,block_3_6_1x1,1,7,19,3,6,19,0,2,0,3,1,8,2,4
51,54,block_3_6_1x1,1,6,20,2,5,20,0,2,1,0,1,8,2,4
51,54,block_3_6_1x1,1,6,21,3,5,21,0,2,1,1,1,8,2,4
51,54,block_3_6_1x1,1,6,22,2,4,22,0,2,1,2,1,8,2,4
51,54,block_3_6_1x1,1,6,23,3,4,23,0,2,1,3,1,8,2,4
51,54,block_3_6_1x1,1,5,24,2,3,24,0,3,0,0,1,8,2,4
51,54,block_3_6_1x1,1,5,25,3,3,25,0,3,0,1,1,8,2,4
51,54,block_3_6_1x1,1,5,26,2,2,26,0,3,0,2,1,8,2,4
51,54,block_3_6_1x1,1,5,27,3,2,27,0,3,0,3,1,8,2,4
51,54,block_3_6_1x1,1,4,28,2,1,28,0,3,1,0,1,8,2,4
51,54,block_3_6_1x1,1,4,29,3,1,29,0,3,1,1,1,8,2,4
51,54,block_3_6_1x1,1,4,30,2,0,30,0,3,1,2,1,8,2,4
51,54,block_3_6_1x1,1,4,31,3,0,31,0,3,1,3,1,8,2,4
51,54,block_3_6_1x1,1,8,32,4,0,32,0,4,0,0,1,8,2,4
51,54,block_3_6_1x1,1,8,33,5,0,33,0,4,0,1,1,8,2,4
51,54,block_3_6_1x1,1,8,34,4,1,34,0,4,0,2,1,8,2,4
51,54,block_3_6_1x1,1,8,35,5,1,35,0,4,0,3,1,8,2,4
51,54,block_3_6_1x1,1,9,36,4,2,36,0,4,1,0,1,8,2,4
51,54,block_3_6_1x1,1,9,37,5,2,37,0,4,1,1,1,8,2,4
51,54,block_3_6_1x1,1,9,38,4,3,38,0,4,1,2,1,8,2,4
51,54,block_3_6_1x1,1,9,39,5,3,39,0,4,1,3,1,8,2,4
51,54,block_3_6_1x1,1,10,40,4,4,40,0,5,0,0,1,8,2,4
51,54,block_3_6_1x1,1,10,41,5,4,41,0,5,0,1,1,8,2,4
51,54,block_3_6_1x1,1,10,42,4,5,42,0,5,0,2,1,8,2,4
51,54,block_3_6_1x1,1,10,43,5,5,43,0,5,0,3,1,8,2,4
51,54,block_3_6_1x1,1,11,44,4,6,44,0,5,1,0,1,8,2,4
51,54,block_3_6_1x1,1,11,45,5,6,45,0,5,1,1,1,8,2,4
51,54,block_3_6_1x1,1,11,46,4,7,46,0,5,1,2,1,8,2,4
51,54,block_3_6_1x1,1,11,47,5,7,47,0,5,1,3,1,8,2,4
51,54,block_3_6_1x1,1,15,48,6,7,48,0,6,0,0,1,8,2,4
51,54,block_3_6_1x1,1,15,49,7,7,49,0,6,0,1,1,8,2,4
51,54,block_3_6_1x1,1,15,50,6,6,50,0,6,0,2,1,8,2,4
51,54,block_3_6_1x1,1,15,51,7,6,51,0,6,0,3,1,8,2,4
51,54,block_3_6_1x1,1,14,52,6,5,52,0,6,1,0,1,8,2,4
51,54,block_3_6_1x1,1,14,53,7,5,53,0,6,1,1,1,8,2,4
51,54,block_3_6_1x1,1,14,54,6,4,54,0,6,1,2,1,8,2,4
51,54,block_3_6_1x1,1,14,55,7,4,55,0,6,1,3,1,8,2,4
51,54,block_3_6_1x1,1,13,56,6,3,56,0,7,0,0,1,8,2,4
51,54,block_3_6_1x1,1,13,57,7,3,57,0,7,0,1,1,8,2,4
51,54,block_3_6_1x1,1,13,58,6,2,58,0,7,0,2,1,8,2,4
51,54,block_3_6_1x1,1,13,59,7,2,59,0,7,0,3,1,8,2,4
51,54,block_3_6_1x1,1,12,60,6,1,60,0,7,1,0,1,8,2,4
51,54,block_3_6_1x1,1,12,61,7,1,61,0,7,1,1,1,8,2,4
51,54,block_3_6_1x1,1,12,62,6,0,62,0,7,1,2,1,8,2,4
51,54,block_3_6_1x1,1,12,63,7,0,63,0,7,1,3,1,8,2,4
52,55,block_3_6_3x3,2,0,0,0,0,0,0,0,0,0,2,4,2,4
52,55,block_3_6_3x3,2,0,1,1,0,1,0,0,0,1,2,4,2,4
52,55,block_3_6_3x3,2,0,2,0,1,2,0,0,0,2,2,4,2,4
52,55,block_3_6_3x3,2,0,3,1,1,3,0,0,0,3,2,4,2,4
52,55,block_3_6_3x3,2,1,4,0,2,4,0,0,1,0,2,4,2,4
52,55,block_3_6_3x3,2,1,5,1,2,5,0,0,1,1,2,4,2,4
52,55,block_3_6_3x3,2,1,6,0,3,6,0,0,1,2,2,4,2,4
52,55,block_3_6_3x3,2,1,7,1,3,7,0,0,1,3,2,4,2,4
52,55,block_3_6_3x3,2,2,8,0,4,32,1,0,0,0,2,4,2,4
52,55,block_3_6_3x3,2,2,9,1,4,33,1,0,0,1,2,4,2,4
52,55,block_3_6_3x3,2,2,10,0,5,34,1,0,0,2,2,4,2,4
52,55,block_3_6_3x3,2,2,11,1,5,35,1,0,0,3,2,4,2,4
52,55,block_3_6_3x3,2,3,12,0,6,36,1,0,1,0,2,4,2,4
52,55,block_3_6_3x3,2,3,13,1,6,37,1,0,1,1,2,4,2,4
52,55,block_3_6_3x3,2,3,14,0,7,38,1,0,1,2,2,4,2,4
52,55,block_3_6_3x3,2,3,15,1,7,39,1,0,1,3,2,4,2,4
52,55,block_3_6_3x3,2,7,16,2,7,8,0,1,0,0,2,4,2,4
52,55,block_3_6_3x3,2,7,17,3,7,9,0,1,0,1,2,4,2,4
52,55,block_3_6_3x3,2,7,18,2,6,10,0,1,0,2,2,4,2,4
52,55,block_3_6_3x3,2,7,19,3,6,11,0,1,0,3,2,4,2,4
52,55,block_3_6_3x3,2,6,20,2,5,12,0,1,1,0,2,4,2,4
52,55,block_3_6_3x3,2,6,21,3,5,13,0,1,1,1,2,4,2,4
52,55,block_3_6_3x3,2,6,22,2,4,14,0,1,1,2,2,4,2,4
52,55,block_3_6_3x3,2,6,23,3,4,15,0,1,1,3,2,4,2,4
52,55,block_3_6_3x3,2,5,24,2,3,40,1,1,0,0,2,4,2,4
52,55,block_3_6_3x3,2,5,25,3,3,41,1,1,0,1,2,4,2,4
52,55,block_3_6_3x3,2,5,26,2,2,42,1,1,0,2,2,4,2,4
52,55,block_3_6_3x3,2,5,27,3,2,43,1,1,0,3,2,4,2,4
52,55,block_3_6_3x3,2,4,28,2,1,44,1,1,1,0,2,4,2,4
52,55,block_3_6_3x3,2,4,29,3,1,45,1,1,1,1,2,4,2,4
52,55,block_3_6_3x3,2,4,30,2,0,46,1,1,1,2,2,4,2,4
52,55,block_3_6_3x3,2,4,31,3,0,47,1,1,1,3,2,4,2,4
52,55,block_3_6_3x3,2,8,32,4,0,16,0,2,0,0,2,4,2,4
52,55,block_3_6_3x3,2,8,33,5,0,17,0,2,0,1,2,4,2,4
52,55,block_3_6_3x3,2,8,34,4,1,18,0,2,0,2,2,4,2,4
52,55,block_3_6_3x3,2,8,35,5,1,19,0,2,0,3,2,4,2,4
52,55,block_3_6_3x3,2,9,36,4,2,20,0,2,1,0,2,4,2,4
52,55,block_3_6_3x3,2,9,37,5,2,21,0,2,1,1,2,4,2,4
52,55,block_3_6_3x3,2,9,38,4,3,22,0,2,1,2,2,4,2,4
52,55,block_3_6_3x3,2,9,39,5,3,23,0,2,1,3,2,4,2,4
52,55,block_3_6_3x3,2,10,40,4,4,48,1,2,0,0,2,4,2,4
52,55,block_3_6_3x3,2,10,41,5,4,49,1,2,0,1,2,4,2,4
52,55,block_3_6_3x3,2,10,42,4,5,50,1,2,0,2,2,4,2,4
52,55,block_3_6_3x3,2,10,43,5,5,51,1,2,0,3,2,4,2,4
52,55,block_3_6_3x3,2,11,44,4,6,52,1,2,1,0,2,4,2,4
52,55,block_3_6_3x3,2,11,45,5,6,53,1,2,1,1,2,4,2,4
52,55,block_3_6_3x3,2,11,46,4,7,54,1,2,1,2,2,4,2,4
52,55,block_3_6_3x3,2,11,47,5,7,55,1,2,1,3,2,4,2,4
52,55,block_3_6_3x3,2,15,48,6,7,24,0,3,0,0,2,4,2,4
52,55,block_3_6_3x3,2,15,49,7,7,25,0,3,0,1,2,4,2,4
52,55,block_3_6_3x3,2,15,50,6,6,26,0,3,0,2,2,4,2,4
52,55,block_3_6_3x3,2,15,51,7,6,27,0,3,0,3,2,4,2,4
52,55,block_3_6_3x3,2,14,52,6,5,28,0,3,1,0,2,4,2,4
52,55,block_3_6_3x3,2,14,53,7,5,29,0,3,1,1,2,4,2,4
52,55,block_3_6_3x3,2,14,54,6,4,30,0,3,1,2,2,4,2,4
52,55,block_3_6_3x3,2,14,55,7,4,31,0,3,1,3,2,4,2,4
52,55,block_3_6_3x3,2,13,56,6,3,56,1,3,0,0,2,4,2,4
52,55,block_3_6_3x3,2,13,57,7,3,57,1,3,0,1,2,4,2,4
52,55,block_3_6_3x3,2,13,58,6,2,58,1,3,0,2,2,4,2,4
52,55,block_3_6_3x3,2,13,59,7,2,59,1,3,0,3,2,4,2,4
52,55,block_3_6_3x3,2,12,60,6,1,60,1,3,1,0,2,4,2,4
52,55,block_3_6_3x3,2,12,61,7,1,61,1,3,1,1,2,4,2,4
52,55,block_3_6_3x3,2,12,62,6,0,62,1,3,1,2,2,4,2,4
52,55,block_3_6_3x3,2,12,63,7,0,63,1,3,1,3,2,4,2,4
53,56,block_3_7_1x1,1,0,0,0,0,0,0,0,0,0,1,8,2,4
53,56,block_3_7_1x1,1,0,1,1,0,1,0,0,0,1,1,8,2,4
53,56,block_3_7_1x1,1,0,2,0,1,2,0,0,0,2,1,8,2,4
53,56,block_3_7_1x1,1,0,3,1,1,3,0,0,0,3,1,8,2,4
53,56,block_3_7_1x1,1,1,4,0,2,4,0,0,1,0,1,8,2,4
53,56,block_3_7_1x1,1,1,5,1,2,5,0,0,1,1,1,8,2,4
53,56,block_3_7_1x1,1,1,6,0,3,6,0,0,1,2,1,8,2,4
53,56,block_3_7_1x1,1,1,7,1,3,7,0,0,1,3,1,8,2,4
53,56,block_3_7_1x1,1,2,8,0,4,8,0,1,0,0,1,8,2,4
53,56,block_3_7_1x1,1,2,9,1,4,9,0,1,0,1,1,8,2,4
53,56,block_3_7_1x1,1,2,10,0,5,10,0,1,0,2,1,8,2,4
53,56,block_3_7_1x1,1,2,11,1,5,11,0,1,0,3,1,8,2,4
53,56,block_3_7_1x1,1,3,12,0,6,12,0,1,1,0,1,8,2,4
53,56,block_3_7_1x1,1,3,13,1,6,13,0,1,1,1,1,8,2,4
53,56,block_3_7_1x1,1,3,14,0,7,14,0,1,1,2,1,8,2,4
53,56,block_3_7_1x1,1,3,15,1,7,15,0,1,1,3,1,8,2,4
53,56,block_3_7_1x1,1,7,16,2,7,16,0,2,0,0,1,8,2,4
53,56,block_3_7_1x1,1,7,17,3,7,17,0,2,0,1,1,8,2,4
53,56,block_3_7_1x1,1,7,18,2,6,18,0,2,0,2,1,8,2,4
53,56,block_3_7_1x1,1,7,19,3,6,19,0,2,0,3,1,8,2,4
53,56,block_3_7_1x1,1,6,20,2,5,20,0,2,1,0,1,8,2,4
53,56,block_3_7_1x1,1,6,21,3,5,21,0,2,1,1,1,8,2,4
53,56,block_3_7_1x1,1,6,22,2,4,22,0,2,1,2,1,8,2,4
53,56,block_3_7_1x1,1,6,23,3,4,23,0,2,1,3,1,8,2,4
53,56,block_3_7_1x1,1,5,24,2,3,24,0,3,0,0,1,8,2,4
53,56,block_3_7_1x1,1,5,25,3,3,25,0,3,0,1,1,8,2,4
53,56,block_3_7_1x1,1,5,26,2,2,26,0,3,0,2,1,8,2,4
53,56,block_3_7_1x1,1,5,27,3,2,27,0,3,0,3,1,8,2,4
53,56,block_3_7_1x1,1,4,28,2,1,28,0,3,1,0,1,8,2,4
53,56,block_3_7_1x1,1,4,29,3,1,29,0,3,1,1,1,8,2,4
53,56,block_3_7_1x1,1,4,30,2,0,30,0,3,1,2,1,8,2,4
53,56,block_3_7_1x1,1,4,31,3,0,31,0,3,1,3,1,8,2,4
53,56,block_3_7_1x1,1,8,32,4,0,32,0,4,0,0,1,8,2,4
53,56,block_3_7_1x1,1,8,33,5,0,33,0,4,0,1,1,8,2,4
53,56,block_3_7_1x1,1,8,34,4,1,34,0,4,0,2,1,8,2,4
53,56,block_3_7_1x1,1,8,35,5,1,35,0,4,0,3,1,8,2,4
53,56,block_3_7_1x1,1,9,36,4,2,36,0,4,1,0,1,8,2,4
53,56,block_3_7_1x1,1,9,37,5,2,37,0,4,1,1,1,8,2,4
53,56,block_3_7_1x1,1,9,38,4,3,38,0,4,1,2,1,8,2,4
53,56,block_3_7_1x1,1,9,39,5,3,39,0,4,1,3,1,8,2,4
53,56,block_3_7_1x1,1,10,40,4,4,40,0,5,0,0,1,8,2,4
53,56,block_3_7_1x1,1,10,41,5,4,41,0,5,0,1,1,8,2,4
53,56,block_3_7_1x1,1,10,42,4,5,42,0,5,0,2,1,8,2,4
53,56,block_3_7_1x1,1,10,43,5,5,43,0,5,0,3,1,8,2,4
53,56,block_3_7_1x1,1,11,44,4,6,44,0,5,1,0,1,8,2,4
53,56,block_3_7_1x1,1,11,45,5,6,45,0,5,1,1,1,8,2,4
53,56,block_3_7_1x1,1,11,46,4,7,46,0,5,1,2,1,8,2,4
53,56,block_3_7_1x1,1,11,47,5,7,47,0,5,1,3,1,8,2,4
53,56,block_3_7_1x1,1,15,48,6,7,48,0,6,0,0,1,8,2,4
53,56,block_3_7_1x1,1,15,49,7,7,49,0,6,0,1,1,8,2,4
53,56,block_3_7_1x1,1,15,50,6,6,50,0,6,0,2,1,8,2,4
53,56,block_3_7_1x1,1,15,51,7,6,51,0,6,0,3,1,8,2,4
53,56,block_3_7_1x1,1,14,52,6,5,52,0,6,1,0,1,8,2,4
53,56,block_3_7_1x1,1,14,53,7,5,53,0,6,1,1,1,8,2,4
53,56,block_3_7_1x1,1,14,54,6,4,54,0,6,1,2,1,8,2,4
53,56,block_3_7_1x1,1,14,55,7,4,55,0,6,1,3,1,8,2,4
53,56,block_3_7_1x1,1,13,56,6,3,56,0,7,0,0,1,8,2,4
53,56,block_3_7_1x1,1,13,57,7,3,57,0,7,0,1,1,8,2,4
53,56,block_3_7_1x1,1,13,58,6,2,58,0,7,0,2,1,8,2,4
53,56,block_3_7_1x1,1,13,59,7,2,59,0,7,0,3,1,8,2,4
53,56,block_3_7_1x1,1,12,60,6,1,60,0,7,1,0,1,8,2,4
53,56,block_3_7_1x1,1,12,61,7,1,61,0,7,1,1,1,8,2,4
53,56,block_3_7_1x1,1,12,62,6,0,62,0,7,1,2,1,8,2,4
53,56,block_3_7_1x1,1,12,63,7,0,63,0,7,1,3,1,8,2,4
54,57,block_3_7_3x3,2,0,0,0,0,0,0,0,0,0,2,4,2,4
54,57,block_3_7_3x3,2,0,1,1,0,1,0,0,0,1,2,4,2,4
54,57,block_3_7_3x3,2,0,2,0,1,2,0,0,0,2,2,4,2,4
54,57,block_3_7_3x3,2,0,3,1,1,3,0,0,0,3,2,4,2,4
54,57,block_3_7_3x3,2,1,4,0,2,4,0,0,1,0,2,4,2,4
54,57,block_3_7_3x3,2,1,5,1,2,5,0,0,1,1,2,4,2,4
54,57,block_3_7_3x3,2,1,6,0,3,6,0,0,1,2,2,4,2,4
54,57,block_3_7_3x3,2,1,7,1,3,7,0,0,1,3,2,4,2,4
54,57,block_3_7_3x3,2,2,8,0,4,32,1,0,0,0,2,4,2,4
54,57,block_3_7_3x3,2,2,9,1,4,33,1,0,0,1,2,4,2,4
54,57,block_3_7_3x3,2,2,10,0,5,34,1,0,0,2,2,4,2,4
54,57,block_3_7_3x3,2,2,11,1,5,35,1,0,0,3,2,4,2,4
54,57,block_3_7_3x3,2,3,12,0,6,36,1,0,1,0,2,4,2,4
54,57,block_3_7_3x3,2,3,13,1,6,37,1,0,1,1,2,4,2,4
54,57,block_3_7_3x3,2,3,14,0,7,38,1,0,1,2,2,4,2,4
54,57,block_3_7_3x3,2,3,15,1,7,39,1,0,1,3,2,4,2,4
54,57,block_3_7_3x3,2,7,16,2,7,8,0,1,0,0,2,4,2,4
54,57,block_3_7_3x3,2,7,17,3,7,9,0,1,0,1,2,4,2,4
54,57,block_3_7_3x3,2,7,18,2,6,10,0,1,0,2,2,4,2,4
54,57,block_3_7_3x3,2,7,19,3,6,11,0,1,0,3,2,4,2,4
54,57,block_3_7_3x3,2,6,20,2,5,12,0,1,1,0,2,4,2,4
54,57,block_3_7_3x3,2,6,21,3,5,13,0,1,1,1,2,4,2,4
54,57,block_3_7_3x3,2,6,22,2,4,14,0,1,1,2,2,4,2,4
54,57,block_3_7_3x3,2,6,23,3,4,15,0,1,1,3,2,4,2,4
54,57,block_3_7_3x3,2,5,24,2,3,40,1,1,0,0,2,4,2,4
54,57,block_3_7_3x3,2,5,25,3,3,41,1,1,0,1,2,4,2,4
54,57,block_3_7_3x3,2,5,26,2,2,42,1,1,0,2,2,4,2,4
54,57,block_3_7_3x3,2,5,27,3,2,43,1,1,0,3,2,4,2,4
54,57,block_3_7_3x3,2,4,28,2,1,44,1,1,1,0,2,4,2,4
54,57,block_3_7_3x3,2,4,29,3,1,45,1,1,1,1,2,4,2,4
54,57,block_3_7_3x3,2,4,30,2,0,46,1,1,1,2,2,4,2,4
54,57,block_3_7_3x3,2,4,31,3,0,47,1,1,1,3,2,4,2,4
54,57,block_3_7_3x3,2,8,32,4,0,16,0,2,0,0,2,4,2,4
54,57,block_3_7_3x3,2,8,33,5,0,17,0,2,0,1,2,4,2,4
54,57,block_3_7_3x3,2,8,34,4,1,18,0,2,0,2,2,4,2,4
54,57,block_3_7_3x3,2,8,35,5,1,19,0,2,0,3,2,4,2,4
54,57,block_3_7_3x3,2,9,36,4,2,20,0,2,1,0,2,4,2,4
54,57,block_3_7_3x3,2,9,37,5,2,21,0,2,1,1,2,4,2,4
54,57,block_3_7_3x3,2,9,38,4,3,22,0,2,1,2,2,4,2,4
54,57,block_3_7_3x3,2,9,39,5,3,23,0,2,1,3,2,4,2,4
54,57,block_3_7_3x3,2,10,40,4,4,48,1,2,0,0,2,4,2,4
54,57,block_3_7_3x3,2,10,41,5,4,49,1,2,0,1,2,4,2,4
54,57,block_3_7_3x3,2,10,42,4,5,50,1,2,0,2,2,4,2,4
54,57,block_3_7_3x3,2,10,43,5,5,51,1,2,0,3,2,4,2,4
54,57,block_3_7_3x3,2,11,44,4,6,52,1,2,1,0,2,4,2,4
54,57,block_3_7_3x3,2,11,45,5,6,53,1,2,1,1,2,4,2,4
54,57,block_3_7_3x3,2,11,46,4,7,54,1,2,1,2,2,4,2,4
54,57,block_3_7_3x3,2,11,47,5,7,55,1,2,1,3,2,4,2,4
54,57,block_3_7_3x3,2,15,48,6,7,24,0,3,0,0,2,4,2,4
54,57,block_3_7_3x3,2,15,49,7,7,25,0,3,0,1,2,4,2,4
54,57,block_3_7_3x3,2,15,50,6,6,26,0,3,0,2,2,4,2,4
54,57,block_3_7_3x3,2,15,51,7,6,27,0,3,0,3,2,4,2,4
54,57,block_3_7_3x3,2,14,52,6,5,28,0,3,1,0,2,4,2,4
54,57,block_3_7_3x3,2,14,53,7,5,29,0,3,1,1,2,4,2,4
54,57,block_3_7_3x3,2,14,54,6,4,30,0,3,1,2,2,4,2,4
54,57,block_3_7_3x3,2,14,55,7,4,31,0,3,1,3,2,4,2,4
54,57,block_3_7_3x3,2,13,56,6,3,56,1,3,0,0,2,4,2,4
54,57,block_3_7_3x3,2,13,57,7,3,57,1,3,0,1,2,4,2,4
54,57,block_3_7_3x3,2,13,58,6,2,58,1,3,0,2,2,4,2,4
54,57,block_3_7_3x3,2,13,59,7,2,59,1,3,0,3,2,4,2,4
54,57,block_3_7_3x3,2,12,60,6,1,60,1,3,1,0,2,4,2,4
54,57,block_3_7_3x3,2,12,61,7,1,61,1,3,1,1,2,4,2,4
54,57,block_3_7_3x3,2,12,62,6,0,62,1,3,1,2,2,4,2,4
54,57,block_3_7_3x3,2,12,63,7,0,63,1,3,1,3,2,4,2,4
55,58,block_3_8_1x1,1,0,0,0,0,0,0,0,0,0,1,8,2,4
55,58,block_3_8_1x1,1,0,1,1,0,1,0,0,0,1,1,8,2,4
55,58,block_3_8_1x1,1,0,2,0,1,2,0,0,0,2,1,8,2,4
55,58,block_3_8_1x1,1,0,3,1,1,3,0,0,0,3,1,8,2,4
55,58,block_3_8_1x1,1,1,4,0,2,4,0,0,1,0,1,8,2,4
55,58,block_3_8_1x1,1,1,5,1,2,5,0,0,1,1,1,8,2,4
55,58,block_3_8_1x1,1,1,6,0,3,6,0,0,1,2,1,8,2,4
55,58,block_3_8_1x1,1,1,7,1,3,7,0,0,1,3,1,8,2,4
55,58,block_3_8_1x1,1,2,8,0,4,8,0,1,0,0,1,8,2,4
55,58,block_3_8_1x1,1,2,9,1,4,9,0,1,0,1,1,8,2,4
55,58,block_3_8_1x1,1,2,10,0,5,10,0,1,0,2,1,8,2,4
55,58,block_3_8_1x1,1,2,11,1,5,11,0,1,0,3,1,8,2,4
55,58,block_3_8_1x1,1,3,12,0,6,12,0,1,1,0,1,8,2,4
55,58,block_3_8_1x1,1,3,13,1,6,13,0,1,1,1,1,8,2,4
55,58,block_3_8_1x1,1,3,14,0,7,14,0,1,1,2,1,8,2,4
55,58,block_3_8_1x1,1,3,15,1,7,15,0,1,1,3,1,8,2,4
55,58,block_3_8_1x1,1,7,16,2,7,16,0,2,0,0,1,8,2,4
55,58,block_3_8_1x1,1,7,17,3,7,17,0,2,0,1,1,8,2,4
55,58,block_3_8_1x1,1,7,18,2,6,18,0,2,0,2,1,8,2,4
55,58,block_3_8_1x1,1,7,19,3,6,19,0,2,0,3,1,8,2,4
55,58,block_3_8_1x1,1,6,20,2,5,20,0,2,1,0,1,8,2,4
55,58,block_3_8_1x1,1,6,21,3,5,21,0,2,1,1,1,8,2,4
55,58,block_3_8_1x1,1,6,22,2,4,22,0,2,1,2,1,8,2,4
55,58,block_3_8_1x1,1,6,23,3,4,23,0,2,1,3,1,8,2,4
55,58,block_3_8_1x1,1,5,24,2,3,24,0,3,0,0,1,8,2,4
55,58,block_3_8_1x1,1,5,25,3,3,25,0,3,0,1,1,8,2,4
55,58,block_3_8_1x1,1,5,26,2,2,26,0,3,0,2,1,8,2,4
55,58,block_3_8_1x1,1,5,27,3,2,27,0,3,0,3,1,8,2,4
55,58,block_3_8_1x1,1,4,28,2,1,28,0,3,1,0,1,8,2,4
55,58,block_3_8_1x1,1,4,29,3,1,29,0,3,1,1,1,8,2,4
55,58,block_3_8_1x1,1,4,30,2,0,30,0,3,1,2,1,8,2,4
55,58,block_3_8_1x1,1,4,31,3,0,31,0,3,1,3,1,8,2,4
55,58,block_3_8_1x1,1,8,32,4,0,32,0,4,0,0,1,8,2,4
55,58,block_3_8_1x1,1,8,33,5,0,33,0,4,0,1,1,8,2,4
55,58,block_3_8_1x1,1,8,34,4,1,34,0,4,0,2,1,8,2,4
55,58,block_3_8_1x1,1,8,35,5,1,35,0,4,0,3,1,8,2,4
55,58,block_3_8_1x1,1,9,36,4,2,36,0,4,1,0,1,8,2,4
55,58,block_3_8_1x1,1,9,37,5,2,37,0,4,1,1,1,8,2,4
55,58,block_3_8_1x1,1,9,38,4,3,38,0,4,1,2,1,8,2,4
55,58,block_3_8_1x1,1,9,39,5,3,39,0,4,1,3,1,8,2,4
55,58,block_3_8_1x1,1,10,40,4,4,40,0,5,0,0,1,8,2,4
55,58,block_3_8_1x1,1,10,41,5,4,41,0,5,0,1,1,8,2,4
55,58,block_3_8_1x1,1,10,42,4,5,42,0,5,0,2,1,8,2,4
55,58,block_3_8_1x1,1,10,43,5,5,43,0,5,0,3,1,8,2,4
55,58,block_3_8_1x1,1,11,44,4,6,44,0,5,1,0,1,8,2,4
55,58,block_3_8_1x1,1,11,45,5,6,45,0,5,1,1,1,8,2,4
55,58,block_3_8_1x1,1,11,46,4,7,46,0,5,1,2,1,8,2,4
55,58,block_3_8_1x1,1,11,47,5,7,47,0,5,1,3,1,8,2,4
55,58,block_3_8_1x1,1,15,48,6,7,48,0,6,0,0,1,8,2,4
55,58,block_3_8_1x1,1,15,49,7,7,49,0,6,0,1,1,8,2,4
55,58,block_3_8_1x1,1,15,50,6,6,50,0,6,0,2,1,8,2,4
55,58,block_3_8_1x1,1,15,51,7,6,51,0,6,0,3,1,8,2,4
55,58,block_3_8_1x1,1,14,52,6,5,52,0,6,1,0,1,8,2,4
55,58,block_3_8_1x1,1,14,53,7,5,53,0,6,1,1,1,8,2,4
55,58,block_3_8_1x1,1,14,54,6,4,54,0,6,1,2,1,8,2,4
55,58,block_3_8_1x1,1,14,55,7,4,55,0,6,1,3,1,8,2,4
55,58,block_3_8_1x1,1,13,56,6,3,56,0,7,0,0,1,8,2,4
55,58,block_3_8_1x1,1,13,57,7,3,57,0,7,0,1,1,8,2,4
55,58,block_3_8_1x1,1,13,58,6,2,58,0,7,0,2,1,8,2,4
55,58,block_3_8_1x1,1,13,59,7,2,59,0,7,0,3,1,8,2,4
55,58,block_3_8_1x1,1,12,60,6,1,60,0,7,1,0,1,8,2,4
55,58,block_3_8_1x1,1,12,61,7,1,61,0,7,1,1,1,8,2,4
55,58,block_3_8_1x1,1,12,62,6,0,62,0,7,1,2,1,8,2,4
55,58,block_3_8_1x1,1,12,63,7,0,63,0,7,1,3,1,8,2,4
56,59,block_3_8_3x3,2,0,0,0,0,0,0,0,0,0,2,4,2,4
56,59,block_3_8_3x3,2,0,1,1,0,1,0,0,0,1,2,4,2,4
56,59,block_3_8_3x3,2,0,2,0,1,2,0,0,0,2,2,4,2,4
56,59,block_3_8_3x3,2,0,3,1,1,3,0,0,0,3,2,4,2,4
56,59,block_3_8_3x3,2,1,4,0,2,4,0,0,1,0,2,4,2,4
56,59,block_3_8_3x3,2,1,5,1,2,5,0,0,1,1,2,4,2,4
56,59,block_3_8_3x3,2,1,6,0,3,6,0,0,1,2,2,4,2,4
56,59,block_3_8_3x3,2,1,7,1,3,7,0,0,1,3,2,4,2,4
56,59,block_3_8_3x3,2,2,8,0,4,32,1,0,0,0,2,4,2,4
56,59,block_3_8_3x3,2,2,9,1,4,33,1,0,0,1,2,4,2,4
56,59,block_3_8_3x3,2,2,10,0,5,34,1,0,0,2,2,4,2,4
56,59,block_3_8_3x3,2,2,11,1,5,35,1,0,0,3,2,4,2,4
56,59,block_3_8_3x3,2,3,12,0,6,36,1,0,1,0,2,4,2,4
56,59,block_3_8_3x3,2,3,13,1,6,37,1,0,1,1,2,4,2,4
56,59,block_3_8_3x3,2,3,14,0,7,38,1,0,1,2,2,4,2,4
56,59,block_3_8_3x3,2,3,15,1,7,39,1,0,1,3,2,4,2,4
56,59,block_3_8_3x3,2,7,16,2,7,8,0,1,0,0,2,4,2,4
56,59,block_3_8_3x3,2,7,17,3,7,9,0,1,0,1,2,4,2,4
56,59,block_3_8_3x3,2,7,18,2,6,10,0,1,0,2,2,4,2,4
56,59,block_3_8_3x3,2,7,19,3,6,11,0,1,0,3,2,4,2,4
56,59,block_3_8_3x3,2,6,20,2,5,12,0,1,1,0,2,4,2,4
56,59,block_3_8_3x3,2,6,21,3,5,13,0,1,1,1,2,4,2,4
56,59,block_3_8_3x3,2,6,22,2,4,14,0,1,1,2,2,4,2,4
56,59,block_3_8_3x3,2,6,23,3,4,15,0,1,1,3,2,4,2,4
56,59,block_3_8_3x3,2,5,24,2,3,40,1,1,0,0,2,4,2,4
56,59,block_3_8_3x3,2,5,25,3,3,41,1,1,0,1,2,4,2,4
56,59,block_3_8_3x3,2,5,26,2,2,42,1,1,0,2,2,4,2,4
56,59,block_3_8_3x3,2,5,27,3,2,43,1,1,0,3,2,4,2,4
56,59,block_3_8_3x3,2,4,28,2,1,44,1,1,1,0,2,4,2,4
56,59,block_3_8_3x3,2,4,29,3,1,45,1,1,1,1,2,4,2,4
56,59,block_3_8_3x3,2,4,30,2,0,46,1,1,1,2,2,4,2,4
56,59,block_3_8_3x3,2,4,31,3,0,47,1,1,1,3,2,4,2,4
56,59,block_3_8_3x3,2,8,32,4,0,16,0,2,0,0,2,4,2,4
56,59,block_3_8_3x3,2,8,33,5,0,17,0,2,0,1,2,4,2,4
56,59,block_3_8_3x3,2,8,34,4,1,18,0,2,0,2,2,4,2,4
56,59,block_3_8_3x3,2,8,35,5,1,19,0,2,0,3,2,4,2,4
56,59,block_3_8_3x3,2,9,36,4,2,20,0,2,1,0,2,4,2,4
56,59,block_3_8_3x3,2,9,37,5,2,21,0,2,1,1,2,4,2,4
56,59,block_3_8_3x3,2,9,38,4,3,22,0,2,1,2,2,4,2,4
56,59,block_3_8_3x3,2,9,39,5,3,23,0,2,1,3,2,4,2,4
56,59,block_3_8_3x3,2,10,40,4,4,48,1,2,0,0,2,4,2,4
56,59,block_3_8_3x3,2,10,41,5,4,49,1,2,0,1,2,4,2,4
56,59,block_3_8_3x3,2,10,42,4,5,50,1,2,0,2,2,4,2,4
56,59,block_3_8_3x3,2,10,43,5,5,51,1,2,0,3,2,4,2,4
56,59,block_3_8_3x3,2,11,44,4,6,52,1,2,1,0,2,4,2,4
56,59,block_3_8_3x3,2,11,45,5,6,53,1,2,1,1,2,4,2,4
56,59,block_3_8_3x3,2,11,46,4,7,54,1,2,1,2,2,4,2,4
56,59,block_3_8_3x3,2,11,47,5,7,55,1,2,1,3,2,4,2,4
56,59,block_3_8_3x3,2,15,48,6,7,24,0,3,0,0,2,4,2,4
56,59,block_3_8_3x3,2,15,49,7,7,25,0,3,0,1,2,4,2,4
56,59,block_3_8_3x3,2,15,50,6,6,26,0,3,0,2,2,4,2,4
56,59,block_3_8_3x3,2,15,51,7,6,27,0,3,0,3,2,4,2,4
56,59,block_3_8_3x3,2,14,52,6,5,28,0,3,1,0,2,4,2,4
56,59,block_3_8_3x3,2,14,53,7,5,29,0,3,1,1,2,4,2,4
56,59,block_3_8_3x3,2,14,54,6,4,30,0,3,1,2,2,4,2,4
56,59,block_3_8_3x3,2,14,55,7,4,31,0,3,1,3,2,4,2,4
56,59,block_3_8_3x3,2,13,56,6,3,56,1,3,0,0,2,4,2,4
56,59,block_3_8_3x3,2,13,57,7,3,57,1,3,0,1,2,4,2,4
56,59,block_3_8_3x3,2,13,58,6,2,58,1,3,0,2,2,4,2,4
56,59,block_3_8_3x3,2,13,59,7,2,59,1,3,0,3,2,4,2,4
56,59,block_3_8_3x3,2,12,60,6,1,60,1,3,1,0,2,4,2,4
56,59,block_3_8_3x3,2,12,61,7,1,61,1,3,1,1,2,4,2,4
56,59,block_3_8_3x3,2,12,62,6,0,62,1,3,1,2,2,4,2,4
56,59,block_3_8_3x3,2,12,63,7,0,63,1,3,1,3,2,4,2,4
57,60,block_3_9_1x1,1,0,0,0,0,0,0,0,0,0,1,8,2,4
57,60,block_3_9_1x1,1,0,1,1,0,1,0,0,0,1,1,8,2,4
57,60,block_3_9_1x1,1,0,2,0,1,2,0,0,0,2,1,8,2,4
57,60,block_3_9_1x1,1,0,3,1,1,3,0,0,0,3,1,8,2,4
57,60,block_3_9_1x1,1,1,4,0,2,4,0,0,1,0,1,8,2,4
57,60,block_3_9_1x1,1,1,5,1,2,5,0,0,1,1,1,8,2,4
57,60,block_3_9_1x1,1,1,6,0,3,6,0,0,1,2,1,8,2,4
57,60,block_3_9_1x1,1,1,7,1,3,7,0,0,1,3,1,8,2,4
57,60,block_3_9_1x1,1,2,8,0,4,8,0,1,0,0,1,8,2,4
57,60,block_3_9_1x1,1,2,9,1,4,9,0,1,0,1,1,8,2,4
57,60,block_3_9_1x1,1,2,10,0,5,10,0,1,0,2,1,8,2,4
57,60,block_3_9_1x1,1,2,11,1,5,11,0,1,0,3,1,8,2,4
57,60,block_3_9_1x1,1,3,12,0,6,12,0,1,1,0,1,8,2,4
57,60,block_3_9_1x1,1,3,13,1,6,13,0,1,1,1,1,8,2,4
57,60,block_3_9_1x1,1,3,14,0,7,14,0,1,1,2,1,8,2,4
57,60,block_3_9_1x1,1,3,15,1,7,15,0,1,1,3,1,8,2,4
57,60,block_3_9_1x1,1,7,16,2,7,16,0,2,0,0,1,8,2,4
57,60,block_3_9_1x1,1,7,17,3,7,17,0,2,0,1,1,8,2,4
57,60,block_3_9_1x1,1,7,18,2,6,18,0,2,0,2,1,8,2,4
57,60,block_3_9_1x1,1,7,19,3,6,19,0,2,0,3,1,8,2,4
57,60,block_3_9_1x1,1,6,20,2,5,20,0,2,1,0,1,8,2,4
57,60,block_3_9_1x1,1,6,21,3,5,21,0,2,1,1,1,8,2,4
57,60,block_3_9_1x1,1,6,22,2,4,22,0,2,1,2,1,8,2,4
57,60,block_3_9_1x1,1,6,23,3,4,23,0,2,1,3,1,8,2,4
57,60,block_3_9_1x1,1,5,24,2,3,24,0,3,0,0,1,8,2,4
57,60,block_3_9_1x1,1,5,25,3,3,25,0,3,0,1,1,8,2,4
57,60,block_3_9_1x1,1,5,26,2,2,26,0,3,0,2,1,8,2,4
57,60,block_3_9_1x1,1,5,27,3,2,27,0,3,0,3,1,8,2,4
57,60,block_3_9_1x1,1,4,28,2,1,28,0,3,1,0,1,8,2,4
57,60,block_3_9_1x1,1,4,29,3,1,29,0,3,1,1,1,8,2,4
57,60,block_3_9_1x1,1,4,30,2,0,30,0,3,1,2,1,8,2,4
57,60,block_3_9_1x1,1,4,31,3,0,31,0,3,1,3,1,8,2,4
57,60,block_3_9_1x1,1,8,32,4,0,32,0,4,0,0,1,8,2,4
57,60,block_3_9_1x1,1,8,33,5,0,33,0,4,0,1,1,8,2,4
57,60,block_3_9_1x1,1,8,34,4,1,34,0,4,0,2,1,8,2,4
57,60,block_3_9_1x1,1,8,35,5,1,35,0,4,0,3,1,8,2,4
57,60,block_3_9_1x1,1,9,36,4,2,36,0,4,1,0,1,8,2,4
57,60,block_3_9_1x1,1,9,37,5,2,37,0,4,1,1,1,8,2,4
57,60,block_3_9_1x1,1,9,38,4,3,38,0,4,1,2,1,8,2,4
57,60,block_3_9_1x1,1,9,39,5,3,39,0,4,1,3,1,8,2,4
57,60,block_3_9_1x1,1,10,40,4,4,40,0,5,0,0,1,8,2,4
57,60,block_3_9_1x1,1,10,41,5,4,41,0,5,0,1,1,8,2,4
57,60,block_3_9_1x1,1,10,42,4,5,42,0,5,0,2,1,8,2,4
57,60,block_3_9_1x1,1,10,43,5,5,43,0,5,0,3,1,8,2,4
57,60,block_3_9_1x1,1,11,44,4,6,44,0,5,1,0,1,8,2,4
57,60,block_3_9_1x1,1,11,45,5,6,45,0,5,1,1,1,8,2,4
57,60,block_3_9_1x1,1,11,46,4,7,46,0,5,1,2,1,8,2,4
57,60,block_3_9_1x1,1,11,47,5,7,47,0,5,1,3,1,8,2,4
57,60,block_3_9_1x1,1,15,48,6,7,48,0,6,0,0,1,8,2,4
57,60,block_3_9_1x1,1,15,49,7,7,49,0,6,0,1,1,8,2,4
57,60,block_3_9_1x1,1,15,50,6,6,50,0,6,0,2,1,8,2,4
57,60,block_3_9_1x1,1,15,51,7,6,51,0,6,0,3,1,8,2,4
57,60,block_3_9_1x1,1,14,52,6,5,52,0,6,1,0,1,8,2,4
57,60,block_3_9_1x1,1,14,53,7,5,53,0,6,1,1,1,8,2,4
57,60,block_3_9_1x1,1,14,54,6,4,54,0,6,1,2,1,8,2,4
57,60,block_3_9_1x1,1,14,55,7,4,55,0,6,1,3,1,8,2,4
57,60,block_3_9_1x1,1,13,56,6,3,56,0,7,0,0,1,8,2,4
57,60,block_3_9_1x1,1,13,57,7,3,57,0,7,0,1,1,8,2,4
57,60,block_3_9_1x1,1,13,58,6,2,58,0,7,0,2,1,8,2,4
57,60,block_3_9_1x1,1,13,59,7,2,59,0,7,0,3,1,8,2,4
57,60,block_3_9_1x1,1,12,60,6,1,60,0,7,1,0,1,8,2,4
57,60,block_3_9_1x1,1,12,61,7,1,61,0,7,1,1,1,8,2,4
57,60,block_3_9_1x1,1,12,62,6,0,62,0,7,1,2,1,8,2,4
57,60,block_3_9_1x1,1,12,63,7,0,63,0,7,1,3,1,8,2,4
58,61,block_3_9_3x3,16,0,0,0,0,0,0,0,0,0,4,4,2,2
58,61,block_3_9_3x3,16,0,1,1,0,1,0,0,0,1,4,4,2,2
58,61,block_3_9_3x3,16,0,2,0,1,2,0,0,1,0,4,4,2,2
58,61,block_3_9_3x3,16,0,3,1,1,3,0,0,1,1,4,4,2,2
58,61,block_3_9_3x3,16,1,4,0,2,16,1,0,0,0,4,4,2,2
58,61,block_3_9_3x3,16,1,5,1,2,17,1,0,0,1,4,4,2,2
58,61,block_3_9_3x3,16,1,6,0,3,18,1,0,1,0,4,4,2,2
58,61,block_3_9_3x3,16,1,7,1,3,19,1,0,1,1,4,4,2,2
58,61,block_3_9_3x3,16,2,8,0,4,32,2,0,0,0,4,4,2,2
58,61,block_3_9_3x3,16,2,9,1,4,33,2,0,0,1,4,4,2,2
58,61,block_3_9_3x3,16,2,10,0,5,34,2,0,1,0,4,4,2,2
58,61,block_3_9_3x3,16,2,11,1,5,35,2,0,1,1,4,4,2,2
58,61,block_3_9_3x3,16,3,12,0,6,48,3,0,0,0,4,4,2,2
58,61,block_3_9_3x3,16,3,13,1,6,49,3,0,0,1,4,4,2,2
58,61,block_3_9_3x3,16,3,14,0,7,50,3,0,1,0,4,4,2,2
58,61,block_3_9_3x3,16,3,15,1,7,51,3,0,1,1,4,4,2,2
58,61,block_3_9_3x3,16,7,16,2,7,4,0,1,0,0,4,4,2,2
58,61,block_3_9_3x3,16,7,17,3,7,5,0,1,0,1,4,4,2,2
58,61,block_3_9_3x3,16,7,18,2,6,6,0,1,1,0,4,4,2,2
58,61,block_3_9_3x3,16,7,19,3,6,7,0,1,1,1,4,4,2,2
58,61,block_3_9_3x3,16,6,20,2,5,20,1,1,0,0,4,4,2,2
58,61,block_3_9_3x3,16,6,21,3,5,21,1,1,0,1,4,4,2,2
58,61,block_3_9_3x3,16,6,22,2,4,22,1,1,1,0,4,4,2,2
58,61,block_3_9_3x3,16,6,23,3,4,23,1,1,1,1,4,4,2,2
58,61,block_3_9_3x3,16,5,24,2,3,36,2,1,0,0,4,4,2,2
58,61,block_3_9_3x3,16,5,25,3,3,37,2,1,0,1,4,4,2,2
58,61,block_3_9_3x3,16,5,26,2,2,38,2,1,1,0,4,4,2,2
58,61,block_3_9_3x3,16,5,27,3,2,39,2,1,1,1,4,4,2,2
58,61,block_3_9_3x3,16,4,28,2,1,52,3,1,0,0,4,4,2,2
58,61,block_3_9_3x3,16,4,29,3,1,53,3,1,0,1,4,4,2,2
58,61,block_3_9_3x3,16,4,30,2,0,54,3,1,1,0,4,4,2,2
58,61,block_3_9_3x3,16,4,31,3,0,55,3,1,1,1,4,4,2,2
58,61,block_3_9_3x3,16,8,32,4,0,8,0,2,0,0,4,4,2,2
58,61,block_3_9_3x3,16,8,33,5,0,9,0,2,0,1,4,4,2,2
58,61,block_3_9_3x3,16,8,34,4,1,10,0,2,1,0,4,4,2,2
58,61,block_3_9_3x3,16,8,35,5,1,11,0,2,1,1,4,4,2,2
58,61,block_3_9_3x3,16,9,36,4,2,24,1,2,0,0,4,4,2,2
58,61,block_3_9_3x3,16,9,37,5,2,25,1,2,0,1,4,4,2,2
58,61,block_3_9_3x3,16,9,38,4,3,26,1,2,1,0,4,4,2,2
58,61,block_3_9_3x3,16,9,39,5,3,27,1,2,1,1,4,4,2,2
58,61,block_3_9_3x3,16,10,40,4,4,40,2,2,0,0,4,4,2,2
58,61,block_3_9_3x3,16,10,41,5,4,41,2,2,0,1,4,4,2,2
58,61,block_3_9_3x3,16,10,42,4,5,42,2,2,1,0,4,4,2,2
58,61,block_3_9_3x3,16,10,43,5,5,43,2,2,1,1,4,4,2,2
58,61,block_3_9_3x3,16,11,44,4,6,56,3,2,0,0,4,4,2,2
58,61,block_3_9_3x3,16,11,45,5,6,57,3,2,0,1,4,4,2,2
58,61,block_3_9_3x3,16,11,46,4,7,58,3,2,1,0,4,4,2,2
58,61,block_3_9_3x3,16,11,47,5,7,59,3,2,1,1,4,4,2,2
58,61,block_3_9_3x3,16,15,48,6,7,12,0,3,0,0,4,4,2,2
58,61,block_3_9_3x3,16,15,49,7,7,13,0,3,0,1,4,4,2,2
58,61,block_3_9_3x3,16,15,50,6,6,14,0,3,1,0,4,4,2,2
58,61,block_3_9_3x3,16,15,51,7,6,15,0,3,1,1,4,4,2,2
58,61,block_3_9_3x3,16,14,52,6,5,28,1,3,0,0,4,4,2,2
58,61,block_3_9_3x3,16,14,53,7,5,29,1,3,0,1,4,4,2,2
58,61,block_3_9_3x3,16,14,54,6,4,30,1,3,1,0,4,4,2,2
58,61,block_3_9_3x3,16,14,55,7,4,31,1,3,1,1,4,4,2,2
58,61,block_3_9_3x3,16,13,56,6,3,44,2,3,0,0,4,4,2,2
58,61,block_3_9_3x3,16,13,57,7,3,45,2,3,0,1,4,4,2,2
58,61,block_3_9_3x3,16,13,58,6,2,46,2,3,1,0,4,4,2,2
58,61,block_3_9_3x3,16,13,59,7,2,47,2,3,1,1,4,4,2,2
58,61,block_3_9_3x3,16,12,60,6,1,60,3,3,0,0,4,4,2,2
58,61,block_3_9_3x3,16,12,61,7,1,61,3,3,0,1,4,4,2,2
58,61,block_3_9_3x3,16,12,62,6,0,62,3,3,1,0,4,4,2,2
58,61,block_3_9_3x3,16,12,63,7,0,63,3,3,1,1,4,4,2,2
59,62,block_3_10_1x1,1,0,0,0,0,0,0,0,0,0,1,8,2,4
59,62,block_3_10_1x1,1,0,1,1,0,1,0,0,0,1,1,8,2,4
59,62,block_3_10_1x1,1,0,2,0,1,2,0,0,0,2,1,8,2,4
59,62,block_3_10_1x1,1,0,3,1,1,3,0,0,0,3,1,8,2,4
59,62,block_3_10_1x1,1,1,4,0,2,4,0,0,1,0,1,8,2,4
59,62,block_3_10_1x1,1,1,5,1,2,5,0,0,1,1,1,8,2,4
59,62,block_3_10_1x1,1,1,6,0,3,6,0,0,1,2,1,8,2,4
59,62,block_3_10_1x1,1,1,7,1,3,7,0,0,1,3,1,8,2,4
59,62,block_3_10_1x1,1,2,8,0,4,8,0,1,0,0,1,8,2,4
59,62,block_3_10_1x1,1,2,9,1,4,9,0,1,0,1,1,8,2,4
59,62,block_3_10_1x1,1,2,10,0,5,10,0,1,0,2,1,8,2,4
59,62,block_3_10_1x1,1,2,11,1,5,11,0,1,0,3,1,8,2,4
59,62,block_3_10_1x1,1,3,12,0,6,12,0,1,1,0,1,8,2,4
59,62,block_3_10_1x1,1,3,13,1,6,13,0,1,1,1,1,8,2,4
59,62,block_3_10_1x1,1,3,14,0,7,14,0,1,1,2,1,8,2,4
59,62,block_3_10_1x1,1,3,15,1,7,15,0,1,1,3,1,8,2,4
59,62,block_3_10_1x1,1,7,16,2,7,16,0,2,0,0,1,8,2,4
59,62,block_3_10_1x1,1,7,17,3,7,17,0,2,0,1,1,8,2,4
59,62,block_3_10_1x1,1,7,18,2,6,18,0,2,0,2,1,8,2,4
59,62,block_3_10_1x1,1,7,19,3,6,19,0,2,0,3,1,8,2,4
59,62,block_3_10_1x1,1,6,20,2,5,20,0,2,1,0,1,8,2,4
59,62,block_3_10_1x1,1,6,21,3,5,21,0,2,1,1,1,8,2,4
59,62,block_3_10_1x1,1,6,22,2,4,22,0,2,1,2,1,8,2,4
59,62,block_3_10_1x1,1,6,23,3,4,23,0,2,1,3,1,8,2,4
59,62,block_3_10_1x1,1,5,24,2,3,24,0,3,0,0,1,8,2,4
59,62,block_3_10_1x1,1,5,25,3,3,25,0,3,0,1,1,8,2,4
59,62,block_3_10_1x1,1,5,26,2,2,26,0,3,0,2,1,8,2,4
59,62,block_3_10_1x1,1,5,27,3,2,27,0,3,0,3,1,8,2,4
59,62,block_3_10_1x1,1,4,28,2,1,28,0,3,1,0,1,8,2,4
59,62,block_3_10_1x1,1,4,29,3,1,29,0,3,1,1,1,8,2,4
59,62,block_3_10_1x1,1,4,30,2,0,30,0,3,1,2,1,8,2,4
59,62,block_3_10_1x1,1,4,31,3,0,31,0,3,1,3,1,8,2,4
59,62,block_3_10_1x1,1,8,32,4,0,32,0,4,0,0,1,8,2,4
59,62,block_3_10_1x1,1,8,33,5,0,33,0,4,0,1,1,8,2,4
59,62,block_3_10_1x1,1,8,34,4,1,34,0,4,0,2,1,8,2,4
59,62,block_3_10_1x1,1,8,35,5,1,35,0,4,0,3,1,8,2,4
59,62,block_3_10_1x1,1,9,36,4,2,36,0,4,1,0,1,8,2,4
59,62,block_3_10_1x1,1,9,37,5,2,37,0,4,1,1,1,8,2,4
59,62,block_3_10_1x1,1,9,38,4,3,38,0,4,1,2,1,8,2,4
59,62,block_3_10_1x1,1,9,39,5,3,39,0,4,1,3,1,8,2,4
59,62,block_3_10_1x1,1,10,40,4,4,40,0,5,0,0,1,8,2,4
59,62,block_3_10_1x1,1,10,41,5,4,41,0,5,0,1,1,8,2,4
59,62,block_3_10_1x1,1,10,42,4,5,42,0,5,0,2,1,8,2,4
59,62,block_3_10_1x1,1,10,43,5,5,43,0,5,0,3,1,8,2,4
59,62,block_3_10_1x1,1,11,44,4,6,44,0,5,1,0,1,8,2,4
59,62,block_3_10_1x1,1,11,45,5,6,45,0,5,1,1,1,8,2,4
59,62,block_3_10_1x1,1,11,46,4,7,46,0,5,1,2,1,8,2,4
59,62,block_3_10_1x1,1,11,47,5,7,47,0,5,1,3,1,8,2,4
59,62,block_3_10_1x1,1,15,48,6,7,48,0,6,0,0,1,8,2,4
59,62,block_3_10_1x1,1,15,49,7,7,49,0,6,0,1,1,8,2,4
59,62,block_3_10_1x1,1,15,50,6,6,50,0,6,0,2,1,8,2,4
59,62,block_3_10_1x1,1,15,51,7,6,51,0,6,0,3,1,8,2,4
59,62,block_3_10_1x1,1,14,52,6,5,52,0,6,1,0,1,8,2,4
59,62,block_3_10_1x1,1,14,53,7,5,53,0,6,1,1,1,8,2,4
59,62,block_3_10_1x1,1,14,54,6,4,54,0,6,1,2,1,8,2,4
59,62,block_3_10_1x1,1,14,55,7,4,55,0,6,1,3,1,8,2,4
59,62,block_3_10_1x1,1,13,56,6,3,56,0,7,0,0,1,8,2,4
59,62,block_3_10_1x1,1,13,57,7,3,57,0,7,0,1,1,8,2,4
59,62,block_3_10_1x1,1,13,58,6,2,58,0,7,0,2,1,8,2,4
59,62,block_3_10_1x1,1,13,59,7,2,59,0,7,0,3,1,8,2,4
59,62,block_3_10_1x1,1,12,60,6,1,60,0,7,1,0,1,8,2,4
59,62,block_3_10_1x1,1,12,61,7,1,61,0,7,1,1,1,8,2,4
59,62,block_3_10_1x1,1,12,62,6,0,62,0,7,1,2,1,8,2,4
59,62,block_3_10_1x1,1,12,63,7,0,63,0,7,1,3,1,8,2,4
60,63,block_3_10_3x3,2,0,0,0,0,0,0,0,0,0,2,4,2,4
60,63,block_3_10_3x3,2,0,1,1,0,1,0,0,0,1,2,4,2,4
60,63,block_3_10_3x3,2,0,2,0,1,2,0,0,0,2,2,4,2,4
60,63,block_3_10_3x3,2,0,3,1,1,3,0,0,0,3,2,4,2,4
60,63,block_3_10_3x3,2,1,4,0,2,4,0,0,1,0,2,4,2,4
60,63,block_3_10_3x3,2,1,5,1,2,5,0,0,1,1,2,4,2,4
60,63,block_3_10_3x3,2,1,6,0,3,6,0,0,1,2,2,4,2,4
60,63,block_3_10_3x3,2,1,7,1,3,7,0,0,1,3,2,4,2,4
60,63,block_3_10_3x3,2,2,8,0,4,32,1,0,0,0,2,4,2,4
60,63,block_3_10_3x3,2,2,9,1,4,33,1,0,0,1,2,4,2,4
60,63,block_3_10_3x3,2,2,10,0,5,34,1,0,0,2,2,4,2,4
60,63,block_3_10_3x3,2,2,11,1,5,35,1,0,0,3,2,4,2,4
60,63,block_3_10_3x3,2,3,12,0,6,36,1,0,1,0,2,4,2,4
60,63,block_3_10_3x3,2,3,13,1,6,37,1,0,1,1,2,4,2,4
60,63,block_3_10_3x3,2,3,14,0,7,38,1,0,1,2,2,4,2,4
60,63,block_3_10_3x3,2,3,15,1,7,39,1,0,1,3,2,4,2,4
60,63,block_3_10_3x3,2,7,16,2,7,8,0,1,0,0,2,4,2,4
60,63,block_3_10_3x3,2,7,17,3,7,9,0,1,0,1,2,4,2,4
60,63,block_3_10_3x3,2,7,18,2,6,10,0,1,0,2,2,4,2,4
60,63,block_3_10_3x3,2,7,19,3,6,11,0,1,0,3,2,4,2,4
60,63,block_3_10_3x3,2,6,20,2,5,12,0,1,1,0,2,4,2,4
60,63,block_3_10_3x3,2,6,21,3,5,13,0,1,1,1,2,4,2,4
60,63,block_3_10_3x3,2,6,22,2,4,14,0,1,1,2,2,4,2,4
60,63,block_3_10_3x3,2,6,23,3,4,15,0,1,1,3,2,4,2,4
60,63,block_3_10_3x3,2,5,24,2,3,40,1,1,0,0,2,4,2,4
60,63,block_3_10_3x3,2,5,25,3,3,41,1,1,0,1,2,4,2,4
60,63,block_3_10_3x3,2,5,26,2,2,42,1,1,0,2,2,4,2,4
60,63,block_3_10_3x3,2,5,27,3,2,43,1,1,0,3,2,4,2,4
60,63,block_3_10_3x3,2,4,28,2,1,44,1,1,1,0,2,4,2,4
60,63,block_3_10_3x3,2,4,29,3,1,45,1,1,1,1,2,4,2,4
60,63,block_3_10_3x3,2,4,30,2,0,46,1,1,1,2,2,4,2,4
60,63,block_3_10_3x3,2,4,31,3,0,47,1,1,1,3,2,4,2,4
60,63,block_3_10_3x3,2,8,32,4,0,16,0,2,0,0,2,4,2,4
60,63,block_3_10_3x3,2,8,33,5,0,17,0,2,0,1,2,4,2,4
60,63,block_3_10_3x3,2,8,34,4,1,18,0,2,0,2,2,4,2,4
60,63,block_3_10_3x3,2,8,35,5,1,19,0,2,0,3,2,4,2,4
60,63,block_3_10_3x3,2,9,36,4,2,20,0,2,1,0,2,4,2,4
60,63,block_3_10_3x3,2,9,37,5,2,21,0,2,1,1,2,4,2,4
60,63,block_3_10_3x3,2,9,38,4,3,22,0,2,1,2,2,4,2,4
60,63,block_3_10_3x3,2,9,39,5,3,23,0,2,1,3,2,4,2,4
60,63,block_3_10_3x3,2,10,40,4,4,48,1,2,0,0,2,4,2,4
60,63,block_3_10_3x3,2,10,41,5,4,49,1,2,0,1,2,4,2,4
60,63,block_3_10_3x3,2,10,42,4,5,50,1,2,0,2,2,4,2,4
60,63,block_3_10_3x3,2,10,43,5,5,51,1,2,0,3,2,4,2,4
60,63,block_3_10_3x3,2,11,44,4,6,52,1,2,1,0,2,4,2,4
60,63,block_3_10_3x3,2,11,45,5,6,53,1,2,1,1,2,4,2,4
60,63,block_3_10_3x3,2,11,46,4,7,54,1,2,1,2,2,4,2,4
60,63,block_3_10_3x3,2,11,47,5,7,55,1,2,1,3,2,4,2,4
60,63,block_3_10_3x3,2,15,48,6,7,24,0,3,0,0,2,4,2,4
60,63,block_3_10_3x3,2,15,49,7,7,25,0,3,0,1,2,4,2,4
60,63,block_3_10_3x3,2,15,50,6,6,26,0,3,0,2,2,4,2,4
60,63,block_3_10_3x3,2,15,51,7,6,27,0,3,0,3,2,4,2,4
60,63,block_3_10_3x3,2,14,52,6,5,28,0,3,1,0,2,4,2,4
60,63,block_3_10_3x3,2,14,53,7,5,29,0,3,1,1,2,4,2,4
60,63,block_3_10_3x3,2,14,54,6,4,30,0,3,1,2,2,4,2,4
60,63,block_3_10_3x3,2,14,55,7,4,31,0,3,1,3,2,4,2,4
60,63,block_3_10_3x3,2,13,56,6,3,56,1,3,0,0,2,4,2,4
60,63,block_3_10_3x3,2,13,57,7,3,57,1,3,0,1,2,4,2,4
60,63,block_3_10_3x3,2,13,58,6,2,58,1,3,0,2,2,4,2,4
60,63,block_3_10_3x3,2,13,59,7,2,59,1,3,0,3,2,4,2,4
60,63,block_3_10_3x3,2,12,60,6,1,60,1,3,1,0,2,4,2,4
60,63,block_3_10_3x3,2,12,61,7,1,61,1,3,1,1,2,4,2,4
60,63,block_3_10_3x3,2,12,62,6,0,62,1,3,1,2,2,4,2,4
60,63,block_3_10_3x3,2,12,63,7,0,63,1,3,1,3,2,4,2,4
61,64,block_3_11_1x1,1,0,0,0,0,0,0,0,0,0,1,8,2,4
61,64,block_3_11_1x1,1,0,1,1,0,1,0,0,0,1,1,8,2,4
61,64,block_3_11_1x1,1,0,2,0,1,2,0,0,0,2,1,8,2,4
61,64,block_3_11_1x1,1,0,3,1,1,3,0,0,0,3,1,8,2,4
61,64,block_3_11_1x1,1,1,4,0,2,4,0,0,1,0,1,8,2,4
61,64,block_3_11_1x1,1,1,5,1,2,5,0,0,1,1,1,8,2,4
61,64,block_3_11_1x1,1,1,6,0,3,6,0,0,1,2,1,8,2,4
61,64,block_3_11_1x1,1,1,7,1,3,7,0,0,1,3,1,8,2,4
61,64,block_3_11_1x1,1,2,8,0,4,8,0,1,0,0,1,8,2,4
61,64,block_3_11_1x1,1,2,9,1,4,9,0,1,0,1,1,8,2,4
61,64,block_3_11_1x1,1,2,10,0,5,10,0,1,0,2,1,8,2,4
61,64,block_3_11_1x1,1,2,11,1,5,11,0,1,0,3,1,8,2,4
61,64,block_3_11_1x1,1,3,12,0,6,12,0,1,1,0,1,8,2,4
61,64,block_3_11_1x1,1,3,13,1,6,13,0,1,1,1,1,8,2,4
61,64,block_3_11_1x1,1,3,14,0,7,14,0,1,1,2,1,8,2,4
61,64,block_3_11_1x1,1,3,15,1,7,15,0,1,1,3,1,8,2,4
61,64,block_3_11_1x1,1,7,16,2,7,16,0,2,0,0,1,8,2,4
61,64,block_3_11_1x1,1,7,17,3,7,17,0,2,0,1,1,8,2,4
61,64,block_3_11_1x1,1,7,18,2,6,18,0,2,0,2,1,8,2,4
61,64,block_3_11_1x1,1,7,19,3,6,19,0,2,0,3,1,8,2,4
61,64,block_3_11_1x1,1,6,20,2,5,20,0,2,1,0,1,8,2,4
61,64,block_3_11_1x1,1,6,21,3,5,21,0,2,1,1,1,8,2,4
61,64,block_3_11_1x1,1,6,22,2,4,22,0,2,1,2,1,8,2,4
61,64,block_3_11_1x1,1,6,23,3,4,23,0,2,1,3,1,8,2,4
61,64,block_3_11_1x1,1,5,24,2,3,24,0,3,0,0,1,8,2,4
61,64,block_3_11_1x1,1,5,25,3,3,25,0,3,0,1,1,8,2,4
61,64,block_3_11_1x1,1,5,26,2,2,26,0,3,0,2,1,8,2,4
61,64,block_3_11_1x1,1,5,27,3,2,27,0,3,0,3,1,8,2,4
61,64,block_3_11_1x1,1,4,28,2,1,28,0,3,1,0,1,8,2,4
61,64,block_3_11_1x1,1,4,29,3,1,29,0,3,1,1,1,8,2,4
61,64,block_3_11_1x1,1,4,30,2,0,30,0,3,1,2,1,8,2,4
61,64,block_3_11_1x1,1,4,31,3,0,31,0,3,1,3,1,8,2,4
61,64,block_3_11_1x1,1,8,32,4,0,32,0,4,0,0,1,8,2,4
61,64,block_3_11_1x1,1,8,33,5,0,33,0,4,0,1,1,8,2,4
61,64,block_3_11_1x1,1,8,34,4,1,34,0,4,0,2,1,8,2,4
61,64,block_3_11_1x1,1,8,35,5,1,35,0,4,0,3,1,8,2,4
61,64,block_3_11_1x1,1,9,36,4,2,36,0,4,1,0,1,8,2,4
61,64,block_3_11_1x1,1,9,37,5,2,37,0,4,1,1,1,8,2,4
61,64,block_3_11_1x1,1,9,38,4,3,38,0,4,1,2,1,8,2,4
61,64,block_3_11_1x1,1,9,39,5,3,39,0,4,1,3,1,8,2,4
61,64,block_3_11_1x1,1,10,40,4,4,40,0,5,0,0,1,8,2,4
61,64,block_3_11_1x1,1,10,41,5,4,41,0,5,0,1,1,8,2,4
61,64,block_3_11_1x1,1,10,42,4,5,42,0,5,0,2,1,8,2,4
61,64,block_3_11_1x1,1,10,43,5,5,43,0,5,0,3,1,8,2,4
61,64,block_3_11_1x1,1,11,44,4,6,44,0,5,1,0,1,8,2,4
61,64,block_3_11_1x1,1,11,45,5,6,45,0,5,1,1,1,8,2,4
61,64,block_3_11_1x1,1,11,46,4,7,46,0,5,1,2,1,8,2,4
61,64,block_3_11_1x1,1,11,47,5,7,47,0,5,1,3,1,8,2,4
61,64,block_3_11_1x1,1,15,48,6,7,48,0,6,0,0,1,8,2,4
61,64,block_3_11_1x1,1,15,49,7,7,49,0,6,0,1,1,8,2,4
61,64,block_3_11_1x1,1,15,50,6,6,50,0,6,0,2,1,8,2,4
61,64,block_3_11_1x1,1,15,51,7,6,51,0,6,0,3,1,8,2,4
61,64,block_3_11_1x1,1,14,52,6,5,52,0,6,1,0,1,8,2,4
61,64,block_3_11_1x1,1,14,53,7,5,53,0,6,1,1,1,8,2,4
61,64,block_3_11_1x1,1,14,54,6,4,54,0,6,1,2,1,8,2,4
61,64,block_3_11_1x1,1,14,55,7,4,55,0,6,1,3,1,8,2,4
61,64,block_3_11_1x1,1,13,56,6,3,56,0,7,0,0,1,8,2,4
61,64,block_3_11_1x1,1,13,57,7,3,57,0,7,0,1,1,8,2,4
61,64,block_3_11_1x1,1,13,58,6,2,58,0,7,0,2,1,8,2,4
61,64,block_3_11_1x1,1,13,59,7,2,59,0,7,0,3,1,8,2,4
61,64,block_3_11_1x1,1,12,60,6,1,60,0,7,1,0,1,8,2,4
61,64,block_3_11_1x1,1,12,61,7,1,61,0,7,1,1,1,8,2,4
61,64,block_3_11_1x1,1,12,62,6,0,62,0,7,1,2,1,8,2,4
61,64,block_3_11_1x1,1,12,63,7,0,63,0,7,1,3,1,8,2,4
62,65,block_3_11_3x3,2,0,0,0,0,0,0,0,0,0,2,4,2,4
62,65,block_3_11_3x3,2,0,1,1,0,1,0,0,0,1,2,4,2,4
62,65,block_3_11_3x3,2,0,2,0,1,2,0,0,0,2,2,4,2,4
62,65,block_3_11_3x3,2,0,3,1,1,3,0,0,0,3,2,4,2,4
62,65,block_3_11_3x3,2,1,4,0,2,4,0,0,1,0,2,4,2,4
62,65,block_3_11_3x3,2,1,5,1,2,5,0,0,1,1,2,4,2,4
62,65,block_3_11_3x3,2,1,6,0,3,6,0,0,1,2,2,4,2,4
62,65,block_3_11_3x3,2,1,7,1,3,7,0,0,1,3,2,4,2,4
62,65,block_3_11_3x3,2,2,8,0,4,32,1,0,0,0,2,4,2,4
62,65,block_3_11_3x3,2,2,9,1,4,33,1,0,0,1,2,4,2,4
62,65,block_3_11_3x3,2,2,10,0,5,34,1,0,0,2,2,4,2,4
62,65,block_3_11_3x3,2,2,11,1,5,35,1,0,0,3,2,4,2,4
62,65,block_3_11_3x3,2,3,12,0,6,36,1,0,1,0,2,4,2,4
62,65,block_3_11_3x3,2,3,13,1,6,37,1,0,1,1,2,4,2,4
62,65,block_3_11_3x3,2,3,14,0,7,38,1,0,1,2,2,4,2,4
62,65,block_3_11_3x3,2,3,15,1,7,39,1,0,1,3,2,4,2,4
62,65,block_3_11_3x3,2,7,16,2,7,8,0,1,0,0,2,4,2,4
62,65,block_3_11_3x3,2,7,17,3,7,9,0,1,0,1,2,4,2,4
62,65,block_3_11_3x3,2,7,18,2,6,10,0,1,0,2,2,4,2,4
62,65,block_3_11_3x3,2,7,19,3,6,11,0,1,0,3,2,4,2,4
62,65,block_3_11_3x3,2,6,20,2,5,12,0,1,1,0,2,4,2,4
62,65,block_3_11_3x3,2,6,21,3,5,13,0,1,1,1,2,4,2,4
62,65,block_3_11_3x3,2,6,22,2,4,14,0,1,1,2,2,4,2,4
62,65,block_3_11_3x3,2,6,23,3,4,15,0,1,1,3,2,4,2,4
62,65,block_3_11_3x3,2,5,24,2,3,40,1,1,0,0,2,4,2,4
62,65,block_3_11_3x3,2,5,25,3,3,41,1,1,0,1,2,4,2,4
62,65,block_3_11_3x3,2,5,26,2,2,42,1,1,0,2,2,4,2,4
62,65,block_3_11_3x3,2,5,27,3,2,43,1,1,0,3,2,4,2,4
62,65,block_3_11_3x3,2,4,28,2,1,44,1,1,1,0,2,4,2,4
62,65,block_3_11_3x3,2,4,29,3,1,45,1,1,1,1,2,4,2,4
62,65,block_3_11_3x3,2,4,30,2,0,46,1,1,1,2,2,4,2,4
62,65,block_3_11_3x3,2,4,31,3,0,47,1,1,1,3,2,4,2,4
62,65,block_3_11_3x3,2,8,32,4,0,16,0,2,0,0,2,4,2,4
62,65,block_3_11_3x3,2,8,33,5,0,17,0,2,0,1,2,4,2,4
62,65,block_3_11_3x3,2,8,34,4,1,18,0,2,0,2,2,4,2,4
62,65,block_3_11_3x3,2,8,35,5,1,19,0,2,0,3,2,4,2,4
62,65,block_3_11_3x3,2,9,36,4,2,20,0,2,1,0,2,4,2,4
62,65,block_3_11_3x3,2,9,37,5,2,21,0,2,1,1,2,4,2,4
62,65,block_3_11_3x3,2,9,38,4,3,22,0,2,1,2,2,4,2,4
62,65,block_3_11_3x3,2,9,39,5,3,23,0,2,1,3,2,4,2,4
62,65,block_3_11_3x3,2,10,40,4,4,48,1,2,0,0,2,4,2,4
62,65,block_3_11_3x3,2,10,41,5,4,49,1,2,0,1,2,4,2,4
62,65,block_3_11_3x3,2,10,42,4,5,50,1,2,0,2,2,4,2,4
62,65,block_3_11_3x3,2,10,43,5,5,51,1,2,0,3,2,4,2,4
62,65,block_3_11_3x3,2,11,44,4,6,52,1,2,1,0,2,4,2,4
62,65,block_3_11_3x3,2,11,45,5,6,53,1,2,1,1,2,4,2,4
62,65,block_3_11_3x3,2,11,46,4,7,54,1,2,1,2,2,4,2,4
62,65,block_3_11_3x3,2,11,47,5,7,55,1,2,1,3,2,4,2,4
62,65,block_3_11_3x3,2,15,48,6,7,24,0,3,0,0,2,4,2,4
62,65,block_3_11_3x3,2,15,49,7,7,25,0,3,0,1,2,4,2,4
62,65,block_3_11_3x3,2,15,50,6,6,26,0,3,0,2,2,4,2,4
62,65,block_3_11_3x3,2,15,51,7,6,27,0,3,0,3,2,4,2,4
62,65,block_3_11_3x3,2,14,52,6,5,28,0,3,1,0,2,4,2,4
62,65,block_3_11_3x3,2,14,53,7,5,29,0,3,1,1,2,4,2,4
62,65,block_3_11_3x3,2,14,54,6,4,30,0,3,1,2,2,4,2,4
62,65,block_3_11_3x3,2,14,55,7,4,31,0,3,1,3,2,4,2,4
62,65,block_3_11_3x3,2,13,56,6,3,56,1,3,0,0,2,4,2,4
62,65,block_3_11_3x3,2,13,57,7,3,57,1,3,0,1,2,4,2,4
62,65,block_3_11_3x3,2,13,58,6,2,58,1,3,0,2,2,4,2,4
62,65,block_3_11_3x3,2,13,59,7,2,59,1,3,0,3,2,4,2,4
62,65,block_3_11_3x3,2,12,60,6,1,60,1,3,1,0,2,4,2,4
62,65,block_3_11_3x3,2,12,61,7,1,61,1,3,1,1,2,4,2,4
62,65,block_3_11_3x3,2,12,62,6,0,62,1,3,1,2,2,4,2,4
62,65,block_3_11_3x3,2,12,63,7,0,63,1,3,1,3,2,4,2,4
63,66,block_3_12_1x1,1,0,0,0,0,0,0,0,0,0,1,8,2,4
63,66,block_3_12_1x1,1,0,1,1,0,1,0,0,0,1,1,8,2,4
63,66,block_3_12_1x1,1,0,2,0,1,2,0,0,0,2,1,8,2,4
63,66,block_3_12_1x1,1,0,3,1,1,3,0,0,0,3,1,8,2,4
63,66,block_3_12_1x1,1,1,4,0,2,4,0,0,1,0,1,8,2,4
63,66,block_3_12_1x1,1,1,5,1,2,5,0,0,1,1,1,8,2,4
63,66,block_3_12_1x1,1,1,6,0,3,6,0,0,1,2,1,8,2,4
63,66,block_3_12_1x1,1,1,7,1,3,7,0,0,1,3,1,8,2,4
63,66,block_3_12_1x1,1,2,8,0,4,8,0,1,0,0,1,8,2,4
63,66,block_3_12_1x1,1,2,9,1,4,9,0,1,0,1,1,8,2,4
63,66,block_3_12_1x1,1,2,10,0,5,10,0,1,0,2,1,8,2,4
63,66,block_3_12_1x1,1,2,11,1,5,11,0,1,0,3,1,8,2,4
63,66,block_3_12_1x1,1,3,12,0,6,12,0,1,1,0,1,8,2,4
63,66,block_3_12_1x1,1,3,13,1,6,13,0,1,1,1,1,8,2,4
63,66,block_3_12_1x1,1,3,14,0,7,14,0,1,1,2,1,8,2,4
63,66,block_3_12_1x1,1,3,15,1,7,15,0,1,1,3,1,8,2,4
63,66,block_3_12_1x1,1,7,16,2,7,16,0,2,0,0,1,8,2,4
63,66,block_3_12_1x1,1,7,17,3,7,17,0,2,0,1,1,8,2,4
63,66,block_3_12_1x1,1,7,18,2,6,18,0,2,0,2,1,8,2,4
63,66,block_3_12_1x1,1,7,19,3,6,19,0,2,0,3,1,8,2,4
63,66,block_3_12_1x1,1,6,20,2,5,20,0,2,1,0,1,8,2,4
63,66,block_3_12_1x1,1,6,21,3,5,21,0,2,1,1,1,8,2,4
63,66,block_3_12_1x1,1,6,22,2,4,22,0,2,1,2,1,8,2,4
63,66,block_3_12_1x1,1,6,23,3,4,23,0,2,1,3,1,8,2,4
63,66,block_3_12_1x1,1,5,24,2,3,24,0,3,0,0,1,8,2,4
63,66,block_3_12_1x1,1,5,25,3,3,25,0,3,0,1,1,8,2,4
63,66,block_3_12_1x1,1,5,26,2,2,26,0,3,0,2,1,8,2,4
63,66,block_3_12_1x1,1,5,27,3,2,27,0,3,0,3,1,8,2,4
63,66,block_3_12_1x1,1,4,28,2,1,28,0,3,1,0,1,8,2,4
63,66,block_3_12_1x1,1,4,29,3,1,29,0,3,1,1,1,8,2,4
63,66,block_3_12_1x1,1,4,30,2,0,30,0,3,1,2,1,8,2,4
63,66,block_3_12_1x1,1,4,31,3,0,31,0,3,1,3,1,8,2,4
63,66,block_3_12_1x1,1,8,32,4,0,32,0,4,0,0,1,8,2,4
63,66,block_3_12_1x1,1,8,33,5,0,33,0,4,0,1,1,8,2,4
63,66,block_3_12_1x1,1,8,34,4,1,34,0,4,0,2,1,8,2,4
63,66,block_3_12_1x1,1,8,35,5,1,35,0,4,0,3,1,8,2,4
63,66,block_3_12_1x1,1,9,36,4,2,36,0,4,1,0,1,8,2,4
63,66,block_3_12_1x1,1,9,37,5,2,37,0,4,1,1,1,8,2,4
63,66,block_3_12_1x1,1,9,38,4,3,38,0,4,1,2,1,8,2,4
63,66,block_3_12_1x1,1,9,39,5,3,39,0,4,1,3,1,8,2,4
63,66,block_3_12_1x1,1,10,40,4,4,40,0,5,0,0,1,8,2,4
63,66,block_3_12_1x1,1,10,41,5,4,41,0,5,0,1,1,8,2,4
63,66,block_3_12_1x1,1,10,42,4,5,42,0,5,0,2,1,8,2,4
63,66,block_3_12_1x1,1,10,43,5,5,43,0,5,0,3,1,8,2,4
63,66,block_3_12_1x1,1,11,44,4,6,44,0,5,1,0,1,8,2,4
63,66,block_3_12_1x1,1,11,45,5,6,45,0,5,1,1,1,8,2,4
63,66,block_3_12_1x1,1,11,46,4,7,46,0,5,1,2,1,8,2,4
63,66,block_3_12_1x1,1,11,47,5,7,47,0,5,1,3,1,8,2,4
63,66,block_3_12_1x1,1,15,48,6,7,48,0,6,0,0,1,8,2,4
63,66,block_3_12_1x1,1,15,49,7,7,49,0,6,0,1,1,8,2,4
63,66,block_3_12_1x1,1,15,50,6,6,50,0,6,0,2,1,8,2,4
63,66,block_3_12_1x1,1,15,51,7,6,51,0,6,0,3,1,8,2,4
63,66,block_3_12_1x1,1,14,52,6,5,52,0,6,1,0,1,8,2,4
63,66,block_3_12_1x1,1,14,53,7,5,53,0,6,1,1,1,8,2,4
63,66,block_3_12_1x1,1,14,54,6,4,54,0,6,1,2,1,8,2,4
63,66,block_3_12_1x1,1,14,55,7,4,55,0,6,1,3,1,8,2,4
63,66,block_3_12_1x1,1,13,56,6,3,56,0,7,0,0,1,8,2,4
63,66,block_3_12_1x1,1,13,57,7,3,57,0,7,0,1,1,8,2,4
63,66,block_3_12_1x1,1,13,58,6,2,58,0,7,0,2,1,8,2,4
63,66,block_3_12_1x1,1,13,59,7,2,59,0,7,0,3,1,8,2,4
63,66,block_3_12_1x1,1,12,60,6,1,60,0,7,1,0,1,8,2,4
63,66,block_3_12_1x1,1,12,61,7,1,61,0,7,1,1,1,8,2,4
63,66,block_3_12_1x1,1,12,62,6,0,62,0,7,1,2,1,8,2,4
63,66,block_3_12_1x1,1,12,63,7,0,63,0,7,1,3,1,8,2,4
64,67,block_3_12_3x3,2,0,0,0,0,0,0,0,0,0,2,4,2,4
64,67,block_3_12_3x3,2,0,1,1,0,1,0,0,0,1,2,4,2,4
64,67,block_3_12_3x3,2,0,2,0,1,2,0,0,0,2,2,4,2,4
64,67,block_3_12_3x3,2,0,3,1,1,3,0,0,0,3,2,4,2,4
64,67,block_3_12_3x3,2,1,4,0,2,4,0,0,1,0,2,4,2,4
64,67,block_3_12_3x3,2,1,5,1,2,5,0,0,1,1,2,4,2,4
64,67,block_3_12_3x3,2,1,6,0,3,6,0,0,1,2,2,4,2,4
64,67,block_3_12_3x3,2,1,7,1,3,7,0,0,1,3,2,4,2,4
64,67,block_3_12_3x3,2,2,8,0,4,32,1,0,0,0,2,4,2,4
64,67,block_3_12_3x3,2,2,9,1,4,33,1,0,0,1,2,4,2,4
64,67,block_3_12_3x3,2,2,10,0,5,34,1,0,0,2,2,4,2,4
64,67,block_3_12_3x3,2,2,11,1,5,35,1,0,0,3,2,4,2,4
64,67,block_3_12_3x3,2,3,12,0,6,36,1,0,1,0,2,4,2,4
64,67,block_3_12_3x3,2,3,13,1,6,37,1,0,1,1,2,4,2,4
64,67,block_3_12_3x3,2,3,14,0,7,38,1,0,1,2,2,4,2,4
64,67,block_3_12_3x3,2,3,15,1,7,39,1,0,1,3,2,4,2,4
64,67,block_3_12_3x3,2,7,16,2,7,8,0,1,0,0,2,4,2,4
64,67,block_3_12_3x3,2,7,17,3,7,9,0,1,0,1,2,4,2,4
64,67,block_3_12_3x3,2,7,18,2,6,10,0,1,0,2,2,4,2,4
64,67,block_3_12_3x3,2,7,19,3,6,11,0,1,0,3,2,4,2,4
64,67,block_3_12_3x3,2,6,20,2,5,12,0,1,1,0,2,4,2,4
64,67,block_3_12_3x3,2,6,21,3,5,13,0,1,1,1,2,4,2,4
64,67,block_3_12_3x3,2,6,22,2,4,14,0,1,1,2,2,4,2,4
64,67,block_3_12_3x3,2,6,23,3,4,15,0,1,1,3,2,4,2,4
64,67,block_3_12_3x3,2,5,24,2,3,40,1,1,0,0,2,4,2,4
64,67,block_3_12_3x3,2,5,25,3,3,41,1,1,0,1,2,4,2,4
64,67,block_3_12_3x3,2,5,26,2,2,42,1,1,0,2,2,4,2,4
64,67,block_3_12_3x3,2,5,27,3,2,43,1,1,0,3,2,4,2,4
64,67,block_3_12_3x3,2,4,28,2,1,44,1,1,1,0,2,4,2,4
64,67,block_3_12_3x3,2,4,29,3,1,45,1,1,1,1,2,4,2,4
64,67,block_3_12_3x3,2,4,30,2,0,46,1,1,1,2,2,4,2,4
64,67,block_3_12_3x3,2,4,31,3,0,47,1,1,1,3,2,4,2,4
64,67,block_3_12_3x3,2,8,32,4,0,16,0,2,0,0,2,4,2,4
64,67,block_3_12_3x3,2,8,33,5,0,17,0,2,0,1,2,4,2,4
64,67,block_3_12_3x3,2,8,34,4,1,18,0,2,0,2,2,4,2,4
64,67,block_3_12_3x3,2,8,35,5,1,19,0,2,0,3,2,4,2,4
64,67,block_3_12_3x3,2,9,36,4,2,20,0,2,1,0,2,4,2,4
64,67,block_3_12_3x3,2,9,37,5,2,21,0,2,1,1,2,4,2,4
64,67,block_3_12_3x3,2,9,38,4,3,22,0,2,1,2,2,4,2,4
64,67,block_3_12_3x3,2,9,39,5,3,23,0,2,1,3,2,4,2,4
64,67,block_3_12_3x3,2,10,40,4,4,48,1,2,0,0,2,4,2,4
64,67,block_3_12_3x3,2,10,41,5,4,49,1,2,0,1,2,4,2,4
64,67,block_3_12_3x3,2,10,42,4,5,50,1,2,0,2,2,4,2,4
64,67,block_3_12_3x3,2,10,43,5,5,51,1,2,0,3,2,4,2,4
64,67,block_3_12_3x3,2,11,44,4,6,52,1,2,1,0,2,4,2,4
64,67,block_3_12_3x3,2,11,45,5,6,53,1,2,1,1,2,4,2,4
64,67,block_3_12_3x3,2,11,46,4,7,54,1,2,1,2,2,4,2,4
64,67,block_3_12_3x3,2,11,47,5,7,55,1,2,1,3,2,4,2,4
64,67,block_3_12_3x3,2,15,48,6,7,24,0,3,0,0,2,4,2,4
64,67,block_3_12_3x3,2,15,49,7,7,25,0,3,0,1,2,4,2,4
64,67,block_3_12_3x3,2,15,50,6,6,26,0,3,0,2,2,4,2,4
64,67,block_3_12_3x3,2,15,51,7,6,27,0,3,0,3,2,4,2,4
64,67,block_3_12_3x3,2,14,52,6,5,28,0,3,1,0,2,4,2,4
64,67,block_3_12_3x3,2,14,53,7,5,29,0,3,1,1,2,4,2,4
64,67,block_3_12_3x3,2,14,54,6,4,30,0,3,1,2,2,4,2,4
64,67,block_3_12_3x3,2,14,55,7,4,31,0,3,1,3,2,4,2,4
64,67,block_3_12_3x3,2,13,56,6,3,56,1,3,0,0,2,4,2,4
64,67,block_3_12_3x3,2,13,57,7,3,57,1,3,0,1,2,4,2,4
64,67,block_3_12_3x3,2,13,58,6,2,58,1,3,0,2,2,4,2,4
64,67,block_3_12_3x3,2,13,59,7,2,59,1,3,0,3,2,4,2,4
64,67,block_3_12_3x3,2,12,60,6,1,60,1,3,1,0,2,4,2,4
64,67,block_3_12_3x3,2,12,61,7,1,61,1,3,1,1,2,4,2,4
64,67,block_3_12_3x3,2,12,62,6,0,62,1,3,1,2,2,4,2,4
64,67,block_3_12_3x3,2,12,63,7,0,63,1,3,1,3,2,4,2,4
65,68,block_3_13_1x1,1,0,0,0,0,0,0,0,0,0,1,8,2,4
65,68,block_3_13_1x1,1,0,1,1,0,1,0,0,0,1,1,8,2,4
65,68,block_3_13_1x1,1,0,2,0,1,2,0,0,0,2,1,8,2,4
65,68,block_3_13_1x1,1,0,3,1,1,3,0,0,0,3,1,8,2,4
65,68,block_3_13_1x1,1,1,4,0,2,4,0,0,1,0,1,8,2,4
65,68,block_3_13_1x1,1,1,5,1,2,5,0,0,1,1,1,8,2,4
65,68,block_3_13_1x1,1,1,6,0,3,6,0,0,1,2,1,8,2,4
65,68,block_3_13_1x1,1,1,7,1,3,7,0,0,1,3,1,8,2,4
65,68,block_3_13_1x1,1,2,8,0,4,8,0,1,0,0,1,8,2,4
65,68,block_3_13_1x1,1,2,9,1,4,9,0,1,0,1,1,8,2,4
65,68,block_3_13_1x1,1,2,10,0,5,10,0,1,0,2,1,8,2,4
65,68,block_3_13_1x1,1,2,11,1,5,11,0,1,0,3,1,8,2,4
65,68,block_3_13_1x1,1,3,12,0,6,12,0,1,1,0,1,8,2,4
65,68,block_3_13_1x1,1,3,13,1,6,13,0,1,1,1,1,8,2,4
65,68,block_3_13_1x1,1,3,14,0,7,14,0,1,1,2,1,8,2,4
65,68,block_3_13_1x1,1,3,15,1,7,15,0,1,1,3,1,8,2,4
65,68,block_3_13_1x1,1,7,16,2,7,16,0,2,0,0,1,8,2,4
65,68,block_3_13_1x1,1,7,17,3,7,17,0,2,0,1,1,8,2,4
65,68,block_3_13_1x1,1,7,18,2,6,18,0,2,0,2,1,8,2,4
65,68,block_3_13_1x1,1,7,19,3,6,19,0,2,0,3,1,8,2,4
65,68,block_3_13_1x1,1,6,20,2,5,20,0,2,1,0,1,8,2,4
65,68,block_3_13_1x1,1,6,21,3,5,21,0,2,1,1,1,8,2,4
65,68,block_3_13_1x1,1,6,22,2,4,22,0,2,1,2,1,8,2,4
65,68,block_3_13_1x1,1,6,23,3,4,23,0,2,1,3,1,8,2,4
65,68,block_3_13_1x1,1,5,24,2,3,24,0,3,0,0,1,8,2,4
65,68,block_3_13_1x1,1,5,25,3,3,25,0,3,0,1,1,8,2,4
65,68,block_3_13_1x1,1,5,26,2,2,26,0,3,0,2,1,8,2,4
65,68,block_3_13_1x1,1,5,27,3,2,27,0,3,0,3,1,8,2,4
65,68,block_3_13_1x1,1,4,28,2,1,28,0,3,1,0,1,8,2,4
65,68,block_3_13_1x1,1,4,29,3,1,29,0,3,1,1,1,8,2,4
65,68,block_3_13_1x1,1,4,30,2,0,30,0,3,1,2,1,8,2,4
65,68,block_3_13_1x1,1,4,31,3,0,31,0,3,1,3,1,8,2,4
65,68,block_3_13_1x1,1,8,32,4,0,32,0,4,0,0,1,8,2,4
65,68,block_3_13_1x1,1,8,33,5,0,33,0,4,0,1,1,8,2,4
65,68,block_3_13_1x1,1,8,34,4,1,34,0,4,0,2,1,8,2,4
65,68,block_3_13_1x1,1,8,35,5,1,35,0,4,0,3,1,8,2,4
65,68,block_3_13_1x1,1,9,36,4,2,36,0,4,1,0,1,8,2,4
65,68,block_3_13_1x1,1,9,37,5,2,37,0,4,1,1,1,8,2,4
65,68,block_3_13_1x1,1,9,38,4,3,38,0,4,1,2,1,8,2,4
65,68,block_3_13_1x1,1,9,39,5,3,39,0,4,1,3,1,8,2,4
65,68,block_3_13_1x1,1,10,40,4,4,40,0,5,0,0,1,8,2,4
65,68,block_3_13_1x1,1,10,41,5,4,41,0,5,0,1,1,8,2,4
65,68,block_3_13_1x1,1,10,42,4,5,42,0,5,0,2,1,8,2,4
65,68,block_3_13_1x1,1,10,43,5,5,43,0,5,0,3,1,8,2,4
65,68,block_3_13_1x1,1,11,44,4,6,44,0,5,1,0,1,8,2,4
65,68,block_3_13_1x1,1,11,45,5,6,45,0,5,1,1,1,8,2,4
65,68,block_3_13_1x1,1,11,46,4,7,46,0,5,1,2,1,8,2,4
65,68,block_3_13_1x1,1,11,47,5,7,47,0,5,1,3,1,8,2,4
65,68,block_3_13_1x1,1,15,48,6,7,48,0,6,0,0,1,8,2,4
65,68,block_3_13_1x1,1,15,49,7,7,49,0,6,0,1,1,8,2,4
65,68,block_3_13_1x1,1,15,50,6,6,50,0,6,0,2,1,8,2,4
65,68,block_3_13_1x1,1,15,51,7,6,51,0,6,0,3,1,8,2,4
65,68,block_3_13_1x1,1,14,52,6,5,52,0,6,1,0,1,8,2,4
65,68,block_3_13_1x1,1,14,53,7,5,53,0,6,1,1,1,8,2,4
65,68,block_3_13_1x1,1,14,54,6,4,54,0,6,1,2,1,8,2,4
65,68,block_3_13_1x1,1,14,55,7,4,55,0,6,1,3,1,8,2,4
65,68,block_3_13_1x1,1,13,56,6,3,56,0,7,0,0,1,8,2,4
65,68,block_3_13_1x1,1,13,57,7,3,57,0,7,0,1,1,8,2,4
65,68,block_3_13_1x1,1,13,58,6,2,58,0,7,0,2,1,8,2,4
65,68,block_3_13_1x1,1,13,59,7,2,59,0,7,0,3,1,8,2,4
65,68,block_3_13_1x1,1,12,60,6,1,60,0,7,1,0,1,8,2,4
65,68,block_3_13_1x1,1,12,61,7,1,61,0,7,1,1,1,8,2,4
65,68,block_3_13_1x1,1,12,62,6,0,62,0,7,1,2,1,8,2,4
65,68,block_3_13_1x1,1,12,63,7,0,63,0,7,1,3,1,8,2,4
66,69,block_3_13_3x3,1,0,0,0,0,0,0,0,0,0,1,1,3,5
66,69,block_3_13_3x3,1,0,1,1,0,1,0,0,0,1,1,1,3,5
66,69,block_3_13_3x3,1,0,2,0,1,2,0,0,0,2,1,1,3,5
66,69,block_3_13_3x3,1,0,3,1,1,3,0,0,0,3,1,1,3,5
66,69,block_3_13_3x3,1,1,4,0,2,4,0,0,0,4,1,1,3,5
66,69,block_3_13_3x3,1,1,5,1,2,5,0,0,1,0,1,1,3,5
66,69,block_3_13_3x3,1,1,6,0,3,6,0,0,1,1,1,1,3,5
66,69,block_3_13_3x3,1,1,7,1,3,7,0,0,1,2,1,1,3,5
66,69,block_3_13_3x3,1,2,8,0,4,8,0,0,1,3,1,1,3,5
66,69,block_3_13_3x3,1,2,9,1,4,9,0,0,1,4,1,1,3,5
66,69,block_3_13_3x3,1,2,10,0,5,10,0,0,2,0,1,1,3,5
66,69,block_3_13_3x3,1,2,11,1,5,11,0,0,2,1,1,1,3,5
66,69,block_3_13_3x3,1,3,12,0,6,12,0,0,2,2,1,1,3,5
66,69,block_3_13_3x3,1,3,13,1,6,13,0,0,2,3,1,1,3,5
66,69,block_3_13_3x3,1,3,14,0,7,14,0,0,2,4,1,1,3,5
66,70,block_3_14_1x1,1,3,15,1,7,0,0,0,0,0,1,1,5,7
66,70,block_3_14_1x1,1,7,16,2,7,1,0,0,0,1,1,1,5,7
66,70,block_3_14_1x1,1,7,17,3,7,2,0,0,0,2,1,1,5,7
66,70,block_3_14_1x1,1,7,18,2,6,3,0,0,0,3,1,1,5,7
66,70,block_3_14_1x1,1,7,19,3,6,4,0,0,0,4,1,1,5,7
66,70,block_3_14_1x1,1,6,20,2,5,5,0,0,0,5,1,1,5,7
66,70,block_3_14_1x1,1,6,21,3,5,6,0,0,0,6,1,1,5,7
66,70,block_3_14_1x1,1,6,22,2,4,7,0,0,1,0,1,1,5,7
66,70,block_3_14_1x1,1,6,23,3,4,8,0,0,1,1,1,1,5,7
66,70,block_3_14_1x1,1,5,24,2,3,9,0,0,1,2,1,1,5,7
66,70,block_3_14_1x1,1,5,25,3,3,10,0,0,1,3,1,1,5,7
66,70,block_3_14_1x1,1,5,26,2,2,11,0,0,1,4,1,1,5,7
66,70,block_3_14_1x1,1,5,27,3,2,12,0,0,1,5,1,1,5,7
66,70,block_3_14_1x1,1,4,28,2,1,13,0,0,1,6,1,1,5,7
66,70,block_3_14_1x1,1,4,29,3,1,14,0,0,2,0,1,1,5,7
66,70,block_3_14_1x1,1,4,30,2,0,15,0,0,2,1,1,1,5,7
66,70,block_3_14_1x1,1,4,31,3,0,16,0,0,2,2,1,1,5,7
66,70,block_3_14_1x1,1,8,32,4,0,17,0,0,2,3,1,1,5,7
66,70,block_3_14_1x1,1,8,33,5,0,18,0,0,2,4,1,1,5,7
66,70,block_3_14_1x1,1,8,34,4,1,19,0,0,2,5,1,1,5,7
66,70,block_3_14_1x1,1,8,35,5,1,20,0,0,2,6,1,1,5,7
66,70,block_3_14_1x1,1,9,36,4,2,21,0,0,3,0,1,1,5,7
66,70,block_3_14_1x1,1,9,37,5,2,22,0,0,3,1,1,1,5,7
66,70,block_3_14_1x1,1,9,38,4,3,23,0,0,3,2,1,1,5,7
66,70,block_3_14_1x1,1,9,39,5,3,24,0,0,3,3,1,1,5,7
66,70,block_3_14_1x1,1,10,40,4,4,25,0,0,3,4,1,1,5,7
66,70,block_3_14_1x1,1,10,41,5,4,26,0,0,3,5,1,1,5,7
66,70,block_3_14_1x1,1,10,42,4,5,27,0,0,3,6,1,1,5,7
66,70,block_3_14_1x1,1,10,43,5,5,28,0,0,4,0,1,1,5,7
66,70,block_3_14_1x1,1,11,44,4,6,29,0,0,4,1,1,1,5,7
66,70,block_3_14_1x1,1,11,45,5,6,30,0,0,4,2,1,1,5,7
66,70,block_3_14_1x1,1,11,46,4,7,31,0,0,4,3,1,1,5,7
66,70,block_3_14_1x1,1,11,47,5,7,32,0,0,4,4,1,1,5,7
66,70,block_3_14_1x1,1,15,48,6,7,33,0,0,4,5,1,1,5,7
66,70,block_3_14_1x1,1,15,49,7,7,34,0,0,4,6,1,1,5,7
66,71,block_3_14_3x3,1,15,50,6,6,0,0,0,0,0,1,1,2,7
66,71,block_3_14_3x3,1,15,51,7,6,1,0,0,0,1,1,1,2,7
66,71,block_3_14_3x3,1,14,52,6,5,2,0,0,0,2,1,1,2,7
66,71,block_3_14_3x3,1,14,53,7,5,3,0,0,0,3,1,1,2,7
66,71,block_3_14_3x3,1,14,54,6,4,4,0,0,0,4,1,1,2,7
66,71,block_3_14_3x3,1,14,55,7,4,5,0,0,0,5,1,1,2,7
66,71,block_3_14_3x3,1,13,56,6,3,6,0,0,0,6,1,1,2,7
66,71,block_3_14_3x3,1,13,57,7,3,7,0,0,1,0,1,1,2,7
66,71,block_3_14_3x3,1,13,58,6,2,8,0,0,1,1,1,1,2,7
66,71,block_3_14_3x3,1,13,59,7,2,9,0,0,1,2,1,1,2,7
66,71,block_3_14_3x3,1,12,60,6,1,10,0,0,1,3,1,1,2,7
66,71,block_3_14_3x3,1,12,61,7,1,11,0,0,1,4,1,1,2,7
66,71,block_3_14_3x3,1,12,62,6,0,12,0,0,1,5,1,1,2,7
66,71,block_3_14_3x3,1,12,63,7,0,13,0,0,1,6,1,1,2,7
67,72,block_3_15_1x1,1,0,0,0,0,0,0,0,0,0,1,8,2,4
67,72,block_3_15_1x1,1,0,1,1,0,1,0,0,0,1,1,8,2,4
67,72,block_3_15_1x1,1,0,2,0,1,2,0,0,0,2,1,8,2,4
67,72,block_3_15_1x1,1,0,3,1,1,3,0,0,0,3,1,8,2,4
67,72,block_3_15_1x1,1,1,4,0,2,4,0,0,1,0,1,8,2,4
67,72,block_3_15_1x1,1,1,5,1,2,5,0,0,1,1,1,8,2,4
67,72,block_3_15_1x1,1,1,6,0,3,6,0,0,1,2,1,8,2,4
67,72,block_3_15_1x1,1,1,7,1,3,7,0,0,1,3,1,8,2,4
67,72,block_3_15_1x1,1,2,8,0,4,8,0,1,0,0,1,8,2,4
67,72,block_3_15_1x1,1,2,9,1,4,9,0,1,0,1,1,8,2,4
67,72,block_3_15_1x1,1,2,10,0,5,10,0,1,0,2,1,8,2,4
67,72,block_3_15_1x1,1,2,11,1,5,11,0,1,0,3,1,8,2,4
67,72,block_3_15_1x1,1,3,12,0,6,12,0,1,1,0,1,8,2,4
67,72,block_3_15_1x1,1,3,13,1,6,13,0,1,1,1,1,8,2,4
67,72,block_3_15_1x1,1,3,14,0,7,14,0,1,1,2,1,8,2,4
67,72,block_3_15_1x1,1,3,15,1,7,15,0,1,1,3,1,8,2,4
67,72,block_3_15_1x1,1,7,16,2,7,16,0,2,0,0,1,8,2,4
67,72,block_3_15_1x1,1,7,17,3,7,17,0,2,0,1,1,8,2,4
67,72,block_3_15_1x1,1,7,18,2,6,18,0,2,0,2,1,8,2,4
67,72,block_3_15_1x1,1,7,19,3,6,19,0,2,0,3,1,8,2,4
67,72,block_3_15_1x1,1,6,20,2,5,20,0,2,1,0,1,8,2,4
67,72,block_3_15_1x1,1,6,21,3,5,21,0,2,1,1,1,8,2,4
67,72,block_3_15_1x1,1,6,22,2,4,22,0,2,1,2,1,8,2,4
67,72,block_3_15_1x1,1,6,23,3,4,23,0,2,1,3,1,8,2,4
67,72,block_3_15_1x1,1,5,24,2,3,24,0,3,0,0,1,8,2,4
67,72,block_3_15_1x1,1,5,25,3,3,25,0,3,0,1,1,8,2,4
67,72,block_3_15_1x1,1,5,26,2,2,26,0,3,0,2,1,8,2,4
67,72,block_3_15_1x1,1,5,27,3,2,27,0,3,0,3,1,8,2,4
67,72,block_3_15_1x1,1,4,28,2,1,28,0,3,1,0,1,8,2,4
67,72,block_3_15_1x1,1,4,29,3,1,29,0,3,1,1,1,8,2,4
67,72,block_3_15_1x1,1,4,30,2,0,30,0,3,1,2,1,8,2,4
67,72,block_3_15_1x1,1,4,31,3,0,31,0,3,1,3,1,8,2,4
67,72,block_3_15_1x1,1,8,32,4,0,32,0,4,0,0,1,8,2,4
67,72,block_3_15_1x1,1,8,33,5,0,33,0,4,0,1,1,8,2,4
67,72,block_3_15_1x1,1,8,34,4,1,34,0,4,0,2,1,8,2,4
67,72,block_3_15_1x1,1,8,35,5,1,35,0,4,0,3,1,8,2,4
67,72,block_3_15_1x1,1,9,36,4,2,36,0,4,1,0,1,8,2,4
67,72,block_3_15_1x1,1,9,37,5,2,37,0,4,1,1,1,8,2,4
67,72,block_3_15_1x1,1,9,38,4,3,38,0,4,1,2,1,8,2,4
67,72,block_3_15_1x1,1,9,39,5,3,39,0,4,1,3,1,8,2,4
67,72,block_3_15_1x1,1,10,40,4,4,40,0,5,0,0,1,8,2,4
67,72,block_3_15_1x1,1,10,41,5,4,41,0,5,0,1,1,8,2,4
67,72,block_3_15_1x1,1,10,42,4,5,42,0,5,0,2,1,8,2,4
67,72,block_3_15_1x1,1,10,43,5,5,43,0,5,0,3,1,8,2,4
67,72,block_3_15_1x1,1,11,44,4,6,44,0,5,1,0,1,8,2,4
67,72,block_3_15_1x1,1,11,45,5,6,45,0,5,1,1,1,8,2,4
67,72,block_3_15_1x1,1,11,46,4,7,46,0,5,1,2,1,8,2,4
67,72,block_3_15_1x1,1,11,47,5,7,47,0,5,1,3,1,8,2,4
67,72,block_3_15_1x1,1,15,48,6,7,48,0,6,0,0,1,8,2,4
67,72,block_3_15_1x1,1,15,49,7,7,49,0,6,0,1,1,8,2,4
67,72,block_3_15_1x1,1,15,50,6,6,50,0,6,0,2,1,8,2,4
67,72,block_3_15_1x1,1,15,51,7,6,51,0,6,0,3,1,8,2,4
67,72,block_3_15_1x1,1,14,52,6,5,52,0,6,1,0,1,8,2,4
67,72,block_3_15_1x1,1,14,53,7,5,53,0,6,1,1,1,8,2,4
67,72,block_3_15_1x1,1,14,54,6,4,54,0,6,1,2,1,8,2,4
67,72,block_3_15_1x1,1,14,55,7,4,55,0,6,1,3,1,8,2,4
67,72,block_3_15_1x1,1,13,56,6,3,56,0,7,0,0,1,8,2,4
67,72,block_3_15_1x1,1,13,57,7,3,57,0,7,0,1,1,8,2,4
67,72,block_3_15_1x1,1,13,58,6,2,58,0,7,0,2,1,8,2,4
67,72,block_3_15_1x1,1,13,59,7,2,59,0,7,0,3,1,8,2,4
67,72,block_3_15_1x1,1,12,60,6,1,60,0,7,1,0,1,8,2,4
67,72,block_3_15_1x1,1,12,61,7,1,61,0,7,1,1,1,8,2,4
67,72,block_3_15_1x1,1,12,62,6,0,62,0,7,1,2,1,8,2,4
67,72,block_3_15_1x1,1,12,63,7,0,63,0,7,1,3,1,8,2,4
68,73,block_3_15_3x3,2,0,0,0,0,0,0,0,0,0,2,4,2,4
68,73,block_3_15_3x3,2,0,1,1,0,1,0,0,0,1,2,4,2,4
68,73,block_3_15_3x3,2,0,2,0,1,2,0,0,0,2,2,4,2,4
68,73,block_3_15_3x3,2,0,3,1,1,3,0,0,0,3,2,4,2,4
68,73,block_3_15_3x3,2,1,4,0,2,4,0,0,1,0,2,4,2,4
68,73,block_3_15_3x3,2,1,5,1,2,5,0,0,1,1,2,4,2,4
68,73,block_3_15_3x3,2,1,6,0,3,6,0,0,1,2,2,4,2,4
68,73,block_3_15_3x3,2,1,7,1,3,7,0,0,1,3,2,4,2,4
68,73,block_3_15_3x3,2,2,8,0,4,32,1,0,0,0,2,4,2,4
68,73,block_3_15_3x3,2,2,9,1,4,33,1,0,0,1,2,4,2,4
68,73,block_3_15_3x3,2,2,10,0,5,34,1,0,0,2,2,4,2,4
68,73,block_3_15_3x3,2,2,11,1,5,35,1,0,0,3,2,4,2,4
68,73,block_3_15_3x3,2,3,12,0,6,36,1,0,1,0,2,4,2,4
68,73,block_3_15_3x3,2,3,13,1,6,37,1,0,1,1,2,4,2,4
68,73,block_3_15_3x3,2,3,14,0,7,38,1,0,1,2,2,4,2,4
68,73,block_3_15_3x3,2,3,15,1,7,39,1,0,1,3,2,4,2,4
68,73,block_3_15_3x3,2,7,16,2,7,8,0,1,0,0,2,4,2,4
68,73,block_3_15_3x3,2,7,17,3,7,9,0,1,0,1,2,4,2,4
68,73,block_3_15_3x3,2,7,18,2,6,10,0,1,0,2,2,4,2,4
68,73,block_3_15_3x3,2,7,19,3,6,11,0,1,0,3,2,4,2,4
68,73,block_3_15_3x3,2,6,20,2,5,12,0,1,1,0,2,4,2,4
68,73,block_3_15_3x3,2,6,21,3,5,13,0,1,1,1,2,4,2,4
68,73,block_3_15_3x3,2,6,22,2,4,14,0,1,1,2,2,4,2,4
68,73,block_3_15_3x3,2,6,23,3,4,15,0,1,1,3,2,4,2,4
68,73,block_3_15_3x3,2,5,24,2,3,40,1,1,0,0,2,4,2,4
68,73,block_3_15_3x3,2,5,25,3,3,41,1,1,0,1,2,4,2,4
68,73,block_3_15_3x3,2,5,26,2,2,42,1,1,0,2,2,4,2,4
68,73,block_3_15_3x3,2,5,27,3,2,43,1,1,0,3,2,4,2,4
68,73,block_3_15_3x3,2,4,28,2,1,44,1,1,1,0,2,4,2,4
68,73,block_3_15_3x3,2,4,29,3,1,45,1,1,1,1,2,4,2,4
68,73,block_3_15_3x3,2,4,30,2,0,46,1,1,1,2,2,4,2,4
68,73,block_3_15_3x3,2,4,31,3,0,47,1,1,1,3,2,4,2,4
68,73,block_3_15_3x3,2,8,32,4,0,16,0,2,0,0,2,4,2,4
68,73,block_3_15_3x3,2,8,33,5,0,17,0,2,0,1,2,4,2,4
68,73,block_3_15_3x3,2,8,34,4,1,18,0,2,0,2,2,4,2,4
68,73,block_3_15_3x3,2,8,35,5,1,19,0,2,0,3,2,4,2,4
68,73,block_3_15_3x3,2,9,36,4,2,20,0,2,1,0,2,4,2,4
68,73,block_3_15_3x3,2,9,37,5,2,21,0,2,1,1,2,4,2,4
68,73,block_3_15_3x3,2,9,38,4,3,22,0,2,1,2,2,4,2,4
68,73,block_3_15_3x3,2,9,39,5,3,23,0,2,1,3,2,4,2,4
68,73,block_3_15_3x3,2,10,40,4,4,48,1,2,0,0,2,4,2,4
68,73,block_3_15_3x3,2,10,41,5,4,49,1,2,0,1,2,4,2,4
68,73,block_3_15_3x3,2,10,42,4,5,50,1,2,0,2,2,4,2,4
68,73,block_3_15_3x3,2,10,43,5,5,51,1,2,0,3,2,4,2,4
68,73,block_3_15_3x3,2,11,44,4,6,52,1,2,1,0,2,4,2,4
68,73,block_3_15_3x3,2,11,45,5,6,53,1,2,1,1,2,4,2,4
68,73,block_3_15_3x3,2,11,46,4,7,54,1,2,1,2,2,4,2,4
68,73,block_3_15_3x3,2,11,47,5,7,55,1,2,1,3,2,4,2,4
68,73,block_3_15_3x3,2,15,48,6,7,24,0,3,0,0,2,4,2,4
68,73,block_3_15_3x3,2,15,49,7,7,25,0,3,0,1,2,4,2,4
68,73,block_3_15_3x3,2,15,50,6,6,26,0,3,0,2,2,4,2,4
68,73,block_3_15_3x3,2,15,51,7,6,27,0,3,0,3,2,4,2,4
68,73,block_3_15_3x3,2,14,52,6,5,28,0,3,1,0,2,4,2,4
68,73,block_3_15_3x3,2,14,53,7,5,29,0,3,1,1,2,4,2,4
68,73,block_3_15_3x3,2,14,54,6,4,30,0,3,1,2,2,4,2,4
68,73,block_3_15_3x3,2,14,55,7,4,31,0,3,1,3,2,4,2,4
68,73,block_3_15_3x3,2,13,56,6,3,56,1,3,0,0,2,4,2,4
68,73,block_3_15_3x3,2,13,57,7,3,57,1,3,0,1,2,4,2,4
68,73,block_3_15_3x3,2,13,58,6,2,58,1,3,0,2,2,4,2,4
68,73,block_3_15_3x3,2,13,59,7,2,59,1,3,0,3,2,4,2,4
68,73,block_3_15_3x3,2,12,60,6,1,60,1,3,1,0,2,4,2,4
68,73,block_3_15_3x3,2,12,61,7,1,61,1,3,1,1,2,4,2,4
68,73,block_3_15_3x3,2,12,62,6,0,62,1,3,1,2,2,4,2,4
68,73,block_3_15_3x3,2,12,63,7,0,63,1,3,1,3,2,4,2,4
69,74,block_3_16_1x1,1,0,0,0,0,0,0,0,0,0,1,8,2,4
69,74,block_3_16_1x1,1,0,1,1,0,1,0,0,0,1,1,8,2,4
69,74,block_3_16_1x1,1,0,2,0,1,2,0,0,0,2,1,8,2,4
69,74,block_3_16_1x1,1,0,3,1,1,3,0,0,0,3,1,8,2,4
69,74,block_3_16_1x1,1,1,4,0,2,4,0,0,1,0,1,8,2,4
69,74,block_3_16_1x1,1,1,5,1,2,5,0,0,1,1,1,8,2,4
69,74,block_3_16_1x1,1,1,6,0,3,6,0,0,1,2,1,8,2,4
69,74,block_3_16_1x1,1,1,7,1,3,7,0,0,1,3,1,8,2,4
69,74,block_3_16_1x1,1,2,8,0,4,8,0,1,0,0,1,8,2,4
69,74,block_3_16_1x1,1,2,9,1,4,9,0,1,0,1,1,8,2,4
69,74,block_3_16_1x1,1,2,10,0,5,10,0,1,0,2,1,8,2,4
69,74,block_3_16_1x1,1,2,11,1,5,11,0,1,0,3,1,8,2,4
69,74,block_3_16_1x1,1,3,12,0,6,12,0,1,1,0,1,8,2,4
69,74,block_3_16_1x1,1,3,13,1,6,13,0,1,1,1,1,8,2,4
69,74,block_3_16_1x1,1,3,14,0,7,14,0,1,1,2,1,8,2,4
69,74,block_3_16_1x1,1,3,15,1,7,15,0,1,1,3,1,8,2,4
69,74,block_3_16_1x1,1,7,16,2,7,16,0,2,0,0,1,8,2,4
69,74,block_3_16_1x1,1,7,17,3,7,17,0,2,0,1,1,8,2,4
69,74,block_3_16_1x1,1,7,18,2,6,18,0,2,0,2,1,8,2,4
69,74,block_3_16_1x1,1,7,19,3,6,19,0,2,0,3,1,8,2,4
69,74,block_3_16_1x1,1,6,20,2,5,20,0,2,1,0,1,8,2,4
69,74,block_3_16_1x1,1,6,21,3,5,21,0,2,1,1,1,8,2,4
69,74,block_3_16_1x1,1,6,22,2,4,22,0,2,1,2,1,8,2,4
69,74,block_3_16_1x1,1,6,23,3,4,23,0,2,1,3,1,8,2,4
69,74,block_3_16_1x1,1,5,24,2,3,24,0,3,0,0,1,8,2,4
69,74,block_3_16_1x1,1,5,25,3,3,25,0,3,0,1,1,8,2,4
69,74,block_3_16_1x1,1,5,26,2,2,26,0,3,0,2,1,8,2,4
69,74,block_3_16_1x1,1,5,27,3,2,27,0,3,0,3,1,8,2,4
69,74,block_3_16_1x1,1,4,28,2,1,28,0,3,1,0,1,8,2,4
69,74,block_3_16_1x1,1,4,29,3,1,29,0,3,1,1,1,8,2,4
69,74,block_3_16_1x1,1,4,30,2,0,30,0,3,1,2,1,8,2,4
69,74,block_3_16_1x1,1,4,31,3,0,31,0,3,1,3,1,8,2,4
69,74,block_3_16_1x1,1,8,32,4,0,32,0,4,0,0,1,8,2,4
69,74,block_3_16_1x1,1,8,33,5,0,33,0,4,0,1,1,8,2,4
69,74,block_3_16_1x1,1,8,34,4,1,34,0,4,0,2,1,8,2,4
69,74,block_3_16_1x1,1,8,35,5,1,35,0,4,0,3,1,8,2,4
69,74,block_3_16_1x1,1,9,36,4,2,36,0,4,1,0,1,8,2,4
69,74,block_3_16_1x1,1,9,37,5,2,37,0,4,1,1,1,8,2,4
69,74,block_3_16_1x1,1,9,38,4,3,38,0,4,1,2,1,8,2,4
69,74,block_3_16_1x1,1,9,39,5,3,39,0,4,1,3,1,8,2,4
69,74,block_3_16_1x1,1,10,40,4,4,40,0,5,0,0,1,8,2,4
69,74,block_3_16_1x1,1,10,41,5,4,41,0,5,0,1,1,8,2,4
69,74,block_3_16_1x1,1,10,42,4,5,42,0,5,0,2,1,8,2,4
69,74,block_3_16_1x1,1,10,43,5,5,43,0,5,0,3,1,8,2,4
69,74,block_3_16_1x1,1,11,44,4,6,44,0,5,1,0,1,8,2,4
69,74,block_3_16_1x1,1,11,45,5,6,45,0,5,1,1,1,8,2,4
69,74,block_3_16_1x1,1,11,46,4,7,46,0,5,1,2,1,8,2,4
69,74,block_3_16_1x1,1,11,47,5,7,47,0,5,1,3,1,8,2,4
69,74,block_3_16_1x1,1,15,48,6,7,48,0,6,0,0,1,8,2,4
69,74,block_3_16_1x1,1,15,49,7,7,49,0,6,0,1,1,8,2,4
69,74,block_3_16_1x1,1,15,50,6,6,50,0,6,0,2,1,8,2,4
69,74,block_3_16_1x1,1,15,51,7,6,51,0,6,0,3,1,8,2,4
69,74,block_3_16_1x1,1,14,52,6,5,52,0,6,1,0,1,8,2,4
69,74,block_3_16_1x1,1,14,53,7,5,53,0,6,1,1,1,8,2,4
69,74,block_3_16_1x1,1,14,54,6,4,54,0,6,1,2,1,8,2,4
69,74,block_3_16_1x1,1,14,55,7,4,55,0,6,1,3,1,8,2,4
69,74,block_3_16_1x1,1,13,56,6,3,56,0,7,0,0,1,8,2,4
69,74,block_3_16_1x1,1,13,57,7,3,57,0,7,0,1,1,8,2,4
69,74,block_3_16_1x1,1,13,58,6,2,58,0,7,0,2,1,8,2,4
69,74,block_3_16_1x1,1,13,59,7,2,59,0,7,0,3,1,8,2,4
69,74,block_3_16_1x1,1,12,60,6,1,60,0,7,1,0,1,8,2,4
69,74,block_3_16_1x1,1,12,61,7,1,61,0,7,1,1,1,8,2,4
69,74,block_3_16_1x1,1,12,62,6,0,62,0,7,1,2,1,8,2,4
69,74,block_3_16_1x1,1,12,63,7,0,63,0,7,1,3,1,8,2,4
70,75,block_3_16_3x3,2,0,0,0,0,0,0,0,0,0,2,4,2,4
70,75,block_3_16_3x3,2,0,1,1,0,1,0,0,0,1,2,4,2,4
70,75,block_3_16_3x3,2,0,2,0,1,2,0,0,0,2,2,4,2,4
70,75,block_3_16_3x3,2,0,3,1,1,3,0,0,0,3,2,4,2,4
70,75,block_3_16_3x3,2,1,4,0,2,4,0,0,1,0,2,4,2,4
70,75,block_3_16_3x3,2,1,5,1,2,5,0,0,1,1,2,4,2,4
70,75,block_3_16_3x3,2,1,6,0,3,6,0,0,1,2,2,4,2,4
70,75,block_3_16_3x3,2,1,7,1,3,7,0,0,1,3,2,4,2,4
70,75,block_3_16_3x3,2,2,8,0,4,32,1,0,0,0,2,4,2,4
70,75,block_3_16_3x3,2,2,9,1,4,33,1,0,0,1,2,4,2,4
70,75,block_3_16_3x3,2,2,10,0,5,34,1,0,0,2,2,4,2,4
70,75,block_3_16_3x3,2,2,11,1,5,35,1,0,0,3,2,4,2,4
70,75,block_3_16_3x3,2,3,12,0,6,36,1,0,1,0,2,4,2,4
70,75,block_3_16_3x3,2,3,13,1,6,37,1,0,1,1,2,4,2,4
70,75,block_3_16_3x3,2,3,14,0,7,38,1,0,1,2,2,4,2,4
70,75,block_3_16_3x3,2,3,15,1,7,39,1,0,1,3,2,4,2,4
70,75,block_3_16_3x3,2,7,16,2,7,8,0,1,0,0,2,4,2,4
70,75,block_3_16_3x3,2,7,17,3,7,9,0,1,0,1,2,4,2,4
70,75,block_3_16_3x3,2,7,18,2,6,10,0,1,0,2,2,4,2,4
70,75,block_3_16_3x3,2,7,19,3,6,11,0,1,0,3,2,4,2,4
70,75,block_3_16_3x3,2,6,20,2,5,12,0,1,1,0,2,4,2,4
70,75,block_3_16_3x3,2,6,21,3,5,13,0,1,1,1,2,4,2,4
70,75,block_3_16_3x3,2,6,22,2,4,14,0,1,1,2,2,4,2,4
70,75,block_3_16_3x3,2,6,23,3,4,15,0,1,1,3,2,4,2,4
70,75,block_3_16_3x3,2,5,24,2,3,40,1,1,0,0,2,4,2,4
70,75,block_3_16_3x3,2,5,25,3,3,41,1,1,0,1,2,4,2,4
70,75,block_3_16_3x3,2,5,26,2,2,42,1,1,0,2,2,4,2,4
70,75,block_3_16_3x3,2,5,27,3,2,43,1,1,0,3,2,4,2,4
70,75,block_3_16_3x3,2,4,28,2,1,44,1,1,1,0,2,4,2,4
70,75,block_3_16_3x3,2,4,29,3,1,45,1,1,1,1,2,4,2,4
70,75,block_3_16_3x3,2,4,30,2,0,46,1,1,1,2,2,4,2,4
70,75,block_3_16_3x3,2,4,31,3,0,47,1,1,1,3,2,4,2,4
70,75,block_3_16_3x3,2,8,32,4,0,16,0,2,0,0,2,4,2,4
70,75,block_3_16_3x3,2,8,33,5,0,17,0,2,0,1,2,4,2,4
70,75,block_3_16_3x3,2,8,34,4,1,18,0,2,0,2,2,4,2,4
70,75,block_3_16_3x3,2,8,35,5,1,19,0,2,0,3,2,4,2,4
70,75,block_3_16_3x3,2,9,36,4,2,20,0,2,1,0,2,4,2,4
70,75,block_3_16_3x3,2,9,37,5,2,21,0,2,1,1,2,4,2,4
70,75,block_3_16_3x3,2,9,38,4,3,22,0,2,1,2,2,4,2,4
70,75,block_3_16_3x3,2,9,39,5,3,23,0,2,1,3,2,4,2,4
70,75,block_3_16_3x3,2,10,40,4,4,48,1,2,0,0,2,4,2,4
70,75,block_3_16_3x3,2,10,41,5,4,49,1,2,0,1,2,4,2,4
70,75,block_3_16_3x3,2,10,42,4,5,50,1,2,0,2,2,4,2,4
70,75,block_3_16_3x3,2,10,43,5,5,51,1,2,0,3,2,4,2,4
70,75,block_3_16_3x3,2,11,44,4,6,52,1,2,1,0,2,4,2,4
70,75,block_3_16_3x3,2,11,45,5,6,53,1,2,1,1,2,4,2,4
70,75,block_3_16_3x3,2,11,46,4,7,54,1,2,1,2,2,4,2,4
70,75,block_3_16_3x3,2,11,47,5,7,55,1,2,1,3,2,4,2,4
70,75,block_3_16_3x3,2,15,48,6,7,24,0,3,0,0,2,4,2,4
70,75,block_3_16_3x3,2,15,49,7,7,25,0,3,0,1,2,4,2,4
70,75,block_3_16_3x3,2,15,50,6,6,26,0,3,0,2,2,4,2,4
70,75,block_3_16_3x3,2,15,51,7,6,27,0,3,0,3,2,4,2,4
70,75,block_3_16_3x3,2,14,52,6,5,28,0,3,1,0,2,4,2,4
70,75,block_3_16_3x3,2,14,53,7,5,29,0,3,1,1,2,4,2,4
70,75,block_3_16_3x3,2,14,54,6,4,30,0,3,1,2,2,4,2,4
70,75,block_3_16_3x3,2,14,55,7,4,31,0,3,1,3,2,4,2,4
70,75,block_3_16_3x3,2,13,56,6,3,56,1,3,0,0,2,4,2,4
70,75,block_3_16_3x3,2,13,57,7,3,57,1,3,0,1,2,4,2,4
70,75,block_3_16_3x3,2,13,58,6,2,58,1,3,0,2,2,4,2,4
70,75,block_3_16_3x3,2,13,59,7,2,59,1,3,0,3,2,4,2,4
70,75,block_3_16_3x3,2,12,60,6,1,60,1,3,1,0,2,4,2,4
70,75,block_3_16_3x3,2,12,61,7,1,61,1,3,1,1,2,4,2,4
70,75,block_3_16_3x3,2,12,62,6,0,62,1,3,1,2,2,4,2,4
70,75,block_3_16_3x3,2,12,63,7,0,63,1,3,1,3,2,4,2,4
71,76,block_3_17_1x1,1,0,0,0,0,0,0,0,0,0,1,8,2,4
71,76,block_3_17_1x1,1,0,1,1,0,1,0,0,0,1,1,8,2,4
71,76,block_3_17_1x1,1,0,2,0,1,2,0,0,0,2,1,8,2,4
71,76,block_3_17_1x1,1,0,3,1,1,3,0,0,0,3,1,8,2,4
71,76,block_3_17_1x1,1,1,4,0,2,4,0,0,1,0,1,8,2,4
71,76,block_3_17_1x1,1,1,5,1,2,5,0,0,1,1,1,8,2,4
71,76,block_3_17_1x1,1,1,6,0,3,6,0,0,1,2,1,8,2,4
71,76,block_3_17_1x1,1,1,7,1,3,7,0,0,1,3,1,8,2,4
71,76,block_3_17_1x1,1,2,8,0,4,8,0,1,0,0,1,8,2,4
71,76,block_3_17_1x1,1,2,9,1,4,9,0,1,0,1,1,8,2,4
71,76,block_3_17_1x1,1,2,10,0,5,10,0,1,0,2,1,8,2,4
71,76,block_3_17_1x1,1,2,11,1,5,11,0,1,0,3,1,8,2,4
71,76,block_3_17_1x1,1,3,12,0,6,12,0,1,1,0,1,8,2,4
71,76,block_3_17_1x1,1,3,13,1,6,13,0,1,1,1,1,8,2,4
71,76,block_3_17_1x1,1,3,14,0,7,14,0,1,1,2,1,8,2,4
71,76,block_3_17_1x1,1,3,15,1,7,15,0,1,1,3,1,8,2,4
71,76,block_3_17_1x1,1,7,16,2,7,16,0,2,0,0,1,8,2,4
71,76,block_3_17_1x1,1,7,17,3,7,17,0,2,0,1,1,8,2,4
71,76,block_3_17_1x1,1,7,18,2,6,18,0,2,0,2,1,8,2,4
71,76,block_3_17_1x1,1,7,19,3,6,19,0,2,0,3,1,8,2,4
71,76,block_3_17_1x1,1,6,20,2,5,20,0,2,1,0,1,8,2,4
71,76,block_3_17_1x1,1,6,21,3,5,21,0,2,1,1,1,8,2,4
71,76,block_3_17_1x1,1,6,22,2,4,22,0,2,1,2,1,8,2,4
71,76,block_3_17_1x1,1,6,23,3,4,23,0,2,1,3,1,8,2,4
71,76,block_3_17_1x1,1,5,24,2,3,24,0,3,0,0,1,8,2,4
71,76,block_3_17_1x1,1,5,25,3,3,25,0,3,0,1,1,8,2,4
71,76,block_3_17_1x1,1,5,26,2,2,26,0,3,0,2,1,8,2,4
71,76,block_3_17_1x1,1,5,27,3,2,27,0,3,0,3,1,8,2,4
71,76,block_3_17_1x1,1,4,28,2,1,28,0,3,1,0,1,8,2,4
71,76,block_3_17_1x1,1,4,29,3,1,29,0,3,1,1,1,8,2,4
71,76,block_3_17_1x1,1,4,30,2,0,30,0,3,1,2,1,8,2,4
71,76,block_3_17_1x1,1,4,31,3,0,31,0,3,1,3,1,8,2,4
71,76,block_3_17_1x1,1,8,32,4,0,32,0,4,0,0,1,8,2,4
71,76,block_3_17_1x1,1,8,33,5,0,33,0,4,0,1,1,8,2,4
71,76,block_3_17_1x1,1,8,34,4,1,34,0,4,0,2,1,8,2,4
71,76,block_3_17_1x1,1,8,35,5,1,35,0,4,0,3,1,8,2,4
71,76,block_3_17_1x1,1,9,36,4,2,36,0,4,1,0,1,8,2,4
71,76,block_3_17_1x1,1,9,37,5,2,37,0,4,1,1,1,8,2,4
71,76,block_3_17_1x1,1,9,38,4,3,38,0,4,1,2,1,8,2,4
71,76,block_3_17_1x1,1,9,39,5,3,39,0,4,1,3,1,8,2,4
71,76,block_3_17_1x1,1,10,40,4,4,40,0,5,0,0,1,8,2,4
71,76,block_3_17_1x1,1,10,41,5,4,41,0,5,0,1,1,8,2,4
71,76,block_3_17_1x1,1,10,42,4,5,42,0,5,0,2,1,8,2,4
71,76,block_3_17_1x1,1,10,43,5,5,43,0,5,0,3,1,8,2,4
71,76,block_3_17_1x1,1,11,44,4,6,44,0,5,1,0,1,8,2,4
71,76,block_3_17_1x1,1,11,45,5,6,45,0,5,1,1,1,8,2,4
71,76,block_3_17_1x1,1,11,46,4,7,46,0,5,1,2,1,8,2,4
71,76,block_3_17_1x1,1,11,47,5,7,47,0,5,1,3,1,8,2,4
71,76,block_3_17_1x1,1,15,48,6,7,48,0,6,0,0,1,8,2,4
71,76,block_3_17_1x1,1,15,49,7,7,49,0,6,0,1,1,8,2,4
71,76,block_3_17_1x1,1,15,50,6,6,50,0,6,0,2,1,8,2,4
71,76,block_3_17_1x1,1,15,51,7,6,51,0,6,0,3,1,8,2,4
71,76,block_3_17_1x1,1,14,52,6,5,52,0,6,1,0,1,8,2,4
71,76,block_3_17_1x1,1,14,53,7,5,53,0,6,1,1,1,8,2,4
71,76,block_3_17_1x1,1,14,54,6,4,54,0,6,1,2,1,8,2,4
71,76,block_3_17_1x1,1,14,55,7,4,55,0,6,1,3,1,8,2,4
71,76,block_3_17_1x1,1,13,56,6,3,56,0,7,0,0,1,8,2,4
71,76,block_3_17_1x1,1,13,57,7,3,57,0,7,0,1,1,8,2,4
71,76,block_3_17_1x1,1,13,58,6,2,58,0,7,0,2,1,8,2,4
71,76,block_3_17_1x1,1,13,59,7,2,59,0,7,0,3,1,8,2,4
71,76,block_3_17_1x1,1,12,60,6,1,60,0,7,1,0,1,8,2,4
71,76,block_3_17_1x1,1,12,61,7,1,61,0,7,1,1,1,8,2,4
71,76,block_3_17_1x1,1,12,62,6,0,62,0,7,1,2,1,8,2,4
71,76,block_3_17_1x1,1,12,63,7,0,63,0,7,1,3,1,8,2,4
72,77,block_3_17_3x3,2,0,0,0,0,0,0,0,0,0,2,4,2,4
72,77,block_3_17_3x3,2,0,1,1,0,1,0,0,0,1,2,4,2,4
72,77,block_3_17_3x3,2,0,2,0,1,2,0,0,0,2,2,4,2,4
72,77,block_3_17_3x3,2,0,3,1,1,3,0,0,0,3,2,4,2,4
72,77,block_3_17_3x3,2,1,4,0,2,4,0,0,1,0,2,4,2,4
72,77,block_3_17_3x3,2,1,5,1,2,5,0,0,1,1,2,4,2,4
72,77,block_3_17_3x3,2,1,6,0,3,6,0,0,1,2,2,4,2,4
72,77,block_3_17_3x3,2,1,7,1,3,7,0,0,1,3,2,4,2,4
72,77,block_3_17_3x3,2,2,8,0,4,32,1,0,0,0,2,4,2,4
72,77,block_3_17_3x3,2,2,9,1,4,33,1,0,0,1,2,4,2,4
72,77,block_3_17_3x3,2,2,10,0,5,34,1,0,0,2,2,4,2,4
72,77,block_3_17_3x3,2,2,11,1,5,35,1,0,0,3,2,4,2,4
72,77,block_3_17_3x3,2,3,12,0,6,36,1,0,1,0,2,4,2,4
72,77,block_3_17_3x3,2,3,13,1,6,37,1,0,1,1,2,4,2,4
72,77,block_3_17_3x3,2,3,14,0,7,38,1,0,1,2,2,4,2,4
72,77,block_3_17_3x3,2,3,15,1,7,39,1,0,1,3,2,4,2,4
72,77,block_3_17_3x3,2,7,16,2,7,8,0,1,0,0,2,4,2,4
72,77,block_3_17_3x3,2,7,17,3,7,9,0,1,0,1,2,4,2,4
72,77,block_3_17_3x3,2,7,18,2,6,10,0,1,0,2,2,4,2,4
72,77,block_3_17_3x3,2,7,19,3,6,11,0,1,0,3,2,4,2,4
72,77,block_3_17_3x3,2,6,20,2,5,12,0,1,1,0,2,4,2,4
72,77,block_3_17_3x3,2,6,21,3,5,13,0,1,1,1,2,4,2,4
72,77,block_3_17_3x3,2,6,22,2,4,14,0,1,1,2,2,4,2,4
72,77,block_3_17_3x3,2,6,23,3,4,15,0,1,1,3,2,4,2,4
72,77,block_3_17_3x3,2,5,24,2,3,40,1,1,0,0,2,4,2,4
72,77,block_3_17_3x3,2,5,25,3,3,41,1,1,0,1,2,4,2,4
72,77,block_3_17_3x3,2,5,26,2,2,42,1,1,0,2,2,4,2,4
72,77,block_3_17_3x3,2,5,27,3,2,43,1,1,0,3,2,4,2,4
72,77,block_3_17_3x3,2,4,28,2,1,44,1,1,1,0,2,4,2,4
72,77,block_3_17_3x3,2,4,29,3,1,45,1,1,1,1,2,4,2,4
72,77,block_3_17_3x3,2,4,30,2,0,46,1,1,1,2,2,4,2,4
72,77,block_3_17_3x3,2,4,31,3,0,47,1,1,1,3,2,4,2,4
72,77,block_3_17_3x3,2,8,32,4,0,16,0,2,0,0,2,4,2,4
72,77,block_3_17_3x3,2,8,33,5,0,17,0,2,0,1,2,4,2,4
72,77,block_3_17_3x3,2,8,34,4,1,18,0,2,0,2,2,4,2,4
72,77,block_3_17_3x3,2,8,35,5,1,19,0,2,0,3,2,4,2,4
72,77,block_3_17_3x3,2,9,36,4,2,20,0,2,1,0,2,4,2,4
72,77,block_3_17_3x3,2,9,37,5,2,21,0,2,1,1,2,4,2,4
72,77,block_3_17_3x3,2,9,38,4,3,22,0,2,1,2,2,4,2,4
72,77,block_3_17_3x3,2,9,39,5,3,23,0,2,1,3,2,4,2,4
72,77,block_3_17_3x3,2,10,40,4,4,48,1,2,0,0,2,4,2,4
72,77,block_3_17_3x3,2,10,41,5,4,49,1,2,0,1,2,4,2,4
72,77,block_3_17_3x3,2,10,42,4,5,50,1,2,0,2,2,4,2,4
72,77,block_3_17_3x3,2,10,43,5,5,51,1,2,0,3,2,4,2,4
72,77,block_3_17_3x3,2,11,44,4,6,52,1,2,1,0,2,4,2,4
72,77,block_3_17_3x3,2,11,45,5,6,53,1,2,1,1,2,4,2,4
72,77,block_3_17_3x3,2,11,46,4,7,54,1,2,1,2,2,4,2,4
72,77,block_3_17_3x3,2,11,47,5,7,55,1,2,1,3,2,4,2,4
72,77,block_3_17_3x3,2,15,48,6,7,24,0,3,0,0,2,4,2,4
72,77,block_3_17_3x3,2,15,49,7,7,25,0,3,0,1,2,4,2,4
72,77,block_3_17_3x3,2,15,50,6,6,26,0,3,0,2,2,4,2,4
72,77,block_3_17_3x3,2,15,51,7,6,27,0,3,0,3,2,4,2,4
72,77,block_3_17_3x3,2,14,52,6,5,28,0,3,1,0,2,4,2,4
72,77,block_3_17_3x3,2,14,53,7,5,29,0,3,1,1,2,4,2,4
72,77,block_3_17_3x3,2,14,54,6,4,30,0,3,1,2,2,4,2,4
72,77,block_3_17_3x3,2,14,55,7,4,31,0,3,1,3,2,4,2,4
72,77,block_3_17_3x3,2,13,56,6,3,56,1,3,0,0,2,4,2,4
72,77,block_3_17_3x3,2,13,57,7,3,57,1,3,0,1,2,4,2,4
72,77,block_3_17_3x3,2,13,58,6,2,58,1,3,0,2,2,4,2,4
72,77,block_3_17_3x3,2,13,59,7,2,59,1,3,0,3,2,4,2,4
72,77,block_3_17_3x3,2,12,60,6,1,60,1,3,1,0,2,4,2,4
72,77,block_3_17_3x3,2,12,61,7,1,61,1,3,1,1,2,4,2,4
72,77,block_3_17_3x3,2,12,62,6,0,62,1,3,1,2,2,4,2,4
72,77,block_3_17_3x3,2,12,63,7,0,63,1,3,1,3,2,4,2,4
73,78,block_3_18_1x1,1,0,0,0,0,0,0,0,0,0,1,8,2,4
73,78,block_3_18_1x1,1,0,1,1,0,1,0,0,0,1,1,8,2,4
73,78,block_3_18_1x1,1,0,2,0,1,2,0,0,0,2,1,8,2,4
73,78,block_3_18_1x1,1,0,3,1,1,3,0,0,0,3,1,8,2,4
73,78,block_3_18_1x1,1,1,4,0,2,4,0,0,1,0,1,8,2,4
73,78,block_3_18_1x1,1,1,5,1,2,5,0,0,1,1,1,8,2,4
73,78,block_3_18_1x1,1,1,6,0,3,6,0,0,1,2,1,8,2,4
73,78,block_3_18_1x1,1,1,7,1,3,7,0,0,1,3,1,8,2,4
73,78,block_3_18_1x1,1,2,8,0,4,8,0,1,0,0,1,8,2,4
73,78,block_3_18_1x1,1,2,9,1,4,9,0,1,0,1,1,8,2,4
73,78,block_3_18_1x1,1,2,10,0,5,10,0,1,0,2,1,8,2,4
73,78,block_3_18_1x1,1,2,11,1,5,11,0,1,0,3,1,8,2,4
73,78,block_3_18_1x1,1,3,12,0,6,12,0,1,1,0,1,8,2,4
73,78,block_3_18_1x1,1,3,13,1,6,13,0,1,1,1,1,8,2,4
73,78,block_3_18_1x1,1,3,14,0,7,14,0,1,1,2,1,8,2,4
73,78,block_3_18_1x1,1,3,15,1,7,15,0,1,1,3,1,8,2,4
73,78,block_3_18_1x1,1,7,16,2,7,16,0,2,0,0,1,8,2,4
73,78,block_3_18_1x1,1,7,17,3,7,17,0,2,0,1,1,8,2,4
73,78,block_3_18_1x1,1,7,18,2,6,18,0,2,0,2,1,8,2,4
73,78,block_3_18_1x1,1,7,19,3,6,19,0,2,0,3,1,8,2,4
73,78,block_3_18_1x1,1,6,20,2,5,20,0,2,1,0,1,8,2,4
73,78,block_3_18_1x1,1,6,21,3,5,21,0,2,1,1,1,8,2,4
73,78,block_3_18_1x1,1,6,22,2,4,22,0,2,1,2,1,8,2,4
73,78,block_3_18_1x1,1,6,23,3,4,23,0,2,1,3,1,8,2,4
73,78,block_3_18_1x1,1,5,24,2,3,24,0,3,0,0,1,8,2,4
73,78,block_3_18_1x1,1,5,25,3,3,25,0,3,0,1,1,8,2,4
73,78,block_3_18_1x1,1,5,26,2,2,26,0,3,0,2,1,8,2,4
73,78,block_3_18_1x1,1,5,27,3,2,27,0,3,0,3,1,8,2,4
73,78,block_3_18_1x1,1,4,28,2,1,28,0,3,1,0,1,8,2,4
73,78,block_3_18_1x1,1,4,29,3,1,29,0,3,1,1,1,8,2,4
73,78,block_3_18_1x1,1,4,30,2,0,30,0,3,1,2,1,8,2,4
73,78,block_3_18_1x1,1,4,31,3,0,31,0,3,1,3,1,8,2,4
73,78,block_3_18_1x1,1,8,32,4,0,32,0,4,0,0,1,8,2,4
73,78,block_3_18_1x1,1,8,33,5,0,33,0,4,0,1,1,8,2,4
73,78,block_3_18_1x1,1,8,34,4,1,34,0,4,0,2,1,8,2,4
73,78,block_3_18_1x1,1,8,35,5,1,35,0,4,0,3,1,8,2,4
73,78,block_3_18_1x1,1,9,36,4,2,36,0,4,1,0,1,8,2,4
73,78,block_3_18_1x1,1,9,37,5,2,37,0,4,1,1,1,8,2,4
73,78,block_3_18_1x1,1,9,38,4,3,38,0,4,1,2,1,8,2,4
73,78,block_3_18_1x1,1,9,39,5,3,39,0,4,1,3,1,8,2,4
73,78,block_3_18_1x1,1,10,40,4,4,40,0,5,0,0,1,8,2,4
73,78,block_3_18_1x1,1,10,41,5,4,41,0,5,0,1,1,8,2,4
73,78,block_3_18_1x1,1,10,42,4,5,42,0,5,0,2,1,8,2,4
73,78,block_3_18_1x1,1,10,43,5,5,43,0,5,0,3,1,8,2,4
73,78,block_3_18_1x1,1,11,44,4,6,44,0,5,1,0,1,8,2,4
73,78,block_3_18_1x1,1,11,45,5,6,45,0,5,1,1,1,8,2,4
73,78,block_3_18_1x1,1,11,46,4,7,46,0,5,1,2,1,8,2,4
73,78,block_3_18_1x1,1,11,47,5,7,47,0,5,1,3,1,8,2,4
73,78,block_3_18_1x1,1,15,48,6,7,48,0,6,0,0,1,8,2,4
73,78,block_3_18_1x1,1,15,49,7,7,49,0,6,0,1,1,8,2,4
73,78,block_3_18_1x1,1,15,50,6,6,50,0,6,0,2,1,8,2,4
73,78,block_3_18_1x1,1,15,51,7,6,51,0,6,0,3,1,8,2,4
73,78,block_3_18_1x1,1,14,52,6,5,52,0,6,1,0,1,8,2,4
73,78,block_3_18_1x1,1,14,53,7,5,53,0,6,1,1,1,8,2,4
73,78,block_3_18_1x1,1,14,54,6,4,54,0,6,1,2,1,8,2,4
73,78,block_3_18_1x1,1,14,55,7,4,55,0,6,1,3,1,8,2,4
73,78,block_3_18_1x1,1,13,56,6,3,56,0,7,0,0,1,8,2,4
73,78,block_3_18_1x1,1,13,57,7,3,57,0,7,0,1,1,8,2,4
73,78,block_3_18_1x1,1,13,58,6,2,58,0,7,0,2,1,8,2,4
73,78,block_3_18_1x1,1,13,59,7,2,59,0,7,0,3,1,8,2,4
73,78,block_3_18_1x1,1,12,60,6,1,60,0,7,1,0,1,8,2,4
73,78,block_3_18_1x1,1,12,61,7,1,61,0,7,1,1,1,8,2,4
73,78,block_3_18_1x1,1,12,62,6,0,62,0,7,1,2,1,8,2,4
73,78,block_3_18_1x1,1,12,63,7,0,63,0,7,1,3,1,8,2,4
74,79,block_3_18_3x3,4,0,0,0,0,0,0,0,0,0,4,1,2,2
74,79,block_3_18_3x3,4,0,1,1,0,1,0,0,0,1,4,1,2,2
74,79,block_3_18_3x3,4,0,2,0,1,2,0,0,1,0,4,1,2,2
74,79,block_3_18_3x3,4,0,3,1,1,3,0,0,1,1,4,1,2,2
74,79,block_3_18_3x3,4,1,4,0,2,4,1,0,0,0,4,1,2,2
74,79,block_3_18_3x3,4,1,5,1,2,5,1,0,0,1,4,1,2,2
74,79,block_3_18_3x3,4,1,6,0,3,6,1,0,1,0,4,1,2,2
74,79,block_3_18_3x3,4,1,7,1,3,7,1,0,1,1,4,1,2,2
74,79,block_3_18_3x3,4,2,8,0,4,8,2,0,0,0,4,1,2,2
74,79,block_3_18_3x3,4,2,9,1,4,9,2,0,0,1,4,1,2,2
74,79,block_3_18_3x3,4,2,10,0,5,10,2,0,1,0,4,1,2,2
74,79,block_3_18_3x3,4,2,11,1,5,11,2,0,1,1,4,1,2,2
74,79,block_3_18_3x3,4,3,12,0,6,12,3,0,0,0,4,1,2,2
74,79,block_3_18_3x3,4,3,13,1,6,13,3,0,0,1,4,1,2,2
74,79,block_3_18_3x3,4,3,14,0,7,14,3,0,1,0,4,1,2,2
74,79,block_3_18_3x3,4,3,15,1,7,15,3,0,1,1,4,1,2,2
74,80,block_3_19_1x1,4,7,16,2,7,0,0,0,0,0,4,2,2,3
74,80,block_3_19_1x1,4,7,17,3,7,1,0,0,0,1,4,2,2,3
74,80,block_3_19_1x1,4,7,18,2,6,2,0,0,0,2,4,2,2,3
74,80,block_3_19_1x1,4,7,19,3,6,3,0,0,1,0,4,2,2,3
74,80,block_3_19_1x1,4,6,20,2,5,4,0,0,1,1,4,2,2,3
74,80,block_3_19_1x1,4,6,21,3,5,5,0,0,1,2,4,2,2,3
74,80,block_3_19_1x1,4,6,22,2,4,12,1,0,0,0,4,2,2,3
74,80,block_3_19_1x1,4,6,23,3,4,13,1,0,0,1,4,2,2,3
74,80,block_3_19_1x1,4,5,24,2,3,14,1,0,0,2,4,2,2,3
74,80,block_3_19_1x1,4,5,25,3,3,15,1,0,1,0,4,2,2,3
74,80,block_3_19_1x1,4,5,26,2,2,16,1,0,1,1,4,2,2,3
74,80,block_3_19_1x1,4,5,27,3,2,17,1,0,1,2,4,2,2,3
74,80,block_3_19_1x1,4,4,28,2,1,24,2,0,0,0,4,2,2,3
74,80,block_3_19_1x1,4,4,29,3,1,25,2,0,0,1,4,2,2,3
74,80,block_3_19_1x1,4,4,30,2,0,26,2,0,0,2,4,2,2,3
74,80,block_3_19_1x1,4,4,31,3,0,27,2,0,1,0,4,2,2,3
74,80,block_3_19_1x1,4,8,32,4,0,28,2,0,1,1,4,2,2,3
74,80,block_3_19_1x1,4,8,33,5,0,29,2,0,1,2,4,2,2,3
74,80,block_3_19_1x1,4,8,34,4,1,36,3,0,0,0,4,2,2,3
74,80,block_3_19_1x1,4,8,35,5,1,37,3,0,0,1,4,2,2,3
74,80,block_3_19_1x1,4,9,36,4,2,38,3,0,0,2,4,2,2,3
74,80,block_3_19_1x1,4,9,37,5,2,39,3,0,1,0,4,2,2,3
74,80,block_3_19_1x1,4,9,38,4,3,40,3,0,1,1,4,2,2,3
74,80,block_3_19_1x1,4,9,39,5,3,41,3,0,1,2,4,2,2,3
74,80,block_3_19_1x1,4,10,40,4,4,6,0,1,0,0,4,2,2,3
74,80,block_3_19_1x1,4,10,41,5,4,7,0,1,0,1,4,2,2,3
74,80,block_3_19_1x1,4,10,42,4,5,8,0,1,0,2,4,2,2,3
74,80,block_3_19_1x1,4,10,43,5,5,9,0,1,1,0,4,2,2,3
74,80,block_3_19_1x1,4,11,44,4,6,10,0,1,1,1,4,2,2,3
74,80,block_3_19_1x1,4,11,45,5,6,11,0,1,1,2,4,2,2,3
74,80,block_3_19_1x1,4,11,46,4,7,18,1,1,0,0,4,2,2,3
74,80,block_3_19_1x1,4,11,47,5,7,19,1,1,0,1,4,2,2,3
74,80,block_3_19_1x1,4,15,48,6,7,20,1,1,0,2,4,2,2,3
74,80,block_3_19_1x1,4,15,49,7,7,21,1,1,1,0,4,2,2,3
74,80,block_3_19_1x1,4,15,50,6,6,22,1,1,1,1,4,2,2,3
74,80,block_3_19_1x1,4,15,51,7,6,23,1,1,1,2,4,2,2,3
74,80,block_3_19_1x1,4,14,52,6,5,30,2,1,0,0,4,2,2,3
74,80,block_3_19_1x1,4,14,53,7,5,31,2,1,0,1,4,2,2,3
74,80,block_3_19_1x1,4,14,54,6,4,32,2,1,0,2,4,2,2,3
74,80,block_3_19_1x1,4,14,55,7,4,33,2,1,1,0,4,2,2,3
74,80,block_3_19_1x1,4,13,56,6,3,34,2,1,1,1,4,2,2,3
74,80,block_3_19_1x1,4,13,57,7,3,35,2,1,1,2,4,2,2,3
74,80,block_3_19_1x1,4,13,58,6,2,42,3,1,0,0,4,2,2,3
74,80,block_3_19_1x1,4,13,59,7,2,43,3,1,0,1,4,2,2,3
74,80,block_3_19_1x1,4,12,60,6,1,44,3,1,0,2,4,2,2,3
74,80,block_3_19_1x1,4,12,61,7,1,45,3,1,1,0,4,2,2,3
74,80,block_3_19_1x1,4,12,62,6,0,46,3,1,1,1,4,2,2,3
74,80,block_3_19_1x1,4,12,63,7,0,47,3,1,1,2,4,2,2,3
75,81,block_3_19_3x3,2,0,0,0,0,0,0,0,0,0,2,4,2,4
75,81,block_3_19_3x3,2,0,1,1,0,1,0,0,0,1,2,4,2,4
75,81,block_3_19_3x3,2,0,2,0,1,2,0,0,0,2,2,4,2,4
75,81,block_3_19_3x3,2,0,3,1,1,3,0,0,0,3,2,4,2,4
75,81,block_3_19_3x3,2,1,4,0,2,4,0,0,1,0,2,4,2,4
75,81,block_3_19_3x3,2,1,5,1,2,5,0,0,1,1,2,4,2,4
75,81,block_3_19_3x3,2,1,6,0,3,6,0,0,1,2,2,4,2,4
75,81,block_3_19_3x3,2,1,7,1,3,7,0,0,1,3,2,4,2,4
75,81,block_3_19_3x3,2,2,8,0,4,32,1,0,0,0,2,4,2,4
75,81,block_3_19_3x3,2,2,9,1,4,33,1,0,0,1,2,4,2,4
75,81,block_3_19_3x3,2,2,10,0,5,34,1,0,0,2,2,4,2,4
75,81,block_3_19_3x3,2,2,11,1,5,35,1,0,0,3,2,4,2,4
75,81,block_3_19_3x3,2,3,12,0,6,36,1,0,1,0,2,4,2,4
75,81,block_3_19_3x3,2,3,13,1,6,37,1,0,1,1,2,4,2,4
75,81,block_3_19_3x3,2,3,14,0,7,38,1,0,1,2,2,4,2,4
75,81,block_3_19_3x3,2,3,15,1,7,39,1,0,1,3,2,4,2,4
75,81,block_3_19_3x3,2,7,16,2,7,8,0,1,0,0,2,4,2,4
75,81,block_3_19_3x3,2,7,17,3,7,9,0,1,0,1,2,4,2,4
75,81,block_3_19_3x3,2,7,18,2,6,10,0,1,0,2,2,4,2,4
75,81,block_3_19_3x3,2,7,19,3,6,11,0,1,0,3,2,4,2,4
75,81,block_3_19_3x3,2,6,20,2,5,12,0,1,1,0,2,4,2,4
75,81,block_3_19_3x3,2,6,21,3,5,13,0,1,1,1,2,4,2,4
75,81,block_3_19_3x3,2,6,22,2,4,14,0,1,1,2,2,4,2,4
75,81,block_3_19_3x3,2,6,23,3,4,15,0,1,1,3,2,4,2,4
75,81,block_3_19_3x3,2,5,24,2,3,40,1,1,0,0,2,4,2,4
75,81,block_3_19_3x3,2,5,25,3,3,41,1,1,0,1,2,4,2,4
75,81,block_3_19_3x3,2,5,26,2,2,42,1,1,0,2,2,4,2,4
75,81,block_3_19_3x3,2,5,27,3,2,43,1,1,0,3,2,4,2,4
75,81,block_3_19_3x3,2,4,28,2,1,44,1,1,1,0,2,4,2,4
75,81,block_3_19_3x3,2,4,29,3,1,45,1,1,1,1,2,4,2,4
75,81,block_3_19_3x3,2,4,30,2,0,46,1,1,1,2,2,4,2,4
75,81,block_3_19_3x3,2,4,31,3,0,47,1,1,1,3,2,4,2,4
75,81,block_3_19_3x3,2,8,32,4,0,16,0,2,0,0,2,4,2,4
75,81,block_3_19_3x3,2,8,33,5,0,17,0,2,0,1,2,4,2,4
75,81,block_3_19_3x3,2,8,34,4,1,18,0,2,0,2,2,4,2,4
75,81,block_3_19_3x3,2,8,35,5,1,19,0,2,0,3,2,4,2,4
75,81,block_3_19_3x3,2,9,36,4,2,20,0,2,1,0,2,4,2,4
75,81,block_3_19_3x3,2,9,37,5,2,21,0,2,1,1,2,4,2,4
75,81,block_3_19_3x3,2,9,38,4,3,22,0,2,1,2,2,4,2,4
75,81,block_3_19_3x3,2,9,39,5,3,23,0,2,1,3,2,4,2,4
75,81,block_3_19_3x3,2,10,40,4,4,48,1,2,0,0,2,4,2,4
75,81,block_3_19_3x3,2,10,41,5,4,49,1,2,0,1,2,4,2,4
75,81,block_3_19_3x3,2,10,42,4,5,50,1,2,0,2,2,4,2,4
75,81,block_3_19_3x3,2,10,43,5,5,51,1,2,0,3,2,4,2,4
75,81,block_3_19_3x3,2,11,44,4,6,52,1,2,1,0,2,4,2,4
75,81,block_3_19_3x3,2,11,45,5,6,53,1,2,1,1,2,4,2,4
75,81,block_3_19_3x3,2,11,46,4,7,54,1,2,1,2,2,4,2,4
75,81,block_3_19_3x3,2,11,47,5,7,55,1,2,1,3,2,4,2,4
75,81,block_3_19_3x3,2,15,48,6,7,24,0,3,0,0,2,4,2,4
75,81,block_3_19_3x3,2,15,49,7,7,25,0,3,0,1,2,4,2,4
75,81,block_3_19_3x3,2,15,50,6,6,26,0,3,0,2,2,4,2,4
75,81,block_3_19_3x3,2,15,51,7,6,27,0,3,0,3,2,4,2,4
75,81,block_3_19_3x3,2,14,52,6,5,28,0,3,1,0,2,4,2,4
75,81,block_3_19_3x3,2,14,53,7,5,29,0,3,1,1,2,4,2,4
75,81,block_3_19_3x3,2,14,54,6,4,30,0,3,1,2,2,4,2,4
75,81,block_3_19_3x3,2,14,55,7,4,31,0,3,1,3,2,4,2,4
75,81,block_3_19_3x3,2,13,56,6,3,56,1,3,0,0,2,4,2,4
75,81,block_3_19_3x3,2,13,57,7,3,57,1,3,0,1,2,4,2,4
75,81,block_3_19_3x3,2,13,58,6,2,58,1,3,0,2,2,4,2,4
75,81,block_3_19_3x3,2,13,59,7,2,59,1,3,0,3,2,4,2,4
75,81,block_3_19_3x3,2,12,60,6,1,60,1,3,1,0,2,4,2,4
75,81,block_3_19_3x3,2,12,61,7,1,61,1,3,1,1,2,4,2,4
75,81,block_3_19_3x3,2,12,62,6,0,62,1,3,1,2,2,4,2,4
75,81,block_3_19_3x3,2,12,63,7,0,63,1,3,1,3,2,4,2,4
76,82,block_3_20_1x1,1,0,0,0,0,0,0,0,0,0,1,8,2,4
76,82,block_3_20_1x1,1,0,1,1,0,1,0,0,0,1,1,8,2,4
76,82,block_3_20_1x1,1,0,2,0,1,2,0,0,0,2,1,8,2,4
76,82,block_3_20_1x1,1,0,3,1,1,3,0,0,0,3,1,8,2,4
76,82,block_3_20_1x1,1,1,4,0,2,4,0,0,1,0,1,8,2,4
76,82,block_3_20_1x1,1,1,5,1,2,5,0,0,1,1,1,8,2,4
76,82,block_3_20_1x1,1,1,6,0,3,6,0,0,1,2,1,8,2,4
76,82,block_3_20_1x1,1,1,7,1,3,7,0,0,1,3,1,8,2,4
76,82,block_3_20_1x1,1,2,8,0,4,8,0,1,0,0,1,8,2,4
76,82,block_3_20_1x1,1,2,9,1,4,9,0,1,0,1,1,8,2,4
76,82,block_3_20_1x1,1,2,10,0,5,10,0,1,0,2,1,8,2,4
76,82,block_3_20_1x1,1,2,11,1,5,11,0,1,0,3,1,8,2,4
76,82,block_3_20_1x1,1,3,12,0,6,12,0,1,1,0,1,8,2,4
76,82,block_3_20_1x1,1,3,13,1,6,13,0,1,1,1,1,8,2,4
76,82,block_3_20_1x1,1,3,14,0,7,14,0,1,1,2,1,8,2,4
76,82,block_3_20_1x1,1,3,15,1,7,15,0,1,1,3,1,8,2,4
76,82,block_3_20_1x1,1,7,16,2,7,16,0,2,0,0,1,8,2,4
76,82,block_3_20_1x1,1,7,17,3,7,17,0,2,0,1,1,8,2,4
76,82,block_3_20_1x1,1,7,18,2,6,18,0,2,0,2,1,8,2,4
76,82,block_3_20_1x1,1,7,19,3,6,19,0,2,0,3,1,8,2,4
76,82,block_3_20_1x1,1,6,20,2,5,20,0,2,1,0,1,8,2,4
76,82,block_3_20_1x1,1,6,21,3,5,21,0,2,1,1,1,8,2,4
76,82,block_3_20_1x1,1,6,22,2,4,22,0,2,1,2,1,8,2,4
76,82,block_3_20_1x1,1,6,23,3,4,23,0,2,1,3,1,8,2,4
76,82,block_3_20_1x1,1,5,24,2,3,24,0,3,0,0,1,8,2,4
76,82,block_3_20_1x1,1,5,25,3,3,25,0,3,0,1,1,8,2,4
76,82,block_3_20_1x1,1,5,26,2,2,26,0,3,0,2,1,8,2,4
76,82,block_3_20_1x1,1,5,27,3,2,27,0,3,0,3,1,8,2,4
76,82,block_3_20_1x1,1,4,28,2,1,28,0,3,1,0,1,8,2,4
76,82,block_3_20_1x1,1,4,29,3,1,29,0,3,1,1,1,8,2,4
76,82,block_3_20_1x1,1,4,30,2,0,30,0,3,1,2,1,8,2,4
76,82,block_3_20_1x1,1,4,31,3,0,31,0,3,1,3,1,8,2,4
76,82,block_3_20_1x1,1,8,32,4,0,32,0,4,0,0,1,8,2,4
76,82,block_3_20_1x1,1,8,33,5,0,33,0,4,0,1,1,8,2,4
76,82,block_3_20_1x1,1,8,34,4,1,34,0,4,0,2,1,8,2,4
76,82,block_3_20_1x1,1,8,35,5,1,35,0,4,0,3,1,8,2,4
76,82,block_3_20_1x1,1,9,36,4,2,36,0,4,1,0,1,8,2,4
76,82,block_3_20_1x1,1,9,37,5,2,37,0,4,1,1,1,8,2,4
76,82,block_3_20_1x1,1,9,38,4,3,38,0,4,1,2,1,8,2,4
76,82,block_3_20_1x1,1,9,39,5,3,39,0,4,1,3,1,8,2,4
76,82,block_3_20_1x1,1,10,40,4,4,40,0,5,0,0,1,8,2,4
76,82,block_3_20_1x1,1,10,41,5,4,41,0,5,0,1,1,8,2,4
76,82,block_3_20_1x1,1,10,42,4,5,42,0,5,0,2,1,8,2,4
76,82,block_3_20_1x1,1,10,43,5,5,43,0,5,0,3,1,8,2,4
76,82,block_3_20_1x1,1,11,44,4,6,44,0,5,1,0,1,8,2,4
76,82,block_3_20_1x1,1,11,45,5,6,45,0,5,1,1,1,8,2,4
76,82,block_3_20_1x1,1,11,46,4,7,46,0,5,1,2,1,8,2,4
76,82,block_3_20_1x1,1,11,47,5,7,47,0,5,1,3,1,8,2,4
76,82,block_3_20_1x1,1,15,48,6,7,48,0,6,0,0,1,8,2,4
76,82,block_3_20_1x1,1,15,49,7,7,49,0,6,0,1,1,8,2,4
76,82,block_3_20_1x1,1,15,50,6,6,50,0,6,0,2,1,8,2,4
76,82,block_3_20_1x1,1,15,51,7,6,51,0,6,0,3,1,8,2,4
76,82,block_3_20_1x1,1,14,52,6,5,52,0,6,1,0,1,8,2,4
76,82,block_3_20_1x1,1,14,53,7,5,53,0,6,1,1,1,8,2,4
76,82,block_3_20_1x1,1,14,54,6,4,54,0,6,1,2,1,8,2,4
76,82,block_3_20_1x1,1,14,55,7,4,55,0,6,1,3,1,8,2,4
76,82,block_3_20_1x1,1,13,56,6,3,56,0,7,0,0,1,8,2,4
76,82,block_3_20_1x1,1,13,57,7,3,57,0,7,0,1,1,8,2,4
76,82,block_3_20_1x1,1,13,58,6,2,58,0,7,0,2,1,8,2,4
76,82,block_3_20_1x1,1,13,59,7,2,59,0,7,0,3,1,8,2,4
76,82,block_3_20_1x1,1,12,60,6,1,60,0,7,1,0,1,8,2,4
76,82,block_3_20_1x1,1,12,61,7,1,61,0,7,1,1,1,8,2,4
76,82,block_3_20_1x1,1,12,62,6,0,62,0,7,1,2,1,8,2,4
76,82,block_3_20_1x1,1,12,63,7,0,63,0,7,1,3,1,8,2,4
77,83,block_3_20_3x3,2,0,0,0,0,0,0,0,0,0,2,4,2,4
77,83,block_3_20_3x3,2,0,1,1,0,1,0,0,0,1,2,4,2,4
77,83,block_3_20_3x3,2,0,2,0,1,2,0,0,0,2,2,4,2,4
77,83,block_3_20_3x3,2,0,3,1,1,3,0,0,0,3,2,4,2,4
77,83,block_3_20_3x3,2,1,4,0,2,4,0,0,1,0,2,4,2,4
77,83,block_3_20_3x3,2,1,5,1,2,5,0,0,1,1,2,4,2,4
77,83,block_3_20_3x3,2,1,6,0,3,6,0,0,1,2,2,4,2,4
77,83,block_3_20_3x3,2,1,7,1,3,7,0,0,1,3,2,4,2,4
77,83,block_3_20_3x3,2,2,8,0,4,32,1,0,0,0,2,4,2,4
77,83,block_3_20_3x3,2,2,9,1,4,33,1,0,0,1,2,4,2,4
77,83,block_3_20_3x3,2,2,10,0,5,34,1,0,0,2,2,4,2,4
77,83,block_3_20_3x3,2,2,11,1,5,35,1,0,0,3,2,4,2,4
77,83,block_3_20_3x3,2,3,12,0,6,36,1,0,1,0,2,4,2,4
77,83,block_3_20_3x3,2,3,13,1,6,37,1,0,1,1,2,4,2,4
77,83,block_3_20_3x3,2,3,14,0,7,38,1,0,1,2,2,4,2,4
77,83,block_3_20_3x3,2,3,15,1,7,39,1,0,1,3,2,4,2,4
77,83,block_3_20_3x3,2,7,16,2,7,8,0,1,0,0,2,4,2,4
77,83,block_3_20_3x3,2,7,17,3,7,9,0,1,0,1,2,4,2,4
77,83,block_3_20_3x3,2,7,18,2,6,10,0,1,0,2,2,4,2,4
77,83,block_3_20_3x3,2,7,19,3,6,11,0,1,0,3,2,4,2,4
77,83,block_3_20_3x3,2,6,20,2,5,12,0,1,1,0,2,4,2,4
77,83,block_3_20_3x3,2,6,21,3,5,13,0,1,1,1,2,4,2,4
77,83,block_3_20_3x3,2,6,22,2,4,14,0,1,1,2,2,4,2,4
77,83,block_3_20_3x3,2,6,23,3,4,15,0,1,1,3,2,4,2,4
77,83,block_3_20_3x3,2,5,24,2,3,40,1,1,0,0,2,4,2,4
77,83,block_3_20_3x3,2,5,25,3,3,41,1,1,0,1,2,4,2,4
77,83,block_3_20_3x3,2,5,26,2,2,42,1,1,0,2,2,4,2,4
77,83,block_3_20_3x3,2,5,27,3,2,43,1,1,0,3,2,4,2,4
77,83,block_3_20_3x3,2,4,28,2,1,44,1,1,1,0,2,4,2,4
77,83,block_3_20_3x3,2,4,29,3,1,45,1,1,1,1,2,4,2,4
77,83,block_3_20_3x3,2,4,30,2,0,46,1,1,1,2,2,4,2,4
77,83,block_3_20_3x3,2,4,31,3,0,47,1,1,1,3,2,4,2,4
77,83,block_3_20_3x3,2,8,32,4,0,16,0,2,0,0,2,4,2,4
77,83,block_3_20_3x3,2,8,33,5,0,17,0,2,0,1,2,4,2,4
77,83,block_3_20_3x3,2,8,34,4,1,18,0,2,0,2,2,4,2,4
77,83,block_3_20_3x3,2,8,35,5,1,19,0,2,0,3,2,4,2,4
77,83,block_3_20_3x3,2,9,36,4,2,20,0,2,1,0,2,4,2,4
77,83,block_3_20_3x3,2,9,37,5,2,21,0,2,1,1,2,4,2,4
77,83,block_3_20_3x3,2,9,38,4,3,22,0,2,1,2,2,4,2,4
77,83,block_3_20_3x3,2,9,39,5,3,23,0,2,1,3,2,4,2,4
77,83,block_3_20_3x3,2,10,40,4,4,48,1,2,0,0,2,4,2,4
77,83,block_3_20_3x3,2,10,41,5,4,49,1,2,0,1,2,4,2,4
77,83,block_3_20_3x3,2,10,42,4,5,50,1,2,0,2,2,4,2,4
77,83,block_3_20_3x3,2,10,43,5,5,51,1,2,0,3,2,4,2,4
77,83,block_3_20_3x3,2,11,44,4,6,52,1,2,1,0,2,4,2,4
77,83,block_3_20_3x3,2,11,45,5,6,53,1,2,1,1,2,4,2,4
77,83,block_3_20_3x3,2,11,46,4,7,54,1,2,1,2,2,4,2,4
77,83,block_3_20_3x3,2,11,47,5,7,55,1,2,1,3,2,4,2,4
77,83,block_3_20_3x3,2,15,48,6,7,24,0,3,0,0,2,4,2,4
77,83,block_3_20_3x3,2,15,49,7,7,25,0,3,0,1,2,4,2,4
77,83,block_3_20_3x3,2,15,50,6,6,26,0,3,0,2,2,4,2,4
77,83,block_3_20_3x3,2,15,51,7,6,27,0,3,0,3,2,4,2,4
77,83,block_3_20_3x3,2,14,52,6,5,28,0,3,1,0,2,4,2,4
77,83,block_3_20_3x3,2,14,53,7,5,29,0,3,1,1,2,4,2,4
77,83,block_3_20_3x3,2,14,54,6,4,30,0,3,1,2,2,4,2,4
77,83,block_3_20_3x3,2,14,55,7,4,31,0,3,1,3,2,4,2,4
77,83,block_3_20_3x3,2,13,56,6,3,56,1,3,0,0,2,4,2,4
77,83,block_3_20_3x3,2,13,57,7,3,57,1,3,0,1,2,4,2,4
77,83,block_3_20_3x3,2,13,58,6,2,58,1,3,0,2,2,4,2,4
77,83,block_3_20_3x3,2,13,59,7,2,59,1,3,0,3,2,4,2,4
77,83,block_3_20_3x3,2,12,60,6,1,60,1,3,1,0,2,4,2,4
77,83,block_3_20_3x3,2,12,61,7,1,61,1,3,1,1,2,4,2,4
77,83,block_3_20_3x3,2,12,62,6,0,62,1,3,1,2,2,4,2,4
77,83,block_3_20_3x3,2,12,63,7,0,63,1,3,1,3,2,4,2,4
78,84,block_3_21_1x1,1,0,0,0,0,0,0,0,0,0,1,8,2,4
78,84,block_3_21_1x1,1,0,1,1,0,1,0,0,0,1,1,8,2,4
78,84,block_3_21_1x1,1,0,2,0,1,2,0,0,0,2,1,8,2,4
78,84,block_3_21_1x1,1,0,3,1,1,3,0,0,0,3,1,8,2,4
78,84,block_3_21_1x1,1,1,4,0,2,4,0,0,1,0,1,8,2,4
78,84,block_3_21_1x1,1,1,5,1,2,5,0,0,1,1,1,8,2,4
78,84,block_3_21_1x1,1,1,6,0,3,6,0,0,1,2,1,8,2,4
78,84,block_3_21_1x1,1,1,7,1,3,7,0,0,1,3,1,8,2,4
78,84,block_3_21_1x1,1,2,8,0,4,8,0,1,0,0,1,8,2,4
78,84,block_3_21_1x1,1,2,9,1,4,9,0,1,0,1,1,8,2,4
78,84,block_3_21_1x1,1,2,10,0,5,10,0,1,0,2,1,8,2,4
78,84,block_3_21_1x1,1,2,11,1,5,11,0,1,0,3,1,8,2,4
78,84,block_3_21_1x1,1,3,12,0,6,12,0,1,1,0,1,8,2,4
78,84,block_3_21_1x1,1,3,13,1,6,13,0,1,1,1,1,8,2,4
78,84,block_3_21_1x1,1,3,14,0,7,14,0,1,1,2,1,8,2,4
78,84,block_3_21_1x1,1,3,15,1,7,15,0,1,1,3,1,8,2,4
78,84,block_3_21_1x1,1,7,16,2,7,16,0,2,0,0,1,8,2,4
78,84,block_3_21_1x1,1,7,17,3,7,17,0,2,0,1,1,8,2,4
78,84,block_3_21_1x1,1,7,18,2,6,18,0,2,0,2,1,8,2,4
78,84,block_3_21_1x1,1,7,19,3,6,19,0,2,0,3,1,8,2,4
78,84,block_3_21_1x1,1,6,20,2,5,20,0,2,1,0,1,8,2,4
78,84,block_3_21_1x1,1,6,21,3,5,21,0,2,1,1,1,8,2,4
78,84,block_3_21_1x1,1,6,22,2,4,22,0,2,1,2,1,8,2,4
78,84,block_3_21_1x1,1,6,23,3,4,23,0,2,1,3,1,8,2,4
78,84,block_3_21_1x1,1,5,24,2,3,24,0,3,0,0,1,8,2,4
78,84,block_3_21_1x1,1,5,25,3,3,25,0,3,0,1,1,8,2,4
78,84,block_3_21_1x1,1,5,26,2,2,26,0,3,0,2,1,8,2,4
78,84,block_3_21_1x1,1,5,27,3,2,27,0,3,0,3,1,8,2,4
78,84,block_3_21_1x1,1,4,28,2,1,28,0,3,1,0,1,8,2,4
78,84,block_3_21_1x1,1,4,29,3,1,29,0,3,1,1,1,8,2,4
78,84,block_3_21_1x1,1,4,30,2,0,30,0,3,1,2,1,8,2,4
78,84,block_3_21_1x1,1,4,31,3,0,31,0,3,1,3,1,8,2,4
78,84,block_3_21_1x1,1,8,32,4,0,32,0,4,0,0,1,8,2,4
78,84,block_3_21_1x1,1,8,33,5,0,33,0,4,0,1,1,8,2,4
78,84,block_3_21_1x1,1,8,34,4,1,34,0,4,0,2,1,8,2,4
78,84,block_3_21_1x1,1,8,35,5,1,35,0,4,0,3,1,8,2,4
78,84,block_3_21_1x1,1,9,36,4,2,36,0,4,1,0,1,8,2,4
78,84,block_3_21_1x1,1,9,37,5,2,37,0,4,1,1,1,8,2,4
78,84,block_3_21_1x1,1,9,38,4,3,38,0,4,1,2,1,8,2,4
78,84,block_3_21_1x1,1,9,39,5,3,39,0,4,1,3,1,8,2,4
78,84,block_3_21_1x1,1,10,40,4,4,40,0,5,0,0,1,8,2,4
78,84,block_3_21_1x1,1,10,41,5,4,41,0,5,0,1,1,8,2,4
78,84,block_3_21_1x1,1,10,42,4,5,42,0,5,0,2,1,8,2,4
78,84,block_3_21_1x1,1,10,43,5,5,43,0,5,0,3,1,8,2,4
78,84,block_3_21_1x1,1,11,44,4,6,44,0,5,1,0,1,8,2,4
78,84,block_3_21_1x1,1,11,45,5,6,45,0,5,1,1,1,8,2,4
78,84,block_3_21_1x1,1,11,46,4,7,46,0,5,1,2,1,8,2,4
78,84,block_3_21_1x1,1,11,47,5,7,47,0,5,1,3,1,8,2,4
78,84,block_3_21_1x1,1,15,48,6,7,48,0,6,0,0,1,8,2,4
78,84,block_3_21_1x1,1,15,49,7,7,49,0,6,0,1,1,8,2,4
78,84,block_3_21_1x1,1,15,50,6,6,50,0,6,0,2,1,8,2,4
78,84,block_3_21_1x1,1,15,51,7,6,51,0,6,0,3,1,8,2,4
78,84,block_3_21_1x1,1,14,52,6,5,52,0,6,1,0,1,8,2,4
78,84,block_3_21_1x1,1,14,53,7,5,53,0,6,1,1,1,8,2,4
78,84,block_3_21_1x1,1,14,54,6,4,54,0,6,1,2,1,8,2,4
78,84,block_3_21_1x1,1,14,55,7,4,55,0,6,1,3,1,8,2,4
78,84,block_3_21_1x1,1,13,56,6,3,56,0,7,0,0,1,8,2,4
78,84,block_3_21_1x1,1,13,57,7,3,57,0,7,0,1,1,8,2,4
78,84,block_3_21_1x1,1,13,58,6,2,58,0,7,0,2,1,8,2,4
78,84,block_3_21_1x1,1,13,59,7,2,59,0,7,0,3,1,8,2,4
78,84,block_3_21_1x1,1,12,60,6,1,60,0,7,1,0,1,8,2,4
78,84,block_3_21_1x1,1,12,61,7,1,61,0,7,1,1,1,8,2,4
78,84,block_3_21_1x1,1,12,62,6,0,62,0,7,1,2,1,8,2,4
78,84,block_3_21_1x1,1,12,63,7,0,63,0,7,1,3,1,8,2,4
79,85,block_3_21_3x3,2,0,0,0,0,0,0,0,0,0,2,1,2,3
79,85,block_3_21_3x3,2,0,1,1,0,1,0,0,0,1,2,1,2,3
79,85,block_3_21_3x3,2,0,2,0,1,2,0,0,0,2,2,1,2,3
79,85,block_3_21_3x3,2,0,3,1,1,3,0,0,1,0,2,1,2,3
79,85,block_3_21_3x3,2,1,4,0,2,4,0,0,1,1,2,1,2,3
79,85,block_3_21_3x3,2,1,5,1,2,5,0,0,1,2,2,1,2,3
79,85,block_3_21_3x3,2,1,6,0,3,6,1,0,0,0,2,1,2,3
79,85,block_3_21_3x3,2,1,7,1,3,7,1,0,0,1,2,1,2,3
79,85,block_3_21_3x3,2,2,8,0,4,8,1,0,0,2,2,1,2,3
79,85,block_3_21_3x3,2,2,9,1,4,9,1,0,1,0,2,1,2,3
79,85,block_3_21_3x3,2,2,10,0,5,10,1,0,1,1,2,1,2,3
79,85,block_3_21_3x3,2,2,11,1,5,11,1,0,1,2,2,1,2,3
79,86,block_3_22_1x1,2,3,12,0,6,0,0,0,0,0,2,4,1,5
79,86,block_3_22_1x1,2,3,13,1,6,1,0,0,0,1,2,4,1,5
79,86,block_3_22_1x1,2,3,14,0,7,2,0,0,0,2,2,4,1,5
79,86,block_3_22_1x1,2,3,15,1,7,3,0,0,0,3,2,4,1,5
79,86,block_3_22_1x1,2,7,16,2,7,4,0,0,0,4,2,4,1,5
79,86,block_3_22_1x1,2,7,17,3,7,20,1,0,0,0,2,4,1,5
79,86,block_3_22_1x1,2,7,18,2,6,21,1,0,0,1,2,4,1,5
79,86,block_3_22_1x1,2,7,19,3,6,22,1,0,0,2,2,4,1,5
79,86,block_3_22_1x1,2,6,20,2,5,23,1,0,0,3,2,4,1,5
79,86,block_3_22_1x1,2,6,21,3,5,24,1,0,0,4,2,4,1,5
79,86,block_3_22_1x1,2,6,22,2,4,5,0,1,0,0,2,4,1,5
79,86,block_3_22_1x1,2,6,23,3,4,6,0,1,0,1,2,4,1,5
79,86,block_3_22_1x1,2,5,24,2,3,7,0,1,0,2,2,4,1,5
79,86,block_3_22_1x1,2,5,25,3,3,8,0,1,0,3,2,4,1,5
79,86,block_3_22_1x1,2,5,26,2,2,9,0,1,0,4,2,4,1,5
79,86,block_3_22_1x1,2,5,27,3,2,25,1,1,0,0,2,4,1,5
79,86,block_3_22_1x1,2,4,28,2,1,26,1,1,0,1,2,4,1,5
79,86,block_3_22_1x1,2,4,29,3,1,27,1,1,0,2,2,4,1,5
79,86,block_3_22_1x1,2,4,30,2,0,28,1,1,0,3,2,4,1,5
79,86,block_3_22_1x1,2,4,31,3,0,29,1,1,0,4,2,4,1,5
79,86,block_3_22_1x1,2,8,32,4,0,10,0,2,0,0,2,4,1,5
79,86,block_3_22_1x1,2,8,33,5,0,11,0,2,0,1,2,4,1,5
79,86,block_3_22_1x1,2,8,34,4,1,12,0,2,0,2,2,4,1,5
79,86,block_3_22_1x1,2,8,35,5,1,13,0,2,0,3,2,4,1,5
79,86,block_3_22_1x1,2,9,36,4,2,14,0,2,0,4,2,4,1,5
79,86,block_3_22_1x1,2,9,37,5,2,30,1,2,0,0,2,4,1,5
79,86,block_3_22_1x1,2,9,38,4,3,31,1,2,0,1,2,4,1,5
79,86,block_3_22_1x1,2,9,39,5,3,32,1,2,0,2,2,4,1,5
79,86,block_3_22_1x1,2,10,40,4,4,33,1,2,0,3,2,4,1,5
79,86,block_3_22_1x1,2,10,41,5,4,34,1,2,0,4,2,4,1,5
79,86,block_3_22_1x1,2,10,42,4,5,15,0,3,0,0,2,4,1,5
79,86,block_3_22_1x1,2,10,43,5,5,16,0,3,0,1,2,4,1,5
79,86,block_3_22_1x1,2,11,44,4,6,17,0,3,0,2,2,4,1,5
79,86,block_3_22_1x1,2,11,45,5,6,18,0,3,0,3,2,4,1,5
79,86,block_3_22_1x1,2,11,46,4,7,19,0,3,0,4,2,4,1,5
79,86,block_3_22_1x1,2,11,47,5,7,35,1,3,0,0,2,4,1,5
79,86,block_3_22_1x1,2,15,48,6,7,36,1,3,0,1,2,4,1,5
79,86,block_3_22_1x1,2,15,49,7,7,37,1,3,0,2,2,4,1,5
79,86,block_3_22_1x1,2,15,50,6,6,38,1,3,0,3,2,4,1,5
79,86,block_3_22_1x1,2,15,51,7,6,39,1,3,0,4,2,4,1,5
79,87,block_3_22_3x3,2,14,52,6,5,0,0,0,0,0,2,1,2,3
79,87,block_3_22_3x3,2,14,53,7,5,1,0,0,0,1,2,1,2,3
79,87,block_3_22_3x3,2,14,54,6,4,2,0,0,0,2,2,1,2,3
79,87,block_3_22_3x3,2,14,55,7,4,3,0,0,1,0,2,1,2,3
79,87,block_3_22_3x3,2,13,56,6,3,4,0,0,1,1,2,1,2,3
79,87,block_3_22_3x3,2,13,57,7,3,5,0,0,1,2,2,1,2,3
79,87,block_3_22_3x3,2,13,58,6,2,6,1,0,0,0,2,1,2,3
79,87,block_3_22_3x3,2,13,59,7,2,7,1,0,0,1,2,1,2,3
79,87,block_3_22_3x3,2,12,60,6,1,8,1,0,0,2,2,1,2,3
79,87,block_3_22_3x3,2,12,61,7,1,9,1,0,1,0,2,1,2,3
79,87,block_3_22_3x3,2,12,62,6,0,10,1,0,1,1,2,1,2,3
79,87,block_3_22_3x3,2,12,63,7,0,11,1,0,1,2,2,1,2,3
80,88,block_3_23_1x1,1,0,0,0,0,0,0,0,0,0,1,1,7,7
80,88,block_3_23_1x1,1,0,1,1,0,1,0,0,0,1,1,1,7,7
80,88,block_3_23_1x1,1,0,2,0,1,2,0,0,0,2,1,1,7,7
80,88,block_3_23_1x1,1,0,3,1,1,3,0,0,0,3,1,1,7,7
80,88,block_3_23_1x1,1,1,4,0,2,4,0,0,0,4,1,1,7,7
80,88,block_3_23_1x1,1,1,5,1,2,5,0,0,0,5,1,1,7,7
80,88,block_3_23_1x1,1,1,6,0,3,6,0,0,0,6,1,1,7,7
80,88,block_3_23_1x1,1,1,7,1,3,7,0,0,1,0,1,1,7,7
80,88,block_3_23_1x1,1,2,8,0,4,8,0,0,1,1,1,1,7,7
80,88,block_3_23_1x1,1,2,9,1,4,9,0,0,1,2,1,1,7,7
80,88,block_3_23_1x1,1,2,10,0,5,10,0,0,1,3,1,1,7,7
80,88,block_3_23_1x1,1,2,11,1,5,11,0,0,1,4,1,1,7,7
80,88,block_3_23_1x1,1,3,12,0,6,12,0,0,1,5,1,1,7,7
80,88,block_3_23_1x1,1,3,13,1,6,13,0,0,1,6,1,1,7,7
80,88,block_3_23_1x1,1,3,14,0,7,14,0,0,2,0,1,1,7,7
80,88,block_3_23_1x1,1,3,15,1,7,15,0,0,2,1,1,1,7,7
80,88,block_3_23_1x1,1,7,16,2,7,16,0,0,2,2,1,1,7,7
80,88,block_3_23_1x1,1,7,17,3,7,17,0,0,2,3,1,1,7,7
80,88,block_3_23_1x1,1,7,18,2,6,18,0,0,2,4,1,1,7,7
80,88,block_3_23_1x1,1,7,19,3,6,19,0,0,2,5,1,1,7,7
80,88,block_3_23_1x1,1,6,20,2,5,20,0,0,2,6,1,1,7,7
80,88,block_3_23_1x1,1,6,21,3,5,21,0,0,3,0,1,1,7,7
80,88,block_3_23_1x1,1,6,22,2,4,22,0,0,3,1,1,1,7,7
80,88,block_3_23_1x1,1,6,23,3,4,23,0,0,3,2,1,1,7,7
80,88,block_3_23_1x1,1,5,24,2,3,24,0,0,3,3,1,1,7,7
80,88,block_3_23_1x1,1,5,25,3,3,25,0,0,3,4,1,1,7,7
80,88,block_3_23_1x1,1,5,26,2,2,26,0,0,3,5,1,1,7,7
80,88,block_3_23_1x1,1,5,27,3,2,27,0,0,3,6,1,1,7,7
80,88,block_3_23_1x1,1,4,28,2,1,28,0,0,4,0,1,1,7,7
80,88,block_3_23_1x1,1,4,29,3,1,29,0,0,4,1,1,1,7,7
80,88,block_3_23_1x1,1,4,30,2,0,30,0,0,4,2,1,1,7,7
80,88,block_3_23_1x1,1,4,31,3,0,31,0,0,4,3,1,1,7,7
80,88,block_3_23_1x1,1,8,32,4,0,32,0,0,4,4,1,1,7,7
80,88,block_3_23_1x1,1,8,33,5,0,33,0,0,4,5,1,1,7,7
80,88,block_3_23_1x1,1,8,34,4,1,34,0,0,4,6,1,1,7,7
80,88,block_3_23_1x1,1,8,35,5,1,35,0,0,5,0,1,1,7,7
80,88,block_3_23_1x1,1,9,36,4,2,36,0,0,5,1,1,1,7,7
80,88,block_3_23_1x1,1,9,37,5,2,37,0,0,5,2,1,1,7,7
80,88,block_3_23_1x1,1,9,38,4,3,38,0,0,5,3,1,1,7,7
80,88,block_3_23_1x1,1,9,39,5,3,39,0,0,5,4,1,1,7,7
80,88,block_3_23_1x1,1,10,40,4,4,40,0,0,5,5,1,1,7,7
80,88,block_3_23_1x1,1,10,41,5,4,41,0,0,5,6,1,1,7,7
80,88,block_3_23_1x1,1,10,42,4,5,42,0,0,6,0,1,1,7,7
80,88,block_3_23_1x1,1,10,43,5,5,43,0,0,6,1,1,1,7,7
80,88,block_3_23_1x1,1,11,44,4,6,44,0,0,6,2,1,1,7,7
80,88,block_3_23_1x1,1,11,45,5,6,45,0,0,6,3,1,1,7,7
80,88,block_3_23_1x1,1,11,46,4,7,46,0,0,6,4,1,1,7,7
80,88,block_3_23_1x1,1,11,47,5,7,47,0,0,6,5,1,1,7,7
80,88,block_3_23_1x1,1,15,48,6,7,48,0,0,6,6,1,1,7,7
80,89,block_3_23_3x3,1,15,49,7,7,0,0,0,0,0,1,1,3,5
80,89,block_3_23_3x3,1,15,50,6,6,1,0,0,0,1,1,1,3,5
80,89,block_3_23_3x3,1,15,51,7,6,2,0,0,0,2,1,1,3,5
80,89,block_3_23_3x3,1,14,52,6,5,3,0,0,0,3,1,1,3,5
80,89,block_3_23_3x3,1,14,53,7,5,4,0,0,0,4,1,1,3,5
80,89,block_3_23_3x3,1,14,54,6,4,5,0,0,1,0,1,1,3,5
80,89,block_3_23_3x3,1,14,55,7,4,6,0,0,1,1,1,1,3,5
80,89,block_3_23_3x3,1,13,56,6,3,7,0,0,1,2,1,1,3,5
80,89,block_3_23_3x3,1,13,57,7,3,8,0,0,1,3,1,1,3,5
80,89,block_3_23_3x3,1,13,58,6,2,9,0,0,1,4,1,1,3,5
80,89,block_3_23_3x3,1,13,59,7,2,10,0,0,2,0,1,1,3,5
80,89,block_3_23_3x3,1,12,60,6,1,11,0,0,2,1,1,1,3,5
80,89,block_3_23_3x3,1,12,61,7,1,12,0,0,2,2,1,1,3,5
80,89,block_3_23_3x3,1,12,62,6,0,13,0,0,2,3,1,1,3,5
80,89,block_3_23_3x3,1,12,63,7,0,14,0,0,2,4,1,1,3,5
81,90,trans_3_1x1,1,0,0,0,0,0,0,0,0,0,1,16,2,2
81,90,trans_3_1x1,1,0,1,1,0,1,0,0,0,1,1,16,2,2
81,90,trans_3_1x1,1,0,2,0,1,2,0,0,1,0,1,16,2,2
81,90,trans_3_1x1,1,0,3,1,1,3,0,0,1,1,1,16,2,2
81,90,trans_3_1x1,1,1,4,0,2,4,0,1,0,0,1,16,2,2
81,90,trans_3_1x1,1,1,5,1,2,5,0,1,0,1,1,16,2,2
81,90,trans_3_1x1,1,1,6,0,3,6,0,1,1,0,1,16,2,2
81,90,trans_3_1x1,1,1,7,1,3,7,0,1,1,1,1,16,2,2
81,90,trans_3_1x1,1,2,8,0,4,8,0,2,0,0,1,16,2,2
81,90,trans_3_1x1,1,2,9,1,4,9,0,2,0,1,1,16,2,2
81,90,trans_3_1x1,1,2,10,0,5,10,0,2,1,0,1,16,2,2
81,90,trans_3_1x1,1,2,11,1,5,11,0,2,1,1,1,16,2,2
81,90,trans_3_1x1,1,3,12,0,6,12,0,3,0,0,1,16,2,2
81,90,trans_3_1x1,1,3,13,1,6,13,0,3,0,1,1,16,2,2
81,90,trans_3_1x1,1,3,14,0,7,14,0,3,1,0,1,16,2,2
81,90,trans_3_1x1,1,3,15,1,7,15,0,3,1,1,1,16,2,2
81,90,trans_3_1x1,1,7,16,2,7,16,0,4,0,0,1,16,2,2
81,90,trans_3_1x1,1,7,17,3,7,17,0,4,0,1,1,16,2,2
81,90,trans_3_1x1,1,7,18,2,6,18,0,4,1,0,1,16,2,2
81,90,trans_3_1x1,1,7,19,3,6,19,0,4,1,1,1,16,2,2
81,90,trans_3_1x1,1,6,20,2,5,20,0,5,0,0,1,16,2,2
81,90,trans_3_1x1,1,6,21,3,5,21,0,5,0,1,1,16,2,2
81,90,trans_3_1x1,1,6,22,2,4,22,0,5,1,0,1,16,2,2
81,90,trans_3_1x1,1,6,23,3,4,23,0,5,1,1,1,16,2,2
81,90,trans_3_1x1,1,5,24,2,3,24,0,6,0,0,1,16,2,2
81,90,trans_3_1x1,1,5,25,3,3,25,0,6,0,1,1,16,2,2
81,90,trans_3_1x1,1,5,26,2,2,26,0,6,1,0,1,16,2,2
81,90,trans_3_1x1,1,5,27,3,2,27,0,6,1,1,1,16,2,2
81,90,trans_3_1x1,1,4,28,2,1,28,0,7,0,0,1,16,2,2
81,90,trans_3_1x1,1,4,29,3,1,29,0,7,0,1,1,16,2,2
81,90,trans_3_1x1,1,4,30,2,0,30,0,7,1,0,1,16,2,2
81,90,trans_3_1x1,1,4,31,3,0,31,0,7,1,1,1,16,2,2
81,90,trans_3_1x1,1,8,32,4,0,32,0,8,0,0,1,16,2,2
81,90,trans_3_1x1,1,8,33,5,0,33,0,8,0,1,1,16,2,2
81,90,trans_3_1x1,1,8,34,4,1,34,0,8,1,0,1,16,2,2
81,90,trans_3_1x1,1,8,35,5,1,35,0,8,1,1,1,16,2,2
81,90,trans_3_1x1,1,9,36,4,2,36,0,9,0,0,1,16,2,2
81,90,trans_3_1x1,1,9,37,5,2,37,0,9,0,1,1,16,2,2
81,90,trans_3_1x1,1,9,38,4,3,38,0,9,1,0,1,16,2,2
81,90,trans_3_1x1,1,9,39,5,3,39,0,9,1,1,1,16,2,2
81,90,trans_3_1x1,1,10,40,4,4,40,0,10,0,0,1,16,2,2
81,90,trans_3_1x1,1,10,41,5,4,41,0,10,0,1,1,16,2,2
81,90,trans_3_1x1,1,10,42,4,5,42,0,10,1,0,1,16,2,2
81,90,trans_3_1x1,1,10,43,5,5,43,0,10,1,1,1,16,2,2
81,90,trans_3_1x1,1,11,44,4,6,44,0,11,0,0,1,16,2,2
81,90,trans_3_1x1,1,11,45,5,6,45,0,11,0,1,1,16,2,2
81,90,trans_3_1x1,1,11,46,4,7,46,0,11,1,0,1,16,2,2
81,90,trans_3_1x1,1,11,47,5,7,47,0,11,1,1,1,16,2,2
81,90,trans_3_1x1,1,15,48,6,7,48,0,12,0,0,1,16,2,2
81,90,trans_3_1x1,1,15,49,7,7,49,0,12,0,1,1,16,2,2
81,90,trans_3_1x1,1,15,50,6,6,50,0,12,1,0,1,16,2,2
81,90,trans_3_1x1,1,15,51,7,6,51,0,12,1,1,1,16,2,2
81,90,trans_3_1x1,1,14,52,6,5,52,0,13,0,0,1,16,2,2
81,90,trans_3_1x1,1,14,53,7,5,53,0,13,0,1,1,16,2,2
81,90,trans_3_1x1,1,14,54,6,4,54,0,13,1,0,1,16,2,2
81,90,trans_3_1x1,1,14,55,7,4,55,0,13,1,1,1,16,2,2
81,90,trans_3_1x1,1,13,56,6,3,56,0,14,0,0,1,16,2,2
81,90,trans_3_1x1,1,13,57,7,3,57,0,14,0,1,1,16,2,2
81,90,trans_3_1x1,1,13,58,6,2,58,0,14,1,0,1,16,2,2
81,90,trans_3_1x1,1,13,59,7,2,59,0,14,1,1,1,16,2,2
81,90,trans_3_1x1,1,12,60,6,1,60,0,15,0,0,1,16,2,2
81,90,trans_3_1x1,1,12,61,7,1,61,0,15,0,1,1,16,2,2
81,90,trans_3_1x1,1,12,62,6,0,62,0,15,1,0,1,16,2,2
81,90,trans_3_1x1,1,12,63,7,0,63,0,15,1,1,1,16,2,2
82,91,trans_3_pool,1,0,0,0,0,0,0,0,0,0,1,64,1,1
82,91,trans_3_pool,1,0,1,1,0,1,0,1,0,0,1,64,1,1
82,91,trans_3_pool,1,0,2,0,1,2,0,2,0,0,1,64,1,1
82,91,trans_3_pool,1,0,3,1,1,3,0,3,0,0,1,64,1,1
82,91,trans_3_pool,1,1,4,0,2,4,0,4,0,0,1,64,1,1
82,91,trans_3_pool,1,1,5,1,2,5,0,5,0,0,1,64,1,1
82,91,trans_3_pool,1,1,6,0,3,6,0,6,0,0,1,64,1,1
82,91,trans_3_pool,1,1,7,1,3,7,0,7,0,0,1,64,1,1
82,91,trans_3_pool,1,2,8,0,4,8,0,8,0,0,1,64,1,1
82,91,trans_3_pool,1,2,9,1,4,9,0,9,0,0,1,64,1,1
82,91,trans_3_pool,1,2,10,0,5,10,0,10,0,0,1,64,1,1
82,91,trans_3_pool,1,2,11,1,5,11,0,11,0,0,1,64,1,1
82,91,trans_3_pool,1,3,12,0,6,12,0,12,0,0,1,64,1,1
82,91,trans_3_pool,1,3,13,1,6,13,0,13,0,0,1,64,1,1
82,91,trans_3_pool,1,3,14,0,7,14,0,14,0,0,1,64,1,1
82,91,trans_3_pool,1,3,15,1,7,15,0,15,0,0,1,64,1,1
82,91,trans_3_pool,1,7,16,2,7,16,0,16,0,0,1,64,1,1
82,91,trans_3_pool,1,7,17,3,7,17,0,17,0,0,1,64,1,1
82,91,trans_3_pool,1,7,18,2,6,18,0,18,0,0,1,64,1,1
82,91,trans_3_pool,1,7,19,3,6,19,0,19,0,0,1,64,1,1
82,91,trans_3_pool,1,6,20,2,5,20,0,20,0,0,1,64,1,1
82,91,trans_3_pool,1,6,21,3,5,21,0,21,0,0,1,64,1,1
82,91,trans_3_pool,1,6,22,2,4,22,0,22,0,0,1,64,1,1
82,91,trans_3_pool,1,6,23,3,4,23,0,23,0,0,1,64,1,1
82,91,trans_3_pool,1,5,24,2,3,24,0,24,0,0,1,64,1,1
82,91,trans_3_pool,1,5,25,3,3,25,0,25,0,0,1,64,1,1
82,91,trans_3_pool,1,5,26,2,2,26,0,26,0,0,1,64,1,1
82,91,trans_3_pool,1,5,27,3,2,27,0,27,0,0,1,64,1,1
82,91,trans_3_pool,1,4,28,2,1,28,0,28,0,0,1,64,1,1
82,91,trans_3_pool,1,4,29,3,1,29,0,29,0,0,1,64,1,1
82,91,trans_3_pool,1,4,30,2,0,30,0,30,0,0,1,64,1,1
82,91,trans_3_pool,1,4,31,3,0,31,0,31,0,0,1,64,1,1
82,91,trans_3_pool,1,8,32,4,0,32,0,32,0,0,1,64,1,1
82,91,trans_3_pool,1,8,33,5,0,33,0,33,0,0,1,64,1,1
82,91,trans_3_pool,1,8,34,4,1,34,0,34,0,0,1,64,1,1
82,91,trans_3_pool,1,8,35,5,1,35,0,35,0,0,1,64,1,1
82,91,trans_3_pool,1,9,36,4,2,36,0,36,0,0,1,64,1,1
82,91,trans_3_pool,1,9,37,5,2,37,0,37,0,0,1,64,1,1
82,91,trans_3_pool,1,9,38,4,3,38,0,38,0,0,1,64,1,1
82,91,trans_3_pool,1,9,39,5,3,39,0,39,0,0,1,64,1,1
82,91,trans_3_pool,1,10,40,4,4,40,0,40,0,0,1,64,1,1
82,91,trans_3_pool,1,10,41,5,4,41,0,41,0,0,1,64,1,1
82,91,trans_3_pool,1,10,42,4,5,42,0,42,0,0,1,64,1,1
82,91,trans_3_pool,1,10,43,5,5,43,0,43,0,0,1,64,1,1
82,91,trans_3_pool,1,11,44,4,6,44,0,44,0,0,1,64,1,1
82,91,trans_3_pool,1,11,45,5,6,45,0,45,0,0,1,64,1,1
82,91,trans_3_pool,1,11,46,4,7,46,0,46,0,0,1,64,1,1
82,91,trans_3_pool,1,11,47,5,7,47,0,47,0,0,1,64,1,1
82,91,trans_3_pool,1,15,48,6,7,48,0,48,0,0,1,64,1,1
82,91,trans_3_pool,1,15,49,7,7,49,0,49,0,0,1,64,1,1
82,91,trans_3_pool,1,15,50,6,6,50,0,50,0,0,1,64,1,1
82,91,trans_3_pool,1,15,51,7,6,51,0,51,0,0,1,64,1,1
82,91,trans_3_pool,1,14,52,6,5,52,0,52,0,0,1,64,1,1
82,91,trans_3_pool,1,14,53,7,5,53,0,53,0,0,1,64,1,1
82,91,trans_3_pool,1,14,54,6,4,54,0,54,0,0,1,64,1,1
82,91,trans_3_pool,1,14,55,7,4,55,0,55,0,0,1,64,1,1
82,91,trans_3_pool,1,13,56,6,3,56,0,56,0,0,1,64,1,1
82,91,trans_3_pool,1,13,57,7,3,57,0,57,0,0,1,64,1,1
82,91,trans_3_pool,1,13,58,6,2,58,0,58,0,0,1,64,1,1
82,91,trans_3_pool,1,13,59,7,2,59,0,59,0,0,1,64,1,1
82,91,trans_3_pool,1,12,60,6,1,60,0,60,0,0,1,64,1,1
82,91,trans_3_pool,1,12,61,7,1,61,0,61,0,0,1,64,1,1
82,91,trans_3_pool,1,12,62,6,0,62,0,62,0,0,1,64,1,1
82,91,trans_3_pool,1,12,63,7,0,63,0,63,0,0,1,64,1,1
83,92,block_4_0_1x1,2,0,0,0,0,0,0,0,0,0,2,16,1,2
83,92,block_4_0_1x1,2,0,1,1,0,1,0,0,0,1,2,16,1,2
83,92,block_4_0_1x1,2,0,2,0,1,32,1,0,0,0,2,16,1,2
83,92,block_4_0_1x1,2,0,3,1,1,33,1,0,0,1,2,16,1,2
83,92,block_4_0_1x1,2,1,4,0,2,2,0,1,0,0,2,16,1,2
83,92,block_4_0_1x1,2,1,5,1,2,3,0,1,0,1,2,16,1,2
83,92,block_4_0_1x1,2,1,6,0,3,34,1,1,0,0,2,16,1,2
83,92,block_4_0_1x1,2,1,7,1,3,35,1,1,0,1,2,16,1,2
83,92,block_4_0_1x1,2,2,8,0,4,4,0,2,0,0,2,16,1,2
83,92,block_4_0_1x1,2,2,9,1,4,5,0,2,0,1,2,16,1,2
83,92,block_4_0_1x1,2,2,10,0,5,36,1,2,0,0,2,16,1,2
83,92,block_4_0_1x1,2,2,11,1,5,37,1,2,0,1,2,16,1,2
83,92,block_4_0_1x1,2,3,12,0,6,6,0,3,0,0,2,16,1,2
83,92,block_4_0_1x1,2,3,13,1,6,7,0,3,0,1,2,16,1,2
83,92,block_4_0_1x1,2,3,14,0,7,38,1,3,0,0,2,16,1,2
83,92,block_4_0_1x1,2,3,15,1,7,39,1,3,0,1,2,16,1,2
83,92,block_4_0_1x1,2,7,16,2,7,8,0,4,0,0,2,16,1,2
83,92,block_4_0_1x1,2,7,17,3,7,9,0,4,0,1,2,16,1,2
83,92,block_4_0_1x1,2,7,18,2,6,40,1,4,0,0,2,16,1,2
83,92,block_4_0_1x1,2,7,19,3,6,41,1,4,0,1,2,16,1,2
83,92,block_4_0_1x1,2,6,20,2,5,10,0,5,0,0,2,16,1,2
83,92,block_4_0_1x1,2,6,21,3,5,11,0,5,0,1,2,16,1,2
83,92,block_4_0_1x1,2,6,22,2,4,42,1,5,0,0,2,16,1,2
83,92,block_4_0_1x1,2,6,23,3,4,43,1,5,0,1,2,16,1,2
83,92,block_4_0_1x1,2,5,24,2,3,12,0,6,0,0,2,16,1,2
83,92,block_4_0_1x1,2,5,25,3,3,13,0,6,0,1,2,16,1,2
83,92,block_4_0_1x1,2,5,26,2,2,44,1,6,0,0,2,16,1,2
83,92,block_4_0_1x1,2,5,27,3,2,45,1,6,0,1,2,16,1,2
83,92,block_4_0_1x1,2,4,28,2,1,14,0,7,0,0,2,16,1,2
83,92,block_4_0_1x1,2,4,29,3,1,15,0,7,0,1,2,16,1,2
83,92,block_4_0_1x1,2,4,30,2,0,46,1,7,0,0,2,16,1,2
83,92,block_4_0_1x1,2,4,31,3,0,47,1,7,0,1,2,16,1,2
83,92,block_4_0_1x1,2,8,32,4,0,16,0,8,0,0,2,16,1,2
83,92,block_4_0_1x1,2,8,33,5,0,17,0,8,0,1,2,16,1,2
83,92,block_4_0_1x1,2,8,34,4,1,48,1,8,0,0,2,16,1,2
83,92,block_4_0_1x1,2,8,35,5,1,49,1,8,0,1,2,16,1,2
83,92,block_4_0_1x1,2,9,36,4,2,18,0,9,0,0,2,16,1,2
83,92,block_4_0_1x1,2,9,37,5,2,19,0,9,0,1,2,16,1,2
83,92,block_4_0_1x1,2,9,38,4,3,50,1,9,0,0,2,16,1,2
83,92,block_4_0_1x1,2,9,39,5,3,51,1,9,0,1,2,16,1,2
83,92,block_4_0_1x1,2,10,40,4,4,20,0,10,0,0,2,16,1,2
83,92,block_4_0_1x1,2,10,41,5,4,21,0,10,0,1,2,16,1,2
83,92,block_4_0_1x1,2,10,42,4,5,52,1,10,0,0,2,16,1,2
83,92,block_4_0_1x1,2,10,43,5,5,53,1,10,0,1,2,16,1,2
83,92,block_4_0_1x1,2,11,44,4,6,22,0,11,0,0,2,16,1,2
83,92,block_4_0_1x1,2,11,45,5,6,23,0,11,0,1,2,16,1,2
83,92,block_4_0_1x1,2,11,46,4,7,54,1,11,0,0,2,16,1,2
83,92,block_4_0_1x1,2,11,47,5,7,55,1,11,0,1,2,16,1,2
83,92,block_4_0_1x1,2,15,48,6,7,24,0,12,0,0,2,16,1,2
83,92,block_4_0_1x1,2,15,49,7,7,25,0,12,0,1,2,16,1,2
83,92,block_4_0_1x1,2,15,50,6,6,56,1,12,0,0,2,16,1,2
83,92,block_4_0_1x1,2,15,51,7,6,57,1,12,0,1,2,16,1,2
83,92,block_4_0_1x1,2,14,52,6,5,26,0,13,0,0,2,16,1,2
83,92,block_4_0_1x1,2,14,53,7,5,27,0,13,0,1,2,16,1,2
83,92,block_4_0_1x1,2,14,54,6,4,58,1,13,0,0,2,16,1,2
83,92,block_4_0_1x1,2,14,55,7,4,59,1,13,0,1,2,16,1,2
83,92,block_4_0_1x1,2,13,56,6,3,28,0,14,0,0,2,16,1,2
83,92,block_4_0_1x1,2,13,57,7,3,29,0,14,0,1,2,16,1,2
83,92,block_4_0_1x1,2,13,58,6,2,60,1,14,0,0,2,16,1,2
83,92,block_4_0_1x1,2,13,59,7,2,61,1,14,0,1,2,16,1,2
83,92,block_4_0_1x1,2,12,60,6,1,30,0,15,0,0,2,16,1,2
83,92,block_4_0_1x1,2,12,61,7,1,31,0,15,0,1,2,16,1,2
83,92,block_4_0_1x1,2,12,62,6,0,62,1,15,0,0,2,16,1,2
83,92,block_4_0_1x1,2,12,63,7,0,63,1,15,0,1,2,16,1,2
84,93,block_4_0_3x3,2,0,0,0,0,0,0,0,0,0,2,4,4,2
84,93,block_4_0_3x3,2,0,1,1,0,1,0,0,0,1,2,4,4,2
84,93,block_4_0_3x3,2,0,2,0,1,2,0,0,1,0,2,4,4,2
84,93,block_4_0_3x3,2,0,3,1,1,3,0,0,1,1,2,4,4,2
84,93,block_4_0_3x3,2,1,4,0,2,4,0,0,2,0,2,4,4,2
84,93,block_4_0_3x3,2,1,5,1,2,5,0,0,2,1,2,4,4,2
84,93,block_4_0_3x3,2,1,6,0,3,6,0,0,3,0,2,4,4,2
84,93,block_4_0_3x3,2,1,7,1,3,7,0,0,3,1,2,4,4,2
84,93,block_4_0_3x3,2,2,8,0,4,32,1,0,0,0,2,4,4,2
84,93,block_4_0_3x3,2,2,9,1,4,33,1,0,0,1,2,4,4,2
84,93,block_4_0_3x3,2,2,10,0,5,34,1,0,1,0,2,4,4,2
84,93,block_4_0_3x3,2,2,11,1,5,35,1,0,1,1,2,4,4,2
84,93,block_4_0_3x3,2,3,12,0,6,36,1,0,2,0,2,4,4,2
84,93,block_4_0_3x3,2,3,13,1,6,37,1,0,2,1,2,4,4,2
84,93,block_4_0_3x3,2,3,14,0,7,38,1,0,3,0,2,4,4,2
84,93,block_4_0_3x3,2,3,15,1,7,39,1,0,3,1,2,4,4,2
84,93,block_4_0_3x3,2,7,16,2,7,8,0,1,0,0,2,4,4,2
84,93,block_4_0_3x3,2,7,17,3,7,9,0,1,0,1,2,4,4,2
84,93,block_4_0_3x3,2,7,18,2,6,10,0,1,1,0,2,4,4,2
84,93,block_4_0_3x3,2,7,19,3,6,11,0,1,1,1,2,4,4,2
84,93,block_4_0_3x3,2,6,20,2,5,12,0,1,2,0,2,4,4,2
84,93,block_4_0_3x3,2,6,21,3,5,13,0,1,2,1,2,4,4,2
84,93,block_4_0_3x3,2,6,22,2,4,14,0,1,3,0,2,4,4,2
84,93,block_4_0_3x3,2,6,23,3,4,15,0,1,3,1,2,4,4,2
84,93,block_4_0_3x3,2,5,24,2,3,40,1,1,0,0,2,4,4,2
84,93,block_4_0_3x3,2,5,25,3,3,41,1,1,0,1,2,4,4,2
84,93,block_4_0_3x3,2,5,26,2,2,42,1,1,1,0,2,4,4,2
84,93,block_4_0_3x3,2,5,27,3,2,43,1,1,1,1,2,4,4,2
84,93,block_4_0_3x3,2,4,28,2,1,44,1,1,2,0,2,4,4,2
84,93,block_4_0_3x3,2,4,29,3,1,45,1,1,2,1,2,4,4,2
84,93,block_4_0_3x3,2,4,30,2,0,46,1,1,3,0,2,4,4,2
84,93,block_4_0_3x3,2,4,31,3,0,47,1,1,3,1,2,4,4,2
84,93,block_4_0_3x3,2,8,32,4,0,16,0,2,0,0,2,4,4,2
84,93,block_4_0_3x3,2,8,33,5,0,17,0,2,0,1,2,4,4,2
84,93,block_4_0_3x3,2,8,34,4,1,18,0,2,1,0,2,4,4,2
84,93,block_4_0_3x3,2,8,35,5,1,19,0,2,1,1,2,4,4,2
84,93,block_4_0_3x3,2,9,36,4,2,20,0,2,2,0,2,4,4,2
84,93,block_4_0_3x3,2,9,37,5,2,21,0,2,2,1,2,4,4,2
84,93,block_4_0_3x3,2,9,38,4,3,22,0,2,3,0,2,4,4,2
84,93,block_4_0_3x3,2,9,39,5,3,23,0,2,3,1,2,4,4,2
84,93,block_4_0_3x3,2,10,40,4,4,48,1,2,0,0,2,4,4,2
84,93,block_4_0_3x3,2,10,41,5,4,49,1,2,0,1,2,4,4,2
84,93,block_4_0_3x3,2,10,42,4,5,50,1,2,1,0,2,4,4,2
84,93,block_4_0_3x3,2,10,43,5,5,51,1,2,1,1,2,4,4,2
84,93,block_4_0_3x3,2,11,44,4,6,52,1,2,2,0,2,4,4,2
84,93,block_4_0_3x3,2,11,45,5,6,53,1,2,2,1,2,4,4,2
84,93,block_4_0_3x3,2,11,46,4,7,54,1,2,3,0,2,4,4,2
84,93,block_4_0_3x3,2,11,47,5,7,55,1,2,3,1,2,4,4,2
84,93,block_4_0_3x3,2,15,48,6,7,24,0,3,0,0,2,4,4,2
84,93,block_4_0_3x3,2,15,49,7,7,25,0,3,0,1,2,4,4,2
84,93,block_4_0_3x3,2,15,50,6,6,26,0,3,1,0,2,4,4,2
84,93,block_4_0_3x3,2,15,51,7,6,27,0,3,1,1,2,4,4,2
84,93,block_4_0_3x3,2,14,52,6,5,28,0,3,2,0,2,4,4,2
84,93,block_4_0_3x3,2,14,53,7,5,29,0,3,2,1,2,4,4,2
84,93,block_4_0_3x3,2,14,54,6,4,30,0,3,3,0,2,4,4,2
84,93,block_4_0_3x3,2,14,55,7,4,31,0,3,3,1,2,4,4,2
84,93,block_4_0_3x3,2,13,56,6,3,56,1,3,0,0,2,4,4,2
84,93,block_4_0_3x3,2,13,57,7,3,57,1,3,0,1,2,4,4,2
84,93,block_4_0_3x3,2,13,58,6,2,58,1,3,1,0,2,4,4,2
84,93,block_4_0_3x3,2,13,59,7,2,59,1,3,1,1,2,4,4,2
84,93,block_4_0_3x3,2,12,60,6,1,60,1,3,2,0,2,4,4,2
84,93,block_4_0_3x3,2,12,61,7,1,61,1,3,2,1,2,4,4,2
84,93,block_4_0_3x3,2,12,62,6,0,62,1,3,3,0,2,4,4,2
84,93,block_4_0_3x3,2,12,63,7,0,63,1,3,3,1,2,4,4,2
85,94,block_4_1_1x1,2,0,0,0,0,0,0,0,0,0,2,16,1,2
85,94,block_4_1_1x1,2,0,1,1,0,1,0,0,0,1,2,16,1,2
85,94,block_4_1_1x1,2,0,2,0,1,32,1,0,0,0,2,16,1,2
85,94,block_4_1_1x1,2,0,3,1,1,33,1,0,0,1,2,16,1,2
85,94,block_4_1_1x1,2,1,4,0,2,2,0,1,0,0,2,16,1,2
85,94,block_4_1_1x1,2,1,5,1,2,3,0,1,0,1,2,16,1,2
85,94,block_4_1_1x1,2,1,6,0,3,34,1,1,0,0,2,16,1,2
85,94,block_4_1_1x1,2,1,7,1,3,35,1,1,0,1,2,16,1,2
85,94,block_4_1_1x1,2,2,8,0,4,4,0,2,0,0,2,16,1,2
85,94,block_4_1_1x1,2,2,9,1,4,5,0,2,0,1,2,16,1,2
85,94,block_4_1_1x1,2,2,10,0,5,36,1,2,0,0,2,16,1,2
85,94,block_4_1_1x1,2,2,11,1,5,37,1,2,0,1,2,16,1,2
85,94,block_4_1_1x1,2,3,12,0,6,6,0,3,0,0,2,16,1,2
85,94,block_4_1_1x1,2,3,13,1,6,7,0,3,0,1,2,16,1,2
85,94,block_4_1_1x1,2,3,14,0,7,38,1,3,0,0,2,16,1,2
85,94,block_4_1_1x1,2,3,15,1,7,39,1,3,0,1,2,16,1,2
85,94,block_4_1_1x1,2,7,16,2,7,8,0,4,0,0,2,16,1,2
85,94,block_4_1_1x1,2,7,17,3,7,9,0,4,0,1,2,16,1,2
85,94,block_4_1_1x1,2,7,18,2,6,40,1,4,0,0,2,16,1,2
85,94,block_4_1_1x1,2,7,19,3,6,41,1,4,0,1,2,16,1,2
85,94,block_4_1_1x1,2,6,20,2,5,10,0,5,0,0,2,16,1,2
85,94,block_4_1_1x1,2,6,21,3,5,11,0,5,0,1,2,16,1,2
85,94,block_4_1_1x1,2,6,22,2,4,42,1,5,0,0,2,16,1,2
85,94,block_4_1_1x1,2,6,23,3,4,43,1,5,0,1,2,16,1,2
85,94,block_4_1_1x1,2,5,24,2,3,12,0,6,0,0,2,16,1,2
85,94,block_4_1_1x1,2,5,25,3,3,13,0,6,0,1,2,16,1,2
85,94,block_4_1_1x1,2,5,26,2,2,44,1,6,0,0,2,16,1,2
85,94,block_4_1_1x1,2,5,27,3,2,45,1,6,0,1,2,16,1,2
85,94,block_4_1_1x1,2,4,28,2,1,14,0,7,0,0,2,16,1,2
85,94,block_4_1_1x1,2,4,29,3,1,15,0,7,0,1,2,16,1,2
85,94,block_4_1_1x1,2,4,30,2,0,46,1,7,0,0,2,16,1,2
85,94,block_4_1_1x1,2,4,31,3,0,47,1,7,0,1,2,16,1,2
85,94,block_4_1_1x1,2,8,32,4,0,16,0,8,0,0,2,16,1,2
85,94,block_4_1_1x1,2,8,33,5,0,17,0,8,0,1,2,16,1,2
85,94,block_4_1_1x1,2,8,34,4,1,48,1,8,0,0,2,16,1,2
85,94,block_4_1_1x1,2,8,35,5,1,49,1,8,0,1,2,16,1,2
85,94,block_4_1_1x1,2,9,36,4,2,18,0,9,0,0,2,16,1,2
85,94,block_4_1_1x1,2,9,37,5,2,19,0,9,0,1,2,16,1,2
85,94,block_4_1_1x1,2,9,38,4,3,50,1,9,0,0,2,16,1,2
85,94,block_4_1_1x1,2,9,39,5,3,51,1,9,0,1,2,16,1,2
85,94,block_4_1_1x1,2,10,40,4,4,20,0,10,0,0,2,16,1,2
85,94,block_4_1_1x1,2,10,41,5,4,21,0,10,0,1,2,16,1,2
85,94,block_4_1_1x1,2,10,42,4,5,52,1,10,0,0,2,16,1,2
85,94,block_4_1_1x1,2,10,43,5,5,53,1,10,0,1,2,16,1,2
85,94,block_4_1_1x1,2,11,44,4,6,22,0,11,0,0,2,16,1,2
85,94,block_4_1_1x1,2,11,45,5,6,23,0,11,0,1,2,16,1,2
85,94,block_4_1_1x1,2,11,46,4,7,54,1,11,0,0,2,16,1,2
85,94,block_4_1_1x1,2,11,47,5,7,55,1,11,0,1,2,16,1,2
85,94,block_4_1_1x1,2,15,48,6,7,24,0,12,0,0,2,16,1,2
85,94,block_4_1_1x1,2,15,49,7,7,25,0,12,0,1,2,16,1,2
85,94,block_4_1_1x1,2,15,50,6,6,56,1,12,0,0,2,16,1,2
85,94,block_4_1_1x1,2,15,51,7,6,57,1,12,0,1,2,16,1,2
85,94,block_4_1_1x1,2,14,52,6,5,26,0,13,0,0,2,16,1,2
85,94,block_4_1_1x1,2,14,53,7,5,27,0,13,0,1,2,16,1,2
85,94,block_4_1_1x1,2,14,54,6,4,58,1,13,0,0,2,16,1,2
85,94,block_4_1_1x1,2,14,55,7,4,59,1,13,0,1,2,16,1,2
85,94,block_4_1_1x1,2,13,56,6,3,28,0,14,0,0,2,16,1,2
85,94,block_4_1_1x1,2,13,57,7,3,29,0,14,0,1,2,16,1,2
85,94,block_4_1_1x1,2,13,58,6,2,60,1,14,0,0,2,16,1,2
85,94,block_4_1_1x1,2,13,59,7,2,61,1,14,0,1,2,16,1,2
85,94,block_4_1_1x1,2,12,60,6,1,30,0,15,0,0,2,16,1,2
85,94,block_4_1_1x1,2,12,61,7,1,31,0,15,0,1,2,16,1,2
85,94,block_4_1_1x1,2,12,62,6,0,62,1,15,0,0,2,16,1,2
85,94,block_4_1_1x1,2,12,63,7,0,63,1,15,0,1,2,16,1,2
86,95,block_4_1_3x3,2,0,0,0,0,0,0,0,0,0,2,4,1,2
86,95,block_4_1_3x3,2,0,1,1,0,1,0,0,0,1,2,4,1,2
86,95,block_4_1_3x3,2,0,2,0,1,8,1,0,0,0,2,4,1,2
86,95,block_4_1_3x3,2,0,3,1,1,9,1,0,0,1,2,4,1,2
86,95,block_4_1_3x3,2,1,4,0,2,2,0,1,0,0,2,4,1,2
86,95,block_4_1_3x3,2,1,5,1,2,3,0,1,0,1,2,4,1,2
86,95,block_4_1_3x3,2,1,6,0,3,10,1,1,0,0,2,4,1,2
86,95,block_4_1_3x3,2,1,7,1,3,11,1,1,0,1,2,4,1,2
86,95,block_4_1_3x3,2,2,8,0,4,4,0,2,0,0,2,4,1,2
86,95,block_4_1_3x3,2,2,9,1,4,5,0,2,0,1,2,4,1,2
86,95,block_4_1_3x3,2,2,10,0,5,12,1,2,0,0,2,4,1,2
86,95,block_4_1_3x3,2,2,11,1,5,13,1,2,0,1,2,4,1,2
86,95,block_4_1_3x3,2,3,12,0,6,6,0,3,0,0,2,4,1,2
86,95,block_4_1_3x3,2,3,13,1,6,7,0,3,0,1,2,4,1,2
86,95,block_4_1_3x3,2,3,14,0,7,14,1,3,0,0,2,4,1,2
86,95,block_4_1_3x3,2,3,15,1,7,15,1,3,0,1,2,4,1,2
86,96,block_4_2_1x1,2,7,16,2,7,0,0,0,0,0,2,4,1,4
86,96,block_4_2_1x1,2,7,17,3,7,1,0,0,0,1,2,4,1,4
86,96,block_4_2_1x1,2,7,18,2,6,2,0,0,0,2,2,4,1,4
86,96,block_4_2_1x1,2,7,19,3,6,3,0,0,0,3,2,4,1,4
86,96,block_4_2_1x1,2,6,20,2,5,16,1,0,0,0,2,4,1,4
86,96,block_4_2_1x1,2,6,21,3,5,17,1,0,0,1,2,4,1,4
86,96,block_4_2_1x1,2,6,22,2,4,18,1,0,0,2,2,4,1,4
86,96,block_4_2_1x1,2,6,23,3,4,19,1,0,0,3,2,4,1,4
86,96,block_4_2_1x1,2,5,24,2,3,4,0,1,0,0,2,4,1,4
86,96,block_4_2_1x1,2,5,25,3,3,5,0,1,0,1,2,4,1,4
86,96,block_4_2_1x1,2,5,26,2,2,6,0,1,0,2,2,4,1,4
86,96,block_4_2_1x1,2,5,27,3,2,7,0,1,0,3,2,4,1,4
86,96,block_4_2_1x1,2,4,28,2,1,20,1,1,0,0,2,4,1,4
86,96,block_4_2_1x1,2,4,29,3,1,21,1,1,0,1,2,4,1,4
86,96,block_4_2_1x1,2,4,30,2,0,22,1,1,0,2,2,4,1,4
86,96,block_4_2_1x1,2,4,31,3,0,23,1,1,0,3,2,4,1,4
86,96,block_4_2_1x1,2,8,32,4,0,8,0,2,0,0,2,4,1,4
86,96,block_4_2_1x1,2,8,33,5,0,9,0,2,0,1,2,4,1,4
86,96,block_4_2_1x1,2,8,34,4,1,10,0,2,0,2,2,4,1,4
86,96,block_4_2_1x1,2,8,35,5,1,11,0,2,0,3,2,4,1,4
86,96,block_4_2_1x1,2,9,36,4,2,24,1,2,0,0,2,4,1,4
86,96,block_4_2_1x1,2,9,37,5,2,25,1,2,0,1,2,4,1,4
86,96,block_4_2_1x1,2,9,38,4,3,26,1,2,0,2,2,4,1,4
86,96,block_4_2_1x1,2,9,39,5,3,27,1,2,0,3,2,4,1,4
86,96,block_4_2_1x1,2,10,40,4,4,12,0,3,0,0,2,4,1,4
86,96,block_4_2_1x1,2,10,41,5,4,13,0,3,0,1,2,4,1,4
86,96,block_4_2_1x1,2,10,42,4,5,14,0,3,0,2,2,4,1,4
86,96,block_4_2_1x1,2,10,43,5,5,15,0,3,0,3,2,4,1,4
86,96,block_4_2_1x1,2,11,44,4,6,28,1,3,0,0,2,4,1,4
86,96,block_4_2_1x1,2,11,45,5,6,29,1,3,0,1,2,4,1,4
86,96,block_4_2_1x1,2,11,46,4,7,30,1,3,0,2,2,4,1,4
86,96,block_4_2_1x1,2,11,47,5,7,31,1,3,0,3,2,4,1,4
86,97,block_4_2_3x3,2,15,48,6,7,0,0,0,0,0,2,4,1,2
86,97,block_4_2_3x3,2,15,49,7,7,1,0,0,0,1,2,4,1,2
86,97,block_4_2_3x3,2,15,50,6,6,8,1,0,0,0,2,4,1,2
86,97,block_4_2_3x3,2,15,51,7,6,9,1,0,0,1,2,4,1,2
86,97,block_4_2_3x3,2,14,52,6,5,2,0,1,0,0,2,4,1,2
86,97,block_4_2_3x3,2,14,53,7,5,3,0,1,0,1,2,4,1,2
86,97,block_4_2_3x3,2,14,54,6,4,10,1,1,0,0,2,4,1,2
86,97,block_4_2_3x3,2,14,55,7,4,11,1,1,0,1,2,4,1,2
86,97,block_4_2_3x3,2,13,56,6,3,4,0,2,0,0,2,4,1,2
86,97,block_4_2_3x3,2,13,57,7,3,5,0,2,0,1,2,4,1,2
86,97,block_4_2_3x3,2,13,58,6,2,12,1,2,0,0,2,4,1,2
86,97,block_4_2_3x3,2,13,59,7,2,13,1,2,0,1,2,4,1,2
86,97,block_4_2_3x3,2,12,60,6,1,6,0,3,0,0,2,4,1,2
86,97,block_4_2_3x3,2,12,61,7,1,7,0,3,0,1,2,4,1,2
86,97,block_4_2_3x3,2,12,62,6,0,14,1,3,0,0,2,4,1,2
86,97,block_4_2_3x3,2,12,63,7,0,15,1,3,0,1,2,4,1,2
87,98,block_4_3_1x1,2,0,0,0,0,0,0,0,0,0,2,16,1,2
87,98,block_4_3_1x1,2,0,1,1,0,1,0,0,0,1,2,16,1,2
87,98,block_4_3_1x1,2,0,2,0,1,32,1,0,0,0,2,16,1,2
87,98,block_4_3_1x1,2,0,3,1,1,33,1,0,0,1,2,16,1,2
87,98,block_4_3_1x1,2,1,4,0,2,2,0,1,0,0,2,16,1,2
87,98,block_4_3_1x1,2,1,5,1,2,3,0,1,0,1,2,16,1,2
87,98,block_4_3_1x1,2,1,6,0,3,34,1,1,0,0,2,16,1,2
87,98,block_4_3_1x1,2,1,7,1,3,35,1,1,0,1,2,16,1,2
87,98,block_4_3_1x1,2,2,8,0,4,4,0,2,0,0,2,16,1,2
87,98,block_4_3_1x1,2,2,9,1,4,5,0,2,0,1,2,16,1,2
87,98,block_4_3_1x1,2,2,10,0,5,36,1,2,0,0,2,16,1,2
87,98,block_4_3_1x1,2,2,11,1,5,37,1,2,0,1,2,16,1,2
87,98,block_4_3_1x1,2,3,12,0,6,6,0,3,0,0,2,16,1,2
87,98,block_4_3_1x1,2,3,13,1,6,7,0,3,0,1,2,16,1,2
87,98,block_4_3_1x1,2,3,14,0,7,38,1,3,0,0,2,16,1,2
87,98,block_4_3_1x1,2,3,15,1,7,39,1,3,0,1,2,16,1,2
87,98,block_4_3_1x1,2,7,16,2,7,8,0,4,0,0,2,16,1,2
87,98,block_4_3_1x1,2,7,17,3,7,9,0,4,0,1,2,16,1,2
87,98,block_4_3_1x1,2,7,18,2,6,40,1,4,0,0,2,16,1,2
87,98,block_4_3_1x1,2,7,19,3,6,41,1,4,0,1,2,16,1,2
87,98,block_4_3_1x1,2,6,20,2,5,10,0,5,0,0,2,16,1,2
87,98,block_4_3_1x1,2,6,21,3,5,11,0,5,0,1,2,16,1,2
87,98,block_4_3_1x1,2,6,22,2,4,42,1,5,0,0,2,16,1,2
87,98,block_4_3_1x1,2,6,23,3,4,43,1,5,0,1,2,16,1,2
87,98,block_4_3_1x1,2,5,24,2,3,12,0,6,0,0,2,16,1,2
87,98,block_4_3_1x1,2,5,25,3,3,13,0,6,0,1,2,16,1,2
87,98,block_4_3_1x1,2,5,26,2,2,44,1,6,0,0,2,16,1,2
87,98,block_4_3_1x1,2,5,27,3,2,45,1,6,0,1,2,16,1,2
87,98,block_4_3_1x1,2,4,28,2,1,14,0,7,0,0,2,16,1,2
87,98,block_4_3_1x1,2,4,29,3,1,15,0,7,0,1,2,16,1,2
87,98,block_4_3_1x1,2,4,30,2,0,46,1,7,0,0,2,16,1,2
87,98,block_4_3_1x1,2,4,31,3,0,47,1,7,0,1,2,16,1,2
87,98,block_4_3_1x1,2,8,32,4,0,16,0,8,0,0,2,16,1,2
87,98,block_4_3_1x1,2,8,33,5,0,17,0,8,0,1,2,16,1,2
87,98,block_4_3_1x1,2,8,34,4,1,48,1,8,0,0,2,16,1,2
87,98,block_4_3_1x1,2,8,35,5,1,49,1,8,0,1,2,16,1,2
87,98,block_4_3_1x1,2,9,36,4,2,18,0,9,0,0,2,16,1,2
87,98,block_4_3_1x1,2,9,37,5,2,19,0,9,0,1,2,16,1,2
87,98,block_4_3_1x1,2,9,38,4,3,50,1,9,0,0,2,16,1,2
87,98,block_4_3_1x1,2,9,39,5,3,51,1,9,0,1,2,16,1,2
87,98,block_4_3_1x1,2,10,40,4,4,20,0,10,0,0,2,16,1,2
87,98,block_4_3_1x1,2,10,41,5,4,21,0,10,0,1,2,16,1,2
87,98,block_4_3_1x1,2,10,42,4,5,52,1,10,0,0,2,16,1,2
87,98,block_4_3_1x1,2,10,43,5,5,53,1,10,0,1,2,16,1,2
87,98,block_4_3_1x1,2,11,44,4,6,22,0,11,0,0,2,16,1,2
87,98,block_4_3_1x1,2,11,45,5,6,23,0,11,0,1,2,16,1,2
87,98,block_4_3_1x1,2,11,46,4,7,54,1,11,0,0,2,16,1,2
87,98,block_4_3_1x1,2,11,47,5,7,55,1,11,0,1,2,16,1,2
87,98,block_4_3_1x1,2,15,48,6,7,24,0,12,0,0,2,16,1,2
87,98,block_4_3_1x1,2,15,49,7,7,25,0,12,0,1,2,16,1,2
87,98,block_4_3_1x1,2,15,50,6,6,56,1,12,0,0,2,16,1,2
87,98,block_4_3_1x1,2,15,51,7,6,57,1,12,0,1,2,16,1,2
87,98,block_4_3_1x1,2,14,52,6,5,26,0,13,0,0,2,16,1,2
87,98,block_4_3_1x1,2,14,53,7,5,27,0,13,0,1,2,16,1,2
87,98,block_4_3_1x1,2,14,54,6,4,58,1,13,0,0,2,16,1,2
87,98,block_4_3_1x1,2,14,55,7,4,59,1,13,0,1,2,16,1,2
87,98,block_4_3_1x1,2,13,56,6,3,28,0,14,0,0,2,16,1,2
87,98,block_4_3_1x1,2,13,57,7,3,29,0,14,0,1,2,16,1,2
87,98,block_4_3_1x1,2,13,58,6,2,60,1,14,0,0,2,16,1,2
87,98,block_4_3_1x1,2,13,59,7,2,61,1,14,0,1,2,16,1,2
87,98,block_4_3_1x1,2,12,60,6,1,30,0,15,0,0,2,16,1,2
87,98,block_4_3_1x1,2,12,61,7,1,31,0,15,0,1,2,16,1,2
87,98,block_4_3_1x1,2,12,62,6,0,62,1,15,0,0,2,16,1,2
87,98,block_4_3_1x1,2,12,63,7,0,63,1,15,0,1,2,16,1,2
88,99,block_4_3_3x3,2,0,0,0,0,0,0,0,0,0,2,4,4,2
88,99,block_4_3_3x3,2,0,1,1,0,1,0,0,0,1,2,4,4,2
88,99,block_4_3_3x3,2,0,2,0,1,2,0,0,1,0,2,4,4,2
88,99,block_4_3_3x3,2,0,3,1,1,3,0,0,1,1,2,4,4,2
88,99,block_4_3_3x3,2,1,4,0,2,4,0,0,2,0,2,4,4,2
88,99,block_4_3_3x3,2,1,5,1,2,5,0,0,2,1,2,4,4,2
88,99,block_4_3_3x3,2,1,6,0,3,6,0,0,3,0,2,4,4,2
88,99,block_4_3_3x3,2,1,7,1,3,7,0,0,3,1,2,4,4,2
88,99,block_4_3_3x3,2,2,8,0,4,32,1,0,0,0,2,4,4,2
88,99,block_4_3_3x3,2,2,9,1,4,33,1,0,0,1,2,4,4,2
88,99,block_4_3_3x3,2,2,10,0,5,34,1,0,1,0,2,4,4,2
88,99,block_4_3_3x3,2,2,11,1,5,35,1,0,1,1,2,4,4,2
88,99,block_4_3_3x3,2,3,12,0,6,36,1,0,2,0,2,4,4,2
88,99,block_4_3_3x3,2,3,13,1,6,37,1,0,2,1,2,4,4,2
88,99,block_4_3_3x3,2,3,14,0,7,38,1,0,3,0,2,4,4,2
88,99,block_4_3_3x3,2,3,15,1,7,39,1,0,3,1,2,4,4,2
88,99,block_4_3_3x3,2,7,16,2,7,8,0,1,0,0,2,4,4,2
88,99,block_4_3_3x3,2,7,17,3,7,9,0,1,0,1,2,4,4,2
88,99,block_4_3_3x3,2,7,18,2,6,10,0,1,1,0,2,4,4,2
88,99,block_4_3_3x3,2,7,19,3,6,11,0,1,1,1,2,4,4,2
88,99,block_4_3_3x3,2,6,20,2,5,12,0,1,2,0,2,4,4,2
88,99,block_4_3_3x3,2,6,21,3,5,13,0,1,2,1,2,4,4,2
88,99,block_4_3_3x3,2,6,22,2,4,14,0,1,3,0,2,4,4,2
88,99,block_4_3_3x3,2,6,23,3,4,15,0,1,3,1,2,4,4,2
88,99,block_4_3_3x3,2,5,24,2,3,40,1,1,0,0,2,4,4,2
88,99,block_4_3_3x3,2,5,25,3,3,41,1,1,0,1,2,4,4,2
88,99,block_4_3_3x3,2,5,26,2,2,42,1,1,1,0,2,4,4,2
88,99,block_4_3_3x3,2,5,27,3,2,43,1,1,1,1,2,4,4,2
88,99,block_4_3_3x3,2,4,28,2,1,44,1,1,2,0,2,4,4,2
88,99,block_4_3_3x3,2,4,29,3,1,45,1,1,2,1,2,4,4,2
88,99,block_4_3_3x3,2,4,30,2,0,46,1,1,3,0,2,4,4,2
88,99,block_4_3_3x3,2,4,31,3,0,47,1,1,3,1,2,4,4,2
88,99,block_4_3_3x3,2,8,32,4,0,16,0,2,0,0,2,4,4,2
88,99,block_4_3_3x3,2,8,33,5,0,17,0,2,0,1,2,4,4,2
88,99,block_4_3_3x3,2,8,34,4,1,18,0,2,1,0,2,4,4,2
88,99,block_4_3_3x3,2,8,35,5,1,19,0,2,1,1,2,4,4,2
88,99,block_4_3_3x3,2,9,36,4,2,20,0,2,2,0,2,4,4,2
88,99,block_4_3_3x3,2,9,37,5,2,21,0,2,2,1,2,4,4,2
88,99,block_4_3_3x3,2,9,38,4,3,22,0,2,3,0,2,4,4,2
88,99,block_4_3_3x3,2,9,39,5,3,23,0,2,3,1,2,4,4,2
88,99,block_4_3_3x3,2,10,40,4,4,48,1,2,0,0,2,4,4,2
88,99,block_4_3_3x3,2,10,41,5,4,49,1,2,0,1,2,4,4,2
88,99,block_4_3_3x3,2,10,42,4,5,50,1,2,1,0,2,4,4,2
88,99,block_4_3_3x3,2,10,43,5,5,51,1,2,1,1,2,4,4,2
88,99,block_4_3_3x3,2,11,44,4,6,52,1,2,2,0,2,4,4,2
88,99,block_4_3_3x3,2,11,45,5,6,53,1,2,2,1,2,4,4,2
88,99,block_4_3_3x3,2,11,46,4,7,54,1,2,3,0,2,4,4,2
88,99,block_4_3_3x3,2,11,47,5,7,55,1,2,3,1,2,4,4,2
88,99,block_4_3_3x3,2,15,48,6,7,24,0,3,0,0,2,4,4,2
88,99,block_4_3_3x3,2,15,49,7,7,25,0,3,0,1,2,4,4,2
88,99,block_4_3_3x3,2,15,50,6,6,26,0,3,1,0,2,4,4,2
88,99,block_4_3_3x3,2,15,51,7,6,27,0,3,1,1,2,4,4,2
88,99,block_4_3_3x3,2,14,52,6,5,28,0,3,2,0,2,4,4,2
88,99,block_4_3_3x3,2,14,53,7,5,29,0,3,2,1,2,4,4,2
88,99,block_4_3_3x3,2,14,54,6,4,30,0,3,3,0,2,4,4,2
88,99,block_4_3_3x3,2,14,55,7,4,31,0,3,3,1,2,4,4,2
88,99,block_4_3_3x3,2,13,56,6,3,56,1,3,0,0,2,4,4,2
88,99,block_4_3_3x3,2,13,57,7,3,57,1,3,0,1,2,4,4,2
88,99,block_4_3_3x3,2,13,58,6,2,58,1,3,1,0,2,4,4,2
88,99,block_4_3_3x3,2,13,59,7,2,59,1,3,1,1,2,4,4,2
88,99,block_4_3_3x3,2,12,60,6,1,60,1,3,2,0,2,4,4,2
88,99,block_4_3_3x3,2,12,61,7,1,61,1,3,2,1,2,4,4,2
88,99,block_4_3_3x3,2,12,62,6,0,62,1,3,3,0,2,4,4,2
88,99,block_4_3_3x3,2,12,63,7,0,63,1,3,3,1,2,4,4,2
89,100,block_4_4_1x1,2,0,0,0,0,0,0,0,0,0,2,16,1,2
89,100,block_4_4_1x1,2,0,1,1,0,1,0,0,0,1,2,16,1,2
89,100,block_4_4_1x1,2,0,2,0,1,32,1,0,0,0,2,16,1,2
89,100,block_4_4_1x1,2,0,3,1,1,33,1,0,0,1,2,16,1,2
89,100,block_4_4_1x1,2,1,4,0,2,2,0,1,0,0,2,16,1,2
89,100,block_4_4_1x1,2,1,5,1,2,3,0,1,0,1,2,16,1,2
89,100,block_4_4_1x1,2,1,6,0,3,34,1,1,0,0,2,16,1,2
89,100,block_4_4_1x1,2,1,7,1,3,35,1,1,0,1,2,16,1,2
89,100,block_4_4_1x1,2,2,8,0,4,4,0,2,0,0,2,16,1,2
89,100,block_4_4_1x1,2,2,9,1,4,5,0,2,0,1,2,16,1,2
89,100,block_4_4_1x1,2,2,10,0,5,36,1,2,0,0,2,16,1,2
89,100,block_4_4_1x1,2,2,11,1,5,37,1,2,0,1,2,16,1,2
89,100,block_4_4_1x1,2,3,12,0,6,6,0,3,0,0,2,16,1,2
89,100,block_4_4_1x1,2,3,13,1,6,7,0,3,0,1,2,16,1,2
89,100,block_4_4_1x1,2,3,14,0,7,38,1,3,0,0,2,16,1,2
89,100,block_4_4_1x1,2,3,15,1,7,39,1,3,0,1,2,16,1,2
89,100,block_4_4_1x1,2,7,16,2,7,8,0,4,0,0,2,16,1,2
89,100,block_4_4_1x1,2,7,17,3,7,9,0,4,0,1,2,16,1,2
89,100,block_4_4_1x1,2,7,18,2,6,40,1,4,0,0,2,16,1,2
89,100,block_4_4_1x1,2,7,19,3,6,41,1,4,0,1,2,16,1,2
89,100,block_4_4_1x1,2,6,20,2,5,10,0,5,0,0,2,16,1,2
89,100,block_4_4_1x1,2,6,21,3,5,11,0,5,0,1,2,16,1,2
89,100,block_4_4_1x1,2,6,22,2,4,42,1,5,0,0,2,16,1,2
89,100,block_4_4_1x1,2,6,23,3,4,43,1,5,0,1,2,16,1,2
89,100,block_4_4_1x1,2,5,24,2,3,12,0,6,0,0,2,16,1,2
89,100,block_4_4_1x1,2,5,25,3,3,13,0,6,0,1,2,16,1,2
89,100,block_4_4_1x1,2,5,26,2,2,44,1,6,0,0,2,16,1,2
89,100,block_4_4_1x1,2,5,27,3,2,45,1,6,0,1,2,16,1,2
89,100,block_4_4_1x1,2,4,28,2,1,14,0,7,0,0,2,16,1,2
89,100,block_4_4_1x1,2,4,29,3,1,15,0,7,0,1,2,16,1,2
89,100,block_4_4_1x1,2,4,30,2,0,46,1,7,0,0,2,16,1,2
89,100,block_4_4_1x1,2,4,31,3,0,47,1,7,0,1,2,16,1,2
89,100,block_4_4_1x1,2,8,32,4,0,16,0,8,0,0,2,16,1,2
89,100,block_4_4_1x1,2,8,33,5,0,17,0,8,0,1,2,16,1,2
89,100,block_4_4_1x1,2,8,34,4,1,48,1,8,0,0,2,16,1,2
89,100,block_4_4_1x1,2,8,35,5,1,49,1,8,0,1,2,16,1,2
89,100,block_4_4_1x1,2,9,36,4,2,18,0,9,0,0,2,16,1,2
89,100,block_4_4_1x1,2,9,37,5,2,19,0,9,0,1,2,16,1,2
89,100,block_4_4_1x1,2,9,38,4,3,50,1,9,0,0,2,16,1,2
89,100,block_4_4_1x1,2,9,39,5,3,51,1,9,0,1,2,16,1,2
89,100,block_4_4_1x1,2,10,40,4,4,20,0,10,0,0,2,16,1,2
89,100,block_4_4_1x1,2,10,41,5,4,21,0,10,0,1,2,16,1,2
89,100,block_4_4_1x1,2,10,42,4,5,52,1,10,0,0,2,16,1,2
89,100,block_4_4_1x1,2,10,43,5,5,53,1,10,0,1,2,16,1,2
89,100,block_4_4_1x1,2,11,44,4,6,22,0,11,0,0,2,16,1,2
89,100,block_4_4_1x1,2,11,45,5,6,23,0,11,0,1,2,16,1,2
89,100,block_4_4_1x1,2,11,46,4,7,54,1,11,0,0,2,16,1,2
89,100,block_4_4_1x1,2,11,47,5,7,55,1,11,0,1,2,16,1,2
89,100,block_4_4_1x1,2,15,48,6,7,24,0,12,0,0,2,16,1,2
89,100,block_4_4_1x1,2,15,49,7,7,25,0,12,0,1,2,16,1,2
89,100,block_4_4_1x1,2,15,50,6,6,56,1,12,0,0,2,16,1,2
89,100,block_4_4_1x1,2,15,51,7,6,57,1,12,0,1,2,16,1,2
89,100,block_4_4_1x1,2,14,52,6,5,26,0,13,0,0,2,16,1,2
89,100,block_4_4_1x1,2,14,53,7,5,27,0,13,0,1,2,16,1,2
89,100,block_4_4_1x1,2,14,54,6,4,58,1,13,0,0,2,16,1,2
89,100,block_4_4_1x1,2,14,55,7,4,59,1,13,0,1,2,16,1,2
89,100,block_4_4_1x1,2,13,56,6,3,28,0,14,0,0,2,16,1,2
89,100,block_4_4_1x1,2,13,57,7,3,29,0,14,0,1,2,16,1,2
89,100,block_4_4_1x1,2,13,58,6,2,60,1,14,0,0,2,16,1,2
89,100,block_4_4_1x1,2,13,59,7,2,61,1,14,0,1,2,16,1,2
89,100,block_4_4_1x1,2,12,60,6,1,30,0,15,0,0,2,16,1,2
89,100,block_4_4_1x1,2,12,61,7,1,31,0,15,0,1,2,16,1,2
89,100,block_4_4_1x1,2,12,62,6,0,62,1,15,0,0,2,16,1,2
89,100,block_4_4_1x1,2,12,63,7,0,63,1,15,0,1,2,16,1,2
90,101,block_4_4_3x3,2,0,0,0,0,0,0,0,0,0,2,4,4,2
90,101,block_4_4_3x3,2,0,1,1,0,1,0,0,0,1,2,4,4,2
90,101,block_4_4_3x3,2,0,2,0,1,2,0,0,1,0,2,4,4,2
90,101,block_4_4_3x3,2,0,3,1,1,3,0,0,1,1,2,4,4,2
90,101,block_4_4_3x3,2,1,4,0,2,4,0,0,2,0,2,4,4,2
90,101,block_4_4_3x3,2,1,5,1,2,5,0,0,2,1,2,4,4,2
90,101,block_4_4_3x3,2,1,6,0,3,6,0,0,3,0,2,4,4,2
90,101,block_4_4_3x3,2,1,7,1,3,7,0,0,3,1,2,4,4,2
90,101,block_4_4_3x3,2,2,8,0,4,32,1,0,0,0,2,4,4,2
90,101,block_4_4_3x3,2,2,9,1,4,33,1,0,0,1,2,4,4,2
90,101,block_4_4_3x3,2,2,10,0,5,34,1,0,1,0,2,4,4,2
90,101,block_4_4_3x3,2,2,11,1,5,35,1,0,1,1,2,4,4,2
90,101,block_4_4_3x3,2,3,12,0,6,36,1,0,2,0,2,4,4,2
90,101,block_4_4_3x3,2,3,13,1,6,37,1,0,2,1,2,4,4,2
90,101,block_4_4_3x3,2,3,14,0,7,38,1,0,3,0,2,4,4,2
90,101,block_4_4_3x3,2,3,15,1,7,39,1,0,3,1,2,4,4,2
90,101,block_4_4_3x3,2,7,16,2,7,8,0,1,0,0,2,4,4,2
90,101,block_4_4_3x3,2,7,17,3,7,9,0,1,0,1,2,4,4,2
90,101,block_4_4_3x3,2,7,18,2,6,10,0,1,1,0,2,4,4,2
90,101,block_4_4_3x3,2,7,19,3,6,11,0,1,1,1,2,4,4,2
90,101,block_4_4_3x3,2,6,20,2,5,12,0,1,2,0,2,4,4,2
90,101,block_4_4_3x3,2,6,21,3,5,13,0,1,2,1,2,4,4,2
90,101,block_4_4_3x3,2,6,22,2,4,14,0,1,3,0,2,4,4,2
90,101,block_4_4_3x3,2,6,23,3,4,15,0,1,3,1,2,4,4,2
90,101,block_4_4_3x3,2,5,24,2,3,40,1,1,0,0,2,4,4,2
90,101,block_4_4_3x3,2,5,25,3,3,41,1,1,0,1,2,4,4,2
90,101,block_4_4_3x3,2,5,26,2,2,42,1,1,1,0,2,4,4,2
90,101,block_4_4_3x3,2,5,27,3,2,43,1,1,1,1,2,4,4,2
90,101,block_4_4_3x3,2,4,28,2,1,44,1,1,2,0,2,4,4,2
90,101,block_4_4_3x3,2,4,29,3,1,45,1,1,2,1,2,4,4,2
90,101,block_4_4_3x3,2,4,30,2,0,46,1,1,3,0,2,4,4,2
90,101,block_4_4_3x3,2,4,31,3,0,47,1,1,3,1,2,4,4,2
90,101,block_4_4_3x3,2,8,32,4,0,16,0,2,0,0,2,4,4,2
90,101,block_4_4_3x3,2,8,33,5,0,17,0,2,0,1,2,4,4,2
90,101,block_4_4_3x3,2,8,34,4,1,18,0,2,1,0,2,4,4,2
90,101,block_4_4_3x3,2,8,35,5,1,19,0,2,1,1,2,4,4,2
90,101,block_4_4_3x3,2,9,36,4,2,20,0,2,2,0,2,4,4,2
90,101,block_4_4_3x3,2,9,37,5,2,21,0,2,2,1,2,4,4,2
90,101,block_4_4_3x3,2,9,38,4,3,22,0,2,3,0,2,4,4,2
90,101,block_4_4_3x3,2,9,39,5,3,23,0,2,3,1,2,4,4,2
90,101,block_4_4_3x3,2,10,40,4,4,48,1,2,0,0,2,4,4,2
90,101,block_4_4_3x3,2,10,41,5,4,49,1,2,0,1,2,4,4,2
90,101,block_4_4_3x3,2,10,42,4,5,50,1,2,1,0,2,4,4,2
90,101,block_4_4_3x3,2,10,43,5,5,51,1,2,1,1,2,4,4,2
90,101,block_4_4_3x3,2,11,44,4,6,52,1,2,2,0,2,4,4,2
90,101,block_4_4_3x3,2,11,45,5,6,53,1,2,2,1,2,4,4,2
90,101,block_4_4_3x3,2,11,46,4,7,54,1,2,3,0,2,4,4,2
90,101,block_4_4_3x3,2,11,47,5,7,55,1,2,3,1,2,4,4,2
90,101,block_4_4_3x3,2,15,48,6,7,24,0,3,0,0,2,4,4,2
90,101,block_4_4_3x3,2,15,49,7,7,25,0,3,0,1,2,4,4,2
90,101,block_4_4_3x3,2,15,50,6,6,26,0,3,1,0,2,4,4,2
90,101,block_4_4_3x3,2,15,51,7,6,27,0,3,1,1,2,4,4,2
90,101,block_4_4_3x3,2,14,52,6,5,28,0,3,2,0,2,4,4,2
90,101,block_4_4_3x3,2,14,53,7,5,29,0,3,2,1,2,4,4,2
90,101,block_4_4_3x3,2,14,54,6,4,30,0,3,3,0,2,4,4,2
90,101,block_4_4_3x3,2,14,55,7,4,31,0,3,3,1,2,4,4,2
90,101,block_4_4_3x3,2,13,56,6,3,56,1,3,0,0,2,4,4,2
90,101,block_4_4_3x3,2,13,57,7,3,57,1,3,0,1,2,4,4,2
90,101,block_4_4_3x3,2,13,58,6,2,58,1,3,1,0,2,4,4,2
90,101,block_4_4_3x3,2,13,59,7,2,59,1,3,1,1,2,4,4,2
90,101,block_4_4_3x3,2,12,60,6,1,60,1,3,2,0,2,4,4,2
90,101,block_4_4_3x3,2,12,61,7,1,61,1,3,2,1,2,4,4,2
90,101,block_4_4_3x3,2,12,62,6,0,62,1,3,3,0,2,4,4,2
90,101,block_4_4_3x3,2,12,63,7,0,63,1,3,3,1,2,4,4,2
91,102,block_4_5_1x1,2,0,0,0,0,0,0,0,0,0,2,16,1,2
91,102,block_4_5_1x1,2,0,1,1,0,1,0,0,0,1,2,16,1,2
91,102,block_4_5_1x1,2,0,2,0,1,32,1,0,0,0,2,16,1,2
91,102,block_4_5_1x1,2,0,3,1,1,33,1,0,0,1,2,16,1,2
91,102,block_4_5_1x1,2,1,4,0,2,2,0,1,0,0,2,16,1,2
91,102,block_4_5_1x1,2,1,5,1,2,3,0,1,0,1,2,16,1,2
91,102,block_4_5_1x1,2,1,6,0,3,34,1,1,0,0,2,16,1,2
91,102,block_4_5_1x1,2,1,7,1,3,35,1,1,0,1,2,16,1,2
91,102,block_4_5_1x1,2,2,8,0,4,4,0,2,0,0,2,16,1,2
91,102,block_4_5_1x1,2,2,9,1,4,5,0,2,0,1,2,16,1,2
91,102,block_4_5_1x1,2,2,10,0,5,36,1,2,0,0,2,16,1,2
91,102,block_4_5_1x1,2,2,11,1,5,37,1,2,0,1,2,16,1,2
91,102,block_4_5_1x1,2,3,12,0,6,6,0,3,0,0,2,16,1,2
91,102,block_4_5_1x1,2,3,13,1,6,7,0,3,0,1,2,16,1,2
91,102,block_4_5_1x1,2,3,14,0,7,38,1,3,0,0,2,16,1,2
91,102,block_4_5_1x1,2,3,15,1,7,39,1,3,0,1,2,16,1,2
91,102,block_4_5_1x1,2,7,16,2,7,8,0,4,0,0,2,16,1,2
91,102,block_4_5_1x1,2,7,17,3,7,9,0,4,0,1,2,16,1,2
91,102,block_4_5_1x1,2,7,18,2,6,40,1,4,0,0,2,16,1,2
91,102,block_4_5_1x1,2,7,19,3,6,41,1,4,0,1,2,16,1,2
91,102,block_4_5_1x1,2,6,20,2,5,10,0,5,0,0,2,16,1,2
91,102,block_4_5_1x1,2,6,21,3,5,11,0,5,0,1,2,16,1,2
91,102,block_4_5_1x1,2,6,22,2,4,42,1,5,0,0,2,16,1,2
91,102,block_4_5_1x1,2,6,23,3,4,43,1,5,0,1,2,16,1,2
91,102,block_4_5_1x1,2,5,24,2,3,12,0,6,0,0,2,16,1,2
91,102,block_4_5_1x1,2,5,25,3,3,13,0,6,0,1,2,16,1,2
91,102,block_4_5_1x1,2,5,26,2,2,44,1,6,0,0,2,16,1,2
91,102,block_4_5_1x1,2,5,27,3,2,45,1,6,0,1,2,16,1,2
91,102,block_4_5_1x1,2,4,28,2,1,14,0,7,0,0,2,16,1,2
91,102,block_4_5_1x1,2,4,29,3,1,15,0,7,0,1,2,16,1,2
91,102,block_4_5_1x1,2,4,30,2,0,46,1,7,0,0,2,16,1,2
91,102,block_4_5_1x1,2,4,31,3,0,47,1,7,0,1,2,16,1,2
91,102,block_4_5_1x1,2,8,32,4,0,16,0,8,0,0,2,16,1,2
91,102,block_4_5_1x1,2,8,33,5,0,17,0,8,0,1,2,16,1,2
91,102,block_4_5_1x1,2,8,34,4,1,48,1,8,0,0,2,16,1,2
91,102,block_4_5_1x1,2,8,35,5,1,49,1,8,0,1,2,16,1,2
91,102,block_4_5_1x1,2,9,36,4,2,18,0,9,0,0,2,16,1,2
91,102,block_4_5_1x1,2,9,37,5,2,19,0,9,0,1,2,16,1,2
91,102,block_4_5_1x1,2,9,38,4,3,50,1,9,0,0,2,16,1,2
91,102,block_4_5_1x1,2,9,39,5,3,51,1,9,0,1,2,16,1,2
91,102,block_4_5_1x1,2,10,40,4,4,20,0,10,0,0,2,16,1,2
91,102,block_4_5_1x1,2,10,41,5,4,21,0,10,0,1,2,16,1,2
91,102,block_4_5_1x1,2,10,42,4,5,52,1,10,0,0,2,16,1,2
91,102,block_4_5_1x1,2,10,43,5,5,53,1,10,0,1,2,16,1,2
91,102,block_4_5_1x1,2,11,44,4,6,22,0,11,0,0,2,16,1,2
91,102,block_4_5_1x1,2,11,45,5,6,23,0,11,0,1,2,16,1,2
91,102,block_4_5_1x1,2,11,46,4,7,54,1,11,0,0,2,16,1,2
91,102,block_4_5_1x1,2,11,47,5,7,55,1,11,0,1,2,16,1,2
91,102,block_4_5_1x1,2,15,48,6,7,24,0,12,0,0,2,16,1,2
91,102,block_4_5_1x1,2,15,49,7,7,25,0,12,0,1,2,16,1,2
91,102,block_4_5_1x1,2,15,50,6,6,56,1,12,0,0,2,16,1,2
91,102,block_4_5_1x1,2,15,51,7,6,57,1,12,0,1,2,16,1,2
91,102,block_4_5_1x1,2,14,52,6,5,26,0,13,0,0,2,16,1,2
91,102,block_4_5_1x1,2,14,53,7,5,27,0,13,0,1,2,16,1,2
91,102,block_4_5_1x1,2,14,54,6,4,58,1,13,0,0,2,16,1,2
91,102,block_4_5_1x1,2,14,55,7,4,59,1,13,0,1,2,16,1,2
91,102,block_4_5_1x1,2,13,56,6,3,28,0,14,0,0,2,16,1,2
91,102,block_4_5_1x1,2,13,57,7,3,29,0,14,0,1,2,16,1,2
91,102,block_4_5_1x1,2,13,58,6,2,60,1,14,0,0,2,16,1,2
91,102,block_4_5_1x1,2,13,59,7,2,61,1,14,0,1,2,16,1,2
91,102,block_4_5_1x1,2,12,60,6,1,30,0,15,0,0,2,16,1,2
91,102,block_4_5_1x1,2,12,61,7,1,31,0,15,0,1,2,16,1,2
91,102,block_4_5_1x1,2,12,62,6,0,62,1,15,0,0,2,16,1,2
91,102,block_4_5_1x1,2,12,63,7,0,63,1,15,0,1,2,16,1,2
92,103,block_4_5_3x3,2,0,0,0,0,0,0,0,0,0,2,4,4,2
92,103,block_4_5_3x3,2,0,1,1,0,1,0,0,0,1,2,4,4,2
92,103,block_4_5_3x3,2,0,2,0,1,2,0,0,1,0,2,4,4,2
92,103,block_4_5_3x3,2,0,3,1,1,3,0,0,1,1,2,4,4,2
92,103,block_4_5_3x3,2,1,4,0,2,4,0,0,2,0,2,4,4,2
92,103,block_4_5_3x3,2,1,5,1,2,5,0,0,2,1,2,4,4,2
92,103,block_4_5_3x3,2,1,6,0,3,6,0,0,3,0,2,4,4,2
92,103,block_4_5_3x3,2,1,7,1,3,7,0,0,3,1,2,4,4,2
92,103,block_4_5_3x3,2,2,8,0,4,32,1,0,0,0,2,4,4,2
92,103,block_4_5_3x3,2,2,9,1,4,33,1,0,0,1,2,4,4,2
92,103,block_4_5_3x3,2,2,10,0,5,34,1,0,1,0,2,4,4,2
92,103,block_4_5_3x3,2,2,11,1,5,35,1,0,1,1,2,4,4,2
92,103,block_4_5_3x3,2,3,12,0,6,36,1,0,2,0,2,4,4,2
92,103,block_4_5_3x3,2,3,13,1,6,37,1,0,2,1,2,4,4,2
92,103,block_4_5_3x3,2,3,14,0,7,38,1,0,3,0,2,4,4,2
92,103,block_4_5_3x3,2,3,15,1,7,39,1,0,3,1,2,4,4,2
92,103,block_4_5_3x3,2,7,16,2,7,8,0,1,0,0,2,4,4,2
92,103,block_4_5_3x3,2,7,17,3,7,9,0,1,0,1,2,4,4,2
92,103,block_4_5_3x3,2,7,18,2,6,10,0,1,1,0,2,4,4,2
92,103,block_4_5_3x3,2,7,19,3,6,11,0,1,1,1,2,4,4,2
92,103,block_4_5_3x3,2,6,20,2,5,12,0,1,2,0,2,4,4,2
92,103,block_4_5_3x3,2,6,21,3,5,13,0,1,2,1,2,4,4,2
92,103,block_4_5_3x3,2,6,22,2,4,14,0,1,3,0,2,4,4,2
92,103,block_4_5_3x3,2,6,23,3,4,15,0,1,3,1,2,4,4,2
92,103,block_4_5_3x3,2,5,24,2,3,40,1,1,0,0,2,4,4,2
92,103,block_4_5_3x3,2,5,25,3,3,41,1,1,0,1,2,4,4,2
92,103,block_4_5_3x3,2,5,26,2,2,42,1,1,1,0,2,4,4,2
92,103,block_4_5_3x3,2,5,27,3,2,43,1,1,1,1,2,4,4,2
92,103,block_4_5_3x3,2,4,28,2,1,44,1,1,2,0,2,4,4,2
92,103,block_4_5_3x3,2,4,29,3,1,45,1,1,2,1,2,4,4,2
92,103,block_4_5_3x3,2,4,30,2,0,46,1,1,3,0,2,4,4,2
92,103,block_4_5_3x3,2,4,31,3,0,47,1,1,3,1,2,4,4,2
92,103,block_4_5_3x3,2,8,32,4,0,16,0,2,0,0,2,4,4,2
92,103,block_4_5_3x3,2,8,33,5,0,17,0,2,0,1,2,4,4,2
92,103,block_4_5_3x3,2,8,34,4,1,18,0,2,1,0,2,4,4,2
92,103,block_4_5_3x3,2,8,35,5,1,19,0,2,1,1,2,4,4,2
92,103,block_4_5_3x3,2,9,36,4,2,20,0,2,2,0,2,4,4,2
92,103,block_4_5_3x3,2,9,37,5,2,21,0,2,2,1,2,4,4,2
92,103,block_4_5_3x3,2,9,38,4,3,22,0,2,3,0,2,4,4,2
92,103,block_4_5_3x3,2,9,39,5,3,23,0,2,3,1,2,4,4,2
92,103,block_4_5_3x3,2,10,40,4,4,48,1,2,0,0,2,4,4,2
92,103,block_4_5_3x3,2,10,41,5,4,49,1,2,0,1,2,4,4,2
92,103,block_4_5_3x3,2,10,42,4,5,50,1,2,1,0,2,4,4,2
92,103,block_4_5_3x3,2,10,43,5,5,51,1,2,1,1,2,4,4,2
92,103,block_4_5_3x3,2,11,44,4,6,52,1,2,2,0,2,4,4,2
92,103,block_4_5_3x3,2,11,45,5,6,53,1,2,2,1,2,4,4,2
92,103,block_4_5_3x3,2,11,46,4,7,54,1,2,3,0,2,4,4,2
92,103,block_4_5_3x3,2,11,47,5,7,55,1,2,3,1,2,4,4,2
92,103,block_4_5_3x3,2,15,48,6,7,24,0,3,0,0,2,4,4,2
92,103,block_4_5_3x3,2,15,49,7,7,25,0,3,0,1,2,4,4,2
92,103,block_4_5_3x3,2,15,50,6,6,26,0,3,1,0,2,4,4,2
92,103,block_4_5_3x3,2,15,51,7,6,27,0,3,1,1,2,4,4,2
92,103,block_4_5_3x3,2,14,52,6,5,28,0,3,2,0,2,4,4,2
92,103,block_4_5_3x3,2,14,53,7,5,29,0,3,2,1,2,4,4,2
92,103,block_4_5_3x3,2,14,54,6,4,30,0,3,3,0,2,4,4,2
92,103,block_4_5_3x3,2,14,55,7,4,31,0,3,3,1,2,4,4,2
92,103,block_4_5_3x3,2,13,56,6,3,56,1,3,0,0,2,4,4,2
92,103,block_4_5_3x3,2,13,57,7,3,57,1,3,0,1,2,4,4,2
92,103,block_4_5_3x3,2,13,58,6,2,58,1,3,1,0,2,4,4,2
92,103,block_4_5_3x3,2,13,59,7,2,59,1,3,1,1,2,4,4,2
92,103,block_4_5_3x3,2,12,60,6,1,60,1,3,2,0,2,4,4,2
92,103,block_4_5_3x3,2,12,61,7,1,61,1,3,2,1,2,4,4,2
92,103,block_4_5_3x3,2,12,62,6,0,62,1,3,3,0,2,4,4,2
92,103,block_4_5_3x3,2,12,63,7,0,63,1,3,3,1,2,4,4,2
93,104,block_4_6_1x1,2,0,0,0,0,0,0,0,0,0,2,16,1,2
93,104,block_4_6_1x1,2,0,1,1,0,1,0,0,0,1,2,16,1,2
93,104,block_4_6_1x1,2,0,2,0,1,32,1,0,0,0,2,16,1,2
93,104,block_4_6_1x1,2,0,3,1,1,33,1,0,0,1,2,16,1,2
93,104,block_4_6_1x1,2,1,4,0,2,2,0,1,0,0,2,16,1,2
93,104,block_4_6_1x1,2,1,5,1,2,3,0,1,0,1,2,16,1,2
93,104,block_4_6_1x1,2,1,6,0,3,34,1,1,0,0,2,16,1,2
93,104,block_4_6_1x1,2,1,7,1,3,35,1,1,0,1,2,16,1,2
93,104,block_4_6_1x1,2,2,8,0,4,4,0,2,0,0,2,16,1,2
93,104,block_4_6_1x1,2,2,9,1,4,5,0,2,0,1,2,16,1,2
93,104,block_4_6_1x1,2,2,10,0,5,36,1,2,0,0,2,16,1,2
93,104,block_4_6_1x1,2,2,11,1,5,37,1,2,0,1,2,16,1,2
93,104,block_4_6_1x1,2,3,12,0,6,6,0,3,0,0,2,16,1,2
93,104,block_4_6_1x1,2,3,13,1,6,7,0,3,0,1,2,16,1,2
93,104,block_4_6_1x1,2,3,14,0,7,38,1,3,0,0,2,16,1,2
93,104,block_4_6_1x1,2,3,15,1,7,39,1,3,0,1,2,16,1,2
93,104,block_4_6_1x1,2,7,16,2,7,8,0,4,0,0,2,16,1,2
93,104,block_4_6_1x1,2,7,17,3,7,9,0,4,0,1,2,16,1,2
93,104,block_4_6_1x1,2,7,18,2,6,40,1,4,0,0,2,16,1,2
93,104,block_4_6_1x1,2,7,19,3,6,41,1,4,0,1,2,16,1,2
93,104,block_4_6_1x1,2,6,20,2,5,10,0,5,0,0,2,16,1,2
93,104,block_4_6_1x1,2,6,21,3,5,11,0,5,0,1,2,16,1,2
93,104,block_4_6_1x1,2,6,22,2,4,42,1,5,0,0,2,16,1,2
93,104,block_4_6_1x1,2,6,23,3,4,43,1,5,0,1,2,16,1,2
93,104,block_4_6_1x1,2,5,24,2,3,12,0,6,0,0,2,16,1,2
93,104,block_4_6_1x1,2,5,25,3,3,13,0,6,0,1,2,16,1,2
93,104,block_4_6_1x1,2,5,26,2,2,44,1,6,0,0,2,16,1,2
93,104,block_4_6_1x1,2,5,27,3,2,45,1,6,0,1,2,16,1,2
93,104,block_4_6_1x1,2,4,28,2,1,14,0,7,0,0,2,16,1,2
93,104,block_4_6_1x1,2,4,29,3,1,15,0,7,0,1,2,16,1,2
93,104,block_4_6_1x1,2,4,30,2,0,46,1,7,0,0,2,16,1,2
93,104,block_4_6_1x1,2,4,31,3,0,47,1,7,0,1,2,16,1,2
93,104,block_4_6_1x1,2,8,32,4,0,16,0,8,0,0,2,16,1,2
93,104,block_4_6_1x1,2,8,33,5,0,17,0,8,0,1,2,16,1,2
93,104,block_4_6_1x1,2,8,34,4,1,48,1,8,0,0,2,16,1,2
93,104,block_4_6_1x1,2,8,35,5,1,49,1,8,0,1,2,16,1,2
93,104,block_4_6_1x1,2,9,36,4,2,18,0,9,0,0,2,16,1,2
93,104,block_4_6_1x1,2,9,37,5,2,19,0,9,0,1,2,16,1,2
93,104,block_4_6_1x1,2,9,38,4,3,50,1,9,0,0,2,16,1,2
93,104,block_4_6_1x1,2,9,39,5,3,51,1,9,0,1,2,16,1,2
93,104,block_4_6_1x1,2,10,40,4,4,20,0,10,0,0,2,16,1,2
93,104,block_4_6_1x1,2,10,41,5,4,21,0,10,0,1,2,16,1,2
93,104,block_4_6_1x1,2,10,42,4,5,52,1,10,0,0,2,16,1,2
93,104,block_4_6_1x1,2,10,43,5,5,53,1,10,0,1,2,16,1,2
93,104,block_4_6_1x1,2,11,44,4,6,22,0,11,0,0,2,16,1,2
93,104,block_4_6_1x1,2,11,45,5,6,23,0,11,0,1,2,16,1,2
93,104,block_4_6_1x1,2,11,46,4,7,54,1,11,0,0,2,16,1,2
93,104,block_4_6_1x1,2,11,47,5,7,55,1,11,0,1,2,16,1,2
93,104,block_4_6_1x1,2,15,48,6,7,24,0,12,0,0,2,16,1,2
93,104,block_4_6_1x1,2,15,49,7,7,25,0,12,0,1,2,16,1,2
93,104,block_4_6_1x1,2,15,50,6,6,56,1,12,0,0,2,16,1,2
93,104,block_4_6_1x1,2,15,51,7,6,57,1,12,0,1,2,16,1,2
93,104,block_4_6_1x1,2,14,52,6,5,26,0,13,0,0,2,16,1,2
93,104,block_4_6_1x1,2,14,53,7,5,27,0,13,0,1,2,16,1,2
93,104,block_4_6_1x1,2,14,54,6,4,58,1,13,0,0,2,16,1,2
93,104,block_4_6_1x1,2,14,55,7,4,59,1,13,0,1,2,16,1,2
93,104,block_4_6_1x1,2,13,56,6,3,28,0,14,0,0,2,16,1,2
93,104,block_4_6_1x1,2,13,57,7,3,29,0,14,0,1,2,16,1,2
93,104,block_4_6_1x1,2,13,58,6,2,60,1,14,0,0,2,16,1,2
93,104,block_4_6_1x1,2,13,59,7,2,61,1,14,0,1,2,16,1,2
93,104,block_4_6_1x1,2,12,60,6,1,30,0,15,0,0,2,16,1,2
93,104,block_4_6_1x1,2,12,61,7,1,31,0,15,0,1,2,16,1,2
93,104,block_4_6_1x1,2,12,62,6,0,62,1,15,0,0,2,16,1,2
93,104,block_4_6_1x1,2,12,63,7,0,63,1,15,0,1,2,16,1,2
94,105,block_4_6_3x3,2,0,0,0,0,0,0,0,0,0,2,4,4,2
94,105,block_4_6_3x3,2,0,1,1,0,1,0,0,0,1,2,4,4,2
94,105,block_4_6_3x3,2,0,2,0,1,2,0,0,1,0,2,4,4,2
94,105,block_4_6_3x3,2,0,3,1,1,3,0,0,1,1,2,4,4,2
94,105,block_4_6_3x3,2,1,4,0,2,4,0,0,2,0,2,4,4,2
94,105,block_4_6_3x3,2,1,5,1,2,5,0,0,2,1,2,4,4,2
94,105,block_4_6_3x3,2,1,6,0,3,6,0,0,3,0,2,4,4,2
94,105,block_4_6_3x3,2,1,7,1,3,7,0,0,3,1,2,4,4,2
94,105,block_4_6_3x3,2,2,8,0,4,32,1,0,0,0,2,4,4,2
94,105,block_4_6_3x3,2,2,9,1,4,33,1,0,0,1,2,4,4,2
94,105,block_4_6_3x3,2,2,10,0,5,34,1,0,1,0,2,4,4,2
94,105,block_4_6_3x3,2,2,11,1,5,35,1,0,1,1,2,4,4,2
94,105,block_4_6_3x3,2,3,12,0,6,36,1,0,2,0,2,4,4,2
94,105,block_4_6_3x3,2,3,13,1,6,37,1,0,2,1,2,4,4,2
94,105,block_4_6_3x3,2,3,14,0,7,38,1,0,3,0,2,4,4,2
94,105,block_4_6_3x3,2,3,15,1,7,39,1,0,3,1,2,4,4,2
94,105,block_4_6_3x3,2,7,16,2,7,8,0,1,0,0,2,4,4,2
94,105,block_4_6_3x3,2,7,17,3,7,9,0,1,0,1,2,4,4,2
94,105,block_4_6_3x3,2,7,18,2,6,10,0,1,1,0,2,4,4,2
94,105,block_4_6_3x3,2,7,19,3,6,11,0,1,1,1,2,4,4,2
94,105,block_4_6_3x3,2,6,20,2,5,12,0,1,2,0,2,4,4,2
94,105,block_4_6_3x3,2,6,21,3,5,13,0,1,2,1,2,4,4,2
94,105,block_4_6_3x3,2,6,22,2,4,14,0,1,3,0,2,4,4,2
94,105,block_4_6_3x3,2,6,23,3,4,15,0,1,3,1,2,4,4,2
94,105,block_4_6_3x3,2,5,24,2,3,40,1,1,0,0,2,4,4,2
94,105,block_4_6_3x3,2,5,25,3,3,41,1,1,0,1,2,4,4,2
94,105,block_4_6_3x3,2,5,26,2,2,42,1,1,1,0,2,4,4,2
94,105,block_4_6_3x3,2,5,27,3,2,43,1,1,1,1,2,4,4,2
94,105,block_4_6_3x3,2,4,28,2,1,44,1,1,2,0,2,4,4,2
94,105,block_4_6_3x3,2,4,29,3,1,45,1,1,2,1,2,4,4,2
94,105,block_4_6_3x3,2,4,30,2,0,46,1,1,3,0,2,4,4,2
94,105,block_4_6_3x3,2,4,31,3,0,47,1,1,3,1,2,4,4,2
94,105,block_4_6_3x3,2,8,32,4,0,16,0,2,0,0,2,4,4,2
94,105,block_4_6_3x3,2,8,33,5,0,17,0,2,0,1,2,4,4,2
94,105,block_4_6_3x3,2,8,34,4,1,18,0,2,1,0,2,4,4,2
94,105,block_4_6_3x3,2,8,35,5,1,19,0,2,1,1,2,4,4,2
94,105,block_4_6_3x3,2,9,36,4,2,20,0,2,2,0,2,4,4,2
94,105,block_4_6_3x3,2,9,37,5,2,21,0,2,2,1,2,4,4,2
94,105,block_4_6_3x3,2,9,38,4,3,22,0,2,3,0,2,4,4,2
94,105,block_4_6_3x3,2,9,39,5,3,23,0,2,3,1,2,4,4,2
94,105,block_4_6_3x3,2,10,40,4,4,48,1,2,0,0,2,4,4,2
94,105,block_4_6_3x3,2,10,41,5,4,49,1,2,0,1,2,4,4,2
94,105,block_4_6_3x3,2,10,42,4,5,50,1,2,1,0,2,4,4,2
94,105,block_4_6_3x3,2,10,43,5,5,51,1,2,1,1,2,4,4,2
94,105,block_4_6_3x3,2,11,44,4,6,52,1,2,2,0,2,4,4,2
94,105,block_4_6_3x3,2,11,45,5,6,53,1,2,2,1,2,4,4,2
94,105,block_4_6_3x3,2,11,46,4,7,54,1,2,3,0,2,4,4,2
94,105,block_4_6_3x3,2,11,47,5,7,55,1,2,3,1,2,4,4,2
94,105,block_4_6_3x3,2,15,48,6,7,24,0,3,0,0,2,4,4,2
94,105,block_4_6_3x3,2,15,49,7,7,25,0,3,0,1,2,4,4,2
94,105,block_4_6_3x3,2,15,50,6,6,26,0,3,1,0,2,4,4,2
94,105,block_4_6_3x3,2,15,51,7,6,27,0,3,1,1,2,4,4,2
94,105,block_4_6_3x3,2,14,52,6,5,28,0,3,2,0,2,4,4,2
94,105,block_4_6_3x3,2,14,53,7,5,29,0,3,2,1,2,4,4,2
94,105,block_4_6_3x3,2,14,54,6,4,30,0,3,3,0,2,4,4,2
94,105,block_4_6_3x3,2,14,55,7,4,31,0,3,3,1,2,4,4,2
94,105,block_4_6_3x3,2,13,56,6,3,56,1,3,0,0,2,4,4,2
94,105,block_4_6_3x3,2,13,57,7,3,57,1,3,0,1,2,4,4,2
94,105,block_4_6_3x3,2,13,58,6,2,58,1,3,1,0,2,4,4,2
94,105,block_4_6_3x3,2,13,59,7,2,59,1,3,1,1,2,4,4,2
94,105,block_4_6_3x3,2,12,60,6,1,60,1,3,2,0,2,4,4,2
94,105,block_4_6_3x3,2,12,61,7,1,61,1,3,2,1,2,4,4,2
94,105,block_4_6_3x3,2,12,62,6,0,62,1,3,3,0,2,4,4,2
94,105,block_4_6_3x3,2,12,63,7,0,63,1,3,3,1,2,4,4,2
95,106,block_4_7_1x1,2,0,0,0,0,0,0,0,0,0,2,16,1,2
95,106,block_4_7_1x1,2,0,1,1,0,1,0,0,0,1,2,16,1,2
95,106,block_4_7_1x1,2,0,2,0,1,32,1,0,0,0,2,16,1,2
95,106,block_4_7_1x1,2,0,3,1,1,33,1,0,0,1,2,16,1,2
95,106,block_4_7_1x1,2,1,4,0,2,2,0,1,0,0,2,16,1,2
95,106,block_4_7_1x1,2,1,5,1,2,3,0,1,0,1,2,16,1,2
95,106,block_4_7_1x1,2,1,6,0,3,34,1,1,0,0,2,16,1,2
95,106,block_4_7_1x1,2,1,7,1,3,35,1,1,0,1,2,16,1,2
95,106,block_4_7_1x1,2,2,8,0,4,4,0,2,0,0,2,16,1,2
95,106,block_4_7_1x1,2,2,9,1,4,5,0,2,0,1,2,16,1,2
95,106,block_4_7_1x1,2,2,10,0,5,36,1,2,0,0,2,16,1,2
95,106,block_4_7_1x1,2,2,11,1,5,37,1,2,0,1,2,16,1,2
95,106,block_4_7_1x1,2,3,12,0,6,6,0,3,0,0,2,16,1,2
95,106,block_4_7_1x1,2,3,13,1,6,7,0,3,0,1,2,16,1,2
95,106,block_4_7_1x1,2,3,14,0,7,38,1,3,0,0,2,16,1,2
95,106,block_4_7_1x1,2,3,15,1,7,39,1,3,0,1,2,16,1,2
95,106,block_4_7_1x1,2,7,16,2,7,8,0,4,0,0,2,16,1,2
95,106,block_4_7_1x1,2,7,17,3,7,9,0,4,0,1,2,16,1,2
95,106,block_4_7_1x1,2,7,18,2,6,40,1,4,0,0,2,16,1,2
95,106,block_4_7_1x1,2,7,19,3,6,41,1,4,0,1,2,16,1,2
95,106,block_4_7_1x1,2,6,20,2,5,10,0,5,0,0,2,16,1,2
95,106,block_4_7_1x1,2,6,21,3,5,11,0,5,0,1,2,16,1,2
95,106,block_4_7_1x1,2,6,22,2,4,42,1,5,0,0,2,16,1,2
95,106,block_4_7_1x1,2,6,23,3,4,43,1,5,0,1,2,16,1,2
95,106,block_4_7_1x1,2,5,24,2,3,12,0,6,0,0,2,16,1,2
95,106,block_4_7_1x1,2,5,25,3,3,13,0,6,0,1,2,16,1,2
95,106,block_4_7_1x1,2,5,26,2,2,44,1,6,0,0,2,16,1,2
95,106,block_4_7_1x1,2,5,27,3,2,45,1,6,0,1,2,16,1,2
95,106,block_4_7_1x1,2,4,28,2,1,14,0,7,0,0,2,16,1,2
95,106,block_4_7_1x1,2,4,29,3,1,15,0,7,0,1,2,16,1,2
95,106,block_4_7_1x1,2,4,30,2,0,46,1,7,0,0,2,16,1,2
95,106,block_4_7_1x1,2,4,31,3,0,47,1,7,0,1,2,16,1,2
95,106,block_4_7_1x1,2,8,32,4,0,16,0,8,0,0,2,16,1,2
95,106,block_4_7_1x1,2,8,33,5,0,17,0,8,0,1,2,16,1,2
95,106,block_4_7_1x1,2,8,34,4,1,48,1,8,0,0,2,16,1,2
95,106,block_4_7_1x1,2,8,35,5,1,49,1,8,0,1,2,16,1,2
95,106,block_4_7_1x1,2,9,36,4,2,18,0,9,0,0,2,16,1,2
95,106,block_4_7_1x1,2,9,37,5,2,19,0,9,0,1,2,16,1,2
95,106,block_4_7_1x1,2,9,38,4,3,50,1,9,0,0,2,16,1,2
95,106,block_4_7_1x1,2,9,39,5,3,51,1,9,0,1,2,16,1,2
95,106,block_4_7_1x1,2,10,40,4,4,20,0,10,0,0,2,16,1,2
95,106,block_4_7_1x1,2,10,41,5,4,21,0,10,0,1,2,16,1,2
95,106,block_4_7_1x1,2,10,42,4,5,52,1,10,0,0,2,16,1,2
95,106,block_4_7_1x1,2,10,43,5,5,53,1,10,0,1,2,16,1,2
95,106,block_4_7_1x1,2,11,44,4,6,22,0,11,0,0,2,16,1,2
95,106,block_4_7_1x1,2,11,45,5,6,23,0,11,0,1,2,16,1,2
95,106,block_4_7_1x1,2,11,46,4,7,54,1,11,0,0,2,16,1,2
95,106,block_4_7_1x1,2,11,47,5,7,55,1,11,0,1,2,16,1,2
95,106,block_4_7_1x1,2,15,48,6,7,24,0,12,0,0,2,16,1,2
95,106,block_4_7_1x1,2,15,49,7,7,25,0,12,0,1,2,16,1,2
95,106,block_4_7_1x1,2,15,50,6,6,56,1,12,0,0,2,16,1,2
95,106,block_4_7_1x1,2,15,51,7,6,57,1,12,0,1,2,16,1,2
95,106,block_4_7_1x1,2,14,52,6,5,26,0,13,0,0,2,16,1,2
95,106,block_4_7_1x1,2,14,53,7,5,27,0,13,0,1,2,16,1,2
95,106,block_4_7_1x1,2,14,54,6,4,58,1,13,0,0,2,16,1,2
95,106,block_4_7_1x1,2,14,55,7,4,59,1,13,0,1,2,16,1,2
95,106,block_4_7_1x1,2,13,56,6,3,28,0,14,0,0,2,16,1,2
95,106,block_4_7_1x1,2,13,57,7,3,29,0,14,0,1,2,16,1,2
95,106,block_4_7_1x1,2,13,58,6,2,60,1,14,0,0,2,16,1,2
95,106,block_4_7_1x1,2,13,59,7,2,61,1,14,0,1,2,16,1,2
95,106,block_4_7_1x1,2,12,60,6,1,30,0,15,0,0,2,16,1,2
95,106,block_4_7_1x1,2,12,61,7,1,31,0,15,0,1,2,16,1,2
95,106,block_4_7_1x1,2,12,62,6,0,62,1,15,0,0,2,16,1,2
95,106,block_4_7_1x1,2,12,63,7,0,63,1,15,0,1,2,16,1,2
96,107,block_4_7_3x3,2,0,0,0,0,0,0,0,0,0,2,4,4,2
96,107,block_4_7_3x3,2,0,1,1,0,1,0,0,0,1,2,4,4,2
96,107,block_4_7_3x3,2,0,2,0,1,2,0,0,1,0,2,4,4,2
96,107,block_4_7_3x3,2,0,3,1,1,3,0,0,1,1,2,4,4,2
96,107,block_4_7_3x3,2,1,4,0,2,4,0,0,2,0,2,4,4,2
96,107,block_4_7_3x3,2,1,5,1,2,5,0,0,2,1,2,4,4,2
96,107,block_4_7_3x3,2,1,6,0,3,6,0,0,3,0,2,4,4,2
96,107,block_4_7_3x3,2,1,7,1,3,7,0,0,3,1,2,4,4,2
96,107,block_4_7_3x3,2,2,8,0,4,32,1,0,0,0,2,4,4,2
96,107,block_4_7_3x3,2,2,9,1,4,33,1,0,0,1,2,4,4,2
96,107,block_4_7_3x3,2,2,10,0,5,34,1,0,1,0,2,4,4,2
96,107,block_4_7_3x3,2,2,11,1,5,35,1,0,1,1,2,4,4,2
96,107,block_4_7_3x3,2,3,12,0,6,36,1,0,2,0,2,4,4,2
96,107,block_4_7_3x3,2,3,13,1,6,37,1,0,2,1,2,4,4,2
96,107,block_4_7_3x3,2,3,14,0,7,38,1,0,3,0,2,4,4,2
96,107,block_4_7_3x3,2,3,15,1,7,39,1,0,3,1,2,4,4,2
96,107,block_4_7_3x3,2,7,16,2,7,8,0,1,0,0,2,4,4,2
96,107,block_4_7_3x3,2,7,17,3,7,9,0,1,0,1,2,4,4,2
96,107,block_4_7_3x3,2,7,18,2,6,10,0,1,1,0,2,4,4,2
96,107,block_4_7_3x3,2,7,19,3,6,11,0,1,1,1,2,4,4,2
96,107,block_4_7_3x3,2,6,20,2,5,12,0,1,2,0,2,4,4,2
96,107,block_4_7_3x3,2,6,21,3,5,13,0,1,2,1,2,4,4,2
96,107,block_4_7_3x3,2,6,22,2,4,14,0,1,3,0,2,4,4,2
96,107,block_4_7_3x3,2,6,23,3,4,15,0,1,3,1,2,4,4,2
96,107,block_4_7_3x3,2,5,24,2,3,40,1,1,0,0,2,4,4,2
96,107,block_4_7_3x3,2,5,25,3,3,41,1,1,0,1,2,4,4,2
96,107,block_4_7_3x3,2,5,26,2,2,42,1,1,1,0,2,4,4,2
96,107,block_4_7_3x3,2,5,27,3,2,43,1,1,1,1,2,4,4,2
96,107,block_4_7_3x3,2,4,28,2,1,44,1,1,2,0,2,4,4,2
96,107,block_4_7_3x3,2,4,29,3,1,45,1,1,2,1,2,4,4,2
96,107,block_4_7_3x3,2,4,30,2,0,46,1,1,3,0,2,4,4,2
96,107,block_4_7_3x3,2,4,31,3,0,47,1,1,3,1,2,4,4,2
96,107,block_4_7_3x3,2,8,32,4,0,16,0,2,0,0,2,4,4,2
96,107,block_4_7_3x3,2,8,33,5,0,17,0,2,0,1,2,4,4,2
96,107,block_4_7_3x3,2,8,34,4,1,18,0,2,1,0,2,4,4,2
96,107,block_4_7_3x3,2,8,35,5,1,19,0,2,1,1,2,4,4,2
96,107,block_4_7_3x3,2,9,36,4,2,20,0,2,2,0,2,4,4,2
96,107,block_4_7_3x3,2,9,37,5,2,21,0,2,2,1,2,4,4,2
96,107,block_4_7_3x3,2,9,38,4,3,22,0,2,3,0,2,4,4,2
96,107,block_4_7_3x3,2,9,39,5,3,23,0,2,3,1,2,4,4,2
96,107,block_4_7_3x3,2,10,40,4,4,48,1,2,0,0,2,4,4,2
96,107,block_4_7_3x3,2,10,41,5,4,49,1,2,0,1,2,4,4,2
96,107,block_4_7_3x3,2,10,42,4,5,50,1,2,1,0,2,4,4,2
96,107,block_4_7_3x3,2,10,43,5,5,51,1,2,1,1,2,4,4,2
96,107,block_4_7_3x3,2,11,44,4,6,52,1,2,2,0,2,4,4,2
96,107,block_4_7_3x3,2,11,45,5,6,53,1,2,2,1,2,4,4,2
96,107,block_4_7_3x3,2,11,46,4,7,54,1,2,3,0,2,4,4,2
96,107,block_4_7_3x3,2,11,47,5,7,55,1,2,3,1,2,4,4,2
96,107,block_4_7_3x3,2,15,48,6,7,24,0,3,0,0,2,4,4,2
96,107,block_4_7_3x3,2,15,49,7,7,25,0,3,0,1,2,4,4,2
96,107,block_4_7_3x3,2,15,50,6,6,26,0,3,1,0,2,4,4,2
96,107,block_4_7_3x3,2,15,51,7,6,27,0,3,1,1,2,4,4,2
96,107,block_4_7_3x3,2,14,52,6,5,28,0,3,2,0,2,4,4,2
96,107,block_4_7_3x3,2,14,53,7,5,29,0,3,2,1,2,4,4,2
96,107,block_4_7_3x3,2,14,54,6,4,30,0,3,3,0,2,4,4,2
96,107,block_4_7_3x3,2,14,55,7,4,31,0,3,3,1,2,4,4,2
96,107,block_4_7_3x3,2,13,56,6,3,56,1,3,0,0,2,4,4,2
96,107,block_4_7_3x3,2,13,57,7,3,57,1,3,0,1,2,4,4,2
96,107,block_4_7_3x3,2,13,58,6,2,58,1,3,1,0,2,4,4,2
96,107,block_4_7_3x3,2,13,59,7,2,59,1,3,1,1,2,4,4,2
96,107,block_4_7_3x3,2,12,60,6,1,60,1,3,2,0,2,4,4,2
96,107,block_4_7_3x3,2,12,61,7,1,61,1,3,2,1,2,4,4,2
96,107,block_4_7_3x3,2,12,62,6,0,62,1,3,3,0,2,4,4,2
96,107,block_4_7_3x3,2,12,63,7,0,63,1,3,3,1,2,4,4,2
97,108,block_4_8_1x1,2,0,0,0,0,0,0,0,0,0,2,16,1,2
97,108,block_4_8_1x1,2,0,1,1,0,1,0,0,0,1,2,16,1,2
97,108,block_4_8_1x1,2,0,2,0,1,32,1,0,0,0,2,16,1,2
97,108,block_4_8_1x1,2,0,3,1,1,33,1,0,0,1,2,16,1,2
97,108,block_4_8_1x1,2,1,4,0,2,2,0,1,0,0,2,16,1,2
97,108,block_4_8_1x1,2,1,5,1,2,3,0,1,0,1,2,16,1,2
97,108,block_4_8_1x1,2,1,6,0,3,34,1,1,0,0,2,16,1,2
97,108,block_4_8_1x1,2,1,7,1,3,35,1,1,0,1,2,16,1,2
97,108,block_4_8_1x1,2,2,8,0,4,4,0,2,0,0,2,16,1,2
97,108,block_4_8_1x1,2,2,9,1,4,5,0,2,0,1,2,16,1,2
97,108,block_4_8_1x1,2,2,10,0,5,36,1,2,0,0,2,16,1,2
97,108,block_4_8_1x1,2,2,11,1,5,37,1,2,0,1,2,16,1,2
97,108,block_4_8_1x1,2,3,12,0,6,6,0,3,0,0,2,16,1,2
97,108,block_4_8_1x1,2,3,13,1,6,7,0,3,0,1,2,16,1,2
97,108,block_4_8_1x1,2,3,14,0,7,38,1,3,0,0,2,16,1,2
97,108,block_4_8_1x1,2,3,15,1,7,39,1,3,0,1,2,16,1,2
97,108,block_4_8_1x1,2,7,16,2,7,8,0,4,0,0,2,16,1,2
97,108,block_4_8_1x1,2,7,17,3,7,9,0,4,0,1,2,16,1,2
97,108,block_4_8_1x1,2,7,18,2,6,40,1,4,0,0,2,16,1,2
97,108,block_4_8_1x1,2,7,19,3,6,41,1,4,0,1,2,16,1,2
97,108,block_4_8_1x1,2,6,20,2,5,10,0,5,0,0,2,16,1,2
97,108,block_4_8_1x1,2,6,21,3,5,11,0,5,0,1,2,16,1,2
97,108,block_4_8_1x1,2,6,22,2,4,42,1,5,0,0,2,16,1,2
97,108,block_4_8_1x1,2,6,23,3,4,43,1,5,0,1,2,16,1,2
97,108,block_4_8_1x1,2,5,24,2,3,12,0,6,0,0,2,16,1,2
97,108,block_4_8_1x1,2,5,25,3,3,13,0,6,0,1,2,16,1,2
97,108,block_4_8_1x1,2,5,26,2,2,44,1,6,0,0,2,16,1,2
97,108,block_4_8_1x1,2,5,27,3,2,45,1,6,0,1,2,16,1,2
97,108,block_4_8_1x1,2,4,28,2,1,14,0,7,0,0,2,16,1,2
97,108,block_4_8_1x1,2,4,29,3,1,15,0,7,0,1,2,16,1,2
97,108,block_4_8_1x1,2,4,30,2,0,46,1,7,0,0,2,16,1,2
97,108,block_4_8_1x1,2,4,31,3,0,47,1,7,0,1,2,16,1,2
97,108,block_4_8_1x1,2,8,32,4,0,16,0,8,0,0,2,16,1,2
97,108,block_4_8_1x1,2,8,33,5,0,17,0,8,0,1,2,16,1,2
97,108,block_4_8_1x1,2,8,34,4,1,48,1,8,0,0,2,16,1,2
97,108,block_4_8_1x1,2,8,35,5,1,49,1,8,0,1,2,16,1,2
97,108,block_4_8_1x1,2,9,36,4,2,18,0,9,0,0,2,16,1,2
97,108,block_4_8_1x1,2,9,37,5,2,19,0,9,0,1,2,16,1,2
97,108,block_4_8_1x1,2,9,38,4,3,50,1,9,0,0,2,16,1,2
97,108,block_4_8_1x1,2,9,39,5,3,51,1,9,0,1,2,16,1,2
97,108,block_4_8_1x1,2,10,40,4,4,20,0,10,0,0,2,16,1,2
97,108,block_4_8_1x1,2,10,41,5,4,21,0,10,0,1,2,16,1,2
97,108,block_4_8_1x1,2,10,42,4,5,52,1,10,0,0,2,16,1,2
97,108,block_4_8_1x1,2,10,43,5,5,53,1,10,0,1,2,16,1,2
97,108,block_4_8_1x1,2,11,44,4,6,22,0,11,0,0,2,16,1,2
97,108,block_4_8_1x1,2,11,45,5,6,23,0,11,0,1,2,16,1,2
97,108,block_4_8_1x1,2,11,46,4,7,54,1,11,0,0,2,16,1,2
97,108,block_4_8_1x1,2,11,47,5,7,55,1,11,0,1,2,16,1,2
97,108,block_4_8_1x1,2,15,48,6,7,24,0,12,0,0,2,16,1,2
97,108,block_4_8_1x1,2,15,49,7,7,25,0,12,0,1,2,16,1,2
97,108,block_4_8_1x1,2,15,50,6,6,56,1,12,0,0,2,16,1,2
97,108,block_4_8_1x1,2,15,51,7,6,57,1,12,0,1,2,16,1,2
97,108,block_4_8_1x1,2,14,52,6,5,26,0,13,0,0,2,16,1,2
97,108,block_4_8_1x1,2,14,53,7,5,27,0,13,0,1,2,16,1,2
97,108,block_4_8_1x1,2,14,54,6,4,58,1,13,0,0,2,16,1,2
97,108,block_4_8_1x1,2,14,55,7,4,59,1,13,0,1,2,16,1,2
97,108,block_4_8_1x1,2,13,56,6,3,28,0,14,0,0,2,16,1,2
97,108,block_4_8_1x1,2,13,57,7,3,29,0,14,0,1,2,16,1,2
97,108,block_4_8_1x1,2,13,58,6,2,60,1,14,0,0,2,16,1,2
97,108,block_4_8_1x1,2,13,59,7,2,61,1,14,0,1,2,16,1,2
97,108,block_4_8_1x1,2,12,60,6,1,30,0,15,0,0,2,16,1,2
97,108,block_4_8_1x1,2,12,61,7,1,31,0,15,0,1,2,16,1,2
97,108,block_4_8_1x1,2,12,62,6,0,62,1,15,0,0,2,16,1,2
97,108,block_4_8_1x1,2,12,63,7,0,63,1,15,0,1,2,16,1,2
98,109,block_4_8_3x3,2,0,0,0,0,0,0,0,0,0,2,4,4,2
98,109,block_4_8_3x3,2,0,1,1,0,1,0,0,0,1,2,4,4,2
98,109,block_4_8_3x3,2,0,2,0,1,2,0,0,1,0,2,4,4,2
98,109,block_4_8_3x3,2,0,3,1,1,3,0,0,1,1,2,4,4,2
98,109,block_4_8_3x3,2,1,4,0,2,4,0,0,2,0,2,4,4,2
98,109,block_4_8_3x3,2,1,5,1,2,5,0,0,2,1,2,4,4,2
98,109,block_4_8_3x3,2,1,6,0,3,6,0,0,3,0,2,4,4,2
98,109,block_4_8_3x3,2,1,7,1,3,7,0,0,3,1,2,4,4,2
98,109,block_4_8_3x3,2,2,8,0,4,32,1,0,0,0,2,4,4,2
98,109,block_4_8_3x3,2,2,9,1,4,33,1,0,0,1,2,4,4,2
98,109,block_4_8_3x3,2,2,10,0,5,34,1,0,1,0,2,4,4,2
98,109,block_4_8_3x3,2,2,11,1,5,35,1,0,1,1,2,4,4,2
98,109,block_4_8_3x3,2,3,12,0,6,36,1,0,2,0,2,4,4,2
98,109,block_4_8_3x3,2,3,13,1,6,37,1,0,2,1,2,4,4,2
98,109,block_4_8_3x3,2,3,14,0,7,38,1,0,3,0,2,4,4,2
98,109,block_4_8_3x3,2,3,15,1,7,39,1,0,3,1,2,4,4,2
98,109,block_4_8_3x3,2,7,16,2,7,8,0,1,0,0,2,4,4,2
98,109,block_4_8_3x3,2,7,17,3,7,9,0,1,0,1,2,4,4,2
98,109,block_4_8_3x3,2,7,18,2,6,10,0,1,1,0,2,4,4,2
98,109,block_4_8_3x3,2,7,19,3,6,11,0,1,1,1,2,4,4,2
98,109,block_4_8_3x3,2,6,20,2,5,12,0,1,2,0,2,4,4,2
98,109,block_4_8_3x3,2,6,21,3,5,13,0,1,2,1,2,4,4,2
98,109,block_4_8_3x3,2,6,22,2,4,14,0,1,3,0,2,4,4,2
98,109,block_4_8_3x3,2,6,23,3,4,15,0,1,3,1,2,4,4,2
98,109,block_4_8_3x3,2,5,24,2,3,40,1,1,0,0,2,4,4,2
98,109,block_4_8_3x3,2,5,25,3,3,41,1,1,0,1,2,4,4,2
98,109,block_4_8_3x3,2,5,26,2,2,42,1,1,1,0,2,4,4,2
98,109,block_4_8_3x3,2,5,27,3,2,43,1,1,1,1,2,4,4,2
98,109,block_4_8_3x3,2,4,28,2,1,44,1,1,2,0,2,4,4,2
98,109,block_4_8_3x3,2,4,29,3,1,45,1,1,2,1,2,4,4,2
98,109,block_4_8_3x3,2,4,30,2,0,46,1,1,3,0,2,4,4,2
98,109,block_4_8_3x3,2,4,31,3,0,47,1,1,3,1,2,4,4,2
98,109,block_4_8_3x3,2,8,32,4,0,16,0,2,0,0,2,4,4,2
98,109,block_4_8_3x3,2,8,33,5,0,17,0,2,0,1,2,4,4,2
98,109,block_4_8_3x3,2,8,34,4,1,18,0,2,1,0,2,4,4,2
98,109,block_4_8_3x3,2,8,35,5,1,19,0,2,1,1,2,4,4,2
98,109,block_4_8_3x3,2,9,36,4,2,20,0,2,2,0,2,4,4,2
98,109,block_4_8_3x3,2,9,37,5,2,21,0,2,2,1,2,4,4,2
98,109,block_4_8_3x3,2,9,38,4,3,22,0,2,3,0,2,4,4,2
98,109,block_4_8_3x3,2,9,39,5,3,23,0,2,3,1,2,4,4,2
98,109,block_4_8_3x3,2,10,40,4,4,48,1,2,0,0,2,4,4,2
98,109,block_4_8_3x3,2,10,41,5,4,49,1,2,0,1,2,4,4,2
98,109,block_4_8_3x3,2,10,42,4,5,50,1,2,1,0,2,4,4,2
98,109,block_4_8_3x3,2,10,43,5,5,51,1,2,1,1,2,4,4,2
98,109,block_4_8_3x3,2,11,44,4,6,52,1,2,2,0,2,4,4,2
98,109,block_4_8_3x3,2,11,45,5,6,53,1,2,2,1,2,4,4,2
98,109,block_4_8_3x3,2,11,46,4,7,54,1,2,3,0,2,4,4,2
98,109,block_4_8_3x3,2,11,47,5,7,55,1,2,3,1,2,4,4,2
98,109,block_4_8_3x3,2,15,48,6,7,24,0,3,0,0,2,4,4,2
98,109,block_4_8_3x3,2,15,49,7,7,25,0,3,0,1,2,4,4,2
98,109,block_4_8_3x3,2,15,50,6,6,26,0,3,1,0,2,4,4,2
98,109,block_4_8_3x3,2,15,51,7,6,27,0,3,1,1,2,4,4,2
98,109,block_4_8_3x3,2,14,52,6,5,28,0,3,2,0,2,4,4,2
98,109,block_4_8_3x3,2,14,53,7,5,29,0,3,2,1,2,4,4,2
98,109,block_4_8_3x3,2,14,54,6,4,30,0,3,3,0,2,4,4,2
98,109,block_4_8_3x3,2,14,55,7,4,31,0,3,3,1,2,4,4,2
98,109,block_4_8_3x3,2,13,56,6,3,56,1,3,0,0,2,4,4,2
98,109,block_4_8_3x3,2,13,57,7,3,57,1,3,0,1,2,4,4,2
98,109,block_4_8_3x3,2,13,58,6,2,58,1,3,1,0,2,4,4,2
98,109,block_4_8_3x3,2,13,59,7,2,59,1,3,1,1,2,4,4,2
98,109,block_4_8_3x3,2,12,60,6,1,60,1,3,2,0,2,4,4,2
98,109,block_4_8_3x3,2,12,61,7,1,61,1,3,2,1,2,4,4,2
98,109,block_4_8_3x3,2,12,62,6,0,62,1,3,3,0,2,4,4,2
98,109,block_4_8_3x3,2,12,63,7,0,63,1,3,3,1,2,4,4,2
99,110,block_4_9_1x1,2,0,0,0,0,0,0,0,0,0,2,16,1,2
99,110,block_4_9_1x1,2,0,1,1,0,1,0,0,0,1,2,16,1,2
99,110,block_4_9_1x1,2,0,2,0,1,32,1,0,0,0,2,16,1,2
99,110,block_4_9_1x1,2,0,3,1,1,33,1,0,0,1,2,16,1,2
99,110,block_4_9_1x1,2,1,4,0,2,2,0,1,0,0,2,16,1,2
99,110,block_4_9_1x1,2,1,5,1,2,3,0,1,0,1,2,16,1,2
99,110,block_4_9_1x1,2,1,6,0,3,34,1,1,0,0,2,16,1,2
99,110,block_4_9_1x1,2,1,7,1,3,35,1,1,0,1,2,16,1,2
99,110,block_4_9_1x1,2,2,8,0,4,4,0,2,0,0,2,16,1,2
99,110,block_4_9_1x1,2,2,9,1,4,5,0,2,0,1,2,16,1,2
99,110,block_4_9_1x1,2,2,10,0,5,36,1,2,0,0,2,16,1,2
99,110,block_4_9_1x1,2,2,11,1,5,37,1,2,0,1,2,16,1,2
99,110,block_4_9_1x1,2,3,12,0,6,6,0,3,0,0,2,16,1,2
99,110,block_4_9_1x1,2,3,13,1,6,7,0,3,0,1,2,16,1,2
99,110,block_4_9_1x1,2,3,14,0,7,38,1,3,0,0,2,16,1,2
99,110,block_4_9_1x1,2,3,15,1,7,39,1,3,0,1,2,16,1,2
99,110,block_4_9_1x1,2,7,16,2,7,8,0,4,0,0,2,16,1,2
99,110,block_4_9_1x1,2,7,17,3,7,9,0,4,0,1,2,16,1,2
99,110,block_4_9_1x1,2,7,18,2,6,40,1,4,0,0,2,16,1,2
99,110,block_4_9_1x1,2,7,19,3,6,41,1,4,0,1,2,16,1,2
99,110,block_4_9_1x1,2,6,20,2,5,10,0,5,0,0,2,16,1,2
99,110,block_4_9_1x1,2,6,21,3,5,11,0,5,0,1,2,16,1,2
99,110,block_4_9_1x1,2,6,22,2,4,42,1,5,0,0,2,16,1,2
99,110,block_4_9_1x1,2,6,23,3,4,43,1,5,0,1,2,16,1,2
99,110,block_4_9_1x1,2,5,24,2,3,12,0,6,0,0,2,16,1,2
99,110,block_4_9_1x1,2,5,25,3,3,13,0,6,0,1,2,16,1,2
99,110,block_4_9_1x1,2,5,26,2,2,44,1,6,0,0,2,16,1,2
99,110,block_4_9_1x1,2,5,27,3,2,45,1,6,0,1,2,16,1,2
99,110,block_4_9_1x1,2,4,28,2,1,14,0,7,0,0,2,16,1,2
99,110,block_4_9_1x1,2,4,29,3,1,15,0,7,0,1,2,16,1,2
99,110,block_4_9_1x1,2,4,30,2,0,46,1,7,0,0,2,16,1,2
99,110,block_4_9_1x1,2,4,31,3,0,47,1,7,0,1,2,16,1,2
99,110,block_4_9_1x1,2,8,32,4,0,16,0,8,0,0,2,16,1,2
99,110,block_4_9_1x1,2,8,33,5,0,17,0,8,0,1,2,16,1,2
99,110,block_4_9_1x1,2,8,34,4,1,48,1,8,0,0,2,16,1,2
99,110,block_4_9_1x1,2,8,35,5,1,49,1,8,0,1,2,16,1,2
99,110,block_4_9_1x1,2,9,36,4,2,18,0,9,0,0,2,16,1,2
99,110,block_4_9_1x1,2,9,37,5,2,19,0,9,0,1,2,16,1,2
99,110,block_4_9_1x1,2,9,38,4,3,50,1,9,0,0,2,16,1,2
99,110,block_4_9_1x1,2,9,39,5,3,51,1,9,0,1,2,16,1,2
99,110,block_4_9_1x1,2,10,40,4,4,20,0,10,0,0,2,16,1,2
99,110,block_4_9_1x1,2,10,41,5,4,21,0,10,0,1,2,16,1,2
99,110,block_4_9_1x1,2,10,42,4,5,52,1,10,0,0,2,16,1,2
99,110,block_4_9_1x1,2,10,43,5,5,53,1,10,0,1,2,16,1,2
99,110,block_4_9_1x1,2,11,44,4,6,22,0,11,0,0,2,16,1,2
99,110,block_4_9_1x1,2,11,45,5,6,23,0,11,0,1,2,16,1,2
99,110,block_4_9_1x1,2,11,46,4,7,54,1,11,0,0,2,16,1,2
99,110,block_4_9_1x1,2,11,47,5,7,55,1,11,0,1,2,16,1,2
99,110,block_4_9_1x1,2,15,48,6,7,24,0,12,0,0,2,16,1,2
99,110,block_4_9_1x1,2,15,49,7,7,25,0,12,0,1,2,16,1,2
99,110,block_4_9_1x1,2,15,50,6,6,56,1,12,0,0,2,16,1,2
99,110,block_4_9_1x1,2,15,51,7,6,57,1,12,0,1,2,16,1,2
99,110,block_4_9_1x1,2,14,52,6,5,26,0,13,0,0,2,16,1,2
99,110,block_4_9_1x1,2,14,53,7,5,27,0,13,0,1,2,16,1,2
99,110,block_4_9_1x1,2,14,54,6,4,58,1,13,0,0,2,16,1,2
99,110,block_4_9_1x1,2,14,55,7,4,59,1,13,0,1,2,16,1,2
99,110,block_4_9_1x1,2,13,56,6,3,28,0,14,0,0,2,16,1,2
99,110,block_4_9_1x1,2,13,57,7,3,29,0,14,0,1,2,16,1,2
99,110,block_4_9_1x1,2,13,58,6,2,60,1,14,0,0,2,16,1,2
99,110,block_4_9_1x1,2,13,59,7,2,61,1,14,0,1,2,16,1,2
99,110,block_4_9_1x1,2,12,60,6,1,30,0,15,0,0,2,16,1,2
99,110,block_4_9_1x1,2,12,61,7,1,31,0,15,0,1,2,16,1,2
99,110,block_4_9_1x1,2,12,62,6,0,62,1,15,0,0,2,16,1,2
99,110,block_4_9_1x1,2,12,63,7,0,63,1,15,0,1,2,16,1,2
100,111,block_4_9_3x3,2,0,0,0,0,0,0,0,0,0,2,4,4,2
100,111,block_4_9_3x3,2,0,1,1,0,1,0,0,0,1,2,4,4,2
100,111,block_4_9_3x3,2,0,2,0,1,2,0,0,1,0,2,4,4,2
100,111,block_4_9_3x3,2,0,3,1,1,3,0,0,1,1,2,4,4,2
100,111,block_4_9_3x3,2,1,4,0,2,4,0,0,2,0,2,4,4,2
100,111,block_4_9_3x3,2,1,5,1,2,5,0,0,2,1,2,4,4,2
100,111,block_4_9_3x3,2,1,6,0,3,6,0,0,3,0,2,4,4,2
100,111,block_4_9_3x3,2,1,7,1,3,7,0,0,3,1,2,4,4,2
100,111,block_4_9_3x3,2,2,8,0,4,32,1,0,0,0,2,4,4,2
100,111,block_4_9_3x3,2,2,9,1,4,33,1,0,0,1,2,4,4,2
100,111,block_4_9_3x3,2,2,10,0,5,34,1,0,1,0,2,4,4,2
100,111,block_4_9_3x3,2,2,11,1,5,35,1,0,1,1,2,4,4,2
100,111,block_4_9_3x3,2,3,12,0,6,36,1,0,2,0,2,4,4,2
100,111,block_4_9_3x3,2,3,13,1,6,37,1,0,2,1,2,4,4,2
100,111,block_4_9_3x3,2,3,14,0,7,38,1,0,3,0,2,4,4,2
100,111,block_4_9_3x3,2,3,15,1,7,39,1,0,3,1,2,4,4,2
100,111,block_4_9_3x3,2,7,16,2,7,8,0,1,0,0,2,4,4,2
100,111,block_4_9_3x3,2,7,17,3,7,9,0,1,0,1,2,4,4,2
100,111,block_4_9_3x3,2,7,18,2,6,10,0,1,1,0,2,4,4,2
100,111,block_4_9_3x3,2,7,19,3,6,11,0,1,1,1,2,4,4,2
100,111,block_4_9_3x3,2,6,20,2,5,12,0,1,2,0,2,4,4,2
100,111,block_4_9_3x3,2,6,21,3,5,13,0,1,2,1,2,4,4,2
100,111,block_4_9_3x3,2,6,22,2,4,14,0,1,3,0,2,4,4,2
100,111,block_4_9_3x3,2,6,23,3,4,15,0,1,3,1,2,4,4,2
100,111,block_4_9_3x3,2,5,24,2,3,40,1,1,0,0,2,4,4,2
100,111,block_4_9_3x3,2,5,25,3,3,41,1,1,0,1,2,4,4,2
100,111,block_4_9_3x3,2,5,26,2,2,42,1,1,1,0,2,4,4,2
100,111,block_4_9_3x3,2,5,27,3,2,43,1,1,1,1,2,4,4,2
100,111,block_4_9_3x3,2,4,28,2,1,44,1,1,2,0,2,4,4,2
100,111,block_4_9_3x3,2,4,29,3,1,45,1,1,2,1,2,4,4,2
100,111,block_4_9_3x3,2,4,30,2,0,46,1,1,3,0,2,4,4,2
100,111,block_4_9_3x3,2,4,31,3,0,47,1,1,3,1,2,4,4,2
100,111,block_4_9_3x3,2,8,32,4,0,16,0,2,0,0,2,4,4,2
100,111,block_4_9_3x3,2,8,33,5,0,17,0,2,0,1,2,4,4,2
100,111,block_4_9_3x3,2,8,34,4,1,18,0,2,1,0,2,4,4,2
100,111,block_4_9_3x3,2,8,35,5,1,19,0,2,1,1,2,4,4,2
100,111,block_4_9_3x3,2,9,36,4,2,20,0,2,2,0,2,4,4,2
100,111,block_4_9_3x3,2,9,37,5,2,21,0,2,2,1,2,4,4,2
100,111,block_4_9_3x3,2,9,38,4,3,22,0,2,3,0,2,4,4,2
100,111,block_4_9_3x3,2,9,39,5,3,23,0,2,3,1,2,4,4,2
100,111,block_4_9_3x3,2,10,40,4,4,48,1,2,0,0,2,4,4,2
100,111,block_4_9_3x3,2,10,41,5,4,49,1,2,0,1,2,4,4,2
100,111,block_4_9_3x3,2,10,42,4,5,50,1,2,1,0,2,4,4,2
100,111,block_4_9_3x3,2,10,43,5,5,51,1,2,1,1,2,4,4,2
100,111,block_4_9_3x3,2,11,44,4,6,52,1,2,2,0,2,4,4,2
100,111,block_4_9_3x3,2,11,45,5,6,53,1,2,2,1,2,4,4,2
100,111,block_4_9_3x3,2,11,46,4,7,54,1,2,3,0,2,4,4,2
100,111,block_4_9_3x3,2,11,47,5,7,55,1,2,3,1,2,4,4,2
100,111,block_4_9_3x3,2,15,48,6,7,24,0,3,0,0,2,4,4,2
100,111,block_4_9_3x3,2,15,49,7,7,25,0,3,0,1,2,4,4,2
100,111,block_4_9_3x3,2,15,50,6,6,26,0,3,1,0,2,4,4,2
100,111,block_4_9_3x3,2,15,51,7,6,27,0,3,1,1,2,4,4,2
100,111,block_4_9_3x3,2,14,52,6,5,28,0,3,2,0,2,4,4,2
100,111,block_4_9_3x3,2,14,53,7,5,29,0,3,2,1,2,4,4,2
100,111,block_4_9_3x3,2,14,54,6,4,30,0,3,3,0,2,4,4,2
100,111,block_4_9_3x3,2,14,55,7,4,31,0,3,3,1,2,4,4,2
100,111,block_4_9_3x3,2,13,56,6,3,56,1,3,0,0,2,4,4,2
100,111,block_4_9_3x3,2,13,57,7,3,57,1,3,0,1,2,4,4,2
100,111,block_4_9_3x3,2,13,58,6,2,58,1,3,1,0,2,4,4,2
100,111,block_4_9_3x3,2,13,59,7,2,59,1,3,1,1,2,4,4,2
100,111,block_4_9_3x3,2,12,60,6,1,60,1,3,2,0,2,4,4,2
100,111,block_4_9_3x3,2,12,61,7,1,61,1,3,2,1,2,4,4,2
100,111,block_4_9_3x3,2,12,62,6,0,62,1,3,3,0,2,4,4,2
100,111,block_4_9_3x3,2,12,63,7,0,63,1,3,3,1,2,4,4,2
101,112,block_4_10_1x1,2,0,0,0,0,0,0,0,0,0,2,16,1,2
101,112,block_4_10_1x1,2,0,1,1,0,1,0,0,0,1,2,16,1,2
101,112,block_4_10_1x1,2,0,2,0,1,32,1,0,0,0,2,16,1,2
101,112,block_4_10_1x1,2,0,3,1,1,33,1,0,0,1,2,16,1,2
101,112,block_4_10_1x1,2,1,4,0,2,2,0,1,0,0,2,16,1,2
101,112,block_4_10_1x1,2,1,5,1,2,3,0,1,0,1,2,16,1,2
101,112,block_4_10_1x1,2,1,6,0,3,34,1,1,0,0,2,16,1,2
101,112,block_4_10_1x1,2,1,7,1,3,35,1,1,0,1,2,16,1,2
101,112,block_4_10_1x1,2,2,8,0,4,4,0,2,0,0,2,16,1,2
101,112,block_4_10_1x1,2,2,9,1,4,5,0,2,0,1,2,16,1,2
101,112,block_4_10_1x1,2,2,10,0,5,36,1,2,0,0,2,16,1,2
101,112,block_4_10_1x1,2,2,11,1,5,37,1,2,0,1,2,16,1,2
101,112,block_4_10_1x1,2,3,12,0,6,6,0,3,0,0,2,16,1,2
101,112,block_4_10_1x1,2,3,13,1,6,7,0,3,0,1,2,16,1,2
101,112,block_4_10_1x1,2,3,14,0,7,38,1,3,0,0,2,16,1,2
101,112,block_4_10_1x1,2,3,15,1,7,39,1,3,0,1,2,16,1,2
101,112,block_4_10_1x1,2,7,16,2,7,8,0,4,0,0,2,16,1,2
101,112,block_4_10_1x1,2,7,17,3,7,9,0,4,0,1,2,16,1,2
101,112,block_4_10_1x1,2,7,18,2,6,40,1,4,0,0,2,16,1,2
101,112,block_4_10_1x1,2,7,19,3,6,41,1,4,0,1,2,16,1,2
101,112,block_4_10_1x1,2,6,20,2,5,10,0,5,0,0,2,16,1,2
101,112,block_4_10_1x1,2,6,21,3,5,11,0,5,0,1,2,16,1,2
101,112,block_4_10_1x1,2,6,22,2,4,42,1,5,0,0,2,16,1,2
101,112,block_4_10_1x1,2,6,23,3,4,43,1,5,0,1,2,16,1,2
101,112,block_4_10_1x1,2,5,24,2,3,12,0,6,0,0,2,16,1,2
101,112,block_4_10_1x1,2,5,25,3,3,13,0,6,0,1,2,16,1,2
101,112,block_4_10_1x1,2,5,26,2,2,44,1,6,0,0,2,16,1,2
101,112,block_4_10_1x1,2,5,27,3,2,45,1,6,0,1,2,16,1,2
101,112,block_4_10_1x1,2,4,28,2,1,14,0,7,0,0,2,16,1,2
101,112,block_4_10_1x1,2,4,29,3,1,15,0,7,0,1,2,16,1,2
101,112,block_4_10_1x1,2,4,30,2,0,46,1,7,0,0,2,16,1,2
101,112,block_4_10_1x1,2,4,31,3,0,47,1,7,0,1,2,16,1,2
101,112,block_4_10_1x1,2,8,32,4,0,16,0,8,0,0,2,16,1,2
101,112,block_4_10_1x1,2,8,33,5,0,17,0,8,0,1,2,16,1,2
101,112,block_4_10_1x1,2,8,34,4,1,48,1,8,0,0,2,16,1,2
101,112,block_4_10_1x1,2,8,35,5,1,49,1,8,0,1,2,16,1,2
101,112,block_4_10_1x1,2,9,36,4,2,18,0,9,0,0,2,16,1,2
101,112,block_4_10_1x1,2,9,37,5,2,19,0,9,0,1,2,16,1,2
101,112,block_4_10_1x1,2,9,38,4,3,50,1,9,0,0,2,16,1,2
101,112,block_4_10_1x1,2,9,39,5,3,51,1,9,0,1,2,16,1,2
101,112,block_4_10_1x1,2,10,40,4,4,20,0,10,0,0,2,16,1,2
101,112,block_4_10_1x1,2,10,41,5,4,21,0,10,0,1,2,16,1,2
101,112,block_4_10_1x1,2,10,42,4,5,52,1,10,0,0,2,16,1,2
101,112,block_4_10_1x1,2,10,43,5,5,53,1,10,0,1,2,16,1,2
101,112,block_4_10_1x1,2,11,44,4,6,22,0,11,0,0,2,16,1,2
101,112,block_4_10_1x1,2,11,45,5,6,23,0,11,0,1,2,16,1,2
101,112,block_4_10_1x1,2,11,46,4,7,54,1,11,0,0,2,16,1,2
101,112,block_4_10_1x1,2,11,47,5,7,55,1,11,0,1,2,16,1,2
101,112,block_4_10_1x1,2,15,48,6,7,24,0,12,0,0,2,16,1,2
101,112,block_4_10_1x1,2,15,49,7,7,25,0,12,0,1,2,16,1,2
101,112,block_4_10_1x1,2,15,50,6,6,56,1,12,0,0,2,16,1,2
101,112,block_4_10_1x1,2,15,51,7,6,57,1,12,0,1,2,16,1,2
101,112,block_4_10_1x1,2,14,52,6,5,26,0,13,0,0,2,16,1,2
101,112,block_4_10_1x1,2,14,53,7,5,27,0,13,0,1,2,16,1,2
101,112,block_4_10_1x1,2,14,54,6,4,58,1,13,0,0,2,16,1,2
101,112,block_4_10_1x1,2,14,55,7,4,59,1,13,0,1,2,16,1,2
101,112,block_4_10_1x1,2,13,56,6,3,28,0,14,0,0,2,16,1,2
101,112,block_4_10_1x1,2,13,57,7,3,29,0,14,0,1,2,16,1,2
101,112,block_4_10_1x1,2,13,58,6,2,60,1,14,0,0,2,16,1,2
101,112,block_4_10_1x1,2,13,59,7,2,61,1,14,0,1,2,16,1,2
101,112,block_4_10_1x1,2,12,60,6,1,30,0,15,0,0,2,16,1,2
101,112,block_4_10_1x1,2,12,61,7,1,31,0,15,0,1,2,16,1,2
101,112,block_4_10_1x1,2,12,62,6,0,62,1,15,0,0,2,16,1,2
101,112,block_4_10_1x1,2,12,63,7,0,63,1,15,0,1,2,16,1,2
102,113,block_4_10_3x3,2,0,0,0,0,0,0,0,0,0,2,4,4,2
102,113,block_4_10_3x3,2,0,1,1,0,1,0,0,0,1,2,4,4,2
102,113,block_4_10_3x3,2,0,2,0,1,2,0,0,1,0,2,4,4,2
102,113,block_4_10_3x3,2,0,3,1,1,3,0,0,1,1,2,4,4,2
102,113,block_4_10_3x3,2,1,4,0,2,4,0,0,2,0,2,4,4,2
102,113,block_4_10_3x3,2,1,5,1,2,5,0,0,2,1,2,4,4,2
102,113,block_4_10_3x3,2,1,6,0,3,6,0,0,3,0,2,4,4,2
102,113,block_4_10_3x3,2,1,7,1,3,7,0,0,3,1,2,4,4,2
102,113,block_4_10_3x3,2,2,8,0,4,32,1,0,0,0,2,4,4,2
102,113,block_4_10_3x3,2,2,9,1,4,33,1,0,0,1,2,4,4,2
102,113,block_4_10_3x3,2,2,10,0,5,34,1,0,1,0,2,4,4,2
102,113,block_4_10_3x3,2,2,11,1,5,35,1,0,1,1,2,4,4,2
102,113,block_4_10_3x3,2,3,12,0,6,36,1,0,2,0,2,4,4,2
102,113,block_4_10_3x3,2,3,13,1,6,37,1,0,2,1,2,4,4,2
102,113,block_4_10_3x3,2,3,14,0,7,38,1,0,3,0,2,4,4,2
102,113,block_4_10_3x3,2,3,15,1,7,39,1,0,3,1,2,4,4,2
102,113,block_4_10_3x3,2,7,16,2,7,8,0,1,0,0,2,4,4,2
102,113,block_4_10_3x3,2,7,17,3,7,9,0,1,0,1,2,4,4,2
102,113,block_4_10_3x3,2,7,18,2,6,10,0,1,1,0,2,4,4,2
102,113,block_4_10_3x3,2,7,19,3,6,11,0,1,1,1,2,4,4,2
102,113,block_4_10_3x3,2,6,20,2,5,12,0,1,2,0,2,4,4,2
102,113,block_4_10_3x3,2,6,21,3,5,13,0,1,2,1,2,4,4,2
102,113,block_4_10_3x3,2,6,22,2,4,14,0,1,3,0,2,4,4,2
102,113,block_4_10_3x3,2,6,23,3,4,15,0,1,3,1,2,4,4,2
102,113,block_4_10_3x3,2,5,24,2,3,40,1,1,0,0,2,4,4,2
102,113,block_4_10_3x3,2,5,25,3,3,41,1,1,0,1,2,4,4,2
102,113,block_4_10_3x3,2,5,26,2,2,42,1,1,1,0,2,4,4,2
102,113,block_4_10_3x3,2,5,27,3,2,43,1,1,1,1,2,4,4,2
102,113,block_4_10_3x3,2,4,28,2,1,44,1,1,2,0,2,4,4,2
102,113,block_4_10_3x3,2,4,29,3,1,45,1,1,2,1,2,4,4,2
102,113,block_4_10_3x3,2,4,30,2,0,46,1,1,3,0,2,4,4,2
102,113,block_4_10_3x3,2,4,31,3,0,47,1,1,3,1,2,4,4,2
102,113,block_4_10_3x3,2,8,32,4,0,16,0,2,0,0,2,4,4,2
102,113,block_4_10_3x3,2,8,33,5,0,17,0,2,0,1,2,4,4,2
102,113,block_4_10_3x3,2,8,34,4,1,18,0,2,1,0,2,4,4,2
102,113,block_4_10_3x3,2,8,35,5,1,19,0,2,1,1,2,4,4,2
102,113,block_4_10_3x3,2,9,36,4,2,20,0,2,2,0,2,4,4,2
102,113,block_4_10_3x3,2,9,37,5,2,21,0,2,2,1,2,4,4,2
102,113,block_4_10_3x3,2,9,38,4,3,22,0,2,3,0,2,4,4,2
102,113,block_4_10_3x3,2,9,39,5,3,23,0,2,3,1,2,4,4,2
102,113,block_4_10_3x3,2,10,40,4,4,48,1,2,0,0,2,4,4,2
102,113,block_4_10_3x3,2,10,41,5,4,49,1,2,0,1,2,4,4,2
102,113,block_4_10_3x3,2,10,42,4,5,50,1,2,1,0,2,4,4,2
102,113,block_4_10_3x3,2,10,43,5,5,51,1,2,1,1,2,4,4,2
102,113,block_4_10_3x3,2,11,44,4,6,52,1,2,2,0,2,4,4,2
102,113,block_4_10_3x3,2,11,45,5,6,53,1,2,2,1,2,4,4,2
102,113,block_4_10_3x3,2,11,46,4,7,54,1,2,3,0,2,4,4,2
102,113,block_4_10_3x3,2,11,47,5,7,55,1,2,3,1,2,4,4,2
102,113,block_4_10_3x3,2,15,48,6,7,24,0,3,0,0,2,4,4,2
102,113,block_4_10_3x3,2,15,49,7,7,25,0,3,0,1,2,4,4,2
102,113,block_4_10_3x3,2,15,50,6,6,26,0,3,1,0,2,4,4,2
102,113,block_4_10_3x3,2,15,51,7,6,27,0,3,1,1,2,4,4,2
102,113,block_4_10_3x3,2,14,52,6,5,28,0,3,2,0,2,4,4,2
102,113,block_4_10_3x3,2,14,53,7,5,29,0,3,2,1,2,4,4,2
102,113,block_4_10_3x3,2,14,54,6,4,30,0,3,3,0,2,4,4,2
102,113,block_4_10_3x3,2,14,55,7,4,31,0,3,3,1,2,4,4,2
102,113,block_4_10_3x3,2,13,56,6,3,56,1,3,0,0,2,4,4,2
102,113,block_4_10_3x3,2,13,57,7,3,57,1,3,0,1,2,4,4,2
102,113,block_4_10_3x3,2,13,58,6,2,58,1,3,1,0,2,4,4,2
102,113,block_4_10_3x3,2,13,59,7,2,59,1,3,1,1,2,4,4,2
102,113,block_4_10_3x3,2,12,60,6,1,60,1,3,2,0,2,4,4,2
102,113,block_4_10_3x3,2,12,61,7,1,61,1,3,2,1,2,4,4,2
102,113,block_4_10_3x3,2,12,62,6,0,62,1,3,3,0,2,4,4,2
102,113,block_4_10_3x3,2,12,63,7,0,63,1,3,3,1,2,4,4,2
103,114,block_4_11_1x1,2,0,0,0,0,0,0,0,0,0,2,16,1,2
103,114,block_4_11_1x1,2,0,1,1,0,1,0,0,0,1,2,16,1,2
103,114,block_4_11_1x1,2,0,2,0,1,32,1,0,0,0,2,16,1,2
103,114,block_4_11_1x1,2,0,3,1,1,33,1,0,0,1,2,16,1,2
103,114,block_4_11_1x1,2,1,4,0,2,2,0,1,0,0,2,16,1,2
103,114,block_4_11_1x1,2,1,5,1,2,3,0,1,0,1,2,16,1,2
103,114,block_4_11_1x1,2,1,6,0,3,34,1,1,0,0,2,16,1,2
103,114,block_4_11_1x1,2,1,7,1,3,35,1,1,0,1,2,16,1,2
103,114,block_4_11_1x1,2,2,8,0,4,4,0,2,0,0,2,16,1,2
103,114,block_4_11_1x1,2,2,9,1,4,5,0,2,0,1,2,16,1,2
103,114,block_4_11_1x1,2,2,10,0,5,36,1,2,0,0,2,16,1,2
103,114,block_4_11_1x1,2,2,11,1,5,37,1,2,0,1,2,16,1,2
103,114,block_4_11_1x1,2,3,12,0,6,6,0,3,0,0,2,16,1,2
103,114,block_4_11_1x1,2,3,13,1,6,7,0,3,0,1,2,16,1,2
103,114,block_4_11_1x1,2,3,14,0,7,38,1,3,0,0,2,16,1,2
103,114,block_4_11_1x1,2,3,15,1,7,39,1,3,0,1,2,16,1,2
103,114,block_4_11_1x1,2,7,16,2,7,8,0,4,0,0,2,16,1,2
103,114,block_4_11_1x1,2,7,17,3,7,9,0,4,0,1,2,16,1,2
103,114,block_4_11_1x1,2,7,18,2,6,40,1,4,0,0,2,16,1,2
103,114,block_4_11_1x1,2,7,19,3,6,41,1,4,0,1,2,16,1,2
103,114,block_4_11_1x1,2,6,20,2,5,10,0,5,0,0,2,16,1,2
103,114,block_4_11_1x1,2,6,21,3,5,11,0,5,0,1,2,16,1,2
103,114,block_4_11_1x1,2,6,22,2,4,42,1,5,0,0,2,16,1,2
103,114,block_4_11_1x1,2,6,23,3,4,43,1,5,0,1,2,16,1,2
103,114,block_4_11_1x1,2,5,24,2,3,12,0,6,0,0,2,16,1,2
103,114,block_4_11_1x1,2,5,25,3,3,13,0,6,0,1,2,16,1,2
103,114,block_4_11_1x1,2,5,26,2,2,44,1,6,0,0,2,16,1,2
103,114,block_4_11_1x1,2,5,27,3,2,45,1,6,0,1,2,16,1,2
103,114,block_4_11_1x1,2,4,28,2,1,14,0,7,0,0,2,16,1,2
103,114,block_4_11_1x1,2,4,29,3,1,15,0,7,0,1,2,16,1,2
103,114,block_4_11_1x1,2,4,30,2,0,46,1,7,0,0,2,16,1,2
103,114,block_4_11_1x1,2,4,31,3,0,47,1,7,0,1,2,16,1,2
103,114,block_4_11_1x1,2,8,32,4,0,16,0,8,0,0,2,16,1,2
103,114,block_4_11_1x1,2,8,33,5,0,17,0,8,0,1,2,16,1,2
103,114,block_4_11_1x1,2,8,34,4,1,48,1,8,0,0,2,16,1,2
103,114,block_4_11_1x1,2,8,35,5,1,49,1,8,0,1,2,16,1,2
103,114,block_4_11_1x1,2,9,36,4,2,18,0,9,0,0,2,16,1,2
103,114,block_4_11_1x1,2,9,37,5,2,19,0,9,0,1,2,16,1,2
103,114,block_4_11_1x1,2,9,38,4,3,50,1,9,0,0,2,16,1,2
103,114,block_4_11_1x1,2,9,39,5,3,51,1,9,0,1,2,16,1,2
103,114,block_4_11_1x1,2,10,40,4,4,20,0,10,0,0,2,16,1,2
103,114,block_4_11_1x1,2,10,41,5,4,21,0,10,0,1,2,16,1,2
103,114,block_4_11_1x1,2,10,42,4,5,52,1,10,0,0,2,16,1,2
103,114,block_4_11_1x1,2,10,43,5,5,53,1,10,0,1,2,16,1,2
103,114,block_4_11_1x1,2,11,44,4,6,22,0,11,0,0,2,16,1,2
103,114,block_4_11_1x1,2,11,45,5,6,23,0,11,0,1,2,16,1,2
103,114,block_4_11_1x1,2,11,46,4,7,54,1,11,0,0,2,16,1,2
103,114,block_4_11_1x1,2,11,47,5,7,55,1,11,0,1,2,16,1,2
103,114,block_4_11_1x1,2,15,48,6,7,24,0,12,0,0,2,16,1,2
103,114,block_4_11_1x1,2,15,49,7,7,25,0,12,0,1,2,16,1,2
103,114,block_4_11_1x1,2,15,50,6,6,56,1,12,0,0,2,16,1,2
103,114,block_4_11_1x1,2,15,51,7,6,57,1,12,0,1,2,16,1,2
103,114,block_4_11_1x1,2,14,52,6,5,26,0,13,0,0,2,16,1,2
103,114,block_4_11_1x1,2,14,53,7,5,27,0,13,0,1,2,16,1,2
103,114,block_4_11_1x1,2,14,54,6,4,58,1,13,0,0,2,16,1,2
103,114,block_4_11_1x1,2,14,55,7,4,59,1,13,0,1,2,16,1,2
103,114,block_4_11_1x1,2,13,56,6,3,28,0,14,0,0,2,16,1,2
103,114,block_4_11_1x1,2,13,57,7,3,29,0,14,0,1,2,16,1,2
103,114,block_4_11_1x1,2,13,58,6,2,60,1,14,0,0,2,16,1,2
103,114,block_4_11_1x1,2,13,59,7,2,61,1,14,0,1,2,16,1,2
103,114,block_4_11_1x1,2,12,60,6,1,30,0,15,0,0,2,16,1,2
103,114,block_4_11_1x1,2,12,61,7,1,31,0,15,0,1,2,16,1,2
103,114,block_4_11_1x1,2,12,62,6,0,62,1,15,0,0,2,16,1,2
103,114,block_4_11_1x1,2,12,63,7,0,63,1,15,0,1,2,16,1,2
104,115,block_4_11_3x3,2,0,0,0,0,0,0,0,0,0,2,4,4,2
104,115,block_4_11_3x3,2,0,1,1,0,1,0,0,0,1,2,4,4,2
104,115,block_4_11_3x3,2,0,2,0,1,2,0,0,1,0,2,4,4,2
104,115,block_4_11_3x3,2,0,3,1,1,3,0,0,1,1,2,4,4,2
104,115,block_4_11_3x3,2,1,4,0,2,4,0,0,2,0,2,4,4,2
104,115,block_4_11_3x3,2,1,5,1,2,5,0,0,2,1,2,4,4,2
104,115,block_4_11_3x3,2,1,6,0,3,6,0,0,3,0,2,4,4,2
104,115,block_4_11_3x3,2,1,7,1,3,7,0,0,3,1,2,4,4,2
104,115,block_4_11_3x3,2,2,8,0,4,32,1,0,0,0,2,4,4,2
104,115,block_4_11_3x3,2,2,9,1,4,33,1,0,0,1,2,4,4,2
104,115,block_4_11_3x3,2,2,10,0,5,34,1,0,1,0,2,4,4,2
104,115,block_4_11_3x3,2,2,11,1,5,35,1,0,1,1,2,4,4,2
104,115,block_4_11_3x3,2,3,12,0,6,36,1,0,2,0,2,4,4,2
104,115,block_4_11_3x3,2,3,13,1,6,37,1,0,2,1,2,4,4,2
104,115,block_4_11_3x3,2,3,14,0,7,38,1,0,3,0,2,4,4,2
104,115,block_4_11_3x3,2,3,15,1,7,39,1,0,3,1,2,4,4,2
104,115,block_4_11_3x3,2,7,16,2,7,8,0,1,0,0,2,4,4,2
104,115,block_4_11_3x3,2,7,17,3,7,9,0,1,0,1,2,4,4,2
104,115,block_4_11_3x3,2,7,18,2,6,10,0,1,1,0,2,4,4,2
104,115,block_4_11_3x3,2,7,19,3,6,11,0,1,1,1,2,4,4,2
104,115,block_4_11_3x3,2,6,20,2,5,12,0,1,2,0,2,4,4,2
104,115,block_4_11_3x3,2,6,21,3,5,13,0,1,2,1,2,4,4,2
104,115,block_4_11_3x3,2,6,22,2,4,14,0,1,3,0,2,4,4,2
104,115,block_4_11_3x3,2,6,23,3,4,15,0,1,3,1,2,4,4,2
104,115,block_4_11_3x3,2,5,24,2,3,40,1,1,0,0,2,4,4,2
104,115,block_4_11_3x3,2,5,25,3,3,41,1,1,0,1,2,4,4,2
104,115,block_4_11_3x3,2,5,26,2,2,42,1,1,1,0,2,4,4,2
104,115,block_4_11_3x3,2,5,27,3,2,43,1,1,1,1,2,4,4,2
104,115,block_4_11_3x3,2,4,28,2,1,44,1,1,2,0,2,4,4,2
104,115,block_4_11_3x3,2,4,29,3,1,45,1,1,2,1,2,4,4,2
104,115,block_4_11_3x3,2,4,30,2,0,46,1,1,3,0,2,4,4,2
104,115,block_4_11_3x3,2,4,31,3,0,47,1,1,3,1,2,4,4,2
104,115,block_4_11_3x3,2,8,32,4,0,16,0,2,0,0,2,4,4,2
104,115,block_4_11_3x3,2,8,33,5,0,17,0,2,0,1,2,4,4,2
104,115,block_4_11_3x3,2,8,34,4,1,18,0,2,1,0,2,4,4,2
104,115,block_4_11_3x3,2,8,35,5,1,19,0,2,1,1,2,4,4,2
104,115,block_4_11_3x3,2,9,36,4,2,20,0,2,2,0,2,4,4,2
104,115,block_4_11_3x3,2,9,37,5,2,21,0,2,2,1,2,4,4,2
104,115,block_4_11_3x3,2,9,38,4,3,22,0,2,3,0,2,4,4,2
104,115,block_4_11_3x3,2,9,39,5,3,23,0,2,3,1,2,4,4,2
104,115,block_4_11_3x3,2,10,40,4,4,48,1,2,0,0,2,4,4,2
104,115,block_4_11_3x3,2,10,41,5,4,49,1,2,0,1,2,4,4,2
104,115,block_4_11_3x3,2,10,42,4,5,50,1,2,1,0,2,4,4,2
104,115,block_4_11_3x3,2,10,43,5,5,51,1,2,1,1,2,4,4,2
104,115,block_4_11_3x3,2,11,44,4,6,52,1,2,2,0,2,4,4,2
104,115,block_4_11_3x3,2,11,45,5,6,53,1,2,2,1,2,4,4,2
104,115,block_4_11_3x3,2,11,46,4,7,54,1,2,3,0,2,4,4,2
104,115,block_4_11_3x3,2,11,47,5,7,55,1,2,3,1,2,4,4,2
104,115,block_4_11_3x3,2,15,48,6,7,24,0,3,0,0,2,4,4,2
104,115,block_4_11_3x3,2,15,49,7,7,25,0,3,0,1,2,4,4,2
104,115,block_4_11_3x3,2,15,50,6,6,26,0,3,1,0,2,4,4,2
104,115,block_4_11_3x3,2,15,51,7,6,27,0,3,1,1,2,4,4,2
104,115,block_4_11_3x3,2,14,52,6,5,28,0,3,2,0,2,4,4,2
104,115,block_4_11_3x3,2,14,53,7,5,29,0,3,2,1,2,4,4,2
104,115,block_4_11_3x3,2,14,54,6,4,30,0,3,3,0,2,4,4,2
104,115,block_4_11_3x3,2,14,55,7,4,31,0,3,3,1,2,4,4,2
104,115,block_4_11_3x3,2,13,56,6,3,56,1,3,0,0,2,4,4,2
104,115,block_4_11_3x3,2,13,57,7,3,57,1,3,0,1,2,4,4,2
104,115,block_4_11_3x3,2,13,58,6,2,58,1,3,1,0,2,4,4,2
104,115,block_4_11_3x3,2,13,59,7,2,59,1,3,1,1,2,4,4,2
104,115,block_4_11_3x3,2,12,60,6,1,60,1,3,2,0,2,4,4,2
104,115,block_4_11_3x3,2,12,61,7,1,61,1,3,2,1,2,4,4,2
104,115,block_4_11_3x3,2,12,62,6,0,62,1,3,3,0,2,4,4,2
104,115,block_4_11_3x3,2,12,63,7,0,63,1,3,3,1,2,4,4,2
105,116,block_4_12_1x1,2,0,0,0,0,0,0,0,0,0,2,16,1,2
105,116,block_4_12_1x1,2,0,1,1,0,1,0,0,0,1,2,16,1,2
105,116,block_4_12_1x1,2,0,2,0,1,32,1,0,0,0,2,16,1,2
105,116,block_4_12_1x1,2,0,3,1,1,33,1,0,0,1,2,16,1,2
105,116,block_4_12_1x1,2,1,4,0,2,2,0,1,0,0,2,16,1,2
105,116,block_4_12_1x1,2,1,5,1,2,3,0,1,0,1,2,16,1,2
105,116,block_4_12_1x1,2,1,6,0,3,34,1,1,0,0,2,16,1,2
105,116,block_4_12_1x1,2,1,7,1,3,35,1,1,0,1,2,16,1,2
105,116,block_4_12_1x1,2,2,8,0,4,4,0,2,0,0,2,16,1,2
105,116,block_4_12_1x1,2,2,9,1,4,5,0,2,0,1,2,16,1,2
105,116,block_4_12_1x1,2,2,10,0,5,36,1,2,0,0,2,16,1,2
105,116,block_4_12_1x1,2,2,11,1,5,37,1,2,0,1,2,16,1,2
105,116,block_4_12_1x1,2,3,12,0,6,6,0,3,0,0,2,16,1,2
105,116,block_4_12_1x1,2,3,13,1,6,7,0,3,0,1,2,16,1,2
105,116,block_4_12_1x1,2,3,14,0,7,38,1,3,0,0,2,16,1,2
105,116,block_4_12_1x1,2,3,15,1,7,39,1,3,0,1,2,16,1,2
105,116,block_4_12_1x1,2,7,16,2,7,8,0,4,0,0,2,16,1,2
105,116,block_4_12_1x1,2,7,17,3,7,9,0,4,0,1,2,16,1,2
105,116,block_4_12_1x1,2,7,18,2,6,40,1,4,0,0,2,16,1,2
105,116,block_4_12_1x1,2,7,19,3,6,41,1,4,0,1,2,16,1,2
105,116,block_4_12_1x1,2,6,20,2,5,10,0,5,0,0,2,16,1,2
105,116,block_4_12_1x1,2,6,21,3,5,11,0,5,0,1,2,16,1,2
105,116,block_4_12_1x1,2,6,22,2,4,42,1,5,0,0,2,16,1,2
105,116,block_4_12_1x1,2,6,23,3,4,43,1,5,0,1,2,16,1,2
105,116,block_4_12_1x1,2,5,24,2,3,12,0,6,0,0,2,16,1,2
105,116,block_4_12_1x1,2,5,25,3,3,13,0,6,0,1,2,16,1,2
105,116,block_4_12_1x1,2,5,26,2,2,44,1,6,0,0,2,16,1,2
105,116,block_4_12_1x1,2,5,27,3,2,45,1,6,0,1,2,16,1,2
105,116,block_4_12_1x1,2,4,28,2,1,14,0,7,0,0,2,16,1,2
105,116,block_4_12_1x1,2,4,29,3,1,15,0,7,0,1,2,16,1,2
105,116,block_4_12_1x1,2,4,30,2,0,46,1,7,0,0,2,16,1,2
105,116,block_4_12_1x1,2,4,31,3,0,47,1,7,0,1,2,16,1,2
105,116,block_4_12_1x1,2,8,32,4,0,16,0,8,0,0,2,16,1,2
105,116,block_4_12_1x1,2,8,33,5,0,17,0,8,0,1,2,16,1,2
105,116,block_4_12_1x1,2,8,34,4,1,48,1,8,0,0,2,16,1,2
105,116,block_4_12_1x1,2,8,35,5,1,49,1,8,0,1,2,16,1,2
105,116,block_4_12_1x1,2,9,36,4,2,18,0,9,0,0,2,16,1,2
105,116,block_4_12_1x1,2,9,37,5,2,19,0,9,0,1,2,16,1,2
105,116,block_4_12_1x1,2,9,38,4,3,50,1,9,0,0,2,16,1,2
105,116,block_4_12_1x1,2,9,39,5,3,51,1,9,0,1,2,16,1,2
105,116,block_4_12_1x1,2,10,40,4,4,20,0,10,0,0,2,16,1,2
105,116,block_4_12_1x1,2,10,41,5,4,21,0,10,0,1,2,16,1,2
105,116,block_4_12_1x1,2,10,42,4,5,52,1,10,0,0,2,16,1,2
105,116,block_4_12_1x1,2,10,43,5,5,53,1,10,0,1,2,16,1,2
105,116,block_4_12_1x1,2,11,44,4,6,22,0,11,0,0,2,16,1,2
105,116,block_4_12_1x1,2,11,45,5,6,23,0,11,0,1,2,16,1,2
105,116,block_4_12_1x1,2,11,46,4,7,54,1,11,0,0,2,16,1,2
105,116,block_4_12_1x1,2,11,47,5,7,55,1,11,0,1,2,16,1,2
105,116,block_4_12_1x1,2,15,48,6,7,24,0,12,0,0,2,16,1,2
105,116,block_4_12_1x1,2,15,49,7,7,25,0,12,0,1,2,16,1,2
105,116,block_4_12_1x1,2,15,50,6,6,56,1,12,0,0,2,16,1,2
105,116,block_4_12_1x1,2,15,51,7,6,57,1,12,0,1,2,16,1,2
105,116,block_4_12_1x1,2,14,52,6,5,26,0,13,0,0,2,16,1,2
105,116,block_4_12_1x1,2,14,53,7,5,27,0,13,0,1,2,16,1,2
105,116,block_4_12_1x1,2,14,54,6,4,58,1,13,0,0,2,16,1,2
105,116,block_4_12_1x1,2,14,55,7,4,59,1,13,0,1,2,16,1,2
105,116,block_4_12_1x1,2,13,56,6,3,28,0,14,0,0,2,16,1,2
105,116,block_4_12_1x1,2,13,57,7,3,29,0,14,0,1,2,16,1,2
105,116,block_4_12_1x1,2,13,58,6,2,60,1,14,0,0,2,16,1,2
105,116,block_4_12_1x1,2,13,59,7,2,61,1,14,0,1,2,16,1,2
105,116,block_4_12_1x1,2,12,60,6,1,30,0,15,0,0,2,16,1,2
105,116,block_4_12_1x1,2,12,61,7,1,31,0,15,0,1,2,16,1,2
105,116,block_4_12_1x1,2,12,62,6,0,62,1,15,0,0,2,16,1,2
105,116,block_4_12_1x1,2,12,63,7,0,63,1,15,0,1,2,16,1,2
106,117,block_4_12_3x3,2,0,0,0,0,0,0,0,0,0,2,4,4,2
106,117,block_4_12_3x3,2,0,1,1,0,1,0,0,0,1,2,4,4,2
106,117,block_4_12_3x3,2,0,2,0,1,2,0,0,1,0,2,4,4,2
106,117,block_4_12_3x3,2,0,3,1,1,3,0,0,1,1,2,4,4,2
106,117,block_4_12_3x3,2,1,4,0,2,4,0,0,2,0,2,4,4,2
106,117,block_4_12_3x3,2,1,5,1,2,5,0,0,2,1,2,4,4,2
106,117,block_4_12_3x3,2,1,6,0,3,6,0,0,3,0,2,4,4,2
106,117,block_4_12_3x3,2,1,7,1,3,7,0,0,3,1,2,4,4,2
106,117,block_4_12_3x3,2,2,8,0,4,32,1,0,0,0,2,4,4,2
106,117,block_4_12_3x3,2,2,9,1,4,33,1,0,0,1,2,4,4,2
106,117,block_4_12_3x3,2,2,10,0,5,34,1,0,1,0,2,4,4,2
106,117,block_4_12_3x3,2,2,11,1,5,35,1,0,1,1,2,4,4,2
106,117,block_4_12_3x3,2,3,12,0,6,36,1,0,2,0,2,4,4,2
106,117,block_4_12_3x3,2,3,13,1,6,37,1,0,2,1,2,4,4,2
106,117,block_4_12_3x3,2,3,14,0,7,38,1,0,3,0,2,4,4,2
106,117,block_4_12_3x3,2,3,15,1,7,39,1,0,3,1,2,4,4,2
106,117,block_4_12_3x3,2,7,16,2,7,8,0,1,0,0,2,4,4,2
106,117,block_4_12_3x3,2,7,17,3,7,9,0,1,0,1,2,4,4,2
106,117,block_4_12_3x3,2,7,18,2,6,10,0,1,1,0,2,4,4,2
106,117,block_4_12_3x3,2,7,19,3,6,11,0,1,1,1,2,4,4,2
106,117,block_4_12_3x3,2,6,20,2,5,12,0,1,2,0,2,4,4,2
106,117,block_4_12_3x3,2,6,21,3,5,13,0,1,2,1,2,4,4,2
106,117,block_4_12_3x3,2,6,22,2,4,14,0,1,3,0,2,4,4,2
106,117,block_4_12_3x3,2,6,23,3,4,15,0,1,3,1,2,4,4,2
106,117,block_4_12_3x3,2,5,24,2,3,40,1,1,0,0,2,4,4,2
106,117,block_4_12_3x3,2,5,25,3,3,41,1,1,0,1,2,4,4,2
106,117,block_4_12_3x3,2,5,26,2,2,42,1,1,1,0,2,4,4,2
106,117,block_4_12_3x3,2,5,27,3,2,43,1,1,1,1,2,4,4,2
106,117,block_4_12_3x3,2,4,28,2,1,44,1,1,2,0,2,4,4,2
106,117,block_4_12_3x3,2,4,29,3,1,45,1,1,2,1,2,4,4,2
106,117,block_4_12_3x3,2,4,30,2,0,46,1,1,3,0,2,4,4,2
106,117,block_4_12_3x3,2,4,31,3,0,47,1,1,3,1,2,4,4,2
106,117,block_4_12_3x3,2,8,32,4,0,16,0,2,0,0,2,4,4,2
106,117,block_4_12_3x3,2,8,33,5,0,17,0,2,0,1,2,4,4,2
106,117,block_4_12_3x3,2,8,34,4,1,18,0,2,1,0,2,4,4,2
106,117,block_4_12_3x3,2,8,35,5,1,19,0,2,1,1,2,4,4,2
106,117,block_4_12_3x3,2,9,36,4,2,20,0,2,2,0,2,4,4,2
106,117,block_4_12_3x3,2,9,37,5,2,21,0,2,2,1,2,4,4,2
106,117,block_4_12_3x3,2,9,38,4,3,22,0,2,3,0,2,4,4,2
106,117,block_4_12_3x3,2,9,39,5,3,23,0,2,3,1,2,4,4,2
106,117,block_4_12_3x3,2,10,40,4,4,48,1,2,0,0,2,4,4,2
106,117,block_4_12_3x3,2,10,41,5,4,49,1,2,0,1,2,4,4,2
106,117,block_4_12_3x3,2,10,42,4,5,50,1,2,1,0,2,4,4,2
106,117,block_4_12_3x3,2,10,43,5,5,51,1,2,1,1,2,4,4,2
106,117,block_4_12_3x3,2,11,44,4,6,52,1,2,2,0,2,4,4,2
106,117,block_4_12_3x3,2,11,45,5,6,53,1,2,2,1,2,4,4,2
106,117,block_4_12_3x3,2,11,46,4,7,54,1,2,3,0,2,4,4,2
106,117,block_4_12_3x3,2,11,47,5,7,55,1,2,3,1,2,4,4,2
106,117,block_4_12_3x3,2,15,48,6,7,24,0,3,0,0,2,4,4,2
106,117,block_4_12_3x3,2,15,49,7,7,25,0,3,0,1,2,4,4,2
106,117,block_4_12_3x3,2,15,50,6,6,26,0,3,1,0,2,4,4,2
106,117,block_4_12_3x3,2,15,51,7,6,27,0,3,1,1,2,4,4,2
106,117,block_4_12_3x3,2,14,52,6,5,28,0,3,2,0,2,4,4,2
106,117,block_4_12_3x3,2,14,53,7,5,29,0,3,2,1,2,4,4,2
106,117,block_4_12_3x3,2,14,54,6,4,30,0,3,3,0,2,4,4,2
106,117,block_4_12_3x3,2,14,55,7,4,31,0,3,3,1,2,4,4,2
106,117,block_4_12_3x3,2,13,56,6,3,56,1,3,0,0,2,4,4,2
106,117,block_4_12_3x3,2,13,57,7,3,57,1,3,0,1,2,4,4,2
106,117,block_4_12_3x3,2,13,58,6,2,58,1,3,1,0,2,4,4,2
106,117,block_4_12_3x3,2,13,59,7,2,59,1,3,1,1,2,4,4,2
106,117,block_4_12_3x3,2,12,60,6,1,60,1,3,2,0,2,4,4,2
106,117,block_4_12_3x3,2,12,61,7,1,61,1,3,2,1,2,4,4,2
106,117,block_4_12_3x3,2,12,62,6,0,62,1,3,3,0,2,4,4,2
106,117,block_4_12_3x3,2,12,63,7,0,63,1,3,3,1,2,4,4,2
107,118,block_4_13_1x1,2,0,0,0,0,0,0,0,0,0,2,16,1,2
107,118,block_4_13_1x1,2,0,1,1,0,1,0,0,0,1,2,16,1,2
107,118,block_4_13_1x1,2,0,2,0,1,32,1,0,0,0,2,16,1,2
107,118,block_4_13_1x1,2,0,3,1,1,33,1,0,0,1,2,16,1,2
107,118,block_4_13_1x1,2,1,4,0,2,2,0,1,0,0,2,16,1,2
107,118,block_4_13_1x1,2,1,5,1,2,3,0,1,0,1,2,16,1,2
107,118,block_4_13_1x1,2,1,6,0,3,34,1,1,0,0,2,16,1,2
107,118,block_4_13_1x1,2,1,7,1,3,35,1,1,0,1,2,16,1,2
107,118,block_4_13_1x1,2,2,8,0,4,4,0,2,0,0,2,16,1,2
107,118,block_4_13_1x1,2,2,9,1,4,5,0,2,0,1,2,16,1,2
107,118,block_4_13_1x1,2,2,10,0,5,36,1,2,0,0,2,16,1,2
107,118,block_4_13_1x1,2,2,11,1,5,37,1,2,0,1,2,16,1,2
107,118,block_4_13_1x1,2,3,12,0,6,6,0,3,0,0,2,16,1,2
107,118,block_4_13_1x1,2,3,13,1,6,7,0,3,0,1,2,16,1,2
107,118,block_4_13_1x1,2,3,14,0,7,38,1,3,0,0,2,16,1,2
107,118,block_4_13_1x1,2,3,15,1,7,39,1,3,0,1,2,16,1,2
107,118,block_4_13_1x1,2,7,16,2,7,8,0,4,0,0,2,16,1,2
107,118,block_4_13_1x1,2,7,17,3,7,9,0,4,0,1,2,16,1,2
107,118,block_4_13_1x1,2,7,18,2,6,40,1,4,0,0,2,16,1,2
107,118,block_4_13_1x1,2,7,19,3,6,41,1,4,0,1,2,16,1,2
107,118,block_4_13_1x1,2,6,20,2,5,10,0,5,0,0,2,16,1,2
107,118,block_4_13_1x1,2,6,21,3,5,11,0,5,0,1,2,16,1,2
107,118,block_4_13_1x1,2,6,22,2,4,42,1,5,0,0,2,16,1,2
107,118,block_4_13_1x1,2,6,23,3,4,43,1,5,0,1,2,16,1,2
107,118,block_4_13_1x1,2,5,24,2,3,12,0,6,0,0,2,16,1,2
107,118,block_4_13_1x1,2,5,25,3,3,13,0,6,0,1,2,16,1,2
107,118,block_4_13_1x1,2,5,26,2,2,44,1,6,0,0,2,16,1,2
107,118,block_4_13_1x1,2,5,27,3,2,45,1,6,0,1,2,16,1,2
107,118,block_4_13_1x1,2,4,28,2,1,14,0,7,0,0,2,16,1,2
107,118,block_4_13_1x1,2,4,29,3,1,15,0,7,0,1,2,16,1,2
107,118,block_4_13_1x1,2,4,30,2,0,46,1,7,0,0,2,16,1,2
107,118,block_4_13_1x1,2,4,31,3,0,47,1,7,0,1,2,16,1,2
107,118,block_4_13_1x1,2,8,32,4,0,16,0,8,0,0,2,16,1,2
107,118,block_4_13_1x1,2,8,33,5,0,17,0,8,0,1,2,16,1,2
107,118,block_4_13_1x1,2,8,34,4,1,48,1,8,0,0,2,16,1,2
107,118,block_4_13_1x1,2,8,35,5,1,49,1,8,0,1,2,16,1,2
107,118,block_4_13_1x1,2,9,36,4,2,18,0,9,0,0,2,16,1,2
107,118,block_4_13_1x1,2,9,37,5,2,19,0,9,0,1,2,16,1,2
107,118,block_4_13_1x1,2,9,38,4,3,50,1,9,0,0,2,16,1,2
107,118,block_4_13_1x1,2,9,39,5,3,51,1,9,0,1,2,16,1,2
107,118,block_4_13_1x1,2,10,40,4,4,20,0,10,0,0,2,16,1,2
107,118,block_4_13_1x1,2,10,41,5,4,21,0,10,0,1,2,16,1,2
107,118,block_4_13_1x1,2,10,42,4,5,52,1,10,0,0,2,16,1,2
107,118,block_4_13_1x1,2,10,43,5,5,53,1,10,0,1,2,16,1,2
107,118,block_4_13_1x1,2,11,44,4,6,22,0,11,0,0,2,16,1,2
107,118,block_4_13_1x1,2,11,45,5,6,23,0,11,0,1,2,16,1,2
107,118,block_4_13_1x1,2,11,46,4,7,54,1,11,0,0,2,16,1,2
107,118,block_4_13_1x1,2,11,47,5,7,55,1,11,0,1,2,16,1,2
107,118,block_4_13_1x1,2,15,48,6,7,24,0,12,0,0,2,16,1,2
107,118,block_4_13_1x1,2,15,49,7,7,25,0,12,0,1,2,16,1,2
107,118,block_4_13_1x1,2,15,50,6,6,56,1,12,0,0,2,16,1,2
107,118,block_4_13_1x1,2,15,51,7,6,57,1,12,0,1,2,16,1,2
107,118,block_4_13_1x1,2,14,52,6,5,26,0,13,0,0,2,16,1,2
107,118,block_4_13_1x1,2,14,53,7,5,27,0,13,0,1,2,16,1,2
107,118,block_4_13_1x1,2,14,54,6,4,58,1,13,0,0,2,16,1,2
107,118,block_4_13_1x1,2,14,55,7,4,59,1,13,0,1,2,16,1,2
107,118,block_4_13_1x1,2,13,56,6,3,28,0,14,0,0,2,16,1,2
107,118,block_4_13_1x1,2,13,57,7,3,29,0,14,0,1,2,16,1,2
107,118,block_4_13_1x1,2,13,58,6,2,60,1,14,0,0,2,16,1,2
107,118,block_4_13_1x1,2,13,59,7,2,61,1,14,0,1,2,16,1,2
107,118,block_4_13_1x1,2,12,60,6,1,30,0,15,0,0,2,16,1,2
107,118,block_4_13_1x1,2,12,61,7,1,31,0,15,0,1,2,16,1,2
107,118,block_4_13_1x1,2,12,62,6,0,62,1,15,0,0,2,16,1,2
107,118,block_4_13_1x1,2,12,63,7,0,63,1,15,0,1,2,16,1,2
108,119,block_4_13_3x3,2,0,0,0,0,0,0,0,0,0,2,4,4,2
108,119,block_4_13_3x3,2,0,1,1,0,1,0,0,0,1,2,4,4,2
108,119,block_4_13_3x3,2,0,2,0,1,2,0,0,1,0,2,4,4,2
108,119,block_4_13_3x3,2,0,3,1,1,3,0,0,1,1,2,4,4,2
108,119,block_4_13_3x3,2,1,4,0,2,4,0,0,2,0,2,4,4,2
108,119,block_4_13_3x3,2,1,5,1,2,5,0,0,2,1,2,4,4,2
108,119,block_4_13_3x3,2,1,6,0,3,6,0,0,3,0,2,4,4,2
108,119,block_4_13_3x3,2,1,7,1,3,7,0,0,3,1,2,4,4,2
108,119,block_4_13_3x3,2,2,8,0,4,32,1,0,0,0,2,4,4,2
108,119,block_4_13_3x3,2,2,9,1,4,33,1,0,0,1,2,4,4,2
108,119,block_4_13_3x3,2,2,10,0,5,34,1,0,1,0,2,4,4,2
108,119,block_4_13_3x3,2,2,11,1,5,35,1,0,1,1,2,4,4,2
108,119,block_4_13_3x3,2,3,12,0,6,36,1,0,2,0,2,4,4,2
108,119,block_4_13_3x3,2,3,13,1,6,37,1,0,2,1,2,4,4,2
108,119,block_4_13_3x3,2,3,14,0,7,38,1,0,3,0,2,4,4,2
108,119,block_4_13_3x3,2,3,15,1,7,39,1,0,3,1,2,4,4,2
108,119,block_4_13_3x3,2,7,16,2,7,8,0,1,0,0,2,4,4,2
108,119,block_4_13_3x3,2,7,17,3,7,9,0,1,0,1,2,4,4,2
108,119,block_4_13_3x3,2,7,18,2,6,10,0,1,1,0,2,4,4,2
108,119,block_4_13_3x3,2,7,19,3,6,11,0,1,1,1,2,4,4,2
108,119,block_4_13_3x3,2,6,20,2,5,12,0,1,2,0,2,4,4,2
108,119,block_4_13_3x3,2,6,21,3,5,13,0,1,2,1,2,4,4,2
108,119,block_4_13_3x3,2,6,22,2,4,14,0,1,3,0,2,4,4,2
108,119,block_4_13_3x3,2,6,23,3,4,15,0,1,3,1,2,4,4,2
108,119,block_4_13_3x3,2,5,24,2,3,40,1,1,0,0,2,4,4,2
108,119,block_4_13_3x3,2,5,25,3,3,41,1,1,0,1,2,4,4,2
108,119,block_4_13_3x3,2,5,26,2,2,42,1,1,1,0,2,4,4,2
108,119,block_4_13_3x3,2,5,27,3,2,43,1,1,1,1,2,4,4,2
108,119,block_4_13_3x3,2,4,28,2,1,44,1,1,2,0,2,4,4,2
108,119,block_4_13_3x3,2,4,29,3,1,45,1,1,2,1,2,4,4,2
108,119,block_4_13_3x3,2,4,30,2,0,46,1,1,3,0,2,4,4,2
108,119,block_4_13_3x3,2,4,31,3,0,47,1,1,3,1,2,4,4,2
108,119,block_4_13_3x3,2,8,32,4,0,16,0,2,0,0,2,4,4,2
108,119,block_4_13_3x3,2,8,33,5,0,17,0,2,0,1,2,4,4,2
108,119,block_4_13_3x3,2,8,34,4,1,18,0,2,1,0,2,4,4,2
108,119,block_4_13_3x3,2,8,35,5,1,19,0,2,1,1,2,4,4,2
108,119,block_4_13_3x3,2,9,36,4,2,20,0,2,2,0,2,4,4,2
108,119,block_4_13_3x3,2,9,37,5,2,21,0,2,2,1,2,4,4,2
108,119,block_4_13_3x3,2,9,38,4,3,22,0,2,3,0,2,4,4,2
108,119,block_4_13_3x3,2,9,39,5,3,23,0,2,3,1,2,4,4,2
108,119,block_4_13_3x3,2,10,40,4,4,48,1,2,0,0,2,4,4,2
108,119,block_4_13_3x3,2,10,41,5,4,49,1,2,0,1,2,4,4,2
108,119,block_4_13_3x3,2,10,42,4,5,50,1,2,1,0,2,4,4,2
108,119,block_4_13_3x3,2,10,43,5,5,51,1,2,1,1,2,4,4,2
108,119,block_4_13_3x3,2,11,44,4,6,52,1,2,2,0,2,4,4,2
108,119,block_4_13_3x3,2,11,45,5,6,53,1,2,2,1,2,4,4,2
108,119,block_4_13_3x3,2,11,46,4,7,54,1,2,3,0,2,4,4,2
108,119,block_4_13_3x3,2,11,47,5,7,55,1,2,3,1,2,4,4,2
108,119,block_4_13_3x3,2,15,48,6,7,24,0,3,0,0,2,4,4,2
108,119,block_4_13_3x3,2,15,49,7,7,25,0,3,0,1,2,4,4,2
108,119,block_4_13_3x3,2,15,50,6,6,26,0,3,1,0,2,4,4,2
108,119,block_4_13_3x3,2,15,51,7,6,27,0,3,1,1,2,4,4,2
108,119,block_4_13_3x3,2,14,52,6,5,28,0,3,2,0,2,4,4,2
108,119,block_4_13_3x3,2,14,53,7,5,29,0,3,2,1,2,4,4,2
108,119,block_4_13_3x3,2,14,54,6,4,30,0,3,3,0,2,4,4,2
108,119,block_4_13_3x3,2,14,55,7,4,31,0,3,3,1,2,4,4,2
108,119,block_4_13_3x3,2,13,56,6,3,56,1,3,0,0,2,4,4,2
108,119,block_4_13_3x3,2,13,57,7,3,57,1,3,0,1,2,4,4,2
108,119,block_4_13_3x3,2,13,58,6,2,58,1,3,1,0,2,4,4,2
108,119,block_4_13_3x3,2,13,59,7,2,59,1,3,1,1,2,4,4,2
108,119,block_4_13_3x3,2,12,60,6,1,60,1,3,2,0,2,4,4,2
108,119,block_4_13_3x3,2,12,61,7,1,61,1,3,2,1,2,4,4,2
108,119,block_4_13_3x3,2,12,62,6,0,62,1,3,3,0,2,4,4,2
108,119,block_4_13_3x3,2,12,63,7,0,63,1,3,3,1,2,4,4,2
109,120,block_4_14_1x1,2,0,0,0,0,0,0,0,0,0,2,16,1,2
109,120,block_4_14_1x1,2,0,1,1,0,1,0,0,0,1,2,16,1,2
109,120,block_4_14_1x1,2,0,2,0,1,32,1,0,0,0,2,16,1,2
109,120,block_4_14_1x1,2,0,3,1,1,33,1,0,0,1,2,16,1,2
109,120,block_4_14_1x1,2,1,4,0,2,2,0,1,0,0,2,16,1,2
109,120,block_4_14_1x1,2,1,5,1,2,3,0,1,0,1,2,16,1,2
109,120,block_4_14_1x1,2,1,6,0,3,34,1,1,0,0,2,16,1,2
109,120,block_4_14_1x1,2,1,7,1,3,35,1,1,0,1,2,16,1,2
109,120,block_4_14_1x1,2,2,8,0,4,4,0,2,0,0,2,16,1,2
109,120,block_4_14_1x1,2,2,9,1,4,5,0,2,0,1,2,16,1,2
109,120,block_4_14_1x1,2,2,10,0,5,36,1,2,0,0,2,16,1,2
109,120,block_4_14_1x1,2,2,11,1,5,37,1,2,0,1,2,16,1,2
109,120,block_4_14_1x1,2,3,12,0,6,6,0,3,0,0,2,16,1,2
109,120,block_4_14_1x1,2,3,13,1,6,7,0,3,0,1,2,16,1,2
109,120,block_4_14_1x1,2,3,14,0,7,38,1,3,0,0,2,16,1,2
109,120,block_4_14_1x1,2,3,15,1,7,39,1,3,0,1,2,16,1,2
109,120,block_4_14_1x1,2,7,16,2,7,8,0,4,0,0,2,16,1,2
109,120,block_4_14_1x1,2,7,17,3,7,9,0,4,0,1,2,16,1,2
109,120,block_4_14_1x1,2,7,18,2,6,40,1,4,0,0,2,16,1,2
109,120,block_4_14_1x1,2,7,19,3,6,41,1,4,0,1,2,16,1,2
109,120,block_4_14_1x1,2,6,20,2,5,10,0,5,0,0,2,16,1,2
109,120,block_4_14_1x1,2,6,21,3,5,11,0,5,0,1,2,16,1,2
109,120,block_4_14_1x1,2,6,22,2,4,42,1,5,0,0,2,16,1,2
109,120,block_4_14_1x1,2,6,23,3,4,43,1,5,0,1,2,16,1,2
109,120,block_4_14_1x1,2,5,24,2,3,12,0,6,0,0,2,16,1,2
109,120,block_4_14_1x1,2,5,25,3,3,13,0,6,0,1,2,16,1,2
109,120,block_4_14_1x1,2,5,26,2,2,44,1,6,0,0,2,16,1,2
109,120,block_4_14_1x1,2,5,27,3,2,45,1,6,0,1,2,16,1,2
109,120,block_4_14_1x1,2,4,28,2,1,14,0,7,0,0,2,16,1,2
109,120,block_4_14_1x1,2,4,29,3,1,15,0,7,0,1,2,16,1,2
109,120,block_4_14_1x1,2,4,30,2,0,46,1,7,0,0,2,16,1,2
109,120,block_4_14_1x1,2,4,31,3,0,47,1,7,0,1,2,16,1,2
109,120,block_4_14_1x1,2,8,32,4,0,16,0,8,0,0,2,16,1,2
109,120,block_4_14_1x1,2,8,33,5,0,17,0,8,0,1,2,16,1,2
109,120,block_4_14_1x1,2,8,34,4,1,48,1,8,0,0,2,16,1,2
109,120,block_4_14_1x1,2,8,35,5,1,49,1,8,0,1,2,16,1,2
109,120,block_4_14_1x1,2,9,36,4,2,18,0,9,0,0,2,16,1,2
109,120,block_4_14_1x1,2,9,37,5,2,19,0,9,0,1,2,16,1,2
109,120,block_4_14_1x1,2,9,38,4,3,50,1,9,0,0,2,16,1,2
109,120,block_4_14_1x1,2,9,39,5,3,51,1,9,0,1,2,16,1,2
109,120,block_4_14_1x1,2,10,40,4,4,20,0,10,0,0,2,16,1,2
109,120,block_4_14_1x1,2,10,41,5,4,21,0,10,0,1,2,16,1,2
109,120,block_4_14_1x1,2,10,42,4,5,52,1,10,0,0,2,16,1,2
109,120,block_4_14_1x1,2,10,43,5,5,53,1,10,0,1,2,16,1,2
109,120,block_4_14_1x1,2,11,44,4,6,22,0,11,0,0,2,16,1,2
109,120,block_4_14_1x1,2,11,45,5,6,23,0,11,0,1,2,16,1,2
109,120,block_4_14_1x1,2,11,46,4,7,54,1,11,0,0,2,16,1,2
109,120,block_4_14_1x1,2,11,47,5,7,55,1,11,0,1,2,16,1,2
109,120,block_4_14_1x1,2,15,48,6,7,24,0,12,0,0,2,16,1,2
109,120,block_4_14_1x1,2,15,49,7,7,25,0,12,0,1,2,16,1,2
109,120,block_4_14_1x1,2,15,50,6,6,56,1,12,0,0,2,16,1,2
109,120,block_4_14_1x1,2,15,51,7,6,57,1,12,0,1,2,16,1,2
109,120,block_4_14_1x1,2,14,52,6,5,26,0,13,0,0,2,16,1,2
109,120,block_4_14_1x1,2,14,53,7,5,27,0,13,0,1,2,16,1,2
109,120,block_4_14_1x1,2,14,54,6,4,58,1,13,0,0,2,16,1,2
109,120,block_4_14_1x1,2,14,55,7,4,59,1,13,0,1,2,16,1,2
109,120,block_4_14_1x1,2,13,56,6,3,28,0,14,0,0,2,16,1,2
109,120,block_4_14_1x1,2,13,57,7,3,29,0,14,0,1,2,16,1,2
109,120,block_4_14_1x1,2,13,58,6,2,60,1,14,0,0,2,16,1,2
109,120,block_4_14_1x1,2,13,59,7,2,61,1,14,0,1,2,16,1,2
109,120,block_4_14_1x1,2,12,60,6,1,30,0,15,0,0,2,16,1,2
109,120,block_4_14_1x1,2,12,61,7,1,31,0,15,0,1,2,16,1,2
109,120,block_4_14_1x1,2,12,62,6,0,62,1,15,0,0,2,16,1,2
109,120,block_4_14_1x1,2,12,63,7,0,63,1,15,0,1,2,16,1,2
110,121,block_4_14_3x3,2,0,0,0,0,0,0,0,0,0,2,4,4,2
110,121,block_4_14_3x3,2,0,1,1,0,1,0,0,0,1,2,4,4,2
110,121,block_4_14_3x3,2,0,2,0,1,2,0,0,1,0,2,4,4,2
110,121,block_4_14_3x3,2,0,3,1,1,3,0,0,1,1,2,4,4,2
110,121,block_4_14_3x3,2,1,4,0,2,4,0,0,2,0,2,4,4,2
110,121,block_4_14_3x3,2,1,5,1,2,5,0,0,2,1,2,4,4,2
110,121,block_4_14_3x3,2,1,6,0,3,6,0,0,3,0,2,4,4,2
110,121,block_4_14_3x3,2,1,7,1,3,7,0,0,3,1,2,4,4,2
110,121,block_4_14_3x3,2,2,8,0,4,32,1,0,0,0,2,4,4,2
110,121,block_4_14_3x3,2,2,9,1,4,33,1,0,0,1,2,4,4,2
110,121,block_4_14_3x3,2,2,10,0,5,34,1,0,1,0,2,4,4,2
110,121,block_4_14_3x3,2,2,11,1,5,35,1,0,1,1,2,4,4,2
110,121,block_4_14_3x3,2,3,12,0,6,36,1,0,2,0,2,4,4,2
110,121,block_4_14_3x3,2,3,13,1,6,37,1,0,2,1,2,4,4,2
110,121,block_4_14_3x3,2,3,14,0,7,38,1,0,3,0,2,4,4,2
110,121,block_4_14_3x3,2,3,15,1,7,39,1,0,3,1,2,4,4,2
110,121,block_4_14_3x3,2,7,16,2,7,8,0,1,0,0,2,4,4,2
110,121,block_4_14_3x3,2,7,17,3,7,9,0,1,0,1,2,4,4,2
110,121,block_4_14_3x3,2,7,18,2,6,10,0,1,1,0,2,4,4,2
110,121,block_4_14_3x3,2,7,19,3,6,11,0,1,1,1,2,4,4,2
110,121,block_4_14_3x3,2,6,20,2,5,12,0,1,2,0,2,4,4,2
110,121,block_4_14_3x3,2,6,21,3,5,13,0,1,2,1,2,4,4,2
110,121,block_4_14_3x3,2,6,22,2,4,14,0,1,3,0,2,4,4,2
110,121,block_4_14_3x3,2,6,23,3,4,15,0,1,3,1,2,4,4,2
110,121,block_4_14_3x3,2,5,24,2,3,40,1,1,0,0,2,4,4,2
110,121,block_4_14_3x3,2,5,25,3,3,41,1,1,0,1,2,4,4,2
110,121,block_4_14_3x3,2,5,26,2,2,42,1,1,1,0,2,4,4,2
110,121,block_4_14_3x3,2,5,27,3,2,43,1,1,1,1,2,4,4,2
110,121,block_4_14_3x3,2,4,28,2,1,44,1,1,2,0,2,4,4,2
110,121,block_4_14_3x3,2,4,29,3,1,45,1,1,2,1,2,4,4,2
110,121,block_4_14_3x3,2,4,30,2,0,46,1,1,3,0,2,4,4,2
110,121,block_4_14_3x3,2,4,31,3,0,47,1,1,3,1,2,4,4,2
110,121,block_4_14_3x3,2,8,32,4,0,16,0,2,0,0,2,4,4,2
110,121,block_4_14_3x3,2,8,33,5,0,17,0,2,0,1,2,4,4,2
110,121,block_4_14_3x3,2,8,34,4,1,18,0,2,1,0,2,4,4,2
110,121,block_4_14_3x3,2,8,35,5,1,19,0,2,1,1,2,4,4,2
110,121,block_4_14_3x3,2,9,36,4,2,20,0,2,2,0,2,4,4,2
110,121,block_4_14_3x3,2,9,37,5,2,21,0,2,2,1,2,4,4,2
110,121,block_4_14_3x3,2,9,38,4,3,22,0,2,3,0,2,4,4,2
110,121,block_4_14_3x3,2,9,39,5,3,23,0,2,3,1,2,4,4,2
110,121,block_4_14_3x3,2,10,40,4,4,48,1,2,0,0,2,4,4,2
110,121,block_4_14_3x3,2,10,41,5,4,49,1,2,0,1,2,4,4,2
110,121,block_4_14_3x3,2,10,42,4,5,50,1,2,1,0,2,4,4,2
110,121,block_4_14_3x3,2,10,43,5,5,51,1,2,1,1,2,4,4,2
110,121,block_4_14_3x3,2,11,44,4,6,52,1,2,2,0,2,4,4,2
110,121,block_4_14_3x3,2,11,45,5,6,53,1,2,2,1,2,4,4,2
110,121,block_4_14_3x3,2,11,46,4,7,54,1,2,3,0,2,4,4,2
110,121,block_4_14_3x3,2,11,47,5,7,55,1,2,3,1,2,4,4,2
110,121,block_4_14_3x3,2,15,48,6,7,24,0,3,0,0,2,4,4,2
110,121,block_4_14_3x3,2,15,49,7,7,25,0,3,0,1,2,4,4,2
110,121,block_4_14_3x3,2,15,50,6,6,26,0,3,1,0,2,4,4,2
110,121,block_4_14_3x3,2,15,51,7,6,27,0,3,1,1,2,4,4,2
110,121,block_4_14_3x3,2,14,52,6,5,28,0,3,2,0,2,4,4,2
110,121,block_4_14_3x3,2,14,53,7,5,29,0,3,2,1,2,4,4,2
110,121,block_4_14_3x3,2,14,54,6,4,30,0,3,3,0,2,4,4,2
110,121,block_4_14_3x3,2,14,55,7,4,31,0,3,3,1,2,4,4,2
110,121,block_4_14_3x3,2,13,56,6,3,56,1,3,0,0,2,4,4,2
110,121,block_4_14_3x3,2,13,57,7,3,57,1,3,0,1,2,4,4,2
110,121,block_4_14_3x3,2,13,58,6,2,58,1,3,1,0,2,4,4,2
110,121,block_4_14_3x3,2,13,59,7,2,59,1,3,1,1,2,4,4,2
110,121,block_4_14_3x3,2,12,60,6,1,60,1,3,2,0,2,4,4,2
110,121,block_4_14_3x3,2,12,61,7,1,61,1,3,2,1,2,4,4,2
110,121,block_4_14_3x3,2,12,62,6,0,62,1,3,3,0,2,4,4,2
110,121,block_4_14_3x3,2,12,63,7,0,63,1,3,3,1,2,4,4,2
111,122,block_4_15_1x1,2,0,0,0,0,0,0,0,0,0,2,16,1,2
111,122,block_4_15_1x1,2,0,1,1,0,1,0,0,0,1,2,16,1,2
111,122,block_4_15_1x1,2,0,2,0,1,32,1,0,0,0,2,16,1,2
111,122,block_4_15_1x1,2,0,3,1,1,33,1,0,0,1,2,16,1,2
111,122,block_4_15_1x1,2,1,4,0,2,2,0,1,0,0,2,16,1,2
111,122,block_4_15_1x1,2,1,5,1,2,3,0,1,0,1,2,16,1,2
111,122,block_4_15_1x1,2,1,6,0,3,34,1,1,0,0,2,16,1,2
111,122,block_4_15_1x1,2,1,7,1,3,35,1,1,0,1,2,16,1,2
111,122,block_4_15_1x1,2,2,8,0,4,4,0,2,0,0,2,16,1,2
111,122,block_4_15_1x1,2,2,9,1,4,5,0,2,0,1,2,16,1,2
111,122,block_4_15_1x1,2,2,10,0,5,36,1,2,0,0,2,16,1,2
111,122,block_4_15_1x1,2,2,11,1,5,37,1,2,0,1,2,16,1,2
111,122,block_4_15_1x1,2,3,12,0,6,6,0,3,0,0,2,16,1,2
111,122,block_4_15_1x1,2,3,13,1,6,7,0,3,0,1,2,16,1,2
111,122,block_4_15_1x1,2,3,14,0,7,38,1,3,0,0,2,16,1,2
111,122,block_4_15_1x1,2,3,15,1,7,39,1,3,0,1,2,16,1,2
111,122,block_4_15_1x1,2,7,16,2,7,8,0,4,0,0,2,16,1,2
111,122,block_4_15_1x1,2,7,17,3,7,9,0,4,0,1,2,16,1,2
111,122,block_4_15_1x1,2,7,18,2,6,40,1,4,0,0,2,16,1,2
111,122,block_4_15_1x1,2,7,19,3,6,41,1,4,0,1,2,16,1,2
111,122,block_4_15_1x1,2,6,20,2,5,10,0,5,0,0,2,16,1,2
111,122,block_4_15_1x1,2,6,21,3,5,11,0,5,0,1,2,16,1,2
111,122,block_4_15_1x1,2,6,22,2,4,42,1,5,0,0,2,16,1,2
111,122,block_4_15_1x1,2,6,23,3,4,43,1,5,0,1,2,16,1,2
111,122,block_4_15_1x1,2,5,24,2,3,12,0,6,0,0,2,16,1,2
111,122,block_4_15_1x1,2,5,25,3,3,13,0,6,0,1,2,16,1,2
111,122,block_4_15_1x1,2,5,26,2,2,44,1,6,0,0,2,16,1,2
111,122,block_4_15_1x1,2,5,27,3,2,45,1,6,0,1,2,16,1,2
111,122,block_4_15_1x1,2,4,28,2,1,14,0,7,0,0,2,16,1,2
111,122,block_4_15_1x1,2,4,29,3,1,15,0,7,0,1,2,16,1,2
111,122,block_4_15_1x1,2,4,30,2,0,46,1,7,0,0,2,16,1,2
111,122,block_4_15_1x1,2,4,31,3,0,47,1,7,0,1,2,16,1,2
111,122,block_4_15_1x1,2,8,32,4,0,16,0,8,0,0,2,16,1,2
111,122,block_4_15_1x1,2,8,33,5,0,17,0,8,0,1,2,16,1,2
111,122,block_4_15_1x1,2,8,34,4,1,48,1,8,0,0,2,16,1,2
111,122,block_4_15_1x1,2,8,35,5,1,49,1,8,0,1,2,16,1,2
111,122,block_4_15_1x1,2,9,36,4,2,18,0,9,0,0,2,16,1,2
111,122,block_4_15_1x1,2,9,37,5,2,19,0,9,0,1,2,16,1,2
111,122,block_4_15_1x1,2,9,38,4,3,50,1,9,0,0,2,16,1,2
111,122,block_4_15_1x1,2,9,39,5,3,51,1,9,0,1,2,16,1,2
111,122,block_4_15_1x1,2,10,40,4,4,20,0,10,0,0,2,16,1,2
111,122,block_4_15_1x1,2,10,41,5,4,21,0,10,0,1,2,16,1,2
111,122,block_4_15_1x1,2,10,42,4,5,52,1,10,0,0,2,16,1,2
111,122,block_4_15_1x1,2,10,43,5,5,53,1,10,0,1,2,16,1,2
111,122,block_4_15_1x1,2,11,44,4,6,22,0,11,0,0,2,16,1,2
111,122,block_4_15_1x1,2,11,45,5,6,23,0,11,0,1,2,16,1,2
111,122,block_4_15_1x1,2,11,46,4,7,54,1,11,0,0,2,16,1,2
111,122,block_4_15_1x1,2,11,47,5,7,55,1,11,0,1,2,16,1,2
111,122,block_4_15_1x1,2,15,48,6,7,24,0,12,0,0,2,16,1,2
111,122,block_4_15_1x1,2,15,49,7,7,25,0,12,0,1,2,16,1,2
111,122,block_4_15_1x1,2,15,50,6,6,56,1,12,0,0,2,16,1,2
111,122,block_4_15_1x1,2,15,51,7,6,57,1,12,0,1,2,16,1,2
111,122,block_4_15_1x1,2,14,52,6,5,26,0,13,0,0,2,16,1,2
111,122,block_4_15_1x1,2,14,53,7,5,27,0,13,0,1,2,16,1,2
111,122,block_4_15_1x1,2,14,54,6,4,58,1,13,0,0,2,16,1,2
111,122,block_4_15_1x1,2,14,55,7,4,59,1,13,0,1,2,16,1,2
111,122,block_4_15_1x1,2,13,56,6,3,28,0,14,0,0,2,16,1,2
111,122,block_4_15_1x1,2,13,57,7,3,29,0,14,0,1,2,16,1,2
111,122,block_4_15_1x1,2,13,58,6,2,60,1,14,0,0,2,16,1,2
111,122,block_4_15_1x1,2,13,59,7,2,61,1,14,0,1,2,16,1,2
111,122,block_4_15_1x1,2,12,60,6,1,30,0,15,0,0,2,16,1,2
111,122,block_4_15_1x1,2,12,61,7,1,31,0,15,0,1,2,16,1,2
111,122,block_4_15_1x1,2,12,62,6,0,62,1,15,0,0,2,16,1,2
111,122,block_4_15_1x1,2,12,63,7,0,63,1,15,0,1,2,16,1,2
112,123,block_4_15_3x3,2,0,0,0,0,0,0,0,0,0,2,4,4,2
112,123,block_4_15_3x3,2,0,1,1,0,1,0,0,0,1,2,4,4,2
112,123,block_4_15_3x3,2,0,2,0,1,2,0,0,1,0,2,4,4,2
112,123,block_4_15_3x3,2,0,3,1,1,3,0,0,1,1,2,4,4,2
112,123,block_4_15_3x3,2,1,4,0,2,4,0,0,2,0,2,4,4,2
112,123,block_4_15_3x3,2,1,5,1,2,5,0,0,2,1,2,4,4,2
112,123,block_4_15_3x3,2,1,6,0,3,6,0,0,3,0,2,4,4,2
112,123,block_4_15_3x3,2,1,7,1,3,7,0,0,3,1,2,4,4,2
112,123,block_4_15_3x3,2,2,8,0,4,32,1,0,0,0,2,4,4,2
112,123,block_4_15_3x3,2,2,9,1,4,33,1,0,0,1,2,4,4,2
112,123,block_4_15_3x3,2,2,10,0,5,34,1,0,1,0,2,4,4,2
112,123,block_4_15_3x3,2,2,11,1,5,35,1,0,1,1,2,4,4,2
112,123,block_4_15_3x3,2,3,12,0,6,36,1,0,2,0,2,4,4,2
112,123,block_4_15_3x3,2,3,13,1,6,37,1,0,2,1,2,4,4,2
112,123,block_4_15_3x3,2,3,14,0,7,38,1,0,3,0,2,4,4,2
112,123,block_4_15_3x3,2,3,15,1,7,39,1,0,3,1,2,4,4,2
112,123,block_4_15_3x3,2,7,16,2,7,8,0,1,0,0,2,4,4,2
112,123,block_4_15_3x3,2,7,17,3,7,9,0,1,0,1,2,4,4,2
112,123,block_4_15_3x3,2,7,18,2,6,10,0,1,1,0,2,4,4,2
112,123,block_4_15_3x3,2,7,19,3,6,11,0,1,1,1,2,4,4,2
112,123,block_4_15_3x3,2,6,20,2,5,12,0,1,2,0,2,4,4,2
112,123,block_4_15_3x3,2,6,21,3,5,13,0,1,2,1,2,4,4,2
112,123,block_4_15_3x3,2,6,22,2,4,14,0,1,3,0,2,4,4,2
112,123,block_4_15_3x3,2,6,23,3,4,15,0,1,3,1,2,4,4,2
112,123,block_4_15_3x3,2,5,24,2,3,40,1,1,0,0,2,4,4,2
112,123,block_4_15_3x3,2,5,25,3,3,41,1,1,0,1,2,4,4,2
112,123,block_4_15_3x3,2,5,26,2,2,42,1,1,1,0,2,4,4,2
112,123,block_4_15_3x3,2,5,27,3,2,43,1,1,1,1,2,4,4,2
112,123,block_4_15_3x3,2,4,28,2,1,44,1,1,2,0,2,4,4,2
112,123,block_4_15_3x3,2,4,29,3,1,45,1,1,2,1,2,4,4,2
112,123,block_4_15_3x3,2,4,30,2,0,46,1,1,3,0,2,4,4,2
112,123,block_4_15_3x3,2,4,31,3,0,47,1,1,3,1,2,4,4,2
112,123,block_4_15_3x3,2,8,32,4,0,16,0,2,0,0,2,4,4,2
112,123,block_4_15_3x3,2,8,33,5,0,17,0,2,0,1,2,4,4,2
112,123,block_4_15_3x3,2,8,34,4,1,18,0,2,1,0,2,4,4,2
112,123,block_4_15_3x3,2,8,35,5,1,19,0,2,1,1,2,4,4,2
112,123,block_4_15_3x3,2,9,36,4,2,20,0,2,2,0,2,4,4,2
112,123,block_4_15_3x3,2,9,37,5,2,21,0,2,2,1,2,4,4,2
112,123,block_4_15_3x3,2,9,38,4,3,22,0,2,3,0,2,4,4,2
112,123,block_4_15_3x3,2,9,39,5,3,23,0,2,3,1,2,4,4,2
112,123,block_4_15_3x3,2,10,40,4,4,48,1,2,0,0,2,4,4,2
112,123,block_4_15_3x3,2,10,41,5,4,49,1,2,0,1,2,4,4,2
112,123,block_4_15_3x3,2,10,42,4,5,50,1,2,1,0,2,4,4,2
112,123,block_4_15_3x3,2,10,43,5,5,51,1,2,1,1,2,4,4,2
112,123,block_4_15_3x3,2,11,44,4,6,52,1,2,2,0,2,4,4,2
112,123,block_4_15_3x3,2,11,45,5,6,53,1,2,2,1,2,4,4,2
112,123,block_4_15_3x3,2,11,46,4,7,54,1,2,3,0,2,4,4,2
112,123,block_4_15_3x3,2,11,47,5,7,55,1,2,3,1,2,4,4,2
112,123,block_4_15_3x3,2,15,48,6,7,24,0,3,0,0,2,4,4,2
112,123,block_4_15_3x3,2,15,49,7,7,25,0,3,0,1,2,4,4,2
112,123,block_4_15_3x3,2,15,50,6,6,26,0,3,1,0,2,4,4,2
112,123,block_4_15_3x3,2,15,51,7,6,27,0,3,1,1,2,4,4,2
112,123,block_4_15_3x3,2,14,52,6,5,28,0,3,2,0,2,4,4,2
112,123,block_4_15_3x3,2,14,53,7,5,29,0,3,2,1,2,4,4,2
112,123,block_4_15_3x3,2,14,54,6,4,30,0,3,3,0,2,4,4,2
112,123,block_4_15_3x3,2,14,55,7,4,31,0,3,3,1,2,4,4,2
112,123,block_4_15_3x3,2,13,56,6,3,56,1,3,0,0,2,4,4,2
112,123,block_4_15_3x3,2,13,57,7,3,57,1,3,0,1,2,4,4,2
112,123,block_4_15_3x3,2,13,58,6,2,58,1,3,1,0,2,4,4,2
112,123,block_4_15_3x3,2,13,59,7,2,59,1,3,1,1,2,4,4,2
112,123,block_4_15_3x3,2,12,60,6,1,60,1,3,2,0,2,4,4,2
112,123,block_4_15_3x3,2,12,61,7,1,61,1,3,2,1,2,4,4,2
112,123,block_4_15_3x3,2,12,62,6,0,62,1,3,3,0,2,4,4,2
112,123,block_4_15_3x3,2,12,63,7,0,63,1,3,3,1,2,4,4,2
113,124,pool_avg,2,0,0,0,0,0,0,0,0,0,2,32,1,1
113,124,pool_avg,2,0,1,1,0,32,1,0,0,0,2,32,1,1
113,124,pool_avg,2,0,2,0,1,1,0,1,0,0,2,32,1,1
113,124,pool_avg,2,0,3,1,1,33,1,1,0,0,2,32,1,1
113,124,pool_avg,2,1,4,0,2,2,0,2,0,0,2,32,1,1
113,124,pool_avg,2,1,5,1,2,34,1,2,0,0,2,32,1,1
113,124,pool_avg,2,1,6,0,3,3,0,3,0,0,2,32,1,1
113,124,pool_avg,2,1,7,1,3,35,1,3,0,0,2,32,1,1
113,124,pool_avg,2,2,8,0,4,4,0,4,0,0,2,32,1,1
113,124,pool_avg,2,2,9,1,4,36,1,4,0,0,2,32,1,1
113,124,pool_avg,2,2,10,0,5,5,0,5,0,0,2,32,1,1
113,124,pool_avg,2,2,11,1,5,37,1,5,0,0,2,32,1,1
113,124,pool_avg,2,3,12,0,6,6,0,6,0,0,2,32,1,1
113,124,pool_avg,2,3,13,1,6,38,1,6,0,0,2,32,1,1
113,124,pool_avg,2,3,14,0,7,7,0,7,0,0,2,32,1,1
113,124,pool_avg,2,3,15,1,7,39,1,7,0,0,2,32,1,1
113,124,pool_avg,2,7,16,2,7,8,0,8,0,0,2,32,1,1
113,124,pool_avg,2,7,17,3,7,40,1,8,0,0,2,32,1,1
113,124,pool_avg,2,7,18,2,6,9,0,9,0,0,2,32,1,1
113,124,pool_avg,2,7,19,3,6,41,1,9,0,0,2,32,1,1
113,124,pool_avg,2,6,20,2,5,10,0,10,0,0,2,32,1,1
113,124,pool_avg,2,6,21,3,5,42,1,10,0,0,2,32,1,1
113,124,pool_avg,2,6,22,2,4,11,0,11,0,0,2,32,1,1
113,124,pool_avg,2,6,23,3,4,43,1,11,0,0,2,32,1,1
113,124,pool_avg,2,5,24,2,3,12,0,12,0,0,2,32,1,1
113,124,pool_avg,2,5,25,3,3,44,1,12,0,0,2,32,1,1
113,124,pool_avg,2,5,26,2,2,13,0,13,0,0,2,32,1,1
113,124,pool_avg,2,5,27,3,2,45,1,13,0,0,2,32,1,1
113,124,pool_avg,2,4,28,2,1,14,0,14,0,0,2,32,1,1
113,124,pool_avg,2,4,29,3,1,46,1,14,0,0,2,32,1,1
113,124,pool_avg,2,4,30,2,0,15,0,15,0,0,2,32,1,1
113,124,pool_avg,2,4,31,3,0,47,1,15,0,0,2,32,1,1
113,124,pool_avg,2,8,32,4,0,16,0,16,0,0,2,32,1,1
113,124,pool_avg,2,8,33,5,0,48,1,16,0,0,2,32,1,1
113,124,pool_avg,2,8,34,4,1,17,0,17,0,0,2,32,1,1
113,124,pool_avg,2,8,35,5,1,49,1,17,0,0,2,32,1,1
113,124,pool_avg,2,9,36,4,2,18,0,18,0,0,2,32,1,1
113,124,pool_avg,2,9,37,5,2,50,1,18,0,0,2,32,1,1
113,124,pool_avg,2,9,38,4,3,19,0,19,0,0,2,32,1,1
113,124,pool_avg,2,9,39,5,3,51,1,19,0,0,2,32,1,1
113,124,pool_avg,2,10,40,4,4,20,0,20,0,0,2,32,1,1
113,124,pool_avg,2,10,41,5,4,52,1,20,0,0,2,32,1,1
113,124,pool_avg,2,10,42,4,5,21,0,21,0,0,2,32,1,1
113,124,pool_avg,2,10,43,5,5,53,1,21,0,0,2,32,1,1
113,124,pool_avg,2,11,44,4,6,22,0,22,0,0,2,32,1,1
113,124,pool_avg,2,11,45,5,6,54,1,22,0,0,2,32,1,1
113,124,pool_avg,2,11,46,4,7,23,0,23,0,0,2,32,1,1
113,124,pool_avg,2,11,47,5,7,55,1,23,0,0,2,32,1,1
113,124,pool_avg,2,15,48,6,7,24,0,24,0,0,2,32,1,1
113,124,pool_avg,2,15,49,7,7,56,1,24,0,0,2,32,1,1
113,124,pool_avg,2,15,50,6,6,25,0,25,0,0,2,32,1,1
113,124,pool_avg,2,15,51,7,6,57,1,25,0,0,2,32,1,1
113,124,pool_avg,2,14,52,6,5,26,0,26,0,0,2,32,1,1
113,124,pool_avg,2,14,53,7,5,58,1,26,0,0,2,32,1,1
113,124,pool_avg,2,14,54,6,4,27,0,27,0,0,2,32,1,1
113,124,pool_avg,2,14,55,7,4,59,1,27,0,0,2,32,1,1
113,124,pool_avg,2,13,56,6,3,28,0,28,0,0,2,32,1,1
113,124,pool_avg,2,13,57,7,3,60,1,28,0,0,2,32,1,1
113,124,pool_avg,2,13,58,6,2,29,0,29,0,0,2,32,1,1
113,124,pool_avg,2,13,59,7,2,61,1,29,0,0,2,32,1,1
113,124,pool_avg,2,12,60,6,1,30,0,30,0,0,2,32,1,1
113,124,pool_avg,2,12,61,7,1,62,1,30,0,0,2,32,1,1
113,124,pool_avg,2,12,62,6,0,31,0,31,0,0,2,32,1,1
113,124,pool_avg,2,12,63,7,0,63,1,31,0,0,2,32,1,1
114,125,fc,4,0,0,0,0,0,0,0,0,0,1,64,1,1
114,125,fc,4,0,1,1,0,1,0,1,0,0,1,64,1,1
114,125,fc,4,0,2,0,1,2,0,2,0,0,1,64,1,1
114,125,fc,4,0,3,1,1,3,0,3,0,0,1,64,1,1
114,125,fc,4,1,4,0,2,4,0,4,0,0,1,64,1,1
114,125,fc,4,1,5,1,2,5,0,5,0,0,1,64,1,1
114,125,fc,4,1,6,0,3,6,0,6,0,0,1,64,1,1
114,125,fc,4,1,7,1,3,7,0,7,0,0,1,64,1,1
114,125,fc,4,2,8,0,4,8,0,8,0,0,1,64,1,1
114,125,fc,4,2,9,1,4,9,0,9,0,0,1,64,1,1
114,125,fc,4,2,10,0,5,10,0,10,0,0,1,64,1,1
114,125,fc,4,2,11,1,5,11,0,11,0,0,1,64,1,1
114,125,fc,4,3,12,0,6,12,0,12,0,0,1,64,1,1
114,125,fc,4,3,13,1,6,13,0,13,0,0,1,64,1,1
114,125,fc,4,3,14,0,7,14,0,14,0,0,1,64,1,1
114,125,fc,4,3,15,1,7,15,0,15,0,0,1,64,1,1
114,125,fc,4,7,16,2,7,16,0,16,0,0,1,64,1,1
114,125,fc,4,7,17,3,7,17,0,17,0,0,1,64,1,1
114,125,fc,4,7,18,2,6,18,0,18,0,0,1,64,1,1
114,125,fc,4,7,19,3,6,19,0,19,0,0,1,64,1,1
114,125,fc,4,6,20,2,5,20,0,20,0,0,1,64,1,1
114,125,fc,4,6,21,3,5,21,0,21,0,0,1,64,1,1
114,125,fc,4,6,22,2,4,22,0,22,0,0,1,64,1,1
114,125,fc,4,6,23,3,4,23,0,23,0,0,1,64,1,1
114,125,fc,4,5,24,2,3,24,0,24,0,0,1,64,1,1
114,125,fc,4,5,25,3,3,25,0,25,0,0,1,64,1,1
114,125,fc,4,5,26,2,2,26,0,26,0,0,1,64,1,1
114,125,fc,4,5,27,3,2,27,0,27,0,0,1,64,1,1
114,125,fc,4,4,28,2,1,28,0,28,0,0,1,64,1,1
114,125,fc,4,4,29,3,1,29,0,29,0,0,1,64,1,1
114,125,fc,4,4,30,2,0,30,0,30,0,0,1,64,1,1
114,125,fc,4,4,31,3,0,31,0,31,0,0,1,64,1,1
114,125,fc,4,8,32,4,0,32,0,32,0,0,1,64,1,1
114,125,fc,4,8,33,5,0,33,0,33,0,0,1,64,1,1
114,125,fc,4,8,34,4,1,34,0,34,0,0,1,64,1,1
114,125,fc,4,8,35,5,1,35,0,35,0,0,1,64,1,1
114,125,fc,4,9,36,4,2,36,0,36,0,0,1,64,1,1
114,125,fc,4,9,37,5,2,37,0,37,0,0,1,64,1,1
114,125,fc,4,9,38,4,3,38,0,38,0,0,1,64,1,1
114,125,fc,4,9,39,5,3,39,0,39,0,0,1,64,1,1
114,125,fc,4,10,40,4,4,40,0,40,0,0,1,64,1,1
114,125,fc,4,10,41,5,4,41,0,41,0,0,1,64,1,1
114,125,fc,4,10,42,4,5,42,0,42,0,0,1,64,1,1
114,125,fc,4,10,43,5,5,43,0,43,0,0,1,64,1,1
114,125,fc,4,11,44,4,6,44,0,44,0,0,1,64,1,1
114,125,fc,4,11,45,5,6,45,0,45,0,0,1,64,1,1
114,125,fc,4,11,46,4,7,46,0,46,0,0,1,64,1,1
114,125,fc,4,11,47,5,7,47,0,47,0,0,1,64,1,1
114,125,fc,4,15,48,6,7,48,0,48,0,0,1,64,1,1
114,125,fc,4,15,49,7,7,49,0,49,0,0,1,64,1,1
114,125,fc,4,15,50,6,6,50,0,50,0,0,1,64,1,1
114,125,fc,4,15,51,7,6,51,0,51,0,0,1,64,1,1
114,125,fc,4,14,52,6,5,52,0,52,0,0,1,64,1,1
114,125,fc,4,14,53,7,5,53,0,53,0,0,1,64,1,1
114,125,fc,4,14,54,6,4,54,0,54,0,0,1,64,1,1
114,125,fc,4,14,55,7,4,55,0,55,0,0,1,64,1,1
114,125,fc,4,13,56,6,3,56,0,56,0,0,1,64,1,1
114,125,fc,4,13,57,7,3,57,0,57,0,0,1,64,1,1
114,125,fc,4,13,58,6,2,58,0,58,0,0,1,64,1,1
114,125,fc,4,13,59,7,2,59,0,59,0,0,1,64,1,1
114,125,fc,4,12,60,6,1,60,0,60,0,0,1,64,1,1
114,125,fc,4,12,61,7,1,61,0,61,0,0,1,64,1,1
114,125,fc,4,12,62,6,0,62,0,62,0,0,1,64,1,1
114,125,fc,4,12,63,7,0,63,0,63,0,0,1,64,1,1
