segment,layer_id,layer,batch,chiplet,core,x,y,partition_id,partition_b,partition_c,partition_h,partition_w,B,C,H,W
0,0,conv1,1,0,0,0,0,0,0,0,0,0,1,8,2,4
0,0,conv1,1,0,1,1,0,1,0,0,0,1,1,8,2,4
0,0,conv1,1,0,2,0,1,2,0,0,0,2,1,8,2,4
0,0,conv1,1,0,3,1,1,3,0,0,0,3,1,8,2,4
0,0,conv1,1,1,4,0,2,4,0,0,1,0,1,8,2,4
0,0,conv1,1,1,5,1,2,5,0,0,1,1,1,8,2,4
0,0,conv1,1,1,6,0,3,6,0,0,1,2,1,8,2,4
0,0,conv1,1,1,7,1,3,7,0,0,1,3,1,8,2,4
0,0,conv1,1,2,8,0,4,8,0,1,0,0,1,8,2,4
0,0,conv1,1,2,9,1,4,9,0,1,0,1,1,8,2,4
0,0,conv1,1,2,10,0,5,10,0,1,0,2,1,8,2,4
0,0,conv1,1,2,11,1,5,11,0,1,0,3,1,8,2,4
0,0,conv1,1,3,12,0,6,12,0,1,1,0,1,8,2,4
0,0,conv1,1,3,13,1,6,13,0,1,1,1,1,8,2,4
0,0,conv1,1,3,14,0,7,14,0,1,1,2,1,8,2,4
0,0,conv1,1,3,15,1,7,15,0,1,1,3,1,8,2,4
0,0,conv1,1,7,16,2,7,16,0,2,0,0,1,8,2,4
0,0,conv1,1,7,17,3,7,17,0,2,0,1,1,8,2,4
0,0,conv1,1,7,18,2,6,18,0,2,0,2,1,8,2,4
0,0,conv1,1,7,19,3,6,19,0,2,0,3,1,8,2,4
0,0,conv1,1,6,20,2,5,20,0,2,1,0,1,8,2,4
0,0,conv1,1,6,21,3,5,21,0,2,1,1,1,8,2,4
0,0,conv1,1,6,22,2,4,22,0,2,1,2,1,8,2,4
0,0,conv1,1,6,23,3,4,23,0,2,1,3,1,8,2,4
0,0,conv1,1,5,24,2,3,24,0,3,0,0,1,8,2,4
0,0,conv1,1,5,25,3,3,25,0,3,0,1,1,8,2,4
0,0,conv1,1,5,26,2,2,26,0,3,0,2,1,8,2,4
0,0,conv1,1,5,27,3,2,27,0,3,0,3,1,8,2,4
0,0,conv1,1,4,28,2,1,28,0,3,1,0,1,8,2,4
0,0,conv1,1,4,29,3,1,29,0,3,1,1,1,8,2,4
0,0,conv1,1,4,30,2,0,30,0,3,1,2,1,8,2,4
0,0,conv1,1,4,31,3,0,31,0,3,1,3,1,8,2,4
0,0,conv1,1,8,32,4,0,32,0,4,0,0,1,8,2,4
0,0,conv1,1,8,33,5,0,33,0,4,0,1,1,8,2,4
0,0,conv1,1,8,34,4,1,34,0,4,0,2,1,8,2,4
0,0,conv1,1,8,35,5,1,35,0,4,0,3,1,8,2,4
0,0,conv1,1,9,36,4,2,36,0,4,1,0,1,8,2,4
0,0,conv1,1,9,37,5,2,37,0,4,1,1,1,8,2,4
0,0,conv1,1,9,38,4,3,38,0,4,1,2,1,8,2,4
0,0,conv1,1,9,39,5,3,39,0,4,1,3,1,8,2,4
0,0,conv1,1,10,40,4,4,40,0,5,0,0,1,8,2,4
0,0,conv1,1,10,41,5,4,41,0,5,0,1,1,8,2,4
0,0,conv1,1,10,42,4,5,42,0,5,0,2,1,8,2,4
0,0,conv1,1,10,43,5,5,43,0,5,0,3,1,8,2,4
0,0,conv1,1,11,44,4,6,44,0,5,1,0,1,8,2,4
0,0,conv1,1,11,45,5,6,45,0,5,1,1,1,8,2,4
0,0,conv1,1,11,46,4,7,46,0,5,1,2,1,8,2,4
0,0,conv1,1,11,47,5,7,47,0,5,1,3,1,8,2,4
0,0,conv1,1,15,48,6,7,48,0,6,0,0,1,8,2,4
0,0,conv1,1,15,49,7,7,49,0,6,0,1,1,8,2,4
0,0,conv1,1,15,50,6,6,50,0,6,0,2,1,8,2,4
0,0,conv1,1,15,51,7,6,51,0,6,0,3,1,8,2,4
0,0,conv1,1,14,52,6,5,52,0,6,1,0,1,8,2,4
0,0,conv1,1,14,53,7,5,53,0,6,1,1,1,8,2,4
0,0,conv1,1,14,54,6,4,54,0,6,1,2,1,8,2,4
0,0,conv1,1,14,55,7,4,55,0,6,1,3,1,8,2,4
0,0,conv1,1,13,56,6,3,56,0,7,0,0,1,8,2,4
0,0,conv1,1,13,57,7,3,57,0,7,0,1,1,8,2,4
0,0,conv1,1,13,58,6,2,58,0,7,0,2,1,8,2,4
0,0,conv1,1,13,59,7,2,59,0,7,0,3,1,8,2,4
0,0,conv1,1,12,60,6,1,60,0,7,1,0,1,8,2,4
0,0,conv1,1,12,61,7,1,61,0,7,1,1,1,8,2,4
0,0,conv1,1,12,62,6,0,62,0,7,1,2,1,8,2,4
0,0,conv1,1,12,63,7,0,63,0,7,1,3,1,8,2,4
1,1,pool1,1,0,0,0,0,0,0,0,0,0,1,8,2,4
1,1,pool1,1,0,1,1,0,1,0,0,0,1,1,8,2,4
1,1,pool1,1,0,2,0,1,2,0,0,0,2,1,8,2,4
1,1,pool1,1,0,3,1,1,3,0,0,0,3,1,8,2,4
1,1,pool1,1,1,4,0,2,4,0,0,1,0,1,8,2,4
1,1,pool1,1,1,5,1,2,5,0,0,1,1,1,8,2,4
1,1,pool1,1,1,6,0,3,6,0,0,1,2,1,8,2,4
1,1,pool1,1,1,7,1,3,7,0,0,1,3,1,8,2,4
1,1,pool1,1,2,8,0,4,8,0,1,0,0,1,8,2,4
1,1,pool1,1,2,9,1,4,9,0,1,0,1,1,8,2,4
1,1,pool1,1,2,10,0,5,10,0,1,0,2,1,8,2,4
1,1,pool1,1,2,11,1,5,11,0,1,0,3,1,8,2,4
1,1,pool1,1,3,12,0,6,12,0,1,1,0,1,8,2,4
1,1,pool1,1,3,13,1,6,13,0,1,1,1,1,8,2,4
1,1,pool1,1,3,14,0,7,14,0,1,1,2,1,8,2,4
1,1,pool1,1,3,15,1,7,15,0,1,1,3,1,8,2,4
1,1,pool1,1,7,16,2,7,16,0,2,0,0,1,8,2,4
1,1,pool1,1,7,17,3,7,17,0,2,0,1,1,8,2,4
1,1,pool1,1,7,18,2,6,18,0,2,0,2,1,8,2,4
1,1,pool1,1,7,19,3,6,19,0,2,0,3,1,8,2,4
1,1,pool1,1,6,20,2,5,20,0,2,1,0,1,8,2,4
1,1,pool1,1,6,21,3,5,21,0,2,1,1,1,8,2,4
1,1,pool1,1,6,22,2,4,22,0,2,1,2,1,8,2,4
1,1,pool1,1,6,23,3,4,23,0,2,1,3,1,8,2,4
1,1,pool1,1,5,24,2,3,24,0,3,0,0,1,8,2,4
1,1,pool1,1,5,25,3,3,25,0,3,0,1,1,8,2,4
1,1,pool1,1,5,26,2,2,26,0,3,0,2,1,8,2,4
1,1,pool1,1,5,27,3,2,27,0,3,0,3,1,8,2,4
1,1,pool1,1,4,28,2,1,28,0,3,1,0,1,8,2,4
1,1,pool1,1,4,29,3,1,29,0,3,1,1,1,8,2,4
1,1,pool1,1,4,30,2,0,30,0,3,1,2,1,8,2,4
1,1,pool1,1,4,31,3,0,31,0,3,1,3,1,8,2,4
1,1,pool1,1,8,32,4,0,32,0,4,0,0,1,8,2,4
1,1,pool1,1,8,33,5,0,33,0,4,0,1,1,8,2,4
1,1,pool1,1,8,34,4,1,34,0,4,0,2,1,8,2,4
1,1,pool1,1,8,35,5,1,35,0,4,0,3,1,8,2,4
1,1,pool1,1,9,36,4,2,36,0,4,1,0,1,8,2,4
1,1,pool1,1,9,37,5,2,37,0,4,1,1,1,8,2,4
1,1,pool1,1,9,38,4,3,38,0,4,1,2,1,8,2,4
1,1,pool1,1,9,39,5,3,39,0,4,1,3,1,8,2,4
1,1,pool1,1,10,40,4,4,40,0,5,0,0,1,8,2,4
1,1,pool1,1,10,41,5,4,41,0,5,0,1,1,8,2,4
1,1,pool1,1,10,42,4,5,42,0,5,0,2,1,8,2,4
1,1,pool1,1,10,43,5,5,43,0,5,0,3,1,8,2,4
1,1,pool1,1,11,44,4,6,44,0,5,1,0,1,8,2,4
1,1,pool1,1,11,45,5,6,45,0,5,1,1,1,8,2,4
1,1,pool1,1,11,46,4,7,46,0,5,1,2,1,8,2,4
1,1,pool1,1,11,47,5,7,47,0,5,1,3,1,8,2,4
1,1,pool1,1,15,48,6,7,48,0,6,0,0,1,8,2,4
1,1,pool1,1,15,49,7,7,49,0,6,0,1,1,8,2,4
1,1,pool1,1,15,50,6,6,50,0,6,0,2,1,8,2,4
1,1,pool1,1,15,51,7,6,51,0,6,0,3,1,8,2,4
1,1,pool1,1,14,52,6,5,52,0,6,1,0,1,8,2,4
1,1,pool1,1,14,53,7,5,53,0,6,1,1,1,8,2,4
1,1,pool1,1,14,54,6,4,54,0,6,1,2,1,8,2,4
1,1,pool1,1,14,55,7,4,55,0,6,1,3,1,8,2,4
1,1,pool1,1,13,56,6,3,56,0,7,0,0,1,8,2,4
1,1,pool1,1,13,57,7,3,57,0,7,0,1,1,8,2,4
1,1,pool1,1,13,58,6,2,58,0,7,0,2,1,8,2,4
1,1,pool1,1,13,59,7,2,59,0,7,0,3,1,8,2,4
1,1,pool1,1,12,60,6,1,60,0,7,1,0,1,8,2,4
1,1,pool1,1,12,61,7,1,61,0,7,1,1,1,8,2,4
1,1,pool1,1,12,62,6,0,62,0,7,1,2,1,8,2,4
1,1,pool1,1,12,63,7,0,63,0,7,1,3,1,8,2,4
2,2,conv2_3x3_reduce,1,0,0,0,0,0,0,0,0,0,1,8,4,2
2,2,conv2_3x3_reduce,1,0,1,1,0,1,0,0,0,1,1,8,4,2
2,2,conv2_3x3_reduce,1,0,2,0,1,2,0,0,1,0,1,8,4,2
2,2,conv2_3x3_reduce,1,0,3,1,1,3,0,0,1,1,1,8,4,2
2,2,conv2_3x3_reduce,1,1,4,0,2,4,0,0,2,0,1,8,4,2
2,2,conv2_3x3_reduce,1,1,5,1,2,5,0,0,2,1,1,8,4,2
2,2,conv2_3x3_reduce,1,1,6,0,3,6,0,0,3,0,1,8,4,2
2,2,conv2_3x3_reduce,1,1,7,1,3,7,0,0,3,1,1,8,4,2
2,2,conv2_3x3_reduce,1,2,8,0,4,8,0,1,0,0,1,8,4,2
2,2,conv2_3x3_reduce,1,2,9,1,4,9,0,1,0,1,1,8,4,2
2,2,conv2_3x3_reduce,1,2,10,0,5,10,0,1,1,0,1,8,4,2
2,2,conv2_3x3_reduce,1,2,11,1,5,11,0,1,1,1,1,8,4,2
2,2,conv2_3x3_reduce,1,3,12,0,6,12,0,1,2,0,1,8,4,2
2,2,conv2_3x3_reduce,1,3,13,1,6,13,0,1,2,1,1,8,4,2
2,2,conv2_3x3_reduce,1,3,14,0,7,14,0,1,3,0,1,8,4,2
2,2,conv2_3x3_reduce,1,3,15,1,7,15,0,1,3,1,1,8,4,2
2,2,conv2_3x3_reduce,1,7,16,2,7,16,0,2,0,0,1,8,4,2
2,2,conv2_3x3_reduce,1,7,17,3,7,17,0,2,0,1,1,8,4,2
2,2,conv2_3x3_reduce,1,7,18,2,6,18,0,2,1,0,1,8,4,2
2,2,conv2_3x3_reduce,1,7,19,3,6,19,0,2,1,1,1,8,4,2
2,2,conv2_3x3_reduce,1,6,20,2,5,20,0,2,2,0,1,8,4,2
2,2,conv2_3x3_reduce,1,6,21,3,5,21,0,2,2,1,1,8,4,2
2,2,conv2_3x3_reduce,1,6,22,2,4,22,0,2,3,0,1,8,4,2
2,2,conv2_3x3_reduce,1,6,23,3,4,23,0,2,3,1,1,8,4,2
2,2,conv2_3x3_reduce,1,5,24,2,3,24,0,3,0,0,1,8,4,2
2,2,conv2_3x3_reduce,1,5,25,3,3,25,0,3,0,1,1,8,4,2
2,2,conv2_3x3_reduce,1,5,26,2,2,26,0,3,1,0,1,8,4,2
2,2,conv2_3x3_reduce,1,5,27,3,2,27,0,3,1,1,1,8,4,2
2,2,conv2_3x3_reduce,1,4,28,2,1,28,0,3,2,0,1,8,4,2
2,2,conv2_3x3_reduce,1,4,29,3,1,29,0,3,2,1,1,8,4,2
2,2,conv2_3x3_reduce,1,4,30,2,0,30,0,3,3,0,1,8,4,2
2,2,conv2_3x3_reduce,1,4,31,3,0,31,0,3,3,1,1,8,4,2
2,2,conv2_3x3_reduce,1,8,32,4,0,32,0,4,0,0,1,8,4,2
2,2,conv2_3x3_reduce,1,8,33,5,0,33,0,4,0,1,1,8,4,2
2,2,conv2_3x3_reduce,1,8,34,4,1,34,0,4,1,0,1,8,4,2
2,2,conv2_3x3_reduce,1,8,35,5,1,35,0,4,1,1,1,8,4,2
2,2,conv2_3x3_reduce,1,9,36,4,2,36,0,4,2,0,1,8,4,2
2,2,conv2_3x3_reduce,1,9,37,5,2,37,0,4,2,1,1,8,4,2
2,2,conv2_3x3_reduce,1,9,38,4,3,38,0,4,3,0,1,8,4,2
2,2,conv2_3x3_reduce,1,9,39,5,3,39,0,4,3,1,1,8,4,2
2,2,conv2_3x3_reduce,1,10,40,4,4,40,0,5,0,0,1,8,4,2
2,2,conv2_3x3_reduce,1,10,41,5,4,41,0,5,0,1,1,8,4,2
2,2,conv2_3x3_reduce,1,10,42,4,5,42,0,5,1,0,1,8,4,2
2,2,conv2_3x3_reduce,1,10,43,5,5,43,0,5,1,1,1,8,4,2
2,2,conv2_3x3_reduce,1,11,44,4,6,44,0,5,2,0,1,8,4,2
2,2,conv2_3x3_reduce,1,11,45,5,6,45,0,5,2,1,1,8,4,2
2,2,conv2_3x3_reduce,1,11,46,4,7,46,0,5,3,0,1,8,4,2
2,2,conv2_3x3_reduce,1,11,47,5,7,47,0,5,3,1,1,8,4,2
2,2,conv2_3x3_reduce,1,15,48,6,7,48,0,6,0,0,1,8,4,2
2,2,conv2_3x3_reduce,1,15,49,7,7,49,0,6,0,1,1,8,4,2
2,2,conv2_3x3_reduce,1,15,50,6,6,50,0,6,1,0,1,8,4,2
2,2,conv2_3x3_reduce,1,15,51,7,6,51,0,6,1,1,1,8,4,2
2,2,conv2_3x3_reduce,1,14,52,6,5,52,0,6,2,0,1,8,4,2
2,2,conv2_3x3_reduce,1,14,53,7,5,53,0,6,2,1,1,8,4,2
2,2,conv2_3x3_reduce,1,14,54,6,4,54,0,6,3,0,1,8,4,2
2,2,conv2_3x3_reduce,1,14,55,7,4,55,0,6,3,1,1,8,4,2
2,2,conv2_3x3_reduce,1,13,56,6,3,56,0,7,0,0,1,8,4,2
2,2,conv2_3x3_reduce,1,13,57,7,3,57,0,7,0,1,1,8,4,2
2,2,conv2_3x3_reduce,1,13,58,6,2,58,0,7,1,0,1,8,4,2
2,2,conv2_3x3_reduce,1,13,59,7,2,59,0,7,1,1,1,8,4,2
2,2,conv2_3x3_reduce,1,12,60,6,1,60,0,7,2,0,1,8,4,2
2,2,conv2_3x3_reduce,1,12,61,7,1,61,0,7,2,1,1,8,4,2
2,2,conv2_3x3_reduce,1,12,62,6,0,62,0,7,3,0,1,8,4,2
2,2,conv2_3x3_reduce,1,12,63,7,0,63,0,7,3,1,1,8,4,2
3,3,conv2_3x3,1,0,0,0,0,0,0,0,0,0,1,8,4,2
3,3,conv2_3x3,1,0,1,1,0,1,0,0,0,1,1,8,4,2
3,3,conv2_3x3,1,0,2,0,1,2,0,0,1,0,1,8,4,2
3,3,conv2_3x3,1,0,3,1,1,3,0,0,1,1,1,8,4,2
3,3,conv2_3x3,1,1,4,0,2,4,0,0,2,0,1,8,4,2
3,3,conv2_3x3,1,1,5,1,2,5,0,0,2,1,1,8,4,2
3,3,conv2_3x3,1,1,6,0,3,6,0,0,3,0,1,8,4,2
3,3,conv2_3x3,1,1,7,1,3,7,0,0,3,1,1,8,4,2
3,3,conv2_3x3,1,2,8,0,4,8,0,1,0,0,1,8,4,2
3,3,conv2_3x3,1,2,9,1,4,9,0,1,0,1,1,8,4,2
3,3,conv2_3x3,1,2,10,0,5,10,0,1,1,0,1,8,4,2
3,3,conv2_3x3,1,2,11,1,5,11,0,1,1,1,1,8,4,2
3,3,conv2_3x3,1,3,12,0,6,12,0,1,2,0,1,8,4,2
3,3,conv2_3x3,1,3,13,1,6,13,0,1,2,1,1,8,4,2
3,3,conv2_3x3,1,3,14,0,7,14,0,1,3,0,1,8,4,2
3,3,conv2_3x3,1,3,15,1,7,15,0,1,3,1,1,8,4,2
3,3,conv2_3x3,1,7,16,2,7,16,0,2,0,0,1,8,4,2
3,3,conv2_3x3,1,7,17,3,7,17,0,2,0,1,1,8,4,2
3,3,conv2_3x3,1,7,18,2,6,18,0,2,1,0,1,8,4,2
3,3,conv2_3x3,1,7,19,3,6,19,0,2,1,1,1,8,4,2
3,3,conv2_3x3,1,6,20,2,5,20,0,2,2,0,1,8,4,2
3,3,conv2_3x3,1,6,21,3,5,21,0,2,2,1,1,8,4,2
3,3,conv2_3x3,1,6,22,2,4,22,0,2,3,0,1,8,4,2
3,3,conv2_3x3,1,6,23,3,4,23,0,2,3,1,1,8,4,2
3,3,conv2_3x3,1,5,24,2,3,24,0,3,0,0,1,8,4,2
3,3,conv2_3x3,1,5,25,3,3,25,0,3,0,1,1,8,4,2
3,3,conv2_3x3,1,5,26,2,2,26,0,3,1,0,1,8,4,2
3,3,conv2_3x3,1,5,27,3,2,27,0,3,1,1,1,8,4,2
3,3,conv2_3x3,1,4,28,2,1,28,0,3,2,0,1,8,4,2
3,3,conv2_3x3,1,4,29,3,1,29,0,3,2,1,1,8,4,2
3,3,conv2_3x3,1,4,30,2,0,30,0,3,3,0,1,8,4,2
3,3,conv2_3x3,1,4,31,3,0,31,0,3,3,1,1,8,4,2
3,3,conv2_3x3,1,8,32,4,0,32,0,4,0,0,1,8,4,2
3,3,conv2_3x3,1,8,33,5,0,33,0,4,0,1,1,8,4,2
3,3,conv2_3x3,1,8,34,4,1,34,0,4,1,0,1,8,4,2
3,3,conv2_3x3,1,8,35,5,1,35,0,4,1,1,1,8,4,2
3,3,conv2_3x3,1,9,36,4,2,36,0,4,2,0,1,8,4,2
3,3,conv2_3x3,1,9,37,5,2,37,0,4,2,1,1,8,4,2
3,3,conv2_3x3,1,9,38,4,3,38,0,4,3,0,1,8,4,2
3,3,conv2_3x3,1,9,39,5,3,39,0,4,3,1,1,8,4,2
3,3,conv2_3x3,1,10,40,4,4,40,0,5,0,0,1,8,4,2
3,3,conv2_3x3,1,10,41,5,4,41,0,5,0,1,1,8,4,2
3,3,conv2_3x3,1,10,42,4,5,42,0,5,1,0,1,8,4,2
3,3,conv2_3x3,1,10,43,5,5,43,0,5,1,1,1,8,4,2
3,3,conv2_3x3,1,11,44,4,6,44,0,5,2,0,1,8,4,2
3,3,conv2_3x3,1,11,45,5,6,45,0,5,2,1,1,8,4,2
3,3,conv2_3x3,1,11,46,4,7,46,0,5,3,0,1,8,4,2
3,3,conv2_3x3,1,11,47,5,7,47,0,5,3,1,1,8,4,2
3,3,conv2_3x3,1,15,48,6,7,48,0,6,0,0,1,8,4,2
3,3,conv2_3x3,1,15,49,7,7,49,0,6,0,1,1,8,4,2
3,3,conv2_3x3,1,15,50,6,6,50,0,6,1,0,1,8,4,2
3,3,conv2_3x3,1,15,51,7,6,51,0,6,1,1,1,8,4,2
3,3,conv2_3x3,1,14,52,6,5,52,0,6,2,0,1,8,4,2
3,3,conv2_3x3,1,14,53,7,5,53,0,6,2,1,1,8,4,2
3,3,conv2_3x3,1,14,54,6,4,54,0,6,3,0,1,8,4,2
3,3,conv2_3x3,1,14,55,7,4,55,0,6,3,1,1,8,4,2
3,3,conv2_3x3,1,13,56,6,3,56,0,7,0,0,1,8,4,2
3,3,conv2_3x3,1,13,57,7,3,57,0,7,0,1,1,8,4,2
3,3,conv2_3x3,1,13,58,6,2,58,0,7,1,0,1,8,4,2
3,3,conv2_3x3,1,13,59,7,2,59,0,7,1,1,1,8,4,2
3,3,conv2_3x3,1,12,60,6,1,60,0,7,2,0,1,8,4,2
3,3,conv2_3x3,1,12,61,7,1,61,0,7,2,1,1,8,4,2
3,3,conv2_3x3,1,12,62,6,0,62,0,7,3,0,1,8,4,2
3,3,conv2_3x3,1,12,63,7,0,63,0,7,3,1,1,8,4,2
4,4,pool2,2,0,0,0,0,0,0,0,0,0,2,4,2,4
4,4,pool2,2,0,1,1,0,1,0,0,0,1,2,4,2,4
4,4,pool2,2,0,2,0,1,2,0,0,0,2,2,4,2,4
4,4,pool2,2,0,3,1,1,3,0,0,0,3,2,4,2,4
4,4,pool2,2,1,4,0,2,4,0,0,1,0,2,4,2,4
4,4,pool2,2,1,5,1,2,5,0,0,1,1,2,4,2,4
4,4,pool2,2,1,6,0,3,6,0,0,1,2,2,4,2,4
4,4,pool2,2,1,7,1,3,7,0,0,1,3,2,4,2,4
4,4,pool2,2,2,8,0,4,32,1,0,0,0,2,4,2,4
4,4,pool2,2,2,9,1,4,33,1,0,0,1,2,4,2,4
4,4,pool2,2,2,10,0,5,34,1,0,0,2,2,4,2,4
4,4,pool2,2,2,11,1,5,35,1,0,0,3,2,4,2,4
4,4,pool2,2,3,12,0,6,36,1,0,1,0,2,4,2,4
4,4,pool2,2,3,13,1,6,37,1,0,1,1,2,4,2,4
4,4,pool2,2,3,14,0,7,38,1,0,1,2,2,4,2,4
4,4,pool2,2,3,15,1,7,39,1,0,1,3,2,4,2,4
4,4,pool2,2,7,16,2,7,8,0,1,0,0,2,4,2,4
4,4,pool2,2,7,17,3,7,9,0,1,0,1,2,4,2,4
4,4,pool2,2,7,18,2,6,10,0,1,0,2,2,4,2,4
4,4,pool2,2,7,19,3,6,11,0,1,0,3,2,4,2,4
4,4,pool2,2,6,20,2,5,12,0,1,1,0,2,4,2,4
4,4,pool2,2,6,21,3,5,13,0,1,1,1,2,4,2,4
4,4,pool2,2,6,22,2,4,14,0,1,1,2,2,4,2,4
4,4,pool2,2,6,23,3,4,15,0,1,1,3,2,4,2,4
4,4,pool2,2,5,24,2,3,40,1,1,0,0,2,4,2,4
4,4,pool2,2,5,25,3,3,41,1,1,0,1,2,4,2,4
4,4,pool2,2,5,26,2,2,42,1,1,0,2,2,4,2,4
4,4,pool2,2,5,27,3,2,43,1,1,0,3,2,4,2,4
4,4,pool2,2,4,28,2,1,44,1,1,1,0,2,4,2,4
4,4,pool2,2,4,29,3,1,45,1,1,1,1,2,4,2,4
4,4,pool2,2,4,30,2,0,46,1,1,1,2,2,4,2,4
4,4,pool2,2,4,31,3,0,47,1,1,1,3,2,4,2,4
4,4,pool2,2,8,32,4,0,16,0,2,0,0,2,4,2,4
4,4,pool2,2,8,33,5,0,17,0,2,0,1,2,4,2,4
4,4,pool2,2,8,34,4,1,18,0,2,0,2,2,4,2,4
4,4,pool2,2,8,35,5,1,19,0,2,0,3,2,4,2,4
4,4,pool2,2,9,36,4,2,20,0,2,1,0,2,4,2,4
4,4,pool2,2,9,37,5,2,21,0,2,1,1,2,4,2,4
4,4,pool2,2,9,38,4,3,22,0,2,1,2,2,4,2,4
4,4,pool2,2,9,39,5,3,23,0,2,1,3,2,4,2,4
4,4,pool2,2,10,40,4,4,48,1,2,0,0,2,4,2,4
4,4,pool2,2,10,41,5,4,49,1,2,0,1,2,4,2,4
4,4,pool2,2,10,42,4,5,50,1,2,0,2,2,4,2,4
4,4,pool2,2,10,43,5,5,51,1,2,0,3,2,4,2,4
4,4,pool2,2,11,44,4,6,52,1,2,1,0,2,4,2,4
4,4,pool2,2,11,45,5,6,53,1,2,1,1,2,4,2,4
4,4,pool2,2,11,46,4,7,54,1,2,1,2,2,4,2,4
4,4,pool2,2,11,47,5,7,55,1,2,1,3,2,4,2,4
4,4,pool2,2,15,48,6,7,24,0,3,0,0,2,4,2,4
4,4,pool2,2,15,49,7,7,25,0,3,0,1,2,4,2,4
4,4,pool2,2,15,50,6,6,26,0,3,0,2,2,4,2,4
4,4,pool2,2,15,51,7,6,27,0,3,0,3,2,4,2,4
4,4,pool2,2,14,52,6,5,28,0,3,1,0,2,4,2,4
4,4,pool2,2,14,53,7,5,29,0,3,1,1,2,4,2,4
4,4,pool2,2,14,54,6,4,30,0,3,1,2,2,4,2,4
4,4,pool2,2,14,55,7,4,31,0,3,1,3,2,4,2,4
4,4,pool2,2,13,56,6,3,56,1,3,0,0,2,4,2,4
4,4,pool2,2,13,57,7,3,57,1,3,0,1,2,4,2,4
4,4,pool2,2,13,58,6,2,58,1,3,0,2,2,4,2,4
4,4,pool2,2,13,59,7,2,59,1,3,0,3,2,4,2,4
4,4,pool2,2,12,60,6,1,60,1,3,1,0,2,4,2,4
4,4,pool2,2,12,61,7,1,61,1,3,1,1,2,4,2,4
4,4,pool2,2,12,62,6,0,62,1,3,1,2,2,4,2,4
4,4,pool2,2,12,63,7,0,63,1,3,1,3,2,4,2,4
5,5,inception_3a_1x1,2,0,0,0,0,0,0,0,0,0,2,2,4,4
5,5,inception_3a_1x1,2,0,1,1,0,1,0,0,0,1,2,2,4,4
5,5,inception_3a_1x1,2,0,2,0,1,2,0,0,0,2,2,2,4,4
5,5,inception_3a_1x1,2,0,3,1,1,3,0,0,0,3,2,2,4,4
5,5,inception_3a_1x1,2,1,4,0,2,4,0,0,1,0,2,2,4,4
5,5,inception_3a_1x1,2,1,5,1,2,5,0,0,1,1,2,2,4,4
5,5,inception_3a_1x1,2,1,6,0,3,6,0,0,1,2,2,2,4,4
5,5,inception_3a_1x1,2,1,7,1,3,7,0,0,1,3,2,2,4,4
5,5,inception_3a_1x1,2,2,8,0,4,8,0,0,2,0,2,2,4,4
5,5,inception_3a_1x1,2,2,9,1,4,9,0,0,2,1,2,2,4,4
5,5,inception_3a_1x1,2,2,10,0,5,10,0,0,2,2,2,2,4,4
5,5,inception_3a_1x1,2,2,11,1,5,11,0,0,2,3,2,2,4,4
5,5,inception_3a_1x1,2,3,12,0,6,12,0,0,3,0,2,2,4,4
5,5,inception_3a_1x1,2,3,13,1,6,13,0,0,3,1,2,2,4,4
5,5,inception_3a_1x1,2,3,14,0,7,14,0,0,3,2,2,2,4,4
5,5,inception_3a_1x1,2,3,15,1,7,15,0,0,3,3,2,2,4,4
5,5,inception_3a_1x1,2,7,16,2,7,32,1,0,0,0,2,2,4,4
5,5,inception_3a_1x1,2,7,17,3,7,33,1,0,0,1,2,2,4,4
5,5,inception_3a_1x1,2,7,18,2,6,34,1,0,0,2,2,2,4,4
5,5,inception_3a_1x1,2,7,19,3,6,35,1,0,0,3,2,2,4,4
5,5,inception_3a_1x1,2,6,20,2,5,36,1,0,1,0,2,2,4,4
5,5,inception_3a_1x1,2,6,21,3,5,37,1,0,1,1,2,2,4,4
5,5,inception_3a_1x1,2,6,22,2,4,38,1,0,1,2,2,2,4,4
5,5,inception_3a_1x1,2,6,23,3,4,39,1,0,1,3,2,2,4,4
5,5,inception_3a_1x1,2,5,24,2,3,40,1,0,2,0,2,2,4,4
5,5,inception_3a_1x1,2,5,25,3,3,41,1,0,2,1,2,2,4,4
5,5,inception_3a_1x1,2,5,26,2,2,42,1,0,2,2,2,2,4,4
5,5,inception_3a_1x1,2,5,27,3,2,43,1,0,2,3,2,2,4,4
5,5,inception_3a_1x1,2,4,28,2,1,44,1,0,3,0,2,2,4,4
5,5,inception_3a_1x1,2,4,29,3,1,45,1,0,3,1,2,2,4,4
5,5,inception_3a_1x1,2,4,30,2,0,46,1,0,3,2,2,2,4,4
5,5,inception_3a_1x1,2,4,31,3,0,47,1,0,3,3,2,2,4,4
5,5,inception_3a_1x1,2,8,32,4,0,16,0,1,0,0,2,2,4,4
5,5,inception_3a_1x1,2,8,33,5,0,17,0,1,0,1,2,2,4,4
5,5,inception_3a_1x1,2,8,34,4,1,18,0,1,0,2,2,2,4,4
5,5,inception_3a_1x1,2,8,35,5,1,19,0,1,0,3,2,2,4,4
5,5,inception_3a_1x1,2,9,36,4,2,20,0,1,1,0,2,2,4,4
5,5,inception_3a_1x1,2,9,37,5,2,21,0,1,1,1,2,2,4,4
5,5,inception_3a_1x1,2,9,38,4,3,22,0,1,1,2,2,2,4,4
5,5,inception_3a_1x1,2,9,39,5,3,23,0,1,1,3,2,2,4,4
5,5,inception_3a_1x1,2,10,40,4,4,24,0,1,2,0,2,2,4,4
5,5,inception_3a_1x1,2,10,41,5,4,25,0,1,2,1,2,2,4,4
5,5,inception_3a_1x1,2,10,42,4,5,26,0,1,2,2,2,2,4,4
5,5,inception_3a_1x1,2,10,43,5,5,27,0,1,2,3,2,2,4,4
5,5,inception_3a_1x1,2,11,44,4,6,28,0,1,3,0,2,2,4,4
5,5,inception_3a_1x1,2,11,45,5,6,29,0,1,3,1,2,2,4,4
5,5,inception_3a_1x1,2,11,46,4,7,30,0,1,3,2,2,2,4,4
5,5,inception_3a_1x1,2,11,47,5,7,31,0,1,3,3,2,2,4,4
5,5,inception_3a_1x1,2,15,48,6,7,48,1,1,0,0,2,2,4,4
5,5,inception_3a_1x1,2,15,49,7,7,49,1,1,0,1,2,2,4,4
5,5,inception_3a_1x1,2,15,50,6,6,50,1,1,0,2,2,2,4,4
5,5,inception_3a_1x1,2,15,51,7,6,51,1,1,0,3,2,2,4,4
5,5,inception_3a_1x1,2,14,52,6,5,52,1,1,1,0,2,2,4,4
5,5,inception_3a_1x1,2,14,53,7,5,53,1,1,1,1,2,2,4,4
5,5,inception_3a_1x1,2,14,54,6,4,54,1,1,1,2,2,2,4,4
5,5,inception_3a_1x1,2,14,55,7,4,55,1,1,1,3,2,2,4,4
5,5,inception_3a_1x1,2,13,56,6,3,56,1,1,2,0,2,2,4,4
5,5,inception_3a_1x1,2,13,57,7,3,57,1,1,2,1,2,2,4,4
5,5,inception_3a_1x1,2,13,58,6,2,58,1,1,2,2,2,2,4,4
5,5,inception_3a_1x1,2,13,59,7,2,59,1,1,2,3,2,2,4,4
5,5,inception_3a_1x1,2,12,60,6,1,60,1,1,3,0,2,2,4,4
5,5,inception_3a_1x1,2,12,61,7,1,61,1,1,3,1,2,2,4,4
5,5,inception_3a_1x1,2,12,62,6,0,62,1,1,3,2,2,2,4,4
5,5,inception_3a_1x1,2,12,63,7,0,63,1,1,3,3,2,2,4,4
6,6,inception_3a_3x3_reduce,1,0,0,0,0,0,0,0,0,0,1,4,4,4
6,6,inception_3a_3x3_reduce,1,0,1,1,0,1,0,0,0,1,1,4,4,4
6,6,inception_3a_3x3_reduce,1,0,2,0,1,2,0,0,0,2,1,4,4,4
6,6,inception_3a_3x3_reduce,1,0,3,1,1,3,0,0,0,3,1,4,4,4
6,6,inception_3a_3x3_reduce,1,1,4,0,2,4,0,0,1,0,1,4,4,4
6,6,inception_3a_3x3_reduce,1,1,5,1,2,5,0,0,1,1,1,4,4,4
6,6,inception_3a_3x3_reduce,1,1,6,0,3,6,0,0,1,2,1,4,4,4
6,6,inception_3a_3x3_reduce,1,1,7,1,3,7,0,0,1,3,1,4,4,4
6,6,inception_3a_3x3_reduce,1,2,8,0,4,8,0,0,2,0,1,4,4,4
6,6,inception_3a_3x3_reduce,1,2,9,1,4,9,0,0,2,1,1,4,4,4
6,6,inception_3a_3x3_reduce,1,2,10,0,5,10,0,0,2,2,1,4,4,4
6,6,inception_3a_3x3_reduce,1,2,11,1,5,11,0,0,2,3,1,4,4,4
6,6,inception_3a_3x3_reduce,1,3,12,0,6,12,0,0,3,0,1,4,4,4
6,6,inception_3a_3x3_reduce,1,3,13,1,6,13,0,0,3,1,1,4,4,4
6,6,inception_3a_3x3_reduce,1,3,14,0,7,14,0,0,3,2,1,4,4,4
6,6,inception_3a_3x3_reduce,1,3,15,1,7,15,0,0,3,3,1,4,4,4
6,6,inception_3a_3x3_reduce,1,7,16,2,7,16,0,1,0,0,1,4,4,4
6,6,inception_3a_3x3_reduce,1,7,17,3,7,17,0,1,0,1,1,4,4,4
6,6,inception_3a_3x3_reduce,1,7,18,2,6,18,0,1,0,2,1,4,4,4
6,6,inception_3a_3x3_reduce,1,7,19,3,6,19,0,1,0,3,1,4,4,4
6,6,inception_3a_3x3_reduce,1,6,20,2,5,20,0,1,1,0,1,4,4,4
6,6,inception_3a_3x3_reduce,1,6,21,3,5,21,0,1,1,1,1,4,4,4
6,6,inception_3a_3x3_reduce,1,6,22,2,4,22,0,1,1,2,1,4,4,4
6,6,inception_3a_3x3_reduce,1,6,23,3,4,23,0,1,1,3,1,4,4,4
6,6,inception_3a_3x3_reduce,1,5,24,2,3,24,0,1,2,0,1,4,4,4
6,6,inception_3a_3x3_reduce,1,5,25,3,3,25,0,1,2,1,1,4,4,4
6,6,inception_3a_3x3_reduce,1,5,26,2,2,26,0,1,2,2,1,4,4,4
6,6,inception_3a_3x3_reduce,1,5,27,3,2,27,0,1,2,3,1,4,4,4
6,6,inception_3a_3x3_reduce,1,4,28,2,1,28,0,1,3,0,1,4,4,4
6,6,inception_3a_3x3_reduce,1,4,29,3,1,29,0,1,3,1,1,4,4,4
6,6,inception_3a_3x3_reduce,1,4,30,2,0,30,0,1,3,2,1,4,4,4
6,6,inception_3a_3x3_reduce,1,4,31,3,0,31,0,1,3,3,1,4,4,4
6,6,inception_3a_3x3_reduce,1,8,32,4,0,32,0,2,0,0,1,4,4,4
6,6,inception_3a_3x3_reduce,1,8,33,5,0,33,0,2,0,1,1,4,4,4
6,6,inception_3a_3x3_reduce,1,8,34,4,1,34,0,2,0,2,1,4,4,4
6,6,inception_3a_3x3_reduce,1,8,35,5,1,35,0,2,0,3,1,4,4,4
6,6,inception_3a_3x3_reduce,1,9,36,4,2,36,0,2,1,0,1,4,4,4
6,6,inception_3a_3x3_reduce,1,9,37,5,2,37,0,2,1,1,1,4,4,4
6,6,inception_3a_3x3_reduce,1,9,38,4,3,38,0,2,1,2,1,4,4,4
6,6,inception_3a_3x3_reduce,1,9,39,5,3,39,0,2,1,3,1,4,4,4
6,6,inception_3a_3x3_reduce,1,10,40,4,4,40,0,2,2,0,1,4,4,4
6,6,inception_3a_3x3_reduce,1,10,41,5,4,41,0,2,2,1,1,4,4,4
6,6,inception_3a_3x3_reduce,1,10,42,4,5,42,0,2,2,2,1,4,4,4
6,6,inception_3a_3x3_reduce,1,10,43,5,5,43,0,2,2,3,1,4,4,4
6,6,inception_3a_3x3_reduce,1,11,44,4,6,44,0,2,3,0,1,4,4,4
6,6,inception_3a_3x3_reduce,1,11,45,5,6,45,0,2,3,1,1,4,4,4
6,6,inception_3a_3x3_reduce,1,11,46,4,7,46,0,2,3,2,1,4,4,4
6,6,inception_3a_3x3_reduce,1,11,47,5,7,47,0,2,3,3,1,4,4,4
6,6,inception_3a_3x3_reduce,1,15,48,6,7,48,0,3,0,0,1,4,4,4
6,6,inception_3a_3x3_reduce,1,15,49,7,7,49,0,3,0,1,1,4,4,4
6,6,inception_3a_3x3_reduce,1,15,50,6,6,50,0,3,0,2,1,4,4,4
6,6,inception_3a_3x3_reduce,1,15,51,7,6,51,0,3,0,3,1,4,4,4
6,6,inception_3a_3x3_reduce,1,14,52,6,5,52,0,3,1,0,1,4,4,4
6,6,inception_3a_3x3_reduce,1,14,53,7,5,53,0,3,1,1,1,4,4,4
6,6,inception_3a_3x3_reduce,1,14,54,6,4,54,0,3,1,2,1,4,4,4
6,6,inception_3a_3x3_reduce,1,14,55,7,4,55,0,3,1,3,1,4,4,4
6,6,inception_3a_3x3_reduce,1,13,56,6,3,56,0,3,2,0,1,4,4,4
6,6,inception_3a_3x3_reduce,1,13,57,7,3,57,0,3,2,1,1,4,4,4
6,6,inception_3a_3x3_reduce,1,13,58,6,2,58,0,3,2,2,1,4,4,4
6,6,inception_3a_3x3_reduce,1,13,59,7,2,59,0,3,2,3,1,4,4,4
6,6,inception_3a_3x3_reduce,1,12,60,6,1,60,0,3,3,0,1,4,4,4
6,6,inception_3a_3x3_reduce,1,12,61,7,1,61,0,3,3,1,1,4,4,4
6,6,inception_3a_3x3_reduce,1,12,62,6,0,62,0,3,3,2,1,4,4,4
6,6,inception_3a_3x3_reduce,1,12,63,7,0,63,0,3,3,3,1,4,4,4
7,7,inception_3a_3x3,1,0,0,0,0,0,0,0,0,0,1,4,4,4
7,7,inception_3a_3x3,1,0,1,1,0,1,0,0,0,1,1,4,4,4
7,7,inception_3a_3x3,1,0,2,0,1,2,0,0,0,2,1,4,4,4
7,7,inception_3a_3x3,1,0,3,1,1,3,0,0,0,3,1,4,4,4
7,7,inception_3a_3x3,1,1,4,0,2,4,0,0,1,0,1,4,4,4
7,7,inception_3a_3x3,1,1,5,1,2,5,0,0,1,1,1,4,4,4
7,7,inception_3a_3x3,1,1,6,0,3,6,0,0,1,2,1,4,4,4
7,7,inception_3a_3x3,1,1,7,1,3,7,0,0,1,3,1,4,4,4
7,7,inception_3a_3x3,1,2,8,0,4,8,0,0,2,0,1,4,4,4
7,7,inception_3a_3x3,1,2,9,1,4,9,0,0,2,1,1,4,4,4
7,7,inception_3a_3x3,1,2,10,0,5,10,0,0,2,2,1,4,4,4
7,7,inception_3a_3x3,1,2,11,1,5,11,0,0,2,3,1,4,4,4
7,7,inception_3a_3x3,1,3,12,0,6,12,0,0,3,0,1,4,4,4
7,7,inception_3a_3x3,1,3,13,1,6,13,0,0,3,1,1,4,4,4
7,7,inception_3a_3x3,1,3,14,0,7,14,0,0,3,2,1,4,4,4
7,7,inception_3a_3x3,1,3,15,1,7,15,0,0,3,3,1,4,4,4
7,7,inception_3a_3x3,1,7,16,2,7,16,0,1,0,0,1,4,4,4
7,7,inception_3a_3x3,1,7,17,3,7,17,0,1,0,1,1,4,4,4
7,7,inception_3a_3x3,1,7,18,2,6,18,0,1,0,2,1,4,4,4
7,7,inception_3a_3x3,1,7,19,3,6,19,0,1,0,3,1,4,4,4
7,7,inception_3a_3x3,1,6,20,2,5,20,0,1,1,0,1,4,4,4
7,7,inception_3a_3x3,1,6,21,3,5,21,0,1,1,1,1,4,4,4
7,7,inception_3a_3x3,1,6,22,2,4,22,0,1,1,2,1,4,4,4
7,7,inception_3a_3x3,1,6,23,3,4,23,0,1,1,3,1,4,4,4
7,7,inception_3a_3x3,1,5,24,2,3,24,0,1,2,0,1,4,4,4
7,7,inception_3a_3x3,1,5,25,3,3,25,0,1,2,1,1,4,4,4
7,7,inception_3a_3x3,1,5,26,2,2,26,0,1,2,2,1,4,4,4
7,7,inception_3a_3x3,1,5,27,3,2,27,0,1,2,3,1,4,4,4
7,7,inception_3a_3x3,1,4,28,2,1,28,0,1,3,0,1,4,4,4
7,7,inception_3a_3x3,1,4,29,3,1,29,0,1,3,1,1,4,4,4
7,7,inception_3a_3x3,1,4,30,2,0,30,0,1,3,2,1,4,4,4
7,7,inception_3a_3x3,1,4,31,3,0,31,0,1,3,3,1,4,4,4
7,7,inception_3a_3x3,1,8,32,4,0,32,0,2,0,0,1,4,4,4
7,7,inception_3a_3x3,1,8,33,5,0,33,0,2,0,1,1,4,4,4
7,7,inception_3a_3x3,1,8,34,4,1,34,0,2,0,2,1,4,4,4
7,7,inception_3a_3x3,1,8,35,5,1,35,0,2,0,3,1,4,4,4
7,7,inception_3a_3x3,1,9,36,4,2,36,0,2,1,0,1,4,4,4
7,7,inception_3a_3x3,1,9,37,5,2,37,0,2,1,1,1,4,4,4
7,7,inception_3a_3x3,1,9,38,4,3,38,0,2,1,2,1,4,4,4
7,7,inception_3a_3x3,1,9,39,5,3,39,0,2,1,3,1,4,4,4
7,7,inception_3a_3x3,1,10,40,4,4,40,0,2,2,0,1,4,4,4
7,7,inception_3a_3x3,1,10,41,5,4,41,0,2,2,1,1,4,4,4
7,7,inception_3a_3x3,1,10,42,4,5,42,0,2,2,2,1,4,4,4
7,7,inception_3a_3x3,1,10,43,5,5,43,0,2,2,3,1,4,4,4
7,7,inception_3a_3x3,1,11,44,4,6,44,0,2,3,0,1,4,4,4
7,7,inception_3a_3x3,1,11,45,5,6,45,0,2,3,1,1,4,4,4
7,7,inception_3a_3x3,1,11,46,4,7,46,0,2,3,2,1,4,4,4
7,7,inception_3a_3x3,1,11,47,5,7,47,0,2,3,3,1,4,4,4
7,7,inception_3a_3x3,1,15,48,6,7,48,0,3,0,0,1,4,4,4
7,7,inception_3a_3x3,1,15,49,7,7,49,0,3,0,1,1,4,4,4
7,7,inception_3a_3x3,1,15,50,6,6,50,0,3,0,2,1,4,4,4
7,7,inception_3a_3x3,1,15,51,7,6,51,0,3,0,3,1,4,4,4
7,7,inception_3a_3x3,1,14,52,6,5,52,0,3,1,0,1,4,4,4
7,7,inception_3a_3x3,1,14,53,7,5,53,0,3,1,1,1,4,4,4
7,7,inception_3a_3x3,1,14,54,6,4,54,0,3,1,2,1,4,4,4
7,7,inception_3a_3x3,1,14,55,7,4,55,0,3,1,3,1,4,4,4
7,7,inception_3a_3x3,1,13,56,6,3,56,0,3,2,0,1,4,4,4
7,7,inception_3a_3x3,1,13,57,7,3,57,0,3,2,1,1,4,4,4
7,7,inception_3a_3x3,1,13,58,6,2,58,0,3,2,2,1,4,4,4
7,7,inception_3a_3x3,1,13,59,7,2,59,0,3,2,3,1,4,4,4
7,7,inception_3a_3x3,1,12,60,6,1,60,0,3,3,0,1,4,4,4
7,7,inception_3a_3x3,1,12,61,7,1,61,0,3,3,1,1,4,4,4
7,7,inception_3a_3x3,1,12,62,6,0,62,0,3,3,2,1,4,4,4
7,7,inception_3a_3x3,1,12,63,7,0,63,0,3,3,3,1,4,4,4
8,8,inception_3a_5x5_reduce,1,0,0,0,0,0,0,0,0,0,1,2,4,8
8,8,inception_3a_5x5_reduce,1,0,1,1,0,1,0,0,0,1,1,2,4,8
8,8,inception_3a_5x5_reduce,1,0,2,0,1,2,0,0,0,2,1,2,4,8
8,8,inception_3a_5x5_reduce,1,0,3,1,1,3,0,0,0,3,1,2,4,8
8,8,inception_3a_5x5_reduce,1,1,4,0,2,4,0,0,0,4,1,2,4,8
8,8,inception_3a_5x5_reduce,1,1,5,1,2,5,0,0,0,5,1,2,4,8
8,8,inception_3a_5x5_reduce,1,1,6,0,3,6,0,0,0,6,1,2,4,8
8,8,inception_3a_5x5_reduce,1,1,7,1,3,7,0,0,0,7,1,2,4,8
8,8,inception_3a_5x5_reduce,1,2,8,0,4,8,0,0,1,0,1,2,4,8
8,8,inception_3a_5x5_reduce,1,2,9,1,4,9,0,0,1,1,1,2,4,8
8,8,inception_3a_5x5_reduce,1,2,10,0,5,10,0,0,1,2,1,2,4,8
8,8,inception_3a_5x5_reduce,1,2,11,1,5,11,0,0,1,3,1,2,4,8
8,8,inception_3a_5x5_reduce,1,3,12,0,6,12,0,0,1,4,1,2,4,8
8,8,inception_3a_5x5_reduce,1,3,13,1,6,13,0,0,1,5,1,2,4,8
8,8,inception_3a_5x5_reduce,1,3,14,0,7,14,0,0,1,6,1,2,4,8
8,8,inception_3a_5x5_reduce,1,3,15,1,7,15,0,0,1,7,1,2,4,8
8,8,inception_3a_5x5_reduce,1,7,16,2,7,16,0,0,2,0,1,2,4,8
8,8,inception_3a_5x5_reduce,1,7,17,3,7,17,0,0,2,1,1,2,4,8
8,8,inception_3a_5x5_reduce,1,7,18,2,6,18,0,0,2,2,1,2,4,8
8,8,inception_3a_5x5_reduce,1,7,19,3,6,19,0,0,2,3,1,2,4,8
8,8,inception_3a_5x5_reduce,1,6,20,2,5,20,0,0,2,4,1,2,4,8
8,8,inception_3a_5x5_reduce,1,6,21,3,5,21,0,0,2,5,1,2,4,8
8,8,inception_3a_5x5_reduce,1,6,22,2,4,22,0,0,2,6,1,2,4,8
8,8,inception_3a_5x5_reduce,1,6,23,3,4,23,0,0,2,7,1,2,4,8
8,8,inception_3a_5x5_reduce,1,5,24,2,3,24,0,0,3,0,1,2,4,8
8,8,inception_3a_5x5_reduce,1,5,25,3,3,25,0,0,3,1,1,2,4,8
8,8,inception_3a_5x5_reduce,1,5,26,2,2,26,0,0,3,2,1,2,4,8
8,8,inception_3a_5x5_reduce,1,5,27,3,2,27,0,0,3,3,1,2,4,8
8,8,inception_3a_5x5_reduce,1,4,28,2,1,28,0,0,3,4,1,2,4,8
8,8,inception_3a_5x5_reduce,1,4,29,3,1,29,0,0,3,5,1,2,4,8
8,8,inception_3a_5x5_reduce,1,4,30,2,0,30,0,0,3,6,1,2,4,8
8,8,inception_3a_5x5_reduce,1,4,31,3,0,31,0,0,3,7,1,2,4,8
8,8,inception_3a_5x5_reduce,1,8,32,4,0,32,0,1,0,0,1,2,4,8
8,8,inception_3a_5x5_reduce,1,8,33,5,0,33,0,1,0,1,1,2,4,8
8,8,inception_3a_5x5_reduce,1,8,34,4,1,34,0,1,0,2,1,2,4,8
8,8,inception_3a_5x5_reduce,1,8,35,5,1,35,0,1,0,3,1,2,4,8
8,8,inception_3a_5x5_reduce,1,9,36,4,2,36,0,1,0,4,1,2,4,8
8,8,inception_3a_5x5_reduce,1,9,37,5,2,37,0,1,0,5,1,2,4,8
8,8,inception_3a_5x5_reduce,1,9,38,4,3,38,0,1,0,6,1,2,4,8
8,8,inception_3a_5x5_reduce,1,9,39,5,3,39,0,1,0,7,1,2,4,8
8,8,inception_3a_5x5_reduce,1,10,40,4,4,40,0,1,1,0,1,2,4,8
8,8,inception_3a_5x5_reduce,1,10,41,5,4,41,0,1,1,1,1,2,4,8
8,8,inception_3a_5x5_reduce,1,10,42,4,5,42,0,1,1,2,1,2,4,8
8,8,inception_3a_5x5_reduce,1,10,43,5,5,43,0,1,1,3,1,2,4,8
8,8,inception_3a_5x5_reduce,1,11,44,4,6,44,0,1,1,4,1,2,4,8
8,8,inception_3a_5x5_reduce,1,11,45,5,6,45,0,1,1,5,1,2,4,8
8,8,inception_3a_5x5_reduce,1,11,46,4,7,46,0,1,1,6,1,2,4,8
8,8,inception_3a_5x5_reduce,1,11,47,5,7,47,0,1,1,7,1,2,4,8
8,8,inception_3a_5x5_reduce,1,15,48,6,7,48,0,1,2,0,1,2,4,8
8,8,inception_3a_5x5_reduce,1,15,49,7,7,49,0,1,2,1,1,2,4,8
8,8,inception_3a_5x5_reduce,1,15,50,6,6,50,0,1,2,2,1,2,4,8
8,8,inception_3a_5x5_reduce,1,15,51,7,6,51,0,1,2,3,1,2,4,8
8,8,inception_3a_5x5_reduce,1,14,52,6,5,52,0,1,2,4,1,2,4,8
8,8,inception_3a_5x5_reduce,1,14,53,7,5,53,0,1,2,5,1,2,4,8
8,8,inception_3a_5x5_reduce,1,14,54,6,4,54,0,1,2,6,1,2,4,8
8,8,inception_3a_5x5_reduce,1,14,55,7,4,55,0,1,2,7,1,2,4,8
8,8,inception_3a_5x5_reduce,1,13,56,6,3,56,0,1,3,0,1,2,4,8
8,8,inception_3a_5x5_reduce,1,13,57,7,3,57,0,1,3,1,1,2,4,8
8,8,inception_3a_5x5_reduce,1,13,58,6,2,58,0,1,3,2,1,2,4,8
8,8,inception_3a_5x5_reduce,1,13,59,7,2,59,0,1,3,3,1,2,4,8
8,8,inception_3a_5x5_reduce,1,12,60,6,1,60,0,1,3,4,1,2,4,8
8,8,inception_3a_5x5_reduce,1,12,61,7,1,61,0,1,3,5,1,2,4,8
8,8,inception_3a_5x5_reduce,1,12,62,6,0,62,0,1,3,6,1,2,4,8
8,8,inception_3a_5x5_reduce,1,12,63,7,0,63,0,1,3,7,1,2,4,8
9,9,inception_3a_5x5,1,0,0,0,0,0,0,0,0,0,1,4,4,4
9,9,inception_3a_5x5,1,0,1,1,0,1,0,0,0,1,1,4,4,4
9,9,inception_3a_5x5,1,0,2,0,1,2,0,0,0,2,1,4,4,4
9,9,inception_3a_5x5,1,0,3,1,1,3,0,0,0,3,1,4,4,4
9,9,inception_3a_5x5,1,1,4,0,2,4,0,0,1,0,1,4,4,4
9,9,inception_3a_5x5,1,1,5,1,2,5,0,0,1,1,1,4,4,4
9,9,inception_3a_5x5,1,1,6,0,3,6,0,0,1,2,1,4,4,4
9,9,inception_3a_5x5,1,1,7,1,3,7,0,0,1,3,1,4,4,4
9,9,inception_3a_5x5,1,2,8,0,4,8,0,0,2,0,1,4,4,4
9,9,inception_3a_5x5,1,2,9,1,4,9,0,0,2,1,1,4,4,4
9,9,inception_3a_5x5,1,2,10,0,5,10,0,0,2,2,1,4,4,4
9,9,inception_3a_5x5,1,2,11,1,5,11,0,0,2,3,1,4,4,4
9,9,inception_3a_5x5,1,3,12,0,6,12,0,0,3,0,1,4,4,4
9,9,inception_3a_5x5,1,3,13,1,6,13,0,0,3,1,1,4,4,4
9,9,inception_3a_5x5,1,3,14,0,7,14,0,0,3,2,1,4,4,4
9,9,inception_3a_5x5,1,3,15,1,7,15,0,0,3,3,1,4,4,4
9,9,inception_3a_5x5,1,7,16,2,7,16,0,1,0,0,1,4,4,4
9,9,inception_3a_5x5,1,7,17,3,7,17,0,1,0,1,1,4,4,4
9,9,inception_3a_5x5,1,7,18,2,6,18,0,1,0,2,1,4,4,4
9,9,inception_3a_5x5,1,7,19,3,6,19,0,1,0,3,1,4,4,4
9,9,inception_3a_5x5,1,6,20,2,5,20,0,1,1,0,1,4,4,4
9,9,inception_3a_5x5,1,6,21,3,5,21,0,1,1,1,1,4,4,4
9,9,inception_3a_5x5,1,6,22,2,4,22,0,1,1,2,1,4,4,4
9,9,inception_3a_5x5,1,6,23,3,4,23,0,1,1,3,1,4,4,4
9,9,inception_3a_5x5,1,5,24,2,3,24,0,1,2,0,1,4,4,4
9,9,inception_3a_5x5,1,5,25,3,3,25,0,1,2,1,1,4,4,4
9,9,inception_3a_5x5,1,5,26,2,2,26,0,1,2,2,1,4,4,4
9,9,inception_3a_5x5,1,5,27,3,2,27,0,1,2,3,1,4,4,4
9,9,inception_3a_5x5,1,4,28,2,1,28,0,1,3,0,1,4,4,4
9,9,inception_3a_5x5,1,4,29,3,1,29,0,1,3,1,1,4,4,4
9,9,inception_3a_5x5,1,4,30,2,0,30,0,1,3,2,1,4,4,4
9,9,inception_3a_5x5,1,4,31,3,0,31,0,1,3,3,1,4,4,4
9,9,inception_3a_5x5,1,8,32,4,0,32,0,2,0,0,1,4,4,4
9,9,inception_3a_5x5,1,8,33,5,0,33,0,2,0,1,1,4,4,4
9,9,inception_3a_5x5,1,8,34,4,1,34,0,2,0,2,1,4,4,4
9,9,inception_3a_5x5,1,8,35,5,1,35,0,2,0,3,1,4,4,4
9,9,inception_3a_5x5,1,9,36,4,2,36,0,2,1,0,1,4,4,4
9,9,inception_3a_5x5,1,9,37,5,2,37,0,2,1,1,1,4,4,4
9,9,inception_3a_5x5,1,9,38,4,3,38,0,2,1,2,1,4,4,4
9,9,inception_3a_5x5,1,9,39,5,3,39,0,2,1,3,1,4,4,4
9,9,inception_3a_5x5,1,10,40,4,4,40,0,2,2,0,1,4,4,4
9,9,inception_3a_5x5,1,10,41,5,4,41,0,2,2,1,1,4,4,4
9,9,inception_3a_5x5,1,10,42,4,5,42,0,2,2,2,1,4,4,4
9,9,inception_3a_5x5,1,10,43,5,5,43,0,2,2,3,1,4,4,4
9,9,inception_3a_5x5,1,11,44,4,6,44,0,2,3,0,1,4,4,4
9,9,inception_3a_5x5,1,11,45,5,6,45,0,2,3,1,1,4,4,4
9,9,inception_3a_5x5,1,11,46,4,7,46,0,2,3,2,1,4,4,4
9,9,inception_3a_5x5,1,11,47,5,7,47,0,2,3,3,1,4,4,4
9,9,inception_3a_5x5,1,15,48,6,7,48,0,3,0,0,1,4,4,4
9,9,inception_3a_5x5,1,15,49,7,7,49,0,3,0,1,1,4,4,4
9,9,inception_3a_5x5,1,15,50,6,6,50,0,3,0,2,1,4,4,4
9,9,inception_3a_5x5,1,15,51,7,6,51,0,3,0,3,1,4,4,4
9,9,inception_3a_5x5,1,14,52,6,5,52,0,3,1,0,1,4,4,4
9,9,inception_3a_5x5,1,14,53,7,5,53,0,3,1,1,1,4,4,4
9,9,inception_3a_5x5,1,14,54,6,4,54,0,3,1,2,1,4,4,4
9,9,inception_3a_5x5,1,14,55,7,4,55,0,3,1,3,1,4,4,4
9,9,inception_3a_5x5,1,13,56,6,3,56,0,3,2,0,1,4,4,4
9,9,inception_3a_5x5,1,13,57,7,3,57,0,3,2,1,1,4,4,4
9,9,inception_3a_5x5,1,13,58,6,2,58,0,3,2,2,1,4,4,4
9,9,inception_3a_5x5,1,13,59,7,2,59,0,3,2,3,1,4,4,4
9,9,inception_3a_5x5,1,12,60,6,1,60,0,3,3,0,1,4,4,4
9,9,inception_3a_5x5,1,12,61,7,1,61,0,3,3,1,1,4,4,4
9,9,inception_3a_5x5,1,12,62,6,0,62,0,3,3,2,1,4,4,4
9,9,inception_3a_5x5,1,12,63,7,0,63,0,3,3,3,1,4,4,4
10,10,inception_3a_pool,2,0,0,0,0,0,0,0,0,0,2,4,2,4
10,10,inception_3a_pool,2,0,1,1,0,1,0,0,0,1,2,4,2,4
10,10,inception_3a_pool,2,0,2,0,1,2,0,0,0,2,2,4,2,4
10,10,inception_3a_pool,2,0,3,1,1,3,0,0,0,3,2,4,2,4
10,10,inception_3a_pool,2,1,4,0,2,4,0,0,1,0,2,4,2,4
10,10,inception_3a_pool,2,1,5,1,2,5,0,0,1,1,2,4,2,4
10,10,inception_3a_pool,2,1,6,0,3,6,0,0,1,2,2,4,2,4
10,10,inception_3a_pool,2,1,7,1,3,7,0,0,1,3,2,4,2,4
10,10,inception_3a_pool,2,2,8,0,4,32,1,0,0,0,2,4,2,4
10,10,inception_3a_pool,2,2,9,1,4,33,1,0,0,1,2,4,2,4
10,10,inception_3a_pool,2,2,10,0,5,34,1,0,0,2,2,4,2,4
10,10,inception_3a_pool,2,2,11,1,5,35,1,0,0,3,2,4,2,4
10,10,inception_3a_pool,2,3,12,0,6,36,1,0,1,0,2,4,2,4
10,10,inception_3a_pool,2,3,13,1,6,37,1,0,1,1,2,4,2,4
10,10,inception_3a_pool,2,3,14,0,7,38,1,0,1,2,2,4,2,4
10,10,inception_3a_pool,2,3,15,1,7,39,1,0,1,3,2,4,2,4
10,10,inception_3a_pool,2,7,16,2,7,8,0,1,0,0,2,4,2,4
10,10,inception_3a_pool,2,7,17,3,7,9,0,1,0,1,2,4,2,4
10,10,inception_3a_pool,2,7,18,2,6,10,0,1,0,2,2,4,2,4
10,10,inception_3a_pool,2,7,19,3,6,11,0,1,0,3,2,4,2,4
10,10,inception_3a_pool,2,6,20,2,5,12,0,1,1,0,2,4,2,4
10,10,inception_3a_pool,2,6,21,3,5,13,0,1,1,1,2,4,2,4
10,10,inception_3a_pool,2,6,22,2,4,14,0,1,1,2,2,4,2,4
10,10,inception_3a_pool,2,6,23,3,4,15,0,1,1,3,2,4,2,4
10,10,inception_3a_pool,2,5,24,2,3,40,1,1,0,0,2,4,2,4
10,10,inception_3a_pool,2,5,25,3,3,41,1,1,0,1,2,4,2,4
10,10,inception_3a_pool,2,5,26,2,2,42,1,1,0,2,2,4,2,4
10,10,inception_3a_pool,2,5,27,3,2,43,1,1,0,3,2,4,2,4
10,10,inception_3a_pool,2,4,28,2,1,44,1,1,1,0,2,4,2,4
10,10,inception_3a_pool,2,4,29,3,1,45,1,1,1,1,2,4,2,4
10,10,inception_3a_pool,2,4,30,2,0,46,1,1,1,2,2,4,2,4
10,10,inception_3a_pool,2,4,31,3,0,47,1,1,1,3,2,4,2,4
10,10,inception_3a_pool,2,8,32,4,0,16,0,2,0,0,2,4,2,4
10,10,inception_3a_pool,2,8,33,5,0,17,0,2,0,1,2,4,2,4
10,10,inception_3a_pool,2,8,34,4,1,18,0,2,0,2,2,4,2,4
10,10,inception_3a_pool,2,8,35,5,1,19,0,2,0,3,2,4,2,4
10,10,inception_3a_pool,2,9,36,4,2,20,0,2,1,0,2,4,2,4
10,10,inception_3a_pool,2,9,37,5,2,21,0,2,1,1,2,4,2,4
10,10,inception_3a_pool,2,9,38,4,3,22,0,2,1,2,2,4,2,4
10,10,inception_3a_pool,2,9,39,5,3,23,0,2,1,3,2,4,2,4
10,10,inception_3a_pool,2,10,40,4,4,48,1,2,0,0,2,4,2,4
10,10,inception_3a_pool,2,10,41,5,4,49,1,2,0,1,2,4,2,4
10,10,inception_3a_pool,2,10,42,4,5,50,1,2,0,2,2,4,2,4
10,10,inception_3a_pool,2,10,43,5,5,51,1,2,0,3,2,4,2,4
10,10,inception_3a_pool,2,11,44,4,6,52,1,2,1,0,2,4,2,4
10,10,inception_3a_pool,2,11,45,5,6,53,1,2,1,1,2,4,2,4
10,10,inception_3a_pool,2,11,46,4,7,54,1,2,1,2,2,4,2,4
10,10,inception_3a_pool,2,11,47,5,7,55,1,2,1,3,2,4,2,4
10,10,inception_3a_pool,2,15,48,6,7,24,0,3,0,0,2,4,2,4
10,10,inception_3a_pool,2,15,49,7,7,25,0,3,0,1,2,4,2,4
10,10,inception_3a_pool,2,15,50,6,6,26,0,3,0,2,2,4,2,4
10,10,inception_3a_pool,2,15,51,7,6,27,0,3,0,3,2,4,2,4
10,10,inception_3a_pool,2,14,52,6,5,28,0,3,1,0,2,4,2,4
10,10,inception_3a_pool,2,14,53,7,5,29,0,3,1,1,2,4,2,4
10,10,inception_3a_pool,2,14,54,6,4,30,0,3,1,2,2,4,2,4
10,10,inception_3a_pool,2,14,55,7,4,31,0,3,1,3,2,4,2,4
10,10,inception_3a_pool,2,13,56,6,3,56,1,3,0,0,2,4,2,4
10,10,inception_3a_pool,2,13,57,7,3,57,1,3,0,1,2,4,2,4
10,10,inception_3a_pool,2,13,58,6,2,58,1,3,0,2,2,4,2,4
10,10,inception_3a_pool,2,13,59,7,2,59,1,3,0,3,2,4,2,4
10,10,inception_3a_pool,2,12,60,6,1,60,1,3,1,0,2,4,2,4
10,10,inception_3a_pool,2,12,61,7,1,61,1,3,1,1,2,4,2,4
10,10,inception_3a_pool,2,12,62,6,0,62,1,3,1,2,2,4,2,4
10,10,inception_3a_pool,2,12,63,7,0,63,1,3,1,3,2,4,2,4
11,11,inception_3a_pool_proj,1,0,0,0,0,0,0,0,0,0,1,4,4,4
11,11,inception_3a_pool_proj,1,0,1,1,0,1,0,0,0,1,1,4,4,4
11,11,inception_3a_pool_proj,1,0,2,0,1,2,0,0,0,2,1,4,4,4
11,11,inception_3a_pool_proj,1,0,3,1,1,3,0,0,0,3,1,4,4,4
11,11,inception_3a_pool_proj,1,1,4,0,2,4,0,0,1,0,1,4,4,4
11,11,inception_3a_pool_proj,1,1,5,1,2,5,0,0,1,1,1,4,4,4
11,11,inception_3a_pool_proj,1,1,6,0,3,6,0,0,1,2,1,4,4,4
11,11,inception_3a_pool_proj,1,1,7,1,3,7,0,0,1,3,1,4,4,4
11,11,inception_3a_pool_proj,1,2,8,0,4,8,0,0,2,0,1,4,4,4
11,11,inception_3a_pool_proj,1,2,9,1,4,9,0,0,2,1,1,4,4,4
11,11,inception_3a_pool_proj,1,2,10,0,5,10,0,0,2,2,1,4,4,4
11,11,inception_3a_pool_proj,1,2,11,1,5,11,0,0,2,3,1,4,4,4
11,11,inception_3a_pool_proj,1,3,12,0,6,12,0,0,3,0,1,4,4,4
11,11,inception_3a_pool_proj,1,3,13,1,6,13,0,0,3,1,1,4,4,4
11,11,inception_3a_pool_proj,1,3,14,0,7,14,0,0,3,2,1,4,4,4
11,11,inception_3a_pool_proj,1,3,15,1,7,15,0,0,3,3,1,4,4,4
11,11,inception_3a_pool_proj,1,7,16,2,7,16,0,1,0,0,1,4,4,4
11,11,inception_3a_pool_proj,1,7,17,3,7,17,0,1,0,1,1,4,4,4
11,11,inception_3a_pool_proj,1,7,18,2,6,18,0,1,0,2,1,4,4,4
11,11,inception_3a_pool_proj,1,7,19,3,6,19,0,1,0,3,1,4,4,4
11,11,inception_3a_pool_proj,1,6,20,2,5,20,0,1,1,0,1,4,4,4
11,11,inception_3a_pool_proj,1,6,21,3,5,21,0,1,1,1,1,4,4,4
11,11,inception_3a_pool_proj,1,6,22,2,4,22,0,1,1,2,1,4,4,4
11,11,inception_3a_pool_proj,1,6,23,3,4,23,0,1,1,3,1,4,4,4
11,11,inception_3a_pool_proj,1,5,24,2,3,24,0,1,2,0,1,4,4,4
11,11,inception_3a_pool_proj,1,5,25,3,3,25,0,1,2,1,1,4,4,4
11,11,inception_3a_pool_proj,1,5,26,2,2,26,0,1,2,2,1,4,4,4
11,11,inception_3a_pool_proj,1,5,27,3,2,27,0,1,2,3,1,4,4,4
11,11,inception_3a_pool_proj,1,4,28,2,1,28,0,1,3,0,1,4,4,4
11,11,inception_3a_pool_proj,1,4,29,3,1,29,0,1,3,1,1,4,4,4
11,11,inception_3a_pool_proj,1,4,30,2,0,30,0,1,3,2,1,4,4,4
11,11,inception_3a_pool_proj,1,4,31,3,0,31,0,1,3,3,1,4,4,4
11,11,inception_3a_pool_proj,1,8,32,4,0,32,0,2,0,0,1,4,4,4
11,11,inception_3a_pool_proj,1,8,33,5,0,33,0,2,0,1,1,4,4,4
11,11,inception_3a_pool_proj,1,8,34,4,1,34,0,2,0,2,1,4,4,4
11,11,inception_3a_pool_proj,1,8,35,5,1,35,0,2,0,3,1,4,4,4
11,11,inception_3a_pool_proj,1,9,36,4,2,36,0,2,1,0,1,4,4,4
11,11,inception_3a_pool_proj,1,9,37,5,2,37,0,2,1,1,1,4,4,4
11,11,inception_3a_pool_proj,1,9,38,4,3,38,0,2,1,2,1,4,4,4
11,11,inception_3a_pool_proj,1,9,39,5,3,39,0,2,1,3,1,4,4,4
11,11,inception_3a_pool_proj,1,10,40,4,4,40,0,2,2,0,1,4,4,4
11,11,inception_3a_pool_proj,1,10,41,5,4,41,0,2,2,1,1,4,4,4
11,11,inception_3a_pool_proj,1,10,42,4,5,42,0,2,2,2,1,4,4,4
11,11,inception_3a_pool_proj,1,10,43,5,5,43,0,2,2,3,1,4,4,4
11,11,inception_3a_pool_proj,1,11,44,4,6,44,0,2,3,0,1,4,4,4
11,11,inception_3a_pool_proj,1,11,45,5,6,45,0,2,3,1,1,4,4,4
11,11,inception_3a_pool_proj,1,11,46,4,7,46,0,2,3,2,1,4,4,4
11,11,inception_3a_pool_proj,1,11,47,5,7,47,0,2,3,3,1,4,4,4
11,11,inception_3a_pool_proj,1,15,48,6,7,48,0,3,0,0,1,4,4,4
11,11,inception_3a_pool_proj,1,15,49,7,7,49,0,3,0,1,1,4,4,4
11,11,inception_3a_pool_proj,1,15,50,6,6,50,0,3,0,2,1,4,4,4
11,11,inception_3a_pool_proj,1,15,51,7,6,51,0,3,0,3,1,4,4,4
11,11,inception_3a_pool_proj,1,14,52,6,5,52,0,3,1,0,1,4,4,4
11,11,inception_3a_pool_proj,1,14,53,7,5,53,0,3,1,1,1,4,4,4
11,11,inception_3a_pool_proj,1,14,54,6,4,54,0,3,1,2,1,4,4,4
11,11,inception_3a_pool_proj,1,14,55,7,4,55,0,3,1,3,1,4,4,4
11,11,inception_3a_pool_proj,1,13,56,6,3,56,0,3,2,0,1,4,4,4
11,11,inception_3a_pool_proj,1,13,57,7,3,57,0,3,2,1,1,4,4,4
11,11,inception_3a_pool_proj,1,13,58,6,2,58,0,3,2,2,1,4,4,4
11,11,inception_3a_pool_proj,1,13,59,7,2,59,0,3,2,3,1,4,4,4
11,11,inception_3a_pool_proj,1,12,60,6,1,60,0,3,3,0,1,4,4,4
11,11,inception_3a_pool_proj,1,12,61,7,1,61,0,3,3,1,1,4,4,4
11,11,inception_3a_pool_proj,1,12,62,6,0,62,0,3,3,2,1,4,4,4
11,11,inception_3a_pool_proj,1,12,63,7,0,63,0,3,3,3,1,4,4,4
12,12,inception_3b_1x1,1,0,0,0,0,0,0,0,0,0,1,4,2,4
12,12,inception_3b_1x1,1,0,1,1,0,1,0,0,0,1,1,4,2,4
12,12,inception_3b_1x1,1,0,2,0,1,2,0,0,0,2,1,4,2,4
12,12,inception_3b_1x1,1,0,3,1,1,3,0,0,0,3,1,4,2,4
12,12,inception_3b_1x1,1,1,4,0,2,4,0,0,1,0,1,4,2,4
12,12,inception_3b_1x1,1,1,5,1,2,5,0,0,1,1,1,4,2,4
12,12,inception_3b_1x1,1,1,6,0,3,6,0,0,1,2,1,4,2,4
12,12,inception_3b_1x1,1,1,7,1,3,7,0,0,1,3,1,4,2,4
12,12,inception_3b_1x1,1,2,8,0,4,8,0,1,0,0,1,4,2,4
12,12,inception_3b_1x1,1,2,9,1,4,9,0,1,0,1,1,4,2,4
12,12,inception_3b_1x1,1,2,10,0,5,10,0,1,0,2,1,4,2,4
12,12,inception_3b_1x1,1,2,11,1,5,11,0,1,0,3,1,4,2,4
12,12,inception_3b_1x1,1,3,12,0,6,12,0,1,1,0,1,4,2,4
12,12,inception_3b_1x1,1,3,13,1,6,13,0,1,1,1,1,4,2,4
12,12,inception_3b_1x1,1,3,14,0,7,14,0,1,1,2,1,4,2,4
12,12,inception_3b_1x1,1,3,15,1,7,15,0,1,1,3,1,4,2,4
12,12,inception_3b_1x1,1,7,16,2,7,16,0,2,0,0,1,4,2,4
12,12,inception_3b_1x1,1,7,17,3,7,17,0,2,0,1,1,4,2,4
12,12,inception_3b_1x1,1,7,18,2,6,18,0,2,0,2,1,4,2,4
12,12,inception_3b_1x1,1,7,19,3,6,19,0,2,0,3,1,4,2,4
12,12,inception_3b_1x1,1,6,20,2,5,20,0,2,1,0,1,4,2,4
12,12,inception_3b_1x1,1,6,21,3,5,21,0,2,1,1,1,4,2,4
12,12,inception_3b_1x1,1,6,22,2,4,22,0,2,1,2,1,4,2,4
12,12,inception_3b_1x1,1,6,23,3,4,23,0,2,1,3,1,4,2,4
12,12,inception_3b_1x1,1,5,24,2,3,24,0,3,0,0,1,4,2,4
12,12,inception_3b_1x1,1,5,25,3,3,25,0,3,0,1,1,4,2,4
12,12,inception_3b_1x1,1,5,26,2,2,26,0,3,0,2,1,4,2,4
12,12,inception_3b_1x1,1,5,27,3,2,27,0,3,0,3,1,4,2,4
12,12,inception_3b_1x1,1,4,28,2,1,28,0,3,1,0,1,4,2,4
12,12,inception_3b_1x1,1,4,29,3,1,29,0,3,1,1,1,4,2,4
12,12,inception_3b_1x1,1,4,30,2,0,30,0,3,1,2,1,4,2,4
12,12,inception_3b_1x1,1,4,31,3,0,31,0,3,1,3,1,4,2,4
12,13,inception_3b_3x3_reduce,1,8,32,4,0,0,0,0,0,0,1,4,2,4
12,13,inception_3b_3x3_reduce,1,8,33,5,0,1,0,0,0,1,1,4,2,4
12,13,inception_3b_3x3_reduce,1,8,34,4,1,2,0,0,0,2,1,4,2,4
12,13,inception_3b_3x3_reduce,1,8,35,5,1,3,0,0,0,3,1,4,2,4
12,13,inception_3b_3x3_reduce,1,9,36,4,2,4,0,0,1,0,1,4,2,4
12,13,inception_3b_3x3_reduce,1,9,37,5,2,5,0,0,1,1,1,4,2,4
12,13,inception_3b_3x3_reduce,1,9,38,4,3,6,0,0,1,2,1,4,2,4
12,13,inception_3b_3x3_reduce,1,9,39,5,3,7,0,0,1,3,1,4,2,4
12,13,inception_3b_3x3_reduce,1,10,40,4,4,8,0,1,0,0,1,4,2,4
12,13,inception_3b_3x3_reduce,1,10,41,5,4,9,0,1,0,1,1,4,2,4
12,13,inception_3b_3x3_reduce,1,10,42,4,5,10,0,1,0,2,1,4,2,4
12,13,inception_3b_3x3_reduce,1,10,43,5,5,11,0,1,0,3,1,4,2,4
12,13,inception_3b_3x3_reduce,1,11,44,4,6,12,0,1,1,0,1,4,2,4
12,13,inception_3b_3x3_reduce,1,11,45,5,6,13,0,1,1,1,1,4,2,4
12,13,inception_3b_3x3_reduce,1,11,46,4,7,14,0,1,1,2,1,4,2,4
12,13,inception_3b_3x3_reduce,1,11,47,5,7,15,0,1,1,3,1,4,2,4
12,13,inception_3b_3x3_reduce,1,15,48,6,7,16,0,2,0,0,1,4,2,4
12,13,inception_3b_3x3_reduce,1,15,49,7,7,17,0,2,0,1,1,4,2,4
12,13,inception_3b_3x3_reduce,1,15,50,6,6,18,0,2,0,2,1,4,2,4
12,13,inception_3b_3x3_reduce,1,15,51,7,6,19,0,2,0,3,1,4,2,4
12,13,inception_3b_3x3_reduce,1,14,52,6,5,20,0,2,1,0,1,4,2,4
12,13,inception_3b_3x3_reduce,1,14,53,7,5,21,0,2,1,1,1,4,2,4
12,13,inception_3b_3x3_reduce,1,14,54,6,4,22,0,2,1,2,1,4,2,4
12,13,inception_3b_3x3_reduce,1,14,55,7,4,23,0,2,1,3,1,4,2,4
12,13,inception_3b_3x3_reduce,1,13,56,6,3,24,0,3,0,0,1,4,2,4
12,13,inception_3b_3x3_reduce,1,13,57,7,3,25,0,3,0,1,1,4,2,4
12,13,inception_3b_3x3_reduce,1,13,58,6,2,26,0,3,0,2,1,4,2,4
12,13,inception_3b_3x3_reduce,1,13,59,7,2,27,0,3,0,3,1,4,2,4
12,13,inception_3b_3x3_reduce,1,12,60,6,1,28,0,3,1,0,1,4,2,4
12,13,inception_3b_3x3_reduce,1,12,61,7,1,29,0,3,1,1,1,4,2,4
12,13,inception_3b_3x3_reduce,1,12,62,6,0,30,0,3,1,2,1,4,2,4
12,13,inception_3b_3x3_reduce,1,12,63,7,0,31,0,3,1,3,1,4,2,4
13,14,inception_3b_3x3,2,0,0,0,0,0,0,0,0,0,2,2,4,4
13,14,inception_3b_3x3,2,0,1,1,0,1,0,0,0,1,2,2,4,4
13,14,inception_3b_3x3,2,0,2,0,1,2,0,0,0,2,2,2,4,4
13,14,inception_3b_3x3,2,0,3,1,1,3,0,0,0,3,2,2,4,4
13,14,inception_3b_3x3,2,1,4,0,2,4,0,0,1,0,2,2,4,4
13,14,inception_3b_3x3,2,1,5,1,2,5,0,0,1,1,2,2,4,4
13,14,inception_3b_3x3,2,1,6,0,3,6,0,0,1,2,2,2,4,4
13,14,inception_3b_3x3,2,1,7,1,3,7,0,0,1,3,2,2,4,4
13,14,inception_3b_3x3,2,2,8,0,4,8,0,0,2,0,2,2,4,4
13,14,inception_3b_3x3,2,2,9,1,4,9,0,0,2,1,2,2,4,4
13,14,inception_3b_3x3,2,2,10,0,5,10,0,0,2,2,2,2,4,4
13,14,inception_3b_3x3,2,2,11,1,5,11,0,0,2,3,2,2,4,4
13,14,inception_3b_3x3,2,3,12,0,6,12,0,0,3,0,2,2,4,4
13,14,inception_3b_3x3,2,3,13,1,6,13,0,0,3,1,2,2,4,4
13,14,inception_3b_3x3,2,3,14,0,7,14,0,0,3,2,2,2,4,4
13,14,inception_3b_3x3,2,3,15,1,7,15,0,0,3,3,2,2,4,4
13,14,inception_3b_3x3,2,7,16,2,7,32,1,0,0,0,2,2,4,4
13,14,inception_3b_3x3,2,7,17,3,7,33,1,0,0,1,2,2,4,4
13,14,inception_3b_3x3,2,7,18,2,6,34,1,0,0,2,2,2,4,4
13,14,inception_3b_3x3,2,7,19,3,6,35,1,0,0,3,2,2,4,4
13,14,inception_3b_3x3,2,6,20,2,5,36,1,0,1,0,2,2,4,4
13,14,inception_3b_3x3,2,6,21,3,5,37,1,0,1,1,2,2,4,4
13,14,inception_3b_3x3,2,6,22,2,4,38,1,0,1,2,2,2,4,4
13,14,inception_3b_3x3,2,6,23,3,4,39,1,0,1,3,2,2,4,4
13,14,inception_3b_3x3,2,5,24,2,3,40,1,0,2,0,2,2,4,4
13,14,inception_3b_3x3,2,5,25,3,3,41,1,0,2,1,2,2,4,4
13,14,inception_3b_3x3,2,5,26,2,2,42,1,0,2,2,2,2,4,4
13,14,inception_3b_3x3,2,5,27,3,2,43,1,0,2,3,2,2,4,4
13,14,inception_3b_3x3,2,4,28,2,1,44,1,0,3,0,2,2,4,4
13,14,inception_3b_3x3,2,4,29,3,1,45,1,0,3,1,2,2,4,4
13,14,inception_3b_3x3,2,4,30,2,0,46,1,0,3,2,2,2,4,4
13,14,inception_3b_3x3,2,4,31,3,0,47,1,0,3,3,2,2,4,4
13,14,inception_3b_3x3,2,8,32,4,0,16,0,1,0,0,2,2,4,4
13,14,inception_3b_3x3,2,8,33,5,0,17,0,1,0,1,2,2,4,4
13,14,inception_3b_3x3,2,8,34,4,1,18,0,1,0,2,2,2,4,4
13,14,inception_3b_3x3,2,8,35,5,1,19,0,1,0,3,2,2,4,4
13,14,inception_3b_3x3,2,9,36,4,2,20,0,1,1,0,2,2,4,4
13,14,inception_3b_3x3,2,9,37,5,2,21,0,1,1,1,2,2,4,4
13,14,inception_3b_3x3,2,9,38,4,3,22,0,1,1,2,2,2,4,4
13,14,inception_3b_3x3,2,9,39,5,3,23,0,1,1,3,2,2,4,4
13,14,inception_3b_3x3,2,10,40,4,4,24,0,1,2,0,2,2,4,4
13,14,inception_3b_3x3,2,10,41,5,4,25,0,1,2,1,2,2,4,4
13,14,inception_3b_3x3,2,10,42,4,5,26,0,1,2,2,2,2,4,4
13,14,inception_3b_3x3,2,10,43,5,5,27,0,1,2,3,2,2,4,4
13,14,inception_3b_3x3,2,11,44,4,6,28,0,1,3,0,2,2,4,4
13,14,inception_3b_3x3,2,11,45,5,6,29,0,1,3,1,2,2,4,4
13,14,inception_3b_3x3,2,11,46,4,7,30,0,1,3,2,2,2,4,4
13,14,inception_3b_3x3,2,11,47,5,7,31,0,1,3,3,2,2,4,4
13,14,inception_3b_3x3,2,15,48,6,7,48,1,1,0,0,2,2,4,4
13,14,inception_3b_3x3,2,15,49,7,7,49,1,1,0,1,2,2,4,4
13,14,inception_3b_3x3,2,15,50,6,6,50,1,1,0,2,2,2,4,4
13,14,inception_3b_3x3,2,15,51,7,6,51,1,1,0,3,2,2,4,4
13,14,inception_3b_3x3,2,14,52,6,5,52,1,1,1,0,2,2,4,4
13,14,inception_3b_3x3,2,14,53,7,5,53,1,1,1,1,2,2,4,4
13,14,inception_3b_3x3,2,14,54,6,4,54,1,1,1,2,2,2,4,4
13,14,inception_3b_3x3,2,14,55,7,4,55,1,1,1,3,2,2,4,4
13,14,inception_3b_3x3,2,13,56,6,3,56,1,1,2,0,2,2,4,4
13,14,inception_3b_3x3,2,13,57,7,3,57,1,1,2,1,2,2,4,4
13,14,inception_3b_3x3,2,13,58,6,2,58,1,1,2,2,2,2,4,4
13,14,inception_3b_3x3,2,13,59,7,2,59,1,1,2,3,2,2,4,4
13,14,inception_3b_3x3,2,12,60,6,1,60,1,1,3,0,2,2,4,4
13,14,inception_3b_3x3,2,12,61,7,1,61,1,1,3,1,2,2,4,4
13,14,inception_3b_3x3,2,12,62,6,0,62,1,1,3,2,2,2,4,4
13,14,inception_3b_3x3,2,12,63,7,0,63,1,1,3,3,2,2,4,4
14,15,inception_3b_5x5_reduce,1,0,0,0,0,0,0,0,0,0,1,4,4,4
14,15,inception_3b_5x5_reduce,1,0,1,1,0,1,0,0,0,1,1,4,4,4
14,15,inception_3b_5x5_reduce,1,0,2,0,1,2,0,0,0,2,1,4,4,4
14,15,inception_3b_5x5_reduce,1,0,3,1,1,3,0,0,0,3,1,4,4,4
14,15,inception_3b_5x5_reduce,1,1,4,0,2,4,0,0,1,0,1,4,4,4
14,15,inception_3b_5x5_reduce,1,1,5,1,2,5,0,0,1,1,1,4,4,4
14,15,inception_3b_5x5_reduce,1,1,6,0,3,6,0,0,1,2,1,4,4,4
14,15,inception_3b_5x5_reduce,1,1,7,1,3,7,0,0,1,3,1,4,4,4
14,15,inception_3b_5x5_reduce,1,2,8,0,4,8,0,0,2,0,1,4,4,4
14,15,inception_3b_5x5_reduce,1,2,9,1,4,9,0,0,2,1,1,4,4,4
14,15,inception_3b_5x5_reduce,1,2,10,0,5,10,0,0,2,2,1,4,4,4
14,15,inception_3b_5x5_reduce,1,2,11,1,5,11,0,0,2,3,1,4,4,4
14,15,inception_3b_5x5_reduce,1,3,12,0,6,12,0,0,3,0,1,4,4,4
14,15,inception_3b_5x5_reduce,1,3,13,1,6,13,0,0,3,1,1,4,4,4
14,15,inception_3b_5x5_reduce,1,3,14,0,7,14,0,0,3,2,1,4,4,4
14,15,inception_3b_5x5_reduce,1,3,15,1,7,15,0,0,3,3,1,4,4,4
14,15,inception_3b_5x5_reduce,1,7,16,2,7,16,0,1,0,0,1,4,4,4
14,15,inception_3b_5x5_reduce,1,7,17,3,7,17,0,1,0,1,1,4,4,4
14,15,inception_3b_5x5_reduce,1,7,18,2,6,18,0,1,0,2,1,4,4,4
14,15,inception_3b_5x5_reduce,1,7,19,3,6,19,0,1,0,3,1,4,4,4
14,15,inception_3b_5x5_reduce,1,6,20,2,5,20,0,1,1,0,1,4,4,4
14,15,inception_3b_5x5_reduce,1,6,21,3,5,21,0,1,1,1,1,4,4,4
14,15,inception_3b_5x5_reduce,1,6,22,2,4,22,0,1,1,2,1,4,4,4
14,15,inception_3b_5x5_reduce,1,6,23,3,4,23,0,1,1,3,1,4,4,4
14,15,inception_3b_5x5_reduce,1,5,24,2,3,24,0,1,2,0,1,4,4,4
14,15,inception_3b_5x5_reduce,1,5,25,3,3,25,0,1,2,1,1,4,4,4
14,15,inception_3b_5x5_reduce,1,5,26,2,2,26,0,1,2,2,1,4,4,4
14,15,inception_3b_5x5_reduce,1,5,27,3,2,27,0,1,2,3,1,4,4,4
14,15,inception_3b_5x5_reduce,1,4,28,2,1,28,0,1,3,0,1,4,4,4
14,15,inception_3b_5x5_reduce,1,4,29,3,1,29,0,1,3,1,1,4,4,4
14,15,inception_3b_5x5_reduce,1,4,30,2,0,30,0,1,3,2,1,4,4,4
14,15,inception_3b_5x5_reduce,1,4,31,3,0,31,0,1,3,3,1,4,4,4
14,15,inception_3b_5x5_reduce,1,8,32,4,0,32,0,2,0,0,1,4,4,4
14,15,inception_3b_5x5_reduce,1,8,33,5,0,33,0,2,0,1,1,4,4,4
14,15,inception_3b_5x5_reduce,1,8,34,4,1,34,0,2,0,2,1,4,4,4
14,15,inception_3b_5x5_reduce,1,8,35,5,1,35,0,2,0,3,1,4,4,4
14,15,inception_3b_5x5_reduce,1,9,36,4,2,36,0,2,1,0,1,4,4,4
14,15,inception_3b_5x5_reduce,1,9,37,5,2,37,0,2,1,1,1,4,4,4
14,15,inception_3b_5x5_reduce,1,9,38,4,3,38,0,2,1,2,1,4,4,4
14,15,inception_3b_5x5_reduce,1,9,39,5,3,39,0,2,1,3,1,4,4,4
14,15,inception_3b_5x5_reduce,1,10,40,4,4,40,0,2,2,0,1,4,4,4
14,15,inception_3b_5x5_reduce,1,10,41,5,4,41,0,2,2,1,1,4,4,4
14,15,inception_3b_5x5_reduce,1,10,42,4,5,42,0,2,2,2,1,4,4,4
14,15,inception_3b_5x5_reduce,1,10,43,5,5,43,0,2,2,3,1,4,4,4
14,15,inception_3b_5x5_reduce,1,11,44,4,6,44,0,2,3,0,1,4,4,4
14,15,inception_3b_5x5_reduce,1,11,45,5,6,45,0,2,3,1,1,4,4,4
14,15,inception_3b_5x5_reduce,1,11,46,4,7,46,0,2,3,2,1,4,4,4
14,15,inception_3b_5x5_reduce,1,11,47,5,7,47,0,2,3,3,1,4,4,4
14,15,inception_3b_5x5_reduce,1,15,48,6,7,48,0,3,0,0,1,4,4,4
14,15,inception_3b_5x5_reduce,1,15,49,7,7,49,0,3,0,1,1,4,4,4
14,15,inception_3b_5x5_reduce,1,15,50,6,6,50,0,3,0,2,1,4,4,4
14,15,inception_3b_5x5_reduce,1,15,51,7,6,51,0,3,0,3,1,4,4,4
14,15,inception_3b_5x5_reduce,1,14,52,6,5,52,0,3,1,0,1,4,4,4
14,15,inception_3b_5x5_reduce,1,14,53,7,5,53,0,3,1,1,1,4,4,4
14,15,inception_3b_5x5_reduce,1,14,54,6,4,54,0,3,1,2,1,4,4,4
14,15,inception_3b_5x5_reduce,1,14,55,7,4,55,0,3,1,3,1,4,4,4
14,15,inception_3b_5x5_reduce,1,13,56,6,3,56,0,3,2,0,1,4,4,4
14,15,inception_3b_5x5_reduce,1,13,57,7,3,57,0,3,2,1,1,4,4,4
14,15,inception_3b_5x5_reduce,1,13,58,6,2,58,0,3,2,2,1,4,4,4
14,15,inception_3b_5x5_reduce,1,13,59,7,2,59,0,3,2,3,1,4,4,4
14,15,inception_3b_5x5_reduce,1,12,60,6,1,60,0,3,3,0,1,4,4,4
14,15,inception_3b_5x5_reduce,1,12,61,7,1,61,0,3,3,1,1,4,4,4
14,15,inception_3b_5x5_reduce,1,12,62,6,0,62,0,3,3,2,1,4,4,4
14,15,inception_3b_5x5_reduce,1,12,63,7,0,63,0,3,3,3,1,4,4,4
15,16,inception_3b_5x5,1,0,0,0,0,0,0,0,0,0,1,4,4,4
15,16,inception_3b_5x5,1,0,1,1,0,1,0,0,0,1,1,4,4,4
15,16,inception_3b_5x5,1,0,2,0,1,2,0,0,0,2,1,4,4,4
15,16,inception_3b_5x5,1,0,3,1,1,3,0,0,0,3,1,4,4,4
15,16,inception_3b_5x5,1,1,4,0,2,4,0,0,1,0,1,4,4,4
15,16,inception_3b_5x5,1,1,5,1,2,5,0,0,1,1,1,4,4,4
15,16,inception_3b_5x5,1,1,6,0,3,6,0,0,1,2,1,4,4,4
15,16,inception_3b_5x5,1,1,7,1,3,7,0,0,1,3,1,4,4,4
15,16,inception_3b_5x5,1,2,8,0,4,8,0,0,2,0,1,4,4,4
15,16,inception_3b_5x5,1,2,9,1,4,9,0,0,2,1,1,4,4,4
15,16,inception_3b_5x5,1,2,10,0,5,10,0,0,2,2,1,4,4,4
15,16,inception_3b_5x5,1,2,11,1,5,11,0,0,2,3,1,4,4,4
15,16,inception_3b_5x5,1,3,12,0,6,12,0,0,3,0,1,4,4,4
15,16,inception_3b_5x5,1,3,13,1,6,13,0,0,3,1,1,4,4,4
15,16,inception_3b_5x5,1,3,14,0,7,14,0,0,3,2,1,4,4,4
15,16,inception_3b_5x5,1,3,15,1,7,15,0,0,3,3,1,4,4,4
15,16,inception_3b_5x5,1,7,16,2,7,16,0,1,0,0,1,4,4,4
15,16,inception_3b_5x5,1,7,17,3,7,17,0,1,0,1,1,4,4,4
15,16,inception_3b_5x5,1,7,18,2,6,18,0,1,0,2,1,4,4,4
15,16,inception_3b_5x5,1,7,19,3,6,19,0,1,0,3,1,4,4,4
15,16,inception_3b_5x5,1,6,20,2,5,20,0,1,1,0,1,4,4,4
15,16,inception_3b_5x5,1,6,21,3,5,21,0,1,1,1,1,4,4,4
15,16,inception_3b_5x5,1,6,22,2,4,22,0,1,1,2,1,4,4,4
15,16,inception_3b_5x5,1,6,23,3,4,23,0,1,1,3,1,4,4,4
15,16,inception_3b_5x5,1,5,24,2,3,24,0,1,2,0,1,4,4,4
15,16,inception_3b_5x5,1,5,25,3,3,25,0,1,2,1,1,4,4,4
15,16,inception_3b_5x5,1,5,26,2,2,26,0,1,2,2,1,4,4,4
15,16,inception_3b_5x5,1,5,27,3,2,27,0,1,2,3,1,4,4,4
15,16,inception_3b_5x5,1,4,28,2,1,28,0,1,3,0,1,4,4,4
15,16,inception_3b_5x5,1,4,29,3,1,29,0,1,3,1,1,4,4,4
15,16,inception_3b_5x5,1,4,30,2,0,30,0,1,3,2,1,4,4,4
15,16,inception_3b_5x5,1,4,31,3,0,31,0,1,3,3,1,4,4,4
15,16,inception_3b_5x5,1,8,32,4,0,32,0,2,0,0,1,4,4,4
15,16,inception_3b_5x5,1,8,33,5,0,33,0,2,0,1,1,4,4,4
15,16,inception_3b_5x5,1,8,34,4,1,34,0,2,0,2,1,4,4,4
15,16,inception_3b_5x5,1,8,35,5,1,35,0,2,0,3,1,4,4,4
15,16,inception_3b_5x5,1,9,36,4,2,36,0,2,1,0,1,4,4,4
15,16,inception_3b_5x5,1,9,37,5,2,37,0,2,1,1,1,4,4,4
15,16,inception_3b_5x5,1,9,38,4,3,38,0,2,1,2,1,4,4,4
15,16,inception_3b_5x5,1,9,39,5,3,39,0,2,1,3,1,4,4,4
15,16,inception_3b_5x5,1,10,40,4,4,40,0,2,2,0,1,4,4,4
15,16,inception_3b_5x5,1,10,41,5,4,41,0,2,2,1,1,4,4,4
15,16,inception_3b_5x5,1,10,42,4,5,42,0,2,2,2,1,4,4,4
15,16,inception_3b_5x5,1,10,43,5,5,43,0,2,2,3,1,4,4,4
15,16,inception_3b_5x5,1,11,44,4,6,44,0,2,3,0,1,4,4,4
15,16,inception_3b_5x5,1,11,45,5,6,45,0,2,3,1,1,4,4,4
15,16,inception_3b_5x5,1,11,46,4,7,46,0,2,3,2,1,4,4,4
15,16,inception_3b_5x5,1,11,47,5,7,47,0,2,3,3,1,4,4,4
15,16,inception_3b_5x5,1,15,48,6,7,48,0,3,0,0,1,4,4,4
15,16,inception_3b_5x5,1,15,49,7,7,49,0,3,0,1,1,4,4,4
15,16,inception_3b_5x5,1,15,50,6,6,50,0,3,0,2,1,4,4,4
15,16,inception_3b_5x5,1,15,51,7,6,51,0,3,0,3,1,4,4,4
15,16,inception_3b_5x5,1,14,52,6,5,52,0,3,1,0,1,4,4,4
15,16,inception_3b_5x5,1,14,53,7,5,53,0,3,1,1,1,4,4,4
15,16,inception_3b_5x5,1,14,54,6,4,54,0,3,1,2,1,4,4,4
15,16,inception_3b_5x5,1,14,55,7,4,55,0,3,1,3,1,4,4,4
15,16,inception_3b_5x5,1,13,56,6,3,56,0,3,2,0,1,4,4,4
15,16,inception_3b_5x5,1,13,57,7,3,57,0,3,2,1,1,4,4,4
15,16,inception_3b_5x5,1,13,58,6,2,58,0,3,2,2,1,4,4,4
15,16,inception_3b_5x5,1,13,59,7,2,59,0,3,2,3,1,4,4,4
15,16,inception_3b_5x5,1,12,60,6,1,60,0,3,3,0,1,4,4,4
15,16,inception_3b_5x5,1,12,61,7,1,61,0,3,3,1,1,4,4,4
15,16,inception_3b_5x5,1,12,62,6,0,62,0,3,3,2,1,4,4,4
15,16,inception_3b_5x5,1,12,63,7,0,63,0,3,3,3,1,4,4,4
16,17,inception_3b_pool,1,0,0,0,0,0,0,0,0,0,1,8,2,4
16,17,inception_3b_pool,1,0,1,1,0,1,0,0,0,1,1,8,2,4
16,17,inception_3b_pool,1,0,2,0,1,2,0,0,0,2,1,8,2,4
16,17,inception_3b_pool,1,0,3,1,1,3,0,0,0,3,1,8,2,4
16,17,inception_3b_pool,1,1,4,0,2,4,0,0,1,0,1,8,2,4
16,17,inception_3b_pool,1,1,5,1,2,5,0,0,1,1,1,8,2,4
16,17,inception_3b_pool,1,1,6,0,3,6,0,0,1,2,1,8,2,4
16,17,inception_3b_pool,1,1,7,1,3,7,0,0,1,3,1,8,2,4
16,17,inception_3b_pool,1,2,8,0,4,8,0,1,0,0,1,8,2,4
16,17,inception_3b_pool,1,2,9,1,4,9,0,1,0,1,1,8,2,4
16,17,inception_3b_pool,1,2,10,0,5,10,0,1,0,2,1,8,2,4
16,17,inception_3b_pool,1,2,11,1,5,11,0,1,0,3,1,8,2,4
16,17,inception_3b_pool,1,3,12,0,6,12,0,1,1,0,1,8,2,4
16,17,inception_3b_pool,1,3,13,1,6,13,0,1,1,1,1,8,2,4
16,17,inception_3b_pool,1,3,14,0,7,14,0,1,1,2,1,8,2,4
16,17,inception_3b_pool,1,3,15,1,7,15,0,1,1,3,1,8,2,4
16,17,inception_3b_pool,1,7,16,2,7,16,0,2,0,0,1,8,2,4
16,17,inception_3b_pool,1,7,17,3,7,17,0,2,0,1,1,8,2,4
16,17,inception_3b_pool,1,7,18,2,6,18,0,2,0,2,1,8,2,4
16,17,inception_3b_pool,1,7,19,3,6,19,0,2,0,3,1,8,2,4
16,17,inception_3b_pool,1,6,20,2,5,20,0,2,1,0,1,8,2,4
16,17,inception_3b_pool,1,6,21,3,5,21,0,2,1,1,1,8,2,4
16,17,inception_3b_pool,1,6,22,2,4,22,0,2,1,2,1,8,2,4
16,17,inception_3b_pool,1,6,23,3,4,23,0,2,1,3,1,8,2,4
16,17,inception_3b_pool,1,5,24,2,3,24,0,3,0,0,1,8,2,4
16,17,inception_3b_pool,1,5,25,3,3,25,0,3,0,1,1,8,2,4
16,17,inception_3b_pool,1,5,26,2,2,26,0,3,0,2,1,8,2,4
16,17,inception_3b_pool,1,5,27,3,2,27,0,3,0,3,1,8,2,4
16,17,inception_3b_pool,1,4,28,2,1,28,0,3,1,0,1,8,2,4
16,17,inception_3b_pool,1,4,29,3,1,29,0,3,1,1,1,8,2,4
16,17,inception_3b_pool,1,4,30,2,0,30,0,3,1,2,1,8,2,4
16,17,inception_3b_pool,1,4,31,3,0,31,0,3,1,3,1,8,2,4
16,17,inception_3b_pool,1,8,32,4,0,32,0,4,0,0,1,8,2,4
16,17,inception_3b_pool,1,8,33,5,0,33,0,4,0,1,1,8,2,4
16,17,inception_3b_pool,1,8,34,4,1,34,0,4,0,2,1,8,2,4
16,17,inception_3b_pool,1,8,35,5,1,35,0,4,0,3,1,8,2,4
16,17,inception_3b_pool,1,9,36,4,2,36,0,4,1,0,1,8,2,4
16,17,inception_3b_pool,1,9,37,5,2,37,0,4,1,1,1,8,2,4
16,17,inception_3b_pool,1,9,38,4,3,38,0,4,1,2,1,8,2,4
16,17,inception_3b_pool,1,9,39,5,3,39,0,4,1,3,1,8,2,4
16,17,inception_3b_pool,1,10,40,4,4,40,0,5,0,0,1,8,2,4
16,17,inception_3b_pool,1,10,41,5,4,41,0,5,0,1,1,8,2,4
16,17,inception_3b_pool,1,10,42,4,5,42,0,5,0,2,1,8,2,4
16,17,inception_3b_pool,1,10,43,5,5,43,0,5,0,3,1,8,2,4
16,17,inception_3b_pool,1,11,44,4,6,44,0,5,1,0,1,8,2,4
16,17,inception_3b_pool,1,11,45,5,6,45,0,5,1,1,1,8,2,4
16,17,inception_3b_pool,1,11,46,4,7,46,0,5,1,2,1,8,2,4
16,17,inception_3b_pool,1,11,47,5,7,47,0,5,1,3,1,8,2,4
16,17,inception_3b_pool,1,15,48,6,7,48,0,6,0,0,1,8,2,4
16,17,inception_3b_pool,1,15,49,7,7,49,0,6,0,1,1,8,2,4
16,17,inception_3b_pool,1,15,50,6,6,50,0,6,0,2,1,8,2,4
16,17,inception_3b_pool,1,15,51,7,6,51,0,6,0,3,1,8,2,4
16,17,inception_3b_pool,1,14,52,6,5,52,0,6,1,0,1,8,2,4
16,17,inception_3b_pool,1,14,53,7,5,53,0,6,1,1,1,8,2,4
16,17,inception_3b_pool,1,14,54,6,4,54,0,6,1,2,1,8,2,4
16,17,inception_3b_pool,1,14,55,7,4,55,0,6,1,3,1,8,2,4
16,17,inception_3b_pool,1,13,56,6,3,56,0,7,0,0,1,8,2,4
16,17,inception_3b_pool,1,13,57,7,3,57,0,7,0,1,1,8,2,4
16,17,inception_3b_pool,1,13,58,6,2,58,0,7,0,2,1,8,2,4
16,17,inception_3b_pool,1,13,59,7,2,59,0,7,0,3,1,8,2,4
16,17,inception_3b_pool,1,12,60,6,1,60,0,7,1,0,1,8,2,4
16,17,inception_3b_pool,1,12,61,7,1,61,0,7,1,1,1,8,2,4
16,17,inception_3b_pool,1,12,62,6,0,62,0,7,1,2,1,8,2,4
16,17,inception_3b_pool,1,12,63,7,0,63,0,7,1,3,1,8,2,4
17,18,inception_3b_pool_proj,2,0,0,0,0,0,0,0,0,0,2,2,4,4
17,18,inception_3b_pool_proj,2,0,1,1,0,1,0,0,0,1,2,2,4,4
17,18,inception_3b_pool_proj,2,0,2,0,1,2,0,0,0,2,2,2,4,4
17,18,inception_3b_pool_proj,2,0,3,1,1,3,0,0,0,3,2,2,4,4
17,18,inception_3b_pool_proj,2,1,4,0,2,4,0,0,1,0,2,2,4,4
17,18,inception_3b_pool_proj,2,1,5,1,2,5,0,0,1,1,2,2,4,4
17,18,inception_3b_pool_proj,2,1,6,0,3,6,0,0,1,2,2,2,4,4
17,18,inception_3b_pool_proj,2,1,7,1,3,7,0,0,1,3,2,2,4,4
17,18,inception_3b_pool_proj,2,2,8,0,4,8,0,0,2,0,2,2,4,4
17,18,inception_3b_pool_proj,2,2,9,1,4,9,0,0,2,1,2,2,4,4
17,18,inception_3b_pool_proj,2,2,10,0,5,10,0,0,2,2,2,2,4,4
17,18,inception_3b_pool_proj,2,2,11,1,5,11,0,0,2,3,2,2,4,4
17,18,inception_3b_pool_proj,2,3,12,0,6,12,0,0,3,0,2,2,4,4
17,18,inception_3b_pool_proj,2,3,13,1,6,13,0,0,3,1,2,2,4,4
17,18,inception_3b_pool_proj,2,3,14,0,7,14,0,0,3,2,2,2,4,4
17,18,inception_3b_pool_proj,2,3,15,1,7,15,0,0,3,3,2,2,4,4
17,18,inception_3b_pool_proj,2,7,16,2,7,32,1,0,0,0,2,2,4,4
17,18,inception_3b_pool_proj,2,7,17,3,7,33,1,0,0,1,2,2,4,4
17,18,inception_3b_pool_proj,2,7,18,2,6,34,1,0,0,2,2,2,4,4
17,18,inception_3b_pool_proj,2,7,19,3,6,35,1,0,0,3,2,2,4,4
17,18,inception_3b_pool_proj,2,6,20,2,5,36,1,0,1,0,2,2,4,4
17,18,inception_3b_pool_proj,2,6,21,3,5,37,1,0,1,1,2,2,4,4
17,18,inception_3b_pool_proj,2,6,22,2,4,38,1,0,1,2,2,2,4,4
17,18,inception_3b_pool_proj,2,6,23,3,4,39,1,0,1,3,2,2,4,4
17,18,inception_3b_pool_proj,2,5,24,2,3,40,1,0,2,0,2,2,4,4
17,18,inception_3b_pool_proj,2,5,25,3,3,41,1,0,2,1,2,2,4,4
17,18,inception_3b_pool_proj,2,5,26,2,2,42,1,0,2,2,2,2,4,4
17,18,inception_3b_pool_proj,2,5,27,3,2,43,1,0,2,3,2,2,4,4
17,18,inception_3b_pool_proj,2,4,28,2,1,44,1,0,3,0,2,2,4,4
17,18,inception_3b_pool_proj,2,4,29,3,1,45,1,0,3,1,2,2,4,4
17,18,inception_3b_pool_proj,2,4,30,2,0,46,1,0,3,2,2,2,4,4
17,18,inception_3b_pool_proj,2,4,31,3,0,47,1,0,3,3,2,2,4,4
17,18,inception_3b_pool_proj,2,8,32,4,0,16,0,1,0,0,2,2,4,4
17,18,inception_3b_pool_proj,2,8,33,5,0,17,0,1,0,1,2,2,4,4
17,18,inception_3b_pool_proj,2,8,34,4,1,18,0,1,0,2,2,2,4,4
17,18,inception_3b_pool_proj,2,8,35,5,1,19,0,1,0,3,2,2,4,4
17,18,inception_3b_pool_proj,2,9,36,4,2,20,0,1,1,0,2,2,4,4
17,18,inception_3b_pool_proj,2,9,37,5,2,21,0,1,1,1,2,2,4,4
17,18,inception_3b_pool_proj,2,9,38,4,3,22,0,1,1,2,2,2,4,4
17,18,inception_3b_pool_proj,2,9,39,5,3,23,0,1,1,3,2,2,4,4
17,18,inception_3b_pool_proj,2,10,40,4,4,24,0,1,2,0,2,2,4,4
17,18,inception_3b_pool_proj,2,10,41,5,4,25,0,1,2,1,2,2,4,4
17,18,inception_3b_pool_proj,2,10,42,4,5,26,0,1,2,2,2,2,4,4
17,18,inception_3b_pool_proj,2,10,43,5,5,27,0,1,2,3,2,2,4,4
17,18,inception_3b_pool_proj,2,11,44,4,6,28,0,1,3,0,2,2,4,4
17,18,inception_3b_pool_proj,2,11,45,5,6,29,0,1,3,1,2,2,4,4
17,18,inception_3b_pool_proj,2,11,46,4,7,30,0,1,3,2,2,2,4,4
17,18,inception_3b_pool_proj,2,11,47,5,7,31,0,1,3,3,2,2,4,4
17,18,inception_3b_pool_proj,2,15,48,6,7,48,1,1,0,0,2,2,4,4
17,18,inception_3b_pool_proj,2,15,49,7,7,49,1,1,0,1,2,2,4,4
17,18,inception_3b_pool_proj,2,15,50,6,6,50,1,1,0,2,2,2,4,4
17,18,inception_3b_pool_proj,2,15,51,7,6,51,1,1,0,3,2,2,4,4
17,18,inception_3b_pool_proj,2,14,52,6,5,52,1,1,1,0,2,2,4,4
17,18,inception_3b_pool_proj,2,14,53,7,5,53,1,1,1,1,2,2,4,4
17,18,inception_3b_pool_proj,2,14,54,6,4,54,1,1,1,2,2,2,4,4
17,18,inception_3b_pool_proj,2,14,55,7,4,55,1,1,1,3,2,2,4,4
17,18,inception_3b_pool_proj,2,13,56,6,3,56,1,1,2,0,2,2,4,4
17,18,inception_3b_pool_proj,2,13,57,7,3,57,1,1,2,1,2,2,4,4
17,18,inception_3b_pool_proj,2,13,58,6,2,58,1,1,2,2,2,2,4,4
17,18,inception_3b_pool_proj,2,13,59,7,2,59,1,1,2,3,2,2,4,4
17,18,inception_3b_pool_proj,2,12,60,6,1,60,1,1,3,0,2,2,4,4
17,18,inception_3b_pool_proj,2,12,61,7,1,61,1,1,3,1,2,2,4,4
17,18,inception_3b_pool_proj,2,12,62,6,0,62,1,1,3,2,2,2,4,4
17,18,inception_3b_pool_proj,2,12,63,7,0,63,1,1,3,3,2,2,4,4
18,19,pool3,1,0,0,0,0,0,0,0,0,0,1,11,1,2
18,19,pool3,1,0,1,1,0,1,0,0,0,1,1,11,1,2
18,19,pool3,1,0,2,0,1,2,0,1,0,0,1,11,1,2
18,19,pool3,1,0,3,1,1,3,0,1,0,1,1,11,1,2
18,19,pool3,1,1,4,0,2,4,0,2,0,0,1,11,1,2
18,19,pool3,1,1,5,1,2,5,0,2,0,1,1,11,1,2
18,19,pool3,1,1,6,0,3,6,0,3,0,0,1,11,1,2
18,19,pool3,1,1,7,1,3,7,0,3,0,1,1,11,1,2
18,19,pool3,1,2,8,0,4,8,0,4,0,0,1,11,1,2
18,19,pool3,1,2,9,1,4,9,0,4,0,1,1,11,1,2
18,19,pool3,1,2,10,0,5,10,0,5,0,0,1,11,1,2
18,19,pool3,1,2,11,1,5,11,0,5,0,1,1,11,1,2
18,19,pool3,1,3,12,0,6,12,0,6,0,0,1,11,1,2
18,19,pool3,1,3,13,1,6,13,0,6,0,1,1,11,1,2
18,19,pool3,1,3,14,0,7,14,0,7,0,0,1,11,1,2
18,19,pool3,1,3,15,1,7,15,0,7,0,1,1,11,1,2
18,19,pool3,1,7,16,2,7,16,0,8,0,0,1,11,1,2
18,19,pool3,1,7,17,3,7,17,0,8,0,1,1,11,1,2
18,19,pool3,1,7,18,2,6,18,0,9,0,0,1,11,1,2
18,19,pool3,1,7,19,3,6,19,0,9,0,1,1,11,1,2
18,19,pool3,1,6,20,2,5,20,0,10,0,0,1,11,1,2
18,19,pool3,1,6,21,3,5,21,0,10,0,1,1,11,1,2
18,20,inception_4a_1x1,1,6,22,2,4,0,0,0,0,0,1,2,2,7
18,20,inception_4a_1x1,1,6,23,3,4,1,0,0,0,1,1,2,2,7
18,20,inception_4a_1x1,1,5,24,2,3,2,0,0,0,2,1,2,2,7
18,20,inception_4a_1x1,1,5,25,3,3,3,0,0,0,3,1,2,2,7
18,20,inception_4a_1x1,1,5,26,2,2,4,0,0,0,4,1,2,2,7
18,20,inception_4a_1x1,1,5,27,3,2,5,0,0,0,5,1,2,2,7
18,20,inception_4a_1x1,1,4,28,2,1,6,0,0,0,6,1,2,2,7
18,20,inception_4a_1x1,1,4,29,3,1,7,0,0,1,0,1,2,2,7
18,20,inception_4a_1x1,1,4,30,2,0,8,0,0,1,1,1,2,2,7
18,20,inception_4a_1x1,1,4,31,3,0,9,0,0,1,2,1,2,2,7
18,20,inception_4a_1x1,1,8,32,4,0,10,0,0,1,3,1,2,2,7
18,20,inception_4a_1x1,1,8,33,5,0,11,0,0,1,4,1,2,2,7
18,20,inception_4a_1x1,1,8,34,4,1,12,0,0,1,5,1,2,2,7
18,20,inception_4a_1x1,1,8,35,5,1,13,0,0,1,6,1,2,2,7
18,20,inception_4a_1x1,1,9,36,4,2,14,0,1,0,0,1,2,2,7
18,20,inception_4a_1x1,1,9,37,5,2,15,0,1,0,1,1,2,2,7
18,20,inception_4a_1x1,1,9,38,4,3,16,0,1,0,2,1,2,2,7
18,20,inception_4a_1x1,1,9,39,5,3,17,0,1,0,3,1,2,2,7
18,20,inception_4a_1x1,1,10,40,4,4,18,0,1,0,4,1,2,2,7
18,20,inception_4a_1x1,1,10,41,5,4,19,0,1,0,5,1,2,2,7
18,20,inception_4a_1x1,1,10,42,4,5,20,0,1,0,6,1,2,2,7
18,20,inception_4a_1x1,1,10,43,5,5,21,0,1,1,0,1,2,2,7
18,20,inception_4a_1x1,1,11,44,4,6,22,0,1,1,1,1,2,2,7
18,20,inception_4a_1x1,1,11,45,5,6,23,0,1,1,2,1,2,2,7
18,20,inception_4a_1x1,1,11,46,4,7,24,0,1,1,3,1,2,2,7
18,20,inception_4a_1x1,1,11,47,5,7,25,0,1,1,4,1,2,2,7
18,20,inception_4a_1x1,1,15,48,6,7,26,0,1,1,5,1,2,2,7
18,20,inception_4a_1x1,1,15,49,7,7,27,0,1,1,6,1,2,2,7
18,21,inception_4a_3x3_reduce,1,15,50,6,6,0,0,0,0,0,1,1,2,7
18,21,inception_4a_3x3_reduce,1,15,51,7,6,1,0,0,0,1,1,1,2,7
18,21,inception_4a_3x3_reduce,1,14,52,6,5,2,0,0,0,2,1,1,2,7
18,21,inception_4a_3x3_reduce,1,14,53,7,5,3,0,0,0,3,1,1,2,7
18,21,inception_4a_3x3_reduce,1,14,54,6,4,4,0,0,0,4,1,1,2,7
18,21,inception_4a_3x3_reduce,1,14,55,7,4,5,0,0,0,5,1,1,2,7
18,21,inception_4a_3x3_reduce,1,13,56,6,3,6,0,0,0,6,1,1,2,7
18,21,inception_4a_3x3_reduce,1,13,57,7,3,7,0,0,1,0,1,1,2,7
18,21,inception_4a_3x3_reduce,1,13,58,6,2,8,0,0,1,1,1,1,2,7
18,21,inception_4a_3x3_reduce,1,13,59,7,2,9,0,0,1,2,1,1,2,7
18,21,inception_4a_3x3_reduce,1,12,60,6,1,10,0,0,1,3,1,1,2,7
18,21,inception_4a_3x3_reduce,1,12,61,7,1,11,0,0,1,4,1,1,2,7
18,21,inception_4a_3x3_reduce,1,12,62,6,0,12,0,0,1,5,1,1,2,7
18,21,inception_4a_3x3_reduce,1,12,63,7,0,13,0,0,1,6,1,1,2,7
19,22,inception_4a_3x3,4,0,0,0,0,0,0,0,0,0,4,2,2,4
19,22,inception_4a_3x3,4,0,1,1,0,1,0,0,0,1,4,2,2,4
19,22,inception_4a_3x3,4,0,2,0,1,2,0,0,0,2,4,2,2,4
19,22,inception_4a_3x3,4,0,3,1,1,3,0,0,0,3,4,2,2,4
19,22,inception_4a_3x3,4,1,4,0,2,4,0,0,1,0,4,2,2,4
19,22,inception_4a_3x3,4,1,5,1,2,5,0,0,1,1,4,2,2,4
19,22,inception_4a_3x3,4,1,6,0,3,6,0,0,1,2,4,2,2,4
19,22,inception_4a_3x3,4,1,7,1,3,7,0,0,1,3,4,2,2,4
19,22,inception_4a_3x3,4,2,8,0,4,16,1,0,0,0,4,2,2,4
19,22,inception_4a_3x3,4,2,9,1,4,17,1,0,0,1,4,2,2,4
19,22,inception_4a_3x3,4,2,10,0,5,18,1,0,0,2,4,2,2,4
19,22,inception_4a_3x3,4,2,11,1,5,19,1,0,0,3,4,2,2,4
19,22,inception_4a_3x3,4,3,12,0,6,20,1,0,1,0,4,2,2,4
19,22,inception_4a_3x3,4,3,13,1,6,21,1,0,1,1,4,2,2,4
19,22,inception_4a_3x3,4,3,14,0,7,22,1,0,1,2,4,2,2,4
19,22,inception_4a_3x3,4,3,15,1,7,23,1,0,1,3,4,2,2,4
19,22,inception_4a_3x3,4,7,16,2,7,32,2,0,0,0,4,2,2,4
19,22,inception_4a_3x3,4,7,17,3,7,33,2,0,0,1,4,2,2,4
19,22,inception_4a_3x3,4,7,18,2,6,34,2,0,0,2,4,2,2,4
19,22,inception_4a_3x3,4,7,19,3,6,35,2,0,0,3,4,2,2,4
19,22,inception_4a_3x3,4,6,20,2,5,36,2,0,1,0,4,2,2,4
19,22,inception_4a_3x3,4,6,21,3,5,37,2,0,1,1,4,2,2,4
19,22,inception_4a_3x3,4,6,22,2,4,38,2,0,1,2,4,2,2,4
19,22,inception_4a_3x3,4,6,23,3,4,39,2,0,1,3,4,2,2,4
19,22,inception_4a_3x3,4,5,24,2,3,48,3,0,0,0,4,2,2,4
19,22,inception_4a_3x3,4,5,25,3,3,49,3,0,0,1,4,2,2,4
19,22,inception_4a_3x3,4,5,26,2,2,50,3,0,0,2,4,2,2,4
19,22,inception_4a_3x3,4,5,27,3,2,51,3,0,0,3,4,2,2,4
19,22,inception_4a_3x3,4,4,28,2,1,52,3,0,1,0,4,2,2,4
19,22,inception_4a_3x3,4,4,29,3,1,53,3,0,1,1,4,2,2,4
19,22,inception_4a_3x3,4,4,30,2,0,54,3,0,1,2,4,2,2,4
19,22,inception_4a_3x3,4,4,31,3,0,55,3,0,1,3,4,2,2,4
19,22,inception_4a_3x3,4,8,32,4,0,8,0,1,0,0,4,2,2,4
19,22,inception_4a_3x3,4,8,33,5,0,9,0,1,0,1,4,2,2,4
19,22,inception_4a_3x3,4,8,34,4,1,10,0,1,0,2,4,2,2,4
19,22,inception_4a_3x3,4,8,35,5,1,11,0,1,0,3,4,2,2,4
19,22,inception_4a_3x3,4,9,36,4,2,12,0,1,1,0,4,2,2,4
19,22,inception_4a_3x3,4,9,37,5,2,13,0,1,1,1,4,2,2,4
19,22,inception_4a_3x3,4,9,38,4,3,14,0,1,1,2,4,2,2,4
19,22,inception_4a_3x3,4,9,39,5,3,15,0,1,1,3,4,2,2,4
19,22,inception_4a_3x3,4,10,40,4,4,24,1,1,0,0,4,2,2,4
19,22,inception_4a_3x3,4,10,41,5,4,25,1,1,0,1,4,2,2,4
19,22,inception_4a_3x3,4,10,42,4,5,26,1,1,0,2,4,2,2,4
19,22,inception_4a_3x3,4,10,43,5,5,27,1,1,0,3,4,2,2,4
19,22,inception_4a_3x3,4,11,44,4,6,28,1,1,1,0,4,2,2,4
19,22,inception_4a_3x3,4,11,45,5,6,29,1,1,1,1,4,2,2,4
19,22,inception_4a_3x3,4,11,46,4,7,30,1,1,1,2,4,2,2,4
19,22,inception_4a_3x3,4,11,47,5,7,31,1,1,1,3,4,2,2,4
19,22,inception_4a_3x3,4,15,48,6,7,40,2,1,0,0,4,2,2,4
19,22,inception_4a_3x3,4,15,49,7,7,41,2,1,0,1,4,2,2,4
19,22,inception_4a_3x3,4,15,50,6,6,42,2,1,0,2,4,2,2,4
19,22,inception_4a_3x3,4,15,51,7,6,43,2,1,0,3,4,2,2,4
19,22,inception_4a_3x3,4,14,52,6,5,44,2,1,1,0,4,2,2,4
19,22,inception_4a_3x3,4,14,53,7,5,45,2,1,1,1,4,2,2,4
19,22,inception_4a_3x3,4,14,54,6,4,46,2,1,1,2,4,2,2,4
19,22,inception_4a_3x3,4,14,55,7,4,47,2,1,1,3,4,2,2,4
19,22,inception_4a_3x3,4,13,56,6,3,56,3,1,0,0,4,2,2,4
19,22,inception_4a_3x3,4,13,57,7,3,57,3,1,0,1,4,2,2,4
19,22,inception_4a_3x3,4,13,58,6,2,58,3,1,0,2,4,2,2,4
19,22,inception_4a_3x3,4,13,59,7,2,59,3,1,0,3,4,2,2,4
19,22,inception_4a_3x3,4,12,60,6,1,60,3,1,1,0,4,2,2,4
19,22,inception_4a_3x3,4,12,61,7,1,61,3,1,1,1,4,2,2,4
19,22,inception_4a_3x3,4,12,62,6,0,62,3,1,1,2,4,2,2,4
19,22,inception_4a_3x3,4,12,63,7,0,63,3,1,1,3,4,2,2,4
20,23,inception_4a_5x5_reduce,1,0,0,0,0,0,0,0,0,0,1,2,8,4
20,23,inception_4a_5x5_reduce,1,0,1,1,0,1,0,0,0,1,1,2,8,4
20,23,inception_4a_5x5_reduce,1,0,2,0,1,2,0,0,0,2,1,2,8,4
20,23,inception_4a_5x5_reduce,1,0,3,1,1,3,0,0,0,3,1,2,8,4
20,23,inception_4a_5x5_reduce,1,1,4,0,2,4,0,0,1,0,1,2,8,4
20,23,inception_4a_5x5_reduce,1,1,5,1,2,5,0,0,1,1,1,2,8,4
20,23,inception_4a_5x5_reduce,1,1,6,0,3,6,0,0,1,2,1,2,8,4
20,23,inception_4a_5x5_reduce,1,1,7,1,3,7,0,0,1,3,1,2,8,4
20,23,inception_4a_5x5_reduce,1,2,8,0,4,8,0,0,2,0,1,2,8,4
20,23,inception_4a_5x5_reduce,1,2,9,1,4,9,0,0,2,1,1,2,8,4
20,23,inception_4a_5x5_reduce,1,2,10,0,5,10,0,0,2,2,1,2,8,4
20,23,inception_4a_5x5_reduce,1,2,11,1,5,11,0,0,2,3,1,2,8,4
20,23,inception_4a_5x5_reduce,1,3,12,0,6,12,0,0,3,0,1,2,8,4
20,23,inception_4a_5x5_reduce,1,3,13,1,6,13,0,0,3,1,1,2,8,4
20,23,inception_4a_5x5_reduce,1,3,14,0,7,14,0,0,3,2,1,2,8,4
20,23,inception_4a_5x5_reduce,1,3,15,1,7,15,0,0,3,3,1,2,8,4
20,23,inception_4a_5x5_reduce,1,7,16,2,7,16,0,0,4,0,1,2,8,4
20,23,inception_4a_5x5_reduce,1,7,17,3,7,17,0,0,4,1,1,2,8,4
20,23,inception_4a_5x5_reduce,1,7,18,2,6,18,0,0,4,2,1,2,8,4
20,23,inception_4a_5x5_reduce,1,7,19,3,6,19,0,0,4,3,1,2,8,4
20,23,inception_4a_5x5_reduce,1,6,20,2,5,20,0,0,5,0,1,2,8,4
20,23,inception_4a_5x5_reduce,1,6,21,3,5,21,0,0,5,1,1,2,8,4
20,23,inception_4a_5x5_reduce,1,6,22,2,4,22,0,0,5,2,1,2,8,4
20,23,inception_4a_5x5_reduce,1,6,23,3,4,23,0,0,5,3,1,2,8,4
20,23,inception_4a_5x5_reduce,1,5,24,2,3,24,0,0,6,0,1,2,8,4
20,23,inception_4a_5x5_reduce,1,5,25,3,3,25,0,0,6,1,1,2,8,4
20,23,inception_4a_5x5_reduce,1,5,26,2,2,26,0,0,6,2,1,2,8,4
20,23,inception_4a_5x5_reduce,1,5,27,3,2,27,0,0,6,3,1,2,8,4
20,23,inception_4a_5x5_reduce,1,4,28,2,1,28,0,0,7,0,1,2,8,4
20,23,inception_4a_5x5_reduce,1,4,29,3,1,29,0,0,7,1,1,2,8,4
20,23,inception_4a_5x5_reduce,1,4,30,2,0,30,0,0,7,2,1,2,8,4
20,23,inception_4a_5x5_reduce,1,4,31,3,0,31,0,0,7,3,1,2,8,4
20,23,inception_4a_5x5_reduce,1,8,32,4,0,32,0,1,0,0,1,2,8,4
20,23,inception_4a_5x5_reduce,1,8,33,5,0,33,0,1,0,1,1,2,8,4
20,23,inception_4a_5x5_reduce,1,8,34,4,1,34,0,1,0,2,1,2,8,4
20,23,inception_4a_5x5_reduce,1,8,35,5,1,35,0,1,0,3,1,2,8,4
20,23,inception_4a_5x5_reduce,1,9,36,4,2,36,0,1,1,0,1,2,8,4
20,23,inception_4a_5x5_reduce,1,9,37,5,2,37,0,1,1,1,1,2,8,4
20,23,inception_4a_5x5_reduce,1,9,38,4,3,38,0,1,1,2,1,2,8,4
20,23,inception_4a_5x5_reduce,1,9,39,5,3,39,0,1,1,3,1,2,8,4
20,23,inception_4a_5x5_reduce,1,10,40,4,4,40,0,1,2,0,1,2,8,4
20,23,inception_4a_5x5_reduce,1,10,41,5,4,41,0,1,2,1,1,2,8,4
20,23,inception_4a_5x5_reduce,1,10,42,4,5,42,0,1,2,2,1,2,8,4
20,23,inception_4a_5x5_reduce,1,10,43,5,5,43,0,1,2,3,1,2,8,4
20,23,inception_4a_5x5_reduce,1,11,44,4,6,44,0,1,3,0,1,2,8,4
20,23,inception_4a_5x5_reduce,1,11,45,5,6,45,0,1,3,1,1,2,8,4
20,23,inception_4a_5x5_reduce,1,11,46,4,7,46,0,1,3,2,1,2,8,4
20,23,inception_4a_5x5_reduce,1,11,47,5,7,47,0,1,3,3,1,2,8,4
20,23,inception_4a_5x5_reduce,1,15,48,6,7,48,0,1,4,0,1,2,8,4
20,23,inception_4a_5x5_reduce,1,15,49,7,7,49,0,1,4,1,1,2,8,4
20,23,inception_4a_5x5_reduce,1,15,50,6,6,50,0,1,4,2,1,2,8,4
20,23,inception_4a_5x5_reduce,1,15,51,7,6,51,0,1,4,3,1,2,8,4
20,23,inception_4a_5x5_reduce,1,14,52,6,5,52,0,1,5,0,1,2,8,4
20,23,inception_4a_5x5_reduce,1,14,53,7,5,53,0,1,5,1,1,2,8,4
20,23,inception_4a_5x5_reduce,1,14,54,6,4,54,0,1,5,2,1,2,8,4
20,23,inception_4a_5x5_reduce,1,14,55,7,4,55,0,1,5,3,1,2,8,4
20,23,inception_4a_5x5_reduce,1,13,56,6,3,56,0,1,6,0,1,2,8,4
20,23,inception_4a_5x5_reduce,1,13,57,7,3,57,0,1,6,1,1,2,8,4
20,23,inception_4a_5x5_reduce,1,13,58,6,2,58,0,1,6,2,1,2,8,4
20,23,inception_4a_5x5_reduce,1,13,59,7,2,59,0,1,6,3,1,2,8,4
20,23,inception_4a_5x5_reduce,1,12,60,6,1,60,0,1,7,0,1,2,8,4
20,23,inception_4a_5x5_reduce,1,12,61,7,1,61,0,1,7,1,1,2,8,4
20,23,inception_4a_5x5_reduce,1,12,62,6,0,62,0,1,7,2,1,2,8,4
20,23,inception_4a_5x5_reduce,1,12,63,7,0,63,0,1,7,3,1,2,8,4
21,24,inception_4a_5x5,1,0,0,0,0,0,0,0,0,0,1,2,8,4
21,24,inception_4a_5x5,1,0,1,1,0,1,0,0,0,1,1,2,8,4
21,24,inception_4a_5x5,1,0,2,0,1,2,0,0,0,2,1,2,8,4
21,24,inception_4a_5x5,1,0,3,1,1,3,0,0,0,3,1,2,8,4
21,24,inception_4a_5x5,1,1,4,0,2,4,0,0,1,0,1,2,8,4
21,24,inception_4a_5x5,1,1,5,1,2,5,0,0,1,1,1,2,8,4
21,24,inception_4a_5x5,1,1,6,0,3,6,0,0,1,2,1,2,8,4
21,24,inception_4a_5x5,1,1,7,1,3,7,0,0,1,3,1,2,8,4
21,24,inception_4a_5x5,1,2,8,0,4,8,0,0,2,0,1,2,8,4
21,24,inception_4a_5x5,1,2,9,1,4,9,0,0,2,1,1,2,8,4
21,24,inception_4a_5x5,1,2,10,0,5,10,0,0,2,2,1,2,8,4
21,24,inception_4a_5x5,1,2,11,1,5,11,0,0,2,3,1,2,8,4
21,24,inception_4a_5x5,1,3,12,0,6,12,0,0,3,0,1,2,8,4
21,24,inception_4a_5x5,1,3,13,1,6,13,0,0,3,1,1,2,8,4
21,24,inception_4a_5x5,1,3,14,0,7,14,0,0,3,2,1,2,8,4
21,24,inception_4a_5x5,1,3,15,1,7,15,0,0,3,3,1,2,8,4
21,24,inception_4a_5x5,1,7,16,2,7,16,0,0,4,0,1,2,8,4
21,24,inception_4a_5x5,1,7,17,3,7,17,0,0,4,1,1,2,8,4
21,24,inception_4a_5x5,1,7,18,2,6,18,0,0,4,2,1,2,8,4
21,24,inception_4a_5x5,1,7,19,3,6,19,0,0,4,3,1,2,8,4
21,24,inception_4a_5x5,1,6,20,2,5,20,0,0,5,0,1,2,8,4
21,24,inception_4a_5x5,1,6,21,3,5,21,0,0,5,1,1,2,8,4
21,24,inception_4a_5x5,1,6,22,2,4,22,0,0,5,2,1,2,8,4
21,24,inception_4a_5x5,1,6,23,3,4,23,0,0,5,3,1,2,8,4
21,24,inception_4a_5x5,1,5,24,2,3,24,0,0,6,0,1,2,8,4
21,24,inception_4a_5x5,1,5,25,3,3,25,0,0,6,1,1,2,8,4
21,24,inception_4a_5x5,1,5,26,2,2,26,0,0,6,2,1,2,8,4
21,24,inception_4a_5x5,1,5,27,3,2,27,0,0,6,3,1,2,8,4
21,24,inception_4a_5x5,1,4,28,2,1,28,0,0,7,0,1,2,8,4
21,24,inception_4a_5x5,1,4,29,3,1,29,0,0,7,1,1,2,8,4
21,24,inception_4a_5x5,1,4,30,2,0,30,0,0,7,2,1,2,8,4
21,24,inception_4a_5x5,1,4,31,3,0,31,0,0,7,3,1,2,8,4
21,24,inception_4a_5x5,1,8,32,4,0,32,0,1,0,0,1,2,8,4
21,24,inception_4a_5x5,1,8,33,5,0,33,0,1,0,1,1,2,8,4
21,24,inception_4a_5x5,1,8,34,4,1,34,0,1,0,2,1,2,8,4
21,24,inception_4a_5x5,1,8,35,5,1,35,0,1,0,3,1,2,8,4
21,24,inception_4a_5x5,1,9,36,4,2,36,0,1,1,0,1,2,8,4
21,24,inception_4a_5x5,1,9,37,5,2,37,0,1,1,1,1,2,8,4
21,24,inception_4a_5x5,1,9,38,4,3,38,0,1,1,2,1,2,8,4
21,24,inception_4a_5x5,1,9,39,5,3,39,0,1,1,3,1,2,8,4
21,24,inception_4a_5x5,1,10,40,4,4,40,0,1,2,0,1,2,8,4
21,24,inception_4a_5x5,1,10,41,5,4,41,0,1,2,1,1,2,8,4
21,24,inception_4a_5x5,1,10,42,4,5,42,0,1,2,2,1,2,8,4
21,24,inception_4a_5x5,1,10,43,5,5,43,0,1,2,3,1,2,8,4
21,24,inception_4a_5x5,1,11,44,4,6,44,0,1,3,0,1,2,8,4
21,24,inception_4a_5x5,1,11,45,5,6,45,0,1,3,1,1,2,8,4
21,24,inception_4a_5x5,1,11,46,4,7,46,0,1,3,2,1,2,8,4
21,24,inception_4a_5x5,1,11,47,5,7,47,0,1,3,3,1,2,8,4
21,24,inception_4a_5x5,1,15,48,6,7,48,0,1,4,0,1,2,8,4
21,24,inception_4a_5x5,1,15,49,7,7,49,0,1,4,1,1,2,8,4
21,24,inception_4a_5x5,1,15,50,6,6,50,0,1,4,2,1,2,8,4
21,24,inception_4a_5x5,1,15,51,7,6,51,0,1,4,3,1,2,8,4
21,24,inception_4a_5x5,1,14,52,6,5,52,0,1,5,0,1,2,8,4
21,24,inception_4a_5x5,1,14,53,7,5,53,0,1,5,1,1,2,8,4
21,24,inception_4a_5x5,1,14,54,6,4,54,0,1,5,2,1,2,8,4
21,24,inception_4a_5x5,1,14,55,7,4,55,0,1,5,3,1,2,8,4
21,24,inception_4a_5x5,1,13,56,6,3,56,0,1,6,0,1,2,8,4
21,24,inception_4a_5x5,1,13,57,7,3,57,0,1,6,1,1,2,8,4
21,24,inception_4a_5x5,1,13,58,6,2,58,0,1,6,2,1,2,8,4
21,24,inception_4a_5x5,1,13,59,7,2,59,0,1,6,3,1,2,8,4
21,24,inception_4a_5x5,1,12,60,6,1,60,0,1,7,0,1,2,8,4
21,24,inception_4a_5x5,1,12,61,7,1,61,0,1,7,1,1,2,8,4
21,24,inception_4a_5x5,1,12,62,6,0,62,0,1,7,2,1,2,8,4
21,24,inception_4a_5x5,1,12,63,7,0,63,0,1,7,3,1,2,8,4
22,25,inception_4a_pool,2,0,0,0,0,0,0,0,0,0,2,8,2,2
22,25,inception_4a_pool,2,0,1,1,0,1,0,0,0,1,2,8,2,2
22,25,inception_4a_pool,2,0,2,0,1,2,0,0,1,0,2,8,2,2
22,25,inception_4a_pool,2,0,3,1,1,3,0,0,1,1,2,8,2,2
22,25,inception_4a_pool,2,1,4,0,2,32,1,0,0,0,2,8,2,2
22,25,inception_4a_pool,2,1,5,1,2,33,1,0,0,1,2,8,2,2
22,25,inception_4a_pool,2,1,6,0,3,34,1,0,1,0,2,8,2,2
22,25,inception_4a_pool,2,1,7,1,3,35,1,0,1,1,2,8,2,2
22,25,inception_4a_pool,2,2,8,0,4,4,0,1,0,0,2,8,2,2
22,25,inception_4a_pool,2,2,9,1,4,5,0,1,0,1,2,8,2,2
22,25,inception_4a_pool,2,2,10,0,5,6,0,1,1,0,2,8,2,2
22,25,inception_4a_pool,2,2,11,1,5,7,0,1,1,1,2,8,2,2
22,25,inception_4a_pool,2,3,12,0,6,36,1,1,0,0,2,8,2,2
22,25,inception_4a_pool,2,3,13,1,6,37,1,1,0,1,2,8,2,2
22,25,inception_4a_pool,2,3,14,0,7,38,1,1,1,0,2,8,2,2
22,25,inception_4a_pool,2,3,15,1,7,39,1,1,1,1,2,8,2,2
22,25,inception_4a_pool,2,7,16,2,7,8,0,2,0,0,2,8,2,2
22,25,inception_4a_pool,2,7,17,3,7,9,0,2,0,1,2,8,2,2
22,25,inception_4a_pool,2,7,18,2,6,10,0,2,1,0,2,8,2,2
22,25,inception_4a_pool,2,7,19,3,6,11,0,2,1,1,2,8,2,2
22,25,inception_4a_pool,2,6,20,2,5,40,1,2,0,0,2,8,2,2
22,25,inception_4a_pool,2,6,21,3,5,41,1,2,0,1,2,8,2,2
22,25,inception_4a_pool,2,6,22,2,4,42,1,2,1,0,2,8,2,2
22,25,inception_4a_pool,2,6,23,3,4,43,1,2,1,1,2,8,2,2
22,25,inception_4a_pool,2,5,24,2,3,12,0,3,0,0,2,8,2,2
22,25,inception_4a_pool,2,5,25,3,3,13,0,3,0,1,2,8,2,2
22,25,inception_4a_pool,2,5,26,2,2,14,0,3,1,0,2,8,2,2
22,25,inception_4a_pool,2,5,27,3,2,15,0,3,1,1,2,8,2,2
22,25,inception_4a_pool,2,4,28,2,1,44,1,3,0,0,2,8,2,2
22,25,inception_4a_pool,2,4,29,3,1,45,1,3,0,1,2,8,2,2
22,25,inception_4a_pool,2,4,30,2,0,46,1,3,1,0,2,8,2,2
22,25,inception_4a_pool,2,4,31,3,0,47,1,3,1,1,2,8,2,2
22,25,inception_4a_pool,2,8,32,4,0,16,0,4,0,0,2,8,2,2
22,25,inception_4a_pool,2,8,33,5,0,17,0,4,0,1,2,8,2,2
22,25,inception_4a_pool,2,8,34,4,1,18,0,4,1,0,2,8,2,2
22,25,inception_4a_pool,2,8,35,5,1,19,0,4,1,1,2,8,2,2
22,25,inception_4a_pool,2,9,36,4,2,48,1,4,0,0,2,8,2,2
22,25,inception_4a_pool,2,9,37,5,2,49,1,4,0,1,2,8,2,2
22,25,inception_4a_pool,2,9,38,4,3,50,1,4,1,0,2,8,2,2
22,25,inception_4a_pool,2,9,39,5,3,51,1,4,1,1,2,8,2,2
22,25,inception_4a_pool,2,10,40,4,4,20,0,5,0,0,2,8,2,2
22,25,inception_4a_pool,2,10,41,5,4,21,0,5,0,1,2,8,2,2
22,25,inception_4a_pool,2,10,42,4,5,22,0,5,1,0,2,8,2,2
22,25,inception_4a_pool,2,10,43,5,5,23,0,5,1,1,2,8,2,2
22,25,inception_4a_pool,2,11,44,4,6,52,1,5,0,0,2,8,2,2
22,25,inception_4a_pool,2,11,45,5,6,53,1,5,0,1,2,8,2,2
22,25,inception_4a_pool,2,11,46,4,7,54,1,5,1,0,2,8,2,2
22,25,inception_4a_pool,2,11,47,5,7,55,1,5,1,1,2,8,2,2
22,25,inception_4a_pool,2,15,48,6,7,24,0,6,0,0,2,8,2,2
22,25,inception_4a_pool,2,15,49,7,7,25,0,6,0,1,2,8,2,2
22,25,inception_4a_pool,2,15,50,6,6,26,0,6,1,0,2,8,2,2
22,25,inception_4a_pool,2,15,51,7,6,27,0,6,1,1,2,8,2,2
22,25,inception_4a_pool,2,14,52,6,5,56,1,6,0,0,2,8,2,2
22,25,inception_4a_pool,2,14,53,7,5,57,1,6,0,1,2,8,2,2
22,25,inception_4a_pool,2,14,54,6,4,58,1,6,1,0,2,8,2,2
22,25,inception_4a_pool,2,14,55,7,4,59,1,6,1,1,2,8,2,2
22,25,inception_4a_pool,2,13,56,6,3,28,0,7,0,0,2,8,2,2
22,25,inception_4a_pool,2,13,57,7,3,29,0,7,0,1,2,8,2,2
22,25,inception_4a_pool,2,13,58,6,2,30,0,7,1,0,2,8,2,2
22,25,inception_4a_pool,2,13,59,7,2,31,0,7,1,1,2,8,2,2
22,25,inception_4a_pool,2,12,60,6,1,60,1,7,0,0,2,8,2,2
22,25,inception_4a_pool,2,12,61,7,1,61,1,7,0,1,2,8,2,2
22,25,inception_4a_pool,2,12,62,6,0,62,1,7,1,0,2,8,2,2
22,25,inception_4a_pool,2,12,63,7,0,63,1,7,1,1,2,8,2,2
23,26,inception_4a_pool_proj,1,0,0,0,0,0,0,0,0,0,1,8,2,4
23,26,inception_4a_pool_proj,1,0,1,1,0,1,0,0,0,1,1,8,2,4
23,26,inception_4a_pool_proj,1,0,2,0,1,2,0,0,0,2,1,8,2,4
23,26,inception_4a_pool_proj,1,0,3,1,1,3,0,0,0,3,1,8,2,4
23,26,inception_4a_pool_proj,1,1,4,0,2,4,0,0,1,0,1,8,2,4
23,26,inception_4a_pool_proj,1,1,5,1,2,5,0,0,1,1,1,8,2,4
23,26,inception_4a_pool_proj,1,1,6,0,3,6,0,0,1,2,1,8,2,4
23,26,inception_4a_pool_proj,1,1,7,1,3,7,0,0,1,3,1,8,2,4
23,26,inception_4a_pool_proj,1,2,8,0,4,8,0,1,0,0,1,8,2,4
23,26,inception_4a_pool_proj,1,2,9,1,4,9,0,1,0,1,1,8,2,4
23,26,inception_4a_pool_proj,1,2,10,0,5,10,0,1,0,2,1,8,2,4
23,26,inception_4a_pool_proj,1,2,11,1,5,11,0,1,0,3,1,8,2,4
23,26,inception_4a_pool_proj,1,3,12,0,6,12,0,1,1,0,1,8,2,4
23,26,inception_4a_pool_proj,1,3,13,1,6,13,0,1,1,1,1,8,2,4
23,26,inception_4a_pool_proj,1,3,14,0,7,14,0,1,1,2,1,8,2,4
23,26,inception_4a_pool_proj,1,3,15,1,7,15,0,1,1,3,1,8,2,4
23,26,inception_4a_pool_proj,1,7,16,2,7,16,0,2,0,0,1,8,2,4
23,26,inception_4a_pool_proj,1,7,17,3,7,17,0,2,0,1,1,8,2,4
23,26,inception_4a_pool_proj,1,7,18,2,6,18,0,2,0,2,1,8,2,4
23,26,inception_4a_pool_proj,1,7,19,3,6,19,0,2,0,3,1,8,2,4
23,26,inception_4a_pool_proj,1,6,20,2,5,20,0,2,1,0,1,8,2,4
23,26,inception_4a_pool_proj,1,6,21,3,5,21,0,2,1,1,1,8,2,4
23,26,inception_4a_pool_proj,1,6,22,2,4,22,0,2,1,2,1,8,2,4
23,26,inception_4a_pool_proj,1,6,23,3,4,23,0,2,1,3,1,8,2,4
23,26,inception_4a_pool_proj,1,5,24,2,3,24,0,3,0,0,1,8,2,4
23,26,inception_4a_pool_proj,1,5,25,3,3,25,0,3,0,1,1,8,2,4
23,26,inception_4a_pool_proj,1,5,26,2,2,26,0,3,0,2,1,8,2,4
23,26,inception_4a_pool_proj,1,5,27,3,2,27,0,3,0,3,1,8,2,4
23,26,inception_4a_pool_proj,1,4,28,2,1,28,0,3,1,0,1,8,2,4
23,26,inception_4a_pool_proj,1,4,29,3,1,29,0,3,1,1,1,8,2,4
23,26,inception_4a_pool_proj,1,4,30,2,0,30,0,3,1,2,1,8,2,4
23,26,inception_4a_pool_proj,1,4,31,3,0,31,0,3,1,3,1,8,2,4
23,26,inception_4a_pool_proj,1,8,32,4,0,32,0,4,0,0,1,8,2,4
23,26,inception_4a_pool_proj,1,8,33,5,0,33,0,4,0,1,1,8,2,4
23,26,inception_4a_pool_proj,1,8,34,4,1,34,0,4,0,2,1,8,2,4
23,26,inception_4a_pool_proj,1,8,35,5,1,35,0,4,0,3,1,8,2,4
23,26,inception_4a_pool_proj,1,9,36,4,2,36,0,4,1,0,1,8,2,4
23,26,inception_4a_pool_proj,1,9,37,5,2,37,0,4,1,1,1,8,2,4
23,26,inception_4a_pool_proj,1,9,38,4,3,38,0,4,1,2,1,8,2,4
23,26,inception_4a_pool_proj,1,9,39,5,3,39,0,4,1,3,1,8,2,4
23,26,inception_4a_pool_proj,1,10,40,4,4,40,0,5,0,0,1,8,2,4
23,26,inception_4a_pool_proj,1,10,41,5,4,41,0,5,0,1,1,8,2,4
23,26,inception_4a_pool_proj,1,10,42,4,5,42,0,5,0,2,1,8,2,4
23,26,inception_4a_pool_proj,1,10,43,5,5,43,0,5,0,3,1,8,2,4
23,26,inception_4a_pool_proj,1,11,44,4,6,44,0,5,1,0,1,8,2,4
23,26,inception_4a_pool_proj,1,11,45,5,6,45,0,5,1,1,1,8,2,4
23,26,inception_4a_pool_proj,1,11,46,4,7,46,0,5,1,2,1,8,2,4
23,26,inception_4a_pool_proj,1,11,47,5,7,47,0,5,1,3,1,8,2,4
23,26,inception_4a_pool_proj,1,15,48,6,7,48,0,6,0,0,1,8,2,4
23,26,inception_4a_pool_proj,1,15,49,7,7,49,0,6,0,1,1,8,2,4
23,26,inception_4a_pool_proj,1,15,50,6,6,50,0,6,0,2,1,8,2,4
23,26,inception_4a_pool_proj,1,15,51,7,6,51,0,6,0,3,1,8,2,4
23,26,inception_4a_pool_proj,1,14,52,6,5,52,0,6,1,0,1,8,2,4
23,26,inception_4a_pool_proj,1,14,53,7,5,53,0,6,1,1,1,8,2,4
23,26,inception_4a_pool_proj,1,14,54,6,4,54,0,6,1,2,1,8,2,4
23,26,inception_4a_pool_proj,1,14,55,7,4,55,0,6,1,3,1,8,2,4
23,26,inception_4a_pool_proj,1,13,56,6,3,56,0,7,0,0,1,8,2,4
23,26,inception_4a_pool_proj,1,13,57,7,3,57,0,7,0,1,1,8,2,4
23,26,inception_4a_pool_proj,1,13,58,6,2,58,0,7,0,2,1,8,2,4
23,26,inception_4a_pool_proj,1,13,59,7,2,59,0,7,0,3,1,8,2,4
23,26,inception_4a_pool_proj,1,12,60,6,1,60,0,7,1,0,1,8,2,4
23,26,inception_4a_pool_proj,1,12,61,7,1,61,0,7,1,1,1,8,2,4
23,26,inception_4a_pool_proj,1,12,62,6,0,62,0,7,1,2,1,8,2,4
23,26,inception_4a_pool_proj,1,12,63,7,0,63,0,7,1,3,1,8,2,4
24,27,inception_4b_1x1,2,0,0,0,0,0,0,0,0,0,2,4,2,4
24,27,inception_4b_1x1,2,0,1,1,0,1,0,0,0,1,2,4,2,4
24,27,inception_4b_1x1,2,0,2,0,1,2,0,0,0,2,2,4,2,4
24,27,inception_4b_1x1,2,0,3,1,1,3,0,0,0,3,2,4,2,4
24,27,inception_4b_1x1,2,1,4,0,2,4,0,0,1,0,2,4,2,4
24,27,inception_4b_1x1,2,1,5,1,2,5,0,0,1,1,2,4,2,4
24,27,inception_4b_1x1,2,1,6,0,3,6,0,0,1,2,2,4,2,4
24,27,inception_4b_1x1,2,1,7,1,3,7,0,0,1,3,2,4,2,4
24,27,inception_4b_1x1,2,2,8,0,4,32,1,0,0,0,2,4,2,4
24,27,inception_4b_1x1,2,2,9,1,4,33,1,0,0,1,2,4,2,4
24,27,inception_4b_1x1,2,2,10,0,5,34,1,0,0,2,2,4,2,4
24,27,inception_4b_1x1,2,2,11,1,5,35,1,0,0,3,2,4,2,4
24,27,inception_4b_1x1,2,3,12,0,6,36,1,0,1,0,2,4,2,4
24,27,inception_4b_1x1,2,3,13,1,6,37,1,0,1,1,2,4,2,4
24,27,inception_4b_1x1,2,3,14,0,7,38,1,0,1,2,2,4,2,4
24,27,inception_4b_1x1,2,3,15,1,7,39,1,0,1,3,2,4,2,4
24,27,inception_4b_1x1,2,7,16,2,7,8,0,1,0,0,2,4,2,4
24,27,inception_4b_1x1,2,7,17,3,7,9,0,1,0,1,2,4,2,4
24,27,inception_4b_1x1,2,7,18,2,6,10,0,1,0,2,2,4,2,4
24,27,inception_4b_1x1,2,7,19,3,6,11,0,1,0,3,2,4,2,4
24,27,inception_4b_1x1,2,6,20,2,5,12,0,1,1,0,2,4,2,4
24,27,inception_4b_1x1,2,6,21,3,5,13,0,1,1,1,2,4,2,4
24,27,inception_4b_1x1,2,6,22,2,4,14,0,1,1,2,2,4,2,4
24,27,inception_4b_1x1,2,6,23,3,4,15,0,1,1,3,2,4,2,4
24,27,inception_4b_1x1,2,5,24,2,3,40,1,1,0,0,2,4,2,4
24,27,inception_4b_1x1,2,5,25,3,3,41,1,1,0,1,2,4,2,4
24,27,inception_4b_1x1,2,5,26,2,2,42,1,1,0,2,2,4,2,4
24,27,inception_4b_1x1,2,5,27,3,2,43,1,1,0,3,2,4,2,4
24,27,inception_4b_1x1,2,4,28,2,1,44,1,1,1,0,2,4,2,4
24,27,inception_4b_1x1,2,4,29,3,1,45,1,1,1,1,2,4,2,4
24,27,inception_4b_1x1,2,4,30,2,0,46,1,1,1,2,2,4,2,4
24,27,inception_4b_1x1,2,4,31,3,0,47,1,1,1,3,2,4,2,4
24,27,inception_4b_1x1,2,8,32,4,0,16,0,2,0,0,2,4,2,4
24,27,inception_4b_1x1,2,8,33,5,0,17,0,2,0,1,2,4,2,4
24,27,inception_4b_1x1,2,8,34,4,1,18,0,2,0,2,2,4,2,4
24,27,inception_4b_1x1,2,8,35,5,1,19,0,2,0,3,2,4,2,4
24,27,inception_4b_1x1,2,9,36,4,2,20,0,2,1,0,2,4,2,4
24,27,inception_4b_1x1,2,9,37,5,2,21,0,2,1,1,2,4,2,4
24,27,inception_4b_1x1,2,9,38,4,3,22,0,2,1,2,2,4,2,4
24,27,inception_4b_1x1,2,9,39,5,3,23,0,2,1,3,2,4,2,4
24,27,inception_4b_1x1,2,10,40,4,4,48,1,2,0,0,2,4,2,4
24,27,inception_4b_1x1,2,10,41,5,4,49,1,2,0,1,2,4,2,4
24,27,inception_4b_1x1,2,10,42,4,5,50,1,2,0,2,2,4,2,4
24,27,inception_4b_1x1,2,10,43,5,5,51,1,2,0,3,2,4,2,4
24,27,inception_4b_1x1,2,11,44,4,6,52,1,2,1,0,2,4,2,4
24,27,inception_4b_1x1,2,11,45,5,6,53,1,2,1,1,2,4,2,4
24,27,inception_4b_1x1,2,11,46,4,7,54,1,2,1,2,2,4,2,4
24,27,inception_4b_1x1,2,11,47,5,7,55,1,2,1,3,2,4,2,4
24,27,inception_4b_1x1,2,15,48,6,7,24,0,3,0,0,2,4,2,4
24,27,inception_4b_1x1,2,15,49,7,7,25,0,3,0,1,2,4,2,4
24,27,inception_4b_1x1,2,15,50,6,6,26,0,3,0,2,2,4,2,4
24,27,inception_4b_1x1,2,15,51,7,6,27,0,3,0,3,2,4,2,4
24,27,inception_4b_1x1,2,14,52,6,5,28,0,3,1,0,2,4,2,4
24,27,inception_4b_1x1,2,14,53,7,5,29,0,3,1,1,2,4,2,4
24,27,inception_4b_1x1,2,14,54,6,4,30,0,3,1,2,2,4,2,4
24,27,inception_4b_1x1,2,14,55,7,4,31,0,3,1,3,2,4,2,4
24,27,inception_4b_1x1,2,13,56,6,3,56,1,3,0,0,2,4,2,4
24,27,inception_4b_1x1,2,13,57,7,3,57,1,3,0,1,2,4,2,4
24,27,inception_4b_1x1,2,13,58,6,2,58,1,3,0,2,2,4,2,4
24,27,inception_4b_1x1,2,13,59,7,2,59,1,3,0,3,2,4,2,4
24,27,inception_4b_1x1,2,12,60,6,1,60,1,3,1,0,2,4,2,4
24,27,inception_4b_1x1,2,12,61,7,1,61,1,3,1,1,2,4,2,4
24,27,inception_4b_1x1,2,12,62,6,0,62,1,3,1,2,2,4,2,4
24,27,inception_4b_1x1,2,12,63,7,0,63,1,3,1,3,2,4,2,4
25,28,inception_4b_3x3_reduce,1,0,0,0,0,0,0,0,0,0,1,8,2,4
25,28,inception_4b_3x3_reduce,1,0,1,1,0,1,0,0,0,1,1,8,2,4
25,28,inception_4b_3x3_reduce,1,0,2,0,1,2,0,0,0,2,1,8,2,4
25,28,inception_4b_3x3_reduce,1,0,3,1,1,3,0,0,0,3,1,8,2,4
25,28,inception_4b_3x3_reduce,1,1,4,0,2,4,0,0,1,0,1,8,2,4
25,28,inception_4b_3x3_reduce,1,1,5,1,2,5,0,0,1,1,1,8,2,4
25,28,inception_4b_3x3_reduce,1,1,6,0,3,6,0,0,1,2,1,8,2,4
25,28,inception_4b_3x3_reduce,1,1,7,1,3,7,0,0,1,3,1,8,2,4
25,28,inception_4b_3x3_reduce,1,2,8,0,4,8,0,1,0,0,1,8,2,4
25,28,inception_4b_3x3_reduce,1,2,9,1,4,9,0,1,0,1,1,8,2,4
25,28,inception_4b_3x3_reduce,1,2,10,0,5,10,0,1,0,2,1,8,2,4
25,28,inception_4b_3x3_reduce,1,2,11,1,5,11,0,1,0,3,1,8,2,4
25,28,inception_4b_3x3_reduce,1,3,12,0,6,12,0,1,1,0,1,8,2,4
25,28,inception_4b_3x3_reduce,1,3,13,1,6,13,0,1,1,1,1,8,2,4
25,28,inception_4b_3x3_reduce,1,3,14,0,7,14,0,1,1,2,1,8,2,4
25,28,inception_4b_3x3_reduce,1,3,15,1,7,15,0,1,1,3,1,8,2,4
25,28,inception_4b_3x3_reduce,1,7,16,2,7,16,0,2,0,0,1,8,2,4
25,28,inception_4b_3x3_reduce,1,7,17,3,7,17,0,2,0,1,1,8,2,4
25,28,inception_4b_3x3_reduce,1,7,18,2,6,18,0,2,0,2,1,8,2,4
25,28,inception_4b_3x3_reduce,1,7,19,3,6,19,0,2,0,3,1,8,2,4
25,28,inception_4b_3x3_reduce,1,6,20,2,5,20,0,2,1,0,1,8,2,4
25,28,inception_4b_3x3_reduce,1,6,21,3,5,21,0,2,1,1,1,8,2,4
25,28,inception_4b_3x3_reduce,1,6,22,2,4,22,0,2,1,2,1,8,2,4
25,28,inception_4b_3x3_reduce,1,6,23,3,4,23,0,2,1,3,1,8,2,4
25,28,inception_4b_3x3_reduce,1,5,24,2,3,24,0,3,0,0,1,8,2,4
25,28,inception_4b_3x3_reduce,1,5,25,3,3,25,0,3,0,1,1,8,2,4
25,28,inception_4b_3x3_reduce,1,5,26,2,2,26,0,3,0,2,1,8,2,4
25,28,inception_4b_3x3_reduce,1,5,27,3,2,27,0,3,0,3,1,8,2,4
25,28,inception_4b_3x3_reduce,1,4,28,2,1,28,0,3,1,0,1,8,2,4
25,28,inception_4b_3x3_reduce,1,4,29,3,1,29,0,3,1,1,1,8,2,4
25,28,inception_4b_3x3_reduce,1,4,30,2,0,30,0,3,1,2,1,8,2,4
25,28,inception_4b_3x3_reduce,1,4,31,3,0,31,0,3,1,3,1,8,2,4
25,28,inception_4b_3x3_reduce,1,8,32,4,0,32,0,4,0,0,1,8,2,4
25,28,inception_4b_3x3_reduce,1,8,33,5,0,33,0,4,0,1,1,8,2,4
25,28,inception_4b_3x3_reduce,1,8,34,4,1,34,0,4,0,2,1,8,2,4
25,28,inception_4b_3x3_reduce,1,8,35,5,1,35,0,4,0,3,1,8,2,4
25,28,inception_4b_3x3_reduce,1,9,36,4,2,36,0,4,1,0,1,8,2,4
25,28,inception_4b_3x3_reduce,1,9,37,5,2,37,0,4,1,1,1,8,2,4
25,28,inception_4b_3x3_reduce,1,9,38,4,3,38,0,4,1,2,1,8,2,4
25,28,inception_4b_3x3_reduce,1,9,39,5,3,39,0,4,1,3,1,8,2,4
25,28,inception_4b_3x3_reduce,1,10,40,4,4,40,0,5,0,0,1,8,2,4
25,28,inception_4b_3x3_reduce,1,10,41,5,4,41,0,5,0,1,1,8,2,4
25,28,inception_4b_3x3_reduce,1,10,42,4,5,42,0,5,0,2,1,8,2,4
25,28,inception_4b_3x3_reduce,1,10,43,5,5,43,0,5,0,3,1,8,2,4
25,28,inception_4b_3x3_reduce,1,11,44,4,6,44,0,5,1,0,1,8,2,4
25,28,inception_4b_3x3_reduce,1,11,45,5,6,45,0,5,1,1,1,8,2,4
25,28,inception_4b_3x3_reduce,1,11,46,4,7,46,0,5,1,2,1,8,2,4
25,28,inception_4b_3x3_reduce,1,11,47,5,7,47,0,5,1,3,1,8,2,4
25,28,inception_4b_3x3_reduce,1,15,48,6,7,48,0,6,0,0,1,8,2,4
25,28,inception_4b_3x3_reduce,1,15,49,7,7,49,0,6,0,1,1,8,2,4
25,28,inception_4b_3x3_reduce,1,15,50,6,6,50,0,6,0,2,1,8,2,4
25,28,inception_4b_3x3_reduce,1,15,51,7,6,51,0,6,0,3,1,8,2,4
25,28,inception_4b_3x3_reduce,1,14,52,6,5,52,0,6,1,0,1,8,2,4
25,28,inception_4b_3x3_reduce,1,14,53,7,5,53,0,6,1,1,1,8,2,4
25,28,inception_4b_3x3_reduce,1,14,54,6,4,54,0,6,1,2,1,8,2,4
25,28,inception_4b_3x3_reduce,1,14,55,7,4,55,0,6,1,3,1,8,2,4
25,28,inception_4b_3x3_reduce,1,13,56,6,3,56,0,7,0,0,1,8,2,4
25,28,inception_4b_3x3_reduce,1,13,57,7,3,57,0,7,0,1,1,8,2,4
25,28,inception_4b_3x3_reduce,1,13,58,6,2,58,0,7,0,2,1,8,2,4
25,28,inception_4b_3x3_reduce,1,13,59,7,2,59,0,7,0,3,1,8,2,4
25,28,inception_4b_3x3_reduce,1,12,60,6,1,60,0,7,1,0,1,8,2,4
25,28,inception_4b_3x3_reduce,1,12,61,7,1,61,0,7,1,1,1,8,2,4
25,28,inception_4b_3x3_reduce,1,12,62,6,0,62,0,7,1,2,1,8,2,4
25,28,inception_4b_3x3_reduce,1,12,63,7,0,63,0,7,1,3,1,8,2,4
26,29,inception_4b_3x3,2,0,0,0,0,0,0,0,0,0,2,4,2,4
26,29,inception_4b_3x3,2,0,1,1,0,1,0,0,0,1,2,4,2,4
26,29,inception_4b_3x3,2,0,2,0,1,2,0,0,0,2,2,4,2,4
26,29,inception_4b_3x3,2,0,3,1,1,3,0,0,0,3,2,4,2,4
26,29,inception_4b_3x3,2,1,4,0,2,4,0,0,1,0,2,4,2,4
26,29,inception_4b_3x3,2,1,5,1,2,5,0,0,1,1,2,4,2,4
26,29,inception_4b_3x3,2,1,6,0,3,6,0,0,1,2,2,4,2,4
26,29,inception_4b_3x3,2,1,7,1,3,7,0,0,1,3,2,4,2,4
26,29,inception_4b_3x3,2,2,8,0,4,32,1,0,0,0,2,4,2,4
26,29,inception_4b_3x3,2,2,9,1,4,33,1,0,0,1,2,4,2,4
26,29,inception_4b_3x3,2,2,10,0,5,34,1,0,0,2,2,4,2,4
26,29,inception_4b_3x3,2,2,11,1,5,35,1,0,0,3,2,4,2,4
26,29,inception_4b_3x3,2,3,12,0,6,36,1,0,1,0,2,4,2,4
26,29,inception_4b_3x3,2,3,13,1,6,37,1,0,1,1,2,4,2,4
26,29,inception_4b_3x3,2,3,14,0,7,38,1,0,1,2,2,4,2,4
26,29,inception_4b_3x3,2,3,15,1,7,39,1,0,1,3,2,4,2,4
26,29,inception_4b_3x3,2,7,16,2,7,8,0,1,0,0,2,4,2,4
26,29,inception_4b_3x3,2,7,17,3,7,9,0,1,0,1,2,4,2,4
26,29,inception_4b_3x3,2,7,18,2,6,10,0,1,0,2,2,4,2,4
26,29,inception_4b_3x3,2,7,19,3,6,11,0,1,0,3,2,4,2,4
26,29,inception_4b_3x3,2,6,20,2,5,12,0,1,1,0,2,4,2,4
26,29,inception_4b_3x3,2,6,21,3,5,13,0,1,1,1,2,4,2,4
26,29,inception_4b_3x3,2,6,22,2,4,14,0,1,1,2,2,4,2,4
26,29,inception_4b_3x3,2,6,23,3,4,15,0,1,1,3,2,4,2,4
26,29,inception_4b_3x3,2,5,24,2,3,40,1,1,0,0,2,4,2,4
26,29,inception_4b_3x3,2,5,25,3,3,41,1,1,0,1,2,4,2,4
26,29,inception_4b_3x3,2,5,26,2,2,42,1,1,0,2,2,4,2,4
26,29,inception_4b_3x3,2,5,27,3,2,43,1,1,0,3,2,4,2,4
26,29,inception_4b_3x3,2,4,28,2,1,44,1,1,1,0,2,4,2,4
26,29,inception_4b_3x3,2,4,29,3,1,45,1,1,1,1,2,4,2,4
26,29,inception_4b_3x3,2,4,30,2,0,46,1,1,1,2,2,4,2,4
26,29,inception_4b_3x3,2,4,31,3,0,47,1,1,1,3,2,4,2,4
26,29,inception_4b_3x3,2,8,32,4,0,16,0,2,0,0,2,4,2,4
26,29,inception_4b_3x3,2,8,33,5,0,17,0,2,0,1,2,4,2,4
26,29,inception_4b_3x3,2,8,34,4,1,18,0,2,0,2,2,4,2,4
26,29,inception_4b_3x3,2,8,35,5,1,19,0,2,0,3,2,4,2,4
26,29,inception_4b_3x3,2,9,36,4,2,20,0,2,1,0,2,4,2,4
26,29,inception_4b_3x3,2,9,37,5,2,21,0,2,1,1,2,4,2,4
26,29,inception_4b_3x3,2,9,38,4,3,22,0,2,1,2,2,4,2,4
26,29,inception_4b_3x3,2,9,39,5,3,23,0,2,1,3,2,4,2,4
26,29,inception_4b_3x3,2,10,40,4,4,48,1,2,0,0,2,4,2,4
26,29,inception_4b_3x3,2,10,41,5,4,49,1,2,0,1,2,4,2,4
26,29,inception_4b_3x3,2,10,42,4,5,50,1,2,0,2,2,4,2,4
26,29,inception_4b_3x3,2,10,43,5,5,51,1,2,0,3,2,4,2,4
26,29,inception_4b_3x3,2,11,44,4,6,52,1,2,1,0,2,4,2,4
26,29,inception_4b_3x3,2,11,45,5,6,53,1,2,1,1,2,4,2,4
26,29,inception_4b_3x3,2,11,46,4,7,54,1,2,1,2,2,4,2,4
26,29,inception_4b_3x3,2,11,47,5,7,55,1,2,1,3,2,4,2,4
26,29,inception_4b_3x3,2,15,48,6,7,24,0,3,0,0,2,4,2,4
26,29,inception_4b_3x3,2,15,49,7,7,25,0,3,0,1,2,4,2,4
26,29,inception_4b_3x3,2,15,50,6,6,26,0,3,0,2,2,4,2,4
26,29,inception_4b_3x3,2,15,51,7,6,27,0,3,0,3,2,4,2,4
26,29,inception_4b_3x3,2,14,52,6,5,28,0,3,1,0,2,4,2,4
26,29,inception_4b_3x3,2,14,53,7,5,29,0,3,1,1,2,4,2,4
26,29,inception_4b_3x3,2,14,54,6,4,30,0,3,1,2,2,4,2,4
26,29,inception_4b_3x3,2,14,55,7,4,31,0,3,1,3,2,4,2,4
26,29,inception_4b_3x3,2,13,56,6,3,56,1,3,0,0,2,4,2,4
26,29,inception_4b_3x3,2,13,57,7,3,57,1,3,0,1,2,4,2,4
26,29,inception_4b_3x3,2,13,58,6,2,58,1,3,0,2,2,4,2,4
26,29,inception_4b_3x3,2,13,59,7,2,59,1,3,0,3,2,4,2,4
26,29,inception_4b_3x3,2,12,60,6,1,60,1,3,1,0,2,4,2,4
26,29,inception_4b_3x3,2,12,61,7,1,61,1,3,1,1,2,4,2,4
26,29,inception_4b_3x3,2,12,62,6,0,62,1,3,1,2,2,4,2,4
26,29,inception_4b_3x3,2,12,63,7,0,63,1,3,1,3,2,4,2,4
27,30,inception_4b_5x5_reduce,2,0,0,0,0,0,0,0,0,0,2,1,2,4
27,30,inception_4b_5x5_reduce,2,0,1,1,0,1,0,0,0,1,2,1,2,4
27,30,inception_4b_5x5_reduce,2,0,2,0,1,2,0,0,0,2,2,1,2,4
27,30,inception_4b_5x5_reduce,2,0,3,1,1,3,0,0,0,3,2,1,2,4
27,30,inception_4b_5x5_reduce,2,1,4,0,2,4,0,0,1,0,2,1,2,4
27,30,inception_4b_5x5_reduce,2,1,5,1,2,5,0,0,1,1,2,1,2,4
27,30,inception_4b_5x5_reduce,2,1,6,0,3,6,0,0,1,2,2,1,2,4
27,30,inception_4b_5x5_reduce,2,1,7,1,3,7,0,0,1,3,2,1,2,4
27,30,inception_4b_5x5_reduce,2,2,8,0,4,8,1,0,0,0,2,1,2,4
27,30,inception_4b_5x5_reduce,2,2,9,1,4,9,1,0,0,1,2,1,2,4
27,30,inception_4b_5x5_reduce,2,2,10,0,5,10,1,0,0,2,2,1,2,4
27,30,inception_4b_5x5_reduce,2,2,11,1,5,11,1,0,0,3,2,1,2,4
27,30,inception_4b_5x5_reduce,2,3,12,0,6,12,1,0,1,0,2,1,2,4
27,30,inception_4b_5x5_reduce,2,3,13,1,6,13,1,0,1,1,2,1,2,4
27,30,inception_4b_5x5_reduce,2,3,14,0,7,14,1,0,1,2,2,1,2,4
27,30,inception_4b_5x5_reduce,2,3,15,1,7,15,1,0,1,3,2,1,2,4
27,31,inception_4b_5x5,2,7,16,2,7,0,0,0,0,0,2,2,4,3
27,31,inception_4b_5x5,2,7,17,3,7,1,0,0,0,1,2,2,4,3
27,31,inception_4b_5x5,2,7,18,2,6,2,0,0,0,2,2,2,4,3
27,31,inception_4b_5x5,2,7,19,3,6,3,0,0,1,0,2,2,4,3
27,31,inception_4b_5x5,2,6,20,2,5,4,0,0,1,1,2,2,4,3
27,31,inception_4b_5x5,2,6,21,3,5,5,0,0,1,2,2,2,4,3
27,31,inception_4b_5x5,2,6,22,2,4,6,0,0,2,0,2,2,4,3
27,31,inception_4b_5x5,2,6,23,3,4,7,0,0,2,1,2,2,4,3
27,31,inception_4b_5x5,2,5,24,2,3,8,0,0,2,2,2,2,4,3
27,31,inception_4b_5x5,2,5,25,3,3,9,0,0,3,0,2,2,4,3
27,31,inception_4b_5x5,2,5,26,2,2,10,0,0,3,1,2,2,4,3
27,31,inception_4b_5x5,2,5,27,3,2,11,0,0,3,2,2,2,4,3
27,31,inception_4b_5x5,2,4,28,2,1,24,1,0,0,0,2,2,4,3
27,31,inception_4b_5x5,2,4,29,3,1,25,1,0,0,1,2,2,4,3
27,31,inception_4b_5x5,2,4,30,2,0,26,1,0,0,2,2,2,4,3
27,31,inception_4b_5x5,2,4,31,3,0,27,1,0,1,0,2,2,4,3
27,31,inception_4b_5x5,2,8,32,4,0,28,1,0,1,1,2,2,4,3
27,31,inception_4b_5x5,2,8,33,5,0,29,1,0,1,2,2,2,4,3
27,31,inception_4b_5x5,2,8,34,4,1,30,1,0,2,0,2,2,4,3
27,31,inception_4b_5x5,2,8,35,5,1,31,1,0,2,1,2,2,4,3
27,31,inception_4b_5x5,2,9,36,4,2,32,1,0,2,2,2,2,4,3
27,31,inception_4b_5x5,2,9,37,5,2,33,1,0,3,0,2,2,4,3
27,31,inception_4b_5x5,2,9,38,4,3,34,1,0,3,1,2,2,4,3
27,31,inception_4b_5x5,2,9,39,5,3,35,1,0,3,2,2,2,4,3
27,31,inception_4b_5x5,2,10,40,4,4,12,0,1,0,0,2,2,4,3
27,31,inception_4b_5x5,2,10,41,5,4,13,0,1,0,1,2,2,4,3
27,31,inception_4b_5x5,2,10,42,4,5,14,0,1,0,2,2,2,4,3
27,31,inception_4b_5x5,2,10,43,5,5,15,0,1,1,0,2,2,4,3
27,31,inception_4b_5x5,2,11,44,4,6,16,0,1,1,1,2,2,4,3
27,31,inception_4b_5x5,2,11,45,5,6,17,0,1,1,2,2,2,4,3
27,31,inception_4b_5x5,2,11,46,4,7,18,0,1,2,0,2,2,4,3
27,31,inception_4b_5x5,2,11,47,5,7,19,0,1,2,1,2,2,4,3
27,31,inception_4b_5x5,2,15,48,6,7,20,0,1,2,2,2,2,4,3
27,31,inception_4b_5x5,2,15,49,7,7,21,0,1,3,0,2,2,4,3
27,31,inception_4b_5x5,2,15,50,6,6,22,0,1,3,1,2,2,4,3
27,31,inception_4b_5x5,2,15,51,7,6,23,0,1,3,2,2,2,4,3
27,31,inception_4b_5x5,2,14,52,6,5,36,1,1,0,0,2,2,4,3
27,31,inception_4b_5x5,2,14,53,7,5,37,1,1,0,1,2,2,4,3
27,31,inception_4b_5x5,2,14,54,6,4,38,1,1,0,2,2,2,4,3
27,31,inception_4b_5x5,2,14,55,7,4,39,1,1,1,0,2,2,4,3
27,31,inception_4b_5x5,2,13,56,6,3,40,1,1,1,1,2,2,4,3
27,31,inception_4b_5x5,2,13,57,7,3,41,1,1,1,2,2,2,4,3
27,31,inception_4b_5x5,2,13,58,6,2,42,1,1,2,0,2,2,4,3
27,31,inception_4b_5x5,2,13,59,7,2,43,1,1,2,1,2,2,4,3
27,31,inception_4b_5x5,2,12,60,6,1,44,1,1,2,2,2,2,4,3
27,31,inception_4b_5x5,2,12,61,7,1,45,1,1,3,0,2,2,4,3
27,31,inception_4b_5x5,2,12,62,6,0,46,1,1,3,1,2,2,4,3
27,31,inception_4b_5x5,2,12,63,7,0,47,1,1,3,2,2,2,4,3
28,32,inception_4b_pool,1,0,0,0,0,0,0,0,0,0,1,16,2,2
28,32,inception_4b_pool,1,0,1,1,0,1,0,0,0,1,1,16,2,2
28,32,inception_4b_pool,1,0,2,0,1,2,0,0,1,0,1,16,2,2
28,32,inception_4b_pool,1,0,3,1,1,3,0,0,1,1,1,16,2,2
28,32,inception_4b_pool,1,1,4,0,2,4,0,1,0,0,1,16,2,2
28,32,inception_4b_pool,1,1,5,1,2,5,0,1,0,1,1,16,2,2
28,32,inception_4b_pool,1,1,6,0,3,6,0,1,1,0,1,16,2,2
28,32,inception_4b_pool,1,1,7,1,3,7,0,1,1,1,1,16,2,2
28,32,inception_4b_pool,1,2,8,0,4,8,0,2,0,0,1,16,2,2
28,32,inception_4b_pool,1,2,9,1,4,9,0,2,0,1,1,16,2,2
28,32,inception_4b_pool,1,2,10,0,5,10,0,2,1,0,1,16,2,2
28,32,inception_4b_pool,1,2,11,1,5,11,0,2,1,1,1,16,2,2
28,32,inception_4b_pool,1,3,12,0,6,12,0,3,0,0,1,16,2,2
28,32,inception_4b_pool,1,3,13,1,6,13,0,3,0,1,1,16,2,2
28,32,inception_4b_pool,1,3,14,0,7,14,0,3,1,0,1,16,2,2
28,32,inception_4b_pool,1,3,15,1,7,15,0,3,1,1,1,16,2,2
28,32,inception_4b_pool,1,7,16,2,7,16,0,4,0,0,1,16,2,2
28,32,inception_4b_pool,1,7,17,3,7,17,0,4,0,1,1,16,2,2
28,32,inception_4b_pool,1,7,18,2,6,18,0,4,1,0,1,16,2,2
28,32,inception_4b_pool,1,7,19,3,6,19,0,4,1,1,1,16,2,2
28,32,inception_4b_pool,1,6,20,2,5,20,0,5,0,0,1,16,2,2
28,32,inception_4b_pool,1,6,21,3,5,21,0,5,0,1,1,16,2,2
28,32,inception_4b_pool,1,6,22,2,4,22,0,5,1,0,1,16,2,2
28,32,inception_4b_pool,1,6,23,3,4,23,0,5,1,1,1,16,2,2
28,32,inception_4b_pool,1,5,24,2,3,24,0,6,0,0,1,16,2,2
28,32,inception_4b_pool,1,5,25,3,3,25,0,6,0,1,1,16,2,2
28,32,inception_4b_pool,1,5,26,2,2,26,0,6,1,0,1,16,2,2
28,32,inception_4b_pool,1,5,27,3,2,27,0,6,1,1,1,16,2,2
28,32,inception_4b_pool,1,4,28,2,1,28,0,7,0,0,1,16,2,2
28,32,inception_4b_pool,1,4,29,3,1,29,0,7,0,1,1,16,2,2
28,32,inception_4b_pool,1,4,30,2,0,30,0,7,1,0,1,16,2,2
28,32,inception_4b_pool,1,4,31,3,0,31,0,7,1,1,1,16,2,2
28,32,inception_4b_pool,1,8,32,4,0,32,0,8,0,0,1,16,2,2
28,32,inception_4b_pool,1,8,33,5,0,33,0,8,0,1,1,16,2,2
28,32,inception_4b_pool,1,8,34,4,1,34,0,8,1,0,1,16,2,2
28,32,inception_4b_pool,1,8,35,5,1,35,0,8,1,1,1,16,2,2
28,32,inception_4b_pool,1,9,36,4,2,36,0,9,0,0,1,16,2,2
28,32,inception_4b_pool,1,9,37,5,2,37,0,9,0,1,1,16,2,2
28,32,inception_4b_pool,1,9,38,4,3,38,0,9,1,0,1,16,2,2
28,32,inception_4b_pool,1,9,39,5,3,39,0,9,1,1,1,16,2,2
28,32,inception_4b_pool,1,10,40,4,4,40,0,10,0,0,1,16,2,2
28,32,inception_4b_pool,1,10,41,5,4,41,0,10,0,1,1,16,2,2
28,32,inception_4b_pool,1,10,42,4,5,42,0,10,1,0,1,16,2,2
28,32,inception_4b_pool,1,10,43,5,5,43,0,10,1,1,1,16,2,2
28,32,inception_4b_pool,1,11,44,4,6,44,0,11,0,0,1,16,2,2
28,32,inception_4b_pool,1,11,45,5,6,45,0,11,0,1,1,16,2,2
28,32,inception_4b_pool,1,11,46,4,7,46,0,11,1,0,1,16,2,2
28,32,inception_4b_pool,1,11,47,5,7,47,0,11,1,1,1,16,2,2
28,32,inception_4b_pool,1,15,48,6,7,48,0,12,0,0,1,16,2,2
28,32,inception_4b_pool,1,15,49,7,7,49,0,12,0,1,1,16,2,2
28,32,inception_4b_pool,1,15,50,6,6,50,0,12,1,0,1,16,2,2
28,32,inception_4b_pool,1,15,51,7,6,51,0,12,1,1,1,16,2,2
28,32,inception_4b_pool,1,14,52,6,5,52,0,13,0,0,1,16,2,2
28,32,inception_4b_pool,1,14,53,7,5,53,0,13,0,1,1,16,2,2
28,32,inception_4b_pool,1,14,54,6,4,54,0,13,1,0,1,16,2,2
28,32,inception_4b_pool,1,14,55,7,4,55,0,13,1,1,1,16,2,2
28,32,inception_4b_pool,1,13,56,6,3,56,0,14,0,0,1,16,2,2
28,32,inception_4b_pool,1,13,57,7,3,57,0,14,0,1,1,16,2,2
28,32,inception_4b_pool,1,13,58,6,2,58,0,14,1,0,1,16,2,2
28,32,inception_4b_pool,1,13,59,7,2,59,0,14,1,1,1,16,2,2
28,32,inception_4b_pool,1,12,60,6,1,60,0,15,0,0,1,16,2,2
28,32,inception_4b_pool,1,12,61,7,1,61,0,15,0,1,1,16,2,2
28,32,inception_4b_pool,1,12,62,6,0,62,0,15,1,0,1,16,2,2
28,32,inception_4b_pool,1,12,63,7,0,63,0,15,1,1,1,16,2,2
29,33,inception_4b_pool_proj,1,0,0,0,0,0,0,0,0,0,1,8,2,4
29,33,inception_4b_pool_proj,1,0,1,1,0,1,0,0,0,1,1,8,2,4
29,33,inception_4b_pool_proj,1,0,2,0,1,2,0,0,0,2,1,8,2,4
29,33,inception_4b_pool_proj,1,0,3,1,1,3,0,0,0,3,1,8,2,4
29,33,inception_4b_pool_proj,1,1,4,0,2,4,0,0,1,0,1,8,2,4
29,33,inception_4b_pool_proj,1,1,5,1,2,5,0,0,1,1,1,8,2,4
29,33,inception_4b_pool_proj,1,1,6,0,3,6,0,0,1,2,1,8,2,4
29,33,inception_4b_pool_proj,1,1,7,1,3,7,0,0,1,3,1,8,2,4
29,33,inception_4b_pool_proj,1,2,8,0,4,8,0,1,0,0,1,8,2,4
29,33,inception_4b_pool_proj,1,2,9,1,4,9,0,1,0,1,1,8,2,4
29,33,inception_4b_pool_proj,1,2,10,0,5,10,0,1,0,2,1,8,2,4
29,33,inception_4b_pool_proj,1,2,11,1,5,11,0,1,0,3,1,8,2,4
29,33,inception_4b_pool_proj,1,3,12,0,6,12,0,1,1,0,1,8,2,4
29,33,inception_4b_pool_proj,1,3,13,1,6,13,0,1,1,1,1,8,2,4
29,33,inception_4b_pool_proj,1,3,14,0,7,14,0,1,1,2,1,8,2,4
29,33,inception_4b_pool_proj,1,3,15,1,7,15,0,1,1,3,1,8,2,4
29,33,inception_4b_pool_proj,1,7,16,2,7,16,0,2,0,0,1,8,2,4
29,33,inception_4b_pool_proj,1,7,17,3,7,17,0,2,0,1,1,8,2,4
29,33,inception_4b_pool_proj,1,7,18,2,6,18,0,2,0,2,1,8,2,4
29,33,inception_4b_pool_proj,1,7,19,3,6,19,0,2,0,3,1,8,2,4
29,33,inception_4b_pool_proj,1,6,20,2,5,20,0,2,1,0,1,8,2,4
29,33,inception_4b_pool_proj,1,6,21,3,5,21,0,2,1,1,1,8,2,4
29,33,inception_4b_pool_proj,1,6,22,2,4,22,0,2,1,2,1,8,2,4
29,33,inception_4b_pool_proj,1,6,23,3,4,23,0,2,1,3,1,8,2,4
29,33,inception_4b_pool_proj,1,5,24,2,3,24,0,3,0,0,1,8,2,4
29,33,inception_4b_pool_proj,1,5,25,3,3,25,0,3,0,1,1,8,2,4
29,33,inception_4b_pool_proj,1,5,26,2,2,26,0,3,0,2,1,8,2,4
29,33,inception_4b_pool_proj,1,5,27,3,2,27,0,3,0,3,1,8,2,4
29,33,inception_4b_pool_proj,1,4,28,2,1,28,0,3,1,0,1,8,2,4
29,33,inception_4b_pool_proj,1,4,29,3,1,29,0,3,1,1,1,8,2,4
29,33,inception_4b_pool_proj,1,4,30,2,0,30,0,3,1,2,1,8,2,4
29,33,inception_4b_pool_proj,1,4,31,3,0,31,0,3,1,3,1,8,2,4
29,33,inception_4b_pool_proj,1,8,32,4,0,32,0,4,0,0,1,8,2,4
29,33,inception_4b_pool_proj,1,8,33,5,0,33,0,4,0,1,1,8,2,4
29,33,inception_4b_pool_proj,1,8,34,4,1,34,0,4,0,2,1,8,2,4
29,33,inception_4b_pool_proj,1,8,35,5,1,35,0,4,0,3,1,8,2,4
29,33,inception_4b_pool_proj,1,9,36,4,2,36,0,4,1,0,1,8,2,4
29,33,inception_4b_pool_proj,1,9,37,5,2,37,0,4,1,1,1,8,2,4
29,33,inception_4b_pool_proj,1,9,38,4,3,38,0,4,1,2,1,8,2,4
29,33,inception_4b_pool_proj,1,9,39,5,3,39,0,4,1,3,1,8,2,4
29,33,inception_4b_pool_proj,1,10,40,4,4,40,0,5,0,0,1,8,2,4
29,33,inception_4b_pool_proj,1,10,41,5,4,41,0,5,0,1,1,8,2,4
29,33,inception_4b_pool_proj,1,10,42,4,5,42,0,5,0,2,1,8,2,4
29,33,inception_4b_pool_proj,1,10,43,5,5,43,0,5,0,3,1,8,2,4
29,33,inception_4b_pool_proj,1,11,44,4,6,44,0,5,1,0,1,8,2,4
29,33,inception_4b_pool_proj,1,11,45,5,6,45,0,5,1,1,1,8,2,4
29,33,inception_4b_pool_proj,1,11,46,4,7,46,0,5,1,2,1,8,2,4
29,33,inception_4b_pool_proj,1,11,47,5,7,47,0,5,1,3,1,8,2,4
29,33,inception_4b_pool_proj,1,15,48,6,7,48,0,6,0,0,1,8,2,4
29,33,inception_4b_pool_proj,1,15,49,7,7,49,0,6,0,1,1,8,2,4
29,33,inception_4b_pool_proj,1,15,50,6,6,50,0,6,0,2,1,8,2,4
29,33,inception_4b_pool_proj,1,15,51,7,6,51,0,6,0,3,1,8,2,4
29,33,inception_4b_pool_proj,1,14,52,6,5,52,0,6,1,0,1,8,2,4
29,33,inception_4b_pool_proj,1,14,53,7,5,53,0,6,1,1,1,8,2,4
29,33,inception_4b_pool_proj,1,14,54,6,4,54,0,6,1,2,1,8,2,4
29,33,inception_4b_pool_proj,1,14,55,7,4,55,0,6,1,3,1,8,2,4
29,33,inception_4b_pool_proj,1,13,56,6,3,56,0,7,0,0,1,8,2,4
29,33,inception_4b_pool_proj,1,13,57,7,3,57,0,7,0,1,1,8,2,4
29,33,inception_4b_pool_proj,1,13,58,6,2,58,0,7,0,2,1,8,2,4
29,33,inception_4b_pool_proj,1,13,59,7,2,59,0,7,0,3,1,8,2,4
29,33,inception_4b_pool_proj,1,12,60,6,1,60,0,7,1,0,1,8,2,4
29,33,inception_4b_pool_proj,1,12,61,7,1,61,0,7,1,1,1,8,2,4
29,33,inception_4b_pool_proj,1,12,62,6,0,62,0,7,1,2,1,8,2,4
29,33,inception_4b_pool_proj,1,12,63,7,0,63,0,7,1,3,1,8,2,4
30,34,inception_4c_1x1,2,0,0,0,0,0,0,0,0,0,2,4,2,2
30,34,inception_4c_1x1,2,0,1,1,0,1,0,0,0,1,2,4,2,2
30,34,inception_4c_1x1,2,0,2,0,1,2,0,0,1,0,2,4,2,2
30,34,inception_4c_1x1,2,0,3,1,1,3,0,0,1,1,2,4,2,2
30,34,inception_4c_1x1,2,1,4,0,2,16,1,0,0,0,2,4,2,2
30,34,inception_4c_1x1,2,1,5,1,2,17,1,0,0,1,2,4,2,2
30,34,inception_4c_1x1,2,1,6,0,3,18,1,0,1,0,2,4,2,2
30,34,inception_4c_1x1,2,1,7,1,3,19,1,0,1,1,2,4,2,2
30,34,inception_4c_1x1,2,2,8,0,4,4,0,1,0,0,2,4,2,2
30,34,inception_4c_1x1,2,2,9,1,4,5,0,1,0,1,2,4,2,2
30,34,inception_4c_1x1,2,2,10,0,5,6,0,1,1,0,2,4,2,2
30,34,inception_4c_1x1,2,2,11,1,5,7,0,1,1,1,2,4,2,2
30,34,inception_4c_1x1,2,3,12,0,6,20,1,1,0,0,2,4,2,2
30,34,inception_4c_1x1,2,3,13,1,6,21,1,1,0,1,2,4,2,2
30,34,inception_4c_1x1,2,3,14,0,7,22,1,1,1,0,2,4,2,2
30,34,inception_4c_1x1,2,3,15,1,7,23,1,1,1,1,2,4,2,2
30,34,inception_4c_1x1,2,7,16,2,7,8,0,2,0,0,2,4,2,2
30,34,inception_4c_1x1,2,7,17,3,7,9,0,2,0,1,2,4,2,2
30,34,inception_4c_1x1,2,7,18,2,6,10,0,2,1,0,2,4,2,2
30,34,inception_4c_1x1,2,7,19,3,6,11,0,2,1,1,2,4,2,2
30,34,inception_4c_1x1,2,6,20,2,5,24,1,2,0,0,2,4,2,2
30,34,inception_4c_1x1,2,6,21,3,5,25,1,2,0,1,2,4,2,2
30,34,inception_4c_1x1,2,6,22,2,4,26,1,2,1,0,2,4,2,2
30,34,inception_4c_1x1,2,6,23,3,4,27,1,2,1,1,2,4,2,2
30,34,inception_4c_1x1,2,5,24,2,3,12,0,3,0,0,2,4,2,2
30,34,inception_4c_1x1,2,5,25,3,3,13,0,3,0,1,2,4,2,2
30,34,inception_4c_1x1,2,5,26,2,2,14,0,3,1,0,2,4,2,2
30,34,inception_4c_1x1,2,5,27,3,2,15,0,3,1,1,2,4,2,2
30,34,inception_4c_1x1,2,4,28,2,1,28,1,3,0,0,2,4,2,2
30,34,inception_4c_1x1,2,4,29,3,1,29,1,3,0,1,2,4,2,2
30,34,inception_4c_1x1,2,4,30,2,0,30,1,3,1,0,2,4,2,2
30,34,inception_4c_1x1,2,4,31,3,0,31,1,3,1,1,2,4,2,2
30,35,inception_4c_3x3_reduce,2,8,32,4,0,0,0,0,0,0,2,4,2,2
30,35,inception_4c_3x3_reduce,2,8,33,5,0,1,0,0,0,1,2,4,2,2
30,35,inception_4c_3x3_reduce,2,8,34,4,1,2,0,0,1,0,2,4,2,2
30,35,inception_4c_3x3_reduce,2,8,35,5,1,3,0,0,1,1,2,4,2,2
30,35,inception_4c_3x3_reduce,2,9,36,4,2,16,1,0,0,0,2,4,2,2
30,35,inception_4c_3x3_reduce,2,9,37,5,2,17,1,0,0,1,2,4,2,2
30,35,inception_4c_3x3_reduce,2,9,38,4,3,18,1,0,1,0,2,4,2,2
30,35,inception_4c_3x3_reduce,2,9,39,5,3,19,1,0,1,1,2,4,2,2
30,35,inception_4c_3x3_reduce,2,10,40,4,4,4,0,1,0,0,2,4,2,2
30,35,inception_4c_3x3_reduce,2,10,41,5,4,5,0,1,0,1,2,4,2,2
30,35,inception_4c_3x3_reduce,2,10,42,4,5,6,0,1,1,0,2,4,2,2
30,35,inception_4c_3x3_reduce,2,10,43,5,5,7,0,1,1,1,2,4,2,2
30,35,inception_4c_3x3_reduce,2,11,44,4,6,20,1,1,0,0,2,4,2,2
30,35,inception_4c_3x3_reduce,2,11,45,5,6,21,1,1,0,1,2,4,2,2
30,35,inception_4c_3x3_reduce,2,11,46,4,7,22,1,1,1,0,2,4,2,2
30,35,inception_4c_3x3_reduce,2,11,47,5,7,23,1,1,1,1,2,4,2,2
30,35,inception_4c_3x3_reduce,2,15,48,6,7,8,0,2,0,0,2,4,2,2
30,35,inception_4c_3x3_reduce,2,15,49,7,7,9,0,2,0,1,2,4,2,2
30,35,inception_4c_3x3_reduce,2,15,50,6,6,10,0,2,1,0,2,4,2,2
30,35,inception_4c_3x3_reduce,2,15,51,7,6,11,0,2,1,1,2,4,2,2
30,35,inception_4c_3x3_reduce,2,14,52,6,5,24,1,2,0,0,2,4,2,2
30,35,inception_4c_3x3_reduce,2,14,53,7,5,25,1,2,0,1,2,4,2,2
30,35,inception_4c_3x3_reduce,2,14,54,6,4,26,1,2,1,0,2,4,2,2
30,35,inception_4c_3x3_reduce,2,14,55,7,4,27,1,2,1,1,2,4,2,2
30,35,inception_4c_3x3_reduce,2,13,56,6,3,12,0,3,0,0,2,4,2,2
30,35,inception_4c_3x3_reduce,2,13,57,7,3,13,0,3,0,1,2,4,2,2
30,35,inception_4c_3x3_reduce,2,13,58,6,2,14,0,3,1,0,2,4,2,2
30,35,inception_4c_3x3_reduce,2,13,59,7,2,15,0,3,1,1,2,4,2,2
30,35,inception_4c_3x3_reduce,2,12,60,6,1,28,1,3,0,0,2,4,2,2
30,35,inception_4c_3x3_reduce,2,12,61,7,1,29,1,3,0,1,2,4,2,2
30,35,inception_4c_3x3_reduce,2,12,62,6,0,30,1,3,1,0,2,4,2,2
30,35,inception_4c_3x3_reduce,2,12,63,7,0,31,1,3,1,1,2,4,2,2
31,36,inception_4c_3x3,2,0,0,0,0,0,0,0,0,0,2,8,2,2
31,36,inception_4c_3x3,2,0,1,1,0,1,0,0,0,1,2,8,2,2
31,36,inception_4c_3x3,2,0,2,0,1,2,0,0,1,0,2,8,2,2
31,36,inception_4c_3x3,2,0,3,1,1,3,0,0,1,1,2,8,2,2
31,36,inception_4c_3x3,2,1,4,0,2,32,1,0,0,0,2,8,2,2
31,36,inception_4c_3x3,2,1,5,1,2,33,1,0,0,1,2,8,2,2
31,36,inception_4c_3x3,2,1,6,0,3,34,1,0,1,0,2,8,2,2
31,36,inception_4c_3x3,2,1,7,1,3,35,1,0,1,1,2,8,2,2
31,36,inception_4c_3x3,2,2,8,0,4,4,0,1,0,0,2,8,2,2
31,36,inception_4c_3x3,2,2,9,1,4,5,0,1,0,1,2,8,2,2
31,36,inception_4c_3x3,2,2,10,0,5,6,0,1,1,0,2,8,2,2
31,36,inception_4c_3x3,2,2,11,1,5,7,0,1,1,1,2,8,2,2
31,36,inception_4c_3x3,2,3,12,0,6,36,1,1,0,0,2,8,2,2
31,36,inception_4c_3x3,2,3,13,1,6,37,1,1,0,1,2,8,2,2
31,36,inception_4c_3x3,2,3,14,0,7,38,1,1,1,0,2,8,2,2
31,36,inception_4c_3x3,2,3,15,1,7,39,1,1,1,1,2,8,2,2
31,36,inception_4c_3x3,2,7,16,2,7,8,0,2,0,0,2,8,2,2
31,36,inception_4c_3x3,2,7,17,3,7,9,0,2,0,1,2,8,2,2
31,36,inception_4c_3x3,2,7,18,2,6,10,0,2,1,0,2,8,2,2
31,36,inception_4c_3x3,2,7,19,3,6,11,0,2,1,1,2,8,2,2
31,36,inception_4c_3x3,2,6,20,2,5,40,1,2,0,0,2,8,2,2
31,36,inception_4c_3x3,2,6,21,3,5,41,1,2,0,1,2,8,2,2
31,36,inception_4c_3x3,2,6,22,2,4,42,1,2,1,0,2,8,2,2
31,36,inception_4c_3x3,2,6,23,3,4,43,1,2,1,1,2,8,2,2
31,36,inception_4c_3x3,2,5,24,2,3,12,0,3,0,0,2,8,2,2
31,36,inception_4c_3x3,2,5,25,3,3,13,0,3,0,1,2,8,2,2
31,36,inception_4c_3x3,2,5,26,2,2,14,0,3,1,0,2,8,2,2
31,36,inception_4c_3x3,2,5,27,3,2,15,0,3,1,1,2,8,2,2
31,36,inception_4c_3x3,2,4,28,2,1,44,1,3,0,0,2,8,2,2
31,36,inception_4c_3x3,2,4,29,3,1,45,1,3,0,1,2,8,2,2
31,36,inception_4c_3x3,2,4,30,2,0,46,1,3,1,0,2,8,2,2
31,36,inception_4c_3x3,2,4,31,3,0,47,1,3,1,1,2,8,2,2
31,36,inception_4c_3x3,2,8,32,4,0,16,0,4,0,0,2,8,2,2
31,36,inception_4c_3x3,2,8,33,5,0,17,0,4,0,1,2,8,2,2
31,36,inception_4c_3x3,2,8,34,4,1,18,0,4,1,0,2,8,2,2
31,36,inception_4c_3x3,2,8,35,5,1,19,0,4,1,1,2,8,2,2
31,36,inception_4c_3x3,2,9,36,4,2,48,1,4,0,0,2,8,2,2
31,36,inception_4c_3x3,2,9,37,5,2,49,1,4,0,1,2,8,2,2
31,36,inception_4c_3x3,2,9,38,4,3,50,1,4,1,0,2,8,2,2
31,36,inception_4c_3x3,2,9,39,5,3,51,1,4,1,1,2,8,2,2
31,36,inception_4c_3x3,2,10,40,4,4,20,0,5,0,0,2,8,2,2
31,36,inception_4c_3x3,2,10,41,5,4,21,0,5,0,1,2,8,2,2
31,36,inception_4c_3x3,2,10,42,4,5,22,0,5,1,0,2,8,2,2
31,36,inception_4c_3x3,2,10,43,5,5,23,0,5,1,1,2,8,2,2
31,36,inception_4c_3x3,2,11,44,4,6,52,1,5,0,0,2,8,2,2
31,36,inception_4c_3x3,2,11,45,5,6,53,1,5,0,1,2,8,2,2
31,36,inception_4c_3x3,2,11,46,4,7,54,1,5,1,0,2,8,2,2
31,36,inception_4c_3x3,2,11,47,5,7,55,1,5,1,1,2,8,2,2
31,36,inception_4c_3x3,2,15,48,6,7,24,0,6,0,0,2,8,2,2
31,36,inception_4c_3x3,2,15,49,7,7,25,0,6,0,1,2,8,2,2
31,36,inception_4c_3x3,2,15,50,6,6,26,0,6,1,0,2,8,2,2
31,36,inception_4c_3x3,2,15,51,7,6,27,0,6,1,1,2,8,2,2
31,36,inception_4c_3x3,2,14,52,6,5,56,1,6,0,0,2,8,2,2
31,36,inception_4c_3x3,2,14,53,7,5,57,1,6,0,1,2,8,2,2
31,36,inception_4c_3x3,2,14,54,6,4,58,1,6,1,0,2,8,2,2
31,36,inception_4c_3x3,2,14,55,7,4,59,1,6,1,1,2,8,2,2
31,36,inception_4c_3x3,2,13,56,6,3,28,0,7,0,0,2,8,2,2
31,36,inception_4c_3x3,2,13,57,7,3,29,0,7,0,1,2,8,2,2
31,36,inception_4c_3x3,2,13,58,6,2,30,0,7,1,0,2,8,2,2
31,36,inception_4c_3x3,2,13,59,7,2,31,0,7,1,1,2,8,2,2
31,36,inception_4c_3x3,2,12,60,6,1,60,1,7,0,0,2,8,2,2
31,36,inception_4c_3x3,2,12,61,7,1,61,1,7,0,1,2,8,2,2
31,36,inception_4c_3x3,2,12,62,6,0,62,1,7,1,0,2,8,2,2
31,36,inception_4c_3x3,2,12,63,7,0,63,1,7,1,1,2,8,2,2
32,37,inception_4c_5x5_reduce,2,0,0,0,0,0,0,0,0,0,2,1,2,4
32,37,inception_4c_5x5_reduce,2,0,1,1,0,1,0,0,0,1,2,1,2,4
32,37,inception_4c_5x5_reduce,2,0,2,0,1,2,0,0,0,2,2,1,2,4
32,37,inception_4c_5x5_reduce,2,0,3,1,1,3,0,0,0,3,2,1,2,4
32,37,inception_4c_5x5_reduce,2,1,4,0,2,4,0,0,1,0,2,1,2,4
32,37,inception_4c_5x5_reduce,2,1,5,1,2,5,0,0,1,1,2,1,2,4
32,37,inception_4c_5x5_reduce,2,1,6,0,3,6,0,0,1,2,2,1,2,4
32,37,inception_4c_5x5_reduce,2,1,7,1,3,7,0,0,1,3,2,1,2,4
32,37,inception_4c_5x5_reduce,2,2,8,0,4,8,1,0,0,0,2,1,2,4
32,37,inception_4c_5x5_reduce,2,2,9,1,4,9,1,0,0,1,2,1,2,4
32,37,inception_4c_5x5_reduce,2,2,10,0,5,10,1,0,0,2,2,1,2,4
32,37,inception_4c_5x5_reduce,2,2,11,1,5,11,1,0,0,3,2,1,2,4
32,37,inception_4c_5x5_reduce,2,3,12,0,6,12,1,0,1,0,2,1,2,4
32,37,inception_4c_5x5_reduce,2,3,13,1,6,13,1,0,1,1,2,1,2,4
32,37,inception_4c_5x5_reduce,2,3,14,0,7,14,1,0,1,2,2,1,2,4
32,37,inception_4c_5x5_reduce,2,3,15,1,7,15,1,0,1,3,2,1,2,4
32,38,inception_4c_5x5,2,7,16,2,7,0,0,0,0,0,2,2,4,3
32,38,inception_4c_5x5,2,7,17,3,7,1,0,0,0,1,2,2,4,3
32,38,inception_4c_5x5,2,7,18,2,6,2,0,0,0,2,2,2,4,3
32,38,inception_4c_5x5,2,7,19,3,6,3,0,0,1,0,2,2,4,3
32,38,inception_4c_5x5,2,6,20,2,5,4,0,0,1,1,2,2,4,3
32,38,inception_4c_5x5,2,6,21,3,5,5,0,0,1,2,2,2,4,3
32,38,inception_4c_5x5,2,6,22,2,4,6,0,0,2,0,2,2,4,3
32,38,inception_4c_5x5,2,6,23,3,4,7,0,0,2,1,2,2,4,3
32,38,inception_4c_5x5,2,5,24,2,3,8,0,0,2,2,2,2,4,3
32,38,inception_4c_5x5,2,5,25,3,3,9,0,0,3,0,2,2,4,3
32,38,inception_4c_5x5,2,5,26,2,2,10,0,0,3,1,2,2,4,3
32,38,inception_4c_5x5,2,5,27,3,2,11,0,0,3,2,2,2,4,3
32,38,inception_4c_5x5,2,4,28,2,1,24,1,0,0,0,2,2,4,3
32,38,inception_4c_5x5,2,4,29,3,1,25,1,0,0,1,2,2,4,3
32,38,inception_4c_5x5,2,4,30,2,0,26,1,0,0,2,2,2,4,3
32,38,inception_4c_5x5,2,4,31,3,0,27,1,0,1,0,2,2,4,3
32,38,inception_4c_5x5,2,8,32,4,0,28,1,0,1,1,2,2,4,3
32,38,inception_4c_5x5,2,8,33,5,0,29,1,0,1,2,2,2,4,3
32,38,inception_4c_5x5,2,8,34,4,1,30,1,0,2,0,2,2,4,3
32,38,inception_4c_5x5,2,8,35,5,1,31,1,0,2,1,2,2,4,3
32,38,inception_4c_5x5,2,9,36,4,2,32,1,0,2,2,2,2,4,3
32,38,inception_4c_5x5,2,9,37,5,2,33,1,0,3,0,2,2,4,3
32,38,inception_4c_5x5,2,9,38,4,3,34,1,0,3,1,2,2,4,3
32,38,inception_4c_5x5,2,9,39,5,3,35,1,0,3,2,2,2,4,3
32,38,inception_4c_5x5,2,10,40,4,4,12,0,1,0,0,2,2,4,3
32,38,inception_4c_5x5,2,10,41,5,4,13,0,1,0,1,2,2,4,3
32,38,inception_4c_5x5,2,10,42,4,5,14,0,1,0,2,2,2,4,3
32,38,inception_4c_5x5,2,10,43,5,5,15,0,1,1,0,2,2,4,3
32,38,inception_4c_5x5,2,11,44,4,6,16,0,1,1,1,2,2,4,3
32,38,inception_4c_5x5,2,11,45,5,6,17,0,1,1,2,2,2,4,3
32,38,inception_4c_5x5,2,11,46,4,7,18,0,1,2,0,2,2,4,3
32,38,inception_4c_5x5,2,11,47,5,7,19,0,1,2,1,2,2,4,3
32,38,inception_4c_5x5,2,15,48,6,7,20,0,1,2,2,2,2,4,3
32,38,inception_4c_5x5,2,15,49,7,7,21,0,1,3,0,2,2,4,3
32,38,inception_4c_5x5,2,15,50,6,6,22,0,1,3,1,2,2,4,3
32,38,inception_4c_5x5,2,15,51,7,6,23,0,1,3,2,2,2,4,3
32,38,inception_4c_5x5,2,14,52,6,5,36,1,1,0,0,2,2,4,3
32,38,inception_4c_5x5,2,14,53,7,5,37,1,1,0,1,2,2,4,3
32,38,inception_4c_5x5,2,14,54,6,4,38,1,1,0,2,2,2,4,3
32,38,inception_4c_5x5,2,14,55,7,4,39,1,1,1,0,2,2,4,3
32,38,inception_4c_5x5,2,13,56,6,3,40,1,1,1,1,2,2,4,3
32,38,inception_4c_5x5,2,13,57,7,3,41,1,1,1,2,2,2,4,3
32,38,inception_4c_5x5,2,13,58,6,2,42,1,1,2,0,2,2,4,3
32,38,inception_4c_5x5,2,13,59,7,2,43,1,1,2,1,2,2,4,3
32,38,inception_4c_5x5,2,12,60,6,1,44,1,1,2,2,2,2,4,3
32,38,inception_4c_5x5,2,12,61,7,1,45,1,1,3,0,2,2,4,3
32,38,inception_4c_5x5,2,12,62,6,0,46,1,1,3,1,2,2,4,3
32,38,inception_4c_5x5,2,12,63,7,0,47,1,1,3,2,2,2,4,3
33,39,inception_4c_pool,1,0,0,0,0,0,0,0,0,0,1,16,2,2
33,39,inception_4c_pool,1,0,1,1,0,1,0,0,0,1,1,16,2,2
33,39,inception_4c_pool,1,0,2,0,1,2,0,0,1,0,1,16,2,2
33,39,inception_4c_pool,1,0,3,1,1,3,0,0,1,1,1,16,2,2
33,39,inception_4c_pool,1,1,4,0,2,4,0,1,0,0,1,16,2,2
33,39,inception_4c_pool,1,1,5,1,2,5,0,1,0,1,1,16,2,2
33,39,inception_4c_pool,1,1,6,0,3,6,0,1,1,0,1,16,2,2
33,39,inception_4c_pool,1,1,7,1,3,7,0,1,1,1,1,16,2,2
33,39,inception_4c_pool,1,2,8,0,4,8,0,2,0,0,1,16,2,2
33,39,inception_4c_pool,1,2,9,1,4,9,0,2,0,1,1,16,2,2
33,39,inception_4c_pool,1,2,10,0,5,10,0,2,1,0,1,16,2,2
33,39,inception_4c_pool,1,2,11,1,5,11,0,2,1,1,1,16,2,2
33,39,inception_4c_pool,1,3,12,0,6,12,0,3,0,0,1,16,2,2
33,39,inception_4c_pool,1,3,13,1,6,13,0,3,0,1,1,16,2,2
33,39,inception_4c_pool,1,3,14,0,7,14,0,3,1,0,1,16,2,2
33,39,inception_4c_pool,1,3,15,1,7,15,0,3,1,1,1,16,2,2
33,39,inception_4c_pool,1,7,16,2,7,16,0,4,0,0,1,16,2,2
33,39,inception_4c_pool,1,7,17,3,7,17,0,4,0,1,1,16,2,2
33,39,inception_4c_pool,1,7,18,2,6,18,0,4,1,0,1,16,2,2
33,39,inception_4c_pool,1,7,19,3,6,19,0,4,1,1,1,16,2,2
33,39,inception_4c_pool,1,6,20,2,5,20,0,5,0,0,1,16,2,2
33,39,inception_4c_pool,1,6,21,3,5,21,0,5,0,1,1,16,2,2
33,39,inception_4c_pool,1,6,22,2,4,22,0,5,1,0,1,16,2,2
33,39,inception_4c_pool,1,6,23,3,4,23,0,5,1,1,1,16,2,2
33,39,inception_4c_pool,1,5,24,2,3,24,0,6,0,0,1,16,2,2
33,39,inception_4c_pool,1,5,25,3,3,25,0,6,0,1,1,16,2,2
33,39,inception_4c_pool,1,5,26,2,2,26,0,6,1,0,1,16,2,2
33,39,inception_4c_pool,1,5,27,3,2,27,0,6,1,1,1,16,2,2
33,39,inception_4c_pool,1,4,28,2,1,28,0,7,0,0,1,16,2,2
33,39,inception_4c_pool,1,4,29,3,1,29,0,7,0,1,1,16,2,2
33,39,inception_4c_pool,1,4,30,2,0,30,0,7,1,0,1,16,2,2
33,39,inception_4c_pool,1,4,31,3,0,31,0,7,1,1,1,16,2,2
33,39,inception_4c_pool,1,8,32,4,0,32,0,8,0,0,1,16,2,2
33,39,inception_4c_pool,1,8,33,5,0,33,0,8,0,1,1,16,2,2
33,39,inception_4c_pool,1,8,34,4,1,34,0,8,1,0,1,16,2,2
33,39,inception_4c_pool,1,8,35,5,1,35,0,8,1,1,1,16,2,2
33,39,inception_4c_pool,1,9,36,4,2,36,0,9,0,0,1,16,2,2
33,39,inception_4c_pool,1,9,37,5,2,37,0,9,0,1,1,16,2,2
33,39,inception_4c_pool,1,9,38,4,3,38,0,9,1,0,1,16,2,2
33,39,inception_4c_pool,1,9,39,5,3,39,0,9,1,1,1,16,2,2
33,39,inception_4c_pool,1,10,40,4,4,40,0,10,0,0,1,16,2,2
33,39,inception_4c_pool,1,10,41,5,4,41,0,10,0,1,1,16,2,2
33,39,inception_4c_pool,1,10,42,4,5,42,0,10,1,0,1,16,2,2
33,39,inception_4c_pool,1,10,43,5,5,43,0,10,1,1,1,16,2,2
33,39,inception_4c_pool,1,11,44,4,6,44,0,11,0,0,1,16,2,2
33,39,inception_4c_pool,1,11,45,5,6,45,0,11,0,1,1,16,2,2
33,39,inception_4c_pool,1,11,46,4,7,46,0,11,1,0,1,16,2,2
33,39,inception_4c_pool,1,11,47,5,7,47,0,11,1,1,1,16,2,2
33,39,inception_4c_pool,1,15,48,6,7,48,0,12,0,0,1,16,2,2
33,39,inception_4c_pool,1,15,49,7,7,49,0,12,0,1,1,16,2,2
33,39,inception_4c_pool,1,15,50,6,6,50,0,12,1,0,1,16,2,2
33,39,inception_4c_pool,1,15,51,7,6,51,0,12,1,1,1,16,2,2
33,39,inception_4c_pool,1,14,52,6,5,52,0,13,0,0,1,16,2,2
33,39,inception_4c_pool,1,14,53,7,5,53,0,13,0,1,1,16,2,2
33,39,inception_4c_pool,1,14,54,6,4,54,0,13,1,0,1,16,2,2
33,39,inception_4c_pool,1,14,55,7,4,55,0,13,1,1,1,16,2,2
33,39,inception_4c_pool,1,13,56,6,3,56,0,14,0,0,1,16,2,2
33,39,inception_4c_pool,1,13,57,7,3,57,0,14,0,1,1,16,2,2
33,39,inception_4c_pool,1,13,58,6,2,58,0,14,1,0,1,16,2,2
33,39,inception_4c_pool,1,13,59,7,2,59,0,14,1,1,1,16,2,2
33,39,inception_4c_pool,1,12,60,6,1,60,0,15,0,0,1,16,2,2
33,39,inception_4c_pool,1,12,61,7,1,61,0,15,0,1,1,16,2,2
33,39,inception_4c_pool,1,12,62,6,0,62,0,15,1,0,1,16,2,2
33,39,inception_4c_pool,1,12,63,7,0,63,0,15,1,1,1,16,2,2
34,40,inception_4c_pool_proj,1,0,0,0,0,0,0,0,0,0,1,2,1,2
34,40,inception_4c_pool_proj,1,0,1,1,0,1,0,0,0,1,1,2,1,2
34,40,inception_4c_pool_proj,1,0,2,0,1,2,0,1,0,0,1,2,1,2
34,40,inception_4c_pool_proj,1,0,3,1,1,3,0,1,0,1,1,2,1,2
34,41,inception_4d_1x1,1,1,4,0,2,0,0,0,0,0,1,1,1,7
34,41,inception_4d_1x1,1,1,5,1,2,1,0,0,0,1,1,1,1,7
34,41,inception_4d_1x1,1,1,6,0,3,2,0,0,0,2,1,1,1,7
34,41,inception_4d_1x1,1,1,7,1,3,3,0,0,0,3,1,1,1,7
34,41,inception_4d_1x1,1,2,8,0,4,4,0,0,0,4,1,1,1,7
34,41,inception_4d_1x1,1,2,9,1,4,5,0,0,0,5,1,1,1,7
34,41,inception_4d_1x1,1,2,10,0,5,6,0,0,0,6,1,1,1,7
34,42,inception_4d_3x3_reduce,1,2,11,1,5,0,0,0,0,0,1,9,1,1
34,42,inception_4d_3x3_reduce,1,3,12,0,6,1,0,1,0,0,1,9,1,1
34,42,inception_4d_3x3_reduce,1,3,13,1,6,2,0,2,0,0,1,9,1,1
34,42,inception_4d_3x3_reduce,1,3,14,0,7,3,0,3,0,0,1,9,1,1
34,42,inception_4d_3x3_reduce,1,3,15,1,7,4,0,4,0,0,1,9,1,1
34,42,inception_4d_3x3_reduce,1,7,16,2,7,5,0,5,0,0,1,9,1,1
34,42,inception_4d_3x3_reduce,1,7,17,3,7,6,0,6,0,0,1,9,1,1
34,42,inception_4d_3x3_reduce,1,7,18,2,6,7,0,7,0,0,1,9,1,1
34,42,inception_4d_3x3_reduce,1,7,19,3,6,8,0,8,0,0,1,9,1,1
34,43,inception_4d_3x3,1,6,20,2,5,0,0,0,0,0,1,3,2,7
34,43,inception_4d_3x3,1,6,21,3,5,1,0,0,0,1,1,3,2,7
34,43,inception_4d_3x3,1,6,22,2,4,2,0,0,0,2,1,3,2,7
34,43,inception_4d_3x3,1,6,23,3,4,3,0,0,0,3,1,3,2,7
34,43,inception_4d_3x3,1,5,24,2,3,4,0,0,0,4,1,3,2,7
34,43,inception_4d_3x3,1,5,25,3,3,5,0,0,0,5,1,3,2,7
34,43,inception_4d_3x3,1,5,26,2,2,6,0,0,0,6,1,3,2,7
34,43,inception_4d_3x3,1,5,27,3,2,7,0,0,1,0,1,3,2,7
34,43,inception_4d_3x3,1,4,28,2,1,8,0,0,1,1,1,3,2,7
34,43,inception_4d_3x3,1,4,29,3,1,9,0,0,1,2,1,3,2,7
34,43,inception_4d_3x3,1,4,30,2,0,10,0,0,1,3,1,3,2,7
34,43,inception_4d_3x3,1,4,31,3,0,11,0,0,1,4,1,3,2,7
34,43,inception_4d_3x3,1,8,32,4,0,12,0,0,1,5,1,3,2,7
34,43,inception_4d_3x3,1,8,33,5,0,13,0,0,1,6,1,3,2,7
34,43,inception_4d_3x3,1,8,34,4,1,14,0,1,0,0,1,3,2,7
34,43,inception_4d_3x3,1,8,35,5,1,15,0,1,0,1,1,3,2,7
34,43,inception_4d_3x3,1,9,36,4,2,16,0,1,0,2,1,3,2,7
34,43,inception_4d_3x3,1,9,37,5,2,17,0,1,0,3,1,3,2,7
34,43,inception_4d_3x3,1,9,38,4,3,18,0,1,0,4,1,3,2,7
34,43,inception_4d_3x3,1,9,39,5,3,19,0,1,0,5,1,3,2,7
34,43,inception_4d_3x3,1,10,40,4,4,20,0,1,0,6,1,3,2,7
34,43,inception_4d_3x3,1,10,41,5,4,21,0,1,1,0,1,3,2,7
34,43,inception_4d_3x3,1,10,42,4,5,22,0,1,1,1,1,3,2,7
34,43,inception_4d_3x3,1,10,43,5,5,23,0,1,1,2,1,3,2,7
34,43,inception_4d_3x3,1,11,44,4,6,24,0,1,1,3,1,3,2,7
34,43,inception_4d_3x3,1,11,45,5,6,25,0,1,1,4,1,3,2,7
34,43,inception_4d_3x3,1,11,46,4,7,26,0,1,1,5,1,3,2,7
34,43,inception_4d_3x3,1,11,47,5,7,27,0,1,1,6,1,3,2,7
34,43,inception_4d_3x3,1,15,48,6,7,28,0,2,0,0,1,3,2,7
34,43,inception_4d_3x3,1,15,49,7,7,29,0,2,0,1,1,3,2,7
34,43,inception_4d_3x3,1,15,50,6,6,30,0,2,0,2,1,3,2,7
34,43,inception_4d_3x3,1,15,51,7,6,31,0,2,0,3,1,3,2,7
34,43,inception_4d_3x3,1,14,52,6,5,32,0,2,0,4,1,3,2,7
34,43,inception_4d_3x3,1,14,53,7,5,33,0,2,0,5,1,3,2,7
34,43,inception_4d_3x3,1,14,54,6,4,34,0,2,0,6,1,3,2,7
34,43,inception_4d_3x3,1,14,55,7,4,35,0,2,1,0,1,3,2,7
34,43,inception_4d_3x3,1,13,56,6,3,36,0,2,1,1,1,3,2,7
34,43,inception_4d_3x3,1,13,57,7,3,37,0,2,1,2,1,3,2,7
34,43,inception_4d_3x3,1,13,58,6,2,38,0,2,1,3,1,3,2,7
34,43,inception_4d_3x3,1,13,59,7,2,39,0,2,1,4,1,3,2,7
34,43,inception_4d_3x3,1,12,60,6,1,40,0,2,1,5,1,3,2,7
34,43,inception_4d_3x3,1,12,61,7,1,41,0,2,1,6,1,3,2,7
34,44,inception_4d_5x5_reduce,1,12,62,6,0,0,0,0,0,0,1,1,1,2
34,44,inception_4d_5x5_reduce,1,12,63,7,0,1,0,0,0,1,1,1,1,2
35,45,inception_4d_5x5,1,0,0,0,0,0,0,0,0,0,1,8,2,4
35,45,inception_4d_5x5,1,0,1,1,0,1,0,0,0,1,1,8,2,4
35,45,inception_4d_5x5,1,0,2,0,1,2,0,0,0,2,1,8,2,4
35,45,inception_4d_5x5,1,0,3,1,1,3,0,0,0,3,1,8,2,4
35,45,inception_4d_5x5,1,1,4,0,2,4,0,0,1,0,1,8,2,4
35,45,inception_4d_5x5,1,1,5,1,2,5,0,0,1,1,1,8,2,4
35,45,inception_4d_5x5,1,1,6,0,3,6,0,0,1,2,1,8,2,4
35,45,inception_4d_5x5,1,1,7,1,3,7,0,0,1,3,1,8,2,4
35,45,inception_4d_5x5,1,2,8,0,4,8,0,1,0,0,1,8,2,4
35,45,inception_4d_5x5,1,2,9,1,4,9,0,1,0,1,1,8,2,4
35,45,inception_4d_5x5,1,2,10,0,5,10,0,1,0,2,1,8,2,4
35,45,inception_4d_5x5,1,2,11,1,5,11,0,1,0,3,1,8,2,4
35,45,inception_4d_5x5,1,3,12,0,6,12,0,1,1,0,1,8,2,4
35,45,inception_4d_5x5,1,3,13,1,6,13,0,1,1,1,1,8,2,4
35,45,inception_4d_5x5,1,3,14,0,7,14,0,1,1,2,1,8,2,4
35,45,inception_4d_5x5,1,3,15,1,7,15,0,1,1,3,1,8,2,4
35,45,inception_4d_5x5,1,7,16,2,7,16,0,2,0,0,1,8,2,4
35,45,inception_4d_5x5,1,7,17,3,7,17,0,2,0,1,1,8,2,4
35,45,inception_4d_5x5,1,7,18,2,6,18,0,2,0,2,1,8,2,4
35,45,inception_4d_5x5,1,7,19,3,6,19,0,2,0,3,1,8,2,4
35,45,inception_4d_5x5,1,6,20,2,5,20,0,2,1,0,1,8,2,4
35,45,inception_4d_5x5,1,6,21,3,5,21,0,2,1,1,1,8,2,4
35,45,inception_4d_5x5,1,6,22,2,4,22,0,2,1,2,1,8,2,4
35,45,inception_4d_5x5,1,6,23,3,4,23,0,2,1,3,1,8,2,4
35,45,inception_4d_5x5,1,5,24,2,3,24,0,3,0,0,1,8,2,4
35,45,inception_4d_5x5,1,5,25,3,3,25,0,3,0,1,1,8,2,4
35,45,inception_4d_5x5,1,5,26,2,2,26,0,3,0,2,1,8,2,4
35,45,inception_4d_5x5,1,5,27,3,2,27,0,3,0,3,1,8,2,4
35,45,inception_4d_5x5,1,4,28,2,1,28,0,3,1,0,1,8,2,4
35,45,inception_4d_5x5,1,4,29,3,1,29,0,3,1,1,1,8,2,4
35,45,inception_4d_5x5,1,4,30,2,0,30,0,3,1,2,1,8,2,4
35,45,inception_4d_5x5,1,4,31,3,0,31,0,3,1,3,1,8,2,4
35,45,inception_4d_5x5,1,8,32,4,0,32,0,4,0,0,1,8,2,4
35,45,inception_4d_5x5,1,8,33,5,0,33,0,4,0,1,1,8,2,4
35,45,inception_4d_5x5,1,8,34,4,1,34,0,4,0,2,1,8,2,4
35,45,inception_4d_5x5,1,8,35,5,1,35,0,4,0,3,1,8,2,4
35,45,inception_4d_5x5,1,9,36,4,2,36,0,4,1,0,1,8,2,4
35,45,inception_4d_5x5,1,9,37,5,2,37,0,4,1,1,1,8,2,4
35,45,inception_4d_5x5,1,9,38,4,3,38,0,4,1,2,1,8,2,4
35,45,inception_4d_5x5,1,9,39,5,3,39,0,4,1,3,1,8,2,4
35,45,inception_4d_5x5,1,10,40,4,4,40,0,5,0,0,1,8,2,4
35,45,inception_4d_5x5,1,10,41,5,4,41,0,5,0,1,1,8,2,4
35,45,inception_4d_5x5,1,10,42,4,5,42,0,5,0,2,1,8,2,4
35,45,inception_4d_5x5,1,10,43,5,5,43,0,5,0,3,1,8,2,4
35,45,inception_4d_5x5,1,11,44,4,6,44,0,5,1,0,1,8,2,4
35,45,inception_4d_5x5,1,11,45,5,6,45,0,5,1,1,1,8,2,4
35,45,inception_4d_5x5,1,11,46,4,7,46,0,5,1,2,1,8,2,4
35,45,inception_4d_5x5,1,11,47,5,7,47,0,5,1,3,1,8,2,4
35,45,inception_4d_5x5,1,15,48,6,7,48,0,6,0,0,1,8,2,4
35,45,inception_4d_5x5,1,15,49,7,7,49,0,6,0,1,1,8,2,4
35,45,inception_4d_5x5,1,15,50,6,6,50,0,6,0,2,1,8,2,4
35,45,inception_4d_5x5,1,15,51,7,6,51,0,6,0,3,1,8,2,4
35,45,inception_4d_5x5,1,14,52,6,5,52,0,6,1,0,1,8,2,4
35,45,inception_4d_5x5,1,14,53,7,5,53,0,6,1,1,1,8,2,4
35,45,inception_4d_5x5,1,14,54,6,4,54,0,6,1,2,1,8,2,4
35,45,inception_4d_5x5,1,14,55,7,4,55,0,6,1,3,1,8,2,4
35,45,inception_4d_5x5,1,13,56,6,3,56,0,7,0,0,1,8,2,4
35,45,inception_4d_5x5,1,13,57,7,3,57,0,7,0,1,1,8,2,4
35,45,inception_4d_5x5,1,13,58,6,2,58,0,7,0,2,1,8,2,4
35,45,inception_4d_5x5,1,13,59,7,2,59,0,7,0,3,1,8,2,4
35,45,inception_4d_5x5,1,12,60,6,1,60,0,7,1,0,1,8,2,4
35,45,inception_4d_5x5,1,12,61,7,1,61,0,7,1,1,1,8,2,4
35,45,inception_4d_5x5,1,12,62,6,0,62,0,7,1,2,1,8,2,4
35,45,inception_4d_5x5,1,12,63,7,0,63,0,7,1,3,1,8,2,4
36,46,inception_4d_pool,1,0,0,0,0,0,0,0,0,0,1,16,2,2
36,46,inception_4d_pool,1,0,1,1,0,1,0,0,0,1,1,16,2,2
36,46,inception_4d_pool,1,0,2,0,1,2,0,0,1,0,1,16,2,2
36,46,inception_4d_pool,1,0,3,1,1,3,0,0,1,1,1,16,2,2
36,46,inception_4d_pool,1,1,4,0,2,4,0,1,0,0,1,16,2,2
36,46,inception_4d_pool,1,1,5,1,2,5,0,1,0,1,1,16,2,2
36,46,inception_4d_pool,1,1,6,0,3,6,0,1,1,0,1,16,2,2
36,46,inception_4d_pool,1,1,7,1,3,7,0,1,1,1,1,16,2,2
36,46,inception_4d_pool,1,2,8,0,4,8,0,2,0,0,1,16,2,2
36,46,inception_4d_pool,1,2,9,1,4,9,0,2,0,1,1,16,2,2
36,46,inception_4d_pool,1,2,10,0,5,10,0,2,1,0,1,16,2,2
36,46,inception_4d_pool,1,2,11,1,5,11,0,2,1,1,1,16,2,2
36,46,inception_4d_pool,1,3,12,0,6,12,0,3,0,0,1,16,2,2
36,46,inception_4d_pool,1,3,13,1,6,13,0,3,0,1,1,16,2,2
36,46,inception_4d_pool,1,3,14,0,7,14,0,3,1,0,1,16,2,2
36,46,inception_4d_pool,1,3,15,1,7,15,0,3,1,1,1,16,2,2
36,46,inception_4d_pool,1,7,16,2,7,16,0,4,0,0,1,16,2,2
36,46,inception_4d_pool,1,7,17,3,7,17,0,4,0,1,1,16,2,2
36,46,inception_4d_pool,1,7,18,2,6,18,0,4,1,0,1,16,2,2
36,46,inception_4d_pool,1,7,19,3,6,19,0,4,1,1,1,16,2,2
36,46,inception_4d_pool,1,6,20,2,5,20,0,5,0,0,1,16,2,2
36,46,inception_4d_pool,1,6,21,3,5,21,0,5,0,1,1,16,2,2
36,46,inception_4d_pool,1,6,22,2,4,22,0,5,1,0,1,16,2,2
36,46,inception_4d_pool,1,6,23,3,4,23,0,5,1,1,1,16,2,2
36,46,inception_4d_pool,1,5,24,2,3,24,0,6,0,0,1,16,2,2
36,46,inception_4d_pool,1,5,25,3,3,25,0,6,0,1,1,16,2,2
36,46,inception_4d_pool,1,5,26,2,2,26,0,6,1,0,1,16,2,2
36,46,inception_4d_pool,1,5,27,3,2,27,0,6,1,1,1,16,2,2
36,46,inception_4d_pool,1,4,28,2,1,28,0,7,0,0,1,16,2,2
36,46,inception_4d_pool,1,4,29,3,1,29,0,7,0,1,1,16,2,2
36,46,inception_4d_pool,1,4,30,2,0,30,0,7,1,0,1,16,2,2
36,46,inception_4d_pool,1,4,31,3,0,31,0,7,1,1,1,16,2,2
36,46,inception_4d_pool,1,8,32,4,0,32,0,8,0,0,1,16,2,2
36,46,inception_4d_pool,1,8,33,5,0,33,0,8,0,1,1,16,2,2
36,46,inception_4d_pool,1,8,34,4,1,34,0,8,1,0,1,16,2,2
36,46,inception_4d_pool,1,8,35,5,1,35,0,8,1,1,1,16,2,2
36,46,inception_4d_pool,1,9,36,4,2,36,0,9,0,0,1,16,2,2
36,46,inception_4d_pool,1,9,37,5,2,37,0,9,0,1,1,16,2,2
36,46,inception_4d_pool,1,9,38,4,3,38,0,9,1,0,1,16,2,2
36,46,inception_4d_pool,1,9,39,5,3,39,0,9,1,1,1,16,2,2
36,46,inception_4d_pool,1,10,40,4,4,40,0,10,0,0,1,16,2,2
36,46,inception_4d_pool,1,10,41,5,4,41,0,10,0,1,1,16,2,2
36,46,inception_4d_pool,1,10,42,4,5,42,0,10,1,0,1,16,2,2
36,46,inception_4d_pool,1,10,43,5,5,43,0,10,1,1,1,16,2,2
36,46,inception_4d_pool,1,11,44,4,6,44,0,11,0,0,1,16,2,2
36,46,inception_4d_pool,1,11,45,5,6,45,0,11,0,1,1,16,2,2
36,46,inception_4d_pool,1,11,46,4,7,46,0,11,1,0,1,16,2,2
36,46,inception_4d_pool,1,11,47,5,7,47,0,11,1,1,1,16,2,2
36,46,inception_4d_pool,1,15,48,6,7,48,0,12,0,0,1,16,2,2
36,46,inception_4d_pool,1,15,49,7,7,49,0,12,0,1,1,16,2,2
36,46,inception_4d_pool,1,15,50,6,6,50,0,12,1,0,1,16,2,2
36,46,inception_4d_pool,1,15,51,7,6,51,0,12,1,1,1,16,2,2
36,46,inception_4d_pool,1,14,52,6,5,52,0,13,0,0,1,16,2,2
36,46,inception_4d_pool,1,14,53,7,5,53,0,13,0,1,1,16,2,2
36,46,inception_4d_pool,1,14,54,6,4,54,0,13,1,0,1,16,2,2
36,46,inception_4d_pool,1,14,55,7,4,55,0,13,1,1,1,16,2,2
36,46,inception_4d_pool,1,13,56,6,3,56,0,14,0,0,1,16,2,2
36,46,inception_4d_pool,1,13,57,7,3,57,0,14,0,1,1,16,2,2
36,46,inception_4d_pool,1,13,58,6,2,58,0,14,1,0,1,16,2,2
36,46,inception_4d_pool,1,13,59,7,2,59,0,14,1,1,1,16,2,2
36,46,inception_4d_pool,1,12,60,6,1,60,0,15,0,0,1,16,2,2
36,46,inception_4d_pool,1,12,61,7,1,61,0,15,0,1,1,16,2,2
36,46,inception_4d_pool,1,12,62,6,0,62,0,15,1,0,1,16,2,2
36,46,inception_4d_pool,1,12,63,7,0,63,0,15,1,1,1,16,2,2
37,47,inception_4d_pool_proj,1,0,0,0,0,0,0,0,0,0,1,8,2,4
37,47,inception_4d_pool_proj,1,0,1,1,0,1,0,0,0,1,1,8,2,4
37,47,inception_4d_pool_proj,1,0,2,0,1,2,0,0,0,2,1,8,2,4
37,47,inception_4d_pool_proj,1,0,3,1,1,3,0,0,0,3,1,8,2,4
37,47,inception_4d_pool_proj,1,1,4,0,2,4,0,0,1,0,1,8,2,4
37,47,inception_4d_pool_proj,1,1,5,1,2,5,0,0,1,1,1,8,2,4
37,47,inception_4d_pool_proj,1,1,6,0,3,6,0,0,1,2,1,8,2,4
37,47,inception_4d_pool_proj,1,1,7,1,3,7,0,0,1,3,1,8,2,4
37,47,inception_4d_pool_proj,1,2,8,0,4,8,0,1,0,0,1,8,2,4
37,47,inception_4d_pool_proj,1,2,9,1,4,9,0,1,0,1,1,8,2,4
37,47,inception_4d_pool_proj,1,2,10,0,5,10,0,1,0,2,1,8,2,4
37,47,inception_4d_pool_proj,1,2,11,1,5,11,0,1,0,3,1,8,2,4
37,47,inception_4d_pool_proj,1,3,12,0,6,12,0,1,1,0,1,8,2,4
37,47,inception_4d_pool_proj,1,3,13,1,6,13,0,1,1,1,1,8,2,4
37,47,inception_4d_pool_proj,1,3,14,0,7,14,0,1,1,2,1,8,2,4
37,47,inception_4d_pool_proj,1,3,15,1,7,15,0,1,1,3,1,8,2,4
37,47,inception_4d_pool_proj,1,7,16,2,7,16,0,2,0,0,1,8,2,4
37,47,inception_4d_pool_proj,1,7,17,3,7,17,0,2,0,1,1,8,2,4
37,47,inception_4d_pool_proj,1,7,18,2,6,18,0,2,0,2,1,8,2,4
37,47,inception_4d_pool_proj,1,7,19,3,6,19,0,2,0,3,1,8,2,4
37,47,inception_4d_pool_proj,1,6,20,2,5,20,0,2,1,0,1,8,2,4
37,47,inception_4d_pool_proj,1,6,21,3,5,21,0,2,1,1,1,8,2,4
37,47,inception_4d_pool_proj,1,6,22,2,4,22,0,2,1,2,1,8,2,4
37,47,inception_4d_pool_proj,1,6,23,3,4,23,0,2,1,3,1,8,2,4
37,47,inception_4d_pool_proj,1,5,24,2,3,24,0,3,0,0,1,8,2,4
37,47,inception_4d_pool_proj,1,5,25,3,3,25,0,3,0,1,1,8,2,4
37,47,inception_4d_pool_proj,1,5,26,2,2,26,0,3,0,2,1,8,2,4
37,47,inception_4d_pool_proj,1,5,27,3,2,27,0,3,0,3,1,8,2,4
37,47,inception_4d_pool_proj,1,4,28,2,1,28,0,3,1,0,1,8,2,4
37,47,inception_4d_pool_proj,1,4,29,3,1,29,0,3,1,1,1,8,2,4
37,47,inception_4d_pool_proj,1,4,30,2,0,30,0,3,1,2,1,8,2,4
37,47,inception_4d_pool_proj,1,4,31,3,0,31,0,3,1,3,1,8,2,4
37,47,inception_4d_pool_proj,1,8,32,4,0,32,0,4,0,0,1,8,2,4
37,47,inception_4d_pool_proj,1,8,33,5,0,33,0,4,0,1,1,8,2,4
37,47,inception_4d_pool_proj,1,8,34,4,1,34,0,4,0,2,1,8,2,4
37,47,inception_4d_pool_proj,1,8,35,5,1,35,0,4,0,3,1,8,2,4
37,47,inception_4d_pool_proj,1,9,36,4,2,36,0,4,1,0,1,8,2,4
37,47,inception_4d_pool_proj,1,9,37,5,2,37,0,4,1,1,1,8,2,4
37,47,inception_4d_pool_proj,1,9,38,4,3,38,0,4,1,2,1,8,2,4
37,47,inception_4d_pool_proj,1,9,39,5,3,39,0,4,1,3,1,8,2,4
37,47,inception_4d_pool_proj,1,10,40,4,4,40,0,5,0,0,1,8,2,4
37,47,inception_4d_pool_proj,1,10,41,5,4,41,0,5,0,1,1,8,2,4
37,47,inception_4d_pool_proj,1,10,42,4,5,42,0,5,0,2,1,8,2,4
37,47,inception_4d_pool_proj,1,10,43,5,5,43,0,5,0,3,1,8,2,4
37,47,inception_4d_pool_proj,1,11,44,4,6,44,0,5,1,0,1,8,2,4
37,47,inception_4d_pool_proj,1,11,45,5,6,45,0,5,1,1,1,8,2,4
37,47,inception_4d_pool_proj,1,11,46,4,7,46,0,5,1,2,1,8,2,4
37,47,inception_4d_pool_proj,1,11,47,5,7,47,0,5,1,3,1,8,2,4
37,47,inception_4d_pool_proj,1,15,48,6,7,48,0,6,0,0,1,8,2,4
37,47,inception_4d_pool_proj,1,15,49,7,7,49,0,6,0,1,1,8,2,4
37,47,inception_4d_pool_proj,1,15,50,6,6,50,0,6,0,2,1,8,2,4
37,47,inception_4d_pool_proj,1,15,51,7,6,51,0,6,0,3,1,8,2,4
37,47,inception_4d_pool_proj,1,14,52,6,5,52,0,6,1,0,1,8,2,4
37,47,inception_4d_pool_proj,1,14,53,7,5,53,0,6,1,1,1,8,2,4
37,47,inception_4d_pool_proj,1,14,54,6,4,54,0,6,1,2,1,8,2,4
37,47,inception_4d_pool_proj,1,14,55,7,4,55,0,6,1,3,1,8,2,4
37,47,inception_4d_pool_proj,1,13,56,6,3,56,0,7,0,0,1,8,2,4
37,47,inception_4d_pool_proj,1,13,57,7,3,57,0,7,0,1,1,8,2,4
37,47,inception_4d_pool_proj,1,13,58,6,2,58,0,7,0,2,1,8,2,4
37,47,inception_4d_pool_proj,1,13,59,7,2,59,0,7,0,3,1,8,2,4
37,47,inception_4d_pool_proj,1,12,60,6,1,60,0,7,1,0,1,8,2,4
37,47,inception_4d_pool_proj,1,12,61,7,1,61,0,7,1,1,1,8,2,4
37,47,inception_4d_pool_proj,1,12,62,6,0,62,0,7,1,2,1,8,2,4
37,47,inception_4d_pool_proj,1,12,63,7,0,63,0,7,1,3,1,8,2,4
38,48,inception_4e_1x1,2,0,0,0,0,0,0,0,0,0,2,8,2,2
38,48,inception_4e_1x1,2,0,1,1,0,1,0,0,0,1,2,8,2,2
38,48,inception_4e_1x1,2,0,2,0,1,2,0,0,1,0,2,8,2,2
38,48,inception_4e_1x1,2,0,3,1,1,3,0,0,1,1,2,8,2,2
38,48,inception_4e_1x1,2,1,4,0,2,32,1,0,0,0,2,8,2,2
38,48,inception_4e_1x1,2,1,5,1,2,33,1,0,0,1,2,8,2,2
38,48,inception_4e_1x1,2,1,6,0,3,34,1,0,1,0,2,8,2,2
38,48,inception_4e_1x1,2,1,7,1,3,35,1,0,1,1,2,8,2,2
38,48,inception_4e_1x1,2,2,8,0,4,4,0,1,0,0,2,8,2,2
38,48,inception_4e_1x1,2,2,9,1,4,5,0,1,0,1,2,8,2,2
38,48,inception_4e_1x1,2,2,10,0,5,6,0,1,1,0,2,8,2,2
38,48,inception_4e_1x1,2,2,11,1,5,7,0,1,1,1,2,8,2,2
38,48,inception_4e_1x1,2,3,12,0,6,36,1,1,0,0,2,8,2,2
38,48,inception_4e_1x1,2,3,13,1,6,37,1,1,0,1,2,8,2,2
38,48,inception_4e_1x1,2,3,14,0,7,38,1,1,1,0,2,8,2,2
38,48,inception_4e_1x1,2,3,15,1,7,39,1,1,1,1,2,8,2,2
38,48,inception_4e_1x1,2,7,16,2,7,8,0,2,0,0,2,8,2,2
38,48,inception_4e_1x1,2,7,17,3,7,9,0,2,0,1,2,8,2,2
38,48,inception_4e_1x1,2,7,18,2,6,10,0,2,1,0,2,8,2,2
38,48,inception_4e_1x1,2,7,19,3,6,11,0,2,1,1,2,8,2,2
38,48,inception_4e_1x1,2,6,20,2,5,40,1,2,0,0,2,8,2,2
38,48,inception_4e_1x1,2,6,21,3,5,41,1,2,0,1,2,8,2,2
38,48,inception_4e_1x1,2,6,22,2,4,42,1,2,1,0,2,8,2,2
38,48,inception_4e_1x1,2,6,23,3,4,43,1,2,1,1,2,8,2,2
38,48,inception_4e_1x1,2,5,24,2,3,12,0,3,0,0,2,8,2,2
38,48,inception_4e_1x1,2,5,25,3,3,13,0,3,0,1,2,8,2,2
38,48,inception_4e_1x1,2,5,26,2,2,14,0,3,1,0,2,8,2,2
38,48,inception_4e_1x1,2,5,27,3,2,15,0,3,1,1,2,8,2,2
38,48,inception_4e_1x1,2,4,28,2,1,44,1,3,0,0,2,8,2,2
38,48,inception_4e_1x1,2,4,29,3,1,45,1,3,0,1,2,8,2,2
38,48,inception_4e_1x1,2,4,30,2,0,46,1,3,1,0,2,8,2,2
38,48,inception_4e_1x1,2,4,31,3,0,47,1,3,1,1,2,8,2,2
38,48,inception_4e_1x1,2,8,32,4,0,16,0,4,0,0,2,8,2,2
38,48,inception_4e_1x1,2,8,33,5,0,17,0,4,0,1,2,8,2,2
38,48,inception_4e_1x1,2,8,34,4,1,18,0,4,1,0,2,8,2,2
38,48,inception_4e_1x1,2,8,35,5,1,19,0,4,1,1,2,8,2,2
38,48,inception_4e_1x1,2,9,36,4,2,48,1,4,0,0,2,8,2,2
38,48,inception_4e_1x1,2,9,37,5,2,49,1,4,0,1,2,8,2,2
38,48,inception_4e_1x1,2,9,38,4,3,50,1,4,1,0,2,8,2,2
38,48,inception_4e_1x1,2,9,39,5,3,51,1,4,1,1,2,8,2,2
38,48,inception_4e_1x1,2,10,40,4,4,20,0,5,0,0,2,8,2,2
38,48,inception_4e_1x1,2,10,41,5,4,21,0,5,0,1,2,8,2,2
38,48,inception_4e_1x1,2,10,42,4,5,22,0,5,1,0,2,8,2,2
38,48,inception_4e_1x1,2,10,43,5,5,23,0,5,1,1,2,8,2,2
38,48,inception_4e_1x1,2,11,44,4,6,52,1,5,0,0,2,8,2,2
38,48,inception_4e_1x1,2,11,45,5,6,53,1,5,0,1,2,8,2,2
38,48,inception_4e_1x1,2,11,46,4,7,54,1,5,1,0,2,8,2,2
38,48,inception_4e_1x1,2,11,47,5,7,55,1,5,1,1,2,8,2,2
38,48,inception_4e_1x1,2,15,48,6,7,24,0,6,0,0,2,8,2,2
38,48,inception_4e_1x1,2,15,49,7,7,25,0,6,0,1,2,8,2,2
38,48,inception_4e_1x1,2,15,50,6,6,26,0,6,1,0,2,8,2,2
38,48,inception_4e_1x1,2,15,51,7,6,27,0,6,1,1,2,8,2,2
38,48,inception_4e_1x1,2,14,52,6,5,56,1,6,0,0,2,8,2,2
38,48,inception_4e_1x1,2,14,53,7,5,57,1,6,0,1,2,8,2,2
38,48,inception_4e_1x1,2,14,54,6,4,58,1,6,1,0,2,8,2,2
38,48,inception_4e_1x1,2,14,55,7,4,59,1,6,1,1,2,8,2,2
38,48,inception_4e_1x1,2,13,56,6,3,28,0,7,0,0,2,8,2,2
38,48,inception_4e_1x1,2,13,57,7,3,29,0,7,0,1,2,8,2,2
38,48,inception_4e_1x1,2,13,58,6,2,30,0,7,1,0,2,8,2,2
38,48,inception_4e_1x1,2,13,59,7,2,31,0,7,1,1,2,8,2,2
38,48,inception_4e_1x1,2,12,60,6,1,60,1,7,0,0,2,8,2,2
38,48,inception_4e_1x1,2,12,61,7,1,61,1,7,0,1,2,8,2,2
38,48,inception_4e_1x1,2,12,62,6,0,62,1,7,1,0,2,8,2,2
38,48,inception_4e_1x1,2,12,63,7,0,63,1,7,1,1,2,8,2,2
39,49,inception_4e_3x3_reduce,1,0,0,0,0,0,0,0,0,0,1,1,1,7
39,49,inception_4e_3x3_reduce,1,0,1,1,0,1,0,0,0,1,1,1,1,7
39,49,inception_4e_3x3_reduce,1,0,2,0,1,2,0,0,0,2,1,1,1,7
39,49,inception_4e_3x3_reduce,1,0,3,1,1,3,0,0,0,3,1,1,1,7
39,49,inception_4e_3x3_reduce,1,1,4,0,2,4,0,0,0,4,1,1,1,7
39,49,inception_4e_3x3_reduce,1,1,5,1,2,5,0,0,0,5,1,1,1,7
39,49,inception_4e_3x3_reduce,1,1,6,0,3,6,0,0,0,6,1,1,1,7
39,50,inception_4e_3x3,1,1,7,1,3,0,0,0,0,0,1,5,1,7
39,50,inception_4e_3x3,1,2,8,0,4,1,0,0,0,1,1,5,1,7
39,50,inception_4e_3x3,1,2,9,1,4,2,0,0,0,2,1,5,1,7
39,50,inception_4e_3x3,1,2,10,0,5,3,0,0,0,3,1,5,1,7
39,50,inception_4e_3x3,1,2,11,1,5,4,0,0,0,4,1,5,1,7
39,50,inception_4e_3x3,1,3,12,0,6,5,0,0,0,5,1,5,1,7
39,50,inception_4e_3x3,1,3,13,1,6,6,0,0,0,6,1,5,1,7
39,50,inception_4e_3x3,1,3,14,0,7,7,0,1,0,0,1,5,1,7
39,50,inception_4e_3x3,1,3,15,1,7,8,0,1,0,1,1,5,1,7
39,50,inception_4e_3x3,1,7,16,2,7,9,0,1,0,2,1,5,1,7
39,50,inception_4e_3x3,1,7,17,3,7,10,0,1,0,3,1,5,1,7
39,50,inception_4e_3x3,1,7,18,2,6,11,0,1,0,4,1,5,1,7
39,50,inception_4e_3x3,1,7,19,3,6,12,0,1,0,5,1,5,1,7
39,50,inception_4e_3x3,1,6,20,2,5,13,0,1,0,6,1,5,1,7
39,50,inception_4e_3x3,1,6,21,3,5,14,0,2,0,0,1,5,1,7
39,50,inception_4e_3x3,1,6,22,2,4,15,0,2,0,1,1,5,1,7
39,50,inception_4e_3x3,1,6,23,3,4,16,0,2,0,2,1,5,1,7
39,50,inception_4e_3x3,1,5,24,2,3,17,0,2,0,3,1,5,1,7
39,50,inception_4e_3x3,1,5,25,3,3,18,0,2,0,4,1,5,1,7
39,50,inception_4e_3x3,1,5,26,2,2,19,0,2,0,5,1,5,1,7
39,50,inception_4e_3x3,1,5,27,3,2,20,0,2,0,6,1,5,1,7
39,50,inception_4e_3x3,1,4,28,2,1,21,0,3,0,0,1,5,1,7
39,50,inception_4e_3x3,1,4,29,3,1,22,0,3,0,1,1,5,1,7
39,50,inception_4e_3x3,1,4,30,2,0,23,0,3,0,2,1,5,1,7
39,50,inception_4e_3x3,1,4,31,3,0,24,0,3,0,3,1,5,1,7
39,50,inception_4e_3x3,1,8,32,4,0,25,0,3,0,4,1,5,1,7
39,50,inception_4e_3x3,1,8,33,5,0,26,0,3,0,5,1,5,1,7
39,50,inception_4e_3x3,1,8,34,4,1,27,0,3,0,6,1,5,1,7
39,50,inception_4e_3x3,1,8,35,5,1,28,0,4,0,0,1,5,1,7
39,50,inception_4e_3x3,1,9,36,4,2,29,0,4,0,1,1,5,1,7
39,50,inception_4e_3x3,1,9,37,5,2,30,0,4,0,2,1,5,1,7
39,50,inception_4e_3x3,1,9,38,4,3,31,0,4,0,3,1,5,1,7
39,50,inception_4e_3x3,1,9,39,5,3,32,0,4,0,4,1,5,1,7
39,50,inception_4e_3x3,1,10,40,4,4,33,0,4,0,5,1,5,1,7
39,50,inception_4e_3x3,1,10,41,5,4,34,0,4,0,6,1,5,1,7
39,51,inception_4e_5x5_reduce,1,10,42,4,5,0,0,0,0,0,1,1,1,2
39,51,inception_4e_5x5_reduce,1,10,43,5,5,1,0,0,0,1,1,1,1,2
39,52,inception_4e_5x5,1,11,44,4,6,0,0,0,0,0,1,2,2,2
39,52,inception_4e_5x5,1,11,45,5,6,1,0,0,0,1,1,2,2,2
39,52,inception_4e_5x5,1,11,46,4,7,2,0,0,1,0,1,2,2,2
39,52,inception_4e_5x5,1,11,47,5,7,3,0,0,1,1,1,2,2,2
39,52,inception_4e_5x5,1,15,48,6,7,4,0,1,0,0,1,2,2,2
39,52,inception_4e_5x5,1,15,49,7,7,5,0,1,0,1,1,2,2,2
39,52,inception_4e_5x5,1,15,50,6,6,6,0,1,1,0,1,2,2,2
39,52,inception_4e_5x5,1,15,51,7,6,7,0,1,1,1,1,2,2,2
39,53,inception_4e_pool,1,14,52,6,5,0,0,0,0,0,1,3,1,2
39,53,inception_4e_pool,1,14,53,7,5,1,0,0,0,1,1,3,1,2
39,53,inception_4e_pool,1,14,54,6,4,2,0,1,0,0,1,3,1,2
39,53,inception_4e_pool,1,14,55,7,4,3,0,1,0,1,1,3,1,2
39,53,inception_4e_pool,1,13,56,6,3,4,0,2,0,0,1,3,1,2
39,53,inception_4e_pool,1,13,57,7,3,5,0,2,0,1,1,3,1,2
39,54,inception_4e_pool_proj,1,13,58,6,2,0,0,0,0,0,1,2,1,3
39,54,inception_4e_pool_proj,1,13,59,7,2,1,0,0,0,1,1,2,1,3
39,54,inception_4e_pool_proj,1,12,60,6,1,2,0,0,0,2,1,2,1,3
39,54,inception_4e_pool_proj,1,12,61,7,1,3,0,1,0,0,1,2,1,3
39,54,inception_4e_pool_proj,1,12,62,6,0,4,0,1,0,1,1,2,1,3
39,54,inception_4e_pool_proj,1,12,63,7,0,5,0,1,0,2,1,2,1,3
40,55,pool4,4,0,0,0,0,0,0,0,0,0,4,16,1,1
40,55,pool4,4,0,1,1,0,16,1,0,0,0,4,16,1,1
40,55,pool4,4,0,2,0,1,32,2,0,0,0,4,16,1,1
40,55,pool4,4,0,3,1,1,48,3,0,0,0,4,16,1,1
40,55,pool4,4,1,4,0,2,1,0,1,0,0,4,16,1,1
40,55,pool4,4,1,5,1,2,17,1,1,0,0,4,16,1,1
40,55,pool4,4,1,6,0,3,33,2,1,0,0,4,16,1,1
40,55,pool4,4,1,7,1,3,49,3,1,0,0,4,16,1,1
40,55,pool4,4,2,8,0,4,2,0,2,0,0,4,16,1,1
40,55,pool4,4,2,9,1,4,18,1,2,0,0,4,16,1,1
40,55,pool4,4,2,10,0,5,34,2,2,0,0,4,16,1,1
40,55,pool4,4,2,11,1,5,50,3,2,0,0,4,16,1,1
40,55,pool4,4,3,12,0,6,3,0,3,0,0,4,16,1,1
40,55,pool4,4,3,13,1,6,19,1,3,0,0,4,16,1,1
40,55,pool4,4,3,14,0,7,35,2,3,0,0,4,16,1,1
40,55,pool4,4,3,15,1,7,51,3,3,0,0,4,16,1,1
40,55,pool4,4,7,16,2,7,4,0,4,0,0,4,16,1,1
40,55,pool4,4,7,17,3,7,20,1,4,0,0,4,16,1,1
40,55,pool4,4,7,18,2,6,36,2,4,0,0,4,16,1,1
40,55,pool4,4,7,19,3,6,52,3,4,0,0,4,16,1,1
40,55,pool4,4,6,20,2,5,5,0,5,0,0,4,16,1,1
40,55,pool4,4,6,21,3,5,21,1,5,0,0,4,16,1,1
40,55,pool4,4,6,22,2,4,37,2,5,0,0,4,16,1,1
40,55,pool4,4,6,23,3,4,53,3,5,0,0,4,16,1,1
40,55,pool4,4,5,24,2,3,6,0,6,0,0,4,16,1,1
40,55,pool4,4,5,25,3,3,22,1,6,0,0,4,16,1,1
40,55,pool4,4,5,26,2,2,38,2,6,0,0,4,16,1,1
40,55,pool4,4,5,27,3,2,54,3,6,0,0,4,16,1,1
40,55,pool4,4,4,28,2,1,7,0,7,0,0,4,16,1,1
40,55,pool4,4,4,29,3,1,23,1,7,0,0,4,16,1,1
40,55,pool4,4,4,30,2,0,39,2,7,0,0,4,16,1,1
40,55,pool4,4,4,31,3,0,55,3,7,0,0,4,16,1,1
40,55,pool4,4,8,32,4,0,8,0,8,0,0,4,16,1,1
40,55,pool4,4,8,33,5,0,24,1,8,0,0,4,16,1,1
40,55,pool4,4,8,34,4,1,40,2,8,0,0,4,16,1,1
40,55,pool4,4,8,35,5,1,56,3,8,0,0,4,16,1,1
40,55,pool4,4,9,36,4,2,9,0,9,0,0,4,16,1,1
40,55,pool4,4,9,37,5,2,25,1,9,0,0,4,16,1,1
40,55,pool4,4,9,38,4,3,41,2,9,0,0,4,16,1,1
40,55,pool4,4,9,39,5,3,57,3,9,0,0,4,16,1,1
40,55,pool4,4,10,40,4,4,10,0,10,0,0,4,16,1,1
40,55,pool4,4,10,41,5,4,26,1,10,0,0,4,16,1,1
40,55,pool4,4,10,42,4,5,42,2,10,0,0,4,16,1,1
40,55,pool4,4,10,43,5,5,58,3,10,0,0,4,16,1,1
40,55,pool4,4,11,44,4,6,11,0,11,0,0,4,16,1,1
40,55,pool4,4,11,45,5,6,27,1,11,0,0,4,16,1,1
40,55,pool4,4,11,46,4,7,43,2,11,0,0,4,16,1,1
40,55,pool4,4,11,47,5,7,59,3,11,0,0,4,16,1,1
40,55,pool4,4,15,48,6,7,12,0,12,0,0,4,16,1,1
40,55,pool4,4,15,49,7,7,28,1,12,0,0,4,16,1,1
40,55,pool4,4,15,50,6,6,44,2,12,0,0,4,16,1,1
40,55,pool4,4,15,51,7,6,60,3,12,0,0,4,16,1,1
40,55,pool4,4,14,52,6,5,13,0,13,0,0,4,16,1,1
40,55,pool4,4,14,53,7,5,29,1,13,0,0,4,16,1,1
40,55,pool4,4,14,54,6,4,45,2,13,0,0,4,16,1,1
40,55,pool4,4,14,55,7,4,61,3,13,0,0,4,16,1,1
40,55,pool4,4,13,56,6,3,14,0,14,0,0,4,16,1,1
40,55,pool4,4,13,57,7,3,30,1,14,0,0,4,16,1,1
40,55,pool4,4,13,58,6,2,46,2,14,0,0,4,16,1,1
40,55,pool4,4,13,59,7,2,62,3,14,0,0,4,16,1,1
40,55,pool4,4,12,60,6,1,15,0,15,0,0,4,16,1,1
40,55,pool4,4,12,61,7,1,31,1,15,0,0,4,16,1,1
40,55,pool4,4,12,62,6,0,47,2,15,0,0,4,16,1,1
40,55,pool4,4,12,63,7,0,63,3,15,0,0,4,16,1,1
41,56,inception_5a_1x1,1,0,0,0,0,0,0,0,0,0,1,32,1,2
41,56,inception_5a_1x1,1,0,1,1,0,1,0,0,0,1,1,32,1,2
41,56,inception_5a_1x1,1,0,2,0,1,2,0,1,0,0,1,32,1,2
41,56,inception_5a_1x1,1,0,3,1,1,3,0,1,0,1,1,32,1,2
41,56,inception_5a_1x1,1,1,4,0,2,4,0,2,0,0,1,32,1,2
41,56,inception_5a_1x1,1,1,5,1,2,5,0,2,0,1,1,32,1,2
41,56,inception_5a_1x1,1,1,6,0,3,6,0,3,0,0,1,32,1,2
41,56,inception_5a_1x1,1,1,7,1,3,7,0,3,0,1,1,32,1,2
41,56,inception_5a_1x1,1,2,8,0,4,8,0,4,0,0,1,32,1,2
41,56,inception_5a_1x1,1,2,9,1,4,9,0,4,0,1,1,32,1,2
41,56,inception_5a_1x1,1,2,10,0,5,10,0,5,0,0,1,32,1,2
41,56,inception_5a_1x1,1,2,11,1,5,11,0,5,0,1,1,32,1,2
41,56,inception_5a_1x1,1,3,12,0,6,12,0,6,0,0,1,32,1,2
41,56,inception_5a_1x1,1,3,13,1,6,13,0,6,0,1,1,32,1,2
41,56,inception_5a_1x1,1,3,14,0,7,14,0,7,0,0,1,32,1,2
41,56,inception_5a_1x1,1,3,15,1,7,15,0,7,0,1,1,32,1,2
41,56,inception_5a_1x1,1,7,16,2,7,16,0,8,0,0,1,32,1,2
41,56,inception_5a_1x1,1,7,17,3,7,17,0,8,0,1,1,32,1,2
41,56,inception_5a_1x1,1,7,18,2,6,18,0,9,0,0,1,32,1,2
41,56,inception_5a_1x1,1,7,19,3,6,19,0,9,0,1,1,32,1,2
41,56,inception_5a_1x1,1,6,20,2,5,20,0,10,0,0,1,32,1,2
41,56,inception_5a_1x1,1,6,21,3,5,21,0,10,0,1,1,32,1,2
41,56,inception_5a_1x1,1,6,22,2,4,22,0,11,0,0,1,32,1,2
41,56,inception_5a_1x1,1,6,23,3,4,23,0,11,0,1,1,32,1,2
41,56,inception_5a_1x1,1,5,24,2,3,24,0,12,0,0,1,32,1,2
41,56,inception_5a_1x1,1,5,25,3,3,25,0,12,0,1,1,32,1,2
41,56,inception_5a_1x1,1,5,26,2,2,26,0,13,0,0,1,32,1,2
41,56,inception_5a_1x1,1,5,27,3,2,27,0,13,0,1,1,32,1,2
41,56,inception_5a_1x1,1,4,28,2,1,28,0,14,0,0,1,32,1,2
41,56,inception_5a_1x1,1,4,29,3,1,29,0,14,0,1,1,32,1,2
41,56,inception_5a_1x1,1,4,30,2,0,30,0,15,0,0,1,32,1,2
41,56,inception_5a_1x1,1,4,31,3,0,31,0,15,0,1,1,32,1,2
41,56,inception_5a_1x1,1,8,32,4,0,32,0,16,0,0,1,32,1,2
41,56,inception_5a_1x1,1,8,33,5,0,33,0,16,0,1,1,32,1,2
41,56,inception_5a_1x1,1,8,34,4,1,34,0,17,0,0,1,32,1,2
41,56,inception_5a_1x1,1,8,35,5,1,35,0,17,0,1,1,32,1,2
41,56,inception_5a_1x1,1,9,36,4,2,36,0,18,0,0,1,32,1,2
41,56,inception_5a_1x1,1,9,37,5,2,37,0,18,0,1,1,32,1,2
41,56,inception_5a_1x1,1,9,38,4,3,38,0,19,0,0,1,32,1,2
41,56,inception_5a_1x1,1,9,39,5,3,39,0,19,0,1,1,32,1,2
41,56,inception_5a_1x1,1,10,40,4,4,40,0,20,0,0,1,32,1,2
41,56,inception_5a_1x1,1,10,41,5,4,41,0,20,0,1,1,32,1,2
41,56,inception_5a_1x1,1,10,42,4,5,42,0,21,0,0,1,32,1,2
41,56,inception_5a_1x1,1,10,43,5,5,43,0,21,0,1,1,32,1,2
41,56,inception_5a_1x1,1,11,44,4,6,44,0,22,0,0,1,32,1,2
41,56,inception_5a_1x1,1,11,45,5,6,45,0,22,0,1,1,32,1,2
41,56,inception_5a_1x1,1,11,46,4,7,46,0,23,0,0,1,32,1,2
41,56,inception_5a_1x1,1,11,47,5,7,47,0,23,0,1,1,32,1,2
41,56,inception_5a_1x1,1,15,48,6,7,48,0,24,0,0,1,32,1,2
41,56,inception_5a_1x1,1,15,49,7,7,49,0,24,0,1,1,32,1,2
41,56,inception_5a_1x1,1,15,50,6,6,50,0,25,0,0,1,32,1,2
41,56,inception_5a_1x1,1,15,51,7,6,51,0,25,0,1,1,32,1,2
41,56,inception_5a_1x1,1,14,52,6,5,52,0,26,0,0,1,32,1,2
41,56,inception_5a_1x1,1,14,53,7,5,53,0,26,0,1,1,32,1,2
41,56,inception_5a_1x1,1,14,54,6,4,54,0,27,0,0,1,32,1,2
41,56,inception_5a_1x1,1,14,55,7,4,55,0,27,0,1,1,32,1,2
41,56,inception_5a_1x1,1,13,56,6,3,56,0,28,0,0,1,32,1,2
41,56,inception_5a_1x1,1,13,57,7,3,57,0,28,0,1,1,32,1,2
41,56,inception_5a_1x1,1,13,58,6,2,58,0,29,0,0,1,32,1,2
41,56,inception_5a_1x1,1,13,59,7,2,59,0,29,0,1,1,32,1,2
41,56,inception_5a_1x1,1,12,60,6,1,60,0,30,0,0,1,32,1,2
41,56,inception_5a_1x1,1,12,61,7,1,61,0,30,0,1,1,32,1,2
41,56,inception_5a_1x1,1,12,62,6,0,62,0,31,0,0,1,32,1,2
41,56,inception_5a_1x1,1,12,63,7,0,63,0,31,0,1,1,32,1,2
42,57,inception_5a_3x3_reduce,2,0,0,0,0,0,0,0,0,0,2,5,1,1
42,57,inception_5a_3x3_reduce,2,0,1,1,0,5,1,0,0,0,2,5,1,1
42,57,inception_5a_3x3_reduce,2,0,2,0,1,1,0,1,0,0,2,5,1,1
42,57,inception_5a_3x3_reduce,2,0,3,1,1,6,1,1,0,0,2,5,1,1
42,57,inception_5a_3x3_reduce,2,1,4,0,2,2,0,2,0,0,2,5,1,1
42,57,inception_5a_3x3_reduce,2,1,5,1,2,7,1,2,0,0,2,5,1,1
42,57,inception_5a_3x3_reduce,2,1,6,0,3,3,0,3,0,0,2,5,1,1
42,57,inception_5a_3x3_reduce,2,1,7,1,3,8,1,3,0,0,2,5,1,1
42,57,inception_5a_3x3_reduce,2,2,8,0,4,4,0,4,0,0,2,5,1,1
42,57,inception_5a_3x3_reduce,2,2,9,1,4,9,1,4,0,0,2,5,1,1
42,58,inception_5a_3x3,2,2,10,0,5,0,0,0,0,0,1,5,1,7
42,58,inception_5a_3x3,2,2,11,1,5,1,0,0,0,1,1,5,1,7
42,58,inception_5a_3x3,2,3,12,0,6,2,0,0,0,2,1,5,1,7
42,58,inception_5a_3x3,2,3,13,1,6,3,0,0,0,3,1,5,1,7
42,58,inception_5a_3x3,2,3,14,0,7,4,0,0,0,4,1,5,1,7
42,58,inception_5a_3x3,2,3,15,1,7,5,0,0,0,5,1,5,1,7
42,58,inception_5a_3x3,2,7,16,2,7,6,0,0,0,6,1,5,1,7
42,58,inception_5a_3x3,2,7,17,3,7,7,0,1,0,0,1,5,1,7
42,58,inception_5a_3x3,2,7,18,2,6,8,0,1,0,1,1,5,1,7
42,58,inception_5a_3x3,2,7,19,3,6,9,0,1,0,2,1,5,1,7
42,58,inception_5a_3x3,2,6,20,2,5,10,0,1,0,3,1,5,1,7
42,58,inception_5a_3x3,2,6,21,3,5,11,0,1,0,4,1,5,1,7
42,58,inception_5a_3x3,2,6,22,2,4,12,0,1,0,5,1,5,1,7
42,58,inception_5a_3x3,2,6,23,3,4,13,0,1,0,6,1,5,1,7
42,58,inception_5a_3x3,2,5,24,2,3,14,0,2,0,0,1,5,1,7
42,58,inception_5a_3x3,2,5,25,3,3,15,0,2,0,1,1,5,1,7
42,58,inception_5a_3x3,2,5,26,2,2,16,0,2,0,2,1,5,1,7
42,58,inception_5a_3x3,2,5,27,3,2,17,0,2,0,3,1,5,1,7
42,58,inception_5a_3x3,2,4,28,2,1,18,0,2,0,4,1,5,1,7
42,58,inception_5a_3x3,2,4,29,3,1,19,0,2,0,5,1,5,1,7
42,58,inception_5a_3x3,2,4,30,2,0,20,0,2,0,6,1,5,1,7
42,58,inception_5a_3x3,2,4,31,3,0,21,0,3,0,0,1,5,1,7
42,58,inception_5a_3x3,2,8,32,4,0,22,0,3,0,1,1,5,1,7
42,58,inception_5a_3x3,2,8,33,5,0,23,0,3,0,2,1,5,1,7
42,58,inception_5a_3x3,2,8,34,4,1,24,0,3,0,3,1,5,1,7
42,58,inception_5a_3x3,2,8,35,5,1,25,0,3,0,4,1,5,1,7
42,58,inception_5a_3x3,2,9,36,4,2,26,0,3,0,5,1,5,1,7
42,58,inception_5a_3x3,2,9,37,5,2,27,0,3,0,6,1,5,1,7
42,58,inception_5a_3x3,2,9,38,4,3,28,0,4,0,0,1,5,1,7
42,58,inception_5a_3x3,2,9,39,5,3,29,0,4,0,1,1,5,1,7
42,58,inception_5a_3x3,2,10,40,4,4,30,0,4,0,2,1,5,1,7
42,58,inception_5a_3x3,2,10,41,5,4,31,0,4,0,3,1,5,1,7
42,58,inception_5a_3x3,2,10,42,4,5,32,0,4,0,4,1,5,1,7
42,58,inception_5a_3x3,2,10,43,5,5,33,0,4,0,5,1,5,1,7
42,58,inception_5a_3x3,2,11,44,4,6,34,0,4,0,6,1,5,1,7
42,59,inception_5a_5x5_reduce,2,11,45,5,6,0,0,0,0,0,2,1,1,1
42,59,inception_5a_5x5_reduce,2,11,46,4,7,1,1,0,0,0,2,1,1,1
42,60,inception_5a_5x5,2,11,47,5,7,0,0,0,0,0,2,4,1,1
42,60,inception_5a_5x5,2,15,48,6,7,4,1,0,0,0,2,4,1,1
42,60,inception_5a_5x5,2,15,49,7,7,1,0,1,0,0,2,4,1,1
42,60,inception_5a_5x5,2,15,50,6,6,5,1,1,0,0,2,4,1,1
42,60,inception_5a_5x5,2,15,51,7,6,2,0,2,0,0,2,4,1,1
42,60,inception_5a_5x5,2,14,52,6,5,6,1,2,0,0,2,4,1,1
42,60,inception_5a_5x5,2,14,53,7,5,3,0,3,0,0,2,4,1,1
42,60,inception_5a_5x5,2,14,54,6,4,7,1,3,0,0,2,4,1,1
42,61,inception_5a_pool,2,14,55,7,4,0,0,0,0,0,1,9,1,1
42,61,inception_5a_pool,2,13,56,6,3,1,0,1,0,0,1,9,1,1
42,61,inception_5a_pool,2,13,57,7,3,2,0,2,0,0,1,9,1,1
42,61,inception_5a_pool,2,13,58,6,2,3,0,3,0,0,1,9,1,1
42,61,inception_5a_pool,2,13,59,7,2,4,0,4,0,0,1,9,1,1
42,61,inception_5a_pool,2,12,60,6,1,5,0,5,0,0,1,9,1,1
42,61,inception_5a_pool,2,12,61,7,1,6,0,6,0,0,1,9,1,1
42,61,inception_5a_pool,2,12,62,6,0,7,0,7,0,0,1,9,1,1
42,61,inception_5a_pool,2,12,63,7,0,8,0,8,0,0,1,9,1,1
43,62,inception_5a_pool_proj,2,0,0,0,0,0,0,0,0,0,2,16,1,2
43,62,inception_5a_pool_proj,2,0,1,1,0,1,0,0,0,1,2,16,1,2
43,62,inception_5a_pool_proj,2,0,2,0,1,32,1,0,0,0,2,16,1,2
43,62,inception_5a_pool_proj,2,0,3,1,1,33,1,0,0,1,2,16,1,2
43,62,inception_5a_pool_proj,2,1,4,0,2,2,0,1,0,0,2,16,1,2
43,62,inception_5a_pool_proj,2,1,5,1,2,3,0,1,0,1,2,16,1,2
43,62,inception_5a_pool_proj,2,1,6,0,3,34,1,1,0,0,2,16,1,2
43,62,inception_5a_pool_proj,2,1,7,1,3,35,1,1,0,1,2,16,1,2
43,62,inception_5a_pool_proj,2,2,8,0,4,4,0,2,0,0,2,16,1,2
43,62,inception_5a_pool_proj,2,2,9,1,4,5,0,2,0,1,2,16,1,2
43,62,inception_5a_pool_proj,2,2,10,0,5,36,1,2,0,0,2,16,1,2
43,62,inception_5a_pool_proj,2,2,11,1,5,37,1,2,0,1,2,16,1,2
43,62,inception_5a_pool_proj,2,3,12,0,6,6,0,3,0,0,2,16,1,2
43,62,inception_5a_pool_proj,2,3,13,1,6,7,0,3,0,1,2,16,1,2
43,62,inception_5a_pool_proj,2,3,14,0,7,38,1,3,0,0,2,16,1,2
43,62,inception_5a_pool_proj,2,3,15,1,7,39,1,3,0,1,2,16,1,2
43,62,inception_5a_pool_proj,2,7,16,2,7,8,0,4,0,0,2,16,1,2
43,62,inception_5a_pool_proj,2,7,17,3,7,9,0,4,0,1,2,16,1,2
43,62,inception_5a_pool_proj,2,7,18,2,6,40,1,4,0,0,2,16,1,2
43,62,inception_5a_pool_proj,2,7,19,3,6,41,1,4,0,1,2,16,1,2
43,62,inception_5a_pool_proj,2,6,20,2,5,10,0,5,0,0,2,16,1,2
43,62,inception_5a_pool_proj,2,6,21,3,5,11,0,5,0,1,2,16,1,2
43,62,inception_5a_pool_proj,2,6,22,2,4,42,1,5,0,0,2,16,1,2
43,62,inception_5a_pool_proj,2,6,23,3,4,43,1,5,0,1,2,16,1,2
43,62,inception_5a_pool_proj,2,5,24,2,3,12,0,6,0,0,2,16,1,2
43,62,inception_5a_pool_proj,2,5,25,3,3,13,0,6,0,1,2,16,1,2
43,62,inception_5a_pool_proj,2,5,26,2,2,44,1,6,0,0,2,16,1,2
43,62,inception_5a_pool_proj,2,5,27,3,2,45,1,6,0,1,2,16,1,2
43,62,inception_5a_pool_proj,2,4,28,2,1,14,0,7,0,0,2,16,1,2
43,62,inception_5a_pool_proj,2,4,29,3,1,15,0,7,0,1,2,16,1,2
43,62,inception_5a_pool_proj,2,4,30,2,0,46,1,7,0,0,2,16,1,2
43,62,inception_5a_pool_proj,2,4,31,3,0,47,1,7,0,1,2,16,1,2
43,62,inception_5a_pool_proj,2,8,32,4,0,16,0,8,0,0,2,16,1,2
43,62,inception_5a_pool_proj,2,8,33,5,0,17,0,8,0,1,2,16,1,2
43,62,inception_5a_pool_proj,2,8,34,4,1,48,1,8,0,0,2,16,1,2
43,62,inception_5a_pool_proj,2,8,35,5,1,49,1,8,0,1,2,16,1,2
43,62,inception_5a_pool_proj,2,9,36,4,2,18,0,9,0,0,2,16,1,2
43,62,inception_5a_pool_proj,2,9,37,5,2,19,0,9,0,1,2,16,1,2
43,62,inception_5a_pool_proj,2,9,38,4,3,50,1,9,0,0,2,16,1,2
43,62,inception_5a_pool_proj,2,9,39,5,3,51,1,9,0,1,2,16,1,2
43,62,inception_5a_pool_proj,2,10,40,4,4,20,0,10,0,0,2,16,1,2
43,62,inception_5a_pool_proj,2,10,41,5,4,21,0,10,0,1,2,16,1,2
43,62,inception_5a_pool_proj,2,10,42,4,5,52,1,10,0,0,2,16,1,2
43,62,inception_5a_pool_proj,2,10,43,5,5,53,1,10,0,1,2,16,1,2
43,62,inception_5a_pool_proj,2,11,44,4,6,22,0,11,0,0,2,16,1,2
43,62,inception_5a_pool_proj,2,11,45,5,6,23,0,11,0,1,2,16,1,2
43,62,inception_5a_pool_proj,2,11,46,4,7,54,1,11,0,0,2,16,1,2
43,62,inception_5a_pool_proj,2,11,47,5,7,55,1,11,0,1,2,16,1,2
43,62,inception_5a_pool_proj,2,15,48,6,7,24,0,12,0,0,2,16,1,2
43,62,inception_5a_pool_proj,2,15,49,7,7,25,0,12,0,1,2,16,1,2
43,62,inception_5a_pool_proj,2,15,50,6,6,56,1,12,0,0,2,16,1,2
43,62,inception_5a_pool_proj,2,15,51,7,6,57,1,12,0,1,2,16,1,2
43,62,inception_5a_pool_proj,2,14,52,6,5,26,0,13,0,0,2,16,1,2
43,62,inception_5a_pool_proj,2,14,53,7,5,27,0,13,0,1,2,16,1,2
43,62,inception_5a_pool_proj,2,14,54,6,4,58,1,13,0,0,2,16,1,2
43,62,inception_5a_pool_proj,2,14,55,7,4,59,1,13,0,1,2,16,1,2
43,62,inception_5a_pool_proj,2,13,56,6,3,28,0,14,0,0,2,16,1,2
43,62,inception_5a_pool_proj,2,13,57,7,3,29,0,14,0,1,2,16,1,2
43,62,inception_5a_pool_proj,2,13,58,6,2,60,1,14,0,0,2,16,1,2
43,62,inception_5a_pool_proj,2,13,59,7,2,61,1,14,0,1,2,16,1,2
43,62,inception_5a_pool_proj,2,12,60,6,1,30,0,15,0,0,2,16,1,2
43,62,inception_5a_pool_proj,2,12,61,7,1,31,0,15,0,1,2,16,1,2
43,62,inception_5a_pool_proj,2,12,62,6,0,62,1,15,0,0,2,16,1,2
43,62,inception_5a_pool_proj,2,12,63,7,0,63,1,15,0,1,2,16,1,2
44,63,inception_5b_1x1,1,0,0,0,0,0,0,0,0,0,1,2,1,7
44,63,inception_5b_1x1,1,0,1,1,0,1,0,0,0,1,1,2,1,7
44,63,inception_5b_1x1,1,0,2,0,1,2,0,0,0,2,1,2,1,7
44,63,inception_5b_1x1,1,0,3,1,1,3,0,0,0,3,1,2,1,7
44,63,inception_5b_1x1,1,1,4,0,2,4,0,0,0,4,1,2,1,7
44,63,inception_5b_1x1,1,1,5,1,2,5,0,0,0,5,1,2,1,7
44,63,inception_5b_1x1,1,1,6,0,3,6,0,0,0,6,1,2,1,7
44,63,inception_5b_1x1,1,1,7,1,3,7,0,1,0,0,1,2,1,7
44,63,inception_5b_1x1,1,2,8,0,4,8,0,1,0,1,1,2,1,7
44,63,inception_5b_1x1,1,2,9,1,4,9,0,1,0,2,1,2,1,7
44,63,inception_5b_1x1,1,2,10,0,5,10,0,1,0,3,1,2,1,7
44,63,inception_5b_1x1,1,2,11,1,5,11,0,1,0,4,1,2,1,7
44,63,inception_5b_1x1,1,3,12,0,6,12,0,1,0,5,1,2,1,7
44,63,inception_5b_1x1,1,3,13,1,6,13,0,1,0,6,1,2,1,7
44,64,inception_5b_3x3_reduce,1,3,14,0,7,0,0,0,0,0,1,1,1,7
44,64,inception_5b_3x3_reduce,1,3,15,1,7,1,0,0,0,1,1,1,1,7
44,64,inception_5b_3x3_reduce,1,7,16,2,7,2,0,0,0,2,1,1,1,7
44,64,inception_5b_3x3_reduce,1,7,17,3,7,3,0,0,0,3,1,1,1,7
44,64,inception_5b_3x3_reduce,1,7,18,2,6,4,0,0,0,4,1,1,1,7
44,64,inception_5b_3x3_reduce,1,7,19,3,6,5,0,0,0,5,1,1,1,7
44,64,inception_5b_3x3_reduce,1,6,20,2,5,6,0,0,0,6,1,1,1,7
44,65,inception_5b_3x3,1,6,21,3,5,0,0,0,0,0,1,4,1,7
44,65,inception_5b_3x3,1,6,22,2,4,1,0,0,0,1,1,4,1,7
44,65,inception_5b_3x3,1,6,23,3,4,2,0,0,0,2,1,4,1,7
44,65,inception_5b_3x3,1,5,24,2,3,3,0,0,0,3,1,4,1,7
44,65,inception_5b_3x3,1,5,25,3,3,4,0,0,0,4,1,4,1,7
44,65,inception_5b_3x3,1,5,26,2,2,5,0,0,0,5,1,4,1,7
44,65,inception_5b_3x3,1,5,27,3,2,6,0,0,0,6,1,4,1,7
44,65,inception_5b_3x3,1,4,28,2,1,7,0,1,0,0,1,4,1,7
44,65,inception_5b_3x3,1,4,29,3,1,8,0,1,0,1,1,4,1,7
44,65,inception_5b_3x3,1,4,30,2,0,9,0,1,0,2,1,4,1,7
44,65,inception_5b_3x3,1,4,31,3,0,10,0,1,0,3,1,4,1,7
44,65,inception_5b_3x3,1,8,32,4,0,11,0,1,0,4,1,4,1,7
44,65,inception_5b_3x3,1,8,33,5,0,12,0,1,0,5,1,4,1,7
44,65,inception_5b_3x3,1,8,34,4,1,13,0,1,0,6,1,4,1,7
44,65,inception_5b_3x3,1,8,35,5,1,14,0,2,0,0,1,4,1,7
44,65,inception_5b_3x3,1,9,36,4,2,15,0,2,0,1,1,4,1,7
44,65,inception_5b_3x3,1,9,37,5,2,16,0,2,0,2,1,4,1,7
44,65,inception_5b_3x3,1,9,38,4,3,17,0,2,0,3,1,4,1,7
44,65,inception_5b_3x3,1,9,39,5,3,18,0,2,0,4,1,4,1,7
44,65,inception_5b_3x3,1,10,40,4,4,19,0,2,0,5,1,4,1,7
44,65,inception_5b_3x3,1,10,41,5,4,20,0,2,0,6,1,4,1,7
44,65,inception_5b_3x3,1,10,42,4,5,21,0,3,0,0,1,4,1,7
44,65,inception_5b_3x3,1,10,43,5,5,22,0,3,0,1,1,4,1,7
44,65,inception_5b_3x3,1,11,44,4,6,23,0,3,0,2,1,4,1,7
44,65,inception_5b_3x3,1,11,45,5,6,24,0,3,0,3,1,4,1,7
44,65,inception_5b_3x3,1,11,46,4,7,25,0,3,0,4,1,4,1,7
44,65,inception_5b_3x3,1,11,47,5,7,26,0,3,0,5,1,4,1,7
44,65,inception_5b_3x3,1,15,48,6,7,27,0,3,0,6,1,4,1,7
44,66,inception_5b_5x5_reduce,1,15,49,7,7,0,0,0,0,0,1,1,1,2
44,66,inception_5b_5x5_reduce,1,15,50,6,6,1,0,0,0,1,1,1,1,2
44,67,inception_5b_5x5,1,15,51,7,6,0,0,0,0,0,1,1,1,7
44,67,inception_5b_5x5,1,14,52,6,5,1,0,0,0,1,1,1,1,7
44,67,inception_5b_5x5,1,14,53,7,5,2,0,0,0,2,1,1,1,7
44,67,inception_5b_5x5,1,14,54,6,4,3,0,0,0,3,1,1,1,7
44,67,inception_5b_5x5,1,14,55,7,4,4,0,0,0,4,1,1,1,7
44,67,inception_5b_5x5,1,13,56,6,3,5,0,0,0,5,1,1,1,7
44,67,inception_5b_5x5,1,13,57,7,3,6,0,0,0,6,1,1,1,7
44,68,inception_5b_pool,1,13,58,6,2,0,0,0,0,0,1,6,1,1
44,68,inception_5b_pool,1,13,59,7,2,1,0,1,0,0,1,6,1,1
44,68,inception_5b_pool,1,12,60,6,1,2,0,2,0,0,1,6,1,1
44,68,inception_5b_pool,1,12,61,7,1,3,0,3,0,0,1,6,1,1
44,68,inception_5b_pool,1,12,62,6,0,4,0,4,0,0,1,6,1,1
44,68,inception_5b_pool,1,12,63,7,0,5,0,5,0,0,1,6,1,1
45,69,inception_5b_pool_proj,2,0,0,0,0,0,0,0,0,0,2,16,1,2
45,69,inception_5b_pool_proj,2,0,1,1,0,1,0,0,0,1,2,16,1,2
45,69,inception_5b_pool_proj,2,0,2,0,1,32,1,0,0,0,2,16,1,2
45,69,inception_5b_pool_proj,2,0,3,1,1,33,1,0,0,1,2,16,1,2
45,69,inception_5b_pool_proj,2,1,4,0,2,2,0,1,0,0,2,16,1,2
45,69,inception_5b_pool_proj,2,1,5,1,2,3,0,1,0,1,2,16,1,2
45,69,inception_5b_pool_proj,2,1,6,0,3,34,1,1,0,0,2,16,1,2
45,69,inception_5b_pool_proj,2,1,7,1,3,35,1,1,0,1,2,16,1,2
45,69,inception_5b_pool_proj,2,2,8,0,4,4,0,2,0,0,2,16,1,2
45,69,inception_5b_pool_proj,2,2,9,1,4,5,0,2,0,1,2,16,1,2
45,69,inception_5b_pool_proj,2,2,10,0,5,36,1,2,0,0,2,16,1,2
45,69,inception_5b_pool_proj,2,2,11,1,5,37,1,2,0,1,2,16,1,2
45,69,inception_5b_pool_proj,2,3,12,0,6,6,0,3,0,0,2,16,1,2
45,69,inception_5b_pool_proj,2,3,13,1,6,7,0,3,0,1,2,16,1,2
45,69,inception_5b_pool_proj,2,3,14,0,7,38,1,3,0,0,2,16,1,2
45,69,inception_5b_pool_proj,2,3,15,1,7,39,1,3,0,1,2,16,1,2
45,69,inception_5b_pool_proj,2,7,16,2,7,8,0,4,0,0,2,16,1,2
45,69,inception_5b_pool_proj,2,7,17,3,7,9,0,4,0,1,2,16,1,2
45,69,inception_5b_pool_proj,2,7,18,2,6,40,1,4,0,0,2,16,1,2
45,69,inception_5b_pool_proj,2,7,19,3,6,41,1,4,0,1,2,16,1,2
45,69,inception_5b_pool_proj,2,6,20,2,5,10,0,5,0,0,2,16,1,2
45,69,inception_5b_pool_proj,2,6,21,3,5,11,0,5,0,1,2,16,1,2
45,69,inception_5b_pool_proj,2,6,22,2,4,42,1,5,0,0,2,16,1,2
45,69,inception_5b_pool_proj,2,6,23,3,4,43,1,5,0,1,2,16,1,2
45,69,inception_5b_pool_proj,2,5,24,2,3,12,0,6,0,0,2,16,1,2
45,69,inception_5b_pool_proj,2,5,25,3,3,13,0,6,0,1,2,16,1,2
45,69,inception_5b_pool_proj,2,5,26,2,2,44,1,6,0,0,2,16,1,2
45,69,inception_5b_pool_proj,2,5,27,3,2,45,1,6,0,1,2,16,1,2
45,69,inception_5b_pool_proj,2,4,28,2,1,14,0,7,0,0,2,16,1,2
45,69,inception_5b_pool_proj,2,4,29,3,1,15,0,7,0,1,2,16,1,2
45,69,inception_5b_pool_proj,2,4,30,2,0,46,1,7,0,0,2,16,1,2
45,69,inception_5b_pool_proj,2,4,31,3,0,47,1,7,0,1,2,16,1,2
45,69,inception_5b_pool_proj,2,8,32,4,0,16,0,8,0,0,2,16,1,2
45,69,inception_5b_pool_proj,2,8,33,5,0,17,0,8,0,1,2,16,1,2
45,69,inception_5b_pool_proj,2,8,34,4,1,48,1,8,0,0,2,16,1,2
45,69,inception_5b_pool_proj,2,8,35,5,1,49,1,8,0,1,2,16,1,2
45,69,inception_5b_pool_proj,2,9,36,4,2,18,0,9,0,0,2,16,1,2
45,69,inception_5b_pool_proj,2,9,37,5,2,19,0,9,0,1,2,16,1,2
45,69,inception_5b_pool_proj,2,9,38,4,3,50,1,9,0,0,2,16,1,2
45,69,inception_5b_pool_proj,2,9,39,5,3,51,1,9,0,1,2,16,1,2
45,69,inception_5b_pool_proj,2,10,40,4,4,20,0,10,0,0,2,16,1,2
45,69,inception_5b_pool_proj,2,10,41,5,4,21,0,10,0,1,2,16,1,2
45,69,inception_5b_pool_proj,2,10,42,4,5,52,1,10,0,0,2,16,1,2
45,69,inception_5b_pool_proj,2,10,43,5,5,53,1,10,0,1,2,16,1,2
45,69,inception_5b_pool_proj,2,11,44,4,6,22,0,11,0,0,2,16,1,2
45,69,inception_5b_pool_proj,2,11,45,5,6,23,0,11,0,1,2,16,1,2
45,69,inception_5b_pool_proj,2,11,46,4,7,54,1,11,0,0,2,16,1,2
45,69,inception_5b_pool_proj,2,11,47,5,7,55,1,11,0,1,2,16,1,2
45,69,inception_5b_pool_proj,2,15,48,6,7,24,0,12,0,0,2,16,1,2
45,69,inception_5b_pool_proj,2,15,49,7,7,25,0,12,0,1,2,16,1,2
45,69,inception_5b_pool_proj,2,15,50,6,6,56,1,12,0,0,2,16,1,2
45,69,inception_5b_pool_proj,2,15,51,7,6,57,1,12,0,1,2,16,1,2
45,69,inception_5b_pool_proj,2,14,52,6,5,26,0,13,0,0,2,16,1,2
45,69,inception_5b_pool_proj,2,14,53,7,5,27,0,13,0,1,2,16,1,2
45,69,inception_5b_pool_proj,2,14,54,6,4,58,1,13,0,0,2,16,1,2
45,69,inception_5b_pool_proj,2,14,55,7,4,59,1,13,0,1,2,16,1,2
45,69,inception_5b_pool_proj,2,13,56,6,3,28,0,14,0,0,2,16,1,2
45,69,inception_5b_pool_proj,2,13,57,7,3,29,0,14,0,1,2,16,1,2
45,69,inception_5b_pool_proj,2,13,58,6,2,60,1,14,0,0,2,16,1,2
45,69,inception_5b_pool_proj,2,13,59,7,2,61,1,14,0,1,2,16,1,2
45,69,inception_5b_pool_proj,2,12,60,6,1,30,0,15,0,0,2,16,1,2
45,69,inception_5b_pool_proj,2,12,61,7,1,31,0,15,0,1,2,16,1,2
45,69,inception_5b_pool_proj,2,12,62,6,0,62,1,15,0,0,2,16,1,2
45,69,inception_5b_pool_proj,2,12,63,7,0,63,1,15,0,1,2,16,1,2
46,70,pool5,2,0,0,0,0,0,0,0,0,0,2,32,1,1
46,70,pool5,2,0,1,1,0,32,1,0,0,0,2,32,1,1
46,70,pool5,2,0,2,0,1,1,0,1,0,0,2,32,1,1
46,70,pool5,2,0,3,1,1,33,1,1,0,0,2,32,1,1
46,70,pool5,2,1,4,0,2,2,0,2,0,0,2,32,1,1
46,70,pool5,2,1,5,1,2,34,1,2,0,0,2,32,1,1
46,70,pool5,2,1,6,0,3,3,0,3,0,0,2,32,1,1
46,70,pool5,2,1,7,1,3,35,1,3,0,0,2,32,1,1
46,70,pool5,2,2,8,0,4,4,0,4,0,0,2,32,1,1
46,70,pool5,2,2,9,1,4,36,1,4,0,0,2,32,1,1
46,70,pool5,2,2,10,0,5,5,0,5,0,0,2,32,1,1
46,70,pool5,2,2,11,1,5,37,1,5,0,0,2,32,1,1
46,70,pool5,2,3,12,0,6,6,0,6,0,0,2,32,1,1
46,70,pool5,2,3,13,1,6,38,1,6,0,0,2,32,1,1
46,70,pool5,2,3,14,0,7,7,0,7,0,0,2,32,1,1
46,70,pool5,2,3,15,1,7,39,1,7,0,0,2,32,1,1
46,70,pool5,2,7,16,2,7,8,0,8,0,0,2,32,1,1
46,70,pool5,2,7,17,3,7,40,1,8,0,0,2,32,1,1
46,70,pool5,2,7,18,2,6,9,0,9,0,0,2,32,1,1
46,70,pool5,2,7,19,3,6,41,1,9,0,0,2,32,1,1
46,70,pool5,2,6,20,2,5,10,0,10,0,0,2,32,1,1
46,70,pool5,2,6,21,3,5,42,1,10,0,0,2,32,1,1
46,70,pool5,2,6,22,2,4,11,0,11,0,0,2,32,1,1
46,70,pool5,2,6,23,3,4,43,1,11,0,0,2,32,1,1
46,70,pool5,2,5,24,2,3,12,0,12,0,0,2,32,1,1
46,70,pool5,2,5,25,3,3,44,1,12,0,0,2,32,1,1
46,70,pool5,2,5,26,2,2,13,0,13,0,0,2,32,1,1
46,70,pool5,2,5,27,3,2,45,1,13,0,0,2,32,1,1
46,70,pool5,2,4,28,2,1,14,0,14,0,0,2,32,1,1
46,70,pool5,2,4,29,3,1,46,1,14,0,0,2,32,1,1
46,70,pool5,2,4,30,2,0,15,0,15,0,0,2,32,1,1
46,70,pool5,2,4,31,3,0,47,1,15,0,0,2,32,1,1
46,70,pool5,2,8,32,4,0,16,0,16,0,0,2,32,1,1
46,70,pool5,2,8,33,5,0,48,1,16,0,0,2,32,1,1
46,70,pool5,2,8,34,4,1,17,0,17,0,0,2,32,1,1
46,70,pool5,2,8,35,5,1,49,1,17,0,0,2,32,1,1
46,70,pool5,2,9,36,4,2,18,0,18,0,0,2,32,1,1
46,70,pool5,2,9,37,5,2,50,1,18,0,0,2,32,1,1
46,70,pool5,2,9,38,4,3,19,0,19,0,0,2,32,1,1
46,70,pool5,2,9,39,5,3,51,1,19,0,0,2,32,1,1
46,70,pool5,2,10,40,4,4,20,0,20,0,0,2,32,1,1
46,70,pool5,2,10,41,5,4,52,1,20,0,0,2,32,1,1
46,70,pool5,2,10,42,4,5,21,0,21,0,0,2,32,1,1
46,70,pool5,2,10,43,5,5,53,1,21,0,0,2,32,1,1
46,70,pool5,2,11,44,4,6,22,0,22,0,0,2,32,1,1
46,70,pool5,2,11,45,5,6,54,1,22,0,0,2,32,1,1
46,70,pool5,2,11,46,4,7,23,0,23,0,0,2,32,1,1
46,70,pool5,2,11,47,5,7,55,1,23,0,0,2,32,1,1
46,70,pool5,2,15,48,6,7,24,0,24,0,0,2,32,1,1
46,70,pool5,2,15,49,7,7,56,1,24,0,0,2,32,1,1
46,70,pool5,2,15,50,6,6,25,0,25,0,0,2,32,1,1
46,70,pool5,2,15,51,7,6,57,1,25,0,0,2,32,1,1
46,70,pool5,2,14,52,6,5,26,0,26,0,0,2,32,1,1
46,70,pool5,2,14,53,7,5,58,1,26,0,0,2,32,1,1
46,70,pool5,2,14,54,6,4,27,0,27,0,0,2,32,1,1
46,70,pool5,2,14,55,7,4,59,1,27,0,0,2,32,1,1
46,70,pool5,2,13,56,6,3,28,0,28,0,0,2,32,1,1
46,70,pool5,2,13,57,7,3,60,1,28,0,0,2,32,1,1
46,70,pool5,2,13,58,6,2,29,0,29,0,0,2,32,1,1
46,70,pool5,2,13,59,7,2,61,1,29,0,0,2,32,1,1
46,70,pool5,2,12,60,6,1,30,0,30,0,0,2,32,1,1
46,70,pool5,2,12,61,7,1,62,1,30,0,0,2,32,1,1
46,70,pool5,2,12,62,6,0,31,0,31,0,0,2,32,1,1
46,70,pool5,2,12,63,7,0,63,1,31,0,0,2,32,1,1
47,71,fc,4,0,0,0,0,0,0,0,0,0,1,64,1,1
47,71,fc,4,0,1,1,0,1,0,1,0,0,1,64,1,1
47,71,fc,4,0,2,0,1,2,0,2,0,0,1,64,1,1
47,71,fc,4,0,3,1,1,3,0,3,0,0,1,64,1,1
47,71,fc,4,1,4,0,2,4,0,4,0,0,1,64,1,1
47,71,fc,4,1,5,1,2,5,0,5,0,0,1,64,1,1
47,71,fc,4,1,6,0,3,6,0,6,0,0,1,64,1,1
47,71,fc,4,1,7,1,3,7,0,7,0,0,1,64,1,1
47,71,fc,4,2,8,0,4,8,0,8,0,0,1,64,1,1
47,71,fc,4,2,9,1,4,9,0,9,0,0,1,64,1,1
47,71,fc,4,2,10,0,5,10,0,10,0,0,1,64,1,1
47,71,fc,4,2,11,1,5,11,0,11,0,0,1,64,1,1
47,71,fc,4,3,12,0,6,12,0,12,0,0,1,64,1,1
47,71,fc,4,3,13,1,6,13,0,13,0,0,1,64,1,1
47,71,fc,4,3,14,0,7,14,0,14,0,0,1,64,1,1
47,71,fc,4,3,15,1,7,15,0,15,0,0,1,64,1,1
47,71,fc,4,7,16,2,7,16,0,16,0,0,1,64,1,1
47,71,fc,4,7,17,3,7,17,0,17,0,0,1,64,1,1
47,71,fc,4,7,18,2,6,18,0,18,0,0,1,64,1,1
47,71,fc,4,7,19,3,6,19,0,19,0,0,1,64,1,1
47,71,fc,4,6,20,2,5,20,0,20,0,0,1,64,1,1
47,71,fc,4,6,21,3,5,21,0,21,0,0,1,64,1,1
47,71,fc,4,6,22,2,4,22,0,22,0,0,1,64,1,1
47,71,fc,4,6,23,3,4,23,0,23,0,0,1,64,1,1
47,71,fc,4,5,24,2,3,24,0,24,0,0,1,64,1,1
47,71,fc,4,5,25,3,3,25,0,25,0,0,1,64,1,1
47,71,fc,4,5,26,2,2,26,0,26,0,0,1,64,1,1
47,71,fc,4,5,27,3,2,27,0,27,0,0,1,64,1,1
47,71,fc,4,4,28,2,1,28,0,28,0,0,1,64,1,1
47,71,fc,4,4,29,3,1,29,0,29,0,0,1,64,1,1
47,71,fc,4,4,30,2,0,30,0,30,0,0,1,64,1,1
47,71,fc,4,4,31,3,0,31,0,31,0,0,1,64,1,1
47,71,fc,4,8,32,4,0,32,0,32,0,0,1,64,1,1
47,71,fc,4,8,33,5,0,33,0,33,0,0,1,64,1,1
47,71,fc,4,8,34,4,1,34,0,34,0,0,1,64,1,1
47,71,fc,4,8,35,5,1,35,0,35,0,0,1,64,1,1
47,71,fc,4,9,36,4,2,36,0,36,0,0,1,64,1,1
47,71,fc,4,9,37,5,2,37,0,37,0,0,1,64,1,1
47,71,fc,4,9,38,4,3,38,0,38,0,0,1,64,1,1
47,71,fc,4,9,39,5,3,39,0,39,0,0,1,64,1,1
47,71,fc,4,10,40,4,4,40,0,40,0,0,1,64,1,1
47,71,fc,4,10,41,5,4,41,0,41,0,0,1,64,1,1
47,71,fc,4,10,42,4,5,42,0,42,0,0,1,64,1,1
47,71,fc,4,10,43,5,5,43,0,43,0,0,1,64,1,1
47,71,fc,4,11,44,4,6,44,0,44,0,0,1,64,1,1
47,71,fc,4,11,45,5,6,45,0,45,0,0,1,64,1,1
47,71,fc,4,11,46,4,7,46,0,46,0,0,1,64,1,1
47,71,fc,4,11,47,5,7,47,0,47,0,0,1,64,1,1
47,71,fc,4,15,48,6,7,48,0,48,0,0,1,64,1,1
47,71,fc,4,15,49,7,7,49,0,49,0,0,1,64,1,1
47,71,fc,4,15,50,6,6,50,0,50,0,0,1,64,1,1
47,71,fc,4,15,51,7,6,51,0,51,0,0,1,64,1,1
47,71,fc,4,14,52,6,5,52,0,52,0,0,1,64,1,1
47,71,fc,4,14,53,7,5,53,0,53,0,0,1,64,1,1
47,71,fc,4,14,54,6,4,54,0,54,0,0,1,64,1,1
47,71,fc,4,14,55,7,4,55,0,55,0,0,1,64,1,1
47,71,fc,4,13,56,6,3,56,0,56,0,0,1,64,1,1
47,71,fc,4,13,57,7,3,57,0,57,0,0,1,64,1,1
47,71,fc,4,13,58,6,2,58,0,58,0,0,1,64,1,1
47,71,fc,4,13,59,7,2,59,0,59,0,0,1,64,1,1
47,71,fc,4,12,60,6,1,60,0,60,0,0,1,64,1,1
47,71,fc,4,12,61,7,1,61,0,61,0,0,1,64,1,1
47,71,fc,4,12,62,6,0,62,0,62,0,0,1,64,1,1
47,71,fc,4,12,63,7,0,63,0,63,0,0,1,64,1,1
