segment,layer_id,layer,batch,chiplet,core,x,y,partition_id,partition_b,partition_c,partition_h,partition_w,B,C,H,W
0,0,word_embed_enc,1,0,0,0,0,0,0,0,0,0,1,8,8,1
0,0,word_embed_enc,1,0,1,1,0,1,0,0,1,0,1,8,8,1
0,0,word_embed_enc,1,0,2,0,1,2,0,0,2,0,1,8,8,1
0,0,word_embed_enc,1,0,3,1,1,3,0,0,3,0,1,8,8,1
0,0,word_embed_enc,1,1,4,0,2,4,0,0,4,0,1,8,8,1
0,0,word_embed_enc,1,1,5,1,2,5,0,0,5,0,1,8,8,1
0,0,word_embed_enc,1,1,6,0,3,6,0,0,6,0,1,8,8,1
0,0,word_embed_enc,1,1,7,1,3,7,0,0,7,0,1,8,8,1
0,0,word_embed_enc,1,2,8,0,4,8,0,1,0,0,1,8,8,1
0,0,word_embed_enc,1,2,9,1,4,9,0,1,1,0,1,8,8,1
0,0,word_embed_enc,1,2,10,0,5,10,0,1,2,0,1,8,8,1
0,0,word_embed_enc,1,2,11,1,5,11,0,1,3,0,1,8,8,1
0,0,word_embed_enc,1,3,12,0,6,12,0,1,4,0,1,8,8,1
0,0,word_embed_enc,1,3,13,1,6,13,0,1,5,0,1,8,8,1
0,0,word_embed_enc,1,3,14,0,7,14,0,1,6,0,1,8,8,1
0,0,word_embed_enc,1,3,15,1,7,15,0,1,7,0,1,8,8,1
0,0,word_embed_enc,1,7,16,2,7,16,0,2,0,0,1,8,8,1
0,0,word_embed_enc,1,7,17,3,7,17,0,2,1,0,1,8,8,1
0,0,word_embed_enc,1,7,18,2,6,18,0,2,2,0,1,8,8,1
0,0,word_embed_enc,1,7,19,3,6,19,0,2,3,0,1,8,8,1
0,0,word_embed_enc,1,6,20,2,5,20,0,2,4,0,1,8,8,1
0,0,word_embed_enc,1,6,21,3,5,21,0,2,5,0,1,8,8,1
0,0,word_embed_enc,1,6,22,2,4,22,0,2,6,0,1,8,8,1
0,0,word_embed_enc,1,6,23,3,4,23,0,2,7,0,1,8,8,1
0,0,word_embed_enc,1,5,24,2,3,24,0,3,0,0,1,8,8,1
0,0,word_embed_enc,1,5,25,3,3,25,0,3,1,0,1,8,8,1
0,0,word_embed_enc,1,5,26,2,2,26,0,3,2,0,1,8,8,1
0,0,word_embed_enc,1,5,27,3,2,27,0,3,3,0,1,8,8,1
0,0,word_embed_enc,1,4,28,2,1,28,0,3,4,0,1,8,8,1
0,0,word_embed_enc,1,4,29,3,1,29,0,3,5,0,1,8,8,1
0,0,word_embed_enc,1,4,30,2,0,30,0,3,6,0,1,8,8,1
0,0,word_embed_enc,1,4,31,3,0,31,0,3,7,0,1,8,8,1
0,0,word_embed_enc,1,8,32,4,0,32,0,4,0,0,1,8,8,1
0,0,word_embed_enc,1,8,33,5,0,33,0,4,1,0,1,8,8,1
0,0,word_embed_enc,1,8,34,4,1,34,0,4,2,0,1,8,8,1
0,0,word_embed_enc,1,8,35,5,1,35,0,4,3,0,1,8,8,1
0,0,word_embed_enc,1,9,36,4,2,36,0,4,4,0,1,8,8,1
0,0,word_embed_enc,1,9,37,5,2,37,0,4,5,0,1,8,8,1
0,0,word_embed_enc,1,9,38,4,3,38,0,4,6,0,1,8,8,1
0,0,word_embed_enc,1,9,39,5,3,39,0,4,7,0,1,8,8,1
0,0,word_embed_enc,1,10,40,4,4,40,0,5,0,0,1,8,8,1
0,0,word_embed_enc,1,10,41,5,4,41,0,5,1,0,1,8,8,1
0,0,word_embed_enc,1,10,42,4,5,42,0,5,2,0,1,8,8,1
0,0,word_embed_enc,1,10,43,5,5,43,0,5,3,0,1,8,8,1
0,0,word_embed_enc,1,11,44,4,6,44,0,5,4,0,1,8,8,1
0,0,word_embed_enc,1,11,45,5,6,45,0,5,5,0,1,8,8,1
0,0,word_embed_enc,1,11,46,4,7,46,0,5,6,0,1,8,8,1
0,0,word_embed_enc,1,11,47,5,7,47,0,5,7,0,1,8,8,1
0,0,word_embed_enc,1,15,48,6,7,48,0,6,0,0,1,8,8,1
0,0,word_embed_enc,1,15,49,7,7,49,0,6,1,0,1,8,8,1
0,0,word_embed_enc,1,15,50,6,6,50,0,6,2,0,1,8,8,1
0,0,word_embed_enc,1,15,51,7,6,51,0,6,3,0,1,8,8,1
0,0,word_embed_enc,1,14,52,6,5,52,0,6,4,0,1,8,8,1
0,0,word_embed_enc,1,14,53,7,5,53,0,6,5,0,1,8,8,1
0,0,word_embed_enc,1,14,54,6,4,54,0,6,6,0,1,8,8,1
0,0,word_embed_enc,1,14,55,7,4,55,0,6,7,0,1,8,8,1
0,0,word_embed_enc,1,13,56,6,3,56,0,7,0,0,1,8,8,1
0,0,word_embed_enc,1,13,57,7,3,57,0,7,1,0,1,8,8,1
0,0,word_embed_enc,1,13,58,6,2,58,0,7,2,0,1,8,8,1
0,0,word_embed_enc,1,13,59,7,2,59,0,7,3,0,1,8,8,1
0,0,word_embed_enc,1,12,60,6,1,60,0,7,4,0,1,8,8,1
0,0,word_embed_enc,1,12,61,7,1,61,0,7,5,0,1,8,8,1
0,0,word_embed_enc,1,12,62,6,0,62,0,7,6,0,1,8,8,1
0,0,word_embed_enc,1,12,63,7,0,63,0,7,7,0,1,8,8,1
1,1,encoder_Q,1,0,0,0,0,0,0,0,0,0,1,8,8,1
1,1,encoder_Q,1,0,1,1,0,1,0,0,1,0,1,8,8,1
1,1,encoder_Q,1,0,2,0,1,2,0,0,2,0,1,8,8,1
1,1,encoder_Q,1,0,3,1,1,3,0,0,3,0,1,8,8,1
1,1,encoder_Q,1,1,4,0,2,4,0,0,4,0,1,8,8,1
1,1,encoder_Q,1,1,5,1,2,5,0,0,5,0,1,8,8,1
1,1,encoder_Q,1,1,6,0,3,6,0,0,6,0,1,8,8,1
1,1,encoder_Q,1,1,7,1,3,7,0,0,7,0,1,8,8,1
1,1,encoder_Q,1,2,8,0,4,8,0,1,0,0,1,8,8,1
1,1,encoder_Q,1,2,9,1,4,9,0,1,1,0,1,8,8,1
1,1,encoder_Q,1,2,10,0,5,10,0,1,2,0,1,8,8,1
1,1,encoder_Q,1,2,11,1,5,11,0,1,3,0,1,8,8,1
1,1,encoder_Q,1,3,12,0,6,12,0,1,4,0,1,8,8,1
1,1,encoder_Q,1,3,13,1,6,13,0,1,5,0,1,8,8,1
1,1,encoder_Q,1,3,14,0,7,14,0,1,6,0,1,8,8,1
1,1,encoder_Q,1,3,15,1,7,15,0,1,7,0,1,8,8,1
1,1,encoder_Q,1,7,16,2,7,16,0,2,0,0,1,8,8,1
1,1,encoder_Q,1,7,17,3,7,17,0,2,1,0,1,8,8,1
1,1,encoder_Q,1,7,18,2,6,18,0,2,2,0,1,8,8,1
1,1,encoder_Q,1,7,19,3,6,19,0,2,3,0,1,8,8,1
1,1,encoder_Q,1,6,20,2,5,20,0,2,4,0,1,8,8,1
1,1,encoder_Q,1,6,21,3,5,21,0,2,5,0,1,8,8,1
1,1,encoder_Q,1,6,22,2,4,22,0,2,6,0,1,8,8,1
1,1,encoder_Q,1,6,23,3,4,23,0,2,7,0,1,8,8,1
1,1,encoder_Q,1,5,24,2,3,24,0,3,0,0,1,8,8,1
1,1,encoder_Q,1,5,25,3,3,25,0,3,1,0,1,8,8,1
1,1,encoder_Q,1,5,26,2,2,26,0,3,2,0,1,8,8,1
1,1,encoder_Q,1,5,27,3,2,27,0,3,3,0,1,8,8,1
1,1,encoder_Q,1,4,28,2,1,28,0,3,4,0,1,8,8,1
1,1,encoder_Q,1,4,29,3,1,29,0,3,5,0,1,8,8,1
1,1,encoder_Q,1,4,30,2,0,30,0,3,6,0,1,8,8,1
1,1,encoder_Q,1,4,31,3,0,31,0,3,7,0,1,8,8,1
1,1,encoder_Q,1,8,32,4,0,32,0,4,0,0,1,8,8,1
1,1,encoder_Q,1,8,33,5,0,33,0,4,1,0,1,8,8,1
1,1,encoder_Q,1,8,34,4,1,34,0,4,2,0,1,8,8,1
1,1,encoder_Q,1,8,35,5,1,35,0,4,3,0,1,8,8,1
1,1,encoder_Q,1,9,36,4,2,36,0,4,4,0,1,8,8,1
1,1,encoder_Q,1,9,37,5,2,37,0,4,5,0,1,8,8,1
1,1,encoder_Q,1,9,38,4,3,38,0,4,6,0,1,8,8,1
1,1,encoder_Q,1,9,39,5,3,39,0,4,7,0,1,8,8,1
1,1,encoder_Q,1,10,40,4,4,40,0,5,0,0,1,8,8,1
1,1,encoder_Q,1,10,41,5,4,41,0,5,1,0,1,8,8,1
1,1,encoder_Q,1,10,42,4,5,42,0,5,2,0,1,8,8,1
1,1,encoder_Q,1,10,43,5,5,43,0,5,3,0,1,8,8,1
1,1,encoder_Q,1,11,44,4,6,44,0,5,4,0,1,8,8,1
1,1,encoder_Q,1,11,45,5,6,45,0,5,5,0,1,8,8,1
1,1,encoder_Q,1,11,46,4,7,46,0,5,6,0,1,8,8,1
1,1,encoder_Q,1,11,47,5,7,47,0,5,7,0,1,8,8,1
1,1,encoder_Q,1,15,48,6,7,48,0,6,0,0,1,8,8,1
1,1,encoder_Q,1,15,49,7,7,49,0,6,1,0,1,8,8,1
1,1,encoder_Q,1,15,50,6,6,50,0,6,2,0,1,8,8,1
1,1,encoder_Q,1,15,51,7,6,51,0,6,3,0,1,8,8,1
1,1,encoder_Q,1,14,52,6,5,52,0,6,4,0,1,8,8,1
1,1,encoder_Q,1,14,53,7,5,53,0,6,5,0,1,8,8,1
1,1,encoder_Q,1,14,54,6,4,54,0,6,6,0,1,8,8,1
1,1,encoder_Q,1,14,55,7,4,55,0,6,7,0,1,8,8,1
1,1,encoder_Q,1,13,56,6,3,56,0,7,0,0,1,8,8,1
1,1,encoder_Q,1,13,57,7,3,57,0,7,1,0,1,8,8,1
1,1,encoder_Q,1,13,58,6,2,58,0,7,2,0,1,8,8,1
1,1,encoder_Q,1,13,59,7,2,59,0,7,3,0,1,8,8,1
1,1,encoder_Q,1,12,60,6,1,60,0,7,4,0,1,8,8,1
1,1,encoder_Q,1,12,61,7,1,61,0,7,5,0,1,8,8,1
1,1,encoder_Q,1,12,62,6,0,62,0,7,6,0,1,8,8,1
1,1,encoder_Q,1,12,63,7,0,63,0,7,7,0,1,8,8,1
2,2,encoder_K0,1,0,0,0,0,0,0,0,0,0,1,2,32,1
2,2,encoder_K0,1,0,1,1,0,1,0,0,1,0,1,2,32,1
2,2,encoder_K0,1,0,2,0,1,2,0,0,2,0,1,2,32,1
2,2,encoder_K0,1,0,3,1,1,3,0,0,3,0,1,2,32,1
2,2,encoder_K0,1,1,4,0,2,4,0,0,4,0,1,2,32,1
2,2,encoder_K0,1,1,5,1,2,5,0,0,5,0,1,2,32,1
2,2,encoder_K0,1,1,6,0,3,6,0,0,6,0,1,2,32,1
2,2,encoder_K0,1,1,7,1,3,7,0,0,7,0,1,2,32,1
2,2,encoder_K0,1,2,8,0,4,8,0,0,8,0,1,2,32,1
2,2,encoder_K0,1,2,9,1,4,9,0,0,9,0,1,2,32,1
2,2,encoder_K0,1,2,10,0,5,10,0,0,10,0,1,2,32,1
2,2,encoder_K0,1,2,11,1,5,11,0,0,11,0,1,2,32,1
2,2,encoder_K0,1,3,12,0,6,12,0,0,12,0,1,2,32,1
2,2,encoder_K0,1,3,13,1,6,13,0,0,13,0,1,2,32,1
2,2,encoder_K0,1,3,14,0,7,14,0,0,14,0,1,2,32,1
2,2,encoder_K0,1,3,15,1,7,15,0,0,15,0,1,2,32,1
2,2,encoder_K0,1,7,16,2,7,16,0,0,16,0,1,2,32,1
2,2,encoder_K0,1,7,17,3,7,17,0,0,17,0,1,2,32,1
2,2,encoder_K0,1,7,18,2,6,18,0,0,18,0,1,2,32,1
2,2,encoder_K0,1,7,19,3,6,19,0,0,19,0,1,2,32,1
2,2,encoder_K0,1,6,20,2,5,20,0,0,20,0,1,2,32,1
2,2,encoder_K0,1,6,21,3,5,21,0,0,21,0,1,2,32,1
2,2,encoder_K0,1,6,22,2,4,22,0,0,22,0,1,2,32,1
2,2,encoder_K0,1,6,23,3,4,23,0,0,23,0,1,2,32,1
2,2,encoder_K0,1,5,24,2,3,24,0,0,24,0,1,2,32,1
2,2,encoder_K0,1,5,25,3,3,25,0,0,25,0,1,2,32,1
2,2,encoder_K0,1,5,26,2,2,26,0,0,26,0,1,2,32,1
2,2,encoder_K0,1,5,27,3,2,27,0,0,27,0,1,2,32,1
2,2,encoder_K0,1,4,28,2,1,28,0,0,28,0,1,2,32,1
2,2,encoder_K0,1,4,29,3,1,29,0,0,29,0,1,2,32,1
2,2,encoder_K0,1,4,30,2,0,30,0,0,30,0,1,2,32,1
2,2,encoder_K0,1,4,31,3,0,31,0,0,31,0,1,2,32,1
2,2,encoder_K0,1,8,32,4,0,32,0,1,0,0,1,2,32,1
2,2,encoder_K0,1,8,33,5,0,33,0,1,1,0,1,2,32,1
2,2,encoder_K0,1,8,34,4,1,34,0,1,2,0,1,2,32,1
2,2,encoder_K0,1,8,35,5,1,35,0,1,3,0,1,2,32,1
2,2,encoder_K0,1,9,36,4,2,36,0,1,4,0,1,2,32,1
2,2,encoder_K0,1,9,37,5,2,37,0,1,5,0,1,2,32,1
2,2,encoder_K0,1,9,38,4,3,38,0,1,6,0,1,2,32,1
2,2,encoder_K0,1,9,39,5,3,39,0,1,7,0,1,2,32,1
2,2,encoder_K0,1,10,40,4,4,40,0,1,8,0,1,2,32,1
2,2,encoder_K0,1,10,41,5,4,41,0,1,9,0,1,2,32,1
2,2,encoder_K0,1,10,42,4,5,42,0,1,10,0,1,2,32,1
2,2,encoder_K0,1,10,43,5,5,43,0,1,11,0,1,2,32,1
2,2,encoder_K0,1,11,44,4,6,44,0,1,12,0,1,2,32,1
2,2,encoder_K0,1,11,45,5,6,45,0,1,13,0,1,2,32,1
2,2,encoder_K0,1,11,46,4,7,46,0,1,14,0,1,2,32,1
2,2,encoder_K0,1,11,47,5,7,47,0,1,15,0,1,2,32,1
2,2,encoder_K0,1,15,48,6,7,48,0,1,16,0,1,2,32,1
2,2,encoder_K0,1,15,49,7,7,49,0,1,17,0,1,2,32,1
2,2,encoder_K0,1,15,50,6,6,50,0,1,18,0,1,2,32,1
2,2,encoder_K0,1,15,51,7,6,51,0,1,19,0,1,2,32,1
2,2,encoder_K0,1,14,52,6,5,52,0,1,20,0,1,2,32,1
2,2,encoder_K0,1,14,53,7,5,53,0,1,21,0,1,2,32,1
2,2,encoder_K0,1,14,54,6,4,54,0,1,22,0,1,2,32,1
2,2,encoder_K0,1,14,55,7,4,55,0,1,23,0,1,2,32,1
2,2,encoder_K0,1,13,56,6,3,56,0,1,24,0,1,2,32,1
2,2,encoder_K0,1,13,57,7,3,57,0,1,25,0,1,2,32,1
2,2,encoder_K0,1,13,58,6,2,58,0,1,26,0,1,2,32,1
2,2,encoder_K0,1,13,59,7,2,59,0,1,27,0,1,2,32,1
2,2,encoder_K0,1,12,60,6,1,60,0,1,28,0,1,2,32,1
2,2,encoder_K0,1,12,61,7,1,61,0,1,29,0,1,2,32,1
2,2,encoder_K0,1,12,62,6,0,62,0,1,30,0,1,2,32,1
2,2,encoder_K0,1,12,63,7,0,63,0,1,31,0,1,2,32,1
3,3,encoder_Kt0,1,0,0,0,0,0,0,0,0,0,1,8,8,1
3,3,encoder_Kt0,1,0,1,1,0,1,0,0,1,0,1,8,8,1
3,3,encoder_Kt0,1,0,2,0,1,2,0,0,2,0,1,8,8,1
3,3,encoder_Kt0,1,0,3,1,1,3,0,0,3,0,1,8,8,1
3,3,encoder_Kt0,1,1,4,0,2,4,0,0,4,0,1,8,8,1
3,3,encoder_Kt0,1,1,5,1,2,5,0,0,5,0,1,8,8,1
3,3,encoder_Kt0,1,1,6,0,3,6,0,0,6,0,1,8,8,1
3,3,encoder_Kt0,1,1,7,1,3,7,0,0,7,0,1,8,8,1
3,3,encoder_Kt0,1,2,8,0,4,8,0,1,0,0,1,8,8,1
3,3,encoder_Kt0,1,2,9,1,4,9,0,1,1,0,1,8,8,1
3,3,encoder_Kt0,1,2,10,0,5,10,0,1,2,0,1,8,8,1
3,3,encoder_Kt0,1,2,11,1,5,11,0,1,3,0,1,8,8,1
3,3,encoder_Kt0,1,3,12,0,6,12,0,1,4,0,1,8,8,1
3,3,encoder_Kt0,1,3,13,1,6,13,0,1,5,0,1,8,8,1
3,3,encoder_Kt0,1,3,14,0,7,14,0,1,6,0,1,8,8,1
3,3,encoder_Kt0,1,3,15,1,7,15,0,1,7,0,1,8,8,1
3,3,encoder_Kt0,1,7,16,2,7,16,0,2,0,0,1,8,8,1
3,3,encoder_Kt0,1,7,17,3,7,17,0,2,1,0,1,8,8,1
3,3,encoder_Kt0,1,7,18,2,6,18,0,2,2,0,1,8,8,1
3,3,encoder_Kt0,1,7,19,3,6,19,0,2,3,0,1,8,8,1
3,3,encoder_Kt0,1,6,20,2,5,20,0,2,4,0,1,8,8,1
3,3,encoder_Kt0,1,6,21,3,5,21,0,2,5,0,1,8,8,1
3,3,encoder_Kt0,1,6,22,2,4,22,0,2,6,0,1,8,8,1
3,3,encoder_Kt0,1,6,23,3,4,23,0,2,7,0,1,8,8,1
3,3,encoder_Kt0,1,5,24,2,3,24,0,3,0,0,1,8,8,1
3,3,encoder_Kt0,1,5,25,3,3,25,0,3,1,0,1,8,8,1
3,3,encoder_Kt0,1,5,26,2,2,26,0,3,2,0,1,8,8,1
3,3,encoder_Kt0,1,5,27,3,2,27,0,3,3,0,1,8,8,1
3,3,encoder_Kt0,1,4,28,2,1,28,0,3,4,0,1,8,8,1
3,3,encoder_Kt0,1,4,29,3,1,29,0,3,5,0,1,8,8,1
3,3,encoder_Kt0,1,4,30,2,0,30,0,3,6,0,1,8,8,1
3,3,encoder_Kt0,1,4,31,3,0,31,0,3,7,0,1,8,8,1
3,3,encoder_Kt0,1,8,32,4,0,32,0,4,0,0,1,8,8,1
3,3,encoder_Kt0,1,8,33,5,0,33,0,4,1,0,1,8,8,1
3,3,encoder_Kt0,1,8,34,4,1,34,0,4,2,0,1,8,8,1
3,3,encoder_Kt0,1,8,35,5,1,35,0,4,3,0,1,8,8,1
3,3,encoder_Kt0,1,9,36,4,2,36,0,4,4,0,1,8,8,1
3,3,encoder_Kt0,1,9,37,5,2,37,0,4,5,0,1,8,8,1
3,3,encoder_Kt0,1,9,38,4,3,38,0,4,6,0,1,8,8,1
3,3,encoder_Kt0,1,9,39,5,3,39,0,4,7,0,1,8,8,1
3,3,encoder_Kt0,1,10,40,4,4,40,0,5,0,0,1,8,8,1
3,3,encoder_Kt0,1,10,41,5,4,41,0,5,1,0,1,8,8,1
3,3,encoder_Kt0,1,10,42,4,5,42,0,5,2,0,1,8,8,1
3,3,encoder_Kt0,1,10,43,5,5,43,0,5,3,0,1,8,8,1
3,3,encoder_Kt0,1,11,44,4,6,44,0,5,4,0,1,8,8,1
3,3,encoder_Kt0,1,11,45,5,6,45,0,5,5,0,1,8,8,1
3,3,encoder_Kt0,1,11,46,4,7,46,0,5,6,0,1,8,8,1
3,3,encoder_Kt0,1,11,47,5,7,47,0,5,7,0,1,8,8,1
3,3,encoder_Kt0,1,15,48,6,7,48,0,6,0,0,1,8,8,1
3,3,encoder_Kt0,1,15,49,7,7,49,0,6,1,0,1,8,8,1
3,3,encoder_Kt0,1,15,50,6,6,50,0,6,2,0,1,8,8,1
3,3,encoder_Kt0,1,15,51,7,6,51,0,6,3,0,1,8,8,1
3,3,encoder_Kt0,1,14,52,6,5,52,0,6,4,0,1,8,8,1
3,3,encoder_Kt0,1,14,53,7,5,53,0,6,5,0,1,8,8,1
3,3,encoder_Kt0,1,14,54,6,4,54,0,6,6,0,1,8,8,1
3,3,encoder_Kt0,1,14,55,7,4,55,0,6,7,0,1,8,8,1
3,3,encoder_Kt0,1,13,56,6,3,56,0,7,0,0,1,8,8,1
3,3,encoder_Kt0,1,13,57,7,3,57,0,7,1,0,1,8,8,1
3,3,encoder_Kt0,1,13,58,6,2,58,0,7,2,0,1,8,8,1
3,3,encoder_Kt0,1,13,59,7,2,59,0,7,3,0,1,8,8,1
3,3,encoder_Kt0,1,12,60,6,1,60,0,7,4,0,1,8,8,1
3,3,encoder_Kt0,1,12,61,7,1,61,0,7,5,0,1,8,8,1
3,3,encoder_Kt0,1,12,62,6,0,62,0,7,6,0,1,8,8,1
3,3,encoder_Kt0,1,12,63,7,0,63,0,7,7,0,1,8,8,1
4,4,encoder_K1,1,0,0,0,0,0,0,0,0,0,1,2,32,1
4,4,encoder_K1,1,0,1,1,0,1,0,0,1,0,1,2,32,1
4,4,encoder_K1,1,0,2,0,1,2,0,0,2,0,1,2,32,1
4,4,encoder_K1,1,0,3,1,1,3,0,0,3,0,1,2,32,1
4,4,encoder_K1,1,1,4,0,2,4,0,0,4,0,1,2,32,1
4,4,encoder_K1,1,1,5,1,2,5,0,0,5,0,1,2,32,1
4,4,encoder_K1,1,1,6,0,3,6,0,0,6,0,1,2,32,1
4,4,encoder_K1,1,1,7,1,3,7,0,0,7,0,1,2,32,1
4,4,encoder_K1,1,2,8,0,4,8,0,0,8,0,1,2,32,1
4,4,encoder_K1,1,2,9,1,4,9,0,0,9,0,1,2,32,1
4,4,encoder_K1,1,2,10,0,5,10,0,0,10,0,1,2,32,1
4,4,encoder_K1,1,2,11,1,5,11,0,0,11,0,1,2,32,1
4,4,encoder_K1,1,3,12,0,6,12,0,0,12,0,1,2,32,1
4,4,encoder_K1,1,3,13,1,6,13,0,0,13,0,1,2,32,1
4,4,encoder_K1,1,3,14,0,7,14,0,0,14,0,1,2,32,1
4,4,encoder_K1,1,3,15,1,7,15,0,0,15,0,1,2,32,1
4,4,encoder_K1,1,7,16,2,7,16,0,0,16,0,1,2,32,1
4,4,encoder_K1,1,7,17,3,7,17,0,0,17,0,1,2,32,1
4,4,encoder_K1,1,7,18,2,6,18,0,0,18,0,1,2,32,1
4,4,encoder_K1,1,7,19,3,6,19,0,0,19,0,1,2,32,1
4,4,encoder_K1,1,6,20,2,5,20,0,0,20,0,1,2,32,1
4,4,encoder_K1,1,6,21,3,5,21,0,0,21,0,1,2,32,1
4,4,encoder_K1,1,6,22,2,4,22,0,0,22,0,1,2,32,1
4,4,encoder_K1,1,6,23,3,4,23,0,0,23,0,1,2,32,1
4,4,encoder_K1,1,5,24,2,3,24,0,0,24,0,1,2,32,1
4,4,encoder_K1,1,5,25,3,3,25,0,0,25,0,1,2,32,1
4,4,encoder_K1,1,5,26,2,2,26,0,0,26,0,1,2,32,1
4,4,encoder_K1,1,5,27,3,2,27,0,0,27,0,1,2,32,1
4,4,encoder_K1,1,4,28,2,1,28,0,0,28,0,1,2,32,1
4,4,encoder_K1,1,4,29,3,1,29,0,0,29,0,1,2,32,1
4,4,encoder_K1,1,4,30,2,0,30,0,0,30,0,1,2,32,1
4,4,encoder_K1,1,4,31,3,0,31,0,0,31,0,1,2,32,1
4,4,encoder_K1,1,8,32,4,0,32,0,1,0,0,1,2,32,1
4,4,encoder_K1,1,8,33,5,0,33,0,1,1,0,1,2,32,1
4,4,encoder_K1,1,8,34,4,1,34,0,1,2,0,1,2,32,1
4,4,encoder_K1,1,8,35,5,1,35,0,1,3,0,1,2,32,1
4,4,encoder_K1,1,9,36,4,2,36,0,1,4,0,1,2,32,1
4,4,encoder_K1,1,9,37,5,2,37,0,1,5,0,1,2,32,1
4,4,encoder_K1,1,9,38,4,3,38,0,1,6,0,1,2,32,1
4,4,encoder_K1,1,9,39,5,3,39,0,1,7,0,1,2,32,1
4,4,encoder_K1,1,10,40,4,4,40,0,1,8,0,1,2,32,1
4,4,encoder_K1,1,10,41,5,4,41,0,1,9,0,1,2,32,1
4,4,encoder_K1,1,10,42,4,5,42,0,1,10,0,1,2,32,1
4,4,encoder_K1,1,10,43,5,5,43,0,1,11,0,1,2,32,1
4,4,encoder_K1,1,11,44,4,6,44,0,1,12,0,1,2,32,1
4,4,encoder_K1,1,11,45,5,6,45,0,1,13,0,1,2,32,1
4,4,encoder_K1,1,11,46,4,7,46,0,1,14,0,1,2,32,1
4,4,encoder_K1,1,11,47,5,7,47,0,1,15,0,1,2,32,1
4,4,encoder_K1,1,15,48,6,7,48,0,1,16,0,1,2,32,1
4,4,encoder_K1,1,15,49,7,7,49,0,1,17,0,1,2,32,1
4,4,encoder_K1,1,15,50,6,6,50,0,1,18,0,1,2,32,1
4,4,encoder_K1,1,15,51,7,6,51,0,1,19,0,1,2,32,1
4,4,encoder_K1,1,14,52,6,5,52,0,1,20,0,1,2,32,1
4,4,encoder_K1,1,14,53,7,5,53,0,1,21,0,1,2,32,1
4,4,encoder_K1,1,14,54,6,4,54,0,1,22,0,1,2,32,1
4,4,encoder_K1,1,14,55,7,4,55,0,1,23,0,1,2,32,1
4,4,encoder_K1,1,13,56,6,3,56,0,1,24,0,1,2,32,1
4,4,encoder_K1,1,13,57,7,3,57,0,1,25,0,1,2,32,1
4,4,encoder_K1,1,13,58,6,2,58,0,1,26,0,1,2,32,1
4,4,encoder_K1,1,13,59,7,2,59,0,1,27,0,1,2,32,1
4,4,encoder_K1,1,12,60,6,1,60,0,1,28,0,1,2,32,1
4,4,encoder_K1,1,12,61,7,1,61,0,1,29,0,1,2,32,1
4,4,encoder_K1,1,12,62,6,0,62,0,1,30,0,1,2,32,1
4,4,encoder_K1,1,12,63,7,0,63,0,1,31,0,1,2,32,1
5,5,encoder_Kt1,1,0,0,0,0,0,0,0,0,0,1,8,8,1
5,5,encoder_Kt1,1,0,1,1,0,1,0,0,1,0,1,8,8,1
5,5,encoder_Kt1,1,0,2,0,1,2,0,0,2,0,1,8,8,1
5,5,encoder_Kt1,1,0,3,1,1,3,0,0,3,0,1,8,8,1
5,5,encoder_Kt1,1,1,4,0,2,4,0,0,4,0,1,8,8,1
5,5,encoder_Kt1,1,1,5,1,2,5,0,0,5,0,1,8,8,1
5,5,encoder_Kt1,1,1,6,0,3,6,0,0,6,0,1,8,8,1
5,5,encoder_Kt1,1,1,7,1,3,7,0,0,7,0,1,8,8,1
5,5,encoder_Kt1,1,2,8,0,4,8,0,1,0,0,1,8,8,1
5,5,encoder_Kt1,1,2,9,1,4,9,0,1,1,0,1,8,8,1
5,5,encoder_Kt1,1,2,10,0,5,10,0,1,2,0,1,8,8,1
5,5,encoder_Kt1,1,2,11,1,5,11,0,1,3,0,1,8,8,1
5,5,encoder_Kt1,1,3,12,0,6,12,0,1,4,0,1,8,8,1
5,5,encoder_Kt1,1,3,13,1,6,13,0,1,5,0,1,8,8,1
5,5,encoder_Kt1,1,3,14,0,7,14,0,1,6,0,1,8,8,1
5,5,encoder_Kt1,1,3,15,1,7,15,0,1,7,0,1,8,8,1
5,5,encoder_Kt1,1,7,16,2,7,16,0,2,0,0,1,8,8,1
5,5,encoder_Kt1,1,7,17,3,7,17,0,2,1,0,1,8,8,1
5,5,encoder_Kt1,1,7,18,2,6,18,0,2,2,0,1,8,8,1
5,5,encoder_Kt1,1,7,19,3,6,19,0,2,3,0,1,8,8,1
5,5,encoder_Kt1,1,6,20,2,5,20,0,2,4,0,1,8,8,1
5,5,encoder_Kt1,1,6,21,3,5,21,0,2,5,0,1,8,8,1
5,5,encoder_Kt1,1,6,22,2,4,22,0,2,6,0,1,8,8,1
5,5,encoder_Kt1,1,6,23,3,4,23,0,2,7,0,1,8,8,1
5,5,encoder_Kt1,1,5,24,2,3,24,0,3,0,0,1,8,8,1
5,5,encoder_Kt1,1,5,25,3,3,25,0,3,1,0,1,8,8,1
5,5,encoder_Kt1,1,5,26,2,2,26,0,3,2,0,1,8,8,1
5,5,encoder_Kt1,1,5,27,3,2,27,0,3,3,0,1,8,8,1
5,5,encoder_Kt1,1,4,28,2,1,28,0,3,4,0,1,8,8,1
5,5,encoder_Kt1,1,4,29,3,1,29,0,3,5,0,1,8,8,1
5,5,encoder_Kt1,1,4,30,2,0,30,0,3,6,0,1,8,8,1
5,5,encoder_Kt1,1,4,31,3,0,31,0,3,7,0,1,8,8,1
5,5,encoder_Kt1,1,8,32,4,0,32,0,4,0,0,1,8,8,1
5,5,encoder_Kt1,1,8,33,5,0,33,0,4,1,0,1,8,8,1
5,5,encoder_Kt1,1,8,34,4,1,34,0,4,2,0,1,8,8,1
5,5,encoder_Kt1,1,8,35,5,1,35,0,4,3,0,1,8,8,1
5,5,encoder_Kt1,1,9,36,4,2,36,0,4,4,0,1,8,8,1
5,5,encoder_Kt1,1,9,37,5,2,37,0,4,5,0,1,8,8,1
5,5,encoder_Kt1,1,9,38,4,3,38,0,4,6,0,1,8,8,1
5,5,encoder_Kt1,1,9,39,5,3,39,0,4,7,0,1,8,8,1
5,5,encoder_Kt1,1,10,40,4,4,40,0,5,0,0,1,8,8,1
5,5,encoder_Kt1,1,10,41,5,4,41,0,5,1,0,1,8,8,1
5,5,encoder_Kt1,1,10,42,4,5,42,0,5,2,0,1,8,8,1
5,5,encoder_Kt1,1,10,43,5,5,43,0,5,3,0,1,8,8,1
5,5,encoder_Kt1,1,11,44,4,6,44,0,5,4,0,1,8,8,1
5,5,encoder_Kt1,1,11,45,5,6,45,0,5,5,0,1,8,8,1
5,5,encoder_Kt1,1,11,46,4,7,46,0,5,6,0,1,8,8,1
5,5,encoder_Kt1,1,11,47,5,7,47,0,5,7,0,1,8,8,1
5,5,encoder_Kt1,1,15,48,6,7,48,0,6,0,0,1,8,8,1
5,5,encoder_Kt1,1,15,49,7,7,49,0,6,1,0,1,8,8,1
5,5,encoder_Kt1,1,15,50,6,6,50,0,6,2,0,1,8,8,1
5,5,encoder_Kt1,1,15,51,7,6,51,0,6,3,0,1,8,8,1
5,5,encoder_Kt1,1,14,52,6,5,52,0,6,4,0,1,8,8,1
5,5,encoder_Kt1,1,14,53,7,5,53,0,6,5,0,1,8,8,1
5,5,encoder_Kt1,1,14,54,6,4,54,0,6,6,0,1,8,8,1
5,5,encoder_Kt1,1,14,55,7,4,55,0,6,7,0,1,8,8,1
5,5,encoder_Kt1,1,13,56,6,3,56,0,7,0,0,1,8,8,1
5,5,encoder_Kt1,1,13,57,7,3,57,0,7,1,0,1,8,8,1
5,5,encoder_Kt1,1,13,58,6,2,58,0,7,2,0,1,8,8,1
5,5,encoder_Kt1,1,13,59,7,2,59,0,7,3,0,1,8,8,1
5,5,encoder_Kt1,1,12,60,6,1,60,0,7,4,0,1,8,8,1
5,5,encoder_Kt1,1,12,61,7,1,61,0,7,5,0,1,8,8,1
5,5,encoder_Kt1,1,12,62,6,0,62,0,7,6,0,1,8,8,1
5,5,encoder_Kt1,1,12,63,7,0,63,0,7,7,0,1,8,8,1
6,6,encoder_K2,1,0,0,0,0,0,0,0,0,0,1,2,32,1
6,6,encoder_K2,1,0,1,1,0,1,0,0,1,0,1,2,32,1
6,6,encoder_K2,1,0,2,0,1,2,0,0,2,0,1,2,32,1
6,6,encoder_K2,1,0,3,1,1,3,0,0,3,0,1,2,32,1
6,6,encoder_K2,1,1,4,0,2,4,0,0,4,0,1,2,32,1
6,6,encoder_K2,1,1,5,1,2,5,0,0,5,0,1,2,32,1
6,6,encoder_K2,1,1,6,0,3,6,0,0,6,0,1,2,32,1
6,6,encoder_K2,1,1,7,1,3,7,0,0,7,0,1,2,32,1
6,6,encoder_K2,1,2,8,0,4,8,0,0,8,0,1,2,32,1
6,6,encoder_K2,1,2,9,1,4,9,0,0,9,0,1,2,32,1
6,6,encoder_K2,1,2,10,0,5,10,0,0,10,0,1,2,32,1
6,6,encoder_K2,1,2,11,1,5,11,0,0,11,0,1,2,32,1
6,6,encoder_K2,1,3,12,0,6,12,0,0,12,0,1,2,32,1
6,6,encoder_K2,1,3,13,1,6,13,0,0,13,0,1,2,32,1
6,6,encoder_K2,1,3,14,0,7,14,0,0,14,0,1,2,32,1
6,6,encoder_K2,1,3,15,1,7,15,0,0,15,0,1,2,32,1
6,6,encoder_K2,1,7,16,2,7,16,0,0,16,0,1,2,32,1
6,6,encoder_K2,1,7,17,3,7,17,0,0,17,0,1,2,32,1
6,6,encoder_K2,1,7,18,2,6,18,0,0,18,0,1,2,32,1
6,6,encoder_K2,1,7,19,3,6,19,0,0,19,0,1,2,32,1
6,6,encoder_K2,1,6,20,2,5,20,0,0,20,0,1,2,32,1
6,6,encoder_K2,1,6,21,3,5,21,0,0,21,0,1,2,32,1
6,6,encoder_K2,1,6,22,2,4,22,0,0,22,0,1,2,32,1
6,6,encoder_K2,1,6,23,3,4,23,0,0,23,0,1,2,32,1
6,6,encoder_K2,1,5,24,2,3,24,0,0,24,0,1,2,32,1
6,6,encoder_K2,1,5,25,3,3,25,0,0,25,0,1,2,32,1
6,6,encoder_K2,1,5,26,2,2,26,0,0,26,0,1,2,32,1
6,6,encoder_K2,1,5,27,3,2,27,0,0,27,0,1,2,32,1
6,6,encoder_K2,1,4,28,2,1,28,0,0,28,0,1,2,32,1
6,6,encoder_K2,1,4,29,3,1,29,0,0,29,0,1,2,32,1
6,6,encoder_K2,1,4,30,2,0,30,0,0,30,0,1,2,32,1
6,6,encoder_K2,1,4,31,3,0,31,0,0,31,0,1,2,32,1
6,6,encoder_K2,1,8,32,4,0,32,0,1,0,0,1,2,32,1
6,6,encoder_K2,1,8,33,5,0,33,0,1,1,0,1,2,32,1
6,6,encoder_K2,1,8,34,4,1,34,0,1,2,0,1,2,32,1
6,6,encoder_K2,1,8,35,5,1,35,0,1,3,0,1,2,32,1
6,6,encoder_K2,1,9,36,4,2,36,0,1,4,0,1,2,32,1
6,6,encoder_K2,1,9,37,5,2,37,0,1,5,0,1,2,32,1
6,6,encoder_K2,1,9,38,4,3,38,0,1,6,0,1,2,32,1
6,6,encoder_K2,1,9,39,5,3,39,0,1,7,0,1,2,32,1
6,6,encoder_K2,1,10,40,4,4,40,0,1,8,0,1,2,32,1
6,6,encoder_K2,1,10,41,5,4,41,0,1,9,0,1,2,32,1
6,6,encoder_K2,1,10,42,4,5,42,0,1,10,0,1,2,32,1
6,6,encoder_K2,1,10,43,5,5,43,0,1,11,0,1,2,32,1
6,6,encoder_K2,1,11,44,4,6,44,0,1,12,0,1,2,32,1
6,6,encoder_K2,1,11,45,5,6,45,0,1,13,0,1,2,32,1
6,6,encoder_K2,1,11,46,4,7,46,0,1,14,0,1,2,32,1
6,6,encoder_K2,1,11,47,5,7,47,0,1,15,0,1,2,32,1
6,6,encoder_K2,1,15,48,6,7,48,0,1,16,0,1,2,32,1
6,6,encoder_K2,1,15,49,7,7,49,0,1,17,0,1,2,32,1
6,6,encoder_K2,1,15,50,6,6,50,0,1,18,0,1,2,32,1
6,6,encoder_K2,1,15,51,7,6,51,0,1,19,0,1,2,32,1
6,6,encoder_K2,1,14,52,6,5,52,0,1,20,0,1,2,32,1
6,6,encoder_K2,1,14,53,7,5,53,0,1,21,0,1,2,32,1
6,6,encoder_K2,1,14,54,6,4,54,0,1,22,0,1,2,32,1
6,6,encoder_K2,1,14,55,7,4,55,0,1,23,0,1,2,32,1
6,6,encoder_K2,1,13,56,6,3,56,0,1,24,0,1,2,32,1
6,6,encoder_K2,1,13,57,7,3,57,0,1,25,0,1,2,32,1
6,6,encoder_K2,1,13,58,6,2,58,0,1,26,0,1,2,32,1
6,6,encoder_K2,1,13,59,7,2,59,0,1,27,0,1,2,32,1
6,6,encoder_K2,1,12,60,6,1,60,0,1,28,0,1,2,32,1
6,6,encoder_K2,1,12,61,7,1,61,0,1,29,0,1,2,32,1
6,6,encoder_K2,1,12,62,6,0,62,0,1,30,0,1,2,32,1
6,6,encoder_K2,1,12,63,7,0,63,0,1,31,0,1,2,32,1
7,7,encoder_Kt2,1,0,0,0,0,0,0,0,0,0,1,8,8,1
7,7,encoder_Kt2,1,0,1,1,0,1,0,0,1,0,1,8,8,1
7,7,encoder_Kt2,1,0,2,0,1,2,0,0,2,0,1,8,8,1
7,7,encoder_Kt2,1,0,3,1,1,3,0,0,3,0,1,8,8,1
7,7,encoder_Kt2,1,1,4,0,2,4,0,0,4,0,1,8,8,1
7,7,encoder_Kt2,1,1,5,1,2,5,0,0,5,0,1,8,8,1
7,7,encoder_Kt2,1,1,6,0,3,6,0,0,6,0,1,8,8,1
7,7,encoder_Kt2,1,1,7,1,3,7,0,0,7,0,1,8,8,1
7,7,encoder_Kt2,1,2,8,0,4,8,0,1,0,0,1,8,8,1
7,7,encoder_Kt2,1,2,9,1,4,9,0,1,1,0,1,8,8,1
7,7,encoder_Kt2,1,2,10,0,5,10,0,1,2,0,1,8,8,1
7,7,encoder_Kt2,1,2,11,1,5,11,0,1,3,0,1,8,8,1
7,7,encoder_Kt2,1,3,12,0,6,12,0,1,4,0,1,8,8,1
7,7,encoder_Kt2,1,3,13,1,6,13,0,1,5,0,1,8,8,1
7,7,encoder_Kt2,1,3,14,0,7,14,0,1,6,0,1,8,8,1
7,7,encoder_Kt2,1,3,15,1,7,15,0,1,7,0,1,8,8,1
7,7,encoder_Kt2,1,7,16,2,7,16,0,2,0,0,1,8,8,1
7,7,encoder_Kt2,1,7,17,3,7,17,0,2,1,0,1,8,8,1
7,7,encoder_Kt2,1,7,18,2,6,18,0,2,2,0,1,8,8,1
7,7,encoder_Kt2,1,7,19,3,6,19,0,2,3,0,1,8,8,1
7,7,encoder_Kt2,1,6,20,2,5,20,0,2,4,0,1,8,8,1
7,7,encoder_Kt2,1,6,21,3,5,21,0,2,5,0,1,8,8,1
7,7,encoder_Kt2,1,6,22,2,4,22,0,2,6,0,1,8,8,1
7,7,encoder_Kt2,1,6,23,3,4,23,0,2,7,0,1,8,8,1
7,7,encoder_Kt2,1,5,24,2,3,24,0,3,0,0,1,8,8,1
7,7,encoder_Kt2,1,5,25,3,3,25,0,3,1,0,1,8,8,1
7,7,encoder_Kt2,1,5,26,2,2,26,0,3,2,0,1,8,8,1
7,7,encoder_Kt2,1,5,27,3,2,27,0,3,3,0,1,8,8,1
7,7,encoder_Kt2,1,4,28,2,1,28,0,3,4,0,1,8,8,1
7,7,encoder_Kt2,1,4,29,3,1,29,0,3,5,0,1,8,8,1
7,7,encoder_Kt2,1,4,30,2,0,30,0,3,6,0,1,8,8,1
7,7,encoder_Kt2,1,4,31,3,0,31,0,3,7,0,1,8,8,1
7,7,encoder_Kt2,1,8,32,4,0,32,0,4,0,0,1,8,8,1
7,7,encoder_Kt2,1,8,33,5,0,33,0,4,1,0,1,8,8,1
7,7,encoder_Kt2,1,8,34,4,1,34,0,4,2,0,1,8,8,1
7,7,encoder_Kt2,1,8,35,5,1,35,0,4,3,0,1,8,8,1
7,7,encoder_Kt2,1,9,36,4,2,36,0,4,4,0,1,8,8,1
7,7,encoder_Kt2,1,9,37,5,2,37,0,4,5,0,1,8,8,1
7,7,encoder_Kt2,1,9,38,4,3,38,0,4,6,0,1,8,8,1
7,7,encoder_Kt2,1,9,39,5,3,39,0,4,7,0,1,8,8,1
7,7,encoder_Kt2,1,10,40,4,4,40,0,5,0,0,1,8,8,1
7,7,encoder_Kt2,1,10,41,5,4,41,0,5,1,0,1,8,8,1
7,7,encoder_Kt2,1,10,42,4,5,42,0,5,2,0,1,8,8,1
7,7,encoder_Kt2,1,10,43,5,5,43,0,5,3,0,1,8,8,1
7,7,encoder_Kt2,1,11,44,4,6,44,0,5,4,0,1,8,8,1
7,7,encoder_Kt2,1,11,45,5,6,45,0,5,5,0,1,8,8,1
7,7,encoder_Kt2,1,11,46,4,7,46,0,5,6,0,1,8,8,1
7,7,encoder_Kt2,1,11,47,5,7,47,0,5,7,0,1,8,8,1
7,7,encoder_Kt2,1,15,48,6,7,48,0,6,0,0,1,8,8,1
7,7,encoder_Kt2,1,15,49,7,7,49,0,6,1,0,1,8,8,1
7,7,encoder_Kt2,1,15,50,6,6,50,0,6,2,0,1,8,8,1
7,7,encoder_Kt2,1,15,51,7,6,51,0,6,3,0,1,8,8,1
7,7,encoder_Kt2,1,14,52,6,5,52,0,6,4,0,1,8,8,1
7,7,encoder_Kt2,1,14,53,7,5,53,0,6,5,0,1,8,8,1
7,7,encoder_Kt2,1,14,54,6,4,54,0,6,6,0,1,8,8,1
7,7,encoder_Kt2,1,14,55,7,4,55,0,6,7,0,1,8,8,1
7,7,encoder_Kt2,1,13,56,6,3,56,0,7,0,0,1,8,8,1
7,7,encoder_Kt2,1,13,57,7,3,57,0,7,1,0,1,8,8,1
7,7,encoder_Kt2,1,13,58,6,2,58,0,7,2,0,1,8,8,1
7,7,encoder_Kt2,1,13,59,7,2,59,0,7,3,0,1,8,8,1
7,7,encoder_Kt2,1,12,60,6,1,60,0,7,4,0,1,8,8,1
7,7,encoder_Kt2,1,12,61,7,1,61,0,7,5,0,1,8,8,1
7,7,encoder_Kt2,1,12,62,6,0,62,0,7,6,0,1,8,8,1
7,7,encoder_Kt2,1,12,63,7,0,63,0,7,7,0,1,8,8,1
8,8,encoder_K3,1,0,0,0,0,0,0,0,0,0,1,2,32,1
8,8,encoder_K3,1,0,1,1,0,1,0,0,1,0,1,2,32,1
8,8,encoder_K3,1,0,2,0,1,2,0,0,2,0,1,2,32,1
8,8,encoder_K3,1,0,3,1,1,3,0,0,3,0,1,2,32,1
8,8,encoder_K3,1,1,4,0,2,4,0,0,4,0,1,2,32,1
8,8,encoder_K3,1,1,5,1,2,5,0,0,5,0,1,2,32,1
8,8,encoder_K3,1,1,6,0,3,6,0,0,6,0,1,2,32,1
8,8,encoder_K3,1,1,7,1,3,7,0,0,7,0,1,2,32,1
8,8,encoder_K3,1,2,8,0,4,8,0,0,8,0,1,2,32,1
8,8,encoder_K3,1,2,9,1,4,9,0,0,9,0,1,2,32,1
8,8,encoder_K3,1,2,10,0,5,10,0,0,10,0,1,2,32,1
8,8,encoder_K3,1,2,11,1,5,11,0,0,11,0,1,2,32,1
8,8,encoder_K3,1,3,12,0,6,12,0,0,12,0,1,2,32,1
8,8,encoder_K3,1,3,13,1,6,13,0,0,13,0,1,2,32,1
8,8,encoder_K3,1,3,14,0,7,14,0,0,14,0,1,2,32,1
8,8,encoder_K3,1,3,15,1,7,15,0,0,15,0,1,2,32,1
8,8,encoder_K3,1,7,16,2,7,16,0,0,16,0,1,2,32,1
8,8,encoder_K3,1,7,17,3,7,17,0,0,17,0,1,2,32,1
8,8,encoder_K3,1,7,18,2,6,18,0,0,18,0,1,2,32,1
8,8,encoder_K3,1,7,19,3,6,19,0,0,19,0,1,2,32,1
8,8,encoder_K3,1,6,20,2,5,20,0,0,20,0,1,2,32,1
8,8,encoder_K3,1,6,21,3,5,21,0,0,21,0,1,2,32,1
8,8,encoder_K3,1,6,22,2,4,22,0,0,22,0,1,2,32,1
8,8,encoder_K3,1,6,23,3,4,23,0,0,23,0,1,2,32,1
8,8,encoder_K3,1,5,24,2,3,24,0,0,24,0,1,2,32,1
8,8,encoder_K3,1,5,25,3,3,25,0,0,25,0,1,2,32,1
8,8,encoder_K3,1,5,26,2,2,26,0,0,26,0,1,2,32,1
8,8,encoder_K3,1,5,27,3,2,27,0,0,27,0,1,2,32,1
8,8,encoder_K3,1,4,28,2,1,28,0,0,28,0,1,2,32,1
8,8,encoder_K3,1,4,29,3,1,29,0,0,29,0,1,2,32,1
8,8,encoder_K3,1,4,30,2,0,30,0,0,30,0,1,2,32,1
8,8,encoder_K3,1,4,31,3,0,31,0,0,31,0,1,2,32,1
8,8,encoder_K3,1,8,32,4,0,32,0,1,0,0,1,2,32,1
8,8,encoder_K3,1,8,33,5,0,33,0,1,1,0,1,2,32,1
8,8,encoder_K3,1,8,34,4,1,34,0,1,2,0,1,2,32,1
8,8,encoder_K3,1,8,35,5,1,35,0,1,3,0,1,2,32,1
8,8,encoder_K3,1,9,36,4,2,36,0,1,4,0,1,2,32,1
8,8,encoder_K3,1,9,37,5,2,37,0,1,5,0,1,2,32,1
8,8,encoder_K3,1,9,38,4,3,38,0,1,6,0,1,2,32,1
8,8,encoder_K3,1,9,39,5,3,39,0,1,7,0,1,2,32,1
8,8,encoder_K3,1,10,40,4,4,40,0,1,8,0,1,2,32,1
8,8,encoder_K3,1,10,41,5,4,41,0,1,9,0,1,2,32,1
8,8,encoder_K3,1,10,42,4,5,42,0,1,10,0,1,2,32,1
8,8,encoder_K3,1,10,43,5,5,43,0,1,11,0,1,2,32,1
8,8,encoder_K3,1,11,44,4,6,44,0,1,12,0,1,2,32,1
8,8,encoder_K3,1,11,45,5,6,45,0,1,13,0,1,2,32,1
8,8,encoder_K3,1,11,46,4,7,46,0,1,14,0,1,2,32,1
8,8,encoder_K3,1,11,47,5,7,47,0,1,15,0,1,2,32,1
8,8,encoder_K3,1,15,48,6,7,48,0,1,16,0,1,2,32,1
8,8,encoder_K3,1,15,49,7,7,49,0,1,17,0,1,2,32,1
8,8,encoder_K3,1,15,50,6,6,50,0,1,18,0,1,2,32,1
8,8,encoder_K3,1,15,51,7,6,51,0,1,19,0,1,2,32,1
8,8,encoder_K3,1,14,52,6,5,52,0,1,20,0,1,2,32,1
8,8,encoder_K3,1,14,53,7,5,53,0,1,21,0,1,2,32,1
8,8,encoder_K3,1,14,54,6,4,54,0,1,22,0,1,2,32,1
8,8,encoder_K3,1,14,55,7,4,55,0,1,23,0,1,2,32,1
8,8,encoder_K3,1,13,56,6,3,56,0,1,24,0,1,2,32,1
8,8,encoder_K3,1,13,57,7,3,57,0,1,25,0,1,2,32,1
8,8,encoder_K3,1,13,58,6,2,58,0,1,26,0,1,2,32,1
8,8,encoder_K3,1,13,59,7,2,59,0,1,27,0,1,2,32,1
8,8,encoder_K3,1,12,60,6,1,60,0,1,28,0,1,2,32,1
8,8,encoder_K3,1,12,61,7,1,61,0,1,29,0,1,2,32,1
8,8,encoder_K3,1,12,62,6,0,62,0,1,30,0,1,2,32,1
8,8,encoder_K3,1,12,63,7,0,63,0,1,31,0,1,2,32,1
9,9,encoder_Kt3,1,0,0,0,0,0,0,0,0,0,1,8,8,1
9,9,encoder_Kt3,1,0,1,1,0,1,0,0,1,0,1,8,8,1
9,9,encoder_Kt3,1,0,2,0,1,2,0,0,2,0,1,8,8,1
9,9,encoder_Kt3,1,0,3,1,1,3,0,0,3,0,1,8,8,1
9,9,encoder_Kt3,1,1,4,0,2,4,0,0,4,0,1,8,8,1
9,9,encoder_Kt3,1,1,5,1,2,5,0,0,5,0,1,8,8,1
9,9,encoder_Kt3,1,1,6,0,3,6,0,0,6,0,1,8,8,1
9,9,encoder_Kt3,1,1,7,1,3,7,0,0,7,0,1,8,8,1
9,9,encoder_Kt3,1,2,8,0,4,8,0,1,0,0,1,8,8,1
9,9,encoder_Kt3,1,2,9,1,4,9,0,1,1,0,1,8,8,1
9,9,encoder_Kt3,1,2,10,0,5,10,0,1,2,0,1,8,8,1
9,9,encoder_Kt3,1,2,11,1,5,11,0,1,3,0,1,8,8,1
9,9,encoder_Kt3,1,3,12,0,6,12,0,1,4,0,1,8,8,1
9,9,encoder_Kt3,1,3,13,1,6,13,0,1,5,0,1,8,8,1
9,9,encoder_Kt3,1,3,14,0,7,14,0,1,6,0,1,8,8,1
9,9,encoder_Kt3,1,3,15,1,7,15,0,1,7,0,1,8,8,1
9,9,encoder_Kt3,1,7,16,2,7,16,0,2,0,0,1,8,8,1
9,9,encoder_Kt3,1,7,17,3,7,17,0,2,1,0,1,8,8,1
9,9,encoder_Kt3,1,7,18,2,6,18,0,2,2,0,1,8,8,1
9,9,encoder_Kt3,1,7,19,3,6,19,0,2,3,0,1,8,8,1
9,9,encoder_Kt3,1,6,20,2,5,20,0,2,4,0,1,8,8,1
9,9,encoder_Kt3,1,6,21,3,5,21,0,2,5,0,1,8,8,1
9,9,encoder_Kt3,1,6,22,2,4,22,0,2,6,0,1,8,8,1
9,9,encoder_Kt3,1,6,23,3,4,23,0,2,7,0,1,8,8,1
9,9,encoder_Kt3,1,5,24,2,3,24,0,3,0,0,1,8,8,1
9,9,encoder_Kt3,1,5,25,3,3,25,0,3,1,0,1,8,8,1
9,9,encoder_Kt3,1,5,26,2,2,26,0,3,2,0,1,8,8,1
9,9,encoder_Kt3,1,5,27,3,2,27,0,3,3,0,1,8,8,1
9,9,encoder_Kt3,1,4,28,2,1,28,0,3,4,0,1,8,8,1
9,9,encoder_Kt3,1,4,29,3,1,29,0,3,5,0,1,8,8,1
9,9,encoder_Kt3,1,4,30,2,0,30,0,3,6,0,1,8,8,1
9,9,encoder_Kt3,1,4,31,3,0,31,0,3,7,0,1,8,8,1
9,9,encoder_Kt3,1,8,32,4,0,32,0,4,0,0,1,8,8,1
9,9,encoder_Kt3,1,8,33,5,0,33,0,4,1,0,1,8,8,1
9,9,encoder_Kt3,1,8,34,4,1,34,0,4,2,0,1,8,8,1
9,9,encoder_Kt3,1,8,35,5,1,35,0,4,3,0,1,8,8,1
9,9,encoder_Kt3,1,9,36,4,2,36,0,4,4,0,1,8,8,1
9,9,encoder_Kt3,1,9,37,5,2,37,0,4,5,0,1,8,8,1
9,9,encoder_Kt3,1,9,38,4,3,38,0,4,6,0,1,8,8,1
9,9,encoder_Kt3,1,9,39,5,3,39,0,4,7,0,1,8,8,1
9,9,encoder_Kt3,1,10,40,4,4,40,0,5,0,0,1,8,8,1
9,9,encoder_Kt3,1,10,41,5,4,41,0,5,1,0,1,8,8,1
9,9,encoder_Kt3,1,10,42,4,5,42,0,5,2,0,1,8,8,1
9,9,encoder_Kt3,1,10,43,5,5,43,0,5,3,0,1,8,8,1
9,9,encoder_Kt3,1,11,44,4,6,44,0,5,4,0,1,8,8,1
9,9,encoder_Kt3,1,11,45,5,6,45,0,5,5,0,1,8,8,1
9,9,encoder_Kt3,1,11,46,4,7,46,0,5,6,0,1,8,8,1
9,9,encoder_Kt3,1,11,47,5,7,47,0,5,7,0,1,8,8,1
9,9,encoder_Kt3,1,15,48,6,7,48,0,6,0,0,1,8,8,1
9,9,encoder_Kt3,1,15,49,7,7,49,0,6,1,0,1,8,8,1
9,9,encoder_Kt3,1,15,50,6,6,50,0,6,2,0,1,8,8,1
9,9,encoder_Kt3,1,15,51,7,6,51,0,6,3,0,1,8,8,1
9,9,encoder_Kt3,1,14,52,6,5,52,0,6,4,0,1,8,8,1
9,9,encoder_Kt3,1,14,53,7,5,53,0,6,5,0,1,8,8,1
9,9,encoder_Kt3,1,14,54,6,4,54,0,6,6,0,1,8,8,1
9,9,encoder_Kt3,1,14,55,7,4,55,0,6,7,0,1,8,8,1
9,9,encoder_Kt3,1,13,56,6,3,56,0,7,0,0,1,8,8,1
9,9,encoder_Kt3,1,13,57,7,3,57,0,7,1,0,1,8,8,1
9,9,encoder_Kt3,1,13,58,6,2,58,0,7,2,0,1,8,8,1
9,9,encoder_Kt3,1,13,59,7,2,59,0,7,3,0,1,8,8,1
9,9,encoder_Kt3,1,12,60,6,1,60,0,7,4,0,1,8,8,1
9,9,encoder_Kt3,1,12,61,7,1,61,0,7,5,0,1,8,8,1
9,9,encoder_Kt3,1,12,62,6,0,62,0,7,6,0,1,8,8,1
9,9,encoder_Kt3,1,12,63,7,0,63,0,7,7,0,1,8,8,1
10,10,encoder_K4,1,0,0,0,0,0,0,0,0,0,1,2,32,1
10,10,encoder_K4,1,0,1,1,0,1,0,0,1,0,1,2,32,1
10,10,encoder_K4,1,0,2,0,1,2,0,0,2,0,1,2,32,1
10,10,encoder_K4,1,0,3,1,1,3,0,0,3,0,1,2,32,1
10,10,encoder_K4,1,1,4,0,2,4,0,0,4,0,1,2,32,1
10,10,encoder_K4,1,1,5,1,2,5,0,0,5,0,1,2,32,1
10,10,encoder_K4,1,1,6,0,3,6,0,0,6,0,1,2,32,1
10,10,encoder_K4,1,1,7,1,3,7,0,0,7,0,1,2,32,1
10,10,encoder_K4,1,2,8,0,4,8,0,0,8,0,1,2,32,1
10,10,encoder_K4,1,2,9,1,4,9,0,0,9,0,1,2,32,1
10,10,encoder_K4,1,2,10,0,5,10,0,0,10,0,1,2,32,1
10,10,encoder_K4,1,2,11,1,5,11,0,0,11,0,1,2,32,1
10,10,encoder_K4,1,3,12,0,6,12,0,0,12,0,1,2,32,1
10,10,encoder_K4,1,3,13,1,6,13,0,0,13,0,1,2,32,1
10,10,encoder_K4,1,3,14,0,7,14,0,0,14,0,1,2,32,1
10,10,encoder_K4,1,3,15,1,7,15,0,0,15,0,1,2,32,1
10,10,encoder_K4,1,7,16,2,7,16,0,0,16,0,1,2,32,1
10,10,encoder_K4,1,7,17,3,7,17,0,0,17,0,1,2,32,1
10,10,encoder_K4,1,7,18,2,6,18,0,0,18,0,1,2,32,1
10,10,encoder_K4,1,7,19,3,6,19,0,0,19,0,1,2,32,1
10,10,encoder_K4,1,6,20,2,5,20,0,0,20,0,1,2,32,1
10,10,encoder_K4,1,6,21,3,5,21,0,0,21,0,1,2,32,1
10,10,encoder_K4,1,6,22,2,4,22,0,0,22,0,1,2,32,1
10,10,encoder_K4,1,6,23,3,4,23,0,0,23,0,1,2,32,1
10,10,encoder_K4,1,5,24,2,3,24,0,0,24,0,1,2,32,1
10,10,encoder_K4,1,5,25,3,3,25,0,0,25,0,1,2,32,1
10,10,encoder_K4,1,5,26,2,2,26,0,0,26,0,1,2,32,1
10,10,encoder_K4,1,5,27,3,2,27,0,0,27,0,1,2,32,1
10,10,encoder_K4,1,4,28,2,1,28,0,0,28,0,1,2,32,1
10,10,encoder_K4,1,4,29,3,1,29,0,0,29,0,1,2,32,1
10,10,encoder_K4,1,4,30,2,0,30,0,0,30,0,1,2,32,1
10,10,encoder_K4,1,4,31,3,0,31,0,0,31,0,1,2,32,1
10,10,encoder_K4,1,8,32,4,0,32,0,1,0,0,1,2,32,1
10,10,encoder_K4,1,8,33,5,0,33,0,1,1,0,1,2,32,1
10,10,encoder_K4,1,8,34,4,1,34,0,1,2,0,1,2,32,1
10,10,encoder_K4,1,8,35,5,1,35,0,1,3,0,1,2,32,1
10,10,encoder_K4,1,9,36,4,2,36,0,1,4,0,1,2,32,1
10,10,encoder_K4,1,9,37,5,2,37,0,1,5,0,1,2,32,1
10,10,encoder_K4,1,9,38,4,3,38,0,1,6,0,1,2,32,1
10,10,encoder_K4,1,9,39,5,3,39,0,1,7,0,1,2,32,1
10,10,encoder_K4,1,10,40,4,4,40,0,1,8,0,1,2,32,1
10,10,encoder_K4,1,10,41,5,4,41,0,1,9,0,1,2,32,1
10,10,encoder_K4,1,10,42,4,5,42,0,1,10,0,1,2,32,1
10,10,encoder_K4,1,10,43,5,5,43,0,1,11,0,1,2,32,1
10,10,encoder_K4,1,11,44,4,6,44,0,1,12,0,1,2,32,1
10,10,encoder_K4,1,11,45,5,6,45,0,1,13,0,1,2,32,1
10,10,encoder_K4,1,11,46,4,7,46,0,1,14,0,1,2,32,1
10,10,encoder_K4,1,11,47,5,7,47,0,1,15,0,1,2,32,1
10,10,encoder_K4,1,15,48,6,7,48,0,1,16,0,1,2,32,1
10,10,encoder_K4,1,15,49,7,7,49,0,1,17,0,1,2,32,1
10,10,encoder_K4,1,15,50,6,6,50,0,1,18,0,1,2,32,1
10,10,encoder_K4,1,15,51,7,6,51,0,1,19,0,1,2,32,1
10,10,encoder_K4,1,14,52,6,5,52,0,1,20,0,1,2,32,1
10,10,encoder_K4,1,14,53,7,5,53,0,1,21,0,1,2,32,1
10,10,encoder_K4,1,14,54,6,4,54,0,1,22,0,1,2,32,1
10,10,encoder_K4,1,14,55,7,4,55,0,1,23,0,1,2,32,1
10,10,encoder_K4,1,13,56,6,3,56,0,1,24,0,1,2,32,1
10,10,encoder_K4,1,13,57,7,3,57,0,1,25,0,1,2,32,1
10,10,encoder_K4,1,13,58,6,2,58,0,1,26,0,1,2,32,1
10,10,encoder_K4,1,13,59,7,2,59,0,1,27,0,1,2,32,1
10,10,encoder_K4,1,12,60,6,1,60,0,1,28,0,1,2,32,1
10,10,encoder_K4,1,12,61,7,1,61,0,1,29,0,1,2,32,1
10,10,encoder_K4,1,12,62,6,0,62,0,1,30,0,1,2,32,1
10,10,encoder_K4,1,12,63,7,0,63,0,1,31,0,1,2,32,1
11,11,encoder_Kt4,1,0,0,0,0,0,0,0,0,0,1,8,8,1
11,11,encoder_Kt4,1,0,1,1,0,1,0,0,1,0,1,8,8,1
11,11,encoder_Kt4,1,0,2,0,1,2,0,0,2,0,1,8,8,1
11,11,encoder_Kt4,1,0,3,1,1,3,0,0,3,0,1,8,8,1
11,11,encoder_Kt4,1,1,4,0,2,4,0,0,4,0,1,8,8,1
11,11,encoder_Kt4,1,1,5,1,2,5,0,0,5,0,1,8,8,1
11,11,encoder_Kt4,1,1,6,0,3,6,0,0,6,0,1,8,8,1
11,11,encoder_Kt4,1,1,7,1,3,7,0,0,7,0,1,8,8,1
11,11,encoder_Kt4,1,2,8,0,4,8,0,1,0,0,1,8,8,1
11,11,encoder_Kt4,1,2,9,1,4,9,0,1,1,0,1,8,8,1
11,11,encoder_Kt4,1,2,10,0,5,10,0,1,2,0,1,8,8,1
11,11,encoder_Kt4,1,2,11,1,5,11,0,1,3,0,1,8,8,1
11,11,encoder_Kt4,1,3,12,0,6,12,0,1,4,0,1,8,8,1
11,11,encoder_Kt4,1,3,13,1,6,13,0,1,5,0,1,8,8,1
11,11,encoder_Kt4,1,3,14,0,7,14,0,1,6,0,1,8,8,1
11,11,encoder_Kt4,1,3,15,1,7,15,0,1,7,0,1,8,8,1
11,11,encoder_Kt4,1,7,16,2,7,16,0,2,0,0,1,8,8,1
11,11,encoder_Kt4,1,7,17,3,7,17,0,2,1,0,1,8,8,1
11,11,encoder_Kt4,1,7,18,2,6,18,0,2,2,0,1,8,8,1
11,11,encoder_Kt4,1,7,19,3,6,19,0,2,3,0,1,8,8,1
11,11,encoder_Kt4,1,6,20,2,5,20,0,2,4,0,1,8,8,1
11,11,encoder_Kt4,1,6,21,3,5,21,0,2,5,0,1,8,8,1
11,11,encoder_Kt4,1,6,22,2,4,22,0,2,6,0,1,8,8,1
11,11,encoder_Kt4,1,6,23,3,4,23,0,2,7,0,1,8,8,1
11,11,encoder_Kt4,1,5,24,2,3,24,0,3,0,0,1,8,8,1
11,11,encoder_Kt4,1,5,25,3,3,25,0,3,1,0,1,8,8,1
11,11,encoder_Kt4,1,5,26,2,2,26,0,3,2,0,1,8,8,1
11,11,encoder_Kt4,1,5,27,3,2,27,0,3,3,0,1,8,8,1
11,11,encoder_Kt4,1,4,28,2,1,28,0,3,4,0,1,8,8,1
11,11,encoder_Kt4,1,4,29,3,1,29,0,3,5,0,1,8,8,1
11,11,encoder_Kt4,1,4,30,2,0,30,0,3,6,0,1,8,8,1
11,11,encoder_Kt4,1,4,31,3,0,31,0,3,7,0,1,8,8,1
11,11,encoder_Kt4,1,8,32,4,0,32,0,4,0,0,1,8,8,1
11,11,encoder_Kt4,1,8,33,5,0,33,0,4,1,0,1,8,8,1
11,11,encoder_Kt4,1,8,34,4,1,34,0,4,2,0,1,8,8,1
11,11,encoder_Kt4,1,8,35,5,1,35,0,4,3,0,1,8,8,1
11,11,encoder_Kt4,1,9,36,4,2,36,0,4,4,0,1,8,8,1
11,11,encoder_Kt4,1,9,37,5,2,37,0,4,5,0,1,8,8,1
11,11,encoder_Kt4,1,9,38,4,3,38,0,4,6,0,1,8,8,1
11,11,encoder_Kt4,1,9,39,5,3,39,0,4,7,0,1,8,8,1
11,11,encoder_Kt4,1,10,40,4,4,40,0,5,0,0,1,8,8,1
11,11,encoder_Kt4,1,10,41,5,4,41,0,5,1,0,1,8,8,1
11,11,encoder_Kt4,1,10,42,4,5,42,0,5,2,0,1,8,8,1
11,11,encoder_Kt4,1,10,43,5,5,43,0,5,3,0,1,8,8,1
11,11,encoder_Kt4,1,11,44,4,6,44,0,5,4,0,1,8,8,1
11,11,encoder_Kt4,1,11,45,5,6,45,0,5,5,0,1,8,8,1
11,11,encoder_Kt4,1,11,46,4,7,46,0,5,6,0,1,8,8,1
11,11,encoder_Kt4,1,11,47,5,7,47,0,5,7,0,1,8,8,1
11,11,encoder_Kt4,1,15,48,6,7,48,0,6,0,0,1,8,8,1
11,11,encoder_Kt4,1,15,49,7,7,49,0,6,1,0,1,8,8,1
11,11,encoder_Kt4,1,15,50,6,6,50,0,6,2,0,1,8,8,1
11,11,encoder_Kt4,1,15,51,7,6,51,0,6,3,0,1,8,8,1
11,11,encoder_Kt4,1,14,52,6,5,52,0,6,4,0,1,8,8,1
11,11,encoder_Kt4,1,14,53,7,5,53,0,6,5,0,1,8,8,1
11,11,encoder_Kt4,1,14,54,6,4,54,0,6,6,0,1,8,8,1
11,11,encoder_Kt4,1,14,55,7,4,55,0,6,7,0,1,8,8,1
11,11,encoder_Kt4,1,13,56,6,3,56,0,7,0,0,1,8,8,1
11,11,encoder_Kt4,1,13,57,7,3,57,0,7,1,0,1,8,8,1
11,11,encoder_Kt4,1,13,58,6,2,58,0,7,2,0,1,8,8,1
11,11,encoder_Kt4,1,13,59,7,2,59,0,7,3,0,1,8,8,1
11,11,encoder_Kt4,1,12,60,6,1,60,0,7,4,0,1,8,8,1
11,11,encoder_Kt4,1,12,61,7,1,61,0,7,5,0,1,8,8,1
11,11,encoder_Kt4,1,12,62,6,0,62,0,7,6,0,1,8,8,1
11,11,encoder_Kt4,1,12,63,7,0,63,0,7,7,0,1,8,8,1
12,12,encoder_K5,1,0,0,0,0,0,0,0,0,0,1,2,32,1
12,12,encoder_K5,1,0,1,1,0,1,0,0,1,0,1,2,32,1
12,12,encoder_K5,1,0,2,0,1,2,0,0,2,0,1,2,32,1
12,12,encoder_K5,1,0,3,1,1,3,0,0,3,0,1,2,32,1
12,12,encoder_K5,1,1,4,0,2,4,0,0,4,0,1,2,32,1
12,12,encoder_K5,1,1,5,1,2,5,0,0,5,0,1,2,32,1
12,12,encoder_K5,1,1,6,0,3,6,0,0,6,0,1,2,32,1
12,12,encoder_K5,1,1,7,1,3,7,0,0,7,0,1,2,32,1
12,12,encoder_K5,1,2,8,0,4,8,0,0,8,0,1,2,32,1
12,12,encoder_K5,1,2,9,1,4,9,0,0,9,0,1,2,32,1
12,12,encoder_K5,1,2,10,0,5,10,0,0,10,0,1,2,32,1
12,12,encoder_K5,1,2,11,1,5,11,0,0,11,0,1,2,32,1
12,12,encoder_K5,1,3,12,0,6,12,0,0,12,0,1,2,32,1
12,12,encoder_K5,1,3,13,1,6,13,0,0,13,0,1,2,32,1
12,12,encoder_K5,1,3,14,0,7,14,0,0,14,0,1,2,32,1
12,12,encoder_K5,1,3,15,1,7,15,0,0,15,0,1,2,32,1
12,12,encoder_K5,1,7,16,2,7,16,0,0,16,0,1,2,32,1
12,12,encoder_K5,1,7,17,3,7,17,0,0,17,0,1,2,32,1
12,12,encoder_K5,1,7,18,2,6,18,0,0,18,0,1,2,32,1
12,12,encoder_K5,1,7,19,3,6,19,0,0,19,0,1,2,32,1
12,12,encoder_K5,1,6,20,2,5,20,0,0,20,0,1,2,32,1
12,12,encoder_K5,1,6,21,3,5,21,0,0,21,0,1,2,32,1
12,12,encoder_K5,1,6,22,2,4,22,0,0,22,0,1,2,32,1
12,12,encoder_K5,1,6,23,3,4,23,0,0,23,0,1,2,32,1
12,12,encoder_K5,1,5,24,2,3,24,0,0,24,0,1,2,32,1
12,12,encoder_K5,1,5,25,3,3,25,0,0,25,0,1,2,32,1
12,12,encoder_K5,1,5,26,2,2,26,0,0,26,0,1,2,32,1
12,12,encoder_K5,1,5,27,3,2,27,0,0,27,0,1,2,32,1
12,12,encoder_K5,1,4,28,2,1,28,0,0,28,0,1,2,32,1
12,12,encoder_K5,1,4,29,3,1,29,0,0,29,0,1,2,32,1
12,12,encoder_K5,1,4,30,2,0,30,0,0,30,0,1,2,32,1
12,12,encoder_K5,1,4,31,3,0,31,0,0,31,0,1,2,32,1
12,12,encoder_K5,1,8,32,4,0,32,0,1,0,0,1,2,32,1
12,12,encoder_K5,1,8,33,5,0,33,0,1,1,0,1,2,32,1
12,12,encoder_K5,1,8,34,4,1,34,0,1,2,0,1,2,32,1
12,12,encoder_K5,1,8,35,5,1,35,0,1,3,0,1,2,32,1
12,12,encoder_K5,1,9,36,4,2,36,0,1,4,0,1,2,32,1
12,12,encoder_K5,1,9,37,5,2,37,0,1,5,0,1,2,32,1
12,12,encoder_K5,1,9,38,4,3,38,0,1,6,0,1,2,32,1
12,12,encoder_K5,1,9,39,5,3,39,0,1,7,0,1,2,32,1
12,12,encoder_K5,1,10,40,4,4,40,0,1,8,0,1,2,32,1
12,12,encoder_K5,1,10,41,5,4,41,0,1,9,0,1,2,32,1
12,12,encoder_K5,1,10,42,4,5,42,0,1,10,0,1,2,32,1
12,12,encoder_K5,1,10,43,5,5,43,0,1,11,0,1,2,32,1
12,12,encoder_K5,1,11,44,4,6,44,0,1,12,0,1,2,32,1
12,12,encoder_K5,1,11,45,5,6,45,0,1,13,0,1,2,32,1
12,12,encoder_K5,1,11,46,4,7,46,0,1,14,0,1,2,32,1
12,12,encoder_K5,1,11,47,5,7,47,0,1,15,0,1,2,32,1
12,12,encoder_K5,1,15,48,6,7,48,0,1,16,0,1,2,32,1
12,12,encoder_K5,1,15,49,7,7,49,0,1,17,0,1,2,32,1
12,12,encoder_K5,1,15,50,6,6,50,0,1,18,0,1,2,32,1
12,12,encoder_K5,1,15,51,7,6,51,0,1,19,0,1,2,32,1
12,12,encoder_K5,1,14,52,6,5,52,0,1,20,0,1,2,32,1
12,12,encoder_K5,1,14,53,7,5,53,0,1,21,0,1,2,32,1
12,12,encoder_K5,1,14,54,6,4,54,0,1,22,0,1,2,32,1
12,12,encoder_K5,1,14,55,7,4,55,0,1,23,0,1,2,32,1
12,12,encoder_K5,1,13,56,6,3,56,0,1,24,0,1,2,32,1
12,12,encoder_K5,1,13,57,7,3,57,0,1,25,0,1,2,32,1
12,12,encoder_K5,1,13,58,6,2,58,0,1,26,0,1,2,32,1
12,12,encoder_K5,1,13,59,7,2,59,0,1,27,0,1,2,32,1
12,12,encoder_K5,1,12,60,6,1,60,0,1,28,0,1,2,32,1
12,12,encoder_K5,1,12,61,7,1,61,0,1,29,0,1,2,32,1
12,12,encoder_K5,1,12,62,6,0,62,0,1,30,0,1,2,32,1
12,12,encoder_K5,1,12,63,7,0,63,0,1,31,0,1,2,32,1
13,13,encoder_Kt5,1,0,0,0,0,0,0,0,0,0,1,8,8,1
13,13,encoder_Kt5,1,0,1,1,0,1,0,0,1,0,1,8,8,1
13,13,encoder_Kt5,1,0,2,0,1,2,0,0,2,0,1,8,8,1
13,13,encoder_Kt5,1,0,3,1,1,3,0,0,3,0,1,8,8,1
13,13,encoder_Kt5,1,1,4,0,2,4,0,0,4,0,1,8,8,1
13,13,encoder_Kt5,1,1,5,1,2,5,0,0,5,0,1,8,8,1
13,13,encoder_Kt5,1,1,6,0,3,6,0,0,6,0,1,8,8,1
13,13,encoder_Kt5,1,1,7,1,3,7,0,0,7,0,1,8,8,1
13,13,encoder_Kt5,1,2,8,0,4,8,0,1,0,0,1,8,8,1
13,13,encoder_Kt5,1,2,9,1,4,9,0,1,1,0,1,8,8,1
13,13,encoder_Kt5,1,2,10,0,5,10,0,1,2,0,1,8,8,1
13,13,encoder_Kt5,1,2,11,1,5,11,0,1,3,0,1,8,8,1
13,13,encoder_Kt5,1,3,12,0,6,12,0,1,4,0,1,8,8,1
13,13,encoder_Kt5,1,3,13,1,6,13,0,1,5,0,1,8,8,1
13,13,encoder_Kt5,1,3,14,0,7,14,0,1,6,0,1,8,8,1
13,13,encoder_Kt5,1,3,15,1,7,15,0,1,7,0,1,8,8,1
13,13,encoder_Kt5,1,7,16,2,7,16,0,2,0,0,1,8,8,1
13,13,encoder_Kt5,1,7,17,3,7,17,0,2,1,0,1,8,8,1
13,13,encoder_Kt5,1,7,18,2,6,18,0,2,2,0,1,8,8,1
13,13,encoder_Kt5,1,7,19,3,6,19,0,2,3,0,1,8,8,1
13,13,encoder_Kt5,1,6,20,2,5,20,0,2,4,0,1,8,8,1
13,13,encoder_Kt5,1,6,21,3,5,21,0,2,5,0,1,8,8,1
13,13,encoder_Kt5,1,6,22,2,4,22,0,2,6,0,1,8,8,1
13,13,encoder_Kt5,1,6,23,3,4,23,0,2,7,0,1,8,8,1
13,13,encoder_Kt5,1,5,24,2,3,24,0,3,0,0,1,8,8,1
13,13,encoder_Kt5,1,5,25,3,3,25,0,3,1,0,1,8,8,1
13,13,encoder_Kt5,1,5,26,2,2,26,0,3,2,0,1,8,8,1
13,13,encoder_Kt5,1,5,27,3,2,27,0,3,3,0,1,8,8,1
13,13,encoder_Kt5,1,4,28,2,1,28,0,3,4,0,1,8,8,1
13,13,encoder_Kt5,1,4,29,3,1,29,0,3,5,0,1,8,8,1
13,13,encoder_Kt5,1,4,30,2,0,30,0,3,6,0,1,8,8,1
13,13,encoder_Kt5,1,4,31,3,0,31,0,3,7,0,1,8,8,1
13,13,encoder_Kt5,1,8,32,4,0,32,0,4,0,0,1,8,8,1
13,13,encoder_Kt5,1,8,33,5,0,33,0,4,1,0,1,8,8,1
13,13,encoder_Kt5,1,8,34,4,1,34,0,4,2,0,1,8,8,1
13,13,encoder_Kt5,1,8,35,5,1,35,0,4,3,0,1,8,8,1
13,13,encoder_Kt5,1,9,36,4,2,36,0,4,4,0,1,8,8,1
13,13,encoder_Kt5,1,9,37,5,2,37,0,4,5,0,1,8,8,1
13,13,encoder_Kt5,1,9,38,4,3,38,0,4,6,0,1,8,8,1
13,13,encoder_Kt5,1,9,39,5,3,39,0,4,7,0,1,8,8,1
13,13,encoder_Kt5,1,10,40,4,4,40,0,5,0,0,1,8,8,1
13,13,encoder_Kt5,1,10,41,5,4,41,0,5,1,0,1,8,8,1
13,13,encoder_Kt5,1,10,42,4,5,42,0,5,2,0,1,8,8,1
13,13,encoder_Kt5,1,10,43,5,5,43,0,5,3,0,1,8,8,1
13,13,encoder_Kt5,1,11,44,4,6,44,0,5,4,0,1,8,8,1
13,13,encoder_Kt5,1,11,45,5,6,45,0,5,5,0,1,8,8,1
13,13,encoder_Kt5,1,11,46,4,7,46,0,5,6,0,1,8,8,1
13,13,encoder_Kt5,1,11,47,5,7,47,0,5,7,0,1,8,8,1
13,13,encoder_Kt5,1,15,48,6,7,48,0,6,0,0,1,8,8,1
13,13,encoder_Kt5,1,15,49,7,7,49,0,6,1,0,1,8,8,1
13,13,encoder_Kt5,1,15,50,6,6,50,0,6,2,0,1,8,8,1
13,13,encoder_Kt5,1,15,51,7,6,51,0,6,3,0,1,8,8,1
13,13,encoder_Kt5,1,14,52,6,5,52,0,6,4,0,1,8,8,1
13,13,encoder_Kt5,1,14,53,7,5,53,0,6,5,0,1,8,8,1
13,13,encoder_Kt5,1,14,54,6,4,54,0,6,6,0,1,8,8,1
13,13,encoder_Kt5,1,14,55,7,4,55,0,6,7,0,1,8,8,1
13,13,encoder_Kt5,1,13,56,6,3,56,0,7,0,0,1,8,8,1
13,13,encoder_Kt5,1,13,57,7,3,57,0,7,1,0,1,8,8,1
13,13,encoder_Kt5,1,13,58,6,2,58,0,7,2,0,1,8,8,1
13,13,encoder_Kt5,1,13,59,7,2,59,0,7,3,0,1,8,8,1
13,13,encoder_Kt5,1,12,60,6,1,60,0,7,4,0,1,8,8,1
13,13,encoder_Kt5,1,12,61,7,1,61,0,7,5,0,1,8,8,1
13,13,encoder_Kt5,1,12,62,6,0,62,0,7,6,0,1,8,8,1
13,13,encoder_Kt5,1,12,63,7,0,63,0,7,7,0,1,8,8,1
14,14,encoder_K6,1,0,0,0,0,0,0,0,0,0,1,2,32,1
14,14,encoder_K6,1,0,1,1,0,1,0,0,1,0,1,2,32,1
14,14,encoder_K6,1,0,2,0,1,2,0,0,2,0,1,2,32,1
14,14,encoder_K6,1,0,3,1,1,3,0,0,3,0,1,2,32,1
14,14,encoder_K6,1,1,4,0,2,4,0,0,4,0,1,2,32,1
14,14,encoder_K6,1,1,5,1,2,5,0,0,5,0,1,2,32,1
14,14,encoder_K6,1,1,6,0,3,6,0,0,6,0,1,2,32,1
14,14,encoder_K6,1,1,7,1,3,7,0,0,7,0,1,2,32,1
14,14,encoder_K6,1,2,8,0,4,8,0,0,8,0,1,2,32,1
14,14,encoder_K6,1,2,9,1,4,9,0,0,9,0,1,2,32,1
14,14,encoder_K6,1,2,10,0,5,10,0,0,10,0,1,2,32,1
14,14,encoder_K6,1,2,11,1,5,11,0,0,11,0,1,2,32,1
14,14,encoder_K6,1,3,12,0,6,12,0,0,12,0,1,2,32,1
14,14,encoder_K6,1,3,13,1,6,13,0,0,13,0,1,2,32,1
14,14,encoder_K6,1,3,14,0,7,14,0,0,14,0,1,2,32,1
14,14,encoder_K6,1,3,15,1,7,15,0,0,15,0,1,2,32,1
14,14,encoder_K6,1,7,16,2,7,16,0,0,16,0,1,2,32,1
14,14,encoder_K6,1,7,17,3,7,17,0,0,17,0,1,2,32,1
14,14,encoder_K6,1,7,18,2,6,18,0,0,18,0,1,2,32,1
14,14,encoder_K6,1,7,19,3,6,19,0,0,19,0,1,2,32,1
14,14,encoder_K6,1,6,20,2,5,20,0,0,20,0,1,2,32,1
14,14,encoder_K6,1,6,21,3,5,21,0,0,21,0,1,2,32,1
14,14,encoder_K6,1,6,22,2,4,22,0,0,22,0,1,2,32,1
14,14,encoder_K6,1,6,23,3,4,23,0,0,23,0,1,2,32,1
14,14,encoder_K6,1,5,24,2,3,24,0,0,24,0,1,2,32,1
14,14,encoder_K6,1,5,25,3,3,25,0,0,25,0,1,2,32,1
14,14,encoder_K6,1,5,26,2,2,26,0,0,26,0,1,2,32,1
14,14,encoder_K6,1,5,27,3,2,27,0,0,27,0,1,2,32,1
14,14,encoder_K6,1,4,28,2,1,28,0,0,28,0,1,2,32,1
14,14,encoder_K6,1,4,29,3,1,29,0,0,29,0,1,2,32,1
14,14,encoder_K6,1,4,30,2,0,30,0,0,30,0,1,2,32,1
14,14,encoder_K6,1,4,31,3,0,31,0,0,31,0,1,2,32,1
14,14,encoder_K6,1,8,32,4,0,32,0,1,0,0,1,2,32,1
14,14,encoder_K6,1,8,33,5,0,33,0,1,1,0,1,2,32,1
14,14,encoder_K6,1,8,34,4,1,34,0,1,2,0,1,2,32,1
14,14,encoder_K6,1,8,35,5,1,35,0,1,3,0,1,2,32,1
14,14,encoder_K6,1,9,36,4,2,36,0,1,4,0,1,2,32,1
14,14,encoder_K6,1,9,37,5,2,37,0,1,5,0,1,2,32,1
14,14,encoder_K6,1,9,38,4,3,38,0,1,6,0,1,2,32,1
14,14,encoder_K6,1,9,39,5,3,39,0,1,7,0,1,2,32,1
14,14,encoder_K6,1,10,40,4,4,40,0,1,8,0,1,2,32,1
14,14,encoder_K6,1,10,41,5,4,41,0,1,9,0,1,2,32,1
14,14,encoder_K6,1,10,42,4,5,42,0,1,10,0,1,2,32,1
14,14,encoder_K6,1,10,43,5,5,43,0,1,11,0,1,2,32,1
14,14,encoder_K6,1,11,44,4,6,44,0,1,12,0,1,2,32,1
14,14,encoder_K6,1,11,45,5,6,45,0,1,13,0,1,2,32,1
14,14,encoder_K6,1,11,46,4,7,46,0,1,14,0,1,2,32,1
14,14,encoder_K6,1,11,47,5,7,47,0,1,15,0,1,2,32,1
14,14,encoder_K6,1,15,48,6,7,48,0,1,16,0,1,2,32,1
14,14,encoder_K6,1,15,49,7,7,49,0,1,17,0,1,2,32,1
14,14,encoder_K6,1,15,50,6,6,50,0,1,18,0,1,2,32,1
14,14,encoder_K6,1,15,51,7,6,51,0,1,19,0,1,2,32,1
14,14,encoder_K6,1,14,52,6,5,52,0,1,20,0,1,2,32,1
14,14,encoder_K6,1,14,53,7,5,53,0,1,21,0,1,2,32,1
14,14,encoder_K6,1,14,54,6,4,54,0,1,22,0,1,2,32,1
14,14,encoder_K6,1,14,55,7,4,55,0,1,23,0,1,2,32,1
14,14,encoder_K6,1,13,56,6,3,56,0,1,24,0,1,2,32,1
14,14,encoder_K6,1,13,57,7,3,57,0,1,25,0,1,2,32,1
14,14,encoder_K6,1,13,58,6,2,58,0,1,26,0,1,2,32,1
14,14,encoder_K6,1,13,59,7,2,59,0,1,27,0,1,2,32,1
14,14,encoder_K6,1,12,60,6,1,60,0,1,28,0,1,2,32,1
14,14,encoder_K6,1,12,61,7,1,61,0,1,29,0,1,2,32,1
14,14,encoder_K6,1,12,62,6,0,62,0,1,30,0,1,2,32,1
14,14,encoder_K6,1,12,63,7,0,63,0,1,31,0,1,2,32,1
15,15,encoder_Kt6,1,0,0,0,0,0,0,0,0,0,1,8,8,1
15,15,encoder_Kt6,1,0,1,1,0,1,0,0,1,0,1,8,8,1
15,15,encoder_Kt6,1,0,2,0,1,2,0,0,2,0,1,8,8,1
15,15,encoder_Kt6,1,0,3,1,1,3,0,0,3,0,1,8,8,1
15,15,encoder_Kt6,1,1,4,0,2,4,0,0,4,0,1,8,8,1
15,15,encoder_Kt6,1,1,5,1,2,5,0,0,5,0,1,8,8,1
15,15,encoder_Kt6,1,1,6,0,3,6,0,0,6,0,1,8,8,1
15,15,encoder_Kt6,1,1,7,1,3,7,0,0,7,0,1,8,8,1
15,15,encoder_Kt6,1,2,8,0,4,8,0,1,0,0,1,8,8,1
15,15,encoder_Kt6,1,2,9,1,4,9,0,1,1,0,1,8,8,1
15,15,encoder_Kt6,1,2,10,0,5,10,0,1,2,0,1,8,8,1
15,15,encoder_Kt6,1,2,11,1,5,11,0,1,3,0,1,8,8,1
15,15,encoder_Kt6,1,3,12,0,6,12,0,1,4,0,1,8,8,1
15,15,encoder_Kt6,1,3,13,1,6,13,0,1,5,0,1,8,8,1
15,15,encoder_Kt6,1,3,14,0,7,14,0,1,6,0,1,8,8,1
15,15,encoder_Kt6,1,3,15,1,7,15,0,1,7,0,1,8,8,1
15,15,encoder_Kt6,1,7,16,2,7,16,0,2,0,0,1,8,8,1
15,15,encoder_Kt6,1,7,17,3,7,17,0,2,1,0,1,8,8,1
15,15,encoder_Kt6,1,7,18,2,6,18,0,2,2,0,1,8,8,1
15,15,encoder_Kt6,1,7,19,3,6,19,0,2,3,0,1,8,8,1
15,15,encoder_Kt6,1,6,20,2,5,20,0,2,4,0,1,8,8,1
15,15,encoder_Kt6,1,6,21,3,5,21,0,2,5,0,1,8,8,1
15,15,encoder_Kt6,1,6,22,2,4,22,0,2,6,0,1,8,8,1
15,15,encoder_Kt6,1,6,23,3,4,23,0,2,7,0,1,8,8,1
15,15,encoder_Kt6,1,5,24,2,3,24,0,3,0,0,1,8,8,1
15,15,encoder_Kt6,1,5,25,3,3,25,0,3,1,0,1,8,8,1
15,15,encoder_Kt6,1,5,26,2,2,26,0,3,2,0,1,8,8,1
15,15,encoder_Kt6,1,5,27,3,2,27,0,3,3,0,1,8,8,1
15,15,encoder_Kt6,1,4,28,2,1,28,0,3,4,0,1,8,8,1
15,15,encoder_Kt6,1,4,29,3,1,29,0,3,5,0,1,8,8,1
15,15,encoder_Kt6,1,4,30,2,0,30,0,3,6,0,1,8,8,1
15,15,encoder_Kt6,1,4,31,3,0,31,0,3,7,0,1,8,8,1
15,15,encoder_Kt6,1,8,32,4,0,32,0,4,0,0,1,8,8,1
15,15,encoder_Kt6,1,8,33,5,0,33,0,4,1,0,1,8,8,1
15,15,encoder_Kt6,1,8,34,4,1,34,0,4,2,0,1,8,8,1
15,15,encoder_Kt6,1,8,35,5,1,35,0,4,3,0,1,8,8,1
15,15,encoder_Kt6,1,9,36,4,2,36,0,4,4,0,1,8,8,1
15,15,encoder_Kt6,1,9,37,5,2,37,0,4,5,0,1,8,8,1
15,15,encoder_Kt6,1,9,38,4,3,38,0,4,6,0,1,8,8,1
15,15,encoder_Kt6,1,9,39,5,3,39,0,4,7,0,1,8,8,1
15,15,encoder_Kt6,1,10,40,4,4,40,0,5,0,0,1,8,8,1
15,15,encoder_Kt6,1,10,41,5,4,41,0,5,1,0,1,8,8,1
15,15,encoder_Kt6,1,10,42,4,5,42,0,5,2,0,1,8,8,1
15,15,encoder_Kt6,1,10,43,5,5,43,0,5,3,0,1,8,8,1
15,15,encoder_Kt6,1,11,44,4,6,44,0,5,4,0,1,8,8,1
15,15,encoder_Kt6,1,11,45,5,6,45,0,5,5,0,1,8,8,1
15,15,encoder_Kt6,1,11,46,4,7,46,0,5,6,0,1,8,8,1
15,15,encoder_Kt6,1,11,47,5,7,47,0,5,7,0,1,8,8,1
15,15,encoder_Kt6,1,15,48,6,7,48,0,6,0,0,1,8,8,1
15,15,encoder_Kt6,1,15,49,7,7,49,0,6,1,0,1,8,8,1
15,15,encoder_Kt6,1,15,50,6,6,50,0,6,2,0,1,8,8,1
15,15,encoder_Kt6,1,15,51,7,6,51,0,6,3,0,1,8,8,1
15,15,encoder_Kt6,1,14,52,6,5,52,0,6,4,0,1,8,8,1
15,15,encoder_Kt6,1,14,53,7,5,53,0,6,5,0,1,8,8,1
15,15,encoder_Kt6,1,14,54,6,4,54,0,6,6,0,1,8,8,1
15,15,encoder_Kt6,1,14,55,7,4,55,0,6,7,0,1,8,8,1
15,15,encoder_Kt6,1,13,56,6,3,56,0,7,0,0,1,8,8,1
15,15,encoder_Kt6,1,13,57,7,3,57,0,7,1,0,1,8,8,1
15,15,encoder_Kt6,1,13,58,6,2,58,0,7,2,0,1,8,8,1
15,15,encoder_Kt6,1,13,59,7,2,59,0,7,3,0,1,8,8,1
15,15,encoder_Kt6,1,12,60,6,1,60,0,7,4,0,1,8,8,1
15,15,encoder_Kt6,1,12,61,7,1,61,0,7,5,0,1,8,8,1
15,15,encoder_Kt6,1,12,62,6,0,62,0,7,6,0,1,8,8,1
15,15,encoder_Kt6,1,12,63,7,0,63,0,7,7,0,1,8,8,1
16,16,encoder_K7,1,0,0,0,0,0,0,0,0,0,1,2,32,1
16,16,encoder_K7,1,0,1,1,0,1,0,0,1,0,1,2,32,1
16,16,encoder_K7,1,0,2,0,1,2,0,0,2,0,1,2,32,1
16,16,encoder_K7,1,0,3,1,1,3,0,0,3,0,1,2,32,1
16,16,encoder_K7,1,1,4,0,2,4,0,0,4,0,1,2,32,1
16,16,encoder_K7,1,1,5,1,2,5,0,0,5,0,1,2,32,1
16,16,encoder_K7,1,1,6,0,3,6,0,0,6,0,1,2,32,1
16,16,encoder_K7,1,1,7,1,3,7,0,0,7,0,1,2,32,1
16,16,encoder_K7,1,2,8,0,4,8,0,0,8,0,1,2,32,1
16,16,encoder_K7,1,2,9,1,4,9,0,0,9,0,1,2,32,1
16,16,encoder_K7,1,2,10,0,5,10,0,0,10,0,1,2,32,1
16,16,encoder_K7,1,2,11,1,5,11,0,0,11,0,1,2,32,1
16,16,encoder_K7,1,3,12,0,6,12,0,0,12,0,1,2,32,1
16,16,encoder_K7,1,3,13,1,6,13,0,0,13,0,1,2,32,1
16,16,encoder_K7,1,3,14,0,7,14,0,0,14,0,1,2,32,1
16,16,encoder_K7,1,3,15,1,7,15,0,0,15,0,1,2,32,1
16,16,encoder_K7,1,7,16,2,7,16,0,0,16,0,1,2,32,1
16,16,encoder_K7,1,7,17,3,7,17,0,0,17,0,1,2,32,1
16,16,encoder_K7,1,7,18,2,6,18,0,0,18,0,1,2,32,1
16,16,encoder_K7,1,7,19,3,6,19,0,0,19,0,1,2,32,1
16,16,encoder_K7,1,6,20,2,5,20,0,0,20,0,1,2,32,1
16,16,encoder_K7,1,6,21,3,5,21,0,0,21,0,1,2,32,1
16,16,encoder_K7,1,6,22,2,4,22,0,0,22,0,1,2,32,1
16,16,encoder_K7,1,6,23,3,4,23,0,0,23,0,1,2,32,1
16,16,encoder_K7,1,5,24,2,3,24,0,0,24,0,1,2,32,1
16,16,encoder_K7,1,5,25,3,3,25,0,0,25,0,1,2,32,1
16,16,encoder_K7,1,5,26,2,2,26,0,0,26,0,1,2,32,1
16,16,encoder_K7,1,5,27,3,2,27,0,0,27,0,1,2,32,1
16,16,encoder_K7,1,4,28,2,1,28,0,0,28,0,1,2,32,1
16,16,encoder_K7,1,4,29,3,1,29,0,0,29,0,1,2,32,1
16,16,encoder_K7,1,4,30,2,0,30,0,0,30,0,1,2,32,1
16,16,encoder_K7,1,4,31,3,0,31,0,0,31,0,1,2,32,1
16,16,encoder_K7,1,8,32,4,0,32,0,1,0,0,1,2,32,1
16,16,encoder_K7,1,8,33,5,0,33,0,1,1,0,1,2,32,1
16,16,encoder_K7,1,8,34,4,1,34,0,1,2,0,1,2,32,1
16,16,encoder_K7,1,8,35,5,1,35,0,1,3,0,1,2,32,1
16,16,encoder_K7,1,9,36,4,2,36,0,1,4,0,1,2,32,1
16,16,encoder_K7,1,9,37,5,2,37,0,1,5,0,1,2,32,1
16,16,encoder_K7,1,9,38,4,3,38,0,1,6,0,1,2,32,1
16,16,encoder_K7,1,9,39,5,3,39,0,1,7,0,1,2,32,1
16,16,encoder_K7,1,10,40,4,4,40,0,1,8,0,1,2,32,1
16,16,encoder_K7,1,10,41,5,4,41,0,1,9,0,1,2,32,1
16,16,encoder_K7,1,10,42,4,5,42,0,1,10,0,1,2,32,1
16,16,encoder_K7,1,10,43,5,5,43,0,1,11,0,1,2,32,1
16,16,encoder_K7,1,11,44,4,6,44,0,1,12,0,1,2,32,1
16,16,encoder_K7,1,11,45,5,6,45,0,1,13,0,1,2,32,1
16,16,encoder_K7,1,11,46,4,7,46,0,1,14,0,1,2,32,1
16,16,encoder_K7,1,11,47,5,7,47,0,1,15,0,1,2,32,1
16,16,encoder_K7,1,15,48,6,7,48,0,1,16,0,1,2,32,1
16,16,encoder_K7,1,15,49,7,7,49,0,1,17,0,1,2,32,1
16,16,encoder_K7,1,15,50,6,6,50,0,1,18,0,1,2,32,1
16,16,encoder_K7,1,15,51,7,6,51,0,1,19,0,1,2,32,1
16,16,encoder_K7,1,14,52,6,5,52,0,1,20,0,1,2,32,1
16,16,encoder_K7,1,14,53,7,5,53,0,1,21,0,1,2,32,1
16,16,encoder_K7,1,14,54,6,4,54,0,1,22,0,1,2,32,1
16,16,encoder_K7,1,14,55,7,4,55,0,1,23,0,1,2,32,1
16,16,encoder_K7,1,13,56,6,3,56,0,1,24,0,1,2,32,1
16,16,encoder_K7,1,13,57,7,3,57,0,1,25,0,1,2,32,1
16,16,encoder_K7,1,13,58,6,2,58,0,1,26,0,1,2,32,1
16,16,encoder_K7,1,13,59,7,2,59,0,1,27,0,1,2,32,1
16,16,encoder_K7,1,12,60,6,1,60,0,1,28,0,1,2,32,1
16,16,encoder_K7,1,12,61,7,1,61,0,1,29,0,1,2,32,1
16,16,encoder_K7,1,12,62,6,0,62,0,1,30,0,1,2,32,1
16,16,encoder_K7,1,12,63,7,0,63,0,1,31,0,1,2,32,1
17,17,encoder_Kt7,1,0,0,0,0,0,0,0,0,0,1,8,8,1
17,17,encoder_Kt7,1,0,1,1,0,1,0,0,1,0,1,8,8,1
17,17,encoder_Kt7,1,0,2,0,1,2,0,0,2,0,1,8,8,1
17,17,encoder_Kt7,1,0,3,1,1,3,0,0,3,0,1,8,8,1
17,17,encoder_Kt7,1,1,4,0,2,4,0,0,4,0,1,8,8,1
17,17,encoder_Kt7,1,1,5,1,2,5,0,0,5,0,1,8,8,1
17,17,encoder_Kt7,1,1,6,0,3,6,0,0,6,0,1,8,8,1
17,17,encoder_Kt7,1,1,7,1,3,7,0,0,7,0,1,8,8,1
17,17,encoder_Kt7,1,2,8,0,4,8,0,1,0,0,1,8,8,1
17,17,encoder_Kt7,1,2,9,1,4,9,0,1,1,0,1,8,8,1
17,17,encoder_Kt7,1,2,10,0,5,10,0,1,2,0,1,8,8,1
17,17,encoder_Kt7,1,2,11,1,5,11,0,1,3,0,1,8,8,1
17,17,encoder_Kt7,1,3,12,0,6,12,0,1,4,0,1,8,8,1
17,17,encoder_Kt7,1,3,13,1,6,13,0,1,5,0,1,8,8,1
17,17,encoder_Kt7,1,3,14,0,7,14,0,1,6,0,1,8,8,1
17,17,encoder_Kt7,1,3,15,1,7,15,0,1,7,0,1,8,8,1
17,17,encoder_Kt7,1,7,16,2,7,16,0,2,0,0,1,8,8,1
17,17,encoder_Kt7,1,7,17,3,7,17,0,2,1,0,1,8,8,1
17,17,encoder_Kt7,1,7,18,2,6,18,0,2,2,0,1,8,8,1
17,17,encoder_Kt7,1,7,19,3,6,19,0,2,3,0,1,8,8,1
17,17,encoder_Kt7,1,6,20,2,5,20,0,2,4,0,1,8,8,1
17,17,encoder_Kt7,1,6,21,3,5,21,0,2,5,0,1,8,8,1
17,17,encoder_Kt7,1,6,22,2,4,22,0,2,6,0,1,8,8,1
17,17,encoder_Kt7,1,6,23,3,4,23,0,2,7,0,1,8,8,1
17,17,encoder_Kt7,1,5,24,2,3,24,0,3,0,0,1,8,8,1
17,17,encoder_Kt7,1,5,25,3,3,25,0,3,1,0,1,8,8,1
17,17,encoder_Kt7,1,5,26,2,2,26,0,3,2,0,1,8,8,1
17,17,encoder_Kt7,1,5,27,3,2,27,0,3,3,0,1,8,8,1
17,17,encoder_Kt7,1,4,28,2,1,28,0,3,4,0,1,8,8,1
17,17,encoder_Kt7,1,4,29,3,1,29,0,3,5,0,1,8,8,1
17,17,encoder_Kt7,1,4,30,2,0,30,0,3,6,0,1,8,8,1
17,17,encoder_Kt7,1,4,31,3,0,31,0,3,7,0,1,8,8,1
17,17,encoder_Kt7,1,8,32,4,0,32,0,4,0,0,1,8,8,1
17,17,encoder_Kt7,1,8,33,5,0,33,0,4,1,0,1,8,8,1
17,17,encoder_Kt7,1,8,34,4,1,34,0,4,2,0,1,8,8,1
17,17,encoder_Kt7,1,8,35,5,1,35,0,4,3,0,1,8,8,1
17,17,encoder_Kt7,1,9,36,4,2,36,0,4,4,0,1,8,8,1
17,17,encoder_Kt7,1,9,37,5,2,37,0,4,5,0,1,8,8,1
17,17,encoder_Kt7,1,9,38,4,3,38,0,4,6,0,1,8,8,1
17,17,encoder_Kt7,1,9,39,5,3,39,0,4,7,0,1,8,8,1
17,17,encoder_Kt7,1,10,40,4,4,40,0,5,0,0,1,8,8,1
17,17,encoder_Kt7,1,10,41,5,4,41,0,5,1,0,1,8,8,1
17,17,encoder_Kt7,1,10,42,4,5,42,0,5,2,0,1,8,8,1
17,17,encoder_Kt7,1,10,43,5,5,43,0,5,3,0,1,8,8,1
17,17,encoder_Kt7,1,11,44,4,6,44,0,5,4,0,1,8,8,1
17,17,encoder_Kt7,1,11,45,5,6,45,0,5,5,0,1,8,8,1
17,17,encoder_Kt7,1,11,46,4,7,46,0,5,6,0,1,8,8,1
17,17,encoder_Kt7,1,11,47,5,7,47,0,5,7,0,1,8,8,1
17,17,encoder_Kt7,1,15,48,6,7,48,0,6,0,0,1,8,8,1
17,17,encoder_Kt7,1,15,49,7,7,49,0,6,1,0,1,8,8,1
17,17,encoder_Kt7,1,15,50,6,6,50,0,6,2,0,1,8,8,1
17,17,encoder_Kt7,1,15,51,7,6,51,0,6,3,0,1,8,8,1
17,17,encoder_Kt7,1,14,52,6,5,52,0,6,4,0,1,8,8,1
17,17,encoder_Kt7,1,14,53,7,5,53,0,6,5,0,1,8,8,1
17,17,encoder_Kt7,1,14,54,6,4,54,0,6,6,0,1,8,8,1
17,17,encoder_Kt7,1,14,55,7,4,55,0,6,7,0,1,8,8,1
17,17,encoder_Kt7,1,13,56,6,3,56,0,7,0,0,1,8,8,1
17,17,encoder_Kt7,1,13,57,7,3,57,0,7,1,0,1,8,8,1
17,17,encoder_Kt7,1,13,58,6,2,58,0,7,2,0,1,8,8,1
17,17,encoder_Kt7,1,13,59,7,2,59,0,7,3,0,1,8,8,1
17,17,encoder_Kt7,1,12,60,6,1,60,0,7,4,0,1,8,8,1
17,17,encoder_Kt7,1,12,61,7,1,61,0,7,5,0,1,8,8,1
17,17,encoder_Kt7,1,12,62,6,0,62,0,7,6,0,1,8,8,1
17,17,encoder_Kt7,1,12,63,7,0,63,0,7,7,0,1,8,8,1
18,18,encoder_K,1,0,0,0,0,0,0,0,0,0,1,8,8,1
18,18,encoder_K,1,0,1,1,0,1,0,0,1,0,1,8,8,1
18,18,encoder_K,1,0,2,0,1,2,0,0,2,0,1,8,8,1
18,18,encoder_K,1,0,3,1,1,3,0,0,3,0,1,8,8,1
18,18,encoder_K,1,1,4,0,2,4,0,0,4,0,1,8,8,1
18,18,encoder_K,1,1,5,1,2,5,0,0,5,0,1,8,8,1
18,18,encoder_K,1,1,6,0,3,6,0,0,6,0,1,8,8,1
18,18,encoder_K,1,1,7,1,3,7,0,0,7,0,1,8,8,1
18,18,encoder_K,1,2,8,0,4,8,0,1,0,0,1,8,8,1
18,18,encoder_K,1,2,9,1,4,9,0,1,1,0,1,8,8,1
18,18,encoder_K,1,2,10,0,5,10,0,1,2,0,1,8,8,1
18,18,encoder_K,1,2,11,1,5,11,0,1,3,0,1,8,8,1
18,18,encoder_K,1,3,12,0,6,12,0,1,4,0,1,8,8,1
18,18,encoder_K,1,3,13,1,6,13,0,1,5,0,1,8,8,1
18,18,encoder_K,1,3,14,0,7,14,0,1,6,0,1,8,8,1
18,18,encoder_K,1,3,15,1,7,15,0,1,7,0,1,8,8,1
18,18,encoder_K,1,7,16,2,7,16,0,2,0,0,1,8,8,1
18,18,encoder_K,1,7,17,3,7,17,0,2,1,0,1,8,8,1
18,18,encoder_K,1,7,18,2,6,18,0,2,2,0,1,8,8,1
18,18,encoder_K,1,7,19,3,6,19,0,2,3,0,1,8,8,1
18,18,encoder_K,1,6,20,2,5,20,0,2,4,0,1,8,8,1
18,18,encoder_K,1,6,21,3,5,21,0,2,5,0,1,8,8,1
18,18,encoder_K,1,6,22,2,4,22,0,2,6,0,1,8,8,1
18,18,encoder_K,1,6,23,3,4,23,0,2,7,0,1,8,8,1
18,18,encoder_K,1,5,24,2,3,24,0,3,0,0,1,8,8,1
18,18,encoder_K,1,5,25,3,3,25,0,3,1,0,1,8,8,1
18,18,encoder_K,1,5,26,2,2,26,0,3,2,0,1,8,8,1
18,18,encoder_K,1,5,27,3,2,27,0,3,3,0,1,8,8,1
18,18,encoder_K,1,4,28,2,1,28,0,3,4,0,1,8,8,1
18,18,encoder_K,1,4,29,3,1,29,0,3,5,0,1,8,8,1
18,18,encoder_K,1,4,30,2,0,30,0,3,6,0,1,8,8,1
18,18,encoder_K,1,4,31,3,0,31,0,3,7,0,1,8,8,1
18,18,encoder_K,1,8,32,4,0,32,0,4,0,0,1,8,8,1
18,18,encoder_K,1,8,33,5,0,33,0,4,1,0,1,8,8,1
18,18,encoder_K,1,8,34,4,1,34,0,4,2,0,1,8,8,1
18,18,encoder_K,1,8,35,5,1,35,0,4,3,0,1,8,8,1
18,18,encoder_K,1,9,36,4,2,36,0,4,4,0,1,8,8,1
18,18,encoder_K,1,9,37,5,2,37,0,4,5,0,1,8,8,1
18,18,encoder_K,1,9,38,4,3,38,0,4,6,0,1,8,8,1
18,18,encoder_K,1,9,39,5,3,39,0,4,7,0,1,8,8,1
18,18,encoder_K,1,10,40,4,4,40,0,5,0,0,1,8,8,1
18,18,encoder_K,1,10,41,5,4,41,0,5,1,0,1,8,8,1
18,18,encoder_K,1,10,42,4,5,42,0,5,2,0,1,8,8,1
18,18,encoder_K,1,10,43,5,5,43,0,5,3,0,1,8,8,1
18,18,encoder_K,1,11,44,4,6,44,0,5,4,0,1,8,8,1
18,18,encoder_K,1,11,45,5,6,45,0,5,5,0,1,8,8,1
18,18,encoder_K,1,11,46,4,7,46,0,5,6,0,1,8,8,1
18,18,encoder_K,1,11,47,5,7,47,0,5,7,0,1,8,8,1
18,18,encoder_K,1,15,48,6,7,48,0,6,0,0,1,8,8,1
18,18,encoder_K,1,15,49,7,7,49,0,6,1,0,1,8,8,1
18,18,encoder_K,1,15,50,6,6,50,0,6,2,0,1,8,8,1
18,18,encoder_K,1,15,51,7,6,51,0,6,3,0,1,8,8,1
18,18,encoder_K,1,14,52,6,5,52,0,6,4,0,1,8,8,1
18,18,encoder_K,1,14,53,7,5,53,0,6,5,0,1,8,8,1
18,18,encoder_K,1,14,54,6,4,54,0,6,6,0,1,8,8,1
18,18,encoder_K,1,14,55,7,4,55,0,6,7,0,1,8,8,1
18,18,encoder_K,1,13,56,6,3,56,0,7,0,0,1,8,8,1
18,18,encoder_K,1,13,57,7,3,57,0,7,1,0,1,8,8,1
18,18,encoder_K,1,13,58,6,2,58,0,7,2,0,1,8,8,1
18,18,encoder_K,1,13,59,7,2,59,0,7,3,0,1,8,8,1
18,18,encoder_K,1,12,60,6,1,60,0,7,4,0,1,8,8,1
18,18,encoder_K,1,12,61,7,1,61,0,7,5,0,1,8,8,1
18,18,encoder_K,1,12,62,6,0,62,0,7,6,0,1,8,8,1
18,18,encoder_K,1,12,63,7,0,63,0,7,7,0,1,8,8,1
19,19,encoder_V,1,0,0,0,0,0,0,0,0,0,1,8,8,1
19,19,encoder_V,1,0,1,1,0,1,0,0,1,0,1,8,8,1
19,19,encoder_V,1,0,2,0,1,2,0,0,2,0,1,8,8,1
19,19,encoder_V,1,0,3,1,1,3,0,0,3,0,1,8,8,1
19,19,encoder_V,1,1,4,0,2,4,0,0,4,0,1,8,8,1
19,19,encoder_V,1,1,5,1,2,5,0,0,5,0,1,8,8,1
19,19,encoder_V,1,1,6,0,3,6,0,0,6,0,1,8,8,1
19,19,encoder_V,1,1,7,1,3,7,0,0,7,0,1,8,8,1
19,19,encoder_V,1,2,8,0,4,8,0,1,0,0,1,8,8,1
19,19,encoder_V,1,2,9,1,4,9,0,1,1,0,1,8,8,1
19,19,encoder_V,1,2,10,0,5,10,0,1,2,0,1,8,8,1
19,19,encoder_V,1,2,11,1,5,11,0,1,3,0,1,8,8,1
19,19,encoder_V,1,3,12,0,6,12,0,1,4,0,1,8,8,1
19,19,encoder_V,1,3,13,1,6,13,0,1,5,0,1,8,8,1
19,19,encoder_V,1,3,14,0,7,14,0,1,6,0,1,8,8,1
19,19,encoder_V,1,3,15,1,7,15,0,1,7,0,1,8,8,1
19,19,encoder_V,1,7,16,2,7,16,0,2,0,0,1,8,8,1
19,19,encoder_V,1,7,17,3,7,17,0,2,1,0,1,8,8,1
19,19,encoder_V,1,7,18,2,6,18,0,2,2,0,1,8,8,1
19,19,encoder_V,1,7,19,3,6,19,0,2,3,0,1,8,8,1
19,19,encoder_V,1,6,20,2,5,20,0,2,4,0,1,8,8,1
19,19,encoder_V,1,6,21,3,5,21,0,2,5,0,1,8,8,1
19,19,encoder_V,1,6,22,2,4,22,0,2,6,0,1,8,8,1
19,19,encoder_V,1,6,23,3,4,23,0,2,7,0,1,8,8,1
19,19,encoder_V,1,5,24,2,3,24,0,3,0,0,1,8,8,1
19,19,encoder_V,1,5,25,3,3,25,0,3,1,0,1,8,8,1
19,19,encoder_V,1,5,26,2,2,26,0,3,2,0,1,8,8,1
19,19,encoder_V,1,5,27,3,2,27,0,3,3,0,1,8,8,1
19,19,encoder_V,1,4,28,2,1,28,0,3,4,0,1,8,8,1
19,19,encoder_V,1,4,29,3,1,29,0,3,5,0,1,8,8,1
19,19,encoder_V,1,4,30,2,0,30,0,3,6,0,1,8,8,1
19,19,encoder_V,1,4,31,3,0,31,0,3,7,0,1,8,8,1
19,19,encoder_V,1,8,32,4,0,32,0,4,0,0,1,8,8,1
19,19,encoder_V,1,8,33,5,0,33,0,4,1,0,1,8,8,1
19,19,encoder_V,1,8,34,4,1,34,0,4,2,0,1,8,8,1
19,19,encoder_V,1,8,35,5,1,35,0,4,3,0,1,8,8,1
19,19,encoder_V,1,9,36,4,2,36,0,4,4,0,1,8,8,1
19,19,encoder_V,1,9,37,5,2,37,0,4,5,0,1,8,8,1
19,19,encoder_V,1,9,38,4,3,38,0,4,6,0,1,8,8,1
19,19,encoder_V,1,9,39,5,3,39,0,4,7,0,1,8,8,1
19,19,encoder_V,1,10,40,4,4,40,0,5,0,0,1,8,8,1
19,19,encoder_V,1,10,41,5,4,41,0,5,1,0,1,8,8,1
19,19,encoder_V,1,10,42,4,5,42,0,5,2,0,1,8,8,1
19,19,encoder_V,1,10,43,5,5,43,0,5,3,0,1,8,8,1
19,19,encoder_V,1,11,44,4,6,44,0,5,4,0,1,8,8,1
19,19,encoder_V,1,11,45,5,6,45,0,5,5,0,1,8,8,1
19,19,encoder_V,1,11,46,4,7,46,0,5,6,0,1,8,8,1
19,19,encoder_V,1,11,47,5,7,47,0,5,7,0,1,8,8,1
19,19,encoder_V,1,15,48,6,7,48,0,6,0,0,1,8,8,1
19,19,encoder_V,1,15,49,7,7,49,0,6,1,0,1,8,8,1
19,19,encoder_V,1,15,50,6,6,50,0,6,2,0,1,8,8,1
19,19,encoder_V,1,15,51,7,6,51,0,6,3,0,1,8,8,1
19,19,encoder_V,1,14,52,6,5,52,0,6,4,0,1,8,8,1
19,19,encoder_V,1,14,53,7,5,53,0,6,5,0,1,8,8,1
19,19,encoder_V,1,14,54,6,4,54,0,6,6,0,1,8,8,1
19,19,encoder_V,1,14,55,7,4,55,0,6,7,0,1,8,8,1
19,19,encoder_V,1,13,56,6,3,56,0,7,0,0,1,8,8,1
19,19,encoder_V,1,13,57,7,3,57,0,7,1,0,1,8,8,1
19,19,encoder_V,1,13,58,6,2,58,0,7,2,0,1,8,8,1
19,19,encoder_V,1,13,59,7,2,59,0,7,3,0,1,8,8,1
19,19,encoder_V,1,12,60,6,1,60,0,7,4,0,1,8,8,1
19,19,encoder_V,1,12,61,7,1,61,0,7,5,0,1,8,8,1
19,19,encoder_V,1,12,62,6,0,62,0,7,6,0,1,8,8,1
19,19,encoder_V,1,12,63,7,0,63,0,7,7,0,1,8,8,1
20,20,encoder_QK,1,0,0,0,0,0,0,0,0,0,1,8,8,1
20,20,encoder_QK,1,0,1,1,0,1,0,0,1,0,1,8,8,1
20,20,encoder_QK,1,0,2,0,1,2,0,0,2,0,1,8,8,1
20,20,encoder_QK,1,0,3,1,1,3,0,0,3,0,1,8,8,1
20,20,encoder_QK,1,1,4,0,2,4,0,0,4,0,1,8,8,1
20,20,encoder_QK,1,1,5,1,2,5,0,0,5,0,1,8,8,1
20,20,encoder_QK,1,1,6,0,3,6,0,0,6,0,1,8,8,1
20,20,encoder_QK,1,1,7,1,3,7,0,0,7,0,1,8,8,1
20,20,encoder_QK,1,2,8,0,4,8,0,1,0,0,1,8,8,1
20,20,encoder_QK,1,2,9,1,4,9,0,1,1,0,1,8,8,1
20,20,encoder_QK,1,2,10,0,5,10,0,1,2,0,1,8,8,1
20,20,encoder_QK,1,2,11,1,5,11,0,1,3,0,1,8,8,1
20,20,encoder_QK,1,3,12,0,6,12,0,1,4,0,1,8,8,1
20,20,encoder_QK,1,3,13,1,6,13,0,1,5,0,1,8,8,1
20,20,encoder_QK,1,3,14,0,7,14,0,1,6,0,1,8,8,1
20,20,encoder_QK,1,3,15,1,7,15,0,1,7,0,1,8,8,1
20,20,encoder_QK,1,7,16,2,7,16,0,2,0,0,1,8,8,1
20,20,encoder_QK,1,7,17,3,7,17,0,2,1,0,1,8,8,1
20,20,encoder_QK,1,7,18,2,6,18,0,2,2,0,1,8,8,1
20,20,encoder_QK,1,7,19,3,6,19,0,2,3,0,1,8,8,1
20,20,encoder_QK,1,6,20,2,5,20,0,2,4,0,1,8,8,1
20,20,encoder_QK,1,6,21,3,5,21,0,2,5,0,1,8,8,1
20,20,encoder_QK,1,6,22,2,4,22,0,2,6,0,1,8,8,1
20,20,encoder_QK,1,6,23,3,4,23,0,2,7,0,1,8,8,1
20,20,encoder_QK,1,5,24,2,3,24,0,3,0,0,1,8,8,1
20,20,encoder_QK,1,5,25,3,3,25,0,3,1,0,1,8,8,1
20,20,encoder_QK,1,5,26,2,2,26,0,3,2,0,1,8,8,1
20,20,encoder_QK,1,5,27,3,2,27,0,3,3,0,1,8,8,1
20,20,encoder_QK,1,4,28,2,1,28,0,3,4,0,1,8,8,1
20,20,encoder_QK,1,4,29,3,1,29,0,3,5,0,1,8,8,1
20,20,encoder_QK,1,4,30,2,0,30,0,3,6,0,1,8,8,1
20,20,encoder_QK,1,4,31,3,0,31,0,3,7,0,1,8,8,1
20,20,encoder_QK,1,8,32,4,0,32,0,4,0,0,1,8,8,1
20,20,encoder_QK,1,8,33,5,0,33,0,4,1,0,1,8,8,1
20,20,encoder_QK,1,8,34,4,1,34,0,4,2,0,1,8,8,1
20,20,encoder_QK,1,8,35,5,1,35,0,4,3,0,1,8,8,1
20,20,encoder_QK,1,9,36,4,2,36,0,4,4,0,1,8,8,1
20,20,encoder_QK,1,9,37,5,2,37,0,4,5,0,1,8,8,1
20,20,encoder_QK,1,9,38,4,3,38,0,4,6,0,1,8,8,1
20,20,encoder_QK,1,9,39,5,3,39,0,4,7,0,1,8,8,1
20,20,encoder_QK,1,10,40,4,4,40,0,5,0,0,1,8,8,1
20,20,encoder_QK,1,10,41,5,4,41,0,5,1,0,1,8,8,1
20,20,encoder_QK,1,10,42,4,5,42,0,5,2,0,1,8,8,1
20,20,encoder_QK,1,10,43,5,5,43,0,5,3,0,1,8,8,1
20,20,encoder_QK,1,11,44,4,6,44,0,5,4,0,1,8,8,1
20,20,encoder_QK,1,11,45,5,6,45,0,5,5,0,1,8,8,1
20,20,encoder_QK,1,11,46,4,7,46,0,5,6,0,1,8,8,1
20,20,encoder_QK,1,11,47,5,7,47,0,5,7,0,1,8,8,1
20,20,encoder_QK,1,15,48,6,7,48,0,6,0,0,1,8,8,1
20,20,encoder_QK,1,15,49,7,7,49,0,6,1,0,1,8,8,1
20,20,encoder_QK,1,15,50,6,6,50,0,6,2,0,1,8,8,1
20,20,encoder_QK,1,15,51,7,6,51,0,6,3,0,1,8,8,1
20,20,encoder_QK,1,14,52,6,5,52,0,6,4,0,1,8,8,1
20,20,encoder_QK,1,14,53,7,5,53,0,6,5,0,1,8,8,1
20,20,encoder_QK,1,14,54,6,4,54,0,6,6,0,1,8,8,1
20,20,encoder_QK,1,14,55,7,4,55,0,6,7,0,1,8,8,1
20,20,encoder_QK,1,13,56,6,3,56,0,7,0,0,1,8,8,1
20,20,encoder_QK,1,13,57,7,3,57,0,7,1,0,1,8,8,1
20,20,encoder_QK,1,13,58,6,2,58,0,7,2,0,1,8,8,1
20,20,encoder_QK,1,13,59,7,2,59,0,7,3,0,1,8,8,1
20,20,encoder_QK,1,12,60,6,1,60,0,7,4,0,1,8,8,1
20,20,encoder_QK,1,12,61,7,1,61,0,7,5,0,1,8,8,1
20,20,encoder_QK,1,12,62,6,0,62,0,7,6,0,1,8,8,1
20,20,encoder_QK,1,12,63,7,0,63,0,7,7,0,1,8,8,1
21,21,encoder_QK_elt,1,0,0,0,0,0,0,0,0,0,1,8,8,1
21,21,encoder_QK_elt,1,0,1,1,0,1,0,0,1,0,1,8,8,1
21,21,encoder_QK_elt,1,0,2,0,1,2,0,0,2,0,1,8,8,1
21,21,encoder_QK_elt,1,0,3,1,1,3,0,0,3,0,1,8,8,1
21,21,encoder_QK_elt,1,1,4,0,2,4,0,0,4,0,1,8,8,1
21,21,encoder_QK_elt,1,1,5,1,2,5,0,0,5,0,1,8,8,1
21,21,encoder_QK_elt,1,1,6,0,3,6,0,0,6,0,1,8,8,1
21,21,encoder_QK_elt,1,1,7,1,3,7,0,0,7,0,1,8,8,1
21,21,encoder_QK_elt,1,2,8,0,4,8,0,1,0,0,1,8,8,1
21,21,encoder_QK_elt,1,2,9,1,4,9,0,1,1,0,1,8,8,1
21,21,encoder_QK_elt,1,2,10,0,5,10,0,1,2,0,1,8,8,1
21,21,encoder_QK_elt,1,2,11,1,5,11,0,1,3,0,1,8,8,1
21,21,encoder_QK_elt,1,3,12,0,6,12,0,1,4,0,1,8,8,1
21,21,encoder_QK_elt,1,3,13,1,6,13,0,1,5,0,1,8,8,1
21,21,encoder_QK_elt,1,3,14,0,7,14,0,1,6,0,1,8,8,1
21,21,encoder_QK_elt,1,3,15,1,7,15,0,1,7,0,1,8,8,1
21,21,encoder_QK_elt,1,7,16,2,7,16,0,2,0,0,1,8,8,1
21,21,encoder_QK_elt,1,7,17,3,7,17,0,2,1,0,1,8,8,1
21,21,encoder_QK_elt,1,7,18,2,6,18,0,2,2,0,1,8,8,1
21,21,encoder_QK_elt,1,7,19,3,6,19,0,2,3,0,1,8,8,1
21,21,encoder_QK_elt,1,6,20,2,5,20,0,2,4,0,1,8,8,1
21,21,encoder_QK_elt,1,6,21,3,5,21,0,2,5,0,1,8,8,1
21,21,encoder_QK_elt,1,6,22,2,4,22,0,2,6,0,1,8,8,1
21,21,encoder_QK_elt,1,6,23,3,4,23,0,2,7,0,1,8,8,1
21,21,encoder_QK_elt,1,5,24,2,3,24,0,3,0,0,1,8,8,1
21,21,encoder_QK_elt,1,5,25,3,3,25,0,3,1,0,1,8,8,1
21,21,encoder_QK_elt,1,5,26,2,2,26,0,3,2,0,1,8,8,1
21,21,encoder_QK_elt,1,5,27,3,2,27,0,3,3,0,1,8,8,1
21,21,encoder_QK_elt,1,4,28,2,1,28,0,3,4,0,1,8,8,1
21,21,encoder_QK_elt,1,4,29,3,1,29,0,3,5,0,1,8,8,1
21,21,encoder_QK_elt,1,4,30,2,0,30,0,3,6,0,1,8,8,1
21,21,encoder_QK_elt,1,4,31,3,0,31,0,3,7,0,1,8,8,1
21,21,encoder_QK_elt,1,8,32,4,0,32,0,4,0,0,1,8,8,1
21,21,encoder_QK_elt,1,8,33,5,0,33,0,4,1,0,1,8,8,1
21,21,encoder_QK_elt,1,8,34,4,1,34,0,4,2,0,1,8,8,1
21,21,encoder_QK_elt,1,8,35,5,1,35,0,4,3,0,1,8,8,1
21,21,encoder_QK_elt,1,9,36,4,2,36,0,4,4,0,1,8,8,1
21,21,encoder_QK_elt,1,9,37,5,2,37,0,4,5,0,1,8,8,1
21,21,encoder_QK_elt,1,9,38,4,3,38,0,4,6,0,1,8,8,1
21,21,encoder_QK_elt,1,9,39,5,3,39,0,4,7,0,1,8,8,1
21,21,encoder_QK_elt,1,10,40,4,4,40,0,5,0,0,1,8,8,1
21,21,encoder_QK_elt,1,10,41,5,4,41,0,5,1,0,1,8,8,1
21,21,encoder_QK_elt,1,10,42,4,5,42,0,5,2,0,1,8,8,1
21,21,encoder_QK_elt,1,10,43,5,5,43,0,5,3,0,1,8,8,1
21,21,encoder_QK_elt,1,11,44,4,6,44,0,5,4,0,1,8,8,1
21,21,encoder_QK_elt,1,11,45,5,6,45,0,5,5,0,1,8,8,1
21,21,encoder_QK_elt,1,11,46,4,7,46,0,5,6,0,1,8,8,1
21,21,encoder_QK_elt,1,11,47,5,7,47,0,5,7,0,1,8,8,1
21,21,encoder_QK_elt,1,15,48,6,7,48,0,6,0,0,1,8,8,1
21,21,encoder_QK_elt,1,15,49,7,7,49,0,6,1,0,1,8,8,1
21,21,encoder_QK_elt,1,15,50,6,6,50,0,6,2,0,1,8,8,1
21,21,encoder_QK_elt,1,15,51,7,6,51,0,6,3,0,1,8,8,1
21,21,encoder_QK_elt,1,14,52,6,5,52,0,6,4,0,1,8,8,1
21,21,encoder_QK_elt,1,14,53,7,5,53,0,6,5,0,1,8,8,1
21,21,encoder_QK_elt,1,14,54,6,4,54,0,6,6,0,1,8,8,1
21,21,encoder_QK_elt,1,14,55,7,4,55,0,6,7,0,1,8,8,1
21,21,encoder_QK_elt,1,13,56,6,3,56,0,7,0,0,1,8,8,1
21,21,encoder_QK_elt,1,13,57,7,3,57,0,7,1,0,1,8,8,1
21,21,encoder_QK_elt,1,13,58,6,2,58,0,7,2,0,1,8,8,1
21,21,encoder_QK_elt,1,13,59,7,2,59,0,7,3,0,1,8,8,1
21,21,encoder_QK_elt,1,12,60,6,1,60,0,7,4,0,1,8,8,1
21,21,encoder_QK_elt,1,12,61,7,1,61,0,7,5,0,1,8,8,1
21,21,encoder_QK_elt,1,12,62,6,0,62,0,7,6,0,1,8,8,1
21,21,encoder_QK_elt,1,12,63,7,0,63,0,7,7,0,1,8,8,1
22,22,encoder_QKV,1,0,0,0,0,0,0,0,0,0,1,8,8,1
22,22,encoder_QKV,1,0,1,1,0,1,0,0,1,0,1,8,8,1
22,22,encoder_QKV,1,0,2,0,1,2,0,0,2,0,1,8,8,1
22,22,encoder_QKV,1,0,3,1,1,3,0,0,3,0,1,8,8,1
22,22,encoder_QKV,1,1,4,0,2,4,0,0,4,0,1,8,8,1
22,22,encoder_QKV,1,1,5,1,2,5,0,0,5,0,1,8,8,1
22,22,encoder_QKV,1,1,6,0,3,6,0,0,6,0,1,8,8,1
22,22,encoder_QKV,1,1,7,1,3,7,0,0,7,0,1,8,8,1
22,22,encoder_QKV,1,2,8,0,4,8,0,1,0,0,1,8,8,1
22,22,encoder_QKV,1,2,9,1,4,9,0,1,1,0,1,8,8,1
22,22,encoder_QKV,1,2,10,0,5,10,0,1,2,0,1,8,8,1
22,22,encoder_QKV,1,2,11,1,5,11,0,1,3,0,1,8,8,1
22,22,encoder_QKV,1,3,12,0,6,12,0,1,4,0,1,8,8,1
22,22,encoder_QKV,1,3,13,1,6,13,0,1,5,0,1,8,8,1
22,22,encoder_QKV,1,3,14,0,7,14,0,1,6,0,1,8,8,1
22,22,encoder_QKV,1,3,15,1,7,15,0,1,7,0,1,8,8,1
22,22,encoder_QKV,1,7,16,2,7,16,0,2,0,0,1,8,8,1
22,22,encoder_QKV,1,7,17,3,7,17,0,2,1,0,1,8,8,1
22,22,encoder_QKV,1,7,18,2,6,18,0,2,2,0,1,8,8,1
22,22,encoder_QKV,1,7,19,3,6,19,0,2,3,0,1,8,8,1
22,22,encoder_QKV,1,6,20,2,5,20,0,2,4,0,1,8,8,1
22,22,encoder_QKV,1,6,21,3,5,21,0,2,5,0,1,8,8,1
22,22,encoder_QKV,1,6,22,2,4,22,0,2,6,0,1,8,8,1
22,22,encoder_QKV,1,6,23,3,4,23,0,2,7,0,1,8,8,1
22,22,encoder_QKV,1,5,24,2,3,24,0,3,0,0,1,8,8,1
22,22,encoder_QKV,1,5,25,3,3,25,0,3,1,0,1,8,8,1
22,22,encoder_QKV,1,5,26,2,2,26,0,3,2,0,1,8,8,1
22,22,encoder_QKV,1,5,27,3,2,27,0,3,3,0,1,8,8,1
22,22,encoder_QKV,1,4,28,2,1,28,0,3,4,0,1,8,8,1
22,22,encoder_QKV,1,4,29,3,1,29,0,3,5,0,1,8,8,1
22,22,encoder_QKV,1,4,30,2,0,30,0,3,6,0,1,8,8,1
22,22,encoder_QKV,1,4,31,3,0,31,0,3,7,0,1,8,8,1
22,22,encoder_QKV,1,8,32,4,0,32,0,4,0,0,1,8,8,1
22,22,encoder_QKV,1,8,33,5,0,33,0,4,1,0,1,8,8,1
22,22,encoder_QKV,1,8,34,4,1,34,0,4,2,0,1,8,8,1
22,22,encoder_QKV,1,8,35,5,1,35,0,4,3,0,1,8,8,1
22,22,encoder_QKV,1,9,36,4,2,36,0,4,4,0,1,8,8,1
22,22,encoder_QKV,1,9,37,5,2,37,0,4,5,0,1,8,8,1
22,22,encoder_QKV,1,9,38,4,3,38,0,4,6,0,1,8,8,1
22,22,encoder_QKV,1,9,39,5,3,39,0,4,7,0,1,8,8,1
22,22,encoder_QKV,1,10,40,4,4,40,0,5,0,0,1,8,8,1
22,22,encoder_QKV,1,10,41,5,4,41,0,5,1,0,1,8,8,1
22,22,encoder_QKV,1,10,42,4,5,42,0,5,2,0,1,8,8,1
22,22,encoder_QKV,1,10,43,5,5,43,0,5,3,0,1,8,8,1
22,22,encoder_QKV,1,11,44,4,6,44,0,5,4,0,1,8,8,1
22,22,encoder_QKV,1,11,45,5,6,45,0,5,5,0,1,8,8,1
22,22,encoder_QKV,1,11,46,4,7,46,0,5,6,0,1,8,8,1
22,22,encoder_QKV,1,11,47,5,7,47,0,5,7,0,1,8,8,1
22,22,encoder_QKV,1,15,48,6,7,48,0,6,0,0,1,8,8,1
22,22,encoder_QKV,1,15,49,7,7,49,0,6,1,0,1,8,8,1
22,22,encoder_QKV,1,15,50,6,6,50,0,6,2,0,1,8,8,1
22,22,encoder_QKV,1,15,51,7,6,51,0,6,3,0,1,8,8,1
22,22,encoder_QKV,1,14,52,6,5,52,0,6,4,0,1,8,8,1
22,22,encoder_QKV,1,14,53,7,5,53,0,6,5,0,1,8,8,1
22,22,encoder_QKV,1,14,54,6,4,54,0,6,6,0,1,8,8,1
22,22,encoder_QKV,1,14,55,7,4,55,0,6,7,0,1,8,8,1
22,22,encoder_QKV,1,13,56,6,3,56,0,7,0,0,1,8,8,1
22,22,encoder_QKV,1,13,57,7,3,57,0,7,1,0,1,8,8,1
22,22,encoder_QKV,1,13,58,6,2,58,0,7,2,0,1,8,8,1
22,22,encoder_QKV,1,13,59,7,2,59,0,7,3,0,1,8,8,1
22,22,encoder_QKV,1,12,60,6,1,60,0,7,4,0,1,8,8,1
22,22,encoder_QKV,1,12,61,7,1,61,0,7,5,0,1,8,8,1
22,22,encoder_QKV,1,12,62,6,0,62,0,7,6,0,1,8,8,1
22,22,encoder_QKV,1,12,63,7,0,63,0,7,7,0,1,8,8,1
23,23,encoder_FC,1,0,0,0,0,0,0,0,0,0,1,8,8,1
23,23,encoder_FC,1,0,1,1,0,1,0,0,1,0,1,8,8,1
23,23,encoder_FC,1,0,2,0,1,2,0,0,2,0,1,8,8,1
23,23,encoder_FC,1,0,3,1,1,3,0,0,3,0,1,8,8,1
23,23,encoder_FC,1,1,4,0,2,4,0,0,4,0,1,8,8,1
23,23,encoder_FC,1,1,5,1,2,5,0,0,5,0,1,8,8,1
23,23,encoder_FC,1,1,6,0,3,6,0,0,6,0,1,8,8,1
23,23,encoder_FC,1,1,7,1,3,7,0,0,7,0,1,8,8,1
23,23,encoder_FC,1,2,8,0,4,8,0,1,0,0,1,8,8,1
23,23,encoder_FC,1,2,9,1,4,9,0,1,1,0,1,8,8,1
23,23,encoder_FC,1,2,10,0,5,10,0,1,2,0,1,8,8,1
23,23,encoder_FC,1,2,11,1,5,11,0,1,3,0,1,8,8,1
23,23,encoder_FC,1,3,12,0,6,12,0,1,4,0,1,8,8,1
23,23,encoder_FC,1,3,13,1,6,13,0,1,5,0,1,8,8,1
23,23,encoder_FC,1,3,14,0,7,14,0,1,6,0,1,8,8,1
23,23,encoder_FC,1,3,15,1,7,15,0,1,7,0,1,8,8,1
23,23,encoder_FC,1,7,16,2,7,16,0,2,0,0,1,8,8,1
23,23,encoder_FC,1,7,17,3,7,17,0,2,1,0,1,8,8,1
23,23,encoder_FC,1,7,18,2,6,18,0,2,2,0,1,8,8,1
23,23,encoder_FC,1,7,19,3,6,19,0,2,3,0,1,8,8,1
23,23,encoder_FC,1,6,20,2,5,20,0,2,4,0,1,8,8,1
23,23,encoder_FC,1,6,21,3,5,21,0,2,5,0,1,8,8,1
23,23,encoder_FC,1,6,22,2,4,22,0,2,6,0,1,8,8,1
23,23,encoder_FC,1,6,23,3,4,23,0,2,7,0,1,8,8,1
23,23,encoder_FC,1,5,24,2,3,24,0,3,0,0,1,8,8,1
23,23,encoder_FC,1,5,25,3,3,25,0,3,1,0,1,8,8,1
23,23,encoder_FC,1,5,26,2,2,26,0,3,2,0,1,8,8,1
23,23,encoder_FC,1,5,27,3,2,27,0,3,3,0,1,8,8,1
23,23,encoder_FC,1,4,28,2,1,28,0,3,4,0,1,8,8,1
23,23,encoder_FC,1,4,29,3,1,29,0,3,5,0,1,8,8,1
23,23,encoder_FC,1,4,30,2,0,30,0,3,6,0,1,8,8,1
23,23,encoder_FC,1,4,31,3,0,31,0,3,7,0,1,8,8,1
23,23,encoder_FC,1,8,32,4,0,32,0,4,0,0,1,8,8,1
23,23,encoder_FC,1,8,33,5,0,33,0,4,1,0,1,8,8,1
23,23,encoder_FC,1,8,34,4,1,34,0,4,2,0,1,8,8,1
23,23,encoder_FC,1,8,35,5,1,35,0,4,3,0,1,8,8,1
23,23,encoder_FC,1,9,36,4,2,36,0,4,4,0,1,8,8,1
23,23,encoder_FC,1,9,37,5,2,37,0,4,5,0,1,8,8,1
23,23,encoder_FC,1,9,38,4,3,38,0,4,6,0,1,8,8,1
23,23,encoder_FC,1,9,39,5,3,39,0,4,7,0,1,8,8,1
23,23,encoder_FC,1,10,40,4,4,40,0,5,0,0,1,8,8,1
23,23,encoder_FC,1,10,41,5,4,41,0,5,1,0,1,8,8,1
23,23,encoder_FC,1,10,42,4,5,42,0,5,2,0,1,8,8,1
23,23,encoder_FC,1,10,43,5,5,43,0,5,3,0,1,8,8,1
23,23,encoder_FC,1,11,44,4,6,44,0,5,4,0,1,8,8,1
23,23,encoder_FC,1,11,45,5,6,45,0,5,5,0,1,8,8,1
23,23,encoder_FC,1,11,46,4,7,46,0,5,6,0,1,8,8,1
23,23,encoder_FC,1,11,47,5,7,47,0,5,7,0,1,8,8,1
23,23,encoder_FC,1,15,48,6,7,48,0,6,0,0,1,8,8,1
23,23,encoder_FC,1,15,49,7,7,49,0,6,1,0,1,8,8,1
23,23,encoder_FC,1,15,50,6,6,50,0,6,2,0,1,8,8,1
23,23,encoder_FC,1,15,51,7,6,51,0,6,3,0,1,8,8,1
23,23,encoder_FC,1,14,52,6,5,52,0,6,4,0,1,8,8,1
23,23,encoder_FC,1,14,53,7,5,53,0,6,5,0,1,8,8,1
23,23,encoder_FC,1,14,54,6,4,54,0,6,6,0,1,8,8,1
23,23,encoder_FC,1,14,55,7,4,55,0,6,7,0,1,8,8,1
23,23,encoder_FC,1,13,56,6,3,56,0,7,0,0,1,8,8,1
23,23,encoder_FC,1,13,57,7,3,57,0,7,1,0,1,8,8,1
23,23,encoder_FC,1,13,58,6,2,58,0,7,2,0,1,8,8,1
23,23,encoder_FC,1,13,59,7,2,59,0,7,3,0,1,8,8,1
23,23,encoder_FC,1,12,60,6,1,60,0,7,4,0,1,8,8,1
23,23,encoder_FC,1,12,61,7,1,61,0,7,5,0,1,8,8,1
23,23,encoder_FC,1,12,62,6,0,62,0,7,6,0,1,8,8,1
23,23,encoder_FC,1,12,63,7,0,63,0,7,7,0,1,8,8,1
24,24,encoder_elt1,1,0,0,0,0,0,0,0,0,0,1,8,8,1
24,24,encoder_elt1,1,0,1,1,0,1,0,0,1,0,1,8,8,1
24,24,encoder_elt1,1,0,2,0,1,2,0,0,2,0,1,8,8,1
24,24,encoder_elt1,1,0,3,1,1,3,0,0,3,0,1,8,8,1
24,24,encoder_elt1,1,1,4,0,2,4,0,0,4,0,1,8,8,1
24,24,encoder_elt1,1,1,5,1,2,5,0,0,5,0,1,8,8,1
24,24,encoder_elt1,1,1,6,0,3,6,0,0,6,0,1,8,8,1
24,24,encoder_elt1,1,1,7,1,3,7,0,0,7,0,1,8,8,1
24,24,encoder_elt1,1,2,8,0,4,8,0,1,0,0,1,8,8,1
24,24,encoder_elt1,1,2,9,1,4,9,0,1,1,0,1,8,8,1
24,24,encoder_elt1,1,2,10,0,5,10,0,1,2,0,1,8,8,1
24,24,encoder_elt1,1,2,11,1,5,11,0,1,3,0,1,8,8,1
24,24,encoder_elt1,1,3,12,0,6,12,0,1,4,0,1,8,8,1
24,24,encoder_elt1,1,3,13,1,6,13,0,1,5,0,1,8,8,1
24,24,encoder_elt1,1,3,14,0,7,14,0,1,6,0,1,8,8,1
24,24,encoder_elt1,1,3,15,1,7,15,0,1,7,0,1,8,8,1
24,24,encoder_elt1,1,7,16,2,7,16,0,2,0,0,1,8,8,1
24,24,encoder_elt1,1,7,17,3,7,17,0,2,1,0,1,8,8,1
24,24,encoder_elt1,1,7,18,2,6,18,0,2,2,0,1,8,8,1
24,24,encoder_elt1,1,7,19,3,6,19,0,2,3,0,1,8,8,1
24,24,encoder_elt1,1,6,20,2,5,20,0,2,4,0,1,8,8,1
24,24,encoder_elt1,1,6,21,3,5,21,0,2,5,0,1,8,8,1
24,24,encoder_elt1,1,6,22,2,4,22,0,2,6,0,1,8,8,1
24,24,encoder_elt1,1,6,23,3,4,23,0,2,7,0,1,8,8,1
24,24,encoder_elt1,1,5,24,2,3,24,0,3,0,0,1,8,8,1
24,24,encoder_elt1,1,5,25,3,3,25,0,3,1,0,1,8,8,1
24,24,encoder_elt1,1,5,26,2,2,26,0,3,2,0,1,8,8,1
24,24,encoder_elt1,1,5,27,3,2,27,0,3,3,0,1,8,8,1
24,24,encoder_elt1,1,4,28,2,1,28,0,3,4,0,1,8,8,1
24,24,encoder_elt1,1,4,29,3,1,29,0,3,5,0,1,8,8,1
24,24,encoder_elt1,1,4,30,2,0,30,0,3,6,0,1,8,8,1
24,24,encoder_elt1,1,4,31,3,0,31,0,3,7,0,1,8,8,1
24,24,encoder_elt1,1,8,32,4,0,32,0,4,0,0,1,8,8,1
24,24,encoder_elt1,1,8,33,5,0,33,0,4,1,0,1,8,8,1
24,24,encoder_elt1,1,8,34,4,1,34,0,4,2,0,1,8,8,1
24,24,encoder_elt1,1,8,35,5,1,35,0,4,3,0,1,8,8,1
24,24,encoder_elt1,1,9,36,4,2,36,0,4,4,0,1,8,8,1
24,24,encoder_elt1,1,9,37,5,2,37,0,4,5,0,1,8,8,1
24,24,encoder_elt1,1,9,38,4,3,38,0,4,6,0,1,8,8,1
24,24,encoder_elt1,1,9,39,5,3,39,0,4,7,0,1,8,8,1
24,24,encoder_elt1,1,10,40,4,4,40,0,5,0,0,1,8,8,1
24,24,encoder_elt1,1,10,41,5,4,41,0,5,1,0,1,8,8,1
24,24,encoder_elt1,1,10,42,4,5,42,0,5,2,0,1,8,8,1
24,24,encoder_elt1,1,10,43,5,5,43,0,5,3,0,1,8,8,1
24,24,encoder_elt1,1,11,44,4,6,44,0,5,4,0,1,8,8,1
24,24,encoder_elt1,1,11,45,5,6,45,0,5,5,0,1,8,8,1
24,24,encoder_elt1,1,11,46,4,7,46,0,5,6,0,1,8,8,1
24,24,encoder_elt1,1,11,47,5,7,47,0,5,7,0,1,8,8,1
24,24,encoder_elt1,1,15,48,6,7,48,0,6,0,0,1,8,8,1
24,24,encoder_elt1,1,15,49,7,7,49,0,6,1,0,1,8,8,1
24,24,encoder_elt1,1,15,50,6,6,50,0,6,2,0,1,8,8,1
24,24,encoder_elt1,1,15,51,7,6,51,0,6,3,0,1,8,8,1
24,24,encoder_elt1,1,14,52,6,5,52,0,6,4,0,1,8,8,1
24,24,encoder_elt1,1,14,53,7,5,53,0,6,5,0,1,8,8,1
24,24,encoder_elt1,1,14,54,6,4,54,0,6,6,0,1,8,8,1
24,24,encoder_elt1,1,14,55,7,4,55,0,6,7,0,1,8,8,1
24,24,encoder_elt1,1,13,56,6,3,56,0,7,0,0,1,8,8,1
24,24,encoder_elt1,1,13,57,7,3,57,0,7,1,0,1,8,8,1
24,24,encoder_elt1,1,13,58,6,2,58,0,7,2,0,1,8,8,1
24,24,encoder_elt1,1,13,59,7,2,59,0,7,3,0,1,8,8,1
24,24,encoder_elt1,1,12,60,6,1,60,0,7,4,0,1,8,8,1
24,24,encoder_elt1,1,12,61,7,1,61,0,7,5,0,1,8,8,1
24,24,encoder_elt1,1,12,62,6,0,62,0,7,6,0,1,8,8,1
24,24,encoder_elt1,1,12,63,7,0,63,0,7,7,0,1,8,8,1
25,25,encoder_feedfwd1,1,0,0,0,0,0,0,0,0,0,1,8,8,1
25,25,encoder_feedfwd1,1,0,1,1,0,1,0,0,1,0,1,8,8,1
25,25,encoder_feedfwd1,1,0,2,0,1,2,0,0,2,0,1,8,8,1
25,25,encoder_feedfwd1,1,0,3,1,1,3,0,0,3,0,1,8,8,1
25,25,encoder_feedfwd1,1,1,4,0,2,4,0,0,4,0,1,8,8,1
25,25,encoder_feedfwd1,1,1,5,1,2,5,0,0,5,0,1,8,8,1
25,25,encoder_feedfwd1,1,1,6,0,3,6,0,0,6,0,1,8,8,1
25,25,encoder_feedfwd1,1,1,7,1,3,7,0,0,7,0,1,8,8,1
25,25,encoder_feedfwd1,1,2,8,0,4,8,0,1,0,0,1,8,8,1
25,25,encoder_feedfwd1,1,2,9,1,4,9,0,1,1,0,1,8,8,1
25,25,encoder_feedfwd1,1,2,10,0,5,10,0,1,2,0,1,8,8,1
25,25,encoder_feedfwd1,1,2,11,1,5,11,0,1,3,0,1,8,8,1
25,25,encoder_feedfwd1,1,3,12,0,6,12,0,1,4,0,1,8,8,1
25,25,encoder_feedfwd1,1,3,13,1,6,13,0,1,5,0,1,8,8,1
25,25,encoder_feedfwd1,1,3,14,0,7,14,0,1,6,0,1,8,8,1
25,25,encoder_feedfwd1,1,3,15,1,7,15,0,1,7,0,1,8,8,1
25,25,encoder_feedfwd1,1,7,16,2,7,16,0,2,0,0,1,8,8,1
25,25,encoder_feedfwd1,1,7,17,3,7,17,0,2,1,0,1,8,8,1
25,25,encoder_feedfwd1,1,7,18,2,6,18,0,2,2,0,1,8,8,1
25,25,encoder_feedfwd1,1,7,19,3,6,19,0,2,3,0,1,8,8,1
25,25,encoder_feedfwd1,1,6,20,2,5,20,0,2,4,0,1,8,8,1
25,25,encoder_feedfwd1,1,6,21,3,5,21,0,2,5,0,1,8,8,1
25,25,encoder_feedfwd1,1,6,22,2,4,22,0,2,6,0,1,8,8,1
25,25,encoder_feedfwd1,1,6,23,3,4,23,0,2,7,0,1,8,8,1
25,25,encoder_feedfwd1,1,5,24,2,3,24,0,3,0,0,1,8,8,1
25,25,encoder_feedfwd1,1,5,25,3,3,25,0,3,1,0,1,8,8,1
25,25,encoder_feedfwd1,1,5,26,2,2,26,0,3,2,0,1,8,8,1
25,25,encoder_feedfwd1,1,5,27,3,2,27,0,3,3,0,1,8,8,1
25,25,encoder_feedfwd1,1,4,28,2,1,28,0,3,4,0,1,8,8,1
25,25,encoder_feedfwd1,1,4,29,3,1,29,0,3,5,0,1,8,8,1
25,25,encoder_feedfwd1,1,4,30,2,0,30,0,3,6,0,1,8,8,1
25,25,encoder_feedfwd1,1,4,31,3,0,31,0,3,7,0,1,8,8,1
25,25,encoder_feedfwd1,1,8,32,4,0,32,0,4,0,0,1,8,8,1
25,25,encoder_feedfwd1,1,8,33,5,0,33,0,4,1,0,1,8,8,1
25,25,encoder_feedfwd1,1,8,34,4,1,34,0,4,2,0,1,8,8,1
25,25,encoder_feedfwd1,1,8,35,5,1,35,0,4,3,0,1,8,8,1
25,25,encoder_feedfwd1,1,9,36,4,2,36,0,4,4,0,1,8,8,1
25,25,encoder_feedfwd1,1,9,37,5,2,37,0,4,5,0,1,8,8,1
25,25,encoder_feedfwd1,1,9,38,4,3,38,0,4,6,0,1,8,8,1
25,25,encoder_feedfwd1,1,9,39,5,3,39,0,4,7,0,1,8,8,1
25,25,encoder_feedfwd1,1,10,40,4,4,40,0,5,0,0,1,8,8,1
25,25,encoder_feedfwd1,1,10,41,5,4,41,0,5,1,0,1,8,8,1
25,25,encoder_feedfwd1,1,10,42,4,5,42,0,5,2,0,1,8,8,1
25,25,encoder_feedfwd1,1,10,43,5,5,43,0,5,3,0,1,8,8,1
25,25,encoder_feedfwd1,1,11,44,4,6,44,0,5,4,0,1,8,8,1
25,25,encoder_feedfwd1,1,11,45,5,6,45,0,5,5,0,1,8,8,1
25,25,encoder_feedfwd1,1,11,46,4,7,46,0,5,6,0,1,8,8,1
25,25,encoder_feedfwd1,1,11,47,5,7,47,0,5,7,0,1,8,8,1
25,25,encoder_feedfwd1,1,15,48,6,7,48,0,6,0,0,1,8,8,1
25,25,encoder_feedfwd1,1,15,49,7,7,49,0,6,1,0,1,8,8,1
25,25,encoder_feedfwd1,1,15,50,6,6,50,0,6,2,0,1,8,8,1
25,25,encoder_feedfwd1,1,15,51,7,6,51,0,6,3,0,1,8,8,1
25,25,encoder_feedfwd1,1,14,52,6,5,52,0,6,4,0,1,8,8,1
25,25,encoder_feedfwd1,1,14,53,7,5,53,0,6,5,0,1,8,8,1
25,25,encoder_feedfwd1,1,14,54,6,4,54,0,6,6,0,1,8,8,1
25,25,encoder_feedfwd1,1,14,55,7,4,55,0,6,7,0,1,8,8,1
25,25,encoder_feedfwd1,1,13,56,6,3,56,0,7,0,0,1,8,8,1
25,25,encoder_feedfwd1,1,13,57,7,3,57,0,7,1,0,1,8,8,1
25,25,encoder_feedfwd1,1,13,58,6,2,58,0,7,2,0,1,8,8,1
25,25,encoder_feedfwd1,1,13,59,7,2,59,0,7,3,0,1,8,8,1
25,25,encoder_feedfwd1,1,12,60,6,1,60,0,7,4,0,1,8,8,1
25,25,encoder_feedfwd1,1,12,61,7,1,61,0,7,5,0,1,8,8,1
25,25,encoder_feedfwd1,1,12,62,6,0,62,0,7,6,0,1,8,8,1
25,25,encoder_feedfwd1,1,12,63,7,0,63,0,7,7,0,1,8,8,1
26,26,encoder_feedfwd2,1,0,0,0,0,0,0,0,0,0,1,8,8,1
26,26,encoder_feedfwd2,1,0,1,1,0,1,0,0,1,0,1,8,8,1
26,26,encoder_feedfwd2,1,0,2,0,1,2,0,0,2,0,1,8,8,1
26,26,encoder_feedfwd2,1,0,3,1,1,3,0,0,3,0,1,8,8,1
26,26,encoder_feedfwd2,1,1,4,0,2,4,0,0,4,0,1,8,8,1
26,26,encoder_feedfwd2,1,1,5,1,2,5,0,0,5,0,1,8,8,1
26,26,encoder_feedfwd2,1,1,6,0,3,6,0,0,6,0,1,8,8,1
26,26,encoder_feedfwd2,1,1,7,1,3,7,0,0,7,0,1,8,8,1
26,26,encoder_feedfwd2,1,2,8,0,4,8,0,1,0,0,1,8,8,1
26,26,encoder_feedfwd2,1,2,9,1,4,9,0,1,1,0,1,8,8,1
26,26,encoder_feedfwd2,1,2,10,0,5,10,0,1,2,0,1,8,8,1
26,26,encoder_feedfwd2,1,2,11,1,5,11,0,1,3,0,1,8,8,1
26,26,encoder_feedfwd2,1,3,12,0,6,12,0,1,4,0,1,8,8,1
26,26,encoder_feedfwd2,1,3,13,1,6,13,0,1,5,0,1,8,8,1
26,26,encoder_feedfwd2,1,3,14,0,7,14,0,1,6,0,1,8,8,1
26,26,encoder_feedfwd2,1,3,15,1,7,15,0,1,7,0,1,8,8,1
26,26,encoder_feedfwd2,1,7,16,2,7,16,0,2,0,0,1,8,8,1
26,26,encoder_feedfwd2,1,7,17,3,7,17,0,2,1,0,1,8,8,1
26,26,encoder_feedfwd2,1,7,18,2,6,18,0,2,2,0,1,8,8,1
26,26,encoder_feedfwd2,1,7,19,3,6,19,0,2,3,0,1,8,8,1
26,26,encoder_feedfwd2,1,6,20,2,5,20,0,2,4,0,1,8,8,1
26,26,encoder_feedfwd2,1,6,21,3,5,21,0,2,5,0,1,8,8,1
26,26,encoder_feedfwd2,1,6,22,2,4,22,0,2,6,0,1,8,8,1
26,26,encoder_feedfwd2,1,6,23,3,4,23,0,2,7,0,1,8,8,1
26,26,encoder_feedfwd2,1,5,24,2,3,24,0,3,0,0,1,8,8,1
26,26,encoder_feedfwd2,1,5,25,3,3,25,0,3,1,0,1,8,8,1
26,26,encoder_feedfwd2,1,5,26,2,2,26,0,3,2,0,1,8,8,1
26,26,encoder_feedfwd2,1,5,27,3,2,27,0,3,3,0,1,8,8,1
26,26,encoder_feedfwd2,1,4,28,2,1,28,0,3,4,0,1,8,8,1
26,26,encoder_feedfwd2,1,4,29,3,1,29,0,3,5,0,1,8,8,1
26,26,encoder_feedfwd2,1,4,30,2,0,30,0,3,6,0,1,8,8,1
26,26,encoder_feedfwd2,1,4,31,3,0,31,0,3,7,0,1,8,8,1
26,26,encoder_feedfwd2,1,8,32,4,0,32,0,4,0,0,1,8,8,1
26,26,encoder_feedfwd2,1,8,33,5,0,33,0,4,1,0,1,8,8,1
26,26,encoder_feedfwd2,1,8,34,4,1,34,0,4,2,0,1,8,8,1
26,26,encoder_feedfwd2,1,8,35,5,1,35,0,4,3,0,1,8,8,1
26,26,encoder_feedfwd2,1,9,36,4,2,36,0,4,4,0,1,8,8,1
26,26,encoder_feedfwd2,1,9,37,5,2,37,0,4,5,0,1,8,8,1
26,26,encoder_feedfwd2,1,9,38,4,3,38,0,4,6,0,1,8,8,1
26,26,encoder_feedfwd2,1,9,39,5,3,39,0,4,7,0,1,8,8,1
26,26,encoder_feedfwd2,1,10,40,4,4,40,0,5,0,0,1,8,8,1
26,26,encoder_feedfwd2,1,10,41,5,4,41,0,5,1,0,1,8,8,1
26,26,encoder_feedfwd2,1,10,42,4,5,42,0,5,2,0,1,8,8,1
26,26,encoder_feedfwd2,1,10,43,5,5,43,0,5,3,0,1,8,8,1
26,26,encoder_feedfwd2,1,11,44,4,6,44,0,5,4,0,1,8,8,1
26,26,encoder_feedfwd2,1,11,45,5,6,45,0,5,5,0,1,8,8,1
26,26,encoder_feedfwd2,1,11,46,4,7,46,0,5,6,0,1,8,8,1
26,26,encoder_feedfwd2,1,11,47,5,7,47,0,5,7,0,1,8,8,1
26,26,encoder_feedfwd2,1,15,48,6,7,48,0,6,0,0,1,8,8,1
26,26,encoder_feedfwd2,1,15,49,7,7,49,0,6,1,0,1,8,8,1
26,26,encoder_feedfwd2,1,15,50,6,6,50,0,6,2,0,1,8,8,1
26,26,encoder_feedfwd2,1,15,51,7,6,51,0,6,3,0,1,8,8,1
26,26,encoder_feedfwd2,1,14,52,6,5,52,0,6,4,0,1,8,8,1
26,26,encoder_feedfwd2,1,14,53,7,5,53,0,6,5,0,1,8,8,1
26,26,encoder_feedfwd2,1,14,54,6,4,54,0,6,6,0,1,8,8,1
26,26,encoder_feedfwd2,1,14,55,7,4,55,0,6,7,0,1,8,8,1
26,26,encoder_feedfwd2,1,13,56,6,3,56,0,7,0,0,1,8,8,1
26,26,encoder_feedfwd2,1,13,57,7,3,57,0,7,1,0,1,8,8,1
26,26,encoder_feedfwd2,1,13,58,6,2,58,0,7,2,0,1,8,8,1
26,26,encoder_feedfwd2,1,13,59,7,2,59,0,7,3,0,1,8,8,1
26,26,encoder_feedfwd2,1,12,60,6,1,60,0,7,4,0,1,8,8,1
26,26,encoder_feedfwd2,1,12,61,7,1,61,0,7,5,0,1,8,8,1
26,26,encoder_feedfwd2,1,12,62,6,0,62,0,7,6,0,1,8,8,1
26,26,encoder_feedfwd2,1,12,63,7,0,63,0,7,7,0,1,8,8,1
27,27,encoder_elt2,1,0,0,0,0,0,0,0,0,0,1,8,8,1
27,27,encoder_elt2,1,0,1,1,0,1,0,0,1,0,1,8,8,1
27,27,encoder_elt2,1,0,2,0,1,2,0,0,2,0,1,8,8,1
27,27,encoder_elt2,1,0,3,1,1,3,0,0,3,0,1,8,8,1
27,27,encoder_elt2,1,1,4,0,2,4,0,0,4,0,1,8,8,1
27,27,encoder_elt2,1,1,5,1,2,5,0,0,5,0,1,8,8,1
27,27,encoder_elt2,1,1,6,0,3,6,0,0,6,0,1,8,8,1
27,27,encoder_elt2,1,1,7,1,3,7,0,0,7,0,1,8,8,1
27,27,encoder_elt2,1,2,8,0,4,8,0,1,0,0,1,8,8,1
27,27,encoder_elt2,1,2,9,1,4,9,0,1,1,0,1,8,8,1
27,27,encoder_elt2,1,2,10,0,5,10,0,1,2,0,1,8,8,1
27,27,encoder_elt2,1,2,11,1,5,11,0,1,3,0,1,8,8,1
27,27,encoder_elt2,1,3,12,0,6,12,0,1,4,0,1,8,8,1
27,27,encoder_elt2,1,3,13,1,6,13,0,1,5,0,1,8,8,1
27,27,encoder_elt2,1,3,14,0,7,14,0,1,6,0,1,8,8,1
27,27,encoder_elt2,1,3,15,1,7,15,0,1,7,0,1,8,8,1
27,27,encoder_elt2,1,7,16,2,7,16,0,2,0,0,1,8,8,1
27,27,encoder_elt2,1,7,17,3,7,17,0,2,1,0,1,8,8,1
27,27,encoder_elt2,1,7,18,2,6,18,0,2,2,0,1,8,8,1
27,27,encoder_elt2,1,7,19,3,6,19,0,2,3,0,1,8,8,1
27,27,encoder_elt2,1,6,20,2,5,20,0,2,4,0,1,8,8,1
27,27,encoder_elt2,1,6,21,3,5,21,0,2,5,0,1,8,8,1
27,27,encoder_elt2,1,6,22,2,4,22,0,2,6,0,1,8,8,1
27,27,encoder_elt2,1,6,23,3,4,23,0,2,7,0,1,8,8,1
27,27,encoder_elt2,1,5,24,2,3,24,0,3,0,0,1,8,8,1
27,27,encoder_elt2,1,5,25,3,3,25,0,3,1,0,1,8,8,1
27,27,encoder_elt2,1,5,26,2,2,26,0,3,2,0,1,8,8,1
27,27,encoder_elt2,1,5,27,3,2,27,0,3,3,0,1,8,8,1
27,27,encoder_elt2,1,4,28,2,1,28,0,3,4,0,1,8,8,1
27,27,encoder_elt2,1,4,29,3,1,29,0,3,5,0,1,8,8,1
27,27,encoder_elt2,1,4,30,2,0,30,0,3,6,0,1,8,8,1
27,27,encoder_elt2,1,4,31,3,0,31,0,3,7,0,1,8,8,1
27,27,encoder_elt2,1,8,32,4,0,32,0,4,0,0,1,8,8,1
27,27,encoder_elt2,1,8,33,5,0,33,0,4,1,0,1,8,8,1
27,27,encoder_elt2,1,8,34,4,1,34,0,4,2,0,1,8,8,1
27,27,encoder_elt2,1,8,35,5,1,35,0,4,3,0,1,8,8,1
27,27,encoder_elt2,1,9,36,4,2,36,0,4,4,0,1,8,8,1
27,27,encoder_elt2,1,9,37,5,2,37,0,4,5,0,1,8,8,1
27,27,encoder_elt2,1,9,38,4,3,38,0,4,6,0,1,8,8,1
27,27,encoder_elt2,1,9,39,5,3,39,0,4,7,0,1,8,8,1
27,27,encoder_elt2,1,10,40,4,4,40,0,5,0,0,1,8,8,1
27,27,encoder_elt2,1,10,41,5,4,41,0,5,1,0,1,8,8,1
27,27,encoder_elt2,1,10,42,4,5,42,0,5,2,0,1,8,8,1
27,27,encoder_elt2,1,10,43,5,5,43,0,5,3,0,1,8,8,1
27,27,encoder_elt2,1,11,44,4,6,44,0,5,4,0,1,8,8,1
27,27,encoder_elt2,1,11,45,5,6,45,0,5,5,0,1,8,8,1
27,27,encoder_elt2,1,11,46,4,7,46,0,5,6,0,1,8,8,1
27,27,encoder_elt2,1,11,47,5,7,47,0,5,7,0,1,8,8,1
27,27,encoder_elt2,1,15,48,6,7,48,0,6,0,0,1,8,8,1
27,27,encoder_elt2,1,15,49,7,7,49,0,6,1,0,1,8,8,1
27,27,encoder_elt2,1,15,50,6,6,50,0,6,2,0,1,8,8,1
27,27,encoder_elt2,1,15,51,7,6,51,0,6,3,0,1,8,8,1
27,27,encoder_elt2,1,14,52,6,5,52,0,6,4,0,1,8,8,1
27,27,encoder_elt2,1,14,53,7,5,53,0,6,5,0,1,8,8,1
27,27,encoder_elt2,1,14,54,6,4,54,0,6,6,0,1,8,8,1
27,27,encoder_elt2,1,14,55,7,4,55,0,6,7,0,1,8,8,1
27,27,encoder_elt2,1,13,56,6,3,56,0,7,0,0,1,8,8,1
27,27,encoder_elt2,1,13,57,7,3,57,0,7,1,0,1,8,8,1
27,27,encoder_elt2,1,13,58,6,2,58,0,7,2,0,1,8,8,1
27,27,encoder_elt2,1,13,59,7,2,59,0,7,3,0,1,8,8,1
27,27,encoder_elt2,1,12,60,6,1,60,0,7,4,0,1,8,8,1
27,27,encoder_elt2,1,12,61,7,1,61,0,7,5,0,1,8,8,1
27,27,encoder_elt2,1,12,62,6,0,62,0,7,6,0,1,8,8,1
27,27,encoder_elt2,1,12,63,7,0,63,0,7,7,0,1,8,8,1
28,28,word_embed_dec,1,0,0,0,0,0,0,0,0,0,1,8,8,1
28,28,word_embed_dec,1,0,1,1,0,1,0,0,1,0,1,8,8,1
28,28,word_embed_dec,1,0,2,0,1,2,0,0,2,0,1,8,8,1
28,28,word_embed_dec,1,0,3,1,1,3,0,0,3,0,1,8,8,1
28,28,word_embed_dec,1,1,4,0,2,4,0,0,4,0,1,8,8,1
28,28,word_embed_dec,1,1,5,1,2,5,0,0,5,0,1,8,8,1
28,28,word_embed_dec,1,1,6,0,3,6,0,0,6,0,1,8,8,1
28,28,word_embed_dec,1,1,7,1,3,7,0,0,7,0,1,8,8,1
28,28,word_embed_dec,1,2,8,0,4,8,0,1,0,0,1,8,8,1
28,28,word_embed_dec,1,2,9,1,4,9,0,1,1,0,1,8,8,1
28,28,word_embed_dec,1,2,10,0,5,10,0,1,2,0,1,8,8,1
28,28,word_embed_dec,1,2,11,1,5,11,0,1,3,0,1,8,8,1
28,28,word_embed_dec,1,3,12,0,6,12,0,1,4,0,1,8,8,1
28,28,word_embed_dec,1,3,13,1,6,13,0,1,5,0,1,8,8,1
28,28,word_embed_dec,1,3,14,0,7,14,0,1,6,0,1,8,8,1
28,28,word_embed_dec,1,3,15,1,7,15,0,1,7,0,1,8,8,1
28,28,word_embed_dec,1,7,16,2,7,16,0,2,0,0,1,8,8,1
28,28,word_embed_dec,1,7,17,3,7,17,0,2,1,0,1,8,8,1
28,28,word_embed_dec,1,7,18,2,6,18,0,2,2,0,1,8,8,1
28,28,word_embed_dec,1,7,19,3,6,19,0,2,3,0,1,8,8,1
28,28,word_embed_dec,1,6,20,2,5,20,0,2,4,0,1,8,8,1
28,28,word_embed_dec,1,6,21,3,5,21,0,2,5,0,1,8,8,1
28,28,word_embed_dec,1,6,22,2,4,22,0,2,6,0,1,8,8,1
28,28,word_embed_dec,1,6,23,3,4,23,0,2,7,0,1,8,8,1
28,28,word_embed_dec,1,5,24,2,3,24,0,3,0,0,1,8,8,1
28,28,word_embed_dec,1,5,25,3,3,25,0,3,1,0,1,8,8,1
28,28,word_embed_dec,1,5,26,2,2,26,0,3,2,0,1,8,8,1
28,28,word_embed_dec,1,5,27,3,2,27,0,3,3,0,1,8,8,1
28,28,word_embed_dec,1,4,28,2,1,28,0,3,4,0,1,8,8,1
28,28,word_embed_dec,1,4,29,3,1,29,0,3,5,0,1,8,8,1
28,28,word_embed_dec,1,4,30,2,0,30,0,3,6,0,1,8,8,1
28,28,word_embed_dec,1,4,31,3,0,31,0,3,7,0,1,8,8,1
28,28,word_embed_dec,1,8,32,4,0,32,0,4,0,0,1,8,8,1
28,28,word_embed_dec,1,8,33,5,0,33,0,4,1,0,1,8,8,1
28,28,word_embed_dec,1,8,34,4,1,34,0,4,2,0,1,8,8,1
28,28,word_embed_dec,1,8,35,5,1,35,0,4,3,0,1,8,8,1
28,28,word_embed_dec,1,9,36,4,2,36,0,4,4,0,1,8,8,1
28,28,word_embed_dec,1,9,37,5,2,37,0,4,5,0,1,8,8,1
28,28,word_embed_dec,1,9,38,4,3,38,0,4,6,0,1,8,8,1
28,28,word_embed_dec,1,9,39,5,3,39,0,4,7,0,1,8,8,1
28,28,word_embed_dec,1,10,40,4,4,40,0,5,0,0,1,8,8,1
28,28,word_embed_dec,1,10,41,5,4,41,0,5,1,0,1,8,8,1
28,28,word_embed_dec,1,10,42,4,5,42,0,5,2,0,1,8,8,1
28,28,word_embed_dec,1,10,43,5,5,43,0,5,3,0,1,8,8,1
28,28,word_embed_dec,1,11,44,4,6,44,0,5,4,0,1,8,8,1
28,28,word_embed_dec,1,11,45,5,6,45,0,5,5,0,1,8,8,1
28,28,word_embed_dec,1,11,46,4,7,46,0,5,6,0,1,8,8,1
28,28,word_embed_dec,1,11,47,5,7,47,0,5,7,0,1,8,8,1
28,28,word_embed_dec,1,15,48,6,7,48,0,6,0,0,1,8,8,1
28,28,word_embed_dec,1,15,49,7,7,49,0,6,1,0,1,8,8,1
28,28,word_embed_dec,1,15,50,6,6,50,0,6,2,0,1,8,8,1
28,28,word_embed_dec,1,15,51,7,6,51,0,6,3,0,1,8,8,1
28,28,word_embed_dec,1,14,52,6,5,52,0,6,4,0,1,8,8,1
28,28,word_embed_dec,1,14,53,7,5,53,0,6,5,0,1,8,8,1
28,28,word_embed_dec,1,14,54,6,4,54,0,6,6,0,1,8,8,1
28,28,word_embed_dec,1,14,55,7,4,55,0,6,7,0,1,8,8,1
28,28,word_embed_dec,1,13,56,6,3,56,0,7,0,0,1,8,8,1
28,28,word_embed_dec,1,13,57,7,3,57,0,7,1,0,1,8,8,1
28,28,word_embed_dec,1,13,58,6,2,58,0,7,2,0,1,8,8,1
28,28,word_embed_dec,1,13,59,7,2,59,0,7,3,0,1,8,8,1
28,28,word_embed_dec,1,12,60,6,1,60,0,7,4,0,1,8,8,1
28,28,word_embed_dec,1,12,61,7,1,61,0,7,5,0,1,8,8,1
28,28,word_embed_dec,1,12,62,6,0,62,0,7,6,0,1,8,8,1
28,28,word_embed_dec,1,12,63,7,0,63,0,7,7,0,1,8,8,1
29,29,decoder_1_Q,1,0,0,0,0,0,0,0,0,0,1,8,8,1
29,29,decoder_1_Q,1,0,1,1,0,1,0,0,1,0,1,8,8,1
29,29,decoder_1_Q,1,0,2,0,1,2,0,0,2,0,1,8,8,1
29,29,decoder_1_Q,1,0,3,1,1,3,0,0,3,0,1,8,8,1
29,29,decoder_1_Q,1,1,4,0,2,4,0,0,4,0,1,8,8,1
29,29,decoder_1_Q,1,1,5,1,2,5,0,0,5,0,1,8,8,1
29,29,decoder_1_Q,1,1,6,0,3,6,0,0,6,0,1,8,8,1
29,29,decoder_1_Q,1,1,7,1,3,7,0,0,7,0,1,8,8,1
29,29,decoder_1_Q,1,2,8,0,4,8,0,1,0,0,1,8,8,1
29,29,decoder_1_Q,1,2,9,1,4,9,0,1,1,0,1,8,8,1
29,29,decoder_1_Q,1,2,10,0,5,10,0,1,2,0,1,8,8,1
29,29,decoder_1_Q,1,2,11,1,5,11,0,1,3,0,1,8,8,1
29,29,decoder_1_Q,1,3,12,0,6,12,0,1,4,0,1,8,8,1
29,29,decoder_1_Q,1,3,13,1,6,13,0,1,5,0,1,8,8,1
29,29,decoder_1_Q,1,3,14,0,7,14,0,1,6,0,1,8,8,1
29,29,decoder_1_Q,1,3,15,1,7,15,0,1,7,0,1,8,8,1
29,29,decoder_1_Q,1,7,16,2,7,16,0,2,0,0,1,8,8,1
29,29,decoder_1_Q,1,7,17,3,7,17,0,2,1,0,1,8,8,1
29,29,decoder_1_Q,1,7,18,2,6,18,0,2,2,0,1,8,8,1
29,29,decoder_1_Q,1,7,19,3,6,19,0,2,3,0,1,8,8,1
29,29,decoder_1_Q,1,6,20,2,5,20,0,2,4,0,1,8,8,1
29,29,decoder_1_Q,1,6,21,3,5,21,0,2,5,0,1,8,8,1
29,29,decoder_1_Q,1,6,22,2,4,22,0,2,6,0,1,8,8,1
29,29,decoder_1_Q,1,6,23,3,4,23,0,2,7,0,1,8,8,1
29,29,decoder_1_Q,1,5,24,2,3,24,0,3,0,0,1,8,8,1
29,29,decoder_1_Q,1,5,25,3,3,25,0,3,1,0,1,8,8,1
29,29,decoder_1_Q,1,5,26,2,2,26,0,3,2,0,1,8,8,1
29,29,decoder_1_Q,1,5,27,3,2,27,0,3,3,0,1,8,8,1
29,29,decoder_1_Q,1,4,28,2,1,28,0,3,4,0,1,8,8,1
29,29,decoder_1_Q,1,4,29,3,1,29,0,3,5,0,1,8,8,1
29,29,decoder_1_Q,1,4,30,2,0,30,0,3,6,0,1,8,8,1
29,29,decoder_1_Q,1,4,31,3,0,31,0,3,7,0,1,8,8,1
29,29,decoder_1_Q,1,8,32,4,0,32,0,4,0,0,1,8,8,1
29,29,decoder_1_Q,1,8,33,5,0,33,0,4,1,0,1,8,8,1
29,29,decoder_1_Q,1,8,34,4,1,34,0,4,2,0,1,8,8,1
29,29,decoder_1_Q,1,8,35,5,1,35,0,4,3,0,1,8,8,1
29,29,decoder_1_Q,1,9,36,4,2,36,0,4,4,0,1,8,8,1
29,29,decoder_1_Q,1,9,37,5,2,37,0,4,5,0,1,8,8,1
29,29,decoder_1_Q,1,9,38,4,3,38,0,4,6,0,1,8,8,1
29,29,decoder_1_Q,1,9,39,5,3,39,0,4,7,0,1,8,8,1
29,29,decoder_1_Q,1,10,40,4,4,40,0,5,0,0,1,8,8,1
29,29,decoder_1_Q,1,10,41,5,4,41,0,5,1,0,1,8,8,1
29,29,decoder_1_Q,1,10,42,4,5,42,0,5,2,0,1,8,8,1
29,29,decoder_1_Q,1,10,43,5,5,43,0,5,3,0,1,8,8,1
29,29,decoder_1_Q,1,11,44,4,6,44,0,5,4,0,1,8,8,1
29,29,decoder_1_Q,1,11,45,5,6,45,0,5,5,0,1,8,8,1
29,29,decoder_1_Q,1,11,46,4,7,46,0,5,6,0,1,8,8,1
29,29,decoder_1_Q,1,11,47,5,7,47,0,5,7,0,1,8,8,1
29,29,decoder_1_Q,1,15,48,6,7,48,0,6,0,0,1,8,8,1
29,29,decoder_1_Q,1,15,49,7,7,49,0,6,1,0,1,8,8,1
29,29,decoder_1_Q,1,15,50,6,6,50,0,6,2,0,1,8,8,1
29,29,decoder_1_Q,1,15,51,7,6,51,0,6,3,0,1,8,8,1
29,29,decoder_1_Q,1,14,52,6,5,52,0,6,4,0,1,8,8,1
29,29,decoder_1_Q,1,14,53,7,5,53,0,6,5,0,1,8,8,1
29,29,decoder_1_Q,1,14,54,6,4,54,0,6,6,0,1,8,8,1
29,29,decoder_1_Q,1,14,55,7,4,55,0,6,7,0,1,8,8,1
29,29,decoder_1_Q,1,13,56,6,3,56,0,7,0,0,1,8,8,1
29,29,decoder_1_Q,1,13,57,7,3,57,0,7,1,0,1,8,8,1
29,29,decoder_1_Q,1,13,58,6,2,58,0,7,2,0,1,8,8,1
29,29,decoder_1_Q,1,13,59,7,2,59,0,7,3,0,1,8,8,1
29,29,decoder_1_Q,1,12,60,6,1,60,0,7,4,0,1,8,8,1
29,29,decoder_1_Q,1,12,61,7,1,61,0,7,5,0,1,8,8,1
29,29,decoder_1_Q,1,12,62,6,0,62,0,7,6,0,1,8,8,1
29,29,decoder_1_Q,1,12,63,7,0,63,0,7,7,0,1,8,8,1
30,30,decoder_1_K0,1,0,0,0,0,0,0,0,0,0,1,2,32,1
30,30,decoder_1_K0,1,0,1,1,0,1,0,0,1,0,1,2,32,1
30,30,decoder_1_K0,1,0,2,0,1,2,0,0,2,0,1,2,32,1
30,30,decoder_1_K0,1,0,3,1,1,3,0,0,3,0,1,2,32,1
30,30,decoder_1_K0,1,1,4,0,2,4,0,0,4,0,1,2,32,1
30,30,decoder_1_K0,1,1,5,1,2,5,0,0,5,0,1,2,32,1
30,30,decoder_1_K0,1,1,6,0,3,6,0,0,6,0,1,2,32,1
30,30,decoder_1_K0,1,1,7,1,3,7,0,0,7,0,1,2,32,1
30,30,decoder_1_K0,1,2,8,0,4,8,0,0,8,0,1,2,32,1
30,30,decoder_1_K0,1,2,9,1,4,9,0,0,9,0,1,2,32,1
30,30,decoder_1_K0,1,2,10,0,5,10,0,0,10,0,1,2,32,1
30,30,decoder_1_K0,1,2,11,1,5,11,0,0,11,0,1,2,32,1
30,30,decoder_1_K0,1,3,12,0,6,12,0,0,12,0,1,2,32,1
30,30,decoder_1_K0,1,3,13,1,6,13,0,0,13,0,1,2,32,1
30,30,decoder_1_K0,1,3,14,0,7,14,0,0,14,0,1,2,32,1
30,30,decoder_1_K0,1,3,15,1,7,15,0,0,15,0,1,2,32,1
30,30,decoder_1_K0,1,7,16,2,7,16,0,0,16,0,1,2,32,1
30,30,decoder_1_K0,1,7,17,3,7,17,0,0,17,0,1,2,32,1
30,30,decoder_1_K0,1,7,18,2,6,18,0,0,18,0,1,2,32,1
30,30,decoder_1_K0,1,7,19,3,6,19,0,0,19,0,1,2,32,1
30,30,decoder_1_K0,1,6,20,2,5,20,0,0,20,0,1,2,32,1
30,30,decoder_1_K0,1,6,21,3,5,21,0,0,21,0,1,2,32,1
30,30,decoder_1_K0,1,6,22,2,4,22,0,0,22,0,1,2,32,1
30,30,decoder_1_K0,1,6,23,3,4,23,0,0,23,0,1,2,32,1
30,30,decoder_1_K0,1,5,24,2,3,24,0,0,24,0,1,2,32,1
30,30,decoder_1_K0,1,5,25,3,3,25,0,0,25,0,1,2,32,1
30,30,decoder_1_K0,1,5,26,2,2,26,0,0,26,0,1,2,32,1
30,30,decoder_1_K0,1,5,27,3,2,27,0,0,27,0,1,2,32,1
30,30,decoder_1_K0,1,4,28,2,1,28,0,0,28,0,1,2,32,1
30,30,decoder_1_K0,1,4,29,3,1,29,0,0,29,0,1,2,32,1
30,30,decoder_1_K0,1,4,30,2,0,30,0,0,30,0,1,2,32,1
30,30,decoder_1_K0,1,4,31,3,0,31,0,0,31,0,1,2,32,1
30,30,decoder_1_K0,1,8,32,4,0,32,0,1,0,0,1,2,32,1
30,30,decoder_1_K0,1,8,33,5,0,33,0,1,1,0,1,2,32,1
30,30,decoder_1_K0,1,8,34,4,1,34,0,1,2,0,1,2,32,1
30,30,decoder_1_K0,1,8,35,5,1,35,0,1,3,0,1,2,32,1
30,30,decoder_1_K0,1,9,36,4,2,36,0,1,4,0,1,2,32,1
30,30,decoder_1_K0,1,9,37,5,2,37,0,1,5,0,1,2,32,1
30,30,decoder_1_K0,1,9,38,4,3,38,0,1,6,0,1,2,32,1
30,30,decoder_1_K0,1,9,39,5,3,39,0,1,7,0,1,2,32,1
30,30,decoder_1_K0,1,10,40,4,4,40,0,1,8,0,1,2,32,1
30,30,decoder_1_K0,1,10,41,5,4,41,0,1,9,0,1,2,32,1
30,30,decoder_1_K0,1,10,42,4,5,42,0,1,10,0,1,2,32,1
30,30,decoder_1_K0,1,10,43,5,5,43,0,1,11,0,1,2,32,1
30,30,decoder_1_K0,1,11,44,4,6,44,0,1,12,0,1,2,32,1
30,30,decoder_1_K0,1,11,45,5,6,45,0,1,13,0,1,2,32,1
30,30,decoder_1_K0,1,11,46,4,7,46,0,1,14,0,1,2,32,1
30,30,decoder_1_K0,1,11,47,5,7,47,0,1,15,0,1,2,32,1
30,30,decoder_1_K0,1,15,48,6,7,48,0,1,16,0,1,2,32,1
30,30,decoder_1_K0,1,15,49,7,7,49,0,1,17,0,1,2,32,1
30,30,decoder_1_K0,1,15,50,6,6,50,0,1,18,0,1,2,32,1
30,30,decoder_1_K0,1,15,51,7,6,51,0,1,19,0,1,2,32,1
30,30,decoder_1_K0,1,14,52,6,5,52,0,1,20,0,1,2,32,1
30,30,decoder_1_K0,1,14,53,7,5,53,0,1,21,0,1,2,32,1
30,30,decoder_1_K0,1,14,54,6,4,54,0,1,22,0,1,2,32,1
30,30,decoder_1_K0,1,14,55,7,4,55,0,1,23,0,1,2,32,1
30,30,decoder_1_K0,1,13,56,6,3,56,0,1,24,0,1,2,32,1
30,30,decoder_1_K0,1,13,57,7,3,57,0,1,25,0,1,2,32,1
30,30,decoder_1_K0,1,13,58,6,2,58,0,1,26,0,1,2,32,1
30,30,decoder_1_K0,1,13,59,7,2,59,0,1,27,0,1,2,32,1
30,30,decoder_1_K0,1,12,60,6,1,60,0,1,28,0,1,2,32,1
30,30,decoder_1_K0,1,12,61,7,1,61,0,1,29,0,1,2,32,1
30,30,decoder_1_K0,1,12,62,6,0,62,0,1,30,0,1,2,32,1
30,30,decoder_1_K0,1,12,63,7,0,63,0,1,31,0,1,2,32,1
31,31,decoder_1_Kt0,1,0,0,0,0,0,0,0,0,0,1,8,8,1
31,31,decoder_1_Kt0,1,0,1,1,0,1,0,0,1,0,1,8,8,1
31,31,decoder_1_Kt0,1,0,2,0,1,2,0,0,2,0,1,8,8,1
31,31,decoder_1_Kt0,1,0,3,1,1,3,0,0,3,0,1,8,8,1
31,31,decoder_1_Kt0,1,1,4,0,2,4,0,0,4,0,1,8,8,1
31,31,decoder_1_Kt0,1,1,5,1,2,5,0,0,5,0,1,8,8,1
31,31,decoder_1_Kt0,1,1,6,0,3,6,0,0,6,0,1,8,8,1
31,31,decoder_1_Kt0,1,1,7,1,3,7,0,0,7,0,1,8,8,1
31,31,decoder_1_Kt0,1,2,8,0,4,8,0,1,0,0,1,8,8,1
31,31,decoder_1_Kt0,1,2,9,1,4,9,0,1,1,0,1,8,8,1
31,31,decoder_1_Kt0,1,2,10,0,5,10,0,1,2,0,1,8,8,1
31,31,decoder_1_Kt0,1,2,11,1,5,11,0,1,3,0,1,8,8,1
31,31,decoder_1_Kt0,1,3,12,0,6,12,0,1,4,0,1,8,8,1
31,31,decoder_1_Kt0,1,3,13,1,6,13,0,1,5,0,1,8,8,1
31,31,decoder_1_Kt0,1,3,14,0,7,14,0,1,6,0,1,8,8,1
31,31,decoder_1_Kt0,1,3,15,1,7,15,0,1,7,0,1,8,8,1
31,31,decoder_1_Kt0,1,7,16,2,7,16,0,2,0,0,1,8,8,1
31,31,decoder_1_Kt0,1,7,17,3,7,17,0,2,1,0,1,8,8,1
31,31,decoder_1_Kt0,1,7,18,2,6,18,0,2,2,0,1,8,8,1
31,31,decoder_1_Kt0,1,7,19,3,6,19,0,2,3,0,1,8,8,1
31,31,decoder_1_Kt0,1,6,20,2,5,20,0,2,4,0,1,8,8,1
31,31,decoder_1_Kt0,1,6,21,3,5,21,0,2,5,0,1,8,8,1
31,31,decoder_1_Kt0,1,6,22,2,4,22,0,2,6,0,1,8,8,1
31,31,decoder_1_Kt0,1,6,23,3,4,23,0,2,7,0,1,8,8,1
31,31,decoder_1_Kt0,1,5,24,2,3,24,0,3,0,0,1,8,8,1
31,31,decoder_1_Kt0,1,5,25,3,3,25,0,3,1,0,1,8,8,1
31,31,decoder_1_Kt0,1,5,26,2,2,26,0,3,2,0,1,8,8,1
31,31,decoder_1_Kt0,1,5,27,3,2,27,0,3,3,0,1,8,8,1
31,31,decoder_1_Kt0,1,4,28,2,1,28,0,3,4,0,1,8,8,1
31,31,decoder_1_Kt0,1,4,29,3,1,29,0,3,5,0,1,8,8,1
31,31,decoder_1_Kt0,1,4,30,2,0,30,0,3,6,0,1,8,8,1
31,31,decoder_1_Kt0,1,4,31,3,0,31,0,3,7,0,1,8,8,1
31,31,decoder_1_Kt0,1,8,32,4,0,32,0,4,0,0,1,8,8,1
31,31,decoder_1_Kt0,1,8,33,5,0,33,0,4,1,0,1,8,8,1
31,31,decoder_1_Kt0,1,8,34,4,1,34,0,4,2,0,1,8,8,1
31,31,decoder_1_Kt0,1,8,35,5,1,35,0,4,3,0,1,8,8,1
31,31,decoder_1_Kt0,1,9,36,4,2,36,0,4,4,0,1,8,8,1
31,31,decoder_1_Kt0,1,9,37,5,2,37,0,4,5,0,1,8,8,1
31,31,decoder_1_Kt0,1,9,38,4,3,38,0,4,6,0,1,8,8,1
31,31,decoder_1_Kt0,1,9,39,5,3,39,0,4,7,0,1,8,8,1
31,31,decoder_1_Kt0,1,10,40,4,4,40,0,5,0,0,1,8,8,1
31,31,decoder_1_Kt0,1,10,41,5,4,41,0,5,1,0,1,8,8,1
31,31,decoder_1_Kt0,1,10,42,4,5,42,0,5,2,0,1,8,8,1
31,31,decoder_1_Kt0,1,10,43,5,5,43,0,5,3,0,1,8,8,1
31,31,decoder_1_Kt0,1,11,44,4,6,44,0,5,4,0,1,8,8,1
31,31,decoder_1_Kt0,1,11,45,5,6,45,0,5,5,0,1,8,8,1
31,31,decoder_1_Kt0,1,11,46,4,7,46,0,5,6,0,1,8,8,1
31,31,decoder_1_Kt0,1,11,47,5,7,47,0,5,7,0,1,8,8,1
31,31,decoder_1_Kt0,1,15,48,6,7,48,0,6,0,0,1,8,8,1
31,31,decoder_1_Kt0,1,15,49,7,7,49,0,6,1,0,1,8,8,1
31,31,decoder_1_Kt0,1,15,50,6,6,50,0,6,2,0,1,8,8,1
31,31,decoder_1_Kt0,1,15,51,7,6,51,0,6,3,0,1,8,8,1
31,31,decoder_1_Kt0,1,14,52,6,5,52,0,6,4,0,1,8,8,1
31,31,decoder_1_Kt0,1,14,53,7,5,53,0,6,5,0,1,8,8,1
31,31,decoder_1_Kt0,1,14,54,6,4,54,0,6,6,0,1,8,8,1
31,31,decoder_1_Kt0,1,14,55,7,4,55,0,6,7,0,1,8,8,1
31,31,decoder_1_Kt0,1,13,56,6,3,56,0,7,0,0,1,8,8,1
31,31,decoder_1_Kt0,1,13,57,7,3,57,0,7,1,0,1,8,8,1
31,31,decoder_1_Kt0,1,13,58,6,2,58,0,7,2,0,1,8,8,1
31,31,decoder_1_Kt0,1,13,59,7,2,59,0,7,3,0,1,8,8,1
31,31,decoder_1_Kt0,1,12,60,6,1,60,0,7,4,0,1,8,8,1
31,31,decoder_1_Kt0,1,12,61,7,1,61,0,7,5,0,1,8,8,1
31,31,decoder_1_Kt0,1,12,62,6,0,62,0,7,6,0,1,8,8,1
31,31,decoder_1_Kt0,1,12,63,7,0,63,0,7,7,0,1,8,8,1
32,32,decoder_1_K1,1,0,0,0,0,0,0,0,0,0,1,2,32,1
32,32,decoder_1_K1,1,0,1,1,0,1,0,0,1,0,1,2,32,1
32,32,decoder_1_K1,1,0,2,0,1,2,0,0,2,0,1,2,32,1
32,32,decoder_1_K1,1,0,3,1,1,3,0,0,3,0,1,2,32,1
32,32,decoder_1_K1,1,1,4,0,2,4,0,0,4,0,1,2,32,1
32,32,decoder_1_K1,1,1,5,1,2,5,0,0,5,0,1,2,32,1
32,32,decoder_1_K1,1,1,6,0,3,6,0,0,6,0,1,2,32,1
32,32,decoder_1_K1,1,1,7,1,3,7,0,0,7,0,1,2,32,1
32,32,decoder_1_K1,1,2,8,0,4,8,0,0,8,0,1,2,32,1
32,32,decoder_1_K1,1,2,9,1,4,9,0,0,9,0,1,2,32,1
32,32,decoder_1_K1,1,2,10,0,5,10,0,0,10,0,1,2,32,1
32,32,decoder_1_K1,1,2,11,1,5,11,0,0,11,0,1,2,32,1
32,32,decoder_1_K1,1,3,12,0,6,12,0,0,12,0,1,2,32,1
32,32,decoder_1_K1,1,3,13,1,6,13,0,0,13,0,1,2,32,1
32,32,decoder_1_K1,1,3,14,0,7,14,0,0,14,0,1,2,32,1
32,32,decoder_1_K1,1,3,15,1,7,15,0,0,15,0,1,2,32,1
32,32,decoder_1_K1,1,7,16,2,7,16,0,0,16,0,1,2,32,1
32,32,decoder_1_K1,1,7,17,3,7,17,0,0,17,0,1,2,32,1
32,32,decoder_1_K1,1,7,18,2,6,18,0,0,18,0,1,2,32,1
32,32,decoder_1_K1,1,7,19,3,6,19,0,0,19,0,1,2,32,1
32,32,decoder_1_K1,1,6,20,2,5,20,0,0,20,0,1,2,32,1
32,32,decoder_1_K1,1,6,21,3,5,21,0,0,21,0,1,2,32,1
32,32,decoder_1_K1,1,6,22,2,4,22,0,0,22,0,1,2,32,1
32,32,decoder_1_K1,1,6,23,3,4,23,0,0,23,0,1,2,32,1
32,32,decoder_1_K1,1,5,24,2,3,24,0,0,24,0,1,2,32,1
32,32,decoder_1_K1,1,5,25,3,3,25,0,0,25,0,1,2,32,1
32,32,decoder_1_K1,1,5,26,2,2,26,0,0,26,0,1,2,32,1
32,32,decoder_1_K1,1,5,27,3,2,27,0,0,27,0,1,2,32,1
32,32,decoder_1_K1,1,4,28,2,1,28,0,0,28,0,1,2,32,1
32,32,decoder_1_K1,1,4,29,3,1,29,0,0,29,0,1,2,32,1
32,32,decoder_1_K1,1,4,30,2,0,30,0,0,30,0,1,2,32,1
32,32,decoder_1_K1,1,4,31,3,0,31,0,0,31,0,1,2,32,1
32,32,decoder_1_K1,1,8,32,4,0,32,0,1,0,0,1,2,32,1
32,32,decoder_1_K1,1,8,33,5,0,33,0,1,1,0,1,2,32,1
32,32,decoder_1_K1,1,8,34,4,1,34,0,1,2,0,1,2,32,1
32,32,decoder_1_K1,1,8,35,5,1,35,0,1,3,0,1,2,32,1
32,32,decoder_1_K1,1,9,36,4,2,36,0,1,4,0,1,2,32,1
32,32,decoder_1_K1,1,9,37,5,2,37,0,1,5,0,1,2,32,1
32,32,decoder_1_K1,1,9,38,4,3,38,0,1,6,0,1,2,32,1
32,32,decoder_1_K1,1,9,39,5,3,39,0,1,7,0,1,2,32,1
32,32,decoder_1_K1,1,10,40,4,4,40,0,1,8,0,1,2,32,1
32,32,decoder_1_K1,1,10,41,5,4,41,0,1,9,0,1,2,32,1
32,32,decoder_1_K1,1,10,42,4,5,42,0,1,10,0,1,2,32,1
32,32,decoder_1_K1,1,10,43,5,5,43,0,1,11,0,1,2,32,1
32,32,decoder_1_K1,1,11,44,4,6,44,0,1,12,0,1,2,32,1
32,32,decoder_1_K1,1,11,45,5,6,45,0,1,13,0,1,2,32,1
32,32,decoder_1_K1,1,11,46,4,7,46,0,1,14,0,1,2,32,1
32,32,decoder_1_K1,1,11,47,5,7,47,0,1,15,0,1,2,32,1
32,32,decoder_1_K1,1,15,48,6,7,48,0,1,16,0,1,2,32,1
32,32,decoder_1_K1,1,15,49,7,7,49,0,1,17,0,1,2,32,1
32,32,decoder_1_K1,1,15,50,6,6,50,0,1,18,0,1,2,32,1
32,32,decoder_1_K1,1,15,51,7,6,51,0,1,19,0,1,2,32,1
32,32,decoder_1_K1,1,14,52,6,5,52,0,1,20,0,1,2,32,1
32,32,decoder_1_K1,1,14,53,7,5,53,0,1,21,0,1,2,32,1
32,32,decoder_1_K1,1,14,54,6,4,54,0,1,22,0,1,2,32,1
32,32,decoder_1_K1,1,14,55,7,4,55,0,1,23,0,1,2,32,1
32,32,decoder_1_K1,1,13,56,6,3,56,0,1,24,0,1,2,32,1
32,32,decoder_1_K1,1,13,57,7,3,57,0,1,25,0,1,2,32,1
32,32,decoder_1_K1,1,13,58,6,2,58,0,1,26,0,1,2,32,1
32,32,decoder_1_K1,1,13,59,7,2,59,0,1,27,0,1,2,32,1
32,32,decoder_1_K1,1,12,60,6,1,60,0,1,28,0,1,2,32,1
32,32,decoder_1_K1,1,12,61,7,1,61,0,1,29,0,1,2,32,1
32,32,decoder_1_K1,1,12,62,6,0,62,0,1,30,0,1,2,32,1
32,32,decoder_1_K1,1,12,63,7,0,63,0,1,31,0,1,2,32,1
33,33,decoder_1_Kt1,1,0,0,0,0,0,0,0,0,0,1,8,8,1
33,33,decoder_1_Kt1,1,0,1,1,0,1,0,0,1,0,1,8,8,1
33,33,decoder_1_Kt1,1,0,2,0,1,2,0,0,2,0,1,8,8,1
33,33,decoder_1_Kt1,1,0,3,1,1,3,0,0,3,0,1,8,8,1
33,33,decoder_1_Kt1,1,1,4,0,2,4,0,0,4,0,1,8,8,1
33,33,decoder_1_Kt1,1,1,5,1,2,5,0,0,5,0,1,8,8,1
33,33,decoder_1_Kt1,1,1,6,0,3,6,0,0,6,0,1,8,8,1
33,33,decoder_1_Kt1,1,1,7,1,3,7,0,0,7,0,1,8,8,1
33,33,decoder_1_Kt1,1,2,8,0,4,8,0,1,0,0,1,8,8,1
33,33,decoder_1_Kt1,1,2,9,1,4,9,0,1,1,0,1,8,8,1
33,33,decoder_1_Kt1,1,2,10,0,5,10,0,1,2,0,1,8,8,1
33,33,decoder_1_Kt1,1,2,11,1,5,11,0,1,3,0,1,8,8,1
33,33,decoder_1_Kt1,1,3,12,0,6,12,0,1,4,0,1,8,8,1
33,33,decoder_1_Kt1,1,3,13,1,6,13,0,1,5,0,1,8,8,1
33,33,decoder_1_Kt1,1,3,14,0,7,14,0,1,6,0,1,8,8,1
33,33,decoder_1_Kt1,1,3,15,1,7,15,0,1,7,0,1,8,8,1
33,33,decoder_1_Kt1,1,7,16,2,7,16,0,2,0,0,1,8,8,1
33,33,decoder_1_Kt1,1,7,17,3,7,17,0,2,1,0,1,8,8,1
33,33,decoder_1_Kt1,1,7,18,2,6,18,0,2,2,0,1,8,8,1
33,33,decoder_1_Kt1,1,7,19,3,6,19,0,2,3,0,1,8,8,1
33,33,decoder_1_Kt1,1,6,20,2,5,20,0,2,4,0,1,8,8,1
33,33,decoder_1_Kt1,1,6,21,3,5,21,0,2,5,0,1,8,8,1
33,33,decoder_1_Kt1,1,6,22,2,4,22,0,2,6,0,1,8,8,1
33,33,decoder_1_Kt1,1,6,23,3,4,23,0,2,7,0,1,8,8,1
33,33,decoder_1_Kt1,1,5,24,2,3,24,0,3,0,0,1,8,8,1
33,33,decoder_1_Kt1,1,5,25,3,3,25,0,3,1,0,1,8,8,1
33,33,decoder_1_Kt1,1,5,26,2,2,26,0,3,2,0,1,8,8,1
33,33,decoder_1_Kt1,1,5,27,3,2,27,0,3,3,0,1,8,8,1
33,33,decoder_1_Kt1,1,4,28,2,1,28,0,3,4,0,1,8,8,1
33,33,decoder_1_Kt1,1,4,29,3,1,29,0,3,5,0,1,8,8,1
33,33,decoder_1_Kt1,1,4,30,2,0,30,0,3,6,0,1,8,8,1
33,33,decoder_1_Kt1,1,4,31,3,0,31,0,3,7,0,1,8,8,1
33,33,decoder_1_Kt1,1,8,32,4,0,32,0,4,0,0,1,8,8,1
33,33,decoder_1_Kt1,1,8,33,5,0,33,0,4,1,0,1,8,8,1
33,33,decoder_1_Kt1,1,8,34,4,1,34,0,4,2,0,1,8,8,1
33,33,decoder_1_Kt1,1,8,35,5,1,35,0,4,3,0,1,8,8,1
33,33,decoder_1_Kt1,1,9,36,4,2,36,0,4,4,0,1,8,8,1
33,33,decoder_1_Kt1,1,9,37,5,2,37,0,4,5,0,1,8,8,1
33,33,decoder_1_Kt1,1,9,38,4,3,38,0,4,6,0,1,8,8,1
33,33,decoder_1_Kt1,1,9,39,5,3,39,0,4,7,0,1,8,8,1
33,33,decoder_1_Kt1,1,10,40,4,4,40,0,5,0,0,1,8,8,1
33,33,decoder_1_Kt1,1,10,41,5,4,41,0,5,1,0,1,8,8,1
33,33,decoder_1_Kt1,1,10,42,4,5,42,0,5,2,0,1,8,8,1
33,33,decoder_1_Kt1,1,10,43,5,5,43,0,5,3,0,1,8,8,1
33,33,decoder_1_Kt1,1,11,44,4,6,44,0,5,4,0,1,8,8,1
33,33,decoder_1_Kt1,1,11,45,5,6,45,0,5,5,0,1,8,8,1
33,33,decoder_1_Kt1,1,11,46,4,7,46,0,5,6,0,1,8,8,1
33,33,decoder_1_Kt1,1,11,47,5,7,47,0,5,7,0,1,8,8,1
33,33,decoder_1_Kt1,1,15,48,6,7,48,0,6,0,0,1,8,8,1
33,33,decoder_1_Kt1,1,15,49,7,7,49,0,6,1,0,1,8,8,1
33,33,decoder_1_Kt1,1,15,50,6,6,50,0,6,2,0,1,8,8,1
33,33,decoder_1_Kt1,1,15,51,7,6,51,0,6,3,0,1,8,8,1
33,33,decoder_1_Kt1,1,14,52,6,5,52,0,6,4,0,1,8,8,1
33,33,decoder_1_Kt1,1,14,53,7,5,53,0,6,5,0,1,8,8,1
33,33,decoder_1_Kt1,1,14,54,6,4,54,0,6,6,0,1,8,8,1
33,33,decoder_1_Kt1,1,14,55,7,4,55,0,6,7,0,1,8,8,1
33,33,decoder_1_Kt1,1,13,56,6,3,56,0,7,0,0,1,8,8,1
33,33,decoder_1_Kt1,1,13,57,7,3,57,0,7,1,0,1,8,8,1
33,33,decoder_1_Kt1,1,13,58,6,2,58,0,7,2,0,1,8,8,1
33,33,decoder_1_Kt1,1,13,59,7,2,59,0,7,3,0,1,8,8,1
33,33,decoder_1_Kt1,1,12,60,6,1,60,0,7,4,0,1,8,8,1
33,33,decoder_1_Kt1,1,12,61,7,1,61,0,7,5,0,1,8,8,1
33,33,decoder_1_Kt1,1,12,62,6,0,62,0,7,6,0,1,8,8,1
33,33,decoder_1_Kt1,1,12,63,7,0,63,0,7,7,0,1,8,8,1
34,34,decoder_1_K2,1,0,0,0,0,0,0,0,0,0,1,2,32,1
34,34,decoder_1_K2,1,0,1,1,0,1,0,0,1,0,1,2,32,1
34,34,decoder_1_K2,1,0,2,0,1,2,0,0,2,0,1,2,32,1
34,34,decoder_1_K2,1,0,3,1,1,3,0,0,3,0,1,2,32,1
34,34,decoder_1_K2,1,1,4,0,2,4,0,0,4,0,1,2,32,1
34,34,decoder_1_K2,1,1,5,1,2,5,0,0,5,0,1,2,32,1
34,34,decoder_1_K2,1,1,6,0,3,6,0,0,6,0,1,2,32,1
34,34,decoder_1_K2,1,1,7,1,3,7,0,0,7,0,1,2,32,1
34,34,decoder_1_K2,1,2,8,0,4,8,0,0,8,0,1,2,32,1
34,34,decoder_1_K2,1,2,9,1,4,9,0,0,9,0,1,2,32,1
34,34,decoder_1_K2,1,2,10,0,5,10,0,0,10,0,1,2,32,1
34,34,decoder_1_K2,1,2,11,1,5,11,0,0,11,0,1,2,32,1
34,34,decoder_1_K2,1,3,12,0,6,12,0,0,12,0,1,2,32,1
34,34,decoder_1_K2,1,3,13,1,6,13,0,0,13,0,1,2,32,1
34,34,decoder_1_K2,1,3,14,0,7,14,0,0,14,0,1,2,32,1
34,34,decoder_1_K2,1,3,15,1,7,15,0,0,15,0,1,2,32,1
34,34,decoder_1_K2,1,7,16,2,7,16,0,0,16,0,1,2,32,1
34,34,decoder_1_K2,1,7,17,3,7,17,0,0,17,0,1,2,32,1
34,34,decoder_1_K2,1,7,18,2,6,18,0,0,18,0,1,2,32,1
34,34,decoder_1_K2,1,7,19,3,6,19,0,0,19,0,1,2,32,1
34,34,decoder_1_K2,1,6,20,2,5,20,0,0,20,0,1,2,32,1
34,34,decoder_1_K2,1,6,21,3,5,21,0,0,21,0,1,2,32,1
34,34,decoder_1_K2,1,6,22,2,4,22,0,0,22,0,1,2,32,1
34,34,decoder_1_K2,1,6,23,3,4,23,0,0,23,0,1,2,32,1
34,34,decoder_1_K2,1,5,24,2,3,24,0,0,24,0,1,2,32,1
34,34,decoder_1_K2,1,5,25,3,3,25,0,0,25,0,1,2,32,1
34,34,decoder_1_K2,1,5,26,2,2,26,0,0,26,0,1,2,32,1
34,34,decoder_1_K2,1,5,27,3,2,27,0,0,27,0,1,2,32,1
34,34,decoder_1_K2,1,4,28,2,1,28,0,0,28,0,1,2,32,1
34,34,decoder_1_K2,1,4,29,3,1,29,0,0,29,0,1,2,32,1
34,34,decoder_1_K2,1,4,30,2,0,30,0,0,30,0,1,2,32,1
34,34,decoder_1_K2,1,4,31,3,0,31,0,0,31,0,1,2,32,1
34,34,decoder_1_K2,1,8,32,4,0,32,0,1,0,0,1,2,32,1
34,34,decoder_1_K2,1,8,33,5,0,33,0,1,1,0,1,2,32,1
34,34,decoder_1_K2,1,8,34,4,1,34,0,1,2,0,1,2,32,1
34,34,decoder_1_K2,1,8,35,5,1,35,0,1,3,0,1,2,32,1
34,34,decoder_1_K2,1,9,36,4,2,36,0,1,4,0,1,2,32,1
34,34,decoder_1_K2,1,9,37,5,2,37,0,1,5,0,1,2,32,1
34,34,decoder_1_K2,1,9,38,4,3,38,0,1,6,0,1,2,32,1
34,34,decoder_1_K2,1,9,39,5,3,39,0,1,7,0,1,2,32,1
34,34,decoder_1_K2,1,10,40,4,4,40,0,1,8,0,1,2,32,1
34,34,decoder_1_K2,1,10,41,5,4,41,0,1,9,0,1,2,32,1
34,34,decoder_1_K2,1,10,42,4,5,42,0,1,10,0,1,2,32,1
34,34,decoder_1_K2,1,10,43,5,5,43,0,1,11,0,1,2,32,1
34,34,decoder_1_K2,1,11,44,4,6,44,0,1,12,0,1,2,32,1
34,34,decoder_1_K2,1,11,45,5,6,45,0,1,13,0,1,2,32,1
34,34,decoder_1_K2,1,11,46,4,7,46,0,1,14,0,1,2,32,1
34,34,decoder_1_K2,1,11,47,5,7,47,0,1,15,0,1,2,32,1
34,34,decoder_1_K2,1,15,48,6,7,48,0,1,16,0,1,2,32,1
34,34,decoder_1_K2,1,15,49,7,7,49,0,1,17,0,1,2,32,1
34,34,decoder_1_K2,1,15,50,6,6,50,0,1,18,0,1,2,32,1
34,34,decoder_1_K2,1,15,51,7,6,51,0,1,19,0,1,2,32,1
34,34,decoder_1_K2,1,14,52,6,5,52,0,1,20,0,1,2,32,1
34,34,decoder_1_K2,1,14,53,7,5,53,0,1,21,0,1,2,32,1
34,34,decoder_1_K2,1,14,54,6,4,54,0,1,22,0,1,2,32,1
34,34,decoder_1_K2,1,14,55,7,4,55,0,1,23,0,1,2,32,1
34,34,decoder_1_K2,1,13,56,6,3,56,0,1,24,0,1,2,32,1
34,34,decoder_1_K2,1,13,57,7,3,57,0,1,25,0,1,2,32,1
34,34,decoder_1_K2,1,13,58,6,2,58,0,1,26,0,1,2,32,1
34,34,decoder_1_K2,1,13,59,7,2,59,0,1,27,0,1,2,32,1
34,34,decoder_1_K2,1,12,60,6,1,60,0,1,28,0,1,2,32,1
34,34,decoder_1_K2,1,12,61,7,1,61,0,1,29,0,1,2,32,1
34,34,decoder_1_K2,1,12,62,6,0,62,0,1,30,0,1,2,32,1
34,34,decoder_1_K2,1,12,63,7,0,63,0,1,31,0,1,2,32,1
35,35,decoder_1_Kt2,1,0,0,0,0,0,0,0,0,0,1,8,8,1
35,35,decoder_1_Kt2,1,0,1,1,0,1,0,0,1,0,1,8,8,1
35,35,decoder_1_Kt2,1,0,2,0,1,2,0,0,2,0,1,8,8,1
35,35,decoder_1_Kt2,1,0,3,1,1,3,0,0,3,0,1,8,8,1
35,35,decoder_1_Kt2,1,1,4,0,2,4,0,0,4,0,1,8,8,1
35,35,decoder_1_Kt2,1,1,5,1,2,5,0,0,5,0,1,8,8,1
35,35,decoder_1_Kt2,1,1,6,0,3,6,0,0,6,0,1,8,8,1
35,35,decoder_1_Kt2,1,1,7,1,3,7,0,0,7,0,1,8,8,1
35,35,decoder_1_Kt2,1,2,8,0,4,8,0,1,0,0,1,8,8,1
35,35,decoder_1_Kt2,1,2,9,1,4,9,0,1,1,0,1,8,8,1
35,35,decoder_1_Kt2,1,2,10,0,5,10,0,1,2,0,1,8,8,1
35,35,decoder_1_Kt2,1,2,11,1,5,11,0,1,3,0,1,8,8,1
35,35,decoder_1_Kt2,1,3,12,0,6,12,0,1,4,0,1,8,8,1
35,35,decoder_1_Kt2,1,3,13,1,6,13,0,1,5,0,1,8,8,1
35,35,decoder_1_Kt2,1,3,14,0,7,14,0,1,6,0,1,8,8,1
35,35,decoder_1_Kt2,1,3,15,1,7,15,0,1,7,0,1,8,8,1
35,35,decoder_1_Kt2,1,7,16,2,7,16,0,2,0,0,1,8,8,1
35,35,decoder_1_Kt2,1,7,17,3,7,17,0,2,1,0,1,8,8,1
35,35,decoder_1_Kt2,1,7,18,2,6,18,0,2,2,0,1,8,8,1
35,35,decoder_1_Kt2,1,7,19,3,6,19,0,2,3,0,1,8,8,1
35,35,decoder_1_Kt2,1,6,20,2,5,20,0,2,4,0,1,8,8,1
35,35,decoder_1_Kt2,1,6,21,3,5,21,0,2,5,0,1,8,8,1
35,35,decoder_1_Kt2,1,6,22,2,4,22,0,2,6,0,1,8,8,1
35,35,decoder_1_Kt2,1,6,23,3,4,23,0,2,7,0,1,8,8,1
35,35,decoder_1_Kt2,1,5,24,2,3,24,0,3,0,0,1,8,8,1
35,35,decoder_1_Kt2,1,5,25,3,3,25,0,3,1,0,1,8,8,1
35,35,decoder_1_Kt2,1,5,26,2,2,26,0,3,2,0,1,8,8,1
35,35,decoder_1_Kt2,1,5,27,3,2,27,0,3,3,0,1,8,8,1
35,35,decoder_1_Kt2,1,4,28,2,1,28,0,3,4,0,1,8,8,1
35,35,decoder_1_Kt2,1,4,29,3,1,29,0,3,5,0,1,8,8,1
35,35,decoder_1_Kt2,1,4,30,2,0,30,0,3,6,0,1,8,8,1
35,35,decoder_1_Kt2,1,4,31,3,0,31,0,3,7,0,1,8,8,1
35,35,decoder_1_Kt2,1,8,32,4,0,32,0,4,0,0,1,8,8,1
35,35,decoder_1_Kt2,1,8,33,5,0,33,0,4,1,0,1,8,8,1
35,35,decoder_1_Kt2,1,8,34,4,1,34,0,4,2,0,1,8,8,1
35,35,decoder_1_Kt2,1,8,35,5,1,35,0,4,3,0,1,8,8,1
35,35,decoder_1_Kt2,1,9,36,4,2,36,0,4,4,0,1,8,8,1
35,35,decoder_1_Kt2,1,9,37,5,2,37,0,4,5,0,1,8,8,1
35,35,decoder_1_Kt2,1,9,38,4,3,38,0,4,6,0,1,8,8,1
35,35,decoder_1_Kt2,1,9,39,5,3,39,0,4,7,0,1,8,8,1
35,35,decoder_1_Kt2,1,10,40,4,4,40,0,5,0,0,1,8,8,1
35,35,decoder_1_Kt2,1,10,41,5,4,41,0,5,1,0,1,8,8,1
35,35,decoder_1_Kt2,1,10,42,4,5,42,0,5,2,0,1,8,8,1
35,35,decoder_1_Kt2,1,10,43,5,5,43,0,5,3,0,1,8,8,1
35,35,decoder_1_Kt2,1,11,44,4,6,44,0,5,4,0,1,8,8,1
35,35,decoder_1_Kt2,1,11,45,5,6,45,0,5,5,0,1,8,8,1
35,35,decoder_1_Kt2,1,11,46,4,7,46,0,5,6,0,1,8,8,1
35,35,decoder_1_Kt2,1,11,47,5,7,47,0,5,7,0,1,8,8,1
35,35,decoder_1_Kt2,1,15,48,6,7,48,0,6,0,0,1,8,8,1
35,35,decoder_1_Kt2,1,15,49,7,7,49,0,6,1,0,1,8,8,1
35,35,decoder_1_Kt2,1,15,50,6,6,50,0,6,2,0,1,8,8,1
35,35,decoder_1_Kt2,1,15,51,7,6,51,0,6,3,0,1,8,8,1
35,35,decoder_1_Kt2,1,14,52,6,5,52,0,6,4,0,1,8,8,1
35,35,decoder_1_Kt2,1,14,53,7,5,53,0,6,5,0,1,8,8,1
35,35,decoder_1_Kt2,1,14,54,6,4,54,0,6,6,0,1,8,8,1
35,35,decoder_1_Kt2,1,14,55,7,4,55,0,6,7,0,1,8,8,1
35,35,decoder_1_Kt2,1,13,56,6,3,56,0,7,0,0,1,8,8,1
35,35,decoder_1_Kt2,1,13,57,7,3,57,0,7,1,0,1,8,8,1
35,35,decoder_1_Kt2,1,13,58,6,2,58,0,7,2,0,1,8,8,1
35,35,decoder_1_Kt2,1,13,59,7,2,59,0,7,3,0,1,8,8,1
35,35,decoder_1_Kt2,1,12,60,6,1,60,0,7,4,0,1,8,8,1
35,35,decoder_1_Kt2,1,12,61,7,1,61,0,7,5,0,1,8,8,1
35,35,decoder_1_Kt2,1,12,62,6,0,62,0,7,6,0,1,8,8,1
35,35,decoder_1_Kt2,1,12,63,7,0,63,0,7,7,0,1,8,8,1
36,36,decoder_1_K3,1,0,0,0,0,0,0,0,0,0,1,2,32,1
36,36,decoder_1_K3,1,0,1,1,0,1,0,0,1,0,1,2,32,1
36,36,decoder_1_K3,1,0,2,0,1,2,0,0,2,0,1,2,32,1
36,36,decoder_1_K3,1,0,3,1,1,3,0,0,3,0,1,2,32,1
36,36,decoder_1_K3,1,1,4,0,2,4,0,0,4,0,1,2,32,1
36,36,decoder_1_K3,1,1,5,1,2,5,0,0,5,0,1,2,32,1
36,36,decoder_1_K3,1,1,6,0,3,6,0,0,6,0,1,2,32,1
36,36,decoder_1_K3,1,1,7,1,3,7,0,0,7,0,1,2,32,1
36,36,decoder_1_K3,1,2,8,0,4,8,0,0,8,0,1,2,32,1
36,36,decoder_1_K3,1,2,9,1,4,9,0,0,9,0,1,2,32,1
36,36,decoder_1_K3,1,2,10,0,5,10,0,0,10,0,1,2,32,1
36,36,decoder_1_K3,1,2,11,1,5,11,0,0,11,0,1,2,32,1
36,36,decoder_1_K3,1,3,12,0,6,12,0,0,12,0,1,2,32,1
36,36,decoder_1_K3,1,3,13,1,6,13,0,0,13,0,1,2,32,1
36,36,decoder_1_K3,1,3,14,0,7,14,0,0,14,0,1,2,32,1
36,36,decoder_1_K3,1,3,15,1,7,15,0,0,15,0,1,2,32,1
36,36,decoder_1_K3,1,7,16,2,7,16,0,0,16,0,1,2,32,1
36,36,decoder_1_K3,1,7,17,3,7,17,0,0,17,0,1,2,32,1
36,36,decoder_1_K3,1,7,18,2,6,18,0,0,18,0,1,2,32,1
36,36,decoder_1_K3,1,7,19,3,6,19,0,0,19,0,1,2,32,1
36,36,decoder_1_K3,1,6,20,2,5,20,0,0,20,0,1,2,32,1
36,36,decoder_1_K3,1,6,21,3,5,21,0,0,21,0,1,2,32,1
36,36,decoder_1_K3,1,6,22,2,4,22,0,0,22,0,1,2,32,1
36,36,decoder_1_K3,1,6,23,3,4,23,0,0,23,0,1,2,32,1
36,36,decoder_1_K3,1,5,24,2,3,24,0,0,24,0,1,2,32,1
36,36,decoder_1_K3,1,5,25,3,3,25,0,0,25,0,1,2,32,1
36,36,decoder_1_K3,1,5,26,2,2,26,0,0,26,0,1,2,32,1
36,36,decoder_1_K3,1,5,27,3,2,27,0,0,27,0,1,2,32,1
36,36,decoder_1_K3,1,4,28,2,1,28,0,0,28,0,1,2,32,1
36,36,decoder_1_K3,1,4,29,3,1,29,0,0,29,0,1,2,32,1
36,36,decoder_1_K3,1,4,30,2,0,30,0,0,30,0,1,2,32,1
36,36,decoder_1_K3,1,4,31,3,0,31,0,0,31,0,1,2,32,1
36,36,decoder_1_K3,1,8,32,4,0,32,0,1,0,0,1,2,32,1
36,36,decoder_1_K3,1,8,33,5,0,33,0,1,1,0,1,2,32,1
36,36,decoder_1_K3,1,8,34,4,1,34,0,1,2,0,1,2,32,1
36,36,decoder_1_K3,1,8,35,5,1,35,0,1,3,0,1,2,32,1
36,36,decoder_1_K3,1,9,36,4,2,36,0,1,4,0,1,2,32,1
36,36,decoder_1_K3,1,9,37,5,2,37,0,1,5,0,1,2,32,1
36,36,decoder_1_K3,1,9,38,4,3,38,0,1,6,0,1,2,32,1
36,36,decoder_1_K3,1,9,39,5,3,39,0,1,7,0,1,2,32,1
36,36,decoder_1_K3,1,10,40,4,4,40,0,1,8,0,1,2,32,1
36,36,decoder_1_K3,1,10,41,5,4,41,0,1,9,0,1,2,32,1
36,36,decoder_1_K3,1,10,42,4,5,42,0,1,10,0,1,2,32,1
36,36,decoder_1_K3,1,10,43,5,5,43,0,1,11,0,1,2,32,1
36,36,decoder_1_K3,1,11,44,4,6,44,0,1,12,0,1,2,32,1
36,36,decoder_1_K3,1,11,45,5,6,45,0,1,13,0,1,2,32,1
36,36,decoder_1_K3,1,11,46,4,7,46,0,1,14,0,1,2,32,1
36,36,decoder_1_K3,1,11,47,5,7,47,0,1,15,0,1,2,32,1
36,36,decoder_1_K3,1,15,48,6,7,48,0,1,16,0,1,2,32,1
36,36,decoder_1_K3,1,15,49,7,7,49,0,1,17,0,1,2,32,1
36,36,decoder_1_K3,1,15,50,6,6,50,0,1,18,0,1,2,32,1
36,36,decoder_1_K3,1,15,51,7,6,51,0,1,19,0,1,2,32,1
36,36,decoder_1_K3,1,14,52,6,5,52,0,1,20,0,1,2,32,1
36,36,decoder_1_K3,1,14,53,7,5,53,0,1,21,0,1,2,32,1
36,36,decoder_1_K3,1,14,54,6,4,54,0,1,22,0,1,2,32,1
36,36,decoder_1_K3,1,14,55,7,4,55,0,1,23,0,1,2,32,1
36,36,decoder_1_K3,1,13,56,6,3,56,0,1,24,0,1,2,32,1
36,36,decoder_1_K3,1,13,57,7,3,57,0,1,25,0,1,2,32,1
36,36,decoder_1_K3,1,13,58,6,2,58,0,1,26,0,1,2,32,1
36,36,decoder_1_K3,1,13,59,7,2,59,0,1,27,0,1,2,32,1
36,36,decoder_1_K3,1,12,60,6,1,60,0,1,28,0,1,2,32,1
36,36,decoder_1_K3,1,12,61,7,1,61,0,1,29,0,1,2,32,1
36,36,decoder_1_K3,1,12,62,6,0,62,0,1,30,0,1,2,32,1
36,36,decoder_1_K3,1,12,63,7,0,63,0,1,31,0,1,2,32,1
37,37,decoder_1_Kt3,1,0,0,0,0,0,0,0,0,0,1,8,8,1
37,37,decoder_1_Kt3,1,0,1,1,0,1,0,0,1,0,1,8,8,1
37,37,decoder_1_Kt3,1,0,2,0,1,2,0,0,2,0,1,8,8,1
37,37,decoder_1_Kt3,1,0,3,1,1,3,0,0,3,0,1,8,8,1
37,37,decoder_1_Kt3,1,1,4,0,2,4,0,0,4,0,1,8,8,1
37,37,decoder_1_Kt3,1,1,5,1,2,5,0,0,5,0,1,8,8,1
37,37,decoder_1_Kt3,1,1,6,0,3,6,0,0,6,0,1,8,8,1
37,37,decoder_1_Kt3,1,1,7,1,3,7,0,0,7,0,1,8,8,1
37,37,decoder_1_Kt3,1,2,8,0,4,8,0,1,0,0,1,8,8,1
37,37,decoder_1_Kt3,1,2,9,1,4,9,0,1,1,0,1,8,8,1
37,37,decoder_1_Kt3,1,2,10,0,5,10,0,1,2,0,1,8,8,1
37,37,decoder_1_Kt3,1,2,11,1,5,11,0,1,3,0,1,8,8,1
37,37,decoder_1_Kt3,1,3,12,0,6,12,0,1,4,0,1,8,8,1
37,37,decoder_1_Kt3,1,3,13,1,6,13,0,1,5,0,1,8,8,1
37,37,decoder_1_Kt3,1,3,14,0,7,14,0,1,6,0,1,8,8,1
37,37,decoder_1_Kt3,1,3,15,1,7,15,0,1,7,0,1,8,8,1
37,37,decoder_1_Kt3,1,7,16,2,7,16,0,2,0,0,1,8,8,1
37,37,decoder_1_Kt3,1,7,17,3,7,17,0,2,1,0,1,8,8,1
37,37,decoder_1_Kt3,1,7,18,2,6,18,0,2,2,0,1,8,8,1
37,37,decoder_1_Kt3,1,7,19,3,6,19,0,2,3,0,1,8,8,1
37,37,decoder_1_Kt3,1,6,20,2,5,20,0,2,4,0,1,8,8,1
37,37,decoder_1_Kt3,1,6,21,3,5,21,0,2,5,0,1,8,8,1
37,37,decoder_1_Kt3,1,6,22,2,4,22,0,2,6,0,1,8,8,1
37,37,decoder_1_Kt3,1,6,23,3,4,23,0,2,7,0,1,8,8,1
37,37,decoder_1_Kt3,1,5,24,2,3,24,0,3,0,0,1,8,8,1
37,37,decoder_1_Kt3,1,5,25,3,3,25,0,3,1,0,1,8,8,1
37,37,decoder_1_Kt3,1,5,26,2,2,26,0,3,2,0,1,8,8,1
37,37,decoder_1_Kt3,1,5,27,3,2,27,0,3,3,0,1,8,8,1
37,37,decoder_1_Kt3,1,4,28,2,1,28,0,3,4,0,1,8,8,1
37,37,decoder_1_Kt3,1,4,29,3,1,29,0,3,5,0,1,8,8,1
37,37,decoder_1_Kt3,1,4,30,2,0,30,0,3,6,0,1,8,8,1
37,37,decoder_1_Kt3,1,4,31,3,0,31,0,3,7,0,1,8,8,1
37,37,decoder_1_Kt3,1,8,32,4,0,32,0,4,0,0,1,8,8,1
37,37,decoder_1_Kt3,1,8,33,5,0,33,0,4,1,0,1,8,8,1
37,37,decoder_1_Kt3,1,8,34,4,1,34,0,4,2,0,1,8,8,1
37,37,decoder_1_Kt3,1,8,35,5,1,35,0,4,3,0,1,8,8,1
37,37,decoder_1_Kt3,1,9,36,4,2,36,0,4,4,0,1,8,8,1
37,37,decoder_1_Kt3,1,9,37,5,2,37,0,4,5,0,1,8,8,1
37,37,decoder_1_Kt3,1,9,38,4,3,38,0,4,6,0,1,8,8,1
37,37,decoder_1_Kt3,1,9,39,5,3,39,0,4,7,0,1,8,8,1
37,37,decoder_1_Kt3,1,10,40,4,4,40,0,5,0,0,1,8,8,1
37,37,decoder_1_Kt3,1,10,41,5,4,41,0,5,1,0,1,8,8,1
37,37,decoder_1_Kt3,1,10,42,4,5,42,0,5,2,0,1,8,8,1
37,37,decoder_1_Kt3,1,10,43,5,5,43,0,5,3,0,1,8,8,1
37,37,decoder_1_Kt3,1,11,44,4,6,44,0,5,4,0,1,8,8,1
37,37,decoder_1_Kt3,1,11,45,5,6,45,0,5,5,0,1,8,8,1
37,37,decoder_1_Kt3,1,11,46,4,7,46,0,5,6,0,1,8,8,1
37,37,decoder_1_Kt3,1,11,47,5,7,47,0,5,7,0,1,8,8,1
37,37,decoder_1_Kt3,1,15,48,6,7,48,0,6,0,0,1,8,8,1
37,37,decoder_1_Kt3,1,15,49,7,7,49,0,6,1,0,1,8,8,1
37,37,decoder_1_Kt3,1,15,50,6,6,50,0,6,2,0,1,8,8,1
37,37,decoder_1_Kt3,1,15,51,7,6,51,0,6,3,0,1,8,8,1
37,37,decoder_1_Kt3,1,14,52,6,5,52,0,6,4,0,1,8,8,1
37,37,decoder_1_Kt3,1,14,53,7,5,53,0,6,5,0,1,8,8,1
37,37,decoder_1_Kt3,1,14,54,6,4,54,0,6,6,0,1,8,8,1
37,37,decoder_1_Kt3,1,14,55,7,4,55,0,6,7,0,1,8,8,1
37,37,decoder_1_Kt3,1,13,56,6,3,56,0,7,0,0,1,8,8,1
37,37,decoder_1_Kt3,1,13,57,7,3,57,0,7,1,0,1,8,8,1
37,37,decoder_1_Kt3,1,13,58,6,2,58,0,7,2,0,1,8,8,1
37,37,decoder_1_Kt3,1,13,59,7,2,59,0,7,3,0,1,8,8,1
37,37,decoder_1_Kt3,1,12,60,6,1,60,0,7,4,0,1,8,8,1
37,37,decoder_1_Kt3,1,12,61,7,1,61,0,7,5,0,1,8,8,1
37,37,decoder_1_Kt3,1,12,62,6,0,62,0,7,6,0,1,8,8,1
37,37,decoder_1_Kt3,1,12,63,7,0,63,0,7,7,0,1,8,8,1
38,38,decoder_1_K4,1,0,0,0,0,0,0,0,0,0,1,2,32,1
38,38,decoder_1_K4,1,0,1,1,0,1,0,0,1,0,1,2,32,1
38,38,decoder_1_K4,1,0,2,0,1,2,0,0,2,0,1,2,32,1
38,38,decoder_1_K4,1,0,3,1,1,3,0,0,3,0,1,2,32,1
38,38,decoder_1_K4,1,1,4,0,2,4,0,0,4,0,1,2,32,1
38,38,decoder_1_K4,1,1,5,1,2,5,0,0,5,0,1,2,32,1
38,38,decoder_1_K4,1,1,6,0,3,6,0,0,6,0,1,2,32,1
38,38,decoder_1_K4,1,1,7,1,3,7,0,0,7,0,1,2,32,1
38,38,decoder_1_K4,1,2,8,0,4,8,0,0,8,0,1,2,32,1
38,38,decoder_1_K4,1,2,9,1,4,9,0,0,9,0,1,2,32,1
38,38,decoder_1_K4,1,2,10,0,5,10,0,0,10,0,1,2,32,1
38,38,decoder_1_K4,1,2,11,1,5,11,0,0,11,0,1,2,32,1
38,38,decoder_1_K4,1,3,12,0,6,12,0,0,12,0,1,2,32,1
38,38,decoder_1_K4,1,3,13,1,6,13,0,0,13,0,1,2,32,1
38,38,decoder_1_K4,1,3,14,0,7,14,0,0,14,0,1,2,32,1
38,38,decoder_1_K4,1,3,15,1,7,15,0,0,15,0,1,2,32,1
38,38,decoder_1_K4,1,7,16,2,7,16,0,0,16,0,1,2,32,1
38,38,decoder_1_K4,1,7,17,3,7,17,0,0,17,0,1,2,32,1
38,38,decoder_1_K4,1,7,18,2,6,18,0,0,18,0,1,2,32,1
38,38,decoder_1_K4,1,7,19,3,6,19,0,0,19,0,1,2,32,1
38,38,decoder_1_K4,1,6,20,2,5,20,0,0,20,0,1,2,32,1
38,38,decoder_1_K4,1,6,21,3,5,21,0,0,21,0,1,2,32,1
38,38,decoder_1_K4,1,6,22,2,4,22,0,0,22,0,1,2,32,1
38,38,decoder_1_K4,1,6,23,3,4,23,0,0,23,0,1,2,32,1
38,38,decoder_1_K4,1,5,24,2,3,24,0,0,24,0,1,2,32,1
38,38,decoder_1_K4,1,5,25,3,3,25,0,0,25,0,1,2,32,1
38,38,decoder_1_K4,1,5,26,2,2,26,0,0,26,0,1,2,32,1
38,38,decoder_1_K4,1,5,27,3,2,27,0,0,27,0,1,2,32,1
38,38,decoder_1_K4,1,4,28,2,1,28,0,0,28,0,1,2,32,1
38,38,decoder_1_K4,1,4,29,3,1,29,0,0,29,0,1,2,32,1
38,38,decoder_1_K4,1,4,30,2,0,30,0,0,30,0,1,2,32,1
38,38,decoder_1_K4,1,4,31,3,0,31,0,0,31,0,1,2,32,1
38,38,decoder_1_K4,1,8,32,4,0,32,0,1,0,0,1,2,32,1
38,38,decoder_1_K4,1,8,33,5,0,33,0,1,1,0,1,2,32,1
38,38,decoder_1_K4,1,8,34,4,1,34,0,1,2,0,1,2,32,1
38,38,decoder_1_K4,1,8,35,5,1,35,0,1,3,0,1,2,32,1
38,38,decoder_1_K4,1,9,36,4,2,36,0,1,4,0,1,2,32,1
38,38,decoder_1_K4,1,9,37,5,2,37,0,1,5,0,1,2,32,1
38,38,decoder_1_K4,1,9,38,4,3,38,0,1,6,0,1,2,32,1
38,38,decoder_1_K4,1,9,39,5,3,39,0,1,7,0,1,2,32,1
38,38,decoder_1_K4,1,10,40,4,4,40,0,1,8,0,1,2,32,1
38,38,decoder_1_K4,1,10,41,5,4,41,0,1,9,0,1,2,32,1
38,38,decoder_1_K4,1,10,42,4,5,42,0,1,10,0,1,2,32,1
38,38,decoder_1_K4,1,10,43,5,5,43,0,1,11,0,1,2,32,1
38,38,decoder_1_K4,1,11,44,4,6,44,0,1,12,0,1,2,32,1
38,38,decoder_1_K4,1,11,45,5,6,45,0,1,13,0,1,2,32,1
38,38,decoder_1_K4,1,11,46,4,7,46,0,1,14,0,1,2,32,1
38,38,decoder_1_K4,1,11,47,5,7,47,0,1,15,0,1,2,32,1
38,38,decoder_1_K4,1,15,48,6,7,48,0,1,16,0,1,2,32,1
38,38,decoder_1_K4,1,15,49,7,7,49,0,1,17,0,1,2,32,1
38,38,decoder_1_K4,1,15,50,6,6,50,0,1,18,0,1,2,32,1
38,38,decoder_1_K4,1,15,51,7,6,51,0,1,19,0,1,2,32,1
38,38,decoder_1_K4,1,14,52,6,5,52,0,1,20,0,1,2,32,1
38,38,decoder_1_K4,1,14,53,7,5,53,0,1,21,0,1,2,32,1
38,38,decoder_1_K4,1,14,54,6,4,54,0,1,22,0,1,2,32,1
38,38,decoder_1_K4,1,14,55,7,4,55,0,1,23,0,1,2,32,1
38,38,decoder_1_K4,1,13,56,6,3,56,0,1,24,0,1,2,32,1
38,38,decoder_1_K4,1,13,57,7,3,57,0,1,25,0,1,2,32,1
38,38,decoder_1_K4,1,13,58,6,2,58,0,1,26,0,1,2,32,1
38,38,decoder_1_K4,1,13,59,7,2,59,0,1,27,0,1,2,32,1
38,38,decoder_1_K4,1,12,60,6,1,60,0,1,28,0,1,2,32,1
38,38,decoder_1_K4,1,12,61,7,1,61,0,1,29,0,1,2,32,1
38,38,decoder_1_K4,1,12,62,6,0,62,0,1,30,0,1,2,32,1
38,38,decoder_1_K4,1,12,63,7,0,63,0,1,31,0,1,2,32,1
39,39,decoder_1_Kt4,1,0,0,0,0,0,0,0,0,0,1,8,8,1
39,39,decoder_1_Kt4,1,0,1,1,0,1,0,0,1,0,1,8,8,1
39,39,decoder_1_Kt4,1,0,2,0,1,2,0,0,2,0,1,8,8,1
39,39,decoder_1_Kt4,1,0,3,1,1,3,0,0,3,0,1,8,8,1
39,39,decoder_1_Kt4,1,1,4,0,2,4,0,0,4,0,1,8,8,1
39,39,decoder_1_Kt4,1,1,5,1,2,5,0,0,5,0,1,8,8,1
39,39,decoder_1_Kt4,1,1,6,0,3,6,0,0,6,0,1,8,8,1
39,39,decoder_1_Kt4,1,1,7,1,3,7,0,0,7,0,1,8,8,1
39,39,decoder_1_Kt4,1,2,8,0,4,8,0,1,0,0,1,8,8,1
39,39,decoder_1_Kt4,1,2,9,1,4,9,0,1,1,0,1,8,8,1
39,39,decoder_1_Kt4,1,2,10,0,5,10,0,1,2,0,1,8,8,1
39,39,decoder_1_Kt4,1,2,11,1,5,11,0,1,3,0,1,8,8,1
39,39,decoder_1_Kt4,1,3,12,0,6,12,0,1,4,0,1,8,8,1
39,39,decoder_1_Kt4,1,3,13,1,6,13,0,1,5,0,1,8,8,1
39,39,decoder_1_Kt4,1,3,14,0,7,14,0,1,6,0,1,8,8,1
39,39,decoder_1_Kt4,1,3,15,1,7,15,0,1,7,0,1,8,8,1
39,39,decoder_1_Kt4,1,7,16,2,7,16,0,2,0,0,1,8,8,1
39,39,decoder_1_Kt4,1,7,17,3,7,17,0,2,1,0,1,8,8,1
39,39,decoder_1_Kt4,1,7,18,2,6,18,0,2,2,0,1,8,8,1
39,39,decoder_1_Kt4,1,7,19,3,6,19,0,2,3,0,1,8,8,1
39,39,decoder_1_Kt4,1,6,20,2,5,20,0,2,4,0,1,8,8,1
39,39,decoder_1_Kt4,1,6,21,3,5,21,0,2,5,0,1,8,8,1
39,39,decoder_1_Kt4,1,6,22,2,4,22,0,2,6,0,1,8,8,1
39,39,decoder_1_Kt4,1,6,23,3,4,23,0,2,7,0,1,8,8,1
39,39,decoder_1_Kt4,1,5,24,2,3,24,0,3,0,0,1,8,8,1
39,39,decoder_1_Kt4,1,5,25,3,3,25,0,3,1,0,1,8,8,1
39,39,decoder_1_Kt4,1,5,26,2,2,26,0,3,2,0,1,8,8,1
39,39,decoder_1_Kt4,1,5,27,3,2,27,0,3,3,0,1,8,8,1
39,39,decoder_1_Kt4,1,4,28,2,1,28,0,3,4,0,1,8,8,1
39,39,decoder_1_Kt4,1,4,29,3,1,29,0,3,5,0,1,8,8,1
39,39,decoder_1_Kt4,1,4,30,2,0,30,0,3,6,0,1,8,8,1
39,39,decoder_1_Kt4,1,4,31,3,0,31,0,3,7,0,1,8,8,1
39,39,decoder_1_Kt4,1,8,32,4,0,32,0,4,0,0,1,8,8,1
39,39,decoder_1_Kt4,1,8,33,5,0,33,0,4,1,0,1,8,8,1
39,39,decoder_1_Kt4,1,8,34,4,1,34,0,4,2,0,1,8,8,1
39,39,decoder_1_Kt4,1,8,35,5,1,35,0,4,3,0,1,8,8,1
39,39,decoder_1_Kt4,1,9,36,4,2,36,0,4,4,0,1,8,8,1
39,39,decoder_1_Kt4,1,9,37,5,2,37,0,4,5,0,1,8,8,1
39,39,decoder_1_Kt4,1,9,38,4,3,38,0,4,6,0,1,8,8,1
39,39,decoder_1_Kt4,1,9,39,5,3,39,0,4,7,0,1,8,8,1
39,39,decoder_1_Kt4,1,10,40,4,4,40,0,5,0,0,1,8,8,1
39,39,decoder_1_Kt4,1,10,41,5,4,41,0,5,1,0,1,8,8,1
39,39,decoder_1_Kt4,1,10,42,4,5,42,0,5,2,0,1,8,8,1
39,39,decoder_1_Kt4,1,10,43,5,5,43,0,5,3,0,1,8,8,1
39,39,decoder_1_Kt4,1,11,44,4,6,44,0,5,4,0,1,8,8,1
39,39,decoder_1_Kt4,1,11,45,5,6,45,0,5,5,0,1,8,8,1
39,39,decoder_1_Kt4,1,11,46,4,7,46,0,5,6,0,1,8,8,1
39,39,decoder_1_Kt4,1,11,47,5,7,47,0,5,7,0,1,8,8,1
39,39,decoder_1_Kt4,1,15,48,6,7,48,0,6,0,0,1,8,8,1
39,39,decoder_1_Kt4,1,15,49,7,7,49,0,6,1,0,1,8,8,1
39,39,decoder_1_Kt4,1,15,50,6,6,50,0,6,2,0,1,8,8,1
39,39,decoder_1_Kt4,1,15,51,7,6,51,0,6,3,0,1,8,8,1
39,39,decoder_1_Kt4,1,14,52,6,5,52,0,6,4,0,1,8,8,1
39,39,decoder_1_Kt4,1,14,53,7,5,53,0,6,5,0,1,8,8,1
39,39,decoder_1_Kt4,1,14,54,6,4,54,0,6,6,0,1,8,8,1
39,39,decoder_1_Kt4,1,14,55,7,4,55,0,6,7,0,1,8,8,1
39,39,decoder_1_Kt4,1,13,56,6,3,56,0,7,0,0,1,8,8,1
39,39,decoder_1_Kt4,1,13,57,7,3,57,0,7,1,0,1,8,8,1
39,39,decoder_1_Kt4,1,13,58,6,2,58,0,7,2,0,1,8,8,1
39,39,decoder_1_Kt4,1,13,59,7,2,59,0,7,3,0,1,8,8,1
39,39,decoder_1_Kt4,1,12,60,6,1,60,0,7,4,0,1,8,8,1
39,39,decoder_1_Kt4,1,12,61,7,1,61,0,7,5,0,1,8,8,1
39,39,decoder_1_Kt4,1,12,62,6,0,62,0,7,6,0,1,8,8,1
39,39,decoder_1_Kt4,1,12,63,7,0,63,0,7,7,0,1,8,8,1
40,40,decoder_1_K5,1,0,0,0,0,0,0,0,0,0,1,2,32,1
40,40,decoder_1_K5,1,0,1,1,0,1,0,0,1,0,1,2,32,1
40,40,decoder_1_K5,1,0,2,0,1,2,0,0,2,0,1,2,32,1
40,40,decoder_1_K5,1,0,3,1,1,3,0,0,3,0,1,2,32,1
40,40,decoder_1_K5,1,1,4,0,2,4,0,0,4,0,1,2,32,1
40,40,decoder_1_K5,1,1,5,1,2,5,0,0,5,0,1,2,32,1
40,40,decoder_1_K5,1,1,6,0,3,6,0,0,6,0,1,2,32,1
40,40,decoder_1_K5,1,1,7,1,3,7,0,0,7,0,1,2,32,1
40,40,decoder_1_K5,1,2,8,0,4,8,0,0,8,0,1,2,32,1
40,40,decoder_1_K5,1,2,9,1,4,9,0,0,9,0,1,2,32,1
40,40,decoder_1_K5,1,2,10,0,5,10,0,0,10,0,1,2,32,1
40,40,decoder_1_K5,1,2,11,1,5,11,0,0,11,0,1,2,32,1
40,40,decoder_1_K5,1,3,12,0,6,12,0,0,12,0,1,2,32,1
40,40,decoder_1_K5,1,3,13,1,6,13,0,0,13,0,1,2,32,1
40,40,decoder_1_K5,1,3,14,0,7,14,0,0,14,0,1,2,32,1
40,40,decoder_1_K5,1,3,15,1,7,15,0,0,15,0,1,2,32,1
40,40,decoder_1_K5,1,7,16,2,7,16,0,0,16,0,1,2,32,1
40,40,decoder_1_K5,1,7,17,3,7,17,0,0,17,0,1,2,32,1
40,40,decoder_1_K5,1,7,18,2,6,18,0,0,18,0,1,2,32,1
40,40,decoder_1_K5,1,7,19,3,6,19,0,0,19,0,1,2,32,1
40,40,decoder_1_K5,1,6,20,2,5,20,0,0,20,0,1,2,32,1
40,40,decoder_1_K5,1,6,21,3,5,21,0,0,21,0,1,2,32,1
40,40,decoder_1_K5,1,6,22,2,4,22,0,0,22,0,1,2,32,1
40,40,decoder_1_K5,1,6,23,3,4,23,0,0,23,0,1,2,32,1
40,40,decoder_1_K5,1,5,24,2,3,24,0,0,24,0,1,2,32,1
40,40,decoder_1_K5,1,5,25,3,3,25,0,0,25,0,1,2,32,1
40,40,decoder_1_K5,1,5,26,2,2,26,0,0,26,0,1,2,32,1
40,40,decoder_1_K5,1,5,27,3,2,27,0,0,27,0,1,2,32,1
40,40,decoder_1_K5,1,4,28,2,1,28,0,0,28,0,1,2,32,1
40,40,decoder_1_K5,1,4,29,3,1,29,0,0,29,0,1,2,32,1
40,40,decoder_1_K5,1,4,30,2,0,30,0,0,30,0,1,2,32,1
40,40,decoder_1_K5,1,4,31,3,0,31,0,0,31,0,1,2,32,1
40,40,decoder_1_K5,1,8,32,4,0,32,0,1,0,0,1,2,32,1
40,40,decoder_1_K5,1,8,33,5,0,33,0,1,1,0,1,2,32,1
40,40,decoder_1_K5,1,8,34,4,1,34,0,1,2,0,1,2,32,1
40,40,decoder_1_K5,1,8,35,5,1,35,0,1,3,0,1,2,32,1
40,40,decoder_1_K5,1,9,36,4,2,36,0,1,4,0,1,2,32,1
40,40,decoder_1_K5,1,9,37,5,2,37,0,1,5,0,1,2,32,1
40,40,decoder_1_K5,1,9,38,4,3,38,0,1,6,0,1,2,32,1
40,40,decoder_1_K5,1,9,39,5,3,39,0,1,7,0,1,2,32,1
40,40,decoder_1_K5,1,10,40,4,4,40,0,1,8,0,1,2,32,1
40,40,decoder_1_K5,1,10,41,5,4,41,0,1,9,0,1,2,32,1
40,40,decoder_1_K5,1,10,42,4,5,42,0,1,10,0,1,2,32,1
40,40,decoder_1_K5,1,10,43,5,5,43,0,1,11,0,1,2,32,1
40,40,decoder_1_K5,1,11,44,4,6,44,0,1,12,0,1,2,32,1
40,40,decoder_1_K5,1,11,45,5,6,45,0,1,13,0,1,2,32,1
40,40,decoder_1_K5,1,11,46,4,7,46,0,1,14,0,1,2,32,1
40,40,decoder_1_K5,1,11,47,5,7,47,0,1,15,0,1,2,32,1
40,40,decoder_1_K5,1,15,48,6,7,48,0,1,16,0,1,2,32,1
40,40,decoder_1_K5,1,15,49,7,7,49,0,1,17,0,1,2,32,1
40,40,decoder_1_K5,1,15,50,6,6,50,0,1,18,0,1,2,32,1
40,40,decoder_1_K5,1,15,51,7,6,51,0,1,19,0,1,2,32,1
40,40,decoder_1_K5,1,14,52,6,5,52,0,1,20,0,1,2,32,1
40,40,decoder_1_K5,1,14,53,7,5,53,0,1,21,0,1,2,32,1
40,40,decoder_1_K5,1,14,54,6,4,54,0,1,22,0,1,2,32,1
40,40,decoder_1_K5,1,14,55,7,4,55,0,1,23,0,1,2,32,1
40,40,decoder_1_K5,1,13,56,6,3,56,0,1,24,0,1,2,32,1
40,40,decoder_1_K5,1,13,57,7,3,57,0,1,25,0,1,2,32,1
40,40,decoder_1_K5,1,13,58,6,2,58,0,1,26,0,1,2,32,1
40,40,decoder_1_K5,1,13,59,7,2,59,0,1,27,0,1,2,32,1
40,40,decoder_1_K5,1,12,60,6,1,60,0,1,28,0,1,2,32,1
40,40,decoder_1_K5,1,12,61,7,1,61,0,1,29,0,1,2,32,1
40,40,decoder_1_K5,1,12,62,6,0,62,0,1,30,0,1,2,32,1
40,40,decoder_1_K5,1,12,63,7,0,63,0,1,31,0,1,2,32,1
41,41,decoder_1_Kt5,1,0,0,0,0,0,0,0,0,0,1,8,8,1
41,41,decoder_1_Kt5,1,0,1,1,0,1,0,0,1,0,1,8,8,1
41,41,decoder_1_Kt5,1,0,2,0,1,2,0,0,2,0,1,8,8,1
41,41,decoder_1_Kt5,1,0,3,1,1,3,0,0,3,0,1,8,8,1
41,41,decoder_1_Kt5,1,1,4,0,2,4,0,0,4,0,1,8,8,1
41,41,decoder_1_Kt5,1,1,5,1,2,5,0,0,5,0,1,8,8,1
41,41,decoder_1_Kt5,1,1,6,0,3,6,0,0,6,0,1,8,8,1
41,41,decoder_1_Kt5,1,1,7,1,3,7,0,0,7,0,1,8,8,1
41,41,decoder_1_Kt5,1,2,8,0,4,8,0,1,0,0,1,8,8,1
41,41,decoder_1_Kt5,1,2,9,1,4,9,0,1,1,0,1,8,8,1
41,41,decoder_1_Kt5,1,2,10,0,5,10,0,1,2,0,1,8,8,1
41,41,decoder_1_Kt5,1,2,11,1,5,11,0,1,3,0,1,8,8,1
41,41,decoder_1_Kt5,1,3,12,0,6,12,0,1,4,0,1,8,8,1
41,41,decoder_1_Kt5,1,3,13,1,6,13,0,1,5,0,1,8,8,1
41,41,decoder_1_Kt5,1,3,14,0,7,14,0,1,6,0,1,8,8,1
41,41,decoder_1_Kt5,1,3,15,1,7,15,0,1,7,0,1,8,8,1
41,41,decoder_1_Kt5,1,7,16,2,7,16,0,2,0,0,1,8,8,1
41,41,decoder_1_Kt5,1,7,17,3,7,17,0,2,1,0,1,8,8,1
41,41,decoder_1_Kt5,1,7,18,2,6,18,0,2,2,0,1,8,8,1
41,41,decoder_1_Kt5,1,7,19,3,6,19,0,2,3,0,1,8,8,1
41,41,decoder_1_Kt5,1,6,20,2,5,20,0,2,4,0,1,8,8,1
41,41,decoder_1_Kt5,1,6,21,3,5,21,0,2,5,0,1,8,8,1
41,41,decoder_1_Kt5,1,6,22,2,4,22,0,2,6,0,1,8,8,1
41,41,decoder_1_Kt5,1,6,23,3,4,23,0,2,7,0,1,8,8,1
41,41,decoder_1_Kt5,1,5,24,2,3,24,0,3,0,0,1,8,8,1
41,41,decoder_1_Kt5,1,5,25,3,3,25,0,3,1,0,1,8,8,1
41,41,decoder_1_Kt5,1,5,26,2,2,26,0,3,2,0,1,8,8,1
41,41,decoder_1_Kt5,1,5,27,3,2,27,0,3,3,0,1,8,8,1
41,41,decoder_1_Kt5,1,4,28,2,1,28,0,3,4,0,1,8,8,1
41,41,decoder_1_Kt5,1,4,29,3,1,29,0,3,5,0,1,8,8,1
41,41,decoder_1_Kt5,1,4,30,2,0,30,0,3,6,0,1,8,8,1
41,41,decoder_1_Kt5,1,4,31,3,0,31,0,3,7,0,1,8,8,1
41,41,decoder_1_Kt5,1,8,32,4,0,32,0,4,0,0,1,8,8,1
41,41,decoder_1_Kt5,1,8,33,5,0,33,0,4,1,0,1,8,8,1
41,41,decoder_1_Kt5,1,8,34,4,1,34,0,4,2,0,1,8,8,1
41,41,decoder_1_Kt5,1,8,35,5,1,35,0,4,3,0,1,8,8,1
41,41,decoder_1_Kt5,1,9,36,4,2,36,0,4,4,0,1,8,8,1
41,41,decoder_1_Kt5,1,9,37,5,2,37,0,4,5,0,1,8,8,1
41,41,decoder_1_Kt5,1,9,38,4,3,38,0,4,6,0,1,8,8,1
41,41,decoder_1_Kt5,1,9,39,5,3,39,0,4,7,0,1,8,8,1
41,41,decoder_1_Kt5,1,10,40,4,4,40,0,5,0,0,1,8,8,1
41,41,decoder_1_Kt5,1,10,41,5,4,41,0,5,1,0,1,8,8,1
41,41,decoder_1_Kt5,1,10,42,4,5,42,0,5,2,0,1,8,8,1
41,41,decoder_1_Kt5,1,10,43,5,5,43,0,5,3,0,1,8,8,1
41,41,decoder_1_Kt5,1,11,44,4,6,44,0,5,4,0,1,8,8,1
41,41,decoder_1_Kt5,1,11,45,5,6,45,0,5,5,0,1,8,8,1
41,41,decoder_1_Kt5,1,11,46,4,7,46,0,5,6,0,1,8,8,1
41,41,decoder_1_Kt5,1,11,47,5,7,47,0,5,7,0,1,8,8,1
41,41,decoder_1_Kt5,1,15,48,6,7,48,0,6,0,0,1,8,8,1
41,41,decoder_1_Kt5,1,15,49,7,7,49,0,6,1,0,1,8,8,1
41,41,decoder_1_Kt5,1,15,50,6,6,50,0,6,2,0,1,8,8,1
41,41,decoder_1_Kt5,1,15,51,7,6,51,0,6,3,0,1,8,8,1
41,41,decoder_1_Kt5,1,14,52,6,5,52,0,6,4,0,1,8,8,1
41,41,decoder_1_Kt5,1,14,53,7,5,53,0,6,5,0,1,8,8,1
41,41,decoder_1_Kt5,1,14,54,6,4,54,0,6,6,0,1,8,8,1
41,41,decoder_1_Kt5,1,14,55,7,4,55,0,6,7,0,1,8,8,1
41,41,decoder_1_Kt5,1,13,56,6,3,56,0,7,0,0,1,8,8,1
41,41,decoder_1_Kt5,1,13,57,7,3,57,0,7,1,0,1,8,8,1
41,41,decoder_1_Kt5,1,13,58,6,2,58,0,7,2,0,1,8,8,1
41,41,decoder_1_Kt5,1,13,59,7,2,59,0,7,3,0,1,8,8,1
41,41,decoder_1_Kt5,1,12,60,6,1,60,0,7,4,0,1,8,8,1
41,41,decoder_1_Kt5,1,12,61,7,1,61,0,7,5,0,1,8,8,1
41,41,decoder_1_Kt5,1,12,62,6,0,62,0,7,6,0,1,8,8,1
41,41,decoder_1_Kt5,1,12,63,7,0,63,0,7,7,0,1,8,8,1
42,42,decoder_1_K6,1,0,0,0,0,0,0,0,0,0,1,2,32,1
42,42,decoder_1_K6,1,0,1,1,0,1,0,0,1,0,1,2,32,1
42,42,decoder_1_K6,1,0,2,0,1,2,0,0,2,0,1,2,32,1
42,42,decoder_1_K6,1,0,3,1,1,3,0,0,3,0,1,2,32,1
42,42,decoder_1_K6,1,1,4,0,2,4,0,0,4,0,1,2,32,1
42,42,decoder_1_K6,1,1,5,1,2,5,0,0,5,0,1,2,32,1
42,42,decoder_1_K6,1,1,6,0,3,6,0,0,6,0,1,2,32,1
42,42,decoder_1_K6,1,1,7,1,3,7,0,0,7,0,1,2,32,1
42,42,decoder_1_K6,1,2,8,0,4,8,0,0,8,0,1,2,32,1
42,42,decoder_1_K6,1,2,9,1,4,9,0,0,9,0,1,2,32,1
42,42,decoder_1_K6,1,2,10,0,5,10,0,0,10,0,1,2,32,1
42,42,decoder_1_K6,1,2,11,1,5,11,0,0,11,0,1,2,32,1
42,42,decoder_1_K6,1,3,12,0,6,12,0,0,12,0,1,2,32,1
42,42,decoder_1_K6,1,3,13,1,6,13,0,0,13,0,1,2,32,1
42,42,decoder_1_K6,1,3,14,0,7,14,0,0,14,0,1,2,32,1
42,42,decoder_1_K6,1,3,15,1,7,15,0,0,15,0,1,2,32,1
42,42,decoder_1_K6,1,7,16,2,7,16,0,0,16,0,1,2,32,1
42,42,decoder_1_K6,1,7,17,3,7,17,0,0,17,0,1,2,32,1
42,42,decoder_1_K6,1,7,18,2,6,18,0,0,18,0,1,2,32,1
42,42,decoder_1_K6,1,7,19,3,6,19,0,0,19,0,1,2,32,1
42,42,decoder_1_K6,1,6,20,2,5,20,0,0,20,0,1,2,32,1
42,42,decoder_1_K6,1,6,21,3,5,21,0,0,21,0,1,2,32,1
42,42,decoder_1_K6,1,6,22,2,4,22,0,0,22,0,1,2,32,1
42,42,decoder_1_K6,1,6,23,3,4,23,0,0,23,0,1,2,32,1
42,42,decoder_1_K6,1,5,24,2,3,24,0,0,24,0,1,2,32,1
42,42,decoder_1_K6,1,5,25,3,3,25,0,0,25,0,1,2,32,1
42,42,decoder_1_K6,1,5,26,2,2,26,0,0,26,0,1,2,32,1
42,42,decoder_1_K6,1,5,27,3,2,27,0,0,27,0,1,2,32,1
42,42,decoder_1_K6,1,4,28,2,1,28,0,0,28,0,1,2,32,1
42,42,decoder_1_K6,1,4,29,3,1,29,0,0,29,0,1,2,32,1
42,42,decoder_1_K6,1,4,30,2,0,30,0,0,30,0,1,2,32,1
42,42,decoder_1_K6,1,4,31,3,0,31,0,0,31,0,1,2,32,1
42,42,decoder_1_K6,1,8,32,4,0,32,0,1,0,0,1,2,32,1
42,42,decoder_1_K6,1,8,33,5,0,33,0,1,1,0,1,2,32,1
42,42,decoder_1_K6,1,8,34,4,1,34,0,1,2,0,1,2,32,1
42,42,decoder_1_K6,1,8,35,5,1,35,0,1,3,0,1,2,32,1
42,42,decoder_1_K6,1,9,36,4,2,36,0,1,4,0,1,2,32,1
42,42,decoder_1_K6,1,9,37,5,2,37,0,1,5,0,1,2,32,1
42,42,decoder_1_K6,1,9,38,4,3,38,0,1,6,0,1,2,32,1
42,42,decoder_1_K6,1,9,39,5,3,39,0,1,7,0,1,2,32,1
42,42,decoder_1_K6,1,10,40,4,4,40,0,1,8,0,1,2,32,1
42,42,decoder_1_K6,1,10,41,5,4,41,0,1,9,0,1,2,32,1
42,42,decoder_1_K6,1,10,42,4,5,42,0,1,10,0,1,2,32,1
42,42,decoder_1_K6,1,10,43,5,5,43,0,1,11,0,1,2,32,1
42,42,decoder_1_K6,1,11,44,4,6,44,0,1,12,0,1,2,32,1
42,42,decoder_1_K6,1,11,45,5,6,45,0,1,13,0,1,2,32,1
42,42,decoder_1_K6,1,11,46,4,7,46,0,1,14,0,1,2,32,1
42,42,decoder_1_K6,1,11,47,5,7,47,0,1,15,0,1,2,32,1
42,42,decoder_1_K6,1,15,48,6,7,48,0,1,16,0,1,2,32,1
42,42,decoder_1_K6,1,15,49,7,7,49,0,1,17,0,1,2,32,1
42,42,decoder_1_K6,1,15,50,6,6,50,0,1,18,0,1,2,32,1
42,42,decoder_1_K6,1,15,51,7,6,51,0,1,19,0,1,2,32,1
42,42,decoder_1_K6,1,14,52,6,5,52,0,1,20,0,1,2,32,1
42,42,decoder_1_K6,1,14,53,7,5,53,0,1,21,0,1,2,32,1
42,42,decoder_1_K6,1,14,54,6,4,54,0,1,22,0,1,2,32,1
42,42,decoder_1_K6,1,14,55,7,4,55,0,1,23,0,1,2,32,1
42,42,decoder_1_K6,1,13,56,6,3,56,0,1,24,0,1,2,32,1
42,42,decoder_1_K6,1,13,57,7,3,57,0,1,25,0,1,2,32,1
42,42,decoder_1_K6,1,13,58,6,2,58,0,1,26,0,1,2,32,1
42,42,decoder_1_K6,1,13,59,7,2,59,0,1,27,0,1,2,32,1
42,42,decoder_1_K6,1,12,60,6,1,60,0,1,28,0,1,2,32,1
42,42,decoder_1_K6,1,12,61,7,1,61,0,1,29,0,1,2,32,1
42,42,decoder_1_K6,1,12,62,6,0,62,0,1,30,0,1,2,32,1
42,42,decoder_1_K6,1,12,63,7,0,63,0,1,31,0,1,2,32,1
43,43,decoder_1_Kt6,1,0,0,0,0,0,0,0,0,0,1,8,8,1
43,43,decoder_1_Kt6,1,0,1,1,0,1,0,0,1,0,1,8,8,1
43,43,decoder_1_Kt6,1,0,2,0,1,2,0,0,2,0,1,8,8,1
43,43,decoder_1_Kt6,1,0,3,1,1,3,0,0,3,0,1,8,8,1
43,43,decoder_1_Kt6,1,1,4,0,2,4,0,0,4,0,1,8,8,1
43,43,decoder_1_Kt6,1,1,5,1,2,5,0,0,5,0,1,8,8,1
43,43,decoder_1_Kt6,1,1,6,0,3,6,0,0,6,0,1,8,8,1
43,43,decoder_1_Kt6,1,1,7,1,3,7,0,0,7,0,1,8,8,1
43,43,decoder_1_Kt6,1,2,8,0,4,8,0,1,0,0,1,8,8,1
43,43,decoder_1_Kt6,1,2,9,1,4,9,0,1,1,0,1,8,8,1
43,43,decoder_1_Kt6,1,2,10,0,5,10,0,1,2,0,1,8,8,1
43,43,decoder_1_Kt6,1,2,11,1,5,11,0,1,3,0,1,8,8,1
43,43,decoder_1_Kt6,1,3,12,0,6,12,0,1,4,0,1,8,8,1
43,43,decoder_1_Kt6,1,3,13,1,6,13,0,1,5,0,1,8,8,1
43,43,decoder_1_Kt6,1,3,14,0,7,14,0,1,6,0,1,8,8,1
43,43,decoder_1_Kt6,1,3,15,1,7,15,0,1,7,0,1,8,8,1
43,43,decoder_1_Kt6,1,7,16,2,7,16,0,2,0,0,1,8,8,1
43,43,decoder_1_Kt6,1,7,17,3,7,17,0,2,1,0,1,8,8,1
43,43,decoder_1_Kt6,1,7,18,2,6,18,0,2,2,0,1,8,8,1
43,43,decoder_1_Kt6,1,7,19,3,6,19,0,2,3,0,1,8,8,1
43,43,decoder_1_Kt6,1,6,20,2,5,20,0,2,4,0,1,8,8,1
43,43,decoder_1_Kt6,1,6,21,3,5,21,0,2,5,0,1,8,8,1
43,43,decoder_1_Kt6,1,6,22,2,4,22,0,2,6,0,1,8,8,1
43,43,decoder_1_Kt6,1,6,23,3,4,23,0,2,7,0,1,8,8,1
43,43,decoder_1_Kt6,1,5,24,2,3,24,0,3,0,0,1,8,8,1
43,43,decoder_1_Kt6,1,5,25,3,3,25,0,3,1,0,1,8,8,1
43,43,decoder_1_Kt6,1,5,26,2,2,26,0,3,2,0,1,8,8,1
43,43,decoder_1_Kt6,1,5,27,3,2,27,0,3,3,0,1,8,8,1
43,43,decoder_1_Kt6,1,4,28,2,1,28,0,3,4,0,1,8,8,1
43,43,decoder_1_Kt6,1,4,29,3,1,29,0,3,5,0,1,8,8,1
43,43,decoder_1_Kt6,1,4,30,2,0,30,0,3,6,0,1,8,8,1
43,43,decoder_1_Kt6,1,4,31,3,0,31,0,3,7,0,1,8,8,1
43,43,decoder_1_Kt6,1,8,32,4,0,32,0,4,0,0,1,8,8,1
43,43,decoder_1_Kt6,1,8,33,5,0,33,0,4,1,0,1,8,8,1
43,43,decoder_1_Kt6,1,8,34,4,1,34,0,4,2,0,1,8,8,1
43,43,decoder_1_Kt6,1,8,35,5,1,35,0,4,3,0,1,8,8,1
43,43,decoder_1_Kt6,1,9,36,4,2,36,0,4,4,0,1,8,8,1
43,43,decoder_1_Kt6,1,9,37,5,2,37,0,4,5,0,1,8,8,1
43,43,decoder_1_Kt6,1,9,38,4,3,38,0,4,6,0,1,8,8,1
43,43,decoder_1_Kt6,1,9,39,5,3,39,0,4,7,0,1,8,8,1
43,43,decoder_1_Kt6,1,10,40,4,4,40,0,5,0,0,1,8,8,1
43,43,decoder_1_Kt6,1,10,41,5,4,41,0,5,1,0,1,8,8,1
43,43,decoder_1_Kt6,1,10,42,4,5,42,0,5,2,0,1,8,8,1
43,43,decoder_1_Kt6,1,10,43,5,5,43,0,5,3,0,1,8,8,1
43,43,decoder_1_Kt6,1,11,44,4,6,44,0,5,4,0,1,8,8,1
43,43,decoder_1_Kt6,1,11,45,5,6,45,0,5,5,0,1,8,8,1
43,43,decoder_1_Kt6,1,11,46,4,7,46,0,5,6,0,1,8,8,1
43,43,decoder_1_Kt6,1,11,47,5,7,47,0,5,7,0,1,8,8,1
43,43,decoder_1_Kt6,1,15,48,6,7,48,0,6,0,0,1,8,8,1
43,43,decoder_1_Kt6,1,15,49,7,7,49,0,6,1,0,1,8,8,1
43,43,decoder_1_Kt6,1,15,50,6,6,50,0,6,2,0,1,8,8,1
43,43,decoder_1_Kt6,1,15,51,7,6,51,0,6,3,0,1,8,8,1
43,43,decoder_1_Kt6,1,14,52,6,5,52,0,6,4,0,1,8,8,1
43,43,decoder_1_Kt6,1,14,53,7,5,53,0,6,5,0,1,8,8,1
43,43,decoder_1_Kt6,1,14,54,6,4,54,0,6,6,0,1,8,8,1
43,43,decoder_1_Kt6,1,14,55,7,4,55,0,6,7,0,1,8,8,1
43,43,decoder_1_Kt6,1,13,56,6,3,56,0,7,0,0,1,8,8,1
43,43,decoder_1_Kt6,1,13,57,7,3,57,0,7,1,0,1,8,8,1
43,43,decoder_1_Kt6,1,13,58,6,2,58,0,7,2,0,1,8,8,1
43,43,decoder_1_Kt6,1,13,59,7,2,59,0,7,3,0,1,8,8,1
43,43,decoder_1_Kt6,1,12,60,6,1,60,0,7,4,0,1,8,8,1
43,43,decoder_1_Kt6,1,12,61,7,1,61,0,7,5,0,1,8,8,1
43,43,decoder_1_Kt6,1,12,62,6,0,62,0,7,6,0,1,8,8,1
43,43,decoder_1_Kt6,1,12,63,7,0,63,0,7,7,0,1,8,8,1
44,44,decoder_1_K7,1,0,0,0,0,0,0,0,0,0,1,2,32,1
44,44,decoder_1_K7,1,0,1,1,0,1,0,0,1,0,1,2,32,1
44,44,decoder_1_K7,1,0,2,0,1,2,0,0,2,0,1,2,32,1
44,44,decoder_1_K7,1,0,3,1,1,3,0,0,3,0,1,2,32,1
44,44,decoder_1_K7,1,1,4,0,2,4,0,0,4,0,1,2,32,1
44,44,decoder_1_K7,1,1,5,1,2,5,0,0,5,0,1,2,32,1
44,44,decoder_1_K7,1,1,6,0,3,6,0,0,6,0,1,2,32,1
44,44,decoder_1_K7,1,1,7,1,3,7,0,0,7,0,1,2,32,1
44,44,decoder_1_K7,1,2,8,0,4,8,0,0,8,0,1,2,32,1
44,44,decoder_1_K7,1,2,9,1,4,9,0,0,9,0,1,2,32,1
44,44,decoder_1_K7,1,2,10,0,5,10,0,0,10,0,1,2,32,1
44,44,decoder_1_K7,1,2,11,1,5,11,0,0,11,0,1,2,32,1
44,44,decoder_1_K7,1,3,12,0,6,12,0,0,12,0,1,2,32,1
44,44,decoder_1_K7,1,3,13,1,6,13,0,0,13,0,1,2,32,1
44,44,decoder_1_K7,1,3,14,0,7,14,0,0,14,0,1,2,32,1
44,44,decoder_1_K7,1,3,15,1,7,15,0,0,15,0,1,2,32,1
44,44,decoder_1_K7,1,7,16,2,7,16,0,0,16,0,1,2,32,1
44,44,decoder_1_K7,1,7,17,3,7,17,0,0,17,0,1,2,32,1
44,44,decoder_1_K7,1,7,18,2,6,18,0,0,18,0,1,2,32,1
44,44,decoder_1_K7,1,7,19,3,6,19,0,0,19,0,1,2,32,1
44,44,decoder_1_K7,1,6,20,2,5,20,0,0,20,0,1,2,32,1
44,44,decoder_1_K7,1,6,21,3,5,21,0,0,21,0,1,2,32,1
44,44,decoder_1_K7,1,6,22,2,4,22,0,0,22,0,1,2,32,1
44,44,decoder_1_K7,1,6,23,3,4,23,0,0,23,0,1,2,32,1
44,44,decoder_1_K7,1,5,24,2,3,24,0,0,24,0,1,2,32,1
44,44,decoder_1_K7,1,5,25,3,3,25,0,0,25,0,1,2,32,1
44,44,decoder_1_K7,1,5,26,2,2,26,0,0,26,0,1,2,32,1
44,44,decoder_1_K7,1,5,27,3,2,27,0,0,27,0,1,2,32,1
44,44,decoder_1_K7,1,4,28,2,1,28,0,0,28,0,1,2,32,1
44,44,decoder_1_K7,1,4,29,3,1,29,0,0,29,0,1,2,32,1
44,44,decoder_1_K7,1,4,30,2,0,30,0,0,30,0,1,2,32,1
44,44,decoder_1_K7,1,4,31,3,0,31,0,0,31,0,1,2,32,1
44,44,decoder_1_K7,1,8,32,4,0,32,0,1,0,0,1,2,32,1
44,44,decoder_1_K7,1,8,33,5,0,33,0,1,1,0,1,2,32,1
44,44,decoder_1_K7,1,8,34,4,1,34,0,1,2,0,1,2,32,1
44,44,decoder_1_K7,1,8,35,5,1,35,0,1,3,0,1,2,32,1
44,44,decoder_1_K7,1,9,36,4,2,36,0,1,4,0,1,2,32,1
44,44,decoder_1_K7,1,9,37,5,2,37,0,1,5,0,1,2,32,1
44,44,decoder_1_K7,1,9,38,4,3,38,0,1,6,0,1,2,32,1
44,44,decoder_1_K7,1,9,39,5,3,39,0,1,7,0,1,2,32,1
44,44,decoder_1_K7,1,10,40,4,4,40,0,1,8,0,1,2,32,1
44,44,decoder_1_K7,1,10,41,5,4,41,0,1,9,0,1,2,32,1
44,44,decoder_1_K7,1,10,42,4,5,42,0,1,10,0,1,2,32,1
44,44,decoder_1_K7,1,10,43,5,5,43,0,1,11,0,1,2,32,1
44,44,decoder_1_K7,1,11,44,4,6,44,0,1,12,0,1,2,32,1
44,44,decoder_1_K7,1,11,45,5,6,45,0,1,13,0,1,2,32,1
44,44,decoder_1_K7,1,11,46,4,7,46,0,1,14,0,1,2,32,1
44,44,decoder_1_K7,1,11,47,5,7,47,0,1,15,0,1,2,32,1
44,44,decoder_1_K7,1,15,48,6,7,48,0,1,16,0,1,2,32,1
44,44,decoder_1_K7,1,15,49,7,7,49,0,1,17,0,1,2,32,1
44,44,decoder_1_K7,1,15,50,6,6,50,0,1,18,0,1,2,32,1
44,44,decoder_1_K7,1,15,51,7,6,51,0,1,19,0,1,2,32,1
44,44,decoder_1_K7,1,14,52,6,5,52,0,1,20,0,1,2,32,1
44,44,decoder_1_K7,1,14,53,7,5,53,0,1,21,0,1,2,32,1
44,44,decoder_1_K7,1,14,54,6,4,54,0,1,22,0,1,2,32,1
44,44,decoder_1_K7,1,14,55,7,4,55,0,1,23,0,1,2,32,1
44,44,decoder_1_K7,1,13,56,6,3,56,0,1,24,0,1,2,32,1
44,44,decoder_1_K7,1,13,57,7,3,57,0,1,25,0,1,2,32,1
44,44,decoder_1_K7,1,13,58,6,2,58,0,1,26,0,1,2,32,1
44,44,decoder_1_K7,1,13,59,7,2,59,0,1,27,0,1,2,32,1
44,44,decoder_1_K7,1,12,60,6,1,60,0,1,28,0,1,2,32,1
44,44,decoder_1_K7,1,12,61,7,1,61,0,1,29,0,1,2,32,1
44,44,decoder_1_K7,1,12,62,6,0,62,0,1,30,0,1,2,32,1
44,44,decoder_1_K7,1,12,63,7,0,63,0,1,31,0,1,2,32,1
45,45,decoder_1_Kt7,1,0,0,0,0,0,0,0,0,0,1,8,8,1
45,45,decoder_1_Kt7,1,0,1,1,0,1,0,0,1,0,1,8,8,1
45,45,decoder_1_Kt7,1,0,2,0,1,2,0,0,2,0,1,8,8,1
45,45,decoder_1_Kt7,1,0,3,1,1,3,0,0,3,0,1,8,8,1
45,45,decoder_1_Kt7,1,1,4,0,2,4,0,0,4,0,1,8,8,1
45,45,decoder_1_Kt7,1,1,5,1,2,5,0,0,5,0,1,8,8,1
45,45,decoder_1_Kt7,1,1,6,0,3,6,0,0,6,0,1,8,8,1
45,45,decoder_1_Kt7,1,1,7,1,3,7,0,0,7,0,1,8,8,1
45,45,decoder_1_Kt7,1,2,8,0,4,8,0,1,0,0,1,8,8,1
45,45,decoder_1_Kt7,1,2,9,1,4,9,0,1,1,0,1,8,8,1
45,45,decoder_1_Kt7,1,2,10,0,5,10,0,1,2,0,1,8,8,1
45,45,decoder_1_Kt7,1,2,11,1,5,11,0,1,3,0,1,8,8,1
45,45,decoder_1_Kt7,1,3,12,0,6,12,0,1,4,0,1,8,8,1
45,45,decoder_1_Kt7,1,3,13,1,6,13,0,1,5,0,1,8,8,1
45,45,decoder_1_Kt7,1,3,14,0,7,14,0,1,6,0,1,8,8,1
45,45,decoder_1_Kt7,1,3,15,1,7,15,0,1,7,0,1,8,8,1
45,45,decoder_1_Kt7,1,7,16,2,7,16,0,2,0,0,1,8,8,1
45,45,decoder_1_Kt7,1,7,17,3,7,17,0,2,1,0,1,8,8,1
45,45,decoder_1_Kt7,1,7,18,2,6,18,0,2,2,0,1,8,8,1
45,45,decoder_1_Kt7,1,7,19,3,6,19,0,2,3,0,1,8,8,1
45,45,decoder_1_Kt7,1,6,20,2,5,20,0,2,4,0,1,8,8,1
45,45,decoder_1_Kt7,1,6,21,3,5,21,0,2,5,0,1,8,8,1
45,45,decoder_1_Kt7,1,6,22,2,4,22,0,2,6,0,1,8,8,1
45,45,decoder_1_Kt7,1,6,23,3,4,23,0,2,7,0,1,8,8,1
45,45,decoder_1_Kt7,1,5,24,2,3,24,0,3,0,0,1,8,8,1
45,45,decoder_1_Kt7,1,5,25,3,3,25,0,3,1,0,1,8,8,1
45,45,decoder_1_Kt7,1,5,26,2,2,26,0,3,2,0,1,8,8,1
45,45,decoder_1_Kt7,1,5,27,3,2,27,0,3,3,0,1,8,8,1
45,45,decoder_1_Kt7,1,4,28,2,1,28,0,3,4,0,1,8,8,1
45,45,decoder_1_Kt7,1,4,29,3,1,29,0,3,5,0,1,8,8,1
45,45,decoder_1_Kt7,1,4,30,2,0,30,0,3,6,0,1,8,8,1
45,45,decoder_1_Kt7,1,4,31,3,0,31,0,3,7,0,1,8,8,1
45,45,decoder_1_Kt7,1,8,32,4,0,32,0,4,0,0,1,8,8,1
45,45,decoder_1_Kt7,1,8,33,5,0,33,0,4,1,0,1,8,8,1
45,45,decoder_1_Kt7,1,8,34,4,1,34,0,4,2,0,1,8,8,1
45,45,decoder_1_Kt7,1,8,35,5,1,35,0,4,3,0,1,8,8,1
45,45,decoder_1_Kt7,1,9,36,4,2,36,0,4,4,0,1,8,8,1
45,45,decoder_1_Kt7,1,9,37,5,2,37,0,4,5,0,1,8,8,1
45,45,decoder_1_Kt7,1,9,38,4,3,38,0,4,6,0,1,8,8,1
45,45,decoder_1_Kt7,1,9,39,5,3,39,0,4,7,0,1,8,8,1
45,45,decoder_1_Kt7,1,10,40,4,4,40,0,5,0,0,1,8,8,1
45,45,decoder_1_Kt7,1,10,41,5,4,41,0,5,1,0,1,8,8,1
45,45,decoder_1_Kt7,1,10,42,4,5,42,0,5,2,0,1,8,8,1
45,45,decoder_1_Kt7,1,10,43,5,5,43,0,5,3,0,1,8,8,1
45,45,decoder_1_Kt7,1,11,44,4,6,44,0,5,4,0,1,8,8,1
45,45,decoder_1_Kt7,1,11,45,5,6,45,0,5,5,0,1,8,8,1
45,45,decoder_1_Kt7,1,11,46,4,7,46,0,5,6,0,1,8,8,1
45,45,decoder_1_Kt7,1,11,47,5,7,47,0,5,7,0,1,8,8,1
45,45,decoder_1_Kt7,1,15,48,6,7,48,0,6,0,0,1,8,8,1
45,45,decoder_1_Kt7,1,15,49,7,7,49,0,6,1,0,1,8,8,1
45,45,decoder_1_Kt7,1,15,50,6,6,50,0,6,2,0,1,8,8,1
45,45,decoder_1_Kt7,1,15,51,7,6,51,0,6,3,0,1,8,8,1
45,45,decoder_1_Kt7,1,14,52,6,5,52,0,6,4,0,1,8,8,1
45,45,decoder_1_Kt7,1,14,53,7,5,53,0,6,5,0,1,8,8,1
45,45,decoder_1_Kt7,1,14,54,6,4,54,0,6,6,0,1,8,8,1
45,45,decoder_1_Kt7,1,14,55,7,4,55,0,6,7,0,1,8,8,1
45,45,decoder_1_Kt7,1,13,56,6,3,56,0,7,0,0,1,8,8,1
45,45,decoder_1_Kt7,1,13,57,7,3,57,0,7,1,0,1,8,8,1
45,45,decoder_1_Kt7,1,13,58,6,2,58,0,7,2,0,1,8,8,1
45,45,decoder_1_Kt7,1,13,59,7,2,59,0,7,3,0,1,8,8,1
45,45,decoder_1_Kt7,1,12,60,6,1,60,0,7,4,0,1,8,8,1
45,45,decoder_1_Kt7,1,12,61,7,1,61,0,7,5,0,1,8,8,1
45,45,decoder_1_Kt7,1,12,62,6,0,62,0,7,6,0,1,8,8,1
45,45,decoder_1_Kt7,1,12,63,7,0,63,0,7,7,0,1,8,8,1
46,46,decoder_1_K,1,0,0,0,0,0,0,0,0,0,1,8,8,1
46,46,decoder_1_K,1,0,1,1,0,1,0,0,1,0,1,8,8,1
46,46,decoder_1_K,1,0,2,0,1,2,0,0,2,0,1,8,8,1
46,46,decoder_1_K,1,0,3,1,1,3,0,0,3,0,1,8,8,1
46,46,decoder_1_K,1,1,4,0,2,4,0,0,4,0,1,8,8,1
46,46,decoder_1_K,1,1,5,1,2,5,0,0,5,0,1,8,8,1
46,46,decoder_1_K,1,1,6,0,3,6,0,0,6,0,1,8,8,1
46,46,decoder_1_K,1,1,7,1,3,7,0,0,7,0,1,8,8,1
46,46,decoder_1_K,1,2,8,0,4,8,0,1,0,0,1,8,8,1
46,46,decoder_1_K,1,2,9,1,4,9,0,1,1,0,1,8,8,1
46,46,decoder_1_K,1,2,10,0,5,10,0,1,2,0,1,8,8,1
46,46,decoder_1_K,1,2,11,1,5,11,0,1,3,0,1,8,8,1
46,46,decoder_1_K,1,3,12,0,6,12,0,1,4,0,1,8,8,1
46,46,decoder_1_K,1,3,13,1,6,13,0,1,5,0,1,8,8,1
46,46,decoder_1_K,1,3,14,0,7,14,0,1,6,0,1,8,8,1
46,46,decoder_1_K,1,3,15,1,7,15,0,1,7,0,1,8,8,1
46,46,decoder_1_K,1,7,16,2,7,16,0,2,0,0,1,8,8,1
46,46,decoder_1_K,1,7,17,3,7,17,0,2,1,0,1,8,8,1
46,46,decoder_1_K,1,7,18,2,6,18,0,2,2,0,1,8,8,1
46,46,decoder_1_K,1,7,19,3,6,19,0,2,3,0,1,8,8,1
46,46,decoder_1_K,1,6,20,2,5,20,0,2,4,0,1,8,8,1
46,46,decoder_1_K,1,6,21,3,5,21,0,2,5,0,1,8,8,1
46,46,decoder_1_K,1,6,22,2,4,22,0,2,6,0,1,8,8,1
46,46,decoder_1_K,1,6,23,3,4,23,0,2,7,0,1,8,8,1
46,46,decoder_1_K,1,5,24,2,3,24,0,3,0,0,1,8,8,1
46,46,decoder_1_K,1,5,25,3,3,25,0,3,1,0,1,8,8,1
46,46,decoder_1_K,1,5,26,2,2,26,0,3,2,0,1,8,8,1
46,46,decoder_1_K,1,5,27,3,2,27,0,3,3,0,1,8,8,1
46,46,decoder_1_K,1,4,28,2,1,28,0,3,4,0,1,8,8,1
46,46,decoder_1_K,1,4,29,3,1,29,0,3,5,0,1,8,8,1
46,46,decoder_1_K,1,4,30,2,0,30,0,3,6,0,1,8,8,1
46,46,decoder_1_K,1,4,31,3,0,31,0,3,7,0,1,8,8,1
46,46,decoder_1_K,1,8,32,4,0,32,0,4,0,0,1,8,8,1
46,46,decoder_1_K,1,8,33,5,0,33,0,4,1,0,1,8,8,1
46,46,decoder_1_K,1,8,34,4,1,34,0,4,2,0,1,8,8,1
46,46,decoder_1_K,1,8,35,5,1,35,0,4,3,0,1,8,8,1
46,46,decoder_1_K,1,9,36,4,2,36,0,4,4,0,1,8,8,1
46,46,decoder_1_K,1,9,37,5,2,37,0,4,5,0,1,8,8,1
46,46,decoder_1_K,1,9,38,4,3,38,0,4,6,0,1,8,8,1
46,46,decoder_1_K,1,9,39,5,3,39,0,4,7,0,1,8,8,1
46,46,decoder_1_K,1,10,40,4,4,40,0,5,0,0,1,8,8,1
46,46,decoder_1_K,1,10,41,5,4,41,0,5,1,0,1,8,8,1
46,46,decoder_1_K,1,10,42,4,5,42,0,5,2,0,1,8,8,1
46,46,decoder_1_K,1,10,43,5,5,43,0,5,3,0,1,8,8,1
46,46,decoder_1_K,1,11,44,4,6,44,0,5,4,0,1,8,8,1
46,46,decoder_1_K,1,11,45,5,6,45,0,5,5,0,1,8,8,1
46,46,decoder_1_K,1,11,46,4,7,46,0,5,6,0,1,8,8,1
46,46,decoder_1_K,1,11,47,5,7,47,0,5,7,0,1,8,8,1
46,46,decoder_1_K,1,15,48,6,7,48,0,6,0,0,1,8,8,1
46,46,decoder_1_K,1,15,49,7,7,49,0,6,1,0,1,8,8,1
46,46,decoder_1_K,1,15,50,6,6,50,0,6,2,0,1,8,8,1
46,46,decoder_1_K,1,15,51,7,6,51,0,6,3,0,1,8,8,1
46,46,decoder_1_K,1,14,52,6,5,52,0,6,4,0,1,8,8,1
46,46,decoder_1_K,1,14,53,7,5,53,0,6,5,0,1,8,8,1
46,46,decoder_1_K,1,14,54,6,4,54,0,6,6,0,1,8,8,1
46,46,decoder_1_K,1,14,55,7,4,55,0,6,7,0,1,8,8,1
46,46,decoder_1_K,1,13,56,6,3,56,0,7,0,0,1,8,8,1
46,46,decoder_1_K,1,13,57,7,3,57,0,7,1,0,1,8,8,1
46,46,decoder_1_K,1,13,58,6,2,58,0,7,2,0,1,8,8,1
46,46,decoder_1_K,1,13,59,7,2,59,0,7,3,0,1,8,8,1
46,46,decoder_1_K,1,12,60,6,1,60,0,7,4,0,1,8,8,1
46,46,decoder_1_K,1,12,61,7,1,61,0,7,5,0,1,8,8,1
46,46,decoder_1_K,1,12,62,6,0,62,0,7,6,0,1,8,8,1
46,46,decoder_1_K,1,12,63,7,0,63,0,7,7,0,1,8,8,1
47,47,decoder_1_V,1,0,0,0,0,0,0,0,0,0,1,8,8,1
47,47,decoder_1_V,1,0,1,1,0,1,0,0,1,0,1,8,8,1
47,47,decoder_1_V,1,0,2,0,1,2,0,0,2,0,1,8,8,1
47,47,decoder_1_V,1,0,3,1,1,3,0,0,3,0,1,8,8,1
47,47,decoder_1_V,1,1,4,0,2,4,0,0,4,0,1,8,8,1
47,47,decoder_1_V,1,1,5,1,2,5,0,0,5,0,1,8,8,1
47,47,decoder_1_V,1,1,6,0,3,6,0,0,6,0,1,8,8,1
47,47,decoder_1_V,1,1,7,1,3,7,0,0,7,0,1,8,8,1
47,47,decoder_1_V,1,2,8,0,4,8,0,1,0,0,1,8,8,1
47,47,decoder_1_V,1,2,9,1,4,9,0,1,1,0,1,8,8,1
47,47,decoder_1_V,1,2,10,0,5,10,0,1,2,0,1,8,8,1
47,47,decoder_1_V,1,2,11,1,5,11,0,1,3,0,1,8,8,1
47,47,decoder_1_V,1,3,12,0,6,12,0,1,4,0,1,8,8,1
47,47,decoder_1_V,1,3,13,1,6,13,0,1,5,0,1,8,8,1
47,47,decoder_1_V,1,3,14,0,7,14,0,1,6,0,1,8,8,1
47,47,decoder_1_V,1,3,15,1,7,15,0,1,7,0,1,8,8,1
47,47,decoder_1_V,1,7,16,2,7,16,0,2,0,0,1,8,8,1
47,47,decoder_1_V,1,7,17,3,7,17,0,2,1,0,1,8,8,1
47,47,decoder_1_V,1,7,18,2,6,18,0,2,2,0,1,8,8,1
47,47,decoder_1_V,1,7,19,3,6,19,0,2,3,0,1,8,8,1
47,47,decoder_1_V,1,6,20,2,5,20,0,2,4,0,1,8,8,1
47,47,decoder_1_V,1,6,21,3,5,21,0,2,5,0,1,8,8,1
47,47,decoder_1_V,1,6,22,2,4,22,0,2,6,0,1,8,8,1
47,47,decoder_1_V,1,6,23,3,4,23,0,2,7,0,1,8,8,1
47,47,decoder_1_V,1,5,24,2,3,24,0,3,0,0,1,8,8,1
47,47,decoder_1_V,1,5,25,3,3,25,0,3,1,0,1,8,8,1
47,47,decoder_1_V,1,5,26,2,2,26,0,3,2,0,1,8,8,1
47,47,decoder_1_V,1,5,27,3,2,27,0,3,3,0,1,8,8,1
47,47,decoder_1_V,1,4,28,2,1,28,0,3,4,0,1,8,8,1
47,47,decoder_1_V,1,4,29,3,1,29,0,3,5,0,1,8,8,1
47,47,decoder_1_V,1,4,30,2,0,30,0,3,6,0,1,8,8,1
47,47,decoder_1_V,1,4,31,3,0,31,0,3,7,0,1,8,8,1
47,47,decoder_1_V,1,8,32,4,0,32,0,4,0,0,1,8,8,1
47,47,decoder_1_V,1,8,33,5,0,33,0,4,1,0,1,8,8,1
47,47,decoder_1_V,1,8,34,4,1,34,0,4,2,0,1,8,8,1
47,47,decoder_1_V,1,8,35,5,1,35,0,4,3,0,1,8,8,1
47,47,decoder_1_V,1,9,36,4,2,36,0,4,4,0,1,8,8,1
47,47,decoder_1_V,1,9,37,5,2,37,0,4,5,0,1,8,8,1
47,47,decoder_1_V,1,9,38,4,3,38,0,4,6,0,1,8,8,1
47,47,decoder_1_V,1,9,39,5,3,39,0,4,7,0,1,8,8,1
47,47,decoder_1_V,1,10,40,4,4,40,0,5,0,0,1,8,8,1
47,47,decoder_1_V,1,10,41,5,4,41,0,5,1,0,1,8,8,1
47,47,decoder_1_V,1,10,42,4,5,42,0,5,2,0,1,8,8,1
47,47,decoder_1_V,1,10,43,5,5,43,0,5,3,0,1,8,8,1
47,47,decoder_1_V,1,11,44,4,6,44,0,5,4,0,1,8,8,1
47,47,decoder_1_V,1,11,45,5,6,45,0,5,5,0,1,8,8,1
47,47,decoder_1_V,1,11,46,4,7,46,0,5,6,0,1,8,8,1
47,47,decoder_1_V,1,11,47,5,7,47,0,5,7,0,1,8,8,1
47,47,decoder_1_V,1,15,48,6,7,48,0,6,0,0,1,8,8,1
47,47,decoder_1_V,1,15,49,7,7,49,0,6,1,0,1,8,8,1
47,47,decoder_1_V,1,15,50,6,6,50,0,6,2,0,1,8,8,1
47,47,decoder_1_V,1,15,51,7,6,51,0,6,3,0,1,8,8,1
47,47,decoder_1_V,1,14,52,6,5,52,0,6,4,0,1,8,8,1
47,47,decoder_1_V,1,14,53,7,5,53,0,6,5,0,1,8,8,1
47,47,decoder_1_V,1,14,54,6,4,54,0,6,6,0,1,8,8,1
47,47,decoder_1_V,1,14,55,7,4,55,0,6,7,0,1,8,8,1
47,47,decoder_1_V,1,13,56,6,3,56,0,7,0,0,1,8,8,1
47,47,decoder_1_V,1,13,57,7,3,57,0,7,1,0,1,8,8,1
47,47,decoder_1_V,1,13,58,6,2,58,0,7,2,0,1,8,8,1
47,47,decoder_1_V,1,13,59,7,2,59,0,7,3,0,1,8,8,1
47,47,decoder_1_V,1,12,60,6,1,60,0,7,4,0,1,8,8,1
47,47,decoder_1_V,1,12,61,7,1,61,0,7,5,0,1,8,8,1
47,47,decoder_1_V,1,12,62,6,0,62,0,7,6,0,1,8,8,1
47,47,decoder_1_V,1,12,63,7,0,63,0,7,7,0,1,8,8,1
48,48,decoder_1_QK,1,0,0,0,0,0,0,0,0,0,1,10,5,1
48,48,decoder_1_QK,1,0,1,1,0,1,0,0,1,0,1,10,5,1
48,49,decoder_1_QK_elt,1,0,2,0,1,5,0,2,1,0,1,7,2,1
48,48,decoder_1_QK,1,0,3,1,1,2,0,0,2,0,1,10,5,1
48,48,decoder_1_QK,1,1,4,0,2,3,0,0,3,0,1,10,5,1
48,48,decoder_1_QK,1,1,5,1,2,4,0,0,4,0,1,10,5,1
48,48,decoder_1_QK,1,1,6,0,3,5,0,1,0,0,1,10,5,1
48,48,decoder_1_QK,1,1,7,1,3,6,0,1,1,0,1,10,5,1
48,48,decoder_1_QK,1,2,8,0,4,7,0,1,2,0,1,10,5,1
48,48,decoder_1_QK,1,2,9,1,4,8,0,1,3,0,1,10,5,1
48,48,decoder_1_QK,1,2,10,0,5,9,0,1,4,0,1,10,5,1
48,48,decoder_1_QK,1,2,11,1,5,10,0,2,0,0,1,10,5,1
48,48,decoder_1_QK,1,3,12,0,6,11,0,2,1,0,1,10,5,1
48,48,decoder_1_QK,1,3,13,1,6,24,0,4,4,0,1,10,5,1
48,48,decoder_1_QK,1,3,14,0,7,13,0,2,3,0,1,10,5,1
48,48,decoder_1_QK,1,3,15,1,7,14,0,2,4,0,1,10,5,1
48,48,decoder_1_QK,1,7,16,2,7,15,0,3,0,0,1,10,5,1
48,48,decoder_1_QK,1,7,17,3,7,17,0,3,2,0,1,10,5,1
48,48,decoder_1_QK,1,7,18,2,6,18,0,3,3,0,1,10,5,1
48,48,decoder_1_QK,1,7,19,3,6,19,0,3,4,0,1,10,5,1
48,48,decoder_1_QK,1,6,20,2,5,20,0,4,0,0,1,10,5,1
48,48,decoder_1_QK,1,6,21,3,5,21,0,4,1,0,1,10,5,1
48,48,decoder_1_QK,1,6,22,2,4,22,0,4,2,0,1,10,5,1
48,48,decoder_1_QK,1,6,23,3,4,23,0,4,3,0,1,10,5,1
48,48,decoder_1_QK,1,5,24,2,3,12,0,2,2,0,1,10,5,1
48,49,decoder_1_QK_elt,1,5,25,3,3,4,0,2,0,0,1,7,2,1
48,48,decoder_1_QK,1,5,26,2,2,25,0,5,0,0,1,10,5,1
48,48,decoder_1_QK,1,5,27,3,2,26,0,5,1,0,1,10,5,1
48,48,decoder_1_QK,1,4,28,2,1,27,0,5,2,0,1,10,5,1
48,48,decoder_1_QK,1,4,29,3,1,28,0,5,3,0,1,10,5,1
48,48,decoder_1_QK,1,4,30,2,0,29,0,5,4,0,1,10,5,1
48,48,decoder_1_QK,1,4,31,3,0,30,0,6,0,0,1,10,5,1
48,48,decoder_1_QK,1,8,32,4,0,31,0,6,1,0,1,10,5,1
48,48,decoder_1_QK,1,8,33,5,0,32,0,6,2,0,1,10,5,1
48,48,decoder_1_QK,1,8,34,4,1,33,0,6,3,0,1,10,5,1
48,48,decoder_1_QK,1,8,35,5,1,34,0,6,4,0,1,10,5,1
48,48,decoder_1_QK,1,9,36,4,2,35,0,7,0,0,1,10,5,1
48,48,decoder_1_QK,1,9,37,5,2,36,0,7,1,0,1,10,5,1
48,48,decoder_1_QK,1,9,38,4,3,37,0,7,2,0,1,10,5,1
48,48,decoder_1_QK,1,9,39,5,3,38,0,7,3,0,1,10,5,1
48,48,decoder_1_QK,1,10,40,4,4,39,0,7,4,0,1,10,5,1
48,48,decoder_1_QK,1,10,41,5,4,40,0,8,0,0,1,10,5,1
48,48,decoder_1_QK,1,10,42,4,5,41,0,8,1,0,1,10,5,1
48,48,decoder_1_QK,1,10,43,5,5,42,0,8,2,0,1,10,5,1
48,48,decoder_1_QK,1,11,44,4,6,46,0,9,1,0,1,10,5,1
48,48,decoder_1_QK,1,11,45,5,6,44,0,8,4,0,1,10,5,1
48,48,decoder_1_QK,1,11,46,4,7,45,0,9,0,0,1,10,5,1
48,48,decoder_1_QK,1,11,47,5,7,43,0,8,3,0,1,10,5,1
48,48,decoder_1_QK,1,15,48,6,7,47,0,9,2,0,1,10,5,1
48,48,decoder_1_QK,1,15,49,7,7,48,0,9,3,0,1,10,5,1
48,48,decoder_1_QK,1,15,50,6,6,49,0,9,4,0,1,10,5,1
48,49,decoder_1_QK_elt,1,15,51,7,6,0,0,0,0,0,1,7,2,1
48,49,decoder_1_QK_elt,1,14,52,6,5,1,0,0,1,0,1,7,2,1
48,49,decoder_1_QK_elt,1,14,53,7,5,2,0,1,0,0,1,7,2,1
48,49,decoder_1_QK_elt,1,14,54,6,4,3,0,1,1,0,1,7,2,1
48,49,decoder_1_QK_elt,1,14,55,7,4,6,0,3,0,0,1,7,2,1
48,48,decoder_1_QK,1,13,56,6,3,16,0,3,1,0,1,10,5,1
48,49,decoder_1_QK_elt,1,13,57,7,3,7,0,3,1,0,1,7,2,1
48,49,decoder_1_QK_elt,1,13,58,6,2,8,0,4,0,0,1,7,2,1
48,49,decoder_1_QK_elt,1,13,59,7,2,9,0,4,1,0,1,7,2,1
48,49,decoder_1_QK_elt,1,12,60,6,1,10,0,5,0,0,1,7,2,1
48,49,decoder_1_QK_elt,1,12,61,7,1,11,0,5,1,0,1,7,2,1
48,49,decoder_1_QK_elt,1,12,62,6,0,12,0,6,0,0,1,7,2,1
48,49,decoder_1_QK_elt,1,12,63,7,0,13,0,6,1,0,1,7,2,1
49,50,decoder_1_QKV,1,0,0,0,0,0,0,0,0,0,1,8,8,1
49,50,decoder_1_QKV,1,0,1,1,0,1,0,0,1,0,1,8,8,1
49,50,decoder_1_QKV,1,0,2,0,1,2,0,0,2,0,1,8,8,1
49,50,decoder_1_QKV,1,0,3,1,1,3,0,0,3,0,1,8,8,1
49,50,decoder_1_QKV,1,1,4,0,2,4,0,0,4,0,1,8,8,1
49,50,decoder_1_QKV,1,1,5,1,2,5,0,0,5,0,1,8,8,1
49,50,decoder_1_QKV,1,1,6,0,3,6,0,0,6,0,1,8,8,1
49,50,decoder_1_QKV,1,1,7,1,3,7,0,0,7,0,1,8,8,1
49,50,decoder_1_QKV,1,2,8,0,4,8,0,1,0,0,1,8,8,1
49,50,decoder_1_QKV,1,2,9,1,4,9,0,1,1,0,1,8,8,1
49,50,decoder_1_QKV,1,2,10,0,5,10,0,1,2,0,1,8,8,1
49,50,decoder_1_QKV,1,2,11,1,5,11,0,1,3,0,1,8,8,1
49,50,decoder_1_QKV,1,3,12,0,6,12,0,1,4,0,1,8,8,1
49,50,decoder_1_QKV,1,3,13,1,6,13,0,1,5,0,1,8,8,1
49,50,decoder_1_QKV,1,3,14,0,7,14,0,1,6,0,1,8,8,1
49,50,decoder_1_QKV,1,3,15,1,7,15,0,1,7,0,1,8,8,1
49,50,decoder_1_QKV,1,7,16,2,7,16,0,2,0,0,1,8,8,1
49,50,decoder_1_QKV,1,7,17,3,7,17,0,2,1,0,1,8,8,1
49,50,decoder_1_QKV,1,7,18,2,6,18,0,2,2,0,1,8,8,1
49,50,decoder_1_QKV,1,7,19,3,6,19,0,2,3,0,1,8,8,1
49,50,decoder_1_QKV,1,6,20,2,5,20,0,2,4,0,1,8,8,1
49,50,decoder_1_QKV,1,6,21,3,5,21,0,2,5,0,1,8,8,1
49,50,decoder_1_QKV,1,6,22,2,4,22,0,2,6,0,1,8,8,1
49,50,decoder_1_QKV,1,6,23,3,4,23,0,2,7,0,1,8,8,1
49,50,decoder_1_QKV,1,5,24,2,3,24,0,3,0,0,1,8,8,1
49,50,decoder_1_QKV,1,5,25,3,3,25,0,3,1,0,1,8,8,1
49,50,decoder_1_QKV,1,5,26,2,2,26,0,3,2,0,1,8,8,1
49,50,decoder_1_QKV,1,5,27,3,2,27,0,3,3,0,1,8,8,1
49,50,decoder_1_QKV,1,4,28,2,1,28,0,3,4,0,1,8,8,1
49,50,decoder_1_QKV,1,4,29,3,1,29,0,3,5,0,1,8,8,1
49,50,decoder_1_QKV,1,4,30,2,0,30,0,3,6,0,1,8,8,1
49,50,decoder_1_QKV,1,4,31,3,0,31,0,3,7,0,1,8,8,1
49,50,decoder_1_QKV,1,8,32,4,0,32,0,4,0,0,1,8,8,1
49,50,decoder_1_QKV,1,8,33,5,0,33,0,4,1,0,1,8,8,1
49,50,decoder_1_QKV,1,8,34,4,1,34,0,4,2,0,1,8,8,1
49,50,decoder_1_QKV,1,8,35,5,1,35,0,4,3,0,1,8,8,1
49,50,decoder_1_QKV,1,9,36,4,2,36,0,4,4,0,1,8,8,1
49,50,decoder_1_QKV,1,9,37,5,2,37,0,4,5,0,1,8,8,1
49,50,decoder_1_QKV,1,9,38,4,3,38,0,4,6,0,1,8,8,1
49,50,decoder_1_QKV,1,9,39,5,3,39,0,4,7,0,1,8,8,1
49,50,decoder_1_QKV,1,10,40,4,4,40,0,5,0,0,1,8,8,1
49,50,decoder_1_QKV,1,10,41,5,4,41,0,5,1,0,1,8,8,1
49,50,decoder_1_QKV,1,10,42,4,5,42,0,5,2,0,1,8,8,1
49,50,decoder_1_QKV,1,10,43,5,5,43,0,5,3,0,1,8,8,1
49,50,decoder_1_QKV,1,11,44,4,6,44,0,5,4,0,1,8,8,1
49,50,decoder_1_QKV,1,11,45,5,6,45,0,5,5,0,1,8,8,1
49,50,decoder_1_QKV,1,11,46,4,7,46,0,5,6,0,1,8,8,1
49,50,decoder_1_QKV,1,11,47,5,7,47,0,5,7,0,1,8,8,1
49,50,decoder_1_QKV,1,15,48,6,7,48,0,6,0,0,1,8,8,1
49,50,decoder_1_QKV,1,15,49,7,7,49,0,6,1,0,1,8,8,1
49,50,decoder_1_QKV,1,15,50,6,6,50,0,6,2,0,1,8,8,1
49,50,decoder_1_QKV,1,15,51,7,6,51,0,6,3,0,1,8,8,1
49,50,decoder_1_QKV,1,14,52,6,5,52,0,6,4,0,1,8,8,1
49,50,decoder_1_QKV,1,14,53,7,5,53,0,6,5,0,1,8,8,1
49,50,decoder_1_QKV,1,14,54,6,4,54,0,6,6,0,1,8,8,1
49,50,decoder_1_QKV,1,14,55,7,4,55,0,6,7,0,1,8,8,1
49,50,decoder_1_QKV,1,13,56,6,3,56,0,7,0,0,1,8,8,1
49,50,decoder_1_QKV,1,13,57,7,3,57,0,7,1,0,1,8,8,1
49,50,decoder_1_QKV,1,13,58,6,2,58,0,7,2,0,1,8,8,1
49,50,decoder_1_QKV,1,13,59,7,2,59,0,7,3,0,1,8,8,1
49,50,decoder_1_QKV,1,12,60,6,1,60,0,7,4,0,1,8,8,1
49,50,decoder_1_QKV,1,12,61,7,1,61,0,7,5,0,1,8,8,1
49,50,decoder_1_QKV,1,12,62,6,0,62,0,7,6,0,1,8,8,1
49,50,decoder_1_QKV,1,12,63,7,0,63,0,7,7,0,1,8,8,1
50,51,decoder_1_FC,1,0,0,0,0,0,0,0,0,0,1,8,8,1
50,51,decoder_1_FC,1,0,1,1,0,1,0,0,1,0,1,8,8,1
50,51,decoder_1_FC,1,0,2,0,1,2,0,0,2,0,1,8,8,1
50,51,decoder_1_FC,1,0,3,1,1,3,0,0,3,0,1,8,8,1
50,51,decoder_1_FC,1,1,4,0,2,4,0,0,4,0,1,8,8,1
50,51,decoder_1_FC,1,1,5,1,2,5,0,0,5,0,1,8,8,1
50,51,decoder_1_FC,1,1,6,0,3,6,0,0,6,0,1,8,8,1
50,51,decoder_1_FC,1,1,7,1,3,7,0,0,7,0,1,8,8,1
50,51,decoder_1_FC,1,2,8,0,4,8,0,1,0,0,1,8,8,1
50,51,decoder_1_FC,1,2,9,1,4,9,0,1,1,0,1,8,8,1
50,51,decoder_1_FC,1,2,10,0,5,10,0,1,2,0,1,8,8,1
50,51,decoder_1_FC,1,2,11,1,5,11,0,1,3,0,1,8,8,1
50,51,decoder_1_FC,1,3,12,0,6,12,0,1,4,0,1,8,8,1
50,51,decoder_1_FC,1,3,13,1,6,13,0,1,5,0,1,8,8,1
50,51,decoder_1_FC,1,3,14,0,7,14,0,1,6,0,1,8,8,1
50,51,decoder_1_FC,1,3,15,1,7,15,0,1,7,0,1,8,8,1
50,51,decoder_1_FC,1,7,16,2,7,16,0,2,0,0,1,8,8,1
50,51,decoder_1_FC,1,7,17,3,7,17,0,2,1,0,1,8,8,1
50,51,decoder_1_FC,1,7,18,2,6,18,0,2,2,0,1,8,8,1
50,51,decoder_1_FC,1,7,19,3,6,19,0,2,3,0,1,8,8,1
50,51,decoder_1_FC,1,6,20,2,5,20,0,2,4,0,1,8,8,1
50,51,decoder_1_FC,1,6,21,3,5,21,0,2,5,0,1,8,8,1
50,51,decoder_1_FC,1,6,22,2,4,22,0,2,6,0,1,8,8,1
50,51,decoder_1_FC,1,6,23,3,4,23,0,2,7,0,1,8,8,1
50,51,decoder_1_FC,1,5,24,2,3,24,0,3,0,0,1,8,8,1
50,51,decoder_1_FC,1,5,25,3,3,25,0,3,1,0,1,8,8,1
50,51,decoder_1_FC,1,5,26,2,2,26,0,3,2,0,1,8,8,1
50,51,decoder_1_FC,1,5,27,3,2,27,0,3,3,0,1,8,8,1
50,51,decoder_1_FC,1,4,28,2,1,28,0,3,4,0,1,8,8,1
50,51,decoder_1_FC,1,4,29,3,1,29,0,3,5,0,1,8,8,1
50,51,decoder_1_FC,1,4,30,2,0,30,0,3,6,0,1,8,8,1
50,51,decoder_1_FC,1,4,31,3,0,31,0,3,7,0,1,8,8,1
50,51,decoder_1_FC,1,8,32,4,0,32,0,4,0,0,1,8,8,1
50,51,decoder_1_FC,1,8,33,5,0,33,0,4,1,0,1,8,8,1
50,51,decoder_1_FC,1,8,34,4,1,34,0,4,2,0,1,8,8,1
50,51,decoder_1_FC,1,8,35,5,1,35,0,4,3,0,1,8,8,1
50,51,decoder_1_FC,1,9,36,4,2,36,0,4,4,0,1,8,8,1
50,51,decoder_1_FC,1,9,37,5,2,37,0,4,5,0,1,8,8,1
50,51,decoder_1_FC,1,9,38,4,3,38,0,4,6,0,1,8,8,1
50,51,decoder_1_FC,1,9,39,5,3,39,0,4,7,0,1,8,8,1
50,51,decoder_1_FC,1,10,40,4,4,40,0,5,0,0,1,8,8,1
50,51,decoder_1_FC,1,10,41,5,4,41,0,5,1,0,1,8,8,1
50,51,decoder_1_FC,1,10,42,4,5,42,0,5,2,0,1,8,8,1
50,51,decoder_1_FC,1,10,43,5,5,43,0,5,3,0,1,8,8,1
50,51,decoder_1_FC,1,11,44,4,6,44,0,5,4,0,1,8,8,1
50,51,decoder_1_FC,1,11,45,5,6,45,0,5,5,0,1,8,8,1
50,51,decoder_1_FC,1,11,46,4,7,46,0,5,6,0,1,8,8,1
50,51,decoder_1_FC,1,11,47,5,7,47,0,5,7,0,1,8,8,1
50,51,decoder_1_FC,1,15,48,6,7,48,0,6,0,0,1,8,8,1
50,51,decoder_1_FC,1,15,49,7,7,49,0,6,1,0,1,8,8,1
50,51,decoder_1_FC,1,15,50,6,6,50,0,6,2,0,1,8,8,1
50,51,decoder_1_FC,1,15,51,7,6,51,0,6,3,0,1,8,8,1
50,51,decoder_1_FC,1,14,52,6,5,52,0,6,4,0,1,8,8,1
50,51,decoder_1_FC,1,14,53,7,5,53,0,6,5,0,1,8,8,1
50,51,decoder_1_FC,1,14,54,6,4,54,0,6,6,0,1,8,8,1
50,51,decoder_1_FC,1,14,55,7,4,55,0,6,7,0,1,8,8,1
50,51,decoder_1_FC,1,13,56,6,3,56,0,7,0,0,1,8,8,1
50,51,decoder_1_FC,1,13,57,7,3,57,0,7,1,0,1,8,8,1
50,51,decoder_1_FC,1,13,58,6,2,58,0,7,2,0,1,8,8,1
50,51,decoder_1_FC,1,13,59,7,2,59,0,7,3,0,1,8,8,1
50,51,decoder_1_FC,1,12,60,6,1,60,0,7,4,0,1,8,8,1
50,51,decoder_1_FC,1,12,61,7,1,61,0,7,5,0,1,8,8,1
50,51,decoder_1_FC,1,12,62,6,0,62,0,7,6,0,1,8,8,1
50,51,decoder_1_FC,1,12,63,7,0,63,0,7,7,0,1,8,8,1
51,52,decoder_elt1,1,0,0,0,0,0,0,0,0,0,1,8,8,1
51,52,decoder_elt1,1,0,1,1,0,1,0,0,1,0,1,8,8,1
51,52,decoder_elt1,1,0,2,0,1,2,0,0,2,0,1,8,8,1
51,52,decoder_elt1,1,0,3,1,1,3,0,0,3,0,1,8,8,1
51,52,decoder_elt1,1,1,4,0,2,4,0,0,4,0,1,8,8,1
51,52,decoder_elt1,1,1,5,1,2,5,0,0,5,0,1,8,8,1
51,52,decoder_elt1,1,1,6,0,3,6,0,0,6,0,1,8,8,1
51,52,decoder_elt1,1,1,7,1,3,7,0,0,7,0,1,8,8,1
51,52,decoder_elt1,1,2,8,0,4,8,0,1,0,0,1,8,8,1
51,52,decoder_elt1,1,2,9,1,4,9,0,1,1,0,1,8,8,1
51,52,decoder_elt1,1,2,10,0,5,10,0,1,2,0,1,8,8,1
51,52,decoder_elt1,1,2,11,1,5,11,0,1,3,0,1,8,8,1
51,52,decoder_elt1,1,3,12,0,6,12,0,1,4,0,1,8,8,1
51,52,decoder_elt1,1,3,13,1,6,13,0,1,5,0,1,8,8,1
51,52,decoder_elt1,1,3,14,0,7,14,0,1,6,0,1,8,8,1
51,52,decoder_elt1,1,3,15,1,7,15,0,1,7,0,1,8,8,1
51,52,decoder_elt1,1,7,16,2,7,16,0,2,0,0,1,8,8,1
51,52,decoder_elt1,1,7,17,3,7,17,0,2,1,0,1,8,8,1
51,52,decoder_elt1,1,7,18,2,6,18,0,2,2,0,1,8,8,1
51,52,decoder_elt1,1,7,19,3,6,19,0,2,3,0,1,8,8,1
51,52,decoder_elt1,1,6,20,2,5,20,0,2,4,0,1,8,8,1
51,52,decoder_elt1,1,6,21,3,5,21,0,2,5,0,1,8,8,1
51,52,decoder_elt1,1,6,22,2,4,22,0,2,6,0,1,8,8,1
51,52,decoder_elt1,1,6,23,3,4,23,0,2,7,0,1,8,8,1
51,52,decoder_elt1,1,5,24,2,3,24,0,3,0,0,1,8,8,1
51,52,decoder_elt1,1,5,25,3,3,25,0,3,1,0,1,8,8,1
51,52,decoder_elt1,1,5,26,2,2,26,0,3,2,0,1,8,8,1
51,52,decoder_elt1,1,5,27,3,2,27,0,3,3,0,1,8,8,1
51,52,decoder_elt1,1,4,28,2,1,28,0,3,4,0,1,8,8,1
51,52,decoder_elt1,1,4,29,3,1,29,0,3,5,0,1,8,8,1
51,52,decoder_elt1,1,4,30,2,0,30,0,3,6,0,1,8,8,1
51,52,decoder_elt1,1,4,31,3,0,31,0,3,7,0,1,8,8,1
51,52,decoder_elt1,1,8,32,4,0,32,0,4,0,0,1,8,8,1
51,52,decoder_elt1,1,8,33,5,0,33,0,4,1,0,1,8,8,1
51,52,decoder_elt1,1,8,34,4,1,34,0,4,2,0,1,8,8,1
51,52,decoder_elt1,1,8,35,5,1,35,0,4,3,0,1,8,8,1
51,52,decoder_elt1,1,9,36,4,2,36,0,4,4,0,1,8,8,1
51,52,decoder_elt1,1,9,37,5,2,37,0,4,5,0,1,8,8,1
51,52,decoder_elt1,1,9,38,4,3,38,0,4,6,0,1,8,8,1
51,52,decoder_elt1,1,9,39,5,3,39,0,4,7,0,1,8,8,1
51,52,decoder_elt1,1,10,40,4,4,40,0,5,0,0,1,8,8,1
51,52,decoder_elt1,1,10,41,5,4,41,0,5,1,0,1,8,8,1
51,52,decoder_elt1,1,10,42,4,5,42,0,5,2,0,1,8,8,1
51,52,decoder_elt1,1,10,43,5,5,43,0,5,3,0,1,8,8,1
51,52,decoder_elt1,1,11,44,4,6,44,0,5,4,0,1,8,8,1
51,52,decoder_elt1,1,11,45,5,6,45,0,5,5,0,1,8,8,1
51,52,decoder_elt1,1,11,46,4,7,46,0,5,6,0,1,8,8,1
51,52,decoder_elt1,1,11,47,5,7,47,0,5,7,0,1,8,8,1
51,52,decoder_elt1,1,15,48,6,7,48,0,6,0,0,1,8,8,1
51,52,decoder_elt1,1,15,49,7,7,49,0,6,1,0,1,8,8,1
51,52,decoder_elt1,1,15,50,6,6,50,0,6,2,0,1,8,8,1
51,52,decoder_elt1,1,15,51,7,6,51,0,6,3,0,1,8,8,1
51,52,decoder_elt1,1,14,52,6,5,52,0,6,4,0,1,8,8,1
51,52,decoder_elt1,1,14,53,7,5,53,0,6,5,0,1,8,8,1
51,52,decoder_elt1,1,14,54,6,4,54,0,6,6,0,1,8,8,1
51,52,decoder_elt1,1,14,55,7,4,55,0,6,7,0,1,8,8,1
51,52,decoder_elt1,1,13,56,6,3,56,0,7,0,0,1,8,8,1
51,52,decoder_elt1,1,13,57,7,3,57,0,7,1,0,1,8,8,1
51,52,decoder_elt1,1,13,58,6,2,58,0,7,2,0,1,8,8,1
51,52,decoder_elt1,1,13,59,7,2,59,0,7,3,0,1,8,8,1
51,52,decoder_elt1,1,12,60,6,1,60,0,7,4,0,1,8,8,1
51,52,decoder_elt1,1,12,61,7,1,61,0,7,5,0,1,8,8,1
51,52,decoder_elt1,1,12,62,6,0,62,0,7,6,0,1,8,8,1
51,52,decoder_elt1,1,12,63,7,0,63,0,7,7,0,1,8,8,1
52,53,decoder_2_Q,1,0,0,0,0,0,0,0,0,0,1,8,8,1
52,53,decoder_2_Q,1,0,1,1,0,1,0,0,1,0,1,8,8,1
52,53,decoder_2_Q,1,0,2,0,1,2,0,0,2,0,1,8,8,1
52,53,decoder_2_Q,1,0,3,1,1,3,0,0,3,0,1,8,8,1
52,53,decoder_2_Q,1,1,4,0,2,4,0,0,4,0,1,8,8,1
52,53,decoder_2_Q,1,1,5,1,2,5,0,0,5,0,1,8,8,1
52,53,decoder_2_Q,1,1,6,0,3,6,0,0,6,0,1,8,8,1
52,53,decoder_2_Q,1,1,7,1,3,7,0,0,7,0,1,8,8,1
52,53,decoder_2_Q,1,2,8,0,4,8,0,1,0,0,1,8,8,1
52,53,decoder_2_Q,1,2,9,1,4,9,0,1,1,0,1,8,8,1
52,53,decoder_2_Q,1,2,10,0,5,10,0,1,2,0,1,8,8,1
52,53,decoder_2_Q,1,2,11,1,5,11,0,1,3,0,1,8,8,1
52,53,decoder_2_Q,1,3,12,0,6,12,0,1,4,0,1,8,8,1
52,53,decoder_2_Q,1,3,13,1,6,13,0,1,5,0,1,8,8,1
52,53,decoder_2_Q,1,3,14,0,7,14,0,1,6,0,1,8,8,1
52,53,decoder_2_Q,1,3,15,1,7,15,0,1,7,0,1,8,8,1
52,53,decoder_2_Q,1,7,16,2,7,16,0,2,0,0,1,8,8,1
52,53,decoder_2_Q,1,7,17,3,7,17,0,2,1,0,1,8,8,1
52,53,decoder_2_Q,1,7,18,2,6,18,0,2,2,0,1,8,8,1
52,53,decoder_2_Q,1,7,19,3,6,19,0,2,3,0,1,8,8,1
52,53,decoder_2_Q,1,6,20,2,5,20,0,2,4,0,1,8,8,1
52,53,decoder_2_Q,1,6,21,3,5,21,0,2,5,0,1,8,8,1
52,53,decoder_2_Q,1,6,22,2,4,22,0,2,6,0,1,8,8,1
52,53,decoder_2_Q,1,6,23,3,4,23,0,2,7,0,1,8,8,1
52,53,decoder_2_Q,1,5,24,2,3,24,0,3,0,0,1,8,8,1
52,53,decoder_2_Q,1,5,25,3,3,25,0,3,1,0,1,8,8,1
52,53,decoder_2_Q,1,5,26,2,2,26,0,3,2,0,1,8,8,1
52,53,decoder_2_Q,1,5,27,3,2,27,0,3,3,0,1,8,8,1
52,53,decoder_2_Q,1,4,28,2,1,28,0,3,4,0,1,8,8,1
52,53,decoder_2_Q,1,4,29,3,1,29,0,3,5,0,1,8,8,1
52,53,decoder_2_Q,1,4,30,2,0,30,0,3,6,0,1,8,8,1
52,53,decoder_2_Q,1,4,31,3,0,31,0,3,7,0,1,8,8,1
52,53,decoder_2_Q,1,8,32,4,0,32,0,4,0,0,1,8,8,1
52,53,decoder_2_Q,1,8,33,5,0,33,0,4,1,0,1,8,8,1
52,53,decoder_2_Q,1,8,34,4,1,34,0,4,2,0,1,8,8,1
52,53,decoder_2_Q,1,8,35,5,1,35,0,4,3,0,1,8,8,1
52,53,decoder_2_Q,1,9,36,4,2,36,0,4,4,0,1,8,8,1
52,53,decoder_2_Q,1,9,37,5,2,37,0,4,5,0,1,8,8,1
52,53,decoder_2_Q,1,9,38,4,3,38,0,4,6,0,1,8,8,1
52,53,decoder_2_Q,1,9,39,5,3,39,0,4,7,0,1,8,8,1
52,53,decoder_2_Q,1,10,40,4,4,40,0,5,0,0,1,8,8,1
52,53,decoder_2_Q,1,10,41,5,4,41,0,5,1,0,1,8,8,1
52,53,decoder_2_Q,1,10,42,4,5,42,0,5,2,0,1,8,8,1
52,53,decoder_2_Q,1,10,43,5,5,43,0,5,3,0,1,8,8,1
52,53,decoder_2_Q,1,11,44,4,6,44,0,5,4,0,1,8,8,1
52,53,decoder_2_Q,1,11,45,5,6,45,0,5,5,0,1,8,8,1
52,53,decoder_2_Q,1,11,46,4,7,46,0,5,6,0,1,8,8,1
52,53,decoder_2_Q,1,11,47,5,7,47,0,5,7,0,1,8,8,1
52,53,decoder_2_Q,1,15,48,6,7,48,0,6,0,0,1,8,8,1
52,53,decoder_2_Q,1,15,49,7,7,49,0,6,1,0,1,8,8,1
52,53,decoder_2_Q,1,15,50,6,6,50,0,6,2,0,1,8,8,1
52,53,decoder_2_Q,1,15,51,7,6,51,0,6,3,0,1,8,8,1
52,53,decoder_2_Q,1,14,52,6,5,52,0,6,4,0,1,8,8,1
52,53,decoder_2_Q,1,14,53,7,5,53,0,6,5,0,1,8,8,1
52,53,decoder_2_Q,1,14,54,6,4,54,0,6,6,0,1,8,8,1
52,53,decoder_2_Q,1,14,55,7,4,55,0,6,7,0,1,8,8,1
52,53,decoder_2_Q,1,13,56,6,3,56,0,7,0,0,1,8,8,1
52,53,decoder_2_Q,1,13,57,7,3,57,0,7,1,0,1,8,8,1
52,53,decoder_2_Q,1,13,58,6,2,58,0,7,2,0,1,8,8,1
52,53,decoder_2_Q,1,13,59,7,2,59,0,7,3,0,1,8,8,1
52,53,decoder_2_Q,1,12,60,6,1,60,0,7,4,0,1,8,8,1
52,53,decoder_2_Q,1,12,61,7,1,61,0,7,5,0,1,8,8,1
52,53,decoder_2_Q,1,12,62,6,0,62,0,7,6,0,1,8,8,1
52,53,decoder_2_Q,1,12,63,7,0,63,0,7,7,0,1,8,8,1
53,54,decoder_2_K0,1,0,0,0,0,0,0,0,0,0,1,2,32,1
53,54,decoder_2_K0,1,0,1,1,0,1,0,0,1,0,1,2,32,1
53,54,decoder_2_K0,1,0,2,0,1,2,0,0,2,0,1,2,32,1
53,54,decoder_2_K0,1,0,3,1,1,3,0,0,3,0,1,2,32,1
53,54,decoder_2_K0,1,1,4,0,2,4,0,0,4,0,1,2,32,1
53,54,decoder_2_K0,1,1,5,1,2,5,0,0,5,0,1,2,32,1
53,54,decoder_2_K0,1,1,6,0,3,6,0,0,6,0,1,2,32,1
53,54,decoder_2_K0,1,1,7,1,3,7,0,0,7,0,1,2,32,1
53,54,decoder_2_K0,1,2,8,0,4,8,0,0,8,0,1,2,32,1
53,54,decoder_2_K0,1,2,9,1,4,9,0,0,9,0,1,2,32,1
53,54,decoder_2_K0,1,2,10,0,5,10,0,0,10,0,1,2,32,1
53,54,decoder_2_K0,1,2,11,1,5,11,0,0,11,0,1,2,32,1
53,54,decoder_2_K0,1,3,12,0,6,12,0,0,12,0,1,2,32,1
53,54,decoder_2_K0,1,3,13,1,6,13,0,0,13,0,1,2,32,1
53,54,decoder_2_K0,1,3,14,0,7,14,0,0,14,0,1,2,32,1
53,54,decoder_2_K0,1,3,15,1,7,15,0,0,15,0,1,2,32,1
53,54,decoder_2_K0,1,7,16,2,7,16,0,0,16,0,1,2,32,1
53,54,decoder_2_K0,1,7,17,3,7,17,0,0,17,0,1,2,32,1
53,54,decoder_2_K0,1,7,18,2,6,18,0,0,18,0,1,2,32,1
53,54,decoder_2_K0,1,7,19,3,6,19,0,0,19,0,1,2,32,1
53,54,decoder_2_K0,1,6,20,2,5,20,0,0,20,0,1,2,32,1
53,54,decoder_2_K0,1,6,21,3,5,21,0,0,21,0,1,2,32,1
53,54,decoder_2_K0,1,6,22,2,4,22,0,0,22,0,1,2,32,1
53,54,decoder_2_K0,1,6,23,3,4,23,0,0,23,0,1,2,32,1
53,54,decoder_2_K0,1,5,24,2,3,24,0,0,24,0,1,2,32,1
53,54,decoder_2_K0,1,5,25,3,3,25,0,0,25,0,1,2,32,1
53,54,decoder_2_K0,1,5,26,2,2,26,0,0,26,0,1,2,32,1
53,54,decoder_2_K0,1,5,27,3,2,27,0,0,27,0,1,2,32,1
53,54,decoder_2_K0,1,4,28,2,1,28,0,0,28,0,1,2,32,1
53,54,decoder_2_K0,1,4,29,3,1,29,0,0,29,0,1,2,32,1
53,54,decoder_2_K0,1,4,30,2,0,30,0,0,30,0,1,2,32,1
53,54,decoder_2_K0,1,4,31,3,0,31,0,0,31,0,1,2,32,1
53,54,decoder_2_K0,1,8,32,4,0,32,0,1,0,0,1,2,32,1
53,54,decoder_2_K0,1,8,33,5,0,33,0,1,1,0,1,2,32,1
53,54,decoder_2_K0,1,8,34,4,1,34,0,1,2,0,1,2,32,1
53,54,decoder_2_K0,1,8,35,5,1,35,0,1,3,0,1,2,32,1
53,54,decoder_2_K0,1,9,36,4,2,36,0,1,4,0,1,2,32,1
53,54,decoder_2_K0,1,9,37,5,2,37,0,1,5,0,1,2,32,1
53,54,decoder_2_K0,1,9,38,4,3,38,0,1,6,0,1,2,32,1
53,54,decoder_2_K0,1,9,39,5,3,39,0,1,7,0,1,2,32,1
53,54,decoder_2_K0,1,10,40,4,4,40,0,1,8,0,1,2,32,1
53,54,decoder_2_K0,1,10,41,5,4,41,0,1,9,0,1,2,32,1
53,54,decoder_2_K0,1,10,42,4,5,42,0,1,10,0,1,2,32,1
53,54,decoder_2_K0,1,10,43,5,5,43,0,1,11,0,1,2,32,1
53,54,decoder_2_K0,1,11,44,4,6,44,0,1,12,0,1,2,32,1
53,54,decoder_2_K0,1,11,45,5,6,45,0,1,13,0,1,2,32,1
53,54,decoder_2_K0,1,11,46,4,7,46,0,1,14,0,1,2,32,1
53,54,decoder_2_K0,1,11,47,5,7,47,0,1,15,0,1,2,32,1
53,54,decoder_2_K0,1,15,48,6,7,48,0,1,16,0,1,2,32,1
53,54,decoder_2_K0,1,15,49,7,7,49,0,1,17,0,1,2,32,1
53,54,decoder_2_K0,1,15,50,6,6,50,0,1,18,0,1,2,32,1
53,54,decoder_2_K0,1,15,51,7,6,51,0,1,19,0,1,2,32,1
53,54,decoder_2_K0,1,14,52,6,5,52,0,1,20,0,1,2,32,1
53,54,decoder_2_K0,1,14,53,7,5,53,0,1,21,0,1,2,32,1
53,54,decoder_2_K0,1,14,54,6,4,54,0,1,22,0,1,2,32,1
53,54,decoder_2_K0,1,14,55,7,4,55,0,1,23,0,1,2,32,1
53,54,decoder_2_K0,1,13,56,6,3,56,0,1,24,0,1,2,32,1
53,54,decoder_2_K0,1,13,57,7,3,57,0,1,25,0,1,2,32,1
53,54,decoder_2_K0,1,13,58,6,2,58,0,1,26,0,1,2,32,1
53,54,decoder_2_K0,1,13,59,7,2,59,0,1,27,0,1,2,32,1
53,54,decoder_2_K0,1,12,60,6,1,60,0,1,28,0,1,2,32,1
53,54,decoder_2_K0,1,12,61,7,1,61,0,1,29,0,1,2,32,1
53,54,decoder_2_K0,1,12,62,6,0,62,0,1,30,0,1,2,32,1
53,54,decoder_2_K0,1,12,63,7,0,63,0,1,31,0,1,2,32,1
54,55,decoder_2_Kt0,1,0,0,0,0,0,0,0,0,0,1,8,8,1
54,55,decoder_2_Kt0,1,0,1,1,0,1,0,0,1,0,1,8,8,1
54,55,decoder_2_Kt0,1,0,2,0,1,2,0,0,2,0,1,8,8,1
54,55,decoder_2_Kt0,1,0,3,1,1,3,0,0,3,0,1,8,8,1
54,55,decoder_2_Kt0,1,1,4,0,2,4,0,0,4,0,1,8,8,1
54,55,decoder_2_Kt0,1,1,5,1,2,5,0,0,5,0,1,8,8,1
54,55,decoder_2_Kt0,1,1,6,0,3,6,0,0,6,0,1,8,8,1
54,55,decoder_2_Kt0,1,1,7,1,3,7,0,0,7,0,1,8,8,1
54,55,decoder_2_Kt0,1,2,8,0,4,8,0,1,0,0,1,8,8,1
54,55,decoder_2_Kt0,1,2,9,1,4,9,0,1,1,0,1,8,8,1
54,55,decoder_2_Kt0,1,2,10,0,5,10,0,1,2,0,1,8,8,1
54,55,decoder_2_Kt0,1,2,11,1,5,11,0,1,3,0,1,8,8,1
54,55,decoder_2_Kt0,1,3,12,0,6,12,0,1,4,0,1,8,8,1
54,55,decoder_2_Kt0,1,3,13,1,6,13,0,1,5,0,1,8,8,1
54,55,decoder_2_Kt0,1,3,14,0,7,14,0,1,6,0,1,8,8,1
54,55,decoder_2_Kt0,1,3,15,1,7,15,0,1,7,0,1,8,8,1
54,55,decoder_2_Kt0,1,7,16,2,7,16,0,2,0,0,1,8,8,1
54,55,decoder_2_Kt0,1,7,17,3,7,17,0,2,1,0,1,8,8,1
54,55,decoder_2_Kt0,1,7,18,2,6,18,0,2,2,0,1,8,8,1
54,55,decoder_2_Kt0,1,7,19,3,6,19,0,2,3,0,1,8,8,1
54,55,decoder_2_Kt0,1,6,20,2,5,20,0,2,4,0,1,8,8,1
54,55,decoder_2_Kt0,1,6,21,3,5,21,0,2,5,0,1,8,8,1
54,55,decoder_2_Kt0,1,6,22,2,4,22,0,2,6,0,1,8,8,1
54,55,decoder_2_Kt0,1,6,23,3,4,23,0,2,7,0,1,8,8,1
54,55,decoder_2_Kt0,1,5,24,2,3,24,0,3,0,0,1,8,8,1
54,55,decoder_2_Kt0,1,5,25,3,3,25,0,3,1,0,1,8,8,1
54,55,decoder_2_Kt0,1,5,26,2,2,26,0,3,2,0,1,8,8,1
54,55,decoder_2_Kt0,1,5,27,3,2,27,0,3,3,0,1,8,8,1
54,55,decoder_2_Kt0,1,4,28,2,1,28,0,3,4,0,1,8,8,1
54,55,decoder_2_Kt0,1,4,29,3,1,29,0,3,5,0,1,8,8,1
54,55,decoder_2_Kt0,1,4,30,2,0,30,0,3,6,0,1,8,8,1
54,55,decoder_2_Kt0,1,4,31,3,0,31,0,3,7,0,1,8,8,1
54,55,decoder_2_Kt0,1,8,32,4,0,32,0,4,0,0,1,8,8,1
54,55,decoder_2_Kt0,1,8,33,5,0,33,0,4,1,0,1,8,8,1
54,55,decoder_2_Kt0,1,8,34,4,1,34,0,4,2,0,1,8,8,1
54,55,decoder_2_Kt0,1,8,35,5,1,35,0,4,3,0,1,8,8,1
54,55,decoder_2_Kt0,1,9,36,4,2,36,0,4,4,0,1,8,8,1
54,55,decoder_2_Kt0,1,9,37,5,2,37,0,4,5,0,1,8,8,1
54,55,decoder_2_Kt0,1,9,38,4,3,38,0,4,6,0,1,8,8,1
54,55,decoder_2_Kt0,1,9,39,5,3,39,0,4,7,0,1,8,8,1
54,55,decoder_2_Kt0,1,10,40,4,4,40,0,5,0,0,1,8,8,1
54,55,decoder_2_Kt0,1,10,41,5,4,41,0,5,1,0,1,8,8,1
54,55,decoder_2_Kt0,1,10,42,4,5,42,0,5,2,0,1,8,8,1
54,55,decoder_2_Kt0,1,10,43,5,5,43,0,5,3,0,1,8,8,1
54,55,decoder_2_Kt0,1,11,44,4,6,44,0,5,4,0,1,8,8,1
54,55,decoder_2_Kt0,1,11,45,5,6,45,0,5,5,0,1,8,8,1
54,55,decoder_2_Kt0,1,11,46,4,7,46,0,5,6,0,1,8,8,1
54,55,decoder_2_Kt0,1,11,47,5,7,47,0,5,7,0,1,8,8,1
54,55,decoder_2_Kt0,1,15,48,6,7,48,0,6,0,0,1,8,8,1
54,55,decoder_2_Kt0,1,15,49,7,7,49,0,6,1,0,1,8,8,1
54,55,decoder_2_Kt0,1,15,50,6,6,50,0,6,2,0,1,8,8,1
54,55,decoder_2_Kt0,1,15,51,7,6,51,0,6,3,0,1,8,8,1
54,55,decoder_2_Kt0,1,14,52,6,5,52,0,6,4,0,1,8,8,1
54,55,decoder_2_Kt0,1,14,53,7,5,53,0,6,5,0,1,8,8,1
54,55,decoder_2_Kt0,1,14,54,6,4,54,0,6,6,0,1,8,8,1
54,55,decoder_2_Kt0,1,14,55,7,4,55,0,6,7,0,1,8,8,1
54,55,decoder_2_Kt0,1,13,56,6,3,56,0,7,0,0,1,8,8,1
54,55,decoder_2_Kt0,1,13,57,7,3,57,0,7,1,0,1,8,8,1
54,55,decoder_2_Kt0,1,13,58,6,2,58,0,7,2,0,1,8,8,1
54,55,decoder_2_Kt0,1,13,59,7,2,59,0,7,3,0,1,8,8,1
54,55,decoder_2_Kt0,1,12,60,6,1,60,0,7,4,0,1,8,8,1
54,55,decoder_2_Kt0,1,12,61,7,1,61,0,7,5,0,1,8,8,1
54,55,decoder_2_Kt0,1,12,62,6,0,62,0,7,6,0,1,8,8,1
54,55,decoder_2_Kt0,1,12,63,7,0,63,0,7,7,0,1,8,8,1
55,56,decoder_2_K1,1,0,0,0,0,0,0,0,0,0,1,2,32,1
55,56,decoder_2_K1,1,0,1,1,0,1,0,0,1,0,1,2,32,1
55,56,decoder_2_K1,1,0,2,0,1,2,0,0,2,0,1,2,32,1
55,56,decoder_2_K1,1,0,3,1,1,3,0,0,3,0,1,2,32,1
55,56,decoder_2_K1,1,1,4,0,2,4,0,0,4,0,1,2,32,1
55,56,decoder_2_K1,1,1,5,1,2,5,0,0,5,0,1,2,32,1
55,56,decoder_2_K1,1,1,6,0,3,6,0,0,6,0,1,2,32,1
55,56,decoder_2_K1,1,1,7,1,3,7,0,0,7,0,1,2,32,1
55,56,decoder_2_K1,1,2,8,0,4,8,0,0,8,0,1,2,32,1
55,56,decoder_2_K1,1,2,9,1,4,9,0,0,9,0,1,2,32,1
55,56,decoder_2_K1,1,2,10,0,5,10,0,0,10,0,1,2,32,1
55,56,decoder_2_K1,1,2,11,1,5,11,0,0,11,0,1,2,32,1
55,56,decoder_2_K1,1,3,12,0,6,12,0,0,12,0,1,2,32,1
55,56,decoder_2_K1,1,3,13,1,6,13,0,0,13,0,1,2,32,1
55,56,decoder_2_K1,1,3,14,0,7,14,0,0,14,0,1,2,32,1
55,56,decoder_2_K1,1,3,15,1,7,15,0,0,15,0,1,2,32,1
55,56,decoder_2_K1,1,7,16,2,7,16,0,0,16,0,1,2,32,1
55,56,decoder_2_K1,1,7,17,3,7,17,0,0,17,0,1,2,32,1
55,56,decoder_2_K1,1,7,18,2,6,18,0,0,18,0,1,2,32,1
55,56,decoder_2_K1,1,7,19,3,6,19,0,0,19,0,1,2,32,1
55,56,decoder_2_K1,1,6,20,2,5,20,0,0,20,0,1,2,32,1
55,56,decoder_2_K1,1,6,21,3,5,21,0,0,21,0,1,2,32,1
55,56,decoder_2_K1,1,6,22,2,4,22,0,0,22,0,1,2,32,1
55,56,decoder_2_K1,1,6,23,3,4,23,0,0,23,0,1,2,32,1
55,56,decoder_2_K1,1,5,24,2,3,24,0,0,24,0,1,2,32,1
55,56,decoder_2_K1,1,5,25,3,3,25,0,0,25,0,1,2,32,1
55,56,decoder_2_K1,1,5,26,2,2,26,0,0,26,0,1,2,32,1
55,56,decoder_2_K1,1,5,27,3,2,27,0,0,27,0,1,2,32,1
55,56,decoder_2_K1,1,4,28,2,1,28,0,0,28,0,1,2,32,1
55,56,decoder_2_K1,1,4,29,3,1,29,0,0,29,0,1,2,32,1
55,56,decoder_2_K1,1,4,30,2,0,30,0,0,30,0,1,2,32,1
55,56,decoder_2_K1,1,4,31,3,0,31,0,0,31,0,1,2,32,1
55,56,decoder_2_K1,1,8,32,4,0,32,0,1,0,0,1,2,32,1
55,56,decoder_2_K1,1,8,33,5,0,33,0,1,1,0,1,2,32,1
55,56,decoder_2_K1,1,8,34,4,1,34,0,1,2,0,1,2,32,1
55,56,decoder_2_K1,1,8,35,5,1,35,0,1,3,0,1,2,32,1
55,56,decoder_2_K1,1,9,36,4,2,36,0,1,4,0,1,2,32,1
55,56,decoder_2_K1,1,9,37,5,2,37,0,1,5,0,1,2,32,1
55,56,decoder_2_K1,1,9,38,4,3,38,0,1,6,0,1,2,32,1
55,56,decoder_2_K1,1,9,39,5,3,39,0,1,7,0,1,2,32,1
55,56,decoder_2_K1,1,10,40,4,4,40,0,1,8,0,1,2,32,1
55,56,decoder_2_K1,1,10,41,5,4,41,0,1,9,0,1,2,32,1
55,56,decoder_2_K1,1,10,42,4,5,42,0,1,10,0,1,2,32,1
55,56,decoder_2_K1,1,10,43,5,5,43,0,1,11,0,1,2,32,1
55,56,decoder_2_K1,1,11,44,4,6,44,0,1,12,0,1,2,32,1
55,56,decoder_2_K1,1,11,45,5,6,45,0,1,13,0,1,2,32,1
55,56,decoder_2_K1,1,11,46,4,7,46,0,1,14,0,1,2,32,1
55,56,decoder_2_K1,1,11,47,5,7,47,0,1,15,0,1,2,32,1
55,56,decoder_2_K1,1,15,48,6,7,48,0,1,16,0,1,2,32,1
55,56,decoder_2_K1,1,15,49,7,7,49,0,1,17,0,1,2,32,1
55,56,decoder_2_K1,1,15,50,6,6,50,0,1,18,0,1,2,32,1
55,56,decoder_2_K1,1,15,51,7,6,51,0,1,19,0,1,2,32,1
55,56,decoder_2_K1,1,14,52,6,5,52,0,1,20,0,1,2,32,1
55,56,decoder_2_K1,1,14,53,7,5,53,0,1,21,0,1,2,32,1
55,56,decoder_2_K1,1,14,54,6,4,54,0,1,22,0,1,2,32,1
55,56,decoder_2_K1,1,14,55,7,4,55,0,1,23,0,1,2,32,1
55,56,decoder_2_K1,1,13,56,6,3,56,0,1,24,0,1,2,32,1
55,56,decoder_2_K1,1,13,57,7,3,57,0,1,25,0,1,2,32,1
55,56,decoder_2_K1,1,13,58,6,2,58,0,1,26,0,1,2,32,1
55,56,decoder_2_K1,1,13,59,7,2,59,0,1,27,0,1,2,32,1
55,56,decoder_2_K1,1,12,60,6,1,60,0,1,28,0,1,2,32,1
55,56,decoder_2_K1,1,12,61,7,1,61,0,1,29,0,1,2,32,1
55,56,decoder_2_K1,1,12,62,6,0,62,0,1,30,0,1,2,32,1
55,56,decoder_2_K1,1,12,63,7,0,63,0,1,31,0,1,2,32,1
56,57,decoder_2_Kt1,1,0,0,0,0,0,0,0,0,0,1,8,8,1
56,57,decoder_2_Kt1,1,0,1,1,0,1,0,0,1,0,1,8,8,1
56,57,decoder_2_Kt1,1,0,2,0,1,2,0,0,2,0,1,8,8,1
56,57,decoder_2_Kt1,1,0,3,1,1,3,0,0,3,0,1,8,8,1
56,57,decoder_2_Kt1,1,1,4,0,2,4,0,0,4,0,1,8,8,1
56,57,decoder_2_Kt1,1,1,5,1,2,5,0,0,5,0,1,8,8,1
56,57,decoder_2_Kt1,1,1,6,0,3,6,0,0,6,0,1,8,8,1
56,57,decoder_2_Kt1,1,1,7,1,3,7,0,0,7,0,1,8,8,1
56,57,decoder_2_Kt1,1,2,8,0,4,8,0,1,0,0,1,8,8,1
56,57,decoder_2_Kt1,1,2,9,1,4,9,0,1,1,0,1,8,8,1
56,57,decoder_2_Kt1,1,2,10,0,5,10,0,1,2,0,1,8,8,1
56,57,decoder_2_Kt1,1,2,11,1,5,11,0,1,3,0,1,8,8,1
56,57,decoder_2_Kt1,1,3,12,0,6,12,0,1,4,0,1,8,8,1
56,57,decoder_2_Kt1,1,3,13,1,6,13,0,1,5,0,1,8,8,1
56,57,decoder_2_Kt1,1,3,14,0,7,14,0,1,6,0,1,8,8,1
56,57,decoder_2_Kt1,1,3,15,1,7,15,0,1,7,0,1,8,8,1
56,57,decoder_2_Kt1,1,7,16,2,7,16,0,2,0,0,1,8,8,1
56,57,decoder_2_Kt1,1,7,17,3,7,17,0,2,1,0,1,8,8,1
56,57,decoder_2_Kt1,1,7,18,2,6,18,0,2,2,0,1,8,8,1
56,57,decoder_2_Kt1,1,7,19,3,6,19,0,2,3,0,1,8,8,1
56,57,decoder_2_Kt1,1,6,20,2,5,20,0,2,4,0,1,8,8,1
56,57,decoder_2_Kt1,1,6,21,3,5,21,0,2,5,0,1,8,8,1
56,57,decoder_2_Kt1,1,6,22,2,4,22,0,2,6,0,1,8,8,1
56,57,decoder_2_Kt1,1,6,23,3,4,23,0,2,7,0,1,8,8,1
56,57,decoder_2_Kt1,1,5,24,2,3,24,0,3,0,0,1,8,8,1
56,57,decoder_2_Kt1,1,5,25,3,3,25,0,3,1,0,1,8,8,1
56,57,decoder_2_Kt1,1,5,26,2,2,26,0,3,2,0,1,8,8,1
56,57,decoder_2_Kt1,1,5,27,3,2,27,0,3,3,0,1,8,8,1
56,57,decoder_2_Kt1,1,4,28,2,1,28,0,3,4,0,1,8,8,1
56,57,decoder_2_Kt1,1,4,29,3,1,29,0,3,5,0,1,8,8,1
56,57,decoder_2_Kt1,1,4,30,2,0,30,0,3,6,0,1,8,8,1
56,57,decoder_2_Kt1,1,4,31,3,0,31,0,3,7,0,1,8,8,1
56,57,decoder_2_Kt1,1,8,32,4,0,32,0,4,0,0,1,8,8,1
56,57,decoder_2_Kt1,1,8,33,5,0,33,0,4,1,0,1,8,8,1
56,57,decoder_2_Kt1,1,8,34,4,1,34,0,4,2,0,1,8,8,1
56,57,decoder_2_Kt1,1,8,35,5,1,35,0,4,3,0,1,8,8,1
56,57,decoder_2_Kt1,1,9,36,4,2,36,0,4,4,0,1,8,8,1
56,57,decoder_2_Kt1,1,9,37,5,2,37,0,4,5,0,1,8,8,1
56,57,decoder_2_Kt1,1,9,38,4,3,38,0,4,6,0,1,8,8,1
56,57,decoder_2_Kt1,1,9,39,5,3,39,0,4,7,0,1,8,8,1
56,57,decoder_2_Kt1,1,10,40,4,4,40,0,5,0,0,1,8,8,1
56,57,decoder_2_Kt1,1,10,41,5,4,41,0,5,1,0,1,8,8,1
56,57,decoder_2_Kt1,1,10,42,4,5,42,0,5,2,0,1,8,8,1
56,57,decoder_2_Kt1,1,10,43,5,5,43,0,5,3,0,1,8,8,1
56,57,decoder_2_Kt1,1,11,44,4,6,44,0,5,4,0,1,8,8,1
56,57,decoder_2_Kt1,1,11,45,5,6,45,0,5,5,0,1,8,8,1
56,57,decoder_2_Kt1,1,11,46,4,7,46,0,5,6,0,1,8,8,1
56,57,decoder_2_Kt1,1,11,47,5,7,47,0,5,7,0,1,8,8,1
56,57,decoder_2_Kt1,1,15,48,6,7,48,0,6,0,0,1,8,8,1
56,57,decoder_2_Kt1,1,15,49,7,7,49,0,6,1,0,1,8,8,1
56,57,decoder_2_Kt1,1,15,50,6,6,50,0,6,2,0,1,8,8,1
56,57,decoder_2_Kt1,1,15,51,7,6,51,0,6,3,0,1,8,8,1
56,57,decoder_2_Kt1,1,14,52,6,5,52,0,6,4,0,1,8,8,1
56,57,decoder_2_Kt1,1,14,53,7,5,53,0,6,5,0,1,8,8,1
56,57,decoder_2_Kt1,1,14,54,6,4,54,0,6,6,0,1,8,8,1
56,57,decoder_2_Kt1,1,14,55,7,4,55,0,6,7,0,1,8,8,1
56,57,decoder_2_Kt1,1,13,56,6,3,56,0,7,0,0,1,8,8,1
56,57,decoder_2_Kt1,1,13,57,7,3,57,0,7,1,0,1,8,8,1
56,57,decoder_2_Kt1,1,13,58,6,2,58,0,7,2,0,1,8,8,1
56,57,decoder_2_Kt1,1,13,59,7,2,59,0,7,3,0,1,8,8,1
56,57,decoder_2_Kt1,1,12,60,6,1,60,0,7,4,0,1,8,8,1
56,57,decoder_2_Kt1,1,12,61,7,1,61,0,7,5,0,1,8,8,1
56,57,decoder_2_Kt1,1,12,62,6,0,62,0,7,6,0,1,8,8,1
56,57,decoder_2_Kt1,1,12,63,7,0,63,0,7,7,0,1,8,8,1
57,58,decoder_2_K2,1,0,0,0,0,0,0,0,0,0,1,2,32,1
57,58,decoder_2_K2,1,0,1,1,0,1,0,0,1,0,1,2,32,1
57,58,decoder_2_K2,1,0,2,0,1,2,0,0,2,0,1,2,32,1
57,58,decoder_2_K2,1,0,3,1,1,3,0,0,3,0,1,2,32,1
57,58,decoder_2_K2,1,1,4,0,2,4,0,0,4,0,1,2,32,1
57,58,decoder_2_K2,1,1,5,1,2,5,0,0,5,0,1,2,32,1
57,58,decoder_2_K2,1,1,6,0,3,6,0,0,6,0,1,2,32,1
57,58,decoder_2_K2,1,1,7,1,3,7,0,0,7,0,1,2,32,1
57,58,decoder_2_K2,1,2,8,0,4,8,0,0,8,0,1,2,32,1
57,58,decoder_2_K2,1,2,9,1,4,9,0,0,9,0,1,2,32,1
57,58,decoder_2_K2,1,2,10,0,5,10,0,0,10,0,1,2,32,1
57,58,decoder_2_K2,1,2,11,1,5,11,0,0,11,0,1,2,32,1
57,58,decoder_2_K2,1,3,12,0,6,12,0,0,12,0,1,2,32,1
57,58,decoder_2_K2,1,3,13,1,6,13,0,0,13,0,1,2,32,1
57,58,decoder_2_K2,1,3,14,0,7,14,0,0,14,0,1,2,32,1
57,58,decoder_2_K2,1,3,15,1,7,15,0,0,15,0,1,2,32,1
57,58,decoder_2_K2,1,7,16,2,7,16,0,0,16,0,1,2,32,1
57,58,decoder_2_K2,1,7,17,3,7,17,0,0,17,0,1,2,32,1
57,58,decoder_2_K2,1,7,18,2,6,18,0,0,18,0,1,2,32,1
57,58,decoder_2_K2,1,7,19,3,6,19,0,0,19,0,1,2,32,1
57,58,decoder_2_K2,1,6,20,2,5,20,0,0,20,0,1,2,32,1
57,58,decoder_2_K2,1,6,21,3,5,21,0,0,21,0,1,2,32,1
57,58,decoder_2_K2,1,6,22,2,4,22,0,0,22,0,1,2,32,1
57,58,decoder_2_K2,1,6,23,3,4,23,0,0,23,0,1,2,32,1
57,58,decoder_2_K2,1,5,24,2,3,24,0,0,24,0,1,2,32,1
57,58,decoder_2_K2,1,5,25,3,3,25,0,0,25,0,1,2,32,1
57,58,decoder_2_K2,1,5,26,2,2,26,0,0,26,0,1,2,32,1
57,58,decoder_2_K2,1,5,27,3,2,27,0,0,27,0,1,2,32,1
57,58,decoder_2_K2,1,4,28,2,1,28,0,0,28,0,1,2,32,1
57,58,decoder_2_K2,1,4,29,3,1,29,0,0,29,0,1,2,32,1
57,58,decoder_2_K2,1,4,30,2,0,30,0,0,30,0,1,2,32,1
57,58,decoder_2_K2,1,4,31,3,0,31,0,0,31,0,1,2,32,1
57,58,decoder_2_K2,1,8,32,4,0,32,0,1,0,0,1,2,32,1
57,58,decoder_2_K2,1,8,33,5,0,33,0,1,1,0,1,2,32,1
57,58,decoder_2_K2,1,8,34,4,1,34,0,1,2,0,1,2,32,1
57,58,decoder_2_K2,1,8,35,5,1,35,0,1,3,0,1,2,32,1
57,58,decoder_2_K2,1,9,36,4,2,36,0,1,4,0,1,2,32,1
57,58,decoder_2_K2,1,9,37,5,2,37,0,1,5,0,1,2,32,1
57,58,decoder_2_K2,1,9,38,4,3,38,0,1,6,0,1,2,32,1
57,58,decoder_2_K2,1,9,39,5,3,39,0,1,7,0,1,2,32,1
57,58,decoder_2_K2,1,10,40,4,4,40,0,1,8,0,1,2,32,1
57,58,decoder_2_K2,1,10,41,5,4,41,0,1,9,0,1,2,32,1
57,58,decoder_2_K2,1,10,42,4,5,42,0,1,10,0,1,2,32,1
57,58,decoder_2_K2,1,10,43,5,5,43,0,1,11,0,1,2,32,1
57,58,decoder_2_K2,1,11,44,4,6,44,0,1,12,0,1,2,32,1
57,58,decoder_2_K2,1,11,45,5,6,45,0,1,13,0,1,2,32,1
57,58,decoder_2_K2,1,11,46,4,7,46,0,1,14,0,1,2,32,1
57,58,decoder_2_K2,1,11,47,5,7,47,0,1,15,0,1,2,32,1
57,58,decoder_2_K2,1,15,48,6,7,48,0,1,16,0,1,2,32,1
57,58,decoder_2_K2,1,15,49,7,7,49,0,1,17,0,1,2,32,1
57,58,decoder_2_K2,1,15,50,6,6,50,0,1,18,0,1,2,32,1
57,58,decoder_2_K2,1,15,51,7,6,51,0,1,19,0,1,2,32,1
57,58,decoder_2_K2,1,14,52,6,5,52,0,1,20,0,1,2,32,1
57,58,decoder_2_K2,1,14,53,7,5,53,0,1,21,0,1,2,32,1
57,58,decoder_2_K2,1,14,54,6,4,54,0,1,22,0,1,2,32,1
57,58,decoder_2_K2,1,14,55,7,4,55,0,1,23,0,1,2,32,1
57,58,decoder_2_K2,1,13,56,6,3,56,0,1,24,0,1,2,32,1
57,58,decoder_2_K2,1,13,57,7,3,57,0,1,25,0,1,2,32,1
57,58,decoder_2_K2,1,13,58,6,2,58,0,1,26,0,1,2,32,1
57,58,decoder_2_K2,1,13,59,7,2,59,0,1,27,0,1,2,32,1
57,58,decoder_2_K2,1,12,60,6,1,60,0,1,28,0,1,2,32,1
57,58,decoder_2_K2,1,12,61,7,1,61,0,1,29,0,1,2,32,1
57,58,decoder_2_K2,1,12,62,6,0,62,0,1,30,0,1,2,32,1
57,58,decoder_2_K2,1,12,63,7,0,63,0,1,31,0,1,2,32,1
58,59,decoder_2_Kt2,1,0,0,0,0,0,0,0,0,0,1,8,8,1
58,59,decoder_2_Kt2,1,0,1,1,0,1,0,0,1,0,1,8,8,1
58,59,decoder_2_Kt2,1,0,2,0,1,2,0,0,2,0,1,8,8,1
58,59,decoder_2_Kt2,1,0,3,1,1,3,0,0,3,0,1,8,8,1
58,59,decoder_2_Kt2,1,1,4,0,2,4,0,0,4,0,1,8,8,1
58,59,decoder_2_Kt2,1,1,5,1,2,5,0,0,5,0,1,8,8,1
58,59,decoder_2_Kt2,1,1,6,0,3,6,0,0,6,0,1,8,8,1
58,59,decoder_2_Kt2,1,1,7,1,3,7,0,0,7,0,1,8,8,1
58,59,decoder_2_Kt2,1,2,8,0,4,8,0,1,0,0,1,8,8,1
58,59,decoder_2_Kt2,1,2,9,1,4,9,0,1,1,0,1,8,8,1
58,59,decoder_2_Kt2,1,2,10,0,5,10,0,1,2,0,1,8,8,1
58,59,decoder_2_Kt2,1,2,11,1,5,11,0,1,3,0,1,8,8,1
58,59,decoder_2_Kt2,1,3,12,0,6,12,0,1,4,0,1,8,8,1
58,59,decoder_2_Kt2,1,3,13,1,6,13,0,1,5,0,1,8,8,1
58,59,decoder_2_Kt2,1,3,14,0,7,14,0,1,6,0,1,8,8,1
58,59,decoder_2_Kt2,1,3,15,1,7,15,0,1,7,0,1,8,8,1
58,59,decoder_2_Kt2,1,7,16,2,7,16,0,2,0,0,1,8,8,1
58,59,decoder_2_Kt2,1,7,17,3,7,17,0,2,1,0,1,8,8,1
58,59,decoder_2_Kt2,1,7,18,2,6,18,0,2,2,0,1,8,8,1
58,59,decoder_2_Kt2,1,7,19,3,6,19,0,2,3,0,1,8,8,1
58,59,decoder_2_Kt2,1,6,20,2,5,20,0,2,4,0,1,8,8,1
58,59,decoder_2_Kt2,1,6,21,3,5,21,0,2,5,0,1,8,8,1
58,59,decoder_2_Kt2,1,6,22,2,4,22,0,2,6,0,1,8,8,1
58,59,decoder_2_Kt2,1,6,23,3,4,23,0,2,7,0,1,8,8,1
58,59,decoder_2_Kt2,1,5,24,2,3,24,0,3,0,0,1,8,8,1
58,59,decoder_2_Kt2,1,5,25,3,3,25,0,3,1,0,1,8,8,1
58,59,decoder_2_Kt2,1,5,26,2,2,26,0,3,2,0,1,8,8,1
58,59,decoder_2_Kt2,1,5,27,3,2,27,0,3,3,0,1,8,8,1
58,59,decoder_2_Kt2,1,4,28,2,1,28,0,3,4,0,1,8,8,1
58,59,decoder_2_Kt2,1,4,29,3,1,29,0,3,5,0,1,8,8,1
58,59,decoder_2_Kt2,1,4,30,2,0,30,0,3,6,0,1,8,8,1
58,59,decoder_2_Kt2,1,4,31,3,0,31,0,3,7,0,1,8,8,1
58,59,decoder_2_Kt2,1,8,32,4,0,32,0,4,0,0,1,8,8,1
58,59,decoder_2_Kt2,1,8,33,5,0,33,0,4,1,0,1,8,8,1
58,59,decoder_2_Kt2,1,8,34,4,1,34,0,4,2,0,1,8,8,1
58,59,decoder_2_Kt2,1,8,35,5,1,35,0,4,3,0,1,8,8,1
58,59,decoder_2_Kt2,1,9,36,4,2,36,0,4,4,0,1,8,8,1
58,59,decoder_2_Kt2,1,9,37,5,2,37,0,4,5,0,1,8,8,1
58,59,decoder_2_Kt2,1,9,38,4,3,38,0,4,6,0,1,8,8,1
58,59,decoder_2_Kt2,1,9,39,5,3,39,0,4,7,0,1,8,8,1
58,59,decoder_2_Kt2,1,10,40,4,4,40,0,5,0,0,1,8,8,1
58,59,decoder_2_Kt2,1,10,41,5,4,41,0,5,1,0,1,8,8,1
58,59,decoder_2_Kt2,1,10,42,4,5,42,0,5,2,0,1,8,8,1
58,59,decoder_2_Kt2,1,10,43,5,5,43,0,5,3,0,1,8,8,1
58,59,decoder_2_Kt2,1,11,44,4,6,44,0,5,4,0,1,8,8,1
58,59,decoder_2_Kt2,1,11,45,5,6,45,0,5,5,0,1,8,8,1
58,59,decoder_2_Kt2,1,11,46,4,7,46,0,5,6,0,1,8,8,1
58,59,decoder_2_Kt2,1,11,47,5,7,47,0,5,7,0,1,8,8,1
58,59,decoder_2_Kt2,1,15,48,6,7,48,0,6,0,0,1,8,8,1
58,59,decoder_2_Kt2,1,15,49,7,7,49,0,6,1,0,1,8,8,1
58,59,decoder_2_Kt2,1,15,50,6,6,50,0,6,2,0,1,8,8,1
58,59,decoder_2_Kt2,1,15,51,7,6,51,0,6,3,0,1,8,8,1
58,59,decoder_2_Kt2,1,14,52,6,5,52,0,6,4,0,1,8,8,1
58,59,decoder_2_Kt2,1,14,53,7,5,53,0,6,5,0,1,8,8,1
58,59,decoder_2_Kt2,1,14,54,6,4,54,0,6,6,0,1,8,8,1
58,59,decoder_2_Kt2,1,14,55,7,4,55,0,6,7,0,1,8,8,1
58,59,decoder_2_Kt2,1,13,56,6,3,56,0,7,0,0,1,8,8,1
58,59,decoder_2_Kt2,1,13,57,7,3,57,0,7,1,0,1,8,8,1
58,59,decoder_2_Kt2,1,13,58,6,2,58,0,7,2,0,1,8,8,1
58,59,decoder_2_Kt2,1,13,59,7,2,59,0,7,3,0,1,8,8,1
58,59,decoder_2_Kt2,1,12,60,6,1,60,0,7,4,0,1,8,8,1
58,59,decoder_2_Kt2,1,12,61,7,1,61,0,7,5,0,1,8,8,1
58,59,decoder_2_Kt2,1,12,62,6,0,62,0,7,6,0,1,8,8,1
58,59,decoder_2_Kt2,1,12,63,7,0,63,0,7,7,0,1,8,8,1
59,60,decoder_2_K3,1,0,0,0,0,0,0,0,0,0,1,2,32,1
59,60,decoder_2_K3,1,0,1,1,0,1,0,0,1,0,1,2,32,1
59,60,decoder_2_K3,1,0,2,0,1,2,0,0,2,0,1,2,32,1
59,60,decoder_2_K3,1,0,3,1,1,3,0,0,3,0,1,2,32,1
59,60,decoder_2_K3,1,1,4,0,2,4,0,0,4,0,1,2,32,1
59,60,decoder_2_K3,1,1,5,1,2,5,0,0,5,0,1,2,32,1
59,60,decoder_2_K3,1,1,6,0,3,6,0,0,6,0,1,2,32,1
59,60,decoder_2_K3,1,1,7,1,3,7,0,0,7,0,1,2,32,1
59,60,decoder_2_K3,1,2,8,0,4,8,0,0,8,0,1,2,32,1
59,60,decoder_2_K3,1,2,9,1,4,9,0,0,9,0,1,2,32,1
59,60,decoder_2_K3,1,2,10,0,5,10,0,0,10,0,1,2,32,1
59,60,decoder_2_K3,1,2,11,1,5,11,0,0,11,0,1,2,32,1
59,60,decoder_2_K3,1,3,12,0,6,12,0,0,12,0,1,2,32,1
59,60,decoder_2_K3,1,3,13,1,6,13,0,0,13,0,1,2,32,1
59,60,decoder_2_K3,1,3,14,0,7,14,0,0,14,0,1,2,32,1
59,60,decoder_2_K3,1,3,15,1,7,15,0,0,15,0,1,2,32,1
59,60,decoder_2_K3,1,7,16,2,7,16,0,0,16,0,1,2,32,1
59,60,decoder_2_K3,1,7,17,3,7,17,0,0,17,0,1,2,32,1
59,60,decoder_2_K3,1,7,18,2,6,18,0,0,18,0,1,2,32,1
59,60,decoder_2_K3,1,7,19,3,6,19,0,0,19,0,1,2,32,1
59,60,decoder_2_K3,1,6,20,2,5,20,0,0,20,0,1,2,32,1
59,60,decoder_2_K3,1,6,21,3,5,21,0,0,21,0,1,2,32,1
59,60,decoder_2_K3,1,6,22,2,4,22,0,0,22,0,1,2,32,1
59,60,decoder_2_K3,1,6,23,3,4,23,0,0,23,0,1,2,32,1
59,60,decoder_2_K3,1,5,24,2,3,24,0,0,24,0,1,2,32,1
59,60,decoder_2_K3,1,5,25,3,3,25,0,0,25,0,1,2,32,1
59,60,decoder_2_K3,1,5,26,2,2,26,0,0,26,0,1,2,32,1
59,60,decoder_2_K3,1,5,27,3,2,27,0,0,27,0,1,2,32,1
59,60,decoder_2_K3,1,4,28,2,1,28,0,0,28,0,1,2,32,1
59,60,decoder_2_K3,1,4,29,3,1,29,0,0,29,0,1,2,32,1
59,60,decoder_2_K3,1,4,30,2,0,30,0,0,30,0,1,2,32,1
59,60,decoder_2_K3,1,4,31,3,0,31,0,0,31,0,1,2,32,1
59,60,decoder_2_K3,1,8,32,4,0,32,0,1,0,0,1,2,32,1
59,60,decoder_2_K3,1,8,33,5,0,33,0,1,1,0,1,2,32,1
59,60,decoder_2_K3,1,8,34,4,1,34,0,1,2,0,1,2,32,1
59,60,decoder_2_K3,1,8,35,5,1,35,0,1,3,0,1,2,32,1
59,60,decoder_2_K3,1,9,36,4,2,36,0,1,4,0,1,2,32,1
59,60,decoder_2_K3,1,9,37,5,2,37,0,1,5,0,1,2,32,1
59,60,decoder_2_K3,1,9,38,4,3,38,0,1,6,0,1,2,32,1
59,60,decoder_2_K3,1,9,39,5,3,39,0,1,7,0,1,2,32,1
59,60,decoder_2_K3,1,10,40,4,4,40,0,1,8,0,1,2,32,1
59,60,decoder_2_K3,1,10,41,5,4,41,0,1,9,0,1,2,32,1
59,60,decoder_2_K3,1,10,42,4,5,42,0,1,10,0,1,2,32,1
59,60,decoder_2_K3,1,10,43,5,5,43,0,1,11,0,1,2,32,1
59,60,decoder_2_K3,1,11,44,4,6,44,0,1,12,0,1,2,32,1
59,60,decoder_2_K3,1,11,45,5,6,45,0,1,13,0,1,2,32,1
59,60,decoder_2_K3,1,11,46,4,7,46,0,1,14,0,1,2,32,1
59,60,decoder_2_K3,1,11,47,5,7,47,0,1,15,0,1,2,32,1
59,60,decoder_2_K3,1,15,48,6,7,48,0,1,16,0,1,2,32,1
59,60,decoder_2_K3,1,15,49,7,7,49,0,1,17,0,1,2,32,1
59,60,decoder_2_K3,1,15,50,6,6,50,0,1,18,0,1,2,32,1
59,60,decoder_2_K3,1,15,51,7,6,51,0,1,19,0,1,2,32,1
59,60,decoder_2_K3,1,14,52,6,5,52,0,1,20,0,1,2,32,1
59,60,decoder_2_K3,1,14,53,7,5,53,0,1,21,0,1,2,32,1
59,60,decoder_2_K3,1,14,54,6,4,54,0,1,22,0,1,2,32,1
59,60,decoder_2_K3,1,14,55,7,4,55,0,1,23,0,1,2,32,1
59,60,decoder_2_K3,1,13,56,6,3,56,0,1,24,0,1,2,32,1
59,60,decoder_2_K3,1,13,57,7,3,57,0,1,25,0,1,2,32,1
59,60,decoder_2_K3,1,13,58,6,2,58,0,1,26,0,1,2,32,1
59,60,decoder_2_K3,1,13,59,7,2,59,0,1,27,0,1,2,32,1
59,60,decoder_2_K3,1,12,60,6,1,60,0,1,28,0,1,2,32,1
59,60,decoder_2_K3,1,12,61,7,1,61,0,1,29,0,1,2,32,1
59,60,decoder_2_K3,1,12,62,6,0,62,0,1,30,0,1,2,32,1
59,60,decoder_2_K3,1,12,63,7,0,63,0,1,31,0,1,2,32,1
60,61,decoder_2_Kt3,1,0,0,0,0,0,0,0,0,0,1,8,8,1
60,61,decoder_2_Kt3,1,0,1,1,0,1,0,0,1,0,1,8,8,1
60,61,decoder_2_Kt3,1,0,2,0,1,2,0,0,2,0,1,8,8,1
60,61,decoder_2_Kt3,1,0,3,1,1,3,0,0,3,0,1,8,8,1
60,61,decoder_2_Kt3,1,1,4,0,2,4,0,0,4,0,1,8,8,1
60,61,decoder_2_Kt3,1,1,5,1,2,5,0,0,5,0,1,8,8,1
60,61,decoder_2_Kt3,1,1,6,0,3,6,0,0,6,0,1,8,8,1
60,61,decoder_2_Kt3,1,1,7,1,3,7,0,0,7,0,1,8,8,1
60,61,decoder_2_Kt3,1,2,8,0,4,8,0,1,0,0,1,8,8,1
60,61,decoder_2_Kt3,1,2,9,1,4,9,0,1,1,0,1,8,8,1
60,61,decoder_2_Kt3,1,2,10,0,5,10,0,1,2,0,1,8,8,1
60,61,decoder_2_Kt3,1,2,11,1,5,11,0,1,3,0,1,8,8,1
60,61,decoder_2_Kt3,1,3,12,0,6,12,0,1,4,0,1,8,8,1
60,61,decoder_2_Kt3,1,3,13,1,6,13,0,1,5,0,1,8,8,1
60,61,decoder_2_Kt3,1,3,14,0,7,14,0,1,6,0,1,8,8,1
60,61,decoder_2_Kt3,1,3,15,1,7,15,0,1,7,0,1,8,8,1
60,61,decoder_2_Kt3,1,7,16,2,7,16,0,2,0,0,1,8,8,1
60,61,decoder_2_Kt3,1,7,17,3,7,17,0,2,1,0,1,8,8,1
60,61,decoder_2_Kt3,1,7,18,2,6,18,0,2,2,0,1,8,8,1
60,61,decoder_2_Kt3,1,7,19,3,6,19,0,2,3,0,1,8,8,1
60,61,decoder_2_Kt3,1,6,20,2,5,20,0,2,4,0,1,8,8,1
60,61,decoder_2_Kt3,1,6,21,3,5,21,0,2,5,0,1,8,8,1
60,61,decoder_2_Kt3,1,6,22,2,4,22,0,2,6,0,1,8,8,1
60,61,decoder_2_Kt3,1,6,23,3,4,23,0,2,7,0,1,8,8,1
60,61,decoder_2_Kt3,1,5,24,2,3,24,0,3,0,0,1,8,8,1
60,61,decoder_2_Kt3,1,5,25,3,3,25,0,3,1,0,1,8,8,1
60,61,decoder_2_Kt3,1,5,26,2,2,26,0,3,2,0,1,8,8,1
60,61,decoder_2_Kt3,1,5,27,3,2,27,0,3,3,0,1,8,8,1
60,61,decoder_2_Kt3,1,4,28,2,1,28,0,3,4,0,1,8,8,1
60,61,decoder_2_Kt3,1,4,29,3,1,29,0,3,5,0,1,8,8,1
60,61,decoder_2_Kt3,1,4,30,2,0,30,0,3,6,0,1,8,8,1
60,61,decoder_2_Kt3,1,4,31,3,0,31,0,3,7,0,1,8,8,1
60,61,decoder_2_Kt3,1,8,32,4,0,32,0,4,0,0,1,8,8,1
60,61,decoder_2_Kt3,1,8,33,5,0,33,0,4,1,0,1,8,8,1
60,61,decoder_2_Kt3,1,8,34,4,1,34,0,4,2,0,1,8,8,1
60,61,decoder_2_Kt3,1,8,35,5,1,35,0,4,3,0,1,8,8,1
60,61,decoder_2_Kt3,1,9,36,4,2,36,0,4,4,0,1,8,8,1
60,61,decoder_2_Kt3,1,9,37,5,2,37,0,4,5,0,1,8,8,1
60,61,decoder_2_Kt3,1,9,38,4,3,38,0,4,6,0,1,8,8,1
60,61,decoder_2_Kt3,1,9,39,5,3,39,0,4,7,0,1,8,8,1
60,61,decoder_2_Kt3,1,10,40,4,4,40,0,5,0,0,1,8,8,1
60,61,decoder_2_Kt3,1,10,41,5,4,41,0,5,1,0,1,8,8,1
60,61,decoder_2_Kt3,1,10,42,4,5,42,0,5,2,0,1,8,8,1
60,61,decoder_2_Kt3,1,10,43,5,5,43,0,5,3,0,1,8,8,1
60,61,decoder_2_Kt3,1,11,44,4,6,44,0,5,4,0,1,8,8,1
60,61,decoder_2_Kt3,1,11,45,5,6,45,0,5,5,0,1,8,8,1
60,61,decoder_2_Kt3,1,11,46,4,7,46,0,5,6,0,1,8,8,1
60,61,decoder_2_Kt3,1,11,47,5,7,47,0,5,7,0,1,8,8,1
60,61,decoder_2_Kt3,1,15,48,6,7,48,0,6,0,0,1,8,8,1
60,61,decoder_2_Kt3,1,15,49,7,7,49,0,6,1,0,1,8,8,1
60,61,decoder_2_Kt3,1,15,50,6,6,50,0,6,2,0,1,8,8,1
60,61,decoder_2_Kt3,1,15,51,7,6,51,0,6,3,0,1,8,8,1
60,61,decoder_2_Kt3,1,14,52,6,5,52,0,6,4,0,1,8,8,1
60,61,decoder_2_Kt3,1,14,53,7,5,53,0,6,5,0,1,8,8,1
60,61,decoder_2_Kt3,1,14,54,6,4,54,0,6,6,0,1,8,8,1
60,61,decoder_2_Kt3,1,14,55,7,4,55,0,6,7,0,1,8,8,1
60,61,decoder_2_Kt3,1,13,56,6,3,56,0,7,0,0,1,8,8,1
60,61,decoder_2_Kt3,1,13,57,7,3,57,0,7,1,0,1,8,8,1
60,61,decoder_2_Kt3,1,13,58,6,2,58,0,7,2,0,1,8,8,1
60,61,decoder_2_Kt3,1,13,59,7,2,59,0,7,3,0,1,8,8,1
60,61,decoder_2_Kt3,1,12,60,6,1,60,0,7,4,0,1,8,8,1
60,61,decoder_2_Kt3,1,12,61,7,1,61,0,7,5,0,1,8,8,1
60,61,decoder_2_Kt3,1,12,62,6,0,62,0,7,6,0,1,8,8,1
60,61,decoder_2_Kt3,1,12,63,7,0,63,0,7,7,0,1,8,8,1
61,62,decoder_2_K4,1,0,0,0,0,0,0,0,0,0,1,2,32,1
61,62,decoder_2_K4,1,0,1,1,0,1,0,0,1,0,1,2,32,1
61,62,decoder_2_K4,1,0,2,0,1,2,0,0,2,0,1,2,32,1
61,62,decoder_2_K4,1,0,3,1,1,3,0,0,3,0,1,2,32,1
61,62,decoder_2_K4,1,1,4,0,2,4,0,0,4,0,1,2,32,1
61,62,decoder_2_K4,1,1,5,1,2,5,0,0,5,0,1,2,32,1
61,62,decoder_2_K4,1,1,6,0,3,6,0,0,6,0,1,2,32,1
61,62,decoder_2_K4,1,1,7,1,3,7,0,0,7,0,1,2,32,1
61,62,decoder_2_K4,1,2,8,0,4,8,0,0,8,0,1,2,32,1
61,62,decoder_2_K4,1,2,9,1,4,9,0,0,9,0,1,2,32,1
61,62,decoder_2_K4,1,2,10,0,5,10,0,0,10,0,1,2,32,1
61,62,decoder_2_K4,1,2,11,1,5,11,0,0,11,0,1,2,32,1
61,62,decoder_2_K4,1,3,12,0,6,12,0,0,12,0,1,2,32,1
61,62,decoder_2_K4,1,3,13,1,6,13,0,0,13,0,1,2,32,1
61,62,decoder_2_K4,1,3,14,0,7,14,0,0,14,0,1,2,32,1
61,62,decoder_2_K4,1,3,15,1,7,15,0,0,15,0,1,2,32,1
61,62,decoder_2_K4,1,7,16,2,7,16,0,0,16,0,1,2,32,1
61,62,decoder_2_K4,1,7,17,3,7,17,0,0,17,0,1,2,32,1
61,62,decoder_2_K4,1,7,18,2,6,18,0,0,18,0,1,2,32,1
61,62,decoder_2_K4,1,7,19,3,6,19,0,0,19,0,1,2,32,1
61,62,decoder_2_K4,1,6,20,2,5,20,0,0,20,0,1,2,32,1
61,62,decoder_2_K4,1,6,21,3,5,21,0,0,21,0,1,2,32,1
61,62,decoder_2_K4,1,6,22,2,4,22,0,0,22,0,1,2,32,1
61,62,decoder_2_K4,1,6,23,3,4,23,0,0,23,0,1,2,32,1
61,62,decoder_2_K4,1,5,24,2,3,24,0,0,24,0,1,2,32,1
61,62,decoder_2_K4,1,5,25,3,3,25,0,0,25,0,1,2,32,1
61,62,decoder_2_K4,1,5,26,2,2,26,0,0,26,0,1,2,32,1
61,62,decoder_2_K4,1,5,27,3,2,27,0,0,27,0,1,2,32,1
61,62,decoder_2_K4,1,4,28,2,1,28,0,0,28,0,1,2,32,1
61,62,decoder_2_K4,1,4,29,3,1,29,0,0,29,0,1,2,32,1
61,62,decoder_2_K4,1,4,30,2,0,30,0,0,30,0,1,2,32,1
61,62,decoder_2_K4,1,4,31,3,0,31,0,0,31,0,1,2,32,1
61,62,decoder_2_K4,1,8,32,4,0,32,0,1,0,0,1,2,32,1
61,62,decoder_2_K4,1,8,33,5,0,33,0,1,1,0,1,2,32,1
61,62,decoder_2_K4,1,8,34,4,1,34,0,1,2,0,1,2,32,1
61,62,decoder_2_K4,1,8,35,5,1,35,0,1,3,0,1,2,32,1
61,62,decoder_2_K4,1,9,36,4,2,36,0,1,4,0,1,2,32,1
61,62,decoder_2_K4,1,9,37,5,2,37,0,1,5,0,1,2,32,1
61,62,decoder_2_K4,1,9,38,4,3,38,0,1,6,0,1,2,32,1
61,62,decoder_2_K4,1,9,39,5,3,39,0,1,7,0,1,2,32,1
61,62,decoder_2_K4,1,10,40,4,4,40,0,1,8,0,1,2,32,1
61,62,decoder_2_K4,1,10,41,5,4,41,0,1,9,0,1,2,32,1
61,62,decoder_2_K4,1,10,42,4,5,42,0,1,10,0,1,2,32,1
61,62,decoder_2_K4,1,10,43,5,5,43,0,1,11,0,1,2,32,1
61,62,decoder_2_K4,1,11,44,4,6,44,0,1,12,0,1,2,32,1
61,62,decoder_2_K4,1,11,45,5,6,45,0,1,13,0,1,2,32,1
61,62,decoder_2_K4,1,11,46,4,7,46,0,1,14,0,1,2,32,1
61,62,decoder_2_K4,1,11,47,5,7,47,0,1,15,0,1,2,32,1
61,62,decoder_2_K4,1,15,48,6,7,48,0,1,16,0,1,2,32,1
61,62,decoder_2_K4,1,15,49,7,7,49,0,1,17,0,1,2,32,1
61,62,decoder_2_K4,1,15,50,6,6,50,0,1,18,0,1,2,32,1
61,62,decoder_2_K4,1,15,51,7,6,51,0,1,19,0,1,2,32,1
61,62,decoder_2_K4,1,14,52,6,5,52,0,1,20,0,1,2,32,1
61,62,decoder_2_K4,1,14,53,7,5,53,0,1,21,0,1,2,32,1
61,62,decoder_2_K4,1,14,54,6,4,54,0,1,22,0,1,2,32,1
61,62,decoder_2_K4,1,14,55,7,4,55,0,1,23,0,1,2,32,1
61,62,decoder_2_K4,1,13,56,6,3,56,0,1,24,0,1,2,32,1
61,62,decoder_2_K4,1,13,57,7,3,57,0,1,25,0,1,2,32,1
61,62,decoder_2_K4,1,13,58,6,2,58,0,1,26,0,1,2,32,1
61,62,decoder_2_K4,1,13,59,7,2,59,0,1,27,0,1,2,32,1
61,62,decoder_2_K4,1,12,60,6,1,60,0,1,28,0,1,2,32,1
61,62,decoder_2_K4,1,12,61,7,1,61,0,1,29,0,1,2,32,1
61,62,decoder_2_K4,1,12,62,6,0,62,0,1,30,0,1,2,32,1
61,62,decoder_2_K4,1,12,63,7,0,63,0,1,31,0,1,2,32,1
62,63,decoder_2_Kt4,1,0,0,0,0,0,0,0,0,0,1,8,8,1
62,63,decoder_2_Kt4,1,0,1,1,0,1,0,0,1,0,1,8,8,1
62,63,decoder_2_Kt4,1,0,2,0,1,2,0,0,2,0,1,8,8,1
62,63,decoder_2_Kt4,1,0,3,1,1,3,0,0,3,0,1,8,8,1
62,63,decoder_2_Kt4,1,1,4,0,2,4,0,0,4,0,1,8,8,1
62,63,decoder_2_Kt4,1,1,5,1,2,5,0,0,5,0,1,8,8,1
62,63,decoder_2_Kt4,1,1,6,0,3,6,0,0,6,0,1,8,8,1
62,63,decoder_2_Kt4,1,1,7,1,3,7,0,0,7,0,1,8,8,1
62,63,decoder_2_Kt4,1,2,8,0,4,8,0,1,0,0,1,8,8,1
62,63,decoder_2_Kt4,1,2,9,1,4,9,0,1,1,0,1,8,8,1
62,63,decoder_2_Kt4,1,2,10,0,5,10,0,1,2,0,1,8,8,1
62,63,decoder_2_Kt4,1,2,11,1,5,11,0,1,3,0,1,8,8,1
62,63,decoder_2_Kt4,1,3,12,0,6,12,0,1,4,0,1,8,8,1
62,63,decoder_2_Kt4,1,3,13,1,6,13,0,1,5,0,1,8,8,1
62,63,decoder_2_Kt4,1,3,14,0,7,14,0,1,6,0,1,8,8,1
62,63,decoder_2_Kt4,1,3,15,1,7,15,0,1,7,0,1,8,8,1
62,63,decoder_2_Kt4,1,7,16,2,7,16,0,2,0,0,1,8,8,1
62,63,decoder_2_Kt4,1,7,17,3,7,17,0,2,1,0,1,8,8,1
62,63,decoder_2_Kt4,1,7,18,2,6,18,0,2,2,0,1,8,8,1
62,63,decoder_2_Kt4,1,7,19,3,6,19,0,2,3,0,1,8,8,1
62,63,decoder_2_Kt4,1,6,20,2,5,20,0,2,4,0,1,8,8,1
62,63,decoder_2_Kt4,1,6,21,3,5,21,0,2,5,0,1,8,8,1
62,63,decoder_2_Kt4,1,6,22,2,4,22,0,2,6,0,1,8,8,1
62,63,decoder_2_Kt4,1,6,23,3,4,23,0,2,7,0,1,8,8,1
62,63,decoder_2_Kt4,1,5,24,2,3,24,0,3,0,0,1,8,8,1
62,63,decoder_2_Kt4,1,5,25,3,3,25,0,3,1,0,1,8,8,1
62,63,decoder_2_Kt4,1,5,26,2,2,26,0,3,2,0,1,8,8,1
62,63,decoder_2_Kt4,1,5,27,3,2,27,0,3,3,0,1,8,8,1
62,63,decoder_2_Kt4,1,4,28,2,1,28,0,3,4,0,1,8,8,1
62,63,decoder_2_Kt4,1,4,29,3,1,29,0,3,5,0,1,8,8,1
62,63,decoder_2_Kt4,1,4,30,2,0,30,0,3,6,0,1,8,8,1
62,63,decoder_2_Kt4,1,4,31,3,0,31,0,3,7,0,1,8,8,1
62,63,decoder_2_Kt4,1,8,32,4,0,32,0,4,0,0,1,8,8,1
62,63,decoder_2_Kt4,1,8,33,5,0,33,0,4,1,0,1,8,8,1
62,63,decoder_2_Kt4,1,8,34,4,1,34,0,4,2,0,1,8,8,1
62,63,decoder_2_Kt4,1,8,35,5,1,35,0,4,3,0,1,8,8,1
62,63,decoder_2_Kt4,1,9,36,4,2,36,0,4,4,0,1,8,8,1
62,63,decoder_2_Kt4,1,9,37,5,2,37,0,4,5,0,1,8,8,1
62,63,decoder_2_Kt4,1,9,38,4,3,38,0,4,6,0,1,8,8,1
62,63,decoder_2_Kt4,1,9,39,5,3,39,0,4,7,0,1,8,8,1
62,63,decoder_2_Kt4,1,10,40,4,4,40,0,5,0,0,1,8,8,1
62,63,decoder_2_Kt4,1,10,41,5,4,41,0,5,1,0,1,8,8,1
62,63,decoder_2_Kt4,1,10,42,4,5,42,0,5,2,0,1,8,8,1
62,63,decoder_2_Kt4,1,10,43,5,5,43,0,5,3,0,1,8,8,1
62,63,decoder_2_Kt4,1,11,44,4,6,44,0,5,4,0,1,8,8,1
62,63,decoder_2_Kt4,1,11,45,5,6,45,0,5,5,0,1,8,8,1
62,63,decoder_2_Kt4,1,11,46,4,7,46,0,5,6,0,1,8,8,1
62,63,decoder_2_Kt4,1,11,47,5,7,47,0,5,7,0,1,8,8,1
62,63,decoder_2_Kt4,1,15,48,6,7,48,0,6,0,0,1,8,8,1
62,63,decoder_2_Kt4,1,15,49,7,7,49,0,6,1,0,1,8,8,1
62,63,decoder_2_Kt4,1,15,50,6,6,50,0,6,2,0,1,8,8,1
62,63,decoder_2_Kt4,1,15,51,7,6,51,0,6,3,0,1,8,8,1
62,63,decoder_2_Kt4,1,14,52,6,5,52,0,6,4,0,1,8,8,1
62,63,decoder_2_Kt4,1,14,53,7,5,53,0,6,5,0,1,8,8,1
62,63,decoder_2_Kt4,1,14,54,6,4,54,0,6,6,0,1,8,8,1
62,63,decoder_2_Kt4,1,14,55,7,4,55,0,6,7,0,1,8,8,1
62,63,decoder_2_Kt4,1,13,56,6,3,56,0,7,0,0,1,8,8,1
62,63,decoder_2_Kt4,1,13,57,7,3,57,0,7,1,0,1,8,8,1
62,63,decoder_2_Kt4,1,13,58,6,2,58,0,7,2,0,1,8,8,1
62,63,decoder_2_Kt4,1,13,59,7,2,59,0,7,3,0,1,8,8,1
62,63,decoder_2_Kt4,1,12,60,6,1,60,0,7,4,0,1,8,8,1
62,63,decoder_2_Kt4,1,12,61,7,1,61,0,7,5,0,1,8,8,1
62,63,decoder_2_Kt4,1,12,62,6,0,62,0,7,6,0,1,8,8,1
62,63,decoder_2_Kt4,1,12,63,7,0,63,0,7,7,0,1,8,8,1
63,64,decoder_2_K5,1,0,0,0,0,0,0,0,0,0,1,2,32,1
63,64,decoder_2_K5,1,0,1,1,0,1,0,0,1,0,1,2,32,1
63,64,decoder_2_K5,1,0,2,0,1,2,0,0,2,0,1,2,32,1
63,64,decoder_2_K5,1,0,3,1,1,3,0,0,3,0,1,2,32,1
63,64,decoder_2_K5,1,1,4,0,2,4,0,0,4,0,1,2,32,1
63,64,decoder_2_K5,1,1,5,1,2,5,0,0,5,0,1,2,32,1
63,64,decoder_2_K5,1,1,6,0,3,6,0,0,6,0,1,2,32,1
63,64,decoder_2_K5,1,1,7,1,3,7,0,0,7,0,1,2,32,1
63,64,decoder_2_K5,1,2,8,0,4,8,0,0,8,0,1,2,32,1
63,64,decoder_2_K5,1,2,9,1,4,9,0,0,9,0,1,2,32,1
63,64,decoder_2_K5,1,2,10,0,5,10,0,0,10,0,1,2,32,1
63,64,decoder_2_K5,1,2,11,1,5,11,0,0,11,0,1,2,32,1
63,64,decoder_2_K5,1,3,12,0,6,12,0,0,12,0,1,2,32,1
63,64,decoder_2_K5,1,3,13,1,6,13,0,0,13,0,1,2,32,1
63,64,decoder_2_K5,1,3,14,0,7,14,0,0,14,0,1,2,32,1
63,64,decoder_2_K5,1,3,15,1,7,15,0,0,15,0,1,2,32,1
63,64,decoder_2_K5,1,7,16,2,7,16,0,0,16,0,1,2,32,1
63,64,decoder_2_K5,1,7,17,3,7,17,0,0,17,0,1,2,32,1
63,64,decoder_2_K5,1,7,18,2,6,18,0,0,18,0,1,2,32,1
63,64,decoder_2_K5,1,7,19,3,6,19,0,0,19,0,1,2,32,1
63,64,decoder_2_K5,1,6,20,2,5,20,0,0,20,0,1,2,32,1
63,64,decoder_2_K5,1,6,21,3,5,21,0,0,21,0,1,2,32,1
63,64,decoder_2_K5,1,6,22,2,4,22,0,0,22,0,1,2,32,1
63,64,decoder_2_K5,1,6,23,3,4,23,0,0,23,0,1,2,32,1
63,64,decoder_2_K5,1,5,24,2,3,24,0,0,24,0,1,2,32,1
63,64,decoder_2_K5,1,5,25,3,3,25,0,0,25,0,1,2,32,1
63,64,decoder_2_K5,1,5,26,2,2,26,0,0,26,0,1,2,32,1
63,64,decoder_2_K5,1,5,27,3,2,27,0,0,27,0,1,2,32,1
63,64,decoder_2_K5,1,4,28,2,1,28,0,0,28,0,1,2,32,1
63,64,decoder_2_K5,1,4,29,3,1,29,0,0,29,0,1,2,32,1
63,64,decoder_2_K5,1,4,30,2,0,30,0,0,30,0,1,2,32,1
63,64,decoder_2_K5,1,4,31,3,0,31,0,0,31,0,1,2,32,1
63,64,decoder_2_K5,1,8,32,4,0,32,0,1,0,0,1,2,32,1
63,64,decoder_2_K5,1,8,33,5,0,33,0,1,1,0,1,2,32,1
63,64,decoder_2_K5,1,8,34,4,1,34,0,1,2,0,1,2,32,1
63,64,decoder_2_K5,1,8,35,5,1,35,0,1,3,0,1,2,32,1
63,64,decoder_2_K5,1,9,36,4,2,36,0,1,4,0,1,2,32,1
63,64,decoder_2_K5,1,9,37,5,2,37,0,1,5,0,1,2,32,1
63,64,decoder_2_K5,1,9,38,4,3,38,0,1,6,0,1,2,32,1
63,64,decoder_2_K5,1,9,39,5,3,39,0,1,7,0,1,2,32,1
63,64,decoder_2_K5,1,10,40,4,4,40,0,1,8,0,1,2,32,1
63,64,decoder_2_K5,1,10,41,5,4,41,0,1,9,0,1,2,32,1
63,64,decoder_2_K5,1,10,42,4,5,42,0,1,10,0,1,2,32,1
63,64,decoder_2_K5,1,10,43,5,5,43,0,1,11,0,1,2,32,1
63,64,decoder_2_K5,1,11,44,4,6,44,0,1,12,0,1,2,32,1
63,64,decoder_2_K5,1,11,45,5,6,45,0,1,13,0,1,2,32,1
63,64,decoder_2_K5,1,11,46,4,7,46,0,1,14,0,1,2,32,1
63,64,decoder_2_K5,1,11,47,5,7,47,0,1,15,0,1,2,32,1
63,64,decoder_2_K5,1,15,48,6,7,48,0,1,16,0,1,2,32,1
63,64,decoder_2_K5,1,15,49,7,7,49,0,1,17,0,1,2,32,1
63,64,decoder_2_K5,1,15,50,6,6,50,0,1,18,0,1,2,32,1
63,64,decoder_2_K5,1,15,51,7,6,51,0,1,19,0,1,2,32,1
63,64,decoder_2_K5,1,14,52,6,5,52,0,1,20,0,1,2,32,1
63,64,decoder_2_K5,1,14,53,7,5,53,0,1,21,0,1,2,32,1
63,64,decoder_2_K5,1,14,54,6,4,54,0,1,22,0,1,2,32,1
63,64,decoder_2_K5,1,14,55,7,4,55,0,1,23,0,1,2,32,1
63,64,decoder_2_K5,1,13,56,6,3,56,0,1,24,0,1,2,32,1
63,64,decoder_2_K5,1,13,57,7,3,57,0,1,25,0,1,2,32,1
63,64,decoder_2_K5,1,13,58,6,2,58,0,1,26,0,1,2,32,1
63,64,decoder_2_K5,1,13,59,7,2,59,0,1,27,0,1,2,32,1
63,64,decoder_2_K5,1,12,60,6,1,60,0,1,28,0,1,2,32,1
63,64,decoder_2_K5,1,12,61,7,1,61,0,1,29,0,1,2,32,1
63,64,decoder_2_K5,1,12,62,6,0,62,0,1,30,0,1,2,32,1
63,64,decoder_2_K5,1,12,63,7,0,63,0,1,31,0,1,2,32,1
64,65,decoder_2_Kt5,1,0,0,0,0,0,0,0,0,0,1,8,8,1
64,65,decoder_2_Kt5,1,0,1,1,0,1,0,0,1,0,1,8,8,1
64,65,decoder_2_Kt5,1,0,2,0,1,2,0,0,2,0,1,8,8,1
64,65,decoder_2_Kt5,1,0,3,1,1,3,0,0,3,0,1,8,8,1
64,65,decoder_2_Kt5,1,1,4,0,2,4,0,0,4,0,1,8,8,1
64,65,decoder_2_Kt5,1,1,5,1,2,5,0,0,5,0,1,8,8,1
64,65,decoder_2_Kt5,1,1,6,0,3,6,0,0,6,0,1,8,8,1
64,65,decoder_2_Kt5,1,1,7,1,3,7,0,0,7,0,1,8,8,1
64,65,decoder_2_Kt5,1,2,8,0,4,8,0,1,0,0,1,8,8,1
64,65,decoder_2_Kt5,1,2,9,1,4,9,0,1,1,0,1,8,8,1
64,65,decoder_2_Kt5,1,2,10,0,5,10,0,1,2,0,1,8,8,1
64,65,decoder_2_Kt5,1,2,11,1,5,11,0,1,3,0,1,8,8,1
64,65,decoder_2_Kt5,1,3,12,0,6,12,0,1,4,0,1,8,8,1
64,65,decoder_2_Kt5,1,3,13,1,6,13,0,1,5,0,1,8,8,1
64,65,decoder_2_Kt5,1,3,14,0,7,14,0,1,6,0,1,8,8,1
64,65,decoder_2_Kt5,1,3,15,1,7,15,0,1,7,0,1,8,8,1
64,65,decoder_2_Kt5,1,7,16,2,7,16,0,2,0,0,1,8,8,1
64,65,decoder_2_Kt5,1,7,17,3,7,17,0,2,1,0,1,8,8,1
64,65,decoder_2_Kt5,1,7,18,2,6,18,0,2,2,0,1,8,8,1
64,65,decoder_2_Kt5,1,7,19,3,6,19,0,2,3,0,1,8,8,1
64,65,decoder_2_Kt5,1,6,20,2,5,20,0,2,4,0,1,8,8,1
64,65,decoder_2_Kt5,1,6,21,3,5,21,0,2,5,0,1,8,8,1
64,65,decoder_2_Kt5,1,6,22,2,4,22,0,2,6,0,1,8,8,1
64,65,decoder_2_Kt5,1,6,23,3,4,23,0,2,7,0,1,8,8,1
64,65,decoder_2_Kt5,1,5,24,2,3,24,0,3,0,0,1,8,8,1
64,65,decoder_2_Kt5,1,5,25,3,3,25,0,3,1,0,1,8,8,1
64,65,decoder_2_Kt5,1,5,26,2,2,26,0,3,2,0,1,8,8,1
64,65,decoder_2_Kt5,1,5,27,3,2,27,0,3,3,0,1,8,8,1
64,65,decoder_2_Kt5,1,4,28,2,1,28,0,3,4,0,1,8,8,1
64,65,decoder_2_Kt5,1,4,29,3,1,29,0,3,5,0,1,8,8,1
64,65,decoder_2_Kt5,1,4,30,2,0,30,0,3,6,0,1,8,8,1
64,65,decoder_2_Kt5,1,4,31,3,0,31,0,3,7,0,1,8,8,1
64,65,decoder_2_Kt5,1,8,32,4,0,32,0,4,0,0,1,8,8,1
64,65,decoder_2_Kt5,1,8,33,5,0,33,0,4,1,0,1,8,8,1
64,65,decoder_2_Kt5,1,8,34,4,1,34,0,4,2,0,1,8,8,1
64,65,decoder_2_Kt5,1,8,35,5,1,35,0,4,3,0,1,8,8,1
64,65,decoder_2_Kt5,1,9,36,4,2,36,0,4,4,0,1,8,8,1
64,65,decoder_2_Kt5,1,9,37,5,2,37,0,4,5,0,1,8,8,1
64,65,decoder_2_Kt5,1,9,38,4,3,38,0,4,6,0,1,8,8,1
64,65,decoder_2_Kt5,1,9,39,5,3,39,0,4,7,0,1,8,8,1
64,65,decoder_2_Kt5,1,10,40,4,4,40,0,5,0,0,1,8,8,1
64,65,decoder_2_Kt5,1,10,41,5,4,41,0,5,1,0,1,8,8,1
64,65,decoder_2_Kt5,1,10,42,4,5,42,0,5,2,0,1,8,8,1
64,65,decoder_2_Kt5,1,10,43,5,5,43,0,5,3,0,1,8,8,1
64,65,decoder_2_Kt5,1,11,44,4,6,44,0,5,4,0,1,8,8,1
64,65,decoder_2_Kt5,1,11,45,5,6,45,0,5,5,0,1,8,8,1
64,65,decoder_2_Kt5,1,11,46,4,7,46,0,5,6,0,1,8,8,1
64,65,decoder_2_Kt5,1,11,47,5,7,47,0,5,7,0,1,8,8,1
64,65,decoder_2_Kt5,1,15,48,6,7,48,0,6,0,0,1,8,8,1
64,65,decoder_2_Kt5,1,15,49,7,7,49,0,6,1,0,1,8,8,1
64,65,decoder_2_Kt5,1,15,50,6,6,50,0,6,2,0,1,8,8,1
64,65,decoder_2_Kt5,1,15,51,7,6,51,0,6,3,0,1,8,8,1
64,65,decoder_2_Kt5,1,14,52,6,5,52,0,6,4,0,1,8,8,1
64,65,decoder_2_Kt5,1,14,53,7,5,53,0,6,5,0,1,8,8,1
64,65,decoder_2_Kt5,1,14,54,6,4,54,0,6,6,0,1,8,8,1
64,65,decoder_2_Kt5,1,14,55,7,4,55,0,6,7,0,1,8,8,1
64,65,decoder_2_Kt5,1,13,56,6,3,56,0,7,0,0,1,8,8,1
64,65,decoder_2_Kt5,1,13,57,7,3,57,0,7,1,0,1,8,8,1
64,65,decoder_2_Kt5,1,13,58,6,2,58,0,7,2,0,1,8,8,1
64,65,decoder_2_Kt5,1,13,59,7,2,59,0,7,3,0,1,8,8,1
64,65,decoder_2_Kt5,1,12,60,6,1,60,0,7,4,0,1,8,8,1
64,65,decoder_2_Kt5,1,12,61,7,1,61,0,7,5,0,1,8,8,1
64,65,decoder_2_Kt5,1,12,62,6,0,62,0,7,6,0,1,8,8,1
64,65,decoder_2_Kt5,1,12,63,7,0,63,0,7,7,0,1,8,8,1
65,66,decoder_2_K6,1,0,0,0,0,0,0,0,0,0,1,2,32,1
65,66,decoder_2_K6,1,0,1,1,0,1,0,0,1,0,1,2,32,1
65,66,decoder_2_K6,1,0,2,0,1,2,0,0,2,0,1,2,32,1
65,66,decoder_2_K6,1,0,3,1,1,3,0,0,3,0,1,2,32,1
65,66,decoder_2_K6,1,1,4,0,2,4,0,0,4,0,1,2,32,1
65,66,decoder_2_K6,1,1,5,1,2,5,0,0,5,0,1,2,32,1
65,66,decoder_2_K6,1,1,6,0,3,6,0,0,6,0,1,2,32,1
65,66,decoder_2_K6,1,1,7,1,3,7,0,0,7,0,1,2,32,1
65,66,decoder_2_K6,1,2,8,0,4,8,0,0,8,0,1,2,32,1
65,66,decoder_2_K6,1,2,9,1,4,9,0,0,9,0,1,2,32,1
65,66,decoder_2_K6,1,2,10,0,5,10,0,0,10,0,1,2,32,1
65,66,decoder_2_K6,1,2,11,1,5,11,0,0,11,0,1,2,32,1
65,66,decoder_2_K6,1,3,12,0,6,12,0,0,12,0,1,2,32,1
65,66,decoder_2_K6,1,3,13,1,6,13,0,0,13,0,1,2,32,1
65,66,decoder_2_K6,1,3,14,0,7,14,0,0,14,0,1,2,32,1
65,66,decoder_2_K6,1,3,15,1,7,15,0,0,15,0,1,2,32,1
65,66,decoder_2_K6,1,7,16,2,7,16,0,0,16,0,1,2,32,1
65,66,decoder_2_K6,1,7,17,3,7,17,0,0,17,0,1,2,32,1
65,66,decoder_2_K6,1,7,18,2,6,18,0,0,18,0,1,2,32,1
65,66,decoder_2_K6,1,7,19,3,6,19,0,0,19,0,1,2,32,1
65,66,decoder_2_K6,1,6,20,2,5,20,0,0,20,0,1,2,32,1
65,66,decoder_2_K6,1,6,21,3,5,21,0,0,21,0,1,2,32,1
65,66,decoder_2_K6,1,6,22,2,4,22,0,0,22,0,1,2,32,1
65,66,decoder_2_K6,1,6,23,3,4,23,0,0,23,0,1,2,32,1
65,66,decoder_2_K6,1,5,24,2,3,24,0,0,24,0,1,2,32,1
65,66,decoder_2_K6,1,5,25,3,3,25,0,0,25,0,1,2,32,1
65,66,decoder_2_K6,1,5,26,2,2,26,0,0,26,0,1,2,32,1
65,66,decoder_2_K6,1,5,27,3,2,27,0,0,27,0,1,2,32,1
65,66,decoder_2_K6,1,4,28,2,1,28,0,0,28,0,1,2,32,1
65,66,decoder_2_K6,1,4,29,3,1,29,0,0,29,0,1,2,32,1
65,66,decoder_2_K6,1,4,30,2,0,30,0,0,30,0,1,2,32,1
65,66,decoder_2_K6,1,4,31,3,0,31,0,0,31,0,1,2,32,1
65,66,decoder_2_K6,1,8,32,4,0,32,0,1,0,0,1,2,32,1
65,66,decoder_2_K6,1,8,33,5,0,33,0,1,1,0,1,2,32,1
65,66,decoder_2_K6,1,8,34,4,1,34,0,1,2,0,1,2,32,1
65,66,decoder_2_K6,1,8,35,5,1,35,0,1,3,0,1,2,32,1
65,66,decoder_2_K6,1,9,36,4,2,36,0,1,4,0,1,2,32,1
65,66,decoder_2_K6,1,9,37,5,2,37,0,1,5,0,1,2,32,1
65,66,decoder_2_K6,1,9,38,4,3,38,0,1,6,0,1,2,32,1
65,66,decoder_2_K6,1,9,39,5,3,39,0,1,7,0,1,2,32,1
65,66,decoder_2_K6,1,10,40,4,4,40,0,1,8,0,1,2,32,1
65,66,decoder_2_K6,1,10,41,5,4,41,0,1,9,0,1,2,32,1
65,66,decoder_2_K6,1,10,42,4,5,42,0,1,10,0,1,2,32,1
65,66,decoder_2_K6,1,10,43,5,5,43,0,1,11,0,1,2,32,1
65,66,decoder_2_K6,1,11,44,4,6,44,0,1,12,0,1,2,32,1
65,66,decoder_2_K6,1,11,45,5,6,45,0,1,13,0,1,2,32,1
65,66,decoder_2_K6,1,11,46,4,7,46,0,1,14,0,1,2,32,1
65,66,decoder_2_K6,1,11,47,5,7,47,0,1,15,0,1,2,32,1
65,66,decoder_2_K6,1,15,48,6,7,48,0,1,16,0,1,2,32,1
65,66,decoder_2_K6,1,15,49,7,7,49,0,1,17,0,1,2,32,1
65,66,decoder_2_K6,1,15,50,6,6,50,0,1,18,0,1,2,32,1
65,66,decoder_2_K6,1,15,51,7,6,51,0,1,19,0,1,2,32,1
65,66,decoder_2_K6,1,14,52,6,5,52,0,1,20,0,1,2,32,1
65,66,decoder_2_K6,1,14,53,7,5,53,0,1,21,0,1,2,32,1
65,66,decoder_2_K6,1,14,54,6,4,54,0,1,22,0,1,2,32,1
65,66,decoder_2_K6,1,14,55,7,4,55,0,1,23,0,1,2,32,1
65,66,decoder_2_K6,1,13,56,6,3,56,0,1,24,0,1,2,32,1
65,66,decoder_2_K6,1,13,57,7,3,57,0,1,25,0,1,2,32,1
65,66,decoder_2_K6,1,13,58,6,2,58,0,1,26,0,1,2,32,1
65,66,decoder_2_K6,1,13,59,7,2,59,0,1,27,0,1,2,32,1
65,66,decoder_2_K6,1,12,60,6,1,60,0,1,28,0,1,2,32,1
65,66,decoder_2_K6,1,12,61,7,1,61,0,1,29,0,1,2,32,1
65,66,decoder_2_K6,1,12,62,6,0,62,0,1,30,0,1,2,32,1
65,66,decoder_2_K6,1,12,63,7,0,63,0,1,31,0,1,2,32,1
66,67,decoder_2_Kt6,1,0,0,0,0,0,0,0,0,0,1,8,8,1
66,67,decoder_2_Kt6,1,0,1,1,0,1,0,0,1,0,1,8,8,1
66,67,decoder_2_Kt6,1,0,2,0,1,2,0,0,2,0,1,8,8,1
66,67,decoder_2_Kt6,1,0,3,1,1,3,0,0,3,0,1,8,8,1
66,67,decoder_2_Kt6,1,1,4,0,2,4,0,0,4,0,1,8,8,1
66,67,decoder_2_Kt6,1,1,5,1,2,5,0,0,5,0,1,8,8,1
66,67,decoder_2_Kt6,1,1,6,0,3,6,0,0,6,0,1,8,8,1
66,67,decoder_2_Kt6,1,1,7,1,3,7,0,0,7,0,1,8,8,1
66,67,decoder_2_Kt6,1,2,8,0,4,8,0,1,0,0,1,8,8,1
66,67,decoder_2_Kt6,1,2,9,1,4,9,0,1,1,0,1,8,8,1
66,67,decoder_2_Kt6,1,2,10,0,5,10,0,1,2,0,1,8,8,1
66,67,decoder_2_Kt6,1,2,11,1,5,11,0,1,3,0,1,8,8,1
66,67,decoder_2_Kt6,1,3,12,0,6,12,0,1,4,0,1,8,8,1
66,67,decoder_2_Kt6,1,3,13,1,6,13,0,1,5,0,1,8,8,1
66,67,decoder_2_Kt6,1,3,14,0,7,14,0,1,6,0,1,8,8,1
66,67,decoder_2_Kt6,1,3,15,1,7,15,0,1,7,0,1,8,8,1
66,67,decoder_2_Kt6,1,7,16,2,7,16,0,2,0,0,1,8,8,1
66,67,decoder_2_Kt6,1,7,17,3,7,17,0,2,1,0,1,8,8,1
66,67,decoder_2_Kt6,1,7,18,2,6,18,0,2,2,0,1,8,8,1
66,67,decoder_2_Kt6,1,7,19,3,6,19,0,2,3,0,1,8,8,1
66,67,decoder_2_Kt6,1,6,20,2,5,20,0,2,4,0,1,8,8,1
66,67,decoder_2_Kt6,1,6,21,3,5,21,0,2,5,0,1,8,8,1
66,67,decoder_2_Kt6,1,6,22,2,4,22,0,2,6,0,1,8,8,1
66,67,decoder_2_Kt6,1,6,23,3,4,23,0,2,7,0,1,8,8,1
66,67,decoder_2_Kt6,1,5,24,2,3,24,0,3,0,0,1,8,8,1
66,67,decoder_2_Kt6,1,5,25,3,3,25,0,3,1,0,1,8,8,1
66,67,decoder_2_Kt6,1,5,26,2,2,26,0,3,2,0,1,8,8,1
66,67,decoder_2_Kt6,1,5,27,3,2,27,0,3,3,0,1,8,8,1
66,67,decoder_2_Kt6,1,4,28,2,1,28,0,3,4,0,1,8,8,1
66,67,decoder_2_Kt6,1,4,29,3,1,29,0,3,5,0,1,8,8,1
66,67,decoder_2_Kt6,1,4,30,2,0,30,0,3,6,0,1,8,8,1
66,67,decoder_2_Kt6,1,4,31,3,0,31,0,3,7,0,1,8,8,1
66,67,decoder_2_Kt6,1,8,32,4,0,32,0,4,0,0,1,8,8,1
66,67,decoder_2_Kt6,1,8,33,5,0,33,0,4,1,0,1,8,8,1
66,67,decoder_2_Kt6,1,8,34,4,1,34,0,4,2,0,1,8,8,1
66,67,decoder_2_Kt6,1,8,35,5,1,35,0,4,3,0,1,8,8,1
66,67,decoder_2_Kt6,1,9,36,4,2,36,0,4,4,0,1,8,8,1
66,67,decoder_2_Kt6,1,9,37,5,2,37,0,4,5,0,1,8,8,1
66,67,decoder_2_Kt6,1,9,38,4,3,38,0,4,6,0,1,8,8,1
66,67,decoder_2_Kt6,1,9,39,5,3,39,0,4,7,0,1,8,8,1
66,67,decoder_2_Kt6,1,10,40,4,4,40,0,5,0,0,1,8,8,1
66,67,decoder_2_Kt6,1,10,41,5,4,41,0,5,1,0,1,8,8,1
66,67,decoder_2_Kt6,1,10,42,4,5,42,0,5,2,0,1,8,8,1
66,67,decoder_2_Kt6,1,10,43,5,5,43,0,5,3,0,1,8,8,1
66,67,decoder_2_Kt6,1,11,44,4,6,44,0,5,4,0,1,8,8,1
66,67,decoder_2_Kt6,1,11,45,5,6,45,0,5,5,0,1,8,8,1
66,67,decoder_2_Kt6,1,11,46,4,7,46,0,5,6,0,1,8,8,1
66,67,decoder_2_Kt6,1,11,47,5,7,47,0,5,7,0,1,8,8,1
66,67,decoder_2_Kt6,1,15,48,6,7,48,0,6,0,0,1,8,8,1
66,67,decoder_2_Kt6,1,15,49,7,7,49,0,6,1,0,1,8,8,1
66,67,decoder_2_Kt6,1,15,50,6,6,50,0,6,2,0,1,8,8,1
66,67,decoder_2_Kt6,1,15,51,7,6,51,0,6,3,0,1,8,8,1
66,67,decoder_2_Kt6,1,14,52,6,5,52,0,6,4,0,1,8,8,1
66,67,decoder_2_Kt6,1,14,53,7,5,53,0,6,5,0,1,8,8,1
66,67,decoder_2_Kt6,1,14,54,6,4,54,0,6,6,0,1,8,8,1
66,67,decoder_2_Kt6,1,14,55,7,4,55,0,6,7,0,1,8,8,1
66,67,decoder_2_Kt6,1,13,56,6,3,56,0,7,0,0,1,8,8,1
66,67,decoder_2_Kt6,1,13,57,7,3,57,0,7,1,0,1,8,8,1
66,67,decoder_2_Kt6,1,13,58,6,2,58,0,7,2,0,1,8,8,1
66,67,decoder_2_Kt6,1,13,59,7,2,59,0,7,3,0,1,8,8,1
66,67,decoder_2_Kt6,1,12,60,6,1,60,0,7,4,0,1,8,8,1
66,67,decoder_2_Kt6,1,12,61,7,1,61,0,7,5,0,1,8,8,1
66,67,decoder_2_Kt6,1,12,62,6,0,62,0,7,6,0,1,8,8,1
66,67,decoder_2_Kt6,1,12,63,7,0,63,0,7,7,0,1,8,8,1
67,68,decoder_2_K7,1,0,0,0,0,0,0,0,0,0,1,2,32,1
67,68,decoder_2_K7,1,0,1,1,0,1,0,0,1,0,1,2,32,1
67,68,decoder_2_K7,1,0,2,0,1,2,0,0,2,0,1,2,32,1
67,68,decoder_2_K7,1,0,3,1,1,3,0,0,3,0,1,2,32,1
67,68,decoder_2_K7,1,1,4,0,2,4,0,0,4,0,1,2,32,1
67,68,decoder_2_K7,1,1,5,1,2,5,0,0,5,0,1,2,32,1
67,68,decoder_2_K7,1,1,6,0,3,6,0,0,6,0,1,2,32,1
67,68,decoder_2_K7,1,1,7,1,3,7,0,0,7,0,1,2,32,1
67,68,decoder_2_K7,1,2,8,0,4,8,0,0,8,0,1,2,32,1
67,68,decoder_2_K7,1,2,9,1,4,9,0,0,9,0,1,2,32,1
67,68,decoder_2_K7,1,2,10,0,5,10,0,0,10,0,1,2,32,1
67,68,decoder_2_K7,1,2,11,1,5,11,0,0,11,0,1,2,32,1
67,68,decoder_2_K7,1,3,12,0,6,12,0,0,12,0,1,2,32,1
67,68,decoder_2_K7,1,3,13,1,6,13,0,0,13,0,1,2,32,1
67,68,decoder_2_K7,1,3,14,0,7,14,0,0,14,0,1,2,32,1
67,68,decoder_2_K7,1,3,15,1,7,15,0,0,15,0,1,2,32,1
67,68,decoder_2_K7,1,7,16,2,7,16,0,0,16,0,1,2,32,1
67,68,decoder_2_K7,1,7,17,3,7,17,0,0,17,0,1,2,32,1
67,68,decoder_2_K7,1,7,18,2,6,18,0,0,18,0,1,2,32,1
67,68,decoder_2_K7,1,7,19,3,6,19,0,0,19,0,1,2,32,1
67,68,decoder_2_K7,1,6,20,2,5,20,0,0,20,0,1,2,32,1
67,68,decoder_2_K7,1,6,21,3,5,21,0,0,21,0,1,2,32,1
67,68,decoder_2_K7,1,6,22,2,4,22,0,0,22,0,1,2,32,1
67,68,decoder_2_K7,1,6,23,3,4,23,0,0,23,0,1,2,32,1
67,68,decoder_2_K7,1,5,24,2,3,24,0,0,24,0,1,2,32,1
67,68,decoder_2_K7,1,5,25,3,3,25,0,0,25,0,1,2,32,1
67,68,decoder_2_K7,1,5,26,2,2,26,0,0,26,0,1,2,32,1
67,68,decoder_2_K7,1,5,27,3,2,27,0,0,27,0,1,2,32,1
67,68,decoder_2_K7,1,4,28,2,1,28,0,0,28,0,1,2,32,1
67,68,decoder_2_K7,1,4,29,3,1,29,0,0,29,0,1,2,32,1
67,68,decoder_2_K7,1,4,30,2,0,30,0,0,30,0,1,2,32,1
67,68,decoder_2_K7,1,4,31,3,0,31,0,0,31,0,1,2,32,1
67,68,decoder_2_K7,1,8,32,4,0,32,0,1,0,0,1,2,32,1
67,68,decoder_2_K7,1,8,33,5,0,33,0,1,1,0,1,2,32,1
67,68,decoder_2_K7,1,8,34,4,1,34,0,1,2,0,1,2,32,1
67,68,decoder_2_K7,1,8,35,5,1,35,0,1,3,0,1,2,32,1
67,68,decoder_2_K7,1,9,36,4,2,36,0,1,4,0,1,2,32,1
67,68,decoder_2_K7,1,9,37,5,2,37,0,1,5,0,1,2,32,1
67,68,decoder_2_K7,1,9,38,4,3,38,0,1,6,0,1,2,32,1
67,68,decoder_2_K7,1,9,39,5,3,39,0,1,7,0,1,2,32,1
67,68,decoder_2_K7,1,10,40,4,4,40,0,1,8,0,1,2,32,1
67,68,decoder_2_K7,1,10,41,5,4,41,0,1,9,0,1,2,32,1
67,68,decoder_2_K7,1,10,42,4,5,42,0,1,10,0,1,2,32,1
67,68,decoder_2_K7,1,10,43,5,5,43,0,1,11,0,1,2,32,1
67,68,decoder_2_K7,1,11,44,4,6,44,0,1,12,0,1,2,32,1
67,68,decoder_2_K7,1,11,45,5,6,45,0,1,13,0,1,2,32,1
67,68,decoder_2_K7,1,11,46,4,7,46,0,1,14,0,1,2,32,1
67,68,decoder_2_K7,1,11,47,5,7,47,0,1,15,0,1,2,32,1
67,68,decoder_2_K7,1,15,48,6,7,48,0,1,16,0,1,2,32,1
67,68,decoder_2_K7,1,15,49,7,7,49,0,1,17,0,1,2,32,1
67,68,decoder_2_K7,1,15,50,6,6,50,0,1,18,0,1,2,32,1
67,68,decoder_2_K7,1,15,51,7,6,51,0,1,19,0,1,2,32,1
67,68,decoder_2_K7,1,14,52,6,5,52,0,1,20,0,1,2,32,1
67,68,decoder_2_K7,1,14,53,7,5,53,0,1,21,0,1,2,32,1
67,68,decoder_2_K7,1,14,54,6,4,54,0,1,22,0,1,2,32,1
67,68,decoder_2_K7,1,14,55,7,4,55,0,1,23,0,1,2,32,1
67,68,decoder_2_K7,1,13,56,6,3,56,0,1,24,0,1,2,32,1
67,68,decoder_2_K7,1,13,57,7,3,57,0,1,25,0,1,2,32,1
67,68,decoder_2_K7,1,13,58,6,2,58,0,1,26,0,1,2,32,1
67,68,decoder_2_K7,1,13,59,7,2,59,0,1,27,0,1,2,32,1
67,68,decoder_2_K7,1,12,60,6,1,60,0,1,28,0,1,2,32,1
67,68,decoder_2_K7,1,12,61,7,1,61,0,1,29,0,1,2,32,1
67,68,decoder_2_K7,1,12,62,6,0,62,0,1,30,0,1,2,32,1
67,68,decoder_2_K7,1,12,63,7,0,63,0,1,31,0,1,2,32,1
68,69,decoder_2_Kt7,1,0,0,0,0,0,0,0,0,0,1,8,8,1
68,69,decoder_2_Kt7,1,0,1,1,0,1,0,0,1,0,1,8,8,1
68,69,decoder_2_Kt7,1,0,2,0,1,2,0,0,2,0,1,8,8,1
68,69,decoder_2_Kt7,1,0,3,1,1,3,0,0,3,0,1,8,8,1
68,69,decoder_2_Kt7,1,1,4,0,2,4,0,0,4,0,1,8,8,1
68,69,decoder_2_Kt7,1,1,5,1,2,5,0,0,5,0,1,8,8,1
68,69,decoder_2_Kt7,1,1,6,0,3,6,0,0,6,0,1,8,8,1
68,69,decoder_2_Kt7,1,1,7,1,3,7,0,0,7,0,1,8,8,1
68,69,decoder_2_Kt7,1,2,8,0,4,8,0,1,0,0,1,8,8,1
68,69,decoder_2_Kt7,1,2,9,1,4,9,0,1,1,0,1,8,8,1
68,69,decoder_2_Kt7,1,2,10,0,5,10,0,1,2,0,1,8,8,1
68,69,decoder_2_Kt7,1,2,11,1,5,11,0,1,3,0,1,8,8,1
68,69,decoder_2_Kt7,1,3,12,0,6,12,0,1,4,0,1,8,8,1
68,69,decoder_2_Kt7,1,3,13,1,6,13,0,1,5,0,1,8,8,1
68,69,decoder_2_Kt7,1,3,14,0,7,14,0,1,6,0,1,8,8,1
68,69,decoder_2_Kt7,1,3,15,1,7,15,0,1,7,0,1,8,8,1
68,69,decoder_2_Kt7,1,7,16,2,7,16,0,2,0,0,1,8,8,1
68,69,decoder_2_Kt7,1,7,17,3,7,17,0,2,1,0,1,8,8,1
68,69,decoder_2_Kt7,1,7,18,2,6,18,0,2,2,0,1,8,8,1
68,69,decoder_2_Kt7,1,7,19,3,6,19,0,2,3,0,1,8,8,1
68,69,decoder_2_Kt7,1,6,20,2,5,20,0,2,4,0,1,8,8,1
68,69,decoder_2_Kt7,1,6,21,3,5,21,0,2,5,0,1,8,8,1
68,69,decoder_2_Kt7,1,6,22,2,4,22,0,2,6,0,1,8,8,1
68,69,decoder_2_Kt7,1,6,23,3,4,23,0,2,7,0,1,8,8,1
68,69,decoder_2_Kt7,1,5,24,2,3,24,0,3,0,0,1,8,8,1
68,69,decoder_2_Kt7,1,5,25,3,3,25,0,3,1,0,1,8,8,1
68,69,decoder_2_Kt7,1,5,26,2,2,26,0,3,2,0,1,8,8,1
68,69,decoder_2_Kt7,1,5,27,3,2,27,0,3,3,0,1,8,8,1
68,69,decoder_2_Kt7,1,4,28,2,1,28,0,3,4,0,1,8,8,1
68,69,decoder_2_Kt7,1,4,29,3,1,29,0,3,5,0,1,8,8,1
68,69,decoder_2_Kt7,1,4,30,2,0,30,0,3,6,0,1,8,8,1
68,69,decoder_2_Kt7,1,4,31,3,0,31,0,3,7,0,1,8,8,1
68,69,decoder_2_Kt7,1,8,32,4,0,32,0,4,0,0,1,8,8,1
68,69,decoder_2_Kt7,1,8,33,5,0,33,0,4,1,0,1,8,8,1
68,69,decoder_2_Kt7,1,8,34,4,1,34,0,4,2,0,1,8,8,1
68,69,decoder_2_Kt7,1,8,35,5,1,35,0,4,3,0,1,8,8,1
68,69,decoder_2_Kt7,1,9,36,4,2,36,0,4,4,0,1,8,8,1
68,69,decoder_2_Kt7,1,9,37,5,2,37,0,4,5,0,1,8,8,1
68,69,decoder_2_Kt7,1,9,38,4,3,38,0,4,6,0,1,8,8,1
68,69,decoder_2_Kt7,1,9,39,5,3,39,0,4,7,0,1,8,8,1
68,69,decoder_2_Kt7,1,10,40,4,4,40,0,5,0,0,1,8,8,1
68,69,decoder_2_Kt7,1,10,41,5,4,41,0,5,1,0,1,8,8,1
68,69,decoder_2_Kt7,1,10,42,4,5,42,0,5,2,0,1,8,8,1
68,69,decoder_2_Kt7,1,10,43,5,5,43,0,5,3,0,1,8,8,1
68,69,decoder_2_Kt7,1,11,44,4,6,44,0,5,4,0,1,8,8,1
68,69,decoder_2_Kt7,1,11,45,5,6,45,0,5,5,0,1,8,8,1
68,69,decoder_2_Kt7,1,11,46,4,7,46,0,5,6,0,1,8,8,1
68,69,decoder_2_Kt7,1,11,47,5,7,47,0,5,7,0,1,8,8,1
68,69,decoder_2_Kt7,1,15,48,6,7,48,0,6,0,0,1,8,8,1
68,69,decoder_2_Kt7,1,15,49,7,7,49,0,6,1,0,1,8,8,1
68,69,decoder_2_Kt7,1,15,50,6,6,50,0,6,2,0,1,8,8,1
68,69,decoder_2_Kt7,1,15,51,7,6,51,0,6,3,0,1,8,8,1
68,69,decoder_2_Kt7,1,14,52,6,5,52,0,6,4,0,1,8,8,1
68,69,decoder_2_Kt7,1,14,53,7,5,53,0,6,5,0,1,8,8,1
68,69,decoder_2_Kt7,1,14,54,6,4,54,0,6,6,0,1,8,8,1
68,69,decoder_2_Kt7,1,14,55,7,4,55,0,6,7,0,1,8,8,1
68,69,decoder_2_Kt7,1,13,56,6,3,56,0,7,0,0,1,8,8,1
68,69,decoder_2_Kt7,1,13,57,7,3,57,0,7,1,0,1,8,8,1
68,69,decoder_2_Kt7,1,13,58,6,2,58,0,7,2,0,1,8,8,1
68,69,decoder_2_Kt7,1,13,59,7,2,59,0,7,3,0,1,8,8,1
68,69,decoder_2_Kt7,1,12,60,6,1,60,0,7,4,0,1,8,8,1
68,69,decoder_2_Kt7,1,12,61,7,1,61,0,7,5,0,1,8,8,1
68,69,decoder_2_Kt7,1,12,62,6,0,62,0,7,6,0,1,8,8,1
68,69,decoder_2_Kt7,1,12,63,7,0,63,0,7,7,0,1,8,8,1
69,70,decoder_2_K,1,0,0,0,0,0,0,0,0,0,1,8,8,1
69,70,decoder_2_K,1,0,1,1,0,1,0,0,1,0,1,8,8,1
69,70,decoder_2_K,1,0,2,0,1,2,0,0,2,0,1,8,8,1
69,70,decoder_2_K,1,0,3,1,1,3,0,0,3,0,1,8,8,1
69,70,decoder_2_K,1,1,4,0,2,4,0,0,4,0,1,8,8,1
69,70,decoder_2_K,1,1,5,1,2,5,0,0,5,0,1,8,8,1
69,70,decoder_2_K,1,1,6,0,3,6,0,0,6,0,1,8,8,1
69,70,decoder_2_K,1,1,7,1,3,7,0,0,7,0,1,8,8,1
69,70,decoder_2_K,1,2,8,0,4,8,0,1,0,0,1,8,8,1
69,70,decoder_2_K,1,2,9,1,4,9,0,1,1,0,1,8,8,1
69,70,decoder_2_K,1,2,10,0,5,10,0,1,2,0,1,8,8,1
69,70,decoder_2_K,1,2,11,1,5,11,0,1,3,0,1,8,8,1
69,70,decoder_2_K,1,3,12,0,6,12,0,1,4,0,1,8,8,1
69,70,decoder_2_K,1,3,13,1,6,13,0,1,5,0,1,8,8,1
69,70,decoder_2_K,1,3,14,0,7,14,0,1,6,0,1,8,8,1
69,70,decoder_2_K,1,3,15,1,7,15,0,1,7,0,1,8,8,1
69,70,decoder_2_K,1,7,16,2,7,16,0,2,0,0,1,8,8,1
69,70,decoder_2_K,1,7,17,3,7,17,0,2,1,0,1,8,8,1
69,70,decoder_2_K,1,7,18,2,6,18,0,2,2,0,1,8,8,1
69,70,decoder_2_K,1,7,19,3,6,19,0,2,3,0,1,8,8,1
69,70,decoder_2_K,1,6,20,2,5,20,0,2,4,0,1,8,8,1
69,70,decoder_2_K,1,6,21,3,5,21,0,2,5,0,1,8,8,1
69,70,decoder_2_K,1,6,22,2,4,22,0,2,6,0,1,8,8,1
69,70,decoder_2_K,1,6,23,3,4,23,0,2,7,0,1,8,8,1
69,70,decoder_2_K,1,5,24,2,3,24,0,3,0,0,1,8,8,1
69,70,decoder_2_K,1,5,25,3,3,25,0,3,1,0,1,8,8,1
69,70,decoder_2_K,1,5,26,2,2,26,0,3,2,0,1,8,8,1
69,70,decoder_2_K,1,5,27,3,2,27,0,3,3,0,1,8,8,1
69,70,decoder_2_K,1,4,28,2,1,28,0,3,4,0,1,8,8,1
69,70,decoder_2_K,1,4,29,3,1,29,0,3,5,0,1,8,8,1
69,70,decoder_2_K,1,4,30,2,0,30,0,3,6,0,1,8,8,1
69,70,decoder_2_K,1,4,31,3,0,31,0,3,7,0,1,8,8,1
69,70,decoder_2_K,1,8,32,4,0,32,0,4,0,0,1,8,8,1
69,70,decoder_2_K,1,8,33,5,0,33,0,4,1,0,1,8,8,1
69,70,decoder_2_K,1,8,34,4,1,34,0,4,2,0,1,8,8,1
69,70,decoder_2_K,1,8,35,5,1,35,0,4,3,0,1,8,8,1
69,70,decoder_2_K,1,9,36,4,2,36,0,4,4,0,1,8,8,1
69,70,decoder_2_K,1,9,37,5,2,37,0,4,5,0,1,8,8,1
69,70,decoder_2_K,1,9,38,4,3,38,0,4,6,0,1,8,8,1
69,70,decoder_2_K,1,9,39,5,3,39,0,4,7,0,1,8,8,1
69,70,decoder_2_K,1,10,40,4,4,40,0,5,0,0,1,8,8,1
69,70,decoder_2_K,1,10,41,5,4,41,0,5,1,0,1,8,8,1
69,70,decoder_2_K,1,10,42,4,5,42,0,5,2,0,1,8,8,1
69,70,decoder_2_K,1,10,43,5,5,43,0,5,3,0,1,8,8,1
69,70,decoder_2_K,1,11,44,4,6,44,0,5,4,0,1,8,8,1
69,70,decoder_2_K,1,11,45,5,6,45,0,5,5,0,1,8,8,1
69,70,decoder_2_K,1,11,46,4,7,46,0,5,6,0,1,8,8,1
69,70,decoder_2_K,1,11,47,5,7,47,0,5,7,0,1,8,8,1
69,70,decoder_2_K,1,15,48,6,7,48,0,6,0,0,1,8,8,1
69,70,decoder_2_K,1,15,49,7,7,49,0,6,1,0,1,8,8,1
69,70,decoder_2_K,1,15,50,6,6,50,0,6,2,0,1,8,8,1
69,70,decoder_2_K,1,15,51,7,6,51,0,6,3,0,1,8,8,1
69,70,decoder_2_K,1,14,52,6,5,52,0,6,4,0,1,8,8,1
69,70,decoder_2_K,1,14,53,7,5,53,0,6,5,0,1,8,8,1
69,70,decoder_2_K,1,14,54,6,4,54,0,6,6,0,1,8,8,1
69,70,decoder_2_K,1,14,55,7,4,55,0,6,7,0,1,8,8,1
69,70,decoder_2_K,1,13,56,6,3,56,0,7,0,0,1,8,8,1
69,70,decoder_2_K,1,13,57,7,3,57,0,7,1,0,1,8,8,1
69,70,decoder_2_K,1,13,58,6,2,58,0,7,2,0,1,8,8,1
69,70,decoder_2_K,1,13,59,7,2,59,0,7,3,0,1,8,8,1
69,70,decoder_2_K,1,12,60,6,1,60,0,7,4,0,1,8,8,1
69,70,decoder_2_K,1,12,61,7,1,61,0,7,5,0,1,8,8,1
69,70,decoder_2_K,1,12,62,6,0,62,0,7,6,0,1,8,8,1
69,70,decoder_2_K,1,12,63,7,0,63,0,7,7,0,1,8,8,1
70,71,decoder_2_V,1,0,0,0,0,0,0,0,0,0,1,8,8,1
70,71,decoder_2_V,1,0,1,1,0,1,0,0,1,0,1,8,8,1
70,71,decoder_2_V,1,0,2,0,1,2,0,0,2,0,1,8,8,1
70,71,decoder_2_V,1,0,3,1,1,3,0,0,3,0,1,8,8,1
70,71,decoder_2_V,1,1,4,0,2,4,0,0,4,0,1,8,8,1
70,71,decoder_2_V,1,1,5,1,2,5,0,0,5,0,1,8,8,1
70,71,decoder_2_V,1,1,6,0,3,6,0,0,6,0,1,8,8,1
70,71,decoder_2_V,1,1,7,1,3,7,0,0,7,0,1,8,8,1
70,71,decoder_2_V,1,2,8,0,4,8,0,1,0,0,1,8,8,1
70,71,decoder_2_V,1,2,9,1,4,9,0,1,1,0,1,8,8,1
70,71,decoder_2_V,1,2,10,0,5,10,0,1,2,0,1,8,8,1
70,71,decoder_2_V,1,2,11,1,5,11,0,1,3,0,1,8,8,1
70,71,decoder_2_V,1,3,12,0,6,12,0,1,4,0,1,8,8,1
70,71,decoder_2_V,1,3,13,1,6,13,0,1,5,0,1,8,8,1
70,71,decoder_2_V,1,3,14,0,7,14,0,1,6,0,1,8,8,1
70,71,decoder_2_V,1,3,15,1,7,15,0,1,7,0,1,8,8,1
70,71,decoder_2_V,1,7,16,2,7,16,0,2,0,0,1,8,8,1
70,71,decoder_2_V,1,7,17,3,7,17,0,2,1,0,1,8,8,1
70,71,decoder_2_V,1,7,18,2,6,18,0,2,2,0,1,8,8,1
70,71,decoder_2_V,1,7,19,3,6,19,0,2,3,0,1,8,8,1
70,71,decoder_2_V,1,6,20,2,5,20,0,2,4,0,1,8,8,1
70,71,decoder_2_V,1,6,21,3,5,21,0,2,5,0,1,8,8,1
70,71,decoder_2_V,1,6,22,2,4,22,0,2,6,0,1,8,8,1
70,71,decoder_2_V,1,6,23,3,4,23,0,2,7,0,1,8,8,1
70,71,decoder_2_V,1,5,24,2,3,24,0,3,0,0,1,8,8,1
70,71,decoder_2_V,1,5,25,3,3,25,0,3,1,0,1,8,8,1
70,71,decoder_2_V,1,5,26,2,2,26,0,3,2,0,1,8,8,1
70,71,decoder_2_V,1,5,27,3,2,27,0,3,3,0,1,8,8,1
70,71,decoder_2_V,1,4,28,2,1,28,0,3,4,0,1,8,8,1
70,71,decoder_2_V,1,4,29,3,1,29,0,3,5,0,1,8,8,1
70,71,decoder_2_V,1,4,30,2,0,30,0,3,6,0,1,8,8,1
70,71,decoder_2_V,1,4,31,3,0,31,0,3,7,0,1,8,8,1
70,71,decoder_2_V,1,8,32,4,0,32,0,4,0,0,1,8,8,1
70,71,decoder_2_V,1,8,33,5,0,33,0,4,1,0,1,8,8,1
70,71,decoder_2_V,1,8,34,4,1,34,0,4,2,0,1,8,8,1
70,71,decoder_2_V,1,8,35,5,1,35,0,4,3,0,1,8,8,1
70,71,decoder_2_V,1,9,36,4,2,36,0,4,4,0,1,8,8,1
70,71,decoder_2_V,1,9,37,5,2,37,0,4,5,0,1,8,8,1
70,71,decoder_2_V,1,9,38,4,3,38,0,4,6,0,1,8,8,1
70,71,decoder_2_V,1,9,39,5,3,39,0,4,7,0,1,8,8,1
70,71,decoder_2_V,1,10,40,4,4,40,0,5,0,0,1,8,8,1
70,71,decoder_2_V,1,10,41,5,4,41,0,5,1,0,1,8,8,1
70,71,decoder_2_V,1,10,42,4,5,42,0,5,2,0,1,8,8,1
70,71,decoder_2_V,1,10,43,5,5,43,0,5,3,0,1,8,8,1
70,71,decoder_2_V,1,11,44,4,6,44,0,5,4,0,1,8,8,1
70,71,decoder_2_V,1,11,45,5,6,45,0,5,5,0,1,8,8,1
70,71,decoder_2_V,1,11,46,4,7,46,0,5,6,0,1,8,8,1
70,71,decoder_2_V,1,11,47,5,7,47,0,5,7,0,1,8,8,1
70,71,decoder_2_V,1,15,48,6,7,48,0,6,0,0,1,8,8,1
70,71,decoder_2_V,1,15,49,7,7,49,0,6,1,0,1,8,8,1
70,71,decoder_2_V,1,15,50,6,6,50,0,6,2,0,1,8,8,1
70,71,decoder_2_V,1,15,51,7,6,51,0,6,3,0,1,8,8,1
70,71,decoder_2_V,1,14,52,6,5,52,0,6,4,0,1,8,8,1
70,71,decoder_2_V,1,14,53,7,5,53,0,6,5,0,1,8,8,1
70,71,decoder_2_V,1,14,54,6,4,54,0,6,6,0,1,8,8,1
70,71,decoder_2_V,1,14,55,7,4,55,0,6,7,0,1,8,8,1
70,71,decoder_2_V,1,13,56,6,3,56,0,7,0,0,1,8,8,1
70,71,decoder_2_V,1,13,57,7,3,57,0,7,1,0,1,8,8,1
70,71,decoder_2_V,1,13,58,6,2,58,0,7,2,0,1,8,8,1
70,71,decoder_2_V,1,13,59,7,2,59,0,7,3,0,1,8,8,1
70,71,decoder_2_V,1,12,60,6,1,60,0,7,4,0,1,8,8,1
70,71,decoder_2_V,1,12,61,7,1,61,0,7,5,0,1,8,8,1
70,71,decoder_2_V,1,12,62,6,0,62,0,7,6,0,1,8,8,1
70,71,decoder_2_V,1,12,63,7,0,63,0,7,7,0,1,8,8,1
71,72,decoder_2_QK,1,0,0,0,0,0,0,0,0,0,1,8,8,1
71,72,decoder_2_QK,1,0,1,1,0,1,0,0,1,0,1,8,8,1
71,72,decoder_2_QK,1,0,2,0,1,2,0,0,2,0,1,8,8,1
71,72,decoder_2_QK,1,0,3,1,1,3,0,0,3,0,1,8,8,1
71,72,decoder_2_QK,1,1,4,0,2,4,0,0,4,0,1,8,8,1
71,72,decoder_2_QK,1,1,5,1,2,5,0,0,5,0,1,8,8,1
71,72,decoder_2_QK,1,1,6,0,3,6,0,0,6,0,1,8,8,1
71,72,decoder_2_QK,1,1,7,1,3,7,0,0,7,0,1,8,8,1
71,72,decoder_2_QK,1,2,8,0,4,8,0,1,0,0,1,8,8,1
71,72,decoder_2_QK,1,2,9,1,4,9,0,1,1,0,1,8,8,1
71,72,decoder_2_QK,1,2,10,0,5,10,0,1,2,0,1,8,8,1
71,72,decoder_2_QK,1,2,11,1,5,11,0,1,3,0,1,8,8,1
71,72,decoder_2_QK,1,3,12,0,6,12,0,1,4,0,1,8,8,1
71,72,decoder_2_QK,1,3,13,1,6,13,0,1,5,0,1,8,8,1
71,72,decoder_2_QK,1,3,14,0,7,14,0,1,6,0,1,8,8,1
71,72,decoder_2_QK,1,3,15,1,7,15,0,1,7,0,1,8,8,1
71,72,decoder_2_QK,1,7,16,2,7,16,0,2,0,0,1,8,8,1
71,72,decoder_2_QK,1,7,17,3,7,17,0,2,1,0,1,8,8,1
71,72,decoder_2_QK,1,7,18,2,6,18,0,2,2,0,1,8,8,1
71,72,decoder_2_QK,1,7,19,3,6,19,0,2,3,0,1,8,8,1
71,72,decoder_2_QK,1,6,20,2,5,20,0,2,4,0,1,8,8,1
71,72,decoder_2_QK,1,6,21,3,5,21,0,2,5,0,1,8,8,1
71,72,decoder_2_QK,1,6,22,2,4,22,0,2,6,0,1,8,8,1
71,72,decoder_2_QK,1,6,23,3,4,23,0,2,7,0,1,8,8,1
71,72,decoder_2_QK,1,5,24,2,3,24,0,3,0,0,1,8,8,1
71,72,decoder_2_QK,1,5,25,3,3,25,0,3,1,0,1,8,8,1
71,72,decoder_2_QK,1,5,26,2,2,26,0,3,2,0,1,8,8,1
71,72,decoder_2_QK,1,5,27,3,2,27,0,3,3,0,1,8,8,1
71,72,decoder_2_QK,1,4,28,2,1,28,0,3,4,0,1,8,8,1
71,72,decoder_2_QK,1,4,29,3,1,29,0,3,5,0,1,8,8,1
71,72,decoder_2_QK,1,4,30,2,0,30,0,3,6,0,1,8,8,1
71,72,decoder_2_QK,1,4,31,3,0,31,0,3,7,0,1,8,8,1
71,72,decoder_2_QK,1,8,32,4,0,32,0,4,0,0,1,8,8,1
71,72,decoder_2_QK,1,8,33,5,0,33,0,4,1,0,1,8,8,1
71,72,decoder_2_QK,1,8,34,4,1,34,0,4,2,0,1,8,8,1
71,72,decoder_2_QK,1,8,35,5,1,35,0,4,3,0,1,8,8,1
71,72,decoder_2_QK,1,9,36,4,2,36,0,4,4,0,1,8,8,1
71,72,decoder_2_QK,1,9,37,5,2,37,0,4,5,0,1,8,8,1
71,72,decoder_2_QK,1,9,38,4,3,38,0,4,6,0,1,8,8,1
71,72,decoder_2_QK,1,9,39,5,3,39,0,4,7,0,1,8,8,1
71,72,decoder_2_QK,1,10,40,4,4,40,0,5,0,0,1,8,8,1
71,72,decoder_2_QK,1,10,41,5,4,41,0,5,1,0,1,8,8,1
71,72,decoder_2_QK,1,10,42,4,5,42,0,5,2,0,1,8,8,1
71,72,decoder_2_QK,1,10,43,5,5,43,0,5,3,0,1,8,8,1
71,72,decoder_2_QK,1,11,44,4,6,44,0,5,4,0,1,8,8,1
71,72,decoder_2_QK,1,11,45,5,6,45,0,5,5,0,1,8,8,1
71,72,decoder_2_QK,1,11,46,4,7,46,0,5,6,0,1,8,8,1
71,72,decoder_2_QK,1,11,47,5,7,47,0,5,7,0,1,8,8,1
71,72,decoder_2_QK,1,15,48,6,7,48,0,6,0,0,1,8,8,1
71,72,decoder_2_QK,1,15,49,7,7,49,0,6,1,0,1,8,8,1
71,72,decoder_2_QK,1,15,50,6,6,50,0,6,2,0,1,8,8,1
71,72,decoder_2_QK,1,15,51,7,6,51,0,6,3,0,1,8,8,1
71,72,decoder_2_QK,1,14,52,6,5,52,0,6,4,0,1,8,8,1
71,72,decoder_2_QK,1,14,53,7,5,53,0,6,5,0,1,8,8,1
71,72,decoder_2_QK,1,14,54,6,4,54,0,6,6,0,1,8,8,1
71,72,decoder_2_QK,1,14,55,7,4,55,0,6,7,0,1,8,8,1
71,72,decoder_2_QK,1,13,56,6,3,56,0,7,0,0,1,8,8,1
71,72,decoder_2_QK,1,13,57,7,3,57,0,7,1,0,1,8,8,1
71,72,decoder_2_QK,1,13,58,6,2,58,0,7,2,0,1,8,8,1
71,72,decoder_2_QK,1,13,59,7,2,59,0,7,3,0,1,8,8,1
71,72,decoder_2_QK,1,12,60,6,1,60,0,7,4,0,1,8,8,1
71,72,decoder_2_QK,1,12,61,7,1,61,0,7,5,0,1,8,8,1
71,72,decoder_2_QK,1,12,62,6,0,62,0,7,6,0,1,8,8,1
71,72,decoder_2_QK,1,12,63,7,0,63,0,7,7,0,1,8,8,1
72,73,decoder_2_QK_elt,1,0,0,0,0,0,0,0,0,0,1,8,8,1
72,73,decoder_2_QK_elt,1,0,1,1,0,1,0,0,1,0,1,8,8,1
72,73,decoder_2_QK_elt,1,0,2,0,1,2,0,0,2,0,1,8,8,1
72,73,decoder_2_QK_elt,1,0,3,1,1,3,0,0,3,0,1,8,8,1
72,73,decoder_2_QK_elt,1,1,4,0,2,4,0,0,4,0,1,8,8,1
72,73,decoder_2_QK_elt,1,1,5,1,2,5,0,0,5,0,1,8,8,1
72,73,decoder_2_QK_elt,1,1,6,0,3,6,0,0,6,0,1,8,8,1
72,73,decoder_2_QK_elt,1,1,7,1,3,7,0,0,7,0,1,8,8,1
72,73,decoder_2_QK_elt,1,2,8,0,4,8,0,1,0,0,1,8,8,1
72,73,decoder_2_QK_elt,1,2,9,1,4,9,0,1,1,0,1,8,8,1
72,73,decoder_2_QK_elt,1,2,10,0,5,10,0,1,2,0,1,8,8,1
72,73,decoder_2_QK_elt,1,2,11,1,5,11,0,1,3,0,1,8,8,1
72,73,decoder_2_QK_elt,1,3,12,0,6,12,0,1,4,0,1,8,8,1
72,73,decoder_2_QK_elt,1,3,13,1,6,13,0,1,5,0,1,8,8,1
72,73,decoder_2_QK_elt,1,3,14,0,7,14,0,1,6,0,1,8,8,1
72,73,decoder_2_QK_elt,1,3,15,1,7,15,0,1,7,0,1,8,8,1
72,73,decoder_2_QK_elt,1,7,16,2,7,16,0,2,0,0,1,8,8,1
72,73,decoder_2_QK_elt,1,7,17,3,7,17,0,2,1,0,1,8,8,1
72,73,decoder_2_QK_elt,1,7,18,2,6,18,0,2,2,0,1,8,8,1
72,73,decoder_2_QK_elt,1,7,19,3,6,19,0,2,3,0,1,8,8,1
72,73,decoder_2_QK_elt,1,6,20,2,5,20,0,2,4,0,1,8,8,1
72,73,decoder_2_QK_elt,1,6,21,3,5,21,0,2,5,0,1,8,8,1
72,73,decoder_2_QK_elt,1,6,22,2,4,22,0,2,6,0,1,8,8,1
72,73,decoder_2_QK_elt,1,6,23,3,4,23,0,2,7,0,1,8,8,1
72,73,decoder_2_QK_elt,1,5,24,2,3,24,0,3,0,0,1,8,8,1
72,73,decoder_2_QK_elt,1,5,25,3,3,25,0,3,1,0,1,8,8,1
72,73,decoder_2_QK_elt,1,5,26,2,2,26,0,3,2,0,1,8,8,1
72,73,decoder_2_QK_elt,1,5,27,3,2,27,0,3,3,0,1,8,8,1
72,73,decoder_2_QK_elt,1,4,28,2,1,28,0,3,4,0,1,8,8,1
72,73,decoder_2_QK_elt,1,4,29,3,1,29,0,3,5,0,1,8,8,1
72,73,decoder_2_QK_elt,1,4,30,2,0,30,0,3,6,0,1,8,8,1
72,73,decoder_2_QK_elt,1,4,31,3,0,31,0,3,7,0,1,8,8,1
72,73,decoder_2_QK_elt,1,8,32,4,0,32,0,4,0,0,1,8,8,1
72,73,decoder_2_QK_elt,1,8,33,5,0,33,0,4,1,0,1,8,8,1
72,73,decoder_2_QK_elt,1,8,34,4,1,34,0,4,2,0,1,8,8,1
72,73,decoder_2_QK_elt,1,8,35,5,1,35,0,4,3,0,1,8,8,1
72,73,decoder_2_QK_elt,1,9,36,4,2,36,0,4,4,0,1,8,8,1
72,73,decoder_2_QK_elt,1,9,37,5,2,37,0,4,5,0,1,8,8,1
72,73,decoder_2_QK_elt,1,9,38,4,3,38,0,4,6,0,1,8,8,1
72,73,decoder_2_QK_elt,1,9,39,5,3,39,0,4,7,0,1,8,8,1
72,73,decoder_2_QK_elt,1,10,40,4,4,40,0,5,0,0,1,8,8,1
72,73,decoder_2_QK_elt,1,10,41,5,4,41,0,5,1,0,1,8,8,1
72,73,decoder_2_QK_elt,1,10,42,4,5,42,0,5,2,0,1,8,8,1
72,73,decoder_2_QK_elt,1,10,43,5,5,43,0,5,3,0,1,8,8,1
72,73,decoder_2_QK_elt,1,11,44,4,6,44,0,5,4,0,1,8,8,1
72,73,decoder_2_QK_elt,1,11,45,5,6,45,0,5,5,0,1,8,8,1
72,73,decoder_2_QK_elt,1,11,46,4,7,46,0,5,6,0,1,8,8,1
72,73,decoder_2_QK_elt,1,11,47,5,7,47,0,5,7,0,1,8,8,1
72,73,decoder_2_QK_elt,1,15,48,6,7,48,0,6,0,0,1,8,8,1
72,73,decoder_2_QK_elt,1,15,49,7,7,49,0,6,1,0,1,8,8,1
72,73,decoder_2_QK_elt,1,15,50,6,6,50,0,6,2,0,1,8,8,1
72,73,decoder_2_QK_elt,1,15,51,7,6,51,0,6,3,0,1,8,8,1
72,73,decoder_2_QK_elt,1,14,52,6,5,52,0,6,4,0,1,8,8,1
72,73,decoder_2_QK_elt,1,14,53,7,5,53,0,6,5,0,1,8,8,1
72,73,decoder_2_QK_elt,1,14,54,6,4,54,0,6,6,0,1,8,8,1
72,73,decoder_2_QK_elt,1,14,55,7,4,55,0,6,7,0,1,8,8,1
72,73,decoder_2_QK_elt,1,13,56,6,3,56,0,7,0,0,1,8,8,1
72,73,decoder_2_QK_elt,1,13,57,7,3,57,0,7,1,0,1,8,8,1
72,73,decoder_2_QK_elt,1,13,58,6,2,58,0,7,2,0,1,8,8,1
72,73,decoder_2_QK_elt,1,13,59,7,2,59,0,7,3,0,1,8,8,1
72,73,decoder_2_QK_elt,1,12,60,6,1,60,0,7,4,0,1,8,8,1
72,73,decoder_2_QK_elt,1,12,61,7,1,61,0,7,5,0,1,8,8,1
72,73,decoder_2_QK_elt,1,12,62,6,0,62,0,7,6,0,1,8,8,1
72,73,decoder_2_QK_elt,1,12,63,7,0,63,0,7,7,0,1,8,8,1
73,74,decoder_2_QKV,1,0,0,0,0,0,0,0,0,0,1,8,8,1
73,74,decoder_2_QKV,1,0,1,1,0,1,0,0,1,0,1,8,8,1
73,74,decoder_2_QKV,1,0,2,0,1,2,0,0,2,0,1,8,8,1
73,74,decoder_2_QKV,1,0,3,1,1,3,0,0,3,0,1,8,8,1
73,74,decoder_2_QKV,1,1,4,0,2,4,0,0,4,0,1,8,8,1
73,74,decoder_2_QKV,1,1,5,1,2,5,0,0,5,0,1,8,8,1
73,74,decoder_2_QKV,1,1,6,0,3,6,0,0,6,0,1,8,8,1
73,74,decoder_2_QKV,1,1,7,1,3,7,0,0,7,0,1,8,8,1
73,74,decoder_2_QKV,1,2,8,0,4,8,0,1,0,0,1,8,8,1
73,74,decoder_2_QKV,1,2,9,1,4,9,0,1,1,0,1,8,8,1
73,74,decoder_2_QKV,1,2,10,0,5,10,0,1,2,0,1,8,8,1
73,74,decoder_2_QKV,1,2,11,1,5,11,0,1,3,0,1,8,8,1
73,74,decoder_2_QKV,1,3,12,0,6,12,0,1,4,0,1,8,8,1
73,74,decoder_2_QKV,1,3,13,1,6,13,0,1,5,0,1,8,8,1
73,74,decoder_2_QKV,1,3,14,0,7,14,0,1,6,0,1,8,8,1
73,74,decoder_2_QKV,1,3,15,1,7,15,0,1,7,0,1,8,8,1
73,74,decoder_2_QKV,1,7,16,2,7,16,0,2,0,0,1,8,8,1
73,74,decoder_2_QKV,1,7,17,3,7,17,0,2,1,0,1,8,8,1
73,74,decoder_2_QKV,1,7,18,2,6,18,0,2,2,0,1,8,8,1
73,74,decoder_2_QKV,1,7,19,3,6,19,0,2,3,0,1,8,8,1
73,74,decoder_2_QKV,1,6,20,2,5,20,0,2,4,0,1,8,8,1
73,74,decoder_2_QKV,1,6,21,3,5,21,0,2,5,0,1,8,8,1
73,74,decoder_2_QKV,1,6,22,2,4,22,0,2,6,0,1,8,8,1
73,74,decoder_2_QKV,1,6,23,3,4,23,0,2,7,0,1,8,8,1
73,74,decoder_2_QKV,1,5,24,2,3,24,0,3,0,0,1,8,8,1
73,74,decoder_2_QKV,1,5,25,3,3,25,0,3,1,0,1,8,8,1
73,74,decoder_2_QKV,1,5,26,2,2,26,0,3,2,0,1,8,8,1
73,74,decoder_2_QKV,1,5,27,3,2,27,0,3,3,0,1,8,8,1
73,74,decoder_2_QKV,1,4,28,2,1,28,0,3,4,0,1,8,8,1
73,74,decoder_2_QKV,1,4,29,3,1,29,0,3,5,0,1,8,8,1
73,74,decoder_2_QKV,1,4,30,2,0,30,0,3,6,0,1,8,8,1
73,74,decoder_2_QKV,1,4,31,3,0,31,0,3,7,0,1,8,8,1
73,74,decoder_2_QKV,1,8,32,4,0,32,0,4,0,0,1,8,8,1
73,74,decoder_2_QKV,1,8,33,5,0,33,0,4,1,0,1,8,8,1
73,74,decoder_2_QKV,1,8,34,4,1,34,0,4,2,0,1,8,8,1
73,74,decoder_2_QKV,1,8,35,5,1,35,0,4,3,0,1,8,8,1
73,74,decoder_2_QKV,1,9,36,4,2,36,0,4,4,0,1,8,8,1
73,74,decoder_2_QKV,1,9,37,5,2,37,0,4,5,0,1,8,8,1
73,74,decoder_2_QKV,1,9,38,4,3,38,0,4,6,0,1,8,8,1
73,74,decoder_2_QKV,1,9,39,5,3,39,0,4,7,0,1,8,8,1
73,74,decoder_2_QKV,1,10,40,4,4,40,0,5,0,0,1,8,8,1
73,74,decoder_2_QKV,1,10,41,5,4,41,0,5,1,0,1,8,8,1
73,74,decoder_2_QKV,1,10,42,4,5,42,0,5,2,0,1,8,8,1
73,74,decoder_2_QKV,1,10,43,5,5,43,0,5,3,0,1,8,8,1
73,74,decoder_2_QKV,1,11,44,4,6,44,0,5,4,0,1,8,8,1
73,74,decoder_2_QKV,1,11,45,5,6,45,0,5,5,0,1,8,8,1
73,74,decoder_2_QKV,1,11,46,4,7,46,0,5,6,0,1,8,8,1
73,74,decoder_2_QKV,1,11,47,5,7,47,0,5,7,0,1,8,8,1
73,74,decoder_2_QKV,1,15,48,6,7,48,0,6,0,0,1,8,8,1
73,74,decoder_2_QKV,1,15,49,7,7,49,0,6,1,0,1,8,8,1
73,74,decoder_2_QKV,1,15,50,6,6,50,0,6,2,0,1,8,8,1
73,74,decoder_2_QKV,1,15,51,7,6,51,0,6,3,0,1,8,8,1
73,74,decoder_2_QKV,1,14,52,6,5,52,0,6,4,0,1,8,8,1
73,74,decoder_2_QKV,1,14,53,7,5,53,0,6,5,0,1,8,8,1
73,74,decoder_2_QKV,1,14,54,6,4,54,0,6,6,0,1,8,8,1
73,74,decoder_2_QKV,1,14,55,7,4,55,0,6,7,0,1,8,8,1
73,74,decoder_2_QKV,1,13,56,6,3,56,0,7,0,0,1,8,8,1
73,74,decoder_2_QKV,1,13,57,7,3,57,0,7,1,0,1,8,8,1
73,74,decoder_2_QKV,1,13,58,6,2,58,0,7,2,0,1,8,8,1
73,74,decoder_2_QKV,1,13,59,7,2,59,0,7,3,0,1,8,8,1
73,74,decoder_2_QKV,1,12,60,6,1,60,0,7,4,0,1,8,8,1
73,74,decoder_2_QKV,1,12,61,7,1,61,0,7,5,0,1,8,8,1
73,74,decoder_2_QKV,1,12,62,6,0,62,0,7,6,0,1,8,8,1
73,74,decoder_2_QKV,1,12,63,7,0,63,0,7,7,0,1,8,8,1
74,75,decoder_2_FC,1,0,0,0,0,0,0,0,0,0,1,8,8,1
74,75,decoder_2_FC,1,0,1,1,0,1,0,0,1,0,1,8,8,1
74,75,decoder_2_FC,1,0,2,0,1,2,0,0,2,0,1,8,8,1
74,75,decoder_2_FC,1,0,3,1,1,3,0,0,3,0,1,8,8,1
74,75,decoder_2_FC,1,1,4,0,2,4,0,0,4,0,1,8,8,1
74,75,decoder_2_FC,1,1,5,1,2,5,0,0,5,0,1,8,8,1
74,75,decoder_2_FC,1,1,6,0,3,6,0,0,6,0,1,8,8,1
74,75,decoder_2_FC,1,1,7,1,3,7,0,0,7,0,1,8,8,1
74,75,decoder_2_FC,1,2,8,0,4,8,0,1,0,0,1,8,8,1
74,75,decoder_2_FC,1,2,9,1,4,9,0,1,1,0,1,8,8,1
74,75,decoder_2_FC,1,2,10,0,5,10,0,1,2,0,1,8,8,1
74,75,decoder_2_FC,1,2,11,1,5,11,0,1,3,0,1,8,8,1
74,75,decoder_2_FC,1,3,12,0,6,12,0,1,4,0,1,8,8,1
74,75,decoder_2_FC,1,3,13,1,6,13,0,1,5,0,1,8,8,1
74,75,decoder_2_FC,1,3,14,0,7,14,0,1,6,0,1,8,8,1
74,75,decoder_2_FC,1,3,15,1,7,15,0,1,7,0,1,8,8,1
74,75,decoder_2_FC,1,7,16,2,7,16,0,2,0,0,1,8,8,1
74,75,decoder_2_FC,1,7,17,3,7,17,0,2,1,0,1,8,8,1
74,75,decoder_2_FC,1,7,18,2,6,18,0,2,2,0,1,8,8,1
74,75,decoder_2_FC,1,7,19,3,6,19,0,2,3,0,1,8,8,1
74,75,decoder_2_FC,1,6,20,2,5,20,0,2,4,0,1,8,8,1
74,75,decoder_2_FC,1,6,21,3,5,21,0,2,5,0,1,8,8,1
74,75,decoder_2_FC,1,6,22,2,4,22,0,2,6,0,1,8,8,1
74,75,decoder_2_FC,1,6,23,3,4,23,0,2,7,0,1,8,8,1
74,75,decoder_2_FC,1,5,24,2,3,24,0,3,0,0,1,8,8,1
74,75,decoder_2_FC,1,5,25,3,3,25,0,3,1,0,1,8,8,1
74,75,decoder_2_FC,1,5,26,2,2,26,0,3,2,0,1,8,8,1
74,75,decoder_2_FC,1,5,27,3,2,27,0,3,3,0,1,8,8,1
74,75,decoder_2_FC,1,4,28,2,1,28,0,3,4,0,1,8,8,1
74,75,decoder_2_FC,1,4,29,3,1,29,0,3,5,0,1,8,8,1
74,75,decoder_2_FC,1,4,30,2,0,30,0,3,6,0,1,8,8,1
74,75,decoder_2_FC,1,4,31,3,0,31,0,3,7,0,1,8,8,1
74,75,decoder_2_FC,1,8,32,4,0,32,0,4,0,0,1,8,8,1
74,75,decoder_2_FC,1,8,33,5,0,33,0,4,1,0,1,8,8,1
74,75,decoder_2_FC,1,8,34,4,1,34,0,4,2,0,1,8,8,1
74,75,decoder_2_FC,1,8,35,5,1,35,0,4,3,0,1,8,8,1
74,75,decoder_2_FC,1,9,36,4,2,36,0,4,4,0,1,8,8,1
74,75,decoder_2_FC,1,9,37,5,2,37,0,4,5,0,1,8,8,1
74,75,decoder_2_FC,1,9,38,4,3,38,0,4,6,0,1,8,8,1
74,75,decoder_2_FC,1,9,39,5,3,39,0,4,7,0,1,8,8,1
74,75,decoder_2_FC,1,10,40,4,4,40,0,5,0,0,1,8,8,1
74,75,decoder_2_FC,1,10,41,5,4,41,0,5,1,0,1,8,8,1
74,75,decoder_2_FC,1,10,42,4,5,42,0,5,2,0,1,8,8,1
74,75,decoder_2_FC,1,10,43,5,5,43,0,5,3,0,1,8,8,1
74,75,decoder_2_FC,1,11,44,4,6,44,0,5,4,0,1,8,8,1
74,75,decoder_2_FC,1,11,45,5,6,45,0,5,5,0,1,8,8,1
74,75,decoder_2_FC,1,11,46,4,7,46,0,5,6,0,1,8,8,1
74,75,decoder_2_FC,1,11,47,5,7,47,0,5,7,0,1,8,8,1
74,75,decoder_2_FC,1,15,48,6,7,48,0,6,0,0,1,8,8,1
74,75,decoder_2_FC,1,15,49,7,7,49,0,6,1,0,1,8,8,1
74,75,decoder_2_FC,1,15,50,6,6,50,0,6,2,0,1,8,8,1
74,75,decoder_2_FC,1,15,51,7,6,51,0,6,3,0,1,8,8,1
74,75,decoder_2_FC,1,14,52,6,5,52,0,6,4,0,1,8,8,1
74,75,decoder_2_FC,1,14,53,7,5,53,0,6,5,0,1,8,8,1
74,75,decoder_2_FC,1,14,54,6,4,54,0,6,6,0,1,8,8,1
74,75,decoder_2_FC,1,14,55,7,4,55,0,6,7,0,1,8,8,1
74,75,decoder_2_FC,1,13,56,6,3,56,0,7,0,0,1,8,8,1
74,75,decoder_2_FC,1,13,57,7,3,57,0,7,1,0,1,8,8,1
74,75,decoder_2_FC,1,13,58,6,2,58,0,7,2,0,1,8,8,1
74,75,decoder_2_FC,1,13,59,7,2,59,0,7,3,0,1,8,8,1
74,75,decoder_2_FC,1,12,60,6,1,60,0,7,4,0,1,8,8,1
74,75,decoder_2_FC,1,12,61,7,1,61,0,7,5,0,1,8,8,1
74,75,decoder_2_FC,1,12,62,6,0,62,0,7,6,0,1,8,8,1
74,75,decoder_2_FC,1,12,63,7,0,63,0,7,7,0,1,8,8,1
75,76,decoder_elt2,1,0,0,0,0,0,0,0,0,0,1,8,8,1
75,76,decoder_elt2,1,0,1,1,0,1,0,0,1,0,1,8,8,1
75,76,decoder_elt2,1,0,2,0,1,2,0,0,2,0,1,8,8,1
75,76,decoder_elt2,1,0,3,1,1,3,0,0,3,0,1,8,8,1
75,76,decoder_elt2,1,1,4,0,2,4,0,0,4,0,1,8,8,1
75,76,decoder_elt2,1,1,5,1,2,5,0,0,5,0,1,8,8,1
75,76,decoder_elt2,1,1,6,0,3,6,0,0,6,0,1,8,8,1
75,76,decoder_elt2,1,1,7,1,3,7,0,0,7,0,1,8,8,1
75,76,decoder_elt2,1,2,8,0,4,8,0,1,0,0,1,8,8,1
75,76,decoder_elt2,1,2,9,1,4,9,0,1,1,0,1,8,8,1
75,76,decoder_elt2,1,2,10,0,5,10,0,1,2,0,1,8,8,1
75,76,decoder_elt2,1,2,11,1,5,11,0,1,3,0,1,8,8,1
75,76,decoder_elt2,1,3,12,0,6,12,0,1,4,0,1,8,8,1
75,76,decoder_elt2,1,3,13,1,6,13,0,1,5,0,1,8,8,1
75,76,decoder_elt2,1,3,14,0,7,14,0,1,6,0,1,8,8,1
75,76,decoder_elt2,1,3,15,1,7,15,0,1,7,0,1,8,8,1
75,76,decoder_elt2,1,7,16,2,7,16,0,2,0,0,1,8,8,1
75,76,decoder_elt2,1,7,17,3,7,17,0,2,1,0,1,8,8,1
75,76,decoder_elt2,1,7,18,2,6,18,0,2,2,0,1,8,8,1
75,76,decoder_elt2,1,7,19,3,6,19,0,2,3,0,1,8,8,1
75,76,decoder_elt2,1,6,20,2,5,20,0,2,4,0,1,8,8,1
75,76,decoder_elt2,1,6,21,3,5,21,0,2,5,0,1,8,8,1
75,76,decoder_elt2,1,6,22,2,4,22,0,2,6,0,1,8,8,1
75,76,decoder_elt2,1,6,23,3,4,23,0,2,7,0,1,8,8,1
75,76,decoder_elt2,1,5,24,2,3,24,0,3,0,0,1,8,8,1
75,76,decoder_elt2,1,5,25,3,3,25,0,3,1,0,1,8,8,1
75,76,decoder_elt2,1,5,26,2,2,26,0,3,2,0,1,8,8,1
75,76,decoder_elt2,1,5,27,3,2,27,0,3,3,0,1,8,8,1
75,76,decoder_elt2,1,4,28,2,1,28,0,3,4,0,1,8,8,1
75,76,decoder_elt2,1,4,29,3,1,29,0,3,5,0,1,8,8,1
75,76,decoder_elt2,1,4,30,2,0,30,0,3,6,0,1,8,8,1
75,76,decoder_elt2,1,4,31,3,0,31,0,3,7,0,1,8,8,1
75,76,decoder_elt2,1,8,32,4,0,32,0,4,0,0,1,8,8,1
75,76,decoder_elt2,1,8,33,5,0,33,0,4,1,0,1,8,8,1
75,76,decoder_elt2,1,8,34,4,1,34,0,4,2,0,1,8,8,1
75,76,decoder_elt2,1,8,35,5,1,35,0,4,3,0,1,8,8,1
75,76,decoder_elt2,1,9,36,4,2,36,0,4,4,0,1,8,8,1
75,76,decoder_elt2,1,9,37,5,2,37,0,4,5,0,1,8,8,1
75,76,decoder_elt2,1,9,38,4,3,38,0,4,6,0,1,8,8,1
75,76,decoder_elt2,1,9,39,5,3,39,0,4,7,0,1,8,8,1
75,76,decoder_elt2,1,10,40,4,4,40,0,5,0,0,1,8,8,1
75,76,decoder_elt2,1,10,41,5,4,41,0,5,1,0,1,8,8,1
75,76,decoder_elt2,1,10,42,4,5,42,0,5,2,0,1,8,8,1
75,76,decoder_elt2,1,10,43,5,5,43,0,5,3,0,1,8,8,1
75,76,decoder_elt2,1,11,44,4,6,44,0,5,4,0,1,8,8,1
75,76,decoder_elt2,1,11,45,5,6,45,0,5,5,0,1,8,8,1
75,76,decoder_elt2,1,11,46,4,7,46,0,5,6,0,1,8,8,1
75,76,decoder_elt2,1,11,47,5,7,47,0,5,7,0,1,8,8,1
75,76,decoder_elt2,1,15,48,6,7,48,0,6,0,0,1,8,8,1
75,76,decoder_elt2,1,15,49,7,7,49,0,6,1,0,1,8,8,1
75,76,decoder_elt2,1,15,50,6,6,50,0,6,2,0,1,8,8,1
75,76,decoder_elt2,1,15,51,7,6,51,0,6,3,0,1,8,8,1
75,76,decoder_elt2,1,14,52,6,5,52,0,6,4,0,1,8,8,1
75,76,decoder_elt2,1,14,53,7,5,53,0,6,5,0,1,8,8,1
75,76,decoder_elt2,1,14,54,6,4,54,0,6,6,0,1,8,8,1
75,76,decoder_elt2,1,14,55,7,4,55,0,6,7,0,1,8,8,1
75,76,decoder_elt2,1,13,56,6,3,56,0,7,0,0,1,8,8,1
75,76,decoder_elt2,1,13,57,7,3,57,0,7,1,0,1,8,8,1
75,76,decoder_elt2,1,13,58,6,2,58,0,7,2,0,1,8,8,1
75,76,decoder_elt2,1,13,59,7,2,59,0,7,3,0,1,8,8,1
75,76,decoder_elt2,1,12,60,6,1,60,0,7,4,0,1,8,8,1
75,76,decoder_elt2,1,12,61,7,1,61,0,7,5,0,1,8,8,1
75,76,decoder_elt2,1,12,62,6,0,62,0,7,6,0,1,8,8,1
75,76,decoder_elt2,1,12,63,7,0,63,0,7,7,0,1,8,8,1
76,77,decoder_feedfwd1,1,0,0,0,0,0,0,0,0,0,1,8,8,1
76,77,decoder_feedfwd1,1,0,1,1,0,1,0,0,1,0,1,8,8,1
76,77,decoder_feedfwd1,1,0,2,0,1,2,0,0,2,0,1,8,8,1
76,77,decoder_feedfwd1,1,0,3,1,1,3,0,0,3,0,1,8,8,1
76,77,decoder_feedfwd1,1,1,4,0,2,4,0,0,4,0,1,8,8,1
76,77,decoder_feedfwd1,1,1,5,1,2,5,0,0,5,0,1,8,8,1
76,77,decoder_feedfwd1,1,1,6,0,3,6,0,0,6,0,1,8,8,1
76,77,decoder_feedfwd1,1,1,7,1,3,7,0,0,7,0,1,8,8,1
76,77,decoder_feedfwd1,1,2,8,0,4,8,0,1,0,0,1,8,8,1
76,77,decoder_feedfwd1,1,2,9,1,4,9,0,1,1,0,1,8,8,1
76,77,decoder_feedfwd1,1,2,10,0,5,10,0,1,2,0,1,8,8,1
76,77,decoder_feedfwd1,1,2,11,1,5,11,0,1,3,0,1,8,8,1
76,77,decoder_feedfwd1,1,3,12,0,6,12,0,1,4,0,1,8,8,1
76,77,decoder_feedfwd1,1,3,13,1,6,13,0,1,5,0,1,8,8,1
76,77,decoder_feedfwd1,1,3,14,0,7,14,0,1,6,0,1,8,8,1
76,77,decoder_feedfwd1,1,3,15,1,7,15,0,1,7,0,1,8,8,1
76,77,decoder_feedfwd1,1,7,16,2,7,16,0,2,0,0,1,8,8,1
76,77,decoder_feedfwd1,1,7,17,3,7,17,0,2,1,0,1,8,8,1
76,77,decoder_feedfwd1,1,7,18,2,6,18,0,2,2,0,1,8,8,1
76,77,decoder_feedfwd1,1,7,19,3,6,19,0,2,3,0,1,8,8,1
76,77,decoder_feedfwd1,1,6,20,2,5,20,0,2,4,0,1,8,8,1
76,77,decoder_feedfwd1,1,6,21,3,5,21,0,2,5,0,1,8,8,1
76,77,decoder_feedfwd1,1,6,22,2,4,22,0,2,6,0,1,8,8,1
76,77,decoder_feedfwd1,1,6,23,3,4,23,0,2,7,0,1,8,8,1
76,77,decoder_feedfwd1,1,5,24,2,3,24,0,3,0,0,1,8,8,1
76,77,decoder_feedfwd1,1,5,25,3,3,25,0,3,1,0,1,8,8,1
76,77,decoder_feedfwd1,1,5,26,2,2,26,0,3,2,0,1,8,8,1
76,77,decoder_feedfwd1,1,5,27,3,2,27,0,3,3,0,1,8,8,1
76,77,decoder_feedfwd1,1,4,28,2,1,28,0,3,4,0,1,8,8,1
76,77,decoder_feedfwd1,1,4,29,3,1,29,0,3,5,0,1,8,8,1
76,77,decoder_feedfwd1,1,4,30,2,0,30,0,3,6,0,1,8,8,1
76,77,decoder_feedfwd1,1,4,31,3,0,31,0,3,7,0,1,8,8,1
76,77,decoder_feedfwd1,1,8,32,4,0,32,0,4,0,0,1,8,8,1
76,77,decoder_feedfwd1,1,8,33,5,0,33,0,4,1,0,1,8,8,1
76,77,decoder_feedfwd1,1,8,34,4,1,34,0,4,2,0,1,8,8,1
76,77,decoder_feedfwd1,1,8,35,5,1,35,0,4,3,0,1,8,8,1
76,77,decoder_feedfwd1,1,9,36,4,2,36,0,4,4,0,1,8,8,1
76,77,decoder_feedfwd1,1,9,37,5,2,37,0,4,5,0,1,8,8,1
76,77,decoder_feedfwd1,1,9,38,4,3,38,0,4,6,0,1,8,8,1
76,77,decoder_feedfwd1,1,9,39,5,3,39,0,4,7,0,1,8,8,1
76,77,decoder_feedfwd1,1,10,40,4,4,40,0,5,0,0,1,8,8,1
76,77,decoder_feedfwd1,1,10,41,5,4,41,0,5,1,0,1,8,8,1
76,77,decoder_feedfwd1,1,10,42,4,5,42,0,5,2,0,1,8,8,1
76,77,decoder_feedfwd1,1,10,43,5,5,43,0,5,3,0,1,8,8,1
76,77,decoder_feedfwd1,1,11,44,4,6,44,0,5,4,0,1,8,8,1
76,77,decoder_feedfwd1,1,11,45,5,6,45,0,5,5,0,1,8,8,1
76,77,decoder_feedfwd1,1,11,46,4,7,46,0,5,6,0,1,8,8,1
76,77,decoder_feedfwd1,1,11,47,5,7,47,0,5,7,0,1,8,8,1
76,77,decoder_feedfwd1,1,15,48,6,7,48,0,6,0,0,1,8,8,1
76,77,decoder_feedfwd1,1,15,49,7,7,49,0,6,1,0,1,8,8,1
76,77,decoder_feedfwd1,1,15,50,6,6,50,0,6,2,0,1,8,8,1
76,77,decoder_feedfwd1,1,15,51,7,6,51,0,6,3,0,1,8,8,1
76,77,decoder_feedfwd1,1,14,52,6,5,52,0,6,4,0,1,8,8,1
76,77,decoder_feedfwd1,1,14,53,7,5,53,0,6,5,0,1,8,8,1
76,77,decoder_feedfwd1,1,14,54,6,4,54,0,6,6,0,1,8,8,1
76,77,decoder_feedfwd1,1,14,55,7,4,55,0,6,7,0,1,8,8,1
76,77,decoder_feedfwd1,1,13,56,6,3,56,0,7,0,0,1,8,8,1
76,77,decoder_feedfwd1,1,13,57,7,3,57,0,7,1,0,1,8,8,1
76,77,decoder_feedfwd1,1,13,58,6,2,58,0,7,2,0,1,8,8,1
76,77,decoder_feedfwd1,1,13,59,7,2,59,0,7,3,0,1,8,8,1
76,77,decoder_feedfwd1,1,12,60,6,1,60,0,7,4,0,1,8,8,1
76,77,decoder_feedfwd1,1,12,61,7,1,61,0,7,5,0,1,8,8,1
76,77,decoder_feedfwd1,1,12,62,6,0,62,0,7,6,0,1,8,8,1
76,77,decoder_feedfwd1,1,12,63,7,0,63,0,7,7,0,1,8,8,1
77,78,decoder_feedfwd2,1,0,0,0,0,0,0,0,0,0,1,8,8,1
77,78,decoder_feedfwd2,1,0,1,1,0,1,0,0,1,0,1,8,8,1
77,78,decoder_feedfwd2,1,0,2,0,1,2,0,0,2,0,1,8,8,1
77,78,decoder_feedfwd2,1,0,3,1,1,3,0,0,3,0,1,8,8,1
77,78,decoder_feedfwd2,1,1,4,0,2,4,0,0,4,0,1,8,8,1
77,78,decoder_feedfwd2,1,1,5,1,2,5,0,0,5,0,1,8,8,1
77,78,decoder_feedfwd2,1,1,6,0,3,6,0,0,6,0,1,8,8,1
77,78,decoder_feedfwd2,1,1,7,1,3,7,0,0,7,0,1,8,8,1
77,78,decoder_feedfwd2,1,2,8,0,4,8,0,1,0,0,1,8,8,1
77,78,decoder_feedfwd2,1,2,9,1,4,9,0,1,1,0,1,8,8,1
77,78,decoder_feedfwd2,1,2,10,0,5,10,0,1,2,0,1,8,8,1
77,78,decoder_feedfwd2,1,2,11,1,5,11,0,1,3,0,1,8,8,1
77,78,decoder_feedfwd2,1,3,12,0,6,12,0,1,4,0,1,8,8,1
77,78,decoder_feedfwd2,1,3,13,1,6,13,0,1,5,0,1,8,8,1
77,78,decoder_feedfwd2,1,3,14,0,7,14,0,1,6,0,1,8,8,1
77,78,decoder_feedfwd2,1,3,15,1,7,15,0,1,7,0,1,8,8,1
77,78,decoder_feedfwd2,1,7,16,2,7,16,0,2,0,0,1,8,8,1
77,78,decoder_feedfwd2,1,7,17,3,7,17,0,2,1,0,1,8,8,1
77,78,decoder_feedfwd2,1,7,18,2,6,18,0,2,2,0,1,8,8,1
77,78,decoder_feedfwd2,1,7,19,3,6,19,0,2,3,0,1,8,8,1
77,78,decoder_feedfwd2,1,6,20,2,5,20,0,2,4,0,1,8,8,1
77,78,decoder_feedfwd2,1,6,21,3,5,21,0,2,5,0,1,8,8,1
77,78,decoder_feedfwd2,1,6,22,2,4,22,0,2,6,0,1,8,8,1
77,78,decoder_feedfwd2,1,6,23,3,4,23,0,2,7,0,1,8,8,1
77,78,decoder_feedfwd2,1,5,24,2,3,24,0,3,0,0,1,8,8,1
77,78,decoder_feedfwd2,1,5,25,3,3,25,0,3,1,0,1,8,8,1
77,78,decoder_feedfwd2,1,5,26,2,2,26,0,3,2,0,1,8,8,1
77,78,decoder_feedfwd2,1,5,27,3,2,27,0,3,3,0,1,8,8,1
77,78,decoder_feedfwd2,1,4,28,2,1,28,0,3,4,0,1,8,8,1
77,78,decoder_feedfwd2,1,4,29,3,1,29,0,3,5,0,1,8,8,1
77,78,decoder_feedfwd2,1,4,30,2,0,30,0,3,6,0,1,8,8,1
77,78,decoder_feedfwd2,1,4,31,3,0,31,0,3,7,0,1,8,8,1
77,78,decoder_feedfwd2,1,8,32,4,0,32,0,4,0,0,1,8,8,1
77,78,decoder_feedfwd2,1,8,33,5,0,33,0,4,1,0,1,8,8,1
77,78,decoder_feedfwd2,1,8,34,4,1,34,0,4,2,0,1,8,8,1
77,78,decoder_feedfwd2,1,8,35,5,1,35,0,4,3,0,1,8,8,1
77,78,decoder_feedfwd2,1,9,36,4,2,36,0,4,4,0,1,8,8,1
77,78,decoder_feedfwd2,1,9,37,5,2,37,0,4,5,0,1,8,8,1
77,78,decoder_feedfwd2,1,9,38,4,3,38,0,4,6,0,1,8,8,1
77,78,decoder_feedfwd2,1,9,39,5,3,39,0,4,7,0,1,8,8,1
77,78,decoder_feedfwd2,1,10,40,4,4,40,0,5,0,0,1,8,8,1
77,78,decoder_feedfwd2,1,10,41,5,4,41,0,5,1,0,1,8,8,1
77,78,decoder_feedfwd2,1,10,42,4,5,42,0,5,2,0,1,8,8,1
77,78,decoder_feedfwd2,1,10,43,5,5,43,0,5,3,0,1,8,8,1
77,78,decoder_feedfwd2,1,11,44,4,6,44,0,5,4,0,1,8,8,1
77,78,decoder_feedfwd2,1,11,45,5,6,45,0,5,5,0,1,8,8,1
77,78,decoder_feedfwd2,1,11,46,4,7,46,0,5,6,0,1,8,8,1
77,78,decoder_feedfwd2,1,11,47,5,7,47,0,5,7,0,1,8,8,1
77,78,decoder_feedfwd2,1,15,48,6,7,48,0,6,0,0,1,8,8,1
77,78,decoder_feedfwd2,1,15,49,7,7,49,0,6,1,0,1,8,8,1
77,78,decoder_feedfwd2,1,15,50,6,6,50,0,6,2,0,1,8,8,1
77,78,decoder_feedfwd2,1,15,51,7,6,51,0,6,3,0,1,8,8,1
77,78,decoder_feedfwd2,1,14,52,6,5,52,0,6,4,0,1,8,8,1
77,78,decoder_feedfwd2,1,14,53,7,5,53,0,6,5,0,1,8,8,1
77,78,decoder_feedfwd2,1,14,54,6,4,54,0,6,6,0,1,8,8,1
77,78,decoder_feedfwd2,1,14,55,7,4,55,0,6,7,0,1,8,8,1
77,78,decoder_feedfwd2,1,13,56,6,3,56,0,7,0,0,1,8,8,1
77,78,decoder_feedfwd2,1,13,57,7,3,57,0,7,1,0,1,8,8,1
77,78,decoder_feedfwd2,1,13,58,6,2,58,0,7,2,0,1,8,8,1
77,78,decoder_feedfwd2,1,13,59,7,2,59,0,7,3,0,1,8,8,1
77,78,decoder_feedfwd2,1,12,60,6,1,60,0,7,4,0,1,8,8,1
77,78,decoder_feedfwd2,1,12,61,7,1,61,0,7,5,0,1,8,8,1
77,78,decoder_feedfwd2,1,12,62,6,0,62,0,7,6,0,1,8,8,1
77,78,decoder_feedfwd2,1,12,63,7,0,63,0,7,7,0,1,8,8,1
78,79,decoder_elt3,1,0,0,0,0,0,0,0,0,0,1,8,8,1
78,79,decoder_elt3,1,0,1,1,0,1,0,0,1,0,1,8,8,1
78,79,decoder_elt3,1,0,2,0,1,2,0,0,2,0,1,8,8,1
78,79,decoder_elt3,1,0,3,1,1,3,0,0,3,0,1,8,8,1
78,79,decoder_elt3,1,1,4,0,2,4,0,0,4,0,1,8,8,1
78,79,decoder_elt3,1,1,5,1,2,5,0,0,5,0,1,8,8,1
78,79,decoder_elt3,1,1,6,0,3,6,0,0,6,0,1,8,8,1
78,79,decoder_elt3,1,1,7,1,3,7,0,0,7,0,1,8,8,1
78,79,decoder_elt3,1,2,8,0,4,8,0,1,0,0,1,8,8,1
78,79,decoder_elt3,1,2,9,1,4,9,0,1,1,0,1,8,8,1
78,79,decoder_elt3,1,2,10,0,5,10,0,1,2,0,1,8,8,1
78,79,decoder_elt3,1,2,11,1,5,11,0,1,3,0,1,8,8,1
78,79,decoder_elt3,1,3,12,0,6,12,0,1,4,0,1,8,8,1
78,79,decoder_elt3,1,3,13,1,6,13,0,1,5,0,1,8,8,1
78,79,decoder_elt3,1,3,14,0,7,14,0,1,6,0,1,8,8,1
78,79,decoder_elt3,1,3,15,1,7,15,0,1,7,0,1,8,8,1
78,79,decoder_elt3,1,7,16,2,7,16,0,2,0,0,1,8,8,1
78,79,decoder_elt3,1,7,17,3,7,17,0,2,1,0,1,8,8,1
78,79,decoder_elt3,1,7,18,2,6,18,0,2,2,0,1,8,8,1
78,79,decoder_elt3,1,7,19,3,6,19,0,2,3,0,1,8,8,1
78,79,decoder_elt3,1,6,20,2,5,20,0,2,4,0,1,8,8,1
78,79,decoder_elt3,1,6,21,3,5,21,0,2,5,0,1,8,8,1
78,79,decoder_elt3,1,6,22,2,4,22,0,2,6,0,1,8,8,1
78,79,decoder_elt3,1,6,23,3,4,23,0,2,7,0,1,8,8,1
78,79,decoder_elt3,1,5,24,2,3,24,0,3,0,0,1,8,8,1
78,79,decoder_elt3,1,5,25,3,3,25,0,3,1,0,1,8,8,1
78,79,decoder_elt3,1,5,26,2,2,26,0,3,2,0,1,8,8,1
78,79,decoder_elt3,1,5,27,3,2,27,0,3,3,0,1,8,8,1
78,79,decoder_elt3,1,4,28,2,1,28,0,3,4,0,1,8,8,1
78,79,decoder_elt3,1,4,29,3,1,29,0,3,5,0,1,8,8,1
78,79,decoder_elt3,1,4,30,2,0,30,0,3,6,0,1,8,8,1
78,79,decoder_elt3,1,4,31,3,0,31,0,3,7,0,1,8,8,1
78,79,decoder_elt3,1,8,32,4,0,32,0,4,0,0,1,8,8,1
78,79,decoder_elt3,1,8,33,5,0,33,0,4,1,0,1,8,8,1
78,79,decoder_elt3,1,8,34,4,1,34,0,4,2,0,1,8,8,1
78,79,decoder_elt3,1,8,35,5,1,35,0,4,3,0,1,8,8,1
78,79,decoder_elt3,1,9,36,4,2,36,0,4,4,0,1,8,8,1
78,79,decoder_elt3,1,9,37,5,2,37,0,4,5,0,1,8,8,1
78,79,decoder_elt3,1,9,38,4,3,38,0,4,6,0,1,8,8,1
78,79,decoder_elt3,1,9,39,5,3,39,0,4,7,0,1,8,8,1
78,79,decoder_elt3,1,10,40,4,4,40,0,5,0,0,1,8,8,1
78,79,decoder_elt3,1,10,41,5,4,41,0,5,1,0,1,8,8,1
78,79,decoder_elt3,1,10,42,4,5,42,0,5,2,0,1,8,8,1
78,79,decoder_elt3,1,10,43,5,5,43,0,5,3,0,1,8,8,1
78,79,decoder_elt3,1,11,44,4,6,44,0,5,4,0,1,8,8,1
78,79,decoder_elt3,1,11,45,5,6,45,0,5,5,0,1,8,8,1
78,79,decoder_elt3,1,11,46,4,7,46,0,5,6,0,1,8,8,1
78,79,decoder_elt3,1,11,47,5,7,47,0,5,7,0,1,8,8,1
78,79,decoder_elt3,1,15,48,6,7,48,0,6,0,0,1,8,8,1
78,79,decoder_elt3,1,15,49,7,7,49,0,6,1,0,1,8,8,1
78,79,decoder_elt3,1,15,50,6,6,50,0,6,2,0,1,8,8,1
78,79,decoder_elt3,1,15,51,7,6,51,0,6,3,0,1,8,8,1
78,79,decoder_elt3,1,14,52,6,5,52,0,6,4,0,1,8,8,1
78,79,decoder_elt3,1,14,53,7,5,53,0,6,5,0,1,8,8,1
78,79,decoder_elt3,1,14,54,6,4,54,0,6,6,0,1,8,8,1
78,79,decoder_elt3,1,14,55,7,4,55,0,6,7,0,1,8,8,1
78,79,decoder_elt3,1,13,56,6,3,56,0,7,0,0,1,8,8,1
78,79,decoder_elt3,1,13,57,7,3,57,0,7,1,0,1,8,8,1
78,79,decoder_elt3,1,13,58,6,2,58,0,7,2,0,1,8,8,1
78,79,decoder_elt3,1,13,59,7,2,59,0,7,3,0,1,8,8,1
78,79,decoder_elt3,1,12,60,6,1,60,0,7,4,0,1,8,8,1
78,79,decoder_elt3,1,12,61,7,1,61,0,7,5,0,1,8,8,1
78,79,decoder_elt3,1,12,62,6,0,62,0,7,6,0,1,8,8,1
78,79,decoder_elt3,1,12,63,7,0,63,0,7,7,0,1,8,8,1
79,80,proj,1,0,0,0,0,0,0,0,0,0,1,8,8,1
79,80,proj,1,0,1,1,0,1,0,0,1,0,1,8,8,1
79,80,proj,1,0,2,0,1,2,0,0,2,0,1,8,8,1
79,80,proj,1,0,3,1,1,3,0,0,3,0,1,8,8,1
79,80,proj,1,1,4,0,2,4,0,0,4,0,1,8,8,1
79,80,proj,1,1,5,1,2,5,0,0,5,0,1,8,8,1
79,80,proj,1,1,6,0,3,6,0,0,6,0,1,8,8,1
79,80,proj,1,1,7,1,3,7,0,0,7,0,1,8,8,1
79,80,proj,1,2,8,0,4,8,0,1,0,0,1,8,8,1
79,80,proj,1,2,9,1,4,9,0,1,1,0,1,8,8,1
79,80,proj,1,2,10,0,5,10,0,1,2,0,1,8,8,1
79,80,proj,1,2,11,1,5,11,0,1,3,0,1,8,8,1
79,80,proj,1,3,12,0,6,12,0,1,4,0,1,8,8,1
79,80,proj,1,3,13,1,6,13,0,1,5,0,1,8,8,1
79,80,proj,1,3,14,0,7,14,0,1,6,0,1,8,8,1
79,80,proj,1,3,15,1,7,15,0,1,7,0,1,8,8,1
79,80,proj,1,7,16,2,7,16,0,2,0,0,1,8,8,1
79,80,proj,1,7,17,3,7,17,0,2,1,0,1,8,8,1
79,80,proj,1,7,18,2,6,18,0,2,2,0,1,8,8,1
79,80,proj,1,7,19,3,6,19,0,2,3,0,1,8,8,1
79,80,proj,1,6,20,2,5,20,0,2,4,0,1,8,8,1
79,80,proj,1,6,21,3,5,21,0,2,5,0,1,8,8,1
79,80,proj,1,6,22,2,4,22,0,2,6,0,1,8,8,1
79,80,proj,1,6,23,3,4,23,0,2,7,0,1,8,8,1
79,80,proj,1,5,24,2,3,24,0,3,0,0,1,8,8,1
79,80,proj,1,5,25,3,3,25,0,3,1,0,1,8,8,1
79,80,proj,1,5,26,2,2,26,0,3,2,0,1,8,8,1
79,80,proj,1,5,27,3,2,27,0,3,3,0,1,8,8,1
79,80,proj,1,4,28,2,1,28,0,3,4,0,1,8,8,1
79,80,proj,1,4,29,3,1,29,0,3,5,0,1,8,8,1
79,80,proj,1,4,30,2,0,30,0,3,6,0,1,8,8,1
79,80,proj,1,4,31,3,0,31,0,3,7,0,1,8,8,1
79,80,proj,1,8,32,4,0,32,0,4,0,0,1,8,8,1
79,80,proj,1,8,33,5,0,33,0,4,1,0,1,8,8,1
79,80,proj,1,8,34,4,1,34,0,4,2,0,1,8,8,1
79,80,proj,1,8,35,5,1,35,0,4,3,0,1,8,8,1
79,80,proj,1,9,36,4,2,36,0,4,4,0,1,8,8,1
79,80,proj,1,9,37,5,2,37,0,4,5,0,1,8,8,1
79,80,proj,1,9,38,4,3,38,0,4,6,0,1,8,8,1
79,80,proj,1,9,39,5,3,39,0,4,7,0,1,8,8,1
79,80,proj,1,10,40,4,4,40,0,5,0,0,1,8,8,1
79,80,proj,1,10,41,5,4,41,0,5,1,0,1,8,8,1
79,80,proj,1,10,42,4,5,42,0,5,2,0,1,8,8,1
79,80,proj,1,10,43,5,5,43,0,5,3,0,1,8,8,1
79,80,proj,1,11,44,4,6,44,0,5,4,0,1,8,8,1
79,80,proj,1,11,45,5,6,45,0,5,5,0,1,8,8,1
79,80,proj,1,11,46,4,7,46,0,5,6,0,1,8,8,1
79,80,proj,1,11,47,5,7,47,0,5,7,0,1,8,8,1
79,80,proj,1,15,48,6,7,48,0,6,0,0,1,8,8,1
79,80,proj,1,15,49,7,7,49,0,6,1,0,1,8,8,1
79,80,proj,1,15,50,6,6,50,0,6,2,0,1,8,8,1
79,80,proj,1,15,51,7,6,51,0,6,3,0,1,8,8,1
79,80,proj,1,14,52,6,5,52,0,6,4,0,1,8,8,1
79,80,proj,1,14,53,7,5,53,0,6,5,0,1,8,8,1
79,80,proj,1,14,54,6,4,54,0,6,6,0,1,8,8,1
79,80,proj,1,14,55,7,4,55,0,6,7,0,1,8,8,1
79,80,proj,1,13,56,6,3,56,0,7,0,0,1,8,8,1
79,80,proj,1,13,57,7,3,57,0,7,1,0,1,8,8,1
79,80,proj,1,13,58,6,2,58,0,7,2,0,1,8,8,1
79,80,proj,1,13,59,7,2,59,0,7,3,0,1,8,8,1
79,80,proj,1,12,60,6,1,60,0,7,4,0,1,8,8,1
79,80,proj,1,12,61,7,1,61,0,7,5,0,1,8,8,1
79,80,proj,1,12,62,6,0,62,0,7,6,0,1,8,8,1
79,80,proj,1,12,63,7,0,63,0,7,7,0,1,8,8,1
