segment,layer_id,layer,batch,chiplet,core,x,y,partition_id,partition_b,partition_c,partition_h,partition_w,B,C,H,W
0,0,Conv_1a_3x3,1,0,0,0,0,0,0,0,0,0,1,4,2,8
0,0,Conv_1a_3x3,1,0,1,1,0,1,0,0,0,1,1,4,2,8
0,0,Conv_1a_3x3,1,0,2,0,1,2,0,0,0,2,1,4,2,8
0,0,Conv_1a_3x3,1,0,3,1,1,3,0,0,0,3,1,4,2,8
0,0,Conv_1a_3x3,1,1,4,0,2,4,0,0,0,4,1,4,2,8
0,0,Conv_1a_3x3,1,1,5,1,2,5,0,0,0,5,1,4,2,8
0,0,Conv_1a_3x3,1,1,6,0,3,6,0,0,0,6,1,4,2,8
0,0,Conv_1a_3x3,1,1,7,1,3,7,0,0,0,7,1,4,2,8
0,0,Conv_1a_3x3,1,2,8,0,4,8,0,0,1,0,1,4,2,8
0,0,Conv_1a_3x3,1,2,9,1,4,9,0,0,1,1,1,4,2,8
0,0,Conv_1a_3x3,1,2,10,0,5,10,0,0,1,2,1,4,2,8
0,0,Conv_1a_3x3,1,2,11,1,5,11,0,0,1,3,1,4,2,8
0,0,Conv_1a_3x3,1,3,12,0,6,12,0,0,1,4,1,4,2,8
0,0,Conv_1a_3x3,1,3,13,1,6,13,0,0,1,5,1,4,2,8
0,0,Conv_1a_3x3,1,3,14,0,7,14,0,0,1,6,1,4,2,8
0,0,Conv_1a_3x3,1,3,15,1,7,15,0,0,1,7,1,4,2,8
0,0,Conv_1a_3x3,1,7,16,2,7,16,0,1,0,0,1,4,2,8
0,0,Conv_1a_3x3,1,7,17,3,7,17,0,1,0,1,1,4,2,8
0,0,Conv_1a_3x3,1,7,18,2,6,18,0,1,0,2,1,4,2,8
0,0,Conv_1a_3x3,1,7,19,3,6,19,0,1,0,3,1,4,2,8
0,0,Conv_1a_3x3,1,6,20,2,5,20,0,1,0,4,1,4,2,8
0,0,Conv_1a_3x3,1,6,21,3,5,21,0,1,0,5,1,4,2,8
0,0,Conv_1a_3x3,1,6,22,2,4,22,0,1,0,6,1,4,2,8
0,0,Conv_1a_3x3,1,6,23,3,4,23,0,1,0,7,1,4,2,8
0,0,Conv_1a_3x3,1,5,24,2,3,24,0,1,1,0,1,4,2,8
0,0,Conv_1a_3x3,1,5,25,3,3,25,0,1,1,1,1,4,2,8
0,0,Conv_1a_3x3,1,5,26,2,2,26,0,1,1,2,1,4,2,8
0,0,Conv_1a_3x3,1,5,27,3,2,27,0,1,1,3,1,4,2,8
0,0,Conv_1a_3x3,1,4,28,2,1,28,0,1,1,4,1,4,2,8
0,0,Conv_1a_3x3,1,4,29,3,1,29,0,1,1,5,1,4,2,8
0,0,Conv_1a_3x3,1,4,30,2,0,30,0,1,1,6,1,4,2,8
0,0,Conv_1a_3x3,1,4,31,3,0,31,0,1,1,7,1,4,2,8
0,0,Conv_1a_3x3,1,8,32,4,0,32,0,2,0,0,1,4,2,8
0,0,Conv_1a_3x3,1,8,33,5,0,33,0,2,0,1,1,4,2,8
0,0,Conv_1a_3x3,1,8,34,4,1,34,0,2,0,2,1,4,2,8
0,0,Conv_1a_3x3,1,8,35,5,1,35,0,2,0,3,1,4,2,8
0,0,Conv_1a_3x3,1,9,36,4,2,36,0,2,0,4,1,4,2,8
0,0,Conv_1a_3x3,1,9,37,5,2,37,0,2,0,5,1,4,2,8
0,0,Conv_1a_3x3,1,9,38,4,3,38,0,2,0,6,1,4,2,8
0,0,Conv_1a_3x3,1,9,39,5,3,39,0,2,0,7,1,4,2,8
0,0,Conv_1a_3x3,1,10,40,4,4,40,0,2,1,0,1,4,2,8
0,0,Conv_1a_3x3,1,10,41,5,4,41,0,2,1,1,1,4,2,8
0,0,Conv_1a_3x3,1,10,42,4,5,42,0,2,1,2,1,4,2,8
0,0,Conv_1a_3x3,1,10,43,5,5,43,0,2,1,3,1,4,2,8
0,0,Conv_1a_3x3,1,11,44,4,6,44,0,2,1,4,1,4,2,8
0,0,Conv_1a_3x3,1,11,45,5,6,45,0,2,1,5,1,4,2,8
0,0,Conv_1a_3x3,1,11,46,4,7,46,0,2,1,6,1,4,2,8
0,0,Conv_1a_3x3,1,11,47,5,7,47,0,2,1,7,1,4,2,8
0,0,Conv_1a_3x3,1,15,48,6,7,48,0,3,0,0,1,4,2,8
0,0,Conv_1a_3x3,1,15,49,7,7,49,0,3,0,1,1,4,2,8
0,0,Conv_1a_3x3,1,15,50,6,6,50,0,3,0,2,1,4,2,8
0,0,Conv_1a_3x3,1,15,51,7,6,51,0,3,0,3,1,4,2,8
0,0,Conv_1a_3x3,1,14,52,6,5,52,0,3,0,4,1,4,2,8
0,0,Conv_1a_3x3,1,14,53,7,5,53,0,3,0,5,1,4,2,8
0,0,Conv_1a_3x3,1,14,54,6,4,54,0,3,0,6,1,4,2,8
0,0,Conv_1a_3x3,1,14,55,7,4,55,0,3,0,7,1,4,2,8
0,0,Conv_1a_3x3,1,13,56,6,3,56,0,3,1,0,1,4,2,8
0,0,Conv_1a_3x3,1,13,57,7,3,57,0,3,1,1,1,4,2,8
0,0,Conv_1a_3x3,1,13,58,6,2,58,0,3,1,2,1,4,2,8
0,0,Conv_1a_3x3,1,13,59,7,2,59,0,3,1,3,1,4,2,8
0,0,Conv_1a_3x3,1,12,60,6,1,60,0,3,1,4,1,4,2,8
0,0,Conv_1a_3x3,1,12,61,7,1,61,0,3,1,5,1,4,2,8
0,0,Conv_1a_3x3,1,12,62,6,0,62,0,3,1,6,1,4,2,8
0,0,Conv_1a_3x3,1,12,63,7,0,63,0,3,1,7,1,4,2,8
1,1,Conv_2a_3x3,4,0,0,0,0,0,0,0,0,0,4,1,4,4
1,1,Conv_2a_3x3,4,0,1,1,0,1,0,0,0,1,4,1,4,4
1,1,Conv_2a_3x3,4,0,2,0,1,2,0,0,0,2,4,1,4,4
1,1,Conv_2a_3x3,4,0,3,1,1,3,0,0,0,3,4,1,4,4
1,1,Conv_2a_3x3,4,1,4,0,2,4,0,0,1,0,4,1,4,4
1,1,Conv_2a_3x3,4,1,5,1,2,5,0,0,1,1,4,1,4,4
1,1,Conv_2a_3x3,4,1,6,0,3,6,0,0,1,2,4,1,4,4
1,1,Conv_2a_3x3,4,1,7,1,3,7,0,0,1,3,4,1,4,4
1,1,Conv_2a_3x3,4,2,8,0,4,8,0,0,2,0,4,1,4,4
1,1,Conv_2a_3x3,4,2,9,1,4,9,0,0,2,1,4,1,4,4
1,1,Conv_2a_3x3,4,2,10,0,5,10,0,0,2,2,4,1,4,4
1,1,Conv_2a_3x3,4,2,11,1,5,11,0,0,2,3,4,1,4,4
1,1,Conv_2a_3x3,4,3,12,0,6,12,0,0,3,0,4,1,4,4
1,1,Conv_2a_3x3,4,3,13,1,6,13,0,0,3,1,4,1,4,4
1,1,Conv_2a_3x3,4,3,14,0,7,14,0,0,3,2,4,1,4,4
1,1,Conv_2a_3x3,4,3,15,1,7,15,0,0,3,3,4,1,4,4
1,1,Conv_2a_3x3,4,7,16,2,7,16,1,0,0,0,4,1,4,4
1,1,Conv_2a_3x3,4,7,17,3,7,17,1,0,0,1,4,1,4,4
1,1,Conv_2a_3x3,4,7,18,2,6,18,1,0,0,2,4,1,4,4
1,1,Conv_2a_3x3,4,7,19,3,6,19,1,0,0,3,4,1,4,4
1,1,Conv_2a_3x3,4,6,20,2,5,20,1,0,1,0,4,1,4,4
1,1,Conv_2a_3x3,4,6,21,3,5,21,1,0,1,1,4,1,4,4
1,1,Conv_2a_3x3,4,6,22,2,4,22,1,0,1,2,4,1,4,4
1,1,Conv_2a_3x3,4,6,23,3,4,23,1,0,1,3,4,1,4,4
1,1,Conv_2a_3x3,4,5,24,2,3,24,1,0,2,0,4,1,4,4
1,1,Conv_2a_3x3,4,5,25,3,3,25,1,0,2,1,4,1,4,4
1,1,Conv_2a_3x3,4,5,26,2,2,26,1,0,2,2,4,1,4,4
1,1,Conv_2a_3x3,4,5,27,3,2,27,1,0,2,3,4,1,4,4
1,1,Conv_2a_3x3,4,4,28,2,1,28,1,0,3,0,4,1,4,4
1,1,Conv_2a_3x3,4,4,29,3,1,29,1,0,3,1,4,1,4,4
1,1,Conv_2a_3x3,4,4,30,2,0,30,1,0,3,2,4,1,4,4
1,1,Conv_2a_3x3,4,4,31,3,0,31,1,0,3,3,4,1,4,4
1,1,Conv_2a_3x3,4,8,32,4,0,32,2,0,0,0,4,1,4,4
1,1,Conv_2a_3x3,4,8,33,5,0,33,2,0,0,1,4,1,4,4
1,1,Conv_2a_3x3,4,8,34,4,1,34,2,0,0,2,4,1,4,4
1,1,Conv_2a_3x3,4,8,35,5,1,35,2,0,0,3,4,1,4,4
1,1,Conv_2a_3x3,4,9,36,4,2,36,2,0,1,0,4,1,4,4
1,1,Conv_2a_3x3,4,9,37,5,2,37,2,0,1,1,4,1,4,4
1,1,Conv_2a_3x3,4,9,38,4,3,38,2,0,1,2,4,1,4,4
1,1,Conv_2a_3x3,4,9,39,5,3,39,2,0,1,3,4,1,4,4
1,1,Conv_2a_3x3,4,10,40,4,4,40,2,0,2,0,4,1,4,4
1,1,Conv_2a_3x3,4,10,41,5,4,41,2,0,2,1,4,1,4,4
1,1,Conv_2a_3x3,4,10,42,4,5,42,2,0,2,2,4,1,4,4
1,1,Conv_2a_3x3,4,10,43,5,5,43,2,0,2,3,4,1,4,4
1,1,Conv_2a_3x3,4,11,44,4,6,44,2,0,3,0,4,1,4,4
1,1,Conv_2a_3x3,4,11,45,5,6,45,2,0,3,1,4,1,4,4
1,1,Conv_2a_3x3,4,11,46,4,7,46,2,0,3,2,4,1,4,4
1,1,Conv_2a_3x3,4,11,47,5,7,47,2,0,3,3,4,1,4,4
1,1,Conv_2a_3x3,4,15,48,6,7,48,3,0,0,0,4,1,4,4
1,1,Conv_2a_3x3,4,15,49,7,7,49,3,0,0,1,4,1,4,4
1,1,Conv_2a_3x3,4,15,50,6,6,50,3,0,0,2,4,1,4,4
1,1,Conv_2a_3x3,4,15,51,7,6,51,3,0,0,3,4,1,4,4
1,1,Conv_2a_3x3,4,14,52,6,5,52,3,0,1,0,4,1,4,4
1,1,Conv_2a_3x3,4,14,53,7,5,53,3,0,1,1,4,1,4,4
1,1,Conv_2a_3x3,4,14,54,6,4,54,3,0,1,2,4,1,4,4
1,1,Conv_2a_3x3,4,14,55,7,4,55,3,0,1,3,4,1,4,4
1,1,Conv_2a_3x3,4,13,56,6,3,56,3,0,2,0,4,1,4,4
1,1,Conv_2a_3x3,4,13,57,7,3,57,3,0,2,1,4,1,4,4
1,1,Conv_2a_3x3,4,13,58,6,2,58,3,0,2,2,4,1,4,4
1,1,Conv_2a_3x3,4,13,59,7,2,59,3,0,2,3,4,1,4,4
1,1,Conv_2a_3x3,4,12,60,6,1,60,3,0,3,0,4,1,4,4
1,1,Conv_2a_3x3,4,12,61,7,1,61,3,0,3,1,4,1,4,4
1,1,Conv_2a_3x3,4,12,62,6,0,62,3,0,3,2,4,1,4,4
1,1,Conv_2a_3x3,4,12,63,7,0,63,3,0,3,3,4,1,4,4
2,2,Conv_2b_3x3,2,0,0,0,0,0,0,0,0,0,2,2,4,4
2,2,Conv_2b_3x3,2,0,1,1,0,1,0,0,0,1,2,2,4,4
2,2,Conv_2b_3x3,2,0,2,0,1,2,0,0,0,2,2,2,4,4
2,2,Conv_2b_3x3,2,0,3,1,1,3,0,0,0,3,2,2,4,4
2,2,Conv_2b_3x3,2,1,4,0,2,4,0,0,1,0,2,2,4,4
2,2,Conv_2b_3x3,2,1,5,1,2,5,0,0,1,1,2,2,4,4
2,2,Conv_2b_3x3,2,1,6,0,3,6,0,0,1,2,2,2,4,4
2,2,Conv_2b_3x3,2,1,7,1,3,7,0,0,1,3,2,2,4,4
2,2,Conv_2b_3x3,2,2,8,0,4,8,0,0,2,0,2,2,4,4
2,2,Conv_2b_3x3,2,2,9,1,4,9,0,0,2,1,2,2,4,4
2,2,Conv_2b_3x3,2,2,10,0,5,10,0,0,2,2,2,2,4,4
2,2,Conv_2b_3x3,2,2,11,1,5,11,0,0,2,3,2,2,4,4
2,2,Conv_2b_3x3,2,3,12,0,6,12,0,0,3,0,2,2,4,4
2,2,Conv_2b_3x3,2,3,13,1,6,13,0,0,3,1,2,2,4,4
2,2,Conv_2b_3x3,2,3,14,0,7,14,0,0,3,2,2,2,4,4
2,2,Conv_2b_3x3,2,3,15,1,7,15,0,0,3,3,2,2,4,4
2,2,Conv_2b_3x3,2,7,16,2,7,32,1,0,0,0,2,2,4,4
2,2,Conv_2b_3x3,2,7,17,3,7,33,1,0,0,1,2,2,4,4
2,2,Conv_2b_3x3,2,7,18,2,6,34,1,0,0,2,2,2,4,4
2,2,Conv_2b_3x3,2,7,19,3,6,35,1,0,0,3,2,2,4,4
2,2,Conv_2b_3x3,2,6,20,2,5,36,1,0,1,0,2,2,4,4
2,2,Conv_2b_3x3,2,6,21,3,5,37,1,0,1,1,2,2,4,4
2,2,Conv_2b_3x3,2,6,22,2,4,38,1,0,1,2,2,2,4,4
2,2,Conv_2b_3x3,2,6,23,3,4,39,1,0,1,3,2,2,4,4
2,2,Conv_2b_3x3,2,5,24,2,3,40,1,0,2,0,2,2,4,4
2,2,Conv_2b_3x3,2,5,25,3,3,41,1,0,2,1,2,2,4,4
2,2,Conv_2b_3x3,2,5,26,2,2,42,1,0,2,2,2,2,4,4
2,2,Conv_2b_3x3,2,5,27,3,2,43,1,0,2,3,2,2,4,4
2,2,Conv_2b_3x3,2,4,28,2,1,44,1,0,3,0,2,2,4,4
2,2,Conv_2b_3x3,2,4,29,3,1,45,1,0,3,1,2,2,4,4
2,2,Conv_2b_3x3,2,4,30,2,0,46,1,0,3,2,2,2,4,4
2,2,Conv_2b_3x3,2,4,31,3,0,47,1,0,3,3,2,2,4,4
2,2,Conv_2b_3x3,2,8,32,4,0,16,0,1,0,0,2,2,4,4
2,2,Conv_2b_3x3,2,8,33,5,0,17,0,1,0,1,2,2,4,4
2,2,Conv_2b_3x3,2,8,34,4,1,18,0,1,0,2,2,2,4,4
2,2,Conv_2b_3x3,2,8,35,5,1,19,0,1,0,3,2,2,4,4
2,2,Conv_2b_3x3,2,9,36,4,2,20,0,1,1,0,2,2,4,4
2,2,Conv_2b_3x3,2,9,37,5,2,21,0,1,1,1,2,2,4,4
2,2,Conv_2b_3x3,2,9,38,4,3,22,0,1,1,2,2,2,4,4
2,2,Conv_2b_3x3,2,9,39,5,3,23,0,1,1,3,2,2,4,4
2,2,Conv_2b_3x3,2,10,40,4,4,24,0,1,2,0,2,2,4,4
2,2,Conv_2b_3x3,2,10,41,5,4,25,0,1,2,1,2,2,4,4
2,2,Conv_2b_3x3,2,10,42,4,5,26,0,1,2,2,2,2,4,4
2,2,Conv_2b_3x3,2,10,43,5,5,27,0,1,2,3,2,2,4,4
2,2,Conv_2b_3x3,2,11,44,4,6,28,0,1,3,0,2,2,4,4
2,2,Conv_2b_3x3,2,11,45,5,6,29,0,1,3,1,2,2,4,4
2,2,Conv_2b_3x3,2,11,46,4,7,30,0,1,3,2,2,2,4,4
2,2,Conv_2b_3x3,2,11,47,5,7,31,0,1,3,3,2,2,4,4
2,2,Conv_2b_3x3,2,15,48,6,7,48,1,1,0,0,2,2,4,4
2,2,Conv_2b_3x3,2,15,49,7,7,49,1,1,0,1,2,2,4,4
2,2,Conv_2b_3x3,2,15,50,6,6,50,1,1,0,2,2,2,4,4
2,2,Conv_2b_3x3,2,15,51,7,6,51,1,1,0,3,2,2,4,4
2,2,Conv_2b_3x3,2,14,52,6,5,52,1,1,1,0,2,2,4,4
2,2,Conv_2b_3x3,2,14,53,7,5,53,1,1,1,1,2,2,4,4
2,2,Conv_2b_3x3,2,14,54,6,4,54,1,1,1,2,2,2,4,4
2,2,Conv_2b_3x3,2,14,55,7,4,55,1,1,1,3,2,2,4,4
2,2,Conv_2b_3x3,2,13,56,6,3,56,1,1,2,0,2,2,4,4
2,2,Conv_2b_3x3,2,13,57,7,3,57,1,1,2,1,2,2,4,4
2,2,Conv_2b_3x3,2,13,58,6,2,58,1,1,2,2,2,2,4,4
2,2,Conv_2b_3x3,2,13,59,7,2,59,1,1,2,3,2,2,4,4
2,2,Conv_2b_3x3,2,12,60,6,1,60,1,1,3,0,2,2,4,4
2,2,Conv_2b_3x3,2,12,61,7,1,61,1,1,3,1,2,2,4,4
2,2,Conv_2b_3x3,2,12,62,6,0,62,1,1,3,2,2,2,4,4
2,2,Conv_2b_3x3,2,12,63,7,0,63,1,1,3,3,2,2,4,4
3,3,MaxPool_3a_3x3,1,0,0,0,0,0,0,0,0,0,1,64,1,1
3,3,MaxPool_3a_3x3,1,0,1,1,0,1,0,1,0,0,1,64,1,1
3,3,MaxPool_3a_3x3,1,0,2,0,1,2,0,2,0,0,1,64,1,1
3,3,MaxPool_3a_3x3,1,0,3,1,1,3,0,3,0,0,1,64,1,1
3,3,MaxPool_3a_3x3,1,1,4,0,2,4,0,4,0,0,1,64,1,1
3,3,MaxPool_3a_3x3,1,1,5,1,2,5,0,5,0,0,1,64,1,1
3,3,MaxPool_3a_3x3,1,1,6,0,3,6,0,6,0,0,1,64,1,1
3,3,MaxPool_3a_3x3,1,1,7,1,3,7,0,7,0,0,1,64,1,1
3,3,MaxPool_3a_3x3,1,2,8,0,4,8,0,8,0,0,1,64,1,1
3,3,MaxPool_3a_3x3,1,2,9,1,4,9,0,9,0,0,1,64,1,1
3,3,MaxPool_3a_3x3,1,2,10,0,5,10,0,10,0,0,1,64,1,1
3,3,MaxPool_3a_3x3,1,2,11,1,5,11,0,11,0,0,1,64,1,1
3,3,MaxPool_3a_3x3,1,3,12,0,6,12,0,12,0,0,1,64,1,1
3,3,MaxPool_3a_3x3,1,3,13,1,6,13,0,13,0,0,1,64,1,1
3,3,MaxPool_3a_3x3,1,3,14,0,7,14,0,14,0,0,1,64,1,1
3,3,MaxPool_3a_3x3,1,3,15,1,7,15,0,15,0,0,1,64,1,1
3,3,MaxPool_3a_3x3,1,7,16,2,7,16,0,16,0,0,1,64,1,1
3,3,MaxPool_3a_3x3,1,7,17,3,7,17,0,17,0,0,1,64,1,1
3,3,MaxPool_3a_3x3,1,7,18,2,6,18,0,18,0,0,1,64,1,1
3,3,MaxPool_3a_3x3,1,7,19,3,6,19,0,19,0,0,1,64,1,1
3,3,MaxPool_3a_3x3,1,6,20,2,5,20,0,20,0,0,1,64,1,1
3,3,MaxPool_3a_3x3,1,6,21,3,5,21,0,21,0,0,1,64,1,1
3,3,MaxPool_3a_3x3,1,6,22,2,4,22,0,22,0,0,1,64,1,1
3,3,MaxPool_3a_3x3,1,6,23,3,4,23,0,23,0,0,1,64,1,1
3,3,MaxPool_3a_3x3,1,5,24,2,3,24,0,24,0,0,1,64,1,1
3,3,MaxPool_3a_3x3,1,5,25,3,3,25,0,25,0,0,1,64,1,1
3,3,MaxPool_3a_3x3,1,5,26,2,2,26,0,26,0,0,1,64,1,1
3,3,MaxPool_3a_3x3,1,5,27,3,2,27,0,27,0,0,1,64,1,1
3,3,MaxPool_3a_3x3,1,4,28,2,1,28,0,28,0,0,1,64,1,1
3,3,MaxPool_3a_3x3,1,4,29,3,1,29,0,29,0,0,1,64,1,1
3,3,MaxPool_3a_3x3,1,4,30,2,0,30,0,30,0,0,1,64,1,1
3,3,MaxPool_3a_3x3,1,4,31,3,0,31,0,31,0,0,1,64,1,1
3,3,MaxPool_3a_3x3,1,8,32,4,0,32,0,32,0,0,1,64,1,1
3,3,MaxPool_3a_3x3,1,8,33,5,0,33,0,33,0,0,1,64,1,1
3,3,MaxPool_3a_3x3,1,8,34,4,1,34,0,34,0,0,1,64,1,1
3,3,MaxPool_3a_3x3,1,8,35,5,1,35,0,35,0,0,1,64,1,1
3,3,MaxPool_3a_3x3,1,9,36,4,2,36,0,36,0,0,1,64,1,1
3,3,MaxPool_3a_3x3,1,9,37,5,2,37,0,37,0,0,1,64,1,1
3,3,MaxPool_3a_3x3,1,9,38,4,3,38,0,38,0,0,1,64,1,1
3,3,MaxPool_3a_3x3,1,9,39,5,3,39,0,39,0,0,1,64,1,1
3,3,MaxPool_3a_3x3,1,10,40,4,4,40,0,40,0,0,1,64,1,1
3,3,MaxPool_3a_3x3,1,10,41,5,4,41,0,41,0,0,1,64,1,1
3,3,MaxPool_3a_3x3,1,10,42,4,5,42,0,42,0,0,1,64,1,1
3,3,MaxPool_3a_3x3,1,10,43,5,5,43,0,43,0,0,1,64,1,1
3,3,MaxPool_3a_3x3,1,11,44,4,6,44,0,44,0,0,1,64,1,1
3,3,MaxPool_3a_3x3,1,11,45,5,6,45,0,45,0,0,1,64,1,1
3,3,MaxPool_3a_3x3,1,11,46,4,7,46,0,46,0,0,1,64,1,1
3,3,MaxPool_3a_3x3,1,11,47,5,7,47,0,47,0,0,1,64,1,1
3,3,MaxPool_3a_3x3,1,15,48,6,7,48,0,48,0,0,1,64,1,1
3,3,MaxPool_3a_3x3,1,15,49,7,7,49,0,49,0,0,1,64,1,1
3,3,MaxPool_3a_3x3,1,15,50,6,6,50,0,50,0,0,1,64,1,1
3,3,MaxPool_3a_3x3,1,15,51,7,6,51,0,51,0,0,1,64,1,1
3,3,MaxPool_3a_3x3,1,14,52,6,5,52,0,52,0,0,1,64,1,1
3,3,MaxPool_3a_3x3,1,14,53,7,5,53,0,53,0,0,1,64,1,1
3,3,MaxPool_3a_3x3,1,14,54,6,4,54,0,54,0,0,1,64,1,1
3,3,MaxPool_3a_3x3,1,14,55,7,4,55,0,55,0,0,1,64,1,1
3,3,MaxPool_3a_3x3,1,13,56,6,3,56,0,56,0,0,1,64,1,1
3,3,MaxPool_3a_3x3,1,13,57,7,3,57,0,57,0,0,1,64,1,1
3,3,MaxPool_3a_3x3,1,13,58,6,2,58,0,58,0,0,1,64,1,1
3,3,MaxPool_3a_3x3,1,13,59,7,2,59,0,59,0,0,1,64,1,1
3,3,MaxPool_3a_3x3,1,12,60,6,1,60,0,60,0,0,1,64,1,1
3,3,MaxPool_3a_3x3,1,12,61,7,1,61,0,61,0,0,1,64,1,1
3,3,MaxPool_3a_3x3,1,12,62,6,0,62,0,62,0,0,1,64,1,1
3,3,MaxPool_3a_3x3,1,12,63,7,0,63,0,63,0,0,1,64,1,1
4,4,Conv_3b_1x1,64,0,0,0,0,0,0,0,0,0,16,2,1,2
4,4,Conv_3b_1x1,64,0,1,1,0,1,0,0,0,1,16,2,1,2
4,4,Conv_3b_1x1,64,0,2,0,1,4,1,0,0,0,16,2,1,2
4,4,Conv_3b_1x1,64,0,3,1,1,5,1,0,0,1,16,2,1,2
4,4,Conv_3b_1x1,64,1,4,0,2,8,2,0,0,0,16,2,1,2
4,4,Conv_3b_1x1,64,1,5,1,2,9,2,0,0,1,16,2,1,2
4,4,Conv_3b_1x1,64,1,6,0,3,12,3,0,0,0,16,2,1,2
4,4,Conv_3b_1x1,64,1,7,1,3,13,3,0,0,1,16,2,1,2
4,4,Conv_3b_1x1,64,2,8,0,4,16,4,0,0,0,16,2,1,2
4,4,Conv_3b_1x1,64,2,9,1,4,17,4,0,0,1,16,2,1,2
4,4,Conv_3b_1x1,64,2,10,0,5,20,5,0,0,0,16,2,1,2
4,4,Conv_3b_1x1,64,2,11,1,5,21,5,0,0,1,16,2,1,2
4,4,Conv_3b_1x1,64,3,12,0,6,24,6,0,0,0,16,2,1,2
4,4,Conv_3b_1x1,64,3,13,1,6,25,6,0,0,1,16,2,1,2
4,4,Conv_3b_1x1,64,3,14,0,7,28,7,0,0,0,16,2,1,2
4,4,Conv_3b_1x1,64,3,15,1,7,29,7,0,0,1,16,2,1,2
4,4,Conv_3b_1x1,64,7,16,2,7,32,8,0,0,0,16,2,1,2
4,4,Conv_3b_1x1,64,7,17,3,7,33,8,0,0,1,16,2,1,2
4,4,Conv_3b_1x1,64,7,18,2,6,36,9,0,0,0,16,2,1,2
4,4,Conv_3b_1x1,64,7,19,3,6,37,9,0,0,1,16,2,1,2
4,4,Conv_3b_1x1,64,6,20,2,5,40,10,0,0,0,16,2,1,2
4,4,Conv_3b_1x1,64,6,21,3,5,41,10,0,0,1,16,2,1,2
4,4,Conv_3b_1x1,64,6,22,2,4,44,11,0,0,0,16,2,1,2
4,4,Conv_3b_1x1,64,6,23,3,4,45,11,0,0,1,16,2,1,2
4,4,Conv_3b_1x1,64,5,24,2,3,48,12,0,0,0,16,2,1,2
4,4,Conv_3b_1x1,64,5,25,3,3,49,12,0,0,1,16,2,1,2
4,4,Conv_3b_1x1,64,5,26,2,2,52,13,0,0,0,16,2,1,2
4,4,Conv_3b_1x1,64,5,27,3,2,53,13,0,0,1,16,2,1,2
4,4,Conv_3b_1x1,64,4,28,2,1,56,14,0,0,0,16,2,1,2
4,4,Conv_3b_1x1,64,4,29,3,1,57,14,0,0,1,16,2,1,2
4,4,Conv_3b_1x1,64,4,30,2,0,60,15,0,0,0,16,2,1,2
4,4,Conv_3b_1x1,64,4,31,3,0,61,15,0,0,1,16,2,1,2
4,4,Conv_3b_1x1,64,8,32,4,0,2,0,1,0,0,16,2,1,2
4,4,Conv_3b_1x1,64,8,33,5,0,3,0,1,0,1,16,2,1,2
4,4,Conv_3b_1x1,64,8,34,4,1,6,1,1,0,0,16,2,1,2
4,4,Conv_3b_1x1,64,8,35,5,1,7,1,1,0,1,16,2,1,2
4,4,Conv_3b_1x1,64,9,36,4,2,10,2,1,0,0,16,2,1,2
4,4,Conv_3b_1x1,64,9,37,5,2,11,2,1,0,1,16,2,1,2
4,4,Conv_3b_1x1,64,9,38,4,3,14,3,1,0,0,16,2,1,2
4,4,Conv_3b_1x1,64,9,39,5,3,15,3,1,0,1,16,2,1,2
4,4,Conv_3b_1x1,64,10,40,4,4,18,4,1,0,0,16,2,1,2
4,4,Conv_3b_1x1,64,10,41,5,4,19,4,1,0,1,16,2,1,2
4,4,Conv_3b_1x1,64,10,42,4,5,22,5,1,0,0,16,2,1,2
4,4,Conv_3b_1x1,64,10,43,5,5,23,5,1,0,1,16,2,1,2
4,4,Conv_3b_1x1,64,11,44,4,6,26,6,1,0,0,16,2,1,2
4,4,Conv_3b_1x1,64,11,45,5,6,27,6,1,0,1,16,2,1,2
4,4,Conv_3b_1x1,64,11,46,4,7,30,7,1,0,0,16,2,1,2
4,4,Conv_3b_1x1,64,11,47,5,7,31,7,1,0,1,16,2,1,2
4,4,Conv_3b_1x1,64,15,48,6,7,34,8,1,0,0,16,2,1,2
4,4,Conv_3b_1x1,64,15,49,7,7,35,8,1,0,1,16,2,1,2
4,4,Conv_3b_1x1,64,15,50,6,6,38,9,1,0,0,16,2,1,2
4,4,Conv_3b_1x1,64,15,51,7,6,39,9,1,0,1,16,2,1,2
4,4,Conv_3b_1x1,64,14,52,6,5,42,10,1,0,0,16,2,1,2
4,4,Conv_3b_1x1,64,14,53,7,5,43,10,1,0,1,16,2,1,2
4,4,Conv_3b_1x1,64,14,54,6,4,46,11,1,0,0,16,2,1,2
4,4,Conv_3b_1x1,64,14,55,7,4,47,11,1,0,1,16,2,1,2
4,4,Conv_3b_1x1,64,13,56,6,3,50,12,1,0,0,16,2,1,2
4,4,Conv_3b_1x1,64,13,57,7,3,51,12,1,0,1,16,2,1,2
4,4,Conv_3b_1x1,64,13,58,6,2,54,13,1,0,0,16,2,1,2
4,4,Conv_3b_1x1,64,13,59,7,2,55,13,1,0,1,16,2,1,2
4,4,Conv_3b_1x1,64,12,60,6,1,58,14,1,0,0,16,2,1,2
4,4,Conv_3b_1x1,64,12,61,7,1,59,14,1,0,1,16,2,1,2
4,4,Conv_3b_1x1,64,12,62,6,0,62,15,1,0,0,16,2,1,2
4,4,Conv_3b_1x1,64,12,63,7,0,63,15,1,0,1,16,2,1,2
5,5,Conv_4a_3x3,1,0,0,0,0,0,0,0,0,0,1,8,4,2
5,5,Conv_4a_3x3,1,0,1,1,0,1,0,0,0,1,1,8,4,2
5,5,Conv_4a_3x3,1,0,2,0,1,2,0,0,1,0,1,8,4,2
5,5,Conv_4a_3x3,1,0,3,1,1,3,0,0,1,1,1,8,4,2
5,5,Conv_4a_3x3,1,1,4,0,2,4,0,0,2,0,1,8,4,2
5,5,Conv_4a_3x3,1,1,5,1,2,5,0,0,2,1,1,8,4,2
5,5,Conv_4a_3x3,1,1,6,0,3,6,0,0,3,0,1,8,4,2
5,5,Conv_4a_3x3,1,1,7,1,3,7,0,0,3,1,1,8,4,2
5,5,Conv_4a_3x3,1,2,8,0,4,8,0,1,0,0,1,8,4,2
5,5,Conv_4a_3x3,1,2,9,1,4,9,0,1,0,1,1,8,4,2
5,5,Conv_4a_3x3,1,2,10,0,5,10,0,1,1,0,1,8,4,2
5,5,Conv_4a_3x3,1,2,11,1,5,11,0,1,1,1,1,8,4,2
5,5,Conv_4a_3x3,1,3,12,0,6,12,0,1,2,0,1,8,4,2
5,5,Conv_4a_3x3,1,3,13,1,6,13,0,1,2,1,1,8,4,2
5,5,Conv_4a_3x3,1,3,14,0,7,14,0,1,3,0,1,8,4,2
5,5,Conv_4a_3x3,1,3,15,1,7,15,0,1,3,1,1,8,4,2
5,5,Conv_4a_3x3,1,7,16,2,7,16,0,2,0,0,1,8,4,2
5,5,Conv_4a_3x3,1,7,17,3,7,17,0,2,0,1,1,8,4,2
5,5,Conv_4a_3x3,1,7,18,2,6,18,0,2,1,0,1,8,4,2
5,5,Conv_4a_3x3,1,7,19,3,6,19,0,2,1,1,1,8,4,2
5,5,Conv_4a_3x3,1,6,20,2,5,20,0,2,2,0,1,8,4,2
5,5,Conv_4a_3x3,1,6,21,3,5,21,0,2,2,1,1,8,4,2
5,5,Conv_4a_3x3,1,6,22,2,4,22,0,2,3,0,1,8,4,2
5,5,Conv_4a_3x3,1,6,23,3,4,23,0,2,3,1,1,8,4,2
5,5,Conv_4a_3x3,1,5,24,2,3,24,0,3,0,0,1,8,4,2
5,5,Conv_4a_3x3,1,5,25,3,3,25,0,3,0,1,1,8,4,2
5,5,Conv_4a_3x3,1,5,26,2,2,26,0,3,1,0,1,8,4,2
5,5,Conv_4a_3x3,1,5,27,3,2,27,0,3,1,1,1,8,4,2
5,5,Conv_4a_3x3,1,4,28,2,1,28,0,3,2,0,1,8,4,2
5,5,Conv_4a_3x3,1,4,29,3,1,29,0,3,2,1,1,8,4,2
5,5,Conv_4a_3x3,1,4,30,2,0,30,0,3,3,0,1,8,4,2
5,5,Conv_4a_3x3,1,4,31,3,0,31,0,3,3,1,1,8,4,2
5,5,Conv_4a_3x3,1,8,32,4,0,32,0,4,0,0,1,8,4,2
5,5,Conv_4a_3x3,1,8,33,5,0,33,0,4,0,1,1,8,4,2
5,5,Conv_4a_3x3,1,8,34,4,1,34,0,4,1,0,1,8,4,2
5,5,Conv_4a_3x3,1,8,35,5,1,35,0,4,1,1,1,8,4,2
5,5,Conv_4a_3x3,1,9,36,4,2,36,0,4,2,0,1,8,4,2
5,5,Conv_4a_3x3,1,9,37,5,2,37,0,4,2,1,1,8,4,2
5,5,Conv_4a_3x3,1,9,38,4,3,38,0,4,3,0,1,8,4,2
5,5,Conv_4a_3x3,1,9,39,5,3,39,0,4,3,1,1,8,4,2
5,5,Conv_4a_3x3,1,10,40,4,4,40,0,5,0,0,1,8,4,2
5,5,Conv_4a_3x3,1,10,41,5,4,41,0,5,0,1,1,8,4,2
5,5,Conv_4a_3x3,1,10,42,4,5,42,0,5,1,0,1,8,4,2
5,5,Conv_4a_3x3,1,10,43,5,5,43,0,5,1,1,1,8,4,2
5,5,Conv_4a_3x3,1,11,44,4,6,44,0,5,2,0,1,8,4,2
5,5,Conv_4a_3x3,1,11,45,5,6,45,0,5,2,1,1,8,4,2
5,5,Conv_4a_3x3,1,11,46,4,7,46,0,5,3,0,1,8,4,2
5,5,Conv_4a_3x3,1,11,47,5,7,47,0,5,3,1,1,8,4,2
5,5,Conv_4a_3x3,1,15,48,6,7,48,0,6,0,0,1,8,4,2
5,5,Conv_4a_3x3,1,15,49,7,7,49,0,6,0,1,1,8,4,2
5,5,Conv_4a_3x3,1,15,50,6,6,50,0,6,1,0,1,8,4,2
5,5,Conv_4a_3x3,1,15,51,7,6,51,0,6,1,1,1,8,4,2
5,5,Conv_4a_3x3,1,14,52,6,5,52,0,6,2,0,1,8,4,2
5,5,Conv_4a_3x3,1,14,53,7,5,53,0,6,2,1,1,8,4,2
5,5,Conv_4a_3x3,1,14,54,6,4,54,0,6,3,0,1,8,4,2
5,5,Conv_4a_3x3,1,14,55,7,4,55,0,6,3,1,1,8,4,2
5,5,Conv_4a_3x3,1,13,56,6,3,56,0,7,0,0,1,8,4,2
5,5,Conv_4a_3x3,1,13,57,7,3,57,0,7,0,1,1,8,4,2
5,5,Conv_4a_3x3,1,13,58,6,2,58,0,7,1,0,1,8,4,2
5,5,Conv_4a_3x3,1,13,59,7,2,59,0,7,1,1,1,8,4,2
5,5,Conv_4a_3x3,1,12,60,6,1,60,0,7,2,0,1,8,4,2
5,5,Conv_4a_3x3,1,12,61,7,1,61,0,7,2,1,1,8,4,2
5,5,Conv_4a_3x3,1,12,62,6,0,62,0,7,3,0,1,8,4,2
5,5,Conv_4a_3x3,1,12,63,7,0,63,0,7,3,1,1,8,4,2
6,6,Conv_4b_3x3,2,0,0,0,0,0,0,0,0,0,2,8,1,4
6,6,Conv_4b_3x3,2,0,1,1,0,1,0,0,0,1,2,8,1,4
6,6,Conv_4b_3x3,2,0,2,0,1,2,0,0,0,2,2,8,1,4
6,6,Conv_4b_3x3,2,0,3,1,1,3,0,0,0,3,2,8,1,4
6,6,Conv_4b_3x3,2,1,4,0,2,32,1,0,0,0,2,8,1,4
6,6,Conv_4b_3x3,2,1,5,1,2,33,1,0,0,1,2,8,1,4
6,6,Conv_4b_3x3,2,1,6,0,3,34,1,0,0,2,2,8,1,4
6,6,Conv_4b_3x3,2,1,7,1,3,35,1,0,0,3,2,8,1,4
6,6,Conv_4b_3x3,2,2,8,0,4,4,0,1,0,0,2,8,1,4
6,6,Conv_4b_3x3,2,2,9,1,4,5,0,1,0,1,2,8,1,4
6,6,Conv_4b_3x3,2,2,10,0,5,6,0,1,0,2,2,8,1,4
6,6,Conv_4b_3x3,2,2,11,1,5,7,0,1,0,3,2,8,1,4
6,6,Conv_4b_3x3,2,3,12,0,6,36,1,1,0,0,2,8,1,4
6,6,Conv_4b_3x3,2,3,13,1,6,37,1,1,0,1,2,8,1,4
6,6,Conv_4b_3x3,2,3,14,0,7,38,1,1,0,2,2,8,1,4
6,6,Conv_4b_3x3,2,3,15,1,7,39,1,1,0,3,2,8,1,4
6,6,Conv_4b_3x3,2,7,16,2,7,8,0,2,0,0,2,8,1,4
6,6,Conv_4b_3x3,2,7,17,3,7,9,0,2,0,1,2,8,1,4
6,6,Conv_4b_3x3,2,7,18,2,6,10,0,2,0,2,2,8,1,4
6,6,Conv_4b_3x3,2,7,19,3,6,11,0,2,0,3,2,8,1,4
6,6,Conv_4b_3x3,2,6,20,2,5,40,1,2,0,0,2,8,1,4
6,6,Conv_4b_3x3,2,6,21,3,5,41,1,2,0,1,2,8,1,4
6,6,Conv_4b_3x3,2,6,22,2,4,42,1,2,0,2,2,8,1,4
6,6,Conv_4b_3x3,2,6,23,3,4,43,1,2,0,3,2,8,1,4
6,6,Conv_4b_3x3,2,5,24,2,3,12,0,3,0,0,2,8,1,4
6,6,Conv_4b_3x3,2,5,25,3,3,13,0,3,0,1,2,8,1,4
6,6,Conv_4b_3x3,2,5,26,2,2,14,0,3,0,2,2,8,1,4
6,6,Conv_4b_3x3,2,5,27,3,2,15,0,3,0,3,2,8,1,4
6,6,Conv_4b_3x3,2,4,28,2,1,44,1,3,0,0,2,8,1,4
6,6,Conv_4b_3x3,2,4,29,3,1,45,1,3,0,1,2,8,1,4
6,6,Conv_4b_3x3,2,4,30,2,0,46,1,3,0,2,2,8,1,4
6,6,Conv_4b_3x3,2,4,31,3,0,47,1,3,0,3,2,8,1,4
6,6,Conv_4b_3x3,2,8,32,4,0,16,0,4,0,0,2,8,1,4
6,6,Conv_4b_3x3,2,8,33,5,0,17,0,4,0,1,2,8,1,4
6,6,Conv_4b_3x3,2,8,34,4,1,18,0,4,0,2,2,8,1,4
6,6,Conv_4b_3x3,2,8,35,5,1,19,0,4,0,3,2,8,1,4
6,6,Conv_4b_3x3,2,9,36,4,2,48,1,4,0,0,2,8,1,4
6,6,Conv_4b_3x3,2,9,37,5,2,49,1,4,0,1,2,8,1,4
6,6,Conv_4b_3x3,2,9,38,4,3,50,1,4,0,2,2,8,1,4
6,6,Conv_4b_3x3,2,9,39,5,3,51,1,4,0,3,2,8,1,4
6,6,Conv_4b_3x3,2,10,40,4,4,20,0,5,0,0,2,8,1,4
6,6,Conv_4b_3x3,2,10,41,5,4,21,0,5,0,1,2,8,1,4
6,6,Conv_4b_3x3,2,10,42,4,5,22,0,5,0,2,2,8,1,4
6,6,Conv_4b_3x3,2,10,43,5,5,23,0,5,0,3,2,8,1,4
6,6,Conv_4b_3x3,2,11,44,4,6,52,1,5,0,0,2,8,1,4
6,6,Conv_4b_3x3,2,11,45,5,6,53,1,5,0,1,2,8,1,4
6,6,Conv_4b_3x3,2,11,46,4,7,54,1,5,0,2,2,8,1,4
6,6,Conv_4b_3x3,2,11,47,5,7,55,1,5,0,3,2,8,1,4
6,6,Conv_4b_3x3,2,15,48,6,7,24,0,6,0,0,2,8,1,4
6,6,Conv_4b_3x3,2,15,49,7,7,25,0,6,0,1,2,8,1,4
6,6,Conv_4b_3x3,2,15,50,6,6,26,0,6,0,2,2,8,1,4
6,6,Conv_4b_3x3,2,15,51,7,6,27,0,6,0,3,2,8,1,4
6,6,Conv_4b_3x3,2,14,52,6,5,56,1,6,0,0,2,8,1,4
6,6,Conv_4b_3x3,2,14,53,7,5,57,1,6,0,1,2,8,1,4
6,6,Conv_4b_3x3,2,14,54,6,4,58,1,6,0,2,2,8,1,4
6,6,Conv_4b_3x3,2,14,55,7,4,59,1,6,0,3,2,8,1,4
6,6,Conv_4b_3x3,2,13,56,6,3,28,0,7,0,0,2,8,1,4
6,6,Conv_4b_3x3,2,13,57,7,3,29,0,7,0,1,2,8,1,4
6,6,Conv_4b_3x3,2,13,58,6,2,30,0,7,0,2,2,8,1,4
6,6,Conv_4b_3x3,2,13,59,7,2,31,0,7,0,3,2,8,1,4
6,6,Conv_4b_3x3,2,12,60,6,1,60,1,7,0,0,2,8,1,4
6,6,Conv_4b_3x3,2,12,61,7,1,61,1,7,0,1,2,8,1,4
6,6,Conv_4b_3x3,2,12,62,6,0,62,1,7,0,2,2,8,1,4
6,6,Conv_4b_3x3,2,12,63,7,0,63,1,7,0,3,2,8,1,4
7,7,A1_Conv_1a_1x1,4,0,0,0,0,0,0,0,0,0,4,1,4,4
7,7,A1_Conv_1a_1x1,4,0,1,1,0,1,0,0,0,1,4,1,4,4
7,7,A1_Conv_1a_1x1,4,0,2,0,1,2,0,0,0,2,4,1,4,4
7,7,A1_Conv_1a_1x1,4,0,3,1,1,3,0,0,0,3,4,1,4,4
7,7,A1_Conv_1a_1x1,4,1,4,0,2,4,0,0,1,0,4,1,4,4
7,7,A1_Conv_1a_1x1,4,1,5,1,2,5,0,0,1,1,4,1,4,4
7,7,A1_Conv_1a_1x1,4,1,6,0,3,6,0,0,1,2,4,1,4,4
7,7,A1_Conv_1a_1x1,4,1,7,1,3,7,0,0,1,3,4,1,4,4
7,7,A1_Conv_1a_1x1,4,2,8,0,4,8,0,0,2,0,4,1,4,4
7,7,A1_Conv_1a_1x1,4,2,9,1,4,9,0,0,2,1,4,1,4,4
7,7,A1_Conv_1a_1x1,4,2,10,0,5,10,0,0,2,2,4,1,4,4
7,7,A1_Conv_1a_1x1,4,2,11,1,5,11,0,0,2,3,4,1,4,4
7,7,A1_Conv_1a_1x1,4,3,12,0,6,12,0,0,3,0,4,1,4,4
7,7,A1_Conv_1a_1x1,4,3,13,1,6,13,0,0,3,1,4,1,4,4
7,7,A1_Conv_1a_1x1,4,3,14,0,7,14,0,0,3,2,4,1,4,4
7,7,A1_Conv_1a_1x1,4,3,15,1,7,15,0,0,3,3,4,1,4,4
7,7,A1_Conv_1a_1x1,4,7,16,2,7,16,1,0,0,0,4,1,4,4
7,7,A1_Conv_1a_1x1,4,7,17,3,7,17,1,0,0,1,4,1,4,4
7,7,A1_Conv_1a_1x1,4,7,18,2,6,18,1,0,0,2,4,1,4,4
7,7,A1_Conv_1a_1x1,4,7,19,3,6,19,1,0,0,3,4,1,4,4
7,7,A1_Conv_1a_1x1,4,6,20,2,5,20,1,0,1,0,4,1,4,4
7,7,A1_Conv_1a_1x1,4,6,21,3,5,21,1,0,1,1,4,1,4,4
7,7,A1_Conv_1a_1x1,4,6,22,2,4,22,1,0,1,2,4,1,4,4
7,7,A1_Conv_1a_1x1,4,6,23,3,4,23,1,0,1,3,4,1,4,4
7,7,A1_Conv_1a_1x1,4,5,24,2,3,24,1,0,2,0,4,1,4,4
7,7,A1_Conv_1a_1x1,4,5,25,3,3,25,1,0,2,1,4,1,4,4
7,7,A1_Conv_1a_1x1,4,5,26,2,2,26,1,0,2,2,4,1,4,4
7,7,A1_Conv_1a_1x1,4,5,27,3,2,27,1,0,2,3,4,1,4,4
7,7,A1_Conv_1a_1x1,4,4,28,2,1,28,1,0,3,0,4,1,4,4
7,7,A1_Conv_1a_1x1,4,4,29,3,1,29,1,0,3,1,4,1,4,4
7,7,A1_Conv_1a_1x1,4,4,30,2,0,30,1,0,3,2,4,1,4,4
7,7,A1_Conv_1a_1x1,4,4,31,3,0,31,1,0,3,3,4,1,4,4
7,7,A1_Conv_1a_1x1,4,8,32,4,0,32,2,0,0,0,4,1,4,4
7,7,A1_Conv_1a_1x1,4,8,33,5,0,33,2,0,0,1,4,1,4,4
7,7,A1_Conv_1a_1x1,4,8,34,4,1,34,2,0,0,2,4,1,4,4
7,7,A1_Conv_1a_1x1,4,8,35,5,1,35,2,0,0,3,4,1,4,4
7,7,A1_Conv_1a_1x1,4,9,36,4,2,36,2,0,1,0,4,1,4,4
7,7,A1_Conv_1a_1x1,4,9,37,5,2,37,2,0,1,1,4,1,4,4
7,7,A1_Conv_1a_1x1,4,9,38,4,3,38,2,0,1,2,4,1,4,4
7,7,A1_Conv_1a_1x1,4,9,39,5,3,39,2,0,1,3,4,1,4,4
7,7,A1_Conv_1a_1x1,4,10,40,4,4,40,2,0,2,0,4,1,4,4
7,7,A1_Conv_1a_1x1,4,10,41,5,4,41,2,0,2,1,4,1,4,4
7,7,A1_Conv_1a_1x1,4,10,42,4,5,42,2,0,2,2,4,1,4,4
7,7,A1_Conv_1a_1x1,4,10,43,5,5,43,2,0,2,3,4,1,4,4
7,7,A1_Conv_1a_1x1,4,11,44,4,6,44,2,0,3,0,4,1,4,4
7,7,A1_Conv_1a_1x1,4,11,45,5,6,45,2,0,3,1,4,1,4,4
7,7,A1_Conv_1a_1x1,4,11,46,4,7,46,2,0,3,2,4,1,4,4
7,7,A1_Conv_1a_1x1,4,11,47,5,7,47,2,0,3,3,4,1,4,4
7,7,A1_Conv_1a_1x1,4,15,48,6,7,48,3,0,0,0,4,1,4,4
7,7,A1_Conv_1a_1x1,4,15,49,7,7,49,3,0,0,1,4,1,4,4
7,7,A1_Conv_1a_1x1,4,15,50,6,6,50,3,0,0,2,4,1,4,4
7,7,A1_Conv_1a_1x1,4,15,51,7,6,51,3,0,0,3,4,1,4,4
7,7,A1_Conv_1a_1x1,4,14,52,6,5,52,3,0,1,0,4,1,4,4
7,7,A1_Conv_1a_1x1,4,14,53,7,5,53,3,0,1,1,4,1,4,4
7,7,A1_Conv_1a_1x1,4,14,54,6,4,54,3,0,1,2,4,1,4,4
7,7,A1_Conv_1a_1x1,4,14,55,7,4,55,3,0,1,3,4,1,4,4
7,7,A1_Conv_1a_1x1,4,13,56,6,3,56,3,0,2,0,4,1,4,4
7,7,A1_Conv_1a_1x1,4,13,57,7,3,57,3,0,2,1,4,1,4,4
7,7,A1_Conv_1a_1x1,4,13,58,6,2,58,3,0,2,2,4,1,4,4
7,7,A1_Conv_1a_1x1,4,13,59,7,2,59,3,0,2,3,4,1,4,4
7,7,A1_Conv_1a_1x1,4,12,60,6,1,60,3,0,3,0,4,1,4,4
7,7,A1_Conv_1a_1x1,4,12,61,7,1,61,3,0,3,1,4,1,4,4
7,7,A1_Conv_1a_1x1,4,12,62,6,0,62,3,0,3,2,4,1,4,4
7,7,A1_Conv_1a_1x1,4,12,63,7,0,63,3,0,3,3,4,1,4,4
8,8,A1_Conv_2a_1x1,4,0,0,0,0,0,0,0,0,0,4,1,4,4
8,8,A1_Conv_2a_1x1,4,0,1,1,0,1,0,0,0,1,4,1,4,4
8,8,A1_Conv_2a_1x1,4,0,2,0,1,2,0,0,0,2,4,1,4,4
8,8,A1_Conv_2a_1x1,4,0,3,1,1,3,0,0,0,3,4,1,4,4
8,8,A1_Conv_2a_1x1,4,1,4,0,2,4,0,0,1,0,4,1,4,4
8,8,A1_Conv_2a_1x1,4,1,5,1,2,5,0,0,1,1,4,1,4,4
8,8,A1_Conv_2a_1x1,4,1,6,0,3,6,0,0,1,2,4,1,4,4
8,8,A1_Conv_2a_1x1,4,1,7,1,3,7,0,0,1,3,4,1,4,4
8,8,A1_Conv_2a_1x1,4,2,8,0,4,8,0,0,2,0,4,1,4,4
8,8,A1_Conv_2a_1x1,4,2,9,1,4,9,0,0,2,1,4,1,4,4
8,8,A1_Conv_2a_1x1,4,2,10,0,5,10,0,0,2,2,4,1,4,4
8,8,A1_Conv_2a_1x1,4,2,11,1,5,11,0,0,2,3,4,1,4,4
8,8,A1_Conv_2a_1x1,4,3,12,0,6,12,0,0,3,0,4,1,4,4
8,8,A1_Conv_2a_1x1,4,3,13,1,6,13,0,0,3,1,4,1,4,4
8,8,A1_Conv_2a_1x1,4,3,14,0,7,14,0,0,3,2,4,1,4,4
8,8,A1_Conv_2a_1x1,4,3,15,1,7,15,0,0,3,3,4,1,4,4
8,8,A1_Conv_2a_1x1,4,7,16,2,7,16,1,0,0,0,4,1,4,4
8,8,A1_Conv_2a_1x1,4,7,17,3,7,17,1,0,0,1,4,1,4,4
8,8,A1_Conv_2a_1x1,4,7,18,2,6,18,1,0,0,2,4,1,4,4
8,8,A1_Conv_2a_1x1,4,7,19,3,6,19,1,0,0,3,4,1,4,4
8,8,A1_Conv_2a_1x1,4,6,20,2,5,20,1,0,1,0,4,1,4,4
8,8,A1_Conv_2a_1x1,4,6,21,3,5,21,1,0,1,1,4,1,4,4
8,8,A1_Conv_2a_1x1,4,6,22,2,4,22,1,0,1,2,4,1,4,4
8,8,A1_Conv_2a_1x1,4,6,23,3,4,23,1,0,1,3,4,1,4,4
8,8,A1_Conv_2a_1x1,4,5,24,2,3,24,1,0,2,0,4,1,4,4
8,8,A1_Conv_2a_1x1,4,5,25,3,3,25,1,0,2,1,4,1,4,4
8,8,A1_Conv_2a_1x1,4,5,26,2,2,26,1,0,2,2,4,1,4,4
8,8,A1_Conv_2a_1x1,4,5,27,3,2,27,1,0,2,3,4,1,4,4
8,8,A1_Conv_2a_1x1,4,4,28,2,1,28,1,0,3,0,4,1,4,4
8,8,A1_Conv_2a_1x1,4,4,29,3,1,29,1,0,3,1,4,1,4,4
8,8,A1_Conv_2a_1x1,4,4,30,2,0,30,1,0,3,2,4,1,4,4
8,8,A1_Conv_2a_1x1,4,4,31,3,0,31,1,0,3,3,4,1,4,4
8,8,A1_Conv_2a_1x1,4,8,32,4,0,32,2,0,0,0,4,1,4,4
8,8,A1_Conv_2a_1x1,4,8,33,5,0,33,2,0,0,1,4,1,4,4
8,8,A1_Conv_2a_1x1,4,8,34,4,1,34,2,0,0,2,4,1,4,4
8,8,A1_Conv_2a_1x1,4,8,35,5,1,35,2,0,0,3,4,1,4,4
8,8,A1_Conv_2a_1x1,4,9,36,4,2,36,2,0,1,0,4,1,4,4
8,8,A1_Conv_2a_1x1,4,9,37,5,2,37,2,0,1,1,4,1,4,4
8,8,A1_Conv_2a_1x1,4,9,38,4,3,38,2,0,1,2,4,1,4,4
8,8,A1_Conv_2a_1x1,4,9,39,5,3,39,2,0,1,3,4,1,4,4
8,8,A1_Conv_2a_1x1,4,10,40,4,4,40,2,0,2,0,4,1,4,4
8,8,A1_Conv_2a_1x1,4,10,41,5,4,41,2,0,2,1,4,1,4,4
8,8,A1_Conv_2a_1x1,4,10,42,4,5,42,2,0,2,2,4,1,4,4
8,8,A1_Conv_2a_1x1,4,10,43,5,5,43,2,0,2,3,4,1,4,4
8,8,A1_Conv_2a_1x1,4,11,44,4,6,44,2,0,3,0,4,1,4,4
8,8,A1_Conv_2a_1x1,4,11,45,5,6,45,2,0,3,1,4,1,4,4
8,8,A1_Conv_2a_1x1,4,11,46,4,7,46,2,0,3,2,4,1,4,4
8,8,A1_Conv_2a_1x1,4,11,47,5,7,47,2,0,3,3,4,1,4,4
8,8,A1_Conv_2a_1x1,4,15,48,6,7,48,3,0,0,0,4,1,4,4
8,8,A1_Conv_2a_1x1,4,15,49,7,7,49,3,0,0,1,4,1,4,4
8,8,A1_Conv_2a_1x1,4,15,50,6,6,50,3,0,0,2,4,1,4,4
8,8,A1_Conv_2a_1x1,4,15,51,7,6,51,3,0,0,3,4,1,4,4
8,8,A1_Conv_2a_1x1,4,14,52,6,5,52,3,0,1,0,4,1,4,4
8,8,A1_Conv_2a_1x1,4,14,53,7,5,53,3,0,1,1,4,1,4,4
8,8,A1_Conv_2a_1x1,4,14,54,6,4,54,3,0,1,2,4,1,4,4
8,8,A1_Conv_2a_1x1,4,14,55,7,4,55,3,0,1,3,4,1,4,4
8,8,A1_Conv_2a_1x1,4,13,56,6,3,56,3,0,2,0,4,1,4,4
8,8,A1_Conv_2a_1x1,4,13,57,7,3,57,3,0,2,1,4,1,4,4
8,8,A1_Conv_2a_1x1,4,13,58,6,2,58,3,0,2,2,4,1,4,4
8,8,A1_Conv_2a_1x1,4,13,59,7,2,59,3,0,2,3,4,1,4,4
8,8,A1_Conv_2a_1x1,4,12,60,6,1,60,3,0,3,0,4,1,4,4
8,8,A1_Conv_2a_1x1,4,12,61,7,1,61,3,0,3,1,4,1,4,4
8,8,A1_Conv_2a_1x1,4,12,62,6,0,62,3,0,3,2,4,1,4,4
8,8,A1_Conv_2a_1x1,4,12,63,7,0,63,3,0,3,3,4,1,4,4
9,9,A1_Conv_2b_3x3,4,0,0,0,0,0,0,0,0,0,4,1,4,4
9,9,A1_Conv_2b_3x3,4,0,1,1,0,1,0,0,0,1,4,1,4,4
9,9,A1_Conv_2b_3x3,4,0,2,0,1,2,0,0,0,2,4,1,4,4
9,9,A1_Conv_2b_3x3,4,0,3,1,1,3,0,0,0,3,4,1,4,4
9,9,A1_Conv_2b_3x3,4,1,4,0,2,4,0,0,1,0,4,1,4,4
9,9,A1_Conv_2b_3x3,4,1,5,1,2,5,0,0,1,1,4,1,4,4
9,9,A1_Conv_2b_3x3,4,1,6,0,3,6,0,0,1,2,4,1,4,4
9,9,A1_Conv_2b_3x3,4,1,7,1,3,7,0,0,1,3,4,1,4,4
9,9,A1_Conv_2b_3x3,4,2,8,0,4,8,0,0,2,0,4,1,4,4
9,9,A1_Conv_2b_3x3,4,2,9,1,4,9,0,0,2,1,4,1,4,4
9,9,A1_Conv_2b_3x3,4,2,10,0,5,10,0,0,2,2,4,1,4,4
9,9,A1_Conv_2b_3x3,4,2,11,1,5,11,0,0,2,3,4,1,4,4
9,9,A1_Conv_2b_3x3,4,3,12,0,6,12,0,0,3,0,4,1,4,4
9,9,A1_Conv_2b_3x3,4,3,13,1,6,13,0,0,3,1,4,1,4,4
9,9,A1_Conv_2b_3x3,4,3,14,0,7,14,0,0,3,2,4,1,4,4
9,9,A1_Conv_2b_3x3,4,3,15,1,7,15,0,0,3,3,4,1,4,4
9,9,A1_Conv_2b_3x3,4,7,16,2,7,16,1,0,0,0,4,1,4,4
9,9,A1_Conv_2b_3x3,4,7,17,3,7,17,1,0,0,1,4,1,4,4
9,9,A1_Conv_2b_3x3,4,7,18,2,6,18,1,0,0,2,4,1,4,4
9,9,A1_Conv_2b_3x3,4,7,19,3,6,19,1,0,0,3,4,1,4,4
9,9,A1_Conv_2b_3x3,4,6,20,2,5,20,1,0,1,0,4,1,4,4
9,9,A1_Conv_2b_3x3,4,6,21,3,5,21,1,0,1,1,4,1,4,4
9,9,A1_Conv_2b_3x3,4,6,22,2,4,22,1,0,1,2,4,1,4,4
9,9,A1_Conv_2b_3x3,4,6,23,3,4,23,1,0,1,3,4,1,4,4
9,9,A1_Conv_2b_3x3,4,5,24,2,3,24,1,0,2,0,4,1,4,4
9,9,A1_Conv_2b_3x3,4,5,25,3,3,25,1,0,2,1,4,1,4,4
9,9,A1_Conv_2b_3x3,4,5,26,2,2,26,1,0,2,2,4,1,4,4
9,9,A1_Conv_2b_3x3,4,5,27,3,2,27,1,0,2,3,4,1,4,4
9,9,A1_Conv_2b_3x3,4,4,28,2,1,28,1,0,3,0,4,1,4,4
9,9,A1_Conv_2b_3x3,4,4,29,3,1,29,1,0,3,1,4,1,4,4
9,9,A1_Conv_2b_3x3,4,4,30,2,0,30,1,0,3,2,4,1,4,4
9,9,A1_Conv_2b_3x3,4,4,31,3,0,31,1,0,3,3,4,1,4,4
9,9,A1_Conv_2b_3x3,4,8,32,4,0,32,2,0,0,0,4,1,4,4
9,9,A1_Conv_2b_3x3,4,8,33,5,0,33,2,0,0,1,4,1,4,4
9,9,A1_Conv_2b_3x3,4,8,34,4,1,34,2,0,0,2,4,1,4,4
9,9,A1_Conv_2b_3x3,4,8,35,5,1,35,2,0,0,3,4,1,4,4
9,9,A1_Conv_2b_3x3,4,9,36,4,2,36,2,0,1,0,4,1,4,4
9,9,A1_Conv_2b_3x3,4,9,37,5,2,37,2,0,1,1,4,1,4,4
9,9,A1_Conv_2b_3x3,4,9,38,4,3,38,2,0,1,2,4,1,4,4
9,9,A1_Conv_2b_3x3,4,9,39,5,3,39,2,0,1,3,4,1,4,4
9,9,A1_Conv_2b_3x3,4,10,40,4,4,40,2,0,2,0,4,1,4,4
9,9,A1_Conv_2b_3x3,4,10,41,5,4,41,2,0,2,1,4,1,4,4
9,9,A1_Conv_2b_3x3,4,10,42,4,5,42,2,0,2,2,4,1,4,4
9,9,A1_Conv_2b_3x3,4,10,43,5,5,43,2,0,2,3,4,1,4,4
9,9,A1_Conv_2b_3x3,4,11,44,4,6,44,2,0,3,0,4,1,4,4
9,9,A1_Conv_2b_3x3,4,11,45,5,6,45,2,0,3,1,4,1,4,4
9,9,A1_Conv_2b_3x3,4,11,46,4,7,46,2,0,3,2,4,1,4,4
9,9,A1_Conv_2b_3x3,4,11,47,5,7,47,2,0,3,3,4,1,4,4
9,9,A1_Conv_2b_3x3,4,15,48,6,7,48,3,0,0,0,4,1,4,4
9,9,A1_Conv_2b_3x3,4,15,49,7,7,49,3,0,0,1,4,1,4,4
9,9,A1_Conv_2b_3x3,4,15,50,6,6,50,3,0,0,2,4,1,4,4
9,9,A1_Conv_2b_3x3,4,15,51,7,6,51,3,0,0,3,4,1,4,4
9,9,A1_Conv_2b_3x3,4,14,52,6,5,52,3,0,1,0,4,1,4,4
9,9,A1_Conv_2b_3x3,4,14,53,7,5,53,3,0,1,1,4,1,4,4
9,9,A1_Conv_2b_3x3,4,14,54,6,4,54,3,0,1,2,4,1,4,4
9,9,A1_Conv_2b_3x3,4,14,55,7,4,55,3,0,1,3,4,1,4,4
9,9,A1_Conv_2b_3x3,4,13,56,6,3,56,3,0,2,0,4,1,4,4
9,9,A1_Conv_2b_3x3,4,13,57,7,3,57,3,0,2,1,4,1,4,4
9,9,A1_Conv_2b_3x3,4,13,58,6,2,58,3,0,2,2,4,1,4,4
9,9,A1_Conv_2b_3x3,4,13,59,7,2,59,3,0,2,3,4,1,4,4
9,9,A1_Conv_2b_3x3,4,12,60,6,1,60,3,0,3,0,4,1,4,4
9,9,A1_Conv_2b_3x3,4,12,61,7,1,61,3,0,3,1,4,1,4,4
9,9,A1_Conv_2b_3x3,4,12,62,6,0,62,3,0,3,2,4,1,4,4
9,9,A1_Conv_2b_3x3,4,12,63,7,0,63,3,0,3,3,4,1,4,4
10,10,A1_Conv_3a_1x1,4,0,0,0,0,0,0,0,0,0,4,1,4,4
10,10,A1_Conv_3a_1x1,4,0,1,1,0,1,0,0,0,1,4,1,4,4
10,10,A1_Conv_3a_1x1,4,0,2,0,1,2,0,0,0,2,4,1,4,4
10,10,A1_Conv_3a_1x1,4,0,3,1,1,3,0,0,0,3,4,1,4,4
10,10,A1_Conv_3a_1x1,4,1,4,0,2,4,0,0,1,0,4,1,4,4
10,10,A1_Conv_3a_1x1,4,1,5,1,2,5,0,0,1,1,4,1,4,4
10,10,A1_Conv_3a_1x1,4,1,6,0,3,6,0,0,1,2,4,1,4,4
10,10,A1_Conv_3a_1x1,4,1,7,1,3,7,0,0,1,3,4,1,4,4
10,10,A1_Conv_3a_1x1,4,2,8,0,4,8,0,0,2,0,4,1,4,4
10,10,A1_Conv_3a_1x1,4,2,9,1,4,9,0,0,2,1,4,1,4,4
10,10,A1_Conv_3a_1x1,4,2,10,0,5,10,0,0,2,2,4,1,4,4
10,10,A1_Conv_3a_1x1,4,2,11,1,5,11,0,0,2,3,4,1,4,4
10,10,A1_Conv_3a_1x1,4,3,12,0,6,12,0,0,3,0,4,1,4,4
10,10,A1_Conv_3a_1x1,4,3,13,1,6,13,0,0,3,1,4,1,4,4
10,10,A1_Conv_3a_1x1,4,3,14,0,7,14,0,0,3,2,4,1,4,4
10,10,A1_Conv_3a_1x1,4,3,15,1,7,15,0,0,3,3,4,1,4,4
10,10,A1_Conv_3a_1x1,4,7,16,2,7,16,1,0,0,0,4,1,4,4
10,10,A1_Conv_3a_1x1,4,7,17,3,7,17,1,0,0,1,4,1,4,4
10,10,A1_Conv_3a_1x1,4,7,18,2,6,18,1,0,0,2,4,1,4,4
10,10,A1_Conv_3a_1x1,4,7,19,3,6,19,1,0,0,3,4,1,4,4
10,10,A1_Conv_3a_1x1,4,6,20,2,5,20,1,0,1,0,4,1,4,4
10,10,A1_Conv_3a_1x1,4,6,21,3,5,21,1,0,1,1,4,1,4,4
10,10,A1_Conv_3a_1x1,4,6,22,2,4,22,1,0,1,2,4,1,4,4
10,10,A1_Conv_3a_1x1,4,6,23,3,4,23,1,0,1,3,4,1,4,4
10,10,A1_Conv_3a_1x1,4,5,24,2,3,24,1,0,2,0,4,1,4,4
10,10,A1_Conv_3a_1x1,4,5,25,3,3,25,1,0,2,1,4,1,4,4
10,10,A1_Conv_3a_1x1,4,5,26,2,2,26,1,0,2,2,4,1,4,4
10,10,A1_Conv_3a_1x1,4,5,27,3,2,27,1,0,2,3,4,1,4,4
10,10,A1_Conv_3a_1x1,4,4,28,2,1,28,1,0,3,0,4,1,4,4
10,10,A1_Conv_3a_1x1,4,4,29,3,1,29,1,0,3,1,4,1,4,4
10,10,A1_Conv_3a_1x1,4,4,30,2,0,30,1,0,3,2,4,1,4,4
10,10,A1_Conv_3a_1x1,4,4,31,3,0,31,1,0,3,3,4,1,4,4
10,10,A1_Conv_3a_1x1,4,8,32,4,0,32,2,0,0,0,4,1,4,4
10,10,A1_Conv_3a_1x1,4,8,33,5,0,33,2,0,0,1,4,1,4,4
10,10,A1_Conv_3a_1x1,4,8,34,4,1,34,2,0,0,2,4,1,4,4
10,10,A1_Conv_3a_1x1,4,8,35,5,1,35,2,0,0,3,4,1,4,4
10,10,A1_Conv_3a_1x1,4,9,36,4,2,36,2,0,1,0,4,1,4,4
10,10,A1_Conv_3a_1x1,4,9,37,5,2,37,2,0,1,1,4,1,4,4
10,10,A1_Conv_3a_1x1,4,9,38,4,3,38,2,0,1,2,4,1,4,4
10,10,A1_Conv_3a_1x1,4,9,39,5,3,39,2,0,1,3,4,1,4,4
10,10,A1_Conv_3a_1x1,4,10,40,4,4,40,2,0,2,0,4,1,4,4
10,10,A1_Conv_3a_1x1,4,10,41,5,4,41,2,0,2,1,4,1,4,4
10,10,A1_Conv_3a_1x1,4,10,42,4,5,42,2,0,2,2,4,1,4,4
10,10,A1_Conv_3a_1x1,4,10,43,5,5,43,2,0,2,3,4,1,4,4
10,10,A1_Conv_3a_1x1,4,11,44,4,6,44,2,0,3,0,4,1,4,4
10,10,A1_Conv_3a_1x1,4,11,45,5,6,45,2,0,3,1,4,1,4,4
10,10,A1_Conv_3a_1x1,4,11,46,4,7,46,2,0,3,2,4,1,4,4
10,10,A1_Conv_3a_1x1,4,11,47,5,7,47,2,0,3,3,4,1,4,4
10,10,A1_Conv_3a_1x1,4,15,48,6,7,48,3,0,0,0,4,1,4,4
10,10,A1_Conv_3a_1x1,4,15,49,7,7,49,3,0,0,1,4,1,4,4
10,10,A1_Conv_3a_1x1,4,15,50,6,6,50,3,0,0,2,4,1,4,4
10,10,A1_Conv_3a_1x1,4,15,51,7,6,51,3,0,0,3,4,1,4,4
10,10,A1_Conv_3a_1x1,4,14,52,6,5,52,3,0,1,0,4,1,4,4
10,10,A1_Conv_3a_1x1,4,14,53,7,5,53,3,0,1,1,4,1,4,4
10,10,A1_Conv_3a_1x1,4,14,54,6,4,54,3,0,1,2,4,1,4,4
10,10,A1_Conv_3a_1x1,4,14,55,7,4,55,3,0,1,3,4,1,4,4
10,10,A1_Conv_3a_1x1,4,13,56,6,3,56,3,0,2,0,4,1,4,4
10,10,A1_Conv_3a_1x1,4,13,57,7,3,57,3,0,2,1,4,1,4,4
10,10,A1_Conv_3a_1x1,4,13,58,6,2,58,3,0,2,2,4,1,4,4
10,10,A1_Conv_3a_1x1,4,13,59,7,2,59,3,0,2,3,4,1,4,4
10,10,A1_Conv_3a_1x1,4,12,60,6,1,60,3,0,3,0,4,1,4,4
10,10,A1_Conv_3a_1x1,4,12,61,7,1,61,3,0,3,1,4,1,4,4
10,10,A1_Conv_3a_1x1,4,12,62,6,0,62,3,0,3,2,4,1,4,4
10,10,A1_Conv_3a_1x1,4,12,63,7,0,63,3,0,3,3,4,1,4,4
11,11,A1_Conv_3b_3x3,4,0,0,0,0,0,0,0,0,0,4,1,4,4
11,11,A1_Conv_3b_3x3,4,0,1,1,0,1,0,0,0,1,4,1,4,4
11,11,A1_Conv_3b_3x3,4,0,2,0,1,2,0,0,0,2,4,1,4,4
11,11,A1_Conv_3b_3x3,4,0,3,1,1,3,0,0,0,3,4,1,4,4
11,11,A1_Conv_3b_3x3,4,1,4,0,2,4,0,0,1,0,4,1,4,4
11,11,A1_Conv_3b_3x3,4,1,5,1,2,5,0,0,1,1,4,1,4,4
11,11,A1_Conv_3b_3x3,4,1,6,0,3,6,0,0,1,2,4,1,4,4
11,11,A1_Conv_3b_3x3,4,1,7,1,3,7,0,0,1,3,4,1,4,4
11,11,A1_Conv_3b_3x3,4,2,8,0,4,8,0,0,2,0,4,1,4,4
11,11,A1_Conv_3b_3x3,4,2,9,1,4,9,0,0,2,1,4,1,4,4
11,11,A1_Conv_3b_3x3,4,2,10,0,5,10,0,0,2,2,4,1,4,4
11,11,A1_Conv_3b_3x3,4,2,11,1,5,11,0,0,2,3,4,1,4,4
11,11,A1_Conv_3b_3x3,4,3,12,0,6,12,0,0,3,0,4,1,4,4
11,11,A1_Conv_3b_3x3,4,3,13,1,6,13,0,0,3,1,4,1,4,4
11,11,A1_Conv_3b_3x3,4,3,14,0,7,14,0,0,3,2,4,1,4,4
11,11,A1_Conv_3b_3x3,4,3,15,1,7,15,0,0,3,3,4,1,4,4
11,11,A1_Conv_3b_3x3,4,7,16,2,7,16,1,0,0,0,4,1,4,4
11,11,A1_Conv_3b_3x3,4,7,17,3,7,17,1,0,0,1,4,1,4,4
11,11,A1_Conv_3b_3x3,4,7,18,2,6,18,1,0,0,2,4,1,4,4
11,11,A1_Conv_3b_3x3,4,7,19,3,6,19,1,0,0,3,4,1,4,4
11,11,A1_Conv_3b_3x3,4,6,20,2,5,20,1,0,1,0,4,1,4,4
11,11,A1_Conv_3b_3x3,4,6,21,3,5,21,1,0,1,1,4,1,4,4
11,11,A1_Conv_3b_3x3,4,6,22,2,4,22,1,0,1,2,4,1,4,4
11,11,A1_Conv_3b_3x3,4,6,23,3,4,23,1,0,1,3,4,1,4,4
11,11,A1_Conv_3b_3x3,4,5,24,2,3,24,1,0,2,0,4,1,4,4
11,11,A1_Conv_3b_3x3,4,5,25,3,3,25,1,0,2,1,4,1,4,4
11,11,A1_Conv_3b_3x3,4,5,26,2,2,26,1,0,2,2,4,1,4,4
11,11,A1_Conv_3b_3x3,4,5,27,3,2,27,1,0,2,3,4,1,4,4
11,11,A1_Conv_3b_3x3,4,4,28,2,1,28,1,0,3,0,4,1,4,4
11,11,A1_Conv_3b_3x3,4,4,29,3,1,29,1,0,3,1,4,1,4,4
11,11,A1_Conv_3b_3x3,4,4,30,2,0,30,1,0,3,2,4,1,4,4
11,11,A1_Conv_3b_3x3,4,4,31,3,0,31,1,0,3,3,4,1,4,4
11,11,A1_Conv_3b_3x3,4,8,32,4,0,32,2,0,0,0,4,1,4,4
11,11,A1_Conv_3b_3x3,4,8,33,5,0,33,2,0,0,1,4,1,4,4
11,11,A1_Conv_3b_3x3,4,8,34,4,1,34,2,0,0,2,4,1,4,4
11,11,A1_Conv_3b_3x3,4,8,35,5,1,35,2,0,0,3,4,1,4,4
11,11,A1_Conv_3b_3x3,4,9,36,4,2,36,2,0,1,0,4,1,4,4
11,11,A1_Conv_3b_3x3,4,9,37,5,2,37,2,0,1,1,4,1,4,4
11,11,A1_Conv_3b_3x3,4,9,38,4,3,38,2,0,1,2,4,1,4,4
11,11,A1_Conv_3b_3x3,4,9,39,5,3,39,2,0,1,3,4,1,4,4
11,11,A1_Conv_3b_3x3,4,10,40,4,4,40,2,0,2,0,4,1,4,4
11,11,A1_Conv_3b_3x3,4,10,41,5,4,41,2,0,2,1,4,1,4,4
11,11,A1_Conv_3b_3x3,4,10,42,4,5,42,2,0,2,2,4,1,4,4
11,11,A1_Conv_3b_3x3,4,10,43,5,5,43,2,0,2,3,4,1,4,4
11,11,A1_Conv_3b_3x3,4,11,44,4,6,44,2,0,3,0,4,1,4,4
11,11,A1_Conv_3b_3x3,4,11,45,5,6,45,2,0,3,1,4,1,4,4
11,11,A1_Conv_3b_3x3,4,11,46,4,7,46,2,0,3,2,4,1,4,4
11,11,A1_Conv_3b_3x3,4,11,47,5,7,47,2,0,3,3,4,1,4,4
11,11,A1_Conv_3b_3x3,4,15,48,6,7,48,3,0,0,0,4,1,4,4
11,11,A1_Conv_3b_3x3,4,15,49,7,7,49,3,0,0,1,4,1,4,4
11,11,A1_Conv_3b_3x3,4,15,50,6,6,50,3,0,0,2,4,1,4,4
11,11,A1_Conv_3b_3x3,4,15,51,7,6,51,3,0,0,3,4,1,4,4
11,11,A1_Conv_3b_3x3,4,14,52,6,5,52,3,0,1,0,4,1,4,4
11,11,A1_Conv_3b_3x3,4,14,53,7,5,53,3,0,1,1,4,1,4,4
11,11,A1_Conv_3b_3x3,4,14,54,6,4,54,3,0,1,2,4,1,4,4
11,11,A1_Conv_3b_3x3,4,14,55,7,4,55,3,0,1,3,4,1,4,4
11,11,A1_Conv_3b_3x3,4,13,56,6,3,56,3,0,2,0,4,1,4,4
11,11,A1_Conv_3b_3x3,4,13,57,7,3,57,3,0,2,1,4,1,4,4
11,11,A1_Conv_3b_3x3,4,13,58,6,2,58,3,0,2,2,4,1,4,4
11,11,A1_Conv_3b_3x3,4,13,59,7,2,59,3,0,2,3,4,1,4,4
11,11,A1_Conv_3b_3x3,4,12,60,6,1,60,3,0,3,0,4,1,4,4
11,11,A1_Conv_3b_3x3,4,12,61,7,1,61,3,0,3,1,4,1,4,4
11,11,A1_Conv_3b_3x3,4,12,62,6,0,62,3,0,3,2,4,1,4,4
11,11,A1_Conv_3b_3x3,4,12,63,7,0,63,3,0,3,3,4,1,4,4
12,12,A1_Conv_3c_3x3,4,0,0,0,0,0,0,0,0,0,4,1,4,4
12,12,A1_Conv_3c_3x3,4,0,1,1,0,1,0,0,0,1,4,1,4,4
12,12,A1_Conv_3c_3x3,4,0,2,0,1,2,0,0,0,2,4,1,4,4
12,12,A1_Conv_3c_3x3,4,0,3,1,1,3,0,0,0,3,4,1,4,4
12,12,A1_Conv_3c_3x3,4,1,4,0,2,4,0,0,1,0,4,1,4,4
12,12,A1_Conv_3c_3x3,4,1,5,1,2,5,0,0,1,1,4,1,4,4
12,12,A1_Conv_3c_3x3,4,1,6,0,3,6,0,0,1,2,4,1,4,4
12,12,A1_Conv_3c_3x3,4,1,7,1,3,7,0,0,1,3,4,1,4,4
12,12,A1_Conv_3c_3x3,4,2,8,0,4,8,0,0,2,0,4,1,4,4
12,12,A1_Conv_3c_3x3,4,2,9,1,4,9,0,0,2,1,4,1,4,4
12,12,A1_Conv_3c_3x3,4,2,10,0,5,10,0,0,2,2,4,1,4,4
12,12,A1_Conv_3c_3x3,4,2,11,1,5,11,0,0,2,3,4,1,4,4
12,12,A1_Conv_3c_3x3,4,3,12,0,6,12,0,0,3,0,4,1,4,4
12,12,A1_Conv_3c_3x3,4,3,13,1,6,13,0,0,3,1,4,1,4,4
12,12,A1_Conv_3c_3x3,4,3,14,0,7,14,0,0,3,2,4,1,4,4
12,12,A1_Conv_3c_3x3,4,3,15,1,7,15,0,0,3,3,4,1,4,4
12,12,A1_Conv_3c_3x3,4,7,16,2,7,16,1,0,0,0,4,1,4,4
12,12,A1_Conv_3c_3x3,4,7,17,3,7,17,1,0,0,1,4,1,4,4
12,12,A1_Conv_3c_3x3,4,7,18,2,6,18,1,0,0,2,4,1,4,4
12,12,A1_Conv_3c_3x3,4,7,19,3,6,19,1,0,0,3,4,1,4,4
12,12,A1_Conv_3c_3x3,4,6,20,2,5,20,1,0,1,0,4,1,4,4
12,12,A1_Conv_3c_3x3,4,6,21,3,5,21,1,0,1,1,4,1,4,4
12,12,A1_Conv_3c_3x3,4,6,22,2,4,22,1,0,1,2,4,1,4,4
12,12,A1_Conv_3c_3x3,4,6,23,3,4,23,1,0,1,3,4,1,4,4
12,12,A1_Conv_3c_3x3,4,5,24,2,3,24,1,0,2,0,4,1,4,4
12,12,A1_Conv_3c_3x3,4,5,25,3,3,25,1,0,2,1,4,1,4,4
12,12,A1_Conv_3c_3x3,4,5,26,2,2,26,1,0,2,2,4,1,4,4
12,12,A1_Conv_3c_3x3,4,5,27,3,2,27,1,0,2,3,4,1,4,4
12,12,A1_Conv_3c_3x3,4,4,28,2,1,28,1,0,3,0,4,1,4,4
12,12,A1_Conv_3c_3x3,4,4,29,3,1,29,1,0,3,1,4,1,4,4
12,12,A1_Conv_3c_3x3,4,4,30,2,0,30,1,0,3,2,4,1,4,4
12,12,A1_Conv_3c_3x3,4,4,31,3,0,31,1,0,3,3,4,1,4,4
12,12,A1_Conv_3c_3x3,4,8,32,4,0,32,2,0,0,0,4,1,4,4
12,12,A1_Conv_3c_3x3,4,8,33,5,0,33,2,0,0,1,4,1,4,4
12,12,A1_Conv_3c_3x3,4,8,34,4,1,34,2,0,0,2,4,1,4,4
12,12,A1_Conv_3c_3x3,4,8,35,5,1,35,2,0,0,3,4,1,4,4
12,12,A1_Conv_3c_3x3,4,9,36,4,2,36,2,0,1,0,4,1,4,4
12,12,A1_Conv_3c_3x3,4,9,37,5,2,37,2,0,1,1,4,1,4,4
12,12,A1_Conv_3c_3x3,4,9,38,4,3,38,2,0,1,2,4,1,4,4
12,12,A1_Conv_3c_3x3,4,9,39,5,3,39,2,0,1,3,4,1,4,4
12,12,A1_Conv_3c_3x3,4,10,40,4,4,40,2,0,2,0,4,1,4,4
12,12,A1_Conv_3c_3x3,4,10,41,5,4,41,2,0,2,1,4,1,4,4
12,12,A1_Conv_3c_3x3,4,10,42,4,5,42,2,0,2,2,4,1,4,4
12,12,A1_Conv_3c_3x3,4,10,43,5,5,43,2,0,2,3,4,1,4,4
12,12,A1_Conv_3c_3x3,4,11,44,4,6,44,2,0,3,0,4,1,4,4
12,12,A1_Conv_3c_3x3,4,11,45,5,6,45,2,0,3,1,4,1,4,4
12,12,A1_Conv_3c_3x3,4,11,46,4,7,46,2,0,3,2,4,1,4,4
12,12,A1_Conv_3c_3x3,4,11,47,5,7,47,2,0,3,3,4,1,4,4
12,12,A1_Conv_3c_3x3,4,15,48,6,7,48,3,0,0,0,4,1,4,4
12,12,A1_Conv_3c_3x3,4,15,49,7,7,49,3,0,0,1,4,1,4,4
12,12,A1_Conv_3c_3x3,4,15,50,6,6,50,3,0,0,2,4,1,4,4
12,12,A1_Conv_3c_3x3,4,15,51,7,6,51,3,0,0,3,4,1,4,4
12,12,A1_Conv_3c_3x3,4,14,52,6,5,52,3,0,1,0,4,1,4,4
12,12,A1_Conv_3c_3x3,4,14,53,7,5,53,3,0,1,1,4,1,4,4
12,12,A1_Conv_3c_3x3,4,14,54,6,4,54,3,0,1,2,4,1,4,4
12,12,A1_Conv_3c_3x3,4,14,55,7,4,55,3,0,1,3,4,1,4,4
12,12,A1_Conv_3c_3x3,4,13,56,6,3,56,3,0,2,0,4,1,4,4
12,12,A1_Conv_3c_3x3,4,13,57,7,3,57,3,0,2,1,4,1,4,4
12,12,A1_Conv_3c_3x3,4,13,58,6,2,58,3,0,2,2,4,1,4,4
12,12,A1_Conv_3c_3x3,4,13,59,7,2,59,3,0,2,3,4,1,4,4
12,12,A1_Conv_3c_3x3,4,12,60,6,1,60,3,0,3,0,4,1,4,4
12,12,A1_Conv_3c_3x3,4,12,61,7,1,61,3,0,3,1,4,1,4,4
12,12,A1_Conv_3c_3x3,4,12,62,6,0,62,3,0,3,2,4,1,4,4
12,12,A1_Conv_3c_3x3,4,12,63,7,0,63,3,0,3,3,4,1,4,4
13,13,A1_Conv_4_1x1,2,0,0,0,0,0,0,0,0,0,2,8,1,4
13,13,A1_Conv_4_1x1,2,0,1,1,0,1,0,0,0,1,2,8,1,4
13,13,A1_Conv_4_1x1,2,0,2,0,1,2,0,0,0,2,2,8,1,4
13,13,A1_Conv_4_1x1,2,0,3,1,1,3,0,0,0,3,2,8,1,4
13,13,A1_Conv_4_1x1,2,1,4,0,2,32,1,0,0,0,2,8,1,4
13,13,A1_Conv_4_1x1,2,1,5,1,2,33,1,0,0,1,2,8,1,4
13,13,A1_Conv_4_1x1,2,1,6,0,3,34,1,0,0,2,2,8,1,4
13,13,A1_Conv_4_1x1,2,1,7,1,3,35,1,0,0,3,2,8,1,4
13,13,A1_Conv_4_1x1,2,2,8,0,4,4,0,1,0,0,2,8,1,4
13,13,A1_Conv_4_1x1,2,2,9,1,4,5,0,1,0,1,2,8,1,4
13,13,A1_Conv_4_1x1,2,2,10,0,5,6,0,1,0,2,2,8,1,4
13,13,A1_Conv_4_1x1,2,2,11,1,5,7,0,1,0,3,2,8,1,4
13,13,A1_Conv_4_1x1,2,3,12,0,6,36,1,1,0,0,2,8,1,4
13,13,A1_Conv_4_1x1,2,3,13,1,6,37,1,1,0,1,2,8,1,4
13,13,A1_Conv_4_1x1,2,3,14,0,7,38,1,1,0,2,2,8,1,4
13,13,A1_Conv_4_1x1,2,3,15,1,7,39,1,1,0,3,2,8,1,4
13,13,A1_Conv_4_1x1,2,7,16,2,7,8,0,2,0,0,2,8,1,4
13,13,A1_Conv_4_1x1,2,7,17,3,7,9,0,2,0,1,2,8,1,4
13,13,A1_Conv_4_1x1,2,7,18,2,6,10,0,2,0,2,2,8,1,4
13,13,A1_Conv_4_1x1,2,7,19,3,6,11,0,2,0,3,2,8,1,4
13,13,A1_Conv_4_1x1,2,6,20,2,5,40,1,2,0,0,2,8,1,4
13,13,A1_Conv_4_1x1,2,6,21,3,5,41,1,2,0,1,2,8,1,4
13,13,A1_Conv_4_1x1,2,6,22,2,4,42,1,2,0,2,2,8,1,4
13,13,A1_Conv_4_1x1,2,6,23,3,4,43,1,2,0,3,2,8,1,4
13,13,A1_Conv_4_1x1,2,5,24,2,3,12,0,3,0,0,2,8,1,4
13,13,A1_Conv_4_1x1,2,5,25,3,3,13,0,3,0,1,2,8,1,4
13,13,A1_Conv_4_1x1,2,5,26,2,2,14,0,3,0,2,2,8,1,4
13,13,A1_Conv_4_1x1,2,5,27,3,2,15,0,3,0,3,2,8,1,4
13,13,A1_Conv_4_1x1,2,4,28,2,1,44,1,3,0,0,2,8,1,4
13,13,A1_Conv_4_1x1,2,4,29,3,1,45,1,3,0,1,2,8,1,4
13,13,A1_Conv_4_1x1,2,4,30,2,0,46,1,3,0,2,2,8,1,4
13,13,A1_Conv_4_1x1,2,4,31,3,0,47,1,3,0,3,2,8,1,4
13,13,A1_Conv_4_1x1,2,8,32,4,0,16,0,4,0,0,2,8,1,4
13,13,A1_Conv_4_1x1,2,8,33,5,0,17,0,4,0,1,2,8,1,4
13,13,A1_Conv_4_1x1,2,8,34,4,1,18,0,4,0,2,2,8,1,4
13,13,A1_Conv_4_1x1,2,8,35,5,1,19,0,4,0,3,2,8,1,4
13,13,A1_Conv_4_1x1,2,9,36,4,2,48,1,4,0,0,2,8,1,4
13,13,A1_Conv_4_1x1,2,9,37,5,2,49,1,4,0,1,2,8,1,4
13,13,A1_Conv_4_1x1,2,9,38,4,3,50,1,4,0,2,2,8,1,4
13,13,A1_Conv_4_1x1,2,9,39,5,3,51,1,4,0,3,2,8,1,4
13,13,A1_Conv_4_1x1,2,10,40,4,4,20,0,5,0,0,2,8,1,4
13,13,A1_Conv_4_1x1,2,10,41,5,4,21,0,5,0,1,2,8,1,4
13,13,A1_Conv_4_1x1,2,10,42,4,5,22,0,5,0,2,2,8,1,4
13,13,A1_Conv_4_1x1,2,10,43,5,5,23,0,5,0,3,2,8,1,4
13,13,A1_Conv_4_1x1,2,11,44,4,6,52,1,5,0,0,2,8,1,4
13,13,A1_Conv_4_1x1,2,11,45,5,6,53,1,5,0,1,2,8,1,4
13,13,A1_Conv_4_1x1,2,11,46,4,7,54,1,5,0,2,2,8,1,4
13,13,A1_Conv_4_1x1,2,11,47,5,7,55,1,5,0,3,2,8,1,4
13,13,A1_Conv_4_1x1,2,15,48,6,7,24,0,6,0,0,2,8,1,4
13,13,A1_Conv_4_1x1,2,15,49,7,7,25,0,6,0,1,2,8,1,4
13,13,A1_Conv_4_1x1,2,15,50,6,6,26,0,6,0,2,2,8,1,4
13,13,A1_Conv_4_1x1,2,15,51,7,6,27,0,6,0,3,2,8,1,4
13,13,A1_Conv_4_1x1,2,14,52,6,5,56,1,6,0,0,2,8,1,4
13,13,A1_Conv_4_1x1,2,14,53,7,5,57,1,6,0,1,2,8,1,4
13,13,A1_Conv_4_1x1,2,14,54,6,4,58,1,6,0,2,2,8,1,4
13,13,A1_Conv_4_1x1,2,14,55,7,4,59,1,6,0,3,2,8,1,4
13,13,A1_Conv_4_1x1,2,13,56,6,3,28,0,7,0,0,2,8,1,4
13,13,A1_Conv_4_1x1,2,13,57,7,3,29,0,7,0,1,2,8,1,4
13,13,A1_Conv_4_1x1,2,13,58,6,2,30,0,7,0,2,2,8,1,4
13,13,A1_Conv_4_1x1,2,13,59,7,2,31,0,7,0,3,2,8,1,4
13,13,A1_Conv_4_1x1,2,12,60,6,1,60,1,7,0,0,2,8,1,4
13,13,A1_Conv_4_1x1,2,12,61,7,1,61,1,7,0,1,2,8,1,4
13,13,A1_Conv_4_1x1,2,12,62,6,0,62,1,7,0,2,2,8,1,4
13,13,A1_Conv_4_1x1,2,12,63,7,0,63,1,7,0,3,2,8,1,4
14,14,A1_Eltwise,4,0,0,0,0,0,0,0,0,0,4,16,1,1
14,14,A1_Eltwise,4,0,1,1,0,16,1,0,0,0,4,16,1,1
14,14,A1_Eltwise,4,0,2,0,1,32,2,0,0,0,4,16,1,1
14,14,A1_Eltwise,4,0,3,1,1,48,3,0,0,0,4,16,1,1
14,14,A1_Eltwise,4,1,4,0,2,1,0,1,0,0,4,16,1,1
14,14,A1_Eltwise,4,1,5,1,2,17,1,1,0,0,4,16,1,1
14,14,A1_Eltwise,4,1,6,0,3,33,2,1,0,0,4,16,1,1
14,14,A1_Eltwise,4,1,7,1,3,49,3,1,0,0,4,16,1,1
14,14,A1_Eltwise,4,2,8,0,4,2,0,2,0,0,4,16,1,1
14,14,A1_Eltwise,4,2,9,1,4,18,1,2,0,0,4,16,1,1
14,14,A1_Eltwise,4,2,10,0,5,34,2,2,0,0,4,16,1,1
14,14,A1_Eltwise,4,2,11,1,5,50,3,2,0,0,4,16,1,1
14,14,A1_Eltwise,4,3,12,0,6,3,0,3,0,0,4,16,1,1
14,14,A1_Eltwise,4,3,13,1,6,19,1,3,0,0,4,16,1,1
14,14,A1_Eltwise,4,3,14,0,7,35,2,3,0,0,4,16,1,1
14,14,A1_Eltwise,4,3,15,1,7,51,3,3,0,0,4,16,1,1
14,14,A1_Eltwise,4,7,16,2,7,4,0,4,0,0,4,16,1,1
14,14,A1_Eltwise,4,7,17,3,7,20,1,4,0,0,4,16,1,1
14,14,A1_Eltwise,4,7,18,2,6,36,2,4,0,0,4,16,1,1
14,14,A1_Eltwise,4,7,19,3,6,52,3,4,0,0,4,16,1,1
14,14,A1_Eltwise,4,6,20,2,5,5,0,5,0,0,4,16,1,1
14,14,A1_Eltwise,4,6,21,3,5,21,1,5,0,0,4,16,1,1
14,14,A1_Eltwise,4,6,22,2,4,37,2,5,0,0,4,16,1,1
14,14,A1_Eltwise,4,6,23,3,4,53,3,5,0,0,4,16,1,1
14,14,A1_Eltwise,4,5,24,2,3,6,0,6,0,0,4,16,1,1
14,14,A1_Eltwise,4,5,25,3,3,22,1,6,0,0,4,16,1,1
14,14,A1_Eltwise,4,5,26,2,2,38,2,6,0,0,4,16,1,1
14,14,A1_Eltwise,4,5,27,3,2,54,3,6,0,0,4,16,1,1
14,14,A1_Eltwise,4,4,28,2,1,7,0,7,0,0,4,16,1,1
14,14,A1_Eltwise,4,4,29,3,1,23,1,7,0,0,4,16,1,1
14,14,A1_Eltwise,4,4,30,2,0,39,2,7,0,0,4,16,1,1
14,14,A1_Eltwise,4,4,31,3,0,55,3,7,0,0,4,16,1,1
14,14,A1_Eltwise,4,8,32,4,0,8,0,8,0,0,4,16,1,1
14,14,A1_Eltwise,4,8,33,5,0,24,1,8,0,0,4,16,1,1
14,14,A1_Eltwise,4,8,34,4,1,40,2,8,0,0,4,16,1,1
14,14,A1_Eltwise,4,8,35,5,1,56,3,8,0,0,4,16,1,1
14,14,A1_Eltwise,4,9,36,4,2,9,0,9,0,0,4,16,1,1
14,14,A1_Eltwise,4,9,37,5,2,25,1,9,0,0,4,16,1,1
14,14,A1_Eltwise,4,9,38,4,3,41,2,9,0,0,4,16,1,1
14,14,A1_Eltwise,4,9,39,5,3,57,3,9,0,0,4,16,1,1
14,14,A1_Eltwise,4,10,40,4,4,10,0,10,0,0,4,16,1,1
14,14,A1_Eltwise,4,10,41,5,4,26,1,10,0,0,4,16,1,1
14,14,A1_Eltwise,4,10,42,4,5,42,2,10,0,0,4,16,1,1
14,14,A1_Eltwise,4,10,43,5,5,58,3,10,0,0,4,16,1,1
14,14,A1_Eltwise,4,11,44,4,6,11,0,11,0,0,4,16,1,1
14,14,A1_Eltwise,4,11,45,5,6,27,1,11,0,0,4,16,1,1
14,14,A1_Eltwise,4,11,46,4,7,43,2,11,0,0,4,16,1,1
14,14,A1_Eltwise,4,11,47,5,7,59,3,11,0,0,4,16,1,1
14,14,A1_Eltwise,4,15,48,6,7,12,0,12,0,0,4,16,1,1
14,14,A1_Eltwise,4,15,49,7,7,28,1,12,0,0,4,16,1,1
14,14,A1_Eltwise,4,15,50,6,6,44,2,12,0,0,4,16,1,1
14,14,A1_Eltwise,4,15,51,7,6,60,3,12,0,0,4,16,1,1
14,14,A1_Eltwise,4,14,52,6,5,13,0,13,0,0,4,16,1,1
14,14,A1_Eltwise,4,14,53,7,5,29,1,13,0,0,4,16,1,1
14,14,A1_Eltwise,4,14,54,6,4,45,2,13,0,0,4,16,1,1
14,14,A1_Eltwise,4,14,55,7,4,61,3,13,0,0,4,16,1,1
14,14,A1_Eltwise,4,13,56,6,3,14,0,14,0,0,4,16,1,1
14,14,A1_Eltwise,4,13,57,7,3,30,1,14,0,0,4,16,1,1
14,14,A1_Eltwise,4,13,58,6,2,46,2,14,0,0,4,16,1,1
14,14,A1_Eltwise,4,13,59,7,2,62,3,14,0,0,4,16,1,1
14,14,A1_Eltwise,4,12,60,6,1,15,0,15,0,0,4,16,1,1
14,14,A1_Eltwise,4,12,61,7,1,31,1,15,0,0,4,16,1,1
14,14,A1_Eltwise,4,12,62,6,0,47,2,15,0,0,4,16,1,1
14,14,A1_Eltwise,4,12,63,7,0,63,3,15,0,0,4,16,1,1
15,15,A2_Conv_1a_1x1,4,0,0,0,0,0,0,0,0,0,4,1,4,4
15,15,A2_Conv_1a_1x1,4,0,1,1,0,1,0,0,0,1,4,1,4,4
15,15,A2_Conv_1a_1x1,4,0,2,0,1,2,0,0,0,2,4,1,4,4
15,15,A2_Conv_1a_1x1,4,0,3,1,1,3,0,0,0,3,4,1,4,4
15,15,A2_Conv_1a_1x1,4,1,4,0,2,4,0,0,1,0,4,1,4,4
15,15,A2_Conv_1a_1x1,4,1,5,1,2,5,0,0,1,1,4,1,4,4
15,15,A2_Conv_1a_1x1,4,1,6,0,3,6,0,0,1,2,4,1,4,4
15,15,A2_Conv_1a_1x1,4,1,7,1,3,7,0,0,1,3,4,1,4,4
15,15,A2_Conv_1a_1x1,4,2,8,0,4,8,0,0,2,0,4,1,4,4
15,15,A2_Conv_1a_1x1,4,2,9,1,4,9,0,0,2,1,4,1,4,4
15,15,A2_Conv_1a_1x1,4,2,10,0,5,10,0,0,2,2,4,1,4,4
15,15,A2_Conv_1a_1x1,4,2,11,1,5,11,0,0,2,3,4,1,4,4
15,15,A2_Conv_1a_1x1,4,3,12,0,6,12,0,0,3,0,4,1,4,4
15,15,A2_Conv_1a_1x1,4,3,13,1,6,13,0,0,3,1,4,1,4,4
15,15,A2_Conv_1a_1x1,4,3,14,0,7,14,0,0,3,2,4,1,4,4
15,15,A2_Conv_1a_1x1,4,3,15,1,7,15,0,0,3,3,4,1,4,4
15,15,A2_Conv_1a_1x1,4,7,16,2,7,16,1,0,0,0,4,1,4,4
15,15,A2_Conv_1a_1x1,4,7,17,3,7,17,1,0,0,1,4,1,4,4
15,15,A2_Conv_1a_1x1,4,7,18,2,6,18,1,0,0,2,4,1,4,4
15,15,A2_Conv_1a_1x1,4,7,19,3,6,19,1,0,0,3,4,1,4,4
15,15,A2_Conv_1a_1x1,4,6,20,2,5,20,1,0,1,0,4,1,4,4
15,15,A2_Conv_1a_1x1,4,6,21,3,5,21,1,0,1,1,4,1,4,4
15,15,A2_Conv_1a_1x1,4,6,22,2,4,22,1,0,1,2,4,1,4,4
15,15,A2_Conv_1a_1x1,4,6,23,3,4,23,1,0,1,3,4,1,4,4
15,15,A2_Conv_1a_1x1,4,5,24,2,3,24,1,0,2,0,4,1,4,4
15,15,A2_Conv_1a_1x1,4,5,25,3,3,25,1,0,2,1,4,1,4,4
15,15,A2_Conv_1a_1x1,4,5,26,2,2,26,1,0,2,2,4,1,4,4
15,15,A2_Conv_1a_1x1,4,5,27,3,2,27,1,0,2,3,4,1,4,4
15,15,A2_Conv_1a_1x1,4,4,28,2,1,28,1,0,3,0,4,1,4,4
15,15,A2_Conv_1a_1x1,4,4,29,3,1,29,1,0,3,1,4,1,4,4
15,15,A2_Conv_1a_1x1,4,4,30,2,0,30,1,0,3,2,4,1,4,4
15,15,A2_Conv_1a_1x1,4,4,31,3,0,31,1,0,3,3,4,1,4,4
15,15,A2_Conv_1a_1x1,4,8,32,4,0,32,2,0,0,0,4,1,4,4
15,15,A2_Conv_1a_1x1,4,8,33,5,0,33,2,0,0,1,4,1,4,4
15,15,A2_Conv_1a_1x1,4,8,34,4,1,34,2,0,0,2,4,1,4,4
15,15,A2_Conv_1a_1x1,4,8,35,5,1,35,2,0,0,3,4,1,4,4
15,15,A2_Conv_1a_1x1,4,9,36,4,2,36,2,0,1,0,4,1,4,4
15,15,A2_Conv_1a_1x1,4,9,37,5,2,37,2,0,1,1,4,1,4,4
15,15,A2_Conv_1a_1x1,4,9,38,4,3,38,2,0,1,2,4,1,4,4
15,15,A2_Conv_1a_1x1,4,9,39,5,3,39,2,0,1,3,4,1,4,4
15,15,A2_Conv_1a_1x1,4,10,40,4,4,40,2,0,2,0,4,1,4,4
15,15,A2_Conv_1a_1x1,4,10,41,5,4,41,2,0,2,1,4,1,4,4
15,15,A2_Conv_1a_1x1,4,10,42,4,5,42,2,0,2,2,4,1,4,4
15,15,A2_Conv_1a_1x1,4,10,43,5,5,43,2,0,2,3,4,1,4,4
15,15,A2_Conv_1a_1x1,4,11,44,4,6,44,2,0,3,0,4,1,4,4
15,15,A2_Conv_1a_1x1,4,11,45,5,6,45,2,0,3,1,4,1,4,4
15,15,A2_Conv_1a_1x1,4,11,46,4,7,46,2,0,3,2,4,1,4,4
15,15,A2_Conv_1a_1x1,4,11,47,5,7,47,2,0,3,3,4,1,4,4
15,15,A2_Conv_1a_1x1,4,15,48,6,7,48,3,0,0,0,4,1,4,4
15,15,A2_Conv_1a_1x1,4,15,49,7,7,49,3,0,0,1,4,1,4,4
15,15,A2_Conv_1a_1x1,4,15,50,6,6,50,3,0,0,2,4,1,4,4
15,15,A2_Conv_1a_1x1,4,15,51,7,6,51,3,0,0,3,4,1,4,4
15,15,A2_Conv_1a_1x1,4,14,52,6,5,52,3,0,1,0,4,1,4,4
15,15,A2_Conv_1a_1x1,4,14,53,7,5,53,3,0,1,1,4,1,4,4
15,15,A2_Conv_1a_1x1,4,14,54,6,4,54,3,0,1,2,4,1,4,4
15,15,A2_Conv_1a_1x1,4,14,55,7,4,55,3,0,1,3,4,1,4,4
15,15,A2_Conv_1a_1x1,4,13,56,6,3,56,3,0,2,0,4,1,4,4
15,15,A2_Conv_1a_1x1,4,13,57,7,3,57,3,0,2,1,4,1,4,4
15,15,A2_Conv_1a_1x1,4,13,58,6,2,58,3,0,2,2,4,1,4,4
15,15,A2_Conv_1a_1x1,4,13,59,7,2,59,3,0,2,3,4,1,4,4
15,15,A2_Conv_1a_1x1,4,12,60,6,1,60,3,0,3,0,4,1,4,4
15,15,A2_Conv_1a_1x1,4,12,61,7,1,61,3,0,3,1,4,1,4,4
15,15,A2_Conv_1a_1x1,4,12,62,6,0,62,3,0,3,2,4,1,4,4
15,15,A2_Conv_1a_1x1,4,12,63,7,0,63,3,0,3,3,4,1,4,4
16,16,A2_Conv_2a_1x1,4,0,0,0,0,0,0,0,0,0,4,1,4,4
16,16,A2_Conv_2a_1x1,4,0,1,1,0,1,0,0,0,1,4,1,4,4
16,16,A2_Conv_2a_1x1,4,0,2,0,1,2,0,0,0,2,4,1,4,4
16,16,A2_Conv_2a_1x1,4,0,3,1,1,3,0,0,0,3,4,1,4,4
16,16,A2_Conv_2a_1x1,4,1,4,0,2,4,0,0,1,0,4,1,4,4
16,16,A2_Conv_2a_1x1,4,1,5,1,2,5,0,0,1,1,4,1,4,4
16,16,A2_Conv_2a_1x1,4,1,6,0,3,6,0,0,1,2,4,1,4,4
16,16,A2_Conv_2a_1x1,4,1,7,1,3,7,0,0,1,3,4,1,4,4
16,16,A2_Conv_2a_1x1,4,2,8,0,4,8,0,0,2,0,4,1,4,4
16,16,A2_Conv_2a_1x1,4,2,9,1,4,9,0,0,2,1,4,1,4,4
16,16,A2_Conv_2a_1x1,4,2,10,0,5,10,0,0,2,2,4,1,4,4
16,16,A2_Conv_2a_1x1,4,2,11,1,5,11,0,0,2,3,4,1,4,4
16,16,A2_Conv_2a_1x1,4,3,12,0,6,12,0,0,3,0,4,1,4,4
16,16,A2_Conv_2a_1x1,4,3,13,1,6,13,0,0,3,1,4,1,4,4
16,16,A2_Conv_2a_1x1,4,3,14,0,7,14,0,0,3,2,4,1,4,4
16,16,A2_Conv_2a_1x1,4,3,15,1,7,15,0,0,3,3,4,1,4,4
16,16,A2_Conv_2a_1x1,4,7,16,2,7,16,1,0,0,0,4,1,4,4
16,16,A2_Conv_2a_1x1,4,7,17,3,7,17,1,0,0,1,4,1,4,4
16,16,A2_Conv_2a_1x1,4,7,18,2,6,18,1,0,0,2,4,1,4,4
16,16,A2_Conv_2a_1x1,4,7,19,3,6,19,1,0,0,3,4,1,4,4
16,16,A2_Conv_2a_1x1,4,6,20,2,5,20,1,0,1,0,4,1,4,4
16,16,A2_Conv_2a_1x1,4,6,21,3,5,21,1,0,1,1,4,1,4,4
16,16,A2_Conv_2a_1x1,4,6,22,2,4,22,1,0,1,2,4,1,4,4
16,16,A2_Conv_2a_1x1,4,6,23,3,4,23,1,0,1,3,4,1,4,4
16,16,A2_Conv_2a_1x1,4,5,24,2,3,24,1,0,2,0,4,1,4,4
16,16,A2_Conv_2a_1x1,4,5,25,3,3,25,1,0,2,1,4,1,4,4
16,16,A2_Conv_2a_1x1,4,5,26,2,2,26,1,0,2,2,4,1,4,4
16,16,A2_Conv_2a_1x1,4,5,27,3,2,27,1,0,2,3,4,1,4,4
16,16,A2_Conv_2a_1x1,4,4,28,2,1,28,1,0,3,0,4,1,4,4
16,16,A2_Conv_2a_1x1,4,4,29,3,1,29,1,0,3,1,4,1,4,4
16,16,A2_Conv_2a_1x1,4,4,30,2,0,30,1,0,3,2,4,1,4,4
16,16,A2_Conv_2a_1x1,4,4,31,3,0,31,1,0,3,3,4,1,4,4
16,16,A2_Conv_2a_1x1,4,8,32,4,0,32,2,0,0,0,4,1,4,4
16,16,A2_Conv_2a_1x1,4,8,33,5,0,33,2,0,0,1,4,1,4,4
16,16,A2_Conv_2a_1x1,4,8,34,4,1,34,2,0,0,2,4,1,4,4
16,16,A2_Conv_2a_1x1,4,8,35,5,1,35,2,0,0,3,4,1,4,4
16,16,A2_Conv_2a_1x1,4,9,36,4,2,36,2,0,1,0,4,1,4,4
16,16,A2_Conv_2a_1x1,4,9,37,5,2,37,2,0,1,1,4,1,4,4
16,16,A2_Conv_2a_1x1,4,9,38,4,3,38,2,0,1,2,4,1,4,4
16,16,A2_Conv_2a_1x1,4,9,39,5,3,39,2,0,1,3,4,1,4,4
16,16,A2_Conv_2a_1x1,4,10,40,4,4,40,2,0,2,0,4,1,4,4
16,16,A2_Conv_2a_1x1,4,10,41,5,4,41,2,0,2,1,4,1,4,4
16,16,A2_Conv_2a_1x1,4,10,42,4,5,42,2,0,2,2,4,1,4,4
16,16,A2_Conv_2a_1x1,4,10,43,5,5,43,2,0,2,3,4,1,4,4
16,16,A2_Conv_2a_1x1,4,11,44,4,6,44,2,0,3,0,4,1,4,4
16,16,A2_Conv_2a_1x1,4,11,45,5,6,45,2,0,3,1,4,1,4,4
16,16,A2_Conv_2a_1x1,4,11,46,4,7,46,2,0,3,2,4,1,4,4
16,16,A2_Conv_2a_1x1,4,11,47,5,7,47,2,0,3,3,4,1,4,4
16,16,A2_Conv_2a_1x1,4,15,48,6,7,48,3,0,0,0,4,1,4,4
16,16,A2_Conv_2a_1x1,4,15,49,7,7,49,3,0,0,1,4,1,4,4
16,16,A2_Conv_2a_1x1,4,15,50,6,6,50,3,0,0,2,4,1,4,4
16,16,A2_Conv_2a_1x1,4,15,51,7,6,51,3,0,0,3,4,1,4,4
16,16,A2_Conv_2a_1x1,4,14,52,6,5,52,3,0,1,0,4,1,4,4
16,16,A2_Conv_2a_1x1,4,14,53,7,5,53,3,0,1,1,4,1,4,4
16,16,A2_Conv_2a_1x1,4,14,54,6,4,54,3,0,1,2,4,1,4,4
16,16,A2_Conv_2a_1x1,4,14,55,7,4,55,3,0,1,3,4,1,4,4
16,16,A2_Conv_2a_1x1,4,13,56,6,3,56,3,0,2,0,4,1,4,4
16,16,A2_Conv_2a_1x1,4,13,57,7,3,57,3,0,2,1,4,1,4,4
16,16,A2_Conv_2a_1x1,4,13,58,6,2,58,3,0,2,2,4,1,4,4
16,16,A2_Conv_2a_1x1,4,13,59,7,2,59,3,0,2,3,4,1,4,4
16,16,A2_Conv_2a_1x1,4,12,60,6,1,60,3,0,3,0,4,1,4,4
16,16,A2_Conv_2a_1x1,4,12,61,7,1,61,3,0,3,1,4,1,4,4
16,16,A2_Conv_2a_1x1,4,12,62,6,0,62,3,0,3,2,4,1,4,4
16,16,A2_Conv_2a_1x1,4,12,63,7,0,63,3,0,3,3,4,1,4,4
17,17,A2_Conv_2b_3x3,4,0,0,0,0,0,0,0,0,0,4,1,4,4
17,17,A2_Conv_2b_3x3,4,0,1,1,0,1,0,0,0,1,4,1,4,4
17,17,A2_Conv_2b_3x3,4,0,2,0,1,2,0,0,0,2,4,1,4,4
17,17,A2_Conv_2b_3x3,4,0,3,1,1,3,0,0,0,3,4,1,4,4
17,17,A2_Conv_2b_3x3,4,1,4,0,2,4,0,0,1,0,4,1,4,4
17,17,A2_Conv_2b_3x3,4,1,5,1,2,5,0,0,1,1,4,1,4,4
17,17,A2_Conv_2b_3x3,4,1,6,0,3,6,0,0,1,2,4,1,4,4
17,17,A2_Conv_2b_3x3,4,1,7,1,3,7,0,0,1,3,4,1,4,4
17,17,A2_Conv_2b_3x3,4,2,8,0,4,8,0,0,2,0,4,1,4,4
17,17,A2_Conv_2b_3x3,4,2,9,1,4,9,0,0,2,1,4,1,4,4
17,17,A2_Conv_2b_3x3,4,2,10,0,5,10,0,0,2,2,4,1,4,4
17,17,A2_Conv_2b_3x3,4,2,11,1,5,11,0,0,2,3,4,1,4,4
17,17,A2_Conv_2b_3x3,4,3,12,0,6,12,0,0,3,0,4,1,4,4
17,17,A2_Conv_2b_3x3,4,3,13,1,6,13,0,0,3,1,4,1,4,4
17,17,A2_Conv_2b_3x3,4,3,14,0,7,14,0,0,3,2,4,1,4,4
17,17,A2_Conv_2b_3x3,4,3,15,1,7,15,0,0,3,3,4,1,4,4
17,17,A2_Conv_2b_3x3,4,7,16,2,7,16,1,0,0,0,4,1,4,4
17,17,A2_Conv_2b_3x3,4,7,17,3,7,17,1,0,0,1,4,1,4,4
17,17,A2_Conv_2b_3x3,4,7,18,2,6,18,1,0,0,2,4,1,4,4
17,17,A2_Conv_2b_3x3,4,7,19,3,6,19,1,0,0,3,4,1,4,4
17,17,A2_Conv_2b_3x3,4,6,20,2,5,20,1,0,1,0,4,1,4,4
17,17,A2_Conv_2b_3x3,4,6,21,3,5,21,1,0,1,1,4,1,4,4
17,17,A2_Conv_2b_3x3,4,6,22,2,4,22,1,0,1,2,4,1,4,4
17,17,A2_Conv_2b_3x3,4,6,23,3,4,23,1,0,1,3,4,1,4,4
17,17,A2_Conv_2b_3x3,4,5,24,2,3,24,1,0,2,0,4,1,4,4
17,17,A2_Conv_2b_3x3,4,5,25,3,3,25,1,0,2,1,4,1,4,4
17,17,A2_Conv_2b_3x3,4,5,26,2,2,26,1,0,2,2,4,1,4,4
17,17,A2_Conv_2b_3x3,4,5,27,3,2,27,1,0,2,3,4,1,4,4
17,17,A2_Conv_2b_3x3,4,4,28,2,1,28,1,0,3,0,4,1,4,4
17,17,A2_Conv_2b_3x3,4,4,29,3,1,29,1,0,3,1,4,1,4,4
17,17,A2_Conv_2b_3x3,4,4,30,2,0,30,1,0,3,2,4,1,4,4
17,17,A2_Conv_2b_3x3,4,4,31,3,0,31,1,0,3,3,4,1,4,4
17,17,A2_Conv_2b_3x3,4,8,32,4,0,32,2,0,0,0,4,1,4,4
17,17,A2_Conv_2b_3x3,4,8,33,5,0,33,2,0,0,1,4,1,4,4
17,17,A2_Conv_2b_3x3,4,8,34,4,1,34,2,0,0,2,4,1,4,4
17,17,A2_Conv_2b_3x3,4,8,35,5,1,35,2,0,0,3,4,1,4,4
17,17,A2_Conv_2b_3x3,4,9,36,4,2,36,2,0,1,0,4,1,4,4
17,17,A2_Conv_2b_3x3,4,9,37,5,2,37,2,0,1,1,4,1,4,4
17,17,A2_Conv_2b_3x3,4,9,38,4,3,38,2,0,1,2,4,1,4,4
17,17,A2_Conv_2b_3x3,4,9,39,5,3,39,2,0,1,3,4,1,4,4
17,17,A2_Conv_2b_3x3,4,10,40,4,4,40,2,0,2,0,4,1,4,4
17,17,A2_Conv_2b_3x3,4,10,41,5,4,41,2,0,2,1,4,1,4,4
17,17,A2_Conv_2b_3x3,4,10,42,4,5,42,2,0,2,2,4,1,4,4
17,17,A2_Conv_2b_3x3,4,10,43,5,5,43,2,0,2,3,4,1,4,4
17,17,A2_Conv_2b_3x3,4,11,44,4,6,44,2,0,3,0,4,1,4,4
17,17,A2_Conv_2b_3x3,4,11,45,5,6,45,2,0,3,1,4,1,4,4
17,17,A2_Conv_2b_3x3,4,11,46,4,7,46,2,0,3,2,4,1,4,4
17,17,A2_Conv_2b_3x3,4,11,47,5,7,47,2,0,3,3,4,1,4,4
17,17,A2_Conv_2b_3x3,4,15,48,6,7,48,3,0,0,0,4,1,4,4
17,17,A2_Conv_2b_3x3,4,15,49,7,7,49,3,0,0,1,4,1,4,4
17,17,A2_Conv_2b_3x3,4,15,50,6,6,50,3,0,0,2,4,1,4,4
17,17,A2_Conv_2b_3x3,4,15,51,7,6,51,3,0,0,3,4,1,4,4
17,17,A2_Conv_2b_3x3,4,14,52,6,5,52,3,0,1,0,4,1,4,4
17,17,A2_Conv_2b_3x3,4,14,53,7,5,53,3,0,1,1,4,1,4,4
17,17,A2_Conv_2b_3x3,4,14,54,6,4,54,3,0,1,2,4,1,4,4
17,17,A2_Conv_2b_3x3,4,14,55,7,4,55,3,0,1,3,4,1,4,4
17,17,A2_Conv_2b_3x3,4,13,56,6,3,56,3,0,2,0,4,1,4,4
17,17,A2_Conv_2b_3x3,4,13,57,7,3,57,3,0,2,1,4,1,4,4
17,17,A2_Conv_2b_3x3,4,13,58,6,2,58,3,0,2,2,4,1,4,4
17,17,A2_Conv_2b_3x3,4,13,59,7,2,59,3,0,2,3,4,1,4,4
17,17,A2_Conv_2b_3x3,4,12,60,6,1,60,3,0,3,0,4,1,4,4
17,17,A2_Conv_2b_3x3,4,12,61,7,1,61,3,0,3,1,4,1,4,4
17,17,A2_Conv_2b_3x3,4,12,62,6,0,62,3,0,3,2,4,1,4,4
17,17,A2_Conv_2b_3x3,4,12,63,7,0,63,3,0,3,3,4,1,4,4
18,18,A2_Conv_3a_1x1,4,0,0,0,0,0,0,0,0,0,4,1,4,4
18,18,A2_Conv_3a_1x1,4,0,1,1,0,1,0,0,0,1,4,1,4,4
18,18,A2_Conv_3a_1x1,4,0,2,0,1,2,0,0,0,2,4,1,4,4
18,18,A2_Conv_3a_1x1,4,0,3,1,1,3,0,0,0,3,4,1,4,4
18,18,A2_Conv_3a_1x1,4,1,4,0,2,4,0,0,1,0,4,1,4,4
18,18,A2_Conv_3a_1x1,4,1,5,1,2,5,0,0,1,1,4,1,4,4
18,18,A2_Conv_3a_1x1,4,1,6,0,3,6,0,0,1,2,4,1,4,4
18,18,A2_Conv_3a_1x1,4,1,7,1,3,7,0,0,1,3,4,1,4,4
18,18,A2_Conv_3a_1x1,4,2,8,0,4,8,0,0,2,0,4,1,4,4
18,18,A2_Conv_3a_1x1,4,2,9,1,4,9,0,0,2,1,4,1,4,4
18,18,A2_Conv_3a_1x1,4,2,10,0,5,10,0,0,2,2,4,1,4,4
18,18,A2_Conv_3a_1x1,4,2,11,1,5,11,0,0,2,3,4,1,4,4
18,18,A2_Conv_3a_1x1,4,3,12,0,6,12,0,0,3,0,4,1,4,4
18,18,A2_Conv_3a_1x1,4,3,13,1,6,13,0,0,3,1,4,1,4,4
18,18,A2_Conv_3a_1x1,4,3,14,0,7,14,0,0,3,2,4,1,4,4
18,18,A2_Conv_3a_1x1,4,3,15,1,7,15,0,0,3,3,4,1,4,4
18,18,A2_Conv_3a_1x1,4,7,16,2,7,16,1,0,0,0,4,1,4,4
18,18,A2_Conv_3a_1x1,4,7,17,3,7,17,1,0,0,1,4,1,4,4
18,18,A2_Conv_3a_1x1,4,7,18,2,6,18,1,0,0,2,4,1,4,4
18,18,A2_Conv_3a_1x1,4,7,19,3,6,19,1,0,0,3,4,1,4,4
18,18,A2_Conv_3a_1x1,4,6,20,2,5,20,1,0,1,0,4,1,4,4
18,18,A2_Conv_3a_1x1,4,6,21,3,5,21,1,0,1,1,4,1,4,4
18,18,A2_Conv_3a_1x1,4,6,22,2,4,22,1,0,1,2,4,1,4,4
18,18,A2_Conv_3a_1x1,4,6,23,3,4,23,1,0,1,3,4,1,4,4
18,18,A2_Conv_3a_1x1,4,5,24,2,3,24,1,0,2,0,4,1,4,4
18,18,A2_Conv_3a_1x1,4,5,25,3,3,25,1,0,2,1,4,1,4,4
18,18,A2_Conv_3a_1x1,4,5,26,2,2,26,1,0,2,2,4,1,4,4
18,18,A2_Conv_3a_1x1,4,5,27,3,2,27,1,0,2,3,4,1,4,4
18,18,A2_Conv_3a_1x1,4,4,28,2,1,28,1,0,3,0,4,1,4,4
18,18,A2_Conv_3a_1x1,4,4,29,3,1,29,1,0,3,1,4,1,4,4
18,18,A2_Conv_3a_1x1,4,4,30,2,0,30,1,0,3,2,4,1,4,4
18,18,A2_Conv_3a_1x1,4,4,31,3,0,31,1,0,3,3,4,1,4,4
18,18,A2_Conv_3a_1x1,4,8,32,4,0,32,2,0,0,0,4,1,4,4
18,18,A2_Conv_3a_1x1,4,8,33,5,0,33,2,0,0,1,4,1,4,4
18,18,A2_Conv_3a_1x1,4,8,34,4,1,34,2,0,0,2,4,1,4,4
18,18,A2_Conv_3a_1x1,4,8,35,5,1,35,2,0,0,3,4,1,4,4
18,18,A2_Conv_3a_1x1,4,9,36,4,2,36,2,0,1,0,4,1,4,4
18,18,A2_Conv_3a_1x1,4,9,37,5,2,37,2,0,1,1,4,1,4,4
18,18,A2_Conv_3a_1x1,4,9,38,4,3,38,2,0,1,2,4,1,4,4
18,18,A2_Conv_3a_1x1,4,9,39,5,3,39,2,0,1,3,4,1,4,4
18,18,A2_Conv_3a_1x1,4,10,40,4,4,40,2,0,2,0,4,1,4,4
18,18,A2_Conv_3a_1x1,4,10,41,5,4,41,2,0,2,1,4,1,4,4
18,18,A2_Conv_3a_1x1,4,10,42,4,5,42,2,0,2,2,4,1,4,4
18,18,A2_Conv_3a_1x1,4,10,43,5,5,43,2,0,2,3,4,1,4,4
18,18,A2_Conv_3a_1x1,4,11,44,4,6,44,2,0,3,0,4,1,4,4
18,18,A2_Conv_3a_1x1,4,11,45,5,6,45,2,0,3,1,4,1,4,4
18,18,A2_Conv_3a_1x1,4,11,46,4,7,46,2,0,3,2,4,1,4,4
18,18,A2_Conv_3a_1x1,4,11,47,5,7,47,2,0,3,3,4,1,4,4
18,18,A2_Conv_3a_1x1,4,15,48,6,7,48,3,0,0,0,4,1,4,4
18,18,A2_Conv_3a_1x1,4,15,49,7,7,49,3,0,0,1,4,1,4,4
18,18,A2_Conv_3a_1x1,4,15,50,6,6,50,3,0,0,2,4,1,4,4
18,18,A2_Conv_3a_1x1,4,15,51,7,6,51,3,0,0,3,4,1,4,4
18,18,A2_Conv_3a_1x1,4,14,52,6,5,52,3,0,1,0,4,1,4,4
18,18,A2_Conv_3a_1x1,4,14,53,7,5,53,3,0,1,1,4,1,4,4
18,18,A2_Conv_3a_1x1,4,14,54,6,4,54,3,0,1,2,4,1,4,4
18,18,A2_Conv_3a_1x1,4,14,55,7,4,55,3,0,1,3,4,1,4,4
18,18,A2_Conv_3a_1x1,4,13,56,6,3,56,3,0,2,0,4,1,4,4
18,18,A2_Conv_3a_1x1,4,13,57,7,3,57,3,0,2,1,4,1,4,4
18,18,A2_Conv_3a_1x1,4,13,58,6,2,58,3,0,2,2,4,1,4,4
18,18,A2_Conv_3a_1x1,4,13,59,7,2,59,3,0,2,3,4,1,4,4
18,18,A2_Conv_3a_1x1,4,12,60,6,1,60,3,0,3,0,4,1,4,4
18,18,A2_Conv_3a_1x1,4,12,61,7,1,61,3,0,3,1,4,1,4,4
18,18,A2_Conv_3a_1x1,4,12,62,6,0,62,3,0,3,2,4,1,4,4
18,18,A2_Conv_3a_1x1,4,12,63,7,0,63,3,0,3,3,4,1,4,4
19,19,A2_Conv_3b_3x3,4,0,0,0,0,0,0,0,0,0,4,1,4,4
19,19,A2_Conv_3b_3x3,4,0,1,1,0,1,0,0,0,1,4,1,4,4
19,19,A2_Conv_3b_3x3,4,0,2,0,1,2,0,0,0,2,4,1,4,4
19,19,A2_Conv_3b_3x3,4,0,3,1,1,3,0,0,0,3,4,1,4,4
19,19,A2_Conv_3b_3x3,4,1,4,0,2,4,0,0,1,0,4,1,4,4
19,19,A2_Conv_3b_3x3,4,1,5,1,2,5,0,0,1,1,4,1,4,4
19,19,A2_Conv_3b_3x3,4,1,6,0,3,6,0,0,1,2,4,1,4,4
19,19,A2_Conv_3b_3x3,4,1,7,1,3,7,0,0,1,3,4,1,4,4
19,19,A2_Conv_3b_3x3,4,2,8,0,4,8,0,0,2,0,4,1,4,4
19,19,A2_Conv_3b_3x3,4,2,9,1,4,9,0,0,2,1,4,1,4,4
19,19,A2_Conv_3b_3x3,4,2,10,0,5,10,0,0,2,2,4,1,4,4
19,19,A2_Conv_3b_3x3,4,2,11,1,5,11,0,0,2,3,4,1,4,4
19,19,A2_Conv_3b_3x3,4,3,12,0,6,12,0,0,3,0,4,1,4,4
19,19,A2_Conv_3b_3x3,4,3,13,1,6,13,0,0,3,1,4,1,4,4
19,19,A2_Conv_3b_3x3,4,3,14,0,7,14,0,0,3,2,4,1,4,4
19,19,A2_Conv_3b_3x3,4,3,15,1,7,15,0,0,3,3,4,1,4,4
19,19,A2_Conv_3b_3x3,4,7,16,2,7,16,1,0,0,0,4,1,4,4
19,19,A2_Conv_3b_3x3,4,7,17,3,7,17,1,0,0,1,4,1,4,4
19,19,A2_Conv_3b_3x3,4,7,18,2,6,18,1,0,0,2,4,1,4,4
19,19,A2_Conv_3b_3x3,4,7,19,3,6,19,1,0,0,3,4,1,4,4
19,19,A2_Conv_3b_3x3,4,6,20,2,5,20,1,0,1,0,4,1,4,4
19,19,A2_Conv_3b_3x3,4,6,21,3,5,21,1,0,1,1,4,1,4,4
19,19,A2_Conv_3b_3x3,4,6,22,2,4,22,1,0,1,2,4,1,4,4
19,19,A2_Conv_3b_3x3,4,6,23,3,4,23,1,0,1,3,4,1,4,4
19,19,A2_Conv_3b_3x3,4,5,24,2,3,24,1,0,2,0,4,1,4,4
19,19,A2_Conv_3b_3x3,4,5,25,3,3,25,1,0,2,1,4,1,4,4
19,19,A2_Conv_3b_3x3,4,5,26,2,2,26,1,0,2,2,4,1,4,4
19,19,A2_Conv_3b_3x3,4,5,27,3,2,27,1,0,2,3,4,1,4,4
19,19,A2_Conv_3b_3x3,4,4,28,2,1,28,1,0,3,0,4,1,4,4
19,19,A2_Conv_3b_3x3,4,4,29,3,1,29,1,0,3,1,4,1,4,4
19,19,A2_Conv_3b_3x3,4,4,30,2,0,30,1,0,3,2,4,1,4,4
19,19,A2_Conv_3b_3x3,4,4,31,3,0,31,1,0,3,3,4,1,4,4
19,19,A2_Conv_3b_3x3,4,8,32,4,0,32,2,0,0,0,4,1,4,4
19,19,A2_Conv_3b_3x3,4,8,33,5,0,33,2,0,0,1,4,1,4,4
19,19,A2_Conv_3b_3x3,4,8,34,4,1,34,2,0,0,2,4,1,4,4
19,19,A2_Conv_3b_3x3,4,8,35,5,1,35,2,0,0,3,4,1,4,4
19,19,A2_Conv_3b_3x3,4,9,36,4,2,36,2,0,1,0,4,1,4,4
19,19,A2_Conv_3b_3x3,4,9,37,5,2,37,2,0,1,1,4,1,4,4
19,19,A2_Conv_3b_3x3,4,9,38,4,3,38,2,0,1,2,4,1,4,4
19,19,A2_Conv_3b_3x3,4,9,39,5,3,39,2,0,1,3,4,1,4,4
19,19,A2_Conv_3b_3x3,4,10,40,4,4,40,2,0,2,0,4,1,4,4
19,19,A2_Conv_3b_3x3,4,10,41,5,4,41,2,0,2,1,4,1,4,4
19,19,A2_Conv_3b_3x3,4,10,42,4,5,42,2,0,2,2,4,1,4,4
19,19,A2_Conv_3b_3x3,4,10,43,5,5,43,2,0,2,3,4,1,4,4
19,19,A2_Conv_3b_3x3,4,11,44,4,6,44,2,0,3,0,4,1,4,4
19,19,A2_Conv_3b_3x3,4,11,45,5,6,45,2,0,3,1,4,1,4,4
19,19,A2_Conv_3b_3x3,4,11,46,4,7,46,2,0,3,2,4,1,4,4
19,19,A2_Conv_3b_3x3,4,11,47,5,7,47,2,0,3,3,4,1,4,4
19,19,A2_Conv_3b_3x3,4,15,48,6,7,48,3,0,0,0,4,1,4,4
19,19,A2_Conv_3b_3x3,4,15,49,7,7,49,3,0,0,1,4,1,4,4
19,19,A2_Conv_3b_3x3,4,15,50,6,6,50,3,0,0,2,4,1,4,4
19,19,A2_Conv_3b_3x3,4,15,51,7,6,51,3,0,0,3,4,1,4,4
19,19,A2_Conv_3b_3x3,4,14,52,6,5,52,3,0,1,0,4,1,4,4
19,19,A2_Conv_3b_3x3,4,14,53,7,5,53,3,0,1,1,4,1,4,4
19,19,A2_Conv_3b_3x3,4,14,54,6,4,54,3,0,1,2,4,1,4,4
19,19,A2_Conv_3b_3x3,4,14,55,7,4,55,3,0,1,3,4,1,4,4
19,19,A2_Conv_3b_3x3,4,13,56,6,3,56,3,0,2,0,4,1,4,4
19,19,A2_Conv_3b_3x3,4,13,57,7,3,57,3,0,2,1,4,1,4,4
19,19,A2_Conv_3b_3x3,4,13,58,6,2,58,3,0,2,2,4,1,4,4
19,19,A2_Conv_3b_3x3,4,13,59,7,2,59,3,0,2,3,4,1,4,4
19,19,A2_Conv_3b_3x3,4,12,60,6,1,60,3,0,3,0,4,1,4,4
19,19,A2_Conv_3b_3x3,4,12,61,7,1,61,3,0,3,1,4,1,4,4
19,19,A2_Conv_3b_3x3,4,12,62,6,0,62,3,0,3,2,4,1,4,4
19,19,A2_Conv_3b_3x3,4,12,63,7,0,63,3,0,3,3,4,1,4,4
20,20,A2_Conv_3c_3x3,4,0,0,0,0,0,0,0,0,0,4,1,4,4
20,20,A2_Conv_3c_3x3,4,0,1,1,0,1,0,0,0,1,4,1,4,4
20,20,A2_Conv_3c_3x3,4,0,2,0,1,2,0,0,0,2,4,1,4,4
20,20,A2_Conv_3c_3x3,4,0,3,1,1,3,0,0,0,3,4,1,4,4
20,20,A2_Conv_3c_3x3,4,1,4,0,2,4,0,0,1,0,4,1,4,4
20,20,A2_Conv_3c_3x3,4,1,5,1,2,5,0,0,1,1,4,1,4,4
20,20,A2_Conv_3c_3x3,4,1,6,0,3,6,0,0,1,2,4,1,4,4
20,20,A2_Conv_3c_3x3,4,1,7,1,3,7,0,0,1,3,4,1,4,4
20,20,A2_Conv_3c_3x3,4,2,8,0,4,8,0,0,2,0,4,1,4,4
20,20,A2_Conv_3c_3x3,4,2,9,1,4,9,0,0,2,1,4,1,4,4
20,20,A2_Conv_3c_3x3,4,2,10,0,5,10,0,0,2,2,4,1,4,4
20,20,A2_Conv_3c_3x3,4,2,11,1,5,11,0,0,2,3,4,1,4,4
20,20,A2_Conv_3c_3x3,4,3,12,0,6,12,0,0,3,0,4,1,4,4
20,20,A2_Conv_3c_3x3,4,3,13,1,6,13,0,0,3,1,4,1,4,4
20,20,A2_Conv_3c_3x3,4,3,14,0,7,14,0,0,3,2,4,1,4,4
20,20,A2_Conv_3c_3x3,4,3,15,1,7,15,0,0,3,3,4,1,4,4
20,20,A2_Conv_3c_3x3,4,7,16,2,7,16,1,0,0,0,4,1,4,4
20,20,A2_Conv_3c_3x3,4,7,17,3,7,17,1,0,0,1,4,1,4,4
20,20,A2_Conv_3c_3x3,4,7,18,2,6,18,1,0,0,2,4,1,4,4
20,20,A2_Conv_3c_3x3,4,7,19,3,6,19,1,0,0,3,4,1,4,4
20,20,A2_Conv_3c_3x3,4,6,20,2,5,20,1,0,1,0,4,1,4,4
20,20,A2_Conv_3c_3x3,4,6,21,3,5,21,1,0,1,1,4,1,4,4
20,20,A2_Conv_3c_3x3,4,6,22,2,4,22,1,0,1,2,4,1,4,4
20,20,A2_Conv_3c_3x3,4,6,23,3,4,23,1,0,1,3,4,1,4,4
20,20,A2_Conv_3c_3x3,4,5,24,2,3,24,1,0,2,0,4,1,4,4
20,20,A2_Conv_3c_3x3,4,5,25,3,3,25,1,0,2,1,4,1,4,4
20,20,A2_Conv_3c_3x3,4,5,26,2,2,26,1,0,2,2,4,1,4,4
20,20,A2_Conv_3c_3x3,4,5,27,3,2,27,1,0,2,3,4,1,4,4
20,20,A2_Conv_3c_3x3,4,4,28,2,1,28,1,0,3,0,4,1,4,4
20,20,A2_Conv_3c_3x3,4,4,29,3,1,29,1,0,3,1,4,1,4,4
20,20,A2_Conv_3c_3x3,4,4,30,2,0,30,1,0,3,2,4,1,4,4
20,20,A2_Conv_3c_3x3,4,4,31,3,0,31,1,0,3,3,4,1,4,4
20,20,A2_Conv_3c_3x3,4,8,32,4,0,32,2,0,0,0,4,1,4,4
20,20,A2_Conv_3c_3x3,4,8,33,5,0,33,2,0,0,1,4,1,4,4
20,20,A2_Conv_3c_3x3,4,8,34,4,1,34,2,0,0,2,4,1,4,4
20,20,A2_Conv_3c_3x3,4,8,35,5,1,35,2,0,0,3,4,1,4,4
20,20,A2_Conv_3c_3x3,4,9,36,4,2,36,2,0,1,0,4,1,4,4
20,20,A2_Conv_3c_3x3,4,9,37,5,2,37,2,0,1,1,4,1,4,4
20,20,A2_Conv_3c_3x3,4,9,38,4,3,38,2,0,1,2,4,1,4,4
20,20,A2_Conv_3c_3x3,4,9,39,5,3,39,2,0,1,3,4,1,4,4
20,20,A2_Conv_3c_3x3,4,10,40,4,4,40,2,0,2,0,4,1,4,4
20,20,A2_Conv_3c_3x3,4,10,41,5,4,41,2,0,2,1,4,1,4,4
20,20,A2_Conv_3c_3x3,4,10,42,4,5,42,2,0,2,2,4,1,4,4
20,20,A2_Conv_3c_3x3,4,10,43,5,5,43,2,0,2,3,4,1,4,4
20,20,A2_Conv_3c_3x3,4,11,44,4,6,44,2,0,3,0,4,1,4,4
20,20,A2_Conv_3c_3x3,4,11,45,5,6,45,2,0,3,1,4,1,4,4
20,20,A2_Conv_3c_3x3,4,11,46,4,7,46,2,0,3,2,4,1,4,4
20,20,A2_Conv_3c_3x3,4,11,47,5,7,47,2,0,3,3,4,1,4,4
20,20,A2_Conv_3c_3x3,4,15,48,6,7,48,3,0,0,0,4,1,4,4
20,20,A2_Conv_3c_3x3,4,15,49,7,7,49,3,0,0,1,4,1,4,4
20,20,A2_Conv_3c_3x3,4,15,50,6,6,50,3,0,0,2,4,1,4,4
20,20,A2_Conv_3c_3x3,4,15,51,7,6,51,3,0,0,3,4,1,4,4
20,20,A2_Conv_3c_3x3,4,14,52,6,5,52,3,0,1,0,4,1,4,4
20,20,A2_Conv_3c_3x3,4,14,53,7,5,53,3,0,1,1,4,1,4,4
20,20,A2_Conv_3c_3x3,4,14,54,6,4,54,3,0,1,2,4,1,4,4
20,20,A2_Conv_3c_3x3,4,14,55,7,4,55,3,0,1,3,4,1,4,4
20,20,A2_Conv_3c_3x3,4,13,56,6,3,56,3,0,2,0,4,1,4,4
20,20,A2_Conv_3c_3x3,4,13,57,7,3,57,3,0,2,1,4,1,4,4
20,20,A2_Conv_3c_3x3,4,13,58,6,2,58,3,0,2,2,4,1,4,4
20,20,A2_Conv_3c_3x3,4,13,59,7,2,59,3,0,2,3,4,1,4,4
20,20,A2_Conv_3c_3x3,4,12,60,6,1,60,3,0,3,0,4,1,4,4
20,20,A2_Conv_3c_3x3,4,12,61,7,1,61,3,0,3,1,4,1,4,4
20,20,A2_Conv_3c_3x3,4,12,62,6,0,62,3,0,3,2,4,1,4,4
20,20,A2_Conv_3c_3x3,4,12,63,7,0,63,3,0,3,3,4,1,4,4
21,21,A2_Conv_4_1x1,2,0,0,0,0,0,0,0,0,0,2,8,1,4
21,21,A2_Conv_4_1x1,2,0,1,1,0,1,0,0,0,1,2,8,1,4
21,21,A2_Conv_4_1x1,2,0,2,0,1,2,0,0,0,2,2,8,1,4
21,21,A2_Conv_4_1x1,2,0,3,1,1,3,0,0,0,3,2,8,1,4
21,21,A2_Conv_4_1x1,2,1,4,0,2,32,1,0,0,0,2,8,1,4
21,21,A2_Conv_4_1x1,2,1,5,1,2,33,1,0,0,1,2,8,1,4
21,21,A2_Conv_4_1x1,2,1,6,0,3,34,1,0,0,2,2,8,1,4
21,21,A2_Conv_4_1x1,2,1,7,1,3,35,1,0,0,3,2,8,1,4
21,21,A2_Conv_4_1x1,2,2,8,0,4,4,0,1,0,0,2,8,1,4
21,21,A2_Conv_4_1x1,2,2,9,1,4,5,0,1,0,1,2,8,1,4
21,21,A2_Conv_4_1x1,2,2,10,0,5,6,0,1,0,2,2,8,1,4
21,21,A2_Conv_4_1x1,2,2,11,1,5,7,0,1,0,3,2,8,1,4
21,21,A2_Conv_4_1x1,2,3,12,0,6,36,1,1,0,0,2,8,1,4
21,21,A2_Conv_4_1x1,2,3,13,1,6,37,1,1,0,1,2,8,1,4
21,21,A2_Conv_4_1x1,2,3,14,0,7,38,1,1,0,2,2,8,1,4
21,21,A2_Conv_4_1x1,2,3,15,1,7,39,1,1,0,3,2,8,1,4
21,21,A2_Conv_4_1x1,2,7,16,2,7,8,0,2,0,0,2,8,1,4
21,21,A2_Conv_4_1x1,2,7,17,3,7,9,0,2,0,1,2,8,1,4
21,21,A2_Conv_4_1x1,2,7,18,2,6,10,0,2,0,2,2,8,1,4
21,21,A2_Conv_4_1x1,2,7,19,3,6,11,0,2,0,3,2,8,1,4
21,21,A2_Conv_4_1x1,2,6,20,2,5,40,1,2,0,0,2,8,1,4
21,21,A2_Conv_4_1x1,2,6,21,3,5,41,1,2,0,1,2,8,1,4
21,21,A2_Conv_4_1x1,2,6,22,2,4,42,1,2,0,2,2,8,1,4
21,21,A2_Conv_4_1x1,2,6,23,3,4,43,1,2,0,3,2,8,1,4
21,21,A2_Conv_4_1x1,2,5,24,2,3,12,0,3,0,0,2,8,1,4
21,21,A2_Conv_4_1x1,2,5,25,3,3,13,0,3,0,1,2,8,1,4
21,21,A2_Conv_4_1x1,2,5,26,2,2,14,0,3,0,2,2,8,1,4
21,21,A2_Conv_4_1x1,2,5,27,3,2,15,0,3,0,3,2,8,1,4
21,21,A2_Conv_4_1x1,2,4,28,2,1,44,1,3,0,0,2,8,1,4
21,21,A2_Conv_4_1x1,2,4,29,3,1,45,1,3,0,1,2,8,1,4
21,21,A2_Conv_4_1x1,2,4,30,2,0,46,1,3,0,2,2,8,1,4
21,21,A2_Conv_4_1x1,2,4,31,3,0,47,1,3,0,3,2,8,1,4
21,21,A2_Conv_4_1x1,2,8,32,4,0,16,0,4,0,0,2,8,1,4
21,21,A2_Conv_4_1x1,2,8,33,5,0,17,0,4,0,1,2,8,1,4
21,21,A2_Conv_4_1x1,2,8,34,4,1,18,0,4,0,2,2,8,1,4
21,21,A2_Conv_4_1x1,2,8,35,5,1,19,0,4,0,3,2,8,1,4
21,21,A2_Conv_4_1x1,2,9,36,4,2,48,1,4,0,0,2,8,1,4
21,21,A2_Conv_4_1x1,2,9,37,5,2,49,1,4,0,1,2,8,1,4
21,21,A2_Conv_4_1x1,2,9,38,4,3,50,1,4,0,2,2,8,1,4
21,21,A2_Conv_4_1x1,2,9,39,5,3,51,1,4,0,3,2,8,1,4
21,21,A2_Conv_4_1x1,2,10,40,4,4,20,0,5,0,0,2,8,1,4
21,21,A2_Conv_4_1x1,2,10,41,5,4,21,0,5,0,1,2,8,1,4
21,21,A2_Conv_4_1x1,2,10,42,4,5,22,0,5,0,2,2,8,1,4
21,21,A2_Conv_4_1x1,2,10,43,5,5,23,0,5,0,3,2,8,1,4
21,21,A2_Conv_4_1x1,2,11,44,4,6,52,1,5,0,0,2,8,1,4
21,21,A2_Conv_4_1x1,2,11,45,5,6,53,1,5,0,1,2,8,1,4
21,21,A2_Conv_4_1x1,2,11,46,4,7,54,1,5,0,2,2,8,1,4
21,21,A2_Conv_4_1x1,2,11,47,5,7,55,1,5,0,3,2,8,1,4
21,21,A2_Conv_4_1x1,2,15,48,6,7,24,0,6,0,0,2,8,1,4
21,21,A2_Conv_4_1x1,2,15,49,7,7,25,0,6,0,1,2,8,1,4
21,21,A2_Conv_4_1x1,2,15,50,6,6,26,0,6,0,2,2,8,1,4
21,21,A2_Conv_4_1x1,2,15,51,7,6,27,0,6,0,3,2,8,1,4
21,21,A2_Conv_4_1x1,2,14,52,6,5,56,1,6,0,0,2,8,1,4
21,21,A2_Conv_4_1x1,2,14,53,7,5,57,1,6,0,1,2,8,1,4
21,21,A2_Conv_4_1x1,2,14,54,6,4,58,1,6,0,2,2,8,1,4
21,21,A2_Conv_4_1x1,2,14,55,7,4,59,1,6,0,3,2,8,1,4
21,21,A2_Conv_4_1x1,2,13,56,6,3,28,0,7,0,0,2,8,1,4
21,21,A2_Conv_4_1x1,2,13,57,7,3,29,0,7,0,1,2,8,1,4
21,21,A2_Conv_4_1x1,2,13,58,6,2,30,0,7,0,2,2,8,1,4
21,21,A2_Conv_4_1x1,2,13,59,7,2,31,0,7,0,3,2,8,1,4
21,21,A2_Conv_4_1x1,2,12,60,6,1,60,1,7,0,0,2,8,1,4
21,21,A2_Conv_4_1x1,2,12,61,7,1,61,1,7,0,1,2,8,1,4
21,21,A2_Conv_4_1x1,2,12,62,6,0,62,1,7,0,2,2,8,1,4
21,21,A2_Conv_4_1x1,2,12,63,7,0,63,1,7,0,3,2,8,1,4
22,22,A2_Eltwise,4,0,0,0,0,0,0,0,0,0,4,16,1,1
22,22,A2_Eltwise,4,0,1,1,0,16,1,0,0,0,4,16,1,1
22,22,A2_Eltwise,4,0,2,0,1,32,2,0,0,0,4,16,1,1
22,22,A2_Eltwise,4,0,3,1,1,48,3,0,0,0,4,16,1,1
22,22,A2_Eltwise,4,1,4,0,2,1,0,1,0,0,4,16,1,1
22,22,A2_Eltwise,4,1,5,1,2,17,1,1,0,0,4,16,1,1
22,22,A2_Eltwise,4,1,6,0,3,33,2,1,0,0,4,16,1,1
22,22,A2_Eltwise,4,1,7,1,3,49,3,1,0,0,4,16,1,1
22,22,A2_Eltwise,4,2,8,0,4,2,0,2,0,0,4,16,1,1
22,22,A2_Eltwise,4,2,9,1,4,18,1,2,0,0,4,16,1,1
22,22,A2_Eltwise,4,2,10,0,5,34,2,2,0,0,4,16,1,1
22,22,A2_Eltwise,4,2,11,1,5,50,3,2,0,0,4,16,1,1
22,22,A2_Eltwise,4,3,12,0,6,3,0,3,0,0,4,16,1,1
22,22,A2_Eltwise,4,3,13,1,6,19,1,3,0,0,4,16,1,1
22,22,A2_Eltwise,4,3,14,0,7,35,2,3,0,0,4,16,1,1
22,22,A2_Eltwise,4,3,15,1,7,51,3,3,0,0,4,16,1,1
22,22,A2_Eltwise,4,7,16,2,7,4,0,4,0,0,4,16,1,1
22,22,A2_Eltwise,4,7,17,3,7,20,1,4,0,0,4,16,1,1
22,22,A2_Eltwise,4,7,18,2,6,36,2,4,0,0,4,16,1,1
22,22,A2_Eltwise,4,7,19,3,6,52,3,4,0,0,4,16,1,1
22,22,A2_Eltwise,4,6,20,2,5,5,0,5,0,0,4,16,1,1
22,22,A2_Eltwise,4,6,21,3,5,21,1,5,0,0,4,16,1,1
22,22,A2_Eltwise,4,6,22,2,4,37,2,5,0,0,4,16,1,1
22,22,A2_Eltwise,4,6,23,3,4,53,3,5,0,0,4,16,1,1
22,22,A2_Eltwise,4,5,24,2,3,6,0,6,0,0,4,16,1,1
22,22,A2_Eltwise,4,5,25,3,3,22,1,6,0,0,4,16,1,1
22,22,A2_Eltwise,4,5,26,2,2,38,2,6,0,0,4,16,1,1
22,22,A2_Eltwise,4,5,27,3,2,54,3,6,0,0,4,16,1,1
22,22,A2_Eltwise,4,4,28,2,1,7,0,7,0,0,4,16,1,1
22,22,A2_Eltwise,4,4,29,3,1,23,1,7,0,0,4,16,1,1
22,22,A2_Eltwise,4,4,30,2,0,39,2,7,0,0,4,16,1,1
22,22,A2_Eltwise,4,4,31,3,0,55,3,7,0,0,4,16,1,1
22,22,A2_Eltwise,4,8,32,4,0,8,0,8,0,0,4,16,1,1
22,22,A2_Eltwise,4,8,33,5,0,24,1,8,0,0,4,16,1,1
22,22,A2_Eltwise,4,8,34,4,1,40,2,8,0,0,4,16,1,1
22,22,A2_Eltwise,4,8,35,5,1,56,3,8,0,0,4,16,1,1
22,22,A2_Eltwise,4,9,36,4,2,9,0,9,0,0,4,16,1,1
22,22,A2_Eltwise,4,9,37,5,2,25,1,9,0,0,4,16,1,1
22,22,A2_Eltwise,4,9,38,4,3,41,2,9,0,0,4,16,1,1
22,22,A2_Eltwise,4,9,39,5,3,57,3,9,0,0,4,16,1,1
22,22,A2_Eltwise,4,10,40,4,4,10,0,10,0,0,4,16,1,1
22,22,A2_Eltwise,4,10,41,5,4,26,1,10,0,0,4,16,1,1
22,22,A2_Eltwise,4,10,42,4,5,42,2,10,0,0,4,16,1,1
22,22,A2_Eltwise,4,10,43,5,5,58,3,10,0,0,4,16,1,1
22,22,A2_Eltwise,4,11,44,4,6,11,0,11,0,0,4,16,1,1
22,22,A2_Eltwise,4,11,45,5,6,27,1,11,0,0,4,16,1,1
22,22,A2_Eltwise,4,11,46,4,7,43,2,11,0,0,4,16,1,1
22,22,A2_Eltwise,4,11,47,5,7,59,3,11,0,0,4,16,1,1
22,22,A2_Eltwise,4,15,48,6,7,12,0,12,0,0,4,16,1,1
22,22,A2_Eltwise,4,15,49,7,7,28,1,12,0,0,4,16,1,1
22,22,A2_Eltwise,4,15,50,6,6,44,2,12,0,0,4,16,1,1
22,22,A2_Eltwise,4,15,51,7,6,60,3,12,0,0,4,16,1,1
22,22,A2_Eltwise,4,14,52,6,5,13,0,13,0,0,4,16,1,1
22,22,A2_Eltwise,4,14,53,7,5,29,1,13,0,0,4,16,1,1
22,22,A2_Eltwise,4,14,54,6,4,45,2,13,0,0,4,16,1,1
22,22,A2_Eltwise,4,14,55,7,4,61,3,13,0,0,4,16,1,1
22,22,A2_Eltwise,4,13,56,6,3,14,0,14,0,0,4,16,1,1
22,22,A2_Eltwise,4,13,57,7,3,30,1,14,0,0,4,16,1,1
22,22,A2_Eltwise,4,13,58,6,2,46,2,14,0,0,4,16,1,1
22,22,A2_Eltwise,4,13,59,7,2,62,3,14,0,0,4,16,1,1
22,22,A2_Eltwise,4,12,60,6,1,15,0,15,0,0,4,16,1,1
22,22,A2_Eltwise,4,12,61,7,1,31,1,15,0,0,4,16,1,1
22,22,A2_Eltwise,4,12,62,6,0,47,2,15,0,0,4,16,1,1
22,22,A2_Eltwise,4,12,63,7,0,63,3,15,0,0,4,16,1,1
23,23,A3_Conv_1a_1x1,4,0,0,0,0,0,0,0,0,0,4,1,4,4
23,23,A3_Conv_1a_1x1,4,0,1,1,0,1,0,0,0,1,4,1,4,4
23,23,A3_Conv_1a_1x1,4,0,2,0,1,2,0,0,0,2,4,1,4,4
23,23,A3_Conv_1a_1x1,4,0,3,1,1,3,0,0,0,3,4,1,4,4
23,23,A3_Conv_1a_1x1,4,1,4,0,2,4,0,0,1,0,4,1,4,4
23,23,A3_Conv_1a_1x1,4,1,5,1,2,5,0,0,1,1,4,1,4,4
23,23,A3_Conv_1a_1x1,4,1,6,0,3,6,0,0,1,2,4,1,4,4
23,23,A3_Conv_1a_1x1,4,1,7,1,3,7,0,0,1,3,4,1,4,4
23,23,A3_Conv_1a_1x1,4,2,8,0,4,8,0,0,2,0,4,1,4,4
23,23,A3_Conv_1a_1x1,4,2,9,1,4,9,0,0,2,1,4,1,4,4
23,23,A3_Conv_1a_1x1,4,2,10,0,5,10,0,0,2,2,4,1,4,4
23,23,A3_Conv_1a_1x1,4,2,11,1,5,11,0,0,2,3,4,1,4,4
23,23,A3_Conv_1a_1x1,4,3,12,0,6,12,0,0,3,0,4,1,4,4
23,23,A3_Conv_1a_1x1,4,3,13,1,6,13,0,0,3,1,4,1,4,4
23,23,A3_Conv_1a_1x1,4,3,14,0,7,14,0,0,3,2,4,1,4,4
23,23,A3_Conv_1a_1x1,4,3,15,1,7,15,0,0,3,3,4,1,4,4
23,23,A3_Conv_1a_1x1,4,7,16,2,7,16,1,0,0,0,4,1,4,4
23,23,A3_Conv_1a_1x1,4,7,17,3,7,17,1,0,0,1,4,1,4,4
23,23,A3_Conv_1a_1x1,4,7,18,2,6,18,1,0,0,2,4,1,4,4
23,23,A3_Conv_1a_1x1,4,7,19,3,6,19,1,0,0,3,4,1,4,4
23,23,A3_Conv_1a_1x1,4,6,20,2,5,20,1,0,1,0,4,1,4,4
23,23,A3_Conv_1a_1x1,4,6,21,3,5,21,1,0,1,1,4,1,4,4
23,23,A3_Conv_1a_1x1,4,6,22,2,4,22,1,0,1,2,4,1,4,4
23,23,A3_Conv_1a_1x1,4,6,23,3,4,23,1,0,1,3,4,1,4,4
23,23,A3_Conv_1a_1x1,4,5,24,2,3,24,1,0,2,0,4,1,4,4
23,23,A3_Conv_1a_1x1,4,5,25,3,3,25,1,0,2,1,4,1,4,4
23,23,A3_Conv_1a_1x1,4,5,26,2,2,26,1,0,2,2,4,1,4,4
23,23,A3_Conv_1a_1x1,4,5,27,3,2,27,1,0,2,3,4,1,4,4
23,23,A3_Conv_1a_1x1,4,4,28,2,1,28,1,0,3,0,4,1,4,4
23,23,A3_Conv_1a_1x1,4,4,29,3,1,29,1,0,3,1,4,1,4,4
23,23,A3_Conv_1a_1x1,4,4,30,2,0,30,1,0,3,2,4,1,4,4
23,23,A3_Conv_1a_1x1,4,4,31,3,0,31,1,0,3,3,4,1,4,4
23,23,A3_Conv_1a_1x1,4,8,32,4,0,32,2,0,0,0,4,1,4,4
23,23,A3_Conv_1a_1x1,4,8,33,5,0,33,2,0,0,1,4,1,4,4
23,23,A3_Conv_1a_1x1,4,8,34,4,1,34,2,0,0,2,4,1,4,4
23,23,A3_Conv_1a_1x1,4,8,35,5,1,35,2,0,0,3,4,1,4,4
23,23,A3_Conv_1a_1x1,4,9,36,4,2,36,2,0,1,0,4,1,4,4
23,23,A3_Conv_1a_1x1,4,9,37,5,2,37,2,0,1,1,4,1,4,4
23,23,A3_Conv_1a_1x1,4,9,38,4,3,38,2,0,1,2,4,1,4,4
23,23,A3_Conv_1a_1x1,4,9,39,5,3,39,2,0,1,3,4,1,4,4
23,23,A3_Conv_1a_1x1,4,10,40,4,4,40,2,0,2,0,4,1,4,4
23,23,A3_Conv_1a_1x1,4,10,41,5,4,41,2,0,2,1,4,1,4,4
23,23,A3_Conv_1a_1x1,4,10,42,4,5,42,2,0,2,2,4,1,4,4
23,23,A3_Conv_1a_1x1,4,10,43,5,5,43,2,0,2,3,4,1,4,4
23,23,A3_Conv_1a_1x1,4,11,44,4,6,44,2,0,3,0,4,1,4,4
23,23,A3_Conv_1a_1x1,4,11,45,5,6,45,2,0,3,1,4,1,4,4
23,23,A3_Conv_1a_1x1,4,11,46,4,7,46,2,0,3,2,4,1,4,4
23,23,A3_Conv_1a_1x1,4,11,47,5,7,47,2,0,3,3,4,1,4,4
23,23,A3_Conv_1a_1x1,4,15,48,6,7,48,3,0,0,0,4,1,4,4
23,23,A3_Conv_1a_1x1,4,15,49,7,7,49,3,0,0,1,4,1,4,4
23,23,A3_Conv_1a_1x1,4,15,50,6,6,50,3,0,0,2,4,1,4,4
23,23,A3_Conv_1a_1x1,4,15,51,7,6,51,3,0,0,3,4,1,4,4
23,23,A3_Conv_1a_1x1,4,14,52,6,5,52,3,0,1,0,4,1,4,4
23,23,A3_Conv_1a_1x1,4,14,53,7,5,53,3,0,1,1,4,1,4,4
23,23,A3_Conv_1a_1x1,4,14,54,6,4,54,3,0,1,2,4,1,4,4
23,23,A3_Conv_1a_1x1,4,14,55,7,4,55,3,0,1,3,4,1,4,4
23,23,A3_Conv_1a_1x1,4,13,56,6,3,56,3,0,2,0,4,1,4,4
23,23,A3_Conv_1a_1x1,4,13,57,7,3,57,3,0,2,1,4,1,4,4
23,23,A3_Conv_1a_1x1,4,13,58,6,2,58,3,0,2,2,4,1,4,4
23,23,A3_Conv_1a_1x1,4,13,59,7,2,59,3,0,2,3,4,1,4,4
23,23,A3_Conv_1a_1x1,4,12,60,6,1,60,3,0,3,0,4,1,4,4
23,23,A3_Conv_1a_1x1,4,12,61,7,1,61,3,0,3,1,4,1,4,4
23,23,A3_Conv_1a_1x1,4,12,62,6,0,62,3,0,3,2,4,1,4,4
23,23,A3_Conv_1a_1x1,4,12,63,7,0,63,3,0,3,3,4,1,4,4
24,24,A3_Conv_2a_1x1,4,0,0,0,0,0,0,0,0,0,4,1,4,4
24,24,A3_Conv_2a_1x1,4,0,1,1,0,1,0,0,0,1,4,1,4,4
24,24,A3_Conv_2a_1x1,4,0,2,0,1,2,0,0,0,2,4,1,4,4
24,24,A3_Conv_2a_1x1,4,0,3,1,1,3,0,0,0,3,4,1,4,4
24,24,A3_Conv_2a_1x1,4,1,4,0,2,4,0,0,1,0,4,1,4,4
24,24,A3_Conv_2a_1x1,4,1,5,1,2,5,0,0,1,1,4,1,4,4
24,24,A3_Conv_2a_1x1,4,1,6,0,3,6,0,0,1,2,4,1,4,4
24,24,A3_Conv_2a_1x1,4,1,7,1,3,7,0,0,1,3,4,1,4,4
24,24,A3_Conv_2a_1x1,4,2,8,0,4,8,0,0,2,0,4,1,4,4
24,24,A3_Conv_2a_1x1,4,2,9,1,4,9,0,0,2,1,4,1,4,4
24,24,A3_Conv_2a_1x1,4,2,10,0,5,10,0,0,2,2,4,1,4,4
24,24,A3_Conv_2a_1x1,4,2,11,1,5,11,0,0,2,3,4,1,4,4
24,24,A3_Conv_2a_1x1,4,3,12,0,6,12,0,0,3,0,4,1,4,4
24,24,A3_Conv_2a_1x1,4,3,13,1,6,13,0,0,3,1,4,1,4,4
24,24,A3_Conv_2a_1x1,4,3,14,0,7,14,0,0,3,2,4,1,4,4
24,24,A3_Conv_2a_1x1,4,3,15,1,7,15,0,0,3,3,4,1,4,4
24,24,A3_Conv_2a_1x1,4,7,16,2,7,16,1,0,0,0,4,1,4,4
24,24,A3_Conv_2a_1x1,4,7,17,3,7,17,1,0,0,1,4,1,4,4
24,24,A3_Conv_2a_1x1,4,7,18,2,6,18,1,0,0,2,4,1,4,4
24,24,A3_Conv_2a_1x1,4,7,19,3,6,19,1,0,0,3,4,1,4,4
24,24,A3_Conv_2a_1x1,4,6,20,2,5,20,1,0,1,0,4,1,4,4
24,24,A3_Conv_2a_1x1,4,6,21,3,5,21,1,0,1,1,4,1,4,4
24,24,A3_Conv_2a_1x1,4,6,22,2,4,22,1,0,1,2,4,1,4,4
24,24,A3_Conv_2a_1x1,4,6,23,3,4,23,1,0,1,3,4,1,4,4
24,24,A3_Conv_2a_1x1,4,5,24,2,3,24,1,0,2,0,4,1,4,4
24,24,A3_Conv_2a_1x1,4,5,25,3,3,25,1,0,2,1,4,1,4,4
24,24,A3_Conv_2a_1x1,4,5,26,2,2,26,1,0,2,2,4,1,4,4
24,24,A3_Conv_2a_1x1,4,5,27,3,2,27,1,0,2,3,4,1,4,4
24,24,A3_Conv_2a_1x1,4,4,28,2,1,28,1,0,3,0,4,1,4,4
24,24,A3_Conv_2a_1x1,4,4,29,3,1,29,1,0,3,1,4,1,4,4
24,24,A3_Conv_2a_1x1,4,4,30,2,0,30,1,0,3,2,4,1,4,4
24,24,A3_Conv_2a_1x1,4,4,31,3,0,31,1,0,3,3,4,1,4,4
24,24,A3_Conv_2a_1x1,4,8,32,4,0,32,2,0,0,0,4,1,4,4
24,24,A3_Conv_2a_1x1,4,8,33,5,0,33,2,0,0,1,4,1,4,4
24,24,A3_Conv_2a_1x1,4,8,34,4,1,34,2,0,0,2,4,1,4,4
24,24,A3_Conv_2a_1x1,4,8,35,5,1,35,2,0,0,3,4,1,4,4
24,24,A3_Conv_2a_1x1,4,9,36,4,2,36,2,0,1,0,4,1,4,4
24,24,A3_Conv_2a_1x1,4,9,37,5,2,37,2,0,1,1,4,1,4,4
24,24,A3_Conv_2a_1x1,4,9,38,4,3,38,2,0,1,2,4,1,4,4
24,24,A3_Conv_2a_1x1,4,9,39,5,3,39,2,0,1,3,4,1,4,4
24,24,A3_Conv_2a_1x1,4,10,40,4,4,40,2,0,2,0,4,1,4,4
24,24,A3_Conv_2a_1x1,4,10,41,5,4,41,2,0,2,1,4,1,4,4
24,24,A3_Conv_2a_1x1,4,10,42,4,5,42,2,0,2,2,4,1,4,4
24,24,A3_Conv_2a_1x1,4,10,43,5,5,43,2,0,2,3,4,1,4,4
24,24,A3_Conv_2a_1x1,4,11,44,4,6,44,2,0,3,0,4,1,4,4
24,24,A3_Conv_2a_1x1,4,11,45,5,6,45,2,0,3,1,4,1,4,4
24,24,A3_Conv_2a_1x1,4,11,46,4,7,46,2,0,3,2,4,1,4,4
24,24,A3_Conv_2a_1x1,4,11,47,5,7,47,2,0,3,3,4,1,4,4
24,24,A3_Conv_2a_1x1,4,15,48,6,7,48,3,0,0,0,4,1,4,4
24,24,A3_Conv_2a_1x1,4,15,49,7,7,49,3,0,0,1,4,1,4,4
24,24,A3_Conv_2a_1x1,4,15,50,6,6,50,3,0,0,2,4,1,4,4
24,24,A3_Conv_2a_1x1,4,15,51,7,6,51,3,0,0,3,4,1,4,4
24,24,A3_Conv_2a_1x1,4,14,52,6,5,52,3,0,1,0,4,1,4,4
24,24,A3_Conv_2a_1x1,4,14,53,7,5,53,3,0,1,1,4,1,4,4
24,24,A3_Conv_2a_1x1,4,14,54,6,4,54,3,0,1,2,4,1,4,4
24,24,A3_Conv_2a_1x1,4,14,55,7,4,55,3,0,1,3,4,1,4,4
24,24,A3_Conv_2a_1x1,4,13,56,6,3,56,3,0,2,0,4,1,4,4
24,24,A3_Conv_2a_1x1,4,13,57,7,3,57,3,0,2,1,4,1,4,4
24,24,A3_Conv_2a_1x1,4,13,58,6,2,58,3,0,2,2,4,1,4,4
24,24,A3_Conv_2a_1x1,4,13,59,7,2,59,3,0,2,3,4,1,4,4
24,24,A3_Conv_2a_1x1,4,12,60,6,1,60,3,0,3,0,4,1,4,4
24,24,A3_Conv_2a_1x1,4,12,61,7,1,61,3,0,3,1,4,1,4,4
24,24,A3_Conv_2a_1x1,4,12,62,6,0,62,3,0,3,2,4,1,4,4
24,24,A3_Conv_2a_1x1,4,12,63,7,0,63,3,0,3,3,4,1,4,4
25,25,A3_Conv_2b_3x3,4,0,0,0,0,0,0,0,0,0,4,1,4,4
25,25,A3_Conv_2b_3x3,4,0,1,1,0,1,0,0,0,1,4,1,4,4
25,25,A3_Conv_2b_3x3,4,0,2,0,1,2,0,0,0,2,4,1,4,4
25,25,A3_Conv_2b_3x3,4,0,3,1,1,3,0,0,0,3,4,1,4,4
25,25,A3_Conv_2b_3x3,4,1,4,0,2,4,0,0,1,0,4,1,4,4
25,25,A3_Conv_2b_3x3,4,1,5,1,2,5,0,0,1,1,4,1,4,4
25,25,A3_Conv_2b_3x3,4,1,6,0,3,6,0,0,1,2,4,1,4,4
25,25,A3_Conv_2b_3x3,4,1,7,1,3,7,0,0,1,3,4,1,4,4
25,25,A3_Conv_2b_3x3,4,2,8,0,4,8,0,0,2,0,4,1,4,4
25,25,A3_Conv_2b_3x3,4,2,9,1,4,9,0,0,2,1,4,1,4,4
25,25,A3_Conv_2b_3x3,4,2,10,0,5,10,0,0,2,2,4,1,4,4
25,25,A3_Conv_2b_3x3,4,2,11,1,5,11,0,0,2,3,4,1,4,4
25,25,A3_Conv_2b_3x3,4,3,12,0,6,12,0,0,3,0,4,1,4,4
25,25,A3_Conv_2b_3x3,4,3,13,1,6,13,0,0,3,1,4,1,4,4
25,25,A3_Conv_2b_3x3,4,3,14,0,7,14,0,0,3,2,4,1,4,4
25,25,A3_Conv_2b_3x3,4,3,15,1,7,15,0,0,3,3,4,1,4,4
25,25,A3_Conv_2b_3x3,4,7,16,2,7,16,1,0,0,0,4,1,4,4
25,25,A3_Conv_2b_3x3,4,7,17,3,7,17,1,0,0,1,4,1,4,4
25,25,A3_Conv_2b_3x3,4,7,18,2,6,18,1,0,0,2,4,1,4,4
25,25,A3_Conv_2b_3x3,4,7,19,3,6,19,1,0,0,3,4,1,4,4
25,25,A3_Conv_2b_3x3,4,6,20,2,5,20,1,0,1,0,4,1,4,4
25,25,A3_Conv_2b_3x3,4,6,21,3,5,21,1,0,1,1,4,1,4,4
25,25,A3_Conv_2b_3x3,4,6,22,2,4,22,1,0,1,2,4,1,4,4
25,25,A3_Conv_2b_3x3,4,6,23,3,4,23,1,0,1,3,4,1,4,4
25,25,A3_Conv_2b_3x3,4,5,24,2,3,24,1,0,2,0,4,1,4,4
25,25,A3_Conv_2b_3x3,4,5,25,3,3,25,1,0,2,1,4,1,4,4
25,25,A3_Conv_2b_3x3,4,5,26,2,2,26,1,0,2,2,4,1,4,4
25,25,A3_Conv_2b_3x3,4,5,27,3,2,27,1,0,2,3,4,1,4,4
25,25,A3_Conv_2b_3x3,4,4,28,2,1,28,1,0,3,0,4,1,4,4
25,25,A3_Conv_2b_3x3,4,4,29,3,1,29,1,0,3,1,4,1,4,4
25,25,A3_Conv_2b_3x3,4,4,30,2,0,30,1,0,3,2,4,1,4,4
25,25,A3_Conv_2b_3x3,4,4,31,3,0,31,1,0,3,3,4,1,4,4
25,25,A3_Conv_2b_3x3,4,8,32,4,0,32,2,0,0,0,4,1,4,4
25,25,A3_Conv_2b_3x3,4,8,33,5,0,33,2,0,0,1,4,1,4,4
25,25,A3_Conv_2b_3x3,4,8,34,4,1,34,2,0,0,2,4,1,4,4
25,25,A3_Conv_2b_3x3,4,8,35,5,1,35,2,0,0,3,4,1,4,4
25,25,A3_Conv_2b_3x3,4,9,36,4,2,36,2,0,1,0,4,1,4,4
25,25,A3_Conv_2b_3x3,4,9,37,5,2,37,2,0,1,1,4,1,4,4
25,25,A3_Conv_2b_3x3,4,9,38,4,3,38,2,0,1,2,4,1,4,4
25,25,A3_Conv_2b_3x3,4,9,39,5,3,39,2,0,1,3,4,1,4,4
25,25,A3_Conv_2b_3x3,4,10,40,4,4,40,2,0,2,0,4,1,4,4
25,25,A3_Conv_2b_3x3,4,10,41,5,4,41,2,0,2,1,4,1,4,4
25,25,A3_Conv_2b_3x3,4,10,42,4,5,42,2,0,2,2,4,1,4,4
25,25,A3_Conv_2b_3x3,4,10,43,5,5,43,2,0,2,3,4,1,4,4
25,25,A3_Conv_2b_3x3,4,11,44,4,6,44,2,0,3,0,4,1,4,4
25,25,A3_Conv_2b_3x3,4,11,45,5,6,45,2,0,3,1,4,1,4,4
25,25,A3_Conv_2b_3x3,4,11,46,4,7,46,2,0,3,2,4,1,4,4
25,25,A3_Conv_2b_3x3,4,11,47,5,7,47,2,0,3,3,4,1,4,4
25,25,A3_Conv_2b_3x3,4,15,48,6,7,48,3,0,0,0,4,1,4,4
25,25,A3_Conv_2b_3x3,4,15,49,7,7,49,3,0,0,1,4,1,4,4
25,25,A3_Conv_2b_3x3,4,15,50,6,6,50,3,0,0,2,4,1,4,4
25,25,A3_Conv_2b_3x3,4,15,51,7,6,51,3,0,0,3,4,1,4,4
25,25,A3_Conv_2b_3x3,4,14,52,6,5,52,3,0,1,0,4,1,4,4
25,25,A3_Conv_2b_3x3,4,14,53,7,5,53,3,0,1,1,4,1,4,4
25,25,A3_Conv_2b_3x3,4,14,54,6,4,54,3,0,1,2,4,1,4,4
25,25,A3_Conv_2b_3x3,4,14,55,7,4,55,3,0,1,3,4,1,4,4
25,25,A3_Conv_2b_3x3,4,13,56,6,3,56,3,0,2,0,4,1,4,4
25,25,A3_Conv_2b_3x3,4,13,57,7,3,57,3,0,2,1,4,1,4,4
25,25,A3_Conv_2b_3x3,4,13,58,6,2,58,3,0,2,2,4,1,4,4
25,25,A3_Conv_2b_3x3,4,13,59,7,2,59,3,0,2,3,4,1,4,4
25,25,A3_Conv_2b_3x3,4,12,60,6,1,60,3,0,3,0,4,1,4,4
25,25,A3_Conv_2b_3x3,4,12,61,7,1,61,3,0,3,1,4,1,4,4
25,25,A3_Conv_2b_3x3,4,12,62,6,0,62,3,0,3,2,4,1,4,4
25,25,A3_Conv_2b_3x3,4,12,63,7,0,63,3,0,3,3,4,1,4,4
26,26,A3_Conv_3a_1x1,4,0,0,0,0,0,0,0,0,0,4,1,4,4
26,26,A3_Conv_3a_1x1,4,0,1,1,0,1,0,0,0,1,4,1,4,4
26,26,A3_Conv_3a_1x1,4,0,2,0,1,2,0,0,0,2,4,1,4,4
26,26,A3_Conv_3a_1x1,4,0,3,1,1,3,0,0,0,3,4,1,4,4
26,26,A3_Conv_3a_1x1,4,1,4,0,2,4,0,0,1,0,4,1,4,4
26,26,A3_Conv_3a_1x1,4,1,5,1,2,5,0,0,1,1,4,1,4,4
26,26,A3_Conv_3a_1x1,4,1,6,0,3,6,0,0,1,2,4,1,4,4
26,26,A3_Conv_3a_1x1,4,1,7,1,3,7,0,0,1,3,4,1,4,4
26,26,A3_Conv_3a_1x1,4,2,8,0,4,8,0,0,2,0,4,1,4,4
26,26,A3_Conv_3a_1x1,4,2,9,1,4,9,0,0,2,1,4,1,4,4
26,26,A3_Conv_3a_1x1,4,2,10,0,5,10,0,0,2,2,4,1,4,4
26,26,A3_Conv_3a_1x1,4,2,11,1,5,11,0,0,2,3,4,1,4,4
26,26,A3_Conv_3a_1x1,4,3,12,0,6,12,0,0,3,0,4,1,4,4
26,26,A3_Conv_3a_1x1,4,3,13,1,6,13,0,0,3,1,4,1,4,4
26,26,A3_Conv_3a_1x1,4,3,14,0,7,14,0,0,3,2,4,1,4,4
26,26,A3_Conv_3a_1x1,4,3,15,1,7,15,0,0,3,3,4,1,4,4
26,26,A3_Conv_3a_1x1,4,7,16,2,7,16,1,0,0,0,4,1,4,4
26,26,A3_Conv_3a_1x1,4,7,17,3,7,17,1,0,0,1,4,1,4,4
26,26,A3_Conv_3a_1x1,4,7,18,2,6,18,1,0,0,2,4,1,4,4
26,26,A3_Conv_3a_1x1,4,7,19,3,6,19,1,0,0,3,4,1,4,4
26,26,A3_Conv_3a_1x1,4,6,20,2,5,20,1,0,1,0,4,1,4,4
26,26,A3_Conv_3a_1x1,4,6,21,3,5,21,1,0,1,1,4,1,4,4
26,26,A3_Conv_3a_1x1,4,6,22,2,4,22,1,0,1,2,4,1,4,4
26,26,A3_Conv_3a_1x1,4,6,23,3,4,23,1,0,1,3,4,1,4,4
26,26,A3_Conv_3a_1x1,4,5,24,2,3,24,1,0,2,0,4,1,4,4
26,26,A3_Conv_3a_1x1,4,5,25,3,3,25,1,0,2,1,4,1,4,4
26,26,A3_Conv_3a_1x1,4,5,26,2,2,26,1,0,2,2,4,1,4,4
26,26,A3_Conv_3a_1x1,4,5,27,3,2,27,1,0,2,3,4,1,4,4
26,26,A3_Conv_3a_1x1,4,4,28,2,1,28,1,0,3,0,4,1,4,4
26,26,A3_Conv_3a_1x1,4,4,29,3,1,29,1,0,3,1,4,1,4,4
26,26,A3_Conv_3a_1x1,4,4,30,2,0,30,1,0,3,2,4,1,4,4
26,26,A3_Conv_3a_1x1,4,4,31,3,0,31,1,0,3,3,4,1,4,4
26,26,A3_Conv_3a_1x1,4,8,32,4,0,32,2,0,0,0,4,1,4,4
26,26,A3_Conv_3a_1x1,4,8,33,5,0,33,2,0,0,1,4,1,4,4
26,26,A3_Conv_3a_1x1,4,8,34,4,1,34,2,0,0,2,4,1,4,4
26,26,A3_Conv_3a_1x1,4,8,35,5,1,35,2,0,0,3,4,1,4,4
26,26,A3_Conv_3a_1x1,4,9,36,4,2,36,2,0,1,0,4,1,4,4
26,26,A3_Conv_3a_1x1,4,9,37,5,2,37,2,0,1,1,4,1,4,4
26,26,A3_Conv_3a_1x1,4,9,38,4,3,38,2,0,1,2,4,1,4,4
26,26,A3_Conv_3a_1x1,4,9,39,5,3,39,2,0,1,3,4,1,4,4
26,26,A3_Conv_3a_1x1,4,10,40,4,4,40,2,0,2,0,4,1,4,4
26,26,A3_Conv_3a_1x1,4,10,41,5,4,41,2,0,2,1,4,1,4,4
26,26,A3_Conv_3a_1x1,4,10,42,4,5,42,2,0,2,2,4,1,4,4
26,26,A3_Conv_3a_1x1,4,10,43,5,5,43,2,0,2,3,4,1,4,4
26,26,A3_Conv_3a_1x1,4,11,44,4,6,44,2,0,3,0,4,1,4,4
26,26,A3_Conv_3a_1x1,4,11,45,5,6,45,2,0,3,1,4,1,4,4
26,26,A3_Conv_3a_1x1,4,11,46,4,7,46,2,0,3,2,4,1,4,4
26,26,A3_Conv_3a_1x1,4,11,47,5,7,47,2,0,3,3,4,1,4,4
26,26,A3_Conv_3a_1x1,4,15,48,6,7,48,3,0,0,0,4,1,4,4
26,26,A3_Conv_3a_1x1,4,15,49,7,7,49,3,0,0,1,4,1,4,4
26,26,A3_Conv_3a_1x1,4,15,50,6,6,50,3,0,0,2,4,1,4,4
26,26,A3_Conv_3a_1x1,4,15,51,7,6,51,3,0,0,3,4,1,4,4
26,26,A3_Conv_3a_1x1,4,14,52,6,5,52,3,0,1,0,4,1,4,4
26,26,A3_Conv_3a_1x1,4,14,53,7,5,53,3,0,1,1,4,1,4,4
26,26,A3_Conv_3a_1x1,4,14,54,6,4,54,3,0,1,2,4,1,4,4
26,26,A3_Conv_3a_1x1,4,14,55,7,4,55,3,0,1,3,4,1,4,4
26,26,A3_Conv_3a_1x1,4,13,56,6,3,56,3,0,2,0,4,1,4,4
26,26,A3_Conv_3a_1x1,4,13,57,7,3,57,3,0,2,1,4,1,4,4
26,26,A3_Conv_3a_1x1,4,13,58,6,2,58,3,0,2,2,4,1,4,4
26,26,A3_Conv_3a_1x1,4,13,59,7,2,59,3,0,2,3,4,1,4,4
26,26,A3_Conv_3a_1x1,4,12,60,6,1,60,3,0,3,0,4,1,4,4
26,26,A3_Conv_3a_1x1,4,12,61,7,1,61,3,0,3,1,4,1,4,4
26,26,A3_Conv_3a_1x1,4,12,62,6,0,62,3,0,3,2,4,1,4,4
26,26,A3_Conv_3a_1x1,4,12,63,7,0,63,3,0,3,3,4,1,4,4
27,27,A3_Conv_3b_3x3,4,0,0,0,0,0,0,0,0,0,4,1,4,4
27,27,A3_Conv_3b_3x3,4,0,1,1,0,1,0,0,0,1,4,1,4,4
27,27,A3_Conv_3b_3x3,4,0,2,0,1,2,0,0,0,2,4,1,4,4
27,27,A3_Conv_3b_3x3,4,0,3,1,1,3,0,0,0,3,4,1,4,4
27,27,A3_Conv_3b_3x3,4,1,4,0,2,4,0,0,1,0,4,1,4,4
27,27,A3_Conv_3b_3x3,4,1,5,1,2,5,0,0,1,1,4,1,4,4
27,27,A3_Conv_3b_3x3,4,1,6,0,3,6,0,0,1,2,4,1,4,4
27,27,A3_Conv_3b_3x3,4,1,7,1,3,7,0,0,1,3,4,1,4,4
27,27,A3_Conv_3b_3x3,4,2,8,0,4,8,0,0,2,0,4,1,4,4
27,27,A3_Conv_3b_3x3,4,2,9,1,4,9,0,0,2,1,4,1,4,4
27,27,A3_Conv_3b_3x3,4,2,10,0,5,10,0,0,2,2,4,1,4,4
27,27,A3_Conv_3b_3x3,4,2,11,1,5,11,0,0,2,3,4,1,4,4
27,27,A3_Conv_3b_3x3,4,3,12,0,6,12,0,0,3,0,4,1,4,4
27,27,A3_Conv_3b_3x3,4,3,13,1,6,13,0,0,3,1,4,1,4,4
27,27,A3_Conv_3b_3x3,4,3,14,0,7,14,0,0,3,2,4,1,4,4
27,27,A3_Conv_3b_3x3,4,3,15,1,7,15,0,0,3,3,4,1,4,4
27,27,A3_Conv_3b_3x3,4,7,16,2,7,16,1,0,0,0,4,1,4,4
27,27,A3_Conv_3b_3x3,4,7,17,3,7,17,1,0,0,1,4,1,4,4
27,27,A3_Conv_3b_3x3,4,7,18,2,6,18,1,0,0,2,4,1,4,4
27,27,A3_Conv_3b_3x3,4,7,19,3,6,19,1,0,0,3,4,1,4,4
27,27,A3_Conv_3b_3x3,4,6,20,2,5,20,1,0,1,0,4,1,4,4
27,27,A3_Conv_3b_3x3,4,6,21,3,5,21,1,0,1,1,4,1,4,4
27,27,A3_Conv_3b_3x3,4,6,22,2,4,22,1,0,1,2,4,1,4,4
27,27,A3_Conv_3b_3x3,4,6,23,3,4,23,1,0,1,3,4,1,4,4
27,27,A3_Conv_3b_3x3,4,5,24,2,3,24,1,0,2,0,4,1,4,4
27,27,A3_Conv_3b_3x3,4,5,25,3,3,25,1,0,2,1,4,1,4,4
27,27,A3_Conv_3b_3x3,4,5,26,2,2,26,1,0,2,2,4,1,4,4
27,27,A3_Conv_3b_3x3,4,5,27,3,2,27,1,0,2,3,4,1,4,4
27,27,A3_Conv_3b_3x3,4,4,28,2,1,28,1,0,3,0,4,1,4,4
27,27,A3_Conv_3b_3x3,4,4,29,3,1,29,1,0,3,1,4,1,4,4
27,27,A3_Conv_3b_3x3,4,4,30,2,0,30,1,0,3,2,4,1,4,4
27,27,A3_Conv_3b_3x3,4,4,31,3,0,31,1,0,3,3,4,1,4,4
27,27,A3_Conv_3b_3x3,4,8,32,4,0,32,2,0,0,0,4,1,4,4
27,27,A3_Conv_3b_3x3,4,8,33,5,0,33,2,0,0,1,4,1,4,4
27,27,A3_Conv_3b_3x3,4,8,34,4,1,34,2,0,0,2,4,1,4,4
27,27,A3_Conv_3b_3x3,4,8,35,5,1,35,2,0,0,3,4,1,4,4
27,27,A3_Conv_3b_3x3,4,9,36,4,2,36,2,0,1,0,4,1,4,4
27,27,A3_Conv_3b_3x3,4,9,37,5,2,37,2,0,1,1,4,1,4,4
27,27,A3_Conv_3b_3x3,4,9,38,4,3,38,2,0,1,2,4,1,4,4
27,27,A3_Conv_3b_3x3,4,9,39,5,3,39,2,0,1,3,4,1,4,4
27,27,A3_Conv_3b_3x3,4,10,40,4,4,40,2,0,2,0,4,1,4,4
27,27,A3_Conv_3b_3x3,4,10,41,5,4,41,2,0,2,1,4,1,4,4
27,27,A3_Conv_3b_3x3,4,10,42,4,5,42,2,0,2,2,4,1,4,4
27,27,A3_Conv_3b_3x3,4,10,43,5,5,43,2,0,2,3,4,1,4,4
27,27,A3_Conv_3b_3x3,4,11,44,4,6,44,2,0,3,0,4,1,4,4
27,27,A3_Conv_3b_3x3,4,11,45,5,6,45,2,0,3,1,4,1,4,4
27,27,A3_Conv_3b_3x3,4,11,46,4,7,46,2,0,3,2,4,1,4,4
27,27,A3_Conv_3b_3x3,4,11,47,5,7,47,2,0,3,3,4,1,4,4
27,27,A3_Conv_3b_3x3,4,15,48,6,7,48,3,0,0,0,4,1,4,4
27,27,A3_Conv_3b_3x3,4,15,49,7,7,49,3,0,0,1,4,1,4,4
27,27,A3_Conv_3b_3x3,4,15,50,6,6,50,3,0,0,2,4,1,4,4
27,27,A3_Conv_3b_3x3,4,15,51,7,6,51,3,0,0,3,4,1,4,4
27,27,A3_Conv_3b_3x3,4,14,52,6,5,52,3,0,1,0,4,1,4,4
27,27,A3_Conv_3b_3x3,4,14,53,7,5,53,3,0,1,1,4,1,4,4
27,27,A3_Conv_3b_3x3,4,14,54,6,4,54,3,0,1,2,4,1,4,4
27,27,A3_Conv_3b_3x3,4,14,55,7,4,55,3,0,1,3,4,1,4,4
27,27,A3_Conv_3b_3x3,4,13,56,6,3,56,3,0,2,0,4,1,4,4
27,27,A3_Conv_3b_3x3,4,13,57,7,3,57,3,0,2,1,4,1,4,4
27,27,A3_Conv_3b_3x3,4,13,58,6,2,58,3,0,2,2,4,1,4,4
27,27,A3_Conv_3b_3x3,4,13,59,7,2,59,3,0,2,3,4,1,4,4
27,27,A3_Conv_3b_3x3,4,12,60,6,1,60,3,0,3,0,4,1,4,4
27,27,A3_Conv_3b_3x3,4,12,61,7,1,61,3,0,3,1,4,1,4,4
27,27,A3_Conv_3b_3x3,4,12,62,6,0,62,3,0,3,2,4,1,4,4
27,27,A3_Conv_3b_3x3,4,12,63,7,0,63,3,0,3,3,4,1,4,4
28,28,A3_Conv_3c_3x3,4,0,0,0,0,0,0,0,0,0,4,1,4,4
28,28,A3_Conv_3c_3x3,4,0,1,1,0,1,0,0,0,1,4,1,4,4
28,28,A3_Conv_3c_3x3,4,0,2,0,1,2,0,0,0,2,4,1,4,4
28,28,A3_Conv_3c_3x3,4,0,3,1,1,3,0,0,0,3,4,1,4,4
28,28,A3_Conv_3c_3x3,4,1,4,0,2,4,0,0,1,0,4,1,4,4
28,28,A3_Conv_3c_3x3,4,1,5,1,2,5,0,0,1,1,4,1,4,4
28,28,A3_Conv_3c_3x3,4,1,6,0,3,6,0,0,1,2,4,1,4,4
28,28,A3_Conv_3c_3x3,4,1,7,1,3,7,0,0,1,3,4,1,4,4
28,28,A3_Conv_3c_3x3,4,2,8,0,4,8,0,0,2,0,4,1,4,4
28,28,A3_Conv_3c_3x3,4,2,9,1,4,9,0,0,2,1,4,1,4,4
28,28,A3_Conv_3c_3x3,4,2,10,0,5,10,0,0,2,2,4,1,4,4
28,28,A3_Conv_3c_3x3,4,2,11,1,5,11,0,0,2,3,4,1,4,4
28,28,A3_Conv_3c_3x3,4,3,12,0,6,12,0,0,3,0,4,1,4,4
28,28,A3_Conv_3c_3x3,4,3,13,1,6,13,0,0,3,1,4,1,4,4
28,28,A3_Conv_3c_3x3,4,3,14,0,7,14,0,0,3,2,4,1,4,4
28,28,A3_Conv_3c_3x3,4,3,15,1,7,15,0,0,3,3,4,1,4,4
28,28,A3_Conv_3c_3x3,4,7,16,2,7,16,1,0,0,0,4,1,4,4
28,28,A3_Conv_3c_3x3,4,7,17,3,7,17,1,0,0,1,4,1,4,4
28,28,A3_Conv_3c_3x3,4,7,18,2,6,18,1,0,0,2,4,1,4,4
28,28,A3_Conv_3c_3x3,4,7,19,3,6,19,1,0,0,3,4,1,4,4
28,28,A3_Conv_3c_3x3,4,6,20,2,5,20,1,0,1,0,4,1,4,4
28,28,A3_Conv_3c_3x3,4,6,21,3,5,21,1,0,1,1,4,1,4,4
28,28,A3_Conv_3c_3x3,4,6,22,2,4,22,1,0,1,2,4,1,4,4
28,28,A3_Conv_3c_3x3,4,6,23,3,4,23,1,0,1,3,4,1,4,4
28,28,A3_Conv_3c_3x3,4,5,24,2,3,24,1,0,2,0,4,1,4,4
28,28,A3_Conv_3c_3x3,4,5,25,3,3,25,1,0,2,1,4,1,4,4
28,28,A3_Conv_3c_3x3,4,5,26,2,2,26,1,0,2,2,4,1,4,4
28,28,A3_Conv_3c_3x3,4,5,27,3,2,27,1,0,2,3,4,1,4,4
28,28,A3_Conv_3c_3x3,4,4,28,2,1,28,1,0,3,0,4,1,4,4
28,28,A3_Conv_3c_3x3,4,4,29,3,1,29,1,0,3,1,4,1,4,4
28,28,A3_Conv_3c_3x3,4,4,30,2,0,30,1,0,3,2,4,1,4,4
28,28,A3_Conv_3c_3x3,4,4,31,3,0,31,1,0,3,3,4,1,4,4
28,28,A3_Conv_3c_3x3,4,8,32,4,0,32,2,0,0,0,4,1,4,4
28,28,A3_Conv_3c_3x3,4,8,33,5,0,33,2,0,0,1,4,1,4,4
28,28,A3_Conv_3c_3x3,4,8,34,4,1,34,2,0,0,2,4,1,4,4
28,28,A3_Conv_3c_3x3,4,8,35,5,1,35,2,0,0,3,4,1,4,4
28,28,A3_Conv_3c_3x3,4,9,36,4,2,36,2,0,1,0,4,1,4,4
28,28,A3_Conv_3c_3x3,4,9,37,5,2,37,2,0,1,1,4,1,4,4
28,28,A3_Conv_3c_3x3,4,9,38,4,3,38,2,0,1,2,4,1,4,4
28,28,A3_Conv_3c_3x3,4,9,39,5,3,39,2,0,1,3,4,1,4,4
28,28,A3_Conv_3c_3x3,4,10,40,4,4,40,2,0,2,0,4,1,4,4
28,28,A3_Conv_3c_3x3,4,10,41,5,4,41,2,0,2,1,4,1,4,4
28,28,A3_Conv_3c_3x3,4,10,42,4,5,42,2,0,2,2,4,1,4,4
28,28,A3_Conv_3c_3x3,4,10,43,5,5,43,2,0,2,3,4,1,4,4
28,28,A3_Conv_3c_3x3,4,11,44,4,6,44,2,0,3,0,4,1,4,4
28,28,A3_Conv_3c_3x3,4,11,45,5,6,45,2,0,3,1,4,1,4,4
28,28,A3_Conv_3c_3x3,4,11,46,4,7,46,2,0,3,2,4,1,4,4
28,28,A3_Conv_3c_3x3,4,11,47,5,7,47,2,0,3,3,4,1,4,4
28,28,A3_Conv_3c_3x3,4,15,48,6,7,48,3,0,0,0,4,1,4,4
28,28,A3_Conv_3c_3x3,4,15,49,7,7,49,3,0,0,1,4,1,4,4
28,28,A3_Conv_3c_3x3,4,15,50,6,6,50,3,0,0,2,4,1,4,4
28,28,A3_Conv_3c_3x3,4,15,51,7,6,51,3,0,0,3,4,1,4,4
28,28,A3_Conv_3c_3x3,4,14,52,6,5,52,3,0,1,0,4,1,4,4
28,28,A3_Conv_3c_3x3,4,14,53,7,5,53,3,0,1,1,4,1,4,4
28,28,A3_Conv_3c_3x3,4,14,54,6,4,54,3,0,1,2,4,1,4,4
28,28,A3_Conv_3c_3x3,4,14,55,7,4,55,3,0,1,3,4,1,4,4
28,28,A3_Conv_3c_3x3,4,13,56,6,3,56,3,0,2,0,4,1,4,4
28,28,A3_Conv_3c_3x3,4,13,57,7,3,57,3,0,2,1,4,1,4,4
28,28,A3_Conv_3c_3x3,4,13,58,6,2,58,3,0,2,2,4,1,4,4
28,28,A3_Conv_3c_3x3,4,13,59,7,2,59,3,0,2,3,4,1,4,4
28,28,A3_Conv_3c_3x3,4,12,60,6,1,60,3,0,3,0,4,1,4,4
28,28,A3_Conv_3c_3x3,4,12,61,7,1,61,3,0,3,1,4,1,4,4
28,28,A3_Conv_3c_3x3,4,12,62,6,0,62,3,0,3,2,4,1,4,4
28,28,A3_Conv_3c_3x3,4,12,63,7,0,63,3,0,3,3,4,1,4,4
29,29,A3_Conv_4_1x1,2,0,0,0,0,0,0,0,0,0,2,8,1,4
29,29,A3_Conv_4_1x1,2,0,1,1,0,1,0,0,0,1,2,8,1,4
29,29,A3_Conv_4_1x1,2,0,2,0,1,2,0,0,0,2,2,8,1,4
29,29,A3_Conv_4_1x1,2,0,3,1,1,3,0,0,0,3,2,8,1,4
29,29,A3_Conv_4_1x1,2,1,4,0,2,32,1,0,0,0,2,8,1,4
29,29,A3_Conv_4_1x1,2,1,5,1,2,33,1,0,0,1,2,8,1,4
29,29,A3_Conv_4_1x1,2,1,6,0,3,34,1,0,0,2,2,8,1,4
29,29,A3_Conv_4_1x1,2,1,7,1,3,35,1,0,0,3,2,8,1,4
29,29,A3_Conv_4_1x1,2,2,8,0,4,4,0,1,0,0,2,8,1,4
29,29,A3_Conv_4_1x1,2,2,9,1,4,5,0,1,0,1,2,8,1,4
29,29,A3_Conv_4_1x1,2,2,10,0,5,6,0,1,0,2,2,8,1,4
29,29,A3_Conv_4_1x1,2,2,11,1,5,7,0,1,0,3,2,8,1,4
29,29,A3_Conv_4_1x1,2,3,12,0,6,36,1,1,0,0,2,8,1,4
29,29,A3_Conv_4_1x1,2,3,13,1,6,37,1,1,0,1,2,8,1,4
29,29,A3_Conv_4_1x1,2,3,14,0,7,38,1,1,0,2,2,8,1,4
29,29,A3_Conv_4_1x1,2,3,15,1,7,39,1,1,0,3,2,8,1,4
29,29,A3_Conv_4_1x1,2,7,16,2,7,8,0,2,0,0,2,8,1,4
29,29,A3_Conv_4_1x1,2,7,17,3,7,9,0,2,0,1,2,8,1,4
29,29,A3_Conv_4_1x1,2,7,18,2,6,10,0,2,0,2,2,8,1,4
29,29,A3_Conv_4_1x1,2,7,19,3,6,11,0,2,0,3,2,8,1,4
29,29,A3_Conv_4_1x1,2,6,20,2,5,40,1,2,0,0,2,8,1,4
29,29,A3_Conv_4_1x1,2,6,21,3,5,41,1,2,0,1,2,8,1,4
29,29,A3_Conv_4_1x1,2,6,22,2,4,42,1,2,0,2,2,8,1,4
29,29,A3_Conv_4_1x1,2,6,23,3,4,43,1,2,0,3,2,8,1,4
29,29,A3_Conv_4_1x1,2,5,24,2,3,12,0,3,0,0,2,8,1,4
29,29,A3_Conv_4_1x1,2,5,25,3,3,13,0,3,0,1,2,8,1,4
29,29,A3_Conv_4_1x1,2,5,26,2,2,14,0,3,0,2,2,8,1,4
29,29,A3_Conv_4_1x1,2,5,27,3,2,15,0,3,0,3,2,8,1,4
29,29,A3_Conv_4_1x1,2,4,28,2,1,44,1,3,0,0,2,8,1,4
29,29,A3_Conv_4_1x1,2,4,29,3,1,45,1,3,0,1,2,8,1,4
29,29,A3_Conv_4_1x1,2,4,30,2,0,46,1,3,0,2,2,8,1,4
29,29,A3_Conv_4_1x1,2,4,31,3,0,47,1,3,0,3,2,8,1,4
29,29,A3_Conv_4_1x1,2,8,32,4,0,16,0,4,0,0,2,8,1,4
29,29,A3_Conv_4_1x1,2,8,33,5,0,17,0,4,0,1,2,8,1,4
29,29,A3_Conv_4_1x1,2,8,34,4,1,18,0,4,0,2,2,8,1,4
29,29,A3_Conv_4_1x1,2,8,35,5,1,19,0,4,0,3,2,8,1,4
29,29,A3_Conv_4_1x1,2,9,36,4,2,48,1,4,0,0,2,8,1,4
29,29,A3_Conv_4_1x1,2,9,37,5,2,49,1,4,0,1,2,8,1,4
29,29,A3_Conv_4_1x1,2,9,38,4,3,50,1,4,0,2,2,8,1,4
29,29,A3_Conv_4_1x1,2,9,39,5,3,51,1,4,0,3,2,8,1,4
29,29,A3_Conv_4_1x1,2,10,40,4,4,20,0,5,0,0,2,8,1,4
29,29,A3_Conv_4_1x1,2,10,41,5,4,21,0,5,0,1,2,8,1,4
29,29,A3_Conv_4_1x1,2,10,42,4,5,22,0,5,0,2,2,8,1,4
29,29,A3_Conv_4_1x1,2,10,43,5,5,23,0,5,0,3,2,8,1,4
29,29,A3_Conv_4_1x1,2,11,44,4,6,52,1,5,0,0,2,8,1,4
29,29,A3_Conv_4_1x1,2,11,45,5,6,53,1,5,0,1,2,8,1,4
29,29,A3_Conv_4_1x1,2,11,46,4,7,54,1,5,0,2,2,8,1,4
29,29,A3_Conv_4_1x1,2,11,47,5,7,55,1,5,0,3,2,8,1,4
29,29,A3_Conv_4_1x1,2,15,48,6,7,24,0,6,0,0,2,8,1,4
29,29,A3_Conv_4_1x1,2,15,49,7,7,25,0,6,0,1,2,8,1,4
29,29,A3_Conv_4_1x1,2,15,50,6,6,26,0,6,0,2,2,8,1,4
29,29,A3_Conv_4_1x1,2,15,51,7,6,27,0,6,0,3,2,8,1,4
29,29,A3_Conv_4_1x1,2,14,52,6,5,56,1,6,0,0,2,8,1,4
29,29,A3_Conv_4_1x1,2,14,53,7,5,57,1,6,0,1,2,8,1,4
29,29,A3_Conv_4_1x1,2,14,54,6,4,58,1,6,0,2,2,8,1,4
29,29,A3_Conv_4_1x1,2,14,55,7,4,59,1,6,0,3,2,8,1,4
29,29,A3_Conv_4_1x1,2,13,56,6,3,28,0,7,0,0,2,8,1,4
29,29,A3_Conv_4_1x1,2,13,57,7,3,29,0,7,0,1,2,8,1,4
29,29,A3_Conv_4_1x1,2,13,58,6,2,30,0,7,0,2,2,8,1,4
29,29,A3_Conv_4_1x1,2,13,59,7,2,31,0,7,0,3,2,8,1,4
29,29,A3_Conv_4_1x1,2,12,60,6,1,60,1,7,0,0,2,8,1,4
29,29,A3_Conv_4_1x1,2,12,61,7,1,61,1,7,0,1,2,8,1,4
29,29,A3_Conv_4_1x1,2,12,62,6,0,62,1,7,0,2,2,8,1,4
29,29,A3_Conv_4_1x1,2,12,63,7,0,63,1,7,0,3,2,8,1,4
30,30,A3_Eltwise,4,0,0,0,0,0,0,0,0,0,4,16,1,1
30,30,A3_Eltwise,4,0,1,1,0,16,1,0,0,0,4,16,1,1
30,30,A3_Eltwise,4,0,2,0,1,32,2,0,0,0,4,16,1,1
30,30,A3_Eltwise,4,0,3,1,1,48,3,0,0,0,4,16,1,1
30,30,A3_Eltwise,4,1,4,0,2,1,0,1,0,0,4,16,1,1
30,30,A3_Eltwise,4,1,5,1,2,17,1,1,0,0,4,16,1,1
30,30,A3_Eltwise,4,1,6,0,3,33,2,1,0,0,4,16,1,1
30,30,A3_Eltwise,4,1,7,1,3,49,3,1,0,0,4,16,1,1
30,30,A3_Eltwise,4,2,8,0,4,2,0,2,0,0,4,16,1,1
30,30,A3_Eltwise,4,2,9,1,4,18,1,2,0,0,4,16,1,1
30,30,A3_Eltwise,4,2,10,0,5,34,2,2,0,0,4,16,1,1
30,30,A3_Eltwise,4,2,11,1,5,50,3,2,0,0,4,16,1,1
30,30,A3_Eltwise,4,3,12,0,6,3,0,3,0,0,4,16,1,1
30,30,A3_Eltwise,4,3,13,1,6,19,1,3,0,0,4,16,1,1
30,30,A3_Eltwise,4,3,14,0,7,35,2,3,0,0,4,16,1,1
30,30,A3_Eltwise,4,3,15,1,7,51,3,3,0,0,4,16,1,1
30,30,A3_Eltwise,4,7,16,2,7,4,0,4,0,0,4,16,1,1
30,30,A3_Eltwise,4,7,17,3,7,20,1,4,0,0,4,16,1,1
30,30,A3_Eltwise,4,7,18,2,6,36,2,4,0,0,4,16,1,1
30,30,A3_Eltwise,4,7,19,3,6,52,3,4,0,0,4,16,1,1
30,30,A3_Eltwise,4,6,20,2,5,5,0,5,0,0,4,16,1,1
30,30,A3_Eltwise,4,6,21,3,5,21,1,5,0,0,4,16,1,1
30,30,A3_Eltwise,4,6,22,2,4,37,2,5,0,0,4,16,1,1
30,30,A3_Eltwise,4,6,23,3,4,53,3,5,0,0,4,16,1,1
30,30,A3_Eltwise,4,5,24,2,3,6,0,6,0,0,4,16,1,1
30,30,A3_Eltwise,4,5,25,3,3,22,1,6,0,0,4,16,1,1
30,30,A3_Eltwise,4,5,26,2,2,38,2,6,0,0,4,16,1,1
30,30,A3_Eltwise,4,5,27,3,2,54,3,6,0,0,4,16,1,1
30,30,A3_Eltwise,4,4,28,2,1,7,0,7,0,0,4,16,1,1
30,30,A3_Eltwise,4,4,29,3,1,23,1,7,0,0,4,16,1,1
30,30,A3_Eltwise,4,4,30,2,0,39,2,7,0,0,4,16,1,1
30,30,A3_Eltwise,4,4,31,3,0,55,3,7,0,0,4,16,1,1
30,30,A3_Eltwise,4,8,32,4,0,8,0,8,0,0,4,16,1,1
30,30,A3_Eltwise,4,8,33,5,0,24,1,8,0,0,4,16,1,1
30,30,A3_Eltwise,4,8,34,4,1,40,2,8,0,0,4,16,1,1
30,30,A3_Eltwise,4,8,35,5,1,56,3,8,0,0,4,16,1,1
30,30,A3_Eltwise,4,9,36,4,2,9,0,9,0,0,4,16,1,1
30,30,A3_Eltwise,4,9,37,5,2,25,1,9,0,0,4,16,1,1
30,30,A3_Eltwise,4,9,38,4,3,41,2,9,0,0,4,16,1,1
30,30,A3_Eltwise,4,9,39,5,3,57,3,9,0,0,4,16,1,1
30,30,A3_Eltwise,4,10,40,4,4,10,0,10,0,0,4,16,1,1
30,30,A3_Eltwise,4,10,41,5,4,26,1,10,0,0,4,16,1,1
30,30,A3_Eltwise,4,10,42,4,5,42,2,10,0,0,4,16,1,1
30,30,A3_Eltwise,4,10,43,5,5,58,3,10,0,0,4,16,1,1
30,30,A3_Eltwise,4,11,44,4,6,11,0,11,0,0,4,16,1,1
30,30,A3_Eltwise,4,11,45,5,6,27,1,11,0,0,4,16,1,1
30,30,A3_Eltwise,4,11,46,4,7,43,2,11,0,0,4,16,1,1
30,30,A3_Eltwise,4,11,47,5,7,59,3,11,0,0,4,16,1,1
30,30,A3_Eltwise,4,15,48,6,7,12,0,12,0,0,4,16,1,1
30,30,A3_Eltwise,4,15,49,7,7,28,1,12,0,0,4,16,1,1
30,30,A3_Eltwise,4,15,50,6,6,44,2,12,0,0,4,16,1,1
30,30,A3_Eltwise,4,15,51,7,6,60,3,12,0,0,4,16,1,1
30,30,A3_Eltwise,4,14,52,6,5,13,0,13,0,0,4,16,1,1
30,30,A3_Eltwise,4,14,53,7,5,29,1,13,0,0,4,16,1,1
30,30,A3_Eltwise,4,14,54,6,4,45,2,13,0,0,4,16,1,1
30,30,A3_Eltwise,4,14,55,7,4,61,3,13,0,0,4,16,1,1
30,30,A3_Eltwise,4,13,56,6,3,14,0,14,0,0,4,16,1,1
30,30,A3_Eltwise,4,13,57,7,3,30,1,14,0,0,4,16,1,1
30,30,A3_Eltwise,4,13,58,6,2,46,2,14,0,0,4,16,1,1
30,30,A3_Eltwise,4,13,59,7,2,62,3,14,0,0,4,16,1,1
30,30,A3_Eltwise,4,12,60,6,1,15,0,15,0,0,4,16,1,1
30,30,A3_Eltwise,4,12,61,7,1,31,1,15,0,0,4,16,1,1
30,30,A3_Eltwise,4,12,62,6,0,47,2,15,0,0,4,16,1,1
30,30,A3_Eltwise,4,12,63,7,0,63,3,15,0,0,4,16,1,1
31,31,A4_Conv_1a_1x1,4,0,0,0,0,0,0,0,0,0,4,1,4,4
31,31,A4_Conv_1a_1x1,4,0,1,1,0,1,0,0,0,1,4,1,4,4
31,31,A4_Conv_1a_1x1,4,0,2,0,1,2,0,0,0,2,4,1,4,4
31,31,A4_Conv_1a_1x1,4,0,3,1,1,3,0,0,0,3,4,1,4,4
31,31,A4_Conv_1a_1x1,4,1,4,0,2,4,0,0,1,0,4,1,4,4
31,31,A4_Conv_1a_1x1,4,1,5,1,2,5,0,0,1,1,4,1,4,4
31,31,A4_Conv_1a_1x1,4,1,6,0,3,6,0,0,1,2,4,1,4,4
31,31,A4_Conv_1a_1x1,4,1,7,1,3,7,0,0,1,3,4,1,4,4
31,31,A4_Conv_1a_1x1,4,2,8,0,4,8,0,0,2,0,4,1,4,4
31,31,A4_Conv_1a_1x1,4,2,9,1,4,9,0,0,2,1,4,1,4,4
31,31,A4_Conv_1a_1x1,4,2,10,0,5,10,0,0,2,2,4,1,4,4
31,31,A4_Conv_1a_1x1,4,2,11,1,5,11,0,0,2,3,4,1,4,4
31,31,A4_Conv_1a_1x1,4,3,12,0,6,12,0,0,3,0,4,1,4,4
31,31,A4_Conv_1a_1x1,4,3,13,1,6,13,0,0,3,1,4,1,4,4
31,31,A4_Conv_1a_1x1,4,3,14,0,7,14,0,0,3,2,4,1,4,4
31,31,A4_Conv_1a_1x1,4,3,15,1,7,15,0,0,3,3,4,1,4,4
31,31,A4_Conv_1a_1x1,4,7,16,2,7,16,1,0,0,0,4,1,4,4
31,31,A4_Conv_1a_1x1,4,7,17,3,7,17,1,0,0,1,4,1,4,4
31,31,A4_Conv_1a_1x1,4,7,18,2,6,18,1,0,0,2,4,1,4,4
31,31,A4_Conv_1a_1x1,4,7,19,3,6,19,1,0,0,3,4,1,4,4
31,31,A4_Conv_1a_1x1,4,6,20,2,5,20,1,0,1,0,4,1,4,4
31,31,A4_Conv_1a_1x1,4,6,21,3,5,21,1,0,1,1,4,1,4,4
31,31,A4_Conv_1a_1x1,4,6,22,2,4,22,1,0,1,2,4,1,4,4
31,31,A4_Conv_1a_1x1,4,6,23,3,4,23,1,0,1,3,4,1,4,4
31,31,A4_Conv_1a_1x1,4,5,24,2,3,24,1,0,2,0,4,1,4,4
31,31,A4_Conv_1a_1x1,4,5,25,3,3,25,1,0,2,1,4,1,4,4
31,31,A4_Conv_1a_1x1,4,5,26,2,2,26,1,0,2,2,4,1,4,4
31,31,A4_Conv_1a_1x1,4,5,27,3,2,27,1,0,2,3,4,1,4,4
31,31,A4_Conv_1a_1x1,4,4,28,2,1,28,1,0,3,0,4,1,4,4
31,31,A4_Conv_1a_1x1,4,4,29,3,1,29,1,0,3,1,4,1,4,4
31,31,A4_Conv_1a_1x1,4,4,30,2,0,30,1,0,3,2,4,1,4,4
31,31,A4_Conv_1a_1x1,4,4,31,3,0,31,1,0,3,3,4,1,4,4
31,31,A4_Conv_1a_1x1,4,8,32,4,0,32,2,0,0,0,4,1,4,4
31,31,A4_Conv_1a_1x1,4,8,33,5,0,33,2,0,0,1,4,1,4,4
31,31,A4_Conv_1a_1x1,4,8,34,4,1,34,2,0,0,2,4,1,4,4
31,31,A4_Conv_1a_1x1,4,8,35,5,1,35,2,0,0,3,4,1,4,4
31,31,A4_Conv_1a_1x1,4,9,36,4,2,36,2,0,1,0,4,1,4,4
31,31,A4_Conv_1a_1x1,4,9,37,5,2,37,2,0,1,1,4,1,4,4
31,31,A4_Conv_1a_1x1,4,9,38,4,3,38,2,0,1,2,4,1,4,4
31,31,A4_Conv_1a_1x1,4,9,39,5,3,39,2,0,1,3,4,1,4,4
31,31,A4_Conv_1a_1x1,4,10,40,4,4,40,2,0,2,0,4,1,4,4
31,31,A4_Conv_1a_1x1,4,10,41,5,4,41,2,0,2,1,4,1,4,4
31,31,A4_Conv_1a_1x1,4,10,42,4,5,42,2,0,2,2,4,1,4,4
31,31,A4_Conv_1a_1x1,4,10,43,5,5,43,2,0,2,3,4,1,4,4
31,31,A4_Conv_1a_1x1,4,11,44,4,6,44,2,0,3,0,4,1,4,4
31,31,A4_Conv_1a_1x1,4,11,45,5,6,45,2,0,3,1,4,1,4,4
31,31,A4_Conv_1a_1x1,4,11,46,4,7,46,2,0,3,2,4,1,4,4
31,31,A4_Conv_1a_1x1,4,11,47,5,7,47,2,0,3,3,4,1,4,4
31,31,A4_Conv_1a_1x1,4,15,48,6,7,48,3,0,0,0,4,1,4,4
31,31,A4_Conv_1a_1x1,4,15,49,7,7,49,3,0,0,1,4,1,4,4
31,31,A4_Conv_1a_1x1,4,15,50,6,6,50,3,0,0,2,4,1,4,4
31,31,A4_Conv_1a_1x1,4,15,51,7,6,51,3,0,0,3,4,1,4,4
31,31,A4_Conv_1a_1x1,4,14,52,6,5,52,3,0,1,0,4,1,4,4
31,31,A4_Conv_1a_1x1,4,14,53,7,5,53,3,0,1,1,4,1,4,4
31,31,A4_Conv_1a_1x1,4,14,54,6,4,54,3,0,1,2,4,1,4,4
31,31,A4_Conv_1a_1x1,4,14,55,7,4,55,3,0,1,3,4,1,4,4
31,31,A4_Conv_1a_1x1,4,13,56,6,3,56,3,0,2,0,4,1,4,4
31,31,A4_Conv_1a_1x1,4,13,57,7,3,57,3,0,2,1,4,1,4,4
31,31,A4_Conv_1a_1x1,4,13,58,6,2,58,3,0,2,2,4,1,4,4
31,31,A4_Conv_1a_1x1,4,13,59,7,2,59,3,0,2,3,4,1,4,4
31,31,A4_Conv_1a_1x1,4,12,60,6,1,60,3,0,3,0,4,1,4,4
31,31,A4_Conv_1a_1x1,4,12,61,7,1,61,3,0,3,1,4,1,4,4
31,31,A4_Conv_1a_1x1,4,12,62,6,0,62,3,0,3,2,4,1,4,4
31,31,A4_Conv_1a_1x1,4,12,63,7,0,63,3,0,3,3,4,1,4,4
32,32,A4_Conv_2a_1x1,4,0,0,0,0,0,0,0,0,0,4,1,4,4
32,32,A4_Conv_2a_1x1,4,0,1,1,0,1,0,0,0,1,4,1,4,4
32,32,A4_Conv_2a_1x1,4,0,2,0,1,2,0,0,0,2,4,1,4,4
32,32,A4_Conv_2a_1x1,4,0,3,1,1,3,0,0,0,3,4,1,4,4
32,32,A4_Conv_2a_1x1,4,1,4,0,2,4,0,0,1,0,4,1,4,4
32,32,A4_Conv_2a_1x1,4,1,5,1,2,5,0,0,1,1,4,1,4,4
32,32,A4_Conv_2a_1x1,4,1,6,0,3,6,0,0,1,2,4,1,4,4
32,32,A4_Conv_2a_1x1,4,1,7,1,3,7,0,0,1,3,4,1,4,4
32,32,A4_Conv_2a_1x1,4,2,8,0,4,8,0,0,2,0,4,1,4,4
32,32,A4_Conv_2a_1x1,4,2,9,1,4,9,0,0,2,1,4,1,4,4
32,32,A4_Conv_2a_1x1,4,2,10,0,5,10,0,0,2,2,4,1,4,4
32,32,A4_Conv_2a_1x1,4,2,11,1,5,11,0,0,2,3,4,1,4,4
32,32,A4_Conv_2a_1x1,4,3,12,0,6,12,0,0,3,0,4,1,4,4
32,32,A4_Conv_2a_1x1,4,3,13,1,6,13,0,0,3,1,4,1,4,4
32,32,A4_Conv_2a_1x1,4,3,14,0,7,14,0,0,3,2,4,1,4,4
32,32,A4_Conv_2a_1x1,4,3,15,1,7,15,0,0,3,3,4,1,4,4
32,32,A4_Conv_2a_1x1,4,7,16,2,7,16,1,0,0,0,4,1,4,4
32,32,A4_Conv_2a_1x1,4,7,17,3,7,17,1,0,0,1,4,1,4,4
32,32,A4_Conv_2a_1x1,4,7,18,2,6,18,1,0,0,2,4,1,4,4
32,32,A4_Conv_2a_1x1,4,7,19,3,6,19,1,0,0,3,4,1,4,4
32,32,A4_Conv_2a_1x1,4,6,20,2,5,20,1,0,1,0,4,1,4,4
32,32,A4_Conv_2a_1x1,4,6,21,3,5,21,1,0,1,1,4,1,4,4
32,32,A4_Conv_2a_1x1,4,6,22,2,4,22,1,0,1,2,4,1,4,4
32,32,A4_Conv_2a_1x1,4,6,23,3,4,23,1,0,1,3,4,1,4,4
32,32,A4_Conv_2a_1x1,4,5,24,2,3,24,1,0,2,0,4,1,4,4
32,32,A4_Conv_2a_1x1,4,5,25,3,3,25,1,0,2,1,4,1,4,4
32,32,A4_Conv_2a_1x1,4,5,26,2,2,26,1,0,2,2,4,1,4,4
32,32,A4_Conv_2a_1x1,4,5,27,3,2,27,1,0,2,3,4,1,4,4
32,32,A4_Conv_2a_1x1,4,4,28,2,1,28,1,0,3,0,4,1,4,4
32,32,A4_Conv_2a_1x1,4,4,29,3,1,29,1,0,3,1,4,1,4,4
32,32,A4_Conv_2a_1x1,4,4,30,2,0,30,1,0,3,2,4,1,4,4
32,32,A4_Conv_2a_1x1,4,4,31,3,0,31,1,0,3,3,4,1,4,4
32,32,A4_Conv_2a_1x1,4,8,32,4,0,32,2,0,0,0,4,1,4,4
32,32,A4_Conv_2a_1x1,4,8,33,5,0,33,2,0,0,1,4,1,4,4
32,32,A4_Conv_2a_1x1,4,8,34,4,1,34,2,0,0,2,4,1,4,4
32,32,A4_Conv_2a_1x1,4,8,35,5,1,35,2,0,0,3,4,1,4,4
32,32,A4_Conv_2a_1x1,4,9,36,4,2,36,2,0,1,0,4,1,4,4
32,32,A4_Conv_2a_1x1,4,9,37,5,2,37,2,0,1,1,4,1,4,4
32,32,A4_Conv_2a_1x1,4,9,38,4,3,38,2,0,1,2,4,1,4,4
32,32,A4_Conv_2a_1x1,4,9,39,5,3,39,2,0,1,3,4,1,4,4
32,32,A4_Conv_2a_1x1,4,10,40,4,4,40,2,0,2,0,4,1,4,4
32,32,A4_Conv_2a_1x1,4,10,41,5,4,41,2,0,2,1,4,1,4,4
32,32,A4_Conv_2a_1x1,4,10,42,4,5,42,2,0,2,2,4,1,4,4
32,32,A4_Conv_2a_1x1,4,10,43,5,5,43,2,0,2,3,4,1,4,4
32,32,A4_Conv_2a_1x1,4,11,44,4,6,44,2,0,3,0,4,1,4,4
32,32,A4_Conv_2a_1x1,4,11,45,5,6,45,2,0,3,1,4,1,4,4
32,32,A4_Conv_2a_1x1,4,11,46,4,7,46,2,0,3,2,4,1,4,4
32,32,A4_Conv_2a_1x1,4,11,47,5,7,47,2,0,3,3,4,1,4,4
32,32,A4_Conv_2a_1x1,4,15,48,6,7,48,3,0,0,0,4,1,4,4
32,32,A4_Conv_2a_1x1,4,15,49,7,7,49,3,0,0,1,4,1,4,4
32,32,A4_Conv_2a_1x1,4,15,50,6,6,50,3,0,0,2,4,1,4,4
32,32,A4_Conv_2a_1x1,4,15,51,7,6,51,3,0,0,3,4,1,4,4
32,32,A4_Conv_2a_1x1,4,14,52,6,5,52,3,0,1,0,4,1,4,4
32,32,A4_Conv_2a_1x1,4,14,53,7,5,53,3,0,1,1,4,1,4,4
32,32,A4_Conv_2a_1x1,4,14,54,6,4,54,3,0,1,2,4,1,4,4
32,32,A4_Conv_2a_1x1,4,14,55,7,4,55,3,0,1,3,4,1,4,4
32,32,A4_Conv_2a_1x1,4,13,56,6,3,56,3,0,2,0,4,1,4,4
32,32,A4_Conv_2a_1x1,4,13,57,7,3,57,3,0,2,1,4,1,4,4
32,32,A4_Conv_2a_1x1,4,13,58,6,2,58,3,0,2,2,4,1,4,4
32,32,A4_Conv_2a_1x1,4,13,59,7,2,59,3,0,2,3,4,1,4,4
32,32,A4_Conv_2a_1x1,4,12,60,6,1,60,3,0,3,0,4,1,4,4
32,32,A4_Conv_2a_1x1,4,12,61,7,1,61,3,0,3,1,4,1,4,4
32,32,A4_Conv_2a_1x1,4,12,62,6,0,62,3,0,3,2,4,1,4,4
32,32,A4_Conv_2a_1x1,4,12,63,7,0,63,3,0,3,3,4,1,4,4
33,33,A4_Conv_2b_3x3,4,0,0,0,0,0,0,0,0,0,4,1,4,4
33,33,A4_Conv_2b_3x3,4,0,1,1,0,1,0,0,0,1,4,1,4,4
33,33,A4_Conv_2b_3x3,4,0,2,0,1,2,0,0,0,2,4,1,4,4
33,33,A4_Conv_2b_3x3,4,0,3,1,1,3,0,0,0,3,4,1,4,4
33,33,A4_Conv_2b_3x3,4,1,4,0,2,4,0,0,1,0,4,1,4,4
33,33,A4_Conv_2b_3x3,4,1,5,1,2,5,0,0,1,1,4,1,4,4
33,33,A4_Conv_2b_3x3,4,1,6,0,3,6,0,0,1,2,4,1,4,4
33,33,A4_Conv_2b_3x3,4,1,7,1,3,7,0,0,1,3,4,1,4,4
33,33,A4_Conv_2b_3x3,4,2,8,0,4,8,0,0,2,0,4,1,4,4
33,33,A4_Conv_2b_3x3,4,2,9,1,4,9,0,0,2,1,4,1,4,4
33,33,A4_Conv_2b_3x3,4,2,10,0,5,10,0,0,2,2,4,1,4,4
33,33,A4_Conv_2b_3x3,4,2,11,1,5,11,0,0,2,3,4,1,4,4
33,33,A4_Conv_2b_3x3,4,3,12,0,6,12,0,0,3,0,4,1,4,4
33,33,A4_Conv_2b_3x3,4,3,13,1,6,13,0,0,3,1,4,1,4,4
33,33,A4_Conv_2b_3x3,4,3,14,0,7,14,0,0,3,2,4,1,4,4
33,33,A4_Conv_2b_3x3,4,3,15,1,7,15,0,0,3,3,4,1,4,4
33,33,A4_Conv_2b_3x3,4,7,16,2,7,16,1,0,0,0,4,1,4,4
33,33,A4_Conv_2b_3x3,4,7,17,3,7,17,1,0,0,1,4,1,4,4
33,33,A4_Conv_2b_3x3,4,7,18,2,6,18,1,0,0,2,4,1,4,4
33,33,A4_Conv_2b_3x3,4,7,19,3,6,19,1,0,0,3,4,1,4,4
33,33,A4_Conv_2b_3x3,4,6,20,2,5,20,1,0,1,0,4,1,4,4
33,33,A4_Conv_2b_3x3,4,6,21,3,5,21,1,0,1,1,4,1,4,4
33,33,A4_Conv_2b_3x3,4,6,22,2,4,22,1,0,1,2,4,1,4,4
33,33,A4_Conv_2b_3x3,4,6,23,3,4,23,1,0,1,3,4,1,4,4
33,33,A4_Conv_2b_3x3,4,5,24,2,3,24,1,0,2,0,4,1,4,4
33,33,A4_Conv_2b_3x3,4,5,25,3,3,25,1,0,2,1,4,1,4,4
33,33,A4_Conv_2b_3x3,4,5,26,2,2,26,1,0,2,2,4,1,4,4
33,33,A4_Conv_2b_3x3,4,5,27,3,2,27,1,0,2,3,4,1,4,4
33,33,A4_Conv_2b_3x3,4,4,28,2,1,28,1,0,3,0,4,1,4,4
33,33,A4_Conv_2b_3x3,4,4,29,3,1,29,1,0,3,1,4,1,4,4
33,33,A4_Conv_2b_3x3,4,4,30,2,0,30,1,0,3,2,4,1,4,4
33,33,A4_Conv_2b_3x3,4,4,31,3,0,31,1,0,3,3,4,1,4,4
33,33,A4_Conv_2b_3x3,4,8,32,4,0,32,2,0,0,0,4,1,4,4
33,33,A4_Conv_2b_3x3,4,8,33,5,0,33,2,0,0,1,4,1,4,4
33,33,A4_Conv_2b_3x3,4,8,34,4,1,34,2,0,0,2,4,1,4,4
33,33,A4_Conv_2b_3x3,4,8,35,5,1,35,2,0,0,3,4,1,4,4
33,33,A4_Conv_2b_3x3,4,9,36,4,2,36,2,0,1,0,4,1,4,4
33,33,A4_Conv_2b_3x3,4,9,37,5,2,37,2,0,1,1,4,1,4,4
33,33,A4_Conv_2b_3x3,4,9,38,4,3,38,2,0,1,2,4,1,4,4
33,33,A4_Conv_2b_3x3,4,9,39,5,3,39,2,0,1,3,4,1,4,4
33,33,A4_Conv_2b_3x3,4,10,40,4,4,40,2,0,2,0,4,1,4,4
33,33,A4_Conv_2b_3x3,4,10,41,5,4,41,2,0,2,1,4,1,4,4
33,33,A4_Conv_2b_3x3,4,10,42,4,5,42,2,0,2,2,4,1,4,4
33,33,A4_Conv_2b_3x3,4,10,43,5,5,43,2,0,2,3,4,1,4,4
33,33,A4_Conv_2b_3x3,4,11,44,4,6,44,2,0,3,0,4,1,4,4
33,33,A4_Conv_2b_3x3,4,11,45,5,6,45,2,0,3,1,4,1,4,4
33,33,A4_Conv_2b_3x3,4,11,46,4,7,46,2,0,3,2,4,1,4,4
33,33,A4_Conv_2b_3x3,4,11,47,5,7,47,2,0,3,3,4,1,4,4
33,33,A4_Conv_2b_3x3,4,15,48,6,7,48,3,0,0,0,4,1,4,4
33,33,A4_Conv_2b_3x3,4,15,49,7,7,49,3,0,0,1,4,1,4,4
33,33,A4_Conv_2b_3x3,4,15,50,6,6,50,3,0,0,2,4,1,4,4
33,33,A4_Conv_2b_3x3,4,15,51,7,6,51,3,0,0,3,4,1,4,4
33,33,A4_Conv_2b_3x3,4,14,52,6,5,52,3,0,1,0,4,1,4,4
33,33,A4_Conv_2b_3x3,4,14,53,7,5,53,3,0,1,1,4,1,4,4
33,33,A4_Conv_2b_3x3,4,14,54,6,4,54,3,0,1,2,4,1,4,4
33,33,A4_Conv_2b_3x3,4,14,55,7,4,55,3,0,1,3,4,1,4,4
33,33,A4_Conv_2b_3x3,4,13,56,6,3,56,3,0,2,0,4,1,4,4
33,33,A4_Conv_2b_3x3,4,13,57,7,3,57,3,0,2,1,4,1,4,4
33,33,A4_Conv_2b_3x3,4,13,58,6,2,58,3,0,2,2,4,1,4,4
33,33,A4_Conv_2b_3x3,4,13,59,7,2,59,3,0,2,3,4,1,4,4
33,33,A4_Conv_2b_3x3,4,12,60,6,1,60,3,0,3,0,4,1,4,4
33,33,A4_Conv_2b_3x3,4,12,61,7,1,61,3,0,3,1,4,1,4,4
33,33,A4_Conv_2b_3x3,4,12,62,6,0,62,3,0,3,2,4,1,4,4
33,33,A4_Conv_2b_3x3,4,12,63,7,0,63,3,0,3,3,4,1,4,4
34,34,A4_Conv_3a_1x1,4,0,0,0,0,0,0,0,0,0,4,1,4,4
34,34,A4_Conv_3a_1x1,4,0,1,1,0,1,0,0,0,1,4,1,4,4
34,34,A4_Conv_3a_1x1,4,0,2,0,1,2,0,0,0,2,4,1,4,4
34,34,A4_Conv_3a_1x1,4,0,3,1,1,3,0,0,0,3,4,1,4,4
34,34,A4_Conv_3a_1x1,4,1,4,0,2,4,0,0,1,0,4,1,4,4
34,34,A4_Conv_3a_1x1,4,1,5,1,2,5,0,0,1,1,4,1,4,4
34,34,A4_Conv_3a_1x1,4,1,6,0,3,6,0,0,1,2,4,1,4,4
34,34,A4_Conv_3a_1x1,4,1,7,1,3,7,0,0,1,3,4,1,4,4
34,34,A4_Conv_3a_1x1,4,2,8,0,4,8,0,0,2,0,4,1,4,4
34,34,A4_Conv_3a_1x1,4,2,9,1,4,9,0,0,2,1,4,1,4,4
34,34,A4_Conv_3a_1x1,4,2,10,0,5,10,0,0,2,2,4,1,4,4
34,34,A4_Conv_3a_1x1,4,2,11,1,5,11,0,0,2,3,4,1,4,4
34,34,A4_Conv_3a_1x1,4,3,12,0,6,12,0,0,3,0,4,1,4,4
34,34,A4_Conv_3a_1x1,4,3,13,1,6,13,0,0,3,1,4,1,4,4
34,34,A4_Conv_3a_1x1,4,3,14,0,7,14,0,0,3,2,4,1,4,4
34,34,A4_Conv_3a_1x1,4,3,15,1,7,15,0,0,3,3,4,1,4,4
34,34,A4_Conv_3a_1x1,4,7,16,2,7,16,1,0,0,0,4,1,4,4
34,34,A4_Conv_3a_1x1,4,7,17,3,7,17,1,0,0,1,4,1,4,4
34,34,A4_Conv_3a_1x1,4,7,18,2,6,18,1,0,0,2,4,1,4,4
34,34,A4_Conv_3a_1x1,4,7,19,3,6,19,1,0,0,3,4,1,4,4
34,34,A4_Conv_3a_1x1,4,6,20,2,5,20,1,0,1,0,4,1,4,4
34,34,A4_Conv_3a_1x1,4,6,21,3,5,21,1,0,1,1,4,1,4,4
34,34,A4_Conv_3a_1x1,4,6,22,2,4,22,1,0,1,2,4,1,4,4
34,34,A4_Conv_3a_1x1,4,6,23,3,4,23,1,0,1,3,4,1,4,4
34,34,A4_Conv_3a_1x1,4,5,24,2,3,24,1,0,2,0,4,1,4,4
34,34,A4_Conv_3a_1x1,4,5,25,3,3,25,1,0,2,1,4,1,4,4
34,34,A4_Conv_3a_1x1,4,5,26,2,2,26,1,0,2,2,4,1,4,4
34,34,A4_Conv_3a_1x1,4,5,27,3,2,27,1,0,2,3,4,1,4,4
34,34,A4_Conv_3a_1x1,4,4,28,2,1,28,1,0,3,0,4,1,4,4
34,34,A4_Conv_3a_1x1,4,4,29,3,1,29,1,0,3,1,4,1,4,4
34,34,A4_Conv_3a_1x1,4,4,30,2,0,30,1,0,3,2,4,1,4,4
34,34,A4_Conv_3a_1x1,4,4,31,3,0,31,1,0,3,3,4,1,4,4
34,34,A4_Conv_3a_1x1,4,8,32,4,0,32,2,0,0,0,4,1,4,4
34,34,A4_Conv_3a_1x1,4,8,33,5,0,33,2,0,0,1,4,1,4,4
34,34,A4_Conv_3a_1x1,4,8,34,4,1,34,2,0,0,2,4,1,4,4
34,34,A4_Conv_3a_1x1,4,8,35,5,1,35,2,0,0,3,4,1,4,4
34,34,A4_Conv_3a_1x1,4,9,36,4,2,36,2,0,1,0,4,1,4,4
34,34,A4_Conv_3a_1x1,4,9,37,5,2,37,2,0,1,1,4,1,4,4
34,34,A4_Conv_3a_1x1,4,9,38,4,3,38,2,0,1,2,4,1,4,4
34,34,A4_Conv_3a_1x1,4,9,39,5,3,39,2,0,1,3,4,1,4,4
34,34,A4_Conv_3a_1x1,4,10,40,4,4,40,2,0,2,0,4,1,4,4
34,34,A4_Conv_3a_1x1,4,10,41,5,4,41,2,0,2,1,4,1,4,4
34,34,A4_Conv_3a_1x1,4,10,42,4,5,42,2,0,2,2,4,1,4,4
34,34,A4_Conv_3a_1x1,4,10,43,5,5,43,2,0,2,3,4,1,4,4
34,34,A4_Conv_3a_1x1,4,11,44,4,6,44,2,0,3,0,4,1,4,4
34,34,A4_Conv_3a_1x1,4,11,45,5,6,45,2,0,3,1,4,1,4,4
34,34,A4_Conv_3a_1x1,4,11,46,4,7,46,2,0,3,2,4,1,4,4
34,34,A4_Conv_3a_1x1,4,11,47,5,7,47,2,0,3,3,4,1,4,4
34,34,A4_Conv_3a_1x1,4,15,48,6,7,48,3,0,0,0,4,1,4,4
34,34,A4_Conv_3a_1x1,4,15,49,7,7,49,3,0,0,1,4,1,4,4
34,34,A4_Conv_3a_1x1,4,15,50,6,6,50,3,0,0,2,4,1,4,4
34,34,A4_Conv_3a_1x1,4,15,51,7,6,51,3,0,0,3,4,1,4,4
34,34,A4_Conv_3a_1x1,4,14,52,6,5,52,3,0,1,0,4,1,4,4
34,34,A4_Conv_3a_1x1,4,14,53,7,5,53,3,0,1,1,4,1,4,4
34,34,A4_Conv_3a_1x1,4,14,54,6,4,54,3,0,1,2,4,1,4,4
34,34,A4_Conv_3a_1x1,4,14,55,7,4,55,3,0,1,3,4,1,4,4
34,34,A4_Conv_3a_1x1,4,13,56,6,3,56,3,0,2,0,4,1,4,4
34,34,A4_Conv_3a_1x1,4,13,57,7,3,57,3,0,2,1,4,1,4,4
34,34,A4_Conv_3a_1x1,4,13,58,6,2,58,3,0,2,2,4,1,4,4
34,34,A4_Conv_3a_1x1,4,13,59,7,2,59,3,0,2,3,4,1,4,4
34,34,A4_Conv_3a_1x1,4,12,60,6,1,60,3,0,3,0,4,1,4,4
34,34,A4_Conv_3a_1x1,4,12,61,7,1,61,3,0,3,1,4,1,4,4
34,34,A4_Conv_3a_1x1,4,12,62,6,0,62,3,0,3,2,4,1,4,4
34,34,A4_Conv_3a_1x1,4,12,63,7,0,63,3,0,3,3,4,1,4,4
35,35,A4_Conv_3b_3x3,4,0,0,0,0,0,0,0,0,0,4,1,4,4
35,35,A4_Conv_3b_3x3,4,0,1,1,0,1,0,0,0,1,4,1,4,4
35,35,A4_Conv_3b_3x3,4,0,2,0,1,2,0,0,0,2,4,1,4,4
35,35,A4_Conv_3b_3x3,4,0,3,1,1,3,0,0,0,3,4,1,4,4
35,35,A4_Conv_3b_3x3,4,1,4,0,2,4,0,0,1,0,4,1,4,4
35,35,A4_Conv_3b_3x3,4,1,5,1,2,5,0,0,1,1,4,1,4,4
35,35,A4_Conv_3b_3x3,4,1,6,0,3,6,0,0,1,2,4,1,4,4
35,35,A4_Conv_3b_3x3,4,1,7,1,3,7,0,0,1,3,4,1,4,4
35,35,A4_Conv_3b_3x3,4,2,8,0,4,8,0,0,2,0,4,1,4,4
35,35,A4_Conv_3b_3x3,4,2,9,1,4,9,0,0,2,1,4,1,4,4
35,35,A4_Conv_3b_3x3,4,2,10,0,5,10,0,0,2,2,4,1,4,4
35,35,A4_Conv_3b_3x3,4,2,11,1,5,11,0,0,2,3,4,1,4,4
35,35,A4_Conv_3b_3x3,4,3,12,0,6,12,0,0,3,0,4,1,4,4
35,35,A4_Conv_3b_3x3,4,3,13,1,6,13,0,0,3,1,4,1,4,4
35,35,A4_Conv_3b_3x3,4,3,14,0,7,14,0,0,3,2,4,1,4,4
35,35,A4_Conv_3b_3x3,4,3,15,1,7,15,0,0,3,3,4,1,4,4
35,35,A4_Conv_3b_3x3,4,7,16,2,7,16,1,0,0,0,4,1,4,4
35,35,A4_Conv_3b_3x3,4,7,17,3,7,17,1,0,0,1,4,1,4,4
35,35,A4_Conv_3b_3x3,4,7,18,2,6,18,1,0,0,2,4,1,4,4
35,35,A4_Conv_3b_3x3,4,7,19,3,6,19,1,0,0,3,4,1,4,4
35,35,A4_Conv_3b_3x3,4,6,20,2,5,20,1,0,1,0,4,1,4,4
35,35,A4_Conv_3b_3x3,4,6,21,3,5,21,1,0,1,1,4,1,4,4
35,35,A4_Conv_3b_3x3,4,6,22,2,4,22,1,0,1,2,4,1,4,4
35,35,A4_Conv_3b_3x3,4,6,23,3,4,23,1,0,1,3,4,1,4,4
35,35,A4_Conv_3b_3x3,4,5,24,2,3,24,1,0,2,0,4,1,4,4
35,35,A4_Conv_3b_3x3,4,5,25,3,3,25,1,0,2,1,4,1,4,4
35,35,A4_Conv_3b_3x3,4,5,26,2,2,26,1,0,2,2,4,1,4,4
35,35,A4_Conv_3b_3x3,4,5,27,3,2,27,1,0,2,3,4,1,4,4
35,35,A4_Conv_3b_3x3,4,4,28,2,1,28,1,0,3,0,4,1,4,4
35,35,A4_Conv_3b_3x3,4,4,29,3,1,29,1,0,3,1,4,1,4,4
35,35,A4_Conv_3b_3x3,4,4,30,2,0,30,1,0,3,2,4,1,4,4
35,35,A4_Conv_3b_3x3,4,4,31,3,0,31,1,0,3,3,4,1,4,4
35,35,A4_Conv_3b_3x3,4,8,32,4,0,32,2,0,0,0,4,1,4,4
35,35,A4_Conv_3b_3x3,4,8,33,5,0,33,2,0,0,1,4,1,4,4
35,35,A4_Conv_3b_3x3,4,8,34,4,1,34,2,0,0,2,4,1,4,4
35,35,A4_Conv_3b_3x3,4,8,35,5,1,35,2,0,0,3,4,1,4,4
35,35,A4_Conv_3b_3x3,4,9,36,4,2,36,2,0,1,0,4,1,4,4
35,35,A4_Conv_3b_3x3,4,9,37,5,2,37,2,0,1,1,4,1,4,4
35,35,A4_Conv_3b_3x3,4,9,38,4,3,38,2,0,1,2,4,1,4,4
35,35,A4_Conv_3b_3x3,4,9,39,5,3,39,2,0,1,3,4,1,4,4
35,35,A4_Conv_3b_3x3,4,10,40,4,4,40,2,0,2,0,4,1,4,4
35,35,A4_Conv_3b_3x3,4,10,41,5,4,41,2,0,2,1,4,1,4,4
35,35,A4_Conv_3b_3x3,4,10,42,4,5,42,2,0,2,2,4,1,4,4
35,35,A4_Conv_3b_3x3,4,10,43,5,5,43,2,0,2,3,4,1,4,4
35,35,A4_Conv_3b_3x3,4,11,44,4,6,44,2,0,3,0,4,1,4,4
35,35,A4_Conv_3b_3x3,4,11,45,5,6,45,2,0,3,1,4,1,4,4
35,35,A4_Conv_3b_3x3,4,11,46,4,7,46,2,0,3,2,4,1,4,4
35,35,A4_Conv_3b_3x3,4,11,47,5,7,47,2,0,3,3,4,1,4,4
35,35,A4_Conv_3b_3x3,4,15,48,6,7,48,3,0,0,0,4,1,4,4
35,35,A4_Conv_3b_3x3,4,15,49,7,7,49,3,0,0,1,4,1,4,4
35,35,A4_Conv_3b_3x3,4,15,50,6,6,50,3,0,0,2,4,1,4,4
35,35,A4_Conv_3b_3x3,4,15,51,7,6,51,3,0,0,3,4,1,4,4
35,35,A4_Conv_3b_3x3,4,14,52,6,5,52,3,0,1,0,4,1,4,4
35,35,A4_Conv_3b_3x3,4,14,53,7,5,53,3,0,1,1,4,1,4,4
35,35,A4_Conv_3b_3x3,4,14,54,6,4,54,3,0,1,2,4,1,4,4
35,35,A4_Conv_3b_3x3,4,14,55,7,4,55,3,0,1,3,4,1,4,4
35,35,A4_Conv_3b_3x3,4,13,56,6,3,56,3,0,2,0,4,1,4,4
35,35,A4_Conv_3b_3x3,4,13,57,7,3,57,3,0,2,1,4,1,4,4
35,35,A4_Conv_3b_3x3,4,13,58,6,2,58,3,0,2,2,4,1,4,4
35,35,A4_Conv_3b_3x3,4,13,59,7,2,59,3,0,2,3,4,1,4,4
35,35,A4_Conv_3b_3x3,4,12,60,6,1,60,3,0,3,0,4,1,4,4
35,35,A4_Conv_3b_3x3,4,12,61,7,1,61,3,0,3,1,4,1,4,4
35,35,A4_Conv_3b_3x3,4,12,62,6,0,62,3,0,3,2,4,1,4,4
35,35,A4_Conv_3b_3x3,4,12,63,7,0,63,3,0,3,3,4,1,4,4
36,36,A4_Conv_3c_3x3,4,0,0,0,0,0,0,0,0,0,4,1,4,4
36,36,A4_Conv_3c_3x3,4,0,1,1,0,1,0,0,0,1,4,1,4,4
36,36,A4_Conv_3c_3x3,4,0,2,0,1,2,0,0,0,2,4,1,4,4
36,36,A4_Conv_3c_3x3,4,0,3,1,1,3,0,0,0,3,4,1,4,4
36,36,A4_Conv_3c_3x3,4,1,4,0,2,4,0,0,1,0,4,1,4,4
36,36,A4_Conv_3c_3x3,4,1,5,1,2,5,0,0,1,1,4,1,4,4
36,36,A4_Conv_3c_3x3,4,1,6,0,3,6,0,0,1,2,4,1,4,4
36,36,A4_Conv_3c_3x3,4,1,7,1,3,7,0,0,1,3,4,1,4,4
36,36,A4_Conv_3c_3x3,4,2,8,0,4,8,0,0,2,0,4,1,4,4
36,36,A4_Conv_3c_3x3,4,2,9,1,4,9,0,0,2,1,4,1,4,4
36,36,A4_Conv_3c_3x3,4,2,10,0,5,10,0,0,2,2,4,1,4,4
36,36,A4_Conv_3c_3x3,4,2,11,1,5,11,0,0,2,3,4,1,4,4
36,36,A4_Conv_3c_3x3,4,3,12,0,6,12,0,0,3,0,4,1,4,4
36,36,A4_Conv_3c_3x3,4,3,13,1,6,13,0,0,3,1,4,1,4,4
36,36,A4_Conv_3c_3x3,4,3,14,0,7,14,0,0,3,2,4,1,4,4
36,36,A4_Conv_3c_3x3,4,3,15,1,7,15,0,0,3,3,4,1,4,4
36,36,A4_Conv_3c_3x3,4,7,16,2,7,16,1,0,0,0,4,1,4,4
36,36,A4_Conv_3c_3x3,4,7,17,3,7,17,1,0,0,1,4,1,4,4
36,36,A4_Conv_3c_3x3,4,7,18,2,6,18,1,0,0,2,4,1,4,4
36,36,A4_Conv_3c_3x3,4,7,19,3,6,19,1,0,0,3,4,1,4,4
36,36,A4_Conv_3c_3x3,4,6,20,2,5,20,1,0,1,0,4,1,4,4
36,36,A4_Conv_3c_3x3,4,6,21,3,5,21,1,0,1,1,4,1,4,4
36,36,A4_Conv_3c_3x3,4,6,22,2,4,22,1,0,1,2,4,1,4,4
36,36,A4_Conv_3c_3x3,4,6,23,3,4,23,1,0,1,3,4,1,4,4
36,36,A4_Conv_3c_3x3,4,5,24,2,3,24,1,0,2,0,4,1,4,4
36,36,A4_Conv_3c_3x3,4,5,25,3,3,25,1,0,2,1,4,1,4,4
36,36,A4_Conv_3c_3x3,4,5,26,2,2,26,1,0,2,2,4,1,4,4
36,36,A4_Conv_3c_3x3,4,5,27,3,2,27,1,0,2,3,4,1,4,4
36,36,A4_Conv_3c_3x3,4,4,28,2,1,28,1,0,3,0,4,1,4,4
36,36,A4_Conv_3c_3x3,4,4,29,3,1,29,1,0,3,1,4,1,4,4
36,36,A4_Conv_3c_3x3,4,4,30,2,0,30,1,0,3,2,4,1,4,4
36,36,A4_Conv_3c_3x3,4,4,31,3,0,31,1,0,3,3,4,1,4,4
36,36,A4_Conv_3c_3x3,4,8,32,4,0,32,2,0,0,0,4,1,4,4
36,36,A4_Conv_3c_3x3,4,8,33,5,0,33,2,0,0,1,4,1,4,4
36,36,A4_Conv_3c_3x3,4,8,34,4,1,34,2,0,0,2,4,1,4,4
36,36,A4_Conv_3c_3x3,4,8,35,5,1,35,2,0,0,3,4,1,4,4
36,36,A4_Conv_3c_3x3,4,9,36,4,2,36,2,0,1,0,4,1,4,4
36,36,A4_Conv_3c_3x3,4,9,37,5,2,37,2,0,1,1,4,1,4,4
36,36,A4_Conv_3c_3x3,4,9,38,4,3,38,2,0,1,2,4,1,4,4
36,36,A4_Conv_3c_3x3,4,9,39,5,3,39,2,0,1,3,4,1,4,4
36,36,A4_Conv_3c_3x3,4,10,40,4,4,40,2,0,2,0,4,1,4,4
36,36,A4_Conv_3c_3x3,4,10,41,5,4,41,2,0,2,1,4,1,4,4
36,36,A4_Conv_3c_3x3,4,10,42,4,5,42,2,0,2,2,4,1,4,4
36,36,A4_Conv_3c_3x3,4,10,43,5,5,43,2,0,2,3,4,1,4,4
36,36,A4_Conv_3c_3x3,4,11,44,4,6,44,2,0,3,0,4,1,4,4
36,36,A4_Conv_3c_3x3,4,11,45,5,6,45,2,0,3,1,4,1,4,4
36,36,A4_Conv_3c_3x3,4,11,46,4,7,46,2,0,3,2,4,1,4,4
36,36,A4_Conv_3c_3x3,4,11,47,5,7,47,2,0,3,3,4,1,4,4
36,36,A4_Conv_3c_3x3,4,15,48,6,7,48,3,0,0,0,4,1,4,4
36,36,A4_Conv_3c_3x3,4,15,49,7,7,49,3,0,0,1,4,1,4,4
36,36,A4_Conv_3c_3x3,4,15,50,6,6,50,3,0,0,2,4,1,4,4
36,36,A4_Conv_3c_3x3,4,15,51,7,6,51,3,0,0,3,4,1,4,4
36,36,A4_Conv_3c_3x3,4,14,52,6,5,52,3,0,1,0,4,1,4,4
36,36,A4_Conv_3c_3x3,4,14,53,7,5,53,3,0,1,1,4,1,4,4
36,36,A4_Conv_3c_3x3,4,14,54,6,4,54,3,0,1,2,4,1,4,4
36,36,A4_Conv_3c_3x3,4,14,55,7,4,55,3,0,1,3,4,1,4,4
36,36,A4_Conv_3c_3x3,4,13,56,6,3,56,3,0,2,0,4,1,4,4
36,36,A4_Conv_3c_3x3,4,13,57,7,3,57,3,0,2,1,4,1,4,4
36,36,A4_Conv_3c_3x3,4,13,58,6,2,58,3,0,2,2,4,1,4,4
36,36,A4_Conv_3c_3x3,4,13,59,7,2,59,3,0,2,3,4,1,4,4
36,36,A4_Conv_3c_3x3,4,12,60,6,1,60,3,0,3,0,4,1,4,4
36,36,A4_Conv_3c_3x3,4,12,61,7,1,61,3,0,3,1,4,1,4,4
36,36,A4_Conv_3c_3x3,4,12,62,6,0,62,3,0,3,2,4,1,4,4
36,36,A4_Conv_3c_3x3,4,12,63,7,0,63,3,0,3,3,4,1,4,4
37,37,A4_Conv_4_1x1,2,0,0,0,0,0,0,0,0,0,2,8,1,4
37,37,A4_Conv_4_1x1,2,0,1,1,0,1,0,0,0,1,2,8,1,4
37,37,A4_Conv_4_1x1,2,0,2,0,1,2,0,0,0,2,2,8,1,4
37,37,A4_Conv_4_1x1,2,0,3,1,1,3,0,0,0,3,2,8,1,4
37,37,A4_Conv_4_1x1,2,1,4,0,2,32,1,0,0,0,2,8,1,4
37,37,A4_Conv_4_1x1,2,1,5,1,2,33,1,0,0,1,2,8,1,4
37,37,A4_Conv_4_1x1,2,1,6,0,3,34,1,0,0,2,2,8,1,4
37,37,A4_Conv_4_1x1,2,1,7,1,3,35,1,0,0,3,2,8,1,4
37,37,A4_Conv_4_1x1,2,2,8,0,4,4,0,1,0,0,2,8,1,4
37,37,A4_Conv_4_1x1,2,2,9,1,4,5,0,1,0,1,2,8,1,4
37,37,A4_Conv_4_1x1,2,2,10,0,5,6,0,1,0,2,2,8,1,4
37,37,A4_Conv_4_1x1,2,2,11,1,5,7,0,1,0,3,2,8,1,4
37,37,A4_Conv_4_1x1,2,3,12,0,6,36,1,1,0,0,2,8,1,4
37,37,A4_Conv_4_1x1,2,3,13,1,6,37,1,1,0,1,2,8,1,4
37,37,A4_Conv_4_1x1,2,3,14,0,7,38,1,1,0,2,2,8,1,4
37,37,A4_Conv_4_1x1,2,3,15,1,7,39,1,1,0,3,2,8,1,4
37,37,A4_Conv_4_1x1,2,7,16,2,7,8,0,2,0,0,2,8,1,4
37,37,A4_Conv_4_1x1,2,7,17,3,7,9,0,2,0,1,2,8,1,4
37,37,A4_Conv_4_1x1,2,7,18,2,6,10,0,2,0,2,2,8,1,4
37,37,A4_Conv_4_1x1,2,7,19,3,6,11,0,2,0,3,2,8,1,4
37,37,A4_Conv_4_1x1,2,6,20,2,5,40,1,2,0,0,2,8,1,4
37,37,A4_Conv_4_1x1,2,6,21,3,5,41,1,2,0,1,2,8,1,4
37,37,A4_Conv_4_1x1,2,6,22,2,4,42,1,2,0,2,2,8,1,4
37,37,A4_Conv_4_1x1,2,6,23,3,4,43,1,2,0,3,2,8,1,4
37,37,A4_Conv_4_1x1,2,5,24,2,3,12,0,3,0,0,2,8,1,4
37,37,A4_Conv_4_1x1,2,5,25,3,3,13,0,3,0,1,2,8,1,4
37,37,A4_Conv_4_1x1,2,5,26,2,2,14,0,3,0,2,2,8,1,4
37,37,A4_Conv_4_1x1,2,5,27,3,2,15,0,3,0,3,2,8,1,4
37,37,A4_Conv_4_1x1,2,4,28,2,1,44,1,3,0,0,2,8,1,4
37,37,A4_Conv_4_1x1,2,4,29,3,1,45,1,3,0,1,2,8,1,4
37,37,A4_Conv_4_1x1,2,4,30,2,0,46,1,3,0,2,2,8,1,4
37,37,A4_Conv_4_1x1,2,4,31,3,0,47,1,3,0,3,2,8,1,4
37,37,A4_Conv_4_1x1,2,8,32,4,0,16,0,4,0,0,2,8,1,4
37,37,A4_Conv_4_1x1,2,8,33,5,0,17,0,4,0,1,2,8,1,4
37,37,A4_Conv_4_1x1,2,8,34,4,1,18,0,4,0,2,2,8,1,4
37,37,A4_Conv_4_1x1,2,8,35,5,1,19,0,4,0,3,2,8,1,4
37,37,A4_Conv_4_1x1,2,9,36,4,2,48,1,4,0,0,2,8,1,4
37,37,A4_Conv_4_1x1,2,9,37,5,2,49,1,4,0,1,2,8,1,4
37,37,A4_Conv_4_1x1,2,9,38,4,3,50,1,4,0,2,2,8,1,4
37,37,A4_Conv_4_1x1,2,9,39,5,3,51,1,4,0,3,2,8,1,4
37,37,A4_Conv_4_1x1,2,10,40,4,4,20,0,5,0,0,2,8,1,4
37,37,A4_Conv_4_1x1,2,10,41,5,4,21,0,5,0,1,2,8,1,4
37,37,A4_Conv_4_1x1,2,10,42,4,5,22,0,5,0,2,2,8,1,4
37,37,A4_Conv_4_1x1,2,10,43,5,5,23,0,5,0,3,2,8,1,4
37,37,A4_Conv_4_1x1,2,11,44,4,6,52,1,5,0,0,2,8,1,4
37,37,A4_Conv_4_1x1,2,11,45,5,6,53,1,5,0,1,2,8,1,4
37,37,A4_Conv_4_1x1,2,11,46,4,7,54,1,5,0,2,2,8,1,4
37,37,A4_Conv_4_1x1,2,11,47,5,7,55,1,5,0,3,2,8,1,4
37,37,A4_Conv_4_1x1,2,15,48,6,7,24,0,6,0,0,2,8,1,4
37,37,A4_Conv_4_1x1,2,15,49,7,7,25,0,6,0,1,2,8,1,4
37,37,A4_Conv_4_1x1,2,15,50,6,6,26,0,6,0,2,2,8,1,4
37,37,A4_Conv_4_1x1,2,15,51,7,6,27,0,6,0,3,2,8,1,4
37,37,A4_Conv_4_1x1,2,14,52,6,5,56,1,6,0,0,2,8,1,4
37,37,A4_Conv_4_1x1,2,14,53,7,5,57,1,6,0,1,2,8,1,4
37,37,A4_Conv_4_1x1,2,14,54,6,4,58,1,6,0,2,2,8,1,4
37,37,A4_Conv_4_1x1,2,14,55,7,4,59,1,6,0,3,2,8,1,4
37,37,A4_Conv_4_1x1,2,13,56,6,3,28,0,7,0,0,2,8,1,4
37,37,A4_Conv_4_1x1,2,13,57,7,3,29,0,7,0,1,2,8,1,4
37,37,A4_Conv_4_1x1,2,13,58,6,2,30,0,7,0,2,2,8,1,4
37,37,A4_Conv_4_1x1,2,13,59,7,2,31,0,7,0,3,2,8,1,4
37,37,A4_Conv_4_1x1,2,12,60,6,1,60,1,7,0,0,2,8,1,4
37,37,A4_Conv_4_1x1,2,12,61,7,1,61,1,7,0,1,2,8,1,4
37,37,A4_Conv_4_1x1,2,12,62,6,0,62,1,7,0,2,2,8,1,4
37,37,A4_Conv_4_1x1,2,12,63,7,0,63,1,7,0,3,2,8,1,4
38,38,A4_Eltwise,4,0,0,0,0,0,0,0,0,0,4,16,1,1
38,38,A4_Eltwise,4,0,1,1,0,16,1,0,0,0,4,16,1,1
38,38,A4_Eltwise,4,0,2,0,1,32,2,0,0,0,4,16,1,1
38,38,A4_Eltwise,4,0,3,1,1,48,3,0,0,0,4,16,1,1
38,38,A4_Eltwise,4,1,4,0,2,1,0,1,0,0,4,16,1,1
38,38,A4_Eltwise,4,1,5,1,2,17,1,1,0,0,4,16,1,1
38,38,A4_Eltwise,4,1,6,0,3,33,2,1,0,0,4,16,1,1
38,38,A4_Eltwise,4,1,7,1,3,49,3,1,0,0,4,16,1,1
38,38,A4_Eltwise,4,2,8,0,4,2,0,2,0,0,4,16,1,1
38,38,A4_Eltwise,4,2,9,1,4,18,1,2,0,0,4,16,1,1
38,38,A4_Eltwise,4,2,10,0,5,34,2,2,0,0,4,16,1,1
38,38,A4_Eltwise,4,2,11,1,5,50,3,2,0,0,4,16,1,1
38,38,A4_Eltwise,4,3,12,0,6,3,0,3,0,0,4,16,1,1
38,38,A4_Eltwise,4,3,13,1,6,19,1,3,0,0,4,16,1,1
38,38,A4_Eltwise,4,3,14,0,7,35,2,3,0,0,4,16,1,1
38,38,A4_Eltwise,4,3,15,1,7,51,3,3,0,0,4,16,1,1
38,38,A4_Eltwise,4,7,16,2,7,4,0,4,0,0,4,16,1,1
38,38,A4_Eltwise,4,7,17,3,7,20,1,4,0,0,4,16,1,1
38,38,A4_Eltwise,4,7,18,2,6,36,2,4,0,0,4,16,1,1
38,38,A4_Eltwise,4,7,19,3,6,52,3,4,0,0,4,16,1,1
38,38,A4_Eltwise,4,6,20,2,5,5,0,5,0,0,4,16,1,1
38,38,A4_Eltwise,4,6,21,3,5,21,1,5,0,0,4,16,1,1
38,38,A4_Eltwise,4,6,22,2,4,37,2,5,0,0,4,16,1,1
38,38,A4_Eltwise,4,6,23,3,4,53,3,5,0,0,4,16,1,1
38,38,A4_Eltwise,4,5,24,2,3,6,0,6,0,0,4,16,1,1
38,38,A4_Eltwise,4,5,25,3,3,22,1,6,0,0,4,16,1,1
38,38,A4_Eltwise,4,5,26,2,2,38,2,6,0,0,4,16,1,1
38,38,A4_Eltwise,4,5,27,3,2,54,3,6,0,0,4,16,1,1
38,38,A4_Eltwise,4,4,28,2,1,7,0,7,0,0,4,16,1,1
38,38,A4_Eltwise,4,4,29,3,1,23,1,7,0,0,4,16,1,1
38,38,A4_Eltwise,4,4,30,2,0,39,2,7,0,0,4,16,1,1
38,38,A4_Eltwise,4,4,31,3,0,55,3,7,0,0,4,16,1,1
38,38,A4_Eltwise,4,8,32,4,0,8,0,8,0,0,4,16,1,1
38,38,A4_Eltwise,4,8,33,5,0,24,1,8,0,0,4,16,1,1
38,38,A4_Eltwise,4,8,34,4,1,40,2,8,0,0,4,16,1,1
38,38,A4_Eltwise,4,8,35,5,1,56,3,8,0,0,4,16,1,1
38,38,A4_Eltwise,4,9,36,4,2,9,0,9,0,0,4,16,1,1
38,38,A4_Eltwise,4,9,37,5,2,25,1,9,0,0,4,16,1,1
38,38,A4_Eltwise,4,9,38,4,3,41,2,9,0,0,4,16,1,1
38,38,A4_Eltwise,4,9,39,5,3,57,3,9,0,0,4,16,1,1
38,38,A4_Eltwise,4,10,40,4,4,10,0,10,0,0,4,16,1,1
38,38,A4_Eltwise,4,10,41,5,4,26,1,10,0,0,4,16,1,1
38,38,A4_Eltwise,4,10,42,4,5,42,2,10,0,0,4,16,1,1
38,38,A4_Eltwise,4,10,43,5,5,58,3,10,0,0,4,16,1,1
38,38,A4_Eltwise,4,11,44,4,6,11,0,11,0,0,4,16,1,1
38,38,A4_Eltwise,4,11,45,5,6,27,1,11,0,0,4,16,1,1
38,38,A4_Eltwise,4,11,46,4,7,43,2,11,0,0,4,16,1,1
38,38,A4_Eltwise,4,11,47,5,7,59,3,11,0,0,4,16,1,1
38,38,A4_Eltwise,4,15,48,6,7,12,0,12,0,0,4,16,1,1
38,38,A4_Eltwise,4,15,49,7,7,28,1,12,0,0,4,16,1,1
38,38,A4_Eltwise,4,15,50,6,6,44,2,12,0,0,4,16,1,1
38,38,A4_Eltwise,4,15,51,7,6,60,3,12,0,0,4,16,1,1
38,38,A4_Eltwise,4,14,52,6,5,13,0,13,0,0,4,16,1,1
38,38,A4_Eltwise,4,14,53,7,5,29,1,13,0,0,4,16,1,1
38,38,A4_Eltwise,4,14,54,6,4,45,2,13,0,0,4,16,1,1
38,38,A4_Eltwise,4,14,55,7,4,61,3,13,0,0,4,16,1,1
38,38,A4_Eltwise,4,13,56,6,3,14,0,14,0,0,4,16,1,1
38,38,A4_Eltwise,4,13,57,7,3,30,1,14,0,0,4,16,1,1
38,38,A4_Eltwise,4,13,58,6,2,46,2,14,0,0,4,16,1,1
38,38,A4_Eltwise,4,13,59,7,2,62,3,14,0,0,4,16,1,1
38,38,A4_Eltwise,4,12,60,6,1,15,0,15,0,0,4,16,1,1
38,38,A4_Eltwise,4,12,61,7,1,31,1,15,0,0,4,16,1,1
38,38,A4_Eltwise,4,12,62,6,0,47,2,15,0,0,4,16,1,1
38,38,A4_Eltwise,4,12,63,7,0,63,3,15,0,0,4,16,1,1
39,39,A5_Conv_1a_1x1,4,0,0,0,0,0,0,0,0,0,4,1,4,4
39,39,A5_Conv_1a_1x1,4,0,1,1,0,1,0,0,0,1,4,1,4,4
39,39,A5_Conv_1a_1x1,4,0,2,0,1,2,0,0,0,2,4,1,4,4
39,39,A5_Conv_1a_1x1,4,0,3,1,1,3,0,0,0,3,4,1,4,4
39,39,A5_Conv_1a_1x1,4,1,4,0,2,4,0,0,1,0,4,1,4,4
39,39,A5_Conv_1a_1x1,4,1,5,1,2,5,0,0,1,1,4,1,4,4
39,39,A5_Conv_1a_1x1,4,1,6,0,3,6,0,0,1,2,4,1,4,4
39,39,A5_Conv_1a_1x1,4,1,7,1,3,7,0,0,1,3,4,1,4,4
39,39,A5_Conv_1a_1x1,4,2,8,0,4,8,0,0,2,0,4,1,4,4
39,39,A5_Conv_1a_1x1,4,2,9,1,4,9,0,0,2,1,4,1,4,4
39,39,A5_Conv_1a_1x1,4,2,10,0,5,10,0,0,2,2,4,1,4,4
39,39,A5_Conv_1a_1x1,4,2,11,1,5,11,0,0,2,3,4,1,4,4
39,39,A5_Conv_1a_1x1,4,3,12,0,6,12,0,0,3,0,4,1,4,4
39,39,A5_Conv_1a_1x1,4,3,13,1,6,13,0,0,3,1,4,1,4,4
39,39,A5_Conv_1a_1x1,4,3,14,0,7,14,0,0,3,2,4,1,4,4
39,39,A5_Conv_1a_1x1,4,3,15,1,7,15,0,0,3,3,4,1,4,4
39,39,A5_Conv_1a_1x1,4,7,16,2,7,16,1,0,0,0,4,1,4,4
39,39,A5_Conv_1a_1x1,4,7,17,3,7,17,1,0,0,1,4,1,4,4
39,39,A5_Conv_1a_1x1,4,7,18,2,6,18,1,0,0,2,4,1,4,4
39,39,A5_Conv_1a_1x1,4,7,19,3,6,19,1,0,0,3,4,1,4,4
39,39,A5_Conv_1a_1x1,4,6,20,2,5,20,1,0,1,0,4,1,4,4
39,39,A5_Conv_1a_1x1,4,6,21,3,5,21,1,0,1,1,4,1,4,4
39,39,A5_Conv_1a_1x1,4,6,22,2,4,22,1,0,1,2,4,1,4,4
39,39,A5_Conv_1a_1x1,4,6,23,3,4,23,1,0,1,3,4,1,4,4
39,39,A5_Conv_1a_1x1,4,5,24,2,3,24,1,0,2,0,4,1,4,4
39,39,A5_Conv_1a_1x1,4,5,25,3,3,25,1,0,2,1,4,1,4,4
39,39,A5_Conv_1a_1x1,4,5,26,2,2,26,1,0,2,2,4,1,4,4
39,39,A5_Conv_1a_1x1,4,5,27,3,2,27,1,0,2,3,4,1,4,4
39,39,A5_Conv_1a_1x1,4,4,28,2,1,28,1,0,3,0,4,1,4,4
39,39,A5_Conv_1a_1x1,4,4,29,3,1,29,1,0,3,1,4,1,4,4
39,39,A5_Conv_1a_1x1,4,4,30,2,0,30,1,0,3,2,4,1,4,4
39,39,A5_Conv_1a_1x1,4,4,31,3,0,31,1,0,3,3,4,1,4,4
39,39,A5_Conv_1a_1x1,4,8,32,4,0,32,2,0,0,0,4,1,4,4
39,39,A5_Conv_1a_1x1,4,8,33,5,0,33,2,0,0,1,4,1,4,4
39,39,A5_Conv_1a_1x1,4,8,34,4,1,34,2,0,0,2,4,1,4,4
39,39,A5_Conv_1a_1x1,4,8,35,5,1,35,2,0,0,3,4,1,4,4
39,39,A5_Conv_1a_1x1,4,9,36,4,2,36,2,0,1,0,4,1,4,4
39,39,A5_Conv_1a_1x1,4,9,37,5,2,37,2,0,1,1,4,1,4,4
39,39,A5_Conv_1a_1x1,4,9,38,4,3,38,2,0,1,2,4,1,4,4
39,39,A5_Conv_1a_1x1,4,9,39,5,3,39,2,0,1,3,4,1,4,4
39,39,A5_Conv_1a_1x1,4,10,40,4,4,40,2,0,2,0,4,1,4,4
39,39,A5_Conv_1a_1x1,4,10,41,5,4,41,2,0,2,1,4,1,4,4
39,39,A5_Conv_1a_1x1,4,10,42,4,5,42,2,0,2,2,4,1,4,4
39,39,A5_Conv_1a_1x1,4,10,43,5,5,43,2,0,2,3,4,1,4,4
39,39,A5_Conv_1a_1x1,4,11,44,4,6,44,2,0,3,0,4,1,4,4
39,39,A5_Conv_1a_1x1,4,11,45,5,6,45,2,0,3,1,4,1,4,4
39,39,A5_Conv_1a_1x1,4,11,46,4,7,46,2,0,3,2,4,1,4,4
39,39,A5_Conv_1a_1x1,4,11,47,5,7,47,2,0,3,3,4,1,4,4
39,39,A5_Conv_1a_1x1,4,15,48,6,7,48,3,0,0,0,4,1,4,4
39,39,A5_Conv_1a_1x1,4,15,49,7,7,49,3,0,0,1,4,1,4,4
39,39,A5_Conv_1a_1x1,4,15,50,6,6,50,3,0,0,2,4,1,4,4
39,39,A5_Conv_1a_1x1,4,15,51,7,6,51,3,0,0,3,4,1,4,4
39,39,A5_Conv_1a_1x1,4,14,52,6,5,52,3,0,1,0,4,1,4,4
39,39,A5_Conv_1a_1x1,4,14,53,7,5,53,3,0,1,1,4,1,4,4
39,39,A5_Conv_1a_1x1,4,14,54,6,4,54,3,0,1,2,4,1,4,4
39,39,A5_Conv_1a_1x1,4,14,55,7,4,55,3,0,1,3,4,1,4,4
39,39,A5_Conv_1a_1x1,4,13,56,6,3,56,3,0,2,0,4,1,4,4
39,39,A5_Conv_1a_1x1,4,13,57,7,3,57,3,0,2,1,4,1,4,4
39,39,A5_Conv_1a_1x1,4,13,58,6,2,58,3,0,2,2,4,1,4,4
39,39,A5_Conv_1a_1x1,4,13,59,7,2,59,3,0,2,3,4,1,4,4
39,39,A5_Conv_1a_1x1,4,12,60,6,1,60,3,0,3,0,4,1,4,4
39,39,A5_Conv_1a_1x1,4,12,61,7,1,61,3,0,3,1,4,1,4,4
39,39,A5_Conv_1a_1x1,4,12,62,6,0,62,3,0,3,2,4,1,4,4
39,39,A5_Conv_1a_1x1,4,12,63,7,0,63,3,0,3,3,4,1,4,4
40,40,A5_Conv_2a_1x1,4,0,0,0,0,0,0,0,0,0,4,1,4,4
40,40,A5_Conv_2a_1x1,4,0,1,1,0,1,0,0,0,1,4,1,4,4
40,40,A5_Conv_2a_1x1,4,0,2,0,1,2,0,0,0,2,4,1,4,4
40,40,A5_Conv_2a_1x1,4,0,3,1,1,3,0,0,0,3,4,1,4,4
40,40,A5_Conv_2a_1x1,4,1,4,0,2,4,0,0,1,0,4,1,4,4
40,40,A5_Conv_2a_1x1,4,1,5,1,2,5,0,0,1,1,4,1,4,4
40,40,A5_Conv_2a_1x1,4,1,6,0,3,6,0,0,1,2,4,1,4,4
40,40,A5_Conv_2a_1x1,4,1,7,1,3,7,0,0,1,3,4,1,4,4
40,40,A5_Conv_2a_1x1,4,2,8,0,4,8,0,0,2,0,4,1,4,4
40,40,A5_Conv_2a_1x1,4,2,9,1,4,9,0,0,2,1,4,1,4,4
40,40,A5_Conv_2a_1x1,4,2,10,0,5,10,0,0,2,2,4,1,4,4
40,40,A5_Conv_2a_1x1,4,2,11,1,5,11,0,0,2,3,4,1,4,4
40,40,A5_Conv_2a_1x1,4,3,12,0,6,12,0,0,3,0,4,1,4,4
40,40,A5_Conv_2a_1x1,4,3,13,1,6,13,0,0,3,1,4,1,4,4
40,40,A5_Conv_2a_1x1,4,3,14,0,7,14,0,0,3,2,4,1,4,4
40,40,A5_Conv_2a_1x1,4,3,15,1,7,15,0,0,3,3,4,1,4,4
40,40,A5_Conv_2a_1x1,4,7,16,2,7,16,1,0,0,0,4,1,4,4
40,40,A5_Conv_2a_1x1,4,7,17,3,7,17,1,0,0,1,4,1,4,4
40,40,A5_Conv_2a_1x1,4,7,18,2,6,18,1,0,0,2,4,1,4,4
40,40,A5_Conv_2a_1x1,4,7,19,3,6,19,1,0,0,3,4,1,4,4
40,40,A5_Conv_2a_1x1,4,6,20,2,5,20,1,0,1,0,4,1,4,4
40,40,A5_Conv_2a_1x1,4,6,21,3,5,21,1,0,1,1,4,1,4,4
40,40,A5_Conv_2a_1x1,4,6,22,2,4,22,1,0,1,2,4,1,4,4
40,40,A5_Conv_2a_1x1,4,6,23,3,4,23,1,0,1,3,4,1,4,4
40,40,A5_Conv_2a_1x1,4,5,24,2,3,24,1,0,2,0,4,1,4,4
40,40,A5_Conv_2a_1x1,4,5,25,3,3,25,1,0,2,1,4,1,4,4
40,40,A5_Conv_2a_1x1,4,5,26,2,2,26,1,0,2,2,4,1,4,4
40,40,A5_Conv_2a_1x1,4,5,27,3,2,27,1,0,2,3,4,1,4,4
40,40,A5_Conv_2a_1x1,4,4,28,2,1,28,1,0,3,0,4,1,4,4
40,40,A5_Conv_2a_1x1,4,4,29,3,1,29,1,0,3,1,4,1,4,4
40,40,A5_Conv_2a_1x1,4,4,30,2,0,30,1,0,3,2,4,1,4,4
40,40,A5_Conv_2a_1x1,4,4,31,3,0,31,1,0,3,3,4,1,4,4
40,40,A5_Conv_2a_1x1,4,8,32,4,0,32,2,0,0,0,4,1,4,4
40,40,A5_Conv_2a_1x1,4,8,33,5,0,33,2,0,0,1,4,1,4,4
40,40,A5_Conv_2a_1x1,4,8,34,4,1,34,2,0,0,2,4,1,4,4
40,40,A5_Conv_2a_1x1,4,8,35,5,1,35,2,0,0,3,4,1,4,4
40,40,A5_Conv_2a_1x1,4,9,36,4,2,36,2,0,1,0,4,1,4,4
40,40,A5_Conv_2a_1x1,4,9,37,5,2,37,2,0,1,1,4,1,4,4
40,40,A5_Conv_2a_1x1,4,9,38,4,3,38,2,0,1,2,4,1,4,4
40,40,A5_Conv_2a_1x1,4,9,39,5,3,39,2,0,1,3,4,1,4,4
40,40,A5_Conv_2a_1x1,4,10,40,4,4,40,2,0,2,0,4,1,4,4
40,40,A5_Conv_2a_1x1,4,10,41,5,4,41,2,0,2,1,4,1,4,4
40,40,A5_Conv_2a_1x1,4,10,42,4,5,42,2,0,2,2,4,1,4,4
40,40,A5_Conv_2a_1x1,4,10,43,5,5,43,2,0,2,3,4,1,4,4
40,40,A5_Conv_2a_1x1,4,11,44,4,6,44,2,0,3,0,4,1,4,4
40,40,A5_Conv_2a_1x1,4,11,45,5,6,45,2,0,3,1,4,1,4,4
40,40,A5_Conv_2a_1x1,4,11,46,4,7,46,2,0,3,2,4,1,4,4
40,40,A5_Conv_2a_1x1,4,11,47,5,7,47,2,0,3,3,4,1,4,4
40,40,A5_Conv_2a_1x1,4,15,48,6,7,48,3,0,0,0,4,1,4,4
40,40,A5_Conv_2a_1x1,4,15,49,7,7,49,3,0,0,1,4,1,4,4
40,40,A5_Conv_2a_1x1,4,15,50,6,6,50,3,0,0,2,4,1,4,4
40,40,A5_Conv_2a_1x1,4,15,51,7,6,51,3,0,0,3,4,1,4,4
40,40,A5_Conv_2a_1x1,4,14,52,6,5,52,3,0,1,0,4,1,4,4
40,40,A5_Conv_2a_1x1,4,14,53,7,5,53,3,0,1,1,4,1,4,4
40,40,A5_Conv_2a_1x1,4,14,54,6,4,54,3,0,1,2,4,1,4,4
40,40,A5_Conv_2a_1x1,4,14,55,7,4,55,3,0,1,3,4,1,4,4
40,40,A5_Conv_2a_1x1,4,13,56,6,3,56,3,0,2,0,4,1,4,4
40,40,A5_Conv_2a_1x1,4,13,57,7,3,57,3,0,2,1,4,1,4,4
40,40,A5_Conv_2a_1x1,4,13,58,6,2,58,3,0,2,2,4,1,4,4
40,40,A5_Conv_2a_1x1,4,13,59,7,2,59,3,0,2,3,4,1,4,4
40,40,A5_Conv_2a_1x1,4,12,60,6,1,60,3,0,3,0,4,1,4,4
40,40,A5_Conv_2a_1x1,4,12,61,7,1,61,3,0,3,1,4,1,4,4
40,40,A5_Conv_2a_1x1,4,12,62,6,0,62,3,0,3,2,4,1,4,4
40,40,A5_Conv_2a_1x1,4,12,63,7,0,63,3,0,3,3,4,1,4,4
41,41,A5_Conv_2b_3x3,4,0,0,0,0,0,0,0,0,0,4,1,4,4
41,41,A5_Conv_2b_3x3,4,0,1,1,0,1,0,0,0,1,4,1,4,4
41,41,A5_Conv_2b_3x3,4,0,2,0,1,2,0,0,0,2,4,1,4,4
41,41,A5_Conv_2b_3x3,4,0,3,1,1,3,0,0,0,3,4,1,4,4
41,41,A5_Conv_2b_3x3,4,1,4,0,2,4,0,0,1,0,4,1,4,4
41,41,A5_Conv_2b_3x3,4,1,5,1,2,5,0,0,1,1,4,1,4,4
41,41,A5_Conv_2b_3x3,4,1,6,0,3,6,0,0,1,2,4,1,4,4
41,41,A5_Conv_2b_3x3,4,1,7,1,3,7,0,0,1,3,4,1,4,4
41,41,A5_Conv_2b_3x3,4,2,8,0,4,8,0,0,2,0,4,1,4,4
41,41,A5_Conv_2b_3x3,4,2,9,1,4,9,0,0,2,1,4,1,4,4
41,41,A5_Conv_2b_3x3,4,2,10,0,5,10,0,0,2,2,4,1,4,4
41,41,A5_Conv_2b_3x3,4,2,11,1,5,11,0,0,2,3,4,1,4,4
41,41,A5_Conv_2b_3x3,4,3,12,0,6,12,0,0,3,0,4,1,4,4
41,41,A5_Conv_2b_3x3,4,3,13,1,6,13,0,0,3,1,4,1,4,4
41,41,A5_Conv_2b_3x3,4,3,14,0,7,14,0,0,3,2,4,1,4,4
41,41,A5_Conv_2b_3x3,4,3,15,1,7,15,0,0,3,3,4,1,4,4
41,41,A5_Conv_2b_3x3,4,7,16,2,7,16,1,0,0,0,4,1,4,4
41,41,A5_Conv_2b_3x3,4,7,17,3,7,17,1,0,0,1,4,1,4,4
41,41,A5_Conv_2b_3x3,4,7,18,2,6,18,1,0,0,2,4,1,4,4
41,41,A5_Conv_2b_3x3,4,7,19,3,6,19,1,0,0,3,4,1,4,4
41,41,A5_Conv_2b_3x3,4,6,20,2,5,20,1,0,1,0,4,1,4,4
41,41,A5_Conv_2b_3x3,4,6,21,3,5,21,1,0,1,1,4,1,4,4
41,41,A5_Conv_2b_3x3,4,6,22,2,4,22,1,0,1,2,4,1,4,4
41,41,A5_Conv_2b_3x3,4,6,23,3,4,23,1,0,1,3,4,1,4,4
41,41,A5_Conv_2b_3x3,4,5,24,2,3,24,1,0,2,0,4,1,4,4
41,41,A5_Conv_2b_3x3,4,5,25,3,3,25,1,0,2,1,4,1,4,4
41,41,A5_Conv_2b_3x3,4,5,26,2,2,26,1,0,2,2,4,1,4,4
41,41,A5_Conv_2b_3x3,4,5,27,3,2,27,1,0,2,3,4,1,4,4
41,41,A5_Conv_2b_3x3,4,4,28,2,1,28,1,0,3,0,4,1,4,4
41,41,A5_Conv_2b_3x3,4,4,29,3,1,29,1,0,3,1,4,1,4,4
41,41,A5_Conv_2b_3x3,4,4,30,2,0,30,1,0,3,2,4,1,4,4
41,41,A5_Conv_2b_3x3,4,4,31,3,0,31,1,0,3,3,4,1,4,4
41,41,A5_Conv_2b_3x3,4,8,32,4,0,32,2,0,0,0,4,1,4,4
41,41,A5_Conv_2b_3x3,4,8,33,5,0,33,2,0,0,1,4,1,4,4
41,41,A5_Conv_2b_3x3,4,8,34,4,1,34,2,0,0,2,4,1,4,4
41,41,A5_Conv_2b_3x3,4,8,35,5,1,35,2,0,0,3,4,1,4,4
41,41,A5_Conv_2b_3x3,4,9,36,4,2,36,2,0,1,0,4,1,4,4
41,41,A5_Conv_2b_3x3,4,9,37,5,2,37,2,0,1,1,4,1,4,4
41,41,A5_Conv_2b_3x3,4,9,38,4,3,38,2,0,1,2,4,1,4,4
41,41,A5_Conv_2b_3x3,4,9,39,5,3,39,2,0,1,3,4,1,4,4
41,41,A5_Conv_2b_3x3,4,10,40,4,4,40,2,0,2,0,4,1,4,4
41,41,A5_Conv_2b_3x3,4,10,41,5,4,41,2,0,2,1,4,1,4,4
41,41,A5_Conv_2b_3x3,4,10,42,4,5,42,2,0,2,2,4,1,4,4
41,41,A5_Conv_2b_3x3,4,10,43,5,5,43,2,0,2,3,4,1,4,4
41,41,A5_Conv_2b_3x3,4,11,44,4,6,44,2,0,3,0,4,1,4,4
41,41,A5_Conv_2b_3x3,4,11,45,5,6,45,2,0,3,1,4,1,4,4
41,41,A5_Conv_2b_3x3,4,11,46,4,7,46,2,0,3,2,4,1,4,4
41,41,A5_Conv_2b_3x3,4,11,47,5,7,47,2,0,3,3,4,1,4,4
41,41,A5_Conv_2b_3x3,4,15,48,6,7,48,3,0,0,0,4,1,4,4
41,41,A5_Conv_2b_3x3,4,15,49,7,7,49,3,0,0,1,4,1,4,4
41,41,A5_Conv_2b_3x3,4,15,50,6,6,50,3,0,0,2,4,1,4,4
41,41,A5_Conv_2b_3x3,4,15,51,7,6,51,3,0,0,3,4,1,4,4
41,41,A5_Conv_2b_3x3,4,14,52,6,5,52,3,0,1,0,4,1,4,4
41,41,A5_Conv_2b_3x3,4,14,53,7,5,53,3,0,1,1,4,1,4,4
41,41,A5_Conv_2b_3x3,4,14,54,6,4,54,3,0,1,2,4,1,4,4
41,41,A5_Conv_2b_3x3,4,14,55,7,4,55,3,0,1,3,4,1,4,4
41,41,A5_Conv_2b_3x3,4,13,56,6,3,56,3,0,2,0,4,1,4,4
41,41,A5_Conv_2b_3x3,4,13,57,7,3,57,3,0,2,1,4,1,4,4
41,41,A5_Conv_2b_3x3,4,13,58,6,2,58,3,0,2,2,4,1,4,4
41,41,A5_Conv_2b_3x3,4,13,59,7,2,59,3,0,2,3,4,1,4,4
41,41,A5_Conv_2b_3x3,4,12,60,6,1,60,3,0,3,0,4,1,4,4
41,41,A5_Conv_2b_3x3,4,12,61,7,1,61,3,0,3,1,4,1,4,4
41,41,A5_Conv_2b_3x3,4,12,62,6,0,62,3,0,3,2,4,1,4,4
41,41,A5_Conv_2b_3x3,4,12,63,7,0,63,3,0,3,3,4,1,4,4
42,42,A5_Conv_3a_1x1,4,0,0,0,0,0,0,0,0,0,4,1,4,4
42,42,A5_Conv_3a_1x1,4,0,1,1,0,1,0,0,0,1,4,1,4,4
42,42,A5_Conv_3a_1x1,4,0,2,0,1,2,0,0,0,2,4,1,4,4
42,42,A5_Conv_3a_1x1,4,0,3,1,1,3,0,0,0,3,4,1,4,4
42,42,A5_Conv_3a_1x1,4,1,4,0,2,4,0,0,1,0,4,1,4,4
42,42,A5_Conv_3a_1x1,4,1,5,1,2,5,0,0,1,1,4,1,4,4
42,42,A5_Conv_3a_1x1,4,1,6,0,3,6,0,0,1,2,4,1,4,4
42,42,A5_Conv_3a_1x1,4,1,7,1,3,7,0,0,1,3,4,1,4,4
42,42,A5_Conv_3a_1x1,4,2,8,0,4,8,0,0,2,0,4,1,4,4
42,42,A5_Conv_3a_1x1,4,2,9,1,4,9,0,0,2,1,4,1,4,4
42,42,A5_Conv_3a_1x1,4,2,10,0,5,10,0,0,2,2,4,1,4,4
42,42,A5_Conv_3a_1x1,4,2,11,1,5,11,0,0,2,3,4,1,4,4
42,42,A5_Conv_3a_1x1,4,3,12,0,6,12,0,0,3,0,4,1,4,4
42,42,A5_Conv_3a_1x1,4,3,13,1,6,13,0,0,3,1,4,1,4,4
42,42,A5_Conv_3a_1x1,4,3,14,0,7,14,0,0,3,2,4,1,4,4
42,42,A5_Conv_3a_1x1,4,3,15,1,7,15,0,0,3,3,4,1,4,4
42,42,A5_Conv_3a_1x1,4,7,16,2,7,16,1,0,0,0,4,1,4,4
42,42,A5_Conv_3a_1x1,4,7,17,3,7,17,1,0,0,1,4,1,4,4
42,42,A5_Conv_3a_1x1,4,7,18,2,6,18,1,0,0,2,4,1,4,4
42,42,A5_Conv_3a_1x1,4,7,19,3,6,19,1,0,0,3,4,1,4,4
42,42,A5_Conv_3a_1x1,4,6,20,2,5,20,1,0,1,0,4,1,4,4
42,42,A5_Conv_3a_1x1,4,6,21,3,5,21,1,0,1,1,4,1,4,4
42,42,A5_Conv_3a_1x1,4,6,22,2,4,22,1,0,1,2,4,1,4,4
42,42,A5_Conv_3a_1x1,4,6,23,3,4,23,1,0,1,3,4,1,4,4
42,42,A5_Conv_3a_1x1,4,5,24,2,3,24,1,0,2,0,4,1,4,4
42,42,A5_Conv_3a_1x1,4,5,25,3,3,25,1,0,2,1,4,1,4,4
42,42,A5_Conv_3a_1x1,4,5,26,2,2,26,1,0,2,2,4,1,4,4
42,42,A5_Conv_3a_1x1,4,5,27,3,2,27,1,0,2,3,4,1,4,4
42,42,A5_Conv_3a_1x1,4,4,28,2,1,28,1,0,3,0,4,1,4,4
42,42,A5_Conv_3a_1x1,4,4,29,3,1,29,1,0,3,1,4,1,4,4
42,42,A5_Conv_3a_1x1,4,4,30,2,0,30,1,0,3,2,4,1,4,4
42,42,A5_Conv_3a_1x1,4,4,31,3,0,31,1,0,3,3,4,1,4,4
42,42,A5_Conv_3a_1x1,4,8,32,4,0,32,2,0,0,0,4,1,4,4
42,42,A5_Conv_3a_1x1,4,8,33,5,0,33,2,0,0,1,4,1,4,4
42,42,A5_Conv_3a_1x1,4,8,34,4,1,34,2,0,0,2,4,1,4,4
42,42,A5_Conv_3a_1x1,4,8,35,5,1,35,2,0,0,3,4,1,4,4
42,42,A5_Conv_3a_1x1,4,9,36,4,2,36,2,0,1,0,4,1,4,4
42,42,A5_Conv_3a_1x1,4,9,37,5,2,37,2,0,1,1,4,1,4,4
42,42,A5_Conv_3a_1x1,4,9,38,4,3,38,2,0,1,2,4,1,4,4
42,42,A5_Conv_3a_1x1,4,9,39,5,3,39,2,0,1,3,4,1,4,4
42,42,A5_Conv_3a_1x1,4,10,40,4,4,40,2,0,2,0,4,1,4,4
42,42,A5_Conv_3a_1x1,4,10,41,5,4,41,2,0,2,1,4,1,4,4
42,42,A5_Conv_3a_1x1,4,10,42,4,5,42,2,0,2,2,4,1,4,4
42,42,A5_Conv_3a_1x1,4,10,43,5,5,43,2,0,2,3,4,1,4,4
42,42,A5_Conv_3a_1x1,4,11,44,4,6,44,2,0,3,0,4,1,4,4
42,42,A5_Conv_3a_1x1,4,11,45,5,6,45,2,0,3,1,4,1,4,4
42,42,A5_Conv_3a_1x1,4,11,46,4,7,46,2,0,3,2,4,1,4,4
42,42,A5_Conv_3a_1x1,4,11,47,5,7,47,2,0,3,3,4,1,4,4
42,42,A5_Conv_3a_1x1,4,15,48,6,7,48,3,0,0,0,4,1,4,4
42,42,A5_Conv_3a_1x1,4,15,49,7,7,49,3,0,0,1,4,1,4,4
42,42,A5_Conv_3a_1x1,4,15,50,6,6,50,3,0,0,2,4,1,4,4
42,42,A5_Conv_3a_1x1,4,15,51,7,6,51,3,0,0,3,4,1,4,4
42,42,A5_Conv_3a_1x1,4,14,52,6,5,52,3,0,1,0,4,1,4,4
42,42,A5_Conv_3a_1x1,4,14,53,7,5,53,3,0,1,1,4,1,4,4
42,42,A5_Conv_3a_1x1,4,14,54,6,4,54,3,0,1,2,4,1,4,4
42,42,A5_Conv_3a_1x1,4,14,55,7,4,55,3,0,1,3,4,1,4,4
42,42,A5_Conv_3a_1x1,4,13,56,6,3,56,3,0,2,0,4,1,4,4
42,42,A5_Conv_3a_1x1,4,13,57,7,3,57,3,0,2,1,4,1,4,4
42,42,A5_Conv_3a_1x1,4,13,58,6,2,58,3,0,2,2,4,1,4,4
42,42,A5_Conv_3a_1x1,4,13,59,7,2,59,3,0,2,3,4,1,4,4
42,42,A5_Conv_3a_1x1,4,12,60,6,1,60,3,0,3,0,4,1,4,4
42,42,A5_Conv_3a_1x1,4,12,61,7,1,61,3,0,3,1,4,1,4,4
42,42,A5_Conv_3a_1x1,4,12,62,6,0,62,3,0,3,2,4,1,4,4
42,42,A5_Conv_3a_1x1,4,12,63,7,0,63,3,0,3,3,4,1,4,4
43,43,A5_Conv_3b_3x3,4,0,0,0,0,0,0,0,0,0,4,1,4,4
43,43,A5_Conv_3b_3x3,4,0,1,1,0,1,0,0,0,1,4,1,4,4
43,43,A5_Conv_3b_3x3,4,0,2,0,1,2,0,0,0,2,4,1,4,4
43,43,A5_Conv_3b_3x3,4,0,3,1,1,3,0,0,0,3,4,1,4,4
43,43,A5_Conv_3b_3x3,4,1,4,0,2,4,0,0,1,0,4,1,4,4
43,43,A5_Conv_3b_3x3,4,1,5,1,2,5,0,0,1,1,4,1,4,4
43,43,A5_Conv_3b_3x3,4,1,6,0,3,6,0,0,1,2,4,1,4,4
43,43,A5_Conv_3b_3x3,4,1,7,1,3,7,0,0,1,3,4,1,4,4
43,43,A5_Conv_3b_3x3,4,2,8,0,4,8,0,0,2,0,4,1,4,4
43,43,A5_Conv_3b_3x3,4,2,9,1,4,9,0,0,2,1,4,1,4,4
43,43,A5_Conv_3b_3x3,4,2,10,0,5,10,0,0,2,2,4,1,4,4
43,43,A5_Conv_3b_3x3,4,2,11,1,5,11,0,0,2,3,4,1,4,4
43,43,A5_Conv_3b_3x3,4,3,12,0,6,12,0,0,3,0,4,1,4,4
43,43,A5_Conv_3b_3x3,4,3,13,1,6,13,0,0,3,1,4,1,4,4
43,43,A5_Conv_3b_3x3,4,3,14,0,7,14,0,0,3,2,4,1,4,4
43,43,A5_Conv_3b_3x3,4,3,15,1,7,15,0,0,3,3,4,1,4,4
43,43,A5_Conv_3b_3x3,4,7,16,2,7,16,1,0,0,0,4,1,4,4
43,43,A5_Conv_3b_3x3,4,7,17,3,7,17,1,0,0,1,4,1,4,4
43,43,A5_Conv_3b_3x3,4,7,18,2,6,18,1,0,0,2,4,1,4,4
43,43,A5_Conv_3b_3x3,4,7,19,3,6,19,1,0,0,3,4,1,4,4
43,43,A5_Conv_3b_3x3,4,6,20,2,5,20,1,0,1,0,4,1,4,4
43,43,A5_Conv_3b_3x3,4,6,21,3,5,21,1,0,1,1,4,1,4,4
43,43,A5_Conv_3b_3x3,4,6,22,2,4,22,1,0,1,2,4,1,4,4
43,43,A5_Conv_3b_3x3,4,6,23,3,4,23,1,0,1,3,4,1,4,4
43,43,A5_Conv_3b_3x3,4,5,24,2,3,24,1,0,2,0,4,1,4,4
43,43,A5_Conv_3b_3x3,4,5,25,3,3,25,1,0,2,1,4,1,4,4
43,43,A5_Conv_3b_3x3,4,5,26,2,2,26,1,0,2,2,4,1,4,4
43,43,A5_Conv_3b_3x3,4,5,27,3,2,27,1,0,2,3,4,1,4,4
43,43,A5_Conv_3b_3x3,4,4,28,2,1,28,1,0,3,0,4,1,4,4
43,43,A5_Conv_3b_3x3,4,4,29,3,1,29,1,0,3,1,4,1,4,4
43,43,A5_Conv_3b_3x3,4,4,30,2,0,30,1,0,3,2,4,1,4,4
43,43,A5_Conv_3b_3x3,4,4,31,3,0,31,1,0,3,3,4,1,4,4
43,43,A5_Conv_3b_3x3,4,8,32,4,0,32,2,0,0,0,4,1,4,4
43,43,A5_Conv_3b_3x3,4,8,33,5,0,33,2,0,0,1,4,1,4,4
43,43,A5_Conv_3b_3x3,4,8,34,4,1,34,2,0,0,2,4,1,4,4
43,43,A5_Conv_3b_3x3,4,8,35,5,1,35,2,0,0,3,4,1,4,4
43,43,A5_Conv_3b_3x3,4,9,36,4,2,36,2,0,1,0,4,1,4,4
43,43,A5_Conv_3b_3x3,4,9,37,5,2,37,2,0,1,1,4,1,4,4
43,43,A5_Conv_3b_3x3,4,9,38,4,3,38,2,0,1,2,4,1,4,4
43,43,A5_Conv_3b_3x3,4,9,39,5,3,39,2,0,1,3,4,1,4,4
43,43,A5_Conv_3b_3x3,4,10,40,4,4,40,2,0,2,0,4,1,4,4
43,43,A5_Conv_3b_3x3,4,10,41,5,4,41,2,0,2,1,4,1,4,4
43,43,A5_Conv_3b_3x3,4,10,42,4,5,42,2,0,2,2,4,1,4,4
43,43,A5_Conv_3b_3x3,4,10,43,5,5,43,2,0,2,3,4,1,4,4
43,43,A5_Conv_3b_3x3,4,11,44,4,6,44,2,0,3,0,4,1,4,4
43,43,A5_Conv_3b_3x3,4,11,45,5,6,45,2,0,3,1,4,1,4,4
43,43,A5_Conv_3b_3x3,4,11,46,4,7,46,2,0,3,2,4,1,4,4
43,43,A5_Conv_3b_3x3,4,11,47,5,7,47,2,0,3,3,4,1,4,4
43,43,A5_Conv_3b_3x3,4,15,48,6,7,48,3,0,0,0,4,1,4,4
43,43,A5_Conv_3b_3x3,4,15,49,7,7,49,3,0,0,1,4,1,4,4
43,43,A5_Conv_3b_3x3,4,15,50,6,6,50,3,0,0,2,4,1,4,4
43,43,A5_Conv_3b_3x3,4,15,51,7,6,51,3,0,0,3,4,1,4,4
43,43,A5_Conv_3b_3x3,4,14,52,6,5,52,3,0,1,0,4,1,4,4
43,43,A5_Conv_3b_3x3,4,14,53,7,5,53,3,0,1,1,4,1,4,4
43,43,A5_Conv_3b_3x3,4,14,54,6,4,54,3,0,1,2,4,1,4,4
43,43,A5_Conv_3b_3x3,4,14,55,7,4,55,3,0,1,3,4,1,4,4
43,43,A5_Conv_3b_3x3,4,13,56,6,3,56,3,0,2,0,4,1,4,4
43,43,A5_Conv_3b_3x3,4,13,57,7,3,57,3,0,2,1,4,1,4,4
43,43,A5_Conv_3b_3x3,4,13,58,6,2,58,3,0,2,2,4,1,4,4
43,43,A5_Conv_3b_3x3,4,13,59,7,2,59,3,0,2,3,4,1,4,4
43,43,A5_Conv_3b_3x3,4,12,60,6,1,60,3,0,3,0,4,1,4,4
43,43,A5_Conv_3b_3x3,4,12,61,7,1,61,3,0,3,1,4,1,4,4
43,43,A5_Conv_3b_3x3,4,12,62,6,0,62,3,0,3,2,4,1,4,4
43,43,A5_Conv_3b_3x3,4,12,63,7,0,63,3,0,3,3,4,1,4,4
44,44,A5_Conv_3c_3x3,4,0,0,0,0,0,0,0,0,0,4,1,4,4
44,44,A5_Conv_3c_3x3,4,0,1,1,0,1,0,0,0,1,4,1,4,4
44,44,A5_Conv_3c_3x3,4,0,2,0,1,2,0,0,0,2,4,1,4,4
44,44,A5_Conv_3c_3x3,4,0,3,1,1,3,0,0,0,3,4,1,4,4
44,44,A5_Conv_3c_3x3,4,1,4,0,2,4,0,0,1,0,4,1,4,4
44,44,A5_Conv_3c_3x3,4,1,5,1,2,5,0,0,1,1,4,1,4,4
44,44,A5_Conv_3c_3x3,4,1,6,0,3,6,0,0,1,2,4,1,4,4
44,44,A5_Conv_3c_3x3,4,1,7,1,3,7,0,0,1,3,4,1,4,4
44,44,A5_Conv_3c_3x3,4,2,8,0,4,8,0,0,2,0,4,1,4,4
44,44,A5_Conv_3c_3x3,4,2,9,1,4,9,0,0,2,1,4,1,4,4
44,44,A5_Conv_3c_3x3,4,2,10,0,5,10,0,0,2,2,4,1,4,4
44,44,A5_Conv_3c_3x3,4,2,11,1,5,11,0,0,2,3,4,1,4,4
44,44,A5_Conv_3c_3x3,4,3,12,0,6,12,0,0,3,0,4,1,4,4
44,44,A5_Conv_3c_3x3,4,3,13,1,6,13,0,0,3,1,4,1,4,4
44,44,A5_Conv_3c_3x3,4,3,14,0,7,14,0,0,3,2,4,1,4,4
44,44,A5_Conv_3c_3x3,4,3,15,1,7,15,0,0,3,3,4,1,4,4
44,44,A5_Conv_3c_3x3,4,7,16,2,7,16,1,0,0,0,4,1,4,4
44,44,A5_Conv_3c_3x3,4,7,17,3,7,17,1,0,0,1,4,1,4,4
44,44,A5_Conv_3c_3x3,4,7,18,2,6,18,1,0,0,2,4,1,4,4
44,44,A5_Conv_3c_3x3,4,7,19,3,6,19,1,0,0,3,4,1,4,4
44,44,A5_Conv_3c_3x3,4,6,20,2,5,20,1,0,1,0,4,1,4,4
44,44,A5_Conv_3c_3x3,4,6,21,3,5,21,1,0,1,1,4,1,4,4
44,44,A5_Conv_3c_3x3,4,6,22,2,4,22,1,0,1,2,4,1,4,4
44,44,A5_Conv_3c_3x3,4,6,23,3,4,23,1,0,1,3,4,1,4,4
44,44,A5_Conv_3c_3x3,4,5,24,2,3,24,1,0,2,0,4,1,4,4
44,44,A5_Conv_3c_3x3,4,5,25,3,3,25,1,0,2,1,4,1,4,4
44,44,A5_Conv_3c_3x3,4,5,26,2,2,26,1,0,2,2,4,1,4,4
44,44,A5_Conv_3c_3x3,4,5,27,3,2,27,1,0,2,3,4,1,4,4
44,44,A5_Conv_3c_3x3,4,4,28,2,1,28,1,0,3,0,4,1,4,4
44,44,A5_Conv_3c_3x3,4,4,29,3,1,29,1,0,3,1,4,1,4,4
44,44,A5_Conv_3c_3x3,4,4,30,2,0,30,1,0,3,2,4,1,4,4
44,44,A5_Conv_3c_3x3,4,4,31,3,0,31,1,0,3,3,4,1,4,4
44,44,A5_Conv_3c_3x3,4,8,32,4,0,32,2,0,0,0,4,1,4,4
44,44,A5_Conv_3c_3x3,4,8,33,5,0,33,2,0,0,1,4,1,4,4
44,44,A5_Conv_3c_3x3,4,8,34,4,1,34,2,0,0,2,4,1,4,4
44,44,A5_Conv_3c_3x3,4,8,35,5,1,35,2,0,0,3,4,1,4,4
44,44,A5_Conv_3c_3x3,4,9,36,4,2,36,2,0,1,0,4,1,4,4
44,44,A5_Conv_3c_3x3,4,9,37,5,2,37,2,0,1,1,4,1,4,4
44,44,A5_Conv_3c_3x3,4,9,38,4,3,38,2,0,1,2,4,1,4,4
44,44,A5_Conv_3c_3x3,4,9,39,5,3,39,2,0,1,3,4,1,4,4
44,44,A5_Conv_3c_3x3,4,10,40,4,4,40,2,0,2,0,4,1,4,4
44,44,A5_Conv_3c_3x3,4,10,41,5,4,41,2,0,2,1,4,1,4,4
44,44,A5_Conv_3c_3x3,4,10,42,4,5,42,2,0,2,2,4,1,4,4
44,44,A5_Conv_3c_3x3,4,10,43,5,5,43,2,0,2,3,4,1,4,4
44,44,A5_Conv_3c_3x3,4,11,44,4,6,44,2,0,3,0,4,1,4,4
44,44,A5_Conv_3c_3x3,4,11,45,5,6,45,2,0,3,1,4,1,4,4
44,44,A5_Conv_3c_3x3,4,11,46,4,7,46,2,0,3,2,4,1,4,4
44,44,A5_Conv_3c_3x3,4,11,47,5,7,47,2,0,3,3,4,1,4,4
44,44,A5_Conv_3c_3x3,4,15,48,6,7,48,3,0,0,0,4,1,4,4
44,44,A5_Conv_3c_3x3,4,15,49,7,7,49,3,0,0,1,4,1,4,4
44,44,A5_Conv_3c_3x3,4,15,50,6,6,50,3,0,0,2,4,1,4,4
44,44,A5_Conv_3c_3x3,4,15,51,7,6,51,3,0,0,3,4,1,4,4
44,44,A5_Conv_3c_3x3,4,14,52,6,5,52,3,0,1,0,4,1,4,4
44,44,A5_Conv_3c_3x3,4,14,53,7,5,53,3,0,1,1,4,1,4,4
44,44,A5_Conv_3c_3x3,4,14,54,6,4,54,3,0,1,2,4,1,4,4
44,44,A5_Conv_3c_3x3,4,14,55,7,4,55,3,0,1,3,4,1,4,4
44,44,A5_Conv_3c_3x3,4,13,56,6,3,56,3,0,2,0,4,1,4,4
44,44,A5_Conv_3c_3x3,4,13,57,7,3,57,3,0,2,1,4,1,4,4
44,44,A5_Conv_3c_3x3,4,13,58,6,2,58,3,0,2,2,4,1,4,4
44,44,A5_Conv_3c_3x3,4,13,59,7,2,59,3,0,2,3,4,1,4,4
44,44,A5_Conv_3c_3x3,4,12,60,6,1,60,3,0,3,0,4,1,4,4
44,44,A5_Conv_3c_3x3,4,12,61,7,1,61,3,0,3,1,4,1,4,4
44,44,A5_Conv_3c_3x3,4,12,62,6,0,62,3,0,3,2,4,1,4,4
44,44,A5_Conv_3c_3x3,4,12,63,7,0,63,3,0,3,3,4,1,4,4
45,45,A5_Conv_4_1x1,2,0,0,0,0,0,0,0,0,0,2,8,1,4
45,45,A5_Conv_4_1x1,2,0,1,1,0,1,0,0,0,1,2,8,1,4
45,45,A5_Conv_4_1x1,2,0,2,0,1,2,0,0,0,2,2,8,1,4
45,45,A5_Conv_4_1x1,2,0,3,1,1,3,0,0,0,3,2,8,1,4
45,45,A5_Conv_4_1x1,2,1,4,0,2,32,1,0,0,0,2,8,1,4
45,45,A5_Conv_4_1x1,2,1,5,1,2,33,1,0,0,1,2,8,1,4
45,45,A5_Conv_4_1x1,2,1,6,0,3,34,1,0,0,2,2,8,1,4
45,45,A5_Conv_4_1x1,2,1,7,1,3,35,1,0,0,3,2,8,1,4
45,45,A5_Conv_4_1x1,2,2,8,0,4,4,0,1,0,0,2,8,1,4
45,45,A5_Conv_4_1x1,2,2,9,1,4,5,0,1,0,1,2,8,1,4
45,45,A5_Conv_4_1x1,2,2,10,0,5,6,0,1,0,2,2,8,1,4
45,45,A5_Conv_4_1x1,2,2,11,1,5,7,0,1,0,3,2,8,1,4
45,45,A5_Conv_4_1x1,2,3,12,0,6,36,1,1,0,0,2,8,1,4
45,45,A5_Conv_4_1x1,2,3,13,1,6,37,1,1,0,1,2,8,1,4
45,45,A5_Conv_4_1x1,2,3,14,0,7,38,1,1,0,2,2,8,1,4
45,45,A5_Conv_4_1x1,2,3,15,1,7,39,1,1,0,3,2,8,1,4
45,45,A5_Conv_4_1x1,2,7,16,2,7,8,0,2,0,0,2,8,1,4
45,45,A5_Conv_4_1x1,2,7,17,3,7,9,0,2,0,1,2,8,1,4
45,45,A5_Conv_4_1x1,2,7,18,2,6,10,0,2,0,2,2,8,1,4
45,45,A5_Conv_4_1x1,2,7,19,3,6,11,0,2,0,3,2,8,1,4
45,45,A5_Conv_4_1x1,2,6,20,2,5,40,1,2,0,0,2,8,1,4
45,45,A5_Conv_4_1x1,2,6,21,3,5,41,1,2,0,1,2,8,1,4
45,45,A5_Conv_4_1x1,2,6,22,2,4,42,1,2,0,2,2,8,1,4
45,45,A5_Conv_4_1x1,2,6,23,3,4,43,1,2,0,3,2,8,1,4
45,45,A5_Conv_4_1x1,2,5,24,2,3,12,0,3,0,0,2,8,1,4
45,45,A5_Conv_4_1x1,2,5,25,3,3,13,0,3,0,1,2,8,1,4
45,45,A5_Conv_4_1x1,2,5,26,2,2,14,0,3,0,2,2,8,1,4
45,45,A5_Conv_4_1x1,2,5,27,3,2,15,0,3,0,3,2,8,1,4
45,45,A5_Conv_4_1x1,2,4,28,2,1,44,1,3,0,0,2,8,1,4
45,45,A5_Conv_4_1x1,2,4,29,3,1,45,1,3,0,1,2,8,1,4
45,45,A5_Conv_4_1x1,2,4,30,2,0,46,1,3,0,2,2,8,1,4
45,45,A5_Conv_4_1x1,2,4,31,3,0,47,1,3,0,3,2,8,1,4
45,45,A5_Conv_4_1x1,2,8,32,4,0,16,0,4,0,0,2,8,1,4
45,45,A5_Conv_4_1x1,2,8,33,5,0,17,0,4,0,1,2,8,1,4
45,45,A5_Conv_4_1x1,2,8,34,4,1,18,0,4,0,2,2,8,1,4
45,45,A5_Conv_4_1x1,2,8,35,5,1,19,0,4,0,3,2,8,1,4
45,45,A5_Conv_4_1x1,2,9,36,4,2,48,1,4,0,0,2,8,1,4
45,45,A5_Conv_4_1x1,2,9,37,5,2,49,1,4,0,1,2,8,1,4
45,45,A5_Conv_4_1x1,2,9,38,4,3,50,1,4,0,2,2,8,1,4
45,45,A5_Conv_4_1x1,2,9,39,5,3,51,1,4,0,3,2,8,1,4
45,45,A5_Conv_4_1x1,2,10,40,4,4,20,0,5,0,0,2,8,1,4
45,45,A5_Conv_4_1x1,2,10,41,5,4,21,0,5,0,1,2,8,1,4
45,45,A5_Conv_4_1x1,2,10,42,4,5,22,0,5,0,2,2,8,1,4
45,45,A5_Conv_4_1x1,2,10,43,5,5,23,0,5,0,3,2,8,1,4
45,45,A5_Conv_4_1x1,2,11,44,4,6,52,1,5,0,0,2,8,1,4
45,45,A5_Conv_4_1x1,2,11,45,5,6,53,1,5,0,1,2,8,1,4
45,45,A5_Conv_4_1x1,2,11,46,4,7,54,1,5,0,2,2,8,1,4
45,45,A5_Conv_4_1x1,2,11,47,5,7,55,1,5,0,3,2,8,1,4
45,45,A5_Conv_4_1x1,2,15,48,6,7,24,0,6,0,0,2,8,1,4
45,45,A5_Conv_4_1x1,2,15,49,7,7,25,0,6,0,1,2,8,1,4
45,45,A5_Conv_4_1x1,2,15,50,6,6,26,0,6,0,2,2,8,1,4
45,45,A5_Conv_4_1x1,2,15,51,7,6,27,0,6,0,3,2,8,1,4
45,45,A5_Conv_4_1x1,2,14,52,6,5,56,1,6,0,0,2,8,1,4
45,45,A5_Conv_4_1x1,2,14,53,7,5,57,1,6,0,1,2,8,1,4
45,45,A5_Conv_4_1x1,2,14,54,6,4,58,1,6,0,2,2,8,1,4
45,45,A5_Conv_4_1x1,2,14,55,7,4,59,1,6,0,3,2,8,1,4
45,45,A5_Conv_4_1x1,2,13,56,6,3,28,0,7,0,0,2,8,1,4
45,45,A5_Conv_4_1x1,2,13,57,7,3,29,0,7,0,1,2,8,1,4
45,45,A5_Conv_4_1x1,2,13,58,6,2,30,0,7,0,2,2,8,1,4
45,45,A5_Conv_4_1x1,2,13,59,7,2,31,0,7,0,3,2,8,1,4
45,45,A5_Conv_4_1x1,2,12,60,6,1,60,1,7,0,0,2,8,1,4
45,45,A5_Conv_4_1x1,2,12,61,7,1,61,1,7,0,1,2,8,1,4
45,45,A5_Conv_4_1x1,2,12,62,6,0,62,1,7,0,2,2,8,1,4
45,45,A5_Conv_4_1x1,2,12,63,7,0,63,1,7,0,3,2,8,1,4
46,46,A5_Eltwise,4,0,0,0,0,0,0,0,0,0,4,16,1,1
46,46,A5_Eltwise,4,0,1,1,0,16,1,0,0,0,4,16,1,1
46,46,A5_Eltwise,4,0,2,0,1,32,2,0,0,0,4,16,1,1
46,46,A5_Eltwise,4,0,3,1,1,48,3,0,0,0,4,16,1,1
46,46,A5_Eltwise,4,1,4,0,2,1,0,1,0,0,4,16,1,1
46,46,A5_Eltwise,4,1,5,1,2,17,1,1,0,0,4,16,1,1
46,46,A5_Eltwise,4,1,6,0,3,33,2,1,0,0,4,16,1,1
46,46,A5_Eltwise,4,1,7,1,3,49,3,1,0,0,4,16,1,1
46,46,A5_Eltwise,4,2,8,0,4,2,0,2,0,0,4,16,1,1
46,46,A5_Eltwise,4,2,9,1,4,18,1,2,0,0,4,16,1,1
46,46,A5_Eltwise,4,2,10,0,5,34,2,2,0,0,4,16,1,1
46,46,A5_Eltwise,4,2,11,1,5,50,3,2,0,0,4,16,1,1
46,46,A5_Eltwise,4,3,12,0,6,3,0,3,0,0,4,16,1,1
46,46,A5_Eltwise,4,3,13,1,6,19,1,3,0,0,4,16,1,1
46,46,A5_Eltwise,4,3,14,0,7,35,2,3,0,0,4,16,1,1
46,46,A5_Eltwise,4,3,15,1,7,51,3,3,0,0,4,16,1,1
46,46,A5_Eltwise,4,7,16,2,7,4,0,4,0,0,4,16,1,1
46,46,A5_Eltwise,4,7,17,3,7,20,1,4,0,0,4,16,1,1
46,46,A5_Eltwise,4,7,18,2,6,36,2,4,0,0,4,16,1,1
46,46,A5_Eltwise,4,7,19,3,6,52,3,4,0,0,4,16,1,1
46,46,A5_Eltwise,4,6,20,2,5,5,0,5,0,0,4,16,1,1
46,46,A5_Eltwise,4,6,21,3,5,21,1,5,0,0,4,16,1,1
46,46,A5_Eltwise,4,6,22,2,4,37,2,5,0,0,4,16,1,1
46,46,A5_Eltwise,4,6,23,3,4,53,3,5,0,0,4,16,1,1
46,46,A5_Eltwise,4,5,24,2,3,6,0,6,0,0,4,16,1,1
46,46,A5_Eltwise,4,5,25,3,3,22,1,6,0,0,4,16,1,1
46,46,A5_Eltwise,4,5,26,2,2,38,2,6,0,0,4,16,1,1
46,46,A5_Eltwise,4,5,27,3,2,54,3,6,0,0,4,16,1,1
46,46,A5_Eltwise,4,4,28,2,1,7,0,7,0,0,4,16,1,1
46,46,A5_Eltwise,4,4,29,3,1,23,1,7,0,0,4,16,1,1
46,46,A5_Eltwise,4,4,30,2,0,39,2,7,0,0,4,16,1,1
46,46,A5_Eltwise,4,4,31,3,0,55,3,7,0,0,4,16,1,1
46,46,A5_Eltwise,4,8,32,4,0,8,0,8,0,0,4,16,1,1
46,46,A5_Eltwise,4,8,33,5,0,24,1,8,0,0,4,16,1,1
46,46,A5_Eltwise,4,8,34,4,1,40,2,8,0,0,4,16,1,1
46,46,A5_Eltwise,4,8,35,5,1,56,3,8,0,0,4,16,1,1
46,46,A5_Eltwise,4,9,36,4,2,9,0,9,0,0,4,16,1,1
46,46,A5_Eltwise,4,9,37,5,2,25,1,9,0,0,4,16,1,1
46,46,A5_Eltwise,4,9,38,4,3,41,2,9,0,0,4,16,1,1
46,46,A5_Eltwise,4,9,39,5,3,57,3,9,0,0,4,16,1,1
46,46,A5_Eltwise,4,10,40,4,4,10,0,10,0,0,4,16,1,1
46,46,A5_Eltwise,4,10,41,5,4,26,1,10,0,0,4,16,1,1
46,46,A5_Eltwise,4,10,42,4,5,42,2,10,0,0,4,16,1,1
46,46,A5_Eltwise,4,10,43,5,5,58,3,10,0,0,4,16,1,1
46,46,A5_Eltwise,4,11,44,4,6,11,0,11,0,0,4,16,1,1
46,46,A5_Eltwise,4,11,45,5,6,27,1,11,0,0,4,16,1,1
46,46,A5_Eltwise,4,11,46,4,7,43,2,11,0,0,4,16,1,1
46,46,A5_Eltwise,4,11,47,5,7,59,3,11,0,0,4,16,1,1
46,46,A5_Eltwise,4,15,48,6,7,12,0,12,0,0,4,16,1,1
46,46,A5_Eltwise,4,15,49,7,7,28,1,12,0,0,4,16,1,1
46,46,A5_Eltwise,4,15,50,6,6,44,2,12,0,0,4,16,1,1
46,46,A5_Eltwise,4,15,51,7,6,60,3,12,0,0,4,16,1,1
46,46,A5_Eltwise,4,14,52,6,5,13,0,13,0,0,4,16,1,1
46,46,A5_Eltwise,4,14,53,7,5,29,1,13,0,0,4,16,1,1
46,46,A5_Eltwise,4,14,54,6,4,45,2,13,0,0,4,16,1,1
46,46,A5_Eltwise,4,14,55,7,4,61,3,13,0,0,4,16,1,1
46,46,A5_Eltwise,4,13,56,6,3,14,0,14,0,0,4,16,1,1
46,46,A5_Eltwise,4,13,57,7,3,30,1,14,0,0,4,16,1,1
46,46,A5_Eltwise,4,13,58,6,2,46,2,14,0,0,4,16,1,1
46,46,A5_Eltwise,4,13,59,7,2,62,3,14,0,0,4,16,1,1
46,46,A5_Eltwise,4,12,60,6,1,15,0,15,0,0,4,16,1,1
46,46,A5_Eltwise,4,12,61,7,1,31,1,15,0,0,4,16,1,1
46,46,A5_Eltwise,4,12,62,6,0,47,2,15,0,0,4,16,1,1
46,46,A5_Eltwise,4,12,63,7,0,63,3,15,0,0,4,16,1,1
47,47,RA_Conv_1a_3x3,16,0,0,0,0,0,0,0,0,0,16,4,1,1
47,47,RA_Conv_1a_3x3,16,0,1,1,0,4,1,0,0,0,16,4,1,1
47,47,RA_Conv_1a_3x3,16,0,2,0,1,8,2,0,0,0,16,4,1,1
47,47,RA_Conv_1a_3x3,16,0,3,1,1,12,3,0,0,0,16,4,1,1
47,47,RA_Conv_1a_3x3,16,1,4,0,2,16,4,0,0,0,16,4,1,1
47,47,RA_Conv_1a_3x3,16,1,5,1,2,20,5,0,0,0,16,4,1,1
47,47,RA_Conv_1a_3x3,16,1,6,0,3,24,6,0,0,0,16,4,1,1
47,47,RA_Conv_1a_3x3,16,1,7,1,3,28,7,0,0,0,16,4,1,1
47,47,RA_Conv_1a_3x3,16,2,8,0,4,32,8,0,0,0,16,4,1,1
47,47,RA_Conv_1a_3x3,16,2,9,1,4,36,9,0,0,0,16,4,1,1
47,47,RA_Conv_1a_3x3,16,2,10,0,5,40,10,0,0,0,16,4,1,1
47,47,RA_Conv_1a_3x3,16,2,11,1,5,44,11,0,0,0,16,4,1,1
47,47,RA_Conv_1a_3x3,16,3,12,0,6,48,12,0,0,0,16,4,1,1
47,47,RA_Conv_1a_3x3,16,3,13,1,6,52,13,0,0,0,16,4,1,1
47,47,RA_Conv_1a_3x3,16,3,14,0,7,56,14,0,0,0,16,4,1,1
47,47,RA_Conv_1a_3x3,16,3,15,1,7,60,15,0,0,0,16,4,1,1
47,47,RA_Conv_1a_3x3,16,7,16,2,7,1,0,1,0,0,16,4,1,1
47,47,RA_Conv_1a_3x3,16,7,17,3,7,5,1,1,0,0,16,4,1,1
47,47,RA_Conv_1a_3x3,16,7,18,2,6,9,2,1,0,0,16,4,1,1
47,47,RA_Conv_1a_3x3,16,7,19,3,6,13,3,1,0,0,16,4,1,1
47,47,RA_Conv_1a_3x3,16,6,20,2,5,17,4,1,0,0,16,4,1,1
47,47,RA_Conv_1a_3x3,16,6,21,3,5,21,5,1,0,0,16,4,1,1
47,47,RA_Conv_1a_3x3,16,6,22,2,4,25,6,1,0,0,16,4,1,1
47,47,RA_Conv_1a_3x3,16,6,23,3,4,29,7,1,0,0,16,4,1,1
47,47,RA_Conv_1a_3x3,16,5,24,2,3,33,8,1,0,0,16,4,1,1
47,47,RA_Conv_1a_3x3,16,5,25,3,3,37,9,1,0,0,16,4,1,1
47,47,RA_Conv_1a_3x3,16,5,26,2,2,41,10,1,0,0,16,4,1,1
47,47,RA_Conv_1a_3x3,16,5,27,3,2,45,11,1,0,0,16,4,1,1
47,47,RA_Conv_1a_3x3,16,4,28,2,1,49,12,1,0,0,16,4,1,1
47,47,RA_Conv_1a_3x3,16,4,29,3,1,53,13,1,0,0,16,4,1,1
47,47,RA_Conv_1a_3x3,16,4,30,2,0,57,14,1,0,0,16,4,1,1
47,47,RA_Conv_1a_3x3,16,4,31,3,0,61,15,1,0,0,16,4,1,1
47,47,RA_Conv_1a_3x3,16,8,32,4,0,2,0,2,0,0,16,4,1,1
47,47,RA_Conv_1a_3x3,16,8,33,5,0,6,1,2,0,0,16,4,1,1
47,47,RA_Conv_1a_3x3,16,8,34,4,1,10,2,2,0,0,16,4,1,1
47,47,RA_Conv_1a_3x3,16,8,35,5,1,14,3,2,0,0,16,4,1,1
47,47,RA_Conv_1a_3x3,16,9,36,4,2,18,4,2,0,0,16,4,1,1
47,47,RA_Conv_1a_3x3,16,9,37,5,2,22,5,2,0,0,16,4,1,1
47,47,RA_Conv_1a_3x3,16,9,38,4,3,26,6,2,0,0,16,4,1,1
47,47,RA_Conv_1a_3x3,16,9,39,5,3,30,7,2,0,0,16,4,1,1
47,47,RA_Conv_1a_3x3,16,10,40,4,4,34,8,2,0,0,16,4,1,1
47,47,RA_Conv_1a_3x3,16,10,41,5,4,38,9,2,0,0,16,4,1,1
47,47,RA_Conv_1a_3x3,16,10,42,4,5,42,10,2,0,0,16,4,1,1
47,47,RA_Conv_1a_3x3,16,10,43,5,5,46,11,2,0,0,16,4,1,1
47,47,RA_Conv_1a_3x3,16,11,44,4,6,50,12,2,0,0,16,4,1,1
47,47,RA_Conv_1a_3x3,16,11,45,5,6,54,13,2,0,0,16,4,1,1
47,47,RA_Conv_1a_3x3,16,11,46,4,7,58,14,2,0,0,16,4,1,1
47,47,RA_Conv_1a_3x3,16,11,47,5,7,62,15,2,0,0,16,4,1,1
47,47,RA_Conv_1a_3x3,16,15,48,6,7,3,0,3,0,0,16,4,1,1
47,47,RA_Conv_1a_3x3,16,15,49,7,7,7,1,3,0,0,16,4,1,1
47,47,RA_Conv_1a_3x3,16,15,50,6,6,11,2,3,0,0,16,4,1,1
47,47,RA_Conv_1a_3x3,16,15,51,7,6,15,3,3,0,0,16,4,1,1
47,47,RA_Conv_1a_3x3,16,14,52,6,5,19,4,3,0,0,16,4,1,1
47,47,RA_Conv_1a_3x3,16,14,53,7,5,23,5,3,0,0,16,4,1,1
47,47,RA_Conv_1a_3x3,16,14,54,6,4,27,6,3,0,0,16,4,1,1
47,47,RA_Conv_1a_3x3,16,14,55,7,4,31,7,3,0,0,16,4,1,1
47,47,RA_Conv_1a_3x3,16,13,56,6,3,35,8,3,0,0,16,4,1,1
47,47,RA_Conv_1a_3x3,16,13,57,7,3,39,9,3,0,0,16,4,1,1
47,47,RA_Conv_1a_3x3,16,13,58,6,2,43,10,3,0,0,16,4,1,1
47,47,RA_Conv_1a_3x3,16,13,59,7,2,47,11,3,0,0,16,4,1,1
47,47,RA_Conv_1a_3x3,16,12,60,6,1,51,12,3,0,0,16,4,1,1
47,47,RA_Conv_1a_3x3,16,12,61,7,1,55,13,3,0,0,16,4,1,1
47,47,RA_Conv_1a_3x3,16,12,62,6,0,59,14,3,0,0,16,4,1,1
47,47,RA_Conv_1a_3x3,16,12,63,7,0,63,15,3,0,0,16,4,1,1
48,48,RA_Conv_2a_1x1,2,0,0,0,0,0,0,0,0,0,2,2,4,4
48,48,RA_Conv_2a_1x1,2,0,1,1,0,1,0,0,0,1,2,2,4,4
48,48,RA_Conv_2a_1x1,2,0,2,0,1,2,0,0,0,2,2,2,4,4
48,48,RA_Conv_2a_1x1,2,0,3,1,1,3,0,0,0,3,2,2,4,4
48,48,RA_Conv_2a_1x1,2,1,4,0,2,4,0,0,1,0,2,2,4,4
48,48,RA_Conv_2a_1x1,2,1,5,1,2,5,0,0,1,1,2,2,4,4
48,48,RA_Conv_2a_1x1,2,1,6,0,3,6,0,0,1,2,2,2,4,4
48,48,RA_Conv_2a_1x1,2,1,7,1,3,7,0,0,1,3,2,2,4,4
48,48,RA_Conv_2a_1x1,2,2,8,0,4,8,0,0,2,0,2,2,4,4
48,48,RA_Conv_2a_1x1,2,2,9,1,4,9,0,0,2,1,2,2,4,4
48,48,RA_Conv_2a_1x1,2,2,10,0,5,10,0,0,2,2,2,2,4,4
48,48,RA_Conv_2a_1x1,2,2,11,1,5,11,0,0,2,3,2,2,4,4
48,48,RA_Conv_2a_1x1,2,3,12,0,6,12,0,0,3,0,2,2,4,4
48,48,RA_Conv_2a_1x1,2,3,13,1,6,13,0,0,3,1,2,2,4,4
48,48,RA_Conv_2a_1x1,2,3,14,0,7,14,0,0,3,2,2,2,4,4
48,48,RA_Conv_2a_1x1,2,3,15,1,7,15,0,0,3,3,2,2,4,4
48,48,RA_Conv_2a_1x1,2,7,16,2,7,32,1,0,0,0,2,2,4,4
48,48,RA_Conv_2a_1x1,2,7,17,3,7,33,1,0,0,1,2,2,4,4
48,48,RA_Conv_2a_1x1,2,7,18,2,6,34,1,0,0,2,2,2,4,4
48,48,RA_Conv_2a_1x1,2,7,19,3,6,35,1,0,0,3,2,2,4,4
48,48,RA_Conv_2a_1x1,2,6,20,2,5,36,1,0,1,0,2,2,4,4
48,48,RA_Conv_2a_1x1,2,6,21,3,5,37,1,0,1,1,2,2,4,4
48,48,RA_Conv_2a_1x1,2,6,22,2,4,38,1,0,1,2,2,2,4,4
48,48,RA_Conv_2a_1x1,2,6,23,3,4,39,1,0,1,3,2,2,4,4
48,48,RA_Conv_2a_1x1,2,5,24,2,3,40,1,0,2,0,2,2,4,4
48,48,RA_Conv_2a_1x1,2,5,25,3,3,41,1,0,2,1,2,2,4,4
48,48,RA_Conv_2a_1x1,2,5,26,2,2,42,1,0,2,2,2,2,4,4
48,48,RA_Conv_2a_1x1,2,5,27,3,2,43,1,0,2,3,2,2,4,4
48,48,RA_Conv_2a_1x1,2,4,28,2,1,44,1,0,3,0,2,2,4,4
48,48,RA_Conv_2a_1x1,2,4,29,3,1,45,1,0,3,1,2,2,4,4
48,48,RA_Conv_2a_1x1,2,4,30,2,0,46,1,0,3,2,2,2,4,4
48,48,RA_Conv_2a_1x1,2,4,31,3,0,47,1,0,3,3,2,2,4,4
48,48,RA_Conv_2a_1x1,2,8,32,4,0,16,0,1,0,0,2,2,4,4
48,48,RA_Conv_2a_1x1,2,8,33,5,0,17,0,1,0,1,2,2,4,4
48,48,RA_Conv_2a_1x1,2,8,34,4,1,18,0,1,0,2,2,2,4,4
48,48,RA_Conv_2a_1x1,2,8,35,5,1,19,0,1,0,3,2,2,4,4
48,48,RA_Conv_2a_1x1,2,9,36,4,2,20,0,1,1,0,2,2,4,4
48,48,RA_Conv_2a_1x1,2,9,37,5,2,21,0,1,1,1,2,2,4,4
48,48,RA_Conv_2a_1x1,2,9,38,4,3,22,0,1,1,2,2,2,4,4
48,48,RA_Conv_2a_1x1,2,9,39,5,3,23,0,1,1,3,2,2,4,4
48,48,RA_Conv_2a_1x1,2,10,40,4,4,24,0,1,2,0,2,2,4,4
48,48,RA_Conv_2a_1x1,2,10,41,5,4,25,0,1,2,1,2,2,4,4
48,48,RA_Conv_2a_1x1,2,10,42,4,5,26,0,1,2,2,2,2,4,4
48,48,RA_Conv_2a_1x1,2,10,43,5,5,27,0,1,2,3,2,2,4,4
48,48,RA_Conv_2a_1x1,2,11,44,4,6,28,0,1,3,0,2,2,4,4
48,48,RA_Conv_2a_1x1,2,11,45,5,6,29,0,1,3,1,2,2,4,4
48,48,RA_Conv_2a_1x1,2,11,46,4,7,30,0,1,3,2,2,2,4,4
48,48,RA_Conv_2a_1x1,2,11,47,5,7,31,0,1,3,3,2,2,4,4
48,48,RA_Conv_2a_1x1,2,15,48,6,7,48,1,1,0,0,2,2,4,4
48,48,RA_Conv_2a_1x1,2,15,49,7,7,49,1,1,0,1,2,2,4,4
48,48,RA_Conv_2a_1x1,2,15,50,6,6,50,1,1,0,2,2,2,4,4
48,48,RA_Conv_2a_1x1,2,15,51,7,6,51,1,1,0,3,2,2,4,4
48,48,RA_Conv_2a_1x1,2,14,52,6,5,52,1,1,1,0,2,2,4,4
48,48,RA_Conv_2a_1x1,2,14,53,7,5,53,1,1,1,1,2,2,4,4
48,48,RA_Conv_2a_1x1,2,14,54,6,4,54,1,1,1,2,2,2,4,4
48,48,RA_Conv_2a_1x1,2,14,55,7,4,55,1,1,1,3,2,2,4,4
48,48,RA_Conv_2a_1x1,2,13,56,6,3,56,1,1,2,0,2,2,4,4
48,48,RA_Conv_2a_1x1,2,13,57,7,3,57,1,1,2,1,2,2,4,4
48,48,RA_Conv_2a_1x1,2,13,58,6,2,58,1,1,2,2,2,2,4,4
48,48,RA_Conv_2a_1x1,2,13,59,7,2,59,1,1,2,3,2,2,4,4
48,48,RA_Conv_2a_1x1,2,12,60,6,1,60,1,1,3,0,2,2,4,4
48,48,RA_Conv_2a_1x1,2,12,61,7,1,61,1,1,3,1,2,2,4,4
48,48,RA_Conv_2a_1x1,2,12,62,6,0,62,1,1,3,2,2,2,4,4
48,48,RA_Conv_2a_1x1,2,12,63,7,0,63,1,1,3,3,2,2,4,4
49,49,RA_Conv_2b_3x3,2,0,0,0,0,0,0,0,0,0,2,2,4,4
49,49,RA_Conv_2b_3x3,2,0,1,1,0,1,0,0,0,1,2,2,4,4
49,49,RA_Conv_2b_3x3,2,0,2,0,1,2,0,0,0,2,2,2,4,4
49,49,RA_Conv_2b_3x3,2,0,3,1,1,3,0,0,0,3,2,2,4,4
49,49,RA_Conv_2b_3x3,2,1,4,0,2,4,0,0,1,0,2,2,4,4
49,49,RA_Conv_2b_3x3,2,1,5,1,2,5,0,0,1,1,2,2,4,4
49,49,RA_Conv_2b_3x3,2,1,6,0,3,6,0,0,1,2,2,2,4,4
49,49,RA_Conv_2b_3x3,2,1,7,1,3,7,0,0,1,3,2,2,4,4
49,49,RA_Conv_2b_3x3,2,2,8,0,4,8,0,0,2,0,2,2,4,4
49,49,RA_Conv_2b_3x3,2,2,9,1,4,9,0,0,2,1,2,2,4,4
49,49,RA_Conv_2b_3x3,2,2,10,0,5,10,0,0,2,2,2,2,4,4
49,49,RA_Conv_2b_3x3,2,2,11,1,5,11,0,0,2,3,2,2,4,4
49,49,RA_Conv_2b_3x3,2,3,12,0,6,12,0,0,3,0,2,2,4,4
49,49,RA_Conv_2b_3x3,2,3,13,1,6,13,0,0,3,1,2,2,4,4
49,49,RA_Conv_2b_3x3,2,3,14,0,7,14,0,0,3,2,2,2,4,4
49,49,RA_Conv_2b_3x3,2,3,15,1,7,15,0,0,3,3,2,2,4,4
49,49,RA_Conv_2b_3x3,2,7,16,2,7,32,1,0,0,0,2,2,4,4
49,49,RA_Conv_2b_3x3,2,7,17,3,7,33,1,0,0,1,2,2,4,4
49,49,RA_Conv_2b_3x3,2,7,18,2,6,34,1,0,0,2,2,2,4,4
49,49,RA_Conv_2b_3x3,2,7,19,3,6,35,1,0,0,3,2,2,4,4
49,49,RA_Conv_2b_3x3,2,6,20,2,5,36,1,0,1,0,2,2,4,4
49,49,RA_Conv_2b_3x3,2,6,21,3,5,37,1,0,1,1,2,2,4,4
49,49,RA_Conv_2b_3x3,2,6,22,2,4,38,1,0,1,2,2,2,4,4
49,49,RA_Conv_2b_3x3,2,6,23,3,4,39,1,0,1,3,2,2,4,4
49,49,RA_Conv_2b_3x3,2,5,24,2,3,40,1,0,2,0,2,2,4,4
49,49,RA_Conv_2b_3x3,2,5,25,3,3,41,1,0,2,1,2,2,4,4
49,49,RA_Conv_2b_3x3,2,5,26,2,2,42,1,0,2,2,2,2,4,4
49,49,RA_Conv_2b_3x3,2,5,27,3,2,43,1,0,2,3,2,2,4,4
49,49,RA_Conv_2b_3x3,2,4,28,2,1,44,1,0,3,0,2,2,4,4
49,49,RA_Conv_2b_3x3,2,4,29,3,1,45,1,0,3,1,2,2,4,4
49,49,RA_Conv_2b_3x3,2,4,30,2,0,46,1,0,3,2,2,2,4,4
49,49,RA_Conv_2b_3x3,2,4,31,3,0,47,1,0,3,3,2,2,4,4
49,49,RA_Conv_2b_3x3,2,8,32,4,0,16,0,1,0,0,2,2,4,4
49,49,RA_Conv_2b_3x3,2,8,33,5,0,17,0,1,0,1,2,2,4,4
49,49,RA_Conv_2b_3x3,2,8,34,4,1,18,0,1,0,2,2,2,4,4
49,49,RA_Conv_2b_3x3,2,8,35,5,1,19,0,1,0,3,2,2,4,4
49,49,RA_Conv_2b_3x3,2,9,36,4,2,20,0,1,1,0,2,2,4,4
49,49,RA_Conv_2b_3x3,2,9,37,5,2,21,0,1,1,1,2,2,4,4
49,49,RA_Conv_2b_3x3,2,9,38,4,3,22,0,1,1,2,2,2,4,4
49,49,RA_Conv_2b_3x3,2,9,39,5,3,23,0,1,1,3,2,2,4,4
49,49,RA_Conv_2b_3x3,2,10,40,4,4,24,0,1,2,0,2,2,4,4
49,49,RA_Conv_2b_3x3,2,10,41,5,4,25,0,1,2,1,2,2,4,4
49,49,RA_Conv_2b_3x3,2,10,42,4,5,26,0,1,2,2,2,2,4,4
49,49,RA_Conv_2b_3x3,2,10,43,5,5,27,0,1,2,3,2,2,4,4
49,49,RA_Conv_2b_3x3,2,11,44,4,6,28,0,1,3,0,2,2,4,4
49,49,RA_Conv_2b_3x3,2,11,45,5,6,29,0,1,3,1,2,2,4,4
49,49,RA_Conv_2b_3x3,2,11,46,4,7,30,0,1,3,2,2,2,4,4
49,49,RA_Conv_2b_3x3,2,11,47,5,7,31,0,1,3,3,2,2,4,4
49,49,RA_Conv_2b_3x3,2,15,48,6,7,48,1,1,0,0,2,2,4,4
49,49,RA_Conv_2b_3x3,2,15,49,7,7,49,1,1,0,1,2,2,4,4
49,49,RA_Conv_2b_3x3,2,15,50,6,6,50,1,1,0,2,2,2,4,4
49,49,RA_Conv_2b_3x3,2,15,51,7,6,51,1,1,0,3,2,2,4,4
49,49,RA_Conv_2b_3x3,2,14,52,6,5,52,1,1,1,0,2,2,4,4
49,49,RA_Conv_2b_3x3,2,14,53,7,5,53,1,1,1,1,2,2,4,4
49,49,RA_Conv_2b_3x3,2,14,54,6,4,54,1,1,1,2,2,2,4,4
49,49,RA_Conv_2b_3x3,2,14,55,7,4,55,1,1,1,3,2,2,4,4
49,49,RA_Conv_2b_3x3,2,13,56,6,3,56,1,1,2,0,2,2,4,4
49,49,RA_Conv_2b_3x3,2,13,57,7,3,57,1,1,2,1,2,2,4,4
49,49,RA_Conv_2b_3x3,2,13,58,6,2,58,1,1,2,2,2,2,4,4
49,49,RA_Conv_2b_3x3,2,13,59,7,2,59,1,1,2,3,2,2,4,4
49,49,RA_Conv_2b_3x3,2,12,60,6,1,60,1,1,3,0,2,2,4,4
49,49,RA_Conv_2b_3x3,2,12,61,7,1,61,1,1,3,1,2,2,4,4
49,49,RA_Conv_2b_3x3,2,12,62,6,0,62,1,1,3,2,2,2,4,4
49,49,RA_Conv_2b_3x3,2,12,63,7,0,63,1,1,3,3,2,2,4,4
50,50,RA_Conv_2c_3x3,8,0,0,0,0,0,0,0,0,0,8,8,1,1
50,50,RA_Conv_2c_3x3,8,0,1,1,0,8,1,0,0,0,8,8,1,1
50,50,RA_Conv_2c_3x3,8,0,2,0,1,16,2,0,0,0,8,8,1,1
50,50,RA_Conv_2c_3x3,8,0,3,1,1,24,3,0,0,0,8,8,1,1
50,50,RA_Conv_2c_3x3,8,1,4,0,2,32,4,0,0,0,8,8,1,1
50,50,RA_Conv_2c_3x3,8,1,5,1,2,40,5,0,0,0,8,8,1,1
50,50,RA_Conv_2c_3x3,8,1,6,0,3,48,6,0,0,0,8,8,1,1
50,50,RA_Conv_2c_3x3,8,1,7,1,3,56,7,0,0,0,8,8,1,1
50,50,RA_Conv_2c_3x3,8,2,8,0,4,1,0,1,0,0,8,8,1,1
50,50,RA_Conv_2c_3x3,8,2,9,1,4,9,1,1,0,0,8,8,1,1
50,50,RA_Conv_2c_3x3,8,2,10,0,5,17,2,1,0,0,8,8,1,1
50,50,RA_Conv_2c_3x3,8,2,11,1,5,25,3,1,0,0,8,8,1,1
50,50,RA_Conv_2c_3x3,8,3,12,0,6,33,4,1,0,0,8,8,1,1
50,50,RA_Conv_2c_3x3,8,3,13,1,6,41,5,1,0,0,8,8,1,1
50,50,RA_Conv_2c_3x3,8,3,14,0,7,49,6,1,0,0,8,8,1,1
50,50,RA_Conv_2c_3x3,8,3,15,1,7,57,7,1,0,0,8,8,1,1
50,50,RA_Conv_2c_3x3,8,7,16,2,7,2,0,2,0,0,8,8,1,1
50,50,RA_Conv_2c_3x3,8,7,17,3,7,10,1,2,0,0,8,8,1,1
50,50,RA_Conv_2c_3x3,8,7,18,2,6,18,2,2,0,0,8,8,1,1
50,50,RA_Conv_2c_3x3,8,7,19,3,6,26,3,2,0,0,8,8,1,1
50,50,RA_Conv_2c_3x3,8,6,20,2,5,34,4,2,0,0,8,8,1,1
50,50,RA_Conv_2c_3x3,8,6,21,3,5,42,5,2,0,0,8,8,1,1
50,50,RA_Conv_2c_3x3,8,6,22,2,4,50,6,2,0,0,8,8,1,1
50,50,RA_Conv_2c_3x3,8,6,23,3,4,58,7,2,0,0,8,8,1,1
50,50,RA_Conv_2c_3x3,8,5,24,2,3,3,0,3,0,0,8,8,1,1
50,50,RA_Conv_2c_3x3,8,5,25,3,3,11,1,3,0,0,8,8,1,1
50,50,RA_Conv_2c_3x3,8,5,26,2,2,19,2,3,0,0,8,8,1,1
50,50,RA_Conv_2c_3x3,8,5,27,3,2,27,3,3,0,0,8,8,1,1
50,50,RA_Conv_2c_3x3,8,4,28,2,1,35,4,3,0,0,8,8,1,1
50,50,RA_Conv_2c_3x3,8,4,29,3,1,43,5,3,0,0,8,8,1,1
50,50,RA_Conv_2c_3x3,8,4,30,2,0,51,6,3,0,0,8,8,1,1
50,50,RA_Conv_2c_3x3,8,4,31,3,0,59,7,3,0,0,8,8,1,1
50,50,RA_Conv_2c_3x3,8,8,32,4,0,4,0,4,0,0,8,8,1,1
50,50,RA_Conv_2c_3x3,8,8,33,5,0,12,1,4,0,0,8,8,1,1
50,50,RA_Conv_2c_3x3,8,8,34,4,1,20,2,4,0,0,8,8,1,1
50,50,RA_Conv_2c_3x3,8,8,35,5,1,28,3,4,0,0,8,8,1,1
50,50,RA_Conv_2c_3x3,8,9,36,4,2,36,4,4,0,0,8,8,1,1
50,50,RA_Conv_2c_3x3,8,9,37,5,2,44,5,4,0,0,8,8,1,1
50,50,RA_Conv_2c_3x3,8,9,38,4,3,52,6,4,0,0,8,8,1,1
50,50,RA_Conv_2c_3x3,8,9,39,5,3,60,7,4,0,0,8,8,1,1
50,50,RA_Conv_2c_3x3,8,10,40,4,4,5,0,5,0,0,8,8,1,1
50,50,RA_Conv_2c_3x3,8,10,41,5,4,13,1,5,0,0,8,8,1,1
50,50,RA_Conv_2c_3x3,8,10,42,4,5,21,2,5,0,0,8,8,1,1
50,50,RA_Conv_2c_3x3,8,10,43,5,5,29,3,5,0,0,8,8,1,1
50,50,RA_Conv_2c_3x3,8,11,44,4,6,37,4,5,0,0,8,8,1,1
50,50,RA_Conv_2c_3x3,8,11,45,5,6,45,5,5,0,0,8,8,1,1
50,50,RA_Conv_2c_3x3,8,11,46,4,7,53,6,5,0,0,8,8,1,1
50,50,RA_Conv_2c_3x3,8,11,47,5,7,61,7,5,0,0,8,8,1,1
50,50,RA_Conv_2c_3x3,8,15,48,6,7,6,0,6,0,0,8,8,1,1
50,50,RA_Conv_2c_3x3,8,15,49,7,7,14,1,6,0,0,8,8,1,1
50,50,RA_Conv_2c_3x3,8,15,50,6,6,22,2,6,0,0,8,8,1,1
50,50,RA_Conv_2c_3x3,8,15,51,7,6,30,3,6,0,0,8,8,1,1
50,50,RA_Conv_2c_3x3,8,14,52,6,5,38,4,6,0,0,8,8,1,1
50,50,RA_Conv_2c_3x3,8,14,53,7,5,46,5,6,0,0,8,8,1,1
50,50,RA_Conv_2c_3x3,8,14,54,6,4,54,6,6,0,0,8,8,1,1
50,50,RA_Conv_2c_3x3,8,14,55,7,4,62,7,6,0,0,8,8,1,1
50,50,RA_Conv_2c_3x3,8,13,56,6,3,7,0,7,0,0,8,8,1,1
50,50,RA_Conv_2c_3x3,8,13,57,7,3,15,1,7,0,0,8,8,1,1
50,50,RA_Conv_2c_3x3,8,13,58,6,2,23,2,7,0,0,8,8,1,1
50,50,RA_Conv_2c_3x3,8,13,59,7,2,31,3,7,0,0,8,8,1,1
50,50,RA_Conv_2c_3x3,8,12,60,6,1,39,4,7,0,0,8,8,1,1
50,50,RA_Conv_2c_3x3,8,12,61,7,1,47,5,7,0,0,8,8,1,1
50,50,RA_Conv_2c_3x3,8,12,62,6,0,55,6,7,0,0,8,8,1,1
50,50,RA_Conv_2c_3x3,8,12,63,7,0,63,7,7,0,0,8,8,1,1
51,51,RA_MaxPool_3a_3x3,8,0,0,0,0,0,0,0,0,0,8,8,1,1
51,51,RA_MaxPool_3a_3x3,8,0,1,1,0,8,1,0,0,0,8,8,1,1
51,51,RA_MaxPool_3a_3x3,8,0,2,0,1,16,2,0,0,0,8,8,1,1
51,51,RA_MaxPool_3a_3x3,8,0,3,1,1,24,3,0,0,0,8,8,1,1
51,51,RA_MaxPool_3a_3x3,8,1,4,0,2,32,4,0,0,0,8,8,1,1
51,51,RA_MaxPool_3a_3x3,8,1,5,1,2,40,5,0,0,0,8,8,1,1
51,51,RA_MaxPool_3a_3x3,8,1,6,0,3,48,6,0,0,0,8,8,1,1
51,51,RA_MaxPool_3a_3x3,8,1,7,1,3,56,7,0,0,0,8,8,1,1
51,51,RA_MaxPool_3a_3x3,8,2,8,0,4,1,0,1,0,0,8,8,1,1
51,51,RA_MaxPool_3a_3x3,8,2,9,1,4,9,1,1,0,0,8,8,1,1
51,51,RA_MaxPool_3a_3x3,8,2,10,0,5,17,2,1,0,0,8,8,1,1
51,51,RA_MaxPool_3a_3x3,8,2,11,1,5,25,3,1,0,0,8,8,1,1
51,51,RA_MaxPool_3a_3x3,8,3,12,0,6,33,4,1,0,0,8,8,1,1
51,51,RA_MaxPool_3a_3x3,8,3,13,1,6,41,5,1,0,0,8,8,1,1
51,51,RA_MaxPool_3a_3x3,8,3,14,0,7,49,6,1,0,0,8,8,1,1
51,51,RA_MaxPool_3a_3x3,8,3,15,1,7,57,7,1,0,0,8,8,1,1
51,51,RA_MaxPool_3a_3x3,8,7,16,2,7,2,0,2,0,0,8,8,1,1
51,51,RA_MaxPool_3a_3x3,8,7,17,3,7,10,1,2,0,0,8,8,1,1
51,51,RA_MaxPool_3a_3x3,8,7,18,2,6,18,2,2,0,0,8,8,1,1
51,51,RA_MaxPool_3a_3x3,8,7,19,3,6,26,3,2,0,0,8,8,1,1
51,51,RA_MaxPool_3a_3x3,8,6,20,2,5,34,4,2,0,0,8,8,1,1
51,51,RA_MaxPool_3a_3x3,8,6,21,3,5,42,5,2,0,0,8,8,1,1
51,51,RA_MaxPool_3a_3x3,8,6,22,2,4,50,6,2,0,0,8,8,1,1
51,51,RA_MaxPool_3a_3x3,8,6,23,3,4,58,7,2,0,0,8,8,1,1
51,51,RA_MaxPool_3a_3x3,8,5,24,2,3,3,0,3,0,0,8,8,1,1
51,51,RA_MaxPool_3a_3x3,8,5,25,3,3,11,1,3,0,0,8,8,1,1
51,51,RA_MaxPool_3a_3x3,8,5,26,2,2,19,2,3,0,0,8,8,1,1
51,51,RA_MaxPool_3a_3x3,8,5,27,3,2,27,3,3,0,0,8,8,1,1
51,51,RA_MaxPool_3a_3x3,8,4,28,2,1,35,4,3,0,0,8,8,1,1
51,51,RA_MaxPool_3a_3x3,8,4,29,3,1,43,5,3,0,0,8,8,1,1
51,51,RA_MaxPool_3a_3x3,8,4,30,2,0,51,6,3,0,0,8,8,1,1
51,51,RA_MaxPool_3a_3x3,8,4,31,3,0,59,7,3,0,0,8,8,1,1
51,51,RA_MaxPool_3a_3x3,8,8,32,4,0,4,0,4,0,0,8,8,1,1
51,51,RA_MaxPool_3a_3x3,8,8,33,5,0,12,1,4,0,0,8,8,1,1
51,51,RA_MaxPool_3a_3x3,8,8,34,4,1,20,2,4,0,0,8,8,1,1
51,51,RA_MaxPool_3a_3x3,8,8,35,5,1,28,3,4,0,0,8,8,1,1
51,51,RA_MaxPool_3a_3x3,8,9,36,4,2,36,4,4,0,0,8,8,1,1
51,51,RA_MaxPool_3a_3x3,8,9,37,5,2,44,5,4,0,0,8,8,1,1
51,51,RA_MaxPool_3a_3x3,8,9,38,4,3,52,6,4,0,0,8,8,1,1
51,51,RA_MaxPool_3a_3x3,8,9,39,5,3,60,7,4,0,0,8,8,1,1
51,51,RA_MaxPool_3a_3x3,8,10,40,4,4,5,0,5,0,0,8,8,1,1
51,51,RA_MaxPool_3a_3x3,8,10,41,5,4,13,1,5,0,0,8,8,1,1
51,51,RA_MaxPool_3a_3x3,8,10,42,4,5,21,2,5,0,0,8,8,1,1
51,51,RA_MaxPool_3a_3x3,8,10,43,5,5,29,3,5,0,0,8,8,1,1
51,51,RA_MaxPool_3a_3x3,8,11,44,4,6,37,4,5,0,0,8,8,1,1
51,51,RA_MaxPool_3a_3x3,8,11,45,5,6,45,5,5,0,0,8,8,1,1
51,51,RA_MaxPool_3a_3x3,8,11,46,4,7,53,6,5,0,0,8,8,1,1
51,51,RA_MaxPool_3a_3x3,8,11,47,5,7,61,7,5,0,0,8,8,1,1
51,51,RA_MaxPool_3a_3x3,8,15,48,6,7,6,0,6,0,0,8,8,1,1
51,51,RA_MaxPool_3a_3x3,8,15,49,7,7,14,1,6,0,0,8,8,1,1
51,51,RA_MaxPool_3a_3x3,8,15,50,6,6,22,2,6,0,0,8,8,1,1
51,51,RA_MaxPool_3a_3x3,8,15,51,7,6,30,3,6,0,0,8,8,1,1
51,51,RA_MaxPool_3a_3x3,8,14,52,6,5,38,4,6,0,0,8,8,1,1
51,51,RA_MaxPool_3a_3x3,8,14,53,7,5,46,5,6,0,0,8,8,1,1
51,51,RA_MaxPool_3a_3x3,8,14,54,6,4,54,6,6,0,0,8,8,1,1
51,51,RA_MaxPool_3a_3x3,8,14,55,7,4,62,7,6,0,0,8,8,1,1
51,51,RA_MaxPool_3a_3x3,8,13,56,6,3,7,0,7,0,0,8,8,1,1
51,51,RA_MaxPool_3a_3x3,8,13,57,7,3,15,1,7,0,0,8,8,1,1
51,51,RA_MaxPool_3a_3x3,8,13,58,6,2,23,2,7,0,0,8,8,1,1
51,51,RA_MaxPool_3a_3x3,8,13,59,7,2,31,3,7,0,0,8,8,1,1
51,51,RA_MaxPool_3a_3x3,8,12,60,6,1,39,4,7,0,0,8,8,1,1
51,51,RA_MaxPool_3a_3x3,8,12,61,7,1,47,5,7,0,0,8,8,1,1
51,51,RA_MaxPool_3a_3x3,8,12,62,6,0,55,6,7,0,0,8,8,1,1
51,51,RA_MaxPool_3a_3x3,8,12,63,7,0,63,7,7,0,0,8,8,1,1
52,52,B1_Conv_1a_1x1,16,0,0,0,0,60,3,12,0,0,4,16,1,1
52,52,B1_Conv_1a_1x1,16,0,1,1,0,57,3,9,0,0,4,16,1,1
52,52,B1_Conv_1a_1x1,16,0,2,0,1,2,0,2,0,0,4,16,1,1
52,52,B1_Conv_1a_1x1,16,0,3,1,1,17,1,1,0,0,4,16,1,1
52,52,B1_Conv_1a_1x1,16,1,4,0,2,18,1,2,0,0,4,16,1,1
52,52,B1_Conv_1a_1x1,16,1,5,1,2,11,0,11,0,0,4,16,1,1
52,52,B1_Conv_1a_1x1,16,1,6,0,3,26,1,10,0,0,4,16,1,1
52,52,B1_Conv_1a_1x1,16,1,7,1,3,61,3,13,0,0,4,16,1,1
52,52,B1_Conv_1a_1x1,16,2,8,0,4,21,1,5,0,0,4,16,1,1
52,52,B1_Conv_1a_1x1,16,2,9,1,4,32,2,0,0,0,4,16,1,1
52,52,B1_Conv_1a_1x1,16,2,10,0,5,47,2,15,0,0,4,16,1,1
52,52,B1_Conv_1a_1x1,16,2,11,1,5,56,3,8,0,0,4,16,1,1
52,52,B1_Conv_1a_1x1,16,3,12,0,6,25,1,9,0,0,4,16,1,1
52,52,B1_Conv_1a_1x1,16,3,13,1,6,43,2,11,0,0,4,16,1,1
52,52,B1_Conv_1a_1x1,16,3,14,0,7,23,1,7,0,0,4,16,1,1
52,52,B1_Conv_1a_1x1,16,3,15,1,7,12,0,12,0,0,4,16,1,1
52,52,B1_Conv_1a_1x1,16,7,16,2,7,1,0,1,0,0,4,16,1,1
52,52,B1_Conv_1a_1x1,16,7,17,3,7,20,1,4,0,0,4,16,1,1
52,52,B1_Conv_1a_1x1,16,7,18,2,6,15,0,15,0,0,4,16,1,1
52,52,B1_Conv_1a_1x1,16,7,19,3,6,35,2,3,0,0,4,16,1,1
52,52,B1_Conv_1a_1x1,16,6,20,2,5,29,1,13,0,0,4,16,1,1
52,52,B1_Conv_1a_1x1,16,6,21,3,5,41,2,9,0,0,4,16,1,1
52,52,B1_Conv_1a_1x1,16,6,22,2,4,22,1,6,0,0,4,16,1,1
52,52,B1_Conv_1a_1x1,16,6,23,3,4,58,3,10,0,0,4,16,1,1
52,52,B1_Conv_1a_1x1,16,5,24,2,3,4,0,4,0,0,4,16,1,1
52,52,B1_Conv_1a_1x1,16,5,25,3,3,33,2,1,0,0,4,16,1,1
52,52,B1_Conv_1a_1x1,16,5,26,2,2,44,2,12,0,0,4,16,1,1
52,52,B1_Conv_1a_1x1,16,5,27,3,2,46,2,14,0,0,4,16,1,1
52,52,B1_Conv_1a_1x1,16,4,28,2,1,48,3,0,0,0,4,16,1,1
52,52,B1_Conv_1a_1x1,16,4,29,3,1,28,1,12,0,0,4,16,1,1
52,52,B1_Conv_1a_1x1,16,4,30,2,0,38,2,6,0,0,4,16,1,1
52,52,B1_Conv_1a_1x1,16,4,31,3,0,37,2,5,0,0,4,16,1,1
52,52,B1_Conv_1a_1x1,16,8,32,4,0,54,3,6,0,0,4,16,1,1
52,52,B1_Conv_1a_1x1,16,8,33,5,0,50,3,2,0,0,4,16,1,1
52,52,B1_Conv_1a_1x1,16,8,34,4,1,9,0,9,0,0,4,16,1,1
52,52,B1_Conv_1a_1x1,16,8,35,5,1,0,0,0,0,0,4,16,1,1
52,52,B1_Conv_1a_1x1,16,9,36,4,2,59,3,11,0,0,4,16,1,1
52,52,B1_Conv_1a_1x1,16,9,37,5,2,36,2,4,0,0,4,16,1,1
52,52,B1_Conv_1a_1x1,16,9,38,4,3,6,0,6,0,0,4,16,1,1
52,52,B1_Conv_1a_1x1,16,9,39,5,3,63,3,15,0,0,4,16,1,1
52,52,B1_Conv_1a_1x1,16,10,40,4,4,14,0,14,0,0,4,16,1,1
52,52,B1_Conv_1a_1x1,16,10,41,5,4,19,1,3,0,0,4,16,1,1
52,52,B1_Conv_1a_1x1,16,10,42,4,5,5,0,5,0,0,4,16,1,1
52,52,B1_Conv_1a_1x1,16,10,43,5,5,16,1,0,0,0,4,16,1,1
52,52,B1_Conv_1a_1x1,16,11,44,4,6,53,3,5,0,0,4,16,1,1
52,52,B1_Conv_1a_1x1,16,11,45,5,6,52,3,4,0,0,4,16,1,1
52,52,B1_Conv_1a_1x1,16,11,46,4,7,62,3,14,0,0,4,16,1,1
52,52,B1_Conv_1a_1x1,16,11,47,5,7,24,1,8,0,0,4,16,1,1
52,52,B1_Conv_1a_1x1,16,15,48,6,7,45,2,13,0,0,4,16,1,1
52,52,B1_Conv_1a_1x1,16,15,49,7,7,31,1,15,0,0,4,16,1,1
52,52,B1_Conv_1a_1x1,16,15,50,6,6,3,0,3,0,0,4,16,1,1
52,52,B1_Conv_1a_1x1,16,15,51,7,6,10,0,10,0,0,4,16,1,1
52,52,B1_Conv_1a_1x1,16,14,52,6,5,42,2,10,0,0,4,16,1,1
52,52,B1_Conv_1a_1x1,16,14,53,7,5,27,1,11,0,0,4,16,1,1
52,52,B1_Conv_1a_1x1,16,14,54,6,4,51,3,3,0,0,4,16,1,1
52,52,B1_Conv_1a_1x1,16,14,55,7,4,34,2,2,0,0,4,16,1,1
52,52,B1_Conv_1a_1x1,16,13,56,6,3,30,1,14,0,0,4,16,1,1
52,52,B1_Conv_1a_1x1,16,13,57,7,3,8,0,8,0,0,4,16,1,1
52,52,B1_Conv_1a_1x1,16,13,58,6,2,13,0,13,0,0,4,16,1,1
52,52,B1_Conv_1a_1x1,16,13,59,7,2,39,2,7,0,0,4,16,1,1
52,52,B1_Conv_1a_1x1,16,12,60,6,1,7,0,7,0,0,4,16,1,1
52,52,B1_Conv_1a_1x1,16,12,61,7,1,49,3,1,0,0,4,16,1,1
52,52,B1_Conv_1a_1x1,16,12,62,6,0,40,2,8,0,0,4,16,1,1
52,52,B1_Conv_1a_1x1,16,12,63,7,0,55,3,7,0,0,4,16,1,1
53,53,B1_Conv_2a_1x1,16,0,0,0,0,0,0,0,0,0,16,4,1,1
53,53,B1_Conv_2a_1x1,16,0,1,1,0,4,1,0,0,0,16,4,1,1
53,53,B1_Conv_2a_1x1,16,0,2,0,1,8,2,0,0,0,16,4,1,1
53,53,B1_Conv_2a_1x1,16,0,3,1,1,12,3,0,0,0,16,4,1,1
53,53,B1_Conv_2a_1x1,16,1,4,0,2,16,4,0,0,0,16,4,1,1
53,53,B1_Conv_2a_1x1,16,1,5,1,2,20,5,0,0,0,16,4,1,1
53,53,B1_Conv_2a_1x1,16,1,6,0,3,24,6,0,0,0,16,4,1,1
53,53,B1_Conv_2a_1x1,16,1,7,1,3,28,7,0,0,0,16,4,1,1
53,53,B1_Conv_2a_1x1,16,2,8,0,4,32,8,0,0,0,16,4,1,1
53,53,B1_Conv_2a_1x1,16,2,9,1,4,36,9,0,0,0,16,4,1,1
53,53,B1_Conv_2a_1x1,16,2,10,0,5,40,10,0,0,0,16,4,1,1
53,53,B1_Conv_2a_1x1,16,2,11,1,5,44,11,0,0,0,16,4,1,1
53,53,B1_Conv_2a_1x1,16,3,12,0,6,48,12,0,0,0,16,4,1,1
53,53,B1_Conv_2a_1x1,16,3,13,1,6,52,13,0,0,0,16,4,1,1
53,53,B1_Conv_2a_1x1,16,3,14,0,7,56,14,0,0,0,16,4,1,1
53,53,B1_Conv_2a_1x1,16,3,15,1,7,60,15,0,0,0,16,4,1,1
53,53,B1_Conv_2a_1x1,16,7,16,2,7,1,0,1,0,0,16,4,1,1
53,53,B1_Conv_2a_1x1,16,7,17,3,7,5,1,1,0,0,16,4,1,1
53,53,B1_Conv_2a_1x1,16,7,18,2,6,9,2,1,0,0,16,4,1,1
53,53,B1_Conv_2a_1x1,16,7,19,3,6,13,3,1,0,0,16,4,1,1
53,53,B1_Conv_2a_1x1,16,6,20,2,5,17,4,1,0,0,16,4,1,1
53,53,B1_Conv_2a_1x1,16,6,21,3,5,21,5,1,0,0,16,4,1,1
53,53,B1_Conv_2a_1x1,16,6,22,2,4,25,6,1,0,0,16,4,1,1
53,53,B1_Conv_2a_1x1,16,6,23,3,4,29,7,1,0,0,16,4,1,1
53,53,B1_Conv_2a_1x1,16,5,24,2,3,33,8,1,0,0,16,4,1,1
53,53,B1_Conv_2a_1x1,16,5,25,3,3,37,9,1,0,0,16,4,1,1
53,53,B1_Conv_2a_1x1,16,5,26,2,2,41,10,1,0,0,16,4,1,1
53,53,B1_Conv_2a_1x1,16,5,27,3,2,45,11,1,0,0,16,4,1,1
53,53,B1_Conv_2a_1x1,16,4,28,2,1,49,12,1,0,0,16,4,1,1
53,53,B1_Conv_2a_1x1,16,4,29,3,1,53,13,1,0,0,16,4,1,1
53,53,B1_Conv_2a_1x1,16,4,30,2,0,57,14,1,0,0,16,4,1,1
53,53,B1_Conv_2a_1x1,16,4,31,3,0,61,15,1,0,0,16,4,1,1
53,53,B1_Conv_2a_1x1,16,8,32,4,0,2,0,2,0,0,16,4,1,1
53,53,B1_Conv_2a_1x1,16,8,33,5,0,6,1,2,0,0,16,4,1,1
53,53,B1_Conv_2a_1x1,16,8,34,4,1,10,2,2,0,0,16,4,1,1
53,53,B1_Conv_2a_1x1,16,8,35,5,1,14,3,2,0,0,16,4,1,1
53,53,B1_Conv_2a_1x1,16,9,36,4,2,18,4,2,0,0,16,4,1,1
53,53,B1_Conv_2a_1x1,16,9,37,5,2,22,5,2,0,0,16,4,1,1
53,53,B1_Conv_2a_1x1,16,9,38,4,3,26,6,2,0,0,16,4,1,1
53,53,B1_Conv_2a_1x1,16,9,39,5,3,30,7,2,0,0,16,4,1,1
53,53,B1_Conv_2a_1x1,16,10,40,4,4,34,8,2,0,0,16,4,1,1
53,53,B1_Conv_2a_1x1,16,10,41,5,4,38,9,2,0,0,16,4,1,1
53,53,B1_Conv_2a_1x1,16,10,42,4,5,42,10,2,0,0,16,4,1,1
53,53,B1_Conv_2a_1x1,16,10,43,5,5,46,11,2,0,0,16,4,1,1
53,53,B1_Conv_2a_1x1,16,11,44,4,6,50,12,2,0,0,16,4,1,1
53,53,B1_Conv_2a_1x1,16,11,45,5,6,54,13,2,0,0,16,4,1,1
53,53,B1_Conv_2a_1x1,16,11,46,4,7,58,14,2,0,0,16,4,1,1
53,53,B1_Conv_2a_1x1,16,11,47,5,7,62,15,2,0,0,16,4,1,1
53,53,B1_Conv_2a_1x1,16,15,48,6,7,3,0,3,0,0,16,4,1,1
53,53,B1_Conv_2a_1x1,16,15,49,7,7,7,1,3,0,0,16,4,1,1
53,53,B1_Conv_2a_1x1,16,15,50,6,6,11,2,3,0,0,16,4,1,1
53,53,B1_Conv_2a_1x1,16,15,51,7,6,15,3,3,0,0,16,4,1,1
53,53,B1_Conv_2a_1x1,16,14,52,6,5,19,4,3,0,0,16,4,1,1
53,53,B1_Conv_2a_1x1,16,14,53,7,5,23,5,3,0,0,16,4,1,1
53,53,B1_Conv_2a_1x1,16,14,54,6,4,27,6,3,0,0,16,4,1,1
53,53,B1_Conv_2a_1x1,16,14,55,7,4,31,7,3,0,0,16,4,1,1
53,53,B1_Conv_2a_1x1,16,13,56,6,3,35,8,3,0,0,16,4,1,1
53,53,B1_Conv_2a_1x1,16,13,57,7,3,39,9,3,0,0,16,4,1,1
53,53,B1_Conv_2a_1x1,16,13,58,6,2,43,10,3,0,0,16,4,1,1
53,53,B1_Conv_2a_1x1,16,13,59,7,2,47,11,3,0,0,16,4,1,1
53,53,B1_Conv_2a_1x1,16,12,60,6,1,51,12,3,0,0,16,4,1,1
53,53,B1_Conv_2a_1x1,16,12,61,7,1,55,13,3,0,0,16,4,1,1
53,53,B1_Conv_2a_1x1,16,12,62,6,0,59,14,3,0,0,16,4,1,1
53,53,B1_Conv_2a_1x1,16,12,63,7,0,63,15,3,0,0,16,4,1,1
54,54,B1_Conv_2b_1x7,16,0,0,0,0,0,0,0,0,0,16,4,1,1
54,54,B1_Conv_2b_1x7,16,0,1,1,0,4,1,0,0,0,16,4,1,1
54,54,B1_Conv_2b_1x7,16,0,2,0,1,8,2,0,0,0,16,4,1,1
54,54,B1_Conv_2b_1x7,16,0,3,1,1,12,3,0,0,0,16,4,1,1
54,54,B1_Conv_2b_1x7,16,1,4,0,2,16,4,0,0,0,16,4,1,1
54,54,B1_Conv_2b_1x7,16,1,5,1,2,20,5,0,0,0,16,4,1,1
54,54,B1_Conv_2b_1x7,16,1,6,0,3,24,6,0,0,0,16,4,1,1
54,54,B1_Conv_2b_1x7,16,1,7,1,3,28,7,0,0,0,16,4,1,1
54,54,B1_Conv_2b_1x7,16,2,8,0,4,32,8,0,0,0,16,4,1,1
54,54,B1_Conv_2b_1x7,16,2,9,1,4,36,9,0,0,0,16,4,1,1
54,54,B1_Conv_2b_1x7,16,2,10,0,5,40,10,0,0,0,16,4,1,1
54,54,B1_Conv_2b_1x7,16,2,11,1,5,44,11,0,0,0,16,4,1,1
54,54,B1_Conv_2b_1x7,16,3,12,0,6,48,12,0,0,0,16,4,1,1
54,54,B1_Conv_2b_1x7,16,3,13,1,6,52,13,0,0,0,16,4,1,1
54,54,B1_Conv_2b_1x7,16,3,14,0,7,56,14,0,0,0,16,4,1,1
54,54,B1_Conv_2b_1x7,16,3,15,1,7,60,15,0,0,0,16,4,1,1
54,54,B1_Conv_2b_1x7,16,7,16,2,7,1,0,1,0,0,16,4,1,1
54,54,B1_Conv_2b_1x7,16,7,17,3,7,5,1,1,0,0,16,4,1,1
54,54,B1_Conv_2b_1x7,16,7,18,2,6,9,2,1,0,0,16,4,1,1
54,54,B1_Conv_2b_1x7,16,7,19,3,6,13,3,1,0,0,16,4,1,1
54,54,B1_Conv_2b_1x7,16,6,20,2,5,17,4,1,0,0,16,4,1,1
54,54,B1_Conv_2b_1x7,16,6,21,3,5,21,5,1,0,0,16,4,1,1
54,54,B1_Conv_2b_1x7,16,6,22,2,4,25,6,1,0,0,16,4,1,1
54,54,B1_Conv_2b_1x7,16,6,23,3,4,29,7,1,0,0,16,4,1,1
54,54,B1_Conv_2b_1x7,16,5,24,2,3,33,8,1,0,0,16,4,1,1
54,54,B1_Conv_2b_1x7,16,5,25,3,3,37,9,1,0,0,16,4,1,1
54,54,B1_Conv_2b_1x7,16,5,26,2,2,41,10,1,0,0,16,4,1,1
54,54,B1_Conv_2b_1x7,16,5,27,3,2,45,11,1,0,0,16,4,1,1
54,54,B1_Conv_2b_1x7,16,4,28,2,1,49,12,1,0,0,16,4,1,1
54,54,B1_Conv_2b_1x7,16,4,29,3,1,53,13,1,0,0,16,4,1,1
54,54,B1_Conv_2b_1x7,16,4,30,2,0,57,14,1,0,0,16,4,1,1
54,54,B1_Conv_2b_1x7,16,4,31,3,0,61,15,1,0,0,16,4,1,1
54,54,B1_Conv_2b_1x7,16,8,32,4,0,2,0,2,0,0,16,4,1,1
54,54,B1_Conv_2b_1x7,16,8,33,5,0,6,1,2,0,0,16,4,1,1
54,54,B1_Conv_2b_1x7,16,8,34,4,1,10,2,2,0,0,16,4,1,1
54,54,B1_Conv_2b_1x7,16,8,35,5,1,14,3,2,0,0,16,4,1,1
54,54,B1_Conv_2b_1x7,16,9,36,4,2,18,4,2,0,0,16,4,1,1
54,54,B1_Conv_2b_1x7,16,9,37,5,2,22,5,2,0,0,16,4,1,1
54,54,B1_Conv_2b_1x7,16,9,38,4,3,26,6,2,0,0,16,4,1,1
54,54,B1_Conv_2b_1x7,16,9,39,5,3,30,7,2,0,0,16,4,1,1
54,54,B1_Conv_2b_1x7,16,10,40,4,4,34,8,2,0,0,16,4,1,1
54,54,B1_Conv_2b_1x7,16,10,41,5,4,38,9,2,0,0,16,4,1,1
54,54,B1_Conv_2b_1x7,16,10,42,4,5,42,10,2,0,0,16,4,1,1
54,54,B1_Conv_2b_1x7,16,10,43,5,5,46,11,2,0,0,16,4,1,1
54,54,B1_Conv_2b_1x7,16,11,44,4,6,50,12,2,0,0,16,4,1,1
54,54,B1_Conv_2b_1x7,16,11,45,5,6,54,13,2,0,0,16,4,1,1
54,54,B1_Conv_2b_1x7,16,11,46,4,7,58,14,2,0,0,16,4,1,1
54,54,B1_Conv_2b_1x7,16,11,47,5,7,62,15,2,0,0,16,4,1,1
54,54,B1_Conv_2b_1x7,16,15,48,6,7,3,0,3,0,0,16,4,1,1
54,54,B1_Conv_2b_1x7,16,15,49,7,7,7,1,3,0,0,16,4,1,1
54,54,B1_Conv_2b_1x7,16,15,50,6,6,11,2,3,0,0,16,4,1,1
54,54,B1_Conv_2b_1x7,16,15,51,7,6,15,3,3,0,0,16,4,1,1
54,54,B1_Conv_2b_1x7,16,14,52,6,5,19,4,3,0,0,16,4,1,1
54,54,B1_Conv_2b_1x7,16,14,53,7,5,23,5,3,0,0,16,4,1,1
54,54,B1_Conv_2b_1x7,16,14,54,6,4,27,6,3,0,0,16,4,1,1
54,54,B1_Conv_2b_1x7,16,14,55,7,4,31,7,3,0,0,16,4,1,1
54,54,B1_Conv_2b_1x7,16,13,56,6,3,35,8,3,0,0,16,4,1,1
54,54,B1_Conv_2b_1x7,16,13,57,7,3,39,9,3,0,0,16,4,1,1
54,54,B1_Conv_2b_1x7,16,13,58,6,2,43,10,3,0,0,16,4,1,1
54,54,B1_Conv_2b_1x7,16,13,59,7,2,47,11,3,0,0,16,4,1,1
54,54,B1_Conv_2b_1x7,16,12,60,6,1,51,12,3,0,0,16,4,1,1
54,54,B1_Conv_2b_1x7,16,12,61,7,1,55,13,3,0,0,16,4,1,1
54,54,B1_Conv_2b_1x7,16,12,62,6,0,59,14,3,0,0,16,4,1,1
54,54,B1_Conv_2b_1x7,16,12,63,7,0,63,15,3,0,0,16,4,1,1
55,55,B1_Conv_2c_7x1,16,0,0,0,0,0,0,0,0,0,16,4,1,1
55,55,B1_Conv_2c_7x1,16,0,1,1,0,4,1,0,0,0,16,4,1,1
55,55,B1_Conv_2c_7x1,16,0,2,0,1,8,2,0,0,0,16,4,1,1
55,55,B1_Conv_2c_7x1,16,0,3,1,1,12,3,0,0,0,16,4,1,1
55,55,B1_Conv_2c_7x1,16,1,4,0,2,16,4,0,0,0,16,4,1,1
55,55,B1_Conv_2c_7x1,16,1,5,1,2,20,5,0,0,0,16,4,1,1
55,55,B1_Conv_2c_7x1,16,1,6,0,3,24,6,0,0,0,16,4,1,1
55,55,B1_Conv_2c_7x1,16,1,7,1,3,28,7,0,0,0,16,4,1,1
55,55,B1_Conv_2c_7x1,16,2,8,0,4,32,8,0,0,0,16,4,1,1
55,55,B1_Conv_2c_7x1,16,2,9,1,4,36,9,0,0,0,16,4,1,1
55,55,B1_Conv_2c_7x1,16,2,10,0,5,40,10,0,0,0,16,4,1,1
55,55,B1_Conv_2c_7x1,16,2,11,1,5,44,11,0,0,0,16,4,1,1
55,55,B1_Conv_2c_7x1,16,3,12,0,6,48,12,0,0,0,16,4,1,1
55,55,B1_Conv_2c_7x1,16,3,13,1,6,52,13,0,0,0,16,4,1,1
55,55,B1_Conv_2c_7x1,16,3,14,0,7,56,14,0,0,0,16,4,1,1
55,55,B1_Conv_2c_7x1,16,3,15,1,7,60,15,0,0,0,16,4,1,1
55,55,B1_Conv_2c_7x1,16,7,16,2,7,1,0,1,0,0,16,4,1,1
55,55,B1_Conv_2c_7x1,16,7,17,3,7,5,1,1,0,0,16,4,1,1
55,55,B1_Conv_2c_7x1,16,7,18,2,6,9,2,1,0,0,16,4,1,1
55,55,B1_Conv_2c_7x1,16,7,19,3,6,13,3,1,0,0,16,4,1,1
55,55,B1_Conv_2c_7x1,16,6,20,2,5,17,4,1,0,0,16,4,1,1
55,55,B1_Conv_2c_7x1,16,6,21,3,5,21,5,1,0,0,16,4,1,1
55,55,B1_Conv_2c_7x1,16,6,22,2,4,25,6,1,0,0,16,4,1,1
55,55,B1_Conv_2c_7x1,16,6,23,3,4,29,7,1,0,0,16,4,1,1
55,55,B1_Conv_2c_7x1,16,5,24,2,3,33,8,1,0,0,16,4,1,1
55,55,B1_Conv_2c_7x1,16,5,25,3,3,37,9,1,0,0,16,4,1,1
55,55,B1_Conv_2c_7x1,16,5,26,2,2,41,10,1,0,0,16,4,1,1
55,55,B1_Conv_2c_7x1,16,5,27,3,2,45,11,1,0,0,16,4,1,1
55,55,B1_Conv_2c_7x1,16,4,28,2,1,49,12,1,0,0,16,4,1,1
55,55,B1_Conv_2c_7x1,16,4,29,3,1,53,13,1,0,0,16,4,1,1
55,55,B1_Conv_2c_7x1,16,4,30,2,0,57,14,1,0,0,16,4,1,1
55,55,B1_Conv_2c_7x1,16,4,31,3,0,61,15,1,0,0,16,4,1,1
55,55,B1_Conv_2c_7x1,16,8,32,4,0,2,0,2,0,0,16,4,1,1
55,55,B1_Conv_2c_7x1,16,8,33,5,0,6,1,2,0,0,16,4,1,1
55,55,B1_Conv_2c_7x1,16,8,34,4,1,10,2,2,0,0,16,4,1,1
55,55,B1_Conv_2c_7x1,16,8,35,5,1,14,3,2,0,0,16,4,1,1
55,55,B1_Conv_2c_7x1,16,9,36,4,2,18,4,2,0,0,16,4,1,1
55,55,B1_Conv_2c_7x1,16,9,37,5,2,22,5,2,0,0,16,4,1,1
55,55,B1_Conv_2c_7x1,16,9,38,4,3,26,6,2,0,0,16,4,1,1
55,55,B1_Conv_2c_7x1,16,9,39,5,3,30,7,2,0,0,16,4,1,1
55,55,B1_Conv_2c_7x1,16,10,40,4,4,34,8,2,0,0,16,4,1,1
55,55,B1_Conv_2c_7x1,16,10,41,5,4,38,9,2,0,0,16,4,1,1
55,55,B1_Conv_2c_7x1,16,10,42,4,5,42,10,2,0,0,16,4,1,1
55,55,B1_Conv_2c_7x1,16,10,43,5,5,46,11,2,0,0,16,4,1,1
55,55,B1_Conv_2c_7x1,16,11,44,4,6,50,12,2,0,0,16,4,1,1
55,55,B1_Conv_2c_7x1,16,11,45,5,6,54,13,2,0,0,16,4,1,1
55,55,B1_Conv_2c_7x1,16,11,46,4,7,58,14,2,0,0,16,4,1,1
55,55,B1_Conv_2c_7x1,16,11,47,5,7,62,15,2,0,0,16,4,1,1
55,55,B1_Conv_2c_7x1,16,15,48,6,7,3,0,3,0,0,16,4,1,1
55,55,B1_Conv_2c_7x1,16,15,49,7,7,7,1,3,0,0,16,4,1,1
55,55,B1_Conv_2c_7x1,16,15,50,6,6,11,2,3,0,0,16,4,1,1
55,55,B1_Conv_2c_7x1,16,15,51,7,6,15,3,3,0,0,16,4,1,1
55,55,B1_Conv_2c_7x1,16,14,52,6,5,19,4,3,0,0,16,4,1,1
55,55,B1_Conv_2c_7x1,16,14,53,7,5,23,5,3,0,0,16,4,1,1
55,55,B1_Conv_2c_7x1,16,14,54,6,4,27,6,3,0,0,16,4,1,1
55,55,B1_Conv_2c_7x1,16,14,55,7,4,31,7,3,0,0,16,4,1,1
55,55,B1_Conv_2c_7x1,16,13,56,6,3,35,8,3,0,0,16,4,1,1
55,55,B1_Conv_2c_7x1,16,13,57,7,3,39,9,3,0,0,16,4,1,1
55,55,B1_Conv_2c_7x1,16,13,58,6,2,43,10,3,0,0,16,4,1,1
55,55,B1_Conv_2c_7x1,16,13,59,7,2,47,11,3,0,0,16,4,1,1
55,55,B1_Conv_2c_7x1,16,12,60,6,1,51,12,3,0,0,16,4,1,1
55,55,B1_Conv_2c_7x1,16,12,61,7,1,55,13,3,0,0,16,4,1,1
55,55,B1_Conv_2c_7x1,16,12,62,6,0,59,14,3,0,0,16,4,1,1
55,55,B1_Conv_2c_7x1,16,12,63,7,0,63,15,3,0,0,16,4,1,1
56,56,B1_Conv_3_1x1,16,0,0,0,0,0,0,0,0,0,16,4,1,1
56,56,B1_Conv_3_1x1,16,0,1,1,0,4,1,0,0,0,16,4,1,1
56,56,B1_Conv_3_1x1,16,0,2,0,1,8,2,0,0,0,16,4,1,1
56,56,B1_Conv_3_1x1,16,0,3,1,1,12,3,0,0,0,16,4,1,1
56,56,B1_Conv_3_1x1,16,1,4,0,2,16,4,0,0,0,16,4,1,1
56,56,B1_Conv_3_1x1,16,1,5,1,2,20,5,0,0,0,16,4,1,1
56,56,B1_Conv_3_1x1,16,1,6,0,3,24,6,0,0,0,16,4,1,1
56,56,B1_Conv_3_1x1,16,1,7,1,3,28,7,0,0,0,16,4,1,1
56,56,B1_Conv_3_1x1,16,2,8,0,4,32,8,0,0,0,16,4,1,1
56,56,B1_Conv_3_1x1,16,2,9,1,4,36,9,0,0,0,16,4,1,1
56,56,B1_Conv_3_1x1,16,2,10,0,5,40,10,0,0,0,16,4,1,1
56,56,B1_Conv_3_1x1,16,2,11,1,5,44,11,0,0,0,16,4,1,1
56,56,B1_Conv_3_1x1,16,3,12,0,6,48,12,0,0,0,16,4,1,1
56,56,B1_Conv_3_1x1,16,3,13,1,6,52,13,0,0,0,16,4,1,1
56,56,B1_Conv_3_1x1,16,3,14,0,7,56,14,0,0,0,16,4,1,1
56,56,B1_Conv_3_1x1,16,3,15,1,7,60,15,0,0,0,16,4,1,1
56,56,B1_Conv_3_1x1,16,7,16,2,7,1,0,1,0,0,16,4,1,1
56,56,B1_Conv_3_1x1,16,7,17,3,7,5,1,1,0,0,16,4,1,1
56,56,B1_Conv_3_1x1,16,7,18,2,6,9,2,1,0,0,16,4,1,1
56,56,B1_Conv_3_1x1,16,7,19,3,6,13,3,1,0,0,16,4,1,1
56,56,B1_Conv_3_1x1,16,6,20,2,5,17,4,1,0,0,16,4,1,1
56,56,B1_Conv_3_1x1,16,6,21,3,5,21,5,1,0,0,16,4,1,1
56,56,B1_Conv_3_1x1,16,6,22,2,4,25,6,1,0,0,16,4,1,1
56,56,B1_Conv_3_1x1,16,6,23,3,4,29,7,1,0,0,16,4,1,1
56,56,B1_Conv_3_1x1,16,5,24,2,3,33,8,1,0,0,16,4,1,1
56,56,B1_Conv_3_1x1,16,5,25,3,3,37,9,1,0,0,16,4,1,1
56,56,B1_Conv_3_1x1,16,5,26,2,2,41,10,1,0,0,16,4,1,1
56,56,B1_Conv_3_1x1,16,5,27,3,2,45,11,1,0,0,16,4,1,1
56,56,B1_Conv_3_1x1,16,4,28,2,1,49,12,1,0,0,16,4,1,1
56,56,B1_Conv_3_1x1,16,4,29,3,1,53,13,1,0,0,16,4,1,1
56,56,B1_Conv_3_1x1,16,4,30,2,0,57,14,1,0,0,16,4,1,1
56,56,B1_Conv_3_1x1,16,4,31,3,0,61,15,1,0,0,16,4,1,1
56,56,B1_Conv_3_1x1,16,8,32,4,0,2,0,2,0,0,16,4,1,1
56,56,B1_Conv_3_1x1,16,8,33,5,0,6,1,2,0,0,16,4,1,1
56,56,B1_Conv_3_1x1,16,8,34,4,1,10,2,2,0,0,16,4,1,1
56,56,B1_Conv_3_1x1,16,8,35,5,1,14,3,2,0,0,16,4,1,1
56,56,B1_Conv_3_1x1,16,9,36,4,2,18,4,2,0,0,16,4,1,1
56,56,B1_Conv_3_1x1,16,9,37,5,2,22,5,2,0,0,16,4,1,1
56,56,B1_Conv_3_1x1,16,9,38,4,3,26,6,2,0,0,16,4,1,1
56,56,B1_Conv_3_1x1,16,9,39,5,3,30,7,2,0,0,16,4,1,1
56,56,B1_Conv_3_1x1,16,10,40,4,4,34,8,2,0,0,16,4,1,1
56,56,B1_Conv_3_1x1,16,10,41,5,4,38,9,2,0,0,16,4,1,1
56,56,B1_Conv_3_1x1,16,10,42,4,5,42,10,2,0,0,16,4,1,1
56,56,B1_Conv_3_1x1,16,10,43,5,5,46,11,2,0,0,16,4,1,1
56,56,B1_Conv_3_1x1,16,11,44,4,6,50,12,2,0,0,16,4,1,1
56,56,B1_Conv_3_1x1,16,11,45,5,6,54,13,2,0,0,16,4,1,1
56,56,B1_Conv_3_1x1,16,11,46,4,7,58,14,2,0,0,16,4,1,1
56,56,B1_Conv_3_1x1,16,11,47,5,7,62,15,2,0,0,16,4,1,1
56,56,B1_Conv_3_1x1,16,15,48,6,7,3,0,3,0,0,16,4,1,1
56,56,B1_Conv_3_1x1,16,15,49,7,7,7,1,3,0,0,16,4,1,1
56,56,B1_Conv_3_1x1,16,15,50,6,6,11,2,3,0,0,16,4,1,1
56,56,B1_Conv_3_1x1,16,15,51,7,6,15,3,3,0,0,16,4,1,1
56,56,B1_Conv_3_1x1,16,14,52,6,5,19,4,3,0,0,16,4,1,1
56,56,B1_Conv_3_1x1,16,14,53,7,5,23,5,3,0,0,16,4,1,1
56,56,B1_Conv_3_1x1,16,14,54,6,4,27,6,3,0,0,16,4,1,1
56,56,B1_Conv_3_1x1,16,14,55,7,4,31,7,3,0,0,16,4,1,1
56,56,B1_Conv_3_1x1,16,13,56,6,3,35,8,3,0,0,16,4,1,1
56,56,B1_Conv_3_1x1,16,13,57,7,3,39,9,3,0,0,16,4,1,1
56,56,B1_Conv_3_1x1,16,13,58,6,2,43,10,3,0,0,16,4,1,1
56,56,B1_Conv_3_1x1,16,13,59,7,2,47,11,3,0,0,16,4,1,1
56,56,B1_Conv_3_1x1,16,12,60,6,1,51,12,3,0,0,16,4,1,1
56,56,B1_Conv_3_1x1,16,12,61,7,1,55,13,3,0,0,16,4,1,1
56,56,B1_Conv_3_1x1,16,12,62,6,0,59,14,3,0,0,16,4,1,1
56,56,B1_Conv_3_1x1,16,12,63,7,0,63,15,3,0,0,16,4,1,1
57,57,B1_Eltwise,1,0,0,0,0,0,0,0,0,0,1,64,1,1
57,57,B1_Eltwise,1,0,1,1,0,1,0,1,0,0,1,64,1,1
57,57,B1_Eltwise,1,0,2,0,1,2,0,2,0,0,1,64,1,1
57,57,B1_Eltwise,1,0,3,1,1,3,0,3,0,0,1,64,1,1
57,57,B1_Eltwise,1,1,4,0,2,4,0,4,0,0,1,64,1,1
57,57,B1_Eltwise,1,1,5,1,2,5,0,5,0,0,1,64,1,1
57,57,B1_Eltwise,1,1,6,0,3,6,0,6,0,0,1,64,1,1
57,57,B1_Eltwise,1,1,7,1,3,7,0,7,0,0,1,64,1,1
57,57,B1_Eltwise,1,2,8,0,4,8,0,8,0,0,1,64,1,1
57,57,B1_Eltwise,1,2,9,1,4,9,0,9,0,0,1,64,1,1
57,57,B1_Eltwise,1,2,10,0,5,10,0,10,0,0,1,64,1,1
57,57,B1_Eltwise,1,2,11,1,5,11,0,11,0,0,1,64,1,1
57,57,B1_Eltwise,1,3,12,0,6,12,0,12,0,0,1,64,1,1
57,57,B1_Eltwise,1,3,13,1,6,13,0,13,0,0,1,64,1,1
57,57,B1_Eltwise,1,3,14,0,7,14,0,14,0,0,1,64,1,1
57,57,B1_Eltwise,1,3,15,1,7,15,0,15,0,0,1,64,1,1
57,57,B1_Eltwise,1,7,16,2,7,16,0,16,0,0,1,64,1,1
57,57,B1_Eltwise,1,7,17,3,7,17,0,17,0,0,1,64,1,1
57,57,B1_Eltwise,1,7,18,2,6,18,0,18,0,0,1,64,1,1
57,57,B1_Eltwise,1,7,19,3,6,19,0,19,0,0,1,64,1,1
57,57,B1_Eltwise,1,6,20,2,5,20,0,20,0,0,1,64,1,1
57,57,B1_Eltwise,1,6,21,3,5,21,0,21,0,0,1,64,1,1
57,57,B1_Eltwise,1,6,22,2,4,22,0,22,0,0,1,64,1,1
57,57,B1_Eltwise,1,6,23,3,4,23,0,23,0,0,1,64,1,1
57,57,B1_Eltwise,1,5,24,2,3,24,0,24,0,0,1,64,1,1
57,57,B1_Eltwise,1,5,25,3,3,25,0,25,0,0,1,64,1,1
57,57,B1_Eltwise,1,5,26,2,2,26,0,26,0,0,1,64,1,1
57,57,B1_Eltwise,1,5,27,3,2,27,0,27,0,0,1,64,1,1
57,57,B1_Eltwise,1,4,28,2,1,28,0,28,0,0,1,64,1,1
57,57,B1_Eltwise,1,4,29,3,1,29,0,29,0,0,1,64,1,1
57,57,B1_Eltwise,1,4,30,2,0,30,0,30,0,0,1,64,1,1
57,57,B1_Eltwise,1,4,31,3,0,31,0,31,0,0,1,64,1,1
57,57,B1_Eltwise,1,8,32,4,0,32,0,32,0,0,1,64,1,1
57,57,B1_Eltwise,1,8,33,5,0,33,0,33,0,0,1,64,1,1
57,57,B1_Eltwise,1,8,34,4,1,34,0,34,0,0,1,64,1,1
57,57,B1_Eltwise,1,8,35,5,1,35,0,35,0,0,1,64,1,1
57,57,B1_Eltwise,1,9,36,4,2,36,0,36,0,0,1,64,1,1
57,57,B1_Eltwise,1,9,37,5,2,37,0,37,0,0,1,64,1,1
57,57,B1_Eltwise,1,9,38,4,3,38,0,38,0,0,1,64,1,1
57,57,B1_Eltwise,1,9,39,5,3,39,0,39,0,0,1,64,1,1
57,57,B1_Eltwise,1,10,40,4,4,40,0,40,0,0,1,64,1,1
57,57,B1_Eltwise,1,10,41,5,4,41,0,41,0,0,1,64,1,1
57,57,B1_Eltwise,1,10,42,4,5,42,0,42,0,0,1,64,1,1
57,57,B1_Eltwise,1,10,43,5,5,43,0,43,0,0,1,64,1,1
57,57,B1_Eltwise,1,11,44,4,6,44,0,44,0,0,1,64,1,1
57,57,B1_Eltwise,1,11,45,5,6,45,0,45,0,0,1,64,1,1
57,57,B1_Eltwise,1,11,46,4,7,46,0,46,0,0,1,64,1,1
57,57,B1_Eltwise,1,11,47,5,7,47,0,47,0,0,1,64,1,1
57,57,B1_Eltwise,1,15,48,6,7,48,0,48,0,0,1,64,1,1
57,57,B1_Eltwise,1,15,49,7,7,49,0,49,0,0,1,64,1,1
57,57,B1_Eltwise,1,15,50,6,6,50,0,50,0,0,1,64,1,1
57,57,B1_Eltwise,1,15,51,7,6,51,0,51,0,0,1,64,1,1
57,57,B1_Eltwise,1,14,52,6,5,52,0,52,0,0,1,64,1,1
57,57,B1_Eltwise,1,14,53,7,5,53,0,53,0,0,1,64,1,1
57,57,B1_Eltwise,1,14,54,6,4,54,0,54,0,0,1,64,1,1
57,57,B1_Eltwise,1,14,55,7,4,55,0,55,0,0,1,64,1,1
57,57,B1_Eltwise,1,13,56,6,3,56,0,56,0,0,1,64,1,1
57,57,B1_Eltwise,1,13,57,7,3,57,0,57,0,0,1,64,1,1
57,57,B1_Eltwise,1,13,58,6,2,58,0,58,0,0,1,64,1,1
57,57,B1_Eltwise,1,13,59,7,2,59,0,59,0,0,1,64,1,1
57,57,B1_Eltwise,1,12,60,6,1,60,0,60,0,0,1,64,1,1
57,57,B1_Eltwise,1,12,61,7,1,61,0,61,0,0,1,64,1,1
57,57,B1_Eltwise,1,12,62,6,0,62,0,62,0,0,1,64,1,1
57,57,B1_Eltwise,1,12,63,7,0,63,0,63,0,0,1,64,1,1
58,58,B2_Conv_1a_1x1,16,0,0,0,0,0,0,0,0,0,16,4,1,1
58,58,B2_Conv_1a_1x1,16,0,1,1,0,4,1,0,0,0,16,4,1,1
58,58,B2_Conv_1a_1x1,16,0,2,0,1,8,2,0,0,0,16,4,1,1
58,58,B2_Conv_1a_1x1,16,0,3,1,1,12,3,0,0,0,16,4,1,1
58,58,B2_Conv_1a_1x1,16,1,4,0,2,16,4,0,0,0,16,4,1,1
58,58,B2_Conv_1a_1x1,16,1,5,1,2,20,5,0,0,0,16,4,1,1
58,58,B2_Conv_1a_1x1,16,1,6,0,3,24,6,0,0,0,16,4,1,1
58,58,B2_Conv_1a_1x1,16,1,7,1,3,28,7,0,0,0,16,4,1,1
58,58,B2_Conv_1a_1x1,16,2,8,0,4,32,8,0,0,0,16,4,1,1
58,58,B2_Conv_1a_1x1,16,2,9,1,4,36,9,0,0,0,16,4,1,1
58,58,B2_Conv_1a_1x1,16,2,10,0,5,40,10,0,0,0,16,4,1,1
58,58,B2_Conv_1a_1x1,16,2,11,1,5,44,11,0,0,0,16,4,1,1
58,58,B2_Conv_1a_1x1,16,3,12,0,6,48,12,0,0,0,16,4,1,1
58,58,B2_Conv_1a_1x1,16,3,13,1,6,52,13,0,0,0,16,4,1,1
58,58,B2_Conv_1a_1x1,16,3,14,0,7,56,14,0,0,0,16,4,1,1
58,58,B2_Conv_1a_1x1,16,3,15,1,7,60,15,0,0,0,16,4,1,1
58,58,B2_Conv_1a_1x1,16,7,16,2,7,1,0,1,0,0,16,4,1,1
58,58,B2_Conv_1a_1x1,16,7,17,3,7,5,1,1,0,0,16,4,1,1
58,58,B2_Conv_1a_1x1,16,7,18,2,6,9,2,1,0,0,16,4,1,1
58,58,B2_Conv_1a_1x1,16,7,19,3,6,13,3,1,0,0,16,4,1,1
58,58,B2_Conv_1a_1x1,16,6,20,2,5,17,4,1,0,0,16,4,1,1
58,58,B2_Conv_1a_1x1,16,6,21,3,5,21,5,1,0,0,16,4,1,1
58,58,B2_Conv_1a_1x1,16,6,22,2,4,25,6,1,0,0,16,4,1,1
58,58,B2_Conv_1a_1x1,16,6,23,3,4,29,7,1,0,0,16,4,1,1
58,58,B2_Conv_1a_1x1,16,5,24,2,3,33,8,1,0,0,16,4,1,1
58,58,B2_Conv_1a_1x1,16,5,25,3,3,37,9,1,0,0,16,4,1,1
58,58,B2_Conv_1a_1x1,16,5,26,2,2,41,10,1,0,0,16,4,1,1
58,58,B2_Conv_1a_1x1,16,5,27,3,2,45,11,1,0,0,16,4,1,1
58,58,B2_Conv_1a_1x1,16,4,28,2,1,49,12,1,0,0,16,4,1,1
58,58,B2_Conv_1a_1x1,16,4,29,3,1,53,13,1,0,0,16,4,1,1
58,58,B2_Conv_1a_1x1,16,4,30,2,0,57,14,1,0,0,16,4,1,1
58,58,B2_Conv_1a_1x1,16,4,31,3,0,61,15,1,0,0,16,4,1,1
58,58,B2_Conv_1a_1x1,16,8,32,4,0,2,0,2,0,0,16,4,1,1
58,58,B2_Conv_1a_1x1,16,8,33,5,0,6,1,2,0,0,16,4,1,1
58,58,B2_Conv_1a_1x1,16,8,34,4,1,10,2,2,0,0,16,4,1,1
58,58,B2_Conv_1a_1x1,16,8,35,5,1,14,3,2,0,0,16,4,1,1
58,58,B2_Conv_1a_1x1,16,9,36,4,2,18,4,2,0,0,16,4,1,1
58,58,B2_Conv_1a_1x1,16,9,37,5,2,22,5,2,0,0,16,4,1,1
58,58,B2_Conv_1a_1x1,16,9,38,4,3,26,6,2,0,0,16,4,1,1
58,58,B2_Conv_1a_1x1,16,9,39,5,3,30,7,2,0,0,16,4,1,1
58,58,B2_Conv_1a_1x1,16,10,40,4,4,34,8,2,0,0,16,4,1,1
58,58,B2_Conv_1a_1x1,16,10,41,5,4,38,9,2,0,0,16,4,1,1
58,58,B2_Conv_1a_1x1,16,10,42,4,5,42,10,2,0,0,16,4,1,1
58,58,B2_Conv_1a_1x1,16,10,43,5,5,46,11,2,0,0,16,4,1,1
58,58,B2_Conv_1a_1x1,16,11,44,4,6,50,12,2,0,0,16,4,1,1
58,58,B2_Conv_1a_1x1,16,11,45,5,6,54,13,2,0,0,16,4,1,1
58,58,B2_Conv_1a_1x1,16,11,46,4,7,58,14,2,0,0,16,4,1,1
58,58,B2_Conv_1a_1x1,16,11,47,5,7,62,15,2,0,0,16,4,1,1
58,58,B2_Conv_1a_1x1,16,15,48,6,7,3,0,3,0,0,16,4,1,1
58,58,B2_Conv_1a_1x1,16,15,49,7,7,7,1,3,0,0,16,4,1,1
58,58,B2_Conv_1a_1x1,16,15,50,6,6,11,2,3,0,0,16,4,1,1
58,58,B2_Conv_1a_1x1,16,15,51,7,6,15,3,3,0,0,16,4,1,1
58,58,B2_Conv_1a_1x1,16,14,52,6,5,19,4,3,0,0,16,4,1,1
58,58,B2_Conv_1a_1x1,16,14,53,7,5,23,5,3,0,0,16,4,1,1
58,58,B2_Conv_1a_1x1,16,14,54,6,4,27,6,3,0,0,16,4,1,1
58,58,B2_Conv_1a_1x1,16,14,55,7,4,31,7,3,0,0,16,4,1,1
58,58,B2_Conv_1a_1x1,16,13,56,6,3,35,8,3,0,0,16,4,1,1
58,58,B2_Conv_1a_1x1,16,13,57,7,3,39,9,3,0,0,16,4,1,1
58,58,B2_Conv_1a_1x1,16,13,58,6,2,43,10,3,0,0,16,4,1,1
58,58,B2_Conv_1a_1x1,16,13,59,7,2,47,11,3,0,0,16,4,1,1
58,58,B2_Conv_1a_1x1,16,12,60,6,1,51,12,3,0,0,16,4,1,1
58,58,B2_Conv_1a_1x1,16,12,61,7,1,55,13,3,0,0,16,4,1,1
58,58,B2_Conv_1a_1x1,16,12,62,6,0,59,14,3,0,0,16,4,1,1
58,58,B2_Conv_1a_1x1,16,12,63,7,0,63,15,3,0,0,16,4,1,1
59,59,B2_Conv_2a_1x1,16,0,0,0,0,0,0,0,0,0,16,4,1,1
59,59,B2_Conv_2a_1x1,16,0,1,1,0,4,1,0,0,0,16,4,1,1
59,59,B2_Conv_2a_1x1,16,0,2,0,1,8,2,0,0,0,16,4,1,1
59,59,B2_Conv_2a_1x1,16,0,3,1,1,12,3,0,0,0,16,4,1,1
59,59,B2_Conv_2a_1x1,16,1,4,0,2,16,4,0,0,0,16,4,1,1
59,59,B2_Conv_2a_1x1,16,1,5,1,2,20,5,0,0,0,16,4,1,1
59,59,B2_Conv_2a_1x1,16,1,6,0,3,24,6,0,0,0,16,4,1,1
59,59,B2_Conv_2a_1x1,16,1,7,1,3,28,7,0,0,0,16,4,1,1
59,59,B2_Conv_2a_1x1,16,2,8,0,4,32,8,0,0,0,16,4,1,1
59,59,B2_Conv_2a_1x1,16,2,9,1,4,36,9,0,0,0,16,4,1,1
59,59,B2_Conv_2a_1x1,16,2,10,0,5,40,10,0,0,0,16,4,1,1
59,59,B2_Conv_2a_1x1,16,2,11,1,5,44,11,0,0,0,16,4,1,1
59,59,B2_Conv_2a_1x1,16,3,12,0,6,48,12,0,0,0,16,4,1,1
59,59,B2_Conv_2a_1x1,16,3,13,1,6,52,13,0,0,0,16,4,1,1
59,59,B2_Conv_2a_1x1,16,3,14,0,7,56,14,0,0,0,16,4,1,1
59,59,B2_Conv_2a_1x1,16,3,15,1,7,60,15,0,0,0,16,4,1,1
59,59,B2_Conv_2a_1x1,16,7,16,2,7,1,0,1,0,0,16,4,1,1
59,59,B2_Conv_2a_1x1,16,7,17,3,7,5,1,1,0,0,16,4,1,1
59,59,B2_Conv_2a_1x1,16,7,18,2,6,9,2,1,0,0,16,4,1,1
59,59,B2_Conv_2a_1x1,16,7,19,3,6,13,3,1,0,0,16,4,1,1
59,59,B2_Conv_2a_1x1,16,6,20,2,5,17,4,1,0,0,16,4,1,1
59,59,B2_Conv_2a_1x1,16,6,21,3,5,21,5,1,0,0,16,4,1,1
59,59,B2_Conv_2a_1x1,16,6,22,2,4,25,6,1,0,0,16,4,1,1
59,59,B2_Conv_2a_1x1,16,6,23,3,4,29,7,1,0,0,16,4,1,1
59,59,B2_Conv_2a_1x1,16,5,24,2,3,33,8,1,0,0,16,4,1,1
59,59,B2_Conv_2a_1x1,16,5,25,3,3,37,9,1,0,0,16,4,1,1
59,59,B2_Conv_2a_1x1,16,5,26,2,2,41,10,1,0,0,16,4,1,1
59,59,B2_Conv_2a_1x1,16,5,27,3,2,45,11,1,0,0,16,4,1,1
59,59,B2_Conv_2a_1x1,16,4,28,2,1,49,12,1,0,0,16,4,1,1
59,59,B2_Conv_2a_1x1,16,4,29,3,1,53,13,1,0,0,16,4,1,1
59,59,B2_Conv_2a_1x1,16,4,30,2,0,57,14,1,0,0,16,4,1,1
59,59,B2_Conv_2a_1x1,16,4,31,3,0,61,15,1,0,0,16,4,1,1
59,59,B2_Conv_2a_1x1,16,8,32,4,0,2,0,2,0,0,16,4,1,1
59,59,B2_Conv_2a_1x1,16,8,33,5,0,6,1,2,0,0,16,4,1,1
59,59,B2_Conv_2a_1x1,16,8,34,4,1,10,2,2,0,0,16,4,1,1
59,59,B2_Conv_2a_1x1,16,8,35,5,1,14,3,2,0,0,16,4,1,1
59,59,B2_Conv_2a_1x1,16,9,36,4,2,18,4,2,0,0,16,4,1,1
59,59,B2_Conv_2a_1x1,16,9,37,5,2,22,5,2,0,0,16,4,1,1
59,59,B2_Conv_2a_1x1,16,9,38,4,3,26,6,2,0,0,16,4,1,1
59,59,B2_Conv_2a_1x1,16,9,39,5,3,30,7,2,0,0,16,4,1,1
59,59,B2_Conv_2a_1x1,16,10,40,4,4,34,8,2,0,0,16,4,1,1
59,59,B2_Conv_2a_1x1,16,10,41,5,4,38,9,2,0,0,16,4,1,1
59,59,B2_Conv_2a_1x1,16,10,42,4,5,42,10,2,0,0,16,4,1,1
59,59,B2_Conv_2a_1x1,16,10,43,5,5,46,11,2,0,0,16,4,1,1
59,59,B2_Conv_2a_1x1,16,11,44,4,6,50,12,2,0,0,16,4,1,1
59,59,B2_Conv_2a_1x1,16,11,45,5,6,54,13,2,0,0,16,4,1,1
59,59,B2_Conv_2a_1x1,16,11,46,4,7,58,14,2,0,0,16,4,1,1
59,59,B2_Conv_2a_1x1,16,11,47,5,7,62,15,2,0,0,16,4,1,1
59,59,B2_Conv_2a_1x1,16,15,48,6,7,3,0,3,0,0,16,4,1,1
59,59,B2_Conv_2a_1x1,16,15,49,7,7,7,1,3,0,0,16,4,1,1
59,59,B2_Conv_2a_1x1,16,15,50,6,6,11,2,3,0,0,16,4,1,1
59,59,B2_Conv_2a_1x1,16,15,51,7,6,15,3,3,0,0,16,4,1,1
59,59,B2_Conv_2a_1x1,16,14,52,6,5,19,4,3,0,0,16,4,1,1
59,59,B2_Conv_2a_1x1,16,14,53,7,5,23,5,3,0,0,16,4,1,1
59,59,B2_Conv_2a_1x1,16,14,54,6,4,27,6,3,0,0,16,4,1,1
59,59,B2_Conv_2a_1x1,16,14,55,7,4,31,7,3,0,0,16,4,1,1
59,59,B2_Conv_2a_1x1,16,13,56,6,3,35,8,3,0,0,16,4,1,1
59,59,B2_Conv_2a_1x1,16,13,57,7,3,39,9,3,0,0,16,4,1,1
59,59,B2_Conv_2a_1x1,16,13,58,6,2,43,10,3,0,0,16,4,1,1
59,59,B2_Conv_2a_1x1,16,13,59,7,2,47,11,3,0,0,16,4,1,1
59,59,B2_Conv_2a_1x1,16,12,60,6,1,51,12,3,0,0,16,4,1,1
59,59,B2_Conv_2a_1x1,16,12,61,7,1,55,13,3,0,0,16,4,1,1
59,59,B2_Conv_2a_1x1,16,12,62,6,0,59,14,3,0,0,16,4,1,1
59,59,B2_Conv_2a_1x1,16,12,63,7,0,63,15,3,0,0,16,4,1,1
60,60,B2_Conv_2b_1x7,16,0,0,0,0,0,0,0,0,0,16,4,1,1
60,60,B2_Conv_2b_1x7,16,0,1,1,0,4,1,0,0,0,16,4,1,1
60,60,B2_Conv_2b_1x7,16,0,2,0,1,8,2,0,0,0,16,4,1,1
60,60,B2_Conv_2b_1x7,16,0,3,1,1,12,3,0,0,0,16,4,1,1
60,60,B2_Conv_2b_1x7,16,1,4,0,2,16,4,0,0,0,16,4,1,1
60,60,B2_Conv_2b_1x7,16,1,5,1,2,20,5,0,0,0,16,4,1,1
60,60,B2_Conv_2b_1x7,16,1,6,0,3,24,6,0,0,0,16,4,1,1
60,60,B2_Conv_2b_1x7,16,1,7,1,3,28,7,0,0,0,16,4,1,1
60,60,B2_Conv_2b_1x7,16,2,8,0,4,32,8,0,0,0,16,4,1,1
60,60,B2_Conv_2b_1x7,16,2,9,1,4,36,9,0,0,0,16,4,1,1
60,60,B2_Conv_2b_1x7,16,2,10,0,5,40,10,0,0,0,16,4,1,1
60,60,B2_Conv_2b_1x7,16,2,11,1,5,44,11,0,0,0,16,4,1,1
60,60,B2_Conv_2b_1x7,16,3,12,0,6,48,12,0,0,0,16,4,1,1
60,60,B2_Conv_2b_1x7,16,3,13,1,6,52,13,0,0,0,16,4,1,1
60,60,B2_Conv_2b_1x7,16,3,14,0,7,56,14,0,0,0,16,4,1,1
60,60,B2_Conv_2b_1x7,16,3,15,1,7,60,15,0,0,0,16,4,1,1
60,60,B2_Conv_2b_1x7,16,7,16,2,7,1,0,1,0,0,16,4,1,1
60,60,B2_Conv_2b_1x7,16,7,17,3,7,5,1,1,0,0,16,4,1,1
60,60,B2_Conv_2b_1x7,16,7,18,2,6,9,2,1,0,0,16,4,1,1
60,60,B2_Conv_2b_1x7,16,7,19,3,6,13,3,1,0,0,16,4,1,1
60,60,B2_Conv_2b_1x7,16,6,20,2,5,17,4,1,0,0,16,4,1,1
60,60,B2_Conv_2b_1x7,16,6,21,3,5,21,5,1,0,0,16,4,1,1
60,60,B2_Conv_2b_1x7,16,6,22,2,4,25,6,1,0,0,16,4,1,1
60,60,B2_Conv_2b_1x7,16,6,23,3,4,29,7,1,0,0,16,4,1,1
60,60,B2_Conv_2b_1x7,16,5,24,2,3,33,8,1,0,0,16,4,1,1
60,60,B2_Conv_2b_1x7,16,5,25,3,3,37,9,1,0,0,16,4,1,1
60,60,B2_Conv_2b_1x7,16,5,26,2,2,41,10,1,0,0,16,4,1,1
60,60,B2_Conv_2b_1x7,16,5,27,3,2,45,11,1,0,0,16,4,1,1
60,60,B2_Conv_2b_1x7,16,4,28,2,1,49,12,1,0,0,16,4,1,1
60,60,B2_Conv_2b_1x7,16,4,29,3,1,53,13,1,0,0,16,4,1,1
60,60,B2_Conv_2b_1x7,16,4,30,2,0,57,14,1,0,0,16,4,1,1
60,60,B2_Conv_2b_1x7,16,4,31,3,0,61,15,1,0,0,16,4,1,1
60,60,B2_Conv_2b_1x7,16,8,32,4,0,2,0,2,0,0,16,4,1,1
60,60,B2_Conv_2b_1x7,16,8,33,5,0,6,1,2,0,0,16,4,1,1
60,60,B2_Conv_2b_1x7,16,8,34,4,1,10,2,2,0,0,16,4,1,1
60,60,B2_Conv_2b_1x7,16,8,35,5,1,14,3,2,0,0,16,4,1,1
60,60,B2_Conv_2b_1x7,16,9,36,4,2,18,4,2,0,0,16,4,1,1
60,60,B2_Conv_2b_1x7,16,9,37,5,2,22,5,2,0,0,16,4,1,1
60,60,B2_Conv_2b_1x7,16,9,38,4,3,26,6,2,0,0,16,4,1,1
60,60,B2_Conv_2b_1x7,16,9,39,5,3,30,7,2,0,0,16,4,1,1
60,60,B2_Conv_2b_1x7,16,10,40,4,4,34,8,2,0,0,16,4,1,1
60,60,B2_Conv_2b_1x7,16,10,41,5,4,38,9,2,0,0,16,4,1,1
60,60,B2_Conv_2b_1x7,16,10,42,4,5,42,10,2,0,0,16,4,1,1
60,60,B2_Conv_2b_1x7,16,10,43,5,5,46,11,2,0,0,16,4,1,1
60,60,B2_Conv_2b_1x7,16,11,44,4,6,50,12,2,0,0,16,4,1,1
60,60,B2_Conv_2b_1x7,16,11,45,5,6,54,13,2,0,0,16,4,1,1
60,60,B2_Conv_2b_1x7,16,11,46,4,7,58,14,2,0,0,16,4,1,1
60,60,B2_Conv_2b_1x7,16,11,47,5,7,62,15,2,0,0,16,4,1,1
60,60,B2_Conv_2b_1x7,16,15,48,6,7,3,0,3,0,0,16,4,1,1
60,60,B2_Conv_2b_1x7,16,15,49,7,7,7,1,3,0,0,16,4,1,1
60,60,B2_Conv_2b_1x7,16,15,50,6,6,11,2,3,0,0,16,4,1,1
60,60,B2_Conv_2b_1x7,16,15,51,7,6,15,3,3,0,0,16,4,1,1
60,60,B2_Conv_2b_1x7,16,14,52,6,5,19,4,3,0,0,16,4,1,1
60,60,B2_Conv_2b_1x7,16,14,53,7,5,23,5,3,0,0,16,4,1,1
60,60,B2_Conv_2b_1x7,16,14,54,6,4,27,6,3,0,0,16,4,1,1
60,60,B2_Conv_2b_1x7,16,14,55,7,4,31,7,3,0,0,16,4,1,1
60,60,B2_Conv_2b_1x7,16,13,56,6,3,35,8,3,0,0,16,4,1,1
60,60,B2_Conv_2b_1x7,16,13,57,7,3,39,9,3,0,0,16,4,1,1
60,60,B2_Conv_2b_1x7,16,13,58,6,2,43,10,3,0,0,16,4,1,1
60,60,B2_Conv_2b_1x7,16,13,59,7,2,47,11,3,0,0,16,4,1,1
60,60,B2_Conv_2b_1x7,16,12,60,6,1,51,12,3,0,0,16,4,1,1
60,60,B2_Conv_2b_1x7,16,12,61,7,1,55,13,3,0,0,16,4,1,1
60,60,B2_Conv_2b_1x7,16,12,62,6,0,59,14,3,0,0,16,4,1,1
60,60,B2_Conv_2b_1x7,16,12,63,7,0,63,15,3,0,0,16,4,1,1
61,61,B2_Conv_2c_7x1,16,0,0,0,0,0,0,0,0,0,16,4,1,1
61,61,B2_Conv_2c_7x1,16,0,1,1,0,4,1,0,0,0,16,4,1,1
61,61,B2_Conv_2c_7x1,16,0,2,0,1,8,2,0,0,0,16,4,1,1
61,61,B2_Conv_2c_7x1,16,0,3,1,1,12,3,0,0,0,16,4,1,1
61,61,B2_Conv_2c_7x1,16,1,4,0,2,16,4,0,0,0,16,4,1,1
61,61,B2_Conv_2c_7x1,16,1,5,1,2,20,5,0,0,0,16,4,1,1
61,61,B2_Conv_2c_7x1,16,1,6,0,3,24,6,0,0,0,16,4,1,1
61,61,B2_Conv_2c_7x1,16,1,7,1,3,28,7,0,0,0,16,4,1,1
61,61,B2_Conv_2c_7x1,16,2,8,0,4,32,8,0,0,0,16,4,1,1
61,61,B2_Conv_2c_7x1,16,2,9,1,4,36,9,0,0,0,16,4,1,1
61,61,B2_Conv_2c_7x1,16,2,10,0,5,40,10,0,0,0,16,4,1,1
61,61,B2_Conv_2c_7x1,16,2,11,1,5,44,11,0,0,0,16,4,1,1
61,61,B2_Conv_2c_7x1,16,3,12,0,6,48,12,0,0,0,16,4,1,1
61,61,B2_Conv_2c_7x1,16,3,13,1,6,52,13,0,0,0,16,4,1,1
61,61,B2_Conv_2c_7x1,16,3,14,0,7,56,14,0,0,0,16,4,1,1
61,61,B2_Conv_2c_7x1,16,3,15,1,7,60,15,0,0,0,16,4,1,1
61,61,B2_Conv_2c_7x1,16,7,16,2,7,1,0,1,0,0,16,4,1,1
61,61,B2_Conv_2c_7x1,16,7,17,3,7,5,1,1,0,0,16,4,1,1
61,61,B2_Conv_2c_7x1,16,7,18,2,6,9,2,1,0,0,16,4,1,1
61,61,B2_Conv_2c_7x1,16,7,19,3,6,13,3,1,0,0,16,4,1,1
61,61,B2_Conv_2c_7x1,16,6,20,2,5,17,4,1,0,0,16,4,1,1
61,61,B2_Conv_2c_7x1,16,6,21,3,5,21,5,1,0,0,16,4,1,1
61,61,B2_Conv_2c_7x1,16,6,22,2,4,25,6,1,0,0,16,4,1,1
61,61,B2_Conv_2c_7x1,16,6,23,3,4,29,7,1,0,0,16,4,1,1
61,61,B2_Conv_2c_7x1,16,5,24,2,3,33,8,1,0,0,16,4,1,1
61,61,B2_Conv_2c_7x1,16,5,25,3,3,37,9,1,0,0,16,4,1,1
61,61,B2_Conv_2c_7x1,16,5,26,2,2,41,10,1,0,0,16,4,1,1
61,61,B2_Conv_2c_7x1,16,5,27,3,2,45,11,1,0,0,16,4,1,1
61,61,B2_Conv_2c_7x1,16,4,28,2,1,49,12,1,0,0,16,4,1,1
61,61,B2_Conv_2c_7x1,16,4,29,3,1,53,13,1,0,0,16,4,1,1
61,61,B2_Conv_2c_7x1,16,4,30,2,0,57,14,1,0,0,16,4,1,1
61,61,B2_Conv_2c_7x1,16,4,31,3,0,61,15,1,0,0,16,4,1,1
61,61,B2_Conv_2c_7x1,16,8,32,4,0,2,0,2,0,0,16,4,1,1
61,61,B2_Conv_2c_7x1,16,8,33,5,0,6,1,2,0,0,16,4,1,1
61,61,B2_Conv_2c_7x1,16,8,34,4,1,10,2,2,0,0,16,4,1,1
61,61,B2_Conv_2c_7x1,16,8,35,5,1,14,3,2,0,0,16,4,1,1
61,61,B2_Conv_2c_7x1,16,9,36,4,2,18,4,2,0,0,16,4,1,1
61,61,B2_Conv_2c_7x1,16,9,37,5,2,22,5,2,0,0,16,4,1,1
61,61,B2_Conv_2c_7x1,16,9,38,4,3,26,6,2,0,0,16,4,1,1
61,61,B2_Conv_2c_7x1,16,9,39,5,3,30,7,2,0,0,16,4,1,1
61,61,B2_Conv_2c_7x1,16,10,40,4,4,34,8,2,0,0,16,4,1,1
61,61,B2_Conv_2c_7x1,16,10,41,5,4,38,9,2,0,0,16,4,1,1
61,61,B2_Conv_2c_7x1,16,10,42,4,5,42,10,2,0,0,16,4,1,1
61,61,B2_Conv_2c_7x1,16,10,43,5,5,46,11,2,0,0,16,4,1,1
61,61,B2_Conv_2c_7x1,16,11,44,4,6,50,12,2,0,0,16,4,1,1
61,61,B2_Conv_2c_7x1,16,11,45,5,6,54,13,2,0,0,16,4,1,1
61,61,B2_Conv_2c_7x1,16,11,46,4,7,58,14,2,0,0,16,4,1,1
61,61,B2_Conv_2c_7x1,16,11,47,5,7,62,15,2,0,0,16,4,1,1
61,61,B2_Conv_2c_7x1,16,15,48,6,7,3,0,3,0,0,16,4,1,1
61,61,B2_Conv_2c_7x1,16,15,49,7,7,7,1,3,0,0,16,4,1,1
61,61,B2_Conv_2c_7x1,16,15,50,6,6,11,2,3,0,0,16,4,1,1
61,61,B2_Conv_2c_7x1,16,15,51,7,6,15,3,3,0,0,16,4,1,1
61,61,B2_Conv_2c_7x1,16,14,52,6,5,19,4,3,0,0,16,4,1,1
61,61,B2_Conv_2c_7x1,16,14,53,7,5,23,5,3,0,0,16,4,1,1
61,61,B2_Conv_2c_7x1,16,14,54,6,4,27,6,3,0,0,16,4,1,1
61,61,B2_Conv_2c_7x1,16,14,55,7,4,31,7,3,0,0,16,4,1,1
61,61,B2_Conv_2c_7x1,16,13,56,6,3,35,8,3,0,0,16,4,1,1
61,61,B2_Conv_2c_7x1,16,13,57,7,3,39,9,3,0,0,16,4,1,1
61,61,B2_Conv_2c_7x1,16,13,58,6,2,43,10,3,0,0,16,4,1,1
61,61,B2_Conv_2c_7x1,16,13,59,7,2,47,11,3,0,0,16,4,1,1
61,61,B2_Conv_2c_7x1,16,12,60,6,1,51,12,3,0,0,16,4,1,1
61,61,B2_Conv_2c_7x1,16,12,61,7,1,55,13,3,0,0,16,4,1,1
61,61,B2_Conv_2c_7x1,16,12,62,6,0,59,14,3,0,0,16,4,1,1
61,61,B2_Conv_2c_7x1,16,12,63,7,0,63,15,3,0,0,16,4,1,1
62,62,B2_Conv_3_1x1,16,0,0,0,0,0,0,0,0,0,16,4,1,1
62,62,B2_Conv_3_1x1,16,0,1,1,0,4,1,0,0,0,16,4,1,1
62,62,B2_Conv_3_1x1,16,0,2,0,1,8,2,0,0,0,16,4,1,1
62,62,B2_Conv_3_1x1,16,0,3,1,1,12,3,0,0,0,16,4,1,1
62,62,B2_Conv_3_1x1,16,1,4,0,2,16,4,0,0,0,16,4,1,1
62,62,B2_Conv_3_1x1,16,1,5,1,2,20,5,0,0,0,16,4,1,1
62,62,B2_Conv_3_1x1,16,1,6,0,3,24,6,0,0,0,16,4,1,1
62,62,B2_Conv_3_1x1,16,1,7,1,3,28,7,0,0,0,16,4,1,1
62,62,B2_Conv_3_1x1,16,2,8,0,4,32,8,0,0,0,16,4,1,1
62,62,B2_Conv_3_1x1,16,2,9,1,4,36,9,0,0,0,16,4,1,1
62,62,B2_Conv_3_1x1,16,2,10,0,5,40,10,0,0,0,16,4,1,1
62,62,B2_Conv_3_1x1,16,2,11,1,5,44,11,0,0,0,16,4,1,1
62,62,B2_Conv_3_1x1,16,3,12,0,6,48,12,0,0,0,16,4,1,1
62,62,B2_Conv_3_1x1,16,3,13,1,6,52,13,0,0,0,16,4,1,1
62,62,B2_Conv_3_1x1,16,3,14,0,7,56,14,0,0,0,16,4,1,1
62,62,B2_Conv_3_1x1,16,3,15,1,7,60,15,0,0,0,16,4,1,1
62,62,B2_Conv_3_1x1,16,7,16,2,7,1,0,1,0,0,16,4,1,1
62,62,B2_Conv_3_1x1,16,7,17,3,7,5,1,1,0,0,16,4,1,1
62,62,B2_Conv_3_1x1,16,7,18,2,6,9,2,1,0,0,16,4,1,1
62,62,B2_Conv_3_1x1,16,7,19,3,6,13,3,1,0,0,16,4,1,1
62,62,B2_Conv_3_1x1,16,6,20,2,5,17,4,1,0,0,16,4,1,1
62,62,B2_Conv_3_1x1,16,6,21,3,5,21,5,1,0,0,16,4,1,1
62,62,B2_Conv_3_1x1,16,6,22,2,4,25,6,1,0,0,16,4,1,1
62,62,B2_Conv_3_1x1,16,6,23,3,4,29,7,1,0,0,16,4,1,1
62,62,B2_Conv_3_1x1,16,5,24,2,3,33,8,1,0,0,16,4,1,1
62,62,B2_Conv_3_1x1,16,5,25,3,3,37,9,1,0,0,16,4,1,1
62,62,B2_Conv_3_1x1,16,5,26,2,2,41,10,1,0,0,16,4,1,1
62,62,B2_Conv_3_1x1,16,5,27,3,2,45,11,1,0,0,16,4,1,1
62,62,B2_Conv_3_1x1,16,4,28,2,1,49,12,1,0,0,16,4,1,1
62,62,B2_Conv_3_1x1,16,4,29,3,1,53,13,1,0,0,16,4,1,1
62,62,B2_Conv_3_1x1,16,4,30,2,0,57,14,1,0,0,16,4,1,1
62,62,B2_Conv_3_1x1,16,4,31,3,0,61,15,1,0,0,16,4,1,1
62,62,B2_Conv_3_1x1,16,8,32,4,0,2,0,2,0,0,16,4,1,1
62,62,B2_Conv_3_1x1,16,8,33,5,0,6,1,2,0,0,16,4,1,1
62,62,B2_Conv_3_1x1,16,8,34,4,1,10,2,2,0,0,16,4,1,1
62,62,B2_Conv_3_1x1,16,8,35,5,1,14,3,2,0,0,16,4,1,1
62,62,B2_Conv_3_1x1,16,9,36,4,2,18,4,2,0,0,16,4,1,1
62,62,B2_Conv_3_1x1,16,9,37,5,2,22,5,2,0,0,16,4,1,1
62,62,B2_Conv_3_1x1,16,9,38,4,3,26,6,2,0,0,16,4,1,1
62,62,B2_Conv_3_1x1,16,9,39,5,3,30,7,2,0,0,16,4,1,1
62,62,B2_Conv_3_1x1,16,10,40,4,4,34,8,2,0,0,16,4,1,1
62,62,B2_Conv_3_1x1,16,10,41,5,4,38,9,2,0,0,16,4,1,1
62,62,B2_Conv_3_1x1,16,10,42,4,5,42,10,2,0,0,16,4,1,1
62,62,B2_Conv_3_1x1,16,10,43,5,5,46,11,2,0,0,16,4,1,1
62,62,B2_Conv_3_1x1,16,11,44,4,6,50,12,2,0,0,16,4,1,1
62,62,B2_Conv_3_1x1,16,11,45,5,6,54,13,2,0,0,16,4,1,1
62,62,B2_Conv_3_1x1,16,11,46,4,7,58,14,2,0,0,16,4,1,1
62,62,B2_Conv_3_1x1,16,11,47,5,7,62,15,2,0,0,16,4,1,1
62,62,B2_Conv_3_1x1,16,15,48,6,7,3,0,3,0,0,16,4,1,1
62,62,B2_Conv_3_1x1,16,15,49,7,7,7,1,3,0,0,16,4,1,1
62,62,B2_Conv_3_1x1,16,15,50,6,6,11,2,3,0,0,16,4,1,1
62,62,B2_Conv_3_1x1,16,15,51,7,6,15,3,3,0,0,16,4,1,1
62,62,B2_Conv_3_1x1,16,14,52,6,5,19,4,3,0,0,16,4,1,1
62,62,B2_Conv_3_1x1,16,14,53,7,5,23,5,3,0,0,16,4,1,1
62,62,B2_Conv_3_1x1,16,14,54,6,4,27,6,3,0,0,16,4,1,1
62,62,B2_Conv_3_1x1,16,14,55,7,4,31,7,3,0,0,16,4,1,1
62,62,B2_Conv_3_1x1,16,13,56,6,3,35,8,3,0,0,16,4,1,1
62,62,B2_Conv_3_1x1,16,13,57,7,3,39,9,3,0,0,16,4,1,1
62,62,B2_Conv_3_1x1,16,13,58,6,2,43,10,3,0,0,16,4,1,1
62,62,B2_Conv_3_1x1,16,13,59,7,2,47,11,3,0,0,16,4,1,1
62,62,B2_Conv_3_1x1,16,12,60,6,1,51,12,3,0,0,16,4,1,1
62,62,B2_Conv_3_1x1,16,12,61,7,1,55,13,3,0,0,16,4,1,1
62,62,B2_Conv_3_1x1,16,12,62,6,0,59,14,3,0,0,16,4,1,1
62,62,B2_Conv_3_1x1,16,12,63,7,0,63,15,3,0,0,16,4,1,1
63,63,B2_Eltwise,1,0,0,0,0,0,0,0,0,0,1,64,1,1
63,63,B2_Eltwise,1,0,1,1,0,1,0,1,0,0,1,64,1,1
63,63,B2_Eltwise,1,0,2,0,1,2,0,2,0,0,1,64,1,1
63,63,B2_Eltwise,1,0,3,1,1,3,0,3,0,0,1,64,1,1
63,63,B2_Eltwise,1,1,4,0,2,4,0,4,0,0,1,64,1,1
63,63,B2_Eltwise,1,1,5,1,2,5,0,5,0,0,1,64,1,1
63,63,B2_Eltwise,1,1,6,0,3,6,0,6,0,0,1,64,1,1
63,63,B2_Eltwise,1,1,7,1,3,7,0,7,0,0,1,64,1,1
63,63,B2_Eltwise,1,2,8,0,4,8,0,8,0,0,1,64,1,1
63,63,B2_Eltwise,1,2,9,1,4,9,0,9,0,0,1,64,1,1
63,63,B2_Eltwise,1,2,10,0,5,10,0,10,0,0,1,64,1,1
63,63,B2_Eltwise,1,2,11,1,5,11,0,11,0,0,1,64,1,1
63,63,B2_Eltwise,1,3,12,0,6,12,0,12,0,0,1,64,1,1
63,63,B2_Eltwise,1,3,13,1,6,13,0,13,0,0,1,64,1,1
63,63,B2_Eltwise,1,3,14,0,7,14,0,14,0,0,1,64,1,1
63,63,B2_Eltwise,1,3,15,1,7,15,0,15,0,0,1,64,1,1
63,63,B2_Eltwise,1,7,16,2,7,16,0,16,0,0,1,64,1,1
63,63,B2_Eltwise,1,7,17,3,7,17,0,17,0,0,1,64,1,1
63,63,B2_Eltwise,1,7,18,2,6,18,0,18,0,0,1,64,1,1
63,63,B2_Eltwise,1,7,19,3,6,19,0,19,0,0,1,64,1,1
63,63,B2_Eltwise,1,6,20,2,5,20,0,20,0,0,1,64,1,1
63,63,B2_Eltwise,1,6,21,3,5,21,0,21,0,0,1,64,1,1
63,63,B2_Eltwise,1,6,22,2,4,22,0,22,0,0,1,64,1,1
63,63,B2_Eltwise,1,6,23,3,4,23,0,23,0,0,1,64,1,1
63,63,B2_Eltwise,1,5,24,2,3,24,0,24,0,0,1,64,1,1
63,63,B2_Eltwise,1,5,25,3,3,25,0,25,0,0,1,64,1,1
63,63,B2_Eltwise,1,5,26,2,2,26,0,26,0,0,1,64,1,1
63,63,B2_Eltwise,1,5,27,3,2,27,0,27,0,0,1,64,1,1
63,63,B2_Eltwise,1,4,28,2,1,28,0,28,0,0,1,64,1,1
63,63,B2_Eltwise,1,4,29,3,1,29,0,29,0,0,1,64,1,1
63,63,B2_Eltwise,1,4,30,2,0,30,0,30,0,0,1,64,1,1
63,63,B2_Eltwise,1,4,31,3,0,31,0,31,0,0,1,64,1,1
63,63,B2_Eltwise,1,8,32,4,0,32,0,32,0,0,1,64,1,1
63,63,B2_Eltwise,1,8,33,5,0,33,0,33,0,0,1,64,1,1
63,63,B2_Eltwise,1,8,34,4,1,34,0,34,0,0,1,64,1,1
63,63,B2_Eltwise,1,8,35,5,1,35,0,35,0,0,1,64,1,1
63,63,B2_Eltwise,1,9,36,4,2,36,0,36,0,0,1,64,1,1
63,63,B2_Eltwise,1,9,37,5,2,37,0,37,0,0,1,64,1,1
63,63,B2_Eltwise,1,9,38,4,3,38,0,38,0,0,1,64,1,1
63,63,B2_Eltwise,1,9,39,5,3,39,0,39,0,0,1,64,1,1
63,63,B2_Eltwise,1,10,40,4,4,40,0,40,0,0,1,64,1,1
63,63,B2_Eltwise,1,10,41,5,4,41,0,41,0,0,1,64,1,1
63,63,B2_Eltwise,1,10,42,4,5,42,0,42,0,0,1,64,1,1
63,63,B2_Eltwise,1,10,43,5,5,43,0,43,0,0,1,64,1,1
63,63,B2_Eltwise,1,11,44,4,6,44,0,44,0,0,1,64,1,1
63,63,B2_Eltwise,1,11,45,5,6,45,0,45,0,0,1,64,1,1
63,63,B2_Eltwise,1,11,46,4,7,46,0,46,0,0,1,64,1,1
63,63,B2_Eltwise,1,11,47,5,7,47,0,47,0,0,1,64,1,1
63,63,B2_Eltwise,1,15,48,6,7,48,0,48,0,0,1,64,1,1
63,63,B2_Eltwise,1,15,49,7,7,49,0,49,0,0,1,64,1,1
63,63,B2_Eltwise,1,15,50,6,6,50,0,50,0,0,1,64,1,1
63,63,B2_Eltwise,1,15,51,7,6,51,0,51,0,0,1,64,1,1
63,63,B2_Eltwise,1,14,52,6,5,52,0,52,0,0,1,64,1,1
63,63,B2_Eltwise,1,14,53,7,5,53,0,53,0,0,1,64,1,1
63,63,B2_Eltwise,1,14,54,6,4,54,0,54,0,0,1,64,1,1
63,63,B2_Eltwise,1,14,55,7,4,55,0,55,0,0,1,64,1,1
63,63,B2_Eltwise,1,13,56,6,3,56,0,56,0,0,1,64,1,1
63,63,B2_Eltwise,1,13,57,7,3,57,0,57,0,0,1,64,1,1
63,63,B2_Eltwise,1,13,58,6,2,58,0,58,0,0,1,64,1,1
63,63,B2_Eltwise,1,13,59,7,2,59,0,59,0,0,1,64,1,1
63,63,B2_Eltwise,1,12,60,6,1,60,0,60,0,0,1,64,1,1
63,63,B2_Eltwise,1,12,61,7,1,61,0,61,0,0,1,64,1,1
63,63,B2_Eltwise,1,12,62,6,0,62,0,62,0,0,1,64,1,1
63,63,B2_Eltwise,1,12,63,7,0,63,0,63,0,0,1,64,1,1
64,64,B3_Conv_1a_1x1,16,0,0,0,0,0,0,0,0,0,16,4,1,1
64,64,B3_Conv_1a_1x1,16,0,1,1,0,4,1,0,0,0,16,4,1,1
64,64,B3_Conv_1a_1x1,16,0,2,0,1,8,2,0,0,0,16,4,1,1
64,64,B3_Conv_1a_1x1,16,0,3,1,1,12,3,0,0,0,16,4,1,1
64,64,B3_Conv_1a_1x1,16,1,4,0,2,16,4,0,0,0,16,4,1,1
64,64,B3_Conv_1a_1x1,16,1,5,1,2,20,5,0,0,0,16,4,1,1
64,64,B3_Conv_1a_1x1,16,1,6,0,3,24,6,0,0,0,16,4,1,1
64,64,B3_Conv_1a_1x1,16,1,7,1,3,28,7,0,0,0,16,4,1,1
64,64,B3_Conv_1a_1x1,16,2,8,0,4,32,8,0,0,0,16,4,1,1
64,64,B3_Conv_1a_1x1,16,2,9,1,4,36,9,0,0,0,16,4,1,1
64,64,B3_Conv_1a_1x1,16,2,10,0,5,40,10,0,0,0,16,4,1,1
64,64,B3_Conv_1a_1x1,16,2,11,1,5,44,11,0,0,0,16,4,1,1
64,64,B3_Conv_1a_1x1,16,3,12,0,6,48,12,0,0,0,16,4,1,1
64,64,B3_Conv_1a_1x1,16,3,13,1,6,52,13,0,0,0,16,4,1,1
64,64,B3_Conv_1a_1x1,16,3,14,0,7,56,14,0,0,0,16,4,1,1
64,64,B3_Conv_1a_1x1,16,3,15,1,7,60,15,0,0,0,16,4,1,1
64,64,B3_Conv_1a_1x1,16,7,16,2,7,1,0,1,0,0,16,4,1,1
64,64,B3_Conv_1a_1x1,16,7,17,3,7,5,1,1,0,0,16,4,1,1
64,64,B3_Conv_1a_1x1,16,7,18,2,6,9,2,1,0,0,16,4,1,1
64,64,B3_Conv_1a_1x1,16,7,19,3,6,13,3,1,0,0,16,4,1,1
64,64,B3_Conv_1a_1x1,16,6,20,2,5,17,4,1,0,0,16,4,1,1
64,64,B3_Conv_1a_1x1,16,6,21,3,5,21,5,1,0,0,16,4,1,1
64,64,B3_Conv_1a_1x1,16,6,22,2,4,25,6,1,0,0,16,4,1,1
64,64,B3_Conv_1a_1x1,16,6,23,3,4,29,7,1,0,0,16,4,1,1
64,64,B3_Conv_1a_1x1,16,5,24,2,3,33,8,1,0,0,16,4,1,1
64,64,B3_Conv_1a_1x1,16,5,25,3,3,37,9,1,0,0,16,4,1,1
64,64,B3_Conv_1a_1x1,16,5,26,2,2,41,10,1,0,0,16,4,1,1
64,64,B3_Conv_1a_1x1,16,5,27,3,2,45,11,1,0,0,16,4,1,1
64,64,B3_Conv_1a_1x1,16,4,28,2,1,49,12,1,0,0,16,4,1,1
64,64,B3_Conv_1a_1x1,16,4,29,3,1,53,13,1,0,0,16,4,1,1
64,64,B3_Conv_1a_1x1,16,4,30,2,0,57,14,1,0,0,16,4,1,1
64,64,B3_Conv_1a_1x1,16,4,31,3,0,61,15,1,0,0,16,4,1,1
64,64,B3_Conv_1a_1x1,16,8,32,4,0,2,0,2,0,0,16,4,1,1
64,64,B3_Conv_1a_1x1,16,8,33,5,0,6,1,2,0,0,16,4,1,1
64,64,B3_Conv_1a_1x1,16,8,34,4,1,10,2,2,0,0,16,4,1,1
64,64,B3_Conv_1a_1x1,16,8,35,5,1,14,3,2,0,0,16,4,1,1
64,64,B3_Conv_1a_1x1,16,9,36,4,2,18,4,2,0,0,16,4,1,1
64,64,B3_Conv_1a_1x1,16,9,37,5,2,22,5,2,0,0,16,4,1,1
64,64,B3_Conv_1a_1x1,16,9,38,4,3,26,6,2,0,0,16,4,1,1
64,64,B3_Conv_1a_1x1,16,9,39,5,3,30,7,2,0,0,16,4,1,1
64,64,B3_Conv_1a_1x1,16,10,40,4,4,34,8,2,0,0,16,4,1,1
64,64,B3_Conv_1a_1x1,16,10,41,5,4,38,9,2,0,0,16,4,1,1
64,64,B3_Conv_1a_1x1,16,10,42,4,5,42,10,2,0,0,16,4,1,1
64,64,B3_Conv_1a_1x1,16,10,43,5,5,46,11,2,0,0,16,4,1,1
64,64,B3_Conv_1a_1x1,16,11,44,4,6,50,12,2,0,0,16,4,1,1
64,64,B3_Conv_1a_1x1,16,11,45,5,6,54,13,2,0,0,16,4,1,1
64,64,B3_Conv_1a_1x1,16,11,46,4,7,58,14,2,0,0,16,4,1,1
64,64,B3_Conv_1a_1x1,16,11,47,5,7,62,15,2,0,0,16,4,1,1
64,64,B3_Conv_1a_1x1,16,15,48,6,7,3,0,3,0,0,16,4,1,1
64,64,B3_Conv_1a_1x1,16,15,49,7,7,7,1,3,0,0,16,4,1,1
64,64,B3_Conv_1a_1x1,16,15,50,6,6,11,2,3,0,0,16,4,1,1
64,64,B3_Conv_1a_1x1,16,15,51,7,6,15,3,3,0,0,16,4,1,1
64,64,B3_Conv_1a_1x1,16,14,52,6,5,19,4,3,0,0,16,4,1,1
64,64,B3_Conv_1a_1x1,16,14,53,7,5,23,5,3,0,0,16,4,1,1
64,64,B3_Conv_1a_1x1,16,14,54,6,4,27,6,3,0,0,16,4,1,1
64,64,B3_Conv_1a_1x1,16,14,55,7,4,31,7,3,0,0,16,4,1,1
64,64,B3_Conv_1a_1x1,16,13,56,6,3,35,8,3,0,0,16,4,1,1
64,64,B3_Conv_1a_1x1,16,13,57,7,3,39,9,3,0,0,16,4,1,1
64,64,B3_Conv_1a_1x1,16,13,58,6,2,43,10,3,0,0,16,4,1,1
64,64,B3_Conv_1a_1x1,16,13,59,7,2,47,11,3,0,0,16,4,1,1
64,64,B3_Conv_1a_1x1,16,12,60,6,1,51,12,3,0,0,16,4,1,1
64,64,B3_Conv_1a_1x1,16,12,61,7,1,55,13,3,0,0,16,4,1,1
64,64,B3_Conv_1a_1x1,16,12,62,6,0,59,14,3,0,0,16,4,1,1
64,64,B3_Conv_1a_1x1,16,12,63,7,0,63,15,3,0,0,16,4,1,1
65,65,B3_Conv_2a_1x1,16,0,0,0,0,0,0,0,0,0,16,4,1,1
65,65,B3_Conv_2a_1x1,16,0,1,1,0,4,1,0,0,0,16,4,1,1
65,65,B3_Conv_2a_1x1,16,0,2,0,1,8,2,0,0,0,16,4,1,1
65,65,B3_Conv_2a_1x1,16,0,3,1,1,12,3,0,0,0,16,4,1,1
65,65,B3_Conv_2a_1x1,16,1,4,0,2,16,4,0,0,0,16,4,1,1
65,65,B3_Conv_2a_1x1,16,1,5,1,2,20,5,0,0,0,16,4,1,1
65,65,B3_Conv_2a_1x1,16,1,6,0,3,24,6,0,0,0,16,4,1,1
65,65,B3_Conv_2a_1x1,16,1,7,1,3,28,7,0,0,0,16,4,1,1
65,65,B3_Conv_2a_1x1,16,2,8,0,4,32,8,0,0,0,16,4,1,1
65,65,B3_Conv_2a_1x1,16,2,9,1,4,36,9,0,0,0,16,4,1,1
65,65,B3_Conv_2a_1x1,16,2,10,0,5,40,10,0,0,0,16,4,1,1
65,65,B3_Conv_2a_1x1,16,2,11,1,5,44,11,0,0,0,16,4,1,1
65,65,B3_Conv_2a_1x1,16,3,12,0,6,48,12,0,0,0,16,4,1,1
65,65,B3_Conv_2a_1x1,16,3,13,1,6,52,13,0,0,0,16,4,1,1
65,65,B3_Conv_2a_1x1,16,3,14,0,7,56,14,0,0,0,16,4,1,1
65,65,B3_Conv_2a_1x1,16,3,15,1,7,60,15,0,0,0,16,4,1,1
65,65,B3_Conv_2a_1x1,16,7,16,2,7,1,0,1,0,0,16,4,1,1
65,65,B3_Conv_2a_1x1,16,7,17,3,7,5,1,1,0,0,16,4,1,1
65,65,B3_Conv_2a_1x1,16,7,18,2,6,9,2,1,0,0,16,4,1,1
65,65,B3_Conv_2a_1x1,16,7,19,3,6,13,3,1,0,0,16,4,1,1
65,65,B3_Conv_2a_1x1,16,6,20,2,5,17,4,1,0,0,16,4,1,1
65,65,B3_Conv_2a_1x1,16,6,21,3,5,21,5,1,0,0,16,4,1,1
65,65,B3_Conv_2a_1x1,16,6,22,2,4,25,6,1,0,0,16,4,1,1
65,65,B3_Conv_2a_1x1,16,6,23,3,4,29,7,1,0,0,16,4,1,1
65,65,B3_Conv_2a_1x1,16,5,24,2,3,33,8,1,0,0,16,4,1,1
65,65,B3_Conv_2a_1x1,16,5,25,3,3,37,9,1,0,0,16,4,1,1
65,65,B3_Conv_2a_1x1,16,5,26,2,2,41,10,1,0,0,16,4,1,1
65,65,B3_Conv_2a_1x1,16,5,27,3,2,45,11,1,0,0,16,4,1,1
65,65,B3_Conv_2a_1x1,16,4,28,2,1,49,12,1,0,0,16,4,1,1
65,65,B3_Conv_2a_1x1,16,4,29,3,1,53,13,1,0,0,16,4,1,1
65,65,B3_Conv_2a_1x1,16,4,30,2,0,57,14,1,0,0,16,4,1,1
65,65,B3_Conv_2a_1x1,16,4,31,3,0,61,15,1,0,0,16,4,1,1
65,65,B3_Conv_2a_1x1,16,8,32,4,0,2,0,2,0,0,16,4,1,1
65,65,B3_Conv_2a_1x1,16,8,33,5,0,6,1,2,0,0,16,4,1,1
65,65,B3_Conv_2a_1x1,16,8,34,4,1,10,2,2,0,0,16,4,1,1
65,65,B3_Conv_2a_1x1,16,8,35,5,1,14,3,2,0,0,16,4,1,1
65,65,B3_Conv_2a_1x1,16,9,36,4,2,18,4,2,0,0,16,4,1,1
65,65,B3_Conv_2a_1x1,16,9,37,5,2,22,5,2,0,0,16,4,1,1
65,65,B3_Conv_2a_1x1,16,9,38,4,3,26,6,2,0,0,16,4,1,1
65,65,B3_Conv_2a_1x1,16,9,39,5,3,30,7,2,0,0,16,4,1,1
65,65,B3_Conv_2a_1x1,16,10,40,4,4,34,8,2,0,0,16,4,1,1
65,65,B3_Conv_2a_1x1,16,10,41,5,4,38,9,2,0,0,16,4,1,1
65,65,B3_Conv_2a_1x1,16,10,42,4,5,42,10,2,0,0,16,4,1,1
65,65,B3_Conv_2a_1x1,16,10,43,5,5,46,11,2,0,0,16,4,1,1
65,65,B3_Conv_2a_1x1,16,11,44,4,6,50,12,2,0,0,16,4,1,1
65,65,B3_Conv_2a_1x1,16,11,45,5,6,54,13,2,0,0,16,4,1,1
65,65,B3_Conv_2a_1x1,16,11,46,4,7,58,14,2,0,0,16,4,1,1
65,65,B3_Conv_2a_1x1,16,11,47,5,7,62,15,2,0,0,16,4,1,1
65,65,B3_Conv_2a_1x1,16,15,48,6,7,3,0,3,0,0,16,4,1,1
65,65,B3_Conv_2a_1x1,16,15,49,7,7,7,1,3,0,0,16,4,1,1
65,65,B3_Conv_2a_1x1,16,15,50,6,6,11,2,3,0,0,16,4,1,1
65,65,B3_Conv_2a_1x1,16,15,51,7,6,15,3,3,0,0,16,4,1,1
65,65,B3_Conv_2a_1x1,16,14,52,6,5,19,4,3,0,0,16,4,1,1
65,65,B3_Conv_2a_1x1,16,14,53,7,5,23,5,3,0,0,16,4,1,1
65,65,B3_Conv_2a_1x1,16,14,54,6,4,27,6,3,0,0,16,4,1,1
65,65,B3_Conv_2a_1x1,16,14,55,7,4,31,7,3,0,0,16,4,1,1
65,65,B3_Conv_2a_1x1,16,13,56,6,3,35,8,3,0,0,16,4,1,1
65,65,B3_Conv_2a_1x1,16,13,57,7,3,39,9,3,0,0,16,4,1,1
65,65,B3_Conv_2a_1x1,16,13,58,6,2,43,10,3,0,0,16,4,1,1
65,65,B3_Conv_2a_1x1,16,13,59,7,2,47,11,3,0,0,16,4,1,1
65,65,B3_Conv_2a_1x1,16,12,60,6,1,51,12,3,0,0,16,4,1,1
65,65,B3_Conv_2a_1x1,16,12,61,7,1,55,13,3,0,0,16,4,1,1
65,65,B3_Conv_2a_1x1,16,12,62,6,0,59,14,3,0,0,16,4,1,1
65,65,B3_Conv_2a_1x1,16,12,63,7,0,63,15,3,0,0,16,4,1,1
66,66,B3_Conv_2b_1x7,16,0,0,0,0,0,0,0,0,0,16,4,1,1
66,66,B3_Conv_2b_1x7,16,0,1,1,0,4,1,0,0,0,16,4,1,1
66,66,B3_Conv_2b_1x7,16,0,2,0,1,8,2,0,0,0,16,4,1,1
66,66,B3_Conv_2b_1x7,16,0,3,1,1,12,3,0,0,0,16,4,1,1
66,66,B3_Conv_2b_1x7,16,1,4,0,2,16,4,0,0,0,16,4,1,1
66,66,B3_Conv_2b_1x7,16,1,5,1,2,20,5,0,0,0,16,4,1,1
66,66,B3_Conv_2b_1x7,16,1,6,0,3,24,6,0,0,0,16,4,1,1
66,66,B3_Conv_2b_1x7,16,1,7,1,3,28,7,0,0,0,16,4,1,1
66,66,B3_Conv_2b_1x7,16,2,8,0,4,32,8,0,0,0,16,4,1,1
66,66,B3_Conv_2b_1x7,16,2,9,1,4,36,9,0,0,0,16,4,1,1
66,66,B3_Conv_2b_1x7,16,2,10,0,5,40,10,0,0,0,16,4,1,1
66,66,B3_Conv_2b_1x7,16,2,11,1,5,44,11,0,0,0,16,4,1,1
66,66,B3_Conv_2b_1x7,16,3,12,0,6,48,12,0,0,0,16,4,1,1
66,66,B3_Conv_2b_1x7,16,3,13,1,6,52,13,0,0,0,16,4,1,1
66,66,B3_Conv_2b_1x7,16,3,14,0,7,56,14,0,0,0,16,4,1,1
66,66,B3_Conv_2b_1x7,16,3,15,1,7,60,15,0,0,0,16,4,1,1
66,66,B3_Conv_2b_1x7,16,7,16,2,7,1,0,1,0,0,16,4,1,1
66,66,B3_Conv_2b_1x7,16,7,17,3,7,5,1,1,0,0,16,4,1,1
66,66,B3_Conv_2b_1x7,16,7,18,2,6,9,2,1,0,0,16,4,1,1
66,66,B3_Conv_2b_1x7,16,7,19,3,6,13,3,1,0,0,16,4,1,1
66,66,B3_Conv_2b_1x7,16,6,20,2,5,17,4,1,0,0,16,4,1,1
66,66,B3_Conv_2b_1x7,16,6,21,3,5,21,5,1,0,0,16,4,1,1
66,66,B3_Conv_2b_1x7,16,6,22,2,4,25,6,1,0,0,16,4,1,1
66,66,B3_Conv_2b_1x7,16,6,23,3,4,29,7,1,0,0,16,4,1,1
66,66,B3_Conv_2b_1x7,16,5,24,2,3,33,8,1,0,0,16,4,1,1
66,66,B3_Conv_2b_1x7,16,5,25,3,3,37,9,1,0,0,16,4,1,1
66,66,B3_Conv_2b_1x7,16,5,26,2,2,41,10,1,0,0,16,4,1,1
66,66,B3_Conv_2b_1x7,16,5,27,3,2,45,11,1,0,0,16,4,1,1
66,66,B3_Conv_2b_1x7,16,4,28,2,1,49,12,1,0,0,16,4,1,1
66,66,B3_Conv_2b_1x7,16,4,29,3,1,53,13,1,0,0,16,4,1,1
66,66,B3_Conv_2b_1x7,16,4,30,2,0,57,14,1,0,0,16,4,1,1
66,66,B3_Conv_2b_1x7,16,4,31,3,0,61,15,1,0,0,16,4,1,1
66,66,B3_Conv_2b_1x7,16,8,32,4,0,2,0,2,0,0,16,4,1,1
66,66,B3_Conv_2b_1x7,16,8,33,5,0,6,1,2,0,0,16,4,1,1
66,66,B3_Conv_2b_1x7,16,8,34,4,1,10,2,2,0,0,16,4,1,1
66,66,B3_Conv_2b_1x7,16,8,35,5,1,14,3,2,0,0,16,4,1,1
66,66,B3_Conv_2b_1x7,16,9,36,4,2,18,4,2,0,0,16,4,1,1
66,66,B3_Conv_2b_1x7,16,9,37,5,2,22,5,2,0,0,16,4,1,1
66,66,B3_Conv_2b_1x7,16,9,38,4,3,26,6,2,0,0,16,4,1,1
66,66,B3_Conv_2b_1x7,16,9,39,5,3,30,7,2,0,0,16,4,1,1
66,66,B3_Conv_2b_1x7,16,10,40,4,4,34,8,2,0,0,16,4,1,1
66,66,B3_Conv_2b_1x7,16,10,41,5,4,38,9,2,0,0,16,4,1,1
66,66,B3_Conv_2b_1x7,16,10,42,4,5,42,10,2,0,0,16,4,1,1
66,66,B3_Conv_2b_1x7,16,10,43,5,5,46,11,2,0,0,16,4,1,1
66,66,B3_Conv_2b_1x7,16,11,44,4,6,50,12,2,0,0,16,4,1,1
66,66,B3_Conv_2b_1x7,16,11,45,5,6,54,13,2,0,0,16,4,1,1
66,66,B3_Conv_2b_1x7,16,11,46,4,7,58,14,2,0,0,16,4,1,1
66,66,B3_Conv_2b_1x7,16,11,47,5,7,62,15,2,0,0,16,4,1,1
66,66,B3_Conv_2b_1x7,16,15,48,6,7,3,0,3,0,0,16,4,1,1
66,66,B3_Conv_2b_1x7,16,15,49,7,7,7,1,3,0,0,16,4,1,1
66,66,B3_Conv_2b_1x7,16,15,50,6,6,11,2,3,0,0,16,4,1,1
66,66,B3_Conv_2b_1x7,16,15,51,7,6,15,3,3,0,0,16,4,1,1
66,66,B3_Conv_2b_1x7,16,14,52,6,5,19,4,3,0,0,16,4,1,1
66,66,B3_Conv_2b_1x7,16,14,53,7,5,23,5,3,0,0,16,4,1,1
66,66,B3_Conv_2b_1x7,16,14,54,6,4,27,6,3,0,0,16,4,1,1
66,66,B3_Conv_2b_1x7,16,14,55,7,4,31,7,3,0,0,16,4,1,1
66,66,B3_Conv_2b_1x7,16,13,56,6,3,35,8,3,0,0,16,4,1,1
66,66,B3_Conv_2b_1x7,16,13,57,7,3,39,9,3,0,0,16,4,1,1
66,66,B3_Conv_2b_1x7,16,13,58,6,2,43,10,3,0,0,16,4,1,1
66,66,B3_Conv_2b_1x7,16,13,59,7,2,47,11,3,0,0,16,4,1,1
66,66,B3_Conv_2b_1x7,16,12,60,6,1,51,12,3,0,0,16,4,1,1
66,66,B3_Conv_2b_1x7,16,12,61,7,1,55,13,3,0,0,16,4,1,1
66,66,B3_Conv_2b_1x7,16,12,62,6,0,59,14,3,0,0,16,4,1,1
66,66,B3_Conv_2b_1x7,16,12,63,7,0,63,15,3,0,0,16,4,1,1
67,67,B3_Conv_2c_7x1,16,0,0,0,0,0,0,0,0,0,16,4,1,1
67,67,B3_Conv_2c_7x1,16,0,1,1,0,4,1,0,0,0,16,4,1,1
67,67,B3_Conv_2c_7x1,16,0,2,0,1,8,2,0,0,0,16,4,1,1
67,67,B3_Conv_2c_7x1,16,0,3,1,1,12,3,0,0,0,16,4,1,1
67,67,B3_Conv_2c_7x1,16,1,4,0,2,16,4,0,0,0,16,4,1,1
67,67,B3_Conv_2c_7x1,16,1,5,1,2,20,5,0,0,0,16,4,1,1
67,67,B3_Conv_2c_7x1,16,1,6,0,3,24,6,0,0,0,16,4,1,1
67,67,B3_Conv_2c_7x1,16,1,7,1,3,28,7,0,0,0,16,4,1,1
67,67,B3_Conv_2c_7x1,16,2,8,0,4,32,8,0,0,0,16,4,1,1
67,67,B3_Conv_2c_7x1,16,2,9,1,4,36,9,0,0,0,16,4,1,1
67,67,B3_Conv_2c_7x1,16,2,10,0,5,40,10,0,0,0,16,4,1,1
67,67,B3_Conv_2c_7x1,16,2,11,1,5,44,11,0,0,0,16,4,1,1
67,67,B3_Conv_2c_7x1,16,3,12,0,6,48,12,0,0,0,16,4,1,1
67,67,B3_Conv_2c_7x1,16,3,13,1,6,52,13,0,0,0,16,4,1,1
67,67,B3_Conv_2c_7x1,16,3,14,0,7,56,14,0,0,0,16,4,1,1
67,67,B3_Conv_2c_7x1,16,3,15,1,7,60,15,0,0,0,16,4,1,1
67,67,B3_Conv_2c_7x1,16,7,16,2,7,1,0,1,0,0,16,4,1,1
67,67,B3_Conv_2c_7x1,16,7,17,3,7,5,1,1,0,0,16,4,1,1
67,67,B3_Conv_2c_7x1,16,7,18,2,6,9,2,1,0,0,16,4,1,1
67,67,B3_Conv_2c_7x1,16,7,19,3,6,13,3,1,0,0,16,4,1,1
67,67,B3_Conv_2c_7x1,16,6,20,2,5,17,4,1,0,0,16,4,1,1
67,67,B3_Conv_2c_7x1,16,6,21,3,5,21,5,1,0,0,16,4,1,1
67,67,B3_Conv_2c_7x1,16,6,22,2,4,25,6,1,0,0,16,4,1,1
67,67,B3_Conv_2c_7x1,16,6,23,3,4,29,7,1,0,0,16,4,1,1
67,67,B3_Conv_2c_7x1,16,5,24,2,3,33,8,1,0,0,16,4,1,1
67,67,B3_Conv_2c_7x1,16,5,25,3,3,37,9,1,0,0,16,4,1,1
67,67,B3_Conv_2c_7x1,16,5,26,2,2,41,10,1,0,0,16,4,1,1
67,67,B3_Conv_2c_7x1,16,5,27,3,2,45,11,1,0,0,16,4,1,1
67,67,B3_Conv_2c_7x1,16,4,28,2,1,49,12,1,0,0,16,4,1,1
67,67,B3_Conv_2c_7x1,16,4,29,3,1,53,13,1,0,0,16,4,1,1
67,67,B3_Conv_2c_7x1,16,4,30,2,0,57,14,1,0,0,16,4,1,1
67,67,B3_Conv_2c_7x1,16,4,31,3,0,61,15,1,0,0,16,4,1,1
67,67,B3_Conv_2c_7x1,16,8,32,4,0,2,0,2,0,0,16,4,1,1
67,67,B3_Conv_2c_7x1,16,8,33,5,0,6,1,2,0,0,16,4,1,1
67,67,B3_Conv_2c_7x1,16,8,34,4,1,10,2,2,0,0,16,4,1,1
67,67,B3_Conv_2c_7x1,16,8,35,5,1,14,3,2,0,0,16,4,1,1
67,67,B3_Conv_2c_7x1,16,9,36,4,2,18,4,2,0,0,16,4,1,1
67,67,B3_Conv_2c_7x1,16,9,37,5,2,22,5,2,0,0,16,4,1,1
67,67,B3_Conv_2c_7x1,16,9,38,4,3,26,6,2,0,0,16,4,1,1
67,67,B3_Conv_2c_7x1,16,9,39,5,3,30,7,2,0,0,16,4,1,1
67,67,B3_Conv_2c_7x1,16,10,40,4,4,34,8,2,0,0,16,4,1,1
67,67,B3_Conv_2c_7x1,16,10,41,5,4,38,9,2,0,0,16,4,1,1
67,67,B3_Conv_2c_7x1,16,10,42,4,5,42,10,2,0,0,16,4,1,1
67,67,B3_Conv_2c_7x1,16,10,43,5,5,46,11,2,0,0,16,4,1,1
67,67,B3_Conv_2c_7x1,16,11,44,4,6,50,12,2,0,0,16,4,1,1
67,67,B3_Conv_2c_7x1,16,11,45,5,6,54,13,2,0,0,16,4,1,1
67,67,B3_Conv_2c_7x1,16,11,46,4,7,58,14,2,0,0,16,4,1,1
67,67,B3_Conv_2c_7x1,16,11,47,5,7,62,15,2,0,0,16,4,1,1
67,67,B3_Conv_2c_7x1,16,15,48,6,7,3,0,3,0,0,16,4,1,1
67,67,B3_Conv_2c_7x1,16,15,49,7,7,7,1,3,0,0,16,4,1,1
67,67,B3_Conv_2c_7x1,16,15,50,6,6,11,2,3,0,0,16,4,1,1
67,67,B3_Conv_2c_7x1,16,15,51,7,6,15,3,3,0,0,16,4,1,1
67,67,B3_Conv_2c_7x1,16,14,52,6,5,19,4,3,0,0,16,4,1,1
67,67,B3_Conv_2c_7x1,16,14,53,7,5,23,5,3,0,0,16,4,1,1
67,67,B3_Conv_2c_7x1,16,14,54,6,4,27,6,3,0,0,16,4,1,1
67,67,B3_Conv_2c_7x1,16,14,55,7,4,31,7,3,0,0,16,4,1,1
67,67,B3_Conv_2c_7x1,16,13,56,6,3,35,8,3,0,0,16,4,1,1
67,67,B3_Conv_2c_7x1,16,13,57,7,3,39,9,3,0,0,16,4,1,1
67,67,B3_Conv_2c_7x1,16,13,58,6,2,43,10,3,0,0,16,4,1,1
67,67,B3_Conv_2c_7x1,16,13,59,7,2,47,11,3,0,0,16,4,1,1
67,67,B3_Conv_2c_7x1,16,12,60,6,1,51,12,3,0,0,16,4,1,1
67,67,B3_Conv_2c_7x1,16,12,61,7,1,55,13,3,0,0,16,4,1,1
67,67,B3_Conv_2c_7x1,16,12,62,6,0,59,14,3,0,0,16,4,1,1
67,67,B3_Conv_2c_7x1,16,12,63,7,0,63,15,3,0,0,16,4,1,1
68,68,B3_Conv_3_1x1,16,0,0,0,0,0,0,0,0,0,16,4,1,1
68,68,B3_Conv_3_1x1,16,0,1,1,0,4,1,0,0,0,16,4,1,1
68,68,B3_Conv_3_1x1,16,0,2,0,1,8,2,0,0,0,16,4,1,1
68,68,B3_Conv_3_1x1,16,0,3,1,1,12,3,0,0,0,16,4,1,1
68,68,B3_Conv_3_1x1,16,1,4,0,2,16,4,0,0,0,16,4,1,1
68,68,B3_Conv_3_1x1,16,1,5,1,2,20,5,0,0,0,16,4,1,1
68,68,B3_Conv_3_1x1,16,1,6,0,3,24,6,0,0,0,16,4,1,1
68,68,B3_Conv_3_1x1,16,1,7,1,3,28,7,0,0,0,16,4,1,1
68,68,B3_Conv_3_1x1,16,2,8,0,4,32,8,0,0,0,16,4,1,1
68,68,B3_Conv_3_1x1,16,2,9,1,4,36,9,0,0,0,16,4,1,1
68,68,B3_Conv_3_1x1,16,2,10,0,5,40,10,0,0,0,16,4,1,1
68,68,B3_Conv_3_1x1,16,2,11,1,5,44,11,0,0,0,16,4,1,1
68,68,B3_Conv_3_1x1,16,3,12,0,6,48,12,0,0,0,16,4,1,1
68,68,B3_Conv_3_1x1,16,3,13,1,6,52,13,0,0,0,16,4,1,1
68,68,B3_Conv_3_1x1,16,3,14,0,7,56,14,0,0,0,16,4,1,1
68,68,B3_Conv_3_1x1,16,3,15,1,7,60,15,0,0,0,16,4,1,1
68,68,B3_Conv_3_1x1,16,7,16,2,7,1,0,1,0,0,16,4,1,1
68,68,B3_Conv_3_1x1,16,7,17,3,7,5,1,1,0,0,16,4,1,1
68,68,B3_Conv_3_1x1,16,7,18,2,6,9,2,1,0,0,16,4,1,1
68,68,B3_Conv_3_1x1,16,7,19,3,6,13,3,1,0,0,16,4,1,1
68,68,B3_Conv_3_1x1,16,6,20,2,5,17,4,1,0,0,16,4,1,1
68,68,B3_Conv_3_1x1,16,6,21,3,5,21,5,1,0,0,16,4,1,1
68,68,B3_Conv_3_1x1,16,6,22,2,4,25,6,1,0,0,16,4,1,1
68,68,B3_Conv_3_1x1,16,6,23,3,4,29,7,1,0,0,16,4,1,1
68,68,B3_Conv_3_1x1,16,5,24,2,3,33,8,1,0,0,16,4,1,1
68,68,B3_Conv_3_1x1,16,5,25,3,3,37,9,1,0,0,16,4,1,1
68,68,B3_Conv_3_1x1,16,5,26,2,2,41,10,1,0,0,16,4,1,1
68,68,B3_Conv_3_1x1,16,5,27,3,2,45,11,1,0,0,16,4,1,1
68,68,B3_Conv_3_1x1,16,4,28,2,1,49,12,1,0,0,16,4,1,1
68,68,B3_Conv_3_1x1,16,4,29,3,1,53,13,1,0,0,16,4,1,1
68,68,B3_Conv_3_1x1,16,4,30,2,0,57,14,1,0,0,16,4,1,1
68,68,B3_Conv_3_1x1,16,4,31,3,0,61,15,1,0,0,16,4,1,1
68,68,B3_Conv_3_1x1,16,8,32,4,0,2,0,2,0,0,16,4,1,1
68,68,B3_Conv_3_1x1,16,8,33,5,0,6,1,2,0,0,16,4,1,1
68,68,B3_Conv_3_1x1,16,8,34,4,1,10,2,2,0,0,16,4,1,1
68,68,B3_Conv_3_1x1,16,8,35,5,1,14,3,2,0,0,16,4,1,1
68,68,B3_Conv_3_1x1,16,9,36,4,2,18,4,2,0,0,16,4,1,1
68,68,B3_Conv_3_1x1,16,9,37,5,2,22,5,2,0,0,16,4,1,1
68,68,B3_Conv_3_1x1,16,9,38,4,3,26,6,2,0,0,16,4,1,1
68,68,B3_Conv_3_1x1,16,9,39,5,3,30,7,2,0,0,16,4,1,1
68,68,B3_Conv_3_1x1,16,10,40,4,4,34,8,2,0,0,16,4,1,1
68,68,B3_Conv_3_1x1,16,10,41,5,4,38,9,2,0,0,16,4,1,1
68,68,B3_Conv_3_1x1,16,10,42,4,5,42,10,2,0,0,16,4,1,1
68,68,B3_Conv_3_1x1,16,10,43,5,5,46,11,2,0,0,16,4,1,1
68,68,B3_Conv_3_1x1,16,11,44,4,6,50,12,2,0,0,16,4,1,1
68,68,B3_Conv_3_1x1,16,11,45,5,6,54,13,2,0,0,16,4,1,1
68,68,B3_Conv_3_1x1,16,11,46,4,7,58,14,2,0,0,16,4,1,1
68,68,B3_Conv_3_1x1,16,11,47,5,7,62,15,2,0,0,16,4,1,1
68,68,B3_Conv_3_1x1,16,15,48,6,7,3,0,3,0,0,16,4,1,1
68,68,B3_Conv_3_1x1,16,15,49,7,7,7,1,3,0,0,16,4,1,1
68,68,B3_Conv_3_1x1,16,15,50,6,6,11,2,3,0,0,16,4,1,1
68,68,B3_Conv_3_1x1,16,15,51,7,6,15,3,3,0,0,16,4,1,1
68,68,B3_Conv_3_1x1,16,14,52,6,5,19,4,3,0,0,16,4,1,1
68,68,B3_Conv_3_1x1,16,14,53,7,5,23,5,3,0,0,16,4,1,1
68,68,B3_Conv_3_1x1,16,14,54,6,4,27,6,3,0,0,16,4,1,1
68,68,B3_Conv_3_1x1,16,14,55,7,4,31,7,3,0,0,16,4,1,1
68,68,B3_Conv_3_1x1,16,13,56,6,3,35,8,3,0,0,16,4,1,1
68,68,B3_Conv_3_1x1,16,13,57,7,3,39,9,3,0,0,16,4,1,1
68,68,B3_Conv_3_1x1,16,13,58,6,2,43,10,3,0,0,16,4,1,1
68,68,B3_Conv_3_1x1,16,13,59,7,2,47,11,3,0,0,16,4,1,1
68,68,B3_Conv_3_1x1,16,12,60,6,1,51,12,3,0,0,16,4,1,1
68,68,B3_Conv_3_1x1,16,12,61,7,1,55,13,3,0,0,16,4,1,1
68,68,B3_Conv_3_1x1,16,12,62,6,0,59,14,3,0,0,16,4,1,1
68,68,B3_Conv_3_1x1,16,12,63,7,0,63,15,3,0,0,16,4,1,1
69,69,B3_Eltwise,1,0,0,0,0,0,0,0,0,0,1,64,1,1
69,69,B3_Eltwise,1,0,1,1,0,1,0,1,0,0,1,64,1,1
69,69,B3_Eltwise,1,0,2,0,1,2,0,2,0,0,1,64,1,1
69,69,B3_Eltwise,1,0,3,1,1,3,0,3,0,0,1,64,1,1
69,69,B3_Eltwise,1,1,4,0,2,4,0,4,0,0,1,64,1,1
69,69,B3_Eltwise,1,1,5,1,2,5,0,5,0,0,1,64,1,1
69,69,B3_Eltwise,1,1,6,0,3,6,0,6,0,0,1,64,1,1
69,69,B3_Eltwise,1,1,7,1,3,7,0,7,0,0,1,64,1,1
69,69,B3_Eltwise,1,2,8,0,4,8,0,8,0,0,1,64,1,1
69,69,B3_Eltwise,1,2,9,1,4,9,0,9,0,0,1,64,1,1
69,69,B3_Eltwise,1,2,10,0,5,10,0,10,0,0,1,64,1,1
69,69,B3_Eltwise,1,2,11,1,5,11,0,11,0,0,1,64,1,1
69,69,B3_Eltwise,1,3,12,0,6,12,0,12,0,0,1,64,1,1
69,69,B3_Eltwise,1,3,13,1,6,13,0,13,0,0,1,64,1,1
69,69,B3_Eltwise,1,3,14,0,7,14,0,14,0,0,1,64,1,1
69,69,B3_Eltwise,1,3,15,1,7,15,0,15,0,0,1,64,1,1
69,69,B3_Eltwise,1,7,16,2,7,16,0,16,0,0,1,64,1,1
69,69,B3_Eltwise,1,7,17,3,7,17,0,17,0,0,1,64,1,1
69,69,B3_Eltwise,1,7,18,2,6,18,0,18,0,0,1,64,1,1
69,69,B3_Eltwise,1,7,19,3,6,19,0,19,0,0,1,64,1,1
69,69,B3_Eltwise,1,6,20,2,5,20,0,20,0,0,1,64,1,1
69,69,B3_Eltwise,1,6,21,3,5,21,0,21,0,0,1,64,1,1
69,69,B3_Eltwise,1,6,22,2,4,22,0,22,0,0,1,64,1,1
69,69,B3_Eltwise,1,6,23,3,4,23,0,23,0,0,1,64,1,1
69,69,B3_Eltwise,1,5,24,2,3,24,0,24,0,0,1,64,1,1
69,69,B3_Eltwise,1,5,25,3,3,25,0,25,0,0,1,64,1,1
69,69,B3_Eltwise,1,5,26,2,2,26,0,26,0,0,1,64,1,1
69,69,B3_Eltwise,1,5,27,3,2,27,0,27,0,0,1,64,1,1
69,69,B3_Eltwise,1,4,28,2,1,28,0,28,0,0,1,64,1,1
69,69,B3_Eltwise,1,4,29,3,1,29,0,29,0,0,1,64,1,1
69,69,B3_Eltwise,1,4,30,2,0,30,0,30,0,0,1,64,1,1
69,69,B3_Eltwise,1,4,31,3,0,31,0,31,0,0,1,64,1,1
69,69,B3_Eltwise,1,8,32,4,0,32,0,32,0,0,1,64,1,1
69,69,B3_Eltwise,1,8,33,5,0,33,0,33,0,0,1,64,1,1
69,69,B3_Eltwise,1,8,34,4,1,34,0,34,0,0,1,64,1,1
69,69,B3_Eltwise,1,8,35,5,1,35,0,35,0,0,1,64,1,1
69,69,B3_Eltwise,1,9,36,4,2,36,0,36,0,0,1,64,1,1
69,69,B3_Eltwise,1,9,37,5,2,37,0,37,0,0,1,64,1,1
69,69,B3_Eltwise,1,9,38,4,3,38,0,38,0,0,1,64,1,1
69,69,B3_Eltwise,1,9,39,5,3,39,0,39,0,0,1,64,1,1
69,69,B3_Eltwise,1,10,40,4,4,40,0,40,0,0,1,64,1,1
69,69,B3_Eltwise,1,10,41,5,4,41,0,41,0,0,1,64,1,1
69,69,B3_Eltwise,1,10,42,4,5,42,0,42,0,0,1,64,1,1
69,69,B3_Eltwise,1,10,43,5,5,43,0,43,0,0,1,64,1,1
69,69,B3_Eltwise,1,11,44,4,6,44,0,44,0,0,1,64,1,1
69,69,B3_Eltwise,1,11,45,5,6,45,0,45,0,0,1,64,1,1
69,69,B3_Eltwise,1,11,46,4,7,46,0,46,0,0,1,64,1,1
69,69,B3_Eltwise,1,11,47,5,7,47,0,47,0,0,1,64,1,1
69,69,B3_Eltwise,1,15,48,6,7,48,0,48,0,0,1,64,1,1
69,69,B3_Eltwise,1,15,49,7,7,49,0,49,0,0,1,64,1,1
69,69,B3_Eltwise,1,15,50,6,6,50,0,50,0,0,1,64,1,1
69,69,B3_Eltwise,1,15,51,7,6,51,0,51,0,0,1,64,1,1
69,69,B3_Eltwise,1,14,52,6,5,52,0,52,0,0,1,64,1,1
69,69,B3_Eltwise,1,14,53,7,5,53,0,53,0,0,1,64,1,1
69,69,B3_Eltwise,1,14,54,6,4,54,0,54,0,0,1,64,1,1
69,69,B3_Eltwise,1,14,55,7,4,55,0,55,0,0,1,64,1,1
69,69,B3_Eltwise,1,13,56,6,3,56,0,56,0,0,1,64,1,1
69,69,B3_Eltwise,1,13,57,7,3,57,0,57,0,0,1,64,1,1
69,69,B3_Eltwise,1,13,58,6,2,58,0,58,0,0,1,64,1,1
69,69,B3_Eltwise,1,13,59,7,2,59,0,59,0,0,1,64,1,1
69,69,B3_Eltwise,1,12,60,6,1,60,0,60,0,0,1,64,1,1
69,69,B3_Eltwise,1,12,61,7,1,61,0,61,0,0,1,64,1,1
69,69,B3_Eltwise,1,12,62,6,0,62,0,62,0,0,1,64,1,1
69,69,B3_Eltwise,1,12,63,7,0,63,0,63,0,0,1,64,1,1
70,70,B4_Conv_1a_1x1,16,0,0,0,0,0,0,0,0,0,16,4,1,1
70,70,B4_Conv_1a_1x1,16,0,1,1,0,4,1,0,0,0,16,4,1,1
70,70,B4_Conv_1a_1x1,16,0,2,0,1,8,2,0,0,0,16,4,1,1
70,70,B4_Conv_1a_1x1,16,0,3,1,1,12,3,0,0,0,16,4,1,1
70,70,B4_Conv_1a_1x1,16,1,4,0,2,16,4,0,0,0,16,4,1,1
70,70,B4_Conv_1a_1x1,16,1,5,1,2,20,5,0,0,0,16,4,1,1
70,70,B4_Conv_1a_1x1,16,1,6,0,3,24,6,0,0,0,16,4,1,1
70,70,B4_Conv_1a_1x1,16,1,7,1,3,28,7,0,0,0,16,4,1,1
70,70,B4_Conv_1a_1x1,16,2,8,0,4,32,8,0,0,0,16,4,1,1
70,70,B4_Conv_1a_1x1,16,2,9,1,4,36,9,0,0,0,16,4,1,1
70,70,B4_Conv_1a_1x1,16,2,10,0,5,40,10,0,0,0,16,4,1,1
70,70,B4_Conv_1a_1x1,16,2,11,1,5,44,11,0,0,0,16,4,1,1
70,70,B4_Conv_1a_1x1,16,3,12,0,6,48,12,0,0,0,16,4,1,1
70,70,B4_Conv_1a_1x1,16,3,13,1,6,52,13,0,0,0,16,4,1,1
70,70,B4_Conv_1a_1x1,16,3,14,0,7,56,14,0,0,0,16,4,1,1
70,70,B4_Conv_1a_1x1,16,3,15,1,7,60,15,0,0,0,16,4,1,1
70,70,B4_Conv_1a_1x1,16,7,16,2,7,1,0,1,0,0,16,4,1,1
70,70,B4_Conv_1a_1x1,16,7,17,3,7,5,1,1,0,0,16,4,1,1
70,70,B4_Conv_1a_1x1,16,7,18,2,6,9,2,1,0,0,16,4,1,1
70,70,B4_Conv_1a_1x1,16,7,19,3,6,13,3,1,0,0,16,4,1,1
70,70,B4_Conv_1a_1x1,16,6,20,2,5,17,4,1,0,0,16,4,1,1
70,70,B4_Conv_1a_1x1,16,6,21,3,5,21,5,1,0,0,16,4,1,1
70,70,B4_Conv_1a_1x1,16,6,22,2,4,25,6,1,0,0,16,4,1,1
70,70,B4_Conv_1a_1x1,16,6,23,3,4,29,7,1,0,0,16,4,1,1
70,70,B4_Conv_1a_1x1,16,5,24,2,3,33,8,1,0,0,16,4,1,1
70,70,B4_Conv_1a_1x1,16,5,25,3,3,37,9,1,0,0,16,4,1,1
70,70,B4_Conv_1a_1x1,16,5,26,2,2,41,10,1,0,0,16,4,1,1
70,70,B4_Conv_1a_1x1,16,5,27,3,2,45,11,1,0,0,16,4,1,1
70,70,B4_Conv_1a_1x1,16,4,28,2,1,49,12,1,0,0,16,4,1,1
70,70,B4_Conv_1a_1x1,16,4,29,3,1,53,13,1,0,0,16,4,1,1
70,70,B4_Conv_1a_1x1,16,4,30,2,0,57,14,1,0,0,16,4,1,1
70,70,B4_Conv_1a_1x1,16,4,31,3,0,61,15,1,0,0,16,4,1,1
70,70,B4_Conv_1a_1x1,16,8,32,4,0,2,0,2,0,0,16,4,1,1
70,70,B4_Conv_1a_1x1,16,8,33,5,0,6,1,2,0,0,16,4,1,1
70,70,B4_Conv_1a_1x1,16,8,34,4,1,10,2,2,0,0,16,4,1,1
70,70,B4_Conv_1a_1x1,16,8,35,5,1,14,3,2,0,0,16,4,1,1
70,70,B4_Conv_1a_1x1,16,9,36,4,2,18,4,2,0,0,16,4,1,1
70,70,B4_Conv_1a_1x1,16,9,37,5,2,22,5,2,0,0,16,4,1,1
70,70,B4_Conv_1a_1x1,16,9,38,4,3,26,6,2,0,0,16,4,1,1
70,70,B4_Conv_1a_1x1,16,9,39,5,3,30,7,2,0,0,16,4,1,1
70,70,B4_Conv_1a_1x1,16,10,40,4,4,34,8,2,0,0,16,4,1,1
70,70,B4_Conv_1a_1x1,16,10,41,5,4,38,9,2,0,0,16,4,1,1
70,70,B4_Conv_1a_1x1,16,10,42,4,5,42,10,2,0,0,16,4,1,1
70,70,B4_Conv_1a_1x1,16,10,43,5,5,46,11,2,0,0,16,4,1,1
70,70,B4_Conv_1a_1x1,16,11,44,4,6,50,12,2,0,0,16,4,1,1
70,70,B4_Conv_1a_1x1,16,11,45,5,6,54,13,2,0,0,16,4,1,1
70,70,B4_Conv_1a_1x1,16,11,46,4,7,58,14,2,0,0,16,4,1,1
70,70,B4_Conv_1a_1x1,16,11,47,5,7,62,15,2,0,0,16,4,1,1
70,70,B4_Conv_1a_1x1,16,15,48,6,7,3,0,3,0,0,16,4,1,1
70,70,B4_Conv_1a_1x1,16,15,49,7,7,7,1,3,0,0,16,4,1,1
70,70,B4_Conv_1a_1x1,16,15,50,6,6,11,2,3,0,0,16,4,1,1
70,70,B4_Conv_1a_1x1,16,15,51,7,6,15,3,3,0,0,16,4,1,1
70,70,B4_Conv_1a_1x1,16,14,52,6,5,19,4,3,0,0,16,4,1,1
70,70,B4_Conv_1a_1x1,16,14,53,7,5,23,5,3,0,0,16,4,1,1
70,70,B4_Conv_1a_1x1,16,14,54,6,4,27,6,3,0,0,16,4,1,1
70,70,B4_Conv_1a_1x1,16,14,55,7,4,31,7,3,0,0,16,4,1,1
70,70,B4_Conv_1a_1x1,16,13,56,6,3,35,8,3,0,0,16,4,1,1
70,70,B4_Conv_1a_1x1,16,13,57,7,3,39,9,3,0,0,16,4,1,1
70,70,B4_Conv_1a_1x1,16,13,58,6,2,43,10,3,0,0,16,4,1,1
70,70,B4_Conv_1a_1x1,16,13,59,7,2,47,11,3,0,0,16,4,1,1
70,70,B4_Conv_1a_1x1,16,12,60,6,1,51,12,3,0,0,16,4,1,1
70,70,B4_Conv_1a_1x1,16,12,61,7,1,55,13,3,0,0,16,4,1,1
70,70,B4_Conv_1a_1x1,16,12,62,6,0,59,14,3,0,0,16,4,1,1
70,70,B4_Conv_1a_1x1,16,12,63,7,0,63,15,3,0,0,16,4,1,1
71,71,B4_Conv_2a_1x1,16,0,0,0,0,0,0,0,0,0,16,4,1,1
71,71,B4_Conv_2a_1x1,16,0,1,1,0,4,1,0,0,0,16,4,1,1
71,71,B4_Conv_2a_1x1,16,0,2,0,1,8,2,0,0,0,16,4,1,1
71,71,B4_Conv_2a_1x1,16,0,3,1,1,12,3,0,0,0,16,4,1,1
71,71,B4_Conv_2a_1x1,16,1,4,0,2,16,4,0,0,0,16,4,1,1
71,71,B4_Conv_2a_1x1,16,1,5,1,2,20,5,0,0,0,16,4,1,1
71,71,B4_Conv_2a_1x1,16,1,6,0,3,24,6,0,0,0,16,4,1,1
71,71,B4_Conv_2a_1x1,16,1,7,1,3,28,7,0,0,0,16,4,1,1
71,71,B4_Conv_2a_1x1,16,2,8,0,4,32,8,0,0,0,16,4,1,1
71,71,B4_Conv_2a_1x1,16,2,9,1,4,36,9,0,0,0,16,4,1,1
71,71,B4_Conv_2a_1x1,16,2,10,0,5,40,10,0,0,0,16,4,1,1
71,71,B4_Conv_2a_1x1,16,2,11,1,5,44,11,0,0,0,16,4,1,1
71,71,B4_Conv_2a_1x1,16,3,12,0,6,48,12,0,0,0,16,4,1,1
71,71,B4_Conv_2a_1x1,16,3,13,1,6,52,13,0,0,0,16,4,1,1
71,71,B4_Conv_2a_1x1,16,3,14,0,7,56,14,0,0,0,16,4,1,1
71,71,B4_Conv_2a_1x1,16,3,15,1,7,60,15,0,0,0,16,4,1,1
71,71,B4_Conv_2a_1x1,16,7,16,2,7,1,0,1,0,0,16,4,1,1
71,71,B4_Conv_2a_1x1,16,7,17,3,7,5,1,1,0,0,16,4,1,1
71,71,B4_Conv_2a_1x1,16,7,18,2,6,9,2,1,0,0,16,4,1,1
71,71,B4_Conv_2a_1x1,16,7,19,3,6,13,3,1,0,0,16,4,1,1
71,71,B4_Conv_2a_1x1,16,6,20,2,5,17,4,1,0,0,16,4,1,1
71,71,B4_Conv_2a_1x1,16,6,21,3,5,21,5,1,0,0,16,4,1,1
71,71,B4_Conv_2a_1x1,16,6,22,2,4,25,6,1,0,0,16,4,1,1
71,71,B4_Conv_2a_1x1,16,6,23,3,4,29,7,1,0,0,16,4,1,1
71,71,B4_Conv_2a_1x1,16,5,24,2,3,33,8,1,0,0,16,4,1,1
71,71,B4_Conv_2a_1x1,16,5,25,3,3,37,9,1,0,0,16,4,1,1
71,71,B4_Conv_2a_1x1,16,5,26,2,2,41,10,1,0,0,16,4,1,1
71,71,B4_Conv_2a_1x1,16,5,27,3,2,45,11,1,0,0,16,4,1,1
71,71,B4_Conv_2a_1x1,16,4,28,2,1,49,12,1,0,0,16,4,1,1
71,71,B4_Conv_2a_1x1,16,4,29,3,1,53,13,1,0,0,16,4,1,1
71,71,B4_Conv_2a_1x1,16,4,30,2,0,57,14,1,0,0,16,4,1,1
71,71,B4_Conv_2a_1x1,16,4,31,3,0,61,15,1,0,0,16,4,1,1
71,71,B4_Conv_2a_1x1,16,8,32,4,0,2,0,2,0,0,16,4,1,1
71,71,B4_Conv_2a_1x1,16,8,33,5,0,6,1,2,0,0,16,4,1,1
71,71,B4_Conv_2a_1x1,16,8,34,4,1,10,2,2,0,0,16,4,1,1
71,71,B4_Conv_2a_1x1,16,8,35,5,1,14,3,2,0,0,16,4,1,1
71,71,B4_Conv_2a_1x1,16,9,36,4,2,18,4,2,0,0,16,4,1,1
71,71,B4_Conv_2a_1x1,16,9,37,5,2,22,5,2,0,0,16,4,1,1
71,71,B4_Conv_2a_1x1,16,9,38,4,3,26,6,2,0,0,16,4,1,1
71,71,B4_Conv_2a_1x1,16,9,39,5,3,30,7,2,0,0,16,4,1,1
71,71,B4_Conv_2a_1x1,16,10,40,4,4,34,8,2,0,0,16,4,1,1
71,71,B4_Conv_2a_1x1,16,10,41,5,4,38,9,2,0,0,16,4,1,1
71,71,B4_Conv_2a_1x1,16,10,42,4,5,42,10,2,0,0,16,4,1,1
71,71,B4_Conv_2a_1x1,16,10,43,5,5,46,11,2,0,0,16,4,1,1
71,71,B4_Conv_2a_1x1,16,11,44,4,6,50,12,2,0,0,16,4,1,1
71,71,B4_Conv_2a_1x1,16,11,45,5,6,54,13,2,0,0,16,4,1,1
71,71,B4_Conv_2a_1x1,16,11,46,4,7,58,14,2,0,0,16,4,1,1
71,71,B4_Conv_2a_1x1,16,11,47,5,7,62,15,2,0,0,16,4,1,1
71,71,B4_Conv_2a_1x1,16,15,48,6,7,3,0,3,0,0,16,4,1,1
71,71,B4_Conv_2a_1x1,16,15,49,7,7,7,1,3,0,0,16,4,1,1
71,71,B4_Conv_2a_1x1,16,15,50,6,6,11,2,3,0,0,16,4,1,1
71,71,B4_Conv_2a_1x1,16,15,51,7,6,15,3,3,0,0,16,4,1,1
71,71,B4_Conv_2a_1x1,16,14,52,6,5,19,4,3,0,0,16,4,1,1
71,71,B4_Conv_2a_1x1,16,14,53,7,5,23,5,3,0,0,16,4,1,1
71,71,B4_Conv_2a_1x1,16,14,54,6,4,27,6,3,0,0,16,4,1,1
71,71,B4_Conv_2a_1x1,16,14,55,7,4,31,7,3,0,0,16,4,1,1
71,71,B4_Conv_2a_1x1,16,13,56,6,3,35,8,3,0,0,16,4,1,1
71,71,B4_Conv_2a_1x1,16,13,57,7,3,39,9,3,0,0,16,4,1,1
71,71,B4_Conv_2a_1x1,16,13,58,6,2,43,10,3,0,0,16,4,1,1
71,71,B4_Conv_2a_1x1,16,13,59,7,2,47,11,3,0,0,16,4,1,1
71,71,B4_Conv_2a_1x1,16,12,60,6,1,51,12,3,0,0,16,4,1,1
71,71,B4_Conv_2a_1x1,16,12,61,7,1,55,13,3,0,0,16,4,1,1
71,71,B4_Conv_2a_1x1,16,12,62,6,0,59,14,3,0,0,16,4,1,1
71,71,B4_Conv_2a_1x1,16,12,63,7,0,63,15,3,0,0,16,4,1,1
72,72,B4_Conv_2b_1x7,16,0,0,0,0,0,0,0,0,0,16,4,1,1
72,72,B4_Conv_2b_1x7,16,0,1,1,0,4,1,0,0,0,16,4,1,1
72,72,B4_Conv_2b_1x7,16,0,2,0,1,8,2,0,0,0,16,4,1,1
72,72,B4_Conv_2b_1x7,16,0,3,1,1,12,3,0,0,0,16,4,1,1
72,72,B4_Conv_2b_1x7,16,1,4,0,2,16,4,0,0,0,16,4,1,1
72,72,B4_Conv_2b_1x7,16,1,5,1,2,20,5,0,0,0,16,4,1,1
72,72,B4_Conv_2b_1x7,16,1,6,0,3,24,6,0,0,0,16,4,1,1
72,72,B4_Conv_2b_1x7,16,1,7,1,3,28,7,0,0,0,16,4,1,1
72,72,B4_Conv_2b_1x7,16,2,8,0,4,32,8,0,0,0,16,4,1,1
72,72,B4_Conv_2b_1x7,16,2,9,1,4,36,9,0,0,0,16,4,1,1
72,72,B4_Conv_2b_1x7,16,2,10,0,5,40,10,0,0,0,16,4,1,1
72,72,B4_Conv_2b_1x7,16,2,11,1,5,44,11,0,0,0,16,4,1,1
72,72,B4_Conv_2b_1x7,16,3,12,0,6,48,12,0,0,0,16,4,1,1
72,72,B4_Conv_2b_1x7,16,3,13,1,6,52,13,0,0,0,16,4,1,1
72,72,B4_Conv_2b_1x7,16,3,14,0,7,56,14,0,0,0,16,4,1,1
72,72,B4_Conv_2b_1x7,16,3,15,1,7,60,15,0,0,0,16,4,1,1
72,72,B4_Conv_2b_1x7,16,7,16,2,7,1,0,1,0,0,16,4,1,1
72,72,B4_Conv_2b_1x7,16,7,17,3,7,5,1,1,0,0,16,4,1,1
72,72,B4_Conv_2b_1x7,16,7,18,2,6,9,2,1,0,0,16,4,1,1
72,72,B4_Conv_2b_1x7,16,7,19,3,6,13,3,1,0,0,16,4,1,1
72,72,B4_Conv_2b_1x7,16,6,20,2,5,17,4,1,0,0,16,4,1,1
72,72,B4_Conv_2b_1x7,16,6,21,3,5,21,5,1,0,0,16,4,1,1
72,72,B4_Conv_2b_1x7,16,6,22,2,4,25,6,1,0,0,16,4,1,1
72,72,B4_Conv_2b_1x7,16,6,23,3,4,29,7,1,0,0,16,4,1,1
72,72,B4_Conv_2b_1x7,16,5,24,2,3,33,8,1,0,0,16,4,1,1
72,72,B4_Conv_2b_1x7,16,5,25,3,3,37,9,1,0,0,16,4,1,1
72,72,B4_Conv_2b_1x7,16,5,26,2,2,41,10,1,0,0,16,4,1,1
72,72,B4_Conv_2b_1x7,16,5,27,3,2,45,11,1,0,0,16,4,1,1
72,72,B4_Conv_2b_1x7,16,4,28,2,1,49,12,1,0,0,16,4,1,1
72,72,B4_Conv_2b_1x7,16,4,29,3,1,53,13,1,0,0,16,4,1,1
72,72,B4_Conv_2b_1x7,16,4,30,2,0,57,14,1,0,0,16,4,1,1
72,72,B4_Conv_2b_1x7,16,4,31,3,0,61,15,1,0,0,16,4,1,1
72,72,B4_Conv_2b_1x7,16,8,32,4,0,2,0,2,0,0,16,4,1,1
72,72,B4_Conv_2b_1x7,16,8,33,5,0,6,1,2,0,0,16,4,1,1
72,72,B4_Conv_2b_1x7,16,8,34,4,1,10,2,2,0,0,16,4,1,1
72,72,B4_Conv_2b_1x7,16,8,35,5,1,14,3,2,0,0,16,4,1,1
72,72,B4_Conv_2b_1x7,16,9,36,4,2,18,4,2,0,0,16,4,1,1
72,72,B4_Conv_2b_1x7,16,9,37,5,2,22,5,2,0,0,16,4,1,1
72,72,B4_Conv_2b_1x7,16,9,38,4,3,26,6,2,0,0,16,4,1,1
72,72,B4_Conv_2b_1x7,16,9,39,5,3,30,7,2,0,0,16,4,1,1
72,72,B4_Conv_2b_1x7,16,10,40,4,4,34,8,2,0,0,16,4,1,1
72,72,B4_Conv_2b_1x7,16,10,41,5,4,38,9,2,0,0,16,4,1,1
72,72,B4_Conv_2b_1x7,16,10,42,4,5,42,10,2,0,0,16,4,1,1
72,72,B4_Conv_2b_1x7,16,10,43,5,5,46,11,2,0,0,16,4,1,1
72,72,B4_Conv_2b_1x7,16,11,44,4,6,50,12,2,0,0,16,4,1,1
72,72,B4_Conv_2b_1x7,16,11,45,5,6,54,13,2,0,0,16,4,1,1
72,72,B4_Conv_2b_1x7,16,11,46,4,7,58,14,2,0,0,16,4,1,1
72,72,B4_Conv_2b_1x7,16,11,47,5,7,62,15,2,0,0,16,4,1,1
72,72,B4_Conv_2b_1x7,16,15,48,6,7,3,0,3,0,0,16,4,1,1
72,72,B4_Conv_2b_1x7,16,15,49,7,7,7,1,3,0,0,16,4,1,1
72,72,B4_Conv_2b_1x7,16,15,50,6,6,11,2,3,0,0,16,4,1,1
72,72,B4_Conv_2b_1x7,16,15,51,7,6,15,3,3,0,0,16,4,1,1
72,72,B4_Conv_2b_1x7,16,14,52,6,5,19,4,3,0,0,16,4,1,1
72,72,B4_Conv_2b_1x7,16,14,53,7,5,23,5,3,0,0,16,4,1,1
72,72,B4_Conv_2b_1x7,16,14,54,6,4,27,6,3,0,0,16,4,1,1
72,72,B4_Conv_2b_1x7,16,14,55,7,4,31,7,3,0,0,16,4,1,1
72,72,B4_Conv_2b_1x7,16,13,56,6,3,35,8,3,0,0,16,4,1,1
72,72,B4_Conv_2b_1x7,16,13,57,7,3,39,9,3,0,0,16,4,1,1
72,72,B4_Conv_2b_1x7,16,13,58,6,2,43,10,3,0,0,16,4,1,1
72,72,B4_Conv_2b_1x7,16,13,59,7,2,47,11,3,0,0,16,4,1,1
72,72,B4_Conv_2b_1x7,16,12,60,6,1,51,12,3,0,0,16,4,1,1
72,72,B4_Conv_2b_1x7,16,12,61,7,1,55,13,3,0,0,16,4,1,1
72,72,B4_Conv_2b_1x7,16,12,62,6,0,59,14,3,0,0,16,4,1,1
72,72,B4_Conv_2b_1x7,16,12,63,7,0,63,15,3,0,0,16,4,1,1
73,73,B4_Conv_2c_7x1,16,0,0,0,0,0,0,0,0,0,16,4,1,1
73,73,B4_Conv_2c_7x1,16,0,1,1,0,4,1,0,0,0,16,4,1,1
73,73,B4_Conv_2c_7x1,16,0,2,0,1,8,2,0,0,0,16,4,1,1
73,73,B4_Conv_2c_7x1,16,0,3,1,1,12,3,0,0,0,16,4,1,1
73,73,B4_Conv_2c_7x1,16,1,4,0,2,16,4,0,0,0,16,4,1,1
73,73,B4_Conv_2c_7x1,16,1,5,1,2,20,5,0,0,0,16,4,1,1
73,73,B4_Conv_2c_7x1,16,1,6,0,3,24,6,0,0,0,16,4,1,1
73,73,B4_Conv_2c_7x1,16,1,7,1,3,28,7,0,0,0,16,4,1,1
73,73,B4_Conv_2c_7x1,16,2,8,0,4,32,8,0,0,0,16,4,1,1
73,73,B4_Conv_2c_7x1,16,2,9,1,4,36,9,0,0,0,16,4,1,1
73,73,B4_Conv_2c_7x1,16,2,10,0,5,40,10,0,0,0,16,4,1,1
73,73,B4_Conv_2c_7x1,16,2,11,1,5,44,11,0,0,0,16,4,1,1
73,73,B4_Conv_2c_7x1,16,3,12,0,6,48,12,0,0,0,16,4,1,1
73,73,B4_Conv_2c_7x1,16,3,13,1,6,52,13,0,0,0,16,4,1,1
73,73,B4_Conv_2c_7x1,16,3,14,0,7,56,14,0,0,0,16,4,1,1
73,73,B4_Conv_2c_7x1,16,3,15,1,7,60,15,0,0,0,16,4,1,1
73,73,B4_Conv_2c_7x1,16,7,16,2,7,1,0,1,0,0,16,4,1,1
73,73,B4_Conv_2c_7x1,16,7,17,3,7,5,1,1,0,0,16,4,1,1
73,73,B4_Conv_2c_7x1,16,7,18,2,6,9,2,1,0,0,16,4,1,1
73,73,B4_Conv_2c_7x1,16,7,19,3,6,13,3,1,0,0,16,4,1,1
73,73,B4_Conv_2c_7x1,16,6,20,2,5,17,4,1,0,0,16,4,1,1
73,73,B4_Conv_2c_7x1,16,6,21,3,5,21,5,1,0,0,16,4,1,1
73,73,B4_Conv_2c_7x1,16,6,22,2,4,25,6,1,0,0,16,4,1,1
73,73,B4_Conv_2c_7x1,16,6,23,3,4,29,7,1,0,0,16,4,1,1
73,73,B4_Conv_2c_7x1,16,5,24,2,3,33,8,1,0,0,16,4,1,1
73,73,B4_Conv_2c_7x1,16,5,25,3,3,37,9,1,0,0,16,4,1,1
73,73,B4_Conv_2c_7x1,16,5,26,2,2,41,10,1,0,0,16,4,1,1
73,73,B4_Conv_2c_7x1,16,5,27,3,2,45,11,1,0,0,16,4,1,1
73,73,B4_Conv_2c_7x1,16,4,28,2,1,49,12,1,0,0,16,4,1,1
73,73,B4_Conv_2c_7x1,16,4,29,3,1,53,13,1,0,0,16,4,1,1
73,73,B4_Conv_2c_7x1,16,4,30,2,0,57,14,1,0,0,16,4,1,1
73,73,B4_Conv_2c_7x1,16,4,31,3,0,61,15,1,0,0,16,4,1,1
73,73,B4_Conv_2c_7x1,16,8,32,4,0,2,0,2,0,0,16,4,1,1
73,73,B4_Conv_2c_7x1,16,8,33,5,0,6,1,2,0,0,16,4,1,1
73,73,B4_Conv_2c_7x1,16,8,34,4,1,10,2,2,0,0,16,4,1,1
73,73,B4_Conv_2c_7x1,16,8,35,5,1,14,3,2,0,0,16,4,1,1
73,73,B4_Conv_2c_7x1,16,9,36,4,2,18,4,2,0,0,16,4,1,1
73,73,B4_Conv_2c_7x1,16,9,37,5,2,22,5,2,0,0,16,4,1,1
73,73,B4_Conv_2c_7x1,16,9,38,4,3,26,6,2,0,0,16,4,1,1
73,73,B4_Conv_2c_7x1,16,9,39,5,3,30,7,2,0,0,16,4,1,1
73,73,B4_Conv_2c_7x1,16,10,40,4,4,34,8,2,0,0,16,4,1,1
73,73,B4_Conv_2c_7x1,16,10,41,5,4,38,9,2,0,0,16,4,1,1
73,73,B4_Conv_2c_7x1,16,10,42,4,5,42,10,2,0,0,16,4,1,1
73,73,B4_Conv_2c_7x1,16,10,43,5,5,46,11,2,0,0,16,4,1,1
73,73,B4_Conv_2c_7x1,16,11,44,4,6,50,12,2,0,0,16,4,1,1
73,73,B4_Conv_2c_7x1,16,11,45,5,6,54,13,2,0,0,16,4,1,1
73,73,B4_Conv_2c_7x1,16,11,46,4,7,58,14,2,0,0,16,4,1,1
73,73,B4_Conv_2c_7x1,16,11,47,5,7,62,15,2,0,0,16,4,1,1
73,73,B4_Conv_2c_7x1,16,15,48,6,7,3,0,3,0,0,16,4,1,1
73,73,B4_Conv_2c_7x1,16,15,49,7,7,7,1,3,0,0,16,4,1,1
73,73,B4_Conv_2c_7x1,16,15,50,6,6,11,2,3,0,0,16,4,1,1
73,73,B4_Conv_2c_7x1,16,15,51,7,6,15,3,3,0,0,16,4,1,1
73,73,B4_Conv_2c_7x1,16,14,52,6,5,19,4,3,0,0,16,4,1,1
73,73,B4_Conv_2c_7x1,16,14,53,7,5,23,5,3,0,0,16,4,1,1
73,73,B4_Conv_2c_7x1,16,14,54,6,4,27,6,3,0,0,16,4,1,1
73,73,B4_Conv_2c_7x1,16,14,55,7,4,31,7,3,0,0,16,4,1,1
73,73,B4_Conv_2c_7x1,16,13,56,6,3,35,8,3,0,0,16,4,1,1
73,73,B4_Conv_2c_7x1,16,13,57,7,3,39,9,3,0,0,16,4,1,1
73,73,B4_Conv_2c_7x1,16,13,58,6,2,43,10,3,0,0,16,4,1,1
73,73,B4_Conv_2c_7x1,16,13,59,7,2,47,11,3,0,0,16,4,1,1
73,73,B4_Conv_2c_7x1,16,12,60,6,1,51,12,3,0,0,16,4,1,1
73,73,B4_Conv_2c_7x1,16,12,61,7,1,55,13,3,0,0,16,4,1,1
73,73,B4_Conv_2c_7x1,16,12,62,6,0,59,14,3,0,0,16,4,1,1
73,73,B4_Conv_2c_7x1,16,12,63,7,0,63,15,3,0,0,16,4,1,1
74,74,B4_Conv_3_1x1,16,0,0,0,0,0,0,0,0,0,16,4,1,1
74,74,B4_Conv_3_1x1,16,0,1,1,0,4,1,0,0,0,16,4,1,1
74,74,B4_Conv_3_1x1,16,0,2,0,1,8,2,0,0,0,16,4,1,1
74,74,B4_Conv_3_1x1,16,0,3,1,1,12,3,0,0,0,16,4,1,1
74,74,B4_Conv_3_1x1,16,1,4,0,2,16,4,0,0,0,16,4,1,1
74,74,B4_Conv_3_1x1,16,1,5,1,2,20,5,0,0,0,16,4,1,1
74,74,B4_Conv_3_1x1,16,1,6,0,3,24,6,0,0,0,16,4,1,1
74,74,B4_Conv_3_1x1,16,1,7,1,3,28,7,0,0,0,16,4,1,1
74,74,B4_Conv_3_1x1,16,2,8,0,4,32,8,0,0,0,16,4,1,1
74,74,B4_Conv_3_1x1,16,2,9,1,4,36,9,0,0,0,16,4,1,1
74,74,B4_Conv_3_1x1,16,2,10,0,5,40,10,0,0,0,16,4,1,1
74,74,B4_Conv_3_1x1,16,2,11,1,5,44,11,0,0,0,16,4,1,1
74,74,B4_Conv_3_1x1,16,3,12,0,6,48,12,0,0,0,16,4,1,1
74,74,B4_Conv_3_1x1,16,3,13,1,6,52,13,0,0,0,16,4,1,1
74,74,B4_Conv_3_1x1,16,3,14,0,7,56,14,0,0,0,16,4,1,1
74,74,B4_Conv_3_1x1,16,3,15,1,7,60,15,0,0,0,16,4,1,1
74,74,B4_Conv_3_1x1,16,7,16,2,7,1,0,1,0,0,16,4,1,1
74,74,B4_Conv_3_1x1,16,7,17,3,7,5,1,1,0,0,16,4,1,1
74,74,B4_Conv_3_1x1,16,7,18,2,6,9,2,1,0,0,16,4,1,1
74,74,B4_Conv_3_1x1,16,7,19,3,6,13,3,1,0,0,16,4,1,1
74,74,B4_Conv_3_1x1,16,6,20,2,5,17,4,1,0,0,16,4,1,1
74,74,B4_Conv_3_1x1,16,6,21,3,5,21,5,1,0,0,16,4,1,1
74,74,B4_Conv_3_1x1,16,6,22,2,4,25,6,1,0,0,16,4,1,1
74,74,B4_Conv_3_1x1,16,6,23,3,4,29,7,1,0,0,16,4,1,1
74,74,B4_Conv_3_1x1,16,5,24,2,3,33,8,1,0,0,16,4,1,1
74,74,B4_Conv_3_1x1,16,5,25,3,3,37,9,1,0,0,16,4,1,1
74,74,B4_Conv_3_1x1,16,5,26,2,2,41,10,1,0,0,16,4,1,1
74,74,B4_Conv_3_1x1,16,5,27,3,2,45,11,1,0,0,16,4,1,1
74,74,B4_Conv_3_1x1,16,4,28,2,1,49,12,1,0,0,16,4,1,1
74,74,B4_Conv_3_1x1,16,4,29,3,1,53,13,1,0,0,16,4,1,1
74,74,B4_Conv_3_1x1,16,4,30,2,0,57,14,1,0,0,16,4,1,1
74,74,B4_Conv_3_1x1,16,4,31,3,0,61,15,1,0,0,16,4,1,1
74,74,B4_Conv_3_1x1,16,8,32,4,0,2,0,2,0,0,16,4,1,1
74,74,B4_Conv_3_1x1,16,8,33,5,0,6,1,2,0,0,16,4,1,1
74,74,B4_Conv_3_1x1,16,8,34,4,1,10,2,2,0,0,16,4,1,1
74,74,B4_Conv_3_1x1,16,8,35,5,1,14,3,2,0,0,16,4,1,1
74,74,B4_Conv_3_1x1,16,9,36,4,2,18,4,2,0,0,16,4,1,1
74,74,B4_Conv_3_1x1,16,9,37,5,2,22,5,2,0,0,16,4,1,1
74,74,B4_Conv_3_1x1,16,9,38,4,3,26,6,2,0,0,16,4,1,1
74,74,B4_Conv_3_1x1,16,9,39,5,3,30,7,2,0,0,16,4,1,1
74,74,B4_Conv_3_1x1,16,10,40,4,4,34,8,2,0,0,16,4,1,1
74,74,B4_Conv_3_1x1,16,10,41,5,4,38,9,2,0,0,16,4,1,1
74,74,B4_Conv_3_1x1,16,10,42,4,5,42,10,2,0,0,16,4,1,1
74,74,B4_Conv_3_1x1,16,10,43,5,5,46,11,2,0,0,16,4,1,1
74,74,B4_Conv_3_1x1,16,11,44,4,6,50,12,2,0,0,16,4,1,1
74,74,B4_Conv_3_1x1,16,11,45,5,6,54,13,2,0,0,16,4,1,1
74,74,B4_Conv_3_1x1,16,11,46,4,7,58,14,2,0,0,16,4,1,1
74,74,B4_Conv_3_1x1,16,11,47,5,7,62,15,2,0,0,16,4,1,1
74,74,B4_Conv_3_1x1,16,15,48,6,7,3,0,3,0,0,16,4,1,1
74,74,B4_Conv_3_1x1,16,15,49,7,7,7,1,3,0,0,16,4,1,1
74,74,B4_Conv_3_1x1,16,15,50,6,6,11,2,3,0,0,16,4,1,1
74,74,B4_Conv_3_1x1,16,15,51,7,6,15,3,3,0,0,16,4,1,1
74,74,B4_Conv_3_1x1,16,14,52,6,5,19,4,3,0,0,16,4,1,1
74,74,B4_Conv_3_1x1,16,14,53,7,5,23,5,3,0,0,16,4,1,1
74,74,B4_Conv_3_1x1,16,14,54,6,4,27,6,3,0,0,16,4,1,1
74,74,B4_Conv_3_1x1,16,14,55,7,4,31,7,3,0,0,16,4,1,1
74,74,B4_Conv_3_1x1,16,13,56,6,3,35,8,3,0,0,16,4,1,1
74,74,B4_Conv_3_1x1,16,13,57,7,3,39,9,3,0,0,16,4,1,1
74,74,B4_Conv_3_1x1,16,13,58,6,2,43,10,3,0,0,16,4,1,1
74,74,B4_Conv_3_1x1,16,13,59,7,2,47,11,3,0,0,16,4,1,1
74,74,B4_Conv_3_1x1,16,12,60,6,1,51,12,3,0,0,16,4,1,1
74,74,B4_Conv_3_1x1,16,12,61,7,1,55,13,3,0,0,16,4,1,1
74,74,B4_Conv_3_1x1,16,12,62,6,0,59,14,3,0,0,16,4,1,1
74,74,B4_Conv_3_1x1,16,12,63,7,0,63,15,3,0,0,16,4,1,1
75,75,B4_Eltwise,1,0,0,0,0,0,0,0,0,0,1,64,1,1
75,75,B4_Eltwise,1,0,1,1,0,1,0,1,0,0,1,64,1,1
75,75,B4_Eltwise,1,0,2,0,1,2,0,2,0,0,1,64,1,1
75,75,B4_Eltwise,1,0,3,1,1,3,0,3,0,0,1,64,1,1
75,75,B4_Eltwise,1,1,4,0,2,4,0,4,0,0,1,64,1,1
75,75,B4_Eltwise,1,1,5,1,2,5,0,5,0,0,1,64,1,1
75,75,B4_Eltwise,1,1,6,0,3,6,0,6,0,0,1,64,1,1
75,75,B4_Eltwise,1,1,7,1,3,7,0,7,0,0,1,64,1,1
75,75,B4_Eltwise,1,2,8,0,4,8,0,8,0,0,1,64,1,1
75,75,B4_Eltwise,1,2,9,1,4,9,0,9,0,0,1,64,1,1
75,75,B4_Eltwise,1,2,10,0,5,10,0,10,0,0,1,64,1,1
75,75,B4_Eltwise,1,2,11,1,5,11,0,11,0,0,1,64,1,1
75,75,B4_Eltwise,1,3,12,0,6,12,0,12,0,0,1,64,1,1
75,75,B4_Eltwise,1,3,13,1,6,13,0,13,0,0,1,64,1,1
75,75,B4_Eltwise,1,3,14,0,7,14,0,14,0,0,1,64,1,1
75,75,B4_Eltwise,1,3,15,1,7,15,0,15,0,0,1,64,1,1
75,75,B4_Eltwise,1,7,16,2,7,16,0,16,0,0,1,64,1,1
75,75,B4_Eltwise,1,7,17,3,7,17,0,17,0,0,1,64,1,1
75,75,B4_Eltwise,1,7,18,2,6,18,0,18,0,0,1,64,1,1
75,75,B4_Eltwise,1,7,19,3,6,19,0,19,0,0,1,64,1,1
75,75,B4_Eltwise,1,6,20,2,5,20,0,20,0,0,1,64,1,1
75,75,B4_Eltwise,1,6,21,3,5,21,0,21,0,0,1,64,1,1
75,75,B4_Eltwise,1,6,22,2,4,22,0,22,0,0,1,64,1,1
75,75,B4_Eltwise,1,6,23,3,4,23,0,23,0,0,1,64,1,1
75,75,B4_Eltwise,1,5,24,2,3,24,0,24,0,0,1,64,1,1
75,75,B4_Eltwise,1,5,25,3,3,25,0,25,0,0,1,64,1,1
75,75,B4_Eltwise,1,5,26,2,2,26,0,26,0,0,1,64,1,1
75,75,B4_Eltwise,1,5,27,3,2,27,0,27,0,0,1,64,1,1
75,75,B4_Eltwise,1,4,28,2,1,28,0,28,0,0,1,64,1,1
75,75,B4_Eltwise,1,4,29,3,1,29,0,29,0,0,1,64,1,1
75,75,B4_Eltwise,1,4,30,2,0,30,0,30,0,0,1,64,1,1
75,75,B4_Eltwise,1,4,31,3,0,31,0,31,0,0,1,64,1,1
75,75,B4_Eltwise,1,8,32,4,0,32,0,32,0,0,1,64,1,1
75,75,B4_Eltwise,1,8,33,5,0,33,0,33,0,0,1,64,1,1
75,75,B4_Eltwise,1,8,34,4,1,34,0,34,0,0,1,64,1,1
75,75,B4_Eltwise,1,8,35,5,1,35,0,35,0,0,1,64,1,1
75,75,B4_Eltwise,1,9,36,4,2,36,0,36,0,0,1,64,1,1
75,75,B4_Eltwise,1,9,37,5,2,37,0,37,0,0,1,64,1,1
75,75,B4_Eltwise,1,9,38,4,3,38,0,38,0,0,1,64,1,1
75,75,B4_Eltwise,1,9,39,5,3,39,0,39,0,0,1,64,1,1
75,75,B4_Eltwise,1,10,40,4,4,40,0,40,0,0,1,64,1,1
75,75,B4_Eltwise,1,10,41,5,4,41,0,41,0,0,1,64,1,1
75,75,B4_Eltwise,1,10,42,4,5,42,0,42,0,0,1,64,1,1
75,75,B4_Eltwise,1,10,43,5,5,43,0,43,0,0,1,64,1,1
75,75,B4_Eltwise,1,11,44,4,6,44,0,44,0,0,1,64,1,1
75,75,B4_Eltwise,1,11,45,5,6,45,0,45,0,0,1,64,1,1
75,75,B4_Eltwise,1,11,46,4,7,46,0,46,0,0,1,64,1,1
75,75,B4_Eltwise,1,11,47,5,7,47,0,47,0,0,1,64,1,1
75,75,B4_Eltwise,1,15,48,6,7,48,0,48,0,0,1,64,1,1
75,75,B4_Eltwise,1,15,49,7,7,49,0,49,0,0,1,64,1,1
75,75,B4_Eltwise,1,15,50,6,6,50,0,50,0,0,1,64,1,1
75,75,B4_Eltwise,1,15,51,7,6,51,0,51,0,0,1,64,1,1
75,75,B4_Eltwise,1,14,52,6,5,52,0,52,0,0,1,64,1,1
75,75,B4_Eltwise,1,14,53,7,5,53,0,53,0,0,1,64,1,1
75,75,B4_Eltwise,1,14,54,6,4,54,0,54,0,0,1,64,1,1
75,75,B4_Eltwise,1,14,55,7,4,55,0,55,0,0,1,64,1,1
75,75,B4_Eltwise,1,13,56,6,3,56,0,56,0,0,1,64,1,1
75,75,B4_Eltwise,1,13,57,7,3,57,0,57,0,0,1,64,1,1
75,75,B4_Eltwise,1,13,58,6,2,58,0,58,0,0,1,64,1,1
75,75,B4_Eltwise,1,13,59,7,2,59,0,59,0,0,1,64,1,1
75,75,B4_Eltwise,1,12,60,6,1,60,0,60,0,0,1,64,1,1
75,75,B4_Eltwise,1,12,61,7,1,61,0,61,0,0,1,64,1,1
75,75,B4_Eltwise,1,12,62,6,0,62,0,62,0,0,1,64,1,1
75,75,B4_Eltwise,1,12,63,7,0,63,0,63,0,0,1,64,1,1
76,76,B5_Conv_1a_1x1,16,0,0,0,0,0,0,0,0,0,16,4,1,1
76,76,B5_Conv_1a_1x1,16,0,1,1,0,4,1,0,0,0,16,4,1,1
76,76,B5_Conv_1a_1x1,16,0,2,0,1,8,2,0,0,0,16,4,1,1
76,76,B5_Conv_1a_1x1,16,0,3,1,1,12,3,0,0,0,16,4,1,1
76,76,B5_Conv_1a_1x1,16,1,4,0,2,16,4,0,0,0,16,4,1,1
76,76,B5_Conv_1a_1x1,16,1,5,1,2,20,5,0,0,0,16,4,1,1
76,76,B5_Conv_1a_1x1,16,1,6,0,3,24,6,0,0,0,16,4,1,1
76,76,B5_Conv_1a_1x1,16,1,7,1,3,28,7,0,0,0,16,4,1,1
76,76,B5_Conv_1a_1x1,16,2,8,0,4,32,8,0,0,0,16,4,1,1
76,76,B5_Conv_1a_1x1,16,2,9,1,4,36,9,0,0,0,16,4,1,1
76,76,B5_Conv_1a_1x1,16,2,10,0,5,40,10,0,0,0,16,4,1,1
76,76,B5_Conv_1a_1x1,16,2,11,1,5,44,11,0,0,0,16,4,1,1
76,76,B5_Conv_1a_1x1,16,3,12,0,6,48,12,0,0,0,16,4,1,1
76,76,B5_Conv_1a_1x1,16,3,13,1,6,52,13,0,0,0,16,4,1,1
76,76,B5_Conv_1a_1x1,16,3,14,0,7,56,14,0,0,0,16,4,1,1
76,76,B5_Conv_1a_1x1,16,3,15,1,7,60,15,0,0,0,16,4,1,1
76,76,B5_Conv_1a_1x1,16,7,16,2,7,1,0,1,0,0,16,4,1,1
76,76,B5_Conv_1a_1x1,16,7,17,3,7,5,1,1,0,0,16,4,1,1
76,76,B5_Conv_1a_1x1,16,7,18,2,6,9,2,1,0,0,16,4,1,1
76,76,B5_Conv_1a_1x1,16,7,19,3,6,13,3,1,0,0,16,4,1,1
76,76,B5_Conv_1a_1x1,16,6,20,2,5,17,4,1,0,0,16,4,1,1
76,76,B5_Conv_1a_1x1,16,6,21,3,5,21,5,1,0,0,16,4,1,1
76,76,B5_Conv_1a_1x1,16,6,22,2,4,25,6,1,0,0,16,4,1,1
76,76,B5_Conv_1a_1x1,16,6,23,3,4,29,7,1,0,0,16,4,1,1
76,76,B5_Conv_1a_1x1,16,5,24,2,3,33,8,1,0,0,16,4,1,1
76,76,B5_Conv_1a_1x1,16,5,25,3,3,37,9,1,0,0,16,4,1,1
76,76,B5_Conv_1a_1x1,16,5,26,2,2,41,10,1,0,0,16,4,1,1
76,76,B5_Conv_1a_1x1,16,5,27,3,2,45,11,1,0,0,16,4,1,1
76,76,B5_Conv_1a_1x1,16,4,28,2,1,49,12,1,0,0,16,4,1,1
76,76,B5_Conv_1a_1x1,16,4,29,3,1,53,13,1,0,0,16,4,1,1
76,76,B5_Conv_1a_1x1,16,4,30,2,0,57,14,1,0,0,16,4,1,1
76,76,B5_Conv_1a_1x1,16,4,31,3,0,61,15,1,0,0,16,4,1,1
76,76,B5_Conv_1a_1x1,16,8,32,4,0,2,0,2,0,0,16,4,1,1
76,76,B5_Conv_1a_1x1,16,8,33,5,0,6,1,2,0,0,16,4,1,1
76,76,B5_Conv_1a_1x1,16,8,34,4,1,10,2,2,0,0,16,4,1,1
76,76,B5_Conv_1a_1x1,16,8,35,5,1,14,3,2,0,0,16,4,1,1
76,76,B5_Conv_1a_1x1,16,9,36,4,2,18,4,2,0,0,16,4,1,1
76,76,B5_Conv_1a_1x1,16,9,37,5,2,22,5,2,0,0,16,4,1,1
76,76,B5_Conv_1a_1x1,16,9,38,4,3,26,6,2,0,0,16,4,1,1
76,76,B5_Conv_1a_1x1,16,9,39,5,3,30,7,2,0,0,16,4,1,1
76,76,B5_Conv_1a_1x1,16,10,40,4,4,34,8,2,0,0,16,4,1,1
76,76,B5_Conv_1a_1x1,16,10,41,5,4,38,9,2,0,0,16,4,1,1
76,76,B5_Conv_1a_1x1,16,10,42,4,5,42,10,2,0,0,16,4,1,1
76,76,B5_Conv_1a_1x1,16,10,43,5,5,46,11,2,0,0,16,4,1,1
76,76,B5_Conv_1a_1x1,16,11,44,4,6,50,12,2,0,0,16,4,1,1
76,76,B5_Conv_1a_1x1,16,11,45,5,6,54,13,2,0,0,16,4,1,1
76,76,B5_Conv_1a_1x1,16,11,46,4,7,58,14,2,0,0,16,4,1,1
76,76,B5_Conv_1a_1x1,16,11,47,5,7,62,15,2,0,0,16,4,1,1
76,76,B5_Conv_1a_1x1,16,15,48,6,7,3,0,3,0,0,16,4,1,1
76,76,B5_Conv_1a_1x1,16,15,49,7,7,7,1,3,0,0,16,4,1,1
76,76,B5_Conv_1a_1x1,16,15,50,6,6,11,2,3,0,0,16,4,1,1
76,76,B5_Conv_1a_1x1,16,15,51,7,6,15,3,3,0,0,16,4,1,1
76,76,B5_Conv_1a_1x1,16,14,52,6,5,19,4,3,0,0,16,4,1,1
76,76,B5_Conv_1a_1x1,16,14,53,7,5,23,5,3,0,0,16,4,1,1
76,76,B5_Conv_1a_1x1,16,14,54,6,4,27,6,3,0,0,16,4,1,1
76,76,B5_Conv_1a_1x1,16,14,55,7,4,31,7,3,0,0,16,4,1,1
76,76,B5_Conv_1a_1x1,16,13,56,6,3,35,8,3,0,0,16,4,1,1
76,76,B5_Conv_1a_1x1,16,13,57,7,3,39,9,3,0,0,16,4,1,1
76,76,B5_Conv_1a_1x1,16,13,58,6,2,43,10,3,0,0,16,4,1,1
76,76,B5_Conv_1a_1x1,16,13,59,7,2,47,11,3,0,0,16,4,1,1
76,76,B5_Conv_1a_1x1,16,12,60,6,1,51,12,3,0,0,16,4,1,1
76,76,B5_Conv_1a_1x1,16,12,61,7,1,55,13,3,0,0,16,4,1,1
76,76,B5_Conv_1a_1x1,16,12,62,6,0,59,14,3,0,0,16,4,1,1
76,76,B5_Conv_1a_1x1,16,12,63,7,0,63,15,3,0,0,16,4,1,1
77,77,B5_Conv_2a_1x1,16,0,0,0,0,0,0,0,0,0,16,4,1,1
77,77,B5_Conv_2a_1x1,16,0,1,1,0,4,1,0,0,0,16,4,1,1
77,77,B5_Conv_2a_1x1,16,0,2,0,1,8,2,0,0,0,16,4,1,1
77,77,B5_Conv_2a_1x1,16,0,3,1,1,12,3,0,0,0,16,4,1,1
77,77,B5_Conv_2a_1x1,16,1,4,0,2,16,4,0,0,0,16,4,1,1
77,77,B5_Conv_2a_1x1,16,1,5,1,2,20,5,0,0,0,16,4,1,1
77,77,B5_Conv_2a_1x1,16,1,6,0,3,24,6,0,0,0,16,4,1,1
77,77,B5_Conv_2a_1x1,16,1,7,1,3,28,7,0,0,0,16,4,1,1
77,77,B5_Conv_2a_1x1,16,2,8,0,4,32,8,0,0,0,16,4,1,1
77,77,B5_Conv_2a_1x1,16,2,9,1,4,36,9,0,0,0,16,4,1,1
77,77,B5_Conv_2a_1x1,16,2,10,0,5,40,10,0,0,0,16,4,1,1
77,77,B5_Conv_2a_1x1,16,2,11,1,5,44,11,0,0,0,16,4,1,1
77,77,B5_Conv_2a_1x1,16,3,12,0,6,48,12,0,0,0,16,4,1,1
77,77,B5_Conv_2a_1x1,16,3,13,1,6,52,13,0,0,0,16,4,1,1
77,77,B5_Conv_2a_1x1,16,3,14,0,7,56,14,0,0,0,16,4,1,1
77,77,B5_Conv_2a_1x1,16,3,15,1,7,60,15,0,0,0,16,4,1,1
77,77,B5_Conv_2a_1x1,16,7,16,2,7,1,0,1,0,0,16,4,1,1
77,77,B5_Conv_2a_1x1,16,7,17,3,7,5,1,1,0,0,16,4,1,1
77,77,B5_Conv_2a_1x1,16,7,18,2,6,9,2,1,0,0,16,4,1,1
77,77,B5_Conv_2a_1x1,16,7,19,3,6,13,3,1,0,0,16,4,1,1
77,77,B5_Conv_2a_1x1,16,6,20,2,5,17,4,1,0,0,16,4,1,1
77,77,B5_Conv_2a_1x1,16,6,21,3,5,21,5,1,0,0,16,4,1,1
77,77,B5_Conv_2a_1x1,16,6,22,2,4,25,6,1,0,0,16,4,1,1
77,77,B5_Conv_2a_1x1,16,6,23,3,4,29,7,1,0,0,16,4,1,1
77,77,B5_Conv_2a_1x1,16,5,24,2,3,33,8,1,0,0,16,4,1,1
77,77,B5_Conv_2a_1x1,16,5,25,3,3,37,9,1,0,0,16,4,1,1
77,77,B5_Conv_2a_1x1,16,5,26,2,2,41,10,1,0,0,16,4,1,1
77,77,B5_Conv_2a_1x1,16,5,27,3,2,45,11,1,0,0,16,4,1,1
77,77,B5_Conv_2a_1x1,16,4,28,2,1,49,12,1,0,0,16,4,1,1
77,77,B5_Conv_2a_1x1,16,4,29,3,1,53,13,1,0,0,16,4,1,1
77,77,B5_Conv_2a_1x1,16,4,30,2,0,57,14,1,0,0,16,4,1,1
77,77,B5_Conv_2a_1x1,16,4,31,3,0,61,15,1,0,0,16,4,1,1
77,77,B5_Conv_2a_1x1,16,8,32,4,0,2,0,2,0,0,16,4,1,1
77,77,B5_Conv_2a_1x1,16,8,33,5,0,6,1,2,0,0,16,4,1,1
77,77,B5_Conv_2a_1x1,16,8,34,4,1,10,2,2,0,0,16,4,1,1
77,77,B5_Conv_2a_1x1,16,8,35,5,1,14,3,2,0,0,16,4,1,1
77,77,B5_Conv_2a_1x1,16,9,36,4,2,18,4,2,0,0,16,4,1,1
77,77,B5_Conv_2a_1x1,16,9,37,5,2,22,5,2,0,0,16,4,1,1
77,77,B5_Conv_2a_1x1,16,9,38,4,3,26,6,2,0,0,16,4,1,1
77,77,B5_Conv_2a_1x1,16,9,39,5,3,30,7,2,0,0,16,4,1,1
77,77,B5_Conv_2a_1x1,16,10,40,4,4,34,8,2,0,0,16,4,1,1
77,77,B5_Conv_2a_1x1,16,10,41,5,4,38,9,2,0,0,16,4,1,1
77,77,B5_Conv_2a_1x1,16,10,42,4,5,42,10,2,0,0,16,4,1,1
77,77,B5_Conv_2a_1x1,16,10,43,5,5,46,11,2,0,0,16,4,1,1
77,77,B5_Conv_2a_1x1,16,11,44,4,6,50,12,2,0,0,16,4,1,1
77,77,B5_Conv_2a_1x1,16,11,45,5,6,54,13,2,0,0,16,4,1,1
77,77,B5_Conv_2a_1x1,16,11,46,4,7,58,14,2,0,0,16,4,1,1
77,77,B5_Conv_2a_1x1,16,11,47,5,7,62,15,2,0,0,16,4,1,1
77,77,B5_Conv_2a_1x1,16,15,48,6,7,3,0,3,0,0,16,4,1,1
77,77,B5_Conv_2a_1x1,16,15,49,7,7,7,1,3,0,0,16,4,1,1
77,77,B5_Conv_2a_1x1,16,15,50,6,6,11,2,3,0,0,16,4,1,1
77,77,B5_Conv_2a_1x1,16,15,51,7,6,15,3,3,0,0,16,4,1,1
77,77,B5_Conv_2a_1x1,16,14,52,6,5,19,4,3,0,0,16,4,1,1
77,77,B5_Conv_2a_1x1,16,14,53,7,5,23,5,3,0,0,16,4,1,1
77,77,B5_Conv_2a_1x1,16,14,54,6,4,27,6,3,0,0,16,4,1,1
77,77,B5_Conv_2a_1x1,16,14,55,7,4,31,7,3,0,0,16,4,1,1
77,77,B5_Conv_2a_1x1,16,13,56,6,3,35,8,3,0,0,16,4,1,1
77,77,B5_Conv_2a_1x1,16,13,57,7,3,39,9,3,0,0,16,4,1,1
77,77,B5_Conv_2a_1x1,16,13,58,6,2,43,10,3,0,0,16,4,1,1
77,77,B5_Conv_2a_1x1,16,13,59,7,2,47,11,3,0,0,16,4,1,1
77,77,B5_Conv_2a_1x1,16,12,60,6,1,51,12,3,0,0,16,4,1,1
77,77,B5_Conv_2a_1x1,16,12,61,7,1,55,13,3,0,0,16,4,1,1
77,77,B5_Conv_2a_1x1,16,12,62,6,0,59,14,3,0,0,16,4,1,1
77,77,B5_Conv_2a_1x1,16,12,63,7,0,63,15,3,0,0,16,4,1,1
78,78,B5_Conv_2b_1x7,16,0,0,0,0,0,0,0,0,0,16,4,1,1
78,78,B5_Conv_2b_1x7,16,0,1,1,0,4,1,0,0,0,16,4,1,1
78,78,B5_Conv_2b_1x7,16,0,2,0,1,8,2,0,0,0,16,4,1,1
78,78,B5_Conv_2b_1x7,16,0,3,1,1,12,3,0,0,0,16,4,1,1
78,78,B5_Conv_2b_1x7,16,1,4,0,2,16,4,0,0,0,16,4,1,1
78,78,B5_Conv_2b_1x7,16,1,5,1,2,20,5,0,0,0,16,4,1,1
78,78,B5_Conv_2b_1x7,16,1,6,0,3,24,6,0,0,0,16,4,1,1
78,78,B5_Conv_2b_1x7,16,1,7,1,3,28,7,0,0,0,16,4,1,1
78,78,B5_Conv_2b_1x7,16,2,8,0,4,32,8,0,0,0,16,4,1,1
78,78,B5_Conv_2b_1x7,16,2,9,1,4,36,9,0,0,0,16,4,1,1
78,78,B5_Conv_2b_1x7,16,2,10,0,5,40,10,0,0,0,16,4,1,1
78,78,B5_Conv_2b_1x7,16,2,11,1,5,44,11,0,0,0,16,4,1,1
78,78,B5_Conv_2b_1x7,16,3,12,0,6,48,12,0,0,0,16,4,1,1
78,78,B5_Conv_2b_1x7,16,3,13,1,6,52,13,0,0,0,16,4,1,1
78,78,B5_Conv_2b_1x7,16,3,14,0,7,56,14,0,0,0,16,4,1,1
78,78,B5_Conv_2b_1x7,16,3,15,1,7,60,15,0,0,0,16,4,1,1
78,78,B5_Conv_2b_1x7,16,7,16,2,7,1,0,1,0,0,16,4,1,1
78,78,B5_Conv_2b_1x7,16,7,17,3,7,5,1,1,0,0,16,4,1,1
78,78,B5_Conv_2b_1x7,16,7,18,2,6,9,2,1,0,0,16,4,1,1
78,78,B5_Conv_2b_1x7,16,7,19,3,6,13,3,1,0,0,16,4,1,1
78,78,B5_Conv_2b_1x7,16,6,20,2,5,17,4,1,0,0,16,4,1,1
78,78,B5_Conv_2b_1x7,16,6,21,3,5,21,5,1,0,0,16,4,1,1
78,78,B5_Conv_2b_1x7,16,6,22,2,4,25,6,1,0,0,16,4,1,1
78,78,B5_Conv_2b_1x7,16,6,23,3,4,29,7,1,0,0,16,4,1,1
78,78,B5_Conv_2b_1x7,16,5,24,2,3,33,8,1,0,0,16,4,1,1
78,78,B5_Conv_2b_1x7,16,5,25,3,3,37,9,1,0,0,16,4,1,1
78,78,B5_Conv_2b_1x7,16,5,26,2,2,41,10,1,0,0,16,4,1,1
78,78,B5_Conv_2b_1x7,16,5,27,3,2,45,11,1,0,0,16,4,1,1
78,78,B5_Conv_2b_1x7,16,4,28,2,1,49,12,1,0,0,16,4,1,1
78,78,B5_Conv_2b_1x7,16,4,29,3,1,53,13,1,0,0,16,4,1,1
78,78,B5_Conv_2b_1x7,16,4,30,2,0,57,14,1,0,0,16,4,1,1
78,78,B5_Conv_2b_1x7,16,4,31,3,0,61,15,1,0,0,16,4,1,1
78,78,B5_Conv_2b_1x7,16,8,32,4,0,2,0,2,0,0,16,4,1,1
78,78,B5_Conv_2b_1x7,16,8,33,5,0,6,1,2,0,0,16,4,1,1
78,78,B5_Conv_2b_1x7,16,8,34,4,1,10,2,2,0,0,16,4,1,1
78,78,B5_Conv_2b_1x7,16,8,35,5,1,14,3,2,0,0,16,4,1,1
78,78,B5_Conv_2b_1x7,16,9,36,4,2,18,4,2,0,0,16,4,1,1
78,78,B5_Conv_2b_1x7,16,9,37,5,2,22,5,2,0,0,16,4,1,1
78,78,B5_Conv_2b_1x7,16,9,38,4,3,26,6,2,0,0,16,4,1,1
78,78,B5_Conv_2b_1x7,16,9,39,5,3,30,7,2,0,0,16,4,1,1
78,78,B5_Conv_2b_1x7,16,10,40,4,4,34,8,2,0,0,16,4,1,1
78,78,B5_Conv_2b_1x7,16,10,41,5,4,38,9,2,0,0,16,4,1,1
78,78,B5_Conv_2b_1x7,16,10,42,4,5,42,10,2,0,0,16,4,1,1
78,78,B5_Conv_2b_1x7,16,10,43,5,5,46,11,2,0,0,16,4,1,1
78,78,B5_Conv_2b_1x7,16,11,44,4,6,50,12,2,0,0,16,4,1,1
78,78,B5_Conv_2b_1x7,16,11,45,5,6,54,13,2,0,0,16,4,1,1
78,78,B5_Conv_2b_1x7,16,11,46,4,7,58,14,2,0,0,16,4,1,1
78,78,B5_Conv_2b_1x7,16,11,47,5,7,62,15,2,0,0,16,4,1,1
78,78,B5_Conv_2b_1x7,16,15,48,6,7,3,0,3,0,0,16,4,1,1
78,78,B5_Conv_2b_1x7,16,15,49,7,7,7,1,3,0,0,16,4,1,1
78,78,B5_Conv_2b_1x7,16,15,50,6,6,11,2,3,0,0,16,4,1,1
78,78,B5_Conv_2b_1x7,16,15,51,7,6,15,3,3,0,0,16,4,1,1
78,78,B5_Conv_2b_1x7,16,14,52,6,5,19,4,3,0,0,16,4,1,1
78,78,B5_Conv_2b_1x7,16,14,53,7,5,23,5,3,0,0,16,4,1,1
78,78,B5_Conv_2b_1x7,16,14,54,6,4,27,6,3,0,0,16,4,1,1
78,78,B5_Conv_2b_1x7,16,14,55,7,4,31,7,3,0,0,16,4,1,1
78,78,B5_Conv_2b_1x7,16,13,56,6,3,35,8,3,0,0,16,4,1,1
78,78,B5_Conv_2b_1x7,16,13,57,7,3,39,9,3,0,0,16,4,1,1
78,78,B5_Conv_2b_1x7,16,13,58,6,2,43,10,3,0,0,16,4,1,1
78,78,B5_Conv_2b_1x7,16,13,59,7,2,47,11,3,0,0,16,4,1,1
78,78,B5_Conv_2b_1x7,16,12,60,6,1,51,12,3,0,0,16,4,1,1
78,78,B5_Conv_2b_1x7,16,12,61,7,1,55,13,3,0,0,16,4,1,1
78,78,B5_Conv_2b_1x7,16,12,62,6,0,59,14,3,0,0,16,4,1,1
78,78,B5_Conv_2b_1x7,16,12,63,7,0,63,15,3,0,0,16,4,1,1
79,79,B5_Conv_2c_7x1,16,0,0,0,0,0,0,0,0,0,16,4,1,1
79,79,B5_Conv_2c_7x1,16,0,1,1,0,4,1,0,0,0,16,4,1,1
79,79,B5_Conv_2c_7x1,16,0,2,0,1,8,2,0,0,0,16,4,1,1
79,79,B5_Conv_2c_7x1,16,0,3,1,1,12,3,0,0,0,16,4,1,1
79,79,B5_Conv_2c_7x1,16,1,4,0,2,16,4,0,0,0,16,4,1,1
79,79,B5_Conv_2c_7x1,16,1,5,1,2,20,5,0,0,0,16,4,1,1
79,79,B5_Conv_2c_7x1,16,1,6,0,3,24,6,0,0,0,16,4,1,1
79,79,B5_Conv_2c_7x1,16,1,7,1,3,28,7,0,0,0,16,4,1,1
79,79,B5_Conv_2c_7x1,16,2,8,0,4,32,8,0,0,0,16,4,1,1
79,79,B5_Conv_2c_7x1,16,2,9,1,4,36,9,0,0,0,16,4,1,1
79,79,B5_Conv_2c_7x1,16,2,10,0,5,40,10,0,0,0,16,4,1,1
79,79,B5_Conv_2c_7x1,16,2,11,1,5,44,11,0,0,0,16,4,1,1
79,79,B5_Conv_2c_7x1,16,3,12,0,6,48,12,0,0,0,16,4,1,1
79,79,B5_Conv_2c_7x1,16,3,13,1,6,52,13,0,0,0,16,4,1,1
79,79,B5_Conv_2c_7x1,16,3,14,0,7,56,14,0,0,0,16,4,1,1
79,79,B5_Conv_2c_7x1,16,3,15,1,7,60,15,0,0,0,16,4,1,1
79,79,B5_Conv_2c_7x1,16,7,16,2,7,1,0,1,0,0,16,4,1,1
79,79,B5_Conv_2c_7x1,16,7,17,3,7,5,1,1,0,0,16,4,1,1
79,79,B5_Conv_2c_7x1,16,7,18,2,6,9,2,1,0,0,16,4,1,1
79,79,B5_Conv_2c_7x1,16,7,19,3,6,13,3,1,0,0,16,4,1,1
79,79,B5_Conv_2c_7x1,16,6,20,2,5,17,4,1,0,0,16,4,1,1
79,79,B5_Conv_2c_7x1,16,6,21,3,5,21,5,1,0,0,16,4,1,1
79,79,B5_Conv_2c_7x1,16,6,22,2,4,25,6,1,0,0,16,4,1,1
79,79,B5_Conv_2c_7x1,16,6,23,3,4,29,7,1,0,0,16,4,1,1
79,79,B5_Conv_2c_7x1,16,5,24,2,3,33,8,1,0,0,16,4,1,1
79,79,B5_Conv_2c_7x1,16,5,25,3,3,37,9,1,0,0,16,4,1,1
79,79,B5_Conv_2c_7x1,16,5,26,2,2,41,10,1,0,0,16,4,1,1
79,79,B5_Conv_2c_7x1,16,5,27,3,2,45,11,1,0,0,16,4,1,1
79,79,B5_Conv_2c_7x1,16,4,28,2,1,49,12,1,0,0,16,4,1,1
79,79,B5_Conv_2c_7x1,16,4,29,3,1,53,13,1,0,0,16,4,1,1
79,79,B5_Conv_2c_7x1,16,4,30,2,0,57,14,1,0,0,16,4,1,1
79,79,B5_Conv_2c_7x1,16,4,31,3,0,61,15,1,0,0,16,4,1,1
79,79,B5_Conv_2c_7x1,16,8,32,4,0,2,0,2,0,0,16,4,1,1
79,79,B5_Conv_2c_7x1,16,8,33,5,0,6,1,2,0,0,16,4,1,1
79,79,B5_Conv_2c_7x1,16,8,34,4,1,10,2,2,0,0,16,4,1,1
79,79,B5_Conv_2c_7x1,16,8,35,5,1,14,3,2,0,0,16,4,1,1
79,79,B5_Conv_2c_7x1,16,9,36,4,2,18,4,2,0,0,16,4,1,1
79,79,B5_Conv_2c_7x1,16,9,37,5,2,22,5,2,0,0,16,4,1,1
79,79,B5_Conv_2c_7x1,16,9,38,4,3,26,6,2,0,0,16,4,1,1
79,79,B5_Conv_2c_7x1,16,9,39,5,3,30,7,2,0,0,16,4,1,1
79,79,B5_Conv_2c_7x1,16,10,40,4,4,34,8,2,0,0,16,4,1,1
79,79,B5_Conv_2c_7x1,16,10,41,5,4,38,9,2,0,0,16,4,1,1
79,79,B5_Conv_2c_7x1,16,10,42,4,5,42,10,2,0,0,16,4,1,1
79,79,B5_Conv_2c_7x1,16,10,43,5,5,46,11,2,0,0,16,4,1,1
79,79,B5_Conv_2c_7x1,16,11,44,4,6,50,12,2,0,0,16,4,1,1
79,79,B5_Conv_2c_7x1,16,11,45,5,6,54,13,2,0,0,16,4,1,1
79,79,B5_Conv_2c_7x1,16,11,46,4,7,58,14,2,0,0,16,4,1,1
79,79,B5_Conv_2c_7x1,16,11,47,5,7,62,15,2,0,0,16,4,1,1
79,79,B5_Conv_2c_7x1,16,15,48,6,7,3,0,3,0,0,16,4,1,1
79,79,B5_Conv_2c_7x1,16,15,49,7,7,7,1,3,0,0,16,4,1,1
79,79,B5_Conv_2c_7x1,16,15,50,6,6,11,2,3,0,0,16,4,1,1
79,79,B5_Conv_2c_7x1,16,15,51,7,6,15,3,3,0,0,16,4,1,1
79,79,B5_Conv_2c_7x1,16,14,52,6,5,19,4,3,0,0,16,4,1,1
79,79,B5_Conv_2c_7x1,16,14,53,7,5,23,5,3,0,0,16,4,1,1
79,79,B5_Conv_2c_7x1,16,14,54,6,4,27,6,3,0,0,16,4,1,1
79,79,B5_Conv_2c_7x1,16,14,55,7,4,31,7,3,0,0,16,4,1,1
79,79,B5_Conv_2c_7x1,16,13,56,6,3,35,8,3,0,0,16,4,1,1
79,79,B5_Conv_2c_7x1,16,13,57,7,3,39,9,3,0,0,16,4,1,1
79,79,B5_Conv_2c_7x1,16,13,58,6,2,43,10,3,0,0,16,4,1,1
79,79,B5_Conv_2c_7x1,16,13,59,7,2,47,11,3,0,0,16,4,1,1
79,79,B5_Conv_2c_7x1,16,12,60,6,1,51,12,3,0,0,16,4,1,1
79,79,B5_Conv_2c_7x1,16,12,61,7,1,55,13,3,0,0,16,4,1,1
79,79,B5_Conv_2c_7x1,16,12,62,6,0,59,14,3,0,0,16,4,1,1
79,79,B5_Conv_2c_7x1,16,12,63,7,0,63,15,3,0,0,16,4,1,1
80,80,B5_Conv_3_1x1,16,0,0,0,0,0,0,0,0,0,16,4,1,1
80,80,B5_Conv_3_1x1,16,0,1,1,0,4,1,0,0,0,16,4,1,1
80,80,B5_Conv_3_1x1,16,0,2,0,1,8,2,0,0,0,16,4,1,1
80,80,B5_Conv_3_1x1,16,0,3,1,1,12,3,0,0,0,16,4,1,1
80,80,B5_Conv_3_1x1,16,1,4,0,2,16,4,0,0,0,16,4,1,1
80,80,B5_Conv_3_1x1,16,1,5,1,2,20,5,0,0,0,16,4,1,1
80,80,B5_Conv_3_1x1,16,1,6,0,3,24,6,0,0,0,16,4,1,1
80,80,B5_Conv_3_1x1,16,1,7,1,3,28,7,0,0,0,16,4,1,1
80,80,B5_Conv_3_1x1,16,2,8,0,4,32,8,0,0,0,16,4,1,1
80,80,B5_Conv_3_1x1,16,2,9,1,4,36,9,0,0,0,16,4,1,1
80,80,B5_Conv_3_1x1,16,2,10,0,5,40,10,0,0,0,16,4,1,1
80,80,B5_Conv_3_1x1,16,2,11,1,5,44,11,0,0,0,16,4,1,1
80,80,B5_Conv_3_1x1,16,3,12,0,6,48,12,0,0,0,16,4,1,1
80,80,B5_Conv_3_1x1,16,3,13,1,6,52,13,0,0,0,16,4,1,1
80,80,B5_Conv_3_1x1,16,3,14,0,7,56,14,0,0,0,16,4,1,1
80,80,B5_Conv_3_1x1,16,3,15,1,7,60,15,0,0,0,16,4,1,1
80,80,B5_Conv_3_1x1,16,7,16,2,7,1,0,1,0,0,16,4,1,1
80,80,B5_Conv_3_1x1,16,7,17,3,7,5,1,1,0,0,16,4,1,1
80,80,B5_Conv_3_1x1,16,7,18,2,6,9,2,1,0,0,16,4,1,1
80,80,B5_Conv_3_1x1,16,7,19,3,6,13,3,1,0,0,16,4,1,1
80,80,B5_Conv_3_1x1,16,6,20,2,5,17,4,1,0,0,16,4,1,1
80,80,B5_Conv_3_1x1,16,6,21,3,5,21,5,1,0,0,16,4,1,1
80,80,B5_Conv_3_1x1,16,6,22,2,4,25,6,1,0,0,16,4,1,1
80,80,B5_Conv_3_1x1,16,6,23,3,4,29,7,1,0,0,16,4,1,1
80,80,B5_Conv_3_1x1,16,5,24,2,3,33,8,1,0,0,16,4,1,1
80,80,B5_Conv_3_1x1,16,5,25,3,3,37,9,1,0,0,16,4,1,1
80,80,B5_Conv_3_1x1,16,5,26,2,2,41,10,1,0,0,16,4,1,1
80,80,B5_Conv_3_1x1,16,5,27,3,2,45,11,1,0,0,16,4,1,1
80,80,B5_Conv_3_1x1,16,4,28,2,1,49,12,1,0,0,16,4,1,1
80,80,B5_Conv_3_1x1,16,4,29,3,1,53,13,1,0,0,16,4,1,1
80,80,B5_Conv_3_1x1,16,4,30,2,0,57,14,1,0,0,16,4,1,1
80,80,B5_Conv_3_1x1,16,4,31,3,0,61,15,1,0,0,16,4,1,1
80,80,B5_Conv_3_1x1,16,8,32,4,0,2,0,2,0,0,16,4,1,1
80,80,B5_Conv_3_1x1,16,8,33,5,0,6,1,2,0,0,16,4,1,1
80,80,B5_Conv_3_1x1,16,8,34,4,1,10,2,2,0,0,16,4,1,1
80,80,B5_Conv_3_1x1,16,8,35,5,1,14,3,2,0,0,16,4,1,1
80,80,B5_Conv_3_1x1,16,9,36,4,2,18,4,2,0,0,16,4,1,1
80,80,B5_Conv_3_1x1,16,9,37,5,2,22,5,2,0,0,16,4,1,1
80,80,B5_Conv_3_1x1,16,9,38,4,3,26,6,2,0,0,16,4,1,1
80,80,B5_Conv_3_1x1,16,9,39,5,3,30,7,2,0,0,16,4,1,1
80,80,B5_Conv_3_1x1,16,10,40,4,4,34,8,2,0,0,16,4,1,1
80,80,B5_Conv_3_1x1,16,10,41,5,4,38,9,2,0,0,16,4,1,1
80,80,B5_Conv_3_1x1,16,10,42,4,5,42,10,2,0,0,16,4,1,1
80,80,B5_Conv_3_1x1,16,10,43,5,5,46,11,2,0,0,16,4,1,1
80,80,B5_Conv_3_1x1,16,11,44,4,6,50,12,2,0,0,16,4,1,1
80,80,B5_Conv_3_1x1,16,11,45,5,6,54,13,2,0,0,16,4,1,1
80,80,B5_Conv_3_1x1,16,11,46,4,7,58,14,2,0,0,16,4,1,1
80,80,B5_Conv_3_1x1,16,11,47,5,7,62,15,2,0,0,16,4,1,1
80,80,B5_Conv_3_1x1,16,15,48,6,7,3,0,3,0,0,16,4,1,1
80,80,B5_Conv_3_1x1,16,15,49,7,7,7,1,3,0,0,16,4,1,1
80,80,B5_Conv_3_1x1,16,15,50,6,6,11,2,3,0,0,16,4,1,1
80,80,B5_Conv_3_1x1,16,15,51,7,6,15,3,3,0,0,16,4,1,1
80,80,B5_Conv_3_1x1,16,14,52,6,5,19,4,3,0,0,16,4,1,1
80,80,B5_Conv_3_1x1,16,14,53,7,5,23,5,3,0,0,16,4,1,1
80,80,B5_Conv_3_1x1,16,14,54,6,4,27,6,3,0,0,16,4,1,1
80,80,B5_Conv_3_1x1,16,14,55,7,4,31,7,3,0,0,16,4,1,1
80,80,B5_Conv_3_1x1,16,13,56,6,3,35,8,3,0,0,16,4,1,1
80,80,B5_Conv_3_1x1,16,13,57,7,3,39,9,3,0,0,16,4,1,1
80,80,B5_Conv_3_1x1,16,13,58,6,2,43,10,3,0,0,16,4,1,1
80,80,B5_Conv_3_1x1,16,13,59,7,2,47,11,3,0,0,16,4,1,1
80,80,B5_Conv_3_1x1,16,12,60,6,1,51,12,3,0,0,16,4,1,1
80,80,B5_Conv_3_1x1,16,12,61,7,1,55,13,3,0,0,16,4,1,1
80,80,B5_Conv_3_1x1,16,12,62,6,0,59,14,3,0,0,16,4,1,1
80,80,B5_Conv_3_1x1,16,12,63,7,0,63,15,3,0,0,16,4,1,1
81,81,B5_Eltwise,1,0,0,0,0,0,0,0,0,0,1,64,1,1
81,81,B5_Eltwise,1,0,1,1,0,1,0,1,0,0,1,64,1,1
81,81,B5_Eltwise,1,0,2,0,1,2,0,2,0,0,1,64,1,1
81,81,B5_Eltwise,1,0,3,1,1,3,0,3,0,0,1,64,1,1
81,81,B5_Eltwise,1,1,4,0,2,4,0,4,0,0,1,64,1,1
81,81,B5_Eltwise,1,1,5,1,2,5,0,5,0,0,1,64,1,1
81,81,B5_Eltwise,1,1,6,0,3,6,0,6,0,0,1,64,1,1
81,81,B5_Eltwise,1,1,7,1,3,7,0,7,0,0,1,64,1,1
81,81,B5_Eltwise,1,2,8,0,4,8,0,8,0,0,1,64,1,1
81,81,B5_Eltwise,1,2,9,1,4,9,0,9,0,0,1,64,1,1
81,81,B5_Eltwise,1,2,10,0,5,10,0,10,0,0,1,64,1,1
81,81,B5_Eltwise,1,2,11,1,5,11,0,11,0,0,1,64,1,1
81,81,B5_Eltwise,1,3,12,0,6,12,0,12,0,0,1,64,1,1
81,81,B5_Eltwise,1,3,13,1,6,13,0,13,0,0,1,64,1,1
81,81,B5_Eltwise,1,3,14,0,7,14,0,14,0,0,1,64,1,1
81,81,B5_Eltwise,1,3,15,1,7,15,0,15,0,0,1,64,1,1
81,81,B5_Eltwise,1,7,16,2,7,16,0,16,0,0,1,64,1,1
81,81,B5_Eltwise,1,7,17,3,7,17,0,17,0,0,1,64,1,1
81,81,B5_Eltwise,1,7,18,2,6,18,0,18,0,0,1,64,1,1
81,81,B5_Eltwise,1,7,19,3,6,19,0,19,0,0,1,64,1,1
81,81,B5_Eltwise,1,6,20,2,5,20,0,20,0,0,1,64,1,1
81,81,B5_Eltwise,1,6,21,3,5,21,0,21,0,0,1,64,1,1
81,81,B5_Eltwise,1,6,22,2,4,22,0,22,0,0,1,64,1,1
81,81,B5_Eltwise,1,6,23,3,4,23,0,23,0,0,1,64,1,1
81,81,B5_Eltwise,1,5,24,2,3,24,0,24,0,0,1,64,1,1
81,81,B5_Eltwise,1,5,25,3,3,25,0,25,0,0,1,64,1,1
81,81,B5_Eltwise,1,5,26,2,2,26,0,26,0,0,1,64,1,1
81,81,B5_Eltwise,1,5,27,3,2,27,0,27,0,0,1,64,1,1
81,81,B5_Eltwise,1,4,28,2,1,28,0,28,0,0,1,64,1,1
81,81,B5_Eltwise,1,4,29,3,1,29,0,29,0,0,1,64,1,1
81,81,B5_Eltwise,1,4,30,2,0,30,0,30,0,0,1,64,1,1
81,81,B5_Eltwise,1,4,31,3,0,31,0,31,0,0,1,64,1,1
81,81,B5_Eltwise,1,8,32,4,0,32,0,32,0,0,1,64,1,1
81,81,B5_Eltwise,1,8,33,5,0,33,0,33,0,0,1,64,1,1
81,81,B5_Eltwise,1,8,34,4,1,34,0,34,0,0,1,64,1,1
81,81,B5_Eltwise,1,8,35,5,1,35,0,35,0,0,1,64,1,1
81,81,B5_Eltwise,1,9,36,4,2,36,0,36,0,0,1,64,1,1
81,81,B5_Eltwise,1,9,37,5,2,37,0,37,0,0,1,64,1,1
81,81,B5_Eltwise,1,9,38,4,3,38,0,38,0,0,1,64,1,1
81,81,B5_Eltwise,1,9,39,5,3,39,0,39,0,0,1,64,1,1
81,81,B5_Eltwise,1,10,40,4,4,40,0,40,0,0,1,64,1,1
81,81,B5_Eltwise,1,10,41,5,4,41,0,41,0,0,1,64,1,1
81,81,B5_Eltwise,1,10,42,4,5,42,0,42,0,0,1,64,1,1
81,81,B5_Eltwise,1,10,43,5,5,43,0,43,0,0,1,64,1,1
81,81,B5_Eltwise,1,11,44,4,6,44,0,44,0,0,1,64,1,1
81,81,B5_Eltwise,1,11,45,5,6,45,0,45,0,0,1,64,1,1
81,81,B5_Eltwise,1,11,46,4,7,46,0,46,0,0,1,64,1,1
81,81,B5_Eltwise,1,11,47,5,7,47,0,47,0,0,1,64,1,1
81,81,B5_Eltwise,1,15,48,6,7,48,0,48,0,0,1,64,1,1
81,81,B5_Eltwise,1,15,49,7,7,49,0,49,0,0,1,64,1,1
81,81,B5_Eltwise,1,15,50,6,6,50,0,50,0,0,1,64,1,1
81,81,B5_Eltwise,1,15,51,7,6,51,0,51,0,0,1,64,1,1
81,81,B5_Eltwise,1,14,52,6,5,52,0,52,0,0,1,64,1,1
81,81,B5_Eltwise,1,14,53,7,5,53,0,53,0,0,1,64,1,1
81,81,B5_Eltwise,1,14,54,6,4,54,0,54,0,0,1,64,1,1
81,81,B5_Eltwise,1,14,55,7,4,55,0,55,0,0,1,64,1,1
81,81,B5_Eltwise,1,13,56,6,3,56,0,56,0,0,1,64,1,1
81,81,B5_Eltwise,1,13,57,7,3,57,0,57,0,0,1,64,1,1
81,81,B5_Eltwise,1,13,58,6,2,58,0,58,0,0,1,64,1,1
81,81,B5_Eltwise,1,13,59,7,2,59,0,59,0,0,1,64,1,1
81,81,B5_Eltwise,1,12,60,6,1,60,0,60,0,0,1,64,1,1
81,81,B5_Eltwise,1,12,61,7,1,61,0,61,0,0,1,64,1,1
81,81,B5_Eltwise,1,12,62,6,0,62,0,62,0,0,1,64,1,1
81,81,B5_Eltwise,1,12,63,7,0,63,0,63,0,0,1,64,1,1
82,82,B6_Conv_1a_1x1,16,0,0,0,0,0,0,0,0,0,16,4,1,1
82,82,B6_Conv_1a_1x1,16,0,1,1,0,4,1,0,0,0,16,4,1,1
82,82,B6_Conv_1a_1x1,16,0,2,0,1,8,2,0,0,0,16,4,1,1
82,82,B6_Conv_1a_1x1,16,0,3,1,1,12,3,0,0,0,16,4,1,1
82,82,B6_Conv_1a_1x1,16,1,4,0,2,16,4,0,0,0,16,4,1,1
82,82,B6_Conv_1a_1x1,16,1,5,1,2,20,5,0,0,0,16,4,1,1
82,82,B6_Conv_1a_1x1,16,1,6,0,3,24,6,0,0,0,16,4,1,1
82,82,B6_Conv_1a_1x1,16,1,7,1,3,28,7,0,0,0,16,4,1,1
82,82,B6_Conv_1a_1x1,16,2,8,0,4,32,8,0,0,0,16,4,1,1
82,82,B6_Conv_1a_1x1,16,2,9,1,4,36,9,0,0,0,16,4,1,1
82,82,B6_Conv_1a_1x1,16,2,10,0,5,40,10,0,0,0,16,4,1,1
82,82,B6_Conv_1a_1x1,16,2,11,1,5,44,11,0,0,0,16,4,1,1
82,82,B6_Conv_1a_1x1,16,3,12,0,6,48,12,0,0,0,16,4,1,1
82,82,B6_Conv_1a_1x1,16,3,13,1,6,52,13,0,0,0,16,4,1,1
82,82,B6_Conv_1a_1x1,16,3,14,0,7,56,14,0,0,0,16,4,1,1
82,82,B6_Conv_1a_1x1,16,3,15,1,7,60,15,0,0,0,16,4,1,1
82,82,B6_Conv_1a_1x1,16,7,16,2,7,1,0,1,0,0,16,4,1,1
82,82,B6_Conv_1a_1x1,16,7,17,3,7,5,1,1,0,0,16,4,1,1
82,82,B6_Conv_1a_1x1,16,7,18,2,6,9,2,1,0,0,16,4,1,1
82,82,B6_Conv_1a_1x1,16,7,19,3,6,13,3,1,0,0,16,4,1,1
82,82,B6_Conv_1a_1x1,16,6,20,2,5,17,4,1,0,0,16,4,1,1
82,82,B6_Conv_1a_1x1,16,6,21,3,5,21,5,1,0,0,16,4,1,1
82,82,B6_Conv_1a_1x1,16,6,22,2,4,25,6,1,0,0,16,4,1,1
82,82,B6_Conv_1a_1x1,16,6,23,3,4,29,7,1,0,0,16,4,1,1
82,82,B6_Conv_1a_1x1,16,5,24,2,3,33,8,1,0,0,16,4,1,1
82,82,B6_Conv_1a_1x1,16,5,25,3,3,37,9,1,0,0,16,4,1,1
82,82,B6_Conv_1a_1x1,16,5,26,2,2,41,10,1,0,0,16,4,1,1
82,82,B6_Conv_1a_1x1,16,5,27,3,2,45,11,1,0,0,16,4,1,1
82,82,B6_Conv_1a_1x1,16,4,28,2,1,49,12,1,0,0,16,4,1,1
82,82,B6_Conv_1a_1x1,16,4,29,3,1,53,13,1,0,0,16,4,1,1
82,82,B6_Conv_1a_1x1,16,4,30,2,0,57,14,1,0,0,16,4,1,1
82,82,B6_Conv_1a_1x1,16,4,31,3,0,61,15,1,0,0,16,4,1,1
82,82,B6_Conv_1a_1x1,16,8,32,4,0,2,0,2,0,0,16,4,1,1
82,82,B6_Conv_1a_1x1,16,8,33,5,0,6,1,2,0,0,16,4,1,1
82,82,B6_Conv_1a_1x1,16,8,34,4,1,10,2,2,0,0,16,4,1,1
82,82,B6_Conv_1a_1x1,16,8,35,5,1,14,3,2,0,0,16,4,1,1
82,82,B6_Conv_1a_1x1,16,9,36,4,2,18,4,2,0,0,16,4,1,1
82,82,B6_Conv_1a_1x1,16,9,37,5,2,22,5,2,0,0,16,4,1,1
82,82,B6_Conv_1a_1x1,16,9,38,4,3,26,6,2,0,0,16,4,1,1
82,82,B6_Conv_1a_1x1,16,9,39,5,3,30,7,2,0,0,16,4,1,1
82,82,B6_Conv_1a_1x1,16,10,40,4,4,34,8,2,0,0,16,4,1,1
82,82,B6_Conv_1a_1x1,16,10,41,5,4,38,9,2,0,0,16,4,1,1
82,82,B6_Conv_1a_1x1,16,10,42,4,5,42,10,2,0,0,16,4,1,1
82,82,B6_Conv_1a_1x1,16,10,43,5,5,46,11,2,0,0,16,4,1,1
82,82,B6_Conv_1a_1x1,16,11,44,4,6,50,12,2,0,0,16,4,1,1
82,82,B6_Conv_1a_1x1,16,11,45,5,6,54,13,2,0,0,16,4,1,1
82,82,B6_Conv_1a_1x1,16,11,46,4,7,58,14,2,0,0,16,4,1,1
82,82,B6_Conv_1a_1x1,16,11,47,5,7,62,15,2,0,0,16,4,1,1
82,82,B6_Conv_1a_1x1,16,15,48,6,7,3,0,3,0,0,16,4,1,1
82,82,B6_Conv_1a_1x1,16,15,49,7,7,7,1,3,0,0,16,4,1,1
82,82,B6_Conv_1a_1x1,16,15,50,6,6,11,2,3,0,0,16,4,1,1
82,82,B6_Conv_1a_1x1,16,15,51,7,6,15,3,3,0,0,16,4,1,1
82,82,B6_Conv_1a_1x1,16,14,52,6,5,19,4,3,0,0,16,4,1,1
82,82,B6_Conv_1a_1x1,16,14,53,7,5,23,5,3,0,0,16,4,1,1
82,82,B6_Conv_1a_1x1,16,14,54,6,4,27,6,3,0,0,16,4,1,1
82,82,B6_Conv_1a_1x1,16,14,55,7,4,31,7,3,0,0,16,4,1,1
82,82,B6_Conv_1a_1x1,16,13,56,6,3,35,8,3,0,0,16,4,1,1
82,82,B6_Conv_1a_1x1,16,13,57,7,3,39,9,3,0,0,16,4,1,1
82,82,B6_Conv_1a_1x1,16,13,58,6,2,43,10,3,0,0,16,4,1,1
82,82,B6_Conv_1a_1x1,16,13,59,7,2,47,11,3,0,0,16,4,1,1
82,82,B6_Conv_1a_1x1,16,12,60,6,1,51,12,3,0,0,16,4,1,1
82,82,B6_Conv_1a_1x1,16,12,61,7,1,55,13,3,0,0,16,4,1,1
82,82,B6_Conv_1a_1x1,16,12,62,6,0,59,14,3,0,0,16,4,1,1
82,82,B6_Conv_1a_1x1,16,12,63,7,0,63,15,3,0,0,16,4,1,1
83,83,B6_Conv_2a_1x1,16,0,0,0,0,0,0,0,0,0,16,4,1,1
83,83,B6_Conv_2a_1x1,16,0,1,1,0,4,1,0,0,0,16,4,1,1
83,83,B6_Conv_2a_1x1,16,0,2,0,1,8,2,0,0,0,16,4,1,1
83,83,B6_Conv_2a_1x1,16,0,3,1,1,12,3,0,0,0,16,4,1,1
83,83,B6_Conv_2a_1x1,16,1,4,0,2,16,4,0,0,0,16,4,1,1
83,83,B6_Conv_2a_1x1,16,1,5,1,2,20,5,0,0,0,16,4,1,1
83,83,B6_Conv_2a_1x1,16,1,6,0,3,24,6,0,0,0,16,4,1,1
83,83,B6_Conv_2a_1x1,16,1,7,1,3,28,7,0,0,0,16,4,1,1
83,83,B6_Conv_2a_1x1,16,2,8,0,4,32,8,0,0,0,16,4,1,1
83,83,B6_Conv_2a_1x1,16,2,9,1,4,36,9,0,0,0,16,4,1,1
83,83,B6_Conv_2a_1x1,16,2,10,0,5,40,10,0,0,0,16,4,1,1
83,83,B6_Conv_2a_1x1,16,2,11,1,5,44,11,0,0,0,16,4,1,1
83,83,B6_Conv_2a_1x1,16,3,12,0,6,48,12,0,0,0,16,4,1,1
83,83,B6_Conv_2a_1x1,16,3,13,1,6,52,13,0,0,0,16,4,1,1
83,83,B6_Conv_2a_1x1,16,3,14,0,7,56,14,0,0,0,16,4,1,1
83,83,B6_Conv_2a_1x1,16,3,15,1,7,60,15,0,0,0,16,4,1,1
83,83,B6_Conv_2a_1x1,16,7,16,2,7,1,0,1,0,0,16,4,1,1
83,83,B6_Conv_2a_1x1,16,7,17,3,7,5,1,1,0,0,16,4,1,1
83,83,B6_Conv_2a_1x1,16,7,18,2,6,9,2,1,0,0,16,4,1,1
83,83,B6_Conv_2a_1x1,16,7,19,3,6,13,3,1,0,0,16,4,1,1
83,83,B6_Conv_2a_1x1,16,6,20,2,5,17,4,1,0,0,16,4,1,1
83,83,B6_Conv_2a_1x1,16,6,21,3,5,21,5,1,0,0,16,4,1,1
83,83,B6_Conv_2a_1x1,16,6,22,2,4,25,6,1,0,0,16,4,1,1
83,83,B6_Conv_2a_1x1,16,6,23,3,4,29,7,1,0,0,16,4,1,1
83,83,B6_Conv_2a_1x1,16,5,24,2,3,33,8,1,0,0,16,4,1,1
83,83,B6_Conv_2a_1x1,16,5,25,3,3,37,9,1,0,0,16,4,1,1
83,83,B6_Conv_2a_1x1,16,5,26,2,2,41,10,1,0,0,16,4,1,1
83,83,B6_Conv_2a_1x1,16,5,27,3,2,45,11,1,0,0,16,4,1,1
83,83,B6_Conv_2a_1x1,16,4,28,2,1,49,12,1,0,0,16,4,1,1
83,83,B6_Conv_2a_1x1,16,4,29,3,1,53,13,1,0,0,16,4,1,1
83,83,B6_Conv_2a_1x1,16,4,30,2,0,57,14,1,0,0,16,4,1,1
83,83,B6_Conv_2a_1x1,16,4,31,3,0,61,15,1,0,0,16,4,1,1
83,83,B6_Conv_2a_1x1,16,8,32,4,0,2,0,2,0,0,16,4,1,1
83,83,B6_Conv_2a_1x1,16,8,33,5,0,6,1,2,0,0,16,4,1,1
83,83,B6_Conv_2a_1x1,16,8,34,4,1,10,2,2,0,0,16,4,1,1
83,83,B6_Conv_2a_1x1,16,8,35,5,1,14,3,2,0,0,16,4,1,1
83,83,B6_Conv_2a_1x1,16,9,36,4,2,18,4,2,0,0,16,4,1,1
83,83,B6_Conv_2a_1x1,16,9,37,5,2,22,5,2,0,0,16,4,1,1
83,83,B6_Conv_2a_1x1,16,9,38,4,3,26,6,2,0,0,16,4,1,1
83,83,B6_Conv_2a_1x1,16,9,39,5,3,30,7,2,0,0,16,4,1,1
83,83,B6_Conv_2a_1x1,16,10,40,4,4,34,8,2,0,0,16,4,1,1
83,83,B6_Conv_2a_1x1,16,10,41,5,4,38,9,2,0,0,16,4,1,1
83,83,B6_Conv_2a_1x1,16,10,42,4,5,42,10,2,0,0,16,4,1,1
83,83,B6_Conv_2a_1x1,16,10,43,5,5,46,11,2,0,0,16,4,1,1
83,83,B6_Conv_2a_1x1,16,11,44,4,6,50,12,2,0,0,16,4,1,1
83,83,B6_Conv_2a_1x1,16,11,45,5,6,54,13,2,0,0,16,4,1,1
83,83,B6_Conv_2a_1x1,16,11,46,4,7,58,14,2,0,0,16,4,1,1
83,83,B6_Conv_2a_1x1,16,11,47,5,7,62,15,2,0,0,16,4,1,1
83,83,B6_Conv_2a_1x1,16,15,48,6,7,3,0,3,0,0,16,4,1,1
83,83,B6_Conv_2a_1x1,16,15,49,7,7,7,1,3,0,0,16,4,1,1
83,83,B6_Conv_2a_1x1,16,15,50,6,6,11,2,3,0,0,16,4,1,1
83,83,B6_Conv_2a_1x1,16,15,51,7,6,15,3,3,0,0,16,4,1,1
83,83,B6_Conv_2a_1x1,16,14,52,6,5,19,4,3,0,0,16,4,1,1
83,83,B6_Conv_2a_1x1,16,14,53,7,5,23,5,3,0,0,16,4,1,1
83,83,B6_Conv_2a_1x1,16,14,54,6,4,27,6,3,0,0,16,4,1,1
83,83,B6_Conv_2a_1x1,16,14,55,7,4,31,7,3,0,0,16,4,1,1
83,83,B6_Conv_2a_1x1,16,13,56,6,3,35,8,3,0,0,16,4,1,1
83,83,B6_Conv_2a_1x1,16,13,57,7,3,39,9,3,0,0,16,4,1,1
83,83,B6_Conv_2a_1x1,16,13,58,6,2,43,10,3,0,0,16,4,1,1
83,83,B6_Conv_2a_1x1,16,13,59,7,2,47,11,3,0,0,16,4,1,1
83,83,B6_Conv_2a_1x1,16,12,60,6,1,51,12,3,0,0,16,4,1,1
83,83,B6_Conv_2a_1x1,16,12,61,7,1,55,13,3,0,0,16,4,1,1
83,83,B6_Conv_2a_1x1,16,12,62,6,0,59,14,3,0,0,16,4,1,1
83,83,B6_Conv_2a_1x1,16,12,63,7,0,63,15,3,0,0,16,4,1,1
84,84,B6_Conv_2b_1x7,16,0,0,0,0,0,0,0,0,0,16,4,1,1
84,84,B6_Conv_2b_1x7,16,0,1,1,0,4,1,0,0,0,16,4,1,1
84,84,B6_Conv_2b_1x7,16,0,2,0,1,8,2,0,0,0,16,4,1,1
84,84,B6_Conv_2b_1x7,16,0,3,1,1,12,3,0,0,0,16,4,1,1
84,84,B6_Conv_2b_1x7,16,1,4,0,2,16,4,0,0,0,16,4,1,1
84,84,B6_Conv_2b_1x7,16,1,5,1,2,20,5,0,0,0,16,4,1,1
84,84,B6_Conv_2b_1x7,16,1,6,0,3,24,6,0,0,0,16,4,1,1
84,84,B6_Conv_2b_1x7,16,1,7,1,3,28,7,0,0,0,16,4,1,1
84,84,B6_Conv_2b_1x7,16,2,8,0,4,32,8,0,0,0,16,4,1,1
84,84,B6_Conv_2b_1x7,16,2,9,1,4,36,9,0,0,0,16,4,1,1
84,84,B6_Conv_2b_1x7,16,2,10,0,5,40,10,0,0,0,16,4,1,1
84,84,B6_Conv_2b_1x7,16,2,11,1,5,44,11,0,0,0,16,4,1,1
84,84,B6_Conv_2b_1x7,16,3,12,0,6,48,12,0,0,0,16,4,1,1
84,84,B6_Conv_2b_1x7,16,3,13,1,6,52,13,0,0,0,16,4,1,1
84,84,B6_Conv_2b_1x7,16,3,14,0,7,56,14,0,0,0,16,4,1,1
84,84,B6_Conv_2b_1x7,16,3,15,1,7,60,15,0,0,0,16,4,1,1
84,84,B6_Conv_2b_1x7,16,7,16,2,7,1,0,1,0,0,16,4,1,1
84,84,B6_Conv_2b_1x7,16,7,17,3,7,5,1,1,0,0,16,4,1,1
84,84,B6_Conv_2b_1x7,16,7,18,2,6,9,2,1,0,0,16,4,1,1
84,84,B6_Conv_2b_1x7,16,7,19,3,6,13,3,1,0,0,16,4,1,1
84,84,B6_Conv_2b_1x7,16,6,20,2,5,17,4,1,0,0,16,4,1,1
84,84,B6_Conv_2b_1x7,16,6,21,3,5,21,5,1,0,0,16,4,1,1
84,84,B6_Conv_2b_1x7,16,6,22,2,4,25,6,1,0,0,16,4,1,1
84,84,B6_Conv_2b_1x7,16,6,23,3,4,29,7,1,0,0,16,4,1,1
84,84,B6_Conv_2b_1x7,16,5,24,2,3,33,8,1,0,0,16,4,1,1
84,84,B6_Conv_2b_1x7,16,5,25,3,3,37,9,1,0,0,16,4,1,1
84,84,B6_Conv_2b_1x7,16,5,26,2,2,41,10,1,0,0,16,4,1,1
84,84,B6_Conv_2b_1x7,16,5,27,3,2,45,11,1,0,0,16,4,1,1
84,84,B6_Conv_2b_1x7,16,4,28,2,1,49,12,1,0,0,16,4,1,1
84,84,B6_Conv_2b_1x7,16,4,29,3,1,53,13,1,0,0,16,4,1,1
84,84,B6_Conv_2b_1x7,16,4,30,2,0,57,14,1,0,0,16,4,1,1
84,84,B6_Conv_2b_1x7,16,4,31,3,0,61,15,1,0,0,16,4,1,1
84,84,B6_Conv_2b_1x7,16,8,32,4,0,2,0,2,0,0,16,4,1,1
84,84,B6_Conv_2b_1x7,16,8,33,5,0,6,1,2,0,0,16,4,1,1
84,84,B6_Conv_2b_1x7,16,8,34,4,1,10,2,2,0,0,16,4,1,1
84,84,B6_Conv_2b_1x7,16,8,35,5,1,14,3,2,0,0,16,4,1,1
84,84,B6_Conv_2b_1x7,16,9,36,4,2,18,4,2,0,0,16,4,1,1
84,84,B6_Conv_2b_1x7,16,9,37,5,2,22,5,2,0,0,16,4,1,1
84,84,B6_Conv_2b_1x7,16,9,38,4,3,26,6,2,0,0,16,4,1,1
84,84,B6_Conv_2b_1x7,16,9,39,5,3,30,7,2,0,0,16,4,1,1
84,84,B6_Conv_2b_1x7,16,10,40,4,4,34,8,2,0,0,16,4,1,1
84,84,B6_Conv_2b_1x7,16,10,41,5,4,38,9,2,0,0,16,4,1,1
84,84,B6_Conv_2b_1x7,16,10,42,4,5,42,10,2,0,0,16,4,1,1
84,84,B6_Conv_2b_1x7,16,10,43,5,5,46,11,2,0,0,16,4,1,1
84,84,B6_Conv_2b_1x7,16,11,44,4,6,50,12,2,0,0,16,4,1,1
84,84,B6_Conv_2b_1x7,16,11,45,5,6,54,13,2,0,0,16,4,1,1
84,84,B6_Conv_2b_1x7,16,11,46,4,7,58,14,2,0,0,16,4,1,1
84,84,B6_Conv_2b_1x7,16,11,47,5,7,62,15,2,0,0,16,4,1,1
84,84,B6_Conv_2b_1x7,16,15,48,6,7,3,0,3,0,0,16,4,1,1
84,84,B6_Conv_2b_1x7,16,15,49,7,7,7,1,3,0,0,16,4,1,1
84,84,B6_Conv_2b_1x7,16,15,50,6,6,11,2,3,0,0,16,4,1,1
84,84,B6_Conv_2b_1x7,16,15,51,7,6,15,3,3,0,0,16,4,1,1
84,84,B6_Conv_2b_1x7,16,14,52,6,5,19,4,3,0,0,16,4,1,1
84,84,B6_Conv_2b_1x7,16,14,53,7,5,23,5,3,0,0,16,4,1,1
84,84,B6_Conv_2b_1x7,16,14,54,6,4,27,6,3,0,0,16,4,1,1
84,84,B6_Conv_2b_1x7,16,14,55,7,4,31,7,3,0,0,16,4,1,1
84,84,B6_Conv_2b_1x7,16,13,56,6,3,35,8,3,0,0,16,4,1,1
84,84,B6_Conv_2b_1x7,16,13,57,7,3,39,9,3,0,0,16,4,1,1
84,84,B6_Conv_2b_1x7,16,13,58,6,2,43,10,3,0,0,16,4,1,1
84,84,B6_Conv_2b_1x7,16,13,59,7,2,47,11,3,0,0,16,4,1,1
84,84,B6_Conv_2b_1x7,16,12,60,6,1,51,12,3,0,0,16,4,1,1
84,84,B6_Conv_2b_1x7,16,12,61,7,1,55,13,3,0,0,16,4,1,1
84,84,B6_Conv_2b_1x7,16,12,62,6,0,59,14,3,0,0,16,4,1,1
84,84,B6_Conv_2b_1x7,16,12,63,7,0,63,15,3,0,0,16,4,1,1
85,85,B6_Conv_2c_7x1,16,0,0,0,0,0,0,0,0,0,16,4,1,1
85,85,B6_Conv_2c_7x1,16,0,1,1,0,4,1,0,0,0,16,4,1,1
85,85,B6_Conv_2c_7x1,16,0,2,0,1,8,2,0,0,0,16,4,1,1
85,85,B6_Conv_2c_7x1,16,0,3,1,1,12,3,0,0,0,16,4,1,1
85,85,B6_Conv_2c_7x1,16,1,4,0,2,16,4,0,0,0,16,4,1,1
85,85,B6_Conv_2c_7x1,16,1,5,1,2,20,5,0,0,0,16,4,1,1
85,85,B6_Conv_2c_7x1,16,1,6,0,3,24,6,0,0,0,16,4,1,1
85,85,B6_Conv_2c_7x1,16,1,7,1,3,28,7,0,0,0,16,4,1,1
85,85,B6_Conv_2c_7x1,16,2,8,0,4,32,8,0,0,0,16,4,1,1
85,85,B6_Conv_2c_7x1,16,2,9,1,4,36,9,0,0,0,16,4,1,1
85,85,B6_Conv_2c_7x1,16,2,10,0,5,40,10,0,0,0,16,4,1,1
85,85,B6_Conv_2c_7x1,16,2,11,1,5,44,11,0,0,0,16,4,1,1
85,85,B6_Conv_2c_7x1,16,3,12,0,6,48,12,0,0,0,16,4,1,1
85,85,B6_Conv_2c_7x1,16,3,13,1,6,52,13,0,0,0,16,4,1,1
85,85,B6_Conv_2c_7x1,16,3,14,0,7,56,14,0,0,0,16,4,1,1
85,85,B6_Conv_2c_7x1,16,3,15,1,7,60,15,0,0,0,16,4,1,1
85,85,B6_Conv_2c_7x1,16,7,16,2,7,1,0,1,0,0,16,4,1,1
85,85,B6_Conv_2c_7x1,16,7,17,3,7,5,1,1,0,0,16,4,1,1
85,85,B6_Conv_2c_7x1,16,7,18,2,6,9,2,1,0,0,16,4,1,1
85,85,B6_Conv_2c_7x1,16,7,19,3,6,13,3,1,0,0,16,4,1,1
85,85,B6_Conv_2c_7x1,16,6,20,2,5,17,4,1,0,0,16,4,1,1
85,85,B6_Conv_2c_7x1,16,6,21,3,5,21,5,1,0,0,16,4,1,1
85,85,B6_Conv_2c_7x1,16,6,22,2,4,25,6,1,0,0,16,4,1,1
85,85,B6_Conv_2c_7x1,16,6,23,3,4,29,7,1,0,0,16,4,1,1
85,85,B6_Conv_2c_7x1,16,5,24,2,3,33,8,1,0,0,16,4,1,1
85,85,B6_Conv_2c_7x1,16,5,25,3,3,37,9,1,0,0,16,4,1,1
85,85,B6_Conv_2c_7x1,16,5,26,2,2,41,10,1,0,0,16,4,1,1
85,85,B6_Conv_2c_7x1,16,5,27,3,2,45,11,1,0,0,16,4,1,1
85,85,B6_Conv_2c_7x1,16,4,28,2,1,49,12,1,0,0,16,4,1,1
85,85,B6_Conv_2c_7x1,16,4,29,3,1,53,13,1,0,0,16,4,1,1
85,85,B6_Conv_2c_7x1,16,4,30,2,0,57,14,1,0,0,16,4,1,1
85,85,B6_Conv_2c_7x1,16,4,31,3,0,61,15,1,0,0,16,4,1,1
85,85,B6_Conv_2c_7x1,16,8,32,4,0,2,0,2,0,0,16,4,1,1
85,85,B6_Conv_2c_7x1,16,8,33,5,0,6,1,2,0,0,16,4,1,1
85,85,B6_Conv_2c_7x1,16,8,34,4,1,10,2,2,0,0,16,4,1,1
85,85,B6_Conv_2c_7x1,16,8,35,5,1,14,3,2,0,0,16,4,1,1
85,85,B6_Conv_2c_7x1,16,9,36,4,2,18,4,2,0,0,16,4,1,1
85,85,B6_Conv_2c_7x1,16,9,37,5,2,22,5,2,0,0,16,4,1,1
85,85,B6_Conv_2c_7x1,16,9,38,4,3,26,6,2,0,0,16,4,1,1
85,85,B6_Conv_2c_7x1,16,9,39,5,3,30,7,2,0,0,16,4,1,1
85,85,B6_Conv_2c_7x1,16,10,40,4,4,34,8,2,0,0,16,4,1,1
85,85,B6_Conv_2c_7x1,16,10,41,5,4,38,9,2,0,0,16,4,1,1
85,85,B6_Conv_2c_7x1,16,10,42,4,5,42,10,2,0,0,16,4,1,1
85,85,B6_Conv_2c_7x1,16,10,43,5,5,46,11,2,0,0,16,4,1,1
85,85,B6_Conv_2c_7x1,16,11,44,4,6,50,12,2,0,0,16,4,1,1
85,85,B6_Conv_2c_7x1,16,11,45,5,6,54,13,2,0,0,16,4,1,1
85,85,B6_Conv_2c_7x1,16,11,46,4,7,58,14,2,0,0,16,4,1,1
85,85,B6_Conv_2c_7x1,16,11,47,5,7,62,15,2,0,0,16,4,1,1
85,85,B6_Conv_2c_7x1,16,15,48,6,7,3,0,3,0,0,16,4,1,1
85,85,B6_Conv_2c_7x1,16,15,49,7,7,7,1,3,0,0,16,4,1,1
85,85,B6_Conv_2c_7x1,16,15,50,6,6,11,2,3,0,0,16,4,1,1
85,85,B6_Conv_2c_7x1,16,15,51,7,6,15,3,3,0,0,16,4,1,1
85,85,B6_Conv_2c_7x1,16,14,52,6,5,19,4,3,0,0,16,4,1,1
85,85,B6_Conv_2c_7x1,16,14,53,7,5,23,5,3,0,0,16,4,1,1
85,85,B6_Conv_2c_7x1,16,14,54,6,4,27,6,3,0,0,16,4,1,1
85,85,B6_Conv_2c_7x1,16,14,55,7,4,31,7,3,0,0,16,4,1,1
85,85,B6_Conv_2c_7x1,16,13,56,6,3,35,8,3,0,0,16,4,1,1
85,85,B6_Conv_2c_7x1,16,13,57,7,3,39,9,3,0,0,16,4,1,1
85,85,B6_Conv_2c_7x1,16,13,58,6,2,43,10,3,0,0,16,4,1,1
85,85,B6_Conv_2c_7x1,16,13,59,7,2,47,11,3,0,0,16,4,1,1
85,85,B6_Conv_2c_7x1,16,12,60,6,1,51,12,3,0,0,16,4,1,1
85,85,B6_Conv_2c_7x1,16,12,61,7,1,55,13,3,0,0,16,4,1,1
85,85,B6_Conv_2c_7x1,16,12,62,6,0,59,14,3,0,0,16,4,1,1
85,85,B6_Conv_2c_7x1,16,12,63,7,0,63,15,3,0,0,16,4,1,1
86,86,B6_Conv_3_1x1,16,0,0,0,0,0,0,0,0,0,16,4,1,1
86,86,B6_Conv_3_1x1,16,0,1,1,0,4,1,0,0,0,16,4,1,1
86,86,B6_Conv_3_1x1,16,0,2,0,1,8,2,0,0,0,16,4,1,1
86,86,B6_Conv_3_1x1,16,0,3,1,1,12,3,0,0,0,16,4,1,1
86,86,B6_Conv_3_1x1,16,1,4,0,2,16,4,0,0,0,16,4,1,1
86,86,B6_Conv_3_1x1,16,1,5,1,2,20,5,0,0,0,16,4,1,1
86,86,B6_Conv_3_1x1,16,1,6,0,3,24,6,0,0,0,16,4,1,1
86,86,B6_Conv_3_1x1,16,1,7,1,3,28,7,0,0,0,16,4,1,1
86,86,B6_Conv_3_1x1,16,2,8,0,4,32,8,0,0,0,16,4,1,1
86,86,B6_Conv_3_1x1,16,2,9,1,4,36,9,0,0,0,16,4,1,1
86,86,B6_Conv_3_1x1,16,2,10,0,5,40,10,0,0,0,16,4,1,1
86,86,B6_Conv_3_1x1,16,2,11,1,5,44,11,0,0,0,16,4,1,1
86,86,B6_Conv_3_1x1,16,3,12,0,6,48,12,0,0,0,16,4,1,1
86,86,B6_Conv_3_1x1,16,3,13,1,6,52,13,0,0,0,16,4,1,1
86,86,B6_Conv_3_1x1,16,3,14,0,7,56,14,0,0,0,16,4,1,1
86,86,B6_Conv_3_1x1,16,3,15,1,7,60,15,0,0,0,16,4,1,1
86,86,B6_Conv_3_1x1,16,7,16,2,7,1,0,1,0,0,16,4,1,1
86,86,B6_Conv_3_1x1,16,7,17,3,7,5,1,1,0,0,16,4,1,1
86,86,B6_Conv_3_1x1,16,7,18,2,6,9,2,1,0,0,16,4,1,1
86,86,B6_Conv_3_1x1,16,7,19,3,6,13,3,1,0,0,16,4,1,1
86,86,B6_Conv_3_1x1,16,6,20,2,5,17,4,1,0,0,16,4,1,1
86,86,B6_Conv_3_1x1,16,6,21,3,5,21,5,1,0,0,16,4,1,1
86,86,B6_Conv_3_1x1,16,6,22,2,4,25,6,1,0,0,16,4,1,1
86,86,B6_Conv_3_1x1,16,6,23,3,4,29,7,1,0,0,16,4,1,1
86,86,B6_Conv_3_1x1,16,5,24,2,3,33,8,1,0,0,16,4,1,1
86,86,B6_Conv_3_1x1,16,5,25,3,3,37,9,1,0,0,16,4,1,1
86,86,B6_Conv_3_1x1,16,5,26,2,2,41,10,1,0,0,16,4,1,1
86,86,B6_Conv_3_1x1,16,5,27,3,2,45,11,1,0,0,16,4,1,1
86,86,B6_Conv_3_1x1,16,4,28,2,1,49,12,1,0,0,16,4,1,1
86,86,B6_Conv_3_1x1,16,4,29,3,1,53,13,1,0,0,16,4,1,1
86,86,B6_Conv_3_1x1,16,4,30,2,0,57,14,1,0,0,16,4,1,1
86,86,B6_Conv_3_1x1,16,4,31,3,0,61,15,1,0,0,16,4,1,1
86,86,B6_Conv_3_1x1,16,8,32,4,0,2,0,2,0,0,16,4,1,1
86,86,B6_Conv_3_1x1,16,8,33,5,0,6,1,2,0,0,16,4,1,1
86,86,B6_Conv_3_1x1,16,8,34,4,1,10,2,2,0,0,16,4,1,1
86,86,B6_Conv_3_1x1,16,8,35,5,1,14,3,2,0,0,16,4,1,1
86,86,B6_Conv_3_1x1,16,9,36,4,2,18,4,2,0,0,16,4,1,1
86,86,B6_Conv_3_1x1,16,9,37,5,2,22,5,2,0,0,16,4,1,1
86,86,B6_Conv_3_1x1,16,9,38,4,3,26,6,2,0,0,16,4,1,1
86,86,B6_Conv_3_1x1,16,9,39,5,3,30,7,2,0,0,16,4,1,1
86,86,B6_Conv_3_1x1,16,10,40,4,4,34,8,2,0,0,16,4,1,1
86,86,B6_Conv_3_1x1,16,10,41,5,4,38,9,2,0,0,16,4,1,1
86,86,B6_Conv_3_1x1,16,10,42,4,5,42,10,2,0,0,16,4,1,1
86,86,B6_Conv_3_1x1,16,10,43,5,5,46,11,2,0,0,16,4,1,1
86,86,B6_Conv_3_1x1,16,11,44,4,6,50,12,2,0,0,16,4,1,1
86,86,B6_Conv_3_1x1,16,11,45,5,6,54,13,2,0,0,16,4,1,1
86,86,B6_Conv_3_1x1,16,11,46,4,7,58,14,2,0,0,16,4,1,1
86,86,B6_Conv_3_1x1,16,11,47,5,7,62,15,2,0,0,16,4,1,1
86,86,B6_Conv_3_1x1,16,15,48,6,7,3,0,3,0,0,16,4,1,1
86,86,B6_Conv_3_1x1,16,15,49,7,7,7,1,3,0,0,16,4,1,1
86,86,B6_Conv_3_1x1,16,15,50,6,6,11,2,3,0,0,16,4,1,1
86,86,B6_Conv_3_1x1,16,15,51,7,6,15,3,3,0,0,16,4,1,1
86,86,B6_Conv_3_1x1,16,14,52,6,5,19,4,3,0,0,16,4,1,1
86,86,B6_Conv_3_1x1,16,14,53,7,5,23,5,3,0,0,16,4,1,1
86,86,B6_Conv_3_1x1,16,14,54,6,4,27,6,3,0,0,16,4,1,1
86,86,B6_Conv_3_1x1,16,14,55,7,4,31,7,3,0,0,16,4,1,1
86,86,B6_Conv_3_1x1,16,13,56,6,3,35,8,3,0,0,16,4,1,1
86,86,B6_Conv_3_1x1,16,13,57,7,3,39,9,3,0,0,16,4,1,1
86,86,B6_Conv_3_1x1,16,13,58,6,2,43,10,3,0,0,16,4,1,1
86,86,B6_Conv_3_1x1,16,13,59,7,2,47,11,3,0,0,16,4,1,1
86,86,B6_Conv_3_1x1,16,12,60,6,1,51,12,3,0,0,16,4,1,1
86,86,B6_Conv_3_1x1,16,12,61,7,1,55,13,3,0,0,16,4,1,1
86,86,B6_Conv_3_1x1,16,12,62,6,0,59,14,3,0,0,16,4,1,1
86,86,B6_Conv_3_1x1,16,12,63,7,0,63,15,3,0,0,16,4,1,1
87,87,B6_Eltwise,1,0,0,0,0,0,0,0,0,0,1,64,1,1
87,87,B6_Eltwise,1,0,1,1,0,1,0,1,0,0,1,64,1,1
87,87,B6_Eltwise,1,0,2,0,1,2,0,2,0,0,1,64,1,1
87,87,B6_Eltwise,1,0,3,1,1,3,0,3,0,0,1,64,1,1
87,87,B6_Eltwise,1,1,4,0,2,4,0,4,0,0,1,64,1,1
87,87,B6_Eltwise,1,1,5,1,2,5,0,5,0,0,1,64,1,1
87,87,B6_Eltwise,1,1,6,0,3,6,0,6,0,0,1,64,1,1
87,87,B6_Eltwise,1,1,7,1,3,7,0,7,0,0,1,64,1,1
87,87,B6_Eltwise,1,2,8,0,4,8,0,8,0,0,1,64,1,1
87,87,B6_Eltwise,1,2,9,1,4,9,0,9,0,0,1,64,1,1
87,87,B6_Eltwise,1,2,10,0,5,10,0,10,0,0,1,64,1,1
87,87,B6_Eltwise,1,2,11,1,5,11,0,11,0,0,1,64,1,1
87,87,B6_Eltwise,1,3,12,0,6,12,0,12,0,0,1,64,1,1
87,87,B6_Eltwise,1,3,13,1,6,13,0,13,0,0,1,64,1,1
87,87,B6_Eltwise,1,3,14,0,7,14,0,14,0,0,1,64,1,1
87,87,B6_Eltwise,1,3,15,1,7,15,0,15,0,0,1,64,1,1
87,87,B6_Eltwise,1,7,16,2,7,16,0,16,0,0,1,64,1,1
87,87,B6_Eltwise,1,7,17,3,7,17,0,17,0,0,1,64,1,1
87,87,B6_Eltwise,1,7,18,2,6,18,0,18,0,0,1,64,1,1
87,87,B6_Eltwise,1,7,19,3,6,19,0,19,0,0,1,64,1,1
87,87,B6_Eltwise,1,6,20,2,5,20,0,20,0,0,1,64,1,1
87,87,B6_Eltwise,1,6,21,3,5,21,0,21,0,0,1,64,1,1
87,87,B6_Eltwise,1,6,22,2,4,22,0,22,0,0,1,64,1,1
87,87,B6_Eltwise,1,6,23,3,4,23,0,23,0,0,1,64,1,1
87,87,B6_Eltwise,1,5,24,2,3,24,0,24,0,0,1,64,1,1
87,87,B6_Eltwise,1,5,25,3,3,25,0,25,0,0,1,64,1,1
87,87,B6_Eltwise,1,5,26,2,2,26,0,26,0,0,1,64,1,1
87,87,B6_Eltwise,1,5,27,3,2,27,0,27,0,0,1,64,1,1
87,87,B6_Eltwise,1,4,28,2,1,28,0,28,0,0,1,64,1,1
87,87,B6_Eltwise,1,4,29,3,1,29,0,29,0,0,1,64,1,1
87,87,B6_Eltwise,1,4,30,2,0,30,0,30,0,0,1,64,1,1
87,87,B6_Eltwise,1,4,31,3,0,31,0,31,0,0,1,64,1,1
87,87,B6_Eltwise,1,8,32,4,0,32,0,32,0,0,1,64,1,1
87,87,B6_Eltwise,1,8,33,5,0,33,0,33,0,0,1,64,1,1
87,87,B6_Eltwise,1,8,34,4,1,34,0,34,0,0,1,64,1,1
87,87,B6_Eltwise,1,8,35,5,1,35,0,35,0,0,1,64,1,1
87,87,B6_Eltwise,1,9,36,4,2,36,0,36,0,0,1,64,1,1
87,87,B6_Eltwise,1,9,37,5,2,37,0,37,0,0,1,64,1,1
87,87,B6_Eltwise,1,9,38,4,3,38,0,38,0,0,1,64,1,1
87,87,B6_Eltwise,1,9,39,5,3,39,0,39,0,0,1,64,1,1
87,87,B6_Eltwise,1,10,40,4,4,40,0,40,0,0,1,64,1,1
87,87,B6_Eltwise,1,10,41,5,4,41,0,41,0,0,1,64,1,1
87,87,B6_Eltwise,1,10,42,4,5,42,0,42,0,0,1,64,1,1
87,87,B6_Eltwise,1,10,43,5,5,43,0,43,0,0,1,64,1,1
87,87,B6_Eltwise,1,11,44,4,6,44,0,44,0,0,1,64,1,1
87,87,B6_Eltwise,1,11,45,5,6,45,0,45,0,0,1,64,1,1
87,87,B6_Eltwise,1,11,46,4,7,46,0,46,0,0,1,64,1,1
87,87,B6_Eltwise,1,11,47,5,7,47,0,47,0,0,1,64,1,1
87,87,B6_Eltwise,1,15,48,6,7,48,0,48,0,0,1,64,1,1
87,87,B6_Eltwise,1,15,49,7,7,49,0,49,0,0,1,64,1,1
87,87,B6_Eltwise,1,15,50,6,6,50,0,50,0,0,1,64,1,1
87,87,B6_Eltwise,1,15,51,7,6,51,0,51,0,0,1,64,1,1
87,87,B6_Eltwise,1,14,52,6,5,52,0,52,0,0,1,64,1,1
87,87,B6_Eltwise,1,14,53,7,5,53,0,53,0,0,1,64,1,1
87,87,B6_Eltwise,1,14,54,6,4,54,0,54,0,0,1,64,1,1
87,87,B6_Eltwise,1,14,55,7,4,55,0,55,0,0,1,64,1,1
87,87,B6_Eltwise,1,13,56,6,3,56,0,56,0,0,1,64,1,1
87,87,B6_Eltwise,1,13,57,7,3,57,0,57,0,0,1,64,1,1
87,87,B6_Eltwise,1,13,58,6,2,58,0,58,0,0,1,64,1,1
87,87,B6_Eltwise,1,13,59,7,2,59,0,59,0,0,1,64,1,1
87,87,B6_Eltwise,1,12,60,6,1,60,0,60,0,0,1,64,1,1
87,87,B6_Eltwise,1,12,61,7,1,61,0,61,0,0,1,64,1,1
87,87,B6_Eltwise,1,12,62,6,0,62,0,62,0,0,1,64,1,1
87,87,B6_Eltwise,1,12,63,7,0,63,0,63,0,0,1,64,1,1
88,88,B7_Conv_1a_1x1,16,0,0,0,0,0,0,0,0,0,16,4,1,1
88,88,B7_Conv_1a_1x1,16,0,1,1,0,4,1,0,0,0,16,4,1,1
88,88,B7_Conv_1a_1x1,16,0,2,0,1,8,2,0,0,0,16,4,1,1
88,88,B7_Conv_1a_1x1,16,0,3,1,1,12,3,0,0,0,16,4,1,1
88,88,B7_Conv_1a_1x1,16,1,4,0,2,16,4,0,0,0,16,4,1,1
88,88,B7_Conv_1a_1x1,16,1,5,1,2,20,5,0,0,0,16,4,1,1
88,88,B7_Conv_1a_1x1,16,1,6,0,3,24,6,0,0,0,16,4,1,1
88,88,B7_Conv_1a_1x1,16,1,7,1,3,28,7,0,0,0,16,4,1,1
88,88,B7_Conv_1a_1x1,16,2,8,0,4,32,8,0,0,0,16,4,1,1
88,88,B7_Conv_1a_1x1,16,2,9,1,4,36,9,0,0,0,16,4,1,1
88,88,B7_Conv_1a_1x1,16,2,10,0,5,40,10,0,0,0,16,4,1,1
88,88,B7_Conv_1a_1x1,16,2,11,1,5,44,11,0,0,0,16,4,1,1
88,88,B7_Conv_1a_1x1,16,3,12,0,6,48,12,0,0,0,16,4,1,1
88,88,B7_Conv_1a_1x1,16,3,13,1,6,52,13,0,0,0,16,4,1,1
88,88,B7_Conv_1a_1x1,16,3,14,0,7,56,14,0,0,0,16,4,1,1
88,88,B7_Conv_1a_1x1,16,3,15,1,7,60,15,0,0,0,16,4,1,1
88,88,B7_Conv_1a_1x1,16,7,16,2,7,1,0,1,0,0,16,4,1,1
88,88,B7_Conv_1a_1x1,16,7,17,3,7,5,1,1,0,0,16,4,1,1
88,88,B7_Conv_1a_1x1,16,7,18,2,6,9,2,1,0,0,16,4,1,1
88,88,B7_Conv_1a_1x1,16,7,19,3,6,13,3,1,0,0,16,4,1,1
88,88,B7_Conv_1a_1x1,16,6,20,2,5,17,4,1,0,0,16,4,1,1
88,88,B7_Conv_1a_1x1,16,6,21,3,5,21,5,1,0,0,16,4,1,1
88,88,B7_Conv_1a_1x1,16,6,22,2,4,25,6,1,0,0,16,4,1,1
88,88,B7_Conv_1a_1x1,16,6,23,3,4,29,7,1,0,0,16,4,1,1
88,88,B7_Conv_1a_1x1,16,5,24,2,3,33,8,1,0,0,16,4,1,1
88,88,B7_Conv_1a_1x1,16,5,25,3,3,37,9,1,0,0,16,4,1,1
88,88,B7_Conv_1a_1x1,16,5,26,2,2,41,10,1,0,0,16,4,1,1
88,88,B7_Conv_1a_1x1,16,5,27,3,2,45,11,1,0,0,16,4,1,1
88,88,B7_Conv_1a_1x1,16,4,28,2,1,49,12,1,0,0,16,4,1,1
88,88,B7_Conv_1a_1x1,16,4,29,3,1,53,13,1,0,0,16,4,1,1
88,88,B7_Conv_1a_1x1,16,4,30,2,0,57,14,1,0,0,16,4,1,1
88,88,B7_Conv_1a_1x1,16,4,31,3,0,61,15,1,0,0,16,4,1,1
88,88,B7_Conv_1a_1x1,16,8,32,4,0,2,0,2,0,0,16,4,1,1
88,88,B7_Conv_1a_1x1,16,8,33,5,0,6,1,2,0,0,16,4,1,1
88,88,B7_Conv_1a_1x1,16,8,34,4,1,10,2,2,0,0,16,4,1,1
88,88,B7_Conv_1a_1x1,16,8,35,5,1,14,3,2,0,0,16,4,1,1
88,88,B7_Conv_1a_1x1,16,9,36,4,2,18,4,2,0,0,16,4,1,1
88,88,B7_Conv_1a_1x1,16,9,37,5,2,22,5,2,0,0,16,4,1,1
88,88,B7_Conv_1a_1x1,16,9,38,4,3,26,6,2,0,0,16,4,1,1
88,88,B7_Conv_1a_1x1,16,9,39,5,3,30,7,2,0,0,16,4,1,1
88,88,B7_Conv_1a_1x1,16,10,40,4,4,34,8,2,0,0,16,4,1,1
88,88,B7_Conv_1a_1x1,16,10,41,5,4,38,9,2,0,0,16,4,1,1
88,88,B7_Conv_1a_1x1,16,10,42,4,5,42,10,2,0,0,16,4,1,1
88,88,B7_Conv_1a_1x1,16,10,43,5,5,46,11,2,0,0,16,4,1,1
88,88,B7_Conv_1a_1x1,16,11,44,4,6,50,12,2,0,0,16,4,1,1
88,88,B7_Conv_1a_1x1,16,11,45,5,6,54,13,2,0,0,16,4,1,1
88,88,B7_Conv_1a_1x1,16,11,46,4,7,58,14,2,0,0,16,4,1,1
88,88,B7_Conv_1a_1x1,16,11,47,5,7,62,15,2,0,0,16,4,1,1
88,88,B7_Conv_1a_1x1,16,15,48,6,7,3,0,3,0,0,16,4,1,1
88,88,B7_Conv_1a_1x1,16,15,49,7,7,7,1,3,0,0,16,4,1,1
88,88,B7_Conv_1a_1x1,16,15,50,6,6,11,2,3,0,0,16,4,1,1
88,88,B7_Conv_1a_1x1,16,15,51,7,6,15,3,3,0,0,16,4,1,1
88,88,B7_Conv_1a_1x1,16,14,52,6,5,19,4,3,0,0,16,4,1,1
88,88,B7_Conv_1a_1x1,16,14,53,7,5,23,5,3,0,0,16,4,1,1
88,88,B7_Conv_1a_1x1,16,14,54,6,4,27,6,3,0,0,16,4,1,1
88,88,B7_Conv_1a_1x1,16,14,55,7,4,31,7,3,0,0,16,4,1,1
88,88,B7_Conv_1a_1x1,16,13,56,6,3,35,8,3,0,0,16,4,1,1
88,88,B7_Conv_1a_1x1,16,13,57,7,3,39,9,3,0,0,16,4,1,1
88,88,B7_Conv_1a_1x1,16,13,58,6,2,43,10,3,0,0,16,4,1,1
88,88,B7_Conv_1a_1x1,16,13,59,7,2,47,11,3,0,0,16,4,1,1
88,88,B7_Conv_1a_1x1,16,12,60,6,1,51,12,3,0,0,16,4,1,1
88,88,B7_Conv_1a_1x1,16,12,61,7,1,55,13,3,0,0,16,4,1,1
88,88,B7_Conv_1a_1x1,16,12,62,6,0,59,14,3,0,0,16,4,1,1
88,88,B7_Conv_1a_1x1,16,12,63,7,0,63,15,3,0,0,16,4,1,1
89,89,B7_Conv_2a_1x1,16,0,0,0,0,0,0,0,0,0,16,4,1,1
89,89,B7_Conv_2a_1x1,16,0,1,1,0,4,1,0,0,0,16,4,1,1
89,89,B7_Conv_2a_1x1,16,0,2,0,1,8,2,0,0,0,16,4,1,1
89,89,B7_Conv_2a_1x1,16,0,3,1,1,12,3,0,0,0,16,4,1,1
89,89,B7_Conv_2a_1x1,16,1,4,0,2,16,4,0,0,0,16,4,1,1
89,89,B7_Conv_2a_1x1,16,1,5,1,2,20,5,0,0,0,16,4,1,1
89,89,B7_Conv_2a_1x1,16,1,6,0,3,24,6,0,0,0,16,4,1,1
89,89,B7_Conv_2a_1x1,16,1,7,1,3,28,7,0,0,0,16,4,1,1
89,89,B7_Conv_2a_1x1,16,2,8,0,4,32,8,0,0,0,16,4,1,1
89,89,B7_Conv_2a_1x1,16,2,9,1,4,36,9,0,0,0,16,4,1,1
89,89,B7_Conv_2a_1x1,16,2,10,0,5,40,10,0,0,0,16,4,1,1
89,89,B7_Conv_2a_1x1,16,2,11,1,5,44,11,0,0,0,16,4,1,1
89,89,B7_Conv_2a_1x1,16,3,12,0,6,48,12,0,0,0,16,4,1,1
89,89,B7_Conv_2a_1x1,16,3,13,1,6,52,13,0,0,0,16,4,1,1
89,89,B7_Conv_2a_1x1,16,3,14,0,7,56,14,0,0,0,16,4,1,1
89,89,B7_Conv_2a_1x1,16,3,15,1,7,60,15,0,0,0,16,4,1,1
89,89,B7_Conv_2a_1x1,16,7,16,2,7,1,0,1,0,0,16,4,1,1
89,89,B7_Conv_2a_1x1,16,7,17,3,7,5,1,1,0,0,16,4,1,1
89,89,B7_Conv_2a_1x1,16,7,18,2,6,9,2,1,0,0,16,4,1,1
89,89,B7_Conv_2a_1x1,16,7,19,3,6,13,3,1,0,0,16,4,1,1
89,89,B7_Conv_2a_1x1,16,6,20,2,5,17,4,1,0,0,16,4,1,1
89,89,B7_Conv_2a_1x1,16,6,21,3,5,21,5,1,0,0,16,4,1,1
89,89,B7_Conv_2a_1x1,16,6,22,2,4,25,6,1,0,0,16,4,1,1
89,89,B7_Conv_2a_1x1,16,6,23,3,4,29,7,1,0,0,16,4,1,1
89,89,B7_Conv_2a_1x1,16,5,24,2,3,33,8,1,0,0,16,4,1,1
89,89,B7_Conv_2a_1x1,16,5,25,3,3,37,9,1,0,0,16,4,1,1
89,89,B7_Conv_2a_1x1,16,5,26,2,2,41,10,1,0,0,16,4,1,1
89,89,B7_Conv_2a_1x1,16,5,27,3,2,45,11,1,0,0,16,4,1,1
89,89,B7_Conv_2a_1x1,16,4,28,2,1,49,12,1,0,0,16,4,1,1
89,89,B7_Conv_2a_1x1,16,4,29,3,1,53,13,1,0,0,16,4,1,1
89,89,B7_Conv_2a_1x1,16,4,30,2,0,57,14,1,0,0,16,4,1,1
89,89,B7_Conv_2a_1x1,16,4,31,3,0,61,15,1,0,0,16,4,1,1
89,89,B7_Conv_2a_1x1,16,8,32,4,0,2,0,2,0,0,16,4,1,1
89,89,B7_Conv_2a_1x1,16,8,33,5,0,6,1,2,0,0,16,4,1,1
89,89,B7_Conv_2a_1x1,16,8,34,4,1,10,2,2,0,0,16,4,1,1
89,89,B7_Conv_2a_1x1,16,8,35,5,1,14,3,2,0,0,16,4,1,1
89,89,B7_Conv_2a_1x1,16,9,36,4,2,18,4,2,0,0,16,4,1,1
89,89,B7_Conv_2a_1x1,16,9,37,5,2,22,5,2,0,0,16,4,1,1
89,89,B7_Conv_2a_1x1,16,9,38,4,3,26,6,2,0,0,16,4,1,1
89,89,B7_Conv_2a_1x1,16,9,39,5,3,30,7,2,0,0,16,4,1,1
89,89,B7_Conv_2a_1x1,16,10,40,4,4,34,8,2,0,0,16,4,1,1
89,89,B7_Conv_2a_1x1,16,10,41,5,4,38,9,2,0,0,16,4,1,1
89,89,B7_Conv_2a_1x1,16,10,42,4,5,42,10,2,0,0,16,4,1,1
89,89,B7_Conv_2a_1x1,16,10,43,5,5,46,11,2,0,0,16,4,1,1
89,89,B7_Conv_2a_1x1,16,11,44,4,6,50,12,2,0,0,16,4,1,1
89,89,B7_Conv_2a_1x1,16,11,45,5,6,54,13,2,0,0,16,4,1,1
89,89,B7_Conv_2a_1x1,16,11,46,4,7,58,14,2,0,0,16,4,1,1
89,89,B7_Conv_2a_1x1,16,11,47,5,7,62,15,2,0,0,16,4,1,1
89,89,B7_Conv_2a_1x1,16,15,48,6,7,3,0,3,0,0,16,4,1,1
89,89,B7_Conv_2a_1x1,16,15,49,7,7,7,1,3,0,0,16,4,1,1
89,89,B7_Conv_2a_1x1,16,15,50,6,6,11,2,3,0,0,16,4,1,1
89,89,B7_Conv_2a_1x1,16,15,51,7,6,15,3,3,0,0,16,4,1,1
89,89,B7_Conv_2a_1x1,16,14,52,6,5,19,4,3,0,0,16,4,1,1
89,89,B7_Conv_2a_1x1,16,14,53,7,5,23,5,3,0,0,16,4,1,1
89,89,B7_Conv_2a_1x1,16,14,54,6,4,27,6,3,0,0,16,4,1,1
89,89,B7_Conv_2a_1x1,16,14,55,7,4,31,7,3,0,0,16,4,1,1
89,89,B7_Conv_2a_1x1,16,13,56,6,3,35,8,3,0,0,16,4,1,1
89,89,B7_Conv_2a_1x1,16,13,57,7,3,39,9,3,0,0,16,4,1,1
89,89,B7_Conv_2a_1x1,16,13,58,6,2,43,10,3,0,0,16,4,1,1
89,89,B7_Conv_2a_1x1,16,13,59,7,2,47,11,3,0,0,16,4,1,1
89,89,B7_Conv_2a_1x1,16,12,60,6,1,51,12,3,0,0,16,4,1,1
89,89,B7_Conv_2a_1x1,16,12,61,7,1,55,13,3,0,0,16,4,1,1
89,89,B7_Conv_2a_1x1,16,12,62,6,0,59,14,3,0,0,16,4,1,1
89,89,B7_Conv_2a_1x1,16,12,63,7,0,63,15,3,0,0,16,4,1,1
90,90,B7_Conv_2b_1x7,16,0,0,0,0,0,0,0,0,0,16,4,1,1
90,90,B7_Conv_2b_1x7,16,0,1,1,0,4,1,0,0,0,16,4,1,1
90,90,B7_Conv_2b_1x7,16,0,2,0,1,8,2,0,0,0,16,4,1,1
90,90,B7_Conv_2b_1x7,16,0,3,1,1,12,3,0,0,0,16,4,1,1
90,90,B7_Conv_2b_1x7,16,1,4,0,2,16,4,0,0,0,16,4,1,1
90,90,B7_Conv_2b_1x7,16,1,5,1,2,20,5,0,0,0,16,4,1,1
90,90,B7_Conv_2b_1x7,16,1,6,0,3,24,6,0,0,0,16,4,1,1
90,90,B7_Conv_2b_1x7,16,1,7,1,3,28,7,0,0,0,16,4,1,1
90,90,B7_Conv_2b_1x7,16,2,8,0,4,32,8,0,0,0,16,4,1,1
90,90,B7_Conv_2b_1x7,16,2,9,1,4,36,9,0,0,0,16,4,1,1
90,90,B7_Conv_2b_1x7,16,2,10,0,5,40,10,0,0,0,16,4,1,1
90,90,B7_Conv_2b_1x7,16,2,11,1,5,44,11,0,0,0,16,4,1,1
90,90,B7_Conv_2b_1x7,16,3,12,0,6,48,12,0,0,0,16,4,1,1
90,90,B7_Conv_2b_1x7,16,3,13,1,6,52,13,0,0,0,16,4,1,1
90,90,B7_Conv_2b_1x7,16,3,14,0,7,56,14,0,0,0,16,4,1,1
90,90,B7_Conv_2b_1x7,16,3,15,1,7,60,15,0,0,0,16,4,1,1
90,90,B7_Conv_2b_1x7,16,7,16,2,7,1,0,1,0,0,16,4,1,1
90,90,B7_Conv_2b_1x7,16,7,17,3,7,5,1,1,0,0,16,4,1,1
90,90,B7_Conv_2b_1x7,16,7,18,2,6,9,2,1,0,0,16,4,1,1
90,90,B7_Conv_2b_1x7,16,7,19,3,6,13,3,1,0,0,16,4,1,1
90,90,B7_Conv_2b_1x7,16,6,20,2,5,17,4,1,0,0,16,4,1,1
90,90,B7_Conv_2b_1x7,16,6,21,3,5,21,5,1,0,0,16,4,1,1
90,90,B7_Conv_2b_1x7,16,6,22,2,4,25,6,1,0,0,16,4,1,1
90,90,B7_Conv_2b_1x7,16,6,23,3,4,29,7,1,0,0,16,4,1,1
90,90,B7_Conv_2b_1x7,16,5,24,2,3,33,8,1,0,0,16,4,1,1
90,90,B7_Conv_2b_1x7,16,5,25,3,3,37,9,1,0,0,16,4,1,1
90,90,B7_Conv_2b_1x7,16,5,26,2,2,41,10,1,0,0,16,4,1,1
90,90,B7_Conv_2b_1x7,16,5,27,3,2,45,11,1,0,0,16,4,1,1
90,90,B7_Conv_2b_1x7,16,4,28,2,1,49,12,1,0,0,16,4,1,1
90,90,B7_Conv_2b_1x7,16,4,29,3,1,53,13,1,0,0,16,4,1,1
90,90,B7_Conv_2b_1x7,16,4,30,2,0,57,14,1,0,0,16,4,1,1
90,90,B7_Conv_2b_1x7,16,4,31,3,0,61,15,1,0,0,16,4,1,1
90,90,B7_Conv_2b_1x7,16,8,32,4,0,2,0,2,0,0,16,4,1,1
90,90,B7_Conv_2b_1x7,16,8,33,5,0,6,1,2,0,0,16,4,1,1
90,90,B7_Conv_2b_1x7,16,8,34,4,1,10,2,2,0,0,16,4,1,1
90,90,B7_Conv_2b_1x7,16,8,35,5,1,14,3,2,0,0,16,4,1,1
90,90,B7_Conv_2b_1x7,16,9,36,4,2,18,4,2,0,0,16,4,1,1
90,90,B7_Conv_2b_1x7,16,9,37,5,2,22,5,2,0,0,16,4,1,1
90,90,B7_Conv_2b_1x7,16,9,38,4,3,26,6,2,0,0,16,4,1,1
90,90,B7_Conv_2b_1x7,16,9,39,5,3,30,7,2,0,0,16,4,1,1
90,90,B7_Conv_2b_1x7,16,10,40,4,4,34,8,2,0,0,16,4,1,1
90,90,B7_Conv_2b_1x7,16,10,41,5,4,38,9,2,0,0,16,4,1,1
90,90,B7_Conv_2b_1x7,16,10,42,4,5,42,10,2,0,0,16,4,1,1
90,90,B7_Conv_2b_1x7,16,10,43,5,5,46,11,2,0,0,16,4,1,1
90,90,B7_Conv_2b_1x7,16,11,44,4,6,50,12,2,0,0,16,4,1,1
90,90,B7_Conv_2b_1x7,16,11,45,5,6,54,13,2,0,0,16,4,1,1
90,90,B7_Conv_2b_1x7,16,11,46,4,7,58,14,2,0,0,16,4,1,1
90,90,B7_Conv_2b_1x7,16,11,47,5,7,62,15,2,0,0,16,4,1,1
90,90,B7_Conv_2b_1x7,16,15,48,6,7,3,0,3,0,0,16,4,1,1
90,90,B7_Conv_2b_1x7,16,15,49,7,7,7,1,3,0,0,16,4,1,1
90,90,B7_Conv_2b_1x7,16,15,50,6,6,11,2,3,0,0,16,4,1,1
90,90,B7_Conv_2b_1x7,16,15,51,7,6,15,3,3,0,0,16,4,1,1
90,90,B7_Conv_2b_1x7,16,14,52,6,5,19,4,3,0,0,16,4,1,1
90,90,B7_Conv_2b_1x7,16,14,53,7,5,23,5,3,0,0,16,4,1,1
90,90,B7_Conv_2b_1x7,16,14,54,6,4,27,6,3,0,0,16,4,1,1
90,90,B7_Conv_2b_1x7,16,14,55,7,4,31,7,3,0,0,16,4,1,1
90,90,B7_Conv_2b_1x7,16,13,56,6,3,35,8,3,0,0,16,4,1,1
90,90,B7_Conv_2b_1x7,16,13,57,7,3,39,9,3,0,0,16,4,1,1
90,90,B7_Conv_2b_1x7,16,13,58,6,2,43,10,3,0,0,16,4,1,1
90,90,B7_Conv_2b_1x7,16,13,59,7,2,47,11,3,0,0,16,4,1,1
90,90,B7_Conv_2b_1x7,16,12,60,6,1,51,12,3,0,0,16,4,1,1
90,90,B7_Conv_2b_1x7,16,12,61,7,1,55,13,3,0,0,16,4,1,1
90,90,B7_Conv_2b_1x7,16,12,62,6,0,59,14,3,0,0,16,4,1,1
90,90,B7_Conv_2b_1x7,16,12,63,7,0,63,15,3,0,0,16,4,1,1
91,91,B7_Conv_2c_7x1,16,0,0,0,0,0,0,0,0,0,16,4,1,1
91,91,B7_Conv_2c_7x1,16,0,1,1,0,4,1,0,0,0,16,4,1,1
91,91,B7_Conv_2c_7x1,16,0,2,0,1,8,2,0,0,0,16,4,1,1
91,91,B7_Conv_2c_7x1,16,0,3,1,1,12,3,0,0,0,16,4,1,1
91,91,B7_Conv_2c_7x1,16,1,4,0,2,16,4,0,0,0,16,4,1,1
91,91,B7_Conv_2c_7x1,16,1,5,1,2,20,5,0,0,0,16,4,1,1
91,91,B7_Conv_2c_7x1,16,1,6,0,3,24,6,0,0,0,16,4,1,1
91,91,B7_Conv_2c_7x1,16,1,7,1,3,28,7,0,0,0,16,4,1,1
91,91,B7_Conv_2c_7x1,16,2,8,0,4,32,8,0,0,0,16,4,1,1
91,91,B7_Conv_2c_7x1,16,2,9,1,4,36,9,0,0,0,16,4,1,1
91,91,B7_Conv_2c_7x1,16,2,10,0,5,40,10,0,0,0,16,4,1,1
91,91,B7_Conv_2c_7x1,16,2,11,1,5,44,11,0,0,0,16,4,1,1
91,91,B7_Conv_2c_7x1,16,3,12,0,6,48,12,0,0,0,16,4,1,1
91,91,B7_Conv_2c_7x1,16,3,13,1,6,52,13,0,0,0,16,4,1,1
91,91,B7_Conv_2c_7x1,16,3,14,0,7,56,14,0,0,0,16,4,1,1
91,91,B7_Conv_2c_7x1,16,3,15,1,7,60,15,0,0,0,16,4,1,1
91,91,B7_Conv_2c_7x1,16,7,16,2,7,1,0,1,0,0,16,4,1,1
91,91,B7_Conv_2c_7x1,16,7,17,3,7,5,1,1,0,0,16,4,1,1
91,91,B7_Conv_2c_7x1,16,7,18,2,6,9,2,1,0,0,16,4,1,1
91,91,B7_Conv_2c_7x1,16,7,19,3,6,13,3,1,0,0,16,4,1,1
91,91,B7_Conv_2c_7x1,16,6,20,2,5,17,4,1,0,0,16,4,1,1
91,91,B7_Conv_2c_7x1,16,6,21,3,5,21,5,1,0,0,16,4,1,1
91,91,B7_Conv_2c_7x1,16,6,22,2,4,25,6,1,0,0,16,4,1,1
91,91,B7_Conv_2c_7x1,16,6,23,3,4,29,7,1,0,0,16,4,1,1
91,91,B7_Conv_2c_7x1,16,5,24,2,3,33,8,1,0,0,16,4,1,1
91,91,B7_Conv_2c_7x1,16,5,25,3,3,37,9,1,0,0,16,4,1,1
91,91,B7_Conv_2c_7x1,16,5,26,2,2,41,10,1,0,0,16,4,1,1
91,91,B7_Conv_2c_7x1,16,5,27,3,2,45,11,1,0,0,16,4,1,1
91,91,B7_Conv_2c_7x1,16,4,28,2,1,49,12,1,0,0,16,4,1,1
91,91,B7_Conv_2c_7x1,16,4,29,3,1,53,13,1,0,0,16,4,1,1
91,91,B7_Conv_2c_7x1,16,4,30,2,0,57,14,1,0,0,16,4,1,1
91,91,B7_Conv_2c_7x1,16,4,31,3,0,61,15,1,0,0,16,4,1,1
91,91,B7_Conv_2c_7x1,16,8,32,4,0,2,0,2,0,0,16,4,1,1
91,91,B7_Conv_2c_7x1,16,8,33,5,0,6,1,2,0,0,16,4,1,1
91,91,B7_Conv_2c_7x1,16,8,34,4,1,10,2,2,0,0,16,4,1,1
91,91,B7_Conv_2c_7x1,16,8,35,5,1,14,3,2,0,0,16,4,1,1
91,91,B7_Conv_2c_7x1,16,9,36,4,2,18,4,2,0,0,16,4,1,1
91,91,B7_Conv_2c_7x1,16,9,37,5,2,22,5,2,0,0,16,4,1,1
91,91,B7_Conv_2c_7x1,16,9,38,4,3,26,6,2,0,0,16,4,1,1
91,91,B7_Conv_2c_7x1,16,9,39,5,3,30,7,2,0,0,16,4,1,1
91,91,B7_Conv_2c_7x1,16,10,40,4,4,34,8,2,0,0,16,4,1,1
91,91,B7_Conv_2c_7x1,16,10,41,5,4,38,9,2,0,0,16,4,1,1
91,91,B7_Conv_2c_7x1,16,10,42,4,5,42,10,2,0,0,16,4,1,1
91,91,B7_Conv_2c_7x1,16,10,43,5,5,46,11,2,0,0,16,4,1,1
91,91,B7_Conv_2c_7x1,16,11,44,4,6,50,12,2,0,0,16,4,1,1
91,91,B7_Conv_2c_7x1,16,11,45,5,6,54,13,2,0,0,16,4,1,1
91,91,B7_Conv_2c_7x1,16,11,46,4,7,58,14,2,0,0,16,4,1,1
91,91,B7_Conv_2c_7x1,16,11,47,5,7,62,15,2,0,0,16,4,1,1
91,91,B7_Conv_2c_7x1,16,15,48,6,7,3,0,3,0,0,16,4,1,1
91,91,B7_Conv_2c_7x1,16,15,49,7,7,7,1,3,0,0,16,4,1,1
91,91,B7_Conv_2c_7x1,16,15,50,6,6,11,2,3,0,0,16,4,1,1
91,91,B7_Conv_2c_7x1,16,15,51,7,6,15,3,3,0,0,16,4,1,1
91,91,B7_Conv_2c_7x1,16,14,52,6,5,19,4,3,0,0,16,4,1,1
91,91,B7_Conv_2c_7x1,16,14,53,7,5,23,5,3,0,0,16,4,1,1
91,91,B7_Conv_2c_7x1,16,14,54,6,4,27,6,3,0,0,16,4,1,1
91,91,B7_Conv_2c_7x1,16,14,55,7,4,31,7,3,0,0,16,4,1,1
91,91,B7_Conv_2c_7x1,16,13,56,6,3,35,8,3,0,0,16,4,1,1
91,91,B7_Conv_2c_7x1,16,13,57,7,3,39,9,3,0,0,16,4,1,1
91,91,B7_Conv_2c_7x1,16,13,58,6,2,43,10,3,0,0,16,4,1,1
91,91,B7_Conv_2c_7x1,16,13,59,7,2,47,11,3,0,0,16,4,1,1
91,91,B7_Conv_2c_7x1,16,12,60,6,1,51,12,3,0,0,16,4,1,1
91,91,B7_Conv_2c_7x1,16,12,61,7,1,55,13,3,0,0,16,4,1,1
91,91,B7_Conv_2c_7x1,16,12,62,6,0,59,14,3,0,0,16,4,1,1
91,91,B7_Conv_2c_7x1,16,12,63,7,0,63,15,3,0,0,16,4,1,1
92,92,B7_Conv_3_1x1,16,0,0,0,0,0,0,0,0,0,16,4,1,1
92,92,B7_Conv_3_1x1,16,0,1,1,0,4,1,0,0,0,16,4,1,1
92,92,B7_Conv_3_1x1,16,0,2,0,1,8,2,0,0,0,16,4,1,1
92,92,B7_Conv_3_1x1,16,0,3,1,1,12,3,0,0,0,16,4,1,1
92,92,B7_Conv_3_1x1,16,1,4,0,2,16,4,0,0,0,16,4,1,1
92,92,B7_Conv_3_1x1,16,1,5,1,2,20,5,0,0,0,16,4,1,1
92,92,B7_Conv_3_1x1,16,1,6,0,3,24,6,0,0,0,16,4,1,1
92,92,B7_Conv_3_1x1,16,1,7,1,3,28,7,0,0,0,16,4,1,1
92,92,B7_Conv_3_1x1,16,2,8,0,4,32,8,0,0,0,16,4,1,1
92,92,B7_Conv_3_1x1,16,2,9,1,4,36,9,0,0,0,16,4,1,1
92,92,B7_Conv_3_1x1,16,2,10,0,5,40,10,0,0,0,16,4,1,1
92,92,B7_Conv_3_1x1,16,2,11,1,5,44,11,0,0,0,16,4,1,1
92,92,B7_Conv_3_1x1,16,3,12,0,6,48,12,0,0,0,16,4,1,1
92,92,B7_Conv_3_1x1,16,3,13,1,6,52,13,0,0,0,16,4,1,1
92,92,B7_Conv_3_1x1,16,3,14,0,7,56,14,0,0,0,16,4,1,1
92,92,B7_Conv_3_1x1,16,3,15,1,7,60,15,0,0,0,16,4,1,1
92,92,B7_Conv_3_1x1,16,7,16,2,7,1,0,1,0,0,16,4,1,1
92,92,B7_Conv_3_1x1,16,7,17,3,7,5,1,1,0,0,16,4,1,1
92,92,B7_Conv_3_1x1,16,7,18,2,6,9,2,1,0,0,16,4,1,1
92,92,B7_Conv_3_1x1,16,7,19,3,6,13,3,1,0,0,16,4,1,1
92,92,B7_Conv_3_1x1,16,6,20,2,5,17,4,1,0,0,16,4,1,1
92,92,B7_Conv_3_1x1,16,6,21,3,5,21,5,1,0,0,16,4,1,1
92,92,B7_Conv_3_1x1,16,6,22,2,4,25,6,1,0,0,16,4,1,1
92,92,B7_Conv_3_1x1,16,6,23,3,4,29,7,1,0,0,16,4,1,1
92,92,B7_Conv_3_1x1,16,5,24,2,3,33,8,1,0,0,16,4,1,1
92,92,B7_Conv_3_1x1,16,5,25,3,3,37,9,1,0,0,16,4,1,1
92,92,B7_Conv_3_1x1,16,5,26,2,2,41,10,1,0,0,16,4,1,1
92,92,B7_Conv_3_1x1,16,5,27,3,2,45,11,1,0,0,16,4,1,1
92,92,B7_Conv_3_1x1,16,4,28,2,1,49,12,1,0,0,16,4,1,1
92,92,B7_Conv_3_1x1,16,4,29,3,1,53,13,1,0,0,16,4,1,1
92,92,B7_Conv_3_1x1,16,4,30,2,0,57,14,1,0,0,16,4,1,1
92,92,B7_Conv_3_1x1,16,4,31,3,0,61,15,1,0,0,16,4,1,1
92,92,B7_Conv_3_1x1,16,8,32,4,0,2,0,2,0,0,16,4,1,1
92,92,B7_Conv_3_1x1,16,8,33,5,0,6,1,2,0,0,16,4,1,1
92,92,B7_Conv_3_1x1,16,8,34,4,1,10,2,2,0,0,16,4,1,1
92,92,B7_Conv_3_1x1,16,8,35,5,1,14,3,2,0,0,16,4,1,1
92,92,B7_Conv_3_1x1,16,9,36,4,2,18,4,2,0,0,16,4,1,1
92,92,B7_Conv_3_1x1,16,9,37,5,2,22,5,2,0,0,16,4,1,1
92,92,B7_Conv_3_1x1,16,9,38,4,3,26,6,2,0,0,16,4,1,1
92,92,B7_Conv_3_1x1,16,9,39,5,3,30,7,2,0,0,16,4,1,1
92,92,B7_Conv_3_1x1,16,10,40,4,4,34,8,2,0,0,16,4,1,1
92,92,B7_Conv_3_1x1,16,10,41,5,4,38,9,2,0,0,16,4,1,1
92,92,B7_Conv_3_1x1,16,10,42,4,5,42,10,2,0,0,16,4,1,1
92,92,B7_Conv_3_1x1,16,10,43,5,5,46,11,2,0,0,16,4,1,1
92,92,B7_Conv_3_1x1,16,11,44,4,6,50,12,2,0,0,16,4,1,1
92,92,B7_Conv_3_1x1,16,11,45,5,6,54,13,2,0,0,16,4,1,1
92,92,B7_Conv_3_1x1,16,11,46,4,7,58,14,2,0,0,16,4,1,1
92,92,B7_Conv_3_1x1,16,11,47,5,7,62,15,2,0,0,16,4,1,1
92,92,B7_Conv_3_1x1,16,15,48,6,7,3,0,3,0,0,16,4,1,1
92,92,B7_Conv_3_1x1,16,15,49,7,7,7,1,3,0,0,16,4,1,1
92,92,B7_Conv_3_1x1,16,15,50,6,6,11,2,3,0,0,16,4,1,1
92,92,B7_Conv_3_1x1,16,15,51,7,6,15,3,3,0,0,16,4,1,1
92,92,B7_Conv_3_1x1,16,14,52,6,5,19,4,3,0,0,16,4,1,1
92,92,B7_Conv_3_1x1,16,14,53,7,5,23,5,3,0,0,16,4,1,1
92,92,B7_Conv_3_1x1,16,14,54,6,4,27,6,3,0,0,16,4,1,1
92,92,B7_Conv_3_1x1,16,14,55,7,4,31,7,3,0,0,16,4,1,1
92,92,B7_Conv_3_1x1,16,13,56,6,3,35,8,3,0,0,16,4,1,1
92,92,B7_Conv_3_1x1,16,13,57,7,3,39,9,3,0,0,16,4,1,1
92,92,B7_Conv_3_1x1,16,13,58,6,2,43,10,3,0,0,16,4,1,1
92,92,B7_Conv_3_1x1,16,13,59,7,2,47,11,3,0,0,16,4,1,1
92,92,B7_Conv_3_1x1,16,12,60,6,1,51,12,3,0,0,16,4,1,1
92,92,B7_Conv_3_1x1,16,12,61,7,1,55,13,3,0,0,16,4,1,1
92,92,B7_Conv_3_1x1,16,12,62,6,0,59,14,3,0,0,16,4,1,1
92,92,B7_Conv_3_1x1,16,12,63,7,0,63,15,3,0,0,16,4,1,1
93,93,B7_Eltwise,1,0,0,0,0,0,0,0,0,0,1,64,1,1
93,93,B7_Eltwise,1,0,1,1,0,1,0,1,0,0,1,64,1,1
93,93,B7_Eltwise,1,0,2,0,1,2,0,2,0,0,1,64,1,1
93,93,B7_Eltwise,1,0,3,1,1,3,0,3,0,0,1,64,1,1
93,93,B7_Eltwise,1,1,4,0,2,4,0,4,0,0,1,64,1,1
93,93,B7_Eltwise,1,1,5,1,2,5,0,5,0,0,1,64,1,1
93,93,B7_Eltwise,1,1,6,0,3,6,0,6,0,0,1,64,1,1
93,93,B7_Eltwise,1,1,7,1,3,7,0,7,0,0,1,64,1,1
93,93,B7_Eltwise,1,2,8,0,4,8,0,8,0,0,1,64,1,1
93,93,B7_Eltwise,1,2,9,1,4,9,0,9,0,0,1,64,1,1
93,93,B7_Eltwise,1,2,10,0,5,10,0,10,0,0,1,64,1,1
93,93,B7_Eltwise,1,2,11,1,5,11,0,11,0,0,1,64,1,1
93,93,B7_Eltwise,1,3,12,0,6,12,0,12,0,0,1,64,1,1
93,93,B7_Eltwise,1,3,13,1,6,13,0,13,0,0,1,64,1,1
93,93,B7_Eltwise,1,3,14,0,7,14,0,14,0,0,1,64,1,1
93,93,B7_Eltwise,1,3,15,1,7,15,0,15,0,0,1,64,1,1
93,93,B7_Eltwise,1,7,16,2,7,16,0,16,0,0,1,64,1,1
93,93,B7_Eltwise,1,7,17,3,7,17,0,17,0,0,1,64,1,1
93,93,B7_Eltwise,1,7,18,2,6,18,0,18,0,0,1,64,1,1
93,93,B7_Eltwise,1,7,19,3,6,19,0,19,0,0,1,64,1,1
93,93,B7_Eltwise,1,6,20,2,5,20,0,20,0,0,1,64,1,1
93,93,B7_Eltwise,1,6,21,3,5,21,0,21,0,0,1,64,1,1
93,93,B7_Eltwise,1,6,22,2,4,22,0,22,0,0,1,64,1,1
93,93,B7_Eltwise,1,6,23,3,4,23,0,23,0,0,1,64,1,1
93,93,B7_Eltwise,1,5,24,2,3,24,0,24,0,0,1,64,1,1
93,93,B7_Eltwise,1,5,25,3,3,25,0,25,0,0,1,64,1,1
93,93,B7_Eltwise,1,5,26,2,2,26,0,26,0,0,1,64,1,1
93,93,B7_Eltwise,1,5,27,3,2,27,0,27,0,0,1,64,1,1
93,93,B7_Eltwise,1,4,28,2,1,28,0,28,0,0,1,64,1,1
93,93,B7_Eltwise,1,4,29,3,1,29,0,29,0,0,1,64,1,1
93,93,B7_Eltwise,1,4,30,2,0,30,0,30,0,0,1,64,1,1
93,93,B7_Eltwise,1,4,31,3,0,31,0,31,0,0,1,64,1,1
93,93,B7_Eltwise,1,8,32,4,0,32,0,32,0,0,1,64,1,1
93,93,B7_Eltwise,1,8,33,5,0,33,0,33,0,0,1,64,1,1
93,93,B7_Eltwise,1,8,34,4,1,34,0,34,0,0,1,64,1,1
93,93,B7_Eltwise,1,8,35,5,1,35,0,35,0,0,1,64,1,1
93,93,B7_Eltwise,1,9,36,4,2,36,0,36,0,0,1,64,1,1
93,93,B7_Eltwise,1,9,37,5,2,37,0,37,0,0,1,64,1,1
93,93,B7_Eltwise,1,9,38,4,3,38,0,38,0,0,1,64,1,1
93,93,B7_Eltwise,1,9,39,5,3,39,0,39,0,0,1,64,1,1
93,93,B7_Eltwise,1,10,40,4,4,40,0,40,0,0,1,64,1,1
93,93,B7_Eltwise,1,10,41,5,4,41,0,41,0,0,1,64,1,1
93,93,B7_Eltwise,1,10,42,4,5,42,0,42,0,0,1,64,1,1
93,93,B7_Eltwise,1,10,43,5,5,43,0,43,0,0,1,64,1,1
93,93,B7_Eltwise,1,11,44,4,6,44,0,44,0,0,1,64,1,1
93,93,B7_Eltwise,1,11,45,5,6,45,0,45,0,0,1,64,1,1
93,93,B7_Eltwise,1,11,46,4,7,46,0,46,0,0,1,64,1,1
93,93,B7_Eltwise,1,11,47,5,7,47,0,47,0,0,1,64,1,1
93,93,B7_Eltwise,1,15,48,6,7,48,0,48,0,0,1,64,1,1
93,93,B7_Eltwise,1,15,49,7,7,49,0,49,0,0,1,64,1,1
93,93,B7_Eltwise,1,15,50,6,6,50,0,50,0,0,1,64,1,1
93,93,B7_Eltwise,1,15,51,7,6,51,0,51,0,0,1,64,1,1
93,93,B7_Eltwise,1,14,52,6,5,52,0,52,0,0,1,64,1,1
93,93,B7_Eltwise,1,14,53,7,5,53,0,53,0,0,1,64,1,1
93,93,B7_Eltwise,1,14,54,6,4,54,0,54,0,0,1,64,1,1
93,93,B7_Eltwise,1,14,55,7,4,55,0,55,0,0,1,64,1,1
93,93,B7_Eltwise,1,13,56,6,3,56,0,56,0,0,1,64,1,1
93,93,B7_Eltwise,1,13,57,7,3,57,0,57,0,0,1,64,1,1
93,93,B7_Eltwise,1,13,58,6,2,58,0,58,0,0,1,64,1,1
93,93,B7_Eltwise,1,13,59,7,2,59,0,59,0,0,1,64,1,1
93,93,B7_Eltwise,1,12,60,6,1,60,0,60,0,0,1,64,1,1
93,93,B7_Eltwise,1,12,61,7,1,61,0,61,0,0,1,64,1,1
93,93,B7_Eltwise,1,12,62,6,0,62,0,62,0,0,1,64,1,1
93,93,B7_Eltwise,1,12,63,7,0,63,0,63,0,0,1,64,1,1
94,94,B8_Conv_1a_1x1,16,0,0,0,0,0,0,0,0,0,16,4,1,1
94,94,B8_Conv_1a_1x1,16,0,1,1,0,4,1,0,0,0,16,4,1,1
94,94,B8_Conv_1a_1x1,16,0,2,0,1,8,2,0,0,0,16,4,1,1
94,94,B8_Conv_1a_1x1,16,0,3,1,1,12,3,0,0,0,16,4,1,1
94,94,B8_Conv_1a_1x1,16,1,4,0,2,16,4,0,0,0,16,4,1,1
94,94,B8_Conv_1a_1x1,16,1,5,1,2,20,5,0,0,0,16,4,1,1
94,94,B8_Conv_1a_1x1,16,1,6,0,3,24,6,0,0,0,16,4,1,1
94,94,B8_Conv_1a_1x1,16,1,7,1,3,28,7,0,0,0,16,4,1,1
94,94,B8_Conv_1a_1x1,16,2,8,0,4,32,8,0,0,0,16,4,1,1
94,94,B8_Conv_1a_1x1,16,2,9,1,4,36,9,0,0,0,16,4,1,1
94,94,B8_Conv_1a_1x1,16,2,10,0,5,40,10,0,0,0,16,4,1,1
94,94,B8_Conv_1a_1x1,16,2,11,1,5,44,11,0,0,0,16,4,1,1
94,94,B8_Conv_1a_1x1,16,3,12,0,6,48,12,0,0,0,16,4,1,1
94,94,B8_Conv_1a_1x1,16,3,13,1,6,52,13,0,0,0,16,4,1,1
94,94,B8_Conv_1a_1x1,16,3,14,0,7,56,14,0,0,0,16,4,1,1
94,94,B8_Conv_1a_1x1,16,3,15,1,7,60,15,0,0,0,16,4,1,1
94,94,B8_Conv_1a_1x1,16,7,16,2,7,1,0,1,0,0,16,4,1,1
94,94,B8_Conv_1a_1x1,16,7,17,3,7,5,1,1,0,0,16,4,1,1
94,94,B8_Conv_1a_1x1,16,7,18,2,6,9,2,1,0,0,16,4,1,1
94,94,B8_Conv_1a_1x1,16,7,19,3,6,13,3,1,0,0,16,4,1,1
94,94,B8_Conv_1a_1x1,16,6,20,2,5,17,4,1,0,0,16,4,1,1
94,94,B8_Conv_1a_1x1,16,6,21,3,5,21,5,1,0,0,16,4,1,1
94,94,B8_Conv_1a_1x1,16,6,22,2,4,25,6,1,0,0,16,4,1,1
94,94,B8_Conv_1a_1x1,16,6,23,3,4,29,7,1,0,0,16,4,1,1
94,94,B8_Conv_1a_1x1,16,5,24,2,3,33,8,1,0,0,16,4,1,1
94,94,B8_Conv_1a_1x1,16,5,25,3,3,37,9,1,0,0,16,4,1,1
94,94,B8_Conv_1a_1x1,16,5,26,2,2,41,10,1,0,0,16,4,1,1
94,94,B8_Conv_1a_1x1,16,5,27,3,2,45,11,1,0,0,16,4,1,1
94,94,B8_Conv_1a_1x1,16,4,28,2,1,49,12,1,0,0,16,4,1,1
94,94,B8_Conv_1a_1x1,16,4,29,3,1,53,13,1,0,0,16,4,1,1
94,94,B8_Conv_1a_1x1,16,4,30,2,0,57,14,1,0,0,16,4,1,1
94,94,B8_Conv_1a_1x1,16,4,31,3,0,61,15,1,0,0,16,4,1,1
94,94,B8_Conv_1a_1x1,16,8,32,4,0,2,0,2,0,0,16,4,1,1
94,94,B8_Conv_1a_1x1,16,8,33,5,0,6,1,2,0,0,16,4,1,1
94,94,B8_Conv_1a_1x1,16,8,34,4,1,10,2,2,0,0,16,4,1,1
94,94,B8_Conv_1a_1x1,16,8,35,5,1,14,3,2,0,0,16,4,1,1
94,94,B8_Conv_1a_1x1,16,9,36,4,2,18,4,2,0,0,16,4,1,1
94,94,B8_Conv_1a_1x1,16,9,37,5,2,22,5,2,0,0,16,4,1,1
94,94,B8_Conv_1a_1x1,16,9,38,4,3,26,6,2,0,0,16,4,1,1
94,94,B8_Conv_1a_1x1,16,9,39,5,3,30,7,2,0,0,16,4,1,1
94,94,B8_Conv_1a_1x1,16,10,40,4,4,34,8,2,0,0,16,4,1,1
94,94,B8_Conv_1a_1x1,16,10,41,5,4,38,9,2,0,0,16,4,1,1
94,94,B8_Conv_1a_1x1,16,10,42,4,5,42,10,2,0,0,16,4,1,1
94,94,B8_Conv_1a_1x1,16,10,43,5,5,46,11,2,0,0,16,4,1,1
94,94,B8_Conv_1a_1x1,16,11,44,4,6,50,12,2,0,0,16,4,1,1
94,94,B8_Conv_1a_1x1,16,11,45,5,6,54,13,2,0,0,16,4,1,1
94,94,B8_Conv_1a_1x1,16,11,46,4,7,58,14,2,0,0,16,4,1,1
94,94,B8_Conv_1a_1x1,16,11,47,5,7,62,15,2,0,0,16,4,1,1
94,94,B8_Conv_1a_1x1,16,15,48,6,7,3,0,3,0,0,16,4,1,1
94,94,B8_Conv_1a_1x1,16,15,49,7,7,7,1,3,0,0,16,4,1,1
94,94,B8_Conv_1a_1x1,16,15,50,6,6,11,2,3,0,0,16,4,1,1
94,94,B8_Conv_1a_1x1,16,15,51,7,6,15,3,3,0,0,16,4,1,1
94,94,B8_Conv_1a_1x1,16,14,52,6,5,19,4,3,0,0,16,4,1,1
94,94,B8_Conv_1a_1x1,16,14,53,7,5,23,5,3,0,0,16,4,1,1
94,94,B8_Conv_1a_1x1,16,14,54,6,4,27,6,3,0,0,16,4,1,1
94,94,B8_Conv_1a_1x1,16,14,55,7,4,31,7,3,0,0,16,4,1,1
94,94,B8_Conv_1a_1x1,16,13,56,6,3,35,8,3,0,0,16,4,1,1
94,94,B8_Conv_1a_1x1,16,13,57,7,3,39,9,3,0,0,16,4,1,1
94,94,B8_Conv_1a_1x1,16,13,58,6,2,43,10,3,0,0,16,4,1,1
94,94,B8_Conv_1a_1x1,16,13,59,7,2,47,11,3,0,0,16,4,1,1
94,94,B8_Conv_1a_1x1,16,12,60,6,1,51,12,3,0,0,16,4,1,1
94,94,B8_Conv_1a_1x1,16,12,61,7,1,55,13,3,0,0,16,4,1,1
94,94,B8_Conv_1a_1x1,16,12,62,6,0,59,14,3,0,0,16,4,1,1
94,94,B8_Conv_1a_1x1,16,12,63,7,0,63,15,3,0,0,16,4,1,1
95,95,B8_Conv_2a_1x1,16,0,0,0,0,0,0,0,0,0,16,4,1,1
95,95,B8_Conv_2a_1x1,16,0,1,1,0,4,1,0,0,0,16,4,1,1
95,95,B8_Conv_2a_1x1,16,0,2,0,1,8,2,0,0,0,16,4,1,1
95,95,B8_Conv_2a_1x1,16,0,3,1,1,12,3,0,0,0,16,4,1,1
95,95,B8_Conv_2a_1x1,16,1,4,0,2,16,4,0,0,0,16,4,1,1
95,95,B8_Conv_2a_1x1,16,1,5,1,2,20,5,0,0,0,16,4,1,1
95,95,B8_Conv_2a_1x1,16,1,6,0,3,24,6,0,0,0,16,4,1,1
95,95,B8_Conv_2a_1x1,16,1,7,1,3,28,7,0,0,0,16,4,1,1
95,95,B8_Conv_2a_1x1,16,2,8,0,4,32,8,0,0,0,16,4,1,1
95,95,B8_Conv_2a_1x1,16,2,9,1,4,36,9,0,0,0,16,4,1,1
95,95,B8_Conv_2a_1x1,16,2,10,0,5,40,10,0,0,0,16,4,1,1
95,95,B8_Conv_2a_1x1,16,2,11,1,5,44,11,0,0,0,16,4,1,1
95,95,B8_Conv_2a_1x1,16,3,12,0,6,48,12,0,0,0,16,4,1,1
95,95,B8_Conv_2a_1x1,16,3,13,1,6,52,13,0,0,0,16,4,1,1
95,95,B8_Conv_2a_1x1,16,3,14,0,7,56,14,0,0,0,16,4,1,1
95,95,B8_Conv_2a_1x1,16,3,15,1,7,60,15,0,0,0,16,4,1,1
95,95,B8_Conv_2a_1x1,16,7,16,2,7,1,0,1,0,0,16,4,1,1
95,95,B8_Conv_2a_1x1,16,7,17,3,7,5,1,1,0,0,16,4,1,1
95,95,B8_Conv_2a_1x1,16,7,18,2,6,9,2,1,0,0,16,4,1,1
95,95,B8_Conv_2a_1x1,16,7,19,3,6,13,3,1,0,0,16,4,1,1
95,95,B8_Conv_2a_1x1,16,6,20,2,5,17,4,1,0,0,16,4,1,1
95,95,B8_Conv_2a_1x1,16,6,21,3,5,21,5,1,0,0,16,4,1,1
95,95,B8_Conv_2a_1x1,16,6,22,2,4,25,6,1,0,0,16,4,1,1
95,95,B8_Conv_2a_1x1,16,6,23,3,4,29,7,1,0,0,16,4,1,1
95,95,B8_Conv_2a_1x1,16,5,24,2,3,33,8,1,0,0,16,4,1,1
95,95,B8_Conv_2a_1x1,16,5,25,3,3,37,9,1,0,0,16,4,1,1
95,95,B8_Conv_2a_1x1,16,5,26,2,2,41,10,1,0,0,16,4,1,1
95,95,B8_Conv_2a_1x1,16,5,27,3,2,45,11,1,0,0,16,4,1,1
95,95,B8_Conv_2a_1x1,16,4,28,2,1,49,12,1,0,0,16,4,1,1
95,95,B8_Conv_2a_1x1,16,4,29,3,1,53,13,1,0,0,16,4,1,1
95,95,B8_Conv_2a_1x1,16,4,30,2,0,57,14,1,0,0,16,4,1,1
95,95,B8_Conv_2a_1x1,16,4,31,3,0,61,15,1,0,0,16,4,1,1
95,95,B8_Conv_2a_1x1,16,8,32,4,0,2,0,2,0,0,16,4,1,1
95,95,B8_Conv_2a_1x1,16,8,33,5,0,6,1,2,0,0,16,4,1,1
95,95,B8_Conv_2a_1x1,16,8,34,4,1,10,2,2,0,0,16,4,1,1
95,95,B8_Conv_2a_1x1,16,8,35,5,1,14,3,2,0,0,16,4,1,1
95,95,B8_Conv_2a_1x1,16,9,36,4,2,18,4,2,0,0,16,4,1,1
95,95,B8_Conv_2a_1x1,16,9,37,5,2,22,5,2,0,0,16,4,1,1
95,95,B8_Conv_2a_1x1,16,9,38,4,3,26,6,2,0,0,16,4,1,1
95,95,B8_Conv_2a_1x1,16,9,39,5,3,30,7,2,0,0,16,4,1,1
95,95,B8_Conv_2a_1x1,16,10,40,4,4,34,8,2,0,0,16,4,1,1
95,95,B8_Conv_2a_1x1,16,10,41,5,4,38,9,2,0,0,16,4,1,1
95,95,B8_Conv_2a_1x1,16,10,42,4,5,42,10,2,0,0,16,4,1,1
95,95,B8_Conv_2a_1x1,16,10,43,5,5,46,11,2,0,0,16,4,1,1
95,95,B8_Conv_2a_1x1,16,11,44,4,6,50,12,2,0,0,16,4,1,1
95,95,B8_Conv_2a_1x1,16,11,45,5,6,54,13,2,0,0,16,4,1,1
95,95,B8_Conv_2a_1x1,16,11,46,4,7,58,14,2,0,0,16,4,1,1
95,95,B8_Conv_2a_1x1,16,11,47,5,7,62,15,2,0,0,16,4,1,1
95,95,B8_Conv_2a_1x1,16,15,48,6,7,3,0,3,0,0,16,4,1,1
95,95,B8_Conv_2a_1x1,16,15,49,7,7,7,1,3,0,0,16,4,1,1
95,95,B8_Conv_2a_1x1,16,15,50,6,6,11,2,3,0,0,16,4,1,1
95,95,B8_Conv_2a_1x1,16,15,51,7,6,15,3,3,0,0,16,4,1,1
95,95,B8_Conv_2a_1x1,16,14,52,6,5,19,4,3,0,0,16,4,1,1
95,95,B8_Conv_2a_1x1,16,14,53,7,5,23,5,3,0,0,16,4,1,1
95,95,B8_Conv_2a_1x1,16,14,54,6,4,27,6,3,0,0,16,4,1,1
95,95,B8_Conv_2a_1x1,16,14,55,7,4,31,7,3,0,0,16,4,1,1
95,95,B8_Conv_2a_1x1,16,13,56,6,3,35,8,3,0,0,16,4,1,1
95,95,B8_Conv_2a_1x1,16,13,57,7,3,39,9,3,0,0,16,4,1,1
95,95,B8_Conv_2a_1x1,16,13,58,6,2,43,10,3,0,0,16,4,1,1
95,95,B8_Conv_2a_1x1,16,13,59,7,2,47,11,3,0,0,16,4,1,1
95,95,B8_Conv_2a_1x1,16,12,60,6,1,51,12,3,0,0,16,4,1,1
95,95,B8_Conv_2a_1x1,16,12,61,7,1,55,13,3,0,0,16,4,1,1
95,95,B8_Conv_2a_1x1,16,12,62,6,0,59,14,3,0,0,16,4,1,1
95,95,B8_Conv_2a_1x1,16,12,63,7,0,63,15,3,0,0,16,4,1,1
96,96,B8_Conv_2b_1x7,16,0,0,0,0,0,0,0,0,0,16,4,1,1
96,96,B8_Conv_2b_1x7,16,0,1,1,0,4,1,0,0,0,16,4,1,1
96,96,B8_Conv_2b_1x7,16,0,2,0,1,8,2,0,0,0,16,4,1,1
96,96,B8_Conv_2b_1x7,16,0,3,1,1,12,3,0,0,0,16,4,1,1
96,96,B8_Conv_2b_1x7,16,1,4,0,2,16,4,0,0,0,16,4,1,1
96,96,B8_Conv_2b_1x7,16,1,5,1,2,20,5,0,0,0,16,4,1,1
96,96,B8_Conv_2b_1x7,16,1,6,0,3,24,6,0,0,0,16,4,1,1
96,96,B8_Conv_2b_1x7,16,1,7,1,3,28,7,0,0,0,16,4,1,1
96,96,B8_Conv_2b_1x7,16,2,8,0,4,32,8,0,0,0,16,4,1,1
96,96,B8_Conv_2b_1x7,16,2,9,1,4,36,9,0,0,0,16,4,1,1
96,96,B8_Conv_2b_1x7,16,2,10,0,5,40,10,0,0,0,16,4,1,1
96,96,B8_Conv_2b_1x7,16,2,11,1,5,44,11,0,0,0,16,4,1,1
96,96,B8_Conv_2b_1x7,16,3,12,0,6,48,12,0,0,0,16,4,1,1
96,96,B8_Conv_2b_1x7,16,3,13,1,6,52,13,0,0,0,16,4,1,1
96,96,B8_Conv_2b_1x7,16,3,14,0,7,56,14,0,0,0,16,4,1,1
96,96,B8_Conv_2b_1x7,16,3,15,1,7,60,15,0,0,0,16,4,1,1
96,96,B8_Conv_2b_1x7,16,7,16,2,7,1,0,1,0,0,16,4,1,1
96,96,B8_Conv_2b_1x7,16,7,17,3,7,5,1,1,0,0,16,4,1,1
96,96,B8_Conv_2b_1x7,16,7,18,2,6,9,2,1,0,0,16,4,1,1
96,96,B8_Conv_2b_1x7,16,7,19,3,6,13,3,1,0,0,16,4,1,1
96,96,B8_Conv_2b_1x7,16,6,20,2,5,17,4,1,0,0,16,4,1,1
96,96,B8_Conv_2b_1x7,16,6,21,3,5,21,5,1,0,0,16,4,1,1
96,96,B8_Conv_2b_1x7,16,6,22,2,4,25,6,1,0,0,16,4,1,1
96,96,B8_Conv_2b_1x7,16,6,23,3,4,29,7,1,0,0,16,4,1,1
96,96,B8_Conv_2b_1x7,16,5,24,2,3,33,8,1,0,0,16,4,1,1
96,96,B8_Conv_2b_1x7,16,5,25,3,3,37,9,1,0,0,16,4,1,1
96,96,B8_Conv_2b_1x7,16,5,26,2,2,41,10,1,0,0,16,4,1,1
96,96,B8_Conv_2b_1x7,16,5,27,3,2,45,11,1,0,0,16,4,1,1
96,96,B8_Conv_2b_1x7,16,4,28,2,1,49,12,1,0,0,16,4,1,1
96,96,B8_Conv_2b_1x7,16,4,29,3,1,53,13,1,0,0,16,4,1,1
96,96,B8_Conv_2b_1x7,16,4,30,2,0,57,14,1,0,0,16,4,1,1
96,96,B8_Conv_2b_1x7,16,4,31,3,0,61,15,1,0,0,16,4,1,1
96,96,B8_Conv_2b_1x7,16,8,32,4,0,2,0,2,0,0,16,4,1,1
96,96,B8_Conv_2b_1x7,16,8,33,5,0,6,1,2,0,0,16,4,1,1
96,96,B8_Conv_2b_1x7,16,8,34,4,1,10,2,2,0,0,16,4,1,1
96,96,B8_Conv_2b_1x7,16,8,35,5,1,14,3,2,0,0,16,4,1,1
96,96,B8_Conv_2b_1x7,16,9,36,4,2,18,4,2,0,0,16,4,1,1
96,96,B8_Conv_2b_1x7,16,9,37,5,2,22,5,2,0,0,16,4,1,1
96,96,B8_Conv_2b_1x7,16,9,38,4,3,26,6,2,0,0,16,4,1,1
96,96,B8_Conv_2b_1x7,16,9,39,5,3,30,7,2,0,0,16,4,1,1
96,96,B8_Conv_2b_1x7,16,10,40,4,4,34,8,2,0,0,16,4,1,1
96,96,B8_Conv_2b_1x7,16,10,41,5,4,38,9,2,0,0,16,4,1,1
96,96,B8_Conv_2b_1x7,16,10,42,4,5,42,10,2,0,0,16,4,1,1
96,96,B8_Conv_2b_1x7,16,10,43,5,5,46,11,2,0,0,16,4,1,1
96,96,B8_Conv_2b_1x7,16,11,44,4,6,50,12,2,0,0,16,4,1,1
96,96,B8_Conv_2b_1x7,16,11,45,5,6,54,13,2,0,0,16,4,1,1
96,96,B8_Conv_2b_1x7,16,11,46,4,7,58,14,2,0,0,16,4,1,1
96,96,B8_Conv_2b_1x7,16,11,47,5,7,62,15,2,0,0,16,4,1,1
96,96,B8_Conv_2b_1x7,16,15,48,6,7,3,0,3,0,0,16,4,1,1
96,96,B8_Conv_2b_1x7,16,15,49,7,7,7,1,3,0,0,16,4,1,1
96,96,B8_Conv_2b_1x7,16,15,50,6,6,11,2,3,0,0,16,4,1,1
96,96,B8_Conv_2b_1x7,16,15,51,7,6,15,3,3,0,0,16,4,1,1
96,96,B8_Conv_2b_1x7,16,14,52,6,5,19,4,3,0,0,16,4,1,1
96,96,B8_Conv_2b_1x7,16,14,53,7,5,23,5,3,0,0,16,4,1,1
96,96,B8_Conv_2b_1x7,16,14,54,6,4,27,6,3,0,0,16,4,1,1
96,96,B8_Conv_2b_1x7,16,14,55,7,4,31,7,3,0,0,16,4,1,1
96,96,B8_Conv_2b_1x7,16,13,56,6,3,35,8,3,0,0,16,4,1,1
96,96,B8_Conv_2b_1x7,16,13,57,7,3,39,9,3,0,0,16,4,1,1
96,96,B8_Conv_2b_1x7,16,13,58,6,2,43,10,3,0,0,16,4,1,1
96,96,B8_Conv_2b_1x7,16,13,59,7,2,47,11,3,0,0,16,4,1,1
96,96,B8_Conv_2b_1x7,16,12,60,6,1,51,12,3,0,0,16,4,1,1
96,96,B8_Conv_2b_1x7,16,12,61,7,1,55,13,3,0,0,16,4,1,1
96,96,B8_Conv_2b_1x7,16,12,62,6,0,59,14,3,0,0,16,4,1,1
96,96,B8_Conv_2b_1x7,16,12,63,7,0,63,15,3,0,0,16,4,1,1
97,97,B8_Conv_2c_7x1,16,0,0,0,0,0,0,0,0,0,16,4,1,1
97,97,B8_Conv_2c_7x1,16,0,1,1,0,4,1,0,0,0,16,4,1,1
97,97,B8_Conv_2c_7x1,16,0,2,0,1,8,2,0,0,0,16,4,1,1
97,97,B8_Conv_2c_7x1,16,0,3,1,1,12,3,0,0,0,16,4,1,1
97,97,B8_Conv_2c_7x1,16,1,4,0,2,16,4,0,0,0,16,4,1,1
97,97,B8_Conv_2c_7x1,16,1,5,1,2,20,5,0,0,0,16,4,1,1
97,97,B8_Conv_2c_7x1,16,1,6,0,3,24,6,0,0,0,16,4,1,1
97,97,B8_Conv_2c_7x1,16,1,7,1,3,28,7,0,0,0,16,4,1,1
97,97,B8_Conv_2c_7x1,16,2,8,0,4,32,8,0,0,0,16,4,1,1
97,97,B8_Conv_2c_7x1,16,2,9,1,4,36,9,0,0,0,16,4,1,1
97,97,B8_Conv_2c_7x1,16,2,10,0,5,40,10,0,0,0,16,4,1,1
97,97,B8_Conv_2c_7x1,16,2,11,1,5,44,11,0,0,0,16,4,1,1
97,97,B8_Conv_2c_7x1,16,3,12,0,6,48,12,0,0,0,16,4,1,1
97,97,B8_Conv_2c_7x1,16,3,13,1,6,52,13,0,0,0,16,4,1,1
97,97,B8_Conv_2c_7x1,16,3,14,0,7,56,14,0,0,0,16,4,1,1
97,97,B8_Conv_2c_7x1,16,3,15,1,7,60,15,0,0,0,16,4,1,1
97,97,B8_Conv_2c_7x1,16,7,16,2,7,1,0,1,0,0,16,4,1,1
97,97,B8_Conv_2c_7x1,16,7,17,3,7,5,1,1,0,0,16,4,1,1
97,97,B8_Conv_2c_7x1,16,7,18,2,6,9,2,1,0,0,16,4,1,1
97,97,B8_Conv_2c_7x1,16,7,19,3,6,13,3,1,0,0,16,4,1,1
97,97,B8_Conv_2c_7x1,16,6,20,2,5,17,4,1,0,0,16,4,1,1
97,97,B8_Conv_2c_7x1,16,6,21,3,5,21,5,1,0,0,16,4,1,1
97,97,B8_Conv_2c_7x1,16,6,22,2,4,25,6,1,0,0,16,4,1,1
97,97,B8_Conv_2c_7x1,16,6,23,3,4,29,7,1,0,0,16,4,1,1
97,97,B8_Conv_2c_7x1,16,5,24,2,3,33,8,1,0,0,16,4,1,1
97,97,B8_Conv_2c_7x1,16,5,25,3,3,37,9,1,0,0,16,4,1,1
97,97,B8_Conv_2c_7x1,16,5,26,2,2,41,10,1,0,0,16,4,1,1
97,97,B8_Conv_2c_7x1,16,5,27,3,2,45,11,1,0,0,16,4,1,1
97,97,B8_Conv_2c_7x1,16,4,28,2,1,49,12,1,0,0,16,4,1,1
97,97,B8_Conv_2c_7x1,16,4,29,3,1,53,13,1,0,0,16,4,1,1
97,97,B8_Conv_2c_7x1,16,4,30,2,0,57,14,1,0,0,16,4,1,1
97,97,B8_Conv_2c_7x1,16,4,31,3,0,61,15,1,0,0,16,4,1,1
97,97,B8_Conv_2c_7x1,16,8,32,4,0,2,0,2,0,0,16,4,1,1
97,97,B8_Conv_2c_7x1,16,8,33,5,0,6,1,2,0,0,16,4,1,1
97,97,B8_Conv_2c_7x1,16,8,34,4,1,10,2,2,0,0,16,4,1,1
97,97,B8_Conv_2c_7x1,16,8,35,5,1,14,3,2,0,0,16,4,1,1
97,97,B8_Conv_2c_7x1,16,9,36,4,2,18,4,2,0,0,16,4,1,1
97,97,B8_Conv_2c_7x1,16,9,37,5,2,22,5,2,0,0,16,4,1,1
97,97,B8_Conv_2c_7x1,16,9,38,4,3,26,6,2,0,0,16,4,1,1
97,97,B8_Conv_2c_7x1,16,9,39,5,3,30,7,2,0,0,16,4,1,1
97,97,B8_Conv_2c_7x1,16,10,40,4,4,34,8,2,0,0,16,4,1,1
97,97,B8_Conv_2c_7x1,16,10,41,5,4,38,9,2,0,0,16,4,1,1
97,97,B8_Conv_2c_7x1,16,10,42,4,5,42,10,2,0,0,16,4,1,1
97,97,B8_Conv_2c_7x1,16,10,43,5,5,46,11,2,0,0,16,4,1,1
97,97,B8_Conv_2c_7x1,16,11,44,4,6,50,12,2,0,0,16,4,1,1
97,97,B8_Conv_2c_7x1,16,11,45,5,6,54,13,2,0,0,16,4,1,1
97,97,B8_Conv_2c_7x1,16,11,46,4,7,58,14,2,0,0,16,4,1,1
97,97,B8_Conv_2c_7x1,16,11,47,5,7,62,15,2,0,0,16,4,1,1
97,97,B8_Conv_2c_7x1,16,15,48,6,7,3,0,3,0,0,16,4,1,1
97,97,B8_Conv_2c_7x1,16,15,49,7,7,7,1,3,0,0,16,4,1,1
97,97,B8_Conv_2c_7x1,16,15,50,6,6,11,2,3,0,0,16,4,1,1
97,97,B8_Conv_2c_7x1,16,15,51,7,6,15,3,3,0,0,16,4,1,1
97,97,B8_Conv_2c_7x1,16,14,52,6,5,19,4,3,0,0,16,4,1,1
97,97,B8_Conv_2c_7x1,16,14,53,7,5,23,5,3,0,0,16,4,1,1
97,97,B8_Conv_2c_7x1,16,14,54,6,4,27,6,3,0,0,16,4,1,1
97,97,B8_Conv_2c_7x1,16,14,55,7,4,31,7,3,0,0,16,4,1,1
97,97,B8_Conv_2c_7x1,16,13,56,6,3,35,8,3,0,0,16,4,1,1
97,97,B8_Conv_2c_7x1,16,13,57,7,3,39,9,3,0,0,16,4,1,1
97,97,B8_Conv_2c_7x1,16,13,58,6,2,43,10,3,0,0,16,4,1,1
97,97,B8_Conv_2c_7x1,16,13,59,7,2,47,11,3,0,0,16,4,1,1
97,97,B8_Conv_2c_7x1,16,12,60,6,1,51,12,3,0,0,16,4,1,1
97,97,B8_Conv_2c_7x1,16,12,61,7,1,55,13,3,0,0,16,4,1,1
97,97,B8_Conv_2c_7x1,16,12,62,6,0,59,14,3,0,0,16,4,1,1
97,97,B8_Conv_2c_7x1,16,12,63,7,0,63,15,3,0,0,16,4,1,1
98,98,B8_Conv_3_1x1,16,0,0,0,0,0,0,0,0,0,16,4,1,1
98,98,B8_Conv_3_1x1,16,0,1,1,0,4,1,0,0,0,16,4,1,1
98,98,B8_Conv_3_1x1,16,0,2,0,1,8,2,0,0,0,16,4,1,1
98,98,B8_Conv_3_1x1,16,0,3,1,1,12,3,0,0,0,16,4,1,1
98,98,B8_Conv_3_1x1,16,1,4,0,2,16,4,0,0,0,16,4,1,1
98,98,B8_Conv_3_1x1,16,1,5,1,2,20,5,0,0,0,16,4,1,1
98,98,B8_Conv_3_1x1,16,1,6,0,3,24,6,0,0,0,16,4,1,1
98,98,B8_Conv_3_1x1,16,1,7,1,3,28,7,0,0,0,16,4,1,1
98,98,B8_Conv_3_1x1,16,2,8,0,4,32,8,0,0,0,16,4,1,1
98,98,B8_Conv_3_1x1,16,2,9,1,4,36,9,0,0,0,16,4,1,1
98,98,B8_Conv_3_1x1,16,2,10,0,5,40,10,0,0,0,16,4,1,1
98,98,B8_Conv_3_1x1,16,2,11,1,5,44,11,0,0,0,16,4,1,1
98,98,B8_Conv_3_1x1,16,3,12,0,6,48,12,0,0,0,16,4,1,1
98,98,B8_Conv_3_1x1,16,3,13,1,6,52,13,0,0,0,16,4,1,1
98,98,B8_Conv_3_1x1,16,3,14,0,7,56,14,0,0,0,16,4,1,1
98,98,B8_Conv_3_1x1,16,3,15,1,7,60,15,0,0,0,16,4,1,1
98,98,B8_Conv_3_1x1,16,7,16,2,7,1,0,1,0,0,16,4,1,1
98,98,B8_Conv_3_1x1,16,7,17,3,7,5,1,1,0,0,16,4,1,1
98,98,B8_Conv_3_1x1,16,7,18,2,6,9,2,1,0,0,16,4,1,1
98,98,B8_Conv_3_1x1,16,7,19,3,6,13,3,1,0,0,16,4,1,1
98,98,B8_Conv_3_1x1,16,6,20,2,5,17,4,1,0,0,16,4,1,1
98,98,B8_Conv_3_1x1,16,6,21,3,5,21,5,1,0,0,16,4,1,1
98,98,B8_Conv_3_1x1,16,6,22,2,4,25,6,1,0,0,16,4,1,1
98,98,B8_Conv_3_1x1,16,6,23,3,4,29,7,1,0,0,16,4,1,1
98,98,B8_Conv_3_1x1,16,5,24,2,3,33,8,1,0,0,16,4,1,1
98,98,B8_Conv_3_1x1,16,5,25,3,3,37,9,1,0,0,16,4,1,1
98,98,B8_Conv_3_1x1,16,5,26,2,2,41,10,1,0,0,16,4,1,1
98,98,B8_Conv_3_1x1,16,5,27,3,2,45,11,1,0,0,16,4,1,1
98,98,B8_Conv_3_1x1,16,4,28,2,1,49,12,1,0,0,16,4,1,1
98,98,B8_Conv_3_1x1,16,4,29,3,1,53,13,1,0,0,16,4,1,1
98,98,B8_Conv_3_1x1,16,4,30,2,0,57,14,1,0,0,16,4,1,1
98,98,B8_Conv_3_1x1,16,4,31,3,0,61,15,1,0,0,16,4,1,1
98,98,B8_Conv_3_1x1,16,8,32,4,0,2,0,2,0,0,16,4,1,1
98,98,B8_Conv_3_1x1,16,8,33,5,0,6,1,2,0,0,16,4,1,1
98,98,B8_Conv_3_1x1,16,8,34,4,1,10,2,2,0,0,16,4,1,1
98,98,B8_Conv_3_1x1,16,8,35,5,1,14,3,2,0,0,16,4,1,1
98,98,B8_Conv_3_1x1,16,9,36,4,2,18,4,2,0,0,16,4,1,1
98,98,B8_Conv_3_1x1,16,9,37,5,2,22,5,2,0,0,16,4,1,1
98,98,B8_Conv_3_1x1,16,9,38,4,3,26,6,2,0,0,16,4,1,1
98,98,B8_Conv_3_1x1,16,9,39,5,3,30,7,2,0,0,16,4,1,1
98,98,B8_Conv_3_1x1,16,10,40,4,4,34,8,2,0,0,16,4,1,1
98,98,B8_Conv_3_1x1,16,10,41,5,4,38,9,2,0,0,16,4,1,1
98,98,B8_Conv_3_1x1,16,10,42,4,5,42,10,2,0,0,16,4,1,1
98,98,B8_Conv_3_1x1,16,10,43,5,5,46,11,2,0,0,16,4,1,1
98,98,B8_Conv_3_1x1,16,11,44,4,6,50,12,2,0,0,16,4,1,1
98,98,B8_Conv_3_1x1,16,11,45,5,6,54,13,2,0,0,16,4,1,1
98,98,B8_Conv_3_1x1,16,11,46,4,7,58,14,2,0,0,16,4,1,1
98,98,B8_Conv_3_1x1,16,11,47,5,7,62,15,2,0,0,16,4,1,1
98,98,B8_Conv_3_1x1,16,15,48,6,7,3,0,3,0,0,16,4,1,1
98,98,B8_Conv_3_1x1,16,15,49,7,7,7,1,3,0,0,16,4,1,1
98,98,B8_Conv_3_1x1,16,15,50,6,6,11,2,3,0,0,16,4,1,1
98,98,B8_Conv_3_1x1,16,15,51,7,6,15,3,3,0,0,16,4,1,1
98,98,B8_Conv_3_1x1,16,14,52,6,5,19,4,3,0,0,16,4,1,1
98,98,B8_Conv_3_1x1,16,14,53,7,5,23,5,3,0,0,16,4,1,1
98,98,B8_Conv_3_1x1,16,14,54,6,4,27,6,3,0,0,16,4,1,1
98,98,B8_Conv_3_1x1,16,14,55,7,4,31,7,3,0,0,16,4,1,1
98,98,B8_Conv_3_1x1,16,13,56,6,3,35,8,3,0,0,16,4,1,1
98,98,B8_Conv_3_1x1,16,13,57,7,3,39,9,3,0,0,16,4,1,1
98,98,B8_Conv_3_1x1,16,13,58,6,2,43,10,3,0,0,16,4,1,1
98,98,B8_Conv_3_1x1,16,13,59,7,2,47,11,3,0,0,16,4,1,1
98,98,B8_Conv_3_1x1,16,12,60,6,1,51,12,3,0,0,16,4,1,1
98,98,B8_Conv_3_1x1,16,12,61,7,1,55,13,3,0,0,16,4,1,1
98,98,B8_Conv_3_1x1,16,12,62,6,0,59,14,3,0,0,16,4,1,1
98,98,B8_Conv_3_1x1,16,12,63,7,0,63,15,3,0,0,16,4,1,1
99,99,B8_Eltwise,1,0,0,0,0,0,0,0,0,0,1,64,1,1
99,99,B8_Eltwise,1,0,1,1,0,1,0,1,0,0,1,64,1,1
99,99,B8_Eltwise,1,0,2,0,1,2,0,2,0,0,1,64,1,1
99,99,B8_Eltwise,1,0,3,1,1,3,0,3,0,0,1,64,1,1
99,99,B8_Eltwise,1,1,4,0,2,4,0,4,0,0,1,64,1,1
99,99,B8_Eltwise,1,1,5,1,2,5,0,5,0,0,1,64,1,1
99,99,B8_Eltwise,1,1,6,0,3,6,0,6,0,0,1,64,1,1
99,99,B8_Eltwise,1,1,7,1,3,7,0,7,0,0,1,64,1,1
99,99,B8_Eltwise,1,2,8,0,4,8,0,8,0,0,1,64,1,1
99,99,B8_Eltwise,1,2,9,1,4,9,0,9,0,0,1,64,1,1
99,99,B8_Eltwise,1,2,10,0,5,10,0,10,0,0,1,64,1,1
99,99,B8_Eltwise,1,2,11,1,5,11,0,11,0,0,1,64,1,1
99,99,B8_Eltwise,1,3,12,0,6,12,0,12,0,0,1,64,1,1
99,99,B8_Eltwise,1,3,13,1,6,13,0,13,0,0,1,64,1,1
99,99,B8_Eltwise,1,3,14,0,7,14,0,14,0,0,1,64,1,1
99,99,B8_Eltwise,1,3,15,1,7,15,0,15,0,0,1,64,1,1
99,99,B8_Eltwise,1,7,16,2,7,16,0,16,0,0,1,64,1,1
99,99,B8_Eltwise,1,7,17,3,7,17,0,17,0,0,1,64,1,1
99,99,B8_Eltwise,1,7,18,2,6,18,0,18,0,0,1,64,1,1
99,99,B8_Eltwise,1,7,19,3,6,19,0,19,0,0,1,64,1,1
99,99,B8_Eltwise,1,6,20,2,5,20,0,20,0,0,1,64,1,1
99,99,B8_Eltwise,1,6,21,3,5,21,0,21,0,0,1,64,1,1
99,99,B8_Eltwise,1,6,22,2,4,22,0,22,0,0,1,64,1,1
99,99,B8_Eltwise,1,6,23,3,4,23,0,23,0,0,1,64,1,1
99,99,B8_Eltwise,1,5,24,2,3,24,0,24,0,0,1,64,1,1
99,99,B8_Eltwise,1,5,25,3,3,25,0,25,0,0,1,64,1,1
99,99,B8_Eltwise,1,5,26,2,2,26,0,26,0,0,1,64,1,1
99,99,B8_Eltwise,1,5,27,3,2,27,0,27,0,0,1,64,1,1
99,99,B8_Eltwise,1,4,28,2,1,28,0,28,0,0,1,64,1,1
99,99,B8_Eltwise,1,4,29,3,1,29,0,29,0,0,1,64,1,1
99,99,B8_Eltwise,1,4,30,2,0,30,0,30,0,0,1,64,1,1
99,99,B8_Eltwise,1,4,31,3,0,31,0,31,0,0,1,64,1,1
99,99,B8_Eltwise,1,8,32,4,0,32,0,32,0,0,1,64,1,1
99,99,B8_Eltwise,1,8,33,5,0,33,0,33,0,0,1,64,1,1
99,99,B8_Eltwise,1,8,34,4,1,34,0,34,0,0,1,64,1,1
99,99,B8_Eltwise,1,8,35,5,1,35,0,35,0,0,1,64,1,1
99,99,B8_Eltwise,1,9,36,4,2,36,0,36,0,0,1,64,1,1
99,99,B8_Eltwise,1,9,37,5,2,37,0,37,0,0,1,64,1,1
99,99,B8_Eltwise,1,9,38,4,3,38,0,38,0,0,1,64,1,1
99,99,B8_Eltwise,1,9,39,5,3,39,0,39,0,0,1,64,1,1
99,99,B8_Eltwise,1,10,40,4,4,40,0,40,0,0,1,64,1,1
99,99,B8_Eltwise,1,10,41,5,4,41,0,41,0,0,1,64,1,1
99,99,B8_Eltwise,1,10,42,4,5,42,0,42,0,0,1,64,1,1
99,99,B8_Eltwise,1,10,43,5,5,43,0,43,0,0,1,64,1,1
99,99,B8_Eltwise,1,11,44,4,6,44,0,44,0,0,1,64,1,1
99,99,B8_Eltwise,1,11,45,5,6,45,0,45,0,0,1,64,1,1
99,99,B8_Eltwise,1,11,46,4,7,46,0,46,0,0,1,64,1,1
99,99,B8_Eltwise,1,11,47,5,7,47,0,47,0,0,1,64,1,1
99,99,B8_Eltwise,1,15,48,6,7,48,0,48,0,0,1,64,1,1
99,99,B8_Eltwise,1,15,49,7,7,49,0,49,0,0,1,64,1,1
99,99,B8_Eltwise,1,15,50,6,6,50,0,50,0,0,1,64,1,1
99,99,B8_Eltwise,1,15,51,7,6,51,0,51,0,0,1,64,1,1
99,99,B8_Eltwise,1,14,52,6,5,52,0,52,0,0,1,64,1,1
99,99,B8_Eltwise,1,14,53,7,5,53,0,53,0,0,1,64,1,1
99,99,B8_Eltwise,1,14,54,6,4,54,0,54,0,0,1,64,1,1
99,99,B8_Eltwise,1,14,55,7,4,55,0,55,0,0,1,64,1,1
99,99,B8_Eltwise,1,13,56,6,3,56,0,56,0,0,1,64,1,1
99,99,B8_Eltwise,1,13,57,7,3,57,0,57,0,0,1,64,1,1
99,99,B8_Eltwise,1,13,58,6,2,58,0,58,0,0,1,64,1,1
99,99,B8_Eltwise,1,13,59,7,2,59,0,59,0,0,1,64,1,1
99,99,B8_Eltwise,1,12,60,6,1,60,0,60,0,0,1,64,1,1
99,99,B8_Eltwise,1,12,61,7,1,61,0,61,0,0,1,64,1,1
99,99,B8_Eltwise,1,12,62,6,0,62,0,62,0,0,1,64,1,1
99,99,B8_Eltwise,1,12,63,7,0,63,0,63,0,0,1,64,1,1
100,100,B9_Conv_1a_1x1,16,0,0,0,0,0,0,0,0,0,16,4,1,1
100,100,B9_Conv_1a_1x1,16,0,1,1,0,4,1,0,0,0,16,4,1,1
100,100,B9_Conv_1a_1x1,16,0,2,0,1,8,2,0,0,0,16,4,1,1
100,100,B9_Conv_1a_1x1,16,0,3,1,1,12,3,0,0,0,16,4,1,1
100,100,B9_Conv_1a_1x1,16,1,4,0,2,16,4,0,0,0,16,4,1,1
100,100,B9_Conv_1a_1x1,16,1,5,1,2,20,5,0,0,0,16,4,1,1
100,100,B9_Conv_1a_1x1,16,1,6,0,3,24,6,0,0,0,16,4,1,1
100,100,B9_Conv_1a_1x1,16,1,7,1,3,28,7,0,0,0,16,4,1,1
100,100,B9_Conv_1a_1x1,16,2,8,0,4,32,8,0,0,0,16,4,1,1
100,100,B9_Conv_1a_1x1,16,2,9,1,4,36,9,0,0,0,16,4,1,1
100,100,B9_Conv_1a_1x1,16,2,10,0,5,40,10,0,0,0,16,4,1,1
100,100,B9_Conv_1a_1x1,16,2,11,1,5,44,11,0,0,0,16,4,1,1
100,100,B9_Conv_1a_1x1,16,3,12,0,6,48,12,0,0,0,16,4,1,1
100,100,B9_Conv_1a_1x1,16,3,13,1,6,52,13,0,0,0,16,4,1,1
100,100,B9_Conv_1a_1x1,16,3,14,0,7,56,14,0,0,0,16,4,1,1
100,100,B9_Conv_1a_1x1,16,3,15,1,7,60,15,0,0,0,16,4,1,1
100,100,B9_Conv_1a_1x1,16,7,16,2,7,1,0,1,0,0,16,4,1,1
100,100,B9_Conv_1a_1x1,16,7,17,3,7,5,1,1,0,0,16,4,1,1
100,100,B9_Conv_1a_1x1,16,7,18,2,6,9,2,1,0,0,16,4,1,1
100,100,B9_Conv_1a_1x1,16,7,19,3,6,13,3,1,0,0,16,4,1,1
100,100,B9_Conv_1a_1x1,16,6,20,2,5,17,4,1,0,0,16,4,1,1
100,100,B9_Conv_1a_1x1,16,6,21,3,5,21,5,1,0,0,16,4,1,1
100,100,B9_Conv_1a_1x1,16,6,22,2,4,25,6,1,0,0,16,4,1,1
100,100,B9_Conv_1a_1x1,16,6,23,3,4,29,7,1,0,0,16,4,1,1
100,100,B9_Conv_1a_1x1,16,5,24,2,3,33,8,1,0,0,16,4,1,1
100,100,B9_Conv_1a_1x1,16,5,25,3,3,37,9,1,0,0,16,4,1,1
100,100,B9_Conv_1a_1x1,16,5,26,2,2,41,10,1,0,0,16,4,1,1
100,100,B9_Conv_1a_1x1,16,5,27,3,2,45,11,1,0,0,16,4,1,1
100,100,B9_Conv_1a_1x1,16,4,28,2,1,49,12,1,0,0,16,4,1,1
100,100,B9_Conv_1a_1x1,16,4,29,3,1,53,13,1,0,0,16,4,1,1
100,100,B9_Conv_1a_1x1,16,4,30,2,0,57,14,1,0,0,16,4,1,1
100,100,B9_Conv_1a_1x1,16,4,31,3,0,61,15,1,0,0,16,4,1,1
100,100,B9_Conv_1a_1x1,16,8,32,4,0,2,0,2,0,0,16,4,1,1
100,100,B9_Conv_1a_1x1,16,8,33,5,0,6,1,2,0,0,16,4,1,1
100,100,B9_Conv_1a_1x1,16,8,34,4,1,10,2,2,0,0,16,4,1,1
100,100,B9_Conv_1a_1x1,16,8,35,5,1,14,3,2,0,0,16,4,1,1
100,100,B9_Conv_1a_1x1,16,9,36,4,2,18,4,2,0,0,16,4,1,1
100,100,B9_Conv_1a_1x1,16,9,37,5,2,22,5,2,0,0,16,4,1,1
100,100,B9_Conv_1a_1x1,16,9,38,4,3,26,6,2,0,0,16,4,1,1
100,100,B9_Conv_1a_1x1,16,9,39,5,3,30,7,2,0,0,16,4,1,1
100,100,B9_Conv_1a_1x1,16,10,40,4,4,34,8,2,0,0,16,4,1,1
100,100,B9_Conv_1a_1x1,16,10,41,5,4,38,9,2,0,0,16,4,1,1
100,100,B9_Conv_1a_1x1,16,10,42,4,5,42,10,2,0,0,16,4,1,1
100,100,B9_Conv_1a_1x1,16,10,43,5,5,46,11,2,0,0,16,4,1,1
100,100,B9_Conv_1a_1x1,16,11,44,4,6,50,12,2,0,0,16,4,1,1
100,100,B9_Conv_1a_1x1,16,11,45,5,6,54,13,2,0,0,16,4,1,1
100,100,B9_Conv_1a_1x1,16,11,46,4,7,58,14,2,0,0,16,4,1,1
100,100,B9_Conv_1a_1x1,16,11,47,5,7,62,15,2,0,0,16,4,1,1
100,100,B9_Conv_1a_1x1,16,15,48,6,7,3,0,3,0,0,16,4,1,1
100,100,B9_Conv_1a_1x1,16,15,49,7,7,7,1,3,0,0,16,4,1,1
100,100,B9_Conv_1a_1x1,16,15,50,6,6,11,2,3,0,0,16,4,1,1
100,100,B9_Conv_1a_1x1,16,15,51,7,6,15,3,3,0,0,16,4,1,1
100,100,B9_Conv_1a_1x1,16,14,52,6,5,19,4,3,0,0,16,4,1,1
100,100,B9_Conv_1a_1x1,16,14,53,7,5,23,5,3,0,0,16,4,1,1
100,100,B9_Conv_1a_1x1,16,14,54,6,4,27,6,3,0,0,16,4,1,1
100,100,B9_Conv_1a_1x1,16,14,55,7,4,31,7,3,0,0,16,4,1,1
100,100,B9_Conv_1a_1x1,16,13,56,6,3,35,8,3,0,0,16,4,1,1
100,100,B9_Conv_1a_1x1,16,13,57,7,3,39,9,3,0,0,16,4,1,1
100,100,B9_Conv_1a_1x1,16,13,58,6,2,43,10,3,0,0,16,4,1,1
100,100,B9_Conv_1a_1x1,16,13,59,7,2,47,11,3,0,0,16,4,1,1
100,100,B9_Conv_1a_1x1,16,12,60,6,1,51,12,3,0,0,16,4,1,1
100,100,B9_Conv_1a_1x1,16,12,61,7,1,55,13,3,0,0,16,4,1,1
100,100,B9_Conv_1a_1x1,16,12,62,6,0,59,14,3,0,0,16,4,1,1
100,100,B9_Conv_1a_1x1,16,12,63,7,0,63,15,3,0,0,16,4,1,1
101,101,B9_Conv_2a_1x1,16,0,0,0,0,0,0,0,0,0,16,4,1,1
101,101,B9_Conv_2a_1x1,16,0,1,1,0,4,1,0,0,0,16,4,1,1
101,101,B9_Conv_2a_1x1,16,0,2,0,1,8,2,0,0,0,16,4,1,1
101,101,B9_Conv_2a_1x1,16,0,3,1,1,12,3,0,0,0,16,4,1,1
101,101,B9_Conv_2a_1x1,16,1,4,0,2,16,4,0,0,0,16,4,1,1
101,101,B9_Conv_2a_1x1,16,1,5,1,2,20,5,0,0,0,16,4,1,1
101,101,B9_Conv_2a_1x1,16,1,6,0,3,24,6,0,0,0,16,4,1,1
101,101,B9_Conv_2a_1x1,16,1,7,1,3,28,7,0,0,0,16,4,1,1
101,101,B9_Conv_2a_1x1,16,2,8,0,4,32,8,0,0,0,16,4,1,1
101,101,B9_Conv_2a_1x1,16,2,9,1,4,36,9,0,0,0,16,4,1,1
101,101,B9_Conv_2a_1x1,16,2,10,0,5,40,10,0,0,0,16,4,1,1
101,101,B9_Conv_2a_1x1,16,2,11,1,5,44,11,0,0,0,16,4,1,1
101,101,B9_Conv_2a_1x1,16,3,12,0,6,48,12,0,0,0,16,4,1,1
101,101,B9_Conv_2a_1x1,16,3,13,1,6,52,13,0,0,0,16,4,1,1
101,101,B9_Conv_2a_1x1,16,3,14,0,7,56,14,0,0,0,16,4,1,1
101,101,B9_Conv_2a_1x1,16,3,15,1,7,60,15,0,0,0,16,4,1,1
101,101,B9_Conv_2a_1x1,16,7,16,2,7,1,0,1,0,0,16,4,1,1
101,101,B9_Conv_2a_1x1,16,7,17,3,7,5,1,1,0,0,16,4,1,1
101,101,B9_Conv_2a_1x1,16,7,18,2,6,9,2,1,0,0,16,4,1,1
101,101,B9_Conv_2a_1x1,16,7,19,3,6,13,3,1,0,0,16,4,1,1
101,101,B9_Conv_2a_1x1,16,6,20,2,5,17,4,1,0,0,16,4,1,1
101,101,B9_Conv_2a_1x1,16,6,21,3,5,21,5,1,0,0,16,4,1,1
101,101,B9_Conv_2a_1x1,16,6,22,2,4,25,6,1,0,0,16,4,1,1
101,101,B9_Conv_2a_1x1,16,6,23,3,4,29,7,1,0,0,16,4,1,1
101,101,B9_Conv_2a_1x1,16,5,24,2,3,33,8,1,0,0,16,4,1,1
101,101,B9_Conv_2a_1x1,16,5,25,3,3,37,9,1,0,0,16,4,1,1
101,101,B9_Conv_2a_1x1,16,5,26,2,2,41,10,1,0,0,16,4,1,1
101,101,B9_Conv_2a_1x1,16,5,27,3,2,45,11,1,0,0,16,4,1,1
101,101,B9_Conv_2a_1x1,16,4,28,2,1,49,12,1,0,0,16,4,1,1
101,101,B9_Conv_2a_1x1,16,4,29,3,1,53,13,1,0,0,16,4,1,1
101,101,B9_Conv_2a_1x1,16,4,30,2,0,57,14,1,0,0,16,4,1,1
101,101,B9_Conv_2a_1x1,16,4,31,3,0,61,15,1,0,0,16,4,1,1
101,101,B9_Conv_2a_1x1,16,8,32,4,0,2,0,2,0,0,16,4,1,1
101,101,B9_Conv_2a_1x1,16,8,33,5,0,6,1,2,0,0,16,4,1,1
101,101,B9_Conv_2a_1x1,16,8,34,4,1,10,2,2,0,0,16,4,1,1
101,101,B9_Conv_2a_1x1,16,8,35,5,1,14,3,2,0,0,16,4,1,1
101,101,B9_Conv_2a_1x1,16,9,36,4,2,18,4,2,0,0,16,4,1,1
101,101,B9_Conv_2a_1x1,16,9,37,5,2,22,5,2,0,0,16,4,1,1
101,101,B9_Conv_2a_1x1,16,9,38,4,3,26,6,2,0,0,16,4,1,1
101,101,B9_Conv_2a_1x1,16,9,39,5,3,30,7,2,0,0,16,4,1,1
101,101,B9_Conv_2a_1x1,16,10,40,4,4,34,8,2,0,0,16,4,1,1
101,101,B9_Conv_2a_1x1,16,10,41,5,4,38,9,2,0,0,16,4,1,1
101,101,B9_Conv_2a_1x1,16,10,42,4,5,42,10,2,0,0,16,4,1,1
101,101,B9_Conv_2a_1x1,16,10,43,5,5,46,11,2,0,0,16,4,1,1
101,101,B9_Conv_2a_1x1,16,11,44,4,6,50,12,2,0,0,16,4,1,1
101,101,B9_Conv_2a_1x1,16,11,45,5,6,54,13,2,0,0,16,4,1,1
101,101,B9_Conv_2a_1x1,16,11,46,4,7,58,14,2,0,0,16,4,1,1
101,101,B9_Conv_2a_1x1,16,11,47,5,7,62,15,2,0,0,16,4,1,1
101,101,B9_Conv_2a_1x1,16,15,48,6,7,3,0,3,0,0,16,4,1,1
101,101,B9_Conv_2a_1x1,16,15,49,7,7,7,1,3,0,0,16,4,1,1
101,101,B9_Conv_2a_1x1,16,15,50,6,6,11,2,3,0,0,16,4,1,1
101,101,B9_Conv_2a_1x1,16,15,51,7,6,15,3,3,0,0,16,4,1,1
101,101,B9_Conv_2a_1x1,16,14,52,6,5,19,4,3,0,0,16,4,1,1
101,101,B9_Conv_2a_1x1,16,14,53,7,5,23,5,3,0,0,16,4,1,1
101,101,B9_Conv_2a_1x1,16,14,54,6,4,27,6,3,0,0,16,4,1,1
101,101,B9_Conv_2a_1x1,16,14,55,7,4,31,7,3,0,0,16,4,1,1
101,101,B9_Conv_2a_1x1,16,13,56,6,3,35,8,3,0,0,16,4,1,1
101,101,B9_Conv_2a_1x1,16,13,57,7,3,39,9,3,0,0,16,4,1,1
101,101,B9_Conv_2a_1x1,16,13,58,6,2,43,10,3,0,0,16,4,1,1
101,101,B9_Conv_2a_1x1,16,13,59,7,2,47,11,3,0,0,16,4,1,1
101,101,B9_Conv_2a_1x1,16,12,60,6,1,51,12,3,0,0,16,4,1,1
101,101,B9_Conv_2a_1x1,16,12,61,7,1,55,13,3,0,0,16,4,1,1
101,101,B9_Conv_2a_1x1,16,12,62,6,0,59,14,3,0,0,16,4,1,1
101,101,B9_Conv_2a_1x1,16,12,63,7,0,63,15,3,0,0,16,4,1,1
102,102,B9_Conv_2b_1x7,16,0,0,0,0,0,0,0,0,0,16,4,1,1
102,102,B9_Conv_2b_1x7,16,0,1,1,0,4,1,0,0,0,16,4,1,1
102,102,B9_Conv_2b_1x7,16,0,2,0,1,8,2,0,0,0,16,4,1,1
102,102,B9_Conv_2b_1x7,16,0,3,1,1,12,3,0,0,0,16,4,1,1
102,102,B9_Conv_2b_1x7,16,1,4,0,2,16,4,0,0,0,16,4,1,1
102,102,B9_Conv_2b_1x7,16,1,5,1,2,20,5,0,0,0,16,4,1,1
102,102,B9_Conv_2b_1x7,16,1,6,0,3,24,6,0,0,0,16,4,1,1
102,102,B9_Conv_2b_1x7,16,1,7,1,3,28,7,0,0,0,16,4,1,1
102,102,B9_Conv_2b_1x7,16,2,8,0,4,32,8,0,0,0,16,4,1,1
102,102,B9_Conv_2b_1x7,16,2,9,1,4,36,9,0,0,0,16,4,1,1
102,102,B9_Conv_2b_1x7,16,2,10,0,5,40,10,0,0,0,16,4,1,1
102,102,B9_Conv_2b_1x7,16,2,11,1,5,44,11,0,0,0,16,4,1,1
102,102,B9_Conv_2b_1x7,16,3,12,0,6,48,12,0,0,0,16,4,1,1
102,102,B9_Conv_2b_1x7,16,3,13,1,6,52,13,0,0,0,16,4,1,1
102,102,B9_Conv_2b_1x7,16,3,14,0,7,56,14,0,0,0,16,4,1,1
102,102,B9_Conv_2b_1x7,16,3,15,1,7,60,15,0,0,0,16,4,1,1
102,102,B9_Conv_2b_1x7,16,7,16,2,7,1,0,1,0,0,16,4,1,1
102,102,B9_Conv_2b_1x7,16,7,17,3,7,5,1,1,0,0,16,4,1,1
102,102,B9_Conv_2b_1x7,16,7,18,2,6,9,2,1,0,0,16,4,1,1
102,102,B9_Conv_2b_1x7,16,7,19,3,6,13,3,1,0,0,16,4,1,1
102,102,B9_Conv_2b_1x7,16,6,20,2,5,17,4,1,0,0,16,4,1,1
102,102,B9_Conv_2b_1x7,16,6,21,3,5,21,5,1,0,0,16,4,1,1
102,102,B9_Conv_2b_1x7,16,6,22,2,4,25,6,1,0,0,16,4,1,1
102,102,B9_Conv_2b_1x7,16,6,23,3,4,29,7,1,0,0,16,4,1,1
102,102,B9_Conv_2b_1x7,16,5,24,2,3,33,8,1,0,0,16,4,1,1
102,102,B9_Conv_2b_1x7,16,5,25,3,3,37,9,1,0,0,16,4,1,1
102,102,B9_Conv_2b_1x7,16,5,26,2,2,41,10,1,0,0,16,4,1,1
102,102,B9_Conv_2b_1x7,16,5,27,3,2,45,11,1,0,0,16,4,1,1
102,102,B9_Conv_2b_1x7,16,4,28,2,1,49,12,1,0,0,16,4,1,1
102,102,B9_Conv_2b_1x7,16,4,29,3,1,53,13,1,0,0,16,4,1,1
102,102,B9_Conv_2b_1x7,16,4,30,2,0,57,14,1,0,0,16,4,1,1
102,102,B9_Conv_2b_1x7,16,4,31,3,0,61,15,1,0,0,16,4,1,1
102,102,B9_Conv_2b_1x7,16,8,32,4,0,2,0,2,0,0,16,4,1,1
102,102,B9_Conv_2b_1x7,16,8,33,5,0,6,1,2,0,0,16,4,1,1
102,102,B9_Conv_2b_1x7,16,8,34,4,1,10,2,2,0,0,16,4,1,1
102,102,B9_Conv_2b_1x7,16,8,35,5,1,14,3,2,0,0,16,4,1,1
102,102,B9_Conv_2b_1x7,16,9,36,4,2,18,4,2,0,0,16,4,1,1
102,102,B9_Conv_2b_1x7,16,9,37,5,2,22,5,2,0,0,16,4,1,1
102,102,B9_Conv_2b_1x7,16,9,38,4,3,26,6,2,0,0,16,4,1,1
102,102,B9_Conv_2b_1x7,16,9,39,5,3,30,7,2,0,0,16,4,1,1
102,102,B9_Conv_2b_1x7,16,10,40,4,4,34,8,2,0,0,16,4,1,1
102,102,B9_Conv_2b_1x7,16,10,41,5,4,38,9,2,0,0,16,4,1,1
102,102,B9_Conv_2b_1x7,16,10,42,4,5,42,10,2,0,0,16,4,1,1
102,102,B9_Conv_2b_1x7,16,10,43,5,5,46,11,2,0,0,16,4,1,1
102,102,B9_Conv_2b_1x7,16,11,44,4,6,50,12,2,0,0,16,4,1,1
102,102,B9_Conv_2b_1x7,16,11,45,5,6,54,13,2,0,0,16,4,1,1
102,102,B9_Conv_2b_1x7,16,11,46,4,7,58,14,2,0,0,16,4,1,1
102,102,B9_Conv_2b_1x7,16,11,47,5,7,62,15,2,0,0,16,4,1,1
102,102,B9_Conv_2b_1x7,16,15,48,6,7,3,0,3,0,0,16,4,1,1
102,102,B9_Conv_2b_1x7,16,15,49,7,7,7,1,3,0,0,16,4,1,1
102,102,B9_Conv_2b_1x7,16,15,50,6,6,11,2,3,0,0,16,4,1,1
102,102,B9_Conv_2b_1x7,16,15,51,7,6,15,3,3,0,0,16,4,1,1
102,102,B9_Conv_2b_1x7,16,14,52,6,5,19,4,3,0,0,16,4,1,1
102,102,B9_Conv_2b_1x7,16,14,53,7,5,23,5,3,0,0,16,4,1,1
102,102,B9_Conv_2b_1x7,16,14,54,6,4,27,6,3,0,0,16,4,1,1
102,102,B9_Conv_2b_1x7,16,14,55,7,4,31,7,3,0,0,16,4,1,1
102,102,B9_Conv_2b_1x7,16,13,56,6,3,35,8,3,0,0,16,4,1,1
102,102,B9_Conv_2b_1x7,16,13,57,7,3,39,9,3,0,0,16,4,1,1
102,102,B9_Conv_2b_1x7,16,13,58,6,2,43,10,3,0,0,16,4,1,1
102,102,B9_Conv_2b_1x7,16,13,59,7,2,47,11,3,0,0,16,4,1,1
102,102,B9_Conv_2b_1x7,16,12,60,6,1,51,12,3,0,0,16,4,1,1
102,102,B9_Conv_2b_1x7,16,12,61,7,1,55,13,3,0,0,16,4,1,1
102,102,B9_Conv_2b_1x7,16,12,62,6,0,59,14,3,0,0,16,4,1,1
102,102,B9_Conv_2b_1x7,16,12,63,7,0,63,15,3,0,0,16,4,1,1
103,103,B9_Conv_2c_7x1,16,0,0,0,0,0,0,0,0,0,16,4,1,1
103,103,B9_Conv_2c_7x1,16,0,1,1,0,4,1,0,0,0,16,4,1,1
103,103,B9_Conv_2c_7x1,16,0,2,0,1,8,2,0,0,0,16,4,1,1
103,103,B9_Conv_2c_7x1,16,0,3,1,1,12,3,0,0,0,16,4,1,1
103,103,B9_Conv_2c_7x1,16,1,4,0,2,16,4,0,0,0,16,4,1,1
103,103,B9_Conv_2c_7x1,16,1,5,1,2,20,5,0,0,0,16,4,1,1
103,103,B9_Conv_2c_7x1,16,1,6,0,3,24,6,0,0,0,16,4,1,1
103,103,B9_Conv_2c_7x1,16,1,7,1,3,28,7,0,0,0,16,4,1,1
103,103,B9_Conv_2c_7x1,16,2,8,0,4,32,8,0,0,0,16,4,1,1
103,103,B9_Conv_2c_7x1,16,2,9,1,4,36,9,0,0,0,16,4,1,1
103,103,B9_Conv_2c_7x1,16,2,10,0,5,40,10,0,0,0,16,4,1,1
103,103,B9_Conv_2c_7x1,16,2,11,1,5,44,11,0,0,0,16,4,1,1
103,103,B9_Conv_2c_7x1,16,3,12,0,6,48,12,0,0,0,16,4,1,1
103,103,B9_Conv_2c_7x1,16,3,13,1,6,52,13,0,0,0,16,4,1,1
103,103,B9_Conv_2c_7x1,16,3,14,0,7,56,14,0,0,0,16,4,1,1
103,103,B9_Conv_2c_7x1,16,3,15,1,7,60,15,0,0,0,16,4,1,1
103,103,B9_Conv_2c_7x1,16,7,16,2,7,1,0,1,0,0,16,4,1,1
103,103,B9_Conv_2c_7x1,16,7,17,3,7,5,1,1,0,0,16,4,1,1
103,103,B9_Conv_2c_7x1,16,7,18,2,6,9,2,1,0,0,16,4,1,1
103,103,B9_Conv_2c_7x1,16,7,19,3,6,13,3,1,0,0,16,4,1,1
103,103,B9_Conv_2c_7x1,16,6,20,2,5,17,4,1,0,0,16,4,1,1
103,103,B9_Conv_2c_7x1,16,6,21,3,5,21,5,1,0,0,16,4,1,1
103,103,B9_Conv_2c_7x1,16,6,22,2,4,25,6,1,0,0,16,4,1,1
103,103,B9_Conv_2c_7x1,16,6,23,3,4,29,7,1,0,0,16,4,1,1
103,103,B9_Conv_2c_7x1,16,5,24,2,3,33,8,1,0,0,16,4,1,1
103,103,B9_Conv_2c_7x1,16,5,25,3,3,37,9,1,0,0,16,4,1,1
103,103,B9_Conv_2c_7x1,16,5,26,2,2,41,10,1,0,0,16,4,1,1
103,103,B9_Conv_2c_7x1,16,5,27,3,2,45,11,1,0,0,16,4,1,1
103,103,B9_Conv_2c_7x1,16,4,28,2,1,49,12,1,0,0,16,4,1,1
103,103,B9_Conv_2c_7x1,16,4,29,3,1,53,13,1,0,0,16,4,1,1
103,103,B9_Conv_2c_7x1,16,4,30,2,0,57,14,1,0,0,16,4,1,1
103,103,B9_Conv_2c_7x1,16,4,31,3,0,61,15,1,0,0,16,4,1,1
103,103,B9_Conv_2c_7x1,16,8,32,4,0,2,0,2,0,0,16,4,1,1
103,103,B9_Conv_2c_7x1,16,8,33,5,0,6,1,2,0,0,16,4,1,1
103,103,B9_Conv_2c_7x1,16,8,34,4,1,10,2,2,0,0,16,4,1,1
103,103,B9_Conv_2c_7x1,16,8,35,5,1,14,3,2,0,0,16,4,1,1
103,103,B9_Conv_2c_7x1,16,9,36,4,2,18,4,2,0,0,16,4,1,1
103,103,B9_Conv_2c_7x1,16,9,37,5,2,22,5,2,0,0,16,4,1,1
103,103,B9_Conv_2c_7x1,16,9,38,4,3,26,6,2,0,0,16,4,1,1
103,103,B9_Conv_2c_7x1,16,9,39,5,3,30,7,2,0,0,16,4,1,1
103,103,B9_Conv_2c_7x1,16,10,40,4,4,34,8,2,0,0,16,4,1,1
103,103,B9_Conv_2c_7x1,16,10,41,5,4,38,9,2,0,0,16,4,1,1
103,103,B9_Conv_2c_7x1,16,10,42,4,5,42,10,2,0,0,16,4,1,1
103,103,B9_Conv_2c_7x1,16,10,43,5,5,46,11,2,0,0,16,4,1,1
103,103,B9_Conv_2c_7x1,16,11,44,4,6,50,12,2,0,0,16,4,1,1
103,103,B9_Conv_2c_7x1,16,11,45,5,6,54,13,2,0,0,16,4,1,1
103,103,B9_Conv_2c_7x1,16,11,46,4,7,58,14,2,0,0,16,4,1,1
103,103,B9_Conv_2c_7x1,16,11,47,5,7,62,15,2,0,0,16,4,1,1
103,103,B9_Conv_2c_7x1,16,15,48,6,7,3,0,3,0,0,16,4,1,1
103,103,B9_Conv_2c_7x1,16,15,49,7,7,7,1,3,0,0,16,4,1,1
103,103,B9_Conv_2c_7x1,16,15,50,6,6,11,2,3,0,0,16,4,1,1
103,103,B9_Conv_2c_7x1,16,15,51,7,6,15,3,3,0,0,16,4,1,1
103,103,B9_Conv_2c_7x1,16,14,52,6,5,19,4,3,0,0,16,4,1,1
103,103,B9_Conv_2c_7x1,16,14,53,7,5,23,5,3,0,0,16,4,1,1
103,103,B9_Conv_2c_7x1,16,14,54,6,4,27,6,3,0,0,16,4,1,1
103,103,B9_Conv_2c_7x1,16,14,55,7,4,31,7,3,0,0,16,4,1,1
103,103,B9_Conv_2c_7x1,16,13,56,6,3,35,8,3,0,0,16,4,1,1
103,103,B9_Conv_2c_7x1,16,13,57,7,3,39,9,3,0,0,16,4,1,1
103,103,B9_Conv_2c_7x1,16,13,58,6,2,43,10,3,0,0,16,4,1,1
103,103,B9_Conv_2c_7x1,16,13,59,7,2,47,11,3,0,0,16,4,1,1
103,103,B9_Conv_2c_7x1,16,12,60,6,1,51,12,3,0,0,16,4,1,1
103,103,B9_Conv_2c_7x1,16,12,61,7,1,55,13,3,0,0,16,4,1,1
103,103,B9_Conv_2c_7x1,16,12,62,6,0,59,14,3,0,0,16,4,1,1
103,103,B9_Conv_2c_7x1,16,12,63,7,0,63,15,3,0,0,16,4,1,1
104,104,B9_Conv_3_1x1,16,0,0,0,0,0,0,0,0,0,16,4,1,1
104,104,B9_Conv_3_1x1,16,0,1,1,0,4,1,0,0,0,16,4,1,1
104,104,B9_Conv_3_1x1,16,0,2,0,1,8,2,0,0,0,16,4,1,1
104,104,B9_Conv_3_1x1,16,0,3,1,1,12,3,0,0,0,16,4,1,1
104,104,B9_Conv_3_1x1,16,1,4,0,2,16,4,0,0,0,16,4,1,1
104,104,B9_Conv_3_1x1,16,1,5,1,2,20,5,0,0,0,16,4,1,1
104,104,B9_Conv_3_1x1,16,1,6,0,3,24,6,0,0,0,16,4,1,1
104,104,B9_Conv_3_1x1,16,1,7,1,3,28,7,0,0,0,16,4,1,1
104,104,B9_Conv_3_1x1,16,2,8,0,4,32,8,0,0,0,16,4,1,1
104,104,B9_Conv_3_1x1,16,2,9,1,4,36,9,0,0,0,16,4,1,1
104,104,B9_Conv_3_1x1,16,2,10,0,5,40,10,0,0,0,16,4,1,1
104,104,B9_Conv_3_1x1,16,2,11,1,5,44,11,0,0,0,16,4,1,1
104,104,B9_Conv_3_1x1,16,3,12,0,6,48,12,0,0,0,16,4,1,1
104,104,B9_Conv_3_1x1,16,3,13,1,6,52,13,0,0,0,16,4,1,1
104,104,B9_Conv_3_1x1,16,3,14,0,7,56,14,0,0,0,16,4,1,1
104,104,B9_Conv_3_1x1,16,3,15,1,7,60,15,0,0,0,16,4,1,1
104,104,B9_Conv_3_1x1,16,7,16,2,7,1,0,1,0,0,16,4,1,1
104,104,B9_Conv_3_1x1,16,7,17,3,7,5,1,1,0,0,16,4,1,1
104,104,B9_Conv_3_1x1,16,7,18,2,6,9,2,1,0,0,16,4,1,1
104,104,B9_Conv_3_1x1,16,7,19,3,6,13,3,1,0,0,16,4,1,1
104,104,B9_Conv_3_1x1,16,6,20,2,5,17,4,1,0,0,16,4,1,1
104,104,B9_Conv_3_1x1,16,6,21,3,5,21,5,1,0,0,16,4,1,1
104,104,B9_Conv_3_1x1,16,6,22,2,4,25,6,1,0,0,16,4,1,1
104,104,B9_Conv_3_1x1,16,6,23,3,4,29,7,1,0,0,16,4,1,1
104,104,B9_Conv_3_1x1,16,5,24,2,3,33,8,1,0,0,16,4,1,1
104,104,B9_Conv_3_1x1,16,5,25,3,3,37,9,1,0,0,16,4,1,1
104,104,B9_Conv_3_1x1,16,5,26,2,2,41,10,1,0,0,16,4,1,1
104,104,B9_Conv_3_1x1,16,5,27,3,2,45,11,1,0,0,16,4,1,1
104,104,B9_Conv_3_1x1,16,4,28,2,1,49,12,1,0,0,16,4,1,1
104,104,B9_Conv_3_1x1,16,4,29,3,1,53,13,1,0,0,16,4,1,1
104,104,B9_Conv_3_1x1,16,4,30,2,0,57,14,1,0,0,16,4,1,1
104,104,B9_Conv_3_1x1,16,4,31,3,0,61,15,1,0,0,16,4,1,1
104,104,B9_Conv_3_1x1,16,8,32,4,0,2,0,2,0,0,16,4,1,1
104,104,B9_Conv_3_1x1,16,8,33,5,0,6,1,2,0,0,16,4,1,1
104,104,B9_Conv_3_1x1,16,8,34,4,1,10,2,2,0,0,16,4,1,1
104,104,B9_Conv_3_1x1,16,8,35,5,1,14,3,2,0,0,16,4,1,1
104,104,B9_Conv_3_1x1,16,9,36,4,2,18,4,2,0,0,16,4,1,1
104,104,B9_Conv_3_1x1,16,9,37,5,2,22,5,2,0,0,16,4,1,1
104,104,B9_Conv_3_1x1,16,9,38,4,3,26,6,2,0,0,16,4,1,1
104,104,B9_Conv_3_1x1,16,9,39,5,3,30,7,2,0,0,16,4,1,1
104,104,B9_Conv_3_1x1,16,10,40,4,4,34,8,2,0,0,16,4,1,1
104,104,B9_Conv_3_1x1,16,10,41,5,4,38,9,2,0,0,16,4,1,1
104,104,B9_Conv_3_1x1,16,10,42,4,5,42,10,2,0,0,16,4,1,1
104,104,B9_Conv_3_1x1,16,10,43,5,5,46,11,2,0,0,16,4,1,1
104,104,B9_Conv_3_1x1,16,11,44,4,6,50,12,2,0,0,16,4,1,1
104,104,B9_Conv_3_1x1,16,11,45,5,6,54,13,2,0,0,16,4,1,1
104,104,B9_Conv_3_1x1,16,11,46,4,7,58,14,2,0,0,16,4,1,1
104,104,B9_Conv_3_1x1,16,11,47,5,7,62,15,2,0,0,16,4,1,1
104,104,B9_Conv_3_1x1,16,15,48,6,7,3,0,3,0,0,16,4,1,1
104,104,B9_Conv_3_1x1,16,15,49,7,7,7,1,3,0,0,16,4,1,1
104,104,B9_Conv_3_1x1,16,15,50,6,6,11,2,3,0,0,16,4,1,1
104,104,B9_Conv_3_1x1,16,15,51,7,6,15,3,3,0,0,16,4,1,1
104,104,B9_Conv_3_1x1,16,14,52,6,5,19,4,3,0,0,16,4,1,1
104,104,B9_Conv_3_1x1,16,14,53,7,5,23,5,3,0,0,16,4,1,1
104,104,B9_Conv_3_1x1,16,14,54,6,4,27,6,3,0,0,16,4,1,1
104,104,B9_Conv_3_1x1,16,14,55,7,4,31,7,3,0,0,16,4,1,1
104,104,B9_Conv_3_1x1,16,13,56,6,3,35,8,3,0,0,16,4,1,1
104,104,B9_Conv_3_1x1,16,13,57,7,3,39,9,3,0,0,16,4,1,1
104,104,B9_Conv_3_1x1,16,13,58,6,2,43,10,3,0,0,16,4,1,1
104,104,B9_Conv_3_1x1,16,13,59,7,2,47,11,3,0,0,16,4,1,1
104,104,B9_Conv_3_1x1,16,12,60,6,1,51,12,3,0,0,16,4,1,1
104,104,B9_Conv_3_1x1,16,12,61,7,1,55,13,3,0,0,16,4,1,1
104,104,B9_Conv_3_1x1,16,12,62,6,0,59,14,3,0,0,16,4,1,1
104,104,B9_Conv_3_1x1,16,12,63,7,0,63,15,3,0,0,16,4,1,1
105,105,B9_Eltwise,1,0,0,0,0,0,0,0,0,0,1,64,1,1
105,105,B9_Eltwise,1,0,1,1,0,1,0,1,0,0,1,64,1,1
105,105,B9_Eltwise,1,0,2,0,1,2,0,2,0,0,1,64,1,1
105,105,B9_Eltwise,1,0,3,1,1,3,0,3,0,0,1,64,1,1
105,105,B9_Eltwise,1,1,4,0,2,4,0,4,0,0,1,64,1,1
105,105,B9_Eltwise,1,1,5,1,2,5,0,5,0,0,1,64,1,1
105,105,B9_Eltwise,1,1,6,0,3,6,0,6,0,0,1,64,1,1
105,105,B9_Eltwise,1,1,7,1,3,7,0,7,0,0,1,64,1,1
105,105,B9_Eltwise,1,2,8,0,4,8,0,8,0,0,1,64,1,1
105,105,B9_Eltwise,1,2,9,1,4,9,0,9,0,0,1,64,1,1
105,105,B9_Eltwise,1,2,10,0,5,10,0,10,0,0,1,64,1,1
105,105,B9_Eltwise,1,2,11,1,5,11,0,11,0,0,1,64,1,1
105,105,B9_Eltwise,1,3,12,0,6,12,0,12,0,0,1,64,1,1
105,105,B9_Eltwise,1,3,13,1,6,13,0,13,0,0,1,64,1,1
105,105,B9_Eltwise,1,3,14,0,7,14,0,14,0,0,1,64,1,1
105,105,B9_Eltwise,1,3,15,1,7,15,0,15,0,0,1,64,1,1
105,105,B9_Eltwise,1,7,16,2,7,16,0,16,0,0,1,64,1,1
105,105,B9_Eltwise,1,7,17,3,7,17,0,17,0,0,1,64,1,1
105,105,B9_Eltwise,1,7,18,2,6,18,0,18,0,0,1,64,1,1
105,105,B9_Eltwise,1,7,19,3,6,19,0,19,0,0,1,64,1,1
105,105,B9_Eltwise,1,6,20,2,5,20,0,20,0,0,1,64,1,1
105,105,B9_Eltwise,1,6,21,3,5,21,0,21,0,0,1,64,1,1
105,105,B9_Eltwise,1,6,22,2,4,22,0,22,0,0,1,64,1,1
105,105,B9_Eltwise,1,6,23,3,4,23,0,23,0,0,1,64,1,1
105,105,B9_Eltwise,1,5,24,2,3,24,0,24,0,0,1,64,1,1
105,105,B9_Eltwise,1,5,25,3,3,25,0,25,0,0,1,64,1,1
105,105,B9_Eltwise,1,5,26,2,2,26,0,26,0,0,1,64,1,1
105,105,B9_Eltwise,1,5,27,3,2,27,0,27,0,0,1,64,1,1
105,105,B9_Eltwise,1,4,28,2,1,28,0,28,0,0,1,64,1,1
105,105,B9_Eltwise,1,4,29,3,1,29,0,29,0,0,1,64,1,1
105,105,B9_Eltwise,1,4,30,2,0,30,0,30,0,0,1,64,1,1
105,105,B9_Eltwise,1,4,31,3,0,31,0,31,0,0,1,64,1,1
105,105,B9_Eltwise,1,8,32,4,0,32,0,32,0,0,1,64,1,1
105,105,B9_Eltwise,1,8,33,5,0,33,0,33,0,0,1,64,1,1
105,105,B9_Eltwise,1,8,34,4,1,34,0,34,0,0,1,64,1,1
105,105,B9_Eltwise,1,8,35,5,1,35,0,35,0,0,1,64,1,1
105,105,B9_Eltwise,1,9,36,4,2,36,0,36,0,0,1,64,1,1
105,105,B9_Eltwise,1,9,37,5,2,37,0,37,0,0,1,64,1,1
105,105,B9_Eltwise,1,9,38,4,3,38,0,38,0,0,1,64,1,1
105,105,B9_Eltwise,1,9,39,5,3,39,0,39,0,0,1,64,1,1
105,105,B9_Eltwise,1,10,40,4,4,40,0,40,0,0,1,64,1,1
105,105,B9_Eltwise,1,10,41,5,4,41,0,41,0,0,1,64,1,1
105,105,B9_Eltwise,1,10,42,4,5,42,0,42,0,0,1,64,1,1
105,105,B9_Eltwise,1,10,43,5,5,43,0,43,0,0,1,64,1,1
105,105,B9_Eltwise,1,11,44,4,6,44,0,44,0,0,1,64,1,1
105,105,B9_Eltwise,1,11,45,5,6,45,0,45,0,0,1,64,1,1
105,105,B9_Eltwise,1,11,46,4,7,46,0,46,0,0,1,64,1,1
105,105,B9_Eltwise,1,11,47,5,7,47,0,47,0,0,1,64,1,1
105,105,B9_Eltwise,1,15,48,6,7,48,0,48,0,0,1,64,1,1
105,105,B9_Eltwise,1,15,49,7,7,49,0,49,0,0,1,64,1,1
105,105,B9_Eltwise,1,15,50,6,6,50,0,50,0,0,1,64,1,1
105,105,B9_Eltwise,1,15,51,7,6,51,0,51,0,0,1,64,1,1
105,105,B9_Eltwise,1,14,52,6,5,52,0,52,0,0,1,64,1,1
105,105,B9_Eltwise,1,14,53,7,5,53,0,53,0,0,1,64,1,1
105,105,B9_Eltwise,1,14,54,6,4,54,0,54,0,0,1,64,1,1
105,105,B9_Eltwise,1,14,55,7,4,55,0,55,0,0,1,64,1,1
105,105,B9_Eltwise,1,13,56,6,3,56,0,56,0,0,1,64,1,1
105,105,B9_Eltwise,1,13,57,7,3,57,0,57,0,0,1,64,1,1
105,105,B9_Eltwise,1,13,58,6,2,58,0,58,0,0,1,64,1,1
105,105,B9_Eltwise,1,13,59,7,2,59,0,59,0,0,1,64,1,1
105,105,B9_Eltwise,1,12,60,6,1,60,0,60,0,0,1,64,1,1
105,105,B9_Eltwise,1,12,61,7,1,61,0,61,0,0,1,64,1,1
105,105,B9_Eltwise,1,12,62,6,0,62,0,62,0,0,1,64,1,1
105,105,B9_Eltwise,1,12,63,7,0,63,0,63,0,0,1,64,1,1
106,106,B10_Conv_1a_1x1,16,0,0,0,0,0,0,0,0,0,16,4,1,1
106,106,B10_Conv_1a_1x1,16,0,1,1,0,4,1,0,0,0,16,4,1,1
106,106,B10_Conv_1a_1x1,16,0,2,0,1,8,2,0,0,0,16,4,1,1
106,106,B10_Conv_1a_1x1,16,0,3,1,1,12,3,0,0,0,16,4,1,1
106,106,B10_Conv_1a_1x1,16,1,4,0,2,16,4,0,0,0,16,4,1,1
106,106,B10_Conv_1a_1x1,16,1,5,1,2,20,5,0,0,0,16,4,1,1
106,106,B10_Conv_1a_1x1,16,1,6,0,3,24,6,0,0,0,16,4,1,1
106,106,B10_Conv_1a_1x1,16,1,7,1,3,28,7,0,0,0,16,4,1,1
106,106,B10_Conv_1a_1x1,16,2,8,0,4,32,8,0,0,0,16,4,1,1
106,106,B10_Conv_1a_1x1,16,2,9,1,4,36,9,0,0,0,16,4,1,1
106,106,B10_Conv_1a_1x1,16,2,10,0,5,40,10,0,0,0,16,4,1,1
106,106,B10_Conv_1a_1x1,16,2,11,1,5,44,11,0,0,0,16,4,1,1
106,106,B10_Conv_1a_1x1,16,3,12,0,6,48,12,0,0,0,16,4,1,1
106,106,B10_Conv_1a_1x1,16,3,13,1,6,52,13,0,0,0,16,4,1,1
106,106,B10_Conv_1a_1x1,16,3,14,0,7,56,14,0,0,0,16,4,1,1
106,106,B10_Conv_1a_1x1,16,3,15,1,7,60,15,0,0,0,16,4,1,1
106,106,B10_Conv_1a_1x1,16,7,16,2,7,1,0,1,0,0,16,4,1,1
106,106,B10_Conv_1a_1x1,16,7,17,3,7,5,1,1,0,0,16,4,1,1
106,106,B10_Conv_1a_1x1,16,7,18,2,6,9,2,1,0,0,16,4,1,1
106,106,B10_Conv_1a_1x1,16,7,19,3,6,13,3,1,0,0,16,4,1,1
106,106,B10_Conv_1a_1x1,16,6,20,2,5,17,4,1,0,0,16,4,1,1
106,106,B10_Conv_1a_1x1,16,6,21,3,5,21,5,1,0,0,16,4,1,1
106,106,B10_Conv_1a_1x1,16,6,22,2,4,25,6,1,0,0,16,4,1,1
106,106,B10_Conv_1a_1x1,16,6,23,3,4,29,7,1,0,0,16,4,1,1
106,106,B10_Conv_1a_1x1,16,5,24,2,3,33,8,1,0,0,16,4,1,1
106,106,B10_Conv_1a_1x1,16,5,25,3,3,37,9,1,0,0,16,4,1,1
106,106,B10_Conv_1a_1x1,16,5,26,2,2,41,10,1,0,0,16,4,1,1
106,106,B10_Conv_1a_1x1,16,5,27,3,2,45,11,1,0,0,16,4,1,1
106,106,B10_Conv_1a_1x1,16,4,28,2,1,49,12,1,0,0,16,4,1,1
106,106,B10_Conv_1a_1x1,16,4,29,3,1,53,13,1,0,0,16,4,1,1
106,106,B10_Conv_1a_1x1,16,4,30,2,0,57,14,1,0,0,16,4,1,1
106,106,B10_Conv_1a_1x1,16,4,31,3,0,61,15,1,0,0,16,4,1,1
106,106,B10_Conv_1a_1x1,16,8,32,4,0,2,0,2,0,0,16,4,1,1
106,106,B10_Conv_1a_1x1,16,8,33,5,0,6,1,2,0,0,16,4,1,1
106,106,B10_Conv_1a_1x1,16,8,34,4,1,10,2,2,0,0,16,4,1,1
106,106,B10_Conv_1a_1x1,16,8,35,5,1,14,3,2,0,0,16,4,1,1
106,106,B10_Conv_1a_1x1,16,9,36,4,2,18,4,2,0,0,16,4,1,1
106,106,B10_Conv_1a_1x1,16,9,37,5,2,22,5,2,0,0,16,4,1,1
106,106,B10_Conv_1a_1x1,16,9,38,4,3,26,6,2,0,0,16,4,1,1
106,106,B10_Conv_1a_1x1,16,9,39,5,3,30,7,2,0,0,16,4,1,1
106,106,B10_Conv_1a_1x1,16,10,40,4,4,34,8,2,0,0,16,4,1,1
106,106,B10_Conv_1a_1x1,16,10,41,5,4,38,9,2,0,0,16,4,1,1
106,106,B10_Conv_1a_1x1,16,10,42,4,5,42,10,2,0,0,16,4,1,1
106,106,B10_Conv_1a_1x1,16,10,43,5,5,46,11,2,0,0,16,4,1,1
106,106,B10_Conv_1a_1x1,16,11,44,4,6,50,12,2,0,0,16,4,1,1
106,106,B10_Conv_1a_1x1,16,11,45,5,6,54,13,2,0,0,16,4,1,1
106,106,B10_Conv_1a_1x1,16,11,46,4,7,58,14,2,0,0,16,4,1,1
106,106,B10_Conv_1a_1x1,16,11,47,5,7,62,15,2,0,0,16,4,1,1
106,106,B10_Conv_1a_1x1,16,15,48,6,7,3,0,3,0,0,16,4,1,1
106,106,B10_Conv_1a_1x1,16,15,49,7,7,7,1,3,0,0,16,4,1,1
106,106,B10_Conv_1a_1x1,16,15,50,6,6,11,2,3,0,0,16,4,1,1
106,106,B10_Conv_1a_1x1,16,15,51,7,6,15,3,3,0,0,16,4,1,1
106,106,B10_Conv_1a_1x1,16,14,52,6,5,19,4,3,0,0,16,4,1,1
106,106,B10_Conv_1a_1x1,16,14,53,7,5,23,5,3,0,0,16,4,1,1
106,106,B10_Conv_1a_1x1,16,14,54,6,4,27,6,3,0,0,16,4,1,1
106,106,B10_Conv_1a_1x1,16,14,55,7,4,31,7,3,0,0,16,4,1,1
106,106,B10_Conv_1a_1x1,16,13,56,6,3,35,8,3,0,0,16,4,1,1
106,106,B10_Conv_1a_1x1,16,13,57,7,3,39,9,3,0,0,16,4,1,1
106,106,B10_Conv_1a_1x1,16,13,58,6,2,43,10,3,0,0,16,4,1,1
106,106,B10_Conv_1a_1x1,16,13,59,7,2,47,11,3,0,0,16,4,1,1
106,106,B10_Conv_1a_1x1,16,12,60,6,1,51,12,3,0,0,16,4,1,1
106,106,B10_Conv_1a_1x1,16,12,61,7,1,55,13,3,0,0,16,4,1,1
106,106,B10_Conv_1a_1x1,16,12,62,6,0,59,14,3,0,0,16,4,1,1
106,106,B10_Conv_1a_1x1,16,12,63,7,0,63,15,3,0,0,16,4,1,1
107,107,B10_Conv_2a_1x1,16,0,0,0,0,0,0,0,0,0,16,4,1,1
107,107,B10_Conv_2a_1x1,16,0,1,1,0,4,1,0,0,0,16,4,1,1
107,107,B10_Conv_2a_1x1,16,0,2,0,1,8,2,0,0,0,16,4,1,1
107,107,B10_Conv_2a_1x1,16,0,3,1,1,12,3,0,0,0,16,4,1,1
107,107,B10_Conv_2a_1x1,16,1,4,0,2,16,4,0,0,0,16,4,1,1
107,107,B10_Conv_2a_1x1,16,1,5,1,2,20,5,0,0,0,16,4,1,1
107,107,B10_Conv_2a_1x1,16,1,6,0,3,24,6,0,0,0,16,4,1,1
107,107,B10_Conv_2a_1x1,16,1,7,1,3,28,7,0,0,0,16,4,1,1
107,107,B10_Conv_2a_1x1,16,2,8,0,4,32,8,0,0,0,16,4,1,1
107,107,B10_Conv_2a_1x1,16,2,9,1,4,36,9,0,0,0,16,4,1,1
107,107,B10_Conv_2a_1x1,16,2,10,0,5,40,10,0,0,0,16,4,1,1
107,107,B10_Conv_2a_1x1,16,2,11,1,5,44,11,0,0,0,16,4,1,1
107,107,B10_Conv_2a_1x1,16,3,12,0,6,48,12,0,0,0,16,4,1,1
107,107,B10_Conv_2a_1x1,16,3,13,1,6,52,13,0,0,0,16,4,1,1
107,107,B10_Conv_2a_1x1,16,3,14,0,7,56,14,0,0,0,16,4,1,1
107,107,B10_Conv_2a_1x1,16,3,15,1,7,60,15,0,0,0,16,4,1,1
107,107,B10_Conv_2a_1x1,16,7,16,2,7,1,0,1,0,0,16,4,1,1
107,107,B10_Conv_2a_1x1,16,7,17,3,7,5,1,1,0,0,16,4,1,1
107,107,B10_Conv_2a_1x1,16,7,18,2,6,9,2,1,0,0,16,4,1,1
107,107,B10_Conv_2a_1x1,16,7,19,3,6,13,3,1,0,0,16,4,1,1
107,107,B10_Conv_2a_1x1,16,6,20,2,5,17,4,1,0,0,16,4,1,1
107,107,B10_Conv_2a_1x1,16,6,21,3,5,21,5,1,0,0,16,4,1,1
107,107,B10_Conv_2a_1x1,16,6,22,2,4,25,6,1,0,0,16,4,1,1
107,107,B10_Conv_2a_1x1,16,6,23,3,4,29,7,1,0,0,16,4,1,1
107,107,B10_Conv_2a_1x1,16,5,24,2,3,33,8,1,0,0,16,4,1,1
107,107,B10_Conv_2a_1x1,16,5,25,3,3,37,9,1,0,0,16,4,1,1
107,107,B10_Conv_2a_1x1,16,5,26,2,2,41,10,1,0,0,16,4,1,1
107,107,B10_Conv_2a_1x1,16,5,27,3,2,45,11,1,0,0,16,4,1,1
107,107,B10_Conv_2a_1x1,16,4,28,2,1,49,12,1,0,0,16,4,1,1
107,107,B10_Conv_2a_1x1,16,4,29,3,1,53,13,1,0,0,16,4,1,1
107,107,B10_Conv_2a_1x1,16,4,30,2,0,57,14,1,0,0,16,4,1,1
107,107,B10_Conv_2a_1x1,16,4,31,3,0,61,15,1,0,0,16,4,1,1
107,107,B10_Conv_2a_1x1,16,8,32,4,0,2,0,2,0,0,16,4,1,1
107,107,B10_Conv_2a_1x1,16,8,33,5,0,6,1,2,0,0,16,4,1,1
107,107,B10_Conv_2a_1x1,16,8,34,4,1,10,2,2,0,0,16,4,1,1
107,107,B10_Conv_2a_1x1,16,8,35,5,1,14,3,2,0,0,16,4,1,1
107,107,B10_Conv_2a_1x1,16,9,36,4,2,18,4,2,0,0,16,4,1,1
107,107,B10_Conv_2a_1x1,16,9,37,5,2,22,5,2,0,0,16,4,1,1
107,107,B10_Conv_2a_1x1,16,9,38,4,3,26,6,2,0,0,16,4,1,1
107,107,B10_Conv_2a_1x1,16,9,39,5,3,30,7,2,0,0,16,4,1,1
107,107,B10_Conv_2a_1x1,16,10,40,4,4,34,8,2,0,0,16,4,1,1
107,107,B10_Conv_2a_1x1,16,10,41,5,4,38,9,2,0,0,16,4,1,1
107,107,B10_Conv_2a_1x1,16,10,42,4,5,42,10,2,0,0,16,4,1,1
107,107,B10_Conv_2a_1x1,16,10,43,5,5,46,11,2,0,0,16,4,1,1
107,107,B10_Conv_2a_1x1,16,11,44,4,6,50,12,2,0,0,16,4,1,1
107,107,B10_Conv_2a_1x1,16,11,45,5,6,54,13,2,0,0,16,4,1,1
107,107,B10_Conv_2a_1x1,16,11,46,4,7,58,14,2,0,0,16,4,1,1
107,107,B10_Conv_2a_1x1,16,11,47,5,7,62,15,2,0,0,16,4,1,1
107,107,B10_Conv_2a_1x1,16,15,48,6,7,3,0,3,0,0,16,4,1,1
107,107,B10_Conv_2a_1x1,16,15,49,7,7,7,1,3,0,0,16,4,1,1
107,107,B10_Conv_2a_1x1,16,15,50,6,6,11,2,3,0,0,16,4,1,1
107,107,B10_Conv_2a_1x1,16,15,51,7,6,15,3,3,0,0,16,4,1,1
107,107,B10_Conv_2a_1x1,16,14,52,6,5,19,4,3,0,0,16,4,1,1
107,107,B10_Conv_2a_1x1,16,14,53,7,5,23,5,3,0,0,16,4,1,1
107,107,B10_Conv_2a_1x1,16,14,54,6,4,27,6,3,0,0,16,4,1,1
107,107,B10_Conv_2a_1x1,16,14,55,7,4,31,7,3,0,0,16,4,1,1
107,107,B10_Conv_2a_1x1,16,13,56,6,3,35,8,3,0,0,16,4,1,1
107,107,B10_Conv_2a_1x1,16,13,57,7,3,39,9,3,0,0,16,4,1,1
107,107,B10_Conv_2a_1x1,16,13,58,6,2,43,10,3,0,0,16,4,1,1
107,107,B10_Conv_2a_1x1,16,13,59,7,2,47,11,3,0,0,16,4,1,1
107,107,B10_Conv_2a_1x1,16,12,60,6,1,51,12,3,0,0,16,4,1,1
107,107,B10_Conv_2a_1x1,16,12,61,7,1,55,13,3,0,0,16,4,1,1
107,107,B10_Conv_2a_1x1,16,12,62,6,0,59,14,3,0,0,16,4,1,1
107,107,B10_Conv_2a_1x1,16,12,63,7,0,63,15,3,0,0,16,4,1,1
108,108,B10_Conv_2b_1x7,16,0,0,0,0,0,0,0,0,0,16,4,1,1
108,108,B10_Conv_2b_1x7,16,0,1,1,0,4,1,0,0,0,16,4,1,1
108,108,B10_Conv_2b_1x7,16,0,2,0,1,8,2,0,0,0,16,4,1,1
108,108,B10_Conv_2b_1x7,16,0,3,1,1,12,3,0,0,0,16,4,1,1
108,108,B10_Conv_2b_1x7,16,1,4,0,2,16,4,0,0,0,16,4,1,1
108,108,B10_Conv_2b_1x7,16,1,5,1,2,20,5,0,0,0,16,4,1,1
108,108,B10_Conv_2b_1x7,16,1,6,0,3,24,6,0,0,0,16,4,1,1
108,108,B10_Conv_2b_1x7,16,1,7,1,3,28,7,0,0,0,16,4,1,1
108,108,B10_Conv_2b_1x7,16,2,8,0,4,32,8,0,0,0,16,4,1,1
108,108,B10_Conv_2b_1x7,16,2,9,1,4,36,9,0,0,0,16,4,1,1
108,108,B10_Conv_2b_1x7,16,2,10,0,5,40,10,0,0,0,16,4,1,1
108,108,B10_Conv_2b_1x7,16,2,11,1,5,44,11,0,0,0,16,4,1,1
108,108,B10_Conv_2b_1x7,16,3,12,0,6,48,12,0,0,0,16,4,1,1
108,108,B10_Conv_2b_1x7,16,3,13,1,6,52,13,0,0,0,16,4,1,1
108,108,B10_Conv_2b_1x7,16,3,14,0,7,56,14,0,0,0,16,4,1,1
108,108,B10_Conv_2b_1x7,16,3,15,1,7,60,15,0,0,0,16,4,1,1
108,108,B10_Conv_2b_1x7,16,7,16,2,7,1,0,1,0,0,16,4,1,1
108,108,B10_Conv_2b_1x7,16,7,17,3,7,5,1,1,0,0,16,4,1,1
108,108,B10_Conv_2b_1x7,16,7,18,2,6,9,2,1,0,0,16,4,1,1
108,108,B10_Conv_2b_1x7,16,7,19,3,6,13,3,1,0,0,16,4,1,1
108,108,B10_Conv_2b_1x7,16,6,20,2,5,17,4,1,0,0,16,4,1,1
108,108,B10_Conv_2b_1x7,16,6,21,3,5,21,5,1,0,0,16,4,1,1
108,108,B10_Conv_2b_1x7,16,6,22,2,4,25,6,1,0,0,16,4,1,1
108,108,B10_Conv_2b_1x7,16,6,23,3,4,29,7,1,0,0,16,4,1,1
108,108,B10_Conv_2b_1x7,16,5,24,2,3,33,8,1,0,0,16,4,1,1
108,108,B10_Conv_2b_1x7,16,5,25,3,3,37,9,1,0,0,16,4,1,1
108,108,B10_Conv_2b_1x7,16,5,26,2,2,41,10,1,0,0,16,4,1,1
108,108,B10_Conv_2b_1x7,16,5,27,3,2,45,11,1,0,0,16,4,1,1
108,108,B10_Conv_2b_1x7,16,4,28,2,1,49,12,1,0,0,16,4,1,1
108,108,B10_Conv_2b_1x7,16,4,29,3,1,53,13,1,0,0,16,4,1,1
108,108,B10_Conv_2b_1x7,16,4,30,2,0,57,14,1,0,0,16,4,1,1
108,108,B10_Conv_2b_1x7,16,4,31,3,0,61,15,1,0,0,16,4,1,1
108,108,B10_Conv_2b_1x7,16,8,32,4,0,2,0,2,0,0,16,4,1,1
108,108,B10_Conv_2b_1x7,16,8,33,5,0,6,1,2,0,0,16,4,1,1
108,108,B10_Conv_2b_1x7,16,8,34,4,1,10,2,2,0,0,16,4,1,1
108,108,B10_Conv_2b_1x7,16,8,35,5,1,14,3,2,0,0,16,4,1,1
108,108,B10_Conv_2b_1x7,16,9,36,4,2,18,4,2,0,0,16,4,1,1
108,108,B10_Conv_2b_1x7,16,9,37,5,2,22,5,2,0,0,16,4,1,1
108,108,B10_Conv_2b_1x7,16,9,38,4,3,26,6,2,0,0,16,4,1,1
108,108,B10_Conv_2b_1x7,16,9,39,5,3,30,7,2,0,0,16,4,1,1
108,108,B10_Conv_2b_1x7,16,10,40,4,4,34,8,2,0,0,16,4,1,1
108,108,B10_Conv_2b_1x7,16,10,41,5,4,38,9,2,0,0,16,4,1,1
108,108,B10_Conv_2b_1x7,16,10,42,4,5,42,10,2,0,0,16,4,1,1
108,108,B10_Conv_2b_1x7,16,10,43,5,5,46,11,2,0,0,16,4,1,1
108,108,B10_Conv_2b_1x7,16,11,44,4,6,50,12,2,0,0,16,4,1,1
108,108,B10_Conv_2b_1x7,16,11,45,5,6,54,13,2,0,0,16,4,1,1
108,108,B10_Conv_2b_1x7,16,11,46,4,7,58,14,2,0,0,16,4,1,1
108,108,B10_Conv_2b_1x7,16,11,47,5,7,62,15,2,0,0,16,4,1,1
108,108,B10_Conv_2b_1x7,16,15,48,6,7,3,0,3,0,0,16,4,1,1
108,108,B10_Conv_2b_1x7,16,15,49,7,7,7,1,3,0,0,16,4,1,1
108,108,B10_Conv_2b_1x7,16,15,50,6,6,11,2,3,0,0,16,4,1,1
108,108,B10_Conv_2b_1x7,16,15,51,7,6,15,3,3,0,0,16,4,1,1
108,108,B10_Conv_2b_1x7,16,14,52,6,5,19,4,3,0,0,16,4,1,1
108,108,B10_Conv_2b_1x7,16,14,53,7,5,23,5,3,0,0,16,4,1,1
108,108,B10_Conv_2b_1x7,16,14,54,6,4,27,6,3,0,0,16,4,1,1
108,108,B10_Conv_2b_1x7,16,14,55,7,4,31,7,3,0,0,16,4,1,1
108,108,B10_Conv_2b_1x7,16,13,56,6,3,35,8,3,0,0,16,4,1,1
108,108,B10_Conv_2b_1x7,16,13,57,7,3,39,9,3,0,0,16,4,1,1
108,108,B10_Conv_2b_1x7,16,13,58,6,2,43,10,3,0,0,16,4,1,1
108,108,B10_Conv_2b_1x7,16,13,59,7,2,47,11,3,0,0,16,4,1,1
108,108,B10_Conv_2b_1x7,16,12,60,6,1,51,12,3,0,0,16,4,1,1
108,108,B10_Conv_2b_1x7,16,12,61,7,1,55,13,3,0,0,16,4,1,1
108,108,B10_Conv_2b_1x7,16,12,62,6,0,59,14,3,0,0,16,4,1,1
108,108,B10_Conv_2b_1x7,16,12,63,7,0,63,15,3,0,0,16,4,1,1
109,109,B10_Conv_2c_7x1,16,0,0,0,0,0,0,0,0,0,16,4,1,1
109,109,B10_Conv_2c_7x1,16,0,1,1,0,4,1,0,0,0,16,4,1,1
109,109,B10_Conv_2c_7x1,16,0,2,0,1,8,2,0,0,0,16,4,1,1
109,109,B10_Conv_2c_7x1,16,0,3,1,1,12,3,0,0,0,16,4,1,1
109,109,B10_Conv_2c_7x1,16,1,4,0,2,16,4,0,0,0,16,4,1,1
109,109,B10_Conv_2c_7x1,16,1,5,1,2,20,5,0,0,0,16,4,1,1
109,109,B10_Conv_2c_7x1,16,1,6,0,3,24,6,0,0,0,16,4,1,1
109,109,B10_Conv_2c_7x1,16,1,7,1,3,28,7,0,0,0,16,4,1,1
109,109,B10_Conv_2c_7x1,16,2,8,0,4,32,8,0,0,0,16,4,1,1
109,109,B10_Conv_2c_7x1,16,2,9,1,4,36,9,0,0,0,16,4,1,1
109,109,B10_Conv_2c_7x1,16,2,10,0,5,40,10,0,0,0,16,4,1,1
109,109,B10_Conv_2c_7x1,16,2,11,1,5,44,11,0,0,0,16,4,1,1
109,109,B10_Conv_2c_7x1,16,3,12,0,6,48,12,0,0,0,16,4,1,1
109,109,B10_Conv_2c_7x1,16,3,13,1,6,52,13,0,0,0,16,4,1,1
109,109,B10_Conv_2c_7x1,16,3,14,0,7,56,14,0,0,0,16,4,1,1
109,109,B10_Conv_2c_7x1,16,3,15,1,7,60,15,0,0,0,16,4,1,1
109,109,B10_Conv_2c_7x1,16,7,16,2,7,1,0,1,0,0,16,4,1,1
109,109,B10_Conv_2c_7x1,16,7,17,3,7,5,1,1,0,0,16,4,1,1
109,109,B10_Conv_2c_7x1,16,7,18,2,6,9,2,1,0,0,16,4,1,1
109,109,B10_Conv_2c_7x1,16,7,19,3,6,13,3,1,0,0,16,4,1,1
109,109,B10_Conv_2c_7x1,16,6,20,2,5,17,4,1,0,0,16,4,1,1
109,109,B10_Conv_2c_7x1,16,6,21,3,5,21,5,1,0,0,16,4,1,1
109,109,B10_Conv_2c_7x1,16,6,22,2,4,25,6,1,0,0,16,4,1,1
109,109,B10_Conv_2c_7x1,16,6,23,3,4,29,7,1,0,0,16,4,1,1
109,109,B10_Conv_2c_7x1,16,5,24,2,3,33,8,1,0,0,16,4,1,1
109,109,B10_Conv_2c_7x1,16,5,25,3,3,37,9,1,0,0,16,4,1,1
109,109,B10_Conv_2c_7x1,16,5,26,2,2,41,10,1,0,0,16,4,1,1
109,109,B10_Conv_2c_7x1,16,5,27,3,2,45,11,1,0,0,16,4,1,1
109,109,B10_Conv_2c_7x1,16,4,28,2,1,49,12,1,0,0,16,4,1,1
109,109,B10_Conv_2c_7x1,16,4,29,3,1,53,13,1,0,0,16,4,1,1
109,109,B10_Conv_2c_7x1,16,4,30,2,0,57,14,1,0,0,16,4,1,1
109,109,B10_Conv_2c_7x1,16,4,31,3,0,61,15,1,0,0,16,4,1,1
109,109,B10_Conv_2c_7x1,16,8,32,4,0,2,0,2,0,0,16,4,1,1
109,109,B10_Conv_2c_7x1,16,8,33,5,0,6,1,2,0,0,16,4,1,1
109,109,B10_Conv_2c_7x1,16,8,34,4,1,10,2,2,0,0,16,4,1,1
109,109,B10_Conv_2c_7x1,16,8,35,5,1,14,3,2,0,0,16,4,1,1
109,109,B10_Conv_2c_7x1,16,9,36,4,2,18,4,2,0,0,16,4,1,1
109,109,B10_Conv_2c_7x1,16,9,37,5,2,22,5,2,0,0,16,4,1,1
109,109,B10_Conv_2c_7x1,16,9,38,4,3,26,6,2,0,0,16,4,1,1
109,109,B10_Conv_2c_7x1,16,9,39,5,3,30,7,2,0,0,16,4,1,1
109,109,B10_Conv_2c_7x1,16,10,40,4,4,34,8,2,0,0,16,4,1,1
109,109,B10_Conv_2c_7x1,16,10,41,5,4,38,9,2,0,0,16,4,1,1
109,109,B10_Conv_2c_7x1,16,10,42,4,5,42,10,2,0,0,16,4,1,1
109,109,B10_Conv_2c_7x1,16,10,43,5,5,46,11,2,0,0,16,4,1,1
109,109,B10_Conv_2c_7x1,16,11,44,4,6,50,12,2,0,0,16,4,1,1
109,109,B10_Conv_2c_7x1,16,11,45,5,6,54,13,2,0,0,16,4,1,1
109,109,B10_Conv_2c_7x1,16,11,46,4,7,58,14,2,0,0,16,4,1,1
109,109,B10_Conv_2c_7x1,16,11,47,5,7,62,15,2,0,0,16,4,1,1
109,109,B10_Conv_2c_7x1,16,15,48,6,7,3,0,3,0,0,16,4,1,1
109,109,B10_Conv_2c_7x1,16,15,49,7,7,7,1,3,0,0,16,4,1,1
109,109,B10_Conv_2c_7x1,16,15,50,6,6,11,2,3,0,0,16,4,1,1
109,109,B10_Conv_2c_7x1,16,15,51,7,6,15,3,3,0,0,16,4,1,1
109,109,B10_Conv_2c_7x1,16,14,52,6,5,19,4,3,0,0,16,4,1,1
109,109,B10_Conv_2c_7x1,16,14,53,7,5,23,5,3,0,0,16,4,1,1
109,109,B10_Conv_2c_7x1,16,14,54,6,4,27,6,3,0,0,16,4,1,1
109,109,B10_Conv_2c_7x1,16,14,55,7,4,31,7,3,0,0,16,4,1,1
109,109,B10_Conv_2c_7x1,16,13,56,6,3,35,8,3,0,0,16,4,1,1
109,109,B10_Conv_2c_7x1,16,13,57,7,3,39,9,3,0,0,16,4,1,1
109,109,B10_Conv_2c_7x1,16,13,58,6,2,43,10,3,0,0,16,4,1,1
109,109,B10_Conv_2c_7x1,16,13,59,7,2,47,11,3,0,0,16,4,1,1
109,109,B10_Conv_2c_7x1,16,12,60,6,1,51,12,3,0,0,16,4,1,1
109,109,B10_Conv_2c_7x1,16,12,61,7,1,55,13,3,0,0,16,4,1,1
109,109,B10_Conv_2c_7x1,16,12,62,6,0,59,14,3,0,0,16,4,1,1
109,109,B10_Conv_2c_7x1,16,12,63,7,0,63,15,3,0,0,16,4,1,1
110,110,B10_Conv_3_1x1,16,0,0,0,0,0,0,0,0,0,16,4,1,1
110,110,B10_Conv_3_1x1,16,0,1,1,0,4,1,0,0,0,16,4,1,1
110,110,B10_Conv_3_1x1,16,0,2,0,1,8,2,0,0,0,16,4,1,1
110,110,B10_Conv_3_1x1,16,0,3,1,1,12,3,0,0,0,16,4,1,1
110,110,B10_Conv_3_1x1,16,1,4,0,2,16,4,0,0,0,16,4,1,1
110,110,B10_Conv_3_1x1,16,1,5,1,2,20,5,0,0,0,16,4,1,1
110,110,B10_Conv_3_1x1,16,1,6,0,3,24,6,0,0,0,16,4,1,1
110,110,B10_Conv_3_1x1,16,1,7,1,3,28,7,0,0,0,16,4,1,1
110,110,B10_Conv_3_1x1,16,2,8,0,4,32,8,0,0,0,16,4,1,1
110,110,B10_Conv_3_1x1,16,2,9,1,4,36,9,0,0,0,16,4,1,1
110,110,B10_Conv_3_1x1,16,2,10,0,5,40,10,0,0,0,16,4,1,1
110,110,B10_Conv_3_1x1,16,2,11,1,5,44,11,0,0,0,16,4,1,1
110,110,B10_Conv_3_1x1,16,3,12,0,6,48,12,0,0,0,16,4,1,1
110,110,B10_Conv_3_1x1,16,3,13,1,6,52,13,0,0,0,16,4,1,1
110,110,B10_Conv_3_1x1,16,3,14,0,7,56,14,0,0,0,16,4,1,1
110,110,B10_Conv_3_1x1,16,3,15,1,7,60,15,0,0,0,16,4,1,1
110,110,B10_Conv_3_1x1,16,7,16,2,7,1,0,1,0,0,16,4,1,1
110,110,B10_Conv_3_1x1,16,7,17,3,7,5,1,1,0,0,16,4,1,1
110,110,B10_Conv_3_1x1,16,7,18,2,6,9,2,1,0,0,16,4,1,1
110,110,B10_Conv_3_1x1,16,7,19,3,6,13,3,1,0,0,16,4,1,1
110,110,B10_Conv_3_1x1,16,6,20,2,5,17,4,1,0,0,16,4,1,1
110,110,B10_Conv_3_1x1,16,6,21,3,5,21,5,1,0,0,16,4,1,1
110,110,B10_Conv_3_1x1,16,6,22,2,4,25,6,1,0,0,16,4,1,1
110,110,B10_Conv_3_1x1,16,6,23,3,4,29,7,1,0,0,16,4,1,1
110,110,B10_Conv_3_1x1,16,5,24,2,3,33,8,1,0,0,16,4,1,1
110,110,B10_Conv_3_1x1,16,5,25,3,3,37,9,1,0,0,16,4,1,1
110,110,B10_Conv_3_1x1,16,5,26,2,2,41,10,1,0,0,16,4,1,1
110,110,B10_Conv_3_1x1,16,5,27,3,2,45,11,1,0,0,16,4,1,1
110,110,B10_Conv_3_1x1,16,4,28,2,1,49,12,1,0,0,16,4,1,1
110,110,B10_Conv_3_1x1,16,4,29,3,1,53,13,1,0,0,16,4,1,1
110,110,B10_Conv_3_1x1,16,4,30,2,0,57,14,1,0,0,16,4,1,1
110,110,B10_Conv_3_1x1,16,4,31,3,0,61,15,1,0,0,16,4,1,1
110,110,B10_Conv_3_1x1,16,8,32,4,0,2,0,2,0,0,16,4,1,1
110,110,B10_Conv_3_1x1,16,8,33,5,0,6,1,2,0,0,16,4,1,1
110,110,B10_Conv_3_1x1,16,8,34,4,1,10,2,2,0,0,16,4,1,1
110,110,B10_Conv_3_1x1,16,8,35,5,1,14,3,2,0,0,16,4,1,1
110,110,B10_Conv_3_1x1,16,9,36,4,2,18,4,2,0,0,16,4,1,1
110,110,B10_Conv_3_1x1,16,9,37,5,2,22,5,2,0,0,16,4,1,1
110,110,B10_Conv_3_1x1,16,9,38,4,3,26,6,2,0,0,16,4,1,1
110,110,B10_Conv_3_1x1,16,9,39,5,3,30,7,2,0,0,16,4,1,1
110,110,B10_Conv_3_1x1,16,10,40,4,4,34,8,2,0,0,16,4,1,1
110,110,B10_Conv_3_1x1,16,10,41,5,4,38,9,2,0,0,16,4,1,1
110,110,B10_Conv_3_1x1,16,10,42,4,5,42,10,2,0,0,16,4,1,1
110,110,B10_Conv_3_1x1,16,10,43,5,5,46,11,2,0,0,16,4,1,1
110,110,B10_Conv_3_1x1,16,11,44,4,6,50,12,2,0,0,16,4,1,1
110,110,B10_Conv_3_1x1,16,11,45,5,6,54,13,2,0,0,16,4,1,1
110,110,B10_Conv_3_1x1,16,11,46,4,7,58,14,2,0,0,16,4,1,1
110,110,B10_Conv_3_1x1,16,11,47,5,7,62,15,2,0,0,16,4,1,1
110,110,B10_Conv_3_1x1,16,15,48,6,7,3,0,3,0,0,16,4,1,1
110,110,B10_Conv_3_1x1,16,15,49,7,7,7,1,3,0,0,16,4,1,1
110,110,B10_Conv_3_1x1,16,15,50,6,6,11,2,3,0,0,16,4,1,1
110,110,B10_Conv_3_1x1,16,15,51,7,6,15,3,3,0,0,16,4,1,1
110,110,B10_Conv_3_1x1,16,14,52,6,5,19,4,3,0,0,16,4,1,1
110,110,B10_Conv_3_1x1,16,14,53,7,5,23,5,3,0,0,16,4,1,1
110,110,B10_Conv_3_1x1,16,14,54,6,4,27,6,3,0,0,16,4,1,1
110,110,B10_Conv_3_1x1,16,14,55,7,4,31,7,3,0,0,16,4,1,1
110,110,B10_Conv_3_1x1,16,13,56,6,3,35,8,3,0,0,16,4,1,1
110,110,B10_Conv_3_1x1,16,13,57,7,3,39,9,3,0,0,16,4,1,1
110,110,B10_Conv_3_1x1,16,13,58,6,2,43,10,3,0,0,16,4,1,1
110,110,B10_Conv_3_1x1,16,13,59,7,2,47,11,3,0,0,16,4,1,1
110,110,B10_Conv_3_1x1,16,12,60,6,1,51,12,3,0,0,16,4,1,1
110,110,B10_Conv_3_1x1,16,12,61,7,1,55,13,3,0,0,16,4,1,1
110,110,B10_Conv_3_1x1,16,12,62,6,0,59,14,3,0,0,16,4,1,1
110,110,B10_Conv_3_1x1,16,12,63,7,0,63,15,3,0,0,16,4,1,1
111,111,B10_Eltwise,1,0,0,0,0,0,0,0,0,0,1,64,1,1
111,111,B10_Eltwise,1,0,1,1,0,1,0,1,0,0,1,64,1,1
111,111,B10_Eltwise,1,0,2,0,1,2,0,2,0,0,1,64,1,1
111,111,B10_Eltwise,1,0,3,1,1,3,0,3,0,0,1,64,1,1
111,111,B10_Eltwise,1,1,4,0,2,4,0,4,0,0,1,64,1,1
111,111,B10_Eltwise,1,1,5,1,2,5,0,5,0,0,1,64,1,1
111,111,B10_Eltwise,1,1,6,0,3,6,0,6,0,0,1,64,1,1
111,111,B10_Eltwise,1,1,7,1,3,7,0,7,0,0,1,64,1,1
111,111,B10_Eltwise,1,2,8,0,4,8,0,8,0,0,1,64,1,1
111,111,B10_Eltwise,1,2,9,1,4,9,0,9,0,0,1,64,1,1
111,111,B10_Eltwise,1,2,10,0,5,10,0,10,0,0,1,64,1,1
111,111,B10_Eltwise,1,2,11,1,5,11,0,11,0,0,1,64,1,1
111,111,B10_Eltwise,1,3,12,0,6,12,0,12,0,0,1,64,1,1
111,111,B10_Eltwise,1,3,13,1,6,13,0,13,0,0,1,64,1,1
111,111,B10_Eltwise,1,3,14,0,7,14,0,14,0,0,1,64,1,1
111,111,B10_Eltwise,1,3,15,1,7,15,0,15,0,0,1,64,1,1
111,111,B10_Eltwise,1,7,16,2,7,16,0,16,0,0,1,64,1,1
111,111,B10_Eltwise,1,7,17,3,7,17,0,17,0,0,1,64,1,1
111,111,B10_Eltwise,1,7,18,2,6,18,0,18,0,0,1,64,1,1
111,111,B10_Eltwise,1,7,19,3,6,19,0,19,0,0,1,64,1,1
111,111,B10_Eltwise,1,6,20,2,5,20,0,20,0,0,1,64,1,1
111,111,B10_Eltwise,1,6,21,3,5,21,0,21,0,0,1,64,1,1
111,111,B10_Eltwise,1,6,22,2,4,22,0,22,0,0,1,64,1,1
111,111,B10_Eltwise,1,6,23,3,4,23,0,23,0,0,1,64,1,1
111,111,B10_Eltwise,1,5,24,2,3,24,0,24,0,0,1,64,1,1
111,111,B10_Eltwise,1,5,25,3,3,25,0,25,0,0,1,64,1,1
111,111,B10_Eltwise,1,5,26,2,2,26,0,26,0,0,1,64,1,1
111,111,B10_Eltwise,1,5,27,3,2,27,0,27,0,0,1,64,1,1
111,111,B10_Eltwise,1,4,28,2,1,28,0,28,0,0,1,64,1,1
111,111,B10_Eltwise,1,4,29,3,1,29,0,29,0,0,1,64,1,1
111,111,B10_Eltwise,1,4,30,2,0,30,0,30,0,0,1,64,1,1
111,111,B10_Eltwise,1,4,31,3,0,31,0,31,0,0,1,64,1,1
111,111,B10_Eltwise,1,8,32,4,0,32,0,32,0,0,1,64,1,1
111,111,B10_Eltwise,1,8,33,5,0,33,0,33,0,0,1,64,1,1
111,111,B10_Eltwise,1,8,34,4,1,34,0,34,0,0,1,64,1,1
111,111,B10_Eltwise,1,8,35,5,1,35,0,35,0,0,1,64,1,1
111,111,B10_Eltwise,1,9,36,4,2,36,0,36,0,0,1,64,1,1
111,111,B10_Eltwise,1,9,37,5,2,37,0,37,0,0,1,64,1,1
111,111,B10_Eltwise,1,9,38,4,3,38,0,38,0,0,1,64,1,1
111,111,B10_Eltwise,1,9,39,5,3,39,0,39,0,0,1,64,1,1
111,111,B10_Eltwise,1,10,40,4,4,40,0,40,0,0,1,64,1,1
111,111,B10_Eltwise,1,10,41,5,4,41,0,41,0,0,1,64,1,1
111,111,B10_Eltwise,1,10,42,4,5,42,0,42,0,0,1,64,1,1
111,111,B10_Eltwise,1,10,43,5,5,43,0,43,0,0,1,64,1,1
111,111,B10_Eltwise,1,11,44,4,6,44,0,44,0,0,1,64,1,1
111,111,B10_Eltwise,1,11,45,5,6,45,0,45,0,0,1,64,1,1
111,111,B10_Eltwise,1,11,46,4,7,46,0,46,0,0,1,64,1,1
111,111,B10_Eltwise,1,11,47,5,7,47,0,47,0,0,1,64,1,1
111,111,B10_Eltwise,1,15,48,6,7,48,0,48,0,0,1,64,1,1
111,111,B10_Eltwise,1,15,49,7,7,49,0,49,0,0,1,64,1,1
111,111,B10_Eltwise,1,15,50,6,6,50,0,50,0,0,1,64,1,1
111,111,B10_Eltwise,1,15,51,7,6,51,0,51,0,0,1,64,1,1
111,111,B10_Eltwise,1,14,52,6,5,52,0,52,0,0,1,64,1,1
111,111,B10_Eltwise,1,14,53,7,5,53,0,53,0,0,1,64,1,1
111,111,B10_Eltwise,1,14,54,6,4,54,0,54,0,0,1,64,1,1
111,111,B10_Eltwise,1,14,55,7,4,55,0,55,0,0,1,64,1,1
111,111,B10_Eltwise,1,13,56,6,3,56,0,56,0,0,1,64,1,1
111,111,B10_Eltwise,1,13,57,7,3,57,0,57,0,0,1,64,1,1
111,111,B10_Eltwise,1,13,58,6,2,58,0,58,0,0,1,64,1,1
111,111,B10_Eltwise,1,13,59,7,2,59,0,59,0,0,1,64,1,1
111,111,B10_Eltwise,1,12,60,6,1,60,0,60,0,0,1,64,1,1
111,111,B10_Eltwise,1,12,61,7,1,61,0,61,0,0,1,64,1,1
111,111,B10_Eltwise,1,12,62,6,0,62,0,62,0,0,1,64,1,1
111,111,B10_Eltwise,1,12,63,7,0,63,0,63,0,0,1,64,1,1
112,112,RB_MaxPool_1a_3x3,1,0,0,0,0,0,0,0,0,0,1,8,2,4
112,112,RB_MaxPool_1a_3x3,1,0,1,1,0,1,0,0,0,1,1,8,2,4
112,112,RB_MaxPool_1a_3x3,1,0,2,0,1,2,0,0,0,2,1,8,2,4
112,112,RB_MaxPool_1a_3x3,1,0,3,1,1,3,0,0,0,3,1,8,2,4
112,112,RB_MaxPool_1a_3x3,1,1,4,0,2,4,0,0,1,0,1,8,2,4
112,112,RB_MaxPool_1a_3x3,1,1,5,1,2,5,0,0,1,1,1,8,2,4
112,112,RB_MaxPool_1a_3x3,1,1,6,0,3,6,0,0,1,2,1,8,2,4
112,112,RB_MaxPool_1a_3x3,1,1,7,1,3,7,0,0,1,3,1,8,2,4
112,112,RB_MaxPool_1a_3x3,1,2,8,0,4,8,0,1,0,0,1,8,2,4
112,112,RB_MaxPool_1a_3x3,1,2,9,1,4,9,0,1,0,1,1,8,2,4
112,112,RB_MaxPool_1a_3x3,1,2,10,0,5,10,0,1,0,2,1,8,2,4
112,112,RB_MaxPool_1a_3x3,1,2,11,1,5,11,0,1,0,3,1,8,2,4
112,112,RB_MaxPool_1a_3x3,1,3,12,0,6,12,0,1,1,0,1,8,2,4
112,112,RB_MaxPool_1a_3x3,1,3,13,1,6,13,0,1,1,1,1,8,2,4
112,112,RB_MaxPool_1a_3x3,1,3,14,0,7,14,0,1,1,2,1,8,2,4
112,112,RB_MaxPool_1a_3x3,1,3,15,1,7,15,0,1,1,3,1,8,2,4
112,112,RB_MaxPool_1a_3x3,1,7,16,2,7,16,0,2,0,0,1,8,2,4
112,112,RB_MaxPool_1a_3x3,1,7,17,3,7,17,0,2,0,1,1,8,2,4
112,112,RB_MaxPool_1a_3x3,1,7,18,2,6,18,0,2,0,2,1,8,2,4
112,112,RB_MaxPool_1a_3x3,1,7,19,3,6,19,0,2,0,3,1,8,2,4
112,112,RB_MaxPool_1a_3x3,1,6,20,2,5,20,0,2,1,0,1,8,2,4
112,112,RB_MaxPool_1a_3x3,1,6,21,3,5,21,0,2,1,1,1,8,2,4
112,112,RB_MaxPool_1a_3x3,1,6,22,2,4,22,0,2,1,2,1,8,2,4
112,112,RB_MaxPool_1a_3x3,1,6,23,3,4,23,0,2,1,3,1,8,2,4
112,112,RB_MaxPool_1a_3x3,1,5,24,2,3,24,0,3,0,0,1,8,2,4
112,112,RB_MaxPool_1a_3x3,1,5,25,3,3,25,0,3,0,1,1,8,2,4
112,112,RB_MaxPool_1a_3x3,1,5,26,2,2,26,0,3,0,2,1,8,2,4
112,112,RB_MaxPool_1a_3x3,1,5,27,3,2,27,0,3,0,3,1,8,2,4
112,112,RB_MaxPool_1a_3x3,1,4,28,2,1,28,0,3,1,0,1,8,2,4
112,112,RB_MaxPool_1a_3x3,1,4,29,3,1,29,0,3,1,1,1,8,2,4
112,112,RB_MaxPool_1a_3x3,1,4,30,2,0,30,0,3,1,2,1,8,2,4
112,112,RB_MaxPool_1a_3x3,1,4,31,3,0,31,0,3,1,3,1,8,2,4
112,112,RB_MaxPool_1a_3x3,1,8,32,4,0,32,0,4,0,0,1,8,2,4
112,112,RB_MaxPool_1a_3x3,1,8,33,5,0,33,0,4,0,1,1,8,2,4
112,112,RB_MaxPool_1a_3x3,1,8,34,4,1,34,0,4,0,2,1,8,2,4
112,112,RB_MaxPool_1a_3x3,1,8,35,5,1,35,0,4,0,3,1,8,2,4
112,112,RB_MaxPool_1a_3x3,1,9,36,4,2,36,0,4,1,0,1,8,2,4
112,112,RB_MaxPool_1a_3x3,1,9,37,5,2,37,0,4,1,1,1,8,2,4
112,112,RB_MaxPool_1a_3x3,1,9,38,4,3,38,0,4,1,2,1,8,2,4
112,112,RB_MaxPool_1a_3x3,1,9,39,5,3,39,0,4,1,3,1,8,2,4
112,112,RB_MaxPool_1a_3x3,1,10,40,4,4,40,0,5,0,0,1,8,2,4
112,112,RB_MaxPool_1a_3x3,1,10,41,5,4,41,0,5,0,1,1,8,2,4
112,112,RB_MaxPool_1a_3x3,1,10,42,4,5,42,0,5,0,2,1,8,2,4
112,112,RB_MaxPool_1a_3x3,1,10,43,5,5,43,0,5,0,3,1,8,2,4
112,112,RB_MaxPool_1a_3x3,1,11,44,4,6,44,0,5,1,0,1,8,2,4
112,112,RB_MaxPool_1a_3x3,1,11,45,5,6,45,0,5,1,1,1,8,2,4
112,112,RB_MaxPool_1a_3x3,1,11,46,4,7,46,0,5,1,2,1,8,2,4
112,112,RB_MaxPool_1a_3x3,1,11,47,5,7,47,0,5,1,3,1,8,2,4
112,112,RB_MaxPool_1a_3x3,1,15,48,6,7,48,0,6,0,0,1,8,2,4
112,112,RB_MaxPool_1a_3x3,1,15,49,7,7,49,0,6,0,1,1,8,2,4
112,112,RB_MaxPool_1a_3x3,1,15,50,6,6,50,0,6,0,2,1,8,2,4
112,112,RB_MaxPool_1a_3x3,1,15,51,7,6,51,0,6,0,3,1,8,2,4
112,112,RB_MaxPool_1a_3x3,1,14,52,6,5,52,0,6,1,0,1,8,2,4
112,112,RB_MaxPool_1a_3x3,1,14,53,7,5,53,0,6,1,1,1,8,2,4
112,112,RB_MaxPool_1a_3x3,1,14,54,6,4,54,0,6,1,2,1,8,2,4
112,112,RB_MaxPool_1a_3x3,1,14,55,7,4,55,0,6,1,3,1,8,2,4
112,112,RB_MaxPool_1a_3x3,1,13,56,6,3,56,0,7,0,0,1,8,2,4
112,112,RB_MaxPool_1a_3x3,1,13,57,7,3,57,0,7,0,1,1,8,2,4
112,112,RB_MaxPool_1a_3x3,1,13,58,6,2,58,0,7,0,2,1,8,2,4
112,112,RB_MaxPool_1a_3x3,1,13,59,7,2,59,0,7,0,3,1,8,2,4
112,112,RB_MaxPool_1a_3x3,1,12,60,6,1,60,0,7,1,0,1,8,2,4
112,112,RB_MaxPool_1a_3x3,1,12,61,7,1,61,0,7,1,1,1,8,2,4
112,112,RB_MaxPool_1a_3x3,1,12,62,6,0,62,0,7,1,2,1,8,2,4
112,112,RB_MaxPool_1a_3x3,1,12,63,7,0,63,0,7,1,3,1,8,2,4
113,113,RB_Conv_2a_1x1,8,0,0,0,0,0,0,0,0,0,8,8,1,1
113,113,RB_Conv_2a_1x1,8,0,1,1,0,8,1,0,0,0,8,8,1,1
113,113,RB_Conv_2a_1x1,8,0,2,0,1,16,2,0,0,0,8,8,1,1
113,113,RB_Conv_2a_1x1,8,0,3,1,1,24,3,0,0,0,8,8,1,1
113,113,RB_Conv_2a_1x1,8,1,4,0,2,32,4,0,0,0,8,8,1,1
113,113,RB_Conv_2a_1x1,8,1,5,1,2,40,5,0,0,0,8,8,1,1
113,113,RB_Conv_2a_1x1,8,1,6,0,3,48,6,0,0,0,8,8,1,1
113,113,RB_Conv_2a_1x1,8,1,7,1,3,56,7,0,0,0,8,8,1,1
113,113,RB_Conv_2a_1x1,8,2,8,0,4,1,0,1,0,0,8,8,1,1
113,113,RB_Conv_2a_1x1,8,2,9,1,4,9,1,1,0,0,8,8,1,1
113,113,RB_Conv_2a_1x1,8,2,10,0,5,17,2,1,0,0,8,8,1,1
113,113,RB_Conv_2a_1x1,8,2,11,1,5,25,3,1,0,0,8,8,1,1
113,113,RB_Conv_2a_1x1,8,3,12,0,6,33,4,1,0,0,8,8,1,1
113,113,RB_Conv_2a_1x1,8,3,13,1,6,41,5,1,0,0,8,8,1,1
113,113,RB_Conv_2a_1x1,8,3,14,0,7,49,6,1,0,0,8,8,1,1
113,113,RB_Conv_2a_1x1,8,3,15,1,7,57,7,1,0,0,8,8,1,1
113,113,RB_Conv_2a_1x1,8,7,16,2,7,2,0,2,0,0,8,8,1,1
113,113,RB_Conv_2a_1x1,8,7,17,3,7,10,1,2,0,0,8,8,1,1
113,113,RB_Conv_2a_1x1,8,7,18,2,6,18,2,2,0,0,8,8,1,1
113,113,RB_Conv_2a_1x1,8,7,19,3,6,26,3,2,0,0,8,8,1,1
113,113,RB_Conv_2a_1x1,8,6,20,2,5,34,4,2,0,0,8,8,1,1
113,113,RB_Conv_2a_1x1,8,6,21,3,5,42,5,2,0,0,8,8,1,1
113,113,RB_Conv_2a_1x1,8,6,22,2,4,50,6,2,0,0,8,8,1,1
113,113,RB_Conv_2a_1x1,8,6,23,3,4,58,7,2,0,0,8,8,1,1
113,113,RB_Conv_2a_1x1,8,5,24,2,3,3,0,3,0,0,8,8,1,1
113,113,RB_Conv_2a_1x1,8,5,25,3,3,11,1,3,0,0,8,8,1,1
113,113,RB_Conv_2a_1x1,8,5,26,2,2,19,2,3,0,0,8,8,1,1
113,113,RB_Conv_2a_1x1,8,5,27,3,2,27,3,3,0,0,8,8,1,1
113,113,RB_Conv_2a_1x1,8,4,28,2,1,35,4,3,0,0,8,8,1,1
113,113,RB_Conv_2a_1x1,8,4,29,3,1,43,5,3,0,0,8,8,1,1
113,113,RB_Conv_2a_1x1,8,4,30,2,0,51,6,3,0,0,8,8,1,1
113,113,RB_Conv_2a_1x1,8,4,31,3,0,59,7,3,0,0,8,8,1,1
113,113,RB_Conv_2a_1x1,8,8,32,4,0,4,0,4,0,0,8,8,1,1
113,113,RB_Conv_2a_1x1,8,8,33,5,0,12,1,4,0,0,8,8,1,1
113,113,RB_Conv_2a_1x1,8,8,34,4,1,20,2,4,0,0,8,8,1,1
113,113,RB_Conv_2a_1x1,8,8,35,5,1,28,3,4,0,0,8,8,1,1
113,113,RB_Conv_2a_1x1,8,9,36,4,2,36,4,4,0,0,8,8,1,1
113,113,RB_Conv_2a_1x1,8,9,37,5,2,44,5,4,0,0,8,8,1,1
113,113,RB_Conv_2a_1x1,8,9,38,4,3,52,6,4,0,0,8,8,1,1
113,113,RB_Conv_2a_1x1,8,9,39,5,3,60,7,4,0,0,8,8,1,1
113,113,RB_Conv_2a_1x1,8,10,40,4,4,5,0,5,0,0,8,8,1,1
113,113,RB_Conv_2a_1x1,8,10,41,5,4,13,1,5,0,0,8,8,1,1
113,113,RB_Conv_2a_1x1,8,10,42,4,5,21,2,5,0,0,8,8,1,1
113,113,RB_Conv_2a_1x1,8,10,43,5,5,29,3,5,0,0,8,8,1,1
113,113,RB_Conv_2a_1x1,8,11,44,4,6,37,4,5,0,0,8,8,1,1
113,113,RB_Conv_2a_1x1,8,11,45,5,6,45,5,5,0,0,8,8,1,1
113,113,RB_Conv_2a_1x1,8,11,46,4,7,53,6,5,0,0,8,8,1,1
113,113,RB_Conv_2a_1x1,8,11,47,5,7,61,7,5,0,0,8,8,1,1
113,113,RB_Conv_2a_1x1,8,15,48,6,7,6,0,6,0,0,8,8,1,1
113,113,RB_Conv_2a_1x1,8,15,49,7,7,14,1,6,0,0,8,8,1,1
113,113,RB_Conv_2a_1x1,8,15,50,6,6,22,2,6,0,0,8,8,1,1
113,113,RB_Conv_2a_1x1,8,15,51,7,6,30,3,6,0,0,8,8,1,1
113,113,RB_Conv_2a_1x1,8,14,52,6,5,38,4,6,0,0,8,8,1,1
113,113,RB_Conv_2a_1x1,8,14,53,7,5,46,5,6,0,0,8,8,1,1
113,113,RB_Conv_2a_1x1,8,14,54,6,4,54,6,6,0,0,8,8,1,1
113,113,RB_Conv_2a_1x1,8,14,55,7,4,62,7,6,0,0,8,8,1,1
113,113,RB_Conv_2a_1x1,8,13,56,6,3,7,0,7,0,0,8,8,1,1
113,113,RB_Conv_2a_1x1,8,13,57,7,3,15,1,7,0,0,8,8,1,1
113,113,RB_Conv_2a_1x1,8,13,58,6,2,23,2,7,0,0,8,8,1,1
113,113,RB_Conv_2a_1x1,8,13,59,7,2,31,3,7,0,0,8,8,1,1
113,113,RB_Conv_2a_1x1,8,12,60,6,1,39,4,7,0,0,8,8,1,1
113,113,RB_Conv_2a_1x1,8,12,61,7,1,47,5,7,0,0,8,8,1,1
113,113,RB_Conv_2a_1x1,8,12,62,6,0,55,6,7,0,0,8,8,1,1
113,113,RB_Conv_2a_1x1,8,12,63,7,0,63,7,7,0,0,8,8,1,1
114,114,RB_Conv_2b_3x3,1,0,0,0,0,0,0,0,0,0,1,8,4,2
114,114,RB_Conv_2b_3x3,1,0,1,1,0,1,0,0,0,1,1,8,4,2
114,114,RB_Conv_2b_3x3,1,0,2,0,1,2,0,0,1,0,1,8,4,2
114,114,RB_Conv_2b_3x3,1,0,3,1,1,3,0,0,1,1,1,8,4,2
114,114,RB_Conv_2b_3x3,1,1,4,0,2,4,0,0,2,0,1,8,4,2
114,114,RB_Conv_2b_3x3,1,1,5,1,2,5,0,0,2,1,1,8,4,2
114,114,RB_Conv_2b_3x3,1,1,6,0,3,6,0,0,3,0,1,8,4,2
114,114,RB_Conv_2b_3x3,1,1,7,1,3,7,0,0,3,1,1,8,4,2
114,114,RB_Conv_2b_3x3,1,2,8,0,4,8,0,1,0,0,1,8,4,2
114,114,RB_Conv_2b_3x3,1,2,9,1,4,9,0,1,0,1,1,8,4,2
114,114,RB_Conv_2b_3x3,1,2,10,0,5,10,0,1,1,0,1,8,4,2
114,114,RB_Conv_2b_3x3,1,2,11,1,5,11,0,1,1,1,1,8,4,2
114,114,RB_Conv_2b_3x3,1,3,12,0,6,12,0,1,2,0,1,8,4,2
114,114,RB_Conv_2b_3x3,1,3,13,1,6,13,0,1,2,1,1,8,4,2
114,114,RB_Conv_2b_3x3,1,3,14,0,7,14,0,1,3,0,1,8,4,2
114,114,RB_Conv_2b_3x3,1,3,15,1,7,15,0,1,3,1,1,8,4,2
114,114,RB_Conv_2b_3x3,1,7,16,2,7,16,0,2,0,0,1,8,4,2
114,114,RB_Conv_2b_3x3,1,7,17,3,7,17,0,2,0,1,1,8,4,2
114,114,RB_Conv_2b_3x3,1,7,18,2,6,18,0,2,1,0,1,8,4,2
114,114,RB_Conv_2b_3x3,1,7,19,3,6,19,0,2,1,1,1,8,4,2
114,114,RB_Conv_2b_3x3,1,6,20,2,5,20,0,2,2,0,1,8,4,2
114,114,RB_Conv_2b_3x3,1,6,21,3,5,21,0,2,2,1,1,8,4,2
114,114,RB_Conv_2b_3x3,1,6,22,2,4,22,0,2,3,0,1,8,4,2
114,114,RB_Conv_2b_3x3,1,6,23,3,4,23,0,2,3,1,1,8,4,2
114,114,RB_Conv_2b_3x3,1,5,24,2,3,24,0,3,0,0,1,8,4,2
114,114,RB_Conv_2b_3x3,1,5,25,3,3,25,0,3,0,1,1,8,4,2
114,114,RB_Conv_2b_3x3,1,5,26,2,2,26,0,3,1,0,1,8,4,2
114,114,RB_Conv_2b_3x3,1,5,27,3,2,27,0,3,1,1,1,8,4,2
114,114,RB_Conv_2b_3x3,1,4,28,2,1,28,0,3,2,0,1,8,4,2
114,114,RB_Conv_2b_3x3,1,4,29,3,1,29,0,3,2,1,1,8,4,2
114,114,RB_Conv_2b_3x3,1,4,30,2,0,30,0,3,3,0,1,8,4,2
114,114,RB_Conv_2b_3x3,1,4,31,3,0,31,0,3,3,1,1,8,4,2
114,114,RB_Conv_2b_3x3,1,8,32,4,0,32,0,4,0,0,1,8,4,2
114,114,RB_Conv_2b_3x3,1,8,33,5,0,33,0,4,0,1,1,8,4,2
114,114,RB_Conv_2b_3x3,1,8,34,4,1,34,0,4,1,0,1,8,4,2
114,114,RB_Conv_2b_3x3,1,8,35,5,1,35,0,4,1,1,1,8,4,2
114,114,RB_Conv_2b_3x3,1,9,36,4,2,36,0,4,2,0,1,8,4,2
114,114,RB_Conv_2b_3x3,1,9,37,5,2,37,0,4,2,1,1,8,4,2
114,114,RB_Conv_2b_3x3,1,9,38,4,3,38,0,4,3,0,1,8,4,2
114,114,RB_Conv_2b_3x3,1,9,39,5,3,39,0,4,3,1,1,8,4,2
114,114,RB_Conv_2b_3x3,1,10,40,4,4,40,0,5,0,0,1,8,4,2
114,114,RB_Conv_2b_3x3,1,10,41,5,4,41,0,5,0,1,1,8,4,2
114,114,RB_Conv_2b_3x3,1,10,42,4,5,42,0,5,1,0,1,8,4,2
114,114,RB_Conv_2b_3x3,1,10,43,5,5,43,0,5,1,1,1,8,4,2
114,114,RB_Conv_2b_3x3,1,11,44,4,6,44,0,5,2,0,1,8,4,2
114,114,RB_Conv_2b_3x3,1,11,45,5,6,45,0,5,2,1,1,8,4,2
114,114,RB_Conv_2b_3x3,1,11,46,4,7,46,0,5,3,0,1,8,4,2
114,114,RB_Conv_2b_3x3,1,11,47,5,7,47,0,5,3,1,1,8,4,2
114,114,RB_Conv_2b_3x3,1,15,48,6,7,48,0,6,0,0,1,8,4,2
114,114,RB_Conv_2b_3x3,1,15,49,7,7,49,0,6,0,1,1,8,4,2
114,114,RB_Conv_2b_3x3,1,15,50,6,6,50,0,6,1,0,1,8,4,2
114,114,RB_Conv_2b_3x3,1,15,51,7,6,51,0,6,1,1,1,8,4,2
114,114,RB_Conv_2b_3x3,1,14,52,6,5,52,0,6,2,0,1,8,4,2
114,114,RB_Conv_2b_3x3,1,14,53,7,5,53,0,6,2,1,1,8,4,2
114,114,RB_Conv_2b_3x3,1,14,54,6,4,54,0,6,3,0,1,8,4,2
114,114,RB_Conv_2b_3x3,1,14,55,7,4,55,0,6,3,1,1,8,4,2
114,114,RB_Conv_2b_3x3,1,13,56,6,3,56,0,7,0,0,1,8,4,2
114,114,RB_Conv_2b_3x3,1,13,57,7,3,57,0,7,0,1,1,8,4,2
114,114,RB_Conv_2b_3x3,1,13,58,6,2,58,0,7,1,0,1,8,4,2
114,114,RB_Conv_2b_3x3,1,13,59,7,2,59,0,7,1,1,1,8,4,2
114,114,RB_Conv_2b_3x3,1,12,60,6,1,60,0,7,2,0,1,8,4,2
114,114,RB_Conv_2b_3x3,1,12,61,7,1,61,0,7,2,1,1,8,4,2
114,114,RB_Conv_2b_3x3,1,12,62,6,0,62,0,7,3,0,1,8,4,2
114,114,RB_Conv_2b_3x3,1,12,63,7,0,63,0,7,3,1,1,8,4,2
115,115,RB_Conv_3a_1x1,8,0,0,0,0,0,0,0,0,0,8,8,1,1
115,115,RB_Conv_3a_1x1,8,0,1,1,0,8,1,0,0,0,8,8,1,1
115,115,RB_Conv_3a_1x1,8,0,2,0,1,16,2,0,0,0,8,8,1,1
115,115,RB_Conv_3a_1x1,8,0,3,1,1,24,3,0,0,0,8,8,1,1
115,115,RB_Conv_3a_1x1,8,1,4,0,2,32,4,0,0,0,8,8,1,1
115,115,RB_Conv_3a_1x1,8,1,5,1,2,40,5,0,0,0,8,8,1,1
115,115,RB_Conv_3a_1x1,8,1,6,0,3,48,6,0,0,0,8,8,1,1
115,115,RB_Conv_3a_1x1,8,1,7,1,3,56,7,0,0,0,8,8,1,1
115,115,RB_Conv_3a_1x1,8,2,8,0,4,1,0,1,0,0,8,8,1,1
115,115,RB_Conv_3a_1x1,8,2,9,1,4,9,1,1,0,0,8,8,1,1
115,115,RB_Conv_3a_1x1,8,2,10,0,5,17,2,1,0,0,8,8,1,1
115,115,RB_Conv_3a_1x1,8,2,11,1,5,25,3,1,0,0,8,8,1,1
115,115,RB_Conv_3a_1x1,8,3,12,0,6,33,4,1,0,0,8,8,1,1
115,115,RB_Conv_3a_1x1,8,3,13,1,6,41,5,1,0,0,8,8,1,1
115,115,RB_Conv_3a_1x1,8,3,14,0,7,49,6,1,0,0,8,8,1,1
115,115,RB_Conv_3a_1x1,8,3,15,1,7,57,7,1,0,0,8,8,1,1
115,115,RB_Conv_3a_1x1,8,7,16,2,7,2,0,2,0,0,8,8,1,1
115,115,RB_Conv_3a_1x1,8,7,17,3,7,10,1,2,0,0,8,8,1,1
115,115,RB_Conv_3a_1x1,8,7,18,2,6,18,2,2,0,0,8,8,1,1
115,115,RB_Conv_3a_1x1,8,7,19,3,6,26,3,2,0,0,8,8,1,1
115,115,RB_Conv_3a_1x1,8,6,20,2,5,34,4,2,0,0,8,8,1,1
115,115,RB_Conv_3a_1x1,8,6,21,3,5,42,5,2,0,0,8,8,1,1
115,115,RB_Conv_3a_1x1,8,6,22,2,4,50,6,2,0,0,8,8,1,1
115,115,RB_Conv_3a_1x1,8,6,23,3,4,58,7,2,0,0,8,8,1,1
115,115,RB_Conv_3a_1x1,8,5,24,2,3,3,0,3,0,0,8,8,1,1
115,115,RB_Conv_3a_1x1,8,5,25,3,3,11,1,3,0,0,8,8,1,1
115,115,RB_Conv_3a_1x1,8,5,26,2,2,19,2,3,0,0,8,8,1,1
115,115,RB_Conv_3a_1x1,8,5,27,3,2,27,3,3,0,0,8,8,1,1
115,115,RB_Conv_3a_1x1,8,4,28,2,1,35,4,3,0,0,8,8,1,1
115,115,RB_Conv_3a_1x1,8,4,29,3,1,43,5,3,0,0,8,8,1,1
115,115,RB_Conv_3a_1x1,8,4,30,2,0,51,6,3,0,0,8,8,1,1
115,115,RB_Conv_3a_1x1,8,4,31,3,0,59,7,3,0,0,8,8,1,1
115,115,RB_Conv_3a_1x1,8,8,32,4,0,4,0,4,0,0,8,8,1,1
115,115,RB_Conv_3a_1x1,8,8,33,5,0,12,1,4,0,0,8,8,1,1
115,115,RB_Conv_3a_1x1,8,8,34,4,1,20,2,4,0,0,8,8,1,1
115,115,RB_Conv_3a_1x1,8,8,35,5,1,28,3,4,0,0,8,8,1,1
115,115,RB_Conv_3a_1x1,8,9,36,4,2,36,4,4,0,0,8,8,1,1
115,115,RB_Conv_3a_1x1,8,9,37,5,2,44,5,4,0,0,8,8,1,1
115,115,RB_Conv_3a_1x1,8,9,38,4,3,52,6,4,0,0,8,8,1,1
115,115,RB_Conv_3a_1x1,8,9,39,5,3,60,7,4,0,0,8,8,1,1
115,115,RB_Conv_3a_1x1,8,10,40,4,4,5,0,5,0,0,8,8,1,1
115,115,RB_Conv_3a_1x1,8,10,41,5,4,13,1,5,0,0,8,8,1,1
115,115,RB_Conv_3a_1x1,8,10,42,4,5,21,2,5,0,0,8,8,1,1
115,115,RB_Conv_3a_1x1,8,10,43,5,5,29,3,5,0,0,8,8,1,1
115,115,RB_Conv_3a_1x1,8,11,44,4,6,37,4,5,0,0,8,8,1,1
115,115,RB_Conv_3a_1x1,8,11,45,5,6,45,5,5,0,0,8,8,1,1
115,115,RB_Conv_3a_1x1,8,11,46,4,7,53,6,5,0,0,8,8,1,1
115,115,RB_Conv_3a_1x1,8,11,47,5,7,61,7,5,0,0,8,8,1,1
115,115,RB_Conv_3a_1x1,8,15,48,6,7,6,0,6,0,0,8,8,1,1
115,115,RB_Conv_3a_1x1,8,15,49,7,7,14,1,6,0,0,8,8,1,1
115,115,RB_Conv_3a_1x1,8,15,50,6,6,22,2,6,0,0,8,8,1,1
115,115,RB_Conv_3a_1x1,8,15,51,7,6,30,3,6,0,0,8,8,1,1
115,115,RB_Conv_3a_1x1,8,14,52,6,5,38,4,6,0,0,8,8,1,1
115,115,RB_Conv_3a_1x1,8,14,53,7,5,46,5,6,0,0,8,8,1,1
115,115,RB_Conv_3a_1x1,8,14,54,6,4,54,6,6,0,0,8,8,1,1
115,115,RB_Conv_3a_1x1,8,14,55,7,4,62,7,6,0,0,8,8,1,1
115,115,RB_Conv_3a_1x1,8,13,56,6,3,7,0,7,0,0,8,8,1,1
115,115,RB_Conv_3a_1x1,8,13,57,7,3,15,1,7,0,0,8,8,1,1
115,115,RB_Conv_3a_1x1,8,13,58,6,2,23,2,7,0,0,8,8,1,1
115,115,RB_Conv_3a_1x1,8,13,59,7,2,31,3,7,0,0,8,8,1,1
115,115,RB_Conv_3a_1x1,8,12,60,6,1,39,4,7,0,0,8,8,1,1
115,115,RB_Conv_3a_1x1,8,12,61,7,1,47,5,7,0,0,8,8,1,1
115,115,RB_Conv_3a_1x1,8,12,62,6,0,55,6,7,0,0,8,8,1,1
115,115,RB_Conv_3a_1x1,8,12,63,7,0,63,7,7,0,0,8,8,1,1
116,116,RB_Conv_3b_3x3,1,0,0,0,0,0,0,0,0,0,1,8,2,4
116,116,RB_Conv_3b_3x3,1,0,1,1,0,1,0,0,0,1,1,8,2,4
116,116,RB_Conv_3b_3x3,1,0,2,0,1,2,0,0,0,2,1,8,2,4
116,116,RB_Conv_3b_3x3,1,0,3,1,1,3,0,0,0,3,1,8,2,4
116,116,RB_Conv_3b_3x3,1,1,4,0,2,4,0,0,1,0,1,8,2,4
116,116,RB_Conv_3b_3x3,1,1,5,1,2,5,0,0,1,1,1,8,2,4
116,116,RB_Conv_3b_3x3,1,1,6,0,3,6,0,0,1,2,1,8,2,4
116,116,RB_Conv_3b_3x3,1,1,7,1,3,7,0,0,1,3,1,8,2,4
116,116,RB_Conv_3b_3x3,1,2,8,0,4,8,0,1,0,0,1,8,2,4
116,116,RB_Conv_3b_3x3,1,2,9,1,4,9,0,1,0,1,1,8,2,4
116,116,RB_Conv_3b_3x3,1,2,10,0,5,10,0,1,0,2,1,8,2,4
116,116,RB_Conv_3b_3x3,1,2,11,1,5,11,0,1,0,3,1,8,2,4
116,116,RB_Conv_3b_3x3,1,3,12,0,6,12,0,1,1,0,1,8,2,4
116,116,RB_Conv_3b_3x3,1,3,13,1,6,13,0,1,1,1,1,8,2,4
116,116,RB_Conv_3b_3x3,1,3,14,0,7,14,0,1,1,2,1,8,2,4
116,116,RB_Conv_3b_3x3,1,3,15,1,7,15,0,1,1,3,1,8,2,4
116,116,RB_Conv_3b_3x3,1,7,16,2,7,16,0,2,0,0,1,8,2,4
116,116,RB_Conv_3b_3x3,1,7,17,3,7,17,0,2,0,1,1,8,2,4
116,116,RB_Conv_3b_3x3,1,7,18,2,6,18,0,2,0,2,1,8,2,4
116,116,RB_Conv_3b_3x3,1,7,19,3,6,19,0,2,0,3,1,8,2,4
116,116,RB_Conv_3b_3x3,1,6,20,2,5,20,0,2,1,0,1,8,2,4
116,116,RB_Conv_3b_3x3,1,6,21,3,5,21,0,2,1,1,1,8,2,4
116,116,RB_Conv_3b_3x3,1,6,22,2,4,22,0,2,1,2,1,8,2,4
116,116,RB_Conv_3b_3x3,1,6,23,3,4,23,0,2,1,3,1,8,2,4
116,116,RB_Conv_3b_3x3,1,5,24,2,3,24,0,3,0,0,1,8,2,4
116,116,RB_Conv_3b_3x3,1,5,25,3,3,25,0,3,0,1,1,8,2,4
116,116,RB_Conv_3b_3x3,1,5,26,2,2,26,0,3,0,2,1,8,2,4
116,116,RB_Conv_3b_3x3,1,5,27,3,2,27,0,3,0,3,1,8,2,4
116,116,RB_Conv_3b_3x3,1,4,28,2,1,28,0,3,1,0,1,8,2,4
116,116,RB_Conv_3b_3x3,1,4,29,3,1,29,0,3,1,1,1,8,2,4
116,116,RB_Conv_3b_3x3,1,4,30,2,0,30,0,3,1,2,1,8,2,4
116,116,RB_Conv_3b_3x3,1,4,31,3,0,31,0,3,1,3,1,8,2,4
116,116,RB_Conv_3b_3x3,1,8,32,4,0,32,0,4,0,0,1,8,2,4
116,116,RB_Conv_3b_3x3,1,8,33,5,0,33,0,4,0,1,1,8,2,4
116,116,RB_Conv_3b_3x3,1,8,34,4,1,34,0,4,0,2,1,8,2,4
116,116,RB_Conv_3b_3x3,1,8,35,5,1,35,0,4,0,3,1,8,2,4
116,116,RB_Conv_3b_3x3,1,9,36,4,2,36,0,4,1,0,1,8,2,4
116,116,RB_Conv_3b_3x3,1,9,37,5,2,37,0,4,1,1,1,8,2,4
116,116,RB_Conv_3b_3x3,1,9,38,4,3,38,0,4,1,2,1,8,2,4
116,116,RB_Conv_3b_3x3,1,9,39,5,3,39,0,4,1,3,1,8,2,4
116,116,RB_Conv_3b_3x3,1,10,40,4,4,40,0,5,0,0,1,8,2,4
116,116,RB_Conv_3b_3x3,1,10,41,5,4,41,0,5,0,1,1,8,2,4
116,116,RB_Conv_3b_3x3,1,10,42,4,5,42,0,5,0,2,1,8,2,4
116,116,RB_Conv_3b_3x3,1,10,43,5,5,43,0,5,0,3,1,8,2,4
116,116,RB_Conv_3b_3x3,1,11,44,4,6,44,0,5,1,0,1,8,2,4
116,116,RB_Conv_3b_3x3,1,11,45,5,6,45,0,5,1,1,1,8,2,4
116,116,RB_Conv_3b_3x3,1,11,46,4,7,46,0,5,1,2,1,8,2,4
116,116,RB_Conv_3b_3x3,1,11,47,5,7,47,0,5,1,3,1,8,2,4
116,116,RB_Conv_3b_3x3,1,15,48,6,7,48,0,6,0,0,1,8,2,4
116,116,RB_Conv_3b_3x3,1,15,49,7,7,49,0,6,0,1,1,8,2,4
116,116,RB_Conv_3b_3x3,1,15,50,6,6,50,0,6,0,2,1,8,2,4
116,116,RB_Conv_3b_3x3,1,15,51,7,6,51,0,6,0,3,1,8,2,4
116,116,RB_Conv_3b_3x3,1,14,52,6,5,52,0,6,1,0,1,8,2,4
116,116,RB_Conv_3b_3x3,1,14,53,7,5,53,0,6,1,1,1,8,2,4
116,116,RB_Conv_3b_3x3,1,14,54,6,4,54,0,6,1,2,1,8,2,4
116,116,RB_Conv_3b_3x3,1,14,55,7,4,55,0,6,1,3,1,8,2,4
116,116,RB_Conv_3b_3x3,1,13,56,6,3,56,0,7,0,0,1,8,2,4
116,116,RB_Conv_3b_3x3,1,13,57,7,3,57,0,7,0,1,1,8,2,4
116,116,RB_Conv_3b_3x3,1,13,58,6,2,58,0,7,0,2,1,8,2,4
116,116,RB_Conv_3b_3x3,1,13,59,7,2,59,0,7,0,3,1,8,2,4
116,116,RB_Conv_3b_3x3,1,12,60,6,1,60,0,7,1,0,1,8,2,4
116,116,RB_Conv_3b_3x3,1,12,61,7,1,61,0,7,1,1,1,8,2,4
116,116,RB_Conv_3b_3x3,1,12,62,6,0,62,0,7,1,2,1,8,2,4
116,116,RB_Conv_3b_3x3,1,12,63,7,0,63,0,7,1,3,1,8,2,4
117,117,RB_Conv_4a_1x1,8,0,0,0,0,0,0,0,0,0,8,8,1,1
117,117,RB_Conv_4a_1x1,8,0,1,1,0,8,1,0,0,0,8,8,1,1
117,117,RB_Conv_4a_1x1,8,0,2,0,1,16,2,0,0,0,8,8,1,1
117,117,RB_Conv_4a_1x1,8,0,3,1,1,24,3,0,0,0,8,8,1,1
117,117,RB_Conv_4a_1x1,8,1,4,0,2,32,4,0,0,0,8,8,1,1
117,117,RB_Conv_4a_1x1,8,1,5,1,2,40,5,0,0,0,8,8,1,1
117,117,RB_Conv_4a_1x1,8,1,6,0,3,48,6,0,0,0,8,8,1,1
117,117,RB_Conv_4a_1x1,8,1,7,1,3,56,7,0,0,0,8,8,1,1
117,117,RB_Conv_4a_1x1,8,2,8,0,4,1,0,1,0,0,8,8,1,1
117,117,RB_Conv_4a_1x1,8,2,9,1,4,9,1,1,0,0,8,8,1,1
117,117,RB_Conv_4a_1x1,8,2,10,0,5,17,2,1,0,0,8,8,1,1
117,117,RB_Conv_4a_1x1,8,2,11,1,5,25,3,1,0,0,8,8,1,1
117,117,RB_Conv_4a_1x1,8,3,12,0,6,33,4,1,0,0,8,8,1,1
117,117,RB_Conv_4a_1x1,8,3,13,1,6,41,5,1,0,0,8,8,1,1
117,117,RB_Conv_4a_1x1,8,3,14,0,7,49,6,1,0,0,8,8,1,1
117,117,RB_Conv_4a_1x1,8,3,15,1,7,57,7,1,0,0,8,8,1,1
117,117,RB_Conv_4a_1x1,8,7,16,2,7,2,0,2,0,0,8,8,1,1
117,117,RB_Conv_4a_1x1,8,7,17,3,7,10,1,2,0,0,8,8,1,1
117,117,RB_Conv_4a_1x1,8,7,18,2,6,18,2,2,0,0,8,8,1,1
117,117,RB_Conv_4a_1x1,8,7,19,3,6,26,3,2,0,0,8,8,1,1
117,117,RB_Conv_4a_1x1,8,6,20,2,5,34,4,2,0,0,8,8,1,1
117,117,RB_Conv_4a_1x1,8,6,21,3,5,42,5,2,0,0,8,8,1,1
117,117,RB_Conv_4a_1x1,8,6,22,2,4,50,6,2,0,0,8,8,1,1
117,117,RB_Conv_4a_1x1,8,6,23,3,4,58,7,2,0,0,8,8,1,1
117,117,RB_Conv_4a_1x1,8,5,24,2,3,3,0,3,0,0,8,8,1,1
117,117,RB_Conv_4a_1x1,8,5,25,3,3,11,1,3,0,0,8,8,1,1
117,117,RB_Conv_4a_1x1,8,5,26,2,2,19,2,3,0,0,8,8,1,1
117,117,RB_Conv_4a_1x1,8,5,27,3,2,27,3,3,0,0,8,8,1,1
117,117,RB_Conv_4a_1x1,8,4,28,2,1,35,4,3,0,0,8,8,1,1
117,117,RB_Conv_4a_1x1,8,4,29,3,1,43,5,3,0,0,8,8,1,1
117,117,RB_Conv_4a_1x1,8,4,30,2,0,51,6,3,0,0,8,8,1,1
117,117,RB_Conv_4a_1x1,8,4,31,3,0,59,7,3,0,0,8,8,1,1
117,117,RB_Conv_4a_1x1,8,8,32,4,0,4,0,4,0,0,8,8,1,1
117,117,RB_Conv_4a_1x1,8,8,33,5,0,12,1,4,0,0,8,8,1,1
117,117,RB_Conv_4a_1x1,8,8,34,4,1,20,2,4,0,0,8,8,1,1
117,117,RB_Conv_4a_1x1,8,8,35,5,1,28,3,4,0,0,8,8,1,1
117,117,RB_Conv_4a_1x1,8,9,36,4,2,36,4,4,0,0,8,8,1,1
117,117,RB_Conv_4a_1x1,8,9,37,5,2,44,5,4,0,0,8,8,1,1
117,117,RB_Conv_4a_1x1,8,9,38,4,3,52,6,4,0,0,8,8,1,1
117,117,RB_Conv_4a_1x1,8,9,39,5,3,60,7,4,0,0,8,8,1,1
117,117,RB_Conv_4a_1x1,8,10,40,4,4,5,0,5,0,0,8,8,1,1
117,117,RB_Conv_4a_1x1,8,10,41,5,4,13,1,5,0,0,8,8,1,1
117,117,RB_Conv_4a_1x1,8,10,42,4,5,21,2,5,0,0,8,8,1,1
117,117,RB_Conv_4a_1x1,8,10,43,5,5,29,3,5,0,0,8,8,1,1
117,117,RB_Conv_4a_1x1,8,11,44,4,6,37,4,5,0,0,8,8,1,1
117,117,RB_Conv_4a_1x1,8,11,45,5,6,45,5,5,0,0,8,8,1,1
117,117,RB_Conv_4a_1x1,8,11,46,4,7,53,6,5,0,0,8,8,1,1
117,117,RB_Conv_4a_1x1,8,11,47,5,7,61,7,5,0,0,8,8,1,1
117,117,RB_Conv_4a_1x1,8,15,48,6,7,6,0,6,0,0,8,8,1,1
117,117,RB_Conv_4a_1x1,8,15,49,7,7,14,1,6,0,0,8,8,1,1
117,117,RB_Conv_4a_1x1,8,15,50,6,6,22,2,6,0,0,8,8,1,1
117,117,RB_Conv_4a_1x1,8,15,51,7,6,30,3,6,0,0,8,8,1,1
117,117,RB_Conv_4a_1x1,8,14,52,6,5,38,4,6,0,0,8,8,1,1
117,117,RB_Conv_4a_1x1,8,14,53,7,5,46,5,6,0,0,8,8,1,1
117,117,RB_Conv_4a_1x1,8,14,54,6,4,54,6,6,0,0,8,8,1,1
117,117,RB_Conv_4a_1x1,8,14,55,7,4,62,7,6,0,0,8,8,1,1
117,117,RB_Conv_4a_1x1,8,13,56,6,3,7,0,7,0,0,8,8,1,1
117,117,RB_Conv_4a_1x1,8,13,57,7,3,15,1,7,0,0,8,8,1,1
117,117,RB_Conv_4a_1x1,8,13,58,6,2,23,2,7,0,0,8,8,1,1
117,117,RB_Conv_4a_1x1,8,13,59,7,2,31,3,7,0,0,8,8,1,1
117,117,RB_Conv_4a_1x1,8,12,60,6,1,39,4,7,0,0,8,8,1,1
117,117,RB_Conv_4a_1x1,8,12,61,7,1,47,5,7,0,0,8,8,1,1
117,117,RB_Conv_4a_1x1,8,12,62,6,0,55,6,7,0,0,8,8,1,1
117,117,RB_Conv_4a_1x1,8,12,63,7,0,63,7,7,0,0,8,8,1,1
118,118,RB_Conv_4b_3x3,8,0,0,0,0,0,0,0,0,0,8,8,1,1
118,118,RB_Conv_4b_3x3,8,0,1,1,0,8,1,0,0,0,8,8,1,1
118,118,RB_Conv_4b_3x3,8,0,2,0,1,16,2,0,0,0,8,8,1,1
118,118,RB_Conv_4b_3x3,8,0,3,1,1,24,3,0,0,0,8,8,1,1
118,118,RB_Conv_4b_3x3,8,1,4,0,2,32,4,0,0,0,8,8,1,1
118,118,RB_Conv_4b_3x3,8,1,5,1,2,40,5,0,0,0,8,8,1,1
118,118,RB_Conv_4b_3x3,8,1,6,0,3,48,6,0,0,0,8,8,1,1
118,118,RB_Conv_4b_3x3,8,1,7,1,3,56,7,0,0,0,8,8,1,1
118,118,RB_Conv_4b_3x3,8,2,8,0,4,1,0,1,0,0,8,8,1,1
118,118,RB_Conv_4b_3x3,8,2,9,1,4,9,1,1,0,0,8,8,1,1
118,118,RB_Conv_4b_3x3,8,2,10,0,5,17,2,1,0,0,8,8,1,1
118,118,RB_Conv_4b_3x3,8,2,11,1,5,25,3,1,0,0,8,8,1,1
118,118,RB_Conv_4b_3x3,8,3,12,0,6,33,4,1,0,0,8,8,1,1
118,118,RB_Conv_4b_3x3,8,3,13,1,6,41,5,1,0,0,8,8,1,1
118,118,RB_Conv_4b_3x3,8,3,14,0,7,49,6,1,0,0,8,8,1,1
118,118,RB_Conv_4b_3x3,8,3,15,1,7,57,7,1,0,0,8,8,1,1
118,118,RB_Conv_4b_3x3,8,7,16,2,7,2,0,2,0,0,8,8,1,1
118,118,RB_Conv_4b_3x3,8,7,17,3,7,10,1,2,0,0,8,8,1,1
118,118,RB_Conv_4b_3x3,8,7,18,2,6,18,2,2,0,0,8,8,1,1
118,118,RB_Conv_4b_3x3,8,7,19,3,6,26,3,2,0,0,8,8,1,1
118,118,RB_Conv_4b_3x3,8,6,20,2,5,34,4,2,0,0,8,8,1,1
118,118,RB_Conv_4b_3x3,8,6,21,3,5,42,5,2,0,0,8,8,1,1
118,118,RB_Conv_4b_3x3,8,6,22,2,4,50,6,2,0,0,8,8,1,1
118,118,RB_Conv_4b_3x3,8,6,23,3,4,58,7,2,0,0,8,8,1,1
118,118,RB_Conv_4b_3x3,8,5,24,2,3,3,0,3,0,0,8,8,1,1
118,118,RB_Conv_4b_3x3,8,5,25,3,3,11,1,3,0,0,8,8,1,1
118,118,RB_Conv_4b_3x3,8,5,26,2,2,19,2,3,0,0,8,8,1,1
118,118,RB_Conv_4b_3x3,8,5,27,3,2,27,3,3,0,0,8,8,1,1
118,118,RB_Conv_4b_3x3,8,4,28,2,1,35,4,3,0,0,8,8,1,1
118,118,RB_Conv_4b_3x3,8,4,29,3,1,43,5,3,0,0,8,8,1,1
118,118,RB_Conv_4b_3x3,8,4,30,2,0,51,6,3,0,0,8,8,1,1
118,118,RB_Conv_4b_3x3,8,4,31,3,0,59,7,3,0,0,8,8,1,1
118,118,RB_Conv_4b_3x3,8,8,32,4,0,4,0,4,0,0,8,8,1,1
118,118,RB_Conv_4b_3x3,8,8,33,5,0,12,1,4,0,0,8,8,1,1
118,118,RB_Conv_4b_3x3,8,8,34,4,1,20,2,4,0,0,8,8,1,1
118,118,RB_Conv_4b_3x3,8,8,35,5,1,28,3,4,0,0,8,8,1,1
118,118,RB_Conv_4b_3x3,8,9,36,4,2,36,4,4,0,0,8,8,1,1
118,118,RB_Conv_4b_3x3,8,9,37,5,2,44,5,4,0,0,8,8,1,1
118,118,RB_Conv_4b_3x3,8,9,38,4,3,52,6,4,0,0,8,8,1,1
118,118,RB_Conv_4b_3x3,8,9,39,5,3,60,7,4,0,0,8,8,1,1
118,118,RB_Conv_4b_3x3,8,10,40,4,4,5,0,5,0,0,8,8,1,1
118,118,RB_Conv_4b_3x3,8,10,41,5,4,13,1,5,0,0,8,8,1,1
118,118,RB_Conv_4b_3x3,8,10,42,4,5,21,2,5,0,0,8,8,1,1
118,118,RB_Conv_4b_3x3,8,10,43,5,5,29,3,5,0,0,8,8,1,1
118,118,RB_Conv_4b_3x3,8,11,44,4,6,37,4,5,0,0,8,8,1,1
118,118,RB_Conv_4b_3x3,8,11,45,5,6,45,5,5,0,0,8,8,1,1
118,118,RB_Conv_4b_3x3,8,11,46,4,7,53,6,5,0,0,8,8,1,1
118,118,RB_Conv_4b_3x3,8,11,47,5,7,61,7,5,0,0,8,8,1,1
118,118,RB_Conv_4b_3x3,8,15,48,6,7,6,0,6,0,0,8,8,1,1
118,118,RB_Conv_4b_3x3,8,15,49,7,7,14,1,6,0,0,8,8,1,1
118,118,RB_Conv_4b_3x3,8,15,50,6,6,22,2,6,0,0,8,8,1,1
118,118,RB_Conv_4b_3x3,8,15,51,7,6,30,3,6,0,0,8,8,1,1
118,118,RB_Conv_4b_3x3,8,14,52,6,5,38,4,6,0,0,8,8,1,1
118,118,RB_Conv_4b_3x3,8,14,53,7,5,46,5,6,0,0,8,8,1,1
118,118,RB_Conv_4b_3x3,8,14,54,6,4,54,6,6,0,0,8,8,1,1
118,118,RB_Conv_4b_3x3,8,14,55,7,4,62,7,6,0,0,8,8,1,1
118,118,RB_Conv_4b_3x3,8,13,56,6,3,7,0,7,0,0,8,8,1,1
118,118,RB_Conv_4b_3x3,8,13,57,7,3,15,1,7,0,0,8,8,1,1
118,118,RB_Conv_4b_3x3,8,13,58,6,2,23,2,7,0,0,8,8,1,1
118,118,RB_Conv_4b_3x3,8,13,59,7,2,31,3,7,0,0,8,8,1,1
118,118,RB_Conv_4b_3x3,8,12,60,6,1,39,4,7,0,0,8,8,1,1
118,118,RB_Conv_4b_3x3,8,12,61,7,1,47,5,7,0,0,8,8,1,1
118,118,RB_Conv_4b_3x3,8,12,62,6,0,55,6,7,0,0,8,8,1,1
118,118,RB_Conv_4b_3x3,8,12,63,7,0,63,7,7,0,0,8,8,1,1
119,119,RB_Conv_4c_3x3,1,0,0,0,0,0,0,0,0,0,1,8,2,4
119,119,RB_Conv_4c_3x3,1,0,1,1,0,1,0,0,0,1,1,8,2,4
119,119,RB_Conv_4c_3x3,1,0,2,0,1,2,0,0,0,2,1,8,2,4
119,119,RB_Conv_4c_3x3,1,0,3,1,1,3,0,0,0,3,1,8,2,4
119,119,RB_Conv_4c_3x3,1,1,4,0,2,4,0,0,1,0,1,8,2,4
119,119,RB_Conv_4c_3x3,1,1,5,1,2,5,0,0,1,1,1,8,2,4
119,119,RB_Conv_4c_3x3,1,1,6,0,3,6,0,0,1,2,1,8,2,4
119,119,RB_Conv_4c_3x3,1,1,7,1,3,7,0,0,1,3,1,8,2,4
119,119,RB_Conv_4c_3x3,1,2,8,0,4,8,0,1,0,0,1,8,2,4
119,119,RB_Conv_4c_3x3,1,2,9,1,4,9,0,1,0,1,1,8,2,4
119,119,RB_Conv_4c_3x3,1,2,10,0,5,10,0,1,0,2,1,8,2,4
119,119,RB_Conv_4c_3x3,1,2,11,1,5,11,0,1,0,3,1,8,2,4
119,119,RB_Conv_4c_3x3,1,3,12,0,6,12,0,1,1,0,1,8,2,4
119,119,RB_Conv_4c_3x3,1,3,13,1,6,13,0,1,1,1,1,8,2,4
119,119,RB_Conv_4c_3x3,1,3,14,0,7,14,0,1,1,2,1,8,2,4
119,119,RB_Conv_4c_3x3,1,3,15,1,7,15,0,1,1,3,1,8,2,4
119,119,RB_Conv_4c_3x3,1,7,16,2,7,16,0,2,0,0,1,8,2,4
119,119,RB_Conv_4c_3x3,1,7,17,3,7,17,0,2,0,1,1,8,2,4
119,119,RB_Conv_4c_3x3,1,7,18,2,6,18,0,2,0,2,1,8,2,4
119,119,RB_Conv_4c_3x3,1,7,19,3,6,19,0,2,0,3,1,8,2,4
119,119,RB_Conv_4c_3x3,1,6,20,2,5,20,0,2,1,0,1,8,2,4
119,119,RB_Conv_4c_3x3,1,6,21,3,5,21,0,2,1,1,1,8,2,4
119,119,RB_Conv_4c_3x3,1,6,22,2,4,22,0,2,1,2,1,8,2,4
119,119,RB_Conv_4c_3x3,1,6,23,3,4,23,0,2,1,3,1,8,2,4
119,119,RB_Conv_4c_3x3,1,5,24,2,3,24,0,3,0,0,1,8,2,4
119,119,RB_Conv_4c_3x3,1,5,25,3,3,25,0,3,0,1,1,8,2,4
119,119,RB_Conv_4c_3x3,1,5,26,2,2,26,0,3,0,2,1,8,2,4
119,119,RB_Conv_4c_3x3,1,5,27,3,2,27,0,3,0,3,1,8,2,4
119,119,RB_Conv_4c_3x3,1,4,28,2,1,28,0,3,1,0,1,8,2,4
119,119,RB_Conv_4c_3x3,1,4,29,3,1,29,0,3,1,1,1,8,2,4
119,119,RB_Conv_4c_3x3,1,4,30,2,0,30,0,3,1,2,1,8,2,4
119,119,RB_Conv_4c_3x3,1,4,31,3,0,31,0,3,1,3,1,8,2,4
119,119,RB_Conv_4c_3x3,1,8,32,4,0,32,0,4,0,0,1,8,2,4
119,119,RB_Conv_4c_3x3,1,8,33,5,0,33,0,4,0,1,1,8,2,4
119,119,RB_Conv_4c_3x3,1,8,34,4,1,34,0,4,0,2,1,8,2,4
119,119,RB_Conv_4c_3x3,1,8,35,5,1,35,0,4,0,3,1,8,2,4
119,119,RB_Conv_4c_3x3,1,9,36,4,2,36,0,4,1,0,1,8,2,4
119,119,RB_Conv_4c_3x3,1,9,37,5,2,37,0,4,1,1,1,8,2,4
119,119,RB_Conv_4c_3x3,1,9,38,4,3,38,0,4,1,2,1,8,2,4
119,119,RB_Conv_4c_3x3,1,9,39,5,3,39,0,4,1,3,1,8,2,4
119,119,RB_Conv_4c_3x3,1,10,40,4,4,40,0,5,0,0,1,8,2,4
119,119,RB_Conv_4c_3x3,1,10,41,5,4,41,0,5,0,1,1,8,2,4
119,119,RB_Conv_4c_3x3,1,10,42,4,5,42,0,5,0,2,1,8,2,4
119,119,RB_Conv_4c_3x3,1,10,43,5,5,43,0,5,0,3,1,8,2,4
119,119,RB_Conv_4c_3x3,1,11,44,4,6,44,0,5,1,0,1,8,2,4
119,119,RB_Conv_4c_3x3,1,11,45,5,6,45,0,5,1,1,1,8,2,4
119,119,RB_Conv_4c_3x3,1,11,46,4,7,46,0,5,1,2,1,8,2,4
119,119,RB_Conv_4c_3x3,1,11,47,5,7,47,0,5,1,3,1,8,2,4
119,119,RB_Conv_4c_3x3,1,15,48,6,7,48,0,6,0,0,1,8,2,4
119,119,RB_Conv_4c_3x3,1,15,49,7,7,49,0,6,0,1,1,8,2,4
119,119,RB_Conv_4c_3x3,1,15,50,6,6,50,0,6,0,2,1,8,2,4
119,119,RB_Conv_4c_3x3,1,15,51,7,6,51,0,6,0,3,1,8,2,4
119,119,RB_Conv_4c_3x3,1,14,52,6,5,52,0,6,1,0,1,8,2,4
119,119,RB_Conv_4c_3x3,1,14,53,7,5,53,0,6,1,1,1,8,2,4
119,119,RB_Conv_4c_3x3,1,14,54,6,4,54,0,6,1,2,1,8,2,4
119,119,RB_Conv_4c_3x3,1,14,55,7,4,55,0,6,1,3,1,8,2,4
119,119,RB_Conv_4c_3x3,1,13,56,6,3,56,0,7,0,0,1,8,2,4
119,119,RB_Conv_4c_3x3,1,13,57,7,3,57,0,7,0,1,1,8,2,4
119,119,RB_Conv_4c_3x3,1,13,58,6,2,58,0,7,0,2,1,8,2,4
119,119,RB_Conv_4c_3x3,1,13,59,7,2,59,0,7,0,3,1,8,2,4
119,119,RB_Conv_4c_3x3,1,12,60,6,1,60,0,7,1,0,1,8,2,4
119,119,RB_Conv_4c_3x3,1,12,61,7,1,61,0,7,1,1,1,8,2,4
119,119,RB_Conv_4c_3x3,1,12,62,6,0,62,0,7,1,2,1,8,2,4
119,119,RB_Conv_4c_3x3,1,12,63,7,0,63,0,7,1,3,1,8,2,4
120,120,C1_Conv_1a_1x1,1,0,0,0,0,0,0,0,0,0,1,8,4,2
120,120,C1_Conv_1a_1x1,1,0,1,1,0,1,0,0,0,1,1,8,4,2
120,120,C1_Conv_1a_1x1,1,0,2,0,1,2,0,0,1,0,1,8,4,2
120,120,C1_Conv_1a_1x1,1,0,3,1,1,3,0,0,1,1,1,8,4,2
120,120,C1_Conv_1a_1x1,1,1,4,0,2,4,0,0,2,0,1,8,4,2
120,120,C1_Conv_1a_1x1,1,1,5,1,2,5,0,0,2,1,1,8,4,2
120,120,C1_Conv_1a_1x1,1,1,6,0,3,6,0,0,3,0,1,8,4,2
120,120,C1_Conv_1a_1x1,1,1,7,1,3,7,0,0,3,1,1,8,4,2
120,120,C1_Conv_1a_1x1,1,2,8,0,4,8,0,1,0,0,1,8,4,2
120,120,C1_Conv_1a_1x1,1,2,9,1,4,9,0,1,0,1,1,8,4,2
120,120,C1_Conv_1a_1x1,1,2,10,0,5,10,0,1,1,0,1,8,4,2
120,120,C1_Conv_1a_1x1,1,2,11,1,5,11,0,1,1,1,1,8,4,2
120,120,C1_Conv_1a_1x1,1,3,12,0,6,12,0,1,2,0,1,8,4,2
120,120,C1_Conv_1a_1x1,1,3,13,1,6,13,0,1,2,1,1,8,4,2
120,120,C1_Conv_1a_1x1,1,3,14,0,7,14,0,1,3,0,1,8,4,2
120,120,C1_Conv_1a_1x1,1,3,15,1,7,15,0,1,3,1,1,8,4,2
120,120,C1_Conv_1a_1x1,1,7,16,2,7,16,0,2,0,0,1,8,4,2
120,120,C1_Conv_1a_1x1,1,7,17,3,7,17,0,2,0,1,1,8,4,2
120,120,C1_Conv_1a_1x1,1,7,18,2,6,18,0,2,1,0,1,8,4,2
120,120,C1_Conv_1a_1x1,1,7,19,3,6,19,0,2,1,1,1,8,4,2
120,120,C1_Conv_1a_1x1,1,6,20,2,5,20,0,2,2,0,1,8,4,2
120,120,C1_Conv_1a_1x1,1,6,21,3,5,21,0,2,2,1,1,8,4,2
120,120,C1_Conv_1a_1x1,1,6,22,2,4,22,0,2,3,0,1,8,4,2
120,120,C1_Conv_1a_1x1,1,6,23,3,4,23,0,2,3,1,1,8,4,2
120,120,C1_Conv_1a_1x1,1,5,24,2,3,24,0,3,0,0,1,8,4,2
120,120,C1_Conv_1a_1x1,1,5,25,3,3,25,0,3,0,1,1,8,4,2
120,120,C1_Conv_1a_1x1,1,5,26,2,2,26,0,3,1,0,1,8,4,2
120,120,C1_Conv_1a_1x1,1,5,27,3,2,27,0,3,1,1,1,8,4,2
120,120,C1_Conv_1a_1x1,1,4,28,2,1,28,0,3,2,0,1,8,4,2
120,120,C1_Conv_1a_1x1,1,4,29,3,1,29,0,3,2,1,1,8,4,2
120,120,C1_Conv_1a_1x1,1,4,30,2,0,30,0,3,3,0,1,8,4,2
120,120,C1_Conv_1a_1x1,1,4,31,3,0,31,0,3,3,1,1,8,4,2
120,120,C1_Conv_1a_1x1,1,8,32,4,0,32,0,4,0,0,1,8,4,2
120,120,C1_Conv_1a_1x1,1,8,33,5,0,33,0,4,0,1,1,8,4,2
120,120,C1_Conv_1a_1x1,1,8,34,4,1,34,0,4,1,0,1,8,4,2
120,120,C1_Conv_1a_1x1,1,8,35,5,1,35,0,4,1,1,1,8,4,2
120,120,C1_Conv_1a_1x1,1,9,36,4,2,36,0,4,2,0,1,8,4,2
120,120,C1_Conv_1a_1x1,1,9,37,5,2,37,0,4,2,1,1,8,4,2
120,120,C1_Conv_1a_1x1,1,9,38,4,3,38,0,4,3,0,1,8,4,2
120,120,C1_Conv_1a_1x1,1,9,39,5,3,39,0,4,3,1,1,8,4,2
120,120,C1_Conv_1a_1x1,1,10,40,4,4,40,0,5,0,0,1,8,4,2
120,120,C1_Conv_1a_1x1,1,10,41,5,4,41,0,5,0,1,1,8,4,2
120,120,C1_Conv_1a_1x1,1,10,42,4,5,42,0,5,1,0,1,8,4,2
120,120,C1_Conv_1a_1x1,1,10,43,5,5,43,0,5,1,1,1,8,4,2
120,120,C1_Conv_1a_1x1,1,11,44,4,6,44,0,5,2,0,1,8,4,2
120,120,C1_Conv_1a_1x1,1,11,45,5,6,45,0,5,2,1,1,8,4,2
120,120,C1_Conv_1a_1x1,1,11,46,4,7,46,0,5,3,0,1,8,4,2
120,120,C1_Conv_1a_1x1,1,11,47,5,7,47,0,5,3,1,1,8,4,2
120,120,C1_Conv_1a_1x1,1,15,48,6,7,48,0,6,0,0,1,8,4,2
120,120,C1_Conv_1a_1x1,1,15,49,7,7,49,0,6,0,1,1,8,4,2
120,120,C1_Conv_1a_1x1,1,15,50,6,6,50,0,6,1,0,1,8,4,2
120,120,C1_Conv_1a_1x1,1,15,51,7,6,51,0,6,1,1,1,8,4,2
120,120,C1_Conv_1a_1x1,1,14,52,6,5,52,0,6,2,0,1,8,4,2
120,120,C1_Conv_1a_1x1,1,14,53,7,5,53,0,6,2,1,1,8,4,2
120,120,C1_Conv_1a_1x1,1,14,54,6,4,54,0,6,3,0,1,8,4,2
120,120,C1_Conv_1a_1x1,1,14,55,7,4,55,0,6,3,1,1,8,4,2
120,120,C1_Conv_1a_1x1,1,13,56,6,3,56,0,7,0,0,1,8,4,2
120,120,C1_Conv_1a_1x1,1,13,57,7,3,57,0,7,0,1,1,8,4,2
120,120,C1_Conv_1a_1x1,1,13,58,6,2,58,0,7,1,0,1,8,4,2
120,120,C1_Conv_1a_1x1,1,13,59,7,2,59,0,7,1,1,1,8,4,2
120,120,C1_Conv_1a_1x1,1,12,60,6,1,60,0,7,2,0,1,8,4,2
120,120,C1_Conv_1a_1x1,1,12,61,7,1,61,0,7,2,1,1,8,4,2
120,120,C1_Conv_1a_1x1,1,12,62,6,0,62,0,7,3,0,1,8,4,2
120,120,C1_Conv_1a_1x1,1,12,63,7,0,63,0,7,3,1,1,8,4,2
121,121,C1_Conv_2a_1x1,1,0,0,0,0,0,0,0,0,0,1,8,4,2
121,121,C1_Conv_2a_1x1,1,0,1,1,0,1,0,0,0,1,1,8,4,2
121,121,C1_Conv_2a_1x1,1,0,2,0,1,2,0,0,1,0,1,8,4,2
121,121,C1_Conv_2a_1x1,1,0,3,1,1,3,0,0,1,1,1,8,4,2
121,121,C1_Conv_2a_1x1,1,1,4,0,2,4,0,0,2,0,1,8,4,2
121,121,C1_Conv_2a_1x1,1,1,5,1,2,5,0,0,2,1,1,8,4,2
121,121,C1_Conv_2a_1x1,1,1,6,0,3,6,0,0,3,0,1,8,4,2
121,121,C1_Conv_2a_1x1,1,1,7,1,3,7,0,0,3,1,1,8,4,2
121,121,C1_Conv_2a_1x1,1,2,8,0,4,8,0,1,0,0,1,8,4,2
121,121,C1_Conv_2a_1x1,1,2,9,1,4,9,0,1,0,1,1,8,4,2
121,121,C1_Conv_2a_1x1,1,2,10,0,5,10,0,1,1,0,1,8,4,2
121,121,C1_Conv_2a_1x1,1,2,11,1,5,11,0,1,1,1,1,8,4,2
121,121,C1_Conv_2a_1x1,1,3,12,0,6,12,0,1,2,0,1,8,4,2
121,121,C1_Conv_2a_1x1,1,3,13,1,6,13,0,1,2,1,1,8,4,2
121,121,C1_Conv_2a_1x1,1,3,14,0,7,14,0,1,3,0,1,8,4,2
121,121,C1_Conv_2a_1x1,1,3,15,1,7,15,0,1,3,1,1,8,4,2
121,121,C1_Conv_2a_1x1,1,7,16,2,7,16,0,2,0,0,1,8,4,2
121,121,C1_Conv_2a_1x1,1,7,17,3,7,17,0,2,0,1,1,8,4,2
121,121,C1_Conv_2a_1x1,1,7,18,2,6,18,0,2,1,0,1,8,4,2
121,121,C1_Conv_2a_1x1,1,7,19,3,6,19,0,2,1,1,1,8,4,2
121,121,C1_Conv_2a_1x1,1,6,20,2,5,20,0,2,2,0,1,8,4,2
121,121,C1_Conv_2a_1x1,1,6,21,3,5,21,0,2,2,1,1,8,4,2
121,121,C1_Conv_2a_1x1,1,6,22,2,4,22,0,2,3,0,1,8,4,2
121,121,C1_Conv_2a_1x1,1,6,23,3,4,23,0,2,3,1,1,8,4,2
121,121,C1_Conv_2a_1x1,1,5,24,2,3,24,0,3,0,0,1,8,4,2
121,121,C1_Conv_2a_1x1,1,5,25,3,3,25,0,3,0,1,1,8,4,2
121,121,C1_Conv_2a_1x1,1,5,26,2,2,26,0,3,1,0,1,8,4,2
121,121,C1_Conv_2a_1x1,1,5,27,3,2,27,0,3,1,1,1,8,4,2
121,121,C1_Conv_2a_1x1,1,4,28,2,1,28,0,3,2,0,1,8,4,2
121,121,C1_Conv_2a_1x1,1,4,29,3,1,29,0,3,2,1,1,8,4,2
121,121,C1_Conv_2a_1x1,1,4,30,2,0,30,0,3,3,0,1,8,4,2
121,121,C1_Conv_2a_1x1,1,4,31,3,0,31,0,3,3,1,1,8,4,2
121,121,C1_Conv_2a_1x1,1,8,32,4,0,32,0,4,0,0,1,8,4,2
121,121,C1_Conv_2a_1x1,1,8,33,5,0,33,0,4,0,1,1,8,4,2
121,121,C1_Conv_2a_1x1,1,8,34,4,1,34,0,4,1,0,1,8,4,2
121,121,C1_Conv_2a_1x1,1,8,35,5,1,35,0,4,1,1,1,8,4,2
121,121,C1_Conv_2a_1x1,1,9,36,4,2,36,0,4,2,0,1,8,4,2
121,121,C1_Conv_2a_1x1,1,9,37,5,2,37,0,4,2,1,1,8,4,2
121,121,C1_Conv_2a_1x1,1,9,38,4,3,38,0,4,3,0,1,8,4,2
121,121,C1_Conv_2a_1x1,1,9,39,5,3,39,0,4,3,1,1,8,4,2
121,121,C1_Conv_2a_1x1,1,10,40,4,4,40,0,5,0,0,1,8,4,2
121,121,C1_Conv_2a_1x1,1,10,41,5,4,41,0,5,0,1,1,8,4,2
121,121,C1_Conv_2a_1x1,1,10,42,4,5,42,0,5,1,0,1,8,4,2
121,121,C1_Conv_2a_1x1,1,10,43,5,5,43,0,5,1,1,1,8,4,2
121,121,C1_Conv_2a_1x1,1,11,44,4,6,44,0,5,2,0,1,8,4,2
121,121,C1_Conv_2a_1x1,1,11,45,5,6,45,0,5,2,1,1,8,4,2
121,121,C1_Conv_2a_1x1,1,11,46,4,7,46,0,5,3,0,1,8,4,2
121,121,C1_Conv_2a_1x1,1,11,47,5,7,47,0,5,3,1,1,8,4,2
121,121,C1_Conv_2a_1x1,1,15,48,6,7,48,0,6,0,0,1,8,4,2
121,121,C1_Conv_2a_1x1,1,15,49,7,7,49,0,6,0,1,1,8,4,2
121,121,C1_Conv_2a_1x1,1,15,50,6,6,50,0,6,1,0,1,8,4,2
121,121,C1_Conv_2a_1x1,1,15,51,7,6,51,0,6,1,1,1,8,4,2
121,121,C1_Conv_2a_1x1,1,14,52,6,5,52,0,6,2,0,1,8,4,2
121,121,C1_Conv_2a_1x1,1,14,53,7,5,53,0,6,2,1,1,8,4,2
121,121,C1_Conv_2a_1x1,1,14,54,6,4,54,0,6,3,0,1,8,4,2
121,121,C1_Conv_2a_1x1,1,14,55,7,4,55,0,6,3,1,1,8,4,2
121,121,C1_Conv_2a_1x1,1,13,56,6,3,56,0,7,0,0,1,8,4,2
121,121,C1_Conv_2a_1x1,1,13,57,7,3,57,0,7,0,1,1,8,4,2
121,121,C1_Conv_2a_1x1,1,13,58,6,2,58,0,7,1,0,1,8,4,2
121,121,C1_Conv_2a_1x1,1,13,59,7,2,59,0,7,1,1,1,8,4,2
121,121,C1_Conv_2a_1x1,1,12,60,6,1,60,0,7,2,0,1,8,4,2
121,121,C1_Conv_2a_1x1,1,12,61,7,1,61,0,7,2,1,1,8,4,2
121,121,C1_Conv_2a_1x1,1,12,62,6,0,62,0,7,3,0,1,8,4,2
121,121,C1_Conv_2a_1x1,1,12,63,7,0,63,0,7,3,1,1,8,4,2
122,122,C1_Conv_2b_1x3,1,0,0,0,0,0,0,0,0,0,1,8,4,2
122,122,C1_Conv_2b_1x3,1,0,1,1,0,1,0,0,0,1,1,8,4,2
122,122,C1_Conv_2b_1x3,1,0,2,0,1,2,0,0,1,0,1,8,4,2
122,122,C1_Conv_2b_1x3,1,0,3,1,1,3,0,0,1,1,1,8,4,2
122,122,C1_Conv_2b_1x3,1,1,4,0,2,4,0,0,2,0,1,8,4,2
122,122,C1_Conv_2b_1x3,1,1,5,1,2,5,0,0,2,1,1,8,4,2
122,122,C1_Conv_2b_1x3,1,1,6,0,3,6,0,0,3,0,1,8,4,2
122,122,C1_Conv_2b_1x3,1,1,7,1,3,7,0,0,3,1,1,8,4,2
122,122,C1_Conv_2b_1x3,1,2,8,0,4,8,0,1,0,0,1,8,4,2
122,122,C1_Conv_2b_1x3,1,2,9,1,4,9,0,1,0,1,1,8,4,2
122,122,C1_Conv_2b_1x3,1,2,10,0,5,10,0,1,1,0,1,8,4,2
122,122,C1_Conv_2b_1x3,1,2,11,1,5,11,0,1,1,1,1,8,4,2
122,122,C1_Conv_2b_1x3,1,3,12,0,6,12,0,1,2,0,1,8,4,2
122,122,C1_Conv_2b_1x3,1,3,13,1,6,13,0,1,2,1,1,8,4,2
122,122,C1_Conv_2b_1x3,1,3,14,0,7,14,0,1,3,0,1,8,4,2
122,122,C1_Conv_2b_1x3,1,3,15,1,7,15,0,1,3,1,1,8,4,2
122,122,C1_Conv_2b_1x3,1,7,16,2,7,16,0,2,0,0,1,8,4,2
122,122,C1_Conv_2b_1x3,1,7,17,3,7,17,0,2,0,1,1,8,4,2
122,122,C1_Conv_2b_1x3,1,7,18,2,6,18,0,2,1,0,1,8,4,2
122,122,C1_Conv_2b_1x3,1,7,19,3,6,19,0,2,1,1,1,8,4,2
122,122,C1_Conv_2b_1x3,1,6,20,2,5,20,0,2,2,0,1,8,4,2
122,122,C1_Conv_2b_1x3,1,6,21,3,5,21,0,2,2,1,1,8,4,2
122,122,C1_Conv_2b_1x3,1,6,22,2,4,22,0,2,3,0,1,8,4,2
122,122,C1_Conv_2b_1x3,1,6,23,3,4,23,0,2,3,1,1,8,4,2
122,122,C1_Conv_2b_1x3,1,5,24,2,3,24,0,3,0,0,1,8,4,2
122,122,C1_Conv_2b_1x3,1,5,25,3,3,25,0,3,0,1,1,8,4,2
122,122,C1_Conv_2b_1x3,1,5,26,2,2,26,0,3,1,0,1,8,4,2
122,122,C1_Conv_2b_1x3,1,5,27,3,2,27,0,3,1,1,1,8,4,2
122,122,C1_Conv_2b_1x3,1,4,28,2,1,28,0,3,2,0,1,8,4,2
122,122,C1_Conv_2b_1x3,1,4,29,3,1,29,0,3,2,1,1,8,4,2
122,122,C1_Conv_2b_1x3,1,4,30,2,0,30,0,3,3,0,1,8,4,2
122,122,C1_Conv_2b_1x3,1,4,31,3,0,31,0,3,3,1,1,8,4,2
122,122,C1_Conv_2b_1x3,1,8,32,4,0,32,0,4,0,0,1,8,4,2
122,122,C1_Conv_2b_1x3,1,8,33,5,0,33,0,4,0,1,1,8,4,2
122,122,C1_Conv_2b_1x3,1,8,34,4,1,34,0,4,1,0,1,8,4,2
122,122,C1_Conv_2b_1x3,1,8,35,5,1,35,0,4,1,1,1,8,4,2
122,122,C1_Conv_2b_1x3,1,9,36,4,2,36,0,4,2,0,1,8,4,2
122,122,C1_Conv_2b_1x3,1,9,37,5,2,37,0,4,2,1,1,8,4,2
122,122,C1_Conv_2b_1x3,1,9,38,4,3,38,0,4,3,0,1,8,4,2
122,122,C1_Conv_2b_1x3,1,9,39,5,3,39,0,4,3,1,1,8,4,2
122,122,C1_Conv_2b_1x3,1,10,40,4,4,40,0,5,0,0,1,8,4,2
122,122,C1_Conv_2b_1x3,1,10,41,5,4,41,0,5,0,1,1,8,4,2
122,122,C1_Conv_2b_1x3,1,10,42,4,5,42,0,5,1,0,1,8,4,2
122,122,C1_Conv_2b_1x3,1,10,43,5,5,43,0,5,1,1,1,8,4,2
122,122,C1_Conv_2b_1x3,1,11,44,4,6,44,0,5,2,0,1,8,4,2
122,122,C1_Conv_2b_1x3,1,11,45,5,6,45,0,5,2,1,1,8,4,2
122,122,C1_Conv_2b_1x3,1,11,46,4,7,46,0,5,3,0,1,8,4,2
122,122,C1_Conv_2b_1x3,1,11,47,5,7,47,0,5,3,1,1,8,4,2
122,122,C1_Conv_2b_1x3,1,15,48,6,7,48,0,6,0,0,1,8,4,2
122,122,C1_Conv_2b_1x3,1,15,49,7,7,49,0,6,0,1,1,8,4,2
122,122,C1_Conv_2b_1x3,1,15,50,6,6,50,0,6,1,0,1,8,4,2
122,122,C1_Conv_2b_1x3,1,15,51,7,6,51,0,6,1,1,1,8,4,2
122,122,C1_Conv_2b_1x3,1,14,52,6,5,52,0,6,2,0,1,8,4,2
122,122,C1_Conv_2b_1x3,1,14,53,7,5,53,0,6,2,1,1,8,4,2
122,122,C1_Conv_2b_1x3,1,14,54,6,4,54,0,6,3,0,1,8,4,2
122,122,C1_Conv_2b_1x3,1,14,55,7,4,55,0,6,3,1,1,8,4,2
122,122,C1_Conv_2b_1x3,1,13,56,6,3,56,0,7,0,0,1,8,4,2
122,122,C1_Conv_2b_1x3,1,13,57,7,3,57,0,7,0,1,1,8,4,2
122,122,C1_Conv_2b_1x3,1,13,58,6,2,58,0,7,1,0,1,8,4,2
122,122,C1_Conv_2b_1x3,1,13,59,7,2,59,0,7,1,1,1,8,4,2
122,122,C1_Conv_2b_1x3,1,12,60,6,1,60,0,7,2,0,1,8,4,2
122,122,C1_Conv_2b_1x3,1,12,61,7,1,61,0,7,2,1,1,8,4,2
122,122,C1_Conv_2b_1x3,1,12,62,6,0,62,0,7,3,0,1,8,4,2
122,122,C1_Conv_2b_1x3,1,12,63,7,0,63,0,7,3,1,1,8,4,2
123,123,C1_Conv_2c_3x1,1,0,0,0,0,0,0,0,0,0,1,8,4,2
123,123,C1_Conv_2c_3x1,1,0,1,1,0,1,0,0,0,1,1,8,4,2
123,123,C1_Conv_2c_3x1,1,0,2,0,1,2,0,0,1,0,1,8,4,2
123,123,C1_Conv_2c_3x1,1,0,3,1,1,3,0,0,1,1,1,8,4,2
123,123,C1_Conv_2c_3x1,1,1,4,0,2,4,0,0,2,0,1,8,4,2
123,123,C1_Conv_2c_3x1,1,1,5,1,2,5,0,0,2,1,1,8,4,2
123,123,C1_Conv_2c_3x1,1,1,6,0,3,6,0,0,3,0,1,8,4,2
123,123,C1_Conv_2c_3x1,1,1,7,1,3,7,0,0,3,1,1,8,4,2
123,123,C1_Conv_2c_3x1,1,2,8,0,4,8,0,1,0,0,1,8,4,2
123,123,C1_Conv_2c_3x1,1,2,9,1,4,9,0,1,0,1,1,8,4,2
123,123,C1_Conv_2c_3x1,1,2,10,0,5,10,0,1,1,0,1,8,4,2
123,123,C1_Conv_2c_3x1,1,2,11,1,5,11,0,1,1,1,1,8,4,2
123,123,C1_Conv_2c_3x1,1,3,12,0,6,12,0,1,2,0,1,8,4,2
123,123,C1_Conv_2c_3x1,1,3,13,1,6,13,0,1,2,1,1,8,4,2
123,123,C1_Conv_2c_3x1,1,3,14,0,7,14,0,1,3,0,1,8,4,2
123,123,C1_Conv_2c_3x1,1,3,15,1,7,15,0,1,3,1,1,8,4,2
123,123,C1_Conv_2c_3x1,1,7,16,2,7,16,0,2,0,0,1,8,4,2
123,123,C1_Conv_2c_3x1,1,7,17,3,7,17,0,2,0,1,1,8,4,2
123,123,C1_Conv_2c_3x1,1,7,18,2,6,18,0,2,1,0,1,8,4,2
123,123,C1_Conv_2c_3x1,1,7,19,3,6,19,0,2,1,1,1,8,4,2
123,123,C1_Conv_2c_3x1,1,6,20,2,5,20,0,2,2,0,1,8,4,2
123,123,C1_Conv_2c_3x1,1,6,21,3,5,21,0,2,2,1,1,8,4,2
123,123,C1_Conv_2c_3x1,1,6,22,2,4,22,0,2,3,0,1,8,4,2
123,123,C1_Conv_2c_3x1,1,6,23,3,4,23,0,2,3,1,1,8,4,2
123,123,C1_Conv_2c_3x1,1,5,24,2,3,24,0,3,0,0,1,8,4,2
123,123,C1_Conv_2c_3x1,1,5,25,3,3,25,0,3,0,1,1,8,4,2
123,123,C1_Conv_2c_3x1,1,5,26,2,2,26,0,3,1,0,1,8,4,2
123,123,C1_Conv_2c_3x1,1,5,27,3,2,27,0,3,1,1,1,8,4,2
123,123,C1_Conv_2c_3x1,1,4,28,2,1,28,0,3,2,0,1,8,4,2
123,123,C1_Conv_2c_3x1,1,4,29,3,1,29,0,3,2,1,1,8,4,2
123,123,C1_Conv_2c_3x1,1,4,30,2,0,30,0,3,3,0,1,8,4,2
123,123,C1_Conv_2c_3x1,1,4,31,3,0,31,0,3,3,1,1,8,4,2
123,123,C1_Conv_2c_3x1,1,8,32,4,0,32,0,4,0,0,1,8,4,2
123,123,C1_Conv_2c_3x1,1,8,33,5,0,33,0,4,0,1,1,8,4,2
123,123,C1_Conv_2c_3x1,1,8,34,4,1,34,0,4,1,0,1,8,4,2
123,123,C1_Conv_2c_3x1,1,8,35,5,1,35,0,4,1,1,1,8,4,2
123,123,C1_Conv_2c_3x1,1,9,36,4,2,36,0,4,2,0,1,8,4,2
123,123,C1_Conv_2c_3x1,1,9,37,5,2,37,0,4,2,1,1,8,4,2
123,123,C1_Conv_2c_3x1,1,9,38,4,3,38,0,4,3,0,1,8,4,2
123,123,C1_Conv_2c_3x1,1,9,39,5,3,39,0,4,3,1,1,8,4,2
123,123,C1_Conv_2c_3x1,1,10,40,4,4,40,0,5,0,0,1,8,4,2
123,123,C1_Conv_2c_3x1,1,10,41,5,4,41,0,5,0,1,1,8,4,2
123,123,C1_Conv_2c_3x1,1,10,42,4,5,42,0,5,1,0,1,8,4,2
123,123,C1_Conv_2c_3x1,1,10,43,5,5,43,0,5,1,1,1,8,4,2
123,123,C1_Conv_2c_3x1,1,11,44,4,6,44,0,5,2,0,1,8,4,2
123,123,C1_Conv_2c_3x1,1,11,45,5,6,45,0,5,2,1,1,8,4,2
123,123,C1_Conv_2c_3x1,1,11,46,4,7,46,0,5,3,0,1,8,4,2
123,123,C1_Conv_2c_3x1,1,11,47,5,7,47,0,5,3,1,1,8,4,2
123,123,C1_Conv_2c_3x1,1,15,48,6,7,48,0,6,0,0,1,8,4,2
123,123,C1_Conv_2c_3x1,1,15,49,7,7,49,0,6,0,1,1,8,4,2
123,123,C1_Conv_2c_3x1,1,15,50,6,6,50,0,6,1,0,1,8,4,2
123,123,C1_Conv_2c_3x1,1,15,51,7,6,51,0,6,1,1,1,8,4,2
123,123,C1_Conv_2c_3x1,1,14,52,6,5,52,0,6,2,0,1,8,4,2
123,123,C1_Conv_2c_3x1,1,14,53,7,5,53,0,6,2,1,1,8,4,2
123,123,C1_Conv_2c_3x1,1,14,54,6,4,54,0,6,3,0,1,8,4,2
123,123,C1_Conv_2c_3x1,1,14,55,7,4,55,0,6,3,1,1,8,4,2
123,123,C1_Conv_2c_3x1,1,13,56,6,3,56,0,7,0,0,1,8,4,2
123,123,C1_Conv_2c_3x1,1,13,57,7,3,57,0,7,0,1,1,8,4,2
123,123,C1_Conv_2c_3x1,1,13,58,6,2,58,0,7,1,0,1,8,4,2
123,123,C1_Conv_2c_3x1,1,13,59,7,2,59,0,7,1,1,1,8,4,2
123,123,C1_Conv_2c_3x1,1,12,60,6,1,60,0,7,2,0,1,8,4,2
123,123,C1_Conv_2c_3x1,1,12,61,7,1,61,0,7,2,1,1,8,4,2
123,123,C1_Conv_2c_3x1,1,12,62,6,0,62,0,7,3,0,1,8,4,2
123,123,C1_Conv_2c_3x1,1,12,63,7,0,63,0,7,3,1,1,8,4,2
124,124,C1_Conv_3_1x1,1,0,0,0,0,0,0,0,0,0,1,8,2,4
124,124,C1_Conv_3_1x1,1,0,1,1,0,1,0,0,0,1,1,8,2,4
124,124,C1_Conv_3_1x1,1,0,2,0,1,2,0,0,0,2,1,8,2,4
124,124,C1_Conv_3_1x1,1,0,3,1,1,3,0,0,0,3,1,8,2,4
124,124,C1_Conv_3_1x1,1,1,4,0,2,4,0,0,1,0,1,8,2,4
124,124,C1_Conv_3_1x1,1,1,5,1,2,5,0,0,1,1,1,8,2,4
124,124,C1_Conv_3_1x1,1,1,6,0,3,6,0,0,1,2,1,8,2,4
124,124,C1_Conv_3_1x1,1,1,7,1,3,7,0,0,1,3,1,8,2,4
124,124,C1_Conv_3_1x1,1,2,8,0,4,8,0,1,0,0,1,8,2,4
124,124,C1_Conv_3_1x1,1,2,9,1,4,9,0,1,0,1,1,8,2,4
124,124,C1_Conv_3_1x1,1,2,10,0,5,10,0,1,0,2,1,8,2,4
124,124,C1_Conv_3_1x1,1,2,11,1,5,11,0,1,0,3,1,8,2,4
124,124,C1_Conv_3_1x1,1,3,12,0,6,12,0,1,1,0,1,8,2,4
124,124,C1_Conv_3_1x1,1,3,13,1,6,13,0,1,1,1,1,8,2,4
124,124,C1_Conv_3_1x1,1,3,14,0,7,14,0,1,1,2,1,8,2,4
124,124,C1_Conv_3_1x1,1,3,15,1,7,15,0,1,1,3,1,8,2,4
124,124,C1_Conv_3_1x1,1,7,16,2,7,16,0,2,0,0,1,8,2,4
124,124,C1_Conv_3_1x1,1,7,17,3,7,17,0,2,0,1,1,8,2,4
124,124,C1_Conv_3_1x1,1,7,18,2,6,18,0,2,0,2,1,8,2,4
124,124,C1_Conv_3_1x1,1,7,19,3,6,19,0,2,0,3,1,8,2,4
124,124,C1_Conv_3_1x1,1,6,20,2,5,20,0,2,1,0,1,8,2,4
124,124,C1_Conv_3_1x1,1,6,21,3,5,21,0,2,1,1,1,8,2,4
124,124,C1_Conv_3_1x1,1,6,22,2,4,22,0,2,1,2,1,8,2,4
124,124,C1_Conv_3_1x1,1,6,23,3,4,23,0,2,1,3,1,8,2,4
124,124,C1_Conv_3_1x1,1,5,24,2,3,24,0,3,0,0,1,8,2,4
124,124,C1_Conv_3_1x1,1,5,25,3,3,25,0,3,0,1,1,8,2,4
124,124,C1_Conv_3_1x1,1,5,26,2,2,26,0,3,0,2,1,8,2,4
124,124,C1_Conv_3_1x1,1,5,27,3,2,27,0,3,0,3,1,8,2,4
124,124,C1_Conv_3_1x1,1,4,28,2,1,28,0,3,1,0,1,8,2,4
124,124,C1_Conv_3_1x1,1,4,29,3,1,29,0,3,1,1,1,8,2,4
124,124,C1_Conv_3_1x1,1,4,30,2,0,30,0,3,1,2,1,8,2,4
124,124,C1_Conv_3_1x1,1,4,31,3,0,31,0,3,1,3,1,8,2,4
124,124,C1_Conv_3_1x1,1,8,32,4,0,32,0,4,0,0,1,8,2,4
124,124,C1_Conv_3_1x1,1,8,33,5,0,33,0,4,0,1,1,8,2,4
124,124,C1_Conv_3_1x1,1,8,34,4,1,34,0,4,0,2,1,8,2,4
124,124,C1_Conv_3_1x1,1,8,35,5,1,35,0,4,0,3,1,8,2,4
124,124,C1_Conv_3_1x1,1,9,36,4,2,36,0,4,1,0,1,8,2,4
124,124,C1_Conv_3_1x1,1,9,37,5,2,37,0,4,1,1,1,8,2,4
124,124,C1_Conv_3_1x1,1,9,38,4,3,38,0,4,1,2,1,8,2,4
124,124,C1_Conv_3_1x1,1,9,39,5,3,39,0,4,1,3,1,8,2,4
124,124,C1_Conv_3_1x1,1,10,40,4,4,40,0,5,0,0,1,8,2,4
124,124,C1_Conv_3_1x1,1,10,41,5,4,41,0,5,0,1,1,8,2,4
124,124,C1_Conv_3_1x1,1,10,42,4,5,42,0,5,0,2,1,8,2,4
124,124,C1_Conv_3_1x1,1,10,43,5,5,43,0,5,0,3,1,8,2,4
124,124,C1_Conv_3_1x1,1,11,44,4,6,44,0,5,1,0,1,8,2,4
124,124,C1_Conv_3_1x1,1,11,45,5,6,45,0,5,1,1,1,8,2,4
124,124,C1_Conv_3_1x1,1,11,46,4,7,46,0,5,1,2,1,8,2,4
124,124,C1_Conv_3_1x1,1,11,47,5,7,47,0,5,1,3,1,8,2,4
124,124,C1_Conv_3_1x1,1,15,48,6,7,48,0,6,0,0,1,8,2,4
124,124,C1_Conv_3_1x1,1,15,49,7,7,49,0,6,0,1,1,8,2,4
124,124,C1_Conv_3_1x1,1,15,50,6,6,50,0,6,0,2,1,8,2,4
124,124,C1_Conv_3_1x1,1,15,51,7,6,51,0,6,0,3,1,8,2,4
124,124,C1_Conv_3_1x1,1,14,52,6,5,52,0,6,1,0,1,8,2,4
124,124,C1_Conv_3_1x1,1,14,53,7,5,53,0,6,1,1,1,8,2,4
124,124,C1_Conv_3_1x1,1,14,54,6,4,54,0,6,1,2,1,8,2,4
124,124,C1_Conv_3_1x1,1,14,55,7,4,55,0,6,1,3,1,8,2,4
124,124,C1_Conv_3_1x1,1,13,56,6,3,56,0,7,0,0,1,8,2,4
124,124,C1_Conv_3_1x1,1,13,57,7,3,57,0,7,0,1,1,8,2,4
124,124,C1_Conv_3_1x1,1,13,58,6,2,58,0,7,0,2,1,8,2,4
124,124,C1_Conv_3_1x1,1,13,59,7,2,59,0,7,0,3,1,8,2,4
124,124,C1_Conv_3_1x1,1,12,60,6,1,60,0,7,1,0,1,8,2,4
124,124,C1_Conv_3_1x1,1,12,61,7,1,61,0,7,1,1,1,8,2,4
124,124,C1_Conv_3_1x1,1,12,62,6,0,62,0,7,1,2,1,8,2,4
124,124,C1_Conv_3_1x1,1,12,63,7,0,63,0,7,1,3,1,8,2,4
125,125,C1_Eltwise,1,0,0,0,0,0,0,0,0,0,1,8,2,4
125,125,C1_Eltwise,1,0,1,1,0,1,0,0,0,1,1,8,2,4
125,125,C1_Eltwise,1,0,2,0,1,2,0,0,0,2,1,8,2,4
125,125,C1_Eltwise,1,0,3,1,1,3,0,0,0,3,1,8,2,4
125,125,C1_Eltwise,1,1,4,0,2,4,0,0,1,0,1,8,2,4
125,125,C1_Eltwise,1,1,5,1,2,5,0,0,1,1,1,8,2,4
125,125,C1_Eltwise,1,1,6,0,3,6,0,0,1,2,1,8,2,4
125,125,C1_Eltwise,1,1,7,1,3,7,0,0,1,3,1,8,2,4
125,125,C1_Eltwise,1,2,8,0,4,8,0,1,0,0,1,8,2,4
125,125,C1_Eltwise,1,2,9,1,4,9,0,1,0,1,1,8,2,4
125,125,C1_Eltwise,1,2,10,0,5,10,0,1,0,2,1,8,2,4
125,125,C1_Eltwise,1,2,11,1,5,11,0,1,0,3,1,8,2,4
125,125,C1_Eltwise,1,3,12,0,6,12,0,1,1,0,1,8,2,4
125,125,C1_Eltwise,1,3,13,1,6,13,0,1,1,1,1,8,2,4
125,125,C1_Eltwise,1,3,14,0,7,14,0,1,1,2,1,8,2,4
125,125,C1_Eltwise,1,3,15,1,7,15,0,1,1,3,1,8,2,4
125,125,C1_Eltwise,1,7,16,2,7,16,0,2,0,0,1,8,2,4
125,125,C1_Eltwise,1,7,17,3,7,17,0,2,0,1,1,8,2,4
125,125,C1_Eltwise,1,7,18,2,6,18,0,2,0,2,1,8,2,4
125,125,C1_Eltwise,1,7,19,3,6,19,0,2,0,3,1,8,2,4
125,125,C1_Eltwise,1,6,20,2,5,20,0,2,1,0,1,8,2,4
125,125,C1_Eltwise,1,6,21,3,5,21,0,2,1,1,1,8,2,4
125,125,C1_Eltwise,1,6,22,2,4,22,0,2,1,2,1,8,2,4
125,125,C1_Eltwise,1,6,23,3,4,23,0,2,1,3,1,8,2,4
125,125,C1_Eltwise,1,5,24,2,3,24,0,3,0,0,1,8,2,4
125,125,C1_Eltwise,1,5,25,3,3,25,0,3,0,1,1,8,2,4
125,125,C1_Eltwise,1,5,26,2,2,26,0,3,0,2,1,8,2,4
125,125,C1_Eltwise,1,5,27,3,2,27,0,3,0,3,1,8,2,4
125,125,C1_Eltwise,1,4,28,2,1,28,0,3,1,0,1,8,2,4
125,125,C1_Eltwise,1,4,29,3,1,29,0,3,1,1,1,8,2,4
125,125,C1_Eltwise,1,4,30,2,0,30,0,3,1,2,1,8,2,4
125,125,C1_Eltwise,1,4,31,3,0,31,0,3,1,3,1,8,2,4
125,125,C1_Eltwise,1,8,32,4,0,32,0,4,0,0,1,8,2,4
125,125,C1_Eltwise,1,8,33,5,0,33,0,4,0,1,1,8,2,4
125,125,C1_Eltwise,1,8,34,4,1,34,0,4,0,2,1,8,2,4
125,125,C1_Eltwise,1,8,35,5,1,35,0,4,0,3,1,8,2,4
125,125,C1_Eltwise,1,9,36,4,2,36,0,4,1,0,1,8,2,4
125,125,C1_Eltwise,1,9,37,5,2,37,0,4,1,1,1,8,2,4
125,125,C1_Eltwise,1,9,38,4,3,38,0,4,1,2,1,8,2,4
125,125,C1_Eltwise,1,9,39,5,3,39,0,4,1,3,1,8,2,4
125,125,C1_Eltwise,1,10,40,4,4,40,0,5,0,0,1,8,2,4
125,125,C1_Eltwise,1,10,41,5,4,41,0,5,0,1,1,8,2,4
125,125,C1_Eltwise,1,10,42,4,5,42,0,5,0,2,1,8,2,4
125,125,C1_Eltwise,1,10,43,5,5,43,0,5,0,3,1,8,2,4
125,125,C1_Eltwise,1,11,44,4,6,44,0,5,1,0,1,8,2,4
125,125,C1_Eltwise,1,11,45,5,6,45,0,5,1,1,1,8,2,4
125,125,C1_Eltwise,1,11,46,4,7,46,0,5,1,2,1,8,2,4
125,125,C1_Eltwise,1,11,47,5,7,47,0,5,1,3,1,8,2,4
125,125,C1_Eltwise,1,15,48,6,7,48,0,6,0,0,1,8,2,4
125,125,C1_Eltwise,1,15,49,7,7,49,0,6,0,1,1,8,2,4
125,125,C1_Eltwise,1,15,50,6,6,50,0,6,0,2,1,8,2,4
125,125,C1_Eltwise,1,15,51,7,6,51,0,6,0,3,1,8,2,4
125,125,C1_Eltwise,1,14,52,6,5,52,0,6,1,0,1,8,2,4
125,125,C1_Eltwise,1,14,53,7,5,53,0,6,1,1,1,8,2,4
125,125,C1_Eltwise,1,14,54,6,4,54,0,6,1,2,1,8,2,4
125,125,C1_Eltwise,1,14,55,7,4,55,0,6,1,3,1,8,2,4
125,125,C1_Eltwise,1,13,56,6,3,56,0,7,0,0,1,8,2,4
125,125,C1_Eltwise,1,13,57,7,3,57,0,7,0,1,1,8,2,4
125,125,C1_Eltwise,1,13,58,6,2,58,0,7,0,2,1,8,2,4
125,125,C1_Eltwise,1,13,59,7,2,59,0,7,0,3,1,8,2,4
125,125,C1_Eltwise,1,12,60,6,1,60,0,7,1,0,1,8,2,4
125,125,C1_Eltwise,1,12,61,7,1,61,0,7,1,1,1,8,2,4
125,125,C1_Eltwise,1,12,62,6,0,62,0,7,1,2,1,8,2,4
125,125,C1_Eltwise,1,12,63,7,0,63,0,7,1,3,1,8,2,4
126,126,C2_Conv_1a_1x1,1,0,0,0,0,0,0,0,0,0,1,8,4,2
126,126,C2_Conv_1a_1x1,1,0,1,1,0,1,0,0,0,1,1,8,4,2
126,126,C2_Conv_1a_1x1,1,0,2,0,1,2,0,0,1,0,1,8,4,2
126,126,C2_Conv_1a_1x1,1,0,3,1,1,3,0,0,1,1,1,8,4,2
126,126,C2_Conv_1a_1x1,1,1,4,0,2,4,0,0,2,0,1,8,4,2
126,126,C2_Conv_1a_1x1,1,1,5,1,2,5,0,0,2,1,1,8,4,2
126,126,C2_Conv_1a_1x1,1,1,6,0,3,6,0,0,3,0,1,8,4,2
126,126,C2_Conv_1a_1x1,1,1,7,1,3,7,0,0,3,1,1,8,4,2
126,126,C2_Conv_1a_1x1,1,2,8,0,4,8,0,1,0,0,1,8,4,2
126,126,C2_Conv_1a_1x1,1,2,9,1,4,9,0,1,0,1,1,8,4,2
126,126,C2_Conv_1a_1x1,1,2,10,0,5,10,0,1,1,0,1,8,4,2
126,126,C2_Conv_1a_1x1,1,2,11,1,5,11,0,1,1,1,1,8,4,2
126,126,C2_Conv_1a_1x1,1,3,12,0,6,12,0,1,2,0,1,8,4,2
126,126,C2_Conv_1a_1x1,1,3,13,1,6,13,0,1,2,1,1,8,4,2
126,126,C2_Conv_1a_1x1,1,3,14,0,7,14,0,1,3,0,1,8,4,2
126,126,C2_Conv_1a_1x1,1,3,15,1,7,15,0,1,3,1,1,8,4,2
126,126,C2_Conv_1a_1x1,1,7,16,2,7,16,0,2,0,0,1,8,4,2
126,126,C2_Conv_1a_1x1,1,7,17,3,7,17,0,2,0,1,1,8,4,2
126,126,C2_Conv_1a_1x1,1,7,18,2,6,18,0,2,1,0,1,8,4,2
126,126,C2_Conv_1a_1x1,1,7,19,3,6,19,0,2,1,1,1,8,4,2
126,126,C2_Conv_1a_1x1,1,6,20,2,5,20,0,2,2,0,1,8,4,2
126,126,C2_Conv_1a_1x1,1,6,21,3,5,21,0,2,2,1,1,8,4,2
126,126,C2_Conv_1a_1x1,1,6,22,2,4,22,0,2,3,0,1,8,4,2
126,126,C2_Conv_1a_1x1,1,6,23,3,4,23,0,2,3,1,1,8,4,2
126,126,C2_Conv_1a_1x1,1,5,24,2,3,24,0,3,0,0,1,8,4,2
126,126,C2_Conv_1a_1x1,1,5,25,3,3,25,0,3,0,1,1,8,4,2
126,126,C2_Conv_1a_1x1,1,5,26,2,2,26,0,3,1,0,1,8,4,2
126,126,C2_Conv_1a_1x1,1,5,27,3,2,27,0,3,1,1,1,8,4,2
126,126,C2_Conv_1a_1x1,1,4,28,2,1,28,0,3,2,0,1,8,4,2
126,126,C2_Conv_1a_1x1,1,4,29,3,1,29,0,3,2,1,1,8,4,2
126,126,C2_Conv_1a_1x1,1,4,30,2,0,30,0,3,3,0,1,8,4,2
126,126,C2_Conv_1a_1x1,1,4,31,3,0,31,0,3,3,1,1,8,4,2
126,126,C2_Conv_1a_1x1,1,8,32,4,0,32,0,4,0,0,1,8,4,2
126,126,C2_Conv_1a_1x1,1,8,33,5,0,33,0,4,0,1,1,8,4,2
126,126,C2_Conv_1a_1x1,1,8,34,4,1,34,0,4,1,0,1,8,4,2
126,126,C2_Conv_1a_1x1,1,8,35,5,1,35,0,4,1,1,1,8,4,2
126,126,C2_Conv_1a_1x1,1,9,36,4,2,36,0,4,2,0,1,8,4,2
126,126,C2_Conv_1a_1x1,1,9,37,5,2,37,0,4,2,1,1,8,4,2
126,126,C2_Conv_1a_1x1,1,9,38,4,3,38,0,4,3,0,1,8,4,2
126,126,C2_Conv_1a_1x1,1,9,39,5,3,39,0,4,3,1,1,8,4,2
126,126,C2_Conv_1a_1x1,1,10,40,4,4,40,0,5,0,0,1,8,4,2
126,126,C2_Conv_1a_1x1,1,10,41,5,4,41,0,5,0,1,1,8,4,2
126,126,C2_Conv_1a_1x1,1,10,42,4,5,42,0,5,1,0,1,8,4,2
126,126,C2_Conv_1a_1x1,1,10,43,5,5,43,0,5,1,1,1,8,4,2
126,126,C2_Conv_1a_1x1,1,11,44,4,6,44,0,5,2,0,1,8,4,2
126,126,C2_Conv_1a_1x1,1,11,45,5,6,45,0,5,2,1,1,8,4,2
126,126,C2_Conv_1a_1x1,1,11,46,4,7,46,0,5,3,0,1,8,4,2
126,126,C2_Conv_1a_1x1,1,11,47,5,7,47,0,5,3,1,1,8,4,2
126,126,C2_Conv_1a_1x1,1,15,48,6,7,48,0,6,0,0,1,8,4,2
126,126,C2_Conv_1a_1x1,1,15,49,7,7,49,0,6,0,1,1,8,4,2
126,126,C2_Conv_1a_1x1,1,15,50,6,6,50,0,6,1,0,1,8,4,2
126,126,C2_Conv_1a_1x1,1,15,51,7,6,51,0,6,1,1,1,8,4,2
126,126,C2_Conv_1a_1x1,1,14,52,6,5,52,0,6,2,0,1,8,4,2
126,126,C2_Conv_1a_1x1,1,14,53,7,5,53,0,6,2,1,1,8,4,2
126,126,C2_Conv_1a_1x1,1,14,54,6,4,54,0,6,3,0,1,8,4,2
126,126,C2_Conv_1a_1x1,1,14,55,7,4,55,0,6,3,1,1,8,4,2
126,126,C2_Conv_1a_1x1,1,13,56,6,3,56,0,7,0,0,1,8,4,2
126,126,C2_Conv_1a_1x1,1,13,57,7,3,57,0,7,0,1,1,8,4,2
126,126,C2_Conv_1a_1x1,1,13,58,6,2,58,0,7,1,0,1,8,4,2
126,126,C2_Conv_1a_1x1,1,13,59,7,2,59,0,7,1,1,1,8,4,2
126,126,C2_Conv_1a_1x1,1,12,60,6,1,60,0,7,2,0,1,8,4,2
126,126,C2_Conv_1a_1x1,1,12,61,7,1,61,0,7,2,1,1,8,4,2
126,126,C2_Conv_1a_1x1,1,12,62,6,0,62,0,7,3,0,1,8,4,2
126,126,C2_Conv_1a_1x1,1,12,63,7,0,63,0,7,3,1,1,8,4,2
127,127,C2_Conv_2a_1x1,1,0,0,0,0,0,0,0,0,0,1,8,4,2
127,127,C2_Conv_2a_1x1,1,0,1,1,0,1,0,0,0,1,1,8,4,2
127,127,C2_Conv_2a_1x1,1,0,2,0,1,2,0,0,1,0,1,8,4,2
127,127,C2_Conv_2a_1x1,1,0,3,1,1,3,0,0,1,1,1,8,4,2
127,127,C2_Conv_2a_1x1,1,1,4,0,2,4,0,0,2,0,1,8,4,2
127,127,C2_Conv_2a_1x1,1,1,5,1,2,5,0,0,2,1,1,8,4,2
127,127,C2_Conv_2a_1x1,1,1,6,0,3,6,0,0,3,0,1,8,4,2
127,127,C2_Conv_2a_1x1,1,1,7,1,3,7,0,0,3,1,1,8,4,2
127,127,C2_Conv_2a_1x1,1,2,8,0,4,8,0,1,0,0,1,8,4,2
127,127,C2_Conv_2a_1x1,1,2,9,1,4,9,0,1,0,1,1,8,4,2
127,127,C2_Conv_2a_1x1,1,2,10,0,5,10,0,1,1,0,1,8,4,2
127,127,C2_Conv_2a_1x1,1,2,11,1,5,11,0,1,1,1,1,8,4,2
127,127,C2_Conv_2a_1x1,1,3,12,0,6,12,0,1,2,0,1,8,4,2
127,127,C2_Conv_2a_1x1,1,3,13,1,6,13,0,1,2,1,1,8,4,2
127,127,C2_Conv_2a_1x1,1,3,14,0,7,14,0,1,3,0,1,8,4,2
127,127,C2_Conv_2a_1x1,1,3,15,1,7,15,0,1,3,1,1,8,4,2
127,127,C2_Conv_2a_1x1,1,7,16,2,7,16,0,2,0,0,1,8,4,2
127,127,C2_Conv_2a_1x1,1,7,17,3,7,17,0,2,0,1,1,8,4,2
127,127,C2_Conv_2a_1x1,1,7,18,2,6,18,0,2,1,0,1,8,4,2
127,127,C2_Conv_2a_1x1,1,7,19,3,6,19,0,2,1,1,1,8,4,2
127,127,C2_Conv_2a_1x1,1,6,20,2,5,20,0,2,2,0,1,8,4,2
127,127,C2_Conv_2a_1x1,1,6,21,3,5,21,0,2,2,1,1,8,4,2
127,127,C2_Conv_2a_1x1,1,6,22,2,4,22,0,2,3,0,1,8,4,2
127,127,C2_Conv_2a_1x1,1,6,23,3,4,23,0,2,3,1,1,8,4,2
127,127,C2_Conv_2a_1x1,1,5,24,2,3,24,0,3,0,0,1,8,4,2
127,127,C2_Conv_2a_1x1,1,5,25,3,3,25,0,3,0,1,1,8,4,2
127,127,C2_Conv_2a_1x1,1,5,26,2,2,26,0,3,1,0,1,8,4,2
127,127,C2_Conv_2a_1x1,1,5,27,3,2,27,0,3,1,1,1,8,4,2
127,127,C2_Conv_2a_1x1,1,4,28,2,1,28,0,3,2,0,1,8,4,2
127,127,C2_Conv_2a_1x1,1,4,29,3,1,29,0,3,2,1,1,8,4,2
127,127,C2_Conv_2a_1x1,1,4,30,2,0,30,0,3,3,0,1,8,4,2
127,127,C2_Conv_2a_1x1,1,4,31,3,0,31,0,3,3,1,1,8,4,2
127,127,C2_Conv_2a_1x1,1,8,32,4,0,32,0,4,0,0,1,8,4,2
127,127,C2_Conv_2a_1x1,1,8,33,5,0,33,0,4,0,1,1,8,4,2
127,127,C2_Conv_2a_1x1,1,8,34,4,1,34,0,4,1,0,1,8,4,2
127,127,C2_Conv_2a_1x1,1,8,35,5,1,35,0,4,1,1,1,8,4,2
127,127,C2_Conv_2a_1x1,1,9,36,4,2,36,0,4,2,0,1,8,4,2
127,127,C2_Conv_2a_1x1,1,9,37,5,2,37,0,4,2,1,1,8,4,2
127,127,C2_Conv_2a_1x1,1,9,38,4,3,38,0,4,3,0,1,8,4,2
127,127,C2_Conv_2a_1x1,1,9,39,5,3,39,0,4,3,1,1,8,4,2
127,127,C2_Conv_2a_1x1,1,10,40,4,4,40,0,5,0,0,1,8,4,2
127,127,C2_Conv_2a_1x1,1,10,41,5,4,41,0,5,0,1,1,8,4,2
127,127,C2_Conv_2a_1x1,1,10,42,4,5,42,0,5,1,0,1,8,4,2
127,127,C2_Conv_2a_1x1,1,10,43,5,5,43,0,5,1,1,1,8,4,2
127,127,C2_Conv_2a_1x1,1,11,44,4,6,44,0,5,2,0,1,8,4,2
127,127,C2_Conv_2a_1x1,1,11,45,5,6,45,0,5,2,1,1,8,4,2
127,127,C2_Conv_2a_1x1,1,11,46,4,7,46,0,5,3,0,1,8,4,2
127,127,C2_Conv_2a_1x1,1,11,47,5,7,47,0,5,3,1,1,8,4,2
127,127,C2_Conv_2a_1x1,1,15,48,6,7,48,0,6,0,0,1,8,4,2
127,127,C2_Conv_2a_1x1,1,15,49,7,7,49,0,6,0,1,1,8,4,2
127,127,C2_Conv_2a_1x1,1,15,50,6,6,50,0,6,1,0,1,8,4,2
127,127,C2_Conv_2a_1x1,1,15,51,7,6,51,0,6,1,1,1,8,4,2
127,127,C2_Conv_2a_1x1,1,14,52,6,5,52,0,6,2,0,1,8,4,2
127,127,C2_Conv_2a_1x1,1,14,53,7,5,53,0,6,2,1,1,8,4,2
127,127,C2_Conv_2a_1x1,1,14,54,6,4,54,0,6,3,0,1,8,4,2
127,127,C2_Conv_2a_1x1,1,14,55,7,4,55,0,6,3,1,1,8,4,2
127,127,C2_Conv_2a_1x1,1,13,56,6,3,56,0,7,0,0,1,8,4,2
127,127,C2_Conv_2a_1x1,1,13,57,7,3,57,0,7,0,1,1,8,4,2
127,127,C2_Conv_2a_1x1,1,13,58,6,2,58,0,7,1,0,1,8,4,2
127,127,C2_Conv_2a_1x1,1,13,59,7,2,59,0,7,1,1,1,8,4,2
127,127,C2_Conv_2a_1x1,1,12,60,6,1,60,0,7,2,0,1,8,4,2
127,127,C2_Conv_2a_1x1,1,12,61,7,1,61,0,7,2,1,1,8,4,2
127,127,C2_Conv_2a_1x1,1,12,62,6,0,62,0,7,3,0,1,8,4,2
127,127,C2_Conv_2a_1x1,1,12,63,7,0,63,0,7,3,1,1,8,4,2
128,128,C2_Conv_2b_1x3,1,0,0,0,0,0,0,0,0,0,1,8,4,2
128,128,C2_Conv_2b_1x3,1,0,1,1,0,1,0,0,0,1,1,8,4,2
128,128,C2_Conv_2b_1x3,1,0,2,0,1,2,0,0,1,0,1,8,4,2
128,128,C2_Conv_2b_1x3,1,0,3,1,1,3,0,0,1,1,1,8,4,2
128,128,C2_Conv_2b_1x3,1,1,4,0,2,4,0,0,2,0,1,8,4,2
128,128,C2_Conv_2b_1x3,1,1,5,1,2,5,0,0,2,1,1,8,4,2
128,128,C2_Conv_2b_1x3,1,1,6,0,3,6,0,0,3,0,1,8,4,2
128,128,C2_Conv_2b_1x3,1,1,7,1,3,7,0,0,3,1,1,8,4,2
128,128,C2_Conv_2b_1x3,1,2,8,0,4,8,0,1,0,0,1,8,4,2
128,128,C2_Conv_2b_1x3,1,2,9,1,4,9,0,1,0,1,1,8,4,2
128,128,C2_Conv_2b_1x3,1,2,10,0,5,10,0,1,1,0,1,8,4,2
128,128,C2_Conv_2b_1x3,1,2,11,1,5,11,0,1,1,1,1,8,4,2
128,128,C2_Conv_2b_1x3,1,3,12,0,6,12,0,1,2,0,1,8,4,2
128,128,C2_Conv_2b_1x3,1,3,13,1,6,13,0,1,2,1,1,8,4,2
128,128,C2_Conv_2b_1x3,1,3,14,0,7,14,0,1,3,0,1,8,4,2
128,128,C2_Conv_2b_1x3,1,3,15,1,7,15,0,1,3,1,1,8,4,2
128,128,C2_Conv_2b_1x3,1,7,16,2,7,16,0,2,0,0,1,8,4,2
128,128,C2_Conv_2b_1x3,1,7,17,3,7,17,0,2,0,1,1,8,4,2
128,128,C2_Conv_2b_1x3,1,7,18,2,6,18,0,2,1,0,1,8,4,2
128,128,C2_Conv_2b_1x3,1,7,19,3,6,19,0,2,1,1,1,8,4,2
128,128,C2_Conv_2b_1x3,1,6,20,2,5,20,0,2,2,0,1,8,4,2
128,128,C2_Conv_2b_1x3,1,6,21,3,5,21,0,2,2,1,1,8,4,2
128,128,C2_Conv_2b_1x3,1,6,22,2,4,22,0,2,3,0,1,8,4,2
128,128,C2_Conv_2b_1x3,1,6,23,3,4,23,0,2,3,1,1,8,4,2
128,128,C2_Conv_2b_1x3,1,5,24,2,3,24,0,3,0,0,1,8,4,2
128,128,C2_Conv_2b_1x3,1,5,25,3,3,25,0,3,0,1,1,8,4,2
128,128,C2_Conv_2b_1x3,1,5,26,2,2,26,0,3,1,0,1,8,4,2
128,128,C2_Conv_2b_1x3,1,5,27,3,2,27,0,3,1,1,1,8,4,2
128,128,C2_Conv_2b_1x3,1,4,28,2,1,28,0,3,2,0,1,8,4,2
128,128,C2_Conv_2b_1x3,1,4,29,3,1,29,0,3,2,1,1,8,4,2
128,128,C2_Conv_2b_1x3,1,4,30,2,0,30,0,3,3,0,1,8,4,2
128,128,C2_Conv_2b_1x3,1,4,31,3,0,31,0,3,3,1,1,8,4,2
128,128,C2_Conv_2b_1x3,1,8,32,4,0,32,0,4,0,0,1,8,4,2
128,128,C2_Conv_2b_1x3,1,8,33,5,0,33,0,4,0,1,1,8,4,2
128,128,C2_Conv_2b_1x3,1,8,34,4,1,34,0,4,1,0,1,8,4,2
128,128,C2_Conv_2b_1x3,1,8,35,5,1,35,0,4,1,1,1,8,4,2
128,128,C2_Conv_2b_1x3,1,9,36,4,2,36,0,4,2,0,1,8,4,2
128,128,C2_Conv_2b_1x3,1,9,37,5,2,37,0,4,2,1,1,8,4,2
128,128,C2_Conv_2b_1x3,1,9,38,4,3,38,0,4,3,0,1,8,4,2
128,128,C2_Conv_2b_1x3,1,9,39,5,3,39,0,4,3,1,1,8,4,2
128,128,C2_Conv_2b_1x3,1,10,40,4,4,40,0,5,0,0,1,8,4,2
128,128,C2_Conv_2b_1x3,1,10,41,5,4,41,0,5,0,1,1,8,4,2
128,128,C2_Conv_2b_1x3,1,10,42,4,5,42,0,5,1,0,1,8,4,2
128,128,C2_Conv_2b_1x3,1,10,43,5,5,43,0,5,1,1,1,8,4,2
128,128,C2_Conv_2b_1x3,1,11,44,4,6,44,0,5,2,0,1,8,4,2
128,128,C2_Conv_2b_1x3,1,11,45,5,6,45,0,5,2,1,1,8,4,2
128,128,C2_Conv_2b_1x3,1,11,46,4,7,46,0,5,3,0,1,8,4,2
128,128,C2_Conv_2b_1x3,1,11,47,5,7,47,0,5,3,1,1,8,4,2
128,128,C2_Conv_2b_1x3,1,15,48,6,7,48,0,6,0,0,1,8,4,2
128,128,C2_Conv_2b_1x3,1,15,49,7,7,49,0,6,0,1,1,8,4,2
128,128,C2_Conv_2b_1x3,1,15,50,6,6,50,0,6,1,0,1,8,4,2
128,128,C2_Conv_2b_1x3,1,15,51,7,6,51,0,6,1,1,1,8,4,2
128,128,C2_Conv_2b_1x3,1,14,52,6,5,52,0,6,2,0,1,8,4,2
128,128,C2_Conv_2b_1x3,1,14,53,7,5,53,0,6,2,1,1,8,4,2
128,128,C2_Conv_2b_1x3,1,14,54,6,4,54,0,6,3,0,1,8,4,2
128,128,C2_Conv_2b_1x3,1,14,55,7,4,55,0,6,3,1,1,8,4,2
128,128,C2_Conv_2b_1x3,1,13,56,6,3,56,0,7,0,0,1,8,4,2
128,128,C2_Conv_2b_1x3,1,13,57,7,3,57,0,7,0,1,1,8,4,2
128,128,C2_Conv_2b_1x3,1,13,58,6,2,58,0,7,1,0,1,8,4,2
128,128,C2_Conv_2b_1x3,1,13,59,7,2,59,0,7,1,1,1,8,4,2
128,128,C2_Conv_2b_1x3,1,12,60,6,1,60,0,7,2,0,1,8,4,2
128,128,C2_Conv_2b_1x3,1,12,61,7,1,61,0,7,2,1,1,8,4,2
128,128,C2_Conv_2b_1x3,1,12,62,6,0,62,0,7,3,0,1,8,4,2
128,128,C2_Conv_2b_1x3,1,12,63,7,0,63,0,7,3,1,1,8,4,2
129,129,C2_Conv_2c_3x1,1,0,0,0,0,0,0,0,0,0,1,8,4,2
129,129,C2_Conv_2c_3x1,1,0,1,1,0,1,0,0,0,1,1,8,4,2
129,129,C2_Conv_2c_3x1,1,0,2,0,1,2,0,0,1,0,1,8,4,2
129,129,C2_Conv_2c_3x1,1,0,3,1,1,3,0,0,1,1,1,8,4,2
129,129,C2_Conv_2c_3x1,1,1,4,0,2,4,0,0,2,0,1,8,4,2
129,129,C2_Conv_2c_3x1,1,1,5,1,2,5,0,0,2,1,1,8,4,2
129,129,C2_Conv_2c_3x1,1,1,6,0,3,6,0,0,3,0,1,8,4,2
129,129,C2_Conv_2c_3x1,1,1,7,1,3,7,0,0,3,1,1,8,4,2
129,129,C2_Conv_2c_3x1,1,2,8,0,4,8,0,1,0,0,1,8,4,2
129,129,C2_Conv_2c_3x1,1,2,9,1,4,9,0,1,0,1,1,8,4,2
129,129,C2_Conv_2c_3x1,1,2,10,0,5,10,0,1,1,0,1,8,4,2
129,129,C2_Conv_2c_3x1,1,2,11,1,5,11,0,1,1,1,1,8,4,2
129,129,C2_Conv_2c_3x1,1,3,12,0,6,12,0,1,2,0,1,8,4,2
129,129,C2_Conv_2c_3x1,1,3,13,1,6,13,0,1,2,1,1,8,4,2
129,129,C2_Conv_2c_3x1,1,3,14,0,7,14,0,1,3,0,1,8,4,2
129,129,C2_Conv_2c_3x1,1,3,15,1,7,15,0,1,3,1,1,8,4,2
129,129,C2_Conv_2c_3x1,1,7,16,2,7,16,0,2,0,0,1,8,4,2
129,129,C2_Conv_2c_3x1,1,7,17,3,7,17,0,2,0,1,1,8,4,2
129,129,C2_Conv_2c_3x1,1,7,18,2,6,18,0,2,1,0,1,8,4,2
129,129,C2_Conv_2c_3x1,1,7,19,3,6,19,0,2,1,1,1,8,4,2
129,129,C2_Conv_2c_3x1,1,6,20,2,5,20,0,2,2,0,1,8,4,2
129,129,C2_Conv_2c_3x1,1,6,21,3,5,21,0,2,2,1,1,8,4,2
129,129,C2_Conv_2c_3x1,1,6,22,2,4,22,0,2,3,0,1,8,4,2
129,129,C2_Conv_2c_3x1,1,6,23,3,4,23,0,2,3,1,1,8,4,2
129,129,C2_Conv_2c_3x1,1,5,24,2,3,24,0,3,0,0,1,8,4,2
129,129,C2_Conv_2c_3x1,1,5,25,3,3,25,0,3,0,1,1,8,4,2
129,129,C2_Conv_2c_3x1,1,5,26,2,2,26,0,3,1,0,1,8,4,2
129,129,C2_Conv_2c_3x1,1,5,27,3,2,27,0,3,1,1,1,8,4,2
129,129,C2_Conv_2c_3x1,1,4,28,2,1,28,0,3,2,0,1,8,4,2
129,129,C2_Conv_2c_3x1,1,4,29,3,1,29,0,3,2,1,1,8,4,2
129,129,C2_Conv_2c_3x1,1,4,30,2,0,30,0,3,3,0,1,8,4,2
129,129,C2_Conv_2c_3x1,1,4,31,3,0,31,0,3,3,1,1,8,4,2
129,129,C2_Conv_2c_3x1,1,8,32,4,0,32,0,4,0,0,1,8,4,2
129,129,C2_Conv_2c_3x1,1,8,33,5,0,33,0,4,0,1,1,8,4,2
129,129,C2_Conv_2c_3x1,1,8,34,4,1,34,0,4,1,0,1,8,4,2
129,129,C2_Conv_2c_3x1,1,8,35,5,1,35,0,4,1,1,1,8,4,2
129,129,C2_Conv_2c_3x1,1,9,36,4,2,36,0,4,2,0,1,8,4,2
129,129,C2_Conv_2c_3x1,1,9,37,5,2,37,0,4,2,1,1,8,4,2
129,129,C2_Conv_2c_3x1,1,9,38,4,3,38,0,4,3,0,1,8,4,2
129,129,C2_Conv_2c_3x1,1,9,39,5,3,39,0,4,3,1,1,8,4,2
129,129,C2_Conv_2c_3x1,1,10,40,4,4,40,0,5,0,0,1,8,4,2
129,129,C2_Conv_2c_3x1,1,10,41,5,4,41,0,5,0,1,1,8,4,2
129,129,C2_Conv_2c_3x1,1,10,42,4,5,42,0,5,1,0,1,8,4,2
129,129,C2_Conv_2c_3x1,1,10,43,5,5,43,0,5,1,1,1,8,4,2
129,129,C2_Conv_2c_3x1,1,11,44,4,6,44,0,5,2,0,1,8,4,2
129,129,C2_Conv_2c_3x1,1,11,45,5,6,45,0,5,2,1,1,8,4,2
129,129,C2_Conv_2c_3x1,1,11,46,4,7,46,0,5,3,0,1,8,4,2
129,129,C2_Conv_2c_3x1,1,11,47,5,7,47,0,5,3,1,1,8,4,2
129,129,C2_Conv_2c_3x1,1,15,48,6,7,48,0,6,0,0,1,8,4,2
129,129,C2_Conv_2c_3x1,1,15,49,7,7,49,0,6,0,1,1,8,4,2
129,129,C2_Conv_2c_3x1,1,15,50,6,6,50,0,6,1,0,1,8,4,2
129,129,C2_Conv_2c_3x1,1,15,51,7,6,51,0,6,1,1,1,8,4,2
129,129,C2_Conv_2c_3x1,1,14,52,6,5,52,0,6,2,0,1,8,4,2
129,129,C2_Conv_2c_3x1,1,14,53,7,5,53,0,6,2,1,1,8,4,2
129,129,C2_Conv_2c_3x1,1,14,54,6,4,54,0,6,3,0,1,8,4,2
129,129,C2_Conv_2c_3x1,1,14,55,7,4,55,0,6,3,1,1,8,4,2
129,129,C2_Conv_2c_3x1,1,13,56,6,3,56,0,7,0,0,1,8,4,2
129,129,C2_Conv_2c_3x1,1,13,57,7,3,57,0,7,0,1,1,8,4,2
129,129,C2_Conv_2c_3x1,1,13,58,6,2,58,0,7,1,0,1,8,4,2
129,129,C2_Conv_2c_3x1,1,13,59,7,2,59,0,7,1,1,1,8,4,2
129,129,C2_Conv_2c_3x1,1,12,60,6,1,60,0,7,2,0,1,8,4,2
129,129,C2_Conv_2c_3x1,1,12,61,7,1,61,0,7,2,1,1,8,4,2
129,129,C2_Conv_2c_3x1,1,12,62,6,0,62,0,7,3,0,1,8,4,2
129,129,C2_Conv_2c_3x1,1,12,63,7,0,63,0,7,3,1,1,8,4,2
130,130,C2_Conv_3_1x1,1,0,0,0,0,0,0,0,0,0,1,8,2,4
130,130,C2_Conv_3_1x1,1,0,1,1,0,1,0,0,0,1,1,8,2,4
130,130,C2_Conv_3_1x1,1,0,2,0,1,2,0,0,0,2,1,8,2,4
130,130,C2_Conv_3_1x1,1,0,3,1,1,3,0,0,0,3,1,8,2,4
130,130,C2_Conv_3_1x1,1,1,4,0,2,4,0,0,1,0,1,8,2,4
130,130,C2_Conv_3_1x1,1,1,5,1,2,5,0,0,1,1,1,8,2,4
130,130,C2_Conv_3_1x1,1,1,6,0,3,6,0,0,1,2,1,8,2,4
130,130,C2_Conv_3_1x1,1,1,7,1,3,7,0,0,1,3,1,8,2,4
130,130,C2_Conv_3_1x1,1,2,8,0,4,8,0,1,0,0,1,8,2,4
130,130,C2_Conv_3_1x1,1,2,9,1,4,9,0,1,0,1,1,8,2,4
130,130,C2_Conv_3_1x1,1,2,10,0,5,10,0,1,0,2,1,8,2,4
130,130,C2_Conv_3_1x1,1,2,11,1,5,11,0,1,0,3,1,8,2,4
130,130,C2_Conv_3_1x1,1,3,12,0,6,12,0,1,1,0,1,8,2,4
130,130,C2_Conv_3_1x1,1,3,13,1,6,13,0,1,1,1,1,8,2,4
130,130,C2_Conv_3_1x1,1,3,14,0,7,14,0,1,1,2,1,8,2,4
130,130,C2_Conv_3_1x1,1,3,15,1,7,15,0,1,1,3,1,8,2,4
130,130,C2_Conv_3_1x1,1,7,16,2,7,16,0,2,0,0,1,8,2,4
130,130,C2_Conv_3_1x1,1,7,17,3,7,17,0,2,0,1,1,8,2,4
130,130,C2_Conv_3_1x1,1,7,18,2,6,18,0,2,0,2,1,8,2,4
130,130,C2_Conv_3_1x1,1,7,19,3,6,19,0,2,0,3,1,8,2,4
130,130,C2_Conv_3_1x1,1,6,20,2,5,20,0,2,1,0,1,8,2,4
130,130,C2_Conv_3_1x1,1,6,21,3,5,21,0,2,1,1,1,8,2,4
130,130,C2_Conv_3_1x1,1,6,22,2,4,22,0,2,1,2,1,8,2,4
130,130,C2_Conv_3_1x1,1,6,23,3,4,23,0,2,1,3,1,8,2,4
130,130,C2_Conv_3_1x1,1,5,24,2,3,24,0,3,0,0,1,8,2,4
130,130,C2_Conv_3_1x1,1,5,25,3,3,25,0,3,0,1,1,8,2,4
130,130,C2_Conv_3_1x1,1,5,26,2,2,26,0,3,0,2,1,8,2,4
130,130,C2_Conv_3_1x1,1,5,27,3,2,27,0,3,0,3,1,8,2,4
130,130,C2_Conv_3_1x1,1,4,28,2,1,28,0,3,1,0,1,8,2,4
130,130,C2_Conv_3_1x1,1,4,29,3,1,29,0,3,1,1,1,8,2,4
130,130,C2_Conv_3_1x1,1,4,30,2,0,30,0,3,1,2,1,8,2,4
130,130,C2_Conv_3_1x1,1,4,31,3,0,31,0,3,1,3,1,8,2,4
130,130,C2_Conv_3_1x1,1,8,32,4,0,32,0,4,0,0,1,8,2,4
130,130,C2_Conv_3_1x1,1,8,33,5,0,33,0,4,0,1,1,8,2,4
130,130,C2_Conv_3_1x1,1,8,34,4,1,34,0,4,0,2,1,8,2,4
130,130,C2_Conv_3_1x1,1,8,35,5,1,35,0,4,0,3,1,8,2,4
130,130,C2_Conv_3_1x1,1,9,36,4,2,36,0,4,1,0,1,8,2,4
130,130,C2_Conv_3_1x1,1,9,37,5,2,37,0,4,1,1,1,8,2,4
130,130,C2_Conv_3_1x1,1,9,38,4,3,38,0,4,1,2,1,8,2,4
130,130,C2_Conv_3_1x1,1,9,39,5,3,39,0,4,1,3,1,8,2,4
130,130,C2_Conv_3_1x1,1,10,40,4,4,40,0,5,0,0,1,8,2,4
130,130,C2_Conv_3_1x1,1,10,41,5,4,41,0,5,0,1,1,8,2,4
130,130,C2_Conv_3_1x1,1,10,42,4,5,42,0,5,0,2,1,8,2,4
130,130,C2_Conv_3_1x1,1,10,43,5,5,43,0,5,0,3,1,8,2,4
130,130,C2_Conv_3_1x1,1,11,44,4,6,44,0,5,1,0,1,8,2,4
130,130,C2_Conv_3_1x1,1,11,45,5,6,45,0,5,1,1,1,8,2,4
130,130,C2_Conv_3_1x1,1,11,46,4,7,46,0,5,1,2,1,8,2,4
130,130,C2_Conv_3_1x1,1,11,47,5,7,47,0,5,1,3,1,8,2,4
130,130,C2_Conv_3_1x1,1,15,48,6,7,48,0,6,0,0,1,8,2,4
130,130,C2_Conv_3_1x1,1,15,49,7,7,49,0,6,0,1,1,8,2,4
130,130,C2_Conv_3_1x1,1,15,50,6,6,50,0,6,0,2,1,8,2,4
130,130,C2_Conv_3_1x1,1,15,51,7,6,51,0,6,0,3,1,8,2,4
130,130,C2_Conv_3_1x1,1,14,52,6,5,52,0,6,1,0,1,8,2,4
130,130,C2_Conv_3_1x1,1,14,53,7,5,53,0,6,1,1,1,8,2,4
130,130,C2_Conv_3_1x1,1,14,54,6,4,54,0,6,1,2,1,8,2,4
130,130,C2_Conv_3_1x1,1,14,55,7,4,55,0,6,1,3,1,8,2,4
130,130,C2_Conv_3_1x1,1,13,56,6,3,56,0,7,0,0,1,8,2,4
130,130,C2_Conv_3_1x1,1,13,57,7,3,57,0,7,0,1,1,8,2,4
130,130,C2_Conv_3_1x1,1,13,58,6,2,58,0,7,0,2,1,8,2,4
130,130,C2_Conv_3_1x1,1,13,59,7,2,59,0,7,0,3,1,8,2,4
130,130,C2_Conv_3_1x1,1,12,60,6,1,60,0,7,1,0,1,8,2,4
130,130,C2_Conv_3_1x1,1,12,61,7,1,61,0,7,1,1,1,8,2,4
130,130,C2_Conv_3_1x1,1,12,62,6,0,62,0,7,1,2,1,8,2,4
130,130,C2_Conv_3_1x1,1,12,63,7,0,63,0,7,1,3,1,8,2,4
131,131,C2_Eltwise,1,0,0,0,0,0,0,0,0,0,1,8,2,4
131,131,C2_Eltwise,1,0,1,1,0,1,0,0,0,1,1,8,2,4
131,131,C2_Eltwise,1,0,2,0,1,2,0,0,0,2,1,8,2,4
131,131,C2_Eltwise,1,0,3,1,1,3,0,0,0,3,1,8,2,4
131,131,C2_Eltwise,1,1,4,0,2,4,0,0,1,0,1,8,2,4
131,131,C2_Eltwise,1,1,5,1,2,5,0,0,1,1,1,8,2,4
131,131,C2_Eltwise,1,1,6,0,3,6,0,0,1,2,1,8,2,4
131,131,C2_Eltwise,1,1,7,1,3,7,0,0,1,3,1,8,2,4
131,131,C2_Eltwise,1,2,8,0,4,8,0,1,0,0,1,8,2,4
131,131,C2_Eltwise,1,2,9,1,4,9,0,1,0,1,1,8,2,4
131,131,C2_Eltwise,1,2,10,0,5,10,0,1,0,2,1,8,2,4
131,131,C2_Eltwise,1,2,11,1,5,11,0,1,0,3,1,8,2,4
131,131,C2_Eltwise,1,3,12,0,6,12,0,1,1,0,1,8,2,4
131,131,C2_Eltwise,1,3,13,1,6,13,0,1,1,1,1,8,2,4
131,131,C2_Eltwise,1,3,14,0,7,14,0,1,1,2,1,8,2,4
131,131,C2_Eltwise,1,3,15,1,7,15,0,1,1,3,1,8,2,4
131,131,C2_Eltwise,1,7,16,2,7,16,0,2,0,0,1,8,2,4
131,131,C2_Eltwise,1,7,17,3,7,17,0,2,0,1,1,8,2,4
131,131,C2_Eltwise,1,7,18,2,6,18,0,2,0,2,1,8,2,4
131,131,C2_Eltwise,1,7,19,3,6,19,0,2,0,3,1,8,2,4
131,131,C2_Eltwise,1,6,20,2,5,20,0,2,1,0,1,8,2,4
131,131,C2_Eltwise,1,6,21,3,5,21,0,2,1,1,1,8,2,4
131,131,C2_Eltwise,1,6,22,2,4,22,0,2,1,2,1,8,2,4
131,131,C2_Eltwise,1,6,23,3,4,23,0,2,1,3,1,8,2,4
131,131,C2_Eltwise,1,5,24,2,3,24,0,3,0,0,1,8,2,4
131,131,C2_Eltwise,1,5,25,3,3,25,0,3,0,1,1,8,2,4
131,131,C2_Eltwise,1,5,26,2,2,26,0,3,0,2,1,8,2,4
131,131,C2_Eltwise,1,5,27,3,2,27,0,3,0,3,1,8,2,4
131,131,C2_Eltwise,1,4,28,2,1,28,0,3,1,0,1,8,2,4
131,131,C2_Eltwise,1,4,29,3,1,29,0,3,1,1,1,8,2,4
131,131,C2_Eltwise,1,4,30,2,0,30,0,3,1,2,1,8,2,4
131,131,C2_Eltwise,1,4,31,3,0,31,0,3,1,3,1,8,2,4
131,131,C2_Eltwise,1,8,32,4,0,32,0,4,0,0,1,8,2,4
131,131,C2_Eltwise,1,8,33,5,0,33,0,4,0,1,1,8,2,4
131,131,C2_Eltwise,1,8,34,4,1,34,0,4,0,2,1,8,2,4
131,131,C2_Eltwise,1,8,35,5,1,35,0,4,0,3,1,8,2,4
131,131,C2_Eltwise,1,9,36,4,2,36,0,4,1,0,1,8,2,4
131,131,C2_Eltwise,1,9,37,5,2,37,0,4,1,1,1,8,2,4
131,131,C2_Eltwise,1,9,38,4,3,38,0,4,1,2,1,8,2,4
131,131,C2_Eltwise,1,9,39,5,3,39,0,4,1,3,1,8,2,4
131,131,C2_Eltwise,1,10,40,4,4,40,0,5,0,0,1,8,2,4
131,131,C2_Eltwise,1,10,41,5,4,41,0,5,0,1,1,8,2,4
131,131,C2_Eltwise,1,10,42,4,5,42,0,5,0,2,1,8,2,4
131,131,C2_Eltwise,1,10,43,5,5,43,0,5,0,3,1,8,2,4
131,131,C2_Eltwise,1,11,44,4,6,44,0,5,1,0,1,8,2,4
131,131,C2_Eltwise,1,11,45,5,6,45,0,5,1,1,1,8,2,4
131,131,C2_Eltwise,1,11,46,4,7,46,0,5,1,2,1,8,2,4
131,131,C2_Eltwise,1,11,47,5,7,47,0,5,1,3,1,8,2,4
131,131,C2_Eltwise,1,15,48,6,7,48,0,6,0,0,1,8,2,4
131,131,C2_Eltwise,1,15,49,7,7,49,0,6,0,1,1,8,2,4
131,131,C2_Eltwise,1,15,50,6,6,50,0,6,0,2,1,8,2,4
131,131,C2_Eltwise,1,15,51,7,6,51,0,6,0,3,1,8,2,4
131,131,C2_Eltwise,1,14,52,6,5,52,0,6,1,0,1,8,2,4
131,131,C2_Eltwise,1,14,53,7,5,53,0,6,1,1,1,8,2,4
131,131,C2_Eltwise,1,14,54,6,4,54,0,6,1,2,1,8,2,4
131,131,C2_Eltwise,1,14,55,7,4,55,0,6,1,3,1,8,2,4
131,131,C2_Eltwise,1,13,56,6,3,56,0,7,0,0,1,8,2,4
131,131,C2_Eltwise,1,13,57,7,3,57,0,7,0,1,1,8,2,4
131,131,C2_Eltwise,1,13,58,6,2,58,0,7,0,2,1,8,2,4
131,131,C2_Eltwise,1,13,59,7,2,59,0,7,0,3,1,8,2,4
131,131,C2_Eltwise,1,12,60,6,1,60,0,7,1,0,1,8,2,4
131,131,C2_Eltwise,1,12,61,7,1,61,0,7,1,1,1,8,2,4
131,131,C2_Eltwise,1,12,62,6,0,62,0,7,1,2,1,8,2,4
131,131,C2_Eltwise,1,12,63,7,0,63,0,7,1,3,1,8,2,4
132,132,C3_Conv_1a_1x1,1,0,0,0,0,0,0,0,0,0,1,8,4,2
132,132,C3_Conv_1a_1x1,1,0,1,1,0,1,0,0,0,1,1,8,4,2
132,132,C3_Conv_1a_1x1,1,0,2,0,1,2,0,0,1,0,1,8,4,2
132,132,C3_Conv_1a_1x1,1,0,3,1,1,3,0,0,1,1,1,8,4,2
132,132,C3_Conv_1a_1x1,1,1,4,0,2,4,0,0,2,0,1,8,4,2
132,132,C3_Conv_1a_1x1,1,1,5,1,2,5,0,0,2,1,1,8,4,2
132,132,C3_Conv_1a_1x1,1,1,6,0,3,6,0,0,3,0,1,8,4,2
132,132,C3_Conv_1a_1x1,1,1,7,1,3,7,0,0,3,1,1,8,4,2
132,132,C3_Conv_1a_1x1,1,2,8,0,4,8,0,1,0,0,1,8,4,2
132,132,C3_Conv_1a_1x1,1,2,9,1,4,9,0,1,0,1,1,8,4,2
132,132,C3_Conv_1a_1x1,1,2,10,0,5,10,0,1,1,0,1,8,4,2
132,132,C3_Conv_1a_1x1,1,2,11,1,5,11,0,1,1,1,1,8,4,2
132,132,C3_Conv_1a_1x1,1,3,12,0,6,12,0,1,2,0,1,8,4,2
132,132,C3_Conv_1a_1x1,1,3,13,1,6,13,0,1,2,1,1,8,4,2
132,132,C3_Conv_1a_1x1,1,3,14,0,7,14,0,1,3,0,1,8,4,2
132,132,C3_Conv_1a_1x1,1,3,15,1,7,15,0,1,3,1,1,8,4,2
132,132,C3_Conv_1a_1x1,1,7,16,2,7,16,0,2,0,0,1,8,4,2
132,132,C3_Conv_1a_1x1,1,7,17,3,7,17,0,2,0,1,1,8,4,2
132,132,C3_Conv_1a_1x1,1,7,18,2,6,18,0,2,1,0,1,8,4,2
132,132,C3_Conv_1a_1x1,1,7,19,3,6,19,0,2,1,1,1,8,4,2
132,132,C3_Conv_1a_1x1,1,6,20,2,5,20,0,2,2,0,1,8,4,2
132,132,C3_Conv_1a_1x1,1,6,21,3,5,21,0,2,2,1,1,8,4,2
132,132,C3_Conv_1a_1x1,1,6,22,2,4,22,0,2,3,0,1,8,4,2
132,132,C3_Conv_1a_1x1,1,6,23,3,4,23,0,2,3,1,1,8,4,2
132,132,C3_Conv_1a_1x1,1,5,24,2,3,24,0,3,0,0,1,8,4,2
132,132,C3_Conv_1a_1x1,1,5,25,3,3,25,0,3,0,1,1,8,4,2
132,132,C3_Conv_1a_1x1,1,5,26,2,2,26,0,3,1,0,1,8,4,2
132,132,C3_Conv_1a_1x1,1,5,27,3,2,27,0,3,1,1,1,8,4,2
132,132,C3_Conv_1a_1x1,1,4,28,2,1,28,0,3,2,0,1,8,4,2
132,132,C3_Conv_1a_1x1,1,4,29,3,1,29,0,3,2,1,1,8,4,2
132,132,C3_Conv_1a_1x1,1,4,30,2,0,30,0,3,3,0,1,8,4,2
132,132,C3_Conv_1a_1x1,1,4,31,3,0,31,0,3,3,1,1,8,4,2
132,132,C3_Conv_1a_1x1,1,8,32,4,0,32,0,4,0,0,1,8,4,2
132,132,C3_Conv_1a_1x1,1,8,33,5,0,33,0,4,0,1,1,8,4,2
132,132,C3_Conv_1a_1x1,1,8,34,4,1,34,0,4,1,0,1,8,4,2
132,132,C3_Conv_1a_1x1,1,8,35,5,1,35,0,4,1,1,1,8,4,2
132,132,C3_Conv_1a_1x1,1,9,36,4,2,36,0,4,2,0,1,8,4,2
132,132,C3_Conv_1a_1x1,1,9,37,5,2,37,0,4,2,1,1,8,4,2
132,132,C3_Conv_1a_1x1,1,9,38,4,3,38,0,4,3,0,1,8,4,2
132,132,C3_Conv_1a_1x1,1,9,39,5,3,39,0,4,3,1,1,8,4,2
132,132,C3_Conv_1a_1x1,1,10,40,4,4,40,0,5,0,0,1,8,4,2
132,132,C3_Conv_1a_1x1,1,10,41,5,4,41,0,5,0,1,1,8,4,2
132,132,C3_Conv_1a_1x1,1,10,42,4,5,42,0,5,1,0,1,8,4,2
132,132,C3_Conv_1a_1x1,1,10,43,5,5,43,0,5,1,1,1,8,4,2
132,132,C3_Conv_1a_1x1,1,11,44,4,6,44,0,5,2,0,1,8,4,2
132,132,C3_Conv_1a_1x1,1,11,45,5,6,45,0,5,2,1,1,8,4,2
132,132,C3_Conv_1a_1x1,1,11,46,4,7,46,0,5,3,0,1,8,4,2
132,132,C3_Conv_1a_1x1,1,11,47,5,7,47,0,5,3,1,1,8,4,2
132,132,C3_Conv_1a_1x1,1,15,48,6,7,48,0,6,0,0,1,8,4,2
132,132,C3_Conv_1a_1x1,1,15,49,7,7,49,0,6,0,1,1,8,4,2
132,132,C3_Conv_1a_1x1,1,15,50,6,6,50,0,6,1,0,1,8,4,2
132,132,C3_Conv_1a_1x1,1,15,51,7,6,51,0,6,1,1,1,8,4,2
132,132,C3_Conv_1a_1x1,1,14,52,6,5,52,0,6,2,0,1,8,4,2
132,132,C3_Conv_1a_1x1,1,14,53,7,5,53,0,6,2,1,1,8,4,2
132,132,C3_Conv_1a_1x1,1,14,54,6,4,54,0,6,3,0,1,8,4,2
132,132,C3_Conv_1a_1x1,1,14,55,7,4,55,0,6,3,1,1,8,4,2
132,132,C3_Conv_1a_1x1,1,13,56,6,3,56,0,7,0,0,1,8,4,2
132,132,C3_Conv_1a_1x1,1,13,57,7,3,57,0,7,0,1,1,8,4,2
132,132,C3_Conv_1a_1x1,1,13,58,6,2,58,0,7,1,0,1,8,4,2
132,132,C3_Conv_1a_1x1,1,13,59,7,2,59,0,7,1,1,1,8,4,2
132,132,C3_Conv_1a_1x1,1,12,60,6,1,60,0,7,2,0,1,8,4,2
132,132,C3_Conv_1a_1x1,1,12,61,7,1,61,0,7,2,1,1,8,4,2
132,132,C3_Conv_1a_1x1,1,12,62,6,0,62,0,7,3,0,1,8,4,2
132,132,C3_Conv_1a_1x1,1,12,63,7,0,63,0,7,3,1,1,8,4,2
133,133,C3_Conv_2a_1x1,1,0,0,0,0,0,0,0,0,0,1,8,4,2
133,133,C3_Conv_2a_1x1,1,0,1,1,0,1,0,0,0,1,1,8,4,2
133,133,C3_Conv_2a_1x1,1,0,2,0,1,2,0,0,1,0,1,8,4,2
133,133,C3_Conv_2a_1x1,1,0,3,1,1,3,0,0,1,1,1,8,4,2
133,133,C3_Conv_2a_1x1,1,1,4,0,2,4,0,0,2,0,1,8,4,2
133,133,C3_Conv_2a_1x1,1,1,5,1,2,5,0,0,2,1,1,8,4,2
133,133,C3_Conv_2a_1x1,1,1,6,0,3,6,0,0,3,0,1,8,4,2
133,133,C3_Conv_2a_1x1,1,1,7,1,3,7,0,0,3,1,1,8,4,2
133,133,C3_Conv_2a_1x1,1,2,8,0,4,8,0,1,0,0,1,8,4,2
133,133,C3_Conv_2a_1x1,1,2,9,1,4,9,0,1,0,1,1,8,4,2
133,133,C3_Conv_2a_1x1,1,2,10,0,5,10,0,1,1,0,1,8,4,2
133,133,C3_Conv_2a_1x1,1,2,11,1,5,11,0,1,1,1,1,8,4,2
133,133,C3_Conv_2a_1x1,1,3,12,0,6,12,0,1,2,0,1,8,4,2
133,133,C3_Conv_2a_1x1,1,3,13,1,6,13,0,1,2,1,1,8,4,2
133,133,C3_Conv_2a_1x1,1,3,14,0,7,14,0,1,3,0,1,8,4,2
133,133,C3_Conv_2a_1x1,1,3,15,1,7,15,0,1,3,1,1,8,4,2
133,133,C3_Conv_2a_1x1,1,7,16,2,7,16,0,2,0,0,1,8,4,2
133,133,C3_Conv_2a_1x1,1,7,17,3,7,17,0,2,0,1,1,8,4,2
133,133,C3_Conv_2a_1x1,1,7,18,2,6,18,0,2,1,0,1,8,4,2
133,133,C3_Conv_2a_1x1,1,7,19,3,6,19,0,2,1,1,1,8,4,2
133,133,C3_Conv_2a_1x1,1,6,20,2,5,20,0,2,2,0,1,8,4,2
133,133,C3_Conv_2a_1x1,1,6,21,3,5,21,0,2,2,1,1,8,4,2
133,133,C3_Conv_2a_1x1,1,6,22,2,4,22,0,2,3,0,1,8,4,2
133,133,C3_Conv_2a_1x1,1,6,23,3,4,23,0,2,3,1,1,8,4,2
133,133,C3_Conv_2a_1x1,1,5,24,2,3,24,0,3,0,0,1,8,4,2
133,133,C3_Conv_2a_1x1,1,5,25,3,3,25,0,3,0,1,1,8,4,2
133,133,C3_Conv_2a_1x1,1,5,26,2,2,26,0,3,1,0,1,8,4,2
133,133,C3_Conv_2a_1x1,1,5,27,3,2,27,0,3,1,1,1,8,4,2
133,133,C3_Conv_2a_1x1,1,4,28,2,1,28,0,3,2,0,1,8,4,2
133,133,C3_Conv_2a_1x1,1,4,29,3,1,29,0,3,2,1,1,8,4,2
133,133,C3_Conv_2a_1x1,1,4,30,2,0,30,0,3,3,0,1,8,4,2
133,133,C3_Conv_2a_1x1,1,4,31,3,0,31,0,3,3,1,1,8,4,2
133,133,C3_Conv_2a_1x1,1,8,32,4,0,32,0,4,0,0,1,8,4,2
133,133,C3_Conv_2a_1x1,1,8,33,5,0,33,0,4,0,1,1,8,4,2
133,133,C3_Conv_2a_1x1,1,8,34,4,1,34,0,4,1,0,1,8,4,2
133,133,C3_Conv_2a_1x1,1,8,35,5,1,35,0,4,1,1,1,8,4,2
133,133,C3_Conv_2a_1x1,1,9,36,4,2,36,0,4,2,0,1,8,4,2
133,133,C3_Conv_2a_1x1,1,9,37,5,2,37,0,4,2,1,1,8,4,2
133,133,C3_Conv_2a_1x1,1,9,38,4,3,38,0,4,3,0,1,8,4,2
133,133,C3_Conv_2a_1x1,1,9,39,5,3,39,0,4,3,1,1,8,4,2
133,133,C3_Conv_2a_1x1,1,10,40,4,4,40,0,5,0,0,1,8,4,2
133,133,C3_Conv_2a_1x1,1,10,41,5,4,41,0,5,0,1,1,8,4,2
133,133,C3_Conv_2a_1x1,1,10,42,4,5,42,0,5,1,0,1,8,4,2
133,133,C3_Conv_2a_1x1,1,10,43,5,5,43,0,5,1,1,1,8,4,2
133,133,C3_Conv_2a_1x1,1,11,44,4,6,44,0,5,2,0,1,8,4,2
133,133,C3_Conv_2a_1x1,1,11,45,5,6,45,0,5,2,1,1,8,4,2
133,133,C3_Conv_2a_1x1,1,11,46,4,7,46,0,5,3,0,1,8,4,2
133,133,C3_Conv_2a_1x1,1,11,47,5,7,47,0,5,3,1,1,8,4,2
133,133,C3_Conv_2a_1x1,1,15,48,6,7,48,0,6,0,0,1,8,4,2
133,133,C3_Conv_2a_1x1,1,15,49,7,7,49,0,6,0,1,1,8,4,2
133,133,C3_Conv_2a_1x1,1,15,50,6,6,50,0,6,1,0,1,8,4,2
133,133,C3_Conv_2a_1x1,1,15,51,7,6,51,0,6,1,1,1,8,4,2
133,133,C3_Conv_2a_1x1,1,14,52,6,5,52,0,6,2,0,1,8,4,2
133,133,C3_Conv_2a_1x1,1,14,53,7,5,53,0,6,2,1,1,8,4,2
133,133,C3_Conv_2a_1x1,1,14,54,6,4,54,0,6,3,0,1,8,4,2
133,133,C3_Conv_2a_1x1,1,14,55,7,4,55,0,6,3,1,1,8,4,2
133,133,C3_Conv_2a_1x1,1,13,56,6,3,56,0,7,0,0,1,8,4,2
133,133,C3_Conv_2a_1x1,1,13,57,7,3,57,0,7,0,1,1,8,4,2
133,133,C3_Conv_2a_1x1,1,13,58,6,2,58,0,7,1,0,1,8,4,2
133,133,C3_Conv_2a_1x1,1,13,59,7,2,59,0,7,1,1,1,8,4,2
133,133,C3_Conv_2a_1x1,1,12,60,6,1,60,0,7,2,0,1,8,4,2
133,133,C3_Conv_2a_1x1,1,12,61,7,1,61,0,7,2,1,1,8,4,2
133,133,C3_Conv_2a_1x1,1,12,62,6,0,62,0,7,3,0,1,8,4,2
133,133,C3_Conv_2a_1x1,1,12,63,7,0,63,0,7,3,1,1,8,4,2
134,134,C3_Conv_2b_1x3,1,0,0,0,0,0,0,0,0,0,1,8,4,2
134,134,C3_Conv_2b_1x3,1,0,1,1,0,1,0,0,0,1,1,8,4,2
134,134,C3_Conv_2b_1x3,1,0,2,0,1,2,0,0,1,0,1,8,4,2
134,134,C3_Conv_2b_1x3,1,0,3,1,1,3,0,0,1,1,1,8,4,2
134,134,C3_Conv_2b_1x3,1,1,4,0,2,4,0,0,2,0,1,8,4,2
134,134,C3_Conv_2b_1x3,1,1,5,1,2,5,0,0,2,1,1,8,4,2
134,134,C3_Conv_2b_1x3,1,1,6,0,3,6,0,0,3,0,1,8,4,2
134,134,C3_Conv_2b_1x3,1,1,7,1,3,7,0,0,3,1,1,8,4,2
134,134,C3_Conv_2b_1x3,1,2,8,0,4,8,0,1,0,0,1,8,4,2
134,134,C3_Conv_2b_1x3,1,2,9,1,4,9,0,1,0,1,1,8,4,2
134,134,C3_Conv_2b_1x3,1,2,10,0,5,10,0,1,1,0,1,8,4,2
134,134,C3_Conv_2b_1x3,1,2,11,1,5,11,0,1,1,1,1,8,4,2
134,134,C3_Conv_2b_1x3,1,3,12,0,6,12,0,1,2,0,1,8,4,2
134,134,C3_Conv_2b_1x3,1,3,13,1,6,13,0,1,2,1,1,8,4,2
134,134,C3_Conv_2b_1x3,1,3,14,0,7,14,0,1,3,0,1,8,4,2
134,134,C3_Conv_2b_1x3,1,3,15,1,7,15,0,1,3,1,1,8,4,2
134,134,C3_Conv_2b_1x3,1,7,16,2,7,16,0,2,0,0,1,8,4,2
134,134,C3_Conv_2b_1x3,1,7,17,3,7,17,0,2,0,1,1,8,4,2
134,134,C3_Conv_2b_1x3,1,7,18,2,6,18,0,2,1,0,1,8,4,2
134,134,C3_Conv_2b_1x3,1,7,19,3,6,19,0,2,1,1,1,8,4,2
134,134,C3_Conv_2b_1x3,1,6,20,2,5,20,0,2,2,0,1,8,4,2
134,134,C3_Conv_2b_1x3,1,6,21,3,5,21,0,2,2,1,1,8,4,2
134,134,C3_Conv_2b_1x3,1,6,22,2,4,22,0,2,3,0,1,8,4,2
134,134,C3_Conv_2b_1x3,1,6,23,3,4,23,0,2,3,1,1,8,4,2
134,134,C3_Conv_2b_1x3,1,5,24,2,3,24,0,3,0,0,1,8,4,2
134,134,C3_Conv_2b_1x3,1,5,25,3,3,25,0,3,0,1,1,8,4,2
134,134,C3_Conv_2b_1x3,1,5,26,2,2,26,0,3,1,0,1,8,4,2
134,134,C3_Conv_2b_1x3,1,5,27,3,2,27,0,3,1,1,1,8,4,2
134,134,C3_Conv_2b_1x3,1,4,28,2,1,28,0,3,2,0,1,8,4,2
134,134,C3_Conv_2b_1x3,1,4,29,3,1,29,0,3,2,1,1,8,4,2
134,134,C3_Conv_2b_1x3,1,4,30,2,0,30,0,3,3,0,1,8,4,2
134,134,C3_Conv_2b_1x3,1,4,31,3,0,31,0,3,3,1,1,8,4,2
134,134,C3_Conv_2b_1x3,1,8,32,4,0,32,0,4,0,0,1,8,4,2
134,134,C3_Conv_2b_1x3,1,8,33,5,0,33,0,4,0,1,1,8,4,2
134,134,C3_Conv_2b_1x3,1,8,34,4,1,34,0,4,1,0,1,8,4,2
134,134,C3_Conv_2b_1x3,1,8,35,5,1,35,0,4,1,1,1,8,4,2
134,134,C3_Conv_2b_1x3,1,9,36,4,2,36,0,4,2,0,1,8,4,2
134,134,C3_Conv_2b_1x3,1,9,37,5,2,37,0,4,2,1,1,8,4,2
134,134,C3_Conv_2b_1x3,1,9,38,4,3,38,0,4,3,0,1,8,4,2
134,134,C3_Conv_2b_1x3,1,9,39,5,3,39,0,4,3,1,1,8,4,2
134,134,C3_Conv_2b_1x3,1,10,40,4,4,40,0,5,0,0,1,8,4,2
134,134,C3_Conv_2b_1x3,1,10,41,5,4,41,0,5,0,1,1,8,4,2
134,134,C3_Conv_2b_1x3,1,10,42,4,5,42,0,5,1,0,1,8,4,2
134,134,C3_Conv_2b_1x3,1,10,43,5,5,43,0,5,1,1,1,8,4,2
134,134,C3_Conv_2b_1x3,1,11,44,4,6,44,0,5,2,0,1,8,4,2
134,134,C3_Conv_2b_1x3,1,11,45,5,6,45,0,5,2,1,1,8,4,2
134,134,C3_Conv_2b_1x3,1,11,46,4,7,46,0,5,3,0,1,8,4,2
134,134,C3_Conv_2b_1x3,1,11,47,5,7,47,0,5,3,1,1,8,4,2
134,134,C3_Conv_2b_1x3,1,15,48,6,7,48,0,6,0,0,1,8,4,2
134,134,C3_Conv_2b_1x3,1,15,49,7,7,49,0,6,0,1,1,8,4,2
134,134,C3_Conv_2b_1x3,1,15,50,6,6,50,0,6,1,0,1,8,4,2
134,134,C3_Conv_2b_1x3,1,15,51,7,6,51,0,6,1,1,1,8,4,2
134,134,C3_Conv_2b_1x3,1,14,52,6,5,52,0,6,2,0,1,8,4,2
134,134,C3_Conv_2b_1x3,1,14,53,7,5,53,0,6,2,1,1,8,4,2
134,134,C3_Conv_2b_1x3,1,14,54,6,4,54,0,6,3,0,1,8,4,2
134,134,C3_Conv_2b_1x3,1,14,55,7,4,55,0,6,3,1,1,8,4,2
134,134,C3_Conv_2b_1x3,1,13,56,6,3,56,0,7,0,0,1,8,4,2
134,134,C3_Conv_2b_1x3,1,13,57,7,3,57,0,7,0,1,1,8,4,2
134,134,C3_Conv_2b_1x3,1,13,58,6,2,58,0,7,1,0,1,8,4,2
134,134,C3_Conv_2b_1x3,1,13,59,7,2,59,0,7,1,1,1,8,4,2
134,134,C3_Conv_2b_1x3,1,12,60,6,1,60,0,7,2,0,1,8,4,2
134,134,C3_Conv_2b_1x3,1,12,61,7,1,61,0,7,2,1,1,8,4,2
134,134,C3_Conv_2b_1x3,1,12,62,6,0,62,0,7,3,0,1,8,4,2
134,134,C3_Conv_2b_1x3,1,12,63,7,0,63,0,7,3,1,1,8,4,2
135,135,C3_Conv_2c_3x1,1,0,0,0,0,0,0,0,0,0,1,8,4,2
135,135,C3_Conv_2c_3x1,1,0,1,1,0,1,0,0,0,1,1,8,4,2
135,135,C3_Conv_2c_3x1,1,0,2,0,1,2,0,0,1,0,1,8,4,2
135,135,C3_Conv_2c_3x1,1,0,3,1,1,3,0,0,1,1,1,8,4,2
135,135,C3_Conv_2c_3x1,1,1,4,0,2,4,0,0,2,0,1,8,4,2
135,135,C3_Conv_2c_3x1,1,1,5,1,2,5,0,0,2,1,1,8,4,2
135,135,C3_Conv_2c_3x1,1,1,6,0,3,6,0,0,3,0,1,8,4,2
135,135,C3_Conv_2c_3x1,1,1,7,1,3,7,0,0,3,1,1,8,4,2
135,135,C3_Conv_2c_3x1,1,2,8,0,4,8,0,1,0,0,1,8,4,2
135,135,C3_Conv_2c_3x1,1,2,9,1,4,9,0,1,0,1,1,8,4,2
135,135,C3_Conv_2c_3x1,1,2,10,0,5,10,0,1,1,0,1,8,4,2
135,135,C3_Conv_2c_3x1,1,2,11,1,5,11,0,1,1,1,1,8,4,2
135,135,C3_Conv_2c_3x1,1,3,12,0,6,12,0,1,2,0,1,8,4,2
135,135,C3_Conv_2c_3x1,1,3,13,1,6,13,0,1,2,1,1,8,4,2
135,135,C3_Conv_2c_3x1,1,3,14,0,7,14,0,1,3,0,1,8,4,2
135,135,C3_Conv_2c_3x1,1,3,15,1,7,15,0,1,3,1,1,8,4,2
135,135,C3_Conv_2c_3x1,1,7,16,2,7,16,0,2,0,0,1,8,4,2
135,135,C3_Conv_2c_3x1,1,7,17,3,7,17,0,2,0,1,1,8,4,2
135,135,C3_Conv_2c_3x1,1,7,18,2,6,18,0,2,1,0,1,8,4,2
135,135,C3_Conv_2c_3x1,1,7,19,3,6,19,0,2,1,1,1,8,4,2
135,135,C3_Conv_2c_3x1,1,6,20,2,5,20,0,2,2,0,1,8,4,2
135,135,C3_Conv_2c_3x1,1,6,21,3,5,21,0,2,2,1,1,8,4,2
135,135,C3_Conv_2c_3x1,1,6,22,2,4,22,0,2,3,0,1,8,4,2
135,135,C3_Conv_2c_3x1,1,6,23,3,4,23,0,2,3,1,1,8,4,2
135,135,C3_Conv_2c_3x1,1,5,24,2,3,24,0,3,0,0,1,8,4,2
135,135,C3_Conv_2c_3x1,1,5,25,3,3,25,0,3,0,1,1,8,4,2
135,135,C3_Conv_2c_3x1,1,5,26,2,2,26,0,3,1,0,1,8,4,2
135,135,C3_Conv_2c_3x1,1,5,27,3,2,27,0,3,1,1,1,8,4,2
135,135,C3_Conv_2c_3x1,1,4,28,2,1,28,0,3,2,0,1,8,4,2
135,135,C3_Conv_2c_3x1,1,4,29,3,1,29,0,3,2,1,1,8,4,2
135,135,C3_Conv_2c_3x1,1,4,30,2,0,30,0,3,3,0,1,8,4,2
135,135,C3_Conv_2c_3x1,1,4,31,3,0,31,0,3,3,1,1,8,4,2
135,135,C3_Conv_2c_3x1,1,8,32,4,0,32,0,4,0,0,1,8,4,2
135,135,C3_Conv_2c_3x1,1,8,33,5,0,33,0,4,0,1,1,8,4,2
135,135,C3_Conv_2c_3x1,1,8,34,4,1,34,0,4,1,0,1,8,4,2
135,135,C3_Conv_2c_3x1,1,8,35,5,1,35,0,4,1,1,1,8,4,2
135,135,C3_Conv_2c_3x1,1,9,36,4,2,36,0,4,2,0,1,8,4,2
135,135,C3_Conv_2c_3x1,1,9,37,5,2,37,0,4,2,1,1,8,4,2
135,135,C3_Conv_2c_3x1,1,9,38,4,3,38,0,4,3,0,1,8,4,2
135,135,C3_Conv_2c_3x1,1,9,39,5,3,39,0,4,3,1,1,8,4,2
135,135,C3_Conv_2c_3x1,1,10,40,4,4,40,0,5,0,0,1,8,4,2
135,135,C3_Conv_2c_3x1,1,10,41,5,4,41,0,5,0,1,1,8,4,2
135,135,C3_Conv_2c_3x1,1,10,42,4,5,42,0,5,1,0,1,8,4,2
135,135,C3_Conv_2c_3x1,1,10,43,5,5,43,0,5,1,1,1,8,4,2
135,135,C3_Conv_2c_3x1,1,11,44,4,6,44,0,5,2,0,1,8,4,2
135,135,C3_Conv_2c_3x1,1,11,45,5,6,45,0,5,2,1,1,8,4,2
135,135,C3_Conv_2c_3x1,1,11,46,4,7,46,0,5,3,0,1,8,4,2
135,135,C3_Conv_2c_3x1,1,11,47,5,7,47,0,5,3,1,1,8,4,2
135,135,C3_Conv_2c_3x1,1,15,48,6,7,48,0,6,0,0,1,8,4,2
135,135,C3_Conv_2c_3x1,1,15,49,7,7,49,0,6,0,1,1,8,4,2
135,135,C3_Conv_2c_3x1,1,15,50,6,6,50,0,6,1,0,1,8,4,2
135,135,C3_Conv_2c_3x1,1,15,51,7,6,51,0,6,1,1,1,8,4,2
135,135,C3_Conv_2c_3x1,1,14,52,6,5,52,0,6,2,0,1,8,4,2
135,135,C3_Conv_2c_3x1,1,14,53,7,5,53,0,6,2,1,1,8,4,2
135,135,C3_Conv_2c_3x1,1,14,54,6,4,54,0,6,3,0,1,8,4,2
135,135,C3_Conv_2c_3x1,1,14,55,7,4,55,0,6,3,1,1,8,4,2
135,135,C3_Conv_2c_3x1,1,13,56,6,3,56,0,7,0,0,1,8,4,2
135,135,C3_Conv_2c_3x1,1,13,57,7,3,57,0,7,0,1,1,8,4,2
135,135,C3_Conv_2c_3x1,1,13,58,6,2,58,0,7,1,0,1,8,4,2
135,135,C3_Conv_2c_3x1,1,13,59,7,2,59,0,7,1,1,1,8,4,2
135,135,C3_Conv_2c_3x1,1,12,60,6,1,60,0,7,2,0,1,8,4,2
135,135,C3_Conv_2c_3x1,1,12,61,7,1,61,0,7,2,1,1,8,4,2
135,135,C3_Conv_2c_3x1,1,12,62,6,0,62,0,7,3,0,1,8,4,2
135,135,C3_Conv_2c_3x1,1,12,63,7,0,63,0,7,3,1,1,8,4,2
136,136,C3_Conv_3_1x1,1,0,0,0,0,0,0,0,0,0,1,8,2,4
136,136,C3_Conv_3_1x1,1,0,1,1,0,1,0,0,0,1,1,8,2,4
136,136,C3_Conv_3_1x1,1,0,2,0,1,2,0,0,0,2,1,8,2,4
136,136,C3_Conv_3_1x1,1,0,3,1,1,3,0,0,0,3,1,8,2,4
136,136,C3_Conv_3_1x1,1,1,4,0,2,4,0,0,1,0,1,8,2,4
136,136,C3_Conv_3_1x1,1,1,5,1,2,5,0,0,1,1,1,8,2,4
136,136,C3_Conv_3_1x1,1,1,6,0,3,6,0,0,1,2,1,8,2,4
136,136,C3_Conv_3_1x1,1,1,7,1,3,7,0,0,1,3,1,8,2,4
136,136,C3_Conv_3_1x1,1,2,8,0,4,8,0,1,0,0,1,8,2,4
136,136,C3_Conv_3_1x1,1,2,9,1,4,9,0,1,0,1,1,8,2,4
136,136,C3_Conv_3_1x1,1,2,10,0,5,10,0,1,0,2,1,8,2,4
136,136,C3_Conv_3_1x1,1,2,11,1,5,11,0,1,0,3,1,8,2,4
136,136,C3_Conv_3_1x1,1,3,12,0,6,12,0,1,1,0,1,8,2,4
136,136,C3_Conv_3_1x1,1,3,13,1,6,13,0,1,1,1,1,8,2,4
136,136,C3_Conv_3_1x1,1,3,14,0,7,14,0,1,1,2,1,8,2,4
136,136,C3_Conv_3_1x1,1,3,15,1,7,15,0,1,1,3,1,8,2,4
136,136,C3_Conv_3_1x1,1,7,16,2,7,16,0,2,0,0,1,8,2,4
136,136,C3_Conv_3_1x1,1,7,17,3,7,17,0,2,0,1,1,8,2,4
136,136,C3_Conv_3_1x1,1,7,18,2,6,18,0,2,0,2,1,8,2,4
136,136,C3_Conv_3_1x1,1,7,19,3,6,19,0,2,0,3,1,8,2,4
136,136,C3_Conv_3_1x1,1,6,20,2,5,20,0,2,1,0,1,8,2,4
136,136,C3_Conv_3_1x1,1,6,21,3,5,21,0,2,1,1,1,8,2,4
136,136,C3_Conv_3_1x1,1,6,22,2,4,22,0,2,1,2,1,8,2,4
136,136,C3_Conv_3_1x1,1,6,23,3,4,23,0,2,1,3,1,8,2,4
136,136,C3_Conv_3_1x1,1,5,24,2,3,24,0,3,0,0,1,8,2,4
136,136,C3_Conv_3_1x1,1,5,25,3,3,25,0,3,0,1,1,8,2,4
136,136,C3_Conv_3_1x1,1,5,26,2,2,26,0,3,0,2,1,8,2,4
136,136,C3_Conv_3_1x1,1,5,27,3,2,27,0,3,0,3,1,8,2,4
136,136,C3_Conv_3_1x1,1,4,28,2,1,28,0,3,1,0,1,8,2,4
136,136,C3_Conv_3_1x1,1,4,29,3,1,29,0,3,1,1,1,8,2,4
136,136,C3_Conv_3_1x1,1,4,30,2,0,30,0,3,1,2,1,8,2,4
136,136,C3_Conv_3_1x1,1,4,31,3,0,31,0,3,1,3,1,8,2,4
136,136,C3_Conv_3_1x1,1,8,32,4,0,32,0,4,0,0,1,8,2,4
136,136,C3_Conv_3_1x1,1,8,33,5,0,33,0,4,0,1,1,8,2,4
136,136,C3_Conv_3_1x1,1,8,34,4,1,34,0,4,0,2,1,8,2,4
136,136,C3_Conv_3_1x1,1,8,35,5,1,35,0,4,0,3,1,8,2,4
136,136,C3_Conv_3_1x1,1,9,36,4,2,36,0,4,1,0,1,8,2,4
136,136,C3_Conv_3_1x1,1,9,37,5,2,37,0,4,1,1,1,8,2,4
136,136,C3_Conv_3_1x1,1,9,38,4,3,38,0,4,1,2,1,8,2,4
136,136,C3_Conv_3_1x1,1,9,39,5,3,39,0,4,1,3,1,8,2,4
136,136,C3_Conv_3_1x1,1,10,40,4,4,40,0,5,0,0,1,8,2,4
136,136,C3_Conv_3_1x1,1,10,41,5,4,41,0,5,0,1,1,8,2,4
136,136,C3_Conv_3_1x1,1,10,42,4,5,42,0,5,0,2,1,8,2,4
136,136,C3_Conv_3_1x1,1,10,43,5,5,43,0,5,0,3,1,8,2,4
136,136,C3_Conv_3_1x1,1,11,44,4,6,44,0,5,1,0,1,8,2,4
136,136,C3_Conv_3_1x1,1,11,45,5,6,45,0,5,1,1,1,8,2,4
136,136,C3_Conv_3_1x1,1,11,46,4,7,46,0,5,1,2,1,8,2,4
136,136,C3_Conv_3_1x1,1,11,47,5,7,47,0,5,1,3,1,8,2,4
136,136,C3_Conv_3_1x1,1,15,48,6,7,48,0,6,0,0,1,8,2,4
136,136,C3_Conv_3_1x1,1,15,49,7,7,49,0,6,0,1,1,8,2,4
136,136,C3_Conv_3_1x1,1,15,50,6,6,50,0,6,0,2,1,8,2,4
136,136,C3_Conv_3_1x1,1,15,51,7,6,51,0,6,0,3,1,8,2,4
136,136,C3_Conv_3_1x1,1,14,52,6,5,52,0,6,1,0,1,8,2,4
136,136,C3_Conv_3_1x1,1,14,53,7,5,53,0,6,1,1,1,8,2,4
136,136,C3_Conv_3_1x1,1,14,54,6,4,54,0,6,1,2,1,8,2,4
136,136,C3_Conv_3_1x1,1,14,55,7,4,55,0,6,1,3,1,8,2,4
136,136,C3_Conv_3_1x1,1,13,56,6,3,56,0,7,0,0,1,8,2,4
136,136,C3_Conv_3_1x1,1,13,57,7,3,57,0,7,0,1,1,8,2,4
136,136,C3_Conv_3_1x1,1,13,58,6,2,58,0,7,0,2,1,8,2,4
136,136,C3_Conv_3_1x1,1,13,59,7,2,59,0,7,0,3,1,8,2,4
136,136,C3_Conv_3_1x1,1,12,60,6,1,60,0,7,1,0,1,8,2,4
136,136,C3_Conv_3_1x1,1,12,61,7,1,61,0,7,1,1,1,8,2,4
136,136,C3_Conv_3_1x1,1,12,62,6,0,62,0,7,1,2,1,8,2,4
136,136,C3_Conv_3_1x1,1,12,63,7,0,63,0,7,1,3,1,8,2,4
137,137,C3_Eltwise,1,0,0,0,0,0,0,0,0,0,1,8,2,4
137,137,C3_Eltwise,1,0,1,1,0,1,0,0,0,1,1,8,2,4
137,137,C3_Eltwise,1,0,2,0,1,2,0,0,0,2,1,8,2,4
137,137,C3_Eltwise,1,0,3,1,1,3,0,0,0,3,1,8,2,4
137,137,C3_Eltwise,1,1,4,0,2,4,0,0,1,0,1,8,2,4
137,137,C3_Eltwise,1,1,5,1,2,5,0,0,1,1,1,8,2,4
137,137,C3_Eltwise,1,1,6,0,3,6,0,0,1,2,1,8,2,4
137,137,C3_Eltwise,1,1,7,1,3,7,0,0,1,3,1,8,2,4
137,137,C3_Eltwise,1,2,8,0,4,8,0,1,0,0,1,8,2,4
137,137,C3_Eltwise,1,2,9,1,4,9,0,1,0,1,1,8,2,4
137,137,C3_Eltwise,1,2,10,0,5,10,0,1,0,2,1,8,2,4
137,137,C3_Eltwise,1,2,11,1,5,11,0,1,0,3,1,8,2,4
137,137,C3_Eltwise,1,3,12,0,6,12,0,1,1,0,1,8,2,4
137,137,C3_Eltwise,1,3,13,1,6,13,0,1,1,1,1,8,2,4
137,137,C3_Eltwise,1,3,14,0,7,14,0,1,1,2,1,8,2,4
137,137,C3_Eltwise,1,3,15,1,7,15,0,1,1,3,1,8,2,4
137,137,C3_Eltwise,1,7,16,2,7,16,0,2,0,0,1,8,2,4
137,137,C3_Eltwise,1,7,17,3,7,17,0,2,0,1,1,8,2,4
137,137,C3_Eltwise,1,7,18,2,6,18,0,2,0,2,1,8,2,4
137,137,C3_Eltwise,1,7,19,3,6,19,0,2,0,3,1,8,2,4
137,137,C3_Eltwise,1,6,20,2,5,20,0,2,1,0,1,8,2,4
137,137,C3_Eltwise,1,6,21,3,5,21,0,2,1,1,1,8,2,4
137,137,C3_Eltwise,1,6,22,2,4,22,0,2,1,2,1,8,2,4
137,137,C3_Eltwise,1,6,23,3,4,23,0,2,1,3,1,8,2,4
137,137,C3_Eltwise,1,5,24,2,3,24,0,3,0,0,1,8,2,4
137,137,C3_Eltwise,1,5,25,3,3,25,0,3,0,1,1,8,2,4
137,137,C3_Eltwise,1,5,26,2,2,26,0,3,0,2,1,8,2,4
137,137,C3_Eltwise,1,5,27,3,2,27,0,3,0,3,1,8,2,4
137,137,C3_Eltwise,1,4,28,2,1,28,0,3,1,0,1,8,2,4
137,137,C3_Eltwise,1,4,29,3,1,29,0,3,1,1,1,8,2,4
137,137,C3_Eltwise,1,4,30,2,0,30,0,3,1,2,1,8,2,4
137,137,C3_Eltwise,1,4,31,3,0,31,0,3,1,3,1,8,2,4
137,137,C3_Eltwise,1,8,32,4,0,32,0,4,0,0,1,8,2,4
137,137,C3_Eltwise,1,8,33,5,0,33,0,4,0,1,1,8,2,4
137,137,C3_Eltwise,1,8,34,4,1,34,0,4,0,2,1,8,2,4
137,137,C3_Eltwise,1,8,35,5,1,35,0,4,0,3,1,8,2,4
137,137,C3_Eltwise,1,9,36,4,2,36,0,4,1,0,1,8,2,4
137,137,C3_Eltwise,1,9,37,5,2,37,0,4,1,1,1,8,2,4
137,137,C3_Eltwise,1,9,38,4,3,38,0,4,1,2,1,8,2,4
137,137,C3_Eltwise,1,9,39,5,3,39,0,4,1,3,1,8,2,4
137,137,C3_Eltwise,1,10,40,4,4,40,0,5,0,0,1,8,2,4
137,137,C3_Eltwise,1,10,41,5,4,41,0,5,0,1,1,8,2,4
137,137,C3_Eltwise,1,10,42,4,5,42,0,5,0,2,1,8,2,4
137,137,C3_Eltwise,1,10,43,5,5,43,0,5,0,3,1,8,2,4
137,137,C3_Eltwise,1,11,44,4,6,44,0,5,1,0,1,8,2,4
137,137,C3_Eltwise,1,11,45,5,6,45,0,5,1,1,1,8,2,4
137,137,C3_Eltwise,1,11,46,4,7,46,0,5,1,2,1,8,2,4
137,137,C3_Eltwise,1,11,47,5,7,47,0,5,1,3,1,8,2,4
137,137,C3_Eltwise,1,15,48,6,7,48,0,6,0,0,1,8,2,4
137,137,C3_Eltwise,1,15,49,7,7,49,0,6,0,1,1,8,2,4
137,137,C3_Eltwise,1,15,50,6,6,50,0,6,0,2,1,8,2,4
137,137,C3_Eltwise,1,15,51,7,6,51,0,6,0,3,1,8,2,4
137,137,C3_Eltwise,1,14,52,6,5,52,0,6,1,0,1,8,2,4
137,137,C3_Eltwise,1,14,53,7,5,53,0,6,1,1,1,8,2,4
137,137,C3_Eltwise,1,14,54,6,4,54,0,6,1,2,1,8,2,4
137,137,C3_Eltwise,1,14,55,7,4,55,0,6,1,3,1,8,2,4
137,137,C3_Eltwise,1,13,56,6,3,56,0,7,0,0,1,8,2,4
137,137,C3_Eltwise,1,13,57,7,3,57,0,7,0,1,1,8,2,4
137,137,C3_Eltwise,1,13,58,6,2,58,0,7,0,2,1,8,2,4
137,137,C3_Eltwise,1,13,59,7,2,59,0,7,0,3,1,8,2,4
137,137,C3_Eltwise,1,12,60,6,1,60,0,7,1,0,1,8,2,4
137,137,C3_Eltwise,1,12,61,7,1,61,0,7,1,1,1,8,2,4
137,137,C3_Eltwise,1,12,62,6,0,62,0,7,1,2,1,8,2,4
137,137,C3_Eltwise,1,12,63,7,0,63,0,7,1,3,1,8,2,4
138,138,C4_Conv_1a_1x1,1,0,0,0,0,0,0,0,0,0,1,8,4,2
138,138,C4_Conv_1a_1x1,1,0,1,1,0,1,0,0,0,1,1,8,4,2
138,138,C4_Conv_1a_1x1,1,0,2,0,1,2,0,0,1,0,1,8,4,2
138,138,C4_Conv_1a_1x1,1,0,3,1,1,3,0,0,1,1,1,8,4,2
138,138,C4_Conv_1a_1x1,1,1,4,0,2,4,0,0,2,0,1,8,4,2
138,138,C4_Conv_1a_1x1,1,1,5,1,2,5,0,0,2,1,1,8,4,2
138,138,C4_Conv_1a_1x1,1,1,6,0,3,6,0,0,3,0,1,8,4,2
138,138,C4_Conv_1a_1x1,1,1,7,1,3,7,0,0,3,1,1,8,4,2
138,138,C4_Conv_1a_1x1,1,2,8,0,4,8,0,1,0,0,1,8,4,2
138,138,C4_Conv_1a_1x1,1,2,9,1,4,9,0,1,0,1,1,8,4,2
138,138,C4_Conv_1a_1x1,1,2,10,0,5,10,0,1,1,0,1,8,4,2
138,138,C4_Conv_1a_1x1,1,2,11,1,5,11,0,1,1,1,1,8,4,2
138,138,C4_Conv_1a_1x1,1,3,12,0,6,12,0,1,2,0,1,8,4,2
138,138,C4_Conv_1a_1x1,1,3,13,1,6,13,0,1,2,1,1,8,4,2
138,138,C4_Conv_1a_1x1,1,3,14,0,7,14,0,1,3,0,1,8,4,2
138,138,C4_Conv_1a_1x1,1,3,15,1,7,15,0,1,3,1,1,8,4,2
138,138,C4_Conv_1a_1x1,1,7,16,2,7,16,0,2,0,0,1,8,4,2
138,138,C4_Conv_1a_1x1,1,7,17,3,7,17,0,2,0,1,1,8,4,2
138,138,C4_Conv_1a_1x1,1,7,18,2,6,18,0,2,1,0,1,8,4,2
138,138,C4_Conv_1a_1x1,1,7,19,3,6,19,0,2,1,1,1,8,4,2
138,138,C4_Conv_1a_1x1,1,6,20,2,5,20,0,2,2,0,1,8,4,2
138,138,C4_Conv_1a_1x1,1,6,21,3,5,21,0,2,2,1,1,8,4,2
138,138,C4_Conv_1a_1x1,1,6,22,2,4,22,0,2,3,0,1,8,4,2
138,138,C4_Conv_1a_1x1,1,6,23,3,4,23,0,2,3,1,1,8,4,2
138,138,C4_Conv_1a_1x1,1,5,24,2,3,24,0,3,0,0,1,8,4,2
138,138,C4_Conv_1a_1x1,1,5,25,3,3,25,0,3,0,1,1,8,4,2
138,138,C4_Conv_1a_1x1,1,5,26,2,2,26,0,3,1,0,1,8,4,2
138,138,C4_Conv_1a_1x1,1,5,27,3,2,27,0,3,1,1,1,8,4,2
138,138,C4_Conv_1a_1x1,1,4,28,2,1,28,0,3,2,0,1,8,4,2
138,138,C4_Conv_1a_1x1,1,4,29,3,1,29,0,3,2,1,1,8,4,2
138,138,C4_Conv_1a_1x1,1,4,30,2,0,30,0,3,3,0,1,8,4,2
138,138,C4_Conv_1a_1x1,1,4,31,3,0,31,0,3,3,1,1,8,4,2
138,138,C4_Conv_1a_1x1,1,8,32,4,0,32,0,4,0,0,1,8,4,2
138,138,C4_Conv_1a_1x1,1,8,33,5,0,33,0,4,0,1,1,8,4,2
138,138,C4_Conv_1a_1x1,1,8,34,4,1,34,0,4,1,0,1,8,4,2
138,138,C4_Conv_1a_1x1,1,8,35,5,1,35,0,4,1,1,1,8,4,2
138,138,C4_Conv_1a_1x1,1,9,36,4,2,36,0,4,2,0,1,8,4,2
138,138,C4_Conv_1a_1x1,1,9,37,5,2,37,0,4,2,1,1,8,4,2
138,138,C4_Conv_1a_1x1,1,9,38,4,3,38,0,4,3,0,1,8,4,2
138,138,C4_Conv_1a_1x1,1,9,39,5,3,39,0,4,3,1,1,8,4,2
138,138,C4_Conv_1a_1x1,1,10,40,4,4,40,0,5,0,0,1,8,4,2
138,138,C4_Conv_1a_1x1,1,10,41,5,4,41,0,5,0,1,1,8,4,2
138,138,C4_Conv_1a_1x1,1,10,42,4,5,42,0,5,1,0,1,8,4,2
138,138,C4_Conv_1a_1x1,1,10,43,5,5,43,0,5,1,1,1,8,4,2
138,138,C4_Conv_1a_1x1,1,11,44,4,6,44,0,5,2,0,1,8,4,2
138,138,C4_Conv_1a_1x1,1,11,45,5,6,45,0,5,2,1,1,8,4,2
138,138,C4_Conv_1a_1x1,1,11,46,4,7,46,0,5,3,0,1,8,4,2
138,138,C4_Conv_1a_1x1,1,11,47,5,7,47,0,5,3,1,1,8,4,2
138,138,C4_Conv_1a_1x1,1,15,48,6,7,48,0,6,0,0,1,8,4,2
138,138,C4_Conv_1a_1x1,1,15,49,7,7,49,0,6,0,1,1,8,4,2
138,138,C4_Conv_1a_1x1,1,15,50,6,6,50,0,6,1,0,1,8,4,2
138,138,C4_Conv_1a_1x1,1,15,51,7,6,51,0,6,1,1,1,8,4,2
138,138,C4_Conv_1a_1x1,1,14,52,6,5,52,0,6,2,0,1,8,4,2
138,138,C4_Conv_1a_1x1,1,14,53,7,5,53,0,6,2,1,1,8,4,2
138,138,C4_Conv_1a_1x1,1,14,54,6,4,54,0,6,3,0,1,8,4,2
138,138,C4_Conv_1a_1x1,1,14,55,7,4,55,0,6,3,1,1,8,4,2
138,138,C4_Conv_1a_1x1,1,13,56,6,3,56,0,7,0,0,1,8,4,2
138,138,C4_Conv_1a_1x1,1,13,57,7,3,57,0,7,0,1,1,8,4,2
138,138,C4_Conv_1a_1x1,1,13,58,6,2,58,0,7,1,0,1,8,4,2
138,138,C4_Conv_1a_1x1,1,13,59,7,2,59,0,7,1,1,1,8,4,2
138,138,C4_Conv_1a_1x1,1,12,60,6,1,60,0,7,2,0,1,8,4,2
138,138,C4_Conv_1a_1x1,1,12,61,7,1,61,0,7,2,1,1,8,4,2
138,138,C4_Conv_1a_1x1,1,12,62,6,0,62,0,7,3,0,1,8,4,2
138,138,C4_Conv_1a_1x1,1,12,63,7,0,63,0,7,3,1,1,8,4,2
139,139,C4_Conv_2a_1x1,1,0,0,0,0,0,0,0,0,0,1,8,4,2
139,139,C4_Conv_2a_1x1,1,0,1,1,0,1,0,0,0,1,1,8,4,2
139,139,C4_Conv_2a_1x1,1,0,2,0,1,2,0,0,1,0,1,8,4,2
139,139,C4_Conv_2a_1x1,1,0,3,1,1,3,0,0,1,1,1,8,4,2
139,139,C4_Conv_2a_1x1,1,1,4,0,2,4,0,0,2,0,1,8,4,2
139,139,C4_Conv_2a_1x1,1,1,5,1,2,5,0,0,2,1,1,8,4,2
139,139,C4_Conv_2a_1x1,1,1,6,0,3,6,0,0,3,0,1,8,4,2
139,139,C4_Conv_2a_1x1,1,1,7,1,3,7,0,0,3,1,1,8,4,2
139,139,C4_Conv_2a_1x1,1,2,8,0,4,8,0,1,0,0,1,8,4,2
139,139,C4_Conv_2a_1x1,1,2,9,1,4,9,0,1,0,1,1,8,4,2
139,139,C4_Conv_2a_1x1,1,2,10,0,5,10,0,1,1,0,1,8,4,2
139,139,C4_Conv_2a_1x1,1,2,11,1,5,11,0,1,1,1,1,8,4,2
139,139,C4_Conv_2a_1x1,1,3,12,0,6,12,0,1,2,0,1,8,4,2
139,139,C4_Conv_2a_1x1,1,3,13,1,6,13,0,1,2,1,1,8,4,2
139,139,C4_Conv_2a_1x1,1,3,14,0,7,14,0,1,3,0,1,8,4,2
139,139,C4_Conv_2a_1x1,1,3,15,1,7,15,0,1,3,1,1,8,4,2
139,139,C4_Conv_2a_1x1,1,7,16,2,7,16,0,2,0,0,1,8,4,2
139,139,C4_Conv_2a_1x1,1,7,17,3,7,17,0,2,0,1,1,8,4,2
139,139,C4_Conv_2a_1x1,1,7,18,2,6,18,0,2,1,0,1,8,4,2
139,139,C4_Conv_2a_1x1,1,7,19,3,6,19,0,2,1,1,1,8,4,2
139,139,C4_Conv_2a_1x1,1,6,20,2,5,20,0,2,2,0,1,8,4,2
139,139,C4_Conv_2a_1x1,1,6,21,3,5,21,0,2,2,1,1,8,4,2
139,139,C4_Conv_2a_1x1,1,6,22,2,4,22,0,2,3,0,1,8,4,2
139,139,C4_Conv_2a_1x1,1,6,23,3,4,23,0,2,3,1,1,8,4,2
139,139,C4_Conv_2a_1x1,1,5,24,2,3,24,0,3,0,0,1,8,4,2
139,139,C4_Conv_2a_1x1,1,5,25,3,3,25,0,3,0,1,1,8,4,2
139,139,C4_Conv_2a_1x1,1,5,26,2,2,26,0,3,1,0,1,8,4,2
139,139,C4_Conv_2a_1x1,1,5,27,3,2,27,0,3,1,1,1,8,4,2
139,139,C4_Conv_2a_1x1,1,4,28,2,1,28,0,3,2,0,1,8,4,2
139,139,C4_Conv_2a_1x1,1,4,29,3,1,29,0,3,2,1,1,8,4,2
139,139,C4_Conv_2a_1x1,1,4,30,2,0,30,0,3,3,0,1,8,4,2
139,139,C4_Conv_2a_1x1,1,4,31,3,0,31,0,3,3,1,1,8,4,2
139,139,C4_Conv_2a_1x1,1,8,32,4,0,32,0,4,0,0,1,8,4,2
139,139,C4_Conv_2a_1x1,1,8,33,5,0,33,0,4,0,1,1,8,4,2
139,139,C4_Conv_2a_1x1,1,8,34,4,1,34,0,4,1,0,1,8,4,2
139,139,C4_Conv_2a_1x1,1,8,35,5,1,35,0,4,1,1,1,8,4,2
139,139,C4_Conv_2a_1x1,1,9,36,4,2,36,0,4,2,0,1,8,4,2
139,139,C4_Conv_2a_1x1,1,9,37,5,2,37,0,4,2,1,1,8,4,2
139,139,C4_Conv_2a_1x1,1,9,38,4,3,38,0,4,3,0,1,8,4,2
139,139,C4_Conv_2a_1x1,1,9,39,5,3,39,0,4,3,1,1,8,4,2
139,139,C4_Conv_2a_1x1,1,10,40,4,4,40,0,5,0,0,1,8,4,2
139,139,C4_Conv_2a_1x1,1,10,41,5,4,41,0,5,0,1,1,8,4,2
139,139,C4_Conv_2a_1x1,1,10,42,4,5,42,0,5,1,0,1,8,4,2
139,139,C4_Conv_2a_1x1,1,10,43,5,5,43,0,5,1,1,1,8,4,2
139,139,C4_Conv_2a_1x1,1,11,44,4,6,44,0,5,2,0,1,8,4,2
139,139,C4_Conv_2a_1x1,1,11,45,5,6,45,0,5,2,1,1,8,4,2
139,139,C4_Conv_2a_1x1,1,11,46,4,7,46,0,5,3,0,1,8,4,2
139,139,C4_Conv_2a_1x1,1,11,47,5,7,47,0,5,3,1,1,8,4,2
139,139,C4_Conv_2a_1x1,1,15,48,6,7,48,0,6,0,0,1,8,4,2
139,139,C4_Conv_2a_1x1,1,15,49,7,7,49,0,6,0,1,1,8,4,2
139,139,C4_Conv_2a_1x1,1,15,50,6,6,50,0,6,1,0,1,8,4,2
139,139,C4_Conv_2a_1x1,1,15,51,7,6,51,0,6,1,1,1,8,4,2
139,139,C4_Conv_2a_1x1,1,14,52,6,5,52,0,6,2,0,1,8,4,2
139,139,C4_Conv_2a_1x1,1,14,53,7,5,53,0,6,2,1,1,8,4,2
139,139,C4_Conv_2a_1x1,1,14,54,6,4,54,0,6,3,0,1,8,4,2
139,139,C4_Conv_2a_1x1,1,14,55,7,4,55,0,6,3,1,1,8,4,2
139,139,C4_Conv_2a_1x1,1,13,56,6,3,56,0,7,0,0,1,8,4,2
139,139,C4_Conv_2a_1x1,1,13,57,7,3,57,0,7,0,1,1,8,4,2
139,139,C4_Conv_2a_1x1,1,13,58,6,2,58,0,7,1,0,1,8,4,2
139,139,C4_Conv_2a_1x1,1,13,59,7,2,59,0,7,1,1,1,8,4,2
139,139,C4_Conv_2a_1x1,1,12,60,6,1,60,0,7,2,0,1,8,4,2
139,139,C4_Conv_2a_1x1,1,12,61,7,1,61,0,7,2,1,1,8,4,2
139,139,C4_Conv_2a_1x1,1,12,62,6,0,62,0,7,3,0,1,8,4,2
139,139,C4_Conv_2a_1x1,1,12,63,7,0,63,0,7,3,1,1,8,4,2
140,140,C4_Conv_2b_1x3,1,0,0,0,0,0,0,0,0,0,1,8,4,2
140,140,C4_Conv_2b_1x3,1,0,1,1,0,1,0,0,0,1,1,8,4,2
140,140,C4_Conv_2b_1x3,1,0,2,0,1,2,0,0,1,0,1,8,4,2
140,140,C4_Conv_2b_1x3,1,0,3,1,1,3,0,0,1,1,1,8,4,2
140,140,C4_Conv_2b_1x3,1,1,4,0,2,4,0,0,2,0,1,8,4,2
140,140,C4_Conv_2b_1x3,1,1,5,1,2,5,0,0,2,1,1,8,4,2
140,140,C4_Conv_2b_1x3,1,1,6,0,3,6,0,0,3,0,1,8,4,2
140,140,C4_Conv_2b_1x3,1,1,7,1,3,7,0,0,3,1,1,8,4,2
140,140,C4_Conv_2b_1x3,1,2,8,0,4,8,0,1,0,0,1,8,4,2
140,140,C4_Conv_2b_1x3,1,2,9,1,4,9,0,1,0,1,1,8,4,2
140,140,C4_Conv_2b_1x3,1,2,10,0,5,10,0,1,1,0,1,8,4,2
140,140,C4_Conv_2b_1x3,1,2,11,1,5,11,0,1,1,1,1,8,4,2
140,140,C4_Conv_2b_1x3,1,3,12,0,6,12,0,1,2,0,1,8,4,2
140,140,C4_Conv_2b_1x3,1,3,13,1,6,13,0,1,2,1,1,8,4,2
140,140,C4_Conv_2b_1x3,1,3,14,0,7,14,0,1,3,0,1,8,4,2
140,140,C4_Conv_2b_1x3,1,3,15,1,7,15,0,1,3,1,1,8,4,2
140,140,C4_Conv_2b_1x3,1,7,16,2,7,16,0,2,0,0,1,8,4,2
140,140,C4_Conv_2b_1x3,1,7,17,3,7,17,0,2,0,1,1,8,4,2
140,140,C4_Conv_2b_1x3,1,7,18,2,6,18,0,2,1,0,1,8,4,2
140,140,C4_Conv_2b_1x3,1,7,19,3,6,19,0,2,1,1,1,8,4,2
140,140,C4_Conv_2b_1x3,1,6,20,2,5,20,0,2,2,0,1,8,4,2
140,140,C4_Conv_2b_1x3,1,6,21,3,5,21,0,2,2,1,1,8,4,2
140,140,C4_Conv_2b_1x3,1,6,22,2,4,22,0,2,3,0,1,8,4,2
140,140,C4_Conv_2b_1x3,1,6,23,3,4,23,0,2,3,1,1,8,4,2
140,140,C4_Conv_2b_1x3,1,5,24,2,3,24,0,3,0,0,1,8,4,2
140,140,C4_Conv_2b_1x3,1,5,25,3,3,25,0,3,0,1,1,8,4,2
140,140,C4_Conv_2b_1x3,1,5,26,2,2,26,0,3,1,0,1,8,4,2
140,140,C4_Conv_2b_1x3,1,5,27,3,2,27,0,3,1,1,1,8,4,2
140,140,C4_Conv_2b_1x3,1,4,28,2,1,28,0,3,2,0,1,8,4,2
140,140,C4_Conv_2b_1x3,1,4,29,3,1,29,0,3,2,1,1,8,4,2
140,140,C4_Conv_2b_1x3,1,4,30,2,0,30,0,3,3,0,1,8,4,2
140,140,C4_Conv_2b_1x3,1,4,31,3,0,31,0,3,3,1,1,8,4,2
140,140,C4_Conv_2b_1x3,1,8,32,4,0,32,0,4,0,0,1,8,4,2
140,140,C4_Conv_2b_1x3,1,8,33,5,0,33,0,4,0,1,1,8,4,2
140,140,C4_Conv_2b_1x3,1,8,34,4,1,34,0,4,1,0,1,8,4,2
140,140,C4_Conv_2b_1x3,1,8,35,5,1,35,0,4,1,1,1,8,4,2
140,140,C4_Conv_2b_1x3,1,9,36,4,2,36,0,4,2,0,1,8,4,2
140,140,C4_Conv_2b_1x3,1,9,37,5,2,37,0,4,2,1,1,8,4,2
140,140,C4_Conv_2b_1x3,1,9,38,4,3,38,0,4,3,0,1,8,4,2
140,140,C4_Conv_2b_1x3,1,9,39,5,3,39,0,4,3,1,1,8,4,2
140,140,C4_Conv_2b_1x3,1,10,40,4,4,40,0,5,0,0,1,8,4,2
140,140,C4_Conv_2b_1x3,1,10,41,5,4,41,0,5,0,1,1,8,4,2
140,140,C4_Conv_2b_1x3,1,10,42,4,5,42,0,5,1,0,1,8,4,2
140,140,C4_Conv_2b_1x3,1,10,43,5,5,43,0,5,1,1,1,8,4,2
140,140,C4_Conv_2b_1x3,1,11,44,4,6,44,0,5,2,0,1,8,4,2
140,140,C4_Conv_2b_1x3,1,11,45,5,6,45,0,5,2,1,1,8,4,2
140,140,C4_Conv_2b_1x3,1,11,46,4,7,46,0,5,3,0,1,8,4,2
140,140,C4_Conv_2b_1x3,1,11,47,5,7,47,0,5,3,1,1,8,4,2
140,140,C4_Conv_2b_1x3,1,15,48,6,7,48,0,6,0,0,1,8,4,2
140,140,C4_Conv_2b_1x3,1,15,49,7,7,49,0,6,0,1,1,8,4,2
140,140,C4_Conv_2b_1x3,1,15,50,6,6,50,0,6,1,0,1,8,4,2
140,140,C4_Conv_2b_1x3,1,15,51,7,6,51,0,6,1,1,1,8,4,2
140,140,C4_Conv_2b_1x3,1,14,52,6,5,52,0,6,2,0,1,8,4,2
140,140,C4_Conv_2b_1x3,1,14,53,7,5,53,0,6,2,1,1,8,4,2
140,140,C4_Conv_2b_1x3,1,14,54,6,4,54,0,6,3,0,1,8,4,2
140,140,C4_Conv_2b_1x3,1,14,55,7,4,55,0,6,3,1,1,8,4,2
140,140,C4_Conv_2b_1x3,1,13,56,6,3,56,0,7,0,0,1,8,4,2
140,140,C4_Conv_2b_1x3,1,13,57,7,3,57,0,7,0,1,1,8,4,2
140,140,C4_Conv_2b_1x3,1,13,58,6,2,58,0,7,1,0,1,8,4,2
140,140,C4_Conv_2b_1x3,1,13,59,7,2,59,0,7,1,1,1,8,4,2
140,140,C4_Conv_2b_1x3,1,12,60,6,1,60,0,7,2,0,1,8,4,2
140,140,C4_Conv_2b_1x3,1,12,61,7,1,61,0,7,2,1,1,8,4,2
140,140,C4_Conv_2b_1x3,1,12,62,6,0,62,0,7,3,0,1,8,4,2
140,140,C4_Conv_2b_1x3,1,12,63,7,0,63,0,7,3,1,1,8,4,2
141,141,C4_Conv_2c_3x1,1,0,0,0,0,0,0,0,0,0,1,8,4,2
141,141,C4_Conv_2c_3x1,1,0,1,1,0,1,0,0,0,1,1,8,4,2
141,141,C4_Conv_2c_3x1,1,0,2,0,1,2,0,0,1,0,1,8,4,2
141,141,C4_Conv_2c_3x1,1,0,3,1,1,3,0,0,1,1,1,8,4,2
141,141,C4_Conv_2c_3x1,1,1,4,0,2,4,0,0,2,0,1,8,4,2
141,141,C4_Conv_2c_3x1,1,1,5,1,2,5,0,0,2,1,1,8,4,2
141,141,C4_Conv_2c_3x1,1,1,6,0,3,6,0,0,3,0,1,8,4,2
141,141,C4_Conv_2c_3x1,1,1,7,1,3,7,0,0,3,1,1,8,4,2
141,141,C4_Conv_2c_3x1,1,2,8,0,4,8,0,1,0,0,1,8,4,2
141,141,C4_Conv_2c_3x1,1,2,9,1,4,9,0,1,0,1,1,8,4,2
141,141,C4_Conv_2c_3x1,1,2,10,0,5,10,0,1,1,0,1,8,4,2
141,141,C4_Conv_2c_3x1,1,2,11,1,5,11,0,1,1,1,1,8,4,2
141,141,C4_Conv_2c_3x1,1,3,12,0,6,12,0,1,2,0,1,8,4,2
141,141,C4_Conv_2c_3x1,1,3,13,1,6,13,0,1,2,1,1,8,4,2
141,141,C4_Conv_2c_3x1,1,3,14,0,7,14,0,1,3,0,1,8,4,2
141,141,C4_Conv_2c_3x1,1,3,15,1,7,15,0,1,3,1,1,8,4,2
141,141,C4_Conv_2c_3x1,1,7,16,2,7,16,0,2,0,0,1,8,4,2
141,141,C4_Conv_2c_3x1,1,7,17,3,7,17,0,2,0,1,1,8,4,2
141,141,C4_Conv_2c_3x1,1,7,18,2,6,18,0,2,1,0,1,8,4,2
141,141,C4_Conv_2c_3x1,1,7,19,3,6,19,0,2,1,1,1,8,4,2
141,141,C4_Conv_2c_3x1,1,6,20,2,5,20,0,2,2,0,1,8,4,2
141,141,C4_Conv_2c_3x1,1,6,21,3,5,21,0,2,2,1,1,8,4,2
141,141,C4_Conv_2c_3x1,1,6,22,2,4,22,0,2,3,0,1,8,4,2
141,141,C4_Conv_2c_3x1,1,6,23,3,4,23,0,2,3,1,1,8,4,2
141,141,C4_Conv_2c_3x1,1,5,24,2,3,24,0,3,0,0,1,8,4,2
141,141,C4_Conv_2c_3x1,1,5,25,3,3,25,0,3,0,1,1,8,4,2
141,141,C4_Conv_2c_3x1,1,5,26,2,2,26,0,3,1,0,1,8,4,2
141,141,C4_Conv_2c_3x1,1,5,27,3,2,27,0,3,1,1,1,8,4,2
141,141,C4_Conv_2c_3x1,1,4,28,2,1,28,0,3,2,0,1,8,4,2
141,141,C4_Conv_2c_3x1,1,4,29,3,1,29,0,3,2,1,1,8,4,2
141,141,C4_Conv_2c_3x1,1,4,30,2,0,30,0,3,3,0,1,8,4,2
141,141,C4_Conv_2c_3x1,1,4,31,3,0,31,0,3,3,1,1,8,4,2
141,141,C4_Conv_2c_3x1,1,8,32,4,0,32,0,4,0,0,1,8,4,2
141,141,C4_Conv_2c_3x1,1,8,33,5,0,33,0,4,0,1,1,8,4,2
141,141,C4_Conv_2c_3x1,1,8,34,4,1,34,0,4,1,0,1,8,4,2
141,141,C4_Conv_2c_3x1,1,8,35,5,1,35,0,4,1,1,1,8,4,2
141,141,C4_Conv_2c_3x1,1,9,36,4,2,36,0,4,2,0,1,8,4,2
141,141,C4_Conv_2c_3x1,1,9,37,5,2,37,0,4,2,1,1,8,4,2
141,141,C4_Conv_2c_3x1,1,9,38,4,3,38,0,4,3,0,1,8,4,2
141,141,C4_Conv_2c_3x1,1,9,39,5,3,39,0,4,3,1,1,8,4,2
141,141,C4_Conv_2c_3x1,1,10,40,4,4,40,0,5,0,0,1,8,4,2
141,141,C4_Conv_2c_3x1,1,10,41,5,4,41,0,5,0,1,1,8,4,2
141,141,C4_Conv_2c_3x1,1,10,42,4,5,42,0,5,1,0,1,8,4,2
141,141,C4_Conv_2c_3x1,1,10,43,5,5,43,0,5,1,1,1,8,4,2
141,141,C4_Conv_2c_3x1,1,11,44,4,6,44,0,5,2,0,1,8,4,2
141,141,C4_Conv_2c_3x1,1,11,45,5,6,45,0,5,2,1,1,8,4,2
141,141,C4_Conv_2c_3x1,1,11,46,4,7,46,0,5,3,0,1,8,4,2
141,141,C4_Conv_2c_3x1,1,11,47,5,7,47,0,5,3,1,1,8,4,2
141,141,C4_Conv_2c_3x1,1,15,48,6,7,48,0,6,0,0,1,8,4,2
141,141,C4_Conv_2c_3x1,1,15,49,7,7,49,0,6,0,1,1,8,4,2
141,141,C4_Conv_2c_3x1,1,15,50,6,6,50,0,6,1,0,1,8,4,2
141,141,C4_Conv_2c_3x1,1,15,51,7,6,51,0,6,1,1,1,8,4,2
141,141,C4_Conv_2c_3x1,1,14,52,6,5,52,0,6,2,0,1,8,4,2
141,141,C4_Conv_2c_3x1,1,14,53,7,5,53,0,6,2,1,1,8,4,2
141,141,C4_Conv_2c_3x1,1,14,54,6,4,54,0,6,3,0,1,8,4,2
141,141,C4_Conv_2c_3x1,1,14,55,7,4,55,0,6,3,1,1,8,4,2
141,141,C4_Conv_2c_3x1,1,13,56,6,3,56,0,7,0,0,1,8,4,2
141,141,C4_Conv_2c_3x1,1,13,57,7,3,57,0,7,0,1,1,8,4,2
141,141,C4_Conv_2c_3x1,1,13,58,6,2,58,0,7,1,0,1,8,4,2
141,141,C4_Conv_2c_3x1,1,13,59,7,2,59,0,7,1,1,1,8,4,2
141,141,C4_Conv_2c_3x1,1,12,60,6,1,60,0,7,2,0,1,8,4,2
141,141,C4_Conv_2c_3x1,1,12,61,7,1,61,0,7,2,1,1,8,4,2
141,141,C4_Conv_2c_3x1,1,12,62,6,0,62,0,7,3,0,1,8,4,2
141,141,C4_Conv_2c_3x1,1,12,63,7,0,63,0,7,3,1,1,8,4,2
142,142,C4_Conv_3_1x1,1,0,0,0,0,0,0,0,0,0,1,8,2,4
142,142,C4_Conv_3_1x1,1,0,1,1,0,1,0,0,0,1,1,8,2,4
142,142,C4_Conv_3_1x1,1,0,2,0,1,2,0,0,0,2,1,8,2,4
142,142,C4_Conv_3_1x1,1,0,3,1,1,3,0,0,0,3,1,8,2,4
142,142,C4_Conv_3_1x1,1,1,4,0,2,4,0,0,1,0,1,8,2,4
142,142,C4_Conv_3_1x1,1,1,5,1,2,5,0,0,1,1,1,8,2,4
142,142,C4_Conv_3_1x1,1,1,6,0,3,6,0,0,1,2,1,8,2,4
142,142,C4_Conv_3_1x1,1,1,7,1,3,7,0,0,1,3,1,8,2,4
142,142,C4_Conv_3_1x1,1,2,8,0,4,8,0,1,0,0,1,8,2,4
142,142,C4_Conv_3_1x1,1,2,9,1,4,9,0,1,0,1,1,8,2,4
142,142,C4_Conv_3_1x1,1,2,10,0,5,10,0,1,0,2,1,8,2,4
142,142,C4_Conv_3_1x1,1,2,11,1,5,11,0,1,0,3,1,8,2,4
142,142,C4_Conv_3_1x1,1,3,12,0,6,12,0,1,1,0,1,8,2,4
142,142,C4_Conv_3_1x1,1,3,13,1,6,13,0,1,1,1,1,8,2,4
142,142,C4_Conv_3_1x1,1,3,14,0,7,14,0,1,1,2,1,8,2,4
142,142,C4_Conv_3_1x1,1,3,15,1,7,15,0,1,1,3,1,8,2,4
142,142,C4_Conv_3_1x1,1,7,16,2,7,16,0,2,0,0,1,8,2,4
142,142,C4_Conv_3_1x1,1,7,17,3,7,17,0,2,0,1,1,8,2,4
142,142,C4_Conv_3_1x1,1,7,18,2,6,18,0,2,0,2,1,8,2,4
142,142,C4_Conv_3_1x1,1,7,19,3,6,19,0,2,0,3,1,8,2,4
142,142,C4_Conv_3_1x1,1,6,20,2,5,20,0,2,1,0,1,8,2,4
142,142,C4_Conv_3_1x1,1,6,21,3,5,21,0,2,1,1,1,8,2,4
142,142,C4_Conv_3_1x1,1,6,22,2,4,22,0,2,1,2,1,8,2,4
142,142,C4_Conv_3_1x1,1,6,23,3,4,23,0,2,1,3,1,8,2,4
142,142,C4_Conv_3_1x1,1,5,24,2,3,24,0,3,0,0,1,8,2,4
142,142,C4_Conv_3_1x1,1,5,25,3,3,25,0,3,0,1,1,8,2,4
142,142,C4_Conv_3_1x1,1,5,26,2,2,26,0,3,0,2,1,8,2,4
142,142,C4_Conv_3_1x1,1,5,27,3,2,27,0,3,0,3,1,8,2,4
142,142,C4_Conv_3_1x1,1,4,28,2,1,28,0,3,1,0,1,8,2,4
142,142,C4_Conv_3_1x1,1,4,29,3,1,29,0,3,1,1,1,8,2,4
142,142,C4_Conv_3_1x1,1,4,30,2,0,30,0,3,1,2,1,8,2,4
142,142,C4_Conv_3_1x1,1,4,31,3,0,31,0,3,1,3,1,8,2,4
142,142,C4_Conv_3_1x1,1,8,32,4,0,32,0,4,0,0,1,8,2,4
142,142,C4_Conv_3_1x1,1,8,33,5,0,33,0,4,0,1,1,8,2,4
142,142,C4_Conv_3_1x1,1,8,34,4,1,34,0,4,0,2,1,8,2,4
142,142,C4_Conv_3_1x1,1,8,35,5,1,35,0,4,0,3,1,8,2,4
142,142,C4_Conv_3_1x1,1,9,36,4,2,36,0,4,1,0,1,8,2,4
142,142,C4_Conv_3_1x1,1,9,37,5,2,37,0,4,1,1,1,8,2,4
142,142,C4_Conv_3_1x1,1,9,38,4,3,38,0,4,1,2,1,8,2,4
142,142,C4_Conv_3_1x1,1,9,39,5,3,39,0,4,1,3,1,8,2,4
142,142,C4_Conv_3_1x1,1,10,40,4,4,40,0,5,0,0,1,8,2,4
142,142,C4_Conv_3_1x1,1,10,41,5,4,41,0,5,0,1,1,8,2,4
142,142,C4_Conv_3_1x1,1,10,42,4,5,42,0,5,0,2,1,8,2,4
142,142,C4_Conv_3_1x1,1,10,43,5,5,43,0,5,0,3,1,8,2,4
142,142,C4_Conv_3_1x1,1,11,44,4,6,44,0,5,1,0,1,8,2,4
142,142,C4_Conv_3_1x1,1,11,45,5,6,45,0,5,1,1,1,8,2,4
142,142,C4_Conv_3_1x1,1,11,46,4,7,46,0,5,1,2,1,8,2,4
142,142,C4_Conv_3_1x1,1,11,47,5,7,47,0,5,1,3,1,8,2,4
142,142,C4_Conv_3_1x1,1,15,48,6,7,48,0,6,0,0,1,8,2,4
142,142,C4_Conv_3_1x1,1,15,49,7,7,49,0,6,0,1,1,8,2,4
142,142,C4_Conv_3_1x1,1,15,50,6,6,50,0,6,0,2,1,8,2,4
142,142,C4_Conv_3_1x1,1,15,51,7,6,51,0,6,0,3,1,8,2,4
142,142,C4_Conv_3_1x1,1,14,52,6,5,52,0,6,1,0,1,8,2,4
142,142,C4_Conv_3_1x1,1,14,53,7,5,53,0,6,1,1,1,8,2,4
142,142,C4_Conv_3_1x1,1,14,54,6,4,54,0,6,1,2,1,8,2,4
142,142,C4_Conv_3_1x1,1,14,55,7,4,55,0,6,1,3,1,8,2,4
142,142,C4_Conv_3_1x1,1,13,56,6,3,56,0,7,0,0,1,8,2,4
142,142,C4_Conv_3_1x1,1,13,57,7,3,57,0,7,0,1,1,8,2,4
142,142,C4_Conv_3_1x1,1,13,58,6,2,58,0,7,0,2,1,8,2,4
142,142,C4_Conv_3_1x1,1,13,59,7,2,59,0,7,0,3,1,8,2,4
142,142,C4_Conv_3_1x1,1,12,60,6,1,60,0,7,1,0,1,8,2,4
142,142,C4_Conv_3_1x1,1,12,61,7,1,61,0,7,1,1,1,8,2,4
142,142,C4_Conv_3_1x1,1,12,62,6,0,62,0,7,1,2,1,8,2,4
142,142,C4_Conv_3_1x1,1,12,63,7,0,63,0,7,1,3,1,8,2,4
143,143,C4_Eltwise,1,0,0,0,0,0,0,0,0,0,1,8,2,4
143,143,C4_Eltwise,1,0,1,1,0,1,0,0,0,1,1,8,2,4
143,143,C4_Eltwise,1,0,2,0,1,2,0,0,0,2,1,8,2,4
143,143,C4_Eltwise,1,0,3,1,1,3,0,0,0,3,1,8,2,4
143,143,C4_Eltwise,1,1,4,0,2,4,0,0,1,0,1,8,2,4
143,143,C4_Eltwise,1,1,5,1,2,5,0,0,1,1,1,8,2,4
143,143,C4_Eltwise,1,1,6,0,3,6,0,0,1,2,1,8,2,4
143,143,C4_Eltwise,1,1,7,1,3,7,0,0,1,3,1,8,2,4
143,143,C4_Eltwise,1,2,8,0,4,8,0,1,0,0,1,8,2,4
143,143,C4_Eltwise,1,2,9,1,4,9,0,1,0,1,1,8,2,4
143,143,C4_Eltwise,1,2,10,0,5,10,0,1,0,2,1,8,2,4
143,143,C4_Eltwise,1,2,11,1,5,11,0,1,0,3,1,8,2,4
143,143,C4_Eltwise,1,3,12,0,6,12,0,1,1,0,1,8,2,4
143,143,C4_Eltwise,1,3,13,1,6,13,0,1,1,1,1,8,2,4
143,143,C4_Eltwise,1,3,14,0,7,14,0,1,1,2,1,8,2,4
143,143,C4_Eltwise,1,3,15,1,7,15,0,1,1,3,1,8,2,4
143,143,C4_Eltwise,1,7,16,2,7,16,0,2,0,0,1,8,2,4
143,143,C4_Eltwise,1,7,17,3,7,17,0,2,0,1,1,8,2,4
143,143,C4_Eltwise,1,7,18,2,6,18,0,2,0,2,1,8,2,4
143,143,C4_Eltwise,1,7,19,3,6,19,0,2,0,3,1,8,2,4
143,143,C4_Eltwise,1,6,20,2,5,20,0,2,1,0,1,8,2,4
143,143,C4_Eltwise,1,6,21,3,5,21,0,2,1,1,1,8,2,4
143,143,C4_Eltwise,1,6,22,2,4,22,0,2,1,2,1,8,2,4
143,143,C4_Eltwise,1,6,23,3,4,23,0,2,1,3,1,8,2,4
143,143,C4_Eltwise,1,5,24,2,3,24,0,3,0,0,1,8,2,4
143,143,C4_Eltwise,1,5,25,3,3,25,0,3,0,1,1,8,2,4
143,143,C4_Eltwise,1,5,26,2,2,26,0,3,0,2,1,8,2,4
143,143,C4_Eltwise,1,5,27,3,2,27,0,3,0,3,1,8,2,4
143,143,C4_Eltwise,1,4,28,2,1,28,0,3,1,0,1,8,2,4
143,143,C4_Eltwise,1,4,29,3,1,29,0,3,1,1,1,8,2,4
143,143,C4_Eltwise,1,4,30,2,0,30,0,3,1,2,1,8,2,4
143,143,C4_Eltwise,1,4,31,3,0,31,0,3,1,3,1,8,2,4
143,143,C4_Eltwise,1,8,32,4,0,32,0,4,0,0,1,8,2,4
143,143,C4_Eltwise,1,8,33,5,0,33,0,4,0,1,1,8,2,4
143,143,C4_Eltwise,1,8,34,4,1,34,0,4,0,2,1,8,2,4
143,143,C4_Eltwise,1,8,35,5,1,35,0,4,0,3,1,8,2,4
143,143,C4_Eltwise,1,9,36,4,2,36,0,4,1,0,1,8,2,4
143,143,C4_Eltwise,1,9,37,5,2,37,0,4,1,1,1,8,2,4
143,143,C4_Eltwise,1,9,38,4,3,38,0,4,1,2,1,8,2,4
143,143,C4_Eltwise,1,9,39,5,3,39,0,4,1,3,1,8,2,4
143,143,C4_Eltwise,1,10,40,4,4,40,0,5,0,0,1,8,2,4
143,143,C4_Eltwise,1,10,41,5,4,41,0,5,0,1,1,8,2,4
143,143,C4_Eltwise,1,10,42,4,5,42,0,5,0,2,1,8,2,4
143,143,C4_Eltwise,1,10,43,5,5,43,0,5,0,3,1,8,2,4
143,143,C4_Eltwise,1,11,44,4,6,44,0,5,1,0,1,8,2,4
143,143,C4_Eltwise,1,11,45,5,6,45,0,5,1,1,1,8,2,4
143,143,C4_Eltwise,1,11,46,4,7,46,0,5,1,2,1,8,2,4
143,143,C4_Eltwise,1,11,47,5,7,47,0,5,1,3,1,8,2,4
143,143,C4_Eltwise,1,15,48,6,7,48,0,6,0,0,1,8,2,4
143,143,C4_Eltwise,1,15,49,7,7,49,0,6,0,1,1,8,2,4
143,143,C4_Eltwise,1,15,50,6,6,50,0,6,0,2,1,8,2,4
143,143,C4_Eltwise,1,15,51,7,6,51,0,6,0,3,1,8,2,4
143,143,C4_Eltwise,1,14,52,6,5,52,0,6,1,0,1,8,2,4
143,143,C4_Eltwise,1,14,53,7,5,53,0,6,1,1,1,8,2,4
143,143,C4_Eltwise,1,14,54,6,4,54,0,6,1,2,1,8,2,4
143,143,C4_Eltwise,1,14,55,7,4,55,0,6,1,3,1,8,2,4
143,143,C4_Eltwise,1,13,56,6,3,56,0,7,0,0,1,8,2,4
143,143,C4_Eltwise,1,13,57,7,3,57,0,7,0,1,1,8,2,4
143,143,C4_Eltwise,1,13,58,6,2,58,0,7,0,2,1,8,2,4
143,143,C4_Eltwise,1,13,59,7,2,59,0,7,0,3,1,8,2,4
143,143,C4_Eltwise,1,12,60,6,1,60,0,7,1,0,1,8,2,4
143,143,C4_Eltwise,1,12,61,7,1,61,0,7,1,1,1,8,2,4
143,143,C4_Eltwise,1,12,62,6,0,62,0,7,1,2,1,8,2,4
143,143,C4_Eltwise,1,12,63,7,0,63,0,7,1,3,1,8,2,4
144,144,C5_Conv_1a_1x1,1,0,0,0,0,0,0,0,0,0,1,8,4,2
144,144,C5_Conv_1a_1x1,1,0,1,1,0,1,0,0,0,1,1,8,4,2
144,144,C5_Conv_1a_1x1,1,0,2,0,1,2,0,0,1,0,1,8,4,2
144,144,C5_Conv_1a_1x1,1,0,3,1,1,3,0,0,1,1,1,8,4,2
144,144,C5_Conv_1a_1x1,1,1,4,0,2,4,0,0,2,0,1,8,4,2
144,144,C5_Conv_1a_1x1,1,1,5,1,2,5,0,0,2,1,1,8,4,2
144,144,C5_Conv_1a_1x1,1,1,6,0,3,6,0,0,3,0,1,8,4,2
144,144,C5_Conv_1a_1x1,1,1,7,1,3,7,0,0,3,1,1,8,4,2
144,144,C5_Conv_1a_1x1,1,2,8,0,4,8,0,1,0,0,1,8,4,2
144,144,C5_Conv_1a_1x1,1,2,9,1,4,9,0,1,0,1,1,8,4,2
144,144,C5_Conv_1a_1x1,1,2,10,0,5,10,0,1,1,0,1,8,4,2
144,144,C5_Conv_1a_1x1,1,2,11,1,5,11,0,1,1,1,1,8,4,2
144,144,C5_Conv_1a_1x1,1,3,12,0,6,12,0,1,2,0,1,8,4,2
144,144,C5_Conv_1a_1x1,1,3,13,1,6,13,0,1,2,1,1,8,4,2
144,144,C5_Conv_1a_1x1,1,3,14,0,7,14,0,1,3,0,1,8,4,2
144,144,C5_Conv_1a_1x1,1,3,15,1,7,15,0,1,3,1,1,8,4,2
144,144,C5_Conv_1a_1x1,1,7,16,2,7,16,0,2,0,0,1,8,4,2
144,144,C5_Conv_1a_1x1,1,7,17,3,7,17,0,2,0,1,1,8,4,2
144,144,C5_Conv_1a_1x1,1,7,18,2,6,18,0,2,1,0,1,8,4,2
144,144,C5_Conv_1a_1x1,1,7,19,3,6,19,0,2,1,1,1,8,4,2
144,144,C5_Conv_1a_1x1,1,6,20,2,5,20,0,2,2,0,1,8,4,2
144,144,C5_Conv_1a_1x1,1,6,21,3,5,21,0,2,2,1,1,8,4,2
144,144,C5_Conv_1a_1x1,1,6,22,2,4,22,0,2,3,0,1,8,4,2
144,144,C5_Conv_1a_1x1,1,6,23,3,4,23,0,2,3,1,1,8,4,2
144,144,C5_Conv_1a_1x1,1,5,24,2,3,24,0,3,0,0,1,8,4,2
144,144,C5_Conv_1a_1x1,1,5,25,3,3,25,0,3,0,1,1,8,4,2
144,144,C5_Conv_1a_1x1,1,5,26,2,2,26,0,3,1,0,1,8,4,2
144,144,C5_Conv_1a_1x1,1,5,27,3,2,27,0,3,1,1,1,8,4,2
144,144,C5_Conv_1a_1x1,1,4,28,2,1,28,0,3,2,0,1,8,4,2
144,144,C5_Conv_1a_1x1,1,4,29,3,1,29,0,3,2,1,1,8,4,2
144,144,C5_Conv_1a_1x1,1,4,30,2,0,30,0,3,3,0,1,8,4,2
144,144,C5_Conv_1a_1x1,1,4,31,3,0,31,0,3,3,1,1,8,4,2
144,144,C5_Conv_1a_1x1,1,8,32,4,0,32,0,4,0,0,1,8,4,2
144,144,C5_Conv_1a_1x1,1,8,33,5,0,33,0,4,0,1,1,8,4,2
144,144,C5_Conv_1a_1x1,1,8,34,4,1,34,0,4,1,0,1,8,4,2
144,144,C5_Conv_1a_1x1,1,8,35,5,1,35,0,4,1,1,1,8,4,2
144,144,C5_Conv_1a_1x1,1,9,36,4,2,36,0,4,2,0,1,8,4,2
144,144,C5_Conv_1a_1x1,1,9,37,5,2,37,0,4,2,1,1,8,4,2
144,144,C5_Conv_1a_1x1,1,9,38,4,3,38,0,4,3,0,1,8,4,2
144,144,C5_Conv_1a_1x1,1,9,39,5,3,39,0,4,3,1,1,8,4,2
144,144,C5_Conv_1a_1x1,1,10,40,4,4,40,0,5,0,0,1,8,4,2
144,144,C5_Conv_1a_1x1,1,10,41,5,4,41,0,5,0,1,1,8,4,2
144,144,C5_Conv_1a_1x1,1,10,42,4,5,42,0,5,1,0,1,8,4,2
144,144,C5_Conv_1a_1x1,1,10,43,5,5,43,0,5,1,1,1,8,4,2
144,144,C5_Conv_1a_1x1,1,11,44,4,6,44,0,5,2,0,1,8,4,2
144,144,C5_Conv_1a_1x1,1,11,45,5,6,45,0,5,2,1,1,8,4,2
144,144,C5_Conv_1a_1x1,1,11,46,4,7,46,0,5,3,0,1,8,4,2
144,144,C5_Conv_1a_1x1,1,11,47,5,7,47,0,5,3,1,1,8,4,2
144,144,C5_Conv_1a_1x1,1,15,48,6,7,48,0,6,0,0,1,8,4,2
144,144,C5_Conv_1a_1x1,1,15,49,7,7,49,0,6,0,1,1,8,4,2
144,144,C5_Conv_1a_1x1,1,15,50,6,6,50,0,6,1,0,1,8,4,2
144,144,C5_Conv_1a_1x1,1,15,51,7,6,51,0,6,1,1,1,8,4,2
144,144,C5_Conv_1a_1x1,1,14,52,6,5,52,0,6,2,0,1,8,4,2
144,144,C5_Conv_1a_1x1,1,14,53,7,5,53,0,6,2,1,1,8,4,2
144,144,C5_Conv_1a_1x1,1,14,54,6,4,54,0,6,3,0,1,8,4,2
144,144,C5_Conv_1a_1x1,1,14,55,7,4,55,0,6,3,1,1,8,4,2
144,144,C5_Conv_1a_1x1,1,13,56,6,3,56,0,7,0,0,1,8,4,2
144,144,C5_Conv_1a_1x1,1,13,57,7,3,57,0,7,0,1,1,8,4,2
144,144,C5_Conv_1a_1x1,1,13,58,6,2,58,0,7,1,0,1,8,4,2
144,144,C5_Conv_1a_1x1,1,13,59,7,2,59,0,7,1,1,1,8,4,2
144,144,C5_Conv_1a_1x1,1,12,60,6,1,60,0,7,2,0,1,8,4,2
144,144,C5_Conv_1a_1x1,1,12,61,7,1,61,0,7,2,1,1,8,4,2
144,144,C5_Conv_1a_1x1,1,12,62,6,0,62,0,7,3,0,1,8,4,2
144,144,C5_Conv_1a_1x1,1,12,63,7,0,63,0,7,3,1,1,8,4,2
145,145,C5_Conv_2a_1x1,1,0,0,0,0,0,0,0,0,0,1,8,4,2
145,145,C5_Conv_2a_1x1,1,0,1,1,0,1,0,0,0,1,1,8,4,2
145,145,C5_Conv_2a_1x1,1,0,2,0,1,2,0,0,1,0,1,8,4,2
145,145,C5_Conv_2a_1x1,1,0,3,1,1,3,0,0,1,1,1,8,4,2
145,145,C5_Conv_2a_1x1,1,1,4,0,2,4,0,0,2,0,1,8,4,2
145,145,C5_Conv_2a_1x1,1,1,5,1,2,5,0,0,2,1,1,8,4,2
145,145,C5_Conv_2a_1x1,1,1,6,0,3,6,0,0,3,0,1,8,4,2
145,145,C5_Conv_2a_1x1,1,1,7,1,3,7,0,0,3,1,1,8,4,2
145,145,C5_Conv_2a_1x1,1,2,8,0,4,8,0,1,0,0,1,8,4,2
145,145,C5_Conv_2a_1x1,1,2,9,1,4,9,0,1,0,1,1,8,4,2
145,145,C5_Conv_2a_1x1,1,2,10,0,5,10,0,1,1,0,1,8,4,2
145,145,C5_Conv_2a_1x1,1,2,11,1,5,11,0,1,1,1,1,8,4,2
145,145,C5_Conv_2a_1x1,1,3,12,0,6,12,0,1,2,0,1,8,4,2
145,145,C5_Conv_2a_1x1,1,3,13,1,6,13,0,1,2,1,1,8,4,2
145,145,C5_Conv_2a_1x1,1,3,14,0,7,14,0,1,3,0,1,8,4,2
145,145,C5_Conv_2a_1x1,1,3,15,1,7,15,0,1,3,1,1,8,4,2
145,145,C5_Conv_2a_1x1,1,7,16,2,7,16,0,2,0,0,1,8,4,2
145,145,C5_Conv_2a_1x1,1,7,17,3,7,17,0,2,0,1,1,8,4,2
145,145,C5_Conv_2a_1x1,1,7,18,2,6,18,0,2,1,0,1,8,4,2
145,145,C5_Conv_2a_1x1,1,7,19,3,6,19,0,2,1,1,1,8,4,2
145,145,C5_Conv_2a_1x1,1,6,20,2,5,20,0,2,2,0,1,8,4,2
145,145,C5_Conv_2a_1x1,1,6,21,3,5,21,0,2,2,1,1,8,4,2
145,145,C5_Conv_2a_1x1,1,6,22,2,4,22,0,2,3,0,1,8,4,2
145,145,C5_Conv_2a_1x1,1,6,23,3,4,23,0,2,3,1,1,8,4,2
145,145,C5_Conv_2a_1x1,1,5,24,2,3,24,0,3,0,0,1,8,4,2
145,145,C5_Conv_2a_1x1,1,5,25,3,3,25,0,3,0,1,1,8,4,2
145,145,C5_Conv_2a_1x1,1,5,26,2,2,26,0,3,1,0,1,8,4,2
145,145,C5_Conv_2a_1x1,1,5,27,3,2,27,0,3,1,1,1,8,4,2
145,145,C5_Conv_2a_1x1,1,4,28,2,1,28,0,3,2,0,1,8,4,2
145,145,C5_Conv_2a_1x1,1,4,29,3,1,29,0,3,2,1,1,8,4,2
145,145,C5_Conv_2a_1x1,1,4,30,2,0,30,0,3,3,0,1,8,4,2
145,145,C5_Conv_2a_1x1,1,4,31,3,0,31,0,3,3,1,1,8,4,2
145,145,C5_Conv_2a_1x1,1,8,32,4,0,32,0,4,0,0,1,8,4,2
145,145,C5_Conv_2a_1x1,1,8,33,5,0,33,0,4,0,1,1,8,4,2
145,145,C5_Conv_2a_1x1,1,8,34,4,1,34,0,4,1,0,1,8,4,2
145,145,C5_Conv_2a_1x1,1,8,35,5,1,35,0,4,1,1,1,8,4,2
145,145,C5_Conv_2a_1x1,1,9,36,4,2,36,0,4,2,0,1,8,4,2
145,145,C5_Conv_2a_1x1,1,9,37,5,2,37,0,4,2,1,1,8,4,2
145,145,C5_Conv_2a_1x1,1,9,38,4,3,38,0,4,3,0,1,8,4,2
145,145,C5_Conv_2a_1x1,1,9,39,5,3,39,0,4,3,1,1,8,4,2
145,145,C5_Conv_2a_1x1,1,10,40,4,4,40,0,5,0,0,1,8,4,2
145,145,C5_Conv_2a_1x1,1,10,41,5,4,41,0,5,0,1,1,8,4,2
145,145,C5_Conv_2a_1x1,1,10,42,4,5,42,0,5,1,0,1,8,4,2
145,145,C5_Conv_2a_1x1,1,10,43,5,5,43,0,5,1,1,1,8,4,2
145,145,C5_Conv_2a_1x1,1,11,44,4,6,44,0,5,2,0,1,8,4,2
145,145,C5_Conv_2a_1x1,1,11,45,5,6,45,0,5,2,1,1,8,4,2
145,145,C5_Conv_2a_1x1,1,11,46,4,7,46,0,5,3,0,1,8,4,2
145,145,C5_Conv_2a_1x1,1,11,47,5,7,47,0,5,3,1,1,8,4,2
145,145,C5_Conv_2a_1x1,1,15,48,6,7,48,0,6,0,0,1,8,4,2
145,145,C5_Conv_2a_1x1,1,15,49,7,7,49,0,6,0,1,1,8,4,2
145,145,C5_Conv_2a_1x1,1,15,50,6,6,50,0,6,1,0,1,8,4,2
145,145,C5_Conv_2a_1x1,1,15,51,7,6,51,0,6,1,1,1,8,4,2
145,145,C5_Conv_2a_1x1,1,14,52,6,5,52,0,6,2,0,1,8,4,2
145,145,C5_Conv_2a_1x1,1,14,53,7,5,53,0,6,2,1,1,8,4,2
145,145,C5_Conv_2a_1x1,1,14,54,6,4,54,0,6,3,0,1,8,4,2
145,145,C5_Conv_2a_1x1,1,14,55,7,4,55,0,6,3,1,1,8,4,2
145,145,C5_Conv_2a_1x1,1,13,56,6,3,56,0,7,0,0,1,8,4,2
145,145,C5_Conv_2a_1x1,1,13,57,7,3,57,0,7,0,1,1,8,4,2
145,145,C5_Conv_2a_1x1,1,13,58,6,2,58,0,7,1,0,1,8,4,2
145,145,C5_Conv_2a_1x1,1,13,59,7,2,59,0,7,1,1,1,8,4,2
145,145,C5_Conv_2a_1x1,1,12,60,6,1,60,0,7,2,0,1,8,4,2
145,145,C5_Conv_2a_1x1,1,12,61,7,1,61,0,7,2,1,1,8,4,2
145,145,C5_Conv_2a_1x1,1,12,62,6,0,62,0,7,3,0,1,8,4,2
145,145,C5_Conv_2a_1x1,1,12,63,7,0,63,0,7,3,1,1,8,4,2
146,146,C5_Conv_2b_1x3,1,0,0,0,0,0,0,0,0,0,1,8,4,2
146,146,C5_Conv_2b_1x3,1,0,1,1,0,1,0,0,0,1,1,8,4,2
146,146,C5_Conv_2b_1x3,1,0,2,0,1,2,0,0,1,0,1,8,4,2
146,146,C5_Conv_2b_1x3,1,0,3,1,1,3,0,0,1,1,1,8,4,2
146,146,C5_Conv_2b_1x3,1,1,4,0,2,4,0,0,2,0,1,8,4,2
146,146,C5_Conv_2b_1x3,1,1,5,1,2,5,0,0,2,1,1,8,4,2
146,146,C5_Conv_2b_1x3,1,1,6,0,3,6,0,0,3,0,1,8,4,2
146,146,C5_Conv_2b_1x3,1,1,7,1,3,7,0,0,3,1,1,8,4,2
146,146,C5_Conv_2b_1x3,1,2,8,0,4,8,0,1,0,0,1,8,4,2
146,146,C5_Conv_2b_1x3,1,2,9,1,4,9,0,1,0,1,1,8,4,2
146,146,C5_Conv_2b_1x3,1,2,10,0,5,10,0,1,1,0,1,8,4,2
146,146,C5_Conv_2b_1x3,1,2,11,1,5,11,0,1,1,1,1,8,4,2
146,146,C5_Conv_2b_1x3,1,3,12,0,6,12,0,1,2,0,1,8,4,2
146,146,C5_Conv_2b_1x3,1,3,13,1,6,13,0,1,2,1,1,8,4,2
146,146,C5_Conv_2b_1x3,1,3,14,0,7,14,0,1,3,0,1,8,4,2
146,146,C5_Conv_2b_1x3,1,3,15,1,7,15,0,1,3,1,1,8,4,2
146,146,C5_Conv_2b_1x3,1,7,16,2,7,16,0,2,0,0,1,8,4,2
146,146,C5_Conv_2b_1x3,1,7,17,3,7,17,0,2,0,1,1,8,4,2
146,146,C5_Conv_2b_1x3,1,7,18,2,6,18,0,2,1,0,1,8,4,2
146,146,C5_Conv_2b_1x3,1,7,19,3,6,19,0,2,1,1,1,8,4,2
146,146,C5_Conv_2b_1x3,1,6,20,2,5,20,0,2,2,0,1,8,4,2
146,146,C5_Conv_2b_1x3,1,6,21,3,5,21,0,2,2,1,1,8,4,2
146,146,C5_Conv_2b_1x3,1,6,22,2,4,22,0,2,3,0,1,8,4,2
146,146,C5_Conv_2b_1x3,1,6,23,3,4,23,0,2,3,1,1,8,4,2
146,146,C5_Conv_2b_1x3,1,5,24,2,3,24,0,3,0,0,1,8,4,2
146,146,C5_Conv_2b_1x3,1,5,25,3,3,25,0,3,0,1,1,8,4,2
146,146,C5_Conv_2b_1x3,1,5,26,2,2,26,0,3,1,0,1,8,4,2
146,146,C5_Conv_2b_1x3,1,5,27,3,2,27,0,3,1,1,1,8,4,2
146,146,C5_Conv_2b_1x3,1,4,28,2,1,28,0,3,2,0,1,8,4,2
146,146,C5_Conv_2b_1x3,1,4,29,3,1,29,0,3,2,1,1,8,4,2
146,146,C5_Conv_2b_1x3,1,4,30,2,0,30,0,3,3,0,1,8,4,2
146,146,C5_Conv_2b_1x3,1,4,31,3,0,31,0,3,3,1,1,8,4,2
146,146,C5_Conv_2b_1x3,1,8,32,4,0,32,0,4,0,0,1,8,4,2
146,146,C5_Conv_2b_1x3,1,8,33,5,0,33,0,4,0,1,1,8,4,2
146,146,C5_Conv_2b_1x3,1,8,34,4,1,34,0,4,1,0,1,8,4,2
146,146,C5_Conv_2b_1x3,1,8,35,5,1,35,0,4,1,1,1,8,4,2
146,146,C5_Conv_2b_1x3,1,9,36,4,2,36,0,4,2,0,1,8,4,2
146,146,C5_Conv_2b_1x3,1,9,37,5,2,37,0,4,2,1,1,8,4,2
146,146,C5_Conv_2b_1x3,1,9,38,4,3,38,0,4,3,0,1,8,4,2
146,146,C5_Conv_2b_1x3,1,9,39,5,3,39,0,4,3,1,1,8,4,2
146,146,C5_Conv_2b_1x3,1,10,40,4,4,40,0,5,0,0,1,8,4,2
146,146,C5_Conv_2b_1x3,1,10,41,5,4,41,0,5,0,1,1,8,4,2
146,146,C5_Conv_2b_1x3,1,10,42,4,5,42,0,5,1,0,1,8,4,2
146,146,C5_Conv_2b_1x3,1,10,43,5,5,43,0,5,1,1,1,8,4,2
146,146,C5_Conv_2b_1x3,1,11,44,4,6,44,0,5,2,0,1,8,4,2
146,146,C5_Conv_2b_1x3,1,11,45,5,6,45,0,5,2,1,1,8,4,2
146,146,C5_Conv_2b_1x3,1,11,46,4,7,46,0,5,3,0,1,8,4,2
146,146,C5_Conv_2b_1x3,1,11,47,5,7,47,0,5,3,1,1,8,4,2
146,146,C5_Conv_2b_1x3,1,15,48,6,7,48,0,6,0,0,1,8,4,2
146,146,C5_Conv_2b_1x3,1,15,49,7,7,49,0,6,0,1,1,8,4,2
146,146,C5_Conv_2b_1x3,1,15,50,6,6,50,0,6,1,0,1,8,4,2
146,146,C5_Conv_2b_1x3,1,15,51,7,6,51,0,6,1,1,1,8,4,2
146,146,C5_Conv_2b_1x3,1,14,52,6,5,52,0,6,2,0,1,8,4,2
146,146,C5_Conv_2b_1x3,1,14,53,7,5,53,0,6,2,1,1,8,4,2
146,146,C5_Conv_2b_1x3,1,14,54,6,4,54,0,6,3,0,1,8,4,2
146,146,C5_Conv_2b_1x3,1,14,55,7,4,55,0,6,3,1,1,8,4,2
146,146,C5_Conv_2b_1x3,1,13,56,6,3,56,0,7,0,0,1,8,4,2
146,146,C5_Conv_2b_1x3,1,13,57,7,3,57,0,7,0,1,1,8,4,2
146,146,C5_Conv_2b_1x3,1,13,58,6,2,58,0,7,1,0,1,8,4,2
146,146,C5_Conv_2b_1x3,1,13,59,7,2,59,0,7,1,1,1,8,4,2
146,146,C5_Conv_2b_1x3,1,12,60,6,1,60,0,7,2,0,1,8,4,2
146,146,C5_Conv_2b_1x3,1,12,61,7,1,61,0,7,2,1,1,8,4,2
146,146,C5_Conv_2b_1x3,1,12,62,6,0,62,0,7,3,0,1,8,4,2
146,146,C5_Conv_2b_1x3,1,12,63,7,0,63,0,7,3,1,1,8,4,2
147,147,C5_Conv_2c_3x1,1,0,0,0,0,0,0,0,0,0,1,8,4,2
147,147,C5_Conv_2c_3x1,1,0,1,1,0,1,0,0,0,1,1,8,4,2
147,147,C5_Conv_2c_3x1,1,0,2,0,1,2,0,0,1,0,1,8,4,2
147,147,C5_Conv_2c_3x1,1,0,3,1,1,3,0,0,1,1,1,8,4,2
147,147,C5_Conv_2c_3x1,1,1,4,0,2,4,0,0,2,0,1,8,4,2
147,147,C5_Conv_2c_3x1,1,1,5,1,2,5,0,0,2,1,1,8,4,2
147,147,C5_Conv_2c_3x1,1,1,6,0,3,6,0,0,3,0,1,8,4,2
147,147,C5_Conv_2c_3x1,1,1,7,1,3,7,0,0,3,1,1,8,4,2
147,147,C5_Conv_2c_3x1,1,2,8,0,4,8,0,1,0,0,1,8,4,2
147,147,C5_Conv_2c_3x1,1,2,9,1,4,9,0,1,0,1,1,8,4,2
147,147,C5_Conv_2c_3x1,1,2,10,0,5,10,0,1,1,0,1,8,4,2
147,147,C5_Conv_2c_3x1,1,2,11,1,5,11,0,1,1,1,1,8,4,2
147,147,C5_Conv_2c_3x1,1,3,12,0,6,12,0,1,2,0,1,8,4,2
147,147,C5_Conv_2c_3x1,1,3,13,1,6,13,0,1,2,1,1,8,4,2
147,147,C5_Conv_2c_3x1,1,3,14,0,7,14,0,1,3,0,1,8,4,2
147,147,C5_Conv_2c_3x1,1,3,15,1,7,15,0,1,3,1,1,8,4,2
147,147,C5_Conv_2c_3x1,1,7,16,2,7,16,0,2,0,0,1,8,4,2
147,147,C5_Conv_2c_3x1,1,7,17,3,7,17,0,2,0,1,1,8,4,2
147,147,C5_Conv_2c_3x1,1,7,18,2,6,18,0,2,1,0,1,8,4,2
147,147,C5_Conv_2c_3x1,1,7,19,3,6,19,0,2,1,1,1,8,4,2
147,147,C5_Conv_2c_3x1,1,6,20,2,5,20,0,2,2,0,1,8,4,2
147,147,C5_Conv_2c_3x1,1,6,21,3,5,21,0,2,2,1,1,8,4,2
147,147,C5_Conv_2c_3x1,1,6,22,2,4,22,0,2,3,0,1,8,4,2
147,147,C5_Conv_2c_3x1,1,6,23,3,4,23,0,2,3,1,1,8,4,2
147,147,C5_Conv_2c_3x1,1,5,24,2,3,24,0,3,0,0,1,8,4,2
147,147,C5_Conv_2c_3x1,1,5,25,3,3,25,0,3,0,1,1,8,4,2
147,147,C5_Conv_2c_3x1,1,5,26,2,2,26,0,3,1,0,1,8,4,2
147,147,C5_Conv_2c_3x1,1,5,27,3,2,27,0,3,1,1,1,8,4,2
147,147,C5_Conv_2c_3x1,1,4,28,2,1,28,0,3,2,0,1,8,4,2
147,147,C5_Conv_2c_3x1,1,4,29,3,1,29,0,3,2,1,1,8,4,2
147,147,C5_Conv_2c_3x1,1,4,30,2,0,30,0,3,3,0,1,8,4,2
147,147,C5_Conv_2c_3x1,1,4,31,3,0,31,0,3,3,1,1,8,4,2
147,147,C5_Conv_2c_3x1,1,8,32,4,0,32,0,4,0,0,1,8,4,2
147,147,C5_Conv_2c_3x1,1,8,33,5,0,33,0,4,0,1,1,8,4,2
147,147,C5_Conv_2c_3x1,1,8,34,4,1,34,0,4,1,0,1,8,4,2
147,147,C5_Conv_2c_3x1,1,8,35,5,1,35,0,4,1,1,1,8,4,2
147,147,C5_Conv_2c_3x1,1,9,36,4,2,36,0,4,2,0,1,8,4,2
147,147,C5_Conv_2c_3x1,1,9,37,5,2,37,0,4,2,1,1,8,4,2
147,147,C5_Conv_2c_3x1,1,9,38,4,3,38,0,4,3,0,1,8,4,2
147,147,C5_Conv_2c_3x1,1,9,39,5,3,39,0,4,3,1,1,8,4,2
147,147,C5_Conv_2c_3x1,1,10,40,4,4,40,0,5,0,0,1,8,4,2
147,147,C5_Conv_2c_3x1,1,10,41,5,4,41,0,5,0,1,1,8,4,2
147,147,C5_Conv_2c_3x1,1,10,42,4,5,42,0,5,1,0,1,8,4,2
147,147,C5_Conv_2c_3x1,1,10,43,5,5,43,0,5,1,1,1,8,4,2
147,147,C5_Conv_2c_3x1,1,11,44,4,6,44,0,5,2,0,1,8,4,2
147,147,C5_Conv_2c_3x1,1,11,45,5,6,45,0,5,2,1,1,8,4,2
147,147,C5_Conv_2c_3x1,1,11,46,4,7,46,0,5,3,0,1,8,4,2
147,147,C5_Conv_2c_3x1,1,11,47,5,7,47,0,5,3,1,1,8,4,2
147,147,C5_Conv_2c_3x1,1,15,48,6,7,48,0,6,0,0,1,8,4,2
147,147,C5_Conv_2c_3x1,1,15,49,7,7,49,0,6,0,1,1,8,4,2
147,147,C5_Conv_2c_3x1,1,15,50,6,6,50,0,6,1,0,1,8,4,2
147,147,C5_Conv_2c_3x1,1,15,51,7,6,51,0,6,1,1,1,8,4,2
147,147,C5_Conv_2c_3x1,1,14,52,6,5,52,0,6,2,0,1,8,4,2
147,147,C5_Conv_2c_3x1,1,14,53,7,5,53,0,6,2,1,1,8,4,2
147,147,C5_Conv_2c_3x1,1,14,54,6,4,54,0,6,3,0,1,8,4,2
147,147,C5_Conv_2c_3x1,1,14,55,7,4,55,0,6,3,1,1,8,4,2
147,147,C5_Conv_2c_3x1,1,13,56,6,3,56,0,7,0,0,1,8,4,2
147,147,C5_Conv_2c_3x1,1,13,57,7,3,57,0,7,0,1,1,8,4,2
147,147,C5_Conv_2c_3x1,1,13,58,6,2,58,0,7,1,0,1,8,4,2
147,147,C5_Conv_2c_3x1,1,13,59,7,2,59,0,7,1,1,1,8,4,2
147,147,C5_Conv_2c_3x1,1,12,60,6,1,60,0,7,2,0,1,8,4,2
147,147,C5_Conv_2c_3x1,1,12,61,7,1,61,0,7,2,1,1,8,4,2
147,147,C5_Conv_2c_3x1,1,12,62,6,0,62,0,7,3,0,1,8,4,2
147,147,C5_Conv_2c_3x1,1,12,63,7,0,63,0,7,3,1,1,8,4,2
148,148,C5_Conv_3_1x1,1,0,0,0,0,0,0,0,0,0,1,8,2,4
148,148,C5_Conv_3_1x1,1,0,1,1,0,1,0,0,0,1,1,8,2,4
148,148,C5_Conv_3_1x1,1,0,2,0,1,2,0,0,0,2,1,8,2,4
148,148,C5_Conv_3_1x1,1,0,3,1,1,3,0,0,0,3,1,8,2,4
148,148,C5_Conv_3_1x1,1,1,4,0,2,4,0,0,1,0,1,8,2,4
148,148,C5_Conv_3_1x1,1,1,5,1,2,5,0,0,1,1,1,8,2,4
148,148,C5_Conv_3_1x1,1,1,6,0,3,6,0,0,1,2,1,8,2,4
148,148,C5_Conv_3_1x1,1,1,7,1,3,7,0,0,1,3,1,8,2,4
148,148,C5_Conv_3_1x1,1,2,8,0,4,8,0,1,0,0,1,8,2,4
148,148,C5_Conv_3_1x1,1,2,9,1,4,9,0,1,0,1,1,8,2,4
148,148,C5_Conv_3_1x1,1,2,10,0,5,10,0,1,0,2,1,8,2,4
148,148,C5_Conv_3_1x1,1,2,11,1,5,11,0,1,0,3,1,8,2,4
148,148,C5_Conv_3_1x1,1,3,12,0,6,12,0,1,1,0,1,8,2,4
148,148,C5_Conv_3_1x1,1,3,13,1,6,13,0,1,1,1,1,8,2,4
148,148,C5_Conv_3_1x1,1,3,14,0,7,14,0,1,1,2,1,8,2,4
148,148,C5_Conv_3_1x1,1,3,15,1,7,15,0,1,1,3,1,8,2,4
148,148,C5_Conv_3_1x1,1,7,16,2,7,16,0,2,0,0,1,8,2,4
148,148,C5_Conv_3_1x1,1,7,17,3,7,17,0,2,0,1,1,8,2,4
148,148,C5_Conv_3_1x1,1,7,18,2,6,18,0,2,0,2,1,8,2,4
148,148,C5_Conv_3_1x1,1,7,19,3,6,19,0,2,0,3,1,8,2,4
148,148,C5_Conv_3_1x1,1,6,20,2,5,20,0,2,1,0,1,8,2,4
148,148,C5_Conv_3_1x1,1,6,21,3,5,21,0,2,1,1,1,8,2,4
148,148,C5_Conv_3_1x1,1,6,22,2,4,22,0,2,1,2,1,8,2,4
148,148,C5_Conv_3_1x1,1,6,23,3,4,23,0,2,1,3,1,8,2,4
148,148,C5_Conv_3_1x1,1,5,24,2,3,24,0,3,0,0,1,8,2,4
148,148,C5_Conv_3_1x1,1,5,25,3,3,25,0,3,0,1,1,8,2,4
148,148,C5_Conv_3_1x1,1,5,26,2,2,26,0,3,0,2,1,8,2,4
148,148,C5_Conv_3_1x1,1,5,27,3,2,27,0,3,0,3,1,8,2,4
148,148,C5_Conv_3_1x1,1,4,28,2,1,28,0,3,1,0,1,8,2,4
148,148,C5_Conv_3_1x1,1,4,29,3,1,29,0,3,1,1,1,8,2,4
148,148,C5_Conv_3_1x1,1,4,30,2,0,30,0,3,1,2,1,8,2,4
148,148,C5_Conv_3_1x1,1,4,31,3,0,31,0,3,1,3,1,8,2,4
148,148,C5_Conv_3_1x1,1,8,32,4,0,32,0,4,0,0,1,8,2,4
148,148,C5_Conv_3_1x1,1,8,33,5,0,33,0,4,0,1,1,8,2,4
148,148,C5_Conv_3_1x1,1,8,34,4,1,34,0,4,0,2,1,8,2,4
148,148,C5_Conv_3_1x1,1,8,35,5,1,35,0,4,0,3,1,8,2,4
148,148,C5_Conv_3_1x1,1,9,36,4,2,36,0,4,1,0,1,8,2,4
148,148,C5_Conv_3_1x1,1,9,37,5,2,37,0,4,1,1,1,8,2,4
148,148,C5_Conv_3_1x1,1,9,38,4,3,38,0,4,1,2,1,8,2,4
148,148,C5_Conv_3_1x1,1,9,39,5,3,39,0,4,1,3,1,8,2,4
148,148,C5_Conv_3_1x1,1,10,40,4,4,40,0,5,0,0,1,8,2,4
148,148,C5_Conv_3_1x1,1,10,41,5,4,41,0,5,0,1,1,8,2,4
148,148,C5_Conv_3_1x1,1,10,42,4,5,42,0,5,0,2,1,8,2,4
148,148,C5_Conv_3_1x1,1,10,43,5,5,43,0,5,0,3,1,8,2,4
148,148,C5_Conv_3_1x1,1,11,44,4,6,44,0,5,1,0,1,8,2,4
148,148,C5_Conv_3_1x1,1,11,45,5,6,45,0,5,1,1,1,8,2,4
148,148,C5_Conv_3_1x1,1,11,46,4,7,46,0,5,1,2,1,8,2,4
148,148,C5_Conv_3_1x1,1,11,47,5,7,47,0,5,1,3,1,8,2,4
148,148,C5_Conv_3_1x1,1,15,48,6,7,48,0,6,0,0,1,8,2,4
148,148,C5_Conv_3_1x1,1,15,49,7,7,49,0,6,0,1,1,8,2,4
148,148,C5_Conv_3_1x1,1,15,50,6,6,50,0,6,0,2,1,8,2,4
148,148,C5_Conv_3_1x1,1,15,51,7,6,51,0,6,0,3,1,8,2,4
148,148,C5_Conv_3_1x1,1,14,52,6,5,52,0,6,1,0,1,8,2,4
148,148,C5_Conv_3_1x1,1,14,53,7,5,53,0,6,1,1,1,8,2,4
148,148,C5_Conv_3_1x1,1,14,54,6,4,54,0,6,1,2,1,8,2,4
148,148,C5_Conv_3_1x1,1,14,55,7,4,55,0,6,1,3,1,8,2,4
148,148,C5_Conv_3_1x1,1,13,56,6,3,56,0,7,0,0,1,8,2,4
148,148,C5_Conv_3_1x1,1,13,57,7,3,57,0,7,0,1,1,8,2,4
148,148,C5_Conv_3_1x1,1,13,58,6,2,58,0,7,0,2,1,8,2,4
148,148,C5_Conv_3_1x1,1,13,59,7,2,59,0,7,0,3,1,8,2,4
148,148,C5_Conv_3_1x1,1,12,60,6,1,60,0,7,1,0,1,8,2,4
148,148,C5_Conv_3_1x1,1,12,61,7,1,61,0,7,1,1,1,8,2,4
148,148,C5_Conv_3_1x1,1,12,62,6,0,62,0,7,1,2,1,8,2,4
148,148,C5_Conv_3_1x1,1,12,63,7,0,63,0,7,1,3,1,8,2,4
149,149,C5_Eltwise,1,0,0,0,0,0,0,0,0,0,1,8,2,4
149,149,C5_Eltwise,1,0,1,1,0,1,0,0,0,1,1,8,2,4
149,149,C5_Eltwise,1,0,2,0,1,2,0,0,0,2,1,8,2,4
149,149,C5_Eltwise,1,0,3,1,1,3,0,0,0,3,1,8,2,4
149,149,C5_Eltwise,1,1,4,0,2,4,0,0,1,0,1,8,2,4
149,149,C5_Eltwise,1,1,5,1,2,5,0,0,1,1,1,8,2,4
149,149,C5_Eltwise,1,1,6,0,3,6,0,0,1,2,1,8,2,4
149,149,C5_Eltwise,1,1,7,1,3,7,0,0,1,3,1,8,2,4
149,149,C5_Eltwise,1,2,8,0,4,8,0,1,0,0,1,8,2,4
149,149,C5_Eltwise,1,2,9,1,4,9,0,1,0,1,1,8,2,4
149,149,C5_Eltwise,1,2,10,0,5,10,0,1,0,2,1,8,2,4
149,149,C5_Eltwise,1,2,11,1,5,11,0,1,0,3,1,8,2,4
149,149,C5_Eltwise,1,3,12,0,6,12,0,1,1,0,1,8,2,4
149,149,C5_Eltwise,1,3,13,1,6,13,0,1,1,1,1,8,2,4
149,149,C5_Eltwise,1,3,14,0,7,14,0,1,1,2,1,8,2,4
149,149,C5_Eltwise,1,3,15,1,7,15,0,1,1,3,1,8,2,4
149,149,C5_Eltwise,1,7,16,2,7,16,0,2,0,0,1,8,2,4
149,149,C5_Eltwise,1,7,17,3,7,17,0,2,0,1,1,8,2,4
149,149,C5_Eltwise,1,7,18,2,6,18,0,2,0,2,1,8,2,4
149,149,C5_Eltwise,1,7,19,3,6,19,0,2,0,3,1,8,2,4
149,149,C5_Eltwise,1,6,20,2,5,20,0,2,1,0,1,8,2,4
149,149,C5_Eltwise,1,6,21,3,5,21,0,2,1,1,1,8,2,4
149,149,C5_Eltwise,1,6,22,2,4,22,0,2,1,2,1,8,2,4
149,149,C5_Eltwise,1,6,23,3,4,23,0,2,1,3,1,8,2,4
149,149,C5_Eltwise,1,5,24,2,3,24,0,3,0,0,1,8,2,4
149,149,C5_Eltwise,1,5,25,3,3,25,0,3,0,1,1,8,2,4
149,149,C5_Eltwise,1,5,26,2,2,26,0,3,0,2,1,8,2,4
149,149,C5_Eltwise,1,5,27,3,2,27,0,3,0,3,1,8,2,4
149,149,C5_Eltwise,1,4,28,2,1,28,0,3,1,0,1,8,2,4
149,149,C5_Eltwise,1,4,29,3,1,29,0,3,1,1,1,8,2,4
149,149,C5_Eltwise,1,4,30,2,0,30,0,3,1,2,1,8,2,4
149,149,C5_Eltwise,1,4,31,3,0,31,0,3,1,3,1,8,2,4
149,149,C5_Eltwise,1,8,32,4,0,32,0,4,0,0,1,8,2,4
149,149,C5_Eltwise,1,8,33,5,0,33,0,4,0,1,1,8,2,4
149,149,C5_Eltwise,1,8,34,4,1,34,0,4,0,2,1,8,2,4
149,149,C5_Eltwise,1,8,35,5,1,35,0,4,0,3,1,8,2,4
149,149,C5_Eltwise,1,9,36,4,2,36,0,4,1,0,1,8,2,4
149,149,C5_Eltwise,1,9,37,5,2,37,0,4,1,1,1,8,2,4
149,149,C5_Eltwise,1,9,38,4,3,38,0,4,1,2,1,8,2,4
149,149,C5_Eltwise,1,9,39,5,3,39,0,4,1,3,1,8,2,4
149,149,C5_Eltwise,1,10,40,4,4,40,0,5,0,0,1,8,2,4
149,149,C5_Eltwise,1,10,41,5,4,41,0,5,0,1,1,8,2,4
149,149,C5_Eltwise,1,10,42,4,5,42,0,5,0,2,1,8,2,4
149,149,C5_Eltwise,1,10,43,5,5,43,0,5,0,3,1,8,2,4
149,149,C5_Eltwise,1,11,44,4,6,44,0,5,1,0,1,8,2,4
149,149,C5_Eltwise,1,11,45,5,6,45,0,5,1,1,1,8,2,4
149,149,C5_Eltwise,1,11,46,4,7,46,0,5,1,2,1,8,2,4
149,149,C5_Eltwise,1,11,47,5,7,47,0,5,1,3,1,8,2,4
149,149,C5_Eltwise,1,15,48,6,7,48,0,6,0,0,1,8,2,4
149,149,C5_Eltwise,1,15,49,7,7,49,0,6,0,1,1,8,2,4
149,149,C5_Eltwise,1,15,50,6,6,50,0,6,0,2,1,8,2,4
149,149,C5_Eltwise,1,15,51,7,6,51,0,6,0,3,1,8,2,4
149,149,C5_Eltwise,1,14,52,6,5,52,0,6,1,0,1,8,2,4
149,149,C5_Eltwise,1,14,53,7,5,53,0,6,1,1,1,8,2,4
149,149,C5_Eltwise,1,14,54,6,4,54,0,6,1,2,1,8,2,4
149,149,C5_Eltwise,1,14,55,7,4,55,0,6,1,3,1,8,2,4
149,149,C5_Eltwise,1,13,56,6,3,56,0,7,0,0,1,8,2,4
149,149,C5_Eltwise,1,13,57,7,3,57,0,7,0,1,1,8,2,4
149,149,C5_Eltwise,1,13,58,6,2,58,0,7,0,2,1,8,2,4
149,149,C5_Eltwise,1,13,59,7,2,59,0,7,0,3,1,8,2,4
149,149,C5_Eltwise,1,12,60,6,1,60,0,7,1,0,1,8,2,4
149,149,C5_Eltwise,1,12,61,7,1,61,0,7,1,1,1,8,2,4
149,149,C5_Eltwise,1,12,62,6,0,62,0,7,1,2,1,8,2,4
149,149,C5_Eltwise,1,12,63,7,0,63,0,7,1,3,1,8,2,4
150,150,AvgPool,1,0,0,0,0,0,0,0,0,0,1,64,1,1
150,150,AvgPool,1,0,1,1,0,1,0,1,0,0,1,64,1,1
150,150,AvgPool,1,0,2,0,1,2,0,2,0,0,1,64,1,1
150,150,AvgPool,1,0,3,1,1,3,0,3,0,0,1,64,1,1
150,150,AvgPool,1,1,4,0,2,4,0,4,0,0,1,64,1,1
150,150,AvgPool,1,1,5,1,2,5,0,5,0,0,1,64,1,1
150,150,AvgPool,1,1,6,0,3,6,0,6,0,0,1,64,1,1
150,150,AvgPool,1,1,7,1,3,7,0,7,0,0,1,64,1,1
150,150,AvgPool,1,2,8,0,4,8,0,8,0,0,1,64,1,1
150,150,AvgPool,1,2,9,1,4,9,0,9,0,0,1,64,1,1
150,150,AvgPool,1,2,10,0,5,10,0,10,0,0,1,64,1,1
150,150,AvgPool,1,2,11,1,5,11,0,11,0,0,1,64,1,1
150,150,AvgPool,1,3,12,0,6,12,0,12,0,0,1,64,1,1
150,150,AvgPool,1,3,13,1,6,13,0,13,0,0,1,64,1,1
150,150,AvgPool,1,3,14,0,7,14,0,14,0,0,1,64,1,1
150,150,AvgPool,1,3,15,1,7,15,0,15,0,0,1,64,1,1
150,150,AvgPool,1,7,16,2,7,16,0,16,0,0,1,64,1,1
150,150,AvgPool,1,7,17,3,7,17,0,17,0,0,1,64,1,1
150,150,AvgPool,1,7,18,2,6,18,0,18,0,0,1,64,1,1
150,150,AvgPool,1,7,19,3,6,19,0,19,0,0,1,64,1,1
150,150,AvgPool,1,6,20,2,5,20,0,20,0,0,1,64,1,1
150,150,AvgPool,1,6,21,3,5,21,0,21,0,0,1,64,1,1
150,150,AvgPool,1,6,22,2,4,22,0,22,0,0,1,64,1,1
150,150,AvgPool,1,6,23,3,4,23,0,23,0,0,1,64,1,1
150,150,AvgPool,1,5,24,2,3,24,0,24,0,0,1,64,1,1
150,150,AvgPool,1,5,25,3,3,25,0,25,0,0,1,64,1,1
150,150,AvgPool,1,5,26,2,2,26,0,26,0,0,1,64,1,1
150,150,AvgPool,1,5,27,3,2,27,0,27,0,0,1,64,1,1
150,150,AvgPool,1,4,28,2,1,28,0,28,0,0,1,64,1,1
150,150,AvgPool,1,4,29,3,1,29,0,29,0,0,1,64,1,1
150,150,AvgPool,1,4,30,2,0,30,0,30,0,0,1,64,1,1
150,150,AvgPool,1,4,31,3,0,31,0,31,0,0,1,64,1,1
150,150,AvgPool,1,8,32,4,0,32,0,32,0,0,1,64,1,1
150,150,AvgPool,1,8,33,5,0,33,0,33,0,0,1,64,1,1
150,150,AvgPool,1,8,34,4,1,34,0,34,0,0,1,64,1,1
150,150,AvgPool,1,8,35,5,1,35,0,35,0,0,1,64,1,1
150,150,AvgPool,1,9,36,4,2,36,0,36,0,0,1,64,1,1
150,150,AvgPool,1,9,37,5,2,37,0,37,0,0,1,64,1,1
150,150,AvgPool,1,9,38,4,3,38,0,38,0,0,1,64,1,1
150,150,AvgPool,1,9,39,5,3,39,0,39,0,0,1,64,1,1
150,150,AvgPool,1,10,40,4,4,40,0,40,0,0,1,64,1,1
150,150,AvgPool,1,10,41,5,4,41,0,41,0,0,1,64,1,1
150,150,AvgPool,1,10,42,4,5,42,0,42,0,0,1,64,1,1
150,150,AvgPool,1,10,43,5,5,43,0,43,0,0,1,64,1,1
150,150,AvgPool,1,11,44,4,6,44,0,44,0,0,1,64,1,1
150,150,AvgPool,1,11,45,5,6,45,0,45,0,0,1,64,1,1
150,150,AvgPool,1,11,46,4,7,46,0,46,0,0,1,64,1,1
150,150,AvgPool,1,11,47,5,7,47,0,47,0,0,1,64,1,1
150,150,AvgPool,1,15,48,6,7,48,0,48,0,0,1,64,1,1
150,150,AvgPool,1,15,49,7,7,49,0,49,0,0,1,64,1,1
150,150,AvgPool,1,15,50,6,6,50,0,50,0,0,1,64,1,1
150,150,AvgPool,1,15,51,7,6,51,0,51,0,0,1,64,1,1
150,150,AvgPool,1,14,52,6,5,52,0,52,0,0,1,64,1,1
150,150,AvgPool,1,14,53,7,5,53,0,53,0,0,1,64,1,1
150,150,AvgPool,1,14,54,6,4,54,0,54,0,0,1,64,1,1
150,150,AvgPool,1,14,55,7,4,55,0,55,0,0,1,64,1,1
150,150,AvgPool,1,13,56,6,3,56,0,56,0,0,1,64,1,1
150,150,AvgPool,1,13,57,7,3,57,0,57,0,0,1,64,1,1
150,150,AvgPool,1,13,58,6,2,58,0,58,0,0,1,64,1,1
150,150,AvgPool,1,13,59,7,2,59,0,59,0,0,1,64,1,1
150,150,AvgPool,1,12,60,6,1,60,0,60,0,0,1,64,1,1
150,150,AvgPool,1,12,61,7,1,61,0,61,0,0,1,64,1,1
150,150,AvgPool,1,12,62,6,0,62,0,62,0,0,1,64,1,1
150,150,AvgPool,1,12,63,7,0,63,0,63,0,0,1,64,1,1
151,151,Dropout,2,0,0,0,0,0,0,0,0,0,1,64,1,1
151,151,Dropout,2,0,1,1,0,1,0,1,0,0,1,64,1,1
151,151,Dropout,2,0,2,0,1,2,0,2,0,0,1,64,1,1
151,151,Dropout,2,0,3,1,1,3,0,3,0,0,1,64,1,1
151,151,Dropout,2,1,4,0,2,4,0,4,0,0,1,64,1,1
151,151,Dropout,2,1,5,1,2,5,0,5,0,0,1,64,1,1
151,151,Dropout,2,1,6,0,3,6,0,6,0,0,1,64,1,1
151,151,Dropout,2,1,7,1,3,7,0,7,0,0,1,64,1,1
151,151,Dropout,2,2,8,0,4,8,0,8,0,0,1,64,1,1
151,151,Dropout,2,2,9,1,4,9,0,9,0,0,1,64,1,1
151,151,Dropout,2,2,10,0,5,10,0,10,0,0,1,64,1,1
151,151,Dropout,2,2,11,1,5,11,0,11,0,0,1,64,1,1
151,151,Dropout,2,3,12,0,6,12,0,12,0,0,1,64,1,1
151,151,Dropout,2,3,13,1,6,13,0,13,0,0,1,64,1,1
151,151,Dropout,2,3,14,0,7,14,0,14,0,0,1,64,1,1
151,151,Dropout,2,3,15,1,7,15,0,15,0,0,1,64,1,1
151,151,Dropout,2,7,16,2,7,16,0,16,0,0,1,64,1,1
151,151,Dropout,2,7,17,3,7,17,0,17,0,0,1,64,1,1
151,151,Dropout,2,7,18,2,6,18,0,18,0,0,1,64,1,1
151,151,Dropout,2,7,19,3,6,19,0,19,0,0,1,64,1,1
151,151,Dropout,2,6,20,2,5,20,0,20,0,0,1,64,1,1
151,151,Dropout,2,6,21,3,5,21,0,21,0,0,1,64,1,1
151,151,Dropout,2,6,22,2,4,22,0,22,0,0,1,64,1,1
151,151,Dropout,2,6,23,3,4,23,0,23,0,0,1,64,1,1
151,151,Dropout,2,5,24,2,3,24,0,24,0,0,1,64,1,1
151,151,Dropout,2,5,25,3,3,25,0,25,0,0,1,64,1,1
151,151,Dropout,2,5,26,2,2,26,0,26,0,0,1,64,1,1
151,151,Dropout,2,5,27,3,2,27,0,27,0,0,1,64,1,1
151,151,Dropout,2,4,28,2,1,28,0,28,0,0,1,64,1,1
151,151,Dropout,2,4,29,3,1,29,0,29,0,0,1,64,1,1
151,151,Dropout,2,4,30,2,0,30,0,30,0,0,1,64,1,1
151,151,Dropout,2,4,31,3,0,31,0,31,0,0,1,64,1,1
151,151,Dropout,2,8,32,4,0,32,0,32,0,0,1,64,1,1
151,151,Dropout,2,8,33,5,0,33,0,33,0,0,1,64,1,1
151,151,Dropout,2,8,34,4,1,34,0,34,0,0,1,64,1,1
151,151,Dropout,2,8,35,5,1,35,0,35,0,0,1,64,1,1
151,151,Dropout,2,9,36,4,2,36,0,36,0,0,1,64,1,1
151,151,Dropout,2,9,37,5,2,37,0,37,0,0,1,64,1,1
151,151,Dropout,2,9,38,4,3,38,0,38,0,0,1,64,1,1
151,151,Dropout,2,9,39,5,3,39,0,39,0,0,1,64,1,1
151,151,Dropout,2,10,40,4,4,40,0,40,0,0,1,64,1,1
151,151,Dropout,2,10,41,5,4,41,0,41,0,0,1,64,1,1
151,151,Dropout,2,10,42,4,5,42,0,42,0,0,1,64,1,1
151,151,Dropout,2,10,43,5,5,43,0,43,0,0,1,64,1,1
151,151,Dropout,2,11,44,4,6,44,0,44,0,0,1,64,1,1
151,151,Dropout,2,11,45,5,6,45,0,45,0,0,1,64,1,1
151,151,Dropout,2,11,46,4,7,46,0,46,0,0,1,64,1,1
151,151,Dropout,2,11,47,5,7,47,0,47,0,0,1,64,1,1
151,151,Dropout,2,15,48,6,7,48,0,48,0,0,1,64,1,1
151,151,Dropout,2,15,49,7,7,49,0,49,0,0,1,64,1,1
151,151,Dropout,2,15,50,6,6,50,0,50,0,0,1,64,1,1
151,151,Dropout,2,15,51,7,6,51,0,51,0,0,1,64,1,1
151,151,Dropout,2,14,52,6,5,52,0,52,0,0,1,64,1,1
151,151,Dropout,2,14,53,7,5,53,0,53,0,0,1,64,1,1
151,151,Dropout,2,14,54,6,4,54,0,54,0,0,1,64,1,1
151,151,Dropout,2,14,55,7,4,55,0,55,0,0,1,64,1,1
151,151,Dropout,2,13,56,6,3,56,0,56,0,0,1,64,1,1
151,151,Dropout,2,13,57,7,3,57,0,57,0,0,1,64,1,1
151,151,Dropout,2,13,58,6,2,58,0,58,0,0,1,64,1,1
151,151,Dropout,2,13,59,7,2,59,0,59,0,0,1,64,1,1
151,151,Dropout,2,12,60,6,1,60,0,60,0,0,1,64,1,1
151,151,Dropout,2,12,61,7,1,61,0,61,0,0,1,64,1,1
151,151,Dropout,2,12,62,6,0,62,0,62,0,0,1,64,1,1
151,151,Dropout,2,12,63,7,0,63,0,63,0,0,1,64,1,1
152,152,FC,4,0,0,0,0,0,0,0,0,0,1,64,1,1
152,152,FC,4,0,1,1,0,1,0,1,0,0,1,64,1,1
152,152,FC,4,0,2,0,1,2,0,2,0,0,1,64,1,1
152,152,FC,4,0,3,1,1,3,0,3,0,0,1,64,1,1
152,152,FC,4,1,4,0,2,4,0,4,0,0,1,64,1,1
152,152,FC,4,1,5,1,2,5,0,5,0,0,1,64,1,1
152,152,FC,4,1,6,0,3,6,0,6,0,0,1,64,1,1
152,152,FC,4,1,7,1,3,7,0,7,0,0,1,64,1,1
152,152,FC,4,2,8,0,4,8,0,8,0,0,1,64,1,1
152,152,FC,4,2,9,1,4,9,0,9,0,0,1,64,1,1
152,152,FC,4,2,10,0,5,10,0,10,0,0,1,64,1,1
152,152,FC,4,2,11,1,5,11,0,11,0,0,1,64,1,1
152,152,FC,4,3,12,0,6,12,0,12,0,0,1,64,1,1
152,152,FC,4,3,13,1,6,13,0,13,0,0,1,64,1,1
152,152,FC,4,3,14,0,7,14,0,14,0,0,1,64,1,1
152,152,FC,4,3,15,1,7,15,0,15,0,0,1,64,1,1
152,152,FC,4,7,16,2,7,16,0,16,0,0,1,64,1,1
152,152,FC,4,7,17,3,7,17,0,17,0,0,1,64,1,1
152,152,FC,4,7,18,2,6,18,0,18,0,0,1,64,1,1
152,152,FC,4,7,19,3,6,19,0,19,0,0,1,64,1,1
152,152,FC,4,6,20,2,5,20,0,20,0,0,1,64,1,1
152,152,FC,4,6,21,3,5,21,0,21,0,0,1,64,1,1
152,152,FC,4,6,22,2,4,22,0,22,0,0,1,64,1,1
152,152,FC,4,6,23,3,4,23,0,23,0,0,1,64,1,1
152,152,FC,4,5,24,2,3,24,0,24,0,0,1,64,1,1
152,152,FC,4,5,25,3,3,25,0,25,0,0,1,64,1,1
152,152,FC,4,5,26,2,2,26,0,26,0,0,1,64,1,1
152,152,FC,4,5,27,3,2,27,0,27,0,0,1,64,1,1
152,152,FC,4,4,28,2,1,28,0,28,0,0,1,64,1,1
152,152,FC,4,4,29,3,1,29,0,29,0,0,1,64,1,1
152,152,FC,4,4,30,2,0,30,0,30,0,0,1,64,1,1
152,152,FC,4,4,31,3,0,31,0,31,0,0,1,64,1,1
152,152,FC,4,8,32,4,0,32,0,32,0,0,1,64,1,1
152,152,FC,4,8,33,5,0,33,0,33,0,0,1,64,1,1
152,152,FC,4,8,34,4,1,34,0,34,0,0,1,64,1,1
152,152,FC,4,8,35,5,1,35,0,35,0,0,1,64,1,1
152,152,FC,4,9,36,4,2,36,0,36,0,0,1,64,1,1
152,152,FC,4,9,37,5,2,37,0,37,0,0,1,64,1,1
152,152,FC,4,9,38,4,3,38,0,38,0,0,1,64,1,1
152,152,FC,4,9,39,5,3,39,0,39,0,0,1,64,1,1
152,152,FC,4,10,40,4,4,40,0,40,0,0,1,64,1,1
152,152,FC,4,10,41,5,4,41,0,41,0,0,1,64,1,1
152,152,FC,4,10,42,4,5,42,0,42,0,0,1,64,1,1
152,152,FC,4,10,43,5,5,43,0,43,0,0,1,64,1,1
152,152,FC,4,11,44,4,6,44,0,44,0,0,1,64,1,1
152,152,FC,4,11,45,5,6,45,0,45,0,0,1,64,1,1
152,152,FC,4,11,46,4,7,46,0,46,0,0,1,64,1,1
152,152,FC,4,11,47,5,7,47,0,47,0,0,1,64,1,1
152,152,FC,4,15,48,6,7,48,0,48,0,0,1,64,1,1
152,152,FC,4,15,49,7,7,49,0,49,0,0,1,64,1,1
152,152,FC,4,15,50,6,6,50,0,50,0,0,1,64,1,1
152,152,FC,4,15,51,7,6,51,0,51,0,0,1,64,1,1
152,152,FC,4,14,52,6,5,52,0,52,0,0,1,64,1,1
152,152,FC,4,14,53,7,5,53,0,53,0,0,1,64,1,1
152,152,FC,4,14,54,6,4,54,0,54,0,0,1,64,1,1
152,152,FC,4,14,55,7,4,55,0,55,0,0,1,64,1,1
152,152,FC,4,13,56,6,3,56,0,56,0,0,1,64,1,1
152,152,FC,4,13,57,7,3,57,0,57,0,0,1,64,1,1
152,152,FC,4,13,58,6,2,58,0,58,0,0,1,64,1,1
152,152,FC,4,13,59,7,2,59,0,59,0,0,1,64,1,1
152,152,FC,4,12,60,6,1,60,0,60,0,0,1,64,1,1
152,152,FC,4,12,61,7,1,61,0,61,0,0,1,64,1,1
152,152,FC,4,12,62,6,0,62,0,62,0,0,1,64,1,1
152,152,FC,4,12,63,7,0,63,0,63,0,0,1,64,1,1
