segment,layer_id,layer,batch,chiplet,core,x,y,partition_id,partition_b,partition_c,partition_h,partition_w,B,C,H,W
0,0,word_embed,1,0,0,0,0,0,0,0,0,0,1,8,8,1
0,0,word_embed,1,0,1,1,0,1,0,0,1,0,1,8,8,1
0,0,word_embed,1,0,2,0,1,2,0,0,2,0,1,8,8,1
0,0,word_embed,1,0,3,1,1,3,0,0,3,0,1,8,8,1
0,0,word_embed,1,1,4,0,2,4,0,0,4,0,1,8,8,1
0,0,word_embed,1,1,5,1,2,5,0,0,5,0,1,8,8,1
0,0,word_embed,1,1,6,0,3,6,0,0,6,0,1,8,8,1
0,0,word_embed,1,1,7,1,3,7,0,0,7,0,1,8,8,1
0,0,word_embed,1,2,8,0,4,8,0,1,0,0,1,8,8,1
0,0,word_embed,1,2,9,1,4,9,0,1,1,0,1,8,8,1
0,0,word_embed,1,2,10,0,5,10,0,1,2,0,1,8,8,1
0,0,word_embed,1,2,11,1,5,11,0,1,3,0,1,8,8,1
0,0,word_embed,1,3,12,0,6,12,0,1,4,0,1,8,8,1
0,0,word_embed,1,3,13,1,6,13,0,1,5,0,1,8,8,1
0,0,word_embed,1,3,14,0,7,14,0,1,6,0,1,8,8,1
0,0,word_embed,1,3,15,1,7,15,0,1,7,0,1,8,8,1
0,0,word_embed,1,7,16,2,7,16,0,2,0,0,1,8,8,1
0,0,word_embed,1,7,17,3,7,17,0,2,1,0,1,8,8,1
0,0,word_embed,1,7,18,2,6,18,0,2,2,0,1,8,8,1
0,0,word_embed,1,7,19,3,6,19,0,2,3,0,1,8,8,1
0,0,word_embed,1,6,20,2,5,20,0,2,4,0,1,8,8,1
0,0,word_embed,1,6,21,3,5,21,0,2,5,0,1,8,8,1
0,0,word_embed,1,6,22,2,4,22,0,2,6,0,1,8,8,1
0,0,word_embed,1,6,23,3,4,23,0,2,7,0,1,8,8,1
0,0,word_embed,1,5,24,2,3,24,0,3,0,0,1,8,8,1
0,0,word_embed,1,5,25,3,3,25,0,3,1,0,1,8,8,1
0,0,word_embed,1,5,26,2,2,26,0,3,2,0,1,8,8,1
0,0,word_embed,1,5,27,3,2,27,0,3,3,0,1,8,8,1
0,0,word_embed,1,4,28,2,1,28,0,3,4,0,1,8,8,1
0,0,word_embed,1,4,29,3,1,29,0,3,5,0,1,8,8,1
0,0,word_embed,1,4,30,2,0,30,0,3,6,0,1,8,8,1
0,0,word_embed,1,4,31,3,0,31,0,3,7,0,1,8,8,1
0,0,word_embed,1,8,32,4,0,32,0,4,0,0,1,8,8,1
0,0,word_embed,1,8,33,5,0,33,0,4,1,0,1,8,8,1
0,0,word_embed,1,8,34,4,1,34,0,4,2,0,1,8,8,1
0,0,word_embed,1,8,35,5,1,35,0,4,3,0,1,8,8,1
0,0,word_embed,1,9,36,4,2,36,0,4,4,0,1,8,8,1
0,0,word_embed,1,9,37,5,2,37,0,4,5,0,1,8,8,1
0,0,word_embed,1,9,38,4,3,38,0,4,6,0,1,8,8,1
0,0,word_embed,1,9,39,5,3,39,0,4,7,0,1,8,8,1
0,0,word_embed,1,10,40,4,4,40,0,5,0,0,1,8,8,1
0,0,word_embed,1,10,41,5,4,41,0,5,1,0,1,8,8,1
0,0,word_embed,1,10,42,4,5,42,0,5,2,0,1,8,8,1
0,0,word_embed,1,10,43,5,5,43,0,5,3,0,1,8,8,1
0,0,word_embed,1,11,44,4,6,44,0,5,4,0,1,8,8,1
0,0,word_embed,1,11,45,5,6,45,0,5,5,0,1,8,8,1
0,0,word_embed,1,11,46,4,7,46,0,5,6,0,1,8,8,1
0,0,word_embed,1,11,47,5,7,47,0,5,7,0,1,8,8,1
0,0,word_embed,1,15,48,6,7,48,0,6,0,0,1,8,8,1
0,0,word_embed,1,15,49,7,7,49,0,6,1,0,1,8,8,1
0,0,word_embed,1,15,50,6,6,50,0,6,2,0,1,8,8,1
0,0,word_embed,1,15,51,7,6,51,0,6,3,0,1,8,8,1
0,0,word_embed,1,14,52,6,5,52,0,6,4,0,1,8,8,1
0,0,word_embed,1,14,53,7,5,53,0,6,5,0,1,8,8,1
0,0,word_embed,1,14,54,6,4,54,0,6,6,0,1,8,8,1
0,0,word_embed,1,14,55,7,4,55,0,6,7,0,1,8,8,1
0,0,word_embed,1,13,56,6,3,56,0,7,0,0,1,8,8,1
0,0,word_embed,1,13,57,7,3,57,0,7,1,0,1,8,8,1
0,0,word_embed,1,13,58,6,2,58,0,7,2,0,1,8,8,1
0,0,word_embed,1,13,59,7,2,59,0,7,3,0,1,8,8,1
0,0,word_embed,1,12,60,6,1,60,0,7,4,0,1,8,8,1
0,0,word_embed,1,12,61,7,1,61,0,7,5,0,1,8,8,1
0,0,word_embed,1,12,62,6,0,62,0,7,6,0,1,8,8,1
0,0,word_embed,1,12,63,7,0,63,0,7,7,0,1,8,8,1
1,2,block1_K0,1,0,0,0,0,0,0,0,0,0,1,1,4,1
1,1,block1_Q,1,0,1,1,0,49,0,4,1,0,1,5,12,1
1,2,block1_K0,1,0,2,0,1,1,0,0,1,0,1,1,4,1
1,1,block1_Q,1,0,3,1,1,52,0,4,4,0,1,5,12,1
1,1,block1_Q,1,1,4,0,2,18,0,1,6,0,1,5,12,1
1,1,block1_Q,1,1,5,1,2,17,0,1,5,0,1,5,12,1
1,1,block1_Q,1,1,6,0,3,21,0,1,9,0,1,5,12,1
1,1,block1_Q,1,1,7,1,3,6,0,0,6,0,1,5,12,1
1,1,block1_Q,1,2,8,0,4,40,0,3,4,0,1,5,12,1
1,1,block1_Q,1,2,9,1,4,38,0,3,2,0,1,5,12,1
1,1,block1_Q,1,2,10,0,5,46,0,3,10,0,1,5,12,1
1,1,block1_Q,1,2,11,1,5,45,0,3,9,0,1,5,12,1
1,1,block1_Q,1,3,12,0,6,27,0,2,3,0,1,5,12,1
1,1,block1_Q,1,3,13,1,6,12,0,1,0,0,1,5,12,1
1,1,block1_Q,1,3,14,0,7,16,0,1,4,0,1,5,12,1
1,1,block1_Q,1,3,15,1,7,24,0,2,0,0,1,5,12,1
1,1,block1_Q,1,7,16,2,7,23,0,1,11,0,1,5,12,1
1,1,block1_Q,1,7,17,3,7,26,0,2,2,0,1,5,12,1
1,1,block1_Q,1,7,18,2,6,25,0,2,1,0,1,5,12,1
1,1,block1_Q,1,7,19,3,6,19,0,1,7,0,1,5,12,1
1,1,block1_Q,1,6,20,2,5,58,0,4,10,0,1,5,12,1
1,1,block1_Q,1,6,21,3,5,59,0,4,11,0,1,5,12,1
1,1,block1_Q,1,6,22,2,4,36,0,3,0,0,1,5,12,1
1,1,block1_Q,1,6,23,3,4,0,0,0,0,0,1,5,12,1
1,1,block1_Q,1,5,24,2,3,41,0,3,5,0,1,5,12,1
1,1,block1_Q,1,5,25,3,3,47,0,3,11,0,1,5,12,1
1,2,block1_K0,1,5,26,2,2,3,0,0,3,0,1,1,4,1
1,1,block1_Q,1,5,27,3,2,53,0,4,5,0,1,5,12,1
1,1,block1_Q,1,4,28,2,1,10,0,0,10,0,1,5,12,1
1,1,block1_Q,1,4,29,3,1,48,0,4,0,0,1,5,12,1
1,1,block1_Q,1,4,30,2,0,4,0,0,4,0,1,5,12,1
1,1,block1_Q,1,4,31,3,0,43,0,3,7,0,1,5,12,1
1,1,block1_Q,1,8,32,4,0,39,0,3,3,0,1,5,12,1
1,1,block1_Q,1,8,33,5,0,57,0,4,9,0,1,5,12,1
1,1,block1_Q,1,8,34,4,1,22,0,1,10,0,1,5,12,1
1,1,block1_Q,1,8,35,5,1,30,0,2,6,0,1,5,12,1
1,1,block1_Q,1,9,36,4,2,56,0,4,8,0,1,5,12,1
1,2,block1_K0,1,9,37,5,2,2,0,0,2,0,1,1,4,1
1,1,block1_Q,1,9,38,4,3,2,0,0,2,0,1,5,12,1
1,1,block1_Q,1,9,39,5,3,5,0,0,5,0,1,5,12,1
1,1,block1_Q,1,10,40,4,4,14,0,1,2,0,1,5,12,1
1,1,block1_Q,1,10,41,5,4,29,0,2,5,0,1,5,12,1
1,1,block1_Q,1,10,42,4,5,15,0,1,3,0,1,5,12,1
1,1,block1_Q,1,10,43,5,5,28,0,2,4,0,1,5,12,1
1,1,block1_Q,1,11,44,4,6,54,0,4,6,0,1,5,12,1
1,1,block1_Q,1,11,45,5,6,35,0,2,11,0,1,5,12,1
1,1,block1_Q,1,11,46,4,7,20,0,1,8,0,1,5,12,1
1,1,block1_Q,1,11,47,5,7,50,0,4,2,0,1,5,12,1
1,1,block1_Q,1,15,48,6,7,31,0,2,7,0,1,5,12,1
1,1,block1_Q,1,15,49,7,7,34,0,2,10,0,1,5,12,1
1,1,block1_Q,1,15,50,6,6,7,0,0,7,0,1,5,12,1
1,1,block1_Q,1,15,51,7,6,11,0,0,11,0,1,5,12,1
1,1,block1_Q,1,14,52,6,5,44,0,3,8,0,1,5,12,1
1,1,block1_Q,1,14,53,7,5,33,0,2,9,0,1,5,12,1
1,1,block1_Q,1,14,54,6,4,13,0,1,1,0,1,5,12,1
1,1,block1_Q,1,14,55,7,4,42,0,3,6,0,1,5,12,1
1,1,block1_Q,1,13,56,6,3,37,0,3,1,0,1,5,12,1
1,1,block1_Q,1,13,57,7,3,8,0,0,8,0,1,5,12,1
1,1,block1_Q,1,13,58,6,2,55,0,4,7,0,1,5,12,1
1,1,block1_Q,1,13,59,7,2,32,0,2,8,0,1,5,12,1
1,1,block1_Q,1,12,60,6,1,1,0,0,1,0,1,5,12,1
1,1,block1_Q,1,12,61,7,1,51,0,4,3,0,1,5,12,1
1,1,block1_Q,1,12,62,6,0,3,0,0,3,0,1,5,12,1
1,1,block1_Q,1,12,63,7,0,9,0,0,9,0,1,5,12,1
2,3,block1_Kt0,1,0,0,0,0,0,0,0,0,0,1,8,8,1
2,3,block1_Kt0,1,0,1,1,0,1,0,0,1,0,1,8,8,1
2,3,block1_Kt0,1,0,2,0,1,2,0,0,2,0,1,8,8,1
2,3,block1_Kt0,1,0,3,1,1,3,0,0,3,0,1,8,8,1
2,3,block1_Kt0,1,1,4,0,2,4,0,0,4,0,1,8,8,1
2,3,block1_Kt0,1,1,5,1,2,5,0,0,5,0,1,8,8,1
2,3,block1_Kt0,1,1,6,0,3,6,0,0,6,0,1,8,8,1
2,3,block1_Kt0,1,1,7,1,3,7,0,0,7,0,1,8,8,1
2,3,block1_Kt0,1,2,8,0,4,8,0,1,0,0,1,8,8,1
2,3,block1_Kt0,1,2,9,1,4,9,0,1,1,0,1,8,8,1
2,3,block1_Kt0,1,2,10,0,5,10,0,1,2,0,1,8,8,1
2,3,block1_Kt0,1,2,11,1,5,11,0,1,3,0,1,8,8,1
2,3,block1_Kt0,1,3,12,0,6,12,0,1,4,0,1,8,8,1
2,3,block1_Kt0,1,3,13,1,6,13,0,1,5,0,1,8,8,1
2,3,block1_Kt0,1,3,14,0,7,14,0,1,6,0,1,8,8,1
2,3,block1_Kt0,1,3,15,1,7,15,0,1,7,0,1,8,8,1
2,3,block1_Kt0,1,7,16,2,7,16,0,2,0,0,1,8,8,1
2,3,block1_Kt0,1,7,17,3,7,17,0,2,1,0,1,8,8,1
2,3,block1_Kt0,1,7,18,2,6,18,0,2,2,0,1,8,8,1
2,3,block1_Kt0,1,7,19,3,6,19,0,2,3,0,1,8,8,1
2,3,block1_Kt0,1,6,20,2,5,20,0,2,4,0,1,8,8,1
2,3,block1_Kt0,1,6,21,3,5,21,0,2,5,0,1,8,8,1
2,3,block1_Kt0,1,6,22,2,4,22,0,2,6,0,1,8,8,1
2,3,block1_Kt0,1,6,23,3,4,23,0,2,7,0,1,8,8,1
2,3,block1_Kt0,1,5,24,2,3,24,0,3,0,0,1,8,8,1
2,3,block1_Kt0,1,5,25,3,3,25,0,3,1,0,1,8,8,1
2,3,block1_Kt0,1,5,26,2,2,26,0,3,2,0,1,8,8,1
2,3,block1_Kt0,1,5,27,3,2,27,0,3,3,0,1,8,8,1
2,3,block1_Kt0,1,4,28,2,1,28,0,3,4,0,1,8,8,1
2,3,block1_Kt0,1,4,29,3,1,29,0,3,5,0,1,8,8,1
2,3,block1_Kt0,1,4,30,2,0,30,0,3,6,0,1,8,8,1
2,3,block1_Kt0,1,4,31,3,0,31,0,3,7,0,1,8,8,1
2,3,block1_Kt0,1,8,32,4,0,32,0,4,0,0,1,8,8,1
2,3,block1_Kt0,1,8,33,5,0,33,0,4,1,0,1,8,8,1
2,3,block1_Kt0,1,8,34,4,1,34,0,4,2,0,1,8,8,1
2,3,block1_Kt0,1,8,35,5,1,35,0,4,3,0,1,8,8,1
2,3,block1_Kt0,1,9,36,4,2,36,0,4,4,0,1,8,8,1
2,3,block1_Kt0,1,9,37,5,2,37,0,4,5,0,1,8,8,1
2,3,block1_Kt0,1,9,38,4,3,38,0,4,6,0,1,8,8,1
2,3,block1_Kt0,1,9,39,5,3,39,0,4,7,0,1,8,8,1
2,3,block1_Kt0,1,10,40,4,4,40,0,5,0,0,1,8,8,1
2,3,block1_Kt0,1,10,41,5,4,41,0,5,1,0,1,8,8,1
2,3,block1_Kt0,1,10,42,4,5,42,0,5,2,0,1,8,8,1
2,3,block1_Kt0,1,10,43,5,5,43,0,5,3,0,1,8,8,1
2,3,block1_Kt0,1,11,44,4,6,44,0,5,4,0,1,8,8,1
2,3,block1_Kt0,1,11,45,5,6,45,0,5,5,0,1,8,8,1
2,3,block1_Kt0,1,11,46,4,7,46,0,5,6,0,1,8,8,1
2,3,block1_Kt0,1,11,47,5,7,47,0,5,7,0,1,8,8,1
2,3,block1_Kt0,1,15,48,6,7,48,0,6,0,0,1,8,8,1
2,3,block1_Kt0,1,15,49,7,7,49,0,6,1,0,1,8,8,1
2,3,block1_Kt0,1,15,50,6,6,50,0,6,2,0,1,8,8,1
2,3,block1_Kt0,1,15,51,7,6,51,0,6,3,0,1,8,8,1
2,3,block1_Kt0,1,14,52,6,5,52,0,6,4,0,1,8,8,1
2,3,block1_Kt0,1,14,53,7,5,53,0,6,5,0,1,8,8,1
2,3,block1_Kt0,1,14,54,6,4,54,0,6,6,0,1,8,8,1
2,3,block1_Kt0,1,14,55,7,4,55,0,6,7,0,1,8,8,1
2,3,block1_Kt0,1,13,56,6,3,56,0,7,0,0,1,8,8,1
2,3,block1_Kt0,1,13,57,7,3,57,0,7,1,0,1,8,8,1
2,3,block1_Kt0,1,13,58,6,2,58,0,7,2,0,1,8,8,1
2,3,block1_Kt0,1,13,59,7,2,59,0,7,3,0,1,8,8,1
2,3,block1_Kt0,1,12,60,6,1,60,0,7,4,0,1,8,8,1
2,3,block1_Kt0,1,12,61,7,1,61,0,7,5,0,1,8,8,1
2,3,block1_Kt0,1,12,62,6,0,62,0,7,6,0,1,8,8,1
2,3,block1_Kt0,1,12,63,7,0,63,0,7,7,0,1,8,8,1
3,4,block1_K1,1,0,0,0,0,0,0,0,0,0,1,2,32,1
3,4,block1_K1,1,0,1,1,0,1,0,0,1,0,1,2,32,1
3,4,block1_K1,1,0,2,0,1,2,0,0,2,0,1,2,32,1
3,4,block1_K1,1,0,3,1,1,3,0,0,3,0,1,2,32,1
3,4,block1_K1,1,1,4,0,2,4,0,0,4,0,1,2,32,1
3,4,block1_K1,1,1,5,1,2,5,0,0,5,0,1,2,32,1
3,4,block1_K1,1,1,6,0,3,6,0,0,6,0,1,2,32,1
3,4,block1_K1,1,1,7,1,3,7,0,0,7,0,1,2,32,1
3,4,block1_K1,1,2,8,0,4,8,0,0,8,0,1,2,32,1
3,4,block1_K1,1,2,9,1,4,9,0,0,9,0,1,2,32,1
3,4,block1_K1,1,2,10,0,5,10,0,0,10,0,1,2,32,1
3,4,block1_K1,1,2,11,1,5,11,0,0,11,0,1,2,32,1
3,4,block1_K1,1,3,12,0,6,12,0,0,12,0,1,2,32,1
3,4,block1_K1,1,3,13,1,6,13,0,0,13,0,1,2,32,1
3,4,block1_K1,1,3,14,0,7,14,0,0,14,0,1,2,32,1
3,4,block1_K1,1,3,15,1,7,15,0,0,15,0,1,2,32,1
3,4,block1_K1,1,7,16,2,7,16,0,0,16,0,1,2,32,1
3,4,block1_K1,1,7,17,3,7,17,0,0,17,0,1,2,32,1
3,4,block1_K1,1,7,18,2,6,18,0,0,18,0,1,2,32,1
3,4,block1_K1,1,7,19,3,6,19,0,0,19,0,1,2,32,1
3,4,block1_K1,1,6,20,2,5,20,0,0,20,0,1,2,32,1
3,4,block1_K1,1,6,21,3,5,21,0,0,21,0,1,2,32,1
3,4,block1_K1,1,6,22,2,4,22,0,0,22,0,1,2,32,1
3,4,block1_K1,1,6,23,3,4,23,0,0,23,0,1,2,32,1
3,4,block1_K1,1,5,24,2,3,24,0,0,24,0,1,2,32,1
3,4,block1_K1,1,5,25,3,3,25,0,0,25,0,1,2,32,1
3,4,block1_K1,1,5,26,2,2,26,0,0,26,0,1,2,32,1
3,4,block1_K1,1,5,27,3,2,27,0,0,27,0,1,2,32,1
3,4,block1_K1,1,4,28,2,1,28,0,0,28,0,1,2,32,1
3,4,block1_K1,1,4,29,3,1,29,0,0,29,0,1,2,32,1
3,4,block1_K1,1,4,30,2,0,30,0,0,30,0,1,2,32,1
3,4,block1_K1,1,4,31,3,0,31,0,0,31,0,1,2,32,1
3,4,block1_K1,1,8,32,4,0,32,0,1,0,0,1,2,32,1
3,4,block1_K1,1,8,33,5,0,33,0,1,1,0,1,2,32,1
3,4,block1_K1,1,8,34,4,1,34,0,1,2,0,1,2,32,1
3,4,block1_K1,1,8,35,5,1,35,0,1,3,0,1,2,32,1
3,4,block1_K1,1,9,36,4,2,36,0,1,4,0,1,2,32,1
3,4,block1_K1,1,9,37,5,2,37,0,1,5,0,1,2,32,1
3,4,block1_K1,1,9,38,4,3,38,0,1,6,0,1,2,32,1
3,4,block1_K1,1,9,39,5,3,39,0,1,7,0,1,2,32,1
3,4,block1_K1,1,10,40,4,4,40,0,1,8,0,1,2,32,1
3,4,block1_K1,1,10,41,5,4,41,0,1,9,0,1,2,32,1
3,4,block1_K1,1,10,42,4,5,42,0,1,10,0,1,2,32,1
3,4,block1_K1,1,10,43,5,5,43,0,1,11,0,1,2,32,1
3,4,block1_K1,1,11,44,4,6,44,0,1,12,0,1,2,32,1
3,4,block1_K1,1,11,45,5,6,45,0,1,13,0,1,2,32,1
3,4,block1_K1,1,11,46,4,7,46,0,1,14,0,1,2,32,1
3,4,block1_K1,1,11,47,5,7,47,0,1,15,0,1,2,32,1
3,4,block1_K1,1,15,48,6,7,48,0,1,16,0,1,2,32,1
3,4,block1_K1,1,15,49,7,7,49,0,1,17,0,1,2,32,1
3,4,block1_K1,1,15,50,6,6,50,0,1,18,0,1,2,32,1
3,4,block1_K1,1,15,51,7,6,51,0,1,19,0,1,2,32,1
3,4,block1_K1,1,14,52,6,5,52,0,1,20,0,1,2,32,1
3,4,block1_K1,1,14,53,7,5,53,0,1,21,0,1,2,32,1
3,4,block1_K1,1,14,54,6,4,54,0,1,22,0,1,2,32,1
3,4,block1_K1,1,14,55,7,4,55,0,1,23,0,1,2,32,1
3,4,block1_K1,1,13,56,6,3,56,0,1,24,0,1,2,32,1
3,4,block1_K1,1,13,57,7,3,57,0,1,25,0,1,2,32,1
3,4,block1_K1,1,13,58,6,2,58,0,1,26,0,1,2,32,1
3,4,block1_K1,1,13,59,7,2,59,0,1,27,0,1,2,32,1
3,4,block1_K1,1,12,60,6,1,60,0,1,28,0,1,2,32,1
3,4,block1_K1,1,12,61,7,1,61,0,1,29,0,1,2,32,1
3,4,block1_K1,1,12,62,6,0,62,0,1,30,0,1,2,32,1
3,4,block1_K1,1,12,63,7,0,63,0,1,31,0,1,2,32,1
4,5,block1_Kt1,1,0,0,0,0,0,0,0,0,0,1,8,8,1
4,5,block1_Kt1,1,0,1,1,0,1,0,0,1,0,1,8,8,1
4,5,block1_Kt1,1,0,2,0,1,2,0,0,2,0,1,8,8,1
4,5,block1_Kt1,1,0,3,1,1,3,0,0,3,0,1,8,8,1
4,5,block1_Kt1,1,1,4,0,2,4,0,0,4,0,1,8,8,1
4,5,block1_Kt1,1,1,5,1,2,5,0,0,5,0,1,8,8,1
4,5,block1_Kt1,1,1,6,0,3,6,0,0,6,0,1,8,8,1
4,5,block1_Kt1,1,1,7,1,3,7,0,0,7,0,1,8,8,1
4,5,block1_Kt1,1,2,8,0,4,8,0,1,0,0,1,8,8,1
4,5,block1_Kt1,1,2,9,1,4,9,0,1,1,0,1,8,8,1
4,5,block1_Kt1,1,2,10,0,5,10,0,1,2,0,1,8,8,1
4,5,block1_Kt1,1,2,11,1,5,11,0,1,3,0,1,8,8,1
4,5,block1_Kt1,1,3,12,0,6,12,0,1,4,0,1,8,8,1
4,5,block1_Kt1,1,3,13,1,6,13,0,1,5,0,1,8,8,1
4,5,block1_Kt1,1,3,14,0,7,14,0,1,6,0,1,8,8,1
4,5,block1_Kt1,1,3,15,1,7,15,0,1,7,0,1,8,8,1
4,5,block1_Kt1,1,7,16,2,7,16,0,2,0,0,1,8,8,1
4,5,block1_Kt1,1,7,17,3,7,17,0,2,1,0,1,8,8,1
4,5,block1_Kt1,1,7,18,2,6,18,0,2,2,0,1,8,8,1
4,5,block1_Kt1,1,7,19,3,6,19,0,2,3,0,1,8,8,1
4,5,block1_Kt1,1,6,20,2,5,20,0,2,4,0,1,8,8,1
4,5,block1_Kt1,1,6,21,3,5,21,0,2,5,0,1,8,8,1
4,5,block1_Kt1,1,6,22,2,4,22,0,2,6,0,1,8,8,1
4,5,block1_Kt1,1,6,23,3,4,23,0,2,7,0,1,8,8,1
4,5,block1_Kt1,1,5,24,2,3,24,0,3,0,0,1,8,8,1
4,5,block1_Kt1,1,5,25,3,3,25,0,3,1,0,1,8,8,1
4,5,block1_Kt1,1,5,26,2,2,26,0,3,2,0,1,8,8,1
4,5,block1_Kt1,1,5,27,3,2,27,0,3,3,0,1,8,8,1
4,5,block1_Kt1,1,4,28,2,1,28,0,3,4,0,1,8,8,1
4,5,block1_Kt1,1,4,29,3,1,29,0,3,5,0,1,8,8,1
4,5,block1_Kt1,1,4,30,2,0,30,0,3,6,0,1,8,8,1
4,5,block1_Kt1,1,4,31,3,0,31,0,3,7,0,1,8,8,1
4,5,block1_Kt1,1,8,32,4,0,32,0,4,0,0,1,8,8,1
4,5,block1_Kt1,1,8,33,5,0,33,0,4,1,0,1,8,8,1
4,5,block1_Kt1,1,8,34,4,1,34,0,4,2,0,1,8,8,1
4,5,block1_Kt1,1,8,35,5,1,35,0,4,3,0,1,8,8,1
4,5,block1_Kt1,1,9,36,4,2,36,0,4,4,0,1,8,8,1
4,5,block1_Kt1,1,9,37,5,2,37,0,4,5,0,1,8,8,1
4,5,block1_Kt1,1,9,38,4,3,38,0,4,6,0,1,8,8,1
4,5,block1_Kt1,1,9,39,5,3,39,0,4,7,0,1,8,8,1
4,5,block1_Kt1,1,10,40,4,4,40,0,5,0,0,1,8,8,1
4,5,block1_Kt1,1,10,41,5,4,41,0,5,1,0,1,8,8,1
4,5,block1_Kt1,1,10,42,4,5,42,0,5,2,0,1,8,8,1
4,5,block1_Kt1,1,10,43,5,5,43,0,5,3,0,1,8,8,1
4,5,block1_Kt1,1,11,44,4,6,44,0,5,4,0,1,8,8,1
4,5,block1_Kt1,1,11,45,5,6,45,0,5,5,0,1,8,8,1
4,5,block1_Kt1,1,11,46,4,7,46,0,5,6,0,1,8,8,1
4,5,block1_Kt1,1,11,47,5,7,47,0,5,7,0,1,8,8,1
4,5,block1_Kt1,1,15,48,6,7,48,0,6,0,0,1,8,8,1
4,5,block1_Kt1,1,15,49,7,7,49,0,6,1,0,1,8,8,1
4,5,block1_Kt1,1,15,50,6,6,50,0,6,2,0,1,8,8,1
4,5,block1_Kt1,1,15,51,7,6,51,0,6,3,0,1,8,8,1
4,5,block1_Kt1,1,14,52,6,5,52,0,6,4,0,1,8,8,1
4,5,block1_Kt1,1,14,53,7,5,53,0,6,5,0,1,8,8,1
4,5,block1_Kt1,1,14,54,6,4,54,0,6,6,0,1,8,8,1
4,5,block1_Kt1,1,14,55,7,4,55,0,6,7,0,1,8,8,1
4,5,block1_Kt1,1,13,56,6,3,56,0,7,0,0,1,8,8,1
4,5,block1_Kt1,1,13,57,7,3,57,0,7,1,0,1,8,8,1
4,5,block1_Kt1,1,13,58,6,2,58,0,7,2,0,1,8,8,1
4,5,block1_Kt1,1,13,59,7,2,59,0,7,3,0,1,8,8,1
4,5,block1_Kt1,1,12,60,6,1,60,0,7,4,0,1,8,8,1
4,5,block1_Kt1,1,12,61,7,1,61,0,7,5,0,1,8,8,1
4,5,block1_Kt1,1,12,62,6,0,62,0,7,6,0,1,8,8,1
4,5,block1_Kt1,1,12,63,7,0,63,0,7,7,0,1,8,8,1
5,6,block1_K2,1,0,0,0,0,0,0,0,0,0,1,2,32,1
5,6,block1_K2,1,0,1,1,0,1,0,0,1,0,1,2,32,1
5,6,block1_K2,1,0,2,0,1,2,0,0,2,0,1,2,32,1
5,6,block1_K2,1,0,3,1,1,3,0,0,3,0,1,2,32,1
5,6,block1_K2,1,1,4,0,2,4,0,0,4,0,1,2,32,1
5,6,block1_K2,1,1,5,1,2,5,0,0,5,0,1,2,32,1
5,6,block1_K2,1,1,6,0,3,6,0,0,6,0,1,2,32,1
5,6,block1_K2,1,1,7,1,3,7,0,0,7,0,1,2,32,1
5,6,block1_K2,1,2,8,0,4,8,0,0,8,0,1,2,32,1
5,6,block1_K2,1,2,9,1,4,9,0,0,9,0,1,2,32,1
5,6,block1_K2,1,2,10,0,5,10,0,0,10,0,1,2,32,1
5,6,block1_K2,1,2,11,1,5,11,0,0,11,0,1,2,32,1
5,6,block1_K2,1,3,12,0,6,12,0,0,12,0,1,2,32,1
5,6,block1_K2,1,3,13,1,6,13,0,0,13,0,1,2,32,1
5,6,block1_K2,1,3,14,0,7,14,0,0,14,0,1,2,32,1
5,6,block1_K2,1,3,15,1,7,15,0,0,15,0,1,2,32,1
5,6,block1_K2,1,7,16,2,7,16,0,0,16,0,1,2,32,1
5,6,block1_K2,1,7,17,3,7,17,0,0,17,0,1,2,32,1
5,6,block1_K2,1,7,18,2,6,18,0,0,18,0,1,2,32,1
5,6,block1_K2,1,7,19,3,6,19,0,0,19,0,1,2,32,1
5,6,block1_K2,1,6,20,2,5,20,0,0,20,0,1,2,32,1
5,6,block1_K2,1,6,21,3,5,21,0,0,21,0,1,2,32,1
5,6,block1_K2,1,6,22,2,4,22,0,0,22,0,1,2,32,1
5,6,block1_K2,1,6,23,3,4,23,0,0,23,0,1,2,32,1
5,6,block1_K2,1,5,24,2,3,24,0,0,24,0,1,2,32,1
5,6,block1_K2,1,5,25,3,3,25,0,0,25,0,1,2,32,1
5,6,block1_K2,1,5,26,2,2,26,0,0,26,0,1,2,32,1
5,6,block1_K2,1,5,27,3,2,27,0,0,27,0,1,2,32,1
5,6,block1_K2,1,4,28,2,1,28,0,0,28,0,1,2,32,1
5,6,block1_K2,1,4,29,3,1,29,0,0,29,0,1,2,32,1
5,6,block1_K2,1,4,30,2,0,30,0,0,30,0,1,2,32,1
5,6,block1_K2,1,4,31,3,0,31,0,0,31,0,1,2,32,1
5,6,block1_K2,1,8,32,4,0,32,0,1,0,0,1,2,32,1
5,6,block1_K2,1,8,33,5,0,33,0,1,1,0,1,2,32,1
5,6,block1_K2,1,8,34,4,1,34,0,1,2,0,1,2,32,1
5,6,block1_K2,1,8,35,5,1,35,0,1,3,0,1,2,32,1
5,6,block1_K2,1,9,36,4,2,36,0,1,4,0,1,2,32,1
5,6,block1_K2,1,9,37,5,2,37,0,1,5,0,1,2,32,1
5,6,block1_K2,1,9,38,4,3,38,0,1,6,0,1,2,32,1
5,6,block1_K2,1,9,39,5,3,39,0,1,7,0,1,2,32,1
5,6,block1_K2,1,10,40,4,4,40,0,1,8,0,1,2,32,1
5,6,block1_K2,1,10,41,5,4,41,0,1,9,0,1,2,32,1
5,6,block1_K2,1,10,42,4,5,42,0,1,10,0,1,2,32,1
5,6,block1_K2,1,10,43,5,5,43,0,1,11,0,1,2,32,1
5,6,block1_K2,1,11,44,4,6,44,0,1,12,0,1,2,32,1
5,6,block1_K2,1,11,45,5,6,45,0,1,13,0,1,2,32,1
5,6,block1_K2,1,11,46,4,7,46,0,1,14,0,1,2,32,1
5,6,block1_K2,1,11,47,5,7,47,0,1,15,0,1,2,32,1
5,6,block1_K2,1,15,48,6,7,48,0,1,16,0,1,2,32,1
5,6,block1_K2,1,15,49,7,7,49,0,1,17,0,1,2,32,1
5,6,block1_K2,1,15,50,6,6,50,0,1,18,0,1,2,32,1
5,6,block1_K2,1,15,51,7,6,51,0,1,19,0,1,2,32,1
5,6,block1_K2,1,14,52,6,5,52,0,1,20,0,1,2,32,1
5,6,block1_K2,1,14,53,7,5,53,0,1,21,0,1,2,32,1
5,6,block1_K2,1,14,54,6,4,54,0,1,22,0,1,2,32,1
5,6,block1_K2,1,14,55,7,4,55,0,1,23,0,1,2,32,1
5,6,block1_K2,1,13,56,6,3,56,0,1,24,0,1,2,32,1
5,6,block1_K2,1,13,57,7,3,57,0,1,25,0,1,2,32,1
5,6,block1_K2,1,13,58,6,2,58,0,1,26,0,1,2,32,1
5,6,block1_K2,1,13,59,7,2,59,0,1,27,0,1,2,32,1
5,6,block1_K2,1,12,60,6,1,60,0,1,28,0,1,2,32,1
5,6,block1_K2,1,12,61,7,1,61,0,1,29,0,1,2,32,1
5,6,block1_K2,1,12,62,6,0,62,0,1,30,0,1,2,32,1
5,6,block1_K2,1,12,63,7,0,63,0,1,31,0,1,2,32,1
6,7,block1_Kt2,1,0,0,0,0,0,0,0,0,0,1,8,8,1
6,7,block1_Kt2,1,0,1,1,0,1,0,0,1,0,1,8,8,1
6,7,block1_Kt2,1,0,2,0,1,2,0,0,2,0,1,8,8,1
6,7,block1_Kt2,1,0,3,1,1,3,0,0,3,0,1,8,8,1
6,7,block1_Kt2,1,1,4,0,2,4,0,0,4,0,1,8,8,1
6,7,block1_Kt2,1,1,5,1,2,5,0,0,5,0,1,8,8,1
6,7,block1_Kt2,1,1,6,0,3,6,0,0,6,0,1,8,8,1
6,7,block1_Kt2,1,1,7,1,3,7,0,0,7,0,1,8,8,1
6,7,block1_Kt2,1,2,8,0,4,8,0,1,0,0,1,8,8,1
6,7,block1_Kt2,1,2,9,1,4,9,0,1,1,0,1,8,8,1
6,7,block1_Kt2,1,2,10,0,5,10,0,1,2,0,1,8,8,1
6,7,block1_Kt2,1,2,11,1,5,11,0,1,3,0,1,8,8,1
6,7,block1_Kt2,1,3,12,0,6,12,0,1,4,0,1,8,8,1
6,7,block1_Kt2,1,3,13,1,6,13,0,1,5,0,1,8,8,1
6,7,block1_Kt2,1,3,14,0,7,14,0,1,6,0,1,8,8,1
6,7,block1_Kt2,1,3,15,1,7,15,0,1,7,0,1,8,8,1
6,7,block1_Kt2,1,7,16,2,7,16,0,2,0,0,1,8,8,1
6,7,block1_Kt2,1,7,17,3,7,17,0,2,1,0,1,8,8,1
6,7,block1_Kt2,1,7,18,2,6,18,0,2,2,0,1,8,8,1
6,7,block1_Kt2,1,7,19,3,6,19,0,2,3,0,1,8,8,1
6,7,block1_Kt2,1,6,20,2,5,20,0,2,4,0,1,8,8,1
6,7,block1_Kt2,1,6,21,3,5,21,0,2,5,0,1,8,8,1
6,7,block1_Kt2,1,6,22,2,4,22,0,2,6,0,1,8,8,1
6,7,block1_Kt2,1,6,23,3,4,23,0,2,7,0,1,8,8,1
6,7,block1_Kt2,1,5,24,2,3,24,0,3,0,0,1,8,8,1
6,7,block1_Kt2,1,5,25,3,3,25,0,3,1,0,1,8,8,1
6,7,block1_Kt2,1,5,26,2,2,26,0,3,2,0,1,8,8,1
6,7,block1_Kt2,1,5,27,3,2,27,0,3,3,0,1,8,8,1
6,7,block1_Kt2,1,4,28,2,1,28,0,3,4,0,1,8,8,1
6,7,block1_Kt2,1,4,29,3,1,29,0,3,5,0,1,8,8,1
6,7,block1_Kt2,1,4,30,2,0,30,0,3,6,0,1,8,8,1
6,7,block1_Kt2,1,4,31,3,0,31,0,3,7,0,1,8,8,1
6,7,block1_Kt2,1,8,32,4,0,32,0,4,0,0,1,8,8,1
6,7,block1_Kt2,1,8,33,5,0,33,0,4,1,0,1,8,8,1
6,7,block1_Kt2,1,8,34,4,1,34,0,4,2,0,1,8,8,1
6,7,block1_Kt2,1,8,35,5,1,35,0,4,3,0,1,8,8,1
6,7,block1_Kt2,1,9,36,4,2,36,0,4,4,0,1,8,8,1
6,7,block1_Kt2,1,9,37,5,2,37,0,4,5,0,1,8,8,1
6,7,block1_Kt2,1,9,38,4,3,38,0,4,6,0,1,8,8,1
6,7,block1_Kt2,1,9,39,5,3,39,0,4,7,0,1,8,8,1
6,7,block1_Kt2,1,10,40,4,4,40,0,5,0,0,1,8,8,1
6,7,block1_Kt2,1,10,41,5,4,41,0,5,1,0,1,8,8,1
6,7,block1_Kt2,1,10,42,4,5,42,0,5,2,0,1,8,8,1
6,7,block1_Kt2,1,10,43,5,5,43,0,5,3,0,1,8,8,1
6,7,block1_Kt2,1,11,44,4,6,44,0,5,4,0,1,8,8,1
6,7,block1_Kt2,1,11,45,5,6,45,0,5,5,0,1,8,8,1
6,7,block1_Kt2,1,11,46,4,7,46,0,5,6,0,1,8,8,1
6,7,block1_Kt2,1,11,47,5,7,47,0,5,7,0,1,8,8,1
6,7,block1_Kt2,1,15,48,6,7,48,0,6,0,0,1,8,8,1
6,7,block1_Kt2,1,15,49,7,7,49,0,6,1,0,1,8,8,1
6,7,block1_Kt2,1,15,50,6,6,50,0,6,2,0,1,8,8,1
6,7,block1_Kt2,1,15,51,7,6,51,0,6,3,0,1,8,8,1
6,7,block1_Kt2,1,14,52,6,5,52,0,6,4,0,1,8,8,1
6,7,block1_Kt2,1,14,53,7,5,53,0,6,5,0,1,8,8,1
6,7,block1_Kt2,1,14,54,6,4,54,0,6,6,0,1,8,8,1
6,7,block1_Kt2,1,14,55,7,4,55,0,6,7,0,1,8,8,1
6,7,block1_Kt2,1,13,56,6,3,56,0,7,0,0,1,8,8,1
6,7,block1_Kt2,1,13,57,7,3,57,0,7,1,0,1,8,8,1
6,7,block1_Kt2,1,13,58,6,2,58,0,7,2,0,1,8,8,1
6,7,block1_Kt2,1,13,59,7,2,59,0,7,3,0,1,8,8,1
6,7,block1_Kt2,1,12,60,6,1,60,0,7,4,0,1,8,8,1
6,7,block1_Kt2,1,12,61,7,1,61,0,7,5,0,1,8,8,1
6,7,block1_Kt2,1,12,62,6,0,62,0,7,6,0,1,8,8,1
6,7,block1_Kt2,1,12,63,7,0,63,0,7,7,0,1,8,8,1
7,8,block1_K3,1,0,0,0,0,0,0,0,0,0,1,2,32,1
7,8,block1_K3,1,0,1,1,0,1,0,0,1,0,1,2,32,1
7,8,block1_K3,1,0,2,0,1,2,0,0,2,0,1,2,32,1
7,8,block1_K3,1,0,3,1,1,3,0,0,3,0,1,2,32,1
7,8,block1_K3,1,1,4,0,2,4,0,0,4,0,1,2,32,1
7,8,block1_K3,1,1,5,1,2,5,0,0,5,0,1,2,32,1
7,8,block1_K3,1,1,6,0,3,6,0,0,6,0,1,2,32,1
7,8,block1_K3,1,1,7,1,3,7,0,0,7,0,1,2,32,1
7,8,block1_K3,1,2,8,0,4,8,0,0,8,0,1,2,32,1
7,8,block1_K3,1,2,9,1,4,9,0,0,9,0,1,2,32,1
7,8,block1_K3,1,2,10,0,5,10,0,0,10,0,1,2,32,1
7,8,block1_K3,1,2,11,1,5,11,0,0,11,0,1,2,32,1
7,8,block1_K3,1,3,12,0,6,12,0,0,12,0,1,2,32,1
7,8,block1_K3,1,3,13,1,6,13,0,0,13,0,1,2,32,1
7,8,block1_K3,1,3,14,0,7,14,0,0,14,0,1,2,32,1
7,8,block1_K3,1,3,15,1,7,15,0,0,15,0,1,2,32,1
7,8,block1_K3,1,7,16,2,7,16,0,0,16,0,1,2,32,1
7,8,block1_K3,1,7,17,3,7,17,0,0,17,0,1,2,32,1
7,8,block1_K3,1,7,18,2,6,18,0,0,18,0,1,2,32,1
7,8,block1_K3,1,7,19,3,6,19,0,0,19,0,1,2,32,1
7,8,block1_K3,1,6,20,2,5,20,0,0,20,0,1,2,32,1
7,8,block1_K3,1,6,21,3,5,21,0,0,21,0,1,2,32,1
7,8,block1_K3,1,6,22,2,4,22,0,0,22,0,1,2,32,1
7,8,block1_K3,1,6,23,3,4,23,0,0,23,0,1,2,32,1
7,8,block1_K3,1,5,24,2,3,24,0,0,24,0,1,2,32,1
7,8,block1_K3,1,5,25,3,3,25,0,0,25,0,1,2,32,1
7,8,block1_K3,1,5,26,2,2,26,0,0,26,0,1,2,32,1
7,8,block1_K3,1,5,27,3,2,27,0,0,27,0,1,2,32,1
7,8,block1_K3,1,4,28,2,1,28,0,0,28,0,1,2,32,1
7,8,block1_K3,1,4,29,3,1,29,0,0,29,0,1,2,32,1
7,8,block1_K3,1,4,30,2,0,30,0,0,30,0,1,2,32,1
7,8,block1_K3,1,4,31,3,0,31,0,0,31,0,1,2,32,1
7,8,block1_K3,1,8,32,4,0,32,0,1,0,0,1,2,32,1
7,8,block1_K3,1,8,33,5,0,33,0,1,1,0,1,2,32,1
7,8,block1_K3,1,8,34,4,1,34,0,1,2,0,1,2,32,1
7,8,block1_K3,1,8,35,5,1,35,0,1,3,0,1,2,32,1
7,8,block1_K3,1,9,36,4,2,36,0,1,4,0,1,2,32,1
7,8,block1_K3,1,9,37,5,2,37,0,1,5,0,1,2,32,1
7,8,block1_K3,1,9,38,4,3,38,0,1,6,0,1,2,32,1
7,8,block1_K3,1,9,39,5,3,39,0,1,7,0,1,2,32,1
7,8,block1_K3,1,10,40,4,4,40,0,1,8,0,1,2,32,1
7,8,block1_K3,1,10,41,5,4,41,0,1,9,0,1,2,32,1
7,8,block1_K3,1,10,42,4,5,42,0,1,10,0,1,2,32,1
7,8,block1_K3,1,10,43,5,5,43,0,1,11,0,1,2,32,1
7,8,block1_K3,1,11,44,4,6,44,0,1,12,0,1,2,32,1
7,8,block1_K3,1,11,45,5,6,45,0,1,13,0,1,2,32,1
7,8,block1_K3,1,11,46,4,7,46,0,1,14,0,1,2,32,1
7,8,block1_K3,1,11,47,5,7,47,0,1,15,0,1,2,32,1
7,8,block1_K3,1,15,48,6,7,48,0,1,16,0,1,2,32,1
7,8,block1_K3,1,15,49,7,7,49,0,1,17,0,1,2,32,1
7,8,block1_K3,1,15,50,6,6,50,0,1,18,0,1,2,32,1
7,8,block1_K3,1,15,51,7,6,51,0,1,19,0,1,2,32,1
7,8,block1_K3,1,14,52,6,5,52,0,1,20,0,1,2,32,1
7,8,block1_K3,1,14,53,7,5,53,0,1,21,0,1,2,32,1
7,8,block1_K3,1,14,54,6,4,54,0,1,22,0,1,2,32,1
7,8,block1_K3,1,14,55,7,4,55,0,1,23,0,1,2,32,1
7,8,block1_K3,1,13,56,6,3,56,0,1,24,0,1,2,32,1
7,8,block1_K3,1,13,57,7,3,57,0,1,25,0,1,2,32,1
7,8,block1_K3,1,13,58,6,2,58,0,1,26,0,1,2,32,1
7,8,block1_K3,1,13,59,7,2,59,0,1,27,0,1,2,32,1
7,8,block1_K3,1,12,60,6,1,60,0,1,28,0,1,2,32,1
7,8,block1_K3,1,12,61,7,1,61,0,1,29,0,1,2,32,1
7,8,block1_K3,1,12,62,6,0,62,0,1,30,0,1,2,32,1
7,8,block1_K3,1,12,63,7,0,63,0,1,31,0,1,2,32,1
8,9,block1_Kt3,1,0,0,0,0,0,0,0,0,0,1,8,8,1
8,9,block1_Kt3,1,0,1,1,0,1,0,0,1,0,1,8,8,1
8,9,block1_Kt3,1,0,2,0,1,2,0,0,2,0,1,8,8,1
8,9,block1_Kt3,1,0,3,1,1,3,0,0,3,0,1,8,8,1
8,9,block1_Kt3,1,1,4,0,2,4,0,0,4,0,1,8,8,1
8,9,block1_Kt3,1,1,5,1,2,5,0,0,5,0,1,8,8,1
8,9,block1_Kt3,1,1,6,0,3,6,0,0,6,0,1,8,8,1
8,9,block1_Kt3,1,1,7,1,3,7,0,0,7,0,1,8,8,1
8,9,block1_Kt3,1,2,8,0,4,8,0,1,0,0,1,8,8,1
8,9,block1_Kt3,1,2,9,1,4,9,0,1,1,0,1,8,8,1
8,9,block1_Kt3,1,2,10,0,5,10,0,1,2,0,1,8,8,1
8,9,block1_Kt3,1,2,11,1,5,11,0,1,3,0,1,8,8,1
8,9,block1_Kt3,1,3,12,0,6,12,0,1,4,0,1,8,8,1
8,9,block1_Kt3,1,3,13,1,6,13,0,1,5,0,1,8,8,1
8,9,block1_Kt3,1,3,14,0,7,14,0,1,6,0,1,8,8,1
8,9,block1_Kt3,1,3,15,1,7,15,0,1,7,0,1,8,8,1
8,9,block1_Kt3,1,7,16,2,7,16,0,2,0,0,1,8,8,1
8,9,block1_Kt3,1,7,17,3,7,17,0,2,1,0,1,8,8,1
8,9,block1_Kt3,1,7,18,2,6,18,0,2,2,0,1,8,8,1
8,9,block1_Kt3,1,7,19,3,6,19,0,2,3,0,1,8,8,1
8,9,block1_Kt3,1,6,20,2,5,20,0,2,4,0,1,8,8,1
8,9,block1_Kt3,1,6,21,3,5,21,0,2,5,0,1,8,8,1
8,9,block1_Kt3,1,6,22,2,4,22,0,2,6,0,1,8,8,1
8,9,block1_Kt3,1,6,23,3,4,23,0,2,7,0,1,8,8,1
8,9,block1_Kt3,1,5,24,2,3,24,0,3,0,0,1,8,8,1
8,9,block1_Kt3,1,5,25,3,3,25,0,3,1,0,1,8,8,1
8,9,block1_Kt3,1,5,26,2,2,26,0,3,2,0,1,8,8,1
8,9,block1_Kt3,1,5,27,3,2,27,0,3,3,0,1,8,8,1
8,9,block1_Kt3,1,4,28,2,1,28,0,3,4,0,1,8,8,1
8,9,block1_Kt3,1,4,29,3,1,29,0,3,5,0,1,8,8,1
8,9,block1_Kt3,1,4,30,2,0,30,0,3,6,0,1,8,8,1
8,9,block1_Kt3,1,4,31,3,0,31,0,3,7,0,1,8,8,1
8,9,block1_Kt3,1,8,32,4,0,32,0,4,0,0,1,8,8,1
8,9,block1_Kt3,1,8,33,5,0,33,0,4,1,0,1,8,8,1
8,9,block1_Kt3,1,8,34,4,1,34,0,4,2,0,1,8,8,1
8,9,block1_Kt3,1,8,35,5,1,35,0,4,3,0,1,8,8,1
8,9,block1_Kt3,1,9,36,4,2,36,0,4,4,0,1,8,8,1
8,9,block1_Kt3,1,9,37,5,2,37,0,4,5,0,1,8,8,1
8,9,block1_Kt3,1,9,38,4,3,38,0,4,6,0,1,8,8,1
8,9,block1_Kt3,1,9,39,5,3,39,0,4,7,0,1,8,8,1
8,9,block1_Kt3,1,10,40,4,4,40,0,5,0,0,1,8,8,1
8,9,block1_Kt3,1,10,41,5,4,41,0,5,1,0,1,8,8,1
8,9,block1_Kt3,1,10,42,4,5,42,0,5,2,0,1,8,8,1
8,9,block1_Kt3,1,10,43,5,5,43,0,5,3,0,1,8,8,1
8,9,block1_Kt3,1,11,44,4,6,44,0,5,4,0,1,8,8,1
8,9,block1_Kt3,1,11,45,5,6,45,0,5,5,0,1,8,8,1
8,9,block1_Kt3,1,11,46,4,7,46,0,5,6,0,1,8,8,1
8,9,block1_Kt3,1,11,47,5,7,47,0,5,7,0,1,8,8,1
8,9,block1_Kt3,1,15,48,6,7,48,0,6,0,0,1,8,8,1
8,9,block1_Kt3,1,15,49,7,7,49,0,6,1,0,1,8,8,1
8,9,block1_Kt3,1,15,50,6,6,50,0,6,2,0,1,8,8,1
8,9,block1_Kt3,1,15,51,7,6,51,0,6,3,0,1,8,8,1
8,9,block1_Kt3,1,14,52,6,5,52,0,6,4,0,1,8,8,1
8,9,block1_Kt3,1,14,53,7,5,53,0,6,5,0,1,8,8,1
8,9,block1_Kt3,1,14,54,6,4,54,0,6,6,0,1,8,8,1
8,9,block1_Kt3,1,14,55,7,4,55,0,6,7,0,1,8,8,1
8,9,block1_Kt3,1,13,56,6,3,56,0,7,0,0,1,8,8,1
8,9,block1_Kt3,1,13,57,7,3,57,0,7,1,0,1,8,8,1
8,9,block1_Kt3,1,13,58,6,2,58,0,7,2,0,1,8,8,1
8,9,block1_Kt3,1,13,59,7,2,59,0,7,3,0,1,8,8,1
8,9,block1_Kt3,1,12,60,6,1,60,0,7,4,0,1,8,8,1
8,9,block1_Kt3,1,12,61,7,1,61,0,7,5,0,1,8,8,1
8,9,block1_Kt3,1,12,62,6,0,62,0,7,6,0,1,8,8,1
8,9,block1_Kt3,1,12,63,7,0,63,0,7,7,0,1,8,8,1
9,10,block1_K4,1,0,0,0,0,0,0,0,0,0,1,2,32,1
9,10,block1_K4,1,0,1,1,0,1,0,0,1,0,1,2,32,1
9,10,block1_K4,1,0,2,0,1,2,0,0,2,0,1,2,32,1
9,10,block1_K4,1,0,3,1,1,3,0,0,3,0,1,2,32,1
9,10,block1_K4,1,1,4,0,2,4,0,0,4,0,1,2,32,1
9,10,block1_K4,1,1,5,1,2,5,0,0,5,0,1,2,32,1
9,10,block1_K4,1,1,6,0,3,6,0,0,6,0,1,2,32,1
9,10,block1_K4,1,1,7,1,3,7,0,0,7,0,1,2,32,1
9,10,block1_K4,1,2,8,0,4,8,0,0,8,0,1,2,32,1
9,10,block1_K4,1,2,9,1,4,9,0,0,9,0,1,2,32,1
9,10,block1_K4,1,2,10,0,5,10,0,0,10,0,1,2,32,1
9,10,block1_K4,1,2,11,1,5,11,0,0,11,0,1,2,32,1
9,10,block1_K4,1,3,12,0,6,12,0,0,12,0,1,2,32,1
9,10,block1_K4,1,3,13,1,6,13,0,0,13,0,1,2,32,1
9,10,block1_K4,1,3,14,0,7,14,0,0,14,0,1,2,32,1
9,10,block1_K4,1,3,15,1,7,15,0,0,15,0,1,2,32,1
9,10,block1_K4,1,7,16,2,7,16,0,0,16,0,1,2,32,1
9,10,block1_K4,1,7,17,3,7,17,0,0,17,0,1,2,32,1
9,10,block1_K4,1,7,18,2,6,18,0,0,18,0,1,2,32,1
9,10,block1_K4,1,7,19,3,6,19,0,0,19,0,1,2,32,1
9,10,block1_K4,1,6,20,2,5,20,0,0,20,0,1,2,32,1
9,10,block1_K4,1,6,21,3,5,21,0,0,21,0,1,2,32,1
9,10,block1_K4,1,6,22,2,4,22,0,0,22,0,1,2,32,1
9,10,block1_K4,1,6,23,3,4,23,0,0,23,0,1,2,32,1
9,10,block1_K4,1,5,24,2,3,24,0,0,24,0,1,2,32,1
9,10,block1_K4,1,5,25,3,3,25,0,0,25,0,1,2,32,1
9,10,block1_K4,1,5,26,2,2,26,0,0,26,0,1,2,32,1
9,10,block1_K4,1,5,27,3,2,27,0,0,27,0,1,2,32,1
9,10,block1_K4,1,4,28,2,1,28,0,0,28,0,1,2,32,1
9,10,block1_K4,1,4,29,3,1,29,0,0,29,0,1,2,32,1
9,10,block1_K4,1,4,30,2,0,30,0,0,30,0,1,2,32,1
9,10,block1_K4,1,4,31,3,0,31,0,0,31,0,1,2,32,1
9,10,block1_K4,1,8,32,4,0,32,0,1,0,0,1,2,32,1
9,10,block1_K4,1,8,33,5,0,33,0,1,1,0,1,2,32,1
9,10,block1_K4,1,8,34,4,1,34,0,1,2,0,1,2,32,1
9,10,block1_K4,1,8,35,5,1,35,0,1,3,0,1,2,32,1
9,10,block1_K4,1,9,36,4,2,36,0,1,4,0,1,2,32,1
9,10,block1_K4,1,9,37,5,2,37,0,1,5,0,1,2,32,1
9,10,block1_K4,1,9,38,4,3,38,0,1,6,0,1,2,32,1
9,10,block1_K4,1,9,39,5,3,39,0,1,7,0,1,2,32,1
9,10,block1_K4,1,10,40,4,4,40,0,1,8,0,1,2,32,1
9,10,block1_K4,1,10,41,5,4,41,0,1,9,0,1,2,32,1
9,10,block1_K4,1,10,42,4,5,42,0,1,10,0,1,2,32,1
9,10,block1_K4,1,10,43,5,5,43,0,1,11,0,1,2,32,1
9,10,block1_K4,1,11,44,4,6,44,0,1,12,0,1,2,32,1
9,10,block1_K4,1,11,45,5,6,45,0,1,13,0,1,2,32,1
9,10,block1_K4,1,11,46,4,7,46,0,1,14,0,1,2,32,1
9,10,block1_K4,1,11,47,5,7,47,0,1,15,0,1,2,32,1
9,10,block1_K4,1,15,48,6,7,48,0,1,16,0,1,2,32,1
9,10,block1_K4,1,15,49,7,7,49,0,1,17,0,1,2,32,1
9,10,block1_K4,1,15,50,6,6,50,0,1,18,0,1,2,32,1
9,10,block1_K4,1,15,51,7,6,51,0,1,19,0,1,2,32,1
9,10,block1_K4,1,14,52,6,5,52,0,1,20,0,1,2,32,1
9,10,block1_K4,1,14,53,7,5,53,0,1,21,0,1,2,32,1
9,10,block1_K4,1,14,54,6,4,54,0,1,22,0,1,2,32,1
9,10,block1_K4,1,14,55,7,4,55,0,1,23,0,1,2,32,1
9,10,block1_K4,1,13,56,6,3,56,0,1,24,0,1,2,32,1
9,10,block1_K4,1,13,57,7,3,57,0,1,25,0,1,2,32,1
9,10,block1_K4,1,13,58,6,2,58,0,1,26,0,1,2,32,1
9,10,block1_K4,1,13,59,7,2,59,0,1,27,0,1,2,32,1
9,10,block1_K4,1,12,60,6,1,60,0,1,28,0,1,2,32,1
9,10,block1_K4,1,12,61,7,1,61,0,1,29,0,1,2,32,1
9,10,block1_K4,1,12,62,6,0,62,0,1,30,0,1,2,32,1
9,10,block1_K4,1,12,63,7,0,63,0,1,31,0,1,2,32,1
10,11,block1_Kt4,1,0,0,0,0,0,0,0,0,0,1,8,8,1
10,11,block1_Kt4,1,0,1,1,0,1,0,0,1,0,1,8,8,1
10,11,block1_Kt4,1,0,2,0,1,2,0,0,2,0,1,8,8,1
10,11,block1_Kt4,1,0,3,1,1,3,0,0,3,0,1,8,8,1
10,11,block1_Kt4,1,1,4,0,2,4,0,0,4,0,1,8,8,1
10,11,block1_Kt4,1,1,5,1,2,5,0,0,5,0,1,8,8,1
10,11,block1_Kt4,1,1,6,0,3,6,0,0,6,0,1,8,8,1
10,11,block1_Kt4,1,1,7,1,3,7,0,0,7,0,1,8,8,1
10,11,block1_Kt4,1,2,8,0,4,8,0,1,0,0,1,8,8,1
10,11,block1_Kt4,1,2,9,1,4,9,0,1,1,0,1,8,8,1
10,11,block1_Kt4,1,2,10,0,5,10,0,1,2,0,1,8,8,1
10,11,block1_Kt4,1,2,11,1,5,11,0,1,3,0,1,8,8,1
10,11,block1_Kt4,1,3,12,0,6,12,0,1,4,0,1,8,8,1
10,11,block1_Kt4,1,3,13,1,6,13,0,1,5,0,1,8,8,1
10,11,block1_Kt4,1,3,14,0,7,14,0,1,6,0,1,8,8,1
10,11,block1_Kt4,1,3,15,1,7,15,0,1,7,0,1,8,8,1
10,11,block1_Kt4,1,7,16,2,7,16,0,2,0,0,1,8,8,1
10,11,block1_Kt4,1,7,17,3,7,17,0,2,1,0,1,8,8,1
10,11,block1_Kt4,1,7,18,2,6,18,0,2,2,0,1,8,8,1
10,11,block1_Kt4,1,7,19,3,6,19,0,2,3,0,1,8,8,1
10,11,block1_Kt4,1,6,20,2,5,20,0,2,4,0,1,8,8,1
10,11,block1_Kt4,1,6,21,3,5,21,0,2,5,0,1,8,8,1
10,11,block1_Kt4,1,6,22,2,4,22,0,2,6,0,1,8,8,1
10,11,block1_Kt4,1,6,23,3,4,23,0,2,7,0,1,8,8,1
10,11,block1_Kt4,1,5,24,2,3,24,0,3,0,0,1,8,8,1
10,11,block1_Kt4,1,5,25,3,3,25,0,3,1,0,1,8,8,1
10,11,block1_Kt4,1,5,26,2,2,26,0,3,2,0,1,8,8,1
10,11,block1_Kt4,1,5,27,3,2,27,0,3,3,0,1,8,8,1
10,11,block1_Kt4,1,4,28,2,1,28,0,3,4,0,1,8,8,1
10,11,block1_Kt4,1,4,29,3,1,29,0,3,5,0,1,8,8,1
10,11,block1_Kt4,1,4,30,2,0,30,0,3,6,0,1,8,8,1
10,11,block1_Kt4,1,4,31,3,0,31,0,3,7,0,1,8,8,1
10,11,block1_Kt4,1,8,32,4,0,32,0,4,0,0,1,8,8,1
10,11,block1_Kt4,1,8,33,5,0,33,0,4,1,0,1,8,8,1
10,11,block1_Kt4,1,8,34,4,1,34,0,4,2,0,1,8,8,1
10,11,block1_Kt4,1,8,35,5,1,35,0,4,3,0,1,8,8,1
10,11,block1_Kt4,1,9,36,4,2,36,0,4,4,0,1,8,8,1
10,11,block1_Kt4,1,9,37,5,2,37,0,4,5,0,1,8,8,1
10,11,block1_Kt4,1,9,38,4,3,38,0,4,6,0,1,8,8,1
10,11,block1_Kt4,1,9,39,5,3,39,0,4,7,0,1,8,8,1
10,11,block1_Kt4,1,10,40,4,4,40,0,5,0,0,1,8,8,1
10,11,block1_Kt4,1,10,41,5,4,41,0,5,1,0,1,8,8,1
10,11,block1_Kt4,1,10,42,4,5,42,0,5,2,0,1,8,8,1
10,11,block1_Kt4,1,10,43,5,5,43,0,5,3,0,1,8,8,1
10,11,block1_Kt4,1,11,44,4,6,44,0,5,4,0,1,8,8,1
10,11,block1_Kt4,1,11,45,5,6,45,0,5,5,0,1,8,8,1
10,11,block1_Kt4,1,11,46,4,7,46,0,5,6,0,1,8,8,1
10,11,block1_Kt4,1,11,47,5,7,47,0,5,7,0,1,8,8,1
10,11,block1_Kt4,1,15,48,6,7,48,0,6,0,0,1,8,8,1
10,11,block1_Kt4,1,15,49,7,7,49,0,6,1,0,1,8,8,1
10,11,block1_Kt4,1,15,50,6,6,50,0,6,2,0,1,8,8,1
10,11,block1_Kt4,1,15,51,7,6,51,0,6,3,0,1,8,8,1
10,11,block1_Kt4,1,14,52,6,5,52,0,6,4,0,1,8,8,1
10,11,block1_Kt4,1,14,53,7,5,53,0,6,5,0,1,8,8,1
10,11,block1_Kt4,1,14,54,6,4,54,0,6,6,0,1,8,8,1
10,11,block1_Kt4,1,14,55,7,4,55,0,6,7,0,1,8,8,1
10,11,block1_Kt4,1,13,56,6,3,56,0,7,0,0,1,8,8,1
10,11,block1_Kt4,1,13,57,7,3,57,0,7,1,0,1,8,8,1
10,11,block1_Kt4,1,13,58,6,2,58,0,7,2,0,1,8,8,1
10,11,block1_Kt4,1,13,59,7,2,59,0,7,3,0,1,8,8,1
10,11,block1_Kt4,1,12,60,6,1,60,0,7,4,0,1,8,8,1
10,11,block1_Kt4,1,12,61,7,1,61,0,7,5,0,1,8,8,1
10,11,block1_Kt4,1,12,62,6,0,62,0,7,6,0,1,8,8,1
10,11,block1_Kt4,1,12,63,7,0,63,0,7,7,0,1,8,8,1
11,12,block1_K5,1,0,0,0,0,0,0,0,0,0,1,2,32,1
11,12,block1_K5,1,0,1,1,0,1,0,0,1,0,1,2,32,1
11,12,block1_K5,1,0,2,0,1,2,0,0,2,0,1,2,32,1
11,12,block1_K5,1,0,3,1,1,3,0,0,3,0,1,2,32,1
11,12,block1_K5,1,1,4,0,2,4,0,0,4,0,1,2,32,1
11,12,block1_K5,1,1,5,1,2,5,0,0,5,0,1,2,32,1
11,12,block1_K5,1,1,6,0,3,6,0,0,6,0,1,2,32,1
11,12,block1_K5,1,1,7,1,3,7,0,0,7,0,1,2,32,1
11,12,block1_K5,1,2,8,0,4,8,0,0,8,0,1,2,32,1
11,12,block1_K5,1,2,9,1,4,9,0,0,9,0,1,2,32,1
11,12,block1_K5,1,2,10,0,5,10,0,0,10,0,1,2,32,1
11,12,block1_K5,1,2,11,1,5,11,0,0,11,0,1,2,32,1
11,12,block1_K5,1,3,12,0,6,12,0,0,12,0,1,2,32,1
11,12,block1_K5,1,3,13,1,6,13,0,0,13,0,1,2,32,1
11,12,block1_K5,1,3,14,0,7,14,0,0,14,0,1,2,32,1
11,12,block1_K5,1,3,15,1,7,15,0,0,15,0,1,2,32,1
11,12,block1_K5,1,7,16,2,7,16,0,0,16,0,1,2,32,1
11,12,block1_K5,1,7,17,3,7,17,0,0,17,0,1,2,32,1
11,12,block1_K5,1,7,18,2,6,18,0,0,18,0,1,2,32,1
11,12,block1_K5,1,7,19,3,6,19,0,0,19,0,1,2,32,1
11,12,block1_K5,1,6,20,2,5,20,0,0,20,0,1,2,32,1
11,12,block1_K5,1,6,21,3,5,21,0,0,21,0,1,2,32,1
11,12,block1_K5,1,6,22,2,4,22,0,0,22,0,1,2,32,1
11,12,block1_K5,1,6,23,3,4,23,0,0,23,0,1,2,32,1
11,12,block1_K5,1,5,24,2,3,24,0,0,24,0,1,2,32,1
11,12,block1_K5,1,5,25,3,3,25,0,0,25,0,1,2,32,1
11,12,block1_K5,1,5,26,2,2,26,0,0,26,0,1,2,32,1
11,12,block1_K5,1,5,27,3,2,27,0,0,27,0,1,2,32,1
11,12,block1_K5,1,4,28,2,1,28,0,0,28,0,1,2,32,1
11,12,block1_K5,1,4,29,3,1,29,0,0,29,0,1,2,32,1
11,12,block1_K5,1,4,30,2,0,30,0,0,30,0,1,2,32,1
11,12,block1_K5,1,4,31,3,0,31,0,0,31,0,1,2,32,1
11,12,block1_K5,1,8,32,4,0,32,0,1,0,0,1,2,32,1
11,12,block1_K5,1,8,33,5,0,33,0,1,1,0,1,2,32,1
11,12,block1_K5,1,8,34,4,1,34,0,1,2,0,1,2,32,1
11,12,block1_K5,1,8,35,5,1,35,0,1,3,0,1,2,32,1
11,12,block1_K5,1,9,36,4,2,36,0,1,4,0,1,2,32,1
11,12,block1_K5,1,9,37,5,2,37,0,1,5,0,1,2,32,1
11,12,block1_K5,1,9,38,4,3,38,0,1,6,0,1,2,32,1
11,12,block1_K5,1,9,39,5,3,39,0,1,7,0,1,2,32,1
11,12,block1_K5,1,10,40,4,4,40,0,1,8,0,1,2,32,1
11,12,block1_K5,1,10,41,5,4,41,0,1,9,0,1,2,32,1
11,12,block1_K5,1,10,42,4,5,42,0,1,10,0,1,2,32,1
11,12,block1_K5,1,10,43,5,5,43,0,1,11,0,1,2,32,1
11,12,block1_K5,1,11,44,4,6,44,0,1,12,0,1,2,32,1
11,12,block1_K5,1,11,45,5,6,45,0,1,13,0,1,2,32,1
11,12,block1_K5,1,11,46,4,7,46,0,1,14,0,1,2,32,1
11,12,block1_K5,1,11,47,5,7,47,0,1,15,0,1,2,32,1
11,12,block1_K5,1,15,48,6,7,48,0,1,16,0,1,2,32,1
11,12,block1_K5,1,15,49,7,7,49,0,1,17,0,1,2,32,1
11,12,block1_K5,1,15,50,6,6,50,0,1,18,0,1,2,32,1
11,12,block1_K5,1,15,51,7,6,51,0,1,19,0,1,2,32,1
11,12,block1_K5,1,14,52,6,5,52,0,1,20,0,1,2,32,1
11,12,block1_K5,1,14,53,7,5,53,0,1,21,0,1,2,32,1
11,12,block1_K5,1,14,54,6,4,54,0,1,22,0,1,2,32,1
11,12,block1_K5,1,14,55,7,4,55,0,1,23,0,1,2,32,1
11,12,block1_K5,1,13,56,6,3,56,0,1,24,0,1,2,32,1
11,12,block1_K5,1,13,57,7,3,57,0,1,25,0,1,2,32,1
11,12,block1_K5,1,13,58,6,2,58,0,1,26,0,1,2,32,1
11,12,block1_K5,1,13,59,7,2,59,0,1,27,0,1,2,32,1
11,12,block1_K5,1,12,60,6,1,60,0,1,28,0,1,2,32,1
11,12,block1_K5,1,12,61,7,1,61,0,1,29,0,1,2,32,1
11,12,block1_K5,1,12,62,6,0,62,0,1,30,0,1,2,32,1
11,12,block1_K5,1,12,63,7,0,63,0,1,31,0,1,2,32,1
12,13,block1_Kt5,1,0,0,0,0,0,0,0,0,0,1,8,8,1
12,13,block1_Kt5,1,0,1,1,0,1,0,0,1,0,1,8,8,1
12,13,block1_Kt5,1,0,2,0,1,2,0,0,2,0,1,8,8,1
12,13,block1_Kt5,1,0,3,1,1,3,0,0,3,0,1,8,8,1
12,13,block1_Kt5,1,1,4,0,2,4,0,0,4,0,1,8,8,1
12,13,block1_Kt5,1,1,5,1,2,5,0,0,5,0,1,8,8,1
12,13,block1_Kt5,1,1,6,0,3,6,0,0,6,0,1,8,8,1
12,13,block1_Kt5,1,1,7,1,3,7,0,0,7,0,1,8,8,1
12,13,block1_Kt5,1,2,8,0,4,8,0,1,0,0,1,8,8,1
12,13,block1_Kt5,1,2,9,1,4,9,0,1,1,0,1,8,8,1
12,13,block1_Kt5,1,2,10,0,5,10,0,1,2,0,1,8,8,1
12,13,block1_Kt5,1,2,11,1,5,11,0,1,3,0,1,8,8,1
12,13,block1_Kt5,1,3,12,0,6,12,0,1,4,0,1,8,8,1
12,13,block1_Kt5,1,3,13,1,6,13,0,1,5,0,1,8,8,1
12,13,block1_Kt5,1,3,14,0,7,14,0,1,6,0,1,8,8,1
12,13,block1_Kt5,1,3,15,1,7,15,0,1,7,0,1,8,8,1
12,13,block1_Kt5,1,7,16,2,7,16,0,2,0,0,1,8,8,1
12,13,block1_Kt5,1,7,17,3,7,17,0,2,1,0,1,8,8,1
12,13,block1_Kt5,1,7,18,2,6,18,0,2,2,0,1,8,8,1
12,13,block1_Kt5,1,7,19,3,6,19,0,2,3,0,1,8,8,1
12,13,block1_Kt5,1,6,20,2,5,20,0,2,4,0,1,8,8,1
12,13,block1_Kt5,1,6,21,3,5,21,0,2,5,0,1,8,8,1
12,13,block1_Kt5,1,6,22,2,4,22,0,2,6,0,1,8,8,1
12,13,block1_Kt5,1,6,23,3,4,23,0,2,7,0,1,8,8,1
12,13,block1_Kt5,1,5,24,2,3,24,0,3,0,0,1,8,8,1
12,13,block1_Kt5,1,5,25,3,3,25,0,3,1,0,1,8,8,1
12,13,block1_Kt5,1,5,26,2,2,26,0,3,2,0,1,8,8,1
12,13,block1_Kt5,1,5,27,3,2,27,0,3,3,0,1,8,8,1
12,13,block1_Kt5,1,4,28,2,1,28,0,3,4,0,1,8,8,1
12,13,block1_Kt5,1,4,29,3,1,29,0,3,5,0,1,8,8,1
12,13,block1_Kt5,1,4,30,2,0,30,0,3,6,0,1,8,8,1
12,13,block1_Kt5,1,4,31,3,0,31,0,3,7,0,1,8,8,1
12,13,block1_Kt5,1,8,32,4,0,32,0,4,0,0,1,8,8,1
12,13,block1_Kt5,1,8,33,5,0,33,0,4,1,0,1,8,8,1
12,13,block1_Kt5,1,8,34,4,1,34,0,4,2,0,1,8,8,1
12,13,block1_Kt5,1,8,35,5,1,35,0,4,3,0,1,8,8,1
12,13,block1_Kt5,1,9,36,4,2,36,0,4,4,0,1,8,8,1
12,13,block1_Kt5,1,9,37,5,2,37,0,4,5,0,1,8,8,1
12,13,block1_Kt5,1,9,38,4,3,38,0,4,6,0,1,8,8,1
12,13,block1_Kt5,1,9,39,5,3,39,0,4,7,0,1,8,8,1
12,13,block1_Kt5,1,10,40,4,4,40,0,5,0,0,1,8,8,1
12,13,block1_Kt5,1,10,41,5,4,41,0,5,1,0,1,8,8,1
12,13,block1_Kt5,1,10,42,4,5,42,0,5,2,0,1,8,8,1
12,13,block1_Kt5,1,10,43,5,5,43,0,5,3,0,1,8,8,1
12,13,block1_Kt5,1,11,44,4,6,44,0,5,4,0,1,8,8,1
12,13,block1_Kt5,1,11,45,5,6,45,0,5,5,0,1,8,8,1
12,13,block1_Kt5,1,11,46,4,7,46,0,5,6,0,1,8,8,1
12,13,block1_Kt5,1,11,47,5,7,47,0,5,7,0,1,8,8,1
12,13,block1_Kt5,1,15,48,6,7,48,0,6,0,0,1,8,8,1
12,13,block1_Kt5,1,15,49,7,7,49,0,6,1,0,1,8,8,1
12,13,block1_Kt5,1,15,50,6,6,50,0,6,2,0,1,8,8,1
12,13,block1_Kt5,1,15,51,7,6,51,0,6,3,0,1,8,8,1
12,13,block1_Kt5,1,14,52,6,5,52,0,6,4,0,1,8,8,1
12,13,block1_Kt5,1,14,53,7,5,53,0,6,5,0,1,8,8,1
12,13,block1_Kt5,1,14,54,6,4,54,0,6,6,0,1,8,8,1
12,13,block1_Kt5,1,14,55,7,4,55,0,6,7,0,1,8,8,1
12,13,block1_Kt5,1,13,56,6,3,56,0,7,0,0,1,8,8,1
12,13,block1_Kt5,1,13,57,7,3,57,0,7,1,0,1,8,8,1
12,13,block1_Kt5,1,13,58,6,2,58,0,7,2,0,1,8,8,1
12,13,block1_Kt5,1,13,59,7,2,59,0,7,3,0,1,8,8,1
12,13,block1_Kt5,1,12,60,6,1,60,0,7,4,0,1,8,8,1
12,13,block1_Kt5,1,12,61,7,1,61,0,7,5,0,1,8,8,1
12,13,block1_Kt5,1,12,62,6,0,62,0,7,6,0,1,8,8,1
12,13,block1_Kt5,1,12,63,7,0,63,0,7,7,0,1,8,8,1
13,14,block1_K6,1,0,0,0,0,0,0,0,0,0,1,2,32,1
13,14,block1_K6,1,0,1,1,0,1,0,0,1,0,1,2,32,1
13,14,block1_K6,1,0,2,0,1,2,0,0,2,0,1,2,32,1
13,14,block1_K6,1,0,3,1,1,3,0,0,3,0,1,2,32,1
13,14,block1_K6,1,1,4,0,2,4,0,0,4,0,1,2,32,1
13,14,block1_K6,1,1,5,1,2,5,0,0,5,0,1,2,32,1
13,14,block1_K6,1,1,6,0,3,6,0,0,6,0,1,2,32,1
13,14,block1_K6,1,1,7,1,3,7,0,0,7,0,1,2,32,1
13,14,block1_K6,1,2,8,0,4,8,0,0,8,0,1,2,32,1
13,14,block1_K6,1,2,9,1,4,9,0,0,9,0,1,2,32,1
13,14,block1_K6,1,2,10,0,5,10,0,0,10,0,1,2,32,1
13,14,block1_K6,1,2,11,1,5,11,0,0,11,0,1,2,32,1
13,14,block1_K6,1,3,12,0,6,12,0,0,12,0,1,2,32,1
13,14,block1_K6,1,3,13,1,6,13,0,0,13,0,1,2,32,1
13,14,block1_K6,1,3,14,0,7,14,0,0,14,0,1,2,32,1
13,14,block1_K6,1,3,15,1,7,15,0,0,15,0,1,2,32,1
13,14,block1_K6,1,7,16,2,7,16,0,0,16,0,1,2,32,1
13,14,block1_K6,1,7,17,3,7,17,0,0,17,0,1,2,32,1
13,14,block1_K6,1,7,18,2,6,18,0,0,18,0,1,2,32,1
13,14,block1_K6,1,7,19,3,6,19,0,0,19,0,1,2,32,1
13,14,block1_K6,1,6,20,2,5,20,0,0,20,0,1,2,32,1
13,14,block1_K6,1,6,21,3,5,21,0,0,21,0,1,2,32,1
13,14,block1_K6,1,6,22,2,4,22,0,0,22,0,1,2,32,1
13,14,block1_K6,1,6,23,3,4,23,0,0,23,0,1,2,32,1
13,14,block1_K6,1,5,24,2,3,24,0,0,24,0,1,2,32,1
13,14,block1_K6,1,5,25,3,3,25,0,0,25,0,1,2,32,1
13,14,block1_K6,1,5,26,2,2,26,0,0,26,0,1,2,32,1
13,14,block1_K6,1,5,27,3,2,27,0,0,27,0,1,2,32,1
13,14,block1_K6,1,4,28,2,1,28,0,0,28,0,1,2,32,1
13,14,block1_K6,1,4,29,3,1,29,0,0,29,0,1,2,32,1
13,14,block1_K6,1,4,30,2,0,30,0,0,30,0,1,2,32,1
13,14,block1_K6,1,4,31,3,0,31,0,0,31,0,1,2,32,1
13,14,block1_K6,1,8,32,4,0,32,0,1,0,0,1,2,32,1
13,14,block1_K6,1,8,33,5,0,33,0,1,1,0,1,2,32,1
13,14,block1_K6,1,8,34,4,1,34,0,1,2,0,1,2,32,1
13,14,block1_K6,1,8,35,5,1,35,0,1,3,0,1,2,32,1
13,14,block1_K6,1,9,36,4,2,36,0,1,4,0,1,2,32,1
13,14,block1_K6,1,9,37,5,2,37,0,1,5,0,1,2,32,1
13,14,block1_K6,1,9,38,4,3,38,0,1,6,0,1,2,32,1
13,14,block1_K6,1,9,39,5,3,39,0,1,7,0,1,2,32,1
13,14,block1_K6,1,10,40,4,4,40,0,1,8,0,1,2,32,1
13,14,block1_K6,1,10,41,5,4,41,0,1,9,0,1,2,32,1
13,14,block1_K6,1,10,42,4,5,42,0,1,10,0,1,2,32,1
13,14,block1_K6,1,10,43,5,5,43,0,1,11,0,1,2,32,1
13,14,block1_K6,1,11,44,4,6,44,0,1,12,0,1,2,32,1
13,14,block1_K6,1,11,45,5,6,45,0,1,13,0,1,2,32,1
13,14,block1_K6,1,11,46,4,7,46,0,1,14,0,1,2,32,1
13,14,block1_K6,1,11,47,5,7,47,0,1,15,0,1,2,32,1
13,14,block1_K6,1,15,48,6,7,48,0,1,16,0,1,2,32,1
13,14,block1_K6,1,15,49,7,7,49,0,1,17,0,1,2,32,1
13,14,block1_K6,1,15,50,6,6,50,0,1,18,0,1,2,32,1
13,14,block1_K6,1,15,51,7,6,51,0,1,19,0,1,2,32,1
13,14,block1_K6,1,14,52,6,5,52,0,1,20,0,1,2,32,1
13,14,block1_K6,1,14,53,7,5,53,0,1,21,0,1,2,32,1
13,14,block1_K6,1,14,54,6,4,54,0,1,22,0,1,2,32,1
13,14,block1_K6,1,14,55,7,4,55,0,1,23,0,1,2,32,1
13,14,block1_K6,1,13,56,6,3,56,0,1,24,0,1,2,32,1
13,14,block1_K6,1,13,57,7,3,57,0,1,25,0,1,2,32,1
13,14,block1_K6,1,13,58,6,2,58,0,1,26,0,1,2,32,1
13,14,block1_K6,1,13,59,7,2,59,0,1,27,0,1,2,32,1
13,14,block1_K6,1,12,60,6,1,60,0,1,28,0,1,2,32,1
13,14,block1_K6,1,12,61,7,1,61,0,1,29,0,1,2,32,1
13,14,block1_K6,1,12,62,6,0,62,0,1,30,0,1,2,32,1
13,14,block1_K6,1,12,63,7,0,63,0,1,31,0,1,2,32,1
14,15,block1_Kt6,1,0,0,0,0,0,0,0,0,0,1,8,8,1
14,15,block1_Kt6,1,0,1,1,0,1,0,0,1,0,1,8,8,1
14,15,block1_Kt6,1,0,2,0,1,2,0,0,2,0,1,8,8,1
14,15,block1_Kt6,1,0,3,1,1,3,0,0,3,0,1,8,8,1
14,15,block1_Kt6,1,1,4,0,2,4,0,0,4,0,1,8,8,1
14,15,block1_Kt6,1,1,5,1,2,5,0,0,5,0,1,8,8,1
14,15,block1_Kt6,1,1,6,0,3,6,0,0,6,0,1,8,8,1
14,15,block1_Kt6,1,1,7,1,3,7,0,0,7,0,1,8,8,1
14,15,block1_Kt6,1,2,8,0,4,8,0,1,0,0,1,8,8,1
14,15,block1_Kt6,1,2,9,1,4,9,0,1,1,0,1,8,8,1
14,15,block1_Kt6,1,2,10,0,5,10,0,1,2,0,1,8,8,1
14,15,block1_Kt6,1,2,11,1,5,11,0,1,3,0,1,8,8,1
14,15,block1_Kt6,1,3,12,0,6,12,0,1,4,0,1,8,8,1
14,15,block1_Kt6,1,3,13,1,6,13,0,1,5,0,1,8,8,1
14,15,block1_Kt6,1,3,14,0,7,14,0,1,6,0,1,8,8,1
14,15,block1_Kt6,1,3,15,1,7,15,0,1,7,0,1,8,8,1
14,15,block1_Kt6,1,7,16,2,7,16,0,2,0,0,1,8,8,1
14,15,block1_Kt6,1,7,17,3,7,17,0,2,1,0,1,8,8,1
14,15,block1_Kt6,1,7,18,2,6,18,0,2,2,0,1,8,8,1
14,15,block1_Kt6,1,7,19,3,6,19,0,2,3,0,1,8,8,1
14,15,block1_Kt6,1,6,20,2,5,20,0,2,4,0,1,8,8,1
14,15,block1_Kt6,1,6,21,3,5,21,0,2,5,0,1,8,8,1
14,15,block1_Kt6,1,6,22,2,4,22,0,2,6,0,1,8,8,1
14,15,block1_Kt6,1,6,23,3,4,23,0,2,7,0,1,8,8,1
14,15,block1_Kt6,1,5,24,2,3,24,0,3,0,0,1,8,8,1
14,15,block1_Kt6,1,5,25,3,3,25,0,3,1,0,1,8,8,1
14,15,block1_Kt6,1,5,26,2,2,26,0,3,2,0,1,8,8,1
14,15,block1_Kt6,1,5,27,3,2,27,0,3,3,0,1,8,8,1
14,15,block1_Kt6,1,4,28,2,1,28,0,3,4,0,1,8,8,1
14,15,block1_Kt6,1,4,29,3,1,29,0,3,5,0,1,8,8,1
14,15,block1_Kt6,1,4,30,2,0,30,0,3,6,0,1,8,8,1
14,15,block1_Kt6,1,4,31,3,0,31,0,3,7,0,1,8,8,1
14,15,block1_Kt6,1,8,32,4,0,32,0,4,0,0,1,8,8,1
14,15,block1_Kt6,1,8,33,5,0,33,0,4,1,0,1,8,8,1
14,15,block1_Kt6,1,8,34,4,1,34,0,4,2,0,1,8,8,1
14,15,block1_Kt6,1,8,35,5,1,35,0,4,3,0,1,8,8,1
14,15,block1_Kt6,1,9,36,4,2,36,0,4,4,0,1,8,8,1
14,15,block1_Kt6,1,9,37,5,2,37,0,4,5,0,1,8,8,1
14,15,block1_Kt6,1,9,38,4,3,38,0,4,6,0,1,8,8,1
14,15,block1_Kt6,1,9,39,5,3,39,0,4,7,0,1,8,8,1
14,15,block1_Kt6,1,10,40,4,4,40,0,5,0,0,1,8,8,1
14,15,block1_Kt6,1,10,41,5,4,41,0,5,1,0,1,8,8,1
14,15,block1_Kt6,1,10,42,4,5,42,0,5,2,0,1,8,8,1
14,15,block1_Kt6,1,10,43,5,5,43,0,5,3,0,1,8,8,1
14,15,block1_Kt6,1,11,44,4,6,44,0,5,4,0,1,8,8,1
14,15,block1_Kt6,1,11,45,5,6,45,0,5,5,0,1,8,8,1
14,15,block1_Kt6,1,11,46,4,7,46,0,5,6,0,1,8,8,1
14,15,block1_Kt6,1,11,47,5,7,47,0,5,7,0,1,8,8,1
14,15,block1_Kt6,1,15,48,6,7,48,0,6,0,0,1,8,8,1
14,15,block1_Kt6,1,15,49,7,7,49,0,6,1,0,1,8,8,1
14,15,block1_Kt6,1,15,50,6,6,50,0,6,2,0,1,8,8,1
14,15,block1_Kt6,1,15,51,7,6,51,0,6,3,0,1,8,8,1
14,15,block1_Kt6,1,14,52,6,5,52,0,6,4,0,1,8,8,1
14,15,block1_Kt6,1,14,53,7,5,53,0,6,5,0,1,8,8,1
14,15,block1_Kt6,1,14,54,6,4,54,0,6,6,0,1,8,8,1
14,15,block1_Kt6,1,14,55,7,4,55,0,6,7,0,1,8,8,1
14,15,block1_Kt6,1,13,56,6,3,56,0,7,0,0,1,8,8,1
14,15,block1_Kt6,1,13,57,7,3,57,0,7,1,0,1,8,8,1
14,15,block1_Kt6,1,13,58,6,2,58,0,7,2,0,1,8,8,1
14,15,block1_Kt6,1,13,59,7,2,59,0,7,3,0,1,8,8,1
14,15,block1_Kt6,1,12,60,6,1,60,0,7,4,0,1,8,8,1
14,15,block1_Kt6,1,12,61,7,1,61,0,7,5,0,1,8,8,1
14,15,block1_Kt6,1,12,62,6,0,62,0,7,6,0,1,8,8,1
14,15,block1_Kt6,1,12,63,7,0,63,0,7,7,0,1,8,8,1
15,16,block1_K7,1,0,0,0,0,0,0,0,0,0,1,2,32,1
15,16,block1_K7,1,0,1,1,0,1,0,0,1,0,1,2,32,1
15,16,block1_K7,1,0,2,0,1,2,0,0,2,0,1,2,32,1
15,16,block1_K7,1,0,3,1,1,3,0,0,3,0,1,2,32,1
15,16,block1_K7,1,1,4,0,2,4,0,0,4,0,1,2,32,1
15,16,block1_K7,1,1,5,1,2,5,0,0,5,0,1,2,32,1
15,16,block1_K7,1,1,6,0,3,6,0,0,6,0,1,2,32,1
15,16,block1_K7,1,1,7,1,3,7,0,0,7,0,1,2,32,1
15,16,block1_K7,1,2,8,0,4,8,0,0,8,0,1,2,32,1
15,16,block1_K7,1,2,9,1,4,9,0,0,9,0,1,2,32,1
15,16,block1_K7,1,2,10,0,5,10,0,0,10,0,1,2,32,1
15,16,block1_K7,1,2,11,1,5,11,0,0,11,0,1,2,32,1
15,16,block1_K7,1,3,12,0,6,12,0,0,12,0,1,2,32,1
15,16,block1_K7,1,3,13,1,6,13,0,0,13,0,1,2,32,1
15,16,block1_K7,1,3,14,0,7,14,0,0,14,0,1,2,32,1
15,16,block1_K7,1,3,15,1,7,15,0,0,15,0,1,2,32,1
15,16,block1_K7,1,7,16,2,7,16,0,0,16,0,1,2,32,1
15,16,block1_K7,1,7,17,3,7,17,0,0,17,0,1,2,32,1
15,16,block1_K7,1,7,18,2,6,18,0,0,18,0,1,2,32,1
15,16,block1_K7,1,7,19,3,6,19,0,0,19,0,1,2,32,1
15,16,block1_K7,1,6,20,2,5,20,0,0,20,0,1,2,32,1
15,16,block1_K7,1,6,21,3,5,21,0,0,21,0,1,2,32,1
15,16,block1_K7,1,6,22,2,4,22,0,0,22,0,1,2,32,1
15,16,block1_K7,1,6,23,3,4,23,0,0,23,0,1,2,32,1
15,16,block1_K7,1,5,24,2,3,24,0,0,24,0,1,2,32,1
15,16,block1_K7,1,5,25,3,3,25,0,0,25,0,1,2,32,1
15,16,block1_K7,1,5,26,2,2,26,0,0,26,0,1,2,32,1
15,16,block1_K7,1,5,27,3,2,27,0,0,27,0,1,2,32,1
15,16,block1_K7,1,4,28,2,1,28,0,0,28,0,1,2,32,1
15,16,block1_K7,1,4,29,3,1,29,0,0,29,0,1,2,32,1
15,16,block1_K7,1,4,30,2,0,30,0,0,30,0,1,2,32,1
15,16,block1_K7,1,4,31,3,0,31,0,0,31,0,1,2,32,1
15,16,block1_K7,1,8,32,4,0,32,0,1,0,0,1,2,32,1
15,16,block1_K7,1,8,33,5,0,33,0,1,1,0,1,2,32,1
15,16,block1_K7,1,8,34,4,1,34,0,1,2,0,1,2,32,1
15,16,block1_K7,1,8,35,5,1,35,0,1,3,0,1,2,32,1
15,16,block1_K7,1,9,36,4,2,36,0,1,4,0,1,2,32,1
15,16,block1_K7,1,9,37,5,2,37,0,1,5,0,1,2,32,1
15,16,block1_K7,1,9,38,4,3,38,0,1,6,0,1,2,32,1
15,16,block1_K7,1,9,39,5,3,39,0,1,7,0,1,2,32,1
15,16,block1_K7,1,10,40,4,4,40,0,1,8,0,1,2,32,1
15,16,block1_K7,1,10,41,5,4,41,0,1,9,0,1,2,32,1
15,16,block1_K7,1,10,42,4,5,42,0,1,10,0,1,2,32,1
15,16,block1_K7,1,10,43,5,5,43,0,1,11,0,1,2,32,1
15,16,block1_K7,1,11,44,4,6,44,0,1,12,0,1,2,32,1
15,16,block1_K7,1,11,45,5,6,45,0,1,13,0,1,2,32,1
15,16,block1_K7,1,11,46,4,7,46,0,1,14,0,1,2,32,1
15,16,block1_K7,1,11,47,5,7,47,0,1,15,0,1,2,32,1
15,16,block1_K7,1,15,48,6,7,48,0,1,16,0,1,2,32,1
15,16,block1_K7,1,15,49,7,7,49,0,1,17,0,1,2,32,1
15,16,block1_K7,1,15,50,6,6,50,0,1,18,0,1,2,32,1
15,16,block1_K7,1,15,51,7,6,51,0,1,19,0,1,2,32,1
15,16,block1_K7,1,14,52,6,5,52,0,1,20,0,1,2,32,1
15,16,block1_K7,1,14,53,7,5,53,0,1,21,0,1,2,32,1
15,16,block1_K7,1,14,54,6,4,54,0,1,22,0,1,2,32,1
15,16,block1_K7,1,14,55,7,4,55,0,1,23,0,1,2,32,1
15,16,block1_K7,1,13,56,6,3,56,0,1,24,0,1,2,32,1
15,16,block1_K7,1,13,57,7,3,57,0,1,25,0,1,2,32,1
15,16,block1_K7,1,13,58,6,2,58,0,1,26,0,1,2,32,1
15,16,block1_K7,1,13,59,7,2,59,0,1,27,0,1,2,32,1
15,16,block1_K7,1,12,60,6,1,60,0,1,28,0,1,2,32,1
15,16,block1_K7,1,12,61,7,1,61,0,1,29,0,1,2,32,1
15,16,block1_K7,1,12,62,6,0,62,0,1,30,0,1,2,32,1
15,16,block1_K7,1,12,63,7,0,63,0,1,31,0,1,2,32,1
16,17,block1_Kt7,1,0,0,0,0,0,0,0,0,0,1,8,8,1
16,17,block1_Kt7,1,0,1,1,0,1,0,0,1,0,1,8,8,1
16,17,block1_Kt7,1,0,2,0,1,2,0,0,2,0,1,8,8,1
16,17,block1_Kt7,1,0,3,1,1,3,0,0,3,0,1,8,8,1
16,17,block1_Kt7,1,1,4,0,2,4,0,0,4,0,1,8,8,1
16,17,block1_Kt7,1,1,5,1,2,5,0,0,5,0,1,8,8,1
16,17,block1_Kt7,1,1,6,0,3,6,0,0,6,0,1,8,8,1
16,17,block1_Kt7,1,1,7,1,3,7,0,0,7,0,1,8,8,1
16,17,block1_Kt7,1,2,8,0,4,8,0,1,0,0,1,8,8,1
16,17,block1_Kt7,1,2,9,1,4,9,0,1,1,0,1,8,8,1
16,17,block1_Kt7,1,2,10,0,5,10,0,1,2,0,1,8,8,1
16,17,block1_Kt7,1,2,11,1,5,11,0,1,3,0,1,8,8,1
16,17,block1_Kt7,1,3,12,0,6,12,0,1,4,0,1,8,8,1
16,17,block1_Kt7,1,3,13,1,6,13,0,1,5,0,1,8,8,1
16,17,block1_Kt7,1,3,14,0,7,14,0,1,6,0,1,8,8,1
16,17,block1_Kt7,1,3,15,1,7,15,0,1,7,0,1,8,8,1
16,17,block1_Kt7,1,7,16,2,7,16,0,2,0,0,1,8,8,1
16,17,block1_Kt7,1,7,17,3,7,17,0,2,1,0,1,8,8,1
16,17,block1_Kt7,1,7,18,2,6,18,0,2,2,0,1,8,8,1
16,17,block1_Kt7,1,7,19,3,6,19,0,2,3,0,1,8,8,1
16,17,block1_Kt7,1,6,20,2,5,20,0,2,4,0,1,8,8,1
16,17,block1_Kt7,1,6,21,3,5,21,0,2,5,0,1,8,8,1
16,17,block1_Kt7,1,6,22,2,4,22,0,2,6,0,1,8,8,1
16,17,block1_Kt7,1,6,23,3,4,23,0,2,7,0,1,8,8,1
16,17,block1_Kt7,1,5,24,2,3,24,0,3,0,0,1,8,8,1
16,17,block1_Kt7,1,5,25,3,3,25,0,3,1,0,1,8,8,1
16,17,block1_Kt7,1,5,26,2,2,26,0,3,2,0,1,8,8,1
16,17,block1_Kt7,1,5,27,3,2,27,0,3,3,0,1,8,8,1
16,17,block1_Kt7,1,4,28,2,1,28,0,3,4,0,1,8,8,1
16,17,block1_Kt7,1,4,29,3,1,29,0,3,5,0,1,8,8,1
16,17,block1_Kt7,1,4,30,2,0,30,0,3,6,0,1,8,8,1
16,17,block1_Kt7,1,4,31,3,0,31,0,3,7,0,1,8,8,1
16,17,block1_Kt7,1,8,32,4,0,32,0,4,0,0,1,8,8,1
16,17,block1_Kt7,1,8,33,5,0,33,0,4,1,0,1,8,8,1
16,17,block1_Kt7,1,8,34,4,1,34,0,4,2,0,1,8,8,1
16,17,block1_Kt7,1,8,35,5,1,35,0,4,3,0,1,8,8,1
16,17,block1_Kt7,1,9,36,4,2,36,0,4,4,0,1,8,8,1
16,17,block1_Kt7,1,9,37,5,2,37,0,4,5,0,1,8,8,1
16,17,block1_Kt7,1,9,38,4,3,38,0,4,6,0,1,8,8,1
16,17,block1_Kt7,1,9,39,5,3,39,0,4,7,0,1,8,8,1
16,17,block1_Kt7,1,10,40,4,4,40,0,5,0,0,1,8,8,1
16,17,block1_Kt7,1,10,41,5,4,41,0,5,1,0,1,8,8,1
16,17,block1_Kt7,1,10,42,4,5,42,0,5,2,0,1,8,8,1
16,17,block1_Kt7,1,10,43,5,5,43,0,5,3,0,1,8,8,1
16,17,block1_Kt7,1,11,44,4,6,44,0,5,4,0,1,8,8,1
16,17,block1_Kt7,1,11,45,5,6,45,0,5,5,0,1,8,8,1
16,17,block1_Kt7,1,11,46,4,7,46,0,5,6,0,1,8,8,1
16,17,block1_Kt7,1,11,47,5,7,47,0,5,7,0,1,8,8,1
16,17,block1_Kt7,1,15,48,6,7,48,0,6,0,0,1,8,8,1
16,17,block1_Kt7,1,15,49,7,7,49,0,6,1,0,1,8,8,1
16,17,block1_Kt7,1,15,50,6,6,50,0,6,2,0,1,8,8,1
16,17,block1_Kt7,1,15,51,7,6,51,0,6,3,0,1,8,8,1
16,17,block1_Kt7,1,14,52,6,5,52,0,6,4,0,1,8,8,1
16,17,block1_Kt7,1,14,53,7,5,53,0,6,5,0,1,8,8,1
16,17,block1_Kt7,1,14,54,6,4,54,0,6,6,0,1,8,8,1
16,17,block1_Kt7,1,14,55,7,4,55,0,6,7,0,1,8,8,1
16,17,block1_Kt7,1,13,56,6,3,56,0,7,0,0,1,8,8,1
16,17,block1_Kt7,1,13,57,7,3,57,0,7,1,0,1,8,8,1
16,17,block1_Kt7,1,13,58,6,2,58,0,7,2,0,1,8,8,1
16,17,block1_Kt7,1,13,59,7,2,59,0,7,3,0,1,8,8,1
16,17,block1_Kt7,1,12,60,6,1,60,0,7,4,0,1,8,8,1
16,17,block1_Kt7,1,12,61,7,1,61,0,7,5,0,1,8,8,1
16,17,block1_Kt7,1,12,62,6,0,62,0,7,6,0,1,8,8,1
16,17,block1_Kt7,1,12,63,7,0,63,0,7,7,0,1,8,8,1
17,18,block1_K8,1,0,0,0,0,0,0,0,0,0,1,2,32,1
17,18,block1_K8,1,0,1,1,0,1,0,0,1,0,1,2,32,1
17,18,block1_K8,1,0,2,0,1,2,0,0,2,0,1,2,32,1
17,18,block1_K8,1,0,3,1,1,3,0,0,3,0,1,2,32,1
17,18,block1_K8,1,1,4,0,2,4,0,0,4,0,1,2,32,1
17,18,block1_K8,1,1,5,1,2,5,0,0,5,0,1,2,32,1
17,18,block1_K8,1,1,6,0,3,6,0,0,6,0,1,2,32,1
17,18,block1_K8,1,1,7,1,3,7,0,0,7,0,1,2,32,1
17,18,block1_K8,1,2,8,0,4,8,0,0,8,0,1,2,32,1
17,18,block1_K8,1,2,9,1,4,9,0,0,9,0,1,2,32,1
17,18,block1_K8,1,2,10,0,5,10,0,0,10,0,1,2,32,1
17,18,block1_K8,1,2,11,1,5,11,0,0,11,0,1,2,32,1
17,18,block1_K8,1,3,12,0,6,12,0,0,12,0,1,2,32,1
17,18,block1_K8,1,3,13,1,6,13,0,0,13,0,1,2,32,1
17,18,block1_K8,1,3,14,0,7,14,0,0,14,0,1,2,32,1
17,18,block1_K8,1,3,15,1,7,15,0,0,15,0,1,2,32,1
17,18,block1_K8,1,7,16,2,7,16,0,0,16,0,1,2,32,1
17,18,block1_K8,1,7,17,3,7,17,0,0,17,0,1,2,32,1
17,18,block1_K8,1,7,18,2,6,18,0,0,18,0,1,2,32,1
17,18,block1_K8,1,7,19,3,6,19,0,0,19,0,1,2,32,1
17,18,block1_K8,1,6,20,2,5,20,0,0,20,0,1,2,32,1
17,18,block1_K8,1,6,21,3,5,21,0,0,21,0,1,2,32,1
17,18,block1_K8,1,6,22,2,4,22,0,0,22,0,1,2,32,1
17,18,block1_K8,1,6,23,3,4,23,0,0,23,0,1,2,32,1
17,18,block1_K8,1,5,24,2,3,24,0,0,24,0,1,2,32,1
17,18,block1_K8,1,5,25,3,3,25,0,0,25,0,1,2,32,1
17,18,block1_K8,1,5,26,2,2,26,0,0,26,0,1,2,32,1
17,18,block1_K8,1,5,27,3,2,27,0,0,27,0,1,2,32,1
17,18,block1_K8,1,4,28,2,1,28,0,0,28,0,1,2,32,1
17,18,block1_K8,1,4,29,3,1,29,0,0,29,0,1,2,32,1
17,18,block1_K8,1,4,30,2,0,30,0,0,30,0,1,2,32,1
17,18,block1_K8,1,4,31,3,0,31,0,0,31,0,1,2,32,1
17,18,block1_K8,1,8,32,4,0,32,0,1,0,0,1,2,32,1
17,18,block1_K8,1,8,33,5,0,33,0,1,1,0,1,2,32,1
17,18,block1_K8,1,8,34,4,1,34,0,1,2,0,1,2,32,1
17,18,block1_K8,1,8,35,5,1,35,0,1,3,0,1,2,32,1
17,18,block1_K8,1,9,36,4,2,36,0,1,4,0,1,2,32,1
17,18,block1_K8,1,9,37,5,2,37,0,1,5,0,1,2,32,1
17,18,block1_K8,1,9,38,4,3,38,0,1,6,0,1,2,32,1
17,18,block1_K8,1,9,39,5,3,39,0,1,7,0,1,2,32,1
17,18,block1_K8,1,10,40,4,4,40,0,1,8,0,1,2,32,1
17,18,block1_K8,1,10,41,5,4,41,0,1,9,0,1,2,32,1
17,18,block1_K8,1,10,42,4,5,42,0,1,10,0,1,2,32,1
17,18,block1_K8,1,10,43,5,5,43,0,1,11,0,1,2,32,1
17,18,block1_K8,1,11,44,4,6,44,0,1,12,0,1,2,32,1
17,18,block1_K8,1,11,45,5,6,45,0,1,13,0,1,2,32,1
17,18,block1_K8,1,11,46,4,7,46,0,1,14,0,1,2,32,1
17,18,block1_K8,1,11,47,5,7,47,0,1,15,0,1,2,32,1
17,18,block1_K8,1,15,48,6,7,48,0,1,16,0,1,2,32,1
17,18,block1_K8,1,15,49,7,7,49,0,1,17,0,1,2,32,1
17,18,block1_K8,1,15,50,6,6,50,0,1,18,0,1,2,32,1
17,18,block1_K8,1,15,51,7,6,51,0,1,19,0,1,2,32,1
17,18,block1_K8,1,14,52,6,5,52,0,1,20,0,1,2,32,1
17,18,block1_K8,1,14,53,7,5,53,0,1,21,0,1,2,32,1
17,18,block1_K8,1,14,54,6,4,54,0,1,22,0,1,2,32,1
17,18,block1_K8,1,14,55,7,4,55,0,1,23,0,1,2,32,1
17,18,block1_K8,1,13,56,6,3,56,0,1,24,0,1,2,32,1
17,18,block1_K8,1,13,57,7,3,57,0,1,25,0,1,2,32,1
17,18,block1_K8,1,13,58,6,2,58,0,1,26,0,1,2,32,1
17,18,block1_K8,1,13,59,7,2,59,0,1,27,0,1,2,32,1
17,18,block1_K8,1,12,60,6,1,60,0,1,28,0,1,2,32,1
17,18,block1_K8,1,12,61,7,1,61,0,1,29,0,1,2,32,1
17,18,block1_K8,1,12,62,6,0,62,0,1,30,0,1,2,32,1
17,18,block1_K8,1,12,63,7,0,63,0,1,31,0,1,2,32,1
18,19,block1_Kt8,1,0,0,0,0,0,0,0,0,0,1,8,8,1
18,19,block1_Kt8,1,0,1,1,0,1,0,0,1,0,1,8,8,1
18,19,block1_Kt8,1,0,2,0,1,2,0,0,2,0,1,8,8,1
18,19,block1_Kt8,1,0,3,1,1,3,0,0,3,0,1,8,8,1
18,19,block1_Kt8,1,1,4,0,2,4,0,0,4,0,1,8,8,1
18,19,block1_Kt8,1,1,5,1,2,5,0,0,5,0,1,8,8,1
18,19,block1_Kt8,1,1,6,0,3,6,0,0,6,0,1,8,8,1
18,19,block1_Kt8,1,1,7,1,3,7,0,0,7,0,1,8,8,1
18,19,block1_Kt8,1,2,8,0,4,8,0,1,0,0,1,8,8,1
18,19,block1_Kt8,1,2,9,1,4,9,0,1,1,0,1,8,8,1
18,19,block1_Kt8,1,2,10,0,5,10,0,1,2,0,1,8,8,1
18,19,block1_Kt8,1,2,11,1,5,11,0,1,3,0,1,8,8,1
18,19,block1_Kt8,1,3,12,0,6,12,0,1,4,0,1,8,8,1
18,19,block1_Kt8,1,3,13,1,6,13,0,1,5,0,1,8,8,1
18,19,block1_Kt8,1,3,14,0,7,14,0,1,6,0,1,8,8,1
18,19,block1_Kt8,1,3,15,1,7,15,0,1,7,0,1,8,8,1
18,19,block1_Kt8,1,7,16,2,7,16,0,2,0,0,1,8,8,1
18,19,block1_Kt8,1,7,17,3,7,17,0,2,1,0,1,8,8,1
18,19,block1_Kt8,1,7,18,2,6,18,0,2,2,0,1,8,8,1
18,19,block1_Kt8,1,7,19,3,6,19,0,2,3,0,1,8,8,1
18,19,block1_Kt8,1,6,20,2,5,20,0,2,4,0,1,8,8,1
18,19,block1_Kt8,1,6,21,3,5,21,0,2,5,0,1,8,8,1
18,19,block1_Kt8,1,6,22,2,4,22,0,2,6,0,1,8,8,1
18,19,block1_Kt8,1,6,23,3,4,23,0,2,7,0,1,8,8,1
18,19,block1_Kt8,1,5,24,2,3,24,0,3,0,0,1,8,8,1
18,19,block1_Kt8,1,5,25,3,3,25,0,3,1,0,1,8,8,1
18,19,block1_Kt8,1,5,26,2,2,26,0,3,2,0,1,8,8,1
18,19,block1_Kt8,1,5,27,3,2,27,0,3,3,0,1,8,8,1
18,19,block1_Kt8,1,4,28,2,1,28,0,3,4,0,1,8,8,1
18,19,block1_Kt8,1,4,29,3,1,29,0,3,5,0,1,8,8,1
18,19,block1_Kt8,1,4,30,2,0,30,0,3,6,0,1,8,8,1
18,19,block1_Kt8,1,4,31,3,0,31,0,3,7,0,1,8,8,1
18,19,block1_Kt8,1,8,32,4,0,32,0,4,0,0,1,8,8,1
18,19,block1_Kt8,1,8,33,5,0,33,0,4,1,0,1,8,8,1
18,19,block1_Kt8,1,8,34,4,1,34,0,4,2,0,1,8,8,1
18,19,block1_Kt8,1,8,35,5,1,35,0,4,3,0,1,8,8,1
18,19,block1_Kt8,1,9,36,4,2,36,0,4,4,0,1,8,8,1
18,19,block1_Kt8,1,9,37,5,2,37,0,4,5,0,1,8,8,1
18,19,block1_Kt8,1,9,38,4,3,38,0,4,6,0,1,8,8,1
18,19,block1_Kt8,1,9,39,5,3,39,0,4,7,0,1,8,8,1
18,19,block1_Kt8,1,10,40,4,4,40,0,5,0,0,1,8,8,1
18,19,block1_Kt8,1,10,41,5,4,41,0,5,1,0,1,8,8,1
18,19,block1_Kt8,1,10,42,4,5,42,0,5,2,0,1,8,8,1
18,19,block1_Kt8,1,10,43,5,5,43,0,5,3,0,1,8,8,1
18,19,block1_Kt8,1,11,44,4,6,44,0,5,4,0,1,8,8,1
18,19,block1_Kt8,1,11,45,5,6,45,0,5,5,0,1,8,8,1
18,19,block1_Kt8,1,11,46,4,7,46,0,5,6,0,1,8,8,1
18,19,block1_Kt8,1,11,47,5,7,47,0,5,7,0,1,8,8,1
18,19,block1_Kt8,1,15,48,6,7,48,0,6,0,0,1,8,8,1
18,19,block1_Kt8,1,15,49,7,7,49,0,6,1,0,1,8,8,1
18,19,block1_Kt8,1,15,50,6,6,50,0,6,2,0,1,8,8,1
18,19,block1_Kt8,1,15,51,7,6,51,0,6,3,0,1,8,8,1
18,19,block1_Kt8,1,14,52,6,5,52,0,6,4,0,1,8,8,1
18,19,block1_Kt8,1,14,53,7,5,53,0,6,5,0,1,8,8,1
18,19,block1_Kt8,1,14,54,6,4,54,0,6,6,0,1,8,8,1
18,19,block1_Kt8,1,14,55,7,4,55,0,6,7,0,1,8,8,1
18,19,block1_Kt8,1,13,56,6,3,56,0,7,0,0,1,8,8,1
18,19,block1_Kt8,1,13,57,7,3,57,0,7,1,0,1,8,8,1
18,19,block1_Kt8,1,13,58,6,2,58,0,7,2,0,1,8,8,1
18,19,block1_Kt8,1,13,59,7,2,59,0,7,3,0,1,8,8,1
18,19,block1_Kt8,1,12,60,6,1,60,0,7,4,0,1,8,8,1
18,19,block1_Kt8,1,12,61,7,1,61,0,7,5,0,1,8,8,1
18,19,block1_Kt8,1,12,62,6,0,62,0,7,6,0,1,8,8,1
18,19,block1_Kt8,1,12,63,7,0,63,0,7,7,0,1,8,8,1
19,20,block1_K9,1,0,0,0,0,0,0,0,0,0,1,2,32,1
19,20,block1_K9,1,0,1,1,0,1,0,0,1,0,1,2,32,1
19,20,block1_K9,1,0,2,0,1,2,0,0,2,0,1,2,32,1
19,20,block1_K9,1,0,3,1,1,3,0,0,3,0,1,2,32,1
19,20,block1_K9,1,1,4,0,2,4,0,0,4,0,1,2,32,1
19,20,block1_K9,1,1,5,1,2,5,0,0,5,0,1,2,32,1
19,20,block1_K9,1,1,6,0,3,6,0,0,6,0,1,2,32,1
19,20,block1_K9,1,1,7,1,3,7,0,0,7,0,1,2,32,1
19,20,block1_K9,1,2,8,0,4,8,0,0,8,0,1,2,32,1
19,20,block1_K9,1,2,9,1,4,9,0,0,9,0,1,2,32,1
19,20,block1_K9,1,2,10,0,5,10,0,0,10,0,1,2,32,1
19,20,block1_K9,1,2,11,1,5,11,0,0,11,0,1,2,32,1
19,20,block1_K9,1,3,12,0,6,12,0,0,12,0,1,2,32,1
19,20,block1_K9,1,3,13,1,6,13,0,0,13,0,1,2,32,1
19,20,block1_K9,1,3,14,0,7,14,0,0,14,0,1,2,32,1
19,20,block1_K9,1,3,15,1,7,15,0,0,15,0,1,2,32,1
19,20,block1_K9,1,7,16,2,7,16,0,0,16,0,1,2,32,1
19,20,block1_K9,1,7,17,3,7,17,0,0,17,0,1,2,32,1
19,20,block1_K9,1,7,18,2,6,18,0,0,18,0,1,2,32,1
19,20,block1_K9,1,7,19,3,6,19,0,0,19,0,1,2,32,1
19,20,block1_K9,1,6,20,2,5,20,0,0,20,0,1,2,32,1
19,20,block1_K9,1,6,21,3,5,21,0,0,21,0,1,2,32,1
19,20,block1_K9,1,6,22,2,4,22,0,0,22,0,1,2,32,1
19,20,block1_K9,1,6,23,3,4,23,0,0,23,0,1,2,32,1
19,20,block1_K9,1,5,24,2,3,24,0,0,24,0,1,2,32,1
19,20,block1_K9,1,5,25,3,3,25,0,0,25,0,1,2,32,1
19,20,block1_K9,1,5,26,2,2,26,0,0,26,0,1,2,32,1
19,20,block1_K9,1,5,27,3,2,27,0,0,27,0,1,2,32,1
19,20,block1_K9,1,4,28,2,1,28,0,0,28,0,1,2,32,1
19,20,block1_K9,1,4,29,3,1,29,0,0,29,0,1,2,32,1
19,20,block1_K9,1,4,30,2,0,30,0,0,30,0,1,2,32,1
19,20,block1_K9,1,4,31,3,0,31,0,0,31,0,1,2,32,1
19,20,block1_K9,1,8,32,4,0,32,0,1,0,0,1,2,32,1
19,20,block1_K9,1,8,33,5,0,33,0,1,1,0,1,2,32,1
19,20,block1_K9,1,8,34,4,1,34,0,1,2,0,1,2,32,1
19,20,block1_K9,1,8,35,5,1,35,0,1,3,0,1,2,32,1
19,20,block1_K9,1,9,36,4,2,36,0,1,4,0,1,2,32,1
19,20,block1_K9,1,9,37,5,2,37,0,1,5,0,1,2,32,1
19,20,block1_K9,1,9,38,4,3,38,0,1,6,0,1,2,32,1
19,20,block1_K9,1,9,39,5,3,39,0,1,7,0,1,2,32,1
19,20,block1_K9,1,10,40,4,4,40,0,1,8,0,1,2,32,1
19,20,block1_K9,1,10,41,5,4,41,0,1,9,0,1,2,32,1
19,20,block1_K9,1,10,42,4,5,42,0,1,10,0,1,2,32,1
19,20,block1_K9,1,10,43,5,5,43,0,1,11,0,1,2,32,1
19,20,block1_K9,1,11,44,4,6,44,0,1,12,0,1,2,32,1
19,20,block1_K9,1,11,45,5,6,45,0,1,13,0,1,2,32,1
19,20,block1_K9,1,11,46,4,7,46,0,1,14,0,1,2,32,1
19,20,block1_K9,1,11,47,5,7,47,0,1,15,0,1,2,32,1
19,20,block1_K9,1,15,48,6,7,48,0,1,16,0,1,2,32,1
19,20,block1_K9,1,15,49,7,7,49,0,1,17,0,1,2,32,1
19,20,block1_K9,1,15,50,6,6,50,0,1,18,0,1,2,32,1
19,20,block1_K9,1,15,51,7,6,51,0,1,19,0,1,2,32,1
19,20,block1_K9,1,14,52,6,5,52,0,1,20,0,1,2,32,1
19,20,block1_K9,1,14,53,7,5,53,0,1,21,0,1,2,32,1
19,20,block1_K9,1,14,54,6,4,54,0,1,22,0,1,2,32,1
19,20,block1_K9,1,14,55,7,4,55,0,1,23,0,1,2,32,1
19,20,block1_K9,1,13,56,6,3,56,0,1,24,0,1,2,32,1
19,20,block1_K9,1,13,57,7,3,57,0,1,25,0,1,2,32,1
19,20,block1_K9,1,13,58,6,2,58,0,1,26,0,1,2,32,1
19,20,block1_K9,1,13,59,7,2,59,0,1,27,0,1,2,32,1
19,20,block1_K9,1,12,60,6,1,60,0,1,28,0,1,2,32,1
19,20,block1_K9,1,12,61,7,1,61,0,1,29,0,1,2,32,1
19,20,block1_K9,1,12,62,6,0,62,0,1,30,0,1,2,32,1
19,20,block1_K9,1,12,63,7,0,63,0,1,31,0,1,2,32,1
20,21,block1_Kt9,1,0,0,0,0,0,0,0,0,0,1,8,8,1
20,21,block1_Kt9,1,0,1,1,0,1,0,0,1,0,1,8,8,1
20,21,block1_Kt9,1,0,2,0,1,2,0,0,2,0,1,8,8,1
20,21,block1_Kt9,1,0,3,1,1,3,0,0,3,0,1,8,8,1
20,21,block1_Kt9,1,1,4,0,2,4,0,0,4,0,1,8,8,1
20,21,block1_Kt9,1,1,5,1,2,5,0,0,5,0,1,8,8,1
20,21,block1_Kt9,1,1,6,0,3,6,0,0,6,0,1,8,8,1
20,21,block1_Kt9,1,1,7,1,3,7,0,0,7,0,1,8,8,1
20,21,block1_Kt9,1,2,8,0,4,8,0,1,0,0,1,8,8,1
20,21,block1_Kt9,1,2,9,1,4,9,0,1,1,0,1,8,8,1
20,21,block1_Kt9,1,2,10,0,5,10,0,1,2,0,1,8,8,1
20,21,block1_Kt9,1,2,11,1,5,11,0,1,3,0,1,8,8,1
20,21,block1_Kt9,1,3,12,0,6,12,0,1,4,0,1,8,8,1
20,21,block1_Kt9,1,3,13,1,6,13,0,1,5,0,1,8,8,1
20,21,block1_Kt9,1,3,14,0,7,14,0,1,6,0,1,8,8,1
20,21,block1_Kt9,1,3,15,1,7,15,0,1,7,0,1,8,8,1
20,21,block1_Kt9,1,7,16,2,7,16,0,2,0,0,1,8,8,1
20,21,block1_Kt9,1,7,17,3,7,17,0,2,1,0,1,8,8,1
20,21,block1_Kt9,1,7,18,2,6,18,0,2,2,0,1,8,8,1
20,21,block1_Kt9,1,7,19,3,6,19,0,2,3,0,1,8,8,1
20,21,block1_Kt9,1,6,20,2,5,20,0,2,4,0,1,8,8,1
20,21,block1_Kt9,1,6,21,3,5,21,0,2,5,0,1,8,8,1
20,21,block1_Kt9,1,6,22,2,4,22,0,2,6,0,1,8,8,1
20,21,block1_Kt9,1,6,23,3,4,23,0,2,7,0,1,8,8,1
20,21,block1_Kt9,1,5,24,2,3,24,0,3,0,0,1,8,8,1
20,21,block1_Kt9,1,5,25,3,3,25,0,3,1,0,1,8,8,1
20,21,block1_Kt9,1,5,26,2,2,26,0,3,2,0,1,8,8,1
20,21,block1_Kt9,1,5,27,3,2,27,0,3,3,0,1,8,8,1
20,21,block1_Kt9,1,4,28,2,1,28,0,3,4,0,1,8,8,1
20,21,block1_Kt9,1,4,29,3,1,29,0,3,5,0,1,8,8,1
20,21,block1_Kt9,1,4,30,2,0,30,0,3,6,0,1,8,8,1
20,21,block1_Kt9,1,4,31,3,0,31,0,3,7,0,1,8,8,1
20,21,block1_Kt9,1,8,32,4,0,32,0,4,0,0,1,8,8,1
20,21,block1_Kt9,1,8,33,5,0,33,0,4,1,0,1,8,8,1
20,21,block1_Kt9,1,8,34,4,1,34,0,4,2,0,1,8,8,1
20,21,block1_Kt9,1,8,35,5,1,35,0,4,3,0,1,8,8,1
20,21,block1_Kt9,1,9,36,4,2,36,0,4,4,0,1,8,8,1
20,21,block1_Kt9,1,9,37,5,2,37,0,4,5,0,1,8,8,1
20,21,block1_Kt9,1,9,38,4,3,38,0,4,6,0,1,8,8,1
20,21,block1_Kt9,1,9,39,5,3,39,0,4,7,0,1,8,8,1
20,21,block1_Kt9,1,10,40,4,4,40,0,5,0,0,1,8,8,1
20,21,block1_Kt9,1,10,41,5,4,41,0,5,1,0,1,8,8,1
20,21,block1_Kt9,1,10,42,4,5,42,0,5,2,0,1,8,8,1
20,21,block1_Kt9,1,10,43,5,5,43,0,5,3,0,1,8,8,1
20,21,block1_Kt9,1,11,44,4,6,44,0,5,4,0,1,8,8,1
20,21,block1_Kt9,1,11,45,5,6,45,0,5,5,0,1,8,8,1
20,21,block1_Kt9,1,11,46,4,7,46,0,5,6,0,1,8,8,1
20,21,block1_Kt9,1,11,47,5,7,47,0,5,7,0,1,8,8,1
20,21,block1_Kt9,1,15,48,6,7,48,0,6,0,0,1,8,8,1
20,21,block1_Kt9,1,15,49,7,7,49,0,6,1,0,1,8,8,1
20,21,block1_Kt9,1,15,50,6,6,50,0,6,2,0,1,8,8,1
20,21,block1_Kt9,1,15,51,7,6,51,0,6,3,0,1,8,8,1
20,21,block1_Kt9,1,14,52,6,5,52,0,6,4,0,1,8,8,1
20,21,block1_Kt9,1,14,53,7,5,53,0,6,5,0,1,8,8,1
20,21,block1_Kt9,1,14,54,6,4,54,0,6,6,0,1,8,8,1
20,21,block1_Kt9,1,14,55,7,4,55,0,6,7,0,1,8,8,1
20,21,block1_Kt9,1,13,56,6,3,56,0,7,0,0,1,8,8,1
20,21,block1_Kt9,1,13,57,7,3,57,0,7,1,0,1,8,8,1
20,21,block1_Kt9,1,13,58,6,2,58,0,7,2,0,1,8,8,1
20,21,block1_Kt9,1,13,59,7,2,59,0,7,3,0,1,8,8,1
20,21,block1_Kt9,1,12,60,6,1,60,0,7,4,0,1,8,8,1
20,21,block1_Kt9,1,12,61,7,1,61,0,7,5,0,1,8,8,1
20,21,block1_Kt9,1,12,62,6,0,62,0,7,6,0,1,8,8,1
20,21,block1_Kt9,1,12,63,7,0,63,0,7,7,0,1,8,8,1
21,22,block1_K10,1,0,0,0,0,0,0,0,0,0,1,2,32,1
21,22,block1_K10,1,0,1,1,0,1,0,0,1,0,1,2,32,1
21,22,block1_K10,1,0,2,0,1,2,0,0,2,0,1,2,32,1
21,22,block1_K10,1,0,3,1,1,3,0,0,3,0,1,2,32,1
21,22,block1_K10,1,1,4,0,2,4,0,0,4,0,1,2,32,1
21,22,block1_K10,1,1,5,1,2,5,0,0,5,0,1,2,32,1
21,22,block1_K10,1,1,6,0,3,6,0,0,6,0,1,2,32,1
21,22,block1_K10,1,1,7,1,3,7,0,0,7,0,1,2,32,1
21,22,block1_K10,1,2,8,0,4,8,0,0,8,0,1,2,32,1
21,22,block1_K10,1,2,9,1,4,9,0,0,9,0,1,2,32,1
21,22,block1_K10,1,2,10,0,5,10,0,0,10,0,1,2,32,1
21,22,block1_K10,1,2,11,1,5,11,0,0,11,0,1,2,32,1
21,22,block1_K10,1,3,12,0,6,12,0,0,12,0,1,2,32,1
21,22,block1_K10,1,3,13,1,6,13,0,0,13,0,1,2,32,1
21,22,block1_K10,1,3,14,0,7,14,0,0,14,0,1,2,32,1
21,22,block1_K10,1,3,15,1,7,15,0,0,15,0,1,2,32,1
21,22,block1_K10,1,7,16,2,7,16,0,0,16,0,1,2,32,1
21,22,block1_K10,1,7,17,3,7,17,0,0,17,0,1,2,32,1
21,22,block1_K10,1,7,18,2,6,18,0,0,18,0,1,2,32,1
21,22,block1_K10,1,7,19,3,6,19,0,0,19,0,1,2,32,1
21,22,block1_K10,1,6,20,2,5,20,0,0,20,0,1,2,32,1
21,22,block1_K10,1,6,21,3,5,21,0,0,21,0,1,2,32,1
21,22,block1_K10,1,6,22,2,4,22,0,0,22,0,1,2,32,1
21,22,block1_K10,1,6,23,3,4,23,0,0,23,0,1,2,32,1
21,22,block1_K10,1,5,24,2,3,24,0,0,24,0,1,2,32,1
21,22,block1_K10,1,5,25,3,3,25,0,0,25,0,1,2,32,1
21,22,block1_K10,1,5,26,2,2,26,0,0,26,0,1,2,32,1
21,22,block1_K10,1,5,27,3,2,27,0,0,27,0,1,2,32,1
21,22,block1_K10,1,4,28,2,1,28,0,0,28,0,1,2,32,1
21,22,block1_K10,1,4,29,3,1,29,0,0,29,0,1,2,32,1
21,22,block1_K10,1,4,30,2,0,30,0,0,30,0,1,2,32,1
21,22,block1_K10,1,4,31,3,0,31,0,0,31,0,1,2,32,1
21,22,block1_K10,1,8,32,4,0,32,0,1,0,0,1,2,32,1
21,22,block1_K10,1,8,33,5,0,33,0,1,1,0,1,2,32,1
21,22,block1_K10,1,8,34,4,1,34,0,1,2,0,1,2,32,1
21,22,block1_K10,1,8,35,5,1,35,0,1,3,0,1,2,32,1
21,22,block1_K10,1,9,36,4,2,36,0,1,4,0,1,2,32,1
21,22,block1_K10,1,9,37,5,2,37,0,1,5,0,1,2,32,1
21,22,block1_K10,1,9,38,4,3,38,0,1,6,0,1,2,32,1
21,22,block1_K10,1,9,39,5,3,39,0,1,7,0,1,2,32,1
21,22,block1_K10,1,10,40,4,4,40,0,1,8,0,1,2,32,1
21,22,block1_K10,1,10,41,5,4,41,0,1,9,0,1,2,32,1
21,22,block1_K10,1,10,42,4,5,42,0,1,10,0,1,2,32,1
21,22,block1_K10,1,10,43,5,5,43,0,1,11,0,1,2,32,1
21,22,block1_K10,1,11,44,4,6,44,0,1,12,0,1,2,32,1
21,22,block1_K10,1,11,45,5,6,45,0,1,13,0,1,2,32,1
21,22,block1_K10,1,11,46,4,7,46,0,1,14,0,1,2,32,1
21,22,block1_K10,1,11,47,5,7,47,0,1,15,0,1,2,32,1
21,22,block1_K10,1,15,48,6,7,48,0,1,16,0,1,2,32,1
21,22,block1_K10,1,15,49,7,7,49,0,1,17,0,1,2,32,1
21,22,block1_K10,1,15,50,6,6,50,0,1,18,0,1,2,32,1
21,22,block1_K10,1,15,51,7,6,51,0,1,19,0,1,2,32,1
21,22,block1_K10,1,14,52,6,5,52,0,1,20,0,1,2,32,1
21,22,block1_K10,1,14,53,7,5,53,0,1,21,0,1,2,32,1
21,22,block1_K10,1,14,54,6,4,54,0,1,22,0,1,2,32,1
21,22,block1_K10,1,14,55,7,4,55,0,1,23,0,1,2,32,1
21,22,block1_K10,1,13,56,6,3,56,0,1,24,0,1,2,32,1
21,22,block1_K10,1,13,57,7,3,57,0,1,25,0,1,2,32,1
21,22,block1_K10,1,13,58,6,2,58,0,1,26,0,1,2,32,1
21,22,block1_K10,1,13,59,7,2,59,0,1,27,0,1,2,32,1
21,22,block1_K10,1,12,60,6,1,60,0,1,28,0,1,2,32,1
21,22,block1_K10,1,12,61,7,1,61,0,1,29,0,1,2,32,1
21,22,block1_K10,1,12,62,6,0,62,0,1,30,0,1,2,32,1
21,22,block1_K10,1,12,63,7,0,63,0,1,31,0,1,2,32,1
22,23,block1_Kt10,1,0,0,0,0,0,0,0,0,0,1,8,8,1
22,23,block1_Kt10,1,0,1,1,0,1,0,0,1,0,1,8,8,1
22,23,block1_Kt10,1,0,2,0,1,2,0,0,2,0,1,8,8,1
22,23,block1_Kt10,1,0,3,1,1,3,0,0,3,0,1,8,8,1
22,23,block1_Kt10,1,1,4,0,2,4,0,0,4,0,1,8,8,1
22,23,block1_Kt10,1,1,5,1,2,5,0,0,5,0,1,8,8,1
22,23,block1_Kt10,1,1,6,0,3,6,0,0,6,0,1,8,8,1
22,23,block1_Kt10,1,1,7,1,3,7,0,0,7,0,1,8,8,1
22,23,block1_Kt10,1,2,8,0,4,8,0,1,0,0,1,8,8,1
22,23,block1_Kt10,1,2,9,1,4,9,0,1,1,0,1,8,8,1
22,23,block1_Kt10,1,2,10,0,5,10,0,1,2,0,1,8,8,1
22,23,block1_Kt10,1,2,11,1,5,11,0,1,3,0,1,8,8,1
22,23,block1_Kt10,1,3,12,0,6,12,0,1,4,0,1,8,8,1
22,23,block1_Kt10,1,3,13,1,6,13,0,1,5,0,1,8,8,1
22,23,block1_Kt10,1,3,14,0,7,14,0,1,6,0,1,8,8,1
22,23,block1_Kt10,1,3,15,1,7,15,0,1,7,0,1,8,8,1
22,23,block1_Kt10,1,7,16,2,7,16,0,2,0,0,1,8,8,1
22,23,block1_Kt10,1,7,17,3,7,17,0,2,1,0,1,8,8,1
22,23,block1_Kt10,1,7,18,2,6,18,0,2,2,0,1,8,8,1
22,23,block1_Kt10,1,7,19,3,6,19,0,2,3,0,1,8,8,1
22,23,block1_Kt10,1,6,20,2,5,20,0,2,4,0,1,8,8,1
22,23,block1_Kt10,1,6,21,3,5,21,0,2,5,0,1,8,8,1
22,23,block1_Kt10,1,6,22,2,4,22,0,2,6,0,1,8,8,1
22,23,block1_Kt10,1,6,23,3,4,23,0,2,7,0,1,8,8,1
22,23,block1_Kt10,1,5,24,2,3,24,0,3,0,0,1,8,8,1
22,23,block1_Kt10,1,5,25,3,3,25,0,3,1,0,1,8,8,1
22,23,block1_Kt10,1,5,26,2,2,26,0,3,2,0,1,8,8,1
22,23,block1_Kt10,1,5,27,3,2,27,0,3,3,0,1,8,8,1
22,23,block1_Kt10,1,4,28,2,1,28,0,3,4,0,1,8,8,1
22,23,block1_Kt10,1,4,29,3,1,29,0,3,5,0,1,8,8,1
22,23,block1_Kt10,1,4,30,2,0,30,0,3,6,0,1,8,8,1
22,23,block1_Kt10,1,4,31,3,0,31,0,3,7,0,1,8,8,1
22,23,block1_Kt10,1,8,32,4,0,32,0,4,0,0,1,8,8,1
22,23,block1_Kt10,1,8,33,5,0,33,0,4,1,0,1,8,8,1
22,23,block1_Kt10,1,8,34,4,1,34,0,4,2,0,1,8,8,1
22,23,block1_Kt10,1,8,35,5,1,35,0,4,3,0,1,8,8,1
22,23,block1_Kt10,1,9,36,4,2,36,0,4,4,0,1,8,8,1
22,23,block1_Kt10,1,9,37,5,2,37,0,4,5,0,1,8,8,1
22,23,block1_Kt10,1,9,38,4,3,38,0,4,6,0,1,8,8,1
22,23,block1_Kt10,1,9,39,5,3,39,0,4,7,0,1,8,8,1
22,23,block1_Kt10,1,10,40,4,4,40,0,5,0,0,1,8,8,1
22,23,block1_Kt10,1,10,41,5,4,41,0,5,1,0,1,8,8,1
22,23,block1_Kt10,1,10,42,4,5,42,0,5,2,0,1,8,8,1
22,23,block1_Kt10,1,10,43,5,5,43,0,5,3,0,1,8,8,1
22,23,block1_Kt10,1,11,44,4,6,44,0,5,4,0,1,8,8,1
22,23,block1_Kt10,1,11,45,5,6,45,0,5,5,0,1,8,8,1
22,23,block1_Kt10,1,11,46,4,7,46,0,5,6,0,1,8,8,1
22,23,block1_Kt10,1,11,47,5,7,47,0,5,7,0,1,8,8,1
22,23,block1_Kt10,1,15,48,6,7,48,0,6,0,0,1,8,8,1
22,23,block1_Kt10,1,15,49,7,7,49,0,6,1,0,1,8,8,1
22,23,block1_Kt10,1,15,50,6,6,50,0,6,2,0,1,8,8,1
22,23,block1_Kt10,1,15,51,7,6,51,0,6,3,0,1,8,8,1
22,23,block1_Kt10,1,14,52,6,5,52,0,6,4,0,1,8,8,1
22,23,block1_Kt10,1,14,53,7,5,53,0,6,5,0,1,8,8,1
22,23,block1_Kt10,1,14,54,6,4,54,0,6,6,0,1,8,8,1
22,23,block1_Kt10,1,14,55,7,4,55,0,6,7,0,1,8,8,1
22,23,block1_Kt10,1,13,56,6,3,56,0,7,0,0,1,8,8,1
22,23,block1_Kt10,1,13,57,7,3,57,0,7,1,0,1,8,8,1
22,23,block1_Kt10,1,13,58,6,2,58,0,7,2,0,1,8,8,1
22,23,block1_Kt10,1,13,59,7,2,59,0,7,3,0,1,8,8,1
22,23,block1_Kt10,1,12,60,6,1,60,0,7,4,0,1,8,8,1
22,23,block1_Kt10,1,12,61,7,1,61,0,7,5,0,1,8,8,1
22,23,block1_Kt10,1,12,62,6,0,62,0,7,6,0,1,8,8,1
22,23,block1_Kt10,1,12,63,7,0,63,0,7,7,0,1,8,8,1
23,24,block1_K11,1,0,0,0,0,0,0,0,0,0,1,2,32,1
23,24,block1_K11,1,0,1,1,0,1,0,0,1,0,1,2,32,1
23,24,block1_K11,1,0,2,0,1,2,0,0,2,0,1,2,32,1
23,24,block1_K11,1,0,3,1,1,3,0,0,3,0,1,2,32,1
23,24,block1_K11,1,1,4,0,2,4,0,0,4,0,1,2,32,1
23,24,block1_K11,1,1,5,1,2,5,0,0,5,0,1,2,32,1
23,24,block1_K11,1,1,6,0,3,6,0,0,6,0,1,2,32,1
23,24,block1_K11,1,1,7,1,3,7,0,0,7,0,1,2,32,1
23,24,block1_K11,1,2,8,0,4,8,0,0,8,0,1,2,32,1
23,24,block1_K11,1,2,9,1,4,9,0,0,9,0,1,2,32,1
23,24,block1_K11,1,2,10,0,5,10,0,0,10,0,1,2,32,1
23,24,block1_K11,1,2,11,1,5,11,0,0,11,0,1,2,32,1
23,24,block1_K11,1,3,12,0,6,12,0,0,12,0,1,2,32,1
23,24,block1_K11,1,3,13,1,6,13,0,0,13,0,1,2,32,1
23,24,block1_K11,1,3,14,0,7,14,0,0,14,0,1,2,32,1
23,24,block1_K11,1,3,15,1,7,15,0,0,15,0,1,2,32,1
23,24,block1_K11,1,7,16,2,7,16,0,0,16,0,1,2,32,1
23,24,block1_K11,1,7,17,3,7,17,0,0,17,0,1,2,32,1
23,24,block1_K11,1,7,18,2,6,18,0,0,18,0,1,2,32,1
23,24,block1_K11,1,7,19,3,6,19,0,0,19,0,1,2,32,1
23,24,block1_K11,1,6,20,2,5,20,0,0,20,0,1,2,32,1
23,24,block1_K11,1,6,21,3,5,21,0,0,21,0,1,2,32,1
23,24,block1_K11,1,6,22,2,4,22,0,0,22,0,1,2,32,1
23,24,block1_K11,1,6,23,3,4,23,0,0,23,0,1,2,32,1
23,24,block1_K11,1,5,24,2,3,24,0,0,24,0,1,2,32,1
23,24,block1_K11,1,5,25,3,3,25,0,0,25,0,1,2,32,1
23,24,block1_K11,1,5,26,2,2,26,0,0,26,0,1,2,32,1
23,24,block1_K11,1,5,27,3,2,27,0,0,27,0,1,2,32,1
23,24,block1_K11,1,4,28,2,1,28,0,0,28,0,1,2,32,1
23,24,block1_K11,1,4,29,3,1,29,0,0,29,0,1,2,32,1
23,24,block1_K11,1,4,30,2,0,30,0,0,30,0,1,2,32,1
23,24,block1_K11,1,4,31,3,0,31,0,0,31,0,1,2,32,1
23,24,block1_K11,1,8,32,4,0,32,0,1,0,0,1,2,32,1
23,24,block1_K11,1,8,33,5,0,33,0,1,1,0,1,2,32,1
23,24,block1_K11,1,8,34,4,1,34,0,1,2,0,1,2,32,1
23,24,block1_K11,1,8,35,5,1,35,0,1,3,0,1,2,32,1
23,24,block1_K11,1,9,36,4,2,36,0,1,4,0,1,2,32,1
23,24,block1_K11,1,9,37,5,2,37,0,1,5,0,1,2,32,1
23,24,block1_K11,1,9,38,4,3,38,0,1,6,0,1,2,32,1
23,24,block1_K11,1,9,39,5,3,39,0,1,7,0,1,2,32,1
23,24,block1_K11,1,10,40,4,4,40,0,1,8,0,1,2,32,1
23,24,block1_K11,1,10,41,5,4,41,0,1,9,0,1,2,32,1
23,24,block1_K11,1,10,42,4,5,42,0,1,10,0,1,2,32,1
23,24,block1_K11,1,10,43,5,5,43,0,1,11,0,1,2,32,1
23,24,block1_K11,1,11,44,4,6,44,0,1,12,0,1,2,32,1
23,24,block1_K11,1,11,45,5,6,45,0,1,13,0,1,2,32,1
23,24,block1_K11,1,11,46,4,7,46,0,1,14,0,1,2,32,1
23,24,block1_K11,1,11,47,5,7,47,0,1,15,0,1,2,32,1
23,24,block1_K11,1,15,48,6,7,48,0,1,16,0,1,2,32,1
23,24,block1_K11,1,15,49,7,7,49,0,1,17,0,1,2,32,1
23,24,block1_K11,1,15,50,6,6,50,0,1,18,0,1,2,32,1
23,24,block1_K11,1,15,51,7,6,51,0,1,19,0,1,2,32,1
23,24,block1_K11,1,14,52,6,5,52,0,1,20,0,1,2,32,1
23,24,block1_K11,1,14,53,7,5,53,0,1,21,0,1,2,32,1
23,24,block1_K11,1,14,54,6,4,54,0,1,22,0,1,2,32,1
23,24,block1_K11,1,14,55,7,4,55,0,1,23,0,1,2,32,1
23,24,block1_K11,1,13,56,6,3,56,0,1,24,0,1,2,32,1
23,24,block1_K11,1,13,57,7,3,57,0,1,25,0,1,2,32,1
23,24,block1_K11,1,13,58,6,2,58,0,1,26,0,1,2,32,1
23,24,block1_K11,1,13,59,7,2,59,0,1,27,0,1,2,32,1
23,24,block1_K11,1,12,60,6,1,60,0,1,28,0,1,2,32,1
23,24,block1_K11,1,12,61,7,1,61,0,1,29,0,1,2,32,1
23,24,block1_K11,1,12,62,6,0,62,0,1,30,0,1,2,32,1
23,24,block1_K11,1,12,63,7,0,63,0,1,31,0,1,2,32,1
24,25,block1_Kt11,1,0,0,0,0,0,0,0,0,0,1,8,8,1
24,25,block1_Kt11,1,0,1,1,0,1,0,0,1,0,1,8,8,1
24,25,block1_Kt11,1,0,2,0,1,2,0,0,2,0,1,8,8,1
24,25,block1_Kt11,1,0,3,1,1,3,0,0,3,0,1,8,8,1
24,25,block1_Kt11,1,1,4,0,2,4,0,0,4,0,1,8,8,1
24,25,block1_Kt11,1,1,5,1,2,5,0,0,5,0,1,8,8,1
24,25,block1_Kt11,1,1,6,0,3,6,0,0,6,0,1,8,8,1
24,25,block1_Kt11,1,1,7,1,3,7,0,0,7,0,1,8,8,1
24,25,block1_Kt11,1,2,8,0,4,8,0,1,0,0,1,8,8,1
24,25,block1_Kt11,1,2,9,1,4,9,0,1,1,0,1,8,8,1
24,25,block1_Kt11,1,2,10,0,5,10,0,1,2,0,1,8,8,1
24,25,block1_Kt11,1,2,11,1,5,11,0,1,3,0,1,8,8,1
24,25,block1_Kt11,1,3,12,0,6,12,0,1,4,0,1,8,8,1
24,25,block1_Kt11,1,3,13,1,6,13,0,1,5,0,1,8,8,1
24,25,block1_Kt11,1,3,14,0,7,14,0,1,6,0,1,8,8,1
24,25,block1_Kt11,1,3,15,1,7,15,0,1,7,0,1,8,8,1
24,25,block1_Kt11,1,7,16,2,7,16,0,2,0,0,1,8,8,1
24,25,block1_Kt11,1,7,17,3,7,17,0,2,1,0,1,8,8,1
24,25,block1_Kt11,1,7,18,2,6,18,0,2,2,0,1,8,8,1
24,25,block1_Kt11,1,7,19,3,6,19,0,2,3,0,1,8,8,1
24,25,block1_Kt11,1,6,20,2,5,20,0,2,4,0,1,8,8,1
24,25,block1_Kt11,1,6,21,3,5,21,0,2,5,0,1,8,8,1
24,25,block1_Kt11,1,6,22,2,4,22,0,2,6,0,1,8,8,1
24,25,block1_Kt11,1,6,23,3,4,23,0,2,7,0,1,8,8,1
24,25,block1_Kt11,1,5,24,2,3,24,0,3,0,0,1,8,8,1
24,25,block1_Kt11,1,5,25,3,3,25,0,3,1,0,1,8,8,1
24,25,block1_Kt11,1,5,26,2,2,26,0,3,2,0,1,8,8,1
24,25,block1_Kt11,1,5,27,3,2,27,0,3,3,0,1,8,8,1
24,25,block1_Kt11,1,4,28,2,1,28,0,3,4,0,1,8,8,1
24,25,block1_Kt11,1,4,29,3,1,29,0,3,5,0,1,8,8,1
24,25,block1_Kt11,1,4,30,2,0,30,0,3,6,0,1,8,8,1
24,25,block1_Kt11,1,4,31,3,0,31,0,3,7,0,1,8,8,1
24,25,block1_Kt11,1,8,32,4,0,32,0,4,0,0,1,8,8,1
24,25,block1_Kt11,1,8,33,5,0,33,0,4,1,0,1,8,8,1
24,25,block1_Kt11,1,8,34,4,1,34,0,4,2,0,1,8,8,1
24,25,block1_Kt11,1,8,35,5,1,35,0,4,3,0,1,8,8,1
24,25,block1_Kt11,1,9,36,4,2,36,0,4,4,0,1,8,8,1
24,25,block1_Kt11,1,9,37,5,2,37,0,4,5,0,1,8,8,1
24,25,block1_Kt11,1,9,38,4,3,38,0,4,6,0,1,8,8,1
24,25,block1_Kt11,1,9,39,5,3,39,0,4,7,0,1,8,8,1
24,25,block1_Kt11,1,10,40,4,4,40,0,5,0,0,1,8,8,1
24,25,block1_Kt11,1,10,41,5,4,41,0,5,1,0,1,8,8,1
24,25,block1_Kt11,1,10,42,4,5,42,0,5,2,0,1,8,8,1
24,25,block1_Kt11,1,10,43,5,5,43,0,5,3,0,1,8,8,1
24,25,block1_Kt11,1,11,44,4,6,44,0,5,4,0,1,8,8,1
24,25,block1_Kt11,1,11,45,5,6,45,0,5,5,0,1,8,8,1
24,25,block1_Kt11,1,11,46,4,7,46,0,5,6,0,1,8,8,1
24,25,block1_Kt11,1,11,47,5,7,47,0,5,7,0,1,8,8,1
24,25,block1_Kt11,1,15,48,6,7,48,0,6,0,0,1,8,8,1
24,25,block1_Kt11,1,15,49,7,7,49,0,6,1,0,1,8,8,1
24,25,block1_Kt11,1,15,50,6,6,50,0,6,2,0,1,8,8,1
24,25,block1_Kt11,1,15,51,7,6,51,0,6,3,0,1,8,8,1
24,25,block1_Kt11,1,14,52,6,5,52,0,6,4,0,1,8,8,1
24,25,block1_Kt11,1,14,53,7,5,53,0,6,5,0,1,8,8,1
24,25,block1_Kt11,1,14,54,6,4,54,0,6,6,0,1,8,8,1
24,25,block1_Kt11,1,14,55,7,4,55,0,6,7,0,1,8,8,1
24,25,block1_Kt11,1,13,56,6,3,56,0,7,0,0,1,8,8,1
24,25,block1_Kt11,1,13,57,7,3,57,0,7,1,0,1,8,8,1
24,25,block1_Kt11,1,13,58,6,2,58,0,7,2,0,1,8,8,1
24,25,block1_Kt11,1,13,59,7,2,59,0,7,3,0,1,8,8,1
24,25,block1_Kt11,1,12,60,6,1,60,0,7,4,0,1,8,8,1
24,25,block1_Kt11,1,12,61,7,1,61,0,7,5,0,1,8,8,1
24,25,block1_Kt11,1,12,62,6,0,62,0,7,6,0,1,8,8,1
24,25,block1_Kt11,1,12,63,7,0,63,0,7,7,0,1,8,8,1
25,26,block1_K12,1,0,0,0,0,0,0,0,0,0,1,2,32,1
25,26,block1_K12,1,0,1,1,0,1,0,0,1,0,1,2,32,1
25,26,block1_K12,1,0,2,0,1,2,0,0,2,0,1,2,32,1
25,26,block1_K12,1,0,3,1,1,3,0,0,3,0,1,2,32,1
25,26,block1_K12,1,1,4,0,2,4,0,0,4,0,1,2,32,1
25,26,block1_K12,1,1,5,1,2,5,0,0,5,0,1,2,32,1
25,26,block1_K12,1,1,6,0,3,6,0,0,6,0,1,2,32,1
25,26,block1_K12,1,1,7,1,3,7,0,0,7,0,1,2,32,1
25,26,block1_K12,1,2,8,0,4,8,0,0,8,0,1,2,32,1
25,26,block1_K12,1,2,9,1,4,9,0,0,9,0,1,2,32,1
25,26,block1_K12,1,2,10,0,5,10,0,0,10,0,1,2,32,1
25,26,block1_K12,1,2,11,1,5,11,0,0,11,0,1,2,32,1
25,26,block1_K12,1,3,12,0,6,12,0,0,12,0,1,2,32,1
25,26,block1_K12,1,3,13,1,6,13,0,0,13,0,1,2,32,1
25,26,block1_K12,1,3,14,0,7,14,0,0,14,0,1,2,32,1
25,26,block1_K12,1,3,15,1,7,15,0,0,15,0,1,2,32,1
25,26,block1_K12,1,7,16,2,7,16,0,0,16,0,1,2,32,1
25,26,block1_K12,1,7,17,3,7,17,0,0,17,0,1,2,32,1
25,26,block1_K12,1,7,18,2,6,18,0,0,18,0,1,2,32,1
25,26,block1_K12,1,7,19,3,6,19,0,0,19,0,1,2,32,1
25,26,block1_K12,1,6,20,2,5,20,0,0,20,0,1,2,32,1
25,26,block1_K12,1,6,21,3,5,21,0,0,21,0,1,2,32,1
25,26,block1_K12,1,6,22,2,4,22,0,0,22,0,1,2,32,1
25,26,block1_K12,1,6,23,3,4,23,0,0,23,0,1,2,32,1
25,26,block1_K12,1,5,24,2,3,24,0,0,24,0,1,2,32,1
25,26,block1_K12,1,5,25,3,3,25,0,0,25,0,1,2,32,1
25,26,block1_K12,1,5,26,2,2,26,0,0,26,0,1,2,32,1
25,26,block1_K12,1,5,27,3,2,27,0,0,27,0,1,2,32,1
25,26,block1_K12,1,4,28,2,1,28,0,0,28,0,1,2,32,1
25,26,block1_K12,1,4,29,3,1,29,0,0,29,0,1,2,32,1
25,26,block1_K12,1,4,30,2,0,30,0,0,30,0,1,2,32,1
25,26,block1_K12,1,4,31,3,0,31,0,0,31,0,1,2,32,1
25,26,block1_K12,1,8,32,4,0,32,0,1,0,0,1,2,32,1
25,26,block1_K12,1,8,33,5,0,33,0,1,1,0,1,2,32,1
25,26,block1_K12,1,8,34,4,1,34,0,1,2,0,1,2,32,1
25,26,block1_K12,1,8,35,5,1,35,0,1,3,0,1,2,32,1
25,26,block1_K12,1,9,36,4,2,36,0,1,4,0,1,2,32,1
25,26,block1_K12,1,9,37,5,2,37,0,1,5,0,1,2,32,1
25,26,block1_K12,1,9,38,4,3,38,0,1,6,0,1,2,32,1
25,26,block1_K12,1,9,39,5,3,39,0,1,7,0,1,2,32,1
25,26,block1_K12,1,10,40,4,4,40,0,1,8,0,1,2,32,1
25,26,block1_K12,1,10,41,5,4,41,0,1,9,0,1,2,32,1
25,26,block1_K12,1,10,42,4,5,42,0,1,10,0,1,2,32,1
25,26,block1_K12,1,10,43,5,5,43,0,1,11,0,1,2,32,1
25,26,block1_K12,1,11,44,4,6,44,0,1,12,0,1,2,32,1
25,26,block1_K12,1,11,45,5,6,45,0,1,13,0,1,2,32,1
25,26,block1_K12,1,11,46,4,7,46,0,1,14,0,1,2,32,1
25,26,block1_K12,1,11,47,5,7,47,0,1,15,0,1,2,32,1
25,26,block1_K12,1,15,48,6,7,48,0,1,16,0,1,2,32,1
25,26,block1_K12,1,15,49,7,7,49,0,1,17,0,1,2,32,1
25,26,block1_K12,1,15,50,6,6,50,0,1,18,0,1,2,32,1
25,26,block1_K12,1,15,51,7,6,51,0,1,19,0,1,2,32,1
25,26,block1_K12,1,14,52,6,5,52,0,1,20,0,1,2,32,1
25,26,block1_K12,1,14,53,7,5,53,0,1,21,0,1,2,32,1
25,26,block1_K12,1,14,54,6,4,54,0,1,22,0,1,2,32,1
25,26,block1_K12,1,14,55,7,4,55,0,1,23,0,1,2,32,1
25,26,block1_K12,1,13,56,6,3,56,0,1,24,0,1,2,32,1
25,26,block1_K12,1,13,57,7,3,57,0,1,25,0,1,2,32,1
25,26,block1_K12,1,13,58,6,2,58,0,1,26,0,1,2,32,1
25,26,block1_K12,1,13,59,7,2,59,0,1,27,0,1,2,32,1
25,26,block1_K12,1,12,60,6,1,60,0,1,28,0,1,2,32,1
25,26,block1_K12,1,12,61,7,1,61,0,1,29,0,1,2,32,1
25,26,block1_K12,1,12,62,6,0,62,0,1,30,0,1,2,32,1
25,26,block1_K12,1,12,63,7,0,63,0,1,31,0,1,2,32,1
26,27,block1_Kt12,1,0,0,0,0,0,0,0,0,0,1,8,8,1
26,27,block1_Kt12,1,0,1,1,0,1,0,0,1,0,1,8,8,1
26,27,block1_Kt12,1,0,2,0,1,2,0,0,2,0,1,8,8,1
26,27,block1_Kt12,1,0,3,1,1,3,0,0,3,0,1,8,8,1
26,27,block1_Kt12,1,1,4,0,2,4,0,0,4,0,1,8,8,1
26,27,block1_Kt12,1,1,5,1,2,5,0,0,5,0,1,8,8,1
26,27,block1_Kt12,1,1,6,0,3,6,0,0,6,0,1,8,8,1
26,27,block1_Kt12,1,1,7,1,3,7,0,0,7,0,1,8,8,1
26,27,block1_Kt12,1,2,8,0,4,8,0,1,0,0,1,8,8,1
26,27,block1_Kt12,1,2,9,1,4,9,0,1,1,0,1,8,8,1
26,27,block1_Kt12,1,2,10,0,5,10,0,1,2,0,1,8,8,1
26,27,block1_Kt12,1,2,11,1,5,11,0,1,3,0,1,8,8,1
26,27,block1_Kt12,1,3,12,0,6,12,0,1,4,0,1,8,8,1
26,27,block1_Kt12,1,3,13,1,6,13,0,1,5,0,1,8,8,1
26,27,block1_Kt12,1,3,14,0,7,14,0,1,6,0,1,8,8,1
26,27,block1_Kt12,1,3,15,1,7,15,0,1,7,0,1,8,8,1
26,27,block1_Kt12,1,7,16,2,7,16,0,2,0,0,1,8,8,1
26,27,block1_Kt12,1,7,17,3,7,17,0,2,1,0,1,8,8,1
26,27,block1_Kt12,1,7,18,2,6,18,0,2,2,0,1,8,8,1
26,27,block1_Kt12,1,7,19,3,6,19,0,2,3,0,1,8,8,1
26,27,block1_Kt12,1,6,20,2,5,20,0,2,4,0,1,8,8,1
26,27,block1_Kt12,1,6,21,3,5,21,0,2,5,0,1,8,8,1
26,27,block1_Kt12,1,6,22,2,4,22,0,2,6,0,1,8,8,1
26,27,block1_Kt12,1,6,23,3,4,23,0,2,7,0,1,8,8,1
26,27,block1_Kt12,1,5,24,2,3,24,0,3,0,0,1,8,8,1
26,27,block1_Kt12,1,5,25,3,3,25,0,3,1,0,1,8,8,1
26,27,block1_Kt12,1,5,26,2,2,26,0,3,2,0,1,8,8,1
26,27,block1_Kt12,1,5,27,3,2,27,0,3,3,0,1,8,8,1
26,27,block1_Kt12,1,4,28,2,1,28,0,3,4,0,1,8,8,1
26,27,block1_Kt12,1,4,29,3,1,29,0,3,5,0,1,8,8,1
26,27,block1_Kt12,1,4,30,2,0,30,0,3,6,0,1,8,8,1
26,27,block1_Kt12,1,4,31,3,0,31,0,3,7,0,1,8,8,1
26,27,block1_Kt12,1,8,32,4,0,32,0,4,0,0,1,8,8,1
26,27,block1_Kt12,1,8,33,5,0,33,0,4,1,0,1,8,8,1
26,27,block1_Kt12,1,8,34,4,1,34,0,4,2,0,1,8,8,1
26,27,block1_Kt12,1,8,35,5,1,35,0,4,3,0,1,8,8,1
26,27,block1_Kt12,1,9,36,4,2,36,0,4,4,0,1,8,8,1
26,27,block1_Kt12,1,9,37,5,2,37,0,4,5,0,1,8,8,1
26,27,block1_Kt12,1,9,38,4,3,38,0,4,6,0,1,8,8,1
26,27,block1_Kt12,1,9,39,5,3,39,0,4,7,0,1,8,8,1
26,27,block1_Kt12,1,10,40,4,4,40,0,5,0,0,1,8,8,1
26,27,block1_Kt12,1,10,41,5,4,41,0,5,1,0,1,8,8,1
26,27,block1_Kt12,1,10,42,4,5,42,0,5,2,0,1,8,8,1
26,27,block1_Kt12,1,10,43,5,5,43,0,5,3,0,1,8,8,1
26,27,block1_Kt12,1,11,44,4,6,44,0,5,4,0,1,8,8,1
26,27,block1_Kt12,1,11,45,5,6,45,0,5,5,0,1,8,8,1
26,27,block1_Kt12,1,11,46,4,7,46,0,5,6,0,1,8,8,1
26,27,block1_Kt12,1,11,47,5,7,47,0,5,7,0,1,8,8,1
26,27,block1_Kt12,1,15,48,6,7,48,0,6,0,0,1,8,8,1
26,27,block1_Kt12,1,15,49,7,7,49,0,6,1,0,1,8,8,1
26,27,block1_Kt12,1,15,50,6,6,50,0,6,2,0,1,8,8,1
26,27,block1_Kt12,1,15,51,7,6,51,0,6,3,0,1,8,8,1
26,27,block1_Kt12,1,14,52,6,5,52,0,6,4,0,1,8,8,1
26,27,block1_Kt12,1,14,53,7,5,53,0,6,5,0,1,8,8,1
26,27,block1_Kt12,1,14,54,6,4,54,0,6,6,0,1,8,8,1
26,27,block1_Kt12,1,14,55,7,4,55,0,6,7,0,1,8,8,1
26,27,block1_Kt12,1,13,56,6,3,56,0,7,0,0,1,8,8,1
26,27,block1_Kt12,1,13,57,7,3,57,0,7,1,0,1,8,8,1
26,27,block1_Kt12,1,13,58,6,2,58,0,7,2,0,1,8,8,1
26,27,block1_Kt12,1,13,59,7,2,59,0,7,3,0,1,8,8,1
26,27,block1_Kt12,1,12,60,6,1,60,0,7,4,0,1,8,8,1
26,27,block1_Kt12,1,12,61,7,1,61,0,7,5,0,1,8,8,1
26,27,block1_Kt12,1,12,62,6,0,62,0,7,6,0,1,8,8,1
26,27,block1_Kt12,1,12,63,7,0,63,0,7,7,0,1,8,8,1
27,28,block1_K13,1,0,0,0,0,0,0,0,0,0,1,2,32,1
27,28,block1_K13,1,0,1,1,0,1,0,0,1,0,1,2,32,1
27,28,block1_K13,1,0,2,0,1,2,0,0,2,0,1,2,32,1
27,28,block1_K13,1,0,3,1,1,3,0,0,3,0,1,2,32,1
27,28,block1_K13,1,1,4,0,2,4,0,0,4,0,1,2,32,1
27,28,block1_K13,1,1,5,1,2,5,0,0,5,0,1,2,32,1
27,28,block1_K13,1,1,6,0,3,6,0,0,6,0,1,2,32,1
27,28,block1_K13,1,1,7,1,3,7,0,0,7,0,1,2,32,1
27,28,block1_K13,1,2,8,0,4,8,0,0,8,0,1,2,32,1
27,28,block1_K13,1,2,9,1,4,9,0,0,9,0,1,2,32,1
27,28,block1_K13,1,2,10,0,5,10,0,0,10,0,1,2,32,1
27,28,block1_K13,1,2,11,1,5,11,0,0,11,0,1,2,32,1
27,28,block1_K13,1,3,12,0,6,12,0,0,12,0,1,2,32,1
27,28,block1_K13,1,3,13,1,6,13,0,0,13,0,1,2,32,1
27,28,block1_K13,1,3,14,0,7,14,0,0,14,0,1,2,32,1
27,28,block1_K13,1,3,15,1,7,15,0,0,15,0,1,2,32,1
27,28,block1_K13,1,7,16,2,7,16,0,0,16,0,1,2,32,1
27,28,block1_K13,1,7,17,3,7,17,0,0,17,0,1,2,32,1
27,28,block1_K13,1,7,18,2,6,18,0,0,18,0,1,2,32,1
27,28,block1_K13,1,7,19,3,6,19,0,0,19,0,1,2,32,1
27,28,block1_K13,1,6,20,2,5,20,0,0,20,0,1,2,32,1
27,28,block1_K13,1,6,21,3,5,21,0,0,21,0,1,2,32,1
27,28,block1_K13,1,6,22,2,4,22,0,0,22,0,1,2,32,1
27,28,block1_K13,1,6,23,3,4,23,0,0,23,0,1,2,32,1
27,28,block1_K13,1,5,24,2,3,24,0,0,24,0,1,2,32,1
27,28,block1_K13,1,5,25,3,3,25,0,0,25,0,1,2,32,1
27,28,block1_K13,1,5,26,2,2,26,0,0,26,0,1,2,32,1
27,28,block1_K13,1,5,27,3,2,27,0,0,27,0,1,2,32,1
27,28,block1_K13,1,4,28,2,1,28,0,0,28,0,1,2,32,1
27,28,block1_K13,1,4,29,3,1,29,0,0,29,0,1,2,32,1
27,28,block1_K13,1,4,30,2,0,30,0,0,30,0,1,2,32,1
27,28,block1_K13,1,4,31,3,0,31,0,0,31,0,1,2,32,1
27,28,block1_K13,1,8,32,4,0,32,0,1,0,0,1,2,32,1
27,28,block1_K13,1,8,33,5,0,33,0,1,1,0,1,2,32,1
27,28,block1_K13,1,8,34,4,1,34,0,1,2,0,1,2,32,1
27,28,block1_K13,1,8,35,5,1,35,0,1,3,0,1,2,32,1
27,28,block1_K13,1,9,36,4,2,36,0,1,4,0,1,2,32,1
27,28,block1_K13,1,9,37,5,2,37,0,1,5,0,1,2,32,1
27,28,block1_K13,1,9,38,4,3,38,0,1,6,0,1,2,32,1
27,28,block1_K13,1,9,39,5,3,39,0,1,7,0,1,2,32,1
27,28,block1_K13,1,10,40,4,4,40,0,1,8,0,1,2,32,1
27,28,block1_K13,1,10,41,5,4,41,0,1,9,0,1,2,32,1
27,28,block1_K13,1,10,42,4,5,42,0,1,10,0,1,2,32,1
27,28,block1_K13,1,10,43,5,5,43,0,1,11,0,1,2,32,1
27,28,block1_K13,1,11,44,4,6,44,0,1,12,0,1,2,32,1
27,28,block1_K13,1,11,45,5,6,45,0,1,13,0,1,2,32,1
27,28,block1_K13,1,11,46,4,7,46,0,1,14,0,1,2,32,1
27,28,block1_K13,1,11,47,5,7,47,0,1,15,0,1,2,32,1
27,28,block1_K13,1,15,48,6,7,48,0,1,16,0,1,2,32,1
27,28,block1_K13,1,15,49,7,7,49,0,1,17,0,1,2,32,1
27,28,block1_K13,1,15,50,6,6,50,0,1,18,0,1,2,32,1
27,28,block1_K13,1,15,51,7,6,51,0,1,19,0,1,2,32,1
27,28,block1_K13,1,14,52,6,5,52,0,1,20,0,1,2,32,1
27,28,block1_K13,1,14,53,7,5,53,0,1,21,0,1,2,32,1
27,28,block1_K13,1,14,54,6,4,54,0,1,22,0,1,2,32,1
27,28,block1_K13,1,14,55,7,4,55,0,1,23,0,1,2,32,1
27,28,block1_K13,1,13,56,6,3,56,0,1,24,0,1,2,32,1
27,28,block1_K13,1,13,57,7,3,57,0,1,25,0,1,2,32,1
27,28,block1_K13,1,13,58,6,2,58,0,1,26,0,1,2,32,1
27,28,block1_K13,1,13,59,7,2,59,0,1,27,0,1,2,32,1
27,28,block1_K13,1,12,60,6,1,60,0,1,28,0,1,2,32,1
27,28,block1_K13,1,12,61,7,1,61,0,1,29,0,1,2,32,1
27,28,block1_K13,1,12,62,6,0,62,0,1,30,0,1,2,32,1
27,28,block1_K13,1,12,63,7,0,63,0,1,31,0,1,2,32,1
28,29,block1_Kt13,1,0,0,0,0,0,0,0,0,0,1,8,8,1
28,29,block1_Kt13,1,0,1,1,0,1,0,0,1,0,1,8,8,1
28,29,block1_Kt13,1,0,2,0,1,2,0,0,2,0,1,8,8,1
28,29,block1_Kt13,1,0,3,1,1,3,0,0,3,0,1,8,8,1
28,29,block1_Kt13,1,1,4,0,2,4,0,0,4,0,1,8,8,1
28,29,block1_Kt13,1,1,5,1,2,5,0,0,5,0,1,8,8,1
28,29,block1_Kt13,1,1,6,0,3,6,0,0,6,0,1,8,8,1
28,29,block1_Kt13,1,1,7,1,3,7,0,0,7,0,1,8,8,1
28,29,block1_Kt13,1,2,8,0,4,8,0,1,0,0,1,8,8,1
28,29,block1_Kt13,1,2,9,1,4,9,0,1,1,0,1,8,8,1
28,29,block1_Kt13,1,2,10,0,5,10,0,1,2,0,1,8,8,1
28,29,block1_Kt13,1,2,11,1,5,11,0,1,3,0,1,8,8,1
28,29,block1_Kt13,1,3,12,0,6,12,0,1,4,0,1,8,8,1
28,29,block1_Kt13,1,3,13,1,6,13,0,1,5,0,1,8,8,1
28,29,block1_Kt13,1,3,14,0,7,14,0,1,6,0,1,8,8,1
28,29,block1_Kt13,1,3,15,1,7,15,0,1,7,0,1,8,8,1
28,29,block1_Kt13,1,7,16,2,7,16,0,2,0,0,1,8,8,1
28,29,block1_Kt13,1,7,17,3,7,17,0,2,1,0,1,8,8,1
28,29,block1_Kt13,1,7,18,2,6,18,0,2,2,0,1,8,8,1
28,29,block1_Kt13,1,7,19,3,6,19,0,2,3,0,1,8,8,1
28,29,block1_Kt13,1,6,20,2,5,20,0,2,4,0,1,8,8,1
28,29,block1_Kt13,1,6,21,3,5,21,0,2,5,0,1,8,8,1
28,29,block1_Kt13,1,6,22,2,4,22,0,2,6,0,1,8,8,1
28,29,block1_Kt13,1,6,23,3,4,23,0,2,7,0,1,8,8,1
28,29,block1_Kt13,1,5,24,2,3,24,0,3,0,0,1,8,8,1
28,29,block1_Kt13,1,5,25,3,3,25,0,3,1,0,1,8,8,1
28,29,block1_Kt13,1,5,26,2,2,26,0,3,2,0,1,8,8,1
28,29,block1_Kt13,1,5,27,3,2,27,0,3,3,0,1,8,8,1
28,29,block1_Kt13,1,4,28,2,1,28,0,3,4,0,1,8,8,1
28,29,block1_Kt13,1,4,29,3,1,29,0,3,5,0,1,8,8,1
28,29,block1_Kt13,1,4,30,2,0,30,0,3,6,0,1,8,8,1
28,29,block1_Kt13,1,4,31,3,0,31,0,3,7,0,1,8,8,1
28,29,block1_Kt13,1,8,32,4,0,32,0,4,0,0,1,8,8,1
28,29,block1_Kt13,1,8,33,5,0,33,0,4,1,0,1,8,8,1
28,29,block1_Kt13,1,8,34,4,1,34,0,4,2,0,1,8,8,1
28,29,block1_Kt13,1,8,35,5,1,35,0,4,3,0,1,8,8,1
28,29,block1_Kt13,1,9,36,4,2,36,0,4,4,0,1,8,8,1
28,29,block1_Kt13,1,9,37,5,2,37,0,4,5,0,1,8,8,1
28,29,block1_Kt13,1,9,38,4,3,38,0,4,6,0,1,8,8,1
28,29,block1_Kt13,1,9,39,5,3,39,0,4,7,0,1,8,8,1
28,29,block1_Kt13,1,10,40,4,4,40,0,5,0,0,1,8,8,1
28,29,block1_Kt13,1,10,41,5,4,41,0,5,1,0,1,8,8,1
28,29,block1_Kt13,1,10,42,4,5,42,0,5,2,0,1,8,8,1
28,29,block1_Kt13,1,10,43,5,5,43,0,5,3,0,1,8,8,1
28,29,block1_Kt13,1,11,44,4,6,44,0,5,4,0,1,8,8,1
28,29,block1_Kt13,1,11,45,5,6,45,0,5,5,0,1,8,8,1
28,29,block1_Kt13,1,11,46,4,7,46,0,5,6,0,1,8,8,1
28,29,block1_Kt13,1,11,47,5,7,47,0,5,7,0,1,8,8,1
28,29,block1_Kt13,1,15,48,6,7,48,0,6,0,0,1,8,8,1
28,29,block1_Kt13,1,15,49,7,7,49,0,6,1,0,1,8,8,1
28,29,block1_Kt13,1,15,50,6,6,50,0,6,2,0,1,8,8,1
28,29,block1_Kt13,1,15,51,7,6,51,0,6,3,0,1,8,8,1
28,29,block1_Kt13,1,14,52,6,5,52,0,6,4,0,1,8,8,1
28,29,block1_Kt13,1,14,53,7,5,53,0,6,5,0,1,8,8,1
28,29,block1_Kt13,1,14,54,6,4,54,0,6,6,0,1,8,8,1
28,29,block1_Kt13,1,14,55,7,4,55,0,6,7,0,1,8,8,1
28,29,block1_Kt13,1,13,56,6,3,56,0,7,0,0,1,8,8,1
28,29,block1_Kt13,1,13,57,7,3,57,0,7,1,0,1,8,8,1
28,29,block1_Kt13,1,13,58,6,2,58,0,7,2,0,1,8,8,1
28,29,block1_Kt13,1,13,59,7,2,59,0,7,3,0,1,8,8,1
28,29,block1_Kt13,1,12,60,6,1,60,0,7,4,0,1,8,8,1
28,29,block1_Kt13,1,12,61,7,1,61,0,7,5,0,1,8,8,1
28,29,block1_Kt13,1,12,62,6,0,62,0,7,6,0,1,8,8,1
28,29,block1_Kt13,1,12,63,7,0,63,0,7,7,0,1,8,8,1
29,30,block1_K14,1,0,0,0,0,0,0,0,0,0,1,2,32,1
29,30,block1_K14,1,0,1,1,0,1,0,0,1,0,1,2,32,1
29,30,block1_K14,1,0,2,0,1,2,0,0,2,0,1,2,32,1
29,30,block1_K14,1,0,3,1,1,3,0,0,3,0,1,2,32,1
29,30,block1_K14,1,1,4,0,2,4,0,0,4,0,1,2,32,1
29,30,block1_K14,1,1,5,1,2,5,0,0,5,0,1,2,32,1
29,30,block1_K14,1,1,6,0,3,6,0,0,6,0,1,2,32,1
29,30,block1_K14,1,1,7,1,3,7,0,0,7,0,1,2,32,1
29,30,block1_K14,1,2,8,0,4,8,0,0,8,0,1,2,32,1
29,30,block1_K14,1,2,9,1,4,9,0,0,9,0,1,2,32,1
29,30,block1_K14,1,2,10,0,5,10,0,0,10,0,1,2,32,1
29,30,block1_K14,1,2,11,1,5,11,0,0,11,0,1,2,32,1
29,30,block1_K14,1,3,12,0,6,12,0,0,12,0,1,2,32,1
29,30,block1_K14,1,3,13,1,6,13,0,0,13,0,1,2,32,1
29,30,block1_K14,1,3,14,0,7,14,0,0,14,0,1,2,32,1
29,30,block1_K14,1,3,15,1,7,15,0,0,15,0,1,2,32,1
29,30,block1_K14,1,7,16,2,7,16,0,0,16,0,1,2,32,1
29,30,block1_K14,1,7,17,3,7,17,0,0,17,0,1,2,32,1
29,30,block1_K14,1,7,18,2,6,18,0,0,18,0,1,2,32,1
29,30,block1_K14,1,7,19,3,6,19,0,0,19,0,1,2,32,1
29,30,block1_K14,1,6,20,2,5,20,0,0,20,0,1,2,32,1
29,30,block1_K14,1,6,21,3,5,21,0,0,21,0,1,2,32,1
29,30,block1_K14,1,6,22,2,4,22,0,0,22,0,1,2,32,1
29,30,block1_K14,1,6,23,3,4,23,0,0,23,0,1,2,32,1
29,30,block1_K14,1,5,24,2,3,24,0,0,24,0,1,2,32,1
29,30,block1_K14,1,5,25,3,3,25,0,0,25,0,1,2,32,1
29,30,block1_K14,1,5,26,2,2,26,0,0,26,0,1,2,32,1
29,30,block1_K14,1,5,27,3,2,27,0,0,27,0,1,2,32,1
29,30,block1_K14,1,4,28,2,1,28,0,0,28,0,1,2,32,1
29,30,block1_K14,1,4,29,3,1,29,0,0,29,0,1,2,32,1
29,30,block1_K14,1,4,30,2,0,30,0,0,30,0,1,2,32,1
29,30,block1_K14,1,4,31,3,0,31,0,0,31,0,1,2,32,1
29,30,block1_K14,1,8,32,4,0,32,0,1,0,0,1,2,32,1
29,30,block1_K14,1,8,33,5,0,33,0,1,1,0,1,2,32,1
29,30,block1_K14,1,8,34,4,1,34,0,1,2,0,1,2,32,1
29,30,block1_K14,1,8,35,5,1,35,0,1,3,0,1,2,32,1
29,30,block1_K14,1,9,36,4,2,36,0,1,4,0,1,2,32,1
29,30,block1_K14,1,9,37,5,2,37,0,1,5,0,1,2,32,1
29,30,block1_K14,1,9,38,4,3,38,0,1,6,0,1,2,32,1
29,30,block1_K14,1,9,39,5,3,39,0,1,7,0,1,2,32,1
29,30,block1_K14,1,10,40,4,4,40,0,1,8,0,1,2,32,1
29,30,block1_K14,1,10,41,5,4,41,0,1,9,0,1,2,32,1
29,30,block1_K14,1,10,42,4,5,42,0,1,10,0,1,2,32,1
29,30,block1_K14,1,10,43,5,5,43,0,1,11,0,1,2,32,1
29,30,block1_K14,1,11,44,4,6,44,0,1,12,0,1,2,32,1
29,30,block1_K14,1,11,45,5,6,45,0,1,13,0,1,2,32,1
29,30,block1_K14,1,11,46,4,7,46,0,1,14,0,1,2,32,1
29,30,block1_K14,1,11,47,5,7,47,0,1,15,0,1,2,32,1
29,30,block1_K14,1,15,48,6,7,48,0,1,16,0,1,2,32,1
29,30,block1_K14,1,15,49,7,7,49,0,1,17,0,1,2,32,1
29,30,block1_K14,1,15,50,6,6,50,0,1,18,0,1,2,32,1
29,30,block1_K14,1,15,51,7,6,51,0,1,19,0,1,2,32,1
29,30,block1_K14,1,14,52,6,5,52,0,1,20,0,1,2,32,1
29,30,block1_K14,1,14,53,7,5,53,0,1,21,0,1,2,32,1
29,30,block1_K14,1,14,54,6,4,54,0,1,22,0,1,2,32,1
29,30,block1_K14,1,14,55,7,4,55,0,1,23,0,1,2,32,1
29,30,block1_K14,1,13,56,6,3,56,0,1,24,0,1,2,32,1
29,30,block1_K14,1,13,57,7,3,57,0,1,25,0,1,2,32,1
29,30,block1_K14,1,13,58,6,2,58,0,1,26,0,1,2,32,1
29,30,block1_K14,1,13,59,7,2,59,0,1,27,0,1,2,32,1
29,30,block1_K14,1,12,60,6,1,60,0,1,28,0,1,2,32,1
29,30,block1_K14,1,12,61,7,1,61,0,1,29,0,1,2,32,1
29,30,block1_K14,1,12,62,6,0,62,0,1,30,0,1,2,32,1
29,30,block1_K14,1,12,63,7,0,63,0,1,31,0,1,2,32,1
30,31,block1_Kt14,1,0,0,0,0,0,0,0,0,0,1,8,8,1
30,31,block1_Kt14,1,0,1,1,0,1,0,0,1,0,1,8,8,1
30,31,block1_Kt14,1,0,2,0,1,2,0,0,2,0,1,8,8,1
30,31,block1_Kt14,1,0,3,1,1,3,0,0,3,0,1,8,8,1
30,31,block1_Kt14,1,1,4,0,2,4,0,0,4,0,1,8,8,1
30,31,block1_Kt14,1,1,5,1,2,5,0,0,5,0,1,8,8,1
30,31,block1_Kt14,1,1,6,0,3,6,0,0,6,0,1,8,8,1
30,31,block1_Kt14,1,1,7,1,3,7,0,0,7,0,1,8,8,1
30,31,block1_Kt14,1,2,8,0,4,8,0,1,0,0,1,8,8,1
30,31,block1_Kt14,1,2,9,1,4,9,0,1,1,0,1,8,8,1
30,31,block1_Kt14,1,2,10,0,5,10,0,1,2,0,1,8,8,1
30,31,block1_Kt14,1,2,11,1,5,11,0,1,3,0,1,8,8,1
30,31,block1_Kt14,1,3,12,0,6,12,0,1,4,0,1,8,8,1
30,31,block1_Kt14,1,3,13,1,6,13,0,1,5,0,1,8,8,1
30,31,block1_Kt14,1,3,14,0,7,14,0,1,6,0,1,8,8,1
30,31,block1_Kt14,1,3,15,1,7,15,0,1,7,0,1,8,8,1
30,31,block1_Kt14,1,7,16,2,7,16,0,2,0,0,1,8,8,1
30,31,block1_Kt14,1,7,17,3,7,17,0,2,1,0,1,8,8,1
30,31,block1_Kt14,1,7,18,2,6,18,0,2,2,0,1,8,8,1
30,31,block1_Kt14,1,7,19,3,6,19,0,2,3,0,1,8,8,1
30,31,block1_Kt14,1,6,20,2,5,20,0,2,4,0,1,8,8,1
30,31,block1_Kt14,1,6,21,3,5,21,0,2,5,0,1,8,8,1
30,31,block1_Kt14,1,6,22,2,4,22,0,2,6,0,1,8,8,1
30,31,block1_Kt14,1,6,23,3,4,23,0,2,7,0,1,8,8,1
30,31,block1_Kt14,1,5,24,2,3,24,0,3,0,0,1,8,8,1
30,31,block1_Kt14,1,5,25,3,3,25,0,3,1,0,1,8,8,1
30,31,block1_Kt14,1,5,26,2,2,26,0,3,2,0,1,8,8,1
30,31,block1_Kt14,1,5,27,3,2,27,0,3,3,0,1,8,8,1
30,31,block1_Kt14,1,4,28,2,1,28,0,3,4,0,1,8,8,1
30,31,block1_Kt14,1,4,29,3,1,29,0,3,5,0,1,8,8,1
30,31,block1_Kt14,1,4,30,2,0,30,0,3,6,0,1,8,8,1
30,31,block1_Kt14,1,4,31,3,0,31,0,3,7,0,1,8,8,1
30,31,block1_Kt14,1,8,32,4,0,32,0,4,0,0,1,8,8,1
30,31,block1_Kt14,1,8,33,5,0,33,0,4,1,0,1,8,8,1
30,31,block1_Kt14,1,8,34,4,1,34,0,4,2,0,1,8,8,1
30,31,block1_Kt14,1,8,35,5,1,35,0,4,3,0,1,8,8,1
30,31,block1_Kt14,1,9,36,4,2,36,0,4,4,0,1,8,8,1
30,31,block1_Kt14,1,9,37,5,2,37,0,4,5,0,1,8,8,1
30,31,block1_Kt14,1,9,38,4,3,38,0,4,6,0,1,8,8,1
30,31,block1_Kt14,1,9,39,5,3,39,0,4,7,0,1,8,8,1
30,31,block1_Kt14,1,10,40,4,4,40,0,5,0,0,1,8,8,1
30,31,block1_Kt14,1,10,41,5,4,41,0,5,1,0,1,8,8,1
30,31,block1_Kt14,1,10,42,4,5,42,0,5,2,0,1,8,8,1
30,31,block1_Kt14,1,10,43,5,5,43,0,5,3,0,1,8,8,1
30,31,block1_Kt14,1,11,44,4,6,44,0,5,4,0,1,8,8,1
30,31,block1_Kt14,1,11,45,5,6,45,0,5,5,0,1,8,8,1
30,31,block1_Kt14,1,11,46,4,7,46,0,5,6,0,1,8,8,1
30,31,block1_Kt14,1,11,47,5,7,47,0,5,7,0,1,8,8,1
30,31,block1_Kt14,1,15,48,6,7,48,0,6,0,0,1,8,8,1
30,31,block1_Kt14,1,15,49,7,7,49,0,6,1,0,1,8,8,1
30,31,block1_Kt14,1,15,50,6,6,50,0,6,2,0,1,8,8,1
30,31,block1_Kt14,1,15,51,7,6,51,0,6,3,0,1,8,8,1
30,31,block1_Kt14,1,14,52,6,5,52,0,6,4,0,1,8,8,1
30,31,block1_Kt14,1,14,53,7,5,53,0,6,5,0,1,8,8,1
30,31,block1_Kt14,1,14,54,6,4,54,0,6,6,0,1,8,8,1
30,31,block1_Kt14,1,14,55,7,4,55,0,6,7,0,1,8,8,1
30,31,block1_Kt14,1,13,56,6,3,56,0,7,0,0,1,8,8,1
30,31,block1_Kt14,1,13,57,7,3,57,0,7,1,0,1,8,8,1
30,31,block1_Kt14,1,13,58,6,2,58,0,7,2,0,1,8,8,1
30,31,block1_Kt14,1,13,59,7,2,59,0,7,3,0,1,8,8,1
30,31,block1_Kt14,1,12,60,6,1,60,0,7,4,0,1,8,8,1
30,31,block1_Kt14,1,12,61,7,1,61,0,7,5,0,1,8,8,1
30,31,block1_Kt14,1,12,62,6,0,62,0,7,6,0,1,8,8,1
30,31,block1_Kt14,1,12,63,7,0,63,0,7,7,0,1,8,8,1
31,32,block1_K15,1,0,0,0,0,0,0,0,0,0,1,2,32,1
31,32,block1_K15,1,0,1,1,0,1,0,0,1,0,1,2,32,1
31,32,block1_K15,1,0,2,0,1,2,0,0,2,0,1,2,32,1
31,32,block1_K15,1,0,3,1,1,3,0,0,3,0,1,2,32,1
31,32,block1_K15,1,1,4,0,2,4,0,0,4,0,1,2,32,1
31,32,block1_K15,1,1,5,1,2,5,0,0,5,0,1,2,32,1
31,32,block1_K15,1,1,6,0,3,6,0,0,6,0,1,2,32,1
31,32,block1_K15,1,1,7,1,3,7,0,0,7,0,1,2,32,1
31,32,block1_K15,1,2,8,0,4,8,0,0,8,0,1,2,32,1
31,32,block1_K15,1,2,9,1,4,9,0,0,9,0,1,2,32,1
31,32,block1_K15,1,2,10,0,5,10,0,0,10,0,1,2,32,1
31,32,block1_K15,1,2,11,1,5,11,0,0,11,0,1,2,32,1
31,32,block1_K15,1,3,12,0,6,12,0,0,12,0,1,2,32,1
31,32,block1_K15,1,3,13,1,6,13,0,0,13,0,1,2,32,1
31,32,block1_K15,1,3,14,0,7,14,0,0,14,0,1,2,32,1
31,32,block1_K15,1,3,15,1,7,15,0,0,15,0,1,2,32,1
31,32,block1_K15,1,7,16,2,7,16,0,0,16,0,1,2,32,1
31,32,block1_K15,1,7,17,3,7,17,0,0,17,0,1,2,32,1
31,32,block1_K15,1,7,18,2,6,18,0,0,18,0,1,2,32,1
31,32,block1_K15,1,7,19,3,6,19,0,0,19,0,1,2,32,1
31,32,block1_K15,1,6,20,2,5,20,0,0,20,0,1,2,32,1
31,32,block1_K15,1,6,21,3,5,21,0,0,21,0,1,2,32,1
31,32,block1_K15,1,6,22,2,4,22,0,0,22,0,1,2,32,1
31,32,block1_K15,1,6,23,3,4,23,0,0,23,0,1,2,32,1
31,32,block1_K15,1,5,24,2,3,24,0,0,24,0,1,2,32,1
31,32,block1_K15,1,5,25,3,3,25,0,0,25,0,1,2,32,1
31,32,block1_K15,1,5,26,2,2,26,0,0,26,0,1,2,32,1
31,32,block1_K15,1,5,27,3,2,27,0,0,27,0,1,2,32,1
31,32,block1_K15,1,4,28,2,1,28,0,0,28,0,1,2,32,1
31,32,block1_K15,1,4,29,3,1,29,0,0,29,0,1,2,32,1
31,32,block1_K15,1,4,30,2,0,30,0,0,30,0,1,2,32,1
31,32,block1_K15,1,4,31,3,0,31,0,0,31,0,1,2,32,1
31,32,block1_K15,1,8,32,4,0,32,0,1,0,0,1,2,32,1
31,32,block1_K15,1,8,33,5,0,33,0,1,1,0,1,2,32,1
31,32,block1_K15,1,8,34,4,1,34,0,1,2,0,1,2,32,1
31,32,block1_K15,1,8,35,5,1,35,0,1,3,0,1,2,32,1
31,32,block1_K15,1,9,36,4,2,36,0,1,4,0,1,2,32,1
31,32,block1_K15,1,9,37,5,2,37,0,1,5,0,1,2,32,1
31,32,block1_K15,1,9,38,4,3,38,0,1,6,0,1,2,32,1
31,32,block1_K15,1,9,39,5,3,39,0,1,7,0,1,2,32,1
31,32,block1_K15,1,10,40,4,4,40,0,1,8,0,1,2,32,1
31,32,block1_K15,1,10,41,5,4,41,0,1,9,0,1,2,32,1
31,32,block1_K15,1,10,42,4,5,42,0,1,10,0,1,2,32,1
31,32,block1_K15,1,10,43,5,5,43,0,1,11,0,1,2,32,1
31,32,block1_K15,1,11,44,4,6,44,0,1,12,0,1,2,32,1
31,32,block1_K15,1,11,45,5,6,45,0,1,13,0,1,2,32,1
31,32,block1_K15,1,11,46,4,7,46,0,1,14,0,1,2,32,1
31,32,block1_K15,1,11,47,5,7,47,0,1,15,0,1,2,32,1
31,32,block1_K15,1,15,48,6,7,48,0,1,16,0,1,2,32,1
31,32,block1_K15,1,15,49,7,7,49,0,1,17,0,1,2,32,1
31,32,block1_K15,1,15,50,6,6,50,0,1,18,0,1,2,32,1
31,32,block1_K15,1,15,51,7,6,51,0,1,19,0,1,2,32,1
31,32,block1_K15,1,14,52,6,5,52,0,1,20,0,1,2,32,1
31,32,block1_K15,1,14,53,7,5,53,0,1,21,0,1,2,32,1
31,32,block1_K15,1,14,54,6,4,54,0,1,22,0,1,2,32,1
31,32,block1_K15,1,14,55,7,4,55,0,1,23,0,1,2,32,1
31,32,block1_K15,1,13,56,6,3,56,0,1,24,0,1,2,32,1
31,32,block1_K15,1,13,57,7,3,57,0,1,25,0,1,2,32,1
31,32,block1_K15,1,13,58,6,2,58,0,1,26,0,1,2,32,1
31,32,block1_K15,1,13,59,7,2,59,0,1,27,0,1,2,32,1
31,32,block1_K15,1,12,60,6,1,60,0,1,28,0,1,2,32,1
31,32,block1_K15,1,12,61,7,1,61,0,1,29,0,1,2,32,1
31,32,block1_K15,1,12,62,6,0,62,0,1,30,0,1,2,32,1
31,32,block1_K15,1,12,63,7,0,63,0,1,31,0,1,2,32,1
32,33,block1_Kt15,1,0,0,0,0,0,0,0,0,0,1,8,8,1
32,33,block1_Kt15,1,0,1,1,0,1,0,0,1,0,1,8,8,1
32,33,block1_Kt15,1,0,2,0,1,2,0,0,2,0,1,8,8,1
32,33,block1_Kt15,1,0,3,1,1,3,0,0,3,0,1,8,8,1
32,33,block1_Kt15,1,1,4,0,2,4,0,0,4,0,1,8,8,1
32,33,block1_Kt15,1,1,5,1,2,5,0,0,5,0,1,8,8,1
32,33,block1_Kt15,1,1,6,0,3,6,0,0,6,0,1,8,8,1
32,33,block1_Kt15,1,1,7,1,3,7,0,0,7,0,1,8,8,1
32,33,block1_Kt15,1,2,8,0,4,8,0,1,0,0,1,8,8,1
32,33,block1_Kt15,1,2,9,1,4,9,0,1,1,0,1,8,8,1
32,33,block1_Kt15,1,2,10,0,5,10,0,1,2,0,1,8,8,1
32,33,block1_Kt15,1,2,11,1,5,11,0,1,3,0,1,8,8,1
32,33,block1_Kt15,1,3,12,0,6,12,0,1,4,0,1,8,8,1
32,33,block1_Kt15,1,3,13,1,6,13,0,1,5,0,1,8,8,1
32,33,block1_Kt15,1,3,14,0,7,14,0,1,6,0,1,8,8,1
32,33,block1_Kt15,1,3,15,1,7,15,0,1,7,0,1,8,8,1
32,33,block1_Kt15,1,7,16,2,7,16,0,2,0,0,1,8,8,1
32,33,block1_Kt15,1,7,17,3,7,17,0,2,1,0,1,8,8,1
32,33,block1_Kt15,1,7,18,2,6,18,0,2,2,0,1,8,8,1
32,33,block1_Kt15,1,7,19,3,6,19,0,2,3,0,1,8,8,1
32,33,block1_Kt15,1,6,20,2,5,20,0,2,4,0,1,8,8,1
32,33,block1_Kt15,1,6,21,3,5,21,0,2,5,0,1,8,8,1
32,33,block1_Kt15,1,6,22,2,4,22,0,2,6,0,1,8,8,1
32,33,block1_Kt15,1,6,23,3,4,23,0,2,7,0,1,8,8,1
32,33,block1_Kt15,1,5,24,2,3,24,0,3,0,0,1,8,8,1
32,33,block1_Kt15,1,5,25,3,3,25,0,3,1,0,1,8,8,1
32,33,block1_Kt15,1,5,26,2,2,26,0,3,2,0,1,8,8,1
32,33,block1_Kt15,1,5,27,3,2,27,0,3,3,0,1,8,8,1
32,33,block1_Kt15,1,4,28,2,1,28,0,3,4,0,1,8,8,1
32,33,block1_Kt15,1,4,29,3,1,29,0,3,5,0,1,8,8,1
32,33,block1_Kt15,1,4,30,2,0,30,0,3,6,0,1,8,8,1
32,33,block1_Kt15,1,4,31,3,0,31,0,3,7,0,1,8,8,1
32,33,block1_Kt15,1,8,32,4,0,32,0,4,0,0,1,8,8,1
32,33,block1_Kt15,1,8,33,5,0,33,0,4,1,0,1,8,8,1
32,33,block1_Kt15,1,8,34,4,1,34,0,4,2,0,1,8,8,1
32,33,block1_Kt15,1,8,35,5,1,35,0,4,3,0,1,8,8,1
32,33,block1_Kt15,1,9,36,4,2,36,0,4,4,0,1,8,8,1
32,33,block1_Kt15,1,9,37,5,2,37,0,4,5,0,1,8,8,1
32,33,block1_Kt15,1,9,38,4,3,38,0,4,6,0,1,8,8,1
32,33,block1_Kt15,1,9,39,5,3,39,0,4,7,0,1,8,8,1
32,33,block1_Kt15,1,10,40,4,4,40,0,5,0,0,1,8,8,1
32,33,block1_Kt15,1,10,41,5,4,41,0,5,1,0,1,8,8,1
32,33,block1_Kt15,1,10,42,4,5,42,0,5,2,0,1,8,8,1
32,33,block1_Kt15,1,10,43,5,5,43,0,5,3,0,1,8,8,1
32,33,block1_Kt15,1,11,44,4,6,44,0,5,4,0,1,8,8,1
32,33,block1_Kt15,1,11,45,5,6,45,0,5,5,0,1,8,8,1
32,33,block1_Kt15,1,11,46,4,7,46,0,5,6,0,1,8,8,1
32,33,block1_Kt15,1,11,47,5,7,47,0,5,7,0,1,8,8,1
32,33,block1_Kt15,1,15,48,6,7,48,0,6,0,0,1,8,8,1
32,33,block1_Kt15,1,15,49,7,7,49,0,6,1,0,1,8,8,1
32,33,block1_Kt15,1,15,50,6,6,50,0,6,2,0,1,8,8,1
32,33,block1_Kt15,1,15,51,7,6,51,0,6,3,0,1,8,8,1
32,33,block1_Kt15,1,14,52,6,5,52,0,6,4,0,1,8,8,1
32,33,block1_Kt15,1,14,53,7,5,53,0,6,5,0,1,8,8,1
32,33,block1_Kt15,1,14,54,6,4,54,0,6,6,0,1,8,8,1
32,33,block1_Kt15,1,14,55,7,4,55,0,6,7,0,1,8,8,1
32,33,block1_Kt15,1,13,56,6,3,56,0,7,0,0,1,8,8,1
32,33,block1_Kt15,1,13,57,7,3,57,0,7,1,0,1,8,8,1
32,33,block1_Kt15,1,13,58,6,2,58,0,7,2,0,1,8,8,1
32,33,block1_Kt15,1,13,59,7,2,59,0,7,3,0,1,8,8,1
32,33,block1_Kt15,1,12,60,6,1,60,0,7,4,0,1,8,8,1
32,33,block1_Kt15,1,12,61,7,1,61,0,7,5,0,1,8,8,1
32,33,block1_Kt15,1,12,62,6,0,62,0,7,6,0,1,8,8,1
32,33,block1_Kt15,1,12,63,7,0,63,0,7,7,0,1,8,8,1
33,34,block1_K16,1,0,0,0,0,0,0,0,0,0,1,2,32,1
33,34,block1_K16,1,0,1,1,0,1,0,0,1,0,1,2,32,1
33,34,block1_K16,1,0,2,0,1,2,0,0,2,0,1,2,32,1
33,34,block1_K16,1,0,3,1,1,3,0,0,3,0,1,2,32,1
33,34,block1_K16,1,1,4,0,2,4,0,0,4,0,1,2,32,1
33,34,block1_K16,1,1,5,1,2,5,0,0,5,0,1,2,32,1
33,34,block1_K16,1,1,6,0,3,6,0,0,6,0,1,2,32,1
33,34,block1_K16,1,1,7,1,3,7,0,0,7,0,1,2,32,1
33,34,block1_K16,1,2,8,0,4,8,0,0,8,0,1,2,32,1
33,34,block1_K16,1,2,9,1,4,9,0,0,9,0,1,2,32,1
33,34,block1_K16,1,2,10,0,5,10,0,0,10,0,1,2,32,1
33,34,block1_K16,1,2,11,1,5,11,0,0,11,0,1,2,32,1
33,34,block1_K16,1,3,12,0,6,12,0,0,12,0,1,2,32,1
33,34,block1_K16,1,3,13,1,6,13,0,0,13,0,1,2,32,1
33,34,block1_K16,1,3,14,0,7,14,0,0,14,0,1,2,32,1
33,34,block1_K16,1,3,15,1,7,15,0,0,15,0,1,2,32,1
33,34,block1_K16,1,7,16,2,7,16,0,0,16,0,1,2,32,1
33,34,block1_K16,1,7,17,3,7,17,0,0,17,0,1,2,32,1
33,34,block1_K16,1,7,18,2,6,18,0,0,18,0,1,2,32,1
33,34,block1_K16,1,7,19,3,6,19,0,0,19,0,1,2,32,1
33,34,block1_K16,1,6,20,2,5,20,0,0,20,0,1,2,32,1
33,34,block1_K16,1,6,21,3,5,21,0,0,21,0,1,2,32,1
33,34,block1_K16,1,6,22,2,4,22,0,0,22,0,1,2,32,1
33,34,block1_K16,1,6,23,3,4,23,0,0,23,0,1,2,32,1
33,34,block1_K16,1,5,24,2,3,24,0,0,24,0,1,2,32,1
33,34,block1_K16,1,5,25,3,3,25,0,0,25,0,1,2,32,1
33,34,block1_K16,1,5,26,2,2,26,0,0,26,0,1,2,32,1
33,34,block1_K16,1,5,27,3,2,27,0,0,27,0,1,2,32,1
33,34,block1_K16,1,4,28,2,1,28,0,0,28,0,1,2,32,1
33,34,block1_K16,1,4,29,3,1,29,0,0,29,0,1,2,32,1
33,34,block1_K16,1,4,30,2,0,30,0,0,30,0,1,2,32,1
33,34,block1_K16,1,4,31,3,0,31,0,0,31,0,1,2,32,1
33,34,block1_K16,1,8,32,4,0,32,0,1,0,0,1,2,32,1
33,34,block1_K16,1,8,33,5,0,33,0,1,1,0,1,2,32,1
33,34,block1_K16,1,8,34,4,1,34,0,1,2,0,1,2,32,1
33,34,block1_K16,1,8,35,5,1,35,0,1,3,0,1,2,32,1
33,34,block1_K16,1,9,36,4,2,36,0,1,4,0,1,2,32,1
33,34,block1_K16,1,9,37,5,2,37,0,1,5,0,1,2,32,1
33,34,block1_K16,1,9,38,4,3,38,0,1,6,0,1,2,32,1
33,34,block1_K16,1,9,39,5,3,39,0,1,7,0,1,2,32,1
33,34,block1_K16,1,10,40,4,4,40,0,1,8,0,1,2,32,1
33,34,block1_K16,1,10,41,5,4,41,0,1,9,0,1,2,32,1
33,34,block1_K16,1,10,42,4,5,42,0,1,10,0,1,2,32,1
33,34,block1_K16,1,10,43,5,5,43,0,1,11,0,1,2,32,1
33,34,block1_K16,1,11,44,4,6,44,0,1,12,0,1,2,32,1
33,34,block1_K16,1,11,45,5,6,45,0,1,13,0,1,2,32,1
33,34,block1_K16,1,11,46,4,7,46,0,1,14,0,1,2,32,1
33,34,block1_K16,1,11,47,5,7,47,0,1,15,0,1,2,32,1
33,34,block1_K16,1,15,48,6,7,48,0,1,16,0,1,2,32,1
33,34,block1_K16,1,15,49,7,7,49,0,1,17,0,1,2,32,1
33,34,block1_K16,1,15,50,6,6,50,0,1,18,0,1,2,32,1
33,34,block1_K16,1,15,51,7,6,51,0,1,19,0,1,2,32,1
33,34,block1_K16,1,14,52,6,5,52,0,1,20,0,1,2,32,1
33,34,block1_K16,1,14,53,7,5,53,0,1,21,0,1,2,32,1
33,34,block1_K16,1,14,54,6,4,54,0,1,22,0,1,2,32,1
33,34,block1_K16,1,14,55,7,4,55,0,1,23,0,1,2,32,1
33,34,block1_K16,1,13,56,6,3,56,0,1,24,0,1,2,32,1
33,34,block1_K16,1,13,57,7,3,57,0,1,25,0,1,2,32,1
33,34,block1_K16,1,13,58,6,2,58,0,1,26,0,1,2,32,1
33,34,block1_K16,1,13,59,7,2,59,0,1,27,0,1,2,32,1
33,34,block1_K16,1,12,60,6,1,60,0,1,28,0,1,2,32,1
33,34,block1_K16,1,12,61,7,1,61,0,1,29,0,1,2,32,1
33,34,block1_K16,1,12,62,6,0,62,0,1,30,0,1,2,32,1
33,34,block1_K16,1,12,63,7,0,63,0,1,31,0,1,2,32,1
34,35,block1_Kt16,1,0,0,0,0,0,0,0,0,0,1,8,8,1
34,35,block1_Kt16,1,0,1,1,0,1,0,0,1,0,1,8,8,1
34,35,block1_Kt16,1,0,2,0,1,2,0,0,2,0,1,8,8,1
34,35,block1_Kt16,1,0,3,1,1,3,0,0,3,0,1,8,8,1
34,35,block1_Kt16,1,1,4,0,2,4,0,0,4,0,1,8,8,1
34,35,block1_Kt16,1,1,5,1,2,5,0,0,5,0,1,8,8,1
34,35,block1_Kt16,1,1,6,0,3,6,0,0,6,0,1,8,8,1
34,35,block1_Kt16,1,1,7,1,3,7,0,0,7,0,1,8,8,1
34,35,block1_Kt16,1,2,8,0,4,8,0,1,0,0,1,8,8,1
34,35,block1_Kt16,1,2,9,1,4,9,0,1,1,0,1,8,8,1
34,35,block1_Kt16,1,2,10,0,5,10,0,1,2,0,1,8,8,1
34,35,block1_Kt16,1,2,11,1,5,11,0,1,3,0,1,8,8,1
34,35,block1_Kt16,1,3,12,0,6,12,0,1,4,0,1,8,8,1
34,35,block1_Kt16,1,3,13,1,6,13,0,1,5,0,1,8,8,1
34,35,block1_Kt16,1,3,14,0,7,14,0,1,6,0,1,8,8,1
34,35,block1_Kt16,1,3,15,1,7,15,0,1,7,0,1,8,8,1
34,35,block1_Kt16,1,7,16,2,7,16,0,2,0,0,1,8,8,1
34,35,block1_Kt16,1,7,17,3,7,17,0,2,1,0,1,8,8,1
34,35,block1_Kt16,1,7,18,2,6,18,0,2,2,0,1,8,8,1
34,35,block1_Kt16,1,7,19,3,6,19,0,2,3,0,1,8,8,1
34,35,block1_Kt16,1,6,20,2,5,20,0,2,4,0,1,8,8,1
34,35,block1_Kt16,1,6,21,3,5,21,0,2,5,0,1,8,8,1
34,35,block1_Kt16,1,6,22,2,4,22,0,2,6,0,1,8,8,1
34,35,block1_Kt16,1,6,23,3,4,23,0,2,7,0,1,8,8,1
34,35,block1_Kt16,1,5,24,2,3,24,0,3,0,0,1,8,8,1
34,35,block1_Kt16,1,5,25,3,3,25,0,3,1,0,1,8,8,1
34,35,block1_Kt16,1,5,26,2,2,26,0,3,2,0,1,8,8,1
34,35,block1_Kt16,1,5,27,3,2,27,0,3,3,0,1,8,8,1
34,35,block1_Kt16,1,4,28,2,1,28,0,3,4,0,1,8,8,1
34,35,block1_Kt16,1,4,29,3,1,29,0,3,5,0,1,8,8,1
34,35,block1_Kt16,1,4,30,2,0,30,0,3,6,0,1,8,8,1
34,35,block1_Kt16,1,4,31,3,0,31,0,3,7,0,1,8,8,1
34,35,block1_Kt16,1,8,32,4,0,32,0,4,0,0,1,8,8,1
34,35,block1_Kt16,1,8,33,5,0,33,0,4,1,0,1,8,8,1
34,35,block1_Kt16,1,8,34,4,1,34,0,4,2,0,1,8,8,1
34,35,block1_Kt16,1,8,35,5,1,35,0,4,3,0,1,8,8,1
34,35,block1_Kt16,1,9,36,4,2,36,0,4,4,0,1,8,8,1
34,35,block1_Kt16,1,9,37,5,2,37,0,4,5,0,1,8,8,1
34,35,block1_Kt16,1,9,38,4,3,38,0,4,6,0,1,8,8,1
34,35,block1_Kt16,1,9,39,5,3,39,0,4,7,0,1,8,8,1
34,35,block1_Kt16,1,10,40,4,4,40,0,5,0,0,1,8,8,1
34,35,block1_Kt16,1,10,41,5,4,41,0,5,1,0,1,8,8,1
34,35,block1_Kt16,1,10,42,4,5,42,0,5,2,0,1,8,8,1
34,35,block1_Kt16,1,10,43,5,5,43,0,5,3,0,1,8,8,1
34,35,block1_Kt16,1,11,44,4,6,44,0,5,4,0,1,8,8,1
34,35,block1_Kt16,1,11,45,5,6,45,0,5,5,0,1,8,8,1
34,35,block1_Kt16,1,11,46,4,7,46,0,5,6,0,1,8,8,1
34,35,block1_Kt16,1,11,47,5,7,47,0,5,7,0,1,8,8,1
34,35,block1_Kt16,1,15,48,6,7,48,0,6,0,0,1,8,8,1
34,35,block1_Kt16,1,15,49,7,7,49,0,6,1,0,1,8,8,1
34,35,block1_Kt16,1,15,50,6,6,50,0,6,2,0,1,8,8,1
34,35,block1_Kt16,1,15,51,7,6,51,0,6,3,0,1,8,8,1
34,35,block1_Kt16,1,14,52,6,5,52,0,6,4,0,1,8,8,1
34,35,block1_Kt16,1,14,53,7,5,53,0,6,5,0,1,8,8,1
34,35,block1_Kt16,1,14,54,6,4,54,0,6,6,0,1,8,8,1
34,35,block1_Kt16,1,14,55,7,4,55,0,6,7,0,1,8,8,1
34,35,block1_Kt16,1,13,56,6,3,56,0,7,0,0,1,8,8,1
34,35,block1_Kt16,1,13,57,7,3,57,0,7,1,0,1,8,8,1
34,35,block1_Kt16,1,13,58,6,2,58,0,7,2,0,1,8,8,1
34,35,block1_Kt16,1,13,59,7,2,59,0,7,3,0,1,8,8,1
34,35,block1_Kt16,1,12,60,6,1,60,0,7,4,0,1,8,8,1
34,35,block1_Kt16,1,12,61,7,1,61,0,7,5,0,1,8,8,1
34,35,block1_Kt16,1,12,62,6,0,62,0,7,6,0,1,8,8,1
34,35,block1_Kt16,1,12,63,7,0,63,0,7,7,0,1,8,8,1
35,36,block1_K17,1,0,0,0,0,0,0,0,0,0,1,2,32,1
35,36,block1_K17,1,0,1,1,0,1,0,0,1,0,1,2,32,1
35,36,block1_K17,1,0,2,0,1,2,0,0,2,0,1,2,32,1
35,36,block1_K17,1,0,3,1,1,3,0,0,3,0,1,2,32,1
35,36,block1_K17,1,1,4,0,2,4,0,0,4,0,1,2,32,1
35,36,block1_K17,1,1,5,1,2,5,0,0,5,0,1,2,32,1
35,36,block1_K17,1,1,6,0,3,6,0,0,6,0,1,2,32,1
35,36,block1_K17,1,1,7,1,3,7,0,0,7,0,1,2,32,1
35,36,block1_K17,1,2,8,0,4,8,0,0,8,0,1,2,32,1
35,36,block1_K17,1,2,9,1,4,9,0,0,9,0,1,2,32,1
35,36,block1_K17,1,2,10,0,5,10,0,0,10,0,1,2,32,1
35,36,block1_K17,1,2,11,1,5,11,0,0,11,0,1,2,32,1
35,36,block1_K17,1,3,12,0,6,12,0,0,12,0,1,2,32,1
35,36,block1_K17,1,3,13,1,6,13,0,0,13,0,1,2,32,1
35,36,block1_K17,1,3,14,0,7,14,0,0,14,0,1,2,32,1
35,36,block1_K17,1,3,15,1,7,15,0,0,15,0,1,2,32,1
35,36,block1_K17,1,7,16,2,7,16,0,0,16,0,1,2,32,1
35,36,block1_K17,1,7,17,3,7,17,0,0,17,0,1,2,32,1
35,36,block1_K17,1,7,18,2,6,18,0,0,18,0,1,2,32,1
35,36,block1_K17,1,7,19,3,6,19,0,0,19,0,1,2,32,1
35,36,block1_K17,1,6,20,2,5,20,0,0,20,0,1,2,32,1
35,36,block1_K17,1,6,21,3,5,21,0,0,21,0,1,2,32,1
35,36,block1_K17,1,6,22,2,4,22,0,0,22,0,1,2,32,1
35,36,block1_K17,1,6,23,3,4,23,0,0,23,0,1,2,32,1
35,36,block1_K17,1,5,24,2,3,24,0,0,24,0,1,2,32,1
35,36,block1_K17,1,5,25,3,3,25,0,0,25,0,1,2,32,1
35,36,block1_K17,1,5,26,2,2,26,0,0,26,0,1,2,32,1
35,36,block1_K17,1,5,27,3,2,27,0,0,27,0,1,2,32,1
35,36,block1_K17,1,4,28,2,1,28,0,0,28,0,1,2,32,1
35,36,block1_K17,1,4,29,3,1,29,0,0,29,0,1,2,32,1
35,36,block1_K17,1,4,30,2,0,30,0,0,30,0,1,2,32,1
35,36,block1_K17,1,4,31,3,0,31,0,0,31,0,1,2,32,1
35,36,block1_K17,1,8,32,4,0,32,0,1,0,0,1,2,32,1
35,36,block1_K17,1,8,33,5,0,33,0,1,1,0,1,2,32,1
35,36,block1_K17,1,8,34,4,1,34,0,1,2,0,1,2,32,1
35,36,block1_K17,1,8,35,5,1,35,0,1,3,0,1,2,32,1
35,36,block1_K17,1,9,36,4,2,36,0,1,4,0,1,2,32,1
35,36,block1_K17,1,9,37,5,2,37,0,1,5,0,1,2,32,1
35,36,block1_K17,1,9,38,4,3,38,0,1,6,0,1,2,32,1
35,36,block1_K17,1,9,39,5,3,39,0,1,7,0,1,2,32,1
35,36,block1_K17,1,10,40,4,4,40,0,1,8,0,1,2,32,1
35,36,block1_K17,1,10,41,5,4,41,0,1,9,0,1,2,32,1
35,36,block1_K17,1,10,42,4,5,42,0,1,10,0,1,2,32,1
35,36,block1_K17,1,10,43,5,5,43,0,1,11,0,1,2,32,1
35,36,block1_K17,1,11,44,4,6,44,0,1,12,0,1,2,32,1
35,36,block1_K17,1,11,45,5,6,45,0,1,13,0,1,2,32,1
35,36,block1_K17,1,11,46,4,7,46,0,1,14,0,1,2,32,1
35,36,block1_K17,1,11,47,5,7,47,0,1,15,0,1,2,32,1
35,36,block1_K17,1,15,48,6,7,48,0,1,16,0,1,2,32,1
35,36,block1_K17,1,15,49,7,7,49,0,1,17,0,1,2,32,1
35,36,block1_K17,1,15,50,6,6,50,0,1,18,0,1,2,32,1
35,36,block1_K17,1,15,51,7,6,51,0,1,19,0,1,2,32,1
35,36,block1_K17,1,14,52,6,5,52,0,1,20,0,1,2,32,1
35,36,block1_K17,1,14,53,7,5,53,0,1,21,0,1,2,32,1
35,36,block1_K17,1,14,54,6,4,54,0,1,22,0,1,2,32,1
35,36,block1_K17,1,14,55,7,4,55,0,1,23,0,1,2,32,1
35,36,block1_K17,1,13,56,6,3,56,0,1,24,0,1,2,32,1
35,36,block1_K17,1,13,57,7,3,57,0,1,25,0,1,2,32,1
35,36,block1_K17,1,13,58,6,2,58,0,1,26,0,1,2,32,1
35,36,block1_K17,1,13,59,7,2,59,0,1,27,0,1,2,32,1
35,36,block1_K17,1,12,60,6,1,60,0,1,28,0,1,2,32,1
35,36,block1_K17,1,12,61,7,1,61,0,1,29,0,1,2,32,1
35,36,block1_K17,1,12,62,6,0,62,0,1,30,0,1,2,32,1
35,36,block1_K17,1,12,63,7,0,63,0,1,31,0,1,2,32,1
36,37,block1_Kt17,1,0,0,0,0,0,0,0,0,0,1,8,8,1
36,37,block1_Kt17,1,0,1,1,0,1,0,0,1,0,1,8,8,1
36,37,block1_Kt17,1,0,2,0,1,2,0,0,2,0,1,8,8,1
36,37,block1_Kt17,1,0,3,1,1,3,0,0,3,0,1,8,8,1
36,37,block1_Kt17,1,1,4,0,2,4,0,0,4,0,1,8,8,1
36,37,block1_Kt17,1,1,5,1,2,5,0,0,5,0,1,8,8,1
36,37,block1_Kt17,1,1,6,0,3,6,0,0,6,0,1,8,8,1
36,37,block1_Kt17,1,1,7,1,3,7,0,0,7,0,1,8,8,1
36,37,block1_Kt17,1,2,8,0,4,8,0,1,0,0,1,8,8,1
36,37,block1_Kt17,1,2,9,1,4,9,0,1,1,0,1,8,8,1
36,37,block1_Kt17,1,2,10,0,5,10,0,1,2,0,1,8,8,1
36,37,block1_Kt17,1,2,11,1,5,11,0,1,3,0,1,8,8,1
36,37,block1_Kt17,1,3,12,0,6,12,0,1,4,0,1,8,8,1
36,37,block1_Kt17,1,3,13,1,6,13,0,1,5,0,1,8,8,1
36,37,block1_Kt17,1,3,14,0,7,14,0,1,6,0,1,8,8,1
36,37,block1_Kt17,1,3,15,1,7,15,0,1,7,0,1,8,8,1
36,37,block1_Kt17,1,7,16,2,7,16,0,2,0,0,1,8,8,1
36,37,block1_Kt17,1,7,17,3,7,17,0,2,1,0,1,8,8,1
36,37,block1_Kt17,1,7,18,2,6,18,0,2,2,0,1,8,8,1
36,37,block1_Kt17,1,7,19,3,6,19,0,2,3,0,1,8,8,1
36,37,block1_Kt17,1,6,20,2,5,20,0,2,4,0,1,8,8,1
36,37,block1_Kt17,1,6,21,3,5,21,0,2,5,0,1,8,8,1
36,37,block1_Kt17,1,6,22,2,4,22,0,2,6,0,1,8,8,1
36,37,block1_Kt17,1,6,23,3,4,23,0,2,7,0,1,8,8,1
36,37,block1_Kt17,1,5,24,2,3,24,0,3,0,0,1,8,8,1
36,37,block1_Kt17,1,5,25,3,3,25,0,3,1,0,1,8,8,1
36,37,block1_Kt17,1,5,26,2,2,26,0,3,2,0,1,8,8,1
36,37,block1_Kt17,1,5,27,3,2,27,0,3,3,0,1,8,8,1
36,37,block1_Kt17,1,4,28,2,1,28,0,3,4,0,1,8,8,1
36,37,block1_Kt17,1,4,29,3,1,29,0,3,5,0,1,8,8,1
36,37,block1_Kt17,1,4,30,2,0,30,0,3,6,0,1,8,8,1
36,37,block1_Kt17,1,4,31,3,0,31,0,3,7,0,1,8,8,1
36,37,block1_Kt17,1,8,32,4,0,32,0,4,0,0,1,8,8,1
36,37,block1_Kt17,1,8,33,5,0,33,0,4,1,0,1,8,8,1
36,37,block1_Kt17,1,8,34,4,1,34,0,4,2,0,1,8,8,1
36,37,block1_Kt17,1,8,35,5,1,35,0,4,3,0,1,8,8,1
36,37,block1_Kt17,1,9,36,4,2,36,0,4,4,0,1,8,8,1
36,37,block1_Kt17,1,9,37,5,2,37,0,4,5,0,1,8,8,1
36,37,block1_Kt17,1,9,38,4,3,38,0,4,6,0,1,8,8,1
36,37,block1_Kt17,1,9,39,5,3,39,0,4,7,0,1,8,8,1
36,37,block1_Kt17,1,10,40,4,4,40,0,5,0,0,1,8,8,1
36,37,block1_Kt17,1,10,41,5,4,41,0,5,1,0,1,8,8,1
36,37,block1_Kt17,1,10,42,4,5,42,0,5,2,0,1,8,8,1
36,37,block1_Kt17,1,10,43,5,5,43,0,5,3,0,1,8,8,1
36,37,block1_Kt17,1,11,44,4,6,44,0,5,4,0,1,8,8,1
36,37,block1_Kt17,1,11,45,5,6,45,0,5,5,0,1,8,8,1
36,37,block1_Kt17,1,11,46,4,7,46,0,5,6,0,1,8,8,1
36,37,block1_Kt17,1,11,47,5,7,47,0,5,7,0,1,8,8,1
36,37,block1_Kt17,1,15,48,6,7,48,0,6,0,0,1,8,8,1
36,37,block1_Kt17,1,15,49,7,7,49,0,6,1,0,1,8,8,1
36,37,block1_Kt17,1,15,50,6,6,50,0,6,2,0,1,8,8,1
36,37,block1_Kt17,1,15,51,7,6,51,0,6,3,0,1,8,8,1
36,37,block1_Kt17,1,14,52,6,5,52,0,6,4,0,1,8,8,1
36,37,block1_Kt17,1,14,53,7,5,53,0,6,5,0,1,8,8,1
36,37,block1_Kt17,1,14,54,6,4,54,0,6,6,0,1,8,8,1
36,37,block1_Kt17,1,14,55,7,4,55,0,6,7,0,1,8,8,1
36,37,block1_Kt17,1,13,56,6,3,56,0,7,0,0,1,8,8,1
36,37,block1_Kt17,1,13,57,7,3,57,0,7,1,0,1,8,8,1
36,37,block1_Kt17,1,13,58,6,2,58,0,7,2,0,1,8,8,1
36,37,block1_Kt17,1,13,59,7,2,59,0,7,3,0,1,8,8,1
36,37,block1_Kt17,1,12,60,6,1,60,0,7,4,0,1,8,8,1
36,37,block1_Kt17,1,12,61,7,1,61,0,7,5,0,1,8,8,1
36,37,block1_Kt17,1,12,62,6,0,62,0,7,6,0,1,8,8,1
36,37,block1_Kt17,1,12,63,7,0,63,0,7,7,0,1,8,8,1
37,38,block1_K18,1,0,0,0,0,0,0,0,0,0,1,2,32,1
37,38,block1_K18,1,0,1,1,0,1,0,0,1,0,1,2,32,1
37,38,block1_K18,1,0,2,0,1,2,0,0,2,0,1,2,32,1
37,38,block1_K18,1,0,3,1,1,3,0,0,3,0,1,2,32,1
37,38,block1_K18,1,1,4,0,2,4,0,0,4,0,1,2,32,1
37,38,block1_K18,1,1,5,1,2,5,0,0,5,0,1,2,32,1
37,38,block1_K18,1,1,6,0,3,6,0,0,6,0,1,2,32,1
37,38,block1_K18,1,1,7,1,3,7,0,0,7,0,1,2,32,1
37,38,block1_K18,1,2,8,0,4,8,0,0,8,0,1,2,32,1
37,38,block1_K18,1,2,9,1,4,9,0,0,9,0,1,2,32,1
37,38,block1_K18,1,2,10,0,5,10,0,0,10,0,1,2,32,1
37,38,block1_K18,1,2,11,1,5,11,0,0,11,0,1,2,32,1
37,38,block1_K18,1,3,12,0,6,12,0,0,12,0,1,2,32,1
37,38,block1_K18,1,3,13,1,6,13,0,0,13,0,1,2,32,1
37,38,block1_K18,1,3,14,0,7,14,0,0,14,0,1,2,32,1
37,38,block1_K18,1,3,15,1,7,15,0,0,15,0,1,2,32,1
37,38,block1_K18,1,7,16,2,7,16,0,0,16,0,1,2,32,1
37,38,block1_K18,1,7,17,3,7,17,0,0,17,0,1,2,32,1
37,38,block1_K18,1,7,18,2,6,18,0,0,18,0,1,2,32,1
37,38,block1_K18,1,7,19,3,6,19,0,0,19,0,1,2,32,1
37,38,block1_K18,1,6,20,2,5,20,0,0,20,0,1,2,32,1
37,38,block1_K18,1,6,21,3,5,21,0,0,21,0,1,2,32,1
37,38,block1_K18,1,6,22,2,4,22,0,0,22,0,1,2,32,1
37,38,block1_K18,1,6,23,3,4,23,0,0,23,0,1,2,32,1
37,38,block1_K18,1,5,24,2,3,24,0,0,24,0,1,2,32,1
37,38,block1_K18,1,5,25,3,3,25,0,0,25,0,1,2,32,1
37,38,block1_K18,1,5,26,2,2,26,0,0,26,0,1,2,32,1
37,38,block1_K18,1,5,27,3,2,27,0,0,27,0,1,2,32,1
37,38,block1_K18,1,4,28,2,1,28,0,0,28,0,1,2,32,1
37,38,block1_K18,1,4,29,3,1,29,0,0,29,0,1,2,32,1
37,38,block1_K18,1,4,30,2,0,30,0,0,30,0,1,2,32,1
37,38,block1_K18,1,4,31,3,0,31,0,0,31,0,1,2,32,1
37,38,block1_K18,1,8,32,4,0,32,0,1,0,0,1,2,32,1
37,38,block1_K18,1,8,33,5,0,33,0,1,1,0,1,2,32,1
37,38,block1_K18,1,8,34,4,1,34,0,1,2,0,1,2,32,1
37,38,block1_K18,1,8,35,5,1,35,0,1,3,0,1,2,32,1
37,38,block1_K18,1,9,36,4,2,36,0,1,4,0,1,2,32,1
37,38,block1_K18,1,9,37,5,2,37,0,1,5,0,1,2,32,1
37,38,block1_K18,1,9,38,4,3,38,0,1,6,0,1,2,32,1
37,38,block1_K18,1,9,39,5,3,39,0,1,7,0,1,2,32,1
37,38,block1_K18,1,10,40,4,4,40,0,1,8,0,1,2,32,1
37,38,block1_K18,1,10,41,5,4,41,0,1,9,0,1,2,32,1
37,38,block1_K18,1,10,42,4,5,42,0,1,10,0,1,2,32,1
37,38,block1_K18,1,10,43,5,5,43,0,1,11,0,1,2,32,1
37,38,block1_K18,1,11,44,4,6,44,0,1,12,0,1,2,32,1
37,38,block1_K18,1,11,45,5,6,45,0,1,13,0,1,2,32,1
37,38,block1_K18,1,11,46,4,7,46,0,1,14,0,1,2,32,1
37,38,block1_K18,1,11,47,5,7,47,0,1,15,0,1,2,32,1
37,38,block1_K18,1,15,48,6,7,48,0,1,16,0,1,2,32,1
37,38,block1_K18,1,15,49,7,7,49,0,1,17,0,1,2,32,1
37,38,block1_K18,1,15,50,6,6,50,0,1,18,0,1,2,32,1
37,38,block1_K18,1,15,51,7,6,51,0,1,19,0,1,2,32,1
37,38,block1_K18,1,14,52,6,5,52,0,1,20,0,1,2,32,1
37,38,block1_K18,1,14,53,7,5,53,0,1,21,0,1,2,32,1
37,38,block1_K18,1,14,54,6,4,54,0,1,22,0,1,2,32,1
37,38,block1_K18,1,14,55,7,4,55,0,1,23,0,1,2,32,1
37,38,block1_K18,1,13,56,6,3,56,0,1,24,0,1,2,32,1
37,38,block1_K18,1,13,57,7,3,57,0,1,25,0,1,2,32,1
37,38,block1_K18,1,13,58,6,2,58,0,1,26,0,1,2,32,1
37,38,block1_K18,1,13,59,7,2,59,0,1,27,0,1,2,32,1
37,38,block1_K18,1,12,60,6,1,60,0,1,28,0,1,2,32,1
37,38,block1_K18,1,12,61,7,1,61,0,1,29,0,1,2,32,1
37,38,block1_K18,1,12,62,6,0,62,0,1,30,0,1,2,32,1
37,38,block1_K18,1,12,63,7,0,63,0,1,31,0,1,2,32,1
38,39,block1_Kt18,1,0,0,0,0,0,0,0,0,0,1,8,8,1
38,39,block1_Kt18,1,0,1,1,0,1,0,0,1,0,1,8,8,1
38,39,block1_Kt18,1,0,2,0,1,2,0,0,2,0,1,8,8,1
38,39,block1_Kt18,1,0,3,1,1,3,0,0,3,0,1,8,8,1
38,39,block1_Kt18,1,1,4,0,2,4,0,0,4,0,1,8,8,1
38,39,block1_Kt18,1,1,5,1,2,5,0,0,5,0,1,8,8,1
38,39,block1_Kt18,1,1,6,0,3,6,0,0,6,0,1,8,8,1
38,39,block1_Kt18,1,1,7,1,3,7,0,0,7,0,1,8,8,1
38,39,block1_Kt18,1,2,8,0,4,8,0,1,0,0,1,8,8,1
38,39,block1_Kt18,1,2,9,1,4,9,0,1,1,0,1,8,8,1
38,39,block1_Kt18,1,2,10,0,5,10,0,1,2,0,1,8,8,1
38,39,block1_Kt18,1,2,11,1,5,11,0,1,3,0,1,8,8,1
38,39,block1_Kt18,1,3,12,0,6,12,0,1,4,0,1,8,8,1
38,39,block1_Kt18,1,3,13,1,6,13,0,1,5,0,1,8,8,1
38,39,block1_Kt18,1,3,14,0,7,14,0,1,6,0,1,8,8,1
38,39,block1_Kt18,1,3,15,1,7,15,0,1,7,0,1,8,8,1
38,39,block1_Kt18,1,7,16,2,7,16,0,2,0,0,1,8,8,1
38,39,block1_Kt18,1,7,17,3,7,17,0,2,1,0,1,8,8,1
38,39,block1_Kt18,1,7,18,2,6,18,0,2,2,0,1,8,8,1
38,39,block1_Kt18,1,7,19,3,6,19,0,2,3,0,1,8,8,1
38,39,block1_Kt18,1,6,20,2,5,20,0,2,4,0,1,8,8,1
38,39,block1_Kt18,1,6,21,3,5,21,0,2,5,0,1,8,8,1
38,39,block1_Kt18,1,6,22,2,4,22,0,2,6,0,1,8,8,1
38,39,block1_Kt18,1,6,23,3,4,23,0,2,7,0,1,8,8,1
38,39,block1_Kt18,1,5,24,2,3,24,0,3,0,0,1,8,8,1
38,39,block1_Kt18,1,5,25,3,3,25,0,3,1,0,1,8,8,1
38,39,block1_Kt18,1,5,26,2,2,26,0,3,2,0,1,8,8,1
38,39,block1_Kt18,1,5,27,3,2,27,0,3,3,0,1,8,8,1
38,39,block1_Kt18,1,4,28,2,1,28,0,3,4,0,1,8,8,1
38,39,block1_Kt18,1,4,29,3,1,29,0,3,5,0,1,8,8,1
38,39,block1_Kt18,1,4,30,2,0,30,0,3,6,0,1,8,8,1
38,39,block1_Kt18,1,4,31,3,0,31,0,3,7,0,1,8,8,1
38,39,block1_Kt18,1,8,32,4,0,32,0,4,0,0,1,8,8,1
38,39,block1_Kt18,1,8,33,5,0,33,0,4,1,0,1,8,8,1
38,39,block1_Kt18,1,8,34,4,1,34,0,4,2,0,1,8,8,1
38,39,block1_Kt18,1,8,35,5,1,35,0,4,3,0,1,8,8,1
38,39,block1_Kt18,1,9,36,4,2,36,0,4,4,0,1,8,8,1
38,39,block1_Kt18,1,9,37,5,2,37,0,4,5,0,1,8,8,1
38,39,block1_Kt18,1,9,38,4,3,38,0,4,6,0,1,8,8,1
38,39,block1_Kt18,1,9,39,5,3,39,0,4,7,0,1,8,8,1
38,39,block1_Kt18,1,10,40,4,4,40,0,5,0,0,1,8,8,1
38,39,block1_Kt18,1,10,41,5,4,41,0,5,1,0,1,8,8,1
38,39,block1_Kt18,1,10,42,4,5,42,0,5,2,0,1,8,8,1
38,39,block1_Kt18,1,10,43,5,5,43,0,5,3,0,1,8,8,1
38,39,block1_Kt18,1,11,44,4,6,44,0,5,4,0,1,8,8,1
38,39,block1_Kt18,1,11,45,5,6,45,0,5,5,0,1,8,8,1
38,39,block1_Kt18,1,11,46,4,7,46,0,5,6,0,1,8,8,1
38,39,block1_Kt18,1,11,47,5,7,47,0,5,7,0,1,8,8,1
38,39,block1_Kt18,1,15,48,6,7,48,0,6,0,0,1,8,8,1
38,39,block1_Kt18,1,15,49,7,7,49,0,6,1,0,1,8,8,1
38,39,block1_Kt18,1,15,50,6,6,50,0,6,2,0,1,8,8,1
38,39,block1_Kt18,1,15,51,7,6,51,0,6,3,0,1,8,8,1
38,39,block1_Kt18,1,14,52,6,5,52,0,6,4,0,1,8,8,1
38,39,block1_Kt18,1,14,53,7,5,53,0,6,5,0,1,8,8,1
38,39,block1_Kt18,1,14,54,6,4,54,0,6,6,0,1,8,8,1
38,39,block1_Kt18,1,14,55,7,4,55,0,6,7,0,1,8,8,1
38,39,block1_Kt18,1,13,56,6,3,56,0,7,0,0,1,8,8,1
38,39,block1_Kt18,1,13,57,7,3,57,0,7,1,0,1,8,8,1
38,39,block1_Kt18,1,13,58,6,2,58,0,7,2,0,1,8,8,1
38,39,block1_Kt18,1,13,59,7,2,59,0,7,3,0,1,8,8,1
38,39,block1_Kt18,1,12,60,6,1,60,0,7,4,0,1,8,8,1
38,39,block1_Kt18,1,12,61,7,1,61,0,7,5,0,1,8,8,1
38,39,block1_Kt18,1,12,62,6,0,62,0,7,6,0,1,8,8,1
38,39,block1_Kt18,1,12,63,7,0,63,0,7,7,0,1,8,8,1
39,40,block1_K19,1,0,0,0,0,0,0,0,0,0,1,2,32,1
39,40,block1_K19,1,0,1,1,0,1,0,0,1,0,1,2,32,1
39,40,block1_K19,1,0,2,0,1,2,0,0,2,0,1,2,32,1
39,40,block1_K19,1,0,3,1,1,3,0,0,3,0,1,2,32,1
39,40,block1_K19,1,1,4,0,2,4,0,0,4,0,1,2,32,1
39,40,block1_K19,1,1,5,1,2,5,0,0,5,0,1,2,32,1
39,40,block1_K19,1,1,6,0,3,6,0,0,6,0,1,2,32,1
39,40,block1_K19,1,1,7,1,3,7,0,0,7,0,1,2,32,1
39,40,block1_K19,1,2,8,0,4,8,0,0,8,0,1,2,32,1
39,40,block1_K19,1,2,9,1,4,9,0,0,9,0,1,2,32,1
39,40,block1_K19,1,2,10,0,5,10,0,0,10,0,1,2,32,1
39,40,block1_K19,1,2,11,1,5,11,0,0,11,0,1,2,32,1
39,40,block1_K19,1,3,12,0,6,12,0,0,12,0,1,2,32,1
39,40,block1_K19,1,3,13,1,6,13,0,0,13,0,1,2,32,1
39,40,block1_K19,1,3,14,0,7,14,0,0,14,0,1,2,32,1
39,40,block1_K19,1,3,15,1,7,15,0,0,15,0,1,2,32,1
39,40,block1_K19,1,7,16,2,7,16,0,0,16,0,1,2,32,1
39,40,block1_K19,1,7,17,3,7,17,0,0,17,0,1,2,32,1
39,40,block1_K19,1,7,18,2,6,18,0,0,18,0,1,2,32,1
39,40,block1_K19,1,7,19,3,6,19,0,0,19,0,1,2,32,1
39,40,block1_K19,1,6,20,2,5,20,0,0,20,0,1,2,32,1
39,40,block1_K19,1,6,21,3,5,21,0,0,21,0,1,2,32,1
39,40,block1_K19,1,6,22,2,4,22,0,0,22,0,1,2,32,1
39,40,block1_K19,1,6,23,3,4,23,0,0,23,0,1,2,32,1
39,40,block1_K19,1,5,24,2,3,24,0,0,24,0,1,2,32,1
39,40,block1_K19,1,5,25,3,3,25,0,0,25,0,1,2,32,1
39,40,block1_K19,1,5,26,2,2,26,0,0,26,0,1,2,32,1
39,40,block1_K19,1,5,27,3,2,27,0,0,27,0,1,2,32,1
39,40,block1_K19,1,4,28,2,1,28,0,0,28,0,1,2,32,1
39,40,block1_K19,1,4,29,3,1,29,0,0,29,0,1,2,32,1
39,40,block1_K19,1,4,30,2,0,30,0,0,30,0,1,2,32,1
39,40,block1_K19,1,4,31,3,0,31,0,0,31,0,1,2,32,1
39,40,block1_K19,1,8,32,4,0,32,0,1,0,0,1,2,32,1
39,40,block1_K19,1,8,33,5,0,33,0,1,1,0,1,2,32,1
39,40,block1_K19,1,8,34,4,1,34,0,1,2,0,1,2,32,1
39,40,block1_K19,1,8,35,5,1,35,0,1,3,0,1,2,32,1
39,40,block1_K19,1,9,36,4,2,36,0,1,4,0,1,2,32,1
39,40,block1_K19,1,9,37,5,2,37,0,1,5,0,1,2,32,1
39,40,block1_K19,1,9,38,4,3,38,0,1,6,0,1,2,32,1
39,40,block1_K19,1,9,39,5,3,39,0,1,7,0,1,2,32,1
39,40,block1_K19,1,10,40,4,4,40,0,1,8,0,1,2,32,1
39,40,block1_K19,1,10,41,5,4,41,0,1,9,0,1,2,32,1
39,40,block1_K19,1,10,42,4,5,42,0,1,10,0,1,2,32,1
39,40,block1_K19,1,10,43,5,5,43,0,1,11,0,1,2,32,1
39,40,block1_K19,1,11,44,4,6,44,0,1,12,0,1,2,32,1
39,40,block1_K19,1,11,45,5,6,45,0,1,13,0,1,2,32,1
39,40,block1_K19,1,11,46,4,7,46,0,1,14,0,1,2,32,1
39,40,block1_K19,1,11,47,5,7,47,0,1,15,0,1,2,32,1
39,40,block1_K19,1,15,48,6,7,48,0,1,16,0,1,2,32,1
39,40,block1_K19,1,15,49,7,7,49,0,1,17,0,1,2,32,1
39,40,block1_K19,1,15,50,6,6,50,0,1,18,0,1,2,32,1
39,40,block1_K19,1,15,51,7,6,51,0,1,19,0,1,2,32,1
39,40,block1_K19,1,14,52,6,5,52,0,1,20,0,1,2,32,1
39,40,block1_K19,1,14,53,7,5,53,0,1,21,0,1,2,32,1
39,40,block1_K19,1,14,54,6,4,54,0,1,22,0,1,2,32,1
39,40,block1_K19,1,14,55,7,4,55,0,1,23,0,1,2,32,1
39,40,block1_K19,1,13,56,6,3,56,0,1,24,0,1,2,32,1
39,40,block1_K19,1,13,57,7,3,57,0,1,25,0,1,2,32,1
39,40,block1_K19,1,13,58,6,2,58,0,1,26,0,1,2,32,1
39,40,block1_K19,1,13,59,7,2,59,0,1,27,0,1,2,32,1
39,40,block1_K19,1,12,60,6,1,60,0,1,28,0,1,2,32,1
39,40,block1_K19,1,12,61,7,1,61,0,1,29,0,1,2,32,1
39,40,block1_K19,1,12,62,6,0,62,0,1,30,0,1,2,32,1
39,40,block1_K19,1,12,63,7,0,63,0,1,31,0,1,2,32,1
40,41,block1_Kt19,1,0,0,0,0,0,0,0,0,0,1,8,8,1
40,41,block1_Kt19,1,0,1,1,0,1,0,0,1,0,1,8,8,1
40,41,block1_Kt19,1,0,2,0,1,2,0,0,2,0,1,8,8,1
40,41,block1_Kt19,1,0,3,1,1,3,0,0,3,0,1,8,8,1
40,41,block1_Kt19,1,1,4,0,2,4,0,0,4,0,1,8,8,1
40,41,block1_Kt19,1,1,5,1,2,5,0,0,5,0,1,8,8,1
40,41,block1_Kt19,1,1,6,0,3,6,0,0,6,0,1,8,8,1
40,41,block1_Kt19,1,1,7,1,3,7,0,0,7,0,1,8,8,1
40,41,block1_Kt19,1,2,8,0,4,8,0,1,0,0,1,8,8,1
40,41,block1_Kt19,1,2,9,1,4,9,0,1,1,0,1,8,8,1
40,41,block1_Kt19,1,2,10,0,5,10,0,1,2,0,1,8,8,1
40,41,block1_Kt19,1,2,11,1,5,11,0,1,3,0,1,8,8,1
40,41,block1_Kt19,1,3,12,0,6,12,0,1,4,0,1,8,8,1
40,41,block1_Kt19,1,3,13,1,6,13,0,1,5,0,1,8,8,1
40,41,block1_Kt19,1,3,14,0,7,14,0,1,6,0,1,8,8,1
40,41,block1_Kt19,1,3,15,1,7,15,0,1,7,0,1,8,8,1
40,41,block1_Kt19,1,7,16,2,7,16,0,2,0,0,1,8,8,1
40,41,block1_Kt19,1,7,17,3,7,17,0,2,1,0,1,8,8,1
40,41,block1_Kt19,1,7,18,2,6,18,0,2,2,0,1,8,8,1
40,41,block1_Kt19,1,7,19,3,6,19,0,2,3,0,1,8,8,1
40,41,block1_Kt19,1,6,20,2,5,20,0,2,4,0,1,8,8,1
40,41,block1_Kt19,1,6,21,3,5,21,0,2,5,0,1,8,8,1
40,41,block1_Kt19,1,6,22,2,4,22,0,2,6,0,1,8,8,1
40,41,block1_Kt19,1,6,23,3,4,23,0,2,7,0,1,8,8,1
40,41,block1_Kt19,1,5,24,2,3,24,0,3,0,0,1,8,8,1
40,41,block1_Kt19,1,5,25,3,3,25,0,3,1,0,1,8,8,1
40,41,block1_Kt19,1,5,26,2,2,26,0,3,2,0,1,8,8,1
40,41,block1_Kt19,1,5,27,3,2,27,0,3,3,0,1,8,8,1
40,41,block1_Kt19,1,4,28,2,1,28,0,3,4,0,1,8,8,1
40,41,block1_Kt19,1,4,29,3,1,29,0,3,5,0,1,8,8,1
40,41,block1_Kt19,1,4,30,2,0,30,0,3,6,0,1,8,8,1
40,41,block1_Kt19,1,4,31,3,0,31,0,3,7,0,1,8,8,1
40,41,block1_Kt19,1,8,32,4,0,32,0,4,0,0,1,8,8,1
40,41,block1_Kt19,1,8,33,5,0,33,0,4,1,0,1,8,8,1
40,41,block1_Kt19,1,8,34,4,1,34,0,4,2,0,1,8,8,1
40,41,block1_Kt19,1,8,35,5,1,35,0,4,3,0,1,8,8,1
40,41,block1_Kt19,1,9,36,4,2,36,0,4,4,0,1,8,8,1
40,41,block1_Kt19,1,9,37,5,2,37,0,4,5,0,1,8,8,1
40,41,block1_Kt19,1,9,38,4,3,38,0,4,6,0,1,8,8,1
40,41,block1_Kt19,1,9,39,5,3,39,0,4,7,0,1,8,8,1
40,41,block1_Kt19,1,10,40,4,4,40,0,5,0,0,1,8,8,1
40,41,block1_Kt19,1,10,41,5,4,41,0,5,1,0,1,8,8,1
40,41,block1_Kt19,1,10,42,4,5,42,0,5,2,0,1,8,8,1
40,41,block1_Kt19,1,10,43,5,5,43,0,5,3,0,1,8,8,1
40,41,block1_Kt19,1,11,44,4,6,44,0,5,4,0,1,8,8,1
40,41,block1_Kt19,1,11,45,5,6,45,0,5,5,0,1,8,8,1
40,41,block1_Kt19,1,11,46,4,7,46,0,5,6,0,1,8,8,1
40,41,block1_Kt19,1,11,47,5,7,47,0,5,7,0,1,8,8,1
40,41,block1_Kt19,1,15,48,6,7,48,0,6,0,0,1,8,8,1
40,41,block1_Kt19,1,15,49,7,7,49,0,6,1,0,1,8,8,1
40,41,block1_Kt19,1,15,50,6,6,50,0,6,2,0,1,8,8,1
40,41,block1_Kt19,1,15,51,7,6,51,0,6,3,0,1,8,8,1
40,41,block1_Kt19,1,14,52,6,5,52,0,6,4,0,1,8,8,1
40,41,block1_Kt19,1,14,53,7,5,53,0,6,5,0,1,8,8,1
40,41,block1_Kt19,1,14,54,6,4,54,0,6,6,0,1,8,8,1
40,41,block1_Kt19,1,14,55,7,4,55,0,6,7,0,1,8,8,1
40,41,block1_Kt19,1,13,56,6,3,56,0,7,0,0,1,8,8,1
40,41,block1_Kt19,1,13,57,7,3,57,0,7,1,0,1,8,8,1
40,41,block1_Kt19,1,13,58,6,2,58,0,7,2,0,1,8,8,1
40,41,block1_Kt19,1,13,59,7,2,59,0,7,3,0,1,8,8,1
40,41,block1_Kt19,1,12,60,6,1,60,0,7,4,0,1,8,8,1
40,41,block1_Kt19,1,12,61,7,1,61,0,7,5,0,1,8,8,1
40,41,block1_Kt19,1,12,62,6,0,62,0,7,6,0,1,8,8,1
40,41,block1_Kt19,1,12,63,7,0,63,0,7,7,0,1,8,8,1
41,42,block1_K20,1,0,0,0,0,0,0,0,0,0,1,2,32,1
41,42,block1_K20,1,0,1,1,0,1,0,0,1,0,1,2,32,1
41,42,block1_K20,1,0,2,0,1,2,0,0,2,0,1,2,32,1
41,42,block1_K20,1,0,3,1,1,3,0,0,3,0,1,2,32,1
41,42,block1_K20,1,1,4,0,2,4,0,0,4,0,1,2,32,1
41,42,block1_K20,1,1,5,1,2,5,0,0,5,0,1,2,32,1
41,42,block1_K20,1,1,6,0,3,6,0,0,6,0,1,2,32,1
41,42,block1_K20,1,1,7,1,3,7,0,0,7,0,1,2,32,1
41,42,block1_K20,1,2,8,0,4,8,0,0,8,0,1,2,32,1
41,42,block1_K20,1,2,9,1,4,9,0,0,9,0,1,2,32,1
41,42,block1_K20,1,2,10,0,5,10,0,0,10,0,1,2,32,1
41,42,block1_K20,1,2,11,1,5,11,0,0,11,0,1,2,32,1
41,42,block1_K20,1,3,12,0,6,12,0,0,12,0,1,2,32,1
41,42,block1_K20,1,3,13,1,6,13,0,0,13,0,1,2,32,1
41,42,block1_K20,1,3,14,0,7,14,0,0,14,0,1,2,32,1
41,42,block1_K20,1,3,15,1,7,15,0,0,15,0,1,2,32,1
41,42,block1_K20,1,7,16,2,7,16,0,0,16,0,1,2,32,1
41,42,block1_K20,1,7,17,3,7,17,0,0,17,0,1,2,32,1
41,42,block1_K20,1,7,18,2,6,18,0,0,18,0,1,2,32,1
41,42,block1_K20,1,7,19,3,6,19,0,0,19,0,1,2,32,1
41,42,block1_K20,1,6,20,2,5,20,0,0,20,0,1,2,32,1
41,42,block1_K20,1,6,21,3,5,21,0,0,21,0,1,2,32,1
41,42,block1_K20,1,6,22,2,4,22,0,0,22,0,1,2,32,1
41,42,block1_K20,1,6,23,3,4,23,0,0,23,0,1,2,32,1
41,42,block1_K20,1,5,24,2,3,24,0,0,24,0,1,2,32,1
41,42,block1_K20,1,5,25,3,3,25,0,0,25,0,1,2,32,1
41,42,block1_K20,1,5,26,2,2,26,0,0,26,0,1,2,32,1
41,42,block1_K20,1,5,27,3,2,27,0,0,27,0,1,2,32,1
41,42,block1_K20,1,4,28,2,1,28,0,0,28,0,1,2,32,1
41,42,block1_K20,1,4,29,3,1,29,0,0,29,0,1,2,32,1
41,42,block1_K20,1,4,30,2,0,30,0,0,30,0,1,2,32,1
41,42,block1_K20,1,4,31,3,0,31,0,0,31,0,1,2,32,1
41,42,block1_K20,1,8,32,4,0,32,0,1,0,0,1,2,32,1
41,42,block1_K20,1,8,33,5,0,33,0,1,1,0,1,2,32,1
41,42,block1_K20,1,8,34,4,1,34,0,1,2,0,1,2,32,1
41,42,block1_K20,1,8,35,5,1,35,0,1,3,0,1,2,32,1
41,42,block1_K20,1,9,36,4,2,36,0,1,4,0,1,2,32,1
41,42,block1_K20,1,9,37,5,2,37,0,1,5,0,1,2,32,1
41,42,block1_K20,1,9,38,4,3,38,0,1,6,0,1,2,32,1
41,42,block1_K20,1,9,39,5,3,39,0,1,7,0,1,2,32,1
41,42,block1_K20,1,10,40,4,4,40,0,1,8,0,1,2,32,1
41,42,block1_K20,1,10,41,5,4,41,0,1,9,0,1,2,32,1
41,42,block1_K20,1,10,42,4,5,42,0,1,10,0,1,2,32,1
41,42,block1_K20,1,10,43,5,5,43,0,1,11,0,1,2,32,1
41,42,block1_K20,1,11,44,4,6,44,0,1,12,0,1,2,32,1
41,42,block1_K20,1,11,45,5,6,45,0,1,13,0,1,2,32,1
41,42,block1_K20,1,11,46,4,7,46,0,1,14,0,1,2,32,1
41,42,block1_K20,1,11,47,5,7,47,0,1,15,0,1,2,32,1
41,42,block1_K20,1,15,48,6,7,48,0,1,16,0,1,2,32,1
41,42,block1_K20,1,15,49,7,7,49,0,1,17,0,1,2,32,1
41,42,block1_K20,1,15,50,6,6,50,0,1,18,0,1,2,32,1
41,42,block1_K20,1,15,51,7,6,51,0,1,19,0,1,2,32,1
41,42,block1_K20,1,14,52,6,5,52,0,1,20,0,1,2,32,1
41,42,block1_K20,1,14,53,7,5,53,0,1,21,0,1,2,32,1
41,42,block1_K20,1,14,54,6,4,54,0,1,22,0,1,2,32,1
41,42,block1_K20,1,14,55,7,4,55,0,1,23,0,1,2,32,1
41,42,block1_K20,1,13,56,6,3,56,0,1,24,0,1,2,32,1
41,42,block1_K20,1,13,57,7,3,57,0,1,25,0,1,2,32,1
41,42,block1_K20,1,13,58,6,2,58,0,1,26,0,1,2,32,1
41,42,block1_K20,1,13,59,7,2,59,0,1,27,0,1,2,32,1
41,42,block1_K20,1,12,60,6,1,60,0,1,28,0,1,2,32,1
41,42,block1_K20,1,12,61,7,1,61,0,1,29,0,1,2,32,1
41,42,block1_K20,1,12,62,6,0,62,0,1,30,0,1,2,32,1
41,42,block1_K20,1,12,63,7,0,63,0,1,31,0,1,2,32,1
42,43,block1_Kt20,1,0,0,0,0,0,0,0,0,0,1,8,8,1
42,43,block1_Kt20,1,0,1,1,0,1,0,0,1,0,1,8,8,1
42,43,block1_Kt20,1,0,2,0,1,2,0,0,2,0,1,8,8,1
42,43,block1_Kt20,1,0,3,1,1,3,0,0,3,0,1,8,8,1
42,43,block1_Kt20,1,1,4,0,2,4,0,0,4,0,1,8,8,1
42,43,block1_Kt20,1,1,5,1,2,5,0,0,5,0,1,8,8,1
42,43,block1_Kt20,1,1,6,0,3,6,0,0,6,0,1,8,8,1
42,43,block1_Kt20,1,1,7,1,3,7,0,0,7,0,1,8,8,1
42,43,block1_Kt20,1,2,8,0,4,8,0,1,0,0,1,8,8,1
42,43,block1_Kt20,1,2,9,1,4,9,0,1,1,0,1,8,8,1
42,43,block1_Kt20,1,2,10,0,5,10,0,1,2,0,1,8,8,1
42,43,block1_Kt20,1,2,11,1,5,11,0,1,3,0,1,8,8,1
42,43,block1_Kt20,1,3,12,0,6,12,0,1,4,0,1,8,8,1
42,43,block1_Kt20,1,3,13,1,6,13,0,1,5,0,1,8,8,1
42,43,block1_Kt20,1,3,14,0,7,14,0,1,6,0,1,8,8,1
42,43,block1_Kt20,1,3,15,1,7,15,0,1,7,0,1,8,8,1
42,43,block1_Kt20,1,7,16,2,7,16,0,2,0,0,1,8,8,1
42,43,block1_Kt20,1,7,17,3,7,17,0,2,1,0,1,8,8,1
42,43,block1_Kt20,1,7,18,2,6,18,0,2,2,0,1,8,8,1
42,43,block1_Kt20,1,7,19,3,6,19,0,2,3,0,1,8,8,1
42,43,block1_Kt20,1,6,20,2,5,20,0,2,4,0,1,8,8,1
42,43,block1_Kt20,1,6,21,3,5,21,0,2,5,0,1,8,8,1
42,43,block1_Kt20,1,6,22,2,4,22,0,2,6,0,1,8,8,1
42,43,block1_Kt20,1,6,23,3,4,23,0,2,7,0,1,8,8,1
42,43,block1_Kt20,1,5,24,2,3,24,0,3,0,0,1,8,8,1
42,43,block1_Kt20,1,5,25,3,3,25,0,3,1,0,1,8,8,1
42,43,block1_Kt20,1,5,26,2,2,26,0,3,2,0,1,8,8,1
42,43,block1_Kt20,1,5,27,3,2,27,0,3,3,0,1,8,8,1
42,43,block1_Kt20,1,4,28,2,1,28,0,3,4,0,1,8,8,1
42,43,block1_Kt20,1,4,29,3,1,29,0,3,5,0,1,8,8,1
42,43,block1_Kt20,1,4,30,2,0,30,0,3,6,0,1,8,8,1
42,43,block1_Kt20,1,4,31,3,0,31,0,3,7,0,1,8,8,1
42,43,block1_Kt20,1,8,32,4,0,32,0,4,0,0,1,8,8,1
42,43,block1_Kt20,1,8,33,5,0,33,0,4,1,0,1,8,8,1
42,43,block1_Kt20,1,8,34,4,1,34,0,4,2,0,1,8,8,1
42,43,block1_Kt20,1,8,35,5,1,35,0,4,3,0,1,8,8,1
42,43,block1_Kt20,1,9,36,4,2,36,0,4,4,0,1,8,8,1
42,43,block1_Kt20,1,9,37,5,2,37,0,4,5,0,1,8,8,1
42,43,block1_Kt20,1,9,38,4,3,38,0,4,6,0,1,8,8,1
42,43,block1_Kt20,1,9,39,5,3,39,0,4,7,0,1,8,8,1
42,43,block1_Kt20,1,10,40,4,4,40,0,5,0,0,1,8,8,1
42,43,block1_Kt20,1,10,41,5,4,41,0,5,1,0,1,8,8,1
42,43,block1_Kt20,1,10,42,4,5,42,0,5,2,0,1,8,8,1
42,43,block1_Kt20,1,10,43,5,5,43,0,5,3,0,1,8,8,1
42,43,block1_Kt20,1,11,44,4,6,44,0,5,4,0,1,8,8,1
42,43,block1_Kt20,1,11,45,5,6,45,0,5,5,0,1,8,8,1
42,43,block1_Kt20,1,11,46,4,7,46,0,5,6,0,1,8,8,1
42,43,block1_Kt20,1,11,47,5,7,47,0,5,7,0,1,8,8,1
42,43,block1_Kt20,1,15,48,6,7,48,0,6,0,0,1,8,8,1
42,43,block1_Kt20,1,15,49,7,7,49,0,6,1,0,1,8,8,1
42,43,block1_Kt20,1,15,50,6,6,50,0,6,2,0,1,8,8,1
42,43,block1_Kt20,1,15,51,7,6,51,0,6,3,0,1,8,8,1
42,43,block1_Kt20,1,14,52,6,5,52,0,6,4,0,1,8,8,1
42,43,block1_Kt20,1,14,53,7,5,53,0,6,5,0,1,8,8,1
42,43,block1_Kt20,1,14,54,6,4,54,0,6,6,0,1,8,8,1
42,43,block1_Kt20,1,14,55,7,4,55,0,6,7,0,1,8,8,1
42,43,block1_Kt20,1,13,56,6,3,56,0,7,0,0,1,8,8,1
42,43,block1_Kt20,1,13,57,7,3,57,0,7,1,0,1,8,8,1
42,43,block1_Kt20,1,13,58,6,2,58,0,7,2,0,1,8,8,1
42,43,block1_Kt20,1,13,59,7,2,59,0,7,3,0,1,8,8,1
42,43,block1_Kt20,1,12,60,6,1,60,0,7,4,0,1,8,8,1
42,43,block1_Kt20,1,12,61,7,1,61,0,7,5,0,1,8,8,1
42,43,block1_Kt20,1,12,62,6,0,62,0,7,6,0,1,8,8,1
42,43,block1_Kt20,1,12,63,7,0,63,0,7,7,0,1,8,8,1
43,44,block1_K21,1,0,0,0,0,0,0,0,0,0,1,2,32,1
43,44,block1_K21,1,0,1,1,0,1,0,0,1,0,1,2,32,1
43,44,block1_K21,1,0,2,0,1,2,0,0,2,0,1,2,32,1
43,44,block1_K21,1,0,3,1,1,3,0,0,3,0,1,2,32,1
43,44,block1_K21,1,1,4,0,2,4,0,0,4,0,1,2,32,1
43,44,block1_K21,1,1,5,1,2,5,0,0,5,0,1,2,32,1
43,44,block1_K21,1,1,6,0,3,6,0,0,6,0,1,2,32,1
43,44,block1_K21,1,1,7,1,3,7,0,0,7,0,1,2,32,1
43,44,block1_K21,1,2,8,0,4,8,0,0,8,0,1,2,32,1
43,44,block1_K21,1,2,9,1,4,9,0,0,9,0,1,2,32,1
43,44,block1_K21,1,2,10,0,5,10,0,0,10,0,1,2,32,1
43,44,block1_K21,1,2,11,1,5,11,0,0,11,0,1,2,32,1
43,44,block1_K21,1,3,12,0,6,12,0,0,12,0,1,2,32,1
43,44,block1_K21,1,3,13,1,6,13,0,0,13,0,1,2,32,1
43,44,block1_K21,1,3,14,0,7,14,0,0,14,0,1,2,32,1
43,44,block1_K21,1,3,15,1,7,15,0,0,15,0,1,2,32,1
43,44,block1_K21,1,7,16,2,7,16,0,0,16,0,1,2,32,1
43,44,block1_K21,1,7,17,3,7,17,0,0,17,0,1,2,32,1
43,44,block1_K21,1,7,18,2,6,18,0,0,18,0,1,2,32,1
43,44,block1_K21,1,7,19,3,6,19,0,0,19,0,1,2,32,1
43,44,block1_K21,1,6,20,2,5,20,0,0,20,0,1,2,32,1
43,44,block1_K21,1,6,21,3,5,21,0,0,21,0,1,2,32,1
43,44,block1_K21,1,6,22,2,4,22,0,0,22,0,1,2,32,1
43,44,block1_K21,1,6,23,3,4,23,0,0,23,0,1,2,32,1
43,44,block1_K21,1,5,24,2,3,24,0,0,24,0,1,2,32,1
43,44,block1_K21,1,5,25,3,3,25,0,0,25,0,1,2,32,1
43,44,block1_K21,1,5,26,2,2,26,0,0,26,0,1,2,32,1
43,44,block1_K21,1,5,27,3,2,27,0,0,27,0,1,2,32,1
43,44,block1_K21,1,4,28,2,1,28,0,0,28,0,1,2,32,1
43,44,block1_K21,1,4,29,3,1,29,0,0,29,0,1,2,32,1
43,44,block1_K21,1,4,30,2,0,30,0,0,30,0,1,2,32,1
43,44,block1_K21,1,4,31,3,0,31,0,0,31,0,1,2,32,1
43,44,block1_K21,1,8,32,4,0,32,0,1,0,0,1,2,32,1
43,44,block1_K21,1,8,33,5,0,33,0,1,1,0,1,2,32,1
43,44,block1_K21,1,8,34,4,1,34,0,1,2,0,1,2,32,1
43,44,block1_K21,1,8,35,5,1,35,0,1,3,0,1,2,32,1
43,44,block1_K21,1,9,36,4,2,36,0,1,4,0,1,2,32,1
43,44,block1_K21,1,9,37,5,2,37,0,1,5,0,1,2,32,1
43,44,block1_K21,1,9,38,4,3,38,0,1,6,0,1,2,32,1
43,44,block1_K21,1,9,39,5,3,39,0,1,7,0,1,2,32,1
43,44,block1_K21,1,10,40,4,4,40,0,1,8,0,1,2,32,1
43,44,block1_K21,1,10,41,5,4,41,0,1,9,0,1,2,32,1
43,44,block1_K21,1,10,42,4,5,42,0,1,10,0,1,2,32,1
43,44,block1_K21,1,10,43,5,5,43,0,1,11,0,1,2,32,1
43,44,block1_K21,1,11,44,4,6,44,0,1,12,0,1,2,32,1
43,44,block1_K21,1,11,45,5,6,45,0,1,13,0,1,2,32,1
43,44,block1_K21,1,11,46,4,7,46,0,1,14,0,1,2,32,1
43,44,block1_K21,1,11,47,5,7,47,0,1,15,0,1,2,32,1
43,44,block1_K21,1,15,48,6,7,48,0,1,16,0,1,2,32,1
43,44,block1_K21,1,15,49,7,7,49,0,1,17,0,1,2,32,1
43,44,block1_K21,1,15,50,6,6,50,0,1,18,0,1,2,32,1
43,44,block1_K21,1,15,51,7,6,51,0,1,19,0,1,2,32,1
43,44,block1_K21,1,14,52,6,5,52,0,1,20,0,1,2,32,1
43,44,block1_K21,1,14,53,7,5,53,0,1,21,0,1,2,32,1
43,44,block1_K21,1,14,54,6,4,54,0,1,22,0,1,2,32,1
43,44,block1_K21,1,14,55,7,4,55,0,1,23,0,1,2,32,1
43,44,block1_K21,1,13,56,6,3,56,0,1,24,0,1,2,32,1
43,44,block1_K21,1,13,57,7,3,57,0,1,25,0,1,2,32,1
43,44,block1_K21,1,13,58,6,2,58,0,1,26,0,1,2,32,1
43,44,block1_K21,1,13,59,7,2,59,0,1,27,0,1,2,32,1
43,44,block1_K21,1,12,60,6,1,60,0,1,28,0,1,2,32,1
43,44,block1_K21,1,12,61,7,1,61,0,1,29,0,1,2,32,1
43,44,block1_K21,1,12,62,6,0,62,0,1,30,0,1,2,32,1
43,44,block1_K21,1,12,63,7,0,63,0,1,31,0,1,2,32,1
44,45,block1_Kt21,1,0,0,0,0,0,0,0,0,0,1,8,8,1
44,45,block1_Kt21,1,0,1,1,0,1,0,0,1,0,1,8,8,1
44,45,block1_Kt21,1,0,2,0,1,2,0,0,2,0,1,8,8,1
44,45,block1_Kt21,1,0,3,1,1,3,0,0,3,0,1,8,8,1
44,45,block1_Kt21,1,1,4,0,2,4,0,0,4,0,1,8,8,1
44,45,block1_Kt21,1,1,5,1,2,5,0,0,5,0,1,8,8,1
44,45,block1_Kt21,1,1,6,0,3,6,0,0,6,0,1,8,8,1
44,45,block1_Kt21,1,1,7,1,3,7,0,0,7,0,1,8,8,1
44,45,block1_Kt21,1,2,8,0,4,8,0,1,0,0,1,8,8,1
44,45,block1_Kt21,1,2,9,1,4,9,0,1,1,0,1,8,8,1
44,45,block1_Kt21,1,2,10,0,5,10,0,1,2,0,1,8,8,1
44,45,block1_Kt21,1,2,11,1,5,11,0,1,3,0,1,8,8,1
44,45,block1_Kt21,1,3,12,0,6,12,0,1,4,0,1,8,8,1
44,45,block1_Kt21,1,3,13,1,6,13,0,1,5,0,1,8,8,1
44,45,block1_Kt21,1,3,14,0,7,14,0,1,6,0,1,8,8,1
44,45,block1_Kt21,1,3,15,1,7,15,0,1,7,0,1,8,8,1
44,45,block1_Kt21,1,7,16,2,7,16,0,2,0,0,1,8,8,1
44,45,block1_Kt21,1,7,17,3,7,17,0,2,1,0,1,8,8,1
44,45,block1_Kt21,1,7,18,2,6,18,0,2,2,0,1,8,8,1
44,45,block1_Kt21,1,7,19,3,6,19,0,2,3,0,1,8,8,1
44,45,block1_Kt21,1,6,20,2,5,20,0,2,4,0,1,8,8,1
44,45,block1_Kt21,1,6,21,3,5,21,0,2,5,0,1,8,8,1
44,45,block1_Kt21,1,6,22,2,4,22,0,2,6,0,1,8,8,1
44,45,block1_Kt21,1,6,23,3,4,23,0,2,7,0,1,8,8,1
44,45,block1_Kt21,1,5,24,2,3,24,0,3,0,0,1,8,8,1
44,45,block1_Kt21,1,5,25,3,3,25,0,3,1,0,1,8,8,1
44,45,block1_Kt21,1,5,26,2,2,26,0,3,2,0,1,8,8,1
44,45,block1_Kt21,1,5,27,3,2,27,0,3,3,0,1,8,8,1
44,45,block1_Kt21,1,4,28,2,1,28,0,3,4,0,1,8,8,1
44,45,block1_Kt21,1,4,29,3,1,29,0,3,5,0,1,8,8,1
44,45,block1_Kt21,1,4,30,2,0,30,0,3,6,0,1,8,8,1
44,45,block1_Kt21,1,4,31,3,0,31,0,3,7,0,1,8,8,1
44,45,block1_Kt21,1,8,32,4,0,32,0,4,0,0,1,8,8,1
44,45,block1_Kt21,1,8,33,5,0,33,0,4,1,0,1,8,8,1
44,45,block1_Kt21,1,8,34,4,1,34,0,4,2,0,1,8,8,1
44,45,block1_Kt21,1,8,35,5,1,35,0,4,3,0,1,8,8,1
44,45,block1_Kt21,1,9,36,4,2,36,0,4,4,0,1,8,8,1
44,45,block1_Kt21,1,9,37,5,2,37,0,4,5,0,1,8,8,1
44,45,block1_Kt21,1,9,38,4,3,38,0,4,6,0,1,8,8,1
44,45,block1_Kt21,1,9,39,5,3,39,0,4,7,0,1,8,8,1
44,45,block1_Kt21,1,10,40,4,4,40,0,5,0,0,1,8,8,1
44,45,block1_Kt21,1,10,41,5,4,41,0,5,1,0,1,8,8,1
44,45,block1_Kt21,1,10,42,4,5,42,0,5,2,0,1,8,8,1
44,45,block1_Kt21,1,10,43,5,5,43,0,5,3,0,1,8,8,1
44,45,block1_Kt21,1,11,44,4,6,44,0,5,4,0,1,8,8,1
44,45,block1_Kt21,1,11,45,5,6,45,0,5,5,0,1,8,8,1
44,45,block1_Kt21,1,11,46,4,7,46,0,5,6,0,1,8,8,1
44,45,block1_Kt21,1,11,47,5,7,47,0,5,7,0,1,8,8,1
44,45,block1_Kt21,1,15,48,6,7,48,0,6,0,0,1,8,8,1
44,45,block1_Kt21,1,15,49,7,7,49,0,6,1,0,1,8,8,1
44,45,block1_Kt21,1,15,50,6,6,50,0,6,2,0,1,8,8,1
44,45,block1_Kt21,1,15,51,7,6,51,0,6,3,0,1,8,8,1
44,45,block1_Kt21,1,14,52,6,5,52,0,6,4,0,1,8,8,1
44,45,block1_Kt21,1,14,53,7,5,53,0,6,5,0,1,8,8,1
44,45,block1_Kt21,1,14,54,6,4,54,0,6,6,0,1,8,8,1
44,45,block1_Kt21,1,14,55,7,4,55,0,6,7,0,1,8,8,1
44,45,block1_Kt21,1,13,56,6,3,56,0,7,0,0,1,8,8,1
44,45,block1_Kt21,1,13,57,7,3,57,0,7,1,0,1,8,8,1
44,45,block1_Kt21,1,13,58,6,2,58,0,7,2,0,1,8,8,1
44,45,block1_Kt21,1,13,59,7,2,59,0,7,3,0,1,8,8,1
44,45,block1_Kt21,1,12,60,6,1,60,0,7,4,0,1,8,8,1
44,45,block1_Kt21,1,12,61,7,1,61,0,7,5,0,1,8,8,1
44,45,block1_Kt21,1,12,62,6,0,62,0,7,6,0,1,8,8,1
44,45,block1_Kt21,1,12,63,7,0,63,0,7,7,0,1,8,8,1
45,46,block1_K22,1,0,0,0,0,0,0,0,0,0,1,2,32,1
45,46,block1_K22,1,0,1,1,0,1,0,0,1,0,1,2,32,1
45,46,block1_K22,1,0,2,0,1,2,0,0,2,0,1,2,32,1
45,46,block1_K22,1,0,3,1,1,3,0,0,3,0,1,2,32,1
45,46,block1_K22,1,1,4,0,2,4,0,0,4,0,1,2,32,1
45,46,block1_K22,1,1,5,1,2,5,0,0,5,0,1,2,32,1
45,46,block1_K22,1,1,6,0,3,6,0,0,6,0,1,2,32,1
45,46,block1_K22,1,1,7,1,3,7,0,0,7,0,1,2,32,1
45,46,block1_K22,1,2,8,0,4,8,0,0,8,0,1,2,32,1
45,46,block1_K22,1,2,9,1,4,9,0,0,9,0,1,2,32,1
45,46,block1_K22,1,2,10,0,5,10,0,0,10,0,1,2,32,1
45,46,block1_K22,1,2,11,1,5,11,0,0,11,0,1,2,32,1
45,46,block1_K22,1,3,12,0,6,12,0,0,12,0,1,2,32,1
45,46,block1_K22,1,3,13,1,6,13,0,0,13,0,1,2,32,1
45,46,block1_K22,1,3,14,0,7,14,0,0,14,0,1,2,32,1
45,46,block1_K22,1,3,15,1,7,15,0,0,15,0,1,2,32,1
45,46,block1_K22,1,7,16,2,7,16,0,0,16,0,1,2,32,1
45,46,block1_K22,1,7,17,3,7,17,0,0,17,0,1,2,32,1
45,46,block1_K22,1,7,18,2,6,18,0,0,18,0,1,2,32,1
45,46,block1_K22,1,7,19,3,6,19,0,0,19,0,1,2,32,1
45,46,block1_K22,1,6,20,2,5,20,0,0,20,0,1,2,32,1
45,46,block1_K22,1,6,21,3,5,21,0,0,21,0,1,2,32,1
45,46,block1_K22,1,6,22,2,4,22,0,0,22,0,1,2,32,1
45,46,block1_K22,1,6,23,3,4,23,0,0,23,0,1,2,32,1
45,46,block1_K22,1,5,24,2,3,24,0,0,24,0,1,2,32,1
45,46,block1_K22,1,5,25,3,3,25,0,0,25,0,1,2,32,1
45,46,block1_K22,1,5,26,2,2,26,0,0,26,0,1,2,32,1
45,46,block1_K22,1,5,27,3,2,27,0,0,27,0,1,2,32,1
45,46,block1_K22,1,4,28,2,1,28,0,0,28,0,1,2,32,1
45,46,block1_K22,1,4,29,3,1,29,0,0,29,0,1,2,32,1
45,46,block1_K22,1,4,30,2,0,30,0,0,30,0,1,2,32,1
45,46,block1_K22,1,4,31,3,0,31,0,0,31,0,1,2,32,1
45,46,block1_K22,1,8,32,4,0,32,0,1,0,0,1,2,32,1
45,46,block1_K22,1,8,33,5,0,33,0,1,1,0,1,2,32,1
45,46,block1_K22,1,8,34,4,1,34,0,1,2,0,1,2,32,1
45,46,block1_K22,1,8,35,5,1,35,0,1,3,0,1,2,32,1
45,46,block1_K22,1,9,36,4,2,36,0,1,4,0,1,2,32,1
45,46,block1_K22,1,9,37,5,2,37,0,1,5,0,1,2,32,1
45,46,block1_K22,1,9,38,4,3,38,0,1,6,0,1,2,32,1
45,46,block1_K22,1,9,39,5,3,39,0,1,7,0,1,2,32,1
45,46,block1_K22,1,10,40,4,4,40,0,1,8,0,1,2,32,1
45,46,block1_K22,1,10,41,5,4,41,0,1,9,0,1,2,32,1
45,46,block1_K22,1,10,42,4,5,42,0,1,10,0,1,2,32,1
45,46,block1_K22,1,10,43,5,5,43,0,1,11,0,1,2,32,1
45,46,block1_K22,1,11,44,4,6,44,0,1,12,0,1,2,32,1
45,46,block1_K22,1,11,45,5,6,45,0,1,13,0,1,2,32,1
45,46,block1_K22,1,11,46,4,7,46,0,1,14,0,1,2,32,1
45,46,block1_K22,1,11,47,5,7,47,0,1,15,0,1,2,32,1
45,46,block1_K22,1,15,48,6,7,48,0,1,16,0,1,2,32,1
45,46,block1_K22,1,15,49,7,7,49,0,1,17,0,1,2,32,1
45,46,block1_K22,1,15,50,6,6,50,0,1,18,0,1,2,32,1
45,46,block1_K22,1,15,51,7,6,51,0,1,19,0,1,2,32,1
45,46,block1_K22,1,14,52,6,5,52,0,1,20,0,1,2,32,1
45,46,block1_K22,1,14,53,7,5,53,0,1,21,0,1,2,32,1
45,46,block1_K22,1,14,54,6,4,54,0,1,22,0,1,2,32,1
45,46,block1_K22,1,14,55,7,4,55,0,1,23,0,1,2,32,1
45,46,block1_K22,1,13,56,6,3,56,0,1,24,0,1,2,32,1
45,46,block1_K22,1,13,57,7,3,57,0,1,25,0,1,2,32,1
45,46,block1_K22,1,13,58,6,2,58,0,1,26,0,1,2,32,1
45,46,block1_K22,1,13,59,7,2,59,0,1,27,0,1,2,32,1
45,46,block1_K22,1,12,60,6,1,60,0,1,28,0,1,2,32,1
45,46,block1_K22,1,12,61,7,1,61,0,1,29,0,1,2,32,1
45,46,block1_K22,1,12,62,6,0,62,0,1,30,0,1,2,32,1
45,46,block1_K22,1,12,63,7,0,63,0,1,31,0,1,2,32,1
46,47,block1_Kt22,1,0,0,0,0,0,0,0,0,0,1,8,8,1
46,47,block1_Kt22,1,0,1,1,0,1,0,0,1,0,1,8,8,1
46,47,block1_Kt22,1,0,2,0,1,2,0,0,2,0,1,8,8,1
46,47,block1_Kt22,1,0,3,1,1,3,0,0,3,0,1,8,8,1
46,47,block1_Kt22,1,1,4,0,2,4,0,0,4,0,1,8,8,1
46,47,block1_Kt22,1,1,5,1,2,5,0,0,5,0,1,8,8,1
46,47,block1_Kt22,1,1,6,0,3,6,0,0,6,0,1,8,8,1
46,47,block1_Kt22,1,1,7,1,3,7,0,0,7,0,1,8,8,1
46,47,block1_Kt22,1,2,8,0,4,8,0,1,0,0,1,8,8,1
46,47,block1_Kt22,1,2,9,1,4,9,0,1,1,0,1,8,8,1
46,47,block1_Kt22,1,2,10,0,5,10,0,1,2,0,1,8,8,1
46,47,block1_Kt22,1,2,11,1,5,11,0,1,3,0,1,8,8,1
46,47,block1_Kt22,1,3,12,0,6,12,0,1,4,0,1,8,8,1
46,47,block1_Kt22,1,3,13,1,6,13,0,1,5,0,1,8,8,1
46,47,block1_Kt22,1,3,14,0,7,14,0,1,6,0,1,8,8,1
46,47,block1_Kt22,1,3,15,1,7,15,0,1,7,0,1,8,8,1
46,47,block1_Kt22,1,7,16,2,7,16,0,2,0,0,1,8,8,1
46,47,block1_Kt22,1,7,17,3,7,17,0,2,1,0,1,8,8,1
46,47,block1_Kt22,1,7,18,2,6,18,0,2,2,0,1,8,8,1
46,47,block1_Kt22,1,7,19,3,6,19,0,2,3,0,1,8,8,1
46,47,block1_Kt22,1,6,20,2,5,20,0,2,4,0,1,8,8,1
46,47,block1_Kt22,1,6,21,3,5,21,0,2,5,0,1,8,8,1
46,47,block1_Kt22,1,6,22,2,4,22,0,2,6,0,1,8,8,1
46,47,block1_Kt22,1,6,23,3,4,23,0,2,7,0,1,8,8,1
46,47,block1_Kt22,1,5,24,2,3,24,0,3,0,0,1,8,8,1
46,47,block1_Kt22,1,5,25,3,3,25,0,3,1,0,1,8,8,1
46,47,block1_Kt22,1,5,26,2,2,26,0,3,2,0,1,8,8,1
46,47,block1_Kt22,1,5,27,3,2,27,0,3,3,0,1,8,8,1
46,47,block1_Kt22,1,4,28,2,1,28,0,3,4,0,1,8,8,1
46,47,block1_Kt22,1,4,29,3,1,29,0,3,5,0,1,8,8,1
46,47,block1_Kt22,1,4,30,2,0,30,0,3,6,0,1,8,8,1
46,47,block1_Kt22,1,4,31,3,0,31,0,3,7,0,1,8,8,1
46,47,block1_Kt22,1,8,32,4,0,32,0,4,0,0,1,8,8,1
46,47,block1_Kt22,1,8,33,5,0,33,0,4,1,0,1,8,8,1
46,47,block1_Kt22,1,8,34,4,1,34,0,4,2,0,1,8,8,1
46,47,block1_Kt22,1,8,35,5,1,35,0,4,3,0,1,8,8,1
46,47,block1_Kt22,1,9,36,4,2,36,0,4,4,0,1,8,8,1
46,47,block1_Kt22,1,9,37,5,2,37,0,4,5,0,1,8,8,1
46,47,block1_Kt22,1,9,38,4,3,38,0,4,6,0,1,8,8,1
46,47,block1_Kt22,1,9,39,5,3,39,0,4,7,0,1,8,8,1
46,47,block1_Kt22,1,10,40,4,4,40,0,5,0,0,1,8,8,1
46,47,block1_Kt22,1,10,41,5,4,41,0,5,1,0,1,8,8,1
46,47,block1_Kt22,1,10,42,4,5,42,0,5,2,0,1,8,8,1
46,47,block1_Kt22,1,10,43,5,5,43,0,5,3,0,1,8,8,1
46,47,block1_Kt22,1,11,44,4,6,44,0,5,4,0,1,8,8,1
46,47,block1_Kt22,1,11,45,5,6,45,0,5,5,0,1,8,8,1
46,47,block1_Kt22,1,11,46,4,7,46,0,5,6,0,1,8,8,1
46,47,block1_Kt22,1,11,47,5,7,47,0,5,7,0,1,8,8,1
46,47,block1_Kt22,1,15,48,6,7,48,0,6,0,0,1,8,8,1
46,47,block1_Kt22,1,15,49,7,7,49,0,6,1,0,1,8,8,1
46,47,block1_Kt22,1,15,50,6,6,50,0,6,2,0,1,8,8,1
46,47,block1_Kt22,1,15,51,7,6,51,0,6,3,0,1,8,8,1
46,47,block1_Kt22,1,14,52,6,5,52,0,6,4,0,1,8,8,1
46,47,block1_Kt22,1,14,53,7,5,53,0,6,5,0,1,8,8,1
46,47,block1_Kt22,1,14,54,6,4,54,0,6,6,0,1,8,8,1
46,47,block1_Kt22,1,14,55,7,4,55,0,6,7,0,1,8,8,1
46,47,block1_Kt22,1,13,56,6,3,56,0,7,0,0,1,8,8,1
46,47,block1_Kt22,1,13,57,7,3,57,0,7,1,0,1,8,8,1
46,47,block1_Kt22,1,13,58,6,2,58,0,7,2,0,1,8,8,1
46,47,block1_Kt22,1,13,59,7,2,59,0,7,3,0,1,8,8,1
46,47,block1_Kt22,1,12,60,6,1,60,0,7,4,0,1,8,8,1
46,47,block1_Kt22,1,12,61,7,1,61,0,7,5,0,1,8,8,1
46,47,block1_Kt22,1,12,62,6,0,62,0,7,6,0,1,8,8,1
46,47,block1_Kt22,1,12,63,7,0,63,0,7,7,0,1,8,8,1
47,48,block1_K23,1,0,0,0,0,0,0,0,0,0,1,2,32,1
47,48,block1_K23,1,0,1,1,0,1,0,0,1,0,1,2,32,1
47,48,block1_K23,1,0,2,0,1,2,0,0,2,0,1,2,32,1
47,48,block1_K23,1,0,3,1,1,3,0,0,3,0,1,2,32,1
47,48,block1_K23,1,1,4,0,2,4,0,0,4,0,1,2,32,1
47,48,block1_K23,1,1,5,1,2,5,0,0,5,0,1,2,32,1
47,48,block1_K23,1,1,6,0,3,6,0,0,6,0,1,2,32,1
47,48,block1_K23,1,1,7,1,3,7,0,0,7,0,1,2,32,1
47,48,block1_K23,1,2,8,0,4,8,0,0,8,0,1,2,32,1
47,48,block1_K23,1,2,9,1,4,9,0,0,9,0,1,2,32,1
47,48,block1_K23,1,2,10,0,5,10,0,0,10,0,1,2,32,1
47,48,block1_K23,1,2,11,1,5,11,0,0,11,0,1,2,32,1
47,48,block1_K23,1,3,12,0,6,12,0,0,12,0,1,2,32,1
47,48,block1_K23,1,3,13,1,6,13,0,0,13,0,1,2,32,1
47,48,block1_K23,1,3,14,0,7,14,0,0,14,0,1,2,32,1
47,48,block1_K23,1,3,15,1,7,15,0,0,15,0,1,2,32,1
47,48,block1_K23,1,7,16,2,7,16,0,0,16,0,1,2,32,1
47,48,block1_K23,1,7,17,3,7,17,0,0,17,0,1,2,32,1
47,48,block1_K23,1,7,18,2,6,18,0,0,18,0,1,2,32,1
47,48,block1_K23,1,7,19,3,6,19,0,0,19,0,1,2,32,1
47,48,block1_K23,1,6,20,2,5,20,0,0,20,0,1,2,32,1
47,48,block1_K23,1,6,21,3,5,21,0,0,21,0,1,2,32,1
47,48,block1_K23,1,6,22,2,4,22,0,0,22,0,1,2,32,1
47,48,block1_K23,1,6,23,3,4,23,0,0,23,0,1,2,32,1
47,48,block1_K23,1,5,24,2,3,24,0,0,24,0,1,2,32,1
47,48,block1_K23,1,5,25,3,3,25,0,0,25,0,1,2,32,1
47,48,block1_K23,1,5,26,2,2,26,0,0,26,0,1,2,32,1
47,48,block1_K23,1,5,27,3,2,27,0,0,27,0,1,2,32,1
47,48,block1_K23,1,4,28,2,1,28,0,0,28,0,1,2,32,1
47,48,block1_K23,1,4,29,3,1,29,0,0,29,0,1,2,32,1
47,48,block1_K23,1,4,30,2,0,30,0,0,30,0,1,2,32,1
47,48,block1_K23,1,4,31,3,0,31,0,0,31,0,1,2,32,1
47,48,block1_K23,1,8,32,4,0,32,0,1,0,0,1,2,32,1
47,48,block1_K23,1,8,33,5,0,33,0,1,1,0,1,2,32,1
47,48,block1_K23,1,8,34,4,1,34,0,1,2,0,1,2,32,1
47,48,block1_K23,1,8,35,5,1,35,0,1,3,0,1,2,32,1
47,48,block1_K23,1,9,36,4,2,36,0,1,4,0,1,2,32,1
47,48,block1_K23,1,9,37,5,2,37,0,1,5,0,1,2,32,1
47,48,block1_K23,1,9,38,4,3,38,0,1,6,0,1,2,32,1
47,48,block1_K23,1,9,39,5,3,39,0,1,7,0,1,2,32,1
47,48,block1_K23,1,10,40,4,4,40,0,1,8,0,1,2,32,1
47,48,block1_K23,1,10,41,5,4,41,0,1,9,0,1,2,32,1
47,48,block1_K23,1,10,42,4,5,42,0,1,10,0,1,2,32,1
47,48,block1_K23,1,10,43,5,5,43,0,1,11,0,1,2,32,1
47,48,block1_K23,1,11,44,4,6,44,0,1,12,0,1,2,32,1
47,48,block1_K23,1,11,45,5,6,45,0,1,13,0,1,2,32,1
47,48,block1_K23,1,11,46,4,7,46,0,1,14,0,1,2,32,1
47,48,block1_K23,1,11,47,5,7,47,0,1,15,0,1,2,32,1
47,48,block1_K23,1,15,48,6,7,48,0,1,16,0,1,2,32,1
47,48,block1_K23,1,15,49,7,7,49,0,1,17,0,1,2,32,1
47,48,block1_K23,1,15,50,6,6,50,0,1,18,0,1,2,32,1
47,48,block1_K23,1,15,51,7,6,51,0,1,19,0,1,2,32,1
47,48,block1_K23,1,14,52,6,5,52,0,1,20,0,1,2,32,1
47,48,block1_K23,1,14,53,7,5,53,0,1,21,0,1,2,32,1
47,48,block1_K23,1,14,54,6,4,54,0,1,22,0,1,2,32,1
47,48,block1_K23,1,14,55,7,4,55,0,1,23,0,1,2,32,1
47,48,block1_K23,1,13,56,6,3,56,0,1,24,0,1,2,32,1
47,48,block1_K23,1,13,57,7,3,57,0,1,25,0,1,2,32,1
47,48,block1_K23,1,13,58,6,2,58,0,1,26,0,1,2,32,1
47,48,block1_K23,1,13,59,7,2,59,0,1,27,0,1,2,32,1
47,48,block1_K23,1,12,60,6,1,60,0,1,28,0,1,2,32,1
47,48,block1_K23,1,12,61,7,1,61,0,1,29,0,1,2,32,1
47,48,block1_K23,1,12,62,6,0,62,0,1,30,0,1,2,32,1
47,48,block1_K23,1,12,63,7,0,63,0,1,31,0,1,2,32,1
48,49,block1_Kt23,1,0,0,0,0,0,0,0,0,0,1,8,8,1
48,49,block1_Kt23,1,0,1,1,0,1,0,0,1,0,1,8,8,1
48,49,block1_Kt23,1,0,2,0,1,2,0,0,2,0,1,8,8,1
48,49,block1_Kt23,1,0,3,1,1,3,0,0,3,0,1,8,8,1
48,49,block1_Kt23,1,1,4,0,2,4,0,0,4,0,1,8,8,1
48,49,block1_Kt23,1,1,5,1,2,5,0,0,5,0,1,8,8,1
48,49,block1_Kt23,1,1,6,0,3,6,0,0,6,0,1,8,8,1
48,49,block1_Kt23,1,1,7,1,3,7,0,0,7,0,1,8,8,1
48,49,block1_Kt23,1,2,8,0,4,8,0,1,0,0,1,8,8,1
48,49,block1_Kt23,1,2,9,1,4,9,0,1,1,0,1,8,8,1
48,49,block1_Kt23,1,2,10,0,5,10,0,1,2,0,1,8,8,1
48,49,block1_Kt23,1,2,11,1,5,11,0,1,3,0,1,8,8,1
48,49,block1_Kt23,1,3,12,0,6,12,0,1,4,0,1,8,8,1
48,49,block1_Kt23,1,3,13,1,6,13,0,1,5,0,1,8,8,1
48,49,block1_Kt23,1,3,14,0,7,14,0,1,6,0,1,8,8,1
48,49,block1_Kt23,1,3,15,1,7,15,0,1,7,0,1,8,8,1
48,49,block1_Kt23,1,7,16,2,7,16,0,2,0,0,1,8,8,1
48,49,block1_Kt23,1,7,17,3,7,17,0,2,1,0,1,8,8,1
48,49,block1_Kt23,1,7,18,2,6,18,0,2,2,0,1,8,8,1
48,49,block1_Kt23,1,7,19,3,6,19,0,2,3,0,1,8,8,1
48,49,block1_Kt23,1,6,20,2,5,20,0,2,4,0,1,8,8,1
48,49,block1_Kt23,1,6,21,3,5,21,0,2,5,0,1,8,8,1
48,49,block1_Kt23,1,6,22,2,4,22,0,2,6,0,1,8,8,1
48,49,block1_Kt23,1,6,23,3,4,23,0,2,7,0,1,8,8,1
48,49,block1_Kt23,1,5,24,2,3,24,0,3,0,0,1,8,8,1
48,49,block1_Kt23,1,5,25,3,3,25,0,3,1,0,1,8,8,1
48,49,block1_Kt23,1,5,26,2,2,26,0,3,2,0,1,8,8,1
48,49,block1_Kt23,1,5,27,3,2,27,0,3,3,0,1,8,8,1
48,49,block1_Kt23,1,4,28,2,1,28,0,3,4,0,1,8,8,1
48,49,block1_Kt23,1,4,29,3,1,29,0,3,5,0,1,8,8,1
48,49,block1_Kt23,1,4,30,2,0,30,0,3,6,0,1,8,8,1
48,49,block1_Kt23,1,4,31,3,0,31,0,3,7,0,1,8,8,1
48,49,block1_Kt23,1,8,32,4,0,32,0,4,0,0,1,8,8,1
48,49,block1_Kt23,1,8,33,5,0,33,0,4,1,0,1,8,8,1
48,49,block1_Kt23,1,8,34,4,1,34,0,4,2,0,1,8,8,1
48,49,block1_Kt23,1,8,35,5,1,35,0,4,3,0,1,8,8,1
48,49,block1_Kt23,1,9,36,4,2,36,0,4,4,0,1,8,8,1
48,49,block1_Kt23,1,9,37,5,2,37,0,4,5,0,1,8,8,1
48,49,block1_Kt23,1,9,38,4,3,38,0,4,6,0,1,8,8,1
48,49,block1_Kt23,1,9,39,5,3,39,0,4,7,0,1,8,8,1
48,49,block1_Kt23,1,10,40,4,4,40,0,5,0,0,1,8,8,1
48,49,block1_Kt23,1,10,41,5,4,41,0,5,1,0,1,8,8,1
48,49,block1_Kt23,1,10,42,4,5,42,0,5,2,0,1,8,8,1
48,49,block1_Kt23,1,10,43,5,5,43,0,5,3,0,1,8,8,1
48,49,block1_Kt23,1,11,44,4,6,44,0,5,4,0,1,8,8,1
48,49,block1_Kt23,1,11,45,5,6,45,0,5,5,0,1,8,8,1
48,49,block1_Kt23,1,11,46,4,7,46,0,5,6,0,1,8,8,1
48,49,block1_Kt23,1,11,47,5,7,47,0,5,7,0,1,8,8,1
48,49,block1_Kt23,1,15,48,6,7,48,0,6,0,0,1,8,8,1
48,49,block1_Kt23,1,15,49,7,7,49,0,6,1,0,1,8,8,1
48,49,block1_Kt23,1,15,50,6,6,50,0,6,2,0,1,8,8,1
48,49,block1_Kt23,1,15,51,7,6,51,0,6,3,0,1,8,8,1
48,49,block1_Kt23,1,14,52,6,5,52,0,6,4,0,1,8,8,1
48,49,block1_Kt23,1,14,53,7,5,53,0,6,5,0,1,8,8,1
48,49,block1_Kt23,1,14,54,6,4,54,0,6,6,0,1,8,8,1
48,49,block1_Kt23,1,14,55,7,4,55,0,6,7,0,1,8,8,1
48,49,block1_Kt23,1,13,56,6,3,56,0,7,0,0,1,8,8,1
48,49,block1_Kt23,1,13,57,7,3,57,0,7,1,0,1,8,8,1
48,49,block1_Kt23,1,13,58,6,2,58,0,7,2,0,1,8,8,1
48,49,block1_Kt23,1,13,59,7,2,59,0,7,3,0,1,8,8,1
48,49,block1_Kt23,1,12,60,6,1,60,0,7,4,0,1,8,8,1
48,49,block1_Kt23,1,12,61,7,1,61,0,7,5,0,1,8,8,1
48,49,block1_Kt23,1,12,62,6,0,62,0,7,6,0,1,8,8,1
48,49,block1_Kt23,1,12,63,7,0,63,0,7,7,0,1,8,8,1
49,50,block1_K24,1,0,0,0,0,0,0,0,0,0,1,2,32,1
49,50,block1_K24,1,0,1,1,0,1,0,0,1,0,1,2,32,1
49,50,block1_K24,1,0,2,0,1,2,0,0,2,0,1,2,32,1
49,50,block1_K24,1,0,3,1,1,3,0,0,3,0,1,2,32,1
49,50,block1_K24,1,1,4,0,2,4,0,0,4,0,1,2,32,1
49,50,block1_K24,1,1,5,1,2,5,0,0,5,0,1,2,32,1
49,50,block1_K24,1,1,6,0,3,6,0,0,6,0,1,2,32,1
49,50,block1_K24,1,1,7,1,3,7,0,0,7,0,1,2,32,1
49,50,block1_K24,1,2,8,0,4,8,0,0,8,0,1,2,32,1
49,50,block1_K24,1,2,9,1,4,9,0,0,9,0,1,2,32,1
49,50,block1_K24,1,2,10,0,5,10,0,0,10,0,1,2,32,1
49,50,block1_K24,1,2,11,1,5,11,0,0,11,0,1,2,32,1
49,50,block1_K24,1,3,12,0,6,12,0,0,12,0,1,2,32,1
49,50,block1_K24,1,3,13,1,6,13,0,0,13,0,1,2,32,1
49,50,block1_K24,1,3,14,0,7,14,0,0,14,0,1,2,32,1
49,50,block1_K24,1,3,15,1,7,15,0,0,15,0,1,2,32,1
49,50,block1_K24,1,7,16,2,7,16,0,0,16,0,1,2,32,1
49,50,block1_K24,1,7,17,3,7,17,0,0,17,0,1,2,32,1
49,50,block1_K24,1,7,18,2,6,18,0,0,18,0,1,2,32,1
49,50,block1_K24,1,7,19,3,6,19,0,0,19,0,1,2,32,1
49,50,block1_K24,1,6,20,2,5,20,0,0,20,0,1,2,32,1
49,50,block1_K24,1,6,21,3,5,21,0,0,21,0,1,2,32,1
49,50,block1_K24,1,6,22,2,4,22,0,0,22,0,1,2,32,1
49,50,block1_K24,1,6,23,3,4,23,0,0,23,0,1,2,32,1
49,50,block1_K24,1,5,24,2,3,24,0,0,24,0,1,2,32,1
49,50,block1_K24,1,5,25,3,3,25,0,0,25,0,1,2,32,1
49,50,block1_K24,1,5,26,2,2,26,0,0,26,0,1,2,32,1
49,50,block1_K24,1,5,27,3,2,27,0,0,27,0,1,2,32,1
49,50,block1_K24,1,4,28,2,1,28,0,0,28,0,1,2,32,1
49,50,block1_K24,1,4,29,3,1,29,0,0,29,0,1,2,32,1
49,50,block1_K24,1,4,30,2,0,30,0,0,30,0,1,2,32,1
49,50,block1_K24,1,4,31,3,0,31,0,0,31,0,1,2,32,1
49,50,block1_K24,1,8,32,4,0,32,0,1,0,0,1,2,32,1
49,50,block1_K24,1,8,33,5,0,33,0,1,1,0,1,2,32,1
49,50,block1_K24,1,8,34,4,1,34,0,1,2,0,1,2,32,1
49,50,block1_K24,1,8,35,5,1,35,0,1,3,0,1,2,32,1
49,50,block1_K24,1,9,36,4,2,36,0,1,4,0,1,2,32,1
49,50,block1_K24,1,9,37,5,2,37,0,1,5,0,1,2,32,1
49,50,block1_K24,1,9,38,4,3,38,0,1,6,0,1,2,32,1
49,50,block1_K24,1,9,39,5,3,39,0,1,7,0,1,2,32,1
49,50,block1_K24,1,10,40,4,4,40,0,1,8,0,1,2,32,1
49,50,block1_K24,1,10,41,5,4,41,0,1,9,0,1,2,32,1
49,50,block1_K24,1,10,42,4,5,42,0,1,10,0,1,2,32,1
49,50,block1_K24,1,10,43,5,5,43,0,1,11,0,1,2,32,1
49,50,block1_K24,1,11,44,4,6,44,0,1,12,0,1,2,32,1
49,50,block1_K24,1,11,45,5,6,45,0,1,13,0,1,2,32,1
49,50,block1_K24,1,11,46,4,7,46,0,1,14,0,1,2,32,1
49,50,block1_K24,1,11,47,5,7,47,0,1,15,0,1,2,32,1
49,50,block1_K24,1,15,48,6,7,48,0,1,16,0,1,2,32,1
49,50,block1_K24,1,15,49,7,7,49,0,1,17,0,1,2,32,1
49,50,block1_K24,1,15,50,6,6,50,0,1,18,0,1,2,32,1
49,50,block1_K24,1,15,51,7,6,51,0,1,19,0,1,2,32,1
49,50,block1_K24,1,14,52,6,5,52,0,1,20,0,1,2,32,1
49,50,block1_K24,1,14,53,7,5,53,0,1,21,0,1,2,32,1
49,50,block1_K24,1,14,54,6,4,54,0,1,22,0,1,2,32,1
49,50,block1_K24,1,14,55,7,4,55,0,1,23,0,1,2,32,1
49,50,block1_K24,1,13,56,6,3,56,0,1,24,0,1,2,32,1
49,50,block1_K24,1,13,57,7,3,57,0,1,25,0,1,2,32,1
49,50,block1_K24,1,13,58,6,2,58,0,1,26,0,1,2,32,1
49,50,block1_K24,1,13,59,7,2,59,0,1,27,0,1,2,32,1
49,50,block1_K24,1,12,60,6,1,60,0,1,28,0,1,2,32,1
49,50,block1_K24,1,12,61,7,1,61,0,1,29,0,1,2,32,1
49,50,block1_K24,1,12,62,6,0,62,0,1,30,0,1,2,32,1
49,50,block1_K24,1,12,63,7,0,63,0,1,31,0,1,2,32,1
50,51,block1_Kt24,1,0,0,0,0,0,0,0,0,0,1,8,8,1
50,51,block1_Kt24,1,0,1,1,0,1,0,0,1,0,1,8,8,1
50,51,block1_Kt24,1,0,2,0,1,2,0,0,2,0,1,8,8,1
50,51,block1_Kt24,1,0,3,1,1,3,0,0,3,0,1,8,8,1
50,51,block1_Kt24,1,1,4,0,2,4,0,0,4,0,1,8,8,1
50,51,block1_Kt24,1,1,5,1,2,5,0,0,5,0,1,8,8,1
50,51,block1_Kt24,1,1,6,0,3,6,0,0,6,0,1,8,8,1
50,51,block1_Kt24,1,1,7,1,3,7,0,0,7,0,1,8,8,1
50,51,block1_Kt24,1,2,8,0,4,8,0,1,0,0,1,8,8,1
50,51,block1_Kt24,1,2,9,1,4,9,0,1,1,0,1,8,8,1
50,51,block1_Kt24,1,2,10,0,5,10,0,1,2,0,1,8,8,1
50,51,block1_Kt24,1,2,11,1,5,11,0,1,3,0,1,8,8,1
50,51,block1_Kt24,1,3,12,0,6,12,0,1,4,0,1,8,8,1
50,51,block1_Kt24,1,3,13,1,6,13,0,1,5,0,1,8,8,1
50,51,block1_Kt24,1,3,14,0,7,14,0,1,6,0,1,8,8,1
50,51,block1_Kt24,1,3,15,1,7,15,0,1,7,0,1,8,8,1
50,51,block1_Kt24,1,7,16,2,7,16,0,2,0,0,1,8,8,1
50,51,block1_Kt24,1,7,17,3,7,17,0,2,1,0,1,8,8,1
50,51,block1_Kt24,1,7,18,2,6,18,0,2,2,0,1,8,8,1
50,51,block1_Kt24,1,7,19,3,6,19,0,2,3,0,1,8,8,1
50,51,block1_Kt24,1,6,20,2,5,20,0,2,4,0,1,8,8,1
50,51,block1_Kt24,1,6,21,3,5,21,0,2,5,0,1,8,8,1
50,51,block1_Kt24,1,6,22,2,4,22,0,2,6,0,1,8,8,1
50,51,block1_Kt24,1,6,23,3,4,23,0,2,7,0,1,8,8,1
50,51,block1_Kt24,1,5,24,2,3,24,0,3,0,0,1,8,8,1
50,51,block1_Kt24,1,5,25,3,3,25,0,3,1,0,1,8,8,1
50,51,block1_Kt24,1,5,26,2,2,26,0,3,2,0,1,8,8,1
50,51,block1_Kt24,1,5,27,3,2,27,0,3,3,0,1,8,8,1
50,51,block1_Kt24,1,4,28,2,1,28,0,3,4,0,1,8,8,1
50,51,block1_Kt24,1,4,29,3,1,29,0,3,5,0,1,8,8,1
50,51,block1_Kt24,1,4,30,2,0,30,0,3,6,0,1,8,8,1
50,51,block1_Kt24,1,4,31,3,0,31,0,3,7,0,1,8,8,1
50,51,block1_Kt24,1,8,32,4,0,32,0,4,0,0,1,8,8,1
50,51,block1_Kt24,1,8,33,5,0,33,0,4,1,0,1,8,8,1
50,51,block1_Kt24,1,8,34,4,1,34,0,4,2,0,1,8,8,1
50,51,block1_Kt24,1,8,35,5,1,35,0,4,3,0,1,8,8,1
50,51,block1_Kt24,1,9,36,4,2,36,0,4,4,0,1,8,8,1
50,51,block1_Kt24,1,9,37,5,2,37,0,4,5,0,1,8,8,1
50,51,block1_Kt24,1,9,38,4,3,38,0,4,6,0,1,8,8,1
50,51,block1_Kt24,1,9,39,5,3,39,0,4,7,0,1,8,8,1
50,51,block1_Kt24,1,10,40,4,4,40,0,5,0,0,1,8,8,1
50,51,block1_Kt24,1,10,41,5,4,41,0,5,1,0,1,8,8,1
50,51,block1_Kt24,1,10,42,4,5,42,0,5,2,0,1,8,8,1
50,51,block1_Kt24,1,10,43,5,5,43,0,5,3,0,1,8,8,1
50,51,block1_Kt24,1,11,44,4,6,44,0,5,4,0,1,8,8,1
50,51,block1_Kt24,1,11,45,5,6,45,0,5,5,0,1,8,8,1
50,51,block1_Kt24,1,11,46,4,7,46,0,5,6,0,1,8,8,1
50,51,block1_Kt24,1,11,47,5,7,47,0,5,7,0,1,8,8,1
50,51,block1_Kt24,1,15,48,6,7,48,0,6,0,0,1,8,8,1
50,51,block1_Kt24,1,15,49,7,7,49,0,6,1,0,1,8,8,1
50,51,block1_Kt24,1,15,50,6,6,50,0,6,2,0,1,8,8,1
50,51,block1_Kt24,1,15,51,7,6,51,0,6,3,0,1,8,8,1
50,51,block1_Kt24,1,14,52,6,5,52,0,6,4,0,1,8,8,1
50,51,block1_Kt24,1,14,53,7,5,53,0,6,5,0,1,8,8,1
50,51,block1_Kt24,1,14,54,6,4,54,0,6,6,0,1,8,8,1
50,51,block1_Kt24,1,14,55,7,4,55,0,6,7,0,1,8,8,1
50,51,block1_Kt24,1,13,56,6,3,56,0,7,0,0,1,8,8,1
50,51,block1_Kt24,1,13,57,7,3,57,0,7,1,0,1,8,8,1
50,51,block1_Kt24,1,13,58,6,2,58,0,7,2,0,1,8,8,1
50,51,block1_Kt24,1,13,59,7,2,59,0,7,3,0,1,8,8,1
50,51,block1_Kt24,1,12,60,6,1,60,0,7,4,0,1,8,8,1
50,51,block1_Kt24,1,12,61,7,1,61,0,7,5,0,1,8,8,1
50,51,block1_Kt24,1,12,62,6,0,62,0,7,6,0,1,8,8,1
50,51,block1_Kt24,1,12,63,7,0,63,0,7,7,0,1,8,8,1
51,52,block1_V,1,0,0,0,0,0,0,0,0,0,1,2,32,1
51,52,block1_V,1,0,1,1,0,1,0,0,1,0,1,2,32,1
51,52,block1_V,1,0,2,0,1,2,0,0,2,0,1,2,32,1
51,52,block1_V,1,0,3,1,1,3,0,0,3,0,1,2,32,1
51,52,block1_V,1,1,4,0,2,4,0,0,4,0,1,2,32,1
51,52,block1_V,1,1,5,1,2,5,0,0,5,0,1,2,32,1
51,52,block1_V,1,1,6,0,3,6,0,0,6,0,1,2,32,1
51,52,block1_V,1,1,7,1,3,7,0,0,7,0,1,2,32,1
51,52,block1_V,1,2,8,0,4,8,0,0,8,0,1,2,32,1
51,52,block1_V,1,2,9,1,4,9,0,0,9,0,1,2,32,1
51,52,block1_V,1,2,10,0,5,10,0,0,10,0,1,2,32,1
51,52,block1_V,1,2,11,1,5,11,0,0,11,0,1,2,32,1
51,52,block1_V,1,3,12,0,6,12,0,0,12,0,1,2,32,1
51,52,block1_V,1,3,13,1,6,13,0,0,13,0,1,2,32,1
51,52,block1_V,1,3,14,0,7,14,0,0,14,0,1,2,32,1
51,52,block1_V,1,3,15,1,7,15,0,0,15,0,1,2,32,1
51,52,block1_V,1,7,16,2,7,16,0,0,16,0,1,2,32,1
51,52,block1_V,1,7,17,3,7,17,0,0,17,0,1,2,32,1
51,52,block1_V,1,7,18,2,6,18,0,0,18,0,1,2,32,1
51,52,block1_V,1,7,19,3,6,19,0,0,19,0,1,2,32,1
51,52,block1_V,1,6,20,2,5,20,0,0,20,0,1,2,32,1
51,52,block1_V,1,6,21,3,5,21,0,0,21,0,1,2,32,1
51,52,block1_V,1,6,22,2,4,22,0,0,22,0,1,2,32,1
51,52,block1_V,1,6,23,3,4,23,0,0,23,0,1,2,32,1
51,52,block1_V,1,5,24,2,3,24,0,0,24,0,1,2,32,1
51,52,block1_V,1,5,25,3,3,25,0,0,25,0,1,2,32,1
51,52,block1_V,1,5,26,2,2,26,0,0,26,0,1,2,32,1
51,52,block1_V,1,5,27,3,2,27,0,0,27,0,1,2,32,1
51,52,block1_V,1,4,28,2,1,28,0,0,28,0,1,2,32,1
51,52,block1_V,1,4,29,3,1,29,0,0,29,0,1,2,32,1
51,52,block1_V,1,4,30,2,0,30,0,0,30,0,1,2,32,1
51,52,block1_V,1,4,31,3,0,31,0,0,31,0,1,2,32,1
51,52,block1_V,1,8,32,4,0,32,0,1,0,0,1,2,32,1
51,52,block1_V,1,8,33,5,0,33,0,1,1,0,1,2,32,1
51,52,block1_V,1,8,34,4,1,34,0,1,2,0,1,2,32,1
51,52,block1_V,1,8,35,5,1,35,0,1,3,0,1,2,32,1
51,52,block1_V,1,9,36,4,2,36,0,1,4,0,1,2,32,1
51,52,block1_V,1,9,37,5,2,37,0,1,5,0,1,2,32,1
51,52,block1_V,1,9,38,4,3,38,0,1,6,0,1,2,32,1
51,52,block1_V,1,9,39,5,3,39,0,1,7,0,1,2,32,1
51,52,block1_V,1,10,40,4,4,40,0,1,8,0,1,2,32,1
51,52,block1_V,1,10,41,5,4,41,0,1,9,0,1,2,32,1
51,52,block1_V,1,10,42,4,5,42,0,1,10,0,1,2,32,1
51,52,block1_V,1,10,43,5,5,43,0,1,11,0,1,2,32,1
51,52,block1_V,1,11,44,4,6,44,0,1,12,0,1,2,32,1
51,52,block1_V,1,11,45,5,6,45,0,1,13,0,1,2,32,1
51,52,block1_V,1,11,46,4,7,46,0,1,14,0,1,2,32,1
51,52,block1_V,1,11,47,5,7,47,0,1,15,0,1,2,32,1
51,52,block1_V,1,15,48,6,7,48,0,1,16,0,1,2,32,1
51,52,block1_V,1,15,49,7,7,49,0,1,17,0,1,2,32,1
51,52,block1_V,1,15,50,6,6,50,0,1,18,0,1,2,32,1
51,52,block1_V,1,15,51,7,6,51,0,1,19,0,1,2,32,1
51,52,block1_V,1,14,52,6,5,52,0,1,20,0,1,2,32,1
51,52,block1_V,1,14,53,7,5,53,0,1,21,0,1,2,32,1
51,52,block1_V,1,14,54,6,4,54,0,1,22,0,1,2,32,1
51,52,block1_V,1,14,55,7,4,55,0,1,23,0,1,2,32,1
51,52,block1_V,1,13,56,6,3,56,0,1,24,0,1,2,32,1
51,52,block1_V,1,13,57,7,3,57,0,1,25,0,1,2,32,1
51,52,block1_V,1,13,58,6,2,58,0,1,26,0,1,2,32,1
51,52,block1_V,1,13,59,7,2,59,0,1,27,0,1,2,32,1
51,52,block1_V,1,12,60,6,1,60,0,1,28,0,1,2,32,1
51,52,block1_V,1,12,61,7,1,61,0,1,29,0,1,2,32,1
51,52,block1_V,1,12,62,6,0,62,0,1,30,0,1,2,32,1
51,52,block1_V,1,12,63,7,0,63,0,1,31,0,1,2,32,1
52,53,block1_QK,1,0,0,0,0,0,0,0,0,0,1,1,64,1
52,53,block1_QK,1,0,1,1,0,1,0,0,1,0,1,1,64,1
52,53,block1_QK,1,0,2,0,1,2,0,0,2,0,1,1,64,1
52,53,block1_QK,1,0,3,1,1,3,0,0,3,0,1,1,64,1
52,53,block1_QK,1,1,4,0,2,4,0,0,4,0,1,1,64,1
52,53,block1_QK,1,1,5,1,2,5,0,0,5,0,1,1,64,1
52,53,block1_QK,1,1,6,0,3,6,0,0,6,0,1,1,64,1
52,53,block1_QK,1,1,7,1,3,7,0,0,7,0,1,1,64,1
52,53,block1_QK,1,2,8,0,4,8,0,0,8,0,1,1,64,1
52,53,block1_QK,1,2,9,1,4,9,0,0,9,0,1,1,64,1
52,53,block1_QK,1,2,10,0,5,10,0,0,10,0,1,1,64,1
52,53,block1_QK,1,2,11,1,5,11,0,0,11,0,1,1,64,1
52,53,block1_QK,1,3,12,0,6,12,0,0,12,0,1,1,64,1
52,53,block1_QK,1,3,13,1,6,13,0,0,13,0,1,1,64,1
52,53,block1_QK,1,3,14,0,7,14,0,0,14,0,1,1,64,1
52,53,block1_QK,1,3,15,1,7,15,0,0,15,0,1,1,64,1
52,53,block1_QK,1,7,16,2,7,16,0,0,16,0,1,1,64,1
52,53,block1_QK,1,7,17,3,7,17,0,0,17,0,1,1,64,1
52,53,block1_QK,1,7,18,2,6,18,0,0,18,0,1,1,64,1
52,53,block1_QK,1,7,19,3,6,19,0,0,19,0,1,1,64,1
52,53,block1_QK,1,6,20,2,5,20,0,0,20,0,1,1,64,1
52,53,block1_QK,1,6,21,3,5,21,0,0,21,0,1,1,64,1
52,53,block1_QK,1,6,22,2,4,22,0,0,22,0,1,1,64,1
52,53,block1_QK,1,6,23,3,4,23,0,0,23,0,1,1,64,1
52,53,block1_QK,1,5,24,2,3,24,0,0,24,0,1,1,64,1
52,53,block1_QK,1,5,25,3,3,25,0,0,25,0,1,1,64,1
52,53,block1_QK,1,5,26,2,2,26,0,0,26,0,1,1,64,1
52,53,block1_QK,1,5,27,3,2,27,0,0,27,0,1,1,64,1
52,53,block1_QK,1,4,28,2,1,28,0,0,28,0,1,1,64,1
52,53,block1_QK,1,4,29,3,1,29,0,0,29,0,1,1,64,1
52,53,block1_QK,1,4,30,2,0,30,0,0,30,0,1,1,64,1
52,53,block1_QK,1,4,31,3,0,31,0,0,31,0,1,1,64,1
52,53,block1_QK,1,8,32,4,0,32,0,0,32,0,1,1,64,1
52,53,block1_QK,1,8,33,5,0,33,0,0,33,0,1,1,64,1
52,53,block1_QK,1,8,34,4,1,34,0,0,34,0,1,1,64,1
52,53,block1_QK,1,8,35,5,1,35,0,0,35,0,1,1,64,1
52,53,block1_QK,1,9,36,4,2,36,0,0,36,0,1,1,64,1
52,53,block1_QK,1,9,37,5,2,37,0,0,37,0,1,1,64,1
52,53,block1_QK,1,9,38,4,3,38,0,0,38,0,1,1,64,1
52,53,block1_QK,1,9,39,5,3,39,0,0,39,0,1,1,64,1
52,53,block1_QK,1,10,40,4,4,40,0,0,40,0,1,1,64,1
52,53,block1_QK,1,10,41,5,4,41,0,0,41,0,1,1,64,1
52,53,block1_QK,1,10,42,4,5,42,0,0,42,0,1,1,64,1
52,53,block1_QK,1,10,43,5,5,43,0,0,43,0,1,1,64,1
52,53,block1_QK,1,11,44,4,6,44,0,0,44,0,1,1,64,1
52,53,block1_QK,1,11,45,5,6,45,0,0,45,0,1,1,64,1
52,53,block1_QK,1,11,46,4,7,46,0,0,46,0,1,1,64,1
52,53,block1_QK,1,11,47,5,7,47,0,0,47,0,1,1,64,1
52,53,block1_QK,1,15,48,6,7,48,0,0,48,0,1,1,64,1
52,53,block1_QK,1,15,49,7,7,49,0,0,49,0,1,1,64,1
52,53,block1_QK,1,15,50,6,6,50,0,0,50,0,1,1,64,1
52,53,block1_QK,1,15,51,7,6,51,0,0,51,0,1,1,64,1
52,53,block1_QK,1,14,52,6,5,52,0,0,52,0,1,1,64,1
52,53,block1_QK,1,14,53,7,5,53,0,0,53,0,1,1,64,1
52,53,block1_QK,1,14,54,6,4,54,0,0,54,0,1,1,64,1
52,53,block1_QK,1,14,55,7,4,55,0,0,55,0,1,1,64,1
52,53,block1_QK,1,13,56,6,3,56,0,0,56,0,1,1,64,1
52,53,block1_QK,1,13,57,7,3,57,0,0,57,0,1,1,64,1
52,53,block1_QK,1,13,58,6,2,58,0,0,58,0,1,1,64,1
52,53,block1_QK,1,13,59,7,2,59,0,0,59,0,1,1,64,1
52,53,block1_QK,1,12,60,6,1,60,0,0,60,0,1,1,64,1
52,53,block1_QK,1,12,61,7,1,61,0,0,61,0,1,1,64,1
52,53,block1_QK,1,12,62,6,0,62,0,0,62,0,1,1,64,1
52,53,block1_QK,1,12,63,7,0,63,0,0,63,0,1,1,64,1
53,54,block1_QK_elt,1,0,0,0,0,0,0,0,0,0,1,7,2,1
53,54,block1_QK_elt,1,0,1,1,0,2,0,1,0,0,1,7,2,1
53,54,block1_QK_elt,1,0,2,0,1,3,0,1,1,0,1,7,2,1
53,54,block1_QK_elt,1,0,3,1,1,4,0,2,0,0,1,7,2,1
53,54,block1_QK_elt,1,1,4,0,2,5,0,2,1,0,1,7,2,1
53,54,block1_QK_elt,1,1,5,1,2,6,0,3,0,0,1,7,2,1
53,54,block1_QK_elt,1,1,6,0,3,7,0,3,1,0,1,7,2,1
53,54,block1_QK_elt,1,1,7,1,3,8,0,4,0,0,1,7,2,1
53,54,block1_QK_elt,1,2,8,0,4,9,0,4,1,0,1,7,2,1
53,54,block1_QK_elt,1,2,9,1,4,10,0,5,0,0,1,7,2,1
53,54,block1_QK_elt,1,2,10,0,5,11,0,5,1,0,1,7,2,1
53,54,block1_QK_elt,1,2,11,1,5,12,0,6,0,0,1,7,2,1
53,54,block1_QK_elt,1,3,12,0,6,13,0,6,1,0,1,7,2,1
53,55,block1_QKV,1,3,13,1,6,0,0,0,0,0,1,25,2,1
53,55,block1_QKV,1,3,14,0,7,1,0,0,1,0,1,25,2,1
53,55,block1_QKV,1,3,15,1,7,2,0,1,0,0,1,25,2,1
53,55,block1_QKV,1,7,16,2,7,3,0,1,1,0,1,25,2,1
53,55,block1_QKV,1,7,17,3,7,4,0,2,0,0,1,25,2,1
53,55,block1_QKV,1,7,18,2,6,5,0,2,1,0,1,25,2,1
53,55,block1_QKV,1,7,19,3,6,6,0,3,0,0,1,25,2,1
53,55,block1_QKV,1,6,20,2,5,7,0,3,1,0,1,25,2,1
53,55,block1_QKV,1,6,21,3,5,8,0,4,0,0,1,25,2,1
53,55,block1_QKV,1,6,22,2,4,9,0,4,1,0,1,25,2,1
53,55,block1_QKV,1,6,23,3,4,10,0,5,0,0,1,25,2,1
53,55,block1_QKV,1,5,24,2,3,11,0,5,1,0,1,25,2,1
53,55,block1_QKV,1,5,25,3,3,12,0,6,0,0,1,25,2,1
53,55,block1_QKV,1,5,26,2,2,13,0,6,1,0,1,25,2,1
53,55,block1_QKV,1,5,27,3,2,14,0,7,0,0,1,25,2,1
53,55,block1_QKV,1,4,28,2,1,15,0,7,1,0,1,25,2,1
53,55,block1_QKV,1,4,29,3,1,16,0,8,0,0,1,25,2,1
53,55,block1_QKV,1,4,30,2,0,17,0,8,1,0,1,25,2,1
53,55,block1_QKV,1,4,31,3,0,18,0,9,0,0,1,25,2,1
53,55,block1_QKV,1,8,32,4,0,19,0,9,1,0,1,25,2,1
53,55,block1_QKV,1,8,33,5,0,20,0,10,0,0,1,25,2,1
53,55,block1_QKV,1,8,34,4,1,21,0,10,1,0,1,25,2,1
53,55,block1_QKV,1,8,35,5,1,22,0,11,0,0,1,25,2,1
53,55,block1_QKV,1,9,36,4,2,23,0,11,1,0,1,25,2,1
53,55,block1_QKV,1,9,37,5,2,24,0,12,0,0,1,25,2,1
53,55,block1_QKV,1,9,38,4,3,25,0,12,1,0,1,25,2,1
53,55,block1_QKV,1,9,39,5,3,26,0,13,0,0,1,25,2,1
53,55,block1_QKV,1,10,40,4,4,27,0,13,1,0,1,25,2,1
53,55,block1_QKV,1,10,41,5,4,28,0,14,0,0,1,25,2,1
53,55,block1_QKV,1,10,42,4,5,29,0,14,1,0,1,25,2,1
53,55,block1_QKV,1,10,43,5,5,30,0,15,0,0,1,25,2,1
53,55,block1_QKV,1,11,44,4,6,31,0,15,1,0,1,25,2,1
53,55,block1_QKV,1,11,45,5,6,32,0,16,0,0,1,25,2,1
53,55,block1_QKV,1,11,46,4,7,33,0,16,1,0,1,25,2,1
53,55,block1_QKV,1,11,47,5,7,34,0,17,0,0,1,25,2,1
53,55,block1_QKV,1,15,48,6,7,35,0,17,1,0,1,25,2,1
53,55,block1_QKV,1,15,49,7,7,36,0,18,0,0,1,25,2,1
53,55,block1_QKV,1,15,50,6,6,37,0,18,1,0,1,25,2,1
53,55,block1_QKV,1,15,51,7,6,38,0,19,0,0,1,25,2,1
53,55,block1_QKV,1,14,52,6,5,39,0,19,1,0,1,25,2,1
53,55,block1_QKV,1,14,53,7,5,40,0,20,0,0,1,25,2,1
53,55,block1_QKV,1,14,54,6,4,41,0,20,1,0,1,25,2,1
53,55,block1_QKV,1,14,55,7,4,42,0,21,0,0,1,25,2,1
53,55,block1_QKV,1,13,56,6,3,43,0,21,1,0,1,25,2,1
53,55,block1_QKV,1,13,57,7,3,44,0,22,0,0,1,25,2,1
53,55,block1_QKV,1,13,58,6,2,45,0,22,1,0,1,25,2,1
53,55,block1_QKV,1,13,59,7,2,46,0,23,0,0,1,25,2,1
53,55,block1_QKV,1,12,60,6,1,47,0,23,1,0,1,25,2,1
53,55,block1_QKV,1,12,61,7,1,48,0,24,0,0,1,25,2,1
53,54,block1_QK_elt,1,12,62,6,0,1,0,0,1,0,1,7,2,1
53,55,block1_QKV,1,12,63,7,0,49,0,24,1,0,1,25,2,1
54,56,block1_FC,1,0,0,0,0,0,0,0,0,0,1,2,32,1
54,56,block1_FC,1,0,1,1,0,1,0,0,1,0,1,2,32,1
54,56,block1_FC,1,0,2,0,1,2,0,0,2,0,1,2,32,1
54,56,block1_FC,1,0,3,1,1,3,0,0,3,0,1,2,32,1
54,56,block1_FC,1,1,4,0,2,4,0,0,4,0,1,2,32,1
54,56,block1_FC,1,1,5,1,2,5,0,0,5,0,1,2,32,1
54,56,block1_FC,1,1,6,0,3,6,0,0,6,0,1,2,32,1
54,56,block1_FC,1,1,7,1,3,7,0,0,7,0,1,2,32,1
54,56,block1_FC,1,2,8,0,4,8,0,0,8,0,1,2,32,1
54,56,block1_FC,1,2,9,1,4,9,0,0,9,0,1,2,32,1
54,56,block1_FC,1,2,10,0,5,10,0,0,10,0,1,2,32,1
54,56,block1_FC,1,2,11,1,5,11,0,0,11,0,1,2,32,1
54,56,block1_FC,1,3,12,0,6,12,0,0,12,0,1,2,32,1
54,56,block1_FC,1,3,13,1,6,13,0,0,13,0,1,2,32,1
54,56,block1_FC,1,3,14,0,7,14,0,0,14,0,1,2,32,1
54,56,block1_FC,1,3,15,1,7,15,0,0,15,0,1,2,32,1
54,56,block1_FC,1,7,16,2,7,16,0,0,16,0,1,2,32,1
54,56,block1_FC,1,7,17,3,7,17,0,0,17,0,1,2,32,1
54,56,block1_FC,1,7,18,2,6,18,0,0,18,0,1,2,32,1
54,56,block1_FC,1,7,19,3,6,19,0,0,19,0,1,2,32,1
54,56,block1_FC,1,6,20,2,5,20,0,0,20,0,1,2,32,1
54,56,block1_FC,1,6,21,3,5,21,0,0,21,0,1,2,32,1
54,56,block1_FC,1,6,22,2,4,22,0,0,22,0,1,2,32,1
54,56,block1_FC,1,6,23,3,4,23,0,0,23,0,1,2,32,1
54,56,block1_FC,1,5,24,2,3,24,0,0,24,0,1,2,32,1
54,56,block1_FC,1,5,25,3,3,25,0,0,25,0,1,2,32,1
54,56,block1_FC,1,5,26,2,2,26,0,0,26,0,1,2,32,1
54,56,block1_FC,1,5,27,3,2,27,0,0,27,0,1,2,32,1
54,56,block1_FC,1,4,28,2,1,28,0,0,28,0,1,2,32,1
54,56,block1_FC,1,4,29,3,1,29,0,0,29,0,1,2,32,1
54,56,block1_FC,1,4,30,2,0,30,0,0,30,0,1,2,32,1
54,56,block1_FC,1,4,31,3,0,31,0,0,31,0,1,2,32,1
54,56,block1_FC,1,8,32,4,0,32,0,1,0,0,1,2,32,1
54,56,block1_FC,1,8,33,5,0,33,0,1,1,0,1,2,32,1
54,56,block1_FC,1,8,34,4,1,34,0,1,2,0,1,2,32,1
54,56,block1_FC,1,8,35,5,1,35,0,1,3,0,1,2,32,1
54,56,block1_FC,1,9,36,4,2,36,0,1,4,0,1,2,32,1
54,56,block1_FC,1,9,37,5,2,37,0,1,5,0,1,2,32,1
54,56,block1_FC,1,9,38,4,3,38,0,1,6,0,1,2,32,1
54,56,block1_FC,1,9,39,5,3,39,0,1,7,0,1,2,32,1
54,56,block1_FC,1,10,40,4,4,40,0,1,8,0,1,2,32,1
54,56,block1_FC,1,10,41,5,4,41,0,1,9,0,1,2,32,1
54,56,block1_FC,1,10,42,4,5,42,0,1,10,0,1,2,32,1
54,56,block1_FC,1,10,43,5,5,43,0,1,11,0,1,2,32,1
54,56,block1_FC,1,11,44,4,6,44,0,1,12,0,1,2,32,1
54,56,block1_FC,1,11,45,5,6,45,0,1,13,0,1,2,32,1
54,56,block1_FC,1,11,46,4,7,46,0,1,14,0,1,2,32,1
54,56,block1_FC,1,11,47,5,7,47,0,1,15,0,1,2,32,1
54,56,block1_FC,1,15,48,6,7,48,0,1,16,0,1,2,32,1
54,56,block1_FC,1,15,49,7,7,49,0,1,17,0,1,2,32,1
54,56,block1_FC,1,15,50,6,6,50,0,1,18,0,1,2,32,1
54,56,block1_FC,1,15,51,7,6,51,0,1,19,0,1,2,32,1
54,56,block1_FC,1,14,52,6,5,52,0,1,20,0,1,2,32,1
54,56,block1_FC,1,14,53,7,5,53,0,1,21,0,1,2,32,1
54,56,block1_FC,1,14,54,6,4,54,0,1,22,0,1,2,32,1
54,56,block1_FC,1,14,55,7,4,55,0,1,23,0,1,2,32,1
54,56,block1_FC,1,13,56,6,3,56,0,1,24,0,1,2,32,1
54,56,block1_FC,1,13,57,7,3,57,0,1,25,0,1,2,32,1
54,56,block1_FC,1,13,58,6,2,58,0,1,26,0,1,2,32,1
54,56,block1_FC,1,13,59,7,2,59,0,1,27,0,1,2,32,1
54,56,block1_FC,1,12,60,6,1,60,0,1,28,0,1,2,32,1
54,56,block1_FC,1,12,61,7,1,61,0,1,29,0,1,2,32,1
54,56,block1_FC,1,12,62,6,0,62,0,1,30,0,1,2,32,1
54,56,block1_FC,1,12,63,7,0,63,0,1,31,0,1,2,32,1
55,57,block1_elt1,1,0,0,0,0,0,0,0,0,0,1,8,8,1
55,57,block1_elt1,1,0,1,1,0,1,0,0,1,0,1,8,8,1
55,57,block1_elt1,1,0,2,0,1,2,0,0,2,0,1,8,8,1
55,57,block1_elt1,1,0,3,1,1,3,0,0,3,0,1,8,8,1
55,57,block1_elt1,1,1,4,0,2,4,0,0,4,0,1,8,8,1
55,57,block1_elt1,1,1,5,1,2,5,0,0,5,0,1,8,8,1
55,57,block1_elt1,1,1,6,0,3,6,0,0,6,0,1,8,8,1
55,57,block1_elt1,1,1,7,1,3,7,0,0,7,0,1,8,8,1
55,57,block1_elt1,1,2,8,0,4,8,0,1,0,0,1,8,8,1
55,57,block1_elt1,1,2,9,1,4,9,0,1,1,0,1,8,8,1
55,57,block1_elt1,1,2,10,0,5,10,0,1,2,0,1,8,8,1
55,57,block1_elt1,1,2,11,1,5,11,0,1,3,0,1,8,8,1
55,57,block1_elt1,1,3,12,0,6,12,0,1,4,0,1,8,8,1
55,57,block1_elt1,1,3,13,1,6,13,0,1,5,0,1,8,8,1
55,57,block1_elt1,1,3,14,0,7,14,0,1,6,0,1,8,8,1
55,57,block1_elt1,1,3,15,1,7,15,0,1,7,0,1,8,8,1
55,57,block1_elt1,1,7,16,2,7,16,0,2,0,0,1,8,8,1
55,57,block1_elt1,1,7,17,3,7,17,0,2,1,0,1,8,8,1
55,57,block1_elt1,1,7,18,2,6,18,0,2,2,0,1,8,8,1
55,57,block1_elt1,1,7,19,3,6,19,0,2,3,0,1,8,8,1
55,57,block1_elt1,1,6,20,2,5,20,0,2,4,0,1,8,8,1
55,57,block1_elt1,1,6,21,3,5,21,0,2,5,0,1,8,8,1
55,57,block1_elt1,1,6,22,2,4,22,0,2,6,0,1,8,8,1
55,57,block1_elt1,1,6,23,3,4,23,0,2,7,0,1,8,8,1
55,57,block1_elt1,1,5,24,2,3,24,0,3,0,0,1,8,8,1
55,57,block1_elt1,1,5,25,3,3,25,0,3,1,0,1,8,8,1
55,57,block1_elt1,1,5,26,2,2,26,0,3,2,0,1,8,8,1
55,57,block1_elt1,1,5,27,3,2,27,0,3,3,0,1,8,8,1
55,57,block1_elt1,1,4,28,2,1,28,0,3,4,0,1,8,8,1
55,57,block1_elt1,1,4,29,3,1,29,0,3,5,0,1,8,8,1
55,57,block1_elt1,1,4,30,2,0,30,0,3,6,0,1,8,8,1
55,57,block1_elt1,1,4,31,3,0,31,0,3,7,0,1,8,8,1
55,57,block1_elt1,1,8,32,4,0,32,0,4,0,0,1,8,8,1
55,57,block1_elt1,1,8,33,5,0,33,0,4,1,0,1,8,8,1
55,57,block1_elt1,1,8,34,4,1,34,0,4,2,0,1,8,8,1
55,57,block1_elt1,1,8,35,5,1,35,0,4,3,0,1,8,8,1
55,57,block1_elt1,1,9,36,4,2,36,0,4,4,0,1,8,8,1
55,57,block1_elt1,1,9,37,5,2,37,0,4,5,0,1,8,8,1
55,57,block1_elt1,1,9,38,4,3,38,0,4,6,0,1,8,8,1
55,57,block1_elt1,1,9,39,5,3,39,0,4,7,0,1,8,8,1
55,57,block1_elt1,1,10,40,4,4,40,0,5,0,0,1,8,8,1
55,57,block1_elt1,1,10,41,5,4,41,0,5,1,0,1,8,8,1
55,57,block1_elt1,1,10,42,4,5,42,0,5,2,0,1,8,8,1
55,57,block1_elt1,1,10,43,5,5,43,0,5,3,0,1,8,8,1
55,57,block1_elt1,1,11,44,4,6,44,0,5,4,0,1,8,8,1
55,57,block1_elt1,1,11,45,5,6,45,0,5,5,0,1,8,8,1
55,57,block1_elt1,1,11,46,4,7,46,0,5,6,0,1,8,8,1
55,57,block1_elt1,1,11,47,5,7,47,0,5,7,0,1,8,8,1
55,57,block1_elt1,1,15,48,6,7,48,0,6,0,0,1,8,8,1
55,57,block1_elt1,1,15,49,7,7,49,0,6,1,0,1,8,8,1
55,57,block1_elt1,1,15,50,6,6,50,0,6,2,0,1,8,8,1
55,57,block1_elt1,1,15,51,7,6,51,0,6,3,0,1,8,8,1
55,57,block1_elt1,1,14,52,6,5,52,0,6,4,0,1,8,8,1
55,57,block1_elt1,1,14,53,7,5,53,0,6,5,0,1,8,8,1
55,57,block1_elt1,1,14,54,6,4,54,0,6,6,0,1,8,8,1
55,57,block1_elt1,1,14,55,7,4,55,0,6,7,0,1,8,8,1
55,57,block1_elt1,1,13,56,6,3,56,0,7,0,0,1,8,8,1
55,57,block1_elt1,1,13,57,7,3,57,0,7,1,0,1,8,8,1
55,57,block1_elt1,1,13,58,6,2,58,0,7,2,0,1,8,8,1
55,57,block1_elt1,1,13,59,7,2,59,0,7,3,0,1,8,8,1
55,57,block1_elt1,1,12,60,6,1,60,0,7,4,0,1,8,8,1
55,57,block1_elt1,1,12,61,7,1,61,0,7,5,0,1,8,8,1
55,57,block1_elt1,1,12,62,6,0,62,0,7,6,0,1,8,8,1
55,57,block1_elt1,1,12,63,7,0,63,0,7,7,0,1,8,8,1
56,58,block1_feedfwd1,1,0,0,0,0,0,0,0,0,0,1,8,8,1
56,58,block1_feedfwd1,1,0,1,1,0,1,0,0,1,0,1,8,8,1
56,58,block1_feedfwd1,1,0,2,0,1,2,0,0,2,0,1,8,8,1
56,58,block1_feedfwd1,1,0,3,1,1,3,0,0,3,0,1,8,8,1
56,58,block1_feedfwd1,1,1,4,0,2,4,0,0,4,0,1,8,8,1
56,58,block1_feedfwd1,1,1,5,1,2,5,0,0,5,0,1,8,8,1
56,58,block1_feedfwd1,1,1,6,0,3,6,0,0,6,0,1,8,8,1
56,58,block1_feedfwd1,1,1,7,1,3,7,0,0,7,0,1,8,8,1
56,58,block1_feedfwd1,1,2,8,0,4,8,0,1,0,0,1,8,8,1
56,58,block1_feedfwd1,1,2,9,1,4,9,0,1,1,0,1,8,8,1
56,58,block1_feedfwd1,1,2,10,0,5,10,0,1,2,0,1,8,8,1
56,58,block1_feedfwd1,1,2,11,1,5,11,0,1,3,0,1,8,8,1
56,58,block1_feedfwd1,1,3,12,0,6,12,0,1,4,0,1,8,8,1
56,58,block1_feedfwd1,1,3,13,1,6,13,0,1,5,0,1,8,8,1
56,58,block1_feedfwd1,1,3,14,0,7,14,0,1,6,0,1,8,8,1
56,58,block1_feedfwd1,1,3,15,1,7,15,0,1,7,0,1,8,8,1
56,58,block1_feedfwd1,1,7,16,2,7,16,0,2,0,0,1,8,8,1
56,58,block1_feedfwd1,1,7,17,3,7,17,0,2,1,0,1,8,8,1
56,58,block1_feedfwd1,1,7,18,2,6,18,0,2,2,0,1,8,8,1
56,58,block1_feedfwd1,1,7,19,3,6,19,0,2,3,0,1,8,8,1
56,58,block1_feedfwd1,1,6,20,2,5,20,0,2,4,0,1,8,8,1
56,58,block1_feedfwd1,1,6,21,3,5,21,0,2,5,0,1,8,8,1
56,58,block1_feedfwd1,1,6,22,2,4,22,0,2,6,0,1,8,8,1
56,58,block1_feedfwd1,1,6,23,3,4,23,0,2,7,0,1,8,8,1
56,58,block1_feedfwd1,1,5,24,2,3,24,0,3,0,0,1,8,8,1
56,58,block1_feedfwd1,1,5,25,3,3,25,0,3,1,0,1,8,8,1
56,58,block1_feedfwd1,1,5,26,2,2,26,0,3,2,0,1,8,8,1
56,58,block1_feedfwd1,1,5,27,3,2,27,0,3,3,0,1,8,8,1
56,58,block1_feedfwd1,1,4,28,2,1,28,0,3,4,0,1,8,8,1
56,58,block1_feedfwd1,1,4,29,3,1,29,0,3,5,0,1,8,8,1
56,58,block1_feedfwd1,1,4,30,2,0,30,0,3,6,0,1,8,8,1
56,58,block1_feedfwd1,1,4,31,3,0,31,0,3,7,0,1,8,8,1
56,58,block1_feedfwd1,1,8,32,4,0,32,0,4,0,0,1,8,8,1
56,58,block1_feedfwd1,1,8,33,5,0,33,0,4,1,0,1,8,8,1
56,58,block1_feedfwd1,1,8,34,4,1,34,0,4,2,0,1,8,8,1
56,58,block1_feedfwd1,1,8,35,5,1,35,0,4,3,0,1,8,8,1
56,58,block1_feedfwd1,1,9,36,4,2,36,0,4,4,0,1,8,8,1
56,58,block1_feedfwd1,1,9,37,5,2,37,0,4,5,0,1,8,8,1
56,58,block1_feedfwd1,1,9,38,4,3,38,0,4,6,0,1,8,8,1
56,58,block1_feedfwd1,1,9,39,5,3,39,0,4,7,0,1,8,8,1
56,58,block1_feedfwd1,1,10,40,4,4,40,0,5,0,0,1,8,8,1
56,58,block1_feedfwd1,1,10,41,5,4,41,0,5,1,0,1,8,8,1
56,58,block1_feedfwd1,1,10,42,4,5,42,0,5,2,0,1,8,8,1
56,58,block1_feedfwd1,1,10,43,5,5,43,0,5,3,0,1,8,8,1
56,58,block1_feedfwd1,1,11,44,4,6,44,0,5,4,0,1,8,8,1
56,58,block1_feedfwd1,1,11,45,5,6,45,0,5,5,0,1,8,8,1
56,58,block1_feedfwd1,1,11,46,4,7,46,0,5,6,0,1,8,8,1
56,58,block1_feedfwd1,1,11,47,5,7,47,0,5,7,0,1,8,8,1
56,58,block1_feedfwd1,1,15,48,6,7,48,0,6,0,0,1,8,8,1
56,58,block1_feedfwd1,1,15,49,7,7,49,0,6,1,0,1,8,8,1
56,58,block1_feedfwd1,1,15,50,6,6,50,0,6,2,0,1,8,8,1
56,58,block1_feedfwd1,1,15,51,7,6,51,0,6,3,0,1,8,8,1
56,58,block1_feedfwd1,1,14,52,6,5,52,0,6,4,0,1,8,8,1
56,58,block1_feedfwd1,1,14,53,7,5,53,0,6,5,0,1,8,8,1
56,58,block1_feedfwd1,1,14,54,6,4,54,0,6,6,0,1,8,8,1
56,58,block1_feedfwd1,1,14,55,7,4,55,0,6,7,0,1,8,8,1
56,58,block1_feedfwd1,1,13,56,6,3,56,0,7,0,0,1,8,8,1
56,58,block1_feedfwd1,1,13,57,7,3,57,0,7,1,0,1,8,8,1
56,58,block1_feedfwd1,1,13,58,6,2,58,0,7,2,0,1,8,8,1
56,58,block1_feedfwd1,1,13,59,7,2,59,0,7,3,0,1,8,8,1
56,58,block1_feedfwd1,1,12,60,6,1,60,0,7,4,0,1,8,8,1
56,58,block1_feedfwd1,1,12,61,7,1,61,0,7,5,0,1,8,8,1
56,58,block1_feedfwd1,1,12,62,6,0,62,0,7,6,0,1,8,8,1
56,58,block1_feedfwd1,1,12,63,7,0,63,0,7,7,0,1,8,8,1
57,59,block1_feedfwd2,1,0,0,0,0,0,0,0,0,0,1,2,32,1
57,59,block1_feedfwd2,1,0,1,1,0,1,0,0,1,0,1,2,32,1
57,59,block1_feedfwd2,1,0,2,0,1,2,0,0,2,0,1,2,32,1
57,59,block1_feedfwd2,1,0,3,1,1,3,0,0,3,0,1,2,32,1
57,59,block1_feedfwd2,1,1,4,0,2,4,0,0,4,0,1,2,32,1
57,59,block1_feedfwd2,1,1,5,1,2,5,0,0,5,0,1,2,32,1
57,59,block1_feedfwd2,1,1,6,0,3,6,0,0,6,0,1,2,32,1
57,59,block1_feedfwd2,1,1,7,1,3,7,0,0,7,0,1,2,32,1
57,59,block1_feedfwd2,1,2,8,0,4,8,0,0,8,0,1,2,32,1
57,59,block1_feedfwd2,1,2,9,1,4,9,0,0,9,0,1,2,32,1
57,59,block1_feedfwd2,1,2,10,0,5,10,0,0,10,0,1,2,32,1
57,59,block1_feedfwd2,1,2,11,1,5,11,0,0,11,0,1,2,32,1
57,59,block1_feedfwd2,1,3,12,0,6,12,0,0,12,0,1,2,32,1
57,59,block1_feedfwd2,1,3,13,1,6,13,0,0,13,0,1,2,32,1
57,59,block1_feedfwd2,1,3,14,0,7,14,0,0,14,0,1,2,32,1
57,59,block1_feedfwd2,1,3,15,1,7,15,0,0,15,0,1,2,32,1
57,59,block1_feedfwd2,1,7,16,2,7,16,0,0,16,0,1,2,32,1
57,59,block1_feedfwd2,1,7,17,3,7,17,0,0,17,0,1,2,32,1
57,59,block1_feedfwd2,1,7,18,2,6,18,0,0,18,0,1,2,32,1
57,59,block1_feedfwd2,1,7,19,3,6,19,0,0,19,0,1,2,32,1
57,59,block1_feedfwd2,1,6,20,2,5,20,0,0,20,0,1,2,32,1
57,59,block1_feedfwd2,1,6,21,3,5,21,0,0,21,0,1,2,32,1
57,59,block1_feedfwd2,1,6,22,2,4,22,0,0,22,0,1,2,32,1
57,59,block1_feedfwd2,1,6,23,3,4,23,0,0,23,0,1,2,32,1
57,59,block1_feedfwd2,1,5,24,2,3,24,0,0,24,0,1,2,32,1
57,59,block1_feedfwd2,1,5,25,3,3,25,0,0,25,0,1,2,32,1
57,59,block1_feedfwd2,1,5,26,2,2,26,0,0,26,0,1,2,32,1
57,59,block1_feedfwd2,1,5,27,3,2,27,0,0,27,0,1,2,32,1
57,59,block1_feedfwd2,1,4,28,2,1,28,0,0,28,0,1,2,32,1
57,59,block1_feedfwd2,1,4,29,3,1,29,0,0,29,0,1,2,32,1
57,59,block1_feedfwd2,1,4,30,2,0,30,0,0,30,0,1,2,32,1
57,59,block1_feedfwd2,1,4,31,3,0,31,0,0,31,0,1,2,32,1
57,59,block1_feedfwd2,1,8,32,4,0,32,0,1,0,0,1,2,32,1
57,59,block1_feedfwd2,1,8,33,5,0,33,0,1,1,0,1,2,32,1
57,59,block1_feedfwd2,1,8,34,4,1,34,0,1,2,0,1,2,32,1
57,59,block1_feedfwd2,1,8,35,5,1,35,0,1,3,0,1,2,32,1
57,59,block1_feedfwd2,1,9,36,4,2,36,0,1,4,0,1,2,32,1
57,59,block1_feedfwd2,1,9,37,5,2,37,0,1,5,0,1,2,32,1
57,59,block1_feedfwd2,1,9,38,4,3,38,0,1,6,0,1,2,32,1
57,59,block1_feedfwd2,1,9,39,5,3,39,0,1,7,0,1,2,32,1
57,59,block1_feedfwd2,1,10,40,4,4,40,0,1,8,0,1,2,32,1
57,59,block1_feedfwd2,1,10,41,5,4,41,0,1,9,0,1,2,32,1
57,59,block1_feedfwd2,1,10,42,4,5,42,0,1,10,0,1,2,32,1
57,59,block1_feedfwd2,1,10,43,5,5,43,0,1,11,0,1,2,32,1
57,59,block1_feedfwd2,1,11,44,4,6,44,0,1,12,0,1,2,32,1
57,59,block1_feedfwd2,1,11,45,5,6,45,0,1,13,0,1,2,32,1
57,59,block1_feedfwd2,1,11,46,4,7,46,0,1,14,0,1,2,32,1
57,59,block1_feedfwd2,1,11,47,5,7,47,0,1,15,0,1,2,32,1
57,59,block1_feedfwd2,1,15,48,6,7,48,0,1,16,0,1,2,32,1
57,59,block1_feedfwd2,1,15,49,7,7,49,0,1,17,0,1,2,32,1
57,59,block1_feedfwd2,1,15,50,6,6,50,0,1,18,0,1,2,32,1
57,59,block1_feedfwd2,1,15,51,7,6,51,0,1,19,0,1,2,32,1
57,59,block1_feedfwd2,1,14,52,6,5,52,0,1,20,0,1,2,32,1
57,59,block1_feedfwd2,1,14,53,7,5,53,0,1,21,0,1,2,32,1
57,59,block1_feedfwd2,1,14,54,6,4,54,0,1,22,0,1,2,32,1
57,59,block1_feedfwd2,1,14,55,7,4,55,0,1,23,0,1,2,32,1
57,59,block1_feedfwd2,1,13,56,6,3,56,0,1,24,0,1,2,32,1
57,59,block1_feedfwd2,1,13,57,7,3,57,0,1,25,0,1,2,32,1
57,59,block1_feedfwd2,1,13,58,6,2,58,0,1,26,0,1,2,32,1
57,59,block1_feedfwd2,1,13,59,7,2,59,0,1,27,0,1,2,32,1
57,59,block1_feedfwd2,1,12,60,6,1,60,0,1,28,0,1,2,32,1
57,59,block1_feedfwd2,1,12,61,7,1,61,0,1,29,0,1,2,32,1
57,59,block1_feedfwd2,1,12,62,6,0,62,0,1,30,0,1,2,32,1
57,59,block1_feedfwd2,1,12,63,7,0,63,0,1,31,0,1,2,32,1
58,60,block1_elt2,1,0,0,0,0,0,0,0,0,0,1,8,8,1
58,60,block1_elt2,1,0,1,1,0,1,0,0,1,0,1,8,8,1
58,60,block1_elt2,1,0,2,0,1,2,0,0,2,0,1,8,8,1
58,60,block1_elt2,1,0,3,1,1,3,0,0,3,0,1,8,8,1
58,60,block1_elt2,1,1,4,0,2,4,0,0,4,0,1,8,8,1
58,60,block1_elt2,1,1,5,1,2,5,0,0,5,0,1,8,8,1
58,60,block1_elt2,1,1,6,0,3,6,0,0,6,0,1,8,8,1
58,60,block1_elt2,1,1,7,1,3,7,0,0,7,0,1,8,8,1
58,60,block1_elt2,1,2,8,0,4,8,0,1,0,0,1,8,8,1
58,60,block1_elt2,1,2,9,1,4,9,0,1,1,0,1,8,8,1
58,60,block1_elt2,1,2,10,0,5,10,0,1,2,0,1,8,8,1
58,60,block1_elt2,1,2,11,1,5,11,0,1,3,0,1,8,8,1
58,60,block1_elt2,1,3,12,0,6,12,0,1,4,0,1,8,8,1
58,60,block1_elt2,1,3,13,1,6,13,0,1,5,0,1,8,8,1
58,60,block1_elt2,1,3,14,0,7,14,0,1,6,0,1,8,8,1
58,60,block1_elt2,1,3,15,1,7,15,0,1,7,0,1,8,8,1
58,60,block1_elt2,1,7,16,2,7,16,0,2,0,0,1,8,8,1
58,60,block1_elt2,1,7,17,3,7,17,0,2,1,0,1,8,8,1
58,60,block1_elt2,1,7,18,2,6,18,0,2,2,0,1,8,8,1
58,60,block1_elt2,1,7,19,3,6,19,0,2,3,0,1,8,8,1
58,60,block1_elt2,1,6,20,2,5,20,0,2,4,0,1,8,8,1
58,60,block1_elt2,1,6,21,3,5,21,0,2,5,0,1,8,8,1
58,60,block1_elt2,1,6,22,2,4,22,0,2,6,0,1,8,8,1
58,60,block1_elt2,1,6,23,3,4,23,0,2,7,0,1,8,8,1
58,60,block1_elt2,1,5,24,2,3,24,0,3,0,0,1,8,8,1
58,60,block1_elt2,1,5,25,3,3,25,0,3,1,0,1,8,8,1
58,60,block1_elt2,1,5,26,2,2,26,0,3,2,0,1,8,8,1
58,60,block1_elt2,1,5,27,3,2,27,0,3,3,0,1,8,8,1
58,60,block1_elt2,1,4,28,2,1,28,0,3,4,0,1,8,8,1
58,60,block1_elt2,1,4,29,3,1,29,0,3,5,0,1,8,8,1
58,60,block1_elt2,1,4,30,2,0,30,0,3,6,0,1,8,8,1
58,60,block1_elt2,1,4,31,3,0,31,0,3,7,0,1,8,8,1
58,60,block1_elt2,1,8,32,4,0,32,0,4,0,0,1,8,8,1
58,60,block1_elt2,1,8,33,5,0,33,0,4,1,0,1,8,8,1
58,60,block1_elt2,1,8,34,4,1,34,0,4,2,0,1,8,8,1
58,60,block1_elt2,1,8,35,5,1,35,0,4,3,0,1,8,8,1
58,60,block1_elt2,1,9,36,4,2,36,0,4,4,0,1,8,8,1
58,60,block1_elt2,1,9,37,5,2,37,0,4,5,0,1,8,8,1
58,60,block1_elt2,1,9,38,4,3,38,0,4,6,0,1,8,8,1
58,60,block1_elt2,1,9,39,5,3,39,0,4,7,0,1,8,8,1
58,60,block1_elt2,1,10,40,4,4,40,0,5,0,0,1,8,8,1
58,60,block1_elt2,1,10,41,5,4,41,0,5,1,0,1,8,8,1
58,60,block1_elt2,1,10,42,4,5,42,0,5,2,0,1,8,8,1
58,60,block1_elt2,1,10,43,5,5,43,0,5,3,0,1,8,8,1
58,60,block1_elt2,1,11,44,4,6,44,0,5,4,0,1,8,8,1
58,60,block1_elt2,1,11,45,5,6,45,0,5,5,0,1,8,8,1
58,60,block1_elt2,1,11,46,4,7,46,0,5,6,0,1,8,8,1
58,60,block1_elt2,1,11,47,5,7,47,0,5,7,0,1,8,8,1
58,60,block1_elt2,1,15,48,6,7,48,0,6,0,0,1,8,8,1
58,60,block1_elt2,1,15,49,7,7,49,0,6,1,0,1,8,8,1
58,60,block1_elt2,1,15,50,6,6,50,0,6,2,0,1,8,8,1
58,60,block1_elt2,1,15,51,7,6,51,0,6,3,0,1,8,8,1
58,60,block1_elt2,1,14,52,6,5,52,0,6,4,0,1,8,8,1
58,60,block1_elt2,1,14,53,7,5,53,0,6,5,0,1,8,8,1
58,60,block1_elt2,1,14,54,6,4,54,0,6,6,0,1,8,8,1
58,60,block1_elt2,1,14,55,7,4,55,0,6,7,0,1,8,8,1
58,60,block1_elt2,1,13,56,6,3,56,0,7,0,0,1,8,8,1
58,60,block1_elt2,1,13,57,7,3,57,0,7,1,0,1,8,8,1
58,60,block1_elt2,1,13,58,6,2,58,0,7,2,0,1,8,8,1
58,60,block1_elt2,1,13,59,7,2,59,0,7,3,0,1,8,8,1
58,60,block1_elt2,1,12,60,6,1,60,0,7,4,0,1,8,8,1
58,60,block1_elt2,1,12,61,7,1,61,0,7,5,0,1,8,8,1
58,60,block1_elt2,1,12,62,6,0,62,0,7,6,0,1,8,8,1
58,60,block1_elt2,1,12,63,7,0,63,0,7,7,0,1,8,8,1
59,61,proj,1,0,0,0,0,0,0,0,0,0,1,8,8,1
59,61,proj,1,0,1,1,0,1,0,0,1,0,1,8,8,1
59,61,proj,1,0,2,0,1,2,0,0,2,0,1,8,8,1
59,61,proj,1,0,3,1,1,3,0,0,3,0,1,8,8,1
59,61,proj,1,1,4,0,2,4,0,0,4,0,1,8,8,1
59,61,proj,1,1,5,1,2,5,0,0,5,0,1,8,8,1
59,61,proj,1,1,6,0,3,6,0,0,6,0,1,8,8,1
59,61,proj,1,1,7,1,3,7,0,0,7,0,1,8,8,1
59,61,proj,1,2,8,0,4,8,0,1,0,0,1,8,8,1
59,61,proj,1,2,9,1,4,9,0,1,1,0,1,8,8,1
59,61,proj,1,2,10,0,5,10,0,1,2,0,1,8,8,1
59,61,proj,1,2,11,1,5,11,0,1,3,0,1,8,8,1
59,61,proj,1,3,12,0,6,12,0,1,4,0,1,8,8,1
59,61,proj,1,3,13,1,6,13,0,1,5,0,1,8,8,1
59,61,proj,1,3,14,0,7,14,0,1,6,0,1,8,8,1
59,61,proj,1,3,15,1,7,15,0,1,7,0,1,8,8,1
59,61,proj,1,7,16,2,7,16,0,2,0,0,1,8,8,1
59,61,proj,1,7,17,3,7,17,0,2,1,0,1,8,8,1
59,61,proj,1,7,18,2,6,18,0,2,2,0,1,8,8,1
59,61,proj,1,7,19,3,6,19,0,2,3,0,1,8,8,1
59,61,proj,1,6,20,2,5,20,0,2,4,0,1,8,8,1
59,61,proj,1,6,21,3,5,21,0,2,5,0,1,8,8,1
59,61,proj,1,6,22,2,4,22,0,2,6,0,1,8,8,1
59,61,proj,1,6,23,3,4,23,0,2,7,0,1,8,8,1
59,61,proj,1,5,24,2,3,24,0,3,0,0,1,8,8,1
59,61,proj,1,5,25,3,3,25,0,3,1,0,1,8,8,1
59,61,proj,1,5,26,2,2,26,0,3,2,0,1,8,8,1
59,61,proj,1,5,27,3,2,27,0,3,3,0,1,8,8,1
59,61,proj,1,4,28,2,1,28,0,3,4,0,1,8,8,1
59,61,proj,1,4,29,3,1,29,0,3,5,0,1,8,8,1
59,61,proj,1,4,30,2,0,30,0,3,6,0,1,8,8,1
59,61,proj,1,4,31,3,0,31,0,3,7,0,1,8,8,1
59,61,proj,1,8,32,4,0,32,0,4,0,0,1,8,8,1
59,61,proj,1,8,33,5,0,33,0,4,1,0,1,8,8,1
59,61,proj,1,8,34,4,1,34,0,4,2,0,1,8,8,1
59,61,proj,1,8,35,5,1,35,0,4,3,0,1,8,8,1
59,61,proj,1,9,36,4,2,36,0,4,4,0,1,8,8,1
59,61,proj,1,9,37,5,2,37,0,4,5,0,1,8,8,1
59,61,proj,1,9,38,4,3,38,0,4,6,0,1,8,8,1
59,61,proj,1,9,39,5,3,39,0,4,7,0,1,8,8,1
59,61,proj,1,10,40,4,4,40,0,5,0,0,1,8,8,1
59,61,proj,1,10,41,5,4,41,0,5,1,0,1,8,8,1
59,61,proj,1,10,42,4,5,42,0,5,2,0,1,8,8,1
59,61,proj,1,10,43,5,5,43,0,5,3,0,1,8,8,1
59,61,proj,1,11,44,4,6,44,0,5,4,0,1,8,8,1
59,61,proj,1,11,45,5,6,45,0,5,5,0,1,8,8,1
59,61,proj,1,11,46,4,7,46,0,5,6,0,1,8,8,1
59,61,proj,1,11,47,5,7,47,0,5,7,0,1,8,8,1
59,61,proj,1,15,48,6,7,48,0,6,0,0,1,8,8,1
59,61,proj,1,15,49,7,7,49,0,6,1,0,1,8,8,1
59,61,proj,1,15,50,6,6,50,0,6,2,0,1,8,8,1
59,61,proj,1,15,51,7,6,51,0,6,3,0,1,8,8,1
59,61,proj,1,14,52,6,5,52,0,6,4,0,1,8,8,1
59,61,proj,1,14,53,7,5,53,0,6,5,0,1,8,8,1
59,61,proj,1,14,54,6,4,54,0,6,6,0,1,8,8,1
59,61,proj,1,14,55,7,4,55,0,6,7,0,1,8,8,1
59,61,proj,1,13,56,6,3,56,0,7,0,0,1,8,8,1
59,61,proj,1,13,57,7,3,57,0,7,1,0,1,8,8,1
59,61,proj,1,13,58,6,2,58,0,7,2,0,1,8,8,1
59,61,proj,1,13,59,7,2,59,0,7,3,0,1,8,8,1
59,61,proj,1,12,60,6,1,60,0,7,4,0,1,8,8,1
59,61,proj,1,12,61,7,1,61,0,7,5,0,1,8,8,1
59,61,proj,1,12,62,6,0,62,0,7,6,0,1,8,8,1
59,61,proj,1,12,63,7,0,63,0,7,7,0,1,8,8,1
