workload,chiplets,cores_per_chiplet,channels_per_port,mesh,orientation,capacity_Bpc,baseline1_Bpc,baseline2_Bpc,reduction_Bpc,reduction_pct,b1_reduction_Bpc,b1_reduction_pct,revision_status,source,mapping,optimality
CNN_common,4,16,8,2 × 2,rotation_and_reflection,8704,18432.0,9216.0,512.0,5.555555555555555,9728.0,52.77777777777778,validated_reflection,/home/yj3616/workspace/phd-research/research-notes/max-resource-sweep-20260928/reflection-sweep-20261001/cases/ch8/c4-k16/CNN_common/91bb1606215a70711e00/design.json,"21e34405f1327da6ca3241a2a8f4849df21b61a891f069bc0db1ac09106ae625,85a8ed9ffeb3acf58dccdd33608104b85e849c5f421588a50a83076f94fac171,80a5fc87f502ff7eac8dc5bf4d6336e5e7197dcd75b85fc8a3429f1a7beee88a,6296884e0c05b7b0066135b3c834d7eda7c4d4778f5d939a47f803ab8922b9ff,8287c53e81ddeee4add4290bdfa9983e7df644d6781de199cc0a9f91e49357e8,18033229fb0f8313085ad833ac5e29804953f799d0aa7cb0aaaa7e860ef313d5,eaca0e2bde933808a0b7a96ed3fdd2307e5610431311fd3b5ef885f95b95e149,a8ff260f8c5ee76541d8a416f95c96ea9723d1c3e557ad1a148e0951f64358ab,bb04939f71bc129c33fee456f89be97bdedb1a8c8f83dae38d729d9179a2c242,7d9b2593a321bf5410ae09091406dfbb7d34e9fe1d93846a730956533b370903",Exact enumeration of 16 legal rotation/reflection assignments for fixed mappings and certified channel requirements.
CNN_common,4,4,8,2 × 2,rotation_and_reflection,3072,6144.0,3072.0,0.0,0.0,3072.0,50.0,validated_reflection,/home/yj3616/workspace/phd-research/research-notes/max-resource-sweep-20260928/reflection-sweep-20261001/cases/ch8/c4-k4/CNN_common/6bc0ffcb58d241713a09/design.json,"aa11aaf099f2dbbb536e71a9ab16e005ff5e3b218a53f8ad93ca0735588529f8,2dcf47e6028e2d82b7af344446e0c1f5c3cd21090ddb38559a7ac78dd0cb4c00,3a9e1553b364dc9be75a7ab6b1da16af1d4e2ebc038b7d15bacf6f4ac980a564,7dfd87e097d81f952bcba0ba535d6074928277023daa3701ed50bdd7de22d086,2bd24c04a5d81a23ec717734b373599a1e433fc533946e17d5bd98d1abeea961,9d13afb632dece51d0d9aeaa8dae6991dfdf5dab42f773823ea51247cc5fa531,394f098dbeb6ad6848e375cc4559f6e68f8a63a7d5539d0a97d3815d41b7f45d,7d1157398683c5f577f45bdef15453d48f515b02e46a148b778371ed48935de0,fea052ee3f64ccdf7218cc560493ce08c7472a9bc111cde9dbd7f2926bfbd5dc,ae4b656ea1a6835f5f8402e2c908a4ac116286d69b41b67e8213d8fe2eaae1a2",Exact enumeration of 16 legal rotation/reflection assignments for fixed mappings and certified channel requirements.
CNN_common,4,1,8,2 × 2,rotation_and_reflection,2048,4096.0,2048.0,0.0,0.0,2048.0,50.0,validated_reflection,/home/yj3616/workspace/phd-research/research-notes/max-resource-sweep-20260928/reflection-sweep-20261001/cases/ch8/c4-k1/CNN_common/b2af4ac7ba8c60c9c495/design.json,"ae0b4439abdb33bb99b33dec2e89ed6025c07bee5c998ba2c388895978bd29bd,e1c2176018ca68cc1d4d5534be1d1e5fc1f2849a54555aa909c0c045b625145d,da6130a6a243757aa1c7ed1a24147d4e5833139c8f48d3ddb4dd9b2e44709119,dd3c56244f48aff3980a8608ec1c73df5a14bc6cd4911a92d2dad06fee23f67f,c72ca7bd2782dec18a1b695e8afdbe5b1d5508e3043ad9ae460ee40d16e8c193,51c40f2ff7f2b2012a51056ba515252931631b04abd3d53874f22e14803fed82,d8b2fd1b52d93c6e03bcd98a266a3511ddd0c79b9a6b206543e255fdd37e18cd,0bcea382b6b35d3c2fb385b5202a6a5d3769f92191b9231334df412712cc41a3,19f0c9fb8c8da62fa440b383fcf4ebd5e990bb09641392e2aef681213d5cb5f9,67716687a08e12e62827129f821aca7373dd36a1a0568ee63f049640f1efd66b",Exact enumeration of 16 legal rotation/reflection assignments for fixed mappings and certified channel requirements.
CNN_common,8,16,8,2 × 4,rotation_and_reflection,19072,40960.0,25600.0,6528.0,25.5,21888.0,53.4375,validated_reflection,/home/yj3616/workspace/phd-research/research-notes/max-resource-sweep-20260928/reflection-sweep-20261001/cases/ch8/c8-k16/CNN_common/56319a662e233f5bdf17/design.json,"db0a582f3d0775cb7865ab0b8f331c5a524c3824ab7b2e1408dcb27c3e9248e2,506495881d83cdcd252f816570f599bb7abaf5dfab29727da1e821963e98c853,fe6fe9ecb2f7e80f91ddd6b5a4789db615c4edf4887a354a7dac7efef4dbb1ca,dfe8f171623a2d7efa2e8e32a47d9fa1d5c398792348b309156ec3e7f6c352d6,975035ad96de960072d552bcd53172541e239c477f964a625b3d336ed4f11abf,cf4c20389bc328439cbbf007e88a2b1fc81547ee61918ef7e32e0eb6d96f45f5,5669b5af2e7d292b39f8f373f894f48f1115b219d7cbce331ae3b9b958a34f51,44e3cd417bf8ceab6a5e0f2da959dda7c694245879ba09767783a9a1c05b2a3f,df97ed584ab7a290862794cf93b46bdcbcd3b09ed2c353b2e261ef5e073f9759,92a7d3d2324c0d2e93d47546842d21aefd17cff681d1bb1f73d1da9e9961ab85","Three-start orientation coordinate search, at most eight passes per start; exact template sizing for each orientation under certified requirements; not global optimum."
CNN_common,8,4,8,2 × 4,rotation_and_reflection,9728,20480.0,12800.0,3072.0,24.0,10752.0,52.5,validated_reflection,/home/yj3616/workspace/phd-research/research-notes/max-resource-sweep-20260928/reflection-sweep-20261001/cases/ch8/c8-k4/CNN_common/c1f5115ebb9386c0820a/design.json,"77de3a88bda4a271c19a2103125c834ad84becbc61ef62a38ff98af0d6b5995d,5caea1c7a8afe28b1e08db2cebdd9fb730af04ac0dc46a966730781dfdf4550b,3213e499fed8b4d93f1ff7678079fda3f9a1c6d27b8cbf6073b25cf1b33b8c4d,c8d68d8d1e9f0533a77821bba2a4f93d8cf7b84c83b547d0f137e2f64913562c,5c12e46e039d43300b8910082523ac8512b8c6e3cd0103eb522b01e7c86b109e,514dae0bb4f91a29149c4426592e7e9b3bd7627be2470417fd4064727e80297e,ccf1c128154862723d04d1fdad3abe9f57c35a138742c47a1b8b0f83b3244aa9,1eceaf8d1886b3f77c154f50819198e51103ec72abcc0ef8c233f78ccfa1c953,9008a5466aaa97dad40fa029ba98fd9c0f0c9a2d8dad6cd5d9ee4f138831f384,d11bb32df93464fd6106c7e499ee98bf11b38084b54e98ba0dcadc53a159318a","Three-start orientation coordinate search, at most eight passes per start; exact template sizing for each orientation under certified requirements; not global optimum."
CNN_common,8,1,8,2 × 4,rotation_and_reflection,7168,16384.0,10240.0,3072.0,30.0,9216.0,56.25,validated_reflection,/home/yj3616/workspace/phd-research/research-notes/max-resource-sweep-20260928/reflection-sweep-20261001/cases/ch8/c8-k1/CNN_common/a69f2c9337a4c8b0aee9/design.json,"bca08b9bc6f921b8ea9c4b2794a5845ee2baee0b2f9f66143493c99799a1ef0c,dde3d2607189a21e65d9574f8a5b6f47bce0c61a556658dc857c7a6931e6ebbe,732aa97d2fae79f0e604252942af6d2fe95affe3ca7af8ee0d9ff836aab48718,26b262e3c0f21665674a59b8be64da275a9bd7fa3e87b2a55c636921ae06d39c,ee7e5e09d2ce3f42cf21abc4e472e33e940adeaffda4a016e2d5f132ce5aad6d,e599689258c785a1c3aaf70a05f8ff033f925cb1d050a7843ee0603697763efd,14d56f9085e51a59736b39640a2041c72435dbf875c162b01a22a005413c90a2,26287c6b162c21ded72eee03f5c89be0850cfc60c49a24f1c2a426f0b27b1950,c9de949d8ed80e03d19caf61c7eccdcfd43067b63bdc545d394cce51f7c9dae3,c51f774b2295057c8b9f8adee3d42219c65ba624cf0a45e0b440a1740d76e13d","Three-start orientation coordinate search, at most eight passes per start; exact template sizing for each orientation under certified requirements; not global optimum."
CNN_common,16,16,8,4 × 4,rotation_and_reflection,51456,73728.0,55296.0,3840.0,6.944444444444445,22272.0,30.208333333333332,validated_reflection,/home/yj3616/workspace/phd-research/research-notes/max-resource-sweep-20260928/reflection-sweep-20261001/cases/ch8/c16-k16/CNN_common/0f1f2888f03ede9bb9ad/design.json,"16c07e40e74fc58e9908b6b778a584cc5839170b80cf9e5ba0561ed0fceee0df,04e2b8dcf7e09c8e1bc73878486f3df681a6bb4340ce0cc45f9eed64b3572fdf,2ee7c37da3e728afbe323da349305ce2ce54840de119c8051810b53698ce747c,18183a900ea2f4ed31abe6c1fa1a426ca50cdf8e57e00257750b1df52df39eaf,6b363728928f7f35647d028e21067798da046450ac59c73a8a2e65a042e6230e,cb170db5f46465d8da0d5cc37c53205664adccd8394cfa8b54d7a1a6c6492325,8971305db33408bde11bb2d8415930b4e1cefebd260e5c9629b7fa3206e408fd,161ae541817fea502aae605110452a21de0451eb25dab2f446f9745839da084f,8efb7a4e03bc25bea908293dcacc34034aabd7a6ce3c6f583da3dac288833870,39c585c395f87574adf95a76b355c1bff52ea4b7fe18a5f98f2197d380195075","Three-start orientation coordinate search, at most eight passes per start; exact template sizing for each orientation under certified requirements; not global optimum."
CNN_common,16,4,8,4 × 4,rotation_and_reflection,27520,40960.0,30720.0,3200.0,10.416666666666666,13440.0,32.8125,validated_reflection,/home/yj3616/workspace/phd-research/research-notes/max-resource-sweep-20260928/reflection-sweep-20261001/cases/ch8/c16-k4/CNN_common/4356ccaae881d7c10c3a/design.json,"e51a719a0a8081a475dc2fd20ed8389c67bc9edd423e5379a8ba0f4a26bc364d,4ab4a9470720e877c514f35aff61a31fa8599a40e1964ce68311578230a44e9e,ffd2a81e0e74ff3a6c5fda9325b5d46fa13798ac5ddb7968be3322a26cfc13d8,c3f9c9e23cdcf37b7cf5ee94d885c593ae540fd710fe6cebe045e9e16c816f9d,f527a913986c6babcf360d576479af6664152693331da80049b56976e4f90e2f,a8eb6442a987026511ff1093b771336676ce45309539dc7626ebfcda4243ccf9,70430177ad5f3e277f0d6235b9fa8a05549767add45f129878163b5b53f6f5ae,71ab0ec1e444a403a5d80b5087181f8aeebd9928f499cae3235c183f7160cd79,4467f984a072d65b2b3770a2f227fc1cb3e4a2017990b92277a55fa7aa4820b3,9a4a106c0f5e0219d828019bc96de66a4711b689e9819e854c1dfe48270a40e8","Three-start orientation coordinate search, at most eight passes per start; exact template sizing for each orientation under certified requirements; not global optimum."
CNN_common,16,1,8,4 × 4,rotation_and_reflection,18432,32768.0,24576.0,6144.0,25.0,14336.0,43.75,validated_reflection,/home/yj3616/workspace/phd-research/research-notes/max-resource-sweep-20260928/reflection-sweep-20261001/cases/ch8/c16-k1/CNN_common/12f6e5066ff1a083c75f/design.json,"e34517f3801a33b40a3a4003fa37a8b88d178e27ed6a2c55a0a7400f8e9a804a,02556a3a4a776ea0f8d1d1ceb85eba00f3c8d83b68cc150930356d3dd281b122,d9586dee7c13ebb103155b0a6a8bb2b0bc2dfa8af83f10332f62cbf0c1f89df7,10b75e60e197ba806d4d928f2ae033765f2c8cec2ab3a31a43e6e674ffc770cf,2f37063ce9d4b9fb9e1f12f4f343007763ef408d7f27e997d30ca0f1f77212ea,6a86c47d89f91371c961c772163ab8c8c194c88133c0316ebf1c24e1350b8ab5,f4eb5fbb27af945ea08567c4f2026d04443fe72fd94add86568f148f11547607,1ae0b5a32c200a35a23ecf3a6874f90e7ae76dce1439693e263b644fd9e083e1,3a2aa7e03bddce7c3de201004e30d4c1acdff8f6fd1daa0e1a90027816f5690e,d34b763f04de61f55ce483eaea3c71f33d9bc57038d74a59cccc6049265ae425","Three-start orientation coordinate search, at most eight passes per start; exact template sizing for each orientation under certified requirements; not global optimum."
CNN_common,32,16,8,4 × 8,rotation_and_reflection,104896,147456.0,119808.0,14912.0,12.446581196581196,42560.0,28.86284722222222,validated_reflection,/home/yj3616/workspace/phd-research/research-notes/max-resource-sweep-20260928/reflection-sweep-20261001/cases/ch8/c32-k16/CNN_common/9eeb4ab6b23c367e630a/design.json,"16a3fd7c47426e870db12d3001fd17d2d2372d1bb10917248c5086e12a9afc9d,5df2066d08f87c29b6b7d6024a17c7098cc2bce8f4a33b9376b7860ea8de7661,0cde75a5e47a9fd901c556d3cb3f04a9e2fb6665ccc57a210c8016f65ffc367b,bf8bb5ed0a92c69159d1ed5c1a335c3602efa03820fb195ef440c6b5a473cd17,3a5a7ca994f5583f7b64f578e28d0d50f880b981c0c73745d5003513c8451b9f,77132c8c69a2fc015475465f618917215f6a26c6125f4bc27e76ce37e7219cd9,46cc222cda445b35129fe2d74df067074a096e1b93961afcaf902a908afe9368,202aab22158afa164b44f20ea2fb4a9eccb0424762f66a0e366003e0ad77625e,417feaedb74e688243a6a413478db80aa70e8d0e1d4d838fd18924c8be0da7d3,9524552345ed0cd6e4f1cfd7cb0e75d28b5c8d62bb719249cabe3b4f63cc9ab0","Three-start orientation coordinate search, at most eight passes per start; exact template sizing for each orientation under certified requirements; not global optimum."
CNN_common,32,4,8,4 × 8,rotation_and_reflection,58496,81920.0,66560.0,8064.0,12.115384615384615,23424.0,28.59375,validated_reflection,/home/yj3616/workspace/phd-research/research-notes/max-resource-sweep-20260928/reflection-sweep-20261001/cases/ch8/c32-k4/CNN_common/f9159c16b6aaa0059f0d/design.json,"7ead3b3f1806efd663ec0bd96f03a4c2c912e0dd893c967584d8142fc347640d,4316b330c646bf10ca87a12d27b2991355775417cff49cfb104f72e096b8c239,e32217050f5dfa58964a30cf9ff467f667d63e7a0b79747b3a70d40d3097860e,964b96ff0e34062fd23d89ee331ffef151a4165b22ecc621cf00ae0050268472,0588fbdbcf5bc31ba4d970f7891e40c72e71272a70afe01e18e4b33bf101c7ac,728b35af2fafcb7fbf3726e5345a6014565b4d3f3d9cfbf51cafbbdde97c4cc5,ebce2a481bd365121eada5c7da3b8f7a3e501a8763d50d1a62fe54a2b35ad61e,9f19ac16911b46448a9d5ba2ff2e1c2e5ebf0a036c488f70662fd7181caae247,07ac3a4446ac64d34bcf91f5d240cdf701d94ab4c0629046593e3bee677d0682,1ea7b89f266db4fc972866ee73b747e571816357c50564c275a8f333cf248518","Three-start orientation coordinate search, at most eight passes per start; exact template sizing for each orientation under certified requirements; not global optimum."
CNN_common,32,1,8,4 × 8,rotation_and_reflection,64256,98304.0,79872.0,15616.0,19.55128205128205,34048.0,34.635416666666664,validated_reflection,/home/yj3616/workspace/phd-research/research-notes/max-resource-sweep-20260928/reflection-sweep-20261001/cases/ch8/c32-k1/CNN_common/f041052699f2cff029ca/design.json,"b36066763db9e0b8f9ca4bcd3ff72b7c59853ce788459bee73b8e0acb58420f5,faeacdc744b2d16b4412b85a5cc334baa351140de70947c1f8be3694e5c82c32,d96e3260ff51011ee1995d4e02543c8dd51a5fbe6b1af968e3918b52e8022928,d252fa0a884c7cae000966890b22c1109d39275e5dae6fddfe3409023aee4ce1,484c35927bde7ad16b7ecf3e03f92a6f92a2db7f56681b8e41264363e27d0216,333b72e0012aa388dcdae618d08f405a00630bab698d59b2fe0785c455a0bf91,de0734c9cdaaec62d9fa0271d3035460f060275d3a11bc0ea5c6cbf77a26e265,33461db4219d9a125d97e9d3fbee769eefccff58026f32491d6b610973bdf6d3,b0c5d6b16fdd501a6a6915f0c860383549f3b5202bb2675760b1814bc42a8ae5,55876885fae274c5b4e0d4a06a2c23ec34da7b0d90519f08c8faccd857767c83","Three-start orientation coordinate search, at most eight passes per start; exact template sizing for each orientation under certified requirements; not global optimum."
CNN_common,64,16,8,8 × 8,rotation_and_reflection,231616,294912.0,258048.0,26432.0,10.243055555555555,63296.0,21.46267361111111,validated_reflection,/home/yj3616/workspace/phd-research/research-notes/max-resource-sweep-20260928/reflection-sweep-20261001/cases/ch8/c64-k16/CNN_common/da733e7effb1b40d40cc/design.json,"4e6a318cbecaa0b40b01c4806c781c2807754d8d687c7507758b26363059ccbe,33c482fe8766efaa486b11cb65c08f7802aa1b555a6c997946dfbde6eacf62be,3d4e251e4ffa1d09bc7b73056d88a3a06a49150220c6f11c33d634bed051161c,d38d3c8b8e439cd8a5b04060d79375d96bb92ecd1de18333e5f4ac0003ff0305,cde32a6af1910132ddc477685067db7dd22511ae4d86b0b1295248a90aa60d22,e70be0560e70343cd9901530443c539c39a1c02e37055c20a3b90180676b16b4,caf872e256e62fba252c95b3cd3093ba22801499e557dfe841cba090ce7743dd,9f3437bf33553e5e3214f032d1923ca609010443d86045f5244c65efdb6d5143,76f4f286242e919ebcb1561ba8090fbe4c048fcaff7d0c658e65c92b48322195,246afd885cc42f17d0542ab8af2cffb3cb92ae52c59dcd5db530a2e8a5585bac","Three-start orientation coordinate search, at most eight passes per start; exact template sizing for each orientation under certified requirements; not global optimum."
CNN_common,64,4,8,8 × 8,rotation_and_reflection,135808,163840.0,143360.0,7552.0,5.267857142857143,28032.0,17.109375,validated_reflection,/home/yj3616/workspace/phd-research/research-notes/max-resource-sweep-20260928/reflection-sweep-20261001/cases/ch8/c64-k4/CNN_common/5e5e97d7b25d9e0f93b7/design.json,"213f87df4d5f8bcbbb2fab5db0bf80823858e6f1033e6aeff9ef64fe4b3a2c34,8c6335b828f9e6a6eaa1548ba31e1392fad57de56bdcb3f94cce7c88075b7458,3b15cc8508fa654d4115ce518563e49fd7e5325b070079bd0276660a03c0b0c3,b925508ebe520497f05768fe6f1e252f4d4110c51d0b93b44bbcef405829a233,730090cce9df966b9f85db2175efaa70d3e9ef1a440cd399b292af3e8e42eaea,5e3ef10fc1996e0eb46409a5674962b4f33953eff6165066f45849a8337f0f19,0685c3df721a1e63a64fdd320cf218621f811c4a1a23f416423930a9eb621f31,25101f65f236c0c01a6cf272c43c4a22f96422f16fef2678e6d7e84d2d69d1aa,cfe9df9a7c305f9473084003604b39c14a95fa0ae73bb0e3484b58b3d5bfb0a7,81f4b891dff0bf8983edbf122ef22b7222212687e4f253f625033316a648fa99","Three-start orientation coordinate search, at most eight passes per start; exact template sizing for each orientation under certified requirements; not global optimum."
CNN_common,64,1,8,8 × 8,rotation_and_reflection,154112,229376.0,200704.0,46592.0,23.214285714285715,75264.0,32.8125,validated_reflection,/home/yj3616/workspace/phd-research/research-notes/max-resource-sweep-20260928/reflection-sweep-20261001/cases/ch8/c64-k1/CNN_common/ced829536c968336cbbc/design.json,"2b8b6d9eab570ba9db2b096fcb2676f324213912b6cc912fd4614c044605c8c2,5d573aef717a615a225b9ddbeae461fab4bc4c14f832cde65c3bc32da3c0fb1e,04495a3bbab1e543e7b6d34f544c6ab8c4fdb30069ebe323a936e2180fb7409a,dd54cf83ed4de3e39b89c601cb6db3239395f6dc86e5caa3109effebc57f06e6,0307b73b3f7f4ac304166dc4bddfddda93a0ac99926355a42c4dc829adc8f279,a05439dbf4cf5853dcbc022735efa087ff5bfb1d29a1b3f8508eef76caee85bc,997ca7cd4d8f08a68370dbb929626ef4a2e303e2d073174d050152348a8288a2,58f837a56b9bdc074c0b852bc9162718f6cc9bed3284c22df110e31451ec6987,de17c87cab01c7ad1fa1ebfbf20f27933a6cdba21978ee2f4abbae5d234d72a4,a66e4c0a27fb4fe6ef5e3528c5902be0c33a631ffe39744905e846435e39c9e8","Three-start orientation coordinate search, at most eight passes per start; exact template sizing for each orientation under certified requirements; not global optimum."
CNN_common,128,16,8,8 × 16,rotation_and_reflection,,,,,,,,not_computed,,,
CNN_common,128,4,8,8 × 16,rotation_and_reflection,254720,327680.0,296960.0,42240.0,14.224137931034482,72960.0,22.265625,validated_reflection,/home/yj3616/workspace/phd-research/research-notes/max-resource-sweep-20260928/reflection-sweep-20261001/cases/ch8/c128-k4/CNN_common/afc1f3db3604310b085b/design.json,"a3bdedfd9d48ab93f9ecd4152fdb808f92b6c97e009e719178f72f3e2f37c9a8,236036414cacf1e23aa06e2576efa347ccc0c1548f39c18ed68785f43e1943aa,f9dae4c8cd06d0da811e7f9f4f83eaefe329fef98dc354f286d568a081a7c63a,b76fd65ceced8e7f6fd0913965c6590ec0884ea65a9039b6b6ac56164148ccc5,8aa3dcc22a0f46746a959951de6cb0e112ee1ce8a07c34c4141af8ecb20e40c7,bbda89852f816c90fe5c2d930ca62126f699114157e5950e33bc26d421967f5a,0371ff13d5348fdbf9404abf78590a3d446993e4db9dd161c6c1c90b2867e708,792470b28c15104b5b9c762167bc0965a0520fc35aefb21e9b3d38ff7fabfd23,a8a4d0a3603df72f74913345beed193125c6e9708bf0ae8eff20b0dcdafc693b,5d18d9b04ee1195d7067a63991b8db043b98fecee604b8d03804b76ad72442b0","Three-start orientation coordinate search, at most eight passes per start; exact template sizing for each orientation under certified requirements; not global optimum."
CNN_common,128,1,8,8 × 16,rotation_and_reflection,441856,786432.0,712704.0,270848.0,38.002873563218394,344576.0,43.815104166666664,validated_reflection,/home/yj3616/workspace/phd-research/research-notes/max-resource-sweep-20260928/reflection-sweep-20261001/cases/ch8/c128-k1/CNN_common/5c367eac5aa0461a89e7/design.json,"9ac059cf4d7087de8f588f8982d6a1ec4ca2a1babed375163b70fee4a17790e5,710627bc7ffc712540b009b0f22890ca237bff512eb07a093c562884b8655ad8,d5f541da10d76e726254349e605ddbe069570355e4210515368677b41ef24135,dc0ff5108fa1f212f346579591fcf35ba5756991511c9860bb935ed6210d0f42,92ec3d0c7028d1ca1e5fddb46c9cf0e5786a360d0337eb9afd9b1aa769fd9c0f,daeb481d5431954193dc2fc082d60536138ce66fb239657fb2ec85ce26c01101,f5a233ee430b270ac5774d65cddf1b99a8a79c459268929d7592996d6f9c4f91,920a01831a77aeeefe7dc4b56d530bd5cca97f9afcb0184c9fc6609b6908e4c4,ac70ab7fd194b83cd92420b22728d7cf4532a8d55e9e63a67918e6c087d3e356,d51134c888d7f5c38693a8a26839441cee49aabeb3341a8a9a9dbedc051dd946","Three-start orientation coordinate search, at most eight passes per start; exact template sizing for each orientation under certified requirements; not global optimum."
CNN_common,256,16,8,16 × 16,rotation_and_reflection,,,,,,,,not_computed,,,
CNN_common,256,4,8,16 × 16,rotation_and_reflection,551296,655360.0,614400.0,63104.0,10.270833333333334,104064.0,15.87890625,validated_reflection,/home/yj3616/workspace/phd-research/research-notes/max-resource-sweep-20260928/reflection-sweep-20261001/cases/ch8/c256-k4/CNN_common/b7e0569b87bbeba3be4c/design.json,"25d9eb3ec572f3aa0ea64c05e6a8e3f9994b851ecba71940ea5d8f4dc82fc2bf,8e9c85bda716bb7ca751bd9d0b37f175f91273eb69444186d98984e6c211a644,4ca71c620c2d26e3df59b71ec865efb95956fd2ed72452d5bdcf9939ffc31805,39fdc190732e26dfd5c950d231fd2706f4d9d7715e3bdac9735c0c2579a174e9,d741f5ec21b77c7668e58b42e07a444ddc99cb45625ff054a5dd23f8522724d2,e604230a7cdd3c08c1ee11a94a499599e1d9e7b4fc2b290b53372fcfdfe026cb,be059babdaee24d8c54496109e40196b5571a092e74a508ca5c82beeb2ccc615,ebb585617daffc60e74b9cfa54b254d9a3d818ddfa2b1df679321e88bec6fa21,c2d259b41c8d78646fe47429849ebe5425a06f4468824513cfc5aae54ec47b8d,4f21ce6674fd227e1df26520deb1a968133840745f3f3f66cb0ceb5e4d7bc4d1","Three-start orientation coordinate search, at most eight passes per start; exact template sizing for each orientation under certified requirements; not global optimum."
CNN_common,256,1,8,16 × 16,rotation_and_reflection,1042176,1703936.0,1597440.0,555264.0,34.75961538461539,661760.0,38.83713942307692,validated_reflection,/home/yj3616/workspace/phd-research/research-notes/max-resource-sweep-20260928/reflection-sweep-20261001/cases/ch8/c256-k1/CNN_common/b2fc6c9f80941e3a9f71/design.json,"b8e269e8c4505292a5ac6f5b9641fd1b1ced98b9c09b46c9a690e338bb691858,e49ba3485874c246f689c2ff34bf69146dd84934ec5411ea0b5754adbc0dc967,43c29ec6bb5dbe12216eef298e10577c9a769a71188652bfca874fad90a7214b,9dab9309127371de91ee42c6a35280f708f873db4748767be7e909b69e4902ac,a22918f46aa7accf206d7dcc4edfbad514c2a08d075eec0cfc6e8ac151e70ce0,f82e20c9d29aee2ff64774717992be1f13943c8f6280a0f737fa83254f1e9cf3,628c138fd0b15207e45c49a5fa69a387c895e7b9b8d25066c50b1b82bf967a97,54561230c4fd7f9cee63ff3a8e06d947ad2435e006f7b37ac9f4e0469d84fd0c,7285e9c27a7d617213aeaa0ad5265550d55403357c79c69189c7e991e1662c7c,9b2ad633037c9508469942e08f2895287a57d12d061941d0023c12e429664617","Three-start orientation coordinate search, at most eight passes per start; exact template sizing for each orientation under certified requirements; not global optimum."
CNN_common,512,16,8,16 × 32,rotation_and_reflection,,,,,,,,not_computed,,,
CNN_common,512,4,8,16 × 32,rotation_and_reflection,,,,,,,,not_computed,,,
CNN_common,512,1,8,16 × 32,rotation_and_reflection,2309120,4194304.0,3997696.0,1688576.0,42.23872950819672,1885184.0,44.9462890625,validated_reflection,/home/yj3616/workspace/phd-research/research-notes/max-resource-sweep-20260928/reflection-sweep-20261001/cases/ch8/c512-k1/CNN_common/d76a674103a7150feeb1/design.json,"f19b4f96b0e81db731ad8c99974dba7070057fbceec6978506ce5c3a5a31e614,dc6066b5a4e2a10cf0453e2e16d5b10b4e75975207369ad7a4925c76dcaaf0b2,891769ed26fa59481e0af04490b384bb18159136eb5854a3de3c0e3ef2f6fa7d,015955490edffdcfade5c01be5fc86f35fa914941dada4c80a50e23153fac427,e6e0a2ffe086b5021c8195c631e878be2ee9f28a179c48396cf814196603858c,80b6c2ce75276257eb43246503b00cd0903688a3ff545f85363b3f2d4705b318,c514b47acfe8d974af9853677ff265608390603971c34654894409054c1be38c,148855fe1c086dd9e67fe03c99c64daede7bc1b754020aecdff35a35121cef75,3b37f7b141687525ca18fa4e1e2f94b0d12da008021585c7345bf30c4395d5c5,9e02dd969680ceca59b4449fcf0169d326882a2eaede1372be887f82871b056b","Three-start orientation coordinate search, at most eight passes per start; exact template sizing for each orientation under certified requirements; not global optimum."
CNN_common,1024,16,8,32 × 32,rotation_and_reflection,,,,,,,,not_computed,,,
CNN_common,1024,4,8,32 × 32,rotation_and_reflection,,,,,,,,not_computed,,,
CNN_common,1024,1,8,32 × 32,rotation_and_reflection,5163520,9437184.0,9142272.0,3978752.0,43.5203853046595,4273664.0,45.285373263888886,validated_reflection,/home/yj3616/workspace/phd-research/research-notes/max-resource-sweep-20260928/reflection-sweep-20261001/cases/ch8/c1024-k1/CNN_common/cbb3a29b14713b3abc2b/design.json,"3401b0c34ba96e7540ef3809b2c60a6e639f37e1c0f19f05d7db1e18f20eecfe,54f7490fe66adfd1bbb3aeda6db08114da67a1a19256277073ab5f42ede4bf18,22b4477db549ac4dbfefdf6d99389ba1bcae4b63d92be786481e622d23e4dbde,a4e61f683bc7d03731b41065244e9c2d0fa10f507476803453a0754c47b61428,642a7a1e77e5c2dd7d2cf22c7649ffe62fcc2bd1ff2e0f0c311bddf8b7b112f3,4d14bf1ddc76fcd237522097e20ee8054cbf36bbc4ad43ffeb28885f5e51447b,c86be085061afd4ea792472763e43a957c5a622387841333573df03b4360a3aa,176badd1dc7c40c2fd3397ffd9f36a3119ae6f56dc09a7fc84a8e18c05d35cd3,f34c731cd76b85eb096abd1ae45b4ac93bbb550d94ee6450124ffe6f2da310ff,98269eb6fd01bdf4f7f9c8ff0bac3a0fcc8b78560d08b093be2d481679dafce6","Three-start orientation coordinate search, at most eight passes per start; exact template sizing for each orientation under certified requirements; not global optimum."
Transformer_common,4,16,8,2 × 2,rotation_and_reflection,6528,14336.0,7168.0,640.0,8.928571428571429,7808.0,54.464285714285715,validated_reflection,/home/yj3616/workspace/phd-research/research-notes/max-resource-sweep-20260928/reflection-sweep-20261001/cases/ch8/c4-k16/Transformer_common/293afc7525c77551aa36/design.json,"8202683b9075f0e86312fd1266f510ece0c6d759764d94ad28f1e4988e6e2862,c7f9638f1387eb5f887737db794a58a8a7c60d7d5561e50fb46c0610ebc5431a,068ad9fcccb8a0d78b4dc670065ffea7b06ae6b93ae09b87697655845ca4a17d,fdf59d1760eec3e158d583b38e800fc76be11b2330c8e850891063b351398134,ccd79b0de505187185cb543347ed674149cbe79bf8d235e2f0ef2d81dd655bc8",Exact enumeration of 16 legal rotation/reflection assignments for fixed mappings and certified channel requirements.
Transformer_common,4,4,8,2 × 2,rotation_and_reflection,5632,16384.0,8192.0,2560.0,31.25,10752.0,65.625,validated_reflection,/home/yj3616/workspace/phd-research/research-notes/max-resource-sweep-20260928/reflection-sweep-20261001/cases/ch8/c4-k4/Transformer_common/d673c7aece0d93ef941d/design.json,"1936a2edce2ad47f29fa44c0daa4c0ce8a457f314792b2b9fe48f7c342ad1443,82f16fc51ccc3fbe0386da2cc6ae8c39c28fcf32bac271c398b384835fe1e458,f2b20996059d0430b8adf75d49e3cc33b63f6ec4c6dae01daceb69688649a313,fa235ca196985e1ebb6d93a37890a90bce437504281c1202a1bf14b48d8f4202,6ede5bcde06cc4a779fd901277e694d8843a814bf2fefeb97b8bc57dd64e53ab",Exact enumeration of 16 legal rotation/reflection assignments for fixed mappings and certified channel requirements.
Transformer_common,4,1,8,2 × 2,rotation_and_reflection,2560,6144.0,3072.0,512.0,16.666666666666668,3584.0,58.333333333333336,validated_reflection,/home/yj3616/workspace/phd-research/research-notes/max-resource-sweep-20260928/reflection-sweep-20261001/cases/ch8/c4-k1/Transformer_common/af1bdf604638dd8ae55d/design.json,"798464ff6590d70f35b820c12aa461e06c7352f0ed45d2b708a55583eba18ee3,8f4c9af434c2f18d47175618f42aae1069e16b11a4ba265db6a66d54f79e576e,6fa5043fc8438663a549e045b1650fd4efb6aed15910914685ad4e5258db42f9,c1a8b87e643a1b0e3168870bab468fa15af7c964dd1ec15cc1f8fb5055b2e8b4,1d923f3eac513a9a0e39baa578d8dce069195b4bc6c6a74d17e42b83823f7330",Exact enumeration of 16 legal rotation/reflection assignments for fixed mappings and certified channel requirements.
Transformer_common,8,16,8,2 × 4,rotation_and_reflection,17664,36864.0,23040.0,5376.0,23.333333333333332,19200.0,52.083333333333336,validated_reflection,/home/yj3616/workspace/phd-research/research-notes/max-resource-sweep-20260928/reflection-sweep-20261001/cases/ch8/c8-k16/Transformer_common/0e97730df1694f90ce0f/design.json,"ec59af075c74e2fe2f5682f55e8447e125eb303d1c3111f05d5fdc788b5b98da,ddbe0b294e32bb4e5774c5a9ffe295d569b2285a96415ab5db7226e7d704047f,a112bbdc09347af1215d14ffd3e6f690754673018032d9a42351d3c876485fc0,e44dcfd20afba94472f76f68794c0d8a7cbc934bbf6ca2845ed670cf9f0c68ec,de472853076dbd5977476aa71affa0e0143a4d369d2a81be7fa4e259991e4a77","Three-start orientation coordinate search, at most eight passes per start; exact template sizing for each orientation under certified requirements; not global optimum."
Transformer_common,8,4,8,2 × 4,rotation_and_reflection,9728,20480.0,12800.0,3072.0,24.0,10752.0,52.5,validated_reflection,/home/yj3616/workspace/phd-research/research-notes/max-resource-sweep-20260928/reflection-sweep-20261001/cases/ch8/c8-k4/Transformer_common/83c0cc44fc7b362fdea1/design.json,"5780b708167d1bf1abacc627276b6c9fed2446e6c598360185006d7cbc9794bf,6eaab023f27d76aea9401425190e7ba69754a762c0ebf66c05e3a0a4cca933da,0439dc90413fbf62331662f0d238b3b9f3dc492fb107cab825b1b27029fad690,e942000fb27b005221270ea39be000c3bbdbc4e4fb519f1a578e94b2ece4238e,2e064f287eaa6cdec7d3632f5e76deeef853abdc47b0eee0f1dde02311461018","Three-start orientation coordinate search, at most eight passes per start; exact template sizing for each orientation under certified requirements; not global optimum."
Transformer_common,8,1,8,2 × 4,rotation_and_reflection,8192,16384.0,10240.0,2048.0,20.0,8192.0,50.0,validated_reflection,/home/yj3616/workspace/phd-research/research-notes/max-resource-sweep-20260928/reflection-sweep-20261001/cases/ch8/c8-k1/Transformer_common/c222ca89df123db48252/design.json,"e47fefa6347d1775f336e61687cb4a307dd8b26f0f56821621dc4ee1c657a06f,3f7626e916bda519ee2db32318459639e1e9a99d2b6729c83435eb759346b9d9,77befa0c23b038ec8ff01595c6d250210e22294a6fc61b2b6d93ba9a6e0869ae,313ac5eb72be8dc00804987889956207e4d3fbb3f17ad4b66a47c04e38657a1d,f59b0284ac6c634ba5a37875b880fbc80928b173f1decec27ced97ef700ff3b7","Three-start orientation coordinate search, at most eight passes per start; exact template sizing for each orientation under certified requirements; not global optimum."
Transformer_common,16,16,8,4 × 4,rotation_and_reflection,43264,73728.0,55296.0,12032.0,21.75925925925926,30464.0,41.31944444444444,validated_reflection,/home/yj3616/workspace/phd-research/research-notes/max-resource-sweep-20260928/reflection-sweep-20261001/cases/ch8/c16-k16/Transformer_common/b2b47430f5d96f58cdd7/design.json,"9dc3cfa9067f8f321a1c4acd3fb7ec7047c914c9dc5dad018f75aff6c6b582ca,23dc196ac62b49b4aa8702b6c7830984d4b3b213a3a3e1be574e9c28ea00ef3d,96366a72df312e88affddc1a3b02eb1bd0192c12caafee885c3024d7157d8d27,4cdbd5f8bbcd8489acdc52bf84eedc239f7c18823d49556f6d2ac959a4a06c89,dc0f1f50609063ab0a68f3028b5f68c90455b2761e22839961d5697a8faff48e","Three-start orientation coordinate search, at most eight passes per start; exact template sizing for each orientation under certified requirements; not global optimum."
Transformer_common,16,4,8,4 × 4,rotation_and_reflection,22144,32768.0,24576.0,2432.0,9.895833333333334,10624.0,32.421875,validated_reflection,/home/yj3616/workspace/phd-research/research-notes/max-resource-sweep-20260928/reflection-sweep-20261001/cases/ch8/c16-k4/Transformer_common/5c7fe5a7d7b5c68c7432/design.json,"b0d24c97dbed74bbbd495c6dcf1999452a919fb590a0929b8fc09640a649bc7e,bc13290724dff92acc57e61c7a56c3254a66ab0ce9bffbe47f9eaeb1d267113d,130b9f54aef199dedd1969d61e62407fdb1e3754ab9a13566144454a3d54e5a2,bc5c639bd9604879570194a5f3697215cf16028e8b277ad8d1e2f16a28b24cae,bef37ac168bbf76281f237633516220b3c097d7b0b73edba3b289efeef478ece","Three-start orientation coordinate search, at most eight passes per start; exact template sizing for each orientation under certified requirements; not global optimum."
Transformer_common,16,1,8,4 × 4,rotation_and_reflection,23040,49152.0,36864.0,13824.0,37.5,26112.0,53.125,validated_reflection,/home/yj3616/workspace/phd-research/research-notes/max-resource-sweep-20260928/reflection-sweep-20261001/cases/ch8/c16-k1/Transformer_common/ba62322a3ba39f671beb/design.json,"817db136f3e012c4c0348cb6acc9bc52bc59f25d5e9a91a6094235d21d00e31d,a0163ce5001601c5e5ce7f1c3f89633d56c3408b25a42439c058bdff6478d17e,0e25d76e84fc9dacbc1bcb604827c8cd5976f1b533d7815ad8e88989676ee4cf,8a153872e3fbacef8fffea73af765d53cee231025f026d3f2ed25a78db7fc886,a2fc5b9684596afb701ba56022511f6e9a075f490a9030b3c4cc555b885654e8","Three-start orientation coordinate search, at most eight passes per start; exact template sizing for each orientation under certified requirements; not global optimum."
Transformer_common,32,16,8,4 × 8,rotation_and_reflection,85568,147456.0,119808.0,34240.0,28.57905982905983,61888.0,41.970486111111114,validated_reflection,/home/yj3616/workspace/phd-research/research-notes/max-resource-sweep-20260928/reflection-sweep-20261001/cases/ch8/c32-k16/Transformer_common/7c25953213ed3b2ad170/design.json,"a722a03d3758b0cde3f29162d5b9c89d01bd8f9dd614a6434c3efdc84b2907ac,1a011d0377b1be48b56cafe66d445f514a478046e81034b9409099912e50f3d9,49273f056523dea8492b8d21b046b2b785987926661255c5d5685704d3c5f372,690954f4beb0bb6f62b0127aeeb8619785ff82009c8056e713d954d5a1a28572,c711a3aaa27cd4b7e1a53b7e7d5bf6c479778bdae3c76d04f7e2be5e59cbc00d","Three-start orientation coordinate search, at most eight passes per start; exact template sizing for each orientation under certified requirements; not global optimum."
Transformer_common,32,4,8,4 × 8,rotation_and_reflection,57984,81920.0,66560.0,8576.0,12.884615384615385,23936.0,29.21875,validated_reflection,/home/yj3616/workspace/phd-research/research-notes/max-resource-sweep-20260928/reflection-sweep-20261001/cases/ch8/c32-k4/Transformer_common/f0fd63222c5cbc62b453/design.json,"1b5c77659cdf881bca9c760d3d889c66e899c54389a42f7819d6fe282db1b1af,310b100ac659aba814629ed767bf06b7a58b00733e02af884bc599c5ef238ced,aba25bf1d697b667b7a8265de5edb50ae3d8f44efe72729dd4ee36bc04691702,6acebe5cd8ecb3a4e0c2657cdc6fc6700058b795dd60d8ca79c3618a2351e365,5407d6775baf2102e082f3afd2a3a477d3c47f637922045255749c8bf04200dc","Three-start orientation coordinate search, at most eight passes per start; exact template sizing for each orientation under certified requirements; not global optimum."
Transformer_common,32,1,8,4 × 8,rotation_and_reflection,66304,114688.0,93184.0,26880.0,28.846153846153847,48384.0,42.1875,validated_reflection,/home/yj3616/workspace/phd-research/research-notes/max-resource-sweep-20260928/reflection-sweep-20261001/cases/ch8/c32-k1/Transformer_common/f59ca5d7e9cf960df798/design.json,"fbc7c109f7ccff07f4ed978ddfca0fbfbe4263713642f587aa31da0ec0e344d8,1389c48d0bf13fb810a27a3b6a5be0f329b169d2c8f350a4651d1b0da070754b,151f284cda79f191b443927a88daec03b8a7228cb8a1c1c6670f2ed8a063b195,fc1ff0dbd9d639580dae2e0797a8e66faaa14c98ee6ca4e4276f32cc79946461,8e43081f4ad51a421116cc4f4eb90e178e554cccf95ad33bc525e2ce8b53272d","Three-start orientation coordinate search, at most eight passes per start; exact template sizing for each orientation under certified requirements; not global optimum."
Transformer_common,64,16,8,8 × 8,rotation_and_reflection,219968,294912.0,258048.0,38080.0,14.756944444444445,74944.0,25.41232638888889,validated_reflection,/home/yj3616/workspace/phd-research/research-notes/max-resource-sweep-20260928/reflection-sweep-20261001/cases/ch8/c64-k16/Transformer_common/c448bdf78f8c132e737b/design.json,"87815df5b1464e4d6b645f1fdbb5b83a0344df4db81804fab830c1ba50df33e1,803a9c2bbadda0482e26add06d2adcd6d1e56da8daf5f9f1f03d99eadae7465e,e35ac4b16302b28f18ba4cfb2c0a0d872f83073a0c88bb38ccce5d904027d7fd,7c60e8e7f62deded8b1a0fa054ec9a837536e3ce7f18e7ba8c410c99cd9748f6,268afe6a5efe661fba581dbd44a165b2737e8958b7d22b92024e6a8acf6d214e","Three-start orientation coordinate search, at most eight passes per start; exact template sizing for each orientation under certified requirements; not global optimum."
Transformer_common,64,4,8,8 × 8,rotation_and_reflection,125696,163840.0,143360.0,17664.0,12.321428571428571,38144.0,23.28125,validated_reflection,/home/yj3616/workspace/phd-research/research-notes/max-resource-sweep-20260928/reflection-sweep-20261001/cases/ch8/c64-k4/Transformer_common/2f28c61ae909438eac18/design.json,"639ddbfea3169d19791406e8113d17f42bea058c83972b3b2bf501fad9b9d15a,c5b6d97dc1a29529bdd110a308f3e2d737d19cc54aa8138b76e84f4676cba527,cf9f5488ca712b08ad37bcb06fa9e5bba372c9f0e8d313c730db265d0d5b4cc7,34af7c01a30d6e31af753ac5da6b25d430c2730ca2ee9a1a80b8b9377d5aa725,e361f35bb2335f58c2897e07e80c9fa21f1c178518f294ad0731857e02a20e99","Three-start orientation coordinate search, at most eight passes per start; exact template sizing for each orientation under certified requirements; not global optimum."
Transformer_common,64,1,8,8 × 8,rotation_and_reflection,105216,131072.0,114688.0,9472.0,8.258928571428571,25856.0,19.7265625,validated_reflection,/home/yj3616/workspace/phd-research/research-notes/max-resource-sweep-20260928/reflection-sweep-20261001/cases/ch8/c64-k1/Transformer_common/9e63dd7a3b176cdbe85e/design.json,"175f752b8933c206899e602088e4947d370a95ec84a9bc02930e4cd9b5acd94f,ace6a2df2a7d74ed72c55e5c200a25b52c1f3b2572e23b57bd8dfcc30cfbf2f2,ea0f96c48789dc958e427e7e294b21fe866bc57a140e61a8fb04a5ac5ede2ad1,9fb020f0555bf792bdf64d2231511a0465bc1999254daeeec29c0e960521ab81,d81522cedeba2c6f143e5f54a172f5e28e62042da8b11191abe75972134e2a2f","Three-start orientation coordinate search, at most eight passes per start; exact template sizing for each orientation under certified requirements; not global optimum."
Transformer_common,128,16,8,8 × 16,rotation_and_reflection,,,,,,,,not_computed,,,
Transformer_common,128,4,8,8 × 16,rotation_and_reflection,207680,327680.0,296960.0,89280.0,30.064655172413794,120000.0,36.62109375,validated_reflection,/home/yj3616/workspace/phd-research/research-notes/max-resource-sweep-20260928/reflection-sweep-20261001/cases/ch8/c128-k4/Transformer_common/7b630270a3b35ed9fdd7/design.json,"1f70aa04c07f0d83264166c180044944a680c18fa34333e131b99f73892f5332,f0369a040d4cd2f1d518f6ddef67cfc2e46f6e5a6aac94fd7b297abbfb6978c9,a4353802542011ecda17475c7b12d8175831161b4271e849eab62f4fdbb5e971,c6e4cba33a4f36b5f73b949af1c27bb9fcb01db4a210ba2511c9684eb5f90ea9,5b4f10dca84ba9626fee3e1d1b220f4c6b0dddefe4a9b2f7f35f1757e0d1abf4","Three-start orientation coordinate search, at most eight passes per start; exact template sizing for each orientation under certified requirements; not global optimum."
Transformer_common,128,1,8,8 × 16,rotation_and_reflection,294400,589824.0,534528.0,240128.0,44.923371647509576,295424.0,50.08680555555556,validated_reflection,/home/yj3616/workspace/phd-research/research-notes/max-resource-sweep-20260928/reflection-sweep-20261001/cases/ch8/c128-k1/Transformer_common/857eb59c2f3aa3a8ba34/design.json,"c0fc8d0ee60c7af5531c4876a236c0b7461bd7bb558a8df2de4d0d05aae6e7d6,00a884e3234a514146bf143a9cac8338633a827f6b5a4cef5215cc2a60191bd7,14e2a74ff3bead4fbd87d2736d99245eab29c9dbdfd179c3744f8049ccfecdbb,3053583734185ab6c756f68fd566cf588eba305a2168bc2dcc2dfb5746a5721c,b511cf5b1ab48cf448fc1c059a41a8bdc8521224613d7765f8ea2f18355e269d","Three-start orientation coordinate search, at most eight passes per start; exact template sizing for each orientation under certified requirements; not global optimum."
Transformer_common,256,16,8,16 × 16,rotation_and_reflection,,,,,,,,not_computed,,,
Transformer_common,256,4,8,16 × 16,rotation_and_reflection,535296,655360.0,614400.0,79104.0,12.875,120064.0,18.3203125,validated_reflection,/home/yj3616/workspace/phd-research/research-notes/max-resource-sweep-20260928/reflection-sweep-20261001/cases/ch8/c256-k4/Transformer_common/1257b6287af09e67870a/design.json,"73f17a81a8748686784e51c42ac34aa3fb99917fa84adf48af17cbaca0b7e501,c00b08a1f126f7bafcb7dabe9575e8b37b5bb60239f44f93e89752bce66cbc6c,8165e8b03dab4ebca1aa520955f3e066a49494e3f4050911eab4d54e58d51beb,7853d195b50d6c8f757d699d73beb224774e5e31003748b3aebbe52753ff04ab,0a87cd685f5d8ea1cf84658f02290606be28775b4cb6595235a1508bcf4a5126","Three-start orientation coordinate search, at most eight passes per start; exact template sizing for each orientation under certified requirements; not global optimum."
Transformer_common,256,1,8,16 × 16,rotation_and_reflection,579584,917504.0,860160.0,280576.0,32.61904761904762,337920.0,36.830357142857146,validated_reflection,/home/yj3616/workspace/phd-research/research-notes/max-resource-sweep-20260928/reflection-sweep-20261001/cases/ch8/c256-k1/Transformer_common/0a559e9baa5981796ea9/design.json,"f714c1a67a7a88df1405f650be7562b3f5221a7fb1f94d269038d15dfa4f952c,1165a3a13f76f935831e5357dcc0c5db92a275ffefa3488285445994cd30c7df,ea70baa9c69b0add137f899726183dd4f6354d4e3aa9dc4603528cc9944b0c7d,57f7993605619202fdc55fbb86ac71bf280d56683335fccfe262260ff61f4df5,f3928b7592469418338f5157fefcd4205dbe56a0bc90b9c49cc29ece2e6b0103","Three-start orientation coordinate search, at most eight passes per start; exact template sizing for each orientation under certified requirements; not global optimum."
Transformer_common,512,16,8,16 × 32,rotation_and_reflection,,,,,,,,not_computed,,,
Transformer_common,512,4,8,16 × 32,rotation_and_reflection,,,,,,,,not_computed,,,
Transformer_common,512,1,8,16 × 32,rotation_and_reflection,1178880,1835008.0,1748992.0,570112.0,32.59660421545667,656128.0,35.756138392857146,validated_reflection,/home/yj3616/workspace/phd-research/research-notes/max-resource-sweep-20260928/reflection-sweep-20261001/cases/ch8/c512-k1/Transformer_common/262bde50fd5bb4180f86/design.json,"b8bcd09f31ae4dba914f4e92c24be86f285074ea908365970f0a5d84509071b5,c237e9a74fbb4104c29daacad97d751ee29d3ff285e07f5d2807f7ebf3de5782,2a53a285b64e925175d665ff7cadb805ffdb40c88c3598fe6bbdc8653b73f553,73370ccfed4aee3b23cbe2ae9b1a75f3ee0ddac11c0e30cbd2f4c2dc13d76235,46bf7b0ab4eb50cee81c5c606963673aff88eff1d3dad426d9b1496a6318dd99","Three-start orientation coordinate search, at most eight passes per start; exact template sizing for each orientation under certified requirements; not global optimum."
Transformer_common,1024,16,8,32 × 32,rotation_and_reflection,,,,,,,,not_computed,,,
Transformer_common,1024,4,8,32 × 32,rotation_and_reflection,,,,,,,,not_computed,,,
Transformer_common,1024,1,8,32 × 32,rotation_and_reflection,2129408,3145728.0,3047424.0,918016.0,30.124327956989248,1016320.0,32.307942708333336,validated_reflection,/home/yj3616/workspace/phd-research/research-notes/max-resource-sweep-20260928/reflection-sweep-20261001/cases/ch8/c1024-k1/Transformer_common/22a4852e7a1a2788eec0/design.json,"472dbbeb57ac4dd50969de619f8a1aa7f528ccbaf800d7eba912336180c21779,e71c8de7813c2964ca70970b5c05d77969b6775ca562e6b892b713dd1326a1c8,6910f9496c243517f08795d23acc661c5c543377d423742484c88c9b5495feae,af2dc8e6bcf70a6ce5305101975dc7e9748fdd24766f013d0a98ea5d2ddaf716,80c7d2924d8e58f85b2fceb5d186889ad24927dd7b97193991e5099b12fcf174","Three-start orientation coordinate search, at most eight passes per start; exact template sizing for each orientation under certified requirements; not global optimum."
ALL17_common,4,16,8,2 × 2,rotation_and_reflection,9600,22528.0,11264.0,1664.0,14.772727272727273,12928.0,57.38636363636363,validated_reflection,/home/yj3616/workspace/phd-research/research-notes/max-resource-sweep-20260928/reflection-sweep-20261001/cases/ch8/c4-k16/ALL17_common/d13a7536403982302b4e/design.json,"21e34405f1327da6ca3241a2a8f4849df21b61a891f069bc0db1ac09106ae625,85a8ed9ffeb3acf58dccdd33608104b85e849c5f421588a50a83076f94fac171,80a5fc87f502ff7eac8dc5bf4d6336e5e7197dcd75b85fc8a3429f1a7beee88a,6296884e0c05b7b0066135b3c834d7eda7c4d4778f5d939a47f803ab8922b9ff,8287c53e81ddeee4add4290bdfa9983e7df644d6781de199cc0a9f91e49357e8,18033229fb0f8313085ad833ac5e29804953f799d0aa7cb0aaaa7e860ef313d5,eaca0e2bde933808a0b7a96ed3fdd2307e5610431311fd3b5ef885f95b95e149,240ccdee87857d838edc4e8946d6250f234bdf65ded7a1552312909ede0c3757,ba777a444b91329ee18b92bebeaec3f358777e552c519c698f40fa2a760ff2f0,8202683b9075f0e86312fd1266f510ece0c6d759764d94ad28f1e4988e6e2862,c7f9638f1387eb5f887737db794a58a8a7c60d7d5561e50fb46c0610ebc5431a,a8ff260f8c5ee76541d8a416f95c96ea9723d1c3e557ad1a148e0951f64358ab,bb04939f71bc129c33fee456f89be97bdedb1a8c8f83dae38d729d9179a2c242,7d9b2593a321bf5410ae09091406dfbb7d34e9fe1d93846a730956533b370903,068ad9fcccb8a0d78b4dc670065ffea7b06ae6b93ae09b87697655845ca4a17d,fdf59d1760eec3e158d583b38e800fc76be11b2330c8e850891063b351398134,ccd79b0de505187185cb543347ed674149cbe79bf8d235e2f0ef2d81dd655bc8",Exact enumeration of 16 legal rotation/reflection assignments for fixed mappings and certified channel requirements.
ALL17_common,4,4,8,2 × 2,rotation_and_reflection,5632,16384.0,8192.0,2560.0,31.25,10752.0,65.625,validated_reflection,/home/yj3616/workspace/phd-research/research-notes/max-resource-sweep-20260928/reflection-sweep-20261001/cases/ch8/c4-k4/ALL17_common/b41c757dcc8edeb82239/design.json,"aa11aaf099f2dbbb536e71a9ab16e005ff5e3b218a53f8ad93ca0735588529f8,2dcf47e6028e2d82b7af344446e0c1f5c3cd21090ddb38559a7ac78dd0cb4c00,3a9e1553b364dc9be75a7ab6b1da16af1d4e2ebc038b7d15bacf6f4ac980a564,7dfd87e097d81f952bcba0ba535d6074928277023daa3701ed50bdd7de22d086,2bd24c04a5d81a23ec717734b373599a1e433fc533946e17d5bd98d1abeea961,9d13afb632dece51d0d9aeaa8dae6991dfdf5dab42f773823ea51247cc5fa531,394f098dbeb6ad6848e375cc4559f6e68f8a63a7d5539d0a97d3815d41b7f45d,d21a098f356e4703f792651fa60aa181b17fa680bafa02e320903c96722d4979,beb20a728609a133a34f5253fb5e79491c3eca85eacc9e8073ccf060bba197bb,1936a2edce2ad47f29fa44c0daa4c0ce8a457f314792b2b9fe48f7c342ad1443,82f16fc51ccc3fbe0386da2cc6ae8c39c28fcf32bac271c398b384835fe1e458,7d1157398683c5f577f45bdef15453d48f515b02e46a148b778371ed48935de0,fea052ee3f64ccdf7218cc560493ce08c7472a9bc111cde9dbd7f2926bfbd5dc,ae4b656ea1a6835f5f8402e2c908a4ac116286d69b41b67e8213d8fe2eaae1a2,f2b20996059d0430b8adf75d49e3cc33b63f6ec4c6dae01daceb69688649a313,fa235ca196985e1ebb6d93a37890a90bce437504281c1202a1bf14b48d8f4202,6ede5bcde06cc4a779fd901277e694d8843a814bf2fefeb97b8bc57dd64e53ab",Exact enumeration of 16 legal rotation/reflection assignments for fixed mappings and certified channel requirements.
ALL17_common,4,1,8,2 × 2,rotation_and_reflection,2560,6144.0,3072.0,512.0,16.666666666666668,3584.0,58.333333333333336,validated_reflection,/home/yj3616/workspace/phd-research/research-notes/max-resource-sweep-20260928/reflection-sweep-20261001/cases/ch8/c4-k1/ALL17_common/d33e86e971af1184d095/design.json,"ae0b4439abdb33bb99b33dec2e89ed6025c07bee5c998ba2c388895978bd29bd,e1c2176018ca68cc1d4d5534be1d1e5fc1f2849a54555aa909c0c045b625145d,da6130a6a243757aa1c7ed1a24147d4e5833139c8f48d3ddb4dd9b2e44709119,dd3c56244f48aff3980a8608ec1c73df5a14bc6cd4911a92d2dad06fee23f67f,c72ca7bd2782dec18a1b695e8afdbe5b1d5508e3043ad9ae460ee40d16e8c193,51c40f2ff7f2b2012a51056ba515252931631b04abd3d53874f22e14803fed82,d8b2fd1b52d93c6e03bcd98a266a3511ddd0c79b9a6b206543e255fdd37e18cd,7d4e66773a7ba137e97be0a143b6d13410c9d9fe37c17080d1c08726faaa7dd7,7faa4c65d9f0c1af6f789a61e6e24987174a09dbb8222ac9686f66e858894246,798464ff6590d70f35b820c12aa461e06c7352f0ed45d2b708a55583eba18ee3,8f4c9af434c2f18d47175618f42aae1069e16b11a4ba265db6a66d54f79e576e,0bcea382b6b35d3c2fb385b5202a6a5d3769f92191b9231334df412712cc41a3,19f0c9fb8c8da62fa440b383fcf4ebd5e990bb09641392e2aef681213d5cb5f9,67716687a08e12e62827129f821aca7373dd36a1a0568ee63f049640f1efd66b,6fa5043fc8438663a549e045b1650fd4efb6aed15910914685ad4e5258db42f9,c1a8b87e643a1b0e3168870bab468fa15af7c964dd1ec15cc1f8fb5055b2e8b4,1d923f3eac513a9a0e39baa578d8dce069195b4bc6c6a74d17e42b83823f7330",Exact enumeration of 16 legal rotation/reflection assignments for fixed mappings and certified channel requirements.
ALL17_common,8,16,8,2 × 4,rotation_and_reflection,18688,40960.0,25600.0,6912.0,27.0,22272.0,54.375,validated_reflection,/home/yj3616/workspace/phd-research/research-notes/max-resource-sweep-20260928/reflection-sweep-20261001/cases/ch8/c8-k16/ALL17_common/4a5035dd49e9a097c7cf/design.json,"db0a582f3d0775cb7865ab0b8f331c5a524c3824ab7b2e1408dcb27c3e9248e2,506495881d83cdcd252f816570f599bb7abaf5dfab29727da1e821963e98c853,fe6fe9ecb2f7e80f91ddd6b5a4789db615c4edf4887a354a7dac7efef4dbb1ca,dfe8f171623a2d7efa2e8e32a47d9fa1d5c398792348b309156ec3e7f6c352d6,975035ad96de960072d552bcd53172541e239c477f964a625b3d336ed4f11abf,cf4c20389bc328439cbbf007e88a2b1fc81547ee61918ef7e32e0eb6d96f45f5,5669b5af2e7d292b39f8f373f894f48f1115b219d7cbce331ae3b9b958a34f51,ea802c1038775e8aadb2770bea868ea6a5cea2a8034801c7c4dbd3b654f1925b,a91007a53167093d5f3548487250b2a8bbfb0cfa5dc86e060524b4aa024a8685,ec59af075c74e2fe2f5682f55e8447e125eb303d1c3111f05d5fdc788b5b98da,ddbe0b294e32bb4e5774c5a9ffe295d569b2285a96415ab5db7226e7d704047f,44e3cd417bf8ceab6a5e0f2da959dda7c694245879ba09767783a9a1c05b2a3f,df97ed584ab7a290862794cf93b46bdcbcd3b09ed2c353b2e261ef5e073f9759,92a7d3d2324c0d2e93d47546842d21aefd17cff681d1bb1f73d1da9e9961ab85,a112bbdc09347af1215d14ffd3e6f690754673018032d9a42351d3c876485fc0,e44dcfd20afba94472f76f68794c0d8a7cbc934bbf6ca2845ed670cf9f0c68ec,de472853076dbd5977476aa71affa0e0143a4d369d2a81be7fa4e259991e4a77","Three-start orientation coordinate search, at most eight passes per start; exact template sizing for each orientation under certified requirements; not global optimum."
ALL17_common,8,4,8,2 × 4,rotation_and_reflection,9728,20480.0,12800.0,3072.0,24.0,10752.0,52.5,validated_reflection,/home/yj3616/workspace/phd-research/research-notes/max-resource-sweep-20260928/reflection-sweep-20261001/cases/ch8/c8-k4/ALL17_common/82cac7fb05a17ecfa3fe/design.json,"77de3a88bda4a271c19a2103125c834ad84becbc61ef62a38ff98af0d6b5995d,5caea1c7a8afe28b1e08db2cebdd9fb730af04ac0dc46a966730781dfdf4550b,3213e499fed8b4d93f1ff7678079fda3f9a1c6d27b8cbf6073b25cf1b33b8c4d,c8d68d8d1e9f0533a77821bba2a4f93d8cf7b84c83b547d0f137e2f64913562c,5c12e46e039d43300b8910082523ac8512b8c6e3cd0103eb522b01e7c86b109e,514dae0bb4f91a29149c4426592e7e9b3bd7627be2470417fd4064727e80297e,ccf1c128154862723d04d1fdad3abe9f57c35a138742c47a1b8b0f83b3244aa9,54cb68e961d45ad2bef18546a017d399b603c9c1066db35d115a1cfe2c800bff,d5b5d9fb2f55cc66be14b977712ab6d52ba514ae56d13850de7aa5f9cb05fb53,5780b708167d1bf1abacc627276b6c9fed2446e6c598360185006d7cbc9794bf,6eaab023f27d76aea9401425190e7ba69754a762c0ebf66c05e3a0a4cca933da,1eceaf8d1886b3f77c154f50819198e51103ec72abcc0ef8c233f78ccfa1c953,9008a5466aaa97dad40fa029ba98fd9c0f0c9a2d8dad6cd5d9ee4f138831f384,d11bb32df93464fd6106c7e499ee98bf11b38084b54e98ba0dcadc53a159318a,0439dc90413fbf62331662f0d238b3b9f3dc492fb107cab825b1b27029fad690,e942000fb27b005221270ea39be000c3bbdbc4e4fb519f1a578e94b2ece4238e,2e064f287eaa6cdec7d3632f5e76deeef853abdc47b0eee0f1dde02311461018","Three-start orientation coordinate search, at most eight passes per start; exact template sizing for each orientation under certified requirements; not global optimum."
ALL17_common,8,1,8,2 × 4,rotation_and_reflection,8192,16384.0,10240.0,2048.0,20.0,8192.0,50.0,validated_reflection,/home/yj3616/workspace/phd-research/research-notes/max-resource-sweep-20260928/reflection-sweep-20261001/cases/ch8/c8-k1/ALL17_common/369b1f741f5333b7e33f/design.json,"bca08b9bc6f921b8ea9c4b2794a5845ee2baee0b2f9f66143493c99799a1ef0c,dde3d2607189a21e65d9574f8a5b6f47bce0c61a556658dc857c7a6931e6ebbe,732aa97d2fae79f0e604252942af6d2fe95affe3ca7af8ee0d9ff836aab48718,26b262e3c0f21665674a59b8be64da275a9bd7fa3e87b2a55c636921ae06d39c,ee7e5e09d2ce3f42cf21abc4e472e33e940adeaffda4a016e2d5f132ce5aad6d,e599689258c785a1c3aaf70a05f8ff033f925cb1d050a7843ee0603697763efd,14d56f9085e51a59736b39640a2041c72435dbf875c162b01a22a005413c90a2,62407045e5392f9ab30ec72c32de3c9494f1695ea04bc778cdb4e44fd07aaf60,b0b6e67e2a0c81c893267ed271d852054bd211d8108d3abab66624280b6bb046,e47fefa6347d1775f336e61687cb4a307dd8b26f0f56821621dc4ee1c657a06f,3f7626e916bda519ee2db32318459639e1e9a99d2b6729c83435eb759346b9d9,26287c6b162c21ded72eee03f5c89be0850cfc60c49a24f1c2a426f0b27b1950,c9de949d8ed80e03d19caf61c7eccdcfd43067b63bdc545d394cce51f7c9dae3,c51f774b2295057c8b9f8adee3d42219c65ba624cf0a45e0b440a1740d76e13d,77befa0c23b038ec8ff01595c6d250210e22294a6fc61b2b6d93ba9a6e0869ae,313ac5eb72be8dc00804987889956207e4d3fbb3f17ad4b66a47c04e38657a1d,f59b0284ac6c634ba5a37875b880fbc80928b173f1decec27ced97ef700ff3b7","Three-start orientation coordinate search, at most eight passes per start; exact template sizing for each orientation under certified requirements; not global optimum."
ALL17_common,16,16,8,4 × 4,rotation_and_reflection,51520,73728.0,55296.0,3776.0,6.828703703703703,22208.0,30.12152777777778,validated_reflection,/home/yj3616/workspace/phd-research/research-notes/max-resource-sweep-20260928/reflection-sweep-20261001/cases/ch8/c16-k16/ALL17_common/fed9423b465601353163/design.json,"16c07e40e74fc58e9908b6b778a584cc5839170b80cf9e5ba0561ed0fceee0df,04e2b8dcf7e09c8e1bc73878486f3df681a6bb4340ce0cc45f9eed64b3572fdf,2ee7c37da3e728afbe323da349305ce2ce54840de119c8051810b53698ce747c,18183a900ea2f4ed31abe6c1fa1a426ca50cdf8e57e00257750b1df52df39eaf,6b363728928f7f35647d028e21067798da046450ac59c73a8a2e65a042e6230e,cb170db5f46465d8da0d5cc37c53205664adccd8394cfa8b54d7a1a6c6492325,8971305db33408bde11bb2d8415930b4e1cefebd260e5c9629b7fa3206e408fd,f2533481c7bcb2bf05bf2c2da525a624dbd87c69f9e26294f082a175cdcbe63c,f77ee1dddb1e9e6a9ed52813d7cad09f82a304f4afd9fac11ef29ad7a9bac2e3,9dc3cfa9067f8f321a1c4acd3fb7ec7047c914c9dc5dad018f75aff6c6b582ca,23dc196ac62b49b4aa8702b6c7830984d4b3b213a3a3e1be574e9c28ea00ef3d,161ae541817fea502aae605110452a21de0451eb25dab2f446f9745839da084f,8efb7a4e03bc25bea908293dcacc34034aabd7a6ce3c6f583da3dac288833870,39c585c395f87574adf95a76b355c1bff52ea4b7fe18a5f98f2197d380195075,96366a72df312e88affddc1a3b02eb1bd0192c12caafee885c3024d7157d8d27,4cdbd5f8bbcd8489acdc52bf84eedc239f7c18823d49556f6d2ac959a4a06c89,dc0f1f50609063ab0a68f3028b5f68c90455b2761e22839961d5697a8faff48e","Three-start orientation coordinate search, at most eight passes per start; exact template sizing for each orientation under certified requirements; not global optimum."
ALL17_common,16,4,8,4 × 4,rotation_and_reflection,28800,49152.0,36864.0,8064.0,21.875,20352.0,41.40625,validated_reflection,/home/yj3616/workspace/phd-research/research-notes/max-resource-sweep-20260928/reflection-sweep-20261001/cases/ch8/c16-k4/ALL17_common/7cf3a7f512b05945c44b/design.json,"e51a719a0a8081a475dc2fd20ed8389c67bc9edd423e5379a8ba0f4a26bc364d,4ab4a9470720e877c514f35aff61a31fa8599a40e1964ce68311578230a44e9e,ffd2a81e0e74ff3a6c5fda9325b5d46fa13798ac5ddb7968be3322a26cfc13d8,c3f9c9e23cdcf37b7cf5ee94d885c593ae540fd710fe6cebe045e9e16c816f9d,f527a913986c6babcf360d576479af6664152693331da80049b56976e4f90e2f,a8eb6442a987026511ff1093b771336676ce45309539dc7626ebfcda4243ccf9,70430177ad5f3e277f0d6235b9fa8a05549767add45f129878163b5b53f6f5ae,04eb65852d7cc6a7eaf456ad6436fcfed3c88233218c407b51420783322b8ecf,eca71f260d09ccf7e170a1a0f0be7da5529706c510c0830741b1882afb4c3d77,b0d24c97dbed74bbbd495c6dcf1999452a919fb590a0929b8fc09640a649bc7e,bc13290724dff92acc57e61c7a56c3254a66ab0ce9bffbe47f9eaeb1d267113d,71ab0ec1e444a403a5d80b5087181f8aeebd9928f499cae3235c183f7160cd79,4467f984a072d65b2b3770a2f227fc1cb3e4a2017990b92277a55fa7aa4820b3,9a4a106c0f5e0219d828019bc96de66a4711b689e9819e854c1dfe48270a40e8,130b9f54aef199dedd1969d61e62407fdb1e3754ab9a13566144454a3d54e5a2,bc5c639bd9604879570194a5f3697215cf16028e8b277ad8d1e2f16a28b24cae,bef37ac168bbf76281f237633516220b3c097d7b0b73edba3b289efeef478ece","Three-start orientation coordinate search, at most eight passes per start; exact template sizing for each orientation under certified requirements; not global optimum."
ALL17_common,16,1,8,4 × 4,rotation_and_reflection,23040,49152.0,36864.0,13824.0,37.5,26112.0,53.125,validated_reflection,/home/yj3616/workspace/phd-research/research-notes/max-resource-sweep-20260928/reflection-sweep-20261001/cases/ch8/c16-k1/ALL17_common/f4c7ee33adf3de40a08b/design.json,"e34517f3801a33b40a3a4003fa37a8b88d178e27ed6a2c55a0a7400f8e9a804a,02556a3a4a776ea0f8d1d1ceb85eba00f3c8d83b68cc150930356d3dd281b122,d9586dee7c13ebb103155b0a6a8bb2b0bc2dfa8af83f10332f62cbf0c1f89df7,10b75e60e197ba806d4d928f2ae033765f2c8cec2ab3a31a43e6e674ffc770cf,2f37063ce9d4b9fb9e1f12f4f343007763ef408d7f27e997d30ca0f1f77212ea,6a86c47d89f91371c961c772163ab8c8c194c88133c0316ebf1c24e1350b8ab5,f4eb5fbb27af945ea08567c4f2026d04443fe72fd94add86568f148f11547607,f9aa80f2ac8b004f70585cc266b13c836435173c0fa9c76ad2f02d1f1c20c956,12b879770ca261450d18737d272468e02438c9a0b8ec779a5f79819b76c28519,817db136f3e012c4c0348cb6acc9bc52bc59f25d5e9a91a6094235d21d00e31d,a0163ce5001601c5e5ce7f1c3f89633d56c3408b25a42439c058bdff6478d17e,1ae0b5a32c200a35a23ecf3a6874f90e7ae76dce1439693e263b644fd9e083e1,3a2aa7e03bddce7c3de201004e30d4c1acdff8f6fd1daa0e1a90027816f5690e,d34b763f04de61f55ce483eaea3c71f33d9bc57038d74a59cccc6049265ae425,0e25d76e84fc9dacbc1bcb604827c8cd5976f1b533d7815ad8e88989676ee4cf,8a153872e3fbacef8fffea73af765d53cee231025f026d3f2ed25a78db7fc886,a2fc5b9684596afb701ba56022511f6e9a075f490a9030b3c4cc555b885654e8","Three-start orientation coordinate search, at most eight passes per start; exact template sizing for each orientation under certified requirements; not global optimum."
ALL17_common,32,16,8,4 × 8,rotation_and_reflection,106048,147456.0,119808.0,13760.0,11.485042735042734,41408.0,28.08159722222222,validated_reflection,/home/yj3616/workspace/phd-research/research-notes/max-resource-sweep-20260928/reflection-sweep-20261001/cases/ch8/c32-k16/ALL17_common/1350e63460b37a006062/design.json,"16a3fd7c47426e870db12d3001fd17d2d2372d1bb10917248c5086e12a9afc9d,5df2066d08f87c29b6b7d6024a17c7098cc2bce8f4a33b9376b7860ea8de7661,0cde75a5e47a9fd901c556d3cb3f04a9e2fb6665ccc57a210c8016f65ffc367b,bf8bb5ed0a92c69159d1ed5c1a335c3602efa03820fb195ef440c6b5a473cd17,3a5a7ca994f5583f7b64f578e28d0d50f880b981c0c73745d5003513c8451b9f,77132c8c69a2fc015475465f618917215f6a26c6125f4bc27e76ce37e7219cd9,46cc222cda445b35129fe2d74df067074a096e1b93961afcaf902a908afe9368,3dcfb6940d20570d2ba4e08968f7a0cd6ee4330bcebca2ea9f0695f9b559b001,a20a22e048eaf1e9be88e09d668f8d8990ff8e3a139976bd5fc0d3b1761ba779,a722a03d3758b0cde3f29162d5b9c89d01bd8f9dd614a6434c3efdc84b2907ac,1a011d0377b1be48b56cafe66d445f514a478046e81034b9409099912e50f3d9,202aab22158afa164b44f20ea2fb4a9eccb0424762f66a0e366003e0ad77625e,417feaedb74e688243a6a413478db80aa70e8d0e1d4d838fd18924c8be0da7d3,9524552345ed0cd6e4f1cfd7cb0e75d28b5c8d62bb719249cabe3b4f63cc9ab0,49273f056523dea8492b8d21b046b2b785987926661255c5d5685704d3c5f372,690954f4beb0bb6f62b0127aeeb8619785ff82009c8056e713d954d5a1a28572,c711a3aaa27cd4b7e1a53b7e7d5bf6c479778bdae3c76d04f7e2be5e59cbc00d","Three-start orientation coordinate search, at most eight passes per start; exact template sizing for each orientation under certified requirements; not global optimum."
ALL17_common,32,4,8,4 × 8,rotation_and_reflection,59136,81920.0,66560.0,7424.0,11.153846153846153,22784.0,27.8125,validated_reflection,/home/yj3616/workspace/phd-research/research-notes/max-resource-sweep-20260928/reflection-sweep-20261001/cases/ch8/c32-k4/ALL17_common/645183106e69d6f96f60/design.json,"7ead3b3f1806efd663ec0bd96f03a4c2c912e0dd893c967584d8142fc347640d,4316b330c646bf10ca87a12d27b2991355775417cff49cfb104f72e096b8c239,e32217050f5dfa58964a30cf9ff467f667d63e7a0b79747b3a70d40d3097860e,964b96ff0e34062fd23d89ee331ffef151a4165b22ecc621cf00ae0050268472,0588fbdbcf5bc31ba4d970f7891e40c72e71272a70afe01e18e4b33bf101c7ac,728b35af2fafcb7fbf3726e5345a6014565b4d3f3d9cfbf51cafbbdde97c4cc5,ebce2a481bd365121eada5c7da3b8f7a3e501a8763d50d1a62fe54a2b35ad61e,29b287e721fd8677e8d9c98243c27ca9430ae9918ab9d169c4a68c0d1df58f2d,bad424d51f8718b4b55fdadebf02492a8ae9adf0e6819930dfe4790241974327,1b5c77659cdf881bca9c760d3d889c66e899c54389a42f7819d6fe282db1b1af,310b100ac659aba814629ed767bf06b7a58b00733e02af884bc599c5ef238ced,9f19ac16911b46448a9d5ba2ff2e1c2e5ebf0a036c488f70662fd7181caae247,07ac3a4446ac64d34bcf91f5d240cdf701d94ab4c0629046593e3bee677d0682,1ea7b89f266db4fc972866ee73b747e571816357c50564c275a8f333cf248518,aba25bf1d697b667b7a8265de5edb50ae3d8f44efe72729dd4ee36bc04691702,6acebe5cd8ecb3a4e0c2657cdc6fc6700058b795dd60d8ca79c3618a2351e365,5407d6775baf2102e082f3afd2a3a477d3c47f637922045255749c8bf04200dc","Three-start orientation coordinate search, at most eight passes per start; exact template sizing for each orientation under certified requirements; not global optimum."
ALL17_common,32,1,8,4 × 8,rotation_and_reflection,70144,114688.0,93184.0,23040.0,24.725274725274726,44544.0,38.839285714285715,validated_reflection,/home/yj3616/workspace/phd-research/research-notes/max-resource-sweep-20260928/reflection-sweep-20261001/cases/ch8/c32-k1/ALL17_common/259e7f17a362b4223dcb/design.json,"b36066763db9e0b8f9ca4bcd3ff72b7c59853ce788459bee73b8e0acb58420f5,faeacdc744b2d16b4412b85a5cc334baa351140de70947c1f8be3694e5c82c32,d96e3260ff51011ee1995d4e02543c8dd51a5fbe6b1af968e3918b52e8022928,d252fa0a884c7cae000966890b22c1109d39275e5dae6fddfe3409023aee4ce1,484c35927bde7ad16b7ecf3e03f92a6f92a2db7f56681b8e41264363e27d0216,333b72e0012aa388dcdae618d08f405a00630bab698d59b2fe0785c455a0bf91,de0734c9cdaaec62d9fa0271d3035460f060275d3a11bc0ea5c6cbf77a26e265,2d48458bffb1ccb03f97849d25c2d7ecde91a59c981992efd56fca6f57d0a414,b922596fbe13fe439689d9dc76ebf29e15f398c3c00789a5b8ea56dec12b2715,fbc7c109f7ccff07f4ed978ddfca0fbfbe4263713642f587aa31da0ec0e344d8,1389c48d0bf13fb810a27a3b6a5be0f329b169d2c8f350a4651d1b0da070754b,33461db4219d9a125d97e9d3fbee769eefccff58026f32491d6b610973bdf6d3,b0c5d6b16fdd501a6a6915f0c860383549f3b5202bb2675760b1814bc42a8ae5,55876885fae274c5b4e0d4a06a2c23ec34da7b0d90519f08c8faccd857767c83,151f284cda79f191b443927a88daec03b8a7228cb8a1c1c6670f2ed8a063b195,fc1ff0dbd9d639580dae2e0797a8e66faaa14c98ee6ca4e4276f32cc79946461,8e43081f4ad51a421116cc4f4eb90e178e554cccf95ad33bc525e2ce8b53272d","Three-start orientation coordinate search, at most eight passes per start; exact template sizing for each orientation under certified requirements; not global optimum."
ALL17_common,64,16,8,8 × 8,rotation_and_reflection,231616,294912.0,258048.0,26432.0,10.243055555555555,63296.0,21.46267361111111,validated_reflection,/home/yj3616/workspace/phd-research/research-notes/max-resource-sweep-20260928/reflection-sweep-20261001/cases/ch8/c64-k16/ALL17_common/701e5e006fd8a0bd4b84/design.json,"4e6a318cbecaa0b40b01c4806c781c2807754d8d687c7507758b26363059ccbe,33c482fe8766efaa486b11cb65c08f7802aa1b555a6c997946dfbde6eacf62be,3d4e251e4ffa1d09bc7b73056d88a3a06a49150220c6f11c33d634bed051161c,d38d3c8b8e439cd8a5b04060d79375d96bb92ecd1de18333e5f4ac0003ff0305,cde32a6af1910132ddc477685067db7dd22511ae4d86b0b1295248a90aa60d22,e70be0560e70343cd9901530443c539c39a1c02e37055c20a3b90180676b16b4,caf872e256e62fba252c95b3cd3093ba22801499e557dfe841cba090ce7743dd,9b6fd101f346d11c1cd89f984fe9b3a219da705e6c494195255a12f3d14688d9,71bae4bf271cdc9038e9d0c5b55a8832cafcca954cf3b01f32631c6adf8c88ea,87815df5b1464e4d6b645f1fdbb5b83a0344df4db81804fab830c1ba50df33e1,803a9c2bbadda0482e26add06d2adcd6d1e56da8daf5f9f1f03d99eadae7465e,9f3437bf33553e5e3214f032d1923ca609010443d86045f5244c65efdb6d5143,76f4f286242e919ebcb1561ba8090fbe4c048fcaff7d0c658e65c92b48322195,246afd885cc42f17d0542ab8af2cffb3cb92ae52c59dcd5db530a2e8a5585bac,e35ac4b16302b28f18ba4cfb2c0a0d872f83073a0c88bb38ccce5d904027d7fd,7c60e8e7f62deded8b1a0fa054ec9a837536e3ce7f18e7ba8c410c99cd9748f6,268afe6a5efe661fba581dbd44a165b2737e8958b7d22b92024e6a8acf6d214e","Three-start orientation coordinate search, at most eight passes per start; exact template sizing for each orientation under certified requirements; not global optimum."
ALL17_common,64,4,8,8 × 8,rotation_and_reflection,135808,163840.0,143360.0,7552.0,5.267857142857143,28032.0,17.109375,validated_reflection,/home/yj3616/workspace/phd-research/research-notes/max-resource-sweep-20260928/reflection-sweep-20261001/cases/ch8/c64-k4/ALL17_common/55f645a597ebd543104c/design.json,"213f87df4d5f8bcbbb2fab5db0bf80823858e6f1033e6aeff9ef64fe4b3a2c34,8c6335b828f9e6a6eaa1548ba31e1392fad57de56bdcb3f94cce7c88075b7458,3b15cc8508fa654d4115ce518563e49fd7e5325b070079bd0276660a03c0b0c3,b925508ebe520497f05768fe6f1e252f4d4110c51d0b93b44bbcef405829a233,730090cce9df966b9f85db2175efaa70d3e9ef1a440cd399b292af3e8e42eaea,5e3ef10fc1996e0eb46409a5674962b4f33953eff6165066f45849a8337f0f19,0685c3df721a1e63a64fdd320cf218621f811c4a1a23f416423930a9eb621f31,80ac58c41545a990f6cb74875464a4409b92ecb54f90f200070587e00e8b2ef3,252fb42af4d1d17d1537d78fe1569a1fd11548a211af70fc91a63abb033d5a2b,639ddbfea3169d19791406e8113d17f42bea058c83972b3b2bf501fad9b9d15a,c5b6d97dc1a29529bdd110a308f3e2d737d19cc54aa8138b76e84f4676cba527,25101f65f236c0c01a6cf272c43c4a22f96422f16fef2678e6d7e84d2d69d1aa,cfe9df9a7c305f9473084003604b39c14a95fa0ae73bb0e3484b58b3d5bfb0a7,81f4b891dff0bf8983edbf122ef22b7222212687e4f253f625033316a648fa99,cf9f5488ca712b08ad37bcb06fa9e5bba372c9f0e8d313c730db265d0d5b4cc7,34af7c01a30d6e31af753ac5da6b25d430c2730ca2ee9a1a80b8b9377d5aa725,e361f35bb2335f58c2897e07e80c9fa21f1c178518f294ad0731857e02a20e99","Three-start orientation coordinate search, at most eight passes per start; exact template sizing for each orientation under certified requirements; not global optimum."
ALL17_common,64,1,8,8 × 8,rotation_and_reflection,160256,229376.0,200704.0,40448.0,20.153061224489797,69120.0,30.133928571428573,validated_reflection,/home/yj3616/workspace/phd-research/research-notes/max-resource-sweep-20260928/reflection-sweep-20261001/cases/ch8/c64-k1/ALL17_common/e70f749e79193290e68c/design.json,"2b8b6d9eab570ba9db2b096fcb2676f324213912b6cc912fd4614c044605c8c2,5d573aef717a615a225b9ddbeae461fab4bc4c14f832cde65c3bc32da3c0fb1e,04495a3bbab1e543e7b6d34f544c6ab8c4fdb30069ebe323a936e2180fb7409a,dd54cf83ed4de3e39b89c601cb6db3239395f6dc86e5caa3109effebc57f06e6,0307b73b3f7f4ac304166dc4bddfddda93a0ac99926355a42c4dc829adc8f279,a05439dbf4cf5853dcbc022735efa087ff5bfb1d29a1b3f8508eef76caee85bc,997ca7cd4d8f08a68370dbb929626ef4a2e303e2d073174d050152348a8288a2,dbd1251682161f0fed2112ba54937eefc54a3a39ceebad05bd275dca5b66a582,3044d9c277a7f3497d8f479579de020a7fedcf2f5bef347f611a8522b0311caa,175f752b8933c206899e602088e4947d370a95ec84a9bc02930e4cd9b5acd94f,ace6a2df2a7d74ed72c55e5c200a25b52c1f3b2572e23b57bd8dfcc30cfbf2f2,58f837a56b9bdc074c0b852bc9162718f6cc9bed3284c22df110e31451ec6987,de17c87cab01c7ad1fa1ebfbf20f27933a6cdba21978ee2f4abbae5d234d72a4,a66e4c0a27fb4fe6ef5e3528c5902be0c33a631ffe39744905e846435e39c9e8,ea0f96c48789dc958e427e7e294b21fe866bc57a140e61a8fb04a5ac5ede2ad1,9fb020f0555bf792bdf64d2231511a0465bc1999254daeeec29c0e960521ab81,d81522cedeba2c6f143e5f54a172f5e28e62042da8b11191abe75972134e2a2f","Three-start orientation coordinate search, at most eight passes per start; exact template sizing for each orientation under certified requirements; not global optimum."
ALL17_common,128,16,8,8 × 16,rotation_and_reflection,,,,,,,,not_computed,,,
ALL17_common,128,4,8,8 × 16,rotation_and_reflection,261504,327680.0,296960.0,35456.0,11.939655172413794,66176.0,20.1953125,validated_reflection,/home/yj3616/workspace/phd-research/research-notes/max-resource-sweep-20260928/reflection-sweep-20261001/cases/ch8/c128-k4/ALL17_common/5636a43071c763ba7160/design.json,"a3bdedfd9d48ab93f9ecd4152fdb808f92b6c97e009e719178f72f3e2f37c9a8,236036414cacf1e23aa06e2576efa347ccc0c1548f39c18ed68785f43e1943aa,f9dae4c8cd06d0da811e7f9f4f83eaefe329fef98dc354f286d568a081a7c63a,b76fd65ceced8e7f6fd0913965c6590ec0884ea65a9039b6b6ac56164148ccc5,8aa3dcc22a0f46746a959951de6cb0e112ee1ce8a07c34c4141af8ecb20e40c7,bbda89852f816c90fe5c2d930ca62126f699114157e5950e33bc26d421967f5a,0371ff13d5348fdbf9404abf78590a3d446993e4db9dd161c6c1c90b2867e708,abbf9d12f09a445d80efee394c991ab765afd95189e5df0809475b9523229038,d30223085d705e1977d3c80bae2a83aaa33ab6f701e13e8941219c437d42a35a,1f70aa04c07f0d83264166c180044944a680c18fa34333e131b99f73892f5332,f0369a040d4cd2f1d518f6ddef67cfc2e46f6e5a6aac94fd7b297abbfb6978c9,792470b28c15104b5b9c762167bc0965a0520fc35aefb21e9b3d38ff7fabfd23,a8a4d0a3603df72f74913345beed193125c6e9708bf0ae8eff20b0dcdafc693b,5d18d9b04ee1195d7067a63991b8db043b98fecee604b8d03804b76ad72442b0,a4353802542011ecda17475c7b12d8175831161b4271e849eab62f4fdbb5e971,c6e4cba33a4f36b5f73b949af1c27bb9fcb01db4a210ba2511c9684eb5f90ea9,5b4f10dca84ba9626fee3e1d1b220f4c6b0dddefe4a9b2f7f35f1757e0d1abf4","Three-start orientation coordinate search, at most eight passes per start; exact template sizing for each orientation under certified requirements; not global optimum."
ALL17_common,128,1,8,8 × 16,rotation_and_reflection,447488,786432.0,712704.0,265216.0,37.21264367816092,338944.0,43.098958333333336,validated_reflection,/home/yj3616/workspace/phd-research/research-notes/max-resource-sweep-20260928/reflection-sweep-20261001/cases/ch8/c128-k1/ALL17_common/a2c86855e64bcbf2c648/design.json,"9ac059cf4d7087de8f588f8982d6a1ec4ca2a1babed375163b70fee4a17790e5,710627bc7ffc712540b009b0f22890ca237bff512eb07a093c562884b8655ad8,d5f541da10d76e726254349e605ddbe069570355e4210515368677b41ef24135,dc0ff5108fa1f212f346579591fcf35ba5756991511c9860bb935ed6210d0f42,92ec3d0c7028d1ca1e5fddb46c9cf0e5786a360d0337eb9afd9b1aa769fd9c0f,daeb481d5431954193dc2fc082d60536138ce66fb239657fb2ec85ce26c01101,f5a233ee430b270ac5774d65cddf1b99a8a79c459268929d7592996d6f9c4f91,4c31808d2b9834da7ae3f4db402c0ebe0df45d1434ed233722126f4c1f480802,435bc4284e51ffb6d6d6e03c900093e11736e91d94e1e5949e12931db82e5d46,c0fc8d0ee60c7af5531c4876a236c0b7461bd7bb558a8df2de4d0d05aae6e7d6,00a884e3234a514146bf143a9cac8338633a827f6b5a4cef5215cc2a60191bd7,920a01831a77aeeefe7dc4b56d530bd5cca97f9afcb0184c9fc6609b6908e4c4,ac70ab7fd194b83cd92420b22728d7cf4532a8d55e9e63a67918e6c087d3e356,d51134c888d7f5c38693a8a26839441cee49aabeb3341a8a9a9dbedc051dd946,14e2a74ff3bead4fbd87d2736d99245eab29c9dbdfd179c3744f8049ccfecdbb,3053583734185ab6c756f68fd566cf588eba305a2168bc2dcc2dfb5746a5721c,b511cf5b1ab48cf448fc1c059a41a8bdc8521224613d7765f8ea2f18355e269d","Three-start orientation coordinate search, at most eight passes per start; exact template sizing for each orientation under certified requirements; not global optimum."
ALL17_common,256,16,8,16 × 16,rotation_and_reflection,,,,,,,,not_computed,,,
ALL17_common,256,4,8,16 × 16,rotation_and_reflection,551296,655360.0,614400.0,63104.0,10.270833333333334,104064.0,15.87890625,validated_reflection,/home/yj3616/workspace/phd-research/research-notes/max-resource-sweep-20260928/reflection-sweep-20261001/cases/ch8/c256-k4/ALL17_common/25defeca751ac4980257/design.json,"25d9eb3ec572f3aa0ea64c05e6a8e3f9994b851ecba71940ea5d8f4dc82fc2bf,8e9c85bda716bb7ca751bd9d0b37f175f91273eb69444186d98984e6c211a644,4ca71c620c2d26e3df59b71ec865efb95956fd2ed72452d5bdcf9939ffc31805,39fdc190732e26dfd5c950d231fd2706f4d9d7715e3bdac9735c0c2579a174e9,d741f5ec21b77c7668e58b42e07a444ddc99cb45625ff054a5dd23f8522724d2,e604230a7cdd3c08c1ee11a94a499599e1d9e7b4fc2b290b53372fcfdfe026cb,be059babdaee24d8c54496109e40196b5571a092e74a508ca5c82beeb2ccc615,0ed27d461fbc9da18682b646c01e6792df527d69938b2c9c57840cfc3ad3e41f,8a0a58522162171944696aa7cc672d4267768d8e2841e41bb013d71be83e9227,73f17a81a8748686784e51c42ac34aa3fb99917fa84adf48af17cbaca0b7e501,c00b08a1f126f7bafcb7dabe9575e8b37b5bb60239f44f93e89752bce66cbc6c,ebb585617daffc60e74b9cfa54b254d9a3d818ddfa2b1df679321e88bec6fa21,c2d259b41c8d78646fe47429849ebe5425a06f4468824513cfc5aae54ec47b8d,4f21ce6674fd227e1df26520deb1a968133840745f3f3f66cb0ceb5e4d7bc4d1,8165e8b03dab4ebca1aa520955f3e066a49494e3f4050911eab4d54e58d51beb,7853d195b50d6c8f757d699d73beb224774e5e31003748b3aebbe52753ff04ab,0a87cd685f5d8ea1cf84658f02290606be28775b4cb6595235a1508bcf4a5126","Three-start orientation coordinate search, at most eight passes per start; exact template sizing for each orientation under certified requirements; not global optimum."
ALL17_common,256,1,8,16 × 16,rotation_and_reflection,1071104,1703936.0,1597440.0,526336.0,32.94871794871795,632832.0,37.13942307692308,validated_reflection,/home/yj3616/workspace/phd-research/research-notes/max-resource-sweep-20260928/reflection-sweep-20261001/cases/ch8/c256-k1/ALL17_common/c5cf885514cce03b2a5e/design.json,"b8e269e8c4505292a5ac6f5b9641fd1b1ced98b9c09b46c9a690e338bb691858,e49ba3485874c246f689c2ff34bf69146dd84934ec5411ea0b5754adbc0dc967,43c29ec6bb5dbe12216eef298e10577c9a769a71188652bfca874fad90a7214b,9dab9309127371de91ee42c6a35280f708f873db4748767be7e909b69e4902ac,a22918f46aa7accf206d7dcc4edfbad514c2a08d075eec0cfc6e8ac151e70ce0,f82e20c9d29aee2ff64774717992be1f13943c8f6280a0f737fa83254f1e9cf3,628c138fd0b15207e45c49a5fa69a387c895e7b9b8d25066c50b1b82bf967a97,96f7ef3c86546a83f1d65c6241ccddf50ca39e2695f23e7552acf37e5621f020,3faf3b752840c45c9323112d25a75ded538609a5ee4d99ddacfc477827e88784,f714c1a67a7a88df1405f650be7562b3f5221a7fb1f94d269038d15dfa4f952c,1165a3a13f76f935831e5357dcc0c5db92a275ffefa3488285445994cd30c7df,54561230c4fd7f9cee63ff3a8e06d947ad2435e006f7b37ac9f4e0469d84fd0c,7285e9c27a7d617213aeaa0ad5265550d55403357c79c69189c7e991e1662c7c,9b2ad633037c9508469942e08f2895287a57d12d061941d0023c12e429664617,ea70baa9c69b0add137f899726183dd4f6354d4e3aa9dc4603528cc9944b0c7d,57f7993605619202fdc55fbb86ac71bf280d56683335fccfe262260ff61f4df5,f3928b7592469418338f5157fefcd4205dbe56a0bc90b9c49cc29ece2e6b0103","Three-start orientation coordinate search, at most eight passes per start; exact template sizing for each orientation under certified requirements; not global optimum."
ALL17_common,512,16,8,16 × 32,rotation_and_reflection,,,,,,,,not_computed,,,
ALL17_common,512,4,8,16 × 32,rotation_and_reflection,,,,,,,,not_computed,,,
ALL17_common,512,1,8,16 × 32,rotation_and_reflection,2386432,4194304.0,3997696.0,1611264.0,40.30481557377049,1807872.0,43.10302734375,validated_reflection,/home/yj3616/workspace/phd-research/research-notes/max-resource-sweep-20260928/reflection-sweep-20261001/cases/ch8/c512-k1/ALL17_common/64a5d5a1fe31d96b9ef7/design.json,"f19b4f96b0e81db731ad8c99974dba7070057fbceec6978506ce5c3a5a31e614,dc6066b5a4e2a10cf0453e2e16d5b10b4e75975207369ad7a4925c76dcaaf0b2,891769ed26fa59481e0af04490b384bb18159136eb5854a3de3c0e3ef2f6fa7d,015955490edffdcfade5c01be5fc86f35fa914941dada4c80a50e23153fac427,e6e0a2ffe086b5021c8195c631e878be2ee9f28a179c48396cf814196603858c,80b6c2ce75276257eb43246503b00cd0903688a3ff545f85363b3f2d4705b318,c514b47acfe8d974af9853677ff265608390603971c34654894409054c1be38c,d48d5641960df4035412010206aa35fb256b05372431660f5dc628581b6fdb56,44b2a07ec947b28ee3fbe29b79a6066718b4de44752c73ff2f04f44987168723,b8bcd09f31ae4dba914f4e92c24be86f285074ea908365970f0a5d84509071b5,c237e9a74fbb4104c29daacad97d751ee29d3ff285e07f5d2807f7ebf3de5782,148855fe1c086dd9e67fe03c99c64daede7bc1b754020aecdff35a35121cef75,3b37f7b141687525ca18fa4e1e2f94b0d12da008021585c7345bf30c4395d5c5,9e02dd969680ceca59b4449fcf0169d326882a2eaede1372be887f82871b056b,2a53a285b64e925175d665ff7cadb805ffdb40c88c3598fe6bbdc8653b73f553,73370ccfed4aee3b23cbe2ae9b1a75f3ee0ddac11c0e30cbd2f4c2dc13d76235,46bf7b0ab4eb50cee81c5c606963673aff88eff1d3dad426d9b1496a6318dd99","Three-start orientation coordinate search, at most eight passes per start; exact template sizing for each orientation under certified requirements; not global optimum."
ALL17_common,1024,16,8,32 × 32,rotation_and_reflection,,,,,,,,not_computed,,,
ALL17_common,1024,4,8,32 × 32,rotation_and_reflection,,,,,,,,not_computed,,,
ALL17_common,1024,1,8,32 × 32,rotation_and_reflection,5164032,9437184.0,9142272.0,3978240.0,43.51478494623656,4273152.0,45.279947916666664,validated_reflection,/home/yj3616/workspace/phd-research/research-notes/max-resource-sweep-20260928/reflection-sweep-20261001/cases/ch8/c1024-k1/ALL17_common/22955c89ae30fe586680/design.json,"3401b0c34ba96e7540ef3809b2c60a6e639f37e1c0f19f05d7db1e18f20eecfe,54f7490fe66adfd1bbb3aeda6db08114da67a1a19256277073ab5f42ede4bf18,22b4477db549ac4dbfefdf6d99389ba1bcae4b63d92be786481e622d23e4dbde,a4e61f683bc7d03731b41065244e9c2d0fa10f507476803453a0754c47b61428,642a7a1e77e5c2dd7d2cf22c7649ffe62fcc2bd1ff2e0f0c311bddf8b7b112f3,4d14bf1ddc76fcd237522097e20ee8054cbf36bbc4ad43ffeb28885f5e51447b,c86be085061afd4ea792472763e43a957c5a622387841333573df03b4360a3aa,e699b4b40508325c7677ce002f6c11492a296ec9b730adae82e967d49586b39d,ca4cb547fae1e3ac54795e843aba915e6c674e53b8d3f007ea51458cb869420a,472dbbeb57ac4dd50969de619f8a1aa7f528ccbaf800d7eba912336180c21779,e71c8de7813c2964ca70970b5c05d77969b6775ca562e6b892b713dd1326a1c8,176badd1dc7c40c2fd3397ffd9f36a3119ae6f56dc09a7fc84a8e18c05d35cd3,f34c731cd76b85eb096abd1ae45b4ac93bbb550d94ee6450124ffe6f2da310ff,98269eb6fd01bdf4f7f9c8ff0bac3a0fcc8b78560d08b093be2d481679dafce6,6910f9496c243517f08795d23acc661c5c543377d423742484c88c9b5495feae,af2dc8e6bcf70a6ce5305101975dc7e9748fdd24766f013d0a98ea5d2ddaf716,80c7d2924d8e58f85b2fceb5d186889ad24927dd7b97193991e5099b12fcf174","Three-start orientation coordinate search, at most eight passes per start; exact template sizing for each orientation under certified requirements; not global optimum."
RNN_common,4,16,8,2 × 2,rotation_and_reflection,8576,22528.0,11264.0,2688.0,23.863636363636363,13952.0,61.93181818181818,validated_reflection,/home/yj3616/workspace/phd-research/research-notes/max-resource-sweep-20260928/reflection-sweep-20261001/cases/ch8/c4-k16/RNN_common/1e2165473f70e96f3934/design.json,"240ccdee87857d838edc4e8946d6250f234bdf65ded7a1552312909ede0c3757,ba777a444b91329ee18b92bebeaec3f358777e552c519c698f40fa2a760ff2f0",Exact enumeration of 16 legal rotation/reflection assignments for fixed mappings and certified channel requirements.
RNN_common,4,4,8,2 × 2,rotation_and_reflection,4352,10240.0,5120.0,768.0,15.0,5888.0,57.5,validated_reflection,/home/yj3616/workspace/phd-research/research-notes/max-resource-sweep-20260928/reflection-sweep-20261001/cases/ch8/c4-k4/RNN_common/6dcf12d4fef15213be6f/design.json,"d21a098f356e4703f792651fa60aa181b17fa680bafa02e320903c96722d4979,beb20a728609a133a34f5253fb5e79491c3eca85eacc9e8073ccf060bba197bb",Exact enumeration of 16 legal rotation/reflection assignments for fixed mappings and certified channel requirements.
RNN_common,4,1,8,2 × 2,rotation_and_reflection,2048,4096.0,2048.0,0.0,0.0,2048.0,50.0,validated_reflection,/home/yj3616/workspace/phd-research/research-notes/max-resource-sweep-20260928/reflection-sweep-20261001/cases/ch8/c4-k1/RNN_common/dc3fd10141022b4c211a/design.json,"7d4e66773a7ba137e97be0a143b6d13410c9d9fe37c17080d1c08726faaa7dd7,7faa4c65d9f0c1af6f789a61e6e24987174a09dbb8222ac9686f66e858894246",Exact enumeration of 16 legal rotation/reflection assignments for fixed mappings and certified channel requirements.
RNN_common,8,16,8,2 × 4,rotation_and_reflection,16640,40960.0,25600.0,8960.0,35.0,24320.0,59.375,validated_reflection,/home/yj3616/workspace/phd-research/research-notes/max-resource-sweep-20260928/reflection-sweep-20261001/cases/ch8/c8-k16/RNN_common/92e8c269c8b2eb31c710/design.json,"ea802c1038775e8aadb2770bea868ea6a5cea2a8034801c7c4dbd3b654f1925b,a91007a53167093d5f3548487250b2a8bbfb0cfa5dc86e060524b4aa024a8685","Three-start orientation coordinate search, at most eight passes per start; exact template sizing for each orientation under certified requirements; not global optimum."
RNN_common,8,4,8,2 × 4,rotation_and_reflection,9728,20480.0,12800.0,3072.0,24.0,10752.0,52.5,validated_reflection,/home/yj3616/workspace/phd-research/research-notes/max-resource-sweep-20260928/reflection-sweep-20261001/cases/ch8/c8-k4/RNN_common/f4c379795290c458d904/design.json,"54cb68e961d45ad2bef18546a017d399b603c9c1066db35d115a1cfe2c800bff,d5b5d9fb2f55cc66be14b977712ab6d52ba514ae56d13850de7aa5f9cb05fb53","Three-start orientation coordinate search, at most eight passes per start; exact template sizing for each orientation under certified requirements; not global optimum."
RNN_common,8,1,8,2 × 4,rotation_and_reflection,7168,16384.0,10240.0,3072.0,30.0,9216.0,56.25,validated_reflection,/home/yj3616/workspace/phd-research/research-notes/max-resource-sweep-20260928/reflection-sweep-20261001/cases/ch8/c8-k1/RNN_common/77077da003c644c3c25f/design.json,"62407045e5392f9ab30ec72c32de3c9494f1695ea04bc778cdb4e44fd07aaf60,b0b6e67e2a0c81c893267ed271d852054bd211d8108d3abab66624280b6bb046","Three-start orientation coordinate search, at most eight passes per start; exact template sizing for each orientation under certified requirements; not global optimum."
RNN_common,16,16,8,4 × 4,rotation_and_reflection,45888,73728.0,55296.0,9408.0,17.01388888888889,27840.0,37.760416666666664,validated_reflection,/home/yj3616/workspace/phd-research/research-notes/max-resource-sweep-20260928/reflection-sweep-20261001/cases/ch8/c16-k16/RNN_common/de7b2c93aa26b5d62b50/design.json,"f2533481c7bcb2bf05bf2c2da525a624dbd87c69f9e26294f082a175cdcbe63c,f77ee1dddb1e9e6a9ed52813d7cad09f82a304f4afd9fac11ef29ad7a9bac2e3","Three-start orientation coordinate search, at most eight passes per start; exact template sizing for each orientation under certified requirements; not global optimum."
RNN_common,16,4,8,4 × 4,rotation_and_reflection,27904,49152.0,36864.0,8960.0,24.305555555555557,21248.0,43.229166666666664,validated_reflection,/home/yj3616/workspace/phd-research/research-notes/max-resource-sweep-20260928/reflection-sweep-20261001/cases/ch8/c16-k4/RNN_common/f7eb1dce8ff38ae90bd2/design.json,"04eb65852d7cc6a7eaf456ad6436fcfed3c88233218c407b51420783322b8ecf,eca71f260d09ccf7e170a1a0f0be7da5529706c510c0830741b1882afb4c3d77","Three-start orientation coordinate search, at most eight passes per start; exact template sizing for each orientation under certified requirements; not global optimum."
RNN_common,16,1,8,4 × 4,rotation_and_reflection,18432,32768.0,24576.0,6144.0,25.0,14336.0,43.75,validated_reflection,/home/yj3616/workspace/phd-research/research-notes/max-resource-sweep-20260928/reflection-sweep-20261001/cases/ch8/c16-k1/RNN_common/1688d235e0bc6ad300ad/design.json,"f9aa80f2ac8b004f70585cc266b13c836435173c0fa9c76ad2f02d1f1c20c956,12b879770ca261450d18737d272468e02438c9a0b8ec779a5f79819b76c28519","Three-start orientation coordinate search, at most eight passes per start; exact template sizing for each orientation under certified requirements; not global optimum."
RNN_common,32,16,8,4 × 8,rotation_and_reflection,90816,147456.0,119808.0,28992.0,24.19871794871795,56640.0,38.411458333333336,validated_reflection,/home/yj3616/workspace/phd-research/research-notes/max-resource-sweep-20260928/reflection-sweep-20261001/cases/ch8/c32-k16/RNN_common/99261064bb7cd89670c5/design.json,"3dcfb6940d20570d2ba4e08968f7a0cd6ee4330bcebca2ea9f0695f9b559b001,a20a22e048eaf1e9be88e09d668f8d8990ff8e3a139976bd5fc0d3b1761ba779","Three-start orientation coordinate search, at most eight passes per start; exact template sizing for each orientation under certified requirements; not global optimum."
RNN_common,32,4,8,4 × 8,rotation_and_reflection,54656,81920.0,66560.0,11904.0,17.884615384615383,27264.0,33.28125,validated_reflection,/home/yj3616/workspace/phd-research/research-notes/max-resource-sweep-20260928/reflection-sweep-20261001/cases/ch8/c32-k4/RNN_common/9b4b799f250b503a85a1/design.json,"29b287e721fd8677e8d9c98243c27ca9430ae9918ab9d169c4a68c0d1df58f2d,bad424d51f8718b4b55fdadebf02492a8ae9adf0e6819930dfe4790241974327","Three-start orientation coordinate search, at most eight passes per start; exact template sizing for each orientation under certified requirements; not global optimum."
RNN_common,32,1,8,4 × 8,rotation_and_reflection,55296,81920.0,66560.0,11264.0,16.923076923076923,26624.0,32.5,validated_reflection,/home/yj3616/workspace/phd-research/research-notes/max-resource-sweep-20260928/reflection-sweep-20261001/cases/ch8/c32-k1/RNN_common/a75616552a37afd911df/design.json,"2d48458bffb1ccb03f97849d25c2d7ecde91a59c981992efd56fca6f57d0a414,b922596fbe13fe439689d9dc76ebf29e15f398c3c00789a5b8ea56dec12b2715","Three-start orientation coordinate search, at most eight passes per start; exact template sizing for each orientation under certified requirements; not global optimum."
RNN_common,64,16,8,8 × 8,rotation_and_reflection,182208,294912.0,258048.0,75840.0,29.389880952380953,112704.0,38.216145833333336,validated_reflection,/home/yj3616/workspace/phd-research/research-notes/max-resource-sweep-20260928/reflection-sweep-20261001/cases/ch8/c64-k16/RNN_common/132df244b8a648306287/design.json,"9b6fd101f346d11c1cd89f984fe9b3a219da705e6c494195255a12f3d14688d9,71bae4bf271cdc9038e9d0c5b55a8832cafcca954cf3b01f32631c6adf8c88ea","Three-start orientation coordinate search, at most eight passes per start; exact template sizing for each orientation under certified requirements; not global optimum."
RNN_common,64,4,8,8 × 8,rotation_and_reflection,127872,163840.0,143360.0,15488.0,10.803571428571429,35968.0,21.953125,validated_reflection,/home/yj3616/workspace/phd-research/research-notes/max-resource-sweep-20260928/reflection-sweep-20261001/cases/ch8/c64-k4/RNN_common/6a6286b90ba59a9803ad/design.json,"80ac58c41545a990f6cb74875464a4409b92ecb54f90f200070587e00e8b2ef3,252fb42af4d1d17d1537d78fe1569a1fd11548a211af70fc91a63abb033d5a2b","Three-start orientation coordinate search, at most eight passes per start; exact template sizing for each orientation under certified requirements; not global optimum."
RNN_common,64,1,8,8 × 8,rotation_and_reflection,155136,229376.0,200704.0,45568.0,22.70408163265306,74240.0,32.36607142857143,validated_reflection,/home/yj3616/workspace/phd-research/research-notes/max-resource-sweep-20260928/reflection-sweep-20261001/cases/ch8/c64-k1/RNN_common/6065f440ce6d2b0c1c4a/design.json,"dbd1251682161f0fed2112ba54937eefc54a3a39ceebad05bd275dca5b66a582,3044d9c277a7f3497d8f479579de020a7fedcf2f5bef347f611a8522b0311caa","Three-start orientation coordinate search, at most eight passes per start; exact template sizing for each orientation under certified requirements; not global optimum."
RNN_common,128,16,8,8 × 16,rotation_and_reflection,322432,589824.0,534528.0,212096.0,39.67911877394636,267392.0,45.334201388888886,validated_reflection,/home/yj3616/workspace/phd-research/research-notes/max-resource-sweep-20260928/reflection-sweep-20261001/cases/ch8/c128-k16/RNN_common/e091ccb703d4fd8e2f2c/design.json,"984212684454e7bdd874150ee095b131c8e784124ea2b828033c7675039903c3,efe0ba7b58cf02b60f1af3bffb0eb185b9ac98cd254ccb873ee132b5c0110d84","Three-start orientation coordinate search, at most eight passes per start; exact template sizing for each orientation under certified requirements; not global optimum."
RNN_common,128,4,8,8 × 16,rotation_and_reflection,235776,327680.0,296960.0,61184.0,20.603448275862068,91904.0,28.046875,validated_reflection,/home/yj3616/workspace/phd-research/research-notes/max-resource-sweep-20260928/reflection-sweep-20261001/cases/ch8/c128-k4/RNN_common/15414bff4c54e7357b51/design.json,"abbf9d12f09a445d80efee394c991ab765afd95189e5df0809475b9523229038,d30223085d705e1977d3c80bae2a83aaa33ab6f701e13e8941219c437d42a35a","Three-start orientation coordinate search, at most eight passes per start; exact template sizing for each orientation under certified requirements; not global optimum."
RNN_common,128,1,8,8 × 16,rotation_and_reflection,343552,589824.0,534528.0,190976.0,35.727969348659,246272.0,41.75347222222222,validated_reflection,/home/yj3616/workspace/phd-research/research-notes/max-resource-sweep-20260928/reflection-sweep-20261001/cases/ch8/c128-k1/RNN_common/6889e454707c258c0dd3/design.json,"4c31808d2b9834da7ae3f4db402c0ebe0df45d1434ed233722126f4c1f480802,435bc4284e51ffb6d6d6e03c900093e11736e91d94e1e5949e12931db82e5d46","Three-start orientation coordinate search, at most eight passes per start; exact template sizing for each orientation under certified requirements; not global optimum."
RNN_common,256,16,8,16 × 16,rotation_and_reflection,690368,1048576.0,983040.0,292672.0,29.772135416666668,358208.0,34.161376953125,validated_reflection,/home/yj3616/workspace/phd-research/research-notes/max-resource-sweep-20260928/reflection-sweep-20261001/cases/ch8/c256-k16/RNN_common/7ef8b8edce060255647b/design.json,"94124195a15ca9ff78573a8430bfbf596ab8d87db1f09cc27da592689dd25045,5d1db20915ee31e6b857fc1a968ae861843fc6132af9883ba5f7ea51527be86f","Three-start orientation coordinate search, at most eight passes per start; exact template sizing for each orientation under certified requirements; not global optimum."
RNN_common,256,4,8,16 × 16,rotation_and_reflection,424576,655360.0,614400.0,189824.0,30.895833333333332,230784.0,35.21484375,validated_reflection,/home/yj3616/workspace/phd-research/research-notes/max-resource-sweep-20260928/reflection-sweep-20261001/cases/ch8/c256-k4/RNN_common/e354ecfb7190f23ca11d/design.json,"0ed27d461fbc9da18682b646c01e6792df527d69938b2c9c57840cfc3ad3e41f,8a0a58522162171944696aa7cc672d4267768d8e2841e41bb013d71be83e9227","Three-start orientation coordinate search, at most eight passes per start; exact template sizing for each orientation under certified requirements; not global optimum."
RNN_common,256,1,8,16 × 16,rotation_and_reflection,977664,1572864.0,1474560.0,496896.0,33.697916666666664,595200.0,37.841796875,validated_reflection,/home/yj3616/workspace/phd-research/research-notes/max-resource-sweep-20260928/reflection-sweep-20261001/cases/ch8/c256-k1/RNN_common/9ce9616f0e403fd7da50/design.json,"96f7ef3c86546a83f1d65c6241ccddf50ca39e2695f23e7552acf37e5621f020,3faf3b752840c45c9323112d25a75ded538609a5ee4d99ddacfc477827e88784","Three-start orientation coordinate search, at most eight passes per start; exact template sizing for each orientation under certified requirements; not global optimum."
RNN_common,512,16,8,16 × 32,rotation_and_reflection,,,,,,,,not_computed,,,
RNN_common,512,4,8,16 × 32,rotation_and_reflection,737664,1310720.0,1249280.0,511616.0,40.95286885245902,573056.0,43.720703125,validated_reflection,/home/yj3616/workspace/phd-research/research-notes/max-resource-sweep-20260928/reflection-sweep-20261001/cases/ch8/c512-k4/RNN_common/b1f0e8cd9ea08760e755/design.json,"8388e0762003576bf768e5fa2baf455a7d34d3b012df7a895c93f75a1f650c7a,c160533461178dda326a5a497c0f877976f789117569bdea42664a943a3e960f","Three-start orientation coordinate search, at most eight passes per start; exact template sizing for each orientation under certified requirements; not global optimum."
RNN_common,512,1,8,16 × 32,rotation_and_reflection,1859328,3145728.0,2998272.0,1138944.0,37.986680327868854,1286400.0,40.8935546875,validated_reflection,/home/yj3616/workspace/phd-research/research-notes/max-resource-sweep-20260928/reflection-sweep-20261001/cases/ch8/c512-k1/RNN_common/8de3e14f95c161a32c6d/design.json,"d48d5641960df4035412010206aa35fb256b05372431660f5dc628581b6fdb56,44b2a07ec947b28ee3fbe29b79a6066718b4de44752c73ff2f04f44987168723","Three-start orientation coordinate search, at most eight passes per start; exact template sizing for each orientation under certified requirements; not global optimum."
RNN_common,1024,16,8,32 × 32,rotation_and_reflection,,,,,,,,not_computed,,,
RNN_common,1024,4,8,32 × 32,rotation_and_reflection,1537280,2621440.0,2539520.0,1002240.0,39.465725806451616,1084160.0,41.357421875,validated_reflection,/home/yj3616/workspace/phd-research/research-notes/max-resource-sweep-20260928/reflection-sweep-20261001/cases/ch8/c1024-k4/RNN_common/64d07757a5cda226a6e2/design.json,"07cf730effb6a96c326846dad225bfcd75898c451eb80b6890232730a8104c32,5d86b34f7db94b19da7d8939cba138fba6d23724e8e3035e97bbc02ee3ec0518","Three-start orientation coordinate search, at most eight passes per start; exact template sizing for each orientation under certified requirements; not global optimum."
RNN_common,1024,1,8,32 × 32,rotation_and_reflection,1813504,3145728.0,3047424.0,1233920.0,40.490591397849464,1332224.0,42.350260416666664,validated_reflection,/home/yj3616/workspace/phd-research/research-notes/max-resource-sweep-20260928/reflection-sweep-20261001/cases/ch8/c1024-k1/RNN_common/042c6f0a05e0d0129e5c/design.json,"e699b4b40508325c7677ce002f6c11492a296ec9b730adae82e967d49586b39d,ca4cb547fae1e3ac54795e843aba915e6c674e53b8d3f007ea51458cb869420a","Three-start orientation coordinate search, at most eight passes per start; exact template sizing for each orientation under certified requirements; not global optimum."
darknet19,4,16,8,2 × 2,rotation_and_reflection,7168,18432.0,9216.0,2048.0,22.22222222222222,11264.0,61.111111111111114,validated_reflection,/home/yj3616/workspace/phd-research/research-notes/max-resource-sweep-20260928/reflection-sweep-20261001/cases/ch8/c4-k16/darknet19/d2d81e999ab43a57d191/design.json,21e34405f1327da6ca3241a2a8f4849df21b61a891f069bc0db1ac09106ae625,Exact enumeration of 16 legal rotation/reflection assignments for fixed mappings and certified channel requirements.
darknet19,4,4,8,2 × 2,rotation_and_reflection,2048,4096.0,2048.0,0.0,0.0,2048.0,50.0,validated_reflection,/home/yj3616/workspace/phd-research/research-notes/max-resource-sweep-20260928/reflection-sweep-20261001/cases/ch8/c4-k4/darknet19/de64f96d4720097070b4/design.json,aa11aaf099f2dbbb536e71a9ab16e005ff5e3b218a53f8ad93ca0735588529f8,Exact enumeration of 16 legal rotation/reflection assignments for fixed mappings and certified channel requirements.
darknet19,4,1,8,2 × 2,rotation_and_reflection,1024,2048.0,1024.0,0.0,0.0,1024.0,50.0,validated_reflection,/home/yj3616/workspace/phd-research/research-notes/max-resource-sweep-20260928/reflection-sweep-20261001/cases/ch8/c4-k1/darknet19/1278d6949c74d29b380a/design.json,ae0b4439abdb33bb99b33dec2e89ed6025c07bee5c998ba2c388895978bd29bd,Exact enumeration of 16 legal rotation/reflection assignments for fixed mappings and certified channel requirements.
darknet19,8,16,8,2 × 4,rotation_and_reflection,14848,32768.0,20480.0,5632.0,27.5,17920.0,54.6875,validated_reflection,/home/yj3616/workspace/phd-research/research-notes/max-resource-sweep-20260928/reflection-sweep-20261001/cases/ch8/c8-k16/darknet19/3be6e13f82adf71db07a/design.json,db0a582f3d0775cb7865ab0b8f331c5a524c3824ab7b2e1408dcb27c3e9248e2,"Three-start orientation coordinate search, at most eight passes per start; exact template sizing for each orientation under certified requirements; not global optimum."
darknet19,8,4,8,2 × 4,rotation_and_reflection,5632,12288.0,7680.0,2048.0,26.666666666666668,6656.0,54.166666666666664,validated_reflection,/home/yj3616/workspace/phd-research/research-notes/max-resource-sweep-20260928/reflection-sweep-20261001/cases/ch8/c8-k4/darknet19/8cccbbfc2cfbd2a7a28c/design.json,77de3a88bda4a271c19a2103125c834ad84becbc61ef62a38ff98af0d6b5995d,"Three-start orientation coordinate search, at most eight passes per start; exact template sizing for each orientation under certified requirements; not global optimum."
darknet19,8,1,8,2 × 4,rotation_and_reflection,2560,4096.0,2560.0,0.0,0.0,1536.0,37.5,validated_reflection,/home/yj3616/workspace/phd-research/research-notes/max-resource-sweep-20260928/reflection-sweep-20261001/cases/ch8/c8-k1/darknet19/03a4338f9843147b65ec/design.json,bca08b9bc6f921b8ea9c4b2794a5845ee2baee0b2f9f66143493c99799a1ef0c,"Three-start orientation coordinate search, at most eight passes per start; exact template sizing for each orientation under certified requirements; not global optimum."
darknet19,16,16,8,4 × 4,rotation_and_reflection,39296,65536.0,49152.0,9856.0,20.052083333333332,26240.0,40.0390625,validated_reflection,/home/yj3616/workspace/phd-research/research-notes/max-resource-sweep-20260928/reflection-sweep-20261001/cases/ch8/c16-k16/darknet19/acb74d38927ca618b046/design.json,16c07e40e74fc58e9908b6b778a584cc5839170b80cf9e5ba0561ed0fceee0df,"Three-start orientation coordinate search, at most eight passes per start; exact template sizing for each orientation under certified requirements; not global optimum."
darknet19,16,4,8,4 × 4,rotation_and_reflection,24064,40960.0,30720.0,6656.0,21.666666666666668,16896.0,41.25,validated_reflection,/home/yj3616/workspace/phd-research/research-notes/max-resource-sweep-20260928/reflection-sweep-20261001/cases/ch8/c16-k4/darknet19/5274be25ca1342d8c9b0/design.json,e51a719a0a8081a475dc2fd20ed8389c67bc9edd423e5379a8ba0f4a26bc364d,"Three-start orientation coordinate search, at most eight passes per start; exact template sizing for each orientation under certified requirements; not global optimum."
darknet19,16,1,8,4 × 4,rotation_and_reflection,6144,8192.0,6144.0,0.0,0.0,2048.0,25.0,validated_reflection,/home/yj3616/workspace/phd-research/research-notes/max-resource-sweep-20260928/reflection-sweep-20261001/cases/ch8/c16-k1/darknet19/1f782b7a34f8f3cb94aa/design.json,e34517f3801a33b40a3a4003fa37a8b88d178e27ed6a2c55a0a7400f8e9a804a,"Three-start orientation coordinate search, at most eight passes per start; exact template sizing for each orientation under certified requirements; not global optimum."
darknet19,32,16,8,4 × 8,rotation_and_reflection,87104,147456.0,119808.0,32704.0,27.29700854700855,60352.0,40.92881944444444,validated_reflection,/home/yj3616/workspace/phd-research/research-notes/max-resource-sweep-20260928/reflection-sweep-20261001/cases/ch8/c32-k16/darknet19/d7590ef429e1b0c1ab09/design.json,16a3fd7c47426e870db12d3001fd17d2d2372d1bb10917248c5086e12a9afc9d,"Three-start orientation coordinate search, at most eight passes per start; exact template sizing for each orientation under certified requirements; not global optimum."
darknet19,32,4,8,4 × 8,rotation_and_reflection,45056,65536.0,53248.0,8192.0,15.384615384615385,20480.0,31.25,validated_reflection,/home/yj3616/workspace/phd-research/research-notes/max-resource-sweep-20260928/reflection-sweep-20261001/cases/ch8/c32-k4/darknet19/06bd5250980894ad0d15/design.json,7ead3b3f1806efd663ec0bd96f03a4c2c912e0dd893c967584d8142fc347640d,"Three-start orientation coordinate search, at most eight passes per start; exact template sizing for each orientation under certified requirements; not global optimum."
darknet19,32,1,8,4 × 8,rotation_and_reflection,18432,32768.0,26624.0,8192.0,30.76923076923077,14336.0,43.75,validated_reflection,/home/yj3616/workspace/phd-research/research-notes/max-resource-sweep-20260928/reflection-sweep-20261001/cases/ch8/c32-k1/darknet19/5a00d02add6c91a1146e/design.json,b36066763db9e0b8f9ca4bcd3ff72b7c59853ce788459bee73b8e0acb58420f5,"Three-start orientation coordinate search, at most eight passes per start; exact template sizing for each orientation under certified requirements; not global optimum."
darknet19,64,16,8,8 × 8,rotation_and_reflection,202240,262144.0,229376.0,27136.0,11.830357142857142,59904.0,22.8515625,validated_reflection,/home/yj3616/workspace/phd-research/research-notes/max-resource-sweep-20260928/reflection-sweep-20261001/cases/ch8/c64-k16/darknet19/d38a4f0e91cdb7afe579/design.json,4e6a318cbecaa0b40b01c4806c781c2807754d8d687c7507758b26363059ccbe,"Three-start orientation coordinate search, at most eight passes per start; exact template sizing for each orientation under certified requirements; not global optimum."
darknet19,64,4,8,8 × 8,rotation_and_reflection,111232,131072.0,114688.0,3456.0,3.013392857142857,19840.0,15.13671875,validated_reflection,/home/yj3616/workspace/phd-research/research-notes/max-resource-sweep-20260928/reflection-sweep-20261001/cases/ch8/c64-k4/darknet19/a3d1040aad4f7c1fbc3f/design.json,213f87df4d5f8bcbbb2fab5db0bf80823858e6f1033e6aeff9ef64fe4b3a2c34,"Three-start orientation coordinate search, at most eight passes per start; exact template sizing for each orientation under certified requirements; not global optimum."
darknet19,64,1,8,8 × 8,rotation_and_reflection,67584,98304.0,86016.0,18432.0,21.428571428571427,30720.0,31.25,validated_reflection,/home/yj3616/workspace/phd-research/research-notes/max-resource-sweep-20260928/reflection-sweep-20261001/cases/ch8/c64-k1/darknet19/8dbf2811f883e89c1106/design.json,2b8b6d9eab570ba9db2b096fcb2676f324213912b6cc912fd4614c044605c8c2,"Three-start orientation coordinate search, at most eight passes per start; exact template sizing for each orientation under certified requirements; not global optimum."
darknet19,128,16,8,8 × 16,rotation_and_reflection,,,,,,,,not_computed,,,
darknet19,128,4,8,8 × 16,rotation_and_reflection,223232,327680.0,296960.0,73728.0,24.82758620689655,104448.0,31.875,validated_reflection,/home/yj3616/workspace/phd-research/research-notes/max-resource-sweep-20260928/reflection-sweep-20261001/cases/ch8/c128-k4/darknet19/3fda3c0ab7079caa81c4/design.json,a3bdedfd9d48ab93f9ecd4152fdb808f92b6c97e009e719178f72f3e2f37c9a8,"Three-start orientation coordinate search, at most eight passes per start; exact template sizing for each orientation under certified requirements; not global optimum."
darknet19,128,1,8,8 × 16,rotation_and_reflection,213504,327680.0,296960.0,83456.0,28.103448275862068,114176.0,34.84375,validated_reflection,/home/yj3616/workspace/phd-research/research-notes/max-resource-sweep-20260928/reflection-sweep-20261001/cases/ch8/c128-k1/darknet19/c4b4adf808fa91d65586/design.json,9ac059cf4d7087de8f588f8982d6a1ec4ca2a1babed375163b70fee4a17790e5,"Three-start orientation coordinate search, at most eight passes per start; exact template sizing for each orientation under certified requirements; not global optimum."
darknet19,256,16,8,16 × 16,rotation_and_reflection,,,,,,,,not_computed,,,
darknet19,256,4,8,16 × 16,rotation_and_reflection,518656,655360.0,614400.0,95744.0,15.583333333333334,136704.0,20.859375,validated_reflection,/home/yj3616/workspace/phd-research/research-notes/max-resource-sweep-20260928/reflection-sweep-20261001/cases/ch8/c256-k4/darknet19/efd76cb3e449661fdaa9/design.json,25d9eb3ec572f3aa0ea64c05e6a8e3f9994b851ecba71940ea5d8f4dc82fc2bf,"Three-start orientation coordinate search, at most eight passes per start; exact template sizing for each orientation under certified requirements; not global optimum."
darknet19,256,1,8,16 × 16,rotation_and_reflection,378624,524288.0,491520.0,112896.0,22.96875,145664.0,27.783203125,validated_reflection,/home/yj3616/workspace/phd-research/research-notes/max-resource-sweep-20260928/reflection-sweep-20261001/cases/ch8/c256-k1/darknet19/5aca112d828e06139202/design.json,b8e269e8c4505292a5ac6f5b9641fd1b1ced98b9c09b46c9a690e338bb691858,"Three-start orientation coordinate search, at most eight passes per start; exact template sizing for each orientation under certified requirements; not global optimum."
darknet19,512,16,8,16 × 32,rotation_and_reflection,,,,,,,,not_computed,,,
darknet19,512,4,8,16 × 32,rotation_and_reflection,,,,,,,,not_computed,,,
darknet19,512,1,8,16 × 32,rotation_and_reflection,1409536,2359296.0,2248704.0,839168.0,37.31785063752277,949760.0,40.256076388888886,validated_reflection,/home/yj3616/workspace/phd-research/research-notes/max-resource-sweep-20260928/reflection-sweep-20261001/cases/ch8/c512-k1/darknet19/4ccb4c62ea662340bdc3/design.json,f19b4f96b0e81db731ad8c99974dba7070057fbceec6978506ce5c3a5a31e614,"Three-start orientation coordinate search, at most eight passes per start; exact template sizing for each orientation under certified requirements; not global optimum."
darknet19,1024,16,8,32 × 32,rotation_and_reflection,,,,,,,,not_computed,,,
darknet19,1024,4,8,32 × 32,rotation_and_reflection,,,,,,,,not_computed,,,
darknet19,1024,1,8,32 × 32,rotation_and_reflection,2681856,4194304.0,4063232.0,1381376.0,33.996975806451616,1512448.0,36.0595703125,validated_reflection,/home/yj3616/workspace/phd-research/research-notes/max-resource-sweep-20260928/reflection-sweep-20261001/cases/ch8/c1024-k1/darknet19/da2776df050bed4dd401/design.json,3401b0c34ba96e7540ef3809b2c60a6e639f37e1c0f19f05d7db1e18f20eecfe,"Three-start orientation coordinate search, at most eight passes per start; exact template sizing for each orientation under certified requirements; not global optimum."
vgg19,4,16,8,2 × 2,rotation_and_reflection,4608,10240.0,5120.0,512.0,10.0,5632.0,55.0,validated_reflection,/home/yj3616/workspace/phd-research/research-notes/max-resource-sweep-20260928/reflection-sweep-20261001/cases/ch8/c4-k16/vgg19/406ae46f4a333e7ce79e/design.json,85a8ed9ffeb3acf58dccdd33608104b85e849c5f421588a50a83076f94fac171,Exact enumeration of 16 legal rotation/reflection assignments for fixed mappings and certified channel requirements.
vgg19,4,4,8,2 × 2,rotation_and_reflection,1536,4096.0,2048.0,512.0,25.0,2560.0,62.5,validated_reflection,/home/yj3616/workspace/phd-research/research-notes/max-resource-sweep-20260928/reflection-sweep-20261001/cases/ch8/c4-k4/vgg19/70ccee1e9e5328d05eff/design.json,2dcf47e6028e2d82b7af344446e0c1f5c3cd21090ddb38559a7ac78dd0cb4c00,Exact enumeration of 16 legal rotation/reflection assignments for fixed mappings and certified channel requirements.
vgg19,4,1,8,2 × 2,rotation_and_reflection,1024,2048.0,1024.0,0.0,0.0,1024.0,50.0,validated_reflection,/home/yj3616/workspace/phd-research/research-notes/max-resource-sweep-20260928/reflection-sweep-20261001/cases/ch8/c4-k1/vgg19/1f3dfa0c0d4a8808b923/design.json,e1c2176018ca68cc1d4d5534be1d1e5fc1f2849a54555aa909c0c045b625145d,Exact enumeration of 16 legal rotation/reflection assignments for fixed mappings and certified channel requirements.
vgg19,8,16,8,2 × 4,rotation_and_reflection,14336,32768.0,20480.0,6144.0,30.0,18432.0,56.25,validated_reflection,/home/yj3616/workspace/phd-research/research-notes/max-resource-sweep-20260928/reflection-sweep-20261001/cases/ch8/c8-k16/vgg19/621f24774328784c5a38/design.json,506495881d83cdcd252f816570f599bb7abaf5dfab29727da1e821963e98c853,"Three-start orientation coordinate search, at most eight passes per start; exact template sizing for each orientation under certified requirements; not global optimum."
vgg19,8,4,8,2 × 4,rotation_and_reflection,5120,8192.0,5120.0,0.0,0.0,3072.0,37.5,validated_reflection,/home/yj3616/workspace/phd-research/research-notes/max-resource-sweep-20260928/reflection-sweep-20261001/cases/ch8/c8-k4/vgg19/275e280bb99c2c2ea623/design.json,5caea1c7a8afe28b1e08db2cebdd9fb730af04ac0dc46a966730781dfdf4550b,"Three-start orientation coordinate search, at most eight passes per start; exact template sizing for each orientation under certified requirements; not global optimum."
vgg19,8,1,8,2 × 4,rotation_and_reflection,2560,4096.0,2560.0,0.0,0.0,1536.0,37.5,validated_reflection,/home/yj3616/workspace/phd-research/research-notes/max-resource-sweep-20260928/reflection-sweep-20261001/cases/ch8/c8-k1/vgg19/d389bd6ec325b4c43a67/design.json,dde3d2607189a21e65d9574f8a5b6f47bce0c61a556658dc857c7a6931e6ebbe,"Three-start orientation coordinate search, at most eight passes per start; exact template sizing for each orientation under certified requirements; not global optimum."
vgg19,16,16,8,4 × 4,rotation_and_reflection,27392,49152.0,36864.0,9472.0,25.694444444444443,21760.0,44.270833333333336,validated_reflection,/home/yj3616/workspace/phd-research/research-notes/max-resource-sweep-20260928/reflection-sweep-20261001/cases/ch8/c16-k16/vgg19/034f5f91cc9f34190a7b/design.json,04e2b8dcf7e09c8e1bc73878486f3df681a6bb4340ce0cc45f9eed64b3572fdf,"Three-start orientation coordinate search, at most eight passes per start; exact template sizing for each orientation under certified requirements; not global optimum."
vgg19,16,4,8,4 × 4,rotation_and_reflection,17920,32768.0,24576.0,6656.0,27.083333333333332,14848.0,45.3125,validated_reflection,/home/yj3616/workspace/phd-research/research-notes/max-resource-sweep-20260928/reflection-sweep-20261001/cases/ch8/c16-k4/vgg19/87aadf2269773ca4a90a/design.json,4ab4a9470720e877c514f35aff61a31fa8599a40e1964ce68311578230a44e9e,"Three-start orientation coordinate search, at most eight passes per start; exact template sizing for each orientation under certified requirements; not global optimum."
vgg19,16,1,8,4 × 4,rotation_and_reflection,6144,8192.0,6144.0,0.0,0.0,2048.0,25.0,validated_reflection,/home/yj3616/workspace/phd-research/research-notes/max-resource-sweep-20260928/reflection-sweep-20261001/cases/ch8/c16-k1/vgg19/342951aeb4e67f2488f8/design.json,02556a3a4a776ea0f8d1d1ceb85eba00f3c8d83b68cc150930356d3dd281b122,"Three-start orientation coordinate search, at most eight passes per start; exact template sizing for each orientation under certified requirements; not global optimum."
vgg19,32,16,8,4 × 8,rotation_and_reflection,54144,81920.0,66560.0,12416.0,18.653846153846153,27776.0,33.90625,validated_reflection,/home/yj3616/workspace/phd-research/research-notes/max-resource-sweep-20260928/reflection-sweep-20261001/cases/ch8/c32-k16/vgg19/69fae482f2d1e8968cab/design.json,5df2066d08f87c29b6b7d6024a17c7098cc2bce8f4a33b9376b7860ea8de7661,"Three-start orientation coordinate search, at most eight passes per start; exact template sizing for each orientation under certified requirements; not global optimum."
vgg19,32,4,8,4 × 8,rotation_and_reflection,43776,65536.0,53248.0,9472.0,17.78846153846154,21760.0,33.203125,validated_reflection,/home/yj3616/workspace/phd-research/research-notes/max-resource-sweep-20260928/reflection-sweep-20261001/cases/ch8/c32-k4/vgg19/95afcd94d762e59698f0/design.json,4316b330c646bf10ca87a12d27b2991355775417cff49cfb104f72e096b8c239,"Three-start orientation coordinate search, at most eight passes per start; exact template sizing for each orientation under certified requirements; not global optimum."
vgg19,32,1,8,4 × 8,rotation_and_reflection,13312,16384.0,13312.0,0.0,0.0,3072.0,18.75,validated_reflection,/home/yj3616/workspace/phd-research/research-notes/max-resource-sweep-20260928/reflection-sweep-20261001/cases/ch8/c32-k1/vgg19/3342c02685b1f232bdbf/design.json,faeacdc744b2d16b4412b85a5cc334baa351140de70947c1f8be3694e5c82c32,"Three-start orientation coordinate search, at most eight passes per start; exact template sizing for each orientation under certified requirements; not global optimum."
vgg19,64,16,8,8 × 8,rotation_and_reflection,149952,229376.0,200704.0,50752.0,25.286989795918366,79424.0,34.62611607142857,validated_reflection,/home/yj3616/workspace/phd-research/research-notes/max-resource-sweep-20260928/reflection-sweep-20261001/cases/ch8/c64-k16/vgg19/20d5fd57a381ef1d550a/design.json,33c482fe8766efaa486b11cb65c08f7802aa1b555a6c997946dfbde6eacf62be,"Three-start orientation coordinate search, at most eight passes per start; exact template sizing for each orientation under certified requirements; not global optimum."
vgg19,64,4,8,8 × 8,rotation_and_reflection,74752,98304.0,86016.0,11264.0,13.095238095238095,23552.0,23.958333333333332,validated_reflection,/home/yj3616/workspace/phd-research/research-notes/max-resource-sweep-20260928/reflection-sweep-20261001/cases/ch8/c64-k4/vgg19/403f962d8a73cc60dbc7/design.json,8c6335b828f9e6a6eaa1548ba31e1392fad57de56bdcb3f94cce7c88075b7458,"Three-start orientation coordinate search, at most eight passes per start; exact template sizing for each orientation under certified requirements; not global optimum."
vgg19,64,1,8,8 × 8,rotation_and_reflection,46080,65536.0,57344.0,11264.0,19.642857142857142,19456.0,29.6875,validated_reflection,/home/yj3616/workspace/phd-research/research-notes/max-resource-sweep-20260928/reflection-sweep-20261001/cases/ch8/c64-k1/vgg19/42f044249b5d5d66bb72/design.json,5d573aef717a615a225b9ddbeae461fab4bc4c14f832cde65c3bc32da3c0fb1e,"Three-start orientation coordinate search, at most eight passes per start; exact template sizing for each orientation under certified requirements; not global optimum."
vgg19,128,16,8,8 × 16,rotation_and_reflection,,,,,,,,not_computed,,,
vgg19,128,4,8,8 × 16,rotation_and_reflection,150528,196608.0,178176.0,27648.0,15.517241379310345,46080.0,23.4375,validated_reflection,/home/yj3616/workspace/phd-research/research-notes/max-resource-sweep-20260928/reflection-sweep-20261001/cases/ch8/c128-k4/vgg19/4960ac903df79c92bea8/design.json,236036414cacf1e23aa06e2576efa347ccc0c1548f39c18ed68785f43e1943aa,"Three-start orientation coordinate search, at most eight passes per start; exact template sizing for each orientation under certified requirements; not global optimum."
vgg19,128,1,8,8 × 16,rotation_and_reflection,115456,131072.0,118784.0,3328.0,2.8017241379310347,15616.0,11.9140625,validated_reflection,/home/yj3616/workspace/phd-research/research-notes/max-resource-sweep-20260928/reflection-sweep-20261001/cases/ch8/c128-k1/vgg19/dbc0a6f2dbd4a776abbd/design.json,710627bc7ffc712540b009b0f22890ca237bff512eb07a093c562884b8655ad8,"Three-start orientation coordinate search, at most eight passes per start; exact template sizing for each orientation under certified requirements; not global optimum."
vgg19,256,16,8,16 × 16,rotation_and_reflection,,,,,,,,not_computed,,,
vgg19,256,4,8,16 × 16,rotation_and_reflection,378880,524288.0,491520.0,112640.0,22.916666666666668,145408.0,27.734375,validated_reflection,/home/yj3616/workspace/phd-research/research-notes/max-resource-sweep-20260928/reflection-sweep-20261001/cases/ch8/c256-k4/vgg19/bbfd46d600b29690fb59/design.json,8e9c85bda716bb7ca751bd9d0b37f175f91273eb69444186d98984e6c211a644,"Three-start orientation coordinate search, at most eight passes per start; exact template sizing for each orientation under certified requirements; not global optimum."
vgg19,256,1,8,16 × 16,rotation_and_reflection,191488,262144.0,245760.0,54272.0,22.083333333333332,70656.0,26.953125,validated_reflection,/home/yj3616/workspace/phd-research/research-notes/max-resource-sweep-20260928/reflection-sweep-20261001/cases/ch8/c256-k1/vgg19/b84c6a7526e6989fc66d/design.json,e49ba3485874c246f689c2ff34bf69146dd84934ec5411ea0b5754adbc0dc967,"Three-start orientation coordinate search, at most eight passes per start; exact template sizing for each orientation under certified requirements; not global optimum."
vgg19,512,16,8,16 × 32,rotation_and_reflection,,,,,,,,not_computed,,,
vgg19,512,4,8,16 × 32,rotation_and_reflection,,,,,,,,not_computed,,,
vgg19,512,1,8,16 × 32,rotation_and_reflection,379904,524288.0,499712.0,119808.0,23.975409836065573,144384.0,27.5390625,validated_reflection,/home/yj3616/workspace/phd-research/research-notes/max-resource-sweep-20260928/reflection-sweep-20261001/cases/ch8/c512-k1/vgg19/394a3d67d18d105ad0dd/design.json,dc6066b5a4e2a10cf0453e2e16d5b10b4e75975207369ad7a4925c76dcaaf0b2,"Three-start orientation coordinate search, at most eight passes per start; exact template sizing for each orientation under certified requirements; not global optimum."
vgg19,1024,16,8,32 × 32,rotation_and_reflection,,,,,,,,not_computed,,,
vgg19,1024,4,8,32 × 32,rotation_and_reflection,,,,,,,,not_computed,,,
vgg19,1024,1,8,32 × 32,rotation_and_reflection,777216,1048576.0,1015808.0,238592.0,23.487903225806452,271360.0,25.87890625,validated_reflection,/home/yj3616/workspace/phd-research/research-notes/max-resource-sweep-20260928/reflection-sweep-20261001/cases/ch8/c1024-k1/vgg19/9709ba95bb32576ba305/design.json,54f7490fe66adfd1bbb3aeda6db08114da67a1a19256277073ab5f42ede4bf18,"Three-start orientation coordinate search, at most eight passes per start; exact template sizing for each orientation under certified requirements; not global optimum."
resnet50,4,16,8,2 × 2,rotation_and_reflection,7680,18432.0,9216.0,1536.0,16.666666666666668,10752.0,58.333333333333336,validated_reflection,/home/yj3616/workspace/phd-research/research-notes/max-resource-sweep-20260928/reflection-sweep-20261001/cases/ch8/c4-k16/resnet50/98c34975afef7f736377/design.json,80a5fc87f502ff7eac8dc5bf4d6336e5e7197dcd75b85fc8a3429f1a7beee88a,Exact enumeration of 16 legal rotation/reflection assignments for fixed mappings and certified channel requirements.
resnet50,4,4,8,2 × 2,rotation_and_reflection,3072,6144.0,3072.0,0.0,0.0,3072.0,50.0,validated_reflection,/home/yj3616/workspace/phd-research/research-notes/max-resource-sweep-20260928/reflection-sweep-20261001/cases/ch8/c4-k4/resnet50/459ba7a9eac5c250bb0a/design.json,3a9e1553b364dc9be75a7ab6b1da16af1d4e2ebc038b7d15bacf6f4ac980a564,Exact enumeration of 16 legal rotation/reflection assignments for fixed mappings and certified channel requirements.
resnet50,4,1,8,2 × 2,rotation_and_reflection,2048,4096.0,2048.0,0.0,0.0,2048.0,50.0,validated_reflection,/home/yj3616/workspace/phd-research/research-notes/max-resource-sweep-20260928/reflection-sweep-20261001/cases/ch8/c4-k1/resnet50/d0369a26768ab707f356/design.json,da6130a6a243757aa1c7ed1a24147d4e5833139c8f48d3ddb4dd9b2e44709119,Exact enumeration of 16 legal rotation/reflection assignments for fixed mappings and certified channel requirements.
resnet50,8,16,8,2 × 4,rotation_and_reflection,17408,36864.0,23040.0,5632.0,24.444444444444443,19456.0,52.77777777777778,validated_reflection,/home/yj3616/workspace/phd-research/research-notes/max-resource-sweep-20260928/reflection-sweep-20261001/cases/ch8/c8-k16/resnet50/36385085aa9fa8b704b9/design.json,fe6fe9ecb2f7e80f91ddd6b5a4789db615c4edf4887a354a7dac7efef4dbb1ca,"Three-start orientation coordinate search, at most eight passes per start; exact template sizing for each orientation under certified requirements; not global optimum."
resnet50,8,4,8,2 × 4,rotation_and_reflection,9728,20480.0,12800.0,3072.0,24.0,10752.0,52.5,validated_reflection,/home/yj3616/workspace/phd-research/research-notes/max-resource-sweep-20260928/reflection-sweep-20261001/cases/ch8/c8-k4/resnet50/b3db315324a51c0f88f4/design.json,3213e499fed8b4d93f1ff7678079fda3f9a1c6d27b8cbf6073b25cf1b33b8c4d,"Three-start orientation coordinate search, at most eight passes per start; exact template sizing for each orientation under certified requirements; not global optimum."
resnet50,8,1,8,2 × 4,rotation_and_reflection,7168,16384.0,10240.0,3072.0,30.0,9216.0,56.25,validated_reflection,/home/yj3616/workspace/phd-research/research-notes/max-resource-sweep-20260928/reflection-sweep-20261001/cases/ch8/c8-k1/resnet50/fb8f66ce17c36433739e/design.json,732aa97d2fae79f0e604252942af6d2fe95affe3ca7af8ee0d9ff836aab48718,"Three-start orientation coordinate search, at most eight passes per start; exact template sizing for each orientation under certified requirements; not global optimum."
resnet50,16,16,8,4 × 4,rotation_and_reflection,47360,73728.0,55296.0,7936.0,14.351851851851851,26368.0,35.763888888888886,validated_reflection,/home/yj3616/workspace/phd-research/research-notes/max-resource-sweep-20260928/reflection-sweep-20261001/cases/ch8/c16-k16/resnet50/ec95fcf45de207b5969a/design.json,2ee7c37da3e728afbe323da349305ce2ce54840de119c8051810b53698ce747c,"Three-start orientation coordinate search, at most eight passes per start; exact template sizing for each orientation under certified requirements; not global optimum."
resnet50,16,4,8,4 × 4,rotation_and_reflection,24576,40960.0,30720.0,6144.0,20.0,16384.0,40.0,validated_reflection,/home/yj3616/workspace/phd-research/research-notes/max-resource-sweep-20260928/reflection-sweep-20261001/cases/ch8/c16-k4/resnet50/81411ce815534839d736/design.json,ffd2a81e0e74ff3a6c5fda9325b5d46fa13798ac5ddb7968be3322a26cfc13d8,"Three-start orientation coordinate search, at most eight passes per start; exact template sizing for each orientation under certified requirements; not global optimum."
resnet50,16,1,8,4 × 4,rotation_and_reflection,17920,32768.0,24576.0,6656.0,27.083333333333332,14848.0,45.3125,validated_reflection,/home/yj3616/workspace/phd-research/research-notes/max-resource-sweep-20260928/reflection-sweep-20261001/cases/ch8/c16-k1/resnet50/98abd8c58cee415024b9/design.json,d9586dee7c13ebb103155b0a6a8bb2b0bc2dfa8af83f10332f62cbf0c1f89df7,"Three-start orientation coordinate search, at most eight passes per start; exact template sizing for each orientation under certified requirements; not global optimum."
resnet50,32,16,8,4 × 8,rotation_and_reflection,92416,147456.0,119808.0,27392.0,22.863247863247864,55040.0,37.326388888888886,validated_reflection,/home/yj3616/workspace/phd-research/research-notes/max-resource-sweep-20260928/reflection-sweep-20261001/cases/ch8/c32-k16/resnet50/242c3bf5aa0e56697c9c/design.json,0cde75a5e47a9fd901c556d3cb3f04a9e2fb6665ccc57a210c8016f65ffc367b,"Three-start orientation coordinate search, at most eight passes per start; exact template sizing for each orientation under certified requirements; not global optimum."
resnet50,32,4,8,4 × 8,rotation_and_reflection,53504,81920.0,66560.0,13056.0,19.615384615384617,28416.0,34.6875,validated_reflection,/home/yj3616/workspace/phd-research/research-notes/max-resource-sweep-20260928/reflection-sweep-20261001/cases/ch8/c32-k4/resnet50/f5fa6d384b27739c7edb/design.json,e32217050f5dfa58964a30cf9ff467f667d63e7a0b79747b3a70d40d3097860e,"Three-start orientation coordinate search, at most eight passes per start; exact template sizing for each orientation under certified requirements; not global optimum."
resnet50,32,1,8,4 × 8,rotation_and_reflection,50944,81920.0,66560.0,15616.0,23.46153846153846,30976.0,37.8125,validated_reflection,/home/yj3616/workspace/phd-research/research-notes/max-resource-sweep-20260928/reflection-sweep-20261001/cases/ch8/c32-k1/resnet50/35267b2aa50882f95ccf/design.json,d96e3260ff51011ee1995d4e02543c8dd51a5fbe6b1af968e3918b52e8022928,"Three-start orientation coordinate search, at most eight passes per start; exact template sizing for each orientation under certified requirements; not global optimum."
resnet50,64,16,8,8 × 8,rotation_and_reflection,188608,262144.0,229376.0,40768.0,17.7734375,73536.0,28.0517578125,validated_reflection,/home/yj3616/workspace/phd-research/research-notes/max-resource-sweep-20260928/reflection-sweep-20261001/cases/ch8/c64-k16/resnet50/f9f9cea68c682cf3ed25/design.json,3d4e251e4ffa1d09bc7b73056d88a3a06a49150220c6f11c33d634bed051161c,"Three-start orientation coordinate search, at most eight passes per start; exact template sizing for each orientation under certified requirements; not global optimum."
resnet50,64,4,8,8 × 8,rotation_and_reflection,126976,163840.0,143360.0,16384.0,11.428571428571429,36864.0,22.5,validated_reflection,/home/yj3616/workspace/phd-research/research-notes/max-resource-sweep-20260928/reflection-sweep-20261001/cases/ch8/c64-k4/resnet50/956b9e5c9afdbbb16272/design.json,3b15cc8508fa654d4115ce518563e49fd7e5325b070079bd0276660a03c0b0c3,"Three-start orientation coordinate search, at most eight passes per start; exact template sizing for each orientation under certified requirements; not global optimum."
resnet50,64,1,8,8 × 8,rotation_and_reflection,93696,131072.0,114688.0,20992.0,18.303571428571427,37376.0,28.515625,validated_reflection,/home/yj3616/workspace/phd-research/research-notes/max-resource-sweep-20260928/reflection-sweep-20261001/cases/ch8/c64-k1/resnet50/34a7b2baa73dba6a62d0/design.json,04495a3bbab1e543e7b6d34f544c6ab8c4fdb30069ebe323a936e2180fb7409a,"Three-start orientation coordinate search, at most eight passes per start; exact template sizing for each orientation under certified requirements; not global optimum."
resnet50,128,16,8,8 × 16,rotation_and_reflection,,,,,,,,not_computed,,,
resnet50,128,4,8,8 × 16,rotation_and_reflection,227968,327680.0,296960.0,68992.0,23.232758620689655,99712.0,30.4296875,validated_reflection,/home/yj3616/workspace/phd-research/research-notes/max-resource-sweep-20260928/reflection-sweep-20261001/cases/ch8/c128-k4/resnet50/55ed734868bcf7abb818/design.json,f9dae4c8cd06d0da811e7f9f4f83eaefe329fef98dc354f286d568a081a7c63a,"Three-start orientation coordinate search, at most eight passes per start; exact template sizing for each orientation under certified requirements; not global optimum."
resnet50,128,1,8,8 × 16,rotation_and_reflection,282624,458752.0,415744.0,133120.0,32.01970443349754,176128.0,38.392857142857146,validated_reflection,/home/yj3616/workspace/phd-research/research-notes/max-resource-sweep-20260928/reflection-sweep-20261001/cases/ch8/c128-k1/resnet50/1bd10aef61db9e8f76eb/design.json,d5f541da10d76e726254349e605ddbe069570355e4210515368677b41ef24135,"Three-start orientation coordinate search, at most eight passes per start; exact template sizing for each orientation under certified requirements; not global optimum."
resnet50,256,16,8,16 × 16,rotation_and_reflection,,,,,,,,not_computed,,,
resnet50,256,4,8,16 × 16,rotation_and_reflection,468608,655360.0,614400.0,145792.0,23.729166666666668,186752.0,28.49609375,validated_reflection,/home/yj3616/workspace/phd-research/research-notes/max-resource-sweep-20260928/reflection-sweep-20261001/cases/ch8/c256-k4/resnet50/351775a2fc243fa371a4/design.json,4ca71c620c2d26e3df59b71ec865efb95956fd2ed72452d5bdcf9939ffc31805,"Three-start orientation coordinate search, at most eight passes per start; exact template sizing for each orientation under certified requirements; not global optimum."
resnet50,256,1,8,16 × 16,rotation_and_reflection,991744,1703936.0,1597440.0,605696.0,37.916666666666664,712192.0,41.796875,validated_reflection,/home/yj3616/workspace/phd-research/research-notes/max-resource-sweep-20260928/reflection-sweep-20261001/cases/ch8/c256-k1/resnet50/fde5c5e2c47540ea0016/design.json,43c29ec6bb5dbe12216eef298e10577c9a769a71188652bfca874fad90a7214b,"Three-start orientation coordinate search, at most eight passes per start; exact template sizing for each orientation under certified requirements; not global optimum."
resnet50,512,16,8,16 × 32,rotation_and_reflection,,,,,,,,not_computed,,,
resnet50,512,4,8,16 × 32,rotation_and_reflection,,,,,,,,not_computed,,,
resnet50,512,1,8,16 × 32,rotation_and_reflection,1491968,2621440.0,2498560.0,1006592.0,40.28688524590164,1129472.0,43.0859375,validated_reflection,/home/yj3616/workspace/phd-research/research-notes/max-resource-sweep-20260928/reflection-sweep-20261001/cases/ch8/c512-k1/resnet50/0f0797d79cfab4382c6e/design.json,891769ed26fa59481e0af04490b384bb18159136eb5854a3de3c0e3ef2f6fa7d,"Three-start orientation coordinate search, at most eight passes per start; exact template sizing for each orientation under certified requirements; not global optimum."
resnet50,1024,16,8,32 × 32,rotation_and_reflection,,,,,,,,not_computed,,,
resnet50,1024,4,8,32 × 32,rotation_and_reflection,,,,,,,,not_computed,,,
resnet50,1024,1,8,32 × 32,rotation_and_reflection,3627008,6291456.0,6094848.0,2467840.0,40.490591397849464,2664448.0,42.350260416666664,validated_reflection,/home/yj3616/workspace/phd-research/research-notes/max-resource-sweep-20260928/reflection-sweep-20261001/cases/ch8/c1024-k1/resnet50/0fefaedd0029c7383ac5/design.json,22b4477db549ac4dbfefdf6d99389ba1bcae4b63d92be786481e622d23e4dbde,"Three-start orientation coordinate search, at most eight passes per start; exact template sizing for each orientation under certified requirements; not global optimum."
googlenet,4,16,8,2 × 2,rotation_and_reflection,8704,18432.0,9216.0,512.0,5.555555555555555,9728.0,52.77777777777778,validated_reflection,/home/yj3616/workspace/phd-research/research-notes/max-resource-sweep-20260928/reflection-sweep-20261001/cases/ch8/c4-k16/googlenet/149667b02c66f5e1be9b/design.json,6296884e0c05b7b0066135b3c834d7eda7c4d4778f5d939a47f803ab8922b9ff,Exact enumeration of 16 legal rotation/reflection assignments for fixed mappings and certified channel requirements.
googlenet,4,4,8,2 × 2,rotation_and_reflection,3072,6144.0,3072.0,0.0,0.0,3072.0,50.0,validated_reflection,/home/yj3616/workspace/phd-research/research-notes/max-resource-sweep-20260928/reflection-sweep-20261001/cases/ch8/c4-k4/googlenet/83bbe9751e40592fc706/design.json,7dfd87e097d81f952bcba0ba535d6074928277023daa3701ed50bdd7de22d086,Exact enumeration of 16 legal rotation/reflection assignments for fixed mappings and certified channel requirements.
googlenet,4,1,8,2 × 2,rotation_and_reflection,2048,4096.0,2048.0,0.0,0.0,2048.0,50.0,validated_reflection,/home/yj3616/workspace/phd-research/research-notes/max-resource-sweep-20260928/reflection-sweep-20261001/cases/ch8/c4-k1/googlenet/4bfd318de7a562d0f9d4/design.json,dd3c56244f48aff3980a8608ec1c73df5a14bc6cd4911a92d2dad06fee23f67f,Exact enumeration of 16 legal rotation/reflection assignments for fixed mappings and certified channel requirements.
googlenet,8,16,8,2 × 4,rotation_and_reflection,17152,36864.0,23040.0,5888.0,25.555555555555557,19712.0,53.47222222222222,validated_reflection,/home/yj3616/workspace/phd-research/research-notes/max-resource-sweep-20260928/reflection-sweep-20261001/cases/ch8/c8-k16/googlenet/9614bbbf31a90f0c8f8e/design.json,dfe8f171623a2d7efa2e8e32a47d9fa1d5c398792348b309156ec3e7f6c352d6,"Three-start orientation coordinate search, at most eight passes per start; exact template sizing for each orientation under certified requirements; not global optimum."
googlenet,8,4,8,2 × 4,rotation_and_reflection,9728,20480.0,12800.0,3072.0,24.0,10752.0,52.5,validated_reflection,/home/yj3616/workspace/phd-research/research-notes/max-resource-sweep-20260928/reflection-sweep-20261001/cases/ch8/c8-k4/googlenet/611881acb0ef812d69e4/design.json,c8d68d8d1e9f0533a77821bba2a4f93d8cf7b84c83b547d0f137e2f64913562c,"Three-start orientation coordinate search, at most eight passes per start; exact template sizing for each orientation under certified requirements; not global optimum."
googlenet,8,1,8,2 × 4,rotation_and_reflection,7168,16384.0,10240.0,3072.0,30.0,9216.0,56.25,validated_reflection,/home/yj3616/workspace/phd-research/research-notes/max-resource-sweep-20260928/reflection-sweep-20261001/cases/ch8/c8-k1/googlenet/4b8d07df8cf78e7ecbb5/design.json,26b262e3c0f21665674a59b8be64da275a9bd7fa3e87b2a55c636921ae06d39c,"Three-start orientation coordinate search, at most eight passes per start; exact template sizing for each orientation under certified requirements; not global optimum."
googlenet,16,16,8,4 × 4,rotation_and_reflection,45312,73728.0,55296.0,9984.0,18.055555555555557,28416.0,38.541666666666664,validated_reflection,/home/yj3616/workspace/phd-research/research-notes/max-resource-sweep-20260928/reflection-sweep-20261001/cases/ch8/c16-k16/googlenet/dc0ea191277753cc1c1b/design.json,18183a900ea2f4ed31abe6c1fa1a426ca50cdf8e57e00257750b1df52df39eaf,"Three-start orientation coordinate search, at most eight passes per start; exact template sizing for each orientation under certified requirements; not global optimum."
googlenet,16,4,8,4 × 4,rotation_and_reflection,27392,40960.0,30720.0,3328.0,10.833333333333334,13568.0,33.125,validated_reflection,/home/yj3616/workspace/phd-research/research-notes/max-resource-sweep-20260928/reflection-sweep-20261001/cases/ch8/c16-k4/googlenet/c90b51133c4772be5491/design.json,c3f9c9e23cdcf37b7cf5ee94d885c593ae540fd710fe6cebe045e9e16c816f9d,"Three-start orientation coordinate search, at most eight passes per start; exact template sizing for each orientation under certified requirements; not global optimum."
googlenet,16,1,8,4 × 4,rotation_and_reflection,17920,32768.0,24576.0,6656.0,27.083333333333332,14848.0,45.3125,validated_reflection,/home/yj3616/workspace/phd-research/research-notes/max-resource-sweep-20260928/reflection-sweep-20261001/cases/ch8/c16-k1/googlenet/ebd4e3096b2f6151f762/design.json,10b75e60e197ba806d4d928f2ae033765f2c8cec2ab3a31a43e6e674ffc770cf,"Three-start orientation coordinate search, at most eight passes per start; exact template sizing for each orientation under certified requirements; not global optimum."
googlenet,32,16,8,4 × 8,rotation_and_reflection,86848,147456.0,119808.0,32960.0,27.51068376068376,60608.0,41.10243055555556,validated_reflection,/home/yj3616/workspace/phd-research/research-notes/max-resource-sweep-20260928/reflection-sweep-20261001/cases/ch8/c32-k16/googlenet/2ecf83b4264440b8179f/design.json,bf8bb5ed0a92c69159d1ed5c1a335c3602efa03820fb195ef440c6b5a473cd17,"Three-start orientation coordinate search, at most eight passes per start; exact template sizing for each orientation under certified requirements; not global optimum."
googlenet,32,4,8,4 × 8,rotation_and_reflection,56448,81920.0,66560.0,10112.0,15.192307692307692,25472.0,31.09375,validated_reflection,/home/yj3616/workspace/phd-research/research-notes/max-resource-sweep-20260928/reflection-sweep-20261001/cases/ch8/c32-k4/googlenet/c5abcfd5441b70b348ee/design.json,964b96ff0e34062fd23d89ee331ffef151a4165b22ecc621cf00ae0050268472,"Three-start orientation coordinate search, at most eight passes per start; exact template sizing for each orientation under certified requirements; not global optimum."
googlenet,32,1,8,4 × 8,rotation_and_reflection,49408,81920.0,66560.0,17152.0,25.76923076923077,32512.0,39.6875,validated_reflection,/home/yj3616/workspace/phd-research/research-notes/max-resource-sweep-20260928/reflection-sweep-20261001/cases/ch8/c32-k1/googlenet/dbc8da5d8bf0ea913af8/design.json,d252fa0a884c7cae000966890b22c1109d39275e5dae6fddfe3409023aee4ce1,"Three-start orientation coordinate search, at most eight passes per start; exact template sizing for each orientation under certified requirements; not global optimum."
googlenet,64,16,8,8 × 8,rotation_and_reflection,196160,294912.0,258048.0,61888.0,23.98313492063492,98752.0,33.48524305555556,validated_reflection,/home/yj3616/workspace/phd-research/research-notes/max-resource-sweep-20260928/reflection-sweep-20261001/cases/ch8/c64-k16/googlenet/5d9e502842c3fed28e69/design.json,d38d3c8b8e439cd8a5b04060d79375d96bb92ecd1de18333e5f4ac0003ff0305,"Three-start orientation coordinate search, at most eight passes per start; exact template sizing for each orientation under certified requirements; not global optimum."
googlenet,64,4,8,8 × 8,rotation_and_reflection,126592,163840.0,143360.0,16768.0,11.696428571428571,37248.0,22.734375,validated_reflection,/home/yj3616/workspace/phd-research/research-notes/max-resource-sweep-20260928/reflection-sweep-20261001/cases/ch8/c64-k4/googlenet/6990471b10c17be4ab68/design.json,b925508ebe520497f05768fe6f1e252f4d4110c51d0b93b44bbcef405829a233,"Three-start orientation coordinate search, at most eight passes per start; exact template sizing for each orientation under certified requirements; not global optimum."
googlenet,64,1,8,8 × 8,rotation_and_reflection,93696,131072.0,114688.0,20992.0,18.303571428571427,37376.0,28.515625,validated_reflection,/home/yj3616/workspace/phd-research/research-notes/max-resource-sweep-20260928/reflection-sweep-20261001/cases/ch8/c64-k1/googlenet/bddfe852ff2d29d8ff0a/design.json,dd54cf83ed4de3e39b89c601cb6db3239395f6dc86e5caa3109effebc57f06e6,"Three-start orientation coordinate search, at most eight passes per start; exact template sizing for each orientation under certified requirements; not global optimum."
googlenet,128,16,8,8 × 16,rotation_and_reflection,,,,,,,,not_computed,,,
googlenet,128,4,8,8 × 16,rotation_and_reflection,228224,327680.0,296960.0,68736.0,23.146551724137932,99456.0,30.3515625,validated_reflection,/home/yj3616/workspace/phd-research/research-notes/max-resource-sweep-20260928/reflection-sweep-20261001/cases/ch8/c128-k4/googlenet/40b80d8e650ddb47e721/design.json,b76fd65ceced8e7f6fd0913965c6590ec0884ea65a9039b6b6ac56164148ccc5,"Three-start orientation coordinate search, at most eight passes per start; exact template sizing for each orientation under certified requirements; not global optimum."
googlenet,128,1,8,8 × 16,rotation_and_reflection,216832,327680.0,296960.0,80128.0,26.982758620689655,110848.0,33.828125,validated_reflection,/home/yj3616/workspace/phd-research/research-notes/max-resource-sweep-20260928/reflection-sweep-20261001/cases/ch8/c128-k1/googlenet/942a75b8d222d0f41f7d/design.json,dc0ff5108fa1f212f346579591fcf35ba5756991511c9860bb935ed6210d0f42,"Three-start orientation coordinate search, at most eight passes per start; exact template sizing for each orientation under certified requirements; not global optimum."
googlenet,256,16,8,16 × 16,rotation_and_reflection,,,,,,,,not_computed,,,
googlenet,256,4,8,16 × 16,rotation_and_reflection,493312,655360.0,614400.0,121088.0,19.708333333333332,162048.0,24.7265625,validated_reflection,/home/yj3616/workspace/phd-research/research-notes/max-resource-sweep-20260928/reflection-sweep-20261001/cases/ch8/c256-k4/googlenet/bd2c75bed125dd652c88/design.json,39fdc190732e26dfd5c950d231fd2706f4d9d7715e3bdac9735c0c2579a174e9,"Three-start orientation coordinate search, at most eight passes per start; exact template sizing for each orientation under certified requirements; not global optimum."
googlenet,256,1,8,16 × 16,rotation_and_reflection,455168,655360.0,614400.0,159232.0,25.916666666666668,200192.0,30.546875,validated_reflection,/home/yj3616/workspace/phd-research/research-notes/max-resource-sweep-20260928/reflection-sweep-20261001/cases/ch8/c256-k1/googlenet/0ba130cb0cd53027d622/design.json,9dab9309127371de91ee42c6a35280f708f873db4748767be7e909b69e4902ac,"Three-start orientation coordinate search, at most eight passes per start; exact template sizing for each orientation under certified requirements; not global optimum."
googlenet,512,16,8,16 × 32,rotation_and_reflection,,,,,,,,not_computed,,,
googlenet,512,4,8,16 × 32,rotation_and_reflection,,,,,,,,not_computed,,,
googlenet,512,1,8,16 × 32,rotation_and_reflection,1415424,2359296.0,2248704.0,833280.0,37.05601092896175,943872.0,40.006510416666664,validated_reflection,/home/yj3616/workspace/phd-research/research-notes/max-resource-sweep-20260928/reflection-sweep-20261001/cases/ch8/c512-k1/googlenet/c1a28d33ca694bcfe055/design.json,015955490edffdcfade5c01be5fc86f35fa914941dada4c80a50e23153fac427,"Three-start orientation coordinate search, at most eight passes per start; exact template sizing for each orientation under certified requirements; not global optimum."
googlenet,1024,16,8,32 × 32,rotation_and_reflection,,,,,,,,not_computed,,,
googlenet,1024,4,8,32 × 32,rotation_and_reflection,,,,,,,,not_computed,,,
googlenet,1024,1,8,32 × 32,rotation_and_reflection,2589952,4194304.0,4063232.0,1473280.0,36.25882056451613,1604352.0,38.250732421875,validated_reflection,/home/yj3616/workspace/phd-research/research-notes/max-resource-sweep-20260928/reflection-sweep-20261001/cases/ch8/c1024-k1/googlenet/c6653b7fc3c4b74f76dc/design.json,a4e61f683bc7d03731b41065244e9c2d0fa10f507476803453a0754c47b61428,"Three-start orientation coordinate search, at most eight passes per start; exact template sizing for each orientation under certified requirements; not global optimum."
resnet101,4,16,8,2 × 2,rotation_and_reflection,7680,18432.0,9216.0,1536.0,16.666666666666668,10752.0,58.333333333333336,validated_reflection,/home/yj3616/workspace/phd-research/research-notes/max-resource-sweep-20260928/reflection-sweep-20261001/cases/ch8/c4-k16/resnet101/cc4c1eaaf161f9c42830/design.json,8287c53e81ddeee4add4290bdfa9983e7df644d6781de199cc0a9f91e49357e8,Exact enumeration of 16 legal rotation/reflection assignments for fixed mappings and certified channel requirements.
resnet101,4,4,8,2 × 2,rotation_and_reflection,3072,6144.0,3072.0,0.0,0.0,3072.0,50.0,validated_reflection,/home/yj3616/workspace/phd-research/research-notes/max-resource-sweep-20260928/reflection-sweep-20261001/cases/ch8/c4-k4/resnet101/0afc33a63af21ccc5695/design.json,2bd24c04a5d81a23ec717734b373599a1e433fc533946e17d5bd98d1abeea961,Exact enumeration of 16 legal rotation/reflection assignments for fixed mappings and certified channel requirements.
resnet101,4,1,8,2 × 2,rotation_and_reflection,2048,4096.0,2048.0,0.0,0.0,2048.0,50.0,validated_reflection,/home/yj3616/workspace/phd-research/research-notes/max-resource-sweep-20260928/reflection-sweep-20261001/cases/ch8/c4-k1/resnet101/8f77eb0cee2be52f16e7/design.json,c72ca7bd2782dec18a1b695e8afdbe5b1d5508e3043ad9ae460ee40d16e8c193,Exact enumeration of 16 legal rotation/reflection assignments for fixed mappings and certified channel requirements.
resnet101,8,16,8,2 × 4,rotation_and_reflection,17408,36864.0,23040.0,5632.0,24.444444444444443,19456.0,52.77777777777778,validated_reflection,/home/yj3616/workspace/phd-research/research-notes/max-resource-sweep-20260928/reflection-sweep-20261001/cases/ch8/c8-k16/resnet101/de98c701742d0eeace02/design.json,975035ad96de960072d552bcd53172541e239c477f964a625b3d336ed4f11abf,"Three-start orientation coordinate search, at most eight passes per start; exact template sizing for each orientation under certified requirements; not global optimum."
resnet101,8,4,8,2 × 4,rotation_and_reflection,9728,20480.0,12800.0,3072.0,24.0,10752.0,52.5,validated_reflection,/home/yj3616/workspace/phd-research/research-notes/max-resource-sweep-20260928/reflection-sweep-20261001/cases/ch8/c8-k4/resnet101/1e0ff215e43fbf13a160/design.json,5c12e46e039d43300b8910082523ac8512b8c6e3cd0103eb522b01e7c86b109e,"Three-start orientation coordinate search, at most eight passes per start; exact template sizing for each orientation under certified requirements; not global optimum."
resnet101,8,1,8,2 × 4,rotation_and_reflection,7168,16384.0,10240.0,3072.0,30.0,9216.0,56.25,validated_reflection,/home/yj3616/workspace/phd-research/research-notes/max-resource-sweep-20260928/reflection-sweep-20261001/cases/ch8/c8-k1/resnet101/234a437ca19342232b61/design.json,ee7e5e09d2ce3f42cf21abc4e472e33e940adeaffda4a016e2d5f132ce5aad6d,"Three-start orientation coordinate search, at most eight passes per start; exact template sizing for each orientation under certified requirements; not global optimum."
resnet101,16,16,8,4 × 4,rotation_and_reflection,46336,73728.0,55296.0,8960.0,16.203703703703702,27392.0,37.15277777777778,validated_reflection,/home/yj3616/workspace/phd-research/research-notes/max-resource-sweep-20260928/reflection-sweep-20261001/cases/ch8/c16-k16/resnet101/93c2ca62f155d68c35bd/design.json,6b363728928f7f35647d028e21067798da046450ac59c73a8a2e65a042e6230e,"Three-start orientation coordinate search, at most eight passes per start; exact template sizing for each orientation under certified requirements; not global optimum."
resnet101,16,4,8,4 × 4,rotation_and_reflection,24576,40960.0,30720.0,6144.0,20.0,16384.0,40.0,validated_reflection,/home/yj3616/workspace/phd-research/research-notes/max-resource-sweep-20260928/reflection-sweep-20261001/cases/ch8/c16-k4/resnet101/5f7c40084c5b2a611c31/design.json,f527a913986c6babcf360d576479af6664152693331da80049b56976e4f90e2f,"Three-start orientation coordinate search, at most eight passes per start; exact template sizing for each orientation under certified requirements; not global optimum."
resnet101,16,1,8,4 × 4,rotation_and_reflection,17920,32768.0,24576.0,6656.0,27.083333333333332,14848.0,45.3125,validated_reflection,/home/yj3616/workspace/phd-research/research-notes/max-resource-sweep-20260928/reflection-sweep-20261001/cases/ch8/c16-k1/resnet101/ac5fddb15946edd46556/design.json,2f37063ce9d4b9fb9e1f12f4f343007763ef408d7f27e997d30ca0f1f77212ea,"Three-start orientation coordinate search, at most eight passes per start; exact template sizing for each orientation under certified requirements; not global optimum."
resnet101,32,16,8,4 × 8,rotation_and_reflection,94080,147456.0,119808.0,25728.0,21.474358974358974,53376.0,36.197916666666664,validated_reflection,/home/yj3616/workspace/phd-research/research-notes/max-resource-sweep-20260928/reflection-sweep-20261001/cases/ch8/c32-k16/resnet101/c42c300422907d942fa9/design.json,3a5a7ca994f5583f7b64f578e28d0d50f880b981c0c73745d5003513c8451b9f,"Three-start orientation coordinate search, at most eight passes per start; exact template sizing for each orientation under certified requirements; not global optimum."
resnet101,32,4,8,4 × 8,rotation_and_reflection,53504,81920.0,66560.0,13056.0,19.615384615384617,28416.0,34.6875,validated_reflection,/home/yj3616/workspace/phd-research/research-notes/max-resource-sweep-20260928/reflection-sweep-20261001/cases/ch8/c32-k4/resnet101/c1225978d03b544ae493/design.json,0588fbdbcf5bc31ba4d970f7891e40c72e71272a70afe01e18e4b33bf101c7ac,"Three-start orientation coordinate search, at most eight passes per start; exact template sizing for each orientation under certified requirements; not global optimum."
resnet101,32,1,8,4 × 8,rotation_and_reflection,50944,81920.0,66560.0,15616.0,23.46153846153846,30976.0,37.8125,validated_reflection,/home/yj3616/workspace/phd-research/research-notes/max-resource-sweep-20260928/reflection-sweep-20261001/cases/ch8/c32-k1/resnet101/50586adbac1b7f647117/design.json,484c35927bde7ad16b7ecf3e03f92a6f92a2db7f56681b8e41264363e27d0216,"Three-start orientation coordinate search, at most eight passes per start; exact template sizing for each orientation under certified requirements; not global optimum."
resnet101,64,16,8,8 × 8,rotation_and_reflection,190144,294912.0,258048.0,67904.0,26.314484126984127,104768.0,35.525173611111114,validated_reflection,/home/yj3616/workspace/phd-research/research-notes/max-resource-sweep-20260928/reflection-sweep-20261001/cases/ch8/c64-k16/resnet101/4241a97d547a30514199/design.json,cde32a6af1910132ddc477685067db7dd22511ae4d86b0b1295248a90aa60d22,"Three-start orientation coordinate search, at most eight passes per start; exact template sizing for each orientation under certified requirements; not global optimum."
resnet101,64,4,8,8 × 8,rotation_and_reflection,127744,163840.0,143360.0,15616.0,10.892857142857142,36096.0,22.03125,validated_reflection,/home/yj3616/workspace/phd-research/research-notes/max-resource-sweep-20260928/reflection-sweep-20261001/cases/ch8/c64-k4/resnet101/2ec8752526af349d8508/design.json,730090cce9df966b9f85db2175efaa70d3e9ef1a440cd399b292af3e8e42eaea,"Three-start orientation coordinate search, at most eight passes per start; exact template sizing for each orientation under certified requirements; not global optimum."
resnet101,64,1,8,8 × 8,rotation_and_reflection,93696,131072.0,114688.0,20992.0,18.303571428571427,37376.0,28.515625,validated_reflection,/home/yj3616/workspace/phd-research/research-notes/max-resource-sweep-20260928/reflection-sweep-20261001/cases/ch8/c64-k1/resnet101/bc05c7f16f8997ace938/design.json,0307b73b3f7f4ac304166dc4bddfddda93a0ac99926355a42c4dc829adc8f279,"Three-start orientation coordinate search, at most eight passes per start; exact template sizing for each orientation under certified requirements; not global optimum."
resnet101,128,16,8,8 × 16,rotation_and_reflection,,,,,,,,not_computed,,,
resnet101,128,4,8,8 × 16,rotation_and_reflection,222208,327680.0,296960.0,74752.0,25.17241379310345,105472.0,32.1875,validated_reflection,/home/yj3616/workspace/phd-research/research-notes/max-resource-sweep-20260928/reflection-sweep-20261001/cases/ch8/c128-k4/resnet101/ae30ba98ea71d1980ea9/design.json,8aa3dcc22a0f46746a959951de6cb0e112ee1ce8a07c34c4141af8ecb20e40c7,"Three-start orientation coordinate search, at most eight passes per start; exact template sizing for each orientation under certified requirements; not global optimum."
resnet101,128,1,8,8 × 16,rotation_and_reflection,282624,458752.0,415744.0,133120.0,32.01970443349754,176128.0,38.392857142857146,validated_reflection,/home/yj3616/workspace/phd-research/research-notes/max-resource-sweep-20260928/reflection-sweep-20261001/cases/ch8/c128-k1/resnet101/72f345184524303b4837/design.json,92ec3d0c7028d1ca1e5fddb46c9cf0e5786a360d0337eb9afd9b1aa769fd9c0f,"Three-start orientation coordinate search, at most eight passes per start; exact template sizing for each orientation under certified requirements; not global optimum."
resnet101,256,16,8,16 × 16,rotation_and_reflection,,,,,,,,not_computed,,,
resnet101,256,4,8,16 × 16,rotation_and_reflection,472192,655360.0,614400.0,142208.0,23.145833333333332,183168.0,27.94921875,validated_reflection,/home/yj3616/workspace/phd-research/research-notes/max-resource-sweep-20260928/reflection-sweep-20261001/cases/ch8/c256-k4/resnet101/fdecff9c47c37e690e1d/design.json,d741f5ec21b77c7668e58b42e07a444ddc99cb45625ff054a5dd23f8522724d2,"Three-start orientation coordinate search, at most eight passes per start; exact template sizing for each orientation under certified requirements; not global optimum."
resnet101,256,1,8,16 × 16,rotation_and_reflection,991744,1703936.0,1597440.0,605696.0,37.916666666666664,712192.0,41.796875,validated_reflection,/home/yj3616/workspace/phd-research/research-notes/max-resource-sweep-20260928/reflection-sweep-20261001/cases/ch8/c256-k1/resnet101/348b4374f61d75f52710/design.json,a22918f46aa7accf206d7dcc4edfbad514c2a08d075eec0cfc6e8ac151e70ce0,"Three-start orientation coordinate search, at most eight passes per start; exact template sizing for each orientation under certified requirements; not global optimum."
resnet101,512,16,8,16 × 32,rotation_and_reflection,,,,,,,,not_computed,,,
resnet101,512,4,8,16 × 32,rotation_and_reflection,,,,,,,,not_computed,,,
resnet101,512,1,8,16 × 32,rotation_and_reflection,1491968,2621440.0,2498560.0,1006592.0,40.28688524590164,1129472.0,43.0859375,validated_reflection,/home/yj3616/workspace/phd-research/research-notes/max-resource-sweep-20260928/reflection-sweep-20261001/cases/ch8/c512-k1/resnet101/aa5f0bf9064aee2037d2/design.json,e6e0a2ffe086b5021c8195c631e878be2ee9f28a179c48396cf814196603858c,"Three-start orientation coordinate search, at most eight passes per start; exact template sizing for each orientation under certified requirements; not global optimum."
resnet101,1024,16,8,32 × 32,rotation_and_reflection,,,,,,,,not_computed,,,
resnet101,1024,4,8,32 × 32,rotation_and_reflection,,,,,,,,not_computed,,,
resnet101,1024,1,8,32 × 32,rotation_and_reflection,3627008,6291456.0,6094848.0,2467840.0,40.490591397849464,2664448.0,42.350260416666664,validated_reflection,/home/yj3616/workspace/phd-research/research-notes/max-resource-sweep-20260928/reflection-sweep-20261001/cases/ch8/c1024-k1/resnet101/9ff93d6c3276ac373415/design.json,642a7a1e77e5c2dd7d2cf22c7649ffe62fcc2bd1ff2e0f0c311bddf8b7b112f3,"Three-start orientation coordinate search, at most eight passes per start; exact template sizing for each orientation under certified requirements; not global optimum."
densenet,4,16,8,2 × 2,rotation_and_reflection,5632,12288.0,6144.0,512.0,8.333333333333334,6656.0,54.166666666666664,validated_reflection,/home/yj3616/workspace/phd-research/research-notes/max-resource-sweep-20260928/reflection-sweep-20261001/cases/ch8/c4-k16/densenet/1710f1198ffe684ea1e0/design.json,18033229fb0f8313085ad833ac5e29804953f799d0aa7cb0aaaa7e860ef313d5,Exact enumeration of 16 legal rotation/reflection assignments for fixed mappings and certified channel requirements.
densenet,4,4,8,2 × 2,rotation_and_reflection,3072,6144.0,3072.0,0.0,0.0,3072.0,50.0,validated_reflection,/home/yj3616/workspace/phd-research/research-notes/max-resource-sweep-20260928/reflection-sweep-20261001/cases/ch8/c4-k4/densenet/d472fd7edf3ada214a23/design.json,9d13afb632dece51d0d9aeaa8dae6991dfdf5dab42f773823ea51247cc5fa531,Exact enumeration of 16 legal rotation/reflection assignments for fixed mappings and certified channel requirements.
densenet,4,1,8,2 × 2,rotation_and_reflection,2048,4096.0,2048.0,0.0,0.0,2048.0,50.0,validated_reflection,/home/yj3616/workspace/phd-research/research-notes/max-resource-sweep-20260928/reflection-sweep-20261001/cases/ch8/c4-k1/densenet/e526f79b00cdf1e142f4/design.json,51c40f2ff7f2b2012a51056ba515252931631b04abd3d53874f22e14803fed82,Exact enumeration of 16 legal rotation/reflection assignments for fixed mappings and certified channel requirements.
densenet,8,16,8,2 × 4,rotation_and_reflection,16896,36864.0,23040.0,6144.0,26.666666666666668,19968.0,54.166666666666664,validated_reflection,/home/yj3616/workspace/phd-research/research-notes/max-resource-sweep-20260928/reflection-sweep-20261001/cases/ch8/c8-k16/densenet/e2cb632493d8206e8d93/design.json,cf4c20389bc328439cbbf007e88a2b1fc81547ee61918ef7e32e0eb6d96f45f5,"Three-start orientation coordinate search, at most eight passes per start; exact template sizing for each orientation under certified requirements; not global optimum."
densenet,8,4,8,2 × 4,rotation_and_reflection,9728,20480.0,12800.0,3072.0,24.0,10752.0,52.5,validated_reflection,/home/yj3616/workspace/phd-research/research-notes/max-resource-sweep-20260928/reflection-sweep-20261001/cases/ch8/c8-k4/densenet/ccd26148c24b13e68f56/design.json,514dae0bb4f91a29149c4426592e7e9b3bd7627be2470417fd4064727e80297e,"Three-start orientation coordinate search, at most eight passes per start; exact template sizing for each orientation under certified requirements; not global optimum."
densenet,8,1,8,2 × 4,rotation_and_reflection,7168,16384.0,10240.0,3072.0,30.0,9216.0,56.25,validated_reflection,/home/yj3616/workspace/phd-research/research-notes/max-resource-sweep-20260928/reflection-sweep-20261001/cases/ch8/c8-k1/densenet/4a380270e0f65d52a65a/design.json,e599689258c785a1c3aaf70a05f8ff033f925cb1d050a7843ee0603697763efd,"Three-start orientation coordinate search, at most eight passes per start; exact template sizing for each orientation under certified requirements; not global optimum."
densenet,16,16,8,4 × 4,rotation_and_reflection,44544,73728.0,55296.0,10752.0,19.444444444444443,29184.0,39.583333333333336,validated_reflection,/home/yj3616/workspace/phd-research/research-notes/max-resource-sweep-20260928/reflection-sweep-20261001/cases/ch8/c16-k16/densenet/46eddcab7ab73fc6c25e/design.json,cb170db5f46465d8da0d5cc37c53205664adccd8394cfa8b54d7a1a6c6492325,"Three-start orientation coordinate search, at most eight passes per start; exact template sizing for each orientation under certified requirements; not global optimum."
densenet,16,4,8,4 × 4,rotation_and_reflection,19712,32768.0,24576.0,4864.0,19.791666666666668,13056.0,39.84375,validated_reflection,/home/yj3616/workspace/phd-research/research-notes/max-resource-sweep-20260928/reflection-sweep-20261001/cases/ch8/c16-k4/densenet/96cd37360815b631335f/design.json,a8eb6442a987026511ff1093b771336676ce45309539dc7626ebfcda4243ccf9,"Three-start orientation coordinate search, at most eight passes per start; exact template sizing for each orientation under certified requirements; not global optimum."
densenet,16,1,8,4 × 4,rotation_and_reflection,17920,32768.0,24576.0,6656.0,27.083333333333332,14848.0,45.3125,validated_reflection,/home/yj3616/workspace/phd-research/research-notes/max-resource-sweep-20260928/reflection-sweep-20261001/cases/ch8/c16-k1/densenet/d14be7b24301f9b1df7e/design.json,6a86c47d89f91371c961c772163ab8c8c194c88133c0316ebf1c24e1350b8ab5,"Three-start orientation coordinate search, at most eight passes per start; exact template sizing for each orientation under certified requirements; not global optimum."
densenet,32,16,8,4 × 8,rotation_and_reflection,89024,147456.0,119808.0,30784.0,25.694444444444443,58432.0,39.626736111111114,validated_reflection,/home/yj3616/workspace/phd-research/research-notes/max-resource-sweep-20260928/reflection-sweep-20261001/cases/ch8/c32-k16/densenet/42f9ce34db688e4f382a/design.json,77132c8c69a2fc015475465f618917215f6a26c6125f4bc27e76ce37e7219cd9,"Three-start orientation coordinate search, at most eight passes per start; exact template sizing for each orientation under certified requirements; not global optimum."
densenet,32,4,8,4 × 8,rotation_and_reflection,54144,81920.0,66560.0,12416.0,18.653846153846153,27776.0,33.90625,validated_reflection,/home/yj3616/workspace/phd-research/research-notes/max-resource-sweep-20260928/reflection-sweep-20261001/cases/ch8/c32-k4/densenet/a10f08707c99a5971c50/design.json,728b35af2fafcb7fbf3726e5345a6014565b4d3f3d9cfbf51cafbbdde97c4cc5,"Three-start orientation coordinate search, at most eight passes per start; exact template sizing for each orientation under certified requirements; not global optimum."
densenet,32,1,8,4 × 8,rotation_and_reflection,49408,81920.0,66560.0,17152.0,25.76923076923077,32512.0,39.6875,validated_reflection,/home/yj3616/workspace/phd-research/research-notes/max-resource-sweep-20260928/reflection-sweep-20261001/cases/ch8/c32-k1/densenet/bf6738bcf033bf973dc6/design.json,333b72e0012aa388dcdae618d08f405a00630bab698d59b2fe0785c455a0bf91,"Three-start orientation coordinate search, at most eight passes per start; exact template sizing for each orientation under certified requirements; not global optimum."
densenet,64,16,8,8 × 8,rotation_and_reflection,199040,294912.0,258048.0,59008.0,22.86706349206349,95872.0,32.50868055555556,validated_reflection,/home/yj3616/workspace/phd-research/research-notes/max-resource-sweep-20260928/reflection-sweep-20261001/cases/ch8/c64-k16/densenet/54f8893e88ac629cb4cc/design.json,e70be0560e70343cd9901530443c539c39a1c02e37055c20a3b90180676b16b4,"Three-start orientation coordinate search, at most eight passes per start; exact template sizing for each orientation under certified requirements; not global optimum."
densenet,64,4,8,8 × 8,rotation_and_reflection,127360,163840.0,143360.0,16000.0,11.160714285714286,36480.0,22.265625,validated_reflection,/home/yj3616/workspace/phd-research/research-notes/max-resource-sweep-20260928/reflection-sweep-20261001/cases/ch8/c64-k4/densenet/d465a1316d98657ee77b/design.json,5e3ef10fc1996e0eb46409a5674962b4f33953eff6165066f45849a8337f0f19,"Three-start orientation coordinate search, at most eight passes per start; exact template sizing for each orientation under certified requirements; not global optimum."
densenet,64,1,8,8 × 8,rotation_and_reflection,93696,131072.0,114688.0,20992.0,18.303571428571427,37376.0,28.515625,validated_reflection,/home/yj3616/workspace/phd-research/research-notes/max-resource-sweep-20260928/reflection-sweep-20261001/cases/ch8/c64-k1/densenet/11a27c2e4aea41aa575e/design.json,a05439dbf4cf5853dcbc022735efa087ff5bfb1d29a1b3f8508eef76caee85bc,"Three-start orientation coordinate search, at most eight passes per start; exact template sizing for each orientation under certified requirements; not global optimum."
densenet,128,16,8,8 × 16,rotation_and_reflection,,,,,,,,not_computed,,,
densenet,128,4,8,8 × 16,rotation_and_reflection,228352,327680.0,296960.0,68608.0,23.103448275862068,99328.0,30.3125,validated_reflection,/home/yj3616/workspace/phd-research/research-notes/max-resource-sweep-20260928/reflection-sweep-20261001/cases/ch8/c128-k4/densenet/9b382dedd8622c40386c/design.json,bbda89852f816c90fe5c2d930ca62126f699114157e5950e33bc26d421967f5a,"Three-start orientation coordinate search, at most eight passes per start; exact template sizing for each orientation under certified requirements; not global optimum."
densenet,128,1,8,8 × 16,rotation_and_reflection,182272,262144.0,237568.0,55296.0,23.275862068965516,79872.0,30.46875,validated_reflection,/home/yj3616/workspace/phd-research/research-notes/max-resource-sweep-20260928/reflection-sweep-20261001/cases/ch8/c128-k1/densenet/38c387e13b0632575488/design.json,daeb481d5431954193dc2fc082d60536138ce66fb239657fb2ec85ce26c01101,"Three-start orientation coordinate search, at most eight passes per start; exact template sizing for each orientation under certified requirements; not global optimum."
densenet,256,16,8,16 × 16,rotation_and_reflection,,,,,,,,not_computed,,,
densenet,256,4,8,16 × 16,rotation_and_reflection,496896,655360.0,614400.0,117504.0,19.125,158464.0,24.1796875,validated_reflection,/home/yj3616/workspace/phd-research/research-notes/max-resource-sweep-20260928/reflection-sweep-20261001/cases/ch8/c256-k4/densenet/39ef17ffc8d9c9f6ab49/design.json,e604230a7cdd3c08c1ee11a94a499599e1d9e7b4fc2b290b53372fcfdfe026cb,"Three-start orientation coordinate search, at most eight passes per start; exact template sizing for each orientation under certified requirements; not global optimum."
densenet,256,1,8,16 × 16,rotation_and_reflection,455168,655360.0,614400.0,159232.0,25.916666666666668,200192.0,30.546875,validated_reflection,/home/yj3616/workspace/phd-research/research-notes/max-resource-sweep-20260928/reflection-sweep-20261001/cases/ch8/c256-k1/densenet/4e532a8117de0e023664/design.json,f82e20c9d29aee2ff64774717992be1f13943c8f6280a0f737fa83254f1e9cf3,"Three-start orientation coordinate search, at most eight passes per start; exact template sizing for each orientation under certified requirements; not global optimum."
densenet,512,16,8,16 × 32,rotation_and_reflection,,,,,,,,not_computed,,,
densenet,512,4,8,16 × 32,rotation_and_reflection,,,,,,,,not_computed,,,
densenet,512,1,8,16 × 32,rotation_and_reflection,1409536,2359296.0,2248704.0,839168.0,37.31785063752277,949760.0,40.256076388888886,validated_reflection,/home/yj3616/workspace/phd-research/research-notes/max-resource-sweep-20260928/reflection-sweep-20261001/cases/ch8/c512-k1/densenet/4780b63877dee79fdce1/design.json,80b6c2ce75276257eb43246503b00cd0903688a3ff545f85363b3f2d4705b318,"Three-start orientation coordinate search, at most eight passes per start; exact template sizing for each orientation under certified requirements; not global optimum."
densenet,1024,16,8,32 × 32,rotation_and_reflection,,,,,,,,not_computed,,,
densenet,1024,4,8,32 × 32,rotation_and_reflection,,,,,,,,not_computed,,,
densenet,1024,1,8,32 × 32,rotation_and_reflection,2843136,4718592.0,4571136.0,1728000.0,37.80241935483871,1875456.0,39.74609375,validated_reflection,/home/yj3616/workspace/phd-research/research-notes/max-resource-sweep-20260928/reflection-sweep-20261001/cases/ch8/c1024-k1/densenet/81b3b8f760c21b11ba94/design.json,4d14bf1ddc76fcd237522097e20ee8054cbf36bbc4ad43ffeb28885f5e51447b,"Three-start orientation coordinate search, at most eight passes per start; exact template sizing for each orientation under certified requirements; not global optimum."
inception_resnet_v1,4,16,8,2 × 2,rotation_and_reflection,7168,16384.0,8192.0,1024.0,12.5,9216.0,56.25,validated_reflection,/home/yj3616/workspace/phd-research/research-notes/max-resource-sweep-20260928/reflection-sweep-20261001/cases/ch8/c4-k16/inception_resnet_v1/9d0eac7b7b8e98268c59/design.json,eaca0e2bde933808a0b7a96ed3fdd2307e5610431311fd3b5ef885f95b95e149,Exact enumeration of 16 legal rotation/reflection assignments for fixed mappings and certified channel requirements.
inception_resnet_v1,4,4,8,2 × 2,rotation_and_reflection,3072,6144.0,3072.0,0.0,0.0,3072.0,50.0,validated_reflection,/home/yj3616/workspace/phd-research/research-notes/max-resource-sweep-20260928/reflection-sweep-20261001/cases/ch8/c4-k4/inception_resnet_v1/c726921ffae46067f9ef/design.json,394f098dbeb6ad6848e375cc4559f6e68f8a63a7d5539d0a97d3815d41b7f45d,Exact enumeration of 16 legal rotation/reflection assignments for fixed mappings and certified channel requirements.
inception_resnet_v1,4,1,8,2 × 2,rotation_and_reflection,2048,4096.0,2048.0,0.0,0.0,2048.0,50.0,validated_reflection,/home/yj3616/workspace/phd-research/research-notes/max-resource-sweep-20260928/reflection-sweep-20261001/cases/ch8/c4-k1/inception_resnet_v1/ab166056728aed08acf4/design.json,d8b2fd1b52d93c6e03bcd98a266a3511ddd0c79b9a6b206543e255fdd37e18cd,Exact enumeration of 16 legal rotation/reflection assignments for fixed mappings and certified channel requirements.
inception_resnet_v1,8,16,8,2 × 4,rotation_and_reflection,16896,36864.0,23040.0,6144.0,26.666666666666668,19968.0,54.166666666666664,validated_reflection,/home/yj3616/workspace/phd-research/research-notes/max-resource-sweep-20260928/reflection-sweep-20261001/cases/ch8/c8-k16/inception_resnet_v1/cd4da24fe19e74485de3/design.json,5669b5af2e7d292b39f8f373f894f48f1115b219d7cbce331ae3b9b958a34f51,"Three-start orientation coordinate search, at most eight passes per start; exact template sizing for each orientation under certified requirements; not global optimum."
inception_resnet_v1,8,4,8,2 × 4,rotation_and_reflection,9728,20480.0,12800.0,3072.0,24.0,10752.0,52.5,validated_reflection,/home/yj3616/workspace/phd-research/research-notes/max-resource-sweep-20260928/reflection-sweep-20261001/cases/ch8/c8-k4/inception_resnet_v1/b4a51b4fd36cd29808eb/design.json,ccf1c128154862723d04d1fdad3abe9f57c35a138742c47a1b8b0f83b3244aa9,"Three-start orientation coordinate search, at most eight passes per start; exact template sizing for each orientation under certified requirements; not global optimum."
inception_resnet_v1,8,1,8,2 × 4,rotation_and_reflection,7168,16384.0,10240.0,3072.0,30.0,9216.0,56.25,validated_reflection,/home/yj3616/workspace/phd-research/research-notes/max-resource-sweep-20260928/reflection-sweep-20261001/cases/ch8/c8-k1/inception_resnet_v1/df3c18a43199e0d319e5/design.json,14d56f9085e51a59736b39640a2041c72435dbf875c162b01a22a005413c90a2,"Three-start orientation coordinate search, at most eight passes per start; exact template sizing for each orientation under certified requirements; not global optimum."
inception_resnet_v1,16,16,8,4 × 4,rotation_and_reflection,49344,73728.0,55296.0,5952.0,10.76388888888889,24384.0,33.072916666666664,validated_reflection,/home/yj3616/workspace/phd-research/research-notes/max-resource-sweep-20260928/reflection-sweep-20261001/cases/ch8/c16-k16/inception_resnet_v1/fec2ce07f1d2547c0752/design.json,8971305db33408bde11bb2d8415930b4e1cefebd260e5c9629b7fa3206e408fd,"Three-start orientation coordinate search, at most eight passes per start; exact template sizing for each orientation under certified requirements; not global optimum."
inception_resnet_v1,16,4,8,4 × 4,rotation_and_reflection,21504,32768.0,24576.0,3072.0,12.5,11264.0,34.375,validated_reflection,/home/yj3616/workspace/phd-research/research-notes/max-resource-sweep-20260928/reflection-sweep-20261001/cases/ch8/c16-k4/inception_resnet_v1/311422cddac9df27f4b3/design.json,70430177ad5f3e277f0d6235b9fa8a05549767add45f129878163b5b53f6f5ae,"Three-start orientation coordinate search, at most eight passes per start; exact template sizing for each orientation under certified requirements; not global optimum."
inception_resnet_v1,16,1,8,4 × 4,rotation_and_reflection,18432,32768.0,24576.0,6144.0,25.0,14336.0,43.75,validated_reflection,/home/yj3616/workspace/phd-research/research-notes/max-resource-sweep-20260928/reflection-sweep-20261001/cases/ch8/c16-k1/inception_resnet_v1/7e893997eb5fbd59a237/design.json,f4eb5fbb27af945ea08567c4f2026d04443fe72fd94add86568f148f11547607,"Three-start orientation coordinate search, at most eight passes per start; exact template sizing for each orientation under certified requirements; not global optimum."
inception_resnet_v1,32,16,8,4 × 8,rotation_and_reflection,93952,147456.0,119808.0,25856.0,21.581196581196583,53504.0,36.28472222222222,validated_reflection,/home/yj3616/workspace/phd-research/research-notes/max-resource-sweep-20260928/reflection-sweep-20261001/cases/ch8/c32-k16/inception_resnet_v1/949e1dea1a1367e54389/design.json,46cc222cda445b35129fe2d74df067074a096e1b93961afcaf902a908afe9368,"Three-start orientation coordinate search, at most eight passes per start; exact template sizing for each orientation under certified requirements; not global optimum."
inception_resnet_v1,32,4,8,4 × 8,rotation_and_reflection,55808,81920.0,66560.0,10752.0,16.153846153846153,26112.0,31.875,validated_reflection,/home/yj3616/workspace/phd-research/research-notes/max-resource-sweep-20260928/reflection-sweep-20261001/cases/ch8/c32-k4/inception_resnet_v1/630a5f1c2f640b5b6822/design.json,ebce2a481bd365121eada5c7da3b8f7a3e501a8763d50d1a62fe54a2b35ad61e,"Three-start orientation coordinate search, at most eight passes per start; exact template sizing for each orientation under certified requirements; not global optimum."
inception_resnet_v1,32,1,8,4 × 8,rotation_and_reflection,54528,81920.0,66560.0,12032.0,18.076923076923077,27392.0,33.4375,validated_reflection,/home/yj3616/workspace/phd-research/research-notes/max-resource-sweep-20260928/reflection-sweep-20261001/cases/ch8/c32-k1/inception_resnet_v1/7b7c581775935378c45a/design.json,de0734c9cdaaec62d9fa0271d3035460f060275d3a11bc0ea5c6cbf77a26e265,"Three-start orientation coordinate search, at most eight passes per start; exact template sizing for each orientation under certified requirements; not global optimum."
inception_resnet_v1,64,16,8,8 × 8,rotation_and_reflection,193152,294912.0,258048.0,64896.0,25.148809523809526,101760.0,34.505208333333336,validated_reflection,/home/yj3616/workspace/phd-research/research-notes/max-resource-sweep-20260928/reflection-sweep-20261001/cases/ch8/c64-k16/inception_resnet_v1/74f537d21df0039e48d7/design.json,caf872e256e62fba252c95b3cd3093ba22801499e557dfe841cba090ce7743dd,"Three-start orientation coordinate search, at most eight passes per start; exact template sizing for each orientation under certified requirements; not global optimum."
inception_resnet_v1,64,4,8,8 × 8,rotation_and_reflection,127744,163840.0,143360.0,15616.0,10.892857142857142,36096.0,22.03125,validated_reflection,/home/yj3616/workspace/phd-research/research-notes/max-resource-sweep-20260928/reflection-sweep-20261001/cases/ch8/c64-k4/inception_resnet_v1/d054f42285f63739b2d6/design.json,0685c3df721a1e63a64fdd320cf218621f811c4a1a23f416423930a9eb621f31,"Three-start orientation coordinate search, at most eight passes per start; exact template sizing for each orientation under certified requirements; not global optimum."
inception_resnet_v1,64,1,8,8 × 8,rotation_and_reflection,93696,131072.0,114688.0,20992.0,18.303571428571427,37376.0,28.515625,validated_reflection,/home/yj3616/workspace/phd-research/research-notes/max-resource-sweep-20260928/reflection-sweep-20261001/cases/ch8/c64-k1/inception_resnet_v1/ece333339285048c0626/design.json,997ca7cd4d8f08a68370dbb929626ef4a2e303e2d073174d050152348a8288a2,"Three-start orientation coordinate search, at most eight passes per start; exact template sizing for each orientation under certified requirements; not global optimum."
inception_resnet_v1,128,16,8,8 × 16,rotation_and_reflection,,,,,,,,not_computed,,,
inception_resnet_v1,128,4,8,8 × 16,rotation_and_reflection,226944,327680.0,296960.0,70016.0,23.57758620689655,100736.0,30.7421875,validated_reflection,/home/yj3616/workspace/phd-research/research-notes/max-resource-sweep-20260928/reflection-sweep-20261001/cases/ch8/c128-k4/inception_resnet_v1/b325f3d005ca5fb22a8c/design.json,0371ff13d5348fdbf9404abf78590a3d446993e4db9dd161c6c1c90b2867e708,"Three-start orientation coordinate search, at most eight passes per start; exact template sizing for each orientation under certified requirements; not global optimum."
inception_resnet_v1,128,1,8,8 × 16,rotation_and_reflection,153600,196608.0,178176.0,24576.0,13.793103448275861,43008.0,21.875,validated_reflection,/home/yj3616/workspace/phd-research/research-notes/max-resource-sweep-20260928/reflection-sweep-20261001/cases/ch8/c128-k1/inception_resnet_v1/9e91069962cc4767fcee/design.json,f5a233ee430b270ac5774d65cddf1b99a8a79c459268929d7592996d6f9c4f91,"Three-start orientation coordinate search, at most eight passes per start; exact template sizing for each orientation under certified requirements; not global optimum."
inception_resnet_v1,256,16,8,16 × 16,rotation_and_reflection,,,,,,,,not_computed,,,
inception_resnet_v1,256,4,8,16 × 16,rotation_and_reflection,440320,655360.0,614400.0,174080.0,28.333333333333332,215040.0,32.8125,validated_reflection,/home/yj3616/workspace/phd-research/research-notes/max-resource-sweep-20260928/reflection-sweep-20261001/cases/ch8/c256-k4/inception_resnet_v1/928d5dc7a27aa4df0f66/design.json,be059babdaee24d8c54496109e40196b5571a092e74a508ca5c82beeb2ccc615,"Three-start orientation coordinate search, at most eight passes per start; exact template sizing for each orientation under certified requirements; not global optimum."
inception_resnet_v1,256,1,8,16 × 16,rotation_and_reflection,432896,524288.0,491520.0,58624.0,11.927083333333334,91392.0,17.431640625,validated_reflection,/home/yj3616/workspace/phd-research/research-notes/max-resource-sweep-20260928/reflection-sweep-20261001/cases/ch8/c256-k1/inception_resnet_v1/285371583e9c06894ead/design.json,628c138fd0b15207e45c49a5fa69a387c895e7b9b8d25066c50b1b82bf967a97,"Three-start orientation coordinate search, at most eight passes per start; exact template sizing for each orientation under certified requirements; not global optimum."
inception_resnet_v1,512,16,8,16 × 32,rotation_and_reflection,,,,,,,,not_computed,,,
inception_resnet_v1,512,4,8,16 × 32,rotation_and_reflection,,,,,,,,not_computed,,,
inception_resnet_v1,512,1,8,16 × 32,rotation_and_reflection,1178624,2097152.0,1998848.0,820224.0,41.03483606557377,918528.0,43.798828125,validated_reflection,/home/yj3616/workspace/phd-research/research-notes/max-resource-sweep-20260928/reflection-sweep-20261001/cases/ch8/c512-k1/inception_resnet_v1/eda40af61975b74c930d/design.json,c514b47acfe8d974af9853677ff265608390603971c34654894409054c1be38c,"Three-start orientation coordinate search, at most eight passes per start; exact template sizing for each orientation under certified requirements; not global optimum."
inception_resnet_v1,1024,16,8,32 × 32,rotation_and_reflection,,,,,,,,not_computed,,,
inception_resnet_v1,1024,4,8,32 × 32,rotation_and_reflection,,,,,,,,not_computed,,,
inception_resnet_v1,1024,1,8,32 × 32,rotation_and_reflection,2466816,4194304.0,4063232.0,1596416.0,39.28931451612903,1727488.0,41.1865234375,validated_reflection,/home/yj3616/workspace/phd-research/research-notes/max-resource-sweep-20260928/reflection-sweep-20261001/cases/ch8/c1024-k1/inception_resnet_v1/62591960e33565d89c5a/design.json,c86be085061afd4ea792472763e43a957c5a622387841333573df03b4360a3aa,"Three-start orientation coordinate search, at most eight passes per start; exact template sizing for each orientation under certified requirements; not global optimum."
gnmt,4,16,8,2 × 2,rotation_and_reflection,8448,22528.0,11264.0,2816.0,25.0,14080.0,62.5,validated_reflection,/home/yj3616/workspace/phd-research/research-notes/max-resource-sweep-20260928/reflection-sweep-20261001/cases/ch8/c4-k16/gnmt/7793d275a270af06a4aa/design.json,240ccdee87857d838edc4e8946d6250f234bdf65ded7a1552312909ede0c3757,Exact enumeration of 16 legal rotation/reflection assignments for fixed mappings and certified channel requirements.
gnmt,4,4,8,2 × 2,rotation_and_reflection,4352,10240.0,5120.0,768.0,15.0,5888.0,57.5,validated_reflection,/home/yj3616/workspace/phd-research/research-notes/max-resource-sweep-20260928/reflection-sweep-20261001/cases/ch8/c4-k4/gnmt/fdd04700685584f57bfc/design.json,d21a098f356e4703f792651fa60aa181b17fa680bafa02e320903c96722d4979,Exact enumeration of 16 legal rotation/reflection assignments for fixed mappings and certified channel requirements.
gnmt,4,1,8,2 × 2,rotation_and_reflection,2048,4096.0,2048.0,0.0,0.0,2048.0,50.0,validated_reflection,/home/yj3616/workspace/phd-research/research-notes/max-resource-sweep-20260928/reflection-sweep-20261001/cases/ch8/c4-k1/gnmt/164cfba0cb765d681950/design.json,7d4e66773a7ba137e97be0a143b6d13410c9d9fe37c17080d1c08726faaa7dd7,Exact enumeration of 16 legal rotation/reflection assignments for fixed mappings and certified channel requirements.
gnmt,8,16,8,2 × 4,rotation_and_reflection,16128,40960.0,25600.0,9472.0,37.0,24832.0,60.625,validated_reflection,/home/yj3616/workspace/phd-research/research-notes/max-resource-sweep-20260928/reflection-sweep-20261001/cases/ch8/c8-k16/gnmt/977835c611b09c2a24ec/design.json,ea802c1038775e8aadb2770bea868ea6a5cea2a8034801c7c4dbd3b654f1925b,"Three-start orientation coordinate search, at most eight passes per start; exact template sizing for each orientation under certified requirements; not global optimum."
gnmt,8,4,8,2 × 4,rotation_and_reflection,9728,20480.0,12800.0,3072.0,24.0,10752.0,52.5,validated_reflection,/home/yj3616/workspace/phd-research/research-notes/max-resource-sweep-20260928/reflection-sweep-20261001/cases/ch8/c8-k4/gnmt/88b474389cd76e7d8ca1/design.json,54cb68e961d45ad2bef18546a017d399b603c9c1066db35d115a1cfe2c800bff,"Three-start orientation coordinate search, at most eight passes per start; exact template sizing for each orientation under certified requirements; not global optimum."
gnmt,8,1,8,2 × 4,rotation_and_reflection,7168,16384.0,10240.0,3072.0,30.0,9216.0,56.25,validated_reflection,/home/yj3616/workspace/phd-research/research-notes/max-resource-sweep-20260928/reflection-sweep-20261001/cases/ch8/c8-k1/gnmt/10a304830efbf0299ae3/design.json,62407045e5392f9ab30ec72c32de3c9494f1695ea04bc778cdb4e44fd07aaf60,"Three-start orientation coordinate search, at most eight passes per start; exact template sizing for each orientation under certified requirements; not global optimum."
gnmt,16,16,8,4 × 4,rotation_and_reflection,45376,73728.0,55296.0,9920.0,17.939814814814813,28352.0,38.454861111111114,validated_reflection,/home/yj3616/workspace/phd-research/research-notes/max-resource-sweep-20260928/reflection-sweep-20261001/cases/ch8/c16-k16/gnmt/47a29f02dc07e2acc8c3/design.json,f2533481c7bcb2bf05bf2c2da525a624dbd87c69f9e26294f082a175cdcbe63c,"Three-start orientation coordinate search, at most eight passes per start; exact template sizing for each orientation under certified requirements; not global optimum."
gnmt,16,4,8,4 × 4,rotation_and_reflection,27392,49152.0,36864.0,9472.0,25.694444444444443,21760.0,44.270833333333336,validated_reflection,/home/yj3616/workspace/phd-research/research-notes/max-resource-sweep-20260928/reflection-sweep-20261001/cases/ch8/c16-k4/gnmt/06bc8150df752166a882/design.json,04eb65852d7cc6a7eaf456ad6436fcfed3c88233218c407b51420783322b8ecf,"Three-start orientation coordinate search, at most eight passes per start; exact template sizing for each orientation under certified requirements; not global optimum."
gnmt,16,1,8,4 × 4,rotation_and_reflection,18432,32768.0,24576.0,6144.0,25.0,14336.0,43.75,validated_reflection,/home/yj3616/workspace/phd-research/research-notes/max-resource-sweep-20260928/reflection-sweep-20261001/cases/ch8/c16-k1/gnmt/0c3d90e5afa7fb255601/design.json,f9aa80f2ac8b004f70585cc266b13c836435173c0fa9c76ad2f02d1f1c20c956,"Three-start orientation coordinate search, at most eight passes per start; exact template sizing for each orientation under certified requirements; not global optimum."
gnmt,32,16,8,4 × 8,rotation_and_reflection,85632,147456.0,119808.0,34176.0,28.525641025641026,61824.0,41.927083333333336,validated_reflection,/home/yj3616/workspace/phd-research/research-notes/max-resource-sweep-20260928/reflection-sweep-20261001/cases/ch8/c32-k16/gnmt/cefbf1769570b2eb9992/design.json,3dcfb6940d20570d2ba4e08968f7a0cd6ee4330bcebca2ea9f0695f9b559b001,"Three-start orientation coordinate search, at most eight passes per start; exact template sizing for each orientation under certified requirements; not global optimum."
gnmt,32,4,8,4 × 8,rotation_and_reflection,53888,81920.0,66560.0,12672.0,19.03846153846154,28032.0,34.21875,validated_reflection,/home/yj3616/workspace/phd-research/research-notes/max-resource-sweep-20260928/reflection-sweep-20261001/cases/ch8/c32-k4/gnmt/41f041f2436a017f7dfc/design.json,29b287e721fd8677e8d9c98243c27ca9430ae9918ab9d169c4a68c0d1df58f2d,"Three-start orientation coordinate search, at most eight passes per start; exact template sizing for each orientation under certified requirements; not global optimum."
gnmt,32,1,8,4 × 8,rotation_and_reflection,55296,81920.0,66560.0,11264.0,16.923076923076923,26624.0,32.5,validated_reflection,/home/yj3616/workspace/phd-research/research-notes/max-resource-sweep-20260928/reflection-sweep-20261001/cases/ch8/c32-k1/gnmt/cf717a51e904ee8a83b3/design.json,2d48458bffb1ccb03f97849d25c2d7ecde91a59c981992efd56fca6f57d0a414,"Three-start orientation coordinate search, at most eight passes per start; exact template sizing for each orientation under certified requirements; not global optimum."
gnmt,64,16,8,8 × 8,rotation_and_reflection,174656,294912.0,258048.0,83392.0,32.31646825396825,120256.0,40.77690972222222,validated_reflection,/home/yj3616/workspace/phd-research/research-notes/max-resource-sweep-20260928/reflection-sweep-20261001/cases/ch8/c64-k16/gnmt/46a67baab32f13ed2f66/design.json,9b6fd101f346d11c1cd89f984fe9b3a219da705e6c494195255a12f3d14688d9,"Three-start orientation coordinate search, at most eight passes per start; exact template sizing for each orientation under certified requirements; not global optimum."
gnmt,64,4,8,8 × 8,rotation_and_reflection,119936,163840.0,143360.0,23424.0,16.339285714285715,43904.0,26.796875,validated_reflection,/home/yj3616/workspace/phd-research/research-notes/max-resource-sweep-20260928/reflection-sweep-20261001/cases/ch8/c64-k4/gnmt/373f3b31b0f2d99affd2/design.json,80ac58c41545a990f6cb74875464a4409b92ecb54f90f200070587e00e8b2ef3,"Three-start orientation coordinate search, at most eight passes per start; exact template sizing for each orientation under certified requirements; not global optimum."
gnmt,64,1,8,8 × 8,rotation_and_reflection,155136,229376.0,200704.0,45568.0,22.70408163265306,74240.0,32.36607142857143,validated_reflection,/home/yj3616/workspace/phd-research/research-notes/max-resource-sweep-20260928/reflection-sweep-20261001/cases/ch8/c64-k1/gnmt/be4931cabc1d79ec7c73/design.json,dbd1251682161f0fed2112ba54937eefc54a3a39ceebad05bd275dca5b66a582,"Three-start orientation coordinate search, at most eight passes per start; exact template sizing for each orientation under certified requirements; not global optimum."
gnmt,128,16,8,8 × 16,rotation_and_reflection,311680,589824.0,534528.0,222848.0,41.690613026819925,278144.0,47.15711805555556,validated_reflection,/home/yj3616/workspace/phd-research/research-notes/max-resource-sweep-20260928/reflection-sweep-20261001/cases/ch8/c128-k16/gnmt/89c74c2af699b91704cf/design.json,984212684454e7bdd874150ee095b131c8e784124ea2b828033c7675039903c3,"Three-start orientation coordinate search, at most eight passes per start; exact template sizing for each orientation under certified requirements; not global optimum."
gnmt,128,4,8,8 × 16,rotation_and_reflection,230400,327680.0,296960.0,66560.0,22.413793103448278,97280.0,29.6875,validated_reflection,/home/yj3616/workspace/phd-research/research-notes/max-resource-sweep-20260928/reflection-sweep-20261001/cases/ch8/c128-k4/gnmt/bca7231312080cbe0c1c/design.json,abbf9d12f09a445d80efee394c991ab765afd95189e5df0809475b9523229038,"Three-start orientation coordinate search, at most eight passes per start; exact template sizing for each orientation under certified requirements; not global optimum."
gnmt,128,1,8,8 × 16,rotation_and_reflection,343552,589824.0,534528.0,190976.0,35.727969348659,246272.0,41.75347222222222,validated_reflection,/home/yj3616/workspace/phd-research/research-notes/max-resource-sweep-20260928/reflection-sweep-20261001/cases/ch8/c128-k1/gnmt/061f321a5ea54729b12d/design.json,4c31808d2b9834da7ae3f4db402c0ebe0df45d1434ed233722126f4c1f480802,"Three-start orientation coordinate search, at most eight passes per start; exact template sizing for each orientation under certified requirements; not global optimum."
gnmt,256,16,8,16 × 16,rotation_and_reflection,651328,1048576.0,983040.0,331712.0,33.743489583333336,397248.0,37.884521484375,validated_reflection,/home/yj3616/workspace/phd-research/research-notes/max-resource-sweep-20260928/reflection-sweep-20261001/cases/ch8/c256-k16/gnmt/422f58f28fb751f3bd86/design.json,94124195a15ca9ff78573a8430bfbf596ab8d87db1f09cc27da592689dd25045,"Three-start orientation coordinate search, at most eight passes per start; exact template sizing for each orientation under certified requirements; not global optimum."
gnmt,256,4,8,16 × 16,rotation_and_reflection,396800,655360.0,614400.0,217600.0,35.416666666666664,258560.0,39.453125,validated_reflection,/home/yj3616/workspace/phd-research/research-notes/max-resource-sweep-20260928/reflection-sweep-20261001/cases/ch8/c256-k4/gnmt/7d02351d8eb80b773eb5/design.json,0ed27d461fbc9da18682b646c01e6792df527d69938b2c9c57840cfc3ad3e41f,"Three-start orientation coordinate search, at most eight passes per start; exact template sizing for each orientation under certified requirements; not global optimum."
gnmt,256,1,8,16 × 16,rotation_and_reflection,784128,1179648.0,1105920.0,321792.0,29.09722222222222,395520.0,33.528645833333336,validated_reflection,/home/yj3616/workspace/phd-research/research-notes/max-resource-sweep-20260928/reflection-sweep-20261001/cases/ch8/c256-k1/gnmt/ccf4f043f56cae466af7/design.json,96f7ef3c86546a83f1d65c6241ccddf50ca39e2695f23e7552acf37e5621f020,"Three-start orientation coordinate search, at most eight passes per start; exact template sizing for each orientation under certified requirements; not global optimum."
gnmt,512,16,8,16 × 32,rotation_and_reflection,1285120,2359296.0,2248704.0,963584.0,42.85063752276867,1074176.0,45.529513888888886,validated_reflection,/home/yj3616/workspace/phd-research/research-notes/max-resource-sweep-20260928/reflection-sweep-20261001/cases/ch8/c512-k16/gnmt/46452d302671a3fc67ff/design.json,3015bb26d75219f27faa2c2a97f4313b992d4e727d1eefc75d0a45a16c7fa65a,"Three-start orientation coordinate search, at most eight passes per start; exact template sizing for each orientation under certified requirements; not global optimum."
gnmt,512,4,8,16 × 32,rotation_and_reflection,651264,1310720.0,1249280.0,598016.0,47.868852459016395,659456.0,50.3125,validated_reflection,/home/yj3616/workspace/phd-research/research-notes/max-resource-sweep-20260928/reflection-sweep-20261001/cases/ch8/c512-k4/gnmt/f84e44952244406a2d48/design.json,8388e0762003576bf768e5fa2baf455a7d34d3b012df7a895c93f75a1f650c7a,"Three-start orientation coordinate search, at most eight passes per start; exact template sizing for each orientation under certified requirements; not global optimum."
gnmt,512,1,8,16 × 32,rotation_and_reflection,1522944,2359296.0,2248704.0,725760.0,32.27459016393443,836352.0,35.44921875,validated_reflection,/home/yj3616/workspace/phd-research/research-notes/max-resource-sweep-20260928/reflection-sweep-20261001/cases/ch8/c512-k1/gnmt/caeebc889f3ae95c8972/design.json,d48d5641960df4035412010206aa35fb256b05372431660f5dc628581b6fdb56,"Three-start orientation coordinate search, at most eight passes per start; exact template sizing for each orientation under certified requirements; not global optimum."
gnmt,1024,16,8,32 × 32,rotation_and_reflection,,,,,,,,not_computed,,,
gnmt,1024,4,8,32 × 32,rotation_and_reflection,1414272,2097152.0,2031616.0,617344.0,30.386844758064516,682880.0,32.562255859375,validated_reflection,/home/yj3616/workspace/phd-research/research-notes/max-resource-sweep-20260928/reflection-sweep-20261001/cases/ch8/c1024-k4/gnmt/6be2f8b9cb20b682e736/design.json,07cf730effb6a96c326846dad225bfcd75898c451eb80b6890232730a8104c32,"Three-start orientation coordinate search, at most eight passes per start; exact template sizing for each orientation under certified requirements; not global optimum."
gnmt,1024,1,8,32 × 32,rotation_and_reflection,1552384,2621440.0,2539520.0,987136.0,38.87096774193548,1069056.0,40.78125,validated_reflection,/home/yj3616/workspace/phd-research/research-notes/max-resource-sweep-20260928/reflection-sweep-20261001/cases/ch8/c1024-k1/gnmt/debfb93297bace68b951/design.json,e699b4b40508325c7677ce002f6c11492a296ec9b730adae82e967d49586b39d,"Three-start orientation coordinate search, at most eight passes per start; exact template sizing for each orientation under certified requirements; not global optimum."
lstm,4,16,8,2 × 2,rotation_and_reflection,8576,22528.0,11264.0,2688.0,23.863636363636363,13952.0,61.93181818181818,validated_reflection,/home/yj3616/workspace/phd-research/research-notes/max-resource-sweep-20260928/reflection-sweep-20261001/cases/ch8/c4-k16/lstm/6ae1f9679b26ca93a209/design.json,ba777a444b91329ee18b92bebeaec3f358777e552c519c698f40fa2a760ff2f0,Exact enumeration of 16 legal rotation/reflection assignments for fixed mappings and certified channel requirements.
lstm,4,4,8,2 × 2,rotation_and_reflection,4352,10240.0,5120.0,768.0,15.0,5888.0,57.5,validated_reflection,/home/yj3616/workspace/phd-research/research-notes/max-resource-sweep-20260928/reflection-sweep-20261001/cases/ch8/c4-k4/lstm/15989a07b488915d09a2/design.json,beb20a728609a133a34f5253fb5e79491c3eca85eacc9e8073ccf060bba197bb,Exact enumeration of 16 legal rotation/reflection assignments for fixed mappings and certified channel requirements.
lstm,4,1,8,2 × 2,rotation_and_reflection,2048,4096.0,2048.0,0.0,0.0,2048.0,50.0,validated_reflection,/home/yj3616/workspace/phd-research/research-notes/max-resource-sweep-20260928/reflection-sweep-20261001/cases/ch8/c4-k1/lstm/b643026862b110292a99/design.json,7faa4c65d9f0c1af6f789a61e6e24987174a09dbb8222ac9686f66e858894246,Exact enumeration of 16 legal rotation/reflection assignments for fixed mappings and certified channel requirements.
lstm,8,16,8,2 × 4,rotation_and_reflection,16128,40960.0,25600.0,9472.0,37.0,24832.0,60.625,validated_reflection,/home/yj3616/workspace/phd-research/research-notes/max-resource-sweep-20260928/reflection-sweep-20261001/cases/ch8/c8-k16/lstm/1d039b57f4e3f9a3c07a/design.json,a91007a53167093d5f3548487250b2a8bbfb0cfa5dc86e060524b4aa024a8685,"Three-start orientation coordinate search, at most eight passes per start; exact template sizing for each orientation under certified requirements; not global optimum."
lstm,8,4,8,2 × 4,rotation_and_reflection,9728,20480.0,12800.0,3072.0,24.0,10752.0,52.5,validated_reflection,/home/yj3616/workspace/phd-research/research-notes/max-resource-sweep-20260928/reflection-sweep-20261001/cases/ch8/c8-k4/lstm/7ede6c68a001b5d5d590/design.json,d5b5d9fb2f55cc66be14b977712ab6d52ba514ae56d13850de7aa5f9cb05fb53,"Three-start orientation coordinate search, at most eight passes per start; exact template sizing for each orientation under certified requirements; not global optimum."
lstm,8,1,8,2 × 4,rotation_and_reflection,7168,16384.0,10240.0,3072.0,30.0,9216.0,56.25,validated_reflection,/home/yj3616/workspace/phd-research/research-notes/max-resource-sweep-20260928/reflection-sweep-20261001/cases/ch8/c8-k1/lstm/f41b09775f512410ca10/design.json,b0b6e67e2a0c81c893267ed271d852054bd211d8108d3abab66624280b6bb046,"Three-start orientation coordinate search, at most eight passes per start; exact template sizing for each orientation under certified requirements; not global optimum."
lstm,16,16,8,4 × 4,rotation_and_reflection,43648,73728.0,55296.0,11648.0,21.064814814814813,30080.0,40.798611111111114,validated_reflection,/home/yj3616/workspace/phd-research/research-notes/max-resource-sweep-20260928/reflection-sweep-20261001/cases/ch8/c16-k16/lstm/b473acd2dc4f8c4cf9f1/design.json,f77ee1dddb1e9e6a9ed52813d7cad09f82a304f4afd9fac11ef29ad7a9bac2e3,"Three-start orientation coordinate search, at most eight passes per start; exact template sizing for each orientation under certified requirements; not global optimum."
lstm,16,4,8,4 × 4,rotation_and_reflection,27648,49152.0,36864.0,9216.0,25.0,21504.0,43.75,validated_reflection,/home/yj3616/workspace/phd-research/research-notes/max-resource-sweep-20260928/reflection-sweep-20261001/cases/ch8/c16-k4/lstm/3c363d87b5e726682742/design.json,eca71f260d09ccf7e170a1a0f0be7da5529706c510c0830741b1882afb4c3d77,"Three-start orientation coordinate search, at most eight passes per start; exact template sizing for each orientation under certified requirements; not global optimum."
lstm,16,1,8,4 × 4,rotation_and_reflection,18432,32768.0,24576.0,6144.0,25.0,14336.0,43.75,validated_reflection,/home/yj3616/workspace/phd-research/research-notes/max-resource-sweep-20260928/reflection-sweep-20261001/cases/ch8/c16-k1/lstm/e0f7435aa070799cdabc/design.json,12b879770ca261450d18737d272468e02438c9a0b8ec779a5f79819b76c28519,"Three-start orientation coordinate search, at most eight passes per start; exact template sizing for each orientation under certified requirements; not global optimum."
lstm,32,16,8,4 × 8,rotation_and_reflection,85952,147456.0,119808.0,33856.0,28.25854700854701,61504.0,41.71006944444444,validated_reflection,/home/yj3616/workspace/phd-research/research-notes/max-resource-sweep-20260928/reflection-sweep-20261001/cases/ch8/c32-k16/lstm/9d8fe565d8dc5c3bb8e6/design.json,a20a22e048eaf1e9be88e09d668f8d8990ff8e3a139976bd5fc0d3b1761ba779,"Three-start orientation coordinate search, at most eight passes per start; exact template sizing for each orientation under certified requirements; not global optimum."
lstm,32,4,8,4 × 8,rotation_and_reflection,52864,81920.0,66560.0,13696.0,20.576923076923077,29056.0,35.46875,validated_reflection,/home/yj3616/workspace/phd-research/research-notes/max-resource-sweep-20260928/reflection-sweep-20261001/cases/ch8/c32-k4/lstm/897d46e368575f58f9dd/design.json,bad424d51f8718b4b55fdadebf02492a8ae9adf0e6819930dfe4790241974327,"Three-start orientation coordinate search, at most eight passes per start; exact template sizing for each orientation under certified requirements; not global optimum."
lstm,32,1,8,4 × 8,rotation_and_reflection,55296,81920.0,66560.0,11264.0,16.923076923076923,26624.0,32.5,validated_reflection,/home/yj3616/workspace/phd-research/research-notes/max-resource-sweep-20260928/reflection-sweep-20261001/cases/ch8/c32-k1/lstm/a265babede19b267b606/design.json,b922596fbe13fe439689d9dc76ebf29e15f398c3c00789a5b8ea56dec12b2715,"Three-start orientation coordinate search, at most eight passes per start; exact template sizing for each orientation under certified requirements; not global optimum."
lstm,64,16,8,8 × 8,rotation_and_reflection,177856,294912.0,258048.0,80192.0,31.07638888888889,117056.0,39.69184027777778,validated_reflection,/home/yj3616/workspace/phd-research/research-notes/max-resource-sweep-20260928/reflection-sweep-20261001/cases/ch8/c64-k16/lstm/02a56ae54e9e508ffa27/design.json,71bae4bf271cdc9038e9d0c5b55a8832cafcca954cf3b01f32631c6adf8c88ea,"Three-start orientation coordinate search, at most eight passes per start; exact template sizing for each orientation under certified requirements; not global optimum."
lstm,64,4,8,8 × 8,rotation_and_reflection,120960,163840.0,143360.0,22400.0,15.625,42880.0,26.171875,validated_reflection,/home/yj3616/workspace/phd-research/research-notes/max-resource-sweep-20260928/reflection-sweep-20261001/cases/ch8/c64-k4/lstm/fa3a4c4593d8985bd0c0/design.json,252fb42af4d1d17d1537d78fe1569a1fd11548a211af70fc91a63abb033d5a2b,"Three-start orientation coordinate search, at most eight passes per start; exact template sizing for each orientation under certified requirements; not global optimum."
lstm,64,1,8,8 × 8,rotation_and_reflection,155136,229376.0,200704.0,45568.0,22.70408163265306,74240.0,32.36607142857143,validated_reflection,/home/yj3616/workspace/phd-research/research-notes/max-resource-sweep-20260928/reflection-sweep-20261001/cases/ch8/c64-k1/lstm/ae57618b9a35860be5f0/design.json,3044d9c277a7f3497d8f479579de020a7fedcf2f5bef347f611a8522b0311caa,"Three-start orientation coordinate search, at most eight passes per start; exact template sizing for each orientation under certified requirements; not global optimum."
lstm,128,16,8,8 × 16,rotation_and_reflection,321152,589824.0,534528.0,213376.0,39.91858237547893,268672.0,45.55121527777778,validated_reflection,/home/yj3616/workspace/phd-research/research-notes/max-resource-sweep-20260928/reflection-sweep-20261001/cases/ch8/c128-k16/lstm/734789188ef67efad508/design.json,efe0ba7b58cf02b60f1af3bffb0eb185b9ac98cd254ccb873ee132b5c0110d84,"Three-start orientation coordinate search, at most eight passes per start; exact template sizing for each orientation under certified requirements; not global optimum."
lstm,128,4,8,8 × 16,rotation_and_reflection,217216,327680.0,296960.0,79744.0,26.853448275862068,110464.0,33.7109375,validated_reflection,/home/yj3616/workspace/phd-research/research-notes/max-resource-sweep-20260928/reflection-sweep-20261001/cases/ch8/c128-k4/lstm/f159bfcc72957b2cbc91/design.json,d30223085d705e1977d3c80bae2a83aaa33ab6f701e13e8941219c437d42a35a,"Three-start orientation coordinate search, at most eight passes per start; exact template sizing for each orientation under certified requirements; not global optimum."
lstm,128,1,8,8 × 16,rotation_and_reflection,343552,589824.0,534528.0,190976.0,35.727969348659,246272.0,41.75347222222222,validated_reflection,/home/yj3616/workspace/phd-research/research-notes/max-resource-sweep-20260928/reflection-sweep-20261001/cases/ch8/c128-k1/lstm/d0523d2c28bbe9078849/design.json,435bc4284e51ffb6d6d6e03c900093e11736e91d94e1e5949e12931db82e5d46,"Three-start orientation coordinate search, at most eight passes per start; exact template sizing for each orientation under certified requirements; not global optimum."
lstm,256,16,8,16 × 16,rotation_and_reflection,663488,1048576.0,983040.0,319552.0,32.506510416666664,385088.0,36.724853515625,validated_reflection,/home/yj3616/workspace/phd-research/research-notes/max-resource-sweep-20260928/reflection-sweep-20261001/cases/ch8/c256-k16/lstm/8e80d882ad5ff1150e8f/design.json,5d1db20915ee31e6b857fc1a968ae861843fc6132af9883ba5f7ea51527be86f,"Three-start orientation coordinate search, at most eight passes per start; exact template sizing for each orientation under certified requirements; not global optimum."
lstm,256,4,8,16 × 16,rotation_and_reflection,412416,655360.0,614400.0,201984.0,32.875,242944.0,37.0703125,validated_reflection,/home/yj3616/workspace/phd-research/research-notes/max-resource-sweep-20260928/reflection-sweep-20261001/cases/ch8/c256-k4/lstm/1a830020e78c061c0c48/design.json,8a0a58522162171944696aa7cc672d4267768d8e2841e41bb013d71be83e9227,"Three-start orientation coordinate search, at most eight passes per start; exact template sizing for each orientation under certified requirements; not global optimum."
lstm,256,1,8,16 × 16,rotation_and_reflection,977408,1572864.0,1474560.0,497152.0,33.71527777777778,595456.0,37.858072916666664,validated_reflection,/home/yj3616/workspace/phd-research/research-notes/max-resource-sweep-20260928/reflection-sweep-20261001/cases/ch8/c256-k1/lstm/e19aa998e8c23e540783/design.json,3faf3b752840c45c9323112d25a75ded538609a5ee4d99ddacfc477827e88784,"Three-start orientation coordinate search, at most eight passes per start; exact template sizing for each orientation under certified requirements; not global optimum."
lstm,512,16,8,16 × 32,rotation_and_reflection,,,,,,,,not_computed,,,
lstm,512,4,8,16 × 32,rotation_and_reflection,737664,1310720.0,1249280.0,511616.0,40.95286885245902,573056.0,43.720703125,validated_reflection,/home/yj3616/workspace/phd-research/research-notes/max-resource-sweep-20260928/reflection-sweep-20261001/cases/ch8/c512-k4/lstm/906143c2b27e8d1a3190/design.json,c160533461178dda326a5a497c0f877976f789117569bdea42664a943a3e960f,"Three-start orientation coordinate search, at most eight passes per start; exact template sizing for each orientation under certified requirements; not global optimum."
lstm,512,1,8,16 × 32,rotation_and_reflection,1859328,3145728.0,2998272.0,1138944.0,37.986680327868854,1286400.0,40.8935546875,validated_reflection,/home/yj3616/workspace/phd-research/research-notes/max-resource-sweep-20260928/reflection-sweep-20261001/cases/ch8/c512-k1/lstm/9a76f60ef1fb801c27db/design.json,44b2a07ec947b28ee3fbe29b79a6066718b4de44752c73ff2f04f44987168723,"Three-start orientation coordinate search, at most eight passes per start; exact template sizing for each orientation under certified requirements; not global optimum."
lstm,1024,16,8,32 × 32,rotation_and_reflection,,,,,,,,not_computed,,,
lstm,1024,4,8,32 × 32,rotation_and_reflection,1537280,2621440.0,2539520.0,1002240.0,39.465725806451616,1084160.0,41.357421875,validated_reflection,/home/yj3616/workspace/phd-research/research-notes/max-resource-sweep-20260928/reflection-sweep-20261001/cases/ch8/c1024-k4/lstm/9ab6be31d62689b8c6b9/design.json,5d86b34f7db94b19da7d8939cba138fba6d23724e8e3035e97bbc02ee3ec0518,"Three-start orientation coordinate search, at most eight passes per start; exact template sizing for each orientation under certified requirements; not global optimum."
lstm,1024,1,8,32 × 32,rotation_and_reflection,1813504,3145728.0,3047424.0,1233920.0,40.490591397849464,1332224.0,42.350260416666664,validated_reflection,/home/yj3616/workspace/phd-research/research-notes/max-resource-sweep-20260928/reflection-sweep-20261001/cases/ch8/c1024-k1/lstm/ed4b2193d9b6dda0f94c/design.json,ca4cb547fae1e3ac54795e843aba915e6c674e53b8d3f007ea51458cb869420a,"Three-start orientation coordinate search, at most eight passes per start; exact template sizing for each orientation under certified requirements; not global optimum."
transformer,4,16,8,2 × 2,rotation_and_reflection,5120,12288.0,6144.0,1024.0,16.666666666666668,7168.0,58.333333333333336,validated_reflection,/home/yj3616/workspace/phd-research/research-notes/max-resource-sweep-20260928/reflection-sweep-20261001/cases/ch8/c4-k16/transformer/1d57a4b1f15dcd7ec8cf/design.json,8202683b9075f0e86312fd1266f510ece0c6d759764d94ad28f1e4988e6e2862,Exact enumeration of 16 legal rotation/reflection assignments for fixed mappings and certified channel requirements.
transformer,4,4,8,2 × 2,rotation_and_reflection,1536,4096.0,2048.0,512.0,25.0,2560.0,62.5,validated_reflection,/home/yj3616/workspace/phd-research/research-notes/max-resource-sweep-20260928/reflection-sweep-20261001/cases/ch8/c4-k4/transformer/558dcab614cc785f9c20/design.json,1936a2edce2ad47f29fa44c0daa4c0ce8a457f314792b2b9fe48f7c342ad1443,Exact enumeration of 16 legal rotation/reflection assignments for fixed mappings and certified channel requirements.
transformer,4,1,8,2 × 2,rotation_and_reflection,1024,2048.0,1024.0,0.0,0.0,1024.0,50.0,validated_reflection,/home/yj3616/workspace/phd-research/research-notes/max-resource-sweep-20260928/reflection-sweep-20261001/cases/ch8/c4-k1/transformer/c38cf791fab24f4d958a/design.json,798464ff6590d70f35b820c12aa461e06c7352f0ed45d2b708a55583eba18ee3,Exact enumeration of 16 legal rotation/reflection assignments for fixed mappings and certified channel requirements.
transformer,8,16,8,2 × 4,rotation_and_reflection,11264,24576.0,15360.0,4096.0,26.666666666666668,13312.0,54.166666666666664,validated_reflection,/home/yj3616/workspace/phd-research/research-notes/max-resource-sweep-20260928/reflection-sweep-20261001/cases/ch8/c8-k16/transformer/75cb8bb0506e2b77e617/design.json,ec59af075c74e2fe2f5682f55e8447e125eb303d1c3111f05d5fdc788b5b98da,"Three-start orientation coordinate search, at most eight passes per start; exact template sizing for each orientation under certified requirements; not global optimum."
transformer,8,4,8,2 × 4,rotation_and_reflection,5120,8192.0,5120.0,0.0,0.0,3072.0,37.5,validated_reflection,/home/yj3616/workspace/phd-research/research-notes/max-resource-sweep-20260928/reflection-sweep-20261001/cases/ch8/c8-k4/transformer/23aa0f0935699f456939/design.json,5780b708167d1bf1abacc627276b6c9fed2446e6c598360185006d7cbc9794bf,"Three-start orientation coordinate search, at most eight passes per start; exact template sizing for each orientation under certified requirements; not global optimum."
transformer,8,1,8,2 × 4,rotation_and_reflection,2560,4096.0,2560.0,0.0,0.0,1536.0,37.5,validated_reflection,/home/yj3616/workspace/phd-research/research-notes/max-resource-sweep-20260928/reflection-sweep-20261001/cases/ch8/c8-k1/transformer/92237f790c356c97d9a5/design.json,e47fefa6347d1775f336e61687cb4a307dd8b26f0f56821621dc4ee1c657a06f,"Three-start orientation coordinate search, at most eight passes per start; exact template sizing for each orientation under certified requirements; not global optimum."
transformer,16,16,8,4 × 4,rotation_and_reflection,42496,73728.0,55296.0,12800.0,23.14814814814815,31232.0,42.361111111111114,validated_reflection,/home/yj3616/workspace/phd-research/research-notes/max-resource-sweep-20260928/reflection-sweep-20261001/cases/ch8/c16-k16/transformer/324d832bb97098ec8c88/design.json,9dc3cfa9067f8f321a1c4acd3fb7ec7047c914c9dc5dad018f75aff6c6b582ca,"Three-start orientation coordinate search, at most eight passes per start; exact template sizing for each orientation under certified requirements; not global optimum."
transformer,16,4,8,4 × 4,rotation_and_reflection,18944,32768.0,24576.0,5632.0,22.916666666666668,13824.0,42.1875,validated_reflection,/home/yj3616/workspace/phd-research/research-notes/max-resource-sweep-20260928/reflection-sweep-20261001/cases/ch8/c16-k4/transformer/713fdb143bdbc5918eb7/design.json,b0d24c97dbed74bbbd495c6dcf1999452a919fb590a0929b8fc09640a649bc7e,"Three-start orientation coordinate search, at most eight passes per start; exact template sizing for each orientation under certified requirements; not global optimum."
transformer,16,1,8,4 × 4,rotation_and_reflection,6144,8192.0,6144.0,0.0,0.0,2048.0,25.0,validated_reflection,/home/yj3616/workspace/phd-research/research-notes/max-resource-sweep-20260928/reflection-sweep-20261001/cases/ch8/c16-k1/transformer/8d8ded40e57058b300e6/design.json,817db136f3e012c4c0348cb6acc9bc52bc59f25d5e9a91a6094235d21d00e31d,"Three-start orientation coordinate search, at most eight passes per start; exact template sizing for each orientation under certified requirements; not global optimum."
transformer,32,16,8,4 × 8,rotation_and_reflection,80384,131072.0,106496.0,26112.0,24.51923076923077,50688.0,38.671875,validated_reflection,/home/yj3616/workspace/phd-research/research-notes/max-resource-sweep-20260928/reflection-sweep-20261001/cases/ch8/c32-k16/transformer/db0b7a8d33430f5a5bbd/design.json,a722a03d3758b0cde3f29162d5b9c89d01bd8f9dd614a6434c3efdc84b2907ac,"Three-start orientation coordinate search, at most eight passes per start; exact template sizing for each orientation under certified requirements; not global optimum."
transformer,32,4,8,4 × 8,rotation_and_reflection,40448,65536.0,53248.0,12800.0,24.03846153846154,25088.0,38.28125,validated_reflection,/home/yj3616/workspace/phd-research/research-notes/max-resource-sweep-20260928/reflection-sweep-20261001/cases/ch8/c32-k4/transformer/da15a4eb76ce51ad777b/design.json,1b5c77659cdf881bca9c760d3d889c66e899c54389a42f7819d6fe282db1b1af,"Three-start orientation coordinate search, at most eight passes per start; exact template sizing for each orientation under certified requirements; not global optimum."
transformer,32,1,8,4 × 8,rotation_and_reflection,13312,16384.0,13312.0,0.0,0.0,3072.0,18.75,validated_reflection,/home/yj3616/workspace/phd-research/research-notes/max-resource-sweep-20260928/reflection-sweep-20261001/cases/ch8/c32-k1/transformer/4df518affd7e670f926a/design.json,fbc7c109f7ccff07f4ed978ddfca0fbfbe4263713642f587aa31da0ec0e344d8,"Three-start orientation coordinate search, at most eight passes per start; exact template sizing for each orientation under certified requirements; not global optimum."
transformer,64,16,8,8 × 8,rotation_and_reflection,202368,294912.0,258048.0,55680.0,21.577380952380953,92544.0,31.380208333333332,validated_reflection,/home/yj3616/workspace/phd-research/research-notes/max-resource-sweep-20260928/reflection-sweep-20261001/cases/ch8/c64-k16/transformer/e7b1cfb60742bd068180/design.json,87815df5b1464e4d6b645f1fdbb5b83a0344df4db81804fab830c1ba50df33e1,"Three-start orientation coordinate search, at most eight passes per start; exact template sizing for each orientation under certified requirements; not global optimum."
transformer,64,4,8,8 × 8,rotation_and_reflection,118784,163840.0,143360.0,24576.0,17.142857142857142,45056.0,27.5,validated_reflection,/home/yj3616/workspace/phd-research/research-notes/max-resource-sweep-20260928/reflection-sweep-20261001/cases/ch8/c64-k4/transformer/1b846147ebefb2989a64/design.json,639ddbfea3169d19791406e8113d17f42bea058c83972b3b2bf501fad9b9d15a,"Three-start orientation coordinate search, at most eight passes per start; exact template sizing for each orientation under certified requirements; not global optimum."
transformer,64,1,8,8 × 8,rotation_and_reflection,48128,65536.0,57344.0,9216.0,16.071428571428573,17408.0,26.5625,validated_reflection,/home/yj3616/workspace/phd-research/research-notes/max-resource-sweep-20260928/reflection-sweep-20261001/cases/ch8/c64-k1/transformer/1cbc117256c9af49acf8/design.json,175f752b8933c206899e602088e4947d370a95ec84a9bc02930e4cd9b5acd94f,"Three-start orientation coordinate search, at most eight passes per start; exact template sizing for each orientation under certified requirements; not global optimum."
transformer,128,16,8,8 × 16,rotation_and_reflection,399552,589824.0,534528.0,134976.0,25.251436781609197,190272.0,32.259114583333336,validated_reflection,/home/yj3616/workspace/phd-research/research-notes/max-resource-sweep-20260928/reflection-sweep-20261001/cases/ch8/c128-k16/transformer/998725ebc9677f0c79d6/design.json,8ab5e578569ed291f74ea50bc7c42af6cdfdd0baa4907499fe3306ab901e4707,"Three-start orientation coordinate search, at most eight passes per start; exact template sizing for each orientation under certified requirements; not global optimum."
transformer,128,4,8,8 × 16,rotation_and_reflection,188416,262144.0,237568.0,49152.0,20.689655172413794,73728.0,28.125,validated_reflection,/home/yj3616/workspace/phd-research/research-notes/max-resource-sweep-20260928/reflection-sweep-20261001/cases/ch8/c128-k4/transformer/45ae98f080ceceb43d7a/design.json,1f70aa04c07f0d83264166c180044944a680c18fa34333e131b99f73892f5332,"Three-start orientation coordinate search, at most eight passes per start; exact template sizing for each orientation under certified requirements; not global optimum."
transformer,128,1,8,8 × 16,rotation_and_reflection,94208,131072.0,118784.0,24576.0,20.689655172413794,36864.0,28.125,validated_reflection,/home/yj3616/workspace/phd-research/research-notes/max-resource-sweep-20260928/reflection-sweep-20261001/cases/ch8/c128-k1/transformer/dcdd115d4cef49237fb6/design.json,c0fc8d0ee60c7af5531c4876a236c0b7461bd7bb558a8df2de4d0d05aae6e7d6,"Three-start orientation coordinate search, at most eight passes per start; exact template sizing for each orientation under certified requirements; not global optimum."
transformer,256,16,8,16 × 16,rotation_and_reflection,,,,,,,,not_computed,,,
transformer,256,4,8,16 × 16,rotation_and_reflection,497664,655360.0,614400.0,116736.0,19.0,157696.0,24.0625,validated_reflection,/home/yj3616/workspace/phd-research/research-notes/max-resource-sweep-20260928/reflection-sweep-20261001/cases/ch8/c256-k4/transformer/afb5e123380ba2429d3f/design.json,73f17a81a8748686784e51c42ac34aa3fb99917fa84adf48af17cbaca0b7e501,"Three-start orientation coordinate search, at most eight passes per start; exact template sizing for each orientation under certified requirements; not global optimum."
transformer,256,1,8,16 × 16,rotation_and_reflection,314368,393216.0,368640.0,54272.0,14.722222222222221,78848.0,20.052083333333332,validated_reflection,/home/yj3616/workspace/phd-research/research-notes/max-resource-sweep-20260928/reflection-sweep-20261001/cases/ch8/c256-k1/transformer/40013e67d30f50a7c31f/design.json,f714c1a67a7a88df1405f650be7562b3f5221a7fb1f94d269038d15dfa4f952c,"Three-start orientation coordinate search, at most eight passes per start; exact template sizing for each orientation under certified requirements; not global optimum."
transformer,512,16,8,16 × 32,rotation_and_reflection,,,,,,,,not_computed,,,
transformer,512,4,8,16 × 32,rotation_and_reflection,,,,,,,,not_computed,,,
transformer,512,1,8,16 × 32,rotation_and_reflection,658432,1048576.0,999424.0,340992.0,34.118852459016395,390144.0,37.20703125,validated_reflection,/home/yj3616/workspace/phd-research/research-notes/max-resource-sweep-20260928/reflection-sweep-20261001/cases/ch8/c512-k1/transformer/5d43e1447c7ccd9ff784/design.json,b8bcd09f31ae4dba914f4e92c24be86f285074ea908365970f0a5d84509071b5,"Three-start orientation coordinate search, at most eight passes per start; exact template sizing for each orientation under certified requirements; not global optimum."
transformer,1024,16,8,32 × 32,rotation_and_reflection,,,,,,,,not_computed,,,
transformer,1024,4,8,32 × 32,rotation_and_reflection,,,,,,,,not_computed,,,
transformer,1024,1,8,32 × 32,rotation_and_reflection,1637888,3145728.0,3047424.0,1409536.0,46.25336021505376,1507840.0,47.932942708333336,validated_reflection,/home/yj3616/workspace/phd-research/research-notes/max-resource-sweep-20260928/reflection-sweep-20261001/cases/ch8/c1024-k1/transformer/b826dc936b317bea1ba9/design.json,472dbbeb57ac4dd50969de619f8a1aa7f528ccbaf800d7eba912336180c21779,"Three-start orientation coordinate search, at most eight passes per start; exact template sizing for each orientation under certified requirements; not global optimum."
transformer_cell,4,16,8,2 × 2,rotation_and_reflection,5120,12288.0,6144.0,1024.0,16.666666666666668,7168.0,58.333333333333336,validated_reflection,/home/yj3616/workspace/phd-research/research-notes/max-resource-sweep-20260928/reflection-sweep-20261001/cases/ch8/c4-k16/transformer_cell/01e5dfbcdbe81d21970b/design.json,c7f9638f1387eb5f887737db794a58a8a7c60d7d5561e50fb46c0610ebc5431a,Exact enumeration of 16 legal rotation/reflection assignments for fixed mappings and certified channel requirements.
transformer_cell,4,4,8,2 × 2,rotation_and_reflection,1536,4096.0,2048.0,512.0,25.0,2560.0,62.5,validated_reflection,/home/yj3616/workspace/phd-research/research-notes/max-resource-sweep-20260928/reflection-sweep-20261001/cases/ch8/c4-k4/transformer_cell/c074e94cb1bf4d574a77/design.json,82f16fc51ccc3fbe0386da2cc6ae8c39c28fcf32bac271c398b384835fe1e458,Exact enumeration of 16 legal rotation/reflection assignments for fixed mappings and certified channel requirements.
transformer_cell,4,1,8,2 × 2,rotation_and_reflection,1024,2048.0,1024.0,0.0,0.0,1024.0,50.0,validated_reflection,/home/yj3616/workspace/phd-research/research-notes/max-resource-sweep-20260928/reflection-sweep-20261001/cases/ch8/c4-k1/transformer_cell/23c9e05b59b5be2dda9c/design.json,8f4c9af434c2f18d47175618f42aae1069e16b11a4ba265db6a66d54f79e576e,Exact enumeration of 16 legal rotation/reflection assignments for fixed mappings and certified channel requirements.
transformer_cell,8,16,8,2 × 4,rotation_and_reflection,11264,24576.0,15360.0,4096.0,26.666666666666668,13312.0,54.166666666666664,validated_reflection,/home/yj3616/workspace/phd-research/research-notes/max-resource-sweep-20260928/reflection-sweep-20261001/cases/ch8/c8-k16/transformer_cell/b4afd6c5c5b762bdd8cb/design.json,ddbe0b294e32bb4e5774c5a9ffe295d569b2285a96415ab5db7226e7d704047f,"Three-start orientation coordinate search, at most eight passes per start; exact template sizing for each orientation under certified requirements; not global optimum."
transformer_cell,8,4,8,2 × 4,rotation_and_reflection,5120,8192.0,5120.0,0.0,0.0,3072.0,37.5,validated_reflection,/home/yj3616/workspace/phd-research/research-notes/max-resource-sweep-20260928/reflection-sweep-20261001/cases/ch8/c8-k4/transformer_cell/b2ef54b61c5ee3fab6a3/design.json,6eaab023f27d76aea9401425190e7ba69754a762c0ebf66c05e3a0a4cca933da,"Three-start orientation coordinate search, at most eight passes per start; exact template sizing for each orientation under certified requirements; not global optimum."
transformer_cell,8,1,8,2 × 4,rotation_and_reflection,2560,4096.0,2560.0,0.0,0.0,1536.0,37.5,validated_reflection,/home/yj3616/workspace/phd-research/research-notes/max-resource-sweep-20260928/reflection-sweep-20261001/cases/ch8/c8-k1/transformer_cell/7c52f7b7e636307ebc99/design.json,3f7626e916bda519ee2db32318459639e1e9a99d2b6729c83435eb759346b9d9,"Three-start orientation coordinate search, at most eight passes per start; exact template sizing for each orientation under certified requirements; not global optimum."
transformer_cell,16,16,8,4 × 4,rotation_and_reflection,42496,73728.0,55296.0,12800.0,23.14814814814815,31232.0,42.361111111111114,validated_reflection,/home/yj3616/workspace/phd-research/research-notes/max-resource-sweep-20260928/reflection-sweep-20261001/cases/ch8/c16-k16/transformer_cell/7e70d88361dab171e269/design.json,23dc196ac62b49b4aa8702b6c7830984d4b3b213a3a3e1be574e9c28ea00ef3d,"Three-start orientation coordinate search, at most eight passes per start; exact template sizing for each orientation under certified requirements; not global optimum."
transformer_cell,16,4,8,4 × 4,rotation_and_reflection,18944,32768.0,24576.0,5632.0,22.916666666666668,13824.0,42.1875,validated_reflection,/home/yj3616/workspace/phd-research/research-notes/max-resource-sweep-20260928/reflection-sweep-20261001/cases/ch8/c16-k4/transformer_cell/a2ab7690bec43a26b72b/design.json,bc13290724dff92acc57e61c7a56c3254a66ab0ce9bffbe47f9eaeb1d267113d,"Three-start orientation coordinate search, at most eight passes per start; exact template sizing for each orientation under certified requirements; not global optimum."
transformer_cell,16,1,8,4 × 4,rotation_and_reflection,6144,8192.0,6144.0,0.0,0.0,2048.0,25.0,validated_reflection,/home/yj3616/workspace/phd-research/research-notes/max-resource-sweep-20260928/reflection-sweep-20261001/cases/ch8/c16-k1/transformer_cell/45710fb66a716cae1587/design.json,a0163ce5001601c5e5ce7f1c3f89633d56c3408b25a42439c058bdff6478d17e,"Three-start orientation coordinate search, at most eight passes per start; exact template sizing for each orientation under certified requirements; not global optimum."
transformer_cell,32,16,8,4 × 8,rotation_and_reflection,80384,131072.0,106496.0,26112.0,24.51923076923077,50688.0,38.671875,validated_reflection,/home/yj3616/workspace/phd-research/research-notes/max-resource-sweep-20260928/reflection-sweep-20261001/cases/ch8/c32-k16/transformer_cell/4e93c10a2a11047163f8/design.json,1a011d0377b1be48b56cafe66d445f514a478046e81034b9409099912e50f3d9,"Three-start orientation coordinate search, at most eight passes per start; exact template sizing for each orientation under certified requirements; not global optimum."
transformer_cell,32,4,8,4 × 8,rotation_and_reflection,40448,65536.0,53248.0,12800.0,24.03846153846154,25088.0,38.28125,validated_reflection,/home/yj3616/workspace/phd-research/research-notes/max-resource-sweep-20260928/reflection-sweep-20261001/cases/ch8/c32-k4/transformer_cell/2624f7c7f8259e8adb3a/design.json,310b100ac659aba814629ed767bf06b7a58b00733e02af884bc599c5ef238ced,"Three-start orientation coordinate search, at most eight passes per start; exact template sizing for each orientation under certified requirements; not global optimum."
transformer_cell,32,1,8,4 × 8,rotation_and_reflection,13312,16384.0,13312.0,0.0,0.0,3072.0,18.75,validated_reflection,/home/yj3616/workspace/phd-research/research-notes/max-resource-sweep-20260928/reflection-sweep-20261001/cases/ch8/c32-k1/transformer_cell/1caab769e577f218ce4f/design.json,1389c48d0bf13fb810a27a3b6a5be0f329b169d2c8f350a4651d1b0da070754b,"Three-start orientation coordinate search, at most eight passes per start; exact template sizing for each orientation under certified requirements; not global optimum."
transformer_cell,64,16,8,8 × 8,rotation_and_reflection,201792,294912.0,258048.0,56256.0,21.800595238095237,93120.0,31.575520833333332,validated_reflection,/home/yj3616/workspace/phd-research/research-notes/max-resource-sweep-20260928/reflection-sweep-20261001/cases/ch8/c64-k16/transformer_cell/2b87dc506bf302704614/design.json,803a9c2bbadda0482e26add06d2adcd6d1e56da8daf5f9f1f03d99eadae7465e,"Three-start orientation coordinate search, at most eight passes per start; exact template sizing for each orientation under certified requirements; not global optimum."
transformer_cell,64,4,8,8 × 8,rotation_and_reflection,118784,163840.0,143360.0,24576.0,17.142857142857142,45056.0,27.5,validated_reflection,/home/yj3616/workspace/phd-research/research-notes/max-resource-sweep-20260928/reflection-sweep-20261001/cases/ch8/c64-k4/transformer_cell/a662251f82978241c7b6/design.json,c5b6d97dc1a29529bdd110a308f3e2d737d19cc54aa8138b76e84f4676cba527,"Three-start orientation coordinate search, at most eight passes per start; exact template sizing for each orientation under certified requirements; not global optimum."
transformer_cell,64,1,8,8 × 8,rotation_and_reflection,48128,65536.0,57344.0,9216.0,16.071428571428573,17408.0,26.5625,validated_reflection,/home/yj3616/workspace/phd-research/research-notes/max-resource-sweep-20260928/reflection-sweep-20261001/cases/ch8/c64-k1/transformer_cell/a61b8082c4ddd3d8322f/design.json,ace6a2df2a7d74ed72c55e5c200a25b52c1f3b2572e23b57bd8dfcc30cfbf2f2,"Three-start orientation coordinate search, at most eight passes per start; exact template sizing for each orientation under certified requirements; not global optimum."
transformer_cell,128,16,8,8 × 16,rotation_and_reflection,,,,,,,,not_computed,,,
transformer_cell,128,4,8,8 × 16,rotation_and_reflection,188416,262144.0,237568.0,49152.0,20.689655172413794,73728.0,28.125,validated_reflection,/home/yj3616/workspace/phd-research/research-notes/max-resource-sweep-20260928/reflection-sweep-20261001/cases/ch8/c128-k4/transformer_cell/266745e4c0adc5694b8f/design.json,f0369a040d4cd2f1d518f6ddef67cfc2e46f6e5a6aac94fd7b297abbfb6978c9,"Three-start orientation coordinate search, at most eight passes per start; exact template sizing for each orientation under certified requirements; not global optimum."
transformer_cell,128,1,8,8 × 16,rotation_and_reflection,94208,131072.0,118784.0,24576.0,20.689655172413794,36864.0,28.125,validated_reflection,/home/yj3616/workspace/phd-research/research-notes/max-resource-sweep-20260928/reflection-sweep-20261001/cases/ch8/c128-k1/transformer_cell/14c1bb984b9e7b523132/design.json,00a884e3234a514146bf143a9cac8338633a827f6b5a4cef5215cc2a60191bd7,"Three-start orientation coordinate search, at most eight passes per start; exact template sizing for each orientation under certified requirements; not global optimum."
transformer_cell,256,16,8,16 × 16,rotation_and_reflection,,,,,,,,not_computed,,,
transformer_cell,256,4,8,16 × 16,rotation_and_reflection,447488,655360.0,614400.0,166912.0,27.166666666666668,207872.0,31.71875,validated_reflection,/home/yj3616/workspace/phd-research/research-notes/max-resource-sweep-20260928/reflection-sweep-20261001/cases/ch8/c256-k4/transformer_cell/4b41dcf7542055cdcfc6/design.json,c00b08a1f126f7bafcb7dabe9575e8b37b5bb60239f44f93e89752bce66cbc6c,"Three-start orientation coordinate search, at most eight passes per start; exact template sizing for each orientation under certified requirements; not global optimum."
transformer_cell,256,1,8,16 × 16,rotation_and_reflection,314368,393216.0,368640.0,54272.0,14.722222222222221,78848.0,20.052083333333332,validated_reflection,/home/yj3616/workspace/phd-research/research-notes/max-resource-sweep-20260928/reflection-sweep-20261001/cases/ch8/c256-k1/transformer_cell/ae4c5e9cd1efad0e4b9b/design.json,1165a3a13f76f935831e5357dcc0c5db92a275ffefa3488285445994cd30c7df,"Three-start orientation coordinate search, at most eight passes per start; exact template sizing for each orientation under certified requirements; not global optimum."
transformer_cell,512,16,8,16 × 32,rotation_and_reflection,,,,,,,,not_computed,,,
transformer_cell,512,4,8,16 × 32,rotation_and_reflection,,,,,,,,not_computed,,,
transformer_cell,512,1,8,16 × 32,rotation_and_reflection,658432,1048576.0,999424.0,340992.0,34.118852459016395,390144.0,37.20703125,validated_reflection,/home/yj3616/workspace/phd-research/research-notes/max-resource-sweep-20260928/reflection-sweep-20261001/cases/ch8/c512-k1/transformer_cell/962d9cb714b1159dd97c/design.json,c237e9a74fbb4104c29daacad97d751ee29d3ff285e07f5d2807f7ebf3de5782,"Three-start orientation coordinate search, at most eight passes per start; exact template sizing for each orientation under certified requirements; not global optimum."
transformer_cell,1024,16,8,32 × 32,rotation_and_reflection,,,,,,,,not_computed,,,
transformer_cell,1024,4,8,32 × 32,rotation_and_reflection,,,,,,,,not_computed,,,
transformer_cell,1024,1,8,32 × 32,rotation_and_reflection,1276416,2097152.0,2031616.0,755200.0,37.172379032258064,820736.0,39.1357421875,validated_reflection,/home/yj3616/workspace/phd-research/research-notes/max-resource-sweep-20260928/reflection-sweep-20261001/cases/ch8/c1024-k1/transformer_cell/fa956497090664daa2e9/design.json,e71c8de7813c2964ca70970b5c05d77969b6775ca562e6b892b713dd1326a1c8,"Three-start orientation coordinate search, at most eight passes per start; exact template sizing for each orientation under certified requirements; not global optimum."
pnasnet,4,16,8,2 × 2,rotation_and_reflection,8320,18432.0,9216.0,896.0,9.722222222222221,10112.0,54.861111111111114,validated_reflection,/home/yj3616/workspace/phd-research/research-notes/max-resource-sweep-20260928/reflection-sweep-20261001/cases/ch8/c4-k16/pnasnet/4f666d137259d2cc9eaf/design.json,a8ff260f8c5ee76541d8a416f95c96ea9723d1c3e557ad1a148e0951f64358ab,Exact enumeration of 16 legal rotation/reflection assignments for fixed mappings and certified channel requirements.
pnasnet,4,4,8,2 × 2,rotation_and_reflection,3072,6144.0,3072.0,0.0,0.0,3072.0,50.0,validated_reflection,/home/yj3616/workspace/phd-research/research-notes/max-resource-sweep-20260928/reflection-sweep-20261001/cases/ch8/c4-k4/pnasnet/ec97d79fb30e07dc8df9/design.json,7d1157398683c5f577f45bdef15453d48f515b02e46a148b778371ed48935de0,Exact enumeration of 16 legal rotation/reflection assignments for fixed mappings and certified channel requirements.
pnasnet,4,1,8,2 × 2,rotation_and_reflection,2048,4096.0,2048.0,0.0,0.0,2048.0,50.0,validated_reflection,/home/yj3616/workspace/phd-research/research-notes/max-resource-sweep-20260928/reflection-sweep-20261001/cases/ch8/c4-k1/pnasnet/7d8b61e732d953fa82f3/design.json,0bcea382b6b35d3c2fb385b5202a6a5d3769f92191b9231334df412712cc41a3,Exact enumeration of 16 legal rotation/reflection assignments for fixed mappings and certified channel requirements.
pnasnet,8,16,8,2 × 4,rotation_and_reflection,16128,40960.0,25600.0,9472.0,37.0,24832.0,60.625,validated_reflection,/home/yj3616/workspace/phd-research/research-notes/max-resource-sweep-20260928/reflection-sweep-20261001/cases/ch8/c8-k16/pnasnet/b5ac9fa535509dd9f355/design.json,44e3cd417bf8ceab6a5e0f2da959dda7c694245879ba09767783a9a1c05b2a3f,"Three-start orientation coordinate search, at most eight passes per start; exact template sizing for each orientation under certified requirements; not global optimum."
pnasnet,8,4,8,2 × 4,rotation_and_reflection,9728,20480.0,12800.0,3072.0,24.0,10752.0,52.5,validated_reflection,/home/yj3616/workspace/phd-research/research-notes/max-resource-sweep-20260928/reflection-sweep-20261001/cases/ch8/c8-k4/pnasnet/1b276fa940fcea1574d0/design.json,1eceaf8d1886b3f77c154f50819198e51103ec72abcc0ef8c233f78ccfa1c953,"Three-start orientation coordinate search, at most eight passes per start; exact template sizing for each orientation under certified requirements; not global optimum."
pnasnet,8,1,8,2 × 4,rotation_and_reflection,7168,16384.0,10240.0,3072.0,30.0,9216.0,56.25,validated_reflection,/home/yj3616/workspace/phd-research/research-notes/max-resource-sweep-20260928/reflection-sweep-20261001/cases/ch8/c8-k1/pnasnet/9c40880b3da34d9dd65d/design.json,26287c6b162c21ded72eee03f5c89be0850cfc60c49a24f1c2a426f0b27b1950,"Three-start orientation coordinate search, at most eight passes per start; exact template sizing for each orientation under certified requirements; not global optimum."
pnasnet,16,16,8,4 × 4,rotation_and_reflection,49216,73728.0,55296.0,6080.0,10.99537037037037,24512.0,33.24652777777778,validated_reflection,/home/yj3616/workspace/phd-research/research-notes/max-resource-sweep-20260928/reflection-sweep-20261001/cases/ch8/c16-k16/pnasnet/79926377b35a015fb16e/design.json,161ae541817fea502aae605110452a21de0451eb25dab2f446f9745839da084f,"Three-start orientation coordinate search, at most eight passes per start; exact template sizing for each orientation under certified requirements; not global optimum."
pnasnet,16,4,8,4 × 4,rotation_and_reflection,25216,40960.0,30720.0,5504.0,17.916666666666668,15744.0,38.4375,validated_reflection,/home/yj3616/workspace/phd-research/research-notes/max-resource-sweep-20260928/reflection-sweep-20261001/cases/ch8/c16-k4/pnasnet/388f3fdaae49e27b0e89/design.json,71ab0ec1e444a403a5d80b5087181f8aeebd9928f499cae3235c183f7160cd79,"Three-start orientation coordinate search, at most eight passes per start; exact template sizing for each orientation under certified requirements; not global optimum."
pnasnet,16,1,8,4 × 4,rotation_and_reflection,17664,32768.0,24576.0,6912.0,28.125,15104.0,46.09375,validated_reflection,/home/yj3616/workspace/phd-research/research-notes/max-resource-sweep-20260928/reflection-sweep-20261001/cases/ch8/c16-k1/pnasnet/5d2307dce8c5a14bc91f/design.json,1ae0b5a32c200a35a23ecf3a6874f90e7ae76dce1439693e263b644fd9e083e1,"Three-start orientation coordinate search, at most eight passes per start; exact template sizing for each orientation under certified requirements; not global optimum."
pnasnet,32,16,8,4 × 8,rotation_and_reflection,100608,147456.0,119808.0,19200.0,16.025641025641026,46848.0,31.770833333333332,validated_reflection,/home/yj3616/workspace/phd-research/research-notes/max-resource-sweep-20260928/reflection-sweep-20261001/cases/ch8/c32-k16/pnasnet/c1da266d559e525b8623/design.json,202aab22158afa164b44f20ea2fb4a9eccb0424762f66a0e366003e0ad77625e,"Three-start orientation coordinate search, at most eight passes per start; exact template sizing for each orientation under certified requirements; not global optimum."
pnasnet,32,4,8,4 × 8,rotation_and_reflection,50304,81920.0,66560.0,16256.0,24.423076923076923,31616.0,38.59375,validated_reflection,/home/yj3616/workspace/phd-research/research-notes/max-resource-sweep-20260928/reflection-sweep-20261001/cases/ch8/c32-k4/pnasnet/7e0e531a73b5f010e871/design.json,9f19ac16911b46448a9d5ba2ff2e1c2e5ebf0a036c488f70662fd7181caae247,"Three-start orientation coordinate search, at most eight passes per start; exact template sizing for each orientation under certified requirements; not global optimum."
pnasnet,32,1,8,4 × 8,rotation_and_reflection,59904,98304.0,79872.0,19968.0,25.0,38400.0,39.0625,validated_reflection,/home/yj3616/workspace/phd-research/research-notes/max-resource-sweep-20260928/reflection-sweep-20261001/cases/ch8/c32-k1/pnasnet/bec1c80229bb6d3578a6/design.json,33461db4219d9a125d97e9d3fbee769eefccff58026f32491d6b610973bdf6d3,"Three-start orientation coordinate search, at most eight passes per start; exact template sizing for each orientation under certified requirements; not global optimum."
pnasnet,64,16,8,8 × 8,rotation_and_reflection,227776,294912.0,258048.0,30272.0,11.731150793650794,67136.0,22.764756944444443,validated_reflection,/home/yj3616/workspace/phd-research/research-notes/max-resource-sweep-20260928/reflection-sweep-20261001/cases/ch8/c64-k16/pnasnet/7a812f4bfb19ef8ad37c/design.json,9f3437bf33553e5e3214f032d1923ca609010443d86045f5244c65efdb6d5143,"Three-start orientation coordinate search, at most eight passes per start; exact template sizing for each orientation under certified requirements; not global optimum."
pnasnet,64,4,8,8 × 8,rotation_and_reflection,131072,163840.0,143360.0,12288.0,8.571428571428571,32768.0,20.0,validated_reflection,/home/yj3616/workspace/phd-research/research-notes/max-resource-sweep-20260928/reflection-sweep-20261001/cases/ch8/c64-k4/pnasnet/ebb35e79687dd42c5a93/design.json,25101f65f236c0c01a6cf272c43c4a22f96422f16fef2678e6d7e84d2d69d1aa,"Three-start orientation coordinate search, at most eight passes per start; exact template sizing for each orientation under certified requirements; not global optimum."
pnasnet,64,1,8,8 × 8,rotation_and_reflection,154112,229376.0,200704.0,46592.0,23.214285714285715,75264.0,32.8125,validated_reflection,/home/yj3616/workspace/phd-research/research-notes/max-resource-sweep-20260928/reflection-sweep-20261001/cases/ch8/c64-k1/pnasnet/b3a0a083d9a407740260/design.json,58f837a56b9bdc074c0b852bc9162718f6cc9bed3284c22df110e31451ec6987,"Three-start orientation coordinate search, at most eight passes per start; exact template sizing for each orientation under certified requirements; not global optimum."
pnasnet,128,16,8,8 × 16,rotation_and_reflection,,,,,,,,not_computed,,,
pnasnet,128,4,8,8 × 16,rotation_and_reflection,240128,327680.0,296960.0,56832.0,19.137931034482758,87552.0,26.71875,validated_reflection,/home/yj3616/workspace/phd-research/research-notes/max-resource-sweep-20260928/reflection-sweep-20261001/cases/ch8/c128-k4/pnasnet/db59aa2f97a1d2c3e89d/design.json,792470b28c15104b5b9c762167bc0965a0520fc35aefb21e9b3d38ff7fabfd23,"Three-start orientation coordinate search, at most eight passes per start; exact template sizing for each orientation under certified requirements; not global optimum."
pnasnet,128,1,8,8 × 16,rotation_and_reflection,441856,786432.0,712704.0,270848.0,38.002873563218394,344576.0,43.815104166666664,validated_reflection,/home/yj3616/workspace/phd-research/research-notes/max-resource-sweep-20260928/reflection-sweep-20261001/cases/ch8/c128-k1/pnasnet/5eab0e45c52f9939be72/design.json,920a01831a77aeeefe7dc4b56d530bd5cca97f9afcb0184c9fc6609b6908e4c4,"Three-start orientation coordinate search, at most eight passes per start; exact template sizing for each orientation under certified requirements; not global optimum."
pnasnet,256,16,8,16 × 16,rotation_and_reflection,,,,,,,,not_computed,,,
pnasnet,256,4,8,16 × 16,rotation_and_reflection,547456,655360.0,614400.0,66944.0,10.895833333333334,107904.0,16.46484375,validated_reflection,/home/yj3616/workspace/phd-research/research-notes/max-resource-sweep-20260928/reflection-sweep-20261001/cases/ch8/c256-k4/pnasnet/a71abcac6c8106f8603f/design.json,ebb585617daffc60e74b9cfa54b254d9a3d818ddfa2b1df679321e88bec6fa21,"Three-start orientation coordinate search, at most eight passes per start; exact template sizing for each orientation under certified requirements; not global optimum."
pnasnet,256,1,8,16 × 16,rotation_and_reflection,1013248,1703936.0,1597440.0,584192.0,36.57051282051282,690688.0,40.53485576923077,validated_reflection,/home/yj3616/workspace/phd-research/research-notes/max-resource-sweep-20260928/reflection-sweep-20261001/cases/ch8/c256-k1/pnasnet/318539d09a396ede8a6b/design.json,54561230c4fd7f9cee63ff3a8e06d947ad2435e006f7b37ac9f4e0469d84fd0c,"Three-start orientation coordinate search, at most eight passes per start; exact template sizing for each orientation under certified requirements; not global optimum."
pnasnet,512,16,8,16 × 32,rotation_and_reflection,,,,,,,,not_computed,,,
pnasnet,512,4,8,16 × 32,rotation_and_reflection,,,,,,,,not_computed,,,
pnasnet,512,1,8,16 × 32,rotation_and_reflection,2303232,4194304.0,3997696.0,1694464.0,42.38601434426229,1891072.0,45.086669921875,validated_reflection,/home/yj3616/workspace/phd-research/research-notes/max-resource-sweep-20260928/reflection-sweep-20261001/cases/ch8/c512-k1/pnasnet/cc3b09a917a9ae8ae7e3/design.json,148855fe1c086dd9e67fe03c99c64daede7bc1b754020aecdff35a35121cef75,"Three-start orientation coordinate search, at most eight passes per start; exact template sizing for each orientation under certified requirements; not global optimum."
pnasnet,1024,16,8,32 × 32,rotation_and_reflection,,,,,,,,not_computed,,,
pnasnet,1024,4,8,32 × 32,rotation_and_reflection,,,,,,,,not_computed,,,
pnasnet,1024,1,8,32 × 32,rotation_and_reflection,5148160,9437184.0,9142272.0,3994112.0,43.68839605734767,4289024.0,45.44813368055556,validated_reflection,/home/yj3616/workspace/phd-research/research-notes/max-resource-sweep-20260928/reflection-sweep-20261001/cases/ch8/c1024-k1/pnasnet/e2cccd92c4811205ca59/design.json,176badd1dc7c40c2fd3397ffd9f36a3119ae6f56dc09a7fc84a8e18c05d35cd3,"Three-start orientation coordinate search, at most eight passes per start; exact template sizing for each orientation under certified requirements; not global optimum."
resnext50,4,16,8,2 × 2,rotation_and_reflection,7680,18432.0,9216.0,1536.0,16.666666666666668,10752.0,58.333333333333336,validated_reflection,/home/yj3616/workspace/phd-research/research-notes/max-resource-sweep-20260928/reflection-sweep-20261001/cases/ch8/c4-k16/resnext50/1fd8820bdde895596689/design.json,bb04939f71bc129c33fee456f89be97bdedb1a8c8f83dae38d729d9179a2c242,Exact enumeration of 16 legal rotation/reflection assignments for fixed mappings and certified channel requirements.
resnext50,4,4,8,2 × 2,rotation_and_reflection,3072,6144.0,3072.0,0.0,0.0,3072.0,50.0,validated_reflection,/home/yj3616/workspace/phd-research/research-notes/max-resource-sweep-20260928/reflection-sweep-20261001/cases/ch8/c4-k4/resnext50/c177977b247bb5797968/design.json,fea052ee3f64ccdf7218cc560493ce08c7472a9bc111cde9dbd7f2926bfbd5dc,Exact enumeration of 16 legal rotation/reflection assignments for fixed mappings and certified channel requirements.
resnext50,4,1,8,2 × 2,rotation_and_reflection,2048,4096.0,2048.0,0.0,0.0,2048.0,50.0,validated_reflection,/home/yj3616/workspace/phd-research/research-notes/max-resource-sweep-20260928/reflection-sweep-20261001/cases/ch8/c4-k1/resnext50/7df148547d4fb10141bd/design.json,19f0c9fb8c8da62fa440b383fcf4ebd5e990bb09641392e2aef681213d5cb5f9,Exact enumeration of 16 legal rotation/reflection assignments for fixed mappings and certified channel requirements.
resnext50,8,16,8,2 × 4,rotation_and_reflection,16896,36864.0,23040.0,6144.0,26.666666666666668,19968.0,54.166666666666664,validated_reflection,/home/yj3616/workspace/phd-research/research-notes/max-resource-sweep-20260928/reflection-sweep-20261001/cases/ch8/c8-k16/resnext50/ac0de1c0771758726f2d/design.json,df97ed584ab7a290862794cf93b46bdcbcd3b09ed2c353b2e261ef5e073f9759,"Three-start orientation coordinate search, at most eight passes per start; exact template sizing for each orientation under certified requirements; not global optimum."
resnext50,8,4,8,2 × 4,rotation_and_reflection,9728,20480.0,12800.0,3072.0,24.0,10752.0,52.5,validated_reflection,/home/yj3616/workspace/phd-research/research-notes/max-resource-sweep-20260928/reflection-sweep-20261001/cases/ch8/c8-k4/resnext50/f859608e25be9d3c60ba/design.json,9008a5466aaa97dad40fa029ba98fd9c0f0c9a2d8dad6cd5d9ee4f138831f384,"Three-start orientation coordinate search, at most eight passes per start; exact template sizing for each orientation under certified requirements; not global optimum."
resnext50,8,1,8,2 × 4,rotation_and_reflection,7168,16384.0,10240.0,3072.0,30.0,9216.0,56.25,validated_reflection,/home/yj3616/workspace/phd-research/research-notes/max-resource-sweep-20260928/reflection-sweep-20261001/cases/ch8/c8-k1/resnext50/41769db8a0446baa2307/design.json,c9de949d8ed80e03d19caf61c7eccdcfd43067b63bdc545d394cce51f7c9dae3,"Three-start orientation coordinate search, at most eight passes per start; exact template sizing for each orientation under certified requirements; not global optimum."
resnext50,16,16,8,4 × 4,rotation_and_reflection,46720,73728.0,55296.0,8576.0,15.50925925925926,27008.0,36.63194444444444,validated_reflection,/home/yj3616/workspace/phd-research/research-notes/max-resource-sweep-20260928/reflection-sweep-20261001/cases/ch8/c16-k16/resnext50/ce9ebf11f74ac5215473/design.json,8efb7a4e03bc25bea908293dcacc34034aabd7a6ce3c6f583da3dac288833870,"Three-start orientation coordinate search, at most eight passes per start; exact template sizing for each orientation under certified requirements; not global optimum."
resnext50,16,4,8,4 × 4,rotation_and_reflection,24576,40960.0,30720.0,6144.0,20.0,16384.0,40.0,validated_reflection,/home/yj3616/workspace/phd-research/research-notes/max-resource-sweep-20260928/reflection-sweep-20261001/cases/ch8/c16-k4/resnext50/4263b54b41931e1735fd/design.json,4467f984a072d65b2b3770a2f227fc1cb3e4a2017990b92277a55fa7aa4820b3,"Three-start orientation coordinate search, at most eight passes per start; exact template sizing for each orientation under certified requirements; not global optimum."
resnext50,16,1,8,4 × 4,rotation_and_reflection,17920,32768.0,24576.0,6656.0,27.083333333333332,14848.0,45.3125,validated_reflection,/home/yj3616/workspace/phd-research/research-notes/max-resource-sweep-20260928/reflection-sweep-20261001/cases/ch8/c16-k1/resnext50/65fa889593b91064e7c2/design.json,3a2aa7e03bddce7c3de201004e30d4c1acdff8f6fd1daa0e1a90027816f5690e,"Three-start orientation coordinate search, at most eight passes per start; exact template sizing for each orientation under certified requirements; not global optimum."
resnext50,32,16,8,4 × 8,rotation_and_reflection,89600,147456.0,119808.0,30208.0,25.213675213675213,57856.0,39.236111111111114,validated_reflection,/home/yj3616/workspace/phd-research/research-notes/max-resource-sweep-20260928/reflection-sweep-20261001/cases/ch8/c32-k16/resnext50/47659b81f426d206da64/design.json,417feaedb74e688243a6a413478db80aa70e8d0e1d4d838fd18924c8be0da7d3,"Three-start orientation coordinate search, at most eight passes per start; exact template sizing for each orientation under certified requirements; not global optimum."
resnext50,32,4,8,4 × 8,rotation_and_reflection,53504,81920.0,66560.0,13056.0,19.615384615384617,28416.0,34.6875,validated_reflection,/home/yj3616/workspace/phd-research/research-notes/max-resource-sweep-20260928/reflection-sweep-20261001/cases/ch8/c32-k4/resnext50/e48f429fc7a831c31a01/design.json,07ac3a4446ac64d34bcf91f5d240cdf701d94ab4c0629046593e3bee677d0682,"Three-start orientation coordinate search, at most eight passes per start; exact template sizing for each orientation under certified requirements; not global optimum."
resnext50,32,1,8,4 × 8,rotation_and_reflection,50944,81920.0,66560.0,15616.0,23.46153846153846,30976.0,37.8125,validated_reflection,/home/yj3616/workspace/phd-research/research-notes/max-resource-sweep-20260928/reflection-sweep-20261001/cases/ch8/c32-k1/resnext50/e00035e175bef3ae35b5/design.json,b0c5d6b16fdd501a6a6915f0c860383549f3b5202bb2675760b1814bc42a8ae5,"Three-start orientation coordinate search, at most eight passes per start; exact template sizing for each orientation under certified requirements; not global optimum."
resnext50,64,16,8,8 × 8,rotation_and_reflection,199168,294912.0,258048.0,58880.0,22.817460317460316,95744.0,32.46527777777778,validated_reflection,/home/yj3616/workspace/phd-research/research-notes/max-resource-sweep-20260928/reflection-sweep-20261001/cases/ch8/c64-k16/resnext50/66e4b4ed8740d52ee617/design.json,76f4f286242e919ebcb1561ba8090fbe4c048fcaff7d0c658e65c92b48322195,"Three-start orientation coordinate search, at most eight passes per start; exact template sizing for each orientation under certified requirements; not global optimum."
resnext50,64,4,8,8 × 8,rotation_and_reflection,126976,163840.0,143360.0,16384.0,11.428571428571429,36864.0,22.5,validated_reflection,/home/yj3616/workspace/phd-research/research-notes/max-resource-sweep-20260928/reflection-sweep-20261001/cases/ch8/c64-k4/resnext50/9c223e8c6c8e6395209e/design.json,cfe9df9a7c305f9473084003604b39c14a95fa0ae73bb0e3484b58b3d5bfb0a7,"Three-start orientation coordinate search, at most eight passes per start; exact template sizing for each orientation under certified requirements; not global optimum."
resnext50,64,1,8,8 × 8,rotation_and_reflection,93696,131072.0,114688.0,20992.0,18.303571428571427,37376.0,28.515625,validated_reflection,/home/yj3616/workspace/phd-research/research-notes/max-resource-sweep-20260928/reflection-sweep-20261001/cases/ch8/c64-k1/resnext50/4ef09655dda3982633cc/design.json,de17c87cab01c7ad1fa1ebfbf20f27933a6cdba21978ee2f4abbae5d234d72a4,"Three-start orientation coordinate search, at most eight passes per start; exact template sizing for each orientation under certified requirements; not global optimum."
resnext50,128,16,8,8 × 16,rotation_and_reflection,,,,,,,,not_computed,,,
resnext50,128,4,8,8 × 16,rotation_and_reflection,227712,327680.0,296960.0,69248.0,23.31896551724138,99968.0,30.5078125,validated_reflection,/home/yj3616/workspace/phd-research/research-notes/max-resource-sweep-20260928/reflection-sweep-20261001/cases/ch8/c128-k4/resnext50/fb5d36d16aca575ccc0f/design.json,a8a4d0a3603df72f74913345beed193125c6e9708bf0ae8eff20b0dcdafc693b,"Three-start orientation coordinate search, at most eight passes per start; exact template sizing for each orientation under certified requirements; not global optimum."
resnext50,128,1,8,8 × 16,rotation_and_reflection,282624,458752.0,415744.0,133120.0,32.01970443349754,176128.0,38.392857142857146,validated_reflection,/home/yj3616/workspace/phd-research/research-notes/max-resource-sweep-20260928/reflection-sweep-20261001/cases/ch8/c128-k1/resnext50/7b91eb992540f760970a/design.json,ac70ab7fd194b83cd92420b22728d7cf4532a8d55e9e63a67918e6c087d3e356,"Three-start orientation coordinate search, at most eight passes per start; exact template sizing for each orientation under certified requirements; not global optimum."
resnext50,256,16,8,16 × 16,rotation_and_reflection,,,,,,,,not_computed,,,
resnext50,256,4,8,16 × 16,rotation_and_reflection,493312,655360.0,614400.0,121088.0,19.708333333333332,162048.0,24.7265625,validated_reflection,/home/yj3616/workspace/phd-research/research-notes/max-resource-sweep-20260928/reflection-sweep-20261001/cases/ch8/c256-k4/resnext50/4f069d40a954b08ae74e/design.json,c2d259b41c8d78646fe47429849ebe5425a06f4468824513cfc5aae54ec47b8d,"Three-start orientation coordinate search, at most eight passes per start; exact template sizing for each orientation under certified requirements; not global optimum."
resnext50,256,1,8,16 × 16,rotation_and_reflection,991744,1703936.0,1597440.0,605696.0,37.916666666666664,712192.0,41.796875,validated_reflection,/home/yj3616/workspace/phd-research/research-notes/max-resource-sweep-20260928/reflection-sweep-20261001/cases/ch8/c256-k1/resnext50/ead6c583ade52ba4febc/design.json,7285e9c27a7d617213aeaa0ad5265550d55403357c79c69189c7e991e1662c7c,"Three-start orientation coordinate search, at most eight passes per start; exact template sizing for each orientation under certified requirements; not global optimum."
resnext50,512,16,8,16 × 32,rotation_and_reflection,,,,,,,,not_computed,,,
resnext50,512,4,8,16 × 32,rotation_and_reflection,,,,,,,,not_computed,,,
resnext50,512,1,8,16 × 32,rotation_and_reflection,1491968,2621440.0,2498560.0,1006592.0,40.28688524590164,1129472.0,43.0859375,validated_reflection,/home/yj3616/workspace/phd-research/research-notes/max-resource-sweep-20260928/reflection-sweep-20261001/cases/ch8/c512-k1/resnext50/2ba0aeb6f406cd384edb/design.json,3b37f7b141687525ca18fa4e1e2f94b0d12da008021585c7345bf30c4395d5c5,"Three-start orientation coordinate search, at most eight passes per start; exact template sizing for each orientation under certified requirements; not global optimum."
resnext50,1024,16,8,32 × 32,rotation_and_reflection,,,,,,,,not_computed,,,
resnext50,1024,4,8,32 × 32,rotation_and_reflection,,,,,,,,not_computed,,,
resnext50,1024,1,8,32 × 32,rotation_and_reflection,3627008,6291456.0,6094848.0,2467840.0,40.490591397849464,2664448.0,42.350260416666664,validated_reflection,/home/yj3616/workspace/phd-research/research-notes/max-resource-sweep-20260928/reflection-sweep-20261001/cases/ch8/c1024-k1/resnext50/9cb2660e4d5f9339f8f3/design.json,f34c731cd76b85eb096abd1ae45b4ac93bbb550d94ee6450124ffe6f2da310ff,"Three-start orientation coordinate search, at most eight passes per start; exact template sizing for each orientation under certified requirements; not global optimum."
resnet152,4,16,8,2 × 2,rotation_and_reflection,7680,18432.0,9216.0,1536.0,16.666666666666668,10752.0,58.333333333333336,validated_reflection,/home/yj3616/workspace/phd-research/research-notes/max-resource-sweep-20260928/reflection-sweep-20261001/cases/ch8/c4-k16/resnet152/709cd02d653dfd556559/design.json,7d9b2593a321bf5410ae09091406dfbb7d34e9fe1d93846a730956533b370903,Exact enumeration of 16 legal rotation/reflection assignments for fixed mappings and certified channel requirements.
resnet152,4,4,8,2 × 2,rotation_and_reflection,3072,6144.0,3072.0,0.0,0.0,3072.0,50.0,validated_reflection,/home/yj3616/workspace/phd-research/research-notes/max-resource-sweep-20260928/reflection-sweep-20261001/cases/ch8/c4-k4/resnet152/65cfa5bbe1367771c316/design.json,ae4b656ea1a6835f5f8402e2c908a4ac116286d69b41b67e8213d8fe2eaae1a2,Exact enumeration of 16 legal rotation/reflection assignments for fixed mappings and certified channel requirements.
resnet152,4,1,8,2 × 2,rotation_and_reflection,2048,4096.0,2048.0,0.0,0.0,2048.0,50.0,validated_reflection,/home/yj3616/workspace/phd-research/research-notes/max-resource-sweep-20260928/reflection-sweep-20261001/cases/ch8/c4-k1/resnet152/8eefcdf08d0a33fe3b2b/design.json,67716687a08e12e62827129f821aca7373dd36a1a0568ee63f049640f1efd66b,Exact enumeration of 16 legal rotation/reflection assignments for fixed mappings and certified channel requirements.
resnet152,8,16,8,2 × 4,rotation_and_reflection,17408,36864.0,23040.0,5632.0,24.444444444444443,19456.0,52.77777777777778,validated_reflection,/home/yj3616/workspace/phd-research/research-notes/max-resource-sweep-20260928/reflection-sweep-20261001/cases/ch8/c8-k16/resnet152/f635ef9b5eb586bd0a87/design.json,92a7d3d2324c0d2e93d47546842d21aefd17cff681d1bb1f73d1da9e9961ab85,"Three-start orientation coordinate search, at most eight passes per start; exact template sizing for each orientation under certified requirements; not global optimum."
resnet152,8,4,8,2 × 4,rotation_and_reflection,9728,20480.0,12800.0,3072.0,24.0,10752.0,52.5,validated_reflection,/home/yj3616/workspace/phd-research/research-notes/max-resource-sweep-20260928/reflection-sweep-20261001/cases/ch8/c8-k4/resnet152/82b31b2c51cf2d6aabb6/design.json,d11bb32df93464fd6106c7e499ee98bf11b38084b54e98ba0dcadc53a159318a,"Three-start orientation coordinate search, at most eight passes per start; exact template sizing for each orientation under certified requirements; not global optimum."
resnet152,8,1,8,2 × 4,rotation_and_reflection,7168,16384.0,10240.0,3072.0,30.0,9216.0,56.25,validated_reflection,/home/yj3616/workspace/phd-research/research-notes/max-resource-sweep-20260928/reflection-sweep-20261001/cases/ch8/c8-k1/resnet152/16693848d80266dd8bcc/design.json,c51f774b2295057c8b9f8adee3d42219c65ba624cf0a45e0b440a1740d76e13d,"Three-start orientation coordinate search, at most eight passes per start; exact template sizing for each orientation under certified requirements; not global optimum."
resnet152,16,16,8,4 × 4,rotation_and_reflection,48576,73728.0,55296.0,6720.0,12.152777777777779,25152.0,34.114583333333336,validated_reflection,/home/yj3616/workspace/phd-research/research-notes/max-resource-sweep-20260928/reflection-sweep-20261001/cases/ch8/c16-k16/resnet152/ae2c484ad24e08b409cd/design.json,39c585c395f87574adf95a76b355c1bff52ea4b7fe18a5f98f2197d380195075,"Three-start orientation coordinate search, at most eight passes per start; exact template sizing for each orientation under certified requirements; not global optimum."
resnet152,16,4,8,4 × 4,rotation_and_reflection,24576,40960.0,30720.0,6144.0,20.0,16384.0,40.0,validated_reflection,/home/yj3616/workspace/phd-research/research-notes/max-resource-sweep-20260928/reflection-sweep-20261001/cases/ch8/c16-k4/resnet152/eebd2e7e5c5454a76175/design.json,9a4a106c0f5e0219d828019bc96de66a4711b689e9819e854c1dfe48270a40e8,"Three-start orientation coordinate search, at most eight passes per start; exact template sizing for each orientation under certified requirements; not global optimum."
resnet152,16,1,8,4 × 4,rotation_and_reflection,17920,32768.0,24576.0,6656.0,27.083333333333332,14848.0,45.3125,validated_reflection,/home/yj3616/workspace/phd-research/research-notes/max-resource-sweep-20260928/reflection-sweep-20261001/cases/ch8/c16-k1/resnet152/0d0794d31e4795357d71/design.json,d34b763f04de61f55ce483eaea3c71f33d9bc57038d74a59cccc6049265ae425,"Three-start orientation coordinate search, at most eight passes per start; exact template sizing for each orientation under certified requirements; not global optimum."
resnet152,32,16,8,4 × 8,rotation_and_reflection,91968,147456.0,119808.0,27840.0,23.237179487179485,55488.0,37.630208333333336,validated_reflection,/home/yj3616/workspace/phd-research/research-notes/max-resource-sweep-20260928/reflection-sweep-20261001/cases/ch8/c32-k16/resnet152/87db55480d6b6631d437/design.json,9524552345ed0cd6e4f1cfd7cb0e75d28b5c8d62bb719249cabe3b4f63cc9ab0,"Three-start orientation coordinate search, at most eight passes per start; exact template sizing for each orientation under certified requirements; not global optimum."
resnet152,32,4,8,4 × 8,rotation_and_reflection,53504,81920.0,66560.0,13056.0,19.615384615384617,28416.0,34.6875,validated_reflection,/home/yj3616/workspace/phd-research/research-notes/max-resource-sweep-20260928/reflection-sweep-20261001/cases/ch8/c32-k4/resnet152/4bea928e88d1a60232c6/design.json,1ea7b89f266db4fc972866ee73b747e571816357c50564c275a8f333cf248518,"Three-start orientation coordinate search, at most eight passes per start; exact template sizing for each orientation under certified requirements; not global optimum."
resnet152,32,1,8,4 × 8,rotation_and_reflection,50944,81920.0,66560.0,15616.0,23.46153846153846,30976.0,37.8125,validated_reflection,/home/yj3616/workspace/phd-research/research-notes/max-resource-sweep-20260928/reflection-sweep-20261001/cases/ch8/c32-k1/resnet152/5b639adf17a04aa803f1/design.json,55876885fae274c5b4e0d4a06a2c23ec34da7b0d90519f08c8faccd857767c83,"Three-start orientation coordinate search, at most eight passes per start; exact template sizing for each orientation under certified requirements; not global optimum."
resnet152,64,16,8,8 × 8,rotation_and_reflection,193984,294912.0,258048.0,64064.0,24.82638888888889,100928.0,34.22309027777778,validated_reflection,/home/yj3616/workspace/phd-research/research-notes/max-resource-sweep-20260928/reflection-sweep-20261001/cases/ch8/c64-k16/resnet152/d782171dba33a246adbe/design.json,246afd885cc42f17d0542ab8af2cffb3cb92ae52c59dcd5db530a2e8a5585bac,"Three-start orientation coordinate search, at most eight passes per start; exact template sizing for each orientation under certified requirements; not global optimum."
resnet152,64,4,8,8 × 8,rotation_and_reflection,128896,163840.0,143360.0,14464.0,10.089285714285714,34944.0,21.328125,validated_reflection,/home/yj3616/workspace/phd-research/research-notes/max-resource-sweep-20260928/reflection-sweep-20261001/cases/ch8/c64-k4/resnet152/223f77ec9f8cbfa7bd7a/design.json,81f4b891dff0bf8983edbf122ef22b7222212687e4f253f625033316a648fa99,"Three-start orientation coordinate search, at most eight passes per start; exact template sizing for each orientation under certified requirements; not global optimum."
resnet152,64,1,8,8 × 8,rotation_and_reflection,93696,131072.0,114688.0,20992.0,18.303571428571427,37376.0,28.515625,validated_reflection,/home/yj3616/workspace/phd-research/research-notes/max-resource-sweep-20260928/reflection-sweep-20261001/cases/ch8/c64-k1/resnet152/75553957b25838b5cb57/design.json,a66e4c0a27fb4fe6ef5e3528c5902be0c33a631ffe39744905e846435e39c9e8,"Three-start orientation coordinate search, at most eight passes per start; exact template sizing for each orientation under certified requirements; not global optimum."
resnet152,128,16,8,8 × 16,rotation_and_reflection,,,,,,,,not_computed,,,
resnet152,128,4,8,8 × 16,rotation_and_reflection,230272,327680.0,296960.0,66688.0,22.45689655172414,97408.0,29.7265625,validated_reflection,/home/yj3616/workspace/phd-research/research-notes/max-resource-sweep-20260928/reflection-sweep-20261001/cases/ch8/c128-k4/resnet152/909cd45d019d826b2c5d/design.json,5d18d9b04ee1195d7067a63991b8db043b98fecee604b8d03804b76ad72442b0,"Three-start orientation coordinate search, at most eight passes per start; exact template sizing for each orientation under certified requirements; not global optimum."
resnet152,128,1,8,8 × 16,rotation_and_reflection,282624,458752.0,415744.0,133120.0,32.01970443349754,176128.0,38.392857142857146,validated_reflection,/home/yj3616/workspace/phd-research/research-notes/max-resource-sweep-20260928/reflection-sweep-20261001/cases/ch8/c128-k1/resnet152/b5bcdb8c6cae9dd0fe2f/design.json,d51134c888d7f5c38693a8a26839441cee49aabeb3341a8a9a9dbedc051dd946,"Three-start orientation coordinate search, at most eight passes per start; exact template sizing for each orientation under certified requirements; not global optimum."
resnet152,256,16,8,16 × 16,rotation_and_reflection,,,,,,,,not_computed,,,
resnet152,256,4,8,16 × 16,rotation_and_reflection,470272,655360.0,614400.0,144128.0,23.458333333333332,185088.0,28.2421875,validated_reflection,/home/yj3616/workspace/phd-research/research-notes/max-resource-sweep-20260928/reflection-sweep-20261001/cases/ch8/c256-k4/resnet152/9d6bad7d0f54143b4be3/design.json,4f21ce6674fd227e1df26520deb1a968133840745f3f3f66cb0ceb5e4d7bc4d1,"Three-start orientation coordinate search, at most eight passes per start; exact template sizing for each orientation under certified requirements; not global optimum."
resnet152,256,1,8,16 × 16,rotation_and_reflection,991744,1703936.0,1597440.0,605696.0,37.916666666666664,712192.0,41.796875,validated_reflection,/home/yj3616/workspace/phd-research/research-notes/max-resource-sweep-20260928/reflection-sweep-20261001/cases/ch8/c256-k1/resnet152/1104c4ae457e99b45477/design.json,9b2ad633037c9508469942e08f2895287a57d12d061941d0023c12e429664617,"Three-start orientation coordinate search, at most eight passes per start; exact template sizing for each orientation under certified requirements; not global optimum."
resnet152,512,16,8,16 × 32,rotation_and_reflection,,,,,,,,not_computed,,,
resnet152,512,4,8,16 × 32,rotation_and_reflection,,,,,,,,not_computed,,,
resnet152,512,1,8,16 × 32,rotation_and_reflection,1491968,2621440.0,2498560.0,1006592.0,40.28688524590164,1129472.0,43.0859375,validated_reflection,/home/yj3616/workspace/phd-research/research-notes/max-resource-sweep-20260928/reflection-sweep-20261001/cases/ch8/c512-k1/resnet152/da9586dc620b1b8eff12/design.json,9e02dd969680ceca59b4449fcf0169d326882a2eaede1372be887f82871b056b,"Three-start orientation coordinate search, at most eight passes per start; exact template sizing for each orientation under certified requirements; not global optimum."
resnet152,1024,16,8,32 × 32,rotation_and_reflection,,,,,,,,not_computed,,,
resnet152,1024,4,8,32 × 32,rotation_and_reflection,,,,,,,,not_computed,,,
resnet152,1024,1,8,32 × 32,rotation_and_reflection,3627008,6291456.0,6094848.0,2467840.0,40.490591397849464,2664448.0,42.350260416666664,validated_reflection,/home/yj3616/workspace/phd-research/research-notes/max-resource-sweep-20260928/reflection-sweep-20261001/cases/ch8/c1024-k1/resnet152/e9262c3cf013e3bcd379/design.json,98269eb6fd01bdf4f7f9c8ff0bac3a0fcc8b78560d08b093be2d481679dafce6,"Three-start orientation coordinate search, at most eight passes per start; exact template sizing for each orientation under certified requirements; not global optimum."
bert_block,4,16,8,2 × 2,rotation_and_reflection,5120,12288.0,6144.0,1024.0,16.666666666666668,7168.0,58.333333333333336,validated_reflection,/home/yj3616/workspace/phd-research/research-notes/max-resource-sweep-20260928/reflection-sweep-20261001/cases/ch8/c4-k16/bert_block/a2ae88011b17ef909112/design.json,068ad9fcccb8a0d78b4dc670065ffea7b06ae6b93ae09b87697655845ca4a17d,Exact enumeration of 16 legal rotation/reflection assignments for fixed mappings and certified channel requirements.
bert_block,4,4,8,2 × 2,rotation_and_reflection,1536,4096.0,2048.0,512.0,25.0,2560.0,62.5,validated_reflection,/home/yj3616/workspace/phd-research/research-notes/max-resource-sweep-20260928/reflection-sweep-20261001/cases/ch8/c4-k4/bert_block/429b659a1a75366b4457/design.json,f2b20996059d0430b8adf75d49e3cc33b63f6ec4c6dae01daceb69688649a313,Exact enumeration of 16 legal rotation/reflection assignments for fixed mappings and certified channel requirements.
bert_block,4,1,8,2 × 2,rotation_and_reflection,1024,2048.0,1024.0,0.0,0.0,1024.0,50.0,validated_reflection,/home/yj3616/workspace/phd-research/research-notes/max-resource-sweep-20260928/reflection-sweep-20261001/cases/ch8/c4-k1/bert_block/7e394f7726676baa7f6c/design.json,6fa5043fc8438663a549e045b1650fd4efb6aed15910914685ad4e5258db42f9,Exact enumeration of 16 legal rotation/reflection assignments for fixed mappings and certified channel requirements.
bert_block,8,16,8,2 × 4,rotation_and_reflection,11264,24576.0,15360.0,4096.0,26.666666666666668,13312.0,54.166666666666664,validated_reflection,/home/yj3616/workspace/phd-research/research-notes/max-resource-sweep-20260928/reflection-sweep-20261001/cases/ch8/c8-k16/bert_block/66eda8d50688fe94a14f/design.json,a112bbdc09347af1215d14ffd3e6f690754673018032d9a42351d3c876485fc0,"Three-start orientation coordinate search, at most eight passes per start; exact template sizing for each orientation under certified requirements; not global optimum."
bert_block,8,4,8,2 × 4,rotation_and_reflection,5120,8192.0,5120.0,0.0,0.0,3072.0,37.5,validated_reflection,/home/yj3616/workspace/phd-research/research-notes/max-resource-sweep-20260928/reflection-sweep-20261001/cases/ch8/c8-k4/bert_block/c6c039422446d920fc82/design.json,0439dc90413fbf62331662f0d238b3b9f3dc492fb107cab825b1b27029fad690,"Three-start orientation coordinate search, at most eight passes per start; exact template sizing for each orientation under certified requirements; not global optimum."
bert_block,8,1,8,2 × 4,rotation_and_reflection,2560,4096.0,2560.0,0.0,0.0,1536.0,37.5,validated_reflection,/home/yj3616/workspace/phd-research/research-notes/max-resource-sweep-20260928/reflection-sweep-20261001/cases/ch8/c8-k1/bert_block/d1064dbbe23d74060477/design.json,77befa0c23b038ec8ff01595c6d250210e22294a6fc61b2b6d93ba9a6e0869ae,"Three-start orientation coordinate search, at most eight passes per start; exact template sizing for each orientation under certified requirements; not global optimum."
bert_block,16,16,8,4 × 4,rotation_and_reflection,41984,73728.0,55296.0,13312.0,24.074074074074073,31744.0,43.05555555555556,validated_reflection,/home/yj3616/workspace/phd-research/research-notes/max-resource-sweep-20260928/reflection-sweep-20261001/cases/ch8/c16-k16/bert_block/050c3bcc7ab2ffd1d64c/design.json,96366a72df312e88affddc1a3b02eb1bd0192c12caafee885c3024d7157d8d27,"Three-start orientation coordinate search, at most eight passes per start; exact template sizing for each orientation under certified requirements; not global optimum."
bert_block,16,4,8,4 × 4,rotation_and_reflection,18944,32768.0,24576.0,5632.0,22.916666666666668,13824.0,42.1875,validated_reflection,/home/yj3616/workspace/phd-research/research-notes/max-resource-sweep-20260928/reflection-sweep-20261001/cases/ch8/c16-k4/bert_block/2b9ba2f64d589e00c78d/design.json,130b9f54aef199dedd1969d61e62407fdb1e3754ab9a13566144454a3d54e5a2,"Three-start orientation coordinate search, at most eight passes per start; exact template sizing for each orientation under certified requirements; not global optimum."
bert_block,16,1,8,4 × 4,rotation_and_reflection,6144,8192.0,6144.0,0.0,0.0,2048.0,25.0,validated_reflection,/home/yj3616/workspace/phd-research/research-notes/max-resource-sweep-20260928/reflection-sweep-20261001/cases/ch8/c16-k1/bert_block/dc965a7358ebe4d5bce6/design.json,0e25d76e84fc9dacbc1bcb604827c8cd5976f1b533d7815ad8e88989676ee4cf,"Three-start orientation coordinate search, at most eight passes per start; exact template sizing for each orientation under certified requirements; not global optimum."
bert_block,32,16,8,4 × 8,rotation_and_reflection,80384,131072.0,106496.0,26112.0,24.51923076923077,50688.0,38.671875,validated_reflection,/home/yj3616/workspace/phd-research/research-notes/max-resource-sweep-20260928/reflection-sweep-20261001/cases/ch8/c32-k16/bert_block/8b980c9be2b638e420d9/design.json,49273f056523dea8492b8d21b046b2b785987926661255c5d5685704d3c5f372,"Three-start orientation coordinate search, at most eight passes per start; exact template sizing for each orientation under certified requirements; not global optimum."
bert_block,32,4,8,4 × 8,rotation_and_reflection,40448,65536.0,53248.0,12800.0,24.03846153846154,25088.0,38.28125,validated_reflection,/home/yj3616/workspace/phd-research/research-notes/max-resource-sweep-20260928/reflection-sweep-20261001/cases/ch8/c32-k4/bert_block/80afc05d1b571fd1b1ca/design.json,aba25bf1d697b667b7a8265de5edb50ae3d8f44efe72729dd4ee36bc04691702,"Three-start orientation coordinate search, at most eight passes per start; exact template sizing for each orientation under certified requirements; not global optimum."
bert_block,32,1,8,4 × 8,rotation_and_reflection,13312,16384.0,13312.0,0.0,0.0,3072.0,18.75,validated_reflection,/home/yj3616/workspace/phd-research/research-notes/max-resource-sweep-20260928/reflection-sweep-20261001/cases/ch8/c32-k1/bert_block/d27c0799e1a2c8799dbb/design.json,151f284cda79f191b443927a88daec03b8a7228cb8a1c1c6670f2ed8a063b195,"Three-start orientation coordinate search, at most eight passes per start; exact template sizing for each orientation under certified requirements; not global optimum."
bert_block,64,16,8,8 × 8,rotation_and_reflection,201600,294912.0,258048.0,56448.0,21.875,93312.0,31.640625,validated_reflection,/home/yj3616/workspace/phd-research/research-notes/max-resource-sweep-20260928/reflection-sweep-20261001/cases/ch8/c64-k16/bert_block/e5e82e95147c5a023859/design.json,e35ac4b16302b28f18ba4cfb2c0a0d872f83073a0c88bb38ccce5d904027d7fd,"Three-start orientation coordinate search, at most eight passes per start; exact template sizing for each orientation under certified requirements; not global optimum."
bert_block,64,4,8,8 × 8,rotation_and_reflection,118784,163840.0,143360.0,24576.0,17.142857142857142,45056.0,27.5,validated_reflection,/home/yj3616/workspace/phd-research/research-notes/max-resource-sweep-20260928/reflection-sweep-20261001/cases/ch8/c64-k4/bert_block/c4bd6bf15b21ad7301ce/design.json,cf9f5488ca712b08ad37bcb06fa9e5bba372c9f0e8d313c730db265d0d5b4cc7,"Three-start orientation coordinate search, at most eight passes per start; exact template sizing for each orientation under certified requirements; not global optimum."
bert_block,64,1,8,8 × 8,rotation_and_reflection,48128,65536.0,57344.0,9216.0,16.071428571428573,17408.0,26.5625,validated_reflection,/home/yj3616/workspace/phd-research/research-notes/max-resource-sweep-20260928/reflection-sweep-20261001/cases/ch8/c64-k1/bert_block/3030ea63093a013d9602/design.json,ea0f96c48789dc958e427e7e294b21fe866bc57a140e61a8fb04a5ac5ede2ad1,"Three-start orientation coordinate search, at most eight passes per start; exact template sizing for each orientation under certified requirements; not global optimum."
bert_block,128,16,8,8 × 16,rotation_and_reflection,,,,,,,,not_computed,,,
bert_block,128,4,8,8 × 16,rotation_and_reflection,193792,327680.0,296960.0,103168.0,34.741379310344826,133888.0,40.859375,validated_reflection,/home/yj3616/workspace/phd-research/research-notes/max-resource-sweep-20260928/reflection-sweep-20261001/cases/ch8/c128-k4/bert_block/61babc2bc650ae2d46f5/design.json,a4353802542011ecda17475c7b12d8175831161b4271e849eab62f4fdbb5e971,"Three-start orientation coordinate search, at most eight passes per start; exact template sizing for each orientation under certified requirements; not global optimum."
bert_block,128,1,8,8 × 16,rotation_and_reflection,94208,131072.0,118784.0,24576.0,20.689655172413794,36864.0,28.125,validated_reflection,/home/yj3616/workspace/phd-research/research-notes/max-resource-sweep-20260928/reflection-sweep-20261001/cases/ch8/c128-k1/bert_block/d22226136ef67a1f6c9c/design.json,14e2a74ff3bead4fbd87d2736d99245eab29c9dbdfd179c3744f8049ccfecdbb,"Three-start orientation coordinate search, at most eight passes per start; exact template sizing for each orientation under certified requirements; not global optimum."
bert_block,256,16,8,16 × 16,rotation_and_reflection,,,,,,,,not_computed,,,
bert_block,256,4,8,16 × 16,rotation_and_reflection,458240,655360.0,614400.0,156160.0,25.416666666666668,197120.0,30.078125,validated_reflection,/home/yj3616/workspace/phd-research/research-notes/max-resource-sweep-20260928/reflection-sweep-20261001/cases/ch8/c256-k4/bert_block/4ee1a4e1f94426f35521/design.json,8165e8b03dab4ebca1aa520955f3e066a49494e3f4050911eab4d54e58d51beb,"Three-start orientation coordinate search, at most eight passes per start; exact template sizing for each orientation under certified requirements; not global optimum."
bert_block,256,1,8,16 × 16,rotation_and_reflection,314368,393216.0,368640.0,54272.0,14.722222222222221,78848.0,20.052083333333332,validated_reflection,/home/yj3616/workspace/phd-research/research-notes/max-resource-sweep-20260928/reflection-sweep-20261001/cases/ch8/c256-k1/bert_block/fa4987d2810caa94d998/design.json,ea70baa9c69b0add137f899726183dd4f6354d4e3aa9dc4603528cc9944b0c7d,"Three-start orientation coordinate search, at most eight passes per start; exact template sizing for each orientation under certified requirements; not global optimum."
bert_block,512,16,8,16 × 32,rotation_and_reflection,,,,,,,,not_computed,,,
bert_block,512,4,8,16 × 32,rotation_and_reflection,,,,,,,,not_computed,,,
bert_block,512,1,8,16 × 32,rotation_and_reflection,658432,1048576.0,999424.0,340992.0,34.118852459016395,390144.0,37.20703125,validated_reflection,/home/yj3616/workspace/phd-research/research-notes/max-resource-sweep-20260928/reflection-sweep-20261001/cases/ch8/c512-k1/bert_block/8d303bfacd526f5007aa/design.json,2a53a285b64e925175d665ff7cadb805ffdb40c88c3598fe6bbdc8653b73f553,"Three-start orientation coordinate search, at most eight passes per start; exact template sizing for each orientation under certified requirements; not global optimum."
bert_block,1024,16,8,32 × 32,rotation_and_reflection,,,,,,,,not_computed,,,
bert_block,1024,4,8,32 × 32,rotation_and_reflection,,,,,,,,not_computed,,,
bert_block,1024,1,8,32 × 32,rotation_and_reflection,1637376,2097152.0,2031616.0,394240.0,19.405241935483872,459776.0,21.923828125,validated_reflection,/home/yj3616/workspace/phd-research/research-notes/max-resource-sweep-20260928/reflection-sweep-20261001/cases/ch8/c1024-k1/bert_block/58bb736e90008aeccab1/design.json,6910f9496c243517f08795d23acc661c5c543377d423742484c88c9b5495feae,"Three-start orientation coordinate search, at most eight passes per start; exact template sizing for each orientation under certified requirements; not global optimum."
gpt_prefill_block,4,16,8,2 × 2,rotation_and_reflection,5120,12288.0,6144.0,1024.0,16.666666666666668,7168.0,58.333333333333336,validated_reflection,/home/yj3616/workspace/phd-research/research-notes/max-resource-sweep-20260928/reflection-sweep-20261001/cases/ch8/c4-k16/gpt_prefill_block/a3fb9a76a48488dbc487/design.json,fdf59d1760eec3e158d583b38e800fc76be11b2330c8e850891063b351398134,Exact enumeration of 16 legal rotation/reflection assignments for fixed mappings and certified channel requirements.
gpt_prefill_block,4,4,8,2 × 2,rotation_and_reflection,1536,4096.0,2048.0,512.0,25.0,2560.0,62.5,validated_reflection,/home/yj3616/workspace/phd-research/research-notes/max-resource-sweep-20260928/reflection-sweep-20261001/cases/ch8/c4-k4/gpt_prefill_block/2bf3aaf8d6bc2ccd2fdd/design.json,fa235ca196985e1ebb6d93a37890a90bce437504281c1202a1bf14b48d8f4202,Exact enumeration of 16 legal rotation/reflection assignments for fixed mappings and certified channel requirements.
gpt_prefill_block,4,1,8,2 × 2,rotation_and_reflection,1024,2048.0,1024.0,0.0,0.0,1024.0,50.0,validated_reflection,/home/yj3616/workspace/phd-research/research-notes/max-resource-sweep-20260928/reflection-sweep-20261001/cases/ch8/c4-k1/gpt_prefill_block/f36954e1dcebef0c547b/design.json,c1a8b87e643a1b0e3168870bab468fa15af7c964dd1ec15cc1f8fb5055b2e8b4,Exact enumeration of 16 legal rotation/reflection assignments for fixed mappings and certified channel requirements.
gpt_prefill_block,8,16,8,2 × 4,rotation_and_reflection,12288,32768.0,20480.0,8192.0,40.0,20480.0,62.5,validated_reflection,/home/yj3616/workspace/phd-research/research-notes/max-resource-sweep-20260928/reflection-sweep-20261001/cases/ch8/c8-k16/gpt_prefill_block/e7d4c5008f8c19b832d9/design.json,e44dcfd20afba94472f76f68794c0d8a7cbc934bbf6ca2845ed670cf9f0c68ec,"Three-start orientation coordinate search, at most eight passes per start; exact template sizing for each orientation under certified requirements; not global optimum."
gpt_prefill_block,8,4,8,2 × 4,rotation_and_reflection,5120,8192.0,5120.0,0.0,0.0,3072.0,37.5,validated_reflection,/home/yj3616/workspace/phd-research/research-notes/max-resource-sweep-20260928/reflection-sweep-20261001/cases/ch8/c8-k4/gpt_prefill_block/3b39469f3322d2e6df46/design.json,e942000fb27b005221270ea39be000c3bbdbc4e4fb519f1a578e94b2ece4238e,"Three-start orientation coordinate search, at most eight passes per start; exact template sizing for each orientation under certified requirements; not global optimum."
gpt_prefill_block,8,1,8,2 × 4,rotation_and_reflection,2560,4096.0,2560.0,0.0,0.0,1536.0,37.5,validated_reflection,/home/yj3616/workspace/phd-research/research-notes/max-resource-sweep-20260928/reflection-sweep-20261001/cases/ch8/c8-k1/gpt_prefill_block/7ed5e1593d83b9574e03/design.json,313ac5eb72be8dc00804987889956207e4d3fbb3f17ad4b66a47c04e38657a1d,"Three-start orientation coordinate search, at most eight passes per start; exact template sizing for each orientation under certified requirements; not global optimum."
gpt_prefill_block,16,16,8,4 × 4,rotation_and_reflection,41984,73728.0,55296.0,13312.0,24.074074074074073,31744.0,43.05555555555556,validated_reflection,/home/yj3616/workspace/phd-research/research-notes/max-resource-sweep-20260928/reflection-sweep-20261001/cases/ch8/c16-k16/gpt_prefill_block/3e6c16050a826a4ff679/design.json,4cdbd5f8bbcd8489acdc52bf84eedc239f7c18823d49556f6d2ac959a4a06c89,"Three-start orientation coordinate search, at most eight passes per start; exact template sizing for each orientation under certified requirements; not global optimum."
gpt_prefill_block,16,4,8,4 × 4,rotation_and_reflection,18944,32768.0,24576.0,5632.0,22.916666666666668,13824.0,42.1875,validated_reflection,/home/yj3616/workspace/phd-research/research-notes/max-resource-sweep-20260928/reflection-sweep-20261001/cases/ch8/c16-k4/gpt_prefill_block/c645f43800acb9d47701/design.json,bc5c639bd9604879570194a5f3697215cf16028e8b277ad8d1e2f16a28b24cae,"Three-start orientation coordinate search, at most eight passes per start; exact template sizing for each orientation under certified requirements; not global optimum."
gpt_prefill_block,16,1,8,4 × 4,rotation_and_reflection,6144,8192.0,6144.0,0.0,0.0,2048.0,25.0,validated_reflection,/home/yj3616/workspace/phd-research/research-notes/max-resource-sweep-20260928/reflection-sweep-20261001/cases/ch8/c16-k1/gpt_prefill_block/bfe99051c3adb573a23f/design.json,8a153872e3fbacef8fffea73af765d53cee231025f026d3f2ed25a78db7fc886,"Three-start orientation coordinate search, at most eight passes per start; exact template sizing for each orientation under certified requirements; not global optimum."
gpt_prefill_block,32,16,8,4 × 8,rotation_and_reflection,80384,131072.0,106496.0,26112.0,24.51923076923077,50688.0,38.671875,validated_reflection,/home/yj3616/workspace/phd-research/research-notes/max-resource-sweep-20260928/reflection-sweep-20261001/cases/ch8/c32-k16/gpt_prefill_block/23107132d6eb2bf5bb79/design.json,690954f4beb0bb6f62b0127aeeb8619785ff82009c8056e713d954d5a1a28572,"Three-start orientation coordinate search, at most eight passes per start; exact template sizing for each orientation under certified requirements; not global optimum."
gpt_prefill_block,32,4,8,4 × 8,rotation_and_reflection,43520,65536.0,53248.0,9728.0,18.26923076923077,22016.0,33.59375,validated_reflection,/home/yj3616/workspace/phd-research/research-notes/max-resource-sweep-20260928/reflection-sweep-20261001/cases/ch8/c32-k4/gpt_prefill_block/b4da7870c5393b5003c1/design.json,6acebe5cd8ecb3a4e0c2657cdc6fc6700058b795dd60d8ca79c3618a2351e365,"Three-start orientation coordinate search, at most eight passes per start; exact template sizing for each orientation under certified requirements; not global optimum."
gpt_prefill_block,32,1,8,4 × 8,rotation_and_reflection,13312,16384.0,13312.0,0.0,0.0,3072.0,18.75,validated_reflection,/home/yj3616/workspace/phd-research/research-notes/max-resource-sweep-20260928/reflection-sweep-20261001/cases/ch8/c32-k1/gpt_prefill_block/658693be055d7d9470b1/design.json,fc1ff0dbd9d639580dae2e0797a8e66faaa14c98ee6ca4e4276f32cc79946461,"Three-start orientation coordinate search, at most eight passes per start; exact template sizing for each orientation under certified requirements; not global optimum."
gpt_prefill_block,64,16,8,8 × 8,rotation_and_reflection,204288,294912.0,258048.0,53760.0,20.833333333333332,90624.0,30.729166666666668,validated_reflection,/home/yj3616/workspace/phd-research/research-notes/max-resource-sweep-20260928/reflection-sweep-20261001/cases/ch8/c64-k16/gpt_prefill_block/5993741a6e46172b230c/design.json,7c60e8e7f62deded8b1a0fa054ec9a837536e3ce7f18e7ba8c410c99cd9748f6,"Three-start orientation coordinate search, at most eight passes per start; exact template sizing for each orientation under certified requirements; not global optimum."
gpt_prefill_block,64,4,8,8 × 8,rotation_and_reflection,118784,163840.0,143360.0,24576.0,17.142857142857142,45056.0,27.5,validated_reflection,/home/yj3616/workspace/phd-research/research-notes/max-resource-sweep-20260928/reflection-sweep-20261001/cases/ch8/c64-k4/gpt_prefill_block/929e11fb84802cd1881e/design.json,34af7c01a30d6e31af753ac5da6b25d430c2730ca2ee9a1a80b8b9377d5aa725,"Three-start orientation coordinate search, at most eight passes per start; exact template sizing for each orientation under certified requirements; not global optimum."
gpt_prefill_block,64,1,8,8 × 8,rotation_and_reflection,48128,65536.0,57344.0,9216.0,16.071428571428573,17408.0,26.5625,validated_reflection,/home/yj3616/workspace/phd-research/research-notes/max-resource-sweep-20260928/reflection-sweep-20261001/cases/ch8/c64-k1/gpt_prefill_block/143d94bcb769f70c341d/design.json,9fb020f0555bf792bdf64d2231511a0465bc1999254daeeec29c0e960521ab81,"Three-start orientation coordinate search, at most eight passes per start; exact template sizing for each orientation under certified requirements; not global optimum."
gpt_prefill_block,128,16,8,8 × 16,rotation_and_reflection,,,,,,,,not_computed,,,
gpt_prefill_block,128,4,8,8 × 16,rotation_and_reflection,188416,262144.0,237568.0,49152.0,20.689655172413794,73728.0,28.125,validated_reflection,/home/yj3616/workspace/phd-research/research-notes/max-resource-sweep-20260928/reflection-sweep-20261001/cases/ch8/c128-k4/gpt_prefill_block/769aaf11f4046b5cd2fb/design.json,c6e4cba33a4f36b5f73b949af1c27bb9fcb01db4a210ba2511c9684eb5f90ea9,"Three-start orientation coordinate search, at most eight passes per start; exact template sizing for each orientation under certified requirements; not global optimum."
gpt_prefill_block,128,1,8,8 × 16,rotation_and_reflection,94208,131072.0,118784.0,24576.0,20.689655172413794,36864.0,28.125,validated_reflection,/home/yj3616/workspace/phd-research/research-notes/max-resource-sweep-20260928/reflection-sweep-20261001/cases/ch8/c128-k1/gpt_prefill_block/7248c373c5289edaaec8/design.json,3053583734185ab6c756f68fd566cf588eba305a2168bc2dcc2dfb5746a5721c,"Three-start orientation coordinate search, at most eight passes per start; exact template sizing for each orientation under certified requirements; not global optimum."
gpt_prefill_block,256,16,8,16 × 16,rotation_and_reflection,,,,,,,,not_computed,,,
gpt_prefill_block,256,4,8,16 × 16,rotation_and_reflection,515584,655360.0,614400.0,98816.0,16.083333333333332,139776.0,21.328125,validated_reflection,/home/yj3616/workspace/phd-research/research-notes/max-resource-sweep-20260928/reflection-sweep-20261001/cases/ch8/c256-k4/gpt_prefill_block/2dcf321e1ac0c34f1e0c/design.json,7853d195b50d6c8f757d699d73beb224774e5e31003748b3aebbe52753ff04ab,"Three-start orientation coordinate search, at most eight passes per start; exact template sizing for each orientation under certified requirements; not global optimum."
gpt_prefill_block,256,1,8,16 × 16,rotation_and_reflection,382976,524288.0,491520.0,108544.0,22.083333333333332,141312.0,26.953125,validated_reflection,/home/yj3616/workspace/phd-research/research-notes/max-resource-sweep-20260928/reflection-sweep-20261001/cases/ch8/c256-k1/gpt_prefill_block/9ba2b83e42787a0b33e0/design.json,57f7993605619202fdc55fbb86ac71bf280d56683335fccfe262260ff61f4df5,"Three-start orientation coordinate search, at most eight passes per start; exact template sizing for each orientation under certified requirements; not global optimum."
gpt_prefill_block,512,16,8,16 × 32,rotation_and_reflection,,,,,,,,not_computed,,,
gpt_prefill_block,512,4,8,16 × 32,rotation_and_reflection,,,,,,,,not_computed,,,
gpt_prefill_block,512,1,8,16 × 32,rotation_and_reflection,1067008,1835008.0,1748992.0,681984.0,38.99297423887588,768000.0,41.85267857142857,validated_reflection,/home/yj3616/workspace/phd-research/research-notes/max-resource-sweep-20260928/reflection-sweep-20261001/cases/ch8/c512-k1/gpt_prefill_block/27f4430fb7f3bf604e76/design.json,73370ccfed4aee3b23cbe2ae9b1a75f3ee0ddac11c0e30cbd2f4c2dc13d76235,"Three-start orientation coordinate search, at most eight passes per start; exact template sizing for each orientation under certified requirements; not global optimum."
gpt_prefill_block,1024,16,8,32 × 32,rotation_and_reflection,,,,,,,,not_computed,,,
gpt_prefill_block,1024,4,8,32 × 32,rotation_and_reflection,,,,,,,,not_computed,,,
gpt_prefill_block,1024,1,8,32 × 32,rotation_and_reflection,1661696,2097152.0,2031616.0,369920.0,18.208165322580644,435456.0,20.76416015625,validated_reflection,/home/yj3616/workspace/phd-research/research-notes/max-resource-sweep-20260928/reflection-sweep-20261001/cases/ch8/c1024-k1/gpt_prefill_block/6f0f56fcbc5a9e0d03ed/design.json,af2dc8e6bcf70a6ce5305101975dc7e9748fdd24766f013d0a98ea5d2ddaf716,"Three-start orientation coordinate search, at most eight passes per start; exact template sizing for each orientation under certified requirements; not global optimum."
gpt_decode_block,4,16,8,2 × 2,rotation_and_reflection,6528,14336.0,7168.0,640.0,8.928571428571429,7808.0,54.464285714285715,validated_reflection,/home/yj3616/workspace/phd-research/research-notes/max-resource-sweep-20260928/reflection-sweep-20261001/cases/ch8/c4-k16/gpt_decode_block/63b3eef11b33de6773f3/design.json,ccd79b0de505187185cb543347ed674149cbe79bf8d235e2f0ef2d81dd655bc8,Exact enumeration of 16 legal rotation/reflection assignments for fixed mappings and certified channel requirements.
gpt_decode_block,4,4,8,2 × 2,rotation_and_reflection,5632,16384.0,8192.0,2560.0,31.25,10752.0,65.625,validated_reflection,/home/yj3616/workspace/phd-research/research-notes/max-resource-sweep-20260928/reflection-sweep-20261001/cases/ch8/c4-k4/gpt_decode_block/1583db152a0ce5cee9f2/design.json,6ede5bcde06cc4a779fd901277e694d8843a814bf2fefeb97b8bc57dd64e53ab,Exact enumeration of 16 legal rotation/reflection assignments for fixed mappings and certified channel requirements.
gpt_decode_block,4,1,8,2 × 2,rotation_and_reflection,2560,6144.0,3072.0,512.0,16.666666666666668,3584.0,58.333333333333336,validated_reflection,/home/yj3616/workspace/phd-research/research-notes/max-resource-sweep-20260928/reflection-sweep-20261001/cases/ch8/c4-k1/gpt_decode_block/0f7e062542b71b08bf40/design.json,1d923f3eac513a9a0e39baa578d8dce069195b4bc6c6a74d17e42b83823f7330,Exact enumeration of 16 legal rotation/reflection assignments for fixed mappings and certified channel requirements.
gpt_decode_block,8,16,8,2 × 4,rotation_and_reflection,17536,36864.0,23040.0,5504.0,23.88888888888889,19328.0,52.43055555555556,validated_reflection,/home/yj3616/workspace/phd-research/research-notes/max-resource-sweep-20260928/reflection-sweep-20261001/cases/ch8/c8-k16/gpt_decode_block/f7c97e7b152b0509348f/design.json,de472853076dbd5977476aa71affa0e0143a4d369d2a81be7fa4e259991e4a77,"Three-start orientation coordinate search, at most eight passes per start; exact template sizing for each orientation under certified requirements; not global optimum."
gpt_decode_block,8,4,8,2 × 4,rotation_and_reflection,9728,20480.0,12800.0,3072.0,24.0,10752.0,52.5,validated_reflection,/home/yj3616/workspace/phd-research/research-notes/max-resource-sweep-20260928/reflection-sweep-20261001/cases/ch8/c8-k4/gpt_decode_block/873ba6e6c8cc7467dbc9/design.json,2e064f287eaa6cdec7d3632f5e76deeef853abdc47b0eee0f1dde02311461018,"Three-start orientation coordinate search, at most eight passes per start; exact template sizing for each orientation under certified requirements; not global optimum."
gpt_decode_block,8,1,8,2 × 4,rotation_and_reflection,8192,16384.0,10240.0,2048.0,20.0,8192.0,50.0,validated_reflection,/home/yj3616/workspace/phd-research/research-notes/max-resource-sweep-20260928/reflection-sweep-20261001/cases/ch8/c8-k1/gpt_decode_block/8afcd9356992274a30ec/design.json,f59b0284ac6c634ba5a37875b880fbc80928b173f1decec27ced97ef700ff3b7,"Three-start orientation coordinate search, at most eight passes per start; exact template sizing for each orientation under certified requirements; not global optimum."
gpt_decode_block,16,16,8,4 × 4,rotation_and_reflection,35712,65536.0,49152.0,13440.0,27.34375,29824.0,45.5078125,validated_reflection,/home/yj3616/workspace/phd-research/research-notes/max-resource-sweep-20260928/reflection-sweep-20261001/cases/ch8/c16-k16/gpt_decode_block/a6171b06f5090d959b67/design.json,dc0f1f50609063ab0a68f3028b5f68c90455b2761e22839961d5697a8faff48e,"Three-start orientation coordinate search, at most eight passes per start; exact template sizing for each orientation under certified requirements; not global optimum."
gpt_decode_block,16,4,8,4 × 4,rotation_and_reflection,22144,32768.0,24576.0,2432.0,9.895833333333334,10624.0,32.421875,validated_reflection,/home/yj3616/workspace/phd-research/research-notes/max-resource-sweep-20260928/reflection-sweep-20261001/cases/ch8/c16-k4/gpt_decode_block/e4a62ce1b9db965ee350/design.json,bef37ac168bbf76281f237633516220b3c097d7b0b73edba3b289efeef478ece,"Three-start orientation coordinate search, at most eight passes per start; exact template sizing for each orientation under certified requirements; not global optimum."
gpt_decode_block,16,1,8,4 × 4,rotation_and_reflection,23040,49152.0,36864.0,13824.0,37.5,26112.0,53.125,validated_reflection,/home/yj3616/workspace/phd-research/research-notes/max-resource-sweep-20260928/reflection-sweep-20261001/cases/ch8/c16-k1/gpt_decode_block/f7f28ed616ddd8f62849/design.json,a2fc5b9684596afb701ba56022511f6e9a075f490a9030b3c4cc555b885654e8,"Three-start orientation coordinate search, at most eight passes per start; exact template sizing for each orientation under certified requirements; not global optimum."
gpt_decode_block,32,16,8,4 × 8,rotation_and_reflection,76544,147456.0,119808.0,43264.0,36.111111111111114,70912.0,48.09027777777778,validated_reflection,/home/yj3616/workspace/phd-research/research-notes/max-resource-sweep-20260928/reflection-sweep-20261001/cases/ch8/c32-k16/gpt_decode_block/7117d8bb1a8916f14a45/design.json,c711a3aaa27cd4b7e1a53b7e7d5bf6c479778bdae3c76d04f7e2be5e59cbc00d,"Three-start orientation coordinate search, at most eight passes per start; exact template sizing for each orientation under certified requirements; not global optimum."
gpt_decode_block,32,4,8,4 × 8,rotation_and_reflection,58496,81920.0,66560.0,8064.0,12.115384615384615,23424.0,28.59375,validated_reflection,/home/yj3616/workspace/phd-research/research-notes/max-resource-sweep-20260928/reflection-sweep-20261001/cases/ch8/c32-k4/gpt_decode_block/bff8b5cc8d12f43382cc/design.json,5407d6775baf2102e082f3afd2a3a477d3c47f637922045255749c8bf04200dc,"Three-start orientation coordinate search, at most eight passes per start; exact template sizing for each orientation under certified requirements; not global optimum."
gpt_decode_block,32,1,8,4 × 8,rotation_and_reflection,66304,114688.0,93184.0,26880.0,28.846153846153847,48384.0,42.1875,validated_reflection,/home/yj3616/workspace/phd-research/research-notes/max-resource-sweep-20260928/reflection-sweep-20261001/cases/ch8/c32-k1/gpt_decode_block/4554fe029d70a9de8cc6/design.json,8e43081f4ad51a421116cc4f4eb90e178e554cccf95ad33bc525e2ce8b53272d,"Three-start orientation coordinate search, at most eight passes per start; exact template sizing for each orientation under certified requirements; not global optimum."
gpt_decode_block,64,16,8,8 × 8,rotation_and_reflection,145536,262144.0,229376.0,83840.0,36.551339285714285,116608.0,44.482421875,validated_reflection,/home/yj3616/workspace/phd-research/research-notes/max-resource-sweep-20260928/reflection-sweep-20261001/cases/ch8/c64-k16/gpt_decode_block/4cbcccfd58aeb7219aa5/design.json,268afe6a5efe661fba581dbd44a165b2737e8958b7d22b92024e6a8acf6d214e,"Three-start orientation coordinate search, at most eight passes per start; exact template sizing for each orientation under certified requirements; not global optimum."
gpt_decode_block,64,4,8,8 × 8,rotation_and_reflection,113920,163840.0,143360.0,29440.0,20.535714285714285,49920.0,30.46875,validated_reflection,/home/yj3616/workspace/phd-research/research-notes/max-resource-sweep-20260928/reflection-sweep-20261001/cases/ch8/c64-k4/gpt_decode_block/7f5d53912d93fc145f73/design.json,e361f35bb2335f58c2897e07e80c9fa21f1c178518f294ad0731857e02a20e99,"Three-start orientation coordinate search, at most eight passes per start; exact template sizing for each orientation under certified requirements; not global optimum."
gpt_decode_block,64,1,8,8 × 8,rotation_and_reflection,104192,131072.0,114688.0,10496.0,9.151785714285714,26880.0,20.5078125,validated_reflection,/home/yj3616/workspace/phd-research/research-notes/max-resource-sweep-20260928/reflection-sweep-20261001/cases/ch8/c64-k1/gpt_decode_block/eaddab9021932b9d8840/design.json,d81522cedeba2c6f143e5f54a172f5e28e62042da8b11191abe75972134e2a2f,"Three-start orientation coordinate search, at most eight passes per start; exact template sizing for each orientation under certified requirements; not global optimum."
gpt_decode_block,128,16,8,8 × 16,rotation_and_reflection,,,,,,,,not_computed,,,
gpt_decode_block,128,4,8,8 × 16,rotation_and_reflection,206272,327680.0,296960.0,90688.0,30.538793103448278,121408.0,37.05078125,validated_reflection,/home/yj3616/workspace/phd-research/research-notes/max-resource-sweep-20260928/reflection-sweep-20261001/cases/ch8/c128-k4/gpt_decode_block/1c0362eb6e6e2640d304/design.json,5b4f10dca84ba9626fee3e1d1b220f4c6b0dddefe4a9b2f7f35f1757e0d1abf4,"Three-start orientation coordinate search, at most eight passes per start; exact template sizing for each orientation under certified requirements; not global optimum."
gpt_decode_block,128,1,8,8 × 16,rotation_and_reflection,294144,589824.0,534528.0,240384.0,44.97126436781609,295680.0,50.130208333333336,validated_reflection,/home/yj3616/workspace/phd-research/research-notes/max-resource-sweep-20260928/reflection-sweep-20261001/cases/ch8/c128-k1/gpt_decode_block/e1269fabee435c16d4fc/design.json,b511cf5b1ab48cf448fc1c059a41a8bdc8521224613d7765f8ea2f18355e269d,"Three-start orientation coordinate search, at most eight passes per start; exact template sizing for each orientation under certified requirements; not global optimum."
gpt_decode_block,256,16,8,16 × 16,rotation_and_reflection,,,,,,,,not_computed,,,
gpt_decode_block,256,4,8,16 × 16,rotation_and_reflection,371072,655360.0,614400.0,243328.0,39.604166666666664,284288.0,43.37890625,validated_reflection,/home/yj3616/workspace/phd-research/research-notes/max-resource-sweep-20260928/reflection-sweep-20261001/cases/ch8/c256-k4/gpt_decode_block/0263dc07ff505593ae89/design.json,0a87cd685f5d8ea1cf84658f02290606be28775b4cb6595235a1508bcf4a5126,"Three-start orientation coordinate search, at most eight passes per start; exact template sizing for each orientation under certified requirements; not global optimum."
gpt_decode_block,256,1,8,16 × 16,rotation_and_reflection,579584,917504.0,860160.0,280576.0,32.61904761904762,337920.0,36.830357142857146,validated_reflection,/home/yj3616/workspace/phd-research/research-notes/max-resource-sweep-20260928/reflection-sweep-20261001/cases/ch8/c256-k1/gpt_decode_block/a56a06aaf96758acfaf1/design.json,f3928b7592469418338f5157fefcd4205dbe56a0bc90b9c49cc29ece2e6b0103,"Three-start orientation coordinate search, at most eight passes per start; exact template sizing for each orientation under certified requirements; not global optimum."
gpt_decode_block,512,16,8,16 × 32,rotation_and_reflection,,,,,,,,not_computed,,,
gpt_decode_block,512,4,8,16 × 32,rotation_and_reflection,,,,,,,,not_computed,,,
gpt_decode_block,512,1,8,16 × 32,rotation_and_reflection,943104,1835008.0,1748992.0,805888.0,46.077283372365336,891904.0,48.604910714285715,validated_reflection,/home/yj3616/workspace/phd-research/research-notes/max-resource-sweep-20260928/reflection-sweep-20261001/cases/ch8/c512-k1/gpt_decode_block/52fee79f3f7135eeb07c/design.json,46bf7b0ab4eb50cee81c5c606963673aff88eff1d3dad426d9b1496a6318dd99,"Three-start orientation coordinate search, at most eight passes per start; exact template sizing for each orientation under certified requirements; not global optimum."
gpt_decode_block,1024,16,8,32 × 32,rotation_and_reflection,,,,,,,,not_computed,,,
gpt_decode_block,1024,4,8,32 × 32,rotation_and_reflection,,,,,,,,not_computed,,,
gpt_decode_block,1024,1,8,32 × 32,rotation_and_reflection,1252864,2097152.0,2031616.0,778752.0,38.33165322580645,844288.0,40.2587890625,validated_reflection,/home/yj3616/workspace/phd-research/research-notes/max-resource-sweep-20260928/reflection-sweep-20261001/cases/ch8/c1024-k1/gpt_decode_block/77ba0ce79c9167b39f6e/design.json,80c7d2924d8e58f85b2fceb5d186889ad24927dd7b97193991e5099b12fcf174,"Three-start orientation coordinate search, at most eight passes per start; exact template sizing for each orientation under certified requirements; not global optimum."
