channels,chiplets,cores_per_chiplet,design,workload,mapping,required_available,rotation_available,reflection_available,reference_cycles
1,1024,1,ALL17_common,bert_block,4c3f4ddc0698bce15826c113eeff99f7fdf3bcc203e9f23006495787328ca380,True,True,True,18014
1,1024,1,ALL17_common,darknet19,8018aa3c4722e982bfb2c9a0a4311a15e3bbb107706925e056ec27dd885cb939,True,True,True,10393
1,1024,1,ALL17_common,densenet,e4fd77cd95b80aacc47bbfaf3f07448f707cf1c6c45a2b5c06e1b8a51f83ea0f,True,True,True,17353
1,1024,1,ALL17_common,gnmt,956faea8364ecdb5b6cdbd22eee19f1422eb42c897afaabe225288d70fc5453f,True,True,True,15698
1,1024,1,ALL17_common,googlenet,7edab821f20523cf2917323602d41fa5d19aceb72fd0cf697765b412e36f4356,True,True,True,8570
1,1024,1,ALL17_common,gpt_decode_block,ccfc2f03f903a9cd33f1c7ca7de073be413538239060746501640e98fbba99d3,True,True,True,6173
1,1024,1,ALL17_common,gpt_prefill_block,2190c86859c28e8dd6fe67a08a45fd8f82851cf957f421925fc96902ab1895db,True,True,True,31978
1,1024,1,ALL17_common,inception_resnet_v1,ce49bb5b85f64246a46ea561d66157c29e6e084be71a26f3337958153187e07e,True,True,True,41825
1,1024,1,ALL17_common,lstm,ca748d42aa6a3c0df9dbc75155775e718f6c702518a72b38115bbcfd91040a40,True,True,True,15656
1,1024,1,ALL17_common,pnasnet,4b28d00701b02c45cbeea16765e95b908deaf65020f141340c0c5ffe28e7a84e,True,True,True,185778
1,1024,1,ALL17_common,resnet101,91c2c96773d2f14bb28a0be890f9b69db40cd3cdff95d30f5c43b3dfc79a21ec,True,True,True,39392
1,1024,1,ALL17_common,resnet152,1f8a73183c2e13936c278b7f1a764b4b25d8f3d1682f1983e92a34d99a4ade39,True,True,True,56428
1,1024,1,ALL17_common,resnet50,4949202d7869e29908fe3ade7cf90999ba5ab127756e3841ce0156f38a64b034,True,True,True,23476
1,1024,1,ALL17_common,resnext50,5dd584d020a1eced7c30455bd80a8f317a18c5f4984cc6d2a76a0bde0cd8b297,True,True,True,19640
1,1024,1,ALL17_common,transformer,0ad2b58cd6b54f49c5d5148892b937a22d61d8890f75078669ca007af575def5,True,True,True,154380
1,1024,1,ALL17_common,transformer_cell,c14fa2833517f03df47ac1150f9586882d2731f3268f6109198775d600c62f26,True,True,True,26574
1,1024,1,ALL17_common,vgg19,b6fadde3c4122523279df5348db20e2ca1b173d5ae584c4bae0836bf87c0151c,True,True,True,46656
1,1024,1,CNN_common,darknet19,8018aa3c4722e982bfb2c9a0a4311a15e3bbb107706925e056ec27dd885cb939,True,True,True,10393
1,1024,1,CNN_common,densenet,e4fd77cd95b80aacc47bbfaf3f07448f707cf1c6c45a2b5c06e1b8a51f83ea0f,True,True,True,17353
1,1024,1,CNN_common,googlenet,7edab821f20523cf2917323602d41fa5d19aceb72fd0cf697765b412e36f4356,True,True,True,8570
1,1024,1,CNN_common,inception_resnet_v1,ce49bb5b85f64246a46ea561d66157c29e6e084be71a26f3337958153187e07e,True,True,True,41825
1,1024,1,CNN_common,pnasnet,4b28d00701b02c45cbeea16765e95b908deaf65020f141340c0c5ffe28e7a84e,True,True,True,185778
1,1024,1,CNN_common,resnet101,91c2c96773d2f14bb28a0be890f9b69db40cd3cdff95d30f5c43b3dfc79a21ec,True,True,True,39392
1,1024,1,CNN_common,resnet152,1f8a73183c2e13936c278b7f1a764b4b25d8f3d1682f1983e92a34d99a4ade39,True,True,True,56428
1,1024,1,CNN_common,resnet50,4949202d7869e29908fe3ade7cf90999ba5ab127756e3841ce0156f38a64b034,True,True,True,23476
1,1024,1,CNN_common,resnext50,5dd584d020a1eced7c30455bd80a8f317a18c5f4984cc6d2a76a0bde0cd8b297,True,True,True,19640
1,1024,1,CNN_common,vgg19,b6fadde3c4122523279df5348db20e2ca1b173d5ae584c4bae0836bf87c0151c,True,True,True,46656
1,1024,1,RNN_common,gnmt,956faea8364ecdb5b6cdbd22eee19f1422eb42c897afaabe225288d70fc5453f,True,True,True,15698
1,1024,1,RNN_common,lstm,ca748d42aa6a3c0df9dbc75155775e718f6c702518a72b38115bbcfd91040a40,True,True,True,15656
1,1024,1,Transformer_common,bert_block,4c3f4ddc0698bce15826c113eeff99f7fdf3bcc203e9f23006495787328ca380,True,True,True,18014
1,1024,1,Transformer_common,gpt_decode_block,ccfc2f03f903a9cd33f1c7ca7de073be413538239060746501640e98fbba99d3,True,True,True,6173
1,1024,1,Transformer_common,gpt_prefill_block,2190c86859c28e8dd6fe67a08a45fd8f82851cf957f421925fc96902ab1895db,True,True,True,31978
1,1024,1,Transformer_common,transformer,0ad2b58cd6b54f49c5d5148892b937a22d61d8890f75078669ca007af575def5,True,True,True,154380
1,1024,1,Transformer_common,transformer_cell,c14fa2833517f03df47ac1150f9586882d2731f3268f6109198775d600c62f26,True,True,True,26574
1,1024,1,individual,bert_block,4c3f4ddc0698bce15826c113eeff99f7fdf3bcc203e9f23006495787328ca380,True,True,True,18014
1,1024,1,individual,darknet19,8018aa3c4722e982bfb2c9a0a4311a15e3bbb107706925e056ec27dd885cb939,True,True,True,10393
1,1024,1,individual,densenet,e4fd77cd95b80aacc47bbfaf3f07448f707cf1c6c45a2b5c06e1b8a51f83ea0f,True,True,True,17353
1,1024,1,individual,gnmt,956faea8364ecdb5b6cdbd22eee19f1422eb42c897afaabe225288d70fc5453f,True,True,True,15698
1,1024,1,individual,googlenet,7edab821f20523cf2917323602d41fa5d19aceb72fd0cf697765b412e36f4356,True,True,True,8570
1,1024,1,individual,gpt_decode_block,ccfc2f03f903a9cd33f1c7ca7de073be413538239060746501640e98fbba99d3,True,True,True,6173
1,1024,1,individual,gpt_prefill_block,2190c86859c28e8dd6fe67a08a45fd8f82851cf957f421925fc96902ab1895db,True,True,True,31978
1,1024,1,individual,inception_resnet_v1,ce49bb5b85f64246a46ea561d66157c29e6e084be71a26f3337958153187e07e,True,True,True,41825
1,1024,1,individual,lstm,ca748d42aa6a3c0df9dbc75155775e718f6c702518a72b38115bbcfd91040a40,True,True,True,15656
1,1024,1,individual,pnasnet,4b28d00701b02c45cbeea16765e95b908deaf65020f141340c0c5ffe28e7a84e,True,True,True,185778
1,1024,1,individual,resnet101,91c2c96773d2f14bb28a0be890f9b69db40cd3cdff95d30f5c43b3dfc79a21ec,True,True,True,39392
1,1024,1,individual,resnet152,1f8a73183c2e13936c278b7f1a764b4b25d8f3d1682f1983e92a34d99a4ade39,True,True,True,56428
1,1024,1,individual,resnet50,4949202d7869e29908fe3ade7cf90999ba5ab127756e3841ce0156f38a64b034,True,True,True,23476
1,1024,1,individual,resnext50,5dd584d020a1eced7c30455bd80a8f317a18c5f4984cc6d2a76a0bde0cd8b297,True,True,True,19640
1,1024,1,individual,transformer,0ad2b58cd6b54f49c5d5148892b937a22d61d8890f75078669ca007af575def5,True,True,True,154380
1,1024,1,individual,transformer_cell,c14fa2833517f03df47ac1150f9586882d2731f3268f6109198775d600c62f26,True,True,True,26574
1,1024,1,individual,vgg19,b6fadde3c4122523279df5348db20e2ca1b173d5ae584c4bae0836bf87c0151c,True,True,True,46656
1,1024,16,RNN_common,gnmt,f47fff09853f1208dc9f8db72313e7846ce13aefd3b389feaa203576d7bca7a3,True,True,True,30290
1,1024,16,RNN_common,lstm,15c3b2c5aa81843aac49e9c7f5998586b219420da0d5c73f685bff8c8dea4677,True,True,True,28674
1,1024,16,individual,darknet19,a9b280aa9656e9a64b2f3513863c3b72f60ee653671f5003875e02212e2a95da,True,True,True,20115
1,1024,16,individual,gnmt,f47fff09853f1208dc9f8db72313e7846ce13aefd3b389feaa203576d7bca7a3,True,True,True,30290
1,1024,16,individual,googlenet,13f8ceb966b8ca1c600c4166da58ab8cde674af01836b6fc5a9edd7cffe0ce07,True,True,True,22150
1,1024,16,individual,lstm,15c3b2c5aa81843aac49e9c7f5998586b219420da0d5c73f685bff8c8dea4677,True,True,True,28674
1,1024,16,individual,resnet50,46138bc40fee08c80f2c893e359365357cf0e92cd97a58f3664a20e562668dbc,True,True,True,71104
1,1024,16,individual,vgg19,39dcdd5b037a1f74c6e40a14ec1d2a10866b2ef4679338056acfbf30ba5dbf61,True,True,True,52880
1,1024,4,RNN_common,gnmt,6ecef184bf638c06850c184592e2156b4a62644bb80fcc34536fb87746a1dd85,True,True,True,15706
1,1024,4,RNN_common,lstm,356c3f898163201c760115c82d9d4bb6958319fa709864360ddcf9454ca13c64,True,True,True,18807
1,1024,4,individual,darknet19,89afc0c6ff22ad0e67545f5086b99b4c14bc9f25810f407a0eee4238eaf7d3d0,True,True,True,10900
1,1024,4,individual,densenet,62f66f5d23c72c8a037779d6b64a49088ae7c4b4fa02bcb9e365c68674150e34,True,True,True,30313
1,1024,4,individual,gnmt,6ecef184bf638c06850c184592e2156b4a62644bb80fcc34536fb87746a1dd85,True,True,True,15706
1,1024,4,individual,googlenet,8258e7a806aea9a9c026b60e5560f56a060d9f948cb283a1051ba86353886ff5,True,True,True,11464
1,1024,4,individual,inception_resnet_v1,3313efe598e2aeaf512548c6196f81cf72dc2574de5295eeda2fcfdc39c32ad2,True,True,True,42030
1,1024,4,individual,lstm,356c3f898163201c760115c82d9d4bb6958319fa709864360ddcf9454ca13c64,True,True,True,18807
1,1024,4,individual,resnet101,5020b3f4f4eb838c640342360064c62fcd6db1d2db60be6d70797917ed5bdfe5,True,True,True,51370
1,1024,4,individual,resnet50,981ee342bc69b9d3b54a80c502c25b50dad8d5eee5a39ae1f933bdc246ed0d57,True,True,True,28169
1,1024,4,individual,vgg19,6263494ed4dad30da4e0da3ac79d8a4a9cff401fa797d203e18c1bd13ae36b0f,True,True,True,27198
1,128,1,ALL17_common,bert_block,35766c8c824c900df41622e48cbf192c770580dd61a37c025275310d6cdf5406,True,True,True,88064
1,128,1,ALL17_common,darknet19,26c67a946fd0b8b25a6fc42a475897e45b149ab2a3dcb1a306e322c62a0e7f6d,True,True,True,47894
1,128,1,ALL17_common,densenet,e341cedb0fc0ad1e5ac32fecab2de06951df6d898d260ea37c57783563cfa8be,True,True,True,51886
1,128,1,ALL17_common,gnmt,f509917fa0be946aebe063e4a5c1d2404feaa837d4c87336e79ee1e36dcf178b,True,True,True,17400
1,128,1,ALL17_common,googlenet,fc8fed94fc3e400cfcf9c2faa1a91560568909a99308120abf5063e43ad8c7ae,True,True,True,32129
1,128,1,ALL17_common,gpt_decode_block,8d9056aaad0e62ebf9615822103c68178e1717dcb5976c9c0d3a34700058b62c,True,True,True,6320
1,128,1,ALL17_common,gpt_prefill_block,097d87436710e726ecc56833d0e4f7ef4fa327605e3d4668136447a2a2098e0f,True,True,True,166400
1,128,1,ALL17_common,inception_resnet_v1,3606aeab79451494d31665232c21a4b8c8f459414a6f7ed8ccfdf16bd72e8005,True,True,True,126843
1,128,1,ALL17_common,lstm,cec684c26f6a078a844c9694cf80c759d885ec2ad92df71b31124ae7989e0af9,True,True,True,17076
1,128,1,ALL17_common,pnasnet,c249290092fd09b72202474fcbbc16a36f506a3fe395daf700f97a6828e7786d,True,True,True,716062
1,128,1,ALL17_common,resnet101,633286bc2950489f90a9186675f221f6959711a4b5b17b360540b7c8598896f9,True,True,True,137086
1,128,1,ALL17_common,resnet152,142fa3606aab98716820872903286e37fa47c05b35503ae892a5585d6dfcb01a,True,True,True,204034
1,128,1,ALL17_common,resnet50,c4f7ec5726a06a0df60e7f9b758ac91f2e61c178380bfbd771af1ff0271a6fb0,True,True,True,70922
1,128,1,ALL17_common,resnext50,fe7a2e1bf426a2be2e972fe44d48631c2f552ca9bc06e96d88d37e9491caa3b5,True,True,True,41303
1,128,1,ALL17_common,transformer,2805bca7377aaa2a128b6780cfdc0581f76c7fcf4991fcf65fedee2737a3b8ab,True,True,True,476160
1,128,1,ALL17_common,transformer_cell,bbdbf8e6a460ddf0e04012dd200a50ae96c37192af754ae164c522c647bdb32e,True,True,True,83200
1,128,1,ALL17_common,vgg19,42a48fb322b2fea059aa52ccc64be7352e17be938a9aadd0b4ccc828b6011c85,True,True,True,305389
1,128,1,CNN_common,darknet19,26c67a946fd0b8b25a6fc42a475897e45b149ab2a3dcb1a306e322c62a0e7f6d,True,True,True,47894
1,128,1,CNN_common,densenet,e341cedb0fc0ad1e5ac32fecab2de06951df6d898d260ea37c57783563cfa8be,True,True,True,51886
1,128,1,CNN_common,googlenet,fc8fed94fc3e400cfcf9c2faa1a91560568909a99308120abf5063e43ad8c7ae,True,True,True,32129
1,128,1,CNN_common,inception_resnet_v1,3606aeab79451494d31665232c21a4b8c8f459414a6f7ed8ccfdf16bd72e8005,True,True,True,126843
1,128,1,CNN_common,pnasnet,c249290092fd09b72202474fcbbc16a36f506a3fe395daf700f97a6828e7786d,True,True,True,716062
1,128,1,CNN_common,resnet101,633286bc2950489f90a9186675f221f6959711a4b5b17b360540b7c8598896f9,True,True,True,137086
1,128,1,CNN_common,resnet152,142fa3606aab98716820872903286e37fa47c05b35503ae892a5585d6dfcb01a,True,True,True,204034
1,128,1,CNN_common,resnet50,c4f7ec5726a06a0df60e7f9b758ac91f2e61c178380bfbd771af1ff0271a6fb0,True,True,True,70922
1,128,1,CNN_common,resnext50,fe7a2e1bf426a2be2e972fe44d48631c2f552ca9bc06e96d88d37e9491caa3b5,True,True,True,41303
1,128,1,CNN_common,vgg19,42a48fb322b2fea059aa52ccc64be7352e17be938a9aadd0b4ccc828b6011c85,True,True,True,305389
1,128,1,RNN_common,gnmt,f509917fa0be946aebe063e4a5c1d2404feaa837d4c87336e79ee1e36dcf178b,True,True,True,17400
1,128,1,RNN_common,lstm,cec684c26f6a078a844c9694cf80c759d885ec2ad92df71b31124ae7989e0af9,True,True,True,17076
1,128,1,Transformer_common,bert_block,35766c8c824c900df41622e48cbf192c770580dd61a37c025275310d6cdf5406,True,True,True,88064
1,128,1,Transformer_common,gpt_decode_block,8d9056aaad0e62ebf9615822103c68178e1717dcb5976c9c0d3a34700058b62c,True,True,True,6320
1,128,1,Transformer_common,gpt_prefill_block,097d87436710e726ecc56833d0e4f7ef4fa327605e3d4668136447a2a2098e0f,True,True,True,166400
1,128,1,Transformer_common,transformer,2805bca7377aaa2a128b6780cfdc0581f76c7fcf4991fcf65fedee2737a3b8ab,True,True,True,476160
1,128,1,Transformer_common,transformer_cell,bbdbf8e6a460ddf0e04012dd200a50ae96c37192af754ae164c522c647bdb32e,True,True,True,83200
1,128,1,individual,bert_block,35766c8c824c900df41622e48cbf192c770580dd61a37c025275310d6cdf5406,True,True,True,88064
1,128,1,individual,darknet19,26c67a946fd0b8b25a6fc42a475897e45b149ab2a3dcb1a306e322c62a0e7f6d,True,True,True,47894
1,128,1,individual,densenet,e341cedb0fc0ad1e5ac32fecab2de06951df6d898d260ea37c57783563cfa8be,True,True,True,51886
1,128,1,individual,gnmt,f509917fa0be946aebe063e4a5c1d2404feaa837d4c87336e79ee1e36dcf178b,True,True,True,17400
1,128,1,individual,googlenet,fc8fed94fc3e400cfcf9c2faa1a91560568909a99308120abf5063e43ad8c7ae,True,True,True,32129
1,128,1,individual,gpt_decode_block,8d9056aaad0e62ebf9615822103c68178e1717dcb5976c9c0d3a34700058b62c,True,True,True,6320
1,128,1,individual,gpt_prefill_block,097d87436710e726ecc56833d0e4f7ef4fa327605e3d4668136447a2a2098e0f,True,True,True,166400
1,128,1,individual,inception_resnet_v1,3606aeab79451494d31665232c21a4b8c8f459414a6f7ed8ccfdf16bd72e8005,True,True,True,126843
1,128,1,individual,lstm,cec684c26f6a078a844c9694cf80c759d885ec2ad92df71b31124ae7989e0af9,True,True,True,17076
1,128,1,individual,pnasnet,c249290092fd09b72202474fcbbc16a36f506a3fe395daf700f97a6828e7786d,True,True,True,716062
1,128,1,individual,resnet101,633286bc2950489f90a9186675f221f6959711a4b5b17b360540b7c8598896f9,True,True,True,137086
1,128,1,individual,resnet152,142fa3606aab98716820872903286e37fa47c05b35503ae892a5585d6dfcb01a,True,True,True,204034
1,128,1,individual,resnet50,c4f7ec5726a06a0df60e7f9b758ac91f2e61c178380bfbd771af1ff0271a6fb0,True,True,True,70922
1,128,1,individual,resnext50,fe7a2e1bf426a2be2e972fe44d48631c2f552ca9bc06e96d88d37e9491caa3b5,True,True,True,41303
1,128,1,individual,transformer,2805bca7377aaa2a128b6780cfdc0581f76c7fcf4991fcf65fedee2737a3b8ab,True,True,True,476160
1,128,1,individual,transformer_cell,bbdbf8e6a460ddf0e04012dd200a50ae96c37192af754ae164c522c647bdb32e,True,True,True,83200
1,128,1,individual,vgg19,42a48fb322b2fea059aa52ccc64be7352e17be938a9aadd0b4ccc828b6011c85,True,True,True,305389
1,128,16,RNN_common,gnmt,fa9f5dd214a2138fc74e6c651a5da1d5c9da5bdc20df553c9604bfc504d7b08d,True,True,True,51528
1,128,16,RNN_common,lstm,f454758caf3c9abc82f85e5afd3573df32de3355fd4fce23efed36de5bb6cd3a,True,True,True,50822
1,128,16,individual,darknet19,42ee1ef5cb58e79e8a35289dc8713dcdc8ea231df76750cf671cd967a879e020,True,True,True,15995
1,128,16,individual,densenet,d70722af0bf94f35a8b9417c431d15af4662da55e4226369f83990a3d3d4406c,True,True,True,56667
1,128,16,individual,gnmt,fa9f5dd214a2138fc74e6c651a5da1d5c9da5bdc20df553c9604bfc504d7b08d,True,True,True,51528
1,128,16,individual,googlenet,7d8942a128b14536380525ca6a6ad79ccaea34e3cca6e61d0b3e68770bebfc51,True,True,True,22005
1,128,16,individual,inception_resnet_v1,4c228d9aa1bf4ba35044722aad5f037afecb9b02b6d17bdb87a398402c8f9977,True,True,True,83397
1,128,16,individual,lstm,f454758caf3c9abc82f85e5afd3573df32de3355fd4fce23efed36de5bb6cd3a,True,True,True,50822
1,128,16,individual,resnet101,cc79b24424969b98a3e6624b99fdbe6905276d5ab468303df314cd3beec651a1,True,True,True,89115
1,128,16,individual,resnet50,75d58fedd3e479b65b873a51839d7e76a013deb5738b0e1acfb5fafd07addabd,True,True,True,46751
1,128,16,individual,transformer,a689e902147c0e924b91ca36875fb6d3de6bb5d7558ea42385129977cb7d3e30,True,True,True,245791
1,128,16,individual,vgg19,eaac96b67c294c562180a474696384820f1d2f92ae438ea235bb6af02c4a4710,True,True,True,44692
1,128,4,ALL17_common,bert_block,6414f5e1cdea424c2542205fac8b6810da2788b32056e128b05ce96fd05cf252,True,True,True,30982
1,128,4,ALL17_common,darknet19,482093ad0f2d35ed2976ffe1cabd1e8ed2f417b9eb64e4644f0569f9060122d5,True,True,True,16046
1,128,4,ALL17_common,densenet,48ab315c36cf9de3f6f528385d75479b125e70d7b65c04c22edeabc4915073eb,True,True,True,25063
1,128,4,ALL17_common,gnmt,2881fab2b1d1bb5070ab758eeaea88afd065feabfebb7b768e18bfbb4cb52b3c,True,True,True,30066
1,128,4,ALL17_common,googlenet,93ac30b244ee11d84b5c62137b16220a59b56eea412cd5a4187e0cd73f7dd1fa,True,True,True,13879
1,128,4,ALL17_common,gpt_decode_block,f8a9af9e8167900f4d1fd89a5261e46df372d31778776a061884cca82986d559,True,True,True,6120
1,128,4,ALL17_common,gpt_prefill_block,5ef6078df809976a3f40203e8524d1c65e692689d04109b5a2b121e8d122efed,True,True,True,61298
1,128,4,ALL17_common,inception_resnet_v1,58615dbf429b8f61adbcdbd23934b48545cbaa8b57a0103c4087955128fb97f1,True,True,True,75368
1,128,4,ALL17_common,lstm,70c3cb2b556173173651a8530d8b54602f97c8950f452bc2e8400b7a34507974,True,True,True,47381
1,128,4,ALL17_common,pnasnet,37b90a5c61e9ec0de338a2cf4a9bf6ecb6bb67628c90e8bee8efe3d662bf4555,True,True,True,287024
1,128,4,ALL17_common,resnet101,89dddd1b2ced7739a7debadf894e49cb4ad40e889f930a32f7826e48a9e130fc,True,True,True,54515
1,128,4,ALL17_common,resnet152,6305604d804b6c4b0d262d4b7c4a1ad61afdaab018b1ed6ca02a2489fd1d9ee9,True,True,True,78517
1,128,4,ALL17_common,resnet50,5ff0f40c254e3f0d57db901553e38acdc2698a5ace573504c62f22231dbad572,True,True,True,31199
1,128,4,ALL17_common,resnext50,3228bdc58266f59067921b7353967cc7a1e9c1de9f3e5c2b0356db58c65291a0,True,True,True,23066
1,128,4,ALL17_common,transformer,6171cd7694b215c35bbc1cc3e85e98ed76870bac4451addb65b36109dbf85c83,True,True,True,196608
1,128,4,ALL17_common,transformer_cell,dc86f2c3296a84cc1f23edad1c956b57381587bb80086b07df460c7394e86d14,True,True,True,34048
1,128,4,ALL17_common,vgg19,747903dd12c7fcdd6110801e4db99cfc3d1fc59839c5aaaa4775c269faedac32,True,True,True,83629
1,128,4,CNN_common,darknet19,482093ad0f2d35ed2976ffe1cabd1e8ed2f417b9eb64e4644f0569f9060122d5,True,True,True,16046
1,128,4,CNN_common,densenet,48ab315c36cf9de3f6f528385d75479b125e70d7b65c04c22edeabc4915073eb,True,True,True,25063
1,128,4,CNN_common,googlenet,93ac30b244ee11d84b5c62137b16220a59b56eea412cd5a4187e0cd73f7dd1fa,True,True,True,13879
1,128,4,CNN_common,inception_resnet_v1,58615dbf429b8f61adbcdbd23934b48545cbaa8b57a0103c4087955128fb97f1,True,True,True,75368
1,128,4,CNN_common,pnasnet,37b90a5c61e9ec0de338a2cf4a9bf6ecb6bb67628c90e8bee8efe3d662bf4555,True,True,True,287024
1,128,4,CNN_common,resnet101,89dddd1b2ced7739a7debadf894e49cb4ad40e889f930a32f7826e48a9e130fc,True,True,True,54515
1,128,4,CNN_common,resnet152,6305604d804b6c4b0d262d4b7c4a1ad61afdaab018b1ed6ca02a2489fd1d9ee9,True,True,True,78517
1,128,4,CNN_common,resnet50,5ff0f40c254e3f0d57db901553e38acdc2698a5ace573504c62f22231dbad572,True,True,True,31199
1,128,4,CNN_common,resnext50,3228bdc58266f59067921b7353967cc7a1e9c1de9f3e5c2b0356db58c65291a0,True,True,True,23066
1,128,4,CNN_common,vgg19,747903dd12c7fcdd6110801e4db99cfc3d1fc59839c5aaaa4775c269faedac32,True,True,True,83629
1,128,4,RNN_common,gnmt,2881fab2b1d1bb5070ab758eeaea88afd065feabfebb7b768e18bfbb4cb52b3c,True,True,True,30066
1,128,4,RNN_common,lstm,70c3cb2b556173173651a8530d8b54602f97c8950f452bc2e8400b7a34507974,True,True,True,47381
1,128,4,Transformer_common,bert_block,6414f5e1cdea424c2542205fac8b6810da2788b32056e128b05ce96fd05cf252,True,True,True,30982
1,128,4,Transformer_common,gpt_decode_block,f8a9af9e8167900f4d1fd89a5261e46df372d31778776a061884cca82986d559,True,True,True,6120
1,128,4,Transformer_common,gpt_prefill_block,5ef6078df809976a3f40203e8524d1c65e692689d04109b5a2b121e8d122efed,True,True,True,61298
1,128,4,Transformer_common,transformer,6171cd7694b215c35bbc1cc3e85e98ed76870bac4451addb65b36109dbf85c83,True,True,True,196608
1,128,4,Transformer_common,transformer_cell,dc86f2c3296a84cc1f23edad1c956b57381587bb80086b07df460c7394e86d14,True,True,True,34048
1,128,4,individual,bert_block,6414f5e1cdea424c2542205fac8b6810da2788b32056e128b05ce96fd05cf252,True,True,True,30982
1,128,4,individual,darknet19,482093ad0f2d35ed2976ffe1cabd1e8ed2f417b9eb64e4644f0569f9060122d5,True,True,True,16046
1,128,4,individual,densenet,48ab315c36cf9de3f6f528385d75479b125e70d7b65c04c22edeabc4915073eb,True,True,True,25063
1,128,4,individual,gnmt,2881fab2b1d1bb5070ab758eeaea88afd065feabfebb7b768e18bfbb4cb52b3c,True,True,True,30066
1,128,4,individual,googlenet,93ac30b244ee11d84b5c62137b16220a59b56eea412cd5a4187e0cd73f7dd1fa,True,True,True,13879
1,128,4,individual,gpt_decode_block,f8a9af9e8167900f4d1fd89a5261e46df372d31778776a061884cca82986d559,True,True,True,6120
1,128,4,individual,gpt_prefill_block,5ef6078df809976a3f40203e8524d1c65e692689d04109b5a2b121e8d122efed,True,True,True,61298
1,128,4,individual,inception_resnet_v1,58615dbf429b8f61adbcdbd23934b48545cbaa8b57a0103c4087955128fb97f1,True,True,True,75368
1,128,4,individual,lstm,70c3cb2b556173173651a8530d8b54602f97c8950f452bc2e8400b7a34507974,True,True,True,47381
1,128,4,individual,pnasnet,37b90a5c61e9ec0de338a2cf4a9bf6ecb6bb67628c90e8bee8efe3d662bf4555,True,True,True,287024
1,128,4,individual,resnet101,89dddd1b2ced7739a7debadf894e49cb4ad40e889f930a32f7826e48a9e130fc,True,True,True,54515
1,128,4,individual,resnet152,6305604d804b6c4b0d262d4b7c4a1ad61afdaab018b1ed6ca02a2489fd1d9ee9,True,True,True,78517
1,128,4,individual,resnet50,5ff0f40c254e3f0d57db901553e38acdc2698a5ace573504c62f22231dbad572,True,True,True,31199
1,128,4,individual,resnext50,3228bdc58266f59067921b7353967cc7a1e9c1de9f3e5c2b0356db58c65291a0,True,True,True,23066
1,128,4,individual,transformer,6171cd7694b215c35bbc1cc3e85e98ed76870bac4451addb65b36109dbf85c83,True,True,True,196608
1,128,4,individual,transformer_cell,dc86f2c3296a84cc1f23edad1c956b57381587bb80086b07df460c7394e86d14,True,True,True,34048
1,128,4,individual,vgg19,747903dd12c7fcdd6110801e4db99cfc3d1fc59839c5aaaa4775c269faedac32,True,True,True,83629
1,16,1,ALL17_common,bert_block,2705f8f9db5fea8ffe3651682b5864031577b9fb7af13d7956ca9e718f2052df,True,True,True,669696
1,16,1,ALL17_common,darknet19,19ed9831be2c9f4f929cd19e095603b7fd49428802af6c1e569b49d4caacbf86,True,True,True,348781
1,16,1,ALL17_common,densenet,d16591865153bca7f7fdccdaff952bbff192a650bd34373d6fe5ca57a4b9c477,True,True,True,361563
1,16,1,ALL17_common,gnmt,4da57322bb1d1d61f61a6dc8aa5902a71372241eb2ed679186cbdcb7b2d7f4cf,True,True,True,31468
1,16,1,ALL17_common,googlenet,7b7cc929728bf50300ddc070ff2f11cdac4df07b2bab436298da2c6de150ffbf,True,True,True,231991
1,16,1,ALL17_common,gpt_decode_block,a3a5aad84d148a51b9e6cf048b2f7137b82a2076d216b6610a354049bde29223,True,True,True,13278
1,16,1,ALL17_common,gpt_prefill_block,88ae106f9557bc189b6789f37393903bda3cb343f9012eb54c6f441b2d4afbb7,True,True,True,1276800
1,16,1,ALL17_common,inception_resnet_v1,c529b5098bc0effc8c345a82bf6ab679b9990d55d72440829f6f7d7a26952812,True,True,True,828861
1,16,1,ALL17_common,lstm,1e301a0c9f61dd6af396f476f9f01e0e565c0fd86b3dcc34d96d53aa3d14f3c2,True,True,True,31436
1,16,1,ALL17_common,pnasnet,23a34b3daf0f83931f641078be78fe04ec5d737ef19d187008900c5932b89c11,True,True,True,4780895
1,16,1,ALL17_common,resnet101,1144d75eb78f301ef61ae5c6f4c7ad2f37a94fe83919b67599b4725cd2cb88d7,True,True,True,968261
1,16,1,ALL17_common,resnet152,fcc370735923ae89ad9ce26f60c4bfdd4fad5fbbda5ffebb8a1ccbcf934953a1,True,True,True,1437877
1,16,1,ALL17_common,resnet50,cc1c0d059082f5ea116e78d100e86d4b388a5b4399f471d184324b2e400ee015,True,True,True,501781
1,16,1,ALL17_common,resnext50,0f428f1772d964df5ae7e5d15d2849c4c1459f1f9d9df24209bc41daf6fb4e85,True,True,True,289777
1,16,1,ALL17_common,transformer,fa67b7f2e37cf93dae63f12d238cfc9d84dca6a46ae6fe6b1490253cfa26d8a6,True,True,True,3499008
1,16,1,ALL17_common,transformer_cell,779b9fb1a8859584d54506aa40bb1eab797e0233ab719e971db39567398c1962,True,True,True,611328
1,16,1,ALL17_common,vgg19,1e8a0a821f28512587a7beb96c60409b8272be6fa01e7d5d0409dbaec5874088,True,True,True,2396884
1,16,1,CNN_common,darknet19,19ed9831be2c9f4f929cd19e095603b7fd49428802af6c1e569b49d4caacbf86,True,True,True,348781
1,16,1,CNN_common,densenet,d16591865153bca7f7fdccdaff952bbff192a650bd34373d6fe5ca57a4b9c477,True,True,True,361563
1,16,1,CNN_common,googlenet,7b7cc929728bf50300ddc070ff2f11cdac4df07b2bab436298da2c6de150ffbf,True,True,True,231991
1,16,1,CNN_common,inception_resnet_v1,c529b5098bc0effc8c345a82bf6ab679b9990d55d72440829f6f7d7a26952812,True,True,True,828861
1,16,1,CNN_common,pnasnet,23a34b3daf0f83931f641078be78fe04ec5d737ef19d187008900c5932b89c11,True,True,True,4780895
1,16,1,CNN_common,resnet101,1144d75eb78f301ef61ae5c6f4c7ad2f37a94fe83919b67599b4725cd2cb88d7,True,True,True,968261
1,16,1,CNN_common,resnet152,fcc370735923ae89ad9ce26f60c4bfdd4fad5fbbda5ffebb8a1ccbcf934953a1,True,True,True,1437877
1,16,1,CNN_common,resnet50,cc1c0d059082f5ea116e78d100e86d4b388a5b4399f471d184324b2e400ee015,True,True,True,501781
1,16,1,CNN_common,resnext50,0f428f1772d964df5ae7e5d15d2849c4c1459f1f9d9df24209bc41daf6fb4e85,True,True,True,289777
1,16,1,CNN_common,vgg19,1e8a0a821f28512587a7beb96c60409b8272be6fa01e7d5d0409dbaec5874088,True,True,True,2396884
1,16,1,RNN_common,gnmt,4da57322bb1d1d61f61a6dc8aa5902a71372241eb2ed679186cbdcb7b2d7f4cf,True,True,True,31468
1,16,1,RNN_common,lstm,1e301a0c9f61dd6af396f476f9f01e0e565c0fd86b3dcc34d96d53aa3d14f3c2,True,True,True,31436
1,16,1,Transformer_common,bert_block,2705f8f9db5fea8ffe3651682b5864031577b9fb7af13d7956ca9e718f2052df,True,True,True,669696
1,16,1,Transformer_common,gpt_decode_block,a3a5aad84d148a51b9e6cf048b2f7137b82a2076d216b6610a354049bde29223,True,True,True,13278
1,16,1,Transformer_common,gpt_prefill_block,88ae106f9557bc189b6789f37393903bda3cb343f9012eb54c6f441b2d4afbb7,True,True,True,1276800
1,16,1,Transformer_common,transformer,fa67b7f2e37cf93dae63f12d238cfc9d84dca6a46ae6fe6b1490253cfa26d8a6,True,True,True,3499008
1,16,1,Transformer_common,transformer_cell,779b9fb1a8859584d54506aa40bb1eab797e0233ab719e971db39567398c1962,True,True,True,611328
1,16,1,individual,bert_block,2705f8f9db5fea8ffe3651682b5864031577b9fb7af13d7956ca9e718f2052df,True,True,True,669696
1,16,1,individual,darknet19,19ed9831be2c9f4f929cd19e095603b7fd49428802af6c1e569b49d4caacbf86,True,True,True,348781
1,16,1,individual,densenet,d16591865153bca7f7fdccdaff952bbff192a650bd34373d6fe5ca57a4b9c477,True,True,True,361563
1,16,1,individual,gnmt,4da57322bb1d1d61f61a6dc8aa5902a71372241eb2ed679186cbdcb7b2d7f4cf,True,True,True,31468
1,16,1,individual,googlenet,7b7cc929728bf50300ddc070ff2f11cdac4df07b2bab436298da2c6de150ffbf,True,True,True,231991
1,16,1,individual,gpt_decode_block,a3a5aad84d148a51b9e6cf048b2f7137b82a2076d216b6610a354049bde29223,True,True,True,13278
1,16,1,individual,gpt_prefill_block,88ae106f9557bc189b6789f37393903bda3cb343f9012eb54c6f441b2d4afbb7,True,True,True,1276800
1,16,1,individual,inception_resnet_v1,c529b5098bc0effc8c345a82bf6ab679b9990d55d72440829f6f7d7a26952812,True,True,True,828861
1,16,1,individual,lstm,1e301a0c9f61dd6af396f476f9f01e0e565c0fd86b3dcc34d96d53aa3d14f3c2,True,True,True,31436
1,16,1,individual,pnasnet,23a34b3daf0f83931f641078be78fe04ec5d737ef19d187008900c5932b89c11,True,True,True,4780895
1,16,1,individual,resnet101,1144d75eb78f301ef61ae5c6f4c7ad2f37a94fe83919b67599b4725cd2cb88d7,True,True,True,968261
1,16,1,individual,resnet152,fcc370735923ae89ad9ce26f60c4bfdd4fad5fbbda5ffebb8a1ccbcf934953a1,True,True,True,1437877
1,16,1,individual,resnet50,cc1c0d059082f5ea116e78d100e86d4b388a5b4399f471d184324b2e400ee015,True,True,True,501781
1,16,1,individual,resnext50,0f428f1772d964df5ae7e5d15d2849c4c1459f1f9d9df24209bc41daf6fb4e85,True,True,True,289777
1,16,1,individual,transformer,fa67b7f2e37cf93dae63f12d238cfc9d84dca6a46ae6fe6b1490253cfa26d8a6,True,True,True,3499008
1,16,1,individual,transformer_cell,779b9fb1a8859584d54506aa40bb1eab797e0233ab719e971db39567398c1962,True,True,True,611328
1,16,1,individual,vgg19,1e8a0a821f28512587a7beb96c60409b8272be6fa01e7d5d0409dbaec5874088,True,True,True,2396884
1,16,16,ALL17_common,bert_block,c4de9c5a47c16b9d959307dddc5ef0da8c964956902df906414b6fee2a67712b,True,True,True,54272
1,16,16,ALL17_common,darknet19,1fdff2384aab9a37c8f818d18f4959a9b9dbef2a61dc41cd37ab0559fcd1f36c,True,True,True,28305
1,16,16,ALL17_common,densenet,ec983f7841230ca259dd4ed38f34ffc7d51d2a7ac071f8ff36b89eb5ab3f283c,True,True,True,38829
1,16,16,ALL17_common,gnmt,52ca82aa5a7c7ee7e00482ce3688fb02c6c93aa45bfc36153e6cc2ae9397a596,True,True,True,26222
1,16,16,ALL17_common,googlenet,b13c8d06d53ddef5b5890ef5b4c7e9a36f27ba6dd252d457d4c798b5c2e3a836,True,True,True,21839
1,16,16,ALL17_common,gpt_decode_block,a1b5811aed1d37362b051ae5b237483cdfd3af46666f14ab67433c323bd30b48,True,True,True,8416
1,16,16,ALL17_common,gpt_prefill_block,7299f71e80e622df4ea4544032f976af72d6e9ec97d2c87331415097c5443f88,True,True,True,105956
1,16,16,ALL17_common,inception_resnet_v1,e387ddae7b330e48c01916e55c119948713e429a28d5c61f08c72ba416f27b02,True,True,True,99776
1,16,16,ALL17_common,lstm,ff9e33af61b559b6b6f501e4b5406526ae6fd5cc20d995fa66e4306031a73238,True,True,True,49100
1,16,16,ALL17_common,pnasnet,adc742c2e125509bcd4a3a7bcd24ee8bfb2f9f5f4cdd4ff1383b58f6040c8055,True,True,True,435894
1,16,16,ALL17_common,resnet101,a08b83b062599fbd79b633d8d8fc191af2e6a0a7bc4c99b411e1c22b434999f9,True,True,True,86447
1,16,16,ALL17_common,resnet152,e037f5b322bb9cd7854413821d8c2e05e29a012170703b1c52053be36a381f34,True,True,True,125985
1,16,16,ALL17_common,resnet50,e64b868aeef83f19564b4bbf0a93b6c0a04dc09ad3289994cee808ee98f9a5c2,True,True,True,46963
1,16,16,ALL17_common,resnext50,ed9591b2835fa31c998d5ef600923a3bec04b31662c75bb3f4ad376ad29825b6,True,True,True,31377
1,16,16,ALL17_common,transformer,b9fec38b61d26bc55d3d4f86cad214c0201d195081ec7d66c54ddc6073c2ec1f,True,True,True,303362
1,16,16,ALL17_common,transformer_cell,814583487aa50eedfb9e04a7c5b5eb94ba668e59dbf58d3e567c35dd42eacafb,True,True,True,52672
1,16,16,ALL17_common,vgg19,2ce9022737dfc9cf0ccb4560fe553baffd04dbcef37e0ea00933423c3246d2f7,True,True,True,155756
1,16,16,CNN_common,darknet19,1fdff2384aab9a37c8f818d18f4959a9b9dbef2a61dc41cd37ab0559fcd1f36c,True,True,True,28305
1,16,16,CNN_common,densenet,ec983f7841230ca259dd4ed38f34ffc7d51d2a7ac071f8ff36b89eb5ab3f283c,True,True,True,38829
1,16,16,CNN_common,googlenet,b13c8d06d53ddef5b5890ef5b4c7e9a36f27ba6dd252d457d4c798b5c2e3a836,True,True,True,21839
1,16,16,CNN_common,inception_resnet_v1,e387ddae7b330e48c01916e55c119948713e429a28d5c61f08c72ba416f27b02,True,True,True,99776
1,16,16,CNN_common,pnasnet,adc742c2e125509bcd4a3a7bcd24ee8bfb2f9f5f4cdd4ff1383b58f6040c8055,True,True,True,435894
1,16,16,CNN_common,resnet101,a08b83b062599fbd79b633d8d8fc191af2e6a0a7bc4c99b411e1c22b434999f9,True,True,True,86447
1,16,16,CNN_common,resnet152,e037f5b322bb9cd7854413821d8c2e05e29a012170703b1c52053be36a381f34,True,True,True,125985
1,16,16,CNN_common,resnet50,e64b868aeef83f19564b4bbf0a93b6c0a04dc09ad3289994cee808ee98f9a5c2,True,True,True,46963
1,16,16,CNN_common,resnext50,ed9591b2835fa31c998d5ef600923a3bec04b31662c75bb3f4ad376ad29825b6,True,True,True,31377
1,16,16,CNN_common,vgg19,2ce9022737dfc9cf0ccb4560fe553baffd04dbcef37e0ea00933423c3246d2f7,True,True,True,155756
1,16,16,RNN_common,gnmt,52ca82aa5a7c7ee7e00482ce3688fb02c6c93aa45bfc36153e6cc2ae9397a596,True,True,True,26222
1,16,16,RNN_common,lstm,ff9e33af61b559b6b6f501e4b5406526ae6fd5cc20d995fa66e4306031a73238,True,True,True,49100
1,16,16,Transformer_common,bert_block,c4de9c5a47c16b9d959307dddc5ef0da8c964956902df906414b6fee2a67712b,True,True,True,54272
1,16,16,Transformer_common,gpt_decode_block,a1b5811aed1d37362b051ae5b237483cdfd3af46666f14ab67433c323bd30b48,True,True,True,8416
1,16,16,Transformer_common,gpt_prefill_block,7299f71e80e622df4ea4544032f976af72d6e9ec97d2c87331415097c5443f88,True,True,True,105956
1,16,16,Transformer_common,transformer,b9fec38b61d26bc55d3d4f86cad214c0201d195081ec7d66c54ddc6073c2ec1f,True,True,True,303362
1,16,16,Transformer_common,transformer_cell,814583487aa50eedfb9e04a7c5b5eb94ba668e59dbf58d3e567c35dd42eacafb,True,True,True,52672
1,16,16,individual,bert_block,c4de9c5a47c16b9d959307dddc5ef0da8c964956902df906414b6fee2a67712b,True,True,True,54272
1,16,16,individual,darknet19,1fdff2384aab9a37c8f818d18f4959a9b9dbef2a61dc41cd37ab0559fcd1f36c,True,True,True,28305
1,16,16,individual,densenet,ec983f7841230ca259dd4ed38f34ffc7d51d2a7ac071f8ff36b89eb5ab3f283c,True,True,True,38829
1,16,16,individual,gnmt,52ca82aa5a7c7ee7e00482ce3688fb02c6c93aa45bfc36153e6cc2ae9397a596,True,True,True,26222
1,16,16,individual,googlenet,b13c8d06d53ddef5b5890ef5b4c7e9a36f27ba6dd252d457d4c798b5c2e3a836,True,True,True,21839
1,16,16,individual,gpt_decode_block,a1b5811aed1d37362b051ae5b237483cdfd3af46666f14ab67433c323bd30b48,True,True,True,8416
1,16,16,individual,gpt_prefill_block,7299f71e80e622df4ea4544032f976af72d6e9ec97d2c87331415097c5443f88,True,True,True,105956
1,16,16,individual,inception_resnet_v1,e387ddae7b330e48c01916e55c119948713e429a28d5c61f08c72ba416f27b02,True,True,True,99776
1,16,16,individual,lstm,ff9e33af61b559b6b6f501e4b5406526ae6fd5cc20d995fa66e4306031a73238,True,True,True,49100
1,16,16,individual,pnasnet,adc742c2e125509bcd4a3a7bcd24ee8bfb2f9f5f4cdd4ff1383b58f6040c8055,True,True,True,435894
1,16,16,individual,resnet101,a08b83b062599fbd79b633d8d8fc191af2e6a0a7bc4c99b411e1c22b434999f9,True,True,True,86447
1,16,16,individual,resnet152,e037f5b322bb9cd7854413821d8c2e05e29a012170703b1c52053be36a381f34,True,True,True,125985
1,16,16,individual,resnet50,e64b868aeef83f19564b4bbf0a93b6c0a04dc09ad3289994cee808ee98f9a5c2,True,True,True,46963
1,16,16,individual,resnext50,ed9591b2835fa31c998d5ef600923a3bec04b31662c75bb3f4ad376ad29825b6,True,True,True,31377
1,16,16,individual,transformer,b9fec38b61d26bc55d3d4f86cad214c0201d195081ec7d66c54ddc6073c2ec1f,True,True,True,303362
1,16,16,individual,transformer_cell,814583487aa50eedfb9e04a7c5b5eb94ba668e59dbf58d3e567c35dd42eacafb,True,True,True,52672
1,16,16,individual,vgg19,2ce9022737dfc9cf0ccb4560fe553baffd04dbcef37e0ea00933423c3246d2f7,True,True,True,155756
1,16,4,ALL17_common,bert_block,6a6bf6fb41079018f95f20b304d5a2fffbb624be1eedfb28f07f97b77b3683af,True,True,True,169984
1,16,4,ALL17_common,darknet19,fa814298006eefa75f3159be923cb97f9301239d06fad59bfe852926b6946d83,True,True,True,90892
1,16,4,ALL17_common,densenet,8f3b5ff39c9a57661a42a33d42af4f6aa78d29ede9d1573ec28d96b21daf18a0,True,True,True,96246
1,16,4,ALL17_common,gnmt,557ec044275bebd67bd0f372a06497655dd4b2c2fb025358d4c05eab639756ea,True,True,True,29759
1,16,4,ALL17_common,googlenet,c88da88b59a1a6529174fed7056893442fe0585fc67a0c74bc0da396baed6cf7,True,True,True,62116
1,16,4,ALL17_common,gpt_decode_block,28e7a98f0a97a342f1f056e8e1539180dffda0f886d11d58b864b81ac6e61816,True,True,True,11245
1,16,4,ALL17_common,gpt_prefill_block,6dd84745db8fb24312d7661feff7a331d888b5778646168a679c3a5a516bd5af,True,True,True,323200
1,16,4,ALL17_common,inception_resnet_v1,28f274af33b265107e1d51dcb56c431e3467072ba9ea4a2a9d19d581eaed0879,True,True,True,227352
1,16,4,ALL17_common,lstm,e4237da9ba11272a68574b25f05548ece25e41c2d96fc101d16e61db6bd9d7c6,True,True,True,29565
1,16,4,ALL17_common,pnasnet,b603e84817930b96203aca10d1c1360c3cc81322189f4a65b3337472d88877d5,True,True,True,1287329
1,16,4,ALL17_common,resnet101,a2e8d4a58fcc02459ff2546a457fbafda907d776f4cae5f664fadf7bb6126aeb,True,True,True,261395
1,16,4,ALL17_common,resnet152,f54984f7b204a1c96a08328070c3ef3cfd0fb8d80c4844aaa708659ea350a4d3,True,True,True,388262
1,16,4,ALL17_common,resnet50,3622155703c82727c316594ec939c98698bf2f1e40d51507e39d4d19ed49728a,True,True,True,132399
1,16,4,ALL17_common,resnext50,f941a3dbbc65c757b20b78547de1939326b143712a40a5297cc531cc8fb7bdac,True,True,True,74988
1,16,4,ALL17_common,transformer,e2676e727b016fe1b72ceb90bafde3a90b2736b90d3bc1302b7b38b76d9c4490,True,True,True,898048
1,16,4,ALL17_common,transformer_cell,8ac9f4e81e920f14cd7fb5aeab4c663781adb8375cfecebe2437c26a9b61d4fd,True,True,True,156928
1,16,4,ALL17_common,vgg19,e28fbe4b6e2a04f0c34cda3d6eee2b75c7fc94d8af2f15159aa8902023fdbe1c,True,True,True,599221
1,16,4,CNN_common,darknet19,fa814298006eefa75f3159be923cb97f9301239d06fad59bfe852926b6946d83,True,True,True,90892
1,16,4,CNN_common,densenet,8f3b5ff39c9a57661a42a33d42af4f6aa78d29ede9d1573ec28d96b21daf18a0,True,True,True,96246
1,16,4,CNN_common,googlenet,c88da88b59a1a6529174fed7056893442fe0585fc67a0c74bc0da396baed6cf7,True,True,True,62116
1,16,4,CNN_common,inception_resnet_v1,28f274af33b265107e1d51dcb56c431e3467072ba9ea4a2a9d19d581eaed0879,True,True,True,227352
1,16,4,CNN_common,pnasnet,b603e84817930b96203aca10d1c1360c3cc81322189f4a65b3337472d88877d5,True,True,True,1287329
1,16,4,CNN_common,resnet101,a2e8d4a58fcc02459ff2546a457fbafda907d776f4cae5f664fadf7bb6126aeb,True,True,True,261395
1,16,4,CNN_common,resnet152,f54984f7b204a1c96a08328070c3ef3cfd0fb8d80c4844aaa708659ea350a4d3,True,True,True,388262
1,16,4,CNN_common,resnet50,3622155703c82727c316594ec939c98698bf2f1e40d51507e39d4d19ed49728a,True,True,True,132399
1,16,4,CNN_common,resnext50,f941a3dbbc65c757b20b78547de1939326b143712a40a5297cc531cc8fb7bdac,True,True,True,74988
1,16,4,CNN_common,vgg19,e28fbe4b6e2a04f0c34cda3d6eee2b75c7fc94d8af2f15159aa8902023fdbe1c,True,True,True,599221
1,16,4,RNN_common,gnmt,557ec044275bebd67bd0f372a06497655dd4b2c2fb025358d4c05eab639756ea,True,True,True,29759
1,16,4,RNN_common,lstm,e4237da9ba11272a68574b25f05548ece25e41c2d96fc101d16e61db6bd9d7c6,True,True,True,29565
1,16,4,Transformer_common,bert_block,6a6bf6fb41079018f95f20b304d5a2fffbb624be1eedfb28f07f97b77b3683af,True,True,True,169984
1,16,4,Transformer_common,gpt_decode_block,28e7a98f0a97a342f1f056e8e1539180dffda0f886d11d58b864b81ac6e61816,True,True,True,11245
1,16,4,Transformer_common,gpt_prefill_block,6dd84745db8fb24312d7661feff7a331d888b5778646168a679c3a5a516bd5af,True,True,True,323200
1,16,4,Transformer_common,transformer,e2676e727b016fe1b72ceb90bafde3a90b2736b90d3bc1302b7b38b76d9c4490,True,True,True,898048
1,16,4,Transformer_common,transformer_cell,8ac9f4e81e920f14cd7fb5aeab4c663781adb8375cfecebe2437c26a9b61d4fd,True,True,True,156928
1,16,4,individual,bert_block,6a6bf6fb41079018f95f20b304d5a2fffbb624be1eedfb28f07f97b77b3683af,True,True,True,169984
1,16,4,individual,darknet19,fa814298006eefa75f3159be923cb97f9301239d06fad59bfe852926b6946d83,True,True,True,90892
1,16,4,individual,densenet,8f3b5ff39c9a57661a42a33d42af4f6aa78d29ede9d1573ec28d96b21daf18a0,True,True,True,96246
1,16,4,individual,gnmt,557ec044275bebd67bd0f372a06497655dd4b2c2fb025358d4c05eab639756ea,True,True,True,29759
1,16,4,individual,googlenet,c88da88b59a1a6529174fed7056893442fe0585fc67a0c74bc0da396baed6cf7,True,True,True,62116
1,16,4,individual,gpt_decode_block,28e7a98f0a97a342f1f056e8e1539180dffda0f886d11d58b864b81ac6e61816,True,True,True,11245
1,16,4,individual,gpt_prefill_block,6dd84745db8fb24312d7661feff7a331d888b5778646168a679c3a5a516bd5af,True,True,True,323200
1,16,4,individual,inception_resnet_v1,28f274af33b265107e1d51dcb56c431e3467072ba9ea4a2a9d19d581eaed0879,True,True,True,227352
1,16,4,individual,lstm,e4237da9ba11272a68574b25f05548ece25e41c2d96fc101d16e61db6bd9d7c6,True,True,True,29565
1,16,4,individual,pnasnet,b603e84817930b96203aca10d1c1360c3cc81322189f4a65b3337472d88877d5,True,True,True,1287329
1,16,4,individual,resnet101,a2e8d4a58fcc02459ff2546a457fbafda907d776f4cae5f664fadf7bb6126aeb,True,True,True,261395
1,16,4,individual,resnet152,f54984f7b204a1c96a08328070c3ef3cfd0fb8d80c4844aaa708659ea350a4d3,True,True,True,388262
1,16,4,individual,resnet50,3622155703c82727c316594ec939c98698bf2f1e40d51507e39d4d19ed49728a,True,True,True,132399
1,16,4,individual,resnext50,f941a3dbbc65c757b20b78547de1939326b143712a40a5297cc531cc8fb7bdac,True,True,True,74988
1,16,4,individual,transformer,e2676e727b016fe1b72ceb90bafde3a90b2736b90d3bc1302b7b38b76d9c4490,True,True,True,898048
1,16,4,individual,transformer_cell,8ac9f4e81e920f14cd7fb5aeab4c663781adb8375cfecebe2437c26a9b61d4fd,True,True,True,156928
1,16,4,individual,vgg19,e28fbe4b6e2a04f0c34cda3d6eee2b75c7fc94d8af2f15159aa8902023fdbe1c,True,True,True,599221
1,256,1,ALL17_common,bert_block,8bf6177ae8fe80be24401e48a68fed5771e79fd1953ef25de6ad0208c66c83d5,True,True,True,49152
1,256,1,ALL17_common,darknet19,5b42125274ae88c0f1c8689622f7c8e17a3095279afeebad123c7bac7fc508ba,True,True,True,25808
1,256,1,ALL17_common,densenet,072d70accc891320d2e674d78d45f66a96ae809085183cc92ad031b6e57c32f6,True,True,True,31321
1,256,1,ALL17_common,gnmt,d6078c5da57b6d969c536ae99cfb56fbc86a63fe72be262314ae47a759e3ed23,True,True,True,15714
1,256,1,ALL17_common,googlenet,1a71314c8b39f3a13d866fc03f912acd44cec31dfa32b656d26d5286b04cd457,True,True,True,18117
1,256,1,ALL17_common,gpt_decode_block,ddc67b57c1f99cb3fbf3f80801b14b3c92748700933888d19df96889915104b3,True,True,True,6083
1,256,1,ALL17_common,gpt_prefill_block,434bfcb808bb000ca6eec4a92db45e3b2aaa8feca7ed12d6b095ec6aaf7d0d27,True,True,True,91200
1,256,1,ALL17_common,inception_resnet_v1,4eb898e1686d116ec61feed00e13a5e264bb6d3faabcc15595e07a2bb9a0cd48,True,True,True,82732
1,256,1,ALL17_common,lstm,c5de797ca4b25a68b998a0d62ea706b965edd99c040713bbeae57e4172708656,True,True,True,16090
1,256,1,ALL17_common,pnasnet,3393c2d7affab1ceb92f11ebe46ac833477c60c961a2ec8a76c486dd79fcf264,True,True,True,422967
1,256,1,ALL17_common,resnet101,5485af3a075e3ef490d3885751dfa8ef311448d26cb9700ca2338afacefd0c93,True,True,True,77520
1,256,1,ALL17_common,resnet152,3503ee5da7bd7e624741685c1e24f36c972dd24fda645f3d061c5227b55b29e1,True,True,True,113780
1,256,1,ALL17_common,resnet50,c7227d1abf739d67c7598a6828966654e3cad87d27cabc8103a1062d93e2aee2,True,True,True,41820
1,256,1,ALL17_common,resnext50,aae5b8c37cd39655ba7afced47b2fa66c9926d702a3933a918c5447f9635fa23,True,True,True,26651
1,256,1,ALL17_common,transformer,54ef316868ba20304634dacfa7c78df7c88463ea804f4ad69af3e3de08280ed7,True,True,True,280192
1,256,1,ALL17_common,transformer_cell,cdaa86951d4ed823ac8ad20bdb6d5ecf5031eba822b70c000f31a1037a1a1b7d,True,True,True,48832
1,256,1,ALL17_common,vgg19,86d770f122d22e4cf6f7a4d475dfbc2631349f97a6b8e3933df143d23996982f,True,True,True,155197
1,256,1,CNN_common,darknet19,5b42125274ae88c0f1c8689622f7c8e17a3095279afeebad123c7bac7fc508ba,True,True,True,25808
1,256,1,CNN_common,densenet,072d70accc891320d2e674d78d45f66a96ae809085183cc92ad031b6e57c32f6,True,True,True,31321
1,256,1,CNN_common,googlenet,1a71314c8b39f3a13d866fc03f912acd44cec31dfa32b656d26d5286b04cd457,True,True,True,18117
1,256,1,CNN_common,inception_resnet_v1,4eb898e1686d116ec61feed00e13a5e264bb6d3faabcc15595e07a2bb9a0cd48,True,True,True,82732
1,256,1,CNN_common,pnasnet,3393c2d7affab1ceb92f11ebe46ac833477c60c961a2ec8a76c486dd79fcf264,True,True,True,422967
1,256,1,CNN_common,resnet101,5485af3a075e3ef490d3885751dfa8ef311448d26cb9700ca2338afacefd0c93,True,True,True,77520
1,256,1,CNN_common,resnet152,3503ee5da7bd7e624741685c1e24f36c972dd24fda645f3d061c5227b55b29e1,True,True,True,113780
1,256,1,CNN_common,resnet50,c7227d1abf739d67c7598a6828966654e3cad87d27cabc8103a1062d93e2aee2,True,True,True,41820
1,256,1,CNN_common,resnext50,aae5b8c37cd39655ba7afced47b2fa66c9926d702a3933a918c5447f9635fa23,True,True,True,26651
1,256,1,CNN_common,vgg19,86d770f122d22e4cf6f7a4d475dfbc2631349f97a6b8e3933df143d23996982f,True,True,True,155197
1,256,1,RNN_common,gnmt,d6078c5da57b6d969c536ae99cfb56fbc86a63fe72be262314ae47a759e3ed23,True,True,True,15714
1,256,1,RNN_common,lstm,c5de797ca4b25a68b998a0d62ea706b965edd99c040713bbeae57e4172708656,True,True,True,16090
1,256,1,Transformer_common,bert_block,8bf6177ae8fe80be24401e48a68fed5771e79fd1953ef25de6ad0208c66c83d5,True,True,True,49152
1,256,1,Transformer_common,gpt_decode_block,ddc67b57c1f99cb3fbf3f80801b14b3c92748700933888d19df96889915104b3,True,True,True,6083
1,256,1,Transformer_common,gpt_prefill_block,434bfcb808bb000ca6eec4a92db45e3b2aaa8feca7ed12d6b095ec6aaf7d0d27,True,True,True,91200
1,256,1,Transformer_common,transformer,54ef316868ba20304634dacfa7c78df7c88463ea804f4ad69af3e3de08280ed7,True,True,True,280192
1,256,1,Transformer_common,transformer_cell,cdaa86951d4ed823ac8ad20bdb6d5ecf5031eba822b70c000f31a1037a1a1b7d,True,True,True,48832
1,256,1,individual,bert_block,8bf6177ae8fe80be24401e48a68fed5771e79fd1953ef25de6ad0208c66c83d5,True,True,True,49152
1,256,1,individual,darknet19,5b42125274ae88c0f1c8689622f7c8e17a3095279afeebad123c7bac7fc508ba,True,True,True,25808
1,256,1,individual,densenet,072d70accc891320d2e674d78d45f66a96ae809085183cc92ad031b6e57c32f6,True,True,True,31321
1,256,1,individual,gnmt,d6078c5da57b6d969c536ae99cfb56fbc86a63fe72be262314ae47a759e3ed23,True,True,True,15714
1,256,1,individual,googlenet,1a71314c8b39f3a13d866fc03f912acd44cec31dfa32b656d26d5286b04cd457,True,True,True,18117
1,256,1,individual,gpt_decode_block,ddc67b57c1f99cb3fbf3f80801b14b3c92748700933888d19df96889915104b3,True,True,True,6083
1,256,1,individual,gpt_prefill_block,434bfcb808bb000ca6eec4a92db45e3b2aaa8feca7ed12d6b095ec6aaf7d0d27,True,True,True,91200
1,256,1,individual,inception_resnet_v1,4eb898e1686d116ec61feed00e13a5e264bb6d3faabcc15595e07a2bb9a0cd48,True,True,True,82732
1,256,1,individual,lstm,c5de797ca4b25a68b998a0d62ea706b965edd99c040713bbeae57e4172708656,True,True,True,16090
1,256,1,individual,pnasnet,3393c2d7affab1ceb92f11ebe46ac833477c60c961a2ec8a76c486dd79fcf264,True,True,True,422967
1,256,1,individual,resnet101,5485af3a075e3ef490d3885751dfa8ef311448d26cb9700ca2338afacefd0c93,True,True,True,77520
1,256,1,individual,resnet152,3503ee5da7bd7e624741685c1e24f36c972dd24fda645f3d061c5227b55b29e1,True,True,True,113780
1,256,1,individual,resnet50,c7227d1abf739d67c7598a6828966654e3cad87d27cabc8103a1062d93e2aee2,True,True,True,41820
1,256,1,individual,resnext50,aae5b8c37cd39655ba7afced47b2fa66c9926d702a3933a918c5447f9635fa23,True,True,True,26651
1,256,1,individual,transformer,54ef316868ba20304634dacfa7c78df7c88463ea804f4ad69af3e3de08280ed7,True,True,True,280192
1,256,1,individual,transformer_cell,cdaa86951d4ed823ac8ad20bdb6d5ecf5031eba822b70c000f31a1037a1a1b7d,True,True,True,48832
1,256,1,individual,vgg19,86d770f122d22e4cf6f7a4d475dfbc2631349f97a6b8e3933df143d23996982f,True,True,True,155197
1,256,16,RNN_common,gnmt,71f82db49fb7a058200f70d4c57d254724a5b3bb8051e49df3b56f7a2ec52572,True,True,True,28978
1,256,16,RNN_common,lstm,774439cd0ec3e2a02544e884c3f2780af624aba1b43a80a70c836d6cf38beda7,True,True,True,30774
1,256,16,individual,darknet19,5ddd42993c6f35f96b9cd9c4603036bf5ac37faf5c10c82adf200d9ef51767e5,True,True,True,14639
1,256,16,individual,densenet,dc947e61bffe0a0541b22c8549afcea51634829c9a024204703c4ea3b8803353,True,True,True,55011
1,256,16,individual,gnmt,71f82db49fb7a058200f70d4c57d254724a5b3bb8051e49df3b56f7a2ec52572,True,True,True,28978
1,256,16,individual,googlenet,5b2b03f77f6119689a0b0f3d700a351546d928b88dfbbf9909a31ad9f4785f78,True,True,True,20245
1,256,16,individual,inception_resnet_v1,da3678c6bd7a660463190842b0145fcc57793d1249142d9a257eb67073ef25d6,True,True,True,70475
1,256,16,individual,lstm,774439cd0ec3e2a02544e884c3f2780af624aba1b43a80a70c836d6cf38beda7,True,True,True,30774
1,256,16,individual,resnet101,1b475fa988f6c538552ba0607f3d537f4ce63a9e189c725455abaf0f18f1a8f1,True,True,True,74495
1,256,16,individual,resnet50,b3baddd967fd91b449742f60fb48d9b65a0fe3a30dea05cca7730d42972806fb,True,True,True,38783
1,256,16,individual,transformer,6c2ed489a60ada9f7beadaa05ba254a6388055e3887ea4690424b9fa99317104,True,True,True,232937
1,256,16,individual,vgg19,9ebf4036d1d6c9a473c56a4610e02d92bd9c42a891be205d716e8a104344ed88,True,True,True,43008
1,256,4,ALL17_common,bert_block,26dbb2dec9ed3fe48c55943fe7f6763cf7b25d150487528a16ae083cc45ad18d,True,True,True,19621
1,256,4,ALL17_common,darknet19,e035d15c2001b2f3421db05dcc1ffe132730df2ea9e0383bd74fd0bd3a20b8a1,True,True,True,10638
1,256,4,ALL17_common,densenet,e328de1438d0ab8b8f8625c999890d7efea0230e3b6ff35e38ab9512ba2e2c07,True,True,True,21359
1,256,4,ALL17_common,gnmt,00275a0e0b16a1356a801c7e8fa195c88c5a921be81a69a1ac05ec4a0e001b54,True,True,True,15698
1,256,4,ALL17_common,googlenet,2ff56be97d20c3c92829ae6ca0d68213107ea969dcd9dd616c960c27349b1154,True,True,True,10530
1,256,4,ALL17_common,gpt_decode_block,fa4f8f2cebd51c1368f7010483bc65100587e68e0a7a7343946e692577b689b2,True,True,True,6177
1,256,4,ALL17_common,gpt_prefill_block,702aec9102d8c36df70d79546998bf3acec7182e44a6d5f4389d3810ca81f3f4,True,True,True,35224
1,256,4,ALL17_common,inception_resnet_v1,0f9c4ceffd4f2c740d80d2fb92889105ff54da75c91cca2f84ac979eabfa0919,True,True,True,52114
1,256,4,ALL17_common,lstm,64d6af154081863b2ceb33633e41f725253d710293ecc16086453a2ecd066f7e,True,True,True,26232
1,256,4,ALL17_common,pnasnet,13f33084c0c9a7b78c184574d9270ace741e661feb8b75afbe5f675bd8158ecf,True,True,True,208897
1,256,4,ALL17_common,resnet101,6a658ca674797b3c8f054e7d15bc6efe43596f2b10cef6aa32742923af6b8f85,True,True,True,45379
1,256,4,ALL17_common,resnet152,203460e208cd2575436aec6ea42df16a22ab1bba73a5f817d631e486e102ee36,True,True,True,64803
1,256,4,ALL17_common,resnet50,f40a53e926ba5308a64af7634d90c8af031b265de22d62d7adef4baa8fe8eb91,True,True,True,26348
1,256,4,ALL17_common,resnext50,971f76cb41d241fda7440efb17815d1c6574ff96f7726a4e877de30c1009c94b,True,True,True,21729
1,256,4,ALL17_common,transformer,08458bf16a6be51e0aba1e36fcd6794a929e5cda984e4fce273eb4198ee780f4,True,True,True,160600
1,256,4,ALL17_common,transformer_cell,32da2a2ff27cfa1d5f43425e8109e79ca390cb3c07e51290b8493bccf141f435,True,True,True,27567
1,256,4,ALL17_common,vgg19,a1d6e72a3042315dbdc916b90a87fc0a7c1ac499f0b0adc2dc2146282708b63a,True,True,True,46656
1,256,4,CNN_common,darknet19,e035d15c2001b2f3421db05dcc1ffe132730df2ea9e0383bd74fd0bd3a20b8a1,True,True,True,10638
1,256,4,CNN_common,densenet,e328de1438d0ab8b8f8625c999890d7efea0230e3b6ff35e38ab9512ba2e2c07,True,True,True,21359
1,256,4,CNN_common,googlenet,2ff56be97d20c3c92829ae6ca0d68213107ea969dcd9dd616c960c27349b1154,True,True,True,10530
1,256,4,CNN_common,inception_resnet_v1,0f9c4ceffd4f2c740d80d2fb92889105ff54da75c91cca2f84ac979eabfa0919,True,True,True,52114
1,256,4,CNN_common,pnasnet,13f33084c0c9a7b78c184574d9270ace741e661feb8b75afbe5f675bd8158ecf,True,True,True,208897
1,256,4,CNN_common,resnet101,6a658ca674797b3c8f054e7d15bc6efe43596f2b10cef6aa32742923af6b8f85,True,True,True,45379
1,256,4,CNN_common,resnet152,203460e208cd2575436aec6ea42df16a22ab1bba73a5f817d631e486e102ee36,True,True,True,64803
1,256,4,CNN_common,resnet50,f40a53e926ba5308a64af7634d90c8af031b265de22d62d7adef4baa8fe8eb91,True,True,True,26348
1,256,4,CNN_common,resnext50,971f76cb41d241fda7440efb17815d1c6574ff96f7726a4e877de30c1009c94b,True,True,True,21729
1,256,4,CNN_common,vgg19,a1d6e72a3042315dbdc916b90a87fc0a7c1ac499f0b0adc2dc2146282708b63a,True,True,True,46656
1,256,4,RNN_common,gnmt,00275a0e0b16a1356a801c7e8fa195c88c5a921be81a69a1ac05ec4a0e001b54,True,True,True,15698
1,256,4,RNN_common,lstm,64d6af154081863b2ceb33633e41f725253d710293ecc16086453a2ecd066f7e,True,True,True,26232
1,256,4,Transformer_common,bert_block,26dbb2dec9ed3fe48c55943fe7f6763cf7b25d150487528a16ae083cc45ad18d,True,True,True,19621
1,256,4,Transformer_common,gpt_decode_block,fa4f8f2cebd51c1368f7010483bc65100587e68e0a7a7343946e692577b689b2,True,True,True,6177
1,256,4,Transformer_common,gpt_prefill_block,702aec9102d8c36df70d79546998bf3acec7182e44a6d5f4389d3810ca81f3f4,True,True,True,35224
1,256,4,Transformer_common,transformer,08458bf16a6be51e0aba1e36fcd6794a929e5cda984e4fce273eb4198ee780f4,True,True,True,160600
1,256,4,Transformer_common,transformer_cell,32da2a2ff27cfa1d5f43425e8109e79ca390cb3c07e51290b8493bccf141f435,True,True,True,27567
1,256,4,individual,bert_block,26dbb2dec9ed3fe48c55943fe7f6763cf7b25d150487528a16ae083cc45ad18d,True,True,True,19621
1,256,4,individual,darknet19,e035d15c2001b2f3421db05dcc1ffe132730df2ea9e0383bd74fd0bd3a20b8a1,True,True,True,10638
1,256,4,individual,densenet,e328de1438d0ab8b8f8625c999890d7efea0230e3b6ff35e38ab9512ba2e2c07,True,True,True,21359
1,256,4,individual,gnmt,00275a0e0b16a1356a801c7e8fa195c88c5a921be81a69a1ac05ec4a0e001b54,True,True,True,15698
1,256,4,individual,googlenet,2ff56be97d20c3c92829ae6ca0d68213107ea969dcd9dd616c960c27349b1154,True,True,True,10530
1,256,4,individual,gpt_decode_block,fa4f8f2cebd51c1368f7010483bc65100587e68e0a7a7343946e692577b689b2,True,True,True,6177
1,256,4,individual,gpt_prefill_block,702aec9102d8c36df70d79546998bf3acec7182e44a6d5f4389d3810ca81f3f4,True,True,True,35224
1,256,4,individual,inception_resnet_v1,0f9c4ceffd4f2c740d80d2fb92889105ff54da75c91cca2f84ac979eabfa0919,True,True,True,52114
1,256,4,individual,lstm,64d6af154081863b2ceb33633e41f725253d710293ecc16086453a2ecd066f7e,True,True,True,26232
1,256,4,individual,pnasnet,13f33084c0c9a7b78c184574d9270ace741e661feb8b75afbe5f675bd8158ecf,True,True,True,208897
1,256,4,individual,resnet101,6a658ca674797b3c8f054e7d15bc6efe43596f2b10cef6aa32742923af6b8f85,True,True,True,45379
1,256,4,individual,resnet152,203460e208cd2575436aec6ea42df16a22ab1bba73a5f817d631e486e102ee36,True,True,True,64803
1,256,4,individual,resnet50,f40a53e926ba5308a64af7634d90c8af031b265de22d62d7adef4baa8fe8eb91,True,True,True,26348
1,256,4,individual,resnext50,971f76cb41d241fda7440efb17815d1c6574ff96f7726a4e877de30c1009c94b,True,True,True,21729
1,256,4,individual,transformer,08458bf16a6be51e0aba1e36fcd6794a929e5cda984e4fce273eb4198ee780f4,True,True,True,160600
1,256,4,individual,transformer_cell,32da2a2ff27cfa1d5f43425e8109e79ca390cb3c07e51290b8493bccf141f435,True,True,True,27567
1,256,4,individual,vgg19,a1d6e72a3042315dbdc916b90a87fc0a7c1ac499f0b0adc2dc2146282708b63a,True,True,True,46656
1,32,1,ALL17_common,bert_block,0e1c7fae3e07cf31d305e1b5b4bad9404fae91cfd6e1158735626c803f273361,True,True,True,334848
1,32,1,ALL17_common,darknet19,1bd9a107a8cb7467312b0fc6310f8e49cd744cc367b4e742db7f56317f2d6d89,True,True,True,174839
1,32,1,ALL17_common,densenet,5184e927bf64372c90c88c6651e7c0c43cfbe685b778d5080644cda113916029,True,True,True,187083
1,32,1,ALL17_common,gnmt,4203b4a196f411a257a8a53fa8513c9122bbaf8f76228fc38018b2e8658c941a,True,True,True,16307
1,32,1,ALL17_common,googlenet,d792d1d91daec7ad12981b5b6c1200d9648963fe20e0263b3e08522c8c31d645,True,True,True,117627
1,32,1,ALL17_common,gpt_decode_block,f8228bac2488e11e9b2537828c2b1a42e98a74348e3956b3d5233f3cd8ff400c,True,True,True,8320
1,32,1,ALL17_common,gpt_prefill_block,b46d2b8c9fa7f4975563c034283e79047024322be7c576371b8b5870835d13b5,True,True,True,638400
1,32,1,ALL17_common,inception_resnet_v1,02078955664c46a97285ef265162e29f50b4baa17382267459989f13e330eee8,True,True,True,428649
1,32,1,ALL17_common,lstm,68db42bd5a4907610aac6167e50b4fbdc77b224defcc2c1d44c767574d996bd2,True,True,True,16257
1,32,1,ALL17_common,pnasnet,a87820113e6b5c1ddc8ae3d03d0b648ff2bfd24f861245e27d0c15ec6ba2cd2c,True,True,True,2464155
1,32,1,ALL17_common,resnet101,eb87dde5487138dc23c7a8debd212769da8e7bca98294d382323f5ef19259be9,True,True,True,488282
1,32,1,ALL17_common,resnet152,cd57acb02fdf75d2ff8c255d63fd44438c66127d1312831ac6c7a74d787f999f,True,True,True,723090
1,32,1,ALL17_common,resnet50,ba6f688fc8136c83d3acbac5348d368e67d8bc830eae0ecd1e91ac4765a9a43b,True,True,True,255042
1,32,1,ALL17_common,resnext50,c3a65289f1cffe2f7414706e089c9cd7a694ceca843dbba59094766bab715f38,True,True,True,146016
1,32,1,ALL17_common,transformer,0b5311dd1f637f1482551db7617032eeb8794f5f58203cde37d02b43b367c9cc,True,True,True,1749504
1,32,1,ALL17_common,transformer_cell,f8af01a1f68555d412d1b0a0f0e60a297f28e8cd2326532cfbe5cf43f61be927,True,True,True,305664
1,32,1,ALL17_common,vgg19,eb7784dceb75ec27bbee9237164b9102772a665ee61b302b5bfdba123d8e9ec7,True,True,True,1198442
1,32,1,CNN_common,darknet19,1bd9a107a8cb7467312b0fc6310f8e49cd744cc367b4e742db7f56317f2d6d89,True,True,True,174839
1,32,1,CNN_common,densenet,5184e927bf64372c90c88c6651e7c0c43cfbe685b778d5080644cda113916029,True,True,True,187083
1,32,1,CNN_common,googlenet,d792d1d91daec7ad12981b5b6c1200d9648963fe20e0263b3e08522c8c31d645,True,True,True,117627
1,32,1,CNN_common,inception_resnet_v1,02078955664c46a97285ef265162e29f50b4baa17382267459989f13e330eee8,True,True,True,428649
1,32,1,CNN_common,pnasnet,a87820113e6b5c1ddc8ae3d03d0b648ff2bfd24f861245e27d0c15ec6ba2cd2c,True,True,True,2464155
1,32,1,CNN_common,resnet101,eb87dde5487138dc23c7a8debd212769da8e7bca98294d382323f5ef19259be9,True,True,True,488282
1,32,1,CNN_common,resnet152,cd57acb02fdf75d2ff8c255d63fd44438c66127d1312831ac6c7a74d787f999f,True,True,True,723090
1,32,1,CNN_common,resnet50,ba6f688fc8136c83d3acbac5348d368e67d8bc830eae0ecd1e91ac4765a9a43b,True,True,True,255042
1,32,1,CNN_common,resnext50,c3a65289f1cffe2f7414706e089c9cd7a694ceca843dbba59094766bab715f38,True,True,True,146016
1,32,1,CNN_common,vgg19,eb7784dceb75ec27bbee9237164b9102772a665ee61b302b5bfdba123d8e9ec7,True,True,True,1198442
1,32,1,RNN_common,gnmt,4203b4a196f411a257a8a53fa8513c9122bbaf8f76228fc38018b2e8658c941a,True,True,True,16307
1,32,1,RNN_common,lstm,68db42bd5a4907610aac6167e50b4fbdc77b224defcc2c1d44c767574d996bd2,True,True,True,16257
1,32,1,Transformer_common,bert_block,0e1c7fae3e07cf31d305e1b5b4bad9404fae91cfd6e1158735626c803f273361,True,True,True,334848
1,32,1,Transformer_common,gpt_decode_block,f8228bac2488e11e9b2537828c2b1a42e98a74348e3956b3d5233f3cd8ff400c,True,True,True,8320
1,32,1,Transformer_common,gpt_prefill_block,b46d2b8c9fa7f4975563c034283e79047024322be7c576371b8b5870835d13b5,True,True,True,638400
1,32,1,Transformer_common,transformer,0b5311dd1f637f1482551db7617032eeb8794f5f58203cde37d02b43b367c9cc,True,True,True,1749504
1,32,1,Transformer_common,transformer_cell,f8af01a1f68555d412d1b0a0f0e60a297f28e8cd2326532cfbe5cf43f61be927,True,True,True,305664
1,32,1,individual,bert_block,0e1c7fae3e07cf31d305e1b5b4bad9404fae91cfd6e1158735626c803f273361,True,True,True,334848
1,32,1,individual,darknet19,1bd9a107a8cb7467312b0fc6310f8e49cd744cc367b4e742db7f56317f2d6d89,True,True,True,174839
1,32,1,individual,densenet,5184e927bf64372c90c88c6651e7c0c43cfbe685b778d5080644cda113916029,True,True,True,187083
1,32,1,individual,gnmt,4203b4a196f411a257a8a53fa8513c9122bbaf8f76228fc38018b2e8658c941a,True,True,True,16307
1,32,1,individual,googlenet,d792d1d91daec7ad12981b5b6c1200d9648963fe20e0263b3e08522c8c31d645,True,True,True,117627
1,32,1,individual,gpt_decode_block,f8228bac2488e11e9b2537828c2b1a42e98a74348e3956b3d5233f3cd8ff400c,True,True,True,8320
1,32,1,individual,gpt_prefill_block,b46d2b8c9fa7f4975563c034283e79047024322be7c576371b8b5870835d13b5,True,True,True,638400
1,32,1,individual,inception_resnet_v1,02078955664c46a97285ef265162e29f50b4baa17382267459989f13e330eee8,True,True,True,428649
1,32,1,individual,lstm,68db42bd5a4907610aac6167e50b4fbdc77b224defcc2c1d44c767574d996bd2,True,True,True,16257
1,32,1,individual,pnasnet,a87820113e6b5c1ddc8ae3d03d0b648ff2bfd24f861245e27d0c15ec6ba2cd2c,True,True,True,2464155
1,32,1,individual,resnet101,eb87dde5487138dc23c7a8debd212769da8e7bca98294d382323f5ef19259be9,True,True,True,488282
1,32,1,individual,resnet152,cd57acb02fdf75d2ff8c255d63fd44438c66127d1312831ac6c7a74d787f999f,True,True,True,723090
1,32,1,individual,resnet50,ba6f688fc8136c83d3acbac5348d368e67d8bc830eae0ecd1e91ac4765a9a43b,True,True,True,255042
1,32,1,individual,resnext50,c3a65289f1cffe2f7414706e089c9cd7a694ceca843dbba59094766bab715f38,True,True,True,146016
1,32,1,individual,transformer,0b5311dd1f637f1482551db7617032eeb8794f5f58203cde37d02b43b367c9cc,True,True,True,1749504
1,32,1,individual,transformer_cell,f8af01a1f68555d412d1b0a0f0e60a297f28e8cd2326532cfbe5cf43f61be927,True,True,True,305664
1,32,1,individual,vgg19,eb7784dceb75ec27bbee9237164b9102772a665ee61b302b5bfdba123d8e9ec7,True,True,True,1198442
1,32,16,ALL17_common,bert_block,515dc8516a48f5467ece6150d136f6ef5b0f2a5e8eb35c83208f2ab5d3be6090,True,True,True,37166
1,32,16,ALL17_common,darknet19,b507f1b45bbe4889473dccb429b0c52f58a8707739accaab605fa56975cb5398,True,True,True,20588
1,32,16,ALL17_common,densenet,555c8ce271e645a4d4b5cc354545ff46090b60e612a2fa09aa5106e61559d4c3,True,True,True,37911
1,32,16,ALL17_common,gnmt,c4f1e9a6042d718289a9dd5cf13cbc9e86e60327843bc6efa63909fbdbae06bb,True,True,True,31706
1,32,16,ALL17_common,googlenet,31935da85e9a769446b91a8264fe69c803672f78be1bfd06b3cb6d9e2f3a0bdf,True,True,True,19313
1,32,16,ALL17_common,gpt_decode_block,ce745051c1192adbfc59ca66481948f592078fb8d3524f77f676ffc31e7eb756,True,True,True,6184
1,32,16,ALL17_common,gpt_prefill_block,4a3375cf34c45bf2f29c536caeb907054db44d25dc6889cec35ceda3dacbcd3b,True,True,True,75332
1,32,16,ALL17_common,inception_resnet_v1,0aace2c3283c64d981660950dea0c2f748bce04aff1491f28d9f86f5f1f02891,True,True,True,95767
1,32,16,ALL17_common,lstm,7f0cf2a6c5340ebaa6fd0105c70db1cab37d276890e876bdc17e7119c84a6f09,True,True,True,48144
1,32,16,ALL17_common,pnasnet,fa5c4d6dbb9dbb1c3ad04e333525f8c9e8caeb1f019f07eddc189e644a4d6724,True,True,True,345831
1,32,16,ALL17_common,resnet101,3d4673d3ccd389b1f6fd658f6ccbc69a23c1b0ee7126e27f50e7f3fe0b541387,True,True,True,76951
1,32,16,ALL17_common,resnet152,ca713b13fd0f4e87b80d61dbb57a6b9ca6ee4ba94cbc163f40d1c9a28948874e,True,True,True,111504
1,32,16,ALL17_common,resnet50,825eb537954f2e3e6b791081d2f8030bb81b8dba5619b3c28b24bbd23a748014,True,True,True,41640
1,32,16,ALL17_common,resnext50,b410e6c867a9f7e7b2a680c81fe362175e6334dd3e026f3bb47459af97b679e3,True,True,True,30204
1,32,16,ALL17_common,transformer,111f06a49eb2ff8f80903cc2833df44f3c49c87f302f06caaab2177d5d35e0f2,True,True,True,245182
1,32,16,ALL17_common,transformer_cell,fcc8c292d25f9532de90e07fb1e66516046316beb8620c604ee0b8d52773b48e,True,True,True,42126
1,32,16,ALL17_common,vgg19,bc020bb96ee8753ecdaf8627487c4e9d521648a891ef176011dea4d035c0a56e,True,True,True,83629
1,32,16,CNN_common,darknet19,b507f1b45bbe4889473dccb429b0c52f58a8707739accaab605fa56975cb5398,True,True,True,20588
1,32,16,CNN_common,densenet,555c8ce271e645a4d4b5cc354545ff46090b60e612a2fa09aa5106e61559d4c3,True,True,True,37911
1,32,16,CNN_common,googlenet,31935da85e9a769446b91a8264fe69c803672f78be1bfd06b3cb6d9e2f3a0bdf,True,True,True,19313
1,32,16,CNN_common,inception_resnet_v1,0aace2c3283c64d981660950dea0c2f748bce04aff1491f28d9f86f5f1f02891,True,True,True,95767
1,32,16,CNN_common,pnasnet,fa5c4d6dbb9dbb1c3ad04e333525f8c9e8caeb1f019f07eddc189e644a4d6724,True,True,True,345831
1,32,16,CNN_common,resnet101,3d4673d3ccd389b1f6fd658f6ccbc69a23c1b0ee7126e27f50e7f3fe0b541387,True,True,True,76951
1,32,16,CNN_common,resnet152,ca713b13fd0f4e87b80d61dbb57a6b9ca6ee4ba94cbc163f40d1c9a28948874e,True,True,True,111504
1,32,16,CNN_common,resnet50,825eb537954f2e3e6b791081d2f8030bb81b8dba5619b3c28b24bbd23a748014,True,True,True,41640
1,32,16,CNN_common,resnext50,b410e6c867a9f7e7b2a680c81fe362175e6334dd3e026f3bb47459af97b679e3,True,True,True,30204
1,32,16,CNN_common,vgg19,bc020bb96ee8753ecdaf8627487c4e9d521648a891ef176011dea4d035c0a56e,True,True,True,83629
1,32,16,RNN_common,gnmt,c4f1e9a6042d718289a9dd5cf13cbc9e86e60327843bc6efa63909fbdbae06bb,True,True,True,31706
1,32,16,RNN_common,lstm,7f0cf2a6c5340ebaa6fd0105c70db1cab37d276890e876bdc17e7119c84a6f09,True,True,True,48144
1,32,16,Transformer_common,bert_block,515dc8516a48f5467ece6150d136f6ef5b0f2a5e8eb35c83208f2ab5d3be6090,True,True,True,37166
1,32,16,Transformer_common,gpt_decode_block,ce745051c1192adbfc59ca66481948f592078fb8d3524f77f676ffc31e7eb756,True,True,True,6184
1,32,16,Transformer_common,gpt_prefill_block,4a3375cf34c45bf2f29c536caeb907054db44d25dc6889cec35ceda3dacbcd3b,True,True,True,75332
1,32,16,Transformer_common,transformer,111f06a49eb2ff8f80903cc2833df44f3c49c87f302f06caaab2177d5d35e0f2,True,True,True,245182
1,32,16,Transformer_common,transformer_cell,fcc8c292d25f9532de90e07fb1e66516046316beb8620c604ee0b8d52773b48e,True,True,True,42126
1,32,16,individual,bert_block,515dc8516a48f5467ece6150d136f6ef5b0f2a5e8eb35c83208f2ab5d3be6090,True,True,True,37166
1,32,16,individual,darknet19,b507f1b45bbe4889473dccb429b0c52f58a8707739accaab605fa56975cb5398,True,True,True,20588
1,32,16,individual,densenet,555c8ce271e645a4d4b5cc354545ff46090b60e612a2fa09aa5106e61559d4c3,True,True,True,37911
1,32,16,individual,gnmt,c4f1e9a6042d718289a9dd5cf13cbc9e86e60327843bc6efa63909fbdbae06bb,True,True,True,31706
1,32,16,individual,googlenet,31935da85e9a769446b91a8264fe69c803672f78be1bfd06b3cb6d9e2f3a0bdf,True,True,True,19313
1,32,16,individual,gpt_decode_block,ce745051c1192adbfc59ca66481948f592078fb8d3524f77f676ffc31e7eb756,True,True,True,6184
1,32,16,individual,gpt_prefill_block,4a3375cf34c45bf2f29c536caeb907054db44d25dc6889cec35ceda3dacbcd3b,True,True,True,75332
1,32,16,individual,inception_resnet_v1,0aace2c3283c64d981660950dea0c2f748bce04aff1491f28d9f86f5f1f02891,True,True,True,95767
1,32,16,individual,lstm,7f0cf2a6c5340ebaa6fd0105c70db1cab37d276890e876bdc17e7119c84a6f09,True,True,True,48144
1,32,16,individual,pnasnet,fa5c4d6dbb9dbb1c3ad04e333525f8c9e8caeb1f019f07eddc189e644a4d6724,True,True,True,345831
1,32,16,individual,resnet101,3d4673d3ccd389b1f6fd658f6ccbc69a23c1b0ee7126e27f50e7f3fe0b541387,True,True,True,76951
1,32,16,individual,resnet152,ca713b13fd0f4e87b80d61dbb57a6b9ca6ee4ba94cbc163f40d1c9a28948874e,True,True,True,111504
1,32,16,individual,resnet50,825eb537954f2e3e6b791081d2f8030bb81b8dba5619b3c28b24bbd23a748014,True,True,True,41640
1,32,16,individual,resnext50,b410e6c867a9f7e7b2a680c81fe362175e6334dd3e026f3bb47459af97b679e3,True,True,True,30204
1,32,16,individual,transformer,111f06a49eb2ff8f80903cc2833df44f3c49c87f302f06caaab2177d5d35e0f2,True,True,True,245182
1,32,16,individual,transformer_cell,fcc8c292d25f9532de90e07fb1e66516046316beb8620c604ee0b8d52773b48e,True,True,True,42126
1,32,16,individual,vgg19,bc020bb96ee8753ecdaf8627487c4e9d521648a891ef176011dea4d035c0a56e,True,True,True,83629
1,32,4,ALL17_common,bert_block,387495ce54ed42381e537bb9f53e5f8c7c93e65d15bd0932f16d611944a39ef9,True,True,True,88064
1,32,4,ALL17_common,darknet19,2840eefa6298c02cc722e9e13f7d8314e8b25cc2466957d75874d02dc05f9f5b,True,True,True,47948
1,32,4,ALL17_common,densenet,ee8de7dd45296d54c614ec899e4aeff6d759a3c779df222f665e2c5726f5fd93,True,True,True,54054
1,32,4,ALL17_common,gnmt,cfd16647f868220fdaa889d7f0596076f111bd2d287107948a6daecc8dd09ef6,True,True,True,35924
1,32,4,ALL17_common,googlenet,8ab7554ef97ce3f10501ee16b86684fc8df380fa6c3329fe4dae6099e87ccf60,True,True,True,32821
1,32,4,ALL17_common,gpt_decode_block,5bac16386efc5334141fbd375c1fdf945fa3c8321f6bd70bc51ef28577dafc24,True,True,True,7946
1,32,4,ALL17_common,gpt_prefill_block,6a39018e25355eda7553c9d07dade726b9ed571f42f79db740caa7165644243e,True,True,True,166400
1,32,4,ALL17_common,inception_resnet_v1,5955873ea2860a5931b6aa6641ba63aa115e4a4b99a40a941d8d0f0e2c22aae8,True,True,True,129047
1,32,4,ALL17_common,lstm,3f23305b387b5d49f263421b5e611aa9a95b6eb0c705030c0c8bf2f3dbdfa44f,True,True,True,33764
1,32,4,ALL17_common,pnasnet,1504b4b832907341f9f25e85afdab0722fd34e5c89281f70ce6c885f6a86cc0f,True,True,True,717549
1,32,4,ALL17_common,resnet101,ec036cc1e7afee61a1c513a6e83f8dd35cd6185c29674c3928b27566ea547d22,True,True,True,137447
1,32,4,ALL17_common,resnet152,062b325cea253b0c628a78b149879487225bdc9751b835f8f0505b694b7355a4,True,True,True,204395
1,32,4,ALL17_common,resnet50,b33593f552856b6512d163deba5ca9bee5470d43dd2618b00a55c8eaf6ba8e61,True,True,True,71283
1,32,4,ALL17_common,resnext50,a11c34c0825a4422bcec687519503f0dbce277dbf1766afdc45af5f35d653a57,True,True,True,41664
1,32,4,ALL17_common,transformer,e63a0ce59948edc536a1600a5d0b4128ef68e79fd55cb1ce84503962328ecb41,True,True,True,476160
1,32,4,ALL17_common,transformer_cell,dc1aa50dc15f839895d76eccc23c9f7e8e6d8b914dadfb8fdcd596e2e776828b,True,True,True,83200
1,32,4,ALL17_common,vgg19,e53e686b485c2d6cfaee371a1dd5c6b47c46e2d30933c809adf34a7318bf056e,True,True,True,305389
1,32,4,CNN_common,darknet19,2840eefa6298c02cc722e9e13f7d8314e8b25cc2466957d75874d02dc05f9f5b,True,True,True,47948
1,32,4,CNN_common,densenet,ee8de7dd45296d54c614ec899e4aeff6d759a3c779df222f665e2c5726f5fd93,True,True,True,54054
1,32,4,CNN_common,googlenet,8ab7554ef97ce3f10501ee16b86684fc8df380fa6c3329fe4dae6099e87ccf60,True,True,True,32821
1,32,4,CNN_common,inception_resnet_v1,5955873ea2860a5931b6aa6641ba63aa115e4a4b99a40a941d8d0f0e2c22aae8,True,True,True,129047
1,32,4,CNN_common,pnasnet,1504b4b832907341f9f25e85afdab0722fd34e5c89281f70ce6c885f6a86cc0f,True,True,True,717549
1,32,4,CNN_common,resnet101,ec036cc1e7afee61a1c513a6e83f8dd35cd6185c29674c3928b27566ea547d22,True,True,True,137447
1,32,4,CNN_common,resnet152,062b325cea253b0c628a78b149879487225bdc9751b835f8f0505b694b7355a4,True,True,True,204395
1,32,4,CNN_common,resnet50,b33593f552856b6512d163deba5ca9bee5470d43dd2618b00a55c8eaf6ba8e61,True,True,True,71283
1,32,4,CNN_common,resnext50,a11c34c0825a4422bcec687519503f0dbce277dbf1766afdc45af5f35d653a57,True,True,True,41664
1,32,4,CNN_common,vgg19,e53e686b485c2d6cfaee371a1dd5c6b47c46e2d30933c809adf34a7318bf056e,True,True,True,305389
1,32,4,RNN_common,gnmt,cfd16647f868220fdaa889d7f0596076f111bd2d287107948a6daecc8dd09ef6,True,True,True,35924
1,32,4,RNN_common,lstm,3f23305b387b5d49f263421b5e611aa9a95b6eb0c705030c0c8bf2f3dbdfa44f,True,True,True,33764
1,32,4,Transformer_common,bert_block,387495ce54ed42381e537bb9f53e5f8c7c93e65d15bd0932f16d611944a39ef9,True,True,True,88064
1,32,4,Transformer_common,gpt_decode_block,5bac16386efc5334141fbd375c1fdf945fa3c8321f6bd70bc51ef28577dafc24,True,True,True,7946
1,32,4,Transformer_common,gpt_prefill_block,6a39018e25355eda7553c9d07dade726b9ed571f42f79db740caa7165644243e,True,True,True,166400
1,32,4,Transformer_common,transformer,e63a0ce59948edc536a1600a5d0b4128ef68e79fd55cb1ce84503962328ecb41,True,True,True,476160
1,32,4,Transformer_common,transformer_cell,dc1aa50dc15f839895d76eccc23c9f7e8e6d8b914dadfb8fdcd596e2e776828b,True,True,True,83200
1,32,4,individual,bert_block,387495ce54ed42381e537bb9f53e5f8c7c93e65d15bd0932f16d611944a39ef9,True,True,True,88064
1,32,4,individual,darknet19,2840eefa6298c02cc722e9e13f7d8314e8b25cc2466957d75874d02dc05f9f5b,True,True,True,47948
1,32,4,individual,densenet,ee8de7dd45296d54c614ec899e4aeff6d759a3c779df222f665e2c5726f5fd93,True,True,True,54054
1,32,4,individual,gnmt,cfd16647f868220fdaa889d7f0596076f111bd2d287107948a6daecc8dd09ef6,True,True,True,35924
1,32,4,individual,googlenet,8ab7554ef97ce3f10501ee16b86684fc8df380fa6c3329fe4dae6099e87ccf60,True,True,True,32821
1,32,4,individual,gpt_decode_block,5bac16386efc5334141fbd375c1fdf945fa3c8321f6bd70bc51ef28577dafc24,True,True,True,7946
1,32,4,individual,gpt_prefill_block,6a39018e25355eda7553c9d07dade726b9ed571f42f79db740caa7165644243e,True,True,True,166400
1,32,4,individual,inception_resnet_v1,5955873ea2860a5931b6aa6641ba63aa115e4a4b99a40a941d8d0f0e2c22aae8,True,True,True,129047
1,32,4,individual,lstm,3f23305b387b5d49f263421b5e611aa9a95b6eb0c705030c0c8bf2f3dbdfa44f,True,True,True,33764
1,32,4,individual,pnasnet,1504b4b832907341f9f25e85afdab0722fd34e5c89281f70ce6c885f6a86cc0f,True,True,True,717549
1,32,4,individual,resnet101,ec036cc1e7afee61a1c513a6e83f8dd35cd6185c29674c3928b27566ea547d22,True,True,True,137447
1,32,4,individual,resnet152,062b325cea253b0c628a78b149879487225bdc9751b835f8f0505b694b7355a4,True,True,True,204395
1,32,4,individual,resnet50,b33593f552856b6512d163deba5ca9bee5470d43dd2618b00a55c8eaf6ba8e61,True,True,True,71283
1,32,4,individual,resnext50,a11c34c0825a4422bcec687519503f0dbce277dbf1766afdc45af5f35d653a57,True,True,True,41664
1,32,4,individual,transformer,e63a0ce59948edc536a1600a5d0b4128ef68e79fd55cb1ce84503962328ecb41,True,True,True,476160
1,32,4,individual,transformer_cell,dc1aa50dc15f839895d76eccc23c9f7e8e6d8b914dadfb8fdcd596e2e776828b,True,True,True,83200
1,32,4,individual,vgg19,e53e686b485c2d6cfaee371a1dd5c6b47c46e2d30933c809adf34a7318bf056e,True,True,True,305389
1,4,1,ALL17_common,bert_block,80ec434487addab965c7b3325e36c0e5fed0c753241c63a34c3efed2cf117e8a,True,True,True,2678784
1,4,1,ALL17_common,darknet19,d8fb40f3f52c55f679d0f5730c4bfde80334a8dc71ed209273778d99cbf9ef28,True,True,True,1395119
1,4,1,ALL17_common,densenet,6848cb322aa40a0650b30313bf8fd57a685bf62f926e9cbeeb9a6dc26a2f2d10,True,True,True,1425588
1,4,1,ALL17_common,gnmt,54576bc82da2316a453f3fbc61da3f25b8989ba3c877e377042ac45876a2af70,True,True,True,63720
1,4,1,ALL17_common,googlenet,6db76f18deb0932b9091398af954576adbf02f684f8addcd2895934ef133963d,True,True,True,900793
1,4,1,ALL17_common,gpt_decode_block,2fffcea9bfd74eb7cf51faa0b735d45313ffaed1f707c8c2d10cfdac086cae0c,True,True,True,32912
1,4,1,ALL17_common,gpt_prefill_block,adf62d1c96e4ee5990168280e179ab3caf59a8b696900dff99d1d860b03fdf5a,True,True,True,5107200
1,4,1,ALL17_common,inception_resnet_v1,d14a1e7a73b78450832653b307d0a7ab6b7d2c06fcb46db1802be6004ec30027,True,True,True,3164480
1,4,1,ALL17_common,lstm,0fff29a32c09b500212dca8b13f9dcc671b773f09f1485ffe8898aa69a11181b,True,True,True,63592
1,4,1,ALL17_common,pnasnet,64293fa01462e878fcec02fcb1fc10d538ec8414839c8ed96416ca4aa4875ce6,True,True,True,17869046
1,4,1,ALL17_common,resnet101,0bc89f79efa6378714afc46f4811e3b14759597bc08d99a5684c8c7c4db15c0f,True,True,True,3871056
1,4,1,ALL17_common,resnet152,234b1d0bddccda4c4ed378c4cbcafaec7a24eb6cd2572bcbb5ae2398fce6ebf2,True,True,True,5749520
1,4,1,ALL17_common,resnet50,ef5edf384c3770458ce8524b4a37176e638c1a331504170a061bcba67c5c59dd,True,True,True,2005136
1,4,1,ALL17_common,resnext50,88dd3d2241c48536b4c04c2e0b76b9105c8baa536bbf90f4d754ef8aa5cc4dd8,True,True,True,1157120
1,4,1,ALL17_common,transformer,3e2d56e5759ba817b00cab6f960bf98afab4c9586532ff1efedca43d075336ae,True,True,True,13996032
1,4,1,ALL17_common,transformer_cell,d066e5b6a5e056d1050087e14ef6b89f82febee7a42b0057038781eea8c089c2,True,True,True,2445312
1,4,1,ALL17_common,vgg19,ad3cbd66308a6ace8ed1a3028169e665b29fb08ce3f875e1bf1b5a3af16782e7,True,True,True,9587536
1,4,1,CNN_common,darknet19,d8fb40f3f52c55f679d0f5730c4bfde80334a8dc71ed209273778d99cbf9ef28,True,True,True,1395119
1,4,1,CNN_common,densenet,6848cb322aa40a0650b30313bf8fd57a685bf62f926e9cbeeb9a6dc26a2f2d10,True,True,True,1425588
1,4,1,CNN_common,googlenet,6db76f18deb0932b9091398af954576adbf02f684f8addcd2895934ef133963d,True,True,True,900793
1,4,1,CNN_common,inception_resnet_v1,d14a1e7a73b78450832653b307d0a7ab6b7d2c06fcb46db1802be6004ec30027,True,True,True,3164480
1,4,1,CNN_common,pnasnet,64293fa01462e878fcec02fcb1fc10d538ec8414839c8ed96416ca4aa4875ce6,True,True,True,17869046
1,4,1,CNN_common,resnet101,0bc89f79efa6378714afc46f4811e3b14759597bc08d99a5684c8c7c4db15c0f,True,True,True,3871056
1,4,1,CNN_common,resnet152,234b1d0bddccda4c4ed378c4cbcafaec7a24eb6cd2572bcbb5ae2398fce6ebf2,True,True,True,5749520
1,4,1,CNN_common,resnet50,ef5edf384c3770458ce8524b4a37176e638c1a331504170a061bcba67c5c59dd,True,True,True,2005136
1,4,1,CNN_common,resnext50,88dd3d2241c48536b4c04c2e0b76b9105c8baa536bbf90f4d754ef8aa5cc4dd8,True,True,True,1157120
1,4,1,CNN_common,vgg19,ad3cbd66308a6ace8ed1a3028169e665b29fb08ce3f875e1bf1b5a3af16782e7,True,True,True,9587536
1,4,1,RNN_common,gnmt,54576bc82da2316a453f3fbc61da3f25b8989ba3c877e377042ac45876a2af70,True,True,True,63720
1,4,1,RNN_common,lstm,0fff29a32c09b500212dca8b13f9dcc671b773f09f1485ffe8898aa69a11181b,True,True,True,63592
1,4,1,Transformer_common,bert_block,80ec434487addab965c7b3325e36c0e5fed0c753241c63a34c3efed2cf117e8a,True,True,True,2678784
1,4,1,Transformer_common,gpt_decode_block,2fffcea9bfd74eb7cf51faa0b735d45313ffaed1f707c8c2d10cfdac086cae0c,True,True,True,32912
1,4,1,Transformer_common,gpt_prefill_block,adf62d1c96e4ee5990168280e179ab3caf59a8b696900dff99d1d860b03fdf5a,True,True,True,5107200
1,4,1,Transformer_common,transformer,3e2d56e5759ba817b00cab6f960bf98afab4c9586532ff1efedca43d075336ae,True,True,True,13996032
1,4,1,Transformer_common,transformer_cell,d066e5b6a5e056d1050087e14ef6b89f82febee7a42b0057038781eea8c089c2,True,True,True,2445312
1,4,1,individual,bert_block,80ec434487addab965c7b3325e36c0e5fed0c753241c63a34c3efed2cf117e8a,True,True,True,2678784
1,4,1,individual,darknet19,d8fb40f3f52c55f679d0f5730c4bfde80334a8dc71ed209273778d99cbf9ef28,True,True,True,1395119
1,4,1,individual,densenet,6848cb322aa40a0650b30313bf8fd57a685bf62f926e9cbeeb9a6dc26a2f2d10,True,True,True,1425588
1,4,1,individual,gnmt,54576bc82da2316a453f3fbc61da3f25b8989ba3c877e377042ac45876a2af70,True,True,True,63720
1,4,1,individual,googlenet,6db76f18deb0932b9091398af954576adbf02f684f8addcd2895934ef133963d,True,True,True,900793
1,4,1,individual,gpt_decode_block,2fffcea9bfd74eb7cf51faa0b735d45313ffaed1f707c8c2d10cfdac086cae0c,True,True,True,32912
1,4,1,individual,gpt_prefill_block,adf62d1c96e4ee5990168280e179ab3caf59a8b696900dff99d1d860b03fdf5a,True,True,True,5107200
1,4,1,individual,inception_resnet_v1,d14a1e7a73b78450832653b307d0a7ab6b7d2c06fcb46db1802be6004ec30027,True,True,True,3164480
1,4,1,individual,lstm,0fff29a32c09b500212dca8b13f9dcc671b773f09f1485ffe8898aa69a11181b,True,True,True,63592
1,4,1,individual,pnasnet,64293fa01462e878fcec02fcb1fc10d538ec8414839c8ed96416ca4aa4875ce6,True,True,True,17869046
1,4,1,individual,resnet101,0bc89f79efa6378714afc46f4811e3b14759597bc08d99a5684c8c7c4db15c0f,True,True,True,3871056
1,4,1,individual,resnet152,234b1d0bddccda4c4ed378c4cbcafaec7a24eb6cd2572bcbb5ae2398fce6ebf2,True,True,True,5749520
1,4,1,individual,resnet50,ef5edf384c3770458ce8524b4a37176e638c1a331504170a061bcba67c5c59dd,True,True,True,2005136
1,4,1,individual,resnext50,88dd3d2241c48536b4c04c2e0b76b9105c8baa536bbf90f4d754ef8aa5cc4dd8,True,True,True,1157120
1,4,1,individual,transformer,3e2d56e5759ba817b00cab6f960bf98afab4c9586532ff1efedca43d075336ae,True,True,True,13996032
1,4,1,individual,transformer_cell,d066e5b6a5e056d1050087e14ef6b89f82febee7a42b0057038781eea8c089c2,True,True,True,2445312
1,4,1,individual,vgg19,ad3cbd66308a6ace8ed1a3028169e665b29fb08ce3f875e1bf1b5a3af16782e7,True,True,True,9587536
1,4,16,ALL17_common,bert_block,9fdc7db23cbbe29a7f96e60c8a9959256e69db8edc204af7b61e4f5fc5503671,True,True,True,170496
1,4,16,ALL17_common,darknet19,277c53206e57cb9a3830943618268c0a0b089e983013fa5316165263087a0e17,True,True,True,91273
1,4,16,ALL17_common,densenet,8f0d53b6f50a13129e8a05522991d932b8b3ed585edad9534357507643c2460e,True,True,True,97241
1,4,16,ALL17_common,gnmt,8f906819a771a00564d7a77961f96bc0ed68d2835c1a678b9f3e3daaef850637,True,True,True,34228
1,4,16,ALL17_common,googlenet,7722c5fb322e4e02bf0fa7ff6b9319e5b7ada1e88cc73d060ff7c41482b9896f,True,True,True,62716
1,4,16,ALL17_common,gpt_decode_block,6670cc2461b87e67613fb33b1cf4e360f688d89fb3e32ca73ca8ef83977c732e,True,True,True,12736
1,4,16,ALL17_common,gpt_prefill_block,91528a0e8c51ea5072ba06a75de8e719b4b07067f14ed0aad73fe0486d467ec2,True,True,True,324000
1,4,16,ALL17_common,inception_resnet_v1,5b312ea2b314db1e4be9c916e141d81334ec740ea3b7a25611405f9d87614734,True,True,True,231376
1,4,16,ALL17_common,lstm,6a2b39679cd38caaeb38f54bb0ac977f11f3affd150ebe1766399a0292e254a6,True,True,True,33597
1,4,16,ALL17_common,pnasnet,8d34de3c59b4333616742d5d7a4a1ea6202c5824af4203dd83c812202be41bd5,True,True,True,1297144
1,4,16,ALL17_common,resnet101,e6ed0e1e956114c0950c02ef503961141646cb811fd11c74a3898fc5be592c76,True,True,True,266137
1,4,16,ALL17_common,resnet152,a0e629f90ee30a09792aeb0a5ac25f795a4aa8f879c03478806d3ea3d9e9829c,True,True,True,395191
1,4,16,ALL17_common,resnet50,f187202e0c402743cc08c45081313bba376413bdc51c48e552cb72884da3a52a,True,True,True,135475
1,4,16,ALL17_common,resnext50,13c374b668ef57bd59614e958e7ab4180114439210568eb7ce85a5edd7f7458a,True,True,True,78064
1,4,16,ALL17_common,transformer,f070a867ec26b36d7c878c62b46b80e7e7437bdc5a54ee802144379760b6f568,True,True,True,901888
1,4,16,ALL17_common,transformer_cell,fc97cc6bab36ae41e7b4260c7ab9276b7fa6db3370d8d5bd45956150c344b869,True,True,True,157568
1,4,16,ALL17_common,vgg19,c30dbdea79d46f37f3aa59fabb15db577835ba29ebb81f168820bdb868ba6acb,True,True,True,599969
1,4,16,CNN_common,darknet19,277c53206e57cb9a3830943618268c0a0b089e983013fa5316165263087a0e17,True,True,True,91273
1,4,16,CNN_common,densenet,8f0d53b6f50a13129e8a05522991d932b8b3ed585edad9534357507643c2460e,True,True,True,97241
1,4,16,CNN_common,googlenet,7722c5fb322e4e02bf0fa7ff6b9319e5b7ada1e88cc73d060ff7c41482b9896f,True,True,True,62716
1,4,16,CNN_common,inception_resnet_v1,5b312ea2b314db1e4be9c916e141d81334ec740ea3b7a25611405f9d87614734,True,True,True,231376
1,4,16,CNN_common,pnasnet,8d34de3c59b4333616742d5d7a4a1ea6202c5824af4203dd83c812202be41bd5,True,True,True,1297144
1,4,16,CNN_common,resnet101,e6ed0e1e956114c0950c02ef503961141646cb811fd11c74a3898fc5be592c76,True,True,True,266137
1,4,16,CNN_common,resnet152,a0e629f90ee30a09792aeb0a5ac25f795a4aa8f879c03478806d3ea3d9e9829c,True,True,True,395191
1,4,16,CNN_common,resnet50,f187202e0c402743cc08c45081313bba376413bdc51c48e552cb72884da3a52a,True,True,True,135475
1,4,16,CNN_common,resnext50,13c374b668ef57bd59614e958e7ab4180114439210568eb7ce85a5edd7f7458a,True,True,True,78064
1,4,16,CNN_common,vgg19,c30dbdea79d46f37f3aa59fabb15db577835ba29ebb81f168820bdb868ba6acb,True,True,True,599969
1,4,16,RNN_common,gnmt,8f906819a771a00564d7a77961f96bc0ed68d2835c1a678b9f3e3daaef850637,True,True,True,34228
1,4,16,RNN_common,lstm,6a2b39679cd38caaeb38f54bb0ac977f11f3affd150ebe1766399a0292e254a6,True,True,True,33597
1,4,16,Transformer_common,bert_block,9fdc7db23cbbe29a7f96e60c8a9959256e69db8edc204af7b61e4f5fc5503671,True,True,True,170496
1,4,16,Transformer_common,gpt_decode_block,6670cc2461b87e67613fb33b1cf4e360f688d89fb3e32ca73ca8ef83977c732e,True,True,True,12736
1,4,16,Transformer_common,gpt_prefill_block,91528a0e8c51ea5072ba06a75de8e719b4b07067f14ed0aad73fe0486d467ec2,True,True,True,324000
1,4,16,Transformer_common,transformer,f070a867ec26b36d7c878c62b46b80e7e7437bdc5a54ee802144379760b6f568,True,True,True,901888
1,4,16,Transformer_common,transformer_cell,fc97cc6bab36ae41e7b4260c7ab9276b7fa6db3370d8d5bd45956150c344b869,True,True,True,157568
1,4,16,individual,bert_block,9fdc7db23cbbe29a7f96e60c8a9959256e69db8edc204af7b61e4f5fc5503671,True,True,True,170496
1,4,16,individual,darknet19,277c53206e57cb9a3830943618268c0a0b089e983013fa5316165263087a0e17,True,True,True,91273
1,4,16,individual,densenet,8f0d53b6f50a13129e8a05522991d932b8b3ed585edad9534357507643c2460e,True,True,True,97241
1,4,16,individual,gnmt,8f906819a771a00564d7a77961f96bc0ed68d2835c1a678b9f3e3daaef850637,True,True,True,34228
1,4,16,individual,googlenet,7722c5fb322e4e02bf0fa7ff6b9319e5b7ada1e88cc73d060ff7c41482b9896f,True,True,True,62716
1,4,16,individual,gpt_decode_block,6670cc2461b87e67613fb33b1cf4e360f688d89fb3e32ca73ca8ef83977c732e,True,True,True,12736
1,4,16,individual,gpt_prefill_block,91528a0e8c51ea5072ba06a75de8e719b4b07067f14ed0aad73fe0486d467ec2,True,True,True,324000
1,4,16,individual,inception_resnet_v1,5b312ea2b314db1e4be9c916e141d81334ec740ea3b7a25611405f9d87614734,True,True,True,231376
1,4,16,individual,lstm,6a2b39679cd38caaeb38f54bb0ac977f11f3affd150ebe1766399a0292e254a6,True,True,True,33597
1,4,16,individual,pnasnet,8d34de3c59b4333616742d5d7a4a1ea6202c5824af4203dd83c812202be41bd5,True,True,True,1297144
1,4,16,individual,resnet101,e6ed0e1e956114c0950c02ef503961141646cb811fd11c74a3898fc5be592c76,True,True,True,266137
1,4,16,individual,resnet152,a0e629f90ee30a09792aeb0a5ac25f795a4aa8f879c03478806d3ea3d9e9829c,True,True,True,395191
1,4,16,individual,resnet50,f187202e0c402743cc08c45081313bba376413bdc51c48e552cb72884da3a52a,True,True,True,135475
1,4,16,individual,resnext50,13c374b668ef57bd59614e958e7ab4180114439210568eb7ce85a5edd7f7458a,True,True,True,78064
1,4,16,individual,transformer,f070a867ec26b36d7c878c62b46b80e7e7437bdc5a54ee802144379760b6f568,True,True,True,901888
1,4,16,individual,transformer_cell,fc97cc6bab36ae41e7b4260c7ab9276b7fa6db3370d8d5bd45956150c344b869,True,True,True,157568
1,4,16,individual,vgg19,c30dbdea79d46f37f3aa59fabb15db577835ba29ebb81f168820bdb868ba6acb,True,True,True,599969
1,4,4,ALL17_common,bert_block,1a4d824235fcdb9371c39a1d68d1e199d4eee1ba579038de4d74a8dbd7f6916f,True,True,True,669696
1,4,4,ALL17_common,darknet19,c8dae38e1c0701426ade5c1cbdb18cb0cbff949b973cf13966ac2d7d748fba48,True,True,True,348781
1,4,4,ALL17_common,densenet,73c6ac41ab3afa350092e5fc3751abb0bb02171de8ca4fe52aba2ba348723792,True,True,True,361813
1,4,4,ALL17_common,gnmt,48fd536120824a1453a07720865b30182982cbe25ba9fb95fd17ffef0f05fd40,True,True,True,44967
1,4,4,ALL17_common,googlenet,3e76f28148605051edf6024110dc77018bf93e7c123dd1ce340f13d4582c7d9a,True,True,True,232241
1,4,4,ALL17_common,gpt_decode_block,6fda3f911cb38db5c02164828e8b5299714d06ac7cc395e161db2a8c73d52570,True,True,True,17874
1,4,4,ALL17_common,gpt_prefill_block,26f5178ac58190b7ffd941a4f753673c1fa208e600692e08ae1e534e5f6c6ffa,True,True,True,1276800
1,4,4,ALL17_common,inception_resnet_v1,e61d36c41987f7489b368fafa9dce9a9ca840e143b2fedd7458ab9980934be7b,True,True,True,830086
1,4,4,ALL17_common,lstm,36a14612879084b2da580d3d73fd9ec49a2891bf9fc71c5408d9177a2e516dcf,True,True,True,45193
1,4,4,ALL17_common,pnasnet,7d2fc8d23ae869421dda388b8c7e0d82e2027b4b52d011eb646a04e88405d035,True,True,True,4781950
1,4,4,ALL17_common,resnet101,12334d8991a33f9b111aff7c9394f6c291e420aeea00a6d0496713921bb85ff6,True,True,True,968762
1,4,4,ALL17_common,resnet152,132120595e5b00bb0f1ce1872dcec3f1b19379c46aba260c7029da42475552d8,True,True,True,1438378
1,4,4,ALL17_common,resnet50,d813e7147dc788404e850a56735c18a7445b7f13536304e4636c4ef10ec53175,True,True,True,502283
1,4,4,ALL17_common,resnext50,f2ed033d0c9af68d342a8de56db74e1961c6f95da81fdacdd03e477efc180bf4,True,True,True,290277
1,4,4,ALL17_common,transformer,95590f0f08eefbba6b14095272982bf95e6ed975e2a3c6f3b67a946ba2949043,True,True,True,3499008
1,4,4,ALL17_common,transformer_cell,d4aed6285abcac34d307fdc09b50a6d0749d87b3cc0156a54a415c90e1f7a5c3,True,True,True,611328
1,4,4,ALL17_common,vgg19,c0bde89c849c175f4db02935afc0673479893acff9b135e9bc85817397f3b024,True,True,True,2396884
1,4,4,CNN_common,darknet19,c8dae38e1c0701426ade5c1cbdb18cb0cbff949b973cf13966ac2d7d748fba48,True,True,True,348781
1,4,4,CNN_common,densenet,73c6ac41ab3afa350092e5fc3751abb0bb02171de8ca4fe52aba2ba348723792,True,True,True,361813
1,4,4,CNN_common,googlenet,3e76f28148605051edf6024110dc77018bf93e7c123dd1ce340f13d4582c7d9a,True,True,True,232241
1,4,4,CNN_common,inception_resnet_v1,e61d36c41987f7489b368fafa9dce9a9ca840e143b2fedd7458ab9980934be7b,True,True,True,830086
1,4,4,CNN_common,pnasnet,7d2fc8d23ae869421dda388b8c7e0d82e2027b4b52d011eb646a04e88405d035,True,True,True,4781950
1,4,4,CNN_common,resnet101,12334d8991a33f9b111aff7c9394f6c291e420aeea00a6d0496713921bb85ff6,True,True,True,968762
1,4,4,CNN_common,resnet152,132120595e5b00bb0f1ce1872dcec3f1b19379c46aba260c7029da42475552d8,True,True,True,1438378
1,4,4,CNN_common,resnet50,d813e7147dc788404e850a56735c18a7445b7f13536304e4636c4ef10ec53175,True,True,True,502283
1,4,4,CNN_common,resnext50,f2ed033d0c9af68d342a8de56db74e1961c6f95da81fdacdd03e477efc180bf4,True,True,True,290277
1,4,4,CNN_common,vgg19,c0bde89c849c175f4db02935afc0673479893acff9b135e9bc85817397f3b024,True,True,True,2396884
1,4,4,RNN_common,gnmt,48fd536120824a1453a07720865b30182982cbe25ba9fb95fd17ffef0f05fd40,True,True,True,44967
1,4,4,RNN_common,lstm,36a14612879084b2da580d3d73fd9ec49a2891bf9fc71c5408d9177a2e516dcf,True,True,True,45193
1,4,4,Transformer_common,bert_block,1a4d824235fcdb9371c39a1d68d1e199d4eee1ba579038de4d74a8dbd7f6916f,True,True,True,669696
1,4,4,Transformer_common,gpt_decode_block,6fda3f911cb38db5c02164828e8b5299714d06ac7cc395e161db2a8c73d52570,True,True,True,17874
1,4,4,Transformer_common,gpt_prefill_block,26f5178ac58190b7ffd941a4f753673c1fa208e600692e08ae1e534e5f6c6ffa,True,True,True,1276800
1,4,4,Transformer_common,transformer,95590f0f08eefbba6b14095272982bf95e6ed975e2a3c6f3b67a946ba2949043,True,True,True,3499008
1,4,4,Transformer_common,transformer_cell,d4aed6285abcac34d307fdc09b50a6d0749d87b3cc0156a54a415c90e1f7a5c3,True,True,True,611328
1,4,4,individual,bert_block,1a4d824235fcdb9371c39a1d68d1e199d4eee1ba579038de4d74a8dbd7f6916f,True,True,True,669696
1,4,4,individual,darknet19,c8dae38e1c0701426ade5c1cbdb18cb0cbff949b973cf13966ac2d7d748fba48,True,True,True,348781
1,4,4,individual,densenet,73c6ac41ab3afa350092e5fc3751abb0bb02171de8ca4fe52aba2ba348723792,True,True,True,361813
1,4,4,individual,gnmt,48fd536120824a1453a07720865b30182982cbe25ba9fb95fd17ffef0f05fd40,True,True,True,44967
1,4,4,individual,googlenet,3e76f28148605051edf6024110dc77018bf93e7c123dd1ce340f13d4582c7d9a,True,True,True,232241
1,4,4,individual,gpt_decode_block,6fda3f911cb38db5c02164828e8b5299714d06ac7cc395e161db2a8c73d52570,True,True,True,17874
1,4,4,individual,gpt_prefill_block,26f5178ac58190b7ffd941a4f753673c1fa208e600692e08ae1e534e5f6c6ffa,True,True,True,1276800
1,4,4,individual,inception_resnet_v1,e61d36c41987f7489b368fafa9dce9a9ca840e143b2fedd7458ab9980934be7b,True,True,True,830086
1,4,4,individual,lstm,36a14612879084b2da580d3d73fd9ec49a2891bf9fc71c5408d9177a2e516dcf,True,True,True,45193
1,4,4,individual,pnasnet,7d2fc8d23ae869421dda388b8c7e0d82e2027b4b52d011eb646a04e88405d035,True,True,True,4781950
1,4,4,individual,resnet101,12334d8991a33f9b111aff7c9394f6c291e420aeea00a6d0496713921bb85ff6,True,True,True,968762
1,4,4,individual,resnet152,132120595e5b00bb0f1ce1872dcec3f1b19379c46aba260c7029da42475552d8,True,True,True,1438378
1,4,4,individual,resnet50,d813e7147dc788404e850a56735c18a7445b7f13536304e4636c4ef10ec53175,True,True,True,502283
1,4,4,individual,resnext50,f2ed033d0c9af68d342a8de56db74e1961c6f95da81fdacdd03e477efc180bf4,True,True,True,290277
1,4,4,individual,transformer,95590f0f08eefbba6b14095272982bf95e6ed975e2a3c6f3b67a946ba2949043,True,True,True,3499008
1,4,4,individual,transformer_cell,d4aed6285abcac34d307fdc09b50a6d0749d87b3cc0156a54a415c90e1f7a5c3,True,True,True,611328
1,4,4,individual,vgg19,c0bde89c849c175f4db02935afc0673479893acff9b135e9bc85817397f3b024,True,True,True,2396884
1,512,1,ALL17_common,bert_block,6e6a1d136ac4e38a57958ba09a48538c401e2bf3e1a859beb5803fbdd0c6e510,True,True,True,28985
1,512,1,ALL17_common,darknet19,045a5a6e0b71a043e25756875e929b47577dc7e68c1950fcd0a8eaef4dd255b3,True,True,True,15142
1,512,1,ALL17_common,densenet,1b73fdde140f1b2760b79f42e7063740dfb2b3e46af1327bee6210d8e7a4842f,True,True,True,22386
1,512,1,ALL17_common,gnmt,f2f5a43bce581e780748376cfb2d8340f2a122de71358348c17dbfe66a295d0c,True,True,True,15706
1,512,1,ALL17_common,googlenet,19788e166fd91dc30bf0b67c14e0f88a9dc0aa90563ccf0d109ae1d71206144e,True,True,True,11736
1,512,1,ALL17_common,gpt_decode_block,c9a1156466f32019505e91edf705074710c80b15bf5504af103d93cdbdcf9bdd,True,True,True,6112
1,512,1,ALL17_common,gpt_prefill_block,4e90ab13401d2d398cb200821c2442a8d7ad8cdde5566ff41acbb704f10dea72,True,True,True,55190
1,512,1,ALL17_common,inception_resnet_v1,96cdf87c79a369bda3324f7793d155b960520fa55cc7cf96f8f476f4de29c940,True,True,True,60291
1,512,1,ALL17_common,lstm,63cd81372bc32f34e34838eb807647f6e315bf324e4b88e697a59970167fb565,True,True,True,15662
1,512,1,ALL17_common,pnasnet,780b2d1e28d9e90957830895ff5bff58b609721bf587e36c8ef81677075010ab,True,True,True,279809
1,512,1,ALL17_common,resnet101,ad2c84dbd23ee4b2aca775bbb76a042e4ade3a122ac8399a1d1f301fb7eed4c6,True,True,True,49513
1,512,1,ALL17_common,resnet152,53a4b4b7e82454c22a2695c42d7c5fb4c133c223b485e8847fe736652f9e2ef6,True,True,True,71962
1,512,1,ALL17_common,resnet50,daaf0aa17fdd5169e3cc79cbe2642ee4190b78ad0690add7651eb9c4bb1b857e,True,True,True,28227
1,512,1,ALL17_common,resnext50,e6534b473b1737abd05b9297911ab90b60d1704bd8524b4859ab29624067455e,True,True,True,20781
1,512,1,ALL17_common,transformer,bfd4ddf30576fc0f2eed859a5ecaa8d075f2389aab750a6aef87443fd1873781,True,True,True,187392
1,512,1,ALL17_common,transformer_cell,1cad39a58ce8f5cdcc494c1bd85e36d69b6a11b8dd8269486da25c01b64fe769,True,True,True,32512
1,512,1,ALL17_common,vgg19,9df193027078ff0f897026a329540055b85301825c6e78636d42599c63066a9c,True,True,True,83629
1,512,1,CNN_common,darknet19,045a5a6e0b71a043e25756875e929b47577dc7e68c1950fcd0a8eaef4dd255b3,True,True,True,15142
1,512,1,CNN_common,densenet,1b73fdde140f1b2760b79f42e7063740dfb2b3e46af1327bee6210d8e7a4842f,True,True,True,22386
1,512,1,CNN_common,googlenet,19788e166fd91dc30bf0b67c14e0f88a9dc0aa90563ccf0d109ae1d71206144e,True,True,True,11736
1,512,1,CNN_common,inception_resnet_v1,96cdf87c79a369bda3324f7793d155b960520fa55cc7cf96f8f476f4de29c940,True,True,True,60291
1,512,1,CNN_common,pnasnet,780b2d1e28d9e90957830895ff5bff58b609721bf587e36c8ef81677075010ab,True,True,True,279809
1,512,1,CNN_common,resnet101,ad2c84dbd23ee4b2aca775bbb76a042e4ade3a122ac8399a1d1f301fb7eed4c6,True,True,True,49513
1,512,1,CNN_common,resnet152,53a4b4b7e82454c22a2695c42d7c5fb4c133c223b485e8847fe736652f9e2ef6,True,True,True,71962
1,512,1,CNN_common,resnet50,daaf0aa17fdd5169e3cc79cbe2642ee4190b78ad0690add7651eb9c4bb1b857e,True,True,True,28227
1,512,1,CNN_common,resnext50,e6534b473b1737abd05b9297911ab90b60d1704bd8524b4859ab29624067455e,True,True,True,20781
1,512,1,CNN_common,vgg19,9df193027078ff0f897026a329540055b85301825c6e78636d42599c63066a9c,True,True,True,83629
1,512,1,RNN_common,gnmt,f2f5a43bce581e780748376cfb2d8340f2a122de71358348c17dbfe66a295d0c,True,True,True,15706
1,512,1,RNN_common,lstm,63cd81372bc32f34e34838eb807647f6e315bf324e4b88e697a59970167fb565,True,True,True,15662
1,512,1,Transformer_common,bert_block,6e6a1d136ac4e38a57958ba09a48538c401e2bf3e1a859beb5803fbdd0c6e510,True,True,True,28985
1,512,1,Transformer_common,gpt_decode_block,c9a1156466f32019505e91edf705074710c80b15bf5504af103d93cdbdcf9bdd,True,True,True,6112
1,512,1,Transformer_common,gpt_prefill_block,4e90ab13401d2d398cb200821c2442a8d7ad8cdde5566ff41acbb704f10dea72,True,True,True,55190
1,512,1,Transformer_common,transformer,bfd4ddf30576fc0f2eed859a5ecaa8d075f2389aab750a6aef87443fd1873781,True,True,True,187392
1,512,1,Transformer_common,transformer_cell,1cad39a58ce8f5cdcc494c1bd85e36d69b6a11b8dd8269486da25c01b64fe769,True,True,True,32512
1,512,1,individual,bert_block,6e6a1d136ac4e38a57958ba09a48538c401e2bf3e1a859beb5803fbdd0c6e510,True,True,True,28985
1,512,1,individual,darknet19,045a5a6e0b71a043e25756875e929b47577dc7e68c1950fcd0a8eaef4dd255b3,True,True,True,15142
1,512,1,individual,densenet,1b73fdde140f1b2760b79f42e7063740dfb2b3e46af1327bee6210d8e7a4842f,True,True,True,22386
1,512,1,individual,gnmt,f2f5a43bce581e780748376cfb2d8340f2a122de71358348c17dbfe66a295d0c,True,True,True,15706
1,512,1,individual,googlenet,19788e166fd91dc30bf0b67c14e0f88a9dc0aa90563ccf0d109ae1d71206144e,True,True,True,11736
1,512,1,individual,gpt_decode_block,c9a1156466f32019505e91edf705074710c80b15bf5504af103d93cdbdcf9bdd,True,True,True,6112
1,512,1,individual,gpt_prefill_block,4e90ab13401d2d398cb200821c2442a8d7ad8cdde5566ff41acbb704f10dea72,True,True,True,55190
1,512,1,individual,inception_resnet_v1,96cdf87c79a369bda3324f7793d155b960520fa55cc7cf96f8f476f4de29c940,True,True,True,60291
1,512,1,individual,lstm,63cd81372bc32f34e34838eb807647f6e315bf324e4b88e697a59970167fb565,True,True,True,15662
1,512,1,individual,pnasnet,780b2d1e28d9e90957830895ff5bff58b609721bf587e36c8ef81677075010ab,True,True,True,279809
1,512,1,individual,resnet101,ad2c84dbd23ee4b2aca775bbb76a042e4ade3a122ac8399a1d1f301fb7eed4c6,True,True,True,49513
1,512,1,individual,resnet152,53a4b4b7e82454c22a2695c42d7c5fb4c133c223b485e8847fe736652f9e2ef6,True,True,True,71962
1,512,1,individual,resnet50,daaf0aa17fdd5169e3cc79cbe2642ee4190b78ad0690add7651eb9c4bb1b857e,True,True,True,28227
1,512,1,individual,resnext50,e6534b473b1737abd05b9297911ab90b60d1704bd8524b4859ab29624067455e,True,True,True,20781
1,512,1,individual,transformer,bfd4ddf30576fc0f2eed859a5ecaa8d075f2389aab750a6aef87443fd1873781,True,True,True,187392
1,512,1,individual,transformer_cell,1cad39a58ce8f5cdcc494c1bd85e36d69b6a11b8dd8269486da25c01b64fe769,True,True,True,32512
1,512,1,individual,vgg19,9df193027078ff0f897026a329540055b85301825c6e78636d42599c63066a9c,True,True,True,83629
1,512,16,RNN_common,gnmt,02c9a2f5239cfe9f5364cafc3db24f37794df26a88db3c73ff312fbac9f910ef,True,True,True,30746
1,512,16,RNN_common,lstm,249680ac6a984ae285d43715539447ecc132da04bacccdf164d56e09558b3adf,True,True,True,37055
1,512,16,individual,darknet19,f0fc6c5a7c6a5faa53249a91646f8ac1f5d3950ba85744e8b0ffa5a461a3cb38,True,True,True,20735
1,512,16,individual,gnmt,02c9a2f5239cfe9f5364cafc3db24f37794df26a88db3c73ff312fbac9f910ef,True,True,True,30746
1,512,16,individual,googlenet,a033753c1c304b7470768d66b1abbf4ffb1b33cfebf2a7dec0c1bc59122e46f0,True,True,True,29226
1,512,16,individual,inception_resnet_v1,b1e6c05bd75058832439e572e00f6827829fca97b1baf16f6954fe1cb4063837,True,True,True,127398
1,512,16,individual,lstm,249680ac6a984ae285d43715539447ecc132da04bacccdf164d56e09558b3adf,True,True,True,37055
1,512,16,individual,resnet101,a58eaa1da6be54a6b8496777e9866d35305c6b77ecce23f2efb1850a6a417c0e,True,True,True,175715
1,512,16,individual,resnet50,78b7d9318dc5dff1dece2240acd2a479e4e801b0da66c19ac568304b65928c2b,True,True,True,93928
1,512,16,individual,vgg19,56ec9527537f133b480654d903396d89b12e23d43d52a7875cd5c9720c1e863a,True,True,True,54124
1,512,4,RNN_common,gnmt,9c1e8af0d20d42dc40d245c6a41e95281b2c86425d2b0a9f793d13cb9b2a723c,True,True,True,29290
1,512,4,RNN_common,lstm,cf4d030b5f57500dbbb3561cb311d8f52c8c289bc9e92fb1a67481f378c6427f,True,True,True,32359
1,512,4,individual,darknet19,494c57c5fb4c225aa18daa1e7d2d207250a87ae7107ceef04e04d4b500f0e82a,True,True,True,11613
1,512,4,individual,densenet,c3f3d588798c4c1038cc3305dc17e089472e0302cca5f89e424cfb578076e2f7,True,True,True,32898
1,512,4,individual,gnmt,9c1e8af0d20d42dc40d245c6a41e95281b2c86425d2b0a9f793d13cb9b2a723c,True,True,True,29290
1,512,4,individual,googlenet,7e8054ccd84e7853f3ff036db2195303bd7a69488e12f76239cb71169ae47ecc,True,True,True,13491
1,512,4,individual,inception_resnet_v1,77e6dc6291fad9a8d9cd817108c13175b7623af2ebec121817285d0341e0d086,True,True,True,48141
1,512,4,individual,lstm,cf4d030b5f57500dbbb3561cb311d8f52c8c289bc9e92fb1a67481f378c6427f,True,True,True,32359
1,512,4,individual,resnet101,eb7caa62727901fad95f239734d52111ad03eabc552fca599d3da65d674d4b58,True,True,True,56685
1,512,4,individual,resnet50,bd8e5c3df565a3d7c526ab0bd898923826cbdf93d33c41a691371f1f321c1c9b,True,True,True,31048
1,512,4,individual,vgg19,d5f477765b2303193ceccb135fa7c056c9f072b74d24830cde2cecaac5aa5835,True,True,True,32095
1,64,1,ALL17_common,bert_block,6d3c041a40505217f2eadcb6d7edb56281fa8407b6da303cc0737c416e899f94,True,True,True,169984
1,64,1,ALL17_common,darknet19,861d345edc78dd0a05ffe11203842787faafb2e9743aebb88d86b79e27166931,True,True,True,90892
1,64,1,ALL17_common,densenet,44f55ce0c71b9bf52aa1959d19caede951faa578bae4d0b99df19efbe4d88ef5,True,True,True,96059
1,64,1,ALL17_common,gnmt,4edc3bf47d53e352cadeef845451dc6c6d5b21fa7e91db9b48478a61f31aaca2,True,True,True,16083
1,64,1,ALL17_common,googlenet,9a830c1ed06946c9cffdecac62b78f4212c673d2e1a663d1ea09b345eb336c61,True,True,True,61911
1,64,1,ALL17_common,gpt_decode_block,d1dfdaa8a7335ec45927443a7d32f84a240ee91d6d635b107beb0f697ab8ffb0,True,True,True,8184
1,64,1,ALL17_common,gpt_prefill_block,b9a399d344760111b9bbaf6b59dbcb3ca500b9f6e5e6357675bbf5f57ab9f64c,True,True,True,323200
1,64,1,ALL17_common,inception_resnet_v1,14206ac10b185f5a314eb63b5cd0cf598b293fc07cc9c45f521226bf613912c3,True,True,True,226437
1,64,1,ALL17_common,lstm,2614d25efb876c750ded2d5d9dd7bb343a87e2d7af15b030b2f931c3288ae721,True,True,True,16082
1,64,1,ALL17_common,pnasnet,46fadfa9906c39a3d255cb0eb24c23984975a00ac2007c9e6b024b1bf7129b18,True,True,True,1286539
1,64,1,ALL17_common,resnet101,4a1bdf4bd95fc1ee7ca09718dbe7fab44d75f98ae2eb6c24ed5eb76db260815e,True,True,True,261020
1,64,1,ALL17_common,resnet152,15830f16215608db9ff66a9890f5505c526ff73fcf3e1cfbb5266413c20c4589,True,True,True,387888
1,64,1,ALL17_common,resnet50,b20d10c94a53ddff0bf468a9d9b4632dba3ad198bc30586080cd918b8a607983,True,True,True,132024
1,64,1,ALL17_common,resnext50,102ca397ebefef4e059798b98e7786eb290dc5e5cecc3d93589af564af5271f2,True,True,True,74613
1,64,1,ALL17_common,transformer,bb49b40c09a29aa9ea0ae1f9e6253795fc55896344cac0c253a2272592da70b6,True,True,True,898048
1,64,1,ALL17_common,transformer_cell,d091601fd04ecaab9f5b387f3c6aaba3cd521ded6791bb75063376ee669483bd,True,True,True,156928
1,64,1,ALL17_common,vgg19,eeb0cef023c8db688c866e8a0b24351e8de3a0bb9adb2d28f0e64c0ea27a2560,True,True,True,599221
1,64,1,CNN_common,darknet19,861d345edc78dd0a05ffe11203842787faafb2e9743aebb88d86b79e27166931,True,True,True,90892
1,64,1,CNN_common,densenet,44f55ce0c71b9bf52aa1959d19caede951faa578bae4d0b99df19efbe4d88ef5,True,True,True,96059
1,64,1,CNN_common,googlenet,9a830c1ed06946c9cffdecac62b78f4212c673d2e1a663d1ea09b345eb336c61,True,True,True,61911
1,64,1,CNN_common,inception_resnet_v1,14206ac10b185f5a314eb63b5cd0cf598b293fc07cc9c45f521226bf613912c3,True,True,True,226437
1,64,1,CNN_common,pnasnet,46fadfa9906c39a3d255cb0eb24c23984975a00ac2007c9e6b024b1bf7129b18,True,True,True,1286539
1,64,1,CNN_common,resnet101,4a1bdf4bd95fc1ee7ca09718dbe7fab44d75f98ae2eb6c24ed5eb76db260815e,True,True,True,261020
1,64,1,CNN_common,resnet152,15830f16215608db9ff66a9890f5505c526ff73fcf3e1cfbb5266413c20c4589,True,True,True,387888
1,64,1,CNN_common,resnet50,b20d10c94a53ddff0bf468a9d9b4632dba3ad198bc30586080cd918b8a607983,True,True,True,132024
1,64,1,CNN_common,resnext50,102ca397ebefef4e059798b98e7786eb290dc5e5cecc3d93589af564af5271f2,True,True,True,74613
1,64,1,CNN_common,vgg19,eeb0cef023c8db688c866e8a0b24351e8de3a0bb9adb2d28f0e64c0ea27a2560,True,True,True,599221
1,64,1,RNN_common,gnmt,4edc3bf47d53e352cadeef845451dc6c6d5b21fa7e91db9b48478a61f31aaca2,True,True,True,16083
1,64,1,RNN_common,lstm,2614d25efb876c750ded2d5d9dd7bb343a87e2d7af15b030b2f931c3288ae721,True,True,True,16082
1,64,1,Transformer_common,bert_block,6d3c041a40505217f2eadcb6d7edb56281fa8407b6da303cc0737c416e899f94,True,True,True,169984
1,64,1,Transformer_common,gpt_decode_block,d1dfdaa8a7335ec45927443a7d32f84a240ee91d6d635b107beb0f697ab8ffb0,True,True,True,8184
1,64,1,Transformer_common,gpt_prefill_block,b9a399d344760111b9bbaf6b59dbcb3ca500b9f6e5e6357675bbf5f57ab9f64c,True,True,True,323200
1,64,1,Transformer_common,transformer,bb49b40c09a29aa9ea0ae1f9e6253795fc55896344cac0c253a2272592da70b6,True,True,True,898048
1,64,1,Transformer_common,transformer_cell,d091601fd04ecaab9f5b387f3c6aaba3cd521ded6791bb75063376ee669483bd,True,True,True,156928
1,64,1,individual,bert_block,6d3c041a40505217f2eadcb6d7edb56281fa8407b6da303cc0737c416e899f94,True,True,True,169984
1,64,1,individual,darknet19,861d345edc78dd0a05ffe11203842787faafb2e9743aebb88d86b79e27166931,True,True,True,90892
1,64,1,individual,densenet,44f55ce0c71b9bf52aa1959d19caede951faa578bae4d0b99df19efbe4d88ef5,True,True,True,96059
1,64,1,individual,gnmt,4edc3bf47d53e352cadeef845451dc6c6d5b21fa7e91db9b48478a61f31aaca2,True,True,True,16083
1,64,1,individual,googlenet,9a830c1ed06946c9cffdecac62b78f4212c673d2e1a663d1ea09b345eb336c61,True,True,True,61911
1,64,1,individual,gpt_decode_block,d1dfdaa8a7335ec45927443a7d32f84a240ee91d6d635b107beb0f697ab8ffb0,True,True,True,8184
1,64,1,individual,gpt_prefill_block,b9a399d344760111b9bbaf6b59dbcb3ca500b9f6e5e6357675bbf5f57ab9f64c,True,True,True,323200
1,64,1,individual,inception_resnet_v1,14206ac10b185f5a314eb63b5cd0cf598b293fc07cc9c45f521226bf613912c3,True,True,True,226437
1,64,1,individual,lstm,2614d25efb876c750ded2d5d9dd7bb343a87e2d7af15b030b2f931c3288ae721,True,True,True,16082
1,64,1,individual,pnasnet,46fadfa9906c39a3d255cb0eb24c23984975a00ac2007c9e6b024b1bf7129b18,True,True,True,1286539
1,64,1,individual,resnet101,4a1bdf4bd95fc1ee7ca09718dbe7fab44d75f98ae2eb6c24ed5eb76db260815e,True,True,True,261020
1,64,1,individual,resnet152,15830f16215608db9ff66a9890f5505c526ff73fcf3e1cfbb5266413c20c4589,True,True,True,387888
1,64,1,individual,resnet50,b20d10c94a53ddff0bf468a9d9b4632dba3ad198bc30586080cd918b8a607983,True,True,True,132024
1,64,1,individual,resnext50,102ca397ebefef4e059798b98e7786eb290dc5e5cecc3d93589af564af5271f2,True,True,True,74613
1,64,1,individual,transformer,bb49b40c09a29aa9ea0ae1f9e6253795fc55896344cac0c253a2272592da70b6,True,True,True,898048
1,64,1,individual,transformer_cell,d091601fd04ecaab9f5b387f3c6aaba3cd521ded6791bb75063376ee669483bd,True,True,True,156928
1,64,1,individual,vgg19,eeb0cef023c8db688c866e8a0b24351e8de3a0bb9adb2d28f0e64c0ea27a2560,True,True,True,599221
1,64,16,ALL17_common,bert_block,a3bbbf979c2ff08329b07f26e33c23253eed9fa619d3a1d267dd47549216e76e,True,True,True,26526
1,64,16,ALL17_common,darknet19,5600edf6486b85f6f7c266160fd7144d1bd64eccbcf0aa23a1cf8e3944b1050d,True,True,True,13410
1,64,16,ALL17_common,densenet,e356af612c6c4f602dfcbc267c78ab7b61725e337a0f3ee8a74f8f6d71dc48b1,True,True,True,33918
1,64,16,ALL17_common,gnmt,a94bbf143612985f86fad676557facd83040cd6347d45461bebdb47fd6689081,True,True,True,15698
1,64,16,ALL17_common,googlenet,f41ca6406e275905cd8559177e00bdf93d421d88185c783b0a4febf6c4ed929a,True,True,True,15297
1,64,16,ALL17_common,gpt_decode_block,fc2a78ab7271201a96b2ff70685a900756377bbf6ca3870121b19845c7995a9b,True,True,True,6177
1,64,16,ALL17_common,gpt_prefill_block,c4c74ee3f465db1d837f58d68b84bc62833805431e667d6e57b7ab32442aecd1,True,True,True,44912
1,64,16,ALL17_common,inception_resnet_v1,4abbad70f557edc55c5f33838bc355d6efaf47be837c7844c77def3842e2efb4,True,True,True,75342
1,64,16,ALL17_common,lstm,8babed454a0ce9c1e6e536d56f0f6f2c313470619aaf284e20828eeb5357b2f6,True,True,True,47168
1,64,16,ALL17_common,pnasnet,570766a2cad4ede5f6e98845eb2e04dc224658e31e48ffc60c9626ddeadbf8b8,True,True,True,287413
1,64,16,ALL17_common,resnet101,94c88b63d2cbb2398a875ae4237f824826a358dd47e115d82a7072c99cac8672,True,True,True,71803
1,64,16,ALL17_common,resnet152,ee15934680247f6d2fcdf8ec08b54bd62c882836f63872f60be2d638b95dcd40,True,True,True,104263
1,64,16,ALL17_common,resnet50,8c7f32ac49e0e1c3effbd2d1e1515ade579eda7ccb5ee828594ee54af8c7d624,True,True,True,38391
1,64,16,ALL17_common,resnext50,94f3cede0c808380365ef398e2b87dcecfc7eada27bacbb808b3000a5c78348d,True,True,True,30199
1,64,16,ALL17_common,transformer,702b3cd65e6b77b7fdcf89d8e2d17295e0a2dc907abbdff6f602f41cfce089b2,True,True,True,200531
1,64,16,ALL17_common,transformer_cell,40f14d706d821835e54a7d33b1bafad5a00252c0f94e418a2e47e4fe2320b7d2,True,True,True,34308
1,64,16,ALL17_common,vgg19,30aa3883b8d07ee78854ece205bd1f604278104d0b8871b878d01f2bd3f9bb30,True,True,True,48928
1,64,16,CNN_common,darknet19,5600edf6486b85f6f7c266160fd7144d1bd64eccbcf0aa23a1cf8e3944b1050d,True,True,True,13410
1,64,16,CNN_common,densenet,e356af612c6c4f602dfcbc267c78ab7b61725e337a0f3ee8a74f8f6d71dc48b1,True,True,True,33918
1,64,16,CNN_common,googlenet,f41ca6406e275905cd8559177e00bdf93d421d88185c783b0a4febf6c4ed929a,True,True,True,15297
1,64,16,CNN_common,inception_resnet_v1,4abbad70f557edc55c5f33838bc355d6efaf47be837c7844c77def3842e2efb4,True,True,True,75342
1,64,16,CNN_common,pnasnet,570766a2cad4ede5f6e98845eb2e04dc224658e31e48ffc60c9626ddeadbf8b8,True,True,True,287413
1,64,16,CNN_common,resnet101,94c88b63d2cbb2398a875ae4237f824826a358dd47e115d82a7072c99cac8672,True,True,True,71803
1,64,16,CNN_common,resnet152,ee15934680247f6d2fcdf8ec08b54bd62c882836f63872f60be2d638b95dcd40,True,True,True,104263
1,64,16,CNN_common,resnet50,8c7f32ac49e0e1c3effbd2d1e1515ade579eda7ccb5ee828594ee54af8c7d624,True,True,True,38391
1,64,16,CNN_common,resnext50,94f3cede0c808380365ef398e2b87dcecfc7eada27bacbb808b3000a5c78348d,True,True,True,30199
1,64,16,CNN_common,vgg19,30aa3883b8d07ee78854ece205bd1f604278104d0b8871b878d01f2bd3f9bb30,True,True,True,48928
1,64,16,RNN_common,gnmt,a94bbf143612985f86fad676557facd83040cd6347d45461bebdb47fd6689081,True,True,True,15698
1,64,16,RNN_common,lstm,8babed454a0ce9c1e6e536d56f0f6f2c313470619aaf284e20828eeb5357b2f6,True,True,True,47168
1,64,16,Transformer_common,bert_block,a3bbbf979c2ff08329b07f26e33c23253eed9fa619d3a1d267dd47549216e76e,True,True,True,26526
1,64,16,Transformer_common,gpt_decode_block,fc2a78ab7271201a96b2ff70685a900756377bbf6ca3870121b19845c7995a9b,True,True,True,6177
1,64,16,Transformer_common,gpt_prefill_block,c4c74ee3f465db1d837f58d68b84bc62833805431e667d6e57b7ab32442aecd1,True,True,True,44912
1,64,16,Transformer_common,transformer,702b3cd65e6b77b7fdcf89d8e2d17295e0a2dc907abbdff6f602f41cfce089b2,True,True,True,200531
1,64,16,Transformer_common,transformer_cell,40f14d706d821835e54a7d33b1bafad5a00252c0f94e418a2e47e4fe2320b7d2,True,True,True,34308
1,64,16,individual,bert_block,a3bbbf979c2ff08329b07f26e33c23253eed9fa619d3a1d267dd47549216e76e,True,True,True,26526
1,64,16,individual,darknet19,5600edf6486b85f6f7c266160fd7144d1bd64eccbcf0aa23a1cf8e3944b1050d,True,True,True,13410
1,64,16,individual,densenet,e356af612c6c4f602dfcbc267c78ab7b61725e337a0f3ee8a74f8f6d71dc48b1,True,True,True,33918
1,64,16,individual,gnmt,a94bbf143612985f86fad676557facd83040cd6347d45461bebdb47fd6689081,True,True,True,15698
1,64,16,individual,googlenet,f41ca6406e275905cd8559177e00bdf93d421d88185c783b0a4febf6c4ed929a,True,True,True,15297
1,64,16,individual,gpt_decode_block,fc2a78ab7271201a96b2ff70685a900756377bbf6ca3870121b19845c7995a9b,True,True,True,6177
1,64,16,individual,gpt_prefill_block,c4c74ee3f465db1d837f58d68b84bc62833805431e667d6e57b7ab32442aecd1,True,True,True,44912
1,64,16,individual,inception_resnet_v1,4abbad70f557edc55c5f33838bc355d6efaf47be837c7844c77def3842e2efb4,True,True,True,75342
1,64,16,individual,lstm,8babed454a0ce9c1e6e536d56f0f6f2c313470619aaf284e20828eeb5357b2f6,True,True,True,47168
1,64,16,individual,pnasnet,570766a2cad4ede5f6e98845eb2e04dc224658e31e48ffc60c9626ddeadbf8b8,True,True,True,287413
1,64,16,individual,resnet101,94c88b63d2cbb2398a875ae4237f824826a358dd47e115d82a7072c99cac8672,True,True,True,71803
1,64,16,individual,resnet152,ee15934680247f6d2fcdf8ec08b54bd62c882836f63872f60be2d638b95dcd40,True,True,True,104263
1,64,16,individual,resnet50,8c7f32ac49e0e1c3effbd2d1e1515ade579eda7ccb5ee828594ee54af8c7d624,True,True,True,38391
1,64,16,individual,resnext50,94f3cede0c808380365ef398e2b87dcecfc7eada27bacbb808b3000a5c78348d,True,True,True,30199
1,64,16,individual,transformer,702b3cd65e6b77b7fdcf89d8e2d17295e0a2dc907abbdff6f602f41cfce089b2,True,True,True,200531
1,64,16,individual,transformer_cell,40f14d706d821835e54a7d33b1bafad5a00252c0f94e418a2e47e4fe2320b7d2,True,True,True,34308
1,64,16,individual,vgg19,30aa3883b8d07ee78854ece205bd1f604278104d0b8871b878d01f2bd3f9bb30,True,True,True,48928
1,64,4,ALL17_common,bert_block,5aad048268c82934b7cbd9bb95df50e26d319d61f6ca61f8d1bcfdc946473c45,True,True,True,49664
1,64,4,ALL17_common,darknet19,9d3e2824cdc71434c339b170b8109848f9358314663b135af10d5813a1f3950b,True,True,True,25900
1,64,4,ALL17_common,densenet,a1711c916fb7b7044ded59b55c4a43bf4a3bbab63e95e14017497279b944b8be,True,True,True,31888
1,64,4,ALL17_common,gnmt,dab101ac42f9ee67c7e7b1f9915e10ffb01e0372f4484c1941e221692e7b4b68,True,True,True,52030
1,64,4,ALL17_common,googlenet,9bc6b3a1e219319ebb5d72e9262e17b65c66655d89326ffa0218642265e5abf6,True,True,True,18854
1,64,4,ALL17_common,gpt_decode_block,d125d028315a4306622aad91e4ca285a67fe6b776a1b6ae0fb9645de54767776,True,True,True,6335
1,64,4,ALL17_common,gpt_prefill_block,8d988c233d1744a0a50f71528a6e891c21c87c4eca0c2da6972ca0dbb3994fd7,True,True,True,92578
1,64,4,ALL17_common,inception_resnet_v1,84b8f8a98e95c7583aaf1e8c63d6a0d0ff532a67743397810e42a37fe91d27c7,True,True,True,84523
1,64,4,ALL17_common,lstm,7750f43177763a8894f5f10ec8dea0580cb045fcf23154f4f16e8b8be5adba00,True,True,True,47072
1,64,4,ALL17_common,pnasnet,367aba9f3ddd644bca3c55e1558fed7de4781ce4b478bbe159bee3a1be00de82,True,True,True,424928
1,64,4,ALL17_common,resnet101,947d8870e218c622d5bb1a803675709cc2ae9960febe899a9f68b45ad2c9231f,True,True,True,79398
1,64,4,ALL17_common,resnet152,8be0a463f9c0387bbe66e0085d02c1f645ac15086e642d742889502b415948af,True,True,True,116486
1,64,4,ALL17_common,resnet50,98fd2c2c5a01e7fb369486a82335a415adbd958f939243cddb7953b926506217,True,True,True,42643
1,64,4,ALL17_common,resnext50,238801d3da9287d37fe8d6fabb6bfa4076485669be9f02906d60edf3bd8ddd29,True,True,True,27505
1,64,4,ALL17_common,transformer,b3ce4b7876314239673ff4cc22cb4388261a5f2203db4dc00313d122d5d1176a,True,True,True,282496
1,64,4,ALL17_common,transformer_cell,2f36f295e9ddcc338037f7c3b6389b34b5eaaa097e1e3632f08d04ed0f0292d1,True,True,True,49216
1,64,4,ALL17_common,vgg19,ee3d7fda82f1842b1ce797610b0b712532a41dddc449066e8b33e60f89af2840,True,True,True,155197
1,64,4,CNN_common,darknet19,9d3e2824cdc71434c339b170b8109848f9358314663b135af10d5813a1f3950b,True,True,True,25900
1,64,4,CNN_common,densenet,a1711c916fb7b7044ded59b55c4a43bf4a3bbab63e95e14017497279b944b8be,True,True,True,31888
1,64,4,CNN_common,googlenet,9bc6b3a1e219319ebb5d72e9262e17b65c66655d89326ffa0218642265e5abf6,True,True,True,18854
1,64,4,CNN_common,inception_resnet_v1,84b8f8a98e95c7583aaf1e8c63d6a0d0ff532a67743397810e42a37fe91d27c7,True,True,True,84523
1,64,4,CNN_common,pnasnet,367aba9f3ddd644bca3c55e1558fed7de4781ce4b478bbe159bee3a1be00de82,True,True,True,424928
1,64,4,CNN_common,resnet101,947d8870e218c622d5bb1a803675709cc2ae9960febe899a9f68b45ad2c9231f,True,True,True,79398
1,64,4,CNN_common,resnet152,8be0a463f9c0387bbe66e0085d02c1f645ac15086e642d742889502b415948af,True,True,True,116486
1,64,4,CNN_common,resnet50,98fd2c2c5a01e7fb369486a82335a415adbd958f939243cddb7953b926506217,True,True,True,42643
1,64,4,CNN_common,resnext50,238801d3da9287d37fe8d6fabb6bfa4076485669be9f02906d60edf3bd8ddd29,True,True,True,27505
1,64,4,CNN_common,vgg19,ee3d7fda82f1842b1ce797610b0b712532a41dddc449066e8b33e60f89af2840,True,True,True,155197
1,64,4,RNN_common,gnmt,dab101ac42f9ee67c7e7b1f9915e10ffb01e0372f4484c1941e221692e7b4b68,True,True,True,52030
1,64,4,RNN_common,lstm,7750f43177763a8894f5f10ec8dea0580cb045fcf23154f4f16e8b8be5adba00,True,True,True,47072
1,64,4,Transformer_common,bert_block,5aad048268c82934b7cbd9bb95df50e26d319d61f6ca61f8d1bcfdc946473c45,True,True,True,49664
1,64,4,Transformer_common,gpt_decode_block,d125d028315a4306622aad91e4ca285a67fe6b776a1b6ae0fb9645de54767776,True,True,True,6335
1,64,4,Transformer_common,gpt_prefill_block,8d988c233d1744a0a50f71528a6e891c21c87c4eca0c2da6972ca0dbb3994fd7,True,True,True,92578
1,64,4,Transformer_common,transformer,b3ce4b7876314239673ff4cc22cb4388261a5f2203db4dc00313d122d5d1176a,True,True,True,282496
1,64,4,Transformer_common,transformer_cell,2f36f295e9ddcc338037f7c3b6389b34b5eaaa097e1e3632f08d04ed0f0292d1,True,True,True,49216
1,64,4,individual,bert_block,5aad048268c82934b7cbd9bb95df50e26d319d61f6ca61f8d1bcfdc946473c45,True,True,True,49664
1,64,4,individual,darknet19,9d3e2824cdc71434c339b170b8109848f9358314663b135af10d5813a1f3950b,True,True,True,25900
1,64,4,individual,densenet,a1711c916fb7b7044ded59b55c4a43bf4a3bbab63e95e14017497279b944b8be,True,True,True,31888
1,64,4,individual,gnmt,dab101ac42f9ee67c7e7b1f9915e10ffb01e0372f4484c1941e221692e7b4b68,True,True,True,52030
1,64,4,individual,googlenet,9bc6b3a1e219319ebb5d72e9262e17b65c66655d89326ffa0218642265e5abf6,True,True,True,18854
1,64,4,individual,gpt_decode_block,d125d028315a4306622aad91e4ca285a67fe6b776a1b6ae0fb9645de54767776,True,True,True,6335
1,64,4,individual,gpt_prefill_block,8d988c233d1744a0a50f71528a6e891c21c87c4eca0c2da6972ca0dbb3994fd7,True,True,True,92578
1,64,4,individual,inception_resnet_v1,84b8f8a98e95c7583aaf1e8c63d6a0d0ff532a67743397810e42a37fe91d27c7,True,True,True,84523
1,64,4,individual,lstm,7750f43177763a8894f5f10ec8dea0580cb045fcf23154f4f16e8b8be5adba00,True,True,True,47072
1,64,4,individual,pnasnet,367aba9f3ddd644bca3c55e1558fed7de4781ce4b478bbe159bee3a1be00de82,True,True,True,424928
1,64,4,individual,resnet101,947d8870e218c622d5bb1a803675709cc2ae9960febe899a9f68b45ad2c9231f,True,True,True,79398
1,64,4,individual,resnet152,8be0a463f9c0387bbe66e0085d02c1f645ac15086e642d742889502b415948af,True,True,True,116486
1,64,4,individual,resnet50,98fd2c2c5a01e7fb369486a82335a415adbd958f939243cddb7953b926506217,True,True,True,42643
1,64,4,individual,resnext50,238801d3da9287d37fe8d6fabb6bfa4076485669be9f02906d60edf3bd8ddd29,True,True,True,27505
1,64,4,individual,transformer,b3ce4b7876314239673ff4cc22cb4388261a5f2203db4dc00313d122d5d1176a,True,True,True,282496
1,64,4,individual,transformer_cell,2f36f295e9ddcc338037f7c3b6389b34b5eaaa097e1e3632f08d04ed0f0292d1,True,True,True,49216
1,64,4,individual,vgg19,ee3d7fda82f1842b1ce797610b0b712532a41dddc449066e8b33e60f89af2840,True,True,True,155197
1,8,1,ALL17_common,bert_block,45aea3af18fe82ccb0685c954cd3021b94618671f69381e2e1440af0b3dd55e3,True,True,True,1339392
1,8,1,ALL17_common,darknet19,001a7c539798beaadee305427c89e187fc5722ab312585e3ebe7dc7d77594d8e,True,True,True,697560
1,8,1,ALL17_common,densenet,38d90671d586b63dcf9f5acbe9a5657d5d1f095d2ed512e54df45919b60d3d89,True,True,True,721476
1,8,1,ALL17_common,gnmt,b6cda39ea23afafe767795b4b68c7ad6e48279b2b9efe83d5df099ae7e102592,True,True,True,31864
1,8,1,ALL17_common,googlenet,8a3bc81ee3593e9915eddf86424bdfb7b9e588e518be6a1958b23c92cef791df,True,True,True,456859
1,8,1,ALL17_common,gpt_decode_block,e14f3da834a934edffadf3f8741d203fc30a4595b8f07e4699f521e85b80c991,True,True,True,17623
1,8,1,ALL17_common,gpt_prefill_block,8d436cd72a8e20ffc4c640f2fbee5ba7d7a127a21eab96e4b2c3aab50983d725,True,True,True,2553600
1,8,1,ALL17_common,inception_resnet_v1,2e2457f6953ee09cd4c7cacad102f9f24201741b91c3fc1a09e848aaf51d01f0,True,True,True,1607136
1,8,1,ALL17_common,lstm,bec0cb16e4aa0a84dda67638888e2ecdcbcac84707ef16179da67da75eb9a750,True,True,True,31800
1,8,1,ALL17_common,pnasnet,a01b2c9e1a0942ca43c6a365d38421b4b53fbf6ac91e64cbc7189702fdb55a38,True,True,True,9277801
1,8,1,ALL17_common,resnet101,6e9a5abed839aa745753cdca072984a534f1a806211ea0e0c52df9033026545e,True,True,True,1935528
1,8,1,ALL17_common,resnet152,8f2b36a2edd37ce4518f6a9af48623de6fab08610e90d5f0c6d6eeb8a4dc6d90,True,True,True,2874760
1,8,1,ALL17_common,resnet50,997daf6e31836e619f1e2b077b66b6935f4617ba905560cf815a66a35f0a5e4a,True,True,True,1002568
1,8,1,ALL17_common,resnext50,555513db4170a9415c269a118e9326483a05b610429ca9bc40c55961b65cb662,True,True,True,578560
1,8,1,ALL17_common,transformer,49de33109c2822833f0056f05b08edbe0c9b462a8f01006b7af10c888d9b680e,True,True,True,6998016
1,8,1,ALL17_common,transformer_cell,7022d0b8c4741be52162481f353f412880b9ba7cbea2e51db4ebad3d294a6186,True,True,True,1222656
1,8,1,ALL17_common,vgg19,63b3b8cf965f5a1525672f4b30d4a21229a89928369659fb55f1eab4a9758eae,True,True,True,4793768
1,8,1,CNN_common,darknet19,001a7c539798beaadee305427c89e187fc5722ab312585e3ebe7dc7d77594d8e,True,True,True,697560
1,8,1,CNN_common,densenet,38d90671d586b63dcf9f5acbe9a5657d5d1f095d2ed512e54df45919b60d3d89,True,True,True,721476
1,8,1,CNN_common,googlenet,8a3bc81ee3593e9915eddf86424bdfb7b9e588e518be6a1958b23c92cef791df,True,True,True,456859
1,8,1,CNN_common,inception_resnet_v1,2e2457f6953ee09cd4c7cacad102f9f24201741b91c3fc1a09e848aaf51d01f0,True,True,True,1607136
1,8,1,CNN_common,pnasnet,a01b2c9e1a0942ca43c6a365d38421b4b53fbf6ac91e64cbc7189702fdb55a38,True,True,True,9277801
1,8,1,CNN_common,resnet101,6e9a5abed839aa745753cdca072984a534f1a806211ea0e0c52df9033026545e,True,True,True,1935528
1,8,1,CNN_common,resnet152,8f2b36a2edd37ce4518f6a9af48623de6fab08610e90d5f0c6d6eeb8a4dc6d90,True,True,True,2874760
1,8,1,CNN_common,resnet50,997daf6e31836e619f1e2b077b66b6935f4617ba905560cf815a66a35f0a5e4a,True,True,True,1002568
1,8,1,CNN_common,resnext50,555513db4170a9415c269a118e9326483a05b610429ca9bc40c55961b65cb662,True,True,True,578560
1,8,1,CNN_common,vgg19,63b3b8cf965f5a1525672f4b30d4a21229a89928369659fb55f1eab4a9758eae,True,True,True,4793768
1,8,1,RNN_common,gnmt,b6cda39ea23afafe767795b4b68c7ad6e48279b2b9efe83d5df099ae7e102592,True,True,True,31864
1,8,1,RNN_common,lstm,bec0cb16e4aa0a84dda67638888e2ecdcbcac84707ef16179da67da75eb9a750,True,True,True,31800
1,8,1,Transformer_common,bert_block,45aea3af18fe82ccb0685c954cd3021b94618671f69381e2e1440af0b3dd55e3,True,True,True,1339392
1,8,1,Transformer_common,gpt_decode_block,e14f3da834a934edffadf3f8741d203fc30a4595b8f07e4699f521e85b80c991,True,True,True,17623
1,8,1,Transformer_common,gpt_prefill_block,8d436cd72a8e20ffc4c640f2fbee5ba7d7a127a21eab96e4b2c3aab50983d725,True,True,True,2553600
1,8,1,Transformer_common,transformer,49de33109c2822833f0056f05b08edbe0c9b462a8f01006b7af10c888d9b680e,True,True,True,6998016
1,8,1,Transformer_common,transformer_cell,7022d0b8c4741be52162481f353f412880b9ba7cbea2e51db4ebad3d294a6186,True,True,True,1222656
1,8,1,individual,bert_block,45aea3af18fe82ccb0685c954cd3021b94618671f69381e2e1440af0b3dd55e3,True,True,True,1339392
1,8,1,individual,darknet19,001a7c539798beaadee305427c89e187fc5722ab312585e3ebe7dc7d77594d8e,True,True,True,697560
1,8,1,individual,densenet,38d90671d586b63dcf9f5acbe9a5657d5d1f095d2ed512e54df45919b60d3d89,True,True,True,721476
1,8,1,individual,gnmt,b6cda39ea23afafe767795b4b68c7ad6e48279b2b9efe83d5df099ae7e102592,True,True,True,31864
1,8,1,individual,googlenet,8a3bc81ee3593e9915eddf86424bdfb7b9e588e518be6a1958b23c92cef791df,True,True,True,456859
1,8,1,individual,gpt_decode_block,e14f3da834a934edffadf3f8741d203fc30a4595b8f07e4699f521e85b80c991,True,True,True,17623
1,8,1,individual,gpt_prefill_block,8d436cd72a8e20ffc4c640f2fbee5ba7d7a127a21eab96e4b2c3aab50983d725,True,True,True,2553600
1,8,1,individual,inception_resnet_v1,2e2457f6953ee09cd4c7cacad102f9f24201741b91c3fc1a09e848aaf51d01f0,True,True,True,1607136
1,8,1,individual,lstm,bec0cb16e4aa0a84dda67638888e2ecdcbcac84707ef16179da67da75eb9a750,True,True,True,31800
1,8,1,individual,pnasnet,a01b2c9e1a0942ca43c6a365d38421b4b53fbf6ac91e64cbc7189702fdb55a38,True,True,True,9277801
1,8,1,individual,resnet101,6e9a5abed839aa745753cdca072984a534f1a806211ea0e0c52df9033026545e,True,True,True,1935528
1,8,1,individual,resnet152,8f2b36a2edd37ce4518f6a9af48623de6fab08610e90d5f0c6d6eeb8a4dc6d90,True,True,True,2874760
1,8,1,individual,resnet50,997daf6e31836e619f1e2b077b66b6935f4617ba905560cf815a66a35f0a5e4a,True,True,True,1002568
1,8,1,individual,resnext50,555513db4170a9415c269a118e9326483a05b610429ca9bc40c55961b65cb662,True,True,True,578560
1,8,1,individual,transformer,49de33109c2822833f0056f05b08edbe0c9b462a8f01006b7af10c888d9b680e,True,True,True,6998016
1,8,1,individual,transformer_cell,7022d0b8c4741be52162481f353f412880b9ba7cbea2e51db4ebad3d294a6186,True,True,True,1222656
1,8,1,individual,vgg19,63b3b8cf965f5a1525672f4b30d4a21229a89928369659fb55f1eab4a9758eae,True,True,True,4793768
1,8,16,ALL17_common,bert_block,3a4427a1d3ede7dd35a62d4e1e55f98b7e34c646b2f30ccc77a852908b6bb1e2,True,True,True,92160
1,8,16,ALL17_common,darknet19,49108511b50fecb7282786880ca71627a2f17b2b87a3db2137ab615bf9d67f4a,True,True,True,49258
1,8,16,ALL17_common,densenet,a2ddef368bae0a6571cdb3bd10407a3f735d47b2675cba119de91644b8ca03f9,True,True,True,60259
1,8,16,ALL17_common,gnmt,d9c40259f7fcda82431de980322e6cb28a2f89330017cc7425cea1423a9f3f73,True,True,True,38992
1,8,16,ALL17_common,googlenet,e193b7f7c1742c9e3744782f06d0b546bcc1ace4c0c0889cba15cdcf683729c9,True,True,True,36065
1,8,16,ALL17_common,gpt_decode_block,26ce3dc3671c2d3da19185f6f22fe8c4149bb04528797b0e02cd0b4e8bf2dd7d,True,True,True,12253
1,8,16,ALL17_common,gpt_prefill_block,afc30c933501a1f0dfe06a9870c44c9187535e0a1f0f5433229ebef944a604b0,True,True,True,177424
1,8,16,ALL17_common,inception_resnet_v1,fc8a3a65ffd03d88319b7e330993fc5d2a4dcdb8576d33d5e69db16359946afd,True,True,True,140003
1,8,16,ALL17_common,lstm,a4958d79f9263a38b765886e2043306c597d81d59a55d9eaddde752800f6cb7b,True,True,True,40624
1,8,16,ALL17_common,pnasnet,d56658122b516996806544b0799d1d154689e1aa4105231b159e4c67522d4080,True,True,True,726041
1,8,16,ALL17_common,resnet101,3c14072e0f2155942dbfb4476228d8119862dfeba00e05cc02975132bfec3494,True,True,True,145481
1,8,16,ALL17_common,resnet152,dd479914e8cb82a47a7d5fec468294a85090112da44a1425349683b1811ebbf5,True,True,True,214300
1,8,16,ALL17_common,resnet50,b2ea44bd03d6040e6fb587ac3518dfb960939d978393688e2088ca4e2916ae1f,True,True,True,76884
1,8,16,ALL17_common,resnext50,75b46bcf3f6deeda1983e9266fb00d9a5c6ab3b0d3c52862c1ba88dc082ee346,True,True,True,46110
1,8,16,ALL17_common,transformer,f628718fb7951d2ea2ed0e947dc48ae730ae06754ea509bf7b774a42dd8493ee,True,True,True,494592
1,8,16,ALL17_common,transformer_cell,5e6eca7a8d8e828c05d373f06db22c23879da5da515b7ef4f71fe811a73e14eb,True,True,True,86272
1,8,16,ALL17_common,vgg19,0d90e1061a5a979ef4305818bfcb26b6949a77570b05cf919cf29fac49dea601,True,True,True,306509
1,8,16,CNN_common,darknet19,49108511b50fecb7282786880ca71627a2f17b2b87a3db2137ab615bf9d67f4a,True,True,True,49258
1,8,16,CNN_common,densenet,a2ddef368bae0a6571cdb3bd10407a3f735d47b2675cba119de91644b8ca03f9,True,True,True,60259
1,8,16,CNN_common,googlenet,e193b7f7c1742c9e3744782f06d0b546bcc1ace4c0c0889cba15cdcf683729c9,True,True,True,36065
1,8,16,CNN_common,inception_resnet_v1,fc8a3a65ffd03d88319b7e330993fc5d2a4dcdb8576d33d5e69db16359946afd,True,True,True,140003
1,8,16,CNN_common,pnasnet,d56658122b516996806544b0799d1d154689e1aa4105231b159e4c67522d4080,True,True,True,726041
1,8,16,CNN_common,resnet101,3c14072e0f2155942dbfb4476228d8119862dfeba00e05cc02975132bfec3494,True,True,True,145481
1,8,16,CNN_common,resnet152,dd479914e8cb82a47a7d5fec468294a85090112da44a1425349683b1811ebbf5,True,True,True,214300
1,8,16,CNN_common,resnet50,b2ea44bd03d6040e6fb587ac3518dfb960939d978393688e2088ca4e2916ae1f,True,True,True,76884
1,8,16,CNN_common,resnext50,75b46bcf3f6deeda1983e9266fb00d9a5c6ab3b0d3c52862c1ba88dc082ee346,True,True,True,46110
1,8,16,CNN_common,vgg19,0d90e1061a5a979ef4305818bfcb26b6949a77570b05cf919cf29fac49dea601,True,True,True,306509
1,8,16,RNN_common,gnmt,d9c40259f7fcda82431de980322e6cb28a2f89330017cc7425cea1423a9f3f73,True,True,True,38992
1,8,16,RNN_common,lstm,a4958d79f9263a38b765886e2043306c597d81d59a55d9eaddde752800f6cb7b,True,True,True,40624
1,8,16,Transformer_common,bert_block,3a4427a1d3ede7dd35a62d4e1e55f98b7e34c646b2f30ccc77a852908b6bb1e2,True,True,True,92160
1,8,16,Transformer_common,gpt_decode_block,26ce3dc3671c2d3da19185f6f22fe8c4149bb04528797b0e02cd0b4e8bf2dd7d,True,True,True,12253
1,8,16,Transformer_common,gpt_prefill_block,afc30c933501a1f0dfe06a9870c44c9187535e0a1f0f5433229ebef944a604b0,True,True,True,177424
1,8,16,Transformer_common,transformer,f628718fb7951d2ea2ed0e947dc48ae730ae06754ea509bf7b774a42dd8493ee,True,True,True,494592
1,8,16,Transformer_common,transformer_cell,5e6eca7a8d8e828c05d373f06db22c23879da5da515b7ef4f71fe811a73e14eb,True,True,True,86272
1,8,16,individual,bert_block,3a4427a1d3ede7dd35a62d4e1e55f98b7e34c646b2f30ccc77a852908b6bb1e2,True,True,True,92160
1,8,16,individual,darknet19,49108511b50fecb7282786880ca71627a2f17b2b87a3db2137ab615bf9d67f4a,True,True,True,49258
1,8,16,individual,densenet,a2ddef368bae0a6571cdb3bd10407a3f735d47b2675cba119de91644b8ca03f9,True,True,True,60259
1,8,16,individual,gnmt,d9c40259f7fcda82431de980322e6cb28a2f89330017cc7425cea1423a9f3f73,True,True,True,38992
1,8,16,individual,googlenet,e193b7f7c1742c9e3744782f06d0b546bcc1ace4c0c0889cba15cdcf683729c9,True,True,True,36065
1,8,16,individual,gpt_decode_block,26ce3dc3671c2d3da19185f6f22fe8c4149bb04528797b0e02cd0b4e8bf2dd7d,True,True,True,12253
1,8,16,individual,gpt_prefill_block,afc30c933501a1f0dfe06a9870c44c9187535e0a1f0f5433229ebef944a604b0,True,True,True,177424
1,8,16,individual,inception_resnet_v1,fc8a3a65ffd03d88319b7e330993fc5d2a4dcdb8576d33d5e69db16359946afd,True,True,True,140003
1,8,16,individual,lstm,a4958d79f9263a38b765886e2043306c597d81d59a55d9eaddde752800f6cb7b,True,True,True,40624
1,8,16,individual,pnasnet,d56658122b516996806544b0799d1d154689e1aa4105231b159e4c67522d4080,True,True,True,726041
1,8,16,individual,resnet101,3c14072e0f2155942dbfb4476228d8119862dfeba00e05cc02975132bfec3494,True,True,True,145481
1,8,16,individual,resnet152,dd479914e8cb82a47a7d5fec468294a85090112da44a1425349683b1811ebbf5,True,True,True,214300
1,8,16,individual,resnet50,b2ea44bd03d6040e6fb587ac3518dfb960939d978393688e2088ca4e2916ae1f,True,True,True,76884
1,8,16,individual,resnext50,75b46bcf3f6deeda1983e9266fb00d9a5c6ab3b0d3c52862c1ba88dc082ee346,True,True,True,46110
1,8,16,individual,transformer,f628718fb7951d2ea2ed0e947dc48ae730ae06754ea509bf7b774a42dd8493ee,True,True,True,494592
1,8,16,individual,transformer_cell,5e6eca7a8d8e828c05d373f06db22c23879da5da515b7ef4f71fe811a73e14eb,True,True,True,86272
1,8,16,individual,vgg19,0d90e1061a5a979ef4305818bfcb26b6949a77570b05cf919cf29fac49dea601,True,True,True,306509
1,8,4,ALL17_common,bert_block,7cc2f9586e7fdbc2f846dfc546939e57451ace28a0537e5e6cbd30dfb25a8887,True,True,True,334848
1,8,4,ALL17_common,darknet19,f163db3749077ceef8e4f09a5ec65948f6bb21252cdeb2fc96600477d03b3952,True,True,True,174839
1,8,4,ALL17_common,densenet,11b34d1fb055accd1dfd43719457bfc7550bd7e0dd43f1b6bcb1eeed78f4a09b,True,True,True,187335
1,8,4,ALL17_common,gnmt,1f972997f2f9d8e9dc70ba3894761457a33ee229cfe978c73d83fc63fef01706,True,True,True,32236
1,8,4,ALL17_common,googlenet,b85253e87970cf5d9252a95ab584d69228781d97aca9bb8a254ec1245997c118,True,True,True,117877
1,8,4,ALL17_common,gpt_decode_block,f72d38c176cb0a9a13c1fcfcbf24eba63a544796abc8f3e01f37d352f86a8c67,True,True,True,12507
1,8,4,ALL17_common,gpt_prefill_block,9c04d4228c13fc9f711d6dbf0c6ebef01d5eb3ee978b4aad19f85afb712dbea2,True,True,True,638400
1,8,4,ALL17_common,inception_resnet_v1,5f3606bcd19894177e62b9a91a9f8aa7448a779dd5d6c6174da1fc57642de947,True,True,True,429873
1,8,4,ALL17_common,lstm,82e012c27c247e8e2d27d0c2d2bb96190e6dae9f4e03b0b8ac824b373a2ca1aa,True,True,True,32198
1,8,4,ALL17_common,pnasnet,c1c9efbfdeca8feea751af7e922f9dcd428086b5759805da8eb23a10ac52c97e,True,True,True,2464084
1,8,4,ALL17_common,resnet101,0db17afd3ec5d36b19d18a417d7aa0a3598063cfc2b079f4a3baff628522f627,True,True,True,488782
1,8,4,ALL17_common,resnet152,7bc84c10b1d501765112ed821f62ef0437c535785bd6ee6939cb87aab33e7f23,True,True,True,723590
1,8,4,ALL17_common,resnet50,3d48f4580e2bee5b1d6973b08d021ab8835026991f44a5050fa226db6a40f298,True,True,True,255542
1,8,4,ALL17_common,resnext50,0b1321e2a96c4ab79dd4ba7740b946d73d325a74540387e33c4dcdcd7be4f119,True,True,True,146516
1,8,4,ALL17_common,transformer,8bc5677c9e7445a67408b0da4226035c4189bde92e59dea1475eb2ab92c678d2,True,True,True,1749504
1,8,4,ALL17_common,transformer_cell,4d7dd735e729a3bb20882b85b9aac15a71f1b2a354faac5aa7b9faec2c31a773,True,True,True,305664
1,8,4,ALL17_common,vgg19,9191cd58ae09e1142be235b82a4f5e3f2e5f389a9789e1e625c8f01e5a31d6fd,True,True,True,1198442
1,8,4,CNN_common,darknet19,f163db3749077ceef8e4f09a5ec65948f6bb21252cdeb2fc96600477d03b3952,True,True,True,174839
1,8,4,CNN_common,densenet,11b34d1fb055accd1dfd43719457bfc7550bd7e0dd43f1b6bcb1eeed78f4a09b,True,True,True,187335
1,8,4,CNN_common,googlenet,b85253e87970cf5d9252a95ab584d69228781d97aca9bb8a254ec1245997c118,True,True,True,117877
1,8,4,CNN_common,inception_resnet_v1,5f3606bcd19894177e62b9a91a9f8aa7448a779dd5d6c6174da1fc57642de947,True,True,True,429873
1,8,4,CNN_common,pnasnet,c1c9efbfdeca8feea751af7e922f9dcd428086b5759805da8eb23a10ac52c97e,True,True,True,2464084
1,8,4,CNN_common,resnet101,0db17afd3ec5d36b19d18a417d7aa0a3598063cfc2b079f4a3baff628522f627,True,True,True,488782
1,8,4,CNN_common,resnet152,7bc84c10b1d501765112ed821f62ef0437c535785bd6ee6939cb87aab33e7f23,True,True,True,723590
1,8,4,CNN_common,resnet50,3d48f4580e2bee5b1d6973b08d021ab8835026991f44a5050fa226db6a40f298,True,True,True,255542
1,8,4,CNN_common,resnext50,0b1321e2a96c4ab79dd4ba7740b946d73d325a74540387e33c4dcdcd7be4f119,True,True,True,146516
1,8,4,CNN_common,vgg19,9191cd58ae09e1142be235b82a4f5e3f2e5f389a9789e1e625c8f01e5a31d6fd,True,True,True,1198442
1,8,4,RNN_common,gnmt,1f972997f2f9d8e9dc70ba3894761457a33ee229cfe978c73d83fc63fef01706,True,True,True,32236
1,8,4,RNN_common,lstm,82e012c27c247e8e2d27d0c2d2bb96190e6dae9f4e03b0b8ac824b373a2ca1aa,True,True,True,32198
1,8,4,Transformer_common,bert_block,7cc2f9586e7fdbc2f846dfc546939e57451ace28a0537e5e6cbd30dfb25a8887,True,True,True,334848
1,8,4,Transformer_common,gpt_decode_block,f72d38c176cb0a9a13c1fcfcbf24eba63a544796abc8f3e01f37d352f86a8c67,True,True,True,12507
1,8,4,Transformer_common,gpt_prefill_block,9c04d4228c13fc9f711d6dbf0c6ebef01d5eb3ee978b4aad19f85afb712dbea2,True,True,True,638400
1,8,4,Transformer_common,transformer,8bc5677c9e7445a67408b0da4226035c4189bde92e59dea1475eb2ab92c678d2,True,True,True,1749504
1,8,4,Transformer_common,transformer_cell,4d7dd735e729a3bb20882b85b9aac15a71f1b2a354faac5aa7b9faec2c31a773,True,True,True,305664
1,8,4,individual,bert_block,7cc2f9586e7fdbc2f846dfc546939e57451ace28a0537e5e6cbd30dfb25a8887,True,True,True,334848
1,8,4,individual,darknet19,f163db3749077ceef8e4f09a5ec65948f6bb21252cdeb2fc96600477d03b3952,True,True,True,174839
1,8,4,individual,densenet,11b34d1fb055accd1dfd43719457bfc7550bd7e0dd43f1b6bcb1eeed78f4a09b,True,True,True,187335
1,8,4,individual,gnmt,1f972997f2f9d8e9dc70ba3894761457a33ee229cfe978c73d83fc63fef01706,True,True,True,32236
1,8,4,individual,googlenet,b85253e87970cf5d9252a95ab584d69228781d97aca9bb8a254ec1245997c118,True,True,True,117877
1,8,4,individual,gpt_decode_block,f72d38c176cb0a9a13c1fcfcbf24eba63a544796abc8f3e01f37d352f86a8c67,True,True,True,12507
1,8,4,individual,gpt_prefill_block,9c04d4228c13fc9f711d6dbf0c6ebef01d5eb3ee978b4aad19f85afb712dbea2,True,True,True,638400
1,8,4,individual,inception_resnet_v1,5f3606bcd19894177e62b9a91a9f8aa7448a779dd5d6c6174da1fc57642de947,True,True,True,429873
1,8,4,individual,lstm,82e012c27c247e8e2d27d0c2d2bb96190e6dae9f4e03b0b8ac824b373a2ca1aa,True,True,True,32198
1,8,4,individual,pnasnet,c1c9efbfdeca8feea751af7e922f9dcd428086b5759805da8eb23a10ac52c97e,True,True,True,2464084
1,8,4,individual,resnet101,0db17afd3ec5d36b19d18a417d7aa0a3598063cfc2b079f4a3baff628522f627,True,True,True,488782
1,8,4,individual,resnet152,7bc84c10b1d501765112ed821f62ef0437c535785bd6ee6939cb87aab33e7f23,True,True,True,723590
1,8,4,individual,resnet50,3d48f4580e2bee5b1d6973b08d021ab8835026991f44a5050fa226db6a40f298,True,True,True,255542
1,8,4,individual,resnext50,0b1321e2a96c4ab79dd4ba7740b946d73d325a74540387e33c4dcdcd7be4f119,True,True,True,146516
1,8,4,individual,transformer,8bc5677c9e7445a67408b0da4226035c4189bde92e59dea1475eb2ab92c678d2,True,True,True,1749504
1,8,4,individual,transformer_cell,4d7dd735e729a3bb20882b85b9aac15a71f1b2a354faac5aa7b9faec2c31a773,True,True,True,305664
1,8,4,individual,vgg19,9191cd58ae09e1142be235b82a4f5e3f2e5f389a9789e1e625c8f01e5a31d6fd,True,True,True,1198442
8,1024,1,ALL17_common,bert_block,6910f9496c243517f08795d23acc661c5c543377d423742484c88c9b5495feae,True,False,True,18027
8,1024,1,ALL17_common,darknet19,3401b0c34ba96e7540ef3809b2c60a6e639f37e1c0f19f05d7db1e18f20eecfe,True,False,True,10313
8,1024,1,ALL17_common,densenet,4d14bf1ddc76fcd237522097e20ee8054cbf36bbc4ad43ffeb28885f5e51447b,True,False,True,17139
8,1024,1,ALL17_common,gnmt,e699b4b40508325c7677ce002f6c11492a296ec9b730adae82e967d49586b39d,True,False,True,15666
8,1024,1,ALL17_common,googlenet,a4e61f683bc7d03731b41065244e9c2d0fa10f507476803453a0754c47b61428,True,False,True,8245
8,1024,1,ALL17_common,gpt_decode_block,80c7d2924d8e58f85b2fceb5d186889ad24927dd7b97193991e5099b12fcf174,True,False,True,6173
8,1024,1,ALL17_common,gpt_prefill_block,af2dc8e6bcf70a6ce5305101975dc7e9748fdd24766f013d0a98ea5d2ddaf716,True,False,True,31955
8,1024,1,ALL17_common,inception_resnet_v1,c86be085061afd4ea792472763e43a957c5a622387841333573df03b4360a3aa,True,False,True,40886
8,1024,1,ALL17_common,lstm,ca4cb547fae1e3ac54795e843aba915e6c674e53b8d3f007ea51458cb869420a,True,False,True,15656
8,1024,1,ALL17_common,pnasnet,176badd1dc7c40c2fd3397ffd9f36a3119ae6f56dc09a7fc84a8e18c05d35cd3,True,False,True,183193
8,1024,1,ALL17_common,resnet101,642a7a1e77e5c2dd7d2cf22c7649ffe62fcc2bd1ff2e0f0c311bddf8b7b112f3,True,False,True,37096
8,1024,1,ALL17_common,resnet152,98269eb6fd01bdf4f7f9c8ff0bac3a0fcc8b78560d08b093be2d481679dafce6,True,False,True,52912
8,1024,1,ALL17_common,resnet50,22b4477db549ac4dbfefdf6d99389ba1bcae4b63d92be786481e622d23e4dbde,True,False,True,22726
8,1024,1,ALL17_common,resnext50,f34c731cd76b85eb096abd1ae45b4ac93bbb550d94ee6450124ffe6f2da310ff,True,False,True,18820
8,1024,1,ALL17_common,transformer,472dbbeb57ac4dd50969de619f8a1aa7f528ccbaf800d7eba912336180c21779,True,False,True,153986
8,1024,1,ALL17_common,transformer_cell,e71c8de7813c2964ca70970b5c05d77969b6775ca562e6b892b713dd1326a1c8,True,False,True,26402
8,1024,1,ALL17_common,vgg19,54f7490fe66adfd1bbb3aeda6db08114da67a1a19256277073ab5f42ede4bf18,True,False,True,46656
8,1024,1,CNN_common,darknet19,3401b0c34ba96e7540ef3809b2c60a6e639f37e1c0f19f05d7db1e18f20eecfe,True,False,True,10313
8,1024,1,CNN_common,densenet,4d14bf1ddc76fcd237522097e20ee8054cbf36bbc4ad43ffeb28885f5e51447b,True,False,True,17139
8,1024,1,CNN_common,googlenet,a4e61f683bc7d03731b41065244e9c2d0fa10f507476803453a0754c47b61428,True,False,True,8245
8,1024,1,CNN_common,inception_resnet_v1,c86be085061afd4ea792472763e43a957c5a622387841333573df03b4360a3aa,True,False,True,40886
8,1024,1,CNN_common,pnasnet,176badd1dc7c40c2fd3397ffd9f36a3119ae6f56dc09a7fc84a8e18c05d35cd3,True,False,True,183193
8,1024,1,CNN_common,resnet101,642a7a1e77e5c2dd7d2cf22c7649ffe62fcc2bd1ff2e0f0c311bddf8b7b112f3,True,False,True,37096
8,1024,1,CNN_common,resnet152,98269eb6fd01bdf4f7f9c8ff0bac3a0fcc8b78560d08b093be2d481679dafce6,True,False,True,52912
8,1024,1,CNN_common,resnet50,22b4477db549ac4dbfefdf6d99389ba1bcae4b63d92be786481e622d23e4dbde,True,False,True,22726
8,1024,1,CNN_common,resnext50,f34c731cd76b85eb096abd1ae45b4ac93bbb550d94ee6450124ffe6f2da310ff,True,False,True,18820
8,1024,1,CNN_common,vgg19,54f7490fe66adfd1bbb3aeda6db08114da67a1a19256277073ab5f42ede4bf18,True,False,True,46656
8,1024,1,RNN_common,gnmt,e699b4b40508325c7677ce002f6c11492a296ec9b730adae82e967d49586b39d,True,False,True,15666
8,1024,1,RNN_common,lstm,ca4cb547fae1e3ac54795e843aba915e6c674e53b8d3f007ea51458cb869420a,True,False,True,15656
8,1024,1,Transformer_common,bert_block,6910f9496c243517f08795d23acc661c5c543377d423742484c88c9b5495feae,True,False,True,18027
8,1024,1,Transformer_common,gpt_decode_block,80c7d2924d8e58f85b2fceb5d186889ad24927dd7b97193991e5099b12fcf174,True,False,True,6173
8,1024,1,Transformer_common,gpt_prefill_block,af2dc8e6bcf70a6ce5305101975dc7e9748fdd24766f013d0a98ea5d2ddaf716,True,False,True,31955
8,1024,1,Transformer_common,transformer,472dbbeb57ac4dd50969de619f8a1aa7f528ccbaf800d7eba912336180c21779,True,False,True,153986
8,1024,1,Transformer_common,transformer_cell,e71c8de7813c2964ca70970b5c05d77969b6775ca562e6b892b713dd1326a1c8,True,False,True,26402
8,1024,1,individual,bert_block,6910f9496c243517f08795d23acc661c5c543377d423742484c88c9b5495feae,True,False,True,18027
8,1024,1,individual,darknet19,3401b0c34ba96e7540ef3809b2c60a6e639f37e1c0f19f05d7db1e18f20eecfe,True,False,True,10313
8,1024,1,individual,densenet,4d14bf1ddc76fcd237522097e20ee8054cbf36bbc4ad43ffeb28885f5e51447b,True,False,True,17139
8,1024,1,individual,gnmt,e699b4b40508325c7677ce002f6c11492a296ec9b730adae82e967d49586b39d,True,False,True,15666
8,1024,1,individual,googlenet,a4e61f683bc7d03731b41065244e9c2d0fa10f507476803453a0754c47b61428,True,False,True,8245
8,1024,1,individual,gpt_decode_block,80c7d2924d8e58f85b2fceb5d186889ad24927dd7b97193991e5099b12fcf174,True,False,True,6173
8,1024,1,individual,gpt_prefill_block,af2dc8e6bcf70a6ce5305101975dc7e9748fdd24766f013d0a98ea5d2ddaf716,True,False,True,31955
8,1024,1,individual,inception_resnet_v1,c86be085061afd4ea792472763e43a957c5a622387841333573df03b4360a3aa,True,False,True,40886
8,1024,1,individual,lstm,ca4cb547fae1e3ac54795e843aba915e6c674e53b8d3f007ea51458cb869420a,True,False,True,15656
8,1024,1,individual,pnasnet,176badd1dc7c40c2fd3397ffd9f36a3119ae6f56dc09a7fc84a8e18c05d35cd3,True,False,True,183193
8,1024,1,individual,resnet101,642a7a1e77e5c2dd7d2cf22c7649ffe62fcc2bd1ff2e0f0c311bddf8b7b112f3,True,False,True,37096
8,1024,1,individual,resnet152,98269eb6fd01bdf4f7f9c8ff0bac3a0fcc8b78560d08b093be2d481679dafce6,True,False,True,52912
8,1024,1,individual,resnet50,22b4477db549ac4dbfefdf6d99389ba1bcae4b63d92be786481e622d23e4dbde,True,False,True,22726
8,1024,1,individual,resnext50,f34c731cd76b85eb096abd1ae45b4ac93bbb550d94ee6450124ffe6f2da310ff,True,False,True,18820
8,1024,1,individual,transformer,472dbbeb57ac4dd50969de619f8a1aa7f528ccbaf800d7eba912336180c21779,True,False,True,153986
8,1024,1,individual,transformer_cell,e71c8de7813c2964ca70970b5c05d77969b6775ca562e6b892b713dd1326a1c8,True,False,True,26402
8,1024,1,individual,vgg19,54f7490fe66adfd1bbb3aeda6db08114da67a1a19256277073ab5f42ede4bf18,True,False,True,46656
8,1024,4,RNN_common,gnmt,07cf730effb6a96c326846dad225bfcd75898c451eb80b6890232730a8104c32,True,False,True,15706
8,1024,4,RNN_common,lstm,5d86b34f7db94b19da7d8939cba138fba6d23724e8e3035e97bbc02ee3ec0518,True,False,True,18807
8,1024,4,individual,gnmt,07cf730effb6a96c326846dad225bfcd75898c451eb80b6890232730a8104c32,True,False,True,15706
8,1024,4,individual,lstm,5d86b34f7db94b19da7d8939cba138fba6d23724e8e3035e97bbc02ee3ec0518,True,False,True,18807
8,128,1,ALL17_common,bert_block,14e2a74ff3bead4fbd87d2736d99245eab29c9dbdfd179c3744f8049ccfecdbb,True,True,True,88064
8,128,1,ALL17_common,darknet19,9ac059cf4d7087de8f588f8982d6a1ec4ca2a1babed375163b70fee4a17790e5,True,True,True,47892
8,128,1,ALL17_common,densenet,daeb481d5431954193dc2fc082d60536138ce66fb239657fb2ec85ce26c01101,True,True,True,51886
8,128,1,ALL17_common,gnmt,4c31808d2b9834da7ae3f4db402c0ebe0df45d1434ed233722126f4c1f480802,True,True,True,15684
8,128,1,ALL17_common,googlenet,dc0ff5108fa1f212f346579591fcf35ba5756991511c9860bb935ed6210d0f42,True,True,True,32129
8,128,1,ALL17_common,gpt_decode_block,b511cf5b1ab48cf448fc1c059a41a8bdc8521224613d7765f8ea2f18355e269d,True,True,True,6053
8,128,1,ALL17_common,gpt_prefill_block,3053583734185ab6c756f68fd566cf588eba305a2168bc2dcc2dfb5746a5721c,True,True,True,166400
8,128,1,ALL17_common,inception_resnet_v1,f5a233ee430b270ac5774d65cddf1b99a8a79c459268929d7592996d6f9c4f91,True,True,True,126843
8,128,1,ALL17_common,lstm,435bc4284e51ffb6d6d6e03c900093e11736e91d94e1e5949e12931db82e5d46,True,True,True,15668
8,128,1,ALL17_common,pnasnet,920a01831a77aeeefe7dc4b56d530bd5cca97f9afcb0184c9fc6609b6908e4c4,True,True,True,715937
8,128,1,ALL17_common,resnet101,92ec3d0c7028d1ca1e5fddb46c9cf0e5786a360d0337eb9afd9b1aa769fd9c0f,True,True,True,137082
8,128,1,ALL17_common,resnet152,d51134c888d7f5c38693a8a26839441cee49aabeb3341a8a9a9dbedc051dd946,True,True,True,204030
8,128,1,ALL17_common,resnet50,d5f541da10d76e726254349e605ddbe069570355e4210515368677b41ef24135,True,True,True,70918
8,128,1,ALL17_common,resnext50,ac70ab7fd194b83cd92420b22728d7cf4532a8d55e9e63a67918e6c087d3e356,True,True,True,41299
8,128,1,ALL17_common,transformer,c0fc8d0ee60c7af5531c4876a236c0b7461bd7bb558a8df2de4d0d05aae6e7d6,True,True,True,476160
8,128,1,ALL17_common,transformer_cell,00a884e3234a514146bf143a9cac8338633a827f6b5a4cef5215cc2a60191bd7,True,True,True,83200
8,128,1,ALL17_common,vgg19,710627bc7ffc712540b009b0f22890ca237bff512eb07a093c562884b8655ad8,True,True,True,305389
8,128,1,CNN_common,darknet19,9ac059cf4d7087de8f588f8982d6a1ec4ca2a1babed375163b70fee4a17790e5,True,True,True,47892
8,128,1,CNN_common,densenet,daeb481d5431954193dc2fc082d60536138ce66fb239657fb2ec85ce26c01101,True,True,True,51886
8,128,1,CNN_common,googlenet,dc0ff5108fa1f212f346579591fcf35ba5756991511c9860bb935ed6210d0f42,True,True,True,32129
8,128,1,CNN_common,inception_resnet_v1,f5a233ee430b270ac5774d65cddf1b99a8a79c459268929d7592996d6f9c4f91,True,True,True,126843
8,128,1,CNN_common,pnasnet,920a01831a77aeeefe7dc4b56d530bd5cca97f9afcb0184c9fc6609b6908e4c4,True,True,True,715937
8,128,1,CNN_common,resnet101,92ec3d0c7028d1ca1e5fddb46c9cf0e5786a360d0337eb9afd9b1aa769fd9c0f,True,True,True,137082
8,128,1,CNN_common,resnet152,d51134c888d7f5c38693a8a26839441cee49aabeb3341a8a9a9dbedc051dd946,True,True,True,204030
8,128,1,CNN_common,resnet50,d5f541da10d76e726254349e605ddbe069570355e4210515368677b41ef24135,True,True,True,70918
8,128,1,CNN_common,resnext50,ac70ab7fd194b83cd92420b22728d7cf4532a8d55e9e63a67918e6c087d3e356,True,True,True,41299
8,128,1,CNN_common,vgg19,710627bc7ffc712540b009b0f22890ca237bff512eb07a093c562884b8655ad8,True,True,True,305389
8,128,1,RNN_common,gnmt,4c31808d2b9834da7ae3f4db402c0ebe0df45d1434ed233722126f4c1f480802,True,True,True,15684
8,128,1,RNN_common,lstm,435bc4284e51ffb6d6d6e03c900093e11736e91d94e1e5949e12931db82e5d46,True,True,True,15668
8,128,1,Transformer_common,bert_block,14e2a74ff3bead4fbd87d2736d99245eab29c9dbdfd179c3744f8049ccfecdbb,True,True,True,88064
8,128,1,Transformer_common,gpt_decode_block,b511cf5b1ab48cf448fc1c059a41a8bdc8521224613d7765f8ea2f18355e269d,True,True,True,6053
8,128,1,Transformer_common,gpt_prefill_block,3053583734185ab6c756f68fd566cf588eba305a2168bc2dcc2dfb5746a5721c,True,True,True,166400
8,128,1,Transformer_common,transformer,c0fc8d0ee60c7af5531c4876a236c0b7461bd7bb558a8df2de4d0d05aae6e7d6,True,True,True,476160
8,128,1,Transformer_common,transformer_cell,00a884e3234a514146bf143a9cac8338633a827f6b5a4cef5215cc2a60191bd7,True,True,True,83200
8,128,1,individual,bert_block,14e2a74ff3bead4fbd87d2736d99245eab29c9dbdfd179c3744f8049ccfecdbb,True,True,True,88064
8,128,1,individual,darknet19,9ac059cf4d7087de8f588f8982d6a1ec4ca2a1babed375163b70fee4a17790e5,True,True,True,47892
8,128,1,individual,densenet,daeb481d5431954193dc2fc082d60536138ce66fb239657fb2ec85ce26c01101,True,True,True,51886
8,128,1,individual,gnmt,4c31808d2b9834da7ae3f4db402c0ebe0df45d1434ed233722126f4c1f480802,True,True,True,15684
8,128,1,individual,googlenet,dc0ff5108fa1f212f346579591fcf35ba5756991511c9860bb935ed6210d0f42,True,True,True,32129
8,128,1,individual,gpt_decode_block,b511cf5b1ab48cf448fc1c059a41a8bdc8521224613d7765f8ea2f18355e269d,True,True,True,6053
8,128,1,individual,gpt_prefill_block,3053583734185ab6c756f68fd566cf588eba305a2168bc2dcc2dfb5746a5721c,True,True,True,166400
8,128,1,individual,inception_resnet_v1,f5a233ee430b270ac5774d65cddf1b99a8a79c459268929d7592996d6f9c4f91,True,True,True,126843
8,128,1,individual,lstm,435bc4284e51ffb6d6d6e03c900093e11736e91d94e1e5949e12931db82e5d46,True,True,True,15668
8,128,1,individual,pnasnet,920a01831a77aeeefe7dc4b56d530bd5cca97f9afcb0184c9fc6609b6908e4c4,True,True,True,715937
8,128,1,individual,resnet101,92ec3d0c7028d1ca1e5fddb46c9cf0e5786a360d0337eb9afd9b1aa769fd9c0f,True,True,True,137082
8,128,1,individual,resnet152,d51134c888d7f5c38693a8a26839441cee49aabeb3341a8a9a9dbedc051dd946,True,True,True,204030
8,128,1,individual,resnet50,d5f541da10d76e726254349e605ddbe069570355e4210515368677b41ef24135,True,True,True,70918
8,128,1,individual,resnext50,ac70ab7fd194b83cd92420b22728d7cf4532a8d55e9e63a67918e6c087d3e356,True,True,True,41299
8,128,1,individual,transformer,c0fc8d0ee60c7af5531c4876a236c0b7461bd7bb558a8df2de4d0d05aae6e7d6,True,True,True,476160
8,128,1,individual,transformer_cell,00a884e3234a514146bf143a9cac8338633a827f6b5a4cef5215cc2a60191bd7,True,True,True,83200
8,128,1,individual,vgg19,710627bc7ffc712540b009b0f22890ca237bff512eb07a093c562884b8655ad8,True,True,True,305389
8,128,16,RNN_common,gnmt,984212684454e7bdd874150ee095b131c8e784124ea2b828033c7675039903c3,True,True,True,29378
8,128,16,RNN_common,lstm,efe0ba7b58cf02b60f1af3bffb0eb185b9ac98cd254ccb873ee132b5c0110d84,True,True,True,32365
8,128,16,individual,gnmt,984212684454e7bdd874150ee095b131c8e784124ea2b828033c7675039903c3,True,True,True,29378
8,128,16,individual,lstm,efe0ba7b58cf02b60f1af3bffb0eb185b9ac98cd254ccb873ee132b5c0110d84,True,True,True,32365
8,128,16,individual,transformer,8ab5e578569ed291f74ea50bc7c42af6cdfdd0baa4907499fe3306ab901e4707,True,False,True,158344
8,128,4,ALL17_common,bert_block,a4353802542011ecda17475c7b12d8175831161b4271e849eab62f4fdbb5e971,True,True,True,31238
8,128,4,ALL17_common,darknet19,a3bdedfd9d48ab93f9ecd4152fdb808f92b6c97e009e719178f72f3e2f37c9a8,True,True,True,16045
8,128,4,ALL17_common,densenet,bbda89852f816c90fe5c2d930ca62126f699114157e5950e33bc26d421967f5a,True,True,True,25055
8,128,4,ALL17_common,gnmt,abbf9d12f09a445d80efee394c991ab765afd95189e5df0809475b9523229038,True,True,True,30466
8,128,4,ALL17_common,googlenet,b76fd65ceced8e7f6fd0913965c6590ec0884ea65a9039b6b6ac56164148ccc5,True,True,True,13865
8,128,4,ALL17_common,gpt_decode_block,5b4f10dca84ba9626fee3e1d1b220f4c6b0dddefe4a9b2f7f35f1757e0d1abf4,True,True,True,6120
8,128,4,ALL17_common,gpt_prefill_block,c6e4cba33a4f36b5f73b949af1c27bb9fcb01db4a210ba2511c9684eb5f90ea9,True,True,True,61298
8,128,4,ALL17_common,inception_resnet_v1,0371ff13d5348fdbf9404abf78590a3d446993e4db9dd161c6c1c90b2867e708,True,True,True,75061
8,128,4,ALL17_common,lstm,d30223085d705e1977d3c80bae2a83aaa33ab6f701e13e8941219c437d42a35a,True,True,True,47598
8,128,4,ALL17_common,pnasnet,792470b28c15104b5b9c762167bc0965a0520fc35aefb21e9b3d38ff7fabfd23,True,True,True,285837
8,128,4,ALL17_common,resnet101,8aa3dcc22a0f46746a959951de6cb0e112ee1ce8a07c34c4141af8ecb20e40c7,True,True,True,54616
8,128,4,ALL17_common,resnet152,5d18d9b04ee1195d7067a63991b8db043b98fecee604b8d03804b76ad72442b0,True,True,True,78641
8,128,4,ALL17_common,resnet50,f9dae4c8cd06d0da811e7f9f4f83eaefe329fef98dc354f286d568a081a7c63a,True,True,True,31322
8,128,4,ALL17_common,resnext50,a8a4d0a3603df72f74913345beed193125c6e9708bf0ae8eff20b0dcdafc693b,True,True,True,23058
8,128,4,ALL17_common,transformer,1f70aa04c07f0d83264166c180044944a680c18fa34333e131b99f73892f5332,True,True,True,196608
8,128,4,ALL17_common,transformer_cell,f0369a040d4cd2f1d518f6ddef67cfc2e46f6e5a6aac94fd7b297abbfb6978c9,True,True,True,34048
8,128,4,ALL17_common,vgg19,236036414cacf1e23aa06e2576efa347ccc0c1548f39c18ed68785f43e1943aa,True,True,True,83629
8,128,4,CNN_common,darknet19,a3bdedfd9d48ab93f9ecd4152fdb808f92b6c97e009e719178f72f3e2f37c9a8,True,True,True,16045
8,128,4,CNN_common,densenet,bbda89852f816c90fe5c2d930ca62126f699114157e5950e33bc26d421967f5a,True,True,True,25055
8,128,4,CNN_common,googlenet,b76fd65ceced8e7f6fd0913965c6590ec0884ea65a9039b6b6ac56164148ccc5,True,True,True,13865
8,128,4,CNN_common,inception_resnet_v1,0371ff13d5348fdbf9404abf78590a3d446993e4db9dd161c6c1c90b2867e708,True,True,True,75061
8,128,4,CNN_common,pnasnet,792470b28c15104b5b9c762167bc0965a0520fc35aefb21e9b3d38ff7fabfd23,True,True,True,285837
8,128,4,CNN_common,resnet101,8aa3dcc22a0f46746a959951de6cb0e112ee1ce8a07c34c4141af8ecb20e40c7,True,True,True,54616
8,128,4,CNN_common,resnet152,5d18d9b04ee1195d7067a63991b8db043b98fecee604b8d03804b76ad72442b0,True,True,True,78641
8,128,4,CNN_common,resnet50,f9dae4c8cd06d0da811e7f9f4f83eaefe329fef98dc354f286d568a081a7c63a,True,True,True,31322
8,128,4,CNN_common,resnext50,a8a4d0a3603df72f74913345beed193125c6e9708bf0ae8eff20b0dcdafc693b,True,True,True,23058
8,128,4,CNN_common,vgg19,236036414cacf1e23aa06e2576efa347ccc0c1548f39c18ed68785f43e1943aa,True,True,True,83629
8,128,4,RNN_common,gnmt,abbf9d12f09a445d80efee394c991ab765afd95189e5df0809475b9523229038,True,True,True,30466
8,128,4,RNN_common,lstm,d30223085d705e1977d3c80bae2a83aaa33ab6f701e13e8941219c437d42a35a,True,True,True,47598
8,128,4,Transformer_common,bert_block,a4353802542011ecda17475c7b12d8175831161b4271e849eab62f4fdbb5e971,True,True,True,31238
8,128,4,Transformer_common,gpt_decode_block,5b4f10dca84ba9626fee3e1d1b220f4c6b0dddefe4a9b2f7f35f1757e0d1abf4,True,True,True,6120
8,128,4,Transformer_common,gpt_prefill_block,c6e4cba33a4f36b5f73b949af1c27bb9fcb01db4a210ba2511c9684eb5f90ea9,True,True,True,61298
8,128,4,Transformer_common,transformer,1f70aa04c07f0d83264166c180044944a680c18fa34333e131b99f73892f5332,True,True,True,196608
8,128,4,Transformer_common,transformer_cell,f0369a040d4cd2f1d518f6ddef67cfc2e46f6e5a6aac94fd7b297abbfb6978c9,True,True,True,34048
8,128,4,individual,bert_block,a4353802542011ecda17475c7b12d8175831161b4271e849eab62f4fdbb5e971,True,True,True,31238
8,128,4,individual,darknet19,a3bdedfd9d48ab93f9ecd4152fdb808f92b6c97e009e719178f72f3e2f37c9a8,True,True,True,16045
8,128,4,individual,densenet,bbda89852f816c90fe5c2d930ca62126f699114157e5950e33bc26d421967f5a,True,True,True,25055
8,128,4,individual,gnmt,abbf9d12f09a445d80efee394c991ab765afd95189e5df0809475b9523229038,True,True,True,30466
8,128,4,individual,googlenet,b76fd65ceced8e7f6fd0913965c6590ec0884ea65a9039b6b6ac56164148ccc5,True,True,True,13865
8,128,4,individual,gpt_decode_block,5b4f10dca84ba9626fee3e1d1b220f4c6b0dddefe4a9b2f7f35f1757e0d1abf4,True,True,True,6120
8,128,4,individual,gpt_prefill_block,c6e4cba33a4f36b5f73b949af1c27bb9fcb01db4a210ba2511c9684eb5f90ea9,True,True,True,61298
8,128,4,individual,inception_resnet_v1,0371ff13d5348fdbf9404abf78590a3d446993e4db9dd161c6c1c90b2867e708,True,True,True,75061
8,128,4,individual,lstm,d30223085d705e1977d3c80bae2a83aaa33ab6f701e13e8941219c437d42a35a,True,True,True,47598
8,128,4,individual,pnasnet,792470b28c15104b5b9c762167bc0965a0520fc35aefb21e9b3d38ff7fabfd23,True,True,True,285837
8,128,4,individual,resnet101,8aa3dcc22a0f46746a959951de6cb0e112ee1ce8a07c34c4141af8ecb20e40c7,True,True,True,54616
8,128,4,individual,resnet152,5d18d9b04ee1195d7067a63991b8db043b98fecee604b8d03804b76ad72442b0,True,True,True,78641
8,128,4,individual,resnet50,f9dae4c8cd06d0da811e7f9f4f83eaefe329fef98dc354f286d568a081a7c63a,True,True,True,31322
8,128,4,individual,resnext50,a8a4d0a3603df72f74913345beed193125c6e9708bf0ae8eff20b0dcdafc693b,True,True,True,23058
8,128,4,individual,transformer,1f70aa04c07f0d83264166c180044944a680c18fa34333e131b99f73892f5332,True,True,True,196608
8,128,4,individual,transformer_cell,f0369a040d4cd2f1d518f6ddef67cfc2e46f6e5a6aac94fd7b297abbfb6978c9,True,True,True,34048
8,128,4,individual,vgg19,236036414cacf1e23aa06e2576efa347ccc0c1548f39c18ed68785f43e1943aa,True,True,True,83629
8,16,1,ALL17_common,bert_block,0e25d76e84fc9dacbc1bcb604827c8cd5976f1b533d7815ad8e88989676ee4cf,True,True,True,669696
8,16,1,ALL17_common,darknet19,e34517f3801a33b40a3a4003fa37a8b88d178e27ed6a2c55a0a7400f8e9a804a,True,True,True,348781
8,16,1,ALL17_common,densenet,6a86c47d89f91371c961c772163ab8c8c194c88133c0316ebf1c24e1350b8ab5,True,True,True,361563
8,16,1,ALL17_common,gnmt,f9aa80f2ac8b004f70585cc266b13c836435173c0fa9c76ad2f02d1f1c20c956,True,True,True,31468
8,16,1,ALL17_common,googlenet,10b75e60e197ba806d4d928f2ae033765f2c8cec2ab3a31a43e6e674ffc770cf,True,True,True,231991
8,16,1,ALL17_common,gpt_decode_block,a2fc5b9684596afb701ba56022511f6e9a075f490a9030b3c4cc555b885654e8,True,True,True,13274
8,16,1,ALL17_common,gpt_prefill_block,8a153872e3fbacef8fffea73af765d53cee231025f026d3f2ed25a78db7fc886,True,True,True,1276800
8,16,1,ALL17_common,inception_resnet_v1,f4eb5fbb27af945ea08567c4f2026d04443fe72fd94add86568f148f11547607,True,True,True,828861
8,16,1,ALL17_common,lstm,12b879770ca261450d18737d272468e02438c9a0b8ec779a5f79819b76c28519,True,True,True,31436
8,16,1,ALL17_common,pnasnet,1ae0b5a32c200a35a23ecf3a6874f90e7ae76dce1439693e263b644fd9e083e1,True,True,True,4780895
8,16,1,ALL17_common,resnet101,2f37063ce9d4b9fb9e1f12f4f343007763ef408d7f27e997d30ca0f1f77212ea,True,True,True,968261
8,16,1,ALL17_common,resnet152,d34b763f04de61f55ce483eaea3c71f33d9bc57038d74a59cccc6049265ae425,True,True,True,1437877
8,16,1,ALL17_common,resnet50,d9586dee7c13ebb103155b0a6a8bb2b0bc2dfa8af83f10332f62cbf0c1f89df7,True,True,True,501781
8,16,1,ALL17_common,resnext50,3a2aa7e03bddce7c3de201004e30d4c1acdff8f6fd1daa0e1a90027816f5690e,True,True,True,289777
8,16,1,ALL17_common,transformer,817db136f3e012c4c0348cb6acc9bc52bc59f25d5e9a91a6094235d21d00e31d,True,True,True,3499008
8,16,1,ALL17_common,transformer_cell,a0163ce5001601c5e5ce7f1c3f89633d56c3408b25a42439c058bdff6478d17e,True,True,True,611328
8,16,1,ALL17_common,vgg19,02556a3a4a776ea0f8d1d1ceb85eba00f3c8d83b68cc150930356d3dd281b122,True,True,True,2396884
8,16,1,CNN_common,darknet19,e34517f3801a33b40a3a4003fa37a8b88d178e27ed6a2c55a0a7400f8e9a804a,True,True,True,348781
8,16,1,CNN_common,densenet,6a86c47d89f91371c961c772163ab8c8c194c88133c0316ebf1c24e1350b8ab5,True,True,True,361563
8,16,1,CNN_common,googlenet,10b75e60e197ba806d4d928f2ae033765f2c8cec2ab3a31a43e6e674ffc770cf,True,True,True,231991
8,16,1,CNN_common,inception_resnet_v1,f4eb5fbb27af945ea08567c4f2026d04443fe72fd94add86568f148f11547607,True,True,True,828861
8,16,1,CNN_common,pnasnet,1ae0b5a32c200a35a23ecf3a6874f90e7ae76dce1439693e263b644fd9e083e1,True,True,True,4780895
8,16,1,CNN_common,resnet101,2f37063ce9d4b9fb9e1f12f4f343007763ef408d7f27e997d30ca0f1f77212ea,True,True,True,968261
8,16,1,CNN_common,resnet152,d34b763f04de61f55ce483eaea3c71f33d9bc57038d74a59cccc6049265ae425,True,True,True,1437877
8,16,1,CNN_common,resnet50,d9586dee7c13ebb103155b0a6a8bb2b0bc2dfa8af83f10332f62cbf0c1f89df7,True,True,True,501781
8,16,1,CNN_common,resnext50,3a2aa7e03bddce7c3de201004e30d4c1acdff8f6fd1daa0e1a90027816f5690e,True,True,True,289777
8,16,1,CNN_common,vgg19,02556a3a4a776ea0f8d1d1ceb85eba00f3c8d83b68cc150930356d3dd281b122,True,True,True,2396884
8,16,1,RNN_common,gnmt,f9aa80f2ac8b004f70585cc266b13c836435173c0fa9c76ad2f02d1f1c20c956,True,True,True,31468
8,16,1,RNN_common,lstm,12b879770ca261450d18737d272468e02438c9a0b8ec779a5f79819b76c28519,True,True,True,31436
8,16,1,Transformer_common,bert_block,0e25d76e84fc9dacbc1bcb604827c8cd5976f1b533d7815ad8e88989676ee4cf,True,True,True,669696
8,16,1,Transformer_common,gpt_decode_block,a2fc5b9684596afb701ba56022511f6e9a075f490a9030b3c4cc555b885654e8,True,True,True,13274
8,16,1,Transformer_common,gpt_prefill_block,8a153872e3fbacef8fffea73af765d53cee231025f026d3f2ed25a78db7fc886,True,True,True,1276800
8,16,1,Transformer_common,transformer,817db136f3e012c4c0348cb6acc9bc52bc59f25d5e9a91a6094235d21d00e31d,True,True,True,3499008
8,16,1,Transformer_common,transformer_cell,a0163ce5001601c5e5ce7f1c3f89633d56c3408b25a42439c058bdff6478d17e,True,True,True,611328
8,16,1,individual,bert_block,0e25d76e84fc9dacbc1bcb604827c8cd5976f1b533d7815ad8e88989676ee4cf,True,True,True,669696
8,16,1,individual,darknet19,e34517f3801a33b40a3a4003fa37a8b88d178e27ed6a2c55a0a7400f8e9a804a,True,True,True,348781
8,16,1,individual,densenet,6a86c47d89f91371c961c772163ab8c8c194c88133c0316ebf1c24e1350b8ab5,True,True,True,361563
8,16,1,individual,gnmt,f9aa80f2ac8b004f70585cc266b13c836435173c0fa9c76ad2f02d1f1c20c956,True,True,True,31468
8,16,1,individual,googlenet,10b75e60e197ba806d4d928f2ae033765f2c8cec2ab3a31a43e6e674ffc770cf,True,True,True,231991
8,16,1,individual,gpt_decode_block,a2fc5b9684596afb701ba56022511f6e9a075f490a9030b3c4cc555b885654e8,True,True,True,13274
8,16,1,individual,gpt_prefill_block,8a153872e3fbacef8fffea73af765d53cee231025f026d3f2ed25a78db7fc886,True,True,True,1276800
8,16,1,individual,inception_resnet_v1,f4eb5fbb27af945ea08567c4f2026d04443fe72fd94add86568f148f11547607,True,True,True,828861
8,16,1,individual,lstm,12b879770ca261450d18737d272468e02438c9a0b8ec779a5f79819b76c28519,True,True,True,31436
8,16,1,individual,pnasnet,1ae0b5a32c200a35a23ecf3a6874f90e7ae76dce1439693e263b644fd9e083e1,True,True,True,4780895
8,16,1,individual,resnet101,2f37063ce9d4b9fb9e1f12f4f343007763ef408d7f27e997d30ca0f1f77212ea,True,True,True,968261
8,16,1,individual,resnet152,d34b763f04de61f55ce483eaea3c71f33d9bc57038d74a59cccc6049265ae425,True,True,True,1437877
8,16,1,individual,resnet50,d9586dee7c13ebb103155b0a6a8bb2b0bc2dfa8af83f10332f62cbf0c1f89df7,True,True,True,501781
8,16,1,individual,resnext50,3a2aa7e03bddce7c3de201004e30d4c1acdff8f6fd1daa0e1a90027816f5690e,True,True,True,289777
8,16,1,individual,transformer,817db136f3e012c4c0348cb6acc9bc52bc59f25d5e9a91a6094235d21d00e31d,True,True,True,3499008
8,16,1,individual,transformer_cell,a0163ce5001601c5e5ce7f1c3f89633d56c3408b25a42439c058bdff6478d17e,True,True,True,611328
8,16,1,individual,vgg19,02556a3a4a776ea0f8d1d1ceb85eba00f3c8d83b68cc150930356d3dd281b122,True,True,True,2396884
8,16,16,ALL17_common,bert_block,96366a72df312e88affddc1a3b02eb1bd0192c12caafee885c3024d7157d8d27,True,True,True,49632
8,16,16,ALL17_common,darknet19,16c07e40e74fc58e9908b6b778a584cc5839170b80cf9e5ba0561ed0fceee0df,True,True,True,25900
8,16,16,ALL17_common,densenet,cb170db5f46465d8da0d5cc37c53205664adccd8394cfa8b54d7a1a6c6492325,True,True,True,31905
8,16,16,ALL17_common,gnmt,f2533481c7bcb2bf05bf2c2da525a624dbd87c69f9e26294f082a175cdcbe63c,True,True,True,34918
8,16,16,ALL17_common,googlenet,18183a900ea2f4ed31abe6c1fa1a426ca50cdf8e57e00257750b1df52df39eaf,True,True,True,18887
8,16,16,ALL17_common,gpt_decode_block,dc0f1f50609063ab0a68f3028b5f68c90455b2761e22839961d5697a8faff48e,True,True,True,7571
8,16,16,ALL17_common,gpt_prefill_block,4cdbd5f8bbcd8489acdc52bf84eedc239f7c18823d49556f6d2ac959a4a06c89,True,True,True,92503
8,16,16,ALL17_common,inception_resnet_v1,8971305db33408bde11bb2d8415930b4e1cefebd260e5c9629b7fa3206e408fd,True,True,True,84514
8,16,16,ALL17_common,lstm,f77ee1dddb1e9e6a9ed52813d7cad09f82a304f4afd9fac11ef29ad7a9bac2e3,True,True,True,47508
8,16,16,ALL17_common,pnasnet,161ae541817fea502aae605110452a21de0451eb25dab2f446f9745839da084f,True,True,True,424661
8,16,16,ALL17_common,resnet101,6b363728928f7f35647d028e21067798da046450ac59c73a8a2e65a042e6230e,True,True,True,79398
8,16,16,ALL17_common,resnet152,39c585c395f87574adf95a76b355c1bff52ea4b7fe18a5f98f2197d380195075,True,True,True,116486
8,16,16,ALL17_common,resnet50,2ee7c37da3e728afbe323da349305ce2ce54840de119c8051810b53698ce747c,True,True,True,42643
8,16,16,ALL17_common,resnext50,8efb7a4e03bc25bea908293dcacc34034aabd7a6ce3c6f583da3dac288833870,True,True,True,27498
8,16,16,ALL17_common,transformer,9dc3cfa9067f8f321a1c4acd3fb7ec7047c914c9dc5dad018f75aff6c6b582ca,True,True,True,282352
8,16,16,ALL17_common,transformer_cell,23dc196ac62b49b4aa8702b6c7830984d4b3b213a3a3e1be574e9c28ea00ef3d,True,True,True,49192
8,16,16,ALL17_common,vgg19,04e2b8dcf7e09c8e1bc73878486f3df681a6bb4340ce0cc45f9eed64b3572fdf,True,True,True,155197
8,16,16,CNN_common,darknet19,16c07e40e74fc58e9908b6b778a584cc5839170b80cf9e5ba0561ed0fceee0df,True,True,True,25900
8,16,16,CNN_common,densenet,cb170db5f46465d8da0d5cc37c53205664adccd8394cfa8b54d7a1a6c6492325,True,True,True,31905
8,16,16,CNN_common,googlenet,18183a900ea2f4ed31abe6c1fa1a426ca50cdf8e57e00257750b1df52df39eaf,True,True,True,18887
8,16,16,CNN_common,inception_resnet_v1,8971305db33408bde11bb2d8415930b4e1cefebd260e5c9629b7fa3206e408fd,True,True,True,84514
8,16,16,CNN_common,pnasnet,161ae541817fea502aae605110452a21de0451eb25dab2f446f9745839da084f,True,True,True,424661
8,16,16,CNN_common,resnet101,6b363728928f7f35647d028e21067798da046450ac59c73a8a2e65a042e6230e,True,True,True,79398
8,16,16,CNN_common,resnet152,39c585c395f87574adf95a76b355c1bff52ea4b7fe18a5f98f2197d380195075,True,True,True,116486
8,16,16,CNN_common,resnet50,2ee7c37da3e728afbe323da349305ce2ce54840de119c8051810b53698ce747c,True,True,True,42643
8,16,16,CNN_common,resnext50,8efb7a4e03bc25bea908293dcacc34034aabd7a6ce3c6f583da3dac288833870,True,True,True,27498
8,16,16,CNN_common,vgg19,04e2b8dcf7e09c8e1bc73878486f3df681a6bb4340ce0cc45f9eed64b3572fdf,True,True,True,155197
8,16,16,RNN_common,gnmt,f2533481c7bcb2bf05bf2c2da525a624dbd87c69f9e26294f082a175cdcbe63c,True,True,True,34918
8,16,16,RNN_common,lstm,f77ee1dddb1e9e6a9ed52813d7cad09f82a304f4afd9fac11ef29ad7a9bac2e3,True,True,True,47508
8,16,16,Transformer_common,bert_block,96366a72df312e88affddc1a3b02eb1bd0192c12caafee885c3024d7157d8d27,True,True,True,49632
8,16,16,Transformer_common,gpt_decode_block,dc0f1f50609063ab0a68f3028b5f68c90455b2761e22839961d5697a8faff48e,True,True,True,7571
8,16,16,Transformer_common,gpt_prefill_block,4cdbd5f8bbcd8489acdc52bf84eedc239f7c18823d49556f6d2ac959a4a06c89,True,True,True,92503
8,16,16,Transformer_common,transformer,9dc3cfa9067f8f321a1c4acd3fb7ec7047c914c9dc5dad018f75aff6c6b582ca,True,True,True,282352
8,16,16,Transformer_common,transformer_cell,23dc196ac62b49b4aa8702b6c7830984d4b3b213a3a3e1be574e9c28ea00ef3d,True,True,True,49192
8,16,16,individual,bert_block,96366a72df312e88affddc1a3b02eb1bd0192c12caafee885c3024d7157d8d27,True,True,True,49632
8,16,16,individual,darknet19,16c07e40e74fc58e9908b6b778a584cc5839170b80cf9e5ba0561ed0fceee0df,True,True,True,25900
8,16,16,individual,densenet,cb170db5f46465d8da0d5cc37c53205664adccd8394cfa8b54d7a1a6c6492325,True,True,True,31905
8,16,16,individual,gnmt,f2533481c7bcb2bf05bf2c2da525a624dbd87c69f9e26294f082a175cdcbe63c,True,True,True,34918
8,16,16,individual,googlenet,18183a900ea2f4ed31abe6c1fa1a426ca50cdf8e57e00257750b1df52df39eaf,True,True,True,18887
8,16,16,individual,gpt_decode_block,dc0f1f50609063ab0a68f3028b5f68c90455b2761e22839961d5697a8faff48e,True,True,True,7571
8,16,16,individual,gpt_prefill_block,4cdbd5f8bbcd8489acdc52bf84eedc239f7c18823d49556f6d2ac959a4a06c89,True,True,True,92503
8,16,16,individual,inception_resnet_v1,8971305db33408bde11bb2d8415930b4e1cefebd260e5c9629b7fa3206e408fd,True,True,True,84514
8,16,16,individual,lstm,f77ee1dddb1e9e6a9ed52813d7cad09f82a304f4afd9fac11ef29ad7a9bac2e3,True,True,True,47508
8,16,16,individual,pnasnet,161ae541817fea502aae605110452a21de0451eb25dab2f446f9745839da084f,True,True,True,424661
8,16,16,individual,resnet101,6b363728928f7f35647d028e21067798da046450ac59c73a8a2e65a042e6230e,True,True,True,79398
8,16,16,individual,resnet152,39c585c395f87574adf95a76b355c1bff52ea4b7fe18a5f98f2197d380195075,True,True,True,116486
8,16,16,individual,resnet50,2ee7c37da3e728afbe323da349305ce2ce54840de119c8051810b53698ce747c,True,True,True,42643
8,16,16,individual,resnext50,8efb7a4e03bc25bea908293dcacc34034aabd7a6ce3c6f583da3dac288833870,True,True,True,27498
8,16,16,individual,transformer,9dc3cfa9067f8f321a1c4acd3fb7ec7047c914c9dc5dad018f75aff6c6b582ca,True,True,True,282352
8,16,16,individual,transformer_cell,23dc196ac62b49b4aa8702b6c7830984d4b3b213a3a3e1be574e9c28ea00ef3d,True,True,True,49192
8,16,16,individual,vgg19,04e2b8dcf7e09c8e1bc73878486f3df681a6bb4340ce0cc45f9eed64b3572fdf,True,True,True,155197
8,16,4,ALL17_common,bert_block,130b9f54aef199dedd1969d61e62407fdb1e3754ab9a13566144454a3d54e5a2,True,True,True,169984
8,16,4,ALL17_common,darknet19,e51a719a0a8081a475dc2fd20ed8389c67bc9edd423e5379a8ba0f4a26bc364d,True,True,True,90892
8,16,4,ALL17_common,densenet,a8eb6442a987026511ff1093b771336676ce45309539dc7626ebfcda4243ccf9,True,True,True,96246
8,16,4,ALL17_common,gnmt,04eb65852d7cc6a7eaf456ad6436fcfed3c88233218c407b51420783322b8ecf,True,True,True,29942
8,16,4,ALL17_common,googlenet,c3f9c9e23cdcf37b7cf5ee94d885c593ae540fd710fe6cebe045e9e16c816f9d,True,True,True,62110
8,16,4,ALL17_common,gpt_decode_block,bef37ac168bbf76281f237633516220b3c097d7b0b73edba3b289efeef478ece,True,True,True,11244
8,16,4,ALL17_common,gpt_prefill_block,bc5c639bd9604879570194a5f3697215cf16028e8b277ad8d1e2f16a28b24cae,True,True,True,323200
8,16,4,ALL17_common,inception_resnet_v1,70430177ad5f3e277f0d6235b9fa8a05549767add45f129878163b5b53f6f5ae,True,True,True,227352
8,16,4,ALL17_common,lstm,eca71f260d09ccf7e170a1a0f0be7da5529706c510c0830741b1882afb4c3d77,True,True,True,30327
8,16,4,ALL17_common,pnasnet,71ab0ec1e444a403a5d80b5087181f8aeebd9928f499cae3235c183f7160cd79,True,True,True,1287329
8,16,4,ALL17_common,resnet101,f527a913986c6babcf360d576479af6664152693331da80049b56976e4f90e2f,True,True,True,261395
8,16,4,ALL17_common,resnet152,9a4a106c0f5e0219d828019bc96de66a4711b689e9819e854c1dfe48270a40e8,True,True,True,388262
8,16,4,ALL17_common,resnet50,ffd2a81e0e74ff3a6c5fda9325b5d46fa13798ac5ddb7968be3322a26cfc13d8,True,True,True,132399
8,16,4,ALL17_common,resnext50,4467f984a072d65b2b3770a2f227fc1cb3e4a2017990b92277a55fa7aa4820b3,True,True,True,74988
8,16,4,ALL17_common,transformer,b0d24c97dbed74bbbd495c6dcf1999452a919fb590a0929b8fc09640a649bc7e,True,True,True,898048
8,16,4,ALL17_common,transformer_cell,bc13290724dff92acc57e61c7a56c3254a66ab0ce9bffbe47f9eaeb1d267113d,True,True,True,156928
8,16,4,ALL17_common,vgg19,4ab4a9470720e877c514f35aff61a31fa8599a40e1964ce68311578230a44e9e,True,True,True,599221
8,16,4,CNN_common,darknet19,e51a719a0a8081a475dc2fd20ed8389c67bc9edd423e5379a8ba0f4a26bc364d,True,True,True,90892
8,16,4,CNN_common,densenet,a8eb6442a987026511ff1093b771336676ce45309539dc7626ebfcda4243ccf9,True,True,True,96246
8,16,4,CNN_common,googlenet,c3f9c9e23cdcf37b7cf5ee94d885c593ae540fd710fe6cebe045e9e16c816f9d,True,True,True,62110
8,16,4,CNN_common,inception_resnet_v1,70430177ad5f3e277f0d6235b9fa8a05549767add45f129878163b5b53f6f5ae,True,True,True,227352
8,16,4,CNN_common,pnasnet,71ab0ec1e444a403a5d80b5087181f8aeebd9928f499cae3235c183f7160cd79,True,True,True,1287329
8,16,4,CNN_common,resnet101,f527a913986c6babcf360d576479af6664152693331da80049b56976e4f90e2f,True,True,True,261395
8,16,4,CNN_common,resnet152,9a4a106c0f5e0219d828019bc96de66a4711b689e9819e854c1dfe48270a40e8,True,True,True,388262
8,16,4,CNN_common,resnet50,ffd2a81e0e74ff3a6c5fda9325b5d46fa13798ac5ddb7968be3322a26cfc13d8,True,True,True,132399
8,16,4,CNN_common,resnext50,4467f984a072d65b2b3770a2f227fc1cb3e4a2017990b92277a55fa7aa4820b3,True,True,True,74988
8,16,4,CNN_common,vgg19,4ab4a9470720e877c514f35aff61a31fa8599a40e1964ce68311578230a44e9e,True,True,True,599221
8,16,4,RNN_common,gnmt,04eb65852d7cc6a7eaf456ad6436fcfed3c88233218c407b51420783322b8ecf,True,True,True,29942
8,16,4,RNN_common,lstm,eca71f260d09ccf7e170a1a0f0be7da5529706c510c0830741b1882afb4c3d77,True,True,True,30327
8,16,4,Transformer_common,bert_block,130b9f54aef199dedd1969d61e62407fdb1e3754ab9a13566144454a3d54e5a2,True,True,True,169984
8,16,4,Transformer_common,gpt_decode_block,bef37ac168bbf76281f237633516220b3c097d7b0b73edba3b289efeef478ece,True,True,True,11244
8,16,4,Transformer_common,gpt_prefill_block,bc5c639bd9604879570194a5f3697215cf16028e8b277ad8d1e2f16a28b24cae,True,True,True,323200
8,16,4,Transformer_common,transformer,b0d24c97dbed74bbbd495c6dcf1999452a919fb590a0929b8fc09640a649bc7e,True,True,True,898048
8,16,4,Transformer_common,transformer_cell,bc13290724dff92acc57e61c7a56c3254a66ab0ce9bffbe47f9eaeb1d267113d,True,True,True,156928
8,16,4,individual,bert_block,130b9f54aef199dedd1969d61e62407fdb1e3754ab9a13566144454a3d54e5a2,True,True,True,169984
8,16,4,individual,darknet19,e51a719a0a8081a475dc2fd20ed8389c67bc9edd423e5379a8ba0f4a26bc364d,True,True,True,90892
8,16,4,individual,densenet,a8eb6442a987026511ff1093b771336676ce45309539dc7626ebfcda4243ccf9,True,True,True,96246
8,16,4,individual,gnmt,04eb65852d7cc6a7eaf456ad6436fcfed3c88233218c407b51420783322b8ecf,True,True,True,29942
8,16,4,individual,googlenet,c3f9c9e23cdcf37b7cf5ee94d885c593ae540fd710fe6cebe045e9e16c816f9d,True,True,True,62110
8,16,4,individual,gpt_decode_block,bef37ac168bbf76281f237633516220b3c097d7b0b73edba3b289efeef478ece,True,True,True,11244
8,16,4,individual,gpt_prefill_block,bc5c639bd9604879570194a5f3697215cf16028e8b277ad8d1e2f16a28b24cae,True,True,True,323200
8,16,4,individual,inception_resnet_v1,70430177ad5f3e277f0d6235b9fa8a05549767add45f129878163b5b53f6f5ae,True,True,True,227352
8,16,4,individual,lstm,eca71f260d09ccf7e170a1a0f0be7da5529706c510c0830741b1882afb4c3d77,True,True,True,30327
8,16,4,individual,pnasnet,71ab0ec1e444a403a5d80b5087181f8aeebd9928f499cae3235c183f7160cd79,True,True,True,1287329
8,16,4,individual,resnet101,f527a913986c6babcf360d576479af6664152693331da80049b56976e4f90e2f,True,True,True,261395
8,16,4,individual,resnet152,9a4a106c0f5e0219d828019bc96de66a4711b689e9819e854c1dfe48270a40e8,True,True,True,388262
8,16,4,individual,resnet50,ffd2a81e0e74ff3a6c5fda9325b5d46fa13798ac5ddb7968be3322a26cfc13d8,True,True,True,132399
8,16,4,individual,resnext50,4467f984a072d65b2b3770a2f227fc1cb3e4a2017990b92277a55fa7aa4820b3,True,True,True,74988
8,16,4,individual,transformer,b0d24c97dbed74bbbd495c6dcf1999452a919fb590a0929b8fc09640a649bc7e,True,True,True,898048
8,16,4,individual,transformer_cell,bc13290724dff92acc57e61c7a56c3254a66ab0ce9bffbe47f9eaeb1d267113d,True,True,True,156928
8,16,4,individual,vgg19,4ab4a9470720e877c514f35aff61a31fa8599a40e1964ce68311578230a44e9e,True,True,True,599221
8,256,1,ALL17_common,bert_block,ea70baa9c69b0add137f899726183dd4f6354d4e3aa9dc4603528cc9944b0c7d,True,True,True,49152
8,256,1,ALL17_common,darknet19,b8e269e8c4505292a5ac6f5b9641fd1b1ced98b9c09b46c9a690e338bb691858,True,True,True,25808
8,256,1,ALL17_common,densenet,f82e20c9d29aee2ff64774717992be1f13943c8f6280a0f737fa83254f1e9cf3,True,True,True,31321
8,256,1,ALL17_common,gnmt,96f7ef3c86546a83f1d65c6241ccddf50ca39e2695f23e7552acf37e5621f020,True,True,True,15682
8,256,1,ALL17_common,googlenet,9dab9309127371de91ee42c6a35280f708f873db4748767be7e909b69e4902ac,True,True,True,18117
8,256,1,ALL17_common,gpt_decode_block,f3928b7592469418338f5157fefcd4205dbe56a0bc90b9c49cc29ece2e6b0103,True,True,True,6083
8,256,1,ALL17_common,gpt_prefill_block,57f7993605619202fdc55fbb86ac71bf280d56683335fccfe262260ff61f4df5,True,True,True,91200
8,256,1,ALL17_common,inception_resnet_v1,628c138fd0b15207e45c49a5fa69a387c895e7b9b8d25066c50b1b82bf967a97,True,True,True,82732
8,256,1,ALL17_common,lstm,3faf3b752840c45c9323112d25a75ded538609a5ee4d99ddacfc477827e88784,True,True,True,15666
8,256,1,ALL17_common,pnasnet,54561230c4fd7f9cee63ff3a8e06d947ad2435e006f7b37ac9f4e0469d84fd0c,True,True,True,422995
8,256,1,ALL17_common,resnet101,a22918f46aa7accf206d7dcc4edfbad514c2a08d075eec0cfc6e8ac151e70ce0,True,True,True,77488
8,256,1,ALL17_common,resnet152,9b2ad633037c9508469942e08f2895287a57d12d061941d0023c12e429664617,True,True,True,113748
8,256,1,ALL17_common,resnet50,43c29ec6bb5dbe12216eef298e10577c9a769a71188652bfca874fad90a7214b,True,True,True,41788
8,256,1,ALL17_common,resnext50,7285e9c27a7d617213aeaa0ad5265550d55403357c79c69189c7e991e1662c7c,True,True,True,26619
8,256,1,ALL17_common,transformer,f714c1a67a7a88df1405f650be7562b3f5221a7fb1f94d269038d15dfa4f952c,True,True,True,280192
8,256,1,ALL17_common,transformer_cell,1165a3a13f76f935831e5357dcc0c5db92a275ffefa3488285445994cd30c7df,True,True,True,48832
8,256,1,ALL17_common,vgg19,e49ba3485874c246f689c2ff34bf69146dd84934ec5411ea0b5754adbc0dc967,True,True,True,155197
8,256,1,CNN_common,darknet19,b8e269e8c4505292a5ac6f5b9641fd1b1ced98b9c09b46c9a690e338bb691858,True,True,True,25808
8,256,1,CNN_common,densenet,f82e20c9d29aee2ff64774717992be1f13943c8f6280a0f737fa83254f1e9cf3,True,True,True,31321
8,256,1,CNN_common,googlenet,9dab9309127371de91ee42c6a35280f708f873db4748767be7e909b69e4902ac,True,True,True,18117
8,256,1,CNN_common,inception_resnet_v1,628c138fd0b15207e45c49a5fa69a387c895e7b9b8d25066c50b1b82bf967a97,True,True,True,82732
8,256,1,CNN_common,pnasnet,54561230c4fd7f9cee63ff3a8e06d947ad2435e006f7b37ac9f4e0469d84fd0c,True,True,True,422995
8,256,1,CNN_common,resnet101,a22918f46aa7accf206d7dcc4edfbad514c2a08d075eec0cfc6e8ac151e70ce0,True,True,True,77488
8,256,1,CNN_common,resnet152,9b2ad633037c9508469942e08f2895287a57d12d061941d0023c12e429664617,True,True,True,113748
8,256,1,CNN_common,resnet50,43c29ec6bb5dbe12216eef298e10577c9a769a71188652bfca874fad90a7214b,True,True,True,41788
8,256,1,CNN_common,resnext50,7285e9c27a7d617213aeaa0ad5265550d55403357c79c69189c7e991e1662c7c,True,True,True,26619
8,256,1,CNN_common,vgg19,e49ba3485874c246f689c2ff34bf69146dd84934ec5411ea0b5754adbc0dc967,True,True,True,155197
8,256,1,RNN_common,gnmt,96f7ef3c86546a83f1d65c6241ccddf50ca39e2695f23e7552acf37e5621f020,True,True,True,15682
8,256,1,RNN_common,lstm,3faf3b752840c45c9323112d25a75ded538609a5ee4d99ddacfc477827e88784,True,True,True,15666
8,256,1,Transformer_common,bert_block,ea70baa9c69b0add137f899726183dd4f6354d4e3aa9dc4603528cc9944b0c7d,True,True,True,49152
8,256,1,Transformer_common,gpt_decode_block,f3928b7592469418338f5157fefcd4205dbe56a0bc90b9c49cc29ece2e6b0103,True,True,True,6083
8,256,1,Transformer_common,gpt_prefill_block,57f7993605619202fdc55fbb86ac71bf280d56683335fccfe262260ff61f4df5,True,True,True,91200
8,256,1,Transformer_common,transformer,f714c1a67a7a88df1405f650be7562b3f5221a7fb1f94d269038d15dfa4f952c,True,True,True,280192
8,256,1,Transformer_common,transformer_cell,1165a3a13f76f935831e5357dcc0c5db92a275ffefa3488285445994cd30c7df,True,True,True,48832
8,256,1,individual,bert_block,ea70baa9c69b0add137f899726183dd4f6354d4e3aa9dc4603528cc9944b0c7d,True,True,True,49152
8,256,1,individual,darknet19,b8e269e8c4505292a5ac6f5b9641fd1b1ced98b9c09b46c9a690e338bb691858,True,True,True,25808
8,256,1,individual,densenet,f82e20c9d29aee2ff64774717992be1f13943c8f6280a0f737fa83254f1e9cf3,True,True,True,31321
8,256,1,individual,gnmt,96f7ef3c86546a83f1d65c6241ccddf50ca39e2695f23e7552acf37e5621f020,True,True,True,15682
8,256,1,individual,googlenet,9dab9309127371de91ee42c6a35280f708f873db4748767be7e909b69e4902ac,True,True,True,18117
8,256,1,individual,gpt_decode_block,f3928b7592469418338f5157fefcd4205dbe56a0bc90b9c49cc29ece2e6b0103,True,True,True,6083
8,256,1,individual,gpt_prefill_block,57f7993605619202fdc55fbb86ac71bf280d56683335fccfe262260ff61f4df5,True,True,True,91200
8,256,1,individual,inception_resnet_v1,628c138fd0b15207e45c49a5fa69a387c895e7b9b8d25066c50b1b82bf967a97,True,True,True,82732
8,256,1,individual,lstm,3faf3b752840c45c9323112d25a75ded538609a5ee4d99ddacfc477827e88784,True,True,True,15666
8,256,1,individual,pnasnet,54561230c4fd7f9cee63ff3a8e06d947ad2435e006f7b37ac9f4e0469d84fd0c,True,True,True,422995
8,256,1,individual,resnet101,a22918f46aa7accf206d7dcc4edfbad514c2a08d075eec0cfc6e8ac151e70ce0,True,True,True,77488
8,256,1,individual,resnet152,9b2ad633037c9508469942e08f2895287a57d12d061941d0023c12e429664617,True,True,True,113748
8,256,1,individual,resnet50,43c29ec6bb5dbe12216eef298e10577c9a769a71188652bfca874fad90a7214b,True,True,True,41788
8,256,1,individual,resnext50,7285e9c27a7d617213aeaa0ad5265550d55403357c79c69189c7e991e1662c7c,True,True,True,26619
8,256,1,individual,transformer,f714c1a67a7a88df1405f650be7562b3f5221a7fb1f94d269038d15dfa4f952c,True,True,True,280192
8,256,1,individual,transformer_cell,1165a3a13f76f935831e5357dcc0c5db92a275ffefa3488285445994cd30c7df,True,True,True,48832
8,256,1,individual,vgg19,e49ba3485874c246f689c2ff34bf69146dd84934ec5411ea0b5754adbc0dc967,True,True,True,155197
8,256,16,RNN_common,gnmt,94124195a15ca9ff78573a8430bfbf596ab8d87db1f09cc27da592689dd25045,True,True,True,15706
8,256,16,RNN_common,lstm,5d1db20915ee31e6b857fc1a968ae861843fc6132af9883ba5f7ea51527be86f,True,True,True,19225
8,256,16,individual,gnmt,94124195a15ca9ff78573a8430bfbf596ab8d87db1f09cc27da592689dd25045,True,True,True,15706
8,256,16,individual,lstm,5d1db20915ee31e6b857fc1a968ae861843fc6132af9883ba5f7ea51527be86f,True,True,True,19225
8,256,4,ALL17_common,bert_block,8165e8b03dab4ebca1aa520955f3e066a49494e3f4050911eab4d54e58d51beb,True,True,True,19762
8,256,4,ALL17_common,darknet19,25d9eb3ec572f3aa0ea64c05e6a8e3f9994b851ecba71940ea5d8f4dc82fc2bf,True,True,True,10642
8,256,4,ALL17_common,densenet,e604230a7cdd3c08c1ee11a94a499599e1d9e7b4fc2b290b53372fcfdfe026cb,True,True,True,21313
8,256,4,ALL17_common,gnmt,0ed27d461fbc9da18682b646c01e6792df527d69938b2c9c57840cfc3ad3e41f,True,True,True,15698
8,256,4,ALL17_common,googlenet,39fdc190732e26dfd5c950d231fd2706f4d9d7715e3bdac9735c0c2579a174e9,True,True,True,10450
8,256,4,ALL17_common,gpt_decode_block,0a87cd685f5d8ea1cf84658f02290606be28775b4cb6595235a1508bcf4a5126,True,True,True,6173
8,256,4,ALL17_common,gpt_prefill_block,7853d195b50d6c8f757d699d73beb224774e5e31003748b3aebbe52753ff04ab,True,True,True,35184
8,256,4,ALL17_common,inception_resnet_v1,be059babdaee24d8c54496109e40196b5571a092e74a508ca5c82beeb2ccc615,True,True,True,51582
8,256,4,ALL17_common,lstm,8a0a58522162171944696aa7cc672d4267768d8e2841e41bb013d71be83e9227,True,True,True,15664
8,256,4,ALL17_common,pnasnet,ebb585617daffc60e74b9cfa54b254d9a3d818ddfa2b1df679321e88bec6fa21,True,True,True,207245
8,256,4,ALL17_common,resnet101,d741f5ec21b77c7668e58b42e07a444ddc99cb45625ff054a5dd23f8522724d2,True,True,True,45322
8,256,4,ALL17_common,resnet152,4f21ce6674fd227e1df26520deb1a968133840745f3f3f66cb0ceb5e4d7bc4d1,True,True,True,64800
8,256,4,ALL17_common,resnet50,4ca71c620c2d26e3df59b71ec865efb95956fd2ed72452d5bdcf9939ffc31805,True,True,True,26325
8,256,4,ALL17_common,resnext50,c2d259b41c8d78646fe47429849ebe5425a06f4468824513cfc5aae54ec47b8d,True,True,True,21656
8,256,4,ALL17_common,transformer,73f17a81a8748686784e51c42ac34aa3fb99917fa84adf48af17cbaca0b7e501,True,True,True,161089
8,256,4,ALL17_common,transformer_cell,c00b08a1f126f7bafcb7dabe9575e8b37b5bb60239f44f93e89752bce66cbc6c,True,True,True,27809
8,256,4,ALL17_common,vgg19,8e9c85bda716bb7ca751bd9d0b37f175f91273eb69444186d98984e6c211a644,True,True,True,46656
8,256,4,CNN_common,darknet19,25d9eb3ec572f3aa0ea64c05e6a8e3f9994b851ecba71940ea5d8f4dc82fc2bf,True,True,True,10642
8,256,4,CNN_common,densenet,e604230a7cdd3c08c1ee11a94a499599e1d9e7b4fc2b290b53372fcfdfe026cb,True,True,True,21313
8,256,4,CNN_common,googlenet,39fdc190732e26dfd5c950d231fd2706f4d9d7715e3bdac9735c0c2579a174e9,True,True,True,10450
8,256,4,CNN_common,inception_resnet_v1,be059babdaee24d8c54496109e40196b5571a092e74a508ca5c82beeb2ccc615,True,True,True,51582
8,256,4,CNN_common,pnasnet,ebb585617daffc60e74b9cfa54b254d9a3d818ddfa2b1df679321e88bec6fa21,True,True,True,207245
8,256,4,CNN_common,resnet101,d741f5ec21b77c7668e58b42e07a444ddc99cb45625ff054a5dd23f8522724d2,True,True,True,45322
8,256,4,CNN_common,resnet152,4f21ce6674fd227e1df26520deb1a968133840745f3f3f66cb0ceb5e4d7bc4d1,True,True,True,64800
8,256,4,CNN_common,resnet50,4ca71c620c2d26e3df59b71ec865efb95956fd2ed72452d5bdcf9939ffc31805,True,True,True,26325
8,256,4,CNN_common,resnext50,c2d259b41c8d78646fe47429849ebe5425a06f4468824513cfc5aae54ec47b8d,True,True,True,21656
8,256,4,CNN_common,vgg19,8e9c85bda716bb7ca751bd9d0b37f175f91273eb69444186d98984e6c211a644,True,True,True,46656
8,256,4,RNN_common,gnmt,0ed27d461fbc9da18682b646c01e6792df527d69938b2c9c57840cfc3ad3e41f,True,True,True,15698
8,256,4,RNN_common,lstm,8a0a58522162171944696aa7cc672d4267768d8e2841e41bb013d71be83e9227,True,True,True,15664
8,256,4,Transformer_common,bert_block,8165e8b03dab4ebca1aa520955f3e066a49494e3f4050911eab4d54e58d51beb,True,True,True,19762
8,256,4,Transformer_common,gpt_decode_block,0a87cd685f5d8ea1cf84658f02290606be28775b4cb6595235a1508bcf4a5126,True,True,True,6173
8,256,4,Transformer_common,gpt_prefill_block,7853d195b50d6c8f757d699d73beb224774e5e31003748b3aebbe52753ff04ab,True,True,True,35184
8,256,4,Transformer_common,transformer,73f17a81a8748686784e51c42ac34aa3fb99917fa84adf48af17cbaca0b7e501,True,True,True,161089
8,256,4,Transformer_common,transformer_cell,c00b08a1f126f7bafcb7dabe9575e8b37b5bb60239f44f93e89752bce66cbc6c,True,True,True,27809
8,256,4,individual,bert_block,8165e8b03dab4ebca1aa520955f3e066a49494e3f4050911eab4d54e58d51beb,True,True,True,19762
8,256,4,individual,darknet19,25d9eb3ec572f3aa0ea64c05e6a8e3f9994b851ecba71940ea5d8f4dc82fc2bf,True,True,True,10642
8,256,4,individual,densenet,e604230a7cdd3c08c1ee11a94a499599e1d9e7b4fc2b290b53372fcfdfe026cb,True,True,True,21313
8,256,4,individual,gnmt,0ed27d461fbc9da18682b646c01e6792df527d69938b2c9c57840cfc3ad3e41f,True,True,True,15698
8,256,4,individual,googlenet,39fdc190732e26dfd5c950d231fd2706f4d9d7715e3bdac9735c0c2579a174e9,True,True,True,10450
8,256,4,individual,gpt_decode_block,0a87cd685f5d8ea1cf84658f02290606be28775b4cb6595235a1508bcf4a5126,True,True,True,6173
8,256,4,individual,gpt_prefill_block,7853d195b50d6c8f757d699d73beb224774e5e31003748b3aebbe52753ff04ab,True,True,True,35184
8,256,4,individual,inception_resnet_v1,be059babdaee24d8c54496109e40196b5571a092e74a508ca5c82beeb2ccc615,True,True,True,51582
8,256,4,individual,lstm,8a0a58522162171944696aa7cc672d4267768d8e2841e41bb013d71be83e9227,True,True,True,15664
8,256,4,individual,pnasnet,ebb585617daffc60e74b9cfa54b254d9a3d818ddfa2b1df679321e88bec6fa21,True,True,True,207245
8,256,4,individual,resnet101,d741f5ec21b77c7668e58b42e07a444ddc99cb45625ff054a5dd23f8522724d2,True,True,True,45322
8,256,4,individual,resnet152,4f21ce6674fd227e1df26520deb1a968133840745f3f3f66cb0ceb5e4d7bc4d1,True,True,True,64800
8,256,4,individual,resnet50,4ca71c620c2d26e3df59b71ec865efb95956fd2ed72452d5bdcf9939ffc31805,True,True,True,26325
8,256,4,individual,resnext50,c2d259b41c8d78646fe47429849ebe5425a06f4468824513cfc5aae54ec47b8d,True,True,True,21656
8,256,4,individual,transformer,73f17a81a8748686784e51c42ac34aa3fb99917fa84adf48af17cbaca0b7e501,True,True,True,161089
8,256,4,individual,transformer_cell,c00b08a1f126f7bafcb7dabe9575e8b37b5bb60239f44f93e89752bce66cbc6c,True,True,True,27809
8,256,4,individual,vgg19,8e9c85bda716bb7ca751bd9d0b37f175f91273eb69444186d98984e6c211a644,True,True,True,46656
8,32,1,ALL17_common,bert_block,151f284cda79f191b443927a88daec03b8a7228cb8a1c1c6670f2ed8a063b195,True,True,True,334848
8,32,1,ALL17_common,darknet19,b36066763db9e0b8f9ca4bcd3ff72b7c59853ce788459bee73b8e0acb58420f5,True,True,True,174839
8,32,1,ALL17_common,densenet,333b72e0012aa388dcdae618d08f405a00630bab698d59b2fe0785c455a0bf91,True,True,True,187082
8,32,1,ALL17_common,gnmt,2d48458bffb1ccb03f97849d25c2d7ecde91a59c981992efd56fca6f57d0a414,True,True,True,15730
8,32,1,ALL17_common,googlenet,d252fa0a884c7cae000966890b22c1109d39275e5dae6fddfe3409023aee4ce1,True,True,True,117624
8,32,1,ALL17_common,gpt_decode_block,8e43081f4ad51a421116cc4f4eb90e178e554cccf95ad33bc525e2ce8b53272d,True,True,True,8242
8,32,1,ALL17_common,gpt_prefill_block,fc1ff0dbd9d639580dae2e0797a8e66faaa14c98ee6ca4e4276f32cc79946461,True,True,True,638400
8,32,1,ALL17_common,inception_resnet_v1,de0734c9cdaaec62d9fa0271d3035460f060275d3a11bc0ea5c6cbf77a26e265,True,True,True,428640
8,32,1,ALL17_common,lstm,b922596fbe13fe439689d9dc76ebf29e15f398c3c00789a5b8ea56dec12b2715,True,True,True,15714
8,32,1,ALL17_common,pnasnet,33461db4219d9a125d97e9d3fbee769eefccff58026f32491d6b610973bdf6d3,True,True,True,2464435
8,32,1,ALL17_common,resnet101,484c35927bde7ad16b7ecf3e03f92a6f92a2db7f56681b8e41264363e27d0216,True,True,True,488275
8,32,1,ALL17_common,resnet152,55876885fae274c5b4e0d4a06a2c23ec34da7b0d90519f08c8faccd857767c83,True,True,True,723083
8,32,1,ALL17_common,resnet50,d96e3260ff51011ee1995d4e02543c8dd51a5fbe6b1af968e3918b52e8022928,True,True,True,255035
8,32,1,ALL17_common,resnext50,b0c5d6b16fdd501a6a6915f0c860383549f3b5202bb2675760b1814bc42a8ae5,True,True,True,146009
8,32,1,ALL17_common,transformer,fbc7c109f7ccff07f4ed978ddfca0fbfbe4263713642f587aa31da0ec0e344d8,True,True,True,1749504
8,32,1,ALL17_common,transformer_cell,1389c48d0bf13fb810a27a3b6a5be0f329b169d2c8f350a4651d1b0da070754b,True,True,True,305664
8,32,1,ALL17_common,vgg19,faeacdc744b2d16b4412b85a5cc334baa351140de70947c1f8be3694e5c82c32,True,True,True,1198442
8,32,1,CNN_common,darknet19,b36066763db9e0b8f9ca4bcd3ff72b7c59853ce788459bee73b8e0acb58420f5,True,True,True,174839
8,32,1,CNN_common,densenet,333b72e0012aa388dcdae618d08f405a00630bab698d59b2fe0785c455a0bf91,True,True,True,187082
8,32,1,CNN_common,googlenet,d252fa0a884c7cae000966890b22c1109d39275e5dae6fddfe3409023aee4ce1,True,True,True,117624
8,32,1,CNN_common,inception_resnet_v1,de0734c9cdaaec62d9fa0271d3035460f060275d3a11bc0ea5c6cbf77a26e265,True,True,True,428640
8,32,1,CNN_common,pnasnet,33461db4219d9a125d97e9d3fbee769eefccff58026f32491d6b610973bdf6d3,True,True,True,2464435
8,32,1,CNN_common,resnet101,484c35927bde7ad16b7ecf3e03f92a6f92a2db7f56681b8e41264363e27d0216,True,True,True,488275
8,32,1,CNN_common,resnet152,55876885fae274c5b4e0d4a06a2c23ec34da7b0d90519f08c8faccd857767c83,True,True,True,723083
8,32,1,CNN_common,resnet50,d96e3260ff51011ee1995d4e02543c8dd51a5fbe6b1af968e3918b52e8022928,True,True,True,255035
8,32,1,CNN_common,resnext50,b0c5d6b16fdd501a6a6915f0c860383549f3b5202bb2675760b1814bc42a8ae5,True,True,True,146009
8,32,1,CNN_common,vgg19,faeacdc744b2d16b4412b85a5cc334baa351140de70947c1f8be3694e5c82c32,True,True,True,1198442
8,32,1,RNN_common,gnmt,2d48458bffb1ccb03f97849d25c2d7ecde91a59c981992efd56fca6f57d0a414,True,True,True,15730
8,32,1,RNN_common,lstm,b922596fbe13fe439689d9dc76ebf29e15f398c3c00789a5b8ea56dec12b2715,True,True,True,15714
8,32,1,Transformer_common,bert_block,151f284cda79f191b443927a88daec03b8a7228cb8a1c1c6670f2ed8a063b195,True,True,True,334848
8,32,1,Transformer_common,gpt_decode_block,8e43081f4ad51a421116cc4f4eb90e178e554cccf95ad33bc525e2ce8b53272d,True,True,True,8242
8,32,1,Transformer_common,gpt_prefill_block,fc1ff0dbd9d639580dae2e0797a8e66faaa14c98ee6ca4e4276f32cc79946461,True,True,True,638400
8,32,1,Transformer_common,transformer,fbc7c109f7ccff07f4ed978ddfca0fbfbe4263713642f587aa31da0ec0e344d8,True,True,True,1749504
8,32,1,Transformer_common,transformer_cell,1389c48d0bf13fb810a27a3b6a5be0f329b169d2c8f350a4651d1b0da070754b,True,True,True,305664
8,32,1,individual,bert_block,151f284cda79f191b443927a88daec03b8a7228cb8a1c1c6670f2ed8a063b195,True,True,True,334848
8,32,1,individual,darknet19,b36066763db9e0b8f9ca4bcd3ff72b7c59853ce788459bee73b8e0acb58420f5,True,True,True,174839
8,32,1,individual,densenet,333b72e0012aa388dcdae618d08f405a00630bab698d59b2fe0785c455a0bf91,True,True,True,187082
8,32,1,individual,gnmt,2d48458bffb1ccb03f97849d25c2d7ecde91a59c981992efd56fca6f57d0a414,True,True,True,15730
8,32,1,individual,googlenet,d252fa0a884c7cae000966890b22c1109d39275e5dae6fddfe3409023aee4ce1,True,True,True,117624
8,32,1,individual,gpt_decode_block,8e43081f4ad51a421116cc4f4eb90e178e554cccf95ad33bc525e2ce8b53272d,True,True,True,8242
8,32,1,individual,gpt_prefill_block,fc1ff0dbd9d639580dae2e0797a8e66faaa14c98ee6ca4e4276f32cc79946461,True,True,True,638400
8,32,1,individual,inception_resnet_v1,de0734c9cdaaec62d9fa0271d3035460f060275d3a11bc0ea5c6cbf77a26e265,True,True,True,428640
8,32,1,individual,lstm,b922596fbe13fe439689d9dc76ebf29e15f398c3c00789a5b8ea56dec12b2715,True,True,True,15714
8,32,1,individual,pnasnet,33461db4219d9a125d97e9d3fbee769eefccff58026f32491d6b610973bdf6d3,True,True,True,2464435
8,32,1,individual,resnet101,484c35927bde7ad16b7ecf3e03f92a6f92a2db7f56681b8e41264363e27d0216,True,True,True,488275
8,32,1,individual,resnet152,55876885fae274c5b4e0d4a06a2c23ec34da7b0d90519f08c8faccd857767c83,True,True,True,723083
8,32,1,individual,resnet50,d96e3260ff51011ee1995d4e02543c8dd51a5fbe6b1af968e3918b52e8022928,True,True,True,255035
8,32,1,individual,resnext50,b0c5d6b16fdd501a6a6915f0c860383549f3b5202bb2675760b1814bc42a8ae5,True,True,True,146009
8,32,1,individual,transformer,fbc7c109f7ccff07f4ed978ddfca0fbfbe4263713642f587aa31da0ec0e344d8,True,True,True,1749504
8,32,1,individual,transformer_cell,1389c48d0bf13fb810a27a3b6a5be0f329b169d2c8f350a4651d1b0da070754b,True,True,True,305664
8,32,1,individual,vgg19,faeacdc744b2d16b4412b85a5cc334baa351140de70947c1f8be3694e5c82c32,True,True,True,1198442
8,32,16,ALL17_common,bert_block,49273f056523dea8492b8d21b046b2b785987926661255c5d5685704d3c5f372,True,True,True,30982
8,32,16,ALL17_common,darknet19,16a3fd7c47426e870db12d3001fd17d2d2372d1bb10917248c5086e12a9afc9d,True,True,True,16048
8,32,16,ALL17_common,densenet,77132c8c69a2fc015475465f618917215f6a26c6125f4bc27e76ce37e7219cd9,True,True,True,25063
8,32,16,ALL17_common,gnmt,3dcfb6940d20570d2ba4e08968f7a0cd6ee4330bcebca2ea9f0695f9b559b001,True,True,True,30762
8,32,16,ALL17_common,googlenet,bf8bb5ed0a92c69159d1ed5c1a335c3602efa03820fb195ef440c6b5a473cd17,True,True,True,13767
8,32,16,ALL17_common,gpt_decode_block,c711a3aaa27cd4b7e1a53b7e7d5bf6c479778bdae3c76d04f7e2be5e59cbc00d,True,True,True,6112
8,32,16,ALL17_common,gpt_prefill_block,690954f4beb0bb6f62b0127aeeb8619785ff82009c8056e713d954d5a1a28572,True,True,True,61298
8,32,16,ALL17_common,inception_resnet_v1,46cc222cda445b35129fe2d74df067074a096e1b93961afcaf902a908afe9368,True,True,True,75789
8,32,16,ALL17_common,lstm,a20a22e048eaf1e9be88e09d668f8d8990ff8e3a139976bd5fc0d3b1761ba779,True,True,True,47598
8,32,16,ALL17_common,pnasnet,202aab22158afa164b44f20ea2fb4a9eccb0424762f66a0e366003e0ad77625e,True,True,True,286144
8,32,16,ALL17_common,resnet101,3a5a7ca994f5583f7b64f578e28d0d50f880b981c0c73745d5003513c8451b9f,True,True,True,54547
8,32,16,ALL17_common,resnet152,9524552345ed0cd6e4f1cfd7cb0e75d28b5c8d62bb719249cabe3b4f63cc9ab0,True,True,True,78445
8,32,16,ALL17_common,resnet50,0cde75a5e47a9fd901c556d3cb3f04a9e2fb6665ccc57a210c8016f65ffc367b,True,True,True,31224
8,32,16,ALL17_common,resnext50,417feaedb74e688243a6a413478db80aa70e8d0e1d4d838fd18924c8be0da7d3,True,True,True,23046
8,32,16,ALL17_common,transformer,a722a03d3758b0cde3f29162d5b9c89d01bd8f9dd614a6434c3efdc84b2907ac,True,True,True,196608
8,32,16,ALL17_common,transformer_cell,1a011d0377b1be48b56cafe66d445f514a478046e81034b9409099912e50f3d9,True,True,True,34048
8,32,16,ALL17_common,vgg19,5df2066d08f87c29b6b7d6024a17c7098cc2bce8f4a33b9376b7860ea8de7661,True,True,True,83629
8,32,16,CNN_common,darknet19,16a3fd7c47426e870db12d3001fd17d2d2372d1bb10917248c5086e12a9afc9d,True,True,True,16048
8,32,16,CNN_common,densenet,77132c8c69a2fc015475465f618917215f6a26c6125f4bc27e76ce37e7219cd9,True,True,True,25063
8,32,16,CNN_common,googlenet,bf8bb5ed0a92c69159d1ed5c1a335c3602efa03820fb195ef440c6b5a473cd17,True,True,True,13767
8,32,16,CNN_common,inception_resnet_v1,46cc222cda445b35129fe2d74df067074a096e1b93961afcaf902a908afe9368,True,True,True,75789
8,32,16,CNN_common,pnasnet,202aab22158afa164b44f20ea2fb4a9eccb0424762f66a0e366003e0ad77625e,True,True,True,286144
8,32,16,CNN_common,resnet101,3a5a7ca994f5583f7b64f578e28d0d50f880b981c0c73745d5003513c8451b9f,True,True,True,54547
8,32,16,CNN_common,resnet152,9524552345ed0cd6e4f1cfd7cb0e75d28b5c8d62bb719249cabe3b4f63cc9ab0,True,True,True,78445
8,32,16,CNN_common,resnet50,0cde75a5e47a9fd901c556d3cb3f04a9e2fb6665ccc57a210c8016f65ffc367b,True,True,True,31224
8,32,16,CNN_common,resnext50,417feaedb74e688243a6a413478db80aa70e8d0e1d4d838fd18924c8be0da7d3,True,True,True,23046
8,32,16,CNN_common,vgg19,5df2066d08f87c29b6b7d6024a17c7098cc2bce8f4a33b9376b7860ea8de7661,True,True,True,83629
8,32,16,RNN_common,gnmt,3dcfb6940d20570d2ba4e08968f7a0cd6ee4330bcebca2ea9f0695f9b559b001,True,True,True,30762
8,32,16,RNN_common,lstm,a20a22e048eaf1e9be88e09d668f8d8990ff8e3a139976bd5fc0d3b1761ba779,True,True,True,47598
8,32,16,Transformer_common,bert_block,49273f056523dea8492b8d21b046b2b785987926661255c5d5685704d3c5f372,True,True,True,30982
8,32,16,Transformer_common,gpt_decode_block,c711a3aaa27cd4b7e1a53b7e7d5bf6c479778bdae3c76d04f7e2be5e59cbc00d,True,True,True,6112
8,32,16,Transformer_common,gpt_prefill_block,690954f4beb0bb6f62b0127aeeb8619785ff82009c8056e713d954d5a1a28572,True,True,True,61298
8,32,16,Transformer_common,transformer,a722a03d3758b0cde3f29162d5b9c89d01bd8f9dd614a6434c3efdc84b2907ac,True,True,True,196608
8,32,16,Transformer_common,transformer_cell,1a011d0377b1be48b56cafe66d445f514a478046e81034b9409099912e50f3d9,True,True,True,34048
8,32,16,individual,bert_block,49273f056523dea8492b8d21b046b2b785987926661255c5d5685704d3c5f372,True,True,True,30982
8,32,16,individual,darknet19,16a3fd7c47426e870db12d3001fd17d2d2372d1bb10917248c5086e12a9afc9d,True,True,True,16048
8,32,16,individual,densenet,77132c8c69a2fc015475465f618917215f6a26c6125f4bc27e76ce37e7219cd9,True,True,True,25063
8,32,16,individual,gnmt,3dcfb6940d20570d2ba4e08968f7a0cd6ee4330bcebca2ea9f0695f9b559b001,True,True,True,30762
8,32,16,individual,googlenet,bf8bb5ed0a92c69159d1ed5c1a335c3602efa03820fb195ef440c6b5a473cd17,True,True,True,13767
8,32,16,individual,gpt_decode_block,c711a3aaa27cd4b7e1a53b7e7d5bf6c479778bdae3c76d04f7e2be5e59cbc00d,True,True,True,6112
8,32,16,individual,gpt_prefill_block,690954f4beb0bb6f62b0127aeeb8619785ff82009c8056e713d954d5a1a28572,True,True,True,61298
8,32,16,individual,inception_resnet_v1,46cc222cda445b35129fe2d74df067074a096e1b93961afcaf902a908afe9368,True,True,True,75789
8,32,16,individual,lstm,a20a22e048eaf1e9be88e09d668f8d8990ff8e3a139976bd5fc0d3b1761ba779,True,True,True,47598
8,32,16,individual,pnasnet,202aab22158afa164b44f20ea2fb4a9eccb0424762f66a0e366003e0ad77625e,True,True,True,286144
8,32,16,individual,resnet101,3a5a7ca994f5583f7b64f578e28d0d50f880b981c0c73745d5003513c8451b9f,True,True,True,54547
8,32,16,individual,resnet152,9524552345ed0cd6e4f1cfd7cb0e75d28b5c8d62bb719249cabe3b4f63cc9ab0,True,True,True,78445
8,32,16,individual,resnet50,0cde75a5e47a9fd901c556d3cb3f04a9e2fb6665ccc57a210c8016f65ffc367b,True,True,True,31224
8,32,16,individual,resnext50,417feaedb74e688243a6a413478db80aa70e8d0e1d4d838fd18924c8be0da7d3,True,True,True,23046
8,32,16,individual,transformer,a722a03d3758b0cde3f29162d5b9c89d01bd8f9dd614a6434c3efdc84b2907ac,True,True,True,196608
8,32,16,individual,transformer_cell,1a011d0377b1be48b56cafe66d445f514a478046e81034b9409099912e50f3d9,True,True,True,34048
8,32,16,individual,vgg19,5df2066d08f87c29b6b7d6024a17c7098cc2bce8f4a33b9376b7860ea8de7661,True,True,True,83629
8,32,4,ALL17_common,bert_block,aba25bf1d697b667b7a8265de5edb50ae3d8f44efe72729dd4ee36bc04691702,True,True,True,88064
8,32,4,ALL17_common,darknet19,7ead3b3f1806efd663ec0bd96f03a4c2c912e0dd893c967584d8142fc347640d,True,True,True,47948
8,32,4,ALL17_common,densenet,728b35af2fafcb7fbf3726e5345a6014565b4d3f3d9cfbf51cafbbdde97c4cc5,True,True,True,54030
8,32,4,ALL17_common,gnmt,29b287e721fd8677e8d9c98243c27ca9430ae9918ab9d169c4a68c0d1df58f2d,True,True,True,33736
8,32,4,ALL17_common,googlenet,964b96ff0e34062fd23d89ee331ffef151a4165b22ecc621cf00ae0050268472,True,True,True,32807
8,32,4,ALL17_common,gpt_decode_block,5407d6775baf2102e082f3afd2a3a477d3c47f637922045255749c8bf04200dc,True,True,True,8265
8,32,4,ALL17_common,gpt_prefill_block,6acebe5cd8ecb3a4e0c2657cdc6fc6700058b795dd60d8ca79c3618a2351e365,True,True,True,166400
8,32,4,ALL17_common,inception_resnet_v1,ebce2a481bd365121eada5c7da3b8f7a3e501a8763d50d1a62fe54a2b35ad61e,True,True,True,129035
8,32,4,ALL17_common,lstm,bad424d51f8718b4b55fdadebf02492a8ae9adf0e6819930dfe4790241974327,True,True,True,36032
8,32,4,ALL17_common,pnasnet,9f19ac16911b46448a9d5ba2ff2e1c2e5ebf0a036c488f70662fd7181caae247,True,True,True,716828
8,32,4,ALL17_common,resnet101,0588fbdbcf5bc31ba4d970f7891e40c72e71272a70afe01e18e4b33bf101c7ac,True,True,True,137443
8,32,4,ALL17_common,resnet152,1ea7b89f266db4fc972866ee73b747e571816357c50564c275a8f333cf248518,True,True,True,204391
8,32,4,ALL17_common,resnet50,e32217050f5dfa58964a30cf9ff467f667d63e7a0b79747b3a70d40d3097860e,True,True,True,71279
8,32,4,ALL17_common,resnext50,07ac3a4446ac64d34bcf91f5d240cdf701d94ab4c0629046593e3bee677d0682,True,True,True,41660
8,32,4,ALL17_common,transformer,1b5c77659cdf881bca9c760d3d889c66e899c54389a42f7819d6fe282db1b1af,True,True,True,476160
8,32,4,ALL17_common,transformer_cell,310b100ac659aba814629ed767bf06b7a58b00733e02af884bc599c5ef238ced,True,True,True,83200
8,32,4,ALL17_common,vgg19,4316b330c646bf10ca87a12d27b2991355775417cff49cfb104f72e096b8c239,True,True,True,305389
8,32,4,CNN_common,darknet19,7ead3b3f1806efd663ec0bd96f03a4c2c912e0dd893c967584d8142fc347640d,True,True,True,47948
8,32,4,CNN_common,densenet,728b35af2fafcb7fbf3726e5345a6014565b4d3f3d9cfbf51cafbbdde97c4cc5,True,True,True,54030
8,32,4,CNN_common,googlenet,964b96ff0e34062fd23d89ee331ffef151a4165b22ecc621cf00ae0050268472,True,True,True,32807
8,32,4,CNN_common,inception_resnet_v1,ebce2a481bd365121eada5c7da3b8f7a3e501a8763d50d1a62fe54a2b35ad61e,True,True,True,129035
8,32,4,CNN_common,pnasnet,9f19ac16911b46448a9d5ba2ff2e1c2e5ebf0a036c488f70662fd7181caae247,True,True,True,716828
8,32,4,CNN_common,resnet101,0588fbdbcf5bc31ba4d970f7891e40c72e71272a70afe01e18e4b33bf101c7ac,True,True,True,137443
8,32,4,CNN_common,resnet152,1ea7b89f266db4fc972866ee73b747e571816357c50564c275a8f333cf248518,True,True,True,204391
8,32,4,CNN_common,resnet50,e32217050f5dfa58964a30cf9ff467f667d63e7a0b79747b3a70d40d3097860e,True,True,True,71279
8,32,4,CNN_common,resnext50,07ac3a4446ac64d34bcf91f5d240cdf701d94ab4c0629046593e3bee677d0682,True,True,True,41660
8,32,4,CNN_common,vgg19,4316b330c646bf10ca87a12d27b2991355775417cff49cfb104f72e096b8c239,True,True,True,305389
8,32,4,RNN_common,gnmt,29b287e721fd8677e8d9c98243c27ca9430ae9918ab9d169c4a68c0d1df58f2d,True,True,True,33736
8,32,4,RNN_common,lstm,bad424d51f8718b4b55fdadebf02492a8ae9adf0e6819930dfe4790241974327,True,True,True,36032
8,32,4,Transformer_common,bert_block,aba25bf1d697b667b7a8265de5edb50ae3d8f44efe72729dd4ee36bc04691702,True,True,True,88064
8,32,4,Transformer_common,gpt_decode_block,5407d6775baf2102e082f3afd2a3a477d3c47f637922045255749c8bf04200dc,True,True,True,8265
8,32,4,Transformer_common,gpt_prefill_block,6acebe5cd8ecb3a4e0c2657cdc6fc6700058b795dd60d8ca79c3618a2351e365,True,True,True,166400
8,32,4,Transformer_common,transformer,1b5c77659cdf881bca9c760d3d889c66e899c54389a42f7819d6fe282db1b1af,True,True,True,476160
8,32,4,Transformer_common,transformer_cell,310b100ac659aba814629ed767bf06b7a58b00733e02af884bc599c5ef238ced,True,True,True,83200
8,32,4,individual,bert_block,aba25bf1d697b667b7a8265de5edb50ae3d8f44efe72729dd4ee36bc04691702,True,True,True,88064
8,32,4,individual,darknet19,7ead3b3f1806efd663ec0bd96f03a4c2c912e0dd893c967584d8142fc347640d,True,True,True,47948
8,32,4,individual,densenet,728b35af2fafcb7fbf3726e5345a6014565b4d3f3d9cfbf51cafbbdde97c4cc5,True,True,True,54030
8,32,4,individual,gnmt,29b287e721fd8677e8d9c98243c27ca9430ae9918ab9d169c4a68c0d1df58f2d,True,True,True,33736
8,32,4,individual,googlenet,964b96ff0e34062fd23d89ee331ffef151a4165b22ecc621cf00ae0050268472,True,True,True,32807
8,32,4,individual,gpt_decode_block,5407d6775baf2102e082f3afd2a3a477d3c47f637922045255749c8bf04200dc,True,True,True,8265
8,32,4,individual,gpt_prefill_block,6acebe5cd8ecb3a4e0c2657cdc6fc6700058b795dd60d8ca79c3618a2351e365,True,True,True,166400
8,32,4,individual,inception_resnet_v1,ebce2a481bd365121eada5c7da3b8f7a3e501a8763d50d1a62fe54a2b35ad61e,True,True,True,129035
8,32,4,individual,lstm,bad424d51f8718b4b55fdadebf02492a8ae9adf0e6819930dfe4790241974327,True,True,True,36032
8,32,4,individual,pnasnet,9f19ac16911b46448a9d5ba2ff2e1c2e5ebf0a036c488f70662fd7181caae247,True,True,True,716828
8,32,4,individual,resnet101,0588fbdbcf5bc31ba4d970f7891e40c72e71272a70afe01e18e4b33bf101c7ac,True,True,True,137443
8,32,4,individual,resnet152,1ea7b89f266db4fc972866ee73b747e571816357c50564c275a8f333cf248518,True,True,True,204391
8,32,4,individual,resnet50,e32217050f5dfa58964a30cf9ff467f667d63e7a0b79747b3a70d40d3097860e,True,True,True,71279
8,32,4,individual,resnext50,07ac3a4446ac64d34bcf91f5d240cdf701d94ab4c0629046593e3bee677d0682,True,True,True,41660
8,32,4,individual,transformer,1b5c77659cdf881bca9c760d3d889c66e899c54389a42f7819d6fe282db1b1af,True,True,True,476160
8,32,4,individual,transformer_cell,310b100ac659aba814629ed767bf06b7a58b00733e02af884bc599c5ef238ced,True,True,True,83200
8,32,4,individual,vgg19,4316b330c646bf10ca87a12d27b2991355775417cff49cfb104f72e096b8c239,True,True,True,305389
8,4,1,ALL17_common,bert_block,6fa5043fc8438663a549e045b1650fd4efb6aed15910914685ad4e5258db42f9,True,True,True,2678784
8,4,1,ALL17_common,darknet19,ae0b4439abdb33bb99b33dec2e89ed6025c07bee5c998ba2c388895978bd29bd,True,True,True,1395119
8,4,1,ALL17_common,densenet,51c40f2ff7f2b2012a51056ba515252931631b04abd3d53874f22e14803fed82,True,True,True,1425588
8,4,1,ALL17_common,gnmt,7d4e66773a7ba137e97be0a143b6d13410c9d9fe37c17080d1c08726faaa7dd7,True,True,True,63720
8,4,1,ALL17_common,googlenet,dd3c56244f48aff3980a8608ec1c73df5a14bc6cd4911a92d2dad06fee23f67f,True,True,True,900793
8,4,1,ALL17_common,gpt_decode_block,1d923f3eac513a9a0e39baa578d8dce069195b4bc6c6a74d17e42b83823f7330,True,True,True,32912
8,4,1,ALL17_common,gpt_prefill_block,c1a8b87e643a1b0e3168870bab468fa15af7c964dd1ec15cc1f8fb5055b2e8b4,True,True,True,5107200
8,4,1,ALL17_common,inception_resnet_v1,d8b2fd1b52d93c6e03bcd98a266a3511ddd0c79b9a6b206543e255fdd37e18cd,True,True,True,3164480
8,4,1,ALL17_common,lstm,7faa4c65d9f0c1af6f789a61e6e24987174a09dbb8222ac9686f66e858894246,True,True,True,63592
8,4,1,ALL17_common,pnasnet,0bcea382b6b35d3c2fb385b5202a6a5d3769f92191b9231334df412712cc41a3,True,True,True,17869046
8,4,1,ALL17_common,resnet101,c72ca7bd2782dec18a1b695e8afdbe5b1d5508e3043ad9ae460ee40d16e8c193,True,True,True,3871056
8,4,1,ALL17_common,resnet152,67716687a08e12e62827129f821aca7373dd36a1a0568ee63f049640f1efd66b,True,True,True,5749520
8,4,1,ALL17_common,resnet50,da6130a6a243757aa1c7ed1a24147d4e5833139c8f48d3ddb4dd9b2e44709119,True,True,True,2005136
8,4,1,ALL17_common,resnext50,19f0c9fb8c8da62fa440b383fcf4ebd5e990bb09641392e2aef681213d5cb5f9,True,True,True,1157120
8,4,1,ALL17_common,transformer,798464ff6590d70f35b820c12aa461e06c7352f0ed45d2b708a55583eba18ee3,True,True,True,13996032
8,4,1,ALL17_common,transformer_cell,8f4c9af434c2f18d47175618f42aae1069e16b11a4ba265db6a66d54f79e576e,True,True,True,2445312
8,4,1,ALL17_common,vgg19,e1c2176018ca68cc1d4d5534be1d1e5fc1f2849a54555aa909c0c045b625145d,True,True,True,9587536
8,4,1,CNN_common,darknet19,ae0b4439abdb33bb99b33dec2e89ed6025c07bee5c998ba2c388895978bd29bd,True,True,True,1395119
8,4,1,CNN_common,densenet,51c40f2ff7f2b2012a51056ba515252931631b04abd3d53874f22e14803fed82,True,True,True,1425588
8,4,1,CNN_common,googlenet,dd3c56244f48aff3980a8608ec1c73df5a14bc6cd4911a92d2dad06fee23f67f,True,True,True,900793
8,4,1,CNN_common,inception_resnet_v1,d8b2fd1b52d93c6e03bcd98a266a3511ddd0c79b9a6b206543e255fdd37e18cd,True,True,True,3164480
8,4,1,CNN_common,pnasnet,0bcea382b6b35d3c2fb385b5202a6a5d3769f92191b9231334df412712cc41a3,True,True,True,17869046
8,4,1,CNN_common,resnet101,c72ca7bd2782dec18a1b695e8afdbe5b1d5508e3043ad9ae460ee40d16e8c193,True,True,True,3871056
8,4,1,CNN_common,resnet152,67716687a08e12e62827129f821aca7373dd36a1a0568ee63f049640f1efd66b,True,True,True,5749520
8,4,1,CNN_common,resnet50,da6130a6a243757aa1c7ed1a24147d4e5833139c8f48d3ddb4dd9b2e44709119,True,True,True,2005136
8,4,1,CNN_common,resnext50,19f0c9fb8c8da62fa440b383fcf4ebd5e990bb09641392e2aef681213d5cb5f9,True,True,True,1157120
8,4,1,CNN_common,vgg19,e1c2176018ca68cc1d4d5534be1d1e5fc1f2849a54555aa909c0c045b625145d,True,True,True,9587536
8,4,1,RNN_common,gnmt,7d4e66773a7ba137e97be0a143b6d13410c9d9fe37c17080d1c08726faaa7dd7,True,True,True,63720
8,4,1,RNN_common,lstm,7faa4c65d9f0c1af6f789a61e6e24987174a09dbb8222ac9686f66e858894246,True,True,True,63592
8,4,1,Transformer_common,bert_block,6fa5043fc8438663a549e045b1650fd4efb6aed15910914685ad4e5258db42f9,True,True,True,2678784
8,4,1,Transformer_common,gpt_decode_block,1d923f3eac513a9a0e39baa578d8dce069195b4bc6c6a74d17e42b83823f7330,True,True,True,32912
8,4,1,Transformer_common,gpt_prefill_block,c1a8b87e643a1b0e3168870bab468fa15af7c964dd1ec15cc1f8fb5055b2e8b4,True,True,True,5107200
8,4,1,Transformer_common,transformer,798464ff6590d70f35b820c12aa461e06c7352f0ed45d2b708a55583eba18ee3,True,True,True,13996032
8,4,1,Transformer_common,transformer_cell,8f4c9af434c2f18d47175618f42aae1069e16b11a4ba265db6a66d54f79e576e,True,True,True,2445312
8,4,1,individual,bert_block,6fa5043fc8438663a549e045b1650fd4efb6aed15910914685ad4e5258db42f9,True,True,True,2678784
8,4,1,individual,darknet19,ae0b4439abdb33bb99b33dec2e89ed6025c07bee5c998ba2c388895978bd29bd,True,True,True,1395119
8,4,1,individual,densenet,51c40f2ff7f2b2012a51056ba515252931631b04abd3d53874f22e14803fed82,True,True,True,1425588
8,4,1,individual,gnmt,7d4e66773a7ba137e97be0a143b6d13410c9d9fe37c17080d1c08726faaa7dd7,True,True,True,63720
8,4,1,individual,googlenet,dd3c56244f48aff3980a8608ec1c73df5a14bc6cd4911a92d2dad06fee23f67f,True,True,True,900793
8,4,1,individual,gpt_decode_block,1d923f3eac513a9a0e39baa578d8dce069195b4bc6c6a74d17e42b83823f7330,True,True,True,32912
8,4,1,individual,gpt_prefill_block,c1a8b87e643a1b0e3168870bab468fa15af7c964dd1ec15cc1f8fb5055b2e8b4,True,True,True,5107200
8,4,1,individual,inception_resnet_v1,d8b2fd1b52d93c6e03bcd98a266a3511ddd0c79b9a6b206543e255fdd37e18cd,True,True,True,3164480
8,4,1,individual,lstm,7faa4c65d9f0c1af6f789a61e6e24987174a09dbb8222ac9686f66e858894246,True,True,True,63592
8,4,1,individual,pnasnet,0bcea382b6b35d3c2fb385b5202a6a5d3769f92191b9231334df412712cc41a3,True,True,True,17869046
8,4,1,individual,resnet101,c72ca7bd2782dec18a1b695e8afdbe5b1d5508e3043ad9ae460ee40d16e8c193,True,True,True,3871056
8,4,1,individual,resnet152,67716687a08e12e62827129f821aca7373dd36a1a0568ee63f049640f1efd66b,True,True,True,5749520
8,4,1,individual,resnet50,da6130a6a243757aa1c7ed1a24147d4e5833139c8f48d3ddb4dd9b2e44709119,True,True,True,2005136
8,4,1,individual,resnext50,19f0c9fb8c8da62fa440b383fcf4ebd5e990bb09641392e2aef681213d5cb5f9,True,True,True,1157120
8,4,1,individual,transformer,798464ff6590d70f35b820c12aa461e06c7352f0ed45d2b708a55583eba18ee3,True,True,True,13996032
8,4,1,individual,transformer_cell,8f4c9af434c2f18d47175618f42aae1069e16b11a4ba265db6a66d54f79e576e,True,True,True,2445312
8,4,1,individual,vgg19,e1c2176018ca68cc1d4d5534be1d1e5fc1f2849a54555aa909c0c045b625145d,True,True,True,9587536
8,4,16,ALL17_common,bert_block,068ad9fcccb8a0d78b4dc670065ffea7b06ae6b93ae09b87697655845ca4a17d,True,True,True,169984
8,4,16,ALL17_common,darknet19,21e34405f1327da6ca3241a2a8f4849df21b61a891f069bc0db1ac09106ae625,True,True,True,90892
8,4,16,ALL17_common,densenet,18033229fb0f8313085ad833ac5e29804953f799d0aa7cb0aaaa7e860ef313d5,True,True,True,96246
8,4,16,ALL17_common,gnmt,240ccdee87857d838edc4e8946d6250f234bdf65ded7a1552312909ede0c3757,True,True,True,29324
8,4,16,ALL17_common,googlenet,6296884e0c05b7b0066135b3c834d7eda7c4d4778f5d939a47f803ab8922b9ff,True,True,True,62106
8,4,16,ALL17_common,gpt_decode_block,ccd79b0de505187185cb543347ed674149cbe79bf8d235e2f0ef2d81dd655bc8,True,True,True,11258
8,4,16,ALL17_common,gpt_prefill_block,fdf59d1760eec3e158d583b38e800fc76be11b2330c8e850891063b351398134,True,True,True,323200
8,4,16,ALL17_common,inception_resnet_v1,eaca0e2bde933808a0b7a96ed3fdd2307e5610431311fd3b5ef885f95b95e149,True,True,True,227352
8,4,16,ALL17_common,lstm,ba777a444b91329ee18b92bebeaec3f358777e552c519c698f40fa2a760ff2f0,True,True,True,29337
8,4,16,ALL17_common,pnasnet,a8ff260f8c5ee76541d8a416f95c96ea9723d1c3e557ad1a148e0951f64358ab,True,True,True,1287329
8,4,16,ALL17_common,resnet101,8287c53e81ddeee4add4290bdfa9983e7df644d6781de199cc0a9f91e49357e8,True,True,True,261395
8,4,16,ALL17_common,resnet152,7d9b2593a321bf5410ae09091406dfbb7d34e9fe1d93846a730956533b370903,True,True,True,388262
8,4,16,ALL17_common,resnet50,80a5fc87f502ff7eac8dc5bf4d6336e5e7197dcd75b85fc8a3429f1a7beee88a,True,True,True,132399
8,4,16,ALL17_common,resnext50,bb04939f71bc129c33fee456f89be97bdedb1a8c8f83dae38d729d9179a2c242,True,True,True,74988
8,4,16,ALL17_common,transformer,8202683b9075f0e86312fd1266f510ece0c6d759764d94ad28f1e4988e6e2862,True,True,True,898048
8,4,16,ALL17_common,transformer_cell,c7f9638f1387eb5f887737db794a58a8a7c60d7d5561e50fb46c0610ebc5431a,True,True,True,156928
8,4,16,ALL17_common,vgg19,85a8ed9ffeb3acf58dccdd33608104b85e849c5f421588a50a83076f94fac171,True,True,True,599221
8,4,16,CNN_common,darknet19,21e34405f1327da6ca3241a2a8f4849df21b61a891f069bc0db1ac09106ae625,True,True,True,90892
8,4,16,CNN_common,densenet,18033229fb0f8313085ad833ac5e29804953f799d0aa7cb0aaaa7e860ef313d5,True,True,True,96246
8,4,16,CNN_common,googlenet,6296884e0c05b7b0066135b3c834d7eda7c4d4778f5d939a47f803ab8922b9ff,True,True,True,62106
8,4,16,CNN_common,inception_resnet_v1,eaca0e2bde933808a0b7a96ed3fdd2307e5610431311fd3b5ef885f95b95e149,True,True,True,227352
8,4,16,CNN_common,pnasnet,a8ff260f8c5ee76541d8a416f95c96ea9723d1c3e557ad1a148e0951f64358ab,True,True,True,1287329
8,4,16,CNN_common,resnet101,8287c53e81ddeee4add4290bdfa9983e7df644d6781de199cc0a9f91e49357e8,True,True,True,261395
8,4,16,CNN_common,resnet152,7d9b2593a321bf5410ae09091406dfbb7d34e9fe1d93846a730956533b370903,True,True,True,388262
8,4,16,CNN_common,resnet50,80a5fc87f502ff7eac8dc5bf4d6336e5e7197dcd75b85fc8a3429f1a7beee88a,True,True,True,132399
8,4,16,CNN_common,resnext50,bb04939f71bc129c33fee456f89be97bdedb1a8c8f83dae38d729d9179a2c242,True,True,True,74988
8,4,16,CNN_common,vgg19,85a8ed9ffeb3acf58dccdd33608104b85e849c5f421588a50a83076f94fac171,True,True,True,599221
8,4,16,RNN_common,gnmt,240ccdee87857d838edc4e8946d6250f234bdf65ded7a1552312909ede0c3757,True,True,True,29324
8,4,16,RNN_common,lstm,ba777a444b91329ee18b92bebeaec3f358777e552c519c698f40fa2a760ff2f0,True,True,True,29337
8,4,16,Transformer_common,bert_block,068ad9fcccb8a0d78b4dc670065ffea7b06ae6b93ae09b87697655845ca4a17d,True,True,True,169984
8,4,16,Transformer_common,gpt_decode_block,ccd79b0de505187185cb543347ed674149cbe79bf8d235e2f0ef2d81dd655bc8,True,True,True,11258
8,4,16,Transformer_common,gpt_prefill_block,fdf59d1760eec3e158d583b38e800fc76be11b2330c8e850891063b351398134,True,True,True,323200
8,4,16,Transformer_common,transformer,8202683b9075f0e86312fd1266f510ece0c6d759764d94ad28f1e4988e6e2862,True,True,True,898048
8,4,16,Transformer_common,transformer_cell,c7f9638f1387eb5f887737db794a58a8a7c60d7d5561e50fb46c0610ebc5431a,True,True,True,156928
8,4,16,individual,bert_block,068ad9fcccb8a0d78b4dc670065ffea7b06ae6b93ae09b87697655845ca4a17d,True,True,True,169984
8,4,16,individual,darknet19,21e34405f1327da6ca3241a2a8f4849df21b61a891f069bc0db1ac09106ae625,True,True,True,90892
8,4,16,individual,densenet,18033229fb0f8313085ad833ac5e29804953f799d0aa7cb0aaaa7e860ef313d5,True,True,True,96246
8,4,16,individual,gnmt,240ccdee87857d838edc4e8946d6250f234bdf65ded7a1552312909ede0c3757,True,True,True,29324
8,4,16,individual,googlenet,6296884e0c05b7b0066135b3c834d7eda7c4d4778f5d939a47f803ab8922b9ff,True,True,True,62106
8,4,16,individual,gpt_decode_block,ccd79b0de505187185cb543347ed674149cbe79bf8d235e2f0ef2d81dd655bc8,True,True,True,11258
8,4,16,individual,gpt_prefill_block,fdf59d1760eec3e158d583b38e800fc76be11b2330c8e850891063b351398134,True,True,True,323200
8,4,16,individual,inception_resnet_v1,eaca0e2bde933808a0b7a96ed3fdd2307e5610431311fd3b5ef885f95b95e149,True,True,True,227352
8,4,16,individual,lstm,ba777a444b91329ee18b92bebeaec3f358777e552c519c698f40fa2a760ff2f0,True,True,True,29337
8,4,16,individual,pnasnet,a8ff260f8c5ee76541d8a416f95c96ea9723d1c3e557ad1a148e0951f64358ab,True,True,True,1287329
8,4,16,individual,resnet101,8287c53e81ddeee4add4290bdfa9983e7df644d6781de199cc0a9f91e49357e8,True,True,True,261395
8,4,16,individual,resnet152,7d9b2593a321bf5410ae09091406dfbb7d34e9fe1d93846a730956533b370903,True,True,True,388262
8,4,16,individual,resnet50,80a5fc87f502ff7eac8dc5bf4d6336e5e7197dcd75b85fc8a3429f1a7beee88a,True,True,True,132399
8,4,16,individual,resnext50,bb04939f71bc129c33fee456f89be97bdedb1a8c8f83dae38d729d9179a2c242,True,True,True,74988
8,4,16,individual,transformer,8202683b9075f0e86312fd1266f510ece0c6d759764d94ad28f1e4988e6e2862,True,True,True,898048
8,4,16,individual,transformer_cell,c7f9638f1387eb5f887737db794a58a8a7c60d7d5561e50fb46c0610ebc5431a,True,True,True,156928
8,4,16,individual,vgg19,85a8ed9ffeb3acf58dccdd33608104b85e849c5f421588a50a83076f94fac171,True,True,True,599221
8,4,4,ALL17_common,bert_block,f2b20996059d0430b8adf75d49e3cc33b63f6ec4c6dae01daceb69688649a313,True,True,True,669696
8,4,4,ALL17_common,darknet19,aa11aaf099f2dbbb536e71a9ab16e005ff5e3b218a53f8ad93ca0735588529f8,True,True,True,348781
8,4,4,ALL17_common,densenet,9d13afb632dece51d0d9aeaa8dae6991dfdf5dab42f773823ea51247cc5fa531,True,True,True,361813
8,4,4,ALL17_common,gnmt,d21a098f356e4703f792651fa60aa181b17fa680bafa02e320903c96722d4979,True,True,True,44928
8,4,4,ALL17_common,googlenet,7dfd87e097d81f952bcba0ba535d6074928277023daa3701ed50bdd7de22d086,True,True,True,232241
8,4,4,ALL17_common,gpt_decode_block,6ede5bcde06cc4a779fd901277e694d8843a814bf2fefeb97b8bc57dd64e53ab,True,True,True,17946
8,4,4,ALL17_common,gpt_prefill_block,fa235ca196985e1ebb6d93a37890a90bce437504281c1202a1bf14b48d8f4202,True,True,True,1276800
8,4,4,ALL17_common,inception_resnet_v1,394f098dbeb6ad6848e375cc4559f6e68f8a63a7d5539d0a97d3815d41b7f45d,True,True,True,830086
8,4,4,ALL17_common,lstm,beb20a728609a133a34f5253fb5e79491c3eca85eacc9e8073ccf060bba197bb,True,True,True,45102
8,4,4,ALL17_common,pnasnet,7d1157398683c5f577f45bdef15453d48f515b02e46a148b778371ed48935de0,True,True,True,4781950
8,4,4,ALL17_common,resnet101,2bd24c04a5d81a23ec717734b373599a1e433fc533946e17d5bd98d1abeea961,True,True,True,968762
8,4,4,ALL17_common,resnet152,ae4b656ea1a6835f5f8402e2c908a4ac116286d69b41b67e8213d8fe2eaae1a2,True,True,True,1438378
8,4,4,ALL17_common,resnet50,3a9e1553b364dc9be75a7ab6b1da16af1d4e2ebc038b7d15bacf6f4ac980a564,True,True,True,502283
8,4,4,ALL17_common,resnext50,fea052ee3f64ccdf7218cc560493ce08c7472a9bc111cde9dbd7f2926bfbd5dc,True,True,True,290277
8,4,4,ALL17_common,transformer,1936a2edce2ad47f29fa44c0daa4c0ce8a457f314792b2b9fe48f7c342ad1443,True,True,True,3499008
8,4,4,ALL17_common,transformer_cell,82f16fc51ccc3fbe0386da2cc6ae8c39c28fcf32bac271c398b384835fe1e458,True,True,True,611328
8,4,4,ALL17_common,vgg19,2dcf47e6028e2d82b7af344446e0c1f5c3cd21090ddb38559a7ac78dd0cb4c00,True,True,True,2396884
8,4,4,CNN_common,darknet19,aa11aaf099f2dbbb536e71a9ab16e005ff5e3b218a53f8ad93ca0735588529f8,True,True,True,348781
8,4,4,CNN_common,densenet,9d13afb632dece51d0d9aeaa8dae6991dfdf5dab42f773823ea51247cc5fa531,True,True,True,361813
8,4,4,CNN_common,googlenet,7dfd87e097d81f952bcba0ba535d6074928277023daa3701ed50bdd7de22d086,True,True,True,232241
8,4,4,CNN_common,inception_resnet_v1,394f098dbeb6ad6848e375cc4559f6e68f8a63a7d5539d0a97d3815d41b7f45d,True,True,True,830086
8,4,4,CNN_common,pnasnet,7d1157398683c5f577f45bdef15453d48f515b02e46a148b778371ed48935de0,True,True,True,4781950
8,4,4,CNN_common,resnet101,2bd24c04a5d81a23ec717734b373599a1e433fc533946e17d5bd98d1abeea961,True,True,True,968762
8,4,4,CNN_common,resnet152,ae4b656ea1a6835f5f8402e2c908a4ac116286d69b41b67e8213d8fe2eaae1a2,True,True,True,1438378
8,4,4,CNN_common,resnet50,3a9e1553b364dc9be75a7ab6b1da16af1d4e2ebc038b7d15bacf6f4ac980a564,True,True,True,502283
8,4,4,CNN_common,resnext50,fea052ee3f64ccdf7218cc560493ce08c7472a9bc111cde9dbd7f2926bfbd5dc,True,True,True,290277
8,4,4,CNN_common,vgg19,2dcf47e6028e2d82b7af344446e0c1f5c3cd21090ddb38559a7ac78dd0cb4c00,True,True,True,2396884
8,4,4,RNN_common,gnmt,d21a098f356e4703f792651fa60aa181b17fa680bafa02e320903c96722d4979,True,True,True,44928
8,4,4,RNN_common,lstm,beb20a728609a133a34f5253fb5e79491c3eca85eacc9e8073ccf060bba197bb,True,True,True,45102
8,4,4,Transformer_common,bert_block,f2b20996059d0430b8adf75d49e3cc33b63f6ec4c6dae01daceb69688649a313,True,True,True,669696
8,4,4,Transformer_common,gpt_decode_block,6ede5bcde06cc4a779fd901277e694d8843a814bf2fefeb97b8bc57dd64e53ab,True,True,True,17946
8,4,4,Transformer_common,gpt_prefill_block,fa235ca196985e1ebb6d93a37890a90bce437504281c1202a1bf14b48d8f4202,True,True,True,1276800
8,4,4,Transformer_common,transformer,1936a2edce2ad47f29fa44c0daa4c0ce8a457f314792b2b9fe48f7c342ad1443,True,True,True,3499008
8,4,4,Transformer_common,transformer_cell,82f16fc51ccc3fbe0386da2cc6ae8c39c28fcf32bac271c398b384835fe1e458,True,True,True,611328
8,4,4,individual,bert_block,f2b20996059d0430b8adf75d49e3cc33b63f6ec4c6dae01daceb69688649a313,True,True,True,669696
8,4,4,individual,darknet19,aa11aaf099f2dbbb536e71a9ab16e005ff5e3b218a53f8ad93ca0735588529f8,True,True,True,348781
8,4,4,individual,densenet,9d13afb632dece51d0d9aeaa8dae6991dfdf5dab42f773823ea51247cc5fa531,True,True,True,361813
8,4,4,individual,gnmt,d21a098f356e4703f792651fa60aa181b17fa680bafa02e320903c96722d4979,True,True,True,44928
8,4,4,individual,googlenet,7dfd87e097d81f952bcba0ba535d6074928277023daa3701ed50bdd7de22d086,True,True,True,232241
8,4,4,individual,gpt_decode_block,6ede5bcde06cc4a779fd901277e694d8843a814bf2fefeb97b8bc57dd64e53ab,True,True,True,17946
8,4,4,individual,gpt_prefill_block,fa235ca196985e1ebb6d93a37890a90bce437504281c1202a1bf14b48d8f4202,True,True,True,1276800
8,4,4,individual,inception_resnet_v1,394f098dbeb6ad6848e375cc4559f6e68f8a63a7d5539d0a97d3815d41b7f45d,True,True,True,830086
8,4,4,individual,lstm,beb20a728609a133a34f5253fb5e79491c3eca85eacc9e8073ccf060bba197bb,True,True,True,45102
8,4,4,individual,pnasnet,7d1157398683c5f577f45bdef15453d48f515b02e46a148b778371ed48935de0,True,True,True,4781950
8,4,4,individual,resnet101,2bd24c04a5d81a23ec717734b373599a1e433fc533946e17d5bd98d1abeea961,True,True,True,968762
8,4,4,individual,resnet152,ae4b656ea1a6835f5f8402e2c908a4ac116286d69b41b67e8213d8fe2eaae1a2,True,True,True,1438378
8,4,4,individual,resnet50,3a9e1553b364dc9be75a7ab6b1da16af1d4e2ebc038b7d15bacf6f4ac980a564,True,True,True,502283
8,4,4,individual,resnext50,fea052ee3f64ccdf7218cc560493ce08c7472a9bc111cde9dbd7f2926bfbd5dc,True,True,True,290277
8,4,4,individual,transformer,1936a2edce2ad47f29fa44c0daa4c0ce8a457f314792b2b9fe48f7c342ad1443,True,True,True,3499008
8,4,4,individual,transformer_cell,82f16fc51ccc3fbe0386da2cc6ae8c39c28fcf32bac271c398b384835fe1e458,True,True,True,611328
8,4,4,individual,vgg19,2dcf47e6028e2d82b7af344446e0c1f5c3cd21090ddb38559a7ac78dd0cb4c00,True,True,True,2396884
8,512,1,ALL17_common,bert_block,2a53a285b64e925175d665ff7cadb805ffdb40c88c3598fe6bbdc8653b73f553,True,False,True,29108
8,512,1,ALL17_common,darknet19,f19b4f96b0e81db731ad8c99974dba7070057fbceec6978506ce5c3a5a31e614,True,False,True,15126
8,512,1,ALL17_common,densenet,80b6c2ce75276257eb43246503b00cd0903688a3ff545f85363b3f2d4705b318,True,False,True,20782
8,512,1,ALL17_common,gnmt,d48d5641960df4035412010206aa35fb256b05372431660f5dc628581b6fdb56,True,False,True,15674
8,512,1,ALL17_common,googlenet,015955490edffdcfade5c01be5fc86f35fa914941dada4c80a50e23153fac427,True,False,True,11098
8,512,1,ALL17_common,gpt_decode_block,46bf7b0ab4eb50cee81c5c606963673aff88eff1d3dad426d9b1496a6318dd99,True,False,True,6112
8,512,1,ALL17_common,gpt_prefill_block,73370ccfed4aee3b23cbe2ae9b1a75f3ee0ddac11c0e30cbd2f4c2dc13d76235,True,False,True,55126
8,512,1,ALL17_common,inception_resnet_v1,c514b47acfe8d974af9853677ff265608390603971c34654894409054c1be38c,True,False,True,58183
8,512,1,ALL17_common,lstm,44b2a07ec947b28ee3fbe29b79a6066718b4de44752c73ff2f04f44987168723,True,False,True,15662
8,512,1,ALL17_common,pnasnet,148855fe1c086dd9e67fe03c99c64daede7bc1b754020aecdff35a35121cef75,True,False,True,278567
8,512,1,ALL17_common,resnet101,e6e0a2ffe086b5021c8195c631e878be2ee9f28a179c48396cf814196603858c,True,False,True,49125
8,512,1,ALL17_common,resnet152,9e02dd969680ceca59b4449fcf0169d326882a2eaede1372be887f82871b056b,True,False,True,71447
8,512,1,ALL17_common,resnet50,891769ed26fa59481e0af04490b384bb18159136eb5854a3de3c0e3ef2f6fa7d,True,False,True,27840
8,512,1,ALL17_common,resnext50,3b37f7b141687525ca18fa4e1e2f94b0d12da008021585c7345bf30c4395d5c5,True,False,True,20614
8,512,1,ALL17_common,transformer,b8bcd09f31ae4dba914f4e92c24be86f285074ea908365970f0a5d84509071b5,True,False,True,187392
8,512,1,ALL17_common,transformer_cell,c237e9a74fbb4104c29daacad97d751ee29d3ff285e07f5d2807f7ebf3de5782,True,False,True,32512
8,512,1,ALL17_common,vgg19,dc6066b5a4e2a10cf0453e2e16d5b10b4e75975207369ad7a4925c76dcaaf0b2,True,False,True,83629
8,512,1,CNN_common,darknet19,f19b4f96b0e81db731ad8c99974dba7070057fbceec6978506ce5c3a5a31e614,True,False,True,15126
8,512,1,CNN_common,densenet,80b6c2ce75276257eb43246503b00cd0903688a3ff545f85363b3f2d4705b318,True,False,True,20782
8,512,1,CNN_common,googlenet,015955490edffdcfade5c01be5fc86f35fa914941dada4c80a50e23153fac427,True,False,True,11098
8,512,1,CNN_common,inception_resnet_v1,c514b47acfe8d974af9853677ff265608390603971c34654894409054c1be38c,True,False,True,58183
8,512,1,CNN_common,pnasnet,148855fe1c086dd9e67fe03c99c64daede7bc1b754020aecdff35a35121cef75,True,False,True,278567
8,512,1,CNN_common,resnet101,e6e0a2ffe086b5021c8195c631e878be2ee9f28a179c48396cf814196603858c,True,False,True,49125
8,512,1,CNN_common,resnet152,9e02dd969680ceca59b4449fcf0169d326882a2eaede1372be887f82871b056b,True,False,True,71447
8,512,1,CNN_common,resnet50,891769ed26fa59481e0af04490b384bb18159136eb5854a3de3c0e3ef2f6fa7d,True,False,True,27840
8,512,1,CNN_common,resnext50,3b37f7b141687525ca18fa4e1e2f94b0d12da008021585c7345bf30c4395d5c5,True,False,True,20614
8,512,1,CNN_common,vgg19,dc6066b5a4e2a10cf0453e2e16d5b10b4e75975207369ad7a4925c76dcaaf0b2,True,False,True,83629
8,512,1,RNN_common,gnmt,d48d5641960df4035412010206aa35fb256b05372431660f5dc628581b6fdb56,True,True,True,15674
8,512,1,RNN_common,lstm,44b2a07ec947b28ee3fbe29b79a6066718b4de44752c73ff2f04f44987168723,True,True,True,15662
8,512,1,Transformer_common,bert_block,2a53a285b64e925175d665ff7cadb805ffdb40c88c3598fe6bbdc8653b73f553,True,False,True,29108
8,512,1,Transformer_common,gpt_decode_block,46bf7b0ab4eb50cee81c5c606963673aff88eff1d3dad426d9b1496a6318dd99,True,False,True,6112
8,512,1,Transformer_common,gpt_prefill_block,73370ccfed4aee3b23cbe2ae9b1a75f3ee0ddac11c0e30cbd2f4c2dc13d76235,True,False,True,55126
8,512,1,Transformer_common,transformer,b8bcd09f31ae4dba914f4e92c24be86f285074ea908365970f0a5d84509071b5,True,False,True,187392
8,512,1,Transformer_common,transformer_cell,c237e9a74fbb4104c29daacad97d751ee29d3ff285e07f5d2807f7ebf3de5782,True,False,True,32512
8,512,1,individual,bert_block,2a53a285b64e925175d665ff7cadb805ffdb40c88c3598fe6bbdc8653b73f553,True,True,True,29108
8,512,1,individual,darknet19,f19b4f96b0e81db731ad8c99974dba7070057fbceec6978506ce5c3a5a31e614,True,True,True,15126
8,512,1,individual,densenet,80b6c2ce75276257eb43246503b00cd0903688a3ff545f85363b3f2d4705b318,True,True,True,20782
8,512,1,individual,gnmt,d48d5641960df4035412010206aa35fb256b05372431660f5dc628581b6fdb56,True,True,True,15674
8,512,1,individual,googlenet,015955490edffdcfade5c01be5fc86f35fa914941dada4c80a50e23153fac427,True,True,True,11098
8,512,1,individual,gpt_decode_block,46bf7b0ab4eb50cee81c5c606963673aff88eff1d3dad426d9b1496a6318dd99,True,False,True,6112
8,512,1,individual,gpt_prefill_block,73370ccfed4aee3b23cbe2ae9b1a75f3ee0ddac11c0e30cbd2f4c2dc13d76235,True,False,True,55126
8,512,1,individual,inception_resnet_v1,c514b47acfe8d974af9853677ff265608390603971c34654894409054c1be38c,True,True,True,58183
8,512,1,individual,lstm,44b2a07ec947b28ee3fbe29b79a6066718b4de44752c73ff2f04f44987168723,True,True,True,15662
8,512,1,individual,pnasnet,148855fe1c086dd9e67fe03c99c64daede7bc1b754020aecdff35a35121cef75,True,False,True,278567
8,512,1,individual,resnet101,e6e0a2ffe086b5021c8195c631e878be2ee9f28a179c48396cf814196603858c,True,True,True,49125
8,512,1,individual,resnet152,9e02dd969680ceca59b4449fcf0169d326882a2eaede1372be887f82871b056b,True,False,True,71447
8,512,1,individual,resnet50,891769ed26fa59481e0af04490b384bb18159136eb5854a3de3c0e3ef2f6fa7d,True,True,True,27840
8,512,1,individual,resnext50,3b37f7b141687525ca18fa4e1e2f94b0d12da008021585c7345bf30c4395d5c5,True,True,True,20614
8,512,1,individual,transformer,b8bcd09f31ae4dba914f4e92c24be86f285074ea908365970f0a5d84509071b5,True,False,True,187392
8,512,1,individual,transformer_cell,c237e9a74fbb4104c29daacad97d751ee29d3ff285e07f5d2807f7ebf3de5782,True,True,True,32512
8,512,1,individual,vgg19,dc6066b5a4e2a10cf0453e2e16d5b10b4e75975207369ad7a4925c76dcaaf0b2,True,True,True,83629
8,512,16,individual,gnmt,3015bb26d75219f27faa2c2a97f4313b992d4e727d1eefc75d0a45a16c7fa65a,True,False,True,15906
8,512,4,RNN_common,gnmt,8388e0762003576bf768e5fa2baf455a7d34d3b012df7a895c93f75a1f650c7a,True,False,True,29298
8,512,4,RNN_common,lstm,c160533461178dda326a5a497c0f877976f789117569bdea42664a943a3e960f,True,False,True,32355
8,512,4,individual,gnmt,8388e0762003576bf768e5fa2baf455a7d34d3b012df7a895c93f75a1f650c7a,True,True,True,29298
8,512,4,individual,lstm,c160533461178dda326a5a497c0f877976f789117569bdea42664a943a3e960f,True,True,True,32355
8,64,1,ALL17_common,bert_block,ea0f96c48789dc958e427e7e294b21fe866bc57a140e61a8fb04a5ac5ede2ad1,True,True,True,169984
8,64,1,ALL17_common,darknet19,2b8b6d9eab570ba9db2b096fcb2676f324213912b6cc912fd4614c044605c8c2,True,True,True,90892
8,64,1,ALL17_common,densenet,a05439dbf4cf5853dcbc022735efa087ff5bfb1d29a1b3f8508eef76caee85bc,True,True,True,96059
8,64,1,ALL17_common,gnmt,dbd1251682161f0fed2112ba54937eefc54a3a39ceebad05bd275dca5b66a582,True,True,True,15674
8,64,1,ALL17_common,googlenet,dd54cf83ed4de3e39b89c601cb6db3239395f6dc86e5caa3109effebc57f06e6,True,True,True,61911
8,64,1,ALL17_common,gpt_decode_block,d81522cedeba2c6f143e5f54a172f5e28e62042da8b11191abe75972134e2a2f,True,True,True,8173
8,64,1,ALL17_common,gpt_prefill_block,9fb020f0555bf792bdf64d2231511a0465bc1999254daeeec29c0e960521ab81,True,True,True,323200
8,64,1,ALL17_common,inception_resnet_v1,997ca7cd4d8f08a68370dbb929626ef4a2e303e2d073174d050152348a8288a2,True,True,True,226437
8,64,1,ALL17_common,lstm,3044d9c277a7f3497d8f479579de020a7fedcf2f5bef347f611a8522b0311caa,True,True,True,15666
8,64,1,ALL17_common,pnasnet,58f837a56b9bdc074c0b852bc9162718f6cc9bed3284c22df110e31451ec6987,True,True,True,1286539
8,64,1,ALL17_common,resnet101,0307b73b3f7f4ac304166dc4bddfddda93a0ac99926355a42c4dc829adc8f279,True,True,True,261020
8,64,1,ALL17_common,resnet152,a66e4c0a27fb4fe6ef5e3528c5902be0c33a631ffe39744905e846435e39c9e8,True,True,True,387888
8,64,1,ALL17_common,resnet50,04495a3bbab1e543e7b6d34f544c6ab8c4fdb30069ebe323a936e2180fb7409a,True,True,True,132024
8,64,1,ALL17_common,resnext50,de17c87cab01c7ad1fa1ebfbf20f27933a6cdba21978ee2f4abbae5d234d72a4,True,True,True,74613
8,64,1,ALL17_common,transformer,175f752b8933c206899e602088e4947d370a95ec84a9bc02930e4cd9b5acd94f,True,True,True,898048
8,64,1,ALL17_common,transformer_cell,ace6a2df2a7d74ed72c55e5c200a25b52c1f3b2572e23b57bd8dfcc30cfbf2f2,True,True,True,156928
8,64,1,ALL17_common,vgg19,5d573aef717a615a225b9ddbeae461fab4bc4c14f832cde65c3bc32da3c0fb1e,True,True,True,599221
8,64,1,CNN_common,darknet19,2b8b6d9eab570ba9db2b096fcb2676f324213912b6cc912fd4614c044605c8c2,True,True,True,90892
8,64,1,CNN_common,densenet,a05439dbf4cf5853dcbc022735efa087ff5bfb1d29a1b3f8508eef76caee85bc,True,True,True,96059
8,64,1,CNN_common,googlenet,dd54cf83ed4de3e39b89c601cb6db3239395f6dc86e5caa3109effebc57f06e6,True,True,True,61911
8,64,1,CNN_common,inception_resnet_v1,997ca7cd4d8f08a68370dbb929626ef4a2e303e2d073174d050152348a8288a2,True,True,True,226437
8,64,1,CNN_common,pnasnet,58f837a56b9bdc074c0b852bc9162718f6cc9bed3284c22df110e31451ec6987,True,True,True,1286539
8,64,1,CNN_common,resnet101,0307b73b3f7f4ac304166dc4bddfddda93a0ac99926355a42c4dc829adc8f279,True,True,True,261020
8,64,1,CNN_common,resnet152,a66e4c0a27fb4fe6ef5e3528c5902be0c33a631ffe39744905e846435e39c9e8,True,True,True,387888
8,64,1,CNN_common,resnet50,04495a3bbab1e543e7b6d34f544c6ab8c4fdb30069ebe323a936e2180fb7409a,True,True,True,132024
8,64,1,CNN_common,resnext50,de17c87cab01c7ad1fa1ebfbf20f27933a6cdba21978ee2f4abbae5d234d72a4,True,True,True,74613
8,64,1,CNN_common,vgg19,5d573aef717a615a225b9ddbeae461fab4bc4c14f832cde65c3bc32da3c0fb1e,True,True,True,599221
8,64,1,RNN_common,gnmt,dbd1251682161f0fed2112ba54937eefc54a3a39ceebad05bd275dca5b66a582,True,True,True,15674
8,64,1,RNN_common,lstm,3044d9c277a7f3497d8f479579de020a7fedcf2f5bef347f611a8522b0311caa,True,True,True,15666
8,64,1,Transformer_common,bert_block,ea0f96c48789dc958e427e7e294b21fe866bc57a140e61a8fb04a5ac5ede2ad1,True,True,True,169984
8,64,1,Transformer_common,gpt_decode_block,d81522cedeba2c6f143e5f54a172f5e28e62042da8b11191abe75972134e2a2f,True,True,True,8173
8,64,1,Transformer_common,gpt_prefill_block,9fb020f0555bf792bdf64d2231511a0465bc1999254daeeec29c0e960521ab81,True,True,True,323200
8,64,1,Transformer_common,transformer,175f752b8933c206899e602088e4947d370a95ec84a9bc02930e4cd9b5acd94f,True,True,True,898048
8,64,1,Transformer_common,transformer_cell,ace6a2df2a7d74ed72c55e5c200a25b52c1f3b2572e23b57bd8dfcc30cfbf2f2,True,True,True,156928
8,64,1,individual,bert_block,ea0f96c48789dc958e427e7e294b21fe866bc57a140e61a8fb04a5ac5ede2ad1,True,True,True,169984
8,64,1,individual,darknet19,2b8b6d9eab570ba9db2b096fcb2676f324213912b6cc912fd4614c044605c8c2,True,True,True,90892
8,64,1,individual,densenet,a05439dbf4cf5853dcbc022735efa087ff5bfb1d29a1b3f8508eef76caee85bc,True,True,True,96059
8,64,1,individual,gnmt,dbd1251682161f0fed2112ba54937eefc54a3a39ceebad05bd275dca5b66a582,True,True,True,15674
8,64,1,individual,googlenet,dd54cf83ed4de3e39b89c601cb6db3239395f6dc86e5caa3109effebc57f06e6,True,True,True,61911
8,64,1,individual,gpt_decode_block,d81522cedeba2c6f143e5f54a172f5e28e62042da8b11191abe75972134e2a2f,True,True,True,8173
8,64,1,individual,gpt_prefill_block,9fb020f0555bf792bdf64d2231511a0465bc1999254daeeec29c0e960521ab81,True,True,True,323200
8,64,1,individual,inception_resnet_v1,997ca7cd4d8f08a68370dbb929626ef4a2e303e2d073174d050152348a8288a2,True,True,True,226437
8,64,1,individual,lstm,3044d9c277a7f3497d8f479579de020a7fedcf2f5bef347f611a8522b0311caa,True,True,True,15666
8,64,1,individual,pnasnet,58f837a56b9bdc074c0b852bc9162718f6cc9bed3284c22df110e31451ec6987,True,True,True,1286539
8,64,1,individual,resnet101,0307b73b3f7f4ac304166dc4bddfddda93a0ac99926355a42c4dc829adc8f279,True,True,True,261020
8,64,1,individual,resnet152,a66e4c0a27fb4fe6ef5e3528c5902be0c33a631ffe39744905e846435e39c9e8,True,True,True,387888
8,64,1,individual,resnet50,04495a3bbab1e543e7b6d34f544c6ab8c4fdb30069ebe323a936e2180fb7409a,True,True,True,132024
8,64,1,individual,resnext50,de17c87cab01c7ad1fa1ebfbf20f27933a6cdba21978ee2f4abbae5d234d72a4,True,True,True,74613
8,64,1,individual,transformer,175f752b8933c206899e602088e4947d370a95ec84a9bc02930e4cd9b5acd94f,True,True,True,898048
8,64,1,individual,transformer_cell,ace6a2df2a7d74ed72c55e5c200a25b52c1f3b2572e23b57bd8dfcc30cfbf2f2,True,True,True,156928
8,64,1,individual,vgg19,5d573aef717a615a225b9ddbeae461fab4bc4c14f832cde65c3bc32da3c0fb1e,True,True,True,599221
8,64,16,ALL17_common,bert_block,e35ac4b16302b28f18ba4cfb2c0a0d872f83073a0c88bb38ccce5d904027d7fd,True,True,True,19679
8,64,16,ALL17_common,darknet19,4e6a318cbecaa0b40b01c4806c781c2807754d8d687c7507758b26363059ccbe,True,True,True,10639
8,64,16,ALL17_common,densenet,e70be0560e70343cd9901530443c539c39a1c02e37055c20a3b90180676b16b4,True,True,True,21308
8,64,16,ALL17_common,gnmt,9b6fd101f346d11c1cd89f984fe9b3a219da705e6c494195255a12f3d14688d9,True,True,True,15698
8,64,16,ALL17_common,googlenet,d38d3c8b8e439cd8a5b04060d79375d96bb92ecd1de18333e5f4ac0003ff0305,True,True,True,10563
8,64,16,ALL17_common,gpt_decode_block,268afe6a5efe661fba581dbd44a165b2737e8958b7d22b92024e6a8acf6d214e,True,True,True,6177
8,64,16,ALL17_common,gpt_prefill_block,7c60e8e7f62deded8b1a0fa054ec9a837536e3ce7f18e7ba8c410c99cd9748f6,True,True,True,35072
8,64,16,ALL17_common,inception_resnet_v1,caf872e256e62fba252c95b3cd3093ba22801499e557dfe841cba090ce7743dd,True,True,True,52378
8,64,16,ALL17_common,lstm,71bae4bf271cdc9038e9d0c5b55a8832cafcca954cf3b01f32631c6adf8c88ea,True,True,True,15664
8,64,16,ALL17_common,pnasnet,9f3437bf33553e5e3214f032d1923ca609010443d86045f5244c65efdb6d5143,True,True,True,208613
8,64,16,ALL17_common,resnet101,cde32a6af1910132ddc477685067db7dd22511ae4d86b0b1295248a90aa60d22,True,True,True,45372
8,64,16,ALL17_common,resnet152,246afd885cc42f17d0542ab8af2cffb3cb92ae52c59dcd5db530a2e8a5585bac,True,True,True,64862
8,64,16,ALL17_common,resnet50,3d4e251e4ffa1d09bc7b73056d88a3a06a49150220c6f11c33d634bed051161c,True,True,True,26385
8,64,16,ALL17_common,resnext50,76f4f286242e919ebcb1561ba8090fbe4c048fcaff7d0c658e65c92b48322195,True,True,True,21755
8,64,16,ALL17_common,transformer,87815df5b1464e4d6b645f1fdbb5b83a0344df4db81804fab830c1ba50df33e1,True,True,True,161240
8,64,16,ALL17_common,transformer_cell,803a9c2bbadda0482e26add06d2adcd6d1e56da8daf5f9f1f03d99eadae7465e,True,True,True,27642
8,64,16,ALL17_common,vgg19,33c482fe8766efaa486b11cb65c08f7802aa1b555a6c997946dfbde6eacf62be,True,True,True,46656
8,64,16,CNN_common,darknet19,4e6a318cbecaa0b40b01c4806c781c2807754d8d687c7507758b26363059ccbe,True,True,True,10639
8,64,16,CNN_common,densenet,e70be0560e70343cd9901530443c539c39a1c02e37055c20a3b90180676b16b4,True,True,True,21308
8,64,16,CNN_common,googlenet,d38d3c8b8e439cd8a5b04060d79375d96bb92ecd1de18333e5f4ac0003ff0305,True,True,True,10563
8,64,16,CNN_common,inception_resnet_v1,caf872e256e62fba252c95b3cd3093ba22801499e557dfe841cba090ce7743dd,True,True,True,52378
8,64,16,CNN_common,pnasnet,9f3437bf33553e5e3214f032d1923ca609010443d86045f5244c65efdb6d5143,True,True,True,208613
8,64,16,CNN_common,resnet101,cde32a6af1910132ddc477685067db7dd22511ae4d86b0b1295248a90aa60d22,True,True,True,45372
8,64,16,CNN_common,resnet152,246afd885cc42f17d0542ab8af2cffb3cb92ae52c59dcd5db530a2e8a5585bac,True,True,True,64862
8,64,16,CNN_common,resnet50,3d4e251e4ffa1d09bc7b73056d88a3a06a49150220c6f11c33d634bed051161c,True,True,True,26385
8,64,16,CNN_common,resnext50,76f4f286242e919ebcb1561ba8090fbe4c048fcaff7d0c658e65c92b48322195,True,True,True,21755
8,64,16,CNN_common,vgg19,33c482fe8766efaa486b11cb65c08f7802aa1b555a6c997946dfbde6eacf62be,True,True,True,46656
8,64,16,RNN_common,gnmt,9b6fd101f346d11c1cd89f984fe9b3a219da705e6c494195255a12f3d14688d9,True,True,True,15698
8,64,16,RNN_common,lstm,71bae4bf271cdc9038e9d0c5b55a8832cafcca954cf3b01f32631c6adf8c88ea,True,True,True,15664
8,64,16,Transformer_common,bert_block,e35ac4b16302b28f18ba4cfb2c0a0d872f83073a0c88bb38ccce5d904027d7fd,True,True,True,19679
8,64,16,Transformer_common,gpt_decode_block,268afe6a5efe661fba581dbd44a165b2737e8958b7d22b92024e6a8acf6d214e,True,True,True,6177
8,64,16,Transformer_common,gpt_prefill_block,7c60e8e7f62deded8b1a0fa054ec9a837536e3ce7f18e7ba8c410c99cd9748f6,True,True,True,35072
8,64,16,Transformer_common,transformer,87815df5b1464e4d6b645f1fdbb5b83a0344df4db81804fab830c1ba50df33e1,True,True,True,161240
8,64,16,Transformer_common,transformer_cell,803a9c2bbadda0482e26add06d2adcd6d1e56da8daf5f9f1f03d99eadae7465e,True,True,True,27642
8,64,16,individual,bert_block,e35ac4b16302b28f18ba4cfb2c0a0d872f83073a0c88bb38ccce5d904027d7fd,True,True,True,19679
8,64,16,individual,darknet19,4e6a318cbecaa0b40b01c4806c781c2807754d8d687c7507758b26363059ccbe,True,True,True,10639
8,64,16,individual,densenet,e70be0560e70343cd9901530443c539c39a1c02e37055c20a3b90180676b16b4,True,True,True,21308
8,64,16,individual,gnmt,9b6fd101f346d11c1cd89f984fe9b3a219da705e6c494195255a12f3d14688d9,True,True,True,15698
8,64,16,individual,googlenet,d38d3c8b8e439cd8a5b04060d79375d96bb92ecd1de18333e5f4ac0003ff0305,True,True,True,10563
8,64,16,individual,gpt_decode_block,268afe6a5efe661fba581dbd44a165b2737e8958b7d22b92024e6a8acf6d214e,True,True,True,6177
8,64,16,individual,gpt_prefill_block,7c60e8e7f62deded8b1a0fa054ec9a837536e3ce7f18e7ba8c410c99cd9748f6,True,True,True,35072
8,64,16,individual,inception_resnet_v1,caf872e256e62fba252c95b3cd3093ba22801499e557dfe841cba090ce7743dd,True,True,True,52378
8,64,16,individual,lstm,71bae4bf271cdc9038e9d0c5b55a8832cafcca954cf3b01f32631c6adf8c88ea,True,True,True,15664
8,64,16,individual,pnasnet,9f3437bf33553e5e3214f032d1923ca609010443d86045f5244c65efdb6d5143,True,True,True,208613
8,64,16,individual,resnet101,cde32a6af1910132ddc477685067db7dd22511ae4d86b0b1295248a90aa60d22,True,True,True,45372
8,64,16,individual,resnet152,246afd885cc42f17d0542ab8af2cffb3cb92ae52c59dcd5db530a2e8a5585bac,True,True,True,64862
8,64,16,individual,resnet50,3d4e251e4ffa1d09bc7b73056d88a3a06a49150220c6f11c33d634bed051161c,True,True,True,26385
8,64,16,individual,resnext50,76f4f286242e919ebcb1561ba8090fbe4c048fcaff7d0c658e65c92b48322195,True,True,True,21755
8,64,16,individual,transformer,87815df5b1464e4d6b645f1fdbb5b83a0344df4db81804fab830c1ba50df33e1,True,True,True,161240
8,64,16,individual,transformer_cell,803a9c2bbadda0482e26add06d2adcd6d1e56da8daf5f9f1f03d99eadae7465e,True,True,True,27642
8,64,16,individual,vgg19,33c482fe8766efaa486b11cb65c08f7802aa1b555a6c997946dfbde6eacf62be,True,True,True,46656
8,64,4,ALL17_common,bert_block,cf9f5488ca712b08ad37bcb06fa9e5bba372c9f0e8d313c730db265d0d5b4cc7,True,True,True,49632
8,64,4,ALL17_common,darknet19,213f87df4d5f8bcbbb2fab5db0bf80823858e6f1033e6aeff9ef64fe4b3a2c34,True,True,True,25900
8,64,4,ALL17_common,densenet,5e3ef10fc1996e0eb46409a5674962b4f33953eff6165066f45849a8337f0f19,True,True,True,31872
8,64,4,ALL17_common,gnmt,80ac58c41545a990f6cb74875464a4409b92ecb54f90f200070587e00e8b2ef3,True,True,True,32774
8,64,4,ALL17_common,googlenet,b925508ebe520497f05768fe6f1e252f4d4110c51d0b93b44bbcef405829a233,True,True,True,18879
8,64,4,ALL17_common,gpt_decode_block,e361f35bb2335f58c2897e07e80c9fa21f1c178518f294ad0731857e02a20e99,True,True,True,6679
8,64,4,ALL17_common,gpt_prefill_block,34af7c01a30d6e31af753ac5da6b25d430c2730ca2ee9a1a80b8b9377d5aa725,True,True,True,92503
8,64,4,ALL17_common,inception_resnet_v1,0685c3df721a1e63a64fdd320cf218621f811c4a1a23f416423930a9eb621f31,True,True,True,84514
8,64,4,ALL17_common,lstm,252fb42af4d1d17d1537d78fe1569a1fd11548a211af70fc91a63abb033d5a2b,True,True,True,47336
8,64,4,ALL17_common,pnasnet,25101f65f236c0c01a6cf272c43c4a22f96422f16fef2678e6d7e84d2d69d1aa,True,True,True,424745
8,64,4,ALL17_common,resnet101,730090cce9df966b9f85db2175efaa70d3e9ef1a440cd399b292af3e8e42eaea,True,True,True,79398
8,64,4,ALL17_common,resnet152,81f4b891dff0bf8983edbf122ef22b7222212687e4f253f625033316a648fa99,True,True,True,116486
8,64,4,ALL17_common,resnet50,3b15cc8508fa654d4115ce518563e49fd7e5325b070079bd0276660a03c0b0c3,True,True,True,42643
8,64,4,ALL17_common,resnext50,cfe9df9a7c305f9473084003604b39c14a95fa0ae73bb0e3484b58b3d5bfb0a7,True,True,True,27498
8,64,4,ALL17_common,transformer,639ddbfea3169d19791406e8113d17f42bea058c83972b3b2bf501fad9b9d15a,True,True,True,282352
8,64,4,ALL17_common,transformer_cell,c5b6d97dc1a29529bdd110a308f3e2d737d19cc54aa8138b76e84f4676cba527,True,True,True,49192
8,64,4,ALL17_common,vgg19,8c6335b828f9e6a6eaa1548ba31e1392fad57de56bdcb3f94cce7c88075b7458,True,True,True,155197
8,64,4,CNN_common,darknet19,213f87df4d5f8bcbbb2fab5db0bf80823858e6f1033e6aeff9ef64fe4b3a2c34,True,True,True,25900
8,64,4,CNN_common,densenet,5e3ef10fc1996e0eb46409a5674962b4f33953eff6165066f45849a8337f0f19,True,True,True,31872
8,64,4,CNN_common,googlenet,b925508ebe520497f05768fe6f1e252f4d4110c51d0b93b44bbcef405829a233,True,True,True,18879
8,64,4,CNN_common,inception_resnet_v1,0685c3df721a1e63a64fdd320cf218621f811c4a1a23f416423930a9eb621f31,True,True,True,84514
8,64,4,CNN_common,pnasnet,25101f65f236c0c01a6cf272c43c4a22f96422f16fef2678e6d7e84d2d69d1aa,True,True,True,424745
8,64,4,CNN_common,resnet101,730090cce9df966b9f85db2175efaa70d3e9ef1a440cd399b292af3e8e42eaea,True,True,True,79398
8,64,4,CNN_common,resnet152,81f4b891dff0bf8983edbf122ef22b7222212687e4f253f625033316a648fa99,True,True,True,116486
8,64,4,CNN_common,resnet50,3b15cc8508fa654d4115ce518563e49fd7e5325b070079bd0276660a03c0b0c3,True,True,True,42643
8,64,4,CNN_common,resnext50,cfe9df9a7c305f9473084003604b39c14a95fa0ae73bb0e3484b58b3d5bfb0a7,True,True,True,27498
8,64,4,CNN_common,vgg19,8c6335b828f9e6a6eaa1548ba31e1392fad57de56bdcb3f94cce7c88075b7458,True,True,True,155197
8,64,4,RNN_common,gnmt,80ac58c41545a990f6cb74875464a4409b92ecb54f90f200070587e00e8b2ef3,True,True,True,32774
8,64,4,RNN_common,lstm,252fb42af4d1d17d1537d78fe1569a1fd11548a211af70fc91a63abb033d5a2b,True,True,True,47336
8,64,4,Transformer_common,bert_block,cf9f5488ca712b08ad37bcb06fa9e5bba372c9f0e8d313c730db265d0d5b4cc7,True,True,True,49632
8,64,4,Transformer_common,gpt_decode_block,e361f35bb2335f58c2897e07e80c9fa21f1c178518f294ad0731857e02a20e99,True,True,True,6679
8,64,4,Transformer_common,gpt_prefill_block,34af7c01a30d6e31af753ac5da6b25d430c2730ca2ee9a1a80b8b9377d5aa725,True,True,True,92503
8,64,4,Transformer_common,transformer,639ddbfea3169d19791406e8113d17f42bea058c83972b3b2bf501fad9b9d15a,True,True,True,282352
8,64,4,Transformer_common,transformer_cell,c5b6d97dc1a29529bdd110a308f3e2d737d19cc54aa8138b76e84f4676cba527,True,True,True,49192
8,64,4,individual,bert_block,cf9f5488ca712b08ad37bcb06fa9e5bba372c9f0e8d313c730db265d0d5b4cc7,True,True,True,49632
8,64,4,individual,darknet19,213f87df4d5f8bcbbb2fab5db0bf80823858e6f1033e6aeff9ef64fe4b3a2c34,True,True,True,25900
8,64,4,individual,densenet,5e3ef10fc1996e0eb46409a5674962b4f33953eff6165066f45849a8337f0f19,True,True,True,31872
8,64,4,individual,gnmt,80ac58c41545a990f6cb74875464a4409b92ecb54f90f200070587e00e8b2ef3,True,True,True,32774
8,64,4,individual,googlenet,b925508ebe520497f05768fe6f1e252f4d4110c51d0b93b44bbcef405829a233,True,True,True,18879
8,64,4,individual,gpt_decode_block,e361f35bb2335f58c2897e07e80c9fa21f1c178518f294ad0731857e02a20e99,True,True,True,6679
8,64,4,individual,gpt_prefill_block,34af7c01a30d6e31af753ac5da6b25d430c2730ca2ee9a1a80b8b9377d5aa725,True,True,True,92503
8,64,4,individual,inception_resnet_v1,0685c3df721a1e63a64fdd320cf218621f811c4a1a23f416423930a9eb621f31,True,True,True,84514
8,64,4,individual,lstm,252fb42af4d1d17d1537d78fe1569a1fd11548a211af70fc91a63abb033d5a2b,True,True,True,47336
8,64,4,individual,pnasnet,25101f65f236c0c01a6cf272c43c4a22f96422f16fef2678e6d7e84d2d69d1aa,True,True,True,424745
8,64,4,individual,resnet101,730090cce9df966b9f85db2175efaa70d3e9ef1a440cd399b292af3e8e42eaea,True,True,True,79398
8,64,4,individual,resnet152,81f4b891dff0bf8983edbf122ef22b7222212687e4f253f625033316a648fa99,True,True,True,116486
8,64,4,individual,resnet50,3b15cc8508fa654d4115ce518563e49fd7e5325b070079bd0276660a03c0b0c3,True,True,True,42643
8,64,4,individual,resnext50,cfe9df9a7c305f9473084003604b39c14a95fa0ae73bb0e3484b58b3d5bfb0a7,True,True,True,27498
8,64,4,individual,transformer,639ddbfea3169d19791406e8113d17f42bea058c83972b3b2bf501fad9b9d15a,True,True,True,282352
8,64,4,individual,transformer_cell,c5b6d97dc1a29529bdd110a308f3e2d737d19cc54aa8138b76e84f4676cba527,True,True,True,49192
8,64,4,individual,vgg19,8c6335b828f9e6a6eaa1548ba31e1392fad57de56bdcb3f94cce7c88075b7458,True,True,True,155197
8,8,1,ALL17_common,bert_block,77befa0c23b038ec8ff01595c6d250210e22294a6fc61b2b6d93ba9a6e0869ae,True,True,True,1339392
8,8,1,ALL17_common,darknet19,bca08b9bc6f921b8ea9c4b2794a5845ee2baee0b2f9f66143493c99799a1ef0c,True,True,True,697560
8,8,1,ALL17_common,densenet,e599689258c785a1c3aaf70a05f8ff033f925cb1d050a7843ee0603697763efd,True,True,True,721476
8,8,1,ALL17_common,gnmt,62407045e5392f9ab30ec72c32de3c9494f1695ea04bc778cdb4e44fd07aaf60,True,True,True,31864
8,8,1,ALL17_common,googlenet,26b262e3c0f21665674a59b8be64da275a9bd7fa3e87b2a55c636921ae06d39c,True,True,True,456859
8,8,1,ALL17_common,gpt_decode_block,f59b0284ac6c634ba5a37875b880fbc80928b173f1decec27ced97ef700ff3b7,True,True,True,17623
8,8,1,ALL17_common,gpt_prefill_block,313ac5eb72be8dc00804987889956207e4d3fbb3f17ad4b66a47c04e38657a1d,True,True,True,2553600
8,8,1,ALL17_common,inception_resnet_v1,14d56f9085e51a59736b39640a2041c72435dbf875c162b01a22a005413c90a2,True,True,True,1607136
8,8,1,ALL17_common,lstm,b0b6e67e2a0c81c893267ed271d852054bd211d8108d3abab66624280b6bb046,True,True,True,31800
8,8,1,ALL17_common,pnasnet,26287c6b162c21ded72eee03f5c89be0850cfc60c49a24f1c2a426f0b27b1950,True,True,True,9277801
8,8,1,ALL17_common,resnet101,ee7e5e09d2ce3f42cf21abc4e472e33e940adeaffda4a016e2d5f132ce5aad6d,True,True,True,1935528
8,8,1,ALL17_common,resnet152,c51f774b2295057c8b9f8adee3d42219c65ba624cf0a45e0b440a1740d76e13d,True,True,True,2874760
8,8,1,ALL17_common,resnet50,732aa97d2fae79f0e604252942af6d2fe95affe3ca7af8ee0d9ff836aab48718,True,True,True,1002568
8,8,1,ALL17_common,resnext50,c9de949d8ed80e03d19caf61c7eccdcfd43067b63bdc545d394cce51f7c9dae3,True,True,True,578560
8,8,1,ALL17_common,transformer,e47fefa6347d1775f336e61687cb4a307dd8b26f0f56821621dc4ee1c657a06f,True,True,True,6998016
8,8,1,ALL17_common,transformer_cell,3f7626e916bda519ee2db32318459639e1e9a99d2b6729c83435eb759346b9d9,True,True,True,1222656
8,8,1,ALL17_common,vgg19,dde3d2607189a21e65d9574f8a5b6f47bce0c61a556658dc857c7a6931e6ebbe,True,True,True,4793768
8,8,1,CNN_common,darknet19,bca08b9bc6f921b8ea9c4b2794a5845ee2baee0b2f9f66143493c99799a1ef0c,True,True,True,697560
8,8,1,CNN_common,densenet,e599689258c785a1c3aaf70a05f8ff033f925cb1d050a7843ee0603697763efd,True,True,True,721476
8,8,1,CNN_common,googlenet,26b262e3c0f21665674a59b8be64da275a9bd7fa3e87b2a55c636921ae06d39c,True,True,True,456859
8,8,1,CNN_common,inception_resnet_v1,14d56f9085e51a59736b39640a2041c72435dbf875c162b01a22a005413c90a2,True,True,True,1607136
8,8,1,CNN_common,pnasnet,26287c6b162c21ded72eee03f5c89be0850cfc60c49a24f1c2a426f0b27b1950,True,True,True,9277801
8,8,1,CNN_common,resnet101,ee7e5e09d2ce3f42cf21abc4e472e33e940adeaffda4a016e2d5f132ce5aad6d,True,True,True,1935528
8,8,1,CNN_common,resnet152,c51f774b2295057c8b9f8adee3d42219c65ba624cf0a45e0b440a1740d76e13d,True,True,True,2874760
8,8,1,CNN_common,resnet50,732aa97d2fae79f0e604252942af6d2fe95affe3ca7af8ee0d9ff836aab48718,True,True,True,1002568
8,8,1,CNN_common,resnext50,c9de949d8ed80e03d19caf61c7eccdcfd43067b63bdc545d394cce51f7c9dae3,True,True,True,578560
8,8,1,CNN_common,vgg19,dde3d2607189a21e65d9574f8a5b6f47bce0c61a556658dc857c7a6931e6ebbe,True,True,True,4793768
8,8,1,RNN_common,gnmt,62407045e5392f9ab30ec72c32de3c9494f1695ea04bc778cdb4e44fd07aaf60,True,True,True,31864
8,8,1,RNN_common,lstm,b0b6e67e2a0c81c893267ed271d852054bd211d8108d3abab66624280b6bb046,True,True,True,31800
8,8,1,Transformer_common,bert_block,77befa0c23b038ec8ff01595c6d250210e22294a6fc61b2b6d93ba9a6e0869ae,True,True,True,1339392
8,8,1,Transformer_common,gpt_decode_block,f59b0284ac6c634ba5a37875b880fbc80928b173f1decec27ced97ef700ff3b7,True,True,True,17623
8,8,1,Transformer_common,gpt_prefill_block,313ac5eb72be8dc00804987889956207e4d3fbb3f17ad4b66a47c04e38657a1d,True,True,True,2553600
8,8,1,Transformer_common,transformer,e47fefa6347d1775f336e61687cb4a307dd8b26f0f56821621dc4ee1c657a06f,True,True,True,6998016
8,8,1,Transformer_common,transformer_cell,3f7626e916bda519ee2db32318459639e1e9a99d2b6729c83435eb759346b9d9,True,True,True,1222656
8,8,1,individual,bert_block,77befa0c23b038ec8ff01595c6d250210e22294a6fc61b2b6d93ba9a6e0869ae,True,True,True,1339392
8,8,1,individual,darknet19,bca08b9bc6f921b8ea9c4b2794a5845ee2baee0b2f9f66143493c99799a1ef0c,True,True,True,697560
8,8,1,individual,densenet,e599689258c785a1c3aaf70a05f8ff033f925cb1d050a7843ee0603697763efd,True,True,True,721476
8,8,1,individual,gnmt,62407045e5392f9ab30ec72c32de3c9494f1695ea04bc778cdb4e44fd07aaf60,True,True,True,31864
8,8,1,individual,googlenet,26b262e3c0f21665674a59b8be64da275a9bd7fa3e87b2a55c636921ae06d39c,True,True,True,456859
8,8,1,individual,gpt_decode_block,f59b0284ac6c634ba5a37875b880fbc80928b173f1decec27ced97ef700ff3b7,True,True,True,17623
8,8,1,individual,gpt_prefill_block,313ac5eb72be8dc00804987889956207e4d3fbb3f17ad4b66a47c04e38657a1d,True,True,True,2553600
8,8,1,individual,inception_resnet_v1,14d56f9085e51a59736b39640a2041c72435dbf875c162b01a22a005413c90a2,True,True,True,1607136
8,8,1,individual,lstm,b0b6e67e2a0c81c893267ed271d852054bd211d8108d3abab66624280b6bb046,True,True,True,31800
8,8,1,individual,pnasnet,26287c6b162c21ded72eee03f5c89be0850cfc60c49a24f1c2a426f0b27b1950,True,True,True,9277801
8,8,1,individual,resnet101,ee7e5e09d2ce3f42cf21abc4e472e33e940adeaffda4a016e2d5f132ce5aad6d,True,True,True,1935528
8,8,1,individual,resnet152,c51f774b2295057c8b9f8adee3d42219c65ba624cf0a45e0b440a1740d76e13d,True,True,True,2874760
8,8,1,individual,resnet50,732aa97d2fae79f0e604252942af6d2fe95affe3ca7af8ee0d9ff836aab48718,True,True,True,1002568
8,8,1,individual,resnext50,c9de949d8ed80e03d19caf61c7eccdcfd43067b63bdc545d394cce51f7c9dae3,True,True,True,578560
8,8,1,individual,transformer,e47fefa6347d1775f336e61687cb4a307dd8b26f0f56821621dc4ee1c657a06f,True,True,True,6998016
8,8,1,individual,transformer_cell,3f7626e916bda519ee2db32318459639e1e9a99d2b6729c83435eb759346b9d9,True,True,True,1222656
8,8,1,individual,vgg19,dde3d2607189a21e65d9574f8a5b6f47bce0c61a556658dc857c7a6931e6ebbe,True,True,True,4793768
8,8,16,ALL17_common,bert_block,a112bbdc09347af1215d14ffd3e6f690754673018032d9a42351d3c876485fc0,True,True,True,88064
8,8,16,ALL17_common,darknet19,db0a582f3d0775cb7865ab0b8f331c5a524c3824ab7b2e1408dcb27c3e9248e2,True,True,True,47948
8,8,16,ALL17_common,densenet,cf4c20389bc328439cbbf007e88a2b1fc81547ee61918ef7e32e0eb6d96f45f5,True,True,True,54056
8,8,16,ALL17_common,gnmt,ea802c1038775e8aadb2770bea868ea6a5cea2a8034801c7c4dbd3b654f1925b,True,True,True,33676
8,8,16,ALL17_common,googlenet,dfe8f171623a2d7efa2e8e32a47d9fa1d5c398792348b309156ec3e7f6c352d6,True,True,True,32827
8,8,16,ALL17_common,gpt_decode_block,de472853076dbd5977476aa71affa0e0143a4d369d2a81be7fa4e259991e4a77,True,True,True,7537
8,8,16,ALL17_common,gpt_prefill_block,e44dcfd20afba94472f76f68794c0d8a7cbc934bbf6ca2845ed670cf9f0c68ec,True,True,True,166400
8,8,16,ALL17_common,inception_resnet_v1,5669b5af2e7d292b39f8f373f894f48f1115b219d7cbce331ae3b9b958a34f51,True,True,True,129035
8,8,16,ALL17_common,lstm,a91007a53167093d5f3548487250b2a8bbfb0cfa5dc86e060524b4aa024a8685,True,True,True,35076
8,8,16,ALL17_common,pnasnet,44e3cd417bf8ceab6a5e0f2da959dda7c694245879ba09767783a9a1c05b2a3f,True,True,True,716917
8,8,16,ALL17_common,resnet101,975035ad96de960072d552bcd53172541e239c477f964a625b3d336ed4f11abf,True,True,True,137443
8,8,16,ALL17_common,resnet152,92a7d3d2324c0d2e93d47546842d21aefd17cff681d1bb1f73d1da9e9961ab85,True,True,True,204391
8,8,16,ALL17_common,resnet50,fe6fe9ecb2f7e80f91ddd6b5a4789db615c4edf4887a354a7dac7efef4dbb1ca,True,True,True,71279
8,8,16,ALL17_common,resnext50,df97ed584ab7a290862794cf93b46bdcbcd3b09ed2c353b2e261ef5e073f9759,True,True,True,41734
8,8,16,ALL17_common,transformer,ec59af075c74e2fe2f5682f55e8447e125eb303d1c3111f05d5fdc788b5b98da,True,True,True,476160
8,8,16,ALL17_common,transformer_cell,ddbe0b294e32bb4e5774c5a9ffe295d569b2285a96415ab5db7226e7d704047f,True,True,True,83200
8,8,16,ALL17_common,vgg19,506495881d83cdcd252f816570f599bb7abaf5dfab29727da1e821963e98c853,True,True,True,305389
8,8,16,CNN_common,darknet19,db0a582f3d0775cb7865ab0b8f331c5a524c3824ab7b2e1408dcb27c3e9248e2,True,True,True,47948
8,8,16,CNN_common,densenet,cf4c20389bc328439cbbf007e88a2b1fc81547ee61918ef7e32e0eb6d96f45f5,True,True,True,54056
8,8,16,CNN_common,googlenet,dfe8f171623a2d7efa2e8e32a47d9fa1d5c398792348b309156ec3e7f6c352d6,True,True,True,32827
8,8,16,CNN_common,inception_resnet_v1,5669b5af2e7d292b39f8f373f894f48f1115b219d7cbce331ae3b9b958a34f51,True,True,True,129035
8,8,16,CNN_common,pnasnet,44e3cd417bf8ceab6a5e0f2da959dda7c694245879ba09767783a9a1c05b2a3f,True,True,True,716917
8,8,16,CNN_common,resnet101,975035ad96de960072d552bcd53172541e239c477f964a625b3d336ed4f11abf,True,True,True,137443
8,8,16,CNN_common,resnet152,92a7d3d2324c0d2e93d47546842d21aefd17cff681d1bb1f73d1da9e9961ab85,True,True,True,204391
8,8,16,CNN_common,resnet50,fe6fe9ecb2f7e80f91ddd6b5a4789db615c4edf4887a354a7dac7efef4dbb1ca,True,True,True,71279
8,8,16,CNN_common,resnext50,df97ed584ab7a290862794cf93b46bdcbcd3b09ed2c353b2e261ef5e073f9759,True,True,True,41734
8,8,16,CNN_common,vgg19,506495881d83cdcd252f816570f599bb7abaf5dfab29727da1e821963e98c853,True,True,True,305389
8,8,16,RNN_common,gnmt,ea802c1038775e8aadb2770bea868ea6a5cea2a8034801c7c4dbd3b654f1925b,True,True,True,33676
8,8,16,RNN_common,lstm,a91007a53167093d5f3548487250b2a8bbfb0cfa5dc86e060524b4aa024a8685,True,True,True,35076
8,8,16,Transformer_common,bert_block,a112bbdc09347af1215d14ffd3e6f690754673018032d9a42351d3c876485fc0,True,True,True,88064
8,8,16,Transformer_common,gpt_decode_block,de472853076dbd5977476aa71affa0e0143a4d369d2a81be7fa4e259991e4a77,True,True,True,7537
8,8,16,Transformer_common,gpt_prefill_block,e44dcfd20afba94472f76f68794c0d8a7cbc934bbf6ca2845ed670cf9f0c68ec,True,True,True,166400
8,8,16,Transformer_common,transformer,ec59af075c74e2fe2f5682f55e8447e125eb303d1c3111f05d5fdc788b5b98da,True,True,True,476160
8,8,16,Transformer_common,transformer_cell,ddbe0b294e32bb4e5774c5a9ffe295d569b2285a96415ab5db7226e7d704047f,True,True,True,83200
8,8,16,individual,bert_block,a112bbdc09347af1215d14ffd3e6f690754673018032d9a42351d3c876485fc0,True,True,True,88064
8,8,16,individual,darknet19,db0a582f3d0775cb7865ab0b8f331c5a524c3824ab7b2e1408dcb27c3e9248e2,True,True,True,47948
8,8,16,individual,densenet,cf4c20389bc328439cbbf007e88a2b1fc81547ee61918ef7e32e0eb6d96f45f5,True,True,True,54056
8,8,16,individual,gnmt,ea802c1038775e8aadb2770bea868ea6a5cea2a8034801c7c4dbd3b654f1925b,True,True,True,33676
8,8,16,individual,googlenet,dfe8f171623a2d7efa2e8e32a47d9fa1d5c398792348b309156ec3e7f6c352d6,True,True,True,32827
8,8,16,individual,gpt_decode_block,de472853076dbd5977476aa71affa0e0143a4d369d2a81be7fa4e259991e4a77,True,True,True,7537
8,8,16,individual,gpt_prefill_block,e44dcfd20afba94472f76f68794c0d8a7cbc934bbf6ca2845ed670cf9f0c68ec,True,True,True,166400
8,8,16,individual,inception_resnet_v1,5669b5af2e7d292b39f8f373f894f48f1115b219d7cbce331ae3b9b958a34f51,True,True,True,129035
8,8,16,individual,lstm,a91007a53167093d5f3548487250b2a8bbfb0cfa5dc86e060524b4aa024a8685,True,True,True,35076
8,8,16,individual,pnasnet,44e3cd417bf8ceab6a5e0f2da959dda7c694245879ba09767783a9a1c05b2a3f,True,True,True,716917
8,8,16,individual,resnet101,975035ad96de960072d552bcd53172541e239c477f964a625b3d336ed4f11abf,True,True,True,137443
8,8,16,individual,resnet152,92a7d3d2324c0d2e93d47546842d21aefd17cff681d1bb1f73d1da9e9961ab85,True,True,True,204391
8,8,16,individual,resnet50,fe6fe9ecb2f7e80f91ddd6b5a4789db615c4edf4887a354a7dac7efef4dbb1ca,True,True,True,71279
8,8,16,individual,resnext50,df97ed584ab7a290862794cf93b46bdcbcd3b09ed2c353b2e261ef5e073f9759,True,True,True,41734
8,8,16,individual,transformer,ec59af075c74e2fe2f5682f55e8447e125eb303d1c3111f05d5fdc788b5b98da,True,True,True,476160
8,8,16,individual,transformer_cell,ddbe0b294e32bb4e5774c5a9ffe295d569b2285a96415ab5db7226e7d704047f,True,True,True,83200
8,8,16,individual,vgg19,506495881d83cdcd252f816570f599bb7abaf5dfab29727da1e821963e98c853,True,True,True,305389
8,8,4,ALL17_common,bert_block,0439dc90413fbf62331662f0d238b3b9f3dc492fb107cab825b1b27029fad690,True,True,True,334848
8,8,4,ALL17_common,darknet19,77de3a88bda4a271c19a2103125c834ad84becbc61ef62a38ff98af0d6b5995d,True,True,True,174839
8,8,4,ALL17_common,densenet,514dae0bb4f91a29149c4426592e7e9b3bd7627be2470417fd4064727e80297e,True,True,True,187306
8,8,4,ALL17_common,gnmt,54cb68e961d45ad2bef18546a017d399b603c9c1066db35d115a1cfe2c800bff,True,True,True,30708
8,8,4,ALL17_common,googlenet,c8d68d8d1e9f0533a77821bba2a4f93d8cf7b84c83b547d0f137e2f64913562c,True,True,True,117848
8,8,4,ALL17_common,gpt_decode_block,2e064f287eaa6cdec7d3632f5e76deeef853abdc47b0eee0f1dde02311461018,True,True,True,12390
8,8,4,ALL17_common,gpt_prefill_block,e942000fb27b005221270ea39be000c3bbdbc4e4fb519f1a578e94b2ece4238e,True,True,True,638400
8,8,4,ALL17_common,inception_resnet_v1,ccf1c128154862723d04d1fdad3abe9f57c35a138742c47a1b8b0f83b3244aa9,True,True,True,429735
8,8,4,ALL17_common,lstm,d5b5d9fb2f55cc66be14b977712ab6d52ba514ae56d13850de7aa5f9cb05fb53,True,True,True,30577
8,8,4,ALL17_common,pnasnet,1eceaf8d1886b3f77c154f50819198e51103ec72abcc0ef8c233f78ccfa1c953,True,True,True,2463974
8,8,4,ALL17_common,resnet101,5c12e46e039d43300b8910082523ac8512b8c6e3cd0103eb522b01e7c86b109e,True,True,True,488724
8,8,4,ALL17_common,resnet152,d11bb32df93464fd6106c7e499ee98bf11b38084b54e98ba0dcadc53a159318a,True,True,True,723532
8,8,4,ALL17_common,resnet50,3213e499fed8b4d93f1ff7678079fda3f9a1c6d27b8cbf6073b25cf1b33b8c4d,True,True,True,255484
8,8,4,ALL17_common,resnext50,9008a5466aaa97dad40fa029ba98fd9c0f0c9a2d8dad6cd5d9ee4f138831f384,True,True,True,146458
8,8,4,ALL17_common,transformer,5780b708167d1bf1abacc627276b6c9fed2446e6c598360185006d7cbc9794bf,True,True,True,1749504
8,8,4,ALL17_common,transformer_cell,6eaab023f27d76aea9401425190e7ba69754a762c0ebf66c05e3a0a4cca933da,True,True,True,305664
8,8,4,ALL17_common,vgg19,5caea1c7a8afe28b1e08db2cebdd9fb730af04ac0dc46a966730781dfdf4550b,True,True,True,1198442
8,8,4,CNN_common,darknet19,77de3a88bda4a271c19a2103125c834ad84becbc61ef62a38ff98af0d6b5995d,True,True,True,174839
8,8,4,CNN_common,densenet,514dae0bb4f91a29149c4426592e7e9b3bd7627be2470417fd4064727e80297e,True,True,True,187306
8,8,4,CNN_common,googlenet,c8d68d8d1e9f0533a77821bba2a4f93d8cf7b84c83b547d0f137e2f64913562c,True,True,True,117848
8,8,4,CNN_common,inception_resnet_v1,ccf1c128154862723d04d1fdad3abe9f57c35a138742c47a1b8b0f83b3244aa9,True,True,True,429735
8,8,4,CNN_common,pnasnet,1eceaf8d1886b3f77c154f50819198e51103ec72abcc0ef8c233f78ccfa1c953,True,True,True,2463974
8,8,4,CNN_common,resnet101,5c12e46e039d43300b8910082523ac8512b8c6e3cd0103eb522b01e7c86b109e,True,True,True,488724
8,8,4,CNN_common,resnet152,d11bb32df93464fd6106c7e499ee98bf11b38084b54e98ba0dcadc53a159318a,True,True,True,723532
8,8,4,CNN_common,resnet50,3213e499fed8b4d93f1ff7678079fda3f9a1c6d27b8cbf6073b25cf1b33b8c4d,True,True,True,255484
8,8,4,CNN_common,resnext50,9008a5466aaa97dad40fa029ba98fd9c0f0c9a2d8dad6cd5d9ee4f138831f384,True,True,True,146458
8,8,4,CNN_common,vgg19,5caea1c7a8afe28b1e08db2cebdd9fb730af04ac0dc46a966730781dfdf4550b,True,True,True,1198442
8,8,4,RNN_common,gnmt,54cb68e961d45ad2bef18546a017d399b603c9c1066db35d115a1cfe2c800bff,True,True,True,30708
8,8,4,RNN_common,lstm,d5b5d9fb2f55cc66be14b977712ab6d52ba514ae56d13850de7aa5f9cb05fb53,True,True,True,30577
8,8,4,Transformer_common,bert_block,0439dc90413fbf62331662f0d238b3b9f3dc492fb107cab825b1b27029fad690,True,True,True,334848
8,8,4,Transformer_common,gpt_decode_block,2e064f287eaa6cdec7d3632f5e76deeef853abdc47b0eee0f1dde02311461018,True,True,True,12390
8,8,4,Transformer_common,gpt_prefill_block,e942000fb27b005221270ea39be000c3bbdbc4e4fb519f1a578e94b2ece4238e,True,True,True,638400
8,8,4,Transformer_common,transformer,5780b708167d1bf1abacc627276b6c9fed2446e6c598360185006d7cbc9794bf,True,True,True,1749504
8,8,4,Transformer_common,transformer_cell,6eaab023f27d76aea9401425190e7ba69754a762c0ebf66c05e3a0a4cca933da,True,True,True,305664
8,8,4,individual,bert_block,0439dc90413fbf62331662f0d238b3b9f3dc492fb107cab825b1b27029fad690,True,True,True,334848
8,8,4,individual,darknet19,77de3a88bda4a271c19a2103125c834ad84becbc61ef62a38ff98af0d6b5995d,True,True,True,174839
8,8,4,individual,densenet,514dae0bb4f91a29149c4426592e7e9b3bd7627be2470417fd4064727e80297e,True,True,True,187306
8,8,4,individual,gnmt,54cb68e961d45ad2bef18546a017d399b603c9c1066db35d115a1cfe2c800bff,True,True,True,30708
8,8,4,individual,googlenet,c8d68d8d1e9f0533a77821bba2a4f93d8cf7b84c83b547d0f137e2f64913562c,True,True,True,117848
8,8,4,individual,gpt_decode_block,2e064f287eaa6cdec7d3632f5e76deeef853abdc47b0eee0f1dde02311461018,True,True,True,12390
8,8,4,individual,gpt_prefill_block,e942000fb27b005221270ea39be000c3bbdbc4e4fb519f1a578e94b2ece4238e,True,True,True,638400
8,8,4,individual,inception_resnet_v1,ccf1c128154862723d04d1fdad3abe9f57c35a138742c47a1b8b0f83b3244aa9,True,True,True,429735
8,8,4,individual,lstm,d5b5d9fb2f55cc66be14b977712ab6d52ba514ae56d13850de7aa5f9cb05fb53,True,True,True,30577
8,8,4,individual,pnasnet,1eceaf8d1886b3f77c154f50819198e51103ec72abcc0ef8c233f78ccfa1c953,True,True,True,2463974
8,8,4,individual,resnet101,5c12e46e039d43300b8910082523ac8512b8c6e3cd0103eb522b01e7c86b109e,True,True,True,488724
8,8,4,individual,resnet152,d11bb32df93464fd6106c7e499ee98bf11b38084b54e98ba0dcadc53a159318a,True,True,True,723532
8,8,4,individual,resnet50,3213e499fed8b4d93f1ff7678079fda3f9a1c6d27b8cbf6073b25cf1b33b8c4d,True,True,True,255484
8,8,4,individual,resnext50,9008a5466aaa97dad40fa029ba98fd9c0f0c9a2d8dad6cd5d9ee4f138831f384,True,True,True,146458
8,8,4,individual,transformer,5780b708167d1bf1abacc627276b6c9fed2446e6c598360185006d7cbc9794bf,True,True,True,1749504
8,8,4,individual,transformer_cell,6eaab023f27d76aea9401425190e7ba69754a762c0ebf66c05e3a0a4cca933da,True,True,True,305664
8,8,4,individual,vgg19,5caea1c7a8afe28b1e08db2cebdd9fb730af04ac0dc46a966730781dfdf4550b,True,True,True,1198442
