chiplets,cores_per_chiplet,total_cores,scope,name,mapping_count,availability,missing_workloads,reason,baseline1_Bpc,baseline2_Bpc,rotation_only_Bpc,rotation_reflection_Bpc,B1_normalized_B1,B1_normalized_B2,B1_normalized_rotation,B1_normalized_reflection,B2_normalized_B1,B2_normalized_B2,B2_normalized_rotation,B2_normalized_reflection,rotation_reduction_vs_B1_pct,reflection_reduction_vs_B1_pct,rotation_reduction_vs_B2_pct,reflection_reduction_vs_B2_pct,reflection_extra_reduction_vs_rotation_pct,reflection_gain_vs_B2_percentage_points,rotation_source,reflection_source
4,1,4,workload,darknet19,1,complete,,,2048.0,1024.0,1024,1024,1.0,0.5,0.5,0.5,2.0,1.0,1.0,1.0,50.0,50.0,0.0,0.0,0.0,0.0,/home/yj3616/workspace/phd-research/research-notes/reflection-full-mapping-sweep-20261005/cases/c4-core1/darknet19/rotation/design.json,/home/yj3616/workspace/phd-research/research-notes/reflection-full-mapping-sweep-20261005/cases/c4-core1/darknet19/reflection/design.json
4,1,4,workload,vgg19,1,complete,,,2048.0,1024.0,1024,1024,1.0,0.5,0.5,0.5,2.0,1.0,1.0,1.0,50.0,50.0,0.0,0.0,0.0,0.0,/home/yj3616/workspace/phd-research/research-notes/reflection-full-mapping-sweep-20261005/cases/c4-core1/vgg19/rotation/design.json,/home/yj3616/workspace/phd-research/research-notes/reflection-full-mapping-sweep-20261005/cases/c4-core1/vgg19/reflection/design.json
4,1,4,workload,resnet50,1,complete,,,2048.0,1024.0,1024,1024,1.0,0.5,0.5,0.5,2.0,1.0,1.0,1.0,50.0,50.0,0.0,0.0,0.0,0.0,/home/yj3616/workspace/phd-research/research-notes/reflection-full-mapping-sweep-20261005/cases/c4-core1/resnet50/rotation/design.json,/home/yj3616/workspace/phd-research/research-notes/reflection-full-mapping-sweep-20261005/cases/c4-core1/resnet50/reflection/design.json
4,1,4,workload,googlenet,1,complete,,,4096.0,2048.0,2048,2048,1.0,0.5,0.5,0.5,2.0,1.0,1.0,1.0,50.0,50.0,0.0,0.0,0.0,0.0,/home/yj3616/workspace/phd-research/research-notes/reflection-full-mapping-sweep-20261005/cases/c4-core1/googlenet/rotation/design.json,/home/yj3616/workspace/phd-research/research-notes/reflection-full-mapping-sweep-20261005/cases/c4-core1/googlenet/reflection/design.json
4,1,4,workload,resnet101,1,complete,,,2048.0,1024.0,1024,1024,1.0,0.5,0.5,0.5,2.0,1.0,1.0,1.0,50.0,50.0,0.0,0.0,0.0,0.0,/home/yj3616/workspace/phd-research/research-notes/reflection-full-mapping-sweep-20261005/cases/c4-core1/resnet101/rotation/design.json,/home/yj3616/workspace/phd-research/research-notes/reflection-full-mapping-sweep-20261005/cases/c4-core1/resnet101/reflection/design.json
4,1,4,workload,densenet,1,complete,,,2048.0,1024.0,1024,1024,1.0,0.5,0.5,0.5,2.0,1.0,1.0,1.0,50.0,50.0,0.0,0.0,0.0,0.0,/home/yj3616/workspace/phd-research/research-notes/reflection-full-mapping-sweep-20261005/cases/c4-core1/densenet/rotation/design.json,/home/yj3616/workspace/phd-research/research-notes/reflection-full-mapping-sweep-20261005/cases/c4-core1/densenet/reflection/design.json
4,1,4,workload,inception_resnet_v1,1,complete,,,4096.0,2048.0,2048,2048,1.0,0.5,0.5,0.5,2.0,1.0,1.0,1.0,50.0,50.0,0.0,0.0,0.0,0.0,/home/yj3616/workspace/phd-research/research-notes/reflection-full-mapping-sweep-20261005/cases/c4-core1/inception_resnet_v1/rotation/design.json,/home/yj3616/workspace/phd-research/research-notes/reflection-full-mapping-sweep-20261005/cases/c4-core1/inception_resnet_v1/reflection/design.json
4,1,4,workload,gnmt,1,complete,,,4096.0,2048.0,2048,2048,1.0,0.5,0.5,0.5,2.0,1.0,1.0,1.0,50.0,50.0,0.0,0.0,0.0,0.0,/home/yj3616/workspace/phd-research/research-notes/reflection-full-mapping-sweep-20261005/cases/c4-core1/gnmt/rotation/design.json,/home/yj3616/workspace/phd-research/research-notes/reflection-full-mapping-sweep-20261005/cases/c4-core1/gnmt/reflection/design.json
4,1,4,workload,lstm,1,complete,,,4096.0,2048.0,2048,2048,1.0,0.5,0.5,0.5,2.0,1.0,1.0,1.0,50.0,50.0,0.0,0.0,0.0,0.0,/home/yj3616/workspace/phd-research/research-notes/reflection-full-mapping-sweep-20261005/cases/c4-core1/lstm/rotation/design.json,/home/yj3616/workspace/phd-research/research-notes/reflection-full-mapping-sweep-20261005/cases/c4-core1/lstm/reflection/design.json
4,1,4,workload,transformer,3,complete,,,4096.0,2048.0,2048,1536,1.0,0.5,0.5,0.375,2.0,1.0,1.0,0.75,50.0,62.5,0.0,25.0,25.0,25.0,/home/yj3616/workspace/phd-research/research-notes/reflection-full-mapping-sweep-20261005/cases/c4-core1/transformer/rotation/design.json,/home/yj3616/workspace/phd-research/research-notes/reflection-full-mapping-sweep-20261005/cases/c4-core1/transformer/reflection/design.json
4,1,4,workload,transformer_cell,1,complete,,,2048.0,1024.0,1024,1024,1.0,0.5,0.5,0.5,2.0,1.0,1.0,1.0,50.0,50.0,0.0,0.0,0.0,0.0,/home/yj3616/workspace/phd-research/research-notes/reflection-full-mapping-sweep-20261005/cases/c4-core1/transformer_cell/rotation/design.json,/home/yj3616/workspace/phd-research/research-notes/reflection-full-mapping-sweep-20261005/cases/c4-core1/transformer_cell/reflection/design.json
4,1,4,workload,pnasnet,1,complete,,,2048.0,1024.0,1024,1024,1.0,0.5,0.5,0.5,2.0,1.0,1.0,1.0,50.0,50.0,0.0,0.0,0.0,0.0,/home/yj3616/workspace/phd-research/research-notes/reflection-full-mapping-sweep-20261005/cases/c4-core1/pnasnet/rotation/design.json,/home/yj3616/workspace/phd-research/research-notes/reflection-full-mapping-sweep-20261005/cases/c4-core1/pnasnet/reflection/design.json
4,1,4,workload,resnext50,1,complete,,,4096.0,2048.0,2048,2048,1.0,0.5,0.5,0.5,2.0,1.0,1.0,1.0,50.0,50.0,0.0,0.0,0.0,0.0,/home/yj3616/workspace/phd-research/research-notes/reflection-full-mapping-sweep-20261005/cases/c4-core1/resnext50/rotation/design.json,/home/yj3616/workspace/phd-research/research-notes/reflection-full-mapping-sweep-20261005/cases/c4-core1/resnext50/reflection/design.json
4,1,4,workload,resnet152,1,complete,,,2048.0,1024.0,1024,1024,1.0,0.5,0.5,0.5,2.0,1.0,1.0,1.0,50.0,50.0,0.0,0.0,0.0,0.0,/home/yj3616/workspace/phd-research/research-notes/reflection-full-mapping-sweep-20261005/cases/c4-core1/resnet152/rotation/design.json,/home/yj3616/workspace/phd-research/research-notes/reflection-full-mapping-sweep-20261005/cases/c4-core1/resnet152/reflection/design.json
4,1,4,workload,bert_block,1,complete,,,2048.0,1024.0,1024,1024,1.0,0.5,0.5,0.5,2.0,1.0,1.0,1.0,50.0,50.0,0.0,0.0,0.0,0.0,/home/yj3616/workspace/phd-research/research-notes/reflection-full-mapping-sweep-20261005/cases/c4-core1/bert_block/rotation/design.json,/home/yj3616/workspace/phd-research/research-notes/reflection-full-mapping-sweep-20261005/cases/c4-core1/bert_block/reflection/design.json
4,1,4,workload,gpt_prefill_block,1,complete,,,2048.0,1024.0,1024,1024,1.0,0.5,0.5,0.5,2.0,1.0,1.0,1.0,50.0,50.0,0.0,0.0,0.0,0.0,/home/yj3616/workspace/phd-research/research-notes/reflection-full-mapping-sweep-20261005/cases/c4-core1/gpt_prefill_block/rotation/design.json,/home/yj3616/workspace/phd-research/research-notes/reflection-full-mapping-sweep-20261005/cases/c4-core1/gpt_prefill_block/reflection/design.json
4,1,4,workload,gpt_decode_block,2,complete,,,6144.0,3072.0,3072,2560,1.0,0.5,0.5,0.4166666666666667,2.0,1.0,1.0,0.8333333333333334,50.0,58.33333333333333,0.0,16.666666666666664,16.666666666666664,16.666666666666668,/home/yj3616/workspace/phd-research/research-notes/reflection-full-mapping-sweep-20261005/cases/c4-core1/gpt_decode_block/rotation/design.json,/home/yj3616/workspace/phd-research/research-notes/reflection-full-mapping-sweep-20261005/cases/c4-core1/gpt_decode_block/reflection/design.json
4,1,4,group,CNN,10,complete,,,4096.0,2048.0,2048,2048,1.0,0.5,0.5,0.5,2.0,1.0,1.0,1.0,50.0,50.0,0.0,0.0,0.0,0.0,/home/yj3616/workspace/phd-research/research-notes/reflection-full-mapping-sweep-20261005/cases/c4-core1/CNN/rotation/design.json,/home/yj3616/workspace/phd-research/research-notes/reflection-full-mapping-sweep-20261005/cases/c4-core1/CNN/reflection/design.json
4,1,4,group,RNN,2,complete,,,4096.0,2048.0,2048,2048,1.0,0.5,0.5,0.5,2.0,1.0,1.0,1.0,50.0,50.0,0.0,0.0,0.0,0.0,/home/yj3616/workspace/phd-research/research-notes/reflection-full-mapping-sweep-20261005/cases/c4-core1/RNN/rotation/design.json,/home/yj3616/workspace/phd-research/research-notes/reflection-full-mapping-sweep-20261005/cases/c4-core1/RNN/reflection/design.json
4,1,4,group,Transformer,8,complete,,,6144.0,3072.0,3072,2560,1.0,0.5,0.5,0.4166666666666667,2.0,1.0,1.0,0.8333333333333334,50.0,58.33333333333333,0.0,16.666666666666664,16.666666666666664,16.666666666666668,/home/yj3616/workspace/phd-research/research-notes/reflection-full-mapping-sweep-20261005/cases/c4-core1/Transformer/rotation/design.json,/home/yj3616/workspace/phd-research/research-notes/reflection-full-mapping-sweep-20261005/cases/c4-core1/Transformer/reflection/design.json
4,1,4,all,ALL17,20,complete,,,6144.0,3072.0,3072,2560,1.0,0.5,0.5,0.4166666666666667,2.0,1.0,1.0,0.8333333333333334,50.0,58.33333333333333,0.0,16.666666666666664,16.666666666666664,16.666666666666668,/home/yj3616/workspace/phd-research/research-notes/reflection-full-mapping-sweep-20261005/cases/c4-core1/ALL17/rotation/design.json,/home/yj3616/workspace/phd-research/research-notes/reflection-full-mapping-sweep-20261005/cases/c4-core1/ALL17/reflection/design.json
4,4,16,workload,darknet19,3,complete,,,4096.0,2048.0,2048,1536,1.0,0.5,0.5,0.375,2.0,1.0,1.0,0.75,50.0,62.5,0.0,25.0,25.0,25.0,/home/yj3616/workspace/phd-research/research-notes/reflection-full-mapping-sweep-20261005/cases/c4-core4/darknet19/rotation/design.json,/home/yj3616/workspace/phd-research/research-notes/reflection-full-mapping-sweep-20261005/cases/c4-core4/darknet19/reflection/design.json
4,4,16,workload,vgg19,1,complete,,,4096.0,2048.0,2048,2048,1.0,0.5,0.5,0.5,2.0,1.0,1.0,1.0,50.0,50.0,0.0,0.0,0.0,0.0,/home/yj3616/workspace/phd-research/research-notes/reflection-full-mapping-sweep-20261005/cases/c4-core4/vgg19/rotation/design.json,/home/yj3616/workspace/phd-research/research-notes/reflection-full-mapping-sweep-20261005/cases/c4-core4/vgg19/reflection/design.json
4,4,16,workload,resnet50,1,complete,,,6144.0,3072.0,3072,2560,1.0,0.5,0.5,0.4166666666666667,2.0,1.0,1.0,0.8333333333333334,50.0,58.33333333333333,0.0,16.666666666666664,16.666666666666664,16.666666666666668,/home/yj3616/workspace/phd-research/research-notes/reflection-full-mapping-sweep-20261005/cases/c4-core4/resnet50/rotation/design.json,/home/yj3616/workspace/phd-research/research-notes/reflection-full-mapping-sweep-20261005/cases/c4-core4/resnet50/reflection/design.json
4,4,16,workload,googlenet,2,complete,,,8192.0,4096.0,4096,3584,1.0,0.5,0.5,0.4375,2.0,1.0,1.0,0.875,50.0,56.25,0.0,12.5,12.5,12.5,/home/yj3616/workspace/phd-research/research-notes/reflection-full-mapping-sweep-20261005/cases/c4-core4/googlenet/rotation/design.json,/home/yj3616/workspace/phd-research/research-notes/reflection-full-mapping-sweep-20261005/cases/c4-core4/googlenet/reflection/design.json
4,4,16,workload,resnet101,1,complete,,,4096.0,2048.0,2048,2048,1.0,0.5,0.5,0.5,2.0,1.0,1.0,1.0,50.0,50.0,0.0,0.0,0.0,0.0,/home/yj3616/workspace/phd-research/research-notes/reflection-full-mapping-sweep-20261005/cases/c4-core4/resnet101/rotation/design.json,/home/yj3616/workspace/phd-research/research-notes/reflection-full-mapping-sweep-20261005/cases/c4-core4/resnet101/reflection/design.json
4,4,16,workload,densenet,2,complete,,,8192.0,4096.0,4096,3584,1.0,0.5,0.5,0.4375,2.0,1.0,1.0,0.875,50.0,56.25,0.0,12.5,12.5,12.5,/home/yj3616/workspace/phd-research/research-notes/reflection-full-mapping-sweep-20261005/cases/c4-core4/densenet/rotation/design.json,/home/yj3616/workspace/phd-research/research-notes/reflection-full-mapping-sweep-20261005/cases/c4-core4/densenet/reflection/design.json
4,4,16,workload,inception_resnet_v1,2,complete,,,8192.0,4096.0,4096,3584,1.0,0.5,0.5,0.4375,2.0,1.0,1.0,0.875,50.0,56.25,0.0,12.5,12.5,12.5,/home/yj3616/workspace/phd-research/research-notes/reflection-full-mapping-sweep-20261005/cases/c4-core4/inception_resnet_v1/rotation/design.json,/home/yj3616/workspace/phd-research/research-notes/reflection-full-mapping-sweep-20261005/cases/c4-core4/inception_resnet_v1/reflection/design.json
4,4,16,workload,gnmt,5,complete,,,12288.0,6144.0,5376,4864,1.0,0.5,0.4375,0.3958333333333333,2.0,1.0,0.875,0.7916666666666666,56.25,60.41666666666667,12.5,20.833333333333336,9.523809523809524,8.333333333333334,/home/yj3616/workspace/phd-research/research-notes/reflection-full-mapping-sweep-20261005/cases/c4-core4/gnmt/rotation/design.json,/home/yj3616/workspace/phd-research/research-notes/reflection-full-mapping-sweep-20261005/cases/c4-core4/gnmt/reflection/design.json
4,4,16,workload,lstm,5,complete,,,12288.0,6144.0,5376,5376,1.0,0.5,0.4375,0.4375,2.0,1.0,0.875,0.875,56.25,56.25,12.5,12.5,0.0,0.0,/home/yj3616/workspace/phd-research/research-notes/reflection-full-mapping-sweep-20261005/cases/c4-core4/lstm/rotation/design.json,/home/yj3616/workspace/phd-research/research-notes/reflection-full-mapping-sweep-20261005/cases/c4-core4/lstm/reflection/design.json
4,4,16,workload,transformer,1,complete,,,4096.0,2048.0,2048,1536,1.0,0.5,0.5,0.375,2.0,1.0,1.0,0.75,50.0,62.5,0.0,25.0,25.0,25.0,/home/yj3616/workspace/phd-research/research-notes/reflection-full-mapping-sweep-20261005/cases/c4-core4/transformer/rotation/design.json,/home/yj3616/workspace/phd-research/research-notes/reflection-full-mapping-sweep-20261005/cases/c4-core4/transformer/reflection/design.json
4,4,16,workload,transformer_cell,3,complete,,,6144.0,3072.0,3072,2048,1.0,0.5,0.5,0.3333333333333333,2.0,1.0,1.0,0.6666666666666666,50.0,66.66666666666667,0.0,33.333333333333336,33.333333333333336,33.333333333333336,/home/yj3616/workspace/phd-research/research-notes/reflection-full-mapping-sweep-20261005/cases/c4-core4/transformer_cell/rotation/design.json,/home/yj3616/workspace/phd-research/research-notes/reflection-full-mapping-sweep-20261005/cases/c4-core4/transformer_cell/reflection/design.json
4,4,16,workload,pnasnet,3,complete,,,8192.0,4096.0,3840,3840,1.0,0.5,0.46875,0.46875,2.0,1.0,0.9375,0.9375,53.125,53.125,6.25,6.25,0.0,0.0,/home/yj3616/workspace/phd-research/research-notes/reflection-full-mapping-sweep-20261005/cases/c4-core4/pnasnet/rotation/design.json,/home/yj3616/workspace/phd-research/research-notes/reflection-full-mapping-sweep-20261005/cases/c4-core4/pnasnet/reflection/design.json
4,4,16,workload,resnext50,1,complete,,,6144.0,3072.0,3072,3072,1.0,0.5,0.5,0.5,2.0,1.0,1.0,1.0,50.0,50.0,0.0,0.0,0.0,0.0,/home/yj3616/workspace/phd-research/research-notes/reflection-full-mapping-sweep-20261005/cases/c4-core4/resnext50/rotation/design.json,/home/yj3616/workspace/phd-research/research-notes/reflection-full-mapping-sweep-20261005/cases/c4-core4/resnext50/reflection/design.json
4,4,16,workload,resnet152,1,complete,,,4096.0,2048.0,2048,2048,1.0,0.5,0.5,0.5,2.0,1.0,1.0,1.0,50.0,50.0,0.0,0.0,0.0,0.0,/home/yj3616/workspace/phd-research/research-notes/reflection-full-mapping-sweep-20261005/cases/c4-core4/resnet152/rotation/design.json,/home/yj3616/workspace/phd-research/research-notes/reflection-full-mapping-sweep-20261005/cases/c4-core4/resnet152/reflection/design.json
4,4,16,workload,bert_block,2,complete,,,8192.0,4096.0,3072,3072,1.0,0.5,0.375,0.375,2.0,1.0,0.75,0.75,62.5,62.5,25.0,25.0,0.0,0.0,/home/yj3616/workspace/phd-research/research-notes/reflection-full-mapping-sweep-20261005/cases/c4-core4/bert_block/rotation/design.json,/home/yj3616/workspace/phd-research/research-notes/reflection-full-mapping-sweep-20261005/cases/c4-core4/bert_block/reflection/design.json
4,4,16,workload,gpt_prefill_block,1,complete,,,4096.0,2048.0,2048,1536,1.0,0.5,0.5,0.375,2.0,1.0,1.0,0.75,50.0,62.5,0.0,25.0,25.0,25.0,/home/yj3616/workspace/phd-research/research-notes/reflection-full-mapping-sweep-20261005/cases/c4-core4/gpt_prefill_block/rotation/design.json,/home/yj3616/workspace/phd-research/research-notes/reflection-full-mapping-sweep-20261005/cases/c4-core4/gpt_prefill_block/reflection/design.json
4,4,16,workload,gpt_decode_block,5,complete,,,16384.0,8192.0,6912,5632,1.0,0.5,0.421875,0.34375,2.0,1.0,0.84375,0.6875,57.8125,65.625,15.625,31.25,18.518518518518523,15.625,/home/yj3616/workspace/phd-research/research-notes/reflection-full-mapping-sweep-20261005/cases/c4-core4/gpt_decode_block/rotation/design.json,/home/yj3616/workspace/phd-research/research-notes/reflection-full-mapping-sweep-20261005/cases/c4-core4/gpt_decode_block/reflection/design.json
4,4,16,group,CNN,17,complete,,,8192.0,4096.0,4096,4096,1.0,0.5,0.5,0.5,2.0,1.0,1.0,1.0,50.0,50.0,0.0,0.0,0.0,0.0,/home/yj3616/workspace/phd-research/research-notes/reflection-full-mapping-sweep-20261005/cases/c4-core4/CNN/rotation/design.json,/home/yj3616/workspace/phd-research/research-notes/reflection-full-mapping-sweep-20261005/cases/c4-core4/CNN/reflection/design.json
4,4,16,group,RNN,10,complete,,,12288.0,6144.0,5888,5120,1.0,0.5,0.4791666666666667,0.4166666666666667,2.0,1.0,0.9583333333333334,0.8333333333333334,52.08333333333333,58.33333333333333,4.1666666666666625,16.666666666666664,13.043478260869568,12.5,/home/yj3616/workspace/phd-research/research-notes/reflection-full-mapping-sweep-20261005/cases/c4-core4/RNN/rotation/design.json,/home/yj3616/workspace/phd-research/research-notes/reflection-full-mapping-sweep-20261005/cases/c4-core4/RNN/reflection/design.json
4,4,16,group,Transformer,12,complete,,,16384.0,8192.0,6912,5632,1.0,0.5,0.421875,0.34375,2.0,1.0,0.84375,0.6875,57.8125,65.625,15.625,31.25,18.518518518518523,15.625,/home/yj3616/workspace/phd-research/research-notes/reflection-full-mapping-sweep-20261005/cases/c4-core4/Transformer/rotation/design.json,/home/yj3616/workspace/phd-research/research-notes/reflection-full-mapping-sweep-20261005/cases/c4-core4/Transformer/reflection/design.json
4,4,16,all,ALL17,39,complete,,,16384.0,8192.0,7168,5632,1.0,0.5,0.4375,0.34375,2.0,1.0,0.875,0.6875,56.25,65.625,12.5,31.25,21.42857142857143,18.75,/home/yj3616/workspace/phd-research/research-notes/reflection-full-mapping-sweep-20261005/cases/c4-core4/ALL17/rotation/design.json,/home/yj3616/workspace/phd-research/research-notes/reflection-full-mapping-sweep-20261005/cases/c4-core4/ALL17/reflection/design.json
4,16,64,workload,darknet19,4,complete,,,16384.0,8192.0,8192,6656,1.0,0.5,0.5,0.40625,2.0,1.0,1.0,0.8125,50.0,59.375,0.0,18.75,18.75,18.75,/home/yj3616/workspace/phd-research/research-notes/reflection-full-mapping-sweep-20261005/cases/c4-core16/darknet19/rotation/design.json,/home/yj3616/workspace/phd-research/research-notes/reflection-full-mapping-sweep-20261005/cases/c4-core16/darknet19/reflection/design.json
4,16,64,workload,vgg19,1,complete,,,10240.0,5120.0,5120,5120,1.0,0.5,0.5,0.5,2.0,1.0,1.0,1.0,50.0,50.0,0.0,0.0,0.0,0.0,/home/yj3616/workspace/phd-research/research-notes/reflection-full-mapping-sweep-20261005/cases/c4-core16/vgg19/rotation/design.json,/home/yj3616/workspace/phd-research/research-notes/reflection-full-mapping-sweep-20261005/cases/c4-core16/vgg19/reflection/design.json
4,16,64,workload,resnet50,2,complete,,,18432.0,9216.0,9216,7680,1.0,0.5,0.5,0.4166666666666667,2.0,1.0,1.0,0.8333333333333334,50.0,58.33333333333333,0.0,16.666666666666664,16.666666666666664,16.666666666666668,/home/yj3616/workspace/phd-research/research-notes/reflection-full-mapping-sweep-20261005/cases/c4-core16/resnet50/rotation/design.json,/home/yj3616/workspace/phd-research/research-notes/reflection-full-mapping-sweep-20261005/cases/c4-core16/resnet50/reflection/design.json
4,16,64,workload,googlenet,5,complete,,,16384.0,8192.0,8192,8192,1.0,0.5,0.5,0.5,2.0,1.0,1.0,1.0,50.0,50.0,0.0,0.0,0.0,0.0,/home/yj3616/workspace/phd-research/research-notes/reflection-full-mapping-sweep-20261005/cases/c4-core16/googlenet/rotation/design.json,/home/yj3616/workspace/phd-research/research-notes/reflection-full-mapping-sweep-20261005/cases/c4-core16/googlenet/reflection/design.json
4,16,64,workload,resnet101,2,complete,,,18432.0,9216.0,9216,9216,1.0,0.5,0.5,0.5,2.0,1.0,1.0,1.0,50.0,50.0,0.0,0.0,0.0,0.0,/home/yj3616/workspace/phd-research/research-notes/reflection-full-mapping-sweep-20261005/cases/c4-core16/resnet101/rotation/design.json,/home/yj3616/workspace/phd-research/research-notes/reflection-full-mapping-sweep-20261005/cases/c4-core16/resnet101/reflection/design.json
4,16,64,workload,densenet,3,complete,,,16384.0,8192.0,8192,6656,1.0,0.5,0.5,0.40625,2.0,1.0,1.0,0.8125,50.0,59.375,0.0,18.75,18.75,18.75,/home/yj3616/workspace/phd-research/research-notes/reflection-full-mapping-sweep-20261005/cases/c4-core16/densenet/rotation/design.json,/home/yj3616/workspace/phd-research/research-notes/reflection-full-mapping-sweep-20261005/cases/c4-core16/densenet/reflection/design.json
4,16,64,workload,inception_resnet_v1,2,complete,,,16384.0,8192.0,8192,7168,1.0,0.5,0.5,0.4375,2.0,1.0,1.0,0.875,50.0,56.25,0.0,12.5,12.5,12.5,/home/yj3616/workspace/phd-research/research-notes/reflection-full-mapping-sweep-20261005/cases/c4-core16/inception_resnet_v1/rotation/design.json,/home/yj3616/workspace/phd-research/research-notes/reflection-full-mapping-sweep-20261005/cases/c4-core16/inception_resnet_v1/reflection/design.json
4,16,64,workload,gnmt,5,complete,,,22528.0,11264.0,10624,8576,1.0,0.5,0.4715909090909091,0.3806818181818182,2.0,1.0,0.9431818181818182,0.7613636363636364,52.84090909090908,61.93181818181819,5.681818181818176,23.863636363636363,19.277108433734934,18.181818181818183,/home/yj3616/workspace/phd-research/research-notes/reflection-full-mapping-sweep-20261005/cases/c4-core16/gnmt/rotation/design.json,/home/yj3616/workspace/phd-research/research-notes/reflection-full-mapping-sweep-20261005/cases/c4-core16/gnmt/reflection/design.json
4,16,64,workload,lstm,5,complete,,,22528.0,11264.0,10496,10496,1.0,0.5,0.4659090909090909,0.4659090909090909,2.0,1.0,0.9318181818181818,0.9318181818181818,53.40909090909092,53.40909090909092,6.818181818181824,6.818181818181824,0.0,0.0,/home/yj3616/workspace/phd-research/research-notes/reflection-full-mapping-sweep-20261005/cases/c4-core16/lstm/rotation/design.json,/home/yj3616/workspace/phd-research/research-notes/reflection-full-mapping-sweep-20261005/cases/c4-core16/lstm/reflection/design.json
4,16,64,workload,transformer,3,complete,,,12288.0,6144.0,6144,6144,1.0,0.5,0.5,0.5,2.0,1.0,1.0,1.0,50.0,50.0,0.0,0.0,0.0,0.0,/home/yj3616/workspace/phd-research/research-notes/reflection-full-mapping-sweep-20261005/cases/c4-core16/transformer/rotation/design.json,/home/yj3616/workspace/phd-research/research-notes/reflection-full-mapping-sweep-20261005/cases/c4-core16/transformer/reflection/design.json
4,16,64,workload,transformer_cell,2,complete,,,12288.0,6144.0,6144,6144,1.0,0.5,0.5,0.5,2.0,1.0,1.0,1.0,50.0,50.0,0.0,0.0,0.0,0.0,/home/yj3616/workspace/phd-research/research-notes/reflection-full-mapping-sweep-20261005/cases/c4-core16/transformer_cell/rotation/design.json,/home/yj3616/workspace/phd-research/research-notes/reflection-full-mapping-sweep-20261005/cases/c4-core16/transformer_cell/reflection/design.json
4,16,64,workload,pnasnet,3,complete,,,16384.0,8192.0,7936,7744,1.0,0.5,0.484375,0.47265625,2.0,1.0,0.96875,0.9453125,51.5625,52.734375,3.125,5.46875,2.4193548387096753,2.34375,/home/yj3616/workspace/phd-research/research-notes/reflection-full-mapping-sweep-20261005/cases/c4-core16/pnasnet/rotation/design.json,/home/yj3616/workspace/phd-research/research-notes/reflection-full-mapping-sweep-20261005/cases/c4-core16/pnasnet/reflection/design.json
4,16,64,workload,resnext50,2,complete,,,18432.0,9216.0,9216,9216,1.0,0.5,0.5,0.5,2.0,1.0,1.0,1.0,50.0,50.0,0.0,0.0,0.0,0.0,/home/yj3616/workspace/phd-research/research-notes/reflection-full-mapping-sweep-20261005/cases/c4-core16/resnext50/rotation/design.json,/home/yj3616/workspace/phd-research/research-notes/reflection-full-mapping-sweep-20261005/cases/c4-core16/resnext50/reflection/design.json
4,16,64,workload,resnet152,2,complete,,,16384.0,8192.0,8192,8192,1.0,0.5,0.5,0.5,2.0,1.0,1.0,1.0,50.0,50.0,0.0,0.0,0.0,0.0,/home/yj3616/workspace/phd-research/research-notes/reflection-full-mapping-sweep-20261005/cases/c4-core16/resnet152/rotation/design.json,/home/yj3616/workspace/phd-research/research-notes/reflection-full-mapping-sweep-20261005/cases/c4-core16/resnet152/reflection/design.json
4,16,64,workload,bert_block,2,complete,,,12288.0,6144.0,6144,6144,1.0,0.5,0.5,0.5,2.0,1.0,1.0,1.0,50.0,50.0,0.0,0.0,0.0,0.0,/home/yj3616/workspace/phd-research/research-notes/reflection-full-mapping-sweep-20261005/cases/c4-core16/bert_block/rotation/design.json,/home/yj3616/workspace/phd-research/research-notes/reflection-full-mapping-sweep-20261005/cases/c4-core16/bert_block/reflection/design.json
4,16,64,workload,gpt_prefill_block,4,complete,,,12288.0,6144.0,6144,6144,1.0,0.5,0.5,0.5,2.0,1.0,1.0,1.0,50.0,50.0,0.0,0.0,0.0,0.0,/home/yj3616/workspace/phd-research/research-notes/reflection-full-mapping-sweep-20261005/cases/c4-core16/gpt_prefill_block/rotation/design.json,/home/yj3616/workspace/phd-research/research-notes/reflection-full-mapping-sweep-20261005/cases/c4-core16/gpt_prefill_block/reflection/design.json
4,16,64,workload,gpt_decode_block,5,complete,,,16384.0,8192.0,7680,7680,1.0,0.5,0.46875,0.46875,2.0,1.0,0.9375,0.9375,53.125,53.125,6.25,6.25,0.0,0.0,/home/yj3616/workspace/phd-research/research-notes/reflection-full-mapping-sweep-20261005/cases/c4-core16/gpt_decode_block/rotation/design.json,/home/yj3616/workspace/phd-research/research-notes/reflection-full-mapping-sweep-20261005/cases/c4-core16/gpt_decode_block/reflection/design.json
4,16,64,group,CNN,26,complete,,,18432.0,9216.0,9216,9216,1.0,0.5,0.5,0.5,2.0,1.0,1.0,1.0,50.0,50.0,0.0,0.0,0.0,0.0,/home/yj3616/workspace/phd-research/research-notes/reflection-full-mapping-sweep-20261005/cases/c4-core16/CNN/rotation/design.json,/home/yj3616/workspace/phd-research/research-notes/reflection-full-mapping-sweep-20261005/cases/c4-core16/CNN/reflection/design.json
4,16,64,group,RNN,10,complete,,,22528.0,11264.0,10752,8576,1.0,0.5,0.4772727272727273,0.3806818181818182,2.0,1.0,0.9545454545454546,0.7613636363636364,52.27272727272727,61.93181818181819,4.545454545454541,23.863636363636363,20.238095238095234,19.318181818181817,/home/yj3616/workspace/phd-research/research-notes/reflection-full-mapping-sweep-20261005/cases/c4-core16/RNN/rotation/design.json,/home/yj3616/workspace/phd-research/research-notes/reflection-full-mapping-sweep-20261005/cases/c4-core16/RNN/reflection/design.json
4,16,64,group,Transformer,16,complete,,,16384.0,8192.0,7680,7680,1.0,0.5,0.46875,0.46875,2.0,1.0,0.9375,0.9375,53.125,53.125,6.25,6.25,0.0,0.0,/home/yj3616/workspace/phd-research/research-notes/reflection-full-mapping-sweep-20261005/cases/c4-core16/Transformer/rotation/design.json,/home/yj3616/workspace/phd-research/research-notes/reflection-full-mapping-sweep-20261005/cases/c4-core16/Transformer/reflection/design.json
4,16,64,all,ALL17,52,complete,,,22528.0,11264.0,10752,8704,1.0,0.5,0.4772727272727273,0.38636363636363635,2.0,1.0,0.9545454545454546,0.7727272727272727,52.27272727272727,61.36363636363637,4.545454545454541,22.72727272727273,19.047619047619047,18.181818181818183,/home/yj3616/workspace/phd-research/research-notes/reflection-full-mapping-sweep-20261005/cases/c4-core16/ALL17/rotation/design.json,/home/yj3616/workspace/phd-research/research-notes/reflection-full-mapping-sweep-20261005/cases/c4-core16/ALL17/reflection/design.json
8,1,8,workload,darknet19,1,complete,,,4096.0,2560.0,2560,2560,1.0,0.625,0.625,0.625,1.6,1.0,1.0,1.0,37.5,37.5,0.0,0.0,0.0,0.0,/home/yj3616/workspace/phd-research/research-notes/reflection-full-mapping-sweep-20261005/cases/c8-core1/darknet19/rotation/design.json,/home/yj3616/workspace/phd-research/research-notes/reflection-full-mapping-sweep-20261005/cases/c8-core1/darknet19/reflection/design.json
8,1,8,workload,vgg19,1,complete,,,4096.0,2560.0,2560,2560,1.0,0.625,0.625,0.625,1.6,1.0,1.0,1.0,37.5,37.5,0.0,0.0,0.0,0.0,/home/yj3616/workspace/phd-research/research-notes/reflection-full-mapping-sweep-20261005/cases/c8-core1/vgg19/rotation/design.json,/home/yj3616/workspace/phd-research/research-notes/reflection-full-mapping-sweep-20261005/cases/c8-core1/vgg19/reflection/design.json
8,1,8,workload,resnet50,3,complete,,,16384.0,10240.0,8192,7168,1.0,0.625,0.5,0.4375,1.6,1.0,0.8,0.7,50.0,56.25,19.999999999999996,30.000000000000004,12.5,10.0,/home/yj3616/workspace/phd-research/research-notes/reflection-full-mapping-sweep-20261005/cases/c8-core1/resnet50/rotation/design.json,/home/yj3616/workspace/phd-research/research-notes/reflection-full-mapping-sweep-20261005/cases/c8-core1/resnet50/reflection/design.json
8,1,8,workload,googlenet,2,complete,,,16384.0,10240.0,8192,7168,1.0,0.625,0.5,0.4375,1.6,1.0,0.8,0.7,50.0,56.25,19.999999999999996,30.000000000000004,12.5,10.0,/home/yj3616/workspace/phd-research/research-notes/reflection-full-mapping-sweep-20261005/cases/c8-core1/googlenet/rotation/design.json,/home/yj3616/workspace/phd-research/research-notes/reflection-full-mapping-sweep-20261005/cases/c8-core1/googlenet/reflection/design.json
8,1,8,workload,resnet101,2,complete,,,16384.0,10240.0,8192,7168,1.0,0.625,0.5,0.4375,1.6,1.0,0.8,0.7,50.0,56.25,19.999999999999996,30.000000000000004,12.5,10.0,/home/yj3616/workspace/phd-research/research-notes/reflection-full-mapping-sweep-20261005/cases/c8-core1/resnet101/rotation/design.json,/home/yj3616/workspace/phd-research/research-notes/reflection-full-mapping-sweep-20261005/cases/c8-core1/resnet101/reflection/design.json
8,1,8,workload,densenet,3,complete,,,16384.0,10240.0,8192,7168,1.0,0.625,0.5,0.4375,1.6,1.0,0.8,0.7,50.0,56.25,19.999999999999996,30.000000000000004,12.5,10.0,/home/yj3616/workspace/phd-research/research-notes/reflection-full-mapping-sweep-20261005/cases/c8-core1/densenet/rotation/design.json,/home/yj3616/workspace/phd-research/research-notes/reflection-full-mapping-sweep-20261005/cases/c8-core1/densenet/reflection/design.json
8,1,8,workload,inception_resnet_v1,2,complete,,,16384.0,10240.0,8192,7168,1.0,0.625,0.5,0.4375,1.6,1.0,0.8,0.7,50.0,56.25,19.999999999999996,30.000000000000004,12.5,10.0,/home/yj3616/workspace/phd-research/research-notes/reflection-full-mapping-sweep-20261005/cases/c8-core1/inception_resnet_v1/rotation/design.json,/home/yj3616/workspace/phd-research/research-notes/reflection-full-mapping-sweep-20261005/cases/c8-core1/inception_resnet_v1/reflection/design.json
8,1,8,workload,gnmt,2,complete,,,16384.0,10240.0,8192,7168,1.0,0.625,0.5,0.4375,1.6,1.0,0.8,0.7,50.0,56.25,19.999999999999996,30.000000000000004,12.5,10.0,/home/yj3616/workspace/phd-research/research-notes/reflection-full-mapping-sweep-20261005/cases/c8-core1/gnmt/rotation/design.json,/home/yj3616/workspace/phd-research/research-notes/reflection-full-mapping-sweep-20261005/cases/c8-core1/gnmt/reflection/design.json
8,1,8,workload,lstm,3,complete,,,16384.0,10240.0,8192,7168,1.0,0.625,0.5,0.4375,1.6,1.0,0.8,0.7,50.0,56.25,19.999999999999996,30.000000000000004,12.5,10.0,/home/yj3616/workspace/phd-research/research-notes/reflection-full-mapping-sweep-20261005/cases/c8-core1/lstm/rotation/design.json,/home/yj3616/workspace/phd-research/research-notes/reflection-full-mapping-sweep-20261005/cases/c8-core1/lstm/reflection/design.json
8,1,8,workload,transformer,1,complete,,,4096.0,2560.0,2560,2560,1.0,0.625,0.625,0.625,1.6,1.0,1.0,1.0,37.5,37.5,0.0,0.0,0.0,0.0,/home/yj3616/workspace/phd-research/research-notes/reflection-full-mapping-sweep-20261005/cases/c8-core1/transformer/rotation/design.json,/home/yj3616/workspace/phd-research/research-notes/reflection-full-mapping-sweep-20261005/cases/c8-core1/transformer/reflection/design.json
8,1,8,workload,transformer_cell,2,complete,,,8192.0,5120.0,3584,3584,1.0,0.625,0.4375,0.4375,1.6,1.0,0.7,0.7,56.25,56.25,30.000000000000004,30.000000000000004,0.0,0.0,/home/yj3616/workspace/phd-research/research-notes/reflection-full-mapping-sweep-20261005/cases/c8-core1/transformer_cell/rotation/design.json,/home/yj3616/workspace/phd-research/research-notes/reflection-full-mapping-sweep-20261005/cases/c8-core1/transformer_cell/reflection/design.json
8,1,8,workload,pnasnet,4,complete,,,16384.0,10240.0,8192,7168,1.0,0.625,0.5,0.4375,1.6,1.0,0.8,0.7,50.0,56.25,19.999999999999996,30.000000000000004,12.5,10.0,/home/yj3616/workspace/phd-research/research-notes/reflection-full-mapping-sweep-20261005/cases/c8-core1/pnasnet/rotation/design.json,/home/yj3616/workspace/phd-research/research-notes/reflection-full-mapping-sweep-20261005/cases/c8-core1/pnasnet/reflection/design.json
8,1,8,workload,resnext50,2,complete,,,16384.0,10240.0,8192,7168,1.0,0.625,0.5,0.4375,1.6,1.0,0.8,0.7,50.0,56.25,19.999999999999996,30.000000000000004,12.5,10.0,/home/yj3616/workspace/phd-research/research-notes/reflection-full-mapping-sweep-20261005/cases/c8-core1/resnext50/rotation/design.json,/home/yj3616/workspace/phd-research/research-notes/reflection-full-mapping-sweep-20261005/cases/c8-core1/resnext50/reflection/design.json
8,1,8,workload,resnet152,2,complete,,,12288.0,7680.0,6144,5632,1.0,0.625,0.5,0.4583333333333333,1.6,1.0,0.8,0.7333333333333333,50.0,54.16666666666667,19.999999999999996,26.66666666666667,8.333333333333337,6.666666666666667,/home/yj3616/workspace/phd-research/research-notes/reflection-full-mapping-sweep-20261005/cases/c8-core1/resnet152/rotation/design.json,/home/yj3616/workspace/phd-research/research-notes/reflection-full-mapping-sweep-20261005/cases/c8-core1/resnet152/reflection/design.json
8,1,8,workload,bert_block,1,complete,,,4096.0,2560.0,2560,2560,1.0,0.625,0.625,0.625,1.6,1.0,1.0,1.0,37.5,37.5,0.0,0.0,0.0,0.0,/home/yj3616/workspace/phd-research/research-notes/reflection-full-mapping-sweep-20261005/cases/c8-core1/bert_block/rotation/design.json,/home/yj3616/workspace/phd-research/research-notes/reflection-full-mapping-sweep-20261005/cases/c8-core1/bert_block/reflection/design.json
8,1,8,workload,gpt_prefill_block,1,complete,,,4096.0,2560.0,2560,2560,1.0,0.625,0.625,0.625,1.6,1.0,1.0,1.0,37.5,37.5,0.0,0.0,0.0,0.0,/home/yj3616/workspace/phd-research/research-notes/reflection-full-mapping-sweep-20261005/cases/c8-core1/gpt_prefill_block/rotation/design.json,/home/yj3616/workspace/phd-research/research-notes/reflection-full-mapping-sweep-20261005/cases/c8-core1/gpt_prefill_block/reflection/design.json
8,1,8,workload,gpt_decode_block,1,complete,,,16384.0,10240.0,8192,7168,1.0,0.625,0.5,0.4375,1.6,1.0,0.8,0.7,50.0,56.25,19.999999999999996,30.000000000000004,12.5,10.0,/home/yj3616/workspace/phd-research/research-notes/reflection-full-mapping-sweep-20261005/cases/c8-core1/gpt_decode_block/rotation/design.json,/home/yj3616/workspace/phd-research/research-notes/reflection-full-mapping-sweep-20261005/cases/c8-core1/gpt_decode_block/reflection/design.json
8,1,8,group,CNN,22,complete,,,16384.0,10240.0,8192,7168,1.0,0.625,0.5,0.4375,1.6,1.0,0.8,0.7,50.0,56.25,19.999999999999996,30.000000000000004,12.5,10.0,/home/yj3616/workspace/phd-research/research-notes/reflection-full-mapping-sweep-20261005/cases/c8-core1/CNN/rotation/design.json,/home/yj3616/workspace/phd-research/research-notes/reflection-full-mapping-sweep-20261005/cases/c8-core1/CNN/reflection/design.json
8,1,8,group,RNN,5,complete,,,16384.0,10240.0,8192,7168,1.0,0.625,0.5,0.4375,1.6,1.0,0.8,0.7,50.0,56.25,19.999999999999996,30.000000000000004,12.5,10.0,/home/yj3616/workspace/phd-research/research-notes/reflection-full-mapping-sweep-20261005/cases/c8-core1/RNN/rotation/design.json,/home/yj3616/workspace/phd-research/research-notes/reflection-full-mapping-sweep-20261005/cases/c8-core1/RNN/reflection/design.json
8,1,8,group,Transformer,6,complete,,,16384.0,10240.0,8192,7168,1.0,0.625,0.5,0.4375,1.6,1.0,0.8,0.7,50.0,56.25,19.999999999999996,30.000000000000004,12.5,10.0,/home/yj3616/workspace/phd-research/research-notes/reflection-full-mapping-sweep-20261005/cases/c8-core1/Transformer/rotation/design.json,/home/yj3616/workspace/phd-research/research-notes/reflection-full-mapping-sweep-20261005/cases/c8-core1/Transformer/reflection/design.json
8,1,8,all,ALL17,33,complete,,,16384.0,10240.0,8192,7168,1.0,0.625,0.5,0.4375,1.6,1.0,0.8,0.7,50.0,56.25,19.999999999999996,30.000000000000004,12.5,10.0,/home/yj3616/workspace/phd-research/research-notes/reflection-full-mapping-sweep-20261005/cases/c8-core1/ALL17/rotation/design.json,/home/yj3616/workspace/phd-research/research-notes/reflection-full-mapping-sweep-20261005/cases/c8-core1/ALL17/reflection/design.json
8,4,32,workload,darknet19,4,complete,,,12288.0,7680.0,6656,6144,1.0,0.625,0.5416666666666666,0.5,1.6,1.0,0.8666666666666667,0.8,45.833333333333336,50.0,13.33333333333333,19.999999999999996,7.692307692307687,6.666666666666667,/home/yj3616/workspace/phd-research/research-notes/reflection-full-mapping-sweep-20261005/cases/c8-core4/darknet19/rotation/design.json,/home/yj3616/workspace/phd-research/research-notes/reflection-full-mapping-sweep-20261005/cases/c8-core4/darknet19/reflection/design.json
8,4,32,workload,vgg19,1,complete,,,8192.0,5120.0,5120,5120,1.0,0.625,0.625,0.625,1.6,1.0,1.0,1.0,37.5,37.5,0.0,0.0,0.0,0.0,/home/yj3616/workspace/phd-research/research-notes/reflection-full-mapping-sweep-20261005/cases/c8-core4/vgg19/rotation/design.json,/home/yj3616/workspace/phd-research/research-notes/reflection-full-mapping-sweep-20261005/cases/c8-core4/vgg19/reflection/design.json
8,4,32,workload,resnet50,4,complete,,,20480.0,12800.0,9216,7936,1.0,0.625,0.45,0.3875,1.6,1.0,0.72,0.62,55.00000000000001,61.25000000000001,28.000000000000004,38.0,13.888888888888884,10.0,/home/yj3616/workspace/phd-research/research-notes/reflection-full-mapping-sweep-20261005/cases/c8-core4/resnet50/rotation/design.json,/home/yj3616/workspace/phd-research/research-notes/reflection-full-mapping-sweep-20261005/cases/c8-core4/resnet50/reflection/design.json
8,4,32,workload,googlenet,2,complete,,,20480.0,12800.0,10752,9728,1.0,0.625,0.525,0.475,1.6,1.0,0.84,0.76,47.5,52.5,16.000000000000004,24.0,9.523809523809524,8.0,/home/yj3616/workspace/phd-research/research-notes/reflection-full-mapping-sweep-20261005/cases/c8-core4/googlenet/rotation/design.json,/home/yj3616/workspace/phd-research/research-notes/reflection-full-mapping-sweep-20261005/cases/c8-core4/googlenet/reflection/design.json
8,4,32,workload,resnet101,4,complete,,,20480.0,12800.0,10752,9728,1.0,0.625,0.525,0.475,1.6,1.0,0.84,0.76,47.5,52.5,16.000000000000004,24.0,9.523809523809524,8.0,/home/yj3616/workspace/phd-research/research-notes/reflection-full-mapping-sweep-20261005/cases/c8-core4/resnet101/rotation/design.json,/home/yj3616/workspace/phd-research/research-notes/reflection-full-mapping-sweep-20261005/cases/c8-core4/resnet101/reflection/design.json
8,4,32,workload,densenet,3,complete,,,20480.0,12800.0,10624,9728,1.0,0.625,0.51875,0.475,1.6,1.0,0.83,0.76,48.12499999999999,52.5,17.000000000000004,24.0,8.433734939759042,7.0,/home/yj3616/workspace/phd-research/research-notes/reflection-full-mapping-sweep-20261005/cases/c8-core4/densenet/rotation/design.json,/home/yj3616/workspace/phd-research/research-notes/reflection-full-mapping-sweep-20261005/cases/c8-core4/densenet/reflection/design.json
8,4,32,workload,inception_resnet_v1,2,complete,,,20480.0,12800.0,10752,9728,1.0,0.625,0.525,0.475,1.6,1.0,0.84,0.76,47.5,52.5,16.000000000000004,24.0,9.523809523809524,8.0,/home/yj3616/workspace/phd-research/research-notes/reflection-full-mapping-sweep-20261005/cases/c8-core4/inception_resnet_v1/rotation/design.json,/home/yj3616/workspace/phd-research/research-notes/reflection-full-mapping-sweep-20261005/cases/c8-core4/inception_resnet_v1/reflection/design.json
8,4,32,workload,gnmt,2,complete,,,20480.0,12800.0,10752,9728,1.0,0.625,0.525,0.475,1.6,1.0,0.84,0.76,47.5,52.5,16.000000000000004,24.0,9.523809523809524,8.0,/home/yj3616/workspace/phd-research/research-notes/reflection-full-mapping-sweep-20261005/cases/c8-core4/gnmt/rotation/design.json,/home/yj3616/workspace/phd-research/research-notes/reflection-full-mapping-sweep-20261005/cases/c8-core4/gnmt/reflection/design.json
8,4,32,workload,lstm,2,complete,,,20480.0,12800.0,10752,9728,1.0,0.625,0.525,0.475,1.6,1.0,0.84,0.76,47.5,52.5,16.000000000000004,24.0,9.523809523809524,8.0,/home/yj3616/workspace/phd-research/research-notes/reflection-full-mapping-sweep-20261005/cases/c8-core4/lstm/rotation/design.json,/home/yj3616/workspace/phd-research/research-notes/reflection-full-mapping-sweep-20261005/cases/c8-core4/lstm/reflection/design.json
8,4,32,workload,transformer,1,complete,,,8192.0,5120.0,5120,5120,1.0,0.625,0.625,0.625,1.6,1.0,1.0,1.0,37.5,37.5,0.0,0.0,0.0,0.0,/home/yj3616/workspace/phd-research/research-notes/reflection-full-mapping-sweep-20261005/cases/c8-core4/transformer/rotation/design.json,/home/yj3616/workspace/phd-research/research-notes/reflection-full-mapping-sweep-20261005/cases/c8-core4/transformer/reflection/design.json
8,4,32,workload,transformer_cell,3,complete,,,12288.0,7680.0,6656,6144,1.0,0.625,0.5416666666666666,0.5,1.6,1.0,0.8666666666666667,0.8,45.833333333333336,50.0,13.33333333333333,19.999999999999996,7.692307692307687,6.666666666666667,/home/yj3616/workspace/phd-research/research-notes/reflection-full-mapping-sweep-20261005/cases/c8-core4/transformer_cell/rotation/design.json,/home/yj3616/workspace/phd-research/research-notes/reflection-full-mapping-sweep-20261005/cases/c8-core4/transformer_cell/reflection/design.json
8,4,32,workload,pnasnet,5,complete,,,20480.0,12800.0,10752,9728,1.0,0.625,0.525,0.475,1.6,1.0,0.84,0.76,47.5,52.5,16.000000000000004,24.0,9.523809523809524,8.0,/home/yj3616/workspace/phd-research/research-notes/reflection-full-mapping-sweep-20261005/cases/c8-core4/pnasnet/rotation/design.json,/home/yj3616/workspace/phd-research/research-notes/reflection-full-mapping-sweep-20261005/cases/c8-core4/pnasnet/reflection/design.json
8,4,32,workload,resnext50,4,complete,,,20480.0,12800.0,10752,9728,1.0,0.625,0.525,0.475,1.6,1.0,0.84,0.76,47.5,52.5,16.000000000000004,24.0,9.523809523809524,8.0,/home/yj3616/workspace/phd-research/research-notes/reflection-full-mapping-sweep-20261005/cases/c8-core4/resnext50/rotation/design.json,/home/yj3616/workspace/phd-research/research-notes/reflection-full-mapping-sweep-20261005/cases/c8-core4/resnext50/reflection/design.json
8,4,32,workload,resnet152,2,complete,,,16384.0,10240.0,7680,6656,1.0,0.625,0.46875,0.40625,1.6,1.0,0.75,0.65,53.125,59.375,25.0,35.0,13.33333333333333,10.0,/home/yj3616/workspace/phd-research/research-notes/reflection-full-mapping-sweep-20261005/cases/c8-core4/resnet152/rotation/design.json,/home/yj3616/workspace/phd-research/research-notes/reflection-full-mapping-sweep-20261005/cases/c8-core4/resnet152/reflection/design.json
8,4,32,workload,bert_block,1,complete,,,8192.0,5120.0,5120,5120,1.0,0.625,0.625,0.625,1.6,1.0,1.0,1.0,37.5,37.5,0.0,0.0,0.0,0.0,/home/yj3616/workspace/phd-research/research-notes/reflection-full-mapping-sweep-20261005/cases/c8-core4/bert_block/rotation/design.json,/home/yj3616/workspace/phd-research/research-notes/reflection-full-mapping-sweep-20261005/cases/c8-core4/bert_block/reflection/design.json
8,4,32,workload,gpt_prefill_block,2,complete,,,12288.0,7680.0,7168,6656,1.0,0.625,0.5833333333333334,0.5416666666666666,1.6,1.0,0.9333333333333333,0.8666666666666667,41.666666666666664,45.833333333333336,6.666666666666665,13.33333333333333,7.14285714285714,6.666666666666667,/home/yj3616/workspace/phd-research/research-notes/reflection-full-mapping-sweep-20261005/cases/c8-core4/gpt_prefill_block/rotation/design.json,/home/yj3616/workspace/phd-research/research-notes/reflection-full-mapping-sweep-20261005/cases/c8-core4/gpt_prefill_block/reflection/design.json
8,4,32,workload,gpt_decode_block,5,complete,,,20480.0,12800.0,10752,9728,1.0,0.625,0.525,0.475,1.6,1.0,0.84,0.76,47.5,52.5,16.000000000000004,24.0,9.523809523809524,8.0,/home/yj3616/workspace/phd-research/research-notes/reflection-full-mapping-sweep-20261005/cases/c8-core4/gpt_decode_block/rotation/design.json,/home/yj3616/workspace/phd-research/research-notes/reflection-full-mapping-sweep-20261005/cases/c8-core4/gpt_decode_block/reflection/design.json
8,4,32,group,CNN,31,complete,,,20480.0,12800.0,10752,9728,1.0,0.625,0.525,0.475,1.6,1.0,0.84,0.76,47.5,52.5,16.000000000000004,24.0,9.523809523809524,8.0,/home/yj3616/workspace/phd-research/research-notes/reflection-full-mapping-sweep-20261005/cases/c8-core4/CNN/rotation/design.json,/home/yj3616/workspace/phd-research/research-notes/reflection-full-mapping-sweep-20261005/cases/c8-core4/CNN/reflection/design.json
8,4,32,group,RNN,4,complete,,,20480.0,12800.0,10752,9728,1.0,0.625,0.525,0.475,1.6,1.0,0.84,0.76,47.5,52.5,16.000000000000004,24.0,9.523809523809524,8.0,/home/yj3616/workspace/phd-research/research-notes/reflection-full-mapping-sweep-20261005/cases/c8-core4/RNN/rotation/design.json,/home/yj3616/workspace/phd-research/research-notes/reflection-full-mapping-sweep-20261005/cases/c8-core4/RNN/reflection/design.json
8,4,32,group,Transformer,12,complete,,,20480.0,12800.0,10752,9728,1.0,0.625,0.525,0.475,1.6,1.0,0.84,0.76,47.5,52.5,16.000000000000004,24.0,9.523809523809524,8.0,/home/yj3616/workspace/phd-research/research-notes/reflection-full-mapping-sweep-20261005/cases/c8-core4/Transformer/rotation/design.json,/home/yj3616/workspace/phd-research/research-notes/reflection-full-mapping-sweep-20261005/cases/c8-core4/Transformer/reflection/design.json
8,4,32,all,ALL17,47,complete,,,20480.0,12800.0,10752,9728,1.0,0.625,0.525,0.475,1.6,1.0,0.84,0.76,47.5,52.5,16.000000000000004,24.0,9.523809523809524,8.0,/home/yj3616/workspace/phd-research/research-notes/reflection-full-mapping-sweep-20261005/cases/c8-core4/ALL17/rotation/design.json,/home/yj3616/workspace/phd-research/research-notes/reflection-full-mapping-sweep-20261005/cases/c8-core4/ALL17/reflection/design.json
8,16,128,workload,darknet19,4,complete,,,32768.0,20480.0,16896,14848,1.0,0.625,0.515625,0.453125,1.6,1.0,0.825,0.725,48.4375,54.6875,17.500000000000004,27.500000000000004,12.121212121212121,10.0,/home/yj3616/workspace/phd-research/research-notes/reflection-full-mapping-sweep-20261005/cases/c8-core16/darknet19/rotation/design.json,/home/yj3616/workspace/phd-research/research-notes/reflection-full-mapping-sweep-20261005/cases/c8-core16/darknet19/reflection/design.json
8,16,128,workload,vgg19,2,complete,,,28672.0,17920.0,14336,12800,1.0,0.625,0.5,0.44642857142857145,1.6,1.0,0.8,0.7142857142857143,50.0,55.35714285714286,19.999999999999996,28.57142857142857,10.71428571428571,8.571428571428571,/home/yj3616/workspace/phd-research/research-notes/reflection-full-mapping-sweep-20261005/cases/c8-core16/vgg19/rotation/design.json,/home/yj3616/workspace/phd-research/research-notes/reflection-full-mapping-sweep-20261005/cases/c8-core16/vgg19/reflection/design.json
8,16,128,workload,resnet50,2,complete,,,36864.0,23040.0,18176,17664,1.0,0.625,0.4930555555555556,0.4791666666666667,1.6,1.0,0.7888888888888889,0.7666666666666667,50.69444444444444,52.08333333333333,21.111111111111114,23.33333333333333,2.8169014084507005,2.2222222222222223,/home/yj3616/workspace/phd-research/research-notes/reflection-full-mapping-sweep-20261005/cases/c8-core16/resnet50/rotation/design.json,/home/yj3616/workspace/phd-research/research-notes/reflection-full-mapping-sweep-20261005/cases/c8-core16/resnet50/reflection/design.json
8,16,128,workload,googlenet,2,complete,,,36864.0,23040.0,18176,17024,1.0,0.625,0.4930555555555556,0.4618055555555556,1.6,1.0,0.7888888888888889,0.7388888888888889,50.69444444444444,53.81944444444444,21.111111111111114,26.111111111111107,6.338028169014088,5.0,/home/yj3616/workspace/phd-research/research-notes/reflection-full-mapping-sweep-20261005/cases/c8-core16/googlenet/rotation/design.json,/home/yj3616/workspace/phd-research/research-notes/reflection-full-mapping-sweep-20261005/cases/c8-core16/googlenet/reflection/design.json
8,16,128,workload,resnet101,3,complete,,,36864.0,23040.0,18432,15872,1.0,0.625,0.5,0.4305555555555556,1.6,1.0,0.8,0.6888888888888889,50.0,56.94444444444444,19.999999999999996,31.11111111111111,13.888888888888884,11.11111111111111,/home/yj3616/workspace/phd-research/research-notes/reflection-full-mapping-sweep-20261005/cases/c8-core16/resnet101/rotation/design.json,/home/yj3616/workspace/phd-research/research-notes/reflection-full-mapping-sweep-20261005/cases/c8-core16/resnet101/reflection/design.json
8,16,128,workload,densenet,3,complete,,,36864.0,23040.0,18944,16384,1.0,0.625,0.5138888888888888,0.4444444444444444,1.6,1.0,0.8222222222222222,0.7111111111111111,48.611111111111114,55.55555555555556,17.777777777777782,28.888888888888886,13.513513513513509,11.11111111111111,/home/yj3616/workspace/phd-research/research-notes/reflection-full-mapping-sweep-20261005/cases/c8-core16/densenet/rotation/design.json,/home/yj3616/workspace/phd-research/research-notes/reflection-full-mapping-sweep-20261005/cases/c8-core16/densenet/reflection/design.json
8,16,128,workload,inception_resnet_v1,3,complete,,,36864.0,23040.0,18432,17152,1.0,0.625,0.5,0.4652777777777778,1.6,1.0,0.8,0.7444444444444445,50.0,53.47222222222222,19.999999999999996,25.555555555555554,6.944444444444442,5.555555555555555,/home/yj3616/workspace/phd-research/research-notes/reflection-full-mapping-sweep-20261005/cases/c8-core16/inception_resnet_v1/rotation/design.json,/home/yj3616/workspace/phd-research/research-notes/reflection-full-mapping-sweep-20261005/cases/c8-core16/inception_resnet_v1/reflection/design.json
8,16,128,workload,gnmt,5,complete,,,40960.0,25600.0,17984,15360,1.0,0.625,0.4390625,0.375,1.6,1.0,0.7025,0.6,56.09375,62.5,29.75,40.0,14.590747330960852,10.25,/home/yj3616/workspace/phd-research/research-notes/reflection-full-mapping-sweep-20261005/cases/c8-core16/gnmt/rotation/design.json,/home/yj3616/workspace/phd-research/research-notes/reflection-full-mapping-sweep-20261005/cases/c8-core16/gnmt/reflection/design.json
8,16,128,workload,lstm,5,complete,,,40960.0,25600.0,18432,15616,1.0,0.625,0.45,0.38125,1.6,1.0,0.72,0.61,55.00000000000001,61.875,28.000000000000004,39.0,15.277777777777779,11.0,/home/yj3616/workspace/phd-research/research-notes/reflection-full-mapping-sweep-20261005/cases/c8-core16/lstm/rotation/design.json,/home/yj3616/workspace/phd-research/research-notes/reflection-full-mapping-sweep-20261005/cases/c8-core16/lstm/reflection/design.json
8,16,128,workload,transformer,5,complete,,,32768.0,20480.0,15872,13568,1.0,0.625,0.484375,0.4140625,1.6,1.0,0.775,0.6625,51.5625,58.59375,22.499999999999996,33.75,14.516129032258062,11.25,/home/yj3616/workspace/phd-research/research-notes/reflection-full-mapping-sweep-20261005/cases/c8-core16/transformer/rotation/design.json,/home/yj3616/workspace/phd-research/research-notes/reflection-full-mapping-sweep-20261005/cases/c8-core16/transformer/reflection/design.json
8,16,128,workload,transformer_cell,5,complete,,,32768.0,20480.0,16384,14336,1.0,0.625,0.5,0.4375,1.6,1.0,0.8,0.7,50.0,56.25,19.999999999999996,30.000000000000004,12.5,10.0,/home/yj3616/workspace/phd-research/research-notes/reflection-full-mapping-sweep-20261005/cases/c8-core16/transformer_cell/rotation/design.json,/home/yj3616/workspace/phd-research/research-notes/reflection-full-mapping-sweep-20261005/cases/c8-core16/transformer_cell/reflection/design.json
8,16,128,workload,pnasnet,3,complete,,,32768.0,20480.0,16768,16256,1.0,0.625,0.51171875,0.49609375,1.6,1.0,0.81875,0.79375,48.828125,50.390625,18.125000000000004,20.625000000000004,3.053435114503822,2.5,/home/yj3616/workspace/phd-research/research-notes/reflection-full-mapping-sweep-20261005/cases/c8-core16/pnasnet/rotation/design.json,/home/yj3616/workspace/phd-research/research-notes/reflection-full-mapping-sweep-20261005/cases/c8-core16/pnasnet/reflection/design.json
8,16,128,workload,resnext50,3,complete,,,32768.0,20480.0,16896,14848,1.0,0.625,0.515625,0.453125,1.6,1.0,0.825,0.725,48.4375,54.6875,17.500000000000004,27.500000000000004,12.121212121212121,10.0,/home/yj3616/workspace/phd-research/research-notes/reflection-full-mapping-sweep-20261005/cases/c8-core16/resnext50/rotation/design.json,/home/yj3616/workspace/phd-research/research-notes/reflection-full-mapping-sweep-20261005/cases/c8-core16/resnext50/reflection/design.json
8,16,128,workload,resnet152,2,complete,,,36864.0,23040.0,18432,15872,1.0,0.625,0.5,0.4305555555555556,1.6,1.0,0.8,0.6888888888888889,50.0,56.94444444444444,19.999999999999996,31.11111111111111,13.888888888888884,11.11111111111111,/home/yj3616/workspace/phd-research/research-notes/reflection-full-mapping-sweep-20261005/cases/c8-core16/resnet152/rotation/design.json,/home/yj3616/workspace/phd-research/research-notes/reflection-full-mapping-sweep-20261005/cases/c8-core16/resnet152/reflection/design.json
8,16,128,workload,bert_block,5,complete,,,32768.0,20480.0,16384,13824,1.0,0.625,0.5,0.421875,1.6,1.0,0.8,0.675,50.0,57.8125,19.999999999999996,32.49999999999999,15.625,12.5,/home/yj3616/workspace/phd-research/research-notes/reflection-full-mapping-sweep-20261005/cases/c8-core16/bert_block/rotation/design.json,/home/yj3616/workspace/phd-research/research-notes/reflection-full-mapping-sweep-20261005/cases/c8-core16/bert_block/reflection/design.json
8,16,128,workload,gpt_prefill_block,4,complete,,,32768.0,20480.0,16384,13952,1.0,0.625,0.5,0.42578125,1.6,1.0,0.8,0.68125,50.0,57.421875,19.999999999999996,31.874999999999996,14.84375,11.875,/home/yj3616/workspace/phd-research/research-notes/reflection-full-mapping-sweep-20261005/cases/c8-core16/gpt_prefill_block/rotation/design.json,/home/yj3616/workspace/phd-research/research-notes/reflection-full-mapping-sweep-20261005/cases/c8-core16/gpt_prefill_block/reflection/design.json
8,16,128,workload,gpt_decode_block,5,complete,,,36864.0,23040.0,19264,18432,1.0,0.625,0.5225694444444444,0.5,1.6,1.0,0.8361111111111111,0.8,47.74305555555556,50.0,16.388888888888886,19.999999999999996,4.318936877076407,3.611111111111111,/home/yj3616/workspace/phd-research/research-notes/reflection-full-mapping-sweep-20261005/cases/c8-core16/gpt_decode_block/rotation/design.json,/home/yj3616/workspace/phd-research/research-notes/reflection-full-mapping-sweep-20261005/cases/c8-core16/gpt_decode_block/reflection/design.json
8,16,128,group,CNN,27,complete,,,36864.0,23040.0,19968,19200,1.0,0.625,0.5416666666666666,0.5208333333333334,1.6,1.0,0.8666666666666667,0.8333333333333334,45.833333333333336,47.916666666666664,13.33333333333333,16.666666666666664,3.8461538461538436,3.3333333333333335,/home/yj3616/workspace/phd-research/research-notes/reflection-full-mapping-sweep-20261005/cases/c8-core16/CNN/rotation/design.json,/home/yj3616/workspace/phd-research/research-notes/reflection-full-mapping-sweep-20261005/cases/c8-core16/CNN/reflection/design.json
8,16,128,group,RNN,10,complete,,,40960.0,25600.0,18944,16512,1.0,0.625,0.4625,0.403125,1.6,1.0,0.74,0.645,53.75,59.68750000000001,26.0,35.5,12.83783783783784,9.5,/home/yj3616/workspace/phd-research/research-notes/reflection-full-mapping-sweep-20261005/cases/c8-core16/RNN/rotation/design.json,/home/yj3616/workspace/phd-research/research-notes/reflection-full-mapping-sweep-20261005/cases/c8-core16/RNN/reflection/design.json
8,16,128,group,Transformer,24,complete,,,36864.0,23040.0,19584,17664,1.0,0.625,0.53125,0.4791666666666667,1.6,1.0,0.85,0.7666666666666667,46.875,52.08333333333333,15.000000000000002,23.33333333333333,9.80392156862745,8.333333333333334,/home/yj3616/workspace/phd-research/research-notes/reflection-full-mapping-sweep-20261005/cases/c8-core16/Transformer/rotation/design.json,/home/yj3616/workspace/phd-research/research-notes/reflection-full-mapping-sweep-20261005/cases/c8-core16/Transformer/reflection/design.json
8,16,128,all,ALL17,61,complete,,,40960.0,25600.0,20480,18944,1.0,0.625,0.5,0.4625,1.6,1.0,0.8,0.74,50.0,53.75,19.999999999999996,26.0,7.499999999999996,6.0,/home/yj3616/workspace/phd-research/research-notes/reflection-full-mapping-sweep-20261005/cases/c8-core16/ALL17/rotation/design.json,/home/yj3616/workspace/phd-research/research-notes/reflection-full-mapping-sweep-20261005/cases/c8-core16/ALL17/reflection/design.json
16,1,16,workload,darknet19,5,complete,,,24576.0,18432.0,15104,13824,1.0,0.75,0.6145833333333334,0.5625,1.3333333333333333,1.0,0.8194444444444444,0.75,38.541666666666664,43.75,18.055555555555557,25.0,8.47457627118644,6.944444444444445,/home/yj3616/workspace/phd-research/research-notes/reflection-full-mapping-sweep-20261005/cases/c16-core1/darknet19/rotation/design.json,/home/yj3616/workspace/phd-research/research-notes/reflection-full-mapping-sweep-20261005/cases/c16-core1/darknet19/reflection/design.json
16,1,16,workload,vgg19,5,complete,,,24576.0,18432.0,13056,11776,1.0,0.75,0.53125,0.4791666666666667,1.3333333333333333,1.0,0.7083333333333334,0.6388888888888888,46.875,52.08333333333333,29.166666666666664,36.111111111111114,9.80392156862745,6.944444444444445,/home/yj3616/workspace/phd-research/research-notes/reflection-full-mapping-sweep-20261005/cases/c16-core1/vgg19/rotation/design.json,/home/yj3616/workspace/phd-research/research-notes/reflection-full-mapping-sweep-20261005/cases/c16-core1/vgg19/reflection/design.json
16,1,16,workload,resnet50,5,complete,,,24576.0,18432.0,14336,13824,1.0,0.75,0.5833333333333334,0.5625,1.3333333333333333,1.0,0.7777777777777778,0.75,41.666666666666664,43.75,22.22222222222222,25.0,3.57142857142857,2.7777777777777777,/home/yj3616/workspace/phd-research/research-notes/reflection-full-mapping-sweep-20261005/cases/c16-core1/resnet50/rotation/design.json,/home/yj3616/workspace/phd-research/research-notes/reflection-full-mapping-sweep-20261005/cases/c16-core1/resnet50/reflection/design.json
16,1,16,workload,googlenet,5,complete,,,32768.0,24576.0,19456,17920,1.0,0.75,0.59375,0.546875,1.3333333333333333,1.0,0.7916666666666666,0.7291666666666666,40.625,45.3125,20.833333333333336,27.083333333333336,7.8947368421052655,6.25,/home/yj3616/workspace/phd-research/research-notes/reflection-full-mapping-sweep-20261005/cases/c16-core1/googlenet/rotation/design.json,/home/yj3616/workspace/phd-research/research-notes/reflection-full-mapping-sweep-20261005/cases/c16-core1/googlenet/reflection/design.json
16,1,16,workload,resnet101,5,complete,,,24576.0,18432.0,17920,17152,1.0,0.75,0.7291666666666666,0.6979166666666666,1.3333333333333333,1.0,0.9722222222222222,0.9305555555555556,27.083333333333336,30.208333333333336,2.777777777777779,6.944444444444442,4.285714285714281,4.166666666666667,/home/yj3616/workspace/phd-research/research-notes/reflection-full-mapping-sweep-20261005/cases/c16-core1/resnet101/rotation/design.json,/home/yj3616/workspace/phd-research/research-notes/reflection-full-mapping-sweep-20261005/cases/c16-core1/resnet101/reflection/design.json
16,1,16,workload,densenet,5,complete,,,24576.0,18432.0,14336,13312,1.0,0.75,0.5833333333333334,0.5416666666666666,1.3333333333333333,1.0,0.7777777777777778,0.7222222222222222,41.666666666666664,45.833333333333336,22.22222222222222,27.77777777777778,7.14285714285714,5.555555555555555,/home/yj3616/workspace/phd-research/research-notes/reflection-full-mapping-sweep-20261005/cases/c16-core1/densenet/rotation/design.json,/home/yj3616/workspace/phd-research/research-notes/reflection-full-mapping-sweep-20261005/cases/c16-core1/densenet/reflection/design.json
16,1,16,workload,inception_resnet_v1,5,complete,,,24576.0,18432.0,14336,13312,1.0,0.75,0.5833333333333334,0.5416666666666666,1.3333333333333333,1.0,0.7777777777777778,0.7222222222222222,41.666666666666664,45.833333333333336,22.22222222222222,27.77777777777778,7.14285714285714,5.555555555555555,/home/yj3616/workspace/phd-research/research-notes/reflection-full-mapping-sweep-20261005/cases/c16-core1/inception_resnet_v1/rotation/design.json,/home/yj3616/workspace/phd-research/research-notes/reflection-full-mapping-sweep-20261005/cases/c16-core1/inception_resnet_v1/reflection/design.json
16,1,16,workload,gnmt,5,complete,,,32768.0,24576.0,20224,19712,1.0,0.75,0.6171875,0.6015625,1.3333333333333333,1.0,0.8229166666666666,0.8020833333333334,38.28125,39.84375,17.708333333333336,19.791666666666664,2.5316455696202556,2.0833333333333335,/home/yj3616/workspace/phd-research/research-notes/reflection-full-mapping-sweep-20261005/cases/c16-core1/gnmt/rotation/design.json,/home/yj3616/workspace/phd-research/research-notes/reflection-full-mapping-sweep-20261005/cases/c16-core1/gnmt/reflection/design.json
16,1,16,workload,lstm,5,complete,,,32768.0,24576.0,21248,20224,1.0,0.75,0.6484375,0.6171875,1.3333333333333333,1.0,0.8645833333333334,0.8229166666666666,35.15625,38.28125,13.541666666666663,17.708333333333336,4.81927710843374,4.166666666666667,/home/yj3616/workspace/phd-research/research-notes/reflection-full-mapping-sweep-20261005/cases/c16-core1/lstm/rotation/design.json,/home/yj3616/workspace/phd-research/research-notes/reflection-full-mapping-sweep-20261005/cases/c16-core1/lstm/reflection/design.json
16,1,16,workload,transformer,5,complete,,,16384.0,12288.0,9984,9216,1.0,0.75,0.609375,0.5625,1.3333333333333333,1.0,0.8125,0.75,39.0625,43.75,18.75,25.0,7.692307692307687,6.25,/home/yj3616/workspace/phd-research/research-notes/reflection-full-mapping-sweep-20261005/cases/c16-core1/transformer/rotation/design.json,/home/yj3616/workspace/phd-research/research-notes/reflection-full-mapping-sweep-20261005/cases/c16-core1/transformer/reflection/design.json
16,1,16,workload,transformer_cell,5,complete,,,32768.0,24576.0,14592,13824,1.0,0.75,0.4453125,0.421875,1.3333333333333333,1.0,0.59375,0.5625,55.46875,57.8125,40.625,43.75,5.263157894736848,3.125,/home/yj3616/workspace/phd-research/research-notes/reflection-full-mapping-sweep-20261005/cases/c16-core1/transformer_cell/rotation/design.json,/home/yj3616/workspace/phd-research/research-notes/reflection-full-mapping-sweep-20261005/cases/c16-core1/transformer_cell/reflection/design.json
16,1,16,workload,pnasnet,5,complete,,,24576.0,18432.0,14336,13056,1.0,0.75,0.5833333333333334,0.53125,1.3333333333333333,1.0,0.7777777777777778,0.7083333333333334,41.666666666666664,46.875,22.22222222222222,29.166666666666664,8.92857142857143,6.944444444444445,/home/yj3616/workspace/phd-research/research-notes/reflection-full-mapping-sweep-20261005/cases/c16-core1/pnasnet/rotation/design.json,/home/yj3616/workspace/phd-research/research-notes/reflection-full-mapping-sweep-20261005/cases/c16-core1/pnasnet/reflection/design.json
16,1,16,workload,resnext50,5,complete,,,24576.0,18432.0,14336,13824,1.0,0.75,0.5833333333333334,0.5625,1.3333333333333333,1.0,0.7777777777777778,0.75,41.666666666666664,43.75,22.22222222222222,25.0,3.57142857142857,2.7777777777777777,/home/yj3616/workspace/phd-research/research-notes/reflection-full-mapping-sweep-20261005/cases/c16-core1/resnext50/rotation/design.json,/home/yj3616/workspace/phd-research/research-notes/reflection-full-mapping-sweep-20261005/cases/c16-core1/resnext50/reflection/design.json
16,1,16,workload,resnet152,5,complete,,,24576.0,18432.0,14336,13824,1.0,0.75,0.5833333333333334,0.5625,1.3333333333333333,1.0,0.7777777777777778,0.75,41.666666666666664,43.75,22.22222222222222,25.0,3.57142857142857,2.7777777777777777,/home/yj3616/workspace/phd-research/research-notes/reflection-full-mapping-sweep-20261005/cases/c16-core1/resnet152/rotation/design.json,/home/yj3616/workspace/phd-research/research-notes/reflection-full-mapping-sweep-20261005/cases/c16-core1/resnet152/reflection/design.json
16,1,16,workload,bert_block,5,complete,,,24576.0,18432.0,13568,12288,1.0,0.75,0.5520833333333334,0.5,1.3333333333333333,1.0,0.7361111111111112,0.6666666666666666,44.791666666666664,50.0,26.388888888888886,33.333333333333336,9.433962264150942,6.944444444444445,/home/yj3616/workspace/phd-research/research-notes/reflection-full-mapping-sweep-20261005/cases/c16-core1/bert_block/rotation/design.json,/home/yj3616/workspace/phd-research/research-notes/reflection-full-mapping-sweep-20261005/cases/c16-core1/bert_block/reflection/design.json
16,1,16,workload,gpt_prefill_block,5,complete,,,24576.0,18432.0,13568,12288,1.0,0.75,0.5520833333333334,0.5,1.3333333333333333,1.0,0.7361111111111112,0.6666666666666666,44.791666666666664,50.0,26.388888888888886,33.333333333333336,9.433962264150942,6.944444444444445,/home/yj3616/workspace/phd-research/research-notes/reflection-full-mapping-sweep-20261005/cases/c16-core1/gpt_prefill_block/rotation/design.json,/home/yj3616/workspace/phd-research/research-notes/reflection-full-mapping-sweep-20261005/cases/c16-core1/gpt_prefill_block/reflection/design.json
16,1,16,workload,gpt_decode_block,5,complete,,,49152.0,36864.0,28416,26112,1.0,0.75,0.578125,0.53125,1.3333333333333333,1.0,0.7708333333333334,0.7083333333333334,42.1875,46.875,22.916666666666664,29.166666666666664,8.108108108108103,6.25,/home/yj3616/workspace/phd-research/research-notes/reflection-full-mapping-sweep-20261005/cases/c16-core1/gpt_decode_block/rotation/design.json,/home/yj3616/workspace/phd-research/research-notes/reflection-full-mapping-sweep-20261005/cases/c16-core1/gpt_decode_block/reflection/design.json
16,1,16,group,CNN,50,complete,,,32768.0,24576.0,20736,19456,1.0,0.75,0.6328125,0.59375,1.3333333333333333,1.0,0.84375,0.7916666666666666,36.71875,40.625,15.625,20.833333333333336,6.172839506172845,5.208333333333333,/home/yj3616/workspace/phd-research/research-notes/reflection-full-mapping-sweep-20261005/cases/c16-core1/CNN/rotation/design.json,/home/yj3616/workspace/phd-research/research-notes/reflection-full-mapping-sweep-20261005/cases/c16-core1/CNN/reflection/design.json
16,1,16,group,RNN,10,complete,,,32768.0,24576.0,21504,20736,1.0,0.75,0.65625,0.6328125,1.3333333333333333,1.0,0.875,0.84375,34.375,36.71875,12.5,15.625,3.57142857142857,3.125,/home/yj3616/workspace/phd-research/research-notes/reflection-full-mapping-sweep-20261005/cases/c16-core1/RNN/rotation/design.json,/home/yj3616/workspace/phd-research/research-notes/reflection-full-mapping-sweep-20261005/cases/c16-core1/RNN/reflection/design.json
16,1,16,group,Transformer,25,complete,,,49152.0,36864.0,28416,26112,1.0,0.75,0.578125,0.53125,1.3333333333333333,1.0,0.7708333333333334,0.7083333333333334,42.1875,46.875,22.916666666666664,29.166666666666664,8.108108108108103,6.25,/home/yj3616/workspace/phd-research/research-notes/reflection-full-mapping-sweep-20261005/cases/c16-core1/Transformer/rotation/design.json,/home/yj3616/workspace/phd-research/research-notes/reflection-full-mapping-sweep-20261005/cases/c16-core1/Transformer/reflection/design.json
16,1,16,all,ALL17,85,complete,,,49152.0,36864.0,28416,26112,1.0,0.75,0.578125,0.53125,1.3333333333333333,1.0,0.7708333333333334,0.7083333333333334,42.1875,46.875,22.916666666666664,29.166666666666664,8.108108108108103,6.25,/home/yj3616/workspace/phd-research/research-notes/reflection-full-mapping-sweep-20261005/cases/c16-core1/ALL17/rotation/design.json,/home/yj3616/workspace/phd-research/research-notes/reflection-full-mapping-sweep-20261005/cases/c16-core1/ALL17/reflection/design.json
16,4,64,workload,darknet19,5,complete,,,32768.0,24576.0,22272,21504,1.0,0.75,0.6796875,0.65625,1.3333333333333333,1.0,0.90625,0.875,32.03125,34.375,9.375,12.5,3.4482758620689613,3.125,/home/yj3616/workspace/phd-research/research-notes/reflection-full-mapping-sweep-20261005/cases/c16-core4/darknet19/rotation/design.json,/home/yj3616/workspace/phd-research/research-notes/reflection-full-mapping-sweep-20261005/cases/c16-core4/darknet19/reflection/design.json
16,4,64,workload,vgg19,2,complete,,,32768.0,24576.0,18432,16896,1.0,0.75,0.5625,0.515625,1.3333333333333333,1.0,0.75,0.6875,43.75,48.4375,25.0,31.25,8.333333333333337,6.25,/home/yj3616/workspace/phd-research/research-notes/reflection-full-mapping-sweep-20261005/cases/c16-core4/vgg19/rotation/design.json,/home/yj3616/workspace/phd-research/research-notes/reflection-full-mapping-sweep-20261005/cases/c16-core4/vgg19/reflection/design.json
16,4,64,workload,resnet50,3,complete,,,40960.0,30720.0,27648,26880,1.0,0.75,0.675,0.65625,1.3333333333333333,1.0,0.9,0.875,32.49999999999999,34.375,9.999999999999998,12.5,2.777777777777779,2.5,/home/yj3616/workspace/phd-research/research-notes/reflection-full-mapping-sweep-20261005/cases/c16-core4/resnet50/rotation/design.json,/home/yj3616/workspace/phd-research/research-notes/reflection-full-mapping-sweep-20261005/cases/c16-core4/resnet50/reflection/design.json
16,4,64,workload,googlenet,5,complete,,,40960.0,30720.0,28416,26880,1.0,0.75,0.69375,0.65625,1.3333333333333333,1.0,0.925,0.875,30.625000000000004,34.375,7.499999999999996,12.5,5.405405405405405,5.0,/home/yj3616/workspace/phd-research/research-notes/reflection-full-mapping-sweep-20261005/cases/c16-core4/googlenet/rotation/design.json,/home/yj3616/workspace/phd-research/research-notes/reflection-full-mapping-sweep-20261005/cases/c16-core4/googlenet/reflection/design.json
16,4,64,workload,resnet101,2,complete,,,40960.0,30720.0,26368,25856,1.0,0.75,0.64375,0.63125,1.3333333333333333,1.0,0.8583333333333333,0.8416666666666667,35.62499999999999,36.875,14.166666666666671,15.833333333333332,1.9417475728155331,1.6666666666666667,/home/yj3616/workspace/phd-research/research-notes/reflection-full-mapping-sweep-20261005/cases/c16-core4/resnet101/rotation/design.json,/home/yj3616/workspace/phd-research/research-notes/reflection-full-mapping-sweep-20261005/cases/c16-core4/resnet101/reflection/design.json
16,4,64,workload,densenet,3,complete,,,32768.0,24576.0,20480,19200,1.0,0.75,0.625,0.5859375,1.3333333333333333,1.0,0.8333333333333334,0.78125,37.5,41.40625,16.666666666666664,21.875,6.25,5.208333333333333,/home/yj3616/workspace/phd-research/research-notes/reflection-full-mapping-sweep-20261005/cases/c16-core4/densenet/rotation/design.json,/home/yj3616/workspace/phd-research/research-notes/reflection-full-mapping-sweep-20261005/cases/c16-core4/densenet/reflection/design.json
16,4,64,workload,inception_resnet_v1,3,complete,,,32768.0,24576.0,23552,23552,1.0,0.75,0.71875,0.71875,1.3333333333333333,1.0,0.9583333333333334,0.9583333333333334,28.125,28.125,4.1666666666666625,4.1666666666666625,0.0,0.0,/home/yj3616/workspace/phd-research/research-notes/reflection-full-mapping-sweep-20261005/cases/c16-core4/inception_resnet_v1/rotation/design.json,/home/yj3616/workspace/phd-research/research-notes/reflection-full-mapping-sweep-20261005/cases/c16-core4/inception_resnet_v1/reflection/design.json
16,4,64,workload,gnmt,5,complete,,,49152.0,36864.0,28544,28032,1.0,0.75,0.5807291666666666,0.5703125,1.3333333333333333,1.0,0.7743055555555556,0.7604166666666666,41.927083333333336,42.96875,22.569444444444443,23.958333333333336,1.7937219730941756,1.3888888888888888,/home/yj3616/workspace/phd-research/research-notes/reflection-full-mapping-sweep-20261005/cases/c16-core4/gnmt/rotation/design.json,/home/yj3616/workspace/phd-research/research-notes/reflection-full-mapping-sweep-20261005/cases/c16-core4/gnmt/reflection/design.json
16,4,64,workload,lstm,5,complete,,,49152.0,36864.0,29568,28416,1.0,0.75,0.6015625,0.578125,1.3333333333333333,1.0,0.8020833333333334,0.7708333333333334,39.84375,42.1875,19.791666666666664,22.916666666666664,3.8961038961038974,3.125,/home/yj3616/workspace/phd-research/research-notes/reflection-full-mapping-sweep-20261005/cases/c16-core4/lstm/rotation/design.json,/home/yj3616/workspace/phd-research/research-notes/reflection-full-mapping-sweep-20261005/cases/c16-core4/lstm/reflection/design.json
16,4,64,workload,transformer,4,complete,,,32768.0,24576.0,20224,18688,1.0,0.75,0.6171875,0.5703125,1.3333333333333333,1.0,0.8229166666666666,0.7604166666666666,38.28125,42.96875,17.708333333333336,23.958333333333336,7.594936708860756,6.25,/home/yj3616/workspace/phd-research/research-notes/reflection-full-mapping-sweep-20261005/cases/c16-core4/transformer/rotation/design.json,/home/yj3616/workspace/phd-research/research-notes/reflection-full-mapping-sweep-20261005/cases/c16-core4/transformer/reflection/design.json
16,4,64,workload,transformer_cell,2,complete,,,32768.0,24576.0,19712,18432,1.0,0.75,0.6015625,0.5625,1.3333333333333333,1.0,0.8020833333333334,0.75,39.84375,43.75,19.791666666666664,25.0,6.493506493506496,5.208333333333333,/home/yj3616/workspace/phd-research/research-notes/reflection-full-mapping-sweep-20261005/cases/c16-core4/transformer_cell/rotation/design.json,/home/yj3616/workspace/phd-research/research-notes/reflection-full-mapping-sweep-20261005/cases/c16-core4/transformer_cell/reflection/design.json
16,4,64,workload,pnasnet,5,complete,,,40960.0,30720.0,26624,25600,1.0,0.75,0.65,0.625,1.3333333333333333,1.0,0.8666666666666667,0.8333333333333334,35.0,37.5,13.33333333333333,16.666666666666664,3.8461538461538436,3.3333333333333335,/home/yj3616/workspace/phd-research/research-notes/reflection-full-mapping-sweep-20261005/cases/c16-core4/pnasnet/rotation/design.json,/home/yj3616/workspace/phd-research/research-notes/reflection-full-mapping-sweep-20261005/cases/c16-core4/pnasnet/reflection/design.json
16,4,64,workload,resnext50,3,complete,,,40960.0,30720.0,27648,26880,1.0,0.75,0.675,0.65625,1.3333333333333333,1.0,0.9,0.875,32.49999999999999,34.375,9.999999999999998,12.5,2.777777777777779,2.5,/home/yj3616/workspace/phd-research/research-notes/reflection-full-mapping-sweep-20261005/cases/c16-core4/resnext50/rotation/design.json,/home/yj3616/workspace/phd-research/research-notes/reflection-full-mapping-sweep-20261005/cases/c16-core4/resnext50/reflection/design.json
16,4,64,workload,resnet152,1,complete,,,32768.0,24576.0,22272,21760,1.0,0.75,0.6796875,0.6640625,1.3333333333333333,1.0,0.90625,0.8854166666666666,32.03125,33.59375,9.375,11.458333333333337,2.298850574712641,2.0833333333333335,/home/yj3616/workspace/phd-research/research-notes/reflection-full-mapping-sweep-20261005/cases/c16-core4/resnet152/rotation/design.json,/home/yj3616/workspace/phd-research/research-notes/reflection-full-mapping-sweep-20261005/cases/c16-core4/resnet152/reflection/design.json
16,4,64,workload,bert_block,2,complete,,,32768.0,24576.0,20480,19456,1.0,0.75,0.625,0.59375,1.3333333333333333,1.0,0.8333333333333334,0.7916666666666666,37.5,40.625,16.666666666666664,20.833333333333336,5.000000000000004,4.166666666666667,/home/yj3616/workspace/phd-research/research-notes/reflection-full-mapping-sweep-20261005/cases/c16-core4/bert_block/rotation/design.json,/home/yj3616/workspace/phd-research/research-notes/reflection-full-mapping-sweep-20261005/cases/c16-core4/bert_block/reflection/design.json
16,4,64,workload,gpt_prefill_block,4,complete,,,32768.0,24576.0,20736,19712,1.0,0.75,0.6328125,0.6015625,1.3333333333333333,1.0,0.84375,0.8020833333333334,36.71875,39.84375,15.625,19.791666666666664,4.938271604938271,4.166666666666667,/home/yj3616/workspace/phd-research/research-notes/reflection-full-mapping-sweep-20261005/cases/c16-core4/gpt_prefill_block/rotation/design.json,/home/yj3616/workspace/phd-research/research-notes/reflection-full-mapping-sweep-20261005/cases/c16-core4/gpt_prefill_block/reflection/design.json
16,4,64,workload,gpt_decode_block,5,complete,,,32768.0,24576.0,20992,20224,1.0,0.75,0.640625,0.6171875,1.3333333333333333,1.0,0.8541666666666666,0.8229166666666666,35.9375,38.28125,14.583333333333337,17.708333333333336,3.658536585365857,3.125,/home/yj3616/workspace/phd-research/research-notes/reflection-full-mapping-sweep-20261005/cases/c16-core4/gpt_decode_block/rotation/design.json,/home/yj3616/workspace/phd-research/research-notes/reflection-full-mapping-sweep-20261005/cases/c16-core4/gpt_decode_block/reflection/design.json
16,4,64,group,CNN,32,complete,,,40960.0,30720.0,28288,28288,1.0,0.75,0.690625,0.690625,1.3333333333333333,1.0,0.9208333333333333,0.9208333333333333,30.937499999999996,30.937499999999996,7.916666666666671,7.916666666666671,0.0,0.0,/home/yj3616/workspace/phd-research/research-notes/reflection-full-mapping-sweep-20261005/cases/c16-core4/CNN/rotation/design.json,/home/yj3616/workspace/phd-research/research-notes/reflection-full-mapping-sweep-20261005/cases/c16-core4/CNN/reflection/design.json
16,4,64,group,RNN,10,complete,,,49152.0,36864.0,29824,29824,1.0,0.75,0.6067708333333334,0.6067708333333334,1.3333333333333333,1.0,0.8090277777777778,0.8090277777777778,39.322916666666664,39.322916666666664,19.09722222222222,19.09722222222222,0.0,0.0,/home/yj3616/workspace/phd-research/research-notes/reflection-full-mapping-sweep-20261005/cases/c16-core4/RNN/rotation/design.json,/home/yj3616/workspace/phd-research/research-notes/reflection-full-mapping-sweep-20261005/cases/c16-core4/RNN/reflection/design.json
16,4,64,group,Transformer,17,complete,,,32768.0,24576.0,20992,20224,1.0,0.75,0.640625,0.6171875,1.3333333333333333,1.0,0.8541666666666666,0.8229166666666666,35.9375,38.28125,14.583333333333337,17.708333333333336,3.658536585365857,3.125,/home/yj3616/workspace/phd-research/research-notes/reflection-full-mapping-sweep-20261005/cases/c16-core4/Transformer/rotation/design.json,/home/yj3616/workspace/phd-research/research-notes/reflection-full-mapping-sweep-20261005/cases/c16-core4/Transformer/reflection/design.json
16,4,64,all,ALL17,59,complete,,,49152.0,36864.0,30208,29952,1.0,0.75,0.6145833333333334,0.609375,1.3333333333333333,1.0,0.8194444444444444,0.8125,38.541666666666664,39.0625,18.055555555555557,18.75,0.8474576271186418,0.6944444444444444,/home/yj3616/workspace/phd-research/research-notes/reflection-full-mapping-sweep-20261005/cases/c16-core4/ALL17/rotation/design.json,/home/yj3616/workspace/phd-research/research-notes/reflection-full-mapping-sweep-20261005/cases/c16-core4/ALL17/reflection/design.json
16,16,256,workload,darknet19,5,complete,,,65536.0,49152.0,44416,42624,1.0,0.75,0.677734375,0.650390625,1.3333333333333333,1.0,0.9036458333333334,0.8671875,32.2265625,34.9609375,9.635416666666663,13.28125,4.034582132564846,3.6458333333333335,/home/yj3616/workspace/phd-research/research-notes/reflection-full-mapping-sweep-20261005/cases/c16-core16/darknet19/rotation/design.json,/home/yj3616/workspace/phd-research/research-notes/reflection-full-mapping-sweep-20261005/cases/c16-core16/darknet19/reflection/design.json
16,16,256,workload,vgg19,2,complete,,,49152.0,36864.0,27136,26112,1.0,0.75,0.5520833333333334,0.53125,1.3333333333333333,1.0,0.7361111111111112,0.7083333333333334,44.791666666666664,46.875,26.388888888888886,29.166666666666664,3.7735849056603765,2.7777777777777777,/home/yj3616/workspace/phd-research/research-notes/reflection-full-mapping-sweep-20261005/cases/c16-core16/vgg19/rotation/design.json,/home/yj3616/workspace/phd-research/research-notes/reflection-full-mapping-sweep-20261005/cases/c16-core16/vgg19/reflection/design.json
16,16,256,workload,resnet50,5,complete,,,73728.0,55296.0,49472,48512,1.0,0.75,0.6710069444444444,0.6579861111111112,1.3333333333333333,1.0,0.8946759259259259,0.8773148148148148,32.89930555555556,34.201388888888886,10.532407407407407,12.268518518518523,1.9404915912031084,1.7361111111111112,/home/yj3616/workspace/phd-research/research-notes/reflection-full-mapping-sweep-20261005/cases/c16-core16/resnet50/rotation/design.json,/home/yj3616/workspace/phd-research/research-notes/reflection-full-mapping-sweep-20261005/cases/c16-core16/resnet50/reflection/design.json
16,16,256,workload,googlenet,5,complete,,,73728.0,55296.0,49408,48448,1.0,0.75,0.6701388888888888,0.6571180555555556,1.3333333333333333,1.0,0.8935185185185185,0.8761574074074074,32.986111111111114,34.28819444444444,10.64814814814815,12.384259259259256,1.943005181347146,1.7361111111111112,/home/yj3616/workspace/phd-research/research-notes/reflection-full-mapping-sweep-20261005/cases/c16-core16/googlenet/rotation/design.json,/home/yj3616/workspace/phd-research/research-notes/reflection-full-mapping-sweep-20261005/cases/c16-core16/googlenet/reflection/design.json
16,16,256,workload,resnet101,5,complete,,,73728.0,55296.0,51776,50176,1.0,0.75,0.7022569444444444,0.6805555555555556,1.3333333333333333,1.0,0.9363425925925926,0.9074074074074074,29.774305555555557,31.944444444444443,6.365740740740744,9.259259259259256,3.0902348578491945,2.8935185185185186,/home/yj3616/workspace/phd-research/research-notes/reflection-full-mapping-sweep-20261005/cases/c16-core16/resnet101/rotation/design.json,/home/yj3616/workspace/phd-research/research-notes/reflection-full-mapping-sweep-20261005/cases/c16-core16/resnet101/reflection/design.json
16,16,256,workload,densenet,4,complete,,,73728.0,55296.0,49664,49152,1.0,0.75,0.6736111111111112,0.6666666666666666,1.3333333333333333,1.0,0.8981481481481481,0.8888888888888888,32.638888888888886,33.333333333333336,10.185185185185187,11.111111111111116,1.0309278350515427,0.9259259259259259,/home/yj3616/workspace/phd-research/research-notes/reflection-full-mapping-sweep-20261005/cases/c16-core16/densenet/rotation/design.json,/home/yj3616/workspace/phd-research/research-notes/reflection-full-mapping-sweep-20261005/cases/c16-core16/densenet/reflection/design.json
16,16,256,workload,inception_resnet_v1,5,complete,,,73728.0,55296.0,46784,44224,1.0,0.75,0.6345486111111112,0.5998263888888888,1.3333333333333333,1.0,0.8460648148148148,0.7997685185185185,36.545138888888886,40.017361111111114,15.393518518518523,20.023148148148152,5.471956224350205,4.62962962962963,/home/yj3616/workspace/phd-research/research-notes/reflection-full-mapping-sweep-20261005/cases/c16-core16/inception_resnet_v1/rotation/design.json,/home/yj3616/workspace/phd-research/research-notes/reflection-full-mapping-sweep-20261005/cases/c16-core16/inception_resnet_v1/reflection/design.json
16,16,256,workload,gnmt,5,complete,,,73728.0,55296.0,47616,46208,1.0,0.75,0.6458333333333334,0.6267361111111112,1.3333333333333333,1.0,0.8611111111111112,0.8356481481481481,35.416666666666664,37.326388888888886,13.888888888888884,16.435185185185187,2.9569892473118253,2.5462962962962963,/home/yj3616/workspace/phd-research/research-notes/reflection-full-mapping-sweep-20261005/cases/c16-core16/gnmt/rotation/design.json,/home/yj3616/workspace/phd-research/research-notes/reflection-full-mapping-sweep-20261005/cases/c16-core16/gnmt/reflection/design.json
16,16,256,workload,lstm,5,complete,,,73728.0,55296.0,47680,45120,1.0,0.75,0.6467013888888888,0.6119791666666666,1.3333333333333333,1.0,0.8622685185185185,0.8159722222222222,35.329861111111114,38.802083333333336,13.77314814814815,18.40277777777778,5.369127516778526,4.62962962962963,/home/yj3616/workspace/phd-research/research-notes/reflection-full-mapping-sweep-20261005/cases/c16-core16/lstm/rotation/design.json,/home/yj3616/workspace/phd-research/research-notes/reflection-full-mapping-sweep-20261005/cases/c16-core16/lstm/reflection/design.json
16,16,256,workload,transformer,2,complete,,,73728.0,55296.0,45568,45568,1.0,0.75,0.6180555555555556,0.6180555555555556,1.3333333333333333,1.0,0.8240740740740741,0.8240740740740741,38.19444444444444,38.19444444444444,17.59259259259259,17.59259259259259,0.0,0.0,/home/yj3616/workspace/phd-research/research-notes/reflection-full-mapping-sweep-20261005/cases/c16-core16/transformer/rotation/design.json,/home/yj3616/workspace/phd-research/research-notes/reflection-full-mapping-sweep-20261005/cases/c16-core16/transformer/reflection/design.json
16,16,256,workload,transformer_cell,5,complete,,,73728.0,55296.0,48384,46336,1.0,0.75,0.65625,0.6284722222222222,1.3333333333333333,1.0,0.875,0.8379629629629629,34.375,37.15277777777778,12.5,16.20370370370371,4.232804232804233,3.7037037037037037,/home/yj3616/workspace/phd-research/research-notes/reflection-full-mapping-sweep-20261005/cases/c16-core16/transformer_cell/rotation/design.json,/home/yj3616/workspace/phd-research/research-notes/reflection-full-mapping-sweep-20261005/cases/c16-core16/transformer_cell/reflection/design.json
16,16,256,workload,pnasnet,3,complete,,,65536.0,49152.0,45568,45440,1.0,0.75,0.6953125,0.693359375,1.3333333333333333,1.0,0.9270833333333334,0.9244791666666666,30.46875,30.6640625,7.2916666666666625,7.5520833333333375,0.2808988764044895,0.2604166666666667,/home/yj3616/workspace/phd-research/research-notes/reflection-full-mapping-sweep-20261005/cases/c16-core16/pnasnet/rotation/design.json,/home/yj3616/workspace/phd-research/research-notes/reflection-full-mapping-sweep-20261005/cases/c16-core16/pnasnet/reflection/design.json
16,16,256,workload,resnext50,5,complete,,,73728.0,55296.0,50688,50560,1.0,0.75,0.6875,0.6857638888888888,1.3333333333333333,1.0,0.9166666666666666,0.9143518518518519,31.25,31.423611111111114,8.333333333333337,8.564814814814813,0.2525252525252486,0.23148148148148148,/home/yj3616/workspace/phd-research/research-notes/reflection-full-mapping-sweep-20261005/cases/c16-core16/resnext50/rotation/design.json,/home/yj3616/workspace/phd-research/research-notes/reflection-full-mapping-sweep-20261005/cases/c16-core16/resnext50/reflection/design.json
16,16,256,workload,resnet152,5,complete,,,73728.0,55296.0,49216,48064,1.0,0.75,0.6675347222222222,0.6519097222222222,1.3333333333333333,1.0,0.8900462962962963,0.8692129629629629,33.24652777777778,34.80902777777778,10.995370370370372,13.07870370370371,2.3407022106632036,2.0833333333333335,/home/yj3616/workspace/phd-research/research-notes/reflection-full-mapping-sweep-20261005/cases/c16-core16/resnet152/rotation/design.json,/home/yj3616/workspace/phd-research/research-notes/reflection-full-mapping-sweep-20261005/cases/c16-core16/resnet152/reflection/design.json
16,16,256,workload,bert_block,5,complete,,,73728.0,55296.0,44096,44096,1.0,0.75,0.5980902777777778,0.5980902777777778,1.3333333333333333,1.0,0.7974537037037037,0.7974537037037037,40.19097222222222,40.19097222222222,20.254629629629626,20.254629629629626,0.0,0.0,/home/yj3616/workspace/phd-research/research-notes/reflection-full-mapping-sweep-20261005/cases/c16-core16/bert_block/rotation/design.json,/home/yj3616/workspace/phd-research/research-notes/reflection-full-mapping-sweep-20261005/cases/c16-core16/bert_block/reflection/design.json
16,16,256,workload,gpt_prefill_block,3,complete,,,73728.0,55296.0,44032,44032,1.0,0.75,0.5972222222222222,0.5972222222222222,1.3333333333333333,1.0,0.7962962962962963,0.7962962962962963,40.27777777777778,40.27777777777778,20.370370370370374,20.370370370370374,0.0,0.0,/home/yj3616/workspace/phd-research/research-notes/reflection-full-mapping-sweep-20261005/cases/c16-core16/gpt_prefill_block/rotation/design.json,/home/yj3616/workspace/phd-research/research-notes/reflection-full-mapping-sweep-20261005/cases/c16-core16/gpt_prefill_block/reflection/design.json
16,16,256,workload,gpt_decode_block,5,complete,,,73728.0,55296.0,40832,40832,1.0,0.75,0.5538194444444444,0.5538194444444444,1.3333333333333333,1.0,0.7384259259259259,0.7384259259259259,44.61805555555556,44.61805555555556,26.15740740740741,26.15740740740741,0.0,0.0,/home/yj3616/workspace/phd-research/research-notes/reflection-full-mapping-sweep-20261005/cases/c16-core16/gpt_decode_block/rotation/design.json,/home/yj3616/workspace/phd-research/research-notes/reflection-full-mapping-sweep-20261005/cases/c16-core16/gpt_decode_block/reflection/design.json
16,16,256,group,CNN,44,complete,,,73728.0,55296.0,52224,51200,1.0,0.75,0.7083333333333334,0.6944444444444444,1.3333333333333333,1.0,0.9444444444444444,0.9259259259259259,29.166666666666664,30.555555555555557,5.555555555555558,7.4074074074074066,1.9607843137254943,1.8518518518518519,/home/yj3616/workspace/phd-research/research-notes/reflection-full-mapping-sweep-20261005/cases/c16-core16/CNN/rotation/design.json,/home/yj3616/workspace/phd-research/research-notes/reflection-full-mapping-sweep-20261005/cases/c16-core16/CNN/reflection/design.json
16,16,256,group,RNN,10,complete,,,73728.0,55296.0,49600,47040,1.0,0.75,0.6727430555555556,0.6380208333333334,1.3333333333333333,1.0,0.8969907407407407,0.8506944444444444,32.72569444444444,36.197916666666664,10.300925925925931,14.930555555555557,5.161290322580648,4.62962962962963,/home/yj3616/workspace/phd-research/research-notes/reflection-full-mapping-sweep-20261005/cases/c16-core16/RNN/rotation/design.json,/home/yj3616/workspace/phd-research/research-notes/reflection-full-mapping-sweep-20261005/cases/c16-core16/RNN/reflection/design.json
16,16,256,group,Transformer,20,complete,,,73728.0,55296.0,49088,47872,1.0,0.75,0.6657986111111112,0.6493055555555556,1.3333333333333333,1.0,0.8877314814814815,0.8657407407407407,33.420138888888886,35.06944444444444,11.22685185185185,13.425925925925931,2.4771838331160367,2.199074074074074,/home/yj3616/workspace/phd-research/research-notes/reflection-full-mapping-sweep-20261005/cases/c16-core16/Transformer/rotation/design.json,/home/yj3616/workspace/phd-research/research-notes/reflection-full-mapping-sweep-20261005/cases/c16-core16/Transformer/reflection/design.json
16,16,256,all,ALL17,74,complete,,,73728.0,55296.0,52480,51264,1.0,0.75,0.7118055555555556,0.6953125,1.3333333333333333,1.0,0.9490740740740741,0.9270833333333334,28.819444444444443,30.46875,5.0925925925925934,7.2916666666666625,2.3170731707317094,2.199074074074074,/home/yj3616/workspace/phd-research/research-notes/reflection-full-mapping-sweep-20261005/cases/c16-core16/ALL17/rotation/design.json,/home/yj3616/workspace/phd-research/research-notes/reflection-full-mapping-sweep-20261005/cases/c16-core16/ALL17/reflection/design.json
32,1,32,workload,darknet19,5,complete,,,32768.0,26624.0,23552,23296,1.0,0.8125,0.71875,0.7109375,1.2307692307692308,1.0,0.8846153846153846,0.875,28.125,28.90625,11.538461538461542,12.5,1.0869565217391353,0.9615384615384616,/home/yj3616/workspace/phd-research/research-notes/reflection-full-mapping-sweep-20261005/cases/c32-core1/darknet19/rotation/design.json,/home/yj3616/workspace/phd-research/research-notes/reflection-full-mapping-sweep-20261005/cases/c32-core1/darknet19/reflection/design.json
32,1,32,workload,vgg19,5,complete,,,49152.0,39936.0,27904,26368,1.0,0.8125,0.5677083333333334,0.5364583333333334,1.2307692307692308,1.0,0.6987179487179487,0.6602564102564102,43.229166666666664,46.354166666666664,30.12820512820513,33.97435897435898,5.5045871559633035,3.8461538461538463,/home/yj3616/workspace/phd-research/research-notes/reflection-full-mapping-sweep-20261005/cases/c32-core1/vgg19/rotation/design.json,/home/yj3616/workspace/phd-research/research-notes/reflection-full-mapping-sweep-20261005/cases/c32-core1/vgg19/reflection/design.json
32,1,32,workload,resnet50,3,complete,,,65536.0,53248.0,45568,45568,1.0,0.8125,0.6953125,0.6953125,1.2307692307692308,1.0,0.8557692307692307,0.8557692307692307,30.46875,30.46875,14.423076923076927,14.423076923076927,0.0,0.0,/home/yj3616/workspace/phd-research/research-notes/reflection-full-mapping-sweep-20261005/cases/c32-core1/resnet50/rotation/design.json,/home/yj3616/workspace/phd-research/research-notes/reflection-full-mapping-sweep-20261005/cases/c32-core1/resnet50/reflection/design.json
32,1,32,workload,googlenet,5,complete,,,65536.0,53248.0,44032,44032,1.0,0.8125,0.671875,0.671875,1.2307692307692308,1.0,0.8269230769230769,0.8269230769230769,32.8125,32.8125,17.307692307692314,17.307692307692314,0.0,0.0,/home/yj3616/workspace/phd-research/research-notes/reflection-full-mapping-sweep-20261005/cases/c32-core1/googlenet/rotation/design.json,/home/yj3616/workspace/phd-research/research-notes/reflection-full-mapping-sweep-20261005/cases/c32-core1/googlenet/reflection/design.json
32,1,32,workload,resnet101,3,complete,,,65536.0,53248.0,45568,45568,1.0,0.8125,0.6953125,0.6953125,1.2307692307692308,1.0,0.8557692307692307,0.8557692307692307,30.46875,30.46875,14.423076923076927,14.423076923076927,0.0,0.0,/home/yj3616/workspace/phd-research/research-notes/reflection-full-mapping-sweep-20261005/cases/c32-core1/resnet101/rotation/design.json,/home/yj3616/workspace/phd-research/research-notes/reflection-full-mapping-sweep-20261005/cases/c32-core1/resnet101/reflection/design.json
32,1,32,workload,densenet,5,complete,,,65536.0,53248.0,44032,44032,1.0,0.8125,0.671875,0.671875,1.2307692307692308,1.0,0.8269230769230769,0.8269230769230769,32.8125,32.8125,17.307692307692314,17.307692307692314,0.0,0.0,/home/yj3616/workspace/phd-research/research-notes/reflection-full-mapping-sweep-20261005/cases/c32-core1/densenet/rotation/design.json,/home/yj3616/workspace/phd-research/research-notes/reflection-full-mapping-sweep-20261005/cases/c32-core1/densenet/reflection/design.json
32,1,32,workload,inception_resnet_v1,5,complete,,,114688.0,93184.0,71680,67840,1.0,0.8125,0.625,0.5915178571428571,1.2307692307692308,1.0,0.7692307692307693,0.728021978021978,37.5,40.84821428571429,23.076923076923073,27.1978021978022,5.35714285714286,4.1208791208791204,/home/yj3616/workspace/phd-research/research-notes/reflection-full-mapping-sweep-20261005/cases/c32-core1/inception_resnet_v1/rotation/design.json,/home/yj3616/workspace/phd-research/research-notes/reflection-full-mapping-sweep-20261005/cases/c32-core1/inception_resnet_v1/reflection/design.json
32,1,32,workload,gnmt,5,complete,,,114688.0,93184.0,64000,63232,1.0,0.8125,0.5580357142857143,0.5513392857142857,1.2307692307692308,1.0,0.6868131868131868,0.6785714285714286,44.19642857142857,44.86607142857143,31.318681318681318,32.14285714285714,1.200000000000001,0.8241758241758241,/home/yj3616/workspace/phd-research/research-notes/reflection-full-mapping-sweep-20261005/cases/c32-core1/gnmt/rotation/design.json,/home/yj3616/workspace/phd-research/research-notes/reflection-full-mapping-sweep-20261005/cases/c32-core1/gnmt/reflection/design.json
32,1,32,workload,lstm,5,complete,,,114688.0,93184.0,65280,65024,1.0,0.8125,0.5691964285714286,0.5669642857142857,1.2307692307692308,1.0,0.7005494505494505,0.6978021978021978,43.08035714285714,43.30357142857143,29.94505494505495,30.219780219780223,0.39215686274509665,0.27472527472527475,/home/yj3616/workspace/phd-research/research-notes/reflection-full-mapping-sweep-20261005/cases/c32-core1/lstm/rotation/design.json,/home/yj3616/workspace/phd-research/research-notes/reflection-full-mapping-sweep-20261005/cases/c32-core1/lstm/reflection/design.json
32,1,32,workload,transformer,5,complete,,,32768.0,26624.0,23552,23296,1.0,0.8125,0.71875,0.7109375,1.2307692307692308,1.0,0.8846153846153846,0.875,28.125,28.90625,11.538461538461542,12.5,1.0869565217391353,0.9615384615384616,/home/yj3616/workspace/phd-research/research-notes/reflection-full-mapping-sweep-20261005/cases/c32-core1/transformer/rotation/design.json,/home/yj3616/workspace/phd-research/research-notes/reflection-full-mapping-sweep-20261005/cases/c32-core1/transformer/reflection/design.json
32,1,32,workload,transformer_cell,5,complete,,,49152.0,39936.0,30976,29184,1.0,0.8125,0.6302083333333334,0.59375,1.2307692307692308,1.0,0.7756410256410257,0.7307692307692307,36.979166666666664,40.625,22.435897435897434,26.923076923076927,5.785123966942152,4.487179487179487,/home/yj3616/workspace/phd-research/research-notes/reflection-full-mapping-sweep-20261005/cases/c32-core1/transformer_cell/rotation/design.json,/home/yj3616/workspace/phd-research/research-notes/reflection-full-mapping-sweep-20261005/cases/c32-core1/transformer_cell/reflection/design.json
32,1,32,workload,pnasnet,5,complete,,,98304.0,79872.0,61440,61440,1.0,0.8125,0.625,0.625,1.2307692307692308,1.0,0.7692307692307693,0.7692307692307693,37.5,37.5,23.076923076923073,23.076923076923073,0.0,0.0,/home/yj3616/workspace/phd-research/research-notes/reflection-full-mapping-sweep-20261005/cases/c32-core1/pnasnet/rotation/design.json,/home/yj3616/workspace/phd-research/research-notes/reflection-full-mapping-sweep-20261005/cases/c32-core1/pnasnet/reflection/design.json
32,1,32,workload,resnext50,1,complete,,,65536.0,53248.0,44032,43008,1.0,0.8125,0.671875,0.65625,1.2307692307692308,1.0,0.8269230769230769,0.8076923076923077,32.8125,34.375,17.307692307692314,19.23076923076923,2.3255813953488413,1.9230769230769231,/home/yj3616/workspace/phd-research/research-notes/reflection-full-mapping-sweep-20261005/cases/c32-core1/resnext50/rotation/design.json,/home/yj3616/workspace/phd-research/research-notes/reflection-full-mapping-sweep-20261005/cases/c32-core1/resnext50/reflection/design.json
32,1,32,workload,resnet152,4,complete,,,65536.0,53248.0,44032,41984,1.0,0.8125,0.671875,0.640625,1.2307692307692308,1.0,0.8269230769230769,0.7884615384615384,32.8125,35.9375,17.307692307692314,21.153846153846157,4.651162790697672,3.8461538461538463,/home/yj3616/workspace/phd-research/research-notes/reflection-full-mapping-sweep-20261005/cases/c32-core1/resnet152/rotation/design.json,/home/yj3616/workspace/phd-research/research-notes/reflection-full-mapping-sweep-20261005/cases/c32-core1/resnet152/reflection/design.json
32,1,32,workload,bert_block,5,complete,,,49152.0,39936.0,29440,27648,1.0,0.8125,0.5989583333333334,0.5625,1.2307692307692308,1.0,0.7371794871794872,0.6923076923076923,40.104166666666664,43.75,26.282051282051277,30.76923076923077,6.086956521739129,4.487179487179487,/home/yj3616/workspace/phd-research/research-notes/reflection-full-mapping-sweep-20261005/cases/c32-core1/bert_block/rotation/design.json,/home/yj3616/workspace/phd-research/research-notes/reflection-full-mapping-sweep-20261005/cases/c32-core1/bert_block/reflection/design.json
32,1,32,workload,gpt_prefill_block,5,complete,,,49152.0,39936.0,30976,29184,1.0,0.8125,0.6302083333333334,0.59375,1.2307692307692308,1.0,0.7756410256410257,0.7307692307692307,36.979166666666664,40.625,22.435897435897434,26.923076923076927,5.785123966942152,4.487179487179487,/home/yj3616/workspace/phd-research/research-notes/reflection-full-mapping-sweep-20261005/cases/c32-core1/gpt_prefill_block/rotation/design.json,/home/yj3616/workspace/phd-research/research-notes/reflection-full-mapping-sweep-20261005/cases/c32-core1/gpt_prefill_block/reflection/design.json
32,1,32,workload,gpt_decode_block,5,complete,,,98304.0,79872.0,67840,67072,1.0,0.8125,0.6901041666666666,0.6822916666666666,1.2307692307692308,1.0,0.8493589743589743,0.8397435897435898,30.989583333333336,31.770833333333336,15.064102564102566,16.025641025641026,1.132075471698113,0.9615384615384616,/home/yj3616/workspace/phd-research/research-notes/reflection-full-mapping-sweep-20261005/cases/c32-core1/gpt_decode_block/rotation/design.json,/home/yj3616/workspace/phd-research/research-notes/reflection-full-mapping-sweep-20261005/cases/c32-core1/gpt_decode_block/reflection/design.json
32,1,32,group,CNN,41,complete,,,114688.0,93184.0,73216,69376,1.0,0.8125,0.6383928571428571,0.6049107142857143,1.2307692307692308,1.0,0.7857142857142857,0.7445054945054945,36.16071428571429,39.50892857142857,21.42857142857143,25.549450549450547,5.24475524475524,4.1208791208791204,/home/yj3616/workspace/phd-research/research-notes/reflection-full-mapping-sweep-20261005/cases/c32-core1/CNN/rotation/design.json,/home/yj3616/workspace/phd-research/research-notes/reflection-full-mapping-sweep-20261005/cases/c32-core1/CNN/reflection/design.json
32,1,32,group,RNN,10,complete,,,114688.0,93184.0,68096,65280,1.0,0.8125,0.59375,0.5691964285714286,1.2307692307692308,1.0,0.7307692307692307,0.7005494505494505,40.625,43.08035714285714,26.923076923076927,29.94505494505495,4.135338345864659,3.021978021978022,/home/yj3616/workspace/phd-research/research-notes/reflection-full-mapping-sweep-20261005/cases/c32-core1/RNN/rotation/design.json,/home/yj3616/workspace/phd-research/research-notes/reflection-full-mapping-sweep-20261005/cases/c32-core1/RNN/reflection/design.json
32,1,32,group,Transformer,25,complete,,,98304.0,79872.0,67840,67072,1.0,0.8125,0.6901041666666666,0.6822916666666666,1.2307692307692308,1.0,0.8493589743589743,0.8397435897435898,30.989583333333336,31.770833333333336,15.064102564102566,16.025641025641026,1.132075471698113,0.9615384615384616,/home/yj3616/workspace/phd-research/research-notes/reflection-full-mapping-sweep-20261005/cases/c32-core1/Transformer/rotation/design.json,/home/yj3616/workspace/phd-research/research-notes/reflection-full-mapping-sweep-20261005/cases/c32-core1/Transformer/reflection/design.json
32,1,32,all,ALL17,76,complete,,,114688.0,93184.0,76544,74496,1.0,0.8125,0.6674107142857143,0.6495535714285714,1.2307692307692308,1.0,0.8214285714285714,0.7994505494505495,33.25892857142857,35.04464285714286,17.85714285714286,20.05494505494505,2.6755852842809347,2.197802197802198,/home/yj3616/workspace/phd-research/research-notes/reflection-full-mapping-sweep-20261005/cases/c32-core1/ALL17/rotation/design.json,/home/yj3616/workspace/phd-research/research-notes/reflection-full-mapping-sweep-20261005/cases/c32-core1/ALL17/reflection/design.json
32,4,128,workload,darknet19,3,complete,,,65536.0,53248.0,45568,45568,1.0,0.8125,0.6953125,0.6953125,1.2307692307692308,1.0,0.8557692307692307,0.8557692307692307,30.46875,30.46875,14.423076923076927,14.423076923076927,0.0,0.0,/home/yj3616/workspace/phd-research/research-notes/reflection-full-mapping-sweep-20261005/cases/c32-core4/darknet19/rotation/design.json,/home/yj3616/workspace/phd-research/research-notes/reflection-full-mapping-sweep-20261005/cases/c32-core4/darknet19/reflection/design.json
32,4,128,workload,vgg19,3,complete,,,65536.0,53248.0,44800,41984,1.0,0.8125,0.68359375,0.640625,1.2307692307692308,1.0,0.8413461538461539,0.7884615384615384,31.640625,35.9375,15.865384615384615,21.153846153846157,6.285714285714283,5.288461538461538,/home/yj3616/workspace/phd-research/research-notes/reflection-full-mapping-sweep-20261005/cases/c32-core4/vgg19/rotation/design.json,/home/yj3616/workspace/phd-research/research-notes/reflection-full-mapping-sweep-20261005/cases/c32-core4/vgg19/reflection/design.json
32,4,128,workload,resnet50,3,complete,,,81920.0,66560.0,50688,50688,1.0,0.8125,0.61875,0.61875,1.2307692307692308,1.0,0.7615384615384615,0.7615384615384615,38.125,38.125,23.84615384615385,23.84615384615385,0.0,0.0,/home/yj3616/workspace/phd-research/research-notes/reflection-full-mapping-sweep-20261005/cases/c32-core4/resnet50/rotation/design.json,/home/yj3616/workspace/phd-research/research-notes/reflection-full-mapping-sweep-20261005/cases/c32-core4/resnet50/reflection/design.json
32,4,128,workload,googlenet,5,complete,,,81920.0,66560.0,54272,54272,1.0,0.8125,0.6625,0.6625,1.2307692307692308,1.0,0.8153846153846154,0.8153846153846154,33.75,33.75,18.461538461538463,18.461538461538463,0.0,0.0,/home/yj3616/workspace/phd-research/research-notes/reflection-full-mapping-sweep-20261005/cases/c32-core4/googlenet/rotation/design.json,/home/yj3616/workspace/phd-research/research-notes/reflection-full-mapping-sweep-20261005/cases/c32-core4/googlenet/reflection/design.json
32,4,128,workload,resnet101,3,complete,,,81920.0,66560.0,54272,54272,1.0,0.8125,0.6625,0.6625,1.2307692307692308,1.0,0.8153846153846154,0.8153846153846154,33.75,33.75,18.461538461538463,18.461538461538463,0.0,0.0,/home/yj3616/workspace/phd-research/research-notes/reflection-full-mapping-sweep-20261005/cases/c32-core4/resnet101/rotation/design.json,/home/yj3616/workspace/phd-research/research-notes/reflection-full-mapping-sweep-20261005/cases/c32-core4/resnet101/reflection/design.json
32,4,128,workload,densenet,4,complete,,,81920.0,66560.0,54272,54272,1.0,0.8125,0.6625,0.6625,1.2307692307692308,1.0,0.8153846153846154,0.8153846153846154,33.75,33.75,18.461538461538463,18.461538461538463,0.0,0.0,/home/yj3616/workspace/phd-research/research-notes/reflection-full-mapping-sweep-20261005/cases/c32-core4/densenet/rotation/design.json,/home/yj3616/workspace/phd-research/research-notes/reflection-full-mapping-sweep-20261005/cases/c32-core4/densenet/reflection/design.json
32,4,128,workload,inception_resnet_v1,5,complete,,,81920.0,66560.0,54272,54272,1.0,0.8125,0.6625,0.6625,1.2307692307692308,1.0,0.8153846153846154,0.8153846153846154,33.75,33.75,18.461538461538463,18.461538461538463,0.0,0.0,/home/yj3616/workspace/phd-research/research-notes/reflection-full-mapping-sweep-20261005/cases/c32-core4/inception_resnet_v1/rotation/design.json,/home/yj3616/workspace/phd-research/research-notes/reflection-full-mapping-sweep-20261005/cases/c32-core4/inception_resnet_v1/reflection/design.json
32,4,128,workload,gnmt,5,complete,,,81920.0,66560.0,54656,53248,1.0,0.8125,0.6671875,0.65,1.2307692307692308,1.0,0.8211538461538461,0.8,33.28124999999999,35.0,17.884615384615387,19.999999999999996,2.576112412177989,2.1153846153846154,/home/yj3616/workspace/phd-research/research-notes/reflection-full-mapping-sweep-20261005/cases/c32-core4/gnmt/rotation/design.json,/home/yj3616/workspace/phd-research/research-notes/reflection-full-mapping-sweep-20261005/cases/c32-core4/gnmt/reflection/design.json
32,4,128,workload,lstm,5,complete,,,81920.0,66560.0,53248,50816,1.0,0.8125,0.65,0.6203125,1.2307692307692308,1.0,0.8,0.7634615384615384,35.0,37.96874999999999,19.999999999999996,23.65384615384616,4.567307692307687,3.6538461538461537,/home/yj3616/workspace/phd-research/research-notes/reflection-full-mapping-sweep-20261005/cases/c32-core4/lstm/rotation/design.json,/home/yj3616/workspace/phd-research/research-notes/reflection-full-mapping-sweep-20261005/cases/c32-core4/lstm/reflection/design.json
32,4,128,workload,transformer,5,complete,,,65536.0,53248.0,42496,42496,1.0,0.8125,0.6484375,0.6484375,1.2307692307692308,1.0,0.7980769230769231,0.7980769230769231,35.15625,35.15625,20.192307692307686,20.192307692307686,0.0,0.0,/home/yj3616/workspace/phd-research/research-notes/reflection-full-mapping-sweep-20261005/cases/c32-core4/transformer/rotation/design.json,/home/yj3616/workspace/phd-research/research-notes/reflection-full-mapping-sweep-20261005/cases/c32-core4/transformer/reflection/design.json
32,4,128,workload,transformer_cell,5,complete,,,65536.0,53248.0,44288,44288,1.0,0.8125,0.67578125,0.67578125,1.2307692307692308,1.0,0.8317307692307693,0.8317307692307693,32.421875,32.421875,16.826923076923073,16.826923076923073,0.0,0.0,/home/yj3616/workspace/phd-research/research-notes/reflection-full-mapping-sweep-20261005/cases/c32-core4/transformer_cell/rotation/design.json,/home/yj3616/workspace/phd-research/research-notes/reflection-full-mapping-sweep-20261005/cases/c32-core4/transformer_cell/reflection/design.json
32,4,128,workload,pnasnet,5,complete,,,65536.0,53248.0,48256,48000,1.0,0.8125,0.736328125,0.732421875,1.2307692307692308,1.0,0.90625,0.9014423076923077,26.3671875,26.7578125,9.375,9.85576923076923,0.5305039787798393,0.4807692307692308,/home/yj3616/workspace/phd-research/research-notes/reflection-full-mapping-sweep-20261005/cases/c32-core4/pnasnet/rotation/design.json,/home/yj3616/workspace/phd-research/research-notes/reflection-full-mapping-sweep-20261005/cases/c32-core4/pnasnet/reflection/design.json
32,4,128,workload,resnext50,3,complete,,,81920.0,66560.0,52736,50688,1.0,0.8125,0.64375,0.61875,1.2307692307692308,1.0,0.7923076923076923,0.7615384615384615,35.62499999999999,38.125,20.769230769230774,23.84615384615385,3.8834951456310662,3.076923076923077,/home/yj3616/workspace/phd-research/research-notes/reflection-full-mapping-sweep-20261005/cases/c32-core4/resnext50/rotation/design.json,/home/yj3616/workspace/phd-research/research-notes/reflection-full-mapping-sweep-20261005/cases/c32-core4/resnext50/reflection/design.json
32,4,128,workload,resnet152,3,complete,,,81920.0,66560.0,52736,50688,1.0,0.8125,0.64375,0.61875,1.2307692307692308,1.0,0.7923076923076923,0.7615384615384615,35.62499999999999,38.125,20.769230769230774,23.84615384615385,3.8834951456310662,3.076923076923077,/home/yj3616/workspace/phd-research/research-notes/reflection-full-mapping-sweep-20261005/cases/c32-core4/resnet152/rotation/design.json,/home/yj3616/workspace/phd-research/research-notes/reflection-full-mapping-sweep-20261005/cases/c32-core4/resnet152/reflection/design.json
32,4,128,workload,bert_block,5,complete,,,65536.0,53248.0,44032,44032,1.0,0.8125,0.671875,0.671875,1.2307692307692308,1.0,0.8269230769230769,0.8269230769230769,32.8125,32.8125,17.307692307692314,17.307692307692314,0.0,0.0,/home/yj3616/workspace/phd-research/research-notes/reflection-full-mapping-sweep-20261005/cases/c32-core4/bert_block/rotation/design.json,/home/yj3616/workspace/phd-research/research-notes/reflection-full-mapping-sweep-20261005/cases/c32-core4/bert_block/reflection/design.json
32,4,128,workload,gpt_prefill_block,5,complete,,,65536.0,53248.0,44032,44032,1.0,0.8125,0.671875,0.671875,1.2307692307692308,1.0,0.8269230769230769,0.8269230769230769,32.8125,32.8125,17.307692307692314,17.307692307692314,0.0,0.0,/home/yj3616/workspace/phd-research/research-notes/reflection-full-mapping-sweep-20261005/cases/c32-core4/gpt_prefill_block/rotation/design.json,/home/yj3616/workspace/phd-research/research-notes/reflection-full-mapping-sweep-20261005/cases/c32-core4/gpt_prefill_block/reflection/design.json
32,4,128,workload,gpt_decode_block,5,complete,,,81920.0,66560.0,58624,57984,1.0,0.8125,0.715625,0.7078125,1.2307692307692308,1.0,0.8807692307692307,0.8711538461538462,28.437500000000004,29.218750000000004,11.923076923076925,12.884615384615383,1.091703056768556,0.9615384615384616,/home/yj3616/workspace/phd-research/research-notes/reflection-full-mapping-sweep-20261005/cases/c32-core4/gpt_decode_block/rotation/design.json,/home/yj3616/workspace/phd-research/research-notes/reflection-full-mapping-sweep-20261005/cases/c32-core4/gpt_decode_block/reflection/design.json
32,4,128,group,CNN,37,complete,,,81920.0,66560.0,55808,55424,1.0,0.8125,0.68125,0.6765625,1.2307692307692308,1.0,0.8384615384615385,0.8326923076923077,31.874999999999996,32.34375000000001,16.153846153846153,16.730769230769226,0.6880733944954143,0.5769230769230769,/home/yj3616/workspace/phd-research/research-notes/reflection-full-mapping-sweep-20261005/cases/c32-core4/CNN/rotation/design.json,/home/yj3616/workspace/phd-research/research-notes/reflection-full-mapping-sweep-20261005/cases/c32-core4/CNN/reflection/design.json
32,4,128,group,RNN,10,complete,,,81920.0,66560.0,54784,53248,1.0,0.8125,0.66875,0.65,1.2307692307692308,1.0,0.823076923076923,0.8,33.12500000000001,35.0,17.692307692307697,19.999999999999996,2.8037383177570097,2.3076923076923075,/home/yj3616/workspace/phd-research/research-notes/reflection-full-mapping-sweep-20261005/cases/c32-core4/RNN/rotation/design.json,/home/yj3616/workspace/phd-research/research-notes/reflection-full-mapping-sweep-20261005/cases/c32-core4/RNN/reflection/design.json
32,4,128,group,Transformer,25,complete,,,81920.0,66560.0,58624,58496,1.0,0.8125,0.715625,0.7140625,1.2307692307692308,1.0,0.8807692307692307,0.8788461538461538,28.437500000000004,28.593749999999996,11.923076923076925,12.115384615384617,0.21834061135370675,0.19230769230769232,/home/yj3616/workspace/phd-research/research-notes/reflection-full-mapping-sweep-20261005/cases/c32-core4/Transformer/rotation/design.json,/home/yj3616/workspace/phd-research/research-notes/reflection-full-mapping-sweep-20261005/cases/c32-core4/Transformer/reflection/design.json
32,4,128,all,ALL17,72,complete,,,81920.0,66560.0,58880,58240,1.0,0.8125,0.71875,0.7109375,1.2307692307692308,1.0,0.8846153846153846,0.875,28.125,28.90625,11.538461538461542,12.5,1.0869565217391353,0.9615384615384616,/home/yj3616/workspace/phd-research/research-notes/reflection-full-mapping-sweep-20261005/cases/c32-core4/ALL17/rotation/design.json,/home/yj3616/workspace/phd-research/research-notes/reflection-full-mapping-sweep-20261005/cases/c32-core4/ALL17/reflection/design.json
32,16,512,workload,darknet19,5,complete,,,131072.0,106496.0,85824,85824,1.0,0.8125,0.65478515625,0.65478515625,1.2307692307692308,1.0,0.8058894230769231,0.8058894230769231,34.521484375,34.521484375,19.411057692307686,19.411057692307686,0.0,0.0,/home/yj3616/workspace/phd-research/research-notes/reflection-full-mapping-sweep-20261005/cases/c32-core16/darknet19/rotation/design.json,/home/yj3616/workspace/phd-research/research-notes/reflection-full-mapping-sweep-20261005/cases/c32-core16/darknet19/reflection/design.json
32,16,512,workload,vgg19,4,complete,,,81920.0,66560.0,54272,53504,1.0,0.8125,0.6625,0.653125,1.2307692307692308,1.0,0.8153846153846154,0.8038461538461539,33.75,34.68750000000001,18.461538461538463,19.615384615384613,1.4150943396226467,1.1538461538461537,/home/yj3616/workspace/phd-research/research-notes/reflection-full-mapping-sweep-20261005/cases/c32-core16/vgg19/rotation/design.json,/home/yj3616/workspace/phd-research/research-notes/reflection-full-mapping-sweep-20261005/cases/c32-core16/vgg19/reflection/design.json
32,16,512,workload,resnet50,4,complete,,,131072.0,106496.0,88064,88064,1.0,0.8125,0.671875,0.671875,1.2307692307692308,1.0,0.8269230769230769,0.8269230769230769,32.8125,32.8125,17.307692307692314,17.307692307692314,0.0,0.0,/home/yj3616/workspace/phd-research/research-notes/reflection-full-mapping-sweep-20261005/cases/c32-core16/resnet50/rotation/design.json,/home/yj3616/workspace/phd-research/research-notes/reflection-full-mapping-sweep-20261005/cases/c32-core16/resnet50/reflection/design.json
32,16,512,workload,googlenet,4,complete,,,147456.0,119808.0,90880,90368,1.0,0.8125,0.6163194444444444,0.6128472222222222,1.2307692307692308,1.0,0.7585470085470085,0.7542735042735043,38.36805555555556,38.71527777777778,24.14529914529915,24.572649572649574,0.5633802816901401,0.42735042735042733,/home/yj3616/workspace/phd-research/research-notes/reflection-full-mapping-sweep-20261005/cases/c32-core16/googlenet/rotation/design.json,/home/yj3616/workspace/phd-research/research-notes/reflection-full-mapping-sweep-20261005/cases/c32-core16/googlenet/reflection/design.json
32,16,512,workload,resnet101,2,complete,,,131072.0,106496.0,88064,88064,1.0,0.8125,0.671875,0.671875,1.2307692307692308,1.0,0.8269230769230769,0.8269230769230769,32.8125,32.8125,17.307692307692314,17.307692307692314,0.0,0.0,/home/yj3616/workspace/phd-research/research-notes/reflection-full-mapping-sweep-20261005/cases/c32-core16/resnet101/rotation/design.json,/home/yj3616/workspace/phd-research/research-notes/reflection-full-mapping-sweep-20261005/cases/c32-core16/resnet101/reflection/design.json
32,16,512,workload,densenet,1,complete,,,131072.0,106496.0,84992,84992,1.0,0.8125,0.6484375,0.6484375,1.2307692307692308,1.0,0.7980769230769231,0.7980769230769231,35.15625,35.15625,20.192307692307686,20.192307692307686,0.0,0.0,/home/yj3616/workspace/phd-research/research-notes/reflection-full-mapping-sweep-20261005/cases/c32-core16/densenet/rotation/design.json,/home/yj3616/workspace/phd-research/research-notes/reflection-full-mapping-sweep-20261005/cases/c32-core16/densenet/reflection/design.json
32,16,512,workload,inception_resnet_v1,3,complete,,,147456.0,119808.0,89600,89600,1.0,0.8125,0.6076388888888888,0.6076388888888888,1.2307692307692308,1.0,0.7478632478632479,0.7478632478632479,39.236111111111114,39.236111111111114,25.213675213675213,25.213675213675213,0.0,0.0,/home/yj3616/workspace/phd-research/research-notes/reflection-full-mapping-sweep-20261005/cases/c32-core16/inception_resnet_v1/rotation/design.json,/home/yj3616/workspace/phd-research/research-notes/reflection-full-mapping-sweep-20261005/cases/c32-core16/inception_resnet_v1/reflection/design.json
32,16,512,workload,gnmt,5,complete,,,147456.0,119808.0,83456,82880,1.0,0.8125,0.5659722222222222,0.5620659722222222,1.2307692307692308,1.0,0.6965811965811965,0.6917735042735043,43.40277777777778,43.79340277777778,30.341880341880344,30.822649572649574,0.6901840490797562,0.4807692307692308,/home/yj3616/workspace/phd-research/research-notes/reflection-full-mapping-sweep-20261005/cases/c32-core16/gnmt/rotation/design.json,/home/yj3616/workspace/phd-research/research-notes/reflection-full-mapping-sweep-20261005/cases/c32-core16/gnmt/reflection/design.json
32,16,512,workload,lstm,5,complete,,,147456.0,119808.0,83136,81984,1.0,0.8125,0.5638020833333334,0.5559895833333334,1.2307692307692308,1.0,0.6939102564102564,0.6842948717948718,43.619791666666664,44.401041666666664,30.60897435897436,31.570512820512818,1.385681293302543,0.9615384615384616,/home/yj3616/workspace/phd-research/research-notes/reflection-full-mapping-sweep-20261005/cases/c32-core16/lstm/rotation/design.json,/home/yj3616/workspace/phd-research/research-notes/reflection-full-mapping-sweep-20261005/cases/c32-core16/lstm/reflection/design.json
32,16,512,workload,transformer,5,complete,,,131072.0,106496.0,90944,90112,1.0,0.8125,0.69384765625,0.6875,1.2307692307692308,1.0,0.8539663461538461,0.8461538461538461,30.615234375,31.25,14.603365384615385,15.384615384615385,0.9148486980999349,0.78125,/home/yj3616/workspace/phd-research/research-notes/reflection-full-mapping-sweep-20261005/cases/c32-core16/transformer/rotation/design.json,/home/yj3616/workspace/phd-research/research-notes/reflection-full-mapping-sweep-20261005/cases/c32-core16/transformer/reflection/design.json
32,16,512,workload,transformer_cell,5,complete,,,131072.0,106496.0,92736,91904,1.0,0.8125,0.70751953125,0.701171875,1.2307692307692308,1.0,0.8707932692307693,0.8629807692307693,29.248046875,29.8828125,12.920673076923073,13.701923076923073,0.8971704623878529,0.78125,/home/yj3616/workspace/phd-research/research-notes/reflection-full-mapping-sweep-20261005/cases/c32-core16/transformer_cell/rotation/design.json,/home/yj3616/workspace/phd-research/research-notes/reflection-full-mapping-sweep-20261005/cases/c32-core16/transformer_cell/reflection/design.json
32,16,512,workload,pnasnet,4,complete,,,131072.0,106496.0,95488,94784,1.0,0.8125,0.728515625,0.72314453125,1.2307692307692308,1.0,0.8966346153846154,0.8900240384615384,27.1484375,27.685546875,10.336538461538458,10.997596153846157,0.7372654155495928,0.6610576923076923,/home/yj3616/workspace/phd-research/research-notes/reflection-full-mapping-sweep-20261005/cases/c32-core16/pnasnet/rotation/design.json,/home/yj3616/workspace/phd-research/research-notes/reflection-full-mapping-sweep-20261005/cases/c32-core16/pnasnet/reflection/design.json
32,16,512,workload,resnext50,3,complete,,,131072.0,106496.0,88064,88064,1.0,0.8125,0.671875,0.671875,1.2307692307692308,1.0,0.8269230769230769,0.8269230769230769,32.8125,32.8125,17.307692307692314,17.307692307692314,0.0,0.0,/home/yj3616/workspace/phd-research/research-notes/reflection-full-mapping-sweep-20261005/cases/c32-core16/resnext50/rotation/design.json,/home/yj3616/workspace/phd-research/research-notes/reflection-full-mapping-sweep-20261005/cases/c32-core16/resnext50/reflection/design.json
32,16,512,workload,resnet152,2,complete,,,147456.0,119808.0,91072,91072,1.0,0.8125,0.6176215277777778,0.6176215277777778,1.2307692307692308,1.0,0.7601495726495726,0.7601495726495726,38.23784722222222,38.23784722222222,23.98504273504274,23.98504273504274,0.0,0.0,/home/yj3616/workspace/phd-research/research-notes/reflection-full-mapping-sweep-20261005/cases/c32-core16/resnet152/rotation/design.json,/home/yj3616/workspace/phd-research/research-notes/reflection-full-mapping-sweep-20261005/cases/c32-core16/resnet152/reflection/design.json
32,16,512,workload,bert_block,3,complete,,,131072.0,106496.0,83136,83136,1.0,0.8125,0.63427734375,0.63427734375,1.2307692307692308,1.0,0.7806490384615384,0.7806490384615384,36.572265625,36.572265625,21.935096153846157,21.935096153846157,0.0,0.0,/home/yj3616/workspace/phd-research/research-notes/reflection-full-mapping-sweep-20261005/cases/c32-core16/bert_block/rotation/design.json,/home/yj3616/workspace/phd-research/research-notes/reflection-full-mapping-sweep-20261005/cases/c32-core16/bert_block/reflection/design.json
32,16,512,workload,gpt_prefill_block,2,complete,,,131072.0,106496.0,83456,83456,1.0,0.8125,0.63671875,0.63671875,1.2307692307692308,1.0,0.7836538461538461,0.7836538461538461,36.328125,36.328125,21.634615384615387,21.634615384615387,0.0,0.0,/home/yj3616/workspace/phd-research/research-notes/reflection-full-mapping-sweep-20261005/cases/c32-core16/gpt_prefill_block/rotation/design.json,/home/yj3616/workspace/phd-research/research-notes/reflection-full-mapping-sweep-20261005/cases/c32-core16/gpt_prefill_block/reflection/design.json
32,16,512,workload,gpt_decode_block,5,complete,,,147456.0,119808.0,89856,89088,1.0,0.8125,0.609375,0.6041666666666666,1.2307692307692308,1.0,0.75,0.7435897435897436,39.0625,39.583333333333336,25.0,25.64102564102564,0.8547008547008517,0.6410256410256411,/home/yj3616/workspace/phd-research/research-notes/reflection-full-mapping-sweep-20261005/cases/c32-core16/gpt_decode_block/rotation/design.json,/home/yj3616/workspace/phd-research/research-notes/reflection-full-mapping-sweep-20261005/cases/c32-core16/gpt_decode_block/reflection/design.json
32,16,512,group,CNN,32,complete,,,147456.0,119808.0,100224,100224,1.0,0.8125,0.6796875,0.6796875,1.2307692307692308,1.0,0.8365384615384616,0.8365384615384616,32.03125,32.03125,16.346153846153843,16.346153846153843,0.0,0.0,/home/yj3616/workspace/phd-research/research-notes/reflection-full-mapping-sweep-20261005/cases/c32-core16/CNN/rotation/design.json,/home/yj3616/workspace/phd-research/research-notes/reflection-full-mapping-sweep-20261005/cases/c32-core16/CNN/reflection/design.json
32,16,512,group,RNN,10,complete,,,147456.0,119808.0,88320,86720,1.0,0.8125,0.5989583333333334,0.5881076388888888,1.2307692307692308,1.0,0.7371794871794872,0.7238247863247863,40.104166666666664,41.189236111111114,26.282051282051277,27.61752136752137,1.8115942028985477,1.3354700854700854,/home/yj3616/workspace/phd-research/research-notes/reflection-full-mapping-sweep-20261005/cases/c32-core16/RNN/rotation/design.json,/home/yj3616/workspace/phd-research/research-notes/reflection-full-mapping-sweep-20261005/cases/c32-core16/RNN/reflection/design.json
32,16,512,group,Transformer,20,complete,,,147456.0,119808.0,98368,96000,1.0,0.8125,0.6671006944444444,0.6510416666666666,1.2307692307692308,1.0,0.8210470085470085,0.8012820512820513,33.28993055555556,34.895833333333336,17.89529914529915,19.87179487179487,2.407286922576446,1.9764957264957266,/home/yj3616/workspace/phd-research/research-notes/reflection-full-mapping-sweep-20261005/cases/c32-core16/Transformer/rotation/design.json,/home/yj3616/workspace/phd-research/research-notes/reflection-full-mapping-sweep-20261005/cases/c32-core16/Transformer/reflection/design.json
32,16,512,all,ALL17,62,complete,,,147456.0,119808.0,102272,101120,1.0,0.8125,0.6935763888888888,0.6857638888888888,1.2307692307692308,1.0,0.8536324786324786,0.844017094017094,30.642361111111114,31.423611111111114,14.63675213675214,15.598290598290598,1.126408010012514,0.9615384615384616,/home/yj3616/workspace/phd-research/research-notes/reflection-full-mapping-sweep-20261005/cases/c32-core16/ALL17/rotation/design.json,/home/yj3616/workspace/phd-research/research-notes/reflection-full-mapping-sweep-20261005/cases/c32-core16/ALL17/reflection/design.json
64,1,64,workload,darknet19,5,complete,,,98304.0,86016.0,60928,60672,1.0,0.875,0.6197916666666666,0.6171875,1.1428571428571428,1.0,0.7083333333333334,0.7053571428571429,38.020833333333336,38.28125,29.166666666666664,29.464285714285708,0.42016806722688926,0.2976190476190476,/home/yj3616/workspace/phd-research/research-notes/reflection-full-mapping-sweep-20261005/cases/c64-core1/darknet19/rotation/design.json,/home/yj3616/workspace/phd-research/research-notes/reflection-full-mapping-sweep-20261005/cases/c64-core1/darknet19/reflection/design.json
64,1,64,workload,vgg19,3,complete,,,98304.0,86016.0,58880,58368,1.0,0.875,0.5989583333333334,0.59375,1.1428571428571428,1.0,0.6845238095238095,0.6785714285714286,40.104166666666664,40.625,31.547619047619047,32.14285714285714,0.8695652173912993,0.5952380952380952,/home/yj3616/workspace/phd-research/research-notes/reflection-full-mapping-sweep-20261005/cases/c64-core1/vgg19/rotation/design.json,/home/yj3616/workspace/phd-research/research-notes/reflection-full-mapping-sweep-20261005/cases/c64-core1/vgg19/reflection/design.json
64,1,64,workload,resnet50,5,complete,,,131072.0,114688.0,95744,95488,1.0,0.875,0.73046875,0.728515625,1.1428571428571428,1.0,0.8348214285714286,0.8325892857142857,26.953125,27.1484375,16.51785714285714,16.74107142857143,0.2673796791443861,0.22321428571428573,/home/yj3616/workspace/phd-research/research-notes/reflection-full-mapping-sweep-20261005/cases/c64-core1/resnet50/rotation/design.json,/home/yj3616/workspace/phd-research/research-notes/reflection-full-mapping-sweep-20261005/cases/c64-core1/resnet50/reflection/design.json
64,1,64,workload,googlenet,5,complete,,,131072.0,114688.0,108288,108288,1.0,0.875,0.826171875,0.826171875,1.1428571428571428,1.0,0.9441964285714286,0.9441964285714286,17.3828125,17.3828125,5.58035714285714,5.58035714285714,0.0,0.0,/home/yj3616/workspace/phd-research/research-notes/reflection-full-mapping-sweep-20261005/cases/c64-core1/googlenet/rotation/design.json,/home/yj3616/workspace/phd-research/research-notes/reflection-full-mapping-sweep-20261005/cases/c64-core1/googlenet/reflection/design.json
64,1,64,workload,resnet101,5,complete,,,131072.0,114688.0,95744,95488,1.0,0.875,0.73046875,0.728515625,1.1428571428571428,1.0,0.8348214285714286,0.8325892857142857,26.953125,27.1484375,16.51785714285714,16.74107142857143,0.2673796791443861,0.22321428571428573,/home/yj3616/workspace/phd-research/research-notes/reflection-full-mapping-sweep-20261005/cases/c64-core1/resnet101/rotation/design.json,/home/yj3616/workspace/phd-research/research-notes/reflection-full-mapping-sweep-20261005/cases/c64-core1/resnet101/reflection/design.json
64,1,64,workload,densenet,4,complete,,,131072.0,114688.0,95744,95488,1.0,0.875,0.73046875,0.728515625,1.1428571428571428,1.0,0.8348214285714286,0.8325892857142857,26.953125,27.1484375,16.51785714285714,16.74107142857143,0.2673796791443861,0.22321428571428573,/home/yj3616/workspace/phd-research/research-notes/reflection-full-mapping-sweep-20261005/cases/c64-core1/densenet/rotation/design.json,/home/yj3616/workspace/phd-research/research-notes/reflection-full-mapping-sweep-20261005/cases/c64-core1/densenet/reflection/design.json
64,1,64,workload,inception_resnet_v1,5,complete,,,131072.0,114688.0,105472,104192,1.0,0.875,0.8046875,0.794921875,1.1428571428571428,1.0,0.9196428571428571,0.9084821428571429,19.53125,20.5078125,8.03571428571429,9.15178571428571,1.2135922330097082,1.1160714285714286,/home/yj3616/workspace/phd-research/research-notes/reflection-full-mapping-sweep-20261005/cases/c64-core1/inception_resnet_v1/rotation/design.json,/home/yj3616/workspace/phd-research/research-notes/reflection-full-mapping-sweep-20261005/cases/c64-core1/inception_resnet_v1/reflection/design.json
64,1,64,workload,gnmt,5,complete,,,262144.0,229376.0,165376,165120,1.0,0.875,0.630859375,0.6298828125,1.1428571428571428,1.0,0.7209821428571429,0.7198660714285714,36.9140625,37.01171875,27.901785714285708,28.01339285714286,0.1547987616099089,0.11160714285714286,/home/yj3616/workspace/phd-research/research-notes/reflection-full-mapping-sweep-20261005/cases/c64-core1/gnmt/rotation/design.json,/home/yj3616/workspace/phd-research/research-notes/reflection-full-mapping-sweep-20261005/cases/c64-core1/gnmt/reflection/design.json
64,1,64,workload,lstm,5,complete,,,262144.0,229376.0,165376,165376,1.0,0.875,0.630859375,0.630859375,1.1428571428571428,1.0,0.7209821428571429,0.7209821428571429,36.9140625,36.9140625,27.901785714285708,27.901785714285708,0.0,0.0,/home/yj3616/workspace/phd-research/research-notes/reflection-full-mapping-sweep-20261005/cases/c64-core1/lstm/rotation/design.json,/home/yj3616/workspace/phd-research/research-notes/reflection-full-mapping-sweep-20261005/cases/c64-core1/lstm/reflection/design.json
64,1,64,workload,transformer,5,complete,,,98304.0,86016.0,58368,58368,1.0,0.875,0.59375,0.59375,1.1428571428571428,1.0,0.6785714285714286,0.6785714285714286,40.625,40.625,32.14285714285714,32.14285714285714,0.0,0.0,/home/yj3616/workspace/phd-research/research-notes/reflection-full-mapping-sweep-20261005/cases/c64-core1/transformer/rotation/design.json,/home/yj3616/workspace/phd-research/research-notes/reflection-full-mapping-sweep-20261005/cases/c64-core1/transformer/reflection/design.json
64,1,64,workload,transformer_cell,5,complete,,,98304.0,86016.0,65536,62208,1.0,0.875,0.6666666666666666,0.6328125,1.1428571428571428,1.0,0.7619047619047619,0.7232142857142857,33.333333333333336,36.71875,23.809523809523814,27.67857142857143,5.078125,3.869047619047619,/home/yj3616/workspace/phd-research/research-notes/reflection-full-mapping-sweep-20261005/cases/c64-core1/transformer_cell/rotation/design.json,/home/yj3616/workspace/phd-research/research-notes/reflection-full-mapping-sweep-20261005/cases/c64-core1/transformer_cell/reflection/design.json
64,1,64,workload,pnasnet,5,complete,,,196608.0,172032.0,130304,130304,1.0,0.875,0.6627604166666666,0.6627604166666666,1.1428571428571428,1.0,0.7574404761904762,0.7574404761904762,33.723958333333336,33.723958333333336,24.255952380952383,24.255952380952383,0.0,0.0,/home/yj3616/workspace/phd-research/research-notes/reflection-full-mapping-sweep-20261005/cases/c64-core1/pnasnet/rotation/design.json,/home/yj3616/workspace/phd-research/research-notes/reflection-full-mapping-sweep-20261005/cases/c64-core1/pnasnet/reflection/design.json
64,1,64,workload,resnext50,5,complete,,,131072.0,114688.0,105472,105472,1.0,0.875,0.8046875,0.8046875,1.1428571428571428,1.0,0.9196428571428571,0.9196428571428571,19.53125,19.53125,8.03571428571429,8.03571428571429,0.0,0.0,/home/yj3616/workspace/phd-research/research-notes/reflection-full-mapping-sweep-20261005/cases/c64-core1/resnext50/rotation/design.json,/home/yj3616/workspace/phd-research/research-notes/reflection-full-mapping-sweep-20261005/cases/c64-core1/resnext50/reflection/design.json
64,1,64,workload,resnet152,4,complete,,,131072.0,114688.0,84480,84480,1.0,0.875,0.64453125,0.64453125,1.1428571428571428,1.0,0.7366071428571429,0.7366071428571429,35.546875,35.546875,26.339285714285708,26.339285714285708,0.0,0.0,/home/yj3616/workspace/phd-research/research-notes/reflection-full-mapping-sweep-20261005/cases/c64-core1/resnet152/rotation/design.json,/home/yj3616/workspace/phd-research/research-notes/reflection-full-mapping-sweep-20261005/cases/c64-core1/resnet152/reflection/design.json
64,1,64,workload,bert_block,5,complete,,,98304.0,86016.0,65536,64768,1.0,0.875,0.6666666666666666,0.6588541666666666,1.1428571428571428,1.0,0.7619047619047619,0.7529761904761905,33.333333333333336,34.114583333333336,23.809523809523814,24.702380952380953,1.171875,0.8928571428571429,/home/yj3616/workspace/phd-research/research-notes/reflection-full-mapping-sweep-20261005/cases/c64-core1/bert_block/rotation/design.json,/home/yj3616/workspace/phd-research/research-notes/reflection-full-mapping-sweep-20261005/cases/c64-core1/bert_block/reflection/design.json
64,1,64,workload,gpt_prefill_block,5,complete,,,98304.0,86016.0,70144,69632,1.0,0.875,0.7135416666666666,0.7083333333333334,1.1428571428571428,1.0,0.8154761904761905,0.8095238095238095,28.645833333333336,29.166666666666664,18.452380952380953,19.047619047619047,0.7299270072992692,0.5952380952380952,/home/yj3616/workspace/phd-research/research-notes/reflection-full-mapping-sweep-20261005/cases/c64-core1/gpt_prefill_block/rotation/design.json,/home/yj3616/workspace/phd-research/research-notes/reflection-full-mapping-sweep-20261005/cases/c64-core1/gpt_prefill_block/reflection/design.json
64,1,64,workload,gpt_decode_block,5,complete,,,131072.0,114688.0,108544,107776,1.0,0.875,0.828125,0.822265625,1.1428571428571428,1.0,0.9464285714285714,0.9397321428571429,17.1875,17.7734375,5.35714285714286,6.02678571428571,0.7075471698113178,0.6696428571428571,/home/yj3616/workspace/phd-research/research-notes/reflection-full-mapping-sweep-20261005/cases/c64-core1/gpt_decode_block/rotation/design.json,/home/yj3616/workspace/phd-research/research-notes/reflection-full-mapping-sweep-20261005/cases/c64-core1/gpt_decode_block/reflection/design.json
64,1,64,group,CNN,46,complete,,,196608.0,172032.0,132352,132352,1.0,0.875,0.6731770833333334,0.6731770833333334,1.1428571428571428,1.0,0.7693452380952381,0.7693452380952381,32.682291666666664,32.682291666666664,23.065476190476186,23.065476190476186,0.0,0.0,/home/yj3616/workspace/phd-research/research-notes/reflection-full-mapping-sweep-20261005/cases/c64-core1/CNN/rotation/design.json,/home/yj3616/workspace/phd-research/research-notes/reflection-full-mapping-sweep-20261005/cases/c64-core1/CNN/reflection/design.json
64,1,64,group,RNN,10,complete,,,262144.0,229376.0,165376,165376,1.0,0.875,0.630859375,0.630859375,1.1428571428571428,1.0,0.7209821428571429,0.7209821428571429,36.9140625,36.9140625,27.901785714285708,27.901785714285708,0.0,0.0,/home/yj3616/workspace/phd-research/research-notes/reflection-full-mapping-sweep-20261005/cases/c64-core1/RNN/rotation/design.json,/home/yj3616/workspace/phd-research/research-notes/reflection-full-mapping-sweep-20261005/cases/c64-core1/RNN/reflection/design.json
64,1,64,group,Transformer,25,complete,,,131072.0,114688.0,108544,108544,1.0,0.875,0.828125,0.828125,1.1428571428571428,1.0,0.9464285714285714,0.9464285714285714,17.1875,17.1875,5.35714285714286,5.35714285714286,0.0,0.0,/home/yj3616/workspace/phd-research/research-notes/reflection-full-mapping-sweep-20261005/cases/c64-core1/Transformer/rotation/design.json,/home/yj3616/workspace/phd-research/research-notes/reflection-full-mapping-sweep-20261005/cases/c64-core1/Transformer/reflection/design.json
64,1,64,all,ALL17,81,complete,,,262144.0,229376.0,165376,165376,1.0,0.875,0.630859375,0.630859375,1.1428571428571428,1.0,0.7209821428571429,0.7209821428571429,36.9140625,36.9140625,27.901785714285708,27.901785714285708,0.0,0.0,/home/yj3616/workspace/phd-research/research-notes/reflection-full-mapping-sweep-20261005/cases/c64-core1/ALL17/rotation/design.json,/home/yj3616/workspace/phd-research/research-notes/reflection-full-mapping-sweep-20261005/cases/c64-core1/ALL17/reflection/design.json
64,4,256,workload,darknet19,3,complete,,,131072.0,114688.0,103424,103424,1.0,0.875,0.7890625,0.7890625,1.1428571428571428,1.0,0.9017857142857143,0.9017857142857143,21.09375,21.09375,9.82142857142857,9.82142857142857,0.0,0.0,/home/yj3616/workspace/phd-research/research-notes/reflection-full-mapping-sweep-20261005/cases/c64-core4/darknet19/rotation/design.json,/home/yj3616/workspace/phd-research/research-notes/reflection-full-mapping-sweep-20261005/cases/c64-core4/darknet19/reflection/design.json
64,4,256,workload,vgg19,3,complete,,,98304.0,86016.0,79360,79360,1.0,0.875,0.8072916666666666,0.8072916666666666,1.1428571428571428,1.0,0.9226190476190477,0.9226190476190477,19.270833333333336,19.270833333333336,7.738095238095233,7.738095238095233,0.0,0.0,/home/yj3616/workspace/phd-research/research-notes/reflection-full-mapping-sweep-20261005/cases/c64-core4/vgg19/rotation/design.json,/home/yj3616/workspace/phd-research/research-notes/reflection-full-mapping-sweep-20261005/cases/c64-core4/vgg19/reflection/design.json
64,4,256,workload,resnet50,5,complete,,,163840.0,143360.0,127744,127744,1.0,0.875,0.7796875,0.7796875,1.1428571428571428,1.0,0.8910714285714286,0.8910714285714286,22.031250000000004,22.031250000000004,10.892857142857137,10.892857142857137,0.0,0.0,/home/yj3616/workspace/phd-research/research-notes/reflection-full-mapping-sweep-20261005/cases/c64-core4/resnet50/rotation/design.json,/home/yj3616/workspace/phd-research/research-notes/reflection-full-mapping-sweep-20261005/cases/c64-core4/resnet50/reflection/design.json
64,4,256,workload,googlenet,5,complete,,,163840.0,143360.0,114688,112384,1.0,0.875,0.7,0.6859375,1.1428571428571428,1.0,0.8,0.7839285714285714,30.000000000000004,31.406250000000004,19.999999999999996,21.607142857142858,2.00892857142857,1.6071428571428572,/home/yj3616/workspace/phd-research/research-notes/reflection-full-mapping-sweep-20261005/cases/c64-core4/googlenet/rotation/design.json,/home/yj3616/workspace/phd-research/research-notes/reflection-full-mapping-sweep-20261005/cases/c64-core4/googlenet/reflection/design.json
64,4,256,workload,resnet101,5,complete,,,163840.0,143360.0,130048,130048,1.0,0.875,0.79375,0.79375,1.1428571428571428,1.0,0.9071428571428571,0.9071428571428571,20.625000000000004,20.625000000000004,9.285714285714286,9.285714285714286,0.0,0.0,/home/yj3616/workspace/phd-research/research-notes/reflection-full-mapping-sweep-20261005/cases/c64-core4/resnet101/rotation/design.json,/home/yj3616/workspace/phd-research/research-notes/reflection-full-mapping-sweep-20261005/cases/c64-core4/resnet101/reflection/design.json
64,4,256,workload,densenet,3,complete,,,163840.0,143360.0,125440,125440,1.0,0.875,0.765625,0.765625,1.1428571428571428,1.0,0.875,0.875,23.4375,23.4375,12.5,12.5,0.0,0.0,/home/yj3616/workspace/phd-research/research-notes/reflection-full-mapping-sweep-20261005/cases/c64-core4/densenet/rotation/design.json,/home/yj3616/workspace/phd-research/research-notes/reflection-full-mapping-sweep-20261005/cases/c64-core4/densenet/reflection/design.json
64,4,256,workload,inception_resnet_v1,5,complete,,,163840.0,143360.0,120832,117760,1.0,0.875,0.7375,0.71875,1.1428571428571428,1.0,0.8428571428571429,0.8214285714285714,26.249999999999996,28.125,15.714285714285714,17.85714285714286,2.5423728813559365,2.142857142857143,/home/yj3616/workspace/phd-research/research-notes/reflection-full-mapping-sweep-20261005/cases/c64-core4/inception_resnet_v1/rotation/design.json,/home/yj3616/workspace/phd-research/research-notes/reflection-full-mapping-sweep-20261005/cases/c64-core4/inception_resnet_v1/reflection/design.json
64,4,256,workload,gnmt,5,complete,,,163840.0,143360.0,122240,120704,1.0,0.875,0.74609375,0.73671875,1.1428571428571428,1.0,0.8526785714285714,0.8419642857142857,25.390625,26.328125000000004,14.732142857142861,15.803571428571427,1.2565445026177957,1.0714285714285714,/home/yj3616/workspace/phd-research/research-notes/reflection-full-mapping-sweep-20261005/cases/c64-core4/gnmt/rotation/design.json,/home/yj3616/workspace/phd-research/research-notes/reflection-full-mapping-sweep-20261005/cases/c64-core4/gnmt/reflection/design.json
64,4,256,workload,lstm,5,complete,,,163840.0,143360.0,123136,120960,1.0,0.875,0.7515625,0.73828125,1.1428571428571428,1.0,0.8589285714285714,0.84375,24.843749999999996,26.171875,14.107142857142863,15.625,1.7671517671517645,1.5178571428571428,/home/yj3616/workspace/phd-research/research-notes/reflection-full-mapping-sweep-20261005/cases/c64-core4/lstm/rotation/design.json,/home/yj3616/workspace/phd-research/research-notes/reflection-full-mapping-sweep-20261005/cases/c64-core4/lstm/reflection/design.json
64,4,256,workload,transformer,2,complete,,,163840.0,143360.0,118784,118784,1.0,0.875,0.725,0.725,1.1428571428571428,1.0,0.8285714285714286,0.8285714285714286,27.500000000000004,27.500000000000004,17.14285714285714,17.14285714285714,0.0,0.0,/home/yj3616/workspace/phd-research/research-notes/reflection-full-mapping-sweep-20261005/cases/c64-core4/transformer/rotation/design.json,/home/yj3616/workspace/phd-research/research-notes/reflection-full-mapping-sweep-20261005/cases/c64-core4/transformer/reflection/design.json
64,4,256,workload,transformer_cell,3,complete,,,163840.0,143360.0,123392,123392,1.0,0.875,0.753125,0.753125,1.1428571428571428,1.0,0.8607142857142858,0.8607142857142858,24.687499999999996,24.687499999999996,13.928571428571423,13.928571428571423,0.0,0.0,/home/yj3616/workspace/phd-research/research-notes/reflection-full-mapping-sweep-20261005/cases/c64-core4/transformer_cell/rotation/design.json,/home/yj3616/workspace/phd-research/research-notes/reflection-full-mapping-sweep-20261005/cases/c64-core4/transformer_cell/reflection/design.json
64,4,256,workload,pnasnet,4,complete,,,163840.0,143360.0,114944,114432,1.0,0.875,0.7015625,0.6984375,1.1428571428571428,1.0,0.8017857142857143,0.7982142857142858,29.843750000000004,30.156249999999996,19.82142857142857,20.178571428571423,0.44543429844098315,0.35714285714285715,/home/yj3616/workspace/phd-research/research-notes/reflection-full-mapping-sweep-20261005/cases/c64-core4/pnasnet/rotation/design.json,/home/yj3616/workspace/phd-research/research-notes/reflection-full-mapping-sweep-20261005/cases/c64-core4/pnasnet/reflection/design.json
64,4,256,workload,resnext50,5,complete,,,163840.0,143360.0,129536,129536,1.0,0.875,0.790625,0.790625,1.1428571428571428,1.0,0.9035714285714286,0.9035714285714286,20.937499999999996,20.937499999999996,9.642857142857142,9.642857142857142,0.0,0.0,/home/yj3616/workspace/phd-research/research-notes/reflection-full-mapping-sweep-20261005/cases/c64-core4/resnext50/rotation/design.json,/home/yj3616/workspace/phd-research/research-notes/reflection-full-mapping-sweep-20261005/cases/c64-core4/resnext50/reflection/design.json
64,4,256,workload,resnet152,5,complete,,,163840.0,143360.0,122368,122368,1.0,0.875,0.746875,0.746875,1.1428571428571428,1.0,0.8535714285714285,0.8535714285714285,25.312500000000004,25.312500000000004,14.642857142857146,14.642857142857146,0.0,0.0,/home/yj3616/workspace/phd-research/research-notes/reflection-full-mapping-sweep-20261005/cases/c64-core4/resnet152/rotation/design.json,/home/yj3616/workspace/phd-research/research-notes/reflection-full-mapping-sweep-20261005/cases/c64-core4/resnet152/reflection/design.json
64,4,256,workload,bert_block,5,complete,,,163840.0,143360.0,118784,118784,1.0,0.875,0.725,0.725,1.1428571428571428,1.0,0.8285714285714286,0.8285714285714286,27.500000000000004,27.500000000000004,17.14285714285714,17.14285714285714,0.0,0.0,/home/yj3616/workspace/phd-research/research-notes/reflection-full-mapping-sweep-20261005/cases/c64-core4/bert_block/rotation/design.json,/home/yj3616/workspace/phd-research/research-notes/reflection-full-mapping-sweep-20261005/cases/c64-core4/bert_block/reflection/design.json
64,4,256,workload,gpt_prefill_block,2,complete,,,163840.0,143360.0,118784,118784,1.0,0.875,0.725,0.725,1.1428571428571428,1.0,0.8285714285714286,0.8285714285714286,27.500000000000004,27.500000000000004,17.14285714285714,17.14285714285714,0.0,0.0,/home/yj3616/workspace/phd-research/research-notes/reflection-full-mapping-sweep-20261005/cases/c64-core4/gpt_prefill_block/rotation/design.json,/home/yj3616/workspace/phd-research/research-notes/reflection-full-mapping-sweep-20261005/cases/c64-core4/gpt_prefill_block/reflection/design.json
64,4,256,workload,gpt_decode_block,5,complete,,,163840.0,143360.0,117248,114944,1.0,0.875,0.715625,0.7015625,1.1428571428571428,1.0,0.8178571428571428,0.8017857142857143,28.437500000000004,29.843750000000004,18.214285714285715,19.82142857142857,1.9650655021834051,1.6071428571428572,/home/yj3616/workspace/phd-research/research-notes/reflection-full-mapping-sweep-20261005/cases/c64-core4/gpt_decode_block/rotation/design.json,/home/yj3616/workspace/phd-research/research-notes/reflection-full-mapping-sweep-20261005/cases/c64-core4/gpt_decode_block/reflection/design.json
64,4,256,group,CNN,43,complete,,,163840.0,143360.0,131840,131840,1.0,0.875,0.8046875,0.8046875,1.1428571428571428,1.0,0.9196428571428571,0.9196428571428571,19.53125,19.53125,8.03571428571429,8.03571428571429,0.0,0.0,/home/yj3616/workspace/phd-research/research-notes/reflection-full-mapping-sweep-20261005/cases/c64-core4/CNN/rotation/design.json,/home/yj3616/workspace/phd-research/research-notes/reflection-full-mapping-sweep-20261005/cases/c64-core4/CNN/reflection/design.json
64,4,256,group,RNN,10,complete,,,163840.0,143360.0,130944,128640,1.0,0.875,0.79921875,0.78515625,1.1428571428571428,1.0,0.9133928571428571,0.8973214285714286,20.078125000000004,21.484375,8.660714285714288,10.267857142857139,1.7595307917888547,1.6071428571428572,/home/yj3616/workspace/phd-research/research-notes/reflection-full-mapping-sweep-20261005/cases/c64-core4/RNN/rotation/design.json,/home/yj3616/workspace/phd-research/research-notes/reflection-full-mapping-sweep-20261005/cases/c64-core4/RNN/reflection/design.json
64,4,256,group,Transformer,17,complete,,,163840.0,143360.0,128000,127872,1.0,0.875,0.78125,0.78046875,1.1428571428571428,1.0,0.8928571428571429,0.8919642857142858,21.875,21.953124999999996,10.71428571428571,10.803571428571423,0.10000000000000009,0.08928571428571429,/home/yj3616/workspace/phd-research/research-notes/reflection-full-mapping-sweep-20261005/cases/c64-core4/Transformer/rotation/design.json,/home/yj3616/workspace/phd-research/research-notes/reflection-full-mapping-sweep-20261005/cases/c64-core4/Transformer/reflection/design.json
64,4,256,all,ALL17,70,complete,,,163840.0,143360.0,131968,131840,1.0,0.875,0.80546875,0.8046875,1.1428571428571428,1.0,0.9205357142857142,0.9196428571428571,19.453125000000004,19.53125,7.9464285714285765,8.03571428571429,0.09699321047527132,0.08928571428571429,/home/yj3616/workspace/phd-research/research-notes/reflection-full-mapping-sweep-20261005/cases/c64-core4/ALL17/rotation/design.json,/home/yj3616/workspace/phd-research/research-notes/reflection-full-mapping-sweep-20261005/cases/c64-core4/ALL17/reflection/design.json
64,16,1024,workload,darknet19,5,complete,,,262144.0,229376.0,199296,199296,1.0,0.875,0.76025390625,0.76025390625,1.1428571428571428,1.0,0.8688616071428571,0.8688616071428571,23.974609375,23.974609375,13.11383928571429,13.11383928571429,0.0,0.0,/home/yj3616/workspace/phd-research/research-notes/reflection-full-mapping-sweep-20261005/cases/c64-core16/darknet19/rotation/design.json,/home/yj3616/workspace/phd-research/research-notes/reflection-full-mapping-sweep-20261005/cases/c64-core16/darknet19/reflection/design.json
64,16,1024,workload,vgg19,2,complete,,,262144.0,229376.0,175104,173504,1.0,0.875,0.66796875,0.661865234375,1.1428571428571428,1.0,0.7633928571428571,0.7564174107142857,33.203125,33.8134765625,23.660714285714292,24.35825892857143,0.9137426900584833,0.6975446428571429,/home/yj3616/workspace/phd-research/research-notes/reflection-full-mapping-sweep-20261005/cases/c64-core16/vgg19/rotation/design.json,/home/yj3616/workspace/phd-research/research-notes/reflection-full-mapping-sweep-20261005/cases/c64-core16/vgg19/reflection/design.json
64,16,1024,workload,resnet50,2,complete,,,262144.0,229376.0,187072,185664,1.0,0.875,0.713623046875,0.708251953125,1.1428571428571428,1.0,0.8155691964285714,0.8094308035714286,28.6376953125,29.1748046875,18.44308035714286,19.05691964285714,0.7526513855627748,0.6138392857142857,/home/yj3616/workspace/phd-research/research-notes/reflection-full-mapping-sweep-20261005/cases/c64-core16/resnet50/rotation/design.json,/home/yj3616/workspace/phd-research/research-notes/reflection-full-mapping-sweep-20261005/cases/c64-core16/resnet50/reflection/design.json
64,16,1024,workload,googlenet,1,complete,,,294912.0,258048.0,187904,186752,1.0,0.875,0.6371527777777778,0.6332465277777778,1.1428571428571428,1.0,0.7281746031746031,0.7237103174603174,36.28472222222222,36.67534722222222,27.182539682539687,27.628968253968257,0.6130790190735702,0.44642857142857145,/home/yj3616/workspace/phd-research/research-notes/reflection-full-mapping-sweep-20261005/cases/c64-core16/googlenet/rotation/design.json,/home/yj3616/workspace/phd-research/research-notes/reflection-full-mapping-sweep-20261005/cases/c64-core16/googlenet/reflection/design.json
64,16,1024,workload,resnet101,3,complete,,,262144.0,229376.0,185984,185856,1.0,0.875,0.70947265625,0.708984375,1.1428571428571428,1.0,0.8108258928571429,0.8102678571428571,29.052734375,29.1015625,18.917410714285708,18.973214285714292,0.06882312456985007,0.05580357142857143,/home/yj3616/workspace/phd-research/research-notes/reflection-full-mapping-sweep-20261005/cases/c64-core16/resnet101/rotation/design.json,/home/yj3616/workspace/phd-research/research-notes/reflection-full-mapping-sweep-20261005/cases/c64-core16/resnet101/reflection/design.json
64,16,1024,workload,densenet,1,complete,,,294912.0,258048.0,186880,186048,1.0,0.875,0.6336805555555556,0.630859375,1.1428571428571428,1.0,0.7242063492063492,0.7209821428571429,36.63194444444444,36.9140625,27.579365079365083,27.901785714285708,0.4452054794520599,0.32242063492063494,/home/yj3616/workspace/phd-research/research-notes/reflection-full-mapping-sweep-20261005/cases/c64-core16/densenet/rotation/design.json,/home/yj3616/workspace/phd-research/research-notes/reflection-full-mapping-sweep-20261005/cases/c64-core16/densenet/reflection/design.json
64,16,1024,workload,inception_resnet_v1,5,complete,,,294912.0,258048.0,186624,186624,1.0,0.875,0.6328125,0.6328125,1.1428571428571428,1.0,0.7232142857142857,0.7232142857142857,36.71875,36.71875,27.67857142857143,27.67857142857143,0.0,0.0,/home/yj3616/workspace/phd-research/research-notes/reflection-full-mapping-sweep-20261005/cases/c64-core16/inception_resnet_v1/rotation/design.json,/home/yj3616/workspace/phd-research/research-notes/reflection-full-mapping-sweep-20261005/cases/c64-core16/inception_resnet_v1/reflection/design.json
64,16,1024,workload,gnmt,5,complete,,,294912.0,258048.0,186496,185920,1.0,0.875,0.6323784722222222,0.6304253472222222,1.1428571428571428,1.0,0.722718253968254,0.7204861111111112,36.76215277777778,36.95746527777778,27.728174603174605,27.951388888888886,0.308853809196985,0.22321428571428573,/home/yj3616/workspace/phd-research/research-notes/reflection-full-mapping-sweep-20261005/cases/c64-core16/gnmt/rotation/design.json,/home/yj3616/workspace/phd-research/research-notes/reflection-full-mapping-sweep-20261005/cases/c64-core16/gnmt/reflection/design.json
64,16,1024,workload,lstm,5,complete,,,294912.0,258048.0,188928,186560,1.0,0.875,0.640625,0.6325954861111112,1.1428571428571428,1.0,0.7321428571428571,0.7229662698412699,35.9375,36.740451388888886,26.785714285714292,27.703373015873012,1.2533875338753386,0.9176587301587301,/home/yj3616/workspace/phd-research/research-notes/reflection-full-mapping-sweep-20261005/cases/c64-core16/lstm/rotation/design.json,/home/yj3616/workspace/phd-research/research-notes/reflection-full-mapping-sweep-20261005/cases/c64-core16/lstm/reflection/design.json
64,16,1024,workload,transformer,1,complete,,,294912.0,258048.0,193536,192384,1.0,0.875,0.65625,0.65234375,1.1428571428571428,1.0,0.75,0.7455357142857143,34.375,34.765625,25.0,25.44642857142857,0.5952380952380931,0.44642857142857145,/home/yj3616/workspace/phd-research/research-notes/reflection-full-mapping-sweep-20261005/cases/c64-core16/transformer/rotation/design.json,/home/yj3616/workspace/phd-research/research-notes/reflection-full-mapping-sweep-20261005/cases/c64-core16/transformer/reflection/design.json
64,16,1024,workload,transformer_cell,2,complete,,,294912.0,258048.0,186240,186240,1.0,0.875,0.6315104166666666,0.6315104166666666,1.1428571428571428,1.0,0.7217261904761905,0.7217261904761905,36.848958333333336,36.848958333333336,27.827380952380953,27.827380952380953,0.0,0.0,/home/yj3616/workspace/phd-research/research-notes/reflection-full-mapping-sweep-20261005/cases/c64-core16/transformer_cell/rotation/design.json,/home/yj3616/workspace/phd-research/research-notes/reflection-full-mapping-sweep-20261005/cases/c64-core16/transformer_cell/reflection/design.json
64,16,1024,workload,pnasnet,1,complete,,,294912.0,258048.0,227200,225920,1.0,0.875,0.7703993055555556,0.7660590277777778,1.1428571428571428,1.0,0.8804563492063492,0.8754960317460317,22.960069444444443,23.39409722222222,11.95436507936508,12.450396825396826,0.5633802816901401,0.49603174603174605,/home/yj3616/workspace/phd-research/research-notes/reflection-full-mapping-sweep-20261005/cases/c64-core16/pnasnet/rotation/design.json,/home/yj3616/workspace/phd-research/research-notes/reflection-full-mapping-sweep-20261005/cases/c64-core16/pnasnet/reflection/design.json
64,16,1024,workload,resnext50,4,complete,,,262144.0,229376.0,194560,193216,1.0,0.875,0.7421875,0.737060546875,1.1428571428571428,1.0,0.8482142857142857,0.8423549107142857,25.78125,26.2939453125,15.17857142857143,15.76450892857143,0.6907894736842057,0.5859375,/home/yj3616/workspace/phd-research/research-notes/reflection-full-mapping-sweep-20261005/cases/c64-core16/resnext50/rotation/design.json,/home/yj3616/workspace/phd-research/research-notes/reflection-full-mapping-sweep-20261005/cases/c64-core16/resnext50/reflection/design.json
64,16,1024,workload,resnet152,3,complete,,,262144.0,229376.0,184320,183040,1.0,0.875,0.703125,0.6982421875,1.1428571428571428,1.0,0.8035714285714286,0.7979910714285714,29.6875,30.17578125,19.64285714285714,20.20089285714286,0.694444444444442,0.5580357142857143,/home/yj3616/workspace/phd-research/research-notes/reflection-full-mapping-sweep-20261005/cases/c64-core16/resnet152/rotation/design.json,/home/yj3616/workspace/phd-research/research-notes/reflection-full-mapping-sweep-20261005/cases/c64-core16/resnet152/reflection/design.json
64,16,1024,workload,bert_block,5,complete,,,294912.0,258048.0,208128,206528,1.0,0.875,0.7057291666666666,0.7003038194444444,1.1428571428571428,1.0,0.8065476190476191,0.8003472222222222,29.427083333333336,29.969618055555557,19.345238095238095,19.96527777777778,0.7687576875768709,0.6200396825396826,/home/yj3616/workspace/phd-research/research-notes/reflection-full-mapping-sweep-20261005/cases/c64-core16/bert_block/rotation/design.json,/home/yj3616/workspace/phd-research/research-notes/reflection-full-mapping-sweep-20261005/cases/c64-core16/bert_block/reflection/design.json
64,16,1024,workload,gpt_prefill_block,5,complete,,,294912.0,258048.0,217216,216064,1.0,0.875,0.7365451388888888,0.7326388888888888,1.1428571428571428,1.0,0.841765873015873,0.8373015873015873,26.345486111111114,26.736111111111114,15.823412698412698,16.26984126984127,0.5303476723629963,0.44642857142857145,/home/yj3616/workspace/phd-research/research-notes/reflection-full-mapping-sweep-20261005/cases/c64-core16/gpt_prefill_block/rotation/design.json,/home/yj3616/workspace/phd-research/research-notes/reflection-full-mapping-sweep-20261005/cases/c64-core16/gpt_prefill_block/reflection/design.json
64,16,1024,workload,gpt_decode_block,5,complete,,,294912.0,258048.0,178688,177344,1.0,0.875,0.6059027777777778,0.6013454861111112,1.1428571428571428,1.0,0.6924603174603174,0.6872519841269841,39.40972222222222,39.865451388888886,30.753968253968257,31.274801587301592,0.7521489971346718,0.5208333333333334,/home/yj3616/workspace/phd-research/research-notes/reflection-full-mapping-sweep-20261005/cases/c64-core16/gpt_decode_block/rotation/design.json,/home/yj3616/workspace/phd-research/research-notes/reflection-full-mapping-sweep-20261005/cases/c64-core16/gpt_decode_block/reflection/design.json
64,16,1024,group,CNN,27,complete,,,294912.0,258048.0,227968,225920,1.0,0.875,0.7730034722222222,0.7660590277777778,1.1428571428571428,1.0,0.8834325396825397,0.8754960317460317,22.69965277777778,23.39409722222222,11.656746031746035,12.450396825396826,0.8983717012914116,0.7936507936507936,/home/yj3616/workspace/phd-research/research-notes/reflection-full-mapping-sweep-20261005/cases/c64-core16/CNN/rotation/design.json,/home/yj3616/workspace/phd-research/research-notes/reflection-full-mapping-sweep-20261005/cases/c64-core16/CNN/reflection/design.json
64,16,1024,group,RNN,10,complete,,,294912.0,258048.0,190016,187712,1.0,0.875,0.6443142361111112,0.6365017361111112,1.1428571428571428,1.0,0.736359126984127,0.7274305555555556,35.568576388888886,36.349826388888886,26.364087301587304,27.256944444444443,1.2125294712024282,0.8928571428571429,/home/yj3616/workspace/phd-research/research-notes/reflection-full-mapping-sweep-20261005/cases/c64-core16/RNN/rotation/design.json,/home/yj3616/workspace/phd-research/research-notes/reflection-full-mapping-sweep-20261005/cases/c64-core16/RNN/reflection/design.json
64,16,1024,group,Transformer,18,complete,,,294912.0,258048.0,217792,215488,1.0,0.875,0.7384982638888888,0.7306857638888888,1.1428571428571428,1.0,0.8439980158730159,0.8350694444444444,26.150173611111114,26.931423611111114,15.600198412698408,16.493055555555557,1.0578900969732574,0.8928571428571429,/home/yj3616/workspace/phd-research/research-notes/reflection-full-mapping-sweep-20261005/cases/c64-core16/Transformer/rotation/design.json,/home/yj3616/workspace/phd-research/research-notes/reflection-full-mapping-sweep-20261005/cases/c64-core16/Transformer/reflection/design.json
64,16,1024,all,ALL17,55,complete,,,294912.0,258048.0,227456,226752,1.0,0.875,0.7712673611111112,0.7688802083333334,1.1428571428571428,1.0,0.8814484126984127,0.8787202380952381,22.873263888888886,23.111979166666664,11.855158730158733,12.127976190476186,0.3095104108047253,0.2728174603174603,/home/yj3616/workspace/phd-research/research-notes/reflection-full-mapping-sweep-20261005/cases/c64-core16/ALL17/rotation/design.json,/home/yj3616/workspace/phd-research/research-notes/reflection-full-mapping-sweep-20261005/cases/c64-core16/ALL17/reflection/design.json
