chiplets,cores_per_chiplet,scope,design,orientation,workload,mapping_id,original_reference_cycles,allowed_cycles,sized_cycles,slowdown_pct,passed
4,1,workload,darknet19,rotation,darknet19,ae0b4439abdb33bb99b33dec2e89ed6025c07bee5c998ba2c388895978bd29bd,1395119,1396514,1395119,0.0,True
4,1,workload,darknet19,reflection,darknet19,ae0b4439abdb33bb99b33dec2e89ed6025c07bee5c998ba2c388895978bd29bd,1395119,1396514,1395119,0.0,True
4,1,workload,vgg19,rotation,vgg19,e1c2176018ca68cc1d4d5534be1d1e5fc1f2849a54555aa909c0c045b625145d,9587536,9597123,9587536,0.0,True
4,1,workload,vgg19,reflection,vgg19,e1c2176018ca68cc1d4d5534be1d1e5fc1f2849a54555aa909c0c045b625145d,9587536,9597123,9587536,0.0,True
4,1,workload,resnet50,rotation,resnet50,da6130a6a243757aa1c7ed1a24147d4e5833139c8f48d3ddb4dd9b2e44709119,2005136,2007141,2007136,0.09974385777324901,True
4,1,workload,resnet50,reflection,resnet50,da6130a6a243757aa1c7ed1a24147d4e5833139c8f48d3ddb4dd9b2e44709119,2005136,2007141,2007136,0.09974385777324901,True
4,1,workload,googlenet,rotation,googlenet,dd3c56244f48aff3980a8608ec1c73df5a14bc6cd4911a92d2dad06fee23f67f,900793,901693,900793,0.0,True
4,1,workload,googlenet,reflection,googlenet,dd3c56244f48aff3980a8608ec1c73df5a14bc6cd4911a92d2dad06fee23f67f,900793,901693,900793,0.0,True
4,1,workload,resnet101,rotation,resnet101,c72ca7bd2782dec18a1b695e8afdbe5b1d5508e3043ad9ae460ee40d16e8c193,3871056,3874927,3873056,0.051665488693530826,True
4,1,workload,resnet101,reflection,resnet101,c72ca7bd2782dec18a1b695e8afdbe5b1d5508e3043ad9ae460ee40d16e8c193,3871056,3874927,3873056,0.051665488693530826,True
4,1,workload,densenet,rotation,densenet,51c40f2ff7f2b2012a51056ba515252931631b04abd3d53874f22e14803fed82,1425588,1427013,1426592,0.07042707991369301,True
4,1,workload,densenet,reflection,densenet,51c40f2ff7f2b2012a51056ba515252931631b04abd3d53874f22e14803fed82,1425588,1427013,1426592,0.07042707991369301,True
4,1,workload,inception_resnet_v1,rotation,inception_resnet_v1,d8b2fd1b52d93c6e03bcd98a266a3511ddd0c79b9a6b206543e255fdd37e18cd,3164480,3167644,3164480,0.0,True
4,1,workload,inception_resnet_v1,reflection,inception_resnet_v1,d8b2fd1b52d93c6e03bcd98a266a3511ddd0c79b9a6b206543e255fdd37e18cd,3164480,3167644,3164480,0.0,True
4,1,workload,gnmt,rotation,gnmt,7d4e66773a7ba137e97be0a143b6d13410c9d9fe37c17080d1c08726faaa7dd7,63720,63783,63720,0.0,True
4,1,workload,gnmt,reflection,gnmt,7d4e66773a7ba137e97be0a143b6d13410c9d9fe37c17080d1c08726faaa7dd7,63720,63783,63720,0.0,True
4,1,workload,lstm,rotation,lstm,7faa4c65d9f0c1af6f789a61e6e24987174a09dbb8222ac9686f66e858894246,63592,63655,63592,0.0,True
4,1,workload,lstm,reflection,lstm,7faa4c65d9f0c1af6f789a61e6e24987174a09dbb8222ac9686f66e858894246,63592,63655,63592,0.0,True
4,1,workload,transformer,rotation,transformer,798464ff6590d70f35b820c12aa461e06c7352f0ed45d2b708a55583eba18ee3,13996032,14010028,13996032,0.0,True
4,1,workload,transformer,rotation,transformer,8668474d902a6ea0906c3e7c6e29fe00a97f57c424c4691fb619a4de83f3b377,13996032,14010028,14009856,0.09877085162424137,True
4,1,workload,transformer,rotation,transformer,117d9c848affde32a4b38f6fd61262c75b415d8376a914416cb7ac688d444e27,13996032,14010028,14009856,0.09877085162424137,True
4,1,workload,transformer,reflection,transformer,798464ff6590d70f35b820c12aa461e06c7352f0ed45d2b708a55583eba18ee3,13996032,14010028,13996032,0.0,True
4,1,workload,transformer,reflection,transformer,8668474d902a6ea0906c3e7c6e29fe00a97f57c424c4691fb619a4de83f3b377,13996032,14010028,14009856,0.09877085162424137,True
4,1,workload,transformer,reflection,transformer,117d9c848affde32a4b38f6fd61262c75b415d8376a914416cb7ac688d444e27,13996032,14010028,14009856,0.09877085162424137,True
4,1,workload,transformer_cell,rotation,transformer_cell,8f4c9af434c2f18d47175618f42aae1069e16b11a4ba265db6a66d54f79e576e,2445312,2447757,2445312,0.0,True
4,1,workload,transformer_cell,reflection,transformer_cell,8f4c9af434c2f18d47175618f42aae1069e16b11a4ba265db6a66d54f79e576e,2445312,2447757,2445312,0.0,True
4,1,workload,pnasnet,rotation,pnasnet,0bcea382b6b35d3c2fb385b5202a6a5d3769f92191b9231334df412712cc41a3,17869046,17886915,17873180,0.0231349787783941,True
4,1,workload,pnasnet,reflection,pnasnet,0bcea382b6b35d3c2fb385b5202a6a5d3769f92191b9231334df412712cc41a3,17869046,17886915,17873180,0.0231349787783941,True
4,1,workload,resnext50,rotation,resnext50,19f0c9fb8c8da62fa440b383fcf4ebd5e990bb09641392e2aef681213d5cb5f9,1157120,1158277,1157120,0.0,True
4,1,workload,resnext50,reflection,resnext50,19f0c9fb8c8da62fa440b383fcf4ebd5e990bb09641392e2aef681213d5cb5f9,1157120,1158277,1157120,0.0,True
4,1,workload,resnet152,rotation,resnet152,67716687a08e12e62827129f821aca7373dd36a1a0568ee63f049640f1efd66b,5749520,5755269,5751520,0.03478551252973361,True
4,1,workload,resnet152,reflection,resnet152,67716687a08e12e62827129f821aca7373dd36a1a0568ee63f049640f1efd66b,5749520,5755269,5751520,0.03478551252973361,True
4,1,workload,bert_block,rotation,bert_block,6fa5043fc8438663a549e045b1650fd4efb6aed15910914685ad4e5258db42f9,2678784,2681462,2678784,0.0,True
4,1,workload,bert_block,reflection,bert_block,6fa5043fc8438663a549e045b1650fd4efb6aed15910914685ad4e5258db42f9,2678784,2681462,2678784,0.0,True
4,1,workload,gpt_prefill_block,rotation,gpt_prefill_block,c1a8b87e643a1b0e3168870bab468fa15af7c964dd1ec15cc1f8fb5055b2e8b4,5107200,5112307,5107200,0.0,True
4,1,workload,gpt_prefill_block,reflection,gpt_prefill_block,c1a8b87e643a1b0e3168870bab468fa15af7c964dd1ec15cc1f8fb5055b2e8b4,5107200,5112307,5107200,0.0,True
4,1,workload,gpt_decode_block,rotation,gpt_decode_block,1d923f3eac513a9a0e39baa578d8dce069195b4bc6c6a74d17e42b83823f7330,32912,32944,32912,0.0,True
4,1,workload,gpt_decode_block,rotation,gpt_decode_block,830f568665cd141d4e61f8e060f64968a417e5de3d3bd067ba49f564707dee1d,32912,32944,32924,0.03646086533786175,True
4,1,workload,gpt_decode_block,reflection,gpt_decode_block,1d923f3eac513a9a0e39baa578d8dce069195b4bc6c6a74d17e42b83823f7330,32912,32944,32926,0.04253767622750537,True
4,1,workload,gpt_decode_block,reflection,gpt_decode_block,830f568665cd141d4e61f8e060f64968a417e5de3d3bd067ba49f564707dee1d,32912,32944,32926,0.04253767622750537,True
4,1,group,CNN,rotation,darknet19,ae0b4439abdb33bb99b33dec2e89ed6025c07bee5c998ba2c388895978bd29bd,1395119,1396514,1395119,0.0,True
4,1,group,CNN,rotation,vgg19,e1c2176018ca68cc1d4d5534be1d1e5fc1f2849a54555aa909c0c045b625145d,9587536,9597123,9587536,0.0,True
4,1,group,CNN,rotation,resnet50,da6130a6a243757aa1c7ed1a24147d4e5833139c8f48d3ddb4dd9b2e44709119,2005136,2007141,2005136,0.0,True
4,1,group,CNN,rotation,googlenet,dd3c56244f48aff3980a8608ec1c73df5a14bc6cd4911a92d2dad06fee23f67f,900793,901693,900793,0.0,True
4,1,group,CNN,rotation,resnet101,c72ca7bd2782dec18a1b695e8afdbe5b1d5508e3043ad9ae460ee40d16e8c193,3871056,3874927,3871056,0.0,True
4,1,group,CNN,rotation,densenet,51c40f2ff7f2b2012a51056ba515252931631b04abd3d53874f22e14803fed82,1425588,1427013,1425588,0.0,True
4,1,group,CNN,rotation,inception_resnet_v1,d8b2fd1b52d93c6e03bcd98a266a3511ddd0c79b9a6b206543e255fdd37e18cd,3164480,3167644,3164480,0.0,True
4,1,group,CNN,rotation,pnasnet,0bcea382b6b35d3c2fb385b5202a6a5d3769f92191b9231334df412712cc41a3,17869046,17886915,17869046,0.0,True
4,1,group,CNN,rotation,resnext50,19f0c9fb8c8da62fa440b383fcf4ebd5e990bb09641392e2aef681213d5cb5f9,1157120,1158277,1157120,0.0,True
4,1,group,CNN,rotation,resnet152,67716687a08e12e62827129f821aca7373dd36a1a0568ee63f049640f1efd66b,5749520,5755269,5749520,0.0,True
4,1,group,CNN,reflection,darknet19,ae0b4439abdb33bb99b33dec2e89ed6025c07bee5c998ba2c388895978bd29bd,1395119,1396514,1395119,0.0,True
4,1,group,CNN,reflection,vgg19,e1c2176018ca68cc1d4d5534be1d1e5fc1f2849a54555aa909c0c045b625145d,9587536,9597123,9587536,0.0,True
4,1,group,CNN,reflection,resnet50,da6130a6a243757aa1c7ed1a24147d4e5833139c8f48d3ddb4dd9b2e44709119,2005136,2007141,2005136,0.0,True
4,1,group,CNN,reflection,googlenet,dd3c56244f48aff3980a8608ec1c73df5a14bc6cd4911a92d2dad06fee23f67f,900793,901693,900793,0.0,True
4,1,group,CNN,reflection,resnet101,c72ca7bd2782dec18a1b695e8afdbe5b1d5508e3043ad9ae460ee40d16e8c193,3871056,3874927,3871056,0.0,True
4,1,group,CNN,reflection,densenet,51c40f2ff7f2b2012a51056ba515252931631b04abd3d53874f22e14803fed82,1425588,1427013,1425588,0.0,True
4,1,group,CNN,reflection,inception_resnet_v1,d8b2fd1b52d93c6e03bcd98a266a3511ddd0c79b9a6b206543e255fdd37e18cd,3164480,3167644,3164480,0.0,True
4,1,group,CNN,reflection,pnasnet,0bcea382b6b35d3c2fb385b5202a6a5d3769f92191b9231334df412712cc41a3,17869046,17886915,17869046,0.0,True
4,1,group,CNN,reflection,resnext50,19f0c9fb8c8da62fa440b383fcf4ebd5e990bb09641392e2aef681213d5cb5f9,1157120,1158277,1157120,0.0,True
4,1,group,CNN,reflection,resnet152,67716687a08e12e62827129f821aca7373dd36a1a0568ee63f049640f1efd66b,5749520,5755269,5749520,0.0,True
4,1,group,RNN,rotation,gnmt,7d4e66773a7ba137e97be0a143b6d13410c9d9fe37c17080d1c08726faaa7dd7,63720,63783,63720,0.0,True
4,1,group,RNN,rotation,lstm,7faa4c65d9f0c1af6f789a61e6e24987174a09dbb8222ac9686f66e858894246,63592,63655,63592,0.0,True
4,1,group,RNN,reflection,gnmt,7d4e66773a7ba137e97be0a143b6d13410c9d9fe37c17080d1c08726faaa7dd7,63720,63783,63720,0.0,True
4,1,group,RNN,reflection,lstm,7faa4c65d9f0c1af6f789a61e6e24987174a09dbb8222ac9686f66e858894246,63592,63655,63592,0.0,True
4,1,group,Transformer,rotation,transformer,798464ff6590d70f35b820c12aa461e06c7352f0ed45d2b708a55583eba18ee3,13996032,14010028,13996032,0.0,True
4,1,group,Transformer,rotation,transformer,8668474d902a6ea0906c3e7c6e29fe00a97f57c424c4691fb619a4de83f3b377,13996032,14010028,14009856,0.09877085162424137,True
4,1,group,Transformer,rotation,transformer,117d9c848affde32a4b38f6fd61262c75b415d8376a914416cb7ac688d444e27,13996032,14010028,14009856,0.09877085162424137,True
4,1,group,Transformer,rotation,transformer_cell,8f4c9af434c2f18d47175618f42aae1069e16b11a4ba265db6a66d54f79e576e,2445312,2447757,2445312,0.0,True
4,1,group,Transformer,rotation,bert_block,6fa5043fc8438663a549e045b1650fd4efb6aed15910914685ad4e5258db42f9,2678784,2681462,2678784,0.0,True
4,1,group,Transformer,rotation,gpt_prefill_block,c1a8b87e643a1b0e3168870bab468fa15af7c964dd1ec15cc1f8fb5055b2e8b4,5107200,5112307,5107200,0.0,True
4,1,group,Transformer,rotation,gpt_decode_block,1d923f3eac513a9a0e39baa578d8dce069195b4bc6c6a74d17e42b83823f7330,32912,32944,32912,0.0,True
4,1,group,Transformer,rotation,gpt_decode_block,830f568665cd141d4e61f8e060f64968a417e5de3d3bd067ba49f564707dee1d,32912,32944,32924,0.03646086533786175,True
4,1,group,Transformer,reflection,transformer,798464ff6590d70f35b820c12aa461e06c7352f0ed45d2b708a55583eba18ee3,13996032,14010028,13996032,0.0,True
4,1,group,Transformer,reflection,transformer,8668474d902a6ea0906c3e7c6e29fe00a97f57c424c4691fb619a4de83f3b377,13996032,14010028,14009856,0.09877085162424137,True
4,1,group,Transformer,reflection,transformer,117d9c848affde32a4b38f6fd61262c75b415d8376a914416cb7ac688d444e27,13996032,14010028,14009856,0.09877085162424137,True
4,1,group,Transformer,reflection,transformer_cell,8f4c9af434c2f18d47175618f42aae1069e16b11a4ba265db6a66d54f79e576e,2445312,2447757,2445312,0.0,True
4,1,group,Transformer,reflection,bert_block,6fa5043fc8438663a549e045b1650fd4efb6aed15910914685ad4e5258db42f9,2678784,2681462,2678784,0.0,True
4,1,group,Transformer,reflection,gpt_prefill_block,c1a8b87e643a1b0e3168870bab468fa15af7c964dd1ec15cc1f8fb5055b2e8b4,5107200,5112307,5107200,0.0,True
4,1,group,Transformer,reflection,gpt_decode_block,1d923f3eac513a9a0e39baa578d8dce069195b4bc6c6a74d17e42b83823f7330,32912,32944,32926,0.04253767622750537,True
4,1,group,Transformer,reflection,gpt_decode_block,830f568665cd141d4e61f8e060f64968a417e5de3d3bd067ba49f564707dee1d,32912,32944,32926,0.04253767622750537,True
4,1,all,ALL17,rotation,darknet19,ae0b4439abdb33bb99b33dec2e89ed6025c07bee5c998ba2c388895978bd29bd,1395119,1396514,1395119,0.0,True
4,1,all,ALL17,rotation,vgg19,e1c2176018ca68cc1d4d5534be1d1e5fc1f2849a54555aa909c0c045b625145d,9587536,9597123,9587536,0.0,True
4,1,all,ALL17,rotation,resnet50,da6130a6a243757aa1c7ed1a24147d4e5833139c8f48d3ddb4dd9b2e44709119,2005136,2007141,2005136,0.0,True
4,1,all,ALL17,rotation,googlenet,dd3c56244f48aff3980a8608ec1c73df5a14bc6cd4911a92d2dad06fee23f67f,900793,901693,900793,0.0,True
4,1,all,ALL17,rotation,resnet101,c72ca7bd2782dec18a1b695e8afdbe5b1d5508e3043ad9ae460ee40d16e8c193,3871056,3874927,3871056,0.0,True
4,1,all,ALL17,rotation,densenet,51c40f2ff7f2b2012a51056ba515252931631b04abd3d53874f22e14803fed82,1425588,1427013,1425588,0.0,True
4,1,all,ALL17,rotation,inception_resnet_v1,d8b2fd1b52d93c6e03bcd98a266a3511ddd0c79b9a6b206543e255fdd37e18cd,3164480,3167644,3164480,0.0,True
4,1,all,ALL17,rotation,gnmt,7d4e66773a7ba137e97be0a143b6d13410c9d9fe37c17080d1c08726faaa7dd7,63720,63783,63720,0.0,True
4,1,all,ALL17,rotation,lstm,7faa4c65d9f0c1af6f789a61e6e24987174a09dbb8222ac9686f66e858894246,63592,63655,63592,0.0,True
4,1,all,ALL17,rotation,transformer,798464ff6590d70f35b820c12aa461e06c7352f0ed45d2b708a55583eba18ee3,13996032,14010028,13996032,0.0,True
4,1,all,ALL17,rotation,transformer,8668474d902a6ea0906c3e7c6e29fe00a97f57c424c4691fb619a4de83f3b377,13996032,14010028,14009856,0.09877085162424137,True
4,1,all,ALL17,rotation,transformer,117d9c848affde32a4b38f6fd61262c75b415d8376a914416cb7ac688d444e27,13996032,14010028,14009856,0.09877085162424137,True
4,1,all,ALL17,rotation,transformer_cell,8f4c9af434c2f18d47175618f42aae1069e16b11a4ba265db6a66d54f79e576e,2445312,2447757,2445312,0.0,True
4,1,all,ALL17,rotation,pnasnet,0bcea382b6b35d3c2fb385b5202a6a5d3769f92191b9231334df412712cc41a3,17869046,17886915,17869046,0.0,True
4,1,all,ALL17,rotation,resnext50,19f0c9fb8c8da62fa440b383fcf4ebd5e990bb09641392e2aef681213d5cb5f9,1157120,1158277,1157120,0.0,True
4,1,all,ALL17,rotation,resnet152,67716687a08e12e62827129f821aca7373dd36a1a0568ee63f049640f1efd66b,5749520,5755269,5749520,0.0,True
4,1,all,ALL17,rotation,bert_block,6fa5043fc8438663a549e045b1650fd4efb6aed15910914685ad4e5258db42f9,2678784,2681462,2678784,0.0,True
4,1,all,ALL17,rotation,gpt_prefill_block,c1a8b87e643a1b0e3168870bab468fa15af7c964dd1ec15cc1f8fb5055b2e8b4,5107200,5112307,5107200,0.0,True
4,1,all,ALL17,rotation,gpt_decode_block,1d923f3eac513a9a0e39baa578d8dce069195b4bc6c6a74d17e42b83823f7330,32912,32944,32912,0.0,True
4,1,all,ALL17,rotation,gpt_decode_block,830f568665cd141d4e61f8e060f64968a417e5de3d3bd067ba49f564707dee1d,32912,32944,32924,0.03646086533786175,True
4,1,all,ALL17,reflection,darknet19,ae0b4439abdb33bb99b33dec2e89ed6025c07bee5c998ba2c388895978bd29bd,1395119,1396514,1395119,0.0,True
4,1,all,ALL17,reflection,vgg19,e1c2176018ca68cc1d4d5534be1d1e5fc1f2849a54555aa909c0c045b625145d,9587536,9597123,9587536,0.0,True
4,1,all,ALL17,reflection,resnet50,da6130a6a243757aa1c7ed1a24147d4e5833139c8f48d3ddb4dd9b2e44709119,2005136,2007141,2005136,0.0,True
4,1,all,ALL17,reflection,googlenet,dd3c56244f48aff3980a8608ec1c73df5a14bc6cd4911a92d2dad06fee23f67f,900793,901693,900793,0.0,True
4,1,all,ALL17,reflection,resnet101,c72ca7bd2782dec18a1b695e8afdbe5b1d5508e3043ad9ae460ee40d16e8c193,3871056,3874927,3871056,0.0,True
4,1,all,ALL17,reflection,densenet,51c40f2ff7f2b2012a51056ba515252931631b04abd3d53874f22e14803fed82,1425588,1427013,1425588,0.0,True
4,1,all,ALL17,reflection,inception_resnet_v1,d8b2fd1b52d93c6e03bcd98a266a3511ddd0c79b9a6b206543e255fdd37e18cd,3164480,3167644,3164480,0.0,True
4,1,all,ALL17,reflection,gnmt,7d4e66773a7ba137e97be0a143b6d13410c9d9fe37c17080d1c08726faaa7dd7,63720,63783,63720,0.0,True
4,1,all,ALL17,reflection,lstm,7faa4c65d9f0c1af6f789a61e6e24987174a09dbb8222ac9686f66e858894246,63592,63655,63592,0.0,True
4,1,all,ALL17,reflection,transformer,798464ff6590d70f35b820c12aa461e06c7352f0ed45d2b708a55583eba18ee3,13996032,14010028,13996032,0.0,True
4,1,all,ALL17,reflection,transformer,8668474d902a6ea0906c3e7c6e29fe00a97f57c424c4691fb619a4de83f3b377,13996032,14010028,14009856,0.09877085162424137,True
4,1,all,ALL17,reflection,transformer,117d9c848affde32a4b38f6fd61262c75b415d8376a914416cb7ac688d444e27,13996032,14010028,14009856,0.09877085162424137,True
4,1,all,ALL17,reflection,transformer_cell,8f4c9af434c2f18d47175618f42aae1069e16b11a4ba265db6a66d54f79e576e,2445312,2447757,2445312,0.0,True
4,1,all,ALL17,reflection,pnasnet,0bcea382b6b35d3c2fb385b5202a6a5d3769f92191b9231334df412712cc41a3,17869046,17886915,17869046,0.0,True
4,1,all,ALL17,reflection,resnext50,19f0c9fb8c8da62fa440b383fcf4ebd5e990bb09641392e2aef681213d5cb5f9,1157120,1158277,1157120,0.0,True
4,1,all,ALL17,reflection,resnet152,67716687a08e12e62827129f821aca7373dd36a1a0568ee63f049640f1efd66b,5749520,5755269,5749520,0.0,True
4,1,all,ALL17,reflection,bert_block,6fa5043fc8438663a549e045b1650fd4efb6aed15910914685ad4e5258db42f9,2678784,2681462,2678784,0.0,True
4,1,all,ALL17,reflection,gpt_prefill_block,c1a8b87e643a1b0e3168870bab468fa15af7c964dd1ec15cc1f8fb5055b2e8b4,5107200,5112307,5107200,0.0,True
4,1,all,ALL17,reflection,gpt_decode_block,1d923f3eac513a9a0e39baa578d8dce069195b4bc6c6a74d17e42b83823f7330,32912,32944,32926,0.04253767622750537,True
4,1,all,ALL17,reflection,gpt_decode_block,830f568665cd141d4e61f8e060f64968a417e5de3d3bd067ba49f564707dee1d,32912,32944,32926,0.04253767622750537,True
4,4,workload,darknet19,rotation,darknet19,aa11aaf099f2dbbb536e71a9ab16e005ff5e3b218a53f8ad93ca0735588529f8,348781,349129,348781,0.0,True
4,4,workload,darknet19,rotation,darknet19,db5387ccd43f690907e9f107625236f2978ff8f3f1812a5a144905a0159ae8fe,348781,349129,348781,0.0,True
4,4,workload,darknet19,rotation,darknet19,ee18857c565d45f95ae1b834f87a01f73b41cade3e997617e7ef13c811367827,348781,349129,348781,0.0,True
4,4,workload,darknet19,reflection,darknet19,aa11aaf099f2dbbb536e71a9ab16e005ff5e3b218a53f8ad93ca0735588529f8,348781,349129,348813,0.009174811701329055,True
4,4,workload,darknet19,reflection,darknet19,db5387ccd43f690907e9f107625236f2978ff8f3f1812a5a144905a0159ae8fe,348781,349129,348781,0.0,True
4,4,workload,darknet19,reflection,darknet19,ee18857c565d45f95ae1b834f87a01f73b41cade3e997617e7ef13c811367827,348781,349129,348845,0.01834962340265811,True
4,4,workload,vgg19,rotation,vgg19,2dcf47e6028e2d82b7af344446e0c1f5c3cd21090ddb38559a7ac78dd0cb4c00,2396884,2399280,2396884,0.0,True
4,4,workload,vgg19,reflection,vgg19,2dcf47e6028e2d82b7af344446e0c1f5c3cd21090ddb38559a7ac78dd0cb4c00,2396884,2399280,2396884,0.0,True
4,4,workload,resnet50,rotation,resnet50,3a9e1553b364dc9be75a7ab6b1da16af1d4e2ebc038b7d15bacf6f4ac980a564,502283,502785,502283,0.0,True
4,4,workload,resnet50,reflection,resnet50,3a9e1553b364dc9be75a7ab6b1da16af1d4e2ebc038b7d15bacf6f4ac980a564,502283,502785,502785,0.0999436572609369,True
4,4,workload,googlenet,rotation,googlenet,7dfd87e097d81f952bcba0ba535d6074928277023daa3701ed50bdd7de22d086,232241,232473,232241,0.0,True
4,4,workload,googlenet,rotation,googlenet,771d563bf72cb46188aced5c367b92bd54a6fb00de6f87ed915d2c286e39fe6f,232241,232473,232267,0.011195266985586372,True
4,4,workload,googlenet,reflection,googlenet,7dfd87e097d81f952bcba0ba535d6074928277023daa3701ed50bdd7de22d086,232241,232473,232241,0.0,True
4,4,workload,googlenet,reflection,googlenet,771d563bf72cb46188aced5c367b92bd54a6fb00de6f87ed915d2c286e39fe6f,232241,232473,232267,0.011195266985586372,True
4,4,workload,resnet101,rotation,resnet101,2bd24c04a5d81a23ec717734b373599a1e433fc533946e17d5bd98d1abeea961,968762,969730,969292,0.05470899973367693,True
4,4,workload,resnet101,reflection,resnet101,2bd24c04a5d81a23ec717734b373599a1e433fc533946e17d5bd98d1abeea961,968762,969730,969292,0.05470899973367693,True
4,4,workload,densenet,rotation,densenet,9d13afb632dece51d0d9aeaa8dae6991dfdf5dab42f773823ea51247cc5fa531,361813,362174,361813,0.0,True
4,4,workload,densenet,rotation,densenet,192555f293155d28876c0b373637049087c19fb37482a08c460ecf9f7c9b780a,361813,362174,361967,0.04256342364701293,True
4,4,workload,densenet,reflection,densenet,9d13afb632dece51d0d9aeaa8dae6991dfdf5dab42f773823ea51247cc5fa531,361813,362174,361813,0.0,True
4,4,workload,densenet,reflection,densenet,192555f293155d28876c0b373637049087c19fb37482a08c460ecf9f7c9b780a,361813,362174,361967,0.04256342364701293,True
4,4,workload,inception_resnet_v1,rotation,inception_resnet_v1,394f098dbeb6ad6848e375cc4559f6e68f8a63a7d5539d0a97d3815d41b7f45d,830086,830916,830086,0.0,True
4,4,workload,inception_resnet_v1,rotation,inception_resnet_v1,ef363d4e7a2315adf1d08827de1d5ce863a48e02e35605cc2e004bc89d62a7a4,830086,830916,830140,0.006505350048069403,True
4,4,workload,inception_resnet_v1,reflection,inception_resnet_v1,394f098dbeb6ad6848e375cc4559f6e68f8a63a7d5539d0a97d3815d41b7f45d,830086,830916,830086,0.0,True
4,4,workload,inception_resnet_v1,reflection,inception_resnet_v1,ef363d4e7a2315adf1d08827de1d5ce863a48e02e35605cc2e004bc89d62a7a4,830086,830916,830140,0.006505350048069403,True
4,4,workload,gnmt,rotation,gnmt,d21a098f356e4703f792651fa60aa181b17fa680bafa02e320903c96722d4979,44928,44972,44928,0.0,True
4,4,workload,gnmt,rotation,gnmt,0bb7811d0f970ba6b659c83d9f9da82a1f2e0e851c37a0bdefc2be4327a8806b,44928,44972,44126,-1.7850783475783505,True
4,4,workload,gnmt,rotation,gnmt,38bbf675b0137b6d2aab9baab155e463e593e95158c65e1d0894d3dc8c676c2a,44928,44972,43995,-2.076655982905984,True
4,4,workload,gnmt,rotation,gnmt,7dade45b5f3c3c4978e7fec19307bc06a0d334b9dba2d28d228ed1f293058d7d,44928,44972,43721,-2.686520655270652,True
4,4,workload,gnmt,rotation,gnmt,41f9d2df44ef02126eda4cf1e152f58d0e73aa4fb026f768c91c298ed20cd720,44928,44972,44647,-0.6254451566951591,True
4,4,workload,gnmt,reflection,gnmt,d21a098f356e4703f792651fa60aa181b17fa680bafa02e320903c96722d4979,44928,44972,44928,0.0,True
4,4,workload,gnmt,reflection,gnmt,0bb7811d0f970ba6b659c83d9f9da82a1f2e0e851c37a0bdefc2be4327a8806b,44928,44972,44126,-1.7850783475783505,True
4,4,workload,gnmt,reflection,gnmt,38bbf675b0137b6d2aab9baab155e463e593e95158c65e1d0894d3dc8c676c2a,44928,44972,43995,-2.076655982905984,True
4,4,workload,gnmt,reflection,gnmt,7dade45b5f3c3c4978e7fec19307bc06a0d334b9dba2d28d228ed1f293058d7d,44928,44972,43721,-2.686520655270652,True
4,4,workload,gnmt,reflection,gnmt,41f9d2df44ef02126eda4cf1e152f58d0e73aa4fb026f768c91c298ed20cd720,44928,44972,44647,-0.6254451566951591,True
4,4,workload,lstm,rotation,lstm,beb20a728609a133a34f5253fb5e79491c3eca85eacc9e8073ccf060bba197bb,45102,45147,45102,0.0,True
4,4,workload,lstm,rotation,lstm,77fb4b8e78fb2fba89a3157460e60297e73314e4667a0649a0a50fa3265bf548,45102,45147,43903,-2.658418695401532,True
4,4,workload,lstm,rotation,lstm,17dff18244e7e7d673dfb5a5b2942c911310425efa48ae1f75085fac5ca663ff,45102,45147,44119,-2.179504234845464,True
4,4,workload,lstm,rotation,lstm,6c4c7dbd160f3fd0c3d1ccdb3bcbbfa31ab825f31edd22d67a477670d55bdf23,45102,45147,44080,-2.265974901334755,True
4,4,workload,lstm,rotation,lstm,25b11533a5ddd12cb42c89d66c3439f9f868904048667d6fdce9ae9b212d9e8a,45102,45147,45097,-0.01108598288324103,True
4,4,workload,lstm,reflection,lstm,beb20a728609a133a34f5253fb5e79491c3eca85eacc9e8073ccf060bba197bb,45102,45147,45102,0.0,True
4,4,workload,lstm,reflection,lstm,77fb4b8e78fb2fba89a3157460e60297e73314e4667a0649a0a50fa3265bf548,45102,45147,43903,-2.658418695401532,True
4,4,workload,lstm,reflection,lstm,17dff18244e7e7d673dfb5a5b2942c911310425efa48ae1f75085fac5ca663ff,45102,45147,44119,-2.179504234845464,True
4,4,workload,lstm,reflection,lstm,6c4c7dbd160f3fd0c3d1ccdb3bcbbfa31ab825f31edd22d67a477670d55bdf23,45102,45147,44080,-2.265974901334755,True
4,4,workload,lstm,reflection,lstm,25b11533a5ddd12cb42c89d66c3439f9f868904048667d6fdce9ae9b212d9e8a,45102,45147,45097,-0.01108598288324103,True
4,4,workload,transformer,rotation,transformer,1936a2edce2ad47f29fa44c0daa4c0ce8a457f314792b2b9fe48f7c342ad1443,3499008,3502507,3499008,0.0,True
4,4,workload,transformer,reflection,transformer,1936a2edce2ad47f29fa44c0daa4c0ce8a457f314792b2b9fe48f7c342ad1443,3499008,3502507,3499008,0.0,True
4,4,workload,transformer_cell,rotation,transformer_cell,82f16fc51ccc3fbe0386da2cc6ae8c39c28fcf32bac271c398b384835fe1e458,611328,611939,611328,0.0,True
4,4,workload,transformer_cell,rotation,transformer_cell,bb2827b86d547886e42d82dfdd91e18ac35bb8863827eeaaf5067d3bf4202b5c,611328,611939,611670,0.05594378140703071,True
4,4,workload,transformer_cell,rotation,transformer_cell,c92f3a94bd20f153340f6f1453e6f93cb912561dfa4bace86ed4f208fb1c9b95,611328,611939,611670,0.05594378140703071,True
4,4,workload,transformer_cell,reflection,transformer_cell,82f16fc51ccc3fbe0386da2cc6ae8c39c28fcf32bac271c398b384835fe1e458,611328,611939,611328,0.0,True
4,4,workload,transformer_cell,reflection,transformer_cell,bb2827b86d547886e42d82dfdd91e18ac35bb8863827eeaaf5067d3bf4202b5c,611328,611939,611840,0.08375209380233617,True
4,4,workload,transformer_cell,reflection,transformer_cell,c92f3a94bd20f153340f6f1453e6f93cb912561dfa4bace86ed4f208fb1c9b95,611328,611939,611840,0.08375209380233617,True
4,4,workload,pnasnet,rotation,pnasnet,7d1157398683c5f577f45bdef15453d48f515b02e46a148b778371ed48935de0,4781950,4786731,4781950,0.0,True
4,4,workload,pnasnet,rotation,pnasnet,3f0f010b5418b3361d11f334c4242f0f07a89731df8d4ac0f465c732ccfec63c,4781950,4786731,4783356,0.02940223130731834,True
4,4,workload,pnasnet,rotation,pnasnet,a66acb6d72584c4b7acee09a0f8699008f259afdd72ee1bb1a863760a2f1adb1,4781950,4786731,4783356,0.02940223130731834,True
4,4,workload,pnasnet,reflection,pnasnet,7d1157398683c5f577f45bdef15453d48f515b02e46a148b778371ed48935de0,4781950,4786731,4781950,0.0,True
4,4,workload,pnasnet,reflection,pnasnet,3f0f010b5418b3361d11f334c4242f0f07a89731df8d4ac0f465c732ccfec63c,4781950,4786731,4783356,0.02940223130731834,True
4,4,workload,pnasnet,reflection,pnasnet,a66acb6d72584c4b7acee09a0f8699008f259afdd72ee1bb1a863760a2f1adb1,4781950,4786731,4783356,0.02940223130731834,True
4,4,workload,resnext50,rotation,resnext50,fea052ee3f64ccdf7218cc560493ce08c7472a9bc111cde9dbd7f2926bfbd5dc,290277,290567,290277,0.0,True
4,4,workload,resnext50,reflection,resnext50,fea052ee3f64ccdf7218cc560493ce08c7472a9bc111cde9dbd7f2926bfbd5dc,290277,290567,290277,0.0,True
4,4,workload,resnet152,rotation,resnet152,ae4b656ea1a6835f5f8402e2c908a4ac116286d69b41b67e8213d8fe2eaae1a2,1438378,1439816,1438908,0.03684705967414992,True
4,4,workload,resnet152,reflection,resnet152,ae4b656ea1a6835f5f8402e2c908a4ac116286d69b41b67e8213d8fe2eaae1a2,1438378,1439816,1438908,0.03684705967414992,True
4,4,workload,bert_block,rotation,bert_block,f2b20996059d0430b8adf75d49e3cc33b63f6ec4c6dae01daceb69688649a313,669696,670365,669696,0.0,True
4,4,workload,bert_block,rotation,bert_block,cfd066750dc3a978fdf52051741d1bd6a4cb04959b19497f6e46a16a29e0cc02,669696,670365,670336,0.09556574923548222,True
4,4,workload,bert_block,reflection,bert_block,f2b20996059d0430b8adf75d49e3cc33b63f6ec4c6dae01daceb69688649a313,669696,670365,669696,0.0,True
4,4,workload,bert_block,reflection,bert_block,cfd066750dc3a978fdf52051741d1bd6a4cb04959b19497f6e46a16a29e0cc02,669696,670365,670336,0.09556574923548222,True
4,4,workload,gpt_prefill_block,rotation,gpt_prefill_block,fa235ca196985e1ebb6d93a37890a90bce437504281c1202a1bf14b48d8f4202,1276800,1278076,1276800,0.0,True
4,4,workload,gpt_prefill_block,reflection,gpt_prefill_block,fa235ca196985e1ebb6d93a37890a90bce437504281c1202a1bf14b48d8f4202,1276800,1278076,1276800,0.0,True
4,4,workload,gpt_decode_block,rotation,gpt_decode_block,6ede5bcde06cc4a779fd901277e694d8843a814bf2fefeb97b8bc57dd64e53ab,17946,17963,17946,0.0,True
4,4,workload,gpt_decode_block,rotation,gpt_decode_block,80075da652e73228dce64bb7f88713ce51749e5051f5209ba49251fa93b9ef4f,17946,17963,17960,0.07801181321742678,True
4,4,workload,gpt_decode_block,rotation,gpt_decode_block,933e7b88f88f7a5f9cfcfb16512c478578e3dc3b9b51e2cbb06c199b2dc04958,17946,17963,17837,-0.6073776886214244,True
4,4,workload,gpt_decode_block,rotation,gpt_decode_block,7a1cb9a3eceaabd33e77033938b354ccd4f25dc44248f3e63c735268497a9923,17946,17963,17838,-0.6018054162487463,True
4,4,workload,gpt_decode_block,rotation,gpt_decode_block,3e4086a570a0defbcd88e2855d8f90f11067c0acc4de5e586e76cf400eff6503,17946,17963,17879,-0.37334224896913293,True
4,4,workload,gpt_decode_block,reflection,gpt_decode_block,6ede5bcde06cc4a779fd901277e694d8843a814bf2fefeb97b8bc57dd64e53ab,17946,17963,17946,0.0,True
4,4,workload,gpt_decode_block,reflection,gpt_decode_block,80075da652e73228dce64bb7f88713ce51749e5051f5209ba49251fa93b9ef4f,17946,17963,17950,0.022289089490690195,True
4,4,workload,gpt_decode_block,reflection,gpt_decode_block,933e7b88f88f7a5f9cfcfb16512c478578e3dc3b9b51e2cbb06c199b2dc04958,17946,17963,17837,-0.6073776886214244,True
4,4,workload,gpt_decode_block,reflection,gpt_decode_block,7a1cb9a3eceaabd33e77033938b354ccd4f25dc44248f3e63c735268497a9923,17946,17963,17838,-0.6018054162487463,True
4,4,workload,gpt_decode_block,reflection,gpt_decode_block,3e4086a570a0defbcd88e2855d8f90f11067c0acc4de5e586e76cf400eff6503,17946,17963,17869,-0.4290649726958695,True
4,4,group,CNN,rotation,darknet19,aa11aaf099f2dbbb536e71a9ab16e005ff5e3b218a53f8ad93ca0735588529f8,348781,349129,348781,0.0,True
4,4,group,CNN,rotation,darknet19,db5387ccd43f690907e9f107625236f2978ff8f3f1812a5a144905a0159ae8fe,348781,349129,348781,0.0,True
4,4,group,CNN,rotation,darknet19,ee18857c565d45f95ae1b834f87a01f73b41cade3e997617e7ef13c811367827,348781,349129,348781,0.0,True
4,4,group,CNN,rotation,vgg19,2dcf47e6028e2d82b7af344446e0c1f5c3cd21090ddb38559a7ac78dd0cb4c00,2396884,2399280,2396884,0.0,True
4,4,group,CNN,rotation,resnet50,3a9e1553b364dc9be75a7ab6b1da16af1d4e2ebc038b7d15bacf6f4ac980a564,502283,502785,502283,0.0,True
4,4,group,CNN,rotation,googlenet,7dfd87e097d81f952bcba0ba535d6074928277023daa3701ed50bdd7de22d086,232241,232473,232241,0.0,True
4,4,group,CNN,rotation,googlenet,771d563bf72cb46188aced5c367b92bd54a6fb00de6f87ed915d2c286e39fe6f,232241,232473,232267,0.011195266985586372,True
4,4,group,CNN,rotation,resnet101,2bd24c04a5d81a23ec717734b373599a1e433fc533946e17d5bd98d1abeea961,968762,969730,968762,0.0,True
4,4,group,CNN,rotation,densenet,9d13afb632dece51d0d9aeaa8dae6991dfdf5dab42f773823ea51247cc5fa531,361813,362174,361813,0.0,True
4,4,group,CNN,rotation,densenet,192555f293155d28876c0b373637049087c19fb37482a08c460ecf9f7c9b780a,361813,362174,361967,0.04256342364701293,True
4,4,group,CNN,rotation,inception_resnet_v1,394f098dbeb6ad6848e375cc4559f6e68f8a63a7d5539d0a97d3815d41b7f45d,830086,830916,830086,0.0,True
4,4,group,CNN,rotation,inception_resnet_v1,ef363d4e7a2315adf1d08827de1d5ce863a48e02e35605cc2e004bc89d62a7a4,830086,830916,830140,0.006505350048069403,True
4,4,group,CNN,rotation,pnasnet,7d1157398683c5f577f45bdef15453d48f515b02e46a148b778371ed48935de0,4781950,4786731,4781950,0.0,True
4,4,group,CNN,rotation,pnasnet,3f0f010b5418b3361d11f334c4242f0f07a89731df8d4ac0f465c732ccfec63c,4781950,4786731,4783356,0.02940223130731834,True
4,4,group,CNN,rotation,pnasnet,a66acb6d72584c4b7acee09a0f8699008f259afdd72ee1bb1a863760a2f1adb1,4781950,4786731,4783356,0.02940223130731834,True
4,4,group,CNN,rotation,resnext50,fea052ee3f64ccdf7218cc560493ce08c7472a9bc111cde9dbd7f2926bfbd5dc,290277,290567,290277,0.0,True
4,4,group,CNN,rotation,resnet152,ae4b656ea1a6835f5f8402e2c908a4ac116286d69b41b67e8213d8fe2eaae1a2,1438378,1439816,1438378,0.0,True
4,4,group,CNN,reflection,darknet19,aa11aaf099f2dbbb536e71a9ab16e005ff5e3b218a53f8ad93ca0735588529f8,348781,349129,348781,0.0,True
4,4,group,CNN,reflection,darknet19,db5387ccd43f690907e9f107625236f2978ff8f3f1812a5a144905a0159ae8fe,348781,349129,348781,0.0,True
4,4,group,CNN,reflection,darknet19,ee18857c565d45f95ae1b834f87a01f73b41cade3e997617e7ef13c811367827,348781,349129,348781,0.0,True
4,4,group,CNN,reflection,vgg19,2dcf47e6028e2d82b7af344446e0c1f5c3cd21090ddb38559a7ac78dd0cb4c00,2396884,2399280,2396884,0.0,True
4,4,group,CNN,reflection,resnet50,3a9e1553b364dc9be75a7ab6b1da16af1d4e2ebc038b7d15bacf6f4ac980a564,502283,502785,502283,0.0,True
4,4,group,CNN,reflection,googlenet,7dfd87e097d81f952bcba0ba535d6074928277023daa3701ed50bdd7de22d086,232241,232473,232241,0.0,True
4,4,group,CNN,reflection,googlenet,771d563bf72cb46188aced5c367b92bd54a6fb00de6f87ed915d2c286e39fe6f,232241,232473,232267,0.011195266985586372,True
4,4,group,CNN,reflection,resnet101,2bd24c04a5d81a23ec717734b373599a1e433fc533946e17d5bd98d1abeea961,968762,969730,968762,0.0,True
4,4,group,CNN,reflection,densenet,9d13afb632dece51d0d9aeaa8dae6991dfdf5dab42f773823ea51247cc5fa531,361813,362174,361813,0.0,True
4,4,group,CNN,reflection,densenet,192555f293155d28876c0b373637049087c19fb37482a08c460ecf9f7c9b780a,361813,362174,361967,0.04256342364701293,True
4,4,group,CNN,reflection,inception_resnet_v1,394f098dbeb6ad6848e375cc4559f6e68f8a63a7d5539d0a97d3815d41b7f45d,830086,830916,830086,0.0,True
4,4,group,CNN,reflection,inception_resnet_v1,ef363d4e7a2315adf1d08827de1d5ce863a48e02e35605cc2e004bc89d62a7a4,830086,830916,830140,0.006505350048069403,True
4,4,group,CNN,reflection,pnasnet,7d1157398683c5f577f45bdef15453d48f515b02e46a148b778371ed48935de0,4781950,4786731,4781950,0.0,True
4,4,group,CNN,reflection,pnasnet,3f0f010b5418b3361d11f334c4242f0f07a89731df8d4ac0f465c732ccfec63c,4781950,4786731,4783356,0.02940223130731834,True
4,4,group,CNN,reflection,pnasnet,a66acb6d72584c4b7acee09a0f8699008f259afdd72ee1bb1a863760a2f1adb1,4781950,4786731,4783356,0.02940223130731834,True
4,4,group,CNN,reflection,resnext50,fea052ee3f64ccdf7218cc560493ce08c7472a9bc111cde9dbd7f2926bfbd5dc,290277,290567,290277,0.0,True
4,4,group,CNN,reflection,resnet152,ae4b656ea1a6835f5f8402e2c908a4ac116286d69b41b67e8213d8fe2eaae1a2,1438378,1439816,1438378,0.0,True
4,4,group,RNN,rotation,gnmt,d21a098f356e4703f792651fa60aa181b17fa680bafa02e320903c96722d4979,44928,44972,44928,0.0,True
4,4,group,RNN,rotation,gnmt,0bb7811d0f970ba6b659c83d9f9da82a1f2e0e851c37a0bdefc2be4327a8806b,44928,44972,44126,-1.7850783475783505,True
4,4,group,RNN,rotation,gnmt,38bbf675b0137b6d2aab9baab155e463e593e95158c65e1d0894d3dc8c676c2a,44928,44972,43995,-2.076655982905984,True
4,4,group,RNN,rotation,gnmt,7dade45b5f3c3c4978e7fec19307bc06a0d334b9dba2d28d228ed1f293058d7d,44928,44972,43721,-2.686520655270652,True
4,4,group,RNN,rotation,gnmt,41f9d2df44ef02126eda4cf1e152f58d0e73aa4fb026f768c91c298ed20cd720,44928,44972,44647,-0.6254451566951591,True
4,4,group,RNN,rotation,lstm,beb20a728609a133a34f5253fb5e79491c3eca85eacc9e8073ccf060bba197bb,45102,45147,45102,0.0,True
4,4,group,RNN,rotation,lstm,77fb4b8e78fb2fba89a3157460e60297e73314e4667a0649a0a50fa3265bf548,45102,45147,43903,-2.658418695401532,True
4,4,group,RNN,rotation,lstm,17dff18244e7e7d673dfb5a5b2942c911310425efa48ae1f75085fac5ca663ff,45102,45147,44119,-2.179504234845464,True
4,4,group,RNN,rotation,lstm,6c4c7dbd160f3fd0c3d1ccdb3bcbbfa31ab825f31edd22d67a477670d55bdf23,45102,45147,44080,-2.265974901334755,True
4,4,group,RNN,rotation,lstm,25b11533a5ddd12cb42c89d66c3439f9f868904048667d6fdce9ae9b212d9e8a,45102,45147,45097,-0.01108598288324103,True
4,4,group,RNN,reflection,gnmt,d21a098f356e4703f792651fa60aa181b17fa680bafa02e320903c96722d4979,44928,44972,44928,0.0,True
4,4,group,RNN,reflection,gnmt,0bb7811d0f970ba6b659c83d9f9da82a1f2e0e851c37a0bdefc2be4327a8806b,44928,44972,44126,-1.7850783475783505,True
4,4,group,RNN,reflection,gnmt,38bbf675b0137b6d2aab9baab155e463e593e95158c65e1d0894d3dc8c676c2a,44928,44972,43995,-2.076655982905984,True
4,4,group,RNN,reflection,gnmt,7dade45b5f3c3c4978e7fec19307bc06a0d334b9dba2d28d228ed1f293058d7d,44928,44972,43721,-2.686520655270652,True
4,4,group,RNN,reflection,gnmt,41f9d2df44ef02126eda4cf1e152f58d0e73aa4fb026f768c91c298ed20cd720,44928,44972,44647,-0.6254451566951591,True
4,4,group,RNN,reflection,lstm,beb20a728609a133a34f5253fb5e79491c3eca85eacc9e8073ccf060bba197bb,45102,45147,45102,0.0,True
4,4,group,RNN,reflection,lstm,77fb4b8e78fb2fba89a3157460e60297e73314e4667a0649a0a50fa3265bf548,45102,45147,43903,-2.658418695401532,True
4,4,group,RNN,reflection,lstm,17dff18244e7e7d673dfb5a5b2942c911310425efa48ae1f75085fac5ca663ff,45102,45147,44119,-2.179504234845464,True
4,4,group,RNN,reflection,lstm,6c4c7dbd160f3fd0c3d1ccdb3bcbbfa31ab825f31edd22d67a477670d55bdf23,45102,45147,44080,-2.265974901334755,True
4,4,group,RNN,reflection,lstm,25b11533a5ddd12cb42c89d66c3439f9f868904048667d6fdce9ae9b212d9e8a,45102,45147,45097,-0.01108598288324103,True
4,4,group,Transformer,rotation,transformer,1936a2edce2ad47f29fa44c0daa4c0ce8a457f314792b2b9fe48f7c342ad1443,3499008,3502507,3499008,0.0,True
4,4,group,Transformer,rotation,transformer_cell,82f16fc51ccc3fbe0386da2cc6ae8c39c28fcf32bac271c398b384835fe1e458,611328,611939,611328,0.0,True
4,4,group,Transformer,rotation,transformer_cell,bb2827b86d547886e42d82dfdd91e18ac35bb8863827eeaaf5067d3bf4202b5c,611328,611939,611648,0.05234505862645733,True
4,4,group,Transformer,rotation,transformer_cell,c92f3a94bd20f153340f6f1453e6f93cb912561dfa4bace86ed4f208fb1c9b95,611328,611939,611648,0.05234505862645733,True
4,4,group,Transformer,rotation,bert_block,f2b20996059d0430b8adf75d49e3cc33b63f6ec4c6dae01daceb69688649a313,669696,670365,669696,0.0,True
4,4,group,Transformer,rotation,bert_block,cfd066750dc3a978fdf52051741d1bd6a4cb04959b19497f6e46a16a29e0cc02,669696,670365,670336,0.09556574923548222,True
4,4,group,Transformer,rotation,gpt_prefill_block,fa235ca196985e1ebb6d93a37890a90bce437504281c1202a1bf14b48d8f4202,1276800,1278076,1276800,0.0,True
4,4,group,Transformer,rotation,gpt_decode_block,6ede5bcde06cc4a779fd901277e694d8843a814bf2fefeb97b8bc57dd64e53ab,17946,17963,17946,0.0,True
4,4,group,Transformer,rotation,gpt_decode_block,80075da652e73228dce64bb7f88713ce51749e5051f5209ba49251fa93b9ef4f,17946,17963,17960,0.07801181321742678,True
4,4,group,Transformer,rotation,gpt_decode_block,933e7b88f88f7a5f9cfcfb16512c478578e3dc3b9b51e2cbb06c199b2dc04958,17946,17963,17837,-0.6073776886214244,True
4,4,group,Transformer,rotation,gpt_decode_block,7a1cb9a3eceaabd33e77033938b354ccd4f25dc44248f3e63c735268497a9923,17946,17963,17838,-0.6018054162487463,True
4,4,group,Transformer,rotation,gpt_decode_block,3e4086a570a0defbcd88e2855d8f90f11067c0acc4de5e586e76cf400eff6503,17946,17963,17879,-0.37334224896913293,True
4,4,group,Transformer,reflection,transformer,1936a2edce2ad47f29fa44c0daa4c0ce8a457f314792b2b9fe48f7c342ad1443,3499008,3502507,3499008,0.0,True
4,4,group,Transformer,reflection,transformer_cell,82f16fc51ccc3fbe0386da2cc6ae8c39c28fcf32bac271c398b384835fe1e458,611328,611939,611328,0.0,True
4,4,group,Transformer,reflection,transformer_cell,bb2827b86d547886e42d82dfdd91e18ac35bb8863827eeaaf5067d3bf4202b5c,611328,611939,611648,0.05234505862645733,True
4,4,group,Transformer,reflection,transformer_cell,c92f3a94bd20f153340f6f1453e6f93cb912561dfa4bace86ed4f208fb1c9b95,611328,611939,611648,0.05234505862645733,True
4,4,group,Transformer,reflection,bert_block,f2b20996059d0430b8adf75d49e3cc33b63f6ec4c6dae01daceb69688649a313,669696,670365,669696,0.0,True
4,4,group,Transformer,reflection,bert_block,cfd066750dc3a978fdf52051741d1bd6a4cb04959b19497f6e46a16a29e0cc02,669696,670365,670336,0.09556574923548222,True
4,4,group,Transformer,reflection,gpt_prefill_block,fa235ca196985e1ebb6d93a37890a90bce437504281c1202a1bf14b48d8f4202,1276800,1278076,1276800,0.0,True
4,4,group,Transformer,reflection,gpt_decode_block,6ede5bcde06cc4a779fd901277e694d8843a814bf2fefeb97b8bc57dd64e53ab,17946,17963,17946,0.0,True
4,4,group,Transformer,reflection,gpt_decode_block,80075da652e73228dce64bb7f88713ce51749e5051f5209ba49251fa93b9ef4f,17946,17963,17950,0.022289089490690195,True
4,4,group,Transformer,reflection,gpt_decode_block,933e7b88f88f7a5f9cfcfb16512c478578e3dc3b9b51e2cbb06c199b2dc04958,17946,17963,17837,-0.6073776886214244,True
4,4,group,Transformer,reflection,gpt_decode_block,7a1cb9a3eceaabd33e77033938b354ccd4f25dc44248f3e63c735268497a9923,17946,17963,17838,-0.6018054162487463,True
4,4,group,Transformer,reflection,gpt_decode_block,3e4086a570a0defbcd88e2855d8f90f11067c0acc4de5e586e76cf400eff6503,17946,17963,17869,-0.4290649726958695,True
4,4,all,ALL17,rotation,darknet19,aa11aaf099f2dbbb536e71a9ab16e005ff5e3b218a53f8ad93ca0735588529f8,348781,349129,348781,0.0,True
4,4,all,ALL17,rotation,darknet19,db5387ccd43f690907e9f107625236f2978ff8f3f1812a5a144905a0159ae8fe,348781,349129,348781,0.0,True
4,4,all,ALL17,rotation,darknet19,ee18857c565d45f95ae1b834f87a01f73b41cade3e997617e7ef13c811367827,348781,349129,348781,0.0,True
4,4,all,ALL17,rotation,vgg19,2dcf47e6028e2d82b7af344446e0c1f5c3cd21090ddb38559a7ac78dd0cb4c00,2396884,2399280,2396884,0.0,True
4,4,all,ALL17,rotation,resnet50,3a9e1553b364dc9be75a7ab6b1da16af1d4e2ebc038b7d15bacf6f4ac980a564,502283,502785,502283,0.0,True
4,4,all,ALL17,rotation,googlenet,7dfd87e097d81f952bcba0ba535d6074928277023daa3701ed50bdd7de22d086,232241,232473,232241,0.0,True
4,4,all,ALL17,rotation,googlenet,771d563bf72cb46188aced5c367b92bd54a6fb00de6f87ed915d2c286e39fe6f,232241,232473,232261,0.008611743835063024,True
4,4,all,ALL17,rotation,resnet101,2bd24c04a5d81a23ec717734b373599a1e433fc533946e17d5bd98d1abeea961,968762,969730,968762,0.0,True
4,4,all,ALL17,rotation,densenet,9d13afb632dece51d0d9aeaa8dae6991dfdf5dab42f773823ea51247cc5fa531,361813,362174,361813,0.0,True
4,4,all,ALL17,rotation,densenet,192555f293155d28876c0b373637049087c19fb37482a08c460ecf9f7c9b780a,361813,362174,361960,0.04062872257215577,True
4,4,all,ALL17,rotation,inception_resnet_v1,394f098dbeb6ad6848e375cc4559f6e68f8a63a7d5539d0a97d3815d41b7f45d,830086,830916,830086,0.0,True
4,4,all,ALL17,rotation,inception_resnet_v1,ef363d4e7a2315adf1d08827de1d5ce863a48e02e35605cc2e004bc89d62a7a4,830086,830916,830126,0.0048187778133756964,True
4,4,all,ALL17,rotation,gnmt,d21a098f356e4703f792651fa60aa181b17fa680bafa02e320903c96722d4979,44928,44972,44928,0.0,True
4,4,all,ALL17,rotation,gnmt,0bb7811d0f970ba6b659c83d9f9da82a1f2e0e851c37a0bdefc2be4327a8806b,44928,44972,44126,-1.7850783475783505,True
4,4,all,ALL17,rotation,gnmt,38bbf675b0137b6d2aab9baab155e463e593e95158c65e1d0894d3dc8c676c2a,44928,44972,43995,-2.076655982905984,True
4,4,all,ALL17,rotation,gnmt,7dade45b5f3c3c4978e7fec19307bc06a0d334b9dba2d28d228ed1f293058d7d,44928,44972,43721,-2.686520655270652,True
4,4,all,ALL17,rotation,gnmt,41f9d2df44ef02126eda4cf1e152f58d0e73aa4fb026f768c91c298ed20cd720,44928,44972,44647,-0.6254451566951591,True
4,4,all,ALL17,rotation,lstm,beb20a728609a133a34f5253fb5e79491c3eca85eacc9e8073ccf060bba197bb,45102,45147,45102,0.0,True
4,4,all,ALL17,rotation,lstm,77fb4b8e78fb2fba89a3157460e60297e73314e4667a0649a0a50fa3265bf548,45102,45147,43903,-2.658418695401532,True
4,4,all,ALL17,rotation,lstm,17dff18244e7e7d673dfb5a5b2942c911310425efa48ae1f75085fac5ca663ff,45102,45147,44119,-2.179504234845464,True
4,4,all,ALL17,rotation,lstm,6c4c7dbd160f3fd0c3d1ccdb3bcbbfa31ab825f31edd22d67a477670d55bdf23,45102,45147,44080,-2.265974901334755,True
4,4,all,ALL17,rotation,lstm,25b11533a5ddd12cb42c89d66c3439f9f868904048667d6fdce9ae9b212d9e8a,45102,45147,45097,-0.01108598288324103,True
4,4,all,ALL17,rotation,transformer,1936a2edce2ad47f29fa44c0daa4c0ce8a457f314792b2b9fe48f7c342ad1443,3499008,3502507,3499008,0.0,True
4,4,all,ALL17,rotation,transformer_cell,82f16fc51ccc3fbe0386da2cc6ae8c39c28fcf32bac271c398b384835fe1e458,611328,611939,611328,0.0,True
4,4,all,ALL17,rotation,transformer_cell,bb2827b86d547886e42d82dfdd91e18ac35bb8863827eeaaf5067d3bf4202b5c,611328,611939,611648,0.05234505862645733,True
4,4,all,ALL17,rotation,transformer_cell,c92f3a94bd20f153340f6f1453e6f93cb912561dfa4bace86ed4f208fb1c9b95,611328,611939,611648,0.05234505862645733,True
4,4,all,ALL17,rotation,pnasnet,7d1157398683c5f577f45bdef15453d48f515b02e46a148b778371ed48935de0,4781950,4786731,4781950,0.0,True
4,4,all,ALL17,rotation,pnasnet,3f0f010b5418b3361d11f334c4242f0f07a89731df8d4ac0f465c732ccfec63c,4781950,4786731,4783356,0.02940223130731834,True
4,4,all,ALL17,rotation,pnasnet,a66acb6d72584c4b7acee09a0f8699008f259afdd72ee1bb1a863760a2f1adb1,4781950,4786731,4783356,0.02940223130731834,True
4,4,all,ALL17,rotation,resnext50,fea052ee3f64ccdf7218cc560493ce08c7472a9bc111cde9dbd7f2926bfbd5dc,290277,290567,290277,0.0,True
4,4,all,ALL17,rotation,resnet152,ae4b656ea1a6835f5f8402e2c908a4ac116286d69b41b67e8213d8fe2eaae1a2,1438378,1439816,1438378,0.0,True
4,4,all,ALL17,rotation,bert_block,f2b20996059d0430b8adf75d49e3cc33b63f6ec4c6dae01daceb69688649a313,669696,670365,669696,0.0,True
4,4,all,ALL17,rotation,bert_block,cfd066750dc3a978fdf52051741d1bd6a4cb04959b19497f6e46a16a29e0cc02,669696,670365,670336,0.09556574923548222,True
4,4,all,ALL17,rotation,gpt_prefill_block,fa235ca196985e1ebb6d93a37890a90bce437504281c1202a1bf14b48d8f4202,1276800,1278076,1276800,0.0,True
4,4,all,ALL17,rotation,gpt_decode_block,6ede5bcde06cc4a779fd901277e694d8843a814bf2fefeb97b8bc57dd64e53ab,17946,17963,17946,0.0,True
4,4,all,ALL17,rotation,gpt_decode_block,80075da652e73228dce64bb7f88713ce51749e5051f5209ba49251fa93b9ef4f,17946,17963,17950,0.022289089490690195,True
4,4,all,ALL17,rotation,gpt_decode_block,933e7b88f88f7a5f9cfcfb16512c478578e3dc3b9b51e2cbb06c199b2dc04958,17946,17963,17837,-0.6073776886214244,True
4,4,all,ALL17,rotation,gpt_decode_block,7a1cb9a3eceaabd33e77033938b354ccd4f25dc44248f3e63c735268497a9923,17946,17963,17838,-0.6018054162487463,True
4,4,all,ALL17,rotation,gpt_decode_block,3e4086a570a0defbcd88e2855d8f90f11067c0acc4de5e586e76cf400eff6503,17946,17963,17869,-0.4290649726958695,True
4,4,all,ALL17,reflection,darknet19,aa11aaf099f2dbbb536e71a9ab16e005ff5e3b218a53f8ad93ca0735588529f8,348781,349129,348781,0.0,True
4,4,all,ALL17,reflection,darknet19,db5387ccd43f690907e9f107625236f2978ff8f3f1812a5a144905a0159ae8fe,348781,349129,348781,0.0,True
4,4,all,ALL17,reflection,darknet19,ee18857c565d45f95ae1b834f87a01f73b41cade3e997617e7ef13c811367827,348781,349129,348781,0.0,True
4,4,all,ALL17,reflection,vgg19,2dcf47e6028e2d82b7af344446e0c1f5c3cd21090ddb38559a7ac78dd0cb4c00,2396884,2399280,2396884,0.0,True
4,4,all,ALL17,reflection,resnet50,3a9e1553b364dc9be75a7ab6b1da16af1d4e2ebc038b7d15bacf6f4ac980a564,502283,502785,502283,0.0,True
4,4,all,ALL17,reflection,googlenet,7dfd87e097d81f952bcba0ba535d6074928277023daa3701ed50bdd7de22d086,232241,232473,232241,0.0,True
4,4,all,ALL17,reflection,googlenet,771d563bf72cb46188aced5c367b92bd54a6fb00de6f87ed915d2c286e39fe6f,232241,232473,232261,0.008611743835063024,True
4,4,all,ALL17,reflection,resnet101,2bd24c04a5d81a23ec717734b373599a1e433fc533946e17d5bd98d1abeea961,968762,969730,968762,0.0,True
4,4,all,ALL17,reflection,densenet,9d13afb632dece51d0d9aeaa8dae6991dfdf5dab42f773823ea51247cc5fa531,361813,362174,361813,0.0,True
4,4,all,ALL17,reflection,densenet,192555f293155d28876c0b373637049087c19fb37482a08c460ecf9f7c9b780a,361813,362174,361960,0.04062872257215577,True
4,4,all,ALL17,reflection,inception_resnet_v1,394f098dbeb6ad6848e375cc4559f6e68f8a63a7d5539d0a97d3815d41b7f45d,830086,830916,830086,0.0,True
4,4,all,ALL17,reflection,inception_resnet_v1,ef363d4e7a2315adf1d08827de1d5ce863a48e02e35605cc2e004bc89d62a7a4,830086,830916,830126,0.0048187778133756964,True
4,4,all,ALL17,reflection,gnmt,d21a098f356e4703f792651fa60aa181b17fa680bafa02e320903c96722d4979,44928,44972,44928,0.0,True
4,4,all,ALL17,reflection,gnmt,0bb7811d0f970ba6b659c83d9f9da82a1f2e0e851c37a0bdefc2be4327a8806b,44928,44972,44126,-1.7850783475783505,True
4,4,all,ALL17,reflection,gnmt,38bbf675b0137b6d2aab9baab155e463e593e95158c65e1d0894d3dc8c676c2a,44928,44972,43995,-2.076655982905984,True
4,4,all,ALL17,reflection,gnmt,7dade45b5f3c3c4978e7fec19307bc06a0d334b9dba2d28d228ed1f293058d7d,44928,44972,43721,-2.686520655270652,True
4,4,all,ALL17,reflection,gnmt,41f9d2df44ef02126eda4cf1e152f58d0e73aa4fb026f768c91c298ed20cd720,44928,44972,44647,-0.6254451566951591,True
4,4,all,ALL17,reflection,lstm,beb20a728609a133a34f5253fb5e79491c3eca85eacc9e8073ccf060bba197bb,45102,45147,45102,0.0,True
4,4,all,ALL17,reflection,lstm,77fb4b8e78fb2fba89a3157460e60297e73314e4667a0649a0a50fa3265bf548,45102,45147,43903,-2.658418695401532,True
4,4,all,ALL17,reflection,lstm,17dff18244e7e7d673dfb5a5b2942c911310425efa48ae1f75085fac5ca663ff,45102,45147,44119,-2.179504234845464,True
4,4,all,ALL17,reflection,lstm,6c4c7dbd160f3fd0c3d1ccdb3bcbbfa31ab825f31edd22d67a477670d55bdf23,45102,45147,44080,-2.265974901334755,True
4,4,all,ALL17,reflection,lstm,25b11533a5ddd12cb42c89d66c3439f9f868904048667d6fdce9ae9b212d9e8a,45102,45147,45097,-0.01108598288324103,True
4,4,all,ALL17,reflection,transformer,1936a2edce2ad47f29fa44c0daa4c0ce8a457f314792b2b9fe48f7c342ad1443,3499008,3502507,3499008,0.0,True
4,4,all,ALL17,reflection,transformer_cell,82f16fc51ccc3fbe0386da2cc6ae8c39c28fcf32bac271c398b384835fe1e458,611328,611939,611328,0.0,True
4,4,all,ALL17,reflection,transformer_cell,bb2827b86d547886e42d82dfdd91e18ac35bb8863827eeaaf5067d3bf4202b5c,611328,611939,611648,0.05234505862645733,True
4,4,all,ALL17,reflection,transformer_cell,c92f3a94bd20f153340f6f1453e6f93cb912561dfa4bace86ed4f208fb1c9b95,611328,611939,611648,0.05234505862645733,True
4,4,all,ALL17,reflection,pnasnet,7d1157398683c5f577f45bdef15453d48f515b02e46a148b778371ed48935de0,4781950,4786731,4781950,0.0,True
4,4,all,ALL17,reflection,pnasnet,3f0f010b5418b3361d11f334c4242f0f07a89731df8d4ac0f465c732ccfec63c,4781950,4786731,4783356,0.02940223130731834,True
4,4,all,ALL17,reflection,pnasnet,a66acb6d72584c4b7acee09a0f8699008f259afdd72ee1bb1a863760a2f1adb1,4781950,4786731,4783356,0.02940223130731834,True
4,4,all,ALL17,reflection,resnext50,fea052ee3f64ccdf7218cc560493ce08c7472a9bc111cde9dbd7f2926bfbd5dc,290277,290567,290277,0.0,True
4,4,all,ALL17,reflection,resnet152,ae4b656ea1a6835f5f8402e2c908a4ac116286d69b41b67e8213d8fe2eaae1a2,1438378,1439816,1438378,0.0,True
4,4,all,ALL17,reflection,bert_block,f2b20996059d0430b8adf75d49e3cc33b63f6ec4c6dae01daceb69688649a313,669696,670365,669696,0.0,True
4,4,all,ALL17,reflection,bert_block,cfd066750dc3a978fdf52051741d1bd6a4cb04959b19497f6e46a16a29e0cc02,669696,670365,670336,0.09556574923548222,True
4,4,all,ALL17,reflection,gpt_prefill_block,fa235ca196985e1ebb6d93a37890a90bce437504281c1202a1bf14b48d8f4202,1276800,1278076,1276800,0.0,True
4,4,all,ALL17,reflection,gpt_decode_block,6ede5bcde06cc4a779fd901277e694d8843a814bf2fefeb97b8bc57dd64e53ab,17946,17963,17946,0.0,True
4,4,all,ALL17,reflection,gpt_decode_block,80075da652e73228dce64bb7f88713ce51749e5051f5209ba49251fa93b9ef4f,17946,17963,17950,0.022289089490690195,True
4,4,all,ALL17,reflection,gpt_decode_block,933e7b88f88f7a5f9cfcfb16512c478578e3dc3b9b51e2cbb06c199b2dc04958,17946,17963,17837,-0.6073776886214244,True
4,4,all,ALL17,reflection,gpt_decode_block,7a1cb9a3eceaabd33e77033938b354ccd4f25dc44248f3e63c735268497a9923,17946,17963,17838,-0.6018054162487463,True
4,4,all,ALL17,reflection,gpt_decode_block,3e4086a570a0defbcd88e2855d8f90f11067c0acc4de5e586e76cf400eff6503,17946,17963,17869,-0.4290649726958695,True
4,16,workload,darknet19,rotation,darknet19,21e34405f1327da6ca3241a2a8f4849df21b61a891f069bc0db1ac09106ae625,90892,90982,90896,0.0044008273555329325,True
4,16,workload,darknet19,rotation,darknet19,f4deb65b11da9e73355ac97d3bbb9ee9d1a756638f4c3ecefdbd541424891c94,90892,90982,90892,0.0,True
4,16,workload,darknet19,rotation,darknet19,ef4b0c4e83ef3c1178da6ecfd4135a7cc558b22226dfea2c40470ac648f8177f,90892,90982,90892,0.0,True
4,16,workload,darknet19,rotation,darknet19,70af9b17570d1054ed78cfae4db332c869a3c30e1b3baba2dddd0a00000a1d48,90892,90982,90892,0.0,True
4,16,workload,darknet19,reflection,darknet19,21e34405f1327da6ca3241a2a8f4849df21b61a891f069bc0db1ac09106ae625,90892,90982,90896,0.0044008273555329325,True
4,16,workload,darknet19,reflection,darknet19,f4deb65b11da9e73355ac97d3bbb9ee9d1a756638f4c3ecefdbd541424891c94,90892,90982,90892,0.0,True
4,16,workload,darknet19,reflection,darknet19,ef4b0c4e83ef3c1178da6ecfd4135a7cc558b22226dfea2c40470ac648f8177f,90892,90982,90892,0.0,True
4,16,workload,darknet19,reflection,darknet19,70af9b17570d1054ed78cfae4db332c869a3c30e1b3baba2dddd0a00000a1d48,90892,90982,90892,0.0,True
4,16,workload,vgg19,rotation,vgg19,85a8ed9ffeb3acf58dccdd33608104b85e849c5f421588a50a83076f94fac171,599221,599820,599221,0.0,True
4,16,workload,vgg19,reflection,vgg19,85a8ed9ffeb3acf58dccdd33608104b85e849c5f421588a50a83076f94fac171,599221,599820,599221,0.0,True
4,16,workload,resnet50,rotation,resnet50,80a5fc87f502ff7eac8dc5bf4d6336e5e7197dcd75b85fc8a3429f1a7beee88a,132399,132531,132399,0.0,True
4,16,workload,resnet50,rotation,resnet50,b5ee67cf0382ea403429a1eea102a77b0e421c6b81f4342eb50537bbe5a02fd9,132399,132531,132526,0.09592217463878505,True
4,16,workload,resnet50,reflection,resnet50,80a5fc87f502ff7eac8dc5bf4d6336e5e7197dcd75b85fc8a3429f1a7beee88a,132399,132531,132399,0.0,True
4,16,workload,resnet50,reflection,resnet50,b5ee67cf0382ea403429a1eea102a77b0e421c6b81f4342eb50537bbe5a02fd9,132399,132531,132526,0.09592217463878505,True
4,16,workload,googlenet,rotation,googlenet,6296884e0c05b7b0066135b3c834d7eda7c4d4778f5d939a47f803ab8922b9ff,62106,62168,62113,0.011271052716321783,True
4,16,workload,googlenet,rotation,googlenet,c34f3b52caa2f79284b951c6ef08eb55eb52f9bbb382cda3c80408a47d0f60b9,62106,62168,61935,-0.2753357163559067,True
4,16,workload,googlenet,rotation,googlenet,e62e5fcd11abc04eb7462b95f1962a18f08e7cbf9cf832c34da93311c5ab66d7,62106,62168,62154,0.07728721862620969,True
4,16,workload,googlenet,rotation,googlenet,ebc1fa08bca5c803f8e77cd4b9843479f56096a7cd22a001f93b81ab6ce6fc59,62106,62168,61938,-0.2705052651917672,True
4,16,workload,googlenet,rotation,googlenet,86a90d07f1fbaf3aee2de48c40380d6d1f2df4577c8793db944f2c8784df0600,62106,62168,61947,-0.25601391169934873,True
4,16,workload,googlenet,reflection,googlenet,6296884e0c05b7b0066135b3c834d7eda7c4d4778f5d939a47f803ab8922b9ff,62106,62168,62113,0.011271052716321783,True
4,16,workload,googlenet,reflection,googlenet,c34f3b52caa2f79284b951c6ef08eb55eb52f9bbb382cda3c80408a47d0f60b9,62106,62168,61935,-0.2753357163559067,True
4,16,workload,googlenet,reflection,googlenet,e62e5fcd11abc04eb7462b95f1962a18f08e7cbf9cf832c34da93311c5ab66d7,62106,62168,62154,0.07728721862620969,True
4,16,workload,googlenet,reflection,googlenet,ebc1fa08bca5c803f8e77cd4b9843479f56096a7cd22a001f93b81ab6ce6fc59,62106,62168,61938,-0.2705052651917672,True
4,16,workload,googlenet,reflection,googlenet,86a90d07f1fbaf3aee2de48c40380d6d1f2df4577c8793db944f2c8784df0600,62106,62168,61947,-0.25601391169934873,True
4,16,workload,resnet101,rotation,resnet101,8287c53e81ddeee4add4290bdfa9983e7df644d6781de199cc0a9f91e49357e8,261395,261656,261395,0.0,True
4,16,workload,resnet101,rotation,resnet101,9d53497accb3bae0d7264d23593f13ff2936fd114b05326681ca7c7bce982df6,261395,261656,261650,0.09755351096998321,True
4,16,workload,resnet101,reflection,resnet101,8287c53e81ddeee4add4290bdfa9983e7df644d6781de199cc0a9f91e49357e8,261395,261656,261395,0.0,True
4,16,workload,resnet101,reflection,resnet101,9d53497accb3bae0d7264d23593f13ff2936fd114b05326681ca7c7bce982df6,261395,261656,261650,0.09755351096998321,True
4,16,workload,densenet,rotation,densenet,18033229fb0f8313085ad833ac5e29804953f799d0aa7cb0aaaa7e860ef313d5,96246,96342,96246,0.0,True
4,16,workload,densenet,rotation,densenet,33ce132a75e11916306a02d56270ab36ee6435d3e95de821b73e63dfbe5d8c6a,96246,96342,96274,0.029092118113993592,True
4,16,workload,densenet,rotation,densenet,080afd17d2160bd4d3d357a8cac9f8a1e80193a047e78b7a7465a40f015c6025,96246,96342,96318,0.07480830372170733,True
4,16,workload,densenet,reflection,densenet,18033229fb0f8313085ad833ac5e29804953f799d0aa7cb0aaaa7e860ef313d5,96246,96342,96246,0.0,True
4,16,workload,densenet,reflection,densenet,33ce132a75e11916306a02d56270ab36ee6435d3e95de821b73e63dfbe5d8c6a,96246,96342,96274,0.029092118113993592,True
4,16,workload,densenet,reflection,densenet,080afd17d2160bd4d3d357a8cac9f8a1e80193a047e78b7a7465a40f015c6025,96246,96342,96318,0.07480830372170733,True
4,16,workload,inception_resnet_v1,rotation,inception_resnet_v1,eaca0e2bde933808a0b7a96ed3fdd2307e5610431311fd3b5ef885f95b95e149,227352,227579,227352,0.0,True
4,16,workload,inception_resnet_v1,rotation,inception_resnet_v1,3499394c0aa6a2a8fad3f0ee0533fef5033660cb16ace435a646d2991fad0020,227352,227579,227464,0.04926281712938074,True
4,16,workload,inception_resnet_v1,reflection,inception_resnet_v1,eaca0e2bde933808a0b7a96ed3fdd2307e5610431311fd3b5ef885f95b95e149,227352,227579,227352,0.0,True
4,16,workload,inception_resnet_v1,reflection,inception_resnet_v1,3499394c0aa6a2a8fad3f0ee0533fef5033660cb16ace435a646d2991fad0020,227352,227579,227464,0.04926281712938074,True
4,16,workload,gnmt,rotation,gnmt,240ccdee87857d838edc4e8946d6250f234bdf65ded7a1552312909ede0c3757,29324,29353,29324,0.0,True
4,16,workload,gnmt,rotation,gnmt,870b4a1e1e9f4590198b6420041115c8f6ba07cc38a53b4df1b66c9b22827e55,29324,29353,27424,-6.479334333651621,True
4,16,workload,gnmt,rotation,gnmt,9bb3868f759bbe5a808ca0c16551dc6bcc5c10ed090846130f5af07347c08523,29324,29353,29318,-0.02046105579047719,True
4,16,workload,gnmt,rotation,gnmt,cf19f7bb79f922f4b1a719d121fab8a30eb755c235f3b333f030984491c7be37,29324,29353,27792,-5.224389578502253,True
4,16,workload,gnmt,rotation,gnmt,ef737ecd75a30930b17896d6066f37da2f281b5dd7a635a0005489f2dc27a9e5,29324,29353,29339,0.051152639476192974,True
4,16,workload,gnmt,reflection,gnmt,240ccdee87857d838edc4e8946d6250f234bdf65ded7a1552312909ede0c3757,29324,29353,29324,0.0,True
4,16,workload,gnmt,reflection,gnmt,870b4a1e1e9f4590198b6420041115c8f6ba07cc38a53b4df1b66c9b22827e55,29324,29353,27424,-6.479334333651621,True
4,16,workload,gnmt,reflection,gnmt,9bb3868f759bbe5a808ca0c16551dc6bcc5c10ed090846130f5af07347c08523,29324,29353,29320,-0.013640703860318126,True
4,16,workload,gnmt,reflection,gnmt,cf19f7bb79f922f4b1a719d121fab8a30eb755c235f3b333f030984491c7be37,29324,29353,27792,-5.224389578502253,True
4,16,workload,gnmt,reflection,gnmt,ef737ecd75a30930b17896d6066f37da2f281b5dd7a635a0005489f2dc27a9e5,29324,29353,29341,0.05797299140635204,True
4,16,workload,lstm,rotation,lstm,ba777a444b91329ee18b92bebeaec3f358777e552c519c698f40fa2a760ff2f0,29337,29366,29337,0.0,True
4,16,workload,lstm,rotation,lstm,4b5fe2c9b4260d8cb4fe89e8002c8bb133c6abee196831c7fd36f87600b64014,29337,29366,27424,-6.520775812114399,True
4,16,workload,lstm,rotation,lstm,b38293c03b19f97b6606b29b094f6639817c60a6a86ce10ee3da7e26a584a306,29337,29366,28017,-4.49943757030371,True
4,16,workload,lstm,rotation,lstm,66d8231d55849ac3f1f3b646b0a7727960af78d14ab9da594db4fb7b217863f2,29337,29366,27984,-4.6119235095613,True
4,16,workload,lstm,rotation,lstm,678dd5469fcf3f21258f2d8468b0434e81da0f9a5e830aa06b95def85819edfb,29337,29366,28667,-2.283805433411734,True
4,16,workload,lstm,reflection,lstm,ba777a444b91329ee18b92bebeaec3f358777e552c519c698f40fa2a760ff2f0,29337,29366,29337,0.0,True
4,16,workload,lstm,reflection,lstm,4b5fe2c9b4260d8cb4fe89e8002c8bb133c6abee196831c7fd36f87600b64014,29337,29366,27424,-6.520775812114399,True
4,16,workload,lstm,reflection,lstm,b38293c03b19f97b6606b29b094f6639817c60a6a86ce10ee3da7e26a584a306,29337,29366,28017,-4.49943757030371,True
4,16,workload,lstm,reflection,lstm,66d8231d55849ac3f1f3b646b0a7727960af78d14ab9da594db4fb7b217863f2,29337,29366,27984,-4.6119235095613,True
4,16,workload,lstm,reflection,lstm,678dd5469fcf3f21258f2d8468b0434e81da0f9a5e830aa06b95def85819edfb,29337,29366,28667,-2.283805433411734,True
4,16,workload,transformer,rotation,transformer,8202683b9075f0e86312fd1266f510ece0c6d759764d94ad28f1e4988e6e2862,898048,898946,898048,0.0,True
4,16,workload,transformer,rotation,transformer,c241d00d8fd3ae7f8a0ca8bd5c591634fb002d93c1e8937471ae8c1b9528b6c8,898048,898946,898048,0.0,True
4,16,workload,transformer,rotation,transformer,1447347ee0bf9056e453e59167fd1dac5510936e4c4c892a740bda411bc65634,898048,898946,898048,0.0,True
4,16,workload,transformer,reflection,transformer,8202683b9075f0e86312fd1266f510ece0c6d759764d94ad28f1e4988e6e2862,898048,898946,898048,0.0,True
4,16,workload,transformer,reflection,transformer,c241d00d8fd3ae7f8a0ca8bd5c591634fb002d93c1e8937471ae8c1b9528b6c8,898048,898946,898048,0.0,True
4,16,workload,transformer,reflection,transformer,1447347ee0bf9056e453e59167fd1dac5510936e4c4c892a740bda411bc65634,898048,898946,898048,0.0,True
4,16,workload,transformer_cell,rotation,transformer_cell,c7f9638f1387eb5f887737db794a58a8a7c60d7d5561e50fb46c0610ebc5431a,156928,157084,156928,0.0,True
4,16,workload,transformer_cell,rotation,transformer_cell,a142cd8f7d90ebdf4c6e325e191c194762d22d1250c22d5911dbabc822720308,156928,157084,156928,0.0,True
4,16,workload,transformer_cell,reflection,transformer_cell,c7f9638f1387eb5f887737db794a58a8a7c60d7d5561e50fb46c0610ebc5431a,156928,157084,156928,0.0,True
4,16,workload,transformer_cell,reflection,transformer_cell,a142cd8f7d90ebdf4c6e325e191c194762d22d1250c22d5911dbabc822720308,156928,157084,156928,0.0,True
4,16,workload,pnasnet,rotation,pnasnet,a8ff260f8c5ee76541d8a416f95c96ea9723d1c3e557ad1a148e0951f64358ab,1287329,1288616,1288519,0.09243946186250351,True
4,16,workload,pnasnet,rotation,pnasnet,7b67dd96c7c562d8168c2cedeca7eff85605ddc9b192ca8cbbd488d33e29c4a2,1287329,1288616,1288447,0.08684648601873235,True
4,16,workload,pnasnet,rotation,pnasnet,5d1a11eee03c4d7ca84c46026644c8aa5b6ab224a878ca9507bb92f12a8d1ab3,1287329,1288616,1288308,0.07604893543142754,True
4,16,workload,pnasnet,reflection,pnasnet,a8ff260f8c5ee76541d8a416f95c96ea9723d1c3e557ad1a148e0951f64358ab,1287329,1288616,1288519,0.09243946186250351,True
4,16,workload,pnasnet,reflection,pnasnet,7b67dd96c7c562d8168c2cedeca7eff85605ddc9b192ca8cbbd488d33e29c4a2,1287329,1288616,1288454,0.08739024755908265,True
4,16,workload,pnasnet,reflection,pnasnet,5d1a11eee03c4d7ca84c46026644c8aa5b6ab224a878ca9507bb92f12a8d1ab3,1287329,1288616,1288308,0.07604893543142754,True
4,16,workload,resnext50,rotation,resnext50,bb04939f71bc129c33fee456f89be97bdedb1a8c8f83dae38d729d9179a2c242,74988,75062,74988,0.0,True
4,16,workload,resnext50,rotation,resnext50,db096f639f15dfdc03fb3a0a6d99f1e3aad6e179fe0ae500015fe8d5d101c504,74988,75062,75050,0.08267989544994414,True
4,16,workload,resnext50,reflection,resnext50,bb04939f71bc129c33fee456f89be97bdedb1a8c8f83dae38d729d9179a2c242,74988,75062,74988,0.0,True
4,16,workload,resnext50,reflection,resnext50,db096f639f15dfdc03fb3a0a6d99f1e3aad6e179fe0ae500015fe8d5d101c504,74988,75062,75050,0.08267989544994414,True
4,16,workload,resnet152,rotation,resnet152,7d9b2593a321bf5410ae09091406dfbb7d34e9fe1d93846a730956533b370903,388262,388650,388280,0.004636044732686528,True
4,16,workload,resnet152,rotation,resnet152,4f10ebc0484721b1474d88ef9dcad16cb7d9254067c21c4ad6063b7bba6fbb7f,388262,388650,388272,0.0025755804070382027,True
4,16,workload,resnet152,reflection,resnet152,7d9b2593a321bf5410ae09091406dfbb7d34e9fe1d93846a730956533b370903,388262,388650,388280,0.004636044732686528,True
4,16,workload,resnet152,reflection,resnet152,4f10ebc0484721b1474d88ef9dcad16cb7d9254067c21c4ad6063b7bba6fbb7f,388262,388650,388272,0.0025755804070382027,True
4,16,workload,bert_block,rotation,bert_block,068ad9fcccb8a0d78b4dc670065ffea7b06ae6b93ae09b87697655845ca4a17d,169984,170153,169984,0.0,True
4,16,workload,bert_block,rotation,bert_block,e1c8f51351e802f55dbe57d937bf17a13f1bf6b576410b7ac3e2a60eadad5703,169984,170153,169984,0.0,True
4,16,workload,bert_block,reflection,bert_block,068ad9fcccb8a0d78b4dc670065ffea7b06ae6b93ae09b87697655845ca4a17d,169984,170153,169984,0.0,True
4,16,workload,bert_block,reflection,bert_block,e1c8f51351e802f55dbe57d937bf17a13f1bf6b576410b7ac3e2a60eadad5703,169984,170153,169984,0.0,True
4,16,workload,gpt_prefill_block,rotation,gpt_prefill_block,fdf59d1760eec3e158d583b38e800fc76be11b2330c8e850891063b351398134,323200,323523,323200,0.0,True
4,16,workload,gpt_prefill_block,rotation,gpt_prefill_block,f55fee1d568f9afc2e135409cf6c7a952718daf2ec3321fb94caa4fe3369e69c,323200,323523,323268,0.021039603960404385,True
4,16,workload,gpt_prefill_block,rotation,gpt_prefill_block,a359bb21e3213314400bea1be6fef08602eb59313dfdae37b4e05a4b42abbc80,323200,323523,323200,0.0,True
4,16,workload,gpt_prefill_block,rotation,gpt_prefill_block,bbce0aec73799b9ed3230b9b910c12f14c95becf2786e0d227ad1f3e1a4a1400,323200,323523,323268,0.021039603960404385,True
4,16,workload,gpt_prefill_block,reflection,gpt_prefill_block,fdf59d1760eec3e158d583b38e800fc76be11b2330c8e850891063b351398134,323200,323523,323200,0.0,True
4,16,workload,gpt_prefill_block,reflection,gpt_prefill_block,f55fee1d568f9afc2e135409cf6c7a952718daf2ec3321fb94caa4fe3369e69c,323200,323523,323268,0.021039603960404385,True
4,16,workload,gpt_prefill_block,reflection,gpt_prefill_block,a359bb21e3213314400bea1be6fef08602eb59313dfdae37b4e05a4b42abbc80,323200,323523,323200,0.0,True
4,16,workload,gpt_prefill_block,reflection,gpt_prefill_block,bbce0aec73799b9ed3230b9b910c12f14c95becf2786e0d227ad1f3e1a4a1400,323200,323523,323268,0.021039603960404385,True
4,16,workload,gpt_decode_block,rotation,gpt_decode_block,8ee12bfbee37f7f8d1a12defd7159a8a50a8ede2c4193c7b248f98bd6b2cb975,11258,11269,10554,-6.253330964647363,True
4,16,workload,gpt_decode_block,rotation,gpt_decode_block,953d3737a572e8a8ca9b17b1f0b3151aed493a058920a58b603b016a036c0e9a,11258,11269,11150,-0.9593178184402196,True
4,16,workload,gpt_decode_block,rotation,gpt_decode_block,2d66556c57fd2822a45cb18eb6349e65f562c2d010b268e1418ec2bb9defc28b,11258,11269,11219,-0.34642032332563577,True
4,16,workload,gpt_decode_block,rotation,gpt_decode_block,68e72f0246b403f2e49a17f732e765a1b669d2b21821acb1fe933f4a01097b91,11258,11269,11051,-1.8386924853437514,True
4,16,workload,gpt_decode_block,rotation,gpt_decode_block,f1ad4990835946b1ebd795e460f87b70f2df54073dbb80ba8e2c86dc17cf9441,11258,11269,11263,0.04441286196481542,True
4,16,workload,gpt_decode_block,reflection,gpt_decode_block,8ee12bfbee37f7f8d1a12defd7159a8a50a8ede2c4193c7b248f98bd6b2cb975,11258,11269,10554,-6.253330964647363,True
4,16,workload,gpt_decode_block,reflection,gpt_decode_block,953d3737a572e8a8ca9b17b1f0b3151aed493a058920a58b603b016a036c0e9a,11258,11269,11150,-0.9593178184402196,True
4,16,workload,gpt_decode_block,reflection,gpt_decode_block,2d66556c57fd2822a45cb18eb6349e65f562c2d010b268e1418ec2bb9defc28b,11258,11269,11219,-0.34642032332563577,True
4,16,workload,gpt_decode_block,reflection,gpt_decode_block,68e72f0246b403f2e49a17f732e765a1b669d2b21821acb1fe933f4a01097b91,11258,11269,11051,-1.8386924853437514,True
4,16,workload,gpt_decode_block,reflection,gpt_decode_block,f1ad4990835946b1ebd795e460f87b70f2df54073dbb80ba8e2c86dc17cf9441,11258,11269,11263,0.04441286196481542,True
4,16,group,CNN,rotation,darknet19,21e34405f1327da6ca3241a2a8f4849df21b61a891f069bc0db1ac09106ae625,90892,90982,90892,0.0,True
4,16,group,CNN,rotation,darknet19,f4deb65b11da9e73355ac97d3bbb9ee9d1a756638f4c3ecefdbd541424891c94,90892,90982,90892,0.0,True
4,16,group,CNN,rotation,darknet19,ef4b0c4e83ef3c1178da6ecfd4135a7cc558b22226dfea2c40470ac648f8177f,90892,90982,90892,0.0,True
4,16,group,CNN,rotation,darknet19,70af9b17570d1054ed78cfae4db332c869a3c30e1b3baba2dddd0a00000a1d48,90892,90982,90892,0.0,True
4,16,group,CNN,rotation,vgg19,85a8ed9ffeb3acf58dccdd33608104b85e849c5f421588a50a83076f94fac171,599221,599820,599221,0.0,True
4,16,group,CNN,rotation,resnet50,80a5fc87f502ff7eac8dc5bf4d6336e5e7197dcd75b85fc8a3429f1a7beee88a,132399,132531,132399,0.0,True
4,16,group,CNN,rotation,resnet50,b5ee67cf0382ea403429a1eea102a77b0e421c6b81f4342eb50537bbe5a02fd9,132399,132531,132526,0.09592217463878505,True
4,16,group,CNN,rotation,googlenet,6296884e0c05b7b0066135b3c834d7eda7c4d4778f5d939a47f803ab8922b9ff,62106,62168,62106,0.0,True
4,16,group,CNN,rotation,googlenet,c34f3b52caa2f79284b951c6ef08eb55eb52f9bbb382cda3c80408a47d0f60b9,62106,62168,61931,-0.281776317908089,True
4,16,group,CNN,rotation,googlenet,e62e5fcd11abc04eb7462b95f1962a18f08e7cbf9cf832c34da93311c5ab66d7,62106,62168,62134,0.04508421086528713,True
4,16,group,CNN,rotation,googlenet,ebc1fa08bca5c803f8e77cd4b9843479f56096a7cd22a001f93b81ab6ce6fc59,62106,62168,61930,-0.2833864682961429,True
4,16,group,CNN,rotation,googlenet,86a90d07f1fbaf3aee2de48c40380d6d1f2df4577c8793db944f2c8784df0600,62106,62168,61938,-0.2705052651917672,True
4,16,group,CNN,rotation,resnet101,8287c53e81ddeee4add4290bdfa9983e7df644d6781de199cc0a9f91e49357e8,261395,261656,261395,0.0,True
4,16,group,CNN,rotation,resnet101,9d53497accb3bae0d7264d23593f13ff2936fd114b05326681ca7c7bce982df6,261395,261656,261650,0.09755351096998321,True
4,16,group,CNN,rotation,densenet,18033229fb0f8313085ad833ac5e29804953f799d0aa7cb0aaaa7e860ef313d5,96246,96342,96246,0.0,True
4,16,group,CNN,rotation,densenet,33ce132a75e11916306a02d56270ab36ee6435d3e95de821b73e63dfbe5d8c6a,96246,96342,96274,0.029092118113993592,True
4,16,group,CNN,rotation,densenet,080afd17d2160bd4d3d357a8cac9f8a1e80193a047e78b7a7465a40f015c6025,96246,96342,96317,0.07376929950335676,True
4,16,group,CNN,rotation,inception_resnet_v1,eaca0e2bde933808a0b7a96ed3fdd2307e5610431311fd3b5ef885f95b95e149,227352,227579,227352,0.0,True
4,16,group,CNN,rotation,inception_resnet_v1,3499394c0aa6a2a8fad3f0ee0533fef5033660cb16ace435a646d2991fad0020,227352,227579,227457,0.04618389105879306,True
4,16,group,CNN,rotation,pnasnet,a8ff260f8c5ee76541d8a416f95c96ea9723d1c3e557ad1a148e0951f64358ab,1287329,1288616,1287329,0.0,True
4,16,group,CNN,rotation,pnasnet,7b67dd96c7c562d8168c2cedeca7eff85605ddc9b192ca8cbbd488d33e29c4a2,1287329,1288616,1287328,-7.768022005638642e-05,True
4,16,group,CNN,rotation,pnasnet,5d1a11eee03c4d7ca84c46026644c8aa5b6ab224a878ca9507bb92f12a8d1ab3,1287329,1288616,1287975,0.050181422153938726,True
4,16,group,CNN,rotation,resnext50,bb04939f71bc129c33fee456f89be97bdedb1a8c8f83dae38d729d9179a2c242,74988,75062,74988,0.0,True
4,16,group,CNN,rotation,resnext50,db096f639f15dfdc03fb3a0a6d99f1e3aad6e179fe0ae500015fe8d5d101c504,74988,75062,75050,0.08267989544994414,True
4,16,group,CNN,rotation,resnet152,7d9b2593a321bf5410ae09091406dfbb7d34e9fe1d93846a730956533b370903,388262,388650,388262,0.0,True
4,16,group,CNN,rotation,resnet152,4f10ebc0484721b1474d88ef9dcad16cb7d9254067c21c4ad6063b7bba6fbb7f,388262,388650,388262,0.0,True
4,16,group,CNN,reflection,darknet19,21e34405f1327da6ca3241a2a8f4849df21b61a891f069bc0db1ac09106ae625,90892,90982,90892,0.0,True
4,16,group,CNN,reflection,darknet19,f4deb65b11da9e73355ac97d3bbb9ee9d1a756638f4c3ecefdbd541424891c94,90892,90982,90892,0.0,True
4,16,group,CNN,reflection,darknet19,ef4b0c4e83ef3c1178da6ecfd4135a7cc558b22226dfea2c40470ac648f8177f,90892,90982,90892,0.0,True
4,16,group,CNN,reflection,darknet19,70af9b17570d1054ed78cfae4db332c869a3c30e1b3baba2dddd0a00000a1d48,90892,90982,90892,0.0,True
4,16,group,CNN,reflection,vgg19,85a8ed9ffeb3acf58dccdd33608104b85e849c5f421588a50a83076f94fac171,599221,599820,599221,0.0,True
4,16,group,CNN,reflection,resnet50,80a5fc87f502ff7eac8dc5bf4d6336e5e7197dcd75b85fc8a3429f1a7beee88a,132399,132531,132399,0.0,True
4,16,group,CNN,reflection,resnet50,b5ee67cf0382ea403429a1eea102a77b0e421c6b81f4342eb50537bbe5a02fd9,132399,132531,132526,0.09592217463878505,True
4,16,group,CNN,reflection,googlenet,6296884e0c05b7b0066135b3c834d7eda7c4d4778f5d939a47f803ab8922b9ff,62106,62168,62106,0.0,True
4,16,group,CNN,reflection,googlenet,c34f3b52caa2f79284b951c6ef08eb55eb52f9bbb382cda3c80408a47d0f60b9,62106,62168,61931,-0.281776317908089,True
4,16,group,CNN,reflection,googlenet,e62e5fcd11abc04eb7462b95f1962a18f08e7cbf9cf832c34da93311c5ab66d7,62106,62168,62134,0.04508421086528713,True
4,16,group,CNN,reflection,googlenet,ebc1fa08bca5c803f8e77cd4b9843479f56096a7cd22a001f93b81ab6ce6fc59,62106,62168,61930,-0.2833864682961429,True
4,16,group,CNN,reflection,googlenet,86a90d07f1fbaf3aee2de48c40380d6d1f2df4577c8793db944f2c8784df0600,62106,62168,61938,-0.2705052651917672,True
4,16,group,CNN,reflection,resnet101,8287c53e81ddeee4add4290bdfa9983e7df644d6781de199cc0a9f91e49357e8,261395,261656,261395,0.0,True
4,16,group,CNN,reflection,resnet101,9d53497accb3bae0d7264d23593f13ff2936fd114b05326681ca7c7bce982df6,261395,261656,261650,0.09755351096998321,True
4,16,group,CNN,reflection,densenet,18033229fb0f8313085ad833ac5e29804953f799d0aa7cb0aaaa7e860ef313d5,96246,96342,96246,0.0,True
4,16,group,CNN,reflection,densenet,33ce132a75e11916306a02d56270ab36ee6435d3e95de821b73e63dfbe5d8c6a,96246,96342,96274,0.029092118113993592,True
4,16,group,CNN,reflection,densenet,080afd17d2160bd4d3d357a8cac9f8a1e80193a047e78b7a7465a40f015c6025,96246,96342,96317,0.07376929950335676,True
4,16,group,CNN,reflection,inception_resnet_v1,eaca0e2bde933808a0b7a96ed3fdd2307e5610431311fd3b5ef885f95b95e149,227352,227579,227352,0.0,True
4,16,group,CNN,reflection,inception_resnet_v1,3499394c0aa6a2a8fad3f0ee0533fef5033660cb16ace435a646d2991fad0020,227352,227579,227457,0.04618389105879306,True
4,16,group,CNN,reflection,pnasnet,a8ff260f8c5ee76541d8a416f95c96ea9723d1c3e557ad1a148e0951f64358ab,1287329,1288616,1287329,0.0,True
4,16,group,CNN,reflection,pnasnet,7b67dd96c7c562d8168c2cedeca7eff85605ddc9b192ca8cbbd488d33e29c4a2,1287329,1288616,1287328,-7.768022005638642e-05,True
4,16,group,CNN,reflection,pnasnet,5d1a11eee03c4d7ca84c46026644c8aa5b6ab224a878ca9507bb92f12a8d1ab3,1287329,1288616,1287975,0.050181422153938726,True
4,16,group,CNN,reflection,resnext50,bb04939f71bc129c33fee456f89be97bdedb1a8c8f83dae38d729d9179a2c242,74988,75062,74988,0.0,True
4,16,group,CNN,reflection,resnext50,db096f639f15dfdc03fb3a0a6d99f1e3aad6e179fe0ae500015fe8d5d101c504,74988,75062,75050,0.08267989544994414,True
4,16,group,CNN,reflection,resnet152,7d9b2593a321bf5410ae09091406dfbb7d34e9fe1d93846a730956533b370903,388262,388650,388262,0.0,True
4,16,group,CNN,reflection,resnet152,4f10ebc0484721b1474d88ef9dcad16cb7d9254067c21c4ad6063b7bba6fbb7f,388262,388650,388262,0.0,True
4,16,group,RNN,rotation,gnmt,240ccdee87857d838edc4e8946d6250f234bdf65ded7a1552312909ede0c3757,29324,29353,29324,0.0,True
4,16,group,RNN,rotation,gnmt,870b4a1e1e9f4590198b6420041115c8f6ba07cc38a53b4df1b66c9b22827e55,29324,29353,27424,-6.479334333651621,True
4,16,group,RNN,rotation,gnmt,9bb3868f759bbe5a808ca0c16551dc6bcc5c10ed090846130f5af07347c08523,29324,29353,29318,-0.02046105579047719,True
4,16,group,RNN,rotation,gnmt,cf19f7bb79f922f4b1a719d121fab8a30eb755c235f3b333f030984491c7be37,29324,29353,27792,-5.224389578502253,True
4,16,group,RNN,rotation,gnmt,ef737ecd75a30930b17896d6066f37da2f281b5dd7a635a0005489f2dc27a9e5,29324,29353,29339,0.051152639476192974,True
4,16,group,RNN,rotation,lstm,ba777a444b91329ee18b92bebeaec3f358777e552c519c698f40fa2a760ff2f0,29337,29366,29337,0.0,True
4,16,group,RNN,rotation,lstm,4b5fe2c9b4260d8cb4fe89e8002c8bb133c6abee196831c7fd36f87600b64014,29337,29366,27424,-6.520775812114399,True
4,16,group,RNN,rotation,lstm,b38293c03b19f97b6606b29b094f6639817c60a6a86ce10ee3da7e26a584a306,29337,29366,27963,-4.683505470907045,True
4,16,group,RNN,rotation,lstm,66d8231d55849ac3f1f3b646b0a7727960af78d14ab9da594db4fb7b217863f2,29337,29366,27756,-5.389099089886495,True
4,16,group,RNN,rotation,lstm,678dd5469fcf3f21258f2d8468b0434e81da0f9a5e830aa06b95def85819edfb,29337,29366,28616,-2.4576473395371057,True
4,16,group,RNN,reflection,gnmt,240ccdee87857d838edc4e8946d6250f234bdf65ded7a1552312909ede0c3757,29324,29353,29324,0.0,True
4,16,group,RNN,reflection,gnmt,870b4a1e1e9f4590198b6420041115c8f6ba07cc38a53b4df1b66c9b22827e55,29324,29353,27424,-6.479334333651621,True
4,16,group,RNN,reflection,gnmt,9bb3868f759bbe5a808ca0c16551dc6bcc5c10ed090846130f5af07347c08523,29324,29353,29320,-0.013640703860318126,True
4,16,group,RNN,reflection,gnmt,cf19f7bb79f922f4b1a719d121fab8a30eb755c235f3b333f030984491c7be37,29324,29353,27792,-5.224389578502253,True
4,16,group,RNN,reflection,gnmt,ef737ecd75a30930b17896d6066f37da2f281b5dd7a635a0005489f2dc27a9e5,29324,29353,29341,0.05797299140635204,True
4,16,group,RNN,reflection,lstm,ba777a444b91329ee18b92bebeaec3f358777e552c519c698f40fa2a760ff2f0,29337,29366,29337,0.0,True
4,16,group,RNN,reflection,lstm,4b5fe2c9b4260d8cb4fe89e8002c8bb133c6abee196831c7fd36f87600b64014,29337,29366,27424,-6.520775812114399,True
4,16,group,RNN,reflection,lstm,b38293c03b19f97b6606b29b094f6639817c60a6a86ce10ee3da7e26a584a306,29337,29366,27963,-4.683505470907045,True
4,16,group,RNN,reflection,lstm,66d8231d55849ac3f1f3b646b0a7727960af78d14ab9da594db4fb7b217863f2,29337,29366,27724,-5.4981763643180965,True
4,16,group,RNN,reflection,lstm,678dd5469fcf3f21258f2d8468b0434e81da0f9a5e830aa06b95def85819edfb,29337,29366,28616,-2.4576473395371057,True
4,16,group,Transformer,rotation,transformer,8202683b9075f0e86312fd1266f510ece0c6d759764d94ad28f1e4988e6e2862,898048,898946,898048,0.0,True
4,16,group,Transformer,rotation,transformer,c241d00d8fd3ae7f8a0ca8bd5c591634fb002d93c1e8937471ae8c1b9528b6c8,898048,898946,898048,0.0,True
4,16,group,Transformer,rotation,transformer,1447347ee0bf9056e453e59167fd1dac5510936e4c4c892a740bda411bc65634,898048,898946,898048,0.0,True
4,16,group,Transformer,rotation,transformer_cell,c7f9638f1387eb5f887737db794a58a8a7c60d7d5561e50fb46c0610ebc5431a,156928,157084,156928,0.0,True
4,16,group,Transformer,rotation,transformer_cell,a142cd8f7d90ebdf4c6e325e191c194762d22d1250c22d5911dbabc822720308,156928,157084,156928,0.0,True
4,16,group,Transformer,rotation,bert_block,068ad9fcccb8a0d78b4dc670065ffea7b06ae6b93ae09b87697655845ca4a17d,169984,170153,169984,0.0,True
4,16,group,Transformer,rotation,bert_block,e1c8f51351e802f55dbe57d937bf17a13f1bf6b576410b7ac3e2a60eadad5703,169984,170153,169984,0.0,True
4,16,group,Transformer,rotation,gpt_prefill_block,fdf59d1760eec3e158d583b38e800fc76be11b2330c8e850891063b351398134,323200,323523,323200,0.0,True
4,16,group,Transformer,rotation,gpt_prefill_block,f55fee1d568f9afc2e135409cf6c7a952718daf2ec3321fb94caa4fe3369e69c,323200,323523,323268,0.021039603960404385,True
4,16,group,Transformer,rotation,gpt_prefill_block,a359bb21e3213314400bea1be6fef08602eb59313dfdae37b4e05a4b42abbc80,323200,323523,323200,0.0,True
4,16,group,Transformer,rotation,gpt_prefill_block,bbce0aec73799b9ed3230b9b910c12f14c95becf2786e0d227ad1f3e1a4a1400,323200,323523,323268,0.021039603960404385,True
4,16,group,Transformer,rotation,gpt_decode_block,8ee12bfbee37f7f8d1a12defd7159a8a50a8ede2c4193c7b248f98bd6b2cb975,11258,11269,10554,-6.253330964647363,True
4,16,group,Transformer,rotation,gpt_decode_block,953d3737a572e8a8ca9b17b1f0b3151aed493a058920a58b603b016a036c0e9a,11258,11269,11150,-0.9593178184402196,True
4,16,group,Transformer,rotation,gpt_decode_block,2d66556c57fd2822a45cb18eb6349e65f562c2d010b268e1418ec2bb9defc28b,11258,11269,11219,-0.34642032332563577,True
4,16,group,Transformer,rotation,gpt_decode_block,68e72f0246b403f2e49a17f732e765a1b669d2b21821acb1fe933f4a01097b91,11258,11269,11051,-1.8386924853437514,True
4,16,group,Transformer,rotation,gpt_decode_block,f1ad4990835946b1ebd795e460f87b70f2df54073dbb80ba8e2c86dc17cf9441,11258,11269,11263,0.04441286196481542,True
4,16,group,Transformer,reflection,transformer,8202683b9075f0e86312fd1266f510ece0c6d759764d94ad28f1e4988e6e2862,898048,898946,898048,0.0,True
4,16,group,Transformer,reflection,transformer,c241d00d8fd3ae7f8a0ca8bd5c591634fb002d93c1e8937471ae8c1b9528b6c8,898048,898946,898048,0.0,True
4,16,group,Transformer,reflection,transformer,1447347ee0bf9056e453e59167fd1dac5510936e4c4c892a740bda411bc65634,898048,898946,898048,0.0,True
4,16,group,Transformer,reflection,transformer_cell,c7f9638f1387eb5f887737db794a58a8a7c60d7d5561e50fb46c0610ebc5431a,156928,157084,156928,0.0,True
4,16,group,Transformer,reflection,transformer_cell,a142cd8f7d90ebdf4c6e325e191c194762d22d1250c22d5911dbabc822720308,156928,157084,156928,0.0,True
4,16,group,Transformer,reflection,bert_block,068ad9fcccb8a0d78b4dc670065ffea7b06ae6b93ae09b87697655845ca4a17d,169984,170153,169984,0.0,True
4,16,group,Transformer,reflection,bert_block,e1c8f51351e802f55dbe57d937bf17a13f1bf6b576410b7ac3e2a60eadad5703,169984,170153,169984,0.0,True
4,16,group,Transformer,reflection,gpt_prefill_block,fdf59d1760eec3e158d583b38e800fc76be11b2330c8e850891063b351398134,323200,323523,323200,0.0,True
4,16,group,Transformer,reflection,gpt_prefill_block,f55fee1d568f9afc2e135409cf6c7a952718daf2ec3321fb94caa4fe3369e69c,323200,323523,323268,0.021039603960404385,True
4,16,group,Transformer,reflection,gpt_prefill_block,a359bb21e3213314400bea1be6fef08602eb59313dfdae37b4e05a4b42abbc80,323200,323523,323200,0.0,True
4,16,group,Transformer,reflection,gpt_prefill_block,bbce0aec73799b9ed3230b9b910c12f14c95becf2786e0d227ad1f3e1a4a1400,323200,323523,323268,0.021039603960404385,True
4,16,group,Transformer,reflection,gpt_decode_block,8ee12bfbee37f7f8d1a12defd7159a8a50a8ede2c4193c7b248f98bd6b2cb975,11258,11269,10554,-6.253330964647363,True
4,16,group,Transformer,reflection,gpt_decode_block,953d3737a572e8a8ca9b17b1f0b3151aed493a058920a58b603b016a036c0e9a,11258,11269,11150,-0.9593178184402196,True
4,16,group,Transformer,reflection,gpt_decode_block,2d66556c57fd2822a45cb18eb6349e65f562c2d010b268e1418ec2bb9defc28b,11258,11269,11219,-0.34642032332563577,True
4,16,group,Transformer,reflection,gpt_decode_block,68e72f0246b403f2e49a17f732e765a1b669d2b21821acb1fe933f4a01097b91,11258,11269,11051,-1.8386924853437514,True
4,16,group,Transformer,reflection,gpt_decode_block,f1ad4990835946b1ebd795e460f87b70f2df54073dbb80ba8e2c86dc17cf9441,11258,11269,11263,0.04441286196481542,True
4,16,all,ALL17,rotation,darknet19,21e34405f1327da6ca3241a2a8f4849df21b61a891f069bc0db1ac09106ae625,90892,90982,90892,0.0,True
4,16,all,ALL17,rotation,darknet19,f4deb65b11da9e73355ac97d3bbb9ee9d1a756638f4c3ecefdbd541424891c94,90892,90982,90892,0.0,True
4,16,all,ALL17,rotation,darknet19,ef4b0c4e83ef3c1178da6ecfd4135a7cc558b22226dfea2c40470ac648f8177f,90892,90982,90892,0.0,True
4,16,all,ALL17,rotation,darknet19,70af9b17570d1054ed78cfae4db332c869a3c30e1b3baba2dddd0a00000a1d48,90892,90982,90892,0.0,True
4,16,all,ALL17,rotation,vgg19,85a8ed9ffeb3acf58dccdd33608104b85e849c5f421588a50a83076f94fac171,599221,599820,599221,0.0,True
4,16,all,ALL17,rotation,resnet50,80a5fc87f502ff7eac8dc5bf4d6336e5e7197dcd75b85fc8a3429f1a7beee88a,132399,132531,132399,0.0,True
4,16,all,ALL17,rotation,resnet50,b5ee67cf0382ea403429a1eea102a77b0e421c6b81f4342eb50537bbe5a02fd9,132399,132531,132526,0.09592217463878505,True
4,16,all,ALL17,rotation,googlenet,6296884e0c05b7b0066135b3c834d7eda7c4d4778f5d939a47f803ab8922b9ff,62106,62168,62106,0.0,True
4,16,all,ALL17,rotation,googlenet,c34f3b52caa2f79284b951c6ef08eb55eb52f9bbb382cda3c80408a47d0f60b9,62106,62168,61931,-0.281776317908089,True
4,16,all,ALL17,rotation,googlenet,e62e5fcd11abc04eb7462b95f1962a18f08e7cbf9cf832c34da93311c5ab66d7,62106,62168,62134,0.04508421086528713,True
4,16,all,ALL17,rotation,googlenet,ebc1fa08bca5c803f8e77cd4b9843479f56096a7cd22a001f93b81ab6ce6fc59,62106,62168,61930,-0.2833864682961429,True
4,16,all,ALL17,rotation,googlenet,86a90d07f1fbaf3aee2de48c40380d6d1f2df4577c8793db944f2c8784df0600,62106,62168,61938,-0.2705052651917672,True
4,16,all,ALL17,rotation,resnet101,8287c53e81ddeee4add4290bdfa9983e7df644d6781de199cc0a9f91e49357e8,261395,261656,261395,0.0,True
4,16,all,ALL17,rotation,resnet101,9d53497accb3bae0d7264d23593f13ff2936fd114b05326681ca7c7bce982df6,261395,261656,261650,0.09755351096998321,True
4,16,all,ALL17,rotation,densenet,18033229fb0f8313085ad833ac5e29804953f799d0aa7cb0aaaa7e860ef313d5,96246,96342,96246,0.0,True
4,16,all,ALL17,rotation,densenet,33ce132a75e11916306a02d56270ab36ee6435d3e95de821b73e63dfbe5d8c6a,96246,96342,96274,0.029092118113993592,True
4,16,all,ALL17,rotation,densenet,080afd17d2160bd4d3d357a8cac9f8a1e80193a047e78b7a7465a40f015c6025,96246,96342,96317,0.07376929950335676,True
4,16,all,ALL17,rotation,inception_resnet_v1,eaca0e2bde933808a0b7a96ed3fdd2307e5610431311fd3b5ef885f95b95e149,227352,227579,227352,0.0,True
4,16,all,ALL17,rotation,inception_resnet_v1,3499394c0aa6a2a8fad3f0ee0533fef5033660cb16ace435a646d2991fad0020,227352,227579,227457,0.04618389105879306,True
4,16,all,ALL17,rotation,gnmt,240ccdee87857d838edc4e8946d6250f234bdf65ded7a1552312909ede0c3757,29324,29353,29324,0.0,True
4,16,all,ALL17,rotation,gnmt,870b4a1e1e9f4590198b6420041115c8f6ba07cc38a53b4df1b66c9b22827e55,29324,29353,27424,-6.479334333651621,True
4,16,all,ALL17,rotation,gnmt,9bb3868f759bbe5a808ca0c16551dc6bcc5c10ed090846130f5af07347c08523,29324,29353,29318,-0.02046105579047719,True
4,16,all,ALL17,rotation,gnmt,cf19f7bb79f922f4b1a719d121fab8a30eb755c235f3b333f030984491c7be37,29324,29353,27792,-5.224389578502253,True
4,16,all,ALL17,rotation,gnmt,ef737ecd75a30930b17896d6066f37da2f281b5dd7a635a0005489f2dc27a9e5,29324,29353,29339,0.051152639476192974,True
4,16,all,ALL17,rotation,lstm,ba777a444b91329ee18b92bebeaec3f358777e552c519c698f40fa2a760ff2f0,29337,29366,29337,0.0,True
4,16,all,ALL17,rotation,lstm,4b5fe2c9b4260d8cb4fe89e8002c8bb133c6abee196831c7fd36f87600b64014,29337,29366,27424,-6.520775812114399,True
4,16,all,ALL17,rotation,lstm,b38293c03b19f97b6606b29b094f6639817c60a6a86ce10ee3da7e26a584a306,29337,29366,27963,-4.683505470907045,True
4,16,all,ALL17,rotation,lstm,66d8231d55849ac3f1f3b646b0a7727960af78d14ab9da594db4fb7b217863f2,29337,29366,27756,-5.389099089886495,True
4,16,all,ALL17,rotation,lstm,678dd5469fcf3f21258f2d8468b0434e81da0f9a5e830aa06b95def85819edfb,29337,29366,28616,-2.4576473395371057,True
4,16,all,ALL17,rotation,transformer,8202683b9075f0e86312fd1266f510ece0c6d759764d94ad28f1e4988e6e2862,898048,898946,898048,0.0,True
4,16,all,ALL17,rotation,transformer,c241d00d8fd3ae7f8a0ca8bd5c591634fb002d93c1e8937471ae8c1b9528b6c8,898048,898946,898048,0.0,True
4,16,all,ALL17,rotation,transformer,1447347ee0bf9056e453e59167fd1dac5510936e4c4c892a740bda411bc65634,898048,898946,898048,0.0,True
4,16,all,ALL17,rotation,transformer_cell,c7f9638f1387eb5f887737db794a58a8a7c60d7d5561e50fb46c0610ebc5431a,156928,157084,156928,0.0,True
4,16,all,ALL17,rotation,transformer_cell,a142cd8f7d90ebdf4c6e325e191c194762d22d1250c22d5911dbabc822720308,156928,157084,156928,0.0,True
4,16,all,ALL17,rotation,pnasnet,a8ff260f8c5ee76541d8a416f95c96ea9723d1c3e557ad1a148e0951f64358ab,1287329,1288616,1287329,0.0,True
4,16,all,ALL17,rotation,pnasnet,7b67dd96c7c562d8168c2cedeca7eff85605ddc9b192ca8cbbd488d33e29c4a2,1287329,1288616,1287328,-7.768022005638642e-05,True
4,16,all,ALL17,rotation,pnasnet,5d1a11eee03c4d7ca84c46026644c8aa5b6ab224a878ca9507bb92f12a8d1ab3,1287329,1288616,1287975,0.050181422153938726,True
4,16,all,ALL17,rotation,resnext50,bb04939f71bc129c33fee456f89be97bdedb1a8c8f83dae38d729d9179a2c242,74988,75062,74988,0.0,True
4,16,all,ALL17,rotation,resnext50,db096f639f15dfdc03fb3a0a6d99f1e3aad6e179fe0ae500015fe8d5d101c504,74988,75062,75050,0.08267989544994414,True
4,16,all,ALL17,rotation,resnet152,7d9b2593a321bf5410ae09091406dfbb7d34e9fe1d93846a730956533b370903,388262,388650,388262,0.0,True
4,16,all,ALL17,rotation,resnet152,4f10ebc0484721b1474d88ef9dcad16cb7d9254067c21c4ad6063b7bba6fbb7f,388262,388650,388262,0.0,True
4,16,all,ALL17,rotation,bert_block,068ad9fcccb8a0d78b4dc670065ffea7b06ae6b93ae09b87697655845ca4a17d,169984,170153,169984,0.0,True
4,16,all,ALL17,rotation,bert_block,e1c8f51351e802f55dbe57d937bf17a13f1bf6b576410b7ac3e2a60eadad5703,169984,170153,169984,0.0,True
4,16,all,ALL17,rotation,gpt_prefill_block,fdf59d1760eec3e158d583b38e800fc76be11b2330c8e850891063b351398134,323200,323523,323200,0.0,True
4,16,all,ALL17,rotation,gpt_prefill_block,f55fee1d568f9afc2e135409cf6c7a952718daf2ec3321fb94caa4fe3369e69c,323200,323523,323268,0.021039603960404385,True
4,16,all,ALL17,rotation,gpt_prefill_block,a359bb21e3213314400bea1be6fef08602eb59313dfdae37b4e05a4b42abbc80,323200,323523,323200,0.0,True
4,16,all,ALL17,rotation,gpt_prefill_block,bbce0aec73799b9ed3230b9b910c12f14c95becf2786e0d227ad1f3e1a4a1400,323200,323523,323268,0.021039603960404385,True
4,16,all,ALL17,rotation,gpt_decode_block,8ee12bfbee37f7f8d1a12defd7159a8a50a8ede2c4193c7b248f98bd6b2cb975,11258,11269,9972,-11.422988097352993,True
4,16,all,ALL17,rotation,gpt_decode_block,953d3737a572e8a8ca9b17b1f0b3151aed493a058920a58b603b016a036c0e9a,11258,11269,10842,-3.6951501154734445,True
4,16,all,ALL17,rotation,gpt_decode_block,2d66556c57fd2822a45cb18eb6349e65f562c2d010b268e1418ec2bb9defc28b,11258,11269,10920,-3.002309468822173,True
4,16,all,ALL17,rotation,gpt_decode_block,68e72f0246b403f2e49a17f732e765a1b669d2b21821acb1fe933f4a01097b91,11258,11269,10379,-7.807781133416237,True
4,16,all,ALL17,rotation,gpt_decode_block,f1ad4990835946b1ebd795e460f87b70f2df54073dbb80ba8e2c86dc17cf9441,11258,11269,11132,-1.119204121513595,True
4,16,all,ALL17,reflection,darknet19,21e34405f1327da6ca3241a2a8f4849df21b61a891f069bc0db1ac09106ae625,90892,90982,90892,0.0,True
4,16,all,ALL17,reflection,darknet19,f4deb65b11da9e73355ac97d3bbb9ee9d1a756638f4c3ecefdbd541424891c94,90892,90982,90892,0.0,True
4,16,all,ALL17,reflection,darknet19,ef4b0c4e83ef3c1178da6ecfd4135a7cc558b22226dfea2c40470ac648f8177f,90892,90982,90892,0.0,True
4,16,all,ALL17,reflection,darknet19,70af9b17570d1054ed78cfae4db332c869a3c30e1b3baba2dddd0a00000a1d48,90892,90982,90892,0.0,True
4,16,all,ALL17,reflection,vgg19,85a8ed9ffeb3acf58dccdd33608104b85e849c5f421588a50a83076f94fac171,599221,599820,599221,0.0,True
4,16,all,ALL17,reflection,resnet50,80a5fc87f502ff7eac8dc5bf4d6336e5e7197dcd75b85fc8a3429f1a7beee88a,132399,132531,132399,0.0,True
4,16,all,ALL17,reflection,resnet50,b5ee67cf0382ea403429a1eea102a77b0e421c6b81f4342eb50537bbe5a02fd9,132399,132531,132526,0.09592217463878505,True
4,16,all,ALL17,reflection,googlenet,6296884e0c05b7b0066135b3c834d7eda7c4d4778f5d939a47f803ab8922b9ff,62106,62168,62126,0.03220300776092255,True
4,16,all,ALL17,reflection,googlenet,c34f3b52caa2f79284b951c6ef08eb55eb52f9bbb382cda3c80408a47d0f60b9,62106,62168,61948,-0.25440376131130593,True
4,16,all,ALL17,reflection,googlenet,e62e5fcd11abc04eb7462b95f1962a18f08e7cbf9cf832c34da93311c5ab66d7,62106,62168,62140,0.05474511319356612,True
4,16,all,ALL17,reflection,googlenet,ebc1fa08bca5c803f8e77cd4b9843479f56096a7cd22a001f93b81ab6ce6fc59,62106,62168,61935,-0.2753357163559067,True
4,16,all,ALL17,reflection,googlenet,86a90d07f1fbaf3aee2de48c40380d6d1f2df4577c8793db944f2c8784df0600,62106,62168,61942,-0.2640646636395849,True
4,16,all,ALL17,reflection,resnet101,8287c53e81ddeee4add4290bdfa9983e7df644d6781de199cc0a9f91e49357e8,261395,261656,261395,0.0,True
4,16,all,ALL17,reflection,resnet101,9d53497accb3bae0d7264d23593f13ff2936fd114b05326681ca7c7bce982df6,261395,261656,261650,0.09755351096998321,True
4,16,all,ALL17,reflection,densenet,18033229fb0f8313085ad833ac5e29804953f799d0aa7cb0aaaa7e860ef313d5,96246,96342,96246,0.0,True
4,16,all,ALL17,reflection,densenet,33ce132a75e11916306a02d56270ab36ee6435d3e95de821b73e63dfbe5d8c6a,96246,96342,96274,0.029092118113993592,True
4,16,all,ALL17,reflection,densenet,080afd17d2160bd4d3d357a8cac9f8a1e80193a047e78b7a7465a40f015c6025,96246,96342,96317,0.07376929950335676,True
4,16,all,ALL17,reflection,inception_resnet_v1,eaca0e2bde933808a0b7a96ed3fdd2307e5610431311fd3b5ef885f95b95e149,227352,227579,227352,0.0,True
4,16,all,ALL17,reflection,inception_resnet_v1,3499394c0aa6a2a8fad3f0ee0533fef5033660cb16ace435a646d2991fad0020,227352,227579,227457,0.04618389105879306,True
4,16,all,ALL17,reflection,gnmt,240ccdee87857d838edc4e8946d6250f234bdf65ded7a1552312909ede0c3757,29324,29353,29324,0.0,True
4,16,all,ALL17,reflection,gnmt,870b4a1e1e9f4590198b6420041115c8f6ba07cc38a53b4df1b66c9b22827e55,29324,29353,27424,-6.479334333651621,True
4,16,all,ALL17,reflection,gnmt,9bb3868f759bbe5a808ca0c16551dc6bcc5c10ed090846130f5af07347c08523,29324,29353,29320,-0.013640703860318126,True
4,16,all,ALL17,reflection,gnmt,cf19f7bb79f922f4b1a719d121fab8a30eb755c235f3b333f030984491c7be37,29324,29353,27792,-5.224389578502253,True
4,16,all,ALL17,reflection,gnmt,ef737ecd75a30930b17896d6066f37da2f281b5dd7a635a0005489f2dc27a9e5,29324,29353,29341,0.05797299140635204,True
4,16,all,ALL17,reflection,lstm,ba777a444b91329ee18b92bebeaec3f358777e552c519c698f40fa2a760ff2f0,29337,29366,29337,0.0,True
4,16,all,ALL17,reflection,lstm,4b5fe2c9b4260d8cb4fe89e8002c8bb133c6abee196831c7fd36f87600b64014,29337,29366,27424,-6.520775812114399,True
4,16,all,ALL17,reflection,lstm,b38293c03b19f97b6606b29b094f6639817c60a6a86ce10ee3da7e26a584a306,29337,29366,27963,-4.683505470907045,True
4,16,all,ALL17,reflection,lstm,66d8231d55849ac3f1f3b646b0a7727960af78d14ab9da594db4fb7b217863f2,29337,29366,27724,-5.4981763643180965,True
4,16,all,ALL17,reflection,lstm,678dd5469fcf3f21258f2d8468b0434e81da0f9a5e830aa06b95def85819edfb,29337,29366,28616,-2.4576473395371057,True
4,16,all,ALL17,reflection,transformer,8202683b9075f0e86312fd1266f510ece0c6d759764d94ad28f1e4988e6e2862,898048,898946,898048,0.0,True
4,16,all,ALL17,reflection,transformer,c241d00d8fd3ae7f8a0ca8bd5c591634fb002d93c1e8937471ae8c1b9528b6c8,898048,898946,898048,0.0,True
4,16,all,ALL17,reflection,transformer,1447347ee0bf9056e453e59167fd1dac5510936e4c4c892a740bda411bc65634,898048,898946,898048,0.0,True
4,16,all,ALL17,reflection,transformer_cell,c7f9638f1387eb5f887737db794a58a8a7c60d7d5561e50fb46c0610ebc5431a,156928,157084,156928,0.0,True
4,16,all,ALL17,reflection,transformer_cell,a142cd8f7d90ebdf4c6e325e191c194762d22d1250c22d5911dbabc822720308,156928,157084,156928,0.0,True
4,16,all,ALL17,reflection,pnasnet,a8ff260f8c5ee76541d8a416f95c96ea9723d1c3e557ad1a148e0951f64358ab,1287329,1288616,1287610,0.021828141834756565,True
4,16,all,ALL17,reflection,pnasnet,7b67dd96c7c562d8168c2cedeca7eff85605ddc9b192ca8cbbd488d33e29c4a2,1287329,1288616,1287609,0.02175046161470018,True
4,16,all,ALL17,reflection,pnasnet,5d1a11eee03c4d7ca84c46026644c8aa5b6ab224a878ca9507bb92f12a8d1ab3,1287329,1288616,1288108,0.06051289142092742,True
4,16,all,ALL17,reflection,resnext50,bb04939f71bc129c33fee456f89be97bdedb1a8c8f83dae38d729d9179a2c242,74988,75062,74988,0.0,True
4,16,all,ALL17,reflection,resnext50,db096f639f15dfdc03fb3a0a6d99f1e3aad6e179fe0ae500015fe8d5d101c504,74988,75062,75050,0.08267989544994414,True
4,16,all,ALL17,reflection,resnet152,7d9b2593a321bf5410ae09091406dfbb7d34e9fe1d93846a730956533b370903,388262,388650,388262,0.0,True
4,16,all,ALL17,reflection,resnet152,4f10ebc0484721b1474d88ef9dcad16cb7d9254067c21c4ad6063b7bba6fbb7f,388262,388650,388262,0.0,True
4,16,all,ALL17,reflection,bert_block,068ad9fcccb8a0d78b4dc670065ffea7b06ae6b93ae09b87697655845ca4a17d,169984,170153,169984,0.0,True
4,16,all,ALL17,reflection,bert_block,e1c8f51351e802f55dbe57d937bf17a13f1bf6b576410b7ac3e2a60eadad5703,169984,170153,169984,0.0,True
4,16,all,ALL17,reflection,gpt_prefill_block,fdf59d1760eec3e158d583b38e800fc76be11b2330c8e850891063b351398134,323200,323523,323200,0.0,True
4,16,all,ALL17,reflection,gpt_prefill_block,f55fee1d568f9afc2e135409cf6c7a952718daf2ec3321fb94caa4fe3369e69c,323200,323523,323268,0.021039603960404385,True
4,16,all,ALL17,reflection,gpt_prefill_block,a359bb21e3213314400bea1be6fef08602eb59313dfdae37b4e05a4b42abbc80,323200,323523,323200,0.0,True
4,16,all,ALL17,reflection,gpt_prefill_block,bbce0aec73799b9ed3230b9b910c12f14c95becf2786e0d227ad1f3e1a4a1400,323200,323523,323268,0.021039603960404385,True
4,16,all,ALL17,reflection,gpt_decode_block,8ee12bfbee37f7f8d1a12defd7159a8a50a8ede2c4193c7b248f98bd6b2cb975,11258,11269,10061,-10.632439154379103,True
4,16,all,ALL17,reflection,gpt_decode_block,953d3737a572e8a8ca9b17b1f0b3151aed493a058920a58b603b016a036c0e9a,11258,11269,10984,-2.4338248356724157,True
4,16,all,ALL17,reflection,gpt_decode_block,2d66556c57fd2822a45cb18eb6349e65f562c2d010b268e1418ec2bb9defc28b,11258,11269,11038,-1.9541659264523004,True
4,16,all,ALL17,reflection,gpt_decode_block,68e72f0246b403f2e49a17f732e765a1b669d2b21821acb1fe933f4a01097b91,11258,11269,10532,-6.448747557292589,True
4,16,all,ALL17,reflection,gpt_decode_block,f1ad4990835946b1ebd795e460f87b70f2df54073dbb80ba8e2c86dc17cf9441,11258,11269,11132,-1.119204121513595,True
8,1,workload,darknet19,rotation,darknet19,bca08b9bc6f921b8ea9c4b2794a5845ee2baee0b2f9f66143493c99799a1ef0c,697560,698257,697560,0.0,True
8,1,workload,darknet19,reflection,darknet19,bca08b9bc6f921b8ea9c4b2794a5845ee2baee0b2f9f66143493c99799a1ef0c,697560,698257,697560,0.0,True
8,1,workload,vgg19,rotation,vgg19,dde3d2607189a21e65d9574f8a5b6f47bce0c61a556658dc857c7a6931e6ebbe,4793768,4798561,4793768,0.0,True
8,1,workload,vgg19,reflection,vgg19,dde3d2607189a21e65d9574f8a5b6f47bce0c61a556658dc857c7a6931e6ebbe,4793768,4798561,4793768,0.0,True
8,1,workload,resnet50,rotation,resnet50,732aa97d2fae79f0e604252942af6d2fe95affe3ca7af8ee0d9ff836aab48718,1002568,1003570,1002568,0.0,True
8,1,workload,resnet50,rotation,resnet50,efa6bedfa100547b3ebc8d2bc5104349251208f8f4de150cdaa36664480d5235,1002568,1003570,1002808,0.023938525865574434,True
8,1,workload,resnet50,rotation,resnet50,1ad766083a52037263f80dcf7cfcf6918db2e901d3dc710a3a2a8c30d79cbb45,1002568,1003570,1003464,0.08937049656481122,True
8,1,workload,resnet50,reflection,resnet50,732aa97d2fae79f0e604252942af6d2fe95affe3ca7af8ee0d9ff836aab48718,1002568,1003570,1002568,0.0,True
8,1,workload,resnet50,reflection,resnet50,efa6bedfa100547b3ebc8d2bc5104349251208f8f4de150cdaa36664480d5235,1002568,1003570,1002808,0.023938525865574434,True
8,1,workload,resnet50,reflection,resnet50,1ad766083a52037263f80dcf7cfcf6918db2e901d3dc710a3a2a8c30d79cbb45,1002568,1003570,1003464,0.08937049656481122,True
8,1,workload,googlenet,rotation,googlenet,26b262e3c0f21665674a59b8be64da275a9bd7fa3e87b2a55c636921ae06d39c,456859,457315,456859,0.0,True
8,1,workload,googlenet,rotation,googlenet,ffe369130bb648c4c119c71e6afae9eeba8128cac72105e1df1fb969952b0475,456859,457315,457188,0.07201346586145352,True
8,1,workload,googlenet,reflection,googlenet,26b262e3c0f21665674a59b8be64da275a9bd7fa3e87b2a55c636921ae06d39c,456859,457315,456859,0.0,True
8,1,workload,googlenet,reflection,googlenet,ffe369130bb648c4c119c71e6afae9eeba8128cac72105e1df1fb969952b0475,456859,457315,457188,0.07201346586145352,True
8,1,workload,resnet101,rotation,resnet101,ee7e5e09d2ce3f42cf21abc4e472e33e940adeaffda4a016e2d5f132ce5aad6d,1935528,1937463,1935528,0.0,True
8,1,workload,resnet101,rotation,resnet101,be33df7189b8b0c17156fed3fcbca25f0c24c39d71ccd74581204bb2ba01cbfc,1935528,1937463,1937320,0.09258455573879498,True
8,1,workload,resnet101,reflection,resnet101,ee7e5e09d2ce3f42cf21abc4e472e33e940adeaffda4a016e2d5f132ce5aad6d,1935528,1937463,1935528,0.0,True
8,1,workload,resnet101,reflection,resnet101,be33df7189b8b0c17156fed3fcbca25f0c24c39d71ccd74581204bb2ba01cbfc,1935528,1937463,1937320,0.09258455573879498,True
8,1,workload,densenet,rotation,densenet,e599689258c785a1c3aaf70a05f8ff033f925cb1d050a7843ee0603697763efd,721476,722197,721476,0.0,True
8,1,workload,densenet,rotation,densenet,a1652de2ecfb454092af324ddddeaff99fa6adc9ad27f001541f24b5fee3ca23,721476,722197,721868,0.05433306166802154,True
8,1,workload,densenet,rotation,densenet,134eb13102816e2dd37d43da75fbd0fe437b21166b7020d3cad02eba917157b8,721476,722197,722120,0.08926145845460365,True
8,1,workload,densenet,reflection,densenet,e599689258c785a1c3aaf70a05f8ff033f925cb1d050a7843ee0603697763efd,721476,722197,721476,0.0,True
8,1,workload,densenet,reflection,densenet,a1652de2ecfb454092af324ddddeaff99fa6adc9ad27f001541f24b5fee3ca23,721476,722197,721868,0.05433306166802154,True
8,1,workload,densenet,reflection,densenet,134eb13102816e2dd37d43da75fbd0fe437b21166b7020d3cad02eba917157b8,721476,722197,722120,0.08926145845460365,True
8,1,workload,inception_resnet_v1,rotation,inception_resnet_v1,14d56f9085e51a59736b39640a2041c72435dbf875c162b01a22a005413c90a2,1607136,1608743,1607136,0.0,True
8,1,workload,inception_resnet_v1,rotation,inception_resnet_v1,c255969fa11979b957867bcf394a37cc020a9a07e1fc5438dca40ba95ff859a7,1607136,1608743,1608088,0.05923580829501063,True
8,1,workload,inception_resnet_v1,reflection,inception_resnet_v1,14d56f9085e51a59736b39640a2041c72435dbf875c162b01a22a005413c90a2,1607136,1608743,1607136,0.0,True
8,1,workload,inception_resnet_v1,reflection,inception_resnet_v1,c255969fa11979b957867bcf394a37cc020a9a07e1fc5438dca40ba95ff859a7,1607136,1608743,1608088,0.05923580829501063,True
8,1,workload,gnmt,rotation,gnmt,62407045e5392f9ab30ec72c32de3c9494f1695ea04bc778cdb4e44fd07aaf60,31864,31895,31864,0.0,True
8,1,workload,gnmt,rotation,gnmt,837d8f5eed17bcf0d60c292a8de4916043d001e4ceb5f2d74c58995c6b87c4d8,31864,31895,31866,0.006276675872451953,True
8,1,workload,gnmt,reflection,gnmt,62407045e5392f9ab30ec72c32de3c9494f1695ea04bc778cdb4e44fd07aaf60,31864,31895,31864,0.0,True
8,1,workload,gnmt,reflection,gnmt,837d8f5eed17bcf0d60c292a8de4916043d001e4ceb5f2d74c58995c6b87c4d8,31864,31895,31866,0.006276675872451953,True
8,1,workload,lstm,rotation,lstm,b0b6e67e2a0c81c893267ed271d852054bd211d8108d3abab66624280b6bb046,31800,31831,31800,0.0,True
8,1,workload,lstm,rotation,lstm,10f36675240e23524449fe9c440dbc3cfa07d58e11709d20720b5fbf67278e44,31800,31831,31802,0.006289308176099517,True
8,1,workload,lstm,rotation,lstm,ec87c20b8c11b2d7f33f0116346d1616e35395d58ee541267590b58623414eed,31800,31831,31803,0.009433962264160378,True
8,1,workload,lstm,reflection,lstm,b0b6e67e2a0c81c893267ed271d852054bd211d8108d3abab66624280b6bb046,31800,31831,31800,0.0,True
8,1,workload,lstm,reflection,lstm,10f36675240e23524449fe9c440dbc3cfa07d58e11709d20720b5fbf67278e44,31800,31831,31802,0.006289308176099517,True
8,1,workload,lstm,reflection,lstm,ec87c20b8c11b2d7f33f0116346d1616e35395d58ee541267590b58623414eed,31800,31831,31803,0.009433962264160378,True
8,1,workload,transformer,rotation,transformer,e47fefa6347d1775f336e61687cb4a307dd8b26f0f56821621dc4ee1c657a06f,6998016,7005014,6998016,0.0,True
8,1,workload,transformer,reflection,transformer,e47fefa6347d1775f336e61687cb4a307dd8b26f0f56821621dc4ee1c657a06f,6998016,7005014,6998016,0.0,True
8,1,workload,transformer_cell,rotation,transformer_cell,3f7626e916bda519ee2db32318459639e1e9a99d2b6729c83435eb759346b9d9,1222656,1223878,1222656,0.0,True
8,1,workload,transformer_cell,rotation,transformer_cell,8b1d2a53376ecee6833a91dfe947fbfc7fe5ccf6f9f91f96c03212639e257e90,1222656,1223878,1223848,0.0974926716917901,True
8,1,workload,transformer_cell,reflection,transformer_cell,3f7626e916bda519ee2db32318459639e1e9a99d2b6729c83435eb759346b9d9,1222656,1223878,1222656,0.0,True
8,1,workload,transformer_cell,reflection,transformer_cell,8b1d2a53376ecee6833a91dfe947fbfc7fe5ccf6f9f91f96c03212639e257e90,1222656,1223878,1223848,0.0974926716917901,True
8,1,workload,pnasnet,rotation,pnasnet,26287c6b162c21ded72eee03f5c89be0850cfc60c49a24f1c2a426f0b27b1950,9277801,9287078,9277801,0.0,True
8,1,workload,pnasnet,rotation,pnasnet,9735c5c0a437b487a6e8368621e54bc7af8ab4315c98de9442be6066c479f1cf,9277801,9287078,9284346,0.0705447336065923,True
8,1,workload,pnasnet,rotation,pnasnet,ea71fb8a063603d31bc8fa8c5e2c83493e4886fc7567bdef650be7ac6c7521ae,9277801,9287078,9285739,0.08555906728329177,True
8,1,workload,pnasnet,rotation,pnasnet,141ce6f8c60e32d1793a117a27415bc28bc7aa14a58127a98b02d6784fe0661e,9277801,9287078,9286684,0.09574467053130586,True
8,1,workload,pnasnet,reflection,pnasnet,26287c6b162c21ded72eee03f5c89be0850cfc60c49a24f1c2a426f0b27b1950,9277801,9287078,9277801,0.0,True
8,1,workload,pnasnet,reflection,pnasnet,9735c5c0a437b487a6e8368621e54bc7af8ab4315c98de9442be6066c479f1cf,9277801,9287078,9284346,0.0705447336065923,True
8,1,workload,pnasnet,reflection,pnasnet,ea71fb8a063603d31bc8fa8c5e2c83493e4886fc7567bdef650be7ac6c7521ae,9277801,9287078,9285739,0.08555906728329177,True
8,1,workload,pnasnet,reflection,pnasnet,141ce6f8c60e32d1793a117a27415bc28bc7aa14a58127a98b02d6784fe0661e,9277801,9287078,9286684,0.09574467053130586,True
8,1,workload,resnext50,rotation,resnext50,c9de949d8ed80e03d19caf61c7eccdcfd43067b63bdc545d394cce51f7c9dae3,578560,579138,578560,0.0,True
8,1,workload,resnext50,rotation,resnext50,39492d338f7d4369abc9f3423fa25fe53fa3dd215cb7ff8144c8f7b3371017eb,578560,579138,578812,0.04355641592921344,True
8,1,workload,resnext50,reflection,resnext50,c9de949d8ed80e03d19caf61c7eccdcfd43067b63bdc545d394cce51f7c9dae3,578560,579138,578560,0.0,True
8,1,workload,resnext50,reflection,resnext50,39492d338f7d4369abc9f3423fa25fe53fa3dd215cb7ff8144c8f7b3371017eb,578560,579138,578812,0.04355641592921344,True
8,1,workload,resnet152,rotation,resnet152,c51f774b2295057c8b9f8adee3d42219c65ba624cf0a45e0b440a1740d76e13d,2874760,2877634,2875264,0.017531898314993022,True
8,1,workload,resnet152,rotation,resnet152,42e554d97fad17f986745343e9f459cea7f13303d251ffe2fcb8b8fc2407f050,2874760,2877634,2877280,0.0876594915749429,True
8,1,workload,resnet152,reflection,resnet152,c51f774b2295057c8b9f8adee3d42219c65ba624cf0a45e0b440a1740d76e13d,2874760,2877634,2875264,0.017531898314993022,True
8,1,workload,resnet152,reflection,resnet152,42e554d97fad17f986745343e9f459cea7f13303d251ffe2fcb8b8fc2407f050,2874760,2877634,2877280,0.0876594915749429,True
8,1,workload,bert_block,rotation,bert_block,77befa0c23b038ec8ff01595c6d250210e22294a6fc61b2b6d93ba9a6e0869ae,1339392,1340731,1339392,0.0,True
8,1,workload,bert_block,reflection,bert_block,77befa0c23b038ec8ff01595c6d250210e22294a6fc61b2b6d93ba9a6e0869ae,1339392,1340731,1339392,0.0,True
8,1,workload,gpt_prefill_block,rotation,gpt_prefill_block,313ac5eb72be8dc00804987889956207e4d3fbb3f17ad4b66a47c04e38657a1d,2553600,2556153,2553600,0.0,True
8,1,workload,gpt_prefill_block,reflection,gpt_prefill_block,313ac5eb72be8dc00804987889956207e4d3fbb3f17ad4b66a47c04e38657a1d,2553600,2556153,2553600,0.0,True
8,1,workload,gpt_decode_block,rotation,gpt_decode_block,f59b0284ac6c634ba5a37875b880fbc80928b173f1decec27ced97ef700ff3b7,17623,17640,17631,0.0453952221528775,True
8,1,workload,gpt_decode_block,reflection,gpt_decode_block,f59b0284ac6c634ba5a37875b880fbc80928b173f1decec27ced97ef700ff3b7,17623,17640,17631,0.0453952221528775,True
8,1,group,CNN,rotation,darknet19,bca08b9bc6f921b8ea9c4b2794a5845ee2baee0b2f9f66143493c99799a1ef0c,697560,698257,697560,0.0,True
8,1,group,CNN,rotation,vgg19,dde3d2607189a21e65d9574f8a5b6f47bce0c61a556658dc857c7a6931e6ebbe,4793768,4798561,4793768,0.0,True
8,1,group,CNN,rotation,resnet50,732aa97d2fae79f0e604252942af6d2fe95affe3ca7af8ee0d9ff836aab48718,1002568,1003570,1002568,0.0,True
8,1,group,CNN,rotation,resnet50,efa6bedfa100547b3ebc8d2bc5104349251208f8f4de150cdaa36664480d5235,1002568,1003570,1002808,0.023938525865574434,True
8,1,group,CNN,rotation,resnet50,1ad766083a52037263f80dcf7cfcf6918db2e901d3dc710a3a2a8c30d79cbb45,1002568,1003570,1003464,0.08937049656481122,True
8,1,group,CNN,rotation,googlenet,26b262e3c0f21665674a59b8be64da275a9bd7fa3e87b2a55c636921ae06d39c,456859,457315,456859,0.0,True
8,1,group,CNN,rotation,googlenet,ffe369130bb648c4c119c71e6afae9eeba8128cac72105e1df1fb969952b0475,456859,457315,457188,0.07201346586145352,True
8,1,group,CNN,rotation,resnet101,ee7e5e09d2ce3f42cf21abc4e472e33e940adeaffda4a016e2d5f132ce5aad6d,1935528,1937463,1935528,0.0,True
8,1,group,CNN,rotation,resnet101,be33df7189b8b0c17156fed3fcbca25f0c24c39d71ccd74581204bb2ba01cbfc,1935528,1937463,1937320,0.09258455573879498,True
8,1,group,CNN,rotation,densenet,e599689258c785a1c3aaf70a05f8ff033f925cb1d050a7843ee0603697763efd,721476,722197,721476,0.0,True
8,1,group,CNN,rotation,densenet,a1652de2ecfb454092af324ddddeaff99fa6adc9ad27f001541f24b5fee3ca23,721476,722197,721868,0.05433306166802154,True
8,1,group,CNN,rotation,densenet,134eb13102816e2dd37d43da75fbd0fe437b21166b7020d3cad02eba917157b8,721476,722197,722120,0.08926145845460365,True
8,1,group,CNN,rotation,inception_resnet_v1,14d56f9085e51a59736b39640a2041c72435dbf875c162b01a22a005413c90a2,1607136,1608743,1607136,0.0,True
8,1,group,CNN,rotation,inception_resnet_v1,c255969fa11979b957867bcf394a37cc020a9a07e1fc5438dca40ba95ff859a7,1607136,1608743,1608088,0.05923580829501063,True
8,1,group,CNN,rotation,pnasnet,26287c6b162c21ded72eee03f5c89be0850cfc60c49a24f1c2a426f0b27b1950,9277801,9287078,9277801,0.0,True
8,1,group,CNN,rotation,pnasnet,9735c5c0a437b487a6e8368621e54bc7af8ab4315c98de9442be6066c479f1cf,9277801,9287078,9284346,0.0705447336065923,True
8,1,group,CNN,rotation,pnasnet,ea71fb8a063603d31bc8fa8c5e2c83493e4886fc7567bdef650be7ac6c7521ae,9277801,9287078,9285739,0.08555906728329177,True
8,1,group,CNN,rotation,pnasnet,141ce6f8c60e32d1793a117a27415bc28bc7aa14a58127a98b02d6784fe0661e,9277801,9287078,9286684,0.09574467053130586,True
8,1,group,CNN,rotation,resnext50,c9de949d8ed80e03d19caf61c7eccdcfd43067b63bdc545d394cce51f7c9dae3,578560,579138,578560,0.0,True
8,1,group,CNN,rotation,resnext50,39492d338f7d4369abc9f3423fa25fe53fa3dd215cb7ff8144c8f7b3371017eb,578560,579138,578812,0.04355641592921344,True
8,1,group,CNN,rotation,resnet152,c51f774b2295057c8b9f8adee3d42219c65ba624cf0a45e0b440a1740d76e13d,2874760,2877634,2874760,0.0,True
8,1,group,CNN,rotation,resnet152,42e554d97fad17f986745343e9f459cea7f13303d251ffe2fcb8b8fc2407f050,2874760,2877634,2876776,0.07012759325994988,True
8,1,group,CNN,reflection,darknet19,bca08b9bc6f921b8ea9c4b2794a5845ee2baee0b2f9f66143493c99799a1ef0c,697560,698257,697560,0.0,True
8,1,group,CNN,reflection,vgg19,dde3d2607189a21e65d9574f8a5b6f47bce0c61a556658dc857c7a6931e6ebbe,4793768,4798561,4793768,0.0,True
8,1,group,CNN,reflection,resnet50,732aa97d2fae79f0e604252942af6d2fe95affe3ca7af8ee0d9ff836aab48718,1002568,1003570,1002568,0.0,True
8,1,group,CNN,reflection,resnet50,efa6bedfa100547b3ebc8d2bc5104349251208f8f4de150cdaa36664480d5235,1002568,1003570,1002808,0.023938525865574434,True
8,1,group,CNN,reflection,resnet50,1ad766083a52037263f80dcf7cfcf6918db2e901d3dc710a3a2a8c30d79cbb45,1002568,1003570,1003464,0.08937049656481122,True
8,1,group,CNN,reflection,googlenet,26b262e3c0f21665674a59b8be64da275a9bd7fa3e87b2a55c636921ae06d39c,456859,457315,456859,0.0,True
8,1,group,CNN,reflection,googlenet,ffe369130bb648c4c119c71e6afae9eeba8128cac72105e1df1fb969952b0475,456859,457315,457188,0.07201346586145352,True
8,1,group,CNN,reflection,resnet101,ee7e5e09d2ce3f42cf21abc4e472e33e940adeaffda4a016e2d5f132ce5aad6d,1935528,1937463,1935528,0.0,True
8,1,group,CNN,reflection,resnet101,be33df7189b8b0c17156fed3fcbca25f0c24c39d71ccd74581204bb2ba01cbfc,1935528,1937463,1937320,0.09258455573879498,True
8,1,group,CNN,reflection,densenet,e599689258c785a1c3aaf70a05f8ff033f925cb1d050a7843ee0603697763efd,721476,722197,721476,0.0,True
8,1,group,CNN,reflection,densenet,a1652de2ecfb454092af324ddddeaff99fa6adc9ad27f001541f24b5fee3ca23,721476,722197,721868,0.05433306166802154,True
8,1,group,CNN,reflection,densenet,134eb13102816e2dd37d43da75fbd0fe437b21166b7020d3cad02eba917157b8,721476,722197,722120,0.08926145845460365,True
8,1,group,CNN,reflection,inception_resnet_v1,14d56f9085e51a59736b39640a2041c72435dbf875c162b01a22a005413c90a2,1607136,1608743,1607136,0.0,True
8,1,group,CNN,reflection,inception_resnet_v1,c255969fa11979b957867bcf394a37cc020a9a07e1fc5438dca40ba95ff859a7,1607136,1608743,1608088,0.05923580829501063,True
8,1,group,CNN,reflection,pnasnet,26287c6b162c21ded72eee03f5c89be0850cfc60c49a24f1c2a426f0b27b1950,9277801,9287078,9277801,0.0,True
8,1,group,CNN,reflection,pnasnet,9735c5c0a437b487a6e8368621e54bc7af8ab4315c98de9442be6066c479f1cf,9277801,9287078,9284346,0.0705447336065923,True
8,1,group,CNN,reflection,pnasnet,ea71fb8a063603d31bc8fa8c5e2c83493e4886fc7567bdef650be7ac6c7521ae,9277801,9287078,9285739,0.08555906728329177,True
8,1,group,CNN,reflection,pnasnet,141ce6f8c60e32d1793a117a27415bc28bc7aa14a58127a98b02d6784fe0661e,9277801,9287078,9286684,0.09574467053130586,True
8,1,group,CNN,reflection,resnext50,c9de949d8ed80e03d19caf61c7eccdcfd43067b63bdc545d394cce51f7c9dae3,578560,579138,578560,0.0,True
8,1,group,CNN,reflection,resnext50,39492d338f7d4369abc9f3423fa25fe53fa3dd215cb7ff8144c8f7b3371017eb,578560,579138,578812,0.04355641592921344,True
8,1,group,CNN,reflection,resnet152,c51f774b2295057c8b9f8adee3d42219c65ba624cf0a45e0b440a1740d76e13d,2874760,2877634,2874760,0.0,True
8,1,group,CNN,reflection,resnet152,42e554d97fad17f986745343e9f459cea7f13303d251ffe2fcb8b8fc2407f050,2874760,2877634,2876776,0.07012759325994988,True
8,1,group,RNN,rotation,gnmt,62407045e5392f9ab30ec72c32de3c9494f1695ea04bc778cdb4e44fd07aaf60,31864,31895,31864,0.0,True
8,1,group,RNN,rotation,gnmt,837d8f5eed17bcf0d60c292a8de4916043d001e4ceb5f2d74c58995c6b87c4d8,31864,31895,31866,0.006276675872451953,True
8,1,group,RNN,rotation,lstm,b0b6e67e2a0c81c893267ed271d852054bd211d8108d3abab66624280b6bb046,31800,31831,31800,0.0,True
8,1,group,RNN,rotation,lstm,10f36675240e23524449fe9c440dbc3cfa07d58e11709d20720b5fbf67278e44,31800,31831,31802,0.006289308176099517,True
8,1,group,RNN,rotation,lstm,ec87c20b8c11b2d7f33f0116346d1616e35395d58ee541267590b58623414eed,31800,31831,31803,0.009433962264160378,True
8,1,group,RNN,reflection,gnmt,62407045e5392f9ab30ec72c32de3c9494f1695ea04bc778cdb4e44fd07aaf60,31864,31895,31864,0.0,True
8,1,group,RNN,reflection,gnmt,837d8f5eed17bcf0d60c292a8de4916043d001e4ceb5f2d74c58995c6b87c4d8,31864,31895,31866,0.006276675872451953,True
8,1,group,RNN,reflection,lstm,b0b6e67e2a0c81c893267ed271d852054bd211d8108d3abab66624280b6bb046,31800,31831,31800,0.0,True
8,1,group,RNN,reflection,lstm,10f36675240e23524449fe9c440dbc3cfa07d58e11709d20720b5fbf67278e44,31800,31831,31802,0.006289308176099517,True
8,1,group,RNN,reflection,lstm,ec87c20b8c11b2d7f33f0116346d1616e35395d58ee541267590b58623414eed,31800,31831,31803,0.009433962264160378,True
8,1,group,Transformer,rotation,transformer,e47fefa6347d1775f336e61687cb4a307dd8b26f0f56821621dc4ee1c657a06f,6998016,7005014,6998016,0.0,True
8,1,group,Transformer,rotation,transformer_cell,3f7626e916bda519ee2db32318459639e1e9a99d2b6729c83435eb759346b9d9,1222656,1223878,1222656,0.0,True
8,1,group,Transformer,rotation,transformer_cell,8b1d2a53376ecee6833a91dfe947fbfc7fe5ccf6f9f91f96c03212639e257e90,1222656,1223878,1223848,0.0974926716917901,True
8,1,group,Transformer,rotation,bert_block,77befa0c23b038ec8ff01595c6d250210e22294a6fc61b2b6d93ba9a6e0869ae,1339392,1340731,1339392,0.0,True
8,1,group,Transformer,rotation,gpt_prefill_block,313ac5eb72be8dc00804987889956207e4d3fbb3f17ad4b66a47c04e38657a1d,2553600,2556153,2553600,0.0,True
8,1,group,Transformer,rotation,gpt_decode_block,f59b0284ac6c634ba5a37875b880fbc80928b173f1decec27ced97ef700ff3b7,17623,17640,17631,0.0453952221528775,True
8,1,group,Transformer,reflection,transformer,e47fefa6347d1775f336e61687cb4a307dd8b26f0f56821621dc4ee1c657a06f,6998016,7005014,6998016,0.0,True
8,1,group,Transformer,reflection,transformer_cell,3f7626e916bda519ee2db32318459639e1e9a99d2b6729c83435eb759346b9d9,1222656,1223878,1222656,0.0,True
8,1,group,Transformer,reflection,transformer_cell,8b1d2a53376ecee6833a91dfe947fbfc7fe5ccf6f9f91f96c03212639e257e90,1222656,1223878,1223848,0.0974926716917901,True
8,1,group,Transformer,reflection,bert_block,77befa0c23b038ec8ff01595c6d250210e22294a6fc61b2b6d93ba9a6e0869ae,1339392,1340731,1339392,0.0,True
8,1,group,Transformer,reflection,gpt_prefill_block,313ac5eb72be8dc00804987889956207e4d3fbb3f17ad4b66a47c04e38657a1d,2553600,2556153,2553600,0.0,True
8,1,group,Transformer,reflection,gpt_decode_block,f59b0284ac6c634ba5a37875b880fbc80928b173f1decec27ced97ef700ff3b7,17623,17640,17631,0.0453952221528775,True
8,1,all,ALL17,rotation,darknet19,bca08b9bc6f921b8ea9c4b2794a5845ee2baee0b2f9f66143493c99799a1ef0c,697560,698257,697560,0.0,True
8,1,all,ALL17,rotation,vgg19,dde3d2607189a21e65d9574f8a5b6f47bce0c61a556658dc857c7a6931e6ebbe,4793768,4798561,4793768,0.0,True
8,1,all,ALL17,rotation,resnet50,732aa97d2fae79f0e604252942af6d2fe95affe3ca7af8ee0d9ff836aab48718,1002568,1003570,1002568,0.0,True
8,1,all,ALL17,rotation,resnet50,efa6bedfa100547b3ebc8d2bc5104349251208f8f4de150cdaa36664480d5235,1002568,1003570,1002808,0.023938525865574434,True
8,1,all,ALL17,rotation,resnet50,1ad766083a52037263f80dcf7cfcf6918db2e901d3dc710a3a2a8c30d79cbb45,1002568,1003570,1003464,0.08937049656481122,True
8,1,all,ALL17,rotation,googlenet,26b262e3c0f21665674a59b8be64da275a9bd7fa3e87b2a55c636921ae06d39c,456859,457315,456859,0.0,True
8,1,all,ALL17,rotation,googlenet,ffe369130bb648c4c119c71e6afae9eeba8128cac72105e1df1fb969952b0475,456859,457315,457188,0.07201346586145352,True
8,1,all,ALL17,rotation,resnet101,ee7e5e09d2ce3f42cf21abc4e472e33e940adeaffda4a016e2d5f132ce5aad6d,1935528,1937463,1935528,0.0,True
8,1,all,ALL17,rotation,resnet101,be33df7189b8b0c17156fed3fcbca25f0c24c39d71ccd74581204bb2ba01cbfc,1935528,1937463,1937320,0.09258455573879498,True
8,1,all,ALL17,rotation,densenet,e599689258c785a1c3aaf70a05f8ff033f925cb1d050a7843ee0603697763efd,721476,722197,721476,0.0,True
8,1,all,ALL17,rotation,densenet,a1652de2ecfb454092af324ddddeaff99fa6adc9ad27f001541f24b5fee3ca23,721476,722197,721868,0.05433306166802154,True
8,1,all,ALL17,rotation,densenet,134eb13102816e2dd37d43da75fbd0fe437b21166b7020d3cad02eba917157b8,721476,722197,722120,0.08926145845460365,True
8,1,all,ALL17,rotation,inception_resnet_v1,14d56f9085e51a59736b39640a2041c72435dbf875c162b01a22a005413c90a2,1607136,1608743,1607136,0.0,True
8,1,all,ALL17,rotation,inception_resnet_v1,c255969fa11979b957867bcf394a37cc020a9a07e1fc5438dca40ba95ff859a7,1607136,1608743,1608088,0.05923580829501063,True
8,1,all,ALL17,rotation,gnmt,62407045e5392f9ab30ec72c32de3c9494f1695ea04bc778cdb4e44fd07aaf60,31864,31895,31864,0.0,True
8,1,all,ALL17,rotation,gnmt,837d8f5eed17bcf0d60c292a8de4916043d001e4ceb5f2d74c58995c6b87c4d8,31864,31895,31866,0.006276675872451953,True
8,1,all,ALL17,rotation,lstm,b0b6e67e2a0c81c893267ed271d852054bd211d8108d3abab66624280b6bb046,31800,31831,31800,0.0,True
8,1,all,ALL17,rotation,lstm,10f36675240e23524449fe9c440dbc3cfa07d58e11709d20720b5fbf67278e44,31800,31831,31802,0.006289308176099517,True
8,1,all,ALL17,rotation,lstm,ec87c20b8c11b2d7f33f0116346d1616e35395d58ee541267590b58623414eed,31800,31831,31803,0.009433962264160378,True
8,1,all,ALL17,rotation,transformer,e47fefa6347d1775f336e61687cb4a307dd8b26f0f56821621dc4ee1c657a06f,6998016,7005014,6998016,0.0,True
8,1,all,ALL17,rotation,transformer_cell,3f7626e916bda519ee2db32318459639e1e9a99d2b6729c83435eb759346b9d9,1222656,1223878,1222656,0.0,True
8,1,all,ALL17,rotation,transformer_cell,8b1d2a53376ecee6833a91dfe947fbfc7fe5ccf6f9f91f96c03212639e257e90,1222656,1223878,1223848,0.0974926716917901,True
8,1,all,ALL17,rotation,pnasnet,26287c6b162c21ded72eee03f5c89be0850cfc60c49a24f1c2a426f0b27b1950,9277801,9287078,9277801,0.0,True
8,1,all,ALL17,rotation,pnasnet,9735c5c0a437b487a6e8368621e54bc7af8ab4315c98de9442be6066c479f1cf,9277801,9287078,9284346,0.0705447336065923,True
8,1,all,ALL17,rotation,pnasnet,ea71fb8a063603d31bc8fa8c5e2c83493e4886fc7567bdef650be7ac6c7521ae,9277801,9287078,9285739,0.08555906728329177,True
8,1,all,ALL17,rotation,pnasnet,141ce6f8c60e32d1793a117a27415bc28bc7aa14a58127a98b02d6784fe0661e,9277801,9287078,9286684,0.09574467053130586,True
8,1,all,ALL17,rotation,resnext50,c9de949d8ed80e03d19caf61c7eccdcfd43067b63bdc545d394cce51f7c9dae3,578560,579138,578560,0.0,True
8,1,all,ALL17,rotation,resnext50,39492d338f7d4369abc9f3423fa25fe53fa3dd215cb7ff8144c8f7b3371017eb,578560,579138,578812,0.04355641592921344,True
8,1,all,ALL17,rotation,resnet152,c51f774b2295057c8b9f8adee3d42219c65ba624cf0a45e0b440a1740d76e13d,2874760,2877634,2874760,0.0,True
8,1,all,ALL17,rotation,resnet152,42e554d97fad17f986745343e9f459cea7f13303d251ffe2fcb8b8fc2407f050,2874760,2877634,2876776,0.07012759325994988,True
8,1,all,ALL17,rotation,bert_block,77befa0c23b038ec8ff01595c6d250210e22294a6fc61b2b6d93ba9a6e0869ae,1339392,1340731,1339392,0.0,True
8,1,all,ALL17,rotation,gpt_prefill_block,313ac5eb72be8dc00804987889956207e4d3fbb3f17ad4b66a47c04e38657a1d,2553600,2556153,2553600,0.0,True
8,1,all,ALL17,rotation,gpt_decode_block,f59b0284ac6c634ba5a37875b880fbc80928b173f1decec27ced97ef700ff3b7,17623,17640,17631,0.0453952221528775,True
8,1,all,ALL17,reflection,darknet19,bca08b9bc6f921b8ea9c4b2794a5845ee2baee0b2f9f66143493c99799a1ef0c,697560,698257,697560,0.0,True
8,1,all,ALL17,reflection,vgg19,dde3d2607189a21e65d9574f8a5b6f47bce0c61a556658dc857c7a6931e6ebbe,4793768,4798561,4793768,0.0,True
8,1,all,ALL17,reflection,resnet50,732aa97d2fae79f0e604252942af6d2fe95affe3ca7af8ee0d9ff836aab48718,1002568,1003570,1002568,0.0,True
8,1,all,ALL17,reflection,resnet50,efa6bedfa100547b3ebc8d2bc5104349251208f8f4de150cdaa36664480d5235,1002568,1003570,1002808,0.023938525865574434,True
8,1,all,ALL17,reflection,resnet50,1ad766083a52037263f80dcf7cfcf6918db2e901d3dc710a3a2a8c30d79cbb45,1002568,1003570,1003464,0.08937049656481122,True
8,1,all,ALL17,reflection,googlenet,26b262e3c0f21665674a59b8be64da275a9bd7fa3e87b2a55c636921ae06d39c,456859,457315,456859,0.0,True
8,1,all,ALL17,reflection,googlenet,ffe369130bb648c4c119c71e6afae9eeba8128cac72105e1df1fb969952b0475,456859,457315,457188,0.07201346586145352,True
8,1,all,ALL17,reflection,resnet101,ee7e5e09d2ce3f42cf21abc4e472e33e940adeaffda4a016e2d5f132ce5aad6d,1935528,1937463,1935528,0.0,True
8,1,all,ALL17,reflection,resnet101,be33df7189b8b0c17156fed3fcbca25f0c24c39d71ccd74581204bb2ba01cbfc,1935528,1937463,1937320,0.09258455573879498,True
8,1,all,ALL17,reflection,densenet,e599689258c785a1c3aaf70a05f8ff033f925cb1d050a7843ee0603697763efd,721476,722197,721476,0.0,True
8,1,all,ALL17,reflection,densenet,a1652de2ecfb454092af324ddddeaff99fa6adc9ad27f001541f24b5fee3ca23,721476,722197,721868,0.05433306166802154,True
8,1,all,ALL17,reflection,densenet,134eb13102816e2dd37d43da75fbd0fe437b21166b7020d3cad02eba917157b8,721476,722197,722120,0.08926145845460365,True
8,1,all,ALL17,reflection,inception_resnet_v1,14d56f9085e51a59736b39640a2041c72435dbf875c162b01a22a005413c90a2,1607136,1608743,1607136,0.0,True
8,1,all,ALL17,reflection,inception_resnet_v1,c255969fa11979b957867bcf394a37cc020a9a07e1fc5438dca40ba95ff859a7,1607136,1608743,1608088,0.05923580829501063,True
8,1,all,ALL17,reflection,gnmt,62407045e5392f9ab30ec72c32de3c9494f1695ea04bc778cdb4e44fd07aaf60,31864,31895,31864,0.0,True
8,1,all,ALL17,reflection,gnmt,837d8f5eed17bcf0d60c292a8de4916043d001e4ceb5f2d74c58995c6b87c4d8,31864,31895,31866,0.006276675872451953,True
8,1,all,ALL17,reflection,lstm,b0b6e67e2a0c81c893267ed271d852054bd211d8108d3abab66624280b6bb046,31800,31831,31800,0.0,True
8,1,all,ALL17,reflection,lstm,10f36675240e23524449fe9c440dbc3cfa07d58e11709d20720b5fbf67278e44,31800,31831,31802,0.006289308176099517,True
8,1,all,ALL17,reflection,lstm,ec87c20b8c11b2d7f33f0116346d1616e35395d58ee541267590b58623414eed,31800,31831,31803,0.009433962264160378,True
8,1,all,ALL17,reflection,transformer,e47fefa6347d1775f336e61687cb4a307dd8b26f0f56821621dc4ee1c657a06f,6998016,7005014,6998016,0.0,True
8,1,all,ALL17,reflection,transformer_cell,3f7626e916bda519ee2db32318459639e1e9a99d2b6729c83435eb759346b9d9,1222656,1223878,1222656,0.0,True
8,1,all,ALL17,reflection,transformer_cell,8b1d2a53376ecee6833a91dfe947fbfc7fe5ccf6f9f91f96c03212639e257e90,1222656,1223878,1223848,0.0974926716917901,True
8,1,all,ALL17,reflection,pnasnet,26287c6b162c21ded72eee03f5c89be0850cfc60c49a24f1c2a426f0b27b1950,9277801,9287078,9277801,0.0,True
8,1,all,ALL17,reflection,pnasnet,9735c5c0a437b487a6e8368621e54bc7af8ab4315c98de9442be6066c479f1cf,9277801,9287078,9284346,0.0705447336065923,True
8,1,all,ALL17,reflection,pnasnet,ea71fb8a063603d31bc8fa8c5e2c83493e4886fc7567bdef650be7ac6c7521ae,9277801,9287078,9285739,0.08555906728329177,True
8,1,all,ALL17,reflection,pnasnet,141ce6f8c60e32d1793a117a27415bc28bc7aa14a58127a98b02d6784fe0661e,9277801,9287078,9286684,0.09574467053130586,True
8,1,all,ALL17,reflection,resnext50,c9de949d8ed80e03d19caf61c7eccdcfd43067b63bdc545d394cce51f7c9dae3,578560,579138,578560,0.0,True
8,1,all,ALL17,reflection,resnext50,39492d338f7d4369abc9f3423fa25fe53fa3dd215cb7ff8144c8f7b3371017eb,578560,579138,578812,0.04355641592921344,True
8,1,all,ALL17,reflection,resnet152,c51f774b2295057c8b9f8adee3d42219c65ba624cf0a45e0b440a1740d76e13d,2874760,2877634,2874760,0.0,True
8,1,all,ALL17,reflection,resnet152,42e554d97fad17f986745343e9f459cea7f13303d251ffe2fcb8b8fc2407f050,2874760,2877634,2876776,0.07012759325994988,True
8,1,all,ALL17,reflection,bert_block,77befa0c23b038ec8ff01595c6d250210e22294a6fc61b2b6d93ba9a6e0869ae,1339392,1340731,1339392,0.0,True
8,1,all,ALL17,reflection,gpt_prefill_block,313ac5eb72be8dc00804987889956207e4d3fbb3f17ad4b66a47c04e38657a1d,2553600,2556153,2553600,0.0,True
8,1,all,ALL17,reflection,gpt_decode_block,f59b0284ac6c634ba5a37875b880fbc80928b173f1decec27ced97ef700ff3b7,17623,17640,17631,0.0453952221528775,True
8,4,workload,darknet19,rotation,darknet19,77de3a88bda4a271c19a2103125c834ad84becbc61ef62a38ff98af0d6b5995d,174839,175013,174839,0.0,True
8,4,workload,darknet19,rotation,darknet19,a65f123b629563f266419ecdca6b9a5b22788081f37c295f8c9d530e2a095174,174839,175013,174839,0.0,True
8,4,workload,darknet19,rotation,darknet19,d5b9fa575a1dc24ce907c206cea33aef1c7cf0468d2625ce224c32d9ca0ca4cc,174839,175013,174850,0.006291502467981047,True
8,4,workload,darknet19,rotation,darknet19,74082b913102e098ad963f7abd154479014a80bec618652d4bbf802717125b8e,174839,175013,174847,0.004575638158543782,True
8,4,workload,darknet19,reflection,darknet19,77de3a88bda4a271c19a2103125c834ad84becbc61ef62a38ff98af0d6b5995d,174839,175013,174839,0.0,True
8,4,workload,darknet19,reflection,darknet19,a65f123b629563f266419ecdca6b9a5b22788081f37c295f8c9d530e2a095174,174839,175013,174839,0.0,True
8,4,workload,darknet19,reflection,darknet19,d5b9fa575a1dc24ce907c206cea33aef1c7cf0468d2625ce224c32d9ca0ca4cc,174839,175013,174850,0.006291502467981047,True
8,4,workload,darknet19,reflection,darknet19,74082b913102e098ad963f7abd154479014a80bec618652d4bbf802717125b8e,174839,175013,174847,0.004575638158543782,True
8,4,workload,vgg19,rotation,vgg19,5caea1c7a8afe28b1e08db2cebdd9fb730af04ac0dc46a966730781dfdf4550b,1198442,1199640,1198442,0.0,True
8,4,workload,vgg19,reflection,vgg19,5caea1c7a8afe28b1e08db2cebdd9fb730af04ac0dc46a966730781dfdf4550b,1198442,1199640,1198442,0.0,True
8,4,workload,resnet50,rotation,resnet50,3213e499fed8b4d93f1ff7678079fda3f9a1c6d27b8cbf6073b25cf1b33b8c4d,255484,255739,255550,0.025833320286205996,True
8,4,workload,resnet50,rotation,resnet50,7e0c39a4ffb97186dc501ac77209f68969b19be32be191ad7560fa0513c68297,255484,255739,255738,0.09941914170750188,True
8,4,workload,resnet50,rotation,resnet50,f36bf4d7aa3a265e901f097c37f41afb98e129c5d4e5a867eaceacd3533fd72f,255484,255739,255542,0.022702008736352752,True
8,4,workload,resnet50,rotation,resnet50,4c84d25abe438eeef67878520e3112e41fe9b24b1b49bae227a23497f0be6c94,255484,255739,255548,0.025050492398737134,True
8,4,workload,resnet50,reflection,resnet50,3213e499fed8b4d93f1ff7678079fda3f9a1c6d27b8cbf6073b25cf1b33b8c4d,255484,255739,255550,0.025833320286205996,True
8,4,workload,resnet50,reflection,resnet50,7e0c39a4ffb97186dc501ac77209f68969b19be32be191ad7560fa0513c68297,255484,255739,255738,0.09941914170750188,True
8,4,workload,resnet50,reflection,resnet50,f36bf4d7aa3a265e901f097c37f41afb98e129c5d4e5a867eaceacd3533fd72f,255484,255739,255542,0.022702008736352752,True
8,4,workload,resnet50,reflection,resnet50,4c84d25abe438eeef67878520e3112e41fe9b24b1b49bae227a23497f0be6c94,255484,255739,255548,0.025050492398737134,True
8,4,workload,googlenet,rotation,googlenet,c8d68d8d1e9f0533a77821bba2a4f93d8cf7b84c83b547d0f137e2f64913562c,117848,117965,117848,0.0,True
8,4,workload,googlenet,rotation,googlenet,d319e2c5367f793acaaaec6c728d65faa63187ae169e706d9ac84980d60a92f0,117848,117965,117952,0.08824927024642104,True
8,4,workload,googlenet,reflection,googlenet,c8d68d8d1e9f0533a77821bba2a4f93d8cf7b84c83b547d0f137e2f64913562c,117848,117965,117848,0.0,True
8,4,workload,googlenet,reflection,googlenet,d319e2c5367f793acaaaec6c728d65faa63187ae169e706d9ac84980d60a92f0,117848,117965,117952,0.08824927024642104,True
8,4,workload,resnet101,rotation,resnet101,5c12e46e039d43300b8910082523ac8512b8c6e3cd0103eb522b01e7c86b109e,488724,489212,488724,0.0,True
8,4,workload,resnet101,rotation,resnet101,6718fd2496dd2199b519fe45c7a0241baa67d80bb1faf1a79f2a07fb7ae33b27,488724,489212,489172,0.09166728051006601,True
8,4,workload,resnet101,rotation,resnet101,78823e186f55e3915bfc571227b82c41c14e6573562c67cf43db0c48dbb185a3,488724,489212,488724,0.0,True
8,4,workload,resnet101,rotation,resnet101,0f0375a7be4d39578b9405e71afb920b547725f0630c921530adfa635d9c77e2,488724,489212,488734,0.002046144654244131,True
8,4,workload,resnet101,reflection,resnet101,5c12e46e039d43300b8910082523ac8512b8c6e3cd0103eb522b01e7c86b109e,488724,489212,488724,0.0,True
8,4,workload,resnet101,reflection,resnet101,6718fd2496dd2199b519fe45c7a0241baa67d80bb1faf1a79f2a07fb7ae33b27,488724,489212,489172,0.09166728051006601,True
8,4,workload,resnet101,reflection,resnet101,78823e186f55e3915bfc571227b82c41c14e6573562c67cf43db0c48dbb185a3,488724,489212,488724,0.0,True
8,4,workload,resnet101,reflection,resnet101,0f0375a7be4d39578b9405e71afb920b547725f0630c921530adfa635d9c77e2,488724,489212,488734,0.002046144654244131,True
8,4,workload,densenet,rotation,densenet,514dae0bb4f91a29149c4426592e7e9b3bd7627be2470417fd4064727e80297e,187306,187493,187335,0.015482686085865893,True
8,4,workload,densenet,rotation,densenet,33e630fbe5fa82fabc74d1e0de9efe43093a5daf2e57427156fed9e4a0ac3382,187306,187493,187338,0.017084343267170787,True
8,4,workload,densenet,rotation,densenet,0a2b806fbbee37b50ecda1faa4ab60982ecafb9168d8ea5dc8b7ec751d3fe0e3,187306,187493,187493,0.09983663096750917,True
8,4,workload,densenet,reflection,densenet,514dae0bb4f91a29149c4426592e7e9b3bd7627be2470417fd4064727e80297e,187306,187493,187306,0.0,True
8,4,workload,densenet,reflection,densenet,33e630fbe5fa82fabc74d1e0de9efe43093a5daf2e57427156fed9e4a0ac3382,187306,187493,187306,0.0,True
8,4,workload,densenet,reflection,densenet,0a2b806fbbee37b50ecda1faa4ab60982ecafb9168d8ea5dc8b7ec751d3fe0e3,187306,187493,187466,0.08542171633583173,True
8,4,workload,inception_resnet_v1,rotation,inception_resnet_v1,ccf1c128154862723d04d1fdad3abe9f57c35a138742c47a1b8b0f83b3244aa9,429735,430164,429735,0.0,True
8,4,workload,inception_resnet_v1,rotation,inception_resnet_v1,6e41ef78f39e1c53cb8c8a4719b181e6b85bb33c77b34be6512573e16b41c57e,429735,430164,430143,0.09494223184054462,True
8,4,workload,inception_resnet_v1,reflection,inception_resnet_v1,ccf1c128154862723d04d1fdad3abe9f57c35a138742c47a1b8b0f83b3244aa9,429735,430164,429735,0.0,True
8,4,workload,inception_resnet_v1,reflection,inception_resnet_v1,6e41ef78f39e1c53cb8c8a4719b181e6b85bb33c77b34be6512573e16b41c57e,429735,430164,430143,0.09494223184054462,True
8,4,workload,gnmt,rotation,gnmt,54cb68e961d45ad2bef18546a017d399b603c9c1066db35d115a1cfe2c800bff,30708,30738,30708,0.0,True
8,4,workload,gnmt,rotation,gnmt,c0aaac79ac07a30901d11f99ef76c37bbf5909bc1f0cd9840faa656405ea0c38,30708,30738,29863,-2.751725934609872,True
8,4,workload,gnmt,reflection,gnmt,54cb68e961d45ad2bef18546a017d399b603c9c1066db35d115a1cfe2c800bff,30708,30738,30708,0.0,True
8,4,workload,gnmt,reflection,gnmt,c0aaac79ac07a30901d11f99ef76c37bbf5909bc1f0cd9840faa656405ea0c38,30708,30738,29863,-2.751725934609872,True
8,4,workload,lstm,rotation,lstm,d5b5d9fb2f55cc66be14b977712ab6d52ba514ae56d13850de7aa5f9cb05fb53,30577,30607,30577,0.0,True
8,4,workload,lstm,rotation,lstm,1dfd3fb23122a1631d11d1d7d86f8c81d3d11e3be6a0f9f58261011dc37af412,30577,30607,29838,-2.4168492657880125,True
8,4,workload,lstm,reflection,lstm,d5b5d9fb2f55cc66be14b977712ab6d52ba514ae56d13850de7aa5f9cb05fb53,30577,30607,30577,0.0,True
8,4,workload,lstm,reflection,lstm,1dfd3fb23122a1631d11d1d7d86f8c81d3d11e3be6a0f9f58261011dc37af412,30577,30607,29838,-2.4168492657880125,True
8,4,workload,transformer,rotation,transformer,5780b708167d1bf1abacc627276b6c9fed2446e6c598360185006d7cbc9794bf,1749504,1751253,1749504,0.0,True
8,4,workload,transformer,reflection,transformer,5780b708167d1bf1abacc627276b6c9fed2446e6c598360185006d7cbc9794bf,1749504,1751253,1749504,0.0,True
8,4,workload,transformer_cell,rotation,transformer_cell,6eaab023f27d76aea9401425190e7ba69754a762c0ebf66c05e3a0a4cca933da,305664,305969,305664,0.0,True
8,4,workload,transformer_cell,rotation,transformer_cell,402d12ae868a598fda42df7349d264879d57b224e11cb6acdace61a8c921fae0,305664,305969,305920,0.08375209380233617,True
8,4,workload,transformer_cell,rotation,transformer_cell,e05e92db7bcd1d10391f2c010a7d5c3e806bc04ff8f899a1123edbba73a25ded,305664,305969,305920,0.08375209380233617,True
8,4,workload,transformer_cell,reflection,transformer_cell,6eaab023f27d76aea9401425190e7ba69754a762c0ebf66c05e3a0a4cca933da,305664,305969,305664,0.0,True
8,4,workload,transformer_cell,reflection,transformer_cell,402d12ae868a598fda42df7349d264879d57b224e11cb6acdace61a8c921fae0,305664,305969,305920,0.08375209380233617,True
8,4,workload,transformer_cell,reflection,transformer_cell,e05e92db7bcd1d10391f2c010a7d5c3e806bc04ff8f899a1123edbba73a25ded,305664,305969,305920,0.08375209380233617,True
8,4,workload,pnasnet,rotation,pnasnet,1eceaf8d1886b3f77c154f50819198e51103ec72abcc0ef8c233f78ccfa1c953,2463974,2466437,2463974,0.0,True
8,4,workload,pnasnet,rotation,pnasnet,f780998d2fb86da50129a080f8e45f79cf6238b84cbb01a53b3b9cfc8a80a473,2463974,2466437,2465487,0.06140486872021622,True
8,4,workload,pnasnet,rotation,pnasnet,5abf71db3b3012bbf5af2fbf7493f441925d0bb0b8a55c0aaed2f95c00e70afb,2463974,2466437,2465790,0.07370207640178261,True
8,4,workload,pnasnet,rotation,pnasnet,7d6f059b291fad4a94a68fd7df5f883148d1dfe0391ccfeae636b344e11a4dac,2463974,2466437,2466039,0.0838077025163475,True
8,4,workload,pnasnet,rotation,pnasnet,b556ac53d079b8a51ef520ac24d4fee826759588409c91aa10c59efed72fa4f7,2463974,2466437,2466389,0.09801239785809379,True
8,4,workload,pnasnet,reflection,pnasnet,1eceaf8d1886b3f77c154f50819198e51103ec72abcc0ef8c233f78ccfa1c953,2463974,2466437,2463974,0.0,True
8,4,workload,pnasnet,reflection,pnasnet,f780998d2fb86da50129a080f8e45f79cf6238b84cbb01a53b3b9cfc8a80a473,2463974,2466437,2465487,0.06140486872021622,True
8,4,workload,pnasnet,reflection,pnasnet,5abf71db3b3012bbf5af2fbf7493f441925d0bb0b8a55c0aaed2f95c00e70afb,2463974,2466437,2465790,0.07370207640178261,True
8,4,workload,pnasnet,reflection,pnasnet,7d6f059b291fad4a94a68fd7df5f883148d1dfe0391ccfeae636b344e11a4dac,2463974,2466437,2466039,0.0838077025163475,True
8,4,workload,pnasnet,reflection,pnasnet,b556ac53d079b8a51ef520ac24d4fee826759588409c91aa10c59efed72fa4f7,2463974,2466437,2466389,0.09801239785809379,True
8,4,workload,resnext50,rotation,resnext50,9008a5466aaa97dad40fa029ba98fd9c0f0c9a2d8dad6cd5d9ee4f138831f384,146458,146604,146458,0.0,True
8,4,workload,resnext50,rotation,resnext50,d68c6995712a1cd4f3bf474e838e0af4feae31df44370f0b5af37333d1e5b058,146458,146604,146584,0.0860314902565884,True
8,4,workload,resnext50,rotation,resnext50,65517a26b73dbc9c2f656d5750b6343e60e0b57f6937a736d139975ef0d730f1,146458,146604,146458,0.0,True
8,4,workload,resnext50,rotation,resnext50,610b0c9c67d6cbfd9c6985859217c1ca8fb850c5455bac012484d90f87fa937d,146458,146604,146468,0.006827896052108429,True
8,4,workload,resnext50,reflection,resnext50,9008a5466aaa97dad40fa029ba98fd9c0f0c9a2d8dad6cd5d9ee4f138831f384,146458,146604,146458,0.0,True
8,4,workload,resnext50,reflection,resnext50,d68c6995712a1cd4f3bf474e838e0af4feae31df44370f0b5af37333d1e5b058,146458,146604,146584,0.0860314902565884,True
8,4,workload,resnext50,reflection,resnext50,65517a26b73dbc9c2f656d5750b6343e60e0b57f6937a736d139975ef0d730f1,146458,146604,146458,0.0,True
8,4,workload,resnext50,reflection,resnext50,610b0c9c67d6cbfd9c6985859217c1ca8fb850c5455bac012484d90f87fa937d,146458,146604,146468,0.006827896052108429,True
8,4,workload,resnet152,rotation,resnet152,d11bb32df93464fd6106c7e499ee98bf11b38084b54e98ba0dcadc53a159318a,723532,724255,724102,0.07878020598950375,True
8,4,workload,resnet152,rotation,resnet152,603760bc0298f4fc07036955ac87f764348d62b73d39006c4db6acedc0507640,723532,724255,724124,0.08182084551893176,True
8,4,workload,resnet152,reflection,resnet152,d11bb32df93464fd6106c7e499ee98bf11b38084b54e98ba0dcadc53a159318a,723532,724255,724102,0.07878020598950375,True
8,4,workload,resnet152,reflection,resnet152,603760bc0298f4fc07036955ac87f764348d62b73d39006c4db6acedc0507640,723532,724255,724124,0.08182084551893176,True
8,4,workload,bert_block,rotation,bert_block,0439dc90413fbf62331662f0d238b3b9f3dc492fb107cab825b1b27029fad690,334848,335182,334848,0.0,True
8,4,workload,bert_block,reflection,bert_block,0439dc90413fbf62331662f0d238b3b9f3dc492fb107cab825b1b27029fad690,334848,335182,334848,0.0,True
8,4,workload,gpt_prefill_block,rotation,gpt_prefill_block,e942000fb27b005221270ea39be000c3bbdbc4e4fb519f1a578e94b2ece4238e,638400,639038,638400,0.0,True
8,4,workload,gpt_prefill_block,rotation,gpt_prefill_block,e316ea248e1930af9621e330d4f41dea31febff80895515dea1173f6e39386b8,638400,639038,638934,0.08364661654134409,True
8,4,workload,gpt_prefill_block,reflection,gpt_prefill_block,e942000fb27b005221270ea39be000c3bbdbc4e4fb519f1a578e94b2ece4238e,638400,639038,638400,0.0,True
8,4,workload,gpt_prefill_block,reflection,gpt_prefill_block,e316ea248e1930af9621e330d4f41dea31febff80895515dea1173f6e39386b8,638400,639038,638934,0.08364661654134409,True
8,4,workload,gpt_decode_block,rotation,gpt_decode_block,2c7b84261a445ae79882ccbd29d8fdefabce068160676aceb33e126061a23a1a,12390,12402,11388,-8.087167070217916,True
8,4,workload,gpt_decode_block,rotation,gpt_decode_block,a5eaeb6fd5e786c5bb9c9a8001b39b7262a55e6dd332b70eabdc8159936306a4,12390,12402,12224,-1.3397901533494738,True
8,4,workload,gpt_decode_block,rotation,gpt_decode_block,b71b5e57c85cada30785d40b8941ef80131d1ed25c190470e9b487af7fd66fff,12390,12402,11258,-9.136400322840998,True
8,4,workload,gpt_decode_block,rotation,gpt_decode_block,231bb19845645d451ae696f1b5ca3f596ff190086fb4a82b8db1409bfc118b4e,12390,12402,11347,-8.418079096045194,True
8,4,workload,gpt_decode_block,rotation,gpt_decode_block,6d7b1dc9e3ddb68fb70d18557a28eb6095f973b7a56781b7df5dc3ac55b5208f,12390,12402,11505,-7.14285714285714,True
8,4,workload,gpt_decode_block,reflection,gpt_decode_block,2c7b84261a445ae79882ccbd29d8fdefabce068160676aceb33e126061a23a1a,12390,12402,11388,-8.087167070217916,True
8,4,workload,gpt_decode_block,reflection,gpt_decode_block,a5eaeb6fd5e786c5bb9c9a8001b39b7262a55e6dd332b70eabdc8159936306a4,12390,12402,12224,-1.3397901533494738,True
8,4,workload,gpt_decode_block,reflection,gpt_decode_block,b71b5e57c85cada30785d40b8941ef80131d1ed25c190470e9b487af7fd66fff,12390,12402,11258,-9.136400322840998,True
8,4,workload,gpt_decode_block,reflection,gpt_decode_block,231bb19845645d451ae696f1b5ca3f596ff190086fb4a82b8db1409bfc118b4e,12390,12402,11347,-8.418079096045194,True
8,4,workload,gpt_decode_block,reflection,gpt_decode_block,6d7b1dc9e3ddb68fb70d18557a28eb6095f973b7a56781b7df5dc3ac55b5208f,12390,12402,11505,-7.14285714285714,True
8,4,group,CNN,rotation,darknet19,77de3a88bda4a271c19a2103125c834ad84becbc61ef62a38ff98af0d6b5995d,174839,175013,174839,0.0,True
8,4,group,CNN,rotation,darknet19,a65f123b629563f266419ecdca6b9a5b22788081f37c295f8c9d530e2a095174,174839,175013,174839,0.0,True
8,4,group,CNN,rotation,darknet19,d5b9fa575a1dc24ce907c206cea33aef1c7cf0468d2625ce224c32d9ca0ca4cc,174839,175013,174839,0.0,True
8,4,group,CNN,rotation,darknet19,74082b913102e098ad963f7abd154479014a80bec618652d4bbf802717125b8e,174839,175013,174839,0.0,True
8,4,group,CNN,rotation,vgg19,5caea1c7a8afe28b1e08db2cebdd9fb730af04ac0dc46a966730781dfdf4550b,1198442,1199640,1198442,0.0,True
8,4,group,CNN,rotation,resnet50,3213e499fed8b4d93f1ff7678079fda3f9a1c6d27b8cbf6073b25cf1b33b8c4d,255484,255739,255484,0.0,True
8,4,group,CNN,rotation,resnet50,7e0c39a4ffb97186dc501ac77209f68969b19be32be191ad7560fa0513c68297,255484,255739,255680,0.07671713297114913,True
8,4,group,CNN,rotation,resnet50,f36bf4d7aa3a265e901f097c37f41afb98e129c5d4e5a867eaceacd3533fd72f,255484,255739,255484,0.0,True
8,4,group,CNN,rotation,resnet50,4c84d25abe438eeef67878520e3112e41fe9b24b1b49bae227a23497f0be6c94,255484,255739,255494,0.003914139437299902,True
8,4,group,CNN,rotation,googlenet,c8d68d8d1e9f0533a77821bba2a4f93d8cf7b84c83b547d0f137e2f64913562c,117848,117965,117848,0.0,True
8,4,group,CNN,rotation,googlenet,d319e2c5367f793acaaaec6c728d65faa63187ae169e706d9ac84980d60a92f0,117848,117965,117952,0.08824927024642104,True
8,4,group,CNN,rotation,resnet101,5c12e46e039d43300b8910082523ac8512b8c6e3cd0103eb522b01e7c86b109e,488724,489212,488724,0.0,True
8,4,group,CNN,rotation,resnet101,6718fd2496dd2199b519fe45c7a0241baa67d80bb1faf1a79f2a07fb7ae33b27,488724,489212,489172,0.09166728051006601,True
8,4,group,CNN,rotation,resnet101,78823e186f55e3915bfc571227b82c41c14e6573562c67cf43db0c48dbb185a3,488724,489212,488724,0.0,True
8,4,group,CNN,rotation,resnet101,0f0375a7be4d39578b9405e71afb920b547725f0630c921530adfa635d9c77e2,488724,489212,488734,0.002046144654244131,True
8,4,group,CNN,rotation,densenet,514dae0bb4f91a29149c4426592e7e9b3bd7627be2470417fd4064727e80297e,187306,187493,187306,0.0,True
8,4,group,CNN,rotation,densenet,33e630fbe5fa82fabc74d1e0de9efe43093a5daf2e57427156fed9e4a0ac3382,187306,187493,187306,0.0,True
8,4,group,CNN,rotation,densenet,0a2b806fbbee37b50ecda1faa4ab60982ecafb9168d8ea5dc8b7ec751d3fe0e3,187306,187493,187466,0.08542171633583173,True
8,4,group,CNN,rotation,inception_resnet_v1,ccf1c128154862723d04d1fdad3abe9f57c35a138742c47a1b8b0f83b3244aa9,429735,430164,429735,0.0,True
8,4,group,CNN,rotation,inception_resnet_v1,6e41ef78f39e1c53cb8c8a4719b181e6b85bb33c77b34be6512573e16b41c57e,429735,430164,430143,0.09494223184054462,True
8,4,group,CNN,rotation,pnasnet,1eceaf8d1886b3f77c154f50819198e51103ec72abcc0ef8c233f78ccfa1c953,2463974,2466437,2463974,0.0,True
8,4,group,CNN,rotation,pnasnet,f780998d2fb86da50129a080f8e45f79cf6238b84cbb01a53b3b9cfc8a80a473,2463974,2466437,2465487,0.06140486872021622,True
8,4,group,CNN,rotation,pnasnet,5abf71db3b3012bbf5af2fbf7493f441925d0bb0b8a55c0aaed2f95c00e70afb,2463974,2466437,2465790,0.07370207640178261,True
8,4,group,CNN,rotation,pnasnet,7d6f059b291fad4a94a68fd7df5f883148d1dfe0391ccfeae636b344e11a4dac,2463974,2466437,2466039,0.0838077025163475,True
8,4,group,CNN,rotation,pnasnet,b556ac53d079b8a51ef520ac24d4fee826759588409c91aa10c59efed72fa4f7,2463974,2466437,2466389,0.09801239785809379,True
8,4,group,CNN,rotation,resnext50,9008a5466aaa97dad40fa029ba98fd9c0f0c9a2d8dad6cd5d9ee4f138831f384,146458,146604,146458,0.0,True
8,4,group,CNN,rotation,resnext50,d68c6995712a1cd4f3bf474e838e0af4feae31df44370f0b5af37333d1e5b058,146458,146604,146584,0.0860314902565884,True
8,4,group,CNN,rotation,resnext50,65517a26b73dbc9c2f656d5750b6343e60e0b57f6937a736d139975ef0d730f1,146458,146604,146458,0.0,True
8,4,group,CNN,rotation,resnext50,610b0c9c67d6cbfd9c6985859217c1ca8fb850c5455bac012484d90f87fa937d,146458,146604,146468,0.006827896052108429,True
8,4,group,CNN,rotation,resnet152,d11bb32df93464fd6106c7e499ee98bf11b38084b54e98ba0dcadc53a159318a,723532,724255,723532,0.0,True
8,4,group,CNN,rotation,resnet152,603760bc0298f4fc07036955ac87f764348d62b73d39006c4db6acedc0507640,723532,724255,723532,0.0,True
8,4,group,CNN,reflection,darknet19,77de3a88bda4a271c19a2103125c834ad84becbc61ef62a38ff98af0d6b5995d,174839,175013,174839,0.0,True
8,4,group,CNN,reflection,darknet19,a65f123b629563f266419ecdca6b9a5b22788081f37c295f8c9d530e2a095174,174839,175013,174839,0.0,True
8,4,group,CNN,reflection,darknet19,d5b9fa575a1dc24ce907c206cea33aef1c7cf0468d2625ce224c32d9ca0ca4cc,174839,175013,174839,0.0,True
8,4,group,CNN,reflection,darknet19,74082b913102e098ad963f7abd154479014a80bec618652d4bbf802717125b8e,174839,175013,174839,0.0,True
8,4,group,CNN,reflection,vgg19,5caea1c7a8afe28b1e08db2cebdd9fb730af04ac0dc46a966730781dfdf4550b,1198442,1199640,1198442,0.0,True
8,4,group,CNN,reflection,resnet50,3213e499fed8b4d93f1ff7678079fda3f9a1c6d27b8cbf6073b25cf1b33b8c4d,255484,255739,255484,0.0,True
8,4,group,CNN,reflection,resnet50,7e0c39a4ffb97186dc501ac77209f68969b19be32be191ad7560fa0513c68297,255484,255739,255680,0.07671713297114913,True
8,4,group,CNN,reflection,resnet50,f36bf4d7aa3a265e901f097c37f41afb98e129c5d4e5a867eaceacd3533fd72f,255484,255739,255484,0.0,True
8,4,group,CNN,reflection,resnet50,4c84d25abe438eeef67878520e3112e41fe9b24b1b49bae227a23497f0be6c94,255484,255739,255494,0.003914139437299902,True
8,4,group,CNN,reflection,googlenet,c8d68d8d1e9f0533a77821bba2a4f93d8cf7b84c83b547d0f137e2f64913562c,117848,117965,117848,0.0,True
8,4,group,CNN,reflection,googlenet,d319e2c5367f793acaaaec6c728d65faa63187ae169e706d9ac84980d60a92f0,117848,117965,117952,0.08824927024642104,True
8,4,group,CNN,reflection,resnet101,5c12e46e039d43300b8910082523ac8512b8c6e3cd0103eb522b01e7c86b109e,488724,489212,488724,0.0,True
8,4,group,CNN,reflection,resnet101,6718fd2496dd2199b519fe45c7a0241baa67d80bb1faf1a79f2a07fb7ae33b27,488724,489212,489172,0.09166728051006601,True
8,4,group,CNN,reflection,resnet101,78823e186f55e3915bfc571227b82c41c14e6573562c67cf43db0c48dbb185a3,488724,489212,488724,0.0,True
8,4,group,CNN,reflection,resnet101,0f0375a7be4d39578b9405e71afb920b547725f0630c921530adfa635d9c77e2,488724,489212,488734,0.002046144654244131,True
8,4,group,CNN,reflection,densenet,514dae0bb4f91a29149c4426592e7e9b3bd7627be2470417fd4064727e80297e,187306,187493,187306,0.0,True
8,4,group,CNN,reflection,densenet,33e630fbe5fa82fabc74d1e0de9efe43093a5daf2e57427156fed9e4a0ac3382,187306,187493,187306,0.0,True
8,4,group,CNN,reflection,densenet,0a2b806fbbee37b50ecda1faa4ab60982ecafb9168d8ea5dc8b7ec751d3fe0e3,187306,187493,187466,0.08542171633583173,True
8,4,group,CNN,reflection,inception_resnet_v1,ccf1c128154862723d04d1fdad3abe9f57c35a138742c47a1b8b0f83b3244aa9,429735,430164,429735,0.0,True
8,4,group,CNN,reflection,inception_resnet_v1,6e41ef78f39e1c53cb8c8a4719b181e6b85bb33c77b34be6512573e16b41c57e,429735,430164,430143,0.09494223184054462,True
8,4,group,CNN,reflection,pnasnet,1eceaf8d1886b3f77c154f50819198e51103ec72abcc0ef8c233f78ccfa1c953,2463974,2466437,2463974,0.0,True
8,4,group,CNN,reflection,pnasnet,f780998d2fb86da50129a080f8e45f79cf6238b84cbb01a53b3b9cfc8a80a473,2463974,2466437,2465487,0.06140486872021622,True
8,4,group,CNN,reflection,pnasnet,5abf71db3b3012bbf5af2fbf7493f441925d0bb0b8a55c0aaed2f95c00e70afb,2463974,2466437,2465790,0.07370207640178261,True
8,4,group,CNN,reflection,pnasnet,7d6f059b291fad4a94a68fd7df5f883148d1dfe0391ccfeae636b344e11a4dac,2463974,2466437,2466039,0.0838077025163475,True
8,4,group,CNN,reflection,pnasnet,b556ac53d079b8a51ef520ac24d4fee826759588409c91aa10c59efed72fa4f7,2463974,2466437,2466389,0.09801239785809379,True
8,4,group,CNN,reflection,resnext50,9008a5466aaa97dad40fa029ba98fd9c0f0c9a2d8dad6cd5d9ee4f138831f384,146458,146604,146458,0.0,True
8,4,group,CNN,reflection,resnext50,d68c6995712a1cd4f3bf474e838e0af4feae31df44370f0b5af37333d1e5b058,146458,146604,146584,0.0860314902565884,True
8,4,group,CNN,reflection,resnext50,65517a26b73dbc9c2f656d5750b6343e60e0b57f6937a736d139975ef0d730f1,146458,146604,146458,0.0,True
8,4,group,CNN,reflection,resnext50,610b0c9c67d6cbfd9c6985859217c1ca8fb850c5455bac012484d90f87fa937d,146458,146604,146468,0.006827896052108429,True
8,4,group,CNN,reflection,resnet152,d11bb32df93464fd6106c7e499ee98bf11b38084b54e98ba0dcadc53a159318a,723532,724255,723532,0.0,True
8,4,group,CNN,reflection,resnet152,603760bc0298f4fc07036955ac87f764348d62b73d39006c4db6acedc0507640,723532,724255,723532,0.0,True
8,4,group,RNN,rotation,gnmt,54cb68e961d45ad2bef18546a017d399b603c9c1066db35d115a1cfe2c800bff,30708,30738,30708,0.0,True
8,4,group,RNN,rotation,gnmt,c0aaac79ac07a30901d11f99ef76c37bbf5909bc1f0cd9840faa656405ea0c38,30708,30738,29863,-2.751725934609872,True
8,4,group,RNN,rotation,lstm,d5b5d9fb2f55cc66be14b977712ab6d52ba514ae56d13850de7aa5f9cb05fb53,30577,30607,30577,0.0,True
8,4,group,RNN,rotation,lstm,1dfd3fb23122a1631d11d1d7d86f8c81d3d11e3be6a0f9f58261011dc37af412,30577,30607,29838,-2.4168492657880125,True
8,4,group,RNN,reflection,gnmt,54cb68e961d45ad2bef18546a017d399b603c9c1066db35d115a1cfe2c800bff,30708,30738,30708,0.0,True
8,4,group,RNN,reflection,gnmt,c0aaac79ac07a30901d11f99ef76c37bbf5909bc1f0cd9840faa656405ea0c38,30708,30738,29863,-2.751725934609872,True
8,4,group,RNN,reflection,lstm,d5b5d9fb2f55cc66be14b977712ab6d52ba514ae56d13850de7aa5f9cb05fb53,30577,30607,30577,0.0,True
8,4,group,RNN,reflection,lstm,1dfd3fb23122a1631d11d1d7d86f8c81d3d11e3be6a0f9f58261011dc37af412,30577,30607,29838,-2.4168492657880125,True
8,4,group,Transformer,rotation,transformer,5780b708167d1bf1abacc627276b6c9fed2446e6c598360185006d7cbc9794bf,1749504,1751253,1749504,0.0,True
8,4,group,Transformer,rotation,transformer_cell,6eaab023f27d76aea9401425190e7ba69754a762c0ebf66c05e3a0a4cca933da,305664,305969,305664,0.0,True
8,4,group,Transformer,rotation,transformer_cell,402d12ae868a598fda42df7349d264879d57b224e11cb6acdace61a8c921fae0,305664,305969,305835,0.05594378140703071,True
8,4,group,Transformer,rotation,transformer_cell,e05e92db7bcd1d10391f2c010a7d5c3e806bc04ff8f899a1123edbba73a25ded,305664,305969,305835,0.05594378140703071,True
8,4,group,Transformer,rotation,bert_block,0439dc90413fbf62331662f0d238b3b9f3dc492fb107cab825b1b27029fad690,334848,335182,334848,0.0,True
8,4,group,Transformer,rotation,gpt_prefill_block,e942000fb27b005221270ea39be000c3bbdbc4e4fb519f1a578e94b2ece4238e,638400,639038,638400,0.0,True
8,4,group,Transformer,rotation,gpt_prefill_block,e316ea248e1930af9621e330d4f41dea31febff80895515dea1173f6e39386b8,638400,639038,638934,0.08364661654134409,True
8,4,group,Transformer,rotation,gpt_decode_block,2c7b84261a445ae79882ccbd29d8fdefabce068160676aceb33e126061a23a1a,12390,12402,11388,-8.087167070217916,True
8,4,group,Transformer,rotation,gpt_decode_block,a5eaeb6fd5e786c5bb9c9a8001b39b7262a55e6dd332b70eabdc8159936306a4,12390,12402,12224,-1.3397901533494738,True
8,4,group,Transformer,rotation,gpt_decode_block,b71b5e57c85cada30785d40b8941ef80131d1ed25c190470e9b487af7fd66fff,12390,12402,11258,-9.136400322840998,True
8,4,group,Transformer,rotation,gpt_decode_block,231bb19845645d451ae696f1b5ca3f596ff190086fb4a82b8db1409bfc118b4e,12390,12402,11347,-8.418079096045194,True
8,4,group,Transformer,rotation,gpt_decode_block,6d7b1dc9e3ddb68fb70d18557a28eb6095f973b7a56781b7df5dc3ac55b5208f,12390,12402,11505,-7.14285714285714,True
8,4,group,Transformer,reflection,transformer,5780b708167d1bf1abacc627276b6c9fed2446e6c598360185006d7cbc9794bf,1749504,1751253,1749504,0.0,True
8,4,group,Transformer,reflection,transformer_cell,6eaab023f27d76aea9401425190e7ba69754a762c0ebf66c05e3a0a4cca933da,305664,305969,305664,0.0,True
8,4,group,Transformer,reflection,transformer_cell,402d12ae868a598fda42df7349d264879d57b224e11cb6acdace61a8c921fae0,305664,305969,305835,0.05594378140703071,True
8,4,group,Transformer,reflection,transformer_cell,e05e92db7bcd1d10391f2c010a7d5c3e806bc04ff8f899a1123edbba73a25ded,305664,305969,305835,0.05594378140703071,True
8,4,group,Transformer,reflection,bert_block,0439dc90413fbf62331662f0d238b3b9f3dc492fb107cab825b1b27029fad690,334848,335182,334848,0.0,True
8,4,group,Transformer,reflection,gpt_prefill_block,e942000fb27b005221270ea39be000c3bbdbc4e4fb519f1a578e94b2ece4238e,638400,639038,638400,0.0,True
8,4,group,Transformer,reflection,gpt_prefill_block,e316ea248e1930af9621e330d4f41dea31febff80895515dea1173f6e39386b8,638400,639038,638934,0.08364661654134409,True
8,4,group,Transformer,reflection,gpt_decode_block,2c7b84261a445ae79882ccbd29d8fdefabce068160676aceb33e126061a23a1a,12390,12402,11388,-8.087167070217916,True
8,4,group,Transformer,reflection,gpt_decode_block,a5eaeb6fd5e786c5bb9c9a8001b39b7262a55e6dd332b70eabdc8159936306a4,12390,12402,12224,-1.3397901533494738,True
8,4,group,Transformer,reflection,gpt_decode_block,b71b5e57c85cada30785d40b8941ef80131d1ed25c190470e9b487af7fd66fff,12390,12402,11258,-9.136400322840998,True
8,4,group,Transformer,reflection,gpt_decode_block,231bb19845645d451ae696f1b5ca3f596ff190086fb4a82b8db1409bfc118b4e,12390,12402,11347,-8.418079096045194,True
8,4,group,Transformer,reflection,gpt_decode_block,6d7b1dc9e3ddb68fb70d18557a28eb6095f973b7a56781b7df5dc3ac55b5208f,12390,12402,11505,-7.14285714285714,True
8,4,all,ALL17,rotation,darknet19,77de3a88bda4a271c19a2103125c834ad84becbc61ef62a38ff98af0d6b5995d,174839,175013,174839,0.0,True
8,4,all,ALL17,rotation,darknet19,a65f123b629563f266419ecdca6b9a5b22788081f37c295f8c9d530e2a095174,174839,175013,174839,0.0,True
8,4,all,ALL17,rotation,darknet19,d5b9fa575a1dc24ce907c206cea33aef1c7cf0468d2625ce224c32d9ca0ca4cc,174839,175013,174839,0.0,True
8,4,all,ALL17,rotation,darknet19,74082b913102e098ad963f7abd154479014a80bec618652d4bbf802717125b8e,174839,175013,174839,0.0,True
8,4,all,ALL17,rotation,vgg19,5caea1c7a8afe28b1e08db2cebdd9fb730af04ac0dc46a966730781dfdf4550b,1198442,1199640,1198442,0.0,True
8,4,all,ALL17,rotation,resnet50,3213e499fed8b4d93f1ff7678079fda3f9a1c6d27b8cbf6073b25cf1b33b8c4d,255484,255739,255484,0.0,True
8,4,all,ALL17,rotation,resnet50,7e0c39a4ffb97186dc501ac77209f68969b19be32be191ad7560fa0513c68297,255484,255739,255680,0.07671713297114913,True
8,4,all,ALL17,rotation,resnet50,f36bf4d7aa3a265e901f097c37f41afb98e129c5d4e5a867eaceacd3533fd72f,255484,255739,255484,0.0,True
8,4,all,ALL17,rotation,resnet50,4c84d25abe438eeef67878520e3112e41fe9b24b1b49bae227a23497f0be6c94,255484,255739,255494,0.003914139437299902,True
8,4,all,ALL17,rotation,googlenet,c8d68d8d1e9f0533a77821bba2a4f93d8cf7b84c83b547d0f137e2f64913562c,117848,117965,117848,0.0,True
8,4,all,ALL17,rotation,googlenet,d319e2c5367f793acaaaec6c728d65faa63187ae169e706d9ac84980d60a92f0,117848,117965,117952,0.08824927024642104,True
8,4,all,ALL17,rotation,resnet101,5c12e46e039d43300b8910082523ac8512b8c6e3cd0103eb522b01e7c86b109e,488724,489212,488724,0.0,True
8,4,all,ALL17,rotation,resnet101,6718fd2496dd2199b519fe45c7a0241baa67d80bb1faf1a79f2a07fb7ae33b27,488724,489212,489172,0.09166728051006601,True
8,4,all,ALL17,rotation,resnet101,78823e186f55e3915bfc571227b82c41c14e6573562c67cf43db0c48dbb185a3,488724,489212,488724,0.0,True
8,4,all,ALL17,rotation,resnet101,0f0375a7be4d39578b9405e71afb920b547725f0630c921530adfa635d9c77e2,488724,489212,488734,0.002046144654244131,True
8,4,all,ALL17,rotation,densenet,514dae0bb4f91a29149c4426592e7e9b3bd7627be2470417fd4064727e80297e,187306,187493,187306,0.0,True
8,4,all,ALL17,rotation,densenet,33e630fbe5fa82fabc74d1e0de9efe43093a5daf2e57427156fed9e4a0ac3382,187306,187493,187306,0.0,True
8,4,all,ALL17,rotation,densenet,0a2b806fbbee37b50ecda1faa4ab60982ecafb9168d8ea5dc8b7ec751d3fe0e3,187306,187493,187466,0.08542171633583173,True
8,4,all,ALL17,rotation,inception_resnet_v1,ccf1c128154862723d04d1fdad3abe9f57c35a138742c47a1b8b0f83b3244aa9,429735,430164,429735,0.0,True
8,4,all,ALL17,rotation,inception_resnet_v1,6e41ef78f39e1c53cb8c8a4719b181e6b85bb33c77b34be6512573e16b41c57e,429735,430164,430143,0.09494223184054462,True
8,4,all,ALL17,rotation,gnmt,54cb68e961d45ad2bef18546a017d399b603c9c1066db35d115a1cfe2c800bff,30708,30738,30708,0.0,True
8,4,all,ALL17,rotation,gnmt,c0aaac79ac07a30901d11f99ef76c37bbf5909bc1f0cd9840faa656405ea0c38,30708,30738,29863,-2.751725934609872,True
8,4,all,ALL17,rotation,lstm,d5b5d9fb2f55cc66be14b977712ab6d52ba514ae56d13850de7aa5f9cb05fb53,30577,30607,30577,0.0,True
8,4,all,ALL17,rotation,lstm,1dfd3fb23122a1631d11d1d7d86f8c81d3d11e3be6a0f9f58261011dc37af412,30577,30607,29838,-2.4168492657880125,True
8,4,all,ALL17,rotation,transformer,5780b708167d1bf1abacc627276b6c9fed2446e6c598360185006d7cbc9794bf,1749504,1751253,1749504,0.0,True
8,4,all,ALL17,rotation,transformer_cell,6eaab023f27d76aea9401425190e7ba69754a762c0ebf66c05e3a0a4cca933da,305664,305969,305664,0.0,True
8,4,all,ALL17,rotation,transformer_cell,402d12ae868a598fda42df7349d264879d57b224e11cb6acdace61a8c921fae0,305664,305969,305835,0.05594378140703071,True
8,4,all,ALL17,rotation,transformer_cell,e05e92db7bcd1d10391f2c010a7d5c3e806bc04ff8f899a1123edbba73a25ded,305664,305969,305835,0.05594378140703071,True
8,4,all,ALL17,rotation,pnasnet,1eceaf8d1886b3f77c154f50819198e51103ec72abcc0ef8c233f78ccfa1c953,2463974,2466437,2463974,0.0,True
8,4,all,ALL17,rotation,pnasnet,f780998d2fb86da50129a080f8e45f79cf6238b84cbb01a53b3b9cfc8a80a473,2463974,2466437,2465487,0.06140486872021622,True
8,4,all,ALL17,rotation,pnasnet,5abf71db3b3012bbf5af2fbf7493f441925d0bb0b8a55c0aaed2f95c00e70afb,2463974,2466437,2465790,0.07370207640178261,True
8,4,all,ALL17,rotation,pnasnet,7d6f059b291fad4a94a68fd7df5f883148d1dfe0391ccfeae636b344e11a4dac,2463974,2466437,2466039,0.0838077025163475,True
8,4,all,ALL17,rotation,pnasnet,b556ac53d079b8a51ef520ac24d4fee826759588409c91aa10c59efed72fa4f7,2463974,2466437,2466389,0.09801239785809379,True
8,4,all,ALL17,rotation,resnext50,9008a5466aaa97dad40fa029ba98fd9c0f0c9a2d8dad6cd5d9ee4f138831f384,146458,146604,146458,0.0,True
8,4,all,ALL17,rotation,resnext50,d68c6995712a1cd4f3bf474e838e0af4feae31df44370f0b5af37333d1e5b058,146458,146604,146584,0.0860314902565884,True
8,4,all,ALL17,rotation,resnext50,65517a26b73dbc9c2f656d5750b6343e60e0b57f6937a736d139975ef0d730f1,146458,146604,146458,0.0,True
8,4,all,ALL17,rotation,resnext50,610b0c9c67d6cbfd9c6985859217c1ca8fb850c5455bac012484d90f87fa937d,146458,146604,146468,0.006827896052108429,True
8,4,all,ALL17,rotation,resnet152,d11bb32df93464fd6106c7e499ee98bf11b38084b54e98ba0dcadc53a159318a,723532,724255,723532,0.0,True
8,4,all,ALL17,rotation,resnet152,603760bc0298f4fc07036955ac87f764348d62b73d39006c4db6acedc0507640,723532,724255,723532,0.0,True
8,4,all,ALL17,rotation,bert_block,0439dc90413fbf62331662f0d238b3b9f3dc492fb107cab825b1b27029fad690,334848,335182,334848,0.0,True
8,4,all,ALL17,rotation,gpt_prefill_block,e942000fb27b005221270ea39be000c3bbdbc4e4fb519f1a578e94b2ece4238e,638400,639038,638400,0.0,True
8,4,all,ALL17,rotation,gpt_prefill_block,e316ea248e1930af9621e330d4f41dea31febff80895515dea1173f6e39386b8,638400,639038,638934,0.08364661654134409,True
8,4,all,ALL17,rotation,gpt_decode_block,2c7b84261a445ae79882ccbd29d8fdefabce068160676aceb33e126061a23a1a,12390,12402,11388,-8.087167070217916,True
8,4,all,ALL17,rotation,gpt_decode_block,a5eaeb6fd5e786c5bb9c9a8001b39b7262a55e6dd332b70eabdc8159936306a4,12390,12402,12224,-1.3397901533494738,True
8,4,all,ALL17,rotation,gpt_decode_block,b71b5e57c85cada30785d40b8941ef80131d1ed25c190470e9b487af7fd66fff,12390,12402,11258,-9.136400322840998,True
8,4,all,ALL17,rotation,gpt_decode_block,231bb19845645d451ae696f1b5ca3f596ff190086fb4a82b8db1409bfc118b4e,12390,12402,11347,-8.418079096045194,True
8,4,all,ALL17,rotation,gpt_decode_block,6d7b1dc9e3ddb68fb70d18557a28eb6095f973b7a56781b7df5dc3ac55b5208f,12390,12402,11505,-7.14285714285714,True
8,4,all,ALL17,reflection,darknet19,77de3a88bda4a271c19a2103125c834ad84becbc61ef62a38ff98af0d6b5995d,174839,175013,174839,0.0,True
8,4,all,ALL17,reflection,darknet19,a65f123b629563f266419ecdca6b9a5b22788081f37c295f8c9d530e2a095174,174839,175013,174839,0.0,True
8,4,all,ALL17,reflection,darknet19,d5b9fa575a1dc24ce907c206cea33aef1c7cf0468d2625ce224c32d9ca0ca4cc,174839,175013,174839,0.0,True
8,4,all,ALL17,reflection,darknet19,74082b913102e098ad963f7abd154479014a80bec618652d4bbf802717125b8e,174839,175013,174839,0.0,True
8,4,all,ALL17,reflection,vgg19,5caea1c7a8afe28b1e08db2cebdd9fb730af04ac0dc46a966730781dfdf4550b,1198442,1199640,1198442,0.0,True
8,4,all,ALL17,reflection,resnet50,3213e499fed8b4d93f1ff7678079fda3f9a1c6d27b8cbf6073b25cf1b33b8c4d,255484,255739,255484,0.0,True
8,4,all,ALL17,reflection,resnet50,7e0c39a4ffb97186dc501ac77209f68969b19be32be191ad7560fa0513c68297,255484,255739,255680,0.07671713297114913,True
8,4,all,ALL17,reflection,resnet50,f36bf4d7aa3a265e901f097c37f41afb98e129c5d4e5a867eaceacd3533fd72f,255484,255739,255484,0.0,True
8,4,all,ALL17,reflection,resnet50,4c84d25abe438eeef67878520e3112e41fe9b24b1b49bae227a23497f0be6c94,255484,255739,255494,0.003914139437299902,True
8,4,all,ALL17,reflection,googlenet,c8d68d8d1e9f0533a77821bba2a4f93d8cf7b84c83b547d0f137e2f64913562c,117848,117965,117848,0.0,True
8,4,all,ALL17,reflection,googlenet,d319e2c5367f793acaaaec6c728d65faa63187ae169e706d9ac84980d60a92f0,117848,117965,117952,0.08824927024642104,True
8,4,all,ALL17,reflection,resnet101,5c12e46e039d43300b8910082523ac8512b8c6e3cd0103eb522b01e7c86b109e,488724,489212,488724,0.0,True
8,4,all,ALL17,reflection,resnet101,6718fd2496dd2199b519fe45c7a0241baa67d80bb1faf1a79f2a07fb7ae33b27,488724,489212,489172,0.09166728051006601,True
8,4,all,ALL17,reflection,resnet101,78823e186f55e3915bfc571227b82c41c14e6573562c67cf43db0c48dbb185a3,488724,489212,488724,0.0,True
8,4,all,ALL17,reflection,resnet101,0f0375a7be4d39578b9405e71afb920b547725f0630c921530adfa635d9c77e2,488724,489212,488734,0.002046144654244131,True
8,4,all,ALL17,reflection,densenet,514dae0bb4f91a29149c4426592e7e9b3bd7627be2470417fd4064727e80297e,187306,187493,187306,0.0,True
8,4,all,ALL17,reflection,densenet,33e630fbe5fa82fabc74d1e0de9efe43093a5daf2e57427156fed9e4a0ac3382,187306,187493,187306,0.0,True
8,4,all,ALL17,reflection,densenet,0a2b806fbbee37b50ecda1faa4ab60982ecafb9168d8ea5dc8b7ec751d3fe0e3,187306,187493,187466,0.08542171633583173,True
8,4,all,ALL17,reflection,inception_resnet_v1,ccf1c128154862723d04d1fdad3abe9f57c35a138742c47a1b8b0f83b3244aa9,429735,430164,429735,0.0,True
8,4,all,ALL17,reflection,inception_resnet_v1,6e41ef78f39e1c53cb8c8a4719b181e6b85bb33c77b34be6512573e16b41c57e,429735,430164,430143,0.09494223184054462,True
8,4,all,ALL17,reflection,gnmt,54cb68e961d45ad2bef18546a017d399b603c9c1066db35d115a1cfe2c800bff,30708,30738,30708,0.0,True
8,4,all,ALL17,reflection,gnmt,c0aaac79ac07a30901d11f99ef76c37bbf5909bc1f0cd9840faa656405ea0c38,30708,30738,29863,-2.751725934609872,True
8,4,all,ALL17,reflection,lstm,d5b5d9fb2f55cc66be14b977712ab6d52ba514ae56d13850de7aa5f9cb05fb53,30577,30607,30577,0.0,True
8,4,all,ALL17,reflection,lstm,1dfd3fb23122a1631d11d1d7d86f8c81d3d11e3be6a0f9f58261011dc37af412,30577,30607,29838,-2.4168492657880125,True
8,4,all,ALL17,reflection,transformer,5780b708167d1bf1abacc627276b6c9fed2446e6c598360185006d7cbc9794bf,1749504,1751253,1749504,0.0,True
8,4,all,ALL17,reflection,transformer_cell,6eaab023f27d76aea9401425190e7ba69754a762c0ebf66c05e3a0a4cca933da,305664,305969,305664,0.0,True
8,4,all,ALL17,reflection,transformer_cell,402d12ae868a598fda42df7349d264879d57b224e11cb6acdace61a8c921fae0,305664,305969,305835,0.05594378140703071,True
8,4,all,ALL17,reflection,transformer_cell,e05e92db7bcd1d10391f2c010a7d5c3e806bc04ff8f899a1123edbba73a25ded,305664,305969,305835,0.05594378140703071,True
8,4,all,ALL17,reflection,pnasnet,1eceaf8d1886b3f77c154f50819198e51103ec72abcc0ef8c233f78ccfa1c953,2463974,2466437,2463974,0.0,True
8,4,all,ALL17,reflection,pnasnet,f780998d2fb86da50129a080f8e45f79cf6238b84cbb01a53b3b9cfc8a80a473,2463974,2466437,2465487,0.06140486872021622,True
8,4,all,ALL17,reflection,pnasnet,5abf71db3b3012bbf5af2fbf7493f441925d0bb0b8a55c0aaed2f95c00e70afb,2463974,2466437,2465790,0.07370207640178261,True
8,4,all,ALL17,reflection,pnasnet,7d6f059b291fad4a94a68fd7df5f883148d1dfe0391ccfeae636b344e11a4dac,2463974,2466437,2466039,0.0838077025163475,True
8,4,all,ALL17,reflection,pnasnet,b556ac53d079b8a51ef520ac24d4fee826759588409c91aa10c59efed72fa4f7,2463974,2466437,2466389,0.09801239785809379,True
8,4,all,ALL17,reflection,resnext50,9008a5466aaa97dad40fa029ba98fd9c0f0c9a2d8dad6cd5d9ee4f138831f384,146458,146604,146458,0.0,True
8,4,all,ALL17,reflection,resnext50,d68c6995712a1cd4f3bf474e838e0af4feae31df44370f0b5af37333d1e5b058,146458,146604,146584,0.0860314902565884,True
8,4,all,ALL17,reflection,resnext50,65517a26b73dbc9c2f656d5750b6343e60e0b57f6937a736d139975ef0d730f1,146458,146604,146458,0.0,True
8,4,all,ALL17,reflection,resnext50,610b0c9c67d6cbfd9c6985859217c1ca8fb850c5455bac012484d90f87fa937d,146458,146604,146468,0.006827896052108429,True
8,4,all,ALL17,reflection,resnet152,d11bb32df93464fd6106c7e499ee98bf11b38084b54e98ba0dcadc53a159318a,723532,724255,723532,0.0,True
8,4,all,ALL17,reflection,resnet152,603760bc0298f4fc07036955ac87f764348d62b73d39006c4db6acedc0507640,723532,724255,723532,0.0,True
8,4,all,ALL17,reflection,bert_block,0439dc90413fbf62331662f0d238b3b9f3dc492fb107cab825b1b27029fad690,334848,335182,334848,0.0,True
8,4,all,ALL17,reflection,gpt_prefill_block,e942000fb27b005221270ea39be000c3bbdbc4e4fb519f1a578e94b2ece4238e,638400,639038,638400,0.0,True
8,4,all,ALL17,reflection,gpt_prefill_block,e316ea248e1930af9621e330d4f41dea31febff80895515dea1173f6e39386b8,638400,639038,638934,0.08364661654134409,True
8,4,all,ALL17,reflection,gpt_decode_block,2c7b84261a445ae79882ccbd29d8fdefabce068160676aceb33e126061a23a1a,12390,12402,11388,-8.087167070217916,True
8,4,all,ALL17,reflection,gpt_decode_block,a5eaeb6fd5e786c5bb9c9a8001b39b7262a55e6dd332b70eabdc8159936306a4,12390,12402,12224,-1.3397901533494738,True
8,4,all,ALL17,reflection,gpt_decode_block,b71b5e57c85cada30785d40b8941ef80131d1ed25c190470e9b487af7fd66fff,12390,12402,11258,-9.136400322840998,True
8,4,all,ALL17,reflection,gpt_decode_block,231bb19845645d451ae696f1b5ca3f596ff190086fb4a82b8db1409bfc118b4e,12390,12402,11347,-8.418079096045194,True
8,4,all,ALL17,reflection,gpt_decode_block,6d7b1dc9e3ddb68fb70d18557a28eb6095f973b7a56781b7df5dc3ac55b5208f,12390,12402,11505,-7.14285714285714,True
8,16,workload,darknet19,rotation,darknet19,db0a582f3d0775cb7865ab0b8f331c5a524c3824ab7b2e1408dcb27c3e9248e2,47948,47995,47948,0.0,True
8,16,workload,darknet19,rotation,darknet19,dd631aaf0d69bfd7882d4e5d0300f11060d1c788065c50801e1d7df3c23b98b8,47948,47995,47993,0.09385167264537309,True
8,16,workload,darknet19,rotation,darknet19,f65eb1c571512017986d6c56ad874db22064532d8e487d94b0584d3ad57a4689,47948,47995,47898,-0.1042796362726306,True
8,16,workload,darknet19,rotation,darknet19,75a9ba5c90f5a97df10b266cd3961e58a215cceffd44e1a0c182a1b5240e5f01,47948,47995,47961,0.027112705430876183,True
8,16,workload,darknet19,reflection,darknet19,db0a582f3d0775cb7865ab0b8f331c5a524c3824ab7b2e1408dcb27c3e9248e2,47948,47995,47948,0.0,True
8,16,workload,darknet19,reflection,darknet19,dd631aaf0d69bfd7882d4e5d0300f11060d1c788065c50801e1d7df3c23b98b8,47948,47995,47993,0.09385167264537309,True
8,16,workload,darknet19,reflection,darknet19,f65eb1c571512017986d6c56ad874db22064532d8e487d94b0584d3ad57a4689,47948,47995,47898,-0.1042796362726306,True
8,16,workload,darknet19,reflection,darknet19,75a9ba5c90f5a97df10b266cd3961e58a215cceffd44e1a0c182a1b5240e5f01,47948,47995,47961,0.027112705430876183,True
8,16,workload,vgg19,rotation,vgg19,506495881d83cdcd252f816570f599bb7abaf5dfab29727da1e821963e98c853,305389,305694,305404,0.0049117682693111675,True
8,16,workload,vgg19,rotation,vgg19,0fe11998fb7253d7bdd9140c77796f5f997395375065207a1584f8ed318efe85,305389,305694,305668,0.09135888980940088,True
8,16,workload,vgg19,reflection,vgg19,506495881d83cdcd252f816570f599bb7abaf5dfab29727da1e821963e98c853,305389,305694,305404,0.0049117682693111675,True
8,16,workload,vgg19,reflection,vgg19,0fe11998fb7253d7bdd9140c77796f5f997395375065207a1584f8ed318efe85,305389,305694,305668,0.09135888980940088,True
8,16,workload,resnet50,rotation,resnet50,fe6fe9ecb2f7e80f91ddd6b5a4789db615c4edf4887a354a7dac7efef4dbb1ca,71279,71350,71302,0.03226756828800248,True
8,16,workload,resnet50,rotation,resnet50,0d148a62c550f4cdcd56efb1392f7fe15639b27ef5927b11844fdeeaadbddd43,71279,71350,71345,0.09259389160902742,True
8,16,workload,resnet50,reflection,resnet50,fe6fe9ecb2f7e80f91ddd6b5a4789db615c4edf4887a354a7dac7efef4dbb1ca,71279,71350,71294,0.021044066274789053,True
8,16,workload,resnet50,reflection,resnet50,0d148a62c550f4cdcd56efb1392f7fe15639b27ef5927b11844fdeeaadbddd43,71279,71350,71343,0.08978801610572962,True
8,16,workload,googlenet,rotation,googlenet,dfe8f171623a2d7efa2e8e32a47d9fa1d5c398792348b309156ec3e7f6c352d6,32827,32859,32835,0.024370183080990593,True
8,16,workload,googlenet,rotation,googlenet,04dfbd04945fc5746034e0af22e6a4475607e02d835de7d58ec8e4a41d613860,32827,32859,32859,0.09748073232400678,True
8,16,workload,googlenet,reflection,googlenet,dfe8f171623a2d7efa2e8e32a47d9fa1d5c398792348b309156ec3e7f6c352d6,32827,32859,32835,0.024370183080990593,True
8,16,workload,googlenet,reflection,googlenet,04dfbd04945fc5746034e0af22e6a4475607e02d835de7d58ec8e4a41d613860,32827,32859,32859,0.09748073232400678,True
8,16,workload,resnet101,rotation,resnet101,975035ad96de960072d552bcd53172541e239c477f964a625b3d336ed4f11abf,137443,137580,137452,0.006548169059183984,True
8,16,workload,resnet101,rotation,resnet101,906194d7e81d1dc00bbd9d1c9949b4bc6aafa36171ed93d6883ad894bb141e99,137443,137580,137566,0.08949164380871455,True
8,16,workload,resnet101,rotation,resnet101,cdd1df9f354c519717e790dd2fc07cf817797e721d1726e5505d03b63db0d7ca,137443,137580,137344,-0.0720298596509128,True
8,16,workload,resnet101,reflection,resnet101,975035ad96de960072d552bcd53172541e239c477f964a625b3d336ed4f11abf,137443,137580,137452,0.006548169059183984,True
8,16,workload,resnet101,reflection,resnet101,906194d7e81d1dc00bbd9d1c9949b4bc6aafa36171ed93d6883ad894bb141e99,137443,137580,137566,0.08949164380871455,True
8,16,workload,resnet101,reflection,resnet101,cdd1df9f354c519717e790dd2fc07cf817797e721d1726e5505d03b63db0d7ca,137443,137580,137344,-0.0720298596509128,True
8,16,workload,densenet,rotation,densenet,cf4c20389bc328439cbbf007e88a2b1fc81547ee61918ef7e32e0eb6d96f45f5,54056,54110,54061,0.009249667011990148,True
8,16,workload,densenet,rotation,densenet,074d075be3f1665e605020b3429e76ced5364045a606543df19c6b17f27a7a5a,54056,54110,54011,-0.08324700310788913,True
8,16,workload,densenet,rotation,densenet,792147412a242a95c5603d5a00da877b0ee3bb9e77d160b4a8b3c5ade60e582a,54056,54110,54110,0.0998964037294714,True
8,16,workload,densenet,reflection,densenet,cf4c20389bc328439cbbf007e88a2b1fc81547ee61918ef7e32e0eb6d96f45f5,54056,54110,54061,0.009249667011990148,True
8,16,workload,densenet,reflection,densenet,074d075be3f1665e605020b3429e76ced5364045a606543df19c6b17f27a7a5a,54056,54110,54011,-0.08324700310788913,True
8,16,workload,densenet,reflection,densenet,792147412a242a95c5603d5a00da877b0ee3bb9e77d160b4a8b3c5ade60e582a,54056,54110,54110,0.0998964037294714,True
8,16,workload,inception_resnet_v1,rotation,inception_resnet_v1,5669b5af2e7d292b39f8f373f894f48f1115b219d7cbce331ae3b9b958a34f51,129035,129164,129036,0.0007749835315928877,True
8,16,workload,inception_resnet_v1,rotation,inception_resnet_v1,442744e01696656c3b6a651ef63dd7f74f0be38700ef7da688cbca26a230d06b,129035,129164,129161,0.09764792498159203,True
8,16,workload,inception_resnet_v1,rotation,inception_resnet_v1,4f242dc6a3ea8f20adee9d4f7ea16c01bdef005efafab5f4f2f38e993fe65f33,129035,129164,129055,0.01549967063199098,True
8,16,workload,inception_resnet_v1,reflection,inception_resnet_v1,5669b5af2e7d292b39f8f373f894f48f1115b219d7cbce331ae3b9b958a34f51,129035,129164,129039,0.003099934126393755,True
8,16,workload,inception_resnet_v1,reflection,inception_resnet_v1,442744e01696656c3b6a651ef63dd7f74f0be38700ef7da688cbca26a230d06b,129035,129164,129164,0.0999728755763929,True
8,16,workload,inception_resnet_v1,reflection,inception_resnet_v1,4f242dc6a3ea8f20adee9d4f7ea16c01bdef005efafab5f4f2f38e993fe65f33,129035,129164,129058,0.017824621226791848,True
8,16,workload,gnmt,rotation,gnmt,139b29016bac5200febc9811c3eb46f4dd87cd0c473787167b4972a5cbc8555e,33676,33709,33685,0.02672526428317834,True
8,16,workload,gnmt,rotation,gnmt,b0ec72cee84a0f56856ff6ab22134a5241f7395391073054f1c4622106ec7d0a,33676,33709,21036,-37.53414894880627,True
8,16,workload,gnmt,rotation,gnmt,b8c6bf331e72b74c7b68a8f0da70fb50a57e05559bbb8c6af301ee87b49f4790,33676,33709,26523,-21.240646157500887,True
8,16,workload,gnmt,rotation,gnmt,c4605a1450f1dc102b4d8db229895c877d9e7b2ddf6fe5961d7217b74b21636c,33676,33709,33514,-0.4810547570970436,True
8,16,workload,gnmt,rotation,gnmt,8a2cbbb53183428fc63b2960482a86593040d52490d666abd7e22fa33c8fbd3c,33676,33709,30161,-10.437700439482123,True
8,16,workload,gnmt,reflection,gnmt,139b29016bac5200febc9811c3eb46f4dd87cd0c473787167b4972a5cbc8555e,33676,33709,33685,0.02672526428317834,True
8,16,workload,gnmt,reflection,gnmt,b0ec72cee84a0f56856ff6ab22134a5241f7395391073054f1c4622106ec7d0a,33676,33709,21036,-37.53414894880627,True
8,16,workload,gnmt,reflection,gnmt,b8c6bf331e72b74c7b68a8f0da70fb50a57e05559bbb8c6af301ee87b49f4790,33676,33709,26601,-21.009027200380093,True
8,16,workload,gnmt,reflection,gnmt,c4605a1450f1dc102b4d8db229895c877d9e7b2ddf6fe5961d7217b74b21636c,33676,33709,33514,-0.4810547570970436,True
8,16,workload,gnmt,reflection,gnmt,8a2cbbb53183428fc63b2960482a86593040d52490d666abd7e22fa33c8fbd3c,33676,33709,30161,-10.437700439482123,True
8,16,workload,lstm,rotation,lstm,90a15164708523df2fa10d2ee031bb0e8d17b715cb49572400572e8c132f867d,35076,35111,35084,0.02280761774433593,True
8,16,workload,lstm,rotation,lstm,b25bb2b4a699ba0621edce8e66d2b8765236783cfe5c6f293069ca64586c96a0,35076,35111,21012,-40.095791994526174,True
8,16,workload,lstm,rotation,lstm,d5a5e4ed7567d7f60758007762878a72f4c7dada0c1d5fd5cd87318da86377bb,35076,35111,23734,-32.33550005701904,True
8,16,workload,lstm,rotation,lstm,1b39da5065f65d1ecce00c4e13d63dd1bc64ea716a3255571bcfd5995c8e9efc,35076,35111,30159,-14.018132056106737,True
8,16,workload,lstm,rotation,lstm,263b18ccaa4bf347e6587a69eac5159c0490f5a3eb7301ba32a947a2ce056569,35076,35111,35036,-0.11403808872163523,True
8,16,workload,lstm,reflection,lstm,90a15164708523df2fa10d2ee031bb0e8d17b715cb49572400572e8c132f867d,35076,35111,35084,0.02280761774433593,True
8,16,workload,lstm,reflection,lstm,b25bb2b4a699ba0621edce8e66d2b8765236783cfe5c6f293069ca64586c96a0,35076,35111,21012,-40.095791994526174,True
8,16,workload,lstm,reflection,lstm,d5a5e4ed7567d7f60758007762878a72f4c7dada0c1d5fd5cd87318da86377bb,35076,35111,23776,-32.21576006386133,True
8,16,workload,lstm,reflection,lstm,1b39da5065f65d1ecce00c4e13d63dd1bc64ea716a3255571bcfd5995c8e9efc,35076,35111,30967,-11.714562663929751,True
8,16,workload,lstm,reflection,lstm,263b18ccaa4bf347e6587a69eac5159c0490f5a3eb7301ba32a947a2ce056569,35076,35111,35060,-0.04561523548864965,True
8,16,workload,transformer,rotation,transformer,ec59af075c74e2fe2f5682f55e8447e125eb303d1c3111f05d5fdc788b5b98da,476160,476636,476160,0.0,True
8,16,workload,transformer,rotation,transformer,190dc7a3758d2c88c3375c9280421985021a1d476bb31c3426debd5eaca49bf1,476160,476636,476632,0.09912634408602017,True
8,16,workload,transformer,rotation,transformer,f3f935e1010bc7e2fb45dd464c005e55663434c9f739897e9c56066ffe3ed897,476160,476636,476160,0.0,True
8,16,workload,transformer,rotation,transformer,ed073b73fbb7dc6cde3de2eb95c0301a8c06661e540d451add2d7aa5f3ba73c7,476160,476636,476308,0.031081989247305764,True
8,16,workload,transformer,rotation,transformer,a001f0e1e492f4d8875ad13a9ca7aafcf7ed8adf33e63d19721414b20b8a3ac6,476160,476636,476596,0.0915658602150593,True
8,16,workload,transformer,reflection,transformer,ec59af075c74e2fe2f5682f55e8447e125eb303d1c3111f05d5fdc788b5b98da,476160,476636,476160,0.0,True
8,16,workload,transformer,reflection,transformer,190dc7a3758d2c88c3375c9280421985021a1d476bb31c3426debd5eaca49bf1,476160,476636,476632,0.09912634408602017,True
8,16,workload,transformer,reflection,transformer,f3f935e1010bc7e2fb45dd464c005e55663434c9f739897e9c56066ffe3ed897,476160,476636,476160,0.0,True
8,16,workload,transformer,reflection,transformer,ed073b73fbb7dc6cde3de2eb95c0301a8c06661e540d451add2d7aa5f3ba73c7,476160,476636,476308,0.031081989247305764,True
8,16,workload,transformer,reflection,transformer,a001f0e1e492f4d8875ad13a9ca7aafcf7ed8adf33e63d19721414b20b8a3ac6,476160,476636,476596,0.0915658602150593,True
8,16,workload,transformer_cell,rotation,transformer_cell,ddbe0b294e32bb4e5774c5a9ffe295d569b2285a96415ab5db7226e7d704047f,83200,83283,83200,0.0,True
8,16,workload,transformer_cell,rotation,transformer_cell,e94dd8a8d22a46ec9323c58b37050becaa57ba6147d4a622b112592383f2cb5b,83200,83283,83226,0.031249999999993783,True
8,16,workload,transformer_cell,rotation,transformer_cell,661e94ae42a834d58ea04fed5d43a4e8f153e82f002c12d66130884e78b3c51f,83200,83283,83158,-0.050480769230765166,True
8,16,workload,transformer_cell,rotation,transformer_cell,4e29f6bef127ae0ba2b514334fc47262e4953fff31471bd93b2992a7548378e9,83200,83283,83200,0.0,True
8,16,workload,transformer_cell,rotation,transformer_cell,935e44d06b8ae96b870b1ff278cf631d97aee6a6f3221f05a34be32a3cae4572,83200,83283,83264,0.07692307692308553,True
8,16,workload,transformer_cell,reflection,transformer_cell,ddbe0b294e32bb4e5774c5a9ffe295d569b2285a96415ab5db7226e7d704047f,83200,83283,83200,0.0,True
8,16,workload,transformer_cell,reflection,transformer_cell,e94dd8a8d22a46ec9323c58b37050becaa57ba6147d4a622b112592383f2cb5b,83200,83283,83226,0.031249999999993783,True
8,16,workload,transformer_cell,reflection,transformer_cell,661e94ae42a834d58ea04fed5d43a4e8f153e82f002c12d66130884e78b3c51f,83200,83283,83158,-0.050480769230765166,True
8,16,workload,transformer_cell,reflection,transformer_cell,4e29f6bef127ae0ba2b514334fc47262e4953fff31471bd93b2992a7548378e9,83200,83283,83200,0.0,True
8,16,workload,transformer_cell,reflection,transformer_cell,935e44d06b8ae96b870b1ff278cf631d97aee6a6f3221f05a34be32a3cae4572,83200,83283,83264,0.07692307692308553,True
8,16,workload,pnasnet,rotation,pnasnet,44e3cd417bf8ceab6a5e0f2da959dda7c694245879ba09767783a9a1c05b2a3f,716917,717633,717594,0.09443213091613334,True
8,16,workload,pnasnet,rotation,pnasnet,c8d06e90af31ba45589765556046701cf14827b0a32706945883e2818a9eaee6,716917,717633,716591,-0.04547248844706253,True
8,16,workload,pnasnet,rotation,pnasnet,544ae8948520b629bf3a8f9a31078f1c147f196da7fb617522a777bb63710b15,716917,717633,717237,0.04463557148177699,True
8,16,workload,pnasnet,reflection,pnasnet,44e3cd417bf8ceab6a5e0f2da959dda7c694245879ba09767783a9a1c05b2a3f,716917,717633,717601,0.095408534042285,True
8,16,workload,pnasnet,reflection,pnasnet,c8d06e90af31ba45589765556046701cf14827b0a32706945883e2818a9eaee6,716917,717633,716219,-0.09736134029462162,True
8,16,workload,pnasnet,reflection,pnasnet,544ae8948520b629bf3a8f9a31078f1c147f196da7fb617522a777bb63710b15,716917,717633,717439,0.07281177597964206,True
8,16,workload,resnext50,rotation,resnext50,df97ed584ab7a290862794cf93b46bdcbcd3b09ed2c353b2e261ef5e073f9759,41734,41775,41743,0.021565150716451598,True
8,16,workload,resnext50,rotation,resnext50,5404c7141aa97f3df9a815b60e7f75f6470b13feeb87f7ce4a51ece5434bad11,41734,41775,41573,-0.3857765850385775,True
8,16,workload,resnext50,rotation,resnext50,a3f80269c5aa55e2d12631842eaf0dbb6ac626c29a92a8203d43aa124dc45843,41734,41775,41572,-0.3881727128959622,True
8,16,workload,resnext50,reflection,resnext50,df97ed584ab7a290862794cf93b46bdcbcd3b09ed2c353b2e261ef5e073f9759,41734,41775,41743,0.021565150716451598,True
8,16,workload,resnext50,reflection,resnext50,5404c7141aa97f3df9a815b60e7f75f6470b13feeb87f7ce4a51ece5434bad11,41734,41775,41573,-0.3857765850385775,True
8,16,workload,resnext50,reflection,resnext50,a3f80269c5aa55e2d12631842eaf0dbb6ac626c29a92a8203d43aa124dc45843,41734,41775,41572,-0.3881727128959622,True
8,16,workload,resnet152,rotation,resnet152,92a7d3d2324c0d2e93d47546842d21aefd17cff681d1bb1f73d1da9e9961ab85,204391,204595,204400,0.0044033249996244805,True
8,16,workload,resnet152,rotation,resnet152,f65c93d7f43a5166aa420316ffe48bcbf47474de59f36d6fdf3520ec8eec81d8,204391,204595,204534,0.0699639416608333,True
8,16,workload,resnet152,reflection,resnet152,92a7d3d2324c0d2e93d47546842d21aefd17cff681d1bb1f73d1da9e9961ab85,204391,204595,204400,0.0044033249996244805,True
8,16,workload,resnet152,reflection,resnet152,f65c93d7f43a5166aa420316ffe48bcbf47474de59f36d6fdf3520ec8eec81d8,204391,204595,204534,0.0699639416608333,True
8,16,workload,bert_block,rotation,bert_block,a112bbdc09347af1215d14ffd3e6f690754673018032d9a42351d3c876485fc0,88064,88152,88064,0.0,True
8,16,workload,bert_block,rotation,bert_block,2bb8004ac25e3b651c4d8fdb07a6620813fcc9bd6ef7a298c98e61015af02a1b,88064,88152,88064,0.0,True
8,16,workload,bert_block,rotation,bert_block,f8a8fa1b24a914d2ff787429131b216e574eaef1fa14718e86b363551be19732,88064,88152,88064,0.0,True
8,16,workload,bert_block,rotation,bert_block,0d308b7aa8d0035fb333b19bac84fb941b3c44eea2de4367616f3865600b43b7,88064,88152,88064,0.0,True
8,16,workload,bert_block,rotation,bert_block,8de13e88ad6e4bf93e22ac2c3d76011a2edea0a9abc54cc7c4475117bac62f26,88064,88152,88064,0.0,True
8,16,workload,bert_block,reflection,bert_block,a112bbdc09347af1215d14ffd3e6f690754673018032d9a42351d3c876485fc0,88064,88152,88064,0.0,True
8,16,workload,bert_block,reflection,bert_block,2bb8004ac25e3b651c4d8fdb07a6620813fcc9bd6ef7a298c98e61015af02a1b,88064,88152,88064,0.0,True
8,16,workload,bert_block,reflection,bert_block,f8a8fa1b24a914d2ff787429131b216e574eaef1fa14718e86b363551be19732,88064,88152,88064,0.0,True
8,16,workload,bert_block,reflection,bert_block,0d308b7aa8d0035fb333b19bac84fb941b3c44eea2de4367616f3865600b43b7,88064,88152,88064,0.0,True
8,16,workload,bert_block,reflection,bert_block,8de13e88ad6e4bf93e22ac2c3d76011a2edea0a9abc54cc7c4475117bac62f26,88064,88152,88064,0.0,True
8,16,workload,gpt_prefill_block,rotation,gpt_prefill_block,e44dcfd20afba94472f76f68794c0d8a7cbc934bbf6ca2845ed670cf9f0c68ec,166400,166566,166400,0.0,True
8,16,workload,gpt_prefill_block,rotation,gpt_prefill_block,81a6c1e51696a80e48085153474bdd6730f74334675a0b85e4e0382a151fd10b,166400,166566,166400,0.0,True
8,16,workload,gpt_prefill_block,rotation,gpt_prefill_block,96da1c10349fb1d861b95572f7f2b97d1fdf5c1a6eeaf2ae685ae5f5131f492d,166400,166566,166410,0.006009615384616751,True
8,16,workload,gpt_prefill_block,rotation,gpt_prefill_block,eb7cfc9de78db5c555aebb3c1787c3d8fa9e799ffeee8359b239bb11e760243f,166400,166566,166468,0.040865384615385025,True
8,16,workload,gpt_prefill_block,reflection,gpt_prefill_block,e44dcfd20afba94472f76f68794c0d8a7cbc934bbf6ca2845ed670cf9f0c68ec,166400,166566,166400,0.0,True
8,16,workload,gpt_prefill_block,reflection,gpt_prefill_block,81a6c1e51696a80e48085153474bdd6730f74334675a0b85e4e0382a151fd10b,166400,166566,166400,0.0,True
8,16,workload,gpt_prefill_block,reflection,gpt_prefill_block,96da1c10349fb1d861b95572f7f2b97d1fdf5c1a6eeaf2ae685ae5f5131f492d,166400,166566,166410,0.006009615384616751,True
8,16,workload,gpt_prefill_block,reflection,gpt_prefill_block,eb7cfc9de78db5c555aebb3c1787c3d8fa9e799ffeee8359b239bb11e760243f,166400,166566,166468,0.040865384615385025,True
8,16,workload,gpt_decode_block,rotation,gpt_decode_block,de472853076dbd5977476aa71affa0e0143a4d369d2a81be7fa4e259991e4a77,7537,7544,7537,0.0,True
8,16,workload,gpt_decode_block,rotation,gpt_decode_block,7cebc2ac419f6d64a0870514fab0f78da3e6764303b3c7c9bbc41dcd100f0f67,7537,7544,7058,-6.355313785325722,True
8,16,workload,gpt_decode_block,rotation,gpt_decode_block,a8839ca674f6e7cfd25b4feb7c9229824598782e60a3ca634ae43cd5b31482db,7537,7544,7321,-2.8658617487063776,True
8,16,workload,gpt_decode_block,rotation,gpt_decode_block,19e2f3ff37381ae2fe7ec4571d95ac1bb88d410e686a071429ac62580914418e,7537,7544,7072,-6.169563486798458,True
8,16,workload,gpt_decode_block,rotation,gpt_decode_block,878f5e0d528cca268229e3a4a4516995ff6ec1caa9f49bdaec77fe9d28b2c170,7537,7544,6777,-10.083587634337265,True
8,16,workload,gpt_decode_block,reflection,gpt_decode_block,de472853076dbd5977476aa71affa0e0143a4d369d2a81be7fa4e259991e4a77,7537,7544,7541,0.05307151386493292,True
8,16,workload,gpt_decode_block,reflection,gpt_decode_block,7cebc2ac419f6d64a0870514fab0f78da3e6764303b3c7c9bbc41dcd100f0f67,7537,7544,7153,-5.094865331033571,True
8,16,workload,gpt_decode_block,reflection,gpt_decode_block,a8839ca674f6e7cfd25b4feb7c9229824598782e60a3ca634ae43cd5b31482db,7537,7544,7385,-2.016717526867451,True
8,16,workload,gpt_decode_block,reflection,gpt_decode_block,19e2f3ff37381ae2fe7ec4571d95ac1bb88d410e686a071429ac62580914418e,7537,7544,7091,-5.917473795940031,True
8,16,workload,gpt_decode_block,reflection,gpt_decode_block,878f5e0d528cca268229e3a4a4516995ff6ec1caa9f49bdaec77fe9d28b2c170,7537,7544,7070,-6.196099243730924,True
8,16,group,CNN,rotation,darknet19,db0a582f3d0775cb7865ab0b8f331c5a524c3824ab7b2e1408dcb27c3e9248e2,47948,47995,47948,0.0,True
8,16,group,CNN,rotation,darknet19,dd631aaf0d69bfd7882d4e5d0300f11060d1c788065c50801e1d7df3c23b98b8,47948,47995,47980,0.0667389672144747,True
8,16,group,CNN,rotation,darknet19,f65eb1c571512017986d6c56ad874db22064532d8e487d94b0584d3ad57a4689,47948,47995,47892,-0.11679319262534182,True
8,16,group,CNN,rotation,darknet19,75a9ba5c90f5a97df10b266cd3961e58a215cceffd44e1a0c182a1b5240e5f01,47948,47995,47948,0.0,True
8,16,group,CNN,rotation,vgg19,506495881d83cdcd252f816570f599bb7abaf5dfab29727da1e821963e98c853,305389,305694,305389,0.0,True
8,16,group,CNN,rotation,vgg19,0fe11998fb7253d7bdd9140c77796f5f997395375065207a1584f8ed318efe85,305389,305694,305665,0.0903765361555342,True
8,16,group,CNN,rotation,resnet50,fe6fe9ecb2f7e80f91ddd6b5a4789db615c4edf4887a354a7dac7efef4dbb1ca,71279,71350,71279,0.0,True
8,16,group,CNN,rotation,resnet50,0d148a62c550f4cdcd56efb1392f7fe15639b27ef5927b11844fdeeaadbddd43,71279,71350,71328,0.06874394983094056,True
8,16,group,CNN,rotation,googlenet,dfe8f171623a2d7efa2e8e32a47d9fa1d5c398792348b309156ec3e7f6c352d6,32827,32859,32827,0.0,True
8,16,group,CNN,rotation,googlenet,04dfbd04945fc5746034e0af22e6a4475607e02d835de7d58ec8e4a41d613860,32827,32859,32852,0.07615682212813724,True
8,16,group,CNN,rotation,resnet101,975035ad96de960072d552bcd53172541e239c477f964a625b3d336ed4f11abf,137443,137580,137443,0.0,True
8,16,group,CNN,rotation,resnet101,906194d7e81d1dc00bbd9d1c9949b4bc6aafa36171ed93d6883ad894bb141e99,137443,137580,137557,0.08294347474953057,True
8,16,group,CNN,rotation,resnet101,cdd1df9f354c519717e790dd2fc07cf817797e721d1726e5505d03b63db0d7ca,137443,137580,137335,-0.07857802871008568,True
8,16,group,CNN,rotation,densenet,cf4c20389bc328439cbbf007e88a2b1fc81547ee61918ef7e32e0eb6d96f45f5,54056,54110,54056,0.0,True
8,16,group,CNN,rotation,densenet,074d075be3f1665e605020b3429e76ced5364045a606543df19c6b17f27a7a5a,54056,54110,54006,-0.09249667011987928,True
8,16,group,CNN,rotation,densenet,792147412a242a95c5603d5a00da877b0ee3bb9e77d160b4a8b3c5ade60e582a,54056,54110,54106,0.09249667011987928,True
8,16,group,CNN,rotation,inception_resnet_v1,5669b5af2e7d292b39f8f373f894f48f1115b219d7cbce331ae3b9b958a34f51,129035,129164,129035,0.0,True
8,16,group,CNN,rotation,inception_resnet_v1,442744e01696656c3b6a651ef63dd7f74f0be38700ef7da688cbca26a230d06b,129035,129164,129160,0.09687294144999914,True
8,16,group,CNN,rotation,inception_resnet_v1,4f242dc6a3ea8f20adee9d4f7ea16c01bdef005efafab5f4f2f38e993fe65f33,129035,129164,129027,-0.006199868252798613,True
8,16,group,CNN,rotation,pnasnet,44e3cd417bf8ceab6a5e0f2da959dda7c694245879ba09767783a9a1c05b2a3f,716917,717633,716944,0.0037661263437849257,True
8,16,group,CNN,rotation,pnasnet,c8d06e90af31ba45589765556046701cf14827b0a32706945883e2818a9eaee6,716917,717633,715807,-0.15482963857741394,True
8,16,group,CNN,rotation,pnasnet,544ae8948520b629bf3a8f9a31078f1c147f196da7fb617522a777bb63710b15,716917,717633,716012,-0.126234975596895,True
8,16,group,CNN,rotation,resnext50,df97ed584ab7a290862794cf93b46bdcbcd3b09ed2c353b2e261ef5e073f9759,41734,41775,41734,0.0,True
8,16,group,CNN,rotation,resnext50,5404c7141aa97f3df9a815b60e7f75f6470b13feeb87f7ce4a51ece5434bad11,41734,41775,41550,-0.4408875257583711,True
8,16,group,CNN,rotation,resnext50,a3f80269c5aa55e2d12631842eaf0dbb6ac626c29a92a8203d43aa124dc45843,41734,41775,41548,-0.4456797814731406,True
8,16,group,CNN,rotation,resnet152,92a7d3d2324c0d2e93d47546842d21aefd17cff681d1bb1f73d1da9e9961ab85,204391,204595,204391,0.0,True
8,16,group,CNN,rotation,resnet152,f65c93d7f43a5166aa420316ffe48bcbf47474de59f36d6fdf3520ec8eec81d8,204391,204595,204525,0.06556061666120883,True
8,16,group,CNN,reflection,darknet19,db0a582f3d0775cb7865ab0b8f331c5a524c3824ab7b2e1408dcb27c3e9248e2,47948,47995,47948,0.0,True
8,16,group,CNN,reflection,darknet19,dd631aaf0d69bfd7882d4e5d0300f11060d1c788065c50801e1d7df3c23b98b8,47948,47995,47980,0.0667389672144747,True
8,16,group,CNN,reflection,darknet19,f65eb1c571512017986d6c56ad874db22064532d8e487d94b0584d3ad57a4689,47948,47995,47892,-0.11679319262534182,True
8,16,group,CNN,reflection,darknet19,75a9ba5c90f5a97df10b266cd3961e58a215cceffd44e1a0c182a1b5240e5f01,47948,47995,47948,0.0,True
8,16,group,CNN,reflection,vgg19,506495881d83cdcd252f816570f599bb7abaf5dfab29727da1e821963e98c853,305389,305694,305389,0.0,True
8,16,group,CNN,reflection,vgg19,0fe11998fb7253d7bdd9140c77796f5f997395375065207a1584f8ed318efe85,305389,305694,305665,0.0903765361555342,True
8,16,group,CNN,reflection,resnet50,fe6fe9ecb2f7e80f91ddd6b5a4789db615c4edf4887a354a7dac7efef4dbb1ca,71279,71350,71279,0.0,True
8,16,group,CNN,reflection,resnet50,0d148a62c550f4cdcd56efb1392f7fe15639b27ef5927b11844fdeeaadbddd43,71279,71350,71328,0.06874394983094056,True
8,16,group,CNN,reflection,googlenet,dfe8f171623a2d7efa2e8e32a47d9fa1d5c398792348b309156ec3e7f6c352d6,32827,32859,32827,0.0,True
8,16,group,CNN,reflection,googlenet,04dfbd04945fc5746034e0af22e6a4475607e02d835de7d58ec8e4a41d613860,32827,32859,32852,0.07615682212813724,True
8,16,group,CNN,reflection,resnet101,975035ad96de960072d552bcd53172541e239c477f964a625b3d336ed4f11abf,137443,137580,137443,0.0,True
8,16,group,CNN,reflection,resnet101,906194d7e81d1dc00bbd9d1c9949b4bc6aafa36171ed93d6883ad894bb141e99,137443,137580,137557,0.08294347474953057,True
8,16,group,CNN,reflection,resnet101,cdd1df9f354c519717e790dd2fc07cf817797e721d1726e5505d03b63db0d7ca,137443,137580,137335,-0.07857802871008568,True
8,16,group,CNN,reflection,densenet,cf4c20389bc328439cbbf007e88a2b1fc81547ee61918ef7e32e0eb6d96f45f5,54056,54110,54056,0.0,True
8,16,group,CNN,reflection,densenet,074d075be3f1665e605020b3429e76ced5364045a606543df19c6b17f27a7a5a,54056,54110,54006,-0.09249667011987928,True
8,16,group,CNN,reflection,densenet,792147412a242a95c5603d5a00da877b0ee3bb9e77d160b4a8b3c5ade60e582a,54056,54110,54106,0.09249667011987928,True
8,16,group,CNN,reflection,inception_resnet_v1,5669b5af2e7d292b39f8f373f894f48f1115b219d7cbce331ae3b9b958a34f51,129035,129164,129039,0.003099934126393755,True
8,16,group,CNN,reflection,inception_resnet_v1,442744e01696656c3b6a651ef63dd7f74f0be38700ef7da688cbca26a230d06b,129035,129164,129164,0.0999728755763929,True
8,16,group,CNN,reflection,inception_resnet_v1,4f242dc6a3ea8f20adee9d4f7ea16c01bdef005efafab5f4f2f38e993fe65f33,129035,129164,129031,-0.0030999341264048574,True
8,16,group,CNN,reflection,pnasnet,44e3cd417bf8ceab6a5e0f2da959dda7c694245879ba09767783a9a1c05b2a3f,716917,717633,716944,0.0037661263437849257,True
8,16,group,CNN,reflection,pnasnet,c8d06e90af31ba45589765556046701cf14827b0a32706945883e2818a9eaee6,716917,717633,715807,-0.15482963857741394,True
8,16,group,CNN,reflection,pnasnet,544ae8948520b629bf3a8f9a31078f1c147f196da7fb617522a777bb63710b15,716917,717633,716012,-0.126234975596895,True
8,16,group,CNN,reflection,resnext50,df97ed584ab7a290862794cf93b46bdcbcd3b09ed2c353b2e261ef5e073f9759,41734,41775,41734,0.0,True
8,16,group,CNN,reflection,resnext50,5404c7141aa97f3df9a815b60e7f75f6470b13feeb87f7ce4a51ece5434bad11,41734,41775,41550,-0.4408875257583711,True
8,16,group,CNN,reflection,resnext50,a3f80269c5aa55e2d12631842eaf0dbb6ac626c29a92a8203d43aa124dc45843,41734,41775,41548,-0.4456797814731406,True
8,16,group,CNN,reflection,resnet152,92a7d3d2324c0d2e93d47546842d21aefd17cff681d1bb1f73d1da9e9961ab85,204391,204595,204391,0.0,True
8,16,group,CNN,reflection,resnet152,f65c93d7f43a5166aa420316ffe48bcbf47474de59f36d6fdf3520ec8eec81d8,204391,204595,204525,0.06556061666120883,True
8,16,group,RNN,rotation,gnmt,139b29016bac5200febc9811c3eb46f4dd87cd0c473787167b4972a5cbc8555e,33676,33709,33685,0.02672526428317834,True
8,16,group,RNN,rotation,gnmt,b0ec72cee84a0f56856ff6ab22134a5241f7395391073054f1c4622106ec7d0a,33676,33709,21036,-37.53414894880627,True
8,16,group,RNN,rotation,gnmt,b8c6bf331e72b74c7b68a8f0da70fb50a57e05559bbb8c6af301ee87b49f4790,33676,33709,26523,-21.240646157500887,True
8,16,group,RNN,rotation,gnmt,c4605a1450f1dc102b4d8db229895c877d9e7b2ddf6fe5961d7217b74b21636c,33676,33709,32000,-4.976838104287918,True
8,16,group,RNN,rotation,gnmt,8a2cbbb53183428fc63b2960482a86593040d52490d666abd7e22fa33c8fbd3c,33676,33709,29509,-12.373797363107252,True
8,16,group,RNN,rotation,lstm,90a15164708523df2fa10d2ee031bb0e8d17b715cb49572400572e8c132f867d,35076,35111,35084,0.02280761774433593,True
8,16,group,RNN,rotation,lstm,b25bb2b4a699ba0621edce8e66d2b8765236783cfe5c6f293069ca64586c96a0,35076,35111,21012,-40.095791994526174,True
8,16,group,RNN,rotation,lstm,d5a5e4ed7567d7f60758007762878a72f4c7dada0c1d5fd5cd87318da86377bb,35076,35111,23734,-32.33550005701904,True
8,16,group,RNN,rotation,lstm,1b39da5065f65d1ecce00c4e13d63dd1bc64ea716a3255571bcfd5995c8e9efc,35076,35111,30159,-14.018132056106737,True
8,16,group,RNN,rotation,lstm,263b18ccaa4bf347e6587a69eac5159c0490f5a3eb7301ba32a947a2ce056569,35076,35111,35036,-0.11403808872163523,True
8,16,group,RNN,reflection,gnmt,139b29016bac5200febc9811c3eb46f4dd87cd0c473787167b4972a5cbc8555e,33676,33709,33685,0.02672526428317834,True
8,16,group,RNN,reflection,gnmt,b0ec72cee84a0f56856ff6ab22134a5241f7395391073054f1c4622106ec7d0a,33676,33709,21036,-37.53414894880627,True
8,16,group,RNN,reflection,gnmt,b8c6bf331e72b74c7b68a8f0da70fb50a57e05559bbb8c6af301ee87b49f4790,33676,33709,26601,-21.009027200380093,True
8,16,group,RNN,reflection,gnmt,c4605a1450f1dc102b4d8db229895c877d9e7b2ddf6fe5961d7217b74b21636c,33676,33709,32623,-3.126855921130778,True
8,16,group,RNN,reflection,gnmt,8a2cbbb53183428fc63b2960482a86593040d52490d666abd7e22fa33c8fbd3c,33676,33709,29509,-12.373797363107252,True
8,16,group,RNN,reflection,lstm,90a15164708523df2fa10d2ee031bb0e8d17b715cb49572400572e8c132f867d,35076,35111,35084,0.02280761774433593,True
8,16,group,RNN,reflection,lstm,b25bb2b4a699ba0621edce8e66d2b8765236783cfe5c6f293069ca64586c96a0,35076,35111,21012,-40.095791994526174,True
8,16,group,RNN,reflection,lstm,d5a5e4ed7567d7f60758007762878a72f4c7dada0c1d5fd5cd87318da86377bb,35076,35111,23776,-32.21576006386133,True
8,16,group,RNN,reflection,lstm,1b39da5065f65d1ecce00c4e13d63dd1bc64ea716a3255571bcfd5995c8e9efc,35076,35111,30271,-13.698825407686165,True
8,16,group,RNN,reflection,lstm,263b18ccaa4bf347e6587a69eac5159c0490f5a3eb7301ba32a947a2ce056569,35076,35111,35060,-0.04561523548864965,True
8,16,group,Transformer,rotation,transformer,ec59af075c74e2fe2f5682f55e8447e125eb303d1c3111f05d5fdc788b5b98da,476160,476636,476160,0.0,True
8,16,group,Transformer,rotation,transformer,190dc7a3758d2c88c3375c9280421985021a1d476bb31c3426debd5eaca49bf1,476160,476636,476448,0.060483870967731335,True
8,16,group,Transformer,rotation,transformer,f3f935e1010bc7e2fb45dd464c005e55663434c9f739897e9c56066ffe3ed897,476160,476636,476160,0.0,True
8,16,group,Transformer,rotation,transformer,ed073b73fbb7dc6cde3de2eb95c0301a8c06661e540d451add2d7aa5f3ba73c7,476160,476636,476223,0.01323084677420372,True
8,16,group,Transformer,rotation,transformer,a001f0e1e492f4d8875ad13a9ca7aafcf7ed8adf33e63d19721414b20b8a3ac6,476160,476636,476412,0.05292338709677047,True
8,16,group,Transformer,rotation,transformer_cell,ddbe0b294e32bb4e5774c5a9ffe295d569b2285a96415ab5db7226e7d704047f,83200,83283,83200,0.0,True
8,16,group,Transformer,rotation,transformer_cell,e94dd8a8d22a46ec9323c58b37050becaa57ba6147d4a622b112592383f2cb5b,83200,83283,83200,0.0,True
8,16,group,Transformer,rotation,transformer_cell,661e94ae42a834d58ea04fed5d43a4e8f153e82f002c12d66130884e78b3c51f,83200,83283,83072,-0.15384615384614886,True
8,16,group,Transformer,rotation,transformer_cell,4e29f6bef127ae0ba2b514334fc47262e4953fff31471bd93b2992a7548378e9,83200,83283,83200,0.0,True
8,16,group,Transformer,rotation,transformer_cell,935e44d06b8ae96b870b1ff278cf631d97aee6a6f3221f05a34be32a3cae4572,83200,83283,83263,0.0757211538461533,True
8,16,group,Transformer,rotation,bert_block,a112bbdc09347af1215d14ffd3e6f690754673018032d9a42351d3c876485fc0,88064,88152,88064,0.0,True
8,16,group,Transformer,rotation,bert_block,2bb8004ac25e3b651c4d8fdb07a6620813fcc9bd6ef7a298c98e61015af02a1b,88064,88152,88064,0.0,True
8,16,group,Transformer,rotation,bert_block,f8a8fa1b24a914d2ff787429131b216e574eaef1fa14718e86b363551be19732,88064,88152,88064,0.0,True
8,16,group,Transformer,rotation,bert_block,0d308b7aa8d0035fb333b19bac84fb941b3c44eea2de4367616f3865600b43b7,88064,88152,88064,0.0,True
8,16,group,Transformer,rotation,bert_block,8de13e88ad6e4bf93e22ac2c3d76011a2edea0a9abc54cc7c4475117bac62f26,88064,88152,88064,0.0,True
8,16,group,Transformer,rotation,gpt_prefill_block,e44dcfd20afba94472f76f68794c0d8a7cbc934bbf6ca2845ed670cf9f0c68ec,166400,166566,166400,0.0,True
8,16,group,Transformer,rotation,gpt_prefill_block,81a6c1e51696a80e48085153474bdd6730f74334675a0b85e4e0382a151fd10b,166400,166566,166400,0.0,True
8,16,group,Transformer,rotation,gpt_prefill_block,96da1c10349fb1d861b95572f7f2b97d1fdf5c1a6eeaf2ae685ae5f5131f492d,166400,166566,166400,0.0,True
8,16,group,Transformer,rotation,gpt_prefill_block,eb7cfc9de78db5c555aebb3c1787c3d8fa9e799ffeee8359b239bb11e760243f,166400,166566,166468,0.040865384615385025,True
8,16,group,Transformer,rotation,gpt_decode_block,de472853076dbd5977476aa71affa0e0143a4d369d2a81be7fa4e259991e4a77,7537,7544,7537,0.0,True
8,16,group,Transformer,rotation,gpt_decode_block,7cebc2ac419f6d64a0870514fab0f78da3e6764303b3c7c9bbc41dcd100f0f67,7537,7544,7058,-6.355313785325722,True
8,16,group,Transformer,rotation,gpt_decode_block,a8839ca674f6e7cfd25b4feb7c9229824598782e60a3ca634ae43cd5b31482db,7537,7544,7321,-2.8658617487063776,True
8,16,group,Transformer,rotation,gpt_decode_block,19e2f3ff37381ae2fe7ec4571d95ac1bb88d410e686a071429ac62580914418e,7537,7544,7072,-6.169563486798458,True
8,16,group,Transformer,rotation,gpt_decode_block,878f5e0d528cca268229e3a4a4516995ff6ec1caa9f49bdaec77fe9d28b2c170,7537,7544,6777,-10.083587634337265,True
8,16,group,Transformer,reflection,transformer,ec59af075c74e2fe2f5682f55e8447e125eb303d1c3111f05d5fdc788b5b98da,476160,476636,476160,0.0,True
8,16,group,Transformer,reflection,transformer,190dc7a3758d2c88c3375c9280421985021a1d476bb31c3426debd5eaca49bf1,476160,476636,476448,0.060483870967731335,True
8,16,group,Transformer,reflection,transformer,f3f935e1010bc7e2fb45dd464c005e55663434c9f739897e9c56066ffe3ed897,476160,476636,476160,0.0,True
8,16,group,Transformer,reflection,transformer,ed073b73fbb7dc6cde3de2eb95c0301a8c06661e540d451add2d7aa5f3ba73c7,476160,476636,476223,0.01323084677420372,True
8,16,group,Transformer,reflection,transformer,a001f0e1e492f4d8875ad13a9ca7aafcf7ed8adf33e63d19721414b20b8a3ac6,476160,476636,476412,0.05292338709677047,True
8,16,group,Transformer,reflection,transformer_cell,ddbe0b294e32bb4e5774c5a9ffe295d569b2285a96415ab5db7226e7d704047f,83200,83283,83200,0.0,True
8,16,group,Transformer,reflection,transformer_cell,e94dd8a8d22a46ec9323c58b37050becaa57ba6147d4a622b112592383f2cb5b,83200,83283,83226,0.031249999999993783,True
8,16,group,Transformer,reflection,transformer_cell,661e94ae42a834d58ea04fed5d43a4e8f153e82f002c12d66130884e78b3c51f,83200,83283,83072,-0.15384615384614886,True
8,16,group,Transformer,reflection,transformer_cell,4e29f6bef127ae0ba2b514334fc47262e4953fff31471bd93b2992a7548378e9,83200,83283,83200,0.0,True
8,16,group,Transformer,reflection,transformer_cell,935e44d06b8ae96b870b1ff278cf631d97aee6a6f3221f05a34be32a3cae4572,83200,83283,83263,0.0757211538461533,True
8,16,group,Transformer,reflection,bert_block,a112bbdc09347af1215d14ffd3e6f690754673018032d9a42351d3c876485fc0,88064,88152,88064,0.0,True
8,16,group,Transformer,reflection,bert_block,2bb8004ac25e3b651c4d8fdb07a6620813fcc9bd6ef7a298c98e61015af02a1b,88064,88152,88064,0.0,True
8,16,group,Transformer,reflection,bert_block,f8a8fa1b24a914d2ff787429131b216e574eaef1fa14718e86b363551be19732,88064,88152,88064,0.0,True
8,16,group,Transformer,reflection,bert_block,0d308b7aa8d0035fb333b19bac84fb941b3c44eea2de4367616f3865600b43b7,88064,88152,88064,0.0,True
8,16,group,Transformer,reflection,bert_block,8de13e88ad6e4bf93e22ac2c3d76011a2edea0a9abc54cc7c4475117bac62f26,88064,88152,88064,0.0,True
8,16,group,Transformer,reflection,gpt_prefill_block,e44dcfd20afba94472f76f68794c0d8a7cbc934bbf6ca2845ed670cf9f0c68ec,166400,166566,166400,0.0,True
8,16,group,Transformer,reflection,gpt_prefill_block,81a6c1e51696a80e48085153474bdd6730f74334675a0b85e4e0382a151fd10b,166400,166566,166400,0.0,True
8,16,group,Transformer,reflection,gpt_prefill_block,96da1c10349fb1d861b95572f7f2b97d1fdf5c1a6eeaf2ae685ae5f5131f492d,166400,166566,166400,0.0,True
8,16,group,Transformer,reflection,gpt_prefill_block,eb7cfc9de78db5c555aebb3c1787c3d8fa9e799ffeee8359b239bb11e760243f,166400,166566,166468,0.040865384615385025,True
8,16,group,Transformer,reflection,gpt_decode_block,de472853076dbd5977476aa71affa0e0143a4d369d2a81be7fa4e259991e4a77,7537,7544,7537,0.0,True
8,16,group,Transformer,reflection,gpt_decode_block,7cebc2ac419f6d64a0870514fab0f78da3e6764303b3c7c9bbc41dcd100f0f67,7537,7544,7058,-6.355313785325722,True
8,16,group,Transformer,reflection,gpt_decode_block,a8839ca674f6e7cfd25b4feb7c9229824598782e60a3ca634ae43cd5b31482db,7537,7544,7321,-2.8658617487063776,True
8,16,group,Transformer,reflection,gpt_decode_block,19e2f3ff37381ae2fe7ec4571d95ac1bb88d410e686a071429ac62580914418e,7537,7544,6854,-9.061960992437312,True
8,16,group,Transformer,reflection,gpt_decode_block,878f5e0d528cca268229e3a4a4516995ff6ec1caa9f49bdaec77fe9d28b2c170,7537,7544,6777,-10.083587634337265,True
8,16,all,ALL17,rotation,darknet19,db0a582f3d0775cb7865ab0b8f331c5a524c3824ab7b2e1408dcb27c3e9248e2,47948,47995,47948,0.0,True
8,16,all,ALL17,rotation,darknet19,dd631aaf0d69bfd7882d4e5d0300f11060d1c788065c50801e1d7df3c23b98b8,47948,47995,47980,0.0667389672144747,True
8,16,all,ALL17,rotation,darknet19,f65eb1c571512017986d6c56ad874db22064532d8e487d94b0584d3ad57a4689,47948,47995,47892,-0.11679319262534182,True
8,16,all,ALL17,rotation,darknet19,75a9ba5c90f5a97df10b266cd3961e58a215cceffd44e1a0c182a1b5240e5f01,47948,47995,47948,0.0,True
8,16,all,ALL17,rotation,vgg19,506495881d83cdcd252f816570f599bb7abaf5dfab29727da1e821963e98c853,305389,305694,305389,0.0,True
8,16,all,ALL17,rotation,vgg19,0fe11998fb7253d7bdd9140c77796f5f997395375065207a1584f8ed318efe85,305389,305694,305665,0.0903765361555342,True
8,16,all,ALL17,rotation,resnet50,fe6fe9ecb2f7e80f91ddd6b5a4789db615c4edf4887a354a7dac7efef4dbb1ca,71279,71350,71279,0.0,True
8,16,all,ALL17,rotation,resnet50,0d148a62c550f4cdcd56efb1392f7fe15639b27ef5927b11844fdeeaadbddd43,71279,71350,71328,0.06874394983094056,True
8,16,all,ALL17,rotation,googlenet,dfe8f171623a2d7efa2e8e32a47d9fa1d5c398792348b309156ec3e7f6c352d6,32827,32859,32827,0.0,True
8,16,all,ALL17,rotation,googlenet,04dfbd04945fc5746034e0af22e6a4475607e02d835de7d58ec8e4a41d613860,32827,32859,32852,0.07615682212813724,True
8,16,all,ALL17,rotation,resnet101,975035ad96de960072d552bcd53172541e239c477f964a625b3d336ed4f11abf,137443,137580,137443,0.0,True
8,16,all,ALL17,rotation,resnet101,906194d7e81d1dc00bbd9d1c9949b4bc6aafa36171ed93d6883ad894bb141e99,137443,137580,137557,0.08294347474953057,True
8,16,all,ALL17,rotation,resnet101,cdd1df9f354c519717e790dd2fc07cf817797e721d1726e5505d03b63db0d7ca,137443,137580,137335,-0.07857802871008568,True
8,16,all,ALL17,rotation,densenet,cf4c20389bc328439cbbf007e88a2b1fc81547ee61918ef7e32e0eb6d96f45f5,54056,54110,54056,0.0,True
8,16,all,ALL17,rotation,densenet,074d075be3f1665e605020b3429e76ced5364045a606543df19c6b17f27a7a5a,54056,54110,54006,-0.09249667011987928,True
8,16,all,ALL17,rotation,densenet,792147412a242a95c5603d5a00da877b0ee3bb9e77d160b4a8b3c5ade60e582a,54056,54110,54106,0.09249667011987928,True
8,16,all,ALL17,rotation,inception_resnet_v1,5669b5af2e7d292b39f8f373f894f48f1115b219d7cbce331ae3b9b958a34f51,129035,129164,129035,0.0,True
8,16,all,ALL17,rotation,inception_resnet_v1,442744e01696656c3b6a651ef63dd7f74f0be38700ef7da688cbca26a230d06b,129035,129164,129160,0.09687294144999914,True
8,16,all,ALL17,rotation,inception_resnet_v1,4f242dc6a3ea8f20adee9d4f7ea16c01bdef005efafab5f4f2f38e993fe65f33,129035,129164,129027,-0.006199868252798613,True
8,16,all,ALL17,rotation,gnmt,139b29016bac5200febc9811c3eb46f4dd87cd0c473787167b4972a5cbc8555e,33676,33709,33676,0.0,True
8,16,all,ALL17,rotation,gnmt,b0ec72cee84a0f56856ff6ab22134a5241f7395391073054f1c4622106ec7d0a,33676,33709,15876,-52.85663380448984,True
8,16,all,ALL17,rotation,gnmt,b8c6bf331e72b74c7b68a8f0da70fb50a57e05559bbb8c6af301ee87b49f4790,33676,33709,19833,-41.1064259413232,True
8,16,all,ALL17,rotation,gnmt,c4605a1450f1dc102b4d8db229895c877d9e7b2ddf6fe5961d7217b74b21636c,33676,33709,31679,-5.930039197054282,True
8,16,all,ALL17,rotation,gnmt,8a2cbbb53183428fc63b2960482a86593040d52490d666abd7e22fa33c8fbd3c,33676,33709,28856,-14.312863760541628,True
8,16,all,ALL17,rotation,lstm,90a15164708523df2fa10d2ee031bb0e8d17b715cb49572400572e8c132f867d,35076,35111,35076,0.0,True
8,16,all,ALL17,rotation,lstm,b25bb2b4a699ba0621edce8e66d2b8765236783cfe5c6f293069ca64586c96a0,35076,35111,15860,-54.78389782187251,True
8,16,all,ALL17,rotation,lstm,d5a5e4ed7567d7f60758007762878a72f4c7dada0c1d5fd5cd87318da86377bb,35076,35111,17772,-49.33287718097845,True
8,16,all,ALL17,rotation,lstm,1b39da5065f65d1ecce00c4e13d63dd1bc64ea716a3255571bcfd5995c8e9efc,35076,35111,28988,-17.35659710343255,True
8,16,all,ALL17,rotation,lstm,263b18ccaa4bf347e6587a69eac5159c0490f5a3eb7301ba32a947a2ce056569,35076,35111,34744,-0.9465161363895525,True
8,16,all,ALL17,rotation,transformer,ec59af075c74e2fe2f5682f55e8447e125eb303d1c3111f05d5fdc788b5b98da,476160,476636,476160,0.0,True
8,16,all,ALL17,rotation,transformer,190dc7a3758d2c88c3375c9280421985021a1d476bb31c3426debd5eaca49bf1,476160,476636,476448,0.060483870967731335,True
8,16,all,ALL17,rotation,transformer,f3f935e1010bc7e2fb45dd464c005e55663434c9f739897e9c56066ffe3ed897,476160,476636,476160,0.0,True
8,16,all,ALL17,rotation,transformer,ed073b73fbb7dc6cde3de2eb95c0301a8c06661e540d451add2d7aa5f3ba73c7,476160,476636,476223,0.01323084677420372,True
8,16,all,ALL17,rotation,transformer,a001f0e1e492f4d8875ad13a9ca7aafcf7ed8adf33e63d19721414b20b8a3ac6,476160,476636,476412,0.05292338709677047,True
8,16,all,ALL17,rotation,transformer_cell,ddbe0b294e32bb4e5774c5a9ffe295d569b2285a96415ab5db7226e7d704047f,83200,83283,83200,0.0,True
8,16,all,ALL17,rotation,transformer_cell,e94dd8a8d22a46ec9323c58b37050becaa57ba6147d4a622b112592383f2cb5b,83200,83283,83200,0.0,True
8,16,all,ALL17,rotation,transformer_cell,661e94ae42a834d58ea04fed5d43a4e8f153e82f002c12d66130884e78b3c51f,83200,83283,83072,-0.15384615384614886,True
8,16,all,ALL17,rotation,transformer_cell,4e29f6bef127ae0ba2b514334fc47262e4953fff31471bd93b2992a7548378e9,83200,83283,83200,0.0,True
8,16,all,ALL17,rotation,transformer_cell,935e44d06b8ae96b870b1ff278cf631d97aee6a6f3221f05a34be32a3cae4572,83200,83283,83263,0.0757211538461533,True
8,16,all,ALL17,rotation,pnasnet,44e3cd417bf8ceab6a5e0f2da959dda7c694245879ba09767783a9a1c05b2a3f,716917,717633,716944,0.0037661263437849257,True
8,16,all,ALL17,rotation,pnasnet,c8d06e90af31ba45589765556046701cf14827b0a32706945883e2818a9eaee6,716917,717633,715807,-0.15482963857741394,True
8,16,all,ALL17,rotation,pnasnet,544ae8948520b629bf3a8f9a31078f1c147f196da7fb617522a777bb63710b15,716917,717633,716012,-0.126234975596895,True
8,16,all,ALL17,rotation,resnext50,df97ed584ab7a290862794cf93b46bdcbcd3b09ed2c353b2e261ef5e073f9759,41734,41775,41734,0.0,True
8,16,all,ALL17,rotation,resnext50,5404c7141aa97f3df9a815b60e7f75f6470b13feeb87f7ce4a51ece5434bad11,41734,41775,41550,-0.4408875257583711,True
8,16,all,ALL17,rotation,resnext50,a3f80269c5aa55e2d12631842eaf0dbb6ac626c29a92a8203d43aa124dc45843,41734,41775,41548,-0.4456797814731406,True
8,16,all,ALL17,rotation,resnet152,92a7d3d2324c0d2e93d47546842d21aefd17cff681d1bb1f73d1da9e9961ab85,204391,204595,204391,0.0,True
8,16,all,ALL17,rotation,resnet152,f65c93d7f43a5166aa420316ffe48bcbf47474de59f36d6fdf3520ec8eec81d8,204391,204595,204525,0.06556061666120883,True
8,16,all,ALL17,rotation,bert_block,a112bbdc09347af1215d14ffd3e6f690754673018032d9a42351d3c876485fc0,88064,88152,88064,0.0,True
8,16,all,ALL17,rotation,bert_block,2bb8004ac25e3b651c4d8fdb07a6620813fcc9bd6ef7a298c98e61015af02a1b,88064,88152,88064,0.0,True
8,16,all,ALL17,rotation,bert_block,f8a8fa1b24a914d2ff787429131b216e574eaef1fa14718e86b363551be19732,88064,88152,88064,0.0,True
8,16,all,ALL17,rotation,bert_block,0d308b7aa8d0035fb333b19bac84fb941b3c44eea2de4367616f3865600b43b7,88064,88152,88064,0.0,True
8,16,all,ALL17,rotation,bert_block,8de13e88ad6e4bf93e22ac2c3d76011a2edea0a9abc54cc7c4475117bac62f26,88064,88152,88064,0.0,True
8,16,all,ALL17,rotation,gpt_prefill_block,e44dcfd20afba94472f76f68794c0d8a7cbc934bbf6ca2845ed670cf9f0c68ec,166400,166566,166400,0.0,True
8,16,all,ALL17,rotation,gpt_prefill_block,81a6c1e51696a80e48085153474bdd6730f74334675a0b85e4e0382a151fd10b,166400,166566,166400,0.0,True
8,16,all,ALL17,rotation,gpt_prefill_block,96da1c10349fb1d861b95572f7f2b97d1fdf5c1a6eeaf2ae685ae5f5131f492d,166400,166566,166400,0.0,True
8,16,all,ALL17,rotation,gpt_prefill_block,eb7cfc9de78db5c555aebb3c1787c3d8fa9e799ffeee8359b239bb11e760243f,166400,166566,166468,0.040865384615385025,True
8,16,all,ALL17,rotation,gpt_decode_block,de472853076dbd5977476aa71affa0e0143a4d369d2a81be7fa4e259991e4a77,7537,7544,7537,0.0,True
8,16,all,ALL17,rotation,gpt_decode_block,7cebc2ac419f6d64a0870514fab0f78da3e6764303b3c7c9bbc41dcd100f0f67,7537,7544,7058,-6.355313785325722,True
8,16,all,ALL17,rotation,gpt_decode_block,a8839ca674f6e7cfd25b4feb7c9229824598782e60a3ca634ae43cd5b31482db,7537,7544,7321,-2.8658617487063776,True
8,16,all,ALL17,rotation,gpt_decode_block,19e2f3ff37381ae2fe7ec4571d95ac1bb88d410e686a071429ac62580914418e,7537,7544,7072,-6.169563486798458,True
8,16,all,ALL17,rotation,gpt_decode_block,878f5e0d528cca268229e3a4a4516995ff6ec1caa9f49bdaec77fe9d28b2c170,7537,7544,6777,-10.083587634337265,True
8,16,all,ALL17,reflection,darknet19,db0a582f3d0775cb7865ab0b8f331c5a524c3824ab7b2e1408dcb27c3e9248e2,47948,47995,47948,0.0,True
8,16,all,ALL17,reflection,darknet19,dd631aaf0d69bfd7882d4e5d0300f11060d1c788065c50801e1d7df3c23b98b8,47948,47995,47980,0.0667389672144747,True
8,16,all,ALL17,reflection,darknet19,f65eb1c571512017986d6c56ad874db22064532d8e487d94b0584d3ad57a4689,47948,47995,47892,-0.11679319262534182,True
8,16,all,ALL17,reflection,darknet19,75a9ba5c90f5a97df10b266cd3961e58a215cceffd44e1a0c182a1b5240e5f01,47948,47995,47948,0.0,True
8,16,all,ALL17,reflection,vgg19,506495881d83cdcd252f816570f599bb7abaf5dfab29727da1e821963e98c853,305389,305694,305389,0.0,True
8,16,all,ALL17,reflection,vgg19,0fe11998fb7253d7bdd9140c77796f5f997395375065207a1584f8ed318efe85,305389,305694,305665,0.0903765361555342,True
8,16,all,ALL17,reflection,resnet50,fe6fe9ecb2f7e80f91ddd6b5a4789db615c4edf4887a354a7dac7efef4dbb1ca,71279,71350,71279,0.0,True
8,16,all,ALL17,reflection,resnet50,0d148a62c550f4cdcd56efb1392f7fe15639b27ef5927b11844fdeeaadbddd43,71279,71350,71328,0.06874394983094056,True
8,16,all,ALL17,reflection,googlenet,dfe8f171623a2d7efa2e8e32a47d9fa1d5c398792348b309156ec3e7f6c352d6,32827,32859,32827,0.0,True
8,16,all,ALL17,reflection,googlenet,04dfbd04945fc5746034e0af22e6a4475607e02d835de7d58ec8e4a41d613860,32827,32859,32852,0.07615682212813724,True
8,16,all,ALL17,reflection,resnet101,975035ad96de960072d552bcd53172541e239c477f964a625b3d336ed4f11abf,137443,137580,137443,0.0,True
8,16,all,ALL17,reflection,resnet101,906194d7e81d1dc00bbd9d1c9949b4bc6aafa36171ed93d6883ad894bb141e99,137443,137580,137557,0.08294347474953057,True
8,16,all,ALL17,reflection,resnet101,cdd1df9f354c519717e790dd2fc07cf817797e721d1726e5505d03b63db0d7ca,137443,137580,137335,-0.07857802871008568,True
8,16,all,ALL17,reflection,densenet,cf4c20389bc328439cbbf007e88a2b1fc81547ee61918ef7e32e0eb6d96f45f5,54056,54110,54056,0.0,True
8,16,all,ALL17,reflection,densenet,074d075be3f1665e605020b3429e76ced5364045a606543df19c6b17f27a7a5a,54056,54110,54006,-0.09249667011987928,True
8,16,all,ALL17,reflection,densenet,792147412a242a95c5603d5a00da877b0ee3bb9e77d160b4a8b3c5ade60e582a,54056,54110,54106,0.09249667011987928,True
8,16,all,ALL17,reflection,inception_resnet_v1,5669b5af2e7d292b39f8f373f894f48f1115b219d7cbce331ae3b9b958a34f51,129035,129164,129035,0.0,True
8,16,all,ALL17,reflection,inception_resnet_v1,442744e01696656c3b6a651ef63dd7f74f0be38700ef7da688cbca26a230d06b,129035,129164,129160,0.09687294144999914,True
8,16,all,ALL17,reflection,inception_resnet_v1,4f242dc6a3ea8f20adee9d4f7ea16c01bdef005efafab5f4f2f38e993fe65f33,129035,129164,129027,-0.006199868252798613,True
8,16,all,ALL17,reflection,gnmt,139b29016bac5200febc9811c3eb46f4dd87cd0c473787167b4972a5cbc8555e,33676,33709,33676,0.0,True
8,16,all,ALL17,reflection,gnmt,b0ec72cee84a0f56856ff6ab22134a5241f7395391073054f1c4622106ec7d0a,33676,33709,15876,-52.85663380448984,True
8,16,all,ALL17,reflection,gnmt,b8c6bf331e72b74c7b68a8f0da70fb50a57e05559bbb8c6af301ee87b49f4790,33676,33709,19837,-41.09454804608623,True
8,16,all,ALL17,reflection,gnmt,c4605a1450f1dc102b4d8db229895c877d9e7b2ddf6fe5961d7217b74b21636c,33676,33709,31749,-5.722176030407411,True
8,16,all,ALL17,reflection,gnmt,8a2cbbb53183428fc63b2960482a86593040d52490d666abd7e22fa33c8fbd3c,33676,33709,28912,-14.146573227224135,True
8,16,all,ALL17,reflection,lstm,90a15164708523df2fa10d2ee031bb0e8d17b715cb49572400572e8c132f867d,35076,35111,35076,0.0,True
8,16,all,ALL17,reflection,lstm,b25bb2b4a699ba0621edce8e66d2b8765236783cfe5c6f293069ca64586c96a0,35076,35111,15860,-54.78389782187251,True
8,16,all,ALL17,reflection,lstm,d5a5e4ed7567d7f60758007762878a72f4c7dada0c1d5fd5cd87318da86377bb,35076,35111,17774,-49.32717527654237,True
8,16,all,ALL17,reflection,lstm,1b39da5065f65d1ecce00c4e13d63dd1bc64ea716a3255571bcfd5995c8e9efc,35076,35111,28988,-17.35659710343255,True
8,16,all,ALL17,reflection,lstm,263b18ccaa4bf347e6587a69eac5159c0490f5a3eb7301ba32a947a2ce056569,35076,35111,34744,-0.9465161363895525,True
8,16,all,ALL17,reflection,transformer,ec59af075c74e2fe2f5682f55e8447e125eb303d1c3111f05d5fdc788b5b98da,476160,476636,476160,0.0,True
8,16,all,ALL17,reflection,transformer,190dc7a3758d2c88c3375c9280421985021a1d476bb31c3426debd5eaca49bf1,476160,476636,476448,0.060483870967731335,True
8,16,all,ALL17,reflection,transformer,f3f935e1010bc7e2fb45dd464c005e55663434c9f739897e9c56066ffe3ed897,476160,476636,476160,0.0,True
8,16,all,ALL17,reflection,transformer,ed073b73fbb7dc6cde3de2eb95c0301a8c06661e540d451add2d7aa5f3ba73c7,476160,476636,476223,0.01323084677420372,True
8,16,all,ALL17,reflection,transformer,a001f0e1e492f4d8875ad13a9ca7aafcf7ed8adf33e63d19721414b20b8a3ac6,476160,476636,476412,0.05292338709677047,True
8,16,all,ALL17,reflection,transformer_cell,ddbe0b294e32bb4e5774c5a9ffe295d569b2285a96415ab5db7226e7d704047f,83200,83283,83200,0.0,True
8,16,all,ALL17,reflection,transformer_cell,e94dd8a8d22a46ec9323c58b37050becaa57ba6147d4a622b112592383f2cb5b,83200,83283,83226,0.031249999999993783,True
8,16,all,ALL17,reflection,transformer_cell,661e94ae42a834d58ea04fed5d43a4e8f153e82f002c12d66130884e78b3c51f,83200,83283,83072,-0.15384615384614886,True
8,16,all,ALL17,reflection,transformer_cell,4e29f6bef127ae0ba2b514334fc47262e4953fff31471bd93b2992a7548378e9,83200,83283,83200,0.0,True
8,16,all,ALL17,reflection,transformer_cell,935e44d06b8ae96b870b1ff278cf631d97aee6a6f3221f05a34be32a3cae4572,83200,83283,83263,0.0757211538461533,True
8,16,all,ALL17,reflection,pnasnet,44e3cd417bf8ceab6a5e0f2da959dda7c694245879ba09767783a9a1c05b2a3f,716917,717633,716944,0.0037661263437849257,True
8,16,all,ALL17,reflection,pnasnet,c8d06e90af31ba45589765556046701cf14827b0a32706945883e2818a9eaee6,716917,717633,715807,-0.15482963857741394,True
8,16,all,ALL17,reflection,pnasnet,544ae8948520b629bf3a8f9a31078f1c147f196da7fb617522a777bb63710b15,716917,717633,716012,-0.126234975596895,True
8,16,all,ALL17,reflection,resnext50,df97ed584ab7a290862794cf93b46bdcbcd3b09ed2c353b2e261ef5e073f9759,41734,41775,41734,0.0,True
8,16,all,ALL17,reflection,resnext50,5404c7141aa97f3df9a815b60e7f75f6470b13feeb87f7ce4a51ece5434bad11,41734,41775,41550,-0.4408875257583711,True
8,16,all,ALL17,reflection,resnext50,a3f80269c5aa55e2d12631842eaf0dbb6ac626c29a92a8203d43aa124dc45843,41734,41775,41548,-0.4456797814731406,True
8,16,all,ALL17,reflection,resnet152,92a7d3d2324c0d2e93d47546842d21aefd17cff681d1bb1f73d1da9e9961ab85,204391,204595,204391,0.0,True
8,16,all,ALL17,reflection,resnet152,f65c93d7f43a5166aa420316ffe48bcbf47474de59f36d6fdf3520ec8eec81d8,204391,204595,204525,0.06556061666120883,True
8,16,all,ALL17,reflection,bert_block,a112bbdc09347af1215d14ffd3e6f690754673018032d9a42351d3c876485fc0,88064,88152,88064,0.0,True
8,16,all,ALL17,reflection,bert_block,2bb8004ac25e3b651c4d8fdb07a6620813fcc9bd6ef7a298c98e61015af02a1b,88064,88152,88064,0.0,True
8,16,all,ALL17,reflection,bert_block,f8a8fa1b24a914d2ff787429131b216e574eaef1fa14718e86b363551be19732,88064,88152,88064,0.0,True
8,16,all,ALL17,reflection,bert_block,0d308b7aa8d0035fb333b19bac84fb941b3c44eea2de4367616f3865600b43b7,88064,88152,88064,0.0,True
8,16,all,ALL17,reflection,bert_block,8de13e88ad6e4bf93e22ac2c3d76011a2edea0a9abc54cc7c4475117bac62f26,88064,88152,88064,0.0,True
8,16,all,ALL17,reflection,gpt_prefill_block,e44dcfd20afba94472f76f68794c0d8a7cbc934bbf6ca2845ed670cf9f0c68ec,166400,166566,166400,0.0,True
8,16,all,ALL17,reflection,gpt_prefill_block,81a6c1e51696a80e48085153474bdd6730f74334675a0b85e4e0382a151fd10b,166400,166566,166400,0.0,True
8,16,all,ALL17,reflection,gpt_prefill_block,96da1c10349fb1d861b95572f7f2b97d1fdf5c1a6eeaf2ae685ae5f5131f492d,166400,166566,166400,0.0,True
8,16,all,ALL17,reflection,gpt_prefill_block,eb7cfc9de78db5c555aebb3c1787c3d8fa9e799ffeee8359b239bb11e760243f,166400,166566,166468,0.040865384615385025,True
8,16,all,ALL17,reflection,gpt_decode_block,de472853076dbd5977476aa71affa0e0143a4d369d2a81be7fa4e259991e4a77,7537,7544,7537,0.0,True
8,16,all,ALL17,reflection,gpt_decode_block,7cebc2ac419f6d64a0870514fab0f78da3e6764303b3c7c9bbc41dcd100f0f67,7537,7544,7058,-6.355313785325722,True
8,16,all,ALL17,reflection,gpt_decode_block,a8839ca674f6e7cfd25b4feb7c9229824598782e60a3ca634ae43cd5b31482db,7537,7544,7321,-2.8658617487063776,True
8,16,all,ALL17,reflection,gpt_decode_block,19e2f3ff37381ae2fe7ec4571d95ac1bb88d410e686a071429ac62580914418e,7537,7544,6854,-9.061960992437312,True
8,16,all,ALL17,reflection,gpt_decode_block,878f5e0d528cca268229e3a4a4516995ff6ec1caa9f49bdaec77fe9d28b2c170,7537,7544,6777,-10.083587634337265,True
16,1,workload,darknet19,rotation,darknet19,e34517f3801a33b40a3a4003fa37a8b88d178e27ed6a2c55a0a7400f8e9a804a,348781,349129,348781,0.0,True
16,1,workload,darknet19,rotation,darknet19,5f97c80c46675a9ee7c46febf8ac0cd78280fc216b0e748e47bbd0fb85acd020,348781,349129,348797,0.004587405850653425,True
16,1,workload,darknet19,rotation,darknet19,ee17bf238496b3fa77c9d51be118613984d84626f834cd8ca5a4fc940fc32cad,348781,349129,348797,0.004587405850653425,True
16,1,workload,darknet19,rotation,darknet19,337ee8b036ced1322d292265b5def51af0f0cb4e122304febf051151857de884,348781,349129,348781,0.0,True
16,1,workload,darknet19,rotation,darknet19,ed782e86a8083199e4b31045f60978798e74b162ae00382e50dca0be7a316f6a,348781,349129,349037,0.07339849361061024,True
16,1,workload,darknet19,reflection,darknet19,e34517f3801a33b40a3a4003fa37a8b88d178e27ed6a2c55a0a7400f8e9a804a,348781,349129,348781,0.0,True
16,1,workload,darknet19,reflection,darknet19,5f97c80c46675a9ee7c46febf8ac0cd78280fc216b0e748e47bbd0fb85acd020,348781,349129,348797,0.004587405850653425,True
16,1,workload,darknet19,reflection,darknet19,ee17bf238496b3fa77c9d51be118613984d84626f834cd8ca5a4fc940fc32cad,348781,349129,348797,0.004587405850653425,True
16,1,workload,darknet19,reflection,darknet19,337ee8b036ced1322d292265b5def51af0f0cb4e122304febf051151857de884,348781,349129,348781,0.0,True
16,1,workload,darknet19,reflection,darknet19,ed782e86a8083199e4b31045f60978798e74b162ae00382e50dca0be7a316f6a,348781,349129,349037,0.07339849361061024,True
16,1,workload,vgg19,rotation,vgg19,02556a3a4a776ea0f8d1d1ceb85eba00f3c8d83b68cc150930356d3dd281b122,2396884,2399280,2396884,0.0,True
16,1,workload,vgg19,rotation,vgg19,c71d96627f501506a875f3c6abed01de8eac4df148b711bcff1b808a9acb09c7,2396884,2399280,2396884,0.0,True
16,1,workload,vgg19,rotation,vgg19,989fa4fe8aaf928e2d76d64a2125e00209e7649e6d75df95cc56dc954a8c1ffc,2396884,2399280,2396884,0.0,True
16,1,workload,vgg19,rotation,vgg19,f04a8ce75cac78171858198d89f543fd2fdc6466d4c227cbc514f872f75287ba,2396884,2399280,2398893,0.08381715594079076,True
16,1,workload,vgg19,rotation,vgg19,15df9157e228c6950655fb8b1ff034f2a2126b6d3723b655643e17bb2bf92a42,2396884,2399280,2396884,0.0,True
16,1,workload,vgg19,reflection,vgg19,02556a3a4a776ea0f8d1d1ceb85eba00f3c8d83b68cc150930356d3dd281b122,2396884,2399280,2396884,0.0,True
16,1,workload,vgg19,reflection,vgg19,c71d96627f501506a875f3c6abed01de8eac4df148b711bcff1b808a9acb09c7,2396884,2399280,2396884,0.0,True
16,1,workload,vgg19,reflection,vgg19,989fa4fe8aaf928e2d76d64a2125e00209e7649e6d75df95cc56dc954a8c1ffc,2396884,2399280,2396884,0.0,True
16,1,workload,vgg19,reflection,vgg19,f04a8ce75cac78171858198d89f543fd2fdc6466d4c227cbc514f872f75287ba,2396884,2399280,2398109,0.05110802191512498,True
16,1,workload,vgg19,reflection,vgg19,15df9157e228c6950655fb8b1ff034f2a2126b6d3723b655643e17bb2bf92a42,2396884,2399280,2396884,0.0,True
16,1,workload,resnet50,rotation,resnet50,d9586dee7c13ebb103155b0a6a8bb2b0bc2dfa8af83f10332f62cbf0c1f89df7,501781,502282,501796,0.002989351928439632,True
16,1,workload,resnet50,rotation,resnet50,d25e25d9a5857cc2debc27b34c16ce6ee5d8ea9fb471f930c41d13bcf45ae530,501781,502282,501796,0.002989351928439632,True
16,1,workload,resnet50,rotation,resnet50,ce628f523213f283c296cf3aaa00ec30d9ea44101304257c5d0b65f4dba98f68,501781,502282,501796,0.002989351928439632,True
16,1,workload,resnet50,rotation,resnet50,5915c3ec7d38fa55d3b03deb06f93606a4a3136e97aa5e4f9bf97a6eaf869860,501781,502282,501796,0.002989351928439632,True
16,1,workload,resnet50,rotation,resnet50,df8df26b9a2ba11b4c90dbfe931d57c29dde90f21a1b59927f01ca34f5b33379,501781,502282,501796,0.002989351928439632,True
16,1,workload,resnet50,reflection,resnet50,d9586dee7c13ebb103155b0a6a8bb2b0bc2dfa8af83f10332f62cbf0c1f89df7,501781,502282,501796,0.002989351928439632,True
16,1,workload,resnet50,reflection,resnet50,d25e25d9a5857cc2debc27b34c16ce6ee5d8ea9fb471f930c41d13bcf45ae530,501781,502282,501796,0.002989351928439632,True
16,1,workload,resnet50,reflection,resnet50,ce628f523213f283c296cf3aaa00ec30d9ea44101304257c5d0b65f4dba98f68,501781,502282,501796,0.002989351928439632,True
16,1,workload,resnet50,reflection,resnet50,5915c3ec7d38fa55d3b03deb06f93606a4a3136e97aa5e4f9bf97a6eaf869860,501781,502282,501796,0.002989351928439632,True
16,1,workload,resnet50,reflection,resnet50,df8df26b9a2ba11b4c90dbfe931d57c29dde90f21a1b59927f01ca34f5b33379,501781,502282,501796,0.002989351928439632,True
16,1,workload,googlenet,rotation,googlenet,10b75e60e197ba806d4d928f2ae033765f2c8cec2ab3a31a43e6e674ffc770cf,231991,232222,231991,0.0,True
16,1,workload,googlenet,rotation,googlenet,9ebeefbbdcaaee29db41356f356e8ae9a3d4fee20057b19cbb3164f8445ce640,231991,232222,232011,0.008621024091448604,True
16,1,workload,googlenet,rotation,googlenet,46b1e185ccad7e7a5277b1042687745628514664a0afb77035a039c30c09abe6,231991,232222,231994,0.0012931536137239519,True
16,1,workload,googlenet,rotation,googlenet,70cd03ce96cd5bcfc348ccfc2daebd1fd8e60ce5785fecef757b51e7bd9583fd,231991,232222,232222,0.099572828256278,True
16,1,workload,googlenet,rotation,googlenet,27fa36eaa98fce4d560eb4e9ef9b3280ccac536be7de23ae1a615b043c696706,231991,232222,231994,0.0012931536137239519,True
16,1,workload,googlenet,reflection,googlenet,10b75e60e197ba806d4d928f2ae033765f2c8cec2ab3a31a43e6e674ffc770cf,231991,232222,231991,0.0,True
16,1,workload,googlenet,reflection,googlenet,9ebeefbbdcaaee29db41356f356e8ae9a3d4fee20057b19cbb3164f8445ce640,231991,232222,232011,0.008621024091448604,True
16,1,workload,googlenet,reflection,googlenet,46b1e185ccad7e7a5277b1042687745628514664a0afb77035a039c30c09abe6,231991,232222,231994,0.0012931536137239519,True
16,1,workload,googlenet,reflection,googlenet,70cd03ce96cd5bcfc348ccfc2daebd1fd8e60ce5785fecef757b51e7bd9583fd,231991,232222,232222,0.099572828256278,True
16,1,workload,googlenet,reflection,googlenet,27fa36eaa98fce4d560eb4e9ef9b3280ccac536be7de23ae1a615b043c696706,231991,232222,231994,0.0012931536137239519,True
16,1,workload,resnet101,rotation,resnet101,2f37063ce9d4b9fb9e1f12f4f343007763ef408d7f27e997d30ca0f1f77212ea,968261,969229,968265,0.00041311175396074873,True
16,1,workload,resnet101,rotation,resnet101,51ca1d6a8d29dd4acb624353b6435032feeff86ec8c7c43f3366298fd16e3fa5,968261,969229,969161,0.09295014464074658,True
16,1,workload,resnet101,rotation,resnet101,93e28f5dfe2718b01eb3786b858a8a7ef9dd7fe93f301e08fc9894ac7f0e8780,968261,969229,968265,0.00041311175396074873,True
16,1,workload,resnet101,rotation,resnet101,887fa614097573ec969f08fe390bf921e16f7100a9f2820962246e74819dc2af,968261,969229,969225,0.09955993270409635,True
16,1,workload,resnet101,rotation,resnet101,d37b36c41988b660080e811c76afd429ac8fe362bb45849eceb31f2073e89ff9,968261,969229,969225,0.09955993270409635,True
16,1,workload,resnet101,reflection,resnet101,2f37063ce9d4b9fb9e1f12f4f343007763ef408d7f27e997d30ca0f1f77212ea,968261,969229,968265,0.00041311175396074873,True
16,1,workload,resnet101,reflection,resnet101,51ca1d6a8d29dd4acb624353b6435032feeff86ec8c7c43f3366298fd16e3fa5,968261,969229,969161,0.09295014464074658,True
16,1,workload,resnet101,reflection,resnet101,93e28f5dfe2718b01eb3786b858a8a7ef9dd7fe93f301e08fc9894ac7f0e8780,968261,969229,968265,0.00041311175396074873,True
16,1,workload,resnet101,reflection,resnet101,887fa614097573ec969f08fe390bf921e16f7100a9f2820962246e74819dc2af,968261,969229,969225,0.09955993270409635,True
16,1,workload,resnet101,reflection,resnet101,d37b36c41988b660080e811c76afd429ac8fe362bb45849eceb31f2073e89ff9,968261,969229,969225,0.09955993270409635,True
16,1,workload,densenet,rotation,densenet,6a86c47d89f91371c961c772163ab8c8c194c88133c0316ebf1c24e1350b8ab5,361563,361924,361570,0.001936038809291496,True
16,1,workload,densenet,rotation,densenet,51ec0d766876a68b7244964601322dff91054061a0621d3a3b373fccb6ac64eb,361563,361924,361694,0.036231583430823555,True
16,1,workload,densenet,rotation,densenet,1b414742cf9c1ee630ded902cd06a40eea8af99ee4850101c0e33e72b23267bf,361563,361924,361585,0.006084693400598695,True
16,1,workload,densenet,rotation,densenet,288713f02b5e941cbf8a55f95f79e63a82008ae4a332efe90cd2df07791640bf,361563,361924,361583,0.005531539455083667,True
16,1,workload,densenet,rotation,densenet,e59ed8e6d2b722bf631ffe53fad9aa07019ce4baf4f1fd839d68fe38f7086ea6,361563,361924,361711,0.04093339196764578,True
16,1,workload,densenet,reflection,densenet,6a86c47d89f91371c961c772163ab8c8c194c88133c0316ebf1c24e1350b8ab5,361563,361924,361570,0.001936038809291496,True
16,1,workload,densenet,reflection,densenet,51ec0d766876a68b7244964601322dff91054061a0621d3a3b373fccb6ac64eb,361563,361924,361694,0.036231583430823555,True
16,1,workload,densenet,reflection,densenet,1b414742cf9c1ee630ded902cd06a40eea8af99ee4850101c0e33e72b23267bf,361563,361924,361586,0.006361270373345107,True
16,1,workload,densenet,reflection,densenet,288713f02b5e941cbf8a55f95f79e63a82008ae4a332efe90cd2df07791640bf,361563,361924,361585,0.006084693400598695,True
16,1,workload,densenet,reflection,densenet,e59ed8e6d2b722bf631ffe53fad9aa07019ce4baf4f1fd839d68fe38f7086ea6,361563,361924,361712,0.0412099689404144,True
16,1,workload,inception_resnet_v1,rotation,inception_resnet_v1,f4eb5fbb27af945ea08567c4f2026d04443fe72fd94add86568f148f11547607,828861,829689,828880,0.0022923023281329336,True
16,1,workload,inception_resnet_v1,rotation,inception_resnet_v1,efc3fab37268caa53e250a107798e5469b0af31c19d0b6c049c9c2b65afd7aac,828861,829689,828936,0.009048561821578538,True
16,1,workload,inception_resnet_v1,rotation,inception_resnet_v1,1a208d71fdea97ba06b8b039c2edf313e68ef86046a80f0082f01562974a5d9e,828861,829689,828882,0.002533597310039326,True
16,1,workload,inception_resnet_v1,rotation,inception_resnet_v1,60ab32633fe1437bd874939e510f2aff2437ed27602f55677669487f2acd07f6,828861,829689,828931,0.008445324366812557,True
16,1,workload,inception_resnet_v1,rotation,inception_resnet_v1,f941a00dde4ee3ed0f9f7e368508ad5004cea3f025c38bf7a4ac289986196944,828861,829689,828894,0.003981367201499886,True
16,1,workload,inception_resnet_v1,reflection,inception_resnet_v1,f4eb5fbb27af945ea08567c4f2026d04443fe72fd94add86568f148f11547607,828861,829689,828880,0.0022923023281329336,True
16,1,workload,inception_resnet_v1,reflection,inception_resnet_v1,efc3fab37268caa53e250a107798e5469b0af31c19d0b6c049c9c2b65afd7aac,828861,829689,828936,0.009048561821578538,True
16,1,workload,inception_resnet_v1,reflection,inception_resnet_v1,1a208d71fdea97ba06b8b039c2edf313e68ef86046a80f0082f01562974a5d9e,828861,829689,828882,0.002533597310039326,True
16,1,workload,inception_resnet_v1,reflection,inception_resnet_v1,60ab32633fe1437bd874939e510f2aff2437ed27602f55677669487f2acd07f6,828861,829689,828931,0.008445324366812557,True
16,1,workload,inception_resnet_v1,reflection,inception_resnet_v1,f941a00dde4ee3ed0f9f7e368508ad5004cea3f025c38bf7a4ac289986196944,828861,829689,828894,0.003981367201499886,True
16,1,workload,gnmt,rotation,gnmt,f9aa80f2ac8b004f70585cc266b13c836435173c0fa9c76ad2f02d1f1c20c956,31468,31499,31468,0.0,True
16,1,workload,gnmt,rotation,gnmt,3d1378663f3aab440ed720a2dd855c1eea32c4b66152485e91297b409971bcc5,31468,31499,31476,0.02542265158256285,True
16,1,workload,gnmt,rotation,gnmt,c7db807919211ae54aa07f8c60fc84020121c5a3a6a2436df77d2ab618f83fe3,31468,31499,31492,0.07626795474768855,True
16,1,workload,gnmt,rotation,gnmt,2641224488e8a3f3d1967021a3a66583c14680e35ebfe35ccf683803e2829d79,31468,31499,31495,0.08580144909113852,True
16,1,workload,gnmt,rotation,gnmt,26591d59f7643884ad2f2353fa8d6d851605e90f0565636442b9091c9f7a4111,31468,31499,31481,0.04131180882165353,True
16,1,workload,gnmt,reflection,gnmt,f9aa80f2ac8b004f70585cc266b13c836435173c0fa9c76ad2f02d1f1c20c956,31468,31499,31468,0.0,True
16,1,workload,gnmt,reflection,gnmt,3d1378663f3aab440ed720a2dd855c1eea32c4b66152485e91297b409971bcc5,31468,31499,31476,0.02542265158256285,True
16,1,workload,gnmt,reflection,gnmt,c7db807919211ae54aa07f8c60fc84020121c5a3a6a2436df77d2ab618f83fe3,31468,31499,31492,0.07626795474768855,True
16,1,workload,gnmt,reflection,gnmt,2641224488e8a3f3d1967021a3a66583c14680e35ebfe35ccf683803e2829d79,31468,31499,31495,0.08580144909113852,True
16,1,workload,gnmt,reflection,gnmt,26591d59f7643884ad2f2353fa8d6d851605e90f0565636442b9091c9f7a4111,31468,31499,31481,0.04131180882165353,True
16,1,workload,lstm,rotation,lstm,12b879770ca261450d18737d272468e02438c9a0b8ec779a5f79819b76c28519,31436,31467,31436,0.0,True
16,1,workload,lstm,rotation,lstm,f6d394fa66c53de6941c8696b1533369fc640f8d584664dad04791b908b45131,31436,31467,31444,0.025448530347382814,True
16,1,workload,lstm,rotation,lstm,bb404bbc773e4d1197b309e47d24ebd7d45bac1c3055711ca3be903689edbcfb,31436,31467,31452,0.05089706069474342,True
16,1,workload,lstm,rotation,lstm,4bbbdcd196b4185c31edf82b980b569f3c9057270d383aefde21d671c1f6b49a,31436,31467,31442,0.01908639776053711,True
16,1,workload,lstm,rotation,lstm,0093e30a1e3c128b520fd6beaae8d26238518b9d1bfb0bba3bbb7c4c452ee140,31436,31467,31463,0.08588878992237259,True
16,1,workload,lstm,reflection,lstm,12b879770ca261450d18737d272468e02438c9a0b8ec779a5f79819b76c28519,31436,31467,31436,0.0,True
16,1,workload,lstm,reflection,lstm,f6d394fa66c53de6941c8696b1533369fc640f8d584664dad04791b908b45131,31436,31467,31444,0.025448530347382814,True
16,1,workload,lstm,reflection,lstm,bb404bbc773e4d1197b309e47d24ebd7d45bac1c3055711ca3be903689edbcfb,31436,31467,31452,0.05089706069474342,True
16,1,workload,lstm,reflection,lstm,4bbbdcd196b4185c31edf82b980b569f3c9057270d383aefde21d671c1f6b49a,31436,31467,31442,0.01908639776053711,True
16,1,workload,lstm,reflection,lstm,0093e30a1e3c128b520fd6beaae8d26238518b9d1bfb0bba3bbb7c4c452ee140,31436,31467,31463,0.08588878992237259,True
16,1,workload,transformer,rotation,transformer,817db136f3e012c4c0348cb6acc9bc52bc59f25d5e9a91a6094235d21d00e31d,3499008,3502507,3499008,0.0,True
16,1,workload,transformer,rotation,transformer,e2752878df9b1ba22227876a51d2509f5b7c7ab93cd9778bdd2e13b7d5246cc4,3499008,3502507,3501760,0.07865086333040949,True
16,1,workload,transformer,rotation,transformer,78a2b94e0179a7c4d069877176ab53111c8704e497a62fa9818c8c2d9fe836f8,3499008,3502507,3502144,0.08962540239976224,True
16,1,workload,transformer,rotation,transformer,d1a1ef612210456c4b78b8caca155e812d240191e35db548531794edc94f71ed,3499008,3502507,3502144,0.08962540239976224,True
16,1,workload,transformer,rotation,transformer,1dbd47aeda7c44b3406565a9e904368fe055e573fa2444b5aa4a0ec0ef8e3585,3499008,3502507,3502144,0.08962540239976224,True
16,1,workload,transformer,reflection,transformer,817db136f3e012c4c0348cb6acc9bc52bc59f25d5e9a91a6094235d21d00e31d,3499008,3502507,3499008,0.0,True
16,1,workload,transformer,reflection,transformer,e2752878df9b1ba22227876a51d2509f5b7c7ab93cd9778bdd2e13b7d5246cc4,3499008,3502507,3501760,0.07865086333040949,True
16,1,workload,transformer,reflection,transformer,78a2b94e0179a7c4d069877176ab53111c8704e497a62fa9818c8c2d9fe836f8,3499008,3502507,3502144,0.08962540239976224,True
16,1,workload,transformer,reflection,transformer,d1a1ef612210456c4b78b8caca155e812d240191e35db548531794edc94f71ed,3499008,3502507,3502144,0.08962540239976224,True
16,1,workload,transformer,reflection,transformer,1dbd47aeda7c44b3406565a9e904368fe055e573fa2444b5aa4a0ec0ef8e3585,3499008,3502507,3502144,0.08962540239976224,True
16,1,workload,transformer_cell,rotation,transformer_cell,a0163ce5001601c5e5ce7f1c3f89633d56c3408b25a42439c058bdff6478d17e,611328,611939,611328,0.0,True
16,1,workload,transformer_cell,rotation,transformer_cell,efbecd35d6ef1a5cf82b9f42006316a9f58b4c9fc3118d9a190962843e728874,611328,611939,611712,0.06281407035175768,True
16,1,workload,transformer_cell,rotation,transformer_cell,fbee63bf5f527c988fc86eedf8f4fe15bd785ffa11ba2c089dafd57f876590d0,611328,611939,611712,0.06281407035175768,True
16,1,workload,transformer_cell,rotation,transformer_cell,c91b337ba4780f3b520792e2c61b12c5287c3e70e5d8e55b6d228d12598f452c,611328,611939,611840,0.08375209380233617,True
16,1,workload,transformer_cell,rotation,transformer_cell,93a7437d12214b604ca09634b1c89ea8107f7ed903c661d2fd9fbca487a495c8,611328,611939,611924,0.0974926716917901,True
16,1,workload,transformer_cell,reflection,transformer_cell,a0163ce5001601c5e5ce7f1c3f89633d56c3408b25a42439c058bdff6478d17e,611328,611939,611328,0.0,True
16,1,workload,transformer_cell,reflection,transformer_cell,efbecd35d6ef1a5cf82b9f42006316a9f58b4c9fc3118d9a190962843e728874,611328,611939,611712,0.06281407035175768,True
16,1,workload,transformer_cell,reflection,transformer_cell,fbee63bf5f527c988fc86eedf8f4fe15bd785ffa11ba2c089dafd57f876590d0,611328,611939,611712,0.06281407035175768,True
16,1,workload,transformer_cell,reflection,transformer_cell,c91b337ba4780f3b520792e2c61b12c5287c3e70e5d8e55b6d228d12598f452c,611328,611939,611840,0.08375209380233617,True
16,1,workload,transformer_cell,reflection,transformer_cell,93a7437d12214b604ca09634b1c89ea8107f7ed903c661d2fd9fbca487a495c8,611328,611939,611924,0.0974926716917901,True
16,1,workload,pnasnet,rotation,pnasnet,1ae0b5a32c200a35a23ecf3a6874f90e7ae76dce1439693e263b644fd9e083e1,4780895,4785675,4780925,0.0006274975710596209,True
16,1,workload,pnasnet,rotation,pnasnet,68bb41cdeab603523494ffac4569d5054cdc418e443bb2294b45ef35e1a2593d,4780895,4785675,4783240,0.049049393471300995,True
16,1,workload,pnasnet,rotation,pnasnet,5f4f2b222569454c6ace327749b383806023b5617397c4aa847cdd5cd9945611,4780895,4785675,4784646,0.07845811296838257,True
16,1,workload,pnasnet,rotation,pnasnet,cf52d822869e25feea7bc388865cceab90ece2ecf323684b201e695697f37384,4780895,4785675,4781523,0.01313561582088063,True
16,1,workload,pnasnet,rotation,pnasnet,aac3ec4185b774ca5544ae4581395c61c4753474ef7d677727257cc955883470,4780895,4785675,4782331,0.03003621706814119,True
16,1,workload,pnasnet,reflection,pnasnet,1ae0b5a32c200a35a23ecf3a6874f90e7ae76dce1439693e263b644fd9e083e1,4780895,4785675,4781954,0.022150664258480113,True
16,1,workload,pnasnet,reflection,pnasnet,68bb41cdeab603523494ffac4569d5054cdc418e443bb2294b45ef35e1a2593d,4780895,4785675,4784269,0.07057256015872149,True
16,1,workload,pnasnet,reflection,pnasnet,5f4f2b222569454c6ace327749b383806023b5617397c4aa847cdd5cd9945611,4780895,4785675,4785675,0.09998127965580306,True
16,1,workload,pnasnet,reflection,pnasnet,cf52d822869e25feea7bc388865cceab90ece2ecf323684b201e695697f37384,4780895,4785675,4782672,0.037168772792539606,True
16,1,workload,pnasnet,reflection,pnasnet,aac3ec4185b774ca5544ae4581395c61c4753474ef7d677727257cc955883470,4780895,4785675,4783377,0.051914965712485106,True
16,1,workload,resnext50,rotation,resnext50,3a2aa7e03bddce7c3de201004e30d4c1acdff8f6fd1daa0e1a90027816f5690e,289777,290066,289792,0.005176394261785511,True
16,1,workload,resnext50,rotation,resnext50,f94cd68345081771da6a908fda525fd604c6f8f4056ed8b485a16dec52f3a9ea,289777,290066,289792,0.005176394261785511,True
16,1,workload,resnext50,rotation,resnext50,c0bc6de4f278b248ddc907ff9721f5073bde5b00434080b8e5578baed54b1cc5,289777,290066,289792,0.005176394261785511,True
16,1,workload,resnext50,rotation,resnext50,cddb63093e1ca922eca21423bad75251b9126418ed135a7cfb493a636e2d4719,289777,290066,289792,0.005176394261785511,True
16,1,workload,resnext50,rotation,resnext50,501590a3024ea91a98347016dc7b744b98efd7aa50f20602c37f3c00b8bd63a7,289777,290066,289792,0.005176394261785511,True
16,1,workload,resnext50,reflection,resnext50,3a2aa7e03bddce7c3de201004e30d4c1acdff8f6fd1daa0e1a90027816f5690e,289777,290066,289792,0.005176394261785511,True
16,1,workload,resnext50,reflection,resnext50,f94cd68345081771da6a908fda525fd604c6f8f4056ed8b485a16dec52f3a9ea,289777,290066,289792,0.005176394261785511,True
16,1,workload,resnext50,reflection,resnext50,c0bc6de4f278b248ddc907ff9721f5073bde5b00434080b8e5578baed54b1cc5,289777,290066,289792,0.005176394261785511,True
16,1,workload,resnext50,reflection,resnext50,cddb63093e1ca922eca21423bad75251b9126418ed135a7cfb493a636e2d4719,289777,290066,289792,0.005176394261785511,True
16,1,workload,resnext50,reflection,resnext50,501590a3024ea91a98347016dc7b744b98efd7aa50f20602c37f3c00b8bd63a7,289777,290066,289792,0.005176394261785511,True
16,1,workload,resnet152,rotation,resnet152,d34b763f04de61f55ce483eaea3c71f33d9bc57038d74a59cccc6049265ae425,1437877,1439314,1437892,0.0010432046691155605,True
16,1,workload,resnet152,rotation,resnet152,156615ce75e348b6f885db4d2bf389a9f7ee648ff9288a09a4c8db583fc0bbf1,1437877,1439314,1438900,0.07114655843303286,True
16,1,workload,resnet152,rotation,resnet152,ef16a0151c8c44486b7cfc8fb01a9c5de0c40a7ccf5536dbee1f40c6384de35b,1437877,1439314,1437900,0.0015995804926394186,True
16,1,workload,resnet152,rotation,resnet152,c5dc5bf46cc738904fe4048815b89f6d6f37e525550d60a7323bf0090716a3af,1437877,1439314,1437900,0.0015995804926394186,True
16,1,workload,resnet152,rotation,resnet152,e54f1658e217f14e87fd6adbd4ffb517af3e410bf2fc91b5bfd2a4d36eebcd9e,1437877,1439314,1437900,0.0015995804926394186,True
16,1,workload,resnet152,reflection,resnet152,d34b763f04de61f55ce483eaea3c71f33d9bc57038d74a59cccc6049265ae425,1437877,1439314,1437892,0.0010432046691155605,True
16,1,workload,resnet152,reflection,resnet152,156615ce75e348b6f885db4d2bf389a9f7ee648ff9288a09a4c8db583fc0bbf1,1437877,1439314,1438900,0.07114655843303286,True
16,1,workload,resnet152,reflection,resnet152,ef16a0151c8c44486b7cfc8fb01a9c5de0c40a7ccf5536dbee1f40c6384de35b,1437877,1439314,1437900,0.0015995804926394186,True
16,1,workload,resnet152,reflection,resnet152,c5dc5bf46cc738904fe4048815b89f6d6f37e525550d60a7323bf0090716a3af,1437877,1439314,1437900,0.0015995804926394186,True
16,1,workload,resnet152,reflection,resnet152,e54f1658e217f14e87fd6adbd4ffb517af3e410bf2fc91b5bfd2a4d36eebcd9e,1437877,1439314,1437900,0.0015995804926394186,True
16,1,workload,bert_block,rotation,bert_block,0e25d76e84fc9dacbc1bcb604827c8cd5976f1b533d7815ad8e88989676ee4cf,669696,670365,669696,0.0,True
16,1,workload,bert_block,rotation,bert_block,bda79f29e458af4ed80d3d02db353695059768dbd271eb358feb6e219be2dd17,669696,670365,669952,0.03822629969418845,True
16,1,workload,bert_block,rotation,bert_block,96b6ba429d63dadf5452e0c88e0aed6f7fcdbf94f67561676be0f43d4feea513,669696,670365,670336,0.09556574923548222,True
16,1,workload,bert_block,rotation,bert_block,cbc27c92a326c6cd2cdb8d989f57639f39385e3ef5295644a520708f438a3991,669696,670365,670272,0.08600917431191846,True
16,1,workload,bert_block,rotation,bert_block,a1d2f534b2d8fe69f1007c1d8a4e9c886649881c32545e416415010238ed5389,669696,670365,670272,0.08600917431191846,True
16,1,workload,bert_block,reflection,bert_block,0e25d76e84fc9dacbc1bcb604827c8cd5976f1b533d7815ad8e88989676ee4cf,669696,670365,669696,0.0,True
16,1,workload,bert_block,reflection,bert_block,bda79f29e458af4ed80d3d02db353695059768dbd271eb358feb6e219be2dd17,669696,670365,669952,0.03822629969418845,True
16,1,workload,bert_block,reflection,bert_block,96b6ba429d63dadf5452e0c88e0aed6f7fcdbf94f67561676be0f43d4feea513,669696,670365,670336,0.09556574923548222,True
16,1,workload,bert_block,reflection,bert_block,cbc27c92a326c6cd2cdb8d989f57639f39385e3ef5295644a520708f438a3991,669696,670365,670272,0.08600917431191846,True
16,1,workload,bert_block,reflection,bert_block,a1d2f534b2d8fe69f1007c1d8a4e9c886649881c32545e416415010238ed5389,669696,670365,670272,0.08600917431191846,True
16,1,workload,gpt_prefill_block,rotation,gpt_prefill_block,8a153872e3fbacef8fffea73af765d53cee231025f026d3f2ed25a78db7fc886,1276800,1278076,1276800,0.0,True
16,1,workload,gpt_prefill_block,rotation,gpt_prefill_block,7b233227d54bb21089f78ead04520bcb86dacb6b9e989787abce33a3aaea00bb,1276800,1278076,1277200,0.03132832080201542,True
16,1,workload,gpt_prefill_block,rotation,gpt_prefill_block,89ae9ca27fc3eb976fc2e9125678a0bba6819dca82593b40bd2c48718f71eeed,1276800,1278076,1277800,0.07832080200500524,True
16,1,workload,gpt_prefill_block,rotation,gpt_prefill_block,07299e1fcaf04ce0bb527e79f6a8ee3bdfc17dddb168dd7d4c8cb77d220520da,1276800,1278076,1277736,0.07330827067668633,True
16,1,workload,gpt_prefill_block,rotation,gpt_prefill_block,c9ec0aed119d7397a3d0827d952b49ab56de2ce7ed34da4fd98284ca0f0f98e9,1276800,1278076,1277736,0.07330827067668633,True
16,1,workload,gpt_prefill_block,reflection,gpt_prefill_block,8a153872e3fbacef8fffea73af765d53cee231025f026d3f2ed25a78db7fc886,1276800,1278076,1276800,0.0,True
16,1,workload,gpt_prefill_block,reflection,gpt_prefill_block,7b233227d54bb21089f78ead04520bcb86dacb6b9e989787abce33a3aaea00bb,1276800,1278076,1277200,0.03132832080201542,True
16,1,workload,gpt_prefill_block,reflection,gpt_prefill_block,89ae9ca27fc3eb976fc2e9125678a0bba6819dca82593b40bd2c48718f71eeed,1276800,1278076,1277800,0.07832080200500524,True
16,1,workload,gpt_prefill_block,reflection,gpt_prefill_block,07299e1fcaf04ce0bb527e79f6a8ee3bdfc17dddb168dd7d4c8cb77d220520da,1276800,1278076,1277736,0.07330827067668633,True
16,1,workload,gpt_prefill_block,reflection,gpt_prefill_block,c9ec0aed119d7397a3d0827d952b49ab56de2ce7ed34da4fd98284ca0f0f98e9,1276800,1278076,1277736,0.07330827067668633,True
16,1,workload,gpt_decode_block,rotation,gpt_decode_block,a2fc5b9684596afb701ba56022511f6e9a075f490a9030b3c4cc555b885654e8,13274,13287,13278,0.030134096730449755,True
16,1,workload,gpt_decode_block,rotation,gpt_decode_block,d6c8dd85f6e0f73182cd48cb8edaac02f10ccf8aafde79489ba840e508678e56,13274,13287,13283,0.06780171764351195,True
16,1,workload,gpt_decode_block,rotation,gpt_decode_block,087419b796ba428086b3d45b5784d1f34bbc0499358aa368dd12412fb7cd9559,13274,13287,13278,0.030134096730449755,True
16,1,workload,gpt_decode_block,rotation,gpt_decode_block,cf229f5ce0c9fa33ae7053d9cb89f9f68c40e4d20b3b85f37537f72e6ad0a165,13274,13287,13278,0.030134096730449755,True
16,1,workload,gpt_decode_block,rotation,gpt_decode_block,bf864eec9eda8ad85cdfb5e36d20199e7e95f81c7ac43a003b75729dd7e123bb,13274,13287,13278,0.030134096730449755,True
16,1,workload,gpt_decode_block,reflection,gpt_decode_block,a2fc5b9684596afb701ba56022511f6e9a075f490a9030b3c4cc555b885654e8,13274,13287,13278,0.030134096730449755,True
16,1,workload,gpt_decode_block,reflection,gpt_decode_block,d6c8dd85f6e0f73182cd48cb8edaac02f10ccf8aafde79489ba840e508678e56,13274,13287,13283,0.06780171764351195,True
16,1,workload,gpt_decode_block,reflection,gpt_decode_block,087419b796ba428086b3d45b5784d1f34bbc0499358aa368dd12412fb7cd9559,13274,13287,13278,0.030134096730449755,True
16,1,workload,gpt_decode_block,reflection,gpt_decode_block,cf229f5ce0c9fa33ae7053d9cb89f9f68c40e4d20b3b85f37537f72e6ad0a165,13274,13287,13278,0.030134096730449755,True
16,1,workload,gpt_decode_block,reflection,gpt_decode_block,bf864eec9eda8ad85cdfb5e36d20199e7e95f81c7ac43a003b75729dd7e123bb,13274,13287,13278,0.030134096730449755,True
16,1,group,CNN,rotation,darknet19,e34517f3801a33b40a3a4003fa37a8b88d178e27ed6a2c55a0a7400f8e9a804a,348781,349129,348781,0.0,True
16,1,group,CNN,rotation,darknet19,5f97c80c46675a9ee7c46febf8ac0cd78280fc216b0e748e47bbd0fb85acd020,348781,349129,348781,0.0,True
16,1,group,CNN,rotation,darknet19,ee17bf238496b3fa77c9d51be118613984d84626f834cd8ca5a4fc940fc32cad,348781,349129,348781,0.0,True
16,1,group,CNN,rotation,darknet19,337ee8b036ced1322d292265b5def51af0f0cb4e122304febf051151857de884,348781,349129,348781,0.0,True
16,1,group,CNN,rotation,darknet19,ed782e86a8083199e4b31045f60978798e74b162ae00382e50dca0be7a316f6a,348781,349129,348921,0.04013980119330629,True
16,1,group,CNN,rotation,vgg19,02556a3a4a776ea0f8d1d1ceb85eba00f3c8d83b68cc150930356d3dd281b122,2396884,2399280,2396884,0.0,True
16,1,group,CNN,rotation,vgg19,c71d96627f501506a875f3c6abed01de8eac4df148b711bcff1b808a9acb09c7,2396884,2399280,2396884,0.0,True
16,1,group,CNN,rotation,vgg19,989fa4fe8aaf928e2d76d64a2125e00209e7649e6d75df95cc56dc954a8c1ffc,2396884,2399280,2396884,0.0,True
16,1,group,CNN,rotation,vgg19,f04a8ce75cac78171858198d89f543fd2fdc6466d4c227cbc514f872f75287ba,2396884,2399280,2397212,0.013684433622995762,True
16,1,group,CNN,rotation,vgg19,15df9157e228c6950655fb8b1ff034f2a2126b6d3723b655643e17bb2bf92a42,2396884,2399280,2396884,0.0,True
16,1,group,CNN,rotation,resnet50,d9586dee7c13ebb103155b0a6a8bb2b0bc2dfa8af83f10332f62cbf0c1f89df7,501781,502282,501781,0.0,True
16,1,group,CNN,rotation,resnet50,d25e25d9a5857cc2debc27b34c16ce6ee5d8ea9fb471f930c41d13bcf45ae530,501781,502282,501782,0.00019929012855524064,True
16,1,group,CNN,rotation,resnet50,ce628f523213f283c296cf3aaa00ec30d9ea44101304257c5d0b65f4dba98f68,501781,502282,501781,0.0,True
16,1,group,CNN,rotation,resnet50,5915c3ec7d38fa55d3b03deb06f93606a4a3136e97aa5e4f9bf97a6eaf869860,501781,502282,501781,0.0,True
16,1,group,CNN,rotation,resnet50,df8df26b9a2ba11b4c90dbfe931d57c29dde90f21a1b59927f01ca34f5b33379,501781,502282,501783,0.00039858025713268574,True
16,1,group,CNN,rotation,googlenet,10b75e60e197ba806d4d928f2ae033765f2c8cec2ab3a31a43e6e674ffc770cf,231991,232222,231991,0.0,True
16,1,group,CNN,rotation,googlenet,9ebeefbbdcaaee29db41356f356e8ae9a3d4fee20057b19cbb3164f8445ce640,231991,232222,231991,0.0,True
16,1,group,CNN,rotation,googlenet,46b1e185ccad7e7a5277b1042687745628514664a0afb77035a039c30c09abe6,231991,232222,231991,0.0,True
16,1,group,CNN,rotation,googlenet,70cd03ce96cd5bcfc348ccfc2daebd1fd8e60ce5785fecef757b51e7bd9583fd,231991,232222,232222,0.099572828256278,True
16,1,group,CNN,rotation,googlenet,27fa36eaa98fce4d560eb4e9ef9b3280ccac536be7de23ae1a615b043c696706,231991,232222,231991,0.0,True
16,1,group,CNN,rotation,resnet101,2f37063ce9d4b9fb9e1f12f4f343007763ef408d7f27e997d30ca0f1f77212ea,968261,969229,968261,0.0,True
16,1,group,CNN,rotation,resnet101,51ca1d6a8d29dd4acb624353b6435032feeff86ec8c7c43f3366298fd16e3fa5,968261,969229,969157,0.09253703288678583,True
16,1,group,CNN,rotation,resnet101,93e28f5dfe2718b01eb3786b858a8a7ef9dd7fe93f301e08fc9894ac7f0e8780,968261,969229,968262,0.00010327793849018718,True
16,1,group,CNN,rotation,resnet101,887fa614097573ec969f08fe390bf921e16f7100a9f2820962246e74819dc2af,968261,969229,969221,0.0991468209501356,True
16,1,group,CNN,rotation,resnet101,d37b36c41988b660080e811c76afd429ac8fe362bb45849eceb31f2073e89ff9,968261,969229,969221,0.0991468209501356,True
16,1,group,CNN,rotation,densenet,6a86c47d89f91371c961c772163ab8c8c194c88133c0316ebf1c24e1350b8ab5,361563,361924,361563,0.0,True
16,1,group,CNN,rotation,densenet,51ec0d766876a68b7244964601322dff91054061a0621d3a3b373fccb6ac64eb,361563,361924,361687,0.034295544621554264,True
16,1,group,CNN,rotation,densenet,1b414742cf9c1ee630ded902cd06a40eea8af99ee4850101c0e33e72b23267bf,361563,361924,361563,0.0,True
16,1,group,CNN,rotation,densenet,288713f02b5e941cbf8a55f95f79e63a82008ae4a332efe90cd2df07791640bf,361563,361924,361563,0.0,True
16,1,group,CNN,rotation,densenet,e59ed8e6d2b722bf631ffe53fad9aa07019ce4baf4f1fd839d68fe38f7086ea6,361563,361924,361687,0.034295544621554264,True
16,1,group,CNN,rotation,inception_resnet_v1,f4eb5fbb27af945ea08567c4f2026d04443fe72fd94add86568f148f11547607,828861,829689,828862,0.00012064749095319627,True
16,1,group,CNN,rotation,inception_resnet_v1,efc3fab37268caa53e250a107798e5469b0af31c19d0b6c049c9c2b65afd7aac,828861,829689,828862,0.00012064749095319627,True
16,1,group,CNN,rotation,inception_resnet_v1,1a208d71fdea97ba06b8b039c2edf313e68ef86046a80f0082f01562974a5d9e,828861,829689,828862,0.00012064749095319627,True
16,1,group,CNN,rotation,inception_resnet_v1,60ab32633fe1437bd874939e510f2aff2437ed27602f55677669487f2acd07f6,828861,829689,828862,0.00012064749095319627,True
16,1,group,CNN,rotation,inception_resnet_v1,f941a00dde4ee3ed0f9f7e368508ad5004cea3f025c38bf7a4ac289986196944,828861,829689,828868,0.0008445324366723739,True
16,1,group,CNN,rotation,pnasnet,1ae0b5a32c200a35a23ecf3a6874f90e7ae76dce1439693e263b644fd9e083e1,4780895,4785675,4780899,8.366634280942975e-05,True
16,1,group,CNN,rotation,pnasnet,68bb41cdeab603523494ffac4569d5054cdc418e443bb2294b45ef35e1a2593d,4780895,4785675,4783214,0.048505562243050804,True
16,1,group,CNN,rotation,pnasnet,5f4f2b222569454c6ace327749b383806023b5617397c4aa847cdd5cd9945611,4780895,4785675,4784620,0.07791428174013237,True
16,1,group,CNN,rotation,pnasnet,cf52d822869e25feea7bc388865cceab90ece2ecf323684b201e695697f37384,4780895,4785675,4780899,8.366634280942975e-05,True
16,1,group,CNN,rotation,pnasnet,aac3ec4185b774ca5544ae4581395c61c4753474ef7d677727257cc955883470,4780895,4785675,4782301,0.02940871949708157,True
16,1,group,CNN,rotation,resnext50,3a2aa7e03bddce7c3de201004e30d4c1acdff8f6fd1daa0e1a90027816f5690e,289777,290066,289777,0.0,True
16,1,group,CNN,rotation,resnext50,f94cd68345081771da6a908fda525fd604c6f8f4056ed8b485a16dec52f3a9ea,289777,290066,289777,0.0,True
16,1,group,CNN,rotation,resnext50,c0bc6de4f278b248ddc907ff9721f5073bde5b00434080b8e5578baed54b1cc5,289777,290066,289778,0.0003450929507931022,True
16,1,group,CNN,rotation,resnext50,cddb63093e1ca922eca21423bad75251b9126418ed135a7cfb493a636e2d4719,289777,290066,289778,0.0003450929507931022,True
16,1,group,CNN,rotation,resnext50,501590a3024ea91a98347016dc7b744b98efd7aa50f20602c37f3c00b8bd63a7,289777,290066,289779,0.000690185901564,True
16,1,group,CNN,rotation,resnet152,d34b763f04de61f55ce483eaea3c71f33d9bc57038d74a59cccc6049265ae425,1437877,1439314,1437877,0.0,True
16,1,group,CNN,rotation,resnet152,156615ce75e348b6f885db4d2bf389a9f7ee648ff9288a09a4c8db583fc0bbf1,1437877,1439314,1438885,0.0701033537639173,True
16,1,group,CNN,rotation,resnet152,ef16a0151c8c44486b7cfc8fb01a9c5de0c40a7ccf5536dbee1f40c6384de35b,1437877,1439314,1437880,0.00020864093381867121,True
16,1,group,CNN,rotation,resnet152,c5dc5bf46cc738904fe4048815b89f6d6f37e525550d60a7323bf0090716a3af,1437877,1439314,1437880,0.00020864093381867121,True
16,1,group,CNN,rotation,resnet152,e54f1658e217f14e87fd6adbd4ffb517af3e410bf2fc91b5bfd2a4d36eebcd9e,1437877,1439314,1437880,0.00020864093381867121,True
16,1,group,CNN,reflection,darknet19,e34517f3801a33b40a3a4003fa37a8b88d178e27ed6a2c55a0a7400f8e9a804a,348781,349129,348781,0.0,True
16,1,group,CNN,reflection,darknet19,5f97c80c46675a9ee7c46febf8ac0cd78280fc216b0e748e47bbd0fb85acd020,348781,349129,348781,0.0,True
16,1,group,CNN,reflection,darknet19,ee17bf238496b3fa77c9d51be118613984d84626f834cd8ca5a4fc940fc32cad,348781,349129,348781,0.0,True
16,1,group,CNN,reflection,darknet19,337ee8b036ced1322d292265b5def51af0f0cb4e122304febf051151857de884,348781,349129,348781,0.0,True
16,1,group,CNN,reflection,darknet19,ed782e86a8083199e4b31045f60978798e74b162ae00382e50dca0be7a316f6a,348781,349129,348921,0.04013980119330629,True
16,1,group,CNN,reflection,vgg19,02556a3a4a776ea0f8d1d1ceb85eba00f3c8d83b68cc150930356d3dd281b122,2396884,2399280,2396884,0.0,True
16,1,group,CNN,reflection,vgg19,c71d96627f501506a875f3c6abed01de8eac4df148b711bcff1b808a9acb09c7,2396884,2399280,2396884,0.0,True
16,1,group,CNN,reflection,vgg19,989fa4fe8aaf928e2d76d64a2125e00209e7649e6d75df95cc56dc954a8c1ffc,2396884,2399280,2396884,0.0,True
16,1,group,CNN,reflection,vgg19,f04a8ce75cac78171858198d89f543fd2fdc6466d4c227cbc514f872f75287ba,2396884,2399280,2397212,0.013684433622995762,True
16,1,group,CNN,reflection,vgg19,15df9157e228c6950655fb8b1ff034f2a2126b6d3723b655643e17bb2bf92a42,2396884,2399280,2396884,0.0,True
16,1,group,CNN,reflection,resnet50,d9586dee7c13ebb103155b0a6a8bb2b0bc2dfa8af83f10332f62cbf0c1f89df7,501781,502282,501781,0.0,True
16,1,group,CNN,reflection,resnet50,d25e25d9a5857cc2debc27b34c16ce6ee5d8ea9fb471f930c41d13bcf45ae530,501781,502282,501782,0.00019929012855524064,True
16,1,group,CNN,reflection,resnet50,ce628f523213f283c296cf3aaa00ec30d9ea44101304257c5d0b65f4dba98f68,501781,502282,501781,0.0,True
16,1,group,CNN,reflection,resnet50,5915c3ec7d38fa55d3b03deb06f93606a4a3136e97aa5e4f9bf97a6eaf869860,501781,502282,501781,0.0,True
16,1,group,CNN,reflection,resnet50,df8df26b9a2ba11b4c90dbfe931d57c29dde90f21a1b59927f01ca34f5b33379,501781,502282,501783,0.00039858025713268574,True
16,1,group,CNN,reflection,googlenet,10b75e60e197ba806d4d928f2ae033765f2c8cec2ab3a31a43e6e674ffc770cf,231991,232222,231991,0.0,True
16,1,group,CNN,reflection,googlenet,9ebeefbbdcaaee29db41356f356e8ae9a3d4fee20057b19cbb3164f8445ce640,231991,232222,231991,0.0,True
16,1,group,CNN,reflection,googlenet,46b1e185ccad7e7a5277b1042687745628514664a0afb77035a039c30c09abe6,231991,232222,231991,0.0,True
16,1,group,CNN,reflection,googlenet,70cd03ce96cd5bcfc348ccfc2daebd1fd8e60ce5785fecef757b51e7bd9583fd,231991,232222,232222,0.099572828256278,True
16,1,group,CNN,reflection,googlenet,27fa36eaa98fce4d560eb4e9ef9b3280ccac536be7de23ae1a615b043c696706,231991,232222,231991,0.0,True
16,1,group,CNN,reflection,resnet101,2f37063ce9d4b9fb9e1f12f4f343007763ef408d7f27e997d30ca0f1f77212ea,968261,969229,968261,0.0,True
16,1,group,CNN,reflection,resnet101,51ca1d6a8d29dd4acb624353b6435032feeff86ec8c7c43f3366298fd16e3fa5,968261,969229,969157,0.09253703288678583,True
16,1,group,CNN,reflection,resnet101,93e28f5dfe2718b01eb3786b858a8a7ef9dd7fe93f301e08fc9894ac7f0e8780,968261,969229,968262,0.00010327793849018718,True
16,1,group,CNN,reflection,resnet101,887fa614097573ec969f08fe390bf921e16f7100a9f2820962246e74819dc2af,968261,969229,969221,0.0991468209501356,True
16,1,group,CNN,reflection,resnet101,d37b36c41988b660080e811c76afd429ac8fe362bb45849eceb31f2073e89ff9,968261,969229,969221,0.0991468209501356,True
16,1,group,CNN,reflection,densenet,6a86c47d89f91371c961c772163ab8c8c194c88133c0316ebf1c24e1350b8ab5,361563,361924,361563,0.0,True
16,1,group,CNN,reflection,densenet,51ec0d766876a68b7244964601322dff91054061a0621d3a3b373fccb6ac64eb,361563,361924,361687,0.034295544621554264,True
16,1,group,CNN,reflection,densenet,1b414742cf9c1ee630ded902cd06a40eea8af99ee4850101c0e33e72b23267bf,361563,361924,361563,0.0,True
16,1,group,CNN,reflection,densenet,288713f02b5e941cbf8a55f95f79e63a82008ae4a332efe90cd2df07791640bf,361563,361924,361563,0.0,True
16,1,group,CNN,reflection,densenet,e59ed8e6d2b722bf631ffe53fad9aa07019ce4baf4f1fd839d68fe38f7086ea6,361563,361924,361687,0.034295544621554264,True
16,1,group,CNN,reflection,inception_resnet_v1,f4eb5fbb27af945ea08567c4f2026d04443fe72fd94add86568f148f11547607,828861,829689,828862,0.00012064749095319627,True
16,1,group,CNN,reflection,inception_resnet_v1,efc3fab37268caa53e250a107798e5469b0af31c19d0b6c049c9c2b65afd7aac,828861,829689,828862,0.00012064749095319627,True
16,1,group,CNN,reflection,inception_resnet_v1,1a208d71fdea97ba06b8b039c2edf313e68ef86046a80f0082f01562974a5d9e,828861,829689,828862,0.00012064749095319627,True
16,1,group,CNN,reflection,inception_resnet_v1,60ab32633fe1437bd874939e510f2aff2437ed27602f55677669487f2acd07f6,828861,829689,828862,0.00012064749095319627,True
16,1,group,CNN,reflection,inception_resnet_v1,f941a00dde4ee3ed0f9f7e368508ad5004cea3f025c38bf7a4ac289986196944,828861,829689,828868,0.0008445324366723739,True
16,1,group,CNN,reflection,pnasnet,1ae0b5a32c200a35a23ecf3a6874f90e7ae76dce1439693e263b644fd9e083e1,4780895,4785675,4780899,8.366634280942975e-05,True
16,1,group,CNN,reflection,pnasnet,68bb41cdeab603523494ffac4569d5054cdc418e443bb2294b45ef35e1a2593d,4780895,4785675,4783214,0.048505562243050804,True
16,1,group,CNN,reflection,pnasnet,5f4f2b222569454c6ace327749b383806023b5617397c4aa847cdd5cd9945611,4780895,4785675,4784620,0.07791428174013237,True
16,1,group,CNN,reflection,pnasnet,cf52d822869e25feea7bc388865cceab90ece2ecf323684b201e695697f37384,4780895,4785675,4780899,8.366634280942975e-05,True
16,1,group,CNN,reflection,pnasnet,aac3ec4185b774ca5544ae4581395c61c4753474ef7d677727257cc955883470,4780895,4785675,4782301,0.02940871949708157,True
16,1,group,CNN,reflection,resnext50,3a2aa7e03bddce7c3de201004e30d4c1acdff8f6fd1daa0e1a90027816f5690e,289777,290066,289777,0.0,True
16,1,group,CNN,reflection,resnext50,f94cd68345081771da6a908fda525fd604c6f8f4056ed8b485a16dec52f3a9ea,289777,290066,289777,0.0,True
16,1,group,CNN,reflection,resnext50,c0bc6de4f278b248ddc907ff9721f5073bde5b00434080b8e5578baed54b1cc5,289777,290066,289778,0.0003450929507931022,True
16,1,group,CNN,reflection,resnext50,cddb63093e1ca922eca21423bad75251b9126418ed135a7cfb493a636e2d4719,289777,290066,289778,0.0003450929507931022,True
16,1,group,CNN,reflection,resnext50,501590a3024ea91a98347016dc7b744b98efd7aa50f20602c37f3c00b8bd63a7,289777,290066,289779,0.000690185901564,True
16,1,group,CNN,reflection,resnet152,d34b763f04de61f55ce483eaea3c71f33d9bc57038d74a59cccc6049265ae425,1437877,1439314,1437877,0.0,True
16,1,group,CNN,reflection,resnet152,156615ce75e348b6f885db4d2bf389a9f7ee648ff9288a09a4c8db583fc0bbf1,1437877,1439314,1438885,0.0701033537639173,True
16,1,group,CNN,reflection,resnet152,ef16a0151c8c44486b7cfc8fb01a9c5de0c40a7ccf5536dbee1f40c6384de35b,1437877,1439314,1437880,0.00020864093381867121,True
16,1,group,CNN,reflection,resnet152,c5dc5bf46cc738904fe4048815b89f6d6f37e525550d60a7323bf0090716a3af,1437877,1439314,1437880,0.00020864093381867121,True
16,1,group,CNN,reflection,resnet152,e54f1658e217f14e87fd6adbd4ffb517af3e410bf2fc91b5bfd2a4d36eebcd9e,1437877,1439314,1437880,0.00020864093381867121,True
16,1,group,RNN,rotation,gnmt,f9aa80f2ac8b004f70585cc266b13c836435173c0fa9c76ad2f02d1f1c20c956,31468,31499,31468,0.0,True
16,1,group,RNN,rotation,gnmt,3d1378663f3aab440ed720a2dd855c1eea32c4b66152485e91297b409971bcc5,31468,31499,31476,0.02542265158256285,True
16,1,group,RNN,rotation,gnmt,c7db807919211ae54aa07f8c60fc84020121c5a3a6a2436df77d2ab618f83fe3,31468,31499,31492,0.07626795474768855,True
16,1,group,RNN,rotation,gnmt,2641224488e8a3f3d1967021a3a66583c14680e35ebfe35ccf683803e2829d79,31468,31499,31495,0.08580144909113852,True
16,1,group,RNN,rotation,gnmt,26591d59f7643884ad2f2353fa8d6d851605e90f0565636442b9091c9f7a4111,31468,31499,31470,0.006355662895640712,True
16,1,group,RNN,rotation,lstm,12b879770ca261450d18737d272468e02438c9a0b8ec779a5f79819b76c28519,31436,31467,31436,0.0,True
16,1,group,RNN,rotation,lstm,f6d394fa66c53de6941c8696b1533369fc640f8d584664dad04791b908b45131,31436,31467,31444,0.025448530347382814,True
16,1,group,RNN,rotation,lstm,bb404bbc773e4d1197b309e47d24ebd7d45bac1c3055711ca3be903689edbcfb,31436,31467,31452,0.05089706069474342,True
16,1,group,RNN,rotation,lstm,4bbbdcd196b4185c31edf82b980b569f3c9057270d383aefde21d671c1f6b49a,31436,31467,31442,0.01908639776053711,True
16,1,group,RNN,rotation,lstm,0093e30a1e3c128b520fd6beaae8d26238518b9d1bfb0bba3bbb7c4c452ee140,31436,31467,31463,0.08588878992237259,True
16,1,group,RNN,reflection,gnmt,f9aa80f2ac8b004f70585cc266b13c836435173c0fa9c76ad2f02d1f1c20c956,31468,31499,31468,0.0,True
16,1,group,RNN,reflection,gnmt,3d1378663f3aab440ed720a2dd855c1eea32c4b66152485e91297b409971bcc5,31468,31499,31476,0.02542265158256285,True
16,1,group,RNN,reflection,gnmt,c7db807919211ae54aa07f8c60fc84020121c5a3a6a2436df77d2ab618f83fe3,31468,31499,31492,0.07626795474768855,True
16,1,group,RNN,reflection,gnmt,2641224488e8a3f3d1967021a3a66583c14680e35ebfe35ccf683803e2829d79,31468,31499,31495,0.08580144909113852,True
16,1,group,RNN,reflection,gnmt,26591d59f7643884ad2f2353fa8d6d851605e90f0565636442b9091c9f7a4111,31468,31499,31470,0.006355662895640712,True
16,1,group,RNN,reflection,lstm,12b879770ca261450d18737d272468e02438c9a0b8ec779a5f79819b76c28519,31436,31467,31436,0.0,True
16,1,group,RNN,reflection,lstm,f6d394fa66c53de6941c8696b1533369fc640f8d584664dad04791b908b45131,31436,31467,31444,0.025448530347382814,True
16,1,group,RNN,reflection,lstm,bb404bbc773e4d1197b309e47d24ebd7d45bac1c3055711ca3be903689edbcfb,31436,31467,31452,0.05089706069474342,True
16,1,group,RNN,reflection,lstm,4bbbdcd196b4185c31edf82b980b569f3c9057270d383aefde21d671c1f6b49a,31436,31467,31442,0.01908639776053711,True
16,1,group,RNN,reflection,lstm,0093e30a1e3c128b520fd6beaae8d26238518b9d1bfb0bba3bbb7c4c452ee140,31436,31467,31463,0.08588878992237259,True
16,1,group,Transformer,rotation,transformer,817db136f3e012c4c0348cb6acc9bc52bc59f25d5e9a91a6094235d21d00e31d,3499008,3502507,3499008,0.0,True
16,1,group,Transformer,rotation,transformer,e2752878df9b1ba22227876a51d2509f5b7c7ab93cd9778bdd2e13b7d5246cc4,3499008,3502507,3501376,0.06767632426105674,True
16,1,group,Transformer,rotation,transformer,78a2b94e0179a7c4d069877176ab53111c8704e497a62fa9818c8c2d9fe836f8,3499008,3502507,3501376,0.06767632426105674,True
16,1,group,Transformer,rotation,transformer,d1a1ef612210456c4b78b8caca155e812d240191e35db548531794edc94f71ed,3499008,3502507,3501376,0.06767632426105674,True
16,1,group,Transformer,rotation,transformer,1dbd47aeda7c44b3406565a9e904368fe055e573fa2444b5aa4a0ec0ef8e3585,3499008,3502507,3501376,0.06767632426105674,True
16,1,group,Transformer,rotation,transformer_cell,a0163ce5001601c5e5ce7f1c3f89633d56c3408b25a42439c058bdff6478d17e,611328,611939,611328,0.0,True
16,1,group,Transformer,rotation,transformer_cell,efbecd35d6ef1a5cf82b9f42006316a9f58b4c9fc3118d9a190962843e728874,611328,611939,611328,0.0,True
16,1,group,Transformer,rotation,transformer_cell,fbee63bf5f527c988fc86eedf8f4fe15bd785ffa11ba2c089dafd57f876590d0,611328,611939,611328,0.0,True
16,1,group,Transformer,rotation,transformer_cell,c91b337ba4780f3b520792e2c61b12c5287c3e70e5d8e55b6d228d12598f452c,611328,611939,611840,0.08375209380233617,True
16,1,group,Transformer,rotation,transformer_cell,93a7437d12214b604ca09634b1c89ea8107f7ed903c661d2fd9fbca487a495c8,611328,611939,611924,0.0974926716917901,True
16,1,group,Transformer,rotation,bert_block,0e25d76e84fc9dacbc1bcb604827c8cd5976f1b533d7815ad8e88989676ee4cf,669696,670365,669696,0.0,True
16,1,group,Transformer,rotation,bert_block,bda79f29e458af4ed80d3d02db353695059768dbd271eb358feb6e219be2dd17,669696,670365,669696,0.0,True
16,1,group,Transformer,rotation,bert_block,96b6ba429d63dadf5452e0c88e0aed6f7fcdbf94f67561676be0f43d4feea513,669696,670365,669696,0.0,True
16,1,group,Transformer,rotation,bert_block,cbc27c92a326c6cd2cdb8d989f57639f39385e3ef5295644a520708f438a3991,669696,670365,670016,0.04778287461773001,True
16,1,group,Transformer,rotation,bert_block,a1d2f534b2d8fe69f1007c1d8a4e9c886649881c32545e416415010238ed5389,669696,670365,670016,0.04778287461773001,True
16,1,group,Transformer,rotation,gpt_prefill_block,8a153872e3fbacef8fffea73af765d53cee231025f026d3f2ed25a78db7fc886,1276800,1278076,1276800,0.0,True
16,1,group,Transformer,rotation,gpt_prefill_block,7b233227d54bb21089f78ead04520bcb86dacb6b9e989787abce33a3aaea00bb,1276800,1278076,1276800,0.0,True
16,1,group,Transformer,rotation,gpt_prefill_block,89ae9ca27fc3eb976fc2e9125678a0bba6819dca82593b40bd2c48718f71eeed,1276800,1278076,1276800,0.0,True
16,1,group,Transformer,rotation,gpt_prefill_block,07299e1fcaf04ce0bb527e79f6a8ee3bdfc17dddb168dd7d4c8cb77d220520da,1276800,1278076,1277336,0.04197994987469311,True
16,1,group,Transformer,rotation,gpt_prefill_block,c9ec0aed119d7397a3d0827d952b49ab56de2ce7ed34da4fd98284ca0f0f98e9,1276800,1278076,1277336,0.04197994987469311,True
16,1,group,Transformer,rotation,gpt_decode_block,a2fc5b9684596afb701ba56022511f6e9a075f490a9030b3c4cc555b885654e8,13274,13287,13278,0.030134096730449755,True
16,1,group,Transformer,rotation,gpt_decode_block,d6c8dd85f6e0f73182cd48cb8edaac02f10ccf8aafde79489ba840e508678e56,13274,13287,13283,0.06780171764351195,True
16,1,group,Transformer,rotation,gpt_decode_block,087419b796ba428086b3d45b5784d1f34bbc0499358aa368dd12412fb7cd9559,13274,13287,13278,0.030134096730449755,True
16,1,group,Transformer,rotation,gpt_decode_block,cf229f5ce0c9fa33ae7053d9cb89f9f68c40e4d20b3b85f37537f72e6ad0a165,13274,13287,13278,0.030134096730449755,True
16,1,group,Transformer,rotation,gpt_decode_block,bf864eec9eda8ad85cdfb5e36d20199e7e95f81c7ac43a003b75729dd7e123bb,13274,13287,13278,0.030134096730449755,True
16,1,group,Transformer,reflection,transformer,817db136f3e012c4c0348cb6acc9bc52bc59f25d5e9a91a6094235d21d00e31d,3499008,3502507,3499008,0.0,True
16,1,group,Transformer,reflection,transformer,e2752878df9b1ba22227876a51d2509f5b7c7ab93cd9778bdd2e13b7d5246cc4,3499008,3502507,3501376,0.06767632426105674,True
16,1,group,Transformer,reflection,transformer,78a2b94e0179a7c4d069877176ab53111c8704e497a62fa9818c8c2d9fe836f8,3499008,3502507,3501376,0.06767632426105674,True
16,1,group,Transformer,reflection,transformer,d1a1ef612210456c4b78b8caca155e812d240191e35db548531794edc94f71ed,3499008,3502507,3501376,0.06767632426105674,True
16,1,group,Transformer,reflection,transformer,1dbd47aeda7c44b3406565a9e904368fe055e573fa2444b5aa4a0ec0ef8e3585,3499008,3502507,3501376,0.06767632426105674,True
16,1,group,Transformer,reflection,transformer_cell,a0163ce5001601c5e5ce7f1c3f89633d56c3408b25a42439c058bdff6478d17e,611328,611939,611328,0.0,True
16,1,group,Transformer,reflection,transformer_cell,efbecd35d6ef1a5cf82b9f42006316a9f58b4c9fc3118d9a190962843e728874,611328,611939,611328,0.0,True
16,1,group,Transformer,reflection,transformer_cell,fbee63bf5f527c988fc86eedf8f4fe15bd785ffa11ba2c089dafd57f876590d0,611328,611939,611328,0.0,True
16,1,group,Transformer,reflection,transformer_cell,c91b337ba4780f3b520792e2c61b12c5287c3e70e5d8e55b6d228d12598f452c,611328,611939,611840,0.08375209380233617,True
16,1,group,Transformer,reflection,transformer_cell,93a7437d12214b604ca09634b1c89ea8107f7ed903c661d2fd9fbca487a495c8,611328,611939,611924,0.0974926716917901,True
16,1,group,Transformer,reflection,bert_block,0e25d76e84fc9dacbc1bcb604827c8cd5976f1b533d7815ad8e88989676ee4cf,669696,670365,669696,0.0,True
16,1,group,Transformer,reflection,bert_block,bda79f29e458af4ed80d3d02db353695059768dbd271eb358feb6e219be2dd17,669696,670365,669696,0.0,True
16,1,group,Transformer,reflection,bert_block,96b6ba429d63dadf5452e0c88e0aed6f7fcdbf94f67561676be0f43d4feea513,669696,670365,669696,0.0,True
16,1,group,Transformer,reflection,bert_block,cbc27c92a326c6cd2cdb8d989f57639f39385e3ef5295644a520708f438a3991,669696,670365,670016,0.04778287461773001,True
16,1,group,Transformer,reflection,bert_block,a1d2f534b2d8fe69f1007c1d8a4e9c886649881c32545e416415010238ed5389,669696,670365,670016,0.04778287461773001,True
16,1,group,Transformer,reflection,gpt_prefill_block,8a153872e3fbacef8fffea73af765d53cee231025f026d3f2ed25a78db7fc886,1276800,1278076,1276800,0.0,True
16,1,group,Transformer,reflection,gpt_prefill_block,7b233227d54bb21089f78ead04520bcb86dacb6b9e989787abce33a3aaea00bb,1276800,1278076,1276800,0.0,True
16,1,group,Transformer,reflection,gpt_prefill_block,89ae9ca27fc3eb976fc2e9125678a0bba6819dca82593b40bd2c48718f71eeed,1276800,1278076,1276800,0.0,True
16,1,group,Transformer,reflection,gpt_prefill_block,07299e1fcaf04ce0bb527e79f6a8ee3bdfc17dddb168dd7d4c8cb77d220520da,1276800,1278076,1277336,0.04197994987469311,True
16,1,group,Transformer,reflection,gpt_prefill_block,c9ec0aed119d7397a3d0827d952b49ab56de2ce7ed34da4fd98284ca0f0f98e9,1276800,1278076,1277336,0.04197994987469311,True
16,1,group,Transformer,reflection,gpt_decode_block,a2fc5b9684596afb701ba56022511f6e9a075f490a9030b3c4cc555b885654e8,13274,13287,13278,0.030134096730449755,True
16,1,group,Transformer,reflection,gpt_decode_block,d6c8dd85f6e0f73182cd48cb8edaac02f10ccf8aafde79489ba840e508678e56,13274,13287,13283,0.06780171764351195,True
16,1,group,Transformer,reflection,gpt_decode_block,087419b796ba428086b3d45b5784d1f34bbc0499358aa368dd12412fb7cd9559,13274,13287,13278,0.030134096730449755,True
16,1,group,Transformer,reflection,gpt_decode_block,cf229f5ce0c9fa33ae7053d9cb89f9f68c40e4d20b3b85f37537f72e6ad0a165,13274,13287,13278,0.030134096730449755,True
16,1,group,Transformer,reflection,gpt_decode_block,bf864eec9eda8ad85cdfb5e36d20199e7e95f81c7ac43a003b75729dd7e123bb,13274,13287,13278,0.030134096730449755,True
16,1,all,ALL17,rotation,darknet19,e34517f3801a33b40a3a4003fa37a8b88d178e27ed6a2c55a0a7400f8e9a804a,348781,349129,348781,0.0,True
16,1,all,ALL17,rotation,darknet19,5f97c80c46675a9ee7c46febf8ac0cd78280fc216b0e748e47bbd0fb85acd020,348781,349129,348781,0.0,True
16,1,all,ALL17,rotation,darknet19,ee17bf238496b3fa77c9d51be118613984d84626f834cd8ca5a4fc940fc32cad,348781,349129,348781,0.0,True
16,1,all,ALL17,rotation,darknet19,337ee8b036ced1322d292265b5def51af0f0cb4e122304febf051151857de884,348781,349129,348781,0.0,True
16,1,all,ALL17,rotation,darknet19,ed782e86a8083199e4b31045f60978798e74b162ae00382e50dca0be7a316f6a,348781,349129,348781,0.0,True
16,1,all,ALL17,rotation,vgg19,02556a3a4a776ea0f8d1d1ceb85eba00f3c8d83b68cc150930356d3dd281b122,2396884,2399280,2396884,0.0,True
16,1,all,ALL17,rotation,vgg19,c71d96627f501506a875f3c6abed01de8eac4df148b711bcff1b808a9acb09c7,2396884,2399280,2396884,0.0,True
16,1,all,ALL17,rotation,vgg19,989fa4fe8aaf928e2d76d64a2125e00209e7649e6d75df95cc56dc954a8c1ffc,2396884,2399280,2396884,0.0,True
16,1,all,ALL17,rotation,vgg19,f04a8ce75cac78171858198d89f543fd2fdc6466d4c227cbc514f872f75287ba,2396884,2399280,2396884,0.0,True
16,1,all,ALL17,rotation,vgg19,15df9157e228c6950655fb8b1ff034f2a2126b6d3723b655643e17bb2bf92a42,2396884,2399280,2396884,0.0,True
16,1,all,ALL17,rotation,resnet50,d9586dee7c13ebb103155b0a6a8bb2b0bc2dfa8af83f10332f62cbf0c1f89df7,501781,502282,501781,0.0,True
16,1,all,ALL17,rotation,resnet50,d25e25d9a5857cc2debc27b34c16ce6ee5d8ea9fb471f930c41d13bcf45ae530,501781,502282,501781,0.0,True
16,1,all,ALL17,rotation,resnet50,ce628f523213f283c296cf3aaa00ec30d9ea44101304257c5d0b65f4dba98f68,501781,502282,501781,0.0,True
16,1,all,ALL17,rotation,resnet50,5915c3ec7d38fa55d3b03deb06f93606a4a3136e97aa5e4f9bf97a6eaf869860,501781,502282,501781,0.0,True
16,1,all,ALL17,rotation,resnet50,df8df26b9a2ba11b4c90dbfe931d57c29dde90f21a1b59927f01ca34f5b33379,501781,502282,501781,0.0,True
16,1,all,ALL17,rotation,googlenet,10b75e60e197ba806d4d928f2ae033765f2c8cec2ab3a31a43e6e674ffc770cf,231991,232222,231991,0.0,True
16,1,all,ALL17,rotation,googlenet,9ebeefbbdcaaee29db41356f356e8ae9a3d4fee20057b19cbb3164f8445ce640,231991,232222,231991,0.0,True
16,1,all,ALL17,rotation,googlenet,46b1e185ccad7e7a5277b1042687745628514664a0afb77035a039c30c09abe6,231991,232222,231991,0.0,True
16,1,all,ALL17,rotation,googlenet,70cd03ce96cd5bcfc348ccfc2daebd1fd8e60ce5785fecef757b51e7bd9583fd,231991,232222,232222,0.099572828256278,True
16,1,all,ALL17,rotation,googlenet,27fa36eaa98fce4d560eb4e9ef9b3280ccac536be7de23ae1a615b043c696706,231991,232222,231991,0.0,True
16,1,all,ALL17,rotation,resnet101,2f37063ce9d4b9fb9e1f12f4f343007763ef408d7f27e997d30ca0f1f77212ea,968261,969229,968261,0.0,True
16,1,all,ALL17,rotation,resnet101,51ca1d6a8d29dd4acb624353b6435032feeff86ec8c7c43f3366298fd16e3fa5,968261,969229,969157,0.09253703288678583,True
16,1,all,ALL17,rotation,resnet101,93e28f5dfe2718b01eb3786b858a8a7ef9dd7fe93f301e08fc9894ac7f0e8780,968261,969229,968261,0.0,True
16,1,all,ALL17,rotation,resnet101,887fa614097573ec969f08fe390bf921e16f7100a9f2820962246e74819dc2af,968261,969229,969221,0.0991468209501356,True
16,1,all,ALL17,rotation,resnet101,d37b36c41988b660080e811c76afd429ac8fe362bb45849eceb31f2073e89ff9,968261,969229,969221,0.0991468209501356,True
16,1,all,ALL17,rotation,densenet,6a86c47d89f91371c961c772163ab8c8c194c88133c0316ebf1c24e1350b8ab5,361563,361924,361563,0.0,True
16,1,all,ALL17,rotation,densenet,51ec0d766876a68b7244964601322dff91054061a0621d3a3b373fccb6ac64eb,361563,361924,361687,0.034295544621554264,True
16,1,all,ALL17,rotation,densenet,1b414742cf9c1ee630ded902cd06a40eea8af99ee4850101c0e33e72b23267bf,361563,361924,361563,0.0,True
16,1,all,ALL17,rotation,densenet,288713f02b5e941cbf8a55f95f79e63a82008ae4a332efe90cd2df07791640bf,361563,361924,361563,0.0,True
16,1,all,ALL17,rotation,densenet,e59ed8e6d2b722bf631ffe53fad9aa07019ce4baf4f1fd839d68fe38f7086ea6,361563,361924,361687,0.034295544621554264,True
16,1,all,ALL17,rotation,inception_resnet_v1,f4eb5fbb27af945ea08567c4f2026d04443fe72fd94add86568f148f11547607,828861,829689,828861,0.0,True
16,1,all,ALL17,rotation,inception_resnet_v1,efc3fab37268caa53e250a107798e5469b0af31c19d0b6c049c9c2b65afd7aac,828861,829689,828861,0.0,True
16,1,all,ALL17,rotation,inception_resnet_v1,1a208d71fdea97ba06b8b039c2edf313e68ef86046a80f0082f01562974a5d9e,828861,829689,828861,0.0,True
16,1,all,ALL17,rotation,inception_resnet_v1,60ab32633fe1437bd874939e510f2aff2437ed27602f55677669487f2acd07f6,828861,829689,828861,0.0,True
16,1,all,ALL17,rotation,inception_resnet_v1,f941a00dde4ee3ed0f9f7e368508ad5004cea3f025c38bf7a4ac289986196944,828861,829689,828867,0.0007238849457191776,True
16,1,all,ALL17,rotation,gnmt,f9aa80f2ac8b004f70585cc266b13c836435173c0fa9c76ad2f02d1f1c20c956,31468,31499,31468,0.0,True
16,1,all,ALL17,rotation,gnmt,3d1378663f3aab440ed720a2dd855c1eea32c4b66152485e91297b409971bcc5,31468,31499,31476,0.02542265158256285,True
16,1,all,ALL17,rotation,gnmt,c7db807919211ae54aa07f8c60fc84020121c5a3a6a2436df77d2ab618f83fe3,31468,31499,31492,0.07626795474768855,True
16,1,all,ALL17,rotation,gnmt,2641224488e8a3f3d1967021a3a66583c14680e35ebfe35ccf683803e2829d79,31468,31499,31495,0.08580144909113852,True
16,1,all,ALL17,rotation,gnmt,26591d59f7643884ad2f2353fa8d6d851605e90f0565636442b9091c9f7a4111,31468,31499,31470,0.006355662895640712,True
16,1,all,ALL17,rotation,lstm,12b879770ca261450d18737d272468e02438c9a0b8ec779a5f79819b76c28519,31436,31467,31436,0.0,True
16,1,all,ALL17,rotation,lstm,f6d394fa66c53de6941c8696b1533369fc640f8d584664dad04791b908b45131,31436,31467,31444,0.025448530347382814,True
16,1,all,ALL17,rotation,lstm,bb404bbc773e4d1197b309e47d24ebd7d45bac1c3055711ca3be903689edbcfb,31436,31467,31452,0.05089706069474342,True
16,1,all,ALL17,rotation,lstm,4bbbdcd196b4185c31edf82b980b569f3c9057270d383aefde21d671c1f6b49a,31436,31467,31436,0.0,True
16,1,all,ALL17,rotation,lstm,0093e30a1e3c128b520fd6beaae8d26238518b9d1bfb0bba3bbb7c4c452ee140,31436,31467,31463,0.08588878992237259,True
16,1,all,ALL17,rotation,transformer,817db136f3e012c4c0348cb6acc9bc52bc59f25d5e9a91a6094235d21d00e31d,3499008,3502507,3499008,0.0,True
16,1,all,ALL17,rotation,transformer,e2752878df9b1ba22227876a51d2509f5b7c7ab93cd9778bdd2e13b7d5246cc4,3499008,3502507,3501376,0.06767632426105674,True
16,1,all,ALL17,rotation,transformer,78a2b94e0179a7c4d069877176ab53111c8704e497a62fa9818c8c2d9fe836f8,3499008,3502507,3501376,0.06767632426105674,True
16,1,all,ALL17,rotation,transformer,d1a1ef612210456c4b78b8caca155e812d240191e35db548531794edc94f71ed,3499008,3502507,3501376,0.06767632426105674,True
16,1,all,ALL17,rotation,transformer,1dbd47aeda7c44b3406565a9e904368fe055e573fa2444b5aa4a0ec0ef8e3585,3499008,3502507,3501376,0.06767632426105674,True
16,1,all,ALL17,rotation,transformer_cell,a0163ce5001601c5e5ce7f1c3f89633d56c3408b25a42439c058bdff6478d17e,611328,611939,611328,0.0,True
16,1,all,ALL17,rotation,transformer_cell,efbecd35d6ef1a5cf82b9f42006316a9f58b4c9fc3118d9a190962843e728874,611328,611939,611328,0.0,True
16,1,all,ALL17,rotation,transformer_cell,fbee63bf5f527c988fc86eedf8f4fe15bd785ffa11ba2c089dafd57f876590d0,611328,611939,611328,0.0,True
16,1,all,ALL17,rotation,transformer_cell,c91b337ba4780f3b520792e2c61b12c5287c3e70e5d8e55b6d228d12598f452c,611328,611939,611840,0.08375209380233617,True
16,1,all,ALL17,rotation,transformer_cell,93a7437d12214b604ca09634b1c89ea8107f7ed903c661d2fd9fbca487a495c8,611328,611939,611924,0.0974926716917901,True
16,1,all,ALL17,rotation,pnasnet,1ae0b5a32c200a35a23ecf3a6874f90e7ae76dce1439693e263b644fd9e083e1,4780895,4785675,4780895,0.0,True
16,1,all,ALL17,rotation,pnasnet,68bb41cdeab603523494ffac4569d5054cdc418e443bb2294b45ef35e1a2593d,4780895,4785675,4783210,0.048421895900241374,True
16,1,all,ALL17,rotation,pnasnet,5f4f2b222569454c6ace327749b383806023b5617397c4aa847cdd5cd9945611,4780895,4785675,4784616,0.07783061539732294,True
16,1,all,ALL17,rotation,pnasnet,cf52d822869e25feea7bc388865cceab90ece2ecf323684b201e695697f37384,4780895,4785675,4780895,0.0,True
16,1,all,ALL17,rotation,pnasnet,aac3ec4185b774ca5544ae4581395c61c4753474ef7d677727257cc955883470,4780895,4785675,4782301,0.02940871949708157,True
16,1,all,ALL17,rotation,resnext50,3a2aa7e03bddce7c3de201004e30d4c1acdff8f6fd1daa0e1a90027816f5690e,289777,290066,289777,0.0,True
16,1,all,ALL17,rotation,resnext50,f94cd68345081771da6a908fda525fd604c6f8f4056ed8b485a16dec52f3a9ea,289777,290066,289777,0.0,True
16,1,all,ALL17,rotation,resnext50,c0bc6de4f278b248ddc907ff9721f5073bde5b00434080b8e5578baed54b1cc5,289777,290066,289777,0.0,True
16,1,all,ALL17,rotation,resnext50,cddb63093e1ca922eca21423bad75251b9126418ed135a7cfb493a636e2d4719,289777,290066,289777,0.0,True
16,1,all,ALL17,rotation,resnext50,501590a3024ea91a98347016dc7b744b98efd7aa50f20602c37f3c00b8bd63a7,289777,290066,289777,0.0,True
16,1,all,ALL17,rotation,resnet152,d34b763f04de61f55ce483eaea3c71f33d9bc57038d74a59cccc6049265ae425,1437877,1439314,1437877,0.0,True
16,1,all,ALL17,rotation,resnet152,156615ce75e348b6f885db4d2bf389a9f7ee648ff9288a09a4c8db583fc0bbf1,1437877,1439314,1438885,0.0701033537639173,True
16,1,all,ALL17,rotation,resnet152,ef16a0151c8c44486b7cfc8fb01a9c5de0c40a7ccf5536dbee1f40c6384de35b,1437877,1439314,1437880,0.00020864093381867121,True
16,1,all,ALL17,rotation,resnet152,c5dc5bf46cc738904fe4048815b89f6d6f37e525550d60a7323bf0090716a3af,1437877,1439314,1437880,0.00020864093381867121,True
16,1,all,ALL17,rotation,resnet152,e54f1658e217f14e87fd6adbd4ffb517af3e410bf2fc91b5bfd2a4d36eebcd9e,1437877,1439314,1437880,0.00020864093381867121,True
16,1,all,ALL17,rotation,bert_block,0e25d76e84fc9dacbc1bcb604827c8cd5976f1b533d7815ad8e88989676ee4cf,669696,670365,669696,0.0,True
16,1,all,ALL17,rotation,bert_block,bda79f29e458af4ed80d3d02db353695059768dbd271eb358feb6e219be2dd17,669696,670365,669696,0.0,True
16,1,all,ALL17,rotation,bert_block,96b6ba429d63dadf5452e0c88e0aed6f7fcdbf94f67561676be0f43d4feea513,669696,670365,669696,0.0,True
16,1,all,ALL17,rotation,bert_block,cbc27c92a326c6cd2cdb8d989f57639f39385e3ef5295644a520708f438a3991,669696,670365,670016,0.04778287461773001,True
16,1,all,ALL17,rotation,bert_block,a1d2f534b2d8fe69f1007c1d8a4e9c886649881c32545e416415010238ed5389,669696,670365,670016,0.04778287461773001,True
16,1,all,ALL17,rotation,gpt_prefill_block,8a153872e3fbacef8fffea73af765d53cee231025f026d3f2ed25a78db7fc886,1276800,1278076,1276800,0.0,True
16,1,all,ALL17,rotation,gpt_prefill_block,7b233227d54bb21089f78ead04520bcb86dacb6b9e989787abce33a3aaea00bb,1276800,1278076,1276800,0.0,True
16,1,all,ALL17,rotation,gpt_prefill_block,89ae9ca27fc3eb976fc2e9125678a0bba6819dca82593b40bd2c48718f71eeed,1276800,1278076,1276800,0.0,True
16,1,all,ALL17,rotation,gpt_prefill_block,07299e1fcaf04ce0bb527e79f6a8ee3bdfc17dddb168dd7d4c8cb77d220520da,1276800,1278076,1277336,0.04197994987469311,True
16,1,all,ALL17,rotation,gpt_prefill_block,c9ec0aed119d7397a3d0827d952b49ab56de2ce7ed34da4fd98284ca0f0f98e9,1276800,1278076,1277336,0.04197994987469311,True
16,1,all,ALL17,rotation,gpt_decode_block,a2fc5b9684596afb701ba56022511f6e9a075f490a9030b3c4cc555b885654e8,13274,13287,13278,0.030134096730449755,True
16,1,all,ALL17,rotation,gpt_decode_block,d6c8dd85f6e0f73182cd48cb8edaac02f10ccf8aafde79489ba840e508678e56,13274,13287,13283,0.06780171764351195,True
16,1,all,ALL17,rotation,gpt_decode_block,087419b796ba428086b3d45b5784d1f34bbc0499358aa368dd12412fb7cd9559,13274,13287,13278,0.030134096730449755,True
16,1,all,ALL17,rotation,gpt_decode_block,cf229f5ce0c9fa33ae7053d9cb89f9f68c40e4d20b3b85f37537f72e6ad0a165,13274,13287,13278,0.030134096730449755,True
16,1,all,ALL17,rotation,gpt_decode_block,bf864eec9eda8ad85cdfb5e36d20199e7e95f81c7ac43a003b75729dd7e123bb,13274,13287,13278,0.030134096730449755,True
16,1,all,ALL17,reflection,darknet19,e34517f3801a33b40a3a4003fa37a8b88d178e27ed6a2c55a0a7400f8e9a804a,348781,349129,348781,0.0,True
16,1,all,ALL17,reflection,darknet19,5f97c80c46675a9ee7c46febf8ac0cd78280fc216b0e748e47bbd0fb85acd020,348781,349129,348781,0.0,True
16,1,all,ALL17,reflection,darknet19,ee17bf238496b3fa77c9d51be118613984d84626f834cd8ca5a4fc940fc32cad,348781,349129,348781,0.0,True
16,1,all,ALL17,reflection,darknet19,337ee8b036ced1322d292265b5def51af0f0cb4e122304febf051151857de884,348781,349129,348781,0.0,True
16,1,all,ALL17,reflection,darknet19,ed782e86a8083199e4b31045f60978798e74b162ae00382e50dca0be7a316f6a,348781,349129,348781,0.0,True
16,1,all,ALL17,reflection,vgg19,02556a3a4a776ea0f8d1d1ceb85eba00f3c8d83b68cc150930356d3dd281b122,2396884,2399280,2396884,0.0,True
16,1,all,ALL17,reflection,vgg19,c71d96627f501506a875f3c6abed01de8eac4df148b711bcff1b808a9acb09c7,2396884,2399280,2396884,0.0,True
16,1,all,ALL17,reflection,vgg19,989fa4fe8aaf928e2d76d64a2125e00209e7649e6d75df95cc56dc954a8c1ffc,2396884,2399280,2396884,0.0,True
16,1,all,ALL17,reflection,vgg19,f04a8ce75cac78171858198d89f543fd2fdc6466d4c227cbc514f872f75287ba,2396884,2399280,2396884,0.0,True
16,1,all,ALL17,reflection,vgg19,15df9157e228c6950655fb8b1ff034f2a2126b6d3723b655643e17bb2bf92a42,2396884,2399280,2396884,0.0,True
16,1,all,ALL17,reflection,resnet50,d9586dee7c13ebb103155b0a6a8bb2b0bc2dfa8af83f10332f62cbf0c1f89df7,501781,502282,501781,0.0,True
16,1,all,ALL17,reflection,resnet50,d25e25d9a5857cc2debc27b34c16ce6ee5d8ea9fb471f930c41d13bcf45ae530,501781,502282,501781,0.0,True
16,1,all,ALL17,reflection,resnet50,ce628f523213f283c296cf3aaa00ec30d9ea44101304257c5d0b65f4dba98f68,501781,502282,501781,0.0,True
16,1,all,ALL17,reflection,resnet50,5915c3ec7d38fa55d3b03deb06f93606a4a3136e97aa5e4f9bf97a6eaf869860,501781,502282,501781,0.0,True
16,1,all,ALL17,reflection,resnet50,df8df26b9a2ba11b4c90dbfe931d57c29dde90f21a1b59927f01ca34f5b33379,501781,502282,501781,0.0,True
16,1,all,ALL17,reflection,googlenet,10b75e60e197ba806d4d928f2ae033765f2c8cec2ab3a31a43e6e674ffc770cf,231991,232222,231991,0.0,True
16,1,all,ALL17,reflection,googlenet,9ebeefbbdcaaee29db41356f356e8ae9a3d4fee20057b19cbb3164f8445ce640,231991,232222,231991,0.0,True
16,1,all,ALL17,reflection,googlenet,46b1e185ccad7e7a5277b1042687745628514664a0afb77035a039c30c09abe6,231991,232222,231991,0.0,True
16,1,all,ALL17,reflection,googlenet,70cd03ce96cd5bcfc348ccfc2daebd1fd8e60ce5785fecef757b51e7bd9583fd,231991,232222,232222,0.099572828256278,True
16,1,all,ALL17,reflection,googlenet,27fa36eaa98fce4d560eb4e9ef9b3280ccac536be7de23ae1a615b043c696706,231991,232222,231991,0.0,True
16,1,all,ALL17,reflection,resnet101,2f37063ce9d4b9fb9e1f12f4f343007763ef408d7f27e997d30ca0f1f77212ea,968261,969229,968261,0.0,True
16,1,all,ALL17,reflection,resnet101,51ca1d6a8d29dd4acb624353b6435032feeff86ec8c7c43f3366298fd16e3fa5,968261,969229,969157,0.09253703288678583,True
16,1,all,ALL17,reflection,resnet101,93e28f5dfe2718b01eb3786b858a8a7ef9dd7fe93f301e08fc9894ac7f0e8780,968261,969229,968261,0.0,True
16,1,all,ALL17,reflection,resnet101,887fa614097573ec969f08fe390bf921e16f7100a9f2820962246e74819dc2af,968261,969229,969221,0.0991468209501356,True
16,1,all,ALL17,reflection,resnet101,d37b36c41988b660080e811c76afd429ac8fe362bb45849eceb31f2073e89ff9,968261,969229,969221,0.0991468209501356,True
16,1,all,ALL17,reflection,densenet,6a86c47d89f91371c961c772163ab8c8c194c88133c0316ebf1c24e1350b8ab5,361563,361924,361563,0.0,True
16,1,all,ALL17,reflection,densenet,51ec0d766876a68b7244964601322dff91054061a0621d3a3b373fccb6ac64eb,361563,361924,361687,0.034295544621554264,True
16,1,all,ALL17,reflection,densenet,1b414742cf9c1ee630ded902cd06a40eea8af99ee4850101c0e33e72b23267bf,361563,361924,361563,0.0,True
16,1,all,ALL17,reflection,densenet,288713f02b5e941cbf8a55f95f79e63a82008ae4a332efe90cd2df07791640bf,361563,361924,361563,0.0,True
16,1,all,ALL17,reflection,densenet,e59ed8e6d2b722bf631ffe53fad9aa07019ce4baf4f1fd839d68fe38f7086ea6,361563,361924,361687,0.034295544621554264,True
16,1,all,ALL17,reflection,inception_resnet_v1,f4eb5fbb27af945ea08567c4f2026d04443fe72fd94add86568f148f11547607,828861,829689,828861,0.0,True
16,1,all,ALL17,reflection,inception_resnet_v1,efc3fab37268caa53e250a107798e5469b0af31c19d0b6c049c9c2b65afd7aac,828861,829689,828861,0.0,True
16,1,all,ALL17,reflection,inception_resnet_v1,1a208d71fdea97ba06b8b039c2edf313e68ef86046a80f0082f01562974a5d9e,828861,829689,828861,0.0,True
16,1,all,ALL17,reflection,inception_resnet_v1,60ab32633fe1437bd874939e510f2aff2437ed27602f55677669487f2acd07f6,828861,829689,828861,0.0,True
16,1,all,ALL17,reflection,inception_resnet_v1,f941a00dde4ee3ed0f9f7e368508ad5004cea3f025c38bf7a4ac289986196944,828861,829689,828867,0.0007238849457191776,True
16,1,all,ALL17,reflection,gnmt,f9aa80f2ac8b004f70585cc266b13c836435173c0fa9c76ad2f02d1f1c20c956,31468,31499,31468,0.0,True
16,1,all,ALL17,reflection,gnmt,3d1378663f3aab440ed720a2dd855c1eea32c4b66152485e91297b409971bcc5,31468,31499,31476,0.02542265158256285,True
16,1,all,ALL17,reflection,gnmt,c7db807919211ae54aa07f8c60fc84020121c5a3a6a2436df77d2ab618f83fe3,31468,31499,31492,0.07626795474768855,True
16,1,all,ALL17,reflection,gnmt,2641224488e8a3f3d1967021a3a66583c14680e35ebfe35ccf683803e2829d79,31468,31499,31495,0.08580144909113852,True
16,1,all,ALL17,reflection,gnmt,26591d59f7643884ad2f2353fa8d6d851605e90f0565636442b9091c9f7a4111,31468,31499,31470,0.006355662895640712,True
16,1,all,ALL17,reflection,lstm,12b879770ca261450d18737d272468e02438c9a0b8ec779a5f79819b76c28519,31436,31467,31436,0.0,True
16,1,all,ALL17,reflection,lstm,f6d394fa66c53de6941c8696b1533369fc640f8d584664dad04791b908b45131,31436,31467,31444,0.025448530347382814,True
16,1,all,ALL17,reflection,lstm,bb404bbc773e4d1197b309e47d24ebd7d45bac1c3055711ca3be903689edbcfb,31436,31467,31452,0.05089706069474342,True
16,1,all,ALL17,reflection,lstm,4bbbdcd196b4185c31edf82b980b569f3c9057270d383aefde21d671c1f6b49a,31436,31467,31436,0.0,True
16,1,all,ALL17,reflection,lstm,0093e30a1e3c128b520fd6beaae8d26238518b9d1bfb0bba3bbb7c4c452ee140,31436,31467,31463,0.08588878992237259,True
16,1,all,ALL17,reflection,transformer,817db136f3e012c4c0348cb6acc9bc52bc59f25d5e9a91a6094235d21d00e31d,3499008,3502507,3499008,0.0,True
16,1,all,ALL17,reflection,transformer,e2752878df9b1ba22227876a51d2509f5b7c7ab93cd9778bdd2e13b7d5246cc4,3499008,3502507,3501376,0.06767632426105674,True
16,1,all,ALL17,reflection,transformer,78a2b94e0179a7c4d069877176ab53111c8704e497a62fa9818c8c2d9fe836f8,3499008,3502507,3501376,0.06767632426105674,True
16,1,all,ALL17,reflection,transformer,d1a1ef612210456c4b78b8caca155e812d240191e35db548531794edc94f71ed,3499008,3502507,3501376,0.06767632426105674,True
16,1,all,ALL17,reflection,transformer,1dbd47aeda7c44b3406565a9e904368fe055e573fa2444b5aa4a0ec0ef8e3585,3499008,3502507,3501376,0.06767632426105674,True
16,1,all,ALL17,reflection,transformer_cell,a0163ce5001601c5e5ce7f1c3f89633d56c3408b25a42439c058bdff6478d17e,611328,611939,611328,0.0,True
16,1,all,ALL17,reflection,transformer_cell,efbecd35d6ef1a5cf82b9f42006316a9f58b4c9fc3118d9a190962843e728874,611328,611939,611328,0.0,True
16,1,all,ALL17,reflection,transformer_cell,fbee63bf5f527c988fc86eedf8f4fe15bd785ffa11ba2c089dafd57f876590d0,611328,611939,611328,0.0,True
16,1,all,ALL17,reflection,transformer_cell,c91b337ba4780f3b520792e2c61b12c5287c3e70e5d8e55b6d228d12598f452c,611328,611939,611840,0.08375209380233617,True
16,1,all,ALL17,reflection,transformer_cell,93a7437d12214b604ca09634b1c89ea8107f7ed903c661d2fd9fbca487a495c8,611328,611939,611924,0.0974926716917901,True
16,1,all,ALL17,reflection,pnasnet,1ae0b5a32c200a35a23ecf3a6874f90e7ae76dce1439693e263b644fd9e083e1,4780895,4785675,4780895,0.0,True
16,1,all,ALL17,reflection,pnasnet,68bb41cdeab603523494ffac4569d5054cdc418e443bb2294b45ef35e1a2593d,4780895,4785675,4783210,0.048421895900241374,True
16,1,all,ALL17,reflection,pnasnet,5f4f2b222569454c6ace327749b383806023b5617397c4aa847cdd5cd9945611,4780895,4785675,4784616,0.07783061539732294,True
16,1,all,ALL17,reflection,pnasnet,cf52d822869e25feea7bc388865cceab90ece2ecf323684b201e695697f37384,4780895,4785675,4780895,0.0,True
16,1,all,ALL17,reflection,pnasnet,aac3ec4185b774ca5544ae4581395c61c4753474ef7d677727257cc955883470,4780895,4785675,4782301,0.02940871949708157,True
16,1,all,ALL17,reflection,resnext50,3a2aa7e03bddce7c3de201004e30d4c1acdff8f6fd1daa0e1a90027816f5690e,289777,290066,289777,0.0,True
16,1,all,ALL17,reflection,resnext50,f94cd68345081771da6a908fda525fd604c6f8f4056ed8b485a16dec52f3a9ea,289777,290066,289777,0.0,True
16,1,all,ALL17,reflection,resnext50,c0bc6de4f278b248ddc907ff9721f5073bde5b00434080b8e5578baed54b1cc5,289777,290066,289777,0.0,True
16,1,all,ALL17,reflection,resnext50,cddb63093e1ca922eca21423bad75251b9126418ed135a7cfb493a636e2d4719,289777,290066,289777,0.0,True
16,1,all,ALL17,reflection,resnext50,501590a3024ea91a98347016dc7b744b98efd7aa50f20602c37f3c00b8bd63a7,289777,290066,289777,0.0,True
16,1,all,ALL17,reflection,resnet152,d34b763f04de61f55ce483eaea3c71f33d9bc57038d74a59cccc6049265ae425,1437877,1439314,1437877,0.0,True
16,1,all,ALL17,reflection,resnet152,156615ce75e348b6f885db4d2bf389a9f7ee648ff9288a09a4c8db583fc0bbf1,1437877,1439314,1438885,0.0701033537639173,True
16,1,all,ALL17,reflection,resnet152,ef16a0151c8c44486b7cfc8fb01a9c5de0c40a7ccf5536dbee1f40c6384de35b,1437877,1439314,1437880,0.00020864093381867121,True
16,1,all,ALL17,reflection,resnet152,c5dc5bf46cc738904fe4048815b89f6d6f37e525550d60a7323bf0090716a3af,1437877,1439314,1437880,0.00020864093381867121,True
16,1,all,ALL17,reflection,resnet152,e54f1658e217f14e87fd6adbd4ffb517af3e410bf2fc91b5bfd2a4d36eebcd9e,1437877,1439314,1437880,0.00020864093381867121,True
16,1,all,ALL17,reflection,bert_block,0e25d76e84fc9dacbc1bcb604827c8cd5976f1b533d7815ad8e88989676ee4cf,669696,670365,669696,0.0,True
16,1,all,ALL17,reflection,bert_block,bda79f29e458af4ed80d3d02db353695059768dbd271eb358feb6e219be2dd17,669696,670365,669696,0.0,True
16,1,all,ALL17,reflection,bert_block,96b6ba429d63dadf5452e0c88e0aed6f7fcdbf94f67561676be0f43d4feea513,669696,670365,669696,0.0,True
16,1,all,ALL17,reflection,bert_block,cbc27c92a326c6cd2cdb8d989f57639f39385e3ef5295644a520708f438a3991,669696,670365,670016,0.04778287461773001,True
16,1,all,ALL17,reflection,bert_block,a1d2f534b2d8fe69f1007c1d8a4e9c886649881c32545e416415010238ed5389,669696,670365,670016,0.04778287461773001,True
16,1,all,ALL17,reflection,gpt_prefill_block,8a153872e3fbacef8fffea73af765d53cee231025f026d3f2ed25a78db7fc886,1276800,1278076,1276800,0.0,True
16,1,all,ALL17,reflection,gpt_prefill_block,7b233227d54bb21089f78ead04520bcb86dacb6b9e989787abce33a3aaea00bb,1276800,1278076,1276800,0.0,True
16,1,all,ALL17,reflection,gpt_prefill_block,89ae9ca27fc3eb976fc2e9125678a0bba6819dca82593b40bd2c48718f71eeed,1276800,1278076,1276800,0.0,True
16,1,all,ALL17,reflection,gpt_prefill_block,07299e1fcaf04ce0bb527e79f6a8ee3bdfc17dddb168dd7d4c8cb77d220520da,1276800,1278076,1277336,0.04197994987469311,True
16,1,all,ALL17,reflection,gpt_prefill_block,c9ec0aed119d7397a3d0827d952b49ab56de2ce7ed34da4fd98284ca0f0f98e9,1276800,1278076,1277336,0.04197994987469311,True
16,1,all,ALL17,reflection,gpt_decode_block,a2fc5b9684596afb701ba56022511f6e9a075f490a9030b3c4cc555b885654e8,13274,13287,13278,0.030134096730449755,True
16,1,all,ALL17,reflection,gpt_decode_block,d6c8dd85f6e0f73182cd48cb8edaac02f10ccf8aafde79489ba840e508678e56,13274,13287,13283,0.06780171764351195,True
16,1,all,ALL17,reflection,gpt_decode_block,087419b796ba428086b3d45b5784d1f34bbc0499358aa368dd12412fb7cd9559,13274,13287,13278,0.030134096730449755,True
16,1,all,ALL17,reflection,gpt_decode_block,cf229f5ce0c9fa33ae7053d9cb89f9f68c40e4d20b3b85f37537f72e6ad0a165,13274,13287,13278,0.030134096730449755,True
16,1,all,ALL17,reflection,gpt_decode_block,bf864eec9eda8ad85cdfb5e36d20199e7e95f81c7ac43a003b75729dd7e123bb,13274,13287,13278,0.030134096730449755,True
16,4,workload,darknet19,rotation,darknet19,e51a719a0a8081a475dc2fd20ed8389c67bc9edd423e5379a8ba0f4a26bc364d,90892,90982,90900,0.00880165471108807,True
16,4,workload,darknet19,rotation,darknet19,8e96648f02e0255f53532b3a5069f4d1a438dc5f03f56a299d130a756b8d38b4,90892,90982,90908,0.01760330942217614,True
16,4,workload,darknet19,rotation,darknet19,63614c84ad7aa487b857e6764a7b9163bc83f28450f52d3da895b05af8a1a0c0,90892,90982,90892,0.0,True
16,4,workload,darknet19,rotation,darknet19,61b914099c59b2877d5d4d66131e4a59ec5cd97e4ae959989ff40731ec3a9bb0,90892,90982,90892,0.0,True
16,4,workload,darknet19,rotation,darknet19,6cd4239c95192ae44a7a1eca69ff55bed618059eacc8e3faf7beeed9ac8be4ac,90892,90982,90892,0.0,True
16,4,workload,darknet19,reflection,darknet19,e51a719a0a8081a475dc2fd20ed8389c67bc9edd423e5379a8ba0f4a26bc364d,90892,90982,90900,0.00880165471108807,True
16,4,workload,darknet19,reflection,darknet19,8e96648f02e0255f53532b3a5069f4d1a438dc5f03f56a299d130a756b8d38b4,90892,90982,90908,0.01760330942217614,True
16,4,workload,darknet19,reflection,darknet19,63614c84ad7aa487b857e6764a7b9163bc83f28450f52d3da895b05af8a1a0c0,90892,90982,90892,0.0,True
16,4,workload,darknet19,reflection,darknet19,61b914099c59b2877d5d4d66131e4a59ec5cd97e4ae959989ff40731ec3a9bb0,90892,90982,90892,0.0,True
16,4,workload,darknet19,reflection,darknet19,6cd4239c95192ae44a7a1eca69ff55bed618059eacc8e3faf7beeed9ac8be4ac,90892,90982,90892,0.0,True
16,4,workload,vgg19,rotation,vgg19,4ab4a9470720e877c514f35aff61a31fa8599a40e1964ce68311578230a44e9e,599221,599820,599221,0.0,True
16,4,workload,vgg19,rotation,vgg19,96a6b536df436e0937bebd0edfe67fafcdf229eaf5eccf916732e5dbfe3a0489,599221,599820,599613,0.06541826805135376,True
16,4,workload,vgg19,reflection,vgg19,4ab4a9470720e877c514f35aff61a31fa8599a40e1964ce68311578230a44e9e,599221,599820,599221,0.0,True
16,4,workload,vgg19,reflection,vgg19,96a6b536df436e0937bebd0edfe67fafcdf229eaf5eccf916732e5dbfe3a0489,599221,599820,599613,0.06541826805135376,True
16,4,workload,resnet50,rotation,resnet50,ffd2a81e0e74ff3a6c5fda9325b5d46fa13798ac5ddb7968be3322a26cfc13d8,132399,132531,132399,0.0,True
16,4,workload,resnet50,rotation,resnet50,e24bd62042952b553edec9a6e3f8385b197352cb3a24811b3d5c0f236cb22b05,132399,132531,132526,0.09592217463878505,True
16,4,workload,resnet50,rotation,resnet50,9ab8e10ab747b8c4a07736aabc4a2e1b3492acf39bfca5bd80eb5959f358df6d,132399,132531,132442,0.03247758668871725,True
16,4,workload,resnet50,reflection,resnet50,ffd2a81e0e74ff3a6c5fda9325b5d46fa13798ac5ddb7968be3322a26cfc13d8,132399,132531,132399,0.0,True
16,4,workload,resnet50,reflection,resnet50,e24bd62042952b553edec9a6e3f8385b197352cb3a24811b3d5c0f236cb22b05,132399,132531,132526,0.09592217463878505,True
16,4,workload,resnet50,reflection,resnet50,9ab8e10ab747b8c4a07736aabc4a2e1b3492acf39bfca5bd80eb5959f358df6d,132399,132531,132442,0.03247758668871725,True
16,4,workload,googlenet,rotation,googlenet,c3f9c9e23cdcf37b7cf5ee94d885c593ae540fd710fe6cebe045e9e16c816f9d,62110,62172,62130,0.03220093382707567,True
16,4,workload,googlenet,rotation,googlenet,d2d8767efdc208beafc95c7b809004f3a5be2920f44b83ca5d929c28258bc602,62110,62172,62169,0.0949927547898799,True
16,4,workload,googlenet,rotation,googlenet,e72aa29c899aef73ac08446619fb93cc4dba0c176bce7fb8fc394891d3a3deb0,62110,62172,62134,0.03864112059248637,True
16,4,workload,googlenet,rotation,googlenet,4e0927c11f22176174649d5294739fd1aece4aa71b45506fcf47ff3caad96dbc,62110,62172,62172,0.09982289486394347,True
16,4,workload,googlenet,rotation,googlenet,e95332f88ec8c4e462b1b096540a2f7c434ffa454fa9978d25362010c647680e,62110,62172,62131,0.033810980518445,True
16,4,workload,googlenet,reflection,googlenet,c3f9c9e23cdcf37b7cf5ee94d885c593ae540fd710fe6cebe045e9e16c816f9d,62110,62172,62115,0.00805023345678002,True
16,4,workload,googlenet,reflection,googlenet,d2d8767efdc208beafc95c7b809004f3a5be2920f44b83ca5d929c28258bc602,62110,62172,62167,0.09177266140718565,True
16,4,workload,googlenet,reflection,googlenet,e72aa29c899aef73ac08446619fb93cc4dba0c176bce7fb8fc394891d3a3deb0,62110,62172,62135,0.04025116728385569,True
16,4,workload,googlenet,reflection,googlenet,4e0927c11f22176174649d5294739fd1aece4aa71b45506fcf47ff3caad96dbc,62110,62172,62172,0.09982289486394347,True
16,4,workload,googlenet,reflection,googlenet,e95332f88ec8c4e462b1b096540a2f7c434ffa454fa9978d25362010c647680e,62110,62172,62131,0.033810980518445,True
16,4,workload,resnet101,rotation,resnet101,f527a913986c6babcf360d576479af6664152693331da80049b56976e4f90e2f,261395,261656,261395,0.0,True
16,4,workload,resnet101,rotation,resnet101,d788ddeaa84f817add3ecc7b8a15340890d49eec98241f884a2eb83bb5976183,261395,261656,261650,0.09755351096998321,True
16,4,workload,resnet101,reflection,resnet101,f527a913986c6babcf360d576479af6664152693331da80049b56976e4f90e2f,261395,261656,261395,0.0,True
16,4,workload,resnet101,reflection,resnet101,d788ddeaa84f817add3ecc7b8a15340890d49eec98241f884a2eb83bb5976183,261395,261656,261650,0.09755351096998321,True
16,4,workload,densenet,rotation,densenet,a8eb6442a987026511ff1093b771336676ce45309539dc7626ebfcda4243ccf9,96246,96342,96246,0.0,True
16,4,workload,densenet,rotation,densenet,b3fb45011dc0a3e5310e2fc4bb91317be89762e16bbf70b1acfd8c36403cc3f8,96246,96342,96252,0.006234025310147828,True
16,4,workload,densenet,rotation,densenet,75b5b7d622db7558c09c397bead88b55b42c8efd94b8777f7da9c64d7924bd62,96246,96342,96308,0.06441826153813501,True
16,4,workload,densenet,reflection,densenet,a8eb6442a987026511ff1093b771336676ce45309539dc7626ebfcda4243ccf9,96246,96342,96246,0.0,True
16,4,workload,densenet,reflection,densenet,b3fb45011dc0a3e5310e2fc4bb91317be89762e16bbf70b1acfd8c36403cc3f8,96246,96342,96252,0.006234025310147828,True
16,4,workload,densenet,reflection,densenet,75b5b7d622db7558c09c397bead88b55b42c8efd94b8777f7da9c64d7924bd62,96246,96342,96308,0.06441826153813501,True
16,4,workload,inception_resnet_v1,rotation,inception_resnet_v1,70430177ad5f3e277f0d6235b9fa8a05549767add45f129878163b5b53f6f5ae,227352,227579,227352,0.0,True
16,4,workload,inception_resnet_v1,rotation,inception_resnet_v1,444f0c31702bd1544337c23ab665da240cb20d3bf038f63fe068e3c023b211f7,227352,227579,227387,0.015394630352938421,True
16,4,workload,inception_resnet_v1,rotation,inception_resnet_v1,18ec4fe52aff9e7719f1ed9676e54164229ba5b9c7433f5ce8c90ec9eda7e558,227352,227579,227568,0.09500686160666127,True
16,4,workload,inception_resnet_v1,reflection,inception_resnet_v1,70430177ad5f3e277f0d6235b9fa8a05549767add45f129878163b5b53f6f5ae,227352,227579,227352,0.0,True
16,4,workload,inception_resnet_v1,reflection,inception_resnet_v1,444f0c31702bd1544337c23ab665da240cb20d3bf038f63fe068e3c023b211f7,227352,227579,227387,0.015394630352938421,True
16,4,workload,inception_resnet_v1,reflection,inception_resnet_v1,18ec4fe52aff9e7719f1ed9676e54164229ba5b9c7433f5ce8c90ec9eda7e558,227352,227579,227568,0.09500686160666127,True
16,4,workload,gnmt,rotation,gnmt,f362af8317812f2584b9c326fc064ad608fdf913c50206b76901d61dc8068666,29942,29971,29963,0.07013559548461057,True
16,4,workload,gnmt,rotation,gnmt,5332df17ede1df99b2c7644d48be59923b8e5a000b4ebd7261cddddf228a0036,29942,29971,27424,-8.409591877630085,True
16,4,workload,gnmt,rotation,gnmt,98635ce430146742d0fff8efb4d3362018158ddaf8e7acd4de3a3ed82882a8bc,29942,29971,28748,-3.9877095718388933,True
16,4,workload,gnmt,rotation,gnmt,8a81fe427c07960bc4acd9c08213faab3f36bdfbebd9d88c6e75aeeef492e31a,29942,29971,29569,-1.245741767417008,True
16,4,workload,gnmt,rotation,gnmt,a25b72a8ad5a1ecd5c075c022a86ffa3298ece48ed2cfe1947e2066ca5e69a5f,29942,29971,29876,-0.22042615723733006,True
16,4,workload,gnmt,reflection,gnmt,f362af8317812f2584b9c326fc064ad608fdf913c50206b76901d61dc8068666,29942,29971,29959,0.056776434439909096,True
16,4,workload,gnmt,reflection,gnmt,5332df17ede1df99b2c7644d48be59923b8e5a000b4ebd7261cddddf228a0036,29942,29971,27464,-8.276000267183225,True
16,4,workload,gnmt,reflection,gnmt,98635ce430146742d0fff8efb4d3362018158ddaf8e7acd4de3a3ed82882a8bc,29942,29971,28963,-3.269654665686994,True
16,4,workload,gnmt,reflection,gnmt,8a81fe427c07960bc4acd9c08213faab3f36bdfbebd9d88c6e75aeeef492e31a,29942,29971,28746,-3.994389152361233,True
16,4,workload,gnmt,reflection,gnmt,a25b72a8ad5a1ecd5c075c022a86ffa3298ece48ed2cfe1947e2066ca5e69a5f,29942,29971,29653,-0.9651993854785879,True
16,4,workload,lstm,rotation,lstm,eca71f260d09ccf7e170a1a0f0be7da5529706c510c0830741b1882afb4c3d77,30327,30357,30327,0.0,True
16,4,workload,lstm,rotation,lstm,804e4c99c3e3af1b553d9b90f059db9ad49d6de03025c6855f9f7380210ac4b8,30327,30357,27424,-9.57232828832394,True
16,4,workload,lstm,rotation,lstm,b0c7ab51ad96c12319b9d65cd92b1787c7bcd23b4d5a9af10020f4f230b42656,30327,30357,30352,0.08243479407787913,True
16,4,workload,lstm,rotation,lstm,bde1932d91604f32049f81c34d23b71c2fe6818560b511183ff417628088e770,30327,30357,28643,-5.552807729086295,True
16,4,workload,lstm,rotation,lstm,2dd3add88d022a88514bc49a113718bdaf906dfcfb939238dbbf920c4cb8a016,30327,30357,30071,-0.8441322913575355,True
16,4,workload,lstm,reflection,lstm,eca71f260d09ccf7e170a1a0f0be7da5529706c510c0830741b1882afb4c3d77,30327,30357,30327,0.0,True
16,4,workload,lstm,reflection,lstm,804e4c99c3e3af1b553d9b90f059db9ad49d6de03025c6855f9f7380210ac4b8,30327,30357,27424,-9.57232828832394,True
16,4,workload,lstm,reflection,lstm,b0c7ab51ad96c12319b9d65cd92b1787c7bcd23b4d5a9af10020f4f230b42656,30327,30357,30352,0.08243479407787913,True
16,4,workload,lstm,reflection,lstm,bde1932d91604f32049f81c34d23b71c2fe6818560b511183ff417628088e770,30327,30357,28643,-5.552807729086295,True
16,4,workload,lstm,reflection,lstm,2dd3add88d022a88514bc49a113718bdaf906dfcfb939238dbbf920c4cb8a016,30327,30357,30071,-0.8441322913575355,True
16,4,workload,transformer,rotation,transformer,b0d24c97dbed74bbbd495c6dcf1999452a919fb590a0929b8fc09640a649bc7e,898048,898946,898048,0.0,True
16,4,workload,transformer,rotation,transformer,827ce2f22ed339b76dbf7858df636869a2fea59bf739cd20173d9e5449e21a41,898048,898946,898176,0.014253135689856755,True
16,4,workload,transformer,rotation,transformer,c8e545e56dcc3c86446c0482b1eef224a30a1f0d706167afdee69ae2a9dc6b26,898048,898946,898304,0.02850627137971351,True
16,4,workload,transformer,rotation,transformer,fb7859f4d5fb31d27c1fdb9d997e62731619bb9cea1e48edfb5bb4d7e6b22ac0,898048,898946,898592,0.060575826681863454,True
16,4,workload,transformer,reflection,transformer,b0d24c97dbed74bbbd495c6dcf1999452a919fb590a0929b8fc09640a649bc7e,898048,898946,898048,0.0,True
16,4,workload,transformer,reflection,transformer,827ce2f22ed339b76dbf7858df636869a2fea59bf739cd20173d9e5449e21a41,898048,898946,898176,0.014253135689856755,True
16,4,workload,transformer,reflection,transformer,c8e545e56dcc3c86446c0482b1eef224a30a1f0d706167afdee69ae2a9dc6b26,898048,898946,898304,0.02850627137971351,True
16,4,workload,transformer,reflection,transformer,fb7859f4d5fb31d27c1fdb9d997e62731619bb9cea1e48edfb5bb4d7e6b22ac0,898048,898946,898604,0.061912058152802096,True
16,4,workload,transformer_cell,rotation,transformer_cell,bc13290724dff92acc57e61c7a56c3254a66ab0ce9bffbe47f9eaeb1d267113d,156928,157084,156928,0.0,True
16,4,workload,transformer_cell,rotation,transformer_cell,52587e24635b06c6f9ac7e6b7dd544541390b8fcd79959adde6b7ae7136289c0,156928,157084,157056,0.08156606851550396,True
16,4,workload,transformer_cell,reflection,transformer_cell,bc13290724dff92acc57e61c7a56c3254a66ab0ce9bffbe47f9eaeb1d267113d,156928,157084,156928,0.0,True
16,4,workload,transformer_cell,reflection,transformer_cell,52587e24635b06c6f9ac7e6b7dd544541390b8fcd79959adde6b7ae7136289c0,156928,157084,157056,0.08156606851550396,True
16,4,workload,pnasnet,rotation,pnasnet,71ab0ec1e444a403a5d80b5087181f8aeebd9928f499cae3235c183f7160cd79,1287329,1288616,1287335,0.00046608132031611404,True
16,4,workload,pnasnet,rotation,pnasnet,f2d71829e7377e227100c47b3fc61069658253b98d630dbfc5bbec08db787b7a,1287329,1288616,1287193,-0.010564509927146748,True
16,4,workload,pnasnet,rotation,pnasnet,6b00202c68a46d99fcb5f487f9ac795cf1a65617472ce292272311688e5a7c23,1287329,1288616,1288478,0.0892545728403471,True
16,4,workload,pnasnet,rotation,pnasnet,4f52e61cc2ad7050a28dd3738112425092234801b795054149a67ce1cf0ccae8,1287329,1288616,1288615,0.09989676298753913,True
16,4,workload,pnasnet,rotation,pnasnet,518fc9891330cec8640ea5fe8b646df45308688ba06865b607d2c3e4309b38f8,1287329,1288616,1288428,0.08537056183772762,True
16,4,workload,pnasnet,reflection,pnasnet,71ab0ec1e444a403a5d80b5087181f8aeebd9928f499cae3235c183f7160cd79,1287329,1288616,1287444,0.008933225306040349,True
16,4,workload,pnasnet,reflection,pnasnet,f2d71829e7377e227100c47b3fc61069658253b98d630dbfc5bbec08db787b7a,1287329,1288616,1287193,-0.010564509927146748,True
16,4,workload,pnasnet,reflection,pnasnet,6b00202c68a46d99fcb5f487f9ac795cf1a65617472ce292272311688e5a7c23,1287329,1288616,1288478,0.0892545728403471,True
16,4,workload,pnasnet,reflection,pnasnet,4f52e61cc2ad7050a28dd3738112425092234801b795054149a67ce1cf0ccae8,1287329,1288616,1288615,0.09989676298753913,True
16,4,workload,pnasnet,reflection,pnasnet,518fc9891330cec8640ea5fe8b646df45308688ba06865b607d2c3e4309b38f8,1287329,1288616,1288428,0.08537056183772762,True
16,4,workload,resnext50,rotation,resnext50,4467f984a072d65b2b3770a2f227fc1cb3e4a2017990b92277a55fa7aa4820b3,74988,75062,74988,0.0,True
16,4,workload,resnext50,rotation,resnext50,4bf6d755b14df20dfea26e6d44db7dbb8283bd308421c838edb1f055557f60fc,74988,75062,75050,0.08267989544994414,True
16,4,workload,resnext50,rotation,resnext50,f09f55532127f2d4f198040b27a999284782a6950c7e09dda6da86876a05c2e2,74988,75062,75016,0.03733930762255255,True
16,4,workload,resnext50,reflection,resnext50,4467f984a072d65b2b3770a2f227fc1cb3e4a2017990b92277a55fa7aa4820b3,74988,75062,74988,0.0,True
16,4,workload,resnext50,reflection,resnext50,4bf6d755b14df20dfea26e6d44db7dbb8283bd308421c838edb1f055557f60fc,74988,75062,75050,0.08267989544994414,True
16,4,workload,resnext50,reflection,resnext50,f09f55532127f2d4f198040b27a999284782a6950c7e09dda6da86876a05c2e2,74988,75062,75016,0.03733930762255255,True
16,4,workload,resnet152,rotation,resnet152,9a4a106c0f5e0219d828019bc96de66a4711b689e9819e854c1dfe48270a40e8,388262,388650,388560,0.07675229612993384,True
16,4,workload,resnet152,reflection,resnet152,9a4a106c0f5e0219d828019bc96de66a4711b689e9819e854c1dfe48270a40e8,388262,388650,388560,0.07675229612993384,True
16,4,workload,bert_block,rotation,bert_block,130b9f54aef199dedd1969d61e62407fdb1e3754ab9a13566144454a3d54e5a2,169984,170153,169984,0.0,True
16,4,workload,bert_block,rotation,bert_block,6c04323ddc42f4c3295d24b7d525e6d071bd33a263b742856a3eb7a14cc331af,169984,170153,169984,0.0,True
16,4,workload,bert_block,reflection,bert_block,130b9f54aef199dedd1969d61e62407fdb1e3754ab9a13566144454a3d54e5a2,169984,170153,169984,0.0,True
16,4,workload,bert_block,reflection,bert_block,6c04323ddc42f4c3295d24b7d525e6d071bd33a263b742856a3eb7a14cc331af,169984,170153,169984,0.0,True
16,4,workload,gpt_prefill_block,rotation,gpt_prefill_block,bc5c639bd9604879570194a5f3697215cf16028e8b277ad8d1e2f16a28b24cae,323200,323523,323200,0.0,True
16,4,workload,gpt_prefill_block,rotation,gpt_prefill_block,80c9412879c47c07dbae8595662a7983b0b9ca8742f929296b6b3d97f17350e4,323200,323523,323268,0.021039603960404385,True
16,4,workload,gpt_prefill_block,rotation,gpt_prefill_block,c31e3f01ac0100c63534aa65aaddc6fa90ffafdc7790e6f157ea0e9aa5051597,323200,323523,323200,0.0,True
16,4,workload,gpt_prefill_block,rotation,gpt_prefill_block,ecc7d8baf61e63bc09137abac68e0a116472d22418b5517ddb76d98cf0043d7d,323200,323523,323268,0.021039603960404385,True
16,4,workload,gpt_prefill_block,reflection,gpt_prefill_block,bc5c639bd9604879570194a5f3697215cf16028e8b277ad8d1e2f16a28b24cae,323200,323523,323200,0.0,True
16,4,workload,gpt_prefill_block,reflection,gpt_prefill_block,80c9412879c47c07dbae8595662a7983b0b9ca8742f929296b6b3d97f17350e4,323200,323523,323268,0.021039603960404385,True
16,4,workload,gpt_prefill_block,reflection,gpt_prefill_block,c31e3f01ac0100c63534aa65aaddc6fa90ffafdc7790e6f157ea0e9aa5051597,323200,323523,323200,0.0,True
16,4,workload,gpt_prefill_block,reflection,gpt_prefill_block,ecc7d8baf61e63bc09137abac68e0a116472d22418b5517ddb76d98cf0043d7d,323200,323523,323268,0.021039603960404385,True
16,4,workload,gpt_decode_block,rotation,gpt_decode_block,220e5a89e939e774b3b0229c5ab1bbf0316abcf6b5be95176e8546271f901600,11244,11255,10992,-2.2411953041622246,True
16,4,workload,gpt_decode_block,rotation,gpt_decode_block,984f90cebdeacb19a0697793c22222dc8899a6ee770bf5749ebe866a304e4ec4,11244,11255,11157,-0.773745997865527,True
16,4,workload,gpt_decode_block,rotation,gpt_decode_block,d90f456ef67888b05a919f927ec1e84741008281045f5e681a543d4dc0c9dd9f,11244,11255,11087,-1.396300249021698,True
16,4,workload,gpt_decode_block,rotation,gpt_decode_block,ec54a5b6b5651cd8d6635a57b18c8d1e6020fede6c2df9cb7a296222dabedd45,11244,11255,11137,-0.9516186410530092,True
16,4,workload,gpt_decode_block,rotation,gpt_decode_block,963ffee65ceb3ff81611b366aecb4c7cb0f7d50bfd935c7acb908aa87161ea46,11244,11255,10420,-7.328352899324086,True
16,4,workload,gpt_decode_block,reflection,gpt_decode_block,220e5a89e939e774b3b0229c5ab1bbf0316abcf6b5be95176e8546271f901600,11244,11255,10992,-2.2411953041622246,True
16,4,workload,gpt_decode_block,reflection,gpt_decode_block,984f90cebdeacb19a0697793c22222dc8899a6ee770bf5749ebe866a304e4ec4,11244,11255,11157,-0.773745997865527,True
16,4,workload,gpt_decode_block,reflection,gpt_decode_block,d90f456ef67888b05a919f927ec1e84741008281045f5e681a543d4dc0c9dd9f,11244,11255,11112,-1.1739594450373536,True
16,4,workload,gpt_decode_block,reflection,gpt_decode_block,ec54a5b6b5651cd8d6635a57b18c8d1e6020fede6c2df9cb7a296222dabedd45,11244,11255,11194,-0.44468160796869993,True
16,4,workload,gpt_decode_block,reflection,gpt_decode_block,963ffee65ceb3ff81611b366aecb4c7cb0f7d50bfd935c7acb908aa87161ea46,11244,11255,10429,-7.248310209889719,True
16,4,group,CNN,rotation,darknet19,e51a719a0a8081a475dc2fd20ed8389c67bc9edd423e5379a8ba0f4a26bc364d,90892,90982,90892,0.0,True
16,4,group,CNN,rotation,darknet19,8e96648f02e0255f53532b3a5069f4d1a438dc5f03f56a299d130a756b8d38b4,90892,90982,90892,0.0,True
16,4,group,CNN,rotation,darknet19,63614c84ad7aa487b857e6764a7b9163bc83f28450f52d3da895b05af8a1a0c0,90892,90982,90892,0.0,True
16,4,group,CNN,rotation,darknet19,61b914099c59b2877d5d4d66131e4a59ec5cd97e4ae959989ff40731ec3a9bb0,90892,90982,90892,0.0,True
16,4,group,CNN,rotation,darknet19,6cd4239c95192ae44a7a1eca69ff55bed618059eacc8e3faf7beeed9ac8be4ac,90892,90982,90892,0.0,True
16,4,group,CNN,rotation,vgg19,4ab4a9470720e877c514f35aff61a31fa8599a40e1964ce68311578230a44e9e,599221,599820,599221,0.0,True
16,4,group,CNN,rotation,vgg19,96a6b536df436e0937bebd0edfe67fafcdf229eaf5eccf916732e5dbfe3a0489,599221,599820,599613,0.06541826805135376,True
16,4,group,CNN,rotation,resnet50,ffd2a81e0e74ff3a6c5fda9325b5d46fa13798ac5ddb7968be3322a26cfc13d8,132399,132531,132399,0.0,True
16,4,group,CNN,rotation,resnet50,e24bd62042952b553edec9a6e3f8385b197352cb3a24811b3d5c0f236cb22b05,132399,132531,132526,0.09592217463878505,True
16,4,group,CNN,rotation,resnet50,9ab8e10ab747b8c4a07736aabc4a2e1b3492acf39bfca5bd80eb5959f358df6d,132399,132531,132442,0.03247758668871725,True
16,4,group,CNN,rotation,googlenet,c3f9c9e23cdcf37b7cf5ee94d885c593ae540fd710fe6cebe045e9e16c816f9d,62110,62172,62111,0.0016100466913471223,True
16,4,group,CNN,rotation,googlenet,d2d8767efdc208beafc95c7b809004f3a5be2920f44b83ca5d929c28258bc602,62110,62172,62154,0.07084205441958424,True
16,4,group,CNN,rotation,googlenet,e72aa29c899aef73ac08446619fb93cc4dba0c176bce7fb8fc394891d3a3deb0,62110,62172,62134,0.03864112059248637,True
16,4,group,CNN,rotation,googlenet,4e0927c11f22176174649d5294739fd1aece4aa71b45506fcf47ff3caad96dbc,62110,62172,62172,0.09982289486394347,True
16,4,group,CNN,rotation,googlenet,e95332f88ec8c4e462b1b096540a2f7c434ffa454fa9978d25362010c647680e,62110,62172,62117,0.011270326839474265,True
16,4,group,CNN,rotation,resnet101,f527a913986c6babcf360d576479af6664152693331da80049b56976e4f90e2f,261395,261656,261395,0.0,True
16,4,group,CNN,rotation,resnet101,d788ddeaa84f817add3ecc7b8a15340890d49eec98241f884a2eb83bb5976183,261395,261656,261650,0.09755351096998321,True
16,4,group,CNN,rotation,densenet,a8eb6442a987026511ff1093b771336676ce45309539dc7626ebfcda4243ccf9,96246,96342,96246,0.0,True
16,4,group,CNN,rotation,densenet,b3fb45011dc0a3e5310e2fc4bb91317be89762e16bbf70b1acfd8c36403cc3f8,96246,96342,96246,0.0,True
16,4,group,CNN,rotation,densenet,75b5b7d622db7558c09c397bead88b55b42c8efd94b8777f7da9c64d7924bd62,96246,96342,96271,0.02597510545891968,True
16,4,group,CNN,rotation,inception_resnet_v1,70430177ad5f3e277f0d6235b9fa8a05549767add45f129878163b5b53f6f5ae,227352,227579,227352,0.0,True
16,4,group,CNN,rotation,inception_resnet_v1,444f0c31702bd1544337c23ab665da240cb20d3bf038f63fe068e3c023b211f7,227352,227579,227351,-0.0004398465815125263,True
16,4,group,CNN,rotation,inception_resnet_v1,18ec4fe52aff9e7719f1ed9676e54164229ba5b9c7433f5ce8c90ec9eda7e558,227352,227579,227498,0.06421760090080664,True
16,4,group,CNN,rotation,pnasnet,71ab0ec1e444a403a5d80b5087181f8aeebd9928f499cae3235c183f7160cd79,1287329,1288616,1287329,0.0,True
16,4,group,CNN,rotation,pnasnet,f2d71829e7377e227100c47b3fc61069658253b98d630dbfc5bbec08db787b7a,1287329,1288616,1287193,-0.010564509927146748,True
16,4,group,CNN,rotation,pnasnet,6b00202c68a46d99fcb5f487f9ac795cf1a65617472ce292272311688e5a7c23,1287329,1288616,1288127,0.06198881560190994,True
16,4,group,CNN,rotation,pnasnet,4f52e61cc2ad7050a28dd3738112425092234801b795054149a67ce1cf0ccae8,1287329,1288616,1288266,0.07278636618921475,True
16,4,group,CNN,rotation,pnasnet,518fc9891330cec8640ea5fe8b646df45308688ba06865b607d2c3e4309b38f8,1287329,1288616,1288428,0.08537056183772762,True
16,4,group,CNN,rotation,resnext50,4467f984a072d65b2b3770a2f227fc1cb3e4a2017990b92277a55fa7aa4820b3,74988,75062,74988,0.0,True
16,4,group,CNN,rotation,resnext50,4bf6d755b14df20dfea26e6d44db7dbb8283bd308421c838edb1f055557f60fc,74988,75062,75050,0.08267989544994414,True
16,4,group,CNN,rotation,resnext50,f09f55532127f2d4f198040b27a999284782a6950c7e09dda6da86876a05c2e2,74988,75062,75016,0.03733930762255255,True
16,4,group,CNN,rotation,resnet152,9a4a106c0f5e0219d828019bc96de66a4711b689e9819e854c1dfe48270a40e8,388262,388650,388262,0.0,True
16,4,group,CNN,reflection,darknet19,e51a719a0a8081a475dc2fd20ed8389c67bc9edd423e5379a8ba0f4a26bc364d,90892,90982,90892,0.0,True
16,4,group,CNN,reflection,darknet19,8e96648f02e0255f53532b3a5069f4d1a438dc5f03f56a299d130a756b8d38b4,90892,90982,90892,0.0,True
16,4,group,CNN,reflection,darknet19,63614c84ad7aa487b857e6764a7b9163bc83f28450f52d3da895b05af8a1a0c0,90892,90982,90892,0.0,True
16,4,group,CNN,reflection,darknet19,61b914099c59b2877d5d4d66131e4a59ec5cd97e4ae959989ff40731ec3a9bb0,90892,90982,90892,0.0,True
16,4,group,CNN,reflection,darknet19,6cd4239c95192ae44a7a1eca69ff55bed618059eacc8e3faf7beeed9ac8be4ac,90892,90982,90892,0.0,True
16,4,group,CNN,reflection,vgg19,4ab4a9470720e877c514f35aff61a31fa8599a40e1964ce68311578230a44e9e,599221,599820,599221,0.0,True
16,4,group,CNN,reflection,vgg19,96a6b536df436e0937bebd0edfe67fafcdf229eaf5eccf916732e5dbfe3a0489,599221,599820,599613,0.06541826805135376,True
16,4,group,CNN,reflection,resnet50,ffd2a81e0e74ff3a6c5fda9325b5d46fa13798ac5ddb7968be3322a26cfc13d8,132399,132531,132399,0.0,True
16,4,group,CNN,reflection,resnet50,e24bd62042952b553edec9a6e3f8385b197352cb3a24811b3d5c0f236cb22b05,132399,132531,132526,0.09592217463878505,True
16,4,group,CNN,reflection,resnet50,9ab8e10ab747b8c4a07736aabc4a2e1b3492acf39bfca5bd80eb5959f358df6d,132399,132531,132442,0.03247758668871725,True
16,4,group,CNN,reflection,googlenet,c3f9c9e23cdcf37b7cf5ee94d885c593ae540fd710fe6cebe045e9e16c816f9d,62110,62172,62111,0.0016100466913471223,True
16,4,group,CNN,reflection,googlenet,d2d8767efdc208beafc95c7b809004f3a5be2920f44b83ca5d929c28258bc602,62110,62172,62154,0.07084205441958424,True
16,4,group,CNN,reflection,googlenet,e72aa29c899aef73ac08446619fb93cc4dba0c176bce7fb8fc394891d3a3deb0,62110,62172,62134,0.03864112059248637,True
16,4,group,CNN,reflection,googlenet,4e0927c11f22176174649d5294739fd1aece4aa71b45506fcf47ff3caad96dbc,62110,62172,62172,0.09982289486394347,True
16,4,group,CNN,reflection,googlenet,e95332f88ec8c4e462b1b096540a2f7c434ffa454fa9978d25362010c647680e,62110,62172,62117,0.011270326839474265,True
16,4,group,CNN,reflection,resnet101,f527a913986c6babcf360d576479af6664152693331da80049b56976e4f90e2f,261395,261656,261395,0.0,True
16,4,group,CNN,reflection,resnet101,d788ddeaa84f817add3ecc7b8a15340890d49eec98241f884a2eb83bb5976183,261395,261656,261650,0.09755351096998321,True
16,4,group,CNN,reflection,densenet,a8eb6442a987026511ff1093b771336676ce45309539dc7626ebfcda4243ccf9,96246,96342,96246,0.0,True
16,4,group,CNN,reflection,densenet,b3fb45011dc0a3e5310e2fc4bb91317be89762e16bbf70b1acfd8c36403cc3f8,96246,96342,96246,0.0,True
16,4,group,CNN,reflection,densenet,75b5b7d622db7558c09c397bead88b55b42c8efd94b8777f7da9c64d7924bd62,96246,96342,96271,0.02597510545891968,True
16,4,group,CNN,reflection,inception_resnet_v1,70430177ad5f3e277f0d6235b9fa8a05549767add45f129878163b5b53f6f5ae,227352,227579,227352,0.0,True
16,4,group,CNN,reflection,inception_resnet_v1,444f0c31702bd1544337c23ab665da240cb20d3bf038f63fe068e3c023b211f7,227352,227579,227351,-0.0004398465815125263,True
16,4,group,CNN,reflection,inception_resnet_v1,18ec4fe52aff9e7719f1ed9676e54164229ba5b9c7433f5ce8c90ec9eda7e558,227352,227579,227498,0.06421760090080664,True
16,4,group,CNN,reflection,pnasnet,71ab0ec1e444a403a5d80b5087181f8aeebd9928f499cae3235c183f7160cd79,1287329,1288616,1287329,0.0,True
16,4,group,CNN,reflection,pnasnet,f2d71829e7377e227100c47b3fc61069658253b98d630dbfc5bbec08db787b7a,1287329,1288616,1287193,-0.010564509927146748,True
16,4,group,CNN,reflection,pnasnet,6b00202c68a46d99fcb5f487f9ac795cf1a65617472ce292272311688e5a7c23,1287329,1288616,1288127,0.06198881560190994,True
16,4,group,CNN,reflection,pnasnet,4f52e61cc2ad7050a28dd3738112425092234801b795054149a67ce1cf0ccae8,1287329,1288616,1288266,0.07278636618921475,True
16,4,group,CNN,reflection,pnasnet,518fc9891330cec8640ea5fe8b646df45308688ba06865b607d2c3e4309b38f8,1287329,1288616,1288428,0.08537056183772762,True
16,4,group,CNN,reflection,resnext50,4467f984a072d65b2b3770a2f227fc1cb3e4a2017990b92277a55fa7aa4820b3,74988,75062,74988,0.0,True
16,4,group,CNN,reflection,resnext50,4bf6d755b14df20dfea26e6d44db7dbb8283bd308421c838edb1f055557f60fc,74988,75062,75050,0.08267989544994414,True
16,4,group,CNN,reflection,resnext50,f09f55532127f2d4f198040b27a999284782a6950c7e09dda6da86876a05c2e2,74988,75062,75016,0.03733930762255255,True
16,4,group,CNN,reflection,resnet152,9a4a106c0f5e0219d828019bc96de66a4711b689e9819e854c1dfe48270a40e8,388262,388650,388262,0.0,True
16,4,group,RNN,rotation,gnmt,f362af8317812f2584b9c326fc064ad608fdf913c50206b76901d61dc8068666,29942,29971,29942,0.0,True
16,4,group,RNN,rotation,gnmt,5332df17ede1df99b2c7644d48be59923b8e5a000b4ebd7261cddddf228a0036,29942,29971,27424,-8.409591877630085,True
16,4,group,RNN,rotation,gnmt,98635ce430146742d0fff8efb4d3362018158ddaf8e7acd4de3a3ed82882a8bc,29942,29971,27554,-7.975419143677776,True
16,4,group,RNN,rotation,gnmt,8a81fe427c07960bc4acd9c08213faab3f36bdfbebd9d88c6e75aeeef492e31a,29942,29971,28072,-6.245407788390889,True
16,4,group,RNN,rotation,gnmt,a25b72a8ad5a1ecd5c075c022a86ffa3298ece48ed2cfe1947e2066ca5e69a5f,29942,29971,29261,-2.2743971678578556,True
16,4,group,RNN,rotation,lstm,eca71f260d09ccf7e170a1a0f0be7da5529706c510c0830741b1882afb4c3d77,30327,30357,30327,0.0,True
16,4,group,RNN,rotation,lstm,804e4c99c3e3af1b553d9b90f059db9ad49d6de03025c6855f9f7380210ac4b8,30327,30357,27424,-9.57232828832394,True
16,4,group,RNN,rotation,lstm,b0c7ab51ad96c12319b9d65cd92b1787c7bcd23b4d5a9af10020f4f230b42656,30327,30357,30352,0.08243479407787913,True
16,4,group,RNN,rotation,lstm,bde1932d91604f32049f81c34d23b71c2fe6818560b511183ff417628088e770,30327,30357,28643,-5.552807729086295,True
16,4,group,RNN,rotation,lstm,2dd3add88d022a88514bc49a113718bdaf906dfcfb939238dbbf920c4cb8a016,30327,30357,30071,-0.8441322913575355,True
16,4,group,RNN,reflection,gnmt,f362af8317812f2584b9c326fc064ad608fdf913c50206b76901d61dc8068666,29942,29971,29942,0.0,True
16,4,group,RNN,reflection,gnmt,5332df17ede1df99b2c7644d48be59923b8e5a000b4ebd7261cddddf228a0036,29942,29971,27424,-8.409591877630085,True
16,4,group,RNN,reflection,gnmt,98635ce430146742d0fff8efb4d3362018158ddaf8e7acd4de3a3ed82882a8bc,29942,29971,27554,-7.975419143677776,True
16,4,group,RNN,reflection,gnmt,8a81fe427c07960bc4acd9c08213faab3f36bdfbebd9d88c6e75aeeef492e31a,29942,29971,28072,-6.245407788390889,True
16,4,group,RNN,reflection,gnmt,a25b72a8ad5a1ecd5c075c022a86ffa3298ece48ed2cfe1947e2066ca5e69a5f,29942,29971,29261,-2.2743971678578556,True
16,4,group,RNN,reflection,lstm,eca71f260d09ccf7e170a1a0f0be7da5529706c510c0830741b1882afb4c3d77,30327,30357,30327,0.0,True
16,4,group,RNN,reflection,lstm,804e4c99c3e3af1b553d9b90f059db9ad49d6de03025c6855f9f7380210ac4b8,30327,30357,27424,-9.57232828832394,True
16,4,group,RNN,reflection,lstm,b0c7ab51ad96c12319b9d65cd92b1787c7bcd23b4d5a9af10020f4f230b42656,30327,30357,30352,0.08243479407787913,True
16,4,group,RNN,reflection,lstm,bde1932d91604f32049f81c34d23b71c2fe6818560b511183ff417628088e770,30327,30357,28643,-5.552807729086295,True
16,4,group,RNN,reflection,lstm,2dd3add88d022a88514bc49a113718bdaf906dfcfb939238dbbf920c4cb8a016,30327,30357,30071,-0.8441322913575355,True
16,4,group,Transformer,rotation,transformer,b0d24c97dbed74bbbd495c6dcf1999452a919fb590a0929b8fc09640a649bc7e,898048,898946,898048,0.0,True
16,4,group,Transformer,rotation,transformer,827ce2f22ed339b76dbf7858df636869a2fea59bf739cd20173d9e5449e21a41,898048,898946,898048,0.0,True
16,4,group,Transformer,rotation,transformer,c8e545e56dcc3c86446c0482b1eef224a30a1f0d706167afdee69ae2a9dc6b26,898048,898946,898048,0.0,True
16,4,group,Transformer,rotation,transformer,fb7859f4d5fb31d27c1fdb9d997e62731619bb9cea1e48edfb5bb4d7e6b22ac0,898048,898946,898592,0.060575826681863454,True
16,4,group,Transformer,rotation,transformer_cell,bc13290724dff92acc57e61c7a56c3254a66ab0ce9bffbe47f9eaeb1d267113d,156928,157084,156928,0.0,True
16,4,group,Transformer,rotation,transformer_cell,52587e24635b06c6f9ac7e6b7dd544541390b8fcd79959adde6b7ae7136289c0,156928,157084,156928,0.0,True
16,4,group,Transformer,rotation,bert_block,130b9f54aef199dedd1969d61e62407fdb1e3754ab9a13566144454a3d54e5a2,169984,170153,169984,0.0,True
16,4,group,Transformer,rotation,bert_block,6c04323ddc42f4c3295d24b7d525e6d071bd33a263b742856a3eb7a14cc331af,169984,170153,169984,0.0,True
16,4,group,Transformer,rotation,gpt_prefill_block,bc5c639bd9604879570194a5f3697215cf16028e8b277ad8d1e2f16a28b24cae,323200,323523,323200,0.0,True
16,4,group,Transformer,rotation,gpt_prefill_block,80c9412879c47c07dbae8595662a7983b0b9ca8742f929296b6b3d97f17350e4,323200,323523,323268,0.021039603960404385,True
16,4,group,Transformer,rotation,gpt_prefill_block,c31e3f01ac0100c63534aa65aaddc6fa90ffafdc7790e6f157ea0e9aa5051597,323200,323523,323200,0.0,True
16,4,group,Transformer,rotation,gpt_prefill_block,ecc7d8baf61e63bc09137abac68e0a116472d22418b5517ddb76d98cf0043d7d,323200,323523,323268,0.021039603960404385,True
16,4,group,Transformer,rotation,gpt_decode_block,220e5a89e939e774b3b0229c5ab1bbf0316abcf6b5be95176e8546271f901600,11244,11255,10992,-2.2411953041622246,True
16,4,group,Transformer,rotation,gpt_decode_block,984f90cebdeacb19a0697793c22222dc8899a6ee770bf5749ebe866a304e4ec4,11244,11255,11157,-0.773745997865527,True
16,4,group,Transformer,rotation,gpt_decode_block,d90f456ef67888b05a919f927ec1e84741008281045f5e681a543d4dc0c9dd9f,11244,11255,11087,-1.396300249021698,True
16,4,group,Transformer,rotation,gpt_decode_block,ec54a5b6b5651cd8d6635a57b18c8d1e6020fede6c2df9cb7a296222dabedd45,11244,11255,11137,-0.9516186410530092,True
16,4,group,Transformer,rotation,gpt_decode_block,963ffee65ceb3ff81611b366aecb4c7cb0f7d50bfd935c7acb908aa87161ea46,11244,11255,10420,-7.328352899324086,True
16,4,group,Transformer,reflection,transformer,b0d24c97dbed74bbbd495c6dcf1999452a919fb590a0929b8fc09640a649bc7e,898048,898946,898048,0.0,True
16,4,group,Transformer,reflection,transformer,827ce2f22ed339b76dbf7858df636869a2fea59bf739cd20173d9e5449e21a41,898048,898946,898048,0.0,True
16,4,group,Transformer,reflection,transformer,c8e545e56dcc3c86446c0482b1eef224a30a1f0d706167afdee69ae2a9dc6b26,898048,898946,898048,0.0,True
16,4,group,Transformer,reflection,transformer,fb7859f4d5fb31d27c1fdb9d997e62731619bb9cea1e48edfb5bb4d7e6b22ac0,898048,898946,898592,0.060575826681863454,True
16,4,group,Transformer,reflection,transformer_cell,bc13290724dff92acc57e61c7a56c3254a66ab0ce9bffbe47f9eaeb1d267113d,156928,157084,156928,0.0,True
16,4,group,Transformer,reflection,transformer_cell,52587e24635b06c6f9ac7e6b7dd544541390b8fcd79959adde6b7ae7136289c0,156928,157084,156928,0.0,True
16,4,group,Transformer,reflection,bert_block,130b9f54aef199dedd1969d61e62407fdb1e3754ab9a13566144454a3d54e5a2,169984,170153,169984,0.0,True
16,4,group,Transformer,reflection,bert_block,6c04323ddc42f4c3295d24b7d525e6d071bd33a263b742856a3eb7a14cc331af,169984,170153,169984,0.0,True
16,4,group,Transformer,reflection,gpt_prefill_block,bc5c639bd9604879570194a5f3697215cf16028e8b277ad8d1e2f16a28b24cae,323200,323523,323200,0.0,True
16,4,group,Transformer,reflection,gpt_prefill_block,80c9412879c47c07dbae8595662a7983b0b9ca8742f929296b6b3d97f17350e4,323200,323523,323268,0.021039603960404385,True
16,4,group,Transformer,reflection,gpt_prefill_block,c31e3f01ac0100c63534aa65aaddc6fa90ffafdc7790e6f157ea0e9aa5051597,323200,323523,323200,0.0,True
16,4,group,Transformer,reflection,gpt_prefill_block,ecc7d8baf61e63bc09137abac68e0a116472d22418b5517ddb76d98cf0043d7d,323200,323523,323268,0.021039603960404385,True
16,4,group,Transformer,reflection,gpt_decode_block,220e5a89e939e774b3b0229c5ab1bbf0316abcf6b5be95176e8546271f901600,11244,11255,10992,-2.2411953041622246,True
16,4,group,Transformer,reflection,gpt_decode_block,984f90cebdeacb19a0697793c22222dc8899a6ee770bf5749ebe866a304e4ec4,11244,11255,11157,-0.773745997865527,True
16,4,group,Transformer,reflection,gpt_decode_block,d90f456ef67888b05a919f927ec1e84741008281045f5e681a543d4dc0c9dd9f,11244,11255,11112,-1.1739594450373536,True
16,4,group,Transformer,reflection,gpt_decode_block,ec54a5b6b5651cd8d6635a57b18c8d1e6020fede6c2df9cb7a296222dabedd45,11244,11255,11194,-0.44468160796869993,True
16,4,group,Transformer,reflection,gpt_decode_block,963ffee65ceb3ff81611b366aecb4c7cb0f7d50bfd935c7acb908aa87161ea46,11244,11255,10429,-7.248310209889719,True
16,4,all,ALL17,rotation,darknet19,e51a719a0a8081a475dc2fd20ed8389c67bc9edd423e5379a8ba0f4a26bc364d,90892,90982,90892,0.0,True
16,4,all,ALL17,rotation,darknet19,8e96648f02e0255f53532b3a5069f4d1a438dc5f03f56a299d130a756b8d38b4,90892,90982,90892,0.0,True
16,4,all,ALL17,rotation,darknet19,63614c84ad7aa487b857e6764a7b9163bc83f28450f52d3da895b05af8a1a0c0,90892,90982,90892,0.0,True
16,4,all,ALL17,rotation,darknet19,61b914099c59b2877d5d4d66131e4a59ec5cd97e4ae959989ff40731ec3a9bb0,90892,90982,90892,0.0,True
16,4,all,ALL17,rotation,darknet19,6cd4239c95192ae44a7a1eca69ff55bed618059eacc8e3faf7beeed9ac8be4ac,90892,90982,90892,0.0,True
16,4,all,ALL17,rotation,vgg19,4ab4a9470720e877c514f35aff61a31fa8599a40e1964ce68311578230a44e9e,599221,599820,599221,0.0,True
16,4,all,ALL17,rotation,vgg19,96a6b536df436e0937bebd0edfe67fafcdf229eaf5eccf916732e5dbfe3a0489,599221,599820,599613,0.06541826805135376,True
16,4,all,ALL17,rotation,resnet50,ffd2a81e0e74ff3a6c5fda9325b5d46fa13798ac5ddb7968be3322a26cfc13d8,132399,132531,132399,0.0,True
16,4,all,ALL17,rotation,resnet50,e24bd62042952b553edec9a6e3f8385b197352cb3a24811b3d5c0f236cb22b05,132399,132531,132526,0.09592217463878505,True
16,4,all,ALL17,rotation,resnet50,9ab8e10ab747b8c4a07736aabc4a2e1b3492acf39bfca5bd80eb5959f358df6d,132399,132531,132442,0.03247758668871725,True
16,4,all,ALL17,rotation,googlenet,c3f9c9e23cdcf37b7cf5ee94d885c593ae540fd710fe6cebe045e9e16c816f9d,62110,62172,62130,0.03220093382707567,True
16,4,all,ALL17,rotation,googlenet,d2d8767efdc208beafc95c7b809004f3a5be2920f44b83ca5d929c28258bc602,62110,62172,62169,0.0949927547898799,True
16,4,all,ALL17,rotation,googlenet,e72aa29c899aef73ac08446619fb93cc4dba0c176bce7fb8fc394891d3a3deb0,62110,62172,62134,0.03864112059248637,True
16,4,all,ALL17,rotation,googlenet,4e0927c11f22176174649d5294739fd1aece4aa71b45506fcf47ff3caad96dbc,62110,62172,62172,0.09982289486394347,True
16,4,all,ALL17,rotation,googlenet,e95332f88ec8c4e462b1b096540a2f7c434ffa454fa9978d25362010c647680e,62110,62172,62131,0.033810980518445,True
16,4,all,ALL17,rotation,resnet101,f527a913986c6babcf360d576479af6664152693331da80049b56976e4f90e2f,261395,261656,261395,0.0,True
16,4,all,ALL17,rotation,resnet101,d788ddeaa84f817add3ecc7b8a15340890d49eec98241f884a2eb83bb5976183,261395,261656,261650,0.09755351096998321,True
16,4,all,ALL17,rotation,densenet,a8eb6442a987026511ff1093b771336676ce45309539dc7626ebfcda4243ccf9,96246,96342,96246,0.0,True
16,4,all,ALL17,rotation,densenet,b3fb45011dc0a3e5310e2fc4bb91317be89762e16bbf70b1acfd8c36403cc3f8,96246,96342,96246,0.0,True
16,4,all,ALL17,rotation,densenet,75b5b7d622db7558c09c397bead88b55b42c8efd94b8777f7da9c64d7924bd62,96246,96342,96271,0.02597510545891968,True
16,4,all,ALL17,rotation,inception_resnet_v1,70430177ad5f3e277f0d6235b9fa8a05549767add45f129878163b5b53f6f5ae,227352,227579,227352,0.0,True
16,4,all,ALL17,rotation,inception_resnet_v1,444f0c31702bd1544337c23ab665da240cb20d3bf038f63fe068e3c023b211f7,227352,227579,227351,-0.0004398465815125263,True
16,4,all,ALL17,rotation,inception_resnet_v1,18ec4fe52aff9e7719f1ed9676e54164229ba5b9c7433f5ce8c90ec9eda7e558,227352,227579,227568,0.09500686160666127,True
16,4,all,ALL17,rotation,gnmt,f362af8317812f2584b9c326fc064ad608fdf913c50206b76901d61dc8068666,29942,29971,29942,0.0,True
16,4,all,ALL17,rotation,gnmt,5332df17ede1df99b2c7644d48be59923b8e5a000b4ebd7261cddddf228a0036,29942,29971,27424,-8.409591877630085,True
16,4,all,ALL17,rotation,gnmt,98635ce430146742d0fff8efb4d3362018158ddaf8e7acd4de3a3ed82882a8bc,29942,29971,27554,-7.975419143677776,True
16,4,all,ALL17,rotation,gnmt,8a81fe427c07960bc4acd9c08213faab3f36bdfbebd9d88c6e75aeeef492e31a,29942,29971,28147,-5.994923518803019,True
16,4,all,ALL17,rotation,gnmt,a25b72a8ad5a1ecd5c075c022a86ffa3298ece48ed2cfe1947e2066ca5e69a5f,29942,29971,29261,-2.2743971678578556,True
16,4,all,ALL17,rotation,lstm,eca71f260d09ccf7e170a1a0f0be7da5529706c510c0830741b1882afb4c3d77,30327,30357,30327,0.0,True
16,4,all,ALL17,rotation,lstm,804e4c99c3e3af1b553d9b90f059db9ad49d6de03025c6855f9f7380210ac4b8,30327,30357,27424,-9.57232828832394,True
16,4,all,ALL17,rotation,lstm,b0c7ab51ad96c12319b9d65cd92b1787c7bcd23b4d5a9af10020f4f230b42656,30327,30357,30352,0.08243479407787913,True
16,4,all,ALL17,rotation,lstm,bde1932d91604f32049f81c34d23b71c2fe6818560b511183ff417628088e770,30327,30357,28643,-5.552807729086295,True
16,4,all,ALL17,rotation,lstm,2dd3add88d022a88514bc49a113718bdaf906dfcfb939238dbbf920c4cb8a016,30327,30357,30071,-0.8441322913575355,True
16,4,all,ALL17,rotation,transformer,b0d24c97dbed74bbbd495c6dcf1999452a919fb590a0929b8fc09640a649bc7e,898048,898946,898048,0.0,True
16,4,all,ALL17,rotation,transformer,827ce2f22ed339b76dbf7858df636869a2fea59bf739cd20173d9e5449e21a41,898048,898946,898048,0.0,True
16,4,all,ALL17,rotation,transformer,c8e545e56dcc3c86446c0482b1eef224a30a1f0d706167afdee69ae2a9dc6b26,898048,898946,898048,0.0,True
16,4,all,ALL17,rotation,transformer,fb7859f4d5fb31d27c1fdb9d997e62731619bb9cea1e48edfb5bb4d7e6b22ac0,898048,898946,898592,0.060575826681863454,True
16,4,all,ALL17,rotation,transformer_cell,bc13290724dff92acc57e61c7a56c3254a66ab0ce9bffbe47f9eaeb1d267113d,156928,157084,156928,0.0,True
16,4,all,ALL17,rotation,transformer_cell,52587e24635b06c6f9ac7e6b7dd544541390b8fcd79959adde6b7ae7136289c0,156928,157084,156928,0.0,True
16,4,all,ALL17,rotation,pnasnet,71ab0ec1e444a403a5d80b5087181f8aeebd9928f499cae3235c183f7160cd79,1287329,1288616,1287477,0.011496672567767874,True
16,4,all,ALL17,rotation,pnasnet,f2d71829e7377e227100c47b3fc61069658253b98d630dbfc5bbec08db787b7a,1287329,1288616,1287193,-0.010564509927146748,True
16,4,all,ALL17,rotation,pnasnet,6b00202c68a46d99fcb5f487f9ac795cf1a65617472ce292272311688e5a7c23,1287329,1288616,1288127,0.06198881560190994,True
16,4,all,ALL17,rotation,pnasnet,4f52e61cc2ad7050a28dd3738112425092234801b795054149a67ce1cf0ccae8,1287329,1288616,1288412,0.08412767831689205,True
16,4,all,ALL17,rotation,pnasnet,518fc9891330cec8640ea5fe8b646df45308688ba06865b607d2c3e4309b38f8,1287329,1288616,1288464,0.0881670497596243,True
16,4,all,ALL17,rotation,resnext50,4467f984a072d65b2b3770a2f227fc1cb3e4a2017990b92277a55fa7aa4820b3,74988,75062,74988,0.0,True
16,4,all,ALL17,rotation,resnext50,4bf6d755b14df20dfea26e6d44db7dbb8283bd308421c838edb1f055557f60fc,74988,75062,75050,0.08267989544994414,True
16,4,all,ALL17,rotation,resnext50,f09f55532127f2d4f198040b27a999284782a6950c7e09dda6da86876a05c2e2,74988,75062,75016,0.03733930762255255,True
16,4,all,ALL17,rotation,resnet152,9a4a106c0f5e0219d828019bc96de66a4711b689e9819e854c1dfe48270a40e8,388262,388650,388262,0.0,True
16,4,all,ALL17,rotation,bert_block,130b9f54aef199dedd1969d61e62407fdb1e3754ab9a13566144454a3d54e5a2,169984,170153,169984,0.0,True
16,4,all,ALL17,rotation,bert_block,6c04323ddc42f4c3295d24b7d525e6d071bd33a263b742856a3eb7a14cc331af,169984,170153,169984,0.0,True
16,4,all,ALL17,rotation,gpt_prefill_block,bc5c639bd9604879570194a5f3697215cf16028e8b277ad8d1e2f16a28b24cae,323200,323523,323200,0.0,True
16,4,all,ALL17,rotation,gpt_prefill_block,80c9412879c47c07dbae8595662a7983b0b9ca8742f929296b6b3d97f17350e4,323200,323523,323268,0.021039603960404385,True
16,4,all,ALL17,rotation,gpt_prefill_block,c31e3f01ac0100c63534aa65aaddc6fa90ffafdc7790e6f157ea0e9aa5051597,323200,323523,323200,0.0,True
16,4,all,ALL17,rotation,gpt_prefill_block,ecc7d8baf61e63bc09137abac68e0a116472d22418b5517ddb76d98cf0043d7d,323200,323523,323268,0.021039603960404385,True
16,4,all,ALL17,rotation,gpt_decode_block,220e5a89e939e774b3b0229c5ab1bbf0316abcf6b5be95176e8546271f901600,11244,11255,9846,-12.433297758804695,True
16,4,all,ALL17,rotation,gpt_decode_block,984f90cebdeacb19a0697793c22222dc8899a6ee770bf5749ebe866a304e4ec4,11244,11255,10827,-3.708644610458911,True
16,4,all,ALL17,rotation,gpt_decode_block,d90f456ef67888b05a919f927ec1e84741008281045f5e681a543d4dc0c9dd9f,11244,11255,10595,-5.771967271433653,True
16,4,all,ALL17,rotation,gpt_decode_block,ec54a5b6b5651cd8d6635a57b18c8d1e6020fede6c2df9cb7a296222dabedd45,11244,11255,9869,-12.228744219139099,True
16,4,all,ALL17,rotation,gpt_decode_block,963ffee65ceb3ff81611b366aecb4c7cb0f7d50bfd935c7acb908aa87161ea46,11244,11255,9947,-11.535040910707927,True
16,4,all,ALL17,reflection,darknet19,e51a719a0a8081a475dc2fd20ed8389c67bc9edd423e5379a8ba0f4a26bc364d,90892,90982,90892,0.0,True
16,4,all,ALL17,reflection,darknet19,8e96648f02e0255f53532b3a5069f4d1a438dc5f03f56a299d130a756b8d38b4,90892,90982,90892,0.0,True
16,4,all,ALL17,reflection,darknet19,63614c84ad7aa487b857e6764a7b9163bc83f28450f52d3da895b05af8a1a0c0,90892,90982,90892,0.0,True
16,4,all,ALL17,reflection,darknet19,61b914099c59b2877d5d4d66131e4a59ec5cd97e4ae959989ff40731ec3a9bb0,90892,90982,90892,0.0,True
16,4,all,ALL17,reflection,darknet19,6cd4239c95192ae44a7a1eca69ff55bed618059eacc8e3faf7beeed9ac8be4ac,90892,90982,90892,0.0,True
16,4,all,ALL17,reflection,vgg19,4ab4a9470720e877c514f35aff61a31fa8599a40e1964ce68311578230a44e9e,599221,599820,599221,0.0,True
16,4,all,ALL17,reflection,vgg19,96a6b536df436e0937bebd0edfe67fafcdf229eaf5eccf916732e5dbfe3a0489,599221,599820,599613,0.06541826805135376,True
16,4,all,ALL17,reflection,resnet50,ffd2a81e0e74ff3a6c5fda9325b5d46fa13798ac5ddb7968be3322a26cfc13d8,132399,132531,132399,0.0,True
16,4,all,ALL17,reflection,resnet50,e24bd62042952b553edec9a6e3f8385b197352cb3a24811b3d5c0f236cb22b05,132399,132531,132526,0.09592217463878505,True
16,4,all,ALL17,reflection,resnet50,9ab8e10ab747b8c4a07736aabc4a2e1b3492acf39bfca5bd80eb5959f358df6d,132399,132531,132442,0.03247758668871725,True
16,4,all,ALL17,reflection,googlenet,c3f9c9e23cdcf37b7cf5ee94d885c593ae540fd710fe6cebe045e9e16c816f9d,62110,62172,62110,0.0,True
16,4,all,ALL17,reflection,googlenet,d2d8767efdc208beafc95c7b809004f3a5be2920f44b83ca5d929c28258bc602,62110,62172,62154,0.07084205441958424,True
16,4,all,ALL17,reflection,googlenet,e72aa29c899aef73ac08446619fb93cc4dba0c176bce7fb8fc394891d3a3deb0,62110,62172,62134,0.03864112059248637,True
16,4,all,ALL17,reflection,googlenet,4e0927c11f22176174649d5294739fd1aece4aa71b45506fcf47ff3caad96dbc,62110,62172,62172,0.09982289486394347,True
16,4,all,ALL17,reflection,googlenet,e95332f88ec8c4e462b1b096540a2f7c434ffa454fa9978d25362010c647680e,62110,62172,62116,0.009660280148127143,True
16,4,all,ALL17,reflection,resnet101,f527a913986c6babcf360d576479af6664152693331da80049b56976e4f90e2f,261395,261656,261395,0.0,True
16,4,all,ALL17,reflection,resnet101,d788ddeaa84f817add3ecc7b8a15340890d49eec98241f884a2eb83bb5976183,261395,261656,261650,0.09755351096998321,True
16,4,all,ALL17,reflection,densenet,a8eb6442a987026511ff1093b771336676ce45309539dc7626ebfcda4243ccf9,96246,96342,96246,0.0,True
16,4,all,ALL17,reflection,densenet,b3fb45011dc0a3e5310e2fc4bb91317be89762e16bbf70b1acfd8c36403cc3f8,96246,96342,96246,0.0,True
16,4,all,ALL17,reflection,densenet,75b5b7d622db7558c09c397bead88b55b42c8efd94b8777f7da9c64d7924bd62,96246,96342,96271,0.02597510545891968,True
16,4,all,ALL17,reflection,inception_resnet_v1,70430177ad5f3e277f0d6235b9fa8a05549767add45f129878163b5b53f6f5ae,227352,227579,227352,0.0,True
16,4,all,ALL17,reflection,inception_resnet_v1,444f0c31702bd1544337c23ab665da240cb20d3bf038f63fe068e3c023b211f7,227352,227579,227351,-0.0004398465815125263,True
16,4,all,ALL17,reflection,inception_resnet_v1,18ec4fe52aff9e7719f1ed9676e54164229ba5b9c7433f5ce8c90ec9eda7e558,227352,227579,227498,0.06421760090080664,True
16,4,all,ALL17,reflection,gnmt,f362af8317812f2584b9c326fc064ad608fdf913c50206b76901d61dc8068666,29942,29971,29942,0.0,True
16,4,all,ALL17,reflection,gnmt,5332df17ede1df99b2c7644d48be59923b8e5a000b4ebd7261cddddf228a0036,29942,29971,27424,-8.409591877630085,True
16,4,all,ALL17,reflection,gnmt,98635ce430146742d0fff8efb4d3362018158ddaf8e7acd4de3a3ed82882a8bc,29942,29971,27554,-7.975419143677776,True
16,4,all,ALL17,reflection,gnmt,8a81fe427c07960bc4acd9c08213faab3f36bdfbebd9d88c6e75aeeef492e31a,29942,29971,28155,-5.968205196713649,True
16,4,all,ALL17,reflection,gnmt,a25b72a8ad5a1ecd5c075c022a86ffa3298ece48ed2cfe1947e2066ca5e69a5f,29942,29971,29261,-2.2743971678578556,True
16,4,all,ALL17,reflection,lstm,eca71f260d09ccf7e170a1a0f0be7da5529706c510c0830741b1882afb4c3d77,30327,30357,30327,0.0,True
16,4,all,ALL17,reflection,lstm,804e4c99c3e3af1b553d9b90f059db9ad49d6de03025c6855f9f7380210ac4b8,30327,30357,27424,-9.57232828832394,True
16,4,all,ALL17,reflection,lstm,b0c7ab51ad96c12319b9d65cd92b1787c7bcd23b4d5a9af10020f4f230b42656,30327,30357,30352,0.08243479407787913,True
16,4,all,ALL17,reflection,lstm,bde1932d91604f32049f81c34d23b71c2fe6818560b511183ff417628088e770,30327,30357,28643,-5.552807729086295,True
16,4,all,ALL17,reflection,lstm,2dd3add88d022a88514bc49a113718bdaf906dfcfb939238dbbf920c4cb8a016,30327,30357,30071,-0.8441322913575355,True
16,4,all,ALL17,reflection,transformer,b0d24c97dbed74bbbd495c6dcf1999452a919fb590a0929b8fc09640a649bc7e,898048,898946,898048,0.0,True
16,4,all,ALL17,reflection,transformer,827ce2f22ed339b76dbf7858df636869a2fea59bf739cd20173d9e5449e21a41,898048,898946,898048,0.0,True
16,4,all,ALL17,reflection,transformer,c8e545e56dcc3c86446c0482b1eef224a30a1f0d706167afdee69ae2a9dc6b26,898048,898946,898048,0.0,True
16,4,all,ALL17,reflection,transformer,fb7859f4d5fb31d27c1fdb9d997e62731619bb9cea1e48edfb5bb4d7e6b22ac0,898048,898946,898592,0.060575826681863454,True
16,4,all,ALL17,reflection,transformer_cell,bc13290724dff92acc57e61c7a56c3254a66ab0ce9bffbe47f9eaeb1d267113d,156928,157084,156928,0.0,True
16,4,all,ALL17,reflection,transformer_cell,52587e24635b06c6f9ac7e6b7dd544541390b8fcd79959adde6b7ae7136289c0,156928,157084,156928,0.0,True
16,4,all,ALL17,reflection,pnasnet,71ab0ec1e444a403a5d80b5087181f8aeebd9928f499cae3235c183f7160cd79,1287329,1288616,1287329,0.0,True
16,4,all,ALL17,reflection,pnasnet,f2d71829e7377e227100c47b3fc61069658253b98d630dbfc5bbec08db787b7a,1287329,1288616,1287193,-0.010564509927146748,True
16,4,all,ALL17,reflection,pnasnet,6b00202c68a46d99fcb5f487f9ac795cf1a65617472ce292272311688e5a7c23,1287329,1288616,1288127,0.06198881560190994,True
16,4,all,ALL17,reflection,pnasnet,4f52e61cc2ad7050a28dd3738112425092234801b795054149a67ce1cf0ccae8,1287329,1288616,1288266,0.07278636618921475,True
16,4,all,ALL17,reflection,pnasnet,518fc9891330cec8640ea5fe8b646df45308688ba06865b607d2c3e4309b38f8,1287329,1288616,1288428,0.08537056183772762,True
16,4,all,ALL17,reflection,resnext50,4467f984a072d65b2b3770a2f227fc1cb3e4a2017990b92277a55fa7aa4820b3,74988,75062,74988,0.0,True
16,4,all,ALL17,reflection,resnext50,4bf6d755b14df20dfea26e6d44db7dbb8283bd308421c838edb1f055557f60fc,74988,75062,75050,0.08267989544994414,True
16,4,all,ALL17,reflection,resnext50,f09f55532127f2d4f198040b27a999284782a6950c7e09dda6da86876a05c2e2,74988,75062,75016,0.03733930762255255,True
16,4,all,ALL17,reflection,resnet152,9a4a106c0f5e0219d828019bc96de66a4711b689e9819e854c1dfe48270a40e8,388262,388650,388262,0.0,True
16,4,all,ALL17,reflection,bert_block,130b9f54aef199dedd1969d61e62407fdb1e3754ab9a13566144454a3d54e5a2,169984,170153,169984,0.0,True
16,4,all,ALL17,reflection,bert_block,6c04323ddc42f4c3295d24b7d525e6d071bd33a263b742856a3eb7a14cc331af,169984,170153,169984,0.0,True
16,4,all,ALL17,reflection,gpt_prefill_block,bc5c639bd9604879570194a5f3697215cf16028e8b277ad8d1e2f16a28b24cae,323200,323523,323200,0.0,True
16,4,all,ALL17,reflection,gpt_prefill_block,80c9412879c47c07dbae8595662a7983b0b9ca8742f929296b6b3d97f17350e4,323200,323523,323268,0.021039603960404385,True
16,4,all,ALL17,reflection,gpt_prefill_block,c31e3f01ac0100c63534aa65aaddc6fa90ffafdc7790e6f157ea0e9aa5051597,323200,323523,323200,0.0,True
16,4,all,ALL17,reflection,gpt_prefill_block,ecc7d8baf61e63bc09137abac68e0a116472d22418b5517ddb76d98cf0043d7d,323200,323523,323268,0.021039603960404385,True
16,4,all,ALL17,reflection,gpt_decode_block,220e5a89e939e774b3b0229c5ab1bbf0316abcf6b5be95176e8546271f901600,11244,11255,9850,-12.397723230167202,True
16,4,all,ALL17,reflection,gpt_decode_block,984f90cebdeacb19a0697793c22222dc8899a6ee770bf5749ebe866a304e4ec4,11244,11255,10827,-3.708644610458911,True
16,4,all,ALL17,reflection,gpt_decode_block,d90f456ef67888b05a919f927ec1e84741008281045f5e681a543d4dc0c9dd9f,11244,11255,10482,-6.776947705442904,True
16,4,all,ALL17,reflection,gpt_decode_block,ec54a5b6b5651cd8d6635a57b18c8d1e6020fede6c2df9cb7a296222dabedd45,11244,11255,9869,-12.228744219139099,True
16,4,all,ALL17,reflection,gpt_decode_block,963ffee65ceb3ff81611b366aecb4c7cb0f7d50bfd935c7acb908aa87161ea46,11244,11255,9857,-12.33546780505158,True
16,16,workload,darknet19,rotation,darknet19,16c07e40e74fc58e9908b6b778a584cc5839170b80cf9e5ba0561ed0fceee0df,25900,25925,25911,0.04247104247103728,True
16,16,workload,darknet19,rotation,darknet19,c7c6f80abdd834efccacbe40fdc1faf504c8c41d41410ef4336387e4108c525d,25900,25925,25922,0.08494208494207456,True
16,16,workload,darknet19,rotation,darknet19,52a1749fe3b0e6126afaa8051dc08ac46024dba3c1edcdf228c65b92ff1f12f5,25900,25925,25922,0.08494208494207456,True
16,16,workload,darknet19,rotation,darknet19,509afa567b3876989d1237f5bc43764a041c9d44cbc1648951a4e4547c7f404b,25900,25925,25923,0.08880308880307997,True
16,16,workload,darknet19,rotation,darknet19,b7c8f586339a9c1c4e47d76fee10b7c41aaffc53a171faf0f0e4bee7abbb716c,25900,25925,25922,0.08494208494207456,True
16,16,workload,darknet19,reflection,darknet19,16c07e40e74fc58e9908b6b778a584cc5839170b80cf9e5ba0561ed0fceee0df,25900,25925,25911,0.04247104247103728,True
16,16,workload,darknet19,reflection,darknet19,c7c6f80abdd834efccacbe40fdc1faf504c8c41d41410ef4336387e4108c525d,25900,25925,25922,0.08494208494207456,True
16,16,workload,darknet19,reflection,darknet19,52a1749fe3b0e6126afaa8051dc08ac46024dba3c1edcdf228c65b92ff1f12f5,25900,25925,25922,0.08494208494207456,True
16,16,workload,darknet19,reflection,darknet19,509afa567b3876989d1237f5bc43764a041c9d44cbc1648951a4e4547c7f404b,25900,25925,25923,0.08880308880307997,True
16,16,workload,darknet19,reflection,darknet19,b7c8f586339a9c1c4e47d76fee10b7c41aaffc53a171faf0f0e4bee7abbb716c,25900,25925,25922,0.08494208494207456,True
16,16,workload,vgg19,rotation,vgg19,04e2b8dcf7e09c8e1bc73878486f3df681a6bb4340ce0cc45f9eed64b3572fdf,155197,155352,155274,0.04961436110233475,True
16,16,workload,vgg19,rotation,vgg19,bc6c699b4e6f1e1c947de971f41885ce2652fc2afcd06db51d2864ed3039e02f,155197,155352,155346,0.09600701044478743,True
16,16,workload,vgg19,reflection,vgg19,04e2b8dcf7e09c8e1bc73878486f3df681a6bb4340ce0cc45f9eed64b3572fdf,155197,155352,155198,0.0006443423519852942,True
16,16,workload,vgg19,reflection,vgg19,bc6c699b4e6f1e1c947de971f41885ce2652fc2afcd06db51d2864ed3039e02f,155197,155352,155271,0.04768133404640107,True
16,16,workload,resnet50,rotation,resnet50,2ee7c37da3e728afbe323da349305ce2ce54840de119c8051810b53698ce747c,42643,42685,42645,0.004690101540694158,True
16,16,workload,resnet50,rotation,resnet50,db46eb8438bbe8cc42633137db6dc4803aea88f1804c7102acf9bc880936d2e0,42643,42685,42606,-0.08676687850291964,True
16,16,workload,resnet50,rotation,resnet50,60c93b33f0abf1e3f3258368cf4d90053f9bb50d062b51045bd1708c2df18060,42643,42685,42563,-0.18760406162793286,True
16,16,workload,resnet50,rotation,resnet50,a23bf832de00990fdfaf2db17f5985fcf8d99125732e43afa73ba5666a127078,42643,42685,42684,0.09614708158431906,True
16,16,workload,resnet50,rotation,resnet50,750cbd5f0fa4b240dc103cc053ddb852ef32edb6c3ebda36f1e7c381ae90cebd,42643,42685,42685,0.09849213235466614,True
16,16,workload,resnet50,reflection,resnet50,2ee7c37da3e728afbe323da349305ce2ce54840de119c8051810b53698ce747c,42643,42685,42663,0.04690101540698599,True
16,16,workload,resnet50,reflection,resnet50,db46eb8438bbe8cc42633137db6dc4803aea88f1804c7102acf9bc880936d2e0,42643,42685,42606,-0.08676687850291964,True
16,16,workload,resnet50,reflection,resnet50,60c93b33f0abf1e3f3258368cf4d90053f9bb50d062b51045bd1708c2df18060,42643,42685,42563,-0.18760406162793286,True
16,16,workload,resnet50,reflection,resnet50,a23bf832de00990fdfaf2db17f5985fcf8d99125732e43afa73ba5666a127078,42643,42685,42684,0.09614708158431906,True
16,16,workload,resnet50,reflection,resnet50,750cbd5f0fa4b240dc103cc053ddb852ef32edb6c3ebda36f1e7c381ae90cebd,42643,42685,42685,0.09849213235466614,True
16,16,workload,googlenet,rotation,googlenet,18183a900ea2f4ed31abe6c1fa1a426ca50cdf8e57e00257750b1df52df39eaf,18887,18905,18888,0.005294647111764306,True
16,16,workload,googlenet,rotation,googlenet,f7d57dcad3cdd8bc3d39355751139d5eecbf789d2b50cdd9982a8f547984dd79,18887,18905,18805,-0.43416106316513936,True
16,16,workload,googlenet,rotation,googlenet,b85cd61b7e5f6b14c6f43a2a430dc797b539a807570bee3cc150fc51a7aa9f7f,18887,18905,18901,0.0741250595647891,True
16,16,workload,googlenet,rotation,googlenet,80f3695bf6f586eb64d2e5dc17ab9fdc8f9b22519de7a23f145ae7c004e308d4,18887,18905,18905,0.09530364801186852,True
16,16,workload,googlenet,rotation,googlenet,db14802cc4ccce870e8ac4850ce53373dea5d68d7f8077fda6a875dec3f83749,18887,18905,18810,-0.4076878276062845,True
16,16,workload,googlenet,reflection,googlenet,18183a900ea2f4ed31abe6c1fa1a426ca50cdf8e57e00257750b1df52df39eaf,18887,18905,18888,0.005294647111764306,True
16,16,workload,googlenet,reflection,googlenet,f7d57dcad3cdd8bc3d39355751139d5eecbf789d2b50cdd9982a8f547984dd79,18887,18905,18805,-0.43416106316513936,True
16,16,workload,googlenet,reflection,googlenet,b85cd61b7e5f6b14c6f43a2a430dc797b539a807570bee3cc150fc51a7aa9f7f,18887,18905,18901,0.0741250595647891,True
16,16,workload,googlenet,reflection,googlenet,80f3695bf6f586eb64d2e5dc17ab9fdc8f9b22519de7a23f145ae7c004e308d4,18887,18905,18905,0.09530364801186852,True
16,16,workload,googlenet,reflection,googlenet,db14802cc4ccce870e8ac4850ce53373dea5d68d7f8077fda6a875dec3f83749,18887,18905,18812,-0.3970985333827448,True
16,16,workload,resnet101,rotation,resnet101,6b363728928f7f35647d028e21067798da046450ac59c73a8a2e65a042e6230e,79398,79477,79398,0.0,True
16,16,workload,resnet101,rotation,resnet101,b2e3161edba27c5a7a344f17af9a23fefa1b6e7748674cbf903d51c6b63cd11a,79398,79477,79388,-0.012594775687047033,True
16,16,workload,resnet101,rotation,resnet101,64da2256696c5b7f7885e6794730021d55e5eb1a47ad1de081a318c625c93691,79398,79477,79361,-0.04660067004206292,True
16,16,workload,resnet101,rotation,resnet101,35a7ff3cbbdb7d5cc8cf611e09d80120850944a0ad0a328f4d26dc30699762be,79398,79477,79475,0.09697977279023995,True
16,16,workload,resnet101,rotation,resnet101,61c8198ca4a61b9ce04d3eb71a3739963d5848aac34c4d8ae7b37714113c34f2,79398,79477,79477,0.09949872792764936,True
16,16,workload,resnet101,reflection,resnet101,6b363728928f7f35647d028e21067798da046450ac59c73a8a2e65a042e6230e,79398,79477,79398,0.0,True
16,16,workload,resnet101,reflection,resnet101,b2e3161edba27c5a7a344f17af9a23fefa1b6e7748674cbf903d51c6b63cd11a,79398,79477,79388,-0.012594775687047033,True
16,16,workload,resnet101,reflection,resnet101,64da2256696c5b7f7885e6794730021d55e5eb1a47ad1de081a318c625c93691,79398,79477,79361,-0.04660067004206292,True
16,16,workload,resnet101,reflection,resnet101,35a7ff3cbbdb7d5cc8cf611e09d80120850944a0ad0a328f4d26dc30699762be,79398,79477,79475,0.09697977279023995,True
16,16,workload,resnet101,reflection,resnet101,61c8198ca4a61b9ce04d3eb71a3739963d5848aac34c4d8ae7b37714113c34f2,79398,79477,79477,0.09949872792764936,True
16,16,workload,densenet,rotation,densenet,cb170db5f46465d8da0d5cc37c53205664adccd8394cfa8b54d7a1a6c6492325,31905,31936,31907,0.00626860993575562,True
16,16,workload,densenet,rotation,densenet,7b092f89723eb93b8385143e3cd835cea246b1eb9d71db980c7d7dd63de5013d,31905,31936,31936,0.09716345400407889,True
16,16,workload,densenet,rotation,densenet,2391c00e53b42d48bbfd3d13bbd207b8dbac5e9195fe4e8691113c3df25479d3,31905,31936,31929,0.07522331922895642,True
16,16,workload,densenet,rotation,densenet,9ad1ed0d24abf41ec39f421020e6663a692f883cf695fcc983b2b7bfc7c2e4c1,31905,31936,31928,0.07208901426107861,True
16,16,workload,densenet,reflection,densenet,cb170db5f46465d8da0d5cc37c53205664adccd8394cfa8b54d7a1a6c6492325,31905,31936,31908,0.009402914903611226,True
16,16,workload,densenet,reflection,densenet,7b092f89723eb93b8385143e3cd835cea246b1eb9d71db980c7d7dd63de5013d,31905,31936,31934,0.09089484406832327,True
16,16,workload,densenet,reflection,densenet,2391c00e53b42d48bbfd3d13bbd207b8dbac5e9195fe4e8691113c3df25479d3,31905,31936,31930,0.07835762419683423,True
16,16,workload,densenet,reflection,densenet,9ad1ed0d24abf41ec39f421020e6663a692f883cf695fcc983b2b7bfc7c2e4c1,31905,31936,31929,0.07522331922895642,True
16,16,workload,inception_resnet_v1,rotation,inception_resnet_v1,8971305db33408bde11bb2d8415930b4e1cefebd260e5c9629b7fa3206e408fd,84514,84598,84584,0.08282651395035145,True
16,16,workload,inception_resnet_v1,rotation,inception_resnet_v1,c1518cc3ce1b2ee84d2d7e995e4c41679b9357de05a84ac0f8a3eb493851293d,84514,84598,84592,0.09229240125896432,True
16,16,workload,inception_resnet_v1,rotation,inception_resnet_v1,4f121ba911408b5cad8336affd77c0038930159e3a10e05de1837f51dd935fff,84514,84598,84489,-0.029580897839409648,True
16,16,workload,inception_resnet_v1,rotation,inception_resnet_v1,4ee5eb2ada69c022a66d993bd40678a21200d403a659f560ae88af42ebb56abe,84514,84598,84480,-0.04023002106160467,True
16,16,workload,inception_resnet_v1,rotation,inception_resnet_v1,5a92480c25bd4afb36cdda16ce0788b29f244b27ea0360814a4378ad9064baf4,84514,84598,84450,-0.07572709846889181,True
16,16,workload,inception_resnet_v1,reflection,inception_resnet_v1,8971305db33408bde11bb2d8415930b4e1cefebd260e5c9629b7fa3206e408fd,84514,84598,84584,0.08282651395035145,True
16,16,workload,inception_resnet_v1,reflection,inception_resnet_v1,c1518cc3ce1b2ee84d2d7e995e4c41679b9357de05a84ac0f8a3eb493851293d,84514,84598,84592,0.09229240125896432,True
16,16,workload,inception_resnet_v1,reflection,inception_resnet_v1,4f121ba911408b5cad8336affd77c0038930159e3a10e05de1837f51dd935fff,84514,84598,84489,-0.029580897839409648,True
16,16,workload,inception_resnet_v1,reflection,inception_resnet_v1,4ee5eb2ada69c022a66d993bd40678a21200d403a659f560ae88af42ebb56abe,84514,84598,84480,-0.04023002106160467,True
16,16,workload,inception_resnet_v1,reflection,inception_resnet_v1,5a92480c25bd4afb36cdda16ce0788b29f244b27ea0360814a4378ad9064baf4,84514,84598,84450,-0.07572709846889181,True
16,16,workload,gnmt,rotation,gnmt,180d7be47fd1332712292a36b6b7d74cf7174688ba63628bbd299bc2e1aead55,34918,34952,34950,0.09164327853830034,True
16,16,workload,gnmt,rotation,gnmt,e46f84c214cd134d84bc45cd2533ab24d31a80a2d1432507ab6a7a62ce73fd57,34918,34952,15860,-54.57930007446017,True
16,16,workload,gnmt,rotation,gnmt,a44d2667cc7f0a692696fa8f57e25c6374f0411f80e6bffcb627cac6b1207458,34918,34952,19816,-43.2498997651641,True
16,16,workload,gnmt,rotation,gnmt,ecd8142fa83a5ec96a4220a4b891c0c2f240034fafef4da67bacd2439be1a6ff,34918,34952,34150,-2.199438684918953,True
16,16,workload,gnmt,rotation,gnmt,ec4977e572120e9bab7eddd7bee44882c255dc177c4165a01d6a537d39258e5f,34918,34952,34832,-0.2462913110716558,True
16,16,workload,gnmt,reflection,gnmt,180d7be47fd1332712292a36b6b7d74cf7174688ba63628bbd299bc2e1aead55,34918,34952,34950,0.09164327853830034,True
16,16,workload,gnmt,reflection,gnmt,e46f84c214cd134d84bc45cd2533ab24d31a80a2d1432507ab6a7a62ce73fd57,34918,34952,15860,-54.57930007446017,True
16,16,workload,gnmt,reflection,gnmt,a44d2667cc7f0a692696fa8f57e25c6374f0411f80e6bffcb627cac6b1207458,34918,34952,19816,-43.2498997651641,True
16,16,workload,gnmt,reflection,gnmt,ecd8142fa83a5ec96a4220a4b891c0c2f240034fafef4da67bacd2439be1a6ff,34918,34952,33374,-4.421788189472475,True
16,16,workload,gnmt,reflection,gnmt,ec4977e572120e9bab7eddd7bee44882c255dc177c4165a01d6a537d39258e5f,34918,34952,34664,-0.7274185233976715,True
16,16,workload,lstm,rotation,lstm,c36f9b1c02d432b042d70eed83bf4f0450909c467d68ea3b510eea055ad310ac,47508,47555,47552,0.09261598046643726,True
16,16,workload,lstm,rotation,lstm,a54eebdede23e55937b940ab3ac1ade5dd5c9e14704a1b7e7f77248df6911f73,47508,47555,15796,-66.75086301254525,True
16,16,workload,lstm,rotation,lstm,aa2c2a25eaeb7da9cfc9bdd30b4f4ff18984b13e1d1fda2078ed8d312e3154bf,47508,47555,17694,-62.75574640060621,True
16,16,workload,lstm,rotation,lstm,0a8ff8c6cc0c1aa016d9a8e2fd1774df5380ff383aba7e1e7aee073dc6bddcd3,47508,47555,33772,-28.913025174707418,True
16,16,workload,lstm,rotation,lstm,1f1fe714541087aaa316a95c70e3d700c170cd1203a406588917310458463b97,47508,47555,47272,-0.4967584406836756,True
16,16,workload,lstm,reflection,lstm,c36f9b1c02d432b042d70eed83bf4f0450909c467d68ea3b510eea055ad310ac,47508,47555,47552,0.09261598046643726,True
16,16,workload,lstm,reflection,lstm,a54eebdede23e55937b940ab3ac1ade5dd5c9e14704a1b7e7f77248df6911f73,47508,47555,15796,-66.75086301254525,True
16,16,workload,lstm,reflection,lstm,aa2c2a25eaeb7da9cfc9bdd30b4f4ff18984b13e1d1fda2078ed8d312e3154bf,47508,47555,17694,-62.75574640060621,True
16,16,workload,lstm,reflection,lstm,0a8ff8c6cc0c1aa016d9a8e2fd1774df5380ff383aba7e1e7aee073dc6bddcd3,47508,47555,41491,-12.665235328786729,True
16,16,workload,lstm,reflection,lstm,1f1fe714541087aaa316a95c70e3d700c170cd1203a406588917310458463b97,47508,47555,47340,-0.3536246526900766,True
16,16,workload,transformer,rotation,transformer,9dc3cfa9067f8f321a1c4acd3fb7ec7047c914c9dc5dad018f75aff6c6b582ca,282352,282634,282352,0.0,True
16,16,workload,transformer,rotation,transformer,a0bdd94b9b4462d9217d1aec6d6de69d1f92b3475f9d985170766246e011c2d8,282352,282634,282634,0.09987533291777595,True
16,16,workload,transformer,reflection,transformer,9dc3cfa9067f8f321a1c4acd3fb7ec7047c914c9dc5dad018f75aff6c6b582ca,282352,282634,282352,0.0,True
16,16,workload,transformer,reflection,transformer,a0bdd94b9b4462d9217d1aec6d6de69d1f92b3475f9d985170766246e011c2d8,282352,282634,282634,0.09987533291777595,True
16,16,workload,transformer_cell,rotation,transformer_cell,23dc196ac62b49b4aa8702b6c7830984d4b3b213a3a3e1be574e9c28ea00ef3d,49192,49241,49192,0.0,True
16,16,workload,transformer_cell,rotation,transformer_cell,7a8616af77c9e617858da4d5d7e5a35138607b575e7fd3122751665da2e3dd76,49192,49241,49128,-0.13010245568385592,True
16,16,workload,transformer_cell,rotation,transformer_cell,685742a85f39e89980091c8f522caddf5fcbc7cf93af2f41c4cd7d1c51a95c82,49192,49241,49241,0.0996096926329404,True
16,16,workload,transformer_cell,rotation,transformer_cell,d49e41c7d6344de8e932f303ac0a5c92bd5ea04f43d1de3175608fb0845dc720,49192,49241,48838,-0.7196292080013045,True
16,16,workload,transformer_cell,rotation,transformer_cell,fb0beb862d0d36e49966df43e529668558a4fee01c59ee8617717cdd7b4c629c,49192,49241,49207,0.030492763050893323,True
16,16,workload,transformer_cell,reflection,transformer_cell,23dc196ac62b49b4aa8702b6c7830984d4b3b213a3a3e1be574e9c28ea00ef3d,49192,49241,49192,0.0,True
16,16,workload,transformer_cell,reflection,transformer_cell,7a8616af77c9e617858da4d5d7e5a35138607b575e7fd3122751665da2e3dd76,49192,49241,49128,-0.13010245568385592,True
16,16,workload,transformer_cell,reflection,transformer_cell,685742a85f39e89980091c8f522caddf5fcbc7cf93af2f41c4cd7d1c51a95c82,49192,49241,49241,0.0996096926329404,True
16,16,workload,transformer_cell,reflection,transformer_cell,d49e41c7d6344de8e932f303ac0a5c92bd5ea04f43d1de3175608fb0845dc720,49192,49241,48838,-0.7196292080013045,True
16,16,workload,transformer_cell,reflection,transformer_cell,fb0beb862d0d36e49966df43e529668558a4fee01c59ee8617717cdd7b4c629c,49192,49241,49207,0.030492763050893323,True
16,16,workload,pnasnet,rotation,pnasnet,161ae541817fea502aae605110452a21de0451eb25dab2f446f9745839da084f,424661,425085,425085,0.09984434643162121,True
16,16,workload,pnasnet,rotation,pnasnet,cb86548788980058d50affd13d6d6cd9353019efd228be95a6ce4c868e4a6f15,424661,425085,420939,-0.876463814666284,True
16,16,workload,pnasnet,rotation,pnasnet,8fd012c7c9a168d76f269580cf6d3028e6ff818e792295a3d6571065034d82c8,424661,425085,419579,-1.1967192654847025,True
16,16,workload,pnasnet,reflection,pnasnet,161ae541817fea502aae605110452a21de0451eb25dab2f446f9745839da084f,424661,425085,425085,0.09984434643162121,True
16,16,workload,pnasnet,reflection,pnasnet,cb86548788980058d50affd13d6d6cd9353019efd228be95a6ce4c868e4a6f15,424661,425085,420939,-0.876463814666284,True
16,16,workload,pnasnet,reflection,pnasnet,8fd012c7c9a168d76f269580cf6d3028e6ff818e792295a3d6571065034d82c8,424661,425085,419579,-1.1967192654847025,True
16,16,workload,resnext50,rotation,resnext50,8efb7a4e03bc25bea908293dcacc34034aabd7a6ce3c6f583da3dac288833870,27498,27525,27502,0.014546512473634365,True
16,16,workload,resnext50,rotation,resnext50,e9a4cf2e5ab77a6ae2d8c160251c41fac18a4c58f35766a6bc651f5472058871,27498,27525,27429,-0.2509273401701928,True
16,16,workload,resnext50,rotation,resnext50,b18d9c2a42829b598443da9e3243d3792b04568f782a4edd599b98a7aa945cc1,27498,27525,27422,-0.27638373699905294,True
16,16,workload,resnext50,rotation,resnext50,979ef0a1924326640e31b619604670319d081ccd56f7e3b7d3314ccc50646c19,27498,27525,27524,0.09455233107862338,True
16,16,workload,resnext50,rotation,resnext50,e12f8a3dbca25fc4f19778fb2c7215a6a2d06b59fa59f0737cd4085ecc649a9d,27498,27525,27524,0.09455233107862338,True
16,16,workload,resnext50,reflection,resnext50,8efb7a4e03bc25bea908293dcacc34034aabd7a6ce3c6f583da3dac288833870,27498,27525,27502,0.014546512473634365,True
16,16,workload,resnext50,reflection,resnext50,e9a4cf2e5ab77a6ae2d8c160251c41fac18a4c58f35766a6bc651f5472058871,27498,27525,27429,-0.2509273401701928,True
16,16,workload,resnext50,reflection,resnext50,b18d9c2a42829b598443da9e3243d3792b04568f782a4edd599b98a7aa945cc1,27498,27525,27422,-0.27638373699905294,True
16,16,workload,resnext50,reflection,resnext50,979ef0a1924326640e31b619604670319d081ccd56f7e3b7d3314ccc50646c19,27498,27525,27524,0.09455233107862338,True
16,16,workload,resnext50,reflection,resnext50,e12f8a3dbca25fc4f19778fb2c7215a6a2d06b59fa59f0737cd4085ecc649a9d,27498,27525,27524,0.09455233107862338,True
16,16,workload,resnet152,rotation,resnet152,39c585c395f87574adf95a76b355c1bff52ea4b7fe18a5f98f2197d380195075,116486,116602,116510,0.020603334306268373,True
16,16,workload,resnet152,rotation,resnet152,5057705d9c413255ebce2ba8f58fcf8a864de880cfedb2cc90be47e730871b37,116486,116602,116472,-0.0120186116786547,True
16,16,workload,resnet152,rotation,resnet152,ade9a335f7e8181ccdfe3d8d72c44af25f6f09ec0eaff022ce28e973e87f968e,116486,116602,116601,0.09872431021753503,True
16,16,workload,resnet152,rotation,resnet152,10cf3e5d578ed6bebf75964097b9e66525a357f43b8f744e803615b5d84d7945,116486,116602,116601,0.09872431021753503,True
16,16,workload,resnet152,rotation,resnet152,c0daf9bb966b1ab0b81281f5544191f041ac0831247deabb40682b37893f9b73,116486,116602,116494,0.006867778102082056,True
16,16,workload,resnet152,reflection,resnet152,39c585c395f87574adf95a76b355c1bff52ea4b7fe18a5f98f2197d380195075,116486,116602,116506,0.017169445255227345,True
16,16,workload,resnet152,reflection,resnet152,5057705d9c413255ebce2ba8f58fcf8a864de880cfedb2cc90be47e730871b37,116486,116602,116470,-0.013735556204175214,True
16,16,workload,resnet152,reflection,resnet152,ade9a335f7e8181ccdfe3d8d72c44af25f6f09ec0eaff022ce28e973e87f968e,116486,116602,116601,0.09872431021753503,True
16,16,workload,resnet152,reflection,resnet152,10cf3e5d578ed6bebf75964097b9e66525a357f43b8f744e803615b5d84d7945,116486,116602,116601,0.09872431021753503,True
16,16,workload,resnet152,reflection,resnet152,c0daf9bb966b1ab0b81281f5544191f041ac0831247deabb40682b37893f9b73,116486,116602,116520,0.029188056933882045,True
16,16,workload,bert_block,rotation,bert_block,96366a72df312e88affddc1a3b02eb1bd0192c12caafee885c3024d7157d8d27,49632,49681,49632,0.0,True
16,16,workload,bert_block,rotation,bert_block,1a999df91aa8a1a18d9ee31104d68fde720000e820e0e95c51296e9c6d570537,49632,49681,48154,-2.9779174725983237,True
16,16,workload,bert_block,rotation,bert_block,ab38fc605ad18d89c68b58f09fc60aeea13dbc7383e816a938b5f7782393e7e4,49632,49681,49664,0.06447453255964408,True
16,16,workload,bert_block,rotation,bert_block,e2ec857aa3913de7733c7e4fc9348c40417a59ee57685332affe0596697d9f38,49632,49681,48122,-3.042392005157968,True
16,16,workload,bert_block,rotation,bert_block,652d585776902757715bcfc81f3f548eb81036131d7b18860dd0ac34bd8fc2a7,49632,49681,49624,-0.01611863313990547,True
16,16,workload,bert_block,reflection,bert_block,96366a72df312e88affddc1a3b02eb1bd0192c12caafee885c3024d7157d8d27,49632,49681,49632,0.0,True
16,16,workload,bert_block,reflection,bert_block,1a999df91aa8a1a18d9ee31104d68fde720000e820e0e95c51296e9c6d570537,49632,49681,48154,-2.9779174725983237,True
16,16,workload,bert_block,reflection,bert_block,ab38fc605ad18d89c68b58f09fc60aeea13dbc7383e816a938b5f7782393e7e4,49632,49681,49664,0.06447453255964408,True
16,16,workload,bert_block,reflection,bert_block,e2ec857aa3913de7733c7e4fc9348c40417a59ee57685332affe0596697d9f38,49632,49681,48122,-3.042392005157968,True
16,16,workload,bert_block,reflection,bert_block,652d585776902757715bcfc81f3f548eb81036131d7b18860dd0ac34bd8fc2a7,49632,49681,49624,-0.01611863313990547,True
16,16,workload,gpt_prefill_block,rotation,gpt_prefill_block,4cdbd5f8bbcd8489acdc52bf84eedc239f7c18823d49556f6d2ac959a4a06c89,92503,92595,92503,0.0,True
16,16,workload,gpt_prefill_block,rotation,gpt_prefill_block,27690ccbc9bd9864427c5af0e71e88a86c9c00c3a47b1ea0ea65c6484a2e6e89,92503,92595,92553,0.054052301006457526,True
16,16,workload,gpt_prefill_block,rotation,gpt_prefill_block,bd721bd65de22365759fd4fd96d2cb5f05f1a22856c29e2cb3f179ea41d62e41,92503,92595,92543,0.0432418408051527,True
16,16,workload,gpt_prefill_block,reflection,gpt_prefill_block,4cdbd5f8bbcd8489acdc52bf84eedc239f7c18823d49556f6d2ac959a4a06c89,92503,92595,92503,0.0,True
16,16,workload,gpt_prefill_block,reflection,gpt_prefill_block,27690ccbc9bd9864427c5af0e71e88a86c9c00c3a47b1ea0ea65c6484a2e6e89,92503,92595,92553,0.054052301006457526,True
16,16,workload,gpt_prefill_block,reflection,gpt_prefill_block,bd721bd65de22365759fd4fd96d2cb5f05f1a22856c29e2cb3f179ea41d62e41,92503,92595,92543,0.0432418408051527,True
16,16,workload,gpt_decode_block,rotation,gpt_decode_block,e7fb794e7cf4492e5a41ebbc83b6b6b1f3d3dbb1b7e630ded429f839bdf8b113,7571,7578,7578,0.09245806366398046,True
16,16,workload,gpt_decode_block,rotation,gpt_decode_block,f174eb7b3c9a40c0f12143e74c869081e8092fbb4e6b777862e376c2ba456291,7571,7578,7554,-0.22454101175538588,True
16,16,workload,gpt_decode_block,rotation,gpt_decode_block,f987e9bdaa07fe2f5ec90721e6d49f9dd48830a49f86645a7404e0c190740635,7571,7578,7561,-0.13208294809140542,True
16,16,workload,gpt_decode_block,rotation,gpt_decode_block,b59231c42161a15d49c3d328743c10ee1534ebecc03a26df79706346ecfbe19e,7571,7578,6318,-16.549993395852592,True
16,16,workload,gpt_decode_block,rotation,gpt_decode_block,3ce8ad563905177611e234da1aaf97ba0d4c7e8d61c6098871d330e2d683d4c0,7571,7578,7454,-1.5453704926693956,True
16,16,workload,gpt_decode_block,reflection,gpt_decode_block,e7fb794e7cf4492e5a41ebbc83b6b6b1f3d3dbb1b7e630ded429f839bdf8b113,7571,7578,7578,0.09245806366398046,True
16,16,workload,gpt_decode_block,reflection,gpt_decode_block,f174eb7b3c9a40c0f12143e74c869081e8092fbb4e6b777862e376c2ba456291,7571,7578,7554,-0.22454101175538588,True
16,16,workload,gpt_decode_block,reflection,gpt_decode_block,f987e9bdaa07fe2f5ec90721e6d49f9dd48830a49f86645a7404e0c190740635,7571,7578,7561,-0.13208294809140542,True
16,16,workload,gpt_decode_block,reflection,gpt_decode_block,b59231c42161a15d49c3d328743c10ee1534ebecc03a26df79706346ecfbe19e,7571,7578,6318,-16.549993395852592,True
16,16,workload,gpt_decode_block,reflection,gpt_decode_block,3ce8ad563905177611e234da1aaf97ba0d4c7e8d61c6098871d330e2d683d4c0,7571,7578,7454,-1.5453704926693956,True
16,16,group,CNN,rotation,darknet19,16c07e40e74fc58e9908b6b778a584cc5839170b80cf9e5ba0561ed0fceee0df,25900,25925,25900,0.0,True
16,16,group,CNN,rotation,darknet19,c7c6f80abdd834efccacbe40fdc1faf504c8c41d41410ef4336387e4108c525d,25900,25925,25916,0.06177606177606432,True
16,16,group,CNN,rotation,darknet19,52a1749fe3b0e6126afaa8051dc08ac46024dba3c1edcdf228c65b92ff1f12f5,25900,25925,25900,0.0,True
16,16,group,CNN,rotation,darknet19,509afa567b3876989d1237f5bc43764a041c9d44cbc1648951a4e4547c7f404b,25900,25925,25900,0.0,True
16,16,group,CNN,rotation,darknet19,b7c8f586339a9c1c4e47d76fee10b7c41aaffc53a171faf0f0e4bee7abbb716c,25900,25925,25900,0.0,True
16,16,group,CNN,rotation,vgg19,04e2b8dcf7e09c8e1bc73878486f3df681a6bb4340ce0cc45f9eed64b3572fdf,155197,155352,155197,0.0,True
16,16,group,CNN,rotation,vgg19,bc6c699b4e6f1e1c947de971f41885ce2652fc2afcd06db51d2864ed3039e02f,155197,155352,155271,0.04768133404640107,True
16,16,group,CNN,rotation,resnet50,2ee7c37da3e728afbe323da349305ce2ce54840de119c8051810b53698ce747c,42643,42685,42643,0.0,True
16,16,group,CNN,rotation,resnet50,db46eb8438bbe8cc42633137db6dc4803aea88f1804c7102acf9bc880936d2e0,42643,42685,42598,-0.10552728466571848,True
16,16,group,CNN,rotation,resnet50,60c93b33f0abf1e3f3258368cf4d90053f9bb50d062b51045bd1708c2df18060,42643,42685,42561,-0.19229416316863812,True
16,16,group,CNN,rotation,resnet50,a23bf832de00990fdfaf2db17f5985fcf8d99125732e43afa73ba5666a127078,42643,42685,42682,0.0914569800436249,True
16,16,group,CNN,rotation,resnet50,750cbd5f0fa4b240dc103cc053ddb852ef32edb6c3ebda36f1e7c381ae90cebd,42643,42685,42681,0.08911192927327782,True
16,16,group,CNN,rotation,googlenet,18183a900ea2f4ed31abe6c1fa1a426ca50cdf8e57e00257750b1df52df39eaf,18887,18905,18887,0.0,True
16,16,group,CNN,rotation,googlenet,f7d57dcad3cdd8bc3d39355751139d5eecbf789d2b50cdd9982a8f547984dd79,18887,18905,18805,-0.43416106316513936,True
16,16,group,CNN,rotation,googlenet,b85cd61b7e5f6b14c6f43a2a430dc797b539a807570bee3cc150fc51a7aa9f7f,18887,18905,18901,0.0741250595647891,True
16,16,group,CNN,rotation,googlenet,80f3695bf6f586eb64d2e5dc17ab9fdc8f9b22519de7a23f145ae7c004e308d4,18887,18905,18905,0.09530364801186852,True
16,16,group,CNN,rotation,googlenet,db14802cc4ccce870e8ac4850ce53373dea5d68d7f8077fda6a875dec3f83749,18887,18905,18812,-0.3970985333827448,True
16,16,group,CNN,rotation,resnet101,6b363728928f7f35647d028e21067798da046450ac59c73a8a2e65a042e6230e,79398,79477,79398,0.0,True
16,16,group,CNN,rotation,resnet101,b2e3161edba27c5a7a344f17af9a23fefa1b6e7748674cbf903d51c6b63cd11a,79398,79477,79386,-0.01511373082445644,True
16,16,group,CNN,rotation,resnet101,64da2256696c5b7f7885e6794730021d55e5eb1a47ad1de081a318c625c93691,79398,79477,79361,-0.04660067004206292,True
16,16,group,CNN,rotation,resnet101,35a7ff3cbbdb7d5cc8cf611e09d80120850944a0ad0a328f4d26dc30699762be,79398,79477,79475,0.09697977279023995,True
16,16,group,CNN,rotation,resnet101,61c8198ca4a61b9ce04d3eb71a3739963d5848aac34c4d8ae7b37714113c34f2,79398,79477,79477,0.09949872792764936,True
16,16,group,CNN,rotation,densenet,cb170db5f46465d8da0d5cc37c53205664adccd8394cfa8b54d7a1a6c6492325,31905,31936,31905,0.0,True
16,16,group,CNN,rotation,densenet,7b092f89723eb93b8385143e3cd835cea246b1eb9d71db980c7d7dd63de5013d,31905,31936,31930,0.07835762419683423,True
16,16,group,CNN,rotation,densenet,2391c00e53b42d48bbfd3d13bbd207b8dbac5e9195fe4e8691113c3df25479d3,31905,31936,31922,0.05328318445385616,True
16,16,group,CNN,rotation,densenet,9ad1ed0d24abf41ec39f421020e6663a692f883cf695fcc983b2b7bfc7c2e4c1,31905,31936,31921,0.05014887948597835,True
16,16,group,CNN,rotation,inception_resnet_v1,8971305db33408bde11bb2d8415930b4e1cefebd260e5c9629b7fa3206e408fd,84514,84598,84514,0.0,True
16,16,group,CNN,rotation,inception_resnet_v1,c1518cc3ce1b2ee84d2d7e995e4c41679b9357de05a84ac0f8a3eb493851293d,84514,84598,84506,-0.009465887308612864,True
16,16,group,CNN,rotation,inception_resnet_v1,4f121ba911408b5cad8336affd77c0038930159e3a10e05de1837f51dd935fff,84514,84598,84392,-0.14435478145632397,True
16,16,group,CNN,rotation,inception_resnet_v1,4ee5eb2ada69c022a66d993bd40678a21200d403a659f560ae88af42ebb56abe,84514,84598,84368,-0.17275244338216256,True
16,16,group,CNN,rotation,inception_resnet_v1,5a92480c25bd4afb36cdda16ce0788b29f244b27ea0360814a4378ad9064baf4,84514,84598,84386,-0.15145419693778361,True
16,16,group,CNN,rotation,pnasnet,161ae541817fea502aae605110452a21de0451eb25dab2f446f9745839da084f,424661,425085,424983,0.0758251876202376,True
16,16,group,CNN,rotation,pnasnet,cb86548788980058d50affd13d6d6cd9353019efd228be95a6ce4c868e4a6f15,424661,425085,419637,-1.1830613124350964,True
16,16,group,CNN,rotation,pnasnet,8fd012c7c9a168d76f269580cf6d3028e6ff818e792295a3d6571065034d82c8,424661,425085,418672,-1.4103013933466912,True
16,16,group,CNN,rotation,resnext50,8efb7a4e03bc25bea908293dcacc34034aabd7a6ce3c6f583da3dac288833870,27498,27525,27498,0.0,True
16,16,group,CNN,rotation,resnext50,e9a4cf2e5ab77a6ae2d8c160251c41fac18a4c58f35766a6bc651f5472058871,27498,27525,27429,-0.2509273401701928,True
16,16,group,CNN,rotation,resnext50,b18d9c2a42829b598443da9e3243d3792b04568f782a4edd599b98a7aa945cc1,27498,27525,27404,-0.3418430431304076,True
16,16,group,CNN,rotation,resnext50,979ef0a1924326640e31b619604670319d081ccd56f7e3b7d3314ccc50646c19,27498,27525,27524,0.09455233107862338,True
16,16,group,CNN,rotation,resnext50,e12f8a3dbca25fc4f19778fb2c7215a6a2d06b59fa59f0737cd4085ecc649a9d,27498,27525,27524,0.09455233107862338,True
16,16,group,CNN,rotation,resnet152,39c585c395f87574adf95a76b355c1bff52ea4b7fe18a5f98f2197d380195075,116486,116602,116488,0.0017169445255316163,True
16,16,group,CNN,rotation,resnet152,5057705d9c413255ebce2ba8f58fcf8a864de880cfedb2cc90be47e730871b37,116486,116602,116459,-0.023178751094554695,True
16,16,group,CNN,rotation,resnet152,ade9a335f7e8181ccdfe3d8d72c44af25f6f09ec0eaff022ce28e973e87f968e,116486,116602,116597,0.095290421166494,True
16,16,group,CNN,rotation,resnet152,10cf3e5d578ed6bebf75964097b9e66525a357f43b8f744e803615b5d84d7945,116486,116602,116595,0.09357347664096238,True
16,16,group,CNN,rotation,resnet152,c0daf9bb966b1ab0b81281f5544191f041ac0831247deabb40682b37893f9b73,116486,116602,116486,0.0,True
16,16,group,CNN,reflection,darknet19,16c07e40e74fc58e9908b6b778a584cc5839170b80cf9e5ba0561ed0fceee0df,25900,25925,25900,0.0,True
16,16,group,CNN,reflection,darknet19,c7c6f80abdd834efccacbe40fdc1faf504c8c41d41410ef4336387e4108c525d,25900,25925,25916,0.06177606177606432,True
16,16,group,CNN,reflection,darknet19,52a1749fe3b0e6126afaa8051dc08ac46024dba3c1edcdf228c65b92ff1f12f5,25900,25925,25900,0.0,True
16,16,group,CNN,reflection,darknet19,509afa567b3876989d1237f5bc43764a041c9d44cbc1648951a4e4547c7f404b,25900,25925,25900,0.0,True
16,16,group,CNN,reflection,darknet19,b7c8f586339a9c1c4e47d76fee10b7c41aaffc53a171faf0f0e4bee7abbb716c,25900,25925,25900,0.0,True
16,16,group,CNN,reflection,vgg19,04e2b8dcf7e09c8e1bc73878486f3df681a6bb4340ce0cc45f9eed64b3572fdf,155197,155352,155197,0.0,True
16,16,group,CNN,reflection,vgg19,bc6c699b4e6f1e1c947de971f41885ce2652fc2afcd06db51d2864ed3039e02f,155197,155352,155271,0.04768133404640107,True
16,16,group,CNN,reflection,resnet50,2ee7c37da3e728afbe323da349305ce2ce54840de119c8051810b53698ce747c,42643,42685,42643,0.0,True
16,16,group,CNN,reflection,resnet50,db46eb8438bbe8cc42633137db6dc4803aea88f1804c7102acf9bc880936d2e0,42643,42685,42598,-0.10552728466571848,True
16,16,group,CNN,reflection,resnet50,60c93b33f0abf1e3f3258368cf4d90053f9bb50d062b51045bd1708c2df18060,42643,42685,42561,-0.19229416316863812,True
16,16,group,CNN,reflection,resnet50,a23bf832de00990fdfaf2db17f5985fcf8d99125732e43afa73ba5666a127078,42643,42685,42684,0.09614708158431906,True
16,16,group,CNN,reflection,resnet50,750cbd5f0fa4b240dc103cc053ddb852ef32edb6c3ebda36f1e7c381ae90cebd,42643,42685,42681,0.08911192927327782,True
16,16,group,CNN,reflection,googlenet,18183a900ea2f4ed31abe6c1fa1a426ca50cdf8e57e00257750b1df52df39eaf,18887,18905,18887,0.0,True
16,16,group,CNN,reflection,googlenet,f7d57dcad3cdd8bc3d39355751139d5eecbf789d2b50cdd9982a8f547984dd79,18887,18905,18804,-0.43945571027691477,True
16,16,group,CNN,reflection,googlenet,b85cd61b7e5f6b14c6f43a2a430dc797b539a807570bee3cc150fc51a7aa9f7f,18887,18905,18901,0.0741250595647891,True
16,16,group,CNN,reflection,googlenet,80f3695bf6f586eb64d2e5dc17ab9fdc8f9b22519de7a23f145ae7c004e308d4,18887,18905,18904,0.09000900090008201,True
16,16,group,CNN,reflection,googlenet,db14802cc4ccce870e8ac4850ce53373dea5d68d7f8077fda6a875dec3f83749,18887,18905,18810,-0.4076878276062845,True
16,16,group,CNN,reflection,resnet101,6b363728928f7f35647d028e21067798da046450ac59c73a8a2e65a042e6230e,79398,79477,79398,0.0,True
16,16,group,CNN,reflection,resnet101,b2e3161edba27c5a7a344f17af9a23fefa1b6e7748674cbf903d51c6b63cd11a,79398,79477,79386,-0.01511373082445644,True
16,16,group,CNN,reflection,resnet101,64da2256696c5b7f7885e6794730021d55e5eb1a47ad1de081a318c625c93691,79398,79477,79361,-0.04660067004206292,True
16,16,group,CNN,reflection,resnet101,35a7ff3cbbdb7d5cc8cf611e09d80120850944a0ad0a328f4d26dc30699762be,79398,79477,79475,0.09697977279023995,True
16,16,group,CNN,reflection,resnet101,61c8198ca4a61b9ce04d3eb71a3739963d5848aac34c4d8ae7b37714113c34f2,79398,79477,79477,0.09949872792764936,True
16,16,group,CNN,reflection,densenet,cb170db5f46465d8da0d5cc37c53205664adccd8394cfa8b54d7a1a6c6492325,31905,31936,31905,0.0,True
16,16,group,CNN,reflection,densenet,7b092f89723eb93b8385143e3cd835cea246b1eb9d71db980c7d7dd63de5013d,31905,31936,31930,0.07835762419683423,True
16,16,group,CNN,reflection,densenet,2391c00e53b42d48bbfd3d13bbd207b8dbac5e9195fe4e8691113c3df25479d3,31905,31936,31922,0.05328318445385616,True
16,16,group,CNN,reflection,densenet,9ad1ed0d24abf41ec39f421020e6663a692f883cf695fcc983b2b7bfc7c2e4c1,31905,31936,31921,0.05014887948597835,True
16,16,group,CNN,reflection,inception_resnet_v1,8971305db33408bde11bb2d8415930b4e1cefebd260e5c9629b7fa3206e408fd,84514,84598,84514,0.0,True
16,16,group,CNN,reflection,inception_resnet_v1,c1518cc3ce1b2ee84d2d7e995e4c41679b9357de05a84ac0f8a3eb493851293d,84514,84598,84506,-0.009465887308612864,True
16,16,group,CNN,reflection,inception_resnet_v1,4f121ba911408b5cad8336affd77c0038930159e3a10e05de1837f51dd935fff,84514,84598,84392,-0.14435478145632397,True
16,16,group,CNN,reflection,inception_resnet_v1,4ee5eb2ada69c022a66d993bd40678a21200d403a659f560ae88af42ebb56abe,84514,84598,84366,-0.17511891520931577,True
16,16,group,CNN,reflection,inception_resnet_v1,5a92480c25bd4afb36cdda16ce0788b29f244b27ea0360814a4378ad9064baf4,84514,84598,84386,-0.15145419693778361,True
16,16,group,CNN,reflection,pnasnet,161ae541817fea502aae605110452a21de0451eb25dab2f446f9745839da084f,424661,425085,424983,0.0758251876202376,True
16,16,group,CNN,reflection,pnasnet,cb86548788980058d50affd13d6d6cd9353019efd228be95a6ce4c868e4a6f15,424661,425085,418615,-1.4237238644471684,True
16,16,group,CNN,reflection,pnasnet,8fd012c7c9a168d76f269580cf6d3028e6ff818e792295a3d6571065034d82c8,424661,425085,418850,-1.3683856064013455,True
16,16,group,CNN,reflection,resnext50,8efb7a4e03bc25bea908293dcacc34034aabd7a6ce3c6f583da3dac288833870,27498,27525,27498,0.0,True
16,16,group,CNN,reflection,resnext50,e9a4cf2e5ab77a6ae2d8c160251c41fac18a4c58f35766a6bc651f5472058871,27498,27525,27429,-0.2509273401701928,True
16,16,group,CNN,reflection,resnext50,b18d9c2a42829b598443da9e3243d3792b04568f782a4edd599b98a7aa945cc1,27498,27525,27404,-0.3418430431304076,True
16,16,group,CNN,reflection,resnext50,979ef0a1924326640e31b619604670319d081ccd56f7e3b7d3314ccc50646c19,27498,27525,27524,0.09455233107862338,True
16,16,group,CNN,reflection,resnext50,e12f8a3dbca25fc4f19778fb2c7215a6a2d06b59fa59f0737cd4085ecc649a9d,27498,27525,27524,0.09455233107862338,True
16,16,group,CNN,reflection,resnet152,39c585c395f87574adf95a76b355c1bff52ea4b7fe18a5f98f2197d380195075,116486,116602,116488,0.0017169445255316163,True
16,16,group,CNN,reflection,resnet152,5057705d9c413255ebce2ba8f58fcf8a864de880cfedb2cc90be47e730871b37,116486,116602,116459,-0.023178751094554695,True
16,16,group,CNN,reflection,resnet152,ade9a335f7e8181ccdfe3d8d72c44af25f6f09ec0eaff022ce28e973e87f968e,116486,116602,116597,0.095290421166494,True
16,16,group,CNN,reflection,resnet152,10cf3e5d578ed6bebf75964097b9e66525a357f43b8f744e803615b5d84d7945,116486,116602,116595,0.09357347664096238,True
16,16,group,CNN,reflection,resnet152,c0daf9bb966b1ab0b81281f5544191f041ac0831247deabb40682b37893f9b73,116486,116602,116500,0.0120186116786547,True
16,16,group,RNN,rotation,gnmt,180d7be47fd1332712292a36b6b7d74cf7174688ba63628bbd299bc2e1aead55,34918,34952,34950,0.09164327853830034,True
16,16,group,RNN,rotation,gnmt,e46f84c214cd134d84bc45cd2533ab24d31a80a2d1432507ab6a7a62ce73fd57,34918,34952,15828,-54.67094335299845,True
16,16,group,RNN,rotation,gnmt,a44d2667cc7f0a692696fa8f57e25c6374f0411f80e6bffcb627cac6b1207458,34918,34952,19654,-43.71384386276419,True
16,16,group,RNN,rotation,gnmt,ecd8142fa83a5ec96a4220a4b891c0c2f240034fafef4da67bacd2439be1a6ff,34918,34952,32446,-7.079443267082874,True
16,16,group,RNN,rotation,gnmt,ec4977e572120e9bab7eddd7bee44882c255dc177c4165a01d6a537d39258e5f,34918,34952,34952,0.09737098344693162,True
16,16,group,RNN,rotation,lstm,c36f9b1c02d432b042d70eed83bf4f0450909c467d68ea3b510eea055ad310ac,47508,47555,47552,0.09261598046643726,True
16,16,group,RNN,rotation,lstm,a54eebdede23e55937b940ab3ac1ade5dd5c9e14704a1b7e7f77248df6911f73,47508,47555,15796,-66.75086301254525,True
16,16,group,RNN,rotation,lstm,aa2c2a25eaeb7da9cfc9bdd30b4f4ff18984b13e1d1fda2078ed8d312e3154bf,47508,47555,17694,-62.75574640060621,True
16,16,group,RNN,rotation,lstm,0a8ff8c6cc0c1aa016d9a8e2fd1774df5380ff383aba7e1e7aee073dc6bddcd3,47508,47555,32044,-32.550307316662455,True
16,16,group,RNN,rotation,lstm,1f1fe714541087aaa316a95c70e3d700c170cd1203a406588917310458463b97,47508,47555,47272,-0.4967584406836756,True
16,16,group,RNN,reflection,gnmt,180d7be47fd1332712292a36b6b7d74cf7174688ba63628bbd299bc2e1aead55,34918,34952,34950,0.09164327853830034,True
16,16,group,RNN,reflection,gnmt,e46f84c214cd134d84bc45cd2533ab24d31a80a2d1432507ab6a7a62ce73fd57,34918,34952,15828,-54.67094335299845,True
16,16,group,RNN,reflection,gnmt,a44d2667cc7f0a692696fa8f57e25c6374f0411f80e6bffcb627cac6b1207458,34918,34952,19654,-43.71384386276419,True
16,16,group,RNN,reflection,gnmt,ecd8142fa83a5ec96a4220a4b891c0c2f240034fafef4da67bacd2439be1a6ff,34918,34952,32630,-6.55249441548772,True
16,16,group,RNN,reflection,gnmt,ec4977e572120e9bab7eddd7bee44882c255dc177c4165a01d6a537d39258e5f,34918,34952,34664,-0.7274185233976715,True
16,16,group,RNN,reflection,lstm,c36f9b1c02d432b042d70eed83bf4f0450909c467d68ea3b510eea055ad310ac,47508,47555,47552,0.09261598046643726,True
16,16,group,RNN,reflection,lstm,a54eebdede23e55937b940ab3ac1ade5dd5c9e14704a1b7e7f77248df6911f73,47508,47555,15796,-66.75086301254525,True
16,16,group,RNN,reflection,lstm,aa2c2a25eaeb7da9cfc9bdd30b4f4ff18984b13e1d1fda2078ed8d312e3154bf,47508,47555,17694,-62.75574640060621,True
16,16,group,RNN,reflection,lstm,0a8ff8c6cc0c1aa016d9a8e2fd1774df5380ff383aba7e1e7aee073dc6bddcd3,47508,47555,35863,-24.51166119390419,True
16,16,group,RNN,reflection,lstm,1f1fe714541087aaa316a95c70e3d700c170cd1203a406588917310458463b97,47508,47555,47272,-0.4967584406836756,True
16,16,group,Transformer,rotation,transformer,9dc3cfa9067f8f321a1c4acd3fb7ec7047c914c9dc5dad018f75aff6c6b582ca,282352,282634,282352,0.0,True
16,16,group,Transformer,rotation,transformer,a0bdd94b9b4462d9217d1aec6d6de69d1f92b3475f9d985170766246e011c2d8,282352,282634,282608,0.09066696888988535,True
16,16,group,Transformer,rotation,transformer_cell,23dc196ac62b49b4aa8702b6c7830984d4b3b213a3a3e1be574e9c28ea00ef3d,49192,49241,49192,0.0,True
16,16,group,Transformer,rotation,transformer_cell,7a8616af77c9e617858da4d5d7e5a35138607b575e7fd3122751665da2e3dd76,49192,49241,49128,-0.13010245568385592,True
16,16,group,Transformer,rotation,transformer_cell,685742a85f39e89980091c8f522caddf5fcbc7cf93af2f41c4cd7d1c51a95c82,49192,49241,49241,0.0996096926329404,True
16,16,group,Transformer,rotation,transformer_cell,d49e41c7d6344de8e932f303ac0a5c92bd5ea04f43d1de3175608fb0845dc720,49192,49241,48838,-0.7196292080013045,True
16,16,group,Transformer,rotation,transformer_cell,fb0beb862d0d36e49966df43e529668558a4fee01c59ee8617717cdd7b4c629c,49192,49241,49207,0.030492763050893323,True
16,16,group,Transformer,rotation,bert_block,96366a72df312e88affddc1a3b02eb1bd0192c12caafee885c3024d7157d8d27,49632,49681,49632,0.0,True
16,16,group,Transformer,rotation,bert_block,1a999df91aa8a1a18d9ee31104d68fde720000e820e0e95c51296e9c6d570537,49632,49681,48154,-2.9779174725983237,True
16,16,group,Transformer,rotation,bert_block,ab38fc605ad18d89c68b58f09fc60aeea13dbc7383e816a938b5f7782393e7e4,49632,49681,49664,0.06447453255964408,True
16,16,group,Transformer,rotation,bert_block,e2ec857aa3913de7733c7e4fc9348c40417a59ee57685332affe0596697d9f38,49632,49681,48041,-3.2055931656995496,True
16,16,group,Transformer,rotation,bert_block,652d585776902757715bcfc81f3f548eb81036131d7b18860dd0ac34bd8fc2a7,49632,49681,49624,-0.01611863313990547,True
16,16,group,Transformer,rotation,gpt_prefill_block,4cdbd5f8bbcd8489acdc52bf84eedc239f7c18823d49556f6d2ac959a4a06c89,92503,92595,92503,0.0,True
16,16,group,Transformer,rotation,gpt_prefill_block,27690ccbc9bd9864427c5af0e71e88a86c9c00c3a47b1ea0ea65c6484a2e6e89,92503,92595,92553,0.054052301006457526,True
16,16,group,Transformer,rotation,gpt_prefill_block,bd721bd65de22365759fd4fd96d2cb5f05f1a22856c29e2cb3f179ea41d62e41,92503,92595,92535,0.03459347264413992,True
16,16,group,Transformer,rotation,gpt_decode_block,e7fb794e7cf4492e5a41ebbc83b6b6b1f3d3dbb1b7e630ded429f839bdf8b113,7571,7578,7575,0.05283317923656661,True
16,16,group,Transformer,rotation,gpt_decode_block,f174eb7b3c9a40c0f12143e74c869081e8092fbb4e6b777862e376c2ba456291,7571,7578,6383,-15.691454233258483,True
16,16,group,Transformer,rotation,gpt_decode_block,f987e9bdaa07fe2f5ec90721e6d49f9dd48830a49f86645a7404e0c190740635,7571,7578,7560,-0.14529124290054707,True
16,16,group,Transformer,rotation,gpt_decode_block,b59231c42161a15d49c3d328743c10ee1534ebecc03a26df79706346ecfbe19e,7571,7578,6309,-16.668868049134854,True
16,16,group,Transformer,rotation,gpt_decode_block,3ce8ad563905177611e234da1aaf97ba0d4c7e8d61c6098871d330e2d683d4c0,7571,7578,6383,-15.691454233258483,True
16,16,group,Transformer,reflection,transformer,9dc3cfa9067f8f321a1c4acd3fb7ec7047c914c9dc5dad018f75aff6c6b582ca,282352,282634,282352,0.0,True
16,16,group,Transformer,reflection,transformer,a0bdd94b9b4462d9217d1aec6d6de69d1f92b3475f9d985170766246e011c2d8,282352,282634,282608,0.09066696888988535,True
16,16,group,Transformer,reflection,transformer_cell,23dc196ac62b49b4aa8702b6c7830984d4b3b213a3a3e1be574e9c28ea00ef3d,49192,49241,49192,0.0,True
16,16,group,Transformer,reflection,transformer_cell,7a8616af77c9e617858da4d5d7e5a35138607b575e7fd3122751665da2e3dd76,49192,49241,49128,-0.13010245568385592,True
16,16,group,Transformer,reflection,transformer_cell,685742a85f39e89980091c8f522caddf5fcbc7cf93af2f41c4cd7d1c51a95c82,49192,49241,49241,0.0996096926329404,True
16,16,group,Transformer,reflection,transformer_cell,d49e41c7d6344de8e932f303ac0a5c92bd5ea04f43d1de3175608fb0845dc720,49192,49241,48838,-0.7196292080013045,True
16,16,group,Transformer,reflection,transformer_cell,fb0beb862d0d36e49966df43e529668558a4fee01c59ee8617717cdd7b4c629c,49192,49241,49207,0.030492763050893323,True
16,16,group,Transformer,reflection,bert_block,96366a72df312e88affddc1a3b02eb1bd0192c12caafee885c3024d7157d8d27,49632,49681,49632,0.0,True
16,16,group,Transformer,reflection,bert_block,1a999df91aa8a1a18d9ee31104d68fde720000e820e0e95c51296e9c6d570537,49632,49681,48154,-2.9779174725983237,True
16,16,group,Transformer,reflection,bert_block,ab38fc605ad18d89c68b58f09fc60aeea13dbc7383e816a938b5f7782393e7e4,49632,49681,49664,0.06447453255964408,True
16,16,group,Transformer,reflection,bert_block,e2ec857aa3913de7733c7e4fc9348c40417a59ee57685332affe0596697d9f38,49632,49681,48041,-3.2055931656995496,True
16,16,group,Transformer,reflection,bert_block,652d585776902757715bcfc81f3f548eb81036131d7b18860dd0ac34bd8fc2a7,49632,49681,49654,0.04432624113475114,True
16,16,group,Transformer,reflection,gpt_prefill_block,4cdbd5f8bbcd8489acdc52bf84eedc239f7c18823d49556f6d2ac959a4a06c89,92503,92595,92503,0.0,True
16,16,group,Transformer,reflection,gpt_prefill_block,27690ccbc9bd9864427c5af0e71e88a86c9c00c3a47b1ea0ea65c6484a2e6e89,92503,92595,92553,0.054052301006457526,True
16,16,group,Transformer,reflection,gpt_prefill_block,bd721bd65de22365759fd4fd96d2cb5f05f1a22856c29e2cb3f179ea41d62e41,92503,92595,92535,0.03459347264413992,True
16,16,group,Transformer,reflection,gpt_decode_block,e7fb794e7cf4492e5a41ebbc83b6b6b1f3d3dbb1b7e630ded429f839bdf8b113,7571,7578,7571,0.0,True
16,16,group,Transformer,reflection,gpt_decode_block,f174eb7b3c9a40c0f12143e74c869081e8092fbb4e6b777862e376c2ba456291,7571,7578,6639,-12.31013076211861,True
16,16,group,Transformer,reflection,gpt_decode_block,f987e9bdaa07fe2f5ec90721e6d49f9dd48830a49f86645a7404e0c190740635,7571,7578,7578,0.09245806366398046,True
16,16,group,Transformer,reflection,gpt_decode_block,b59231c42161a15d49c3d328743c10ee1534ebecc03a26df79706346ecfbe19e,7571,7578,6304,-16.73490952318055,True
16,16,group,Transformer,reflection,gpt_decode_block,3ce8ad563905177611e234da1aaf97ba0d4c7e8d61c6098871d330e2d683d4c0,7571,7578,7079,-6.498481046096948,True
16,16,all,ALL17,rotation,darknet19,16c07e40e74fc58e9908b6b778a584cc5839170b80cf9e5ba0561ed0fceee0df,25900,25925,25900,0.0,True
16,16,all,ALL17,rotation,darknet19,c7c6f80abdd834efccacbe40fdc1faf504c8c41d41410ef4336387e4108c525d,25900,25925,25916,0.06177606177606432,True
16,16,all,ALL17,rotation,darknet19,52a1749fe3b0e6126afaa8051dc08ac46024dba3c1edcdf228c65b92ff1f12f5,25900,25925,25900,0.0,True
16,16,all,ALL17,rotation,darknet19,509afa567b3876989d1237f5bc43764a041c9d44cbc1648951a4e4547c7f404b,25900,25925,25900,0.0,True
16,16,all,ALL17,rotation,darknet19,b7c8f586339a9c1c4e47d76fee10b7c41aaffc53a171faf0f0e4bee7abbb716c,25900,25925,25900,0.0,True
16,16,all,ALL17,rotation,vgg19,04e2b8dcf7e09c8e1bc73878486f3df681a6bb4340ce0cc45f9eed64b3572fdf,155197,155352,155197,0.0,True
16,16,all,ALL17,rotation,vgg19,bc6c699b4e6f1e1c947de971f41885ce2652fc2afcd06db51d2864ed3039e02f,155197,155352,155271,0.04768133404640107,True
16,16,all,ALL17,rotation,resnet50,2ee7c37da3e728afbe323da349305ce2ce54840de119c8051810b53698ce747c,42643,42685,42643,0.0,True
16,16,all,ALL17,rotation,resnet50,db46eb8438bbe8cc42633137db6dc4803aea88f1804c7102acf9bc880936d2e0,42643,42685,42598,-0.10552728466571848,True
16,16,all,ALL17,rotation,resnet50,60c93b33f0abf1e3f3258368cf4d90053f9bb50d062b51045bd1708c2df18060,42643,42685,42561,-0.19229416316863812,True
16,16,all,ALL17,rotation,resnet50,a23bf832de00990fdfaf2db17f5985fcf8d99125732e43afa73ba5666a127078,42643,42685,42682,0.0914569800436249,True
16,16,all,ALL17,rotation,resnet50,750cbd5f0fa4b240dc103cc053ddb852ef32edb6c3ebda36f1e7c381ae90cebd,42643,42685,42681,0.08911192927327782,True
16,16,all,ALL17,rotation,googlenet,18183a900ea2f4ed31abe6c1fa1a426ca50cdf8e57e00257750b1df52df39eaf,18887,18905,18887,0.0,True
16,16,all,ALL17,rotation,googlenet,f7d57dcad3cdd8bc3d39355751139d5eecbf789d2b50cdd9982a8f547984dd79,18887,18905,18805,-0.43416106316513936,True
16,16,all,ALL17,rotation,googlenet,b85cd61b7e5f6b14c6f43a2a430dc797b539a807570bee3cc150fc51a7aa9f7f,18887,18905,18901,0.0741250595647891,True
16,16,all,ALL17,rotation,googlenet,80f3695bf6f586eb64d2e5dc17ab9fdc8f9b22519de7a23f145ae7c004e308d4,18887,18905,18905,0.09530364801186852,True
16,16,all,ALL17,rotation,googlenet,db14802cc4ccce870e8ac4850ce53373dea5d68d7f8077fda6a875dec3f83749,18887,18905,18812,-0.3970985333827448,True
16,16,all,ALL17,rotation,resnet101,6b363728928f7f35647d028e21067798da046450ac59c73a8a2e65a042e6230e,79398,79477,79398,0.0,True
16,16,all,ALL17,rotation,resnet101,b2e3161edba27c5a7a344f17af9a23fefa1b6e7748674cbf903d51c6b63cd11a,79398,79477,79386,-0.01511373082445644,True
16,16,all,ALL17,rotation,resnet101,64da2256696c5b7f7885e6794730021d55e5eb1a47ad1de081a318c625c93691,79398,79477,79361,-0.04660067004206292,True
16,16,all,ALL17,rotation,resnet101,35a7ff3cbbdb7d5cc8cf611e09d80120850944a0ad0a328f4d26dc30699762be,79398,79477,79475,0.09697977279023995,True
16,16,all,ALL17,rotation,resnet101,61c8198ca4a61b9ce04d3eb71a3739963d5848aac34c4d8ae7b37714113c34f2,79398,79477,79477,0.09949872792764936,True
16,16,all,ALL17,rotation,densenet,cb170db5f46465d8da0d5cc37c53205664adccd8394cfa8b54d7a1a6c6492325,31905,31936,31905,0.0,True
16,16,all,ALL17,rotation,densenet,7b092f89723eb93b8385143e3cd835cea246b1eb9d71db980c7d7dd63de5013d,31905,31936,31930,0.07835762419683423,True
16,16,all,ALL17,rotation,densenet,2391c00e53b42d48bbfd3d13bbd207b8dbac5e9195fe4e8691113c3df25479d3,31905,31936,31922,0.05328318445385616,True
16,16,all,ALL17,rotation,densenet,9ad1ed0d24abf41ec39f421020e6663a692f883cf695fcc983b2b7bfc7c2e4c1,31905,31936,31921,0.05014887948597835,True
16,16,all,ALL17,rotation,inception_resnet_v1,8971305db33408bde11bb2d8415930b4e1cefebd260e5c9629b7fa3206e408fd,84514,84598,84514,0.0,True
16,16,all,ALL17,rotation,inception_resnet_v1,c1518cc3ce1b2ee84d2d7e995e4c41679b9357de05a84ac0f8a3eb493851293d,84514,84598,84506,-0.009465887308612864,True
16,16,all,ALL17,rotation,inception_resnet_v1,4f121ba911408b5cad8336affd77c0038930159e3a10e05de1837f51dd935fff,84514,84598,84392,-0.14435478145632397,True
16,16,all,ALL17,rotation,inception_resnet_v1,4ee5eb2ada69c022a66d993bd40678a21200d403a659f560ae88af42ebb56abe,84514,84598,84368,-0.17275244338216256,True
16,16,all,ALL17,rotation,inception_resnet_v1,5a92480c25bd4afb36cdda16ce0788b29f244b27ea0360814a4378ad9064baf4,84514,84598,84386,-0.15145419693778361,True
16,16,all,ALL17,rotation,gnmt,180d7be47fd1332712292a36b6b7d74cf7174688ba63628bbd299bc2e1aead55,34918,34952,34918,0.0,True
16,16,all,ALL17,rotation,gnmt,e46f84c214cd134d84bc45cd2533ab24d31a80a2d1432507ab6a7a62ce73fd57,34918,34952,15828,-54.67094335299845,True
16,16,all,ALL17,rotation,gnmt,a44d2667cc7f0a692696fa8f57e25c6374f0411f80e6bffcb627cac6b1207458,34918,34952,19654,-43.71384386276419,True
16,16,all,ALL17,rotation,gnmt,ecd8142fa83a5ec96a4220a4b891c0c2f240034fafef4da67bacd2439be1a6ff,34918,34952,31550,-9.645455066154994,True
16,16,all,ALL17,rotation,gnmt,ec4977e572120e9bab7eddd7bee44882c255dc177c4165a01d6a537d39258e5f,34918,34952,32900,-5.779254252820898,True
16,16,all,ALL17,rotation,lstm,c36f9b1c02d432b042d70eed83bf4f0450909c467d68ea3b510eea055ad310ac,47508,47555,47508,0.0,True
16,16,all,ALL17,rotation,lstm,a54eebdede23e55937b940ab3ac1ade5dd5c9e14704a1b7e7f77248df6911f73,47508,47555,15796,-66.75086301254525,True
16,16,all,ALL17,rotation,lstm,aa2c2a25eaeb7da9cfc9bdd30b4f4ff18984b13e1d1fda2078ed8d312e3154bf,47508,47555,17694,-62.75574640060621,True
16,16,all,ALL17,rotation,lstm,0a8ff8c6cc0c1aa016d9a8e2fd1774df5380ff383aba7e1e7aee073dc6bddcd3,47508,47555,31350,-34.011113917655976,True
16,16,all,ALL17,rotation,lstm,1f1fe714541087aaa316a95c70e3d700c170cd1203a406588917310458463b97,47508,47555,46940,-1.1955881114759648,True
16,16,all,ALL17,rotation,transformer,9dc3cfa9067f8f321a1c4acd3fb7ec7047c914c9dc5dad018f75aff6c6b582ca,282352,282634,282352,0.0,True
16,16,all,ALL17,rotation,transformer,a0bdd94b9b4462d9217d1aec6d6de69d1f92b3475f9d985170766246e011c2d8,282352,282634,282608,0.09066696888988535,True
16,16,all,ALL17,rotation,transformer_cell,23dc196ac62b49b4aa8702b6c7830984d4b3b213a3a3e1be574e9c28ea00ef3d,49192,49241,49192,0.0,True
16,16,all,ALL17,rotation,transformer_cell,7a8616af77c9e617858da4d5d7e5a35138607b575e7fd3122751665da2e3dd76,49192,49241,48808,-0.7806147341031022,True
16,16,all,ALL17,rotation,transformer_cell,685742a85f39e89980091c8f522caddf5fcbc7cf93af2f41c4cd7d1c51a95c82,49192,49241,49240,0.09757684176288084,True
16,16,all,ALL17,rotation,transformer_cell,d49e41c7d6344de8e932f303ac0a5c92bd5ea04f43d1de3175608fb0845dc720,49192,49241,48808,-0.7806147341031022,True
16,16,all,ALL17,rotation,transformer_cell,fb0beb862d0d36e49966df43e529668558a4fee01c59ee8617717cdd7b4c629c,49192,49241,49177,-0.030492763050904426,True
16,16,all,ALL17,rotation,pnasnet,161ae541817fea502aae605110452a21de0451eb25dab2f446f9745839da084f,424661,425085,424983,0.0758251876202376,True
16,16,all,ALL17,rotation,pnasnet,cb86548788980058d50affd13d6d6cd9353019efd228be95a6ce4c868e4a6f15,424661,425085,419637,-1.1830613124350964,True
16,16,all,ALL17,rotation,pnasnet,8fd012c7c9a168d76f269580cf6d3028e6ff818e792295a3d6571065034d82c8,424661,425085,418672,-1.4103013933466912,True
16,16,all,ALL17,rotation,resnext50,8efb7a4e03bc25bea908293dcacc34034aabd7a6ce3c6f583da3dac288833870,27498,27525,27498,0.0,True
16,16,all,ALL17,rotation,resnext50,e9a4cf2e5ab77a6ae2d8c160251c41fac18a4c58f35766a6bc651f5472058871,27498,27525,27429,-0.2509273401701928,True
16,16,all,ALL17,rotation,resnext50,b18d9c2a42829b598443da9e3243d3792b04568f782a4edd599b98a7aa945cc1,27498,27525,27404,-0.3418430431304076,True
16,16,all,ALL17,rotation,resnext50,979ef0a1924326640e31b619604670319d081ccd56f7e3b7d3314ccc50646c19,27498,27525,27524,0.09455233107862338,True
16,16,all,ALL17,rotation,resnext50,e12f8a3dbca25fc4f19778fb2c7215a6a2d06b59fa59f0737cd4085ecc649a9d,27498,27525,27524,0.09455233107862338,True
16,16,all,ALL17,rotation,resnet152,39c585c395f87574adf95a76b355c1bff52ea4b7fe18a5f98f2197d380195075,116486,116602,116488,0.0017169445255316163,True
16,16,all,ALL17,rotation,resnet152,5057705d9c413255ebce2ba8f58fcf8a864de880cfedb2cc90be47e730871b37,116486,116602,116459,-0.023178751094554695,True
16,16,all,ALL17,rotation,resnet152,ade9a335f7e8181ccdfe3d8d72c44af25f6f09ec0eaff022ce28e973e87f968e,116486,116602,116597,0.095290421166494,True
16,16,all,ALL17,rotation,resnet152,10cf3e5d578ed6bebf75964097b9e66525a357f43b8f744e803615b5d84d7945,116486,116602,116595,0.09357347664096238,True
16,16,all,ALL17,rotation,resnet152,c0daf9bb966b1ab0b81281f5544191f041ac0831247deabb40682b37893f9b73,116486,116602,116486,0.0,True
16,16,all,ALL17,rotation,bert_block,96366a72df312e88affddc1a3b02eb1bd0192c12caafee885c3024d7157d8d27,49632,49681,49632,0.0,True
16,16,all,ALL17,rotation,bert_block,1a999df91aa8a1a18d9ee31104d68fde720000e820e0e95c51296e9c6d570537,49632,49681,48154,-2.9779174725983237,True
16,16,all,ALL17,rotation,bert_block,ab38fc605ad18d89c68b58f09fc60aeea13dbc7383e816a938b5f7782393e7e4,49632,49681,49662,0.06044487427465661,True
16,16,all,ALL17,rotation,bert_block,e2ec857aa3913de7733c7e4fc9348c40417a59ee57685332affe0596697d9f38,49632,49681,48034,-3.2196969696969724,True
16,16,all,ALL17,rotation,bert_block,652d585776902757715bcfc81f3f548eb81036131d7b18860dd0ac34bd8fc2a7,49632,49681,49594,-0.07656350741457318,True
16,16,all,ALL17,rotation,gpt_prefill_block,4cdbd5f8bbcd8489acdc52bf84eedc239f7c18823d49556f6d2ac959a4a06c89,92503,92595,92503,0.0,True
16,16,all,ALL17,rotation,gpt_prefill_block,27690ccbc9bd9864427c5af0e71e88a86c9c00c3a47b1ea0ea65c6484a2e6e89,92503,92595,92550,0.05080916294606386,True
16,16,all,ALL17,rotation,gpt_prefill_block,bd721bd65de22365759fd4fd96d2cb5f05f1a22856c29e2cb3f179ea41d62e41,92503,92595,92535,0.03459347264413992,True
16,16,all,ALL17,rotation,gpt_decode_block,e7fb794e7cf4492e5a41ebbc83b6b6b1f3d3dbb1b7e630ded429f839bdf8b113,7571,7578,7571,0.0,True
16,16,all,ALL17,rotation,gpt_decode_block,f174eb7b3c9a40c0f12143e74c869081e8092fbb4e6b777862e376c2ba456291,7571,7578,6107,-19.33694360058117,True
16,16,all,ALL17,rotation,gpt_decode_block,f987e9bdaa07fe2f5ec90721e6d49f9dd48830a49f86645a7404e0c190740635,7571,7578,7506,-0.8585391625941075,True
16,16,all,ALL17,rotation,gpt_decode_block,b59231c42161a15d49c3d328743c10ee1534ebecc03a26df79706346ecfbe19e,7571,7578,6240,-17.58024039096553,True
16,16,all,ALL17,rotation,gpt_decode_block,3ce8ad563905177611e234da1aaf97ba0d4c7e8d61c6098871d330e2d683d4c0,7571,7578,6087,-19.601109496763968,True
16,16,all,ALL17,reflection,darknet19,16c07e40e74fc58e9908b6b778a584cc5839170b80cf9e5ba0561ed0fceee0df,25900,25925,25900,0.0,True
16,16,all,ALL17,reflection,darknet19,c7c6f80abdd834efccacbe40fdc1faf504c8c41d41410ef4336387e4108c525d,25900,25925,25916,0.06177606177606432,True
16,16,all,ALL17,reflection,darknet19,52a1749fe3b0e6126afaa8051dc08ac46024dba3c1edcdf228c65b92ff1f12f5,25900,25925,25900,0.0,True
16,16,all,ALL17,reflection,darknet19,509afa567b3876989d1237f5bc43764a041c9d44cbc1648951a4e4547c7f404b,25900,25925,25900,0.0,True
16,16,all,ALL17,reflection,darknet19,b7c8f586339a9c1c4e47d76fee10b7c41aaffc53a171faf0f0e4bee7abbb716c,25900,25925,25900,0.0,True
16,16,all,ALL17,reflection,vgg19,04e2b8dcf7e09c8e1bc73878486f3df681a6bb4340ce0cc45f9eed64b3572fdf,155197,155352,155197,0.0,True
16,16,all,ALL17,reflection,vgg19,bc6c699b4e6f1e1c947de971f41885ce2652fc2afcd06db51d2864ed3039e02f,155197,155352,155271,0.04768133404640107,True
16,16,all,ALL17,reflection,resnet50,2ee7c37da3e728afbe323da349305ce2ce54840de119c8051810b53698ce747c,42643,42685,42643,0.0,True
16,16,all,ALL17,reflection,resnet50,db46eb8438bbe8cc42633137db6dc4803aea88f1804c7102acf9bc880936d2e0,42643,42685,42598,-0.10552728466571848,True
16,16,all,ALL17,reflection,resnet50,60c93b33f0abf1e3f3258368cf4d90053f9bb50d062b51045bd1708c2df18060,42643,42685,42561,-0.19229416316863812,True
16,16,all,ALL17,reflection,resnet50,a23bf832de00990fdfaf2db17f5985fcf8d99125732e43afa73ba5666a127078,42643,42685,42684,0.09614708158431906,True
16,16,all,ALL17,reflection,resnet50,750cbd5f0fa4b240dc103cc053ddb852ef32edb6c3ebda36f1e7c381ae90cebd,42643,42685,42681,0.08911192927327782,True
16,16,all,ALL17,reflection,googlenet,18183a900ea2f4ed31abe6c1fa1a426ca50cdf8e57e00257750b1df52df39eaf,18887,18905,18887,0.0,True
16,16,all,ALL17,reflection,googlenet,f7d57dcad3cdd8bc3d39355751139d5eecbf789d2b50cdd9982a8f547984dd79,18887,18905,18804,-0.43945571027691477,True
16,16,all,ALL17,reflection,googlenet,b85cd61b7e5f6b14c6f43a2a430dc797b539a807570bee3cc150fc51a7aa9f7f,18887,18905,18901,0.0741250595647891,True
16,16,all,ALL17,reflection,googlenet,80f3695bf6f586eb64d2e5dc17ab9fdc8f9b22519de7a23f145ae7c004e308d4,18887,18905,18904,0.09000900090008201,True
16,16,all,ALL17,reflection,googlenet,db14802cc4ccce870e8ac4850ce53373dea5d68d7f8077fda6a875dec3f83749,18887,18905,18810,-0.4076878276062845,True
16,16,all,ALL17,reflection,resnet101,6b363728928f7f35647d028e21067798da046450ac59c73a8a2e65a042e6230e,79398,79477,79398,0.0,True
16,16,all,ALL17,reflection,resnet101,b2e3161edba27c5a7a344f17af9a23fefa1b6e7748674cbf903d51c6b63cd11a,79398,79477,79386,-0.01511373082445644,True
16,16,all,ALL17,reflection,resnet101,64da2256696c5b7f7885e6794730021d55e5eb1a47ad1de081a318c625c93691,79398,79477,79361,-0.04660067004206292,True
16,16,all,ALL17,reflection,resnet101,35a7ff3cbbdb7d5cc8cf611e09d80120850944a0ad0a328f4d26dc30699762be,79398,79477,79475,0.09697977279023995,True
16,16,all,ALL17,reflection,resnet101,61c8198ca4a61b9ce04d3eb71a3739963d5848aac34c4d8ae7b37714113c34f2,79398,79477,79477,0.09949872792764936,True
16,16,all,ALL17,reflection,densenet,cb170db5f46465d8da0d5cc37c53205664adccd8394cfa8b54d7a1a6c6492325,31905,31936,31905,0.0,True
16,16,all,ALL17,reflection,densenet,7b092f89723eb93b8385143e3cd835cea246b1eb9d71db980c7d7dd63de5013d,31905,31936,31930,0.07835762419683423,True
16,16,all,ALL17,reflection,densenet,2391c00e53b42d48bbfd3d13bbd207b8dbac5e9195fe4e8691113c3df25479d3,31905,31936,31922,0.05328318445385616,True
16,16,all,ALL17,reflection,densenet,9ad1ed0d24abf41ec39f421020e6663a692f883cf695fcc983b2b7bfc7c2e4c1,31905,31936,31921,0.05014887948597835,True
16,16,all,ALL17,reflection,inception_resnet_v1,8971305db33408bde11bb2d8415930b4e1cefebd260e5c9629b7fa3206e408fd,84514,84598,84514,0.0,True
16,16,all,ALL17,reflection,inception_resnet_v1,c1518cc3ce1b2ee84d2d7e995e4c41679b9357de05a84ac0f8a3eb493851293d,84514,84598,84506,-0.009465887308612864,True
16,16,all,ALL17,reflection,inception_resnet_v1,4f121ba911408b5cad8336affd77c0038930159e3a10e05de1837f51dd935fff,84514,84598,84392,-0.14435478145632397,True
16,16,all,ALL17,reflection,inception_resnet_v1,4ee5eb2ada69c022a66d993bd40678a21200d403a659f560ae88af42ebb56abe,84514,84598,84366,-0.17511891520931577,True
16,16,all,ALL17,reflection,inception_resnet_v1,5a92480c25bd4afb36cdda16ce0788b29f244b27ea0360814a4378ad9064baf4,84514,84598,84386,-0.15145419693778361,True
16,16,all,ALL17,reflection,gnmt,180d7be47fd1332712292a36b6b7d74cf7174688ba63628bbd299bc2e1aead55,34918,34952,34950,0.09164327853830034,True
16,16,all,ALL17,reflection,gnmt,e46f84c214cd134d84bc45cd2533ab24d31a80a2d1432507ab6a7a62ce73fd57,34918,34952,15828,-54.67094335299845,True
16,16,all,ALL17,reflection,gnmt,a44d2667cc7f0a692696fa8f57e25c6374f0411f80e6bffcb627cac6b1207458,34918,34952,19654,-43.71384386276419,True
16,16,all,ALL17,reflection,gnmt,ecd8142fa83a5ec96a4220a4b891c0c2f240034fafef4da67bacd2439be1a6ff,34918,34952,31726,-9.141417034194399,True
16,16,all,ALL17,reflection,gnmt,ec4977e572120e9bab7eddd7bee44882c255dc177c4165a01d6a537d39258e5f,34918,34952,32900,-5.779254252820898,True
16,16,all,ALL17,reflection,lstm,c36f9b1c02d432b042d70eed83bf4f0450909c467d68ea3b510eea055ad310ac,47508,47555,47508,0.0,True
16,16,all,ALL17,reflection,lstm,a54eebdede23e55937b940ab3ac1ade5dd5c9e14704a1b7e7f77248df6911f73,47508,47555,15796,-66.75086301254525,True
16,16,all,ALL17,reflection,lstm,aa2c2a25eaeb7da9cfc9bdd30b4f4ff18984b13e1d1fda2078ed8d312e3154bf,47508,47555,17694,-62.75574640060621,True
16,16,all,ALL17,reflection,lstm,0a8ff8c6cc0c1aa016d9a8e2fd1774df5380ff383aba7e1e7aee073dc6bddcd3,47508,47555,32623,-31.33156521006988,True
16,16,all,ALL17,reflection,lstm,1f1fe714541087aaa316a95c70e3d700c170cd1203a406588917310458463b97,47508,47555,46940,-1.1955881114759648,True
16,16,all,ALL17,reflection,transformer,9dc3cfa9067f8f321a1c4acd3fb7ec7047c914c9dc5dad018f75aff6c6b582ca,282352,282634,282352,0.0,True
16,16,all,ALL17,reflection,transformer,a0bdd94b9b4462d9217d1aec6d6de69d1f92b3475f9d985170766246e011c2d8,282352,282634,282608,0.09066696888988535,True
16,16,all,ALL17,reflection,transformer_cell,23dc196ac62b49b4aa8702b6c7830984d4b3b213a3a3e1be574e9c28ea00ef3d,49192,49241,49192,0.0,True
16,16,all,ALL17,reflection,transformer_cell,7a8616af77c9e617858da4d5d7e5a35138607b575e7fd3122751665da2e3dd76,49192,49241,48808,-0.7806147341031022,True
16,16,all,ALL17,reflection,transformer_cell,685742a85f39e89980091c8f522caddf5fcbc7cf93af2f41c4cd7d1c51a95c82,49192,49241,49240,0.09757684176288084,True
16,16,all,ALL17,reflection,transformer_cell,d49e41c7d6344de8e932f303ac0a5c92bd5ea04f43d1de3175608fb0845dc720,49192,49241,48838,-0.7196292080013045,True
16,16,all,ALL17,reflection,transformer_cell,fb0beb862d0d36e49966df43e529668558a4fee01c59ee8617717cdd7b4c629c,49192,49241,49207,0.030492763050893323,True
16,16,all,ALL17,reflection,pnasnet,161ae541817fea502aae605110452a21de0451eb25dab2f446f9745839da084f,424661,425085,424983,0.0758251876202376,True
16,16,all,ALL17,reflection,pnasnet,cb86548788980058d50affd13d6d6cd9353019efd228be95a6ce4c868e4a6f15,424661,425085,418615,-1.4237238644471684,True
16,16,all,ALL17,reflection,pnasnet,8fd012c7c9a168d76f269580cf6d3028e6ff818e792295a3d6571065034d82c8,424661,425085,418850,-1.3683856064013455,True
16,16,all,ALL17,reflection,resnext50,8efb7a4e03bc25bea908293dcacc34034aabd7a6ce3c6f583da3dac288833870,27498,27525,27498,0.0,True
16,16,all,ALL17,reflection,resnext50,e9a4cf2e5ab77a6ae2d8c160251c41fac18a4c58f35766a6bc651f5472058871,27498,27525,27429,-0.2509273401701928,True
16,16,all,ALL17,reflection,resnext50,b18d9c2a42829b598443da9e3243d3792b04568f782a4edd599b98a7aa945cc1,27498,27525,27404,-0.3418430431304076,True
16,16,all,ALL17,reflection,resnext50,979ef0a1924326640e31b619604670319d081ccd56f7e3b7d3314ccc50646c19,27498,27525,27524,0.09455233107862338,True
16,16,all,ALL17,reflection,resnext50,e12f8a3dbca25fc4f19778fb2c7215a6a2d06b59fa59f0737cd4085ecc649a9d,27498,27525,27524,0.09455233107862338,True
16,16,all,ALL17,reflection,resnet152,39c585c395f87574adf95a76b355c1bff52ea4b7fe18a5f98f2197d380195075,116486,116602,116488,0.0017169445255316163,True
16,16,all,ALL17,reflection,resnet152,5057705d9c413255ebce2ba8f58fcf8a864de880cfedb2cc90be47e730871b37,116486,116602,116459,-0.023178751094554695,True
16,16,all,ALL17,reflection,resnet152,ade9a335f7e8181ccdfe3d8d72c44af25f6f09ec0eaff022ce28e973e87f968e,116486,116602,116597,0.095290421166494,True
16,16,all,ALL17,reflection,resnet152,10cf3e5d578ed6bebf75964097b9e66525a357f43b8f744e803615b5d84d7945,116486,116602,116595,0.09357347664096238,True
16,16,all,ALL17,reflection,resnet152,c0daf9bb966b1ab0b81281f5544191f041ac0831247deabb40682b37893f9b73,116486,116602,116500,0.0120186116786547,True
16,16,all,ALL17,reflection,bert_block,96366a72df312e88affddc1a3b02eb1bd0192c12caafee885c3024d7157d8d27,49632,49681,49632,0.0,True
16,16,all,ALL17,reflection,bert_block,1a999df91aa8a1a18d9ee31104d68fde720000e820e0e95c51296e9c6d570537,49632,49681,48154,-2.9779174725983237,True
16,16,all,ALL17,reflection,bert_block,ab38fc605ad18d89c68b58f09fc60aeea13dbc7383e816a938b5f7782393e7e4,49632,49681,49662,0.06044487427465661,True
16,16,all,ALL17,reflection,bert_block,e2ec857aa3913de7733c7e4fc9348c40417a59ee57685332affe0596697d9f38,49632,49681,48034,-3.2196969696969724,True
16,16,all,ALL17,reflection,bert_block,652d585776902757715bcfc81f3f548eb81036131d7b18860dd0ac34bd8fc2a7,49632,49681,49594,-0.07656350741457318,True
16,16,all,ALL17,reflection,gpt_prefill_block,4cdbd5f8bbcd8489acdc52bf84eedc239f7c18823d49556f6d2ac959a4a06c89,92503,92595,92503,0.0,True
16,16,all,ALL17,reflection,gpt_prefill_block,27690ccbc9bd9864427c5af0e71e88a86c9c00c3a47b1ea0ea65c6484a2e6e89,92503,92595,92550,0.05080916294606386,True
16,16,all,ALL17,reflection,gpt_prefill_block,bd721bd65de22365759fd4fd96d2cb5f05f1a22856c29e2cb3f179ea41d62e41,92503,92595,92535,0.03459347264413992,True
16,16,all,ALL17,reflection,gpt_decode_block,e7fb794e7cf4492e5a41ebbc83b6b6b1f3d3dbb1b7e630ded429f839bdf8b113,7571,7578,7571,0.0,True
16,16,all,ALL17,reflection,gpt_decode_block,f174eb7b3c9a40c0f12143e74c869081e8092fbb4e6b777862e376c2ba456291,7571,7578,6107,-19.33694360058117,True
16,16,all,ALL17,reflection,gpt_decode_block,f987e9bdaa07fe2f5ec90721e6d49f9dd48830a49f86645a7404e0c190740635,7571,7578,7506,-0.8585391625941075,True
16,16,all,ALL17,reflection,gpt_decode_block,b59231c42161a15d49c3d328743c10ee1534ebecc03a26df79706346ecfbe19e,7571,7578,6244,-17.527407211728963,True
16,16,all,ALL17,reflection,gpt_decode_block,3ce8ad563905177611e234da1aaf97ba0d4c7e8d61c6098871d330e2d683d4c0,7571,7578,6087,-19.601109496763968,True
32,1,workload,darknet19,rotation,darknet19,b36066763db9e0b8f9ca4bcd3ff72b7c59853ce788459bee73b8e0acb58420f5,174839,175013,174839,0.0,True
32,1,workload,darknet19,rotation,darknet19,287434c489f258c119aac03a1bb81fbe0571b0a7b91b8b1cf651e8b07c6a3336,174839,175013,174839,0.0,True
32,1,workload,darknet19,rotation,darknet19,fd42a78be11ebd7c9dbc78d82ef02c9dcc242569d037ba8982363834180bb9a0,174839,175013,174839,0.0,True
32,1,workload,darknet19,rotation,darknet19,1316315c273bd32ad48c642b1ab2397f82c532901e9ea23b03b5de7651ae1a06,174839,175013,174839,0.0,True
32,1,workload,darknet19,rotation,darknet19,992f3675a84e92556ce5f4089d1d11c089c1e04f127dba0026364c4fd27f216c,174839,175013,174839,0.0,True
32,1,workload,darknet19,reflection,darknet19,b36066763db9e0b8f9ca4bcd3ff72b7c59853ce788459bee73b8e0acb58420f5,174839,175013,174839,0.0,True
32,1,workload,darknet19,reflection,darknet19,287434c489f258c119aac03a1bb81fbe0571b0a7b91b8b1cf651e8b07c6a3336,174839,175013,174839,0.0,True
32,1,workload,darknet19,reflection,darknet19,fd42a78be11ebd7c9dbc78d82ef02c9dcc242569d037ba8982363834180bb9a0,174839,175013,174839,0.0,True
32,1,workload,darknet19,reflection,darknet19,1316315c273bd32ad48c642b1ab2397f82c532901e9ea23b03b5de7651ae1a06,174839,175013,174839,0.0,True
32,1,workload,darknet19,reflection,darknet19,992f3675a84e92556ce5f4089d1d11c089c1e04f127dba0026364c4fd27f216c,174839,175013,174839,0.0,True
32,1,workload,vgg19,rotation,vgg19,faeacdc744b2d16b4412b85a5cc334baa351140de70947c1f8be3694e5c82c32,1198442,1199640,1198442,0.0,True
32,1,workload,vgg19,rotation,vgg19,5fdb8711506d5983a4aeb99e95cfc98c0a534c1625e8b7ee01d00157e29d3249,1198442,1199640,1199030,0.04906370103852087,True
32,1,workload,vgg19,rotation,vgg19,9403569b046f98388a6f6a756d9d141a25ff664227e85d426ecfa4625aca0a75,1198442,1199640,1199030,0.04906370103852087,True
32,1,workload,vgg19,rotation,vgg19,72d04acf2ca42406da00c6cb7dc0afed66e1d4cd96a5fb69fd8e8e6a1a2ffec1,1198442,1199640,1198736,0.024531850519249332,True
32,1,workload,vgg19,rotation,vgg19,a6d47f04032447e234596ff84b5a8d9f2eb4d2b51671f4a88f2aac7566f19243,1198442,1199640,1198736,0.024531850519249332,True
32,1,workload,vgg19,reflection,vgg19,faeacdc744b2d16b4412b85a5cc334baa351140de70947c1f8be3694e5c82c32,1198442,1199640,1198442,0.0,True
32,1,workload,vgg19,reflection,vgg19,5fdb8711506d5983a4aeb99e95cfc98c0a534c1625e8b7ee01d00157e29d3249,1198442,1199640,1199030,0.04906370103852087,True
32,1,workload,vgg19,reflection,vgg19,9403569b046f98388a6f6a756d9d141a25ff664227e85d426ecfa4625aca0a75,1198442,1199640,1199030,0.04906370103852087,True
32,1,workload,vgg19,reflection,vgg19,72d04acf2ca42406da00c6cb7dc0afed66e1d4cd96a5fb69fd8e8e6a1a2ffec1,1198442,1199640,1198736,0.024531850519249332,True
32,1,workload,vgg19,reflection,vgg19,a6d47f04032447e234596ff84b5a8d9f2eb4d2b51671f4a88f2aac7566f19243,1198442,1199640,1198736,0.024531850519249332,True
32,1,workload,resnet50,rotation,resnet50,d96e3260ff51011ee1995d4e02543c8dd51a5fbe6b1af968e3918b52e8022928,255035,255290,255042,0.0027447213127640424,True
32,1,workload,resnet50,rotation,resnet50,eb734d5fa3f9e367c6158cf886a4547f8e2876d7f68bef01d7829d1168a80870,255035,255290,255162,0.04979708667438576,True
32,1,workload,resnet50,rotation,resnet50,ed67e1831b6515010fba8bb1d9acb31f2d1a78148c43f0dd3e06dd0d6b02ac21,255035,255290,255266,0.09057580332110238,True
32,1,workload,resnet50,reflection,resnet50,d96e3260ff51011ee1995d4e02543c8dd51a5fbe6b1af968e3918b52e8022928,255035,255290,255042,0.0027447213127640424,True
32,1,workload,resnet50,reflection,resnet50,eb734d5fa3f9e367c6158cf886a4547f8e2876d7f68bef01d7829d1168a80870,255035,255290,255162,0.04979708667438576,True
32,1,workload,resnet50,reflection,resnet50,ed67e1831b6515010fba8bb1d9acb31f2d1a78148c43f0dd3e06dd0d6b02ac21,255035,255290,255266,0.09057580332110238,True
32,1,workload,googlenet,rotation,googlenet,d252fa0a884c7cae000966890b22c1109d39275e5dae6fddfe3409023aee4ce1,117624,117741,117627,0.002550499897990832,True
32,1,workload,googlenet,rotation,googlenet,84888e7c3d687f919018a6734e16df19cf6d1f3590179401892b01956661505a,117624,117741,117731,0.09096782969462147,True
32,1,workload,googlenet,rotation,googlenet,55efc58d800037f60a5165fbf89a1dc8beba3ee1c610f8acf0673adeb92b2ab9,117624,117741,117733,0.09266816295994129,True
32,1,workload,googlenet,rotation,googlenet,152ed2d94efedf7fc1b7429141feeb184199c94feef53d8db0bfaac4f317adf1,117624,117741,117733,0.09266816295994129,True
32,1,workload,googlenet,rotation,googlenet,8e70abefea794043de47b17f970a2ea0d8ef410f4f15c3aed5a823d2bab65cc4,117624,117741,117732,0.09181799632727028,True
32,1,workload,googlenet,reflection,googlenet,d252fa0a884c7cae000966890b22c1109d39275e5dae6fddfe3409023aee4ce1,117624,117741,117627,0.002550499897990832,True
32,1,workload,googlenet,reflection,googlenet,84888e7c3d687f919018a6734e16df19cf6d1f3590179401892b01956661505a,117624,117741,117731,0.09096782969462147,True
32,1,workload,googlenet,reflection,googlenet,55efc58d800037f60a5165fbf89a1dc8beba3ee1c610f8acf0673adeb92b2ab9,117624,117741,117733,0.09266816295994129,True
32,1,workload,googlenet,reflection,googlenet,152ed2d94efedf7fc1b7429141feeb184199c94feef53d8db0bfaac4f317adf1,117624,117741,117733,0.09266816295994129,True
32,1,workload,googlenet,reflection,googlenet,8e70abefea794043de47b17f970a2ea0d8ef410f4f15c3aed5a823d2bab65cc4,117624,117741,117732,0.09181799632727028,True
32,1,workload,resnet101,rotation,resnet101,484c35927bde7ad16b7ecf3e03f92a6f92a2db7f56681b8e41264363e27d0216,488275,488763,488282,0.0014336183503216304,True
32,1,workload,resnet101,rotation,resnet101,ea12afc1a38173045881d63e6d2d8efa7040cddc643d07fb3d1a18434c0b0144,488275,488763,488730,0.09318519277046189,True
32,1,workload,resnet101,rotation,resnet101,abd0f5dd9e3ebe727ef78ffcb2fab64332ae4e725b9dd984be1fbc2113f2527c,488275,488763,488506,0.04730940556039176,True
32,1,workload,resnet101,reflection,resnet101,484c35927bde7ad16b7ecf3e03f92a6f92a2db7f56681b8e41264363e27d0216,488275,488763,488282,0.0014336183503216304,True
32,1,workload,resnet101,reflection,resnet101,ea12afc1a38173045881d63e6d2d8efa7040cddc643d07fb3d1a18434c0b0144,488275,488763,488730,0.09318519277046189,True
32,1,workload,resnet101,reflection,resnet101,abd0f5dd9e3ebe727ef78ffcb2fab64332ae4e725b9dd984be1fbc2113f2527c,488275,488763,488506,0.04730940556039176,True
32,1,workload,densenet,rotation,densenet,333b72e0012aa388dcdae618d08f405a00630bab698d59b2fe0785c455a0bf91,187082,187269,187085,0.0016035749029752466,True
32,1,workload,densenet,rotation,densenet,f0e66a07e1d64ef23ebc54fc2898bba1f6af17a6961d4be5d8d584900723efd9,187082,187269,187197,0.06147037128103605,True
32,1,workload,densenet,rotation,densenet,364f1ca4e265557c99a8934fbfa48b84e098ea43ec27f56e060abdb81e67aad0,187082,187269,187211,0.06895372082829088,True
32,1,workload,densenet,rotation,densenet,19482c01db52f2235549efdeaed4940c20fdf8a89590b91c2d340a1936b0e5ac,187082,187269,187211,0.06895372082829088,True
32,1,workload,densenet,rotation,densenet,4b8def8336f053dc8be7116fc153445b99966c45ba213935d88f3a54428e6604,187082,187269,187248,0.08873114463177068,True
32,1,workload,densenet,reflection,densenet,333b72e0012aa388dcdae618d08f405a00630bab698d59b2fe0785c455a0bf91,187082,187269,187085,0.0016035749029752466,True
32,1,workload,densenet,reflection,densenet,f0e66a07e1d64ef23ebc54fc2898bba1f6af17a6961d4be5d8d584900723efd9,187082,187269,187197,0.06147037128103605,True
32,1,workload,densenet,reflection,densenet,364f1ca4e265557c99a8934fbfa48b84e098ea43ec27f56e060abdb81e67aad0,187082,187269,187211,0.06895372082829088,True
32,1,workload,densenet,reflection,densenet,19482c01db52f2235549efdeaed4940c20fdf8a89590b91c2d340a1936b0e5ac,187082,187269,187211,0.06895372082829088,True
32,1,workload,densenet,reflection,densenet,4b8def8336f053dc8be7116fc153445b99966c45ba213935d88f3a54428e6604,187082,187269,187248,0.08873114463177068,True
32,1,workload,inception_resnet_v1,rotation,inception_resnet_v1,de0734c9cdaaec62d9fa0271d3035460f060275d3a11bc0ea5c6cbf77a26e265,428640,429068,428640,0.0,True
32,1,workload,inception_resnet_v1,rotation,inception_resnet_v1,0a71c1fc43a1956998f62c2902b7b051c0228659943cc950e93beb3f19a9db68,428640,429068,428986,0.08072041806643782,True
32,1,workload,inception_resnet_v1,rotation,inception_resnet_v1,580661fa27aeb527d87e61e476b26c8c6d580cce0afb0aa9bf405286bc916ef5,428640,429068,428912,0.06345651362449356,True
32,1,workload,inception_resnet_v1,rotation,inception_resnet_v1,aacdaba3d4c03efc8db2d55d54333c3b50a547db00fd01c5bb600baf477a4ed1,428640,429068,428881,0.05622433743934785,True
32,1,workload,inception_resnet_v1,rotation,inception_resnet_v1,58fe5e80308bc3931aeb578500c9940d9923f00242f6a00d19d04b1ba7ba1bc2,428640,429068,429066,0.0993840985442418,True
32,1,workload,inception_resnet_v1,reflection,inception_resnet_v1,de0734c9cdaaec62d9fa0271d3035460f060275d3a11bc0ea5c6cbf77a26e265,428640,429068,428640,0.0,True
32,1,workload,inception_resnet_v1,reflection,inception_resnet_v1,0a71c1fc43a1956998f62c2902b7b051c0228659943cc950e93beb3f19a9db68,428640,429068,428998,0.08351997013811285,True
32,1,workload,inception_resnet_v1,reflection,inception_resnet_v1,580661fa27aeb527d87e61e476b26c8c6d580cce0afb0aa9bf405286bc916ef5,428640,429068,428912,0.06345651362449356,True
32,1,workload,inception_resnet_v1,reflection,inception_resnet_v1,aacdaba3d4c03efc8db2d55d54333c3b50a547db00fd01c5bb600baf477a4ed1,428640,429068,428881,0.05622433743934785,True
32,1,workload,inception_resnet_v1,reflection,inception_resnet_v1,58fe5e80308bc3931aeb578500c9940d9923f00242f6a00d19d04b1ba7ba1bc2,428640,429068,429066,0.0993840985442418,True
32,1,workload,gnmt,rotation,gnmt,2d48458bffb1ccb03f97849d25c2d7ecde91a59c981992efd56fca6f57d0a414,15730,15745,15730,0.0,True
32,1,workload,gnmt,rotation,gnmt,0ae6cf9e9d1abcead739380034582ae3ef00e59cafcb336887c73ddcbed50ab1,15730,15745,15738,0.05085823267640954,True
32,1,workload,gnmt,rotation,gnmt,9e08f9afc61502c69e35c89ef94908ea8360cd4dbc2dc69f5f397e9f9dc2b0b4,15730,15745,15729,-0.006357279084556744,True
32,1,workload,gnmt,rotation,gnmt,887e6852c176ec486358be4d0febf877048ccf8970de2bfd7833b88d822ae642,15730,15745,15729,-0.006357279084556744,True
32,1,workload,gnmt,rotation,gnmt,56809cc653f505e2c66c9024ab92302f41a638309c4244d5903f72e473864527,15730,15745,15731,0.006357279084556744,True
32,1,workload,gnmt,reflection,gnmt,2d48458bffb1ccb03f97849d25c2d7ecde91a59c981992efd56fca6f57d0a414,15730,15745,15730,0.0,True
32,1,workload,gnmt,reflection,gnmt,0ae6cf9e9d1abcead739380034582ae3ef00e59cafcb336887c73ddcbed50ab1,15730,15745,15738,0.05085823267640954,True
32,1,workload,gnmt,reflection,gnmt,9e08f9afc61502c69e35c89ef94908ea8360cd4dbc2dc69f5f397e9f9dc2b0b4,15730,15745,15729,-0.006357279084556744,True
32,1,workload,gnmt,reflection,gnmt,887e6852c176ec486358be4d0febf877048ccf8970de2bfd7833b88d822ae642,15730,15745,15729,-0.006357279084556744,True
32,1,workload,gnmt,reflection,gnmt,56809cc653f505e2c66c9024ab92302f41a638309c4244d5903f72e473864527,15730,15745,15731,0.006357279084556744,True
32,1,workload,lstm,rotation,lstm,b922596fbe13fe439689d9dc76ebf29e15f398c3c00789a5b8ea56dec12b2715,15714,15729,15714,0.0,True
32,1,workload,lstm,rotation,lstm,9e8fda598ae1ff535ca81d3a872d4b0ccaa6da4a102a64ca20ff0dd01f4d39f8,15714,15729,15722,0.050910016545757664,True
32,1,workload,lstm,rotation,lstm,4ca20c0e8cda27d9d4ac81dc43e10d1c23621336bee84d42ee98003c62991dbe,15714,15729,15723,0.057273768613974596,True
32,1,workload,lstm,rotation,lstm,b7f9b7f31f069cb748b2718f91617f5a8d1e7ee7394e8096524749ea29130250,15714,15729,15714,0.0,True
32,1,workload,lstm,rotation,lstm,80d0fbb13a2c8bd7c20a5910ffd85821b1f7007a8435cb91ca7c77acfdb0b5f4,15714,15729,15714,0.0,True
32,1,workload,lstm,reflection,lstm,b922596fbe13fe439689d9dc76ebf29e15f398c3c00789a5b8ea56dec12b2715,15714,15729,15714,0.0,True
32,1,workload,lstm,reflection,lstm,9e8fda598ae1ff535ca81d3a872d4b0ccaa6da4a102a64ca20ff0dd01f4d39f8,15714,15729,15722,0.050910016545757664,True
32,1,workload,lstm,reflection,lstm,4ca20c0e8cda27d9d4ac81dc43e10d1c23621336bee84d42ee98003c62991dbe,15714,15729,15723,0.057273768613974596,True
32,1,workload,lstm,reflection,lstm,b7f9b7f31f069cb748b2718f91617f5a8d1e7ee7394e8096524749ea29130250,15714,15729,15714,0.0,True
32,1,workload,lstm,reflection,lstm,80d0fbb13a2c8bd7c20a5910ffd85821b1f7007a8435cb91ca7c77acfdb0b5f4,15714,15729,15714,0.0,True
32,1,workload,transformer,rotation,transformer,fbc7c109f7ccff07f4ed978ddfca0fbfbe4263713642f587aa31da0ec0e344d8,1749504,1751253,1749504,0.0,True
32,1,workload,transformer,rotation,transformer,c1a798a73ad6d9617f54543bd7775775dd84736e11316a39b4350e75903250e6,1749504,1751253,1751008,0.08596722270997059,True
32,1,workload,transformer,rotation,transformer,3438340e3c6d71cccfc7f414735697c1611018e642706b4f11baa27b30ee56eb,1749504,1751253,1751008,0.08596722270997059,True
32,1,workload,transformer,rotation,transformer,669a766d2ded8f853bbdfe258c5397c41850ed744a5c53529ea0a52a454207ea,1749504,1751253,1751008,0.08596722270997059,True
32,1,workload,transformer,rotation,transformer,282f08c1310b750bd811cb778b971bdfc09b6537b956f6f6d4ed829c81221b2e,1749504,1751253,1751008,0.08596722270997059,True
32,1,workload,transformer,reflection,transformer,fbc7c109f7ccff07f4ed978ddfca0fbfbe4263713642f587aa31da0ec0e344d8,1749504,1751253,1749504,0.0,True
32,1,workload,transformer,reflection,transformer,c1a798a73ad6d9617f54543bd7775775dd84736e11316a39b4350e75903250e6,1749504,1751253,1751008,0.08596722270997059,True
32,1,workload,transformer,reflection,transformer,3438340e3c6d71cccfc7f414735697c1611018e642706b4f11baa27b30ee56eb,1749504,1751253,1751008,0.08596722270997059,True
32,1,workload,transformer,reflection,transformer,669a766d2ded8f853bbdfe258c5397c41850ed744a5c53529ea0a52a454207ea,1749504,1751253,1751008,0.08596722270997059,True
32,1,workload,transformer,reflection,transformer,282f08c1310b750bd811cb778b971bdfc09b6537b956f6f6d4ed829c81221b2e,1749504,1751253,1751008,0.08596722270997059,True
32,1,workload,transformer_cell,rotation,transformer_cell,1389c48d0bf13fb810a27a3b6a5be0f329b169d2c8f350a4651d1b0da070754b,305664,305969,305664,0.0,True
32,1,workload,transformer_cell,rotation,transformer_cell,1daa1d99f1eafb74198dc6c2bb1049d5efa017e6900b92b3589127741081d460,305664,305969,305824,0.05234505862645733,True
32,1,workload,transformer_cell,rotation,transformer_cell,6e9b6b2e4da9197e17b2b59a7c2d55cbbc66fde04de19331a3006019db5f7d0c,305664,305969,305728,0.02093802345057849,True
32,1,workload,transformer_cell,rotation,transformer_cell,032e027c014ed90d4988a09c69566a13b83468537eec775f1812bbf71a4e3da9,305664,305969,305792,0.04187604690117919,True
32,1,workload,transformer_cell,rotation,transformer_cell,19d60560b27d9607ae2227583e5868351cf858d0183e9d73414b52532677f328,305664,305969,305792,0.04187604690117919,True
32,1,workload,transformer_cell,reflection,transformer_cell,1389c48d0bf13fb810a27a3b6a5be0f329b169d2c8f350a4651d1b0da070754b,305664,305969,305664,0.0,True
32,1,workload,transformer_cell,reflection,transformer_cell,1daa1d99f1eafb74198dc6c2bb1049d5efa017e6900b92b3589127741081d460,305664,305969,305824,0.05234505862645733,True
32,1,workload,transformer_cell,reflection,transformer_cell,6e9b6b2e4da9197e17b2b59a7c2d55cbbc66fde04de19331a3006019db5f7d0c,305664,305969,305728,0.02093802345057849,True
32,1,workload,transformer_cell,reflection,transformer_cell,032e027c014ed90d4988a09c69566a13b83468537eec775f1812bbf71a4e3da9,305664,305969,305792,0.04187604690117919,True
32,1,workload,transformer_cell,reflection,transformer_cell,19d60560b27d9607ae2227583e5868351cf858d0183e9d73414b52532677f328,305664,305969,305792,0.04187604690117919,True
32,1,workload,pnasnet,rotation,pnasnet,33461db4219d9a125d97e9d3fbee769eefccff58026f32491d6b610973bdf6d3,2464435,2466899,2464437,8.11545039836048e-05,True
32,1,workload,pnasnet,rotation,pnasnet,6216c2508eda50bb07d5b59c9001e277ccfb0dd7ff908585ca30f94d7cb724bc,2464435,2466899,2461911,-0.1024169840145861,True
32,1,workload,pnasnet,rotation,pnasnet,40579f7df14f32a63baea3c2a539f5d8404c6a2b3edfe363cdb5e7b47e54ad02,2464435,2466899,2465571,0.046095758256958774,True
32,1,workload,pnasnet,rotation,pnasnet,fbb1eb1232eeab5d7a846d8b1cdb39c698c4e085fd403a48abb1b0d00ff631f3,2464435,2466899,2466873,0.09892734034373518,True
32,1,workload,pnasnet,rotation,pnasnet,b5f5c7d59675d1b72bd991c57012098ea882228b86d50d855f5c75c85ee2f4fc,2464435,2466899,2465124,0.027957726618876855,True
32,1,workload,pnasnet,reflection,pnasnet,33461db4219d9a125d97e9d3fbee769eefccff58026f32491d6b610973bdf6d3,2464435,2466899,2464437,8.11545039836048e-05,True
32,1,workload,pnasnet,reflection,pnasnet,6216c2508eda50bb07d5b59c9001e277ccfb0dd7ff908585ca30f94d7cb724bc,2464435,2466899,2461911,-0.1024169840145861,True
32,1,workload,pnasnet,reflection,pnasnet,40579f7df14f32a63baea3c2a539f5d8404c6a2b3edfe363cdb5e7b47e54ad02,2464435,2466899,2465571,0.046095758256958774,True
32,1,workload,pnasnet,reflection,pnasnet,fbb1eb1232eeab5d7a846d8b1cdb39c698c4e085fd403a48abb1b0d00ff631f3,2464435,2466899,2466873,0.09892734034373518,True
32,1,workload,pnasnet,reflection,pnasnet,b5f5c7d59675d1b72bd991c57012098ea882228b86d50d855f5c75c85ee2f4fc,2464435,2466899,2465124,0.027957726618876855,True
32,1,workload,resnext50,rotation,resnext50,b0c5d6b16fdd501a6a6915f0c860383549f3b5202bb2675760b1814bc42a8ae5,146009,146155,146016,0.004794225013515785,True
32,1,workload,resnext50,reflection,resnext50,b0c5d6b16fdd501a6a6915f0c860383549f3b5202bb2675760b1814bc42a8ae5,146009,146155,146148,0.09519961098287677,True
32,1,workload,resnet152,rotation,resnet152,55876885fae274c5b4e0d4a06a2c23ec34da7b0d90519f08c8faccd857767c83,723083,723806,723090,0.0009680769704090153,True
32,1,workload,resnet152,rotation,resnet152,dd8be1999129f89df61910b95db5d77e6c146a842ebb411e6507c667d6f86d5c,723083,723806,723538,0.0629250030770967,True
32,1,workload,resnet152,rotation,resnet152,867c310a6864453df915826eb73614ea505e17b90209453e97ba84ff21484736,723083,723806,723658,0.07952060828424479,True
32,1,workload,resnet152,rotation,resnet152,f80ac283a13b8cca288acea83f92d5b99a83a5cabc50253aa87da77f8483b649,723083,723806,723090,0.0009680769704090153,True
32,1,workload,resnet152,reflection,resnet152,55876885fae274c5b4e0d4a06a2c23ec34da7b0d90519f08c8faccd857767c83,723083,723806,723222,0.019223242698274134,True
32,1,workload,resnet152,reflection,resnet152,dd8be1999129f89df61910b95db5d77e6c146a842ebb411e6507c667d6f86d5c,723083,723806,723670,0.08118016880496182,True
32,1,workload,resnet152,reflection,resnet152,867c310a6864453df915826eb73614ea505e17b90209453e97ba84ff21484736,723083,723806,723790,0.0977757740121099,True
32,1,workload,resnet152,reflection,resnet152,f80ac283a13b8cca288acea83f92d5b99a83a5cabc50253aa87da77f8483b649,723083,723806,723222,0.019223242698274134,True
32,1,workload,bert_block,rotation,bert_block,151f284cda79f191b443927a88daec03b8a7228cb8a1c1c6670f2ed8a063b195,334848,335182,334848,0.0,True
32,1,workload,bert_block,rotation,bert_block,663b7cc007b4eac34f7b668eb3bb32b0f4c77fad044dbcbebb399e673150091e,334848,335182,334976,0.03822629969418845,True
32,1,workload,bert_block,rotation,bert_block,f9303914fc3eda4ee9190947e49ddf5c9dc78224df76cea07e6b1f78a8cf610f,334848,335182,334976,0.03822629969418845,True
32,1,workload,bert_block,rotation,bert_block,9759b00fa266f20ec03a8760a026a6ab4204db693caae7593d97a5c7894fb5f1,334848,335182,335072,0.06689602446483534,True
32,1,workload,bert_block,rotation,bert_block,57af1e281634ba2613182f1ab5c9640debe3bec97db2c8ac428450f6a43eed25,334848,335182,335072,0.06689602446483534,True
32,1,workload,bert_block,reflection,bert_block,151f284cda79f191b443927a88daec03b8a7228cb8a1c1c6670f2ed8a063b195,334848,335182,334848,0.0,True
32,1,workload,bert_block,reflection,bert_block,663b7cc007b4eac34f7b668eb3bb32b0f4c77fad044dbcbebb399e673150091e,334848,335182,334976,0.03822629969418845,True
32,1,workload,bert_block,reflection,bert_block,f9303914fc3eda4ee9190947e49ddf5c9dc78224df76cea07e6b1f78a8cf610f,334848,335182,334976,0.03822629969418845,True
32,1,workload,bert_block,reflection,bert_block,9759b00fa266f20ec03a8760a026a6ab4204db693caae7593d97a5c7894fb5f1,334848,335182,335072,0.06689602446483534,True
32,1,workload,bert_block,reflection,bert_block,57af1e281634ba2613182f1ab5c9640debe3bec97db2c8ac428450f6a43eed25,334848,335182,335072,0.06689602446483534,True
32,1,workload,gpt_prefill_block,rotation,gpt_prefill_block,fc1ff0dbd9d639580dae2e0797a8e66faaa14c98ee6ca4e4276f32cc79946461,638400,639038,638400,0.0,True
32,1,workload,gpt_prefill_block,rotation,gpt_prefill_block,ed25e65973ceb042f8644bb1961c2df63e11e0f30b0b0cfcc42f6f0445eb60ed,638400,639038,638900,0.07832080200500524,True
32,1,workload,gpt_prefill_block,rotation,gpt_prefill_block,1c7d65e54b31379124cde495f9d0e8a45684f236669fe005f6c66561eca892d1,638400,639038,638600,0.03132832080201542,True
32,1,workload,gpt_prefill_block,rotation,gpt_prefill_block,d11237a2fbd49241cc8632c89f07436740f2a65e808fa0dc6ceae0e960f1b2e6,638400,639038,638768,0.05764411027568972,True
32,1,workload,gpt_prefill_block,rotation,gpt_prefill_block,c6df65fbe437180a265d2024c48c43fdac9883eb63ced09b962551f997ad96e2,638400,639038,638768,0.05764411027568972,True
32,1,workload,gpt_prefill_block,reflection,gpt_prefill_block,fc1ff0dbd9d639580dae2e0797a8e66faaa14c98ee6ca4e4276f32cc79946461,638400,639038,638400,0.0,True
32,1,workload,gpt_prefill_block,reflection,gpt_prefill_block,ed25e65973ceb042f8644bb1961c2df63e11e0f30b0b0cfcc42f6f0445eb60ed,638400,639038,638900,0.07832080200500524,True
32,1,workload,gpt_prefill_block,reflection,gpt_prefill_block,1c7d65e54b31379124cde495f9d0e8a45684f236669fe005f6c66561eca892d1,638400,639038,638600,0.03132832080201542,True
32,1,workload,gpt_prefill_block,reflection,gpt_prefill_block,d11237a2fbd49241cc8632c89f07436740f2a65e808fa0dc6ceae0e960f1b2e6,638400,639038,638768,0.05764411027568972,True
32,1,workload,gpt_prefill_block,reflection,gpt_prefill_block,c6df65fbe437180a265d2024c48c43fdac9883eb63ced09b962551f997ad96e2,638400,639038,638768,0.05764411027568972,True
32,1,workload,gpt_decode_block,rotation,gpt_decode_block,4b274ed7b0b12e6b07c0af48777fd1efc53d4c9418e9b9879410142712bda49e,8242,8250,6733,-18.308662945886923,True
32,1,workload,gpt_decode_block,rotation,gpt_decode_block,31d2959a40468205c0033afa86cd3c34c45a7c498948f00e050dcdec2ba427ab,8242,8250,8207,-0.4246542101431716,True
32,1,workload,gpt_decode_block,rotation,gpt_decode_block,28ec1d47d076f4950a995ec49ab294357d0c16fb1f07222aee5dd7a5735d93b0,8242,8250,8156,-1.0434360592089353,True
32,1,workload,gpt_decode_block,rotation,gpt_decode_block,84f91f4f3b24590ec7ba7955258fce6907df4e51a52addbb35f5d96b8745d3d1,8242,8250,7711,-6.442611016743505,True
32,1,workload,gpt_decode_block,rotation,gpt_decode_block,f2c8cd1a738617af513dc7fb1811b7307ba6ae699fcc3abb57ad14fba75761b3,8242,8250,8054,-2.2809997573404517,True
32,1,workload,gpt_decode_block,reflection,gpt_decode_block,4b274ed7b0b12e6b07c0af48777fd1efc53d4c9418e9b9879410142712bda49e,8242,8250,6733,-18.308662945886923,True
32,1,workload,gpt_decode_block,reflection,gpt_decode_block,31d2959a40468205c0033afa86cd3c34c45a7c498948f00e050dcdec2ba427ab,8242,8250,8207,-0.4246542101431716,True
32,1,workload,gpt_decode_block,reflection,gpt_decode_block,28ec1d47d076f4950a995ec49ab294357d0c16fb1f07222aee5dd7a5735d93b0,8242,8250,8156,-1.0434360592089353,True
32,1,workload,gpt_decode_block,reflection,gpt_decode_block,84f91f4f3b24590ec7ba7955258fce6907df4e51a52addbb35f5d96b8745d3d1,8242,8250,7711,-6.442611016743505,True
32,1,workload,gpt_decode_block,reflection,gpt_decode_block,f2c8cd1a738617af513dc7fb1811b7307ba6ae699fcc3abb57ad14fba75761b3,8242,8250,8054,-2.2809997573404517,True
32,1,group,CNN,rotation,darknet19,b36066763db9e0b8f9ca4bcd3ff72b7c59853ce788459bee73b8e0acb58420f5,174839,175013,174839,0.0,True
32,1,group,CNN,rotation,darknet19,287434c489f258c119aac03a1bb81fbe0571b0a7b91b8b1cf651e8b07c6a3336,174839,175013,174839,0.0,True
32,1,group,CNN,rotation,darknet19,fd42a78be11ebd7c9dbc78d82ef02c9dcc242569d037ba8982363834180bb9a0,174839,175013,174839,0.0,True
32,1,group,CNN,rotation,darknet19,1316315c273bd32ad48c642b1ab2397f82c532901e9ea23b03b5de7651ae1a06,174839,175013,174839,0.0,True
32,1,group,CNN,rotation,darknet19,992f3675a84e92556ce5f4089d1d11c089c1e04f127dba0026364c4fd27f216c,174839,175013,174839,0.0,True
32,1,group,CNN,rotation,vgg19,faeacdc744b2d16b4412b85a5cc334baa351140de70947c1f8be3694e5c82c32,1198442,1199640,1198442,0.0,True
32,1,group,CNN,rotation,vgg19,5fdb8711506d5983a4aeb99e95cfc98c0a534c1625e8b7ee01d00157e29d3249,1198442,1199640,1198638,0.016354567012832888,True
32,1,group,CNN,rotation,vgg19,9403569b046f98388a6f6a756d9d141a25ff664227e85d426ecfa4625aca0a75,1198442,1199640,1198638,0.016354567012832888,True
32,1,group,CNN,rotation,vgg19,72d04acf2ca42406da00c6cb7dc0afed66e1d4cd96a5fb69fd8e8e6a1a2ffec1,1198442,1199640,1198540,0.008177283506416444,True
32,1,group,CNN,rotation,vgg19,a6d47f04032447e234596ff84b5a8d9f2eb4d2b51671f4a88f2aac7566f19243,1198442,1199640,1198540,0.008177283506416444,True
32,1,group,CNN,rotation,resnet50,d96e3260ff51011ee1995d4e02543c8dd51a5fbe6b1af968e3918b52e8022928,255035,255290,255035,0.0,True
32,1,group,CNN,rotation,resnet50,eb734d5fa3f9e367c6158cf886a4547f8e2876d7f68bef01d7829d1168a80870,255035,255290,255155,0.04705236536162172,True
32,1,group,CNN,rotation,resnet50,ed67e1831b6515010fba8bb1d9acb31f2d1a78148c43f0dd3e06dd0d6b02ac21,255035,255290,255259,0.08783108200836054,True
32,1,group,CNN,rotation,googlenet,d252fa0a884c7cae000966890b22c1109d39275e5dae6fddfe3409023aee4ce1,117624,117741,117624,0.0,True
32,1,group,CNN,rotation,googlenet,84888e7c3d687f919018a6734e16df19cf6d1f3590179401892b01956661505a,117624,117741,117728,0.08841732979663064,True
32,1,group,CNN,rotation,googlenet,55efc58d800037f60a5165fbf89a1dc8beba3ee1c610f8acf0673adeb92b2ab9,117624,117741,117570,-0.04590899816363514,True
32,1,group,CNN,rotation,googlenet,152ed2d94efedf7fc1b7429141feeb184199c94feef53d8db0bfaac4f317adf1,117624,117741,117570,-0.04590899816363514,True
32,1,group,CNN,rotation,googlenet,8e70abefea794043de47b17f970a2ea0d8ef410f4f15c3aed5a823d2bab65cc4,117624,117741,117568,-0.04760933142895496,True
32,1,group,CNN,rotation,resnet101,484c35927bde7ad16b7ecf3e03f92a6f92a2db7f56681b8e41264363e27d0216,488275,488763,488275,0.0,True
32,1,group,CNN,rotation,resnet101,ea12afc1a38173045881d63e6d2d8efa7040cddc643d07fb3d1a18434c0b0144,488275,488763,488723,0.09175157442016246,True
32,1,group,CNN,rotation,resnet101,abd0f5dd9e3ebe727ef78ffcb2fab64332ae4e725b9dd984be1fbc2113f2527c,488275,488763,488499,0.04587578721007013,True
32,1,group,CNN,rotation,densenet,333b72e0012aa388dcdae618d08f405a00630bab698d59b2fe0785c455a0bf91,187082,187269,187082,0.0,True
32,1,group,CNN,rotation,densenet,f0e66a07e1d64ef23ebc54fc2898bba1f6af17a6961d4be5d8d584900723efd9,187082,187269,187194,0.059866796378060805,True
32,1,group,CNN,rotation,densenet,364f1ca4e265557c99a8934fbfa48b84e098ea43ec27f56e060abdb81e67aad0,187082,187269,187158,0.04062389754224682,True
32,1,group,CNN,rotation,densenet,19482c01db52f2235549efdeaed4940c20fdf8a89590b91c2d340a1936b0e5ac,187082,187269,187158,0.04062389754224682,True
32,1,group,CNN,rotation,densenet,4b8def8336f053dc8be7116fc153445b99966c45ba213935d88f3a54428e6604,187082,187269,187231,0.0796442201815184,True
32,1,group,CNN,rotation,inception_resnet_v1,de0734c9cdaaec62d9fa0271d3035460f060275d3a11bc0ea5c6cbf77a26e265,428640,429068,428640,0.0,True
32,1,group,CNN,rotation,inception_resnet_v1,0a71c1fc43a1956998f62c2902b7b051c0228659943cc950e93beb3f19a9db68,428640,429068,428986,0.08072041806643782,True
32,1,group,CNN,rotation,inception_resnet_v1,580661fa27aeb527d87e61e476b26c8c6d580cce0afb0aa9bf405286bc916ef5,428640,429068,428912,0.06345651362449356,True
32,1,group,CNN,rotation,inception_resnet_v1,aacdaba3d4c03efc8db2d55d54333c3b50a547db00fd01c5bb600baf477a4ed1,428640,429068,428668,0.006532288167226952,True
32,1,group,CNN,rotation,inception_resnet_v1,58fe5e80308bc3931aeb578500c9940d9923f00242f6a00d19d04b1ba7ba1bc2,428640,429068,429034,0.09191862635311576,True
32,1,group,CNN,rotation,pnasnet,33461db4219d9a125d97e9d3fbee769eefccff58026f32491d6b610973bdf6d3,2464435,2466899,2464435,0.0,True
32,1,group,CNN,rotation,pnasnet,6216c2508eda50bb07d5b59c9001e277ccfb0dd7ff908585ca30f94d7cb724bc,2464435,2466899,2461909,-0.1024981385185697,True
32,1,group,CNN,rotation,pnasnet,40579f7df14f32a63baea3c2a539f5d8404c6a2b3edfe363cdb5e7b47e54ad02,2464435,2466899,2465569,0.046014603752997374,True
32,1,group,CNN,rotation,pnasnet,fbb1eb1232eeab5d7a846d8b1cdb39c698c4e085fd403a48abb1b0d00ff631f3,2464435,2466899,2466871,0.09884618583975158,True
32,1,group,CNN,rotation,pnasnet,b5f5c7d59675d1b72bd991c57012098ea882228b86d50d855f5c75c85ee2f4fc,2464435,2466899,2465119,0.02775484035895115,True
32,1,group,CNN,rotation,resnext50,b0c5d6b16fdd501a6a6915f0c860383549f3b5202bb2675760b1814bc42a8ae5,146009,146155,146009,0.0,True
32,1,group,CNN,rotation,resnet152,55876885fae274c5b4e0d4a06a2c23ec34da7b0d90519f08c8faccd857767c83,723083,723806,723083,0.0,True
32,1,group,CNN,rotation,resnet152,dd8be1999129f89df61910b95db5d77e6c146a842ebb411e6507c667d6f86d5c,723083,723806,723531,0.06195692610668768,True
32,1,group,CNN,rotation,resnet152,867c310a6864453df915826eb73614ea505e17b90209453e97ba84ff21484736,723083,723806,723651,0.07855253131383577,True
32,1,group,CNN,rotation,resnet152,f80ac283a13b8cca288acea83f92d5b99a83a5cabc50253aa87da77f8483b649,723083,723806,723083,0.0,True
32,1,group,CNN,reflection,darknet19,b36066763db9e0b8f9ca4bcd3ff72b7c59853ce788459bee73b8e0acb58420f5,174839,175013,174839,0.0,True
32,1,group,CNN,reflection,darknet19,287434c489f258c119aac03a1bb81fbe0571b0a7b91b8b1cf651e8b07c6a3336,174839,175013,174839,0.0,True
32,1,group,CNN,reflection,darknet19,fd42a78be11ebd7c9dbc78d82ef02c9dcc242569d037ba8982363834180bb9a0,174839,175013,174839,0.0,True
32,1,group,CNN,reflection,darknet19,1316315c273bd32ad48c642b1ab2397f82c532901e9ea23b03b5de7651ae1a06,174839,175013,174839,0.0,True
32,1,group,CNN,reflection,darknet19,992f3675a84e92556ce5f4089d1d11c089c1e04f127dba0026364c4fd27f216c,174839,175013,174839,0.0,True
32,1,group,CNN,reflection,vgg19,faeacdc744b2d16b4412b85a5cc334baa351140de70947c1f8be3694e5c82c32,1198442,1199640,1198442,0.0,True
32,1,group,CNN,reflection,vgg19,5fdb8711506d5983a4aeb99e95cfc98c0a534c1625e8b7ee01d00157e29d3249,1198442,1199640,1198638,0.016354567012832888,True
32,1,group,CNN,reflection,vgg19,9403569b046f98388a6f6a756d9d141a25ff664227e85d426ecfa4625aca0a75,1198442,1199640,1198638,0.016354567012832888,True
32,1,group,CNN,reflection,vgg19,72d04acf2ca42406da00c6cb7dc0afed66e1d4cd96a5fb69fd8e8e6a1a2ffec1,1198442,1199640,1198540,0.008177283506416444,True
32,1,group,CNN,reflection,vgg19,a6d47f04032447e234596ff84b5a8d9f2eb4d2b51671f4a88f2aac7566f19243,1198442,1199640,1198540,0.008177283506416444,True
32,1,group,CNN,reflection,resnet50,d96e3260ff51011ee1995d4e02543c8dd51a5fbe6b1af968e3918b52e8022928,255035,255290,255035,0.0,True
32,1,group,CNN,reflection,resnet50,eb734d5fa3f9e367c6158cf886a4547f8e2876d7f68bef01d7829d1168a80870,255035,255290,255155,0.04705236536162172,True
32,1,group,CNN,reflection,resnet50,ed67e1831b6515010fba8bb1d9acb31f2d1a78148c43f0dd3e06dd0d6b02ac21,255035,255290,255259,0.08783108200836054,True
32,1,group,CNN,reflection,googlenet,d252fa0a884c7cae000966890b22c1109d39275e5dae6fddfe3409023aee4ce1,117624,117741,117624,0.0,True
32,1,group,CNN,reflection,googlenet,84888e7c3d687f919018a6734e16df19cf6d1f3590179401892b01956661505a,117624,117741,117728,0.08841732979663064,True
32,1,group,CNN,reflection,googlenet,55efc58d800037f60a5165fbf89a1dc8beba3ee1c610f8acf0673adeb92b2ab9,117624,117741,117570,-0.04590899816363514,True
32,1,group,CNN,reflection,googlenet,152ed2d94efedf7fc1b7429141feeb184199c94feef53d8db0bfaac4f317adf1,117624,117741,117570,-0.04590899816363514,True
32,1,group,CNN,reflection,googlenet,8e70abefea794043de47b17f970a2ea0d8ef410f4f15c3aed5a823d2bab65cc4,117624,117741,117568,-0.04760933142895496,True
32,1,group,CNN,reflection,resnet101,484c35927bde7ad16b7ecf3e03f92a6f92a2db7f56681b8e41264363e27d0216,488275,488763,488275,0.0,True
32,1,group,CNN,reflection,resnet101,ea12afc1a38173045881d63e6d2d8efa7040cddc643d07fb3d1a18434c0b0144,488275,488763,488723,0.09175157442016246,True
32,1,group,CNN,reflection,resnet101,abd0f5dd9e3ebe727ef78ffcb2fab64332ae4e725b9dd984be1fbc2113f2527c,488275,488763,488499,0.04587578721007013,True
32,1,group,CNN,reflection,densenet,333b72e0012aa388dcdae618d08f405a00630bab698d59b2fe0785c455a0bf91,187082,187269,187082,0.0,True
32,1,group,CNN,reflection,densenet,f0e66a07e1d64ef23ebc54fc2898bba1f6af17a6961d4be5d8d584900723efd9,187082,187269,187194,0.059866796378060805,True
32,1,group,CNN,reflection,densenet,364f1ca4e265557c99a8934fbfa48b84e098ea43ec27f56e060abdb81e67aad0,187082,187269,187158,0.04062389754224682,True
32,1,group,CNN,reflection,densenet,19482c01db52f2235549efdeaed4940c20fdf8a89590b91c2d340a1936b0e5ac,187082,187269,187158,0.04062389754224682,True
32,1,group,CNN,reflection,densenet,4b8def8336f053dc8be7116fc153445b99966c45ba213935d88f3a54428e6604,187082,187269,187231,0.0796442201815184,True
32,1,group,CNN,reflection,inception_resnet_v1,de0734c9cdaaec62d9fa0271d3035460f060275d3a11bc0ea5c6cbf77a26e265,428640,429068,428640,0.0,True
32,1,group,CNN,reflection,inception_resnet_v1,0a71c1fc43a1956998f62c2902b7b051c0228659943cc950e93beb3f19a9db68,428640,429068,428998,0.08351997013811285,True
32,1,group,CNN,reflection,inception_resnet_v1,580661fa27aeb527d87e61e476b26c8c6d580cce0afb0aa9bf405286bc916ef5,428640,429068,428912,0.06345651362449356,True
32,1,group,CNN,reflection,inception_resnet_v1,aacdaba3d4c03efc8db2d55d54333c3b50a547db00fd01c5bb600baf477a4ed1,428640,429068,428668,0.006532288167226952,True
32,1,group,CNN,reflection,inception_resnet_v1,58fe5e80308bc3931aeb578500c9940d9923f00242f6a00d19d04b1ba7ba1bc2,428640,429068,429034,0.09191862635311576,True
32,1,group,CNN,reflection,pnasnet,33461db4219d9a125d97e9d3fbee769eefccff58026f32491d6b610973bdf6d3,2464435,2466899,2464435,0.0,True
32,1,group,CNN,reflection,pnasnet,6216c2508eda50bb07d5b59c9001e277ccfb0dd7ff908585ca30f94d7cb724bc,2464435,2466899,2461909,-0.1024981385185697,True
32,1,group,CNN,reflection,pnasnet,40579f7df14f32a63baea3c2a539f5d8404c6a2b3edfe363cdb5e7b47e54ad02,2464435,2466899,2465569,0.046014603752997374,True
32,1,group,CNN,reflection,pnasnet,fbb1eb1232eeab5d7a846d8b1cdb39c698c4e085fd403a48abb1b0d00ff631f3,2464435,2466899,2466871,0.09884618583975158,True
32,1,group,CNN,reflection,pnasnet,b5f5c7d59675d1b72bd991c57012098ea882228b86d50d855f5c75c85ee2f4fc,2464435,2466899,2465119,0.02775484035895115,True
32,1,group,CNN,reflection,resnext50,b0c5d6b16fdd501a6a6915f0c860383549f3b5202bb2675760b1814bc42a8ae5,146009,146155,146009,0.0,True
32,1,group,CNN,reflection,resnet152,55876885fae274c5b4e0d4a06a2c23ec34da7b0d90519f08c8faccd857767c83,723083,723806,723083,0.0,True
32,1,group,CNN,reflection,resnet152,dd8be1999129f89df61910b95db5d77e6c146a842ebb411e6507c667d6f86d5c,723083,723806,723531,0.06195692610668768,True
32,1,group,CNN,reflection,resnet152,867c310a6864453df915826eb73614ea505e17b90209453e97ba84ff21484736,723083,723806,723651,0.07855253131383577,True
32,1,group,CNN,reflection,resnet152,f80ac283a13b8cca288acea83f92d5b99a83a5cabc50253aa87da77f8483b649,723083,723806,723083,0.0,True
32,1,group,RNN,rotation,gnmt,2d48458bffb1ccb03f97849d25c2d7ecde91a59c981992efd56fca6f57d0a414,15730,15745,15730,0.0,True
32,1,group,RNN,rotation,gnmt,0ae6cf9e9d1abcead739380034582ae3ef00e59cafcb336887c73ddcbed50ab1,15730,15745,15738,0.05085823267640954,True
32,1,group,RNN,rotation,gnmt,9e08f9afc61502c69e35c89ef94908ea8360cd4dbc2dc69f5f397e9f9dc2b0b4,15730,15745,15729,-0.006357279084556744,True
32,1,group,RNN,rotation,gnmt,887e6852c176ec486358be4d0febf877048ccf8970de2bfd7833b88d822ae642,15730,15745,15729,-0.006357279084556744,True
32,1,group,RNN,rotation,gnmt,56809cc653f505e2c66c9024ab92302f41a638309c4244d5903f72e473864527,15730,15745,15731,0.006357279084556744,True
32,1,group,RNN,rotation,lstm,b922596fbe13fe439689d9dc76ebf29e15f398c3c00789a5b8ea56dec12b2715,15714,15729,15714,0.0,True
32,1,group,RNN,rotation,lstm,9e8fda598ae1ff535ca81d3a872d4b0ccaa6da4a102a64ca20ff0dd01f4d39f8,15714,15729,15722,0.050910016545757664,True
32,1,group,RNN,rotation,lstm,4ca20c0e8cda27d9d4ac81dc43e10d1c23621336bee84d42ee98003c62991dbe,15714,15729,15713,-0.006363752068216932,True
32,1,group,RNN,rotation,lstm,b7f9b7f31f069cb748b2718f91617f5a8d1e7ee7394e8096524749ea29130250,15714,15729,15714,0.0,True
32,1,group,RNN,rotation,lstm,80d0fbb13a2c8bd7c20a5910ffd85821b1f7007a8435cb91ca7c77acfdb0b5f4,15714,15729,15714,0.0,True
32,1,group,RNN,reflection,gnmt,2d48458bffb1ccb03f97849d25c2d7ecde91a59c981992efd56fca6f57d0a414,15730,15745,15730,0.0,True
32,1,group,RNN,reflection,gnmt,0ae6cf9e9d1abcead739380034582ae3ef00e59cafcb336887c73ddcbed50ab1,15730,15745,15738,0.05085823267640954,True
32,1,group,RNN,reflection,gnmt,9e08f9afc61502c69e35c89ef94908ea8360cd4dbc2dc69f5f397e9f9dc2b0b4,15730,15745,15729,-0.006357279084556744,True
32,1,group,RNN,reflection,gnmt,887e6852c176ec486358be4d0febf877048ccf8970de2bfd7833b88d822ae642,15730,15745,15729,-0.006357279084556744,True
32,1,group,RNN,reflection,gnmt,56809cc653f505e2c66c9024ab92302f41a638309c4244d5903f72e473864527,15730,15745,15731,0.006357279084556744,True
32,1,group,RNN,reflection,lstm,b922596fbe13fe439689d9dc76ebf29e15f398c3c00789a5b8ea56dec12b2715,15714,15729,15714,0.0,True
32,1,group,RNN,reflection,lstm,9e8fda598ae1ff535ca81d3a872d4b0ccaa6da4a102a64ca20ff0dd01f4d39f8,15714,15729,15722,0.050910016545757664,True
32,1,group,RNN,reflection,lstm,4ca20c0e8cda27d9d4ac81dc43e10d1c23621336bee84d42ee98003c62991dbe,15714,15729,15723,0.057273768613974596,True
32,1,group,RNN,reflection,lstm,b7f9b7f31f069cb748b2718f91617f5a8d1e7ee7394e8096524749ea29130250,15714,15729,15714,0.0,True
32,1,group,RNN,reflection,lstm,80d0fbb13a2c8bd7c20a5910ffd85821b1f7007a8435cb91ca7c77acfdb0b5f4,15714,15729,15714,0.0,True
32,1,group,Transformer,rotation,transformer,fbc7c109f7ccff07f4ed978ddfca0fbfbe4263713642f587aa31da0ec0e344d8,1749504,1751253,1749504,0.0,True
32,1,group,Transformer,rotation,transformer,c1a798a73ad6d9617f54543bd7775775dd84736e11316a39b4350e75903250e6,1749504,1751253,1750752,0.07133450395082619,True
32,1,group,Transformer,rotation,transformer,3438340e3c6d71cccfc7f414735697c1611018e642706b4f11baa27b30ee56eb,1749504,1751253,1750752,0.07133450395082619,True
32,1,group,Transformer,rotation,transformer,669a766d2ded8f853bbdfe258c5397c41850ed744a5c53529ea0a52a454207ea,1749504,1751253,1750752,0.07133450395082619,True
32,1,group,Transformer,rotation,transformer,282f08c1310b750bd811cb778b971bdfc09b6537b956f6f6d4ed829c81221b2e,1749504,1751253,1750752,0.07133450395082619,True
32,1,group,Transformer,rotation,transformer_cell,1389c48d0bf13fb810a27a3b6a5be0f329b169d2c8f350a4651d1b0da070754b,305664,305969,305664,0.0,True
32,1,group,Transformer,rotation,transformer_cell,1daa1d99f1eafb74198dc6c2bb1049d5efa017e6900b92b3589127741081d460,305664,305969,305728,0.02093802345057849,True
32,1,group,Transformer,rotation,transformer_cell,6e9b6b2e4da9197e17b2b59a7c2d55cbbc66fde04de19331a3006019db5f7d0c,305664,305969,305728,0.02093802345057849,True
32,1,group,Transformer,rotation,transformer_cell,032e027c014ed90d4988a09c69566a13b83468537eec775f1812bbf71a4e3da9,305664,305969,305792,0.04187604690117919,True
32,1,group,Transformer,rotation,transformer_cell,19d60560b27d9607ae2227583e5868351cf858d0183e9d73414b52532677f328,305664,305969,305792,0.04187604690117919,True
32,1,group,Transformer,rotation,bert_block,151f284cda79f191b443927a88daec03b8a7228cb8a1c1c6670f2ed8a063b195,334848,335182,334848,0.0,True
32,1,group,Transformer,rotation,bert_block,663b7cc007b4eac34f7b668eb3bb32b0f4c77fad044dbcbebb399e673150091e,334848,335182,334976,0.03822629969418845,True
32,1,group,Transformer,rotation,bert_block,f9303914fc3eda4ee9190947e49ddf5c9dc78224df76cea07e6b1f78a8cf610f,334848,335182,334976,0.03822629969418845,True
32,1,group,Transformer,rotation,bert_block,9759b00fa266f20ec03a8760a026a6ab4204db693caae7593d97a5c7894fb5f1,334848,335182,335072,0.06689602446483534,True
32,1,group,Transformer,rotation,bert_block,57af1e281634ba2613182f1ab5c9640debe3bec97db2c8ac428450f6a43eed25,334848,335182,335072,0.06689602446483534,True
32,1,group,Transformer,rotation,gpt_prefill_block,fc1ff0dbd9d639580dae2e0797a8e66faaa14c98ee6ca4e4276f32cc79946461,638400,639038,638400,0.0,True
32,1,group,Transformer,rotation,gpt_prefill_block,ed25e65973ceb042f8644bb1961c2df63e11e0f30b0b0cfcc42f6f0445eb60ed,638400,639038,638600,0.03132832080201542,True
32,1,group,Transformer,rotation,gpt_prefill_block,1c7d65e54b31379124cde495f9d0e8a45684f236669fe005f6c66561eca892d1,638400,639038,638600,0.03132832080201542,True
32,1,group,Transformer,rotation,gpt_prefill_block,d11237a2fbd49241cc8632c89f07436740f2a65e808fa0dc6ceae0e960f1b2e6,638400,639038,638768,0.05764411027568972,True
32,1,group,Transformer,rotation,gpt_prefill_block,c6df65fbe437180a265d2024c48c43fdac9883eb63ced09b962551f997ad96e2,638400,639038,638768,0.05764411027568972,True
32,1,group,Transformer,rotation,gpt_decode_block,4b274ed7b0b12e6b07c0af48777fd1efc53d4c9418e9b9879410142712bda49e,8242,8250,6733,-18.308662945886923,True
32,1,group,Transformer,rotation,gpt_decode_block,31d2959a40468205c0033afa86cd3c34c45a7c498948f00e050dcdec2ba427ab,8242,8250,8207,-0.4246542101431716,True
32,1,group,Transformer,rotation,gpt_decode_block,28ec1d47d076f4950a995ec49ab294357d0c16fb1f07222aee5dd7a5735d93b0,8242,8250,8156,-1.0434360592089353,True
32,1,group,Transformer,rotation,gpt_decode_block,84f91f4f3b24590ec7ba7955258fce6907df4e51a52addbb35f5d96b8745d3d1,8242,8250,7711,-6.442611016743505,True
32,1,group,Transformer,rotation,gpt_decode_block,f2c8cd1a738617af513dc7fb1811b7307ba6ae699fcc3abb57ad14fba75761b3,8242,8250,8054,-2.2809997573404517,True
32,1,group,Transformer,reflection,transformer,fbc7c109f7ccff07f4ed978ddfca0fbfbe4263713642f587aa31da0ec0e344d8,1749504,1751253,1749504,0.0,True
32,1,group,Transformer,reflection,transformer,c1a798a73ad6d9617f54543bd7775775dd84736e11316a39b4350e75903250e6,1749504,1751253,1750752,0.07133450395082619,True
32,1,group,Transformer,reflection,transformer,3438340e3c6d71cccfc7f414735697c1611018e642706b4f11baa27b30ee56eb,1749504,1751253,1750752,0.07133450395082619,True
32,1,group,Transformer,reflection,transformer,669a766d2ded8f853bbdfe258c5397c41850ed744a5c53529ea0a52a454207ea,1749504,1751253,1750752,0.07133450395082619,True
32,1,group,Transformer,reflection,transformer,282f08c1310b750bd811cb778b971bdfc09b6537b956f6f6d4ed829c81221b2e,1749504,1751253,1750752,0.07133450395082619,True
32,1,group,Transformer,reflection,transformer_cell,1389c48d0bf13fb810a27a3b6a5be0f329b169d2c8f350a4651d1b0da070754b,305664,305969,305664,0.0,True
32,1,group,Transformer,reflection,transformer_cell,1daa1d99f1eafb74198dc6c2bb1049d5efa017e6900b92b3589127741081d460,305664,305969,305728,0.02093802345057849,True
32,1,group,Transformer,reflection,transformer_cell,6e9b6b2e4da9197e17b2b59a7c2d55cbbc66fde04de19331a3006019db5f7d0c,305664,305969,305728,0.02093802345057849,True
32,1,group,Transformer,reflection,transformer_cell,032e027c014ed90d4988a09c69566a13b83468537eec775f1812bbf71a4e3da9,305664,305969,305792,0.04187604690117919,True
32,1,group,Transformer,reflection,transformer_cell,19d60560b27d9607ae2227583e5868351cf858d0183e9d73414b52532677f328,305664,305969,305792,0.04187604690117919,True
32,1,group,Transformer,reflection,bert_block,151f284cda79f191b443927a88daec03b8a7228cb8a1c1c6670f2ed8a063b195,334848,335182,334848,0.0,True
32,1,group,Transformer,reflection,bert_block,663b7cc007b4eac34f7b668eb3bb32b0f4c77fad044dbcbebb399e673150091e,334848,335182,334976,0.03822629969418845,True
32,1,group,Transformer,reflection,bert_block,f9303914fc3eda4ee9190947e49ddf5c9dc78224df76cea07e6b1f78a8cf610f,334848,335182,334976,0.03822629969418845,True
32,1,group,Transformer,reflection,bert_block,9759b00fa266f20ec03a8760a026a6ab4204db693caae7593d97a5c7894fb5f1,334848,335182,335072,0.06689602446483534,True
32,1,group,Transformer,reflection,bert_block,57af1e281634ba2613182f1ab5c9640debe3bec97db2c8ac428450f6a43eed25,334848,335182,335072,0.06689602446483534,True
32,1,group,Transformer,reflection,gpt_prefill_block,fc1ff0dbd9d639580dae2e0797a8e66faaa14c98ee6ca4e4276f32cc79946461,638400,639038,638400,0.0,True
32,1,group,Transformer,reflection,gpt_prefill_block,ed25e65973ceb042f8644bb1961c2df63e11e0f30b0b0cfcc42f6f0445eb60ed,638400,639038,638600,0.03132832080201542,True
32,1,group,Transformer,reflection,gpt_prefill_block,1c7d65e54b31379124cde495f9d0e8a45684f236669fe005f6c66561eca892d1,638400,639038,638600,0.03132832080201542,True
32,1,group,Transformer,reflection,gpt_prefill_block,d11237a2fbd49241cc8632c89f07436740f2a65e808fa0dc6ceae0e960f1b2e6,638400,639038,638768,0.05764411027568972,True
32,1,group,Transformer,reflection,gpt_prefill_block,c6df65fbe437180a265d2024c48c43fdac9883eb63ced09b962551f997ad96e2,638400,639038,638768,0.05764411027568972,True
32,1,group,Transformer,reflection,gpt_decode_block,4b274ed7b0b12e6b07c0af48777fd1efc53d4c9418e9b9879410142712bda49e,8242,8250,6733,-18.308662945886923,True
32,1,group,Transformer,reflection,gpt_decode_block,31d2959a40468205c0033afa86cd3c34c45a7c498948f00e050dcdec2ba427ab,8242,8250,8207,-0.4246542101431716,True
32,1,group,Transformer,reflection,gpt_decode_block,28ec1d47d076f4950a995ec49ab294357d0c16fb1f07222aee5dd7a5735d93b0,8242,8250,8156,-1.0434360592089353,True
32,1,group,Transformer,reflection,gpt_decode_block,84f91f4f3b24590ec7ba7955258fce6907df4e51a52addbb35f5d96b8745d3d1,8242,8250,7711,-6.442611016743505,True
32,1,group,Transformer,reflection,gpt_decode_block,f2c8cd1a738617af513dc7fb1811b7307ba6ae699fcc3abb57ad14fba75761b3,8242,8250,8054,-2.2809997573404517,True
32,1,all,ALL17,rotation,darknet19,b36066763db9e0b8f9ca4bcd3ff72b7c59853ce788459bee73b8e0acb58420f5,174839,175013,174839,0.0,True
32,1,all,ALL17,rotation,darknet19,287434c489f258c119aac03a1bb81fbe0571b0a7b91b8b1cf651e8b07c6a3336,174839,175013,174839,0.0,True
32,1,all,ALL17,rotation,darknet19,fd42a78be11ebd7c9dbc78d82ef02c9dcc242569d037ba8982363834180bb9a0,174839,175013,174839,0.0,True
32,1,all,ALL17,rotation,darknet19,1316315c273bd32ad48c642b1ab2397f82c532901e9ea23b03b5de7651ae1a06,174839,175013,174839,0.0,True
32,1,all,ALL17,rotation,darknet19,992f3675a84e92556ce5f4089d1d11c089c1e04f127dba0026364c4fd27f216c,174839,175013,174839,0.0,True
32,1,all,ALL17,rotation,vgg19,faeacdc744b2d16b4412b85a5cc334baa351140de70947c1f8be3694e5c82c32,1198442,1199640,1198442,0.0,True
32,1,all,ALL17,rotation,vgg19,5fdb8711506d5983a4aeb99e95cfc98c0a534c1625e8b7ee01d00157e29d3249,1198442,1199640,1198638,0.016354567012832888,True
32,1,all,ALL17,rotation,vgg19,9403569b046f98388a6f6a756d9d141a25ff664227e85d426ecfa4625aca0a75,1198442,1199640,1198638,0.016354567012832888,True
32,1,all,ALL17,rotation,vgg19,72d04acf2ca42406da00c6cb7dc0afed66e1d4cd96a5fb69fd8e8e6a1a2ffec1,1198442,1199640,1198540,0.008177283506416444,True
32,1,all,ALL17,rotation,vgg19,a6d47f04032447e234596ff84b5a8d9f2eb4d2b51671f4a88f2aac7566f19243,1198442,1199640,1198540,0.008177283506416444,True
32,1,all,ALL17,rotation,resnet50,d96e3260ff51011ee1995d4e02543c8dd51a5fbe6b1af968e3918b52e8022928,255035,255290,255035,0.0,True
32,1,all,ALL17,rotation,resnet50,eb734d5fa3f9e367c6158cf886a4547f8e2876d7f68bef01d7829d1168a80870,255035,255290,255155,0.04705236536162172,True
32,1,all,ALL17,rotation,resnet50,ed67e1831b6515010fba8bb1d9acb31f2d1a78148c43f0dd3e06dd0d6b02ac21,255035,255290,255259,0.08783108200836054,True
32,1,all,ALL17,rotation,googlenet,d252fa0a884c7cae000966890b22c1109d39275e5dae6fddfe3409023aee4ce1,117624,117741,117624,0.0,True
32,1,all,ALL17,rotation,googlenet,84888e7c3d687f919018a6734e16df19cf6d1f3590179401892b01956661505a,117624,117741,117728,0.08841732979663064,True
32,1,all,ALL17,rotation,googlenet,55efc58d800037f60a5165fbf89a1dc8beba3ee1c610f8acf0673adeb92b2ab9,117624,117741,117569,-0.04675916479629505,True
32,1,all,ALL17,rotation,googlenet,152ed2d94efedf7fc1b7429141feeb184199c94feef53d8db0bfaac4f317adf1,117624,117741,117569,-0.04675916479629505,True
32,1,all,ALL17,rotation,googlenet,8e70abefea794043de47b17f970a2ea0d8ef410f4f15c3aed5a823d2bab65cc4,117624,117741,117567,-0.04845949806161487,True
32,1,all,ALL17,rotation,resnet101,484c35927bde7ad16b7ecf3e03f92a6f92a2db7f56681b8e41264363e27d0216,488275,488763,488275,0.0,True
32,1,all,ALL17,rotation,resnet101,ea12afc1a38173045881d63e6d2d8efa7040cddc643d07fb3d1a18434c0b0144,488275,488763,488723,0.09175157442016246,True
32,1,all,ALL17,rotation,resnet101,abd0f5dd9e3ebe727ef78ffcb2fab64332ae4e725b9dd984be1fbc2113f2527c,488275,488763,488499,0.04587578721007013,True
32,1,all,ALL17,rotation,densenet,333b72e0012aa388dcdae618d08f405a00630bab698d59b2fe0785c455a0bf91,187082,187269,187082,0.0,True
32,1,all,ALL17,rotation,densenet,f0e66a07e1d64ef23ebc54fc2898bba1f6af17a6961d4be5d8d584900723efd9,187082,187269,187194,0.059866796378060805,True
32,1,all,ALL17,rotation,densenet,364f1ca4e265557c99a8934fbfa48b84e098ea43ec27f56e060abdb81e67aad0,187082,187269,187158,0.04062389754224682,True
32,1,all,ALL17,rotation,densenet,19482c01db52f2235549efdeaed4940c20fdf8a89590b91c2d340a1936b0e5ac,187082,187269,187158,0.04062389754224682,True
32,1,all,ALL17,rotation,densenet,4b8def8336f053dc8be7116fc153445b99966c45ba213935d88f3a54428e6604,187082,187269,187231,0.0796442201815184,True
32,1,all,ALL17,rotation,inception_resnet_v1,de0734c9cdaaec62d9fa0271d3035460f060275d3a11bc0ea5c6cbf77a26e265,428640,429068,428640,0.0,True
32,1,all,ALL17,rotation,inception_resnet_v1,0a71c1fc43a1956998f62c2902b7b051c0228659943cc950e93beb3f19a9db68,428640,429068,428986,0.08072041806643782,True
32,1,all,ALL17,rotation,inception_resnet_v1,580661fa27aeb527d87e61e476b26c8c6d580cce0afb0aa9bf405286bc916ef5,428640,429068,428912,0.06345651362449356,True
32,1,all,ALL17,rotation,inception_resnet_v1,aacdaba3d4c03efc8db2d55d54333c3b50a547db00fd01c5bb600baf477a4ed1,428640,429068,428668,0.006532288167226952,True
32,1,all,ALL17,rotation,inception_resnet_v1,58fe5e80308bc3931aeb578500c9940d9923f00242f6a00d19d04b1ba7ba1bc2,428640,429068,428986,0.08072041806643782,True
32,1,all,ALL17,rotation,gnmt,2d48458bffb1ccb03f97849d25c2d7ecde91a59c981992efd56fca6f57d0a414,15730,15745,15730,0.0,True
32,1,all,ALL17,rotation,gnmt,0ae6cf9e9d1abcead739380034582ae3ef00e59cafcb336887c73ddcbed50ab1,15730,15745,15738,0.05085823267640954,True
32,1,all,ALL17,rotation,gnmt,9e08f9afc61502c69e35c89ef94908ea8360cd4dbc2dc69f5f397e9f9dc2b0b4,15730,15745,15729,-0.006357279084556744,True
32,1,all,ALL17,rotation,gnmt,887e6852c176ec486358be4d0febf877048ccf8970de2bfd7833b88d822ae642,15730,15745,15729,-0.006357279084556744,True
32,1,all,ALL17,rotation,gnmt,56809cc653f505e2c66c9024ab92302f41a638309c4244d5903f72e473864527,15730,15745,15730,0.0,True
32,1,all,ALL17,rotation,lstm,b922596fbe13fe439689d9dc76ebf29e15f398c3c00789a5b8ea56dec12b2715,15714,15729,15714,0.0,True
32,1,all,ALL17,rotation,lstm,9e8fda598ae1ff535ca81d3a872d4b0ccaa6da4a102a64ca20ff0dd01f4d39f8,15714,15729,15722,0.050910016545757664,True
32,1,all,ALL17,rotation,lstm,4ca20c0e8cda27d9d4ac81dc43e10d1c23621336bee84d42ee98003c62991dbe,15714,15729,15713,-0.006363752068216932,True
32,1,all,ALL17,rotation,lstm,b7f9b7f31f069cb748b2718f91617f5a8d1e7ee7394e8096524749ea29130250,15714,15729,15714,0.0,True
32,1,all,ALL17,rotation,lstm,80d0fbb13a2c8bd7c20a5910ffd85821b1f7007a8435cb91ca7c77acfdb0b5f4,15714,15729,15714,0.0,True
32,1,all,ALL17,rotation,transformer,fbc7c109f7ccff07f4ed978ddfca0fbfbe4263713642f587aa31da0ec0e344d8,1749504,1751253,1749504,0.0,True
32,1,all,ALL17,rotation,transformer,c1a798a73ad6d9617f54543bd7775775dd84736e11316a39b4350e75903250e6,1749504,1751253,1750752,0.07133450395082619,True
32,1,all,ALL17,rotation,transformer,3438340e3c6d71cccfc7f414735697c1611018e642706b4f11baa27b30ee56eb,1749504,1751253,1750752,0.07133450395082619,True
32,1,all,ALL17,rotation,transformer,669a766d2ded8f853bbdfe258c5397c41850ed744a5c53529ea0a52a454207ea,1749504,1751253,1750752,0.07133450395082619,True
32,1,all,ALL17,rotation,transformer,282f08c1310b750bd811cb778b971bdfc09b6537b956f6f6d4ed829c81221b2e,1749504,1751253,1750752,0.07133450395082619,True
32,1,all,ALL17,rotation,transformer_cell,1389c48d0bf13fb810a27a3b6a5be0f329b169d2c8f350a4651d1b0da070754b,305664,305969,305664,0.0,True
32,1,all,ALL17,rotation,transformer_cell,1daa1d99f1eafb74198dc6c2bb1049d5efa017e6900b92b3589127741081d460,305664,305969,305728,0.02093802345057849,True
32,1,all,ALL17,rotation,transformer_cell,6e9b6b2e4da9197e17b2b59a7c2d55cbbc66fde04de19331a3006019db5f7d0c,305664,305969,305728,0.02093802345057849,True
32,1,all,ALL17,rotation,transformer_cell,032e027c014ed90d4988a09c69566a13b83468537eec775f1812bbf71a4e3da9,305664,305969,305792,0.04187604690117919,True
32,1,all,ALL17,rotation,transformer_cell,19d60560b27d9607ae2227583e5868351cf858d0183e9d73414b52532677f328,305664,305969,305792,0.04187604690117919,True
32,1,all,ALL17,rotation,pnasnet,33461db4219d9a125d97e9d3fbee769eefccff58026f32491d6b610973bdf6d3,2464435,2466899,2464435,0.0,True
32,1,all,ALL17,rotation,pnasnet,6216c2508eda50bb07d5b59c9001e277ccfb0dd7ff908585ca30f94d7cb724bc,2464435,2466899,2461909,-0.1024981385185697,True
32,1,all,ALL17,rotation,pnasnet,40579f7df14f32a63baea3c2a539f5d8404c6a2b3edfe363cdb5e7b47e54ad02,2464435,2466899,2465569,0.046014603752997374,True
32,1,all,ALL17,rotation,pnasnet,fbb1eb1232eeab5d7a846d8b1cdb39c698c4e085fd403a48abb1b0d00ff631f3,2464435,2466899,2466871,0.09884618583975158,True
32,1,all,ALL17,rotation,pnasnet,b5f5c7d59675d1b72bd991c57012098ea882228b86d50d855f5c75c85ee2f4fc,2464435,2466899,2465119,0.02775484035895115,True
32,1,all,ALL17,rotation,resnext50,b0c5d6b16fdd501a6a6915f0c860383549f3b5202bb2675760b1814bc42a8ae5,146009,146155,146009,0.0,True
32,1,all,ALL17,rotation,resnet152,55876885fae274c5b4e0d4a06a2c23ec34da7b0d90519f08c8faccd857767c83,723083,723806,723083,0.0,True
32,1,all,ALL17,rotation,resnet152,dd8be1999129f89df61910b95db5d77e6c146a842ebb411e6507c667d6f86d5c,723083,723806,723531,0.06195692610668768,True
32,1,all,ALL17,rotation,resnet152,867c310a6864453df915826eb73614ea505e17b90209453e97ba84ff21484736,723083,723806,723651,0.07855253131383577,True
32,1,all,ALL17,rotation,resnet152,f80ac283a13b8cca288acea83f92d5b99a83a5cabc50253aa87da77f8483b649,723083,723806,723083,0.0,True
32,1,all,ALL17,rotation,bert_block,151f284cda79f191b443927a88daec03b8a7228cb8a1c1c6670f2ed8a063b195,334848,335182,334848,0.0,True
32,1,all,ALL17,rotation,bert_block,663b7cc007b4eac34f7b668eb3bb32b0f4c77fad044dbcbebb399e673150091e,334848,335182,334976,0.03822629969418845,True
32,1,all,ALL17,rotation,bert_block,f9303914fc3eda4ee9190947e49ddf5c9dc78224df76cea07e6b1f78a8cf610f,334848,335182,334976,0.03822629969418845,True
32,1,all,ALL17,rotation,bert_block,9759b00fa266f20ec03a8760a026a6ab4204db693caae7593d97a5c7894fb5f1,334848,335182,335072,0.06689602446483534,True
32,1,all,ALL17,rotation,bert_block,57af1e281634ba2613182f1ab5c9640debe3bec97db2c8ac428450f6a43eed25,334848,335182,335072,0.06689602446483534,True
32,1,all,ALL17,rotation,gpt_prefill_block,fc1ff0dbd9d639580dae2e0797a8e66faaa14c98ee6ca4e4276f32cc79946461,638400,639038,638400,0.0,True
32,1,all,ALL17,rotation,gpt_prefill_block,ed25e65973ceb042f8644bb1961c2df63e11e0f30b0b0cfcc42f6f0445eb60ed,638400,639038,638600,0.03132832080201542,True
32,1,all,ALL17,rotation,gpt_prefill_block,1c7d65e54b31379124cde495f9d0e8a45684f236669fe005f6c66561eca892d1,638400,639038,638600,0.03132832080201542,True
32,1,all,ALL17,rotation,gpt_prefill_block,d11237a2fbd49241cc8632c89f07436740f2a65e808fa0dc6ceae0e960f1b2e6,638400,639038,638768,0.05764411027568972,True
32,1,all,ALL17,rotation,gpt_prefill_block,c6df65fbe437180a265d2024c48c43fdac9883eb63ced09b962551f997ad96e2,638400,639038,638768,0.05764411027568972,True
32,1,all,ALL17,rotation,gpt_decode_block,4b274ed7b0b12e6b07c0af48777fd1efc53d4c9418e9b9879410142712bda49e,8242,8250,6727,-18.381460810482896,True
32,1,all,ALL17,rotation,gpt_decode_block,31d2959a40468205c0033afa86cd3c34c45a7c498948f00e050dcdec2ba427ab,8242,8250,8197,-0.5459839844697889,True
32,1,all,ALL17,rotation,gpt_decode_block,28ec1d47d076f4950a995ec49ab294357d0c16fb1f07222aee5dd7a5735d93b0,8242,8250,8150,-1.116233923804899,True
32,1,all,ALL17,rotation,gpt_decode_block,84f91f4f3b24590ec7ba7955258fce6907df4e51a52addbb35f5d96b8745d3d1,8242,8250,7705,-6.5154088813394795,True
32,1,all,ALL17,rotation,gpt_decode_block,f2c8cd1a738617af513dc7fb1811b7307ba6ae699fcc3abb57ad14fba75761b3,8242,8250,8049,-2.3416646445037603,True
32,1,all,ALL17,reflection,darknet19,b36066763db9e0b8f9ca4bcd3ff72b7c59853ce788459bee73b8e0acb58420f5,174839,175013,174839,0.0,True
32,1,all,ALL17,reflection,darknet19,287434c489f258c119aac03a1bb81fbe0571b0a7b91b8b1cf651e8b07c6a3336,174839,175013,174839,0.0,True
32,1,all,ALL17,reflection,darknet19,fd42a78be11ebd7c9dbc78d82ef02c9dcc242569d037ba8982363834180bb9a0,174839,175013,174839,0.0,True
32,1,all,ALL17,reflection,darknet19,1316315c273bd32ad48c642b1ab2397f82c532901e9ea23b03b5de7651ae1a06,174839,175013,174839,0.0,True
32,1,all,ALL17,reflection,darknet19,992f3675a84e92556ce5f4089d1d11c089c1e04f127dba0026364c4fd27f216c,174839,175013,174839,0.0,True
32,1,all,ALL17,reflection,vgg19,faeacdc744b2d16b4412b85a5cc334baa351140de70947c1f8be3694e5c82c32,1198442,1199640,1198442,0.0,True
32,1,all,ALL17,reflection,vgg19,5fdb8711506d5983a4aeb99e95cfc98c0a534c1625e8b7ee01d00157e29d3249,1198442,1199640,1198638,0.016354567012832888,True
32,1,all,ALL17,reflection,vgg19,9403569b046f98388a6f6a756d9d141a25ff664227e85d426ecfa4625aca0a75,1198442,1199640,1198638,0.016354567012832888,True
32,1,all,ALL17,reflection,vgg19,72d04acf2ca42406da00c6cb7dc0afed66e1d4cd96a5fb69fd8e8e6a1a2ffec1,1198442,1199640,1198540,0.008177283506416444,True
32,1,all,ALL17,reflection,vgg19,a6d47f04032447e234596ff84b5a8d9f2eb4d2b51671f4a88f2aac7566f19243,1198442,1199640,1198540,0.008177283506416444,True
32,1,all,ALL17,reflection,resnet50,d96e3260ff51011ee1995d4e02543c8dd51a5fbe6b1af968e3918b52e8022928,255035,255290,255035,0.0,True
32,1,all,ALL17,reflection,resnet50,eb734d5fa3f9e367c6158cf886a4547f8e2876d7f68bef01d7829d1168a80870,255035,255290,255155,0.04705236536162172,True
32,1,all,ALL17,reflection,resnet50,ed67e1831b6515010fba8bb1d9acb31f2d1a78148c43f0dd3e06dd0d6b02ac21,255035,255290,255259,0.08783108200836054,True
32,1,all,ALL17,reflection,googlenet,d252fa0a884c7cae000966890b22c1109d39275e5dae6fddfe3409023aee4ce1,117624,117741,117624,0.0,True
32,1,all,ALL17,reflection,googlenet,84888e7c3d687f919018a6734e16df19cf6d1f3590179401892b01956661505a,117624,117741,117728,0.08841732979663064,True
32,1,all,ALL17,reflection,googlenet,55efc58d800037f60a5165fbf89a1dc8beba3ee1c610f8acf0673adeb92b2ab9,117624,117741,117569,-0.04675916479629505,True
32,1,all,ALL17,reflection,googlenet,152ed2d94efedf7fc1b7429141feeb184199c94feef53d8db0bfaac4f317adf1,117624,117741,117569,-0.04675916479629505,True
32,1,all,ALL17,reflection,googlenet,8e70abefea794043de47b17f970a2ea0d8ef410f4f15c3aed5a823d2bab65cc4,117624,117741,117567,-0.04845949806161487,True
32,1,all,ALL17,reflection,resnet101,484c35927bde7ad16b7ecf3e03f92a6f92a2db7f56681b8e41264363e27d0216,488275,488763,488275,0.0,True
32,1,all,ALL17,reflection,resnet101,ea12afc1a38173045881d63e6d2d8efa7040cddc643d07fb3d1a18434c0b0144,488275,488763,488723,0.09175157442016246,True
32,1,all,ALL17,reflection,resnet101,abd0f5dd9e3ebe727ef78ffcb2fab64332ae4e725b9dd984be1fbc2113f2527c,488275,488763,488499,0.04587578721007013,True
32,1,all,ALL17,reflection,densenet,333b72e0012aa388dcdae618d08f405a00630bab698d59b2fe0785c455a0bf91,187082,187269,187082,0.0,True
32,1,all,ALL17,reflection,densenet,f0e66a07e1d64ef23ebc54fc2898bba1f6af17a6961d4be5d8d584900723efd9,187082,187269,187194,0.059866796378060805,True
32,1,all,ALL17,reflection,densenet,364f1ca4e265557c99a8934fbfa48b84e098ea43ec27f56e060abdb81e67aad0,187082,187269,187158,0.04062389754224682,True
32,1,all,ALL17,reflection,densenet,19482c01db52f2235549efdeaed4940c20fdf8a89590b91c2d340a1936b0e5ac,187082,187269,187158,0.04062389754224682,True
32,1,all,ALL17,reflection,densenet,4b8def8336f053dc8be7116fc153445b99966c45ba213935d88f3a54428e6604,187082,187269,187231,0.0796442201815184,True
32,1,all,ALL17,reflection,inception_resnet_v1,de0734c9cdaaec62d9fa0271d3035460f060275d3a11bc0ea5c6cbf77a26e265,428640,429068,428640,0.0,True
32,1,all,ALL17,reflection,inception_resnet_v1,0a71c1fc43a1956998f62c2902b7b051c0228659943cc950e93beb3f19a9db68,428640,429068,428988,0.08118701007839846,True
32,1,all,ALL17,reflection,inception_resnet_v1,580661fa27aeb527d87e61e476b26c8c6d580cce0afb0aa9bf405286bc916ef5,428640,429068,428912,0.06345651362449356,True
32,1,all,ALL17,reflection,inception_resnet_v1,aacdaba3d4c03efc8db2d55d54333c3b50a547db00fd01c5bb600baf477a4ed1,428640,429068,428668,0.006532288167226952,True
32,1,all,ALL17,reflection,inception_resnet_v1,58fe5e80308bc3931aeb578500c9940d9923f00242f6a00d19d04b1ba7ba1bc2,428640,429068,428986,0.08072041806643782,True
32,1,all,ALL17,reflection,gnmt,2d48458bffb1ccb03f97849d25c2d7ecde91a59c981992efd56fca6f57d0a414,15730,15745,15730,0.0,True
32,1,all,ALL17,reflection,gnmt,0ae6cf9e9d1abcead739380034582ae3ef00e59cafcb336887c73ddcbed50ab1,15730,15745,15738,0.05085823267640954,True
32,1,all,ALL17,reflection,gnmt,9e08f9afc61502c69e35c89ef94908ea8360cd4dbc2dc69f5f397e9f9dc2b0b4,15730,15745,15729,-0.006357279084556744,True
32,1,all,ALL17,reflection,gnmt,887e6852c176ec486358be4d0febf877048ccf8970de2bfd7833b88d822ae642,15730,15745,15729,-0.006357279084556744,True
32,1,all,ALL17,reflection,gnmt,56809cc653f505e2c66c9024ab92302f41a638309c4244d5903f72e473864527,15730,15745,15731,0.006357279084556744,True
32,1,all,ALL17,reflection,lstm,b922596fbe13fe439689d9dc76ebf29e15f398c3c00789a5b8ea56dec12b2715,15714,15729,15714,0.0,True
32,1,all,ALL17,reflection,lstm,9e8fda598ae1ff535ca81d3a872d4b0ccaa6da4a102a64ca20ff0dd01f4d39f8,15714,15729,15722,0.050910016545757664,True
32,1,all,ALL17,reflection,lstm,4ca20c0e8cda27d9d4ac81dc43e10d1c23621336bee84d42ee98003c62991dbe,15714,15729,15713,-0.006363752068216932,True
32,1,all,ALL17,reflection,lstm,b7f9b7f31f069cb748b2718f91617f5a8d1e7ee7394e8096524749ea29130250,15714,15729,15714,0.0,True
32,1,all,ALL17,reflection,lstm,80d0fbb13a2c8bd7c20a5910ffd85821b1f7007a8435cb91ca7c77acfdb0b5f4,15714,15729,15714,0.0,True
32,1,all,ALL17,reflection,transformer,fbc7c109f7ccff07f4ed978ddfca0fbfbe4263713642f587aa31da0ec0e344d8,1749504,1751253,1749504,0.0,True
32,1,all,ALL17,reflection,transformer,c1a798a73ad6d9617f54543bd7775775dd84736e11316a39b4350e75903250e6,1749504,1751253,1750752,0.07133450395082619,True
32,1,all,ALL17,reflection,transformer,3438340e3c6d71cccfc7f414735697c1611018e642706b4f11baa27b30ee56eb,1749504,1751253,1750752,0.07133450395082619,True
32,1,all,ALL17,reflection,transformer,669a766d2ded8f853bbdfe258c5397c41850ed744a5c53529ea0a52a454207ea,1749504,1751253,1750752,0.07133450395082619,True
32,1,all,ALL17,reflection,transformer,282f08c1310b750bd811cb778b971bdfc09b6537b956f6f6d4ed829c81221b2e,1749504,1751253,1750752,0.07133450395082619,True
32,1,all,ALL17,reflection,transformer_cell,1389c48d0bf13fb810a27a3b6a5be0f329b169d2c8f350a4651d1b0da070754b,305664,305969,305664,0.0,True
32,1,all,ALL17,reflection,transformer_cell,1daa1d99f1eafb74198dc6c2bb1049d5efa017e6900b92b3589127741081d460,305664,305969,305728,0.02093802345057849,True
32,1,all,ALL17,reflection,transformer_cell,6e9b6b2e4da9197e17b2b59a7c2d55cbbc66fde04de19331a3006019db5f7d0c,305664,305969,305728,0.02093802345057849,True
32,1,all,ALL17,reflection,transformer_cell,032e027c014ed90d4988a09c69566a13b83468537eec775f1812bbf71a4e3da9,305664,305969,305792,0.04187604690117919,True
32,1,all,ALL17,reflection,transformer_cell,19d60560b27d9607ae2227583e5868351cf858d0183e9d73414b52532677f328,305664,305969,305792,0.04187604690117919,True
32,1,all,ALL17,reflection,pnasnet,33461db4219d9a125d97e9d3fbee769eefccff58026f32491d6b610973bdf6d3,2464435,2466899,2464435,0.0,True
32,1,all,ALL17,reflection,pnasnet,6216c2508eda50bb07d5b59c9001e277ccfb0dd7ff908585ca30f94d7cb724bc,2464435,2466899,2461909,-0.1024981385185697,True
32,1,all,ALL17,reflection,pnasnet,40579f7df14f32a63baea3c2a539f5d8404c6a2b3edfe363cdb5e7b47e54ad02,2464435,2466899,2465569,0.046014603752997374,True
32,1,all,ALL17,reflection,pnasnet,fbb1eb1232eeab5d7a846d8b1cdb39c698c4e085fd403a48abb1b0d00ff631f3,2464435,2466899,2466871,0.09884618583975158,True
32,1,all,ALL17,reflection,pnasnet,b5f5c7d59675d1b72bd991c57012098ea882228b86d50d855f5c75c85ee2f4fc,2464435,2466899,2465119,0.02775484035895115,True
32,1,all,ALL17,reflection,resnext50,b0c5d6b16fdd501a6a6915f0c860383549f3b5202bb2675760b1814bc42a8ae5,146009,146155,146009,0.0,True
32,1,all,ALL17,reflection,resnet152,55876885fae274c5b4e0d4a06a2c23ec34da7b0d90519f08c8faccd857767c83,723083,723806,723083,0.0,True
32,1,all,ALL17,reflection,resnet152,dd8be1999129f89df61910b95db5d77e6c146a842ebb411e6507c667d6f86d5c,723083,723806,723531,0.06195692610668768,True
32,1,all,ALL17,reflection,resnet152,867c310a6864453df915826eb73614ea505e17b90209453e97ba84ff21484736,723083,723806,723651,0.07855253131383577,True
32,1,all,ALL17,reflection,resnet152,f80ac283a13b8cca288acea83f92d5b99a83a5cabc50253aa87da77f8483b649,723083,723806,723083,0.0,True
32,1,all,ALL17,reflection,bert_block,151f284cda79f191b443927a88daec03b8a7228cb8a1c1c6670f2ed8a063b195,334848,335182,334848,0.0,True
32,1,all,ALL17,reflection,bert_block,663b7cc007b4eac34f7b668eb3bb32b0f4c77fad044dbcbebb399e673150091e,334848,335182,334976,0.03822629969418845,True
32,1,all,ALL17,reflection,bert_block,f9303914fc3eda4ee9190947e49ddf5c9dc78224df76cea07e6b1f78a8cf610f,334848,335182,334976,0.03822629969418845,True
32,1,all,ALL17,reflection,bert_block,9759b00fa266f20ec03a8760a026a6ab4204db693caae7593d97a5c7894fb5f1,334848,335182,335072,0.06689602446483534,True
32,1,all,ALL17,reflection,bert_block,57af1e281634ba2613182f1ab5c9640debe3bec97db2c8ac428450f6a43eed25,334848,335182,335072,0.06689602446483534,True
32,1,all,ALL17,reflection,gpt_prefill_block,fc1ff0dbd9d639580dae2e0797a8e66faaa14c98ee6ca4e4276f32cc79946461,638400,639038,638400,0.0,True
32,1,all,ALL17,reflection,gpt_prefill_block,ed25e65973ceb042f8644bb1961c2df63e11e0f30b0b0cfcc42f6f0445eb60ed,638400,639038,638600,0.03132832080201542,True
32,1,all,ALL17,reflection,gpt_prefill_block,1c7d65e54b31379124cde495f9d0e8a45684f236669fe005f6c66561eca892d1,638400,639038,638600,0.03132832080201542,True
32,1,all,ALL17,reflection,gpt_prefill_block,d11237a2fbd49241cc8632c89f07436740f2a65e808fa0dc6ceae0e960f1b2e6,638400,639038,638768,0.05764411027568972,True
32,1,all,ALL17,reflection,gpt_prefill_block,c6df65fbe437180a265d2024c48c43fdac9883eb63ced09b962551f997ad96e2,638400,639038,638768,0.05764411027568972,True
32,1,all,ALL17,reflection,gpt_decode_block,4b274ed7b0b12e6b07c0af48777fd1efc53d4c9418e9b9879410142712bda49e,8242,8250,6727,-18.381460810482896,True
32,1,all,ALL17,reflection,gpt_decode_block,31d2959a40468205c0033afa86cd3c34c45a7c498948f00e050dcdec2ba427ab,8242,8250,8201,-0.49745207473914643,True
32,1,all,ALL17,reflection,gpt_decode_block,28ec1d47d076f4950a995ec49ab294357d0c16fb1f07222aee5dd7a5735d93b0,8242,8250,8150,-1.116233923804899,True
32,1,all,ALL17,reflection,gpt_decode_block,84f91f4f3b24590ec7ba7955258fce6907df4e51a52addbb35f5d96b8745d3d1,8242,8250,7705,-6.5154088813394795,True
32,1,all,ALL17,reflection,gpt_decode_block,f2c8cd1a738617af513dc7fb1811b7307ba6ae699fcc3abb57ad14fba75761b3,8242,8250,8049,-2.3416646445037603,True
32,4,workload,darknet19,rotation,darknet19,7ead3b3f1806efd663ec0bd96f03a4c2c912e0dd893c967584d8142fc347640d,47948,47995,47948,0.0,True
32,4,workload,darknet19,rotation,darknet19,f57ff8cfe79313bc617deb47cf2f6a27917ad51f3a43f08599f1af33be5d1f90,47948,47995,47944,-0.008342370901814888,True
32,4,workload,darknet19,rotation,darknet19,ae07c60bf0f4e5ebd64fcfabd792e56285dc6da48fb5d841b7e741204bfa3f90,47948,47995,47896,-0.10845082172353804,True
32,4,workload,darknet19,reflection,darknet19,7ead3b3f1806efd663ec0bd96f03a4c2c912e0dd893c967584d8142fc347640d,47948,47995,47948,0.0,True
32,4,workload,darknet19,reflection,darknet19,f57ff8cfe79313bc617deb47cf2f6a27917ad51f3a43f08599f1af33be5d1f90,47948,47995,47944,-0.008342370901814888,True
32,4,workload,darknet19,reflection,darknet19,ae07c60bf0f4e5ebd64fcfabd792e56285dc6da48fb5d841b7e741204bfa3f90,47948,47995,47896,-0.10845082172353804,True
32,4,workload,vgg19,rotation,vgg19,4316b330c646bf10ca87a12d27b2991355775417cff49cfb104f72e096b8c239,305389,305694,305389,0.0,True
32,4,workload,vgg19,rotation,vgg19,cc8d0c0da2de5466a56a01f77c80f09c8856f9339e487e117fbff9472f462632,305389,305694,305665,0.0903765361555342,True
32,4,workload,vgg19,rotation,vgg19,2a3d053379593cb6ab6e58ae0c3a0b277951b94bdcb4d23117b15ccee7c3e0a2,305389,305694,305677,0.0943059507709787,True
32,4,workload,vgg19,reflection,vgg19,4316b330c646bf10ca87a12d27b2991355775417cff49cfb104f72e096b8c239,305389,305694,305410,0.006876475577044516,True
32,4,workload,vgg19,reflection,vgg19,cc8d0c0da2de5466a56a01f77c80f09c8856f9339e487e117fbff9472f462632,305389,305694,305669,0.09168634102734163,True
32,4,workload,vgg19,reflection,vgg19,2a3d053379593cb6ab6e58ae0c3a0b277951b94bdcb4d23117b15ccee7c3e0a2,305389,305694,305681,0.09561575564280833,True
32,4,workload,resnet50,rotation,resnet50,e32217050f5dfa58964a30cf9ff467f667d63e7a0b79747b3a70d40d3097860e,71279,71350,71288,0.012626439764873432,True
32,4,workload,resnet50,rotation,resnet50,a7b1dfc690c59bce76e65cbc78f6371d79881e8c079c02d761e390b172380452,71279,71350,71346,0.09399682936068743,True
32,4,workload,resnet50,rotation,resnet50,b5e4e2914c2da2509fc2598135f4cc17d817a76602ae6301150dcb8bcc8bb49d,71279,71350,71289,0.014029377516511232,True
32,4,workload,resnet50,reflection,resnet50,e32217050f5dfa58964a30cf9ff467f667d63e7a0b79747b3a70d40d3097860e,71279,71350,71288,0.012626439764873432,True
32,4,workload,resnet50,reflection,resnet50,a7b1dfc690c59bce76e65cbc78f6371d79881e8c079c02d761e390b172380452,71279,71350,71346,0.09399682936068743,True
32,4,workload,resnet50,reflection,resnet50,b5e4e2914c2da2509fc2598135f4cc17d817a76602ae6301150dcb8bcc8bb49d,71279,71350,71289,0.014029377516511232,True
32,4,workload,googlenet,rotation,googlenet,964b96ff0e34062fd23d89ee331ffef151a4165b22ecc621cf00ae0050268472,32807,32839,32810,0.009144389916793116,True
32,4,workload,googlenet,rotation,googlenet,b3916aef8dddab3156ad462c783a2507a7bc85155bd33b36ed71748f84281bb3,32807,32839,32837,0.09144389916786455,True
32,4,workload,googlenet,rotation,googlenet,66c7b7c2f833d3a2e599bbe852010189887cb4393b5bf65b46667cb18b85186d,32807,32839,32710,-0.29566860730941835,True
32,4,workload,googlenet,rotation,googlenet,3815573a3b69de948d1259e4ccc2e0dc189300c168bb812e64f9c721f677567e,32807,32839,32835,0.08534763922334321,True
32,4,workload,googlenet,rotation,googlenet,6c710bd72e9c231e34a356968f2fe841eb7ab407674305222dc7f355b0a1fc59,32807,32839,32838,0.09449202914011412,True
32,4,workload,googlenet,reflection,googlenet,964b96ff0e34062fd23d89ee331ffef151a4165b22ecc621cf00ae0050268472,32807,32839,32810,0.009144389916793116,True
32,4,workload,googlenet,reflection,googlenet,b3916aef8dddab3156ad462c783a2507a7bc85155bd33b36ed71748f84281bb3,32807,32839,32837,0.09144389916786455,True
32,4,workload,googlenet,reflection,googlenet,66c7b7c2f833d3a2e599bbe852010189887cb4393b5bf65b46667cb18b85186d,32807,32839,32710,-0.29566860730941835,True
32,4,workload,googlenet,reflection,googlenet,3815573a3b69de948d1259e4ccc2e0dc189300c168bb812e64f9c721f677567e,32807,32839,32835,0.08534763922334321,True
32,4,workload,googlenet,reflection,googlenet,6c710bd72e9c231e34a356968f2fe841eb7ab407674305222dc7f355b0a1fc59,32807,32839,32838,0.09449202914011412,True
32,4,workload,resnet101,rotation,resnet101,0588fbdbcf5bc31ba4d970f7891e40c72e71272a70afe01e18e4b33bf101c7ac,137443,137580,137444,0.0007275743399093315,True
32,4,workload,resnet101,rotation,resnet101,abde5350933c01b27a85486db5bd2e8c49140e62119aab5b31432c1aa561b189,137443,137580,137558,0.0836710490894399,True
32,4,workload,resnet101,rotation,resnet101,2cb37978a2b9b2fd56a4d5a43294b7b306982c260f8b4caabcf23cc27fe7c71a,137443,137580,137480,0.026920250576600857,True
32,4,workload,resnet101,reflection,resnet101,0588fbdbcf5bc31ba4d970f7891e40c72e71272a70afe01e18e4b33bf101c7ac,137443,137580,137444,0.0007275743399093315,True
32,4,workload,resnet101,reflection,resnet101,abde5350933c01b27a85486db5bd2e8c49140e62119aab5b31432c1aa561b189,137443,137580,137558,0.0836710490894399,True
32,4,workload,resnet101,reflection,resnet101,2cb37978a2b9b2fd56a4d5a43294b7b306982c260f8b4caabcf23cc27fe7c71a,137443,137580,137480,0.026920250576600857,True
32,4,workload,densenet,rotation,densenet,728b35af2fafcb7fbf3726e5345a6014565b4d3f3d9cfbf51cafbbdde97c4cc5,54030,54084,54031,0.0018508236165004632,True
32,4,workload,densenet,rotation,densenet,dba2ab7839bc26341a0ea4d1c7c63c0cb8d77bc98894f50810c1d57eafe9ce8c,54030,54084,54006,-0.04441976679622206,True
32,4,workload,densenet,rotation,densenet,37d94ef92554b7c3ceb81e96a461414fcc47b33e292c4184acced650974c0fc6,54030,54084,54044,0.025911530631139712,True
32,4,workload,densenet,rotation,densenet,fc086a9df04b3faa5084eb969ed1fd7c3ffc1c88f2de57ad76fd03a7743ba16e,54030,54084,54068,0.07033129742735067,True
32,4,workload,densenet,reflection,densenet,728b35af2fafcb7fbf3726e5345a6014565b4d3f3d9cfbf51cafbbdde97c4cc5,54030,54084,54031,0.0018508236165004632,True
32,4,workload,densenet,reflection,densenet,dba2ab7839bc26341a0ea4d1c7c63c0cb8d77bc98894f50810c1d57eafe9ce8c,54030,54084,54006,-0.04441976679622206,True
32,4,workload,densenet,reflection,densenet,37d94ef92554b7c3ceb81e96a461414fcc47b33e292c4184acced650974c0fc6,54030,54084,54044,0.025911530631139712,True
32,4,workload,densenet,reflection,densenet,fc086a9df04b3faa5084eb969ed1fd7c3ffc1c88f2de57ad76fd03a7743ba16e,54030,54084,54068,0.07033129742735067,True
32,4,workload,inception_resnet_v1,rotation,inception_resnet_v1,ebce2a481bd365121eada5c7da3b8f7a3e501a8763d50d1a62fe54a2b35ad61e,129035,129164,129036,0.0007749835315928877,True
32,4,workload,inception_resnet_v1,rotation,inception_resnet_v1,67e2aca58fc1b2b5e5b9d3dbb5e4804c98772a07b8e9495e486940db8aff9a76,129035,129164,129161,0.09764792498159203,True
32,4,workload,inception_resnet_v1,rotation,inception_resnet_v1,0184f4ff26c850badca5611ea2ad61aa3a2274cf42c8f433a510f6f920c2079a,129035,129164,129126,0.07052350137559671,True
32,4,workload,inception_resnet_v1,rotation,inception_resnet_v1,bc73d4620c88144e76c009fd9320e788488251a9b41b1bdc48c67f27984c5c08,129035,129164,129152,0.09067307319718942,True
32,4,workload,inception_resnet_v1,rotation,inception_resnet_v1,3d631a94166e70aba204e33a8dcbb15c88a6eea95a4a2daebba4f6f1a615005c,129035,129164,126434,-2.015732165691475,True
32,4,workload,inception_resnet_v1,reflection,inception_resnet_v1,ebce2a481bd365121eada5c7da3b8f7a3e501a8763d50d1a62fe54a2b35ad61e,129035,129164,129036,0.0007749835315928877,True
32,4,workload,inception_resnet_v1,reflection,inception_resnet_v1,67e2aca58fc1b2b5e5b9d3dbb5e4804c98772a07b8e9495e486940db8aff9a76,129035,129164,129161,0.09764792498159203,True
32,4,workload,inception_resnet_v1,reflection,inception_resnet_v1,0184f4ff26c850badca5611ea2ad61aa3a2274cf42c8f433a510f6f920c2079a,129035,129164,129126,0.07052350137559671,True
32,4,workload,inception_resnet_v1,reflection,inception_resnet_v1,bc73d4620c88144e76c009fd9320e788488251a9b41b1bdc48c67f27984c5c08,129035,129164,129152,0.09067307319718942,True
32,4,workload,inception_resnet_v1,reflection,inception_resnet_v1,3d631a94166e70aba204e33a8dcbb15c88a6eea95a4a2daebba4f6f1a615005c,129035,129164,126434,-2.015732165691475,True
32,4,workload,gnmt,rotation,gnmt,69a179931f600fbd27af3e0dd6af0029e2e8ab369e6caa4c2d81ce8332139e1f,33736,33769,33754,0.05335546597107221,True
32,4,workload,gnmt,rotation,gnmt,559d94d57e9c0623c44fcac60705210490f088e373f154a01880d97af920b630,33736,33769,23668,-29.843490633151525,True
32,4,workload,gnmt,rotation,gnmt,ea8219e95600062ab8601a21667e32d6e0460b81c7dbafe5b9d410541c381721,33736,33769,29768,-11.761916054066868,True
32,4,workload,gnmt,rotation,gnmt,c42045a8cab844430d837b7da5090451296384dcf96af3816a50c13a9e379b93,33736,33769,33738,0.005928385107889511,True
32,4,workload,gnmt,rotation,gnmt,8e9c377595136a2ddd939a6c7326d853ddce4ff04143364e98dec80c738f2d40,33736,33769,30916,-8.359023002134213,True
32,4,workload,gnmt,reflection,gnmt,69a179931f600fbd27af3e0dd6af0029e2e8ab369e6caa4c2d81ce8332139e1f,33736,33769,33754,0.05335546597107221,True
32,4,workload,gnmt,reflection,gnmt,559d94d57e9c0623c44fcac60705210490f088e373f154a01880d97af920b630,33736,33769,23668,-29.843490633151525,True
32,4,workload,gnmt,reflection,gnmt,ea8219e95600062ab8601a21667e32d6e0460b81c7dbafe5b9d410541c381721,33736,33769,29496,-12.568176428740808,True
32,4,workload,gnmt,reflection,gnmt,c42045a8cab844430d837b7da5090451296384dcf96af3816a50c13a9e379b93,33736,33769,33714,-0.06521223618686234,True
32,4,workload,gnmt,reflection,gnmt,8e9c377595136a2ddd939a6c7326d853ddce4ff04143364e98dec80c738f2d40,33736,33769,30960,-8.22859852976049,True
32,4,workload,lstm,rotation,lstm,5b16b46ca71bf9627413ff952a82216661fc2544af53c69893d015871a070ea0,36032,36068,36068,0.0999111900532812,True
32,4,workload,lstm,rotation,lstm,d6b2d0eb106f7ae0c9ec6a2f67d46660ff85e82dd6d06bd890d92262d97b9368,36032,36068,23604,-34.491563055062166,True
32,4,workload,lstm,rotation,lstm,c9928b8524c7a84770fd93aedd9839bdc303b74321ef7319d0a8df5f7c6e0d4d,36032,36068,26650,-26.037966252220247,True
32,4,workload,lstm,rotation,lstm,91209116860fa285f48435807b2a9ad2aeb1e91f117b3d9138099a1c029c2757,36032,36068,29899,-17.02098134991119,True
32,4,workload,lstm,rotation,lstm,a5afe80d0939f3bff5128134376cb93e549b34e7bfc72214fac8c24138bd7396,36032,36068,32068,-11.001332149200715,True
32,4,workload,lstm,reflection,lstm,5b16b46ca71bf9627413ff952a82216661fc2544af53c69893d015871a070ea0,36032,36068,36068,0.0999111900532812,True
32,4,workload,lstm,reflection,lstm,d6b2d0eb106f7ae0c9ec6a2f67d46660ff85e82dd6d06bd890d92262d97b9368,36032,36068,23604,-34.491563055062166,True
32,4,workload,lstm,reflection,lstm,c9928b8524c7a84770fd93aedd9839bdc303b74321ef7319d0a8df5f7c6e0d4d,36032,36068,26664,-25.999111900532856,True
32,4,workload,lstm,reflection,lstm,91209116860fa285f48435807b2a9ad2aeb1e91f117b3d9138099a1c029c2757,36032,36068,30431,-15.544515985790408,True
32,4,workload,lstm,reflection,lstm,a5afe80d0939f3bff5128134376cb93e549b34e7bfc72214fac8c24138bd7396,36032,36068,32659,-9.361123445825935,True
32,4,workload,transformer,rotation,transformer,1b5c77659cdf881bca9c760d3d889c66e899c54389a42f7819d6fe282db1b1af,476160,476636,476160,0.0,True
32,4,workload,transformer,rotation,transformer,9c684bef319142645f512c8952a1c7cb2dd8003a45ee468bf79e918c4098af68,476160,476636,476208,0.010080645161281154,True
32,4,workload,transformer,rotation,transformer,14d08af9c3273573468c65b788ef6197d20f539096cb3f5abb27603813c57d70,476160,476636,476240,0.01680107526882413,True
32,4,workload,transformer,rotation,transformer,bb8dcbf669704c0e0479f390a76b1f50f548aaef2fa1a7db3edf7ac933282eb1,476160,476636,476383,0.04683299731182977,True
32,4,workload,transformer,rotation,transformer,6d2db64245e27c5eb9aba6910ab4d04cf30a82a27e880ae5cbed98f8c68b943a,476160,476636,476340,0.03780241935484874,True
32,4,workload,transformer,reflection,transformer,1b5c77659cdf881bca9c760d3d889c66e899c54389a42f7819d6fe282db1b1af,476160,476636,476160,0.0,True
32,4,workload,transformer,reflection,transformer,9c684bef319142645f512c8952a1c7cb2dd8003a45ee468bf79e918c4098af68,476160,476636,476208,0.010080645161281154,True
32,4,workload,transformer,reflection,transformer,14d08af9c3273573468c65b788ef6197d20f539096cb3f5abb27603813c57d70,476160,476636,476240,0.01680107526882413,True
32,4,workload,transformer,reflection,transformer,bb8dcbf669704c0e0479f390a76b1f50f548aaef2fa1a7db3edf7ac933282eb1,476160,476636,476383,0.04683299731182977,True
32,4,workload,transformer,reflection,transformer,6d2db64245e27c5eb9aba6910ab4d04cf30a82a27e880ae5cbed98f8c68b943a,476160,476636,476340,0.03780241935484874,True
32,4,workload,transformer_cell,rotation,transformer_cell,310b100ac659aba814629ed767bf06b7a58b00733e02af884bc599c5ef238ced,83200,83283,83200,0.0,True
32,4,workload,transformer_cell,rotation,transformer_cell,27eb8db3015f68936f16af149ab3b45d1331a34313873ac343c380c1e67e50c0,83200,83283,83246,0.05528846153846079,True
32,4,workload,transformer_cell,rotation,transformer_cell,5cff99bc8a36241eafdc3d7ea01352a7a5e3089c287316b11bf08efe41744085,83200,83283,83072,-0.15384615384614886,True
32,4,workload,transformer_cell,rotation,transformer_cell,84dfe29145eef4d7727f1b04eb09b20e3bb2eea6895ee51624f8ebd1896f15f3,83200,83283,83200,0.0,True
32,4,workload,transformer_cell,rotation,transformer_cell,c5b269f393a3a7e5162daa513ba7b872221f5808fcafd12ac832a9f566ab2db3,83200,83283,83200,0.0,True
32,4,workload,transformer_cell,reflection,transformer_cell,310b100ac659aba814629ed767bf06b7a58b00733e02af884bc599c5ef238ced,83200,83283,83200,0.0,True
32,4,workload,transformer_cell,reflection,transformer_cell,27eb8db3015f68936f16af149ab3b45d1331a34313873ac343c380c1e67e50c0,83200,83283,83246,0.05528846153846079,True
32,4,workload,transformer_cell,reflection,transformer_cell,5cff99bc8a36241eafdc3d7ea01352a7a5e3089c287316b11bf08efe41744085,83200,83283,83072,-0.15384615384614886,True
32,4,workload,transformer_cell,reflection,transformer_cell,84dfe29145eef4d7727f1b04eb09b20e3bb2eea6895ee51624f8ebd1896f15f3,83200,83283,83200,0.0,True
32,4,workload,transformer_cell,reflection,transformer_cell,c5b269f393a3a7e5162daa513ba7b872221f5808fcafd12ac832a9f566ab2db3,83200,83283,83200,0.0,True
32,4,workload,pnasnet,rotation,pnasnet,9f19ac16911b46448a9d5ba2ff2e1c2e5ebf0a036c488f70662fd7181caae247,716828,717544,717338,0.0711467744005434,True
32,4,workload,pnasnet,rotation,pnasnet,d3d1ee1ead24cc1fceed5282f0a9b2ed07b65bea65ef810fdaaec13ee8c0098b,716828,717544,716445,-0.05342983254001954,True
32,4,workload,pnasnet,rotation,pnasnet,49f11fd7f214caf3d7f703f795c51dcabc97c5b0e7b262ef294d56d550f136f4,716828,717544,716824,-0.0005580139168626097,True
32,4,workload,pnasnet,rotation,pnasnet,e84562cc66bfd2724ee39bdb854213fb88f967f4e91ca2785527559f37f7aab7,716828,717544,716425,-0.05621990212435479,True
32,4,workload,pnasnet,rotation,pnasnet,9bdcc4b06285d7ec288e07ecddfec4456f25f0f27533e94bb4166a6bcaa6e606,716828,717544,716738,-0.01255531312951419,True
32,4,workload,pnasnet,reflection,pnasnet,9f19ac16911b46448a9d5ba2ff2e1c2e5ebf0a036c488f70662fd7181caae247,716828,717544,717478,0.09067726149090127,True
32,4,workload,pnasnet,reflection,pnasnet,d3d1ee1ead24cc1fceed5282f0a9b2ed07b65bea65ef810fdaaec13ee8c0098b,716828,717544,716585,-0.03389934544967277,True
32,4,workload,pnasnet,reflection,pnasnet,49f11fd7f214caf3d7f703f795c51dcabc97c5b0e7b262ef294d56d550f136f4,716828,717544,716964,0.01897247317348416,True
32,4,workload,pnasnet,reflection,pnasnet,e84562cc66bfd2724ee39bdb854213fb88f967f4e91ca2785527559f37f7aab7,716828,717544,716979,0.021065025361721723,True
32,4,workload,pnasnet,reflection,pnasnet,9bdcc4b06285d7ec288e07ecddfec4456f25f0f27533e94bb4166a6bcaa6e606,716828,717544,717292,0.06472961435657343,True
32,4,workload,resnext50,rotation,resnext50,07ac3a4446ac64d34bcf91f5d240cdf701d94ab4c0629046593e3bee677d0682,41660,41701,41661,0.0024003840614517102,True
32,4,workload,resnext50,rotation,resnext50,d45e94287cca6d85fdaf6478ed235fcdf189fe550b843528a417b203d6389fbf,41660,41701,41550,-0.2640422467594772,True
32,4,workload,resnext50,rotation,resnext50,9323fac83959da35375ed717df7d856731b8a79aee4aeb0160106bac53ed3d8b,41660,41701,41696,0.08641382621219496,True
32,4,workload,resnext50,reflection,resnext50,07ac3a4446ac64d34bcf91f5d240cdf701d94ab4c0629046593e3bee677d0682,41660,41701,41661,0.0024003840614517102,True
32,4,workload,resnext50,reflection,resnext50,d45e94287cca6d85fdaf6478ed235fcdf189fe550b843528a417b203d6389fbf,41660,41701,41550,-0.2640422467594772,True
32,4,workload,resnext50,reflection,resnext50,9323fac83959da35375ed717df7d856731b8a79aee4aeb0160106bac53ed3d8b,41660,41701,41696,0.08641382621219496,True
32,4,workload,resnet152,rotation,resnet152,1ea7b89f266db4fc972866ee73b747e571816357c50564c275a8f333cf248518,204391,204595,204400,0.0044033249996244805,True
32,4,workload,resnet152,rotation,resnet152,25598dddfcc94fd502cba0f85cc37dd6ab4474f26ad634fb249a7d44142d004d,204391,204595,204584,0.09442685832545816,True
32,4,workload,resnet152,rotation,resnet152,ed2d9d8e5175e519658bde8b87a54e33ececf288803b6c3cf3a3328b45d8c0a4,204391,204595,204437,0.02250588333145842,True
32,4,workload,resnet152,reflection,resnet152,1ea7b89f266db4fc972866ee73b747e571816357c50564c275a8f333cf248518,204391,204595,204400,0.0044033249996244805,True
32,4,workload,resnet152,reflection,resnet152,25598dddfcc94fd502cba0f85cc37dd6ab4474f26ad634fb249a7d44142d004d,204391,204595,204584,0.09442685832545816,True
32,4,workload,resnet152,reflection,resnet152,ed2d9d8e5175e519658bde8b87a54e33ececf288803b6c3cf3a3328b45d8c0a4,204391,204595,204437,0.02250588333145842,True
32,4,workload,bert_block,rotation,bert_block,aba25bf1d697b667b7a8265de5edb50ae3d8f44efe72729dd4ee36bc04691702,88064,88152,88064,0.0,True
32,4,workload,bert_block,rotation,bert_block,87035c437bbc92ebe0a8773d06f95f942aacfa8fc014c472b274b10204a16797,88064,88152,88064,0.0,True
32,4,workload,bert_block,rotation,bert_block,4e2c8ab312f0aabbff08d4589cd03d3b8b42be1477071ccbb232eae438cf7348,88064,88152,88064,0.0,True
32,4,workload,bert_block,rotation,bert_block,213ed8f8f22478474184e6dddadfe3a4d7b41a54c554165f62b591a65ca2b699,88064,88152,88064,0.0,True
32,4,workload,bert_block,rotation,bert_block,f5330432e54883fb9ccf93ef120eeef0ec941baf06affca4afe701fcd8a0b844,88064,88152,88064,0.0,True
32,4,workload,bert_block,reflection,bert_block,aba25bf1d697b667b7a8265de5edb50ae3d8f44efe72729dd4ee36bc04691702,88064,88152,88064,0.0,True
32,4,workload,bert_block,reflection,bert_block,87035c437bbc92ebe0a8773d06f95f942aacfa8fc014c472b274b10204a16797,88064,88152,88064,0.0,True
32,4,workload,bert_block,reflection,bert_block,4e2c8ab312f0aabbff08d4589cd03d3b8b42be1477071ccbb232eae438cf7348,88064,88152,88064,0.0,True
32,4,workload,bert_block,reflection,bert_block,213ed8f8f22478474184e6dddadfe3a4d7b41a54c554165f62b591a65ca2b699,88064,88152,88064,0.0,True
32,4,workload,bert_block,reflection,bert_block,f5330432e54883fb9ccf93ef120eeef0ec941baf06affca4afe701fcd8a0b844,88064,88152,88064,0.0,True
32,4,workload,gpt_prefill_block,rotation,gpt_prefill_block,6acebe5cd8ecb3a4e0c2657cdc6fc6700058b795dd60d8ca79c3618a2351e365,166400,166566,166400,0.0,True
32,4,workload,gpt_prefill_block,rotation,gpt_prefill_block,18f46ea719468267741ebac3a802ee30ebce07c7270edc652e17113f72cfee31,166400,166566,166400,0.0,True
32,4,workload,gpt_prefill_block,rotation,gpt_prefill_block,d210a1ce6bff4f9ba5dbe6b0fceb416dad3ae1d88bc4327c708ae91fc070ad30,166400,166566,166468,0.040865384615385025,True
32,4,workload,gpt_prefill_block,rotation,gpt_prefill_block,f242a45529f71aafdd25d26e644444059894cb2de0181f6c7c7b873d88141c63,166400,166566,166440,0.024038461538467004,True
32,4,workload,gpt_prefill_block,rotation,gpt_prefill_block,d82fa6b5d23cd89d0a5b21c30ec68dae5ccf5ddf3d8540f945a619e48a8116e2,166400,166566,166440,0.024038461538467004,True
32,4,workload,gpt_prefill_block,reflection,gpt_prefill_block,6acebe5cd8ecb3a4e0c2657cdc6fc6700058b795dd60d8ca79c3618a2351e365,166400,166566,166400,0.0,True
32,4,workload,gpt_prefill_block,reflection,gpt_prefill_block,18f46ea719468267741ebac3a802ee30ebce07c7270edc652e17113f72cfee31,166400,166566,166400,0.0,True
32,4,workload,gpt_prefill_block,reflection,gpt_prefill_block,d210a1ce6bff4f9ba5dbe6b0fceb416dad3ae1d88bc4327c708ae91fc070ad30,166400,166566,166468,0.040865384615385025,True
32,4,workload,gpt_prefill_block,reflection,gpt_prefill_block,f242a45529f71aafdd25d26e644444059894cb2de0181f6c7c7b873d88141c63,166400,166566,166440,0.024038461538467004,True
32,4,workload,gpt_prefill_block,reflection,gpt_prefill_block,d82fa6b5d23cd89d0a5b21c30ec68dae5ccf5ddf3d8540f945a619e48a8116e2,166400,166566,166440,0.024038461538467004,True
32,4,workload,gpt_decode_block,rotation,gpt_decode_block,cb55a574942ae84f14dbeb703a546dda6bad87a67f3a23e51265e49564439337,8265,8273,8267,0.02419842710223996,True
32,4,workload,gpt_decode_block,rotation,gpt_decode_block,059a917b9805414f301669951d2f42d868f9c985f9bfb83d4220ec906541b925,8265,8273,7517,-9.050211736237145,True
32,4,workload,gpt_decode_block,rotation,gpt_decode_block,eb8a8ea37fef27a7b4362a57a1f895b9d7d9d952602692da68d5e87ed1e05d31,8265,8273,7095,-14.156079854809434,True
32,4,workload,gpt_decode_block,rotation,gpt_decode_block,d456be3150fa3ffd1201e2145a733d62f9c59b024097682efc53192ad431ca0f,8265,8273,7396,-10.514216575922564,True
32,4,workload,gpt_decode_block,rotation,gpt_decode_block,71ffec55b9b17fadac9c4154f08a8d48d87a898c5eb29c935b106910236bb688,8265,8273,8255,-0.1209921355111887,True
32,4,workload,gpt_decode_block,reflection,gpt_decode_block,cb55a574942ae84f14dbeb703a546dda6bad87a67f3a23e51265e49564439337,8265,8273,8267,0.02419842710223996,True
32,4,workload,gpt_decode_block,reflection,gpt_decode_block,059a917b9805414f301669951d2f42d868f9c985f9bfb83d4220ec906541b925,8265,8273,7517,-9.050211736237145,True
32,4,workload,gpt_decode_block,reflection,gpt_decode_block,eb8a8ea37fef27a7b4362a57a1f895b9d7d9d952602692da68d5e87ed1e05d31,8265,8273,7173,-13.212341197822141,True
32,4,workload,gpt_decode_block,reflection,gpt_decode_block,d456be3150fa3ffd1201e2145a733d62f9c59b024097682efc53192ad431ca0f,8265,8273,7396,-10.514216575922564,True
32,4,workload,gpt_decode_block,reflection,gpt_decode_block,71ffec55b9b17fadac9c4154f08a8d48d87a898c5eb29c935b106910236bb688,8265,8273,8255,-0.1209921355111887,True
32,4,group,CNN,rotation,darknet19,7ead3b3f1806efd663ec0bd96f03a4c2c912e0dd893c967584d8142fc347640d,47948,47995,47948,0.0,True
32,4,group,CNN,rotation,darknet19,f57ff8cfe79313bc617deb47cf2f6a27917ad51f3a43f08599f1af33be5d1f90,47948,47995,47892,-0.11679319262534182,True
32,4,group,CNN,rotation,darknet19,ae07c60bf0f4e5ebd64fcfabd792e56285dc6da48fb5d841b7e741204bfa3f90,47948,47995,47892,-0.11679319262534182,True
32,4,group,CNN,rotation,vgg19,4316b330c646bf10ca87a12d27b2991355775417cff49cfb104f72e096b8c239,305389,305694,305389,0.0,True
32,4,group,CNN,rotation,vgg19,cc8d0c0da2de5466a56a01f77c80f09c8856f9339e487e117fbff9472f462632,305389,305694,305665,0.0903765361555342,True
32,4,group,CNN,rotation,vgg19,2a3d053379593cb6ab6e58ae0c3a0b277951b94bdcb4d23117b15ccee7c3e0a2,305389,305694,305677,0.0943059507709787,True
32,4,group,CNN,rotation,resnet50,e32217050f5dfa58964a30cf9ff467f667d63e7a0b79747b3a70d40d3097860e,71279,71350,71280,0.001402937751660005,True
32,4,group,CNN,rotation,resnet50,a7b1dfc690c59bce76e65cbc78f6371d79881e8c079c02d761e390b172380452,71279,71350,71329,0.07014688758260057,True
32,4,group,CNN,rotation,resnet50,b5e4e2914c2da2509fc2598135f4cc17d817a76602ae6301150dcb8bcc8bb49d,71279,71350,71281,0.0028058755032978056,True
32,4,group,CNN,rotation,googlenet,964b96ff0e34062fd23d89ee331ffef151a4165b22ecc621cf00ae0050268472,32807,32839,32810,0.009144389916793116,True
32,4,group,CNN,rotation,googlenet,b3916aef8dddab3156ad462c783a2507a7bc85155bd33b36ed71748f84281bb3,32807,32839,32837,0.09144389916786455,True
32,4,group,CNN,rotation,googlenet,66c7b7c2f833d3a2e599bbe852010189887cb4393b5bf65b46667cb18b85186d,32807,32839,32710,-0.29566860730941835,True
32,4,group,CNN,rotation,googlenet,3815573a3b69de948d1259e4ccc2e0dc189300c168bb812e64f9c721f677567e,32807,32839,32835,0.08534763922334321,True
32,4,group,CNN,rotation,googlenet,6c710bd72e9c231e34a356968f2fe841eb7ab407674305222dc7f355b0a1fc59,32807,32839,32838,0.09449202914011412,True
32,4,group,CNN,rotation,resnet101,0588fbdbcf5bc31ba4d970f7891e40c72e71272a70afe01e18e4b33bf101c7ac,137443,137580,137444,0.0007275743399093315,True
32,4,group,CNN,rotation,resnet101,abde5350933c01b27a85486db5bd2e8c49140e62119aab5b31432c1aa561b189,137443,137580,137558,0.0836710490894399,True
32,4,group,CNN,rotation,resnet101,2cb37978a2b9b2fd56a4d5a43294b7b306982c260f8b4caabcf23cc27fe7c71a,137443,137580,137480,0.026920250576600857,True
32,4,group,CNN,rotation,densenet,728b35af2fafcb7fbf3726e5345a6014565b4d3f3d9cfbf51cafbbdde97c4cc5,54030,54084,54031,0.0018508236165004632,True
32,4,group,CNN,rotation,densenet,dba2ab7839bc26341a0ea4d1c7c63c0cb8d77bc98894f50810c1d57eafe9ce8c,54030,54084,54006,-0.04441976679622206,True
32,4,group,CNN,rotation,densenet,37d94ef92554b7c3ceb81e96a461414fcc47b33e292c4184acced650974c0fc6,54030,54084,54044,0.025911530631139712,True
32,4,group,CNN,rotation,densenet,fc086a9df04b3faa5084eb969ed1fd7c3ffc1c88f2de57ad76fd03a7743ba16e,54030,54084,54068,0.07033129742735067,True
32,4,group,CNN,rotation,inception_resnet_v1,ebce2a481bd365121eada5c7da3b8f7a3e501a8763d50d1a62fe54a2b35ad61e,129035,129164,129035,0.0,True
32,4,group,CNN,rotation,inception_resnet_v1,67e2aca58fc1b2b5e5b9d3dbb5e4804c98772a07b8e9495e486940db8aff9a76,129035,129164,129160,0.09687294144999914,True
32,4,group,CNN,rotation,inception_resnet_v1,0184f4ff26c850badca5611ea2ad61aa3a2274cf42c8f433a510f6f920c2079a,129035,129164,129013,-0.01704963769519896,True
32,4,group,CNN,rotation,inception_resnet_v1,bc73d4620c88144e76c009fd9320e788488251a9b41b1bdc48c67f27984c5c08,129035,129164,129039,0.003099934126393755,True
32,4,group,CNN,rotation,inception_resnet_v1,3d631a94166e70aba204e33a8dcbb15c88a6eea95a4a2daebba4f6f1a615005c,129035,129164,126433,-2.016507149223079,True
32,4,group,CNN,rotation,pnasnet,9f19ac16911b46448a9d5ba2ff2e1c2e5ebf0a036c488f70662fd7181caae247,716828,717544,716828,0.0,True
32,4,group,CNN,rotation,pnasnet,d3d1ee1ead24cc1fceed5282f0a9b2ed07b65bea65ef810fdaaec13ee8c0098b,716828,717544,715535,-0.1803779986272902,True
32,4,group,CNN,rotation,pnasnet,49f11fd7f214caf3d7f703f795c51dcabc97c5b0e7b262ef294d56d550f136f4,716828,717544,716010,-0.11411384599931962,True
32,4,group,CNN,rotation,pnasnet,e84562cc66bfd2724ee39bdb854213fb88f967f4e91ca2785527559f37f7aab7,716828,717544,715618,-0.16879920985228836,True
32,4,group,CNN,rotation,pnasnet,9bdcc4b06285d7ec288e07ecddfec4456f25f0f27533e94bb4166a6bcaa6e606,716828,717544,716724,-0.014508361838538875,True
32,4,group,CNN,rotation,resnext50,07ac3a4446ac64d34bcf91f5d240cdf701d94ab4c0629046593e3bee677d0682,41660,41701,41661,0.0024003840614517102,True
32,4,group,CNN,rotation,resnext50,d45e94287cca6d85fdaf6478ed235fcdf189fe550b843528a417b203d6389fbf,41660,41701,41550,-0.2640422467594772,True
32,4,group,CNN,rotation,resnext50,9323fac83959da35375ed717df7d856731b8a79aee4aeb0160106bac53ed3d8b,41660,41701,41696,0.08641382621219496,True
32,4,group,CNN,rotation,resnet152,1ea7b89f266db4fc972866ee73b747e571816357c50564c275a8f333cf248518,204391,204595,204392,0.000489258333291609,True
32,4,group,CNN,rotation,resnet152,25598dddfcc94fd502cba0f85cc37dd6ab4474f26ad634fb249a7d44142d004d,204391,204595,204526,0.06604987499450043,True
32,4,group,CNN,rotation,resnet152,ed2d9d8e5175e519658bde8b87a54e33ececf288803b6c3cf3a3328b45d8c0a4,204391,204595,204428,0.01810255833183394,True
32,4,group,CNN,reflection,darknet19,7ead3b3f1806efd663ec0bd96f03a4c2c912e0dd893c967584d8142fc347640d,47948,47995,47948,0.0,True
32,4,group,CNN,reflection,darknet19,f57ff8cfe79313bc617deb47cf2f6a27917ad51f3a43f08599f1af33be5d1f90,47948,47995,47892,-0.11679319262534182,True
32,4,group,CNN,reflection,darknet19,ae07c60bf0f4e5ebd64fcfabd792e56285dc6da48fb5d841b7e741204bfa3f90,47948,47995,47893,-0.1147075998998881,True
32,4,group,CNN,reflection,vgg19,4316b330c646bf10ca87a12d27b2991355775417cff49cfb104f72e096b8c239,305389,305694,305389,0.0,True
32,4,group,CNN,reflection,vgg19,cc8d0c0da2de5466a56a01f77c80f09c8856f9339e487e117fbff9472f462632,305389,305694,305665,0.0903765361555342,True
32,4,group,CNN,reflection,vgg19,2a3d053379593cb6ab6e58ae0c3a0b277951b94bdcb4d23117b15ccee7c3e0a2,305389,305694,305677,0.0943059507709787,True
32,4,group,CNN,reflection,resnet50,e32217050f5dfa58964a30cf9ff467f667d63e7a0b79747b3a70d40d3097860e,71279,71350,71280,0.001402937751660005,True
32,4,group,CNN,reflection,resnet50,a7b1dfc690c59bce76e65cbc78f6371d79881e8c079c02d761e390b172380452,71279,71350,71329,0.07014688758260057,True
32,4,group,CNN,reflection,resnet50,b5e4e2914c2da2509fc2598135f4cc17d817a76602ae6301150dcb8bcc8bb49d,71279,71350,71281,0.0028058755032978056,True
32,4,group,CNN,reflection,googlenet,964b96ff0e34062fd23d89ee331ffef151a4165b22ecc621cf00ae0050268472,32807,32839,32810,0.009144389916793116,True
32,4,group,CNN,reflection,googlenet,b3916aef8dddab3156ad462c783a2507a7bc85155bd33b36ed71748f84281bb3,32807,32839,32837,0.09144389916786455,True
32,4,group,CNN,reflection,googlenet,66c7b7c2f833d3a2e599bbe852010189887cb4393b5bf65b46667cb18b85186d,32807,32839,32710,-0.29566860730941835,True
32,4,group,CNN,reflection,googlenet,3815573a3b69de948d1259e4ccc2e0dc189300c168bb812e64f9c721f677567e,32807,32839,32835,0.08534763922334321,True
32,4,group,CNN,reflection,googlenet,6c710bd72e9c231e34a356968f2fe841eb7ab407674305222dc7f355b0a1fc59,32807,32839,32838,0.09449202914011412,True
32,4,group,CNN,reflection,resnet101,0588fbdbcf5bc31ba4d970f7891e40c72e71272a70afe01e18e4b33bf101c7ac,137443,137580,137444,0.0007275743399093315,True
32,4,group,CNN,reflection,resnet101,abde5350933c01b27a85486db5bd2e8c49140e62119aab5b31432c1aa561b189,137443,137580,137558,0.0836710490894399,True
32,4,group,CNN,reflection,resnet101,2cb37978a2b9b2fd56a4d5a43294b7b306982c260f8b4caabcf23cc27fe7c71a,137443,137580,137480,0.026920250576600857,True
32,4,group,CNN,reflection,densenet,728b35af2fafcb7fbf3726e5345a6014565b4d3f3d9cfbf51cafbbdde97c4cc5,54030,54084,54031,0.0018508236165004632,True
32,4,group,CNN,reflection,densenet,dba2ab7839bc26341a0ea4d1c7c63c0cb8d77bc98894f50810c1d57eafe9ce8c,54030,54084,54006,-0.04441976679622206,True
32,4,group,CNN,reflection,densenet,37d94ef92554b7c3ceb81e96a461414fcc47b33e292c4184acced650974c0fc6,54030,54084,54044,0.025911530631139712,True
32,4,group,CNN,reflection,densenet,fc086a9df04b3faa5084eb969ed1fd7c3ffc1c88f2de57ad76fd03a7743ba16e,54030,54084,54068,0.07033129742735067,True
32,4,group,CNN,reflection,inception_resnet_v1,ebce2a481bd365121eada5c7da3b8f7a3e501a8763d50d1a62fe54a2b35ad61e,129035,129164,129036,0.0007749835315928877,True
32,4,group,CNN,reflection,inception_resnet_v1,67e2aca58fc1b2b5e5b9d3dbb5e4804c98772a07b8e9495e486940db8aff9a76,129035,129164,129161,0.09764792498159203,True
32,4,group,CNN,reflection,inception_resnet_v1,0184f4ff26c850badca5611ea2ad61aa3a2274cf42c8f433a510f6f920c2079a,129035,129164,129123,0.06819855078079584,True
32,4,group,CNN,reflection,inception_resnet_v1,bc73d4620c88144e76c009fd9320e788488251a9b41b1bdc48c67f27984c5c08,129035,129164,129149,0.08834812260238856,True
32,4,group,CNN,reflection,inception_resnet_v1,3d631a94166e70aba204e33a8dcbb15c88a6eea95a4a2daebba4f6f1a615005c,129035,129164,126434,-2.015732165691475,True
32,4,group,CNN,reflection,pnasnet,9f19ac16911b46448a9d5ba2ff2e1c2e5ebf0a036c488f70662fd7181caae247,716828,717544,716828,0.0,True
32,4,group,CNN,reflection,pnasnet,d3d1ee1ead24cc1fceed5282f0a9b2ed07b65bea65ef810fdaaec13ee8c0098b,716828,717544,715892,-0.13057525654689428,True
32,4,group,CNN,reflection,pnasnet,49f11fd7f214caf3d7f703f795c51dcabc97c5b0e7b262ef294d56d550f136f4,716828,717544,716470,-0.0499422455596088,True
32,4,group,CNN,reflection,pnasnet,e84562cc66bfd2724ee39bdb854213fb88f967f4e91ca2785527559f37f7aab7,716828,717544,715723,-0.1541513445345366,True
32,4,group,CNN,reflection,pnasnet,9bdcc4b06285d7ec288e07ecddfec4456f25f0f27533e94bb4166a6bcaa6e606,716828,717544,717354,0.07337883006801604,True
32,4,group,CNN,reflection,resnext50,07ac3a4446ac64d34bcf91f5d240cdf701d94ab4c0629046593e3bee677d0682,41660,41701,41661,0.0024003840614517102,True
32,4,group,CNN,reflection,resnext50,d45e94287cca6d85fdaf6478ed235fcdf189fe550b843528a417b203d6389fbf,41660,41701,41550,-0.2640422467594772,True
32,4,group,CNN,reflection,resnext50,9323fac83959da35375ed717df7d856731b8a79aee4aeb0160106bac53ed3d8b,41660,41701,41696,0.08641382621219496,True
32,4,group,CNN,reflection,resnet152,1ea7b89f266db4fc972866ee73b747e571816357c50564c275a8f333cf248518,204391,204595,204392,0.000489258333291609,True
32,4,group,CNN,reflection,resnet152,25598dddfcc94fd502cba0f85cc37dd6ab4474f26ad634fb249a7d44142d004d,204391,204595,204526,0.06604987499450043,True
32,4,group,CNN,reflection,resnet152,ed2d9d8e5175e519658bde8b87a54e33ececf288803b6c3cf3a3328b45d8c0a4,204391,204595,204428,0.01810255833183394,True
32,4,group,RNN,rotation,gnmt,69a179931f600fbd27af3e0dd6af0029e2e8ab369e6caa4c2d81ce8332139e1f,33736,33769,33754,0.05335546597107221,True
32,4,group,RNN,rotation,gnmt,559d94d57e9c0623c44fcac60705210490f088e373f154a01880d97af920b630,33736,33769,23668,-29.843490633151525,True
32,4,group,RNN,rotation,gnmt,ea8219e95600062ab8601a21667e32d6e0460b81c7dbafe5b9d410541c381721,33736,33769,29768,-11.761916054066868,True
32,4,group,RNN,rotation,gnmt,c42045a8cab844430d837b7da5090451296384dcf96af3816a50c13a9e379b93,33736,33769,33550,-0.5513398150343796,True
32,4,group,RNN,rotation,gnmt,8e9c377595136a2ddd939a6c7326d853ddce4ff04143364e98dec80c738f2d40,33736,33769,30728,-8.916291202276504,True
32,4,group,RNN,rotation,lstm,5b16b46ca71bf9627413ff952a82216661fc2544af53c69893d015871a070ea0,36032,36068,36048,0.0444049733570262,True
32,4,group,RNN,rotation,lstm,d6b2d0eb106f7ae0c9ec6a2f67d46660ff85e82dd6d06bd890d92262d97b9368,36032,36068,23636,-34.402753108348136,True
32,4,group,RNN,rotation,lstm,c9928b8524c7a84770fd93aedd9839bdc303b74321ef7319d0a8df5f7c6e0d4d,36032,36068,26654,-26.026865008880996,True
32,4,group,RNN,rotation,lstm,91209116860fa285f48435807b2a9ad2aeb1e91f117b3d9138099a1c029c2757,36032,36068,28466,-20.998001776198937,True
32,4,group,RNN,rotation,lstm,a5afe80d0939f3bff5128134376cb93e549b34e7bfc72214fac8c24138bd7396,36032,36068,30571,-15.155972468916524,True
32,4,group,RNN,reflection,gnmt,69a179931f600fbd27af3e0dd6af0029e2e8ab369e6caa4c2d81ce8332139e1f,33736,33769,33769,0.09781835428028796,True
32,4,group,RNN,reflection,gnmt,559d94d57e9c0623c44fcac60705210490f088e373f154a01880d97af920b630,33736,33769,23628,-29.96205833530946,True
32,4,group,RNN,reflection,gnmt,ea8219e95600062ab8601a21667e32d6e0460b81c7dbafe5b9d410541c381721,33736,33769,29496,-12.568176428740808,True
32,4,group,RNN,reflection,gnmt,c42045a8cab844430d837b7da5090451296384dcf96af3816a50c13a9e379b93,33736,33769,33541,-0.5780175480199157,True
32,4,group,RNN,reflection,gnmt,8e9c377595136a2ddd939a6c7326d853ddce4ff04143364e98dec80c738f2d40,33736,33769,30852,-8.54873132558691,True
32,4,group,RNN,reflection,lstm,5b16b46ca71bf9627413ff952a82216661fc2544af53c69893d015871a070ea0,36032,36068,36040,0.022202486678501998,True
32,4,group,RNN,reflection,lstm,d6b2d0eb106f7ae0c9ec6a2f67d46660ff85e82dd6d06bd890d92262d97b9368,36032,36068,23604,-34.491563055062166,True
32,4,group,RNN,reflection,lstm,c9928b8524c7a84770fd93aedd9839bdc303b74321ef7319d0a8df5f7c6e0d4d,36032,36068,26546,-26.326598579040848,True
32,4,group,RNN,reflection,lstm,91209116860fa285f48435807b2a9ad2aeb1e91f117b3d9138099a1c029c2757,36032,36068,28611,-20.595581705150977,True
32,4,group,RNN,reflection,lstm,a5afe80d0939f3bff5128134376cb93e549b34e7bfc72214fac8c24138bd7396,36032,36068,30564,-15.175399644760212,True
32,4,group,Transformer,rotation,transformer,1b5c77659cdf881bca9c760d3d889c66e899c54389a42f7819d6fe282db1b1af,476160,476636,476160,0.0,True
32,4,group,Transformer,rotation,transformer,9c684bef319142645f512c8952a1c7cb2dd8003a45ee468bf79e918c4098af68,476160,476636,476160,0.0,True
32,4,group,Transformer,rotation,transformer,14d08af9c3273573468c65b788ef6197d20f539096cb3f5abb27603813c57d70,476160,476636,476160,0.0,True
32,4,group,Transformer,rotation,transformer,bb8dcbf669704c0e0479f390a76b1f50f548aaef2fa1a7db3edf7ac933282eb1,476160,476636,476223,0.01323084677420372,True
32,4,group,Transformer,rotation,transformer,6d2db64245e27c5eb9aba6910ab4d04cf30a82a27e880ae5cbed98f8c68b943a,476160,476636,476160,0.0,True
32,4,group,Transformer,rotation,transformer_cell,310b100ac659aba814629ed767bf06b7a58b00733e02af884bc599c5ef238ced,83200,83283,83200,0.0,True
32,4,group,Transformer,rotation,transformer_cell,27eb8db3015f68936f16af149ab3b45d1331a34313873ac343c380c1e67e50c0,83200,83283,83200,0.0,True
32,4,group,Transformer,rotation,transformer_cell,5cff99bc8a36241eafdc3d7ea01352a7a5e3089c287316b11bf08efe41744085,83200,83283,83072,-0.15384615384614886,True
32,4,group,Transformer,rotation,transformer_cell,84dfe29145eef4d7727f1b04eb09b20e3bb2eea6895ee51624f8ebd1896f15f3,83200,83283,83200,0.0,True
32,4,group,Transformer,rotation,transformer_cell,c5b269f393a3a7e5162daa513ba7b872221f5808fcafd12ac832a9f566ab2db3,83200,83283,83200,0.0,True
32,4,group,Transformer,rotation,bert_block,aba25bf1d697b667b7a8265de5edb50ae3d8f44efe72729dd4ee36bc04691702,88064,88152,88064,0.0,True
32,4,group,Transformer,rotation,bert_block,87035c437bbc92ebe0a8773d06f95f942aacfa8fc014c472b274b10204a16797,88064,88152,88064,0.0,True
32,4,group,Transformer,rotation,bert_block,4e2c8ab312f0aabbff08d4589cd03d3b8b42be1477071ccbb232eae438cf7348,88064,88152,88064,0.0,True
32,4,group,Transformer,rotation,bert_block,213ed8f8f22478474184e6dddadfe3a4d7b41a54c554165f62b591a65ca2b699,88064,88152,88064,0.0,True
32,4,group,Transformer,rotation,bert_block,f5330432e54883fb9ccf93ef120eeef0ec941baf06affca4afe701fcd8a0b844,88064,88152,88064,0.0,True
32,4,group,Transformer,rotation,gpt_prefill_block,6acebe5cd8ecb3a4e0c2657cdc6fc6700058b795dd60d8ca79c3618a2351e365,166400,166566,166400,0.0,True
32,4,group,Transformer,rotation,gpt_prefill_block,18f46ea719468267741ebac3a802ee30ebce07c7270edc652e17113f72cfee31,166400,166566,166400,0.0,True
32,4,group,Transformer,rotation,gpt_prefill_block,d210a1ce6bff4f9ba5dbe6b0fceb416dad3ae1d88bc4327c708ae91fc070ad30,166400,166566,166468,0.040865384615385025,True
32,4,group,Transformer,rotation,gpt_prefill_block,f242a45529f71aafdd25d26e644444059894cb2de0181f6c7c7b873d88141c63,166400,166566,166416,0.009615384615391243,True
32,4,group,Transformer,rotation,gpt_prefill_block,d82fa6b5d23cd89d0a5b21c30ec68dae5ccf5ddf3d8540f945a619e48a8116e2,166400,166566,166416,0.009615384615391243,True
32,4,group,Transformer,rotation,gpt_decode_block,cb55a574942ae84f14dbeb703a546dda6bad87a67f3a23e51265e49564439337,8265,8273,8267,0.02419842710223996,True
32,4,group,Transformer,rotation,gpt_decode_block,059a917b9805414f301669951d2f42d868f9c985f9bfb83d4220ec906541b925,8265,8273,7517,-9.050211736237145,True
32,4,group,Transformer,rotation,gpt_decode_block,eb8a8ea37fef27a7b4362a57a1f895b9d7d9d952602692da68d5e87ed1e05d31,8265,8273,7095,-14.156079854809434,True
32,4,group,Transformer,rotation,gpt_decode_block,d456be3150fa3ffd1201e2145a733d62f9c59b024097682efc53192ad431ca0f,8265,8273,7396,-10.514216575922564,True
32,4,group,Transformer,rotation,gpt_decode_block,71ffec55b9b17fadac9c4154f08a8d48d87a898c5eb29c935b106910236bb688,8265,8273,8255,-0.1209921355111887,True
32,4,group,Transformer,reflection,transformer,1b5c77659cdf881bca9c760d3d889c66e899c54389a42f7819d6fe282db1b1af,476160,476636,476160,0.0,True
32,4,group,Transformer,reflection,transformer,9c684bef319142645f512c8952a1c7cb2dd8003a45ee468bf79e918c4098af68,476160,476636,476160,0.0,True
32,4,group,Transformer,reflection,transformer,14d08af9c3273573468c65b788ef6197d20f539096cb3f5abb27603813c57d70,476160,476636,476160,0.0,True
32,4,group,Transformer,reflection,transformer,bb8dcbf669704c0e0479f390a76b1f50f548aaef2fa1a7db3edf7ac933282eb1,476160,476636,476223,0.01323084677420372,True
32,4,group,Transformer,reflection,transformer,6d2db64245e27c5eb9aba6910ab4d04cf30a82a27e880ae5cbed98f8c68b943a,476160,476636,476160,0.0,True
32,4,group,Transformer,reflection,transformer_cell,310b100ac659aba814629ed767bf06b7a58b00733e02af884bc599c5ef238ced,83200,83283,83200,0.0,True
32,4,group,Transformer,reflection,transformer_cell,27eb8db3015f68936f16af149ab3b45d1331a34313873ac343c380c1e67e50c0,83200,83283,83200,0.0,True
32,4,group,Transformer,reflection,transformer_cell,5cff99bc8a36241eafdc3d7ea01352a7a5e3089c287316b11bf08efe41744085,83200,83283,83072,-0.15384615384614886,True
32,4,group,Transformer,reflection,transformer_cell,84dfe29145eef4d7727f1b04eb09b20e3bb2eea6895ee51624f8ebd1896f15f3,83200,83283,83200,0.0,True
32,4,group,Transformer,reflection,transformer_cell,c5b269f393a3a7e5162daa513ba7b872221f5808fcafd12ac832a9f566ab2db3,83200,83283,83200,0.0,True
32,4,group,Transformer,reflection,bert_block,aba25bf1d697b667b7a8265de5edb50ae3d8f44efe72729dd4ee36bc04691702,88064,88152,88064,0.0,True
32,4,group,Transformer,reflection,bert_block,87035c437bbc92ebe0a8773d06f95f942aacfa8fc014c472b274b10204a16797,88064,88152,88064,0.0,True
32,4,group,Transformer,reflection,bert_block,4e2c8ab312f0aabbff08d4589cd03d3b8b42be1477071ccbb232eae438cf7348,88064,88152,88064,0.0,True
32,4,group,Transformer,reflection,bert_block,213ed8f8f22478474184e6dddadfe3a4d7b41a54c554165f62b591a65ca2b699,88064,88152,88064,0.0,True
32,4,group,Transformer,reflection,bert_block,f5330432e54883fb9ccf93ef120eeef0ec941baf06affca4afe701fcd8a0b844,88064,88152,88064,0.0,True
32,4,group,Transformer,reflection,gpt_prefill_block,6acebe5cd8ecb3a4e0c2657cdc6fc6700058b795dd60d8ca79c3618a2351e365,166400,166566,166400,0.0,True
32,4,group,Transformer,reflection,gpt_prefill_block,18f46ea719468267741ebac3a802ee30ebce07c7270edc652e17113f72cfee31,166400,166566,166400,0.0,True
32,4,group,Transformer,reflection,gpt_prefill_block,d210a1ce6bff4f9ba5dbe6b0fceb416dad3ae1d88bc4327c708ae91fc070ad30,166400,166566,166468,0.040865384615385025,True
32,4,group,Transformer,reflection,gpt_prefill_block,f242a45529f71aafdd25d26e644444059894cb2de0181f6c7c7b873d88141c63,166400,166566,166416,0.009615384615391243,True
32,4,group,Transformer,reflection,gpt_prefill_block,d82fa6b5d23cd89d0a5b21c30ec68dae5ccf5ddf3d8540f945a619e48a8116e2,166400,166566,166416,0.009615384615391243,True
32,4,group,Transformer,reflection,gpt_decode_block,cb55a574942ae84f14dbeb703a546dda6bad87a67f3a23e51265e49564439337,8265,8273,8267,0.02419842710223996,True
32,4,group,Transformer,reflection,gpt_decode_block,059a917b9805414f301669951d2f42d868f9c985f9bfb83d4220ec906541b925,8265,8273,7517,-9.050211736237145,True
32,4,group,Transformer,reflection,gpt_decode_block,eb8a8ea37fef27a7b4362a57a1f895b9d7d9d952602692da68d5e87ed1e05d31,8265,8273,7095,-14.156079854809434,True
32,4,group,Transformer,reflection,gpt_decode_block,d456be3150fa3ffd1201e2145a733d62f9c59b024097682efc53192ad431ca0f,8265,8273,7396,-10.514216575922564,True
32,4,group,Transformer,reflection,gpt_decode_block,71ffec55b9b17fadac9c4154f08a8d48d87a898c5eb29c935b106910236bb688,8265,8273,8255,-0.1209921355111887,True
32,4,all,ALL17,rotation,darknet19,7ead3b3f1806efd663ec0bd96f03a4c2c912e0dd893c967584d8142fc347640d,47948,47995,47948,0.0,True
32,4,all,ALL17,rotation,darknet19,f57ff8cfe79313bc617deb47cf2f6a27917ad51f3a43f08599f1af33be5d1f90,47948,47995,47892,-0.11679319262534182,True
32,4,all,ALL17,rotation,darknet19,ae07c60bf0f4e5ebd64fcfabd792e56285dc6da48fb5d841b7e741204bfa3f90,47948,47995,47892,-0.11679319262534182,True
32,4,all,ALL17,rotation,vgg19,4316b330c646bf10ca87a12d27b2991355775417cff49cfb104f72e096b8c239,305389,305694,305389,0.0,True
32,4,all,ALL17,rotation,vgg19,cc8d0c0da2de5466a56a01f77c80f09c8856f9339e487e117fbff9472f462632,305389,305694,305665,0.0903765361555342,True
32,4,all,ALL17,rotation,vgg19,2a3d053379593cb6ab6e58ae0c3a0b277951b94bdcb4d23117b15ccee7c3e0a2,305389,305694,305658,0.0880843776298379,True
32,4,all,ALL17,rotation,resnet50,e32217050f5dfa58964a30cf9ff467f667d63e7a0b79747b3a70d40d3097860e,71279,71350,71280,0.001402937751660005,True
32,4,all,ALL17,rotation,resnet50,a7b1dfc690c59bce76e65cbc78f6371d79881e8c079c02d761e390b172380452,71279,71350,71329,0.07014688758260057,True
32,4,all,ALL17,rotation,resnet50,b5e4e2914c2da2509fc2598135f4cc17d817a76602ae6301150dcb8bcc8bb49d,71279,71350,71281,0.0028058755032978056,True
32,4,all,ALL17,rotation,googlenet,964b96ff0e34062fd23d89ee331ffef151a4165b22ecc621cf00ae0050268472,32807,32839,32810,0.009144389916793116,True
32,4,all,ALL17,rotation,googlenet,b3916aef8dddab3156ad462c783a2507a7bc85155bd33b36ed71748f84281bb3,32807,32839,32835,0.08534763922334321,True
32,4,all,ALL17,rotation,googlenet,66c7b7c2f833d3a2e599bbe852010189887cb4393b5bf65b46667cb18b85186d,32807,32839,32710,-0.29566860730941835,True
32,4,all,ALL17,rotation,googlenet,3815573a3b69de948d1259e4ccc2e0dc189300c168bb812e64f9c721f677567e,32807,32839,32835,0.08534763922334321,True
32,4,all,ALL17,rotation,googlenet,6c710bd72e9c231e34a356968f2fe841eb7ab407674305222dc7f355b0a1fc59,32807,32839,32838,0.09449202914011412,True
32,4,all,ALL17,rotation,resnet101,0588fbdbcf5bc31ba4d970f7891e40c72e71272a70afe01e18e4b33bf101c7ac,137443,137580,137444,0.0007275743399093315,True
32,4,all,ALL17,rotation,resnet101,abde5350933c01b27a85486db5bd2e8c49140e62119aab5b31432c1aa561b189,137443,137580,137558,0.0836710490894399,True
32,4,all,ALL17,rotation,resnet101,2cb37978a2b9b2fd56a4d5a43294b7b306982c260f8b4caabcf23cc27fe7c71a,137443,137580,137480,0.026920250576600857,True
32,4,all,ALL17,rotation,densenet,728b35af2fafcb7fbf3726e5345a6014565b4d3f3d9cfbf51cafbbdde97c4cc5,54030,54084,54031,0.0018508236165004632,True
32,4,all,ALL17,rotation,densenet,dba2ab7839bc26341a0ea4d1c7c63c0cb8d77bc98894f50810c1d57eafe9ce8c,54030,54084,54006,-0.04441976679622206,True
32,4,all,ALL17,rotation,densenet,37d94ef92554b7c3ceb81e96a461414fcc47b33e292c4184acced650974c0fc6,54030,54084,54044,0.025911530631139712,True
32,4,all,ALL17,rotation,densenet,fc086a9df04b3faa5084eb969ed1fd7c3ffc1c88f2de57ad76fd03a7743ba16e,54030,54084,54068,0.07033129742735067,True
32,4,all,ALL17,rotation,inception_resnet_v1,ebce2a481bd365121eada5c7da3b8f7a3e501a8763d50d1a62fe54a2b35ad61e,129035,129164,129035,0.0,True
32,4,all,ALL17,rotation,inception_resnet_v1,67e2aca58fc1b2b5e5b9d3dbb5e4804c98772a07b8e9495e486940db8aff9a76,129035,129164,129160,0.09687294144999914,True
32,4,all,ALL17,rotation,inception_resnet_v1,0184f4ff26c850badca5611ea2ad61aa3a2274cf42c8f433a510f6f920c2079a,129035,129164,129013,-0.01704963769519896,True
32,4,all,ALL17,rotation,inception_resnet_v1,bc73d4620c88144e76c009fd9320e788488251a9b41b1bdc48c67f27984c5c08,129035,129164,129039,0.003099934126393755,True
32,4,all,ALL17,rotation,inception_resnet_v1,3d631a94166e70aba204e33a8dcbb15c88a6eea95a4a2daebba4f6f1a615005c,129035,129164,126433,-2.016507149223079,True
32,4,all,ALL17,rotation,gnmt,69a179931f600fbd27af3e0dd6af0029e2e8ab369e6caa4c2d81ce8332139e1f,33736,33769,33769,0.09781835428028796,True
32,4,all,ALL17,rotation,gnmt,559d94d57e9c0623c44fcac60705210490f088e373f154a01880d97af920b630,33736,33769,15916,-52.82191131135878,True
32,4,all,ALL17,rotation,gnmt,ea8219e95600062ab8601a21667e32d6e0460b81c7dbafe5b9d410541c381721,33736,33769,19896,-41.02442494664453,True
32,4,all,ALL17,rotation,gnmt,c42045a8cab844430d837b7da5090451296384dcf96af3816a50c13a9e379b93,33736,33769,33541,-0.5780175480199157,True
32,4,all,ALL17,rotation,gnmt,8e9c377595136a2ddd939a6c7326d853ddce4ff04143364e98dec80c738f2d40,33736,33769,30852,-8.54873132558691,True
32,4,all,ALL17,rotation,lstm,5b16b46ca71bf9627413ff952a82216661fc2544af53c69893d015871a070ea0,36032,36068,36040,0.022202486678501998,True
32,4,all,ALL17,rotation,lstm,d6b2d0eb106f7ae0c9ec6a2f67d46660ff85e82dd6d06bd890d92262d97b9368,36032,36068,15892,-55.89476021314388,True
32,4,all,ALL17,rotation,lstm,c9928b8524c7a84770fd93aedd9839bdc303b74321ef7319d0a8df5f7c6e0d4d,36032,36068,17802,-50.59391651865008,True
32,4,all,ALL17,rotation,lstm,91209116860fa285f48435807b2a9ad2aeb1e91f117b3d9138099a1c029c2757,36032,36068,27647,-23.27098134991119,True
32,4,all,ALL17,rotation,lstm,a5afe80d0939f3bff5128134376cb93e549b34e7bfc72214fac8c24138bd7396,36032,36068,30564,-15.175399644760212,True
32,4,all,ALL17,rotation,transformer,1b5c77659cdf881bca9c760d3d889c66e899c54389a42f7819d6fe282db1b1af,476160,476636,476160,0.0,True
32,4,all,ALL17,rotation,transformer,9c684bef319142645f512c8952a1c7cb2dd8003a45ee468bf79e918c4098af68,476160,476636,476160,0.0,True
32,4,all,ALL17,rotation,transformer,14d08af9c3273573468c65b788ef6197d20f539096cb3f5abb27603813c57d70,476160,476636,476160,0.0,True
32,4,all,ALL17,rotation,transformer,bb8dcbf669704c0e0479f390a76b1f50f548aaef2fa1a7db3edf7ac933282eb1,476160,476636,476223,0.01323084677420372,True
32,4,all,ALL17,rotation,transformer,6d2db64245e27c5eb9aba6910ab4d04cf30a82a27e880ae5cbed98f8c68b943a,476160,476636,476160,0.0,True
32,4,all,ALL17,rotation,transformer_cell,310b100ac659aba814629ed767bf06b7a58b00733e02af884bc599c5ef238ced,83200,83283,83200,0.0,True
32,4,all,ALL17,rotation,transformer_cell,27eb8db3015f68936f16af149ab3b45d1331a34313873ac343c380c1e67e50c0,83200,83283,83200,0.0,True
32,4,all,ALL17,rotation,transformer_cell,5cff99bc8a36241eafdc3d7ea01352a7a5e3089c287316b11bf08efe41744085,83200,83283,83072,-0.15384615384614886,True
32,4,all,ALL17,rotation,transformer_cell,84dfe29145eef4d7727f1b04eb09b20e3bb2eea6895ee51624f8ebd1896f15f3,83200,83283,83200,0.0,True
32,4,all,ALL17,rotation,transformer_cell,c5b269f393a3a7e5162daa513ba7b872221f5808fcafd12ac832a9f566ab2db3,83200,83283,83200,0.0,True
32,4,all,ALL17,rotation,pnasnet,9f19ac16911b46448a9d5ba2ff2e1c2e5ebf0a036c488f70662fd7181caae247,716828,717544,716828,0.0,True
32,4,all,ALL17,rotation,pnasnet,d3d1ee1ead24cc1fceed5282f0a9b2ed07b65bea65ef810fdaaec13ee8c0098b,716828,717544,715535,-0.1803779986272902,True
32,4,all,ALL17,rotation,pnasnet,49f11fd7f214caf3d7f703f795c51dcabc97c5b0e7b262ef294d56d550f136f4,716828,717544,715873,-0.13322582265201666,True
32,4,all,ALL17,rotation,pnasnet,e84562cc66bfd2724ee39bdb854213fb88f967f4e91ca2785527559f37f7aab7,716828,717544,715618,-0.16879920985228836,True
32,4,all,ALL17,rotation,pnasnet,9bdcc4b06285d7ec288e07ecddfec4456f25f0f27533e94bb4166a6bcaa6e606,716828,717544,716724,-0.014508361838538875,True
32,4,all,ALL17,rotation,resnext50,07ac3a4446ac64d34bcf91f5d240cdf701d94ab4c0629046593e3bee677d0682,41660,41701,41661,0.0024003840614517102,True
32,4,all,ALL17,rotation,resnext50,d45e94287cca6d85fdaf6478ed235fcdf189fe550b843528a417b203d6389fbf,41660,41701,41550,-0.2640422467594772,True
32,4,all,ALL17,rotation,resnext50,9323fac83959da35375ed717df7d856731b8a79aee4aeb0160106bac53ed3d8b,41660,41701,41696,0.08641382621219496,True
32,4,all,ALL17,rotation,resnet152,1ea7b89f266db4fc972866ee73b747e571816357c50564c275a8f333cf248518,204391,204595,204392,0.000489258333291609,True
32,4,all,ALL17,rotation,resnet152,25598dddfcc94fd502cba0f85cc37dd6ab4474f26ad634fb249a7d44142d004d,204391,204595,204526,0.06604987499450043,True
32,4,all,ALL17,rotation,resnet152,ed2d9d8e5175e519658bde8b87a54e33ececf288803b6c3cf3a3328b45d8c0a4,204391,204595,204428,0.01810255833183394,True
32,4,all,ALL17,rotation,bert_block,aba25bf1d697b667b7a8265de5edb50ae3d8f44efe72729dd4ee36bc04691702,88064,88152,88064,0.0,True
32,4,all,ALL17,rotation,bert_block,87035c437bbc92ebe0a8773d06f95f942aacfa8fc014c472b274b10204a16797,88064,88152,88064,0.0,True
32,4,all,ALL17,rotation,bert_block,4e2c8ab312f0aabbff08d4589cd03d3b8b42be1477071ccbb232eae438cf7348,88064,88152,88064,0.0,True
32,4,all,ALL17,rotation,bert_block,213ed8f8f22478474184e6dddadfe3a4d7b41a54c554165f62b591a65ca2b699,88064,88152,88064,0.0,True
32,4,all,ALL17,rotation,bert_block,f5330432e54883fb9ccf93ef120eeef0ec941baf06affca4afe701fcd8a0b844,88064,88152,88064,0.0,True
32,4,all,ALL17,rotation,gpt_prefill_block,6acebe5cd8ecb3a4e0c2657cdc6fc6700058b795dd60d8ca79c3618a2351e365,166400,166566,166400,0.0,True
32,4,all,ALL17,rotation,gpt_prefill_block,18f46ea719468267741ebac3a802ee30ebce07c7270edc652e17113f72cfee31,166400,166566,166400,0.0,True
32,4,all,ALL17,rotation,gpt_prefill_block,d210a1ce6bff4f9ba5dbe6b0fceb416dad3ae1d88bc4327c708ae91fc070ad30,166400,166566,166468,0.040865384615385025,True
32,4,all,ALL17,rotation,gpt_prefill_block,f242a45529f71aafdd25d26e644444059894cb2de0181f6c7c7b873d88141c63,166400,166566,166416,0.009615384615391243,True
32,4,all,ALL17,rotation,gpt_prefill_block,d82fa6b5d23cd89d0a5b21c30ec68dae5ccf5ddf3d8540f945a619e48a8116e2,166400,166566,166416,0.009615384615391243,True
32,4,all,ALL17,rotation,gpt_decode_block,cb55a574942ae84f14dbeb703a546dda6bad87a67f3a23e51265e49564439337,8265,8273,8267,0.02419842710223996,True
32,4,all,ALL17,rotation,gpt_decode_block,059a917b9805414f301669951d2f42d868f9c985f9bfb83d4220ec906541b925,8265,8273,7517,-9.050211736237145,True
32,4,all,ALL17,rotation,gpt_decode_block,eb8a8ea37fef27a7b4362a57a1f895b9d7d9d952602692da68d5e87ed1e05d31,8265,8273,7095,-14.156079854809434,True
32,4,all,ALL17,rotation,gpt_decode_block,d456be3150fa3ffd1201e2145a733d62f9c59b024097682efc53192ad431ca0f,8265,8273,7396,-10.514216575922564,True
32,4,all,ALL17,rotation,gpt_decode_block,71ffec55b9b17fadac9c4154f08a8d48d87a898c5eb29c935b106910236bb688,8265,8273,8243,-0.26618269812461737,True
32,4,all,ALL17,reflection,darknet19,7ead3b3f1806efd663ec0bd96f03a4c2c912e0dd893c967584d8142fc347640d,47948,47995,47948,0.0,True
32,4,all,ALL17,reflection,darknet19,f57ff8cfe79313bc617deb47cf2f6a27917ad51f3a43f08599f1af33be5d1f90,47948,47995,47892,-0.11679319262534182,True
32,4,all,ALL17,reflection,darknet19,ae07c60bf0f4e5ebd64fcfabd792e56285dc6da48fb5d841b7e741204bfa3f90,47948,47995,47892,-0.11679319262534182,True
32,4,all,ALL17,reflection,vgg19,4316b330c646bf10ca87a12d27b2991355775417cff49cfb104f72e096b8c239,305389,305694,305389,0.0,True
32,4,all,ALL17,reflection,vgg19,cc8d0c0da2de5466a56a01f77c80f09c8856f9339e487e117fbff9472f462632,305389,305694,305665,0.0903765361555342,True
32,4,all,ALL17,reflection,vgg19,2a3d053379593cb6ab6e58ae0c3a0b277951b94bdcb4d23117b15ccee7c3e0a2,305389,305694,305658,0.0880843776298379,True
32,4,all,ALL17,reflection,resnet50,e32217050f5dfa58964a30cf9ff467f667d63e7a0b79747b3a70d40d3097860e,71279,71350,71280,0.001402937751660005,True
32,4,all,ALL17,reflection,resnet50,a7b1dfc690c59bce76e65cbc78f6371d79881e8c079c02d761e390b172380452,71279,71350,71329,0.07014688758260057,True
32,4,all,ALL17,reflection,resnet50,b5e4e2914c2da2509fc2598135f4cc17d817a76602ae6301150dcb8bcc8bb49d,71279,71350,71281,0.0028058755032978056,True
32,4,all,ALL17,reflection,googlenet,964b96ff0e34062fd23d89ee331ffef151a4165b22ecc621cf00ae0050268472,32807,32839,32810,0.009144389916793116,True
32,4,all,ALL17,reflection,googlenet,b3916aef8dddab3156ad462c783a2507a7bc85155bd33b36ed71748f84281bb3,32807,32839,32835,0.08534763922334321,True
32,4,all,ALL17,reflection,googlenet,66c7b7c2f833d3a2e599bbe852010189887cb4393b5bf65b46667cb18b85186d,32807,32839,32710,-0.29566860730941835,True
32,4,all,ALL17,reflection,googlenet,3815573a3b69de948d1259e4ccc2e0dc189300c168bb812e64f9c721f677567e,32807,32839,32835,0.08534763922334321,True
32,4,all,ALL17,reflection,googlenet,6c710bd72e9c231e34a356968f2fe841eb7ab407674305222dc7f355b0a1fc59,32807,32839,32838,0.09449202914011412,True
32,4,all,ALL17,reflection,resnet101,0588fbdbcf5bc31ba4d970f7891e40c72e71272a70afe01e18e4b33bf101c7ac,137443,137580,137444,0.0007275743399093315,True
32,4,all,ALL17,reflection,resnet101,abde5350933c01b27a85486db5bd2e8c49140e62119aab5b31432c1aa561b189,137443,137580,137558,0.0836710490894399,True
32,4,all,ALL17,reflection,resnet101,2cb37978a2b9b2fd56a4d5a43294b7b306982c260f8b4caabcf23cc27fe7c71a,137443,137580,137480,0.026920250576600857,True
32,4,all,ALL17,reflection,densenet,728b35af2fafcb7fbf3726e5345a6014565b4d3f3d9cfbf51cafbbdde97c4cc5,54030,54084,54031,0.0018508236165004632,True
32,4,all,ALL17,reflection,densenet,dba2ab7839bc26341a0ea4d1c7c63c0cb8d77bc98894f50810c1d57eafe9ce8c,54030,54084,54006,-0.04441976679622206,True
32,4,all,ALL17,reflection,densenet,37d94ef92554b7c3ceb81e96a461414fcc47b33e292c4184acced650974c0fc6,54030,54084,54044,0.025911530631139712,True
32,4,all,ALL17,reflection,densenet,fc086a9df04b3faa5084eb969ed1fd7c3ffc1c88f2de57ad76fd03a7743ba16e,54030,54084,54068,0.07033129742735067,True
32,4,all,ALL17,reflection,inception_resnet_v1,ebce2a481bd365121eada5c7da3b8f7a3e501a8763d50d1a62fe54a2b35ad61e,129035,129164,129035,0.0,True
32,4,all,ALL17,reflection,inception_resnet_v1,67e2aca58fc1b2b5e5b9d3dbb5e4804c98772a07b8e9495e486940db8aff9a76,129035,129164,129160,0.09687294144999914,True
32,4,all,ALL17,reflection,inception_resnet_v1,0184f4ff26c850badca5611ea2ad61aa3a2274cf42c8f433a510f6f920c2079a,129035,129164,129127,0.0712984849071896,True
32,4,all,ALL17,reflection,inception_resnet_v1,bc73d4620c88144e76c009fd9320e788488251a9b41b1bdc48c67f27984c5c08,129035,129164,129153,0.09144805672880452,True
32,4,all,ALL17,reflection,inception_resnet_v1,3d631a94166e70aba204e33a8dcbb15c88a6eea95a4a2daebba4f6f1a615005c,129035,129164,126433,-2.016507149223079,True
32,4,all,ALL17,reflection,gnmt,69a179931f600fbd27af3e0dd6af0029e2e8ab369e6caa4c2d81ce8332139e1f,33736,33769,33769,0.09781835428028796,True
32,4,all,ALL17,reflection,gnmt,559d94d57e9c0623c44fcac60705210490f088e373f154a01880d97af920b630,33736,33769,15916,-52.82191131135878,True
32,4,all,ALL17,reflection,gnmt,ea8219e95600062ab8601a21667e32d6e0460b81c7dbafe5b9d410541c381721,33736,33769,19902,-41.00663979132084,True
32,4,all,ALL17,reflection,gnmt,c42045a8cab844430d837b7da5090451296384dcf96af3816a50c13a9e379b93,33736,33769,33541,-0.5780175480199157,True
32,4,all,ALL17,reflection,gnmt,8e9c377595136a2ddd939a6c7326d853ddce4ff04143364e98dec80c738f2d40,33736,33769,30852,-8.54873132558691,True
32,4,all,ALL17,reflection,lstm,5b16b46ca71bf9627413ff952a82216661fc2544af53c69893d015871a070ea0,36032,36068,36040,0.022202486678501998,True
32,4,all,ALL17,reflection,lstm,d6b2d0eb106f7ae0c9ec6a2f67d46660ff85e82dd6d06bd890d92262d97b9368,36032,36068,15892,-55.89476021314388,True
32,4,all,ALL17,reflection,lstm,c9928b8524c7a84770fd93aedd9839bdc303b74321ef7319d0a8df5f7c6e0d4d,36032,36068,17798,-50.60501776198934,True
32,4,all,ALL17,reflection,lstm,91209116860fa285f48435807b2a9ad2aeb1e91f117b3d9138099a1c029c2757,36032,36068,27647,-23.27098134991119,True
32,4,all,ALL17,reflection,lstm,a5afe80d0939f3bff5128134376cb93e549b34e7bfc72214fac8c24138bd7396,36032,36068,30564,-15.175399644760212,True
32,4,all,ALL17,reflection,transformer,1b5c77659cdf881bca9c760d3d889c66e899c54389a42f7819d6fe282db1b1af,476160,476636,476160,0.0,True
32,4,all,ALL17,reflection,transformer,9c684bef319142645f512c8952a1c7cb2dd8003a45ee468bf79e918c4098af68,476160,476636,476160,0.0,True
32,4,all,ALL17,reflection,transformer,14d08af9c3273573468c65b788ef6197d20f539096cb3f5abb27603813c57d70,476160,476636,476160,0.0,True
32,4,all,ALL17,reflection,transformer,bb8dcbf669704c0e0479f390a76b1f50f548aaef2fa1a7db3edf7ac933282eb1,476160,476636,476223,0.01323084677420372,True
32,4,all,ALL17,reflection,transformer,6d2db64245e27c5eb9aba6910ab4d04cf30a82a27e880ae5cbed98f8c68b943a,476160,476636,476160,0.0,True
32,4,all,ALL17,reflection,transformer_cell,310b100ac659aba814629ed767bf06b7a58b00733e02af884bc599c5ef238ced,83200,83283,83200,0.0,True
32,4,all,ALL17,reflection,transformer_cell,27eb8db3015f68936f16af149ab3b45d1331a34313873ac343c380c1e67e50c0,83200,83283,83251,0.06129807692307754,True
32,4,all,ALL17,reflection,transformer_cell,5cff99bc8a36241eafdc3d7ea01352a7a5e3089c287316b11bf08efe41744085,83200,83283,83072,-0.15384615384614886,True
32,4,all,ALL17,reflection,transformer_cell,84dfe29145eef4d7727f1b04eb09b20e3bb2eea6895ee51624f8ebd1896f15f3,83200,83283,83200,0.0,True
32,4,all,ALL17,reflection,transformer_cell,c5b269f393a3a7e5162daa513ba7b872221f5808fcafd12ac832a9f566ab2db3,83200,83283,83200,0.0,True
32,4,all,ALL17,reflection,pnasnet,9f19ac16911b46448a9d5ba2ff2e1c2e5ebf0a036c488f70662fd7181caae247,716828,717544,717118,0.04045600897286672,True
32,4,all,ALL17,reflection,pnasnet,d3d1ee1ead24cc1fceed5282f0a9b2ed07b65bea65ef810fdaaec13ee8c0098b,716828,717544,715753,-0.14996624015802817,True
32,4,all,ALL17,reflection,pnasnet,49f11fd7f214caf3d7f703f795c51dcabc97c5b0e7b262ef294d56d550f136f4,716828,717544,716103,-0.1011400224321557,True
32,4,all,ALL17,reflection,pnasnet,e84562cc66bfd2724ee39bdb854213fb88f967f4e91ca2785527559f37f7aab7,716828,717544,715618,-0.16879920985228836,True
32,4,all,ALL17,reflection,pnasnet,9bdcc4b06285d7ec288e07ecddfec4456f25f0f27533e94bb4166a6bcaa6e606,716828,717544,716850,0.003069076542772109,True
32,4,all,ALL17,reflection,resnext50,07ac3a4446ac64d34bcf91f5d240cdf701d94ab4c0629046593e3bee677d0682,41660,41701,41661,0.0024003840614517102,True
32,4,all,ALL17,reflection,resnext50,d45e94287cca6d85fdaf6478ed235fcdf189fe550b843528a417b203d6389fbf,41660,41701,41550,-0.2640422467594772,True
32,4,all,ALL17,reflection,resnext50,9323fac83959da35375ed717df7d856731b8a79aee4aeb0160106bac53ed3d8b,41660,41701,41696,0.08641382621219496,True
32,4,all,ALL17,reflection,resnet152,1ea7b89f266db4fc972866ee73b747e571816357c50564c275a8f333cf248518,204391,204595,204392,0.000489258333291609,True
32,4,all,ALL17,reflection,resnet152,25598dddfcc94fd502cba0f85cc37dd6ab4474f26ad634fb249a7d44142d004d,204391,204595,204526,0.06604987499450043,True
32,4,all,ALL17,reflection,resnet152,ed2d9d8e5175e519658bde8b87a54e33ececf288803b6c3cf3a3328b45d8c0a4,204391,204595,204428,0.01810255833183394,True
32,4,all,ALL17,reflection,bert_block,aba25bf1d697b667b7a8265de5edb50ae3d8f44efe72729dd4ee36bc04691702,88064,88152,88064,0.0,True
32,4,all,ALL17,reflection,bert_block,87035c437bbc92ebe0a8773d06f95f942aacfa8fc014c472b274b10204a16797,88064,88152,88064,0.0,True
32,4,all,ALL17,reflection,bert_block,4e2c8ab312f0aabbff08d4589cd03d3b8b42be1477071ccbb232eae438cf7348,88064,88152,88064,0.0,True
32,4,all,ALL17,reflection,bert_block,213ed8f8f22478474184e6dddadfe3a4d7b41a54c554165f62b591a65ca2b699,88064,88152,88064,0.0,True
32,4,all,ALL17,reflection,bert_block,f5330432e54883fb9ccf93ef120eeef0ec941baf06affca4afe701fcd8a0b844,88064,88152,88064,0.0,True
32,4,all,ALL17,reflection,gpt_prefill_block,6acebe5cd8ecb3a4e0c2657cdc6fc6700058b795dd60d8ca79c3618a2351e365,166400,166566,166400,0.0,True
32,4,all,ALL17,reflection,gpt_prefill_block,18f46ea719468267741ebac3a802ee30ebce07c7270edc652e17113f72cfee31,166400,166566,166400,0.0,True
32,4,all,ALL17,reflection,gpt_prefill_block,d210a1ce6bff4f9ba5dbe6b0fceb416dad3ae1d88bc4327c708ae91fc070ad30,166400,166566,166468,0.040865384615385025,True
32,4,all,ALL17,reflection,gpt_prefill_block,f242a45529f71aafdd25d26e644444059894cb2de0181f6c7c7b873d88141c63,166400,166566,166416,0.009615384615391243,True
32,4,all,ALL17,reflection,gpt_prefill_block,d82fa6b5d23cd89d0a5b21c30ec68dae5ccf5ddf3d8540f945a619e48a8116e2,166400,166566,166416,0.009615384615391243,True
32,4,all,ALL17,reflection,gpt_decode_block,cb55a574942ae84f14dbeb703a546dda6bad87a67f3a23e51265e49564439337,8265,8273,8267,0.02419842710223996,True
32,4,all,ALL17,reflection,gpt_decode_block,059a917b9805414f301669951d2f42d868f9c985f9bfb83d4220ec906541b925,8265,8273,7517,-9.050211736237145,True
32,4,all,ALL17,reflection,gpt_decode_block,eb8a8ea37fef27a7b4362a57a1f895b9d7d9d952602692da68d5e87ed1e05d31,8265,8273,7173,-13.212341197822141,True
32,4,all,ALL17,reflection,gpt_decode_block,d456be3150fa3ffd1201e2145a733d62f9c59b024097682efc53192ad431ca0f,8265,8273,7396,-10.514216575922564,True
32,4,all,ALL17,reflection,gpt_decode_block,71ffec55b9b17fadac9c4154f08a8d48d87a898c5eb29c935b106910236bb688,8265,8273,8243,-0.26618269812461737,True
32,16,workload,darknet19,rotation,darknet19,16a3fd7c47426e870db12d3001fd17d2d2372d1bb10917248c5086e12a9afc9d,16048,16064,16064,0.09970089730808596,True
32,16,workload,darknet19,rotation,darknet19,65f6f791aec5af60e2bfcb04bdc6e8de1d4395e79b6af4f4b8d56be2006e8681,16048,16064,15274,-4.82303090727817,True
32,16,workload,darknet19,rotation,darknet19,bd89646be4f15ddcd8b4e74506c014196211c1b178366ea54db0ded22d4d9884,16048,16064,15413,-3.956879361914256,True
32,16,workload,darknet19,rotation,darknet19,c2fe7a32fb38e7217500be844c2cdc6d0c09c3fb71080ed55b85474ef82cd4f4,16048,16064,16057,0.0560817547357928,True
32,16,workload,darknet19,rotation,darknet19,28a745c9e7e3f76c96b7c37a50da104d64cd0636b84425c3fa0809e4860c96e8,16048,16064,16040,-0.04985044865404298,True
32,16,workload,darknet19,reflection,darknet19,16a3fd7c47426e870db12d3001fd17d2d2372d1bb10917248c5086e12a9afc9d,16048,16064,16064,0.09970089730808596,True
32,16,workload,darknet19,reflection,darknet19,65f6f791aec5af60e2bfcb04bdc6e8de1d4395e79b6af4f4b8d56be2006e8681,16048,16064,15274,-4.82303090727817,True
32,16,workload,darknet19,reflection,darknet19,bd89646be4f15ddcd8b4e74506c014196211c1b178366ea54db0ded22d4d9884,16048,16064,15413,-3.956879361914256,True
32,16,workload,darknet19,reflection,darknet19,c2fe7a32fb38e7217500be844c2cdc6d0c09c3fb71080ed55b85474ef82cd4f4,16048,16064,16057,0.0560817547357928,True
32,16,workload,darknet19,reflection,darknet19,28a745c9e7e3f76c96b7c37a50da104d64cd0636b84425c3fa0809e4860c96e8,16048,16064,16040,-0.04985044865404298,True
32,16,workload,vgg19,rotation,vgg19,5df2066d08f87c29b6b7d6024a17c7098cc2bce8f4a33b9376b7860ea8de7661,83629,83712,83630,0.0011957574525656156,True
32,16,workload,vgg19,rotation,vgg19,6e08566abdc7a22a1f7ccd7e6f35dd0e304a5c0cad28afd70f5370518c9837b3,83629,83712,83630,0.0011957574525656156,True
32,16,workload,vgg19,rotation,vgg19,a70f30726b9dddbe4dc841ce6ebd843b1b6e396fb202e7352d34d82a655d3672,83629,83712,83630,0.0011957574525656156,True
32,16,workload,vgg19,rotation,vgg19,19610fe21c3b2a1dda368ad0dcc70853e786c917ee391f98d1dddd7c3edeba6a,83629,83712,83629,0.0,True
32,16,workload,vgg19,reflection,vgg19,5df2066d08f87c29b6b7d6024a17c7098cc2bce8f4a33b9376b7860ea8de7661,83629,83712,83630,0.0011957574525656156,True
32,16,workload,vgg19,reflection,vgg19,6e08566abdc7a22a1f7ccd7e6f35dd0e304a5c0cad28afd70f5370518c9837b3,83629,83712,83630,0.0011957574525656156,True
32,16,workload,vgg19,reflection,vgg19,a70f30726b9dddbe4dc841ce6ebd843b1b6e396fb202e7352d34d82a655d3672,83629,83712,83701,0.08609453658419142,True
32,16,workload,vgg19,reflection,vgg19,19610fe21c3b2a1dda368ad0dcc70853e786c917ee391f98d1dddd7c3edeba6a,83629,83712,83629,0.0,True
32,16,workload,resnet50,rotation,resnet50,0cde75a5e47a9fd901c556d3cb3f04a9e2fb6665ccc57a210c8016f65ffc367b,31224,31255,31240,0.0512426338713734,True
32,16,workload,resnet50,rotation,resnet50,6d0bc2d6fec22f23f0af3aaaef7515b9c34f54735347b241d6b72aeafc5ca465,31224,31255,30775,-1.4379964130156297,True
32,16,workload,resnet50,rotation,resnet50,5b1b5622bc7fa87af2250e1e9184c746cfcd0406029439812a5f52aa06ac1003,31224,31255,30945,-0.8935434281322041,True
32,16,workload,resnet50,rotation,resnet50,a631e1cb85ea4ca0be9ac1575a1e85595f2f376bec36e3a89df9b4da020ae515,31224,31255,30830,-1.2618498590827532,True
32,16,workload,resnet50,reflection,resnet50,0cde75a5e47a9fd901c556d3cb3f04a9e2fb6665ccc57a210c8016f65ffc367b,31224,31255,31240,0.0512426338713734,True
32,16,workload,resnet50,reflection,resnet50,6d0bc2d6fec22f23f0af3aaaef7515b9c34f54735347b241d6b72aeafc5ca465,31224,31255,30775,-1.4379964130156297,True
32,16,workload,resnet50,reflection,resnet50,5b1b5622bc7fa87af2250e1e9184c746cfcd0406029439812a5f52aa06ac1003,31224,31255,30945,-0.8935434281322041,True
32,16,workload,resnet50,reflection,resnet50,a631e1cb85ea4ca0be9ac1575a1e85595f2f376bec36e3a89df9b4da020ae515,31224,31255,30830,-1.2618498590827532,True
32,16,workload,googlenet,rotation,googlenet,bf8bb5ed0a92c69159d1ed5c1a335c3602efa03820fb195ef440c6b5a473cd17,13767,13780,13779,0.08716495968621452,True
32,16,workload,googlenet,rotation,googlenet,b235d41a08d43e3bcf96eb053032bb49db6825861f4e4bd3811d40946eb7daa5,13767,13780,13388,-2.7529599767560087,True
32,16,workload,googlenet,rotation,googlenet,7be7e2e93ab1397ad4aacae937d3da3df08d4b9c42b8eea00efaeb177ceaafc4,13767,13780,13402,-2.6512675237887695,True
32,16,workload,googlenet,rotation,googlenet,e4ace1ba79c9eabebb550a6be8408f3cf53e14e4b70577fb7029f38066b2f2e7,13767,13780,13780,0.09442870632672129,True
32,16,workload,googlenet,reflection,googlenet,bf8bb5ed0a92c69159d1ed5c1a335c3602efa03820fb195ef440c6b5a473cd17,13767,13780,13779,0.08716495968621452,True
32,16,workload,googlenet,reflection,googlenet,b235d41a08d43e3bcf96eb053032bb49db6825861f4e4bd3811d40946eb7daa5,13767,13780,13388,-2.7529599767560087,True
32,16,workload,googlenet,reflection,googlenet,7be7e2e93ab1397ad4aacae937d3da3df08d4b9c42b8eea00efaeb177ceaafc4,13767,13780,13402,-2.6512675237887695,True
32,16,workload,googlenet,reflection,googlenet,e4ace1ba79c9eabebb550a6be8408f3cf53e14e4b70577fb7029f38066b2f2e7,13767,13780,13780,0.09442870632672129,True
32,16,workload,resnet101,rotation,resnet101,3a5a7ca994f5583f7b64f578e28d0d50f880b981c0c73745d5003513c8451b9f,54547,54601,54581,0.06233156727226685,True
32,16,workload,resnet101,rotation,resnet101,70760f729a43604fb2b763468862bcb9764d472f6cc6ba32c4ea73b9a39c6c94,54547,54601,54331,-0.39598878031789075,True
32,16,workload,resnet101,reflection,resnet101,3a5a7ca994f5583f7b64f578e28d0d50f880b981c0c73745d5003513c8451b9f,54547,54601,54581,0.06233156727226685,True
32,16,workload,resnet101,reflection,resnet101,70760f729a43604fb2b763468862bcb9764d472f6cc6ba32c4ea73b9a39c6c94,54547,54601,54331,-0.39598878031789075,True
32,16,workload,densenet,rotation,densenet,77132c8c69a2fc015475465f618917215f6a26c6125f4bc27e76ce37e7219cd9,25063,25088,25080,0.06782907074172062,True
32,16,workload,densenet,reflection,densenet,77132c8c69a2fc015475465f618917215f6a26c6125f4bc27e76ce37e7219cd9,25063,25088,25080,0.06782907074172062,True
32,16,workload,inception_resnet_v1,rotation,inception_resnet_v1,46cc222cda445b35129fe2d74df067074a096e1b93961afcaf902a908afe9368,75789,75864,75837,0.06333372916913493,True
32,16,workload,inception_resnet_v1,rotation,inception_resnet_v1,5b95010296133c32e380accbdd1dda85af17ef822eed277a3c6b6751932c7adf,75789,75864,74442,-1.7773027748090087,True
32,16,workload,inception_resnet_v1,rotation,inception_resnet_v1,9c0510257cc0b2424a4bf55e7019fd78ca0c6d48226afebd1d6baf4a930b71f4,75789,75864,75707,-0.10819512066394532,True
32,16,workload,inception_resnet_v1,reflection,inception_resnet_v1,46cc222cda445b35129fe2d74df067074a096e1b93961afcaf902a908afe9368,75789,75864,75837,0.06333372916913493,True
32,16,workload,inception_resnet_v1,reflection,inception_resnet_v1,5b95010296133c32e380accbdd1dda85af17ef822eed277a3c6b6751932c7adf,75789,75864,74442,-1.7773027748090087,True
32,16,workload,inception_resnet_v1,reflection,inception_resnet_v1,9c0510257cc0b2424a4bf55e7019fd78ca0c6d48226afebd1d6baf4a930b71f4,75789,75864,75707,-0.10819512066394532,True
32,16,workload,gnmt,rotation,gnmt,c3337c219077a5652ca96688811e1b9dafcc3e63fad4b05e08de38cd9f38ff6b,30762,30792,30786,0.07801833430856053,True
32,16,workload,gnmt,rotation,gnmt,cfec8dc81065558a59dab2231e1eeba7c128cc06a6fd840be7782e5d5d01e5d9,30762,30792,15858,-48.44938560561732,True
32,16,workload,gnmt,rotation,gnmt,d60e9a9c1970d2c12b522288174a001d094a72c2df0a8dc9b0699128685838d1,30762,30792,20794,-32.40361484948963,True
32,16,workload,gnmt,rotation,gnmt,196c3be805489ee49aad04d7c38d03686006dbb8b68ff75f4a549c66c99ad5bc,30762,30792,21930,-28.710747025551008,True
32,16,workload,gnmt,rotation,gnmt,ee5aed8980bf24d17fae240fb18e83d6e5d0aea49dfcfaa530c602c1378bbce8,30762,30792,23338,-24.133671412782,True
32,16,workload,gnmt,reflection,gnmt,c3337c219077a5652ca96688811e1b9dafcc3e63fad4b05e08de38cd9f38ff6b,30762,30792,30786,0.07801833430856053,True
32,16,workload,gnmt,reflection,gnmt,cfec8dc81065558a59dab2231e1eeba7c128cc06a6fd840be7782e5d5d01e5d9,30762,30792,15858,-48.44938560561732,True
32,16,workload,gnmt,reflection,gnmt,d60e9a9c1970d2c12b522288174a001d094a72c2df0a8dc9b0699128685838d1,30762,30792,23770,-22.729341395227877,True
32,16,workload,gnmt,reflection,gnmt,196c3be805489ee49aad04d7c38d03686006dbb8b68ff75f4a549c66c99ad5bc,30762,30792,26774,-12.964046550939468,True
32,16,workload,gnmt,reflection,gnmt,ee5aed8980bf24d17fae240fb18e83d6e5d0aea49dfcfaa530c602c1378bbce8,30762,30792,26122,-15.083544632988755,True
32,16,workload,lstm,rotation,lstm,75ebb40b1e896fbe2e58d932ef1ac03ede26c4849c949c9cb98ed84ab0fd3183,47598,47645,47616,0.037816714988014866,True
32,16,workload,lstm,rotation,lstm,3e53420a63d8e0340cf53b165197f8eb423d67ef0195e6ab1e42c834990e8218,47598,47645,15690,-67.03643010210514,True
32,16,workload,lstm,rotation,lstm,18ddbd5f046339555c1dd8fec45be1ec7ab2a434497cb527f33c0d03d4acab8f,47598,47645,32576,-31.56014958611706,True
32,16,workload,lstm,rotation,lstm,662f62c28cf31e4491268536231fa8ba77ed384af5b274bfb70603dd59b253f0,47598,47645,47632,0.071431572755154,True
32,16,workload,lstm,rotation,lstm,0bdb0aa0012e66fedf9b60dba5e877c6d10055e284337ddf41a09c071d13a57e,47598,47645,47628,0.06302785831338031,True
32,16,workload,lstm,reflection,lstm,75ebb40b1e896fbe2e58d932ef1ac03ede26c4849c949c9cb98ed84ab0fd3183,47598,47645,47616,0.037816714988014866,True
32,16,workload,lstm,reflection,lstm,3e53420a63d8e0340cf53b165197f8eb423d67ef0195e6ab1e42c834990e8218,47598,47645,15690,-67.03643010210514,True
32,16,workload,lstm,reflection,lstm,18ddbd5f046339555c1dd8fec45be1ec7ab2a434497cb527f33c0d03d4acab8f,47598,47645,32576,-31.56014958611706,True
32,16,workload,lstm,reflection,lstm,662f62c28cf31e4491268536231fa8ba77ed384af5b274bfb70603dd59b253f0,47598,47645,47632,0.071431572755154,True
32,16,workload,lstm,reflection,lstm,0bdb0aa0012e66fedf9b60dba5e877c6d10055e284337ddf41a09c071d13a57e,47598,47645,47628,0.06302785831338031,True
32,16,workload,transformer,rotation,transformer,a722a03d3758b0cde3f29162d5b9c89d01bd8f9dd614a6434c3efdc84b2907ac,196608,196804,196608,0.0,True
32,16,workload,transformer,rotation,transformer,3628c984729acddcf22abc4dc9a8b2d063fab8eb39272d237eaca566693dcf3f,196608,196804,195848,-0.38655598958333703,True
32,16,workload,transformer,rotation,transformer,54c47622bd4890a227c93947b5f7085e02f70a421731a8ee75eb50c51fe3f431,196608,196804,194942,-0.847371419270837,True
32,16,workload,transformer,rotation,transformer,c1f94f1e2616b5f8ad9120f41d30fed3b6130cbc7d413dd091239de2f6736b7a,196608,196804,196657,0.024922688802075932,True
32,16,workload,transformer,rotation,transformer,2502889d8c792daac9877997c9a8e93c4b6e41dba9222524b47705017906a716,196608,196804,193294,-1.685587565104163,True
32,16,workload,transformer,reflection,transformer,a722a03d3758b0cde3f29162d5b9c89d01bd8f9dd614a6434c3efdc84b2907ac,196608,196804,196608,0.0,True
32,16,workload,transformer,reflection,transformer,3628c984729acddcf22abc4dc9a8b2d063fab8eb39272d237eaca566693dcf3f,196608,196804,196796,0.09562174479167407,True
32,16,workload,transformer,reflection,transformer,54c47622bd4890a227c93947b5f7085e02f70a421731a8ee75eb50c51fe3f431,196608,196804,195238,-0.696818033854163,True
32,16,workload,transformer,reflection,transformer,c1f94f1e2616b5f8ad9120f41d30fed3b6130cbc7d413dd091239de2f6736b7a,196608,196804,196787,0.09104410807292407,True
32,16,workload,transformer,reflection,transformer,2502889d8c792daac9877997c9a8e93c4b6e41dba9222524b47705017906a716,196608,196804,194174,-1.237996419270837,True
32,16,workload,transformer_cell,rotation,transformer_cell,41e5351b72f91179f6058bfa40a0b8321eefd1c0eed6bd73b0a951b2988b935a,34048,34082,33996,-0.15272556390977243,True
32,16,workload,transformer_cell,rotation,transformer_cell,20c708c8657cc5eee2c76c9ae3135d69c49b42d108713cf2d95a85c812e9abf9,34048,34082,33162,-2.602208646616544,True
32,16,workload,transformer_cell,rotation,transformer_cell,b0693426d735afa2186f925440e55236e70f041e8cb09238e20ccba1c2519fac,34048,34082,34082,0.09985902255638113,True
32,16,workload,transformer_cell,rotation,transformer_cell,7721173153e70b3a77415ec4cb44dacbe2698e4034bfb0cac32e0b0532b99f33,34048,34082,33910,-0.4053101503759371,True
32,16,workload,transformer_cell,rotation,transformer_cell,ce228ca009586d91e3ba58df6be09623ffb786ffc0c2b93262625b16b8b143e4,34048,34082,34060,0.03524436090225347,True
32,16,workload,transformer_cell,reflection,transformer_cell,41e5351b72f91179f6058bfa40a0b8321eefd1c0eed6bd73b0a951b2988b935a,34048,34082,33996,-0.15272556390977243,True
32,16,workload,transformer_cell,reflection,transformer_cell,20c708c8657cc5eee2c76c9ae3135d69c49b42d108713cf2d95a85c812e9abf9,34048,34082,33162,-2.602208646616544,True
32,16,workload,transformer_cell,reflection,transformer_cell,b0693426d735afa2186f925440e55236e70f041e8cb09238e20ccba1c2519fac,34048,34082,34082,0.09985902255638113,True
32,16,workload,transformer_cell,reflection,transformer_cell,7721173153e70b3a77415ec4cb44dacbe2698e4034bfb0cac32e0b0532b99f33,34048,34082,33912,-0.3994360902255689,True
32,16,workload,transformer_cell,reflection,transformer_cell,ce228ca009586d91e3ba58df6be09623ffb786ffc0c2b93262625b16b8b143e4,34048,34082,33936,-0.3289473684210509,True
32,16,workload,pnasnet,rotation,pnasnet,202aab22158afa164b44f20ea2fb4a9eccb0424762f66a0e366003e0ad77625e,286144,286430,286428,0.09925072690672998,True
32,16,workload,pnasnet,rotation,pnasnet,7c27486adef996df51f48c3475b4d368a23f21371e87791ca55705bfe4840484,286144,286430,277716,-2.94537016327443,True
32,16,workload,pnasnet,rotation,pnasnet,1e8cb847c50cc386e33a3005dfdc64aee3d907e1b0525008c0c1f6bf2dcadc6d,286144,286430,276200,-3.475173339297699,True
32,16,workload,pnasnet,rotation,pnasnet,226bd1a8ca3ed924d59df1de73e43d58102ec8ed8c229f68a061fbdf0b533540,286144,286430,284303,-0.6433823529411797,True
32,16,workload,pnasnet,reflection,pnasnet,202aab22158afa164b44f20ea2fb4a9eccb0424762f66a0e366003e0ad77625e,286144,286430,286429,0.09960020129724523,True
32,16,workload,pnasnet,reflection,pnasnet,7c27486adef996df51f48c3475b4d368a23f21371e87791ca55705bfe4840484,286144,286430,276991,-3.198739096399017,True
32,16,workload,pnasnet,reflection,pnasnet,1e8cb847c50cc386e33a3005dfdc64aee3d907e1b0525008c0c1f6bf2dcadc6d,286144,286430,276412,-3.401084768508167,True
32,16,workload,pnasnet,reflection,pnasnet,226bd1a8ca3ed924d59df1de73e43d58102ec8ed8c229f68a061fbdf0b533540,286144,286430,284303,-0.6433823529411797,True
32,16,workload,resnext50,rotation,resnext50,417feaedb74e688243a6a413478db80aa70e8d0e1d4d838fd18924c8be0da7d3,23046,23069,23055,0.03905233012235776,True
32,16,workload,resnext50,rotation,resnext50,286ace5768d510f48b645a678ddbf4578a49dd0c633b1207b7e1b27f60bf8ace,23046,23069,22789,-1.1151609823830566,True
32,16,workload,resnext50,rotation,resnext50,97d761bff56288a1479a7015a11965dac9a7b865f05ec370b4a563bf8bafd2e0,23046,23069,22959,-0.37750585784951385,True
32,16,workload,resnext50,reflection,resnext50,417feaedb74e688243a6a413478db80aa70e8d0e1d4d838fd18924c8be0da7d3,23046,23069,23055,0.03905233012235776,True
32,16,workload,resnext50,reflection,resnext50,286ace5768d510f48b645a678ddbf4578a49dd0c633b1207b7e1b27f60bf8ace,23046,23069,22789,-1.1151609823830566,True
32,16,workload,resnext50,reflection,resnext50,97d761bff56288a1479a7015a11965dac9a7b865f05ec370b4a563bf8bafd2e0,23046,23069,22959,-0.37750585784951385,True
32,16,workload,resnet152,rotation,resnet152,9524552345ed0cd6e4f1cfd7cb0e75d28b5c8d62bb719249cabe3b4f63cc9ab0,78445,78523,78450,0.006373892536171155,True
32,16,workload,resnet152,rotation,resnet152,00fb30ba4a6433999f4cb67b14996f13963435b29075a8db179987085be3377b,78445,78523,78521,0.09688316654981044,True
32,16,workload,resnet152,reflection,resnet152,9524552345ed0cd6e4f1cfd7cb0e75d28b5c8d62bb719249cabe3b4f63cc9ab0,78445,78523,78450,0.006373892536171155,True
32,16,workload,resnet152,reflection,resnet152,00fb30ba4a6433999f4cb67b14996f13963435b29075a8db179987085be3377b,78445,78523,78521,0.09688316654981044,True
32,16,workload,bert_block,rotation,bert_block,49273f056523dea8492b8d21b046b2b785987926661255c5d5685704d3c5f372,30982,31012,30982,0.0,True
32,16,workload,bert_block,rotation,bert_block,2019bbfcef54390bd3e72232e5cb41b33ec77c841dbafddaf8796de7bb58ab6c,30982,31012,30745,-0.7649602995287608,True
32,16,workload,bert_block,rotation,bert_block,8c43bae37999d06d3c23e169e03a3ffbd86b9c1802467cf5458cfa55b6556248,30982,31012,30893,-0.2872635723968786,True
32,16,workload,bert_block,reflection,bert_block,49273f056523dea8492b8d21b046b2b785987926661255c5d5685704d3c5f372,30982,31012,30982,0.0,True
32,16,workload,bert_block,reflection,bert_block,2019bbfcef54390bd3e72232e5cb41b33ec77c841dbafddaf8796de7bb58ab6c,30982,31012,30745,-0.7649602995287608,True
32,16,workload,bert_block,reflection,bert_block,8c43bae37999d06d3c23e169e03a3ffbd86b9c1802467cf5458cfa55b6556248,30982,31012,30893,-0.2872635723968786,True
32,16,workload,gpt_prefill_block,rotation,gpt_prefill_block,690954f4beb0bb6f62b0127aeeb8619785ff82009c8056e713d954d5a1a28572,61298,61359,61298,0.0,True
32,16,workload,gpt_prefill_block,rotation,gpt_prefill_block,38b221c9aaf354ed9ce0c2b7c27655dbc990984f8fde8a4bb5a18d6ba73ee61e,61298,61359,61355,0.09298835198539024,True
32,16,workload,gpt_prefill_block,reflection,gpt_prefill_block,690954f4beb0bb6f62b0127aeeb8619785ff82009c8056e713d954d5a1a28572,61298,61359,61298,0.0,True
32,16,workload,gpt_prefill_block,reflection,gpt_prefill_block,38b221c9aaf354ed9ce0c2b7c27655dbc990984f8fde8a4bb5a18d6ba73ee61e,61298,61359,61355,0.09298835198539024,True
32,16,workload,gpt_decode_block,rotation,gpt_decode_block,6b9c45f9c10cfc0328d9dd0503257f2cfe2366fa5a07946997235dd9c3a2c25f,6112,6118,6114,0.03272251308901186,True
32,16,workload,gpt_decode_block,rotation,gpt_decode_block,f92859901101d9bf1bd8ecc5af73d9c5afecbe94a9625a92d40459b3388147b6,6112,6118,6114,0.03272251308901186,True
32,16,workload,gpt_decode_block,rotation,gpt_decode_block,cc4cd40dda8430dc6eb5cc01ccc6a544ce2f1bcd1bde56ac7df2e8be45085c97,6112,6118,6118,0.09816753926701338,True
32,16,workload,gpt_decode_block,rotation,gpt_decode_block,23bcca3b644a954f71c0f9a365a02df880946972c138cfc44e6524f4299830be,6112,6118,6114,0.03272251308901186,True
32,16,workload,gpt_decode_block,rotation,gpt_decode_block,47ccb1846705a32bc3e80cb74c612fb179618876b01d76319553f8be65ff796d,6112,6118,6114,0.03272251308901186,True
32,16,workload,gpt_decode_block,reflection,gpt_decode_block,6b9c45f9c10cfc0328d9dd0503257f2cfe2366fa5a07946997235dd9c3a2c25f,6112,6118,6114,0.03272251308901186,True
32,16,workload,gpt_decode_block,reflection,gpt_decode_block,f92859901101d9bf1bd8ecc5af73d9c5afecbe94a9625a92d40459b3388147b6,6112,6118,6114,0.03272251308901186,True
32,16,workload,gpt_decode_block,reflection,gpt_decode_block,cc4cd40dda8430dc6eb5cc01ccc6a544ce2f1bcd1bde56ac7df2e8be45085c97,6112,6118,6118,0.09816753926701338,True
32,16,workload,gpt_decode_block,reflection,gpt_decode_block,23bcca3b644a954f71c0f9a365a02df880946972c138cfc44e6524f4299830be,6112,6118,6114,0.03272251308901186,True
32,16,workload,gpt_decode_block,reflection,gpt_decode_block,47ccb1846705a32bc3e80cb74c612fb179618876b01d76319553f8be65ff796d,6112,6118,6114,0.03272251308901186,True
32,16,group,CNN,rotation,darknet19,16a3fd7c47426e870db12d3001fd17d2d2372d1bb10917248c5086e12a9afc9d,16048,16064,16048,0.0,True
32,16,group,CNN,rotation,darknet19,65f6f791aec5af60e2bfcb04bdc6e8de1d4395e79b6af4f4b8d56be2006e8681,16048,16064,14870,-7.340478564307073,True
32,16,group,CNN,rotation,darknet19,bd89646be4f15ddcd8b4e74506c014196211c1b178366ea54db0ded22d4d9884,16048,16064,15022,-6.393320039880357,True
32,16,group,CNN,rotation,darknet19,c2fe7a32fb38e7217500be844c2cdc6d0c09c3fb71080ed55b85474ef82cd4f4,16048,16064,15938,-0.6854436689930243,True
32,16,group,CNN,rotation,darknet19,28a745c9e7e3f76c96b7c37a50da104d64cd0636b84425c3fa0809e4860c96e8,16048,16064,15649,-2.4862911266201437,True
32,16,group,CNN,rotation,vgg19,5df2066d08f87c29b6b7d6024a17c7098cc2bce8f4a33b9376b7860ea8de7661,83629,83712,83629,0.0,True
32,16,group,CNN,rotation,vgg19,6e08566abdc7a22a1f7ccd7e6f35dd0e304a5c0cad28afd70f5370518c9837b3,83629,83712,83629,0.0,True
32,16,group,CNN,rotation,vgg19,a70f30726b9dddbe4dc841ce6ebd843b1b6e396fb202e7352d34d82a655d3672,83629,83712,83629,0.0,True
32,16,group,CNN,rotation,vgg19,19610fe21c3b2a1dda368ad0dcc70853e786c917ee391f98d1dddd7c3edeba6a,83629,83712,83629,0.0,True
32,16,group,CNN,rotation,resnet50,0cde75a5e47a9fd901c556d3cb3f04a9e2fb6665ccc57a210c8016f65ffc367b,31224,31255,31236,0.03843197540354115,True
32,16,group,CNN,rotation,resnet50,6d0bc2d6fec22f23f0af3aaaef7515b9c34f54735347b241d6b72aeafc5ca465,31224,31255,30753,-1.5084550345887737,True
32,16,group,CNN,rotation,resnet50,5b1b5622bc7fa87af2250e1e9184c746cfcd0406029439812a5f52aa06ac1003,31224,31255,30923,-0.9640020497053592,True
32,16,group,CNN,rotation,resnet50,a631e1cb85ea4ca0be9ac1575a1e85595f2f376bec36e3a89df9b4da020ae515,31224,31255,30813,-1.3162951575711013,True
32,16,group,CNN,rotation,googlenet,bf8bb5ed0a92c69159d1ed5c1a335c3602efa03820fb195ef440c6b5a473cd17,13767,13780,13773,0.04358247984310726,True
32,16,group,CNN,rotation,googlenet,b235d41a08d43e3bcf96eb053032bb49db6825861f4e4bd3811d40946eb7daa5,13767,13780,13386,-2.7674874700370444,True
32,16,group,CNN,rotation,googlenet,7be7e2e93ab1397ad4aacae937d3da3df08d4b9c42b8eea00efaeb177ceaafc4,13767,13780,13395,-2.7021137502723946,True
32,16,group,CNN,rotation,googlenet,e4ace1ba79c9eabebb550a6be8408f3cf53e14e4b70577fb7029f38066b2f2e7,13767,13780,13777,0.07263746640517876,True
32,16,group,CNN,rotation,resnet101,3a5a7ca994f5583f7b64f578e28d0d50f880b981c0c73745d5003513c8451b9f,54547,54601,54565,0.03299906502649552,True
32,16,group,CNN,rotation,resnet101,70760f729a43604fb2b763468862bcb9764d472f6cc6ba32c4ea73b9a39c6c94,54547,54601,54311,-0.43265440812509937,True
32,16,group,CNN,rotation,densenet,77132c8c69a2fc015475465f618917215f6a26c6125f4bc27e76ce37e7219cd9,25063,25088,25074,0.043889398715246664,True
32,16,group,CNN,rotation,inception_resnet_v1,46cc222cda445b35129fe2d74df067074a096e1b93961afcaf902a908afe9368,75789,75864,75830,0.05409756033196711,True
32,16,group,CNN,rotation,inception_resnet_v1,5b95010296133c32e380accbdd1dda85af17ef822eed277a3c6b6751932c7adf,75789,75864,74240,-2.0438322183958135,True
32,16,group,CNN,rotation,inception_resnet_v1,9c0510257cc0b2424a4bf55e7019fd78ca0c6d48226afebd1d6baf4a930b71f4,75789,75864,75654,-0.17812611328821282,True
32,16,group,CNN,rotation,pnasnet,202aab22158afa164b44f20ea2fb4a9eccb0424762f66a0e366003e0ad77625e,286144,286430,286429,0.09960020129724523,True
32,16,group,CNN,rotation,pnasnet,7c27486adef996df51f48c3475b4d368a23f21371e87791ca55705bfe4840484,286144,286430,277066,-3.1725285171102624,True
32,16,group,CNN,rotation,pnasnet,1e8cb847c50cc386e33a3005dfdc64aee3d907e1b0525008c0c1f6bf2dcadc6d,286144,286430,276344,-3.4248490270632925,True
32,16,group,CNN,rotation,pnasnet,226bd1a8ca3ed924d59df1de73e43d58102ec8ed8c229f68a061fbdf0b533540,286144,286430,284189,-0.6832224334600734,True
32,16,group,CNN,rotation,resnext50,417feaedb74e688243a6a413478db80aa70e8d0e1d4d838fd18924c8be0da7d3,23046,23069,23054,0.034713182330992076,True
32,16,group,CNN,rotation,resnext50,286ace5768d510f48b645a678ddbf4578a49dd0c633b1207b7e1b27f60bf8ace,23046,23069,22774,-1.180248199253664,True
32,16,group,CNN,rotation,resnext50,97d761bff56288a1479a7015a11965dac9a7b865f05ec370b4a563bf8bafd2e0,23046,23069,22944,-0.4425930747201212,True
32,16,group,CNN,rotation,resnet152,9524552345ed0cd6e4f1cfd7cb0e75d28b5c8d62bb719249cabe3b4f63cc9ab0,78445,78523,78448,0.003824335521707134,True
32,16,group,CNN,rotation,resnet152,00fb30ba4a6433999f4cb67b14996f13963435b29075a8db179987085be3377b,78445,78523,78519,0.09433360953534642,True
32,16,group,CNN,reflection,darknet19,16a3fd7c47426e870db12d3001fd17d2d2372d1bb10917248c5086e12a9afc9d,16048,16064,16048,0.0,True
32,16,group,CNN,reflection,darknet19,65f6f791aec5af60e2bfcb04bdc6e8de1d4395e79b6af4f4b8d56be2006e8681,16048,16064,14870,-7.340478564307073,True
32,16,group,CNN,reflection,darknet19,bd89646be4f15ddcd8b4e74506c014196211c1b178366ea54db0ded22d4d9884,16048,16064,15022,-6.393320039880357,True
32,16,group,CNN,reflection,darknet19,c2fe7a32fb38e7217500be844c2cdc6d0c09c3fb71080ed55b85474ef82cd4f4,16048,16064,15938,-0.6854436689930243,True
32,16,group,CNN,reflection,darknet19,28a745c9e7e3f76c96b7c37a50da104d64cd0636b84425c3fa0809e4860c96e8,16048,16064,15649,-2.4862911266201437,True
32,16,group,CNN,reflection,vgg19,5df2066d08f87c29b6b7d6024a17c7098cc2bce8f4a33b9376b7860ea8de7661,83629,83712,83629,0.0,True
32,16,group,CNN,reflection,vgg19,6e08566abdc7a22a1f7ccd7e6f35dd0e304a5c0cad28afd70f5370518c9837b3,83629,83712,83629,0.0,True
32,16,group,CNN,reflection,vgg19,a70f30726b9dddbe4dc841ce6ebd843b1b6e396fb202e7352d34d82a655d3672,83629,83712,83629,0.0,True
32,16,group,CNN,reflection,vgg19,19610fe21c3b2a1dda368ad0dcc70853e786c917ee391f98d1dddd7c3edeba6a,83629,83712,83629,0.0,True
32,16,group,CNN,reflection,resnet50,0cde75a5e47a9fd901c556d3cb3f04a9e2fb6665ccc57a210c8016f65ffc367b,31224,31255,31236,0.03843197540354115,True
32,16,group,CNN,reflection,resnet50,6d0bc2d6fec22f23f0af3aaaef7515b9c34f54735347b241d6b72aeafc5ca465,31224,31255,30753,-1.5084550345887737,True
32,16,group,CNN,reflection,resnet50,5b1b5622bc7fa87af2250e1e9184c746cfcd0406029439812a5f52aa06ac1003,31224,31255,30923,-0.9640020497053592,True
32,16,group,CNN,reflection,resnet50,a631e1cb85ea4ca0be9ac1575a1e85595f2f376bec36e3a89df9b4da020ae515,31224,31255,30813,-1.3162951575711013,True
32,16,group,CNN,reflection,googlenet,bf8bb5ed0a92c69159d1ed5c1a335c3602efa03820fb195ef440c6b5a473cd17,13767,13780,13773,0.04358247984310726,True
32,16,group,CNN,reflection,googlenet,b235d41a08d43e3bcf96eb053032bb49db6825861f4e4bd3811d40946eb7daa5,13767,13780,13386,-2.7674874700370444,True
32,16,group,CNN,reflection,googlenet,7be7e2e93ab1397ad4aacae937d3da3df08d4b9c42b8eea00efaeb177ceaafc4,13767,13780,13395,-2.7021137502723946,True
32,16,group,CNN,reflection,googlenet,e4ace1ba79c9eabebb550a6be8408f3cf53e14e4b70577fb7029f38066b2f2e7,13767,13780,13777,0.07263746640517876,True
32,16,group,CNN,reflection,resnet101,3a5a7ca994f5583f7b64f578e28d0d50f880b981c0c73745d5003513c8451b9f,54547,54601,54565,0.03299906502649552,True
32,16,group,CNN,reflection,resnet101,70760f729a43604fb2b763468862bcb9764d472f6cc6ba32c4ea73b9a39c6c94,54547,54601,54311,-0.43265440812509937,True
32,16,group,CNN,reflection,densenet,77132c8c69a2fc015475465f618917215f6a26c6125f4bc27e76ce37e7219cd9,25063,25088,25074,0.043889398715246664,True
32,16,group,CNN,reflection,inception_resnet_v1,46cc222cda445b35129fe2d74df067074a096e1b93961afcaf902a908afe9368,75789,75864,75830,0.05409756033196711,True
32,16,group,CNN,reflection,inception_resnet_v1,5b95010296133c32e380accbdd1dda85af17ef822eed277a3c6b6751932c7adf,75789,75864,74240,-2.0438322183958135,True
32,16,group,CNN,reflection,inception_resnet_v1,9c0510257cc0b2424a4bf55e7019fd78ca0c6d48226afebd1d6baf4a930b71f4,75789,75864,75654,-0.17812611328821282,True
32,16,group,CNN,reflection,pnasnet,202aab22158afa164b44f20ea2fb4a9eccb0424762f66a0e366003e0ad77625e,286144,286430,286429,0.09960020129724523,True
32,16,group,CNN,reflection,pnasnet,7c27486adef996df51f48c3475b4d368a23f21371e87791ca55705bfe4840484,286144,286430,277066,-3.1725285171102624,True
32,16,group,CNN,reflection,pnasnet,1e8cb847c50cc386e33a3005dfdc64aee3d907e1b0525008c0c1f6bf2dcadc6d,286144,286430,276344,-3.4248490270632925,True
32,16,group,CNN,reflection,pnasnet,226bd1a8ca3ed924d59df1de73e43d58102ec8ed8c229f68a061fbdf0b533540,286144,286430,284189,-0.6832224334600734,True
32,16,group,CNN,reflection,resnext50,417feaedb74e688243a6a413478db80aa70e8d0e1d4d838fd18924c8be0da7d3,23046,23069,23054,0.034713182330992076,True
32,16,group,CNN,reflection,resnext50,286ace5768d510f48b645a678ddbf4578a49dd0c633b1207b7e1b27f60bf8ace,23046,23069,22774,-1.180248199253664,True
32,16,group,CNN,reflection,resnext50,97d761bff56288a1479a7015a11965dac9a7b865f05ec370b4a563bf8bafd2e0,23046,23069,22944,-0.4425930747201212,True
32,16,group,CNN,reflection,resnet152,9524552345ed0cd6e4f1cfd7cb0e75d28b5c8d62bb719249cabe3b4f63cc9ab0,78445,78523,78448,0.003824335521707134,True
32,16,group,CNN,reflection,resnet152,00fb30ba4a6433999f4cb67b14996f13963435b29075a8db179987085be3377b,78445,78523,78519,0.09433360953534642,True
32,16,group,RNN,rotation,gnmt,c3337c219077a5652ca96688811e1b9dafcc3e63fad4b05e08de38cd9f38ff6b,30762,30792,30786,0.07801833430856053,True
32,16,group,RNN,rotation,gnmt,cfec8dc81065558a59dab2231e1eeba7c128cc06a6fd840be7782e5d5d01e5d9,30762,30792,15698,-48.96950783434107,True
32,16,group,RNN,rotation,gnmt,d60e9a9c1970d2c12b522288174a001d094a72c2df0a8dc9b0699128685838d1,30762,30792,20650,-32.871724855341,True
32,16,group,RNN,rotation,gnmt,196c3be805489ee49aad04d7c38d03686006dbb8b68ff75f4a549c66c99ad5bc,30762,30792,21930,-28.710747025551008,True
32,16,group,RNN,rotation,gnmt,ee5aed8980bf24d17fae240fb18e83d6e5d0aea49dfcfaa530c602c1378bbce8,30762,30792,22746,-26.058123659059884,True
32,16,group,RNN,rotation,lstm,75ebb40b1e896fbe2e58d932ef1ac03ede26c4849c949c9cb98ed84ab0fd3183,47598,47645,47516,-0.17227614605656028,True
32,16,group,RNN,rotation,lstm,3e53420a63d8e0340cf53b165197f8eb423d67ef0195e6ab1e42c834990e8218,47598,47645,15690,-67.03643010210514,True
32,16,group,RNN,rotation,lstm,18ddbd5f046339555c1dd8fec45be1ec7ab2a434497cb527f33c0d03d4acab8f,47598,47645,31928,-32.92155132568595,True
32,16,group,RNN,rotation,lstm,662f62c28cf31e4491268536231fa8ba77ed384af5b274bfb70603dd59b253f0,47598,47645,47608,0.021009286104467506,True
32,16,group,RNN,rotation,lstm,0bdb0aa0012e66fedf9b60dba5e877c6d10055e284337ddf41a09c071d13a57e,47598,47645,47628,0.06302785831338031,True
32,16,group,RNN,reflection,gnmt,c3337c219077a5652ca96688811e1b9dafcc3e63fad4b05e08de38cd9f38ff6b,30762,30792,30786,0.07801833430856053,True
32,16,group,RNN,reflection,gnmt,cfec8dc81065558a59dab2231e1eeba7c128cc06a6fd840be7782e5d5d01e5d9,30762,30792,15698,-48.96950783434107,True
32,16,group,RNN,reflection,gnmt,d60e9a9c1970d2c12b522288174a001d094a72c2df0a8dc9b0699128685838d1,30762,30792,20810,-32.35160262661726,True
32,16,group,RNN,reflection,gnmt,196c3be805489ee49aad04d7c38d03686006dbb8b68ff75f4a549c66c99ad5bc,30762,30792,22434,-27.07236200507119,True
32,16,group,RNN,reflection,gnmt,ee5aed8980bf24d17fae240fb18e83d6e5d0aea49dfcfaa530c602c1378bbce8,30762,30792,22746,-26.058123659059884,True
32,16,group,RNN,reflection,lstm,75ebb40b1e896fbe2e58d932ef1ac03ede26c4849c949c9cb98ed84ab0fd3183,47598,47645,47516,-0.17227614605656028,True
32,16,group,RNN,reflection,lstm,3e53420a63d8e0340cf53b165197f8eb423d67ef0195e6ab1e42c834990e8218,47598,47645,15690,-67.03643010210514,True
32,16,group,RNN,reflection,lstm,18ddbd5f046339555c1dd8fec45be1ec7ab2a434497cb527f33c0d03d4acab8f,47598,47645,32028,-32.711458464641375,True
32,16,group,RNN,reflection,lstm,662f62c28cf31e4491268536231fa8ba77ed384af5b274bfb70603dd59b253f0,47598,47645,47608,0.021009286104467506,True
32,16,group,RNN,reflection,lstm,0bdb0aa0012e66fedf9b60dba5e877c6d10055e284337ddf41a09c071d13a57e,47598,47645,47636,0.07983528719694988,True
32,16,group,Transformer,rotation,transformer,a722a03d3758b0cde3f29162d5b9c89d01bd8f9dd614a6434c3efdc84b2907ac,196608,196804,196608,0.0,True
32,16,group,Transformer,rotation,transformer,3628c984729acddcf22abc4dc9a8b2d063fab8eb39272d237eaca566693dcf3f,196608,196804,191022,-2.8411865234375,True
32,16,group,Transformer,rotation,transformer,54c47622bd4890a227c93947b5f7085e02f70a421731a8ee75eb50c51fe3f431,196608,196804,190582,-3.064982096354163,True
32,16,group,Transformer,rotation,transformer,c1f94f1e2616b5f8ad9120f41d30fed3b6130cbc7d413dd091239de2f6736b7a,196608,196804,192942,-1.8646240234375,True
32,16,group,Transformer,rotation,transformer,2502889d8c792daac9877997c9a8e93c4b6e41dba9222524b47705017906a716,196608,196804,189010,-3.864542643229163,True
32,16,group,Transformer,rotation,transformer_cell,41e5351b72f91179f6058bfa40a0b8321eefd1c0eed6bd73b0a951b2988b935a,34048,34082,34058,0.02937030075187419,True
32,16,group,Transformer,rotation,transformer_cell,20c708c8657cc5eee2c76c9ae3135d69c49b42d108713cf2d95a85c812e9abf9,34048,34082,33162,-2.602208646616544,True
32,16,group,Transformer,rotation,transformer_cell,b0693426d735afa2186f925440e55236e70f041e8cb09238e20ccba1c2519fac,34048,34082,34068,0.05874060150374838,True
32,16,group,Transformer,rotation,transformer_cell,7721173153e70b3a77415ec4cb44dacbe2698e4034bfb0cac32e0b0532b99f33,34048,34082,33888,-0.46992481203007586,True
32,16,group,Transformer,rotation,transformer_cell,ce228ca009586d91e3ba58df6be09623ffb786ffc0c2b93262625b16b8b143e4,34048,34082,33808,-0.7048872180451138,True
32,16,group,Transformer,rotation,bert_block,49273f056523dea8492b8d21b046b2b785987926661255c5d5685704d3c5f372,30982,31012,30982,0.0,True
32,16,group,Transformer,rotation,bert_block,2019bbfcef54390bd3e72232e5cb41b33ec77c841dbafddaf8796de7bb58ab6c,30982,31012,30731,-0.8101478277709684,True
32,16,group,Transformer,rotation,bert_block,8c43bae37999d06d3c23e169e03a3ffbd86b9c1802467cf5458cfa55b6556248,30982,31012,30852,-0.419598476534766,True
32,16,group,Transformer,rotation,gpt_prefill_block,690954f4beb0bb6f62b0127aeeb8619785ff82009c8056e713d954d5a1a28572,61298,61359,61298,0.0,True
32,16,group,Transformer,rotation,gpt_prefill_block,38b221c9aaf354ed9ce0c2b7c27655dbc990984f8fde8a4bb5a18d6ba73ee61e,61298,61359,61355,0.09298835198539024,True
32,16,group,Transformer,rotation,gpt_decode_block,6b9c45f9c10cfc0328d9dd0503257f2cfe2366fa5a07946997235dd9c3a2c25f,6112,6118,6114,0.03272251308901186,True
32,16,group,Transformer,rotation,gpt_decode_block,f92859901101d9bf1bd8ecc5af73d9c5afecbe94a9625a92d40459b3388147b6,6112,6118,6114,0.03272251308901186,True
32,16,group,Transformer,rotation,gpt_decode_block,cc4cd40dda8430dc6eb5cc01ccc6a544ce2f1bcd1bde56ac7df2e8be45085c97,6112,6118,6118,0.09816753926701338,True
32,16,group,Transformer,rotation,gpt_decode_block,23bcca3b644a954f71c0f9a365a02df880946972c138cfc44e6524f4299830be,6112,6118,6114,0.03272251308901186,True
32,16,group,Transformer,rotation,gpt_decode_block,47ccb1846705a32bc3e80cb74c612fb179618876b01d76319553f8be65ff796d,6112,6118,6114,0.03272251308901186,True
32,16,group,Transformer,reflection,transformer,a722a03d3758b0cde3f29162d5b9c89d01bd8f9dd614a6434c3efdc84b2907ac,196608,196804,196608,0.0,True
32,16,group,Transformer,reflection,transformer,3628c984729acddcf22abc4dc9a8b2d063fab8eb39272d237eaca566693dcf3f,196608,196804,191262,-2.7191162109375,True
32,16,group,Transformer,reflection,transformer,54c47622bd4890a227c93947b5f7085e02f70a421731a8ee75eb50c51fe3f431,196608,196804,192418,-2.131144205729163,True
32,16,group,Transformer,reflection,transformer,c1f94f1e2616b5f8ad9120f41d30fed3b6130cbc7d413dd091239de2f6736b7a,196608,196804,193480,-1.590983072916663,True
32,16,group,Transformer,reflection,transformer,2502889d8c792daac9877997c9a8e93c4b6e41dba9222524b47705017906a716,196608,196804,188866,-3.937784830729163,True
32,16,group,Transformer,reflection,transformer_cell,41e5351b72f91179f6058bfa40a0b8321eefd1c0eed6bd73b0a951b2988b935a,34048,34082,34058,0.02937030075187419,True
32,16,group,Transformer,reflection,transformer_cell,20c708c8657cc5eee2c76c9ae3135d69c49b42d108713cf2d95a85c812e9abf9,34048,34082,32934,-3.271851503759393,True
32,16,group,Transformer,reflection,transformer_cell,b0693426d735afa2186f925440e55236e70f041e8cb09238e20ccba1c2519fac,34048,34082,34068,0.05874060150374838,True
32,16,group,Transformer,reflection,transformer_cell,7721173153e70b3a77415ec4cb44dacbe2698e4034bfb0cac32e0b0532b99f33,34048,34082,33888,-0.46992481203007586,True
32,16,group,Transformer,reflection,transformer_cell,ce228ca009586d91e3ba58df6be09623ffb786ffc0c2b93262625b16b8b143e4,34048,34082,33808,-0.7048872180451138,True
32,16,group,Transformer,reflection,bert_block,49273f056523dea8492b8d21b046b2b785987926661255c5d5685704d3c5f372,30982,31012,30982,0.0,True
32,16,group,Transformer,reflection,bert_block,2019bbfcef54390bd3e72232e5cb41b33ec77c841dbafddaf8796de7bb58ab6c,30982,31012,30779,-0.6552191595119772,True
32,16,group,Transformer,reflection,bert_block,8c43bae37999d06d3c23e169e03a3ffbd86b9c1802467cf5458cfa55b6556248,30982,31012,30852,-0.419598476534766,True
32,16,group,Transformer,reflection,gpt_prefill_block,690954f4beb0bb6f62b0127aeeb8619785ff82009c8056e713d954d5a1a28572,61298,61359,61298,0.0,True
32,16,group,Transformer,reflection,gpt_prefill_block,38b221c9aaf354ed9ce0c2b7c27655dbc990984f8fde8a4bb5a18d6ba73ee61e,61298,61359,61355,0.09298835198539024,True
32,16,group,Transformer,reflection,gpt_decode_block,6b9c45f9c10cfc0328d9dd0503257f2cfe2366fa5a07946997235dd9c3a2c25f,6112,6118,6114,0.03272251308901186,True
32,16,group,Transformer,reflection,gpt_decode_block,f92859901101d9bf1bd8ecc5af73d9c5afecbe94a9625a92d40459b3388147b6,6112,6118,6114,0.03272251308901186,True
32,16,group,Transformer,reflection,gpt_decode_block,cc4cd40dda8430dc6eb5cc01ccc6a544ce2f1bcd1bde56ac7df2e8be45085c97,6112,6118,6118,0.09816753926701338,True
32,16,group,Transformer,reflection,gpt_decode_block,23bcca3b644a954f71c0f9a365a02df880946972c138cfc44e6524f4299830be,6112,6118,6114,0.03272251308901186,True
32,16,group,Transformer,reflection,gpt_decode_block,47ccb1846705a32bc3e80cb74c612fb179618876b01d76319553f8be65ff796d,6112,6118,6114,0.03272251308901186,True
32,16,all,ALL17,rotation,darknet19,16a3fd7c47426e870db12d3001fd17d2d2372d1bb10917248c5086e12a9afc9d,16048,16064,16048,0.0,True
32,16,all,ALL17,rotation,darknet19,65f6f791aec5af60e2bfcb04bdc6e8de1d4395e79b6af4f4b8d56be2006e8681,16048,16064,14870,-7.340478564307073,True
32,16,all,ALL17,rotation,darknet19,bd89646be4f15ddcd8b4e74506c014196211c1b178366ea54db0ded22d4d9884,16048,16064,15022,-6.393320039880357,True
32,16,all,ALL17,rotation,darknet19,c2fe7a32fb38e7217500be844c2cdc6d0c09c3fb71080ed55b85474ef82cd4f4,16048,16064,15938,-0.6854436689930243,True
32,16,all,ALL17,rotation,darknet19,28a745c9e7e3f76c96b7c37a50da104d64cd0636b84425c3fa0809e4860c96e8,16048,16064,15649,-2.4862911266201437,True
32,16,all,ALL17,rotation,vgg19,5df2066d08f87c29b6b7d6024a17c7098cc2bce8f4a33b9376b7860ea8de7661,83629,83712,83629,0.0,True
32,16,all,ALL17,rotation,vgg19,6e08566abdc7a22a1f7ccd7e6f35dd0e304a5c0cad28afd70f5370518c9837b3,83629,83712,83629,0.0,True
32,16,all,ALL17,rotation,vgg19,a70f30726b9dddbe4dc841ce6ebd843b1b6e396fb202e7352d34d82a655d3672,83629,83712,83629,0.0,True
32,16,all,ALL17,rotation,vgg19,19610fe21c3b2a1dda368ad0dcc70853e786c917ee391f98d1dddd7c3edeba6a,83629,83712,83629,0.0,True
32,16,all,ALL17,rotation,resnet50,0cde75a5e47a9fd901c556d3cb3f04a9e2fb6665ccc57a210c8016f65ffc367b,31224,31255,31234,0.032026646169613926,True
32,16,all,ALL17,rotation,resnet50,6d0bc2d6fec22f23f0af3aaaef7515b9c34f54735347b241d6b72aeafc5ca465,31224,31255,30753,-1.5084550345887737,True
32,16,all,ALL17,rotation,resnet50,5b1b5622bc7fa87af2250e1e9184c746cfcd0406029439812a5f52aa06ac1003,31224,31255,30923,-0.9640020497053592,True
32,16,all,ALL17,rotation,resnet50,a631e1cb85ea4ca0be9ac1575a1e85595f2f376bec36e3a89df9b4da020ae515,31224,31255,30813,-1.3162951575711013,True
32,16,all,ALL17,rotation,googlenet,bf8bb5ed0a92c69159d1ed5c1a335c3602efa03820fb195ef440c6b5a473cd17,13767,13780,13773,0.04358247984310726,True
32,16,all,ALL17,rotation,googlenet,b235d41a08d43e3bcf96eb053032bb49db6825861f4e4bd3811d40946eb7daa5,13767,13780,13385,-2.7747512166775623,True
32,16,all,ALL17,rotation,googlenet,7be7e2e93ab1397ad4aacae937d3da3df08d4b9c42b8eea00efaeb177ceaafc4,13767,13780,13395,-2.7021137502723946,True
32,16,all,ALL17,rotation,googlenet,e4ace1ba79c9eabebb550a6be8408f3cf53e14e4b70577fb7029f38066b2f2e7,13767,13780,13776,0.06537371976464978,True
32,16,all,ALL17,rotation,resnet101,3a5a7ca994f5583f7b64f578e28d0d50f880b981c0c73745d5003513c8451b9f,54547,54601,54555,0.014666251122874563,True
32,16,all,ALL17,rotation,resnet101,70760f729a43604fb2b763468862bcb9764d472f6cc6ba32c4ea73b9a39c6c94,54547,54601,54311,-0.43265440812509937,True
32,16,all,ALL17,rotation,densenet,77132c8c69a2fc015475465f618917215f6a26c6125f4bc27e76ce37e7219cd9,25063,25088,25074,0.043889398715246664,True
32,16,all,ALL17,rotation,inception_resnet_v1,46cc222cda445b35129fe2d74df067074a096e1b93961afcaf902a908afe9368,75789,75864,75798,0.011875074219203086,True
32,16,all,ALL17,rotation,inception_resnet_v1,5b95010296133c32e380accbdd1dda85af17ef822eed277a3c6b6751932c7adf,75789,75864,74019,-2.3354312631120644,True
32,16,all,ALL17,rotation,inception_resnet_v1,9c0510257cc0b2424a4bf55e7019fd78ca0c6d48226afebd1d6baf4a930b71f4,75789,75864,75616,-0.22826531554711593,True
32,16,all,ALL17,rotation,gnmt,c3337c219077a5652ca96688811e1b9dafcc3e63fad4b05e08de38cd9f38ff6b,30762,30792,30786,0.07801833430856053,True
32,16,all,ALL17,rotation,gnmt,cfec8dc81065558a59dab2231e1eeba7c128cc06a6fd840be7782e5d5d01e5d9,30762,30792,15698,-48.96950783434107,True
32,16,all,ALL17,rotation,gnmt,d60e9a9c1970d2c12b522288174a001d094a72c2df0a8dc9b0699128685838d1,30762,30792,17594,-42.806059423964626,True
32,16,all,ALL17,rotation,gnmt,196c3be805489ee49aad04d7c38d03686006dbb8b68ff75f4a549c66c99ad5bc,30762,30792,18926,-38.47604186983942,True
32,16,all,ALL17,rotation,gnmt,ee5aed8980bf24d17fae240fb18e83d6e5d0aea49dfcfaa530c602c1378bbce8,30762,30792,18482,-39.91938105454782,True
32,16,all,ALL17,rotation,lstm,75ebb40b1e896fbe2e58d932ef1ac03ede26c4849c949c9cb98ed84ab0fd3183,47598,47645,47140,-0.9622253035841855,True
32,16,all,ALL17,rotation,lstm,3e53420a63d8e0340cf53b165197f8eb423d67ef0195e6ab1e42c834990e8218,47598,47645,15690,-67.03643010210514,True
32,16,all,ALL17,rotation,lstm,18ddbd5f046339555c1dd8fec45be1ec7ab2a434497cb527f33c0d03d4acab8f,47598,47645,31324,-34.190512206395226,True
32,16,all,ALL17,rotation,lstm,662f62c28cf31e4491268536231fa8ba77ed384af5b274bfb70603dd59b253f0,47598,47645,46944,-1.374007311231562,True
32,16,all,ALL17,rotation,lstm,0bdb0aa0012e66fedf9b60dba5e877c6d10055e284337ddf41a09c071d13a57e,47598,47645,47000,-1.2563553090465973,True
32,16,all,ALL17,rotation,transformer,a722a03d3758b0cde3f29162d5b9c89d01bd8f9dd614a6434c3efdc84b2907ac,196608,196804,196608,0.0,True
32,16,all,ALL17,rotation,transformer,3628c984729acddcf22abc4dc9a8b2d063fab8eb39272d237eaca566693dcf3f,196608,196804,190470,-3.1219482421875,True
32,16,all,ALL17,rotation,transformer,54c47622bd4890a227c93947b5f7085e02f70a421731a8ee75eb50c51fe3f431,196608,196804,188948,-3.896077473958337,True
32,16,all,ALL17,rotation,transformer,c1f94f1e2616b5f8ad9120f41d30fed3b6130cbc7d413dd091239de2f6736b7a,196608,196804,191160,-2.77099609375,True
32,16,all,ALL17,rotation,transformer,2502889d8c792daac9877997c9a8e93c4b6e41dba9222524b47705017906a716,196608,196804,188848,-3.946940104166663,True
32,16,all,ALL17,rotation,transformer_cell,41e5351b72f91179f6058bfa40a0b8321eefd1c0eed6bd73b0a951b2988b935a,34048,34082,33874,-0.5110432330827086,True
32,16,all,ALL17,rotation,transformer_cell,20c708c8657cc5eee2c76c9ae3135d69c49b42d108713cf2d95a85c812e9abf9,34048,34082,32796,-3.6771616541353414,True
32,16,all,ALL17,rotation,transformer_cell,b0693426d735afa2186f925440e55236e70f041e8cb09238e20ccba1c2519fac,34048,34082,34068,0.05874060150374838,True
32,16,all,ALL17,rotation,transformer_cell,7721173153e70b3a77415ec4cb44dacbe2698e4034bfb0cac32e0b0532b99f33,34048,34082,33300,-2.196898496240607,True
32,16,all,ALL17,rotation,transformer_cell,ce228ca009586d91e3ba58df6be09623ffb786ffc0c2b93262625b16b8b143e4,34048,34082,33734,-0.922227443609025,True
32,16,all,ALL17,rotation,pnasnet,202aab22158afa164b44f20ea2fb4a9eccb0424762f66a0e366003e0ad77625e,286144,286430,286421,0.09680440617312325,True
32,16,all,ALL17,rotation,pnasnet,7c27486adef996df51f48c3475b4d368a23f21371e87791ca55705bfe4840484,286144,286430,274946,-3.913414225005596,True
32,16,all,ALL17,rotation,pnasnet,1e8cb847c50cc386e33a3005dfdc64aee3d907e1b0525008c0c1f6bf2dcadc6d,286144,286430,275679,-3.657249496756876,True
32,16,all,ALL17,rotation,pnasnet,226bd1a8ca3ed924d59df1de73e43d58102ec8ed8c229f68a061fbdf0b533540,286144,286430,284136,-0.7017445761574592,True
32,16,all,ALL17,rotation,resnext50,417feaedb74e688243a6a413478db80aa70e8d0e1d4d838fd18924c8be0da7d3,23046,23069,23054,0.034713182330992076,True
32,16,all,ALL17,rotation,resnext50,286ace5768d510f48b645a678ddbf4578a49dd0c633b1207b7e1b27f60bf8ace,23046,23069,22774,-1.180248199253664,True
32,16,all,ALL17,rotation,resnext50,97d761bff56288a1479a7015a11965dac9a7b865f05ec370b4a563bf8bafd2e0,23046,23069,22944,-0.4425930747201212,True
32,16,all,ALL17,rotation,resnet152,9524552345ed0cd6e4f1cfd7cb0e75d28b5c8d62bb719249cabe3b4f63cc9ab0,78445,78523,78446,0.0012747785072431128,True
32,16,all,ALL17,rotation,resnet152,00fb30ba4a6433999f4cb67b14996f13963435b29075a8db179987085be3377b,78445,78523,78519,0.09433360953534642,True
32,16,all,ALL17,rotation,bert_block,49273f056523dea8492b8d21b046b2b785987926661255c5d5685704d3c5f372,30982,31012,30982,0.0,True
32,16,all,ALL17,rotation,bert_block,2019bbfcef54390bd3e72232e5cb41b33ec77c841dbafddaf8796de7bb58ab6c,30982,31012,30731,-0.8101478277709684,True
32,16,all,ALL17,rotation,bert_block,8c43bae37999d06d3c23e169e03a3ffbd86b9c1802467cf5458cfa55b6556248,30982,31012,30852,-0.419598476534766,True
32,16,all,ALL17,rotation,gpt_prefill_block,690954f4beb0bb6f62b0127aeeb8619785ff82009c8056e713d954d5a1a28572,61298,61359,61298,0.0,True
32,16,all,ALL17,rotation,gpt_prefill_block,38b221c9aaf354ed9ce0c2b7c27655dbc990984f8fde8a4bb5a18d6ba73ee61e,61298,61359,61355,0.09298835198539024,True
32,16,all,ALL17,rotation,gpt_decode_block,6b9c45f9c10cfc0328d9dd0503257f2cfe2366fa5a07946997235dd9c3a2c25f,6112,6118,6114,0.03272251308901186,True
32,16,all,ALL17,rotation,gpt_decode_block,f92859901101d9bf1bd8ecc5af73d9c5afecbe94a9625a92d40459b3388147b6,6112,6118,6114,0.03272251308901186,True
32,16,all,ALL17,rotation,gpt_decode_block,cc4cd40dda8430dc6eb5cc01ccc6a544ce2f1bcd1bde56ac7df2e8be45085c97,6112,6118,6118,0.09816753926701338,True
32,16,all,ALL17,rotation,gpt_decode_block,23bcca3b644a954f71c0f9a365a02df880946972c138cfc44e6524f4299830be,6112,6118,6114,0.03272251308901186,True
32,16,all,ALL17,rotation,gpt_decode_block,47ccb1846705a32bc3e80cb74c612fb179618876b01d76319553f8be65ff796d,6112,6118,6114,0.03272251308901186,True
32,16,all,ALL17,reflection,darknet19,16a3fd7c47426e870db12d3001fd17d2d2372d1bb10917248c5086e12a9afc9d,16048,16064,16048,0.0,True
32,16,all,ALL17,reflection,darknet19,65f6f791aec5af60e2bfcb04bdc6e8de1d4395e79b6af4f4b8d56be2006e8681,16048,16064,14870,-7.340478564307073,True
32,16,all,ALL17,reflection,darknet19,bd89646be4f15ddcd8b4e74506c014196211c1b178366ea54db0ded22d4d9884,16048,16064,15022,-6.393320039880357,True
32,16,all,ALL17,reflection,darknet19,c2fe7a32fb38e7217500be844c2cdc6d0c09c3fb71080ed55b85474ef82cd4f4,16048,16064,15938,-0.6854436689930243,True
32,16,all,ALL17,reflection,darknet19,28a745c9e7e3f76c96b7c37a50da104d64cd0636b84425c3fa0809e4860c96e8,16048,16064,15649,-2.4862911266201437,True
32,16,all,ALL17,reflection,vgg19,5df2066d08f87c29b6b7d6024a17c7098cc2bce8f4a33b9376b7860ea8de7661,83629,83712,83629,0.0,True
32,16,all,ALL17,reflection,vgg19,6e08566abdc7a22a1f7ccd7e6f35dd0e304a5c0cad28afd70f5370518c9837b3,83629,83712,83629,0.0,True
32,16,all,ALL17,reflection,vgg19,a70f30726b9dddbe4dc841ce6ebd843b1b6e396fb202e7352d34d82a655d3672,83629,83712,83629,0.0,True
32,16,all,ALL17,reflection,vgg19,19610fe21c3b2a1dda368ad0dcc70853e786c917ee391f98d1dddd7c3edeba6a,83629,83712,83629,0.0,True
32,16,all,ALL17,reflection,resnet50,0cde75a5e47a9fd901c556d3cb3f04a9e2fb6665ccc57a210c8016f65ffc367b,31224,31255,31236,0.03843197540354115,True
32,16,all,ALL17,reflection,resnet50,6d0bc2d6fec22f23f0af3aaaef7515b9c34f54735347b241d6b72aeafc5ca465,31224,31255,30756,-1.498847040737894,True
32,16,all,ALL17,reflection,resnet50,5b1b5622bc7fa87af2250e1e9184c746cfcd0406029439812a5f52aa06ac1003,31224,31255,30926,-0.9543940558544683,True
32,16,all,ALL17,reflection,resnet50,a631e1cb85ea4ca0be9ac1575a1e85595f2f376bec36e3a89df9b4da020ae515,31224,31255,30813,-1.3162951575711013,True
32,16,all,ALL17,reflection,googlenet,bf8bb5ed0a92c69159d1ed5c1a335c3602efa03820fb195ef440c6b5a473cd17,13767,13780,13773,0.04358247984310726,True
32,16,all,ALL17,reflection,googlenet,b235d41a08d43e3bcf96eb053032bb49db6825861f4e4bd3811d40946eb7daa5,13767,13780,13385,-2.7747512166775623,True
32,16,all,ALL17,reflection,googlenet,7be7e2e93ab1397ad4aacae937d3da3df08d4b9c42b8eea00efaeb177ceaafc4,13767,13780,13395,-2.7021137502723946,True
32,16,all,ALL17,reflection,googlenet,e4ace1ba79c9eabebb550a6be8408f3cf53e14e4b70577fb7029f38066b2f2e7,13767,13780,13776,0.06537371976464978,True
32,16,all,ALL17,reflection,resnet101,3a5a7ca994f5583f7b64f578e28d0d50f880b981c0c73745d5003513c8451b9f,54547,54601,54559,0.021999376684322947,True
32,16,all,ALL17,reflection,resnet101,70760f729a43604fb2b763468862bcb9764d472f6cc6ba32c4ea73b9a39c6c94,54547,54601,54311,-0.43265440812509937,True
32,16,all,ALL17,reflection,densenet,77132c8c69a2fc015475465f618917215f6a26c6125f4bc27e76ce37e7219cd9,25063,25088,25075,0.04787934405299232,True
32,16,all,ALL17,reflection,inception_resnet_v1,46cc222cda445b35129fe2d74df067074a096e1b93961afcaf902a908afe9368,75789,75864,75798,0.011875074219203086,True
32,16,all,ALL17,reflection,inception_resnet_v1,5b95010296133c32e380accbdd1dda85af17ef822eed277a3c6b6751932c7adf,75789,75864,74019,-2.3354312631120644,True
32,16,all,ALL17,reflection,inception_resnet_v1,9c0510257cc0b2424a4bf55e7019fd78ca0c6d48226afebd1d6baf4a930b71f4,75789,75864,75616,-0.22826531554711593,True
32,16,all,ALL17,reflection,gnmt,c3337c219077a5652ca96688811e1b9dafcc3e63fad4b05e08de38cd9f38ff6b,30762,30792,30786,0.07801833430856053,True
32,16,all,ALL17,reflection,gnmt,cfec8dc81065558a59dab2231e1eeba7c128cc06a6fd840be7782e5d5d01e5d9,30762,30792,15698,-48.96950783434107,True
32,16,all,ALL17,reflection,gnmt,d60e9a9c1970d2c12b522288174a001d094a72c2df0a8dc9b0699128685838d1,30762,30792,17594,-42.806059423964626,True
32,16,all,ALL17,reflection,gnmt,196c3be805489ee49aad04d7c38d03686006dbb8b68ff75f4a549c66c99ad5bc,30762,30792,18926,-38.47604186983942,True
32,16,all,ALL17,reflection,gnmt,ee5aed8980bf24d17fae240fb18e83d6e5d0aea49dfcfaa530c602c1378bbce8,30762,30792,18666,-39.32124049151551,True
32,16,all,ALL17,reflection,lstm,75ebb40b1e896fbe2e58d932ef1ac03ede26c4849c949c9cb98ed84ab0fd3183,47598,47645,47140,-0.9622253035841855,True
32,16,all,ALL17,reflection,lstm,3e53420a63d8e0340cf53b165197f8eb423d67ef0195e6ab1e42c834990e8218,47598,47645,15690,-67.03643010210514,True
32,16,all,ALL17,reflection,lstm,18ddbd5f046339555c1dd8fec45be1ec7ab2a434497cb527f33c0d03d4acab8f,47598,47645,31324,-34.190512206395226,True
32,16,all,ALL17,reflection,lstm,662f62c28cf31e4491268536231fa8ba77ed384af5b274bfb70603dd59b253f0,47598,47645,46944,-1.374007311231562,True
32,16,all,ALL17,reflection,lstm,0bdb0aa0012e66fedf9b60dba5e877c6d10055e284337ddf41a09c071d13a57e,47598,47645,47000,-1.2563553090465973,True
32,16,all,ALL17,reflection,transformer,a722a03d3758b0cde3f29162d5b9c89d01bd8f9dd614a6434c3efdc84b2907ac,196608,196804,196608,0.0,True
32,16,all,ALL17,reflection,transformer,3628c984729acddcf22abc4dc9a8b2d063fab8eb39272d237eaca566693dcf3f,196608,196804,190734,-2.9876708984375,True
32,16,all,ALL17,reflection,transformer,54c47622bd4890a227c93947b5f7085e02f70a421731a8ee75eb50c51fe3f431,196608,196804,189912,-3.40576171875,True
32,16,all,ALL17,reflection,transformer,c1f94f1e2616b5f8ad9120f41d30fed3b6130cbc7d413dd091239de2f6736b7a,196608,196804,191908,-2.390543619791663,True
32,16,all,ALL17,reflection,transformer,2502889d8c792daac9877997c9a8e93c4b6e41dba9222524b47705017906a716,196608,196804,188532,-4.107666015625,True
32,16,all,ALL17,reflection,transformer_cell,41e5351b72f91179f6058bfa40a0b8321eefd1c0eed6bd73b0a951b2988b935a,34048,34082,33874,-0.5110432330827086,True
32,16,all,ALL17,reflection,transformer_cell,20c708c8657cc5eee2c76c9ae3135d69c49b42d108713cf2d95a85c812e9abf9,34048,34082,32862,-3.483317669172936,True
32,16,all,ALL17,reflection,transformer_cell,b0693426d735afa2186f925440e55236e70f041e8cb09238e20ccba1c2519fac,34048,34082,34068,0.05874060150374838,True
32,16,all,ALL17,reflection,transformer_cell,7721173153e70b3a77415ec4cb44dacbe2698e4034bfb0cac32e0b0532b99f33,34048,34082,33832,-0.6343984962406068,True
32,16,all,ALL17,reflection,transformer_cell,ce228ca009586d91e3ba58df6be09623ffb786ffc0c2b93262625b16b8b143e4,34048,34082,33734,-0.922227443609025,True
32,16,all,ALL17,reflection,pnasnet,202aab22158afa164b44f20ea2fb4a9eccb0424762f66a0e366003e0ad77625e,286144,286430,286396,0.08806754641019765,True
32,16,all,ALL17,reflection,pnasnet,7c27486adef996df51f48c3475b4d368a23f21371e87791ca55705bfe4840484,286144,286430,275446,-3.7386770297472616,True
32,16,all,ALL17,reflection,pnasnet,1e8cb847c50cc386e33a3005dfdc64aee3d907e1b0525008c0c1f6bf2dcadc6d,286144,286430,275811,-3.6111188772086744,True
32,16,all,ALL17,reflection,pnasnet,226bd1a8ca3ed924d59df1de73e43d58102ec8ed8c229f68a061fbdf0b533540,286144,286430,284136,-0.7017445761574592,True
32,16,all,ALL17,reflection,resnext50,417feaedb74e688243a6a413478db80aa70e8d0e1d4d838fd18924c8be0da7d3,23046,23069,23054,0.034713182330992076,True
32,16,all,ALL17,reflection,resnext50,286ace5768d510f48b645a678ddbf4578a49dd0c633b1207b7e1b27f60bf8ace,23046,23069,22774,-1.180248199253664,True
32,16,all,ALL17,reflection,resnext50,97d761bff56288a1479a7015a11965dac9a7b865f05ec370b4a563bf8bafd2e0,23046,23069,22944,-0.4425930747201212,True
32,16,all,ALL17,reflection,resnet152,9524552345ed0cd6e4f1cfd7cb0e75d28b5c8d62bb719249cabe3b4f63cc9ab0,78445,78523,78450,0.006373892536171155,True
32,16,all,ALL17,reflection,resnet152,00fb30ba4a6433999f4cb67b14996f13963435b29075a8db179987085be3377b,78445,78523,78521,0.09688316654981044,True
32,16,all,ALL17,reflection,bert_block,49273f056523dea8492b8d21b046b2b785987926661255c5d5685704d3c5f372,30982,31012,30982,0.0,True
32,16,all,ALL17,reflection,bert_block,2019bbfcef54390bd3e72232e5cb41b33ec77c841dbafddaf8796de7bb58ab6c,30982,31012,30731,-0.8101478277709684,True
32,16,all,ALL17,reflection,bert_block,8c43bae37999d06d3c23e169e03a3ffbd86b9c1802467cf5458cfa55b6556248,30982,31012,30852,-0.419598476534766,True
32,16,all,ALL17,reflection,gpt_prefill_block,690954f4beb0bb6f62b0127aeeb8619785ff82009c8056e713d954d5a1a28572,61298,61359,61298,0.0,True
32,16,all,ALL17,reflection,gpt_prefill_block,38b221c9aaf354ed9ce0c2b7c27655dbc990984f8fde8a4bb5a18d6ba73ee61e,61298,61359,61355,0.09298835198539024,True
32,16,all,ALL17,reflection,gpt_decode_block,6b9c45f9c10cfc0328d9dd0503257f2cfe2366fa5a07946997235dd9c3a2c25f,6112,6118,6114,0.03272251308901186,True
32,16,all,ALL17,reflection,gpt_decode_block,f92859901101d9bf1bd8ecc5af73d9c5afecbe94a9625a92d40459b3388147b6,6112,6118,6114,0.03272251308901186,True
32,16,all,ALL17,reflection,gpt_decode_block,cc4cd40dda8430dc6eb5cc01ccc6a544ce2f1bcd1bde56ac7df2e8be45085c97,6112,6118,6118,0.09816753926701338,True
32,16,all,ALL17,reflection,gpt_decode_block,23bcca3b644a954f71c0f9a365a02df880946972c138cfc44e6524f4299830be,6112,6118,6114,0.03272251308901186,True
32,16,all,ALL17,reflection,gpt_decode_block,47ccb1846705a32bc3e80cb74c612fb179618876b01d76319553f8be65ff796d,6112,6118,6114,0.03272251308901186,True
64,1,workload,darknet19,rotation,darknet19,2b8b6d9eab570ba9db2b096fcb2676f324213912b6cc912fd4614c044605c8c2,90892,90982,90896,0.0044008273555329325,True
64,1,workload,darknet19,rotation,darknet19,628d3777cb92ab6e67b2e9f9bb9f1a5094d4087a8b4ee61f21da96b690730722,90892,90982,90896,0.0044008273555329325,True
64,1,workload,darknet19,rotation,darknet19,f7d288b1a214701fecfb899a0fe678fc927f3b58e4c2e676fb9fdeef6383a7c2,90892,90982,90892,0.0,True
64,1,workload,darknet19,rotation,darknet19,da41c9512b750608bc166b6b2d1cffa0138de162aabc6a0e41b23b4701b2aae4,90892,90982,90892,0.0,True
64,1,workload,darknet19,rotation,darknet19,cd0870ed9bc777bcf346c05cd0c9a7eb7b810c8dccacb18e607c79107318e93d,90892,90982,90900,0.00880165471108807,True
64,1,workload,darknet19,reflection,darknet19,2b8b6d9eab570ba9db2b096fcb2676f324213912b6cc912fd4614c044605c8c2,90892,90982,90896,0.0044008273555329325,True
64,1,workload,darknet19,reflection,darknet19,628d3777cb92ab6e67b2e9f9bb9f1a5094d4087a8b4ee61f21da96b690730722,90892,90982,90896,0.0044008273555329325,True
64,1,workload,darknet19,reflection,darknet19,f7d288b1a214701fecfb899a0fe678fc927f3b58e4c2e676fb9fdeef6383a7c2,90892,90982,90892,0.0,True
64,1,workload,darknet19,reflection,darknet19,da41c9512b750608bc166b6b2d1cffa0138de162aabc6a0e41b23b4701b2aae4,90892,90982,90892,0.0,True
64,1,workload,darknet19,reflection,darknet19,cd0870ed9bc777bcf346c05cd0c9a7eb7b810c8dccacb18e607c79107318e93d,90892,90982,90900,0.00880165471108807,True
64,1,workload,vgg19,rotation,vgg19,5d573aef717a615a225b9ddbeae461fab4bc4c14f832cde65c3bc32da3c0fb1e,599221,599820,599221,0.0,True
64,1,workload,vgg19,rotation,vgg19,f42d8ad93917fb7b10526b57678e4c08c5277da40946f969cccf54a38b468643,599221,599820,599752,0.08861505187569563,True
64,1,workload,vgg19,rotation,vgg19,c707397de242c3aea682cf532da413b7a1c21aa20a4d15c3895d7d19620e5632,599221,599820,599752,0.08861505187569563,True
64,1,workload,vgg19,reflection,vgg19,5d573aef717a615a225b9ddbeae461fab4bc4c14f832cde65c3bc32da3c0fb1e,599221,599820,599221,0.0,True
64,1,workload,vgg19,reflection,vgg19,f42d8ad93917fb7b10526b57678e4c08c5277da40946f969cccf54a38b468643,599221,599820,599752,0.08861505187569563,True
64,1,workload,vgg19,reflection,vgg19,c707397de242c3aea682cf532da413b7a1c21aa20a4d15c3895d7d19620e5632,599221,599820,599752,0.08861505187569563,True
64,1,workload,resnet50,rotation,resnet50,04495a3bbab1e543e7b6d34f544c6ab8c4fdb30069ebe323a936e2180fb7409a,132024,132156,132024,0.0,True
64,1,workload,resnet50,rotation,resnet50,d305dae9e85474998d76cf2b2e9c3f9f65ced4959bf4d26dc0fd6ece16b6750f,132024,132156,132084,0.04544628249409932,True
64,1,workload,resnet50,rotation,resnet50,41e8640c46f9b696acbe6d37ee4e0f68be6fd69bd284a0f0d1159241ec7f4480,132024,132156,132024,0.0,True
64,1,workload,resnet50,rotation,resnet50,3ee752bb23660382d6a3a423e21d579f8a1c4ae8a57f14c6771603d80583d6aa,132024,132156,132024,0.0,True
64,1,workload,resnet50,rotation,resnet50,a25f95bcb52cb43a08826c6e43642ce32b59c3d89ddd0835ea2b98a347fdaddb,132024,132156,132152,0.09695206932072153,True
64,1,workload,resnet50,reflection,resnet50,04495a3bbab1e543e7b6d34f544c6ab8c4fdb30069ebe323a936e2180fb7409a,132024,132156,132024,0.0,True
64,1,workload,resnet50,reflection,resnet50,d305dae9e85474998d76cf2b2e9c3f9f65ced4959bf4d26dc0fd6ece16b6750f,132024,132156,132084,0.04544628249409932,True
64,1,workload,resnet50,reflection,resnet50,41e8640c46f9b696acbe6d37ee4e0f68be6fd69bd284a0f0d1159241ec7f4480,132024,132156,132024,0.0,True
64,1,workload,resnet50,reflection,resnet50,3ee752bb23660382d6a3a423e21d579f8a1c4ae8a57f14c6771603d80583d6aa,132024,132156,132024,0.0,True
64,1,workload,resnet50,reflection,resnet50,a25f95bcb52cb43a08826c6e43642ce32b59c3d89ddd0835ea2b98a347fdaddb,132024,132156,132152,0.09695206932072153,True
64,1,workload,googlenet,rotation,googlenet,dd54cf83ed4de3e39b89c601cb6db3239395f6dc86e5caa3109effebc57f06e6,61911,61972,61911,0.0,True
64,1,workload,googlenet,rotation,googlenet,f9e25d4babea01415738279c4f68f391453751d46c15979565d942cda12500ad,61911,61972,61955,0.07106976143174126,True
64,1,workload,googlenet,rotation,googlenet,edea4c95bf9fcd83c79a3da83017997ac80adf7af08f012eaf848ea0d4e3473b,61911,61972,61949,0.06137843032740786,True
64,1,workload,googlenet,rotation,googlenet,7174ddc4bc3e96657200aad152da1e6261ce2732e7e379329646d9cd8b89d1bb,61911,61972,61709,-0.3262748138456839,True
64,1,workload,googlenet,rotation,googlenet,73bb79917b833bff7769f6757e218a19fdd74711cf085d0fcddc0bb4f5aec314,61911,61972,61729,-0.29397037683125404,True
64,1,workload,googlenet,reflection,googlenet,dd54cf83ed4de3e39b89c601cb6db3239395f6dc86e5caa3109effebc57f06e6,61911,61972,61911,0.0,True
64,1,workload,googlenet,reflection,googlenet,f9e25d4babea01415738279c4f68f391453751d46c15979565d942cda12500ad,61911,61972,61955,0.07106976143174126,True
64,1,workload,googlenet,reflection,googlenet,edea4c95bf9fcd83c79a3da83017997ac80adf7af08f012eaf848ea0d4e3473b,61911,61972,61949,0.06137843032740786,True
64,1,workload,googlenet,reflection,googlenet,7174ddc4bc3e96657200aad152da1e6261ce2732e7e379329646d9cd8b89d1bb,61911,61972,61709,-0.3262748138456839,True
64,1,workload,googlenet,reflection,googlenet,73bb79917b833bff7769f6757e218a19fdd74711cf085d0fcddc0bb4f5aec314,61911,61972,61729,-0.29397037683125404,True
64,1,workload,resnet101,rotation,resnet101,0307b73b3f7f4ac304166dc4bddfddda93a0ac99926355a42c4dc829adc8f279,261020,261281,261020,0.0,True
64,1,workload,resnet101,rotation,resnet101,afc6f2c889c0ae3d5e6ca5b94113ee753e83f982421e7235b9d74f06545f3769,261020,261281,261244,0.08581717876023909,True
64,1,workload,resnet101,rotation,resnet101,76a6332c6ac71fdef8f5b1f79e522691233adc747f452f8d39a55de10791ce73,261020,261281,261020,0.0,True
64,1,workload,resnet101,rotation,resnet101,5e3460193c5797cfac83bc6cd2e995a3fb120c2aed2dd7739c4be049b064ceea,261020,261281,261020,0.0,True
64,1,workload,resnet101,rotation,resnet101,9cd7e43edf93ac39b60b85cb4c39624ff3d0ab65c189e11981f730d0d98e54f4,261020,261281,261276,0.09807677572599705,True
64,1,workload,resnet101,reflection,resnet101,0307b73b3f7f4ac304166dc4bddfddda93a0ac99926355a42c4dc829adc8f279,261020,261281,261020,0.0,True
64,1,workload,resnet101,reflection,resnet101,afc6f2c889c0ae3d5e6ca5b94113ee753e83f982421e7235b9d74f06545f3769,261020,261281,261244,0.08581717876023909,True
64,1,workload,resnet101,reflection,resnet101,76a6332c6ac71fdef8f5b1f79e522691233adc747f452f8d39a55de10791ce73,261020,261281,261020,0.0,True
64,1,workload,resnet101,reflection,resnet101,5e3460193c5797cfac83bc6cd2e995a3fb120c2aed2dd7739c4be049b064ceea,261020,261281,261020,0.0,True
64,1,workload,resnet101,reflection,resnet101,9cd7e43edf93ac39b60b85cb4c39624ff3d0ab65c189e11981f730d0d98e54f4,261020,261281,261276,0.09807677572599705,True
64,1,workload,densenet,rotation,densenet,a05439dbf4cf5853dcbc022735efa087ff5bfb1d29a1b3f8508eef76caee85bc,96059,96155,96059,0.0,True
64,1,workload,densenet,rotation,densenet,1fd0c24940751e6ab5655b9d2bff22b91bb0f40f611bc0d526b3db55fbde7cb8,96059,96155,96059,0.0,True
64,1,workload,densenet,rotation,densenet,41ffc1cbebbdde5225aaf1f94c01d197b5b524a0816e80f0d933fd24c437b96c,96059,96155,96115,0.05829750465859984,True
64,1,workload,densenet,rotation,densenet,de0ec3c491c8daba8c645e1ae2c353ebe640682f138170dc01be8b0c693d1ea2,96059,96155,96151,0.09577447193911404,True
64,1,workload,densenet,reflection,densenet,a05439dbf4cf5853dcbc022735efa087ff5bfb1d29a1b3f8508eef76caee85bc,96059,96155,96059,0.0,True
64,1,workload,densenet,reflection,densenet,1fd0c24940751e6ab5655b9d2bff22b91bb0f40f611bc0d526b3db55fbde7cb8,96059,96155,96087,0.02914875232928882,True
64,1,workload,densenet,reflection,densenet,41ffc1cbebbdde5225aaf1f94c01d197b5b524a0816e80f0d933fd24c437b96c,96059,96155,96115,0.05829750465859984,True
64,1,workload,densenet,reflection,densenet,de0ec3c491c8daba8c645e1ae2c353ebe640682f138170dc01be8b0c693d1ea2,96059,96155,96151,0.09577447193911404,True
64,1,workload,inception_resnet_v1,rotation,inception_resnet_v1,997ca7cd4d8f08a68370dbb929626ef4a2e303e2d073174d050152348a8288a2,226437,226663,226437,0.0,True
64,1,workload,inception_resnet_v1,rotation,inception_resnet_v1,9c375f6352d025c19a1a77f0a5b9118a35d55e47b6632c94de2b509a1fac4d7d,226437,226663,226549,0.049461881229651006,True
64,1,workload,inception_resnet_v1,rotation,inception_resnet_v1,a52ddebfa5115ce9b9f6c36ac60009a16f3ea8778619dd8a306944e0689cb1f2,226437,226663,226437,0.0,True
64,1,workload,inception_resnet_v1,rotation,inception_resnet_v1,8e1b6d31ac308624982234408d9e72ed639323fcae12c67618884d12a77fbaaa,226437,226663,226467,0.0132487181865093,True
64,1,workload,inception_resnet_v1,rotation,inception_resnet_v1,095b869066b033b9db9f99399b8b2629f4ded92e7c297d2be87f302ecbcc3f96,226437,226663,226566,0.05696948820201886,True
64,1,workload,inception_resnet_v1,reflection,inception_resnet_v1,997ca7cd4d8f08a68370dbb929626ef4a2e303e2d073174d050152348a8288a2,226437,226663,226437,0.0,True
64,1,workload,inception_resnet_v1,reflection,inception_resnet_v1,9c375f6352d025c19a1a77f0a5b9118a35d55e47b6632c94de2b509a1fac4d7d,226437,226663,226549,0.049461881229651006,True
64,1,workload,inception_resnet_v1,reflection,inception_resnet_v1,a52ddebfa5115ce9b9f6c36ac60009a16f3ea8778619dd8a306944e0689cb1f2,226437,226663,226437,0.0,True
64,1,workload,inception_resnet_v1,reflection,inception_resnet_v1,8e1b6d31ac308624982234408d9e72ed639323fcae12c67618884d12a77fbaaa,226437,226663,226490,0.023406068796183455,True
64,1,workload,inception_resnet_v1,reflection,inception_resnet_v1,095b869066b033b9db9f99399b8b2629f4ded92e7c297d2be87f302ecbcc3f96,226437,226663,226566,0.05696948820201886,True
64,1,workload,gnmt,rotation,gnmt,dbd1251682161f0fed2112ba54937eefc54a3a39ceebad05bd275dca5b66a582,15674,15689,15674,0.0,True
64,1,workload,gnmt,rotation,gnmt,ef23e05f3aab24c1917df92b474083f7f37e6eac1f848ca3b7feec3090231dd4,15674,15689,15675,0.006379992344007768,True
64,1,workload,gnmt,rotation,gnmt,5ff06e830ce3d8afb1519b460ebc59a7a7f962f8eb8226dd163fd1189cfac39e,15674,15689,15674,0.0,True
64,1,workload,gnmt,rotation,gnmt,f36450c27cc4f39308dcc0c9a6e3034f09bdf7a23b6e7ad9dd582d11be59a111,15674,15689,15674,0.0,True
64,1,workload,gnmt,rotation,gnmt,087f9ca22c0d79b073397327060e35a9e826f215d18a0eeea8764ef989d4e2a6,15674,15689,15674,0.0,True
64,1,workload,gnmt,reflection,gnmt,dbd1251682161f0fed2112ba54937eefc54a3a39ceebad05bd275dca5b66a582,15674,15689,15674,0.0,True
64,1,workload,gnmt,reflection,gnmt,ef23e05f3aab24c1917df92b474083f7f37e6eac1f848ca3b7feec3090231dd4,15674,15689,15675,0.006379992344007768,True
64,1,workload,gnmt,reflection,gnmt,5ff06e830ce3d8afb1519b460ebc59a7a7f962f8eb8226dd163fd1189cfac39e,15674,15689,15674,0.0,True
64,1,workload,gnmt,reflection,gnmt,f36450c27cc4f39308dcc0c9a6e3034f09bdf7a23b6e7ad9dd582d11be59a111,15674,15689,15674,0.0,True
64,1,workload,gnmt,reflection,gnmt,087f9ca22c0d79b073397327060e35a9e826f215d18a0eeea8764ef989d4e2a6,15674,15689,15674,0.0,True
64,1,workload,lstm,rotation,lstm,3044d9c277a7f3497d8f479579de020a7fedcf2f5bef347f611a8522b0311caa,15666,15681,15666,0.0,True
64,1,workload,lstm,rotation,lstm,33931c455e8dce15bf98a64351627be0e687562d4bd8c301936a87429360632a,15666,15681,15673,0.044682752457547714,True
64,1,workload,lstm,rotation,lstm,7b487bdeaabb7a903547425588a62c8532d4871db173a2275df8ef7fa227b7c4,15666,15681,15666,0.0,True
64,1,workload,lstm,rotation,lstm,3755a1b39ad5ce0583958b3e9ed2e0883da3cdead57b1279ecd7744014df45c3,15666,15681,15666,0.0,True
64,1,workload,lstm,rotation,lstm,914eca20063424db30ab4f9891896f6ff1c70edb9a04549db0a7c7cdcfb1b04b,15666,15681,15666,0.0,True
64,1,workload,lstm,reflection,lstm,3044d9c277a7f3497d8f479579de020a7fedcf2f5bef347f611a8522b0311caa,15666,15681,15666,0.0,True
64,1,workload,lstm,reflection,lstm,33931c455e8dce15bf98a64351627be0e687562d4bd8c301936a87429360632a,15666,15681,15673,0.044682752457547714,True
64,1,workload,lstm,reflection,lstm,7b487bdeaabb7a903547425588a62c8532d4871db173a2275df8ef7fa227b7c4,15666,15681,15666,0.0,True
64,1,workload,lstm,reflection,lstm,3755a1b39ad5ce0583958b3e9ed2e0883da3cdead57b1279ecd7744014df45c3,15666,15681,15666,0.0,True
64,1,workload,lstm,reflection,lstm,914eca20063424db30ab4f9891896f6ff1c70edb9a04549db0a7c7cdcfb1b04b,15666,15681,15666,0.0,True
64,1,workload,transformer,rotation,transformer,175f752b8933c206899e602088e4947d370a95ec84a9bc02930e4cd9b5acd94f,898048,898946,898048,0.0,True
64,1,workload,transformer,rotation,transformer,05953be7c58809375c012a1fe5b3f7df486a1db25e7d119304c3cf35159474da,898048,898946,898048,0.0,True
64,1,workload,transformer,rotation,transformer,895c29d124f9a62fc1c4f7ae67c66977da845031f71e041f9271566d595e8774,898048,898946,898176,0.014253135689856755,True
64,1,workload,transformer,rotation,transformer,905d9dd360ca3e1251d3b4b6dab74f09227927a317b5a1ca72e1630c24448187,898048,898946,898048,0.0,True
64,1,workload,transformer,rotation,transformer,92bd450c92d2c7b9040ad4dceab577a554e3ec691d338ff623531757005d879d,898048,898946,898912,0.09620866590649424,True
64,1,workload,transformer,reflection,transformer,175f752b8933c206899e602088e4947d370a95ec84a9bc02930e4cd9b5acd94f,898048,898946,898048,0.0,True
64,1,workload,transformer,reflection,transformer,05953be7c58809375c012a1fe5b3f7df486a1db25e7d119304c3cf35159474da,898048,898946,898048,0.0,True
64,1,workload,transformer,reflection,transformer,895c29d124f9a62fc1c4f7ae67c66977da845031f71e041f9271566d595e8774,898048,898946,898176,0.014253135689856755,True
64,1,workload,transformer,reflection,transformer,905d9dd360ca3e1251d3b4b6dab74f09227927a317b5a1ca72e1630c24448187,898048,898946,898048,0.0,True
64,1,workload,transformer,reflection,transformer,92bd450c92d2c7b9040ad4dceab577a554e3ec691d338ff623531757005d879d,898048,898946,898912,0.09620866590649424,True
64,1,workload,transformer_cell,rotation,transformer_cell,ace6a2df2a7d74ed72c55e5c200a25b52c1f3b2572e23b57bd8dfcc30cfbf2f2,156928,157084,156928,0.0,True
64,1,workload,transformer_cell,rotation,transformer_cell,0e228de48ca88f67295e8cbd606998c88d4089d14b05d7b08f7473244c7f338f,156928,157084,157056,0.08156606851550396,True
64,1,workload,transformer_cell,rotation,transformer_cell,b410eecd9e89f0dee6bdb68383ed3e1d836a370631770c7c4d5f5d35d4ed0485,156928,157084,156928,0.0,True
64,1,workload,transformer_cell,rotation,transformer_cell,8808f22f18736311d8722cbac454ff062e8ff15f3e6f73920ebae0cbe9d64604,156928,157084,156992,0.04078303425774088,True
64,1,workload,transformer_cell,rotation,transformer_cell,9ec59f853b55b841963e0a0c13af7d7f05cea1f8bf4e1cbeff6927fc215326ac,156928,157084,156992,0.04078303425774088,True
64,1,workload,transformer_cell,reflection,transformer_cell,ace6a2df2a7d74ed72c55e5c200a25b52c1f3b2572e23b57bd8dfcc30cfbf2f2,156928,157084,156928,0.0,True
64,1,workload,transformer_cell,reflection,transformer_cell,0e228de48ca88f67295e8cbd606998c88d4089d14b05d7b08f7473244c7f338f,156928,157084,157056,0.08156606851550396,True
64,1,workload,transformer_cell,reflection,transformer_cell,b410eecd9e89f0dee6bdb68383ed3e1d836a370631770c7c4d5f5d35d4ed0485,156928,157084,156928,0.0,True
64,1,workload,transformer_cell,reflection,transformer_cell,8808f22f18736311d8722cbac454ff062e8ff15f3e6f73920ebae0cbe9d64604,156928,157084,156992,0.04078303425774088,True
64,1,workload,transformer_cell,reflection,transformer_cell,9ec59f853b55b841963e0a0c13af7d7f05cea1f8bf4e1cbeff6927fc215326ac,156928,157084,157040,0.07137030995105764,True
64,1,workload,pnasnet,rotation,pnasnet,58f837a56b9bdc074c0b852bc9162718f6cc9bed3284c22df110e31451ec6987,1286539,1287825,1286772,0.018110605275079017,True
64,1,workload,pnasnet,rotation,pnasnet,50bd213446d5fdcfec523e5d7f9795958bd6e4e2ac18575e8f0e247da505ca2e,1286539,1287825,1287766,0.09537215739281457,True
64,1,workload,pnasnet,rotation,pnasnet,2ad24c87b13468a95dfd51d1d1eb5a0719703bca0810085b2f826a3aa0cb7cfa,1286539,1287825,1287021,0.03746485726432436,True
64,1,workload,pnasnet,rotation,pnasnet,a52371c5424519994077a1faa002ff091d46afc6a223875d88ef0162fd1bfd98,1286539,1287825,1287765,0.09529442947318056,True
64,1,workload,pnasnet,rotation,pnasnet,da7eb0e188fa9d79f2fdd4656b6464f54acf9826c687f3e047079a772b22ecc2,1286539,1287825,1287801,0.09809263458007145,True
64,1,workload,pnasnet,reflection,pnasnet,58f837a56b9bdc074c0b852bc9162718f6cc9bed3284c22df110e31451ec6987,1286539,1287825,1286772,0.018110605275079017,True
64,1,workload,pnasnet,reflection,pnasnet,50bd213446d5fdcfec523e5d7f9795958bd6e4e2ac18575e8f0e247da505ca2e,1286539,1287825,1287766,0.09537215739281457,True
64,1,workload,pnasnet,reflection,pnasnet,2ad24c87b13468a95dfd51d1d1eb5a0719703bca0810085b2f826a3aa0cb7cfa,1286539,1287825,1287021,0.03746485726432436,True
64,1,workload,pnasnet,reflection,pnasnet,a52371c5424519994077a1faa002ff091d46afc6a223875d88ef0162fd1bfd98,1286539,1287825,1287765,0.09529442947318056,True
64,1,workload,pnasnet,reflection,pnasnet,da7eb0e188fa9d79f2fdd4656b6464f54acf9826c687f3e047079a772b22ecc2,1286539,1287825,1287801,0.09809263458007145,True
64,1,workload,resnext50,rotation,resnext50,de17c87cab01c7ad1fa1ebfbf20f27933a6cdba21978ee2f4abbae5d234d72a4,74613,74687,74613,0.0,True
64,1,workload,resnext50,rotation,resnext50,819a56a8465e2b4f256bfdd414a3160bc1b2cf5068a306874fed49d30fb87cd1,74613,74687,74613,0.0,True
64,1,workload,resnext50,rotation,resnext50,61a3eaaba89840417a6ba391707886235ce1246a9946f16a6fceeba91110a0b1,74613,74687,74614,0.0013402490182778948,True
64,1,workload,resnext50,rotation,resnext50,0b5aa3b4970c1e684afea802d473c3d53bf239979ae2ddadc3f36021a5b4320f,74613,74687,74613,0.0,True
64,1,workload,resnext50,rotation,resnext50,d6c74a123b5061659b20b52605463828db1f6462b416ff5544189cdd44711f7a,74613,74687,74613,0.0,True
64,1,workload,resnext50,reflection,resnext50,de17c87cab01c7ad1fa1ebfbf20f27933a6cdba21978ee2f4abbae5d234d72a4,74613,74687,74613,0.0,True
64,1,workload,resnext50,reflection,resnext50,819a56a8465e2b4f256bfdd414a3160bc1b2cf5068a306874fed49d30fb87cd1,74613,74687,74613,0.0,True
64,1,workload,resnext50,reflection,resnext50,61a3eaaba89840417a6ba391707886235ce1246a9946f16a6fceeba91110a0b1,74613,74687,74614,0.0013402490182778948,True
64,1,workload,resnext50,reflection,resnext50,0b5aa3b4970c1e684afea802d473c3d53bf239979ae2ddadc3f36021a5b4320f,74613,74687,74613,0.0,True
64,1,workload,resnext50,reflection,resnext50,d6c74a123b5061659b20b52605463828db1f6462b416ff5544189cdd44711f7a,74613,74687,74613,0.0,True
64,1,workload,resnet152,rotation,resnet152,a66e4c0a27fb4fe6ef5e3528c5902be0c33a631ffe39744905e846435e39c9e8,387888,388275,387917,0.007476384935856117,True
64,1,workload,resnet152,rotation,resnet152,b2e7a35120aee5b0101f040ad36d24241e8f04eb40495c606568ee84740958be,387888,388275,387909,0.005413933919062863,True
64,1,workload,resnet152,rotation,resnet152,21481a47f9c35fec614a7b8b789aafb958dcd113a2f59994bbc948610b74e959,387888,388275,388237,0.08997442560738644,True
64,1,workload,resnet152,rotation,resnet152,5c318927e43051261ba33842016f02e21539577c4854455a830df1cb878f9608,387888,388275,388260,0.09590397228065317,True
64,1,workload,resnet152,reflection,resnet152,a66e4c0a27fb4fe6ef5e3528c5902be0c33a631ffe39744905e846435e39c9e8,387888,388275,387917,0.007476384935856117,True
64,1,workload,resnet152,reflection,resnet152,b2e7a35120aee5b0101f040ad36d24241e8f04eb40495c606568ee84740958be,387888,388275,387909,0.005413933919062863,True
64,1,workload,resnet152,reflection,resnet152,21481a47f9c35fec614a7b8b789aafb958dcd113a2f59994bbc948610b74e959,387888,388275,388237,0.08997442560738644,True
64,1,workload,resnet152,reflection,resnet152,5c318927e43051261ba33842016f02e21539577c4854455a830df1cb878f9608,387888,388275,388260,0.09590397228065317,True
64,1,workload,bert_block,rotation,bert_block,ea0f96c48789dc958e427e7e294b21fe866bc57a140e61a8fb04a5ac5ede2ad1,169984,170153,169984,0.0,True
64,1,workload,bert_block,rotation,bert_block,828e66433ca748f80e066f8e3d550354f224780e5c6f56b7dd503ff8a20612b2,169984,170153,169984,0.0,True
64,1,workload,bert_block,rotation,bert_block,7fe641a73597a415c55335cc80e6e4fa2459fe7d12a1c35c94f72f735b2790ea,169984,170153,170112,0.07530120481926694,True
64,1,workload,bert_block,rotation,bert_block,d715829b938821db28db2f07efa646056fdd02c62023fa80ceb1659f7210fcc9,169984,170153,170112,0.07530120481926694,True
64,1,workload,bert_block,rotation,bert_block,8550a63a4db9b6ab0b8f8a9d1364fbd8acfa816b3f5306e134b80b9c52f65136,169984,170153,170128,0.08471385542168086,True
64,1,workload,bert_block,reflection,bert_block,ea0f96c48789dc958e427e7e294b21fe866bc57a140e61a8fb04a5ac5ede2ad1,169984,170153,169984,0.0,True
64,1,workload,bert_block,reflection,bert_block,828e66433ca748f80e066f8e3d550354f224780e5c6f56b7dd503ff8a20612b2,169984,170153,170096,0.06588855421687523,True
64,1,workload,bert_block,reflection,bert_block,7fe641a73597a415c55335cc80e6e4fa2459fe7d12a1c35c94f72f735b2790ea,169984,170153,170112,0.07530120481926694,True
64,1,workload,bert_block,reflection,bert_block,d715829b938821db28db2f07efa646056fdd02c62023fa80ceb1659f7210fcc9,169984,170153,170112,0.07530120481926694,True
64,1,workload,bert_block,reflection,bert_block,8550a63a4db9b6ab0b8f8a9d1364fbd8acfa816b3f5306e134b80b9c52f65136,169984,170153,170128,0.08471385542168086,True
64,1,workload,gpt_prefill_block,rotation,gpt_prefill_block,9fb020f0555bf792bdf64d2231511a0465bc1999254daeeec29c0e960521ab81,323200,323523,323200,0.0,True
64,1,workload,gpt_prefill_block,rotation,gpt_prefill_block,e24e9402404c93aeda4c5389c15f7d3bf995cd97fb3effbfbc2d68550271e716,323200,323523,323200,0.0,True
64,1,workload,gpt_prefill_block,rotation,gpt_prefill_block,d727140d83ba95df787395368c902d93501bddd5d436441436828213a7ef0d0b,323200,323523,323400,0.061881188118806385,True
64,1,workload,gpt_prefill_block,rotation,gpt_prefill_block,7dca62731ccc25301ea1aada823b816284ec214655f8400e3a84382d115ef8c7,323200,323523,323400,0.061881188118806385,True
64,1,workload,gpt_prefill_block,rotation,gpt_prefill_block,b2fc9507b4241750635f6fcaadbb4f7ba9c58c0cd6d812006e326d8293907e5b,323200,323523,323400,0.061881188118806385,True
64,1,workload,gpt_prefill_block,reflection,gpt_prefill_block,9fb020f0555bf792bdf64d2231511a0465bc1999254daeeec29c0e960521ab81,323200,323523,323200,0.0,True
64,1,workload,gpt_prefill_block,reflection,gpt_prefill_block,e24e9402404c93aeda4c5389c15f7d3bf995cd97fb3effbfbc2d68550271e716,323200,323523,323200,0.0,True
64,1,workload,gpt_prefill_block,reflection,gpt_prefill_block,d727140d83ba95df787395368c902d93501bddd5d436441436828213a7ef0d0b,323200,323523,323400,0.061881188118806385,True
64,1,workload,gpt_prefill_block,reflection,gpt_prefill_block,7dca62731ccc25301ea1aada823b816284ec214655f8400e3a84382d115ef8c7,323200,323523,323400,0.061881188118806385,True
64,1,workload,gpt_prefill_block,reflection,gpt_prefill_block,b2fc9507b4241750635f6fcaadbb4f7ba9c58c0cd6d812006e326d8293907e5b,323200,323523,323400,0.061881188118806385,True
64,1,workload,gpt_decode_block,rotation,gpt_decode_block,6018d088036d583c3e48ade001d52b19037b4adf905e2452a8211aaba4d90af6,8173,8181,7277,-10.962926709898447,True
64,1,workload,gpt_decode_block,rotation,gpt_decode_block,118b529722b06e8cb007d5d623fc65bb4eb8caf543750fc264a102ef9533925f,8173,8181,7804,-4.514866022268449,True
64,1,workload,gpt_decode_block,rotation,gpt_decode_block,0863b7e76bf7648076a1952aa7d197eaea6fee877ffe6c45c3f99d2219f40122,8173,8181,7826,-4.245687018230759,True
64,1,workload,gpt_decode_block,rotation,gpt_decode_block,d70c451fb82885663928cabb7562278b006533c1fcf892ed3c5f4e021bb4a6db,8173,8181,8133,-0.48941637097761337,True
64,1,workload,gpt_decode_block,rotation,gpt_decode_block,2822edc6216a176d7fcc702528837574fc36595f63d2086c1dea29ad263788ef,8173,8181,7220,-11.660345038541543,True
64,1,workload,gpt_decode_block,reflection,gpt_decode_block,6018d088036d583c3e48ade001d52b19037b4adf905e2452a8211aaba4d90af6,8173,8181,7278,-10.950691300624005,True
64,1,workload,gpt_decode_block,reflection,gpt_decode_block,118b529722b06e8cb007d5d623fc65bb4eb8caf543750fc264a102ef9533925f,8173,8181,7910,-3.217912639177778,True
64,1,workload,gpt_decode_block,reflection,gpt_decode_block,0863b7e76bf7648076a1952aa7d197eaea6fee877ffe6c45c3f99d2219f40122,8173,8181,8055,-1.4437782943839461,True
64,1,workload,gpt_decode_block,reflection,gpt_decode_block,d70c451fb82885663928cabb7562278b006533c1fcf892ed3c5f4e021bb4a6db,8173,8181,8174,0.012235409274441444,True
64,1,workload,gpt_decode_block,reflection,gpt_decode_block,2822edc6216a176d7fcc702528837574fc36595f63d2086c1dea29ad263788ef,8173,8181,7449,-8.858436314694728,True
64,1,group,CNN,rotation,darknet19,2b8b6d9eab570ba9db2b096fcb2676f324213912b6cc912fd4614c044605c8c2,90892,90982,90892,0.0,True
64,1,group,CNN,rotation,darknet19,628d3777cb92ab6e67b2e9f9bb9f1a5094d4087a8b4ee61f21da96b690730722,90892,90982,90892,0.0,True
64,1,group,CNN,rotation,darknet19,f7d288b1a214701fecfb899a0fe678fc927f3b58e4c2e676fb9fdeef6383a7c2,90892,90982,90892,0.0,True
64,1,group,CNN,rotation,darknet19,da41c9512b750608bc166b6b2d1cffa0138de162aabc6a0e41b23b4701b2aae4,90892,90982,90892,0.0,True
64,1,group,CNN,rotation,darknet19,cd0870ed9bc777bcf346c05cd0c9a7eb7b810c8dccacb18e607c79107318e93d,90892,90982,90892,0.0,True
64,1,group,CNN,rotation,vgg19,5d573aef717a615a225b9ddbeae461fab4bc4c14f832cde65c3bc32da3c0fb1e,599221,599820,599221,0.0,True
64,1,group,CNN,rotation,vgg19,f42d8ad93917fb7b10526b57678e4c08c5277da40946f969cccf54a38b468643,599221,599820,599662,0.0735955515577702,True
64,1,group,CNN,rotation,vgg19,c707397de242c3aea682cf532da413b7a1c21aa20a4d15c3895d7d19620e5632,599221,599820,599662,0.0735955515577702,True
64,1,group,CNN,rotation,resnet50,04495a3bbab1e543e7b6d34f544c6ab8c4fdb30069ebe323a936e2180fb7409a,132024,132156,132024,0.0,True
64,1,group,CNN,rotation,resnet50,d305dae9e85474998d76cf2b2e9c3f9f65ced4959bf4d26dc0fd6ece16b6750f,132024,132156,132084,0.04544628249409932,True
64,1,group,CNN,rotation,resnet50,41e8640c46f9b696acbe6d37ee4e0f68be6fd69bd284a0f0d1159241ec7f4480,132024,132156,132024,0.0,True
64,1,group,CNN,rotation,resnet50,3ee752bb23660382d6a3a423e21d579f8a1c4ae8a57f14c6771603d80583d6aa,132024,132156,132024,0.0,True
64,1,group,CNN,rotation,resnet50,a25f95bcb52cb43a08826c6e43642ce32b59c3d89ddd0835ea2b98a347fdaddb,132024,132156,132152,0.09695206932072153,True
64,1,group,CNN,rotation,googlenet,dd54cf83ed4de3e39b89c601cb6db3239395f6dc86e5caa3109effebc57f06e6,61911,61972,61911,0.0,True
64,1,group,CNN,rotation,googlenet,f9e25d4babea01415738279c4f68f391453751d46c15979565d942cda12500ad,61911,61972,61955,0.07106976143174126,True
64,1,group,CNN,rotation,googlenet,edea4c95bf9fcd83c79a3da83017997ac80adf7af08f012eaf848ea0d4e3473b,61911,61972,61949,0.06137843032740786,True
64,1,group,CNN,rotation,googlenet,7174ddc4bc3e96657200aad152da1e6261ce2732e7e379329646d9cd8b89d1bb,61911,61972,61699,-0.34242703235289884,True
64,1,group,CNN,rotation,googlenet,73bb79917b833bff7769f6757e218a19fdd74711cf085d0fcddc0bb4f5aec314,61911,61972,61729,-0.29397037683125404,True
64,1,group,CNN,rotation,resnet101,0307b73b3f7f4ac304166dc4bddfddda93a0ac99926355a42c4dc829adc8f279,261020,261281,261020,0.0,True
64,1,group,CNN,rotation,resnet101,afc6f2c889c0ae3d5e6ca5b94113ee753e83f982421e7235b9d74f06545f3769,261020,261281,261244,0.08581717876023909,True
64,1,group,CNN,rotation,resnet101,76a6332c6ac71fdef8f5b1f79e522691233adc747f452f8d39a55de10791ce73,261020,261281,261020,0.0,True
64,1,group,CNN,rotation,resnet101,5e3460193c5797cfac83bc6cd2e995a3fb120c2aed2dd7739c4be049b064ceea,261020,261281,261020,0.0,True
64,1,group,CNN,rotation,resnet101,9cd7e43edf93ac39b60b85cb4c39624ff3d0ab65c189e11981f730d0d98e54f4,261020,261281,261276,0.09807677572599705,True
64,1,group,CNN,rotation,densenet,a05439dbf4cf5853dcbc022735efa087ff5bfb1d29a1b3f8508eef76caee85bc,96059,96155,96059,0.0,True
64,1,group,CNN,rotation,densenet,1fd0c24940751e6ab5655b9d2bff22b91bb0f40f611bc0d526b3db55fbde7cb8,96059,96155,96059,0.0,True
64,1,group,CNN,rotation,densenet,41ffc1cbebbdde5225aaf1f94c01d197b5b524a0816e80f0d933fd24c437b96c,96059,96155,96115,0.05829750465859984,True
64,1,group,CNN,rotation,densenet,de0ec3c491c8daba8c645e1ae2c353ebe640682f138170dc01be8b0c693d1ea2,96059,96155,96151,0.09577447193911404,True
64,1,group,CNN,rotation,inception_resnet_v1,997ca7cd4d8f08a68370dbb929626ef4a2e303e2d073174d050152348a8288a2,226437,226663,226437,0.0,True
64,1,group,CNN,rotation,inception_resnet_v1,9c375f6352d025c19a1a77f0a5b9118a35d55e47b6632c94de2b509a1fac4d7d,226437,226663,226549,0.049461881229651006,True
64,1,group,CNN,rotation,inception_resnet_v1,a52ddebfa5115ce9b9f6c36ac60009a16f3ea8778619dd8a306944e0689cb1f2,226437,226663,226437,0.0,True
64,1,group,CNN,rotation,inception_resnet_v1,8e1b6d31ac308624982234408d9e72ed639323fcae12c67618884d12a77fbaaa,226437,226663,226451,0.006182735153714702,True
64,1,group,CNN,rotation,inception_resnet_v1,095b869066b033b9db9f99399b8b2629f4ded92e7c297d2be87f302ecbcc3f96,226437,226663,226451,0.006182735153714702,True
64,1,group,CNN,rotation,pnasnet,58f837a56b9bdc074c0b852bc9162718f6cc9bed3284c22df110e31451ec6987,1286539,1287825,1286772,0.018110605275079017,True
64,1,group,CNN,rotation,pnasnet,50bd213446d5fdcfec523e5d7f9795958bd6e4e2ac18575e8f0e247da505ca2e,1286539,1287825,1287766,0.09537215739281457,True
64,1,group,CNN,rotation,pnasnet,2ad24c87b13468a95dfd51d1d1eb5a0719703bca0810085b2f826a3aa0cb7cfa,1286539,1287825,1287021,0.03746485726432436,True
64,1,group,CNN,rotation,pnasnet,a52371c5424519994077a1faa002ff091d46afc6a223875d88ef0162fd1bfd98,1286539,1287825,1287765,0.09529442947318056,True
64,1,group,CNN,rotation,pnasnet,da7eb0e188fa9d79f2fdd4656b6464f54acf9826c687f3e047079a772b22ecc2,1286539,1287825,1287801,0.09809263458007145,True
64,1,group,CNN,rotation,resnext50,de17c87cab01c7ad1fa1ebfbf20f27933a6cdba21978ee2f4abbae5d234d72a4,74613,74687,74613,0.0,True
64,1,group,CNN,rotation,resnext50,819a56a8465e2b4f256bfdd414a3160bc1b2cf5068a306874fed49d30fb87cd1,74613,74687,74613,0.0,True
64,1,group,CNN,rotation,resnext50,61a3eaaba89840417a6ba391707886235ce1246a9946f16a6fceeba91110a0b1,74613,74687,74614,0.0013402490182778948,True
64,1,group,CNN,rotation,resnext50,0b5aa3b4970c1e684afea802d473c3d53bf239979ae2ddadc3f36021a5b4320f,74613,74687,74613,0.0,True
64,1,group,CNN,rotation,resnext50,d6c74a123b5061659b20b52605463828db1f6462b416ff5544189cdd44711f7a,74613,74687,74613,0.0,True
64,1,group,CNN,rotation,resnet152,a66e4c0a27fb4fe6ef5e3528c5902be0c33a631ffe39744905e846435e39c9e8,387888,388275,387888,0.0,True
64,1,group,CNN,rotation,resnet152,b2e7a35120aee5b0101f040ad36d24241e8f04eb40495c606568ee84740958be,387888,388275,387888,0.0,True
64,1,group,CNN,rotation,resnet152,21481a47f9c35fec614a7b8b789aafb958dcd113a2f59994bbc948610b74e959,387888,388275,388144,0.0659984325372287,True
64,1,group,CNN,rotation,resnet152,5c318927e43051261ba33842016f02e21539577c4854455a830df1cb878f9608,387888,388275,388231,0.08842758734479705,True
64,1,group,CNN,reflection,darknet19,2b8b6d9eab570ba9db2b096fcb2676f324213912b6cc912fd4614c044605c8c2,90892,90982,90892,0.0,True
64,1,group,CNN,reflection,darknet19,628d3777cb92ab6e67b2e9f9bb9f1a5094d4087a8b4ee61f21da96b690730722,90892,90982,90892,0.0,True
64,1,group,CNN,reflection,darknet19,f7d288b1a214701fecfb899a0fe678fc927f3b58e4c2e676fb9fdeef6383a7c2,90892,90982,90892,0.0,True
64,1,group,CNN,reflection,darknet19,da41c9512b750608bc166b6b2d1cffa0138de162aabc6a0e41b23b4701b2aae4,90892,90982,90892,0.0,True
64,1,group,CNN,reflection,darknet19,cd0870ed9bc777bcf346c05cd0c9a7eb7b810c8dccacb18e607c79107318e93d,90892,90982,90892,0.0,True
64,1,group,CNN,reflection,vgg19,5d573aef717a615a225b9ddbeae461fab4bc4c14f832cde65c3bc32da3c0fb1e,599221,599820,599221,0.0,True
64,1,group,CNN,reflection,vgg19,f42d8ad93917fb7b10526b57678e4c08c5277da40946f969cccf54a38b468643,599221,599820,599662,0.0735955515577702,True
64,1,group,CNN,reflection,vgg19,c707397de242c3aea682cf532da413b7a1c21aa20a4d15c3895d7d19620e5632,599221,599820,599662,0.0735955515577702,True
64,1,group,CNN,reflection,resnet50,04495a3bbab1e543e7b6d34f544c6ab8c4fdb30069ebe323a936e2180fb7409a,132024,132156,132024,0.0,True
64,1,group,CNN,reflection,resnet50,d305dae9e85474998d76cf2b2e9c3f9f65ced4959bf4d26dc0fd6ece16b6750f,132024,132156,132084,0.04544628249409932,True
64,1,group,CNN,reflection,resnet50,41e8640c46f9b696acbe6d37ee4e0f68be6fd69bd284a0f0d1159241ec7f4480,132024,132156,132024,0.0,True
64,1,group,CNN,reflection,resnet50,3ee752bb23660382d6a3a423e21d579f8a1c4ae8a57f14c6771603d80583d6aa,132024,132156,132024,0.0,True
64,1,group,CNN,reflection,resnet50,a25f95bcb52cb43a08826c6e43642ce32b59c3d89ddd0835ea2b98a347fdaddb,132024,132156,132152,0.09695206932072153,True
64,1,group,CNN,reflection,googlenet,dd54cf83ed4de3e39b89c601cb6db3239395f6dc86e5caa3109effebc57f06e6,61911,61972,61911,0.0,True
64,1,group,CNN,reflection,googlenet,f9e25d4babea01415738279c4f68f391453751d46c15979565d942cda12500ad,61911,61972,61955,0.07106976143174126,True
64,1,group,CNN,reflection,googlenet,edea4c95bf9fcd83c79a3da83017997ac80adf7af08f012eaf848ea0d4e3473b,61911,61972,61949,0.06137843032740786,True
64,1,group,CNN,reflection,googlenet,7174ddc4bc3e96657200aad152da1e6261ce2732e7e379329646d9cd8b89d1bb,61911,61972,61699,-0.34242703235289884,True
64,1,group,CNN,reflection,googlenet,73bb79917b833bff7769f6757e218a19fdd74711cf085d0fcddc0bb4f5aec314,61911,61972,61729,-0.29397037683125404,True
64,1,group,CNN,reflection,resnet101,0307b73b3f7f4ac304166dc4bddfddda93a0ac99926355a42c4dc829adc8f279,261020,261281,261020,0.0,True
64,1,group,CNN,reflection,resnet101,afc6f2c889c0ae3d5e6ca5b94113ee753e83f982421e7235b9d74f06545f3769,261020,261281,261244,0.08581717876023909,True
64,1,group,CNN,reflection,resnet101,76a6332c6ac71fdef8f5b1f79e522691233adc747f452f8d39a55de10791ce73,261020,261281,261020,0.0,True
64,1,group,CNN,reflection,resnet101,5e3460193c5797cfac83bc6cd2e995a3fb120c2aed2dd7739c4be049b064ceea,261020,261281,261020,0.0,True
64,1,group,CNN,reflection,resnet101,9cd7e43edf93ac39b60b85cb4c39624ff3d0ab65c189e11981f730d0d98e54f4,261020,261281,261276,0.09807677572599705,True
64,1,group,CNN,reflection,densenet,a05439dbf4cf5853dcbc022735efa087ff5bfb1d29a1b3f8508eef76caee85bc,96059,96155,96059,0.0,True
64,1,group,CNN,reflection,densenet,1fd0c24940751e6ab5655b9d2bff22b91bb0f40f611bc0d526b3db55fbde7cb8,96059,96155,96059,0.0,True
64,1,group,CNN,reflection,densenet,41ffc1cbebbdde5225aaf1f94c01d197b5b524a0816e80f0d933fd24c437b96c,96059,96155,96115,0.05829750465859984,True
64,1,group,CNN,reflection,densenet,de0ec3c491c8daba8c645e1ae2c353ebe640682f138170dc01be8b0c693d1ea2,96059,96155,96151,0.09577447193911404,True
64,1,group,CNN,reflection,inception_resnet_v1,997ca7cd4d8f08a68370dbb929626ef4a2e303e2d073174d050152348a8288a2,226437,226663,226437,0.0,True
64,1,group,CNN,reflection,inception_resnet_v1,9c375f6352d025c19a1a77f0a5b9118a35d55e47b6632c94de2b509a1fac4d7d,226437,226663,226549,0.049461881229651006,True
64,1,group,CNN,reflection,inception_resnet_v1,a52ddebfa5115ce9b9f6c36ac60009a16f3ea8778619dd8a306944e0689cb1f2,226437,226663,226437,0.0,True
64,1,group,CNN,reflection,inception_resnet_v1,8e1b6d31ac308624982234408d9e72ed639323fcae12c67618884d12a77fbaaa,226437,226663,226451,0.006182735153714702,True
64,1,group,CNN,reflection,inception_resnet_v1,095b869066b033b9db9f99399b8b2629f4ded92e7c297d2be87f302ecbcc3f96,226437,226663,226451,0.006182735153714702,True
64,1,group,CNN,reflection,pnasnet,58f837a56b9bdc074c0b852bc9162718f6cc9bed3284c22df110e31451ec6987,1286539,1287825,1286772,0.018110605275079017,True
64,1,group,CNN,reflection,pnasnet,50bd213446d5fdcfec523e5d7f9795958bd6e4e2ac18575e8f0e247da505ca2e,1286539,1287825,1287766,0.09537215739281457,True
64,1,group,CNN,reflection,pnasnet,2ad24c87b13468a95dfd51d1d1eb5a0719703bca0810085b2f826a3aa0cb7cfa,1286539,1287825,1287021,0.03746485726432436,True
64,1,group,CNN,reflection,pnasnet,a52371c5424519994077a1faa002ff091d46afc6a223875d88ef0162fd1bfd98,1286539,1287825,1287765,0.09529442947318056,True
64,1,group,CNN,reflection,pnasnet,da7eb0e188fa9d79f2fdd4656b6464f54acf9826c687f3e047079a772b22ecc2,1286539,1287825,1287801,0.09809263458007145,True
64,1,group,CNN,reflection,resnext50,de17c87cab01c7ad1fa1ebfbf20f27933a6cdba21978ee2f4abbae5d234d72a4,74613,74687,74613,0.0,True
64,1,group,CNN,reflection,resnext50,819a56a8465e2b4f256bfdd414a3160bc1b2cf5068a306874fed49d30fb87cd1,74613,74687,74613,0.0,True
64,1,group,CNN,reflection,resnext50,61a3eaaba89840417a6ba391707886235ce1246a9946f16a6fceeba91110a0b1,74613,74687,74614,0.0013402490182778948,True
64,1,group,CNN,reflection,resnext50,0b5aa3b4970c1e684afea802d473c3d53bf239979ae2ddadc3f36021a5b4320f,74613,74687,74613,0.0,True
64,1,group,CNN,reflection,resnext50,d6c74a123b5061659b20b52605463828db1f6462b416ff5544189cdd44711f7a,74613,74687,74613,0.0,True
64,1,group,CNN,reflection,resnet152,a66e4c0a27fb4fe6ef5e3528c5902be0c33a631ffe39744905e846435e39c9e8,387888,388275,387888,0.0,True
64,1,group,CNN,reflection,resnet152,b2e7a35120aee5b0101f040ad36d24241e8f04eb40495c606568ee84740958be,387888,388275,387888,0.0,True
64,1,group,CNN,reflection,resnet152,21481a47f9c35fec614a7b8b789aafb958dcd113a2f59994bbc948610b74e959,387888,388275,388144,0.0659984325372287,True
64,1,group,CNN,reflection,resnet152,5c318927e43051261ba33842016f02e21539577c4854455a830df1cb878f9608,387888,388275,388231,0.08842758734479705,True
64,1,group,RNN,rotation,gnmt,dbd1251682161f0fed2112ba54937eefc54a3a39ceebad05bd275dca5b66a582,15674,15689,15674,0.0,True
64,1,group,RNN,rotation,gnmt,ef23e05f3aab24c1917df92b474083f7f37e6eac1f848ca3b7feec3090231dd4,15674,15689,15675,0.006379992344007768,True
64,1,group,RNN,rotation,gnmt,5ff06e830ce3d8afb1519b460ebc59a7a7f962f8eb8226dd163fd1189cfac39e,15674,15689,15674,0.0,True
64,1,group,RNN,rotation,gnmt,f36450c27cc4f39308dcc0c9a6e3034f09bdf7a23b6e7ad9dd582d11be59a111,15674,15689,15674,0.0,True
64,1,group,RNN,rotation,gnmt,087f9ca22c0d79b073397327060e35a9e826f215d18a0eeea8764ef989d4e2a6,15674,15689,15674,0.0,True
64,1,group,RNN,rotation,lstm,3044d9c277a7f3497d8f479579de020a7fedcf2f5bef347f611a8522b0311caa,15666,15681,15666,0.0,True
64,1,group,RNN,rotation,lstm,33931c455e8dce15bf98a64351627be0e687562d4bd8c301936a87429360632a,15666,15681,15673,0.044682752457547714,True
64,1,group,RNN,rotation,lstm,7b487bdeaabb7a903547425588a62c8532d4871db173a2275df8ef7fa227b7c4,15666,15681,15666,0.0,True
64,1,group,RNN,rotation,lstm,3755a1b39ad5ce0583958b3e9ed2e0883da3cdead57b1279ecd7744014df45c3,15666,15681,15666,0.0,True
64,1,group,RNN,rotation,lstm,914eca20063424db30ab4f9891896f6ff1c70edb9a04549db0a7c7cdcfb1b04b,15666,15681,15666,0.0,True
64,1,group,RNN,reflection,gnmt,dbd1251682161f0fed2112ba54937eefc54a3a39ceebad05bd275dca5b66a582,15674,15689,15674,0.0,True
64,1,group,RNN,reflection,gnmt,ef23e05f3aab24c1917df92b474083f7f37e6eac1f848ca3b7feec3090231dd4,15674,15689,15675,0.006379992344007768,True
64,1,group,RNN,reflection,gnmt,5ff06e830ce3d8afb1519b460ebc59a7a7f962f8eb8226dd163fd1189cfac39e,15674,15689,15674,0.0,True
64,1,group,RNN,reflection,gnmt,f36450c27cc4f39308dcc0c9a6e3034f09bdf7a23b6e7ad9dd582d11be59a111,15674,15689,15674,0.0,True
64,1,group,RNN,reflection,gnmt,087f9ca22c0d79b073397327060e35a9e826f215d18a0eeea8764ef989d4e2a6,15674,15689,15674,0.0,True
64,1,group,RNN,reflection,lstm,3044d9c277a7f3497d8f479579de020a7fedcf2f5bef347f611a8522b0311caa,15666,15681,15666,0.0,True
64,1,group,RNN,reflection,lstm,33931c455e8dce15bf98a64351627be0e687562d4bd8c301936a87429360632a,15666,15681,15673,0.044682752457547714,True
64,1,group,RNN,reflection,lstm,7b487bdeaabb7a903547425588a62c8532d4871db173a2275df8ef7fa227b7c4,15666,15681,15666,0.0,True
64,1,group,RNN,reflection,lstm,3755a1b39ad5ce0583958b3e9ed2e0883da3cdead57b1279ecd7744014df45c3,15666,15681,15666,0.0,True
64,1,group,RNN,reflection,lstm,914eca20063424db30ab4f9891896f6ff1c70edb9a04549db0a7c7cdcfb1b04b,15666,15681,15666,0.0,True
64,1,group,Transformer,rotation,transformer,175f752b8933c206899e602088e4947d370a95ec84a9bc02930e4cd9b5acd94f,898048,898946,898048,0.0,True
64,1,group,Transformer,rotation,transformer,05953be7c58809375c012a1fe5b3f7df486a1db25e7d119304c3cf35159474da,898048,898946,898048,0.0,True
64,1,group,Transformer,rotation,transformer,895c29d124f9a62fc1c4f7ae67c66977da845031f71e041f9271566d595e8774,898048,898946,898048,0.0,True
64,1,group,Transformer,rotation,transformer,905d9dd360ca3e1251d3b4b6dab74f09227927a317b5a1ca72e1630c24448187,898048,898946,898048,0.0,True
64,1,group,Transformer,rotation,transformer,92bd450c92d2c7b9040ad4dceab577a554e3ec691d338ff623531757005d879d,898048,898946,898720,0.07482896237172021,True
64,1,group,Transformer,rotation,transformer_cell,ace6a2df2a7d74ed72c55e5c200a25b52c1f3b2572e23b57bd8dfcc30cfbf2f2,156928,157084,156928,0.0,True
64,1,group,Transformer,rotation,transformer_cell,0e228de48ca88f67295e8cbd606998c88d4089d14b05d7b08f7473244c7f338f,156928,157084,156928,0.0,True
64,1,group,Transformer,rotation,transformer_cell,b410eecd9e89f0dee6bdb68383ed3e1d836a370631770c7c4d5f5d35d4ed0485,156928,157084,156928,0.0,True
64,1,group,Transformer,rotation,transformer_cell,8808f22f18736311d8722cbac454ff062e8ff15f3e6f73920ebae0cbe9d64604,156928,157084,156992,0.04078303425774088,True
64,1,group,Transformer,rotation,transformer_cell,9ec59f853b55b841963e0a0c13af7d7f05cea1f8bf4e1cbeff6927fc215326ac,156928,157084,156992,0.04078303425774088,True
64,1,group,Transformer,rotation,bert_block,ea0f96c48789dc958e427e7e294b21fe866bc57a140e61a8fb04a5ac5ede2ad1,169984,170153,169984,0.0,True
64,1,group,Transformer,rotation,bert_block,828e66433ca748f80e066f8e3d550354f224780e5c6f56b7dd503ff8a20612b2,169984,170153,169984,0.0,True
64,1,group,Transformer,rotation,bert_block,7fe641a73597a415c55335cc80e6e4fa2459fe7d12a1c35c94f72f735b2790ea,169984,170153,170112,0.07530120481926694,True
64,1,group,Transformer,rotation,bert_block,d715829b938821db28db2f07efa646056fdd02c62023fa80ceb1659f7210fcc9,169984,170153,170112,0.07530120481926694,True
64,1,group,Transformer,rotation,bert_block,8550a63a4db9b6ab0b8f8a9d1364fbd8acfa816b3f5306e134b80b9c52f65136,169984,170153,170128,0.08471385542168086,True
64,1,group,Transformer,rotation,gpt_prefill_block,9fb020f0555bf792bdf64d2231511a0465bc1999254daeeec29c0e960521ab81,323200,323523,323200,0.0,True
64,1,group,Transformer,rotation,gpt_prefill_block,e24e9402404c93aeda4c5389c15f7d3bf995cd97fb3effbfbc2d68550271e716,323200,323523,323200,0.0,True
64,1,group,Transformer,rotation,gpt_prefill_block,d727140d83ba95df787395368c902d93501bddd5d436441436828213a7ef0d0b,323200,323523,323400,0.061881188118806385,True
64,1,group,Transformer,rotation,gpt_prefill_block,7dca62731ccc25301ea1aada823b816284ec214655f8400e3a84382d115ef8c7,323200,323523,323400,0.061881188118806385,True
64,1,group,Transformer,rotation,gpt_prefill_block,b2fc9507b4241750635f6fcaadbb4f7ba9c58c0cd6d812006e326d8293907e5b,323200,323523,323400,0.061881188118806385,True
64,1,group,Transformer,rotation,gpt_decode_block,6018d088036d583c3e48ade001d52b19037b4adf905e2452a8211aaba4d90af6,8173,8181,7277,-10.962926709898447,True
64,1,group,Transformer,rotation,gpt_decode_block,118b529722b06e8cb007d5d623fc65bb4eb8caf543750fc264a102ef9533925f,8173,8181,7804,-4.514866022268449,True
64,1,group,Transformer,rotation,gpt_decode_block,0863b7e76bf7648076a1952aa7d197eaea6fee877ffe6c45c3f99d2219f40122,8173,8181,7826,-4.245687018230759,True
64,1,group,Transformer,rotation,gpt_decode_block,d70c451fb82885663928cabb7562278b006533c1fcf892ed3c5f4e021bb4a6db,8173,8181,8133,-0.48941637097761337,True
64,1,group,Transformer,rotation,gpt_decode_block,2822edc6216a176d7fcc702528837574fc36595f63d2086c1dea29ad263788ef,8173,8181,7220,-11.660345038541543,True
64,1,group,Transformer,reflection,transformer,175f752b8933c206899e602088e4947d370a95ec84a9bc02930e4cd9b5acd94f,898048,898946,898048,0.0,True
64,1,group,Transformer,reflection,transformer,05953be7c58809375c012a1fe5b3f7df486a1db25e7d119304c3cf35159474da,898048,898946,898048,0.0,True
64,1,group,Transformer,reflection,transformer,895c29d124f9a62fc1c4f7ae67c66977da845031f71e041f9271566d595e8774,898048,898946,898048,0.0,True
64,1,group,Transformer,reflection,transformer,905d9dd360ca3e1251d3b4b6dab74f09227927a317b5a1ca72e1630c24448187,898048,898946,898048,0.0,True
64,1,group,Transformer,reflection,transformer,92bd450c92d2c7b9040ad4dceab577a554e3ec691d338ff623531757005d879d,898048,898946,898720,0.07482896237172021,True
64,1,group,Transformer,reflection,transformer_cell,ace6a2df2a7d74ed72c55e5c200a25b52c1f3b2572e23b57bd8dfcc30cfbf2f2,156928,157084,156928,0.0,True
64,1,group,Transformer,reflection,transformer_cell,0e228de48ca88f67295e8cbd606998c88d4089d14b05d7b08f7473244c7f338f,156928,157084,156928,0.0,True
64,1,group,Transformer,reflection,transformer_cell,b410eecd9e89f0dee6bdb68383ed3e1d836a370631770c7c4d5f5d35d4ed0485,156928,157084,156928,0.0,True
64,1,group,Transformer,reflection,transformer_cell,8808f22f18736311d8722cbac454ff062e8ff15f3e6f73920ebae0cbe9d64604,156928,157084,156992,0.04078303425774088,True
64,1,group,Transformer,reflection,transformer_cell,9ec59f853b55b841963e0a0c13af7d7f05cea1f8bf4e1cbeff6927fc215326ac,156928,157084,156992,0.04078303425774088,True
64,1,group,Transformer,reflection,bert_block,ea0f96c48789dc958e427e7e294b21fe866bc57a140e61a8fb04a5ac5ede2ad1,169984,170153,169984,0.0,True
64,1,group,Transformer,reflection,bert_block,828e66433ca748f80e066f8e3d550354f224780e5c6f56b7dd503ff8a20612b2,169984,170153,169984,0.0,True
64,1,group,Transformer,reflection,bert_block,7fe641a73597a415c55335cc80e6e4fa2459fe7d12a1c35c94f72f735b2790ea,169984,170153,170112,0.07530120481926694,True
64,1,group,Transformer,reflection,bert_block,d715829b938821db28db2f07efa646056fdd02c62023fa80ceb1659f7210fcc9,169984,170153,170112,0.07530120481926694,True
64,1,group,Transformer,reflection,bert_block,8550a63a4db9b6ab0b8f8a9d1364fbd8acfa816b3f5306e134b80b9c52f65136,169984,170153,170128,0.08471385542168086,True
64,1,group,Transformer,reflection,gpt_prefill_block,9fb020f0555bf792bdf64d2231511a0465bc1999254daeeec29c0e960521ab81,323200,323523,323200,0.0,True
64,1,group,Transformer,reflection,gpt_prefill_block,e24e9402404c93aeda4c5389c15f7d3bf995cd97fb3effbfbc2d68550271e716,323200,323523,323200,0.0,True
64,1,group,Transformer,reflection,gpt_prefill_block,d727140d83ba95df787395368c902d93501bddd5d436441436828213a7ef0d0b,323200,323523,323400,0.061881188118806385,True
64,1,group,Transformer,reflection,gpt_prefill_block,7dca62731ccc25301ea1aada823b816284ec214655f8400e3a84382d115ef8c7,323200,323523,323400,0.061881188118806385,True
64,1,group,Transformer,reflection,gpt_prefill_block,b2fc9507b4241750635f6fcaadbb4f7ba9c58c0cd6d812006e326d8293907e5b,323200,323523,323400,0.061881188118806385,True
64,1,group,Transformer,reflection,gpt_decode_block,6018d088036d583c3e48ade001d52b19037b4adf905e2452a8211aaba4d90af6,8173,8181,7277,-10.962926709898447,True
64,1,group,Transformer,reflection,gpt_decode_block,118b529722b06e8cb007d5d623fc65bb4eb8caf543750fc264a102ef9533925f,8173,8181,7804,-4.514866022268449,True
64,1,group,Transformer,reflection,gpt_decode_block,0863b7e76bf7648076a1952aa7d197eaea6fee877ffe6c45c3f99d2219f40122,8173,8181,7826,-4.245687018230759,True
64,1,group,Transformer,reflection,gpt_decode_block,d70c451fb82885663928cabb7562278b006533c1fcf892ed3c5f4e021bb4a6db,8173,8181,8133,-0.48941637097761337,True
64,1,group,Transformer,reflection,gpt_decode_block,2822edc6216a176d7fcc702528837574fc36595f63d2086c1dea29ad263788ef,8173,8181,7220,-11.660345038541543,True
64,1,all,ALL17,rotation,darknet19,2b8b6d9eab570ba9db2b096fcb2676f324213912b6cc912fd4614c044605c8c2,90892,90982,90892,0.0,True
64,1,all,ALL17,rotation,darknet19,628d3777cb92ab6e67b2e9f9bb9f1a5094d4087a8b4ee61f21da96b690730722,90892,90982,90892,0.0,True
64,1,all,ALL17,rotation,darknet19,f7d288b1a214701fecfb899a0fe678fc927f3b58e4c2e676fb9fdeef6383a7c2,90892,90982,90892,0.0,True
64,1,all,ALL17,rotation,darknet19,da41c9512b750608bc166b6b2d1cffa0138de162aabc6a0e41b23b4701b2aae4,90892,90982,90892,0.0,True
64,1,all,ALL17,rotation,darknet19,cd0870ed9bc777bcf346c05cd0c9a7eb7b810c8dccacb18e607c79107318e93d,90892,90982,90892,0.0,True
64,1,all,ALL17,rotation,vgg19,5d573aef717a615a225b9ddbeae461fab4bc4c14f832cde65c3bc32da3c0fb1e,599221,599820,599221,0.0,True
64,1,all,ALL17,rotation,vgg19,f42d8ad93917fb7b10526b57678e4c08c5277da40946f969cccf54a38b468643,599221,599820,599662,0.0735955515577702,True
64,1,all,ALL17,rotation,vgg19,c707397de242c3aea682cf532da413b7a1c21aa20a4d15c3895d7d19620e5632,599221,599820,599662,0.0735955515577702,True
64,1,all,ALL17,rotation,resnet50,04495a3bbab1e543e7b6d34f544c6ab8c4fdb30069ebe323a936e2180fb7409a,132024,132156,132024,0.0,True
64,1,all,ALL17,rotation,resnet50,d305dae9e85474998d76cf2b2e9c3f9f65ced4959bf4d26dc0fd6ece16b6750f,132024,132156,132084,0.04544628249409932,True
64,1,all,ALL17,rotation,resnet50,41e8640c46f9b696acbe6d37ee4e0f68be6fd69bd284a0f0d1159241ec7f4480,132024,132156,132024,0.0,True
64,1,all,ALL17,rotation,resnet50,3ee752bb23660382d6a3a423e21d579f8a1c4ae8a57f14c6771603d80583d6aa,132024,132156,132024,0.0,True
64,1,all,ALL17,rotation,resnet50,a25f95bcb52cb43a08826c6e43642ce32b59c3d89ddd0835ea2b98a347fdaddb,132024,132156,132152,0.09695206932072153,True
64,1,all,ALL17,rotation,googlenet,dd54cf83ed4de3e39b89c601cb6db3239395f6dc86e5caa3109effebc57f06e6,61911,61972,61911,0.0,True
64,1,all,ALL17,rotation,googlenet,f9e25d4babea01415738279c4f68f391453751d46c15979565d942cda12500ad,61911,61972,61955,0.07106976143174126,True
64,1,all,ALL17,rotation,googlenet,edea4c95bf9fcd83c79a3da83017997ac80adf7af08f012eaf848ea0d4e3473b,61911,61972,61949,0.06137843032740786,True
64,1,all,ALL17,rotation,googlenet,7174ddc4bc3e96657200aad152da1e6261ce2732e7e379329646d9cd8b89d1bb,61911,61972,61699,-0.34242703235289884,True
64,1,all,ALL17,rotation,googlenet,73bb79917b833bff7769f6757e218a19fdd74711cf085d0fcddc0bb4f5aec314,61911,61972,61729,-0.29397037683125404,True
64,1,all,ALL17,rotation,resnet101,0307b73b3f7f4ac304166dc4bddfddda93a0ac99926355a42c4dc829adc8f279,261020,261281,261020,0.0,True
64,1,all,ALL17,rotation,resnet101,afc6f2c889c0ae3d5e6ca5b94113ee753e83f982421e7235b9d74f06545f3769,261020,261281,261244,0.08581717876023909,True
64,1,all,ALL17,rotation,resnet101,76a6332c6ac71fdef8f5b1f79e522691233adc747f452f8d39a55de10791ce73,261020,261281,261020,0.0,True
64,1,all,ALL17,rotation,resnet101,5e3460193c5797cfac83bc6cd2e995a3fb120c2aed2dd7739c4be049b064ceea,261020,261281,261020,0.0,True
64,1,all,ALL17,rotation,resnet101,9cd7e43edf93ac39b60b85cb4c39624ff3d0ab65c189e11981f730d0d98e54f4,261020,261281,261276,0.09807677572599705,True
64,1,all,ALL17,rotation,densenet,a05439dbf4cf5853dcbc022735efa087ff5bfb1d29a1b3f8508eef76caee85bc,96059,96155,96059,0.0,True
64,1,all,ALL17,rotation,densenet,1fd0c24940751e6ab5655b9d2bff22b91bb0f40f611bc0d526b3db55fbde7cb8,96059,96155,96059,0.0,True
64,1,all,ALL17,rotation,densenet,41ffc1cbebbdde5225aaf1f94c01d197b5b524a0816e80f0d933fd24c437b96c,96059,96155,96115,0.05829750465859984,True
64,1,all,ALL17,rotation,densenet,de0ec3c491c8daba8c645e1ae2c353ebe640682f138170dc01be8b0c693d1ea2,96059,96155,96151,0.09577447193911404,True
64,1,all,ALL17,rotation,inception_resnet_v1,997ca7cd4d8f08a68370dbb929626ef4a2e303e2d073174d050152348a8288a2,226437,226663,226437,0.0,True
64,1,all,ALL17,rotation,inception_resnet_v1,9c375f6352d025c19a1a77f0a5b9118a35d55e47b6632c94de2b509a1fac4d7d,226437,226663,226549,0.049461881229651006,True
64,1,all,ALL17,rotation,inception_resnet_v1,a52ddebfa5115ce9b9f6c36ac60009a16f3ea8778619dd8a306944e0689cb1f2,226437,226663,226437,0.0,True
64,1,all,ALL17,rotation,inception_resnet_v1,8e1b6d31ac308624982234408d9e72ed639323fcae12c67618884d12a77fbaaa,226437,226663,226451,0.006182735153714702,True
64,1,all,ALL17,rotation,inception_resnet_v1,095b869066b033b9db9f99399b8b2629f4ded92e7c297d2be87f302ecbcc3f96,226437,226663,226451,0.006182735153714702,True
64,1,all,ALL17,rotation,gnmt,dbd1251682161f0fed2112ba54937eefc54a3a39ceebad05bd275dca5b66a582,15674,15689,15674,0.0,True
64,1,all,ALL17,rotation,gnmt,ef23e05f3aab24c1917df92b474083f7f37e6eac1f848ca3b7feec3090231dd4,15674,15689,15675,0.006379992344007768,True
64,1,all,ALL17,rotation,gnmt,5ff06e830ce3d8afb1519b460ebc59a7a7f962f8eb8226dd163fd1189cfac39e,15674,15689,15674,0.0,True
64,1,all,ALL17,rotation,gnmt,f36450c27cc4f39308dcc0c9a6e3034f09bdf7a23b6e7ad9dd582d11be59a111,15674,15689,15674,0.0,True
64,1,all,ALL17,rotation,gnmt,087f9ca22c0d79b073397327060e35a9e826f215d18a0eeea8764ef989d4e2a6,15674,15689,15674,0.0,True
64,1,all,ALL17,rotation,lstm,3044d9c277a7f3497d8f479579de020a7fedcf2f5bef347f611a8522b0311caa,15666,15681,15666,0.0,True
64,1,all,ALL17,rotation,lstm,33931c455e8dce15bf98a64351627be0e687562d4bd8c301936a87429360632a,15666,15681,15673,0.044682752457547714,True
64,1,all,ALL17,rotation,lstm,7b487bdeaabb7a903547425588a62c8532d4871db173a2275df8ef7fa227b7c4,15666,15681,15666,0.0,True
64,1,all,ALL17,rotation,lstm,3755a1b39ad5ce0583958b3e9ed2e0883da3cdead57b1279ecd7744014df45c3,15666,15681,15666,0.0,True
64,1,all,ALL17,rotation,lstm,914eca20063424db30ab4f9891896f6ff1c70edb9a04549db0a7c7cdcfb1b04b,15666,15681,15666,0.0,True
64,1,all,ALL17,rotation,transformer,175f752b8933c206899e602088e4947d370a95ec84a9bc02930e4cd9b5acd94f,898048,898946,898048,0.0,True
64,1,all,ALL17,rotation,transformer,05953be7c58809375c012a1fe5b3f7df486a1db25e7d119304c3cf35159474da,898048,898946,898048,0.0,True
64,1,all,ALL17,rotation,transformer,895c29d124f9a62fc1c4f7ae67c66977da845031f71e041f9271566d595e8774,898048,898946,898048,0.0,True
64,1,all,ALL17,rotation,transformer,905d9dd360ca3e1251d3b4b6dab74f09227927a317b5a1ca72e1630c24448187,898048,898946,898048,0.0,True
64,1,all,ALL17,rotation,transformer,92bd450c92d2c7b9040ad4dceab577a554e3ec691d338ff623531757005d879d,898048,898946,898720,0.07482896237172021,True
64,1,all,ALL17,rotation,transformer_cell,ace6a2df2a7d74ed72c55e5c200a25b52c1f3b2572e23b57bd8dfcc30cfbf2f2,156928,157084,156928,0.0,True
64,1,all,ALL17,rotation,transformer_cell,0e228de48ca88f67295e8cbd606998c88d4089d14b05d7b08f7473244c7f338f,156928,157084,156928,0.0,True
64,1,all,ALL17,rotation,transformer_cell,b410eecd9e89f0dee6bdb68383ed3e1d836a370631770c7c4d5f5d35d4ed0485,156928,157084,156928,0.0,True
64,1,all,ALL17,rotation,transformer_cell,8808f22f18736311d8722cbac454ff062e8ff15f3e6f73920ebae0cbe9d64604,156928,157084,156992,0.04078303425774088,True
64,1,all,ALL17,rotation,transformer_cell,9ec59f853b55b841963e0a0c13af7d7f05cea1f8bf4e1cbeff6927fc215326ac,156928,157084,156992,0.04078303425774088,True
64,1,all,ALL17,rotation,pnasnet,58f837a56b9bdc074c0b852bc9162718f6cc9bed3284c22df110e31451ec6987,1286539,1287825,1286539,0.0,True
64,1,all,ALL17,rotation,pnasnet,50bd213446d5fdcfec523e5d7f9795958bd6e4e2ac18575e8f0e247da505ca2e,1286539,1287825,1287203,0.05161133863800238,True
64,1,all,ALL17,rotation,pnasnet,2ad24c87b13468a95dfd51d1d1eb5a0719703bca0810085b2f826a3aa0cb7cfa,1286539,1287825,1286788,0.01935425198924534,True
64,1,all,ALL17,rotation,pnasnet,a52371c5424519994077a1faa002ff091d46afc6a223875d88ef0162fd1bfd98,1286539,1287825,1287532,0.07718382419810155,True
64,1,all,ALL17,rotation,pnasnet,da7eb0e188fa9d79f2fdd4656b6464f54acf9826c687f3e047079a772b22ecc2,1286539,1287825,1287238,0.054331815825259255,True
64,1,all,ALL17,rotation,resnext50,de17c87cab01c7ad1fa1ebfbf20f27933a6cdba21978ee2f4abbae5d234d72a4,74613,74687,74613,0.0,True
64,1,all,ALL17,rotation,resnext50,819a56a8465e2b4f256bfdd414a3160bc1b2cf5068a306874fed49d30fb87cd1,74613,74687,74613,0.0,True
64,1,all,ALL17,rotation,resnext50,61a3eaaba89840417a6ba391707886235ce1246a9946f16a6fceeba91110a0b1,74613,74687,74614,0.0013402490182778948,True
64,1,all,ALL17,rotation,resnext50,0b5aa3b4970c1e684afea802d473c3d53bf239979ae2ddadc3f36021a5b4320f,74613,74687,74613,0.0,True
64,1,all,ALL17,rotation,resnext50,d6c74a123b5061659b20b52605463828db1f6462b416ff5544189cdd44711f7a,74613,74687,74613,0.0,True
64,1,all,ALL17,rotation,resnet152,a66e4c0a27fb4fe6ef5e3528c5902be0c33a631ffe39744905e846435e39c9e8,387888,388275,387888,0.0,True
64,1,all,ALL17,rotation,resnet152,b2e7a35120aee5b0101f040ad36d24241e8f04eb40495c606568ee84740958be,387888,388275,387888,0.0,True
64,1,all,ALL17,rotation,resnet152,21481a47f9c35fec614a7b8b789aafb958dcd113a2f59994bbc948610b74e959,387888,388275,388144,0.0659984325372287,True
64,1,all,ALL17,rotation,resnet152,5c318927e43051261ba33842016f02e21539577c4854455a830df1cb878f9608,387888,388275,388231,0.08842758734479705,True
64,1,all,ALL17,rotation,bert_block,ea0f96c48789dc958e427e7e294b21fe866bc57a140e61a8fb04a5ac5ede2ad1,169984,170153,169984,0.0,True
64,1,all,ALL17,rotation,bert_block,828e66433ca748f80e066f8e3d550354f224780e5c6f56b7dd503ff8a20612b2,169984,170153,169984,0.0,True
64,1,all,ALL17,rotation,bert_block,7fe641a73597a415c55335cc80e6e4fa2459fe7d12a1c35c94f72f735b2790ea,169984,170153,170112,0.07530120481926694,True
64,1,all,ALL17,rotation,bert_block,d715829b938821db28db2f07efa646056fdd02c62023fa80ceb1659f7210fcc9,169984,170153,170112,0.07530120481926694,True
64,1,all,ALL17,rotation,bert_block,8550a63a4db9b6ab0b8f8a9d1364fbd8acfa816b3f5306e134b80b9c52f65136,169984,170153,170128,0.08471385542168086,True
64,1,all,ALL17,rotation,gpt_prefill_block,9fb020f0555bf792bdf64d2231511a0465bc1999254daeeec29c0e960521ab81,323200,323523,323200,0.0,True
64,1,all,ALL17,rotation,gpt_prefill_block,e24e9402404c93aeda4c5389c15f7d3bf995cd97fb3effbfbc2d68550271e716,323200,323523,323200,0.0,True
64,1,all,ALL17,rotation,gpt_prefill_block,d727140d83ba95df787395368c902d93501bddd5d436441436828213a7ef0d0b,323200,323523,323400,0.061881188118806385,True
64,1,all,ALL17,rotation,gpt_prefill_block,7dca62731ccc25301ea1aada823b816284ec214655f8400e3a84382d115ef8c7,323200,323523,323400,0.061881188118806385,True
64,1,all,ALL17,rotation,gpt_prefill_block,b2fc9507b4241750635f6fcaadbb4f7ba9c58c0cd6d812006e326d8293907e5b,323200,323523,323400,0.061881188118806385,True
64,1,all,ALL17,rotation,gpt_decode_block,6018d088036d583c3e48ade001d52b19037b4adf905e2452a8211aaba4d90af6,8173,8181,6358,-22.20726783310901,True
64,1,all,ALL17,rotation,gpt_decode_block,118b529722b06e8cb007d5d623fc65bb4eb8caf543750fc264a102ef9533925f,8173,8181,7643,-6.484766915453322,True
64,1,all,ALL17,rotation,gpt_decode_block,0863b7e76bf7648076a1952aa7d197eaea6fee877ffe6c45c3f99d2219f40122,8173,8181,7356,-9.996329377217672,True
64,1,all,ALL17,rotation,gpt_decode_block,d70c451fb82885663928cabb7562278b006533c1fcf892ed3c5f4e021bb4a6db,8173,8181,7739,-5.310167625107065,True
64,1,all,ALL17,rotation,gpt_decode_block,2822edc6216a176d7fcc702528837574fc36595f63d2086c1dea29ad263788ef,8173,8181,6358,-22.20726783310901,True
64,1,all,ALL17,reflection,darknet19,2b8b6d9eab570ba9db2b096fcb2676f324213912b6cc912fd4614c044605c8c2,90892,90982,90892,0.0,True
64,1,all,ALL17,reflection,darknet19,628d3777cb92ab6e67b2e9f9bb9f1a5094d4087a8b4ee61f21da96b690730722,90892,90982,90892,0.0,True
64,1,all,ALL17,reflection,darknet19,f7d288b1a214701fecfb899a0fe678fc927f3b58e4c2e676fb9fdeef6383a7c2,90892,90982,90892,0.0,True
64,1,all,ALL17,reflection,darknet19,da41c9512b750608bc166b6b2d1cffa0138de162aabc6a0e41b23b4701b2aae4,90892,90982,90892,0.0,True
64,1,all,ALL17,reflection,darknet19,cd0870ed9bc777bcf346c05cd0c9a7eb7b810c8dccacb18e607c79107318e93d,90892,90982,90892,0.0,True
64,1,all,ALL17,reflection,vgg19,5d573aef717a615a225b9ddbeae461fab4bc4c14f832cde65c3bc32da3c0fb1e,599221,599820,599221,0.0,True
64,1,all,ALL17,reflection,vgg19,f42d8ad93917fb7b10526b57678e4c08c5277da40946f969cccf54a38b468643,599221,599820,599662,0.0735955515577702,True
64,1,all,ALL17,reflection,vgg19,c707397de242c3aea682cf532da413b7a1c21aa20a4d15c3895d7d19620e5632,599221,599820,599662,0.0735955515577702,True
64,1,all,ALL17,reflection,resnet50,04495a3bbab1e543e7b6d34f544c6ab8c4fdb30069ebe323a936e2180fb7409a,132024,132156,132024,0.0,True
64,1,all,ALL17,reflection,resnet50,d305dae9e85474998d76cf2b2e9c3f9f65ced4959bf4d26dc0fd6ece16b6750f,132024,132156,132084,0.04544628249409932,True
64,1,all,ALL17,reflection,resnet50,41e8640c46f9b696acbe6d37ee4e0f68be6fd69bd284a0f0d1159241ec7f4480,132024,132156,132024,0.0,True
64,1,all,ALL17,reflection,resnet50,3ee752bb23660382d6a3a423e21d579f8a1c4ae8a57f14c6771603d80583d6aa,132024,132156,132024,0.0,True
64,1,all,ALL17,reflection,resnet50,a25f95bcb52cb43a08826c6e43642ce32b59c3d89ddd0835ea2b98a347fdaddb,132024,132156,132152,0.09695206932072153,True
64,1,all,ALL17,reflection,googlenet,dd54cf83ed4de3e39b89c601cb6db3239395f6dc86e5caa3109effebc57f06e6,61911,61972,61911,0.0,True
64,1,all,ALL17,reflection,googlenet,f9e25d4babea01415738279c4f68f391453751d46c15979565d942cda12500ad,61911,61972,61955,0.07106976143174126,True
64,1,all,ALL17,reflection,googlenet,edea4c95bf9fcd83c79a3da83017997ac80adf7af08f012eaf848ea0d4e3473b,61911,61972,61949,0.06137843032740786,True
64,1,all,ALL17,reflection,googlenet,7174ddc4bc3e96657200aad152da1e6261ce2732e7e379329646d9cd8b89d1bb,61911,61972,61699,-0.34242703235289884,True
64,1,all,ALL17,reflection,googlenet,73bb79917b833bff7769f6757e218a19fdd74711cf085d0fcddc0bb4f5aec314,61911,61972,61729,-0.29397037683125404,True
64,1,all,ALL17,reflection,resnet101,0307b73b3f7f4ac304166dc4bddfddda93a0ac99926355a42c4dc829adc8f279,261020,261281,261020,0.0,True
64,1,all,ALL17,reflection,resnet101,afc6f2c889c0ae3d5e6ca5b94113ee753e83f982421e7235b9d74f06545f3769,261020,261281,261244,0.08581717876023909,True
64,1,all,ALL17,reflection,resnet101,76a6332c6ac71fdef8f5b1f79e522691233adc747f452f8d39a55de10791ce73,261020,261281,261020,0.0,True
64,1,all,ALL17,reflection,resnet101,5e3460193c5797cfac83bc6cd2e995a3fb120c2aed2dd7739c4be049b064ceea,261020,261281,261020,0.0,True
64,1,all,ALL17,reflection,resnet101,9cd7e43edf93ac39b60b85cb4c39624ff3d0ab65c189e11981f730d0d98e54f4,261020,261281,261276,0.09807677572599705,True
64,1,all,ALL17,reflection,densenet,a05439dbf4cf5853dcbc022735efa087ff5bfb1d29a1b3f8508eef76caee85bc,96059,96155,96059,0.0,True
64,1,all,ALL17,reflection,densenet,1fd0c24940751e6ab5655b9d2bff22b91bb0f40f611bc0d526b3db55fbde7cb8,96059,96155,96059,0.0,True
64,1,all,ALL17,reflection,densenet,41ffc1cbebbdde5225aaf1f94c01d197b5b524a0816e80f0d933fd24c437b96c,96059,96155,96115,0.05829750465859984,True
64,1,all,ALL17,reflection,densenet,de0ec3c491c8daba8c645e1ae2c353ebe640682f138170dc01be8b0c693d1ea2,96059,96155,96151,0.09577447193911404,True
64,1,all,ALL17,reflection,inception_resnet_v1,997ca7cd4d8f08a68370dbb929626ef4a2e303e2d073174d050152348a8288a2,226437,226663,226437,0.0,True
64,1,all,ALL17,reflection,inception_resnet_v1,9c375f6352d025c19a1a77f0a5b9118a35d55e47b6632c94de2b509a1fac4d7d,226437,226663,226549,0.049461881229651006,True
64,1,all,ALL17,reflection,inception_resnet_v1,a52ddebfa5115ce9b9f6c36ac60009a16f3ea8778619dd8a306944e0689cb1f2,226437,226663,226437,0.0,True
64,1,all,ALL17,reflection,inception_resnet_v1,8e1b6d31ac308624982234408d9e72ed639323fcae12c67618884d12a77fbaaa,226437,226663,226451,0.006182735153714702,True
64,1,all,ALL17,reflection,inception_resnet_v1,095b869066b033b9db9f99399b8b2629f4ded92e7c297d2be87f302ecbcc3f96,226437,226663,226451,0.006182735153714702,True
64,1,all,ALL17,reflection,gnmt,dbd1251682161f0fed2112ba54937eefc54a3a39ceebad05bd275dca5b66a582,15674,15689,15674,0.0,True
64,1,all,ALL17,reflection,gnmt,ef23e05f3aab24c1917df92b474083f7f37e6eac1f848ca3b7feec3090231dd4,15674,15689,15675,0.006379992344007768,True
64,1,all,ALL17,reflection,gnmt,5ff06e830ce3d8afb1519b460ebc59a7a7f962f8eb8226dd163fd1189cfac39e,15674,15689,15674,0.0,True
64,1,all,ALL17,reflection,gnmt,f36450c27cc4f39308dcc0c9a6e3034f09bdf7a23b6e7ad9dd582d11be59a111,15674,15689,15674,0.0,True
64,1,all,ALL17,reflection,gnmt,087f9ca22c0d79b073397327060e35a9e826f215d18a0eeea8764ef989d4e2a6,15674,15689,15674,0.0,True
64,1,all,ALL17,reflection,lstm,3044d9c277a7f3497d8f479579de020a7fedcf2f5bef347f611a8522b0311caa,15666,15681,15666,0.0,True
64,1,all,ALL17,reflection,lstm,33931c455e8dce15bf98a64351627be0e687562d4bd8c301936a87429360632a,15666,15681,15673,0.044682752457547714,True
64,1,all,ALL17,reflection,lstm,7b487bdeaabb7a903547425588a62c8532d4871db173a2275df8ef7fa227b7c4,15666,15681,15666,0.0,True
64,1,all,ALL17,reflection,lstm,3755a1b39ad5ce0583958b3e9ed2e0883da3cdead57b1279ecd7744014df45c3,15666,15681,15666,0.0,True
64,1,all,ALL17,reflection,lstm,914eca20063424db30ab4f9891896f6ff1c70edb9a04549db0a7c7cdcfb1b04b,15666,15681,15666,0.0,True
64,1,all,ALL17,reflection,transformer,175f752b8933c206899e602088e4947d370a95ec84a9bc02930e4cd9b5acd94f,898048,898946,898048,0.0,True
64,1,all,ALL17,reflection,transformer,05953be7c58809375c012a1fe5b3f7df486a1db25e7d119304c3cf35159474da,898048,898946,898048,0.0,True
64,1,all,ALL17,reflection,transformer,895c29d124f9a62fc1c4f7ae67c66977da845031f71e041f9271566d595e8774,898048,898946,898048,0.0,True
64,1,all,ALL17,reflection,transformer,905d9dd360ca3e1251d3b4b6dab74f09227927a317b5a1ca72e1630c24448187,898048,898946,898048,0.0,True
64,1,all,ALL17,reflection,transformer,92bd450c92d2c7b9040ad4dceab577a554e3ec691d338ff623531757005d879d,898048,898946,898720,0.07482896237172021,True
64,1,all,ALL17,reflection,transformer_cell,ace6a2df2a7d74ed72c55e5c200a25b52c1f3b2572e23b57bd8dfcc30cfbf2f2,156928,157084,156928,0.0,True
64,1,all,ALL17,reflection,transformer_cell,0e228de48ca88f67295e8cbd606998c88d4089d14b05d7b08f7473244c7f338f,156928,157084,156928,0.0,True
64,1,all,ALL17,reflection,transformer_cell,b410eecd9e89f0dee6bdb68383ed3e1d836a370631770c7c4d5f5d35d4ed0485,156928,157084,156928,0.0,True
64,1,all,ALL17,reflection,transformer_cell,8808f22f18736311d8722cbac454ff062e8ff15f3e6f73920ebae0cbe9d64604,156928,157084,156992,0.04078303425774088,True
64,1,all,ALL17,reflection,transformer_cell,9ec59f853b55b841963e0a0c13af7d7f05cea1f8bf4e1cbeff6927fc215326ac,156928,157084,156992,0.04078303425774088,True
64,1,all,ALL17,reflection,pnasnet,58f837a56b9bdc074c0b852bc9162718f6cc9bed3284c22df110e31451ec6987,1286539,1287825,1286539,0.0,True
64,1,all,ALL17,reflection,pnasnet,50bd213446d5fdcfec523e5d7f9795958bd6e4e2ac18575e8f0e247da505ca2e,1286539,1287825,1287203,0.05161133863800238,True
64,1,all,ALL17,reflection,pnasnet,2ad24c87b13468a95dfd51d1d1eb5a0719703bca0810085b2f826a3aa0cb7cfa,1286539,1287825,1286788,0.01935425198924534,True
64,1,all,ALL17,reflection,pnasnet,a52371c5424519994077a1faa002ff091d46afc6a223875d88ef0162fd1bfd98,1286539,1287825,1287532,0.07718382419810155,True
64,1,all,ALL17,reflection,pnasnet,da7eb0e188fa9d79f2fdd4656b6464f54acf9826c687f3e047079a772b22ecc2,1286539,1287825,1287238,0.054331815825259255,True
64,1,all,ALL17,reflection,resnext50,de17c87cab01c7ad1fa1ebfbf20f27933a6cdba21978ee2f4abbae5d234d72a4,74613,74687,74613,0.0,True
64,1,all,ALL17,reflection,resnext50,819a56a8465e2b4f256bfdd414a3160bc1b2cf5068a306874fed49d30fb87cd1,74613,74687,74613,0.0,True
64,1,all,ALL17,reflection,resnext50,61a3eaaba89840417a6ba391707886235ce1246a9946f16a6fceeba91110a0b1,74613,74687,74614,0.0013402490182778948,True
64,1,all,ALL17,reflection,resnext50,0b5aa3b4970c1e684afea802d473c3d53bf239979ae2ddadc3f36021a5b4320f,74613,74687,74613,0.0,True
64,1,all,ALL17,reflection,resnext50,d6c74a123b5061659b20b52605463828db1f6462b416ff5544189cdd44711f7a,74613,74687,74613,0.0,True
64,1,all,ALL17,reflection,resnet152,a66e4c0a27fb4fe6ef5e3528c5902be0c33a631ffe39744905e846435e39c9e8,387888,388275,387888,0.0,True
64,1,all,ALL17,reflection,resnet152,b2e7a35120aee5b0101f040ad36d24241e8f04eb40495c606568ee84740958be,387888,388275,387888,0.0,True
64,1,all,ALL17,reflection,resnet152,21481a47f9c35fec614a7b8b789aafb958dcd113a2f59994bbc948610b74e959,387888,388275,388144,0.0659984325372287,True
64,1,all,ALL17,reflection,resnet152,5c318927e43051261ba33842016f02e21539577c4854455a830df1cb878f9608,387888,388275,388231,0.08842758734479705,True
64,1,all,ALL17,reflection,bert_block,ea0f96c48789dc958e427e7e294b21fe866bc57a140e61a8fb04a5ac5ede2ad1,169984,170153,169984,0.0,True
64,1,all,ALL17,reflection,bert_block,828e66433ca748f80e066f8e3d550354f224780e5c6f56b7dd503ff8a20612b2,169984,170153,169984,0.0,True
64,1,all,ALL17,reflection,bert_block,7fe641a73597a415c55335cc80e6e4fa2459fe7d12a1c35c94f72f735b2790ea,169984,170153,170112,0.07530120481926694,True
64,1,all,ALL17,reflection,bert_block,d715829b938821db28db2f07efa646056fdd02c62023fa80ceb1659f7210fcc9,169984,170153,170112,0.07530120481926694,True
64,1,all,ALL17,reflection,bert_block,8550a63a4db9b6ab0b8f8a9d1364fbd8acfa816b3f5306e134b80b9c52f65136,169984,170153,170128,0.08471385542168086,True
64,1,all,ALL17,reflection,gpt_prefill_block,9fb020f0555bf792bdf64d2231511a0465bc1999254daeeec29c0e960521ab81,323200,323523,323200,0.0,True
64,1,all,ALL17,reflection,gpt_prefill_block,e24e9402404c93aeda4c5389c15f7d3bf995cd97fb3effbfbc2d68550271e716,323200,323523,323200,0.0,True
64,1,all,ALL17,reflection,gpt_prefill_block,d727140d83ba95df787395368c902d93501bddd5d436441436828213a7ef0d0b,323200,323523,323400,0.061881188118806385,True
64,1,all,ALL17,reflection,gpt_prefill_block,7dca62731ccc25301ea1aada823b816284ec214655f8400e3a84382d115ef8c7,323200,323523,323400,0.061881188118806385,True
64,1,all,ALL17,reflection,gpt_prefill_block,b2fc9507b4241750635f6fcaadbb4f7ba9c58c0cd6d812006e326d8293907e5b,323200,323523,323400,0.061881188118806385,True
64,1,all,ALL17,reflection,gpt_decode_block,6018d088036d583c3e48ade001d52b19037b4adf905e2452a8211aaba4d90af6,8173,8181,6358,-22.20726783310901,True
64,1,all,ALL17,reflection,gpt_decode_block,118b529722b06e8cb007d5d623fc65bb4eb8caf543750fc264a102ef9533925f,8173,8181,7643,-6.484766915453322,True
64,1,all,ALL17,reflection,gpt_decode_block,0863b7e76bf7648076a1952aa7d197eaea6fee877ffe6c45c3f99d2219f40122,8173,8181,7356,-9.996329377217672,True
64,1,all,ALL17,reflection,gpt_decode_block,d70c451fb82885663928cabb7562278b006533c1fcf892ed3c5f4e021bb4a6db,8173,8181,7739,-5.310167625107065,True
64,1,all,ALL17,reflection,gpt_decode_block,2822edc6216a176d7fcc702528837574fc36595f63d2086c1dea29ad263788ef,8173,8181,6358,-22.20726783310901,True
64,4,workload,darknet19,rotation,darknet19,213f87df4d5f8bcbbb2fab5db0bf80823858e6f1033e6aeff9ef64fe4b3a2c34,25900,25925,25903,0.011583011583016223,True
64,4,workload,darknet19,rotation,darknet19,c6b920484193eca3f86fbb4c5988dc613368296e228f694e83adb9b961453b7a,25900,25925,25905,0.019305019305027038,True
64,4,workload,darknet19,rotation,darknet19,2c6be093605df74136d9782bcd235d41a38c0afb7b51dbfaf60f787a4a549b0e,25900,25925,25903,0.011583011583016223,True
64,4,workload,darknet19,reflection,darknet19,213f87df4d5f8bcbbb2fab5db0bf80823858e6f1033e6aeff9ef64fe4b3a2c34,25900,25925,25903,0.011583011583016223,True
64,4,workload,darknet19,reflection,darknet19,c6b920484193eca3f86fbb4c5988dc613368296e228f694e83adb9b961453b7a,25900,25925,25905,0.019305019305027038,True
64,4,workload,darknet19,reflection,darknet19,2c6be093605df74136d9782bcd235d41a38c0afb7b51dbfaf60f787a4a549b0e,25900,25925,25903,0.011583011583016223,True
64,4,workload,vgg19,rotation,vgg19,8c6335b828f9e6a6eaa1548ba31e1392fad57de56bdcb3f94cce7c88075b7458,155197,155352,155197,0.0,True
64,4,workload,vgg19,rotation,vgg19,1c1d61ef8aa8c57c394a68ac06c009116578b21cf132e9e15929dc6273b5b6fc,155197,155352,155293,0.06185686578992211,True
64,4,workload,vgg19,rotation,vgg19,4564a015ecfdbbe95b6f433a3c8a91cb411e7527e74cef0f2afb4d99685ece80,155197,155352,155197,0.0,True
64,4,workload,vgg19,reflection,vgg19,8c6335b828f9e6a6eaa1548ba31e1392fad57de56bdcb3f94cce7c88075b7458,155197,155352,155197,0.0,True
64,4,workload,vgg19,reflection,vgg19,1c1d61ef8aa8c57c394a68ac06c009116578b21cf132e9e15929dc6273b5b6fc,155197,155352,155293,0.06185686578992211,True
64,4,workload,vgg19,reflection,vgg19,4564a015ecfdbbe95b6f433a3c8a91cb411e7527e74cef0f2afb4d99685ece80,155197,155352,155197,0.0,True
64,4,workload,resnet50,rotation,resnet50,3b15cc8508fa654d4115ce518563e49fd7e5325b070079bd0276660a03c0b0c3,42643,42685,42647,0.009380203081388316,True
64,4,workload,resnet50,rotation,resnet50,b37041a7020d37d6e68d26dc51748b17d5a46b418bfcfafb367a36660e66badd,42643,42685,42600,-0.10083718312501322,True
64,4,workload,resnet50,rotation,resnet50,dfadd82b139974290e44f510d8b59b53781ff5d9464e1216151830eeed672d83,42643,42685,42577,-0.15477335084304045,True
64,4,workload,resnet50,rotation,resnet50,f7bf4a9ce4d6dfb6bf5e325528e1950b7f702f631cc14e0e70c32efc9eb10623,42643,42685,42678,0.08207677696221438,True
64,4,workload,resnet50,rotation,resnet50,f800820115e399138b265edab36c8601ae71f95592865dbc40a7662f59373576,42643,42685,42682,0.0914569800436249,True
64,4,workload,resnet50,reflection,resnet50,3b15cc8508fa654d4115ce518563e49fd7e5325b070079bd0276660a03c0b0c3,42643,42685,42647,0.009380203081388316,True
64,4,workload,resnet50,reflection,resnet50,b37041a7020d37d6e68d26dc51748b17d5a46b418bfcfafb367a36660e66badd,42643,42685,42600,-0.10083718312501322,True
64,4,workload,resnet50,reflection,resnet50,dfadd82b139974290e44f510d8b59b53781ff5d9464e1216151830eeed672d83,42643,42685,42577,-0.15477335084304045,True
64,4,workload,resnet50,reflection,resnet50,f7bf4a9ce4d6dfb6bf5e325528e1950b7f702f631cc14e0e70c32efc9eb10623,42643,42685,42678,0.08207677696221438,True
64,4,workload,resnet50,reflection,resnet50,f800820115e399138b265edab36c8601ae71f95592865dbc40a7662f59373576,42643,42685,42682,0.0914569800436249,True
64,4,workload,googlenet,rotation,googlenet,b925508ebe520497f05768fe6f1e252f4d4110c51d0b93b44bbcef405829a233,18879,18897,18896,0.09004714232745403,True
64,4,workload,googlenet,rotation,googlenet,c9b4d51802a93ad05dff23e78155e4503f88e1467058ce31f9a9f285d30df818,18879,18897,18802,-0.4078605858361173,True
64,4,workload,googlenet,rotation,googlenet,094577c3a74cdfc62df5ec969d997874fc696c6de46547cdbaae014036435c31,18879,18897,18813,-0.3495947878595307,True
64,4,workload,googlenet,rotation,googlenet,0eddbdf26850fc00860a8cd25a350a211f119602113f0bde8d7f3eb50ca68277,18879,18897,18777,-0.5402828539647242,True
64,4,workload,googlenet,rotation,googlenet,92cd79cbdadc171582bcfa7ac8c31a7856e3bdae9558392826bbde4f96420239,18879,18897,18797,-0.43434503946183645,True
64,4,workload,googlenet,reflection,googlenet,b925508ebe520497f05768fe6f1e252f4d4110c51d0b93b44bbcef405829a233,18879,18897,18896,0.09004714232745403,True
64,4,workload,googlenet,reflection,googlenet,c9b4d51802a93ad05dff23e78155e4503f88e1467058ce31f9a9f285d30df818,18879,18897,18806,-0.3866730229355353,True
64,4,workload,googlenet,reflection,googlenet,094577c3a74cdfc62df5ec969d997874fc696c6de46547cdbaae014036435c31,18879,18897,18813,-0.3495947878595307,True
64,4,workload,googlenet,reflection,googlenet,0eddbdf26850fc00860a8cd25a350a211f119602113f0bde8d7f3eb50ca68277,18879,18897,18777,-0.5402828539647242,True
64,4,workload,googlenet,reflection,googlenet,92cd79cbdadc171582bcfa7ac8c31a7856e3bdae9558392826bbde4f96420239,18879,18897,18797,-0.43434503946183645,True
64,4,workload,resnet101,rotation,resnet101,730090cce9df966b9f85db2175efaa70d3e9ef1a440cd399b292af3e8e42eaea,79398,79477,79398,0.0,True
64,4,workload,resnet101,rotation,resnet101,f1407dfccc21ff55017689bdda59759a1e7be53789363955f0975a00c14bd500,79398,79477,79386,-0.01511373082445644,True
64,4,workload,resnet101,rotation,resnet101,d3328e139721534cca692b80bfbe61436ef69295fa3be782b35ecf481d4b46f4,79398,79477,79352,-0.05793596816040525,True
64,4,workload,resnet101,rotation,resnet101,f72206b4eb9b8879a082479bbeb6215e0043bf581e9b2cc6b643a82125da9ba9,79398,79477,79477,0.09949872792764936,True
64,4,workload,resnet101,rotation,resnet101,7a7b554c5bde867c397f7c20a4a48b08ce309378d9d9678ab61495190fb51b91,79398,79477,79469,0.08942290737801173,True
64,4,workload,resnet101,reflection,resnet101,730090cce9df966b9f85db2175efaa70d3e9ef1a440cd399b292af3e8e42eaea,79398,79477,79398,0.0,True
64,4,workload,resnet101,reflection,resnet101,f1407dfccc21ff55017689bdda59759a1e7be53789363955f0975a00c14bd500,79398,79477,79386,-0.01511373082445644,True
64,4,workload,resnet101,reflection,resnet101,d3328e139721534cca692b80bfbe61436ef69295fa3be782b35ecf481d4b46f4,79398,79477,79352,-0.05793596816040525,True
64,4,workload,resnet101,reflection,resnet101,f72206b4eb9b8879a082479bbeb6215e0043bf581e9b2cc6b643a82125da9ba9,79398,79477,79477,0.09949872792764936,True
64,4,workload,resnet101,reflection,resnet101,7a7b554c5bde867c397f7c20a4a48b08ce309378d9d9678ab61495190fb51b91,79398,79477,79469,0.08942290737801173,True
64,4,workload,densenet,rotation,densenet,5e3ef10fc1996e0eb46409a5674962b4f33953eff6165066f45849a8337f0f19,31872,31903,31886,0.04392570281124275,True
64,4,workload,densenet,rotation,densenet,2fbdf77949121cde348e3ebb1d2fc5cf540ea23c2bdd9d7d5c2200e3bbac3899,31872,31903,31832,-0.12550200803213007,True
64,4,workload,densenet,rotation,densenet,d5892a8407e976f7b9ded4880e16b06e7483991dd72ccf4eadd7a99217bdc092,31872,31903,31898,0.08157630522087622,True
64,4,workload,densenet,reflection,densenet,5e3ef10fc1996e0eb46409a5674962b4f33953eff6165066f45849a8337f0f19,31872,31903,31886,0.04392570281124275,True
64,4,workload,densenet,reflection,densenet,2fbdf77949121cde348e3ebb1d2fc5cf540ea23c2bdd9d7d5c2200e3bbac3899,31872,31903,31832,-0.12550200803213007,True
64,4,workload,densenet,reflection,densenet,d5892a8407e976f7b9ded4880e16b06e7483991dd72ccf4eadd7a99217bdc092,31872,31903,31898,0.08157630522087622,True
64,4,workload,inception_resnet_v1,rotation,inception_resnet_v1,0685c3df721a1e63a64fdd320cf218621f811c4a1a23f416423930a9eb621f31,84514,84598,84540,0.030764133752980705,True
64,4,workload,inception_resnet_v1,rotation,inception_resnet_v1,e84940efd3a901a46df99ec7997384e1f19cb2a2d109bbf87ee6fb54ddba422b,84514,84598,84395,-0.1408050737155997,True
64,4,workload,inception_resnet_v1,rotation,inception_resnet_v1,88f9e4658227a3afa2a04ba6e9e9973bbc6cf6678618431ed71ddbd5b519215f,84514,84598,84386,-0.15145419693778361,True
64,4,workload,inception_resnet_v1,rotation,inception_resnet_v1,acb5cb39d9b5b26e90eb06d8184b388d6174c74693a6fcc92dd97f766e075419,84514,84598,84593,0.09347563717254648,True
64,4,workload,inception_resnet_v1,rotation,inception_resnet_v1,190270de61de84485d573756b3c6284f2c883177ff3c7a75e9c1920246e1823f,84514,84598,84405,-0.1289727145798336,True
64,4,workload,inception_resnet_v1,reflection,inception_resnet_v1,0685c3df721a1e63a64fdd320cf218621f811c4a1a23f416423930a9eb621f31,84514,84598,84546,0.037863549234451455,True
64,4,workload,inception_resnet_v1,reflection,inception_resnet_v1,e84940efd3a901a46df99ec7997384e1f19cb2a2d109bbf87ee6fb54ddba422b,84514,84598,84400,-0.1348888941477111,True
64,4,workload,inception_resnet_v1,reflection,inception_resnet_v1,88f9e4658227a3afa2a04ba6e9e9973bbc6cf6678618431ed71ddbd5b519215f,84514,84598,84391,-0.14553801736990613,True
64,4,workload,inception_resnet_v1,reflection,inception_resnet_v1,acb5cb39d9b5b26e90eb06d8184b388d6174c74693a6fcc92dd97f766e075419,84514,84598,84593,0.09347563717254648,True
64,4,workload,inception_resnet_v1,reflection,inception_resnet_v1,190270de61de84485d573756b3c6284f2c883177ff3c7a75e9c1920246e1823f,84514,84598,84405,-0.1289727145798336,True
64,4,workload,gnmt,rotation,gnmt,55b4f9306d035c65246947a0adcc89a07f557009cb1e588f9403c1c34dd113d5,32774,32806,32784,0.03051199121255621,True
64,4,workload,gnmt,rotation,gnmt,e53439b2bbcedc061adec8be85006411c2eaa5efff20387852de7111c6782dd3,32774,32806,18502,-43.546713858546404,True
64,4,workload,gnmt,rotation,gnmt,15e6335b7a7db7ad85f40cec7575e4f7c1691da17a4a4ac4d00cfcfe0e5f6ed6,32774,32806,23206,-29.19387319216452,True
64,4,workload,gnmt,rotation,gnmt,4f66dcd97a65660d39041282ea20a310baedc04203653be39d857cf464693470,32774,32806,22232,-32.165741136266554,True
64,4,workload,gnmt,rotation,gnmt,4696ca61c1a85ef92e3d306cb4d079ca5f42dc4a25d5d3556f243ec7a527331c,32774,32806,32420,-1.0801244889241501,True
64,4,workload,gnmt,reflection,gnmt,55b4f9306d035c65246947a0adcc89a07f557009cb1e588f9403c1c34dd113d5,32774,32806,32784,0.03051199121255621,True
64,4,workload,gnmt,reflection,gnmt,e53439b2bbcedc061adec8be85006411c2eaa5efff20387852de7111c6782dd3,32774,32806,18502,-43.546713858546404,True
64,4,workload,gnmt,reflection,gnmt,15e6335b7a7db7ad85f40cec7575e4f7c1691da17a4a4ac4d00cfcfe0e5f6ed6,32774,32806,23206,-29.19387319216452,True
64,4,workload,gnmt,reflection,gnmt,4f66dcd97a65660d39041282ea20a310baedc04203653be39d857cf464693470,32774,32806,22232,-32.165741136266554,True
64,4,workload,gnmt,reflection,gnmt,4696ca61c1a85ef92e3d306cb4d079ca5f42dc4a25d5d3556f243ec7a527331c,32774,32806,32420,-1.0801244889241501,True
64,4,workload,lstm,rotation,lstm,3bd6bc763c65106ad9351ad8c86afdce6e9b4e70c147cff1e0286c0b245c8e72,47336,47383,47360,0.050701368936967306,True
64,4,workload,lstm,rotation,lstm,fbc83ddf92919353ef71bc4748530cf9e30a5e5abf6ea7b382215e92b6a7c5fe,47336,47383,15796,-66.6300490113233,True
64,4,workload,lstm,rotation,lstm,7e80f5277527f72910800b7cad00a0f4dfdf157b15fb4a9c05dd1c16ac8152a1,47336,47383,17686,-62.63731620753761,True
64,4,workload,lstm,rotation,lstm,2ba85a9c266ab83bafd1a17c540bd4307134ac86e37ad4dfa4236abbf1d55890,47336,47383,31406,-33.65303363190806,True
64,4,workload,lstm,rotation,lstm,d2de8dfc681a16c0c8af2955a8817421aa1fd8dda68ed9d15a4d95912ab2c4d5,47336,47383,47232,-0.21970593206016575,True
64,4,workload,lstm,reflection,lstm,3bd6bc763c65106ad9351ad8c86afdce6e9b4e70c147cff1e0286c0b245c8e72,47336,47383,47376,0.08450228156160478,True
64,4,workload,lstm,reflection,lstm,fbc83ddf92919353ef71bc4748530cf9e30a5e5abf6ea7b382215e92b6a7c5fe,47336,47383,15796,-66.6300490113233,True
64,4,workload,lstm,reflection,lstm,7e80f5277527f72910800b7cad00a0f4dfdf157b15fb4a9c05dd1c16ac8152a1,47336,47383,17686,-62.63731620753761,True
64,4,workload,lstm,reflection,lstm,2ba85a9c266ab83bafd1a17c540bd4307134ac86e37ad4dfa4236abbf1d55890,47336,47383,33679,-28.851191482170012,True
64,4,workload,lstm,reflection,lstm,d2de8dfc681a16c0c8af2955a8817421aa1fd8dda68ed9d15a4d95912ab2c4d5,47336,47383,47320,-0.03380091262463747,True
64,4,workload,transformer,rotation,transformer,ea6f4be61ed9f0fc1ac01131f007b5ec6ec00c373e5c014727a796dc2d37e3c2,282352,282634,282352,0.0,True
64,4,workload,transformer,rotation,transformer,36eef299b02f301868c0c975039f9521148376b12d73d6878357778a11dfa1e7,282352,282634,282608,0.09066696888988535,True
64,4,workload,transformer,reflection,transformer,ea6f4be61ed9f0fc1ac01131f007b5ec6ec00c373e5c014727a796dc2d37e3c2,282352,282634,282352,0.0,True
64,4,workload,transformer,reflection,transformer,36eef299b02f301868c0c975039f9521148376b12d73d6878357778a11dfa1e7,282352,282634,282608,0.09066696888988535,True
64,4,workload,transformer_cell,rotation,transformer_cell,c5b6d97dc1a29529bdd110a308f3e2d737d19cc54aa8138b76e84f4676cba527,49192,49241,49192,0.0,True
64,4,workload,transformer_cell,rotation,transformer_cell,ac3336d81ba40100dcd47a8b9db97c635479152bfc8b48ec8b31ada722c93640,49192,49241,49240,0.09757684176288084,True
64,4,workload,transformer_cell,rotation,transformer_cell,ecd07557a317d1d003405a0b58d558315bb046d410608632e1e700f4c6951703,49192,49241,48808,-0.7806147341031022,True
64,4,workload,transformer_cell,reflection,transformer_cell,c5b6d97dc1a29529bdd110a308f3e2d737d19cc54aa8138b76e84f4676cba527,49192,49241,49192,0.0,True
64,4,workload,transformer_cell,reflection,transformer_cell,ac3336d81ba40100dcd47a8b9db97c635479152bfc8b48ec8b31ada722c93640,49192,49241,49240,0.09757684176288084,True
64,4,workload,transformer_cell,reflection,transformer_cell,ecd07557a317d1d003405a0b58d558315bb046d410608632e1e700f4c6951703,49192,49241,48808,-0.7806147341031022,True
64,4,workload,pnasnet,rotation,pnasnet,25101f65f236c0c01a6cf272c43c4a22f96422f16fef2678e6d7e84d2d69d1aa,424745,425169,425143,0.0937032807920124,True
64,4,workload,pnasnet,rotation,pnasnet,f9b59a1e24651c48797171c5d514437d4c576378b55d7a5a5096a92cf7ec5c73,424745,425169,418467,-1.478063308573374,True
64,4,workload,pnasnet,rotation,pnasnet,7c56232ce3da3cb5d10f7c15fd19852d32332128da33aa13b94867a882616cea,424745,425169,421452,-0.7752887026333477,True
64,4,workload,pnasnet,rotation,pnasnet,f0b1b1cc8180d0f5fddbda5c6a4deb57ee8c2a9348f9432939b5c464ea5d4854,424745,425169,417930,-1.6044921070289209,True
64,4,workload,pnasnet,reflection,pnasnet,25101f65f236c0c01a6cf272c43c4a22f96422f16fef2678e6d7e84d2d69d1aa,424745,425169,425143,0.0937032807920124,True
64,4,workload,pnasnet,reflection,pnasnet,f9b59a1e24651c48797171c5d514437d4c576378b55d7a5a5096a92cf7ec5c73,424745,425169,418467,-1.478063308573374,True
64,4,workload,pnasnet,reflection,pnasnet,7c56232ce3da3cb5d10f7c15fd19852d32332128da33aa13b94867a882616cea,424745,425169,421452,-0.7752887026333477,True
64,4,workload,pnasnet,reflection,pnasnet,f0b1b1cc8180d0f5fddbda5c6a4deb57ee8c2a9348f9432939b5c464ea5d4854,424745,425169,417930,-1.6044921070289209,True
64,4,workload,resnext50,rotation,resnext50,cfe9df9a7c305f9473084003604b39c14a95fa0ae73bb0e3484b58b3d5bfb0a7,27498,27525,27500,0.007273256236817183,True
64,4,workload,resnext50,rotation,resnext50,d464500d9ff22311f5b407dff6be852fb95119563cf52e163e3f1a8479a39be6,27498,27525,27435,-0.22910757145974125,True
64,4,workload,resnext50,rotation,resnext50,ac5d59f80530915d6082030ec543e7aa9f07f4eea4aa2da2a5b382ca887e7418,27498,27525,27404,-0.3418430431304076,True
64,4,workload,resnext50,rotation,resnext50,62e9eeff2793db62699a5cf32572798534248edaf41144ab5467452e9520052e,27498,27525,27519,0.07636919048659152,True
64,4,workload,resnext50,rotation,resnext50,60bbe43c2c52369acda4b122b95cabcaa74cf1845d76caf94cfb3895c2b00233,27498,27525,27524,0.09455233107862338,True
64,4,workload,resnext50,reflection,resnext50,cfe9df9a7c305f9473084003604b39c14a95fa0ae73bb0e3484b58b3d5bfb0a7,27498,27525,27500,0.007273256236817183,True
64,4,workload,resnext50,reflection,resnext50,d464500d9ff22311f5b407dff6be852fb95119563cf52e163e3f1a8479a39be6,27498,27525,27435,-0.22910757145974125,True
64,4,workload,resnext50,reflection,resnext50,ac5d59f80530915d6082030ec543e7aa9f07f4eea4aa2da2a5b382ca887e7418,27498,27525,27404,-0.3418430431304076,True
64,4,workload,resnext50,reflection,resnext50,62e9eeff2793db62699a5cf32572798534248edaf41144ab5467452e9520052e,27498,27525,27519,0.07636919048659152,True
64,4,workload,resnext50,reflection,resnext50,60bbe43c2c52369acda4b122b95cabcaa74cf1845d76caf94cfb3895c2b00233,27498,27525,27524,0.09455233107862338,True
64,4,workload,resnet152,rotation,resnet152,81f4b891dff0bf8983edbf122ef22b7222212687e4f253f625033316a648fa99,116486,116602,116490,0.003433889051041028,True
64,4,workload,resnet152,rotation,resnet152,5158fb1cbf5ffa019b5db1fad98427a86a18d634462763f571f66fdcaf65cb09,116486,116602,116468,-0.01545250072970683,True
64,4,workload,resnet152,rotation,resnet152,5da7fb24f70fa407be0caff3e39629fa6b4d6f56c1d1847cb61fce9be9edfe03,116486,116602,116481,-0.004292361313806836,True
64,4,workload,resnet152,rotation,resnet152,37a60dc126f5f770d4527cbc396b81d4cb43b335261d560b7d62597698a05e5e,116486,116602,116601,0.09872431021753503,True
64,4,workload,resnet152,rotation,resnet152,954fae52c66e38a4000ab36cb7b097638a42aff6e103fbf31f03acd09bc27008,116486,116602,116601,0.09872431021753503,True
64,4,workload,resnet152,reflection,resnet152,81f4b891dff0bf8983edbf122ef22b7222212687e4f253f625033316a648fa99,116486,116602,116490,0.003433889051041028,True
64,4,workload,resnet152,reflection,resnet152,5158fb1cbf5ffa019b5db1fad98427a86a18d634462763f571f66fdcaf65cb09,116486,116602,116468,-0.01545250072970683,True
64,4,workload,resnet152,reflection,resnet152,5da7fb24f70fa407be0caff3e39629fa6b4d6f56c1d1847cb61fce9be9edfe03,116486,116602,116481,-0.004292361313806836,True
64,4,workload,resnet152,reflection,resnet152,37a60dc126f5f770d4527cbc396b81d4cb43b335261d560b7d62597698a05e5e,116486,116602,116601,0.09872431021753503,True
64,4,workload,resnet152,reflection,resnet152,954fae52c66e38a4000ab36cb7b097638a42aff6e103fbf31f03acd09bc27008,116486,116602,116601,0.09872431021753503,True
64,4,workload,bert_block,rotation,bert_block,cf9f5488ca712b08ad37bcb06fa9e5bba372c9f0e8d313c730db265d0d5b4cc7,49632,49681,49632,0.0,True
64,4,workload,bert_block,rotation,bert_block,d041d34a71b849da25fff9bb208ccbe6e701fe069491684e2433886200672ee7,49632,49681,48034,-3.2196969696969724,True
64,4,workload,bert_block,rotation,bert_block,de09c31648df01cc409c08c1ed99ab85debf5332b75199b2693ac76095d086ba,49632,49681,49662,0.06044487427465661,True
64,4,workload,bert_block,rotation,bert_block,000eb832d4955fbee8249befa861249842a24fe32264eb74a3d33db4a3e2f9bf,49632,49681,49541,-0.18334945196647467,True
64,4,workload,bert_block,rotation,bert_block,578f6350d46309bc4499ae4abdf1af29d025695e2729298941a37bc61666023c,49632,49681,49559,-0.14708252740167627,True
64,4,workload,bert_block,reflection,bert_block,cf9f5488ca712b08ad37bcb06fa9e5bba372c9f0e8d313c730db265d0d5b4cc7,49632,49681,49632,0.0,True
64,4,workload,bert_block,reflection,bert_block,d041d34a71b849da25fff9bb208ccbe6e701fe069491684e2433886200672ee7,49632,49681,48034,-3.2196969696969724,True
64,4,workload,bert_block,reflection,bert_block,de09c31648df01cc409c08c1ed99ab85debf5332b75199b2693ac76095d086ba,49632,49681,49662,0.06044487427465661,True
64,4,workload,bert_block,reflection,bert_block,000eb832d4955fbee8249befa861249842a24fe32264eb74a3d33db4a3e2f9bf,49632,49681,49541,-0.18334945196647467,True
64,4,workload,bert_block,reflection,bert_block,578f6350d46309bc4499ae4abdf1af29d025695e2729298941a37bc61666023c,49632,49681,49559,-0.14708252740167627,True
64,4,workload,gpt_prefill_block,rotation,gpt_prefill_block,34af7c01a30d6e31af753ac5da6b25d430c2730ca2ee9a1a80b8b9377d5aa725,92503,92595,92503,0.0,True
64,4,workload,gpt_prefill_block,rotation,gpt_prefill_block,4ff273c3a71edef0021d1552fbf41a804bc262dee4268562560f222b7b4137a5,92503,92595,92524,0.022701966422711273,True
64,4,workload,gpt_prefill_block,reflection,gpt_prefill_block,34af7c01a30d6e31af753ac5da6b25d430c2730ca2ee9a1a80b8b9377d5aa725,92503,92595,92503,0.0,True
64,4,workload,gpt_prefill_block,reflection,gpt_prefill_block,4ff273c3a71edef0021d1552fbf41a804bc262dee4268562560f222b7b4137a5,92503,92595,92524,0.022701966422711273,True
64,4,workload,gpt_decode_block,rotation,gpt_decode_block,64073f9a0044dc8ce3f341e40e5ebab30a391de0e77f4b76783c6ceee1bbbbe5,6679,6685,6683,0.05988920497079775,True
64,4,workload,gpt_decode_block,rotation,gpt_decode_block,9cb4e599510cb01c377ea60006956ad73fcfd13b537b258f3c4d5eb502cde618,6679,6685,6259,-6.288366521934419,True
64,4,workload,gpt_decode_block,rotation,gpt_decode_block,406165aef76d1201c8cd2854ff972b70124c4f88e333eb15db2fcc529b62d815,6679,6685,6529,-2.2458451864051487,True
64,4,workload,gpt_decode_block,rotation,gpt_decode_block,94f57ed144d0aee29a5d7bddc91ce346cce7bec8116c4941fdc0dc1fe7b596cc,6679,6685,6593,-1.2876179068722848,True
64,4,workload,gpt_decode_block,rotation,gpt_decode_block,3d9c11014f73c384520dcaada3c6a13b0872222b7ee9928c4e898545e769fdc6,6679,6685,6511,-2.515346608773772,True
64,4,workload,gpt_decode_block,reflection,gpt_decode_block,64073f9a0044dc8ce3f341e40e5ebab30a391de0e77f4b76783c6ceee1bbbbe5,6679,6685,6683,0.05988920497079775,True
64,4,workload,gpt_decode_block,reflection,gpt_decode_block,9cb4e599510cb01c377ea60006956ad73fcfd13b537b258f3c4d5eb502cde618,6679,6685,6259,-6.288366521934419,True
64,4,workload,gpt_decode_block,reflection,gpt_decode_block,406165aef76d1201c8cd2854ff972b70124c4f88e333eb15db2fcc529b62d815,6679,6685,6529,-2.2458451864051487,True
64,4,workload,gpt_decode_block,reflection,gpt_decode_block,94f57ed144d0aee29a5d7bddc91ce346cce7bec8116c4941fdc0dc1fe7b596cc,6679,6685,6593,-1.2876179068722848,True
64,4,workload,gpt_decode_block,reflection,gpt_decode_block,3d9c11014f73c384520dcaada3c6a13b0872222b7ee9928c4e898545e769fdc6,6679,6685,6511,-2.515346608773772,True
64,4,group,CNN,rotation,darknet19,213f87df4d5f8bcbbb2fab5db0bf80823858e6f1033e6aeff9ef64fe4b3a2c34,25900,25925,25900,0.0,True
64,4,group,CNN,rotation,darknet19,c6b920484193eca3f86fbb4c5988dc613368296e228f694e83adb9b961453b7a,25900,25925,25900,0.0,True
64,4,group,CNN,rotation,darknet19,2c6be093605df74136d9782bcd235d41a38c0afb7b51dbfaf60f787a4a549b0e,25900,25925,25900,0.0,True
64,4,group,CNN,rotation,vgg19,8c6335b828f9e6a6eaa1548ba31e1392fad57de56bdcb3f94cce7c88075b7458,155197,155352,155197,0.0,True
64,4,group,CNN,rotation,vgg19,1c1d61ef8aa8c57c394a68ac06c009116578b21cf132e9e15929dc6273b5b6fc,155197,155352,155197,0.0,True
64,4,group,CNN,rotation,vgg19,4564a015ecfdbbe95b6f433a3c8a91cb411e7527e74cef0f2afb4d99685ece80,155197,155352,155197,0.0,True
64,4,group,CNN,rotation,resnet50,3b15cc8508fa654d4115ce518563e49fd7e5325b070079bd0276660a03c0b0c3,42643,42685,42643,0.0,True
64,4,group,CNN,rotation,resnet50,b37041a7020d37d6e68d26dc51748b17d5a46b418bfcfafb367a36660e66badd,42643,42685,42598,-0.10552728466571848,True
64,4,group,CNN,rotation,resnet50,dfadd82b139974290e44f510d8b59b53781ff5d9464e1216151830eeed672d83,42643,42685,42577,-0.15477335084304045,True
64,4,group,CNN,rotation,resnet50,f7bf4a9ce4d6dfb6bf5e325528e1950b7f702f631cc14e0e70c32efc9eb10623,42643,42685,42678,0.08207677696221438,True
64,4,group,CNN,rotation,resnet50,f800820115e399138b265edab36c8601ae71f95592865dbc40a7662f59373576,42643,42685,42682,0.0914569800436249,True
64,4,group,CNN,rotation,googlenet,b925508ebe520497f05768fe6f1e252f4d4110c51d0b93b44bbcef405829a233,18879,18897,18879,0.0,True
64,4,group,CNN,rotation,googlenet,c9b4d51802a93ad05dff23e78155e4503f88e1467058ce31f9a9f285d30df818,18879,18897,18756,-0.6515175591927491,True
64,4,group,CNN,rotation,googlenet,094577c3a74cdfc62df5ec969d997874fc696c6de46547cdbaae014036435c31,18879,18897,18771,-0.5720641983155916,True
64,4,group,CNN,rotation,googlenet,0eddbdf26850fc00860a8cd25a350a211f119602113f0bde8d7f3eb50ca68277,18879,18897,18739,-0.7415647015202032,True
64,4,group,CNN,rotation,googlenet,92cd79cbdadc171582bcfa7ac8c31a7856e3bdae9558392826bbde4f96420239,18879,18897,18756,-0.6515175591927491,True
64,4,group,CNN,rotation,resnet101,730090cce9df966b9f85db2175efaa70d3e9ef1a440cd399b292af3e8e42eaea,79398,79477,79398,0.0,True
64,4,group,CNN,rotation,resnet101,f1407dfccc21ff55017689bdda59759a1e7be53789363955f0975a00c14bd500,79398,79477,79386,-0.01511373082445644,True
64,4,group,CNN,rotation,resnet101,d3328e139721534cca692b80bfbe61436ef69295fa3be782b35ecf481d4b46f4,79398,79477,79352,-0.05793596816040525,True
64,4,group,CNN,rotation,resnet101,f72206b4eb9b8879a082479bbeb6215e0043bf581e9b2cc6b643a82125da9ba9,79398,79477,79477,0.09949872792764936,True
64,4,group,CNN,rotation,resnet101,7a7b554c5bde867c397f7c20a4a48b08ce309378d9d9678ab61495190fb51b91,79398,79477,79469,0.08942290737801173,True
64,4,group,CNN,rotation,densenet,5e3ef10fc1996e0eb46409a5674962b4f33953eff6165066f45849a8337f0f19,31872,31903,31880,0.025100401606414913,True
64,4,group,CNN,rotation,densenet,2fbdf77949121cde348e3ebb1d2fc5cf540ea23c2bdd9d7d5c2200e3bbac3899,31872,31903,31829,-0.1349146586345329,True
64,4,group,CNN,rotation,densenet,d5892a8407e976f7b9ded4880e16b06e7483991dd72ccf4eadd7a99217bdc092,31872,31903,31878,0.018825301204827838,True
64,4,group,CNN,rotation,inception_resnet_v1,0685c3df721a1e63a64fdd320cf218621f811c4a1a23f416423930a9eb621f31,84514,84598,84514,0.0,True
64,4,group,CNN,rotation,inception_resnet_v1,e84940efd3a901a46df99ec7997384e1f19cb2a2d109bbf87ee6fb54ddba422b,84514,84598,84362,-0.1798518588636222,True
64,4,group,CNN,rotation,inception_resnet_v1,88f9e4658227a3afa2a04ba6e9e9973bbc6cf6678618431ed71ddbd5b519215f,84514,84598,84352,-0.19168421799938828,True
64,4,group,CNN,rotation,inception_resnet_v1,acb5cb39d9b5b26e90eb06d8184b388d6174c74693a6fcc92dd97f766e075419,84514,84598,84560,0.054428852024512864,True
64,4,group,CNN,rotation,inception_resnet_v1,190270de61de84485d573756b3c6284f2c883177ff3c7a75e9c1920246e1823f,84514,84598,84374,-0.1656530279007029,True
64,4,group,CNN,rotation,pnasnet,25101f65f236c0c01a6cf272c43c4a22f96422f16fef2678e6d7e84d2d69d1aa,424745,425169,424969,0.05273752486785188,True
64,4,group,CNN,rotation,pnasnet,f9b59a1e24651c48797171c5d514437d4c576378b55d7a5a5096a92cf7ec5c73,424745,425169,418126,-1.5583467727695477,True
64,4,group,CNN,rotation,pnasnet,7c56232ce3da3cb5d10f7c15fd19852d32332128da33aa13b94867a882616cea,424745,425169,421119,-0.8536886837985147,True
64,4,group,CNN,rotation,pnasnet,f0b1b1cc8180d0f5fddbda5c6a4deb57ee8c2a9348f9432939b5c464ea5d4854,424745,425169,417454,-1.7165593473731255,True
64,4,group,CNN,rotation,resnext50,cfe9df9a7c305f9473084003604b39c14a95fa0ae73bb0e3484b58b3d5bfb0a7,27498,27525,27498,0.0,True
64,4,group,CNN,rotation,resnext50,d464500d9ff22311f5b407dff6be852fb95119563cf52e163e3f1a8479a39be6,27498,27525,27433,-0.23638082769655844,True
64,4,group,CNN,rotation,resnext50,ac5d59f80530915d6082030ec543e7aa9f07f4eea4aa2da2a5b382ca887e7418,27498,27525,27404,-0.3418430431304076,True
64,4,group,CNN,rotation,resnext50,62e9eeff2793db62699a5cf32572798534248edaf41144ab5467452e9520052e,27498,27525,27519,0.07636919048659152,True
64,4,group,CNN,rotation,resnext50,60bbe43c2c52369acda4b122b95cabcaa74cf1845d76caf94cfb3895c2b00233,27498,27525,27524,0.09455233107862338,True
64,4,group,CNN,rotation,resnet152,81f4b891dff0bf8983edbf122ef22b7222212687e4f253f625033316a648fa99,116486,116602,116486,0.0,True
64,4,group,CNN,rotation,resnet152,5158fb1cbf5ffa019b5db1fad98427a86a18d634462763f571f66fdcaf65cb09,116486,116602,116459,-0.023178751094554695,True
64,4,group,CNN,rotation,resnet152,5da7fb24f70fa407be0caff3e39629fa6b4d6f56c1d1847cb61fce9be9edfe03,116486,116602,116477,-0.007726250364847864,True
64,4,group,CNN,rotation,resnet152,37a60dc126f5f770d4527cbc396b81d4cb43b335261d560b7d62597698a05e5e,116486,116602,116597,0.095290421166494,True
64,4,group,CNN,rotation,resnet152,954fae52c66e38a4000ab36cb7b097638a42aff6e103fbf31f03acd09bc27008,116486,116602,116597,0.095290421166494,True
64,4,group,CNN,reflection,darknet19,213f87df4d5f8bcbbb2fab5db0bf80823858e6f1033e6aeff9ef64fe4b3a2c34,25900,25925,25900,0.0,True
64,4,group,CNN,reflection,darknet19,c6b920484193eca3f86fbb4c5988dc613368296e228f694e83adb9b961453b7a,25900,25925,25900,0.0,True
64,4,group,CNN,reflection,darknet19,2c6be093605df74136d9782bcd235d41a38c0afb7b51dbfaf60f787a4a549b0e,25900,25925,25900,0.0,True
64,4,group,CNN,reflection,vgg19,8c6335b828f9e6a6eaa1548ba31e1392fad57de56bdcb3f94cce7c88075b7458,155197,155352,155197,0.0,True
64,4,group,CNN,reflection,vgg19,1c1d61ef8aa8c57c394a68ac06c009116578b21cf132e9e15929dc6273b5b6fc,155197,155352,155197,0.0,True
64,4,group,CNN,reflection,vgg19,4564a015ecfdbbe95b6f433a3c8a91cb411e7527e74cef0f2afb4d99685ece80,155197,155352,155197,0.0,True
64,4,group,CNN,reflection,resnet50,3b15cc8508fa654d4115ce518563e49fd7e5325b070079bd0276660a03c0b0c3,42643,42685,42643,0.0,True
64,4,group,CNN,reflection,resnet50,b37041a7020d37d6e68d26dc51748b17d5a46b418bfcfafb367a36660e66badd,42643,42685,42598,-0.10552728466571848,True
64,4,group,CNN,reflection,resnet50,dfadd82b139974290e44f510d8b59b53781ff5d9464e1216151830eeed672d83,42643,42685,42577,-0.15477335084304045,True
64,4,group,CNN,reflection,resnet50,f7bf4a9ce4d6dfb6bf5e325528e1950b7f702f631cc14e0e70c32efc9eb10623,42643,42685,42678,0.08207677696221438,True
64,4,group,CNN,reflection,resnet50,f800820115e399138b265edab36c8601ae71f95592865dbc40a7662f59373576,42643,42685,42682,0.0914569800436249,True
64,4,group,CNN,reflection,googlenet,b925508ebe520497f05768fe6f1e252f4d4110c51d0b93b44bbcef405829a233,18879,18897,18879,0.0,True
64,4,group,CNN,reflection,googlenet,c9b4d51802a93ad05dff23e78155e4503f88e1467058ce31f9a9f285d30df818,18879,18897,18756,-0.6515175591927491,True
64,4,group,CNN,reflection,googlenet,094577c3a74cdfc62df5ec969d997874fc696c6de46547cdbaae014036435c31,18879,18897,18771,-0.5720641983155916,True
64,4,group,CNN,reflection,googlenet,0eddbdf26850fc00860a8cd25a350a211f119602113f0bde8d7f3eb50ca68277,18879,18897,18739,-0.7415647015202032,True
64,4,group,CNN,reflection,googlenet,92cd79cbdadc171582bcfa7ac8c31a7856e3bdae9558392826bbde4f96420239,18879,18897,18756,-0.6515175591927491,True
64,4,group,CNN,reflection,resnet101,730090cce9df966b9f85db2175efaa70d3e9ef1a440cd399b292af3e8e42eaea,79398,79477,79398,0.0,True
64,4,group,CNN,reflection,resnet101,f1407dfccc21ff55017689bdda59759a1e7be53789363955f0975a00c14bd500,79398,79477,79386,-0.01511373082445644,True
64,4,group,CNN,reflection,resnet101,d3328e139721534cca692b80bfbe61436ef69295fa3be782b35ecf481d4b46f4,79398,79477,79352,-0.05793596816040525,True
64,4,group,CNN,reflection,resnet101,f72206b4eb9b8879a082479bbeb6215e0043bf581e9b2cc6b643a82125da9ba9,79398,79477,79477,0.09949872792764936,True
64,4,group,CNN,reflection,resnet101,7a7b554c5bde867c397f7c20a4a48b08ce309378d9d9678ab61495190fb51b91,79398,79477,79469,0.08942290737801173,True
64,4,group,CNN,reflection,densenet,5e3ef10fc1996e0eb46409a5674962b4f33953eff6165066f45849a8337f0f19,31872,31903,31880,0.025100401606414913,True
64,4,group,CNN,reflection,densenet,2fbdf77949121cde348e3ebb1d2fc5cf540ea23c2bdd9d7d5c2200e3bbac3899,31872,31903,31829,-0.1349146586345329,True
64,4,group,CNN,reflection,densenet,d5892a8407e976f7b9ded4880e16b06e7483991dd72ccf4eadd7a99217bdc092,31872,31903,31878,0.018825301204827838,True
64,4,group,CNN,reflection,inception_resnet_v1,0685c3df721a1e63a64fdd320cf218621f811c4a1a23f416423930a9eb621f31,84514,84598,84514,0.0,True
64,4,group,CNN,reflection,inception_resnet_v1,e84940efd3a901a46df99ec7997384e1f19cb2a2d109bbf87ee6fb54ddba422b,84514,84598,84362,-0.1798518588636222,True
64,4,group,CNN,reflection,inception_resnet_v1,88f9e4658227a3afa2a04ba6e9e9973bbc6cf6678618431ed71ddbd5b519215f,84514,84598,84352,-0.19168421799938828,True
64,4,group,CNN,reflection,inception_resnet_v1,acb5cb39d9b5b26e90eb06d8184b388d6174c74693a6fcc92dd97f766e075419,84514,84598,84560,0.054428852024512864,True
64,4,group,CNN,reflection,inception_resnet_v1,190270de61de84485d573756b3c6284f2c883177ff3c7a75e9c1920246e1823f,84514,84598,84374,-0.1656530279007029,True
64,4,group,CNN,reflection,pnasnet,25101f65f236c0c01a6cf272c43c4a22f96422f16fef2678e6d7e84d2d69d1aa,424745,425169,424969,0.05273752486785188,True
64,4,group,CNN,reflection,pnasnet,f9b59a1e24651c48797171c5d514437d4c576378b55d7a5a5096a92cf7ec5c73,424745,425169,418126,-1.5583467727695477,True
64,4,group,CNN,reflection,pnasnet,7c56232ce3da3cb5d10f7c15fd19852d32332128da33aa13b94867a882616cea,424745,425169,421119,-0.8536886837985147,True
64,4,group,CNN,reflection,pnasnet,f0b1b1cc8180d0f5fddbda5c6a4deb57ee8c2a9348f9432939b5c464ea5d4854,424745,425169,417454,-1.7165593473731255,True
64,4,group,CNN,reflection,resnext50,cfe9df9a7c305f9473084003604b39c14a95fa0ae73bb0e3484b58b3d5bfb0a7,27498,27525,27498,0.0,True
64,4,group,CNN,reflection,resnext50,d464500d9ff22311f5b407dff6be852fb95119563cf52e163e3f1a8479a39be6,27498,27525,27433,-0.23638082769655844,True
64,4,group,CNN,reflection,resnext50,ac5d59f80530915d6082030ec543e7aa9f07f4eea4aa2da2a5b382ca887e7418,27498,27525,27404,-0.3418430431304076,True
64,4,group,CNN,reflection,resnext50,62e9eeff2793db62699a5cf32572798534248edaf41144ab5467452e9520052e,27498,27525,27519,0.07636919048659152,True
64,4,group,CNN,reflection,resnext50,60bbe43c2c52369acda4b122b95cabcaa74cf1845d76caf94cfb3895c2b00233,27498,27525,27524,0.09455233107862338,True
64,4,group,CNN,reflection,resnet152,81f4b891dff0bf8983edbf122ef22b7222212687e4f253f625033316a648fa99,116486,116602,116486,0.0,True
64,4,group,CNN,reflection,resnet152,5158fb1cbf5ffa019b5db1fad98427a86a18d634462763f571f66fdcaf65cb09,116486,116602,116459,-0.023178751094554695,True
64,4,group,CNN,reflection,resnet152,5da7fb24f70fa407be0caff3e39629fa6b4d6f56c1d1847cb61fce9be9edfe03,116486,116602,116477,-0.007726250364847864,True
64,4,group,CNN,reflection,resnet152,37a60dc126f5f770d4527cbc396b81d4cb43b335261d560b7d62597698a05e5e,116486,116602,116597,0.095290421166494,True
64,4,group,CNN,reflection,resnet152,954fae52c66e38a4000ab36cb7b097638a42aff6e103fbf31f03acd09bc27008,116486,116602,116597,0.095290421166494,True
64,4,group,RNN,rotation,gnmt,55b4f9306d035c65246947a0adcc89a07f557009cb1e588f9403c1c34dd113d5,32774,32806,32774,0.0,True
64,4,group,RNN,rotation,gnmt,e53439b2bbcedc061adec8be85006411c2eaa5efff20387852de7111c6782dd3,32774,32806,15828,-51.705620308781356,True
64,4,group,RNN,rotation,gnmt,15e6335b7a7db7ad85f40cec7575e4f7c1691da17a4a4ac4d00cfcfe0e5f6ed6,32774,32806,19638,-40.08055165680112,True
64,4,group,RNN,rotation,gnmt,4f66dcd97a65660d39041282ea20a310baedc04203653be39d857cf464693470,32774,32806,22014,-32.830902544700066,True
64,4,group,RNN,rotation,gnmt,4696ca61c1a85ef92e3d306cb4d079ca5f42dc4a25d5d3556f243ec7a527331c,32774,32806,32410,-1.1106364801366952,True
64,4,group,RNN,rotation,lstm,3bd6bc763c65106ad9351ad8c86afdce6e9b4e70c147cff1e0286c0b245c8e72,47336,47383,47336,0.0,True
64,4,group,RNN,rotation,lstm,fbc83ddf92919353ef71bc4748530cf9e30a5e5abf6ea7b382215e92b6a7c5fe,47336,47383,15796,-66.6300490113233,True
64,4,group,RNN,rotation,lstm,7e80f5277527f72910800b7cad00a0f4dfdf157b15fb4a9c05dd1c16ac8152a1,47336,47383,17686,-62.63731620753761,True
64,4,group,RNN,rotation,lstm,2ba85a9c266ab83bafd1a17c540bd4307134ac86e37ad4dfa4236abbf1d55890,47336,47383,31350,-33.7713368260943,True
64,4,group,RNN,rotation,lstm,d2de8dfc681a16c0c8af2955a8817421aa1fd8dda68ed9d15a4d95912ab2c4d5,47336,47383,46940,-0.8365725874598606,True
64,4,group,RNN,reflection,gnmt,55b4f9306d035c65246947a0adcc89a07f557009cb1e588f9403c1c34dd113d5,32774,32806,32774,0.0,True
64,4,group,RNN,reflection,gnmt,e53439b2bbcedc061adec8be85006411c2eaa5efff20387852de7111c6782dd3,32774,32806,15828,-51.705620308781356,True
64,4,group,RNN,reflection,gnmt,15e6335b7a7db7ad85f40cec7575e4f7c1691da17a4a4ac4d00cfcfe0e5f6ed6,32774,32806,19638,-40.08055165680112,True
64,4,group,RNN,reflection,gnmt,4f66dcd97a65660d39041282ea20a310baedc04203653be39d857cf464693470,32774,32806,22222,-32.1962531274791,True
64,4,group,RNN,reflection,gnmt,4696ca61c1a85ef92e3d306cb4d079ca5f42dc4a25d5d3556f243ec7a527331c,32774,32806,32410,-1.1106364801366952,True
64,4,group,RNN,reflection,lstm,3bd6bc763c65106ad9351ad8c86afdce6e9b4e70c147cff1e0286c0b245c8e72,47336,47383,47336,0.0,True
64,4,group,RNN,reflection,lstm,fbc83ddf92919353ef71bc4748530cf9e30a5e5abf6ea7b382215e92b6a7c5fe,47336,47383,15796,-66.6300490113233,True
64,4,group,RNN,reflection,lstm,7e80f5277527f72910800b7cad00a0f4dfdf157b15fb4a9c05dd1c16ac8152a1,47336,47383,17686,-62.63731620753761,True
64,4,group,RNN,reflection,lstm,2ba85a9c266ab83bafd1a17c540bd4307134ac86e37ad4dfa4236abbf1d55890,47336,47383,31350,-33.7713368260943,True
64,4,group,RNN,reflection,lstm,d2de8dfc681a16c0c8af2955a8817421aa1fd8dda68ed9d15a4d95912ab2c4d5,47336,47383,46980,-0.7520703058982559,True
64,4,group,Transformer,rotation,transformer,ea6f4be61ed9f0fc1ac01131f007b5ec6ec00c373e5c014727a796dc2d37e3c2,282352,282634,282352,0.0,True
64,4,group,Transformer,rotation,transformer,36eef299b02f301868c0c975039f9521148376b12d73d6878357778a11dfa1e7,282352,282634,282608,0.09066696888988535,True
64,4,group,Transformer,rotation,transformer_cell,c5b6d97dc1a29529bdd110a308f3e2d737d19cc54aa8138b76e84f4676cba527,49192,49241,49192,0.0,True
64,4,group,Transformer,rotation,transformer_cell,ac3336d81ba40100dcd47a8b9db97c635479152bfc8b48ec8b31ada722c93640,49192,49241,49240,0.09757684176288084,True
64,4,group,Transformer,rotation,transformer_cell,ecd07557a317d1d003405a0b58d558315bb046d410608632e1e700f4c6951703,49192,49241,48808,-0.7806147341031022,True
64,4,group,Transformer,rotation,bert_block,cf9f5488ca712b08ad37bcb06fa9e5bba372c9f0e8d313c730db265d0d5b4cc7,49632,49681,49632,0.0,True
64,4,group,Transformer,rotation,bert_block,d041d34a71b849da25fff9bb208ccbe6e701fe069491684e2433886200672ee7,49632,49681,48034,-3.2196969696969724,True
64,4,group,Transformer,rotation,bert_block,de09c31648df01cc409c08c1ed99ab85debf5332b75199b2693ac76095d086ba,49632,49681,49662,0.06044487427465661,True
64,4,group,Transformer,rotation,bert_block,000eb832d4955fbee8249befa861249842a24fe32264eb74a3d33db4a3e2f9bf,49632,49681,49541,-0.18334945196647467,True
64,4,group,Transformer,rotation,bert_block,578f6350d46309bc4499ae4abdf1af29d025695e2729298941a37bc61666023c,49632,49681,49559,-0.14708252740167627,True
64,4,group,Transformer,rotation,gpt_prefill_block,34af7c01a30d6e31af753ac5da6b25d430c2730ca2ee9a1a80b8b9377d5aa725,92503,92595,92503,0.0,True
64,4,group,Transformer,rotation,gpt_prefill_block,4ff273c3a71edef0021d1552fbf41a804bc262dee4268562560f222b7b4137a5,92503,92595,92524,0.022701966422711273,True
64,4,group,Transformer,rotation,gpt_decode_block,64073f9a0044dc8ce3f341e40e5ebab30a391de0e77f4b76783c6ceee1bbbbe5,6679,6685,6683,0.05988920497079775,True
64,4,group,Transformer,rotation,gpt_decode_block,9cb4e599510cb01c377ea60006956ad73fcfd13b537b258f3c4d5eb502cde618,6679,6685,6095,-8.74382392573738,True
64,4,group,Transformer,rotation,gpt_decode_block,406165aef76d1201c8cd2854ff972b70124c4f88e333eb15db2fcc529b62d815,6679,6685,6271,-6.108698907022014,True
64,4,group,Transformer,rotation,gpt_decode_block,94f57ed144d0aee29a5d7bddc91ce346cce7bec8116c4941fdc0dc1fe7b596cc,6679,6685,6497,-2.7249588261715862,True
64,4,group,Transformer,rotation,gpt_decode_block,3d9c11014f73c384520dcaada3c6a13b0872222b7ee9928c4e898545e769fdc6,6679,6685,6147,-7.965264261116934,True
64,4,group,Transformer,reflection,transformer,ea6f4be61ed9f0fc1ac01131f007b5ec6ec00c373e5c014727a796dc2d37e3c2,282352,282634,282352,0.0,True
64,4,group,Transformer,reflection,transformer,36eef299b02f301868c0c975039f9521148376b12d73d6878357778a11dfa1e7,282352,282634,282608,0.09066696888988535,True
64,4,group,Transformer,reflection,transformer_cell,c5b6d97dc1a29529bdd110a308f3e2d737d19cc54aa8138b76e84f4676cba527,49192,49241,49192,0.0,True
64,4,group,Transformer,reflection,transformer_cell,ac3336d81ba40100dcd47a8b9db97c635479152bfc8b48ec8b31ada722c93640,49192,49241,49240,0.09757684176288084,True
64,4,group,Transformer,reflection,transformer_cell,ecd07557a317d1d003405a0b58d558315bb046d410608632e1e700f4c6951703,49192,49241,48808,-0.7806147341031022,True
64,4,group,Transformer,reflection,bert_block,cf9f5488ca712b08ad37bcb06fa9e5bba372c9f0e8d313c730db265d0d5b4cc7,49632,49681,49632,0.0,True
64,4,group,Transformer,reflection,bert_block,d041d34a71b849da25fff9bb208ccbe6e701fe069491684e2433886200672ee7,49632,49681,48034,-3.2196969696969724,True
64,4,group,Transformer,reflection,bert_block,de09c31648df01cc409c08c1ed99ab85debf5332b75199b2693ac76095d086ba,49632,49681,49662,0.06044487427465661,True
64,4,group,Transformer,reflection,bert_block,000eb832d4955fbee8249befa861249842a24fe32264eb74a3d33db4a3e2f9bf,49632,49681,49541,-0.18334945196647467,True
64,4,group,Transformer,reflection,bert_block,578f6350d46309bc4499ae4abdf1af29d025695e2729298941a37bc61666023c,49632,49681,49559,-0.14708252740167627,True
64,4,group,Transformer,reflection,gpt_prefill_block,34af7c01a30d6e31af753ac5da6b25d430c2730ca2ee9a1a80b8b9377d5aa725,92503,92595,92503,0.0,True
64,4,group,Transformer,reflection,gpt_prefill_block,4ff273c3a71edef0021d1552fbf41a804bc262dee4268562560f222b7b4137a5,92503,92595,92524,0.022701966422711273,True
64,4,group,Transformer,reflection,gpt_decode_block,64073f9a0044dc8ce3f341e40e5ebab30a391de0e77f4b76783c6ceee1bbbbe5,6679,6685,6683,0.05988920497079775,True
64,4,group,Transformer,reflection,gpt_decode_block,9cb4e599510cb01c377ea60006956ad73fcfd13b537b258f3c4d5eb502cde618,6679,6685,6095,-8.74382392573738,True
64,4,group,Transformer,reflection,gpt_decode_block,406165aef76d1201c8cd2854ff972b70124c4f88e333eb15db2fcc529b62d815,6679,6685,6271,-6.108698907022014,True
64,4,group,Transformer,reflection,gpt_decode_block,94f57ed144d0aee29a5d7bddc91ce346cce7bec8116c4941fdc0dc1fe7b596cc,6679,6685,6497,-2.7249588261715862,True
64,4,group,Transformer,reflection,gpt_decode_block,3d9c11014f73c384520dcaada3c6a13b0872222b7ee9928c4e898545e769fdc6,6679,6685,6147,-7.965264261116934,True
64,4,all,ALL17,rotation,darknet19,213f87df4d5f8bcbbb2fab5db0bf80823858e6f1033e6aeff9ef64fe4b3a2c34,25900,25925,25900,0.0,True
64,4,all,ALL17,rotation,darknet19,c6b920484193eca3f86fbb4c5988dc613368296e228f694e83adb9b961453b7a,25900,25925,25900,0.0,True
64,4,all,ALL17,rotation,darknet19,2c6be093605df74136d9782bcd235d41a38c0afb7b51dbfaf60f787a4a549b0e,25900,25925,25900,0.0,True
64,4,all,ALL17,rotation,vgg19,8c6335b828f9e6a6eaa1548ba31e1392fad57de56bdcb3f94cce7c88075b7458,155197,155352,155197,0.0,True
64,4,all,ALL17,rotation,vgg19,1c1d61ef8aa8c57c394a68ac06c009116578b21cf132e9e15929dc6273b5b6fc,155197,155352,155197,0.0,True
64,4,all,ALL17,rotation,vgg19,4564a015ecfdbbe95b6f433a3c8a91cb411e7527e74cef0f2afb4d99685ece80,155197,155352,155197,0.0,True
64,4,all,ALL17,rotation,resnet50,3b15cc8508fa654d4115ce518563e49fd7e5325b070079bd0276660a03c0b0c3,42643,42685,42643,0.0,True
64,4,all,ALL17,rotation,resnet50,b37041a7020d37d6e68d26dc51748b17d5a46b418bfcfafb367a36660e66badd,42643,42685,42598,-0.10552728466571848,True
64,4,all,ALL17,rotation,resnet50,dfadd82b139974290e44f510d8b59b53781ff5d9464e1216151830eeed672d83,42643,42685,42577,-0.15477335084304045,True
64,4,all,ALL17,rotation,resnet50,f7bf4a9ce4d6dfb6bf5e325528e1950b7f702f631cc14e0e70c32efc9eb10623,42643,42685,42678,0.08207677696221438,True
64,4,all,ALL17,rotation,resnet50,f800820115e399138b265edab36c8601ae71f95592865dbc40a7662f59373576,42643,42685,42682,0.0914569800436249,True
64,4,all,ALL17,rotation,googlenet,b925508ebe520497f05768fe6f1e252f4d4110c51d0b93b44bbcef405829a233,18879,18897,18879,0.0,True
64,4,all,ALL17,rotation,googlenet,c9b4d51802a93ad05dff23e78155e4503f88e1467058ce31f9a9f285d30df818,18879,18897,18756,-0.6515175591927491,True
64,4,all,ALL17,rotation,googlenet,094577c3a74cdfc62df5ec969d997874fc696c6de46547cdbaae014036435c31,18879,18897,18767,-0.5932517612161625,True
64,4,all,ALL17,rotation,googlenet,0eddbdf26850fc00860a8cd25a350a211f119602113f0bde8d7f3eb50ca68277,18879,18897,18739,-0.7415647015202032,True
64,4,all,ALL17,rotation,googlenet,92cd79cbdadc171582bcfa7ac8c31a7856e3bdae9558392826bbde4f96420239,18879,18897,18756,-0.6515175591927491,True
64,4,all,ALL17,rotation,resnet101,730090cce9df966b9f85db2175efaa70d3e9ef1a440cd399b292af3e8e42eaea,79398,79477,79398,0.0,True
64,4,all,ALL17,rotation,resnet101,f1407dfccc21ff55017689bdda59759a1e7be53789363955f0975a00c14bd500,79398,79477,79386,-0.01511373082445644,True
64,4,all,ALL17,rotation,resnet101,d3328e139721534cca692b80bfbe61436ef69295fa3be782b35ecf481d4b46f4,79398,79477,79352,-0.05793596816040525,True
64,4,all,ALL17,rotation,resnet101,f72206b4eb9b8879a082479bbeb6215e0043bf581e9b2cc6b643a82125da9ba9,79398,79477,79477,0.09949872792764936,True
64,4,all,ALL17,rotation,resnet101,7a7b554c5bde867c397f7c20a4a48b08ce309378d9d9678ab61495190fb51b91,79398,79477,79469,0.08942290737801173,True
64,4,all,ALL17,rotation,densenet,5e3ef10fc1996e0eb46409a5674962b4f33953eff6165066f45849a8337f0f19,31872,31903,31874,0.006275100401609279,True
64,4,all,ALL17,rotation,densenet,2fbdf77949121cde348e3ebb1d2fc5cf540ea23c2bdd9d7d5c2200e3bbac3899,31872,31903,31819,-0.16629016064256819,True
64,4,all,ALL17,rotation,densenet,d5892a8407e976f7b9ded4880e16b06e7483991dd72ccf4eadd7a99217bdc092,31872,31903,31874,0.006275100401609279,True
64,4,all,ALL17,rotation,inception_resnet_v1,0685c3df721a1e63a64fdd320cf218621f811c4a1a23f416423930a9eb621f31,84514,84598,84514,0.0,True
64,4,all,ALL17,rotation,inception_resnet_v1,e84940efd3a901a46df99ec7997384e1f19cb2a2d109bbf87ee6fb54ddba422b,84514,84598,84362,-0.1798518588636222,True
64,4,all,ALL17,rotation,inception_resnet_v1,88f9e4658227a3afa2a04ba6e9e9973bbc6cf6678618431ed71ddbd5b519215f,84514,84598,84352,-0.19168421799938828,True
64,4,all,ALL17,rotation,inception_resnet_v1,acb5cb39d9b5b26e90eb06d8184b388d6174c74693a6fcc92dd97f766e075419,84514,84598,84560,0.054428852024512864,True
64,4,all,ALL17,rotation,inception_resnet_v1,190270de61de84485d573756b3c6284f2c883177ff3c7a75e9c1920246e1823f,84514,84598,84374,-0.1656530279007029,True
64,4,all,ALL17,rotation,gnmt,55b4f9306d035c65246947a0adcc89a07f557009cb1e588f9403c1c34dd113d5,32774,32806,32774,0.0,True
64,4,all,ALL17,rotation,gnmt,e53439b2bbcedc061adec8be85006411c2eaa5efff20387852de7111c6782dd3,32774,32806,15828,-51.705620308781356,True
64,4,all,ALL17,rotation,gnmt,15e6335b7a7db7ad85f40cec7575e4f7c1691da17a4a4ac4d00cfcfe0e5f6ed6,32774,32806,19638,-40.08055165680112,True
64,4,all,ALL17,rotation,gnmt,4f66dcd97a65660d39041282ea20a310baedc04203653be39d857cf464693470,32774,32806,20766,-36.638799048025874,True
64,4,all,ALL17,rotation,gnmt,4696ca61c1a85ef92e3d306cb4d079ca5f42dc4a25d5d3556f243ec7a527331c,32774,32806,31490,-3.9177396716909785,True
64,4,all,ALL17,rotation,lstm,3bd6bc763c65106ad9351ad8c86afdce6e9b4e70c147cff1e0286c0b245c8e72,47336,47383,47336,0.0,True
64,4,all,ALL17,rotation,lstm,fbc83ddf92919353ef71bc4748530cf9e30a5e5abf6ea7b382215e92b6a7c5fe,47336,47383,15796,-66.6300490113233,True
64,4,all,ALL17,rotation,lstm,7e80f5277527f72910800b7cad00a0f4dfdf157b15fb4a9c05dd1c16ac8152a1,47336,47383,17686,-62.63731620753761,True
64,4,all,ALL17,rotation,lstm,2ba85a9c266ab83bafd1a17c540bd4307134ac86e37ad4dfa4236abbf1d55890,47336,47383,31350,-33.7713368260943,True
64,4,all,ALL17,rotation,lstm,d2de8dfc681a16c0c8af2955a8817421aa1fd8dda68ed9d15a4d95912ab2c4d5,47336,47383,46940,-0.8365725874598606,True
64,4,all,ALL17,rotation,transformer,ea6f4be61ed9f0fc1ac01131f007b5ec6ec00c373e5c014727a796dc2d37e3c2,282352,282634,282352,0.0,True
64,4,all,ALL17,rotation,transformer,36eef299b02f301868c0c975039f9521148376b12d73d6878357778a11dfa1e7,282352,282634,282608,0.09066696888988535,True
64,4,all,ALL17,rotation,transformer_cell,c5b6d97dc1a29529bdd110a308f3e2d737d19cc54aa8138b76e84f4676cba527,49192,49241,49192,0.0,True
64,4,all,ALL17,rotation,transformer_cell,ac3336d81ba40100dcd47a8b9db97c635479152bfc8b48ec8b31ada722c93640,49192,49241,49240,0.09757684176288084,True
64,4,all,ALL17,rotation,transformer_cell,ecd07557a317d1d003405a0b58d558315bb046d410608632e1e700f4c6951703,49192,49241,48808,-0.7806147341031022,True
64,4,all,ALL17,rotation,pnasnet,25101f65f236c0c01a6cf272c43c4a22f96422f16fef2678e6d7e84d2d69d1aa,424745,425169,424969,0.05273752486785188,True
64,4,all,ALL17,rotation,pnasnet,f9b59a1e24651c48797171c5d514437d4c576378b55d7a5a5096a92cf7ec5c73,424745,425169,418126,-1.5583467727695477,True
64,4,all,ALL17,rotation,pnasnet,7c56232ce3da3cb5d10f7c15fd19852d32332128da33aa13b94867a882616cea,424745,425169,421119,-0.8536886837985147,True
64,4,all,ALL17,rotation,pnasnet,f0b1b1cc8180d0f5fddbda5c6a4deb57ee8c2a9348f9432939b5c464ea5d4854,424745,425169,417454,-1.7165593473731255,True
64,4,all,ALL17,rotation,resnext50,cfe9df9a7c305f9473084003604b39c14a95fa0ae73bb0e3484b58b3d5bfb0a7,27498,27525,27498,0.0,True
64,4,all,ALL17,rotation,resnext50,d464500d9ff22311f5b407dff6be852fb95119563cf52e163e3f1a8479a39be6,27498,27525,27433,-0.23638082769655844,True
64,4,all,ALL17,rotation,resnext50,ac5d59f80530915d6082030ec543e7aa9f07f4eea4aa2da2a5b382ca887e7418,27498,27525,27404,-0.3418430431304076,True
64,4,all,ALL17,rotation,resnext50,62e9eeff2793db62699a5cf32572798534248edaf41144ab5467452e9520052e,27498,27525,27519,0.07636919048659152,True
64,4,all,ALL17,rotation,resnext50,60bbe43c2c52369acda4b122b95cabcaa74cf1845d76caf94cfb3895c2b00233,27498,27525,27524,0.09455233107862338,True
64,4,all,ALL17,rotation,resnet152,81f4b891dff0bf8983edbf122ef22b7222212687e4f253f625033316a648fa99,116486,116602,116486,0.0,True
64,4,all,ALL17,rotation,resnet152,5158fb1cbf5ffa019b5db1fad98427a86a18d634462763f571f66fdcaf65cb09,116486,116602,116459,-0.023178751094554695,True
64,4,all,ALL17,rotation,resnet152,5da7fb24f70fa407be0caff3e39629fa6b4d6f56c1d1847cb61fce9be9edfe03,116486,116602,116467,-0.016310972992461537,True
64,4,all,ALL17,rotation,resnet152,37a60dc126f5f770d4527cbc396b81d4cb43b335261d560b7d62597698a05e5e,116486,116602,116597,0.095290421166494,True
64,4,all,ALL17,rotation,resnet152,954fae52c66e38a4000ab36cb7b097638a42aff6e103fbf31f03acd09bc27008,116486,116602,116597,0.095290421166494,True
64,4,all,ALL17,rotation,bert_block,cf9f5488ca712b08ad37bcb06fa9e5bba372c9f0e8d313c730db265d0d5b4cc7,49632,49681,49632,0.0,True
64,4,all,ALL17,rotation,bert_block,d041d34a71b849da25fff9bb208ccbe6e701fe069491684e2433886200672ee7,49632,49681,48034,-3.2196969696969724,True
64,4,all,ALL17,rotation,bert_block,de09c31648df01cc409c08c1ed99ab85debf5332b75199b2693ac76095d086ba,49632,49681,49662,0.06044487427465661,True
64,4,all,ALL17,rotation,bert_block,000eb832d4955fbee8249befa861249842a24fe32264eb74a3d33db4a3e2f9bf,49632,49681,49541,-0.18334945196647467,True
64,4,all,ALL17,rotation,bert_block,578f6350d46309bc4499ae4abdf1af29d025695e2729298941a37bc61666023c,49632,49681,49559,-0.14708252740167627,True
64,4,all,ALL17,rotation,gpt_prefill_block,34af7c01a30d6e31af753ac5da6b25d430c2730ca2ee9a1a80b8b9377d5aa725,92503,92595,92503,0.0,True
64,4,all,ALL17,rotation,gpt_prefill_block,4ff273c3a71edef0021d1552fbf41a804bc262dee4268562560f222b7b4137a5,92503,92595,92524,0.022701966422711273,True
64,4,all,ALL17,rotation,gpt_decode_block,64073f9a0044dc8ce3f341e40e5ebab30a391de0e77f4b76783c6ceee1bbbbe5,6679,6685,6679,0.0,True
64,4,all,ALL17,rotation,gpt_decode_block,9cb4e599510cb01c377ea60006956ad73fcfd13b537b258f3c4d5eb502cde618,6679,6685,6087,-8.863602335678989,True
64,4,all,ALL17,rotation,gpt_decode_block,406165aef76d1201c8cd2854ff972b70124c4f88e333eb15db2fcc529b62d815,6679,6685,6240,-6.572840245545741,True
64,4,all,ALL17,rotation,gpt_decode_block,94f57ed144d0aee29a5d7bddc91ce346cce7bec8116c4941fdc0dc1fe7b596cc,6679,6685,6240,-6.572840245545741,True
64,4,all,ALL17,rotation,gpt_decode_block,3d9c11014f73c384520dcaada3c6a13b0872222b7ee9928c4e898545e769fdc6,6679,6685,6143,-8.025153466087742,True
64,4,all,ALL17,reflection,darknet19,213f87df4d5f8bcbbb2fab5db0bf80823858e6f1033e6aeff9ef64fe4b3a2c34,25900,25925,25900,0.0,True
64,4,all,ALL17,reflection,darknet19,c6b920484193eca3f86fbb4c5988dc613368296e228f694e83adb9b961453b7a,25900,25925,25900,0.0,True
64,4,all,ALL17,reflection,darknet19,2c6be093605df74136d9782bcd235d41a38c0afb7b51dbfaf60f787a4a549b0e,25900,25925,25900,0.0,True
64,4,all,ALL17,reflection,vgg19,8c6335b828f9e6a6eaa1548ba31e1392fad57de56bdcb3f94cce7c88075b7458,155197,155352,155197,0.0,True
64,4,all,ALL17,reflection,vgg19,1c1d61ef8aa8c57c394a68ac06c009116578b21cf132e9e15929dc6273b5b6fc,155197,155352,155197,0.0,True
64,4,all,ALL17,reflection,vgg19,4564a015ecfdbbe95b6f433a3c8a91cb411e7527e74cef0f2afb4d99685ece80,155197,155352,155197,0.0,True
64,4,all,ALL17,reflection,resnet50,3b15cc8508fa654d4115ce518563e49fd7e5325b070079bd0276660a03c0b0c3,42643,42685,42643,0.0,True
64,4,all,ALL17,reflection,resnet50,b37041a7020d37d6e68d26dc51748b17d5a46b418bfcfafb367a36660e66badd,42643,42685,42598,-0.10552728466571848,True
64,4,all,ALL17,reflection,resnet50,dfadd82b139974290e44f510d8b59b53781ff5d9464e1216151830eeed672d83,42643,42685,42577,-0.15477335084304045,True
64,4,all,ALL17,reflection,resnet50,f7bf4a9ce4d6dfb6bf5e325528e1950b7f702f631cc14e0e70c32efc9eb10623,42643,42685,42678,0.08207677696221438,True
64,4,all,ALL17,reflection,resnet50,f800820115e399138b265edab36c8601ae71f95592865dbc40a7662f59373576,42643,42685,42682,0.0914569800436249,True
64,4,all,ALL17,reflection,googlenet,b925508ebe520497f05768fe6f1e252f4d4110c51d0b93b44bbcef405829a233,18879,18897,18879,0.0,True
64,4,all,ALL17,reflection,googlenet,c9b4d51802a93ad05dff23e78155e4503f88e1467058ce31f9a9f285d30df818,18879,18897,18756,-0.6515175591927491,True
64,4,all,ALL17,reflection,googlenet,094577c3a74cdfc62df5ec969d997874fc696c6de46547cdbaae014036435c31,18879,18897,18767,-0.5932517612161625,True
64,4,all,ALL17,reflection,googlenet,0eddbdf26850fc00860a8cd25a350a211f119602113f0bde8d7f3eb50ca68277,18879,18897,18739,-0.7415647015202032,True
64,4,all,ALL17,reflection,googlenet,92cd79cbdadc171582bcfa7ac8c31a7856e3bdae9558392826bbde4f96420239,18879,18897,18756,-0.6515175591927491,True
64,4,all,ALL17,reflection,resnet101,730090cce9df966b9f85db2175efaa70d3e9ef1a440cd399b292af3e8e42eaea,79398,79477,79398,0.0,True
64,4,all,ALL17,reflection,resnet101,f1407dfccc21ff55017689bdda59759a1e7be53789363955f0975a00c14bd500,79398,79477,79386,-0.01511373082445644,True
64,4,all,ALL17,reflection,resnet101,d3328e139721534cca692b80bfbe61436ef69295fa3be782b35ecf481d4b46f4,79398,79477,79352,-0.05793596816040525,True
64,4,all,ALL17,reflection,resnet101,f72206b4eb9b8879a082479bbeb6215e0043bf581e9b2cc6b643a82125da9ba9,79398,79477,79477,0.09949872792764936,True
64,4,all,ALL17,reflection,resnet101,7a7b554c5bde867c397f7c20a4a48b08ce309378d9d9678ab61495190fb51b91,79398,79477,79469,0.08942290737801173,True
64,4,all,ALL17,reflection,densenet,5e3ef10fc1996e0eb46409a5674962b4f33953eff6165066f45849a8337f0f19,31872,31903,31880,0.025100401606414913,True
64,4,all,ALL17,reflection,densenet,2fbdf77949121cde348e3ebb1d2fc5cf540ea23c2bdd9d7d5c2200e3bbac3899,31872,31903,31815,-0.17884036144578674,True
64,4,all,ALL17,reflection,densenet,d5892a8407e976f7b9ded4880e16b06e7483991dd72ccf4eadd7a99217bdc092,31872,31903,31878,0.018825301204827838,True
64,4,all,ALL17,reflection,inception_resnet_v1,0685c3df721a1e63a64fdd320cf218621f811c4a1a23f416423930a9eb621f31,84514,84598,84514,0.0,True
64,4,all,ALL17,reflection,inception_resnet_v1,e84940efd3a901a46df99ec7997384e1f19cb2a2d109bbf87ee6fb54ddba422b,84514,84598,84362,-0.1798518588636222,True
64,4,all,ALL17,reflection,inception_resnet_v1,88f9e4658227a3afa2a04ba6e9e9973bbc6cf6678618431ed71ddbd5b519215f,84514,84598,84352,-0.19168421799938828,True
64,4,all,ALL17,reflection,inception_resnet_v1,acb5cb39d9b5b26e90eb06d8184b388d6174c74693a6fcc92dd97f766e075419,84514,84598,84560,0.054428852024512864,True
64,4,all,ALL17,reflection,inception_resnet_v1,190270de61de84485d573756b3c6284f2c883177ff3c7a75e9c1920246e1823f,84514,84598,84374,-0.1656530279007029,True
64,4,all,ALL17,reflection,gnmt,55b4f9306d035c65246947a0adcc89a07f557009cb1e588f9403c1c34dd113d5,32774,32806,32774,0.0,True
64,4,all,ALL17,reflection,gnmt,e53439b2bbcedc061adec8be85006411c2eaa5efff20387852de7111c6782dd3,32774,32806,15828,-51.705620308781356,True
64,4,all,ALL17,reflection,gnmt,15e6335b7a7db7ad85f40cec7575e4f7c1691da17a4a4ac4d00cfcfe0e5f6ed6,32774,32806,19638,-40.08055165680112,True
64,4,all,ALL17,reflection,gnmt,4f66dcd97a65660d39041282ea20a310baedc04203653be39d857cf464693470,32774,32806,20766,-36.638799048025874,True
64,4,all,ALL17,reflection,gnmt,4696ca61c1a85ef92e3d306cb4d079ca5f42dc4a25d5d3556f243ec7a527331c,32774,32806,31490,-3.9177396716909785,True
64,4,all,ALL17,reflection,lstm,3bd6bc763c65106ad9351ad8c86afdce6e9b4e70c147cff1e0286c0b245c8e72,47336,47383,47336,0.0,True
64,4,all,ALL17,reflection,lstm,fbc83ddf92919353ef71bc4748530cf9e30a5e5abf6ea7b382215e92b6a7c5fe,47336,47383,15796,-66.6300490113233,True
64,4,all,ALL17,reflection,lstm,7e80f5277527f72910800b7cad00a0f4dfdf157b15fb4a9c05dd1c16ac8152a1,47336,47383,17686,-62.63731620753761,True
64,4,all,ALL17,reflection,lstm,2ba85a9c266ab83bafd1a17c540bd4307134ac86e37ad4dfa4236abbf1d55890,47336,47383,31350,-33.7713368260943,True
64,4,all,ALL17,reflection,lstm,d2de8dfc681a16c0c8af2955a8817421aa1fd8dda68ed9d15a4d95912ab2c4d5,47336,47383,46940,-0.8365725874598606,True
64,4,all,ALL17,reflection,transformer,ea6f4be61ed9f0fc1ac01131f007b5ec6ec00c373e5c014727a796dc2d37e3c2,282352,282634,282352,0.0,True
64,4,all,ALL17,reflection,transformer,36eef299b02f301868c0c975039f9521148376b12d73d6878357778a11dfa1e7,282352,282634,282608,0.09066696888988535,True
64,4,all,ALL17,reflection,transformer_cell,c5b6d97dc1a29529bdd110a308f3e2d737d19cc54aa8138b76e84f4676cba527,49192,49241,49192,0.0,True
64,4,all,ALL17,reflection,transformer_cell,ac3336d81ba40100dcd47a8b9db97c635479152bfc8b48ec8b31ada722c93640,49192,49241,49240,0.09757684176288084,True
64,4,all,ALL17,reflection,transformer_cell,ecd07557a317d1d003405a0b58d558315bb046d410608632e1e700f4c6951703,49192,49241,48808,-0.7806147341031022,True
64,4,all,ALL17,reflection,pnasnet,25101f65f236c0c01a6cf272c43c4a22f96422f16fef2678e6d7e84d2d69d1aa,424745,425169,424969,0.05273752486785188,True
64,4,all,ALL17,reflection,pnasnet,f9b59a1e24651c48797171c5d514437d4c576378b55d7a5a5096a92cf7ec5c73,424745,425169,418126,-1.5583467727695477,True
64,4,all,ALL17,reflection,pnasnet,7c56232ce3da3cb5d10f7c15fd19852d32332128da33aa13b94867a882616cea,424745,425169,421119,-0.8536886837985147,True
64,4,all,ALL17,reflection,pnasnet,f0b1b1cc8180d0f5fddbda5c6a4deb57ee8c2a9348f9432939b5c464ea5d4854,424745,425169,417454,-1.7165593473731255,True
64,4,all,ALL17,reflection,resnext50,cfe9df9a7c305f9473084003604b39c14a95fa0ae73bb0e3484b58b3d5bfb0a7,27498,27525,27498,0.0,True
64,4,all,ALL17,reflection,resnext50,d464500d9ff22311f5b407dff6be852fb95119563cf52e163e3f1a8479a39be6,27498,27525,27433,-0.23638082769655844,True
64,4,all,ALL17,reflection,resnext50,ac5d59f80530915d6082030ec543e7aa9f07f4eea4aa2da2a5b382ca887e7418,27498,27525,27404,-0.3418430431304076,True
64,4,all,ALL17,reflection,resnext50,62e9eeff2793db62699a5cf32572798534248edaf41144ab5467452e9520052e,27498,27525,27519,0.07636919048659152,True
64,4,all,ALL17,reflection,resnext50,60bbe43c2c52369acda4b122b95cabcaa74cf1845d76caf94cfb3895c2b00233,27498,27525,27524,0.09455233107862338,True
64,4,all,ALL17,reflection,resnet152,81f4b891dff0bf8983edbf122ef22b7222212687e4f253f625033316a648fa99,116486,116602,116486,0.0,True
64,4,all,ALL17,reflection,resnet152,5158fb1cbf5ffa019b5db1fad98427a86a18d634462763f571f66fdcaf65cb09,116486,116602,116459,-0.023178751094554695,True
64,4,all,ALL17,reflection,resnet152,5da7fb24f70fa407be0caff3e39629fa6b4d6f56c1d1847cb61fce9be9edfe03,116486,116602,116477,-0.007726250364847864,True
64,4,all,ALL17,reflection,resnet152,37a60dc126f5f770d4527cbc396b81d4cb43b335261d560b7d62597698a05e5e,116486,116602,116597,0.095290421166494,True
64,4,all,ALL17,reflection,resnet152,954fae52c66e38a4000ab36cb7b097638a42aff6e103fbf31f03acd09bc27008,116486,116602,116597,0.095290421166494,True
64,4,all,ALL17,reflection,bert_block,cf9f5488ca712b08ad37bcb06fa9e5bba372c9f0e8d313c730db265d0d5b4cc7,49632,49681,49632,0.0,True
64,4,all,ALL17,reflection,bert_block,d041d34a71b849da25fff9bb208ccbe6e701fe069491684e2433886200672ee7,49632,49681,48034,-3.2196969696969724,True
64,4,all,ALL17,reflection,bert_block,de09c31648df01cc409c08c1ed99ab85debf5332b75199b2693ac76095d086ba,49632,49681,49662,0.06044487427465661,True
64,4,all,ALL17,reflection,bert_block,000eb832d4955fbee8249befa861249842a24fe32264eb74a3d33db4a3e2f9bf,49632,49681,49541,-0.18334945196647467,True
64,4,all,ALL17,reflection,bert_block,578f6350d46309bc4499ae4abdf1af29d025695e2729298941a37bc61666023c,49632,49681,49559,-0.14708252740167627,True
64,4,all,ALL17,reflection,gpt_prefill_block,34af7c01a30d6e31af753ac5da6b25d430c2730ca2ee9a1a80b8b9377d5aa725,92503,92595,92503,0.0,True
64,4,all,ALL17,reflection,gpt_prefill_block,4ff273c3a71edef0021d1552fbf41a804bc262dee4268562560f222b7b4137a5,92503,92595,92524,0.022701966422711273,True
64,4,all,ALL17,reflection,gpt_decode_block,64073f9a0044dc8ce3f341e40e5ebab30a391de0e77f4b76783c6ceee1bbbbe5,6679,6685,6679,0.0,True
64,4,all,ALL17,reflection,gpt_decode_block,9cb4e599510cb01c377ea60006956ad73fcfd13b537b258f3c4d5eb502cde618,6679,6685,6087,-8.863602335678989,True
64,4,all,ALL17,reflection,gpt_decode_block,406165aef76d1201c8cd2854ff972b70124c4f88e333eb15db2fcc529b62d815,6679,6685,6240,-6.572840245545741,True
64,4,all,ALL17,reflection,gpt_decode_block,94f57ed144d0aee29a5d7bddc91ce346cce7bec8116c4941fdc0dc1fe7b596cc,6679,6685,6240,-6.572840245545741,True
64,4,all,ALL17,reflection,gpt_decode_block,3d9c11014f73c384520dcaada3c6a13b0872222b7ee9928c4e898545e769fdc6,6679,6685,6143,-8.025153466087742,True
64,16,workload,darknet19,rotation,darknet19,4e6a318cbecaa0b40b01c4806c781c2807754d8d687c7507758b26363059ccbe,10639,10649,10643,0.03759751856378113,True
64,16,workload,darknet19,rotation,darknet19,d2b4edaf847de75df6f893e09b36d9b3205e34f89845adc364b5379a301a0ee9,10639,10649,10625,-0.13159131497321175,True
64,16,workload,darknet19,rotation,darknet19,3c59733831dad005d00333550ece11ee81c36ed24784e891e77fef155812308e,10639,10649,10639,0.0,True
64,16,workload,darknet19,rotation,darknet19,7b1aad00c89913898afd87ee794fc562588c607cf6c9b9ab7425bcd716934220,10639,10649,10641,0.018798759281879462,True
64,16,workload,darknet19,rotation,darknet19,181f6e04180b341b806c150c2f9aa3935ff18dd5721fdf9bacca3216138bbf54,10639,10649,10608,-0.2913807688692538,True
64,16,workload,darknet19,reflection,darknet19,4e6a318cbecaa0b40b01c4806c781c2807754d8d687c7507758b26363059ccbe,10639,10649,10643,0.03759751856378113,True
64,16,workload,darknet19,reflection,darknet19,d2b4edaf847de75df6f893e09b36d9b3205e34f89845adc364b5379a301a0ee9,10639,10649,10625,-0.13159131497321175,True
64,16,workload,darknet19,reflection,darknet19,3c59733831dad005d00333550ece11ee81c36ed24784e891e77fef155812308e,10639,10649,10639,0.0,True
64,16,workload,darknet19,reflection,darknet19,7b1aad00c89913898afd87ee794fc562588c607cf6c9b9ab7425bcd716934220,10639,10649,10641,0.018798759281879462,True
64,16,workload,darknet19,reflection,darknet19,181f6e04180b341b806c150c2f9aa3935ff18dd5721fdf9bacca3216138bbf54,10639,10649,10608,-0.2913807688692538,True
64,16,workload,vgg19,rotation,vgg19,33c482fe8766efaa486b11cb65c08f7802aa1b555a6c997946dfbde6eacf62be,46656,46702,46656,0.0,True
64,16,workload,vgg19,rotation,vgg19,4c6307aaa375da142440bd9f1fe6a77488531456fb953a8304830efbdc668e90,46656,46702,46698,0.09002057613167747,True
64,16,workload,vgg19,reflection,vgg19,33c482fe8766efaa486b11cb65c08f7802aa1b555a6c997946dfbde6eacf62be,46656,46702,46656,0.0,True
64,16,workload,vgg19,reflection,vgg19,4c6307aaa375da142440bd9f1fe6a77488531456fb953a8304830efbdc668e90,46656,46702,46698,0.09002057613167747,True
64,16,workload,resnet50,rotation,resnet50,3d4e251e4ffa1d09bc7b73056d88a3a06a49150220c6f11c33d634bed051161c,26385,26411,26393,0.03032025772218283,True
64,16,workload,resnet50,rotation,resnet50,21ae3bb1035e758f76e80ce4c9314691aea43489037aec68e328aaaa2217d48b,26385,26411,26393,0.03032025772218283,True
64,16,workload,resnet50,reflection,resnet50,3d4e251e4ffa1d09bc7b73056d88a3a06a49150220c6f11c33d634bed051161c,26385,26411,26393,0.03032025772218283,True
64,16,workload,resnet50,reflection,resnet50,21ae3bb1035e758f76e80ce4c9314691aea43489037aec68e328aaaa2217d48b,26385,26411,26393,0.03032025772218283,True
64,16,workload,googlenet,rotation,googlenet,d38d3c8b8e439cd8a5b04060d79375d96bb92ecd1de18333e5f4ac0003ff0305,10563,10573,10573,0.09467007478936029,True
64,16,workload,googlenet,reflection,googlenet,d38d3c8b8e439cd8a5b04060d79375d96bb92ecd1de18333e5f4ac0003ff0305,10563,10573,10573,0.09467007478936029,True
64,16,workload,resnet101,rotation,resnet101,cde32a6af1910132ddc477685067db7dd22511ae4d86b0b1295248a90aa60d22,45372,45417,45398,0.057304064180541125,True
64,16,workload,resnet101,rotation,resnet101,0681da3d8753b48af5fa288831d48e1a834059a367c6af87f9e19cebc8c1e229,45372,45417,44007,-3.0084633694789753,True
64,16,workload,resnet101,rotation,resnet101,bb38885130386274ab126ba7375fa51f1a174eda5da250f44d7531c227e86a69,45372,45417,44965,-0.8970290046724894,True
64,16,workload,resnet101,reflection,resnet101,cde32a6af1910132ddc477685067db7dd22511ae4d86b0b1295248a90aa60d22,45372,45417,45416,0.09697610861323369,True
64,16,workload,resnet101,reflection,resnet101,0681da3d8753b48af5fa288831d48e1a834059a367c6af87f9e19cebc8c1e229,45372,45417,44011,-2.99964735960504,True
64,16,workload,resnet101,reflection,resnet101,bb38885130386274ab126ba7375fa51f1a174eda5da250f44d7531c227e86a69,45372,45417,44969,-0.888212994798554,True
64,16,workload,densenet,rotation,densenet,e70be0560e70343cd9901530443c539c39a1c02e37055c20a3b90180676b16b4,21308,21329,21324,0.07508916838745439,True
64,16,workload,densenet,reflection,densenet,e70be0560e70343cd9901530443c539c39a1c02e37055c20a3b90180676b16b4,21308,21329,21328,0.09386146048433464,True
64,16,workload,inception_resnet_v1,rotation,inception_resnet_v1,caf872e256e62fba252c95b3cd3093ba22801499e557dfe841cba090ce7743dd,52378,52430,52430,0.09927832296001693,True
64,16,workload,inception_resnet_v1,rotation,inception_resnet_v1,d6419d6867117e0c889968afe52ad955321b6aefcc81618e10830bdaae92174c,52378,52430,51312,-2.035205620680436,True
64,16,workload,inception_resnet_v1,rotation,inception_resnet_v1,e13d18b0e84b940e62647172c4c7518fe99a83ad83420a483d9324877986cf8d,52378,52430,51653,-1.38416892588491,True
64,16,workload,inception_resnet_v1,rotation,inception_resnet_v1,242113c32ea10f822c80931c73858d644b9d7e2f67b741dc8b34338418c60a78,52378,52430,51479,-1.7163694680972896,True
64,16,workload,inception_resnet_v1,rotation,inception_resnet_v1,9246241b5643d58bb1646f6ed50c69cd99eb880b1679533b22b0fab80ac38ab4,52378,52430,51537,-1.6056359540264964,True
64,16,workload,inception_resnet_v1,reflection,inception_resnet_v1,caf872e256e62fba252c95b3cd3093ba22801499e557dfe841cba090ce7743dd,52378,52430,52430,0.09927832296001693,True
64,16,workload,inception_resnet_v1,reflection,inception_resnet_v1,d6419d6867117e0c889968afe52ad955321b6aefcc81618e10830bdaae92174c,52378,52430,51312,-2.035205620680436,True
64,16,workload,inception_resnet_v1,reflection,inception_resnet_v1,e13d18b0e84b940e62647172c4c7518fe99a83ad83420a483d9324877986cf8d,52378,52430,51653,-1.38416892588491,True
64,16,workload,inception_resnet_v1,reflection,inception_resnet_v1,242113c32ea10f822c80931c73858d644b9d7e2f67b741dc8b34338418c60a78,52378,52430,51479,-1.7163694680972896,True
64,16,workload,inception_resnet_v1,reflection,inception_resnet_v1,9246241b5643d58bb1646f6ed50c69cd99eb880b1679533b22b0fab80ac38ab4,52378,52430,51537,-1.6056359540264964,True
64,16,workload,gnmt,rotation,gnmt,9b6fd101f346d11c1cd89f984fe9b3a219da705e6c494195255a12f3d14688d9,15698,15713,15698,0.0,True
64,16,workload,gnmt,rotation,gnmt,fc77f273d5e3a998d3db2e65455e4913059061b31551ef4bd2806c56d5cf0ae2,15698,15713,15698,0.0,True
64,16,workload,gnmt,rotation,gnmt,f2188f2458d888cfd80c23efb9af893a0980d08de9b72efba8581d6299b3d805,15698,15713,15706,0.0509619059752886,True
64,16,workload,gnmt,rotation,gnmt,bea0d638895d90641a985fd49df699aafcc59e2020239a70161b45d29dc182d5,15698,15713,15698,0.0,True
64,16,workload,gnmt,rotation,gnmt,a00cd52417d155b0f442ab0f142a6a94199c2645f17edec6f72c0d7c813a6ff5,15698,15713,15698,0.0,True
64,16,workload,gnmt,reflection,gnmt,9b6fd101f346d11c1cd89f984fe9b3a219da705e6c494195255a12f3d14688d9,15698,15713,15698,0.0,True
64,16,workload,gnmt,reflection,gnmt,fc77f273d5e3a998d3db2e65455e4913059061b31551ef4bd2806c56d5cf0ae2,15698,15713,15698,0.0,True
64,16,workload,gnmt,reflection,gnmt,f2188f2458d888cfd80c23efb9af893a0980d08de9b72efba8581d6299b3d805,15698,15713,15706,0.0509619059752886,True
64,16,workload,gnmt,reflection,gnmt,bea0d638895d90641a985fd49df699aafcc59e2020239a70161b45d29dc182d5,15698,15713,15698,0.0,True
64,16,workload,gnmt,reflection,gnmt,a00cd52417d155b0f442ab0f142a6a94199c2645f17edec6f72c0d7c813a6ff5,15698,15713,15698,0.0,True
64,16,workload,lstm,rotation,lstm,71bae4bf271cdc9038e9d0c5b55a8832cafcca954cf3b01f32631c6adf8c88ea,15664,15679,15672,0.05107252298264253,True
64,16,workload,lstm,rotation,lstm,5d0d8eb5ab37806b97852d73aa6e7a94679be729c4dc021d6bf6b3ff537dfabb,15664,15679,15664,0.0,True
64,16,workload,lstm,rotation,lstm,635d23a1bcd435e6675742825f2b8162915e077be4e373fe2131cc84604719fe,15664,15679,15664,0.0,True
64,16,workload,lstm,rotation,lstm,7542d78b26f5c7ee65c159ce63cafcd643cb9394d8e615e3bdbafb7a40e6a5e9,15664,15679,15664,0.0,True
64,16,workload,lstm,rotation,lstm,03420388fdebce80e878eb71ceed94233eb3a2c0c15cf9cbd6043120e7aecc0f,15664,15679,15672,0.05107252298264253,True
64,16,workload,lstm,reflection,lstm,71bae4bf271cdc9038e9d0c5b55a8832cafcca954cf3b01f32631c6adf8c88ea,15664,15679,15672,0.05107252298264253,True
64,16,workload,lstm,reflection,lstm,5d0d8eb5ab37806b97852d73aa6e7a94679be729c4dc021d6bf6b3ff537dfabb,15664,15679,15664,0.0,True
64,16,workload,lstm,reflection,lstm,635d23a1bcd435e6675742825f2b8162915e077be4e373fe2131cc84604719fe,15664,15679,15664,0.0,True
64,16,workload,lstm,reflection,lstm,7542d78b26f5c7ee65c159ce63cafcd643cb9394d8e615e3bdbafb7a40e6a5e9,15664,15679,15664,0.0,True
64,16,workload,lstm,reflection,lstm,03420388fdebce80e878eb71ceed94233eb3a2c0c15cf9cbd6043120e7aecc0f,15664,15679,15672,0.05107252298264253,True
64,16,workload,transformer,rotation,transformer,87815df5b1464e4d6b645f1fdbb5b83a0344df4db81804fab830c1ba50df33e1,161240,161401,161398,0.09799057305879266,True
64,16,workload,transformer,reflection,transformer,87815df5b1464e4d6b645f1fdbb5b83a0344df4db81804fab830c1ba50df33e1,161240,161401,161401,0.09985115355990448,True
64,16,workload,transformer_cell,rotation,transformer_cell,803a9c2bbadda0482e26add06d2adcd6d1e56da8daf5f9f1f03d99eadae7465e,27642,27669,27665,0.08320671442008098,True
64,16,workload,transformer_cell,rotation,transformer_cell,2d9827e3768de0f8f5546756fa50580e1c6d08d4946ba3a592540052b120893b,27642,27669,27666,0.08682439765574923,True
64,16,workload,transformer_cell,reflection,transformer_cell,803a9c2bbadda0482e26add06d2adcd6d1e56da8daf5f9f1f03d99eadae7465e,27642,27669,27665,0.08320671442008098,True
64,16,workload,transformer_cell,reflection,transformer_cell,2d9827e3768de0f8f5546756fa50580e1c6d08d4946ba3a592540052b120893b,27642,27669,27666,0.08682439765574923,True
64,16,workload,pnasnet,rotation,pnasnet,9f3437bf33553e5e3214f032d1923ca609010443d86045f5244c65efdb6d5143,208613,208821,208817,0.09778872841097463,True
64,16,workload,pnasnet,reflection,pnasnet,9f3437bf33553e5e3214f032d1923ca609010443d86045f5244c65efdb6d5143,208613,208821,208819,0.09874744143461012,True
64,16,workload,resnext50,rotation,resnext50,76f4f286242e919ebcb1561ba8090fbe4c048fcaff7d0c658e65c92b48322195,21755,21776,21776,0.09652953344059245,True
64,16,workload,resnext50,rotation,resnext50,50c739525db1e86c2a9c5ae47b4c12453cd1d409ea5ed38e2442dfa072be5ce7,21755,21776,21731,-0.11031946678924376,True
64,16,workload,resnext50,rotation,resnext50,8ef9512ab727e0632df275c43b7864d807fa98ee146d3b9b3b010844dca0df9b,21755,21776,21764,0.04136980004596502,True
64,16,workload,resnext50,rotation,resnext50,a1191d34f92f2675dc239ce4e9253cc4f874c91a780abd3a310a68950d37ff4f,21755,21776,21765,0.04596644449552656,True
64,16,workload,resnext50,reflection,resnext50,76f4f286242e919ebcb1561ba8090fbe4c048fcaff7d0c658e65c92b48322195,21755,21776,21776,0.09652953344059245,True
64,16,workload,resnext50,reflection,resnext50,50c739525db1e86c2a9c5ae47b4c12453cd1d409ea5ed38e2442dfa072be5ce7,21755,21776,21731,-0.11031946678924376,True
64,16,workload,resnext50,reflection,resnext50,8ef9512ab727e0632df275c43b7864d807fa98ee146d3b9b3b010844dca0df9b,21755,21776,21764,0.04136980004596502,True
64,16,workload,resnext50,reflection,resnext50,a1191d34f92f2675dc239ce4e9253cc4f874c91a780abd3a310a68950d37ff4f,21755,21776,21765,0.04596644449552656,True
64,16,workload,resnet152,rotation,resnet152,246afd885cc42f17d0542ab8af2cffb3cb92ae52c59dcd5db530a2e8a5585bac,64862,64926,64903,0.06321112515803584,True
64,16,workload,resnet152,rotation,resnet152,f77f7363edf9cc4c51b8f0ca98628bf72faaba0f3b37a71983d06b9b126327c1,64862,64926,63013,-2.8506675711510554,True
64,16,workload,resnet152,rotation,resnet152,0be7174a32f8afc5b06cfce53371ae764e25da696c35264cb958f0c02a6f94a5,64862,64926,64043,-1.2626807684006036,True
64,16,workload,resnet152,reflection,resnet152,246afd885cc42f17d0542ab8af2cffb3cb92ae52c59dcd5db530a2e8a5585bac,64862,64926,64903,0.06321112515803584,True
64,16,workload,resnet152,reflection,resnet152,f77f7363edf9cc4c51b8f0ca98628bf72faaba0f3b37a71983d06b9b126327c1,64862,64926,63013,-2.8506675711510554,True
64,16,workload,resnet152,reflection,resnet152,0be7174a32f8afc5b06cfce53371ae764e25da696c35264cb958f0c02a6f94a5,64862,64926,64043,-1.2626807684006036,True
64,16,workload,bert_block,rotation,bert_block,e35ac4b16302b28f18ba4cfb2c0a0d872f83073a0c88bb38ccce5d904027d7fd,19679,19698,19679,0.0,True
64,16,workload,bert_block,rotation,bert_block,622e92a08acb363f6b8f648cba8d5c40cc77cac6e75a05ee3aa7bb2c8a070586,19679,19698,19604,-0.3811169266731085,True
64,16,workload,bert_block,rotation,bert_block,9924000287e1602a94c1e66aca6722440a79a5949cf8e235ed51b004242ccf06,19679,19698,19627,-0.26424106916002055,True
64,16,workload,bert_block,rotation,bert_block,e523cc89220ccc72776bd56ce1da0c1f0f5913d7b3c52eab3cd92c1ddd388706,19679,19698,19545,-0.6809289089892756,True
64,16,workload,bert_block,rotation,bert_block,5af520fb059f39e11281e797fc31563abb6d0d739f25cbde013f3d2118427ba5,19679,19698,19691,0.06097870826768936,True
64,16,workload,bert_block,reflection,bert_block,e35ac4b16302b28f18ba4cfb2c0a0d872f83073a0c88bb38ccce5d904027d7fd,19679,19698,19679,0.0,True
64,16,workload,bert_block,reflection,bert_block,622e92a08acb363f6b8f648cba8d5c40cc77cac6e75a05ee3aa7bb2c8a070586,19679,19698,19607,-0.3658722496061806,True
64,16,workload,bert_block,reflection,bert_block,9924000287e1602a94c1e66aca6722440a79a5949cf8e235ed51b004242ccf06,19679,19698,19617,-0.315056659383095,True
64,16,workload,bert_block,reflection,bert_block,e523cc89220ccc72776bd56ce1da0c1f0f5913d7b3c52eab3cd92c1ddd388706,19679,19698,19545,-0.6809289089892756,True
64,16,workload,bert_block,reflection,bert_block,5af520fb059f39e11281e797fc31563abb6d0d739f25cbde013f3d2118427ba5,19679,19698,19691,0.06097870826768936,True
64,16,workload,gpt_prefill_block,rotation,gpt_prefill_block,7c60e8e7f62deded8b1a0fa054ec9a837536e3ce7f18e7ba8c410c99cd9748f6,35072,35107,35104,0.09124087591241281,True
64,16,workload,gpt_prefill_block,rotation,gpt_prefill_block,a134204802b6e8f96313190d998e81cae5cd32a81cc8694881205c974fb822de,35072,35107,34933,-0.3963275547445244,True
64,16,workload,gpt_prefill_block,rotation,gpt_prefill_block,3f828be6acc622a6417266e25a05b4a398e6f5cac88db5f111310fdec62fa732,35072,35107,35092,0.057025547445266334,True
64,16,workload,gpt_prefill_block,rotation,gpt_prefill_block,7655b9b2dde17284392ac217e4f02aead795fd5835862b84c30bb3deff9b8a6c,35072,35107,35055,-0.04847171532846861,True
64,16,workload,gpt_prefill_block,rotation,gpt_prefill_block,735db2e513b2fde0d661a197ec97c3bfea1f98e2f8626d4aca4848d1baf2cd18,35072,35107,35105,0.09409215328466392,True
64,16,workload,gpt_prefill_block,reflection,gpt_prefill_block,7c60e8e7f62deded8b1a0fa054ec9a837536e3ce7f18e7ba8c410c99cd9748f6,35072,35107,35104,0.09124087591241281,True
64,16,workload,gpt_prefill_block,reflection,gpt_prefill_block,a134204802b6e8f96313190d998e81cae5cd32a81cc8694881205c974fb822de,35072,35107,34933,-0.3963275547445244,True
64,16,workload,gpt_prefill_block,reflection,gpt_prefill_block,3f828be6acc622a6417266e25a05b4a398e6f5cac88db5f111310fdec62fa732,35072,35107,35092,0.057025547445266334,True
64,16,workload,gpt_prefill_block,reflection,gpt_prefill_block,7655b9b2dde17284392ac217e4f02aead795fd5835862b84c30bb3deff9b8a6c,35072,35107,35055,-0.04847171532846861,True
64,16,workload,gpt_prefill_block,reflection,gpt_prefill_block,735db2e513b2fde0d661a197ec97c3bfea1f98e2f8626d4aca4848d1baf2cd18,35072,35107,35105,0.09409215328466392,True
64,16,workload,gpt_decode_block,rotation,gpt_decode_block,268afe6a5efe661fba581dbd44a165b2737e8958b7d22b92024e6a8acf6d214e,6177,6183,6178,0.01618908855431922,True
64,16,workload,gpt_decode_block,rotation,gpt_decode_block,14991e7b3e42b8fd03cccc809d0728eb6092f012db1e7ab9a0528fa369945126,6177,6183,6178,0.01618908855431922,True
64,16,workload,gpt_decode_block,rotation,gpt_decode_block,1525719ca58e30919d1c319972326c030a0f1dee2f8298b036359c040753c005,6177,6183,6178,0.01618908855431922,True
64,16,workload,gpt_decode_block,rotation,gpt_decode_block,410eceb5acef9a232e251ac248ceeffd93263f528014287e924655065f01cc2c,6177,6183,6178,0.01618908855431922,True
64,16,workload,gpt_decode_block,rotation,gpt_decode_block,aaabd81df079b738f3941e14380566335f4af557563603b9e28aff9d6b9a1971,6177,6183,6178,0.01618908855431922,True
64,16,workload,gpt_decode_block,reflection,gpt_decode_block,268afe6a5efe661fba581dbd44a165b2737e8958b7d22b92024e6a8acf6d214e,6177,6183,6178,0.01618908855431922,True
64,16,workload,gpt_decode_block,reflection,gpt_decode_block,14991e7b3e42b8fd03cccc809d0728eb6092f012db1e7ab9a0528fa369945126,6177,6183,6178,0.01618908855431922,True
64,16,workload,gpt_decode_block,reflection,gpt_decode_block,1525719ca58e30919d1c319972326c030a0f1dee2f8298b036359c040753c005,6177,6183,6178,0.01618908855431922,True
64,16,workload,gpt_decode_block,reflection,gpt_decode_block,410eceb5acef9a232e251ac248ceeffd93263f528014287e924655065f01cc2c,6177,6183,6178,0.01618908855431922,True
64,16,workload,gpt_decode_block,reflection,gpt_decode_block,aaabd81df079b738f3941e14380566335f4af557563603b9e28aff9d6b9a1971,6177,6183,6178,0.01618908855431922,True
64,16,group,CNN,rotation,darknet19,4e6a318cbecaa0b40b01c4806c781c2807754d8d687c7507758b26363059ccbe,10639,10649,10639,0.0,True
64,16,group,CNN,rotation,darknet19,d2b4edaf847de75df6f893e09b36d9b3205e34f89845adc364b5379a301a0ee9,10639,10649,10623,-0.1503900742551023,True
64,16,group,CNN,rotation,darknet19,3c59733831dad005d00333550ece11ee81c36ed24784e891e77fef155812308e,10639,10649,10615,-0.22558511138265347,True
64,16,group,CNN,rotation,darknet19,7b1aad00c89913898afd87ee794fc562588c607cf6c9b9ab7425bcd716934220,10639,10649,10639,0.0,True
64,16,group,CNN,rotation,darknet19,181f6e04180b341b806c150c2f9aa3935ff18dd5721fdf9bacca3216138bbf54,10639,10649,10606,-0.31017952815114436,True
64,16,group,CNN,rotation,vgg19,33c482fe8766efaa486b11cb65c08f7802aa1b555a6c997946dfbde6eacf62be,46656,46702,46656,0.0,True
64,16,group,CNN,rotation,vgg19,4c6307aaa375da142440bd9f1fe6a77488531456fb953a8304830efbdc668e90,46656,46702,46698,0.09002057613167747,True
64,16,group,CNN,rotation,resnet50,3d4e251e4ffa1d09bc7b73056d88a3a06a49150220c6f11c33d634bed051161c,26385,26411,26393,0.03032025772218283,True
64,16,group,CNN,rotation,resnet50,21ae3bb1035e758f76e80ce4c9314691aea43489037aec68e328aaaa2217d48b,26385,26411,26393,0.03032025772218283,True
64,16,group,CNN,rotation,googlenet,d38d3c8b8e439cd8a5b04060d79375d96bb92ecd1de18333e5f4ac0003ff0305,10563,10573,10564,0.009467007478924927,True
64,16,group,CNN,rotation,resnet101,cde32a6af1910132ddc477685067db7dd22511ae4d86b0b1295248a90aa60d22,45372,45417,45380,0.017632019747870764,True
64,16,group,CNN,rotation,resnet101,0681da3d8753b48af5fa288831d48e1a834059a367c6af87f9e19cebc8c1e229,45372,45417,43995,-3.0349113991007703,True
64,16,group,CNN,rotation,resnet101,bb38885130386274ab126ba7375fa51f1a174eda5da250f44d7531c227e86a69,45372,45417,44941,-0.9499250639160683,True
64,16,group,CNN,rotation,densenet,e70be0560e70343cd9901530443c539c39a1c02e37055c20a3b90180676b16b4,21308,21329,21309,0.0046930730242200625,True
64,16,group,CNN,rotation,inception_resnet_v1,caf872e256e62fba252c95b3cd3093ba22801499e557dfe841cba090ce7743dd,52378,52430,52380,0.003818397036914334,True
64,16,group,CNN,rotation,inception_resnet_v1,d6419d6867117e0c889968afe52ad955321b6aefcc81618e10830bdaae92174c,52378,52430,50960,-2.707243499179046,True
64,16,group,CNN,rotation,inception_resnet_v1,e13d18b0e84b940e62647172c4c7518fe99a83ad83420a483d9324877986cf8d,52378,52430,51161,-2.3234945969681897,True
64,16,group,CNN,rotation,inception_resnet_v1,242113c32ea10f822c80931c73858d644b9d7e2f67b741dc8b34338418c60a78,52378,52430,51244,-2.1650311199358563,True
64,16,group,CNN,rotation,inception_resnet_v1,9246241b5643d58bb1646f6ed50c69cd99eb880b1679533b22b0fab80ac38ab4,52378,52430,51387,-1.892015731795793,True
64,16,group,CNN,rotation,pnasnet,9f3437bf33553e5e3214f032d1923ca609010443d86045f5244c65efdb6d5143,208613,208821,208817,0.09778872841097463,True
64,16,group,CNN,rotation,resnext50,76f4f286242e919ebcb1561ba8090fbe4c048fcaff7d0c658e65c92b48322195,21755,21776,21763,0.03677315559642569,True
64,16,group,CNN,rotation,resnext50,50c739525db1e86c2a9c5ae47b4c12453cd1d409ea5ed38e2442dfa072be5ce7,21755,21776,21724,-0.1424959779361079,True
64,16,group,CNN,rotation,resnext50,8ef9512ab727e0632df275c43b7864d807fa98ee146d3b9b3b010844dca0df9b,21755,21776,21763,0.03677315559642569,True
64,16,group,CNN,rotation,resnext50,a1191d34f92f2675dc239ce4e9253cc4f874c91a780abd3a310a68950d37ff4f,21755,21776,21765,0.04596644449552656,True
64,16,group,CNN,rotation,resnet152,246afd885cc42f17d0542ab8af2cffb3cb92ae52c59dcd5db530a2e8a5585bac,64862,64926,64870,0.012333878079617833,True
64,16,group,CNN,rotation,resnet152,f77f7363edf9cc4c51b8f0ca98628bf72faaba0f3b37a71983d06b9b126327c1,64862,64926,63003,-2.8660849187505777,True
64,16,group,CNN,rotation,resnet152,0be7174a32f8afc5b06cfce53371ae764e25da696c35264cb958f0c02a6f94a5,64862,64926,64018,-1.3012241373994038,True
64,16,group,CNN,reflection,darknet19,4e6a318cbecaa0b40b01c4806c781c2807754d8d687c7507758b26363059ccbe,10639,10649,10639,0.0,True
64,16,group,CNN,reflection,darknet19,d2b4edaf847de75df6f893e09b36d9b3205e34f89845adc364b5379a301a0ee9,10639,10649,10623,-0.1503900742551023,True
64,16,group,CNN,reflection,darknet19,3c59733831dad005d00333550ece11ee81c36ed24784e891e77fef155812308e,10639,10649,10615,-0.22558511138265347,True
64,16,group,CNN,reflection,darknet19,7b1aad00c89913898afd87ee794fc562588c607cf6c9b9ab7425bcd716934220,10639,10649,10639,0.0,True
64,16,group,CNN,reflection,darknet19,181f6e04180b341b806c150c2f9aa3935ff18dd5721fdf9bacca3216138bbf54,10639,10649,10606,-0.31017952815114436,True
64,16,group,CNN,reflection,vgg19,33c482fe8766efaa486b11cb65c08f7802aa1b555a6c997946dfbde6eacf62be,46656,46702,46656,0.0,True
64,16,group,CNN,reflection,vgg19,4c6307aaa375da142440bd9f1fe6a77488531456fb953a8304830efbdc668e90,46656,46702,46698,0.09002057613167747,True
64,16,group,CNN,reflection,resnet50,3d4e251e4ffa1d09bc7b73056d88a3a06a49150220c6f11c33d634bed051161c,26385,26411,26393,0.03032025772218283,True
64,16,group,CNN,reflection,resnet50,21ae3bb1035e758f76e80ce4c9314691aea43489037aec68e328aaaa2217d48b,26385,26411,26393,0.03032025772218283,True
64,16,group,CNN,reflection,googlenet,d38d3c8b8e439cd8a5b04060d79375d96bb92ecd1de18333e5f4ac0003ff0305,10563,10573,10567,0.03786802991574412,True
64,16,group,CNN,reflection,resnet101,cde32a6af1910132ddc477685067db7dd22511ae4d86b0b1295248a90aa60d22,45372,45417,45380,0.017632019747870764,True
64,16,group,CNN,reflection,resnet101,0681da3d8753b48af5fa288831d48e1a834059a367c6af87f9e19cebc8c1e229,45372,45417,43995,-3.0349113991007703,True
64,16,group,CNN,reflection,resnet101,bb38885130386274ab126ba7375fa51f1a174eda5da250f44d7531c227e86a69,45372,45417,44941,-0.9499250639160683,True
64,16,group,CNN,reflection,densenet,e70be0560e70343cd9901530443c539c39a1c02e37055c20a3b90180676b16b4,21308,21329,21314,0.02815843814529817,True
64,16,group,CNN,reflection,inception_resnet_v1,caf872e256e62fba252c95b3cd3093ba22801499e557dfe841cba090ce7743dd,52378,52430,52386,0.015273588147701744,True
64,16,group,CNN,reflection,inception_resnet_v1,d6419d6867117e0c889968afe52ad955321b6aefcc81618e10830bdaae92174c,52378,52430,51108,-2.424682118446675,True
64,16,group,CNN,reflection,inception_resnet_v1,e13d18b0e84b940e62647172c4c7518fe99a83ad83420a483d9324877986cf8d,52378,52430,51217,-2.216579479934322,True
64,16,group,CNN,reflection,inception_resnet_v1,242113c32ea10f822c80931c73858d644b9d7e2f67b741dc8b34338418c60a78,52378,52430,51292,-2.073389591049679,True
64,16,group,CNN,reflection,inception_resnet_v1,9246241b5643d58bb1646f6ed50c69cd99eb880b1679533b22b0fab80ac38ab4,52378,52430,51387,-1.892015731795793,True
64,16,group,CNN,reflection,pnasnet,9f3437bf33553e5e3214f032d1923ca609010443d86045f5244c65efdb6d5143,208613,208821,208819,0.09874744143461012,True
64,16,group,CNN,reflection,resnext50,76f4f286242e919ebcb1561ba8090fbe4c048fcaff7d0c658e65c92b48322195,21755,21776,21763,0.03677315559642569,True
64,16,group,CNN,reflection,resnext50,50c739525db1e86c2a9c5ae47b4c12453cd1d409ea5ed38e2442dfa072be5ce7,21755,21776,21724,-0.1424959779361079,True
64,16,group,CNN,reflection,resnext50,8ef9512ab727e0632df275c43b7864d807fa98ee146d3b9b3b010844dca0df9b,21755,21776,21763,0.03677315559642569,True
64,16,group,CNN,reflection,resnext50,a1191d34f92f2675dc239ce4e9253cc4f874c91a780abd3a310a68950d37ff4f,21755,21776,21765,0.04596644449552656,True
64,16,group,CNN,reflection,resnet152,246afd885cc42f17d0542ab8af2cffb3cb92ae52c59dcd5db530a2e8a5585bac,64862,64926,64870,0.012333878079617833,True
64,16,group,CNN,reflection,resnet152,f77f7363edf9cc4c51b8f0ca98628bf72faaba0f3b37a71983d06b9b126327c1,64862,64926,63003,-2.8660849187505777,True
64,16,group,CNN,reflection,resnet152,0be7174a32f8afc5b06cfce53371ae764e25da696c35264cb958f0c02a6f94a5,64862,64926,64018,-1.3012241373994038,True
64,16,group,RNN,rotation,gnmt,9b6fd101f346d11c1cd89f984fe9b3a219da705e6c494195255a12f3d14688d9,15698,15713,15698,0.0,True
64,16,group,RNN,rotation,gnmt,fc77f273d5e3a998d3db2e65455e4913059061b31551ef4bd2806c56d5cf0ae2,15698,15713,15698,0.0,True
64,16,group,RNN,rotation,gnmt,f2188f2458d888cfd80c23efb9af893a0980d08de9b72efba8581d6299b3d805,15698,15713,15706,0.0509619059752886,True
64,16,group,RNN,rotation,gnmt,bea0d638895d90641a985fd49df699aafcc59e2020239a70161b45d29dc182d5,15698,15713,15698,0.0,True
64,16,group,RNN,rotation,gnmt,a00cd52417d155b0f442ab0f142a6a94199c2645f17edec6f72c0d7c813a6ff5,15698,15713,15698,0.0,True
64,16,group,RNN,rotation,lstm,71bae4bf271cdc9038e9d0c5b55a8832cafcca954cf3b01f32631c6adf8c88ea,15664,15679,15672,0.05107252298264253,True
64,16,group,RNN,rotation,lstm,5d0d8eb5ab37806b97852d73aa6e7a94679be729c4dc021d6bf6b3ff537dfabb,15664,15679,15664,0.0,True
64,16,group,RNN,rotation,lstm,635d23a1bcd435e6675742825f2b8162915e077be4e373fe2131cc84604719fe,15664,15679,15664,0.0,True
64,16,group,RNN,rotation,lstm,7542d78b26f5c7ee65c159ce63cafcd643cb9394d8e615e3bdbafb7a40e6a5e9,15664,15679,15664,0.0,True
64,16,group,RNN,rotation,lstm,03420388fdebce80e878eb71ceed94233eb3a2c0c15cf9cbd6043120e7aecc0f,15664,15679,15672,0.05107252298264253,True
64,16,group,RNN,reflection,gnmt,9b6fd101f346d11c1cd89f984fe9b3a219da705e6c494195255a12f3d14688d9,15698,15713,15698,0.0,True
64,16,group,RNN,reflection,gnmt,fc77f273d5e3a998d3db2e65455e4913059061b31551ef4bd2806c56d5cf0ae2,15698,15713,15698,0.0,True
64,16,group,RNN,reflection,gnmt,f2188f2458d888cfd80c23efb9af893a0980d08de9b72efba8581d6299b3d805,15698,15713,15706,0.0509619059752886,True
64,16,group,RNN,reflection,gnmt,bea0d638895d90641a985fd49df699aafcc59e2020239a70161b45d29dc182d5,15698,15713,15698,0.0,True
64,16,group,RNN,reflection,gnmt,a00cd52417d155b0f442ab0f142a6a94199c2645f17edec6f72c0d7c813a6ff5,15698,15713,15698,0.0,True
64,16,group,RNN,reflection,lstm,71bae4bf271cdc9038e9d0c5b55a8832cafcca954cf3b01f32631c6adf8c88ea,15664,15679,15672,0.05107252298264253,True
64,16,group,RNN,reflection,lstm,5d0d8eb5ab37806b97852d73aa6e7a94679be729c4dc021d6bf6b3ff537dfabb,15664,15679,15664,0.0,True
64,16,group,RNN,reflection,lstm,635d23a1bcd435e6675742825f2b8162915e077be4e373fe2131cc84604719fe,15664,15679,15664,0.0,True
64,16,group,RNN,reflection,lstm,7542d78b26f5c7ee65c159ce63cafcd643cb9394d8e615e3bdbafb7a40e6a5e9,15664,15679,15664,0.0,True
64,16,group,RNN,reflection,lstm,03420388fdebce80e878eb71ceed94233eb3a2c0c15cf9cbd6043120e7aecc0f,15664,15679,15672,0.05107252298264253,True
64,16,group,Transformer,rotation,transformer,87815df5b1464e4d6b645f1fdbb5b83a0344df4db81804fab830c1ba50df33e1,161240,161401,161381,0.08744728355247755,True
64,16,group,Transformer,rotation,transformer_cell,803a9c2bbadda0482e26add06d2adcd6d1e56da8daf5f9f1f03d99eadae7465e,27642,27669,27661,0.06873598147745241,True
64,16,group,Transformer,rotation,transformer_cell,2d9827e3768de0f8f5546756fa50580e1c6d08d4946ba3a592540052b120893b,27642,27669,27668,0.09405976412706352,True
64,16,group,Transformer,rotation,bert_block,e35ac4b16302b28f18ba4cfb2c0a0d872f83073a0c88bb38ccce5d904027d7fd,19679,19698,19679,0.0,True
64,16,group,Transformer,rotation,bert_block,622e92a08acb363f6b8f648cba8d5c40cc77cac6e75a05ee3aa7bb2c8a070586,19679,19698,19604,-0.3811169266731085,True
64,16,group,Transformer,rotation,bert_block,9924000287e1602a94c1e66aca6722440a79a5949cf8e235ed51b004242ccf06,19679,19698,19627,-0.26424106916002055,True
64,16,group,Transformer,rotation,bert_block,e523cc89220ccc72776bd56ce1da0c1f0f5913d7b3c52eab3cd92c1ddd388706,19679,19698,19545,-0.6809289089892756,True
64,16,group,Transformer,rotation,bert_block,5af520fb059f39e11281e797fc31563abb6d0d739f25cbde013f3d2118427ba5,19679,19698,19649,-0.1524467706692456,True
64,16,group,Transformer,rotation,gpt_prefill_block,7c60e8e7f62deded8b1a0fa054ec9a837536e3ce7f18e7ba8c410c99cd9748f6,35072,35107,35072,0.0,True
64,16,group,Transformer,rotation,gpt_prefill_block,a134204802b6e8f96313190d998e81cae5cd32a81cc8694881205c974fb822de,35072,35107,34984,-0.2509124087591186,True
64,16,group,Transformer,rotation,gpt_prefill_block,3f828be6acc622a6417266e25a05b4a398e6f5cac88db5f111310fdec62fa732,35072,35107,35010,-0.1767791970802901,True
64,16,group,Transformer,rotation,gpt_prefill_block,7655b9b2dde17284392ac217e4f02aead795fd5835862b84c30bb3deff9b8a6c,35072,35107,35055,-0.04847171532846861,True
64,16,group,Transformer,rotation,gpt_prefill_block,735db2e513b2fde0d661a197ec97c3bfea1f98e2f8626d4aca4848d1baf2cd18,35072,35107,35105,0.09409215328466392,True
64,16,group,Transformer,rotation,gpt_decode_block,268afe6a5efe661fba581dbd44a165b2737e8958b7d22b92024e6a8acf6d214e,6177,6183,6177,0.0,True
64,16,group,Transformer,rotation,gpt_decode_block,14991e7b3e42b8fd03cccc809d0728eb6092f012db1e7ab9a0528fa369945126,6177,6183,6177,0.0,True
64,16,group,Transformer,rotation,gpt_decode_block,1525719ca58e30919d1c319972326c030a0f1dee2f8298b036359c040753c005,6177,6183,6177,0.0,True
64,16,group,Transformer,rotation,gpt_decode_block,410eceb5acef9a232e251ac248ceeffd93263f528014287e924655065f01cc2c,6177,6183,6177,0.0,True
64,16,group,Transformer,rotation,gpt_decode_block,aaabd81df079b738f3941e14380566335f4af557563603b9e28aff9d6b9a1971,6177,6183,6177,0.0,True
64,16,group,Transformer,reflection,transformer,87815df5b1464e4d6b645f1fdbb5b83a0344df4db81804fab830c1ba50df33e1,161240,161401,161386,0.09054825105432318,True
64,16,group,Transformer,reflection,transformer_cell,803a9c2bbadda0482e26add06d2adcd6d1e56da8daf5f9f1f03d99eadae7465e,27642,27669,27661,0.06873598147745241,True
64,16,group,Transformer,reflection,transformer_cell,2d9827e3768de0f8f5546756fa50580e1c6d08d4946ba3a592540052b120893b,27642,27669,27668,0.09405976412706352,True
64,16,group,Transformer,reflection,bert_block,e35ac4b16302b28f18ba4cfb2c0a0d872f83073a0c88bb38ccce5d904027d7fd,19679,19698,19679,0.0,True
64,16,group,Transformer,reflection,bert_block,622e92a08acb363f6b8f648cba8d5c40cc77cac6e75a05ee3aa7bb2c8a070586,19679,19698,19604,-0.3811169266731085,True
64,16,group,Transformer,reflection,bert_block,9924000287e1602a94c1e66aca6722440a79a5949cf8e235ed51b004242ccf06,19679,19698,19627,-0.26424106916002055,True
64,16,group,Transformer,reflection,bert_block,e523cc89220ccc72776bd56ce1da0c1f0f5913d7b3c52eab3cd92c1ddd388706,19679,19698,19545,-0.6809289089892756,True
64,16,group,Transformer,reflection,bert_block,5af520fb059f39e11281e797fc31563abb6d0d739f25cbde013f3d2118427ba5,19679,19698,19649,-0.1524467706692456,True
64,16,group,Transformer,reflection,gpt_prefill_block,7c60e8e7f62deded8b1a0fa054ec9a837536e3ce7f18e7ba8c410c99cd9748f6,35072,35107,35072,0.0,True
64,16,group,Transformer,reflection,gpt_prefill_block,a134204802b6e8f96313190d998e81cae5cd32a81cc8694881205c974fb822de,35072,35107,35015,-0.16252281021897907,True
64,16,group,Transformer,reflection,gpt_prefill_block,3f828be6acc622a6417266e25a05b4a398e6f5cac88db5f111310fdec62fa732,35072,35107,35073,0.0028512773722733087,True
64,16,group,Transformer,reflection,gpt_prefill_block,7655b9b2dde17284392ac217e4f02aead795fd5835862b84c30bb3deff9b8a6c,35072,35107,35063,-0.025661496350359858,True
64,16,group,Transformer,reflection,gpt_prefill_block,735db2e513b2fde0d661a197ec97c3bfea1f98e2f8626d4aca4848d1baf2cd18,35072,35107,35105,0.09409215328466392,True
64,16,group,Transformer,reflection,gpt_decode_block,268afe6a5efe661fba581dbd44a165b2737e8958b7d22b92024e6a8acf6d214e,6177,6183,6177,0.0,True
64,16,group,Transformer,reflection,gpt_decode_block,14991e7b3e42b8fd03cccc809d0728eb6092f012db1e7ab9a0528fa369945126,6177,6183,6177,0.0,True
64,16,group,Transformer,reflection,gpt_decode_block,1525719ca58e30919d1c319972326c030a0f1dee2f8298b036359c040753c005,6177,6183,6177,0.0,True
64,16,group,Transformer,reflection,gpt_decode_block,410eceb5acef9a232e251ac248ceeffd93263f528014287e924655065f01cc2c,6177,6183,6177,0.0,True
64,16,group,Transformer,reflection,gpt_decode_block,aaabd81df079b738f3941e14380566335f4af557563603b9e28aff9d6b9a1971,6177,6183,6177,0.0,True
64,16,all,ALL17,rotation,darknet19,4e6a318cbecaa0b40b01c4806c781c2807754d8d687c7507758b26363059ccbe,10639,10649,10639,0.0,True
64,16,all,ALL17,rotation,darknet19,d2b4edaf847de75df6f893e09b36d9b3205e34f89845adc364b5379a301a0ee9,10639,10649,10623,-0.1503900742551023,True
64,16,all,ALL17,rotation,darknet19,3c59733831dad005d00333550ece11ee81c36ed24784e891e77fef155812308e,10639,10649,10615,-0.22558511138265347,True
64,16,all,ALL17,rotation,darknet19,7b1aad00c89913898afd87ee794fc562588c607cf6c9b9ab7425bcd716934220,10639,10649,10639,0.0,True
64,16,all,ALL17,rotation,darknet19,181f6e04180b341b806c150c2f9aa3935ff18dd5721fdf9bacca3216138bbf54,10639,10649,10606,-0.31017952815114436,True
64,16,all,ALL17,rotation,vgg19,33c482fe8766efaa486b11cb65c08f7802aa1b555a6c997946dfbde6eacf62be,46656,46702,46656,0.0,True
64,16,all,ALL17,rotation,vgg19,4c6307aaa375da142440bd9f1fe6a77488531456fb953a8304830efbdc668e90,46656,46702,46698,0.09002057613167747,True
64,16,all,ALL17,rotation,resnet50,3d4e251e4ffa1d09bc7b73056d88a3a06a49150220c6f11c33d634bed051161c,26385,26411,26393,0.03032025772218283,True
64,16,all,ALL17,rotation,resnet50,21ae3bb1035e758f76e80ce4c9314691aea43489037aec68e328aaaa2217d48b,26385,26411,26393,0.03032025772218283,True
64,16,all,ALL17,rotation,googlenet,d38d3c8b8e439cd8a5b04060d79375d96bb92ecd1de18333e5f4ac0003ff0305,10563,10573,10564,0.009467007478924927,True
64,16,all,ALL17,rotation,resnet101,cde32a6af1910132ddc477685067db7dd22511ae4d86b0b1295248a90aa60d22,45372,45417,45380,0.017632019747870764,True
64,16,all,ALL17,rotation,resnet101,0681da3d8753b48af5fa288831d48e1a834059a367c6af87f9e19cebc8c1e229,45372,45417,44003,-3.0172793793528996,True
64,16,all,ALL17,rotation,resnet101,bb38885130386274ab126ba7375fa51f1a174eda5da250f44d7531c227e86a69,45372,45417,44950,-0.9300890416997221,True
64,16,all,ALL17,rotation,densenet,e70be0560e70343cd9901530443c539c39a1c02e37055c20a3b90180676b16b4,21308,21329,21312,0.018772292096858045,True
64,16,all,ALL17,rotation,inception_resnet_v1,caf872e256e62fba252c95b3cd3093ba22801499e557dfe841cba090ce7743dd,52378,52430,52382,0.007636794073850872,True
64,16,all,ALL17,rotation,inception_resnet_v1,d6419d6867117e0c889968afe52ad955321b6aefcc81618e10830bdaae92174c,52378,52430,50900,-2.821795410286765,True
64,16,all,ALL17,rotation,inception_resnet_v1,e13d18b0e84b940e62647172c4c7518fe99a83ad83420a483d9324877986cf8d,52378,52430,51185,-2.2776738325251067,True
64,16,all,ALL17,rotation,inception_resnet_v1,242113c32ea10f822c80931c73858d644b9d7e2f67b741dc8b34338418c60a78,52378,52430,51226,-2.199396693268163,True
64,16,all,ALL17,rotation,inception_resnet_v1,9246241b5643d58bb1646f6ed50c69cd99eb880b1679533b22b0fab80ac38ab4,52378,52430,51419,-1.8309213792050083,True
64,16,all,ALL17,rotation,gnmt,9b6fd101f346d11c1cd89f984fe9b3a219da705e6c494195255a12f3d14688d9,15698,15713,15698,0.0,True
64,16,all,ALL17,rotation,gnmt,fc77f273d5e3a998d3db2e65455e4913059061b31551ef4bd2806c56d5cf0ae2,15698,15713,15698,0.0,True
64,16,all,ALL17,rotation,gnmt,f2188f2458d888cfd80c23efb9af893a0980d08de9b72efba8581d6299b3d805,15698,15713,15706,0.0509619059752886,True
64,16,all,ALL17,rotation,gnmt,bea0d638895d90641a985fd49df699aafcc59e2020239a70161b45d29dc182d5,15698,15713,15698,0.0,True
64,16,all,ALL17,rotation,gnmt,a00cd52417d155b0f442ab0f142a6a94199c2645f17edec6f72c0d7c813a6ff5,15698,15713,15698,0.0,True
64,16,all,ALL17,rotation,lstm,71bae4bf271cdc9038e9d0c5b55a8832cafcca954cf3b01f32631c6adf8c88ea,15664,15679,15664,0.0,True
64,16,all,ALL17,rotation,lstm,5d0d8eb5ab37806b97852d73aa6e7a94679be729c4dc021d6bf6b3ff537dfabb,15664,15679,15664,0.0,True
64,16,all,ALL17,rotation,lstm,635d23a1bcd435e6675742825f2b8162915e077be4e373fe2131cc84604719fe,15664,15679,15664,0.0,True
64,16,all,ALL17,rotation,lstm,7542d78b26f5c7ee65c159ce63cafcd643cb9394d8e615e3bdbafb7a40e6a5e9,15664,15679,15664,0.0,True
64,16,all,ALL17,rotation,lstm,03420388fdebce80e878eb71ceed94233eb3a2c0c15cf9cbd6043120e7aecc0f,15664,15679,15664,0.0,True
64,16,all,ALL17,rotation,transformer,87815df5b1464e4d6b645f1fdbb5b83a0344df4db81804fab830c1ba50df33e1,161240,161401,161298,0.03597122302159139,True
64,16,all,ALL17,rotation,transformer_cell,803a9c2bbadda0482e26add06d2adcd6d1e56da8daf5f9f1f03d99eadae7465e,27642,27669,27646,0.014470732942628572,True
64,16,all,ALL17,rotation,transformer_cell,2d9827e3768de0f8f5546756fa50580e1c6d08d4946ba3a592540052b120893b,27642,27669,27660,0.06511829824180637,True
64,16,all,ALL17,rotation,pnasnet,9f3437bf33553e5e3214f032d1923ca609010443d86045f5244c65efdb6d5143,208613,208821,208816,0.0973093718991569,True
64,16,all,ALL17,rotation,resnext50,76f4f286242e919ebcb1561ba8090fbe4c048fcaff7d0c658e65c92b48322195,21755,21776,21764,0.04136980004596502,True
64,16,all,ALL17,rotation,resnext50,50c739525db1e86c2a9c5ae47b4c12453cd1d409ea5ed38e2442dfa072be5ce7,21755,21776,21729,-0.11951275568834463,True
64,16,all,ALL17,rotation,resnext50,8ef9512ab727e0632df275c43b7864d807fa98ee146d3b9b3b010844dca0df9b,21755,21776,21764,0.04136980004596502,True
64,16,all,ALL17,rotation,resnext50,a1191d34f92f2675dc239ce4e9253cc4f874c91a780abd3a310a68950d37ff4f,21755,21776,21759,0.018386577798201742,True
64,16,all,ALL17,rotation,resnet152,246afd885cc42f17d0542ab8af2cffb3cb92ae52c59dcd5db530a2e8a5585bac,64862,64926,64879,0.026209490919182343,True
64,16,all,ALL17,rotation,resnet152,f77f7363edf9cc4c51b8f0ca98628bf72faaba0f3b37a71983d06b9b126327c1,64862,64926,63007,-2.8599179797107688,True
64,16,all,ALL17,rotation,resnet152,0be7174a32f8afc5b06cfce53371ae764e25da696c35264cb958f0c02a6f94a5,64862,64926,64035,-1.2750146464802214,True
64,16,all,ALL17,rotation,bert_block,e35ac4b16302b28f18ba4cfb2c0a0d872f83073a0c88bb38ccce5d904027d7fd,19679,19698,19679,0.0,True
64,16,all,ALL17,rotation,bert_block,622e92a08acb363f6b8f648cba8d5c40cc77cac6e75a05ee3aa7bb2c8a070586,19679,19698,19604,-0.3811169266731085,True
64,16,all,ALL17,rotation,bert_block,9924000287e1602a94c1e66aca6722440a79a5949cf8e235ed51b004242ccf06,19679,19698,19627,-0.26424106916002055,True
64,16,all,ALL17,rotation,bert_block,e523cc89220ccc72776bd56ce1da0c1f0f5913d7b3c52eab3cd92c1ddd388706,19679,19698,19545,-0.6809289089892756,True
64,16,all,ALL17,rotation,bert_block,5af520fb059f39e11281e797fc31563abb6d0d739f25cbde013f3d2118427ba5,19679,19698,19587,-0.46750343005234063,True
64,16,all,ALL17,rotation,gpt_prefill_block,7c60e8e7f62deded8b1a0fa054ec9a837536e3ce7f18e7ba8c410c99cd9748f6,35072,35107,35072,0.0,True
64,16,all,ALL17,rotation,gpt_prefill_block,a134204802b6e8f96313190d998e81cae5cd32a81cc8694881205c974fb822de,35072,35107,34900,-0.49041970802919943,True
64,16,all,ALL17,rotation,gpt_prefill_block,3f828be6acc622a6417266e25a05b4a398e6f5cac88db5f111310fdec62fa732,35072,35107,34868,-0.5816605839416011,True
64,16,all,ALL17,rotation,gpt_prefill_block,7655b9b2dde17284392ac217e4f02aead795fd5835862b84c30bb3deff9b8a6c,35072,35107,34838,-0.6671989051094895,True
64,16,all,ALL17,rotation,gpt_prefill_block,735db2e513b2fde0d661a197ec97c3bfea1f98e2f8626d4aca4848d1baf2cd18,35072,35107,35105,0.09409215328466392,True
64,16,all,ALL17,rotation,gpt_decode_block,268afe6a5efe661fba581dbd44a165b2737e8958b7d22b92024e6a8acf6d214e,6177,6183,6177,0.0,True
64,16,all,ALL17,rotation,gpt_decode_block,14991e7b3e42b8fd03cccc809d0728eb6092f012db1e7ab9a0528fa369945126,6177,6183,6177,0.0,True
64,16,all,ALL17,rotation,gpt_decode_block,1525719ca58e30919d1c319972326c030a0f1dee2f8298b036359c040753c005,6177,6183,6177,0.0,True
64,16,all,ALL17,rotation,gpt_decode_block,410eceb5acef9a232e251ac248ceeffd93263f528014287e924655065f01cc2c,6177,6183,6177,0.0,True
64,16,all,ALL17,rotation,gpt_decode_block,aaabd81df079b738f3941e14380566335f4af557563603b9e28aff9d6b9a1971,6177,6183,6177,0.0,True
64,16,all,ALL17,reflection,darknet19,4e6a318cbecaa0b40b01c4806c781c2807754d8d687c7507758b26363059ccbe,10639,10649,10639,0.0,True
64,16,all,ALL17,reflection,darknet19,d2b4edaf847de75df6f893e09b36d9b3205e34f89845adc364b5379a301a0ee9,10639,10649,10623,-0.1503900742551023,True
64,16,all,ALL17,reflection,darknet19,3c59733831dad005d00333550ece11ee81c36ed24784e891e77fef155812308e,10639,10649,10615,-0.22558511138265347,True
64,16,all,ALL17,reflection,darknet19,7b1aad00c89913898afd87ee794fc562588c607cf6c9b9ab7425bcd716934220,10639,10649,10639,0.0,True
64,16,all,ALL17,reflection,darknet19,181f6e04180b341b806c150c2f9aa3935ff18dd5721fdf9bacca3216138bbf54,10639,10649,10606,-0.31017952815114436,True
64,16,all,ALL17,reflection,vgg19,33c482fe8766efaa486b11cb65c08f7802aa1b555a6c997946dfbde6eacf62be,46656,46702,46656,0.0,True
64,16,all,ALL17,reflection,vgg19,4c6307aaa375da142440bd9f1fe6a77488531456fb953a8304830efbdc668e90,46656,46702,46698,0.09002057613167747,True
64,16,all,ALL17,reflection,resnet50,3d4e251e4ffa1d09bc7b73056d88a3a06a49150220c6f11c33d634bed051161c,26385,26411,26393,0.03032025772218283,True
64,16,all,ALL17,reflection,resnet50,21ae3bb1035e758f76e80ce4c9314691aea43489037aec68e328aaaa2217d48b,26385,26411,26393,0.03032025772218283,True
64,16,all,ALL17,reflection,googlenet,d38d3c8b8e439cd8a5b04060d79375d96bb92ecd1de18333e5f4ac0003ff0305,10563,10573,10564,0.009467007478924927,True
64,16,all,ALL17,reflection,resnet101,cde32a6af1910132ddc477685067db7dd22511ae4d86b0b1295248a90aa60d22,45372,45417,45380,0.017632019747870764,True
64,16,all,ALL17,reflection,resnet101,0681da3d8753b48af5fa288831d48e1a834059a367c6af87f9e19cebc8c1e229,45372,45417,44003,-3.0172793793528996,True
64,16,all,ALL17,reflection,resnet101,bb38885130386274ab126ba7375fa51f1a174eda5da250f44d7531c227e86a69,45372,45417,44950,-0.9300890416997221,True
64,16,all,ALL17,reflection,densenet,e70be0560e70343cd9901530443c539c39a1c02e37055c20a3b90180676b16b4,21308,21329,21312,0.018772292096858045,True
64,16,all,ALL17,reflection,inception_resnet_v1,caf872e256e62fba252c95b3cd3093ba22801499e557dfe841cba090ce7743dd,52378,52430,52382,0.007636794073850872,True
64,16,all,ALL17,reflection,inception_resnet_v1,d6419d6867117e0c889968afe52ad955321b6aefcc81618e10830bdaae92174c,52378,52430,50916,-2.7912482339913725,True
64,16,all,ALL17,reflection,inception_resnet_v1,e13d18b0e84b940e62647172c4c7518fe99a83ad83420a483d9324877986cf8d,52378,52430,51201,-2.2471266562297143,True
64,16,all,ALL17,reflection,inception_resnet_v1,242113c32ea10f822c80931c73858d644b9d7e2f67b741dc8b34338418c60a78,52378,52430,51226,-2.199396693268163,True
64,16,all,ALL17,reflection,inception_resnet_v1,9246241b5643d58bb1646f6ed50c69cd99eb880b1679533b22b0fab80ac38ab4,52378,52430,51425,-1.819466188094243,True
64,16,all,ALL17,reflection,gnmt,9b6fd101f346d11c1cd89f984fe9b3a219da705e6c494195255a12f3d14688d9,15698,15713,15698,0.0,True
64,16,all,ALL17,reflection,gnmt,fc77f273d5e3a998d3db2e65455e4913059061b31551ef4bd2806c56d5cf0ae2,15698,15713,15698,0.0,True
64,16,all,ALL17,reflection,gnmt,f2188f2458d888cfd80c23efb9af893a0980d08de9b72efba8581d6299b3d805,15698,15713,15706,0.0509619059752886,True
64,16,all,ALL17,reflection,gnmt,bea0d638895d90641a985fd49df699aafcc59e2020239a70161b45d29dc182d5,15698,15713,15698,0.0,True
64,16,all,ALL17,reflection,gnmt,a00cd52417d155b0f442ab0f142a6a94199c2645f17edec6f72c0d7c813a6ff5,15698,15713,15698,0.0,True
64,16,all,ALL17,reflection,lstm,71bae4bf271cdc9038e9d0c5b55a8832cafcca954cf3b01f32631c6adf8c88ea,15664,15679,15664,0.0,True
64,16,all,ALL17,reflection,lstm,5d0d8eb5ab37806b97852d73aa6e7a94679be729c4dc021d6bf6b3ff537dfabb,15664,15679,15664,0.0,True
64,16,all,ALL17,reflection,lstm,635d23a1bcd435e6675742825f2b8162915e077be4e373fe2131cc84604719fe,15664,15679,15664,0.0,True
64,16,all,ALL17,reflection,lstm,7542d78b26f5c7ee65c159ce63cafcd643cb9394d8e615e3bdbafb7a40e6a5e9,15664,15679,15664,0.0,True
64,16,all,ALL17,reflection,lstm,03420388fdebce80e878eb71ceed94233eb3a2c0c15cf9cbd6043120e7aecc0f,15664,15679,15664,0.0,True
64,16,all,ALL17,reflection,transformer,87815df5b1464e4d6b645f1fdbb5b83a0344df4db81804fab830c1ba50df33e1,161240,161401,161298,0.03597122302159139,True
64,16,all,ALL17,reflection,transformer_cell,803a9c2bbadda0482e26add06d2adcd6d1e56da8daf5f9f1f03d99eadae7465e,27642,27669,27646,0.014470732942628572,True
64,16,all,ALL17,reflection,transformer_cell,2d9827e3768de0f8f5546756fa50580e1c6d08d4946ba3a592540052b120893b,27642,27669,27660,0.06511829824180637,True
64,16,all,ALL17,reflection,pnasnet,9f3437bf33553e5e3214f032d1923ca609010443d86045f5244c65efdb6d5143,208613,208821,208816,0.0973093718991569,True
64,16,all,ALL17,reflection,resnext50,76f4f286242e919ebcb1561ba8090fbe4c048fcaff7d0c658e65c92b48322195,21755,21776,21764,0.04136980004596502,True
64,16,all,ALL17,reflection,resnext50,50c739525db1e86c2a9c5ae47b4c12453cd1d409ea5ed38e2442dfa072be5ce7,21755,21776,21729,-0.11951275568834463,True
64,16,all,ALL17,reflection,resnext50,8ef9512ab727e0632df275c43b7864d807fa98ee146d3b9b3b010844dca0df9b,21755,21776,21764,0.04136980004596502,True
64,16,all,ALL17,reflection,resnext50,a1191d34f92f2675dc239ce4e9253cc4f874c91a780abd3a310a68950d37ff4f,21755,21776,21759,0.018386577798201742,True
64,16,all,ALL17,reflection,resnet152,246afd885cc42f17d0542ab8af2cffb3cb92ae52c59dcd5db530a2e8a5585bac,64862,64926,64879,0.026209490919182343,True
64,16,all,ALL17,reflection,resnet152,f77f7363edf9cc4c51b8f0ca98628bf72faaba0f3b37a71983d06b9b126327c1,64862,64926,63007,-2.8599179797107688,True
64,16,all,ALL17,reflection,resnet152,0be7174a32f8afc5b06cfce53371ae764e25da696c35264cb958f0c02a6f94a5,64862,64926,64035,-1.2750146464802214,True
64,16,all,ALL17,reflection,bert_block,e35ac4b16302b28f18ba4cfb2c0a0d872f83073a0c88bb38ccce5d904027d7fd,19679,19698,19679,0.0,True
64,16,all,ALL17,reflection,bert_block,622e92a08acb363f6b8f648cba8d5c40cc77cac6e75a05ee3aa7bb2c8a070586,19679,19698,19604,-0.3811169266731085,True
64,16,all,ALL17,reflection,bert_block,9924000287e1602a94c1e66aca6722440a79a5949cf8e235ed51b004242ccf06,19679,19698,19549,-0.6606026729000458,True
64,16,all,ALL17,reflection,bert_block,e523cc89220ccc72776bd56ce1da0c1f0f5913d7b3c52eab3cd92c1ddd388706,19679,19698,19545,-0.6809289089892756,True
64,16,all,ALL17,reflection,bert_block,5af520fb059f39e11281e797fc31563abb6d0d739f25cbde013f3d2118427ba5,19679,19698,19587,-0.46750343005234063,True
64,16,all,ALL17,reflection,gpt_prefill_block,7c60e8e7f62deded8b1a0fa054ec9a837536e3ce7f18e7ba8c410c99cd9748f6,35072,35107,35072,0.0,True
64,16,all,ALL17,reflection,gpt_prefill_block,a134204802b6e8f96313190d998e81cae5cd32a81cc8694881205c974fb822de,35072,35107,34900,-0.49041970802919943,True
64,16,all,ALL17,reflection,gpt_prefill_block,3f828be6acc622a6417266e25a05b4a398e6f5cac88db5f111310fdec62fa732,35072,35107,35030,-0.11975364963503488,True
64,16,all,ALL17,reflection,gpt_prefill_block,7655b9b2dde17284392ac217e4f02aead795fd5835862b84c30bb3deff9b8a6c,35072,35107,34838,-0.6671989051094895,True
64,16,all,ALL17,reflection,gpt_prefill_block,735db2e513b2fde0d661a197ec97c3bfea1f98e2f8626d4aca4848d1baf2cd18,35072,35107,35105,0.09409215328466392,True
64,16,all,ALL17,reflection,gpt_decode_block,268afe6a5efe661fba581dbd44a165b2737e8958b7d22b92024e6a8acf6d214e,6177,6183,6177,0.0,True
64,16,all,ALL17,reflection,gpt_decode_block,14991e7b3e42b8fd03cccc809d0728eb6092f012db1e7ab9a0528fa369945126,6177,6183,6177,0.0,True
64,16,all,ALL17,reflection,gpt_decode_block,1525719ca58e30919d1c319972326c030a0f1dee2f8298b036359c040753c005,6177,6183,6177,0.0,True
64,16,all,ALL17,reflection,gpt_decode_block,410eceb5acef9a232e251ac248ceeffd93263f528014287e924655065f01cc2c,6177,6183,6177,0.0,True
64,16,all,ALL17,reflection,gpt_decode_block,aaabd81df079b738f3941e14380566335f4af557563603b9e28aff9d6b9a1971,6177,6183,6177,0.0,True
