workload,chiplets,cores_per_chiplet,channels_per_port,mesh,orientation,capacity_Bpc,baseline1_Bpc,baseline2_Bpc,reduction_Bpc,reduction_pct,b1_reduction_Bpc,b1_reduction_pct,revision_status,source,mapping,optimality
CNN_common,4,16,1,2 × 2,rotation_and_reflection,4096,8192.0,4096.0,0.0,0.0,4096.0,50.0,validated_reflection,/home/yj3616/workspace/phd-research/research-notes/max-resource-sweep-20260928/reflection-sweep-20261001/cases/ch1/c4-k16/CNN_common/a6d895f01dda0e936da0/design.json,"277c53206e57cb9a3830943618268c0a0b089e983013fa5316165263087a0e17,c30dbdea79d46f37f3aa59fabb15db577835ba29ebb81f168820bdb868ba6acb,f187202e0c402743cc08c45081313bba376413bdc51c48e552cb72884da3a52a,7722c5fb322e4e02bf0fa7ff6b9319e5b7ada1e88cc73d060ff7c41482b9896f,e6ed0e1e956114c0950c02ef503961141646cb811fd11c74a3898fc5be592c76,8f0d53b6f50a13129e8a05522991d932b8b3ed585edad9534357507643c2460e,5b312ea2b314db1e4be9c916e141d81334ec740ea3b7a25611405f9d87614734,8d34de3c59b4333616742d5d7a4a1ea6202c5824af4203dd83c812202be41bd5,13c374b668ef57bd59614e958e7ab4180114439210568eb7ce85a5edd7f7458a,a0e629f90ee30a09792aeb0a5ac25f795a4aa8f879c03478806d3ea3d9e9829c",Exact enumeration of 16 legal rotation/reflection assignments for fixed mappings and certified channel requirements.
CNN_common,4,4,1,2 × 2,rotation_and_reflection,2816,5632.0,2816.0,0.0,0.0,2816.0,50.0,validated_reflection,/home/yj3616/workspace/phd-research/research-notes/max-resource-sweep-20260928/reflection-sweep-20261001/cases/ch1/c4-k4/CNN_common/89275984b6f5a2d212f5/design.json,"c8dae38e1c0701426ade5c1cbdb18cb0cbff949b973cf13966ac2d7d748fba48,c0bde89c849c175f4db02935afc0673479893acff9b135e9bc85817397f3b024,d813e7147dc788404e850a56735c18a7445b7f13536304e4636c4ef10ec53175,3e76f28148605051edf6024110dc77018bf93e7c123dd1ce340f13d4582c7d9a,12334d8991a33f9b111aff7c9394f6c291e420aeea00a6d0496713921bb85ff6,73c6ac41ab3afa350092e5fc3751abb0bb02171de8ca4fe52aba2ba348723792,e61d36c41987f7489b368fafa9dce9a9ca840e143b2fedd7458ab9980934be7b,7d2fc8d23ae869421dda388b8c7e0d82e2027b4b52d011eb646a04e88405d035,f2ed033d0c9af68d342a8de56db74e1961c6f95da81fdacdd03e477efc180bf4,132120595e5b00bb0f1ce1872dcec3f1b19379c46aba260c7029da42475552d8",Exact enumeration of 16 legal rotation/reflection assignments for fixed mappings and certified channel requirements.
CNN_common,4,1,1,2 × 2,rotation_and_reflection,2048,4096.0,2048.0,0.0,0.0,2048.0,50.0,validated_reflection,/home/yj3616/workspace/phd-research/research-notes/max-resource-sweep-20260928/reflection-sweep-20261001/cases/ch1/c4-k1/CNN_common/7be1512b71a529d9f11b/design.json,"d8fb40f3f52c55f679d0f5730c4bfde80334a8dc71ed209273778d99cbf9ef28,ad3cbd66308a6ace8ed1a3028169e665b29fb08ce3f875e1bf1b5a3af16782e7,ef5edf384c3770458ce8524b4a37176e638c1a331504170a061bcba67c5c59dd,6db76f18deb0932b9091398af954576adbf02f684f8addcd2895934ef133963d,0bc89f79efa6378714afc46f4811e3b14759597bc08d99a5684c8c7c4db15c0f,6848cb322aa40a0650b30313bf8fd57a685bf62f926e9cbeeb9a6dc26a2f2d10,d14a1e7a73b78450832653b307d0a7ab6b7d2c06fcb46db1802be6004ec30027,64293fa01462e878fcec02fcb1fc10d538ec8414839c8ed96416ca4aa4875ce6,88dd3d2241c48536b4c04c2e0b76b9105c8baa536bbf90f4d754ef8aa5cc4dd8,234b1d0bddccda4c4ed378c4cbcafaec7a24eb6cd2572bcbb5ae2398fce6ebf2",Exact enumeration of 16 legal rotation/reflection assignments for fixed mappings and certified channel requirements.
CNN_common,8,16,1,2 × 4,rotation_and_reflection,9152,16384.0,10240.0,1088.0,10.625,7232.0,44.140625,validated_reflection,/home/yj3616/workspace/phd-research/research-notes/max-resource-sweep-20260928/reflection-sweep-20261001/cases/ch1/c8-k16/CNN_common/6fb24f06faaea108c36e/design.json,"49108511b50fecb7282786880ca71627a2f17b2b87a3db2137ab615bf9d67f4a,0d90e1061a5a979ef4305818bfcb26b6949a77570b05cf919cf29fac49dea601,b2ea44bd03d6040e6fb587ac3518dfb960939d978393688e2088ca4e2916ae1f,e193b7f7c1742c9e3744782f06d0b546bcc1ace4c0c0889cba15cdcf683729c9,3c14072e0f2155942dbfb4476228d8119862dfeba00e05cc02975132bfec3494,a2ddef368bae0a6571cdb3bd10407a3f735d47b2675cba119de91644b8ca03f9,fc8a3a65ffd03d88319b7e330993fc5d2a4dcdb8576d33d5e69db16359946afd,d56658122b516996806544b0799d1d154689e1aa4105231b159e4c67522d4080,75b46bcf3f6deeda1983e9266fb00d9a5c6ab3b0d3c52862c1ba88dc082ee346,dd479914e8cb82a47a7d5fec468294a85090112da44a1425349683b1811ebbf5","Three-start orientation coordinate search, at most eight passes per start; exact template sizing for each orientation under certified requirements; not global optimum."
CNN_common,8,4,1,2 × 4,rotation_and_reflection,7360,16384.0,10240.0,2880.0,28.125,9024.0,55.078125,validated_reflection,/home/yj3616/workspace/phd-research/research-notes/max-resource-sweep-20260928/reflection-sweep-20261001/cases/ch1/c8-k4/CNN_common/bc927c50e9ff172e01e3/design.json,"f163db3749077ceef8e4f09a5ec65948f6bb21252cdeb2fc96600477d03b3952,9191cd58ae09e1142be235b82a4f5e3f2e5f389a9789e1e625c8f01e5a31d6fd,3d48f4580e2bee5b1d6973b08d021ab8835026991f44a5050fa226db6a40f298,b85253e87970cf5d9252a95ab584d69228781d97aca9bb8a254ec1245997c118,0db17afd3ec5d36b19d18a417d7aa0a3598063cfc2b079f4a3baff628522f627,11b34d1fb055accd1dfd43719457bfc7550bd7e0dd43f1b6bcb1eeed78f4a09b,5f3606bcd19894177e62b9a91a9f8aa7448a779dd5d6c6174da1fc57642de947,c1c9efbfdeca8feea751af7e922f9dcd428086b5759805da8eb23a10ac52c97e,0b1321e2a96c4ab79dd4ba7740b946d73d325a74540387e33c4dcdcd7be4f119,7bc84c10b1d501765112ed821f62ef0437c535785bd6ee6939cb87aab33e7f23","Three-start orientation coordinate search, at most eight passes per start; exact template sizing for each orientation under certified requirements; not global optimum."
CNN_common,8,1,1,2 × 4,rotation_and_reflection,7168,16384.0,10240.0,3072.0,30.0,9216.0,56.25,validated_reflection,/home/yj3616/workspace/phd-research/research-notes/max-resource-sweep-20260928/reflection-sweep-20261001/cases/ch1/c8-k1/CNN_common/de781084131a1b16af83/design.json,"001a7c539798beaadee305427c89e187fc5722ab312585e3ebe7dc7d77594d8e,63b3b8cf965f5a1525672f4b30d4a21229a89928369659fb55f1eab4a9758eae,997daf6e31836e619f1e2b077b66b6935f4617ba905560cf815a66a35f0a5e4a,8a3bc81ee3593e9915eddf86424bdfb7b9e588e518be6a1958b23c92cef791df,6e9a5abed839aa745753cdca072984a534f1a806211ea0e0c52df9033026545e,38d90671d586b63dcf9f5acbe9a5657d5d1f095d2ed512e54df45919b60d3d89,2e2457f6953ee09cd4c7cacad102f9f24201741b91c3fc1a09e848aaf51d01f0,a01b2c9e1a0942ca43c6a365d38421b4b53fbf6ac91e64cbc7189702fdb55a38,555513db4170a9415c269a118e9326483a05b610429ca9bc40c55961b65cb662,8f2b36a2edd37ce4518f6a9af48623de6fab08610e90d5f0c6d6eeb8a4dc6d90","Three-start orientation coordinate search, at most eight passes per start; exact template sizing for each orientation under certified requirements; not global optimum."
CNN_common,16,16,1,4 × 4,rotation_and_reflection,24224,32768.0,24576.0,352.0,1.4322916666666667,8544.0,26.07421875,validated_reflection,/home/yj3616/workspace/phd-research/research-notes/max-resource-sweep-20260928/reflection-sweep-20261001/cases/ch1/c16-k16/CNN_common/68116af0973ef63d9452/design.json,"1fdff2384aab9a37c8f818d18f4959a9b9dbef2a61dc41cd37ab0559fcd1f36c,2ce9022737dfc9cf0ccb4560fe553baffd04dbcef37e0ea00933423c3246d2f7,e64b868aeef83f19564b4bbf0a93b6c0a04dc09ad3289994cee808ee98f9a5c2,b13c8d06d53ddef5b5890ef5b4c7e9a36f27ba6dd252d457d4c798b5c2e3a836,a08b83b062599fbd79b633d8d8fc191af2e6a0a7bc4c99b411e1c22b434999f9,ec983f7841230ca259dd4ed38f34ffc7d51d2a7ac071f8ff36b89eb5ab3f283c,e387ddae7b330e48c01916e55c119948713e429a28d5c61f08c72ba416f27b02,adc742c2e125509bcd4a3a7bcd24ee8bfb2f9f5f4cdd4ff1383b58f6040c8055,ed9591b2835fa31c998d5ef600923a3bec04b31662c75bb3f4ad376ad29825b6,e037f5b322bb9cd7854413821d8c2e05e29a012170703b1c52053be36a381f34","Three-start orientation coordinate search, at most eight passes per start; exact template sizing for each orientation under certified requirements; not global optimum."
CNN_common,16,4,1,4 × 4,rotation_and_reflection,22752,32768.0,24576.0,1824.0,7.421875,10016.0,30.56640625,validated_reflection,/home/yj3616/workspace/phd-research/research-notes/max-resource-sweep-20260928/reflection-sweep-20261001/cases/ch1/c16-k4/CNN_common/b20c85d88fe309ae6655/design.json,"fa814298006eefa75f3159be923cb97f9301239d06fad59bfe852926b6946d83,e28fbe4b6e2a04f0c34cda3d6eee2b75c7fc94d8af2f15159aa8902023fdbe1c,3622155703c82727c316594ec939c98698bf2f1e40d51507e39d4d19ed49728a,c88da88b59a1a6529174fed7056893442fe0585fc67a0c74bc0da396baed6cf7,a2e8d4a58fcc02459ff2546a457fbafda907d776f4cae5f664fadf7bb6126aeb,8f3b5ff39c9a57661a42a33d42af4f6aa78d29ede9d1573ec28d96b21daf18a0,28f274af33b265107e1d51dcb56c431e3467072ba9ea4a2a9d19d581eaed0879,b603e84817930b96203aca10d1c1360c3cc81322189f4a65b3337472d88877d5,f941a3dbbc65c757b20b78547de1939326b143712a40a5297cc531cc8fb7bdac,f54984f7b204a1c96a08328070c3ef3cfd0fb8d80c4844aaa708659ea350a4d3","Three-start orientation coordinate search, at most eight passes per start; exact template sizing for each orientation under certified requirements; not global optimum."
CNN_common,16,1,1,4 × 4,rotation_and_reflection,13824,25600.0,19200.0,5376.0,28.0,11776.0,46.0,validated_reflection,/home/yj3616/workspace/phd-research/research-notes/max-resource-sweep-20260928/reflection-sweep-20261001/cases/ch1/c16-k1/CNN_common/83e3c13f8af9790dd73e/design.json,"19ed9831be2c9f4f929cd19e095603b7fd49428802af6c1e569b49d4caacbf86,1e8a0a821f28512587a7beb96c60409b8272be6fa01e7d5d0409dbaec5874088,cc1c0d059082f5ea116e78d100e86d4b388a5b4399f471d184324b2e400ee015,7b7cc929728bf50300ddc070ff2f11cdac4df07b2bab436298da2c6de150ffbf,1144d75eb78f301ef61ae5c6f4c7ad2f37a94fe83919b67599b4725cd2cb88d7,d16591865153bca7f7fdccdaff952bbff192a650bd34373d6fe5ca57a4b9c477,c529b5098bc0effc8c345a82bf6ab679b9990d55d72440829f6f7d7a26952812,23a34b3daf0f83931f641078be78fe04ec5d737ef19d187008900c5932b89c11,0f428f1772d964df5ae7e5d15d2849c4c1459f1f9d9df24209bc41daf6fb4e85,fcc370735923ae89ad9ce26f60c4bfdd4fad5fbbda5ffebb8a1ccbcf934953a1","Three-start orientation coordinate search, at most eight passes per start; exact template sizing for each orientation under certified requirements; not global optimum."
CNN_common,32,16,1,4 × 8,rotation_and_reflection,48384,65536.0,53248.0,4864.0,9.134615384615385,17152.0,26.171875,validated_reflection,/home/yj3616/workspace/phd-research/research-notes/max-resource-sweep-20260928/reflection-sweep-20261001/cases/ch1/c32-k16/CNN_common/9022181ec4e654a967a2/design.json,"b507f1b45bbe4889473dccb429b0c52f58a8707739accaab605fa56975cb5398,bc020bb96ee8753ecdaf8627487c4e9d521648a891ef176011dea4d035c0a56e,825eb537954f2e3e6b791081d2f8030bb81b8dba5619b3c28b24bbd23a748014,31935da85e9a769446b91a8264fe69c803672f78be1bfd06b3cb6d9e2f3a0bdf,3d4673d3ccd389b1f6fd658f6ccbc69a23c1b0ee7126e27f50e7f3fe0b541387,555c8ce271e645a4d4b5cc354545ff46090b60e612a2fa09aa5106e61559d4c3,0aace2c3283c64d981660950dea0c2f748bce04aff1491f28d9f86f5f1f02891,fa5c4d6dbb9dbb1c3ad04e333525f8c9e8caeb1f019f07eddc189e644a4d6724,b410e6c867a9f7e7b2a680c81fe362175e6334dd3e026f3bb47459af97b679e3,ca713b13fd0f4e87b80d61dbb57a6b9ca6ee4ba94cbc163f40d1c9a28948874e","Three-start orientation coordinate search, at most eight passes per start; exact template sizing for each orientation under certified requirements; not global optimum."
CNN_common,32,4,1,4 × 8,rotation_and_reflection,46304,65536.0,53248.0,6944.0,13.040865384615385,19232.0,29.345703125,validated_reflection,/home/yj3616/workspace/phd-research/research-notes/max-resource-sweep-20260928/reflection-sweep-20261001/cases/ch1/c32-k4/CNN_common/8fe6ac1b96acd158b7c8/design.json,"2840eefa6298c02cc722e9e13f7d8314e8b25cc2466957d75874d02dc05f9f5b,e53e686b485c2d6cfaee371a1dd5c6b47c46e2d30933c809adf34a7318bf056e,b33593f552856b6512d163deba5ca9bee5470d43dd2618b00a55c8eaf6ba8e61,8ab7554ef97ce3f10501ee16b86684fc8df380fa6c3329fe4dae6099e87ccf60,ec036cc1e7afee61a1c513a6e83f8dd35cd6185c29674c3928b27566ea547d22,ee8de7dd45296d54c614ec899e4aeff6d759a3c779df222f665e2c5726f5fd93,5955873ea2860a5931b6aa6641ba63aa115e4a4b99a40a941d8d0f0e2c22aae8,1504b4b832907341f9f25e85afdab0722fd34e5c89281f70ce6c885f6a86cc0f,a11c34c0825a4422bcec687519503f0dbce277dbf1766afdc45af5f35d653a57,062b325cea253b0c628a78b149879487225bdc9751b835f8f0505b694b7355a4","Three-start orientation coordinate search, at most eight passes per start; exact template sizing for each orientation under certified requirements; not global optimum."
CNN_common,32,1,1,4 × 8,rotation_and_reflection,43040,65536.0,53248.0,10208.0,19.170673076923077,22496.0,34.326171875,validated_reflection,/home/yj3616/workspace/phd-research/research-notes/max-resource-sweep-20260928/reflection-sweep-20261001/cases/ch1/c32-k1/CNN_common/731cfb7be9d08a6e84b5/design.json,"1bd9a107a8cb7467312b0fc6310f8e49cd744cc367b4e742db7f56317f2d6d89,eb7784dceb75ec27bbee9237164b9102772a665ee61b302b5bfdba123d8e9ec7,ba6f688fc8136c83d3acbac5348d368e67d8bc830eae0ecd1e91ac4765a9a43b,d792d1d91daec7ad12981b5b6c1200d9648963fe20e0263b3e08522c8c31d645,eb87dde5487138dc23c7a8debd212769da8e7bca98294d382323f5ef19259be9,5184e927bf64372c90c88c6651e7c0c43cfbe685b778d5080644cda113916029,02078955664c46a97285ef265162e29f50b4baa17382267459989f13e330eee8,a87820113e6b5c1ddc8ae3d03d0b648ff2bfd24f861245e27d0c15ec6ba2cd2c,c3a65289f1cffe2f7414706e089c9cd7a694ceca843dbba59094766bab715f38,cd57acb02fdf75d2ff8c255d63fd44438c66127d1312831ac6c7a74d787f999f","Three-start orientation coordinate search, at most eight passes per start; exact template sizing for each orientation under certified requirements; not global optimum."
CNN_common,64,16,1,8 × 8,rotation_and_reflection,113984,131072.0,114688.0,704.0,0.6138392857142857,17088.0,13.037109375,validated_reflection,/home/yj3616/workspace/phd-research/research-notes/max-resource-sweep-20260928/reflection-sweep-20261001/cases/ch1/c64-k16/CNN_common/931a57f4953c98c55fa1/design.json,"5600edf6486b85f6f7c266160fd7144d1bd64eccbcf0aa23a1cf8e3944b1050d,30aa3883b8d07ee78854ece205bd1f604278104d0b8871b878d01f2bd3f9bb30,8c7f32ac49e0e1c3effbd2d1e1515ade579eda7ccb5ee828594ee54af8c7d624,f41ca6406e275905cd8559177e00bdf93d421d88185c783b0a4febf6c4ed929a,94c88b63d2cbb2398a875ae4237f824826a358dd47e115d82a7072c99cac8672,e356af612c6c4f602dfcbc267c78ab7b61725e337a0f3ee8a74f8f6d71dc48b1,4abbad70f557edc55c5f33838bc355d6efaf47be837c7844c77def3842e2efb4,570766a2cad4ede5f6e98845eb2e04dc224658e31e48ffc60c9626ddeadbf8b8,94f3cede0c808380365ef398e2b87dcecfc7eada27bacbb808b3000a5c78348d,ee15934680247f6d2fcdf8ec08b54bd62c882836f63872f60be2d638b95dcd40","Three-start orientation coordinate search, at most eight passes per start; exact template sizing for each orientation under certified requirements; not global optimum."
CNN_common,64,4,1,8 × 8,rotation_and_reflection,110912,131072.0,114688.0,3776.0,3.2924107142857144,20160.0,15.380859375,validated_reflection,/home/yj3616/workspace/phd-research/research-notes/max-resource-sweep-20260928/reflection-sweep-20261001/cases/ch1/c64-k4/CNN_common/b9b0822dccd75c6b9186/design.json,"9d3e2824cdc71434c339b170b8109848f9358314663b135af10d5813a1f3950b,ee3d7fda82f1842b1ce797610b0b712532a41dddc449066e8b33e60f89af2840,98fd2c2c5a01e7fb369486a82335a415adbd958f939243cddb7953b926506217,9bc6b3a1e219319ebb5d72e9262e17b65c66655d89326ffa0218642265e5abf6,947d8870e218c622d5bb1a803675709cc2ae9960febe899a9f68b45ad2c9231f,a1711c916fb7b7044ded59b55c4a43bf4a3bbab63e95e14017497279b944b8be,84b8f8a98e95c7583aaf1e8c63d6a0d0ff532a67743397810e42a37fe91d27c7,367aba9f3ddd644bca3c55e1558fed7de4781ce4b478bbe159bee3a1be00de82,238801d3da9287d37fe8d6fabb6bfa4076485669be9f02906d60edf3bd8ddd29,8be0a463f9c0387bbe66e0085d02c1f645ac15086e642d742889502b415948af","Three-start orientation coordinate search, at most eight passes per start; exact template sizing for each orientation under certified requirements; not global optimum."
CNN_common,64,1,1,8 × 8,rotation_and_reflection,86592,118784.0,103936.0,17344.0,16.6871921182266,32192.0,27.101293103448278,validated_reflection,/home/yj3616/workspace/phd-research/research-notes/max-resource-sweep-20260928/reflection-sweep-20261001/cases/ch1/c64-k1/CNN_common/8667fa27e5b0b2e89438/design.json,"861d345edc78dd0a05ffe11203842787faafb2e9743aebb88d86b79e27166931,eeb0cef023c8db688c866e8a0b24351e8de3a0bb9adb2d28f0e64c0ea27a2560,b20d10c94a53ddff0bf468a9d9b4632dba3ad198bc30586080cd918b8a607983,9a830c1ed06946c9cffdecac62b78f4212c673d2e1a663d1ea09b345eb336c61,4a1bdf4bd95fc1ee7ca09718dbe7fab44d75f98ae2eb6c24ed5eb76db260815e,44f55ce0c71b9bf52aa1959d19caede951faa578bae4d0b99df19efbe4d88ef5,14206ac10b185f5a314eb63b5cd0cf598b293fc07cc9c45f521226bf613912c3,46fadfa9906c39a3d255cb0eb24c23984975a00ac2007c9e6b024b1bf7129b18,102ca397ebefef4e059798b98e7786eb290dc5e5cecc3d93589af564af5271f2,15830f16215608db9ff66a9890f5505c526ff73fcf3e1cfbb5266413c20c4589","Three-start orientation coordinate search, at most eight passes per start; exact template sizing for each orientation under certified requirements; not global optimum."
CNN_common,128,16,1,8 × 16,rotation_and_reflection,,,,,,,,not_computed,,,
CNN_common,128,4,1,8 × 16,rotation_and_reflection,205248,262144.0,237568.0,32320.0,13.604525862068966,56896.0,21.7041015625,validated_reflection,/home/yj3616/workspace/phd-research/research-notes/max-resource-sweep-20260928/reflection-sweep-20261001/cases/ch1/c128-k4/CNN_common/d4bbdc2a589b11b4028a/design.json,"482093ad0f2d35ed2976ffe1cabd1e8ed2f417b9eb64e4644f0569f9060122d5,747903dd12c7fcdd6110801e4db99cfc3d1fc59839c5aaaa4775c269faedac32,5ff0f40c254e3f0d57db901553e38acdc2698a5ace573504c62f22231dbad572,93ac30b244ee11d84b5c62137b16220a59b56eea412cd5a4187e0cd73f7dd1fa,89dddd1b2ced7739a7debadf894e49cb4ad40e889f930a32f7826e48a9e130fc,48ab315c36cf9de3f6f528385d75479b125e70d7b65c04c22edeabc4915073eb,58615dbf429b8f61adbcdbd23934b48545cbaa8b57a0103c4087955128fb97f1,37b90a5c61e9ec0de338a2cf4a9bf6ecb6bb67628c90e8bee8efe3d662bf4555,3228bdc58266f59067921b7353967cc7a1e9c1de9f3e5c2b0356db58c65291a0,6305604d804b6c4b0d262d4b7c4a1ad61afdaab018b1ed6ca02a2489fd1d9ee9","Three-start orientation coordinate search, at most eight passes per start; exact template sizing for each orientation under certified requirements; not global optimum."
CNN_common,128,1,1,8 × 16,rotation_and_reflection,179872,262144.0,237568.0,57696.0,24.286099137931036,82272.0,31.38427734375,validated_reflection,/home/yj3616/workspace/phd-research/research-notes/max-resource-sweep-20260928/reflection-sweep-20261001/cases/ch1/c128-k1/CNN_common/04ccb78fde32afb603cd/design.json,"26c67a946fd0b8b25a6fc42a475897e45b149ab2a3dcb1a306e322c62a0e7f6d,42a48fb322b2fea059aa52ccc64be7352e17be938a9aadd0b4ccc828b6011c85,c4f7ec5726a06a0df60e7f9b758ac91f2e61c178380bfbd771af1ff0271a6fb0,fc8fed94fc3e400cfcf9c2faa1a91560568909a99308120abf5063e43ad8c7ae,633286bc2950489f90a9186675f221f6959711a4b5b17b360540b7c8598896f9,e341cedb0fc0ad1e5ac32fecab2de06951df6d898d260ea37c57783563cfa8be,3606aeab79451494d31665232c21a4b8c8f459414a6f7ed8ccfdf16bd72e8005,c249290092fd09b72202474fcbbc16a36f506a3fe395daf700f97a6828e7786d,fe7a2e1bf426a2be2e972fe44d48631c2f552ca9bc06e96d88d37e9491caa3b5,142fa3606aab98716820872903286e37fa47c05b35503ae892a5585d6dfcb01a","Three-start orientation coordinate search, at most eight passes per start; exact template sizing for each orientation under certified requirements; not global optimum."
CNN_common,256,16,1,16 × 16,rotation_and_reflection,,,,,,,,not_computed,,,
CNN_common,256,4,1,16 × 16,rotation_and_reflection,445376,524288.0,491520.0,46144.0,9.388020833333334,78912.0,15.05126953125,validated_reflection,/home/yj3616/workspace/phd-research/research-notes/max-resource-sweep-20260928/reflection-sweep-20261001/cases/ch1/c256-k4/CNN_common/a28af5abb318c747dc94/design.json,"e035d15c2001b2f3421db05dcc1ffe132730df2ea9e0383bd74fd0bd3a20b8a1,a1d6e72a3042315dbdc916b90a87fc0a7c1ac499f0b0adc2dc2146282708b63a,f40a53e926ba5308a64af7634d90c8af031b265de22d62d7adef4baa8fe8eb91,2ff56be97d20c3c92829ae6ca0d68213107ea969dcd9dd616c960c27349b1154,6a658ca674797b3c8f054e7d15bc6efe43596f2b10cef6aa32742923af6b8f85,e328de1438d0ab8b8f8625c999890d7efea0230e3b6ff35e38ab9512ba2e2c07,0f9c4ceffd4f2c740d80d2fb92889105ff54da75c91cca2f84ac979eabfa0919,13f33084c0c9a7b78c184574d9270ace741e661feb8b75afbe5f675bd8158ecf,971f76cb41d241fda7440efb17815d1c6574ff96f7726a4e877de30c1009c94b,203460e208cd2575436aec6ea42df16a22ab1bba73a5f817d631e486e102ee36","Three-start orientation coordinate search, at most eight passes per start; exact template sizing for each orientation under certified requirements; not global optimum."
CNN_common,256,1,1,16 × 16,rotation_and_reflection,430144,524288.0,491520.0,61376.0,12.486979166666666,94144.0,17.95654296875,validated_reflection,/home/yj3616/workspace/phd-research/research-notes/max-resource-sweep-20260928/reflection-sweep-20261001/cases/ch1/c256-k1/CNN_common/5b29dddd7c18921ff176/design.json,"5b42125274ae88c0f1c8689622f7c8e17a3095279afeebad123c7bac7fc508ba,86d770f122d22e4cf6f7a4d475dfbc2631349f97a6b8e3933df143d23996982f,c7227d1abf739d67c7598a6828966654e3cad87d27cabc8103a1062d93e2aee2,1a71314c8b39f3a13d866fc03f912acd44cec31dfa32b656d26d5286b04cd457,5485af3a075e3ef490d3885751dfa8ef311448d26cb9700ca2338afacefd0c93,072d70accc891320d2e674d78d45f66a96ae809085183cc92ad031b6e57c32f6,4eb898e1686d116ec61feed00e13a5e264bb6d3faabcc15595e07a2bb9a0cd48,3393c2d7affab1ceb92f11ebe46ac833477c60c961a2ec8a76c486dd79fcf264,aae5b8c37cd39655ba7afced47b2fa66c9926d702a3933a918c5447f9635fa23,3503ee5da7bd7e624741685c1e24f36c972dd24fda645f3d061c5227b55b29e1","Three-start orientation coordinate search, at most eight passes per start; exact template sizing for each orientation under certified requirements; not global optimum."
CNN_common,512,16,1,16 × 32,rotation_and_reflection,,,,,,,,not_computed,,,
CNN_common,512,4,1,16 × 32,rotation_and_reflection,,,,,,,,not_computed,,,
CNN_common,512,1,1,16 × 32,rotation_and_reflection,827008,1048576.0,999424.0,172416.0,17.2515368852459,221568.0,21.13037109375,validated_reflection,/home/yj3616/workspace/phd-research/research-notes/max-resource-sweep-20260928/reflection-sweep-20261001/cases/ch1/c512-k1/CNN_common/378419e8bcfed90fcdd3/design.json,"045a5a6e0b71a043e25756875e929b47577dc7e68c1950fcd0a8eaef4dd255b3,9df193027078ff0f897026a329540055b85301825c6e78636d42599c63066a9c,daaf0aa17fdd5169e3cc79cbe2642ee4190b78ad0690add7651eb9c4bb1b857e,19788e166fd91dc30bf0b67c14e0f88a9dc0aa90563ccf0d109ae1d71206144e,ad2c84dbd23ee4b2aca775bbb76a042e4ade3a122ac8399a1d1f301fb7eed4c6,1b73fdde140f1b2760b79f42e7063740dfb2b3e46af1327bee6210d8e7a4842f,96cdf87c79a369bda3324f7793d155b960520fa55cc7cf96f8f476f4de29c940,780b2d1e28d9e90957830895ff5bff58b609721bf587e36c8ef81677075010ab,e6534b473b1737abd05b9297911ab90b60d1704bd8524b4859ab29624067455e,53a4b4b7e82454c22a2695c42d7c5fb4c133c223b485e8847fe736652f9e2ef6","Three-start orientation coordinate search, at most eight passes per start; exact template sizing for each orientation under certified requirements; not global optimum."
CNN_common,1024,16,1,32 × 32,rotation_and_reflection,,,,,,,,not_computed,,,
CNN_common,1024,4,1,32 × 32,rotation_and_reflection,,,,,,,,not_computed,,,
CNN_common,1024,1,1,32 × 32,rotation_and_reflection,1700128,2097152.0,2031616.0,331488.0,16.31646925403226,397024.0,18.93157958984375,validated_reflection,/home/yj3616/workspace/phd-research/research-notes/max-resource-sweep-20260928/reflection-sweep-20261001/cases/ch1/c1024-k1/CNN_common/2c5f2feae616c0639acf/design.json,"8018aa3c4722e982bfb2c9a0a4311a15e3bbb107706925e056ec27dd885cb939,b6fadde3c4122523279df5348db20e2ca1b173d5ae584c4bae0836bf87c0151c,4949202d7869e29908fe3ade7cf90999ba5ab127756e3841ce0156f38a64b034,7edab821f20523cf2917323602d41fa5d19aceb72fd0cf697765b412e36f4356,91c2c96773d2f14bb28a0be890f9b69db40cd3cdff95d30f5c43b3dfc79a21ec,e4fd77cd95b80aacc47bbfaf3f07448f707cf1c6c45a2b5c06e1b8a51f83ea0f,ce49bb5b85f64246a46ea561d66157c29e6e084be71a26f3337958153187e07e,4b28d00701b02c45cbeea16765e95b908deaf65020f141340c0c5ffe28e7a84e,5dd584d020a1eced7c30455bd80a8f317a18c5f4984cc6d2a76a0bde0cd8b297,1f8a73183c2e13936c278b7f1a764b4b25d8f3d1682f1983e92a34d99a4ade39","Three-start orientation coordinate search, at most eight passes per start; exact template sizing for each orientation under certified requirements; not global optimum."
Transformer_common,4,16,1,2 × 2,rotation_and_reflection,4096,8192.0,4096.0,0.0,0.0,4096.0,50.0,validated_reflection,/home/yj3616/workspace/phd-research/research-notes/max-resource-sweep-20260928/reflection-sweep-20261001/cases/ch1/c4-k16/Transformer_common/cb99ee9e1974356a50a8/design.json,"f070a867ec26b36d7c878c62b46b80e7e7437bdc5a54ee802144379760b6f568,fc97cc6bab36ae41e7b4260c7ab9276b7fa6db3370d8d5bd45956150c344b869,9fdc7db23cbbe29a7f96e60c8a9959256e69db8edc204af7b61e4f5fc5503671,91528a0e8c51ea5072ba06a75de8e719b4b07067f14ed0aad73fe0486d467ec2,6670cc2461b87e67613fb33b1cf4e360f688d89fb3e32ca73ca8ef83977c732e",Exact enumeration of 16 legal rotation/reflection assignments for fixed mappings and certified channel requirements.
Transformer_common,4,4,1,2 × 2,rotation_and_reflection,3840,8192.0,4096.0,256.0,6.25,4352.0,53.125,validated_reflection,/home/yj3616/workspace/phd-research/research-notes/max-resource-sweep-20260928/reflection-sweep-20261001/cases/ch1/c4-k4/Transformer_common/ed7dc071bb779358a25e/design.json,"95590f0f08eefbba6b14095272982bf95e6ed975e2a3c6f3b67a946ba2949043,d4aed6285abcac34d307fdc09b50a6d0749d87b3cc0156a54a415c90e1f7a5c3,1a4d824235fcdb9371c39a1d68d1e199d4eee1ba579038de4d74a8dbd7f6916f,26f5178ac58190b7ffd941a4f753673c1fa208e600692e08ae1e534e5f6c6ffa,6fda3f911cb38db5c02164828e8b5299714d06ac7cc395e161db2a8c73d52570",Exact enumeration of 16 legal rotation/reflection assignments for fixed mappings and certified channel requirements.
Transformer_common,4,1,1,2 × 2,rotation_and_reflection,2112,4352.0,2176.0,64.0,2.9411764705882355,2240.0,51.470588235294116,validated_reflection,/home/yj3616/workspace/phd-research/research-notes/max-resource-sweep-20260928/reflection-sweep-20261001/cases/ch1/c4-k1/Transformer_common/91b3122ba157733c3730/design.json,"3e2d56e5759ba817b00cab6f960bf98afab4c9586532ff1efedca43d075336ae,d066e5b6a5e056d1050087e14ef6b89f82febee7a42b0057038781eea8c089c2,80ec434487addab965c7b3325e36c0e5fed0c753241c63a34c3efed2cf117e8a,adf62d1c96e4ee5990168280e179ab3caf59a8b696900dff99d1d860b03fdf5a,2fffcea9bfd74eb7cf51faa0b735d45313ffaed1f707c8c2d10cfdac086cae0c",Exact enumeration of 16 legal rotation/reflection assignments for fixed mappings and certified channel requirements.
Transformer_common,8,16,1,2 × 4,rotation_and_reflection,8960,16384.0,10240.0,1280.0,12.5,7424.0,45.3125,validated_reflection,/home/yj3616/workspace/phd-research/research-notes/max-resource-sweep-20260928/reflection-sweep-20261001/cases/ch1/c8-k16/Transformer_common/a7acbe8fbc35267c4394/design.json,"f628718fb7951d2ea2ed0e947dc48ae730ae06754ea509bf7b774a42dd8493ee,5e6eca7a8d8e828c05d373f06db22c23879da5da515b7ef4f71fe811a73e14eb,3a4427a1d3ede7dd35a62d4e1e55f98b7e34c646b2f30ccc77a852908b6bb1e2,afc30c933501a1f0dfe06a9870c44c9187535e0a1f0f5433229ebef944a604b0,26ce3dc3671c2d3da19185f6f22fe8c4149bb04528797b0e02cd0b4e8bf2dd7d","Three-start orientation coordinate search, at most eight passes per start; exact template sizing for each orientation under certified requirements; not global optimum."
Transformer_common,8,4,1,2 × 4,rotation_and_reflection,8064,16384.0,10240.0,2176.0,21.25,8320.0,50.78125,validated_reflection,/home/yj3616/workspace/phd-research/research-notes/max-resource-sweep-20260928/reflection-sweep-20261001/cases/ch1/c8-k4/Transformer_common/ccfd0eb996daf1f2b878/design.json,"8bc5677c9e7445a67408b0da4226035c4189bde92e59dea1475eb2ab92c678d2,4d7dd735e729a3bb20882b85b9aac15a71f1b2a354faac5aa7b9faec2c31a773,7cc2f9586e7fdbc2f846dfc546939e57451ace28a0537e5e6cbd30dfb25a8887,9c04d4228c13fc9f711d6dbf0c6ebef01d5eb3ee978b4aad19f85afb712dbea2,f72d38c176cb0a9a13c1fcfcbf24eba63a544796abc8f3e01f37d352f86a8c67","Three-start orientation coordinate search, at most eight passes per start; exact template sizing for each orientation under certified requirements; not global optimum."
Transformer_common,8,1,1,2 × 4,rotation_and_reflection,7296,16384.0,10240.0,2944.0,28.75,9088.0,55.46875,validated_reflection,/home/yj3616/workspace/phd-research/research-notes/max-resource-sweep-20260928/reflection-sweep-20261001/cases/ch1/c8-k1/Transformer_common/6564834b3fe8b003fb65/design.json,"49de33109c2822833f0056f05b08edbe0c9b462a8f01006b7af10c888d9b680e,7022d0b8c4741be52162481f353f412880b9ba7cbea2e51db4ebad3d294a6186,45aea3af18fe82ccb0685c954cd3021b94618671f69381e2e1440af0b3dd55e3,8d436cd72a8e20ffc4c640f2fbee5ba7d7a127a21eab96e4b2c3aab50983d725,e14f3da834a934edffadf3f8741d203fc30a4595b8f07e4699f521e85b80c991","Three-start orientation coordinate search, at most eight passes per start; exact template sizing for each orientation under certified requirements; not global optimum."
Transformer_common,16,16,1,4 × 4,rotation_and_reflection,23200,32768.0,24576.0,1376.0,5.598958333333333,9568.0,29.19921875,validated_reflection,/home/yj3616/workspace/phd-research/research-notes/max-resource-sweep-20260928/reflection-sweep-20261001/cases/ch1/c16-k16/Transformer_common/3e4d52d73452599b3c01/design.json,"b9fec38b61d26bc55d3d4f86cad214c0201d195081ec7d66c54ddc6073c2ec1f,814583487aa50eedfb9e04a7c5b5eb94ba668e59dbf58d3e567c35dd42eacafb,c4de9c5a47c16b9d959307dddc5ef0da8c964956902df906414b6fee2a67712b,7299f71e80e622df4ea4544032f976af72d6e9ec97d2c87331415097c5443f88,a1b5811aed1d37362b051ae5b237483cdfd3af46666f14ab67433c323bd30b48","Three-start orientation coordinate search, at most eight passes per start; exact template sizing for each orientation under certified requirements; not global optimum."
Transformer_common,16,4,1,4 × 4,rotation_and_reflection,19392,31744.0,23808.0,4416.0,18.548387096774192,12352.0,38.91129032258065,validated_reflection,/home/yj3616/workspace/phd-research/research-notes/max-resource-sweep-20260928/reflection-sweep-20261001/cases/ch1/c16-k4/Transformer_common/dc11b300791293a20253/design.json,"e2676e727b016fe1b72ceb90bafde3a90b2736b90d3bc1302b7b38b76d9c4490,8ac9f4e81e920f14cd7fb5aeab4c663781adb8375cfecebe2437c26a9b61d4fd,6a6bf6fb41079018f95f20b304d5a2fffbb624be1eedfb28f07f97b77b3683af,6dd84745db8fb24312d7661feff7a331d888b5778646168a679c3a5a516bd5af,28e7a98f0a97a342f1f056e8e1539180dffda0f886d11d58b864b81ac6e61816","Three-start orientation coordinate search, at most eight passes per start; exact template sizing for each orientation under certified requirements; not global optimum."
Transformer_common,16,1,1,4 × 4,rotation_and_reflection,18656,32768.0,24576.0,5920.0,24.088541666666668,14112.0,43.06640625,validated_reflection,/home/yj3616/workspace/phd-research/research-notes/max-resource-sweep-20260928/reflection-sweep-20261001/cases/ch1/c16-k1/Transformer_common/003023579fca341a2171/design.json,"fa67b7f2e37cf93dae63f12d238cfc9d84dca6a46ae6fe6b1490253cfa26d8a6,779b9fb1a8859584d54506aa40bb1eab797e0233ab719e971db39567398c1962,2705f8f9db5fea8ffe3651682b5864031577b9fb7af13d7956ca9e718f2052df,88ae106f9557bc189b6789f37393903bda3cb343f9012eb54c6f441b2d4afbb7,a3a5aad84d148a51b9e6cf048b2f7137b82a2076d216b6610a354049bde29223","Three-start orientation coordinate search, at most eight passes per start; exact template sizing for each orientation under certified requirements; not global optimum."
Transformer_common,32,16,1,4 × 8,rotation_and_reflection,46080,65536.0,53248.0,7168.0,13.461538461538462,19456.0,29.6875,validated_reflection,/home/yj3616/workspace/phd-research/research-notes/max-resource-sweep-20260928/reflection-sweep-20261001/cases/ch1/c32-k16/Transformer_common/40dbf4a6fa4085a51c4a/design.json,"111f06a49eb2ff8f80903cc2833df44f3c49c87f302f06caaab2177d5d35e0f2,fcc8c292d25f9532de90e07fb1e66516046316beb8620c604ee0b8d52773b48e,515dc8516a48f5467ece6150d136f6ef5b0f2a5e8eb35c83208f2ab5d3be6090,4a3375cf34c45bf2f29c536caeb907054db44d25dc6889cec35ceda3dacbcd3b,ce745051c1192adbfc59ca66481948f592078fb8d3524f77f676ffc31e7eb756","Three-start orientation coordinate search, at most eight passes per start; exact template sizing for each orientation under certified requirements; not global optimum."
Transformer_common,32,4,1,4 × 8,rotation_and_reflection,45952,65536.0,53248.0,7296.0,13.701923076923077,19584.0,29.8828125,validated_reflection,/home/yj3616/workspace/phd-research/research-notes/max-resource-sweep-20260928/reflection-sweep-20261001/cases/ch1/c32-k4/Transformer_common/0f4397f0d09a9f84f47a/design.json,"e63a0ce59948edc536a1600a5d0b4128ef68e79fd55cb1ce84503962328ecb41,dc1aa50dc15f839895d76eccc23c9f7e8e6d8b914dadfb8fdcd596e2e776828b,387495ce54ed42381e537bb9f53e5f8c7c93e65d15bd0932f16d611944a39ef9,6a39018e25355eda7553c9d07dade726b9ed571f42f79db740caa7165644243e,5bac16386efc5334141fbd375c1fdf945fa3c8321f6bd70bc51ef28577dafc24","Three-start orientation coordinate search, at most eight passes per start; exact template sizing for each orientation under certified requirements; not global optimum."
Transformer_common,32,1,1,4 × 8,rotation_and_reflection,44736,65536.0,53248.0,8512.0,15.985576923076923,20800.0,31.73828125,validated_reflection,/home/yj3616/workspace/phd-research/research-notes/max-resource-sweep-20260928/reflection-sweep-20261001/cases/ch1/c32-k1/Transformer_common/e1407340987cf9630f9e/design.json,"0b5311dd1f637f1482551db7617032eeb8794f5f58203cde37d02b43b367c9cc,f8af01a1f68555d412d1b0a0f0e60a297f28e8cd2326532cfbe5cf43f61be927,0e1c7fae3e07cf31d305e1b5b4bad9404fae91cfd6e1158735626c803f273361,b46d2b8c9fa7f4975563c034283e79047024322be7c576371b8b5870835d13b5,f8228bac2488e11e9b2537828c2b1a42e98a74348e3956b3d5233f3cd8ff400c","Three-start orientation coordinate search, at most eight passes per start; exact template sizing for each orientation under certified requirements; not global optimum."
Transformer_common,64,16,1,8 × 8,rotation_and_reflection,110112,131072.0,114688.0,4576.0,3.989955357142857,20960.0,15.9912109375,validated_reflection,/home/yj3616/workspace/phd-research/research-notes/max-resource-sweep-20260928/reflection-sweep-20261001/cases/ch1/c64-k16/Transformer_common/482f599dffcf3ee11f32/design.json,"702b3cd65e6b77b7fdcf89d8e2d17295e0a2dc907abbdff6f602f41cfce089b2,40f14d706d821835e54a7d33b1bafad5a00252c0f94e418a2e47e4fe2320b7d2,a3bbbf979c2ff08329b07f26e33c23253eed9fa619d3a1d267dd47549216e76e,c4c74ee3f465db1d837f58d68b84bc62833805431e667d6e57b7ab32442aecd1,fc2a78ab7271201a96b2ff70685a900756377bbf6ca3870121b19845c7995a9b","Three-start orientation coordinate search, at most eight passes per start; exact template sizing for each orientation under certified requirements; not global optimum."
Transformer_common,64,4,1,8 × 8,rotation_and_reflection,106752,131072.0,114688.0,7936.0,6.919642857142857,24320.0,18.5546875,validated_reflection,/home/yj3616/workspace/phd-research/research-notes/max-resource-sweep-20260928/reflection-sweep-20261001/cases/ch1/c64-k4/Transformer_common/08853ed780129f2c84d2/design.json,"b3ce4b7876314239673ff4cc22cb4388261a5f2203db4dc00313d122d5d1176a,2f36f295e9ddcc338037f7c3b6389b34b5eaaa097e1e3632f08d04ed0f0292d1,5aad048268c82934b7cbd9bb95df50e26d319d61f6ca61f8d1bcfdc946473c45,8d988c233d1744a0a50f71528a6e891c21c87c4eca0c2da6972ca0dbb3994fd7,d125d028315a4306622aad91e4ca285a67fe6b776a1b6ae0fb9645de54767776","Three-start orientation coordinate search, at most eight passes per start; exact template sizing for each orientation under certified requirements; not global optimum."
Transformer_common,64,1,1,8 × 8,rotation_and_reflection,79328,118784.0,103936.0,24608.0,23.676108374384235,39456.0,33.216594827586206,validated_reflection,/home/yj3616/workspace/phd-research/research-notes/max-resource-sweep-20260928/reflection-sweep-20261001/cases/ch1/c64-k1/Transformer_common/3e4ff05d5eefc1a99568/design.json,"bb49b40c09a29aa9ea0ae1f9e6253795fc55896344cac0c253a2272592da70b6,d091601fd04ecaab9f5b387f3c6aaba3cd521ded6791bb75063376ee669483bd,6d3c041a40505217f2eadcb6d7edb56281fa8407b6da303cc0737c416e899f94,b9a399d344760111b9bbaf6b59dbcb3ca500b9f6e5e6357675bbf5f57ab9f64c,d1dfdaa8a7335ec45927443a7d32f84a240ee91d6d635b107beb0f697ab8ffb0","Three-start orientation coordinate search, at most eight passes per start; exact template sizing for each orientation under certified requirements; not global optimum."
Transformer_common,128,16,1,8 × 16,rotation_and_reflection,,,,,,,,not_computed,,,
Transformer_common,128,4,1,8 × 16,rotation_and_reflection,181280,262144.0,237568.0,56288.0,23.693426724137932,80864.0,30.84716796875,validated_reflection,/home/yj3616/workspace/phd-research/research-notes/max-resource-sweep-20260928/reflection-sweep-20261001/cases/ch1/c128-k4/Transformer_common/e2da619f053ec4fa4d42/design.json,"6171cd7694b215c35bbc1cc3e85e98ed76870bac4451addb65b36109dbf85c83,dc86f2c3296a84cc1f23edad1c956b57381587bb80086b07df460c7394e86d14,6414f5e1cdea424c2542205fac8b6810da2788b32056e128b05ce96fd05cf252,5ef6078df809976a3f40203e8524d1c65e692689d04109b5a2b121e8d122efed,f8a9af9e8167900f4d1fd89a5261e46df372d31778776a061884cca82986d559","Three-start orientation coordinate search, at most eight passes per start; exact template sizing for each orientation under certified requirements; not global optimum."
Transformer_common,128,1,1,8 × 16,rotation_and_reflection,161312,262144.0,237568.0,76256.0,32.09859913793103,100832.0,38.46435546875,validated_reflection,/home/yj3616/workspace/phd-research/research-notes/max-resource-sweep-20260928/reflection-sweep-20261001/cases/ch1/c128-k1/Transformer_common/87b7df4878590872c66e/design.json,"2805bca7377aaa2a128b6780cfdc0581f76c7fcf4991fcf65fedee2737a3b8ab,bbdbf8e6a460ddf0e04012dd200a50ae96c37192af754ae164c522c647bdb32e,35766c8c824c900df41622e48cbf192c770580dd61a37c025275310d6cdf5406,097d87436710e726ecc56833d0e4f7ef4fa327605e3d4668136447a2a2098e0f,8d9056aaad0e62ebf9615822103c68178e1717dcb5976c9c0d3a34700058b62c","Three-start orientation coordinate search, at most eight passes per start; exact template sizing for each orientation under certified requirements; not global optimum."
Transformer_common,256,16,1,16 × 16,rotation_and_reflection,,,,,,,,not_computed,,,
Transformer_common,256,4,1,16 × 16,rotation_and_reflection,435488,524288.0,491520.0,56032.0,11.399739583333334,88800.0,16.937255859375,validated_reflection,/home/yj3616/workspace/phd-research/research-notes/max-resource-sweep-20260928/reflection-sweep-20261001/cases/ch1/c256-k4/Transformer_common/1e29fabaa0c7ca635a64/design.json,"08458bf16a6be51e0aba1e36fcd6794a929e5cda984e4fce273eb4198ee780f4,32da2a2ff27cfa1d5f43425e8109e79ca390cb3c07e51290b8493bccf141f435,26dbb2dec9ed3fe48c55943fe7f6763cf7b25d150487528a16ae083cc45ad18d,702aec9102d8c36df70d79546998bf3acec7182e44a6d5f4389d3810ca81f3f4,fa4f8f2cebd51c1368f7010483bc65100587e68e0a7a7343946e692577b689b2","Three-start orientation coordinate search, at most eight passes per start; exact template sizing for each orientation under certified requirements; not global optimum."
Transformer_common,256,1,1,16 × 16,rotation_and_reflection,436448,507904.0,476160.0,39712.0,8.34005376344086,71456.0,14.068800403225806,validated_reflection,/home/yj3616/workspace/phd-research/research-notes/max-resource-sweep-20260928/reflection-sweep-20261001/cases/ch1/c256-k1/Transformer_common/8940193d049d55f7a14f/design.json,"54ef316868ba20304634dacfa7c78df7c88463ea804f4ad69af3e3de08280ed7,cdaa86951d4ed823ac8ad20bdb6d5ecf5031eba822b70c000f31a1037a1a1b7d,8bf6177ae8fe80be24401e48a68fed5771e79fd1953ef25de6ad0208c66c83d5,434bfcb808bb000ca6eec4a92db45e3b2aaa8feca7ed12d6b095ec6aaf7d0d27,ddc67b57c1f99cb3fbf3f80801b14b3c92748700933888d19df96889915104b3","Three-start orientation coordinate search, at most eight passes per start; exact template sizing for each orientation under certified requirements; not global optimum."
Transformer_common,512,16,1,16 × 32,rotation_and_reflection,,,,,,,,not_computed,,,
Transformer_common,512,4,1,16 × 32,rotation_and_reflection,,,,,,,,not_computed,,,
Transformer_common,512,1,1,16 × 32,rotation_and_reflection,704832,1048576.0,999424.0,294592.0,29.476178278688526,343744.0,32.781982421875,validated_reflection,/home/yj3616/workspace/phd-research/research-notes/max-resource-sweep-20260928/reflection-sweep-20261001/cases/ch1/c512-k1/Transformer_common/ea23e48f0051976de3d6/design.json,"bfd4ddf30576fc0f2eed859a5ecaa8d075f2389aab750a6aef87443fd1873781,1cad39a58ce8f5cdcc494c1bd85e36d69b6a11b8dd8269486da25c01b64fe769,6e6a1d136ac4e38a57958ba09a48538c401e2bf3e1a859beb5803fbdd0c6e510,4e90ab13401d2d398cb200821c2442a8d7ad8cdde5566ff41acbb704f10dea72,c9a1156466f32019505e91edf705074710c80b15bf5504af103d93cdbdcf9bdd","Three-start orientation coordinate search, at most eight passes per start; exact template sizing for each orientation under certified requirements; not global optimum."
Transformer_common,1024,16,1,32 × 32,rotation_and_reflection,,,,,,,,not_computed,,,
Transformer_common,1024,4,1,32 × 32,rotation_and_reflection,,,,,,,,not_computed,,,
Transformer_common,1024,1,1,32 × 32,rotation_and_reflection,1626848,2097152.0,2031616.0,404768.0,19.923450100806452,470304.0,22.42584228515625,validated_reflection,/home/yj3616/workspace/phd-research/research-notes/max-resource-sweep-20260928/reflection-sweep-20261001/cases/ch1/c1024-k1/Transformer_common/2dbd91bff6e96475687b/design.json,"0ad2b58cd6b54f49c5d5148892b937a22d61d8890f75078669ca007af575def5,c14fa2833517f03df47ac1150f9586882d2731f3268f6109198775d600c62f26,4c3f4ddc0698bce15826c113eeff99f7fdf3bcc203e9f23006495787328ca380,2190c86859c28e8dd6fe67a08a45fd8f82851cf957f421925fc96902ab1895db,ccfc2f03f903a9cd33f1c7ca7de073be413538239060746501640e98fbba99d3","Three-start orientation coordinate search, at most eight passes per start; exact template sizing for each orientation under certified requirements; not global optimum."
ALL17_common,4,16,1,2 × 2,rotation_and_reflection,4096,8192.0,4096.0,0.0,0.0,4096.0,50.0,validated_reflection,/home/yj3616/workspace/phd-research/research-notes/max-resource-sweep-20260928/reflection-sweep-20261001/cases/ch1/c4-k16/ALL17_common/5b33f9f787279731075c/design.json,"277c53206e57cb9a3830943618268c0a0b089e983013fa5316165263087a0e17,c30dbdea79d46f37f3aa59fabb15db577835ba29ebb81f168820bdb868ba6acb,f187202e0c402743cc08c45081313bba376413bdc51c48e552cb72884da3a52a,7722c5fb322e4e02bf0fa7ff6b9319e5b7ada1e88cc73d060ff7c41482b9896f,e6ed0e1e956114c0950c02ef503961141646cb811fd11c74a3898fc5be592c76,8f0d53b6f50a13129e8a05522991d932b8b3ed585edad9534357507643c2460e,5b312ea2b314db1e4be9c916e141d81334ec740ea3b7a25611405f9d87614734,8f906819a771a00564d7a77961f96bc0ed68d2835c1a678b9f3e3daaef850637,6a2b39679cd38caaeb38f54bb0ac977f11f3affd150ebe1766399a0292e254a6,f070a867ec26b36d7c878c62b46b80e7e7437bdc5a54ee802144379760b6f568,fc97cc6bab36ae41e7b4260c7ab9276b7fa6db3370d8d5bd45956150c344b869,8d34de3c59b4333616742d5d7a4a1ea6202c5824af4203dd83c812202be41bd5,13c374b668ef57bd59614e958e7ab4180114439210568eb7ce85a5edd7f7458a,a0e629f90ee30a09792aeb0a5ac25f795a4aa8f879c03478806d3ea3d9e9829c,9fdc7db23cbbe29a7f96e60c8a9959256e69db8edc204af7b61e4f5fc5503671,91528a0e8c51ea5072ba06a75de8e719b4b07067f14ed0aad73fe0486d467ec2,6670cc2461b87e67613fb33b1cf4e360f688d89fb3e32ca73ca8ef83977c732e",Exact enumeration of 16 legal rotation/reflection assignments for fixed mappings and certified channel requirements.
ALL17_common,4,4,1,2 × 2,rotation_and_reflection,3840,8192.0,4096.0,256.0,6.25,4352.0,53.125,validated_reflection,/home/yj3616/workspace/phd-research/research-notes/max-resource-sweep-20260928/reflection-sweep-20261001/cases/ch1/c4-k4/ALL17_common/61881df83a10d4cd8d67/design.json,"c8dae38e1c0701426ade5c1cbdb18cb0cbff949b973cf13966ac2d7d748fba48,c0bde89c849c175f4db02935afc0673479893acff9b135e9bc85817397f3b024,d813e7147dc788404e850a56735c18a7445b7f13536304e4636c4ef10ec53175,3e76f28148605051edf6024110dc77018bf93e7c123dd1ce340f13d4582c7d9a,12334d8991a33f9b111aff7c9394f6c291e420aeea00a6d0496713921bb85ff6,73c6ac41ab3afa350092e5fc3751abb0bb02171de8ca4fe52aba2ba348723792,e61d36c41987f7489b368fafa9dce9a9ca840e143b2fedd7458ab9980934be7b,48fd536120824a1453a07720865b30182982cbe25ba9fb95fd17ffef0f05fd40,36a14612879084b2da580d3d73fd9ec49a2891bf9fc71c5408d9177a2e516dcf,95590f0f08eefbba6b14095272982bf95e6ed975e2a3c6f3b67a946ba2949043,d4aed6285abcac34d307fdc09b50a6d0749d87b3cc0156a54a415c90e1f7a5c3,7d2fc8d23ae869421dda388b8c7e0d82e2027b4b52d011eb646a04e88405d035,f2ed033d0c9af68d342a8de56db74e1961c6f95da81fdacdd03e477efc180bf4,132120595e5b00bb0f1ce1872dcec3f1b19379c46aba260c7029da42475552d8,1a4d824235fcdb9371c39a1d68d1e199d4eee1ba579038de4d74a8dbd7f6916f,26f5178ac58190b7ffd941a4f753673c1fa208e600692e08ae1e534e5f6c6ffa,6fda3f911cb38db5c02164828e8b5299714d06ac7cc395e161db2a8c73d52570",Exact enumeration of 16 legal rotation/reflection assignments for fixed mappings and certified channel requirements.
ALL17_common,4,1,1,2 × 2,rotation_and_reflection,2112,4352.0,2176.0,64.0,2.9411764705882355,2240.0,51.470588235294116,validated_reflection,/home/yj3616/workspace/phd-research/research-notes/max-resource-sweep-20260928/reflection-sweep-20261001/cases/ch1/c4-k1/ALL17_common/3f016ed8eeffe3218e2d/design.json,"d8fb40f3f52c55f679d0f5730c4bfde80334a8dc71ed209273778d99cbf9ef28,ad3cbd66308a6ace8ed1a3028169e665b29fb08ce3f875e1bf1b5a3af16782e7,ef5edf384c3770458ce8524b4a37176e638c1a331504170a061bcba67c5c59dd,6db76f18deb0932b9091398af954576adbf02f684f8addcd2895934ef133963d,0bc89f79efa6378714afc46f4811e3b14759597bc08d99a5684c8c7c4db15c0f,6848cb322aa40a0650b30313bf8fd57a685bf62f926e9cbeeb9a6dc26a2f2d10,d14a1e7a73b78450832653b307d0a7ab6b7d2c06fcb46db1802be6004ec30027,54576bc82da2316a453f3fbc61da3f25b8989ba3c877e377042ac45876a2af70,0fff29a32c09b500212dca8b13f9dcc671b773f09f1485ffe8898aa69a11181b,3e2d56e5759ba817b00cab6f960bf98afab4c9586532ff1efedca43d075336ae,d066e5b6a5e056d1050087e14ef6b89f82febee7a42b0057038781eea8c089c2,64293fa01462e878fcec02fcb1fc10d538ec8414839c8ed96416ca4aa4875ce6,88dd3d2241c48536b4c04c2e0b76b9105c8baa536bbf90f4d754ef8aa5cc4dd8,234b1d0bddccda4c4ed378c4cbcafaec7a24eb6cd2572bcbb5ae2398fce6ebf2,80ec434487addab965c7b3325e36c0e5fed0c753241c63a34c3efed2cf117e8a,adf62d1c96e4ee5990168280e179ab3caf59a8b696900dff99d1d860b03fdf5a,2fffcea9bfd74eb7cf51faa0b735d45313ffaed1f707c8c2d10cfdac086cae0c",Exact enumeration of 16 legal rotation/reflection assignments for fixed mappings and certified channel requirements.
ALL17_common,8,16,1,2 × 4,rotation_and_reflection,9536,16384.0,10240.0,704.0,6.875,6848.0,41.796875,validated_reflection,/home/yj3616/workspace/phd-research/research-notes/max-resource-sweep-20260928/reflection-sweep-20261001/cases/ch1/c8-k16/ALL17_common/4a6f030d068ef0e16ec6/design.json,"49108511b50fecb7282786880ca71627a2f17b2b87a3db2137ab615bf9d67f4a,0d90e1061a5a979ef4305818bfcb26b6949a77570b05cf919cf29fac49dea601,b2ea44bd03d6040e6fb587ac3518dfb960939d978393688e2088ca4e2916ae1f,e193b7f7c1742c9e3744782f06d0b546bcc1ace4c0c0889cba15cdcf683729c9,3c14072e0f2155942dbfb4476228d8119862dfeba00e05cc02975132bfec3494,a2ddef368bae0a6571cdb3bd10407a3f735d47b2675cba119de91644b8ca03f9,fc8a3a65ffd03d88319b7e330993fc5d2a4dcdb8576d33d5e69db16359946afd,d9c40259f7fcda82431de980322e6cb28a2f89330017cc7425cea1423a9f3f73,a4958d79f9263a38b765886e2043306c597d81d59a55d9eaddde752800f6cb7b,f628718fb7951d2ea2ed0e947dc48ae730ae06754ea509bf7b774a42dd8493ee,5e6eca7a8d8e828c05d373f06db22c23879da5da515b7ef4f71fe811a73e14eb,d56658122b516996806544b0799d1d154689e1aa4105231b159e4c67522d4080,75b46bcf3f6deeda1983e9266fb00d9a5c6ab3b0d3c52862c1ba88dc082ee346,dd479914e8cb82a47a7d5fec468294a85090112da44a1425349683b1811ebbf5,3a4427a1d3ede7dd35a62d4e1e55f98b7e34c646b2f30ccc77a852908b6bb1e2,afc30c933501a1f0dfe06a9870c44c9187535e0a1f0f5433229ebef944a604b0,26ce3dc3671c2d3da19185f6f22fe8c4149bb04528797b0e02cd0b4e8bf2dd7d","Three-start orientation coordinate search, at most eight passes per start; exact template sizing for each orientation under certified requirements; not global optimum."
ALL17_common,8,4,1,2 × 4,rotation_and_reflection,8128,16384.0,10240.0,2112.0,20.625,8256.0,50.390625,validated_reflection,/home/yj3616/workspace/phd-research/research-notes/max-resource-sweep-20260928/reflection-sweep-20261001/cases/ch1/c8-k4/ALL17_common/9db9642ae3c089d7e021/design.json,"f163db3749077ceef8e4f09a5ec65948f6bb21252cdeb2fc96600477d03b3952,9191cd58ae09e1142be235b82a4f5e3f2e5f389a9789e1e625c8f01e5a31d6fd,3d48f4580e2bee5b1d6973b08d021ab8835026991f44a5050fa226db6a40f298,b85253e87970cf5d9252a95ab584d69228781d97aca9bb8a254ec1245997c118,0db17afd3ec5d36b19d18a417d7aa0a3598063cfc2b079f4a3baff628522f627,11b34d1fb055accd1dfd43719457bfc7550bd7e0dd43f1b6bcb1eeed78f4a09b,5f3606bcd19894177e62b9a91a9f8aa7448a779dd5d6c6174da1fc57642de947,1f972997f2f9d8e9dc70ba3894761457a33ee229cfe978c73d83fc63fef01706,82e012c27c247e8e2d27d0c2d2bb96190e6dae9f4e03b0b8ac824b373a2ca1aa,8bc5677c9e7445a67408b0da4226035c4189bde92e59dea1475eb2ab92c678d2,4d7dd735e729a3bb20882b85b9aac15a71f1b2a354faac5aa7b9faec2c31a773,c1c9efbfdeca8feea751af7e922f9dcd428086b5759805da8eb23a10ac52c97e,0b1321e2a96c4ab79dd4ba7740b946d73d325a74540387e33c4dcdcd7be4f119,7bc84c10b1d501765112ed821f62ef0437c535785bd6ee6939cb87aab33e7f23,7cc2f9586e7fdbc2f846dfc546939e57451ace28a0537e5e6cbd30dfb25a8887,9c04d4228c13fc9f711d6dbf0c6ebef01d5eb3ee978b4aad19f85afb712dbea2,f72d38c176cb0a9a13c1fcfcbf24eba63a544796abc8f3e01f37d352f86a8c67","Three-start orientation coordinate search, at most eight passes per start; exact template sizing for each orientation under certified requirements; not global optimum."
ALL17_common,8,1,1,2 × 4,rotation_and_reflection,7296,16384.0,10240.0,2944.0,28.75,9088.0,55.46875,validated_reflection,/home/yj3616/workspace/phd-research/research-notes/max-resource-sweep-20260928/reflection-sweep-20261001/cases/ch1/c8-k1/ALL17_common/35e7b4ccc207f57eb5af/design.json,"001a7c539798beaadee305427c89e187fc5722ab312585e3ebe7dc7d77594d8e,63b3b8cf965f5a1525672f4b30d4a21229a89928369659fb55f1eab4a9758eae,997daf6e31836e619f1e2b077b66b6935f4617ba905560cf815a66a35f0a5e4a,8a3bc81ee3593e9915eddf86424bdfb7b9e588e518be6a1958b23c92cef791df,6e9a5abed839aa745753cdca072984a534f1a806211ea0e0c52df9033026545e,38d90671d586b63dcf9f5acbe9a5657d5d1f095d2ed512e54df45919b60d3d89,2e2457f6953ee09cd4c7cacad102f9f24201741b91c3fc1a09e848aaf51d01f0,b6cda39ea23afafe767795b4b68c7ad6e48279b2b9efe83d5df099ae7e102592,bec0cb16e4aa0a84dda67638888e2ecdcbcac84707ef16179da67da75eb9a750,49de33109c2822833f0056f05b08edbe0c9b462a8f01006b7af10c888d9b680e,7022d0b8c4741be52162481f353f412880b9ba7cbea2e51db4ebad3d294a6186,a01b2c9e1a0942ca43c6a365d38421b4b53fbf6ac91e64cbc7189702fdb55a38,555513db4170a9415c269a118e9326483a05b610429ca9bc40c55961b65cb662,8f2b36a2edd37ce4518f6a9af48623de6fab08610e90d5f0c6d6eeb8a4dc6d90,45aea3af18fe82ccb0685c954cd3021b94618671f69381e2e1440af0b3dd55e3,8d436cd72a8e20ffc4c640f2fbee5ba7d7a127a21eab96e4b2c3aab50983d725,e14f3da834a934edffadf3f8741d203fc30a4595b8f07e4699f521e85b80c991","Three-start orientation coordinate search, at most eight passes per start; exact template sizing for each orientation under certified requirements; not global optimum."
ALL17_common,16,16,1,4 × 4,rotation_and_reflection,24224,32768.0,24576.0,352.0,1.4322916666666667,8544.0,26.07421875,validated_reflection,/home/yj3616/workspace/phd-research/research-notes/max-resource-sweep-20260928/reflection-sweep-20261001/cases/ch1/c16-k16/ALL17_common/8bbc95cb5d53ea35744a/design.json,"1fdff2384aab9a37c8f818d18f4959a9b9dbef2a61dc41cd37ab0559fcd1f36c,2ce9022737dfc9cf0ccb4560fe553baffd04dbcef37e0ea00933423c3246d2f7,e64b868aeef83f19564b4bbf0a93b6c0a04dc09ad3289994cee808ee98f9a5c2,b13c8d06d53ddef5b5890ef5b4c7e9a36f27ba6dd252d457d4c798b5c2e3a836,a08b83b062599fbd79b633d8d8fc191af2e6a0a7bc4c99b411e1c22b434999f9,ec983f7841230ca259dd4ed38f34ffc7d51d2a7ac071f8ff36b89eb5ab3f283c,e387ddae7b330e48c01916e55c119948713e429a28d5c61f08c72ba416f27b02,52ca82aa5a7c7ee7e00482ce3688fb02c6c93aa45bfc36153e6cc2ae9397a596,ff9e33af61b559b6b6f501e4b5406526ae6fd5cc20d995fa66e4306031a73238,b9fec38b61d26bc55d3d4f86cad214c0201d195081ec7d66c54ddc6073c2ec1f,814583487aa50eedfb9e04a7c5b5eb94ba668e59dbf58d3e567c35dd42eacafb,adc742c2e125509bcd4a3a7bcd24ee8bfb2f9f5f4cdd4ff1383b58f6040c8055,ed9591b2835fa31c998d5ef600923a3bec04b31662c75bb3f4ad376ad29825b6,e037f5b322bb9cd7854413821d8c2e05e29a012170703b1c52053be36a381f34,c4de9c5a47c16b9d959307dddc5ef0da8c964956902df906414b6fee2a67712b,7299f71e80e622df4ea4544032f976af72d6e9ec97d2c87331415097c5443f88,a1b5811aed1d37362b051ae5b237483cdfd3af46666f14ab67433c323bd30b48","Three-start orientation coordinate search, at most eight passes per start; exact template sizing for each orientation under certified requirements; not global optimum."
ALL17_common,16,4,1,4 × 4,rotation_and_reflection,23104,32768.0,24576.0,1472.0,5.989583333333333,9664.0,29.4921875,validated_reflection,/home/yj3616/workspace/phd-research/research-notes/max-resource-sweep-20260928/reflection-sweep-20261001/cases/ch1/c16-k4/ALL17_common/8fd897cd28567ba5bd32/design.json,"fa814298006eefa75f3159be923cb97f9301239d06fad59bfe852926b6946d83,e28fbe4b6e2a04f0c34cda3d6eee2b75c7fc94d8af2f15159aa8902023fdbe1c,3622155703c82727c316594ec939c98698bf2f1e40d51507e39d4d19ed49728a,c88da88b59a1a6529174fed7056893442fe0585fc67a0c74bc0da396baed6cf7,a2e8d4a58fcc02459ff2546a457fbafda907d776f4cae5f664fadf7bb6126aeb,8f3b5ff39c9a57661a42a33d42af4f6aa78d29ede9d1573ec28d96b21daf18a0,28f274af33b265107e1d51dcb56c431e3467072ba9ea4a2a9d19d581eaed0879,557ec044275bebd67bd0f372a06497655dd4b2c2fb025358d4c05eab639756ea,e4237da9ba11272a68574b25f05548ece25e41c2d96fc101d16e61db6bd9d7c6,e2676e727b016fe1b72ceb90bafde3a90b2736b90d3bc1302b7b38b76d9c4490,8ac9f4e81e920f14cd7fb5aeab4c663781adb8375cfecebe2437c26a9b61d4fd,b603e84817930b96203aca10d1c1360c3cc81322189f4a65b3337472d88877d5,f941a3dbbc65c757b20b78547de1939326b143712a40a5297cc531cc8fb7bdac,f54984f7b204a1c96a08328070c3ef3cfd0fb8d80c4844aaa708659ea350a4d3,6a6bf6fb41079018f95f20b304d5a2fffbb624be1eedfb28f07f97b77b3683af,6dd84745db8fb24312d7661feff7a331d888b5778646168a679c3a5a516bd5af,28e7a98f0a97a342f1f056e8e1539180dffda0f886d11d58b864b81ac6e61816","Three-start orientation coordinate search, at most eight passes per start; exact template sizing for each orientation under certified requirements; not global optimum."
ALL17_common,16,1,1,4 × 4,rotation_and_reflection,18656,32768.0,24576.0,5920.0,24.088541666666668,14112.0,43.06640625,validated_reflection,/home/yj3616/workspace/phd-research/research-notes/max-resource-sweep-20260928/reflection-sweep-20261001/cases/ch1/c16-k1/ALL17_common/602b7ca4318c8374df4e/design.json,"19ed9831be2c9f4f929cd19e095603b7fd49428802af6c1e569b49d4caacbf86,1e8a0a821f28512587a7beb96c60409b8272be6fa01e7d5d0409dbaec5874088,cc1c0d059082f5ea116e78d100e86d4b388a5b4399f471d184324b2e400ee015,7b7cc929728bf50300ddc070ff2f11cdac4df07b2bab436298da2c6de150ffbf,1144d75eb78f301ef61ae5c6f4c7ad2f37a94fe83919b67599b4725cd2cb88d7,d16591865153bca7f7fdccdaff952bbff192a650bd34373d6fe5ca57a4b9c477,c529b5098bc0effc8c345a82bf6ab679b9990d55d72440829f6f7d7a26952812,4da57322bb1d1d61f61a6dc8aa5902a71372241eb2ed679186cbdcb7b2d7f4cf,1e301a0c9f61dd6af396f476f9f01e0e565c0fd86b3dcc34d96d53aa3d14f3c2,fa67b7f2e37cf93dae63f12d238cfc9d84dca6a46ae6fe6b1490253cfa26d8a6,779b9fb1a8859584d54506aa40bb1eab797e0233ab719e971db39567398c1962,23a34b3daf0f83931f641078be78fe04ec5d737ef19d187008900c5932b89c11,0f428f1772d964df5ae7e5d15d2849c4c1459f1f9d9df24209bc41daf6fb4e85,fcc370735923ae89ad9ce26f60c4bfdd4fad5fbbda5ffebb8a1ccbcf934953a1,2705f8f9db5fea8ffe3651682b5864031577b9fb7af13d7956ca9e718f2052df,88ae106f9557bc189b6789f37393903bda3cb343f9012eb54c6f441b2d4afbb7,a3a5aad84d148a51b9e6cf048b2f7137b82a2076d216b6610a354049bde29223","Three-start orientation coordinate search, at most eight passes per start; exact template sizing for each orientation under certified requirements; not global optimum."
ALL17_common,32,16,1,4 × 8,rotation_and_reflection,49504,65536.0,53248.0,3744.0,7.03125,16032.0,24.462890625,validated_reflection,/home/yj3616/workspace/phd-research/research-notes/max-resource-sweep-20260928/reflection-sweep-20261001/cases/ch1/c32-k16/ALL17_common/4ee8497c58ddad8c79e2/design.json,"b507f1b45bbe4889473dccb429b0c52f58a8707739accaab605fa56975cb5398,bc020bb96ee8753ecdaf8627487c4e9d521648a891ef176011dea4d035c0a56e,825eb537954f2e3e6b791081d2f8030bb81b8dba5619b3c28b24bbd23a748014,31935da85e9a769446b91a8264fe69c803672f78be1bfd06b3cb6d9e2f3a0bdf,3d4673d3ccd389b1f6fd658f6ccbc69a23c1b0ee7126e27f50e7f3fe0b541387,555c8ce271e645a4d4b5cc354545ff46090b60e612a2fa09aa5106e61559d4c3,0aace2c3283c64d981660950dea0c2f748bce04aff1491f28d9f86f5f1f02891,c4f1e9a6042d718289a9dd5cf13cbc9e86e60327843bc6efa63909fbdbae06bb,7f0cf2a6c5340ebaa6fd0105c70db1cab37d276890e876bdc17e7119c84a6f09,111f06a49eb2ff8f80903cc2833df44f3c49c87f302f06caaab2177d5d35e0f2,fcc8c292d25f9532de90e07fb1e66516046316beb8620c604ee0b8d52773b48e,fa5c4d6dbb9dbb1c3ad04e333525f8c9e8caeb1f019f07eddc189e644a4d6724,b410e6c867a9f7e7b2a680c81fe362175e6334dd3e026f3bb47459af97b679e3,ca713b13fd0f4e87b80d61dbb57a6b9ca6ee4ba94cbc163f40d1c9a28948874e,515dc8516a48f5467ece6150d136f6ef5b0f2a5e8eb35c83208f2ab5d3be6090,4a3375cf34c45bf2f29c536caeb907054db44d25dc6889cec35ceda3dacbcd3b,ce745051c1192adbfc59ca66481948f592078fb8d3524f77f676ffc31e7eb756","Three-start orientation coordinate search, at most eight passes per start; exact template sizing for each orientation under certified requirements; not global optimum."
ALL17_common,32,4,1,4 × 8,rotation_and_reflection,46304,65536.0,53248.0,6944.0,13.040865384615385,19232.0,29.345703125,validated_reflection,/home/yj3616/workspace/phd-research/research-notes/max-resource-sweep-20260928/reflection-sweep-20261001/cases/ch1/c32-k4/ALL17_common/637a990c71e3febd86f5/design.json,"2840eefa6298c02cc722e9e13f7d8314e8b25cc2466957d75874d02dc05f9f5b,e53e686b485c2d6cfaee371a1dd5c6b47c46e2d30933c809adf34a7318bf056e,b33593f552856b6512d163deba5ca9bee5470d43dd2618b00a55c8eaf6ba8e61,8ab7554ef97ce3f10501ee16b86684fc8df380fa6c3329fe4dae6099e87ccf60,ec036cc1e7afee61a1c513a6e83f8dd35cd6185c29674c3928b27566ea547d22,ee8de7dd45296d54c614ec899e4aeff6d759a3c779df222f665e2c5726f5fd93,5955873ea2860a5931b6aa6641ba63aa115e4a4b99a40a941d8d0f0e2c22aae8,cfd16647f868220fdaa889d7f0596076f111bd2d287107948a6daecc8dd09ef6,3f23305b387b5d49f263421b5e611aa9a95b6eb0c705030c0c8bf2f3dbdfa44f,e63a0ce59948edc536a1600a5d0b4128ef68e79fd55cb1ce84503962328ecb41,dc1aa50dc15f839895d76eccc23c9f7e8e6d8b914dadfb8fdcd596e2e776828b,1504b4b832907341f9f25e85afdab0722fd34e5c89281f70ce6c885f6a86cc0f,a11c34c0825a4422bcec687519503f0dbce277dbf1766afdc45af5f35d653a57,062b325cea253b0c628a78b149879487225bdc9751b835f8f0505b694b7355a4,387495ce54ed42381e537bb9f53e5f8c7c93e65d15bd0932f16d611944a39ef9,6a39018e25355eda7553c9d07dade726b9ed571f42f79db740caa7165644243e,5bac16386efc5334141fbd375c1fdf945fa3c8321f6bd70bc51ef28577dafc24","Three-start orientation coordinate search, at most eight passes per start; exact template sizing for each orientation under certified requirements; not global optimum."
ALL17_common,32,1,1,4 × 8,rotation_and_reflection,45120,65536.0,53248.0,8128.0,15.264423076923077,20416.0,31.15234375,validated_reflection,/home/yj3616/workspace/phd-research/research-notes/max-resource-sweep-20260928/reflection-sweep-20261001/cases/ch1/c32-k1/ALL17_common/3a0bc4877a6e857c8163/design.json,"1bd9a107a8cb7467312b0fc6310f8e49cd744cc367b4e742db7f56317f2d6d89,eb7784dceb75ec27bbee9237164b9102772a665ee61b302b5bfdba123d8e9ec7,ba6f688fc8136c83d3acbac5348d368e67d8bc830eae0ecd1e91ac4765a9a43b,d792d1d91daec7ad12981b5b6c1200d9648963fe20e0263b3e08522c8c31d645,eb87dde5487138dc23c7a8debd212769da8e7bca98294d382323f5ef19259be9,5184e927bf64372c90c88c6651e7c0c43cfbe685b778d5080644cda113916029,02078955664c46a97285ef265162e29f50b4baa17382267459989f13e330eee8,4203b4a196f411a257a8a53fa8513c9122bbaf8f76228fc38018b2e8658c941a,68db42bd5a4907610aac6167e50b4fbdc77b224defcc2c1d44c767574d996bd2,0b5311dd1f637f1482551db7617032eeb8794f5f58203cde37d02b43b367c9cc,f8af01a1f68555d412d1b0a0f0e60a297f28e8cd2326532cfbe5cf43f61be927,a87820113e6b5c1ddc8ae3d03d0b648ff2bfd24f861245e27d0c15ec6ba2cd2c,c3a65289f1cffe2f7414706e089c9cd7a694ceca843dbba59094766bab715f38,cd57acb02fdf75d2ff8c255d63fd44438c66127d1312831ac6c7a74d787f999f,0e1c7fae3e07cf31d305e1b5b4bad9404fae91cfd6e1158735626c803f273361,b46d2b8c9fa7f4975563c034283e79047024322be7c576371b8b5870835d13b5,f8228bac2488e11e9b2537828c2b1a42e98a74348e3956b3d5233f3cd8ff400c","Three-start orientation coordinate search, at most eight passes per start; exact template sizing for each orientation under certified requirements; not global optimum."
ALL17_common,64,16,1,8 × 8,rotation_and_reflection,113984,131072.0,114688.0,704.0,0.6138392857142857,17088.0,13.037109375,validated_reflection,/home/yj3616/workspace/phd-research/research-notes/max-resource-sweep-20260928/reflection-sweep-20261001/cases/ch1/c64-k16/ALL17_common/643fab1b175749a5fc35/design.json,"5600edf6486b85f6f7c266160fd7144d1bd64eccbcf0aa23a1cf8e3944b1050d,30aa3883b8d07ee78854ece205bd1f604278104d0b8871b878d01f2bd3f9bb30,8c7f32ac49e0e1c3effbd2d1e1515ade579eda7ccb5ee828594ee54af8c7d624,f41ca6406e275905cd8559177e00bdf93d421d88185c783b0a4febf6c4ed929a,94c88b63d2cbb2398a875ae4237f824826a358dd47e115d82a7072c99cac8672,e356af612c6c4f602dfcbc267c78ab7b61725e337a0f3ee8a74f8f6d71dc48b1,4abbad70f557edc55c5f33838bc355d6efaf47be837c7844c77def3842e2efb4,a94bbf143612985f86fad676557facd83040cd6347d45461bebdb47fd6689081,8babed454a0ce9c1e6e536d56f0f6f2c313470619aaf284e20828eeb5357b2f6,702b3cd65e6b77b7fdcf89d8e2d17295e0a2dc907abbdff6f602f41cfce089b2,40f14d706d821835e54a7d33b1bafad5a00252c0f94e418a2e47e4fe2320b7d2,570766a2cad4ede5f6e98845eb2e04dc224658e31e48ffc60c9626ddeadbf8b8,94f3cede0c808380365ef398e2b87dcecfc7eada27bacbb808b3000a5c78348d,ee15934680247f6d2fcdf8ec08b54bd62c882836f63872f60be2d638b95dcd40,a3bbbf979c2ff08329b07f26e33c23253eed9fa619d3a1d267dd47549216e76e,c4c74ee3f465db1d837f58d68b84bc62833805431e667d6e57b7ab32442aecd1,fc2a78ab7271201a96b2ff70685a900756377bbf6ca3870121b19845c7995a9b","Three-start orientation coordinate search, at most eight passes per start; exact template sizing for each orientation under certified requirements; not global optimum."
ALL17_common,64,4,1,8 × 8,rotation_and_reflection,113792,131072.0,114688.0,896.0,0.78125,17280.0,13.18359375,validated_reflection,/home/yj3616/workspace/phd-research/research-notes/max-resource-sweep-20260928/reflection-sweep-20261001/cases/ch1/c64-k4/ALL17_common/829cca8c4a0e4b2001cf/design.json,"9d3e2824cdc71434c339b170b8109848f9358314663b135af10d5813a1f3950b,ee3d7fda82f1842b1ce797610b0b712532a41dddc449066e8b33e60f89af2840,98fd2c2c5a01e7fb369486a82335a415adbd958f939243cddb7953b926506217,9bc6b3a1e219319ebb5d72e9262e17b65c66655d89326ffa0218642265e5abf6,947d8870e218c622d5bb1a803675709cc2ae9960febe899a9f68b45ad2c9231f,a1711c916fb7b7044ded59b55c4a43bf4a3bbab63e95e14017497279b944b8be,84b8f8a98e95c7583aaf1e8c63d6a0d0ff532a67743397810e42a37fe91d27c7,dab101ac42f9ee67c7e7b1f9915e10ffb01e0372f4484c1941e221692e7b4b68,7750f43177763a8894f5f10ec8dea0580cb045fcf23154f4f16e8b8be5adba00,b3ce4b7876314239673ff4cc22cb4388261a5f2203db4dc00313d122d5d1176a,2f36f295e9ddcc338037f7c3b6389b34b5eaaa097e1e3632f08d04ed0f0292d1,367aba9f3ddd644bca3c55e1558fed7de4781ce4b478bbe159bee3a1be00de82,238801d3da9287d37fe8d6fabb6bfa4076485669be9f02906d60edf3bd8ddd29,8be0a463f9c0387bbe66e0085d02c1f645ac15086e642d742889502b415948af,5aad048268c82934b7cbd9bb95df50e26d319d61f6ca61f8d1bcfdc946473c45,8d988c233d1744a0a50f71528a6e891c21c87c4eca0c2da6972ca0dbb3994fd7,d125d028315a4306622aad91e4ca285a67fe6b776a1b6ae0fb9645de54767776","Three-start orientation coordinate search, at most eight passes per start; exact template sizing for each orientation under certified requirements; not global optimum."
ALL17_common,64,1,1,8 × 8,rotation_and_reflection,105696,131072.0,114688.0,8992.0,7.840401785714286,25376.0,19.3603515625,validated_reflection,/home/yj3616/workspace/phd-research/research-notes/max-resource-sweep-20260928/reflection-sweep-20261001/cases/ch1/c64-k1/ALL17_common/95fd979ca43ee37326c5/design.json,"861d345edc78dd0a05ffe11203842787faafb2e9743aebb88d86b79e27166931,eeb0cef023c8db688c866e8a0b24351e8de3a0bb9adb2d28f0e64c0ea27a2560,b20d10c94a53ddff0bf468a9d9b4632dba3ad198bc30586080cd918b8a607983,9a830c1ed06946c9cffdecac62b78f4212c673d2e1a663d1ea09b345eb336c61,4a1bdf4bd95fc1ee7ca09718dbe7fab44d75f98ae2eb6c24ed5eb76db260815e,44f55ce0c71b9bf52aa1959d19caede951faa578bae4d0b99df19efbe4d88ef5,14206ac10b185f5a314eb63b5cd0cf598b293fc07cc9c45f521226bf613912c3,4edc3bf47d53e352cadeef845451dc6c6d5b21fa7e91db9b48478a61f31aaca2,2614d25efb876c750ded2d5d9dd7bb343a87e2d7af15b030b2f931c3288ae721,bb49b40c09a29aa9ea0ae1f9e6253795fc55896344cac0c253a2272592da70b6,d091601fd04ecaab9f5b387f3c6aaba3cd521ded6791bb75063376ee669483bd,46fadfa9906c39a3d255cb0eb24c23984975a00ac2007c9e6b024b1bf7129b18,102ca397ebefef4e059798b98e7786eb290dc5e5cecc3d93589af564af5271f2,15830f16215608db9ff66a9890f5505c526ff73fcf3e1cfbb5266413c20c4589,6d3c041a40505217f2eadcb6d7edb56281fa8407b6da303cc0737c416e899f94,b9a399d344760111b9bbaf6b59dbcb3ca500b9f6e5e6357675bbf5f57ab9f64c,d1dfdaa8a7335ec45927443a7d32f84a240ee91d6d635b107beb0f697ab8ffb0","Three-start orientation coordinate search, at most eight passes per start; exact template sizing for each orientation under certified requirements; not global optimum."
ALL17_common,128,16,1,8 × 16,rotation_and_reflection,,,,,,,,not_computed,,,
ALL17_common,128,4,1,8 × 16,rotation_and_reflection,205248,262144.0,237568.0,32320.0,13.604525862068966,56896.0,21.7041015625,validated_reflection,/home/yj3616/workspace/phd-research/research-notes/max-resource-sweep-20260928/reflection-sweep-20261001/cases/ch1/c128-k4/ALL17_common/86c8acbba3b838b566b0/design.json,"482093ad0f2d35ed2976ffe1cabd1e8ed2f417b9eb64e4644f0569f9060122d5,747903dd12c7fcdd6110801e4db99cfc3d1fc59839c5aaaa4775c269faedac32,5ff0f40c254e3f0d57db901553e38acdc2698a5ace573504c62f22231dbad572,93ac30b244ee11d84b5c62137b16220a59b56eea412cd5a4187e0cd73f7dd1fa,89dddd1b2ced7739a7debadf894e49cb4ad40e889f930a32f7826e48a9e130fc,48ab315c36cf9de3f6f528385d75479b125e70d7b65c04c22edeabc4915073eb,58615dbf429b8f61adbcdbd23934b48545cbaa8b57a0103c4087955128fb97f1,2881fab2b1d1bb5070ab758eeaea88afd065feabfebb7b768e18bfbb4cb52b3c,70c3cb2b556173173651a8530d8b54602f97c8950f452bc2e8400b7a34507974,6171cd7694b215c35bbc1cc3e85e98ed76870bac4451addb65b36109dbf85c83,dc86f2c3296a84cc1f23edad1c956b57381587bb80086b07df460c7394e86d14,37b90a5c61e9ec0de338a2cf4a9bf6ecb6bb67628c90e8bee8efe3d662bf4555,3228bdc58266f59067921b7353967cc7a1e9c1de9f3e5c2b0356db58c65291a0,6305604d804b6c4b0d262d4b7c4a1ad61afdaab018b1ed6ca02a2489fd1d9ee9,6414f5e1cdea424c2542205fac8b6810da2788b32056e128b05ce96fd05cf252,5ef6078df809976a3f40203e8524d1c65e692689d04109b5a2b121e8d122efed,f8a9af9e8167900f4d1fd89a5261e46df372d31778776a061884cca82986d559","Three-start orientation coordinate search, at most eight passes per start; exact template sizing for each orientation under certified requirements; not global optimum."
ALL17_common,128,1,1,8 × 16,rotation_and_reflection,182144,262144.0,237568.0,55424.0,23.329741379310345,80000.0,30.517578125,validated_reflection,/home/yj3616/workspace/phd-research/research-notes/max-resource-sweep-20260928/reflection-sweep-20261001/cases/ch1/c128-k1/ALL17_common/d444db0cbf1c05dd03af/design.json,"26c67a946fd0b8b25a6fc42a475897e45b149ab2a3dcb1a306e322c62a0e7f6d,42a48fb322b2fea059aa52ccc64be7352e17be938a9aadd0b4ccc828b6011c85,c4f7ec5726a06a0df60e7f9b758ac91f2e61c178380bfbd771af1ff0271a6fb0,fc8fed94fc3e400cfcf9c2faa1a91560568909a99308120abf5063e43ad8c7ae,633286bc2950489f90a9186675f221f6959711a4b5b17b360540b7c8598896f9,e341cedb0fc0ad1e5ac32fecab2de06951df6d898d260ea37c57783563cfa8be,3606aeab79451494d31665232c21a4b8c8f459414a6f7ed8ccfdf16bd72e8005,f509917fa0be946aebe063e4a5c1d2404feaa837d4c87336e79ee1e36dcf178b,cec684c26f6a078a844c9694cf80c759d885ec2ad92df71b31124ae7989e0af9,2805bca7377aaa2a128b6780cfdc0581f76c7fcf4991fcf65fedee2737a3b8ab,bbdbf8e6a460ddf0e04012dd200a50ae96c37192af754ae164c522c647bdb32e,c249290092fd09b72202474fcbbc16a36f506a3fe395daf700f97a6828e7786d,fe7a2e1bf426a2be2e972fe44d48631c2f552ca9bc06e96d88d37e9491caa3b5,142fa3606aab98716820872903286e37fa47c05b35503ae892a5585d6dfcb01a,35766c8c824c900df41622e48cbf192c770580dd61a37c025275310d6cdf5406,097d87436710e726ecc56833d0e4f7ef4fa327605e3d4668136447a2a2098e0f,8d9056aaad0e62ebf9615822103c68178e1717dcb5976c9c0d3a34700058b62c","Three-start orientation coordinate search, at most eight passes per start; exact template sizing for each orientation under certified requirements; not global optimum."
ALL17_common,256,16,1,16 × 16,rotation_and_reflection,,,,,,,,not_computed,,,
ALL17_common,256,4,1,16 × 16,rotation_and_reflection,445440,524288.0,491520.0,46080.0,9.375,78848.0,15.0390625,validated_reflection,/home/yj3616/workspace/phd-research/research-notes/max-resource-sweep-20260928/reflection-sweep-20261001/cases/ch1/c256-k4/ALL17_common/d090e5f03c7c44a5f677/design.json,"e035d15c2001b2f3421db05dcc1ffe132730df2ea9e0383bd74fd0bd3a20b8a1,a1d6e72a3042315dbdc916b90a87fc0a7c1ac499f0b0adc2dc2146282708b63a,f40a53e926ba5308a64af7634d90c8af031b265de22d62d7adef4baa8fe8eb91,2ff56be97d20c3c92829ae6ca0d68213107ea969dcd9dd616c960c27349b1154,6a658ca674797b3c8f054e7d15bc6efe43596f2b10cef6aa32742923af6b8f85,e328de1438d0ab8b8f8625c999890d7efea0230e3b6ff35e38ab9512ba2e2c07,0f9c4ceffd4f2c740d80d2fb92889105ff54da75c91cca2f84ac979eabfa0919,00275a0e0b16a1356a801c7e8fa195c88c5a921be81a69a1ac05ec4a0e001b54,64d6af154081863b2ceb33633e41f725253d710293ecc16086453a2ecd066f7e,08458bf16a6be51e0aba1e36fcd6794a929e5cda984e4fce273eb4198ee780f4,32da2a2ff27cfa1d5f43425e8109e79ca390cb3c07e51290b8493bccf141f435,13f33084c0c9a7b78c184574d9270ace741e661feb8b75afbe5f675bd8158ecf,971f76cb41d241fda7440efb17815d1c6574ff96f7726a4e877de30c1009c94b,203460e208cd2575436aec6ea42df16a22ab1bba73a5f817d631e486e102ee36,26dbb2dec9ed3fe48c55943fe7f6763cf7b25d150487528a16ae083cc45ad18d,702aec9102d8c36df70d79546998bf3acec7182e44a6d5f4389d3810ca81f3f4,fa4f8f2cebd51c1368f7010483bc65100587e68e0a7a7343946e692577b689b2","Three-start orientation coordinate search, at most eight passes per start; exact template sizing for each orientation under certified requirements; not global optimum."
ALL17_common,256,1,1,16 × 16,rotation_and_reflection,457824,524288.0,491520.0,33696.0,6.85546875,66464.0,12.677001953125,validated_reflection,/home/yj3616/workspace/phd-research/research-notes/max-resource-sweep-20260928/reflection-sweep-20261001/cases/ch1/c256-k1/ALL17_common/0a1dfcad3e17fb7998e4/design.json,"5b42125274ae88c0f1c8689622f7c8e17a3095279afeebad123c7bac7fc508ba,86d770f122d22e4cf6f7a4d475dfbc2631349f97a6b8e3933df143d23996982f,c7227d1abf739d67c7598a6828966654e3cad87d27cabc8103a1062d93e2aee2,1a71314c8b39f3a13d866fc03f912acd44cec31dfa32b656d26d5286b04cd457,5485af3a075e3ef490d3885751dfa8ef311448d26cb9700ca2338afacefd0c93,072d70accc891320d2e674d78d45f66a96ae809085183cc92ad031b6e57c32f6,4eb898e1686d116ec61feed00e13a5e264bb6d3faabcc15595e07a2bb9a0cd48,d6078c5da57b6d969c536ae99cfb56fbc86a63fe72be262314ae47a759e3ed23,c5de797ca4b25a68b998a0d62ea706b965edd99c040713bbeae57e4172708656,54ef316868ba20304634dacfa7c78df7c88463ea804f4ad69af3e3de08280ed7,cdaa86951d4ed823ac8ad20bdb6d5ecf5031eba822b70c000f31a1037a1a1b7d,3393c2d7affab1ceb92f11ebe46ac833477c60c961a2ec8a76c486dd79fcf264,aae5b8c37cd39655ba7afced47b2fa66c9926d702a3933a918c5447f9635fa23,3503ee5da7bd7e624741685c1e24f36c972dd24fda645f3d061c5227b55b29e1,8bf6177ae8fe80be24401e48a68fed5771e79fd1953ef25de6ad0208c66c83d5,434bfcb808bb000ca6eec4a92db45e3b2aaa8feca7ed12d6b095ec6aaf7d0d27,ddc67b57c1f99cb3fbf3f80801b14b3c92748700933888d19df96889915104b3","Three-start orientation coordinate search, at most eight passes per start; exact template sizing for each orientation under certified requirements; not global optimum."
ALL17_common,512,16,1,16 × 32,rotation_and_reflection,,,,,,,,not_computed,,,
ALL17_common,512,4,1,16 × 32,rotation_and_reflection,,,,,,,,not_computed,,,
ALL17_common,512,1,1,16 × 32,rotation_and_reflection,909824,1048576.0,999424.0,89600.0,8.96516393442623,138752.0,13.232421875,validated_reflection,/home/yj3616/workspace/phd-research/research-notes/max-resource-sweep-20260928/reflection-sweep-20261001/cases/ch1/c512-k1/ALL17_common/562f85947dcf02a77115/design.json,"045a5a6e0b71a043e25756875e929b47577dc7e68c1950fcd0a8eaef4dd255b3,9df193027078ff0f897026a329540055b85301825c6e78636d42599c63066a9c,daaf0aa17fdd5169e3cc79cbe2642ee4190b78ad0690add7651eb9c4bb1b857e,19788e166fd91dc30bf0b67c14e0f88a9dc0aa90563ccf0d109ae1d71206144e,ad2c84dbd23ee4b2aca775bbb76a042e4ade3a122ac8399a1d1f301fb7eed4c6,1b73fdde140f1b2760b79f42e7063740dfb2b3e46af1327bee6210d8e7a4842f,96cdf87c79a369bda3324f7793d155b960520fa55cc7cf96f8f476f4de29c940,f2f5a43bce581e780748376cfb2d8340f2a122de71358348c17dbfe66a295d0c,63cd81372bc32f34e34838eb807647f6e315bf324e4b88e697a59970167fb565,bfd4ddf30576fc0f2eed859a5ecaa8d075f2389aab750a6aef87443fd1873781,1cad39a58ce8f5cdcc494c1bd85e36d69b6a11b8dd8269486da25c01b64fe769,780b2d1e28d9e90957830895ff5bff58b609721bf587e36c8ef81677075010ab,e6534b473b1737abd05b9297911ab90b60d1704bd8524b4859ab29624067455e,53a4b4b7e82454c22a2695c42d7c5fb4c133c223b485e8847fe736652f9e2ef6,6e6a1d136ac4e38a57958ba09a48538c401e2bf3e1a859beb5803fbdd0c6e510,4e90ab13401d2d398cb200821c2442a8d7ad8cdde5566ff41acbb704f10dea72,c9a1156466f32019505e91edf705074710c80b15bf5504af103d93cdbdcf9bdd","Three-start orientation coordinate search, at most eight passes per start; exact template sizing for each orientation under certified requirements; not global optimum."
ALL17_common,1024,16,1,32 × 32,rotation_and_reflection,,,,,,,,not_computed,,,
ALL17_common,1024,4,1,32 × 32,rotation_and_reflection,,,,,,,,not_computed,,,
ALL17_common,1024,1,1,32 × 32,rotation_and_reflection,1719488,2097152.0,2031616.0,312128.0,15.363533266129032,377664.0,18.0084228515625,validated_reflection,/home/yj3616/workspace/phd-research/research-notes/max-resource-sweep-20260928/reflection-sweep-20261001/cases/ch1/c1024-k1/ALL17_common/da429cb1a186b60188be/design.json,"8018aa3c4722e982bfb2c9a0a4311a15e3bbb107706925e056ec27dd885cb939,b6fadde3c4122523279df5348db20e2ca1b173d5ae584c4bae0836bf87c0151c,4949202d7869e29908fe3ade7cf90999ba5ab127756e3841ce0156f38a64b034,7edab821f20523cf2917323602d41fa5d19aceb72fd0cf697765b412e36f4356,91c2c96773d2f14bb28a0be890f9b69db40cd3cdff95d30f5c43b3dfc79a21ec,e4fd77cd95b80aacc47bbfaf3f07448f707cf1c6c45a2b5c06e1b8a51f83ea0f,ce49bb5b85f64246a46ea561d66157c29e6e084be71a26f3337958153187e07e,956faea8364ecdb5b6cdbd22eee19f1422eb42c897afaabe225288d70fc5453f,ca748d42aa6a3c0df9dbc75155775e718f6c702518a72b38115bbcfd91040a40,0ad2b58cd6b54f49c5d5148892b937a22d61d8890f75078669ca007af575def5,c14fa2833517f03df47ac1150f9586882d2731f3268f6109198775d600c62f26,4b28d00701b02c45cbeea16765e95b908deaf65020f141340c0c5ffe28e7a84e,5dd584d020a1eced7c30455bd80a8f317a18c5f4984cc6d2a76a0bde0cd8b297,1f8a73183c2e13936c278b7f1a764b4b25d8f3d1682f1983e92a34d99a4ade39,4c3f4ddc0698bce15826c113eeff99f7fdf3bcc203e9f23006495787328ca380,2190c86859c28e8dd6fe67a08a45fd8f82851cf957f421925fc96902ab1895db,ccfc2f03f903a9cd33f1c7ca7de073be413538239060746501640e98fbba99d3","Three-start orientation coordinate search, at most eight passes per start; exact template sizing for each orientation under certified requirements; not global optimum."
RNN_common,4,16,1,2 × 2,rotation_and_reflection,4096,8192.0,4096.0,0.0,0.0,4096.0,50.0,validated_reflection,/home/yj3616/workspace/phd-research/research-notes/max-resource-sweep-20260928/reflection-sweep-20261001/cases/ch1/c4-k16/RNN_common/46bbb87e0449c76f6615/design.json,"8f906819a771a00564d7a77961f96bc0ed68d2835c1a678b9f3e3daaef850637,6a2b39679cd38caaeb38f54bb0ac977f11f3affd150ebe1766399a0292e254a6",Exact enumeration of 16 legal rotation/reflection assignments for fixed mappings and certified channel requirements.
RNN_common,4,4,1,2 × 2,rotation_and_reflection,3584,7680.0,3840.0,256.0,6.666666666666667,4096.0,53.333333333333336,validated_reflection,/home/yj3616/workspace/phd-research/research-notes/max-resource-sweep-20260928/reflection-sweep-20261001/cases/ch1/c4-k4/RNN_common/5f7b88f2c05335d9d4d6/design.json,"48fd536120824a1453a07720865b30182982cbe25ba9fb95fd17ffef0f05fd40,36a14612879084b2da580d3d73fd9ec49a2891bf9fc71c5408d9177a2e516dcf",Exact enumeration of 16 legal rotation/reflection assignments for fixed mappings and certified channel requirements.
RNN_common,4,1,1,2 × 2,rotation_and_reflection,2048,4096.0,2048.0,0.0,0.0,2048.0,50.0,validated_reflection,/home/yj3616/workspace/phd-research/research-notes/max-resource-sweep-20260928/reflection-sweep-20261001/cases/ch1/c4-k1/RNN_common/78e6feecaf17e3ada7d8/design.json,"54576bc82da2316a453f3fbc61da3f25b8989ba3c877e377042ac45876a2af70,0fff29a32c09b500212dca8b13f9dcc671b773f09f1485ffe8898aa69a11181b",Exact enumeration of 16 legal rotation/reflection assignments for fixed mappings and certified channel requirements.
RNN_common,8,16,1,2 × 4,rotation_and_reflection,8064,16384.0,10240.0,2176.0,21.25,8320.0,50.78125,validated_reflection,/home/yj3616/workspace/phd-research/research-notes/max-resource-sweep-20260928/reflection-sweep-20261001/cases/ch1/c8-k16/RNN_common/2ff2c8c0e093a37eb5da/design.json,"d9c40259f7fcda82431de980322e6cb28a2f89330017cc7425cea1423a9f3f73,a4958d79f9263a38b765886e2043306c597d81d59a55d9eaddde752800f6cb7b","Three-start orientation coordinate search, at most eight passes per start; exact template sizing for each orientation under certified requirements; not global optimum."
RNN_common,8,4,1,2 × 4,rotation_and_reflection,7424,16384.0,10240.0,2816.0,27.5,8960.0,54.6875,validated_reflection,/home/yj3616/workspace/phd-research/research-notes/max-resource-sweep-20260928/reflection-sweep-20261001/cases/ch1/c8-k4/RNN_common/bfc9b3072d6ce9f9274a/design.json,"1f972997f2f9d8e9dc70ba3894761457a33ee229cfe978c73d83fc63fef01706,82e012c27c247e8e2d27d0c2d2bb96190e6dae9f4e03b0b8ac824b373a2ca1aa","Three-start orientation coordinate search, at most eight passes per start; exact template sizing for each orientation under certified requirements; not global optimum."
RNN_common,8,1,1,2 × 4,rotation_and_reflection,7168,16384.0,10240.0,3072.0,30.0,9216.0,56.25,validated_reflection,/home/yj3616/workspace/phd-research/research-notes/max-resource-sweep-20260928/reflection-sweep-20261001/cases/ch1/c8-k1/RNN_common/3cdbbf34d410804990b9/design.json,"b6cda39ea23afafe767795b4b68c7ad6e48279b2b9efe83d5df099ae7e102592,bec0cb16e4aa0a84dda67638888e2ecdcbcac84707ef16179da67da75eb9a750","Three-start orientation coordinate search, at most eight passes per start; exact template sizing for each orientation under certified requirements; not global optimum."
RNN_common,16,16,1,4 × 4,rotation_and_reflection,23616,32768.0,24576.0,960.0,3.90625,9152.0,27.9296875,validated_reflection,/home/yj3616/workspace/phd-research/research-notes/max-resource-sweep-20260928/reflection-sweep-20261001/cases/ch1/c16-k16/RNN_common/dfbccbbb8862e97bd810/design.json,"52ca82aa5a7c7ee7e00482ce3688fb02c6c93aa45bfc36153e6cc2ae9397a596,ff9e33af61b559b6b6f501e4b5406526ae6fd5cc20d995fa66e4306031a73238","Three-start orientation coordinate search, at most eight passes per start; exact template sizing for each orientation under certified requirements; not global optimum."
RNN_common,16,4,1,4 × 4,rotation_and_reflection,21344,32768.0,24576.0,3232.0,13.151041666666666,11424.0,34.86328125,validated_reflection,/home/yj3616/workspace/phd-research/research-notes/max-resource-sweep-20260928/reflection-sweep-20261001/cases/ch1/c16-k4/RNN_common/6f91ef45583f17039e1c/design.json,"557ec044275bebd67bd0f372a06497655dd4b2c2fb025358d4c05eab639756ea,e4237da9ba11272a68574b25f05548ece25e41c2d96fc101d16e61db6bd9d7c6","Three-start orientation coordinate search, at most eight passes per start; exact template sizing for each orientation under certified requirements; not global optimum."
RNN_common,16,1,1,4 × 4,rotation_and_reflection,13824,25600.0,19200.0,5376.0,28.0,11776.0,46.0,validated_reflection,/home/yj3616/workspace/phd-research/research-notes/max-resource-sweep-20260928/reflection-sweep-20261001/cases/ch1/c16-k1/RNN_common/d350d7d46c5c02c0e97b/design.json,"4da57322bb1d1d61f61a6dc8aa5902a71372241eb2ed679186cbdcb7b2d7f4cf,1e301a0c9f61dd6af396f476f9f01e0e565c0fd86b3dcc34d96d53aa3d14f3c2","Three-start orientation coordinate search, at most eight passes per start; exact template sizing for each orientation under certified requirements; not global optimum."
RNN_common,32,16,1,4 × 8,rotation_and_reflection,48512,65536.0,53248.0,4736.0,8.89423076923077,17024.0,25.9765625,validated_reflection,/home/yj3616/workspace/phd-research/research-notes/max-resource-sweep-20260928/reflection-sweep-20261001/cases/ch1/c32-k16/RNN_common/8436143e3f3d68c8e7c1/design.json,"c4f1e9a6042d718289a9dd5cf13cbc9e86e60327843bc6efa63909fbdbae06bb,7f0cf2a6c5340ebaa6fd0105c70db1cab37d276890e876bdc17e7119c84a6f09","Three-start orientation coordinate search, at most eight passes per start; exact template sizing for each orientation under certified requirements; not global optimum."
RNN_common,32,4,1,4 × 8,rotation_and_reflection,38400,65536.0,53248.0,14848.0,27.884615384615383,27136.0,41.40625,validated_reflection,/home/yj3616/workspace/phd-research/research-notes/max-resource-sweep-20260928/reflection-sweep-20261001/cases/ch1/c32-k4/RNN_common/626ca5e7d68b40b50f1e/design.json,"cfd16647f868220fdaa889d7f0596076f111bd2d287107948a6daecc8dd09ef6,3f23305b387b5d49f263421b5e611aa9a95b6eb0c705030c0c8bf2f3dbdfa44f","Three-start orientation coordinate search, at most eight passes per start; exact template sizing for each orientation under certified requirements; not global optimum."
RNN_common,32,1,1,4 × 8,rotation_and_reflection,43968,65536.0,53248.0,9280.0,17.427884615384617,21568.0,32.91015625,validated_reflection,/home/yj3616/workspace/phd-research/research-notes/max-resource-sweep-20260928/reflection-sweep-20261001/cases/ch1/c32-k1/RNN_common/db1073a697c97ae182fe/design.json,"4203b4a196f411a257a8a53fa8513c9122bbaf8f76228fc38018b2e8658c941a,68db42bd5a4907610aac6167e50b4fbdc77b224defcc2c1d44c767574d996bd2","Three-start orientation coordinate search, at most eight passes per start; exact template sizing for each orientation under certified requirements; not global optimum."
RNN_common,64,16,1,8 × 8,rotation_and_reflection,112416,131072.0,114688.0,2272.0,1.9810267857142858,18656.0,14.2333984375,validated_reflection,/home/yj3616/workspace/phd-research/research-notes/max-resource-sweep-20260928/reflection-sweep-20261001/cases/ch1/c64-k16/RNN_common/41dc43965ec1f24e8984/design.json,"a94bbf143612985f86fad676557facd83040cd6347d45461bebdb47fd6689081,8babed454a0ce9c1e6e536d56f0f6f2c313470619aaf284e20828eeb5357b2f6","Three-start orientation coordinate search, at most eight passes per start; exact template sizing for each orientation under certified requirements; not global optimum."
RNN_common,64,4,1,8 × 8,rotation_and_reflection,102944,131072.0,114688.0,11744.0,10.239955357142858,28128.0,21.4599609375,validated_reflection,/home/yj3616/workspace/phd-research/research-notes/max-resource-sweep-20260928/reflection-sweep-20261001/cases/ch1/c64-k4/RNN_common/ccce4e7305c8d4dbf2c0/design.json,"dab101ac42f9ee67c7e7b1f9915e10ffb01e0372f4484c1941e221692e7b4b68,7750f43177763a8894f5f10ec8dea0580cb045fcf23154f4f16e8b8be5adba00","Three-start orientation coordinate search, at most eight passes per start; exact template sizing for each orientation under certified requirements; not global optimum."
RNN_common,64,1,1,8 × 8,rotation_and_reflection,105632,131072.0,114688.0,9056.0,7.896205357142857,25440.0,19.4091796875,validated_reflection,/home/yj3616/workspace/phd-research/research-notes/max-resource-sweep-20260928/reflection-sweep-20261001/cases/ch1/c64-k1/RNN_common/824b0686620064cbe777/design.json,"4edc3bf47d53e352cadeef845451dc6c6d5b21fa7e91db9b48478a61f31aaca2,2614d25efb876c750ded2d5d9dd7bb343a87e2d7af15b030b2f931c3288ae721","Three-start orientation coordinate search, at most eight passes per start; exact template sizing for each orientation under certified requirements; not global optimum."
RNN_common,128,16,1,8 × 16,rotation_and_reflection,180032,262144.0,237568.0,57536.0,24.21875,82112.0,31.3232421875,validated_reflection,/home/yj3616/workspace/phd-research/research-notes/max-resource-sweep-20260928/reflection-sweep-20261001/cases/ch1/c128-k16/RNN_common/f5d8aa3c99599043f9f6/design.json,"fa9f5dd214a2138fc74e6c651a5da1d5c9da5bdc20df553c9604bfc504d7b08d,f454758caf3c9abc82f85e5afd3573df32de3355fd4fce23efed36de5bb6cd3a","Three-start orientation coordinate search, at most eight passes per start; exact template sizing for each orientation under certified requirements; not global optimum."
RNN_common,128,4,1,8 × 16,rotation_and_reflection,171808,253952.0,230144.0,58336.0,25.347608453837598,82144.0,32.34627016129032,validated_reflection,/home/yj3616/workspace/phd-research/research-notes/max-resource-sweep-20260928/reflection-sweep-20261001/cases/ch1/c128-k4/RNN_common/6ec0c08b530c1c8c75c4/design.json,"2881fab2b1d1bb5070ab758eeaea88afd065feabfebb7b768e18bfbb4cb52b3c,70c3cb2b556173173651a8530d8b54602f97c8950f452bc2e8400b7a34507974","Three-start orientation coordinate search, at most eight passes per start; exact template sizing for each orientation under certified requirements; not global optimum."
RNN_common,128,1,1,8 × 16,rotation_and_reflection,180064,262144.0,237568.0,57504.0,24.205280172413794,82080.0,31.31103515625,validated_reflection,/home/yj3616/workspace/phd-research/research-notes/max-resource-sweep-20260928/reflection-sweep-20261001/cases/ch1/c128-k1/RNN_common/3be0b6577cadcfd40589/design.json,"f509917fa0be946aebe063e4a5c1d2404feaa837d4c87336e79ee1e36dcf178b,cec684c26f6a078a844c9694cf80c759d885ec2ad92df71b31124ae7989e0af9","Three-start orientation coordinate search, at most eight passes per start; exact template sizing for each orientation under certified requirements; not global optimum."
RNN_common,256,16,1,16 × 16,rotation_and_reflection,371200,524288.0,491520.0,120320.0,24.479166666666668,153088.0,29.19921875,validated_reflection,/home/yj3616/workspace/phd-research/research-notes/max-resource-sweep-20260928/reflection-sweep-20261001/cases/ch1/c256-k16/RNN_common/646ff3ebb6ca3ddef938/design.json,"71f82db49fb7a058200f70d4c57d254724a5b3bb8051e49df3b56f7a2ec52572,774439cd0ec3e2a02544e884c3f2780af624aba1b43a80a70c836d6cf38beda7","Three-start orientation coordinate search, at most eight passes per start; exact template sizing for each orientation under certified requirements; not global optimum."
RNN_common,256,4,1,16 × 16,rotation_and_reflection,363744,524288.0,491520.0,127776.0,25.99609375,160544.0,30.621337890625,validated_reflection,/home/yj3616/workspace/phd-research/research-notes/max-resource-sweep-20260928/reflection-sweep-20261001/cases/ch1/c256-k4/RNN_common/6a68d41725d4cf10ca3a/design.json,"00275a0e0b16a1356a801c7e8fa195c88c5a921be81a69a1ac05ec4a0e001b54,64d6af154081863b2ceb33633e41f725253d710293ecc16086453a2ecd066f7e","Three-start orientation coordinate search, at most eight passes per start; exact template sizing for each orientation under certified requirements; not global optimum."
RNN_common,256,1,1,16 × 16,rotation_and_reflection,429632,524288.0,491520.0,61888.0,12.591145833333334,94656.0,18.05419921875,validated_reflection,/home/yj3616/workspace/phd-research/research-notes/max-resource-sweep-20260928/reflection-sweep-20261001/cases/ch1/c256-k1/RNN_common/8e4028d97c5dc2fe3cc8/design.json,"d6078c5da57b6d969c536ae99cfb56fbc86a63fe72be262314ae47a759e3ed23,c5de797ca4b25a68b998a0d62ea706b965edd99c040713bbeae57e4172708656","Three-start orientation coordinate search, at most eight passes per start; exact template sizing for each orientation under certified requirements; not global optimum."
RNN_common,512,16,1,16 × 32,rotation_and_reflection,595712,1048576.0,999424.0,403712.0,40.39446721311475,452864.0,43.1884765625,validated_reflection,/home/yj3616/workspace/phd-research/research-notes/max-resource-sweep-20260928/reflection-sweep-20261001/cases/ch1/c512-k16/RNN_common/1024ef9e84dab5aab1a2/design.json,"02c9a2f5239cfe9f5364cafc3db24f37794df26a88db3c73ff312fbac9f910ef,249680ac6a984ae285d43715539447ecc132da04bacccdf164d56e09558b3adf","Three-start orientation coordinate search, at most eight passes per start; exact template sizing for each orientation under certified requirements; not global optimum."
RNN_common,512,4,1,16 × 32,rotation_and_reflection,642528,1048576.0,999424.0,356896.0,35.71016905737705,406048.0,38.7237548828125,validated_reflection,/home/yj3616/workspace/phd-research/research-notes/max-resource-sweep-20260928/reflection-sweep-20261001/cases/ch1/c512-k4/RNN_common/15a60b01a345d430ffda/design.json,"9c1e8af0d20d42dc40d245c6a41e95281b2c86425d2b0a9f793d13cb9b2a723c,cf4d030b5f57500dbbb3561cb311d8f52c8c289bc9e92fb1a67481f378c6427f","Three-start orientation coordinate search, at most eight passes per start; exact template sizing for each orientation under certified requirements; not global optimum."
RNN_common,512,1,1,16 × 32,rotation_and_reflection,842112,1048576.0,999424.0,157312.0,15.740266393442623,206464.0,19.68994140625,validated_reflection,/home/yj3616/workspace/phd-research/research-notes/max-resource-sweep-20260928/reflection-sweep-20261001/cases/ch1/c512-k1/RNN_common/cd189bbaa0213cd68bf0/design.json,"f2f5a43bce581e780748376cfb2d8340f2a122de71358348c17dbfe66a295d0c,63cd81372bc32f34e34838eb807647f6e315bf324e4b88e697a59970167fb565","Three-start orientation coordinate search, at most eight passes per start; exact template sizing for each orientation under certified requirements; not global optimum."
RNN_common,1024,16,1,32 × 32,rotation_and_reflection,1199584,2097152.0,2031616.0,832032.0,40.954196068548384,897568.0,42.79937744140625,validated_reflection,/home/yj3616/workspace/phd-research/research-notes/max-resource-sweep-20260928/reflection-sweep-20261001/cases/ch1/c1024-k16/RNN_common/1457f480589a35ca17fd/design.json,"f47fff09853f1208dc9f8db72313e7846ce13aefd3b389feaa203576d7bca7a3,15c3b2c5aa81843aac49e9c7f5998586b219420da0d5c73f685bff8c8dea4677","Three-start orientation coordinate search, at most eight passes per start; exact template sizing for each orientation under certified requirements; not global optimum."
RNN_common,1024,4,1,32 × 32,rotation_and_reflection,1288032,2097152.0,2031616.0,743584.0,36.60061743951613,809120.0,38.58184814453125,validated_reflection,/home/yj3616/workspace/phd-research/research-notes/max-resource-sweep-20260928/reflection-sweep-20261001/cases/ch1/c1024-k4/RNN_common/15337fca76630ba09ae1/design.json,"6ecef184bf638c06850c184592e2156b4a62644bb80fcc34536fb87746a1dd85,356c3f898163201c760115c82d9d4bb6958319fa709864360ddcf9454ca13c64","Three-start orientation coordinate search, at most eight passes per start; exact template sizing for each orientation under certified requirements; not global optimum."
RNN_common,1024,1,1,32 × 32,rotation_and_reflection,1290208,2097152.0,2031616.0,741408.0,36.493510584677416,806944.0,38.47808837890625,validated_reflection,/home/yj3616/workspace/phd-research/research-notes/max-resource-sweep-20260928/reflection-sweep-20261001/cases/ch1/c1024-k1/RNN_common/ff06f222701361be865c/design.json,"956faea8364ecdb5b6cdbd22eee19f1422eb42c897afaabe225288d70fc5453f,ca748d42aa6a3c0df9dbc75155775e718f6c702518a72b38115bbcfd91040a40","Three-start orientation coordinate search, at most eight passes per start; exact template sizing for each orientation under certified requirements; not global optimum."
darknet19,4,16,1,2 × 2,rotation_and_reflection,4032,8192.0,4096.0,64.0,1.5625,4160.0,50.78125,validated_reflection,/home/yj3616/workspace/phd-research/research-notes/max-resource-sweep-20260928/reflection-sweep-20261001/cases/ch1/c4-k16/darknet19/ee50606c553d93d4b88b/design.json,277c53206e57cb9a3830943618268c0a0b089e983013fa5316165263087a0e17,Exact enumeration of 16 legal rotation/reflection assignments for fixed mappings and certified channel requirements.
darknet19,4,4,1,2 × 2,rotation_and_reflection,1216,2560.0,1280.0,64.0,5.0,1344.0,52.5,validated_reflection,/home/yj3616/workspace/phd-research/research-notes/max-resource-sweep-20260928/reflection-sweep-20261001/cases/ch1/c4-k4/darknet19/7f867dcad737ed877c32/design.json,c8dae38e1c0701426ade5c1cbdb18cb0cbff949b973cf13966ac2d7d748fba48,Exact enumeration of 16 legal rotation/reflection assignments for fixed mappings and certified channel requirements.
darknet19,4,1,1,2 × 2,rotation_and_reflection,320,768.0,384.0,64.0,16.666666666666668,448.0,58.333333333333336,validated_reflection,/home/yj3616/workspace/phd-research/research-notes/max-resource-sweep-20260928/reflection-sweep-20261001/cases/ch1/c4-k1/darknet19/fb8d5d2c0d9e3d4f7dc1/design.json,d8fb40f3f52c55f679d0f5730c4bfde80334a8dc71ed209273778d99cbf9ef28,Exact enumeration of 16 legal rotation/reflection assignments for fixed mappings and certified channel requirements.
darknet19,8,16,1,2 × 4,rotation_and_reflection,8192,16384.0,10240.0,2048.0,20.0,8192.0,50.0,validated_reflection,/home/yj3616/workspace/phd-research/research-notes/max-resource-sweep-20260928/reflection-sweep-20261001/cases/ch1/c8-k16/darknet19/549ea8fc798604cc1cb8/design.json,49108511b50fecb7282786880ca71627a2f17b2b87a3db2137ab615bf9d67f4a,"Three-start orientation coordinate search, at most eight passes per start; exact template sizing for each orientation under certified requirements; not global optimum."
darknet19,8,4,1,2 × 4,rotation_and_reflection,3968,8704.0,5440.0,1472.0,27.058823529411764,4736.0,54.411764705882355,validated_reflection,/home/yj3616/workspace/phd-research/research-notes/max-resource-sweep-20260928/reflection-sweep-20261001/cases/ch1/c8-k4/darknet19/e4ad8a094209c52b2b02/design.json,f163db3749077ceef8e4f09a5ec65948f6bb21252cdeb2fc96600477d03b3952,"Three-start orientation coordinate search, at most eight passes per start; exact template sizing for each orientation under certified requirements; not global optimum."
darknet19,8,1,1,2 × 4,rotation_and_reflection,1024,2048.0,1280.0,256.0,20.0,1024.0,50.0,validated_reflection,/home/yj3616/workspace/phd-research/research-notes/max-resource-sweep-20260928/reflection-sweep-20261001/cases/ch1/c8-k1/darknet19/9739cc3ae56704eba159/design.json,001a7c539798beaadee305427c89e187fc5722ab312585e3ebe7dc7d77594d8e,"Three-start orientation coordinate search, at most eight passes per start; exact template sizing for each orientation under certified requirements; not global optimum."
darknet19,16,16,1,4 × 4,rotation_and_reflection,22784,32768.0,24576.0,1792.0,7.291666666666667,9984.0,30.46875,validated_reflection,/home/yj3616/workspace/phd-research/research-notes/max-resource-sweep-20260928/reflection-sweep-20261001/cases/ch1/c16-k16/darknet19/c62e7d16b8ca85694101/design.json,1fdff2384aab9a37c8f818d18f4959a9b9dbef2a61dc41cd37ab0559fcd1f36c,"Three-start orientation coordinate search, at most eight passes per start; exact template sizing for each orientation under certified requirements; not global optimum."
darknet19,16,4,1,4 × 4,rotation_and_reflection,14912,26624.0,19968.0,5056.0,25.32051282051282,11712.0,43.99038461538461,validated_reflection,/home/yj3616/workspace/phd-research/research-notes/max-resource-sweep-20260928/reflection-sweep-20261001/cases/ch1/c16-k4/darknet19/f8ceec04806e1488ac06/design.json,fa814298006eefa75f3159be923cb97f9301239d06fad59bfe852926b6946d83,"Three-start orientation coordinate search, at most eight passes per start; exact template sizing for each orientation under certified requirements; not global optimum."
darknet19,16,1,1,4 × 4,rotation_and_reflection,4032,7168.0,5376.0,1344.0,25.0,3136.0,43.75,validated_reflection,/home/yj3616/workspace/phd-research/research-notes/max-resource-sweep-20260928/reflection-sweep-20261001/cases/ch1/c16-k1/darknet19/27b972cba76618da2593/design.json,19ed9831be2c9f4f929cd19e095603b7fd49428802af6c1e569b49d4caacbf86,"Three-start orientation coordinate search, at most eight passes per start; exact template sizing for each orientation under certified requirements; not global optimum."
darknet19,32,16,1,4 × 8,rotation_and_reflection,46016,65536.0,53248.0,7232.0,13.58173076923077,19520.0,29.78515625,validated_reflection,/home/yj3616/workspace/phd-research/research-notes/max-resource-sweep-20260928/reflection-sweep-20261001/cases/ch1/c32-k16/darknet19/2edfc2ea3ca3fb2d15c7/design.json,b507f1b45bbe4889473dccb429b0c52f58a8707739accaab605fa56975cb5398,"Three-start orientation coordinate search, at most eight passes per start; exact template sizing for each orientation under certified requirements; not global optimum."
darknet19,32,4,1,4 × 8,rotation_and_reflection,41728,61440.0,49920.0,8192.0,16.41025641025641,19712.0,32.083333333333336,validated_reflection,/home/yj3616/workspace/phd-research/research-notes/max-resource-sweep-20260928/reflection-sweep-20261001/cases/ch1/c32-k4/darknet19/94eda8860c0dc61abfac/design.json,2840eefa6298c02cc722e9e13f7d8314e8b25cc2466957d75874d02dc05f9f5b,"Three-start orientation coordinate search, at most eight passes per start; exact template sizing for each orientation under certified requirements; not global optimum."
darknet19,32,1,1,4 × 8,rotation_and_reflection,12288,18432.0,14976.0,2688.0,17.94871794871795,6144.0,33.333333333333336,validated_reflection,/home/yj3616/workspace/phd-research/research-notes/max-resource-sweep-20260928/reflection-sweep-20261001/cases/ch1/c32-k1/darknet19/3958eb72e764d4a8e930/design.json,1bd9a107a8cb7467312b0fc6310f8e49cd744cc367b4e742db7f56317f2d6d89,"Three-start orientation coordinate search, at most eight passes per start; exact template sizing for each orientation under certified requirements; not global optimum."
darknet19,64,16,1,8 × 8,rotation_and_reflection,110208,131072.0,114688.0,4480.0,3.90625,20864.0,15.91796875,validated_reflection,/home/yj3616/workspace/phd-research/research-notes/max-resource-sweep-20260928/reflection-sweep-20261001/cases/ch1/c64-k16/darknet19/7ac41cc4e264404001f6/design.json,5600edf6486b85f6f7c266160fd7144d1bd64eccbcf0aa23a1cf8e3944b1050d,"Three-start orientation coordinate search, at most eight passes per start; exact template sizing for each orientation under certified requirements; not global optimum."
darknet19,64,4,1,8 × 8,rotation_and_reflection,97440,118784.0,103936.0,6496.0,6.25,21344.0,17.96875,validated_reflection,/home/yj3616/workspace/phd-research/research-notes/max-resource-sweep-20260928/reflection-sweep-20261001/cases/ch1/c64-k4/darknet19/71ed162f608a815f04d0/design.json,9d3e2824cdc71434c339b170b8109848f9358314663b135af10d5813a1f3950b,"Three-start orientation coordinate search, at most eight passes per start; exact template sizing for each orientation under certified requirements; not global optimum."
darknet19,64,1,1,8 × 8,rotation_and_reflection,54656,69632.0,60928.0,6272.0,10.294117647058824,14976.0,21.50735294117647,validated_reflection,/home/yj3616/workspace/phd-research/research-notes/max-resource-sweep-20260928/reflection-sweep-20261001/cases/ch1/c64-k1/darknet19/653cfc4fe24652c0135f/design.json,861d345edc78dd0a05ffe11203842787faafb2e9743aebb88d86b79e27166931,"Three-start orientation coordinate search, at most eight passes per start; exact template sizing for each orientation under certified requirements; not global optimum."
darknet19,128,16,1,8 × 16,rotation_and_reflection,199712,262144.0,237568.0,37856.0,15.934806034482758,62432.0,23.81591796875,validated_reflection,/home/yj3616/workspace/phd-research/research-notes/max-resource-sweep-20260928/reflection-sweep-20261001/cases/ch1/c128-k16/darknet19/12a48745d02e803af7f8/design.json,42ee1ef5cb58e79e8a35289dc8713dcdc8ea231df76750cf671cd967a879e020,"Three-start orientation coordinate search, at most eight passes per start; exact template sizing for each orientation under certified requirements; not global optimum."
darknet19,128,4,1,8 × 16,rotation_and_reflection,177024,262144.0,237568.0,60544.0,25.48491379310345,85120.0,32.470703125,validated_reflection,/home/yj3616/workspace/phd-research/research-notes/max-resource-sweep-20260928/reflection-sweep-20261001/cases/ch1/c128-k4/darknet19/50a521230c4d5ce1c2d7/design.json,482093ad0f2d35ed2976ffe1cabd1e8ed2f417b9eb64e4644f0569f9060122d5,"Three-start orientation coordinate search, at most eight passes per start; exact template sizing for each orientation under certified requirements; not global optimum."
darknet19,128,1,1,8 × 16,rotation_and_reflection,170688,262144.0,237568.0,66880.0,28.151939655172413,91456.0,34.8876953125,validated_reflection,/home/yj3616/workspace/phd-research/research-notes/max-resource-sweep-20260928/reflection-sweep-20261001/cases/ch1/c128-k1/darknet19/75b32fe1e67e5d3d6955/design.json,26c67a946fd0b8b25a6fc42a475897e45b149ab2a3dcb1a306e322c62a0e7f6d,"Three-start orientation coordinate search, at most eight passes per start; exact template sizing for each orientation under certified requirements; not global optimum."
darknet19,256,16,1,16 × 16,rotation_and_reflection,443840,524288.0,491520.0,47680.0,9.700520833333334,80448.0,15.34423828125,validated_reflection,/home/yj3616/workspace/phd-research/research-notes/max-resource-sweep-20260928/reflection-sweep-20261001/cases/ch1/c256-k16/darknet19/53712f59a2b1cdf9de69/design.json,5ddd42993c6f35f96b9cd9c4603036bf5ac37faf5c10c82adf200d9ef51767e5,"Three-start orientation coordinate search, at most eight passes per start; exact template sizing for each orientation under certified requirements; not global optimum."
darknet19,256,4,1,16 × 16,rotation_and_reflection,431456,524288.0,491520.0,60064.0,12.220052083333334,92832.0,17.706298828125,validated_reflection,/home/yj3616/workspace/phd-research/research-notes/max-resource-sweep-20260928/reflection-sweep-20261001/cases/ch1/c256-k4/darknet19/a6090e0aa1667c2f89b8/design.json,e035d15c2001b2f3421db05dcc1ffe132730df2ea9e0383bd74fd0bd3a20b8a1,"Three-start orientation coordinate search, at most eight passes per start; exact template sizing for each orientation under certified requirements; not global optimum."
darknet19,256,1,1,16 × 16,rotation_and_reflection,341088,475136.0,445440.0,104352.0,23.426724137931036,134048.0,28.212553879310345,validated_reflection,/home/yj3616/workspace/phd-research/research-notes/max-resource-sweep-20260928/reflection-sweep-20261001/cases/ch1/c256-k1/darknet19/56dee056628296d2f376/design.json,5b42125274ae88c0f1c8689622f7c8e17a3095279afeebad123c7bac7fc508ba,"Three-start orientation coordinate search, at most eight passes per start; exact template sizing for each orientation under certified requirements; not global optimum."
darknet19,512,16,1,16 × 32,rotation_and_reflection,747072,1048576.0,999424.0,252352.0,25.249743852459016,301504.0,28.753662109375,validated_reflection,/home/yj3616/workspace/phd-research/research-notes/max-resource-sweep-20260928/reflection-sweep-20261001/cases/ch1/c512-k16/darknet19/e217b9bdc1a874c2c93f/design.json,f0fc6c5a7c6a5faa53249a91646f8ac1f5d3950ba85744e8b0ffa5a461a3cb38,"Three-start orientation coordinate search, at most eight passes per start; exact template sizing for each orientation under certified requirements; not global optimum."
darknet19,512,4,1,16 × 32,rotation_and_reflection,734400,1048576.0,999424.0,265024.0,26.51767418032787,314176.0,29.962158203125,validated_reflection,/home/yj3616/workspace/phd-research/research-notes/max-resource-sweep-20260928/reflection-sweep-20261001/cases/ch1/c512-k4/darknet19/d1872eac4fa256920952/design.json,494c57c5fb4c225aa18daa1e7d2d207250a87ae7107ceef04e04d4b500f0e82a,"Three-start orientation coordinate search, at most eight passes per start; exact template sizing for each orientation under certified requirements; not global optimum."
darknet19,512,1,1,16 × 32,rotation_and_reflection,675392,1048576.0,999424.0,324032.0,32.421875,373184.0,35.589599609375,validated_reflection,/home/yj3616/workspace/phd-research/research-notes/max-resource-sweep-20260928/reflection-sweep-20261001/cases/ch1/c512-k1/darknet19/2dd0bacc065c18705eda/design.json,045a5a6e0b71a043e25756875e929b47577dc7e68c1950fcd0a8eaef4dd255b3,"Three-start orientation coordinate search, at most eight passes per start; exact template sizing for each orientation under certified requirements; not global optimum."
darknet19,1024,16,1,32 × 32,rotation_and_reflection,1431584,2097152.0,2031616.0,600032.0,29.534715221774192,665568.0,31.73675537109375,validated_reflection,/home/yj3616/workspace/phd-research/research-notes/max-resource-sweep-20260928/reflection-sweep-20261001/cases/ch1/c1024-k16/darknet19/f928befa4f59dab45fee/design.json,a9b280aa9656e9a64b2f3513863c3b72f60ee653671f5003875e02212e2a95da,"Three-start orientation coordinate search, at most eight passes per start; exact template sizing for each orientation under certified requirements; not global optimum."
darknet19,1024,4,1,32 × 32,rotation_and_reflection,1551712,2097152.0,2031616.0,479904.0,23.62178679435484,545440.0,26.00860595703125,validated_reflection,/home/yj3616/workspace/phd-research/research-notes/max-resource-sweep-20260928/reflection-sweep-20261001/cases/ch1/c1024-k4/darknet19/468d5ba97e784ca3da77/design.json,89afc0c6ff22ad0e67545f5086b99b4c14bc9f25810f407a0eee4238eaf7d3d0,"Three-start orientation coordinate search, at most eight passes per start; exact template sizing for each orientation under certified requirements; not global optimum."
darknet19,1024,1,1,32 × 32,rotation_and_reflection,1463520,2097152.0,2031616.0,568096.0,27.962764616935484,633632.0,30.21392822265625,validated_reflection,/home/yj3616/workspace/phd-research/research-notes/max-resource-sweep-20260928/reflection-sweep-20261001/cases/ch1/c1024-k1/darknet19/09b258be6d1fe98f018c/design.json,8018aa3c4722e982bfb2c9a0a4311a15e3bbb107706925e056ec27dd885cb939,"Three-start orientation coordinate search, at most eight passes per start; exact template sizing for each orientation under certified requirements; not global optimum."
vgg19,4,16,1,2 × 2,rotation_and_reflection,3712,8192.0,4096.0,384.0,9.375,4480.0,54.6875,validated_reflection,/home/yj3616/workspace/phd-research/research-notes/max-resource-sweep-20260928/reflection-sweep-20261001/cases/ch1/c4-k16/vgg19/c7550c2dd65121dd15bb/design.json,c30dbdea79d46f37f3aa59fabb15db577835ba29ebb81f168820bdb868ba6acb,Exact enumeration of 16 legal rotation/reflection assignments for fixed mappings and certified channel requirements.
vgg19,4,4,1,2 × 2,rotation_and_reflection,1152,2560.0,1280.0,128.0,10.0,1408.0,55.0,validated_reflection,/home/yj3616/workspace/phd-research/research-notes/max-resource-sweep-20260928/reflection-sweep-20261001/cases/ch1/c4-k4/vgg19/855c83b365c728bf4f60/design.json,c0bde89c849c175f4db02935afc0673479893acff9b135e9bc85817397f3b024,Exact enumeration of 16 legal rotation/reflection assignments for fixed mappings and certified channel requirements.
vgg19,4,1,1,2 × 2,rotation_and_reflection,320,768.0,384.0,64.0,16.666666666666668,448.0,58.333333333333336,validated_reflection,/home/yj3616/workspace/phd-research/research-notes/max-resource-sweep-20260928/reflection-sweep-20261001/cases/ch1/c4-k1/vgg19/6424f3e9b872fbdb4c8b/design.json,ad3cbd66308a6ace8ed1a3028169e665b29fb08ce3f875e1bf1b5a3af16782e7,Exact enumeration of 16 legal rotation/reflection assignments for fixed mappings and certified channel requirements.
vgg19,8,16,1,2 × 4,rotation_and_reflection,7680,16384.0,10240.0,2560.0,25.0,8704.0,53.125,validated_reflection,/home/yj3616/workspace/phd-research/research-notes/max-resource-sweep-20260928/reflection-sweep-20261001/cases/ch1/c8-k16/vgg19/e91830e23f7cdfdf11b3/design.json,0d90e1061a5a979ef4305818bfcb26b6949a77570b05cf919cf29fac49dea601,"Three-start orientation coordinate search, at most eight passes per start; exact template sizing for each orientation under certified requirements; not global optimum."
vgg19,8,4,1,2 × 4,rotation_and_reflection,3840,8192.0,5120.0,1280.0,25.0,4352.0,53.125,validated_reflection,/home/yj3616/workspace/phd-research/research-notes/max-resource-sweep-20260928/reflection-sweep-20261001/cases/ch1/c8-k4/vgg19/76f14f2aeddb79c9a691/design.json,9191cd58ae09e1142be235b82a4f5e3f2e5f389a9789e1e625c8f01e5a31d6fd,"Three-start orientation coordinate search, at most eight passes per start; exact template sizing for each orientation under certified requirements; not global optimum."
vgg19,8,1,1,2 × 4,rotation_and_reflection,1024,2048.0,1280.0,256.0,20.0,1024.0,50.0,validated_reflection,/home/yj3616/workspace/phd-research/research-notes/max-resource-sweep-20260928/reflection-sweep-20261001/cases/ch1/c8-k1/vgg19/eafb2e178121b000ea51/design.json,63b3b8cf965f5a1525672f4b30d4a21229a89928369659fb55f1eab4a9758eae,"Three-start orientation coordinate search, at most eight passes per start; exact template sizing for each orientation under certified requirements; not global optimum."
vgg19,16,16,1,4 × 4,rotation_and_reflection,19200,32768.0,24576.0,5376.0,21.875,13568.0,41.40625,validated_reflection,/home/yj3616/workspace/phd-research/research-notes/max-resource-sweep-20260928/reflection-sweep-20261001/cases/ch1/c16-k16/vgg19/267bdb7bdf2a3640ac6e/design.json,2ce9022737dfc9cf0ccb4560fe553baffd04dbcef37e0ea00933423c3246d2f7,"Three-start orientation coordinate search, at most eight passes per start; exact template sizing for each orientation under certified requirements; not global optimum."
vgg19,16,4,1,4 × 4,rotation_and_reflection,14976,26624.0,19968.0,4992.0,25.0,11648.0,43.75,validated_reflection,/home/yj3616/workspace/phd-research/research-notes/max-resource-sweep-20260928/reflection-sweep-20261001/cases/ch1/c16-k4/vgg19/097c4d3025253cc61bdb/design.json,e28fbe4b6e2a04f0c34cda3d6eee2b75c7fc94d8af2f15159aa8902023fdbe1c,"Three-start orientation coordinate search, at most eight passes per start; exact template sizing for each orientation under certified requirements; not global optimum."
vgg19,16,1,1,4 × 4,rotation_and_reflection,3936,7168.0,5376.0,1440.0,26.785714285714285,3232.0,45.089285714285715,validated_reflection,/home/yj3616/workspace/phd-research/research-notes/max-resource-sweep-20260928/reflection-sweep-20261001/cases/ch1/c16-k1/vgg19/b11d52b6a4c0e4ad375a/design.json,1e8a0a821f28512587a7beb96c60409b8272be6fa01e7d5d0409dbaec5874088,"Three-start orientation coordinate search, at most eight passes per start; exact template sizing for each orientation under certified requirements; not global optimum."
vgg19,32,16,1,4 × 8,rotation_and_reflection,41696,61440.0,49920.0,8224.0,16.474358974358974,19744.0,32.135416666666664,validated_reflection,/home/yj3616/workspace/phd-research/research-notes/max-resource-sweep-20260928/reflection-sweep-20261001/cases/ch1/c32-k16/vgg19/f8b9f92d8ccaa920995b/design.json,bc020bb96ee8753ecdaf8627487c4e9d521648a891ef176011dea4d035c0a56e,"Three-start orientation coordinate search, at most eight passes per start; exact template sizing for each orientation under certified requirements; not global optimum."
vgg19,32,4,1,4 × 8,rotation_and_reflection,35936,53248.0,43264.0,7328.0,16.937869822485208,17312.0,32.51201923076923,validated_reflection,/home/yj3616/workspace/phd-research/research-notes/max-resource-sweep-20260928/reflection-sweep-20261001/cases/ch1/c32-k4/vgg19/c70fbac8163383c730de/design.json,e53e686b485c2d6cfaee371a1dd5c6b47c46e2d30933c809adf34a7318bf056e,"Three-start orientation coordinate search, at most eight passes per start; exact template sizing for each orientation under certified requirements; not global optimum."
vgg19,32,1,1,4 × 8,rotation_and_reflection,11488,16384.0,13312.0,1824.0,13.701923076923077,4896.0,29.8828125,validated_reflection,/home/yj3616/workspace/phd-research/research-notes/max-resource-sweep-20260928/reflection-sweep-20261001/cases/ch1/c32-k1/vgg19/50095637ab274c9bc4d4/design.json,eb7784dceb75ec27bbee9237164b9102772a665ee61b302b5bfdba123d8e9ec7,"Three-start orientation coordinate search, at most eight passes per start; exact template sizing for each orientation under certified requirements; not global optimum."
vgg19,64,16,1,8 × 8,rotation_and_reflection,99968,131072.0,114688.0,14720.0,12.834821428571429,31104.0,23.73046875,validated_reflection,/home/yj3616/workspace/phd-research/research-notes/max-resource-sweep-20260928/reflection-sweep-20261001/cases/ch1/c64-k16/vgg19/50ecfddeac4526868608/design.json,30aa3883b8d07ee78854ece205bd1f604278104d0b8871b878d01f2bd3f9bb30,"Three-start orientation coordinate search, at most eight passes per start; exact template sizing for each orientation under certified requirements; not global optimum."
vgg19,64,4,1,8 × 8,rotation_and_reflection,68032,98304.0,86016.0,17984.0,20.907738095238095,30272.0,30.794270833333332,validated_reflection,/home/yj3616/workspace/phd-research/research-notes/max-resource-sweep-20260928/reflection-sweep-20261001/cases/ch1/c64-k4/vgg19/98c5bf676d8a7335a8a0/design.json,ee3d7fda82f1842b1ce797610b0b712532a41dddc449066e8b33e60f89af2840,"Three-start orientation coordinate search, at most eight passes per start; exact template sizing for each orientation under certified requirements; not global optimum."
vgg19,64,1,1,8 × 8,rotation_and_reflection,41728,61440.0,53760.0,12032.0,22.38095238095238,19712.0,32.083333333333336,validated_reflection,/home/yj3616/workspace/phd-research/research-notes/max-resource-sweep-20260928/reflection-sweep-20261001/cases/ch1/c64-k1/vgg19/aa7715d745b8aa21f833/design.json,eeb0cef023c8db688c866e8a0b24351e8de3a0bb9adb2d28f0e64c0ea27a2560,"Three-start orientation coordinate search, at most eight passes per start; exact template sizing for each orientation under certified requirements; not global optimum."
vgg19,128,16,1,8 × 16,rotation_and_reflection,175392,262144.0,237568.0,62176.0,26.171875,86752.0,33.09326171875,validated_reflection,/home/yj3616/workspace/phd-research/research-notes/max-resource-sweep-20260928/reflection-sweep-20261001/cases/ch1/c128-k16/vgg19/b40ec4a5021599668084/design.json,eaac96b67c294c562180a474696384820f1d2f92ae438ea235bb6af02c4a4710,"Three-start orientation coordinate search, at most eight passes per start; exact template sizing for each orientation under certified requirements; not global optimum."
vgg19,128,4,1,8 × 16,rotation_and_reflection,110784,147456.0,133632.0,22848.0,17.097701149425287,36672.0,24.869791666666668,validated_reflection,/home/yj3616/workspace/phd-research/research-notes/max-resource-sweep-20260928/reflection-sweep-20261001/cases/ch1/c128-k4/vgg19/d795884e3bd2daaaab35/design.json,747903dd12c7fcdd6110801e4db99cfc3d1fc59839c5aaaa4775c269faedac32,"Three-start orientation coordinate search, at most eight passes per start; exact template sizing for each orientation under certified requirements; not global optimum."
vgg19,128,1,1,8 × 16,rotation_and_reflection,96960,122880.0,111360.0,14400.0,12.931034482758621,25920.0,21.09375,validated_reflection,/home/yj3616/workspace/phd-research/research-notes/max-resource-sweep-20260928/reflection-sweep-20261001/cases/ch1/c128-k1/vgg19/83d7e98252b3b6960c14/design.json,42a48fb322b2fea059aa52ccc64be7352e17be938a9aadd0b4ccc828b6011c85,"Three-start orientation coordinate search, at most eight passes per start; exact template sizing for each orientation under certified requirements; not global optimum."
vgg19,256,16,1,16 × 16,rotation_and_reflection,397632,524288.0,491520.0,93888.0,19.1015625,126656.0,24.15771484375,validated_reflection,/home/yj3616/workspace/phd-research/research-notes/max-resource-sweep-20260928/reflection-sweep-20261001/cases/ch1/c256-k16/vgg19/b36b3efa2795e83d4769/design.json,9ebf4036d1d6c9a473c56a4610e02d92bd9c42a891be205d716e8a104344ed88,"Three-start orientation coordinate search, at most eight passes per start; exact template sizing for each orientation under certified requirements; not global optimum."
vgg19,256,4,1,16 × 16,rotation_and_reflection,323680,458752.0,430080.0,106400.0,24.739583333333332,135072.0,29.443359375,validated_reflection,/home/yj3616/workspace/phd-research/research-notes/max-resource-sweep-20260928/reflection-sweep-20261001/cases/ch1/c256-k4/vgg19/5f03ca21b81424579720/design.json,a1d6e72a3042315dbdc916b90a87fc0a7c1ac499f0b0adc2dc2146282708b63a,"Three-start orientation coordinate search, at most eight passes per start; exact template sizing for each orientation under certified requirements; not global optimum."
vgg19,256,1,1,16 × 16,rotation_and_reflection,160192,212992.0,199680.0,39488.0,19.775641025641026,52800.0,24.78966346153846,validated_reflection,/home/yj3616/workspace/phd-research/research-notes/max-resource-sweep-20260928/reflection-sweep-20261001/cases/ch1/c256-k1/vgg19/195a34f8e50986b166d1/design.json,86d770f122d22e4cf6f7a4d475dfbc2631349f97a6b8e3933df143d23996982f,"Three-start orientation coordinate search, at most eight passes per start; exact template sizing for each orientation under certified requirements; not global optimum."
vgg19,512,16,1,16 × 32,rotation_and_reflection,750016,1048576.0,999424.0,249408.0,24.95517418032787,298560.0,28.472900390625,validated_reflection,/home/yj3616/workspace/phd-research/research-notes/max-resource-sweep-20260928/reflection-sweep-20261001/cases/ch1/c512-k16/vgg19/124e72d715f7c6956020/design.json,56ec9527537f133b480654d903396d89b12e23d43d52a7875cd5c9720c1e863a,"Three-start orientation coordinate search, at most eight passes per start; exact template sizing for each orientation under certified requirements; not global optimum."
vgg19,512,4,1,16 × 32,rotation_and_reflection,654528,1048576.0,999424.0,344896.0,34.509477459016395,394048.0,37.579345703125,validated_reflection,/home/yj3616/workspace/phd-research/research-notes/max-resource-sweep-20260928/reflection-sweep-20261001/cases/ch1/c512-k4/vgg19/2603466b6267ba1fc1f6/design.json,d5f477765b2303193ceccb135fa7c056c9f072b74d24830cde2cecaac5aa5835,"Three-start orientation coordinate search, at most eight passes per start; exact template sizing for each orientation under certified requirements; not global optimum."
vgg19,512,1,1,16 × 32,rotation_and_reflection,242112,294912.0,281088.0,38976.0,13.866120218579235,52800.0,17.903645833333332,validated_reflection,/home/yj3616/workspace/phd-research/research-notes/max-resource-sweep-20260928/reflection-sweep-20261001/cases/ch1/c512-k1/vgg19/84f269283e39f4ccf3b9/design.json,9df193027078ff0f897026a329540055b85301825c6e78636d42599c63066a9c,"Three-start orientation coordinate search, at most eight passes per start; exact template sizing for each orientation under certified requirements; not global optimum."
vgg19,1024,16,1,32 × 32,rotation_and_reflection,1533216,2097152.0,2031616.0,498400.0,24.532195060483872,563936.0,26.89056396484375,validated_reflection,/home/yj3616/workspace/phd-research/research-notes/max-resource-sweep-20260928/reflection-sweep-20261001/cases/ch1/c1024-k16/vgg19/96e62e1c6cb2756fe722/design.json,39dcdd5b037a1f74c6e40a14ec1d2a10866b2ef4679338056acfbf30ba5dbf61,"Three-start orientation coordinate search, at most eight passes per start; exact template sizing for each orientation under certified requirements; not global optimum."
vgg19,1024,4,1,32 × 32,rotation_and_reflection,1502976,2097152.0,2031616.0,528640.0,26.020665322580644,594176.0,28.33251953125,validated_reflection,/home/yj3616/workspace/phd-research/research-notes/max-resource-sweep-20260928/reflection-sweep-20261001/cases/ch1/c1024-k4/vgg19/0b160659080765387048/design.json,6263494ed4dad30da4e0da3ac79d8a4a9cff401fa797d203e18c1bd13ae36b0f,"Three-start orientation coordinate search, at most eight passes per start; exact template sizing for each orientation under certified requirements; not global optimum."
vgg19,1024,1,1,32 × 32,rotation_and_reflection,752384,1048576.0,1015808.0,263424.0,25.932459677419356,296192.0,28.2470703125,validated_reflection,/home/yj3616/workspace/phd-research/research-notes/max-resource-sweep-20260928/reflection-sweep-20261001/cases/ch1/c1024-k1/vgg19/5ec2d01eea2e8f55c9e1/design.json,b6fadde3c4122523279df5348db20e2ca1b173d5ae584c4bae0836bf87c0151c,"Three-start orientation coordinate search, at most eight passes per start; exact template sizing for each orientation under certified requirements; not global optimum."
resnet50,4,16,1,2 × 2,rotation_and_reflection,4096,8192.0,4096.0,0.0,0.0,4096.0,50.0,validated_reflection,/home/yj3616/workspace/phd-research/research-notes/max-resource-sweep-20260928/reflection-sweep-20261001/cases/ch1/c4-k16/resnet50/156e484364d0509b5811/design.json,f187202e0c402743cc08c45081313bba376413bdc51c48e552cb72884da3a52a,Exact enumeration of 16 legal rotation/reflection assignments for fixed mappings and certified channel requirements.
resnet50,4,4,1,2 × 2,rotation_and_reflection,2816,5632.0,2816.0,0.0,0.0,2816.0,50.0,validated_reflection,/home/yj3616/workspace/phd-research/research-notes/max-resource-sweep-20260928/reflection-sweep-20261001/cases/ch1/c4-k4/resnet50/0a74a626179a6c25e4b1/design.json,d813e7147dc788404e850a56735c18a7445b7f13536304e4636c4ef10ec53175,Exact enumeration of 16 legal rotation/reflection assignments for fixed mappings and certified channel requirements.
resnet50,4,1,1,2 × 2,rotation_and_reflection,2048,4096.0,2048.0,0.0,0.0,2048.0,50.0,validated_reflection,/home/yj3616/workspace/phd-research/research-notes/max-resource-sweep-20260928/reflection-sweep-20261001/cases/ch1/c4-k1/resnet50/77f6a9d4a764dedc0c6b/design.json,ef5edf384c3770458ce8524b4a37176e638c1a331504170a061bcba67c5c59dd,Exact enumeration of 16 legal rotation/reflection assignments for fixed mappings and certified channel requirements.
resnet50,8,16,1,2 × 4,rotation_and_reflection,8704,16384.0,10240.0,1536.0,15.0,7680.0,46.875,validated_reflection,/home/yj3616/workspace/phd-research/research-notes/max-resource-sweep-20260928/reflection-sweep-20261001/cases/ch1/c8-k16/resnet50/a94bc7d5861e28b17b9f/design.json,b2ea44bd03d6040e6fb587ac3518dfb960939d978393688e2088ca4e2916ae1f,"Three-start orientation coordinate search, at most eight passes per start; exact template sizing for each orientation under certified requirements; not global optimum."
resnet50,8,4,1,2 × 4,rotation_and_reflection,7232,16384.0,10240.0,3008.0,29.375,9152.0,55.859375,validated_reflection,/home/yj3616/workspace/phd-research/research-notes/max-resource-sweep-20260928/reflection-sweep-20261001/cases/ch1/c8-k4/resnet50/f24ef11142bd16cdb6d7/design.json,3d48f4580e2bee5b1d6973b08d021ab8835026991f44a5050fa226db6a40f298,"Three-start orientation coordinate search, at most eight passes per start; exact template sizing for each orientation under certified requirements; not global optimum."
resnet50,8,1,1,2 × 4,rotation_and_reflection,7168,16384.0,10240.0,3072.0,30.0,9216.0,56.25,validated_reflection,/home/yj3616/workspace/phd-research/research-notes/max-resource-sweep-20260928/reflection-sweep-20261001/cases/ch1/c8-k1/resnet50/094dbaaeebc5cd8bc2ed/design.json,997daf6e31836e619f1e2b077b66b6935f4617ba905560cf815a66a35f0a5e4a,"Three-start orientation coordinate search, at most eight passes per start; exact template sizing for each orientation under certified requirements; not global optimum."
resnet50,16,16,1,4 × 4,rotation_and_reflection,22912,32768.0,24576.0,1664.0,6.770833333333333,9856.0,30.078125,validated_reflection,/home/yj3616/workspace/phd-research/research-notes/max-resource-sweep-20260928/reflection-sweep-20261001/cases/ch1/c16-k16/resnet50/115cc4420b16173d5388/design.json,e64b868aeef83f19564b4bbf0a93b6c0a04dc09ad3289994cee808ee98f9a5c2,"Three-start orientation coordinate search, at most eight passes per start; exact template sizing for each orientation under certified requirements; not global optimum."
resnet50,16,4,1,4 × 4,rotation_and_reflection,19648,29696.0,22272.0,2624.0,11.781609195402298,10048.0,33.83620689655172,validated_reflection,/home/yj3616/workspace/phd-research/research-notes/max-resource-sweep-20260928/reflection-sweep-20261001/cases/ch1/c16-k4/resnet50/7ab966ea59389d3e1f86/design.json,3622155703c82727c316594ec939c98698bf2f1e40d51507e39d4d19ed49728a,"Three-start orientation coordinate search, at most eight passes per start; exact template sizing for each orientation under certified requirements; not global optimum."
resnet50,16,1,1,4 × 4,rotation_and_reflection,13056,25600.0,19200.0,6144.0,32.0,12544.0,49.0,validated_reflection,/home/yj3616/workspace/phd-research/research-notes/max-resource-sweep-20260928/reflection-sweep-20261001/cases/ch1/c16-k1/resnet50/08b00b9fd970223b45e3/design.json,cc1c0d059082f5ea116e78d100e86d4b388a5b4399f471d184324b2e400ee015,"Three-start orientation coordinate search, at most eight passes per start; exact template sizing for each orientation under certified requirements; not global optimum."
resnet50,32,16,1,4 × 8,rotation_and_reflection,46464,65536.0,53248.0,6784.0,12.740384615384615,19072.0,29.1015625,validated_reflection,/home/yj3616/workspace/phd-research/research-notes/max-resource-sweep-20260928/reflection-sweep-20261001/cases/ch1/c32-k16/resnet50/0b0e4921eb02d2a7e98a/design.json,825eb537954f2e3e6b791081d2f8030bb81b8dba5619b3c28b24bbd23a748014,"Three-start orientation coordinate search, at most eight passes per start; exact template sizing for each orientation under certified requirements; not global optimum."
resnet50,32,4,1,4 × 8,rotation_and_reflection,45376,65536.0,53248.0,7872.0,14.783653846153847,20160.0,30.76171875,validated_reflection,/home/yj3616/workspace/phd-research/research-notes/max-resource-sweep-20260928/reflection-sweep-20261001/cases/ch1/c32-k4/resnet50/1eab237d364910fbc569/design.json,b33593f552856b6512d163deba5ca9bee5470d43dd2618b00a55c8eaf6ba8e61,"Three-start orientation coordinate search, at most eight passes per start; exact template sizing for each orientation under certified requirements; not global optimum."
resnet50,32,1,1,4 × 8,rotation_and_reflection,43040,65536.0,53248.0,10208.0,19.170673076923077,22496.0,34.326171875,validated_reflection,/home/yj3616/workspace/phd-research/research-notes/max-resource-sweep-20260928/reflection-sweep-20261001/cases/ch1/c32-k1/resnet50/28f6b67f6c224205bbde/design.json,ba6f688fc8136c83d3acbac5348d368e67d8bc830eae0ecd1e91ac4765a9a43b,"Three-start orientation coordinate search, at most eight passes per start; exact template sizing for each orientation under certified requirements; not global optimum."
resnet50,64,16,1,8 × 8,rotation_and_reflection,113056,131072.0,114688.0,1632.0,1.4229910714285714,18016.0,13.7451171875,validated_reflection,/home/yj3616/workspace/phd-research/research-notes/max-resource-sweep-20260928/reflection-sweep-20261001/cases/ch1/c64-k16/resnet50/58ddfecf45f61a7eded3/design.json,8c7f32ac49e0e1c3effbd2d1e1515ade579eda7ccb5ee828594ee54af8c7d624,"Three-start orientation coordinate search, at most eight passes per start; exact template sizing for each orientation under certified requirements; not global optimum."
resnet50,64,4,1,8 × 8,rotation_and_reflection,107264,131072.0,114688.0,7424.0,6.473214285714286,23808.0,18.1640625,validated_reflection,/home/yj3616/workspace/phd-research/research-notes/max-resource-sweep-20260928/reflection-sweep-20261001/cases/ch1/c64-k4/resnet50/5faf5c18f2e45be07f82/design.json,98fd2c2c5a01e7fb369486a82335a415adbd958f939243cddb7953b926506217,"Three-start orientation coordinate search, at most eight passes per start; exact template sizing for each orientation under certified requirements; not global optimum."
resnet50,64,1,1,8 × 8,rotation_and_reflection,75584,118784.0,103936.0,28352.0,27.278325123152708,43200.0,36.36853448275862,validated_reflection,/home/yj3616/workspace/phd-research/research-notes/max-resource-sweep-20260928/reflection-sweep-20261001/cases/ch1/c64-k1/resnet50/c5daaed7b195707d395e/design.json,b20d10c94a53ddff0bf468a9d9b4632dba3ad198bc30586080cd918b8a607983,"Three-start orientation coordinate search, at most eight passes per start; exact template sizing for each orientation under certified requirements; not global optimum."
resnet50,128,16,1,8 × 16,rotation_and_reflection,190880,262144.0,237568.0,46688.0,19.65247844827586,71264.0,27.18505859375,validated_reflection,/home/yj3616/workspace/phd-research/research-notes/max-resource-sweep-20260928/reflection-sweep-20261001/cases/ch1/c128-k16/resnet50/83387edd44dcad0cb187/design.json,75d58fedd3e479b65b873a51839d7e76a013deb5738b0e1acfb5fafd07addabd,"Three-start orientation coordinate search, at most eight passes per start; exact template sizing for each orientation under certified requirements; not global optimum."
resnet50,128,4,1,8 × 16,rotation_and_reflection,188352,262144.0,237568.0,49216.0,20.716594827586206,73792.0,28.1494140625,validated_reflection,/home/yj3616/workspace/phd-research/research-notes/max-resource-sweep-20260928/reflection-sweep-20261001/cases/ch1/c128-k4/resnet50/9c932ac489d919430b1d/design.json,5ff0f40c254e3f0d57db901553e38acdc2698a5ace573504c62f22231dbad572,"Three-start orientation coordinate search, at most eight passes per start; exact template sizing for each orientation under certified requirements; not global optimum."
resnet50,128,1,1,8 × 16,rotation_and_reflection,179712,262144.0,237568.0,57856.0,24.353448275862068,82432.0,31.4453125,validated_reflection,/home/yj3616/workspace/phd-research/research-notes/max-resource-sweep-20260928/reflection-sweep-20261001/cases/ch1/c128-k1/resnet50/421f326f06d45524079a/design.json,c4f7ec5726a06a0df60e7f9b758ac91f2e61c178380bfbd771af1ff0271a6fb0,"Three-start orientation coordinate search, at most eight passes per start; exact template sizing for each orientation under certified requirements; not global optimum."
resnet50,256,16,1,16 × 16,rotation_and_reflection,400352,524288.0,491520.0,91168.0,18.548177083333332,123936.0,23.638916015625,validated_reflection,/home/yj3616/workspace/phd-research/research-notes/max-resource-sweep-20260928/reflection-sweep-20261001/cases/ch1/c256-k16/resnet50/60191a29be92c539297a/design.json,b3baddd967fd91b449742f60fb48d9b65a0fe3a30dea05cca7730d42972806fb,"Three-start orientation coordinate search, at most eight passes per start; exact template sizing for each orientation under certified requirements; not global optimum."
resnet50,256,4,1,16 × 16,rotation_and_reflection,386496,524288.0,491520.0,105024.0,21.3671875,137792.0,26.28173828125,validated_reflection,/home/yj3616/workspace/phd-research/research-notes/max-resource-sweep-20260928/reflection-sweep-20261001/cases/ch1/c256-k4/resnet50/5c08303493aa6fd11c9e/design.json,f40a53e926ba5308a64af7634d90c8af031b265de22d62d7adef4baa8fe8eb91,"Three-start orientation coordinate search, at most eight passes per start; exact template sizing for each orientation under certified requirements; not global optimum."
resnet50,256,1,1,16 × 16,rotation_and_reflection,355520,475136.0,445440.0,89920.0,20.186781609195403,119616.0,25.17510775862069,validated_reflection,/home/yj3616/workspace/phd-research/research-notes/max-resource-sweep-20260928/reflection-sweep-20261001/cases/ch1/c256-k1/resnet50/504b9011bc28f75b2037/design.json,c7227d1abf739d67c7598a6828966654e3cad87d27cabc8103a1062d93e2aee2,"Three-start orientation coordinate search, at most eight passes per start; exact template sizing for each orientation under certified requirements; not global optimum."
resnet50,512,16,1,16 × 32,rotation_and_reflection,727968,1048576.0,999424.0,271456.0,27.16124487704918,320608.0,30.5755615234375,validated_reflection,/home/yj3616/workspace/phd-research/research-notes/max-resource-sweep-20260928/reflection-sweep-20261001/cases/ch1/c512-k16/resnet50/50c14bd16bd36aa0e246/design.json,78b7d9318dc5dff1dece2240acd2a479e4e801b0da66c19ac568304b65928c2b,"Three-start orientation coordinate search, at most eight passes per start; exact template sizing for each orientation under certified requirements; not global optimum."
resnet50,512,4,1,16 × 32,rotation_and_reflection,683872,1048576.0,999424.0,315552.0,31.573386270491802,364704.0,34.7808837890625,validated_reflection,/home/yj3616/workspace/phd-research/research-notes/max-resource-sweep-20260928/reflection-sweep-20261001/cases/ch1/c512-k4/resnet50/332662ebb066aa442b04/design.json,bd8e5c3df565a3d7c526ab0bd898923826cbdf93d33c41a691371f1f321c1c9b,"Three-start orientation coordinate search, at most eight passes per start; exact template sizing for each orientation under certified requirements; not global optimum."
resnet50,512,1,1,16 × 32,rotation_and_reflection,655104,1048576.0,999424.0,344320.0,34.45184426229508,393472.0,37.5244140625,validated_reflection,/home/yj3616/workspace/phd-research/research-notes/max-resource-sweep-20260928/reflection-sweep-20261001/cases/ch1/c512-k1/resnet50/cbd90df5c62628a10705/design.json,daaf0aa17fdd5169e3cc79cbe2642ee4190b78ad0690add7651eb9c4bb1b857e,"Three-start orientation coordinate search, at most eight passes per start; exact template sizing for each orientation under certified requirements; not global optimum."
resnet50,1024,16,1,32 × 32,rotation_and_reflection,1573056,2097152.0,2031616.0,458560.0,22.571194556451612,524096.0,24.9908447265625,validated_reflection,/home/yj3616/workspace/phd-research/research-notes/max-resource-sweep-20260928/reflection-sweep-20261001/cases/ch1/c1024-k16/resnet50/0b523d92f26ee1c9b5c4/design.json,46138bc40fee08c80f2c893e359365357cf0e92cd97a58f3664a20e562668dbc,"Three-start orientation coordinate search, at most eight passes per start; exact template sizing for each orientation under certified requirements; not global optimum."
resnet50,1024,4,1,32 × 32,rotation_and_reflection,1533440,2097152.0,2031616.0,498176.0,24.521169354838708,563712.0,26.8798828125,validated_reflection,/home/yj3616/workspace/phd-research/research-notes/max-resource-sweep-20260928/reflection-sweep-20261001/cases/ch1/c1024-k4/resnet50/b88276f19c27bd58395a/design.json,981ee342bc69b9d3b54a80c502c25b50dad8d5eee5a39ae1f933bdc246ed0d57,"Three-start orientation coordinate search, at most eight passes per start; exact template sizing for each orientation under certified requirements; not global optimum."
resnet50,1024,1,1,32 × 32,rotation_and_reflection,1383104,2097152.0,2031616.0,648512.0,31.920992943548388,714048.0,34.0484619140625,validated_reflection,/home/yj3616/workspace/phd-research/research-notes/max-resource-sweep-20260928/reflection-sweep-20261001/cases/ch1/c1024-k1/resnet50/8d39ae6d34976d810f95/design.json,4949202d7869e29908fe3ade7cf90999ba5ab127756e3841ce0156f38a64b034,"Three-start orientation coordinate search, at most eight passes per start; exact template sizing for each orientation under certified requirements; not global optimum."
googlenet,4,16,1,2 × 2,rotation_and_reflection,4096,8192.0,4096.0,0.0,0.0,4096.0,50.0,validated_reflection,/home/yj3616/workspace/phd-research/research-notes/max-resource-sweep-20260928/reflection-sweep-20261001/cases/ch1/c4-k16/googlenet/4011accbc0028a8935e4/design.json,7722c5fb322e4e02bf0fa7ff6b9319e5b7ada1e88cc73d060ff7c41482b9896f,Exact enumeration of 16 legal rotation/reflection assignments for fixed mappings and certified channel requirements.
googlenet,4,4,1,2 × 2,rotation_and_reflection,2816,5632.0,2816.0,0.0,0.0,2816.0,50.0,validated_reflection,/home/yj3616/workspace/phd-research/research-notes/max-resource-sweep-20260928/reflection-sweep-20261001/cases/ch1/c4-k4/googlenet/a044789b6507869f0d4d/design.json,3e76f28148605051edf6024110dc77018bf93e7c123dd1ce340f13d4582c7d9a,Exact enumeration of 16 legal rotation/reflection assignments for fixed mappings and certified channel requirements.
googlenet,4,1,1,2 × 2,rotation_and_reflection,2048,4096.0,2048.0,0.0,0.0,2048.0,50.0,validated_reflection,/home/yj3616/workspace/phd-research/research-notes/max-resource-sweep-20260928/reflection-sweep-20261001/cases/ch1/c4-k1/googlenet/a9411b87dfe44e3baaf9/design.json,6db76f18deb0932b9091398af954576adbf02f684f8addcd2895934ef133963d,Exact enumeration of 16 legal rotation/reflection assignments for fixed mappings and certified channel requirements.
googlenet,8,16,1,2 × 4,rotation_and_reflection,8576,16384.0,10240.0,1664.0,16.25,7808.0,47.65625,validated_reflection,/home/yj3616/workspace/phd-research/research-notes/max-resource-sweep-20260928/reflection-sweep-20261001/cases/ch1/c8-k16/googlenet/2f04d68e4209c6d8de47/design.json,e193b7f7c1742c9e3744782f06d0b546bcc1ace4c0c0889cba15cdcf683729c9,"Three-start orientation coordinate search, at most eight passes per start; exact template sizing for each orientation under certified requirements; not global optimum."
googlenet,8,4,1,2 × 4,rotation_and_reflection,7232,16384.0,10240.0,3008.0,29.375,9152.0,55.859375,validated_reflection,/home/yj3616/workspace/phd-research/research-notes/max-resource-sweep-20260928/reflection-sweep-20261001/cases/ch1/c8-k4/googlenet/eee4f1263115047f791d/design.json,b85253e87970cf5d9252a95ab584d69228781d97aca9bb8a254ec1245997c118,"Three-start orientation coordinate search, at most eight passes per start; exact template sizing for each orientation under certified requirements; not global optimum."
googlenet,8,1,1,2 × 4,rotation_and_reflection,7168,16384.0,10240.0,3072.0,30.0,9216.0,56.25,validated_reflection,/home/yj3616/workspace/phd-research/research-notes/max-resource-sweep-20260928/reflection-sweep-20261001/cases/ch1/c8-k1/googlenet/0e93dd88c72ea1a89caf/design.json,8a3bc81ee3593e9915eddf86424bdfb7b9e588e518be6a1958b23c92cef791df,"Three-start orientation coordinate search, at most eight passes per start; exact template sizing for each orientation under certified requirements; not global optimum."
googlenet,16,16,1,4 × 4,rotation_and_reflection,23232,32768.0,24576.0,1344.0,5.46875,9536.0,29.1015625,validated_reflection,/home/yj3616/workspace/phd-research/research-notes/max-resource-sweep-20260928/reflection-sweep-20261001/cases/ch1/c16-k16/googlenet/f1f08133dfa75298d8ea/design.json,b13c8d06d53ddef5b5890ef5b4c7e9a36f27ba6dd252d457d4c798b5c2e3a836,"Three-start orientation coordinate search, at most eight passes per start; exact template sizing for each orientation under certified requirements; not global optimum."
googlenet,16,4,1,4 × 4,rotation_and_reflection,22624,32768.0,24576.0,1952.0,7.942708333333333,10144.0,30.95703125,validated_reflection,/home/yj3616/workspace/phd-research/research-notes/max-resource-sweep-20260928/reflection-sweep-20261001/cases/ch1/c16-k4/googlenet/fb965911396feaeb3725/design.json,c88da88b59a1a6529174fed7056893442fe0585fc67a0c74bc0da396baed6cf7,"Three-start orientation coordinate search, at most eight passes per start; exact template sizing for each orientation under certified requirements; not global optimum."
googlenet,16,1,1,4 × 4,rotation_and_reflection,13056,25600.0,19200.0,6144.0,32.0,12544.0,49.0,validated_reflection,/home/yj3616/workspace/phd-research/research-notes/max-resource-sweep-20260928/reflection-sweep-20261001/cases/ch1/c16-k1/googlenet/2180f74461607f39edb5/design.json,7b7cc929728bf50300ddc070ff2f11cdac4df07b2bab436298da2c6de150ffbf,"Three-start orientation coordinate search, at most eight passes per start; exact template sizing for each orientation under certified requirements; not global optimum."
googlenet,32,16,1,4 × 8,rotation_and_reflection,46400,65536.0,53248.0,6848.0,12.860576923076923,19136.0,29.19921875,validated_reflection,/home/yj3616/workspace/phd-research/research-notes/max-resource-sweep-20260928/reflection-sweep-20261001/cases/ch1/c32-k16/googlenet/7cf3a4ea873aab87890c/design.json,31935da85e9a769446b91a8264fe69c803672f78be1bfd06b3cb6d9e2f3a0bdf,"Three-start orientation coordinate search, at most eight passes per start; exact template sizing for each orientation under certified requirements; not global optimum."
googlenet,32,4,1,4 × 8,rotation_and_reflection,46016,65536.0,53248.0,7232.0,13.58173076923077,19520.0,29.78515625,validated_reflection,/home/yj3616/workspace/phd-research/research-notes/max-resource-sweep-20260928/reflection-sweep-20261001/cases/ch1/c32-k4/googlenet/30b3c5d3d367779e809a/design.json,8ab7554ef97ce3f10501ee16b86684fc8df380fa6c3329fe4dae6099e87ccf60,"Three-start orientation coordinate search, at most eight passes per start; exact template sizing for each orientation under certified requirements; not global optimum."
googlenet,32,1,1,4 × 8,rotation_and_reflection,43040,65536.0,53248.0,10208.0,19.170673076923077,22496.0,34.326171875,validated_reflection,/home/yj3616/workspace/phd-research/research-notes/max-resource-sweep-20260928/reflection-sweep-20261001/cases/ch1/c32-k1/googlenet/a500077d9eadc35dadbb/design.json,d792d1d91daec7ad12981b5b6c1200d9648963fe20e0263b3e08522c8c31d645,"Three-start orientation coordinate search, at most eight passes per start; exact template sizing for each orientation under certified requirements; not global optimum."
googlenet,64,16,1,8 × 8,rotation_and_reflection,106432,131072.0,114688.0,8256.0,7.198660714285714,24640.0,18.798828125,validated_reflection,/home/yj3616/workspace/phd-research/research-notes/max-resource-sweep-20260928/reflection-sweep-20261001/cases/ch1/c64-k16/googlenet/244e91707a8c94592750/design.json,f41ca6406e275905cd8559177e00bdf93d421d88185c783b0a4febf6c4ed929a,"Three-start orientation coordinate search, at most eight passes per start; exact template sizing for each orientation under certified requirements; not global optimum."
googlenet,64,4,1,8 × 8,rotation_and_reflection,106720,131072.0,114688.0,7968.0,6.947544642857143,24352.0,18.5791015625,validated_reflection,/home/yj3616/workspace/phd-research/research-notes/max-resource-sweep-20260928/reflection-sweep-20261001/cases/ch1/c64-k4/googlenet/d31eebfbd36244f67187/design.json,9bc6b3a1e219319ebb5d72e9262e17b65c66655d89326ffa0218642265e5abf6,"Three-start orientation coordinate search, at most eight passes per start; exact template sizing for each orientation under certified requirements; not global optimum."
googlenet,64,1,1,8 × 8,rotation_and_reflection,82816,114688.0,100352.0,17536.0,17.474489795918366,31872.0,27.790178571428573,validated_reflection,/home/yj3616/workspace/phd-research/research-notes/max-resource-sweep-20260928/reflection-sweep-20261001/cases/ch1/c64-k1/googlenet/2b6ffff649c1484204d4/design.json,9a830c1ed06946c9cffdecac62b78f4212c673d2e1a663d1ea09b345eb336c61,"Three-start orientation coordinate search, at most eight passes per start; exact template sizing for each orientation under certified requirements; not global optimum."
googlenet,128,16,1,8 × 16,rotation_and_reflection,178784,262144.0,237568.0,58784.0,24.744073275862068,83360.0,31.79931640625,validated_reflection,/home/yj3616/workspace/phd-research/research-notes/max-resource-sweep-20260928/reflection-sweep-20261001/cases/ch1/c128-k16/googlenet/6907ee409bfb2c03c171/design.json,7d8942a128b14536380525ca6a6ad79ccaea34e3cca6e61d0b3e68770bebfc51,"Three-start orientation coordinate search, at most eight passes per start; exact template sizing for each orientation under certified requirements; not global optimum."
googlenet,128,4,1,8 × 16,rotation_and_reflection,176448,262144.0,237568.0,61120.0,25.72737068965517,85696.0,32.6904296875,validated_reflection,/home/yj3616/workspace/phd-research/research-notes/max-resource-sweep-20260928/reflection-sweep-20261001/cases/ch1/c128-k4/googlenet/ee0fb34affe9848209d6/design.json,93ac30b244ee11d84b5c62137b16220a59b56eea412cd5a4187e0cd73f7dd1fa,"Three-start orientation coordinate search, at most eight passes per start; exact template sizing for each orientation under certified requirements; not global optimum."
googlenet,128,1,1,8 × 16,rotation_and_reflection,175680,262144.0,237568.0,61888.0,26.05064655172414,86464.0,32.9833984375,validated_reflection,/home/yj3616/workspace/phd-research/research-notes/max-resource-sweep-20260928/reflection-sweep-20261001/cases/ch1/c128-k1/googlenet/e32e119841530b1ce43e/design.json,fc8fed94fc3e400cfcf9c2faa1a91560568909a99308120abf5063e43ad8c7ae,"Three-start orientation coordinate search, at most eight passes per start; exact template sizing for each orientation under certified requirements; not global optimum."
googlenet,256,16,1,16 × 16,rotation_and_reflection,405568,524288.0,491520.0,85952.0,17.486979166666668,118720.0,22.64404296875,validated_reflection,/home/yj3616/workspace/phd-research/research-notes/max-resource-sweep-20260928/reflection-sweep-20261001/cases/ch1/c256-k16/googlenet/3e13aea5c2af306c32e9/design.json,5b2b03f77f6119689a0b0f3d700a351546d928b88dfbbf9909a31ad9f4785f78,"Three-start orientation coordinate search, at most eight passes per start; exact template sizing for each orientation under certified requirements; not global optimum."
googlenet,256,4,1,16 × 16,rotation_and_reflection,400896,524288.0,491520.0,90624.0,18.4375,123392.0,23.53515625,validated_reflection,/home/yj3616/workspace/phd-research/research-notes/max-resource-sweep-20260928/reflection-sweep-20261001/cases/ch1/c256-k4/googlenet/51c8e187b86bf66252b4/design.json,2ff56be97d20c3c92829ae6ca0d68213107ea969dcd9dd616c960c27349b1154,"Three-start orientation coordinate search, at most eight passes per start; exact template sizing for each orientation under certified requirements; not global optimum."
googlenet,256,1,1,16 × 16,rotation_and_reflection,375744,524288.0,491520.0,115776.0,23.5546875,148544.0,28.33251953125,validated_reflection,/home/yj3616/workspace/phd-research/research-notes/max-resource-sweep-20260928/reflection-sweep-20261001/cases/ch1/c256-k1/googlenet/d771feb7bcb5dee9cc45/design.json,1a71314c8b39f3a13d866fc03f912acd44cec31dfa32b656d26d5286b04cd457,"Three-start orientation coordinate search, at most eight passes per start; exact template sizing for each orientation under certified requirements; not global optimum."
googlenet,512,16,1,16 × 32,rotation_and_reflection,661312,1048576.0,999424.0,338112.0,33.830686475409834,387264.0,36.932373046875,validated_reflection,/home/yj3616/workspace/phd-research/research-notes/max-resource-sweep-20260928/reflection-sweep-20261001/cases/ch1/c512-k16/googlenet/7af732af0027c525adbb/design.json,a033753c1c304b7470768d66b1abbf4ffb1b33cfebf2a7dec0c1bc59122e46f0,"Three-start orientation coordinate search, at most eight passes per start; exact template sizing for each orientation under certified requirements; not global optimum."
googlenet,512,4,1,16 × 32,rotation_and_reflection,644256,1048576.0,999424.0,355168.0,35.537269467213115,404320.0,38.5589599609375,validated_reflection,/home/yj3616/workspace/phd-research/research-notes/max-resource-sweep-20260928/reflection-sweep-20261001/cases/ch1/c512-k4/googlenet/8f0684cb8f9f08ce4285/design.json,7e8054ccd84e7853f3ff036db2195303bd7a69488e12f76239cb71169ae47ecc,"Three-start orientation coordinate search, at most eight passes per start; exact template sizing for each orientation under certified requirements; not global optimum."
googlenet,512,1,1,16 × 32,rotation_and_reflection,679136,1048576.0,999424.0,320288.0,32.04725922131148,369440.0,35.2325439453125,validated_reflection,/home/yj3616/workspace/phd-research/research-notes/max-resource-sweep-20260928/reflection-sweep-20261001/cases/ch1/c512-k1/googlenet/8fec9b2cfca31345e9b6/design.json,19788e166fd91dc30bf0b67c14e0f88a9dc0aa90563ccf0d109ae1d71206144e,"Three-start orientation coordinate search, at most eight passes per start; exact template sizing for each orientation under certified requirements; not global optimum."
googlenet,1024,16,1,32 × 32,rotation_and_reflection,1393760,2097152.0,2031616.0,637856.0,31.396484375,703392.0,33.54034423828125,validated_reflection,/home/yj3616/workspace/phd-research/research-notes/max-resource-sweep-20260928/reflection-sweep-20261001/cases/ch1/c1024-k16/googlenet/3669660809b146372ff9/design.json,13f8ceb966b8ca1c600c4166da58ab8cde674af01836b6fc5a9edd7cffe0ce07,"Three-start orientation coordinate search, at most eight passes per start; exact template sizing for each orientation under certified requirements; not global optimum."
googlenet,1024,4,1,32 × 32,rotation_and_reflection,1475744,2097152.0,2031616.0,555872.0,27.361076108870968,621408.0,29.63104248046875,validated_reflection,/home/yj3616/workspace/phd-research/research-notes/max-resource-sweep-20260928/reflection-sweep-20261001/cases/ch1/c1024-k4/googlenet/c08116548812020f7c51/design.json,8258e7a806aea9a9c026b60e5560f56a060d9f948cb283a1051ba86353886ff5,"Three-start orientation coordinate search, at most eight passes per start; exact template sizing for each orientation under certified requirements; not global optimum."
googlenet,1024,1,1,32 × 32,rotation_and_reflection,1375904,2097152.0,2031616.0,655712.0,32.275390625,721248.0,34.39178466796875,validated_reflection,/home/yj3616/workspace/phd-research/research-notes/max-resource-sweep-20260928/reflection-sweep-20261001/cases/ch1/c1024-k1/googlenet/ac0d8c705ab64cba40d0/design.json,7edab821f20523cf2917323602d41fa5d19aceb72fd0cf697765b412e36f4356,"Three-start orientation coordinate search, at most eight passes per start; exact template sizing for each orientation under certified requirements; not global optimum."
resnet101,4,16,1,2 × 2,rotation_and_reflection,4096,8192.0,4096.0,0.0,0.0,4096.0,50.0,validated_reflection,/home/yj3616/workspace/phd-research/research-notes/max-resource-sweep-20260928/reflection-sweep-20261001/cases/ch1/c4-k16/resnet101/e39f68b2268a0b605934/design.json,e6ed0e1e956114c0950c02ef503961141646cb811fd11c74a3898fc5be592c76,Exact enumeration of 16 legal rotation/reflection assignments for fixed mappings and certified channel requirements.
resnet101,4,4,1,2 × 2,rotation_and_reflection,2816,5632.0,2816.0,0.0,0.0,2816.0,50.0,validated_reflection,/home/yj3616/workspace/phd-research/research-notes/max-resource-sweep-20260928/reflection-sweep-20261001/cases/ch1/c4-k4/resnet101/ec19b4d76ee76a521a56/design.json,12334d8991a33f9b111aff7c9394f6c291e420aeea00a6d0496713921bb85ff6,Exact enumeration of 16 legal rotation/reflection assignments for fixed mappings and certified channel requirements.
resnet101,4,1,1,2 × 2,rotation_and_reflection,2048,4096.0,2048.0,0.0,0.0,2048.0,50.0,validated_reflection,/home/yj3616/workspace/phd-research/research-notes/max-resource-sweep-20260928/reflection-sweep-20261001/cases/ch1/c4-k1/resnet101/972fc586d2e97ddadef4/design.json,0bc89f79efa6378714afc46f4811e3b14759597bc08d99a5684c8c7c4db15c0f,Exact enumeration of 16 legal rotation/reflection assignments for fixed mappings and certified channel requirements.
resnet101,8,16,1,2 × 4,rotation_and_reflection,8704,16384.0,10240.0,1536.0,15.0,7680.0,46.875,validated_reflection,/home/yj3616/workspace/phd-research/research-notes/max-resource-sweep-20260928/reflection-sweep-20261001/cases/ch1/c8-k16/resnet101/ad096c41bbca9fbc386a/design.json,3c14072e0f2155942dbfb4476228d8119862dfeba00e05cc02975132bfec3494,"Three-start orientation coordinate search, at most eight passes per start; exact template sizing for each orientation under certified requirements; not global optimum."
resnet101,8,4,1,2 × 4,rotation_and_reflection,7232,16384.0,10240.0,3008.0,29.375,9152.0,55.859375,validated_reflection,/home/yj3616/workspace/phd-research/research-notes/max-resource-sweep-20260928/reflection-sweep-20261001/cases/ch1/c8-k4/resnet101/13d3642bddaf0539009f/design.json,0db17afd3ec5d36b19d18a417d7aa0a3598063cfc2b079f4a3baff628522f627,"Three-start orientation coordinate search, at most eight passes per start; exact template sizing for each orientation under certified requirements; not global optimum."
resnet101,8,1,1,2 × 4,rotation_and_reflection,7168,16384.0,10240.0,3072.0,30.0,9216.0,56.25,validated_reflection,/home/yj3616/workspace/phd-research/research-notes/max-resource-sweep-20260928/reflection-sweep-20261001/cases/ch1/c8-k1/resnet101/3c387b871d365e3807ab/design.json,6e9a5abed839aa745753cdca072984a534f1a806211ea0e0c52df9033026545e,"Three-start orientation coordinate search, at most eight passes per start; exact template sizing for each orientation under certified requirements; not global optimum."
resnet101,16,16,1,4 × 4,rotation_and_reflection,22912,32768.0,24576.0,1664.0,6.770833333333333,9856.0,30.078125,validated_reflection,/home/yj3616/workspace/phd-research/research-notes/max-resource-sweep-20260928/reflection-sweep-20261001/cases/ch1/c16-k16/resnet101/214cdef3a6b3784b379d/design.json,a08b83b062599fbd79b633d8d8fc191af2e6a0a7bc4c99b411e1c22b434999f9,"Three-start orientation coordinate search, at most eight passes per start; exact template sizing for each orientation under certified requirements; not global optimum."
resnet101,16,4,1,4 × 4,rotation_and_reflection,19648,29696.0,22272.0,2624.0,11.781609195402298,10048.0,33.83620689655172,validated_reflection,/home/yj3616/workspace/phd-research/research-notes/max-resource-sweep-20260928/reflection-sweep-20261001/cases/ch1/c16-k4/resnet101/312850ed3210e939faab/design.json,a2e8d4a58fcc02459ff2546a457fbafda907d776f4cae5f664fadf7bb6126aeb,"Three-start orientation coordinate search, at most eight passes per start; exact template sizing for each orientation under certified requirements; not global optimum."
resnet101,16,1,1,4 × 4,rotation_and_reflection,13056,25600.0,19200.0,6144.0,32.0,12544.0,49.0,validated_reflection,/home/yj3616/workspace/phd-research/research-notes/max-resource-sweep-20260928/reflection-sweep-20261001/cases/ch1/c16-k1/resnet101/934601dd37f3c53119ed/design.json,1144d75eb78f301ef61ae5c6f4c7ad2f37a94fe83919b67599b4725cd2cb88d7,"Three-start orientation coordinate search, at most eight passes per start; exact template sizing for each orientation under certified requirements; not global optimum."
resnet101,32,16,1,4 × 8,rotation_and_reflection,46464,65536.0,53248.0,6784.0,12.740384615384615,19072.0,29.1015625,validated_reflection,/home/yj3616/workspace/phd-research/research-notes/max-resource-sweep-20260928/reflection-sweep-20261001/cases/ch1/c32-k16/resnet101/664b94ee1911e45c5395/design.json,3d4673d3ccd389b1f6fd658f6ccbc69a23c1b0ee7126e27f50e7f3fe0b541387,"Three-start orientation coordinate search, at most eight passes per start; exact template sizing for each orientation under certified requirements; not global optimum."
resnet101,32,4,1,4 × 8,rotation_and_reflection,45376,65536.0,53248.0,7872.0,14.783653846153847,20160.0,30.76171875,validated_reflection,/home/yj3616/workspace/phd-research/research-notes/max-resource-sweep-20260928/reflection-sweep-20261001/cases/ch1/c32-k4/resnet101/1e13a02a9fbf55fda9b6/design.json,ec036cc1e7afee61a1c513a6e83f8dd35cd6185c29674c3928b27566ea547d22,"Three-start orientation coordinate search, at most eight passes per start; exact template sizing for each orientation under certified requirements; not global optimum."
resnet101,32,1,1,4 × 8,rotation_and_reflection,43040,65536.0,53248.0,10208.0,19.170673076923077,22496.0,34.326171875,validated_reflection,/home/yj3616/workspace/phd-research/research-notes/max-resource-sweep-20260928/reflection-sweep-20261001/cases/ch1/c32-k1/resnet101/05b383683f7b6a90c0c4/design.json,eb87dde5487138dc23c7a8debd212769da8e7bca98294d382323f5ef19259be9,"Three-start orientation coordinate search, at most eight passes per start; exact template sizing for each orientation under certified requirements; not global optimum."
resnet101,64,16,1,8 × 8,rotation_and_reflection,113056,131072.0,114688.0,1632.0,1.4229910714285714,18016.0,13.7451171875,validated_reflection,/home/yj3616/workspace/phd-research/research-notes/max-resource-sweep-20260928/reflection-sweep-20261001/cases/ch1/c64-k16/resnet101/07d10e3b30ecd1447fc3/design.json,94c88b63d2cbb2398a875ae4237f824826a358dd47e115d82a7072c99cac8672,"Three-start orientation coordinate search, at most eight passes per start; exact template sizing for each orientation under certified requirements; not global optimum."
resnet101,64,4,1,8 × 8,rotation_and_reflection,107968,131072.0,114688.0,6720.0,5.859375,23104.0,17.626953125,validated_reflection,/home/yj3616/workspace/phd-research/research-notes/max-resource-sweep-20260928/reflection-sweep-20261001/cases/ch1/c64-k4/resnet101/a72d9847273051163b4c/design.json,947d8870e218c622d5bb1a803675709cc2ae9960febe899a9f68b45ad2c9231f,"Three-start orientation coordinate search, at most eight passes per start; exact template sizing for each orientation under certified requirements; not global optimum."
resnet101,64,1,1,8 × 8,rotation_and_reflection,75584,118784.0,103936.0,28352.0,27.278325123152708,43200.0,36.36853448275862,validated_reflection,/home/yj3616/workspace/phd-research/research-notes/max-resource-sweep-20260928/reflection-sweep-20261001/cases/ch1/c64-k1/resnet101/b673e23b259104b09b3a/design.json,4a1bdf4bd95fc1ee7ca09718dbe7fab44d75f98ae2eb6c24ed5eb76db260815e,"Three-start orientation coordinate search, at most eight passes per start; exact template sizing for each orientation under certified requirements; not global optimum."
resnet101,128,16,1,8 × 16,rotation_and_reflection,190880,262144.0,237568.0,46688.0,19.65247844827586,71264.0,27.18505859375,validated_reflection,/home/yj3616/workspace/phd-research/research-notes/max-resource-sweep-20260928/reflection-sweep-20261001/cases/ch1/c128-k16/resnet101/ac12ddc883ccb2c1e6c5/design.json,cc79b24424969b98a3e6624b99fdbe6905276d5ab468303df314cd3beec651a1,"Three-start orientation coordinate search, at most eight passes per start; exact template sizing for each orientation under certified requirements; not global optimum."
resnet101,128,4,1,8 × 16,rotation_and_reflection,186656,262144.0,237568.0,50912.0,21.43049568965517,75488.0,28.79638671875,validated_reflection,/home/yj3616/workspace/phd-research/research-notes/max-resource-sweep-20260928/reflection-sweep-20261001/cases/ch1/c128-k4/resnet101/eea7d4e95d648fd409ef/design.json,89dddd1b2ced7739a7debadf894e49cb4ad40e889f930a32f7826e48a9e130fc,"Three-start orientation coordinate search, at most eight passes per start; exact template sizing for each orientation under certified requirements; not global optimum."
resnet101,128,1,1,8 × 16,rotation_and_reflection,179712,262144.0,237568.0,57856.0,24.353448275862068,82432.0,31.4453125,validated_reflection,/home/yj3616/workspace/phd-research/research-notes/max-resource-sweep-20260928/reflection-sweep-20261001/cases/ch1/c128-k1/resnet101/e2788ec8d2e00575e643/design.json,633286bc2950489f90a9186675f221f6959711a4b5b17b360540b7c8598896f9,"Three-start orientation coordinate search, at most eight passes per start; exact template sizing for each orientation under certified requirements; not global optimum."
resnet101,256,16,1,16 × 16,rotation_and_reflection,400352,524288.0,491520.0,91168.0,18.548177083333332,123936.0,23.638916015625,validated_reflection,/home/yj3616/workspace/phd-research/research-notes/max-resource-sweep-20260928/reflection-sweep-20261001/cases/ch1/c256-k16/resnet101/c6941e7711d364471ea6/design.json,1b475fa988f6c538552ba0607f3d537f4ce63a9e189c725455abaf0f18f1a8f1,"Three-start orientation coordinate search, at most eight passes per start; exact template sizing for each orientation under certified requirements; not global optimum."
resnet101,256,4,1,16 × 16,rotation_and_reflection,387424,524288.0,491520.0,104096.0,21.178385416666668,136864.0,26.104736328125,validated_reflection,/home/yj3616/workspace/phd-research/research-notes/max-resource-sweep-20260928/reflection-sweep-20261001/cases/ch1/c256-k4/resnet101/a6e90a35c7bce8ed9d59/design.json,6a658ca674797b3c8f054e7d15bc6efe43596f2b10cef6aa32742923af6b8f85,"Three-start orientation coordinate search, at most eight passes per start; exact template sizing for each orientation under certified requirements; not global optimum."
resnet101,256,1,1,16 × 16,rotation_and_reflection,355520,475136.0,445440.0,89920.0,20.186781609195403,119616.0,25.17510775862069,validated_reflection,/home/yj3616/workspace/phd-research/research-notes/max-resource-sweep-20260928/reflection-sweep-20261001/cases/ch1/c256-k1/resnet101/233721a4a7bc3eedfb9f/design.json,5485af3a075e3ef490d3885751dfa8ef311448d26cb9700ca2338afacefd0c93,"Three-start orientation coordinate search, at most eight passes per start; exact template sizing for each orientation under certified requirements; not global optimum."
resnet101,512,16,1,16 × 32,rotation_and_reflection,734688,1048576.0,999424.0,264736.0,26.488857581967213,313888.0,29.9346923828125,validated_reflection,/home/yj3616/workspace/phd-research/research-notes/max-resource-sweep-20260928/reflection-sweep-20261001/cases/ch1/c512-k16/resnet101/0dad5d702d6c32946b34/design.json,a58eaa1da6be54a6b8496777e9866d35305c6b77ecce23f2efb1850a6a417c0e,"Three-start orientation coordinate search, at most eight passes per start; exact template sizing for each orientation under certified requirements; not global optimum."
resnet101,512,4,1,16 × 32,rotation_and_reflection,684000,1048576.0,999424.0,315424.0,31.560578893442624,364576.0,34.7686767578125,validated_reflection,/home/yj3616/workspace/phd-research/research-notes/max-resource-sweep-20260928/reflection-sweep-20261001/cases/ch1/c512-k4/resnet101/27c7dae9d86e58f82d8b/design.json,eb7caa62727901fad95f239734d52111ad03eabc552fca599d3da65d674d4b58,"Three-start orientation coordinate search, at most eight passes per start; exact template sizing for each orientation under certified requirements; not global optimum."
resnet101,512,1,1,16 × 32,rotation_and_reflection,655136,1048576.0,999424.0,344288.0,34.44864241803279,393440.0,37.5213623046875,validated_reflection,/home/yj3616/workspace/phd-research/research-notes/max-resource-sweep-20260928/reflection-sweep-20261001/cases/ch1/c512-k1/resnet101/e36899eeaf645221cff9/design.json,ad2c84dbd23ee4b2aca775bbb76a042e4ade3a122ac8399a1d1f301fb7eed4c6,"Three-start orientation coordinate search, at most eight passes per start; exact template sizing for each orientation under certified requirements; not global optimum."
resnet101,1024,16,1,32 × 32,rotation_and_reflection,,,,,,,,not_computed,,,
resnet101,1024,4,1,32 × 32,rotation_and_reflection,1533440,2097152.0,2031616.0,498176.0,24.521169354838708,563712.0,26.8798828125,validated_reflection,/home/yj3616/workspace/phd-research/research-notes/max-resource-sweep-20260928/reflection-sweep-20261001/cases/ch1/c1024-k4/resnet101/e98c6a70e060745be456/design.json,5020b3f4f4eb838c640342360064c62fcd6db1d2db60be6d70797917ed5bdfe5,"Three-start orientation coordinate search, at most eight passes per start; exact template sizing for each orientation under certified requirements; not global optimum."
resnet101,1024,1,1,32 × 32,rotation_and_reflection,1383104,2097152.0,2031616.0,648512.0,31.920992943548388,714048.0,34.0484619140625,validated_reflection,/home/yj3616/workspace/phd-research/research-notes/max-resource-sweep-20260928/reflection-sweep-20261001/cases/ch1/c1024-k1/resnet101/e65213474604b62eac5f/design.json,91c2c96773d2f14bb28a0be890f9b69db40cd3cdff95d30f5c43b3dfc79a21ec,"Three-start orientation coordinate search, at most eight passes per start; exact template sizing for each orientation under certified requirements; not global optimum."
densenet,4,16,1,2 × 2,rotation_and_reflection,4096,8192.0,4096.0,0.0,0.0,4096.0,50.0,validated_reflection,/home/yj3616/workspace/phd-research/research-notes/max-resource-sweep-20260928/reflection-sweep-20261001/cases/ch1/c4-k16/densenet/dd0a44f7d35019ee9085/design.json,8f0d53b6f50a13129e8a05522991d932b8b3ed585edad9534357507643c2460e,Exact enumeration of 16 legal rotation/reflection assignments for fixed mappings and certified channel requirements.
densenet,4,4,1,2 × 2,rotation_and_reflection,2816,5632.0,2816.0,0.0,0.0,2816.0,50.0,validated_reflection,/home/yj3616/workspace/phd-research/research-notes/max-resource-sweep-20260928/reflection-sweep-20261001/cases/ch1/c4-k4/densenet/6432fdaef61b790ecf9a/design.json,73c6ac41ab3afa350092e5fc3751abb0bb02171de8ca4fe52aba2ba348723792,Exact enumeration of 16 legal rotation/reflection assignments for fixed mappings and certified channel requirements.
densenet,4,1,1,2 × 2,rotation_and_reflection,2048,4096.0,2048.0,0.0,0.0,2048.0,50.0,validated_reflection,/home/yj3616/workspace/phd-research/research-notes/max-resource-sweep-20260928/reflection-sweep-20261001/cases/ch1/c4-k1/densenet/541a00f24fb8e6972ee5/design.json,6848cb322aa40a0650b30313bf8fd57a685bf62f926e9cbeeb9a6dc26a2f2d10,Exact enumeration of 16 legal rotation/reflection assignments for fixed mappings and certified channel requirements.
densenet,8,16,1,2 × 4,rotation_and_reflection,8192,16384.0,10240.0,2048.0,20.0,8192.0,50.0,validated_reflection,/home/yj3616/workspace/phd-research/research-notes/max-resource-sweep-20260928/reflection-sweep-20261001/cases/ch1/c8-k16/densenet/7d06c426f7c8cd193893/design.json,a2ddef368bae0a6571cdb3bd10407a3f735d47b2675cba119de91644b8ca03f9,"Three-start orientation coordinate search, at most eight passes per start; exact template sizing for each orientation under certified requirements; not global optimum."
densenet,8,4,1,2 × 4,rotation_and_reflection,7232,16384.0,10240.0,3008.0,29.375,9152.0,55.859375,validated_reflection,/home/yj3616/workspace/phd-research/research-notes/max-resource-sweep-20260928/reflection-sweep-20261001/cases/ch1/c8-k4/densenet/f03820781e86279c934f/design.json,11b34d1fb055accd1dfd43719457bfc7550bd7e0dd43f1b6bcb1eeed78f4a09b,"Three-start orientation coordinate search, at most eight passes per start; exact template sizing for each orientation under certified requirements; not global optimum."
densenet,8,1,1,2 × 4,rotation_and_reflection,7168,16384.0,10240.0,3072.0,30.0,9216.0,56.25,validated_reflection,/home/yj3616/workspace/phd-research/research-notes/max-resource-sweep-20260928/reflection-sweep-20261001/cases/ch1/c8-k1/densenet/2b535e9c7c76bc3857ff/design.json,38d90671d586b63dcf9f5acbe9a5657d5d1f095d2ed512e54df45919b60d3d89,"Three-start orientation coordinate search, at most eight passes per start; exact template sizing for each orientation under certified requirements; not global optimum."
densenet,16,16,1,4 × 4,rotation_and_reflection,23296,32768.0,24576.0,1280.0,5.208333333333333,9472.0,28.90625,validated_reflection,/home/yj3616/workspace/phd-research/research-notes/max-resource-sweep-20260928/reflection-sweep-20261001/cases/ch1/c16-k16/densenet/47bc1fd3a54468c09b42/design.json,ec983f7841230ca259dd4ed38f34ffc7d51d2a7ac071f8ff36b89eb5ab3f283c,"Three-start orientation coordinate search, at most eight passes per start; exact template sizing for each orientation under certified requirements; not global optimum."
densenet,16,4,1,4 × 4,rotation_and_reflection,16960,28672.0,21504.0,4544.0,21.13095238095238,11712.0,40.848214285714285,validated_reflection,/home/yj3616/workspace/phd-research/research-notes/max-resource-sweep-20260928/reflection-sweep-20261001/cases/ch1/c16-k4/densenet/db22564de63bf3fb27cb/design.json,8f3b5ff39c9a57661a42a33d42af4f6aa78d29ede9d1573ec28d96b21daf18a0,"Three-start orientation coordinate search, at most eight passes per start; exact template sizing for each orientation under certified requirements; not global optimum."
densenet,16,1,1,4 × 4,rotation_and_reflection,13056,25600.0,19200.0,6144.0,32.0,12544.0,49.0,validated_reflection,/home/yj3616/workspace/phd-research/research-notes/max-resource-sweep-20260928/reflection-sweep-20261001/cases/ch1/c16-k1/densenet/489259463937a2332cf9/design.json,d16591865153bca7f7fdccdaff952bbff192a650bd34373d6fe5ca57a4b9c477,"Three-start orientation coordinate search, at most eight passes per start; exact template sizing for each orientation under certified requirements; not global optimum."
densenet,32,16,1,4 × 8,rotation_and_reflection,46368,65536.0,53248.0,6880.0,12.920673076923077,19168.0,29.248046875,validated_reflection,/home/yj3616/workspace/phd-research/research-notes/max-resource-sweep-20260928/reflection-sweep-20261001/cases/ch1/c32-k16/densenet/9dcebaa7678c82571bc1/design.json,555c8ce271e645a4d4b5cc354545ff46090b60e612a2fa09aa5106e61559d4c3,"Three-start orientation coordinate search, at most eight passes per start; exact template sizing for each orientation under certified requirements; not global optimum."
densenet,32,4,1,4 × 8,rotation_and_reflection,46016,65536.0,53248.0,7232.0,13.58173076923077,19520.0,29.78515625,validated_reflection,/home/yj3616/workspace/phd-research/research-notes/max-resource-sweep-20260928/reflection-sweep-20261001/cases/ch1/c32-k4/densenet/eec03e07fc24e5bdf9ff/design.json,ee8de7dd45296d54c614ec899e4aeff6d759a3c779df222f665e2c5726f5fd93,"Three-start orientation coordinate search, at most eight passes per start; exact template sizing for each orientation under certified requirements; not global optimum."
densenet,32,1,1,4 × 8,rotation_and_reflection,43040,65536.0,53248.0,10208.0,19.170673076923077,22496.0,34.326171875,validated_reflection,/home/yj3616/workspace/phd-research/research-notes/max-resource-sweep-20260928/reflection-sweep-20261001/cases/ch1/c32-k1/densenet/6341fe11b5ceb3695f76/design.json,5184e927bf64372c90c88c6651e7c0c43cfbe685b778d5080644cda113916029,"Three-start orientation coordinate search, at most eight passes per start; exact template sizing for each orientation under certified requirements; not global optimum."
densenet,64,16,1,8 × 8,rotation_and_reflection,106336,131072.0,114688.0,8352.0,7.282366071428571,24736.0,18.8720703125,validated_reflection,/home/yj3616/workspace/phd-research/research-notes/max-resource-sweep-20260928/reflection-sweep-20261001/cases/ch1/c64-k16/densenet/70ffe24957498f942183/design.json,e356af612c6c4f602dfcbc267c78ab7b61725e337a0f3ee8a74f8f6d71dc48b1,"Three-start orientation coordinate search, at most eight passes per start; exact template sizing for each orientation under certified requirements; not global optimum."
densenet,64,4,1,8 × 8,rotation_and_reflection,106752,131072.0,114688.0,7936.0,6.919642857142857,24320.0,18.5546875,validated_reflection,/home/yj3616/workspace/phd-research/research-notes/max-resource-sweep-20260928/reflection-sweep-20261001/cases/ch1/c64-k4/densenet/e1d90f970b0b0c519f69/design.json,a1711c916fb7b7044ded59b55c4a43bf4a3bbab63e95e14017497279b944b8be,"Three-start orientation coordinate search, at most eight passes per start; exact template sizing for each orientation under certified requirements; not global optimum."
densenet,64,1,1,8 × 8,rotation_and_reflection,79424,114688.0,100352.0,20928.0,20.854591836734695,35264.0,30.747767857142858,validated_reflection,/home/yj3616/workspace/phd-research/research-notes/max-resource-sweep-20260928/reflection-sweep-20261001/cases/ch1/c64-k1/densenet/1ef2bb71040c808e6240/design.json,44f55ce0c71b9bf52aa1959d19caede951faa578bae4d0b99df19efbe4d88ef5,"Three-start orientation coordinate search, at most eight passes per start; exact template sizing for each orientation under certified requirements; not global optimum."
densenet,128,16,1,8 × 16,rotation_and_reflection,189440,262144.0,237568.0,48128.0,20.25862068965517,72704.0,27.734375,validated_reflection,/home/yj3616/workspace/phd-research/research-notes/max-resource-sweep-20260928/reflection-sweep-20261001/cases/ch1/c128-k16/densenet/6969df19b38a53358989/design.json,d70722af0bf94f35a8b9417c431d15af4662da55e4226369f83990a3d3d4406c,"Three-start orientation coordinate search, at most eight passes per start; exact template sizing for each orientation under certified requirements; not global optimum."
densenet,128,4,1,8 × 16,rotation_and_reflection,179200,262144.0,237568.0,58368.0,24.56896551724138,82944.0,31.640625,validated_reflection,/home/yj3616/workspace/phd-research/research-notes/max-resource-sweep-20260928/reflection-sweep-20261001/cases/ch1/c128-k4/densenet/7289db8abdb93c29bcc9/design.json,48ab315c36cf9de3f6f528385d75479b125e70d7b65c04c22edeabc4915073eb,"Three-start orientation coordinate search, at most eight passes per start; exact template sizing for each orientation under certified requirements; not global optimum."
densenet,128,1,1,8 × 16,rotation_and_reflection,166368,253952.0,230144.0,63776.0,27.71134593993326,87584.0,34.48840725806452,validated_reflection,/home/yj3616/workspace/phd-research/research-notes/max-resource-sweep-20260928/reflection-sweep-20261001/cases/ch1/c128-k1/densenet/aa5d023c9c85583b200f/design.json,e341cedb0fc0ad1e5ac32fecab2de06951df6d898d260ea37c57783563cfa8be,"Three-start orientation coordinate search, at most eight passes per start; exact template sizing for each orientation under certified requirements; not global optimum."
densenet,256,16,1,16 × 16,rotation_and_reflection,398944,524288.0,491520.0,92576.0,18.834635416666668,125344.0,23.907470703125,validated_reflection,/home/yj3616/workspace/phd-research/research-notes/max-resource-sweep-20260928/reflection-sweep-20261001/cases/ch1/c256-k16/densenet/74096cf03c44be0e924b/design.json,dc947e61bffe0a0541b22c8549afcea51634829c9a024204703c4ea3b8803353,"Three-start orientation coordinate search, at most eight passes per start; exact template sizing for each orientation under certified requirements; not global optimum."
densenet,256,4,1,16 × 16,rotation_and_reflection,404832,524288.0,491520.0,86688.0,17.63671875,119456.0,22.784423828125,validated_reflection,/home/yj3616/workspace/phd-research/research-notes/max-resource-sweep-20260928/reflection-sweep-20261001/cases/ch1/c256-k4/densenet/d4f09e5c217e86cbcd24/design.json,e328de1438d0ab8b8f8625c999890d7efea0230e3b6ff35e38ab9512ba2e2c07,"Three-start orientation coordinate search, at most eight passes per start; exact template sizing for each orientation under certified requirements; not global optimum."
densenet,256,1,1,16 × 16,rotation_and_reflection,360544,507904.0,476160.0,115616.0,24.280913978494624,147360.0,29.013356854838708,validated_reflection,/home/yj3616/workspace/phd-research/research-notes/max-resource-sweep-20260928/reflection-sweep-20261001/cases/ch1/c256-k1/densenet/491d92b1c6529003eef7/design.json,072d70accc891320d2e674d78d45f66a96ae809085183cc92ad031b6e57c32f6,"Three-start orientation coordinate search, at most eight passes per start; exact template sizing for each orientation under certified requirements; not global optimum."
densenet,512,16,1,16 × 32,rotation_and_reflection,,,,,,,,not_computed,,,
densenet,512,4,1,16 × 32,rotation_and_reflection,678336,1048576.0,999424.0,321088.0,32.127305327868854,370240.0,35.308837890625,validated_reflection,/home/yj3616/workspace/phd-research/research-notes/max-resource-sweep-20260928/reflection-sweep-20261001/cases/ch1/c512-k4/densenet/045bce519e14420bcb41/design.json,c3f3d588798c4c1038cc3305dc17e089472e0302cca5f89e424cfb578076e2f7,"Three-start orientation coordinate search, at most eight passes per start; exact template sizing for each orientation under certified requirements; not global optimum."
densenet,512,1,1,16 × 32,rotation_and_reflection,674720,1048576.0,999424.0,324704.0,32.4891137295082,373856.0,35.6536865234375,validated_reflection,/home/yj3616/workspace/phd-research/research-notes/max-resource-sweep-20260928/reflection-sweep-20261001/cases/ch1/c512-k1/densenet/6ed1b9fcd8cfea4a0924/design.json,1b73fdde140f1b2760b79f42e7063740dfb2b3e46af1327bee6210d8e7a4842f,"Three-start orientation coordinate search, at most eight passes per start; exact template sizing for each orientation under certified requirements; not global optimum."
densenet,1024,16,1,32 × 32,rotation_and_reflection,,,,,,,,not_computed,,,
densenet,1024,4,1,32 × 32,rotation_and_reflection,1512736,2097152.0,2031616.0,518880.0,25.540259576612904,584416.0,27.86712646484375,validated_reflection,/home/yj3616/workspace/phd-research/research-notes/max-resource-sweep-20260928/reflection-sweep-20261001/cases/ch1/c1024-k4/densenet/ca1a51083d8fbbfe46a7/design.json,62f66f5d23c72c8a037779d6b64a49088ae7c4b4fa02bcb9e365c68674150e34,"Three-start orientation coordinate search, at most eight passes per start; exact template sizing for each orientation under certified requirements; not global optimum."
densenet,1024,1,1,32 × 32,rotation_and_reflection,1375904,2097152.0,2031616.0,655712.0,32.275390625,721248.0,34.39178466796875,validated_reflection,/home/yj3616/workspace/phd-research/research-notes/max-resource-sweep-20260928/reflection-sweep-20261001/cases/ch1/c1024-k1/densenet/58068219964625a453a9/design.json,e4fd77cd95b80aacc47bbfaf3f07448f707cf1c6c45a2b5c06e1b8a51f83ea0f,"Three-start orientation coordinate search, at most eight passes per start; exact template sizing for each orientation under certified requirements; not global optimum."
inception_resnet_v1,4,16,1,2 × 2,rotation_and_reflection,4096,8192.0,4096.0,0.0,0.0,4096.0,50.0,validated_reflection,/home/yj3616/workspace/phd-research/research-notes/max-resource-sweep-20260928/reflection-sweep-20261001/cases/ch1/c4-k16/inception_resnet_v1/893f22480610007e9a2e/design.json,5b312ea2b314db1e4be9c916e141d81334ec740ea3b7a25611405f9d87614734,Exact enumeration of 16 legal rotation/reflection assignments for fixed mappings and certified channel requirements.
inception_resnet_v1,4,4,1,2 × 2,rotation_and_reflection,2816,5632.0,2816.0,0.0,0.0,2816.0,50.0,validated_reflection,/home/yj3616/workspace/phd-research/research-notes/max-resource-sweep-20260928/reflection-sweep-20261001/cases/ch1/c4-k4/inception_resnet_v1/08e983884ea30ed4da99/design.json,e61d36c41987f7489b368fafa9dce9a9ca840e143b2fedd7458ab9980934be7b,Exact enumeration of 16 legal rotation/reflection assignments for fixed mappings and certified channel requirements.
inception_resnet_v1,4,1,1,2 × 2,rotation_and_reflection,2048,4096.0,2048.0,0.0,0.0,2048.0,50.0,validated_reflection,/home/yj3616/workspace/phd-research/research-notes/max-resource-sweep-20260928/reflection-sweep-20261001/cases/ch1/c4-k1/inception_resnet_v1/354814d16600f037763c/design.json,d14a1e7a73b78450832653b307d0a7ab6b7d2c06fcb46db1802be6004ec30027,Exact enumeration of 16 legal rotation/reflection assignments for fixed mappings and certified channel requirements.
inception_resnet_v1,8,16,1,2 × 4,rotation_and_reflection,8704,16384.0,10240.0,1536.0,15.0,7680.0,46.875,validated_reflection,/home/yj3616/workspace/phd-research/research-notes/max-resource-sweep-20260928/reflection-sweep-20261001/cases/ch1/c8-k16/inception_resnet_v1/3de1bfd42b4127cf165f/design.json,fc8a3a65ffd03d88319b7e330993fc5d2a4dcdb8576d33d5e69db16359946afd,"Three-start orientation coordinate search, at most eight passes per start; exact template sizing for each orientation under certified requirements; not global optimum."
inception_resnet_v1,8,4,1,2 × 4,rotation_and_reflection,7232,16384.0,10240.0,3008.0,29.375,9152.0,55.859375,validated_reflection,/home/yj3616/workspace/phd-research/research-notes/max-resource-sweep-20260928/reflection-sweep-20261001/cases/ch1/c8-k4/inception_resnet_v1/41bd9c47def857e8df3a/design.json,5f3606bcd19894177e62b9a91a9f8aa7448a779dd5d6c6174da1fc57642de947,"Three-start orientation coordinate search, at most eight passes per start; exact template sizing for each orientation under certified requirements; not global optimum."
inception_resnet_v1,8,1,1,2 × 4,rotation_and_reflection,7168,16384.0,10240.0,3072.0,30.0,9216.0,56.25,validated_reflection,/home/yj3616/workspace/phd-research/research-notes/max-resource-sweep-20260928/reflection-sweep-20261001/cases/ch1/c8-k1/inception_resnet_v1/14568171e3e4d2799323/design.json,2e2457f6953ee09cd4c7cacad102f9f24201741b91c3fc1a09e848aaf51d01f0,"Three-start orientation coordinate search, at most eight passes per start; exact template sizing for each orientation under certified requirements; not global optimum."
inception_resnet_v1,16,16,1,4 × 4,rotation_and_reflection,23200,32768.0,24576.0,1376.0,5.598958333333333,9568.0,29.19921875,validated_reflection,/home/yj3616/workspace/phd-research/research-notes/max-resource-sweep-20260928/reflection-sweep-20261001/cases/ch1/c16-k16/inception_resnet_v1/61b89aaaa3726d2259f5/design.json,e387ddae7b330e48c01916e55c119948713e429a28d5c61f08c72ba416f27b02,"Three-start orientation coordinate search, at most eight passes per start; exact template sizing for each orientation under certified requirements; not global optimum."
inception_resnet_v1,16,4,1,4 × 4,rotation_and_reflection,19200,28672.0,21504.0,2304.0,10.714285714285714,9472.0,33.035714285714285,validated_reflection,/home/yj3616/workspace/phd-research/research-notes/max-resource-sweep-20260928/reflection-sweep-20261001/cases/ch1/c16-k4/inception_resnet_v1/ebd806e9bde8ecdd6f72/design.json,28f274af33b265107e1d51dcb56c431e3467072ba9ea4a2a9d19d581eaed0879,"Three-start orientation coordinate search, at most eight passes per start; exact template sizing for each orientation under certified requirements; not global optimum."
inception_resnet_v1,16,1,1,4 × 4,rotation_and_reflection,13824,25600.0,19200.0,5376.0,28.0,11776.0,46.0,validated_reflection,/home/yj3616/workspace/phd-research/research-notes/max-resource-sweep-20260928/reflection-sweep-20261001/cases/ch1/c16-k1/inception_resnet_v1/1c474091af42eb863efe/design.json,c529b5098bc0effc8c345a82bf6ab679b9990d55d72440829f6f7d7a26952812,"Three-start orientation coordinate search, at most eight passes per start; exact template sizing for each orientation under certified requirements; not global optimum."
inception_resnet_v1,32,16,1,4 × 8,rotation_and_reflection,46944,65536.0,53248.0,6304.0,11.838942307692308,18592.0,28.369140625,validated_reflection,/home/yj3616/workspace/phd-research/research-notes/max-resource-sweep-20260928/reflection-sweep-20261001/cases/ch1/c32-k16/inception_resnet_v1/c4c96e0589100160dab8/design.json,0aace2c3283c64d981660950dea0c2f748bce04aff1491f28d9f86f5f1f02891,"Three-start orientation coordinate search, at most eight passes per start; exact template sizing for each orientation under certified requirements; not global optimum."
inception_resnet_v1,32,4,1,4 × 8,rotation_and_reflection,45376,65536.0,53248.0,7872.0,14.783653846153847,20160.0,30.76171875,validated_reflection,/home/yj3616/workspace/phd-research/research-notes/max-resource-sweep-20260928/reflection-sweep-20261001/cases/ch1/c32-k4/inception_resnet_v1/95505b75d74cda81299c/design.json,5955873ea2860a5931b6aa6641ba63aa115e4a4b99a40a941d8d0f0e2c22aae8,"Three-start orientation coordinate search, at most eight passes per start; exact template sizing for each orientation under certified requirements; not global optimum."
inception_resnet_v1,32,1,1,4 × 8,rotation_and_reflection,43040,65536.0,53248.0,10208.0,19.170673076923077,22496.0,34.326171875,validated_reflection,/home/yj3616/workspace/phd-research/research-notes/max-resource-sweep-20260928/reflection-sweep-20261001/cases/ch1/c32-k1/inception_resnet_v1/da145b8be4fbfbc15ec9/design.json,02078955664c46a97285ef265162e29f50b4baa17382267459989f13e330eee8,"Three-start orientation coordinate search, at most eight passes per start; exact template sizing for each orientation under certified requirements; not global optimum."
inception_resnet_v1,64,16,1,8 × 8,rotation_and_reflection,112448,131072.0,114688.0,2240.0,1.953125,18624.0,14.208984375,validated_reflection,/home/yj3616/workspace/phd-research/research-notes/max-resource-sweep-20260928/reflection-sweep-20261001/cases/ch1/c64-k16/inception_resnet_v1/b47b1dfe1cbfff7aa9d8/design.json,4abbad70f557edc55c5f33838bc355d6efaf47be837c7844c77def3842e2efb4,"Three-start orientation coordinate search, at most eight passes per start; exact template sizing for each orientation under certified requirements; not global optimum."
inception_resnet_v1,64,4,1,8 × 8,rotation_and_reflection,108544,131072.0,114688.0,6144.0,5.357142857142857,22528.0,17.1875,validated_reflection,/home/yj3616/workspace/phd-research/research-notes/max-resource-sweep-20260928/reflection-sweep-20261001/cases/ch1/c64-k4/inception_resnet_v1/aef3d813fb7b8e3aa259/design.json,84b8f8a98e95c7583aaf1e8c63d6a0d0ff532a67743397810e42a37fe91d27c7,"Three-start orientation coordinate search, at most eight passes per start; exact template sizing for each orientation under certified requirements; not global optimum."
inception_resnet_v1,64,1,1,8 × 8,rotation_and_reflection,79232,114688.0,100352.0,21120.0,21.04591836734694,35456.0,30.915178571428573,validated_reflection,/home/yj3616/workspace/phd-research/research-notes/max-resource-sweep-20260928/reflection-sweep-20261001/cases/ch1/c64-k1/inception_resnet_v1/e4a5d066e1d5b2547d4d/design.json,14206ac10b185f5a314eb63b5cd0cf598b293fc07cc9c45f521226bf613912c3,"Three-start orientation coordinate search, at most eight passes per start; exact template sizing for each orientation under certified requirements; not global optimum."
inception_resnet_v1,128,16,1,8 × 16,rotation_and_reflection,204640,262144.0,237568.0,32928.0,13.860452586206897,57504.0,21.93603515625,validated_reflection,/home/yj3616/workspace/phd-research/research-notes/max-resource-sweep-20260928/reflection-sweep-20261001/cases/ch1/c128-k16/inception_resnet_v1/e9f628bdce1e80878a70/design.json,4c228d9aa1bf4ba35044722aad5f037afecb9b02b6d17bdb87a398402c8f9977,"Three-start orientation coordinate search, at most eight passes per start; exact template sizing for each orientation under certified requirements; not global optimum."
inception_resnet_v1,128,4,1,8 × 16,rotation_and_reflection,184064,262144.0,237568.0,53504.0,22.521551724137932,78080.0,29.78515625,validated_reflection,/home/yj3616/workspace/phd-research/research-notes/max-resource-sweep-20260928/reflection-sweep-20261001/cases/ch1/c128-k4/inception_resnet_v1/a2b9745daf95da60238f/design.json,58615dbf429b8f61adbcdbd23934b48545cbaa8b57a0103c4087955128fb97f1,"Three-start orientation coordinate search, at most eight passes per start; exact template sizing for each orientation under certified requirements; not global optimum."
inception_resnet_v1,128,1,1,8 × 16,rotation_and_reflection,142464,196608.0,178176.0,35712.0,20.04310344827586,54144.0,27.5390625,validated_reflection,/home/yj3616/workspace/phd-research/research-notes/max-resource-sweep-20260928/reflection-sweep-20261001/cases/ch1/c128-k1/inception_resnet_v1/3b1acb702a67875db394/design.json,3606aeab79451494d31665232c21a4b8c8f459414a6f7ed8ccfdf16bd72e8005,"Three-start orientation coordinate search, at most eight passes per start; exact template sizing for each orientation under certified requirements; not global optimum."
inception_resnet_v1,256,16,1,16 × 16,rotation_and_reflection,414848,524288.0,491520.0,76672.0,15.598958333333334,109440.0,20.8740234375,validated_reflection,/home/yj3616/workspace/phd-research/research-notes/max-resource-sweep-20260928/reflection-sweep-20261001/cases/ch1/c256-k16/inception_resnet_v1/717132ef26828e0c9f39/design.json,da3678c6bd7a660463190842b0145fcc57793d1249142d9a257eb67073ef25d6,"Three-start orientation coordinate search, at most eight passes per start; exact template sizing for each orientation under certified requirements; not global optimum."
inception_resnet_v1,256,4,1,16 × 16,rotation_and_reflection,381888,524288.0,491520.0,109632.0,22.3046875,142400.0,27.16064453125,validated_reflection,/home/yj3616/workspace/phd-research/research-notes/max-resource-sweep-20260928/reflection-sweep-20261001/cases/ch1/c256-k4/inception_resnet_v1/583da4eac0ef363b686c/design.json,0f9c4ceffd4f2c740d80d2fb92889105ff54da75c91cca2f84ac979eabfa0919,"Three-start orientation coordinate search, at most eight passes per start; exact template sizing for each orientation under certified requirements; not global optimum."
inception_resnet_v1,256,1,1,16 × 16,rotation_and_reflection,325408,409600.0,384000.0,58592.0,15.258333333333333,84192.0,20.5546875,validated_reflection,/home/yj3616/workspace/phd-research/research-notes/max-resource-sweep-20260928/reflection-sweep-20261001/cases/ch1/c256-k1/inception_resnet_v1/a517f246dbb58a5625da/design.json,4eb898e1686d116ec61feed00e13a5e264bb6d3faabcc15595e07a2bb9a0cd48,"Three-start orientation coordinate search, at most eight passes per start; exact template sizing for each orientation under certified requirements; not global optimum."
inception_resnet_v1,512,16,1,16 × 32,rotation_and_reflection,776832,1048576.0,999424.0,222592.0,22.27202868852459,271744.0,25.91552734375,validated_reflection,/home/yj3616/workspace/phd-research/research-notes/max-resource-sweep-20260928/reflection-sweep-20261001/cases/ch1/c512-k16/inception_resnet_v1/d9f6d717ee0d85172d88/design.json,b1e6c05bd75058832439e572e00f6827829fca97b1baf16f6954fe1cb4063837,"Three-start orientation coordinate search, at most eight passes per start; exact template sizing for each orientation under certified requirements; not global optimum."
inception_resnet_v1,512,4,1,16 × 32,rotation_and_reflection,704096,1048576.0,999424.0,295328.0,29.549820696721312,344480.0,32.8521728515625,validated_reflection,/home/yj3616/workspace/phd-research/research-notes/max-resource-sweep-20260928/reflection-sweep-20261001/cases/ch1/c512-k4/inception_resnet_v1/e6015c55c2d8acf26775/design.json,77e6dc6291fad9a8d9cd817108c13175b7623af2ebec121817285d0341e0d086,"Three-start orientation coordinate search, at most eight passes per start; exact template sizing for each orientation under certified requirements; not global optimum."
inception_resnet_v1,512,1,1,16 × 32,rotation_and_reflection,658432,1048576.0,999424.0,340992.0,34.118852459016395,390144.0,37.20703125,validated_reflection,/home/yj3616/workspace/phd-research/research-notes/max-resource-sweep-20260928/reflection-sweep-20261001/cases/ch1/c512-k1/inception_resnet_v1/a6472fb2154691ab9e76/design.json,96cdf87c79a369bda3324f7793d155b960520fa55cc7cf96f8f476f4de29c940,"Three-start orientation coordinate search, at most eight passes per start; exact template sizing for each orientation under certified requirements; not global optimum."
inception_resnet_v1,1024,16,1,32 × 32,rotation_and_reflection,,,,,,,,not_computed,,,
inception_resnet_v1,1024,4,1,32 × 32,rotation_and_reflection,1471904,2097152.0,2031616.0,559712.0,27.55008820564516,625248.0,29.81414794921875,validated_reflection,/home/yj3616/workspace/phd-research/research-notes/max-resource-sweep-20260928/reflection-sweep-20261001/cases/ch1/c1024-k4/inception_resnet_v1/7a82fc0a04cfbbdd2b6c/design.json,3313efe598e2aeaf512548c6196f81cf72dc2574de5295eeda2fcfdc39c32ad2,"Three-start orientation coordinate search, at most eight passes per start; exact template sizing for each orientation under certified requirements; not global optimum."
inception_resnet_v1,1024,1,1,32 × 32,rotation_and_reflection,1337472,2097152.0,2031616.0,694144.0,34.167086693548384,759680.0,36.224365234375,validated_reflection,/home/yj3616/workspace/phd-research/research-notes/max-resource-sweep-20260928/reflection-sweep-20261001/cases/ch1/c1024-k1/inception_resnet_v1/0aa23f660d23867930dc/design.json,ce49bb5b85f64246a46ea561d66157c29e6e084be71a26f3337958153187e07e,"Three-start orientation coordinate search, at most eight passes per start; exact template sizing for each orientation under certified requirements; not global optimum."
gnmt,4,16,1,2 × 2,rotation_and_reflection,4032,8192.0,4096.0,64.0,1.5625,4160.0,50.78125,validated_reflection,/home/yj3616/workspace/phd-research/research-notes/max-resource-sweep-20260928/reflection-sweep-20261001/cases/ch1/c4-k16/gnmt/3fd37afd2891166ddeb4/design.json,8f906819a771a00564d7a77961f96bc0ed68d2835c1a678b9f3e3daaef850637,Exact enumeration of 16 legal rotation/reflection assignments for fixed mappings and certified channel requirements.
gnmt,4,4,1,2 × 2,rotation_and_reflection,3520,7424.0,3712.0,192.0,5.172413793103448,3904.0,52.58620689655172,validated_reflection,/home/yj3616/workspace/phd-research/research-notes/max-resource-sweep-20260928/reflection-sweep-20261001/cases/ch1/c4-k4/gnmt/1218a439b1e30347e581/design.json,48fd536120824a1453a07720865b30182982cbe25ba9fb95fd17ffef0f05fd40,Exact enumeration of 16 legal rotation/reflection assignments for fixed mappings and certified channel requirements.
gnmt,4,1,1,2 × 2,rotation_and_reflection,2048,4096.0,2048.0,0.0,0.0,2048.0,50.0,validated_reflection,/home/yj3616/workspace/phd-research/research-notes/max-resource-sweep-20260928/reflection-sweep-20261001/cases/ch1/c4-k1/gnmt/f1666178684b37f27d9e/design.json,54576bc82da2316a453f3fbc61da3f25b8989ba3c877e377042ac45876a2af70,Exact enumeration of 16 legal rotation/reflection assignments for fixed mappings and certified channel requirements.
gnmt,8,16,1,2 × 4,rotation_and_reflection,8064,16384.0,10240.0,2176.0,21.25,8320.0,50.78125,validated_reflection,/home/yj3616/workspace/phd-research/research-notes/max-resource-sweep-20260928/reflection-sweep-20261001/cases/ch1/c8-k16/gnmt/d904651ec06fd5668a45/design.json,d9c40259f7fcda82431de980322e6cb28a2f89330017cc7425cea1423a9f3f73,"Three-start orientation coordinate search, at most eight passes per start; exact template sizing for each orientation under certified requirements; not global optimum."
gnmt,8,4,1,2 × 4,rotation_and_reflection,7360,16384.0,10240.0,2880.0,28.125,9024.0,55.078125,validated_reflection,/home/yj3616/workspace/phd-research/research-notes/max-resource-sweep-20260928/reflection-sweep-20261001/cases/ch1/c8-k4/gnmt/c342bb9edf039dc67d58/design.json,1f972997f2f9d8e9dc70ba3894761457a33ee229cfe978c73d83fc63fef01706,"Three-start orientation coordinate search, at most eight passes per start; exact template sizing for each orientation under certified requirements; not global optimum."
gnmt,8,1,1,2 × 4,rotation_and_reflection,7168,16384.0,10240.0,3072.0,30.0,9216.0,56.25,validated_reflection,/home/yj3616/workspace/phd-research/research-notes/max-resource-sweep-20260928/reflection-sweep-20261001/cases/ch1/c8-k1/gnmt/055ba6369b2f8bcf1ccc/design.json,b6cda39ea23afafe767795b4b68c7ad6e48279b2b9efe83d5df099ae7e102592,"Three-start orientation coordinate search, at most eight passes per start; exact template sizing for each orientation under certified requirements; not global optimum."
gnmt,16,16,1,4 × 4,rotation_and_reflection,23104,32768.0,24576.0,1472.0,5.989583333333333,9664.0,29.4921875,validated_reflection,/home/yj3616/workspace/phd-research/research-notes/max-resource-sweep-20260928/reflection-sweep-20261001/cases/ch1/c16-k16/gnmt/000c7a08752e71bd7662/design.json,52ca82aa5a7c7ee7e00482ce3688fb02c6c93aa45bfc36153e6cc2ae9397a596,"Three-start orientation coordinate search, at most eight passes per start; exact template sizing for each orientation under certified requirements; not global optimum."
gnmt,16,4,1,4 × 4,rotation_and_reflection,20096,29696.0,22272.0,2176.0,9.770114942528735,9600.0,32.327586206896555,validated_reflection,/home/yj3616/workspace/phd-research/research-notes/max-resource-sweep-20260928/reflection-sweep-20261001/cases/ch1/c16-k4/gnmt/1609fd8828a465ad1aac/design.json,557ec044275bebd67bd0f372a06497655dd4b2c2fb025358d4c05eab639756ea,"Three-start orientation coordinate search, at most eight passes per start; exact template sizing for each orientation under certified requirements; not global optimum."
gnmt,16,1,1,4 × 4,rotation_and_reflection,13824,25600.0,19200.0,5376.0,28.0,11776.0,46.0,validated_reflection,/home/yj3616/workspace/phd-research/research-notes/max-resource-sweep-20260928/reflection-sweep-20261001/cases/ch1/c16-k1/gnmt/77ed08c2c304622f74b9/design.json,4da57322bb1d1d61f61a6dc8aa5902a71372241eb2ed679186cbdcb7b2d7f4cf,"Three-start orientation coordinate search, at most eight passes per start; exact template sizing for each orientation under certified requirements; not global optimum."
gnmt,32,16,1,4 × 8,rotation_and_reflection,43808,65536.0,53248.0,9440.0,17.728365384615383,21728.0,33.154296875,validated_reflection,/home/yj3616/workspace/phd-research/research-notes/max-resource-sweep-20260928/reflection-sweep-20261001/cases/ch1/c32-k16/gnmt/4970445b3ff230164586/design.json,c4f1e9a6042d718289a9dd5cf13cbc9e86e60327843bc6efa63909fbdbae06bb,"Three-start orientation coordinate search, at most eight passes per start; exact template sizing for each orientation under certified requirements; not global optimum."
gnmt,32,4,1,4 × 8,rotation_and_reflection,37152,61440.0,49920.0,12768.0,25.576923076923077,24288.0,39.53125,validated_reflection,/home/yj3616/workspace/phd-research/research-notes/max-resource-sweep-20260928/reflection-sweep-20261001/cases/ch1/c32-k4/gnmt/ef51dfd28042a73001d9/design.json,cfd16647f868220fdaa889d7f0596076f111bd2d287107948a6daecc8dd09ef6,"Three-start orientation coordinate search, at most eight passes per start; exact template sizing for each orientation under certified requirements; not global optimum."
gnmt,32,1,1,4 × 8,rotation_and_reflection,43968,65536.0,53248.0,9280.0,17.427884615384617,21568.0,32.91015625,validated_reflection,/home/yj3616/workspace/phd-research/research-notes/max-resource-sweep-20260928/reflection-sweep-20261001/cases/ch1/c32-k1/gnmt/94fe539584192552cb19/design.json,4203b4a196f411a257a8a53fa8513c9122bbaf8f76228fc38018b2e8658c941a,"Three-start orientation coordinate search, at most eight passes per start; exact template sizing for each orientation under certified requirements; not global optimum."
gnmt,64,16,1,8 × 8,rotation_and_reflection,109888,131072.0,114688.0,4800.0,4.185267857142857,21184.0,16.162109375,validated_reflection,/home/yj3616/workspace/phd-research/research-notes/max-resource-sweep-20260928/reflection-sweep-20261001/cases/ch1/c64-k16/gnmt/5d9c60c8a2161d43e234/design.json,a94bbf143612985f86fad676557facd83040cd6347d45461bebdb47fd6689081,"Three-start orientation coordinate search, at most eight passes per start; exact template sizing for each orientation under certified requirements; not global optimum."
gnmt,64,4,1,8 × 8,rotation_and_reflection,91968,131072.0,114688.0,22720.0,19.810267857142858,39104.0,29.833984375,validated_reflection,/home/yj3616/workspace/phd-research/research-notes/max-resource-sweep-20260928/reflection-sweep-20261001/cases/ch1/c64-k4/gnmt/60b82737e438e2cba00e/design.json,dab101ac42f9ee67c7e7b1f9915e10ffb01e0372f4484c1941e221692e7b4b68,"Three-start orientation coordinate search, at most eight passes per start; exact template sizing for each orientation under certified requirements; not global optimum."
gnmt,64,1,1,8 × 8,rotation_and_reflection,104928,131072.0,114688.0,9760.0,8.510044642857142,26144.0,19.9462890625,validated_reflection,/home/yj3616/workspace/phd-research/research-notes/max-resource-sweep-20260928/reflection-sweep-20261001/cases/ch1/c64-k1/gnmt/a68268c45ad71e8bd56d/design.json,4edc3bf47d53e352cadeef845451dc6c6d5b21fa7e91db9b48478a61f31aaca2,"Three-start orientation coordinate search, at most eight passes per start; exact template sizing for each orientation under certified requirements; not global optimum."
gnmt,128,16,1,8 × 16,rotation_and_reflection,160224,262144.0,237568.0,77344.0,32.55657327586207,101920.0,38.87939453125,validated_reflection,/home/yj3616/workspace/phd-research/research-notes/max-resource-sweep-20260928/reflection-sweep-20261001/cases/ch1/c128-k16/gnmt/2be383d0bbce4eba3d25/design.json,fa9f5dd214a2138fc74e6c651a5da1d5c9da5bdc20df553c9604bfc504d7b08d,"Three-start orientation coordinate search, at most eight passes per start; exact template sizing for each orientation under certified requirements; not global optimum."
gnmt,128,4,1,8 × 16,rotation_and_reflection,164768,253952.0,230144.0,65376.0,28.406562847608456,89184.0,35.11844758064516,validated_reflection,/home/yj3616/workspace/phd-research/research-notes/max-resource-sweep-20260928/reflection-sweep-20261001/cases/ch1/c128-k4/gnmt/428f852bbfd49f61e930/design.json,2881fab2b1d1bb5070ab758eeaea88afd065feabfebb7b768e18bfbb4cb52b3c,"Three-start orientation coordinate search, at most eight passes per start; exact template sizing for each orientation under certified requirements; not global optimum."
gnmt,128,1,1,8 × 16,rotation_and_reflection,180064,262144.0,237568.0,57504.0,24.205280172413794,82080.0,31.31103515625,validated_reflection,/home/yj3616/workspace/phd-research/research-notes/max-resource-sweep-20260928/reflection-sweep-20261001/cases/ch1/c128-k1/gnmt/2ed1250a81f347da3ad7/design.json,f509917fa0be946aebe063e4a5c1d2404feaa837d4c87336e79ee1e36dcf178b,"Three-start orientation coordinate search, at most eight passes per start; exact template sizing for each orientation under certified requirements; not global optimum."
gnmt,256,16,1,16 × 16,rotation_and_reflection,336064,524288.0,491520.0,155456.0,31.627604166666668,188224.0,35.90087890625,validated_reflection,/home/yj3616/workspace/phd-research/research-notes/max-resource-sweep-20260928/reflection-sweep-20261001/cases/ch1/c256-k16/gnmt/78582ad14541fecf5e6a/design.json,71f82db49fb7a058200f70d4c57d254724a5b3bb8051e49df3b56f7a2ec52572,"Three-start orientation coordinate search, at most eight passes per start; exact template sizing for each orientation under certified requirements; not global optimum."
gnmt,256,4,1,16 × 16,rotation_and_reflection,347168,491520.0,460800.0,113632.0,24.65972222222222,144352.0,29.368489583333332,validated_reflection,/home/yj3616/workspace/phd-research/research-notes/max-resource-sweep-20260928/reflection-sweep-20261001/cases/ch1/c256-k4/gnmt/7a84fdac1ef8ef6e0ead/design.json,00275a0e0b16a1356a801c7e8fa195c88c5a921be81a69a1ac05ec4a0e001b54,"Three-start orientation coordinate search, at most eight passes per start; exact template sizing for each orientation under certified requirements; not global optimum."
gnmt,256,1,1,16 × 16,rotation_and_reflection,419104,524288.0,491520.0,72416.0,14.733072916666666,105184.0,20.062255859375,validated_reflection,/home/yj3616/workspace/phd-research/research-notes/max-resource-sweep-20260928/reflection-sweep-20261001/cases/ch1/c256-k1/gnmt/5e2718e206142bf08696/design.json,d6078c5da57b6d969c536ae99cfb56fbc86a63fe72be262314ae47a759e3ed23,"Three-start orientation coordinate search, at most eight passes per start; exact template sizing for each orientation under certified requirements; not global optimum."
gnmt,512,16,1,16 × 32,rotation_and_reflection,588256,1048576.0,999424.0,411168.0,41.14049692622951,460320.0,43.8995361328125,validated_reflection,/home/yj3616/workspace/phd-research/research-notes/max-resource-sweep-20260928/reflection-sweep-20261001/cases/ch1/c512-k16/gnmt/1519ff7286237ee7d580/design.json,02c9a2f5239cfe9f5364cafc3db24f37794df26a88db3c73ff312fbac9f910ef,"Three-start orientation coordinate search, at most eight passes per start; exact template sizing for each orientation under certified requirements; not global optimum."
gnmt,512,4,1,16 × 32,rotation_and_reflection,591584,1048576.0,999424.0,407840.0,40.80750512295082,456992.0,43.5821533203125,validated_reflection,/home/yj3616/workspace/phd-research/research-notes/max-resource-sweep-20260928/reflection-sweep-20261001/cases/ch1/c512-k4/gnmt/effe02ff324ec9c84a18/design.json,9c1e8af0d20d42dc40d245c6a41e95281b2c86425d2b0a9f793d13cb9b2a723c,"Three-start orientation coordinate search, at most eight passes per start; exact template sizing for each orientation under certified requirements; not global optimum."
gnmt,512,1,1,16 × 32,rotation_and_reflection,826208,1048576.0,999424.0,173216.0,17.33158299180328,222368.0,21.2066650390625,validated_reflection,/home/yj3616/workspace/phd-research/research-notes/max-resource-sweep-20260928/reflection-sweep-20261001/cases/ch1/c512-k1/gnmt/222c8561f5490cf22794/design.json,f2f5a43bce581e780748376cfb2d8340f2a122de71358348c17dbfe66a295d0c,"Three-start orientation coordinate search, at most eight passes per start; exact template sizing for each orientation under certified requirements; not global optimum."
gnmt,1024,16,1,32 × 32,rotation_and_reflection,1196672,2097152.0,2031616.0,834944.0,41.09753024193548,900480.0,42.938232421875,validated_reflection,/home/yj3616/workspace/phd-research/research-notes/max-resource-sweep-20260928/reflection-sweep-20261001/cases/ch1/c1024-k16/gnmt/56cfa4f20e39eda14e11/design.json,f47fff09853f1208dc9f8db72313e7846ce13aefd3b389feaa203576d7bca7a3,"Three-start orientation coordinate search, at most eight passes per start; exact template sizing for each orientation under certified requirements; not global optimum."
gnmt,1024,4,1,32 × 32,rotation_and_reflection,1285120,2031616.0,1968128.0,683008.0,34.70343392299688,746496.0,36.743951612903224,validated_reflection,/home/yj3616/workspace/phd-research/research-notes/max-resource-sweep-20260928/reflection-sweep-20261001/cases/ch1/c1024-k4/gnmt/a76e5f2fa23f26cce229/design.json,6ecef184bf638c06850c184592e2156b4a62644bb80fcc34536fb87746a1dd85,"Three-start orientation coordinate search, at most eight passes per start; exact template sizing for each orientation under certified requirements; not global optimum."
gnmt,1024,1,1,32 × 32,rotation_and_reflection,1287232,2097152.0,2031616.0,744384.0,36.639994959677416,809920.0,38.6199951171875,validated_reflection,/home/yj3616/workspace/phd-research/research-notes/max-resource-sweep-20260928/reflection-sweep-20261001/cases/ch1/c1024-k1/gnmt/5e9b25746d01e64ccd28/design.json,956faea8364ecdb5b6cdbd22eee19f1422eb42c897afaabe225288d70fc5453f,"Three-start orientation coordinate search, at most eight passes per start; exact template sizing for each orientation under certified requirements; not global optimum."
lstm,4,16,1,2 × 2,rotation_and_reflection,4096,8192.0,4096.0,0.0,0.0,4096.0,50.0,validated_reflection,/home/yj3616/workspace/phd-research/research-notes/max-resource-sweep-20260928/reflection-sweep-20261001/cases/ch1/c4-k16/lstm/191afbc9e440a8ccd75a/design.json,6a2b39679cd38caaeb38f54bb0ac977f11f3affd150ebe1766399a0292e254a6,Exact enumeration of 16 legal rotation/reflection assignments for fixed mappings and certified channel requirements.
lstm,4,4,1,2 × 2,rotation_and_reflection,3584,7680.0,3840.0,256.0,6.666666666666667,4096.0,53.333333333333336,validated_reflection,/home/yj3616/workspace/phd-research/research-notes/max-resource-sweep-20260928/reflection-sweep-20261001/cases/ch1/c4-k4/lstm/c2c4fad85a2e140c2ea3/design.json,36a14612879084b2da580d3d73fd9ec49a2891bf9fc71c5408d9177a2e516dcf,Exact enumeration of 16 legal rotation/reflection assignments for fixed mappings and certified channel requirements.
lstm,4,1,1,2 × 2,rotation_and_reflection,2048,4096.0,2048.0,0.0,0.0,2048.0,50.0,validated_reflection,/home/yj3616/workspace/phd-research/research-notes/max-resource-sweep-20260928/reflection-sweep-20261001/cases/ch1/c4-k1/lstm/7b049917bdff0d119e94/design.json,0fff29a32c09b500212dca8b13f9dcc671b773f09f1485ffe8898aa69a11181b,Exact enumeration of 16 legal rotation/reflection assignments for fixed mappings and certified channel requirements.
lstm,8,16,1,2 × 4,rotation_and_reflection,7808,16384.0,10240.0,2432.0,23.75,8576.0,52.34375,validated_reflection,/home/yj3616/workspace/phd-research/research-notes/max-resource-sweep-20260928/reflection-sweep-20261001/cases/ch1/c8-k16/lstm/424526a0514706cc79ca/design.json,a4958d79f9263a38b765886e2043306c597d81d59a55d9eaddde752800f6cb7b,"Three-start orientation coordinate search, at most eight passes per start; exact template sizing for each orientation under certified requirements; not global optimum."
lstm,8,4,1,2 × 4,rotation_and_reflection,7424,16384.0,10240.0,2816.0,27.5,8960.0,54.6875,validated_reflection,/home/yj3616/workspace/phd-research/research-notes/max-resource-sweep-20260928/reflection-sweep-20261001/cases/ch1/c8-k4/lstm/d62858b6f67cd3773a97/design.json,82e012c27c247e8e2d27d0c2d2bb96190e6dae9f4e03b0b8ac824b373a2ca1aa,"Three-start orientation coordinate search, at most eight passes per start; exact template sizing for each orientation under certified requirements; not global optimum."
lstm,8,1,1,2 × 4,rotation_and_reflection,7168,16384.0,10240.0,3072.0,30.0,9216.0,56.25,validated_reflection,/home/yj3616/workspace/phd-research/research-notes/max-resource-sweep-20260928/reflection-sweep-20261001/cases/ch1/c8-k1/lstm/c251558b47ed6dda9f9c/design.json,bec0cb16e4aa0a84dda67638888e2ecdcbcac84707ef16179da67da75eb9a750,"Three-start orientation coordinate search, at most eight passes per start; exact template sizing for each orientation under certified requirements; not global optimum."
lstm,16,16,1,4 × 4,rotation_and_reflection,22912,32768.0,24576.0,1664.0,6.770833333333333,9856.0,30.078125,validated_reflection,/home/yj3616/workspace/phd-research/research-notes/max-resource-sweep-20260928/reflection-sweep-20261001/cases/ch1/c16-k16/lstm/fb822705a1381d01baa2/design.json,ff9e33af61b559b6b6f501e4b5406526ae6fd5cc20d995fa66e4306031a73238,"Three-start orientation coordinate search, at most eight passes per start; exact template sizing for each orientation under certified requirements; not global optimum."
lstm,16,4,1,4 × 4,rotation_and_reflection,21280,32768.0,24576.0,3296.0,13.411458333333334,11488.0,35.05859375,validated_reflection,/home/yj3616/workspace/phd-research/research-notes/max-resource-sweep-20260928/reflection-sweep-20261001/cases/ch1/c16-k4/lstm/78b25e68056df4146d40/design.json,e4237da9ba11272a68574b25f05548ece25e41c2d96fc101d16e61db6bd9d7c6,"Three-start orientation coordinate search, at most eight passes per start; exact template sizing for each orientation under certified requirements; not global optimum."
lstm,16,1,1,4 × 4,rotation_and_reflection,13824,25600.0,19200.0,5376.0,28.0,11776.0,46.0,validated_reflection,/home/yj3616/workspace/phd-research/research-notes/max-resource-sweep-20260928/reflection-sweep-20261001/cases/ch1/c16-k1/lstm/0461a61cdc35bde88cac/design.json,1e301a0c9f61dd6af396f476f9f01e0e565c0fd86b3dcc34d96d53aa3d14f3c2,"Three-start orientation coordinate search, at most eight passes per start; exact template sizing for each orientation under certified requirements; not global optimum."
lstm,32,16,1,4 × 8,rotation_and_reflection,46400,65536.0,53248.0,6848.0,12.860576923076923,19136.0,29.19921875,validated_reflection,/home/yj3616/workspace/phd-research/research-notes/max-resource-sweep-20260928/reflection-sweep-20261001/cases/ch1/c32-k16/lstm/f7e51ce5aef0de905f16/design.json,7f0cf2a6c5340ebaa6fd0105c70db1cab37d276890e876bdc17e7119c84a6f09,"Three-start orientation coordinate search, at most eight passes per start; exact template sizing for each orientation under certified requirements; not global optimum."
lstm,32,4,1,4 × 8,rotation_and_reflection,37120,65536.0,53248.0,16128.0,30.28846153846154,28416.0,43.359375,validated_reflection,/home/yj3616/workspace/phd-research/research-notes/max-resource-sweep-20260928/reflection-sweep-20261001/cases/ch1/c32-k4/lstm/5bba333d1450962d7939/design.json,3f23305b387b5d49f263421b5e611aa9a95b6eb0c705030c0c8bf2f3dbdfa44f,"Three-start orientation coordinate search, at most eight passes per start; exact template sizing for each orientation under certified requirements; not global optimum."
lstm,32,1,1,4 × 8,rotation_and_reflection,43872,65536.0,53248.0,9376.0,17.608173076923077,21664.0,33.056640625,validated_reflection,/home/yj3616/workspace/phd-research/research-notes/max-resource-sweep-20260928/reflection-sweep-20261001/cases/ch1/c32-k1/lstm/e36ab4fd06a1720b552d/design.json,68db42bd5a4907610aac6167e50b4fbdc77b224defcc2c1d44c767574d996bd2,"Three-start orientation coordinate search, at most eight passes per start; exact template sizing for each orientation under certified requirements; not global optimum."
lstm,64,16,1,8 × 8,rotation_and_reflection,111296,131072.0,114688.0,3392.0,2.9575892857142856,19776.0,15.087890625,validated_reflection,/home/yj3616/workspace/phd-research/research-notes/max-resource-sweep-20260928/reflection-sweep-20261001/cases/ch1/c64-k16/lstm/56aae676d461105551fb/design.json,8babed454a0ce9c1e6e536d56f0f6f2c313470619aaf284e20828eeb5357b2f6,"Three-start orientation coordinate search, at most eight passes per start; exact template sizing for each orientation under certified requirements; not global optimum."
lstm,64,4,1,8 × 8,rotation_and_reflection,101600,131072.0,114688.0,13088.0,11.411830357142858,29472.0,22.4853515625,validated_reflection,/home/yj3616/workspace/phd-research/research-notes/max-resource-sweep-20260928/reflection-sweep-20261001/cases/ch1/c64-k4/lstm/1987524a2b992b8ddba2/design.json,7750f43177763a8894f5f10ec8dea0580cb045fcf23154f4f16e8b8be5adba00,"Three-start orientation coordinate search, at most eight passes per start; exact template sizing for each orientation under certified requirements; not global optimum."
lstm,64,1,1,8 × 8,rotation_and_reflection,105632,131072.0,114688.0,9056.0,7.896205357142857,25440.0,19.4091796875,validated_reflection,/home/yj3616/workspace/phd-research/research-notes/max-resource-sweep-20260928/reflection-sweep-20261001/cases/ch1/c64-k1/lstm/0a5015545ec0df4ebd4b/design.json,2614d25efb876c750ded2d5d9dd7bb343a87e2d7af15b030b2f931c3288ae721,"Three-start orientation coordinate search, at most eight passes per start; exact template sizing for each orientation under certified requirements; not global optimum."
lstm,128,16,1,8 × 16,rotation_and_reflection,180224,262144.0,237568.0,57344.0,24.137931034482758,81920.0,31.25,validated_reflection,/home/yj3616/workspace/phd-research/research-notes/max-resource-sweep-20260928/reflection-sweep-20261001/cases/ch1/c128-k16/lstm/9eec509ac8c194de49ff/design.json,f454758caf3c9abc82f85e5afd3573df32de3355fd4fce23efed36de5bb6cd3a,"Three-start orientation coordinate search, at most eight passes per start; exact template sizing for each orientation under certified requirements; not global optimum."
lstm,128,4,1,8 × 16,rotation_and_reflection,160800,245760.0,222720.0,61920.0,27.801724137931036,84960.0,34.5703125,validated_reflection,/home/yj3616/workspace/phd-research/research-notes/max-resource-sweep-20260928/reflection-sweep-20261001/cases/ch1/c128-k4/lstm/67a3e00975f45d0073a9/design.json,70c3cb2b556173173651a8530d8b54602f97c8950f452bc2e8400b7a34507974,"Three-start orientation coordinate search, at most eight passes per start; exact template sizing for each orientation under certified requirements; not global optimum."
lstm,128,1,1,8 × 16,rotation_and_reflection,177312,262144.0,237568.0,60256.0,25.363685344827587,84832.0,32.36083984375,validated_reflection,/home/yj3616/workspace/phd-research/research-notes/max-resource-sweep-20260928/reflection-sweep-20261001/cases/ch1/c128-k1/lstm/d463c9b5e75f96ee911e/design.json,cec684c26f6a078a844c9694cf80c759d885ec2ad92df71b31124ae7989e0af9,"Three-start orientation coordinate search, at most eight passes per start; exact template sizing for each orientation under certified requirements; not global optimum."
lstm,256,16,1,16 × 16,rotation_and_reflection,371200,524288.0,491520.0,120320.0,24.479166666666668,153088.0,29.19921875,validated_reflection,/home/yj3616/workspace/phd-research/research-notes/max-resource-sweep-20260928/reflection-sweep-20261001/cases/ch1/c256-k16/lstm/555fead5960d9b8014e0/design.json,774439cd0ec3e2a02544e884c3f2780af624aba1b43a80a70c836d6cf38beda7,"Three-start orientation coordinate search, at most eight passes per start; exact template sizing for each orientation under certified requirements; not global optimum."
lstm,256,4,1,16 × 16,rotation_and_reflection,363680,524288.0,491520.0,127840.0,26.009114583333332,160608.0,30.633544921875,validated_reflection,/home/yj3616/workspace/phd-research/research-notes/max-resource-sweep-20260928/reflection-sweep-20261001/cases/ch1/c256-k4/lstm/c3b8b26f2080e91727ef/design.json,64d6af154081863b2ceb33633e41f725253d710293ecc16086453a2ecd066f7e,"Three-start orientation coordinate search, at most eight passes per start; exact template sizing for each orientation under certified requirements; not global optimum."
lstm,256,1,1,16 × 16,rotation_and_reflection,428736,524288.0,491520.0,62784.0,12.7734375,95552.0,18.22509765625,validated_reflection,/home/yj3616/workspace/phd-research/research-notes/max-resource-sweep-20260928/reflection-sweep-20261001/cases/ch1/c256-k1/lstm/38afbd413516e062839b/design.json,c5de797ca4b25a68b998a0d62ea706b965edd99c040713bbeae57e4172708656,"Three-start orientation coordinate search, at most eight passes per start; exact template sizing for each orientation under certified requirements; not global optimum."
lstm,512,16,1,16 × 32,rotation_and_reflection,595712,1048576.0,999424.0,403712.0,40.39446721311475,452864.0,43.1884765625,validated_reflection,/home/yj3616/workspace/phd-research/research-notes/max-resource-sweep-20260928/reflection-sweep-20261001/cases/ch1/c512-k16/lstm/1c3b75869daa281fb5c5/design.json,249680ac6a984ae285d43715539447ecc132da04bacccdf164d56e09558b3adf,"Three-start orientation coordinate search, at most eight passes per start; exact template sizing for each orientation under certified requirements; not global optimum."
lstm,512,4,1,16 × 32,rotation_and_reflection,642528,1048576.0,999424.0,356896.0,35.71016905737705,406048.0,38.7237548828125,validated_reflection,/home/yj3616/workspace/phd-research/research-notes/max-resource-sweep-20260928/reflection-sweep-20261001/cases/ch1/c512-k4/lstm/0d8ea94e4f2a4df78b61/design.json,cf4d030b5f57500dbbb3561cb311d8f52c8c289bc9e92fb1a67481f378c6427f,"Three-start orientation coordinate search, at most eight passes per start; exact template sizing for each orientation under certified requirements; not global optimum."
lstm,512,1,1,16 × 32,rotation_and_reflection,825856,1015808.0,968192.0,142336.0,14.701216287678477,189952.0,18.699596774193548,validated_reflection,/home/yj3616/workspace/phd-research/research-notes/max-resource-sweep-20260928/reflection-sweep-20261001/cases/ch1/c512-k1/lstm/571617afd8b6b28f3c03/design.json,63cd81372bc32f34e34838eb807647f6e315bf324e4b88e697a59970167fb565,"Three-start orientation coordinate search, at most eight passes per start; exact template sizing for each orientation under certified requirements; not global optimum."
lstm,1024,16,1,32 × 32,rotation_and_reflection,1199584,2097152.0,2031616.0,832032.0,40.954196068548384,897568.0,42.79937744140625,validated_reflection,/home/yj3616/workspace/phd-research/research-notes/max-resource-sweep-20260928/reflection-sweep-20261001/cases/ch1/c1024-k16/lstm/3c20e89280161fb36482/design.json,15c3b2c5aa81843aac49e9c7f5998586b219420da0d5c73f685bff8c8dea4677,"Three-start orientation coordinate search, at most eight passes per start; exact template sizing for each orientation under certified requirements; not global optimum."
lstm,1024,4,1,32 × 32,rotation_and_reflection,1255392,2097152.0,2031616.0,776224.0,38.207220262096776,841760.0,40.13824462890625,validated_reflection,/home/yj3616/workspace/phd-research/research-notes/max-resource-sweep-20260928/reflection-sweep-20261001/cases/ch1/c1024-k4/lstm/50d31995f277324c5fb0/design.json,356c3f898163201c760115c82d9d4bb6958319fa709864360ddcf9454ca13c64,"Three-start orientation coordinate search, at most eight passes per start; exact template sizing for each orientation under certified requirements; not global optimum."
lstm,1024,1,1,32 × 32,rotation_and_reflection,1204768,2097152.0,2031616.0,826848.0,40.699029737903224,892384.0,42.55218505859375,validated_reflection,/home/yj3616/workspace/phd-research/research-notes/max-resource-sweep-20260928/reflection-sweep-20261001/cases/ch1/c1024-k1/lstm/282b613f41cb7e4841ee/design.json,ca748d42aa6a3c0df9dbc75155775e718f6c702518a72b38115bbcfd91040a40,"Three-start orientation coordinate search, at most eight passes per start; exact template sizing for each orientation under certified requirements; not global optimum."
transformer,4,16,1,2 × 2,rotation_and_reflection,3584,8192.0,4096.0,512.0,12.5,4608.0,56.25,validated_reflection,/home/yj3616/workspace/phd-research/research-notes/max-resource-sweep-20260928/reflection-sweep-20261001/cases/ch1/c4-k16/transformer/dffc1dae8b42d2283e35/design.json,f070a867ec26b36d7c878c62b46b80e7e7437bdc5a54ee802144379760b6f568,Exact enumeration of 16 legal rotation/reflection assignments for fixed mappings and certified channel requirements.
transformer,4,4,1,2 × 2,rotation_and_reflection,1536,4096.0,2048.0,512.0,25.0,2560.0,62.5,validated_reflection,/home/yj3616/workspace/phd-research/research-notes/max-resource-sweep-20260928/reflection-sweep-20261001/cases/ch1/c4-k4/transformer/b2dbcc3fc269b2e01e0e/design.json,95590f0f08eefbba6b14095272982bf95e6ed975e2a3c6f3b67a946ba2949043,Exact enumeration of 16 legal rotation/reflection assignments for fixed mappings and certified channel requirements.
transformer,4,1,1,2 × 2,rotation_and_reflection,384,1024.0,512.0,128.0,25.0,640.0,62.5,validated_reflection,/home/yj3616/workspace/phd-research/research-notes/max-resource-sweep-20260928/reflection-sweep-20261001/cases/ch1/c4-k1/transformer/316ff33c2ea5198dc17d/design.json,3e2d56e5759ba817b00cab6f960bf98afab4c9586532ff1efedca43d075336ae,Exact enumeration of 16 legal rotation/reflection assignments for fixed mappings and certified channel requirements.
transformer,8,16,1,2 × 4,rotation_and_reflection,8704,16384.0,10240.0,1536.0,15.0,7680.0,46.875,validated_reflection,/home/yj3616/workspace/phd-research/research-notes/max-resource-sweep-20260928/reflection-sweep-20261001/cases/ch1/c8-k16/transformer/5f67d6cfd7b69b87a906/design.json,f628718fb7951d2ea2ed0e947dc48ae730ae06754ea509bf7b774a42dd8493ee,"Three-start orientation coordinate search, at most eight passes per start; exact template sizing for each orientation under certified requirements; not global optimum."
transformer,8,4,1,2 × 4,rotation_and_reflection,4608,8192.0,5120.0,512.0,10.0,3584.0,43.75,validated_reflection,/home/yj3616/workspace/phd-research/research-notes/max-resource-sweep-20260928/reflection-sweep-20261001/cases/ch1/c8-k4/transformer/a99736aacf6b94f0aacd/design.json,8bc5677c9e7445a67408b0da4226035c4189bde92e59dea1475eb2ab92c678d2,"Three-start orientation coordinate search, at most eight passes per start; exact template sizing for each orientation under certified requirements; not global optimum."
transformer,8,1,1,2 × 4,rotation_and_reflection,1152,2048.0,1280.0,128.0,10.0,896.0,43.75,validated_reflection,/home/yj3616/workspace/phd-research/research-notes/max-resource-sweep-20260928/reflection-sweep-20261001/cases/ch1/c8-k1/transformer/4fcd3b7560b94bb3b024/design.json,49de33109c2822833f0056f05b08edbe0c9b462a8f01006b7af10c888d9b680e,"Three-start orientation coordinate search, at most eight passes per start; exact template sizing for each orientation under certified requirements; not global optimum."
transformer,16,16,1,4 × 4,rotation_and_reflection,22176,32768.0,24576.0,2400.0,9.765625,10592.0,32.32421875,validated_reflection,/home/yj3616/workspace/phd-research/research-notes/max-resource-sweep-20260928/reflection-sweep-20261001/cases/ch1/c16-k16/transformer/90d11e607beed5f2e8d2/design.json,b9fec38b61d26bc55d3d4f86cad214c0201d195081ec7d66c54ddc6073c2ec1f,"Three-start orientation coordinate search, at most eight passes per start; exact template sizing for each orientation under certified requirements; not global optimum."
transformer,16,4,1,4 × 4,rotation_and_reflection,17152,28672.0,21504.0,4352.0,20.238095238095237,11520.0,40.17857142857143,validated_reflection,/home/yj3616/workspace/phd-research/research-notes/max-resource-sweep-20260928/reflection-sweep-20261001/cases/ch1/c16-k4/transformer/a66f544efb09ac122712/design.json,e2676e727b016fe1b72ceb90bafde3a90b2736b90d3bc1302b7b38b76d9c4490,"Three-start orientation coordinate search, at most eight passes per start; exact template sizing for each orientation under certified requirements; not global optimum."
transformer,16,1,1,4 × 4,rotation_and_reflection,5248,8192.0,6144.0,896.0,14.583333333333334,2944.0,35.9375,validated_reflection,/home/yj3616/workspace/phd-research/research-notes/max-resource-sweep-20260928/reflection-sweep-20261001/cases/ch1/c16-k1/transformer/1cbe4b61e7eabf5cfa61/design.json,fa67b7f2e37cf93dae63f12d238cfc9d84dca6a46ae6fe6b1490253cfa26d8a6,"Three-start orientation coordinate search, at most eight passes per start; exact template sizing for each orientation under certified requirements; not global optimum."
transformer,32,16,1,4 × 8,rotation_and_reflection,43328,65536.0,53248.0,9920.0,18.629807692307693,22208.0,33.88671875,validated_reflection,/home/yj3616/workspace/phd-research/research-notes/max-resource-sweep-20260928/reflection-sweep-20261001/cases/ch1/c32-k16/transformer/a7e9270f57160f83c08a/design.json,111f06a49eb2ff8f80903cc2833df44f3c49c87f302f06caaab2177d5d35e0f2,"Three-start orientation coordinate search, at most eight passes per start; exact template sizing for each orientation under certified requirements; not global optimum."
transformer,32,4,1,4 × 8,rotation_and_reflection,33120,51200.0,41600.0,8480.0,20.384615384615383,18080.0,35.3125,validated_reflection,/home/yj3616/workspace/phd-research/research-notes/max-resource-sweep-20260928/reflection-sweep-20261001/cases/ch1/c32-k4/transformer/ebfcd80baf85329c4a44/design.json,e63a0ce59948edc536a1600a5d0b4128ef68e79fd55cb1ce84503962328ecb41,"Three-start orientation coordinate search, at most eight passes per start; exact template sizing for each orientation under certified requirements; not global optimum."
transformer,32,1,1,4 × 8,rotation_and_reflection,13056,16384.0,13312.0,256.0,1.9230769230769231,3328.0,20.3125,validated_reflection,/home/yj3616/workspace/phd-research/research-notes/max-resource-sweep-20260928/reflection-sweep-20261001/cases/ch1/c32-k1/transformer/2fb16e383501669f3c55/design.json,0b5311dd1f637f1482551db7617032eeb8794f5f58203cde37d02b43b367c9cc,"Three-start orientation coordinate search, at most eight passes per start; exact template sizing for each orientation under certified requirements; not global optimum."
transformer,64,16,1,8 × 8,rotation_and_reflection,104800,131072.0,114688.0,9888.0,8.621651785714286,26272.0,20.0439453125,validated_reflection,/home/yj3616/workspace/phd-research/research-notes/max-resource-sweep-20260928/reflection-sweep-20261001/cases/ch1/c64-k16/transformer/3da1a1633200a8d71b6e/design.json,702b3cd65e6b77b7fdcf89d8e2d17295e0a2dc907abbdff6f602f41cfce089b2,"Three-start orientation coordinate search, at most eight passes per start; exact template sizing for each orientation under certified requirements; not global optimum."
transformer,64,4,1,8 × 8,rotation_and_reflection,93568,131072.0,114688.0,21120.0,18.415178571428573,37504.0,28.61328125,validated_reflection,/home/yj3616/workspace/phd-research/research-notes/max-resource-sweep-20260928/reflection-sweep-20261001/cases/ch1/c64-k4/transformer/41c2b56bd7255c300fdf/design.json,b3ce4b7876314239673ff4cc22cb4388261a5f2203db4dc00313d122d5d1176a,"Three-start orientation coordinate search, at most eight passes per start; exact template sizing for each orientation under certified requirements; not global optimum."
transformer,64,1,1,8 × 8,rotation_and_reflection,43200,61440.0,53760.0,10560.0,19.642857142857142,18240.0,29.6875,validated_reflection,/home/yj3616/workspace/phd-research/research-notes/max-resource-sweep-20260928/reflection-sweep-20261001/cases/ch1/c64-k1/transformer/46d410208e07025ebcd7/design.json,bb49b40c09a29aa9ea0ae1f9e6253795fc55896344cac0c253a2272592da70b6,"Three-start orientation coordinate search, at most eight passes per start; exact template sizing for each orientation under certified requirements; not global optimum."
transformer,128,16,1,8 × 16,rotation_and_reflection,189024,262144.0,237568.0,48544.0,20.43372844827586,73120.0,27.89306640625,validated_reflection,/home/yj3616/workspace/phd-research/research-notes/max-resource-sweep-20260928/reflection-sweep-20261001/cases/ch1/c128-k16/transformer/635d8a54eab70dfdb1ac/design.json,a689e902147c0e924b91ca36875fb6d3de6bb5d7558ea42385129977cb7d3e30,"Three-start orientation coordinate search, at most eight passes per start; exact template sizing for each orientation under certified requirements; not global optimum."
transformer,128,4,1,8 × 16,rotation_and_reflection,177856,262144.0,237568.0,59712.0,25.134698275862068,84288.0,32.1533203125,validated_reflection,/home/yj3616/workspace/phd-research/research-notes/max-resource-sweep-20260928/reflection-sweep-20261001/cases/ch1/c128-k4/transformer/a34eac1b977e8c011cfa/design.json,6171cd7694b215c35bbc1cc3e85e98ed76870bac4451addb65b36109dbf85c83,"Three-start orientation coordinate search, at most eight passes per start; exact template sizing for each orientation under certified requirements; not global optimum."
transformer,128,1,1,8 × 16,rotation_and_reflection,78656,106496.0,96512.0,17856.0,18.50132625994695,27840.0,26.141826923076923,validated_reflection,/home/yj3616/workspace/phd-research/research-notes/max-resource-sweep-20260928/reflection-sweep-20261001/cases/ch1/c128-k1/transformer/a9cb3e9972981d70ba8b/design.json,2805bca7377aaa2a128b6780cfdc0581f76c7fcf4991fcf65fedee2737a3b8ab,"Three-start orientation coordinate search, at most eight passes per start; exact template sizing for each orientation under certified requirements; not global optimum."
transformer,256,16,1,16 × 16,rotation_and_reflection,414976,524288.0,491520.0,76544.0,15.572916666666666,109312.0,20.849609375,validated_reflection,/home/yj3616/workspace/phd-research/research-notes/max-resource-sweep-20260928/reflection-sweep-20261001/cases/ch1/c256-k16/transformer/5a76efb980edced82bfb/design.json,6c2ed489a60ada9f7beadaa05ba254a6388055e3887ea4690424b9fa99317104,"Three-start orientation coordinate search, at most eight passes per start; exact template sizing for each orientation under certified requirements; not global optimum."
transformer,256,4,1,16 × 16,rotation_and_reflection,380384,524288.0,491520.0,111136.0,22.610677083333332,143904.0,27.447509765625,validated_reflection,/home/yj3616/workspace/phd-research/research-notes/max-resource-sweep-20260928/reflection-sweep-20261001/cases/ch1/c256-k4/transformer/bd0b3690a91bf422bc6f/design.json,08458bf16a6be51e0aba1e36fcd6794a929e5cda984e4fce273eb4198ee780f4,"Three-start orientation coordinate search, at most eight passes per start; exact template sizing for each orientation under certified requirements; not global optimum."
transformer,256,1,1,16 × 16,rotation_and_reflection,221696,294912.0,276480.0,54784.0,19.814814814814813,73216.0,24.82638888888889,validated_reflection,/home/yj3616/workspace/phd-research/research-notes/max-resource-sweep-20260928/reflection-sweep-20261001/cases/ch1/c256-k1/transformer/36ca6e820a43cd4daef2/design.json,54ef316868ba20304634dacfa7c78df7c88463ea804f4ad69af3e3de08280ed7,"Three-start orientation coordinate search, at most eight passes per start; exact template sizing for each orientation under certified requirements; not global optimum."
transformer,512,16,1,16 × 32,rotation_and_reflection,,,,,,,,not_computed,,,
transformer,512,4,1,16 × 32,rotation_and_reflection,,,,,,,,not_computed,,,
transformer,512,1,1,16 × 32,rotation_and_reflection,605824,950272.0,905728.0,299904.0,33.111927642736006,344448.0,36.24730603448276,validated_reflection,/home/yj3616/workspace/phd-research/research-notes/max-resource-sweep-20260928/reflection-sweep-20261001/cases/ch1/c512-k1/transformer/c3d7ceb37d0bef9f9005/design.json,bfd4ddf30576fc0f2eed859a5ecaa8d075f2389aab750a6aef87443fd1873781,"Three-start orientation coordinate search, at most eight passes per start; exact template sizing for each orientation under certified requirements; not global optimum."
transformer,1024,16,1,32 × 32,rotation_and_reflection,,,,,,,,not_computed,,,
transformer,1024,4,1,32 × 32,rotation_and_reflection,,,,,,,,not_computed,,,
transformer,1024,1,1,32 × 32,rotation_and_reflection,1231008,2031616.0,1968128.0,737120.0,37.45284859521332,800608.0,39.407447076612904,validated_reflection,/home/yj3616/workspace/phd-research/research-notes/max-resource-sweep-20260928/reflection-sweep-20261001/cases/ch1/c1024-k1/transformer/3a096682f60b07a21a03/design.json,0ad2b58cd6b54f49c5d5148892b937a22d61d8890f75078669ca007af575def5,"Three-start orientation coordinate search, at most eight passes per start; exact template sizing for each orientation under certified requirements; not global optimum."
transformer_cell,4,16,1,2 × 2,rotation_and_reflection,3584,8192.0,4096.0,512.0,12.5,4608.0,56.25,validated_reflection,/home/yj3616/workspace/phd-research/research-notes/max-resource-sweep-20260928/reflection-sweep-20261001/cases/ch1/c4-k16/transformer_cell/c20927f0954b88939560/design.json,fc97cc6bab36ae41e7b4260c7ab9276b7fa6db3370d8d5bd45956150c344b869,Exact enumeration of 16 legal rotation/reflection assignments for fixed mappings and certified channel requirements.
transformer_cell,4,4,1,2 × 2,rotation_and_reflection,1536,4096.0,2048.0,512.0,25.0,2560.0,62.5,validated_reflection,/home/yj3616/workspace/phd-research/research-notes/max-resource-sweep-20260928/reflection-sweep-20261001/cases/ch1/c4-k4/transformer_cell/eb7a6b966d12edab4e42/design.json,d4aed6285abcac34d307fdc09b50a6d0749d87b3cc0156a54a415c90e1f7a5c3,Exact enumeration of 16 legal rotation/reflection assignments for fixed mappings and certified channel requirements.
transformer_cell,4,1,1,2 × 2,rotation_and_reflection,384,1024.0,512.0,128.0,25.0,640.0,62.5,validated_reflection,/home/yj3616/workspace/phd-research/research-notes/max-resource-sweep-20260928/reflection-sweep-20261001/cases/ch1/c4-k1/transformer_cell/33c21fb9517bd0fa7e6f/design.json,d066e5b6a5e056d1050087e14ef6b89f82febee7a42b0057038781eea8c089c2,Exact enumeration of 16 legal rotation/reflection assignments for fixed mappings and certified channel requirements.
transformer_cell,8,16,1,2 × 4,rotation_and_reflection,8704,16384.0,10240.0,1536.0,15.0,7680.0,46.875,validated_reflection,/home/yj3616/workspace/phd-research/research-notes/max-resource-sweep-20260928/reflection-sweep-20261001/cases/ch1/c8-k16/transformer_cell/a253d7463316082b2b84/design.json,5e6eca7a8d8e828c05d373f06db22c23879da5da515b7ef4f71fe811a73e14eb,"Three-start orientation coordinate search, at most eight passes per start; exact template sizing for each orientation under certified requirements; not global optimum."
transformer_cell,8,4,1,2 × 4,rotation_and_reflection,4608,8192.0,5120.0,512.0,10.0,3584.0,43.75,validated_reflection,/home/yj3616/workspace/phd-research/research-notes/max-resource-sweep-20260928/reflection-sweep-20261001/cases/ch1/c8-k4/transformer_cell/ad895f0f9ff6b30544bd/design.json,4d7dd735e729a3bb20882b85b9aac15a71f1b2a354faac5aa7b9faec2c31a773,"Three-start orientation coordinate search, at most eight passes per start; exact template sizing for each orientation under certified requirements; not global optimum."
transformer_cell,8,1,1,2 × 4,rotation_and_reflection,1152,2048.0,1280.0,128.0,10.0,896.0,43.75,validated_reflection,/home/yj3616/workspace/phd-research/research-notes/max-resource-sweep-20260928/reflection-sweep-20261001/cases/ch1/c8-k1/transformer_cell/8d74a8224d1c50d7c840/design.json,7022d0b8c4741be52162481f353f412880b9ba7cbea2e51db4ebad3d294a6186,"Three-start orientation coordinate search, at most eight passes per start; exact template sizing for each orientation under certified requirements; not global optimum."
transformer_cell,16,16,1,4 × 4,rotation_and_reflection,21600,32768.0,24576.0,2976.0,12.109375,11168.0,34.08203125,validated_reflection,/home/yj3616/workspace/phd-research/research-notes/max-resource-sweep-20260928/reflection-sweep-20261001/cases/ch1/c16-k16/transformer_cell/c7c1147eb3f4c973523c/design.json,814583487aa50eedfb9e04a7c5b5eb94ba668e59dbf58d3e567c35dd42eacafb,"Three-start orientation coordinate search, at most eight passes per start; exact template sizing for each orientation under certified requirements; not global optimum."
transformer_cell,16,4,1,4 × 4,rotation_and_reflection,17152,28672.0,21504.0,4352.0,20.238095238095237,11520.0,40.17857142857143,validated_reflection,/home/yj3616/workspace/phd-research/research-notes/max-resource-sweep-20260928/reflection-sweep-20261001/cases/ch1/c16-k4/transformer_cell/62dce3dab251e5f9eb74/design.json,8ac9f4e81e920f14cd7fb5aeab4c663781adb8375cfecebe2437c26a9b61d4fd,"Three-start orientation coordinate search, at most eight passes per start; exact template sizing for each orientation under certified requirements; not global optimum."
transformer_cell,16,1,1,4 × 4,rotation_and_reflection,5248,8192.0,6144.0,896.0,14.583333333333334,2944.0,35.9375,validated_reflection,/home/yj3616/workspace/phd-research/research-notes/max-resource-sweep-20260928/reflection-sweep-20261001/cases/ch1/c16-k1/transformer_cell/9319d1342533dee45aac/design.json,779b9fb1a8859584d54506aa40bb1eab797e0233ab719e971db39567398c1962,"Three-start orientation coordinate search, at most eight passes per start; exact template sizing for each orientation under certified requirements; not global optimum."
transformer_cell,32,16,1,4 × 8,rotation_and_reflection,43328,65536.0,53248.0,9920.0,18.629807692307693,22208.0,33.88671875,validated_reflection,/home/yj3616/workspace/phd-research/research-notes/max-resource-sweep-20260928/reflection-sweep-20261001/cases/ch1/c32-k16/transformer_cell/077855f77232a167838c/design.json,fcc8c292d25f9532de90e07fb1e66516046316beb8620c604ee0b8d52773b48e,"Three-start orientation coordinate search, at most eight passes per start; exact template sizing for each orientation under certified requirements; not global optimum."
transformer_cell,32,4,1,4 × 8,rotation_and_reflection,33120,51200.0,41600.0,8480.0,20.384615384615383,18080.0,35.3125,validated_reflection,/home/yj3616/workspace/phd-research/research-notes/max-resource-sweep-20260928/reflection-sweep-20261001/cases/ch1/c32-k4/transformer_cell/b1fc23f0b19381906936/design.json,dc1aa50dc15f839895d76eccc23c9f7e8e6d8b914dadfb8fdcd596e2e776828b,"Three-start orientation coordinate search, at most eight passes per start; exact template sizing for each orientation under certified requirements; not global optimum."
transformer_cell,32,1,1,4 × 8,rotation_and_reflection,13056,16384.0,13312.0,256.0,1.9230769230769231,3328.0,20.3125,validated_reflection,/home/yj3616/workspace/phd-research/research-notes/max-resource-sweep-20260928/reflection-sweep-20261001/cases/ch1/c32-k1/transformer_cell/b77fcbc19d266dd47fc2/design.json,f8af01a1f68555d412d1b0a0f0e60a297f28e8cd2326532cfbe5cf43f61be927,"Three-start orientation coordinate search, at most eight passes per start; exact template sizing for each orientation under certified requirements; not global optimum."
transformer_cell,64,16,1,8 × 8,rotation_and_reflection,104512,131072.0,114688.0,10176.0,8.872767857142858,26560.0,20.263671875,validated_reflection,/home/yj3616/workspace/phd-research/research-notes/max-resource-sweep-20260928/reflection-sweep-20261001/cases/ch1/c64-k16/transformer_cell/e0bc86a9ca3baad7c51e/design.json,40f14d706d821835e54a7d33b1bafad5a00252c0f94e418a2e47e4fe2320b7d2,"Three-start orientation coordinate search, at most eight passes per start; exact template sizing for each orientation under certified requirements; not global optimum."
transformer_cell,64,4,1,8 × 8,rotation_and_reflection,93568,131072.0,114688.0,21120.0,18.415178571428573,37504.0,28.61328125,validated_reflection,/home/yj3616/workspace/phd-research/research-notes/max-resource-sweep-20260928/reflection-sweep-20261001/cases/ch1/c64-k4/transformer_cell/d9ab04640404a4ff1972/design.json,2f36f295e9ddcc338037f7c3b6389b34b5eaaa097e1e3632f08d04ed0f0292d1,"Three-start orientation coordinate search, at most eight passes per start; exact template sizing for each orientation under certified requirements; not global optimum."
transformer_cell,64,1,1,8 × 8,rotation_and_reflection,43200,61440.0,53760.0,10560.0,19.642857142857142,18240.0,29.6875,validated_reflection,/home/yj3616/workspace/phd-research/research-notes/max-resource-sweep-20260928/reflection-sweep-20261001/cases/ch1/c64-k1/transformer_cell/377c8dda36904bef31f3/design.json,d091601fd04ecaab9f5b387f3c6aaba3cd521ded6791bb75063376ee669483bd,"Three-start orientation coordinate search, at most eight passes per start; exact template sizing for each orientation under certified requirements; not global optimum."
transformer_cell,128,16,1,8 × 16,rotation_and_reflection,,,,,,,,not_computed,,,
transformer_cell,128,4,1,8 × 16,rotation_and_reflection,177856,262144.0,237568.0,59712.0,25.134698275862068,84288.0,32.1533203125,validated_reflection,/home/yj3616/workspace/phd-research/research-notes/max-resource-sweep-20260928/reflection-sweep-20261001/cases/ch1/c128-k4/transformer_cell/1882fdc10ae604dd6eca/design.json,dc86f2c3296a84cc1f23edad1c956b57381587bb80086b07df460c7394e86d14,"Three-start orientation coordinate search, at most eight passes per start; exact template sizing for each orientation under certified requirements; not global optimum."
transformer_cell,128,1,1,8 × 16,rotation_and_reflection,78656,106496.0,96512.0,17856.0,18.50132625994695,27840.0,26.141826923076923,validated_reflection,/home/yj3616/workspace/phd-research/research-notes/max-resource-sweep-20260928/reflection-sweep-20261001/cases/ch1/c128-k1/transformer_cell/e0120bb54d0df41d56d0/design.json,bbdbf8e6a460ddf0e04012dd200a50ae96c37192af754ae164c522c647bdb32e,"Three-start orientation coordinate search, at most eight passes per start; exact template sizing for each orientation under certified requirements; not global optimum."
transformer_cell,256,16,1,16 × 16,rotation_and_reflection,,,,,,,,not_computed,,,
transformer_cell,256,4,1,16 × 16,rotation_and_reflection,375680,524288.0,491520.0,115840.0,23.567708333333332,148608.0,28.3447265625,validated_reflection,/home/yj3616/workspace/phd-research/research-notes/max-resource-sweep-20260928/reflection-sweep-20261001/cases/ch1/c256-k4/transformer_cell/78343566fbba06401693/design.json,32da2a2ff27cfa1d5f43425e8109e79ca390cb3c07e51290b8493bccf141f435,"Three-start orientation coordinate search, at most eight passes per start; exact template sizing for each orientation under certified requirements; not global optimum."
transformer_cell,256,1,1,16 × 16,rotation_and_reflection,221696,294912.0,276480.0,54784.0,19.814814814814813,73216.0,24.82638888888889,validated_reflection,/home/yj3616/workspace/phd-research/research-notes/max-resource-sweep-20260928/reflection-sweep-20261001/cases/ch1/c256-k1/transformer_cell/08a2c7be7cb4680fbc22/design.json,cdaa86951d4ed823ac8ad20bdb6d5ecf5031eba822b70c000f31a1037a1a1b7d,"Three-start orientation coordinate search, at most eight passes per start; exact template sizing for each orientation under certified requirements; not global optimum."
transformer_cell,512,16,1,16 × 32,rotation_and_reflection,,,,,,,,not_computed,,,
transformer_cell,512,4,1,16 × 32,rotation_and_reflection,,,,,,,,not_computed,,,
transformer_cell,512,1,1,16 × 32,rotation_and_reflection,605824,950272.0,905728.0,299904.0,33.111927642736006,344448.0,36.24730603448276,validated_reflection,/home/yj3616/workspace/phd-research/research-notes/max-resource-sweep-20260928/reflection-sweep-20261001/cases/ch1/c512-k1/transformer_cell/69e84c593ef4a26262b2/design.json,1cad39a58ce8f5cdcc494c1bd85e36d69b6a11b8dd8269486da25c01b64fe769,"Three-start orientation coordinate search, at most eight passes per start; exact template sizing for each orientation under certified requirements; not global optimum."
transformer_cell,1024,16,1,32 × 32,rotation_and_reflection,,,,,,,,not_computed,,,
transformer_cell,1024,4,1,32 × 32,rotation_and_reflection,,,,,,,,not_computed,,,
transformer_cell,1024,1,1,32 × 32,rotation_and_reflection,1042976,1900544.0,1841152.0,798176.0,43.35198832035595,857568.0,45.122238685344826,validated_reflection,/home/yj3616/workspace/phd-research/research-notes/max-resource-sweep-20260928/reflection-sweep-20261001/cases/ch1/c1024-k1/transformer_cell/2bae0f748b821dbc6d42/design.json,c14fa2833517f03df47ac1150f9586882d2731f3268f6109198775d600c62f26,"Three-start orientation coordinate search, at most eight passes per start; exact template sizing for each orientation under certified requirements; not global optimum."
pnasnet,4,16,1,2 × 2,rotation_and_reflection,4096,8192.0,4096.0,0.0,0.0,4096.0,50.0,validated_reflection,/home/yj3616/workspace/phd-research/research-notes/max-resource-sweep-20260928/reflection-sweep-20261001/cases/ch1/c4-k16/pnasnet/ab843d4369c602b3182e/design.json,8d34de3c59b4333616742d5d7a4a1ea6202c5824af4203dd83c812202be41bd5,Exact enumeration of 16 legal rotation/reflection assignments for fixed mappings and certified channel requirements.
pnasnet,4,4,1,2 × 2,rotation_and_reflection,2816,5632.0,2816.0,0.0,0.0,2816.0,50.0,validated_reflection,/home/yj3616/workspace/phd-research/research-notes/max-resource-sweep-20260928/reflection-sweep-20261001/cases/ch1/c4-k4/pnasnet/7f5afd49a7eaf37030e8/design.json,7d2fc8d23ae869421dda388b8c7e0d82e2027b4b52d011eb646a04e88405d035,Exact enumeration of 16 legal rotation/reflection assignments for fixed mappings and certified channel requirements.
pnasnet,4,1,1,2 × 2,rotation_and_reflection,2048,4096.0,2048.0,0.0,0.0,2048.0,50.0,validated_reflection,/home/yj3616/workspace/phd-research/research-notes/max-resource-sweep-20260928/reflection-sweep-20261001/cases/ch1/c4-k1/pnasnet/9455bce75d6f6025f2f2/design.json,64293fa01462e878fcec02fcb1fc10d538ec8414839c8ed96416ca4aa4875ce6,Exact enumeration of 16 legal rotation/reflection assignments for fixed mappings and certified channel requirements.
pnasnet,8,16,1,2 × 4,rotation_and_reflection,9152,16384.0,10240.0,1088.0,10.625,7232.0,44.140625,validated_reflection,/home/yj3616/workspace/phd-research/research-notes/max-resource-sweep-20260928/reflection-sweep-20261001/cases/ch1/c8-k16/pnasnet/ff15245029ec8798989a/design.json,d56658122b516996806544b0799d1d154689e1aa4105231b159e4c67522d4080,"Three-start orientation coordinate search, at most eight passes per start; exact template sizing for each orientation under certified requirements; not global optimum."
pnasnet,8,4,1,2 × 4,rotation_and_reflection,7360,16384.0,10240.0,2880.0,28.125,9024.0,55.078125,validated_reflection,/home/yj3616/workspace/phd-research/research-notes/max-resource-sweep-20260928/reflection-sweep-20261001/cases/ch1/c8-k4/pnasnet/b51dbf40c7c114d7569f/design.json,c1c9efbfdeca8feea751af7e922f9dcd428086b5759805da8eb23a10ac52c97e,"Three-start orientation coordinate search, at most eight passes per start; exact template sizing for each orientation under certified requirements; not global optimum."
pnasnet,8,1,1,2 × 4,rotation_and_reflection,7168,16384.0,10240.0,3072.0,30.0,9216.0,56.25,validated_reflection,/home/yj3616/workspace/phd-research/research-notes/max-resource-sweep-20260928/reflection-sweep-20261001/cases/ch1/c8-k1/pnasnet/15f0d0baff6e86672290/design.json,a01b2c9e1a0942ca43c6a365d38421b4b53fbf6ac91e64cbc7189702fdb55a38,"Three-start orientation coordinate search, at most eight passes per start; exact template sizing for each orientation under certified requirements; not global optimum."
pnasnet,16,16,1,4 × 4,rotation_and_reflection,23904,32768.0,24576.0,672.0,2.734375,8864.0,27.05078125,validated_reflection,/home/yj3616/workspace/phd-research/research-notes/max-resource-sweep-20260928/reflection-sweep-20261001/cases/ch1/c16-k16/pnasnet/5de4035cc772357fe38e/design.json,adc742c2e125509bcd4a3a7bcd24ee8bfb2f9f5f4cdd4ff1383b58f6040c8055,"Three-start orientation coordinate search, at most eight passes per start; exact template sizing for each orientation under certified requirements; not global optimum."
pnasnet,16,4,1,4 × 4,rotation_and_reflection,21056,32768.0,24576.0,3520.0,14.322916666666666,11712.0,35.7421875,validated_reflection,/home/yj3616/workspace/phd-research/research-notes/max-resource-sweep-20260928/reflection-sweep-20261001/cases/ch1/c16-k4/pnasnet/469a06ad416b40493ec0/design.json,b603e84817930b96203aca10d1c1360c3cc81322189f4a65b3337472d88877d5,"Three-start orientation coordinate search, at most eight passes per start; exact template sizing for each orientation under certified requirements; not global optimum."
pnasnet,16,1,1,4 × 4,rotation_and_reflection,13728,25600.0,19200.0,5472.0,28.5,11872.0,46.375,validated_reflection,/home/yj3616/workspace/phd-research/research-notes/max-resource-sweep-20260928/reflection-sweep-20261001/cases/ch1/c16-k1/pnasnet/d0e9614308994e57326e/design.json,23a34b3daf0f83931f641078be78fe04ec5d737ef19d187008900c5932b89c11,"Three-start orientation coordinate search, at most eight passes per start; exact template sizing for each orientation under certified requirements; not global optimum."
pnasnet,32,16,1,4 × 8,rotation_and_reflection,48384,65536.0,53248.0,4864.0,9.134615384615385,17152.0,26.171875,validated_reflection,/home/yj3616/workspace/phd-research/research-notes/max-resource-sweep-20260928/reflection-sweep-20261001/cases/ch1/c32-k16/pnasnet/b94e5f6909ceb31556dc/design.json,fa5c4d6dbb9dbb1c3ad04e333525f8c9e8caeb1f019f07eddc189e644a4d6724,"Three-start orientation coordinate search, at most eight passes per start; exact template sizing for each orientation under certified requirements; not global optimum."
pnasnet,32,4,1,4 × 8,rotation_and_reflection,44928,65536.0,53248.0,8320.0,15.625,20608.0,31.4453125,validated_reflection,/home/yj3616/workspace/phd-research/research-notes/max-resource-sweep-20260928/reflection-sweep-20261001/cases/ch1/c32-k4/pnasnet/a7dff05ddc3d71c58fbe/design.json,1504b4b832907341f9f25e85afdab0722fd34e5c89281f70ce6c885f6a86cc0f,"Three-start orientation coordinate search, at most eight passes per start; exact template sizing for each orientation under certified requirements; not global optimum."
pnasnet,32,1,1,4 × 8,rotation_and_reflection,42912,65536.0,53248.0,10336.0,19.411057692307693,22624.0,34.521484375,validated_reflection,/home/yj3616/workspace/phd-research/research-notes/max-resource-sweep-20260928/reflection-sweep-20261001/cases/ch1/c32-k1/pnasnet/a50d02963d5470361c0b/design.json,a87820113e6b5c1ddc8ae3d03d0b648ff2bfd24f861245e27d0c15ec6ba2cd2c,"Three-start orientation coordinate search, at most eight passes per start; exact template sizing for each orientation under certified requirements; not global optimum."
pnasnet,64,16,1,8 × 8,rotation_and_reflection,112032,131072.0,114688.0,2656.0,2.3158482142857144,19040.0,14.5263671875,validated_reflection,/home/yj3616/workspace/phd-research/research-notes/max-resource-sweep-20260928/reflection-sweep-20261001/cases/ch1/c64-k16/pnasnet/0fca5022bab341d433d4/design.json,570766a2cad4ede5f6e98845eb2e04dc224658e31e48ffc60c9626ddeadbf8b8,"Three-start orientation coordinate search, at most eight passes per start; exact template sizing for each orientation under certified requirements; not global optimum."
pnasnet,64,4,1,8 × 8,rotation_and_reflection,106464,131072.0,114688.0,8224.0,7.170758928571429,24608.0,18.7744140625,validated_reflection,/home/yj3616/workspace/phd-research/research-notes/max-resource-sweep-20260928/reflection-sweep-20261001/cases/ch1/c64-k4/pnasnet/a2a664e04e8e4cb4068c/design.json,367aba9f3ddd644bca3c55e1558fed7de4781ce4b478bbe159bee3a1be00de82,"Three-start orientation coordinate search, at most eight passes per start; exact template sizing for each orientation under certified requirements; not global optimum."
pnasnet,64,1,1,8 × 8,rotation_and_reflection,88960,114688.0,100352.0,11392.0,11.35204081632653,25728.0,22.433035714285715,validated_reflection,/home/yj3616/workspace/phd-research/research-notes/max-resource-sweep-20260928/reflection-sweep-20261001/cases/ch1/c64-k1/pnasnet/f4a312b0b27f4d94e8cd/design.json,46fadfa9906c39a3d255cb0eb24c23984975a00ac2007c9e6b024b1bf7129b18,"Three-start orientation coordinate search, at most eight passes per start; exact template sizing for each orientation under certified requirements; not global optimum."
pnasnet,128,16,1,8 × 16,rotation_and_reflection,,,,,,,,not_computed,,,
pnasnet,128,4,1,8 × 16,rotation_and_reflection,199072,262144.0,237568.0,38496.0,16.204202586206897,63072.0,24.06005859375,validated_reflection,/home/yj3616/workspace/phd-research/research-notes/max-resource-sweep-20260928/reflection-sweep-20261001/cases/ch1/c128-k4/pnasnet/031a9e404e8cf0e213ff/design.json,37b90a5c61e9ec0de338a2cf4a9bf6ecb6bb67628c90e8bee8efe3d662bf4555,"Three-start orientation coordinate search, at most eight passes per start; exact template sizing for each orientation under certified requirements; not global optimum."
pnasnet,128,1,1,8 × 16,rotation_and_reflection,167200,253952.0,230144.0,62944.0,27.349833147942157,86752.0,34.160786290322584,validated_reflection,/home/yj3616/workspace/phd-research/research-notes/max-resource-sweep-20260928/reflection-sweep-20261001/cases/ch1/c128-k1/pnasnet/855a0c4e556e97186b7d/design.json,c249290092fd09b72202474fcbbc16a36f506a3fe395daf700f97a6828e7786d,"Three-start orientation coordinate search, at most eight passes per start; exact template sizing for each orientation under certified requirements; not global optimum."
pnasnet,256,16,1,16 × 16,rotation_and_reflection,,,,,,,,not_computed,,,
pnasnet,256,4,1,16 × 16,rotation_and_reflection,436352,524288.0,491520.0,55168.0,11.223958333333334,87936.0,16.7724609375,validated_reflection,/home/yj3616/workspace/phd-research/research-notes/max-resource-sweep-20260928/reflection-sweep-20261001/cases/ch1/c256-k4/pnasnet/8212012e1ec729b83a52/design.json,13f33084c0c9a7b78c184574d9270ace741e661feb8b75afbe5f675bd8158ecf,"Three-start orientation coordinate search, at most eight passes per start; exact template sizing for each orientation under certified requirements; not global optimum."
pnasnet,256,1,1,16 × 16,rotation_and_reflection,410112,524288.0,491520.0,81408.0,16.5625,114176.0,21.77734375,validated_reflection,/home/yj3616/workspace/phd-research/research-notes/max-resource-sweep-20260928/reflection-sweep-20261001/cases/ch1/c256-k1/pnasnet/34db7e21968ecc3825ed/design.json,3393c2d7affab1ceb92f11ebe46ac833477c60c961a2ec8a76c486dd79fcf264,"Three-start orientation coordinate search, at most eight passes per start; exact template sizing for each orientation under certified requirements; not global optimum."
pnasnet,512,16,1,16 × 32,rotation_and_reflection,,,,,,,,not_computed,,,
pnasnet,512,4,1,16 × 32,rotation_and_reflection,,,,,,,,not_computed,,,
pnasnet,512,1,1,16 × 32,rotation_and_reflection,798336,1048576.0,999424.0,201088.0,20.120389344262296,250240.0,23.86474609375,validated_reflection,/home/yj3616/workspace/phd-research/research-notes/max-resource-sweep-20260928/reflection-sweep-20261001/cases/ch1/c512-k1/pnasnet/6c481c57880d245603cc/design.json,780b2d1e28d9e90957830895ff5bff58b609721bf587e36c8ef81677075010ab,"Three-start orientation coordinate search, at most eight passes per start; exact template sizing for each orientation under certified requirements; not global optimum."
pnasnet,1024,16,1,32 × 32,rotation_and_reflection,,,,,,,,not_computed,,,
pnasnet,1024,4,1,32 × 32,rotation_and_reflection,,,,,,,,not_computed,,,
pnasnet,1024,1,1,32 × 32,rotation_and_reflection,1688064,2097152.0,2031616.0,343552.0,16.910282258064516,409088.0,19.5068359375,validated_reflection,/home/yj3616/workspace/phd-research/research-notes/max-resource-sweep-20260928/reflection-sweep-20261001/cases/ch1/c1024-k1/pnasnet/a09c1f4b20e8b2d2cafc/design.json,4b28d00701b02c45cbeea16765e95b908deaf65020f141340c0c5ffe28e7a84e,"Three-start orientation coordinate search, at most eight passes per start; exact template sizing for each orientation under certified requirements; not global optimum."
resnext50,4,16,1,2 × 2,rotation_and_reflection,4096,8192.0,4096.0,0.0,0.0,4096.0,50.0,validated_reflection,/home/yj3616/workspace/phd-research/research-notes/max-resource-sweep-20260928/reflection-sweep-20261001/cases/ch1/c4-k16/resnext50/a0cb0531b72baaca65f5/design.json,13c374b668ef57bd59614e958e7ab4180114439210568eb7ce85a5edd7f7458a,Exact enumeration of 16 legal rotation/reflection assignments for fixed mappings and certified channel requirements.
resnext50,4,4,1,2 × 2,rotation_and_reflection,2816,5632.0,2816.0,0.0,0.0,2816.0,50.0,validated_reflection,/home/yj3616/workspace/phd-research/research-notes/max-resource-sweep-20260928/reflection-sweep-20261001/cases/ch1/c4-k4/resnext50/a040246583d4a4055f0b/design.json,f2ed033d0c9af68d342a8de56db74e1961c6f95da81fdacdd03e477efc180bf4,Exact enumeration of 16 legal rotation/reflection assignments for fixed mappings and certified channel requirements.
resnext50,4,1,1,2 × 2,rotation_and_reflection,2048,4096.0,2048.0,0.0,0.0,2048.0,50.0,validated_reflection,/home/yj3616/workspace/phd-research/research-notes/max-resource-sweep-20260928/reflection-sweep-20261001/cases/ch1/c4-k1/resnext50/3cf5d64db7acbdcf643b/design.json,88dd3d2241c48536b4c04c2e0b76b9105c8baa536bbf90f4d754ef8aa5cc4dd8,Exact enumeration of 16 legal rotation/reflection assignments for fixed mappings and certified channel requirements.
resnext50,8,16,1,2 × 4,rotation_and_reflection,8768,16384.0,10240.0,1472.0,14.375,7616.0,46.484375,validated_reflection,/home/yj3616/workspace/phd-research/research-notes/max-resource-sweep-20260928/reflection-sweep-20261001/cases/ch1/c8-k16/resnext50/799c45e8fd8a09c85870/design.json,75b46bcf3f6deeda1983e9266fb00d9a5c6ab3b0d3c52862c1ba88dc082ee346,"Three-start orientation coordinate search, at most eight passes per start; exact template sizing for each orientation under certified requirements; not global optimum."
resnext50,8,4,1,2 × 4,rotation_and_reflection,7232,16384.0,10240.0,3008.0,29.375,9152.0,55.859375,validated_reflection,/home/yj3616/workspace/phd-research/research-notes/max-resource-sweep-20260928/reflection-sweep-20261001/cases/ch1/c8-k4/resnext50/173ccaf715d1d01905c6/design.json,0b1321e2a96c4ab79dd4ba7740b946d73d325a74540387e33c4dcdcd7be4f119,"Three-start orientation coordinate search, at most eight passes per start; exact template sizing for each orientation under certified requirements; not global optimum."
resnext50,8,1,1,2 × 4,rotation_and_reflection,7168,16384.0,10240.0,3072.0,30.0,9216.0,56.25,validated_reflection,/home/yj3616/workspace/phd-research/research-notes/max-resource-sweep-20260928/reflection-sweep-20261001/cases/ch1/c8-k1/resnext50/d49bd706bae388916bba/design.json,555513db4170a9415c269a118e9326483a05b610429ca9bc40c55961b65cb662,"Three-start orientation coordinate search, at most eight passes per start; exact template sizing for each orientation under certified requirements; not global optimum."
resnext50,16,16,1,4 × 4,rotation_and_reflection,22912,32768.0,24576.0,1664.0,6.770833333333333,9856.0,30.078125,validated_reflection,/home/yj3616/workspace/phd-research/research-notes/max-resource-sweep-20260928/reflection-sweep-20261001/cases/ch1/c16-k16/resnext50/f81516018d2a0de3a6f4/design.json,ed9591b2835fa31c998d5ef600923a3bec04b31662c75bb3f4ad376ad29825b6,"Three-start orientation coordinate search, at most eight passes per start; exact template sizing for each orientation under certified requirements; not global optimum."
resnext50,16,4,1,4 × 4,rotation_and_reflection,19648,29696.0,22272.0,2624.0,11.781609195402298,10048.0,33.83620689655172,validated_reflection,/home/yj3616/workspace/phd-research/research-notes/max-resource-sweep-20260928/reflection-sweep-20261001/cases/ch1/c16-k4/resnext50/5df40725a15c8bff13e8/design.json,f941a3dbbc65c757b20b78547de1939326b143712a40a5297cc531cc8fb7bdac,"Three-start orientation coordinate search, at most eight passes per start; exact template sizing for each orientation under certified requirements; not global optimum."
resnext50,16,1,1,4 × 4,rotation_and_reflection,13056,25600.0,19200.0,6144.0,32.0,12544.0,49.0,validated_reflection,/home/yj3616/workspace/phd-research/research-notes/max-resource-sweep-20260928/reflection-sweep-20261001/cases/ch1/c16-k1/resnext50/204d6e52cc961ca2e277/design.json,0f428f1772d964df5ae7e5d15d2849c4c1459f1f9d9df24209bc41daf6fb4e85,"Three-start orientation coordinate search, at most eight passes per start; exact template sizing for each orientation under certified requirements; not global optimum."
resnext50,32,16,1,4 × 8,rotation_and_reflection,46464,65536.0,53248.0,6784.0,12.740384615384615,19072.0,29.1015625,validated_reflection,/home/yj3616/workspace/phd-research/research-notes/max-resource-sweep-20260928/reflection-sweep-20261001/cases/ch1/c32-k16/resnext50/cd45d111e828008ae576/design.json,b410e6c867a9f7e7b2a680c81fe362175e6334dd3e026f3bb47459af97b679e3,"Three-start orientation coordinate search, at most eight passes per start; exact template sizing for each orientation under certified requirements; not global optimum."
resnext50,32,4,1,4 × 8,rotation_and_reflection,45376,65536.0,53248.0,7872.0,14.783653846153847,20160.0,30.76171875,validated_reflection,/home/yj3616/workspace/phd-research/research-notes/max-resource-sweep-20260928/reflection-sweep-20261001/cases/ch1/c32-k4/resnext50/3bf28d58e0c72598e1e2/design.json,a11c34c0825a4422bcec687519503f0dbce277dbf1766afdc45af5f35d653a57,"Three-start orientation coordinate search, at most eight passes per start; exact template sizing for each orientation under certified requirements; not global optimum."
resnext50,32,1,1,4 × 8,rotation_and_reflection,43040,65536.0,53248.0,10208.0,19.170673076923077,22496.0,34.326171875,validated_reflection,/home/yj3616/workspace/phd-research/research-notes/max-resource-sweep-20260928/reflection-sweep-20261001/cases/ch1/c32-k1/resnext50/82407b55e7e91ff48780/design.json,c3a65289f1cffe2f7414706e089c9cd7a694ceca843dbba59094766bab715f38,"Three-start orientation coordinate search, at most eight passes per start; exact template sizing for each orientation under certified requirements; not global optimum."
resnext50,64,16,1,8 × 8,rotation_and_reflection,113056,131072.0,114688.0,1632.0,1.4229910714285714,18016.0,13.7451171875,validated_reflection,/home/yj3616/workspace/phd-research/research-notes/max-resource-sweep-20260928/reflection-sweep-20261001/cases/ch1/c64-k16/resnext50/c6382d40de27fb1aba28/design.json,94f3cede0c808380365ef398e2b87dcecfc7eada27bacbb808b3000a5c78348d,"Three-start orientation coordinate search, at most eight passes per start; exact template sizing for each orientation under certified requirements; not global optimum."
resnext50,64,4,1,8 × 8,rotation_and_reflection,107264,131072.0,114688.0,7424.0,6.473214285714286,23808.0,18.1640625,validated_reflection,/home/yj3616/workspace/phd-research/research-notes/max-resource-sweep-20260928/reflection-sweep-20261001/cases/ch1/c64-k4/resnext50/5620d15f3157887ab15d/design.json,238801d3da9287d37fe8d6fabb6bfa4076485669be9f02906d60edf3bd8ddd29,"Three-start orientation coordinate search, at most eight passes per start; exact template sizing for each orientation under certified requirements; not global optimum."
resnext50,64,1,1,8 × 8,rotation_and_reflection,75584,118784.0,103936.0,28352.0,27.278325123152708,43200.0,36.36853448275862,validated_reflection,/home/yj3616/workspace/phd-research/research-notes/max-resource-sweep-20260928/reflection-sweep-20261001/cases/ch1/c64-k1/resnext50/c1791861e02e3e73949a/design.json,102ca397ebefef4e059798b98e7786eb290dc5e5cecc3d93589af564af5271f2,"Three-start orientation coordinate search, at most eight passes per start; exact template sizing for each orientation under certified requirements; not global optimum."
resnext50,128,16,1,8 × 16,rotation_and_reflection,,,,,,,,not_computed,,,
resnext50,128,4,1,8 × 16,rotation_and_reflection,187328,262144.0,237568.0,50240.0,21.14762931034483,74816.0,28.5400390625,validated_reflection,/home/yj3616/workspace/phd-research/research-notes/max-resource-sweep-20260928/reflection-sweep-20261001/cases/ch1/c128-k4/resnext50/c62fd517276b8ff57bb6/design.json,3228bdc58266f59067921b7353967cc7a1e9c1de9f3e5c2b0356db58c65291a0,"Three-start orientation coordinate search, at most eight passes per start; exact template sizing for each orientation under certified requirements; not global optimum."
resnext50,128,1,1,8 × 16,rotation_and_reflection,179712,262144.0,237568.0,57856.0,24.353448275862068,82432.0,31.4453125,validated_reflection,/home/yj3616/workspace/phd-research/research-notes/max-resource-sweep-20260928/reflection-sweep-20261001/cases/ch1/c128-k1/resnext50/b5213b012b9f66ae0722/design.json,fe7a2e1bf426a2be2e972fe44d48631c2f552ca9bc06e96d88d37e9491caa3b5,"Three-start orientation coordinate search, at most eight passes per start; exact template sizing for each orientation under certified requirements; not global optimum."
resnext50,256,16,1,16 × 16,rotation_and_reflection,,,,,,,,not_computed,,,
resnext50,256,4,1,16 × 16,rotation_and_reflection,400608,524288.0,491520.0,90912.0,18.49609375,123680.0,23.590087890625,validated_reflection,/home/yj3616/workspace/phd-research/research-notes/max-resource-sweep-20260928/reflection-sweep-20261001/cases/ch1/c256-k4/resnext50/a522792bf63a6d45f300/design.json,971f76cb41d241fda7440efb17815d1c6574ff96f7726a4e877de30c1009c94b,"Three-start orientation coordinate search, at most eight passes per start; exact template sizing for each orientation under certified requirements; not global optimum."
resnext50,256,1,1,16 × 16,rotation_and_reflection,355520,475136.0,445440.0,89920.0,20.186781609195403,119616.0,25.17510775862069,validated_reflection,/home/yj3616/workspace/phd-research/research-notes/max-resource-sweep-20260928/reflection-sweep-20261001/cases/ch1/c256-k1/resnext50/1fb354ebbfb7eeca7831/design.json,aae5b8c37cd39655ba7afced47b2fa66c9926d702a3933a918c5447f9635fa23,"Three-start orientation coordinate search, at most eight passes per start; exact template sizing for each orientation under certified requirements; not global optimum."
resnext50,512,16,1,16 × 32,rotation_and_reflection,,,,,,,,not_computed,,,
resnext50,512,4,1,16 × 32,rotation_and_reflection,,,,,,,,not_computed,,,
resnext50,512,1,1,16 × 32,rotation_and_reflection,654560,1048576.0,999424.0,344864.0,34.506275614754095,394016.0,37.5762939453125,validated_reflection,/home/yj3616/workspace/phd-research/research-notes/max-resource-sweep-20260928/reflection-sweep-20261001/cases/ch1/c512-k1/resnext50/426587f1cbe0e5a6e290/design.json,e6534b473b1737abd05b9297911ab90b60d1704bd8524b4859ab29624067455e,"Three-start orientation coordinate search, at most eight passes per start; exact template sizing for each orientation under certified requirements; not global optimum."
resnext50,1024,16,1,32 × 32,rotation_and_reflection,,,,,,,,not_computed,,,
resnext50,1024,4,1,32 × 32,rotation_and_reflection,,,,,,,,not_computed,,,
resnext50,1024,1,1,32 × 32,rotation_and_reflection,1419104,2097152.0,2031616.0,612512.0,30.149004536290324,678048.0,32.33184814453125,validated_reflection,/home/yj3616/workspace/phd-research/research-notes/max-resource-sweep-20260928/reflection-sweep-20261001/cases/ch1/c1024-k1/resnext50/6a1a9f6c781671bea041/design.json,5dd584d020a1eced7c30455bd80a8f317a18c5f4984cc6d2a76a0bde0cd8b297,"Three-start orientation coordinate search, at most eight passes per start; exact template sizing for each orientation under certified requirements; not global optimum."
resnet152,4,16,1,2 × 2,rotation_and_reflection,4096,8192.0,4096.0,0.0,0.0,4096.0,50.0,validated_reflection,/home/yj3616/workspace/phd-research/research-notes/max-resource-sweep-20260928/reflection-sweep-20261001/cases/ch1/c4-k16/resnet152/a54b997df5e5072ab861/design.json,a0e629f90ee30a09792aeb0a5ac25f795a4aa8f879c03478806d3ea3d9e9829c,Exact enumeration of 16 legal rotation/reflection assignments for fixed mappings and certified channel requirements.
resnet152,4,4,1,2 × 2,rotation_and_reflection,2816,5632.0,2816.0,0.0,0.0,2816.0,50.0,validated_reflection,/home/yj3616/workspace/phd-research/research-notes/max-resource-sweep-20260928/reflection-sweep-20261001/cases/ch1/c4-k4/resnet152/4946cbdb84c4d2ce3977/design.json,132120595e5b00bb0f1ce1872dcec3f1b19379c46aba260c7029da42475552d8,Exact enumeration of 16 legal rotation/reflection assignments for fixed mappings and certified channel requirements.
resnet152,4,1,1,2 × 2,rotation_and_reflection,2048,4096.0,2048.0,0.0,0.0,2048.0,50.0,validated_reflection,/home/yj3616/workspace/phd-research/research-notes/max-resource-sweep-20260928/reflection-sweep-20261001/cases/ch1/c4-k1/resnet152/87783564dde48bf56c1d/design.json,234b1d0bddccda4c4ed378c4cbcafaec7a24eb6cd2572bcbb5ae2398fce6ebf2,Exact enumeration of 16 legal rotation/reflection assignments for fixed mappings and certified channel requirements.
resnet152,8,16,1,2 × 4,rotation_and_reflection,8704,16384.0,10240.0,1536.0,15.0,7680.0,46.875,validated_reflection,/home/yj3616/workspace/phd-research/research-notes/max-resource-sweep-20260928/reflection-sweep-20261001/cases/ch1/c8-k16/resnet152/b03f545d8ecf7e97cdba/design.json,dd479914e8cb82a47a7d5fec468294a85090112da44a1425349683b1811ebbf5,"Three-start orientation coordinate search, at most eight passes per start; exact template sizing for each orientation under certified requirements; not global optimum."
resnet152,8,4,1,2 × 4,rotation_and_reflection,7232,16384.0,10240.0,3008.0,29.375,9152.0,55.859375,validated_reflection,/home/yj3616/workspace/phd-research/research-notes/max-resource-sweep-20260928/reflection-sweep-20261001/cases/ch1/c8-k4/resnet152/a38228348b87a65f5d11/design.json,7bc84c10b1d501765112ed821f62ef0437c535785bd6ee6939cb87aab33e7f23,"Three-start orientation coordinate search, at most eight passes per start; exact template sizing for each orientation under certified requirements; not global optimum."
resnet152,8,1,1,2 × 4,rotation_and_reflection,7168,16384.0,10240.0,3072.0,30.0,9216.0,56.25,validated_reflection,/home/yj3616/workspace/phd-research/research-notes/max-resource-sweep-20260928/reflection-sweep-20261001/cases/ch1/c8-k1/resnet152/3de6b5c73985473dc1d5/design.json,8f2b36a2edd37ce4518f6a9af48623de6fab08610e90d5f0c6d6eeb8a4dc6d90,"Three-start orientation coordinate search, at most eight passes per start; exact template sizing for each orientation under certified requirements; not global optimum."
resnet152,16,16,1,4 × 4,rotation_and_reflection,22912,32768.0,24576.0,1664.0,6.770833333333333,9856.0,30.078125,validated_reflection,/home/yj3616/workspace/phd-research/research-notes/max-resource-sweep-20260928/reflection-sweep-20261001/cases/ch1/c16-k16/resnet152/2c7854eaf04e438b06c1/design.json,e037f5b322bb9cd7854413821d8c2e05e29a012170703b1c52053be36a381f34,"Three-start orientation coordinate search, at most eight passes per start; exact template sizing for each orientation under certified requirements; not global optimum."
resnet152,16,4,1,4 × 4,rotation_and_reflection,19648,29696.0,22272.0,2624.0,11.781609195402298,10048.0,33.83620689655172,validated_reflection,/home/yj3616/workspace/phd-research/research-notes/max-resource-sweep-20260928/reflection-sweep-20261001/cases/ch1/c16-k4/resnet152/490ca8a8ef7c4ae75784/design.json,f54984f7b204a1c96a08328070c3ef3cfd0fb8d80c4844aaa708659ea350a4d3,"Three-start orientation coordinate search, at most eight passes per start; exact template sizing for each orientation under certified requirements; not global optimum."
resnet152,16,1,1,4 × 4,rotation_and_reflection,13056,25600.0,19200.0,6144.0,32.0,12544.0,49.0,validated_reflection,/home/yj3616/workspace/phd-research/research-notes/max-resource-sweep-20260928/reflection-sweep-20261001/cases/ch1/c16-k1/resnet152/ccb2e28994af6975123b/design.json,fcc370735923ae89ad9ce26f60c4bfdd4fad5fbbda5ffebb8a1ccbcf934953a1,"Three-start orientation coordinate search, at most eight passes per start; exact template sizing for each orientation under certified requirements; not global optimum."
resnet152,32,16,1,4 × 8,rotation_and_reflection,46464,65536.0,53248.0,6784.0,12.740384615384615,19072.0,29.1015625,validated_reflection,/home/yj3616/workspace/phd-research/research-notes/max-resource-sweep-20260928/reflection-sweep-20261001/cases/ch1/c32-k16/resnet152/9de68e6c1fe1b520ff74/design.json,ca713b13fd0f4e87b80d61dbb57a6b9ca6ee4ba94cbc163f40d1c9a28948874e,"Three-start orientation coordinate search, at most eight passes per start; exact template sizing for each orientation under certified requirements; not global optimum."
resnet152,32,4,1,4 × 8,rotation_and_reflection,45216,65536.0,53248.0,8032.0,15.084134615384615,20320.0,31.005859375,validated_reflection,/home/yj3616/workspace/phd-research/research-notes/max-resource-sweep-20260928/reflection-sweep-20261001/cases/ch1/c32-k4/resnet152/020e8e4023ad571607f4/design.json,062b325cea253b0c628a78b149879487225bdc9751b835f8f0505b694b7355a4,"Three-start orientation coordinate search, at most eight passes per start; exact template sizing for each orientation under certified requirements; not global optimum."
resnet152,32,1,1,4 × 8,rotation_and_reflection,43040,65536.0,53248.0,10208.0,19.170673076923077,22496.0,34.326171875,validated_reflection,/home/yj3616/workspace/phd-research/research-notes/max-resource-sweep-20260928/reflection-sweep-20261001/cases/ch1/c32-k1/resnet152/54937d9cf94028bd386c/design.json,cd57acb02fdf75d2ff8c255d63fd44438c66127d1312831ac6c7a74d787f999f,"Three-start orientation coordinate search, at most eight passes per start; exact template sizing for each orientation under certified requirements; not global optimum."
resnet152,64,16,1,8 × 8,rotation_and_reflection,113088,131072.0,114688.0,1600.0,1.3950892857142858,17984.0,13.720703125,validated_reflection,/home/yj3616/workspace/phd-research/research-notes/max-resource-sweep-20260928/reflection-sweep-20261001/cases/ch1/c64-k16/resnet152/28de6194cd22c70cc4c2/design.json,ee15934680247f6d2fcdf8ec08b54bd62c882836f63872f60be2d638b95dcd40,"Three-start orientation coordinate search, at most eight passes per start; exact template sizing for each orientation under certified requirements; not global optimum."
resnet152,64,4,1,8 × 8,rotation_and_reflection,109056,131072.0,114688.0,5632.0,4.910714285714286,22016.0,16.796875,validated_reflection,/home/yj3616/workspace/phd-research/research-notes/max-resource-sweep-20260928/reflection-sweep-20261001/cases/ch1/c64-k4/resnet152/4da841815bef5c9bf7a4/design.json,8be0a463f9c0387bbe66e0085d02c1f645ac15086e642d742889502b415948af,"Three-start orientation coordinate search, at most eight passes per start; exact template sizing for each orientation under certified requirements; not global optimum."
resnet152,64,1,1,8 × 8,rotation_and_reflection,75584,118784.0,103936.0,28352.0,27.278325123152708,43200.0,36.36853448275862,validated_reflection,/home/yj3616/workspace/phd-research/research-notes/max-resource-sweep-20260928/reflection-sweep-20261001/cases/ch1/c64-k1/resnet152/1178e1143cb0947dac91/design.json,15830f16215608db9ff66a9890f5505c526ff73fcf3e1cfbb5266413c20c4589,"Three-start orientation coordinate search, at most eight passes per start; exact template sizing for each orientation under certified requirements; not global optimum."
resnet152,128,16,1,8 × 16,rotation_and_reflection,,,,,,,,not_computed,,,
resnet152,128,4,1,8 × 16,rotation_and_reflection,186656,262144.0,237568.0,50912.0,21.43049568965517,75488.0,28.79638671875,validated_reflection,/home/yj3616/workspace/phd-research/research-notes/max-resource-sweep-20260928/reflection-sweep-20261001/cases/ch1/c128-k4/resnet152/fcc95f8ecd8bee7f3978/design.json,6305604d804b6c4b0d262d4b7c4a1ad61afdaab018b1ed6ca02a2489fd1d9ee9,"Three-start orientation coordinate search, at most eight passes per start; exact template sizing for each orientation under certified requirements; not global optimum."
resnet152,128,1,1,8 × 16,rotation_and_reflection,179712,262144.0,237568.0,57856.0,24.353448275862068,82432.0,31.4453125,validated_reflection,/home/yj3616/workspace/phd-research/research-notes/max-resource-sweep-20260928/reflection-sweep-20261001/cases/ch1/c128-k1/resnet152/a2e30098b969b83e32fb/design.json,142fa3606aab98716820872903286e37fa47c05b35503ae892a5585d6dfcb01a,"Three-start orientation coordinate search, at most eight passes per start; exact template sizing for each orientation under certified requirements; not global optimum."
resnet152,256,16,1,16 × 16,rotation_and_reflection,,,,,,,,not_computed,,,
resnet152,256,4,1,16 × 16,rotation_and_reflection,388768,524288.0,491520.0,102752.0,20.904947916666668,135520.0,25.848388671875,validated_reflection,/home/yj3616/workspace/phd-research/research-notes/max-resource-sweep-20260928/reflection-sweep-20261001/cases/ch1/c256-k4/resnet152/e87013f8127701b4552c/design.json,203460e208cd2575436aec6ea42df16a22ab1bba73a5f817d631e486e102ee36,"Three-start orientation coordinate search, at most eight passes per start; exact template sizing for each orientation under certified requirements; not global optimum."
resnet152,256,1,1,16 × 16,rotation_and_reflection,355520,475136.0,445440.0,89920.0,20.186781609195403,119616.0,25.17510775862069,validated_reflection,/home/yj3616/workspace/phd-research/research-notes/max-resource-sweep-20260928/reflection-sweep-20261001/cases/ch1/c256-k1/resnet152/e546dff7295a86721320/design.json,3503ee5da7bd7e624741685c1e24f36c972dd24fda645f3d061c5227b55b29e1,"Three-start orientation coordinate search, at most eight passes per start; exact template sizing for each orientation under certified requirements; not global optimum."
resnet152,512,16,1,16 × 32,rotation_and_reflection,,,,,,,,not_computed,,,
resnet152,512,4,1,16 × 32,rotation_and_reflection,,,,,,,,not_computed,,,
resnet152,512,1,1,16 × 32,rotation_and_reflection,655136,1048576.0,999424.0,344288.0,34.44864241803279,393440.0,37.5213623046875,validated_reflection,/home/yj3616/workspace/phd-research/research-notes/max-resource-sweep-20260928/reflection-sweep-20261001/cases/ch1/c512-k1/resnet152/d9f530165c889c3b55fc/design.json,53a4b4b7e82454c22a2695c42d7c5fb4c133c223b485e8847fe736652f9e2ef6,"Three-start orientation coordinate search, at most eight passes per start; exact template sizing for each orientation under certified requirements; not global optimum."
resnet152,1024,16,1,32 × 32,rotation_and_reflection,,,,,,,,not_computed,,,
resnet152,1024,4,1,32 × 32,rotation_and_reflection,,,,,,,,not_computed,,,
resnet152,1024,1,1,32 × 32,rotation_and_reflection,1383104,2097152.0,2031616.0,648512.0,31.920992943548388,714048.0,34.0484619140625,validated_reflection,/home/yj3616/workspace/phd-research/research-notes/max-resource-sweep-20260928/reflection-sweep-20261001/cases/ch1/c1024-k1/resnet152/67ca69596b7f3fea2518/design.json,1f8a73183c2e13936c278b7f1a764b4b25d8f3d1682f1983e92a34d99a4ade39,"Three-start orientation coordinate search, at most eight passes per start; exact template sizing for each orientation under certified requirements; not global optimum."
bert_block,4,16,1,2 × 2,rotation_and_reflection,3584,8192.0,4096.0,512.0,12.5,4608.0,56.25,validated_reflection,/home/yj3616/workspace/phd-research/research-notes/max-resource-sweep-20260928/reflection-sweep-20261001/cases/ch1/c4-k16/bert_block/1591c8abd8bb3434e5ea/design.json,9fdc7db23cbbe29a7f96e60c8a9959256e69db8edc204af7b61e4f5fc5503671,Exact enumeration of 16 legal rotation/reflection assignments for fixed mappings and certified channel requirements.
bert_block,4,4,1,2 × 2,rotation_and_reflection,1536,4096.0,2048.0,512.0,25.0,2560.0,62.5,validated_reflection,/home/yj3616/workspace/phd-research/research-notes/max-resource-sweep-20260928/reflection-sweep-20261001/cases/ch1/c4-k4/bert_block/038269ca4b2646ae150e/design.json,1a4d824235fcdb9371c39a1d68d1e199d4eee1ba579038de4d74a8dbd7f6916f,Exact enumeration of 16 legal rotation/reflection assignments for fixed mappings and certified channel requirements.
bert_block,4,1,1,2 × 2,rotation_and_reflection,384,1024.0,512.0,128.0,25.0,640.0,62.5,validated_reflection,/home/yj3616/workspace/phd-research/research-notes/max-resource-sweep-20260928/reflection-sweep-20261001/cases/ch1/c4-k1/bert_block/6ed7f2b2f72648fd6ed3/design.json,80ec434487addab965c7b3325e36c0e5fed0c753241c63a34c3efed2cf117e8a,Exact enumeration of 16 legal rotation/reflection assignments for fixed mappings and certified channel requirements.
bert_block,8,16,1,2 × 4,rotation_and_reflection,8704,16384.0,10240.0,1536.0,15.0,7680.0,46.875,validated_reflection,/home/yj3616/workspace/phd-research/research-notes/max-resource-sweep-20260928/reflection-sweep-20261001/cases/ch1/c8-k16/bert_block/35f3e71f6b5875082226/design.json,3a4427a1d3ede7dd35a62d4e1e55f98b7e34c646b2f30ccc77a852908b6bb1e2,"Three-start orientation coordinate search, at most eight passes per start; exact template sizing for each orientation under certified requirements; not global optimum."
bert_block,8,4,1,2 × 4,rotation_and_reflection,4608,8192.0,5120.0,512.0,10.0,3584.0,43.75,validated_reflection,/home/yj3616/workspace/phd-research/research-notes/max-resource-sweep-20260928/reflection-sweep-20261001/cases/ch1/c8-k4/bert_block/827a1fdb624e2f6aef10/design.json,7cc2f9586e7fdbc2f846dfc546939e57451ace28a0537e5e6cbd30dfb25a8887,"Three-start orientation coordinate search, at most eight passes per start; exact template sizing for each orientation under certified requirements; not global optimum."
bert_block,8,1,1,2 × 4,rotation_and_reflection,1152,2048.0,1280.0,128.0,10.0,896.0,43.75,validated_reflection,/home/yj3616/workspace/phd-research/research-notes/max-resource-sweep-20260928/reflection-sweep-20261001/cases/ch1/c8-k1/bert_block/0cd318d722e67caaa616/design.json,45aea3af18fe82ccb0685c954cd3021b94618671f69381e2e1440af0b3dd55e3,"Three-start orientation coordinate search, at most eight passes per start; exact template sizing for each orientation under certified requirements; not global optimum."
bert_block,16,16,1,4 × 4,rotation_and_reflection,21056,32768.0,24576.0,3520.0,14.322916666666666,11712.0,35.7421875,validated_reflection,/home/yj3616/workspace/phd-research/research-notes/max-resource-sweep-20260928/reflection-sweep-20261001/cases/ch1/c16-k16/bert_block/5345cb3975ed905cef79/design.json,c4de9c5a47c16b9d959307dddc5ef0da8c964956902df906414b6fee2a67712b,"Three-start orientation coordinate search, at most eight passes per start; exact template sizing for each orientation under certified requirements; not global optimum."
bert_block,16,4,1,4 × 4,rotation_and_reflection,17152,28672.0,21504.0,4352.0,20.238095238095237,11520.0,40.17857142857143,validated_reflection,/home/yj3616/workspace/phd-research/research-notes/max-resource-sweep-20260928/reflection-sweep-20261001/cases/ch1/c16-k4/bert_block/24d298bc3987aa1b82df/design.json,6a6bf6fb41079018f95f20b304d5a2fffbb624be1eedfb28f07f97b77b3683af,"Three-start orientation coordinate search, at most eight passes per start; exact template sizing for each orientation under certified requirements; not global optimum."
bert_block,16,1,1,4 × 4,rotation_and_reflection,5248,8192.0,6144.0,896.0,14.583333333333334,2944.0,35.9375,validated_reflection,/home/yj3616/workspace/phd-research/research-notes/max-resource-sweep-20260928/reflection-sweep-20261001/cases/ch1/c16-k1/bert_block/f0bfb3166c91c244536a/design.json,2705f8f9db5fea8ffe3651682b5864031577b9fb7af13d7956ca9e718f2052df,"Three-start orientation coordinate search, at most eight passes per start; exact template sizing for each orientation under certified requirements; not global optimum."
bert_block,32,16,1,4 × 8,rotation_and_reflection,45376,65536.0,53248.0,7872.0,14.783653846153847,20160.0,30.76171875,validated_reflection,/home/yj3616/workspace/phd-research/research-notes/max-resource-sweep-20260928/reflection-sweep-20261001/cases/ch1/c32-k16/bert_block/73bf26586bd075bfc275/design.json,515dc8516a48f5467ece6150d136f6ef5b0f2a5e8eb35c83208f2ab5d3be6090,"Three-start orientation coordinate search, at most eight passes per start; exact template sizing for each orientation under certified requirements; not global optimum."
bert_block,32,4,1,4 × 8,rotation_and_reflection,33120,51200.0,41600.0,8480.0,20.384615384615383,18080.0,35.3125,validated_reflection,/home/yj3616/workspace/phd-research/research-notes/max-resource-sweep-20260928/reflection-sweep-20261001/cases/ch1/c32-k4/bert_block/e0caa89a02c4d54fb821/design.json,387495ce54ed42381e537bb9f53e5f8c7c93e65d15bd0932f16d611944a39ef9,"Three-start orientation coordinate search, at most eight passes per start; exact template sizing for each orientation under certified requirements; not global optimum."
bert_block,32,1,1,4 × 8,rotation_and_reflection,13056,16384.0,13312.0,256.0,1.9230769230769231,3328.0,20.3125,validated_reflection,/home/yj3616/workspace/phd-research/research-notes/max-resource-sweep-20260928/reflection-sweep-20261001/cases/ch1/c32-k1/bert_block/44ad6027b3266dbf434f/design.json,0e1c7fae3e07cf31d305e1b5b4bad9404fae91cfd6e1158735626c803f273361,"Three-start orientation coordinate search, at most eight passes per start; exact template sizing for each orientation under certified requirements; not global optimum."
bert_block,64,16,1,8 × 8,rotation_and_reflection,102560,131072.0,114688.0,12128.0,10.574776785714286,28512.0,21.7529296875,validated_reflection,/home/yj3616/workspace/phd-research/research-notes/max-resource-sweep-20260928/reflection-sweep-20261001/cases/ch1/c64-k16/bert_block/9deb61b4c1df76be45f1/design.json,a3bbbf979c2ff08329b07f26e33c23253eed9fa619d3a1d267dd47549216e76e,"Three-start orientation coordinate search, at most eight passes per start; exact template sizing for each orientation under certified requirements; not global optimum."
bert_block,64,4,1,8 × 8,rotation_and_reflection,93568,131072.0,114688.0,21120.0,18.415178571428573,37504.0,28.61328125,validated_reflection,/home/yj3616/workspace/phd-research/research-notes/max-resource-sweep-20260928/reflection-sweep-20261001/cases/ch1/c64-k4/bert_block/0632d5e9e8ccdde8e35b/design.json,5aad048268c82934b7cbd9bb95df50e26d319d61f6ca61f8d1bcfdc946473c45,"Three-start orientation coordinate search, at most eight passes per start; exact template sizing for each orientation under certified requirements; not global optimum."
bert_block,64,1,1,8 × 8,rotation_and_reflection,43200,61440.0,53760.0,10560.0,19.642857142857142,18240.0,29.6875,validated_reflection,/home/yj3616/workspace/phd-research/research-notes/max-resource-sweep-20260928/reflection-sweep-20261001/cases/ch1/c64-k1/bert_block/96d0e80e0e3b487378f3/design.json,6d3c041a40505217f2eadcb6d7edb56281fa8407b6da303cc0737c416e899f94,"Three-start orientation coordinate search, at most eight passes per start; exact template sizing for each orientation under certified requirements; not global optimum."
bert_block,128,16,1,8 × 16,rotation_and_reflection,,,,,,,,not_computed,,,
bert_block,128,4,1,8 × 16,rotation_and_reflection,177088,262144.0,237568.0,60480.0,25.457974137931036,85056.0,32.4462890625,validated_reflection,/home/yj3616/workspace/phd-research/research-notes/max-resource-sweep-20260928/reflection-sweep-20261001/cases/ch1/c128-k4/bert_block/aa2cd62fb3bd8bd77bff/design.json,6414f5e1cdea424c2542205fac8b6810da2788b32056e128b05ce96fd05cf252,"Three-start orientation coordinate search, at most eight passes per start; exact template sizing for each orientation under certified requirements; not global optimum."
bert_block,128,1,1,8 × 16,rotation_and_reflection,78656,106496.0,96512.0,17856.0,18.50132625994695,27840.0,26.141826923076923,validated_reflection,/home/yj3616/workspace/phd-research/research-notes/max-resource-sweep-20260928/reflection-sweep-20261001/cases/ch1/c128-k1/bert_block/9948623f70f3ec8ac461/design.json,35766c8c824c900df41622e48cbf192c770580dd61a37c025275310d6cdf5406,"Three-start orientation coordinate search, at most eight passes per start; exact template sizing for each orientation under certified requirements; not global optimum."
bert_block,256,16,1,16 × 16,rotation_and_reflection,,,,,,,,not_computed,,,
bert_block,256,4,1,16 × 16,rotation_and_reflection,425824,524288.0,491520.0,65696.0,13.365885416666666,98464.0,18.780517578125,validated_reflection,/home/yj3616/workspace/phd-research/research-notes/max-resource-sweep-20260928/reflection-sweep-20261001/cases/ch1/c256-k4/bert_block/5b1e1305b8fc8e6f1122/design.json,26dbb2dec9ed3fe48c55943fe7f6763cf7b25d150487528a16ae083cc45ad18d,"Three-start orientation coordinate search, at most eight passes per start; exact template sizing for each orientation under certified requirements; not global optimum."
bert_block,256,1,1,16 × 16,rotation_and_reflection,221696,294912.0,276480.0,54784.0,19.814814814814813,73216.0,24.82638888888889,validated_reflection,/home/yj3616/workspace/phd-research/research-notes/max-resource-sweep-20260928/reflection-sweep-20261001/cases/ch1/c256-k1/bert_block/805b563417472ab2b949/design.json,8bf6177ae8fe80be24401e48a68fed5771e79fd1953ef25de6ad0208c66c83d5,"Three-start orientation coordinate search, at most eight passes per start; exact template sizing for each orientation under certified requirements; not global optimum."
bert_block,512,16,1,16 × 32,rotation_and_reflection,,,,,,,,not_computed,,,
bert_block,512,4,1,16 × 32,rotation_and_reflection,,,,,,,,not_computed,,,
bert_block,512,1,1,16 × 32,rotation_and_reflection,639104,1015808.0,968192.0,329088.0,33.98995240613432,376704.0,37.084173387096776,validated_reflection,/home/yj3616/workspace/phd-research/research-notes/max-resource-sweep-20260928/reflection-sweep-20261001/cases/ch1/c512-k1/bert_block/55f000dc202be7256f95/design.json,6e6a1d136ac4e38a57958ba09a48538c401e2bf3e1a859beb5803fbdd0c6e510,"Three-start orientation coordinate search, at most eight passes per start; exact template sizing for each orientation under certified requirements; not global optimum."
bert_block,1024,16,1,32 × 32,rotation_and_reflection,,,,,,,,not_computed,,,
bert_block,1024,4,1,32 × 32,rotation_and_reflection,,,,,,,,not_computed,,,
bert_block,1024,1,1,32 × 32,rotation_and_reflection,1392128,2031616.0,1968128.0,576000.0,29.266389177939647,639488.0,31.476814516129032,validated_reflection,/home/yj3616/workspace/phd-research/research-notes/max-resource-sweep-20260928/reflection-sweep-20261001/cases/ch1/c1024-k1/bert_block/ae950943bfd55ce3ff54/design.json,4c3f4ddc0698bce15826c113eeff99f7fdf3bcc203e9f23006495787328ca380,"Three-start orientation coordinate search, at most eight passes per start; exact template sizing for each orientation under certified requirements; not global optimum."
gpt_prefill_block,4,16,1,2 × 2,rotation_and_reflection,3584,8192.0,4096.0,512.0,12.5,4608.0,56.25,validated_reflection,/home/yj3616/workspace/phd-research/research-notes/max-resource-sweep-20260928/reflection-sweep-20261001/cases/ch1/c4-k16/gpt_prefill_block/fc73bec27272968ca6ec/design.json,91528a0e8c51ea5072ba06a75de8e719b4b07067f14ed0aad73fe0486d467ec2,Exact enumeration of 16 legal rotation/reflection assignments for fixed mappings and certified channel requirements.
gpt_prefill_block,4,4,1,2 × 2,rotation_and_reflection,1536,4096.0,2048.0,512.0,25.0,2560.0,62.5,validated_reflection,/home/yj3616/workspace/phd-research/research-notes/max-resource-sweep-20260928/reflection-sweep-20261001/cases/ch1/c4-k4/gpt_prefill_block/326d5b11c217eaa09331/design.json,26f5178ac58190b7ffd941a4f753673c1fa208e600692e08ae1e534e5f6c6ffa,Exact enumeration of 16 legal rotation/reflection assignments for fixed mappings and certified channel requirements.
gpt_prefill_block,4,1,1,2 × 2,rotation_and_reflection,384,1024.0,512.0,128.0,25.0,640.0,62.5,validated_reflection,/home/yj3616/workspace/phd-research/research-notes/max-resource-sweep-20260928/reflection-sweep-20261001/cases/ch1/c4-k1/gpt_prefill_block/9d39324501697633131f/design.json,adf62d1c96e4ee5990168280e179ab3caf59a8b696900dff99d1d860b03fdf5a,Exact enumeration of 16 legal rotation/reflection assignments for fixed mappings and certified channel requirements.
gpt_prefill_block,8,16,1,2 × 4,rotation_and_reflection,8704,16384.0,10240.0,1536.0,15.0,7680.0,46.875,validated_reflection,/home/yj3616/workspace/phd-research/research-notes/max-resource-sweep-20260928/reflection-sweep-20261001/cases/ch1/c8-k16/gpt_prefill_block/5a8ee8ecb7f3ac748b56/design.json,afc30c933501a1f0dfe06a9870c44c9187535e0a1f0f5433229ebef944a604b0,"Three-start orientation coordinate search, at most eight passes per start; exact template sizing for each orientation under certified requirements; not global optimum."
gpt_prefill_block,8,4,1,2 × 4,rotation_and_reflection,4608,8192.0,5120.0,512.0,10.0,3584.0,43.75,validated_reflection,/home/yj3616/workspace/phd-research/research-notes/max-resource-sweep-20260928/reflection-sweep-20261001/cases/ch1/c8-k4/gpt_prefill_block/a945e60c3885fa6b0441/design.json,9c04d4228c13fc9f711d6dbf0c6ebef01d5eb3ee978b4aad19f85afb712dbea2,"Three-start orientation coordinate search, at most eight passes per start; exact template sizing for each orientation under certified requirements; not global optimum."
gpt_prefill_block,8,1,1,2 × 4,rotation_and_reflection,1152,2048.0,1280.0,128.0,10.0,896.0,43.75,validated_reflection,/home/yj3616/workspace/phd-research/research-notes/max-resource-sweep-20260928/reflection-sweep-20261001/cases/ch1/c8-k1/gpt_prefill_block/a6f8fbb29d51ff3f087b/design.json,8d436cd72a8e20ffc4c640f2fbee5ba7d7a127a21eab96e4b2c3aab50983d725,"Three-start orientation coordinate search, at most eight passes per start; exact template sizing for each orientation under certified requirements; not global optimum."
gpt_prefill_block,16,16,1,4 × 4,rotation_and_reflection,21120,32768.0,24576.0,3456.0,14.0625,11648.0,35.546875,validated_reflection,/home/yj3616/workspace/phd-research/research-notes/max-resource-sweep-20260928/reflection-sweep-20261001/cases/ch1/c16-k16/gpt_prefill_block/603b60b2ae4ffc9018c2/design.json,7299f71e80e622df4ea4544032f976af72d6e9ec97d2c87331415097c5443f88,"Three-start orientation coordinate search, at most eight passes per start; exact template sizing for each orientation under certified requirements; not global optimum."
gpt_prefill_block,16,4,1,4 × 4,rotation_and_reflection,17248,28672.0,21504.0,4256.0,19.791666666666668,11424.0,39.84375,validated_reflection,/home/yj3616/workspace/phd-research/research-notes/max-resource-sweep-20260928/reflection-sweep-20261001/cases/ch1/c16-k4/gpt_prefill_block/e67fe34a78603d2ff5a8/design.json,6dd84745db8fb24312d7661feff7a331d888b5778646168a679c3a5a516bd5af,"Three-start orientation coordinate search, at most eight passes per start; exact template sizing for each orientation under certified requirements; not global optimum."
gpt_prefill_block,16,1,1,4 × 4,rotation_and_reflection,5248,8192.0,6144.0,896.0,14.583333333333334,2944.0,35.9375,validated_reflection,/home/yj3616/workspace/phd-research/research-notes/max-resource-sweep-20260928/reflection-sweep-20261001/cases/ch1/c16-k1/gpt_prefill_block/78591591ecf1d4569a4e/design.json,88ae106f9557bc189b6789f37393903bda3cb343f9012eb54c6f441b2d4afbb7,"Three-start orientation coordinate search, at most eight passes per start; exact template sizing for each orientation under certified requirements; not global optimum."
gpt_prefill_block,32,16,1,4 × 8,rotation_and_reflection,44256,65536.0,53248.0,8992.0,16.88701923076923,21280.0,32.470703125,validated_reflection,/home/yj3616/workspace/phd-research/research-notes/max-resource-sweep-20260928/reflection-sweep-20261001/cases/ch1/c32-k16/gpt_prefill_block/9d7802d1a7e4118b0b73/design.json,4a3375cf34c45bf2f29c536caeb907054db44d25dc6889cec35ceda3dacbcd3b,"Three-start orientation coordinate search, at most eight passes per start; exact template sizing for each orientation under certified requirements; not global optimum."
gpt_prefill_block,32,4,1,4 × 8,rotation_and_reflection,41600,65536.0,53248.0,11648.0,21.875,23936.0,36.5234375,validated_reflection,/home/yj3616/workspace/phd-research/research-notes/max-resource-sweep-20260928/reflection-sweep-20261001/cases/ch1/c32-k4/gpt_prefill_block/05993c71b75e0c06f902/design.json,6a39018e25355eda7553c9d07dade726b9ed571f42f79db740caa7165644243e,"Three-start orientation coordinate search, at most eight passes per start; exact template sizing for each orientation under certified requirements; not global optimum."
gpt_prefill_block,32,1,1,4 × 8,rotation_and_reflection,13088,16384.0,13312.0,224.0,1.6826923076923077,3296.0,20.1171875,validated_reflection,/home/yj3616/workspace/phd-research/research-notes/max-resource-sweep-20260928/reflection-sweep-20261001/cases/ch1/c32-k1/gpt_prefill_block/ea59b356063a9e7ffc2d/design.json,b46d2b8c9fa7f4975563c034283e79047024322be7c576371b8b5870835d13b5,"Three-start orientation coordinate search, at most eight passes per start; exact template sizing for each orientation under certified requirements; not global optimum."
gpt_prefill_block,64,16,1,8 × 8,rotation_and_reflection,103456,131072.0,114688.0,11232.0,9.793526785714286,27616.0,21.0693359375,validated_reflection,/home/yj3616/workspace/phd-research/research-notes/max-resource-sweep-20260928/reflection-sweep-20261001/cases/ch1/c64-k16/gpt_prefill_block/17e39cde2333310d8686/design.json,c4c74ee3f465db1d837f58d68b84bc62833805431e667d6e57b7ab32442aecd1,"Three-start orientation coordinate search, at most eight passes per start; exact template sizing for each orientation under certified requirements; not global optimum."
gpt_prefill_block,64,4,1,8 × 8,rotation_and_reflection,93568,131072.0,114688.0,21120.0,18.415178571428573,37504.0,28.61328125,validated_reflection,/home/yj3616/workspace/phd-research/research-notes/max-resource-sweep-20260928/reflection-sweep-20261001/cases/ch1/c64-k4/gpt_prefill_block/d5556b56cae7335ee56a/design.json,8d988c233d1744a0a50f71528a6e891c21c87c4eca0c2da6972ca0dbb3994fd7,"Three-start orientation coordinate search, at most eight passes per start; exact template sizing for each orientation under certified requirements; not global optimum."
gpt_prefill_block,64,1,1,8 × 8,rotation_and_reflection,43200,61440.0,53760.0,10560.0,19.642857142857142,18240.0,29.6875,validated_reflection,/home/yj3616/workspace/phd-research/research-notes/max-resource-sweep-20260928/reflection-sweep-20261001/cases/ch1/c64-k1/gpt_prefill_block/a9a34184264a36555429/design.json,b9a399d344760111b9bbaf6b59dbcb3ca500b9f6e5e6357675bbf5f57ab9f64c,"Three-start orientation coordinate search, at most eight passes per start; exact template sizing for each orientation under certified requirements; not global optimum."
gpt_prefill_block,128,16,1,8 × 16,rotation_and_reflection,,,,,,,,not_computed,,,
gpt_prefill_block,128,4,1,8 × 16,rotation_and_reflection,179200,262144.0,237568.0,58368.0,24.56896551724138,82944.0,31.640625,validated_reflection,/home/yj3616/workspace/phd-research/research-notes/max-resource-sweep-20260928/reflection-sweep-20261001/cases/ch1/c128-k4/gpt_prefill_block/b25f19bbdaf58e693e54/design.json,5ef6078df809976a3f40203e8524d1c65e692689d04109b5a2b121e8d122efed,"Three-start orientation coordinate search, at most eight passes per start; exact template sizing for each orientation under certified requirements; not global optimum."
gpt_prefill_block,128,1,1,8 × 16,rotation_and_reflection,92864,131072.0,118784.0,25920.0,21.82112068965517,38208.0,29.150390625,validated_reflection,/home/yj3616/workspace/phd-research/research-notes/max-resource-sweep-20260928/reflection-sweep-20261001/cases/ch1/c128-k1/gpt_prefill_block/bd8e8c3797ba03673213/design.json,097d87436710e726ecc56833d0e4f7ef4fa327605e3d4668136447a2a2098e0f,"Three-start orientation coordinate search, at most eight passes per start; exact template sizing for each orientation under certified requirements; not global optimum."
gpt_prefill_block,256,16,1,16 × 16,rotation_and_reflection,,,,,,,,not_computed,,,
gpt_prefill_block,256,4,1,16 × 16,rotation_and_reflection,421664,524288.0,491520.0,69856.0,14.212239583333334,102624.0,19.573974609375,validated_reflection,/home/yj3616/workspace/phd-research/research-notes/max-resource-sweep-20260928/reflection-sweep-20261001/cases/ch1/c256-k4/gpt_prefill_block/25475547647c561a41d2/design.json,702aec9102d8c36df70d79546998bf3acec7182e44a6d5f4389d3810ca81f3f4,"Three-start orientation coordinate search, at most eight passes per start; exact template sizing for each orientation under certified requirements; not global optimum."
gpt_prefill_block,256,1,1,16 × 16,rotation_and_reflection,329664,507904.0,476160.0,146496.0,30.766129032258064,178240.0,35.093245967741936,validated_reflection,/home/yj3616/workspace/phd-research/research-notes/max-resource-sweep-20260928/reflection-sweep-20261001/cases/ch1/c256-k1/gpt_prefill_block/79ec449f4d260d1bd829/design.json,434bfcb808bb000ca6eec4a92db45e3b2aaa8feca7ed12d6b095ec6aaf7d0d27,"Three-start orientation coordinate search, at most eight passes per start; exact template sizing for each orientation under certified requirements; not global optimum."
gpt_prefill_block,512,16,1,16 × 32,rotation_and_reflection,,,,,,,,not_computed,,,
gpt_prefill_block,512,4,1,16 × 32,rotation_and_reflection,,,,,,,,not_computed,,,
gpt_prefill_block,512,1,1,16 × 32,rotation_and_reflection,641408,1015808.0,968192.0,326784.0,33.75198307773665,374400.0,36.857358870967744,validated_reflection,/home/yj3616/workspace/phd-research/research-notes/max-resource-sweep-20260928/reflection-sweep-20261001/cases/ch1/c512-k1/gpt_prefill_block/6724f0389a2039631e55/design.json,4e90ab13401d2d398cb200821c2442a8d7ad8cdde5566ff41acbb704f10dea72,"Three-start orientation coordinate search, at most eight passes per start; exact template sizing for each orientation under certified requirements; not global optimum."
gpt_prefill_block,1024,16,1,32 × 32,rotation_and_reflection,,,,,,,,not_computed,,,
gpt_prefill_block,1024,4,1,32 × 32,rotation_and_reflection,,,,,,,,not_computed,,,
gpt_prefill_block,1024,1,1,32 × 32,rotation_and_reflection,1597984,2097152.0,2031616.0,433632.0,21.344191028225808,499168.0,23.80218505859375,validated_reflection,/home/yj3616/workspace/phd-research/research-notes/max-resource-sweep-20260928/reflection-sweep-20261001/cases/ch1/c1024-k1/gpt_prefill_block/94ce5f9634a529adc89b/design.json,2190c86859c28e8dd6fe67a08a45fd8f82851cf957f421925fc96902ab1895db,"Three-start orientation coordinate search, at most eight passes per start; exact template sizing for each orientation under certified requirements; not global optimum."
gpt_decode_block,4,16,1,2 × 2,rotation_and_reflection,4096,8192.0,4096.0,0.0,0.0,4096.0,50.0,validated_reflection,/home/yj3616/workspace/phd-research/research-notes/max-resource-sweep-20260928/reflection-sweep-20261001/cases/ch1/c4-k16/gpt_decode_block/f7c4b7ceda818f29e9ef/design.json,6670cc2461b87e67613fb33b1cf4e360f688d89fb3e32ca73ca8ef83977c732e,Exact enumeration of 16 legal rotation/reflection assignments for fixed mappings and certified channel requirements.
gpt_decode_block,4,4,1,2 × 2,rotation_and_reflection,3840,8192.0,4096.0,256.0,6.25,4352.0,53.125,validated_reflection,/home/yj3616/workspace/phd-research/research-notes/max-resource-sweep-20260928/reflection-sweep-20261001/cases/ch1/c4-k4/gpt_decode_block/663c182dfa008d6cfa1d/design.json,6fda3f911cb38db5c02164828e8b5299714d06ac7cc395e161db2a8c73d52570,Exact enumeration of 16 legal rotation/reflection assignments for fixed mappings and certified channel requirements.
gpt_decode_block,4,1,1,2 × 2,rotation_and_reflection,2112,4352.0,2176.0,64.0,2.9411764705882355,2240.0,51.470588235294116,validated_reflection,/home/yj3616/workspace/phd-research/research-notes/max-resource-sweep-20260928/reflection-sweep-20261001/cases/ch1/c4-k1/gpt_decode_block/3b7e5d2b1ff2ba274672/design.json,2fffcea9bfd74eb7cf51faa0b735d45313ffaed1f707c8c2d10cfdac086cae0c,Exact enumeration of 16 legal rotation/reflection assignments for fixed mappings and certified channel requirements.
gpt_decode_block,8,16,1,2 × 4,rotation_and_reflection,8512,16384.0,10240.0,1728.0,16.875,7872.0,48.046875,validated_reflection,/home/yj3616/workspace/phd-research/research-notes/max-resource-sweep-20260928/reflection-sweep-20261001/cases/ch1/c8-k16/gpt_decode_block/82eb145bfd6841602bc9/design.json,26ce3dc3671c2d3da19185f6f22fe8c4149bb04528797b0e02cd0b4e8bf2dd7d,"Three-start orientation coordinate search, at most eight passes per start; exact template sizing for each orientation under certified requirements; not global optimum."
gpt_decode_block,8,4,1,2 × 4,rotation_and_reflection,8064,16384.0,10240.0,2176.0,21.25,8320.0,50.78125,validated_reflection,/home/yj3616/workspace/phd-research/research-notes/max-resource-sweep-20260928/reflection-sweep-20261001/cases/ch1/c8-k4/gpt_decode_block/98a694abfd6da5341ddb/design.json,f72d38c176cb0a9a13c1fcfcbf24eba63a544796abc8f3e01f37d352f86a8c67,"Three-start orientation coordinate search, at most eight passes per start; exact template sizing for each orientation under certified requirements; not global optimum."
gpt_decode_block,8,1,1,2 × 4,rotation_and_reflection,7296,16384.0,10240.0,2944.0,28.75,9088.0,55.46875,validated_reflection,/home/yj3616/workspace/phd-research/research-notes/max-resource-sweep-20260928/reflection-sweep-20261001/cases/ch1/c8-k1/gpt_decode_block/d9f798a3d2752f6eec12/design.json,e14f3da834a934edffadf3f8741d203fc30a4595b8f07e4699f521e85b80c991,"Three-start orientation coordinate search, at most eight passes per start; exact template sizing for each orientation under certified requirements; not global optimum."
gpt_decode_block,16,16,1,4 × 4,rotation_and_reflection,20768,32768.0,24576.0,3808.0,15.494791666666666,12000.0,36.62109375,validated_reflection,/home/yj3616/workspace/phd-research/research-notes/max-resource-sweep-20260928/reflection-sweep-20261001/cases/ch1/c16-k16/gpt_decode_block/81e572908ceb248e1586/design.json,a1b5811aed1d37362b051ae5b237483cdfd3af46666f14ab67433c323bd30b48,"Three-start orientation coordinate search, at most eight passes per start; exact template sizing for each orientation under certified requirements; not global optimum."
gpt_decode_block,16,4,1,4 × 4,rotation_and_reflection,19328,31744.0,23808.0,4480.0,18.817204301075268,12416.0,39.11290322580645,validated_reflection,/home/yj3616/workspace/phd-research/research-notes/max-resource-sweep-20260928/reflection-sweep-20261001/cases/ch1/c16-k4/gpt_decode_block/10b89fceedf37a32c2b5/design.json,28e7a98f0a97a342f1f056e8e1539180dffda0f886d11d58b864b81ac6e61816,"Three-start orientation coordinate search, at most eight passes per start; exact template sizing for each orientation under certified requirements; not global optimum."
gpt_decode_block,16,1,1,4 × 4,rotation_and_reflection,18656,32768.0,24576.0,5920.0,24.088541666666668,14112.0,43.06640625,validated_reflection,/home/yj3616/workspace/phd-research/research-notes/max-resource-sweep-20260928/reflection-sweep-20261001/cases/ch1/c16-k1/gpt_decode_block/8fcfa0dec402aedfd40b/design.json,a3a5aad84d148a51b9e6cf048b2f7137b82a2076d216b6610a354049bde29223,"Three-start orientation coordinate search, at most eight passes per start; exact template sizing for each orientation under certified requirements; not global optimum."
gpt_decode_block,32,16,1,4 × 8,rotation_and_reflection,44160,65536.0,53248.0,9088.0,17.067307692307693,21376.0,32.6171875,validated_reflection,/home/yj3616/workspace/phd-research/research-notes/max-resource-sweep-20260928/reflection-sweep-20261001/cases/ch1/c32-k16/gpt_decode_block/a23a192b06f8b59ba22e/design.json,ce745051c1192adbfc59ca66481948f592078fb8d3524f77f676ffc31e7eb756,"Three-start orientation coordinate search, at most eight passes per start; exact template sizing for each orientation under certified requirements; not global optimum."
gpt_decode_block,32,4,1,4 × 8,rotation_and_reflection,43456,65536.0,53248.0,9792.0,18.389423076923077,22080.0,33.69140625,validated_reflection,/home/yj3616/workspace/phd-research/research-notes/max-resource-sweep-20260928/reflection-sweep-20261001/cases/ch1/c32-k4/gpt_decode_block/2cce9d66b1e5724427a7/design.json,5bac16386efc5334141fbd375c1fdf945fa3c8321f6bd70bc51ef28577dafc24,"Three-start orientation coordinate search, at most eight passes per start; exact template sizing for each orientation under certified requirements; not global optimum."
gpt_decode_block,32,1,1,4 × 8,rotation_and_reflection,44736,65536.0,53248.0,8512.0,15.985576923076923,20800.0,31.73828125,validated_reflection,/home/yj3616/workspace/phd-research/research-notes/max-resource-sweep-20260928/reflection-sweep-20261001/cases/ch1/c32-k1/gpt_decode_block/253b66b4de01f066832d/design.json,f8228bac2488e11e9b2537828c2b1a42e98a74348e3956b3d5233f3cd8ff400c,"Three-start orientation coordinate search, at most eight passes per start; exact template sizing for each orientation under certified requirements; not global optimum."
gpt_decode_block,64,16,1,8 × 8,rotation_and_reflection,89504,118784.0,103936.0,14432.0,13.885467980295566,29280.0,24.64978448275862,validated_reflection,/home/yj3616/workspace/phd-research/research-notes/max-resource-sweep-20260928/reflection-sweep-20261001/cases/ch1/c64-k16/gpt_decode_block/b69ec2d13a8f274d9b52/design.json,fc2a78ab7271201a96b2ff70685a900756377bbf6ca3870121b19845c7995a9b,"Three-start orientation coordinate search, at most eight passes per start; exact template sizing for each orientation under certified requirements; not global optimum."
gpt_decode_block,64,4,1,8 × 8,rotation_and_reflection,94048,122880.0,107520.0,13472.0,12.529761904761905,28832.0,23.463541666666668,validated_reflection,/home/yj3616/workspace/phd-research/research-notes/max-resource-sweep-20260928/reflection-sweep-20261001/cases/ch1/c64-k4/gpt_decode_block/9c61c0cb5a6429c1f7eb/design.json,d125d028315a4306622aad91e4ca285a67fe6b776a1b6ae0fb9645de54767776,"Three-start orientation coordinate search, at most eight passes per start; exact template sizing for each orientation under certified requirements; not global optimum."
gpt_decode_block,64,1,1,8 × 8,rotation_and_reflection,79328,118784.0,103936.0,24608.0,23.676108374384235,39456.0,33.216594827586206,validated_reflection,/home/yj3616/workspace/phd-research/research-notes/max-resource-sweep-20260928/reflection-sweep-20261001/cases/ch1/c64-k1/gpt_decode_block/102b898175a4380ba106/design.json,d1dfdaa8a7335ec45927443a7d32f84a240ee91d6d635b107beb0f697ab8ffb0,"Three-start orientation coordinate search, at most eight passes per start; exact template sizing for each orientation under certified requirements; not global optimum."
gpt_decode_block,128,16,1,8 × 16,rotation_and_reflection,,,,,,,,not_computed,,,
gpt_decode_block,128,4,1,8 × 16,rotation_and_reflection,144992,253952.0,230144.0,85152.0,36.99944382647386,108960.0,42.905745967741936,validated_reflection,/home/yj3616/workspace/phd-research/research-notes/max-resource-sweep-20260928/reflection-sweep-20261001/cases/ch1/c128-k4/gpt_decode_block/4d4f96ec43725ee8614e/design.json,f8a9af9e8167900f4d1fd89a5261e46df372d31778776a061884cca82986d559,"Three-start orientation coordinate search, at most eight passes per start; exact template sizing for each orientation under certified requirements; not global optimum."
gpt_decode_block,128,1,1,8 × 16,rotation_and_reflection,160544,262144.0,237568.0,77024.0,32.421875,101600.0,38.75732421875,validated_reflection,/home/yj3616/workspace/phd-research/research-notes/max-resource-sweep-20260928/reflection-sweep-20261001/cases/ch1/c128-k1/gpt_decode_block/a06191a7efbfee24d3f0/design.json,8d9056aaad0e62ebf9615822103c68178e1717dcb5976c9c0d3a34700058b62c,"Three-start orientation coordinate search, at most eight passes per start; exact template sizing for each orientation under certified requirements; not global optimum."
gpt_decode_block,256,16,1,16 × 16,rotation_and_reflection,,,,,,,,not_computed,,,
gpt_decode_block,256,4,1,16 × 16,rotation_and_reflection,285056,425984.0,399360.0,114304.0,28.621794871794872,140928.0,33.08293269230769,validated_reflection,/home/yj3616/workspace/phd-research/research-notes/max-resource-sweep-20260928/reflection-sweep-20261001/cases/ch1/c256-k4/gpt_decode_block/ab12ebf04034c597723e/design.json,fa4f8f2cebd51c1368f7010483bc65100587e68e0a7a7343946e692577b689b2,"Three-start orientation coordinate search, at most eight passes per start; exact template sizing for each orientation under certified requirements; not global optimum."
gpt_decode_block,256,1,1,16 × 16,rotation_and_reflection,397024,507904.0,476160.0,79136.0,16.61962365591398,110880.0,21.830897177419356,validated_reflection,/home/yj3616/workspace/phd-research/research-notes/max-resource-sweep-20260928/reflection-sweep-20261001/cases/ch1/c256-k1/gpt_decode_block/8609e30c4c3aa7d6662e/design.json,ddc67b57c1f99cb3fbf3f80801b14b3c92748700933888d19df96889915104b3,"Three-start orientation coordinate search, at most eight passes per start; exact template sizing for each orientation under certified requirements; not global optimum."
gpt_decode_block,512,16,1,16 × 32,rotation_and_reflection,,,,,,,,not_computed,,,
gpt_decode_block,512,4,1,16 × 32,rotation_and_reflection,,,,,,,,not_computed,,,
gpt_decode_block,512,1,1,16 × 32,rotation_and_reflection,638048,1048576.0,999424.0,361376.0,36.15842725409836,410528.0,39.1510009765625,validated_reflection,/home/yj3616/workspace/phd-research/research-notes/max-resource-sweep-20260928/reflection-sweep-20261001/cases/ch1/c512-k1/gpt_decode_block/cde9adbe88dde5635561/design.json,c9a1156466f32019505e91edf705074710c80b15bf5504af103d93cdbdcf9bdd,"Three-start orientation coordinate search, at most eight passes per start; exact template sizing for each orientation under certified requirements; not global optimum."
gpt_decode_block,1024,16,1,32 × 32,rotation_and_reflection,,,,,,,,not_computed,,,
gpt_decode_block,1024,4,1,32 × 32,rotation_and_reflection,,,,,,,,not_computed,,,
gpt_decode_block,1024,1,1,32 × 32,rotation_and_reflection,798656,1245184.0,1206272.0,407616.0,33.79138370118846,446528.0,35.860402960526315,validated_reflection,/home/yj3616/workspace/phd-research/research-notes/max-resource-sweep-20260928/reflection-sweep-20261001/cases/ch1/c1024-k1/gpt_decode_block/cf3c21565489c5dc0942/design.json,ccfc2f03f903a9cd33f1c7ca7de073be413538239060746501640e98fbba99d3,"Three-start orientation coordinate search, at most eight passes per start; exact template sizing for each orientation under certified requirements; not global optimum."
